seed123_S0_quality_step8000 0 0 0 0.8651335469912738
seed123_S0_quality_step8000 0 0 1 0.12089190201368183
seed123_S0_quality_step8000 0 0 2 0.10227652499452233
seed123_S0_quality_step8000 0 0 3 0.09213065903168172
seed123_S0_quality_step8000 0 0 4 0.09905555000295863
seed123_S0_quality_step8000 0 0 5 0.09489684499567375
seed123_S0_quality_step8000 0 0 6 0.09501544100930914
seed123_S0_quality_step8000 0 0 7 0.09662803099490702
seed123_S0_quality_step8000 0 0 8 0.0981432170374319
seed123_S0_quality_step8000 0 0 9 0.09250436298316345
seed123_S0_quality_step8000 0 1 0 0.09674646897474304
seed123_S0_quality_step8000 0 1 1 0.09079907496925443
seed123_S0_quality_step8000 0 1 2 0.09292296296916902
seed123_S0_quality_step8000 0 1 3 0.11406544898636639
seed123_S0_quality_step8000 0 1 4 0.09804510895628482
seed123_S0_quality_step8000 0 1 5 0.09611251699971035
seed123_S0_quality_step8000 0 1 6 0.10237617505481467
seed123_S0_quality_step8000 0 1 7 0.09555653401184827
seed123_S0_quality_step8000 0 1 8 0.09443774697137997
seed123_S0_quality_step8000 0 1 9 0.09956679702736437
seed123_S0_quality_step8000 0 2 0 0.09283395303646103
seed123_S0_quality_step8000 0 2 1 0.09580800496041775
seed123_S0_quality_step8000 0 2 2 0.09166383696720004
seed123_S0_quality_step8000 0 2 3 0.09696972399251536
seed123_S0_quality_step8000 0 2 4 0.09222797496477142
seed123_S0_quality_step8000 0 2 5 0.09257768298266456
seed123_S0_quality_step8000 0 2 6 0.09418575599556789
seed123_S0_quality_step8000 0 2 7 0.09494853299111128
seed123_S0_quality_step8000 0 2 8 0.09109781601000577
seed123_S0_quality_step8000 0 2 9 0.09346116200322285
seed123_S0_quality_step8000 0 3 0 0.09594188100891188
seed123_S0_quality_step8000 0 3 1 0.09713190403999761
seed123_S0_quality_step8000 0 3 2 0.1024819269659929
seed123_S0_quality_step8000 0 3 3 0.10134828998707235
seed123_S0_quality_step8000 0 3 4 0.09329100500326604
seed123_S0_quality_step8000 0 3 5 0.09921141801169142
seed123_S0_quality_step8000 0 3 6 0.0963634549989365
seed123_S0_quality_step8000 0 3 7 0.09605143003864214
seed123_S0_quality_step8000 0 3 8 0.09280872496310622
seed123_S0_quality_step8000 0 3 9 0.09337198099819943
seed123_S0_quality_step8000 0 4 0 0.09125502599636093
seed123_S0_quality_step8000 0 4 1 0.088644027011469
seed123_S0_quality_step8000 0 4 2 0.09261041495483369
seed123_S0_quality_step8000 0 4 3 0.09102634899318218
seed123_S0_quality_step8000 0 4 4 0.10855954798171297
seed123_S0_quality_step8000 0 4 5 0.0991055549820885
seed123_S0_quality_step8000 0 4 6 0.09952276200056076
seed123_S0_quality_step8000 0 4 7 0.10940536396810785
seed123_S0_quality_step8000 0 4 8 0.0973202949971892
seed123_S0_quality_step8000 0 4 9 0.0938001680187881
seed123_S0_quality_step8000 0 5 0 0.11147206299938262
seed123_S0_quality_step8000 0 5 1 0.09553049399983138
seed123_S0_quality_step8000 0 5 2 0.10147844901075587
seed123_S0_quality_step8000 0 5 3 0.09303798200562596
seed123_S0_quality_step8000 0 5 4 0.09578872798010707
seed123_S0_quality_step8000 0 5 5 0.0949115909752436
seed123_S0_quality_step8000 0 5 6 0.09888600499834865
seed123_S0_quality_step8000 0 5 7 0.09544061298947781
seed123_S0_quality_step8000 0 5 8 0.09626282297540456
seed123_S0_quality_step8000 0 5 9 0.10033071599900723
seed123_S0_quality_step8000 0 6 0 0.1029890250065364
seed123_S0_quality_step8000 0 6 1 0.1060209380229935
seed123_S0_quality_step8000 0 6 2 0.1067727140034549
seed123_S0_quality_step8000 0 6 3 0.0999759979895316
seed123_S0_quality_step8000 0 6 4 0.09849369601579383
seed123_S0_quality_step8000 0 6 5 0.0944276069640182
seed123_S0_quality_step8000 0 6 6 0.09755836799740791
seed123_S0_quality_step8000 0 6 7 0.09591038001235574
seed123_S0_quality_step8000 0 6 8 0.09692742401966825
seed123_S0_quality_step8000 0 6 9 0.0939577590324916
seed123_S0_quality_step8000 0 7 0 0.0941635329509154
seed123_S0_quality_step8000 0 7 1 0.09798151697032154
seed123_S0_quality_step8000 0 7 2 0.09334128099726513
seed123_S0_quality_step8000 0 7 3 0.09402185201179236
seed123_S0_quality_step8000 0 7 4 0.09440190700115636
seed123_S0_quality_step8000 0 7 5 0.09539222001330927
seed123_S0_quality_step8000 0 7 6 0.09794206102378666
seed123_S0_quality_step8000 0 7 7 0.10076909296913072
seed123_S0_quality_step8000 0 7 8 0.09592156001599506
seed123_S0_quality_step8000 0 7 9 0.09106281900312752
seed123_S0_quality_step8000 0 8 0 0.09076336497673765
seed123_S0_quality_step8000 0 8 1 0.09271134802838787
seed123_S0_quality_step8000 0 8 2 0.09370427404064685
seed123_S0_quality_step8000 0 8 3 0.09175485000014305
seed123_S0_quality_step8000 0 8 4 0.09346334397559986
seed123_S0_quality_step8000 0 8 5 0.09555229498073459
seed123_S0_quality_step8000 0 8 6 0.09524838498327881
seed123_S0_quality_step8000 0 8 7 0.09186713502276689
seed123_S0_quality_step8000 0 8 8 0.0927835950278677
seed123_S0_quality_step8000 0 8 9 0.10859092697501183
seed123_S0_quality_step8000 0 9 0 0.09627711999928579
seed123_S0_quality_step8000 0 9 1 0.10318735399050638
seed123_S0_quality_step8000 0 9 2 0.09750292199896649
seed123_S0_quality_step8000 0 9 3 0.09557390701957047
seed123_S0_quality_step8000 0 9 4 0.09379191201878712
seed123_S0_quality_step8000 0 9 5 0.09442861896241084
seed123_S0_quality_step8000 0 9 6 0.09158107696566731
seed123_S0_quality_step8000 0 9 7 0.09186286601470783
seed123_S0_quality_step8000 0 9 8 0.08879547502147034
seed123_S0_quality_step8000 0 9 9 0.09094198700040579
seed123_S0_quality_step8000 6 0 0 0.13735442300094292
seed123_S0_quality_step8000 6 0 1 0.13796975900186226
seed123_S0_quality_step8000 6 0 2 0.14336799300508574
seed123_S0_quality_step8000 6 0 3 0.14496483403490856
seed123_S0_quality_step8000 6 0 4 0.16227341396734118
seed123_S0_quality_step8000 6 0 5 0.15915492601925507
seed123_S0_quality_step8000 6 0 6 0.15209102898370475
seed123_S0_quality_step8000 6 0 7 0.14853547600796446
seed123_S0_quality_step8000 6 0 8 0.14525459799915552
seed123_S0_quality_step8000 6 0 9 0.14556774601805955
seed123_S0_quality_step8000 6 1 0 0.14435836399206892
seed123_S0_quality_step8000 6 1 1 0.1492522950284183
seed123_S0_quality_step8000 6 1 2 0.14657836698461324
seed123_S0_quality_step8000 6 1 3 0.16837050300091505
seed123_S0_quality_step8000 6 1 4 0.1718198029557243
seed123_S0_quality_step8000 6 1 5 0.15779755299445242
seed123_S0_quality_step8000 6 1 6 0.15473722497699782
seed123_S0_quality_step8000 6 1 7 0.1530245720059611
seed123_S0_quality_step8000 6 1 8 0.15086329297628254
seed123_S0_quality_step8000 6 1 9 0.14698977203806862
seed123_S0_quality_step8000 6 2 0 0.14596839103614911
seed123_S0_quality_step8000 6 2 1 0.15370853897184134
seed123_S0_quality_step8000 6 2 2 0.15249414998106658
seed123_S0_quality_step8000 6 2 3 0.14993643196066841
seed123_S0_quality_step8000 6 2 4 0.15075535594951361
seed123_S0_quality_step8000 6 2 5 0.14931522501865402
seed123_S0_quality_step8000 6 2 6 0.15524443303002045
seed123_S0_quality_step8000 6 2 7 0.14668023999547586
seed123_S0_quality_step8000 6 2 8 0.1480597360059619
seed123_S0_quality_step8000 6 2 9 0.14636973798042163
seed123_S0_quality_step8000 6 3 0 0.14843587495852262
seed123_S0_quality_step8000 6 3 1 0.15449004102265462
seed123_S0_quality_step8000 6 3 2 0.14554794697323814
seed123_S0_quality_step8000 6 3 3 0.13785085099516436
seed123_S0_quality_step8000 6 3 4 0.14281319099245593
seed123_S0_quality_step8000 6 3 5 0.1453315939870663
seed123_S0_quality_step8000 6 3 6 0.1459000600152649
seed123_S0_quality_step8000 6 3 7 0.15009981399634853
seed123_S0_quality_step8000 6 3 8 0.1508920170017518
seed123_S0_quality_step8000 6 3 9 0.14899370999773964
seed123_S0_quality_step8000 6 4 0 0.14917504601180553
seed123_S0_quality_step8000 6 4 1 0.16114658903097734
seed123_S0_quality_step8000 6 4 2 0.16936477198032662
seed123_S0_quality_step8000 6 4 3 0.1453716589603573
seed123_S0_quality_step8000 6 4 4 0.1580652819829993
seed123_S0_quality_step8000 6 4 5 0.14904903603019193
seed123_S0_quality_step8000 6 4 6 0.14570065797306597
seed123_S0_quality_step8000 6 4 7 0.15119828202296048
seed123_S0_quality_step8000 6 4 8 0.15002944803563878
seed123_S0_quality_step8000 6 4 9 0.1495059080189094
seed123_S0_quality_step8000 6 5 0 0.14971998595865443
seed123_S0_quality_step8000 6 5 1 0.16536114201880991
seed123_S0_quality_step8000 6 5 2 0.1679578020120971
seed123_S0_quality_step8000 6 5 3 0.16004401299869642
seed123_S0_quality_step8000 6 5 4 0.15792390203569084
seed123_S0_quality_step8000 6 5 5 0.15100724599324167
seed123_S0_quality_step8000 6 5 6 0.14861588703934103
seed123_S0_quality_step8000 6 5 7 0.1408944750437513
seed123_S0_quality_step8000 6 5 8 0.14269686897750944
seed123_S0_quality_step8000 6 5 9 0.1443686630227603
seed123_S0_quality_step8000 6 6 0 0.15446222701575607
seed123_S0_quality_step8000 6 6 1 0.14368725998792797
seed123_S0_quality_step8000 6 6 2 0.1511012659757398
seed123_S0_quality_step8000 6 6 3 0.14689194300444797
seed123_S0_quality_step8000 6 6 4 0.14661480399081483
seed123_S0_quality_step8000 6 6 5 0.1437318850075826
seed123_S0_quality_step8000 6 6 6 0.153953816043213
seed123_S0_quality_step8000 6 6 7 0.14204369997605681
seed123_S0_quality_step8000 6 6 8 0.14228253695182502
seed123_S0_quality_step8000 6 6 9 0.14454438799293712
seed123_S0_quality_step8000 6 7 0 0.1477357849944383
seed123_S0_quality_step8000 6 7 1 0.14485558297019452
seed123_S0_quality_step8000 6 7 2 0.1532457729917951
seed123_S0_quality_step8000 6 7 3 0.1492562210187316
seed123_S0_quality_step8000 6 7 4 0.14697598398197442
seed123_S0_quality_step8000 6 7 5 0.14417857897933573
seed123_S0_quality_step8000 6 7 6 0.14176115998998284
seed123_S0_quality_step8000 6 7 7 0.15145516098709777
seed123_S0_quality_step8000 6 7 8 0.13826535100815818
seed123_S0_quality_step8000 6 7 9 0.1427407520241104
seed123_S0_quality_step8000 6 8 0 0.14324781100731343
seed123_S0_quality_step8000 6 8 1 0.15631305298302323
seed123_S0_quality_step8000 6 8 2 0.15848274802556261
seed123_S0_quality_step8000 6 8 3 0.16553232702426612
seed123_S0_quality_step8000 6 8 4 0.16978908004239202
seed123_S0_quality_step8000 6 8 5 0.150646576017607
seed123_S0_quality_step8000 6 8 6 0.14761856099357828
seed123_S0_quality_step8000 6 8 7 0.14883345196722075
seed123_S0_quality_step8000 6 8 8 0.14307244500378147
seed123_S0_quality_step8000 6 8 9 0.14857254404341802
seed123_S0_quality_step8000 6 9 0 0.1389463910018094
seed123_S0_quality_step8000 6 9 1 0.14512661995831877
seed123_S0_quality_step8000 6 9 2 0.1465116359759122
seed123_S0_quality_step8000 6 9 3 0.15982846898259595
seed123_S0_quality_step8000 6 9 4 0.14950873202178627
seed123_S0_quality_step8000 6 9 5 0.15657440200448036
seed123_S0_quality_step8000 6 9 6 0.1615359100396745
seed123_S0_quality_step8000 6 9 7 0.15397461398970336
seed123_S0_quality_step8000 6 9 8 0.14971160900313407
seed123_S0_quality_step8000 6 9 9 0.1491945720044896
seed123_S0_quality_step8000 9 0 0 0.0519023549859412
seed123_S0_quality_step8000 9 0 1 0.043667370977345854
seed123_S0_quality_step8000 9 0 2 0.04424206801922992
seed123_S0_quality_step8000 9 0 3 0.04550070402910933
seed123_S0_quality_step8000 9 0 4 0.0467549609602429
seed123_S0_quality_step8000 9 0 5 0.04518629296217114
seed123_S0_quality_step8000 9 0 6 0.04550800798460841
seed123_S0_quality_step8000 9 0 7 0.045096770976670086
seed123_S0_quality_step8000 9 0 8 0.046364454028662294
seed123_S0_quality_step8000 9 0 9 0.04572208703029901
seed123_S0_quality_step8000 9 1 0 0.04532042902428657
seed123_S0_quality_step8000 9 1 1 0.043855130032170564
seed123_S0_quality_step8000 9 1 2 0.0448017279850319
seed123_S0_quality_step8000 9 1 3 0.04513288097223267
seed123_S0_quality_step8000 9 1 4 0.04458232905017212
seed123_S0_quality_step8000 9 1 5 0.04443568899296224
seed123_S0_quality_step8000 9 1 6 0.046906379982829094
seed123_S0_quality_step8000 9 1 7 0.04423139902064577
seed123_S0_quality_step8000 9 1 8 0.04347519401926547
seed123_S0_quality_step8000 9 1 9 0.04615126602584496
seed123_S0_quality_step8000 9 2 0 0.05029350001132116
seed123_S0_quality_step8000 9 2 1 0.04343137005344033
seed123_S0_quality_step8000 9 2 2 0.042816144006792456
seed123_S0_quality_step8000 9 2 3 0.04317733400966972
seed123_S0_quality_step8000 9 2 4 0.043987992976326495
seed123_S0_quality_step8000 9 2 5 0.04322700895136222
seed123_S0_quality_step8000 9 2 6 0.04311019700253382
seed123_S0_quality_step8000 9 2 7 0.0424936679773964
seed123_S0_quality_step8000 9 2 8 0.04329402698203921
seed123_S0_quality_step8000 9 2 9 0.04225303902057931
seed123_S0_quality_step8000 9 3 0 0.04380607604980469
seed123_S0_quality_step8000 9 3 1 0.04802469600690529
seed123_S0_quality_step8000 9 3 2 0.04569547501159832
seed123_S0_quality_step8000 9 3 3 0.04427949001546949
seed123_S0_quality_step8000 9 3 4 0.043349032988771796
seed123_S0_quality_step8000 9 3 5 0.045860922022257
seed123_S0_quality_step8000 9 3 6 0.04570557497208938
seed123_S0_quality_step8000 9 3 7 0.04480117704952136
seed123_S0_quality_step8000 9 3 8 0.043742314039263874
seed123_S0_quality_step8000 9 3 9 0.04384212504373863
seed123_S0_quality_step8000 9 4 0 0.044165091996546835
seed123_S0_quality_step8000 9 4 1 0.04348780802683905
seed123_S0_quality_step8000 9 4 2 0.0435370709747076
seed123_S0_quality_step8000 9 4 3 0.04432951600756496
seed123_S0_quality_step8000 9 4 4 0.044274481013417244
seed123_S0_quality_step8000 9 4 5 0.0448645279975608
seed123_S0_quality_step8000 9 4 6 0.04423381300875917
seed123_S0_quality_step8000 9 4 7 0.04409408604260534
seed123_S0_quality_step8000 9 4 8 0.04506135400151834
seed123_S0_quality_step8000 9 4 9 0.04494886996690184
seed123_S0_quality_step8000 9 5 0 0.04446498496690765
seed123_S0_quality_step8000 9 5 1 0.045092633983585984
seed123_S0_quality_step8000 9 5 2 0.04327568196458742
seed123_S0_quality_step8000 9 5 3 0.04174167104065418
seed123_S0_quality_step8000 9 5 4 0.041355444001965225
seed123_S0_quality_step8000 9 5 5 0.04314591397996992
seed123_S0_quality_step8000 9 5 6 0.04174651100765914
seed123_S0_quality_step8000 9 5 7 0.041324373974930495
seed123_S0_quality_step8000 9 5 8 0.04142210999270901
seed123_S0_quality_step8000 9 5 9 0.0455708879744634
seed123_S0_quality_step8000 9 6 0 0.05304352496750653
seed123_S0_quality_step8000 9 6 1 0.05387083505047485
seed123_S0_quality_step8000 9 6 2 0.05745666701113805
seed123_S0_quality_step8000 9 6 3 0.04155964404344559
seed123_S0_quality_step8000 9 6 4 0.042678632016759366
seed123_S0_quality_step8000 9 6 5 0.04677660099696368
seed123_S0_quality_step8000 9 6 6 0.05009872902883217
seed123_S0_quality_step8000 9 6 7 0.05173884198302403
seed123_S0_quality_step8000 9 6 8 0.04607482999563217
seed123_S0_quality_step8000 9 6 9 0.05091304401867092
seed123_S0_quality_step8000 9 7 0 0.04323380196001381
seed123_S0_quality_step8000 9 7 1 0.04178430302999914
seed123_S0_quality_step8000 9 7 2 0.04144948394969106
seed123_S0_quality_step8000 9 7 3 0.04202459298539907
seed123_S0_quality_step8000 9 7 4 0.044459193013608456
seed123_S0_quality_step8000 9 7 5 0.04466665897052735
seed123_S0_quality_step8000 9 7 6 0.047166986973024905
seed123_S0_quality_step8000 9 7 7 0.04959922400303185
seed123_S0_quality_step8000 9 7 8 0.0478123200009577
seed123_S0_quality_step8000 9 7 9 0.050572804000694305
seed123_S0_quality_step8000 9 8 0 0.05457647400908172
seed123_S0_quality_step8000 9 8 1 0.05008504295255989
seed123_S0_quality_step8000 9 8 2 0.05058759200619534
seed123_S0_quality_step8000 9 8 3 0.0492148200282827
seed123_S0_quality_step8000 9 8 4 0.04748551599914208
seed123_S0_quality_step8000 9 8 5 0.04694037401350215
seed123_S0_quality_step8000 9 8 6 0.04629714402835816
seed123_S0_quality_step8000 9 8 7 0.044218653987627476
seed123_S0_quality_step8000 9 8 8 0.04477475699968636
seed123_S0_quality_step8000 9 8 9 0.042725772014819086
seed123_S0_quality_step8000 9 9 0 0.041663831972982734
seed123_S0_quality_step8000 9 9 1 0.042028269032016397
seed123_S0_quality_step8000 9 9 2 0.04114002198912203
seed123_S0_quality_step8000 9 9 3 0.0420036920113489
seed123_S0_quality_step8000 9 9 4 0.041298104042652994
seed123_S0_quality_step8000 9 9 5 0.04160226497333497
seed123_S0_quality_step8000 9 9 6 0.043487566988915205
seed123_S0_quality_step8000 9 9 7 0.04149748495547101
seed123_S0_quality_step8000 9 9 8 0.041563831036910415
seed123_S0_quality_step8000 9 9 9 0.04183382703922689
seed123_S0_quality_step8000 12 0 0 0.4654996889876202
seed123_S0_quality_step8000 12 0 1 0.4466974060051143
seed123_S0_quality_step8000 12 0 2 0.42964053800096735
seed123_S0_quality_step8000 12 0 3 0.45401040802244097
seed123_S0_quality_step8000 12 0 4 0.4566361340112053
seed123_S0_quality_step8000 12 0 5 0.44927062100032344
seed123_S0_quality_step8000 12 0 6 0.43618696299381554
seed123_S0_quality_step8000 12 0 7 0.4273203519987874
seed123_S0_quality_step8000 12 0 8 0.4852805699920282
seed123_S0_quality_step8000 12 0 9 0.43762012996012345
seed123_S0_quality_step8000 12 1 0 0.41842767101479694
seed123_S0_quality_step8000 12 1 1 0.4566534539917484
seed123_S0_quality_step8000 12 1 2 0.4396864779992029
seed123_S0_quality_step8000 12 1 3 0.44401513697812334
seed123_S0_quality_step8000 12 1 4 0.43463463499210775
seed123_S0_quality_step8000 12 1 5 0.48190791299566627
seed123_S0_quality_step8000 12 1 6 0.4592698219930753
seed123_S0_quality_step8000 12 1 7 0.45571562001714483
seed123_S0_quality_step8000 12 1 8 0.485944373998791
seed123_S0_quality_step8000 12 1 9 0.45855952298734337
seed123_S0_quality_step8000 12 2 0 0.4597665990004316
seed123_S0_quality_step8000 12 2 1 0.45126668899320066
seed123_S0_quality_step8000 12 2 2 0.4379068430280313
seed123_S0_quality_step8000 12 2 3 0.4422915409668349
seed123_S0_quality_step8000 12 2 4 0.4836729210219346
seed123_S0_quality_step8000 12 2 5 0.4761399800190702
seed123_S0_quality_step8000 12 2 6 0.4609767989604734
seed123_S0_quality_step8000 12 2 7 0.507149504031986
seed123_S0_quality_step8000 12 2 8 0.4617403659503907
seed123_S0_quality_step8000 12 2 9 0.45773233799263835
seed123_S0_quality_step8000 12 3 0 0.4480149630107917
seed123_S0_quality_step8000 12 3 1 0.4508738339645788
seed123_S0_quality_step8000 12 3 2 0.44639253203058615
seed123_S0_quality_step8000 12 3 3 0.43939638399751857
seed123_S0_quality_step8000 12 3 4 0.4389681759639643
seed123_S0_quality_step8000 12 3 5 0.43959540396463126
seed123_S0_quality_step8000 12 3 6 0.43629213399253786
seed123_S0_quality_step8000 12 3 7 0.4619442130206153
seed123_S0_quality_step8000 12 3 8 0.44632214499870315
seed123_S0_quality_step8000 12 3 9 0.459848026977852
seed123_S0_quality_step8000 12 4 0 0.4631173530360684
seed123_S0_quality_step8000 12 4 1 0.44684158702148125
seed123_S0_quality_step8000 12 4 2 0.4463648259988986
seed123_S0_quality_step8000 12 4 3 0.4473832110525109
seed123_S0_quality_step8000 12 4 4 0.4514662309666164
seed123_S0_quality_step8000 12 4 5 0.4545639389543794
seed123_S0_quality_step8000 12 4 6 0.4579936310183257
seed123_S0_quality_step8000 12 4 7 0.45067732204915956
seed123_S0_quality_step8000 12 4 8 0.4447413720190525
seed123_S0_quality_step8000 12 4 9 0.4739106110064313
seed123_S0_quality_step8000 12 5 0 0.4619288090034388
seed123_S0_quality_step8000 12 5 1 0.5110203609801829
seed123_S0_quality_step8000 12 5 2 0.43593580700689927
seed123_S0_quality_step8000 12 5 3 0.4830794860026799
seed123_S0_quality_step8000 12 5 4 0.44539535901276395
seed123_S0_quality_step8000 12 5 5 0.4709588289842941
seed123_S0_quality_step8000 12 5 6 0.44236054096836597
seed123_S0_quality_step8000 12 5 7 0.45919110503746197
seed123_S0_quality_step8000 12 5 8 0.4369308559689671
seed123_S0_quality_step8000 12 5 9 0.4361883479868993
seed123_S0_quality_step8000 12 6 0 0.42879441002151
seed123_S0_quality_step8000 12 6 1 0.45535626797936857
seed123_S0_quality_step8000 12 6 2 0.46837202401366085
seed123_S0_quality_step8000 12 6 3 0.4567413830081932
seed123_S0_quality_step8000 12 6 4 0.4468864139635116
seed123_S0_quality_step8000 12 6 5 0.4509955949615687
seed123_S0_quality_step8000 12 6 6 0.475239904015325
seed123_S0_quality_step8000 12 6 7 0.44753050396684557
seed123_S0_quality_step8000 12 6 8 0.44476819498231634
seed123_S0_quality_step8000 12 6 9 0.4395772179705091
seed123_S0_quality_step8000 12 7 0 0.4907867749570869
seed123_S0_quality_step8000 12 7 1 0.44201072701252997
seed123_S0_quality_step8000 12 7 2 0.4371331479633227
seed123_S0_quality_step8000 12 7 3 0.45168402703711763
seed123_S0_quality_step8000 12 7 4 0.4587124250247143
seed123_S0_quality_step8000 12 7 5 0.4490086539881304
seed123_S0_quality_step8000 12 7 6 0.4842321500182152
seed123_S0_quality_step8000 12 7 7 0.45825094101019204
seed123_S0_quality_step8000 12 7 8 0.4307841049740091
seed123_S0_quality_step8000 12 7 9 0.43391341296955943
seed123_S0_quality_step8000 12 8 0 0.4836163319996558
seed123_S0_quality_step8000 12 8 1 0.44488108600489795
seed123_S0_quality_step8000 12 8 2 0.45269758999347687
seed123_S0_quality_step8000 12 8 3 0.45369351195404306
seed123_S0_quality_step8000 12 8 4 0.4449146200204268
seed123_S0_quality_step8000 12 8 5 0.46315845497883856
seed123_S0_quality_step8000 12 8 6 0.4785946359625086
seed123_S0_quality_step8000 12 8 7 0.45289506495464593
seed123_S0_quality_step8000 12 8 8 0.4609072220046073
seed123_S0_quality_step8000 12 8 9 0.4915832389960997
seed123_S0_quality_step8000 12 9 0 0.47428135399241
seed123_S0_quality_step8000 12 9 1 0.44502575998194516
seed123_S0_quality_step8000 12 9 2 0.44439676799811423
seed123_S0_quality_step8000 12 9 3 0.4443374940310605
seed123_S0_quality_step8000 12 9 4 0.4753971039899625
seed123_S0_quality_step8000 12 9 5 0.43987423699581996
seed123_S0_quality_step8000 12 9 6 0.44786112499423325
seed123_S0_quality_step8000 12 9 7 0.44027899904176593
seed123_S0_quality_step8000 12 9 8 0.4505224580061622
seed123_S0_quality_step8000 12 9 9 0.45729982695775107
seed123_S0_quality_step8000 18 0 0 0.11573755700374022
seed123_S0_quality_step8000 18 0 1 0.10441710101440549
seed123_S0_quality_step8000 18 0 2 0.09868411702336743
seed123_S0_quality_step8000 18 0 3 0.1089154040091671
seed123_S0_quality_step8000 18 0 4 0.10602956998627633
seed123_S0_quality_step8000 18 0 5 0.11306663497816771
seed123_S0_quality_step8000 18 0 6 0.11458571703406051
seed123_S0_quality_step8000 18 0 7 0.10936383000807837
seed123_S0_quality_step8000 18 0 8 0.1111061000265181
seed123_S0_quality_step8000 18 0 9 0.11170491296797991
seed123_S0_quality_step8000 18 1 0 0.1134373220265843
seed123_S0_quality_step8000 18 1 1 0.11316314898431301
seed123_S0_quality_step8000 18 1 2 0.10334910999517888
seed123_S0_quality_step8000 18 1 3 0.10278288699919358
seed123_S0_quality_step8000 18 1 4 0.10011028102599084
seed123_S0_quality_step8000 18 1 5 0.10104222100926563
seed123_S0_quality_step8000 18 1 6 0.10545024398015812
seed123_S0_quality_step8000 18 1 7 0.09832246601581573
seed123_S0_quality_step8000 18 1 8 0.10075153596699238
seed123_S0_quality_step8000 18 1 9 0.09527142700972036
seed123_S0_quality_step8000 18 2 0 0.09748249099357054
seed123_S0_quality_step8000 18 2 1 0.09538718697149307
seed123_S0_quality_step8000 18 2 2 0.09627316996920854
seed123_S0_quality_step8000 18 2 3 0.10350158100482076
seed123_S0_quality_step8000 18 2 4 0.11683161900145933
seed123_S0_quality_step8000 18 2 5 0.10668129601981491
seed123_S0_quality_step8000 18 2 6 0.11282112495973706
seed123_S0_quality_step8000 18 2 7 0.10792529198806733
seed123_S0_quality_step8000 18 2 8 0.1076872079866007
seed123_S0_quality_step8000 18 2 9 0.10863448702730238
seed123_S0_quality_step8000 18 3 0 0.11171790701337159
seed123_S0_quality_step8000 18 3 1 0.11319581198040396
seed123_S0_quality_step8000 18 3 2 0.1103353250073269
seed123_S0_quality_step8000 18 3 3 0.1154887120355852
seed123_S0_quality_step8000 18 3 4 0.11412609898252413
seed123_S0_quality_step8000 18 3 5 0.11333185201510787
seed123_S0_quality_step8000 18 3 6 0.11295502097345889
seed123_S0_quality_step8000 18 3 7 0.11281308898469433
seed123_S0_quality_step8000 18 3 8 0.11262222594814375
seed123_S0_quality_step8000 18 3 9 0.11665178398834541
seed123_S0_quality_step8000 18 4 0 0.11768344498705119
seed123_S0_quality_step8000 18 4 1 0.10869530297350138
seed123_S0_quality_step8000 18 4 2 0.10850794496946037
seed123_S0_quality_step8000 18 4 3 0.10639687202638015
seed123_S0_quality_step8000 18 4 4 0.10462303197709844
seed123_S0_quality_step8000 18 4 5 0.1075981569592841
seed123_S0_quality_step8000 18 4 6 0.10441178799374029
seed123_S0_quality_step8000 18 4 7 0.10395024699391797
seed123_S0_quality_step8000 18 4 8 0.10323325701756403
seed123_S0_quality_step8000 18 4 9 0.1044054469675757
seed123_S0_quality_step8000 18 5 0 0.10364276997279376
seed123_S0_quality_step8000 18 5 1 0.11058117600623518
seed123_S0_quality_step8000 18 5 2 0.10697086801519617
seed123_S0_quality_step8000 18 5 3 0.10672009800327942
seed123_S0_quality_step8000 18 5 4 0.1060655289911665
seed123_S0_quality_step8000 18 5 5 0.11085616104537621
seed123_S0_quality_step8000 18 5 6 0.11318709299666807
seed123_S0_quality_step8000 18 5 7 0.10982633399544284
seed123_S0_quality_step8000 18 5 8 0.10487614601152018
seed123_S0_quality_step8000 18 5 9 0.10539829399203882
seed123_S0_quality_step8000 18 6 0 0.10179448797134683
seed123_S0_quality_step8000 18 6 1 0.10088690498378128
seed123_S0_quality_step8000 18 6 2 0.10584280197508633
seed123_S0_quality_step8000 18 6 3 0.10462671902496368
seed123_S0_quality_step8000 18 6 4 0.11271209601545706
seed123_S0_quality_step8000 18 6 5 0.11273358803009614
seed123_S0_quality_step8000 18 6 6 0.1138342900085263
seed123_S0_quality_step8000 18 6 7 0.1071088410099037
seed123_S0_quality_step8000 18 6 8 0.1085416090209037
seed123_S0_quality_step8000 18 6 9 0.10562046803534031
seed123_S0_quality_step8000 18 7 0 0.10449020803207532
seed123_S0_quality_step8000 18 7 1 0.1042460820171982
seed123_S0_quality_step8000 18 7 2 0.10326455597532913
seed123_S0_quality_step8000 18 7 3 0.10608515504281968
seed123_S0_quality_step8000 18 7 4 0.10277067398419604
seed123_S0_quality_step8000 18 7 5 0.10197165701538324
seed123_S0_quality_step8000 18 7 6 0.10242590395500883
seed123_S0_quality_step8000 18 7 7 0.10553386301035061
seed123_S0_quality_step8000 18 7 8 0.10974232299486175
seed123_S0_quality_step8000 18 7 9 0.1040545059950091
seed123_S0_quality_step8000 18 8 0 0.11108447698643431
seed123_S0_quality_step8000 18 8 1 0.12006359099177644
seed123_S0_quality_step8000 18 8 2 0.10941392503445968
seed123_S0_quality_step8000 18 8 3 0.10638094996102154
seed123_S0_quality_step8000 18 8 4 0.10520508396439254
seed123_S0_quality_step8000 18 8 5 0.10362376301782206
seed123_S0_quality_step8000 18 8 6 0.10805189301026985
seed123_S0_quality_step8000 18 8 7 0.11168786900816485
seed123_S0_quality_step8000 18 8 8 0.1047593429684639
seed123_S0_quality_step8000 18 8 9 0.10356544103706256
seed123_S0_quality_step8000 18 9 0 0.10192972596269101
seed123_S0_quality_step8000 18 9 1 0.10172332200454548
seed123_S0_quality_step8000 18 9 2 0.10990520403720438
seed123_S0_quality_step8000 18 9 3 0.10410247696563601
seed123_S0_quality_step8000 18 9 4 0.11968772299587727
seed123_S0_quality_step8000 18 9 5 0.11260038299951702
seed123_S0_quality_step8000 18 9 6 0.10255241597769782
seed123_S0_quality_step8000 18 9 7 0.10618453496135771
seed123_S0_quality_step8000 18 9 8 0.105078011052683
seed123_S0_quality_step8000 18 9 9 0.10475758899701759
seed123_S0_quality_step8000 22 0 0 0.01661648601293564
seed123_S0_quality_step8000 22 0 1 0.015471868973691016
seed123_S0_quality_step8000 22 0 2 0.015597819001413882
seed123_S0_quality_step8000 22 0 3 0.01553120301105082
seed123_S0_quality_step8000 22 0 4 0.015572041040286422
seed123_S0_quality_step8000 22 0 5 0.015721325995400548
seed123_S0_quality_step8000 22 0 6 0.016087514988612384
seed123_S0_quality_step8000 22 0 7 0.01590093900449574
seed123_S0_quality_step8000 22 0 8 0.016737857018597424
seed123_S0_quality_step8000 22 0 9 0.0212584639666602
seed123_S0_quality_step8000 22 1 0 0.02081592899048701
seed123_S0_quality_step8000 22 1 1 0.015633788018021733
seed123_S0_quality_step8000 22 1 2 0.016043420997448266
seed123_S0_quality_step8000 22 1 3 0.015892282011918724
seed123_S0_quality_step8000 22 1 4 0.016425020003225654
seed123_S0_quality_step8000 22 1 5 0.016565668978728354
seed123_S0_quality_step8000 22 1 6 0.018958620028570294
seed123_S0_quality_step8000 22 1 7 0.02164359000744298
seed123_S0_quality_step8000 22 1 8 0.017014165001455694
seed123_S0_quality_step8000 22 1 9 0.020431023032870144
seed123_S0_quality_step8000 22 2 0 0.019208047015126795
seed123_S0_quality_step8000 22 2 1 0.016894366999622434
seed123_S0_quality_step8000 22 2 2 0.016740572988055646
seed123_S0_quality_step8000 22 2 3 0.01665344601497054
seed123_S0_quality_step8000 22 2 4 0.016645210038404912
seed123_S0_quality_step8000 22 2 5 0.01670580601785332
seed123_S0_quality_step8000 22 2 6 0.01681609795195982
seed123_S0_quality_step8000 22 2 7 0.01679267198778689
seed123_S0_quality_step8000 22 2 8 0.01672532397788018
seed123_S0_quality_step8000 22 2 9 0.01667332398938015
seed123_S0_quality_step8000 22 3 0 0.016630491998512298
seed123_S0_quality_step8000 22 3 1 0.016982033965177834
seed123_S0_quality_step8000 22 3 2 0.017121309996582568
seed123_S0_quality_step8000 22 3 3 0.017195391992572695
seed123_S0_quality_step8000 22 3 4 0.016985401045531034
seed123_S0_quality_step8000 22 3 5 0.017106932995375246
seed123_S0_quality_step8000 22 3 6 0.016891330014914274
seed123_S0_quality_step8000 22 3 7 0.017050534021109343
seed123_S0_quality_step8000 22 3 8 0.017139765026513487
seed123_S0_quality_step8000 22 3 9 0.017225378018338233
seed123_S0_quality_step8000 22 4 0 0.017014897020999342
seed123_S0_quality_step8000 22 4 1 0.016923211980611086
seed123_S0_quality_step8000 22 4 2 0.016677923034876585
seed123_S0_quality_step8000 22 4 3 0.017303217959124595
seed123_S0_quality_step8000 22 4 4 0.016171053983271122
seed123_S0_quality_step8000 22 4 5 0.016342262038961053
seed123_S0_quality_step8000 22 4 6 0.01865484000882134
seed123_S0_quality_step8000 22 4 7 0.01660404197173193
seed123_S0_quality_step8000 22 4 8 0.016529959975741804
seed123_S0_quality_step8000 22 4 9 0.016389661992434412
seed123_S0_quality_step8000 22 5 0 0.016253852983936667
seed123_S0_quality_step8000 22 5 1 0.018301054020412266
seed123_S0_quality_step8000 22 5 2 0.021508381993044168
seed123_S0_quality_step8000 22 5 3 0.01860874198609963
seed123_S0_quality_step8000 22 5 4 0.018836016999557614
seed123_S0_quality_step8000 22 5 5 0.01759752002544701
seed123_S0_quality_step8000 22 5 6 0.01675223500933498
seed123_S0_quality_step8000 22 5 7 0.017612257972359657
seed123_S0_quality_step8000 22 5 8 0.018638918991200626
seed123_S0_quality_step8000 22 5 9 0.018462962994817644
seed123_S0_quality_step8000 22 6 0 0.018148191971704364
seed123_S0_quality_step8000 22 6 1 0.01772510400041938
seed123_S0_quality_step8000 22 6 2 0.017473612970206887
seed123_S0_quality_step8000 22 6 3 0.017565758957061917
seed123_S0_quality_step8000 22 6 4 0.017292567994445562
seed123_S0_quality_step8000 22 6 5 0.017646242980845273
seed123_S0_quality_step8000 22 6 6 0.02269709197571501
seed123_S0_quality_step8000 22 6 7 0.02025799301918596
seed123_S0_quality_step8000 22 6 8 0.01638709695544094
seed123_S0_quality_step8000 22 6 9 0.01621825498295948
seed123_S0_quality_step8000 22 7 0 0.01697622297797352
seed123_S0_quality_step8000 22 7 1 0.0176191910286434
seed123_S0_quality_step8000 22 7 2 0.017703351972158998
seed123_S0_quality_step8000 22 7 3 0.01739026402356103
seed123_S0_quality_step8000 22 7 4 0.01709225500235334
seed123_S0_quality_step8000 22 7 5 0.01780322298873216
seed123_S0_quality_step8000 22 7 6 0.019806118973065168
seed123_S0_quality_step8000 22 7 7 0.017198237008415163
seed123_S0_quality_step8000 22 7 8 0.016559405950829387
seed123_S0_quality_step8000 22 7 9 0.016026047989726067
seed123_S0_quality_step8000 22 8 0 0.015842105960473418
seed123_S0_quality_step8000 22 8 1 0.01584435102995485
seed123_S0_quality_step8000 22 8 2 0.015786720032338053
seed123_S0_quality_step8000 22 8 3 0.015827036986593157
seed123_S0_quality_step8000 22 8 4 0.01588291401276365
seed123_S0_quality_step8000 22 8 5 0.015893174044322222
seed123_S0_quality_step8000 22 8 6 0.015965341997798532
seed123_S0_quality_step8000 22 8 7 0.01584870897931978
seed123_S0_quality_step8000 22 8 8 0.015955381968524307
seed123_S0_quality_step8000 22 8 9 0.01592701900517568
seed123_S0_quality_step8000 22 9 0 0.01585176499793306
seed123_S0_quality_step8000 22 9 1 0.016119787003844976
seed123_S0_quality_step8000 22 9 2 0.015839891973882914
seed123_S0_quality_step8000 22 9 3 0.0157064069644548
seed123_S0_quality_step8000 22 9 4 0.015697320050094277
seed123_S0_quality_step8000 22 9 5 0.017992425011470914
seed123_S0_quality_step8000 22 9 6 0.015880959981586784
seed123_S0_quality_step8000 22 9 7 0.01586445898283273
seed123_S0_quality_step8000 22 9 8 0.015782792994286865
seed123_S0_quality_step8000 22 9 9 0.01566665095742792
seed123_S0_quality_step8000 24 0 0 0.018165103974752128
seed123_S0_quality_step8000 24 0 1 0.01799330598441884
seed123_S0_quality_step8000 24 0 2 0.017857316008303314
seed123_S0_quality_step8000 24 0 3 0.017541633977089077
seed123_S0_quality_step8000 24 0 4 0.018266358005348593
seed123_S0_quality_step8000 24 0 5 0.021525223972275853
seed123_S0_quality_step8000 24 0 6 0.018046236014924943
seed123_S0_quality_step8000 24 0 7 0.01782761001959443
seed123_S0_quality_step8000 24 0 8 0.017966535000596195
seed123_S0_quality_step8000 24 0 9 0.017988987965509295
seed123_S0_quality_step8000 24 1 0 0.017954581999219954
seed123_S0_quality_step8000 24 1 1 0.01765394798712805
seed123_S0_quality_step8000 24 1 2 0.017678806034382433
seed123_S0_quality_step8000 24 1 3 0.0176714810077101
seed123_S0_quality_step8000 24 1 4 0.017604612978175282
seed123_S0_quality_step8000 24 1 5 0.017770981008652598
seed123_S0_quality_step8000 24 1 6 0.017616146011278033
seed123_S0_quality_step8000 24 1 7 0.01853360905079171
seed123_S0_quality_step8000 24 1 8 0.019315151032060385
seed123_S0_quality_step8000 24 1 9 0.020093970000743866
seed123_S0_quality_step8000 24 2 0 0.018148311995901167
seed123_S0_quality_step8000 24 2 1 0.018126751005183905
seed123_S0_quality_step8000 24 2 2 0.018269534048158675
seed123_S0_quality_step8000 24 2 3 0.018052429019007832
seed123_S0_quality_step8000 24 2 4 0.02287608402548358
seed123_S0_quality_step8000 24 2 5 0.01911536999978125
seed123_S0_quality_step8000 24 2 6 0.020268513006158173
seed123_S0_quality_step8000 24 2 7 0.020715997961815447
seed123_S0_quality_step8000 24 2 8 0.01842812600079924
seed123_S0_quality_step8000 24 2 9 0.018296655034646392
seed123_S0_quality_step8000 24 3 0 0.018218225974123925
seed123_S0_quality_step8000 24 3 1 0.018089478951878846
seed123_S0_quality_step8000 24 3 2 0.01815823098877445
seed123_S0_quality_step8000 24 3 3 0.019684137019794434
seed123_S0_quality_step8000 24 3 4 0.018246951047331095
seed123_S0_quality_step8000 24 3 5 0.018118425039574504
seed123_S0_quality_step8000 24 3 6 0.018135938968043774
seed123_S0_quality_step8000 24 3 7 0.01814390398794785
seed123_S0_quality_step8000 24 3 8 0.0178975029848516
seed123_S0_quality_step8000 24 3 9 0.01753841695608571
seed123_S0_quality_step8000 24 4 0 0.01759583700913936
seed123_S0_quality_step8000 24 4 1 0.019310973002575338
seed123_S0_quality_step8000 24 4 2 0.019131700973957777
seed123_S0_quality_step8000 24 4 3 0.021055836987216026
seed123_S0_quality_step8000 24 4 4 0.018094861006829888
seed123_S0_quality_step8000 24 4 5 0.017438786977436393
seed123_S0_quality_step8000 24 4 6 0.018961696012411267
seed123_S0_quality_step8000 24 4 7 0.0180440730182454
seed123_S0_quality_step8000 24 4 8 0.020323186996392906
seed123_S0_quality_step8000 24 4 9 0.01918145501986146
seed123_S0_quality_step8000 24 5 0 0.02181057899724692
seed123_S0_quality_step8000 24 5 1 0.01813128899084404
seed123_S0_quality_step8000 24 5 2 0.018007853999733925
seed123_S0_quality_step8000 24 5 3 0.01791890402091667
seed123_S0_quality_step8000 24 5 4 0.017871403018943965
seed123_S0_quality_step8000 24 5 5 0.018048450991045684
seed123_S0_quality_step8000 24 5 6 0.01791736000450328
seed123_S0_quality_step8000 24 5 7 0.01709669199772179
seed123_S0_quality_step8000 24 5 8 0.017857576021924615
seed123_S0_quality_step8000 24 5 9 0.0183079470298253
seed123_S0_quality_step8000 24 6 0 0.018645561998710036
seed123_S0_quality_step8000 24 6 1 0.018278670962899923
seed123_S0_quality_step8000 24 6 2 0.019026489986572415
seed123_S0_quality_step8000 24 6 3 0.018206011969596148
seed123_S0_quality_step8000 24 6 4 0.018278350005857646
seed123_S0_quality_step8000 24 6 5 0.018172056996263564
seed123_S0_quality_step8000 24 6 6 0.018335318949539214
seed123_S0_quality_step8000 24 6 7 0.017696088005322963
seed123_S0_quality_step8000 24 6 8 0.018253513029776514
seed123_S0_quality_step8000 24 6 9 0.01828691700939089
seed123_S0_quality_step8000 24 7 0 0.018204740015789866
seed123_S0_quality_step8000 24 7 1 0.019027561997063458
seed123_S0_quality_step8000 24 7 2 0.02265390899265185
seed123_S0_quality_step8000 24 7 3 0.02160300296964124
seed123_S0_quality_step8000 24 7 4 0.018013363995123655
seed123_S0_quality_step8000 24 7 5 0.01806436199694872
seed123_S0_quality_step8000 24 7 6 0.018010779982432723
seed123_S0_quality_step8000 24 7 7 0.017223255010321736
seed123_S0_quality_step8000 24 7 8 0.017940424964763224
seed123_S0_quality_step8000 24 7 9 0.018284302030224353
seed123_S0_quality_step8000 24 8 0 0.018137000035494566
seed123_S0_quality_step8000 24 8 1 0.018404662027023733
seed123_S0_quality_step8000 24 8 2 0.0183153209509328
seed123_S0_quality_step8000 24 8 3 0.01825974602252245
seed123_S0_quality_step8000 24 8 4 0.018173901014961302
seed123_S0_quality_step8000 24 8 5 0.01813208102248609
seed123_S0_quality_step8000 24 8 6 0.018096143030561507
seed123_S0_quality_step8000 24 8 7 0.017964240978471935
seed123_S0_quality_step8000 24 8 8 0.018042139010503888
seed123_S0_quality_step8000 24 8 9 0.01813195098657161
seed123_S0_quality_step8000 24 9 0 0.017940174031537026
seed123_S0_quality_step8000 24 9 1 0.017870771000161767
seed123_S0_quality_step8000 24 9 2 0.018081134010571986
seed123_S0_quality_step8000 24 9 3 0.0180374410119839
seed123_S0_quality_step8000 24 9 4 0.01794546499149874
seed123_S0_quality_step8000 24 9 5 0.017971404013223946
seed123_S0_quality_step8000 24 9 6 0.01907072396716103
seed123_S0_quality_step8000 24 9 7 0.018963559006806463
seed123_S0_quality_step8000 24 9 8 0.020641284994781017
seed123_S0_quality_step8000 24 9 9 0.01810049102641642
seed123_S0_quality_step8000 30 0 0 0.029582547955214977
seed123_S0_quality_step8000 30 0 1 0.029091269010677934
seed123_S0_quality_step8000 30 0 2 0.029276953951921314
seed123_S0_quality_step8000 30 0 3 0.03210778196807951
seed123_S0_quality_step8000 30 0 4 0.03146535297855735
seed123_S0_quality_step8000 30 0 5 0.03179444302804768
seed123_S0_quality_step8000 30 0 6 0.031212039990350604
seed123_S0_quality_step8000 30 0 7 0.030648905027192086
seed123_S0_quality_step8000 30 0 8 0.030066521023400128
seed123_S0_quality_step8000 30 0 9 0.03092752699740231
seed123_S0_quality_step8000 30 1 0 0.028872791037429124
seed123_S0_quality_step8000 30 1 1 0.028882339014671743
seed123_S0_quality_step8000 30 1 2 0.028656538983341306
seed123_S0_quality_step8000 30 1 3 0.031378669023979455
seed123_S0_quality_step8000 30 1 4 0.028750338009558618
seed123_S0_quality_step8000 30 1 5 0.028330855013336986
seed123_S0_quality_step8000 30 1 6 0.02868268801830709
seed123_S0_quality_step8000 30 1 7 0.0282171189901419
seed123_S0_quality_step8000 30 1 8 0.02822134696180001
seed123_S0_quality_step8000 30 1 9 0.028357216040603817
seed123_S0_quality_step8000 30 2 0 0.028318863012827933
seed123_S0_quality_step8000 30 2 1 0.028550795977935195
seed123_S0_quality_step8000 30 2 2 0.02838837495073676
seed123_S0_quality_step8000 30 2 3 0.028648862964473665
seed123_S0_quality_step8000 30 2 4 0.028549364011269063
seed123_S0_quality_step8000 30 2 5 0.028359420015476644
seed123_S0_quality_step8000 30 2 6 0.028216837032232434
seed123_S0_quality_step8000 30 2 7 0.028203773021232337
seed123_S0_quality_step8000 30 2 8 0.02819215098861605
seed123_S0_quality_step8000 30 2 9 0.03026997100096196
seed123_S0_quality_step8000 30 3 0 0.028711111983284354
seed123_S0_quality_step8000 30 3 1 0.028225455025676638
seed123_S0_quality_step8000 30 3 2 0.028186139010358602
seed123_S0_quality_step8000 30 3 3 0.028585532039869577
seed123_S0_quality_step8000 30 3 4 0.028627893014345318
seed123_S0_quality_step8000 30 3 5 0.028355733957141638
seed123_S0_quality_step8000 30 3 6 0.02855248801643029
seed123_S0_quality_step8000 30 3 7 0.02816203300608322
seed123_S0_quality_step8000 30 3 8 0.02841258200351149
seed123_S0_quality_step8000 30 3 9 0.029849134967662394
seed123_S0_quality_step8000 30 4 0 0.029065829992759973
seed123_S0_quality_step8000 30 4 1 0.02908914495492354
seed123_S0_quality_step8000 30 4 2 0.029728534980677068
seed123_S0_quality_step8000 30 4 3 0.028836251993197948
seed123_S0_quality_step8000 30 4 4 0.030605611973442137
seed123_S0_quality_step8000 30 4 5 0.029676956997718662
seed123_S0_quality_step8000 30 4 6 0.03304457099875435
seed123_S0_quality_step8000 30 4 7 0.033455607015639544
seed123_S0_quality_step8000 30 4 8 0.028475221013650298
seed123_S0_quality_step8000 30 4 9 0.028435966989491135
seed123_S0_quality_step8000 30 5 0 0.03015741502167657
seed123_S0_quality_step8000 30 5 1 0.033282606047578156
seed123_S0_quality_step8000 30 5 2 0.03125182702206075
seed123_S0_quality_step8000 30 5 3 0.03348565299529582
seed123_S0_quality_step8000 30 5 4 0.030910944973584265
seed123_S0_quality_step8000 30 5 5 0.02952829300193116
seed123_S0_quality_step8000 30 5 6 0.030653282010462135
seed123_S0_quality_step8000 30 5 7 0.03150364803150296
seed123_S0_quality_step8000 30 5 8 0.03210626798681915
seed123_S0_quality_step8000 30 5 9 0.03207210201071575
seed123_S0_quality_step8000 30 6 0 0.029340254026465118
seed123_S0_quality_step8000 30 6 1 0.02829217101680115
seed123_S0_quality_step8000 30 6 2 0.028210214979480952
seed123_S0_quality_step8000 30 6 3 0.02832656801911071
seed123_S0_quality_step8000 30 6 4 0.028314894007053226
seed123_S0_quality_step8000 30 6 5 0.028166841948404908
seed123_S0_quality_step8000 30 6 6 0.028406098950654268
seed123_S0_quality_step8000 30 6 7 0.02838928601704538
seed123_S0_quality_step8000 30 6 8 0.02818954602116719
seed123_S0_quality_step8000 30 6 9 0.02827757300110534
seed123_S0_quality_step8000 30 7 0 0.028202690999023616
seed123_S0_quality_step8000 30 7 1 0.028056721959728748
seed123_S0_quality_step8000 30 7 2 0.028127797006163746
seed123_S0_quality_step8000 30 7 3 0.02891043300041929
seed123_S0_quality_step8000 30 7 4 0.028198984044138342
seed123_S0_quality_step8000 30 7 5 0.02823680598521605
seed123_S0_quality_step8000 30 7 6 0.028156381973531097
seed123_S0_quality_step8000 30 7 7 0.028305838000960648
seed123_S0_quality_step8000 30 7 8 0.03076560702174902
seed123_S0_quality_step8000 30 7 9 0.028541767969727516
seed123_S0_quality_step8000 30 8 0 0.02854615799151361
seed123_S0_quality_step8000 30 8 1 0.028650105989072472
seed123_S0_quality_step8000 30 8 2 0.028601762023754418
seed123_S0_quality_step8000 30 8 3 0.028879483987111598
seed123_S0_quality_step8000 30 8 4 0.02906715200515464
seed123_S0_quality_step8000 30 8 5 0.02919883403228596
seed123_S0_quality_step8000 30 8 6 0.029315766994841397
seed123_S0_quality_step8000 30 8 7 0.03030004701577127
seed123_S0_quality_step8000 30 8 8 0.029178435041103512
seed123_S0_quality_step8000 30 8 9 0.029105916037224233
seed123_S0_quality_step8000 30 9 0 0.02917928696842864
seed123_S0_quality_step8000 30 9 1 0.029192752030212432
seed123_S0_quality_step8000 30 9 2 0.028833206044510007
seed123_S0_quality_step8000 30 9 3 0.029229411971755326
seed123_S0_quality_step8000 30 9 4 0.029050250013824552
seed123_S0_quality_step8000 30 9 5 0.02867034397786483
seed123_S0_quality_step8000 30 9 6 0.0290316540049389
seed123_S0_quality_step8000 30 9 7 0.02878688700729981
seed123_S0_quality_step8000 30 9 8 0.03041109995683655
seed123_S0_quality_step8000 30 9 9 0.030588958994485438
seed123_S0_quality_step8000 33 0 0 0.007389116974081844
seed123_S0_quality_step8000 33 0 1 0.006432669993955642
seed123_S0_quality_step8000 33 0 2 0.006372934964019805
seed123_S0_quality_step8000 33 0 3 0.006403983978088945
seed123_S0_quality_step8000 33 0 4 0.006361932959407568
seed123_S0_quality_step8000 33 0 5 0.006332749035209417
seed123_S0_quality_step8000 33 0 6 0.006360682018566877
seed123_S0_quality_step8000 33 0 7 0.0063545809825882316
seed123_S0_quality_step8000 33 0 8 0.006370510964188725
seed123_S0_quality_step8000 33 0 9 0.006322159024421126
seed123_S0_quality_step8000 33 1 0 0.006335704994853586
seed123_S0_quality_step8000 33 1 1 0.006339991989079863
seed123_S0_quality_step8000 33 1 2 0.0063109370530582964
seed123_S0_quality_step8000 33 1 3 0.006276250001974404
seed123_S0_quality_step8000 33 1 4 0.006319934036582708
seed123_S0_quality_step8000 33 1 5 0.006297511979937553
seed123_S0_quality_step8000 33 1 6 0.006339981977362186
seed123_S0_quality_step8000 33 1 7 0.006310926983132958
seed123_S0_quality_step8000 33 1 8 0.0063095149816945195
seed123_S0_quality_step8000 33 1 9 0.0062925120000727475
seed123_S0_quality_step8000 33 2 0 0.006301139015704393
seed123_S0_quality_step8000 33 2 1 0.006281470996327698
seed123_S0_quality_step8000 33 2 2 0.006314212980214506
seed123_S0_quality_step8000 33 2 3 0.006313492020126432
seed123_S0_quality_step8000 33 2 4 0.006320264947135001
seed123_S0_quality_step8000 33 2 5 0.006303492991719395
seed123_S0_quality_step8000 33 2 6 0.006303834030404687
seed123_S0_quality_step8000 33 2 7 0.006297131010796875
seed123_S0_quality_step8000 33 2 8 0.006598156003747135
seed123_S0_quality_step8000 33 2 9 0.006296087987720966
seed123_S0_quality_step8000 33 3 0 0.006594558013603091
seed123_S0_quality_step8000 33 3 1 0.00628678104840219
seed123_S0_quality_step8000 33 3 2 0.00673947500763461
seed123_S0_quality_step8000 33 3 3 0.006309274001978338
seed123_S0_quality_step8000 33 3 4 0.00646298797801137
seed123_S0_quality_step8000 33 3 5 0.006493415974546224
seed123_S0_quality_step8000 33 3 6 0.0065055390004999936
seed123_S0_quality_step8000 33 3 7 0.007130982994567603
seed123_S0_quality_step8000 33 3 8 0.0072051959577947855
seed123_S0_quality_step8000 33 3 9 0.0069226049818098545
seed123_S0_quality_step8000 33 4 0 0.0062844769563525915
seed123_S0_quality_step8000 33 4 1 0.006466013030149043
seed123_S0_quality_step8000 33 4 2 0.007088061945978552
seed123_S0_quality_step8000 33 4 3 0.006296970008406788
seed123_S0_quality_step8000 33 4 4 0.00652254099259153
seed123_S0_quality_step8000 33 4 5 0.00641767104389146
seed123_S0_quality_step8000 33 4 6 0.006454541988205165
seed123_S0_quality_step8000 33 4 7 0.006651367002632469
seed123_S0_quality_step8000 33 4 8 0.006763963028788567
seed123_S0_quality_step8000 33 4 9 0.006291800003964454
seed123_S0_quality_step8000 33 5 0 0.006748943007551134
seed123_S0_quality_step8000 33 5 1 0.006428813037928194
seed123_S0_quality_step8000 33 5 2 0.006952221971005201
seed123_S0_quality_step8000 33 5 3 0.00670332700246945
seed123_S0_quality_step8000 33 5 4 0.00706619000993669
seed123_S0_quality_step8000 33 5 5 0.006659282022155821
seed123_S0_quality_step8000 33 5 6 0.006283233989961445
seed123_S0_quality_step8000 33 5 7 0.006309174001216888
seed123_S0_quality_step8000 33 5 8 0.006653812015429139
seed123_S0_quality_step8000 33 5 9 0.007105133030563593
seed123_S0_quality_step8000 33 6 0 0.006951952003873885
seed123_S0_quality_step8000 33 6 1 0.006883361027576029
seed123_S0_quality_step8000 33 6 2 0.006301399029325694
seed123_S0_quality_step8000 33 6 3 0.006160810007713735
seed123_S0_quality_step8000 33 6 4 0.006194595014676452
seed123_S0_quality_step8000 33 6 5 0.006164036050904542
seed123_S0_quality_step8000 33 6 6 0.006158144969958812
seed123_S0_quality_step8000 33 6 7 0.006158987001981586
seed123_S0_quality_step8000 33 6 8 0.006122796970885247
seed123_S0_quality_step8000 33 6 9 0.006131745001766831
seed123_S0_quality_step8000 33 7 0 0.006310215045232326
seed123_S0_quality_step8000 33 7 1 0.006389967980794609
seed123_S0_quality_step8000 33 7 2 0.006851751008071005
seed123_S0_quality_step8000 33 7 3 0.007036884024273604
seed123_S0_quality_step8000 33 7 4 0.006262163980863988
seed123_S0_quality_step8000 33 7 5 0.006772688997443765
seed123_S0_quality_step8000 33 7 6 0.006489538005553186
seed123_S0_quality_step8000 33 7 7 0.006609397009015083
seed123_S0_quality_step8000 33 7 8 0.006309824006166309
seed123_S0_quality_step8000 33 7 9 0.006352626020088792
seed123_S0_quality_step8000 33 8 0 0.0062792059616185725
seed123_S0_quality_step8000 33 8 1 0.006332889024633914
seed123_S0_quality_step8000 33 8 2 0.006320515007246286
seed123_S0_quality_step8000 33 8 3 0.006334982987027615
seed123_S0_quality_step8000 33 8 4 0.23815952899167314
seed123_S0_quality_step8000 33 8 5 0.00649349601007998
seed123_S0_quality_step8000 33 8 6 0.006342407024931163
seed123_S0_quality_step8000 33 8 7 0.0062851180555298924
seed123_S0_quality_step8000 33 8 8 0.006912946992088109
seed123_S0_quality_step8000 33 8 9 0.00627571897348389
seed123_S0_quality_step8000 33 9 0 0.006300848035607487
seed123_S0_quality_step8000 33 9 1 0.006332077027764171
seed123_S0_quality_step8000 33 9 2 0.006303453003056347
seed123_S0_quality_step8000 33 9 3 0.006329091964289546
seed123_S0_quality_step8000 33 9 4 0.006341645028442144
seed123_S0_quality_step8000 33 9 5 0.0063633969984948635
seed123_S0_quality_step8000 33 9 6 0.006322208035271615
seed123_S0_quality_step8000 33 9 7 0.006395247997716069
seed123_S0_quality_step8000 33 9 8 0.006322998960968107
seed123_S0_quality_step8000 33 9 9 0.006306207971647382
seed123_S0_quality_step8000 36 0 0 0.006891867029480636
seed123_S0_quality_step8000 36 0 1 0.006657028046902269
seed123_S0_quality_step8000 36 0 2 0.006826983008068055
seed123_S0_quality_step8000 36 0 3 0.006825059012044221
seed123_S0_quality_step8000 36 0 4 0.0075429099961183965
seed123_S0_quality_step8000 36 0 5 0.007225614972412586
seed123_S0_quality_step8000 36 0 6 0.006706001004204154
seed123_S0_quality_step8000 36 0 7 0.006644183013122529
seed123_S0_quality_step8000 36 0 8 0.006670754984952509
seed123_S0_quality_step8000 36 0 9 0.006640446023084223
seed123_S0_quality_step8000 36 1 0 0.0068864760105498135
seed123_S0_quality_step8000 36 1 1 0.006847320997621864
seed123_S0_quality_step8000 36 1 2 0.0068207510048523545
seed123_S0_quality_step8000 36 1 3 0.006847512035164982
seed123_S0_quality_step8000 36 1 4 0.006807976053096354
seed123_S0_quality_step8000 36 1 5 0.006871398014482111
seed123_S0_quality_step8000 36 1 6 0.006863703019917011
seed123_S0_quality_step8000 36 1 7 0.006851610029116273
seed123_S0_quality_step8000 36 1 8 0.006844085990451276
seed123_S0_quality_step8000 36 1 9 0.00684140098746866
seed123_S0_quality_step8000 36 2 0 0.006630847987253219
seed123_S0_quality_step8000 36 2 1 0.006673861003946513
seed123_S0_quality_step8000 36 2 2 0.006603454996366054
seed123_S0_quality_step8000 36 2 3 0.006803918979130685
seed123_S0_quality_step8000 36 2 4 0.006675563985481858
seed123_S0_quality_step8000 36 2 5 0.0066553649958223104
seed123_S0_quality_step8000 36 2 6 0.006705641048029065
seed123_S0_quality_step8000 36 2 7 0.006639664992690086
seed123_S0_quality_step8000 36 2 8 0.006610187992919236
seed123_S0_quality_step8000 36 2 9 0.006591162993572652
seed123_S0_quality_step8000 36 3 0 0.006858413049485534
seed123_S0_quality_step8000 36 3 1 0.006787587015423924
seed123_S0_quality_step8000 36 3 2 0.006818275956902653
seed123_S0_quality_step8000 36 3 3 0.0067425009910948575
seed123_S0_quality_step8000 36 3 4 0.006820461014285684
seed123_S0_quality_step8000 36 3 5 0.006761377968359739
seed123_S0_quality_step8000 36 3 6 0.0067843119613826275
seed123_S0_quality_step8000 36 3 7 0.006764712976291776
seed123_S0_quality_step8000 36 3 8 0.006846891017630696
seed123_S0_quality_step8000 36 3 9 0.0067960540181957185
seed123_S0_quality_step8000 36 4 0 0.006834166997577995
seed123_S0_quality_step8000 36 4 1 0.006787097023334354
seed123_S0_quality_step8000 36 4 2 0.006803166994359344
seed123_S0_quality_step8000 36 4 3 0.006914260040502995
seed123_S0_quality_step8000 36 4 4 0.007021353987511247
seed123_S0_quality_step8000 36 4 5 0.006793778971768916
seed123_S0_quality_step8000 36 4 6 0.0068489149562083185
seed123_S0_quality_step8000 36 4 7 0.006800972972996533
seed123_S0_quality_step8000 36 4 8 0.006841239985078573
seed123_S0_quality_step8000 36 4 9 0.006799680995754898
seed123_S0_quality_step8000 36 5 0 0.00684989697765559
seed123_S0_quality_step8000 36 5 1 0.006782788026612252
seed123_S0_quality_step8000 36 5 2 0.007230143004562706
seed123_S0_quality_step8000 36 5 3 0.006787858030293137
seed123_S0_quality_step8000 36 5 4 0.006819950009230524
seed123_S0_quality_step8000 36 5 5 0.006967961962800473
seed123_S0_quality_step8000 36 5 6 0.010218513023573905
seed123_S0_quality_step8000 36 5 7 0.008606041956227273
seed123_S0_quality_step8000 36 5 8 0.007495921046938747
seed123_S0_quality_step8000 36 5 9 0.008043535985052586
seed123_S0_quality_step8000 36 6 0 0.00831666897283867
seed123_S0_quality_step8000 36 6 1 0.008507121994625777
seed123_S0_quality_step8000 36 6 2 0.006841549999080598
seed123_S0_quality_step8000 36 6 3 0.0067336150095798075
seed123_S0_quality_step8000 36 6 4 0.006659462989773601
seed123_S0_quality_step8000 36 6 5 0.006667238019872457
seed123_S0_quality_step8000 36 6 6 0.006647599977441132
seed123_S0_quality_step8000 36 6 7 0.0066100480034947395
seed123_S0_quality_step8000 36 6 8 0.008761259028688073
seed123_S0_quality_step8000 36 6 9 0.008882319030817598
seed123_S0_quality_step8000 36 7 0 0.006675873999483883
seed123_S0_quality_step8000 36 7 1 0.006594999984372407
seed123_S0_quality_step8000 36 7 2 0.006666094996035099
seed123_S0_quality_step8000 36 7 3 0.00662776199169457
seed123_S0_quality_step8000 36 7 4 0.006543661002069712
seed123_S0_quality_step8000 36 7 5 0.006550695048645139
seed123_S0_quality_step8000 36 7 6 0.006562416965607554
seed123_S0_quality_step8000 36 7 7 0.006566424970515072
seed123_S0_quality_step8000 36 7 8 0.006535756983794272
seed123_S0_quality_step8000 36 7 9 0.006605740985833108
seed123_S0_quality_step8000 36 8 0 0.006887950003147125
seed123_S0_quality_step8000 36 8 1 0.006845208001323044
seed123_S0_quality_step8000 36 8 2 0.0076772369793616235
seed123_S0_quality_step8000 36 8 3 0.006791925989091396
seed123_S0_quality_step8000 36 8 4 0.006787587015423924
seed123_S0_quality_step8000 36 8 5 0.006754384026862681
seed123_S0_quality_step8000 36 8 6 0.006916825019288808
seed123_S0_quality_step8000 36 8 7 0.007015112030785531
seed123_S0_quality_step8000 36 8 8 0.007210374984424561
seed123_S0_quality_step8000 36 8 9 0.007748583040665835
seed123_S0_quality_step8000 36 9 0 0.007369328988716006
seed123_S0_quality_step8000 36 9 1 0.007157695014029741
seed123_S0_quality_step8000 36 9 2 0.007001426012720913
seed123_S0_quality_step8000 36 9 3 0.007883080979809165
seed123_S0_quality_step8000 36 9 4 0.007370250998064876
seed123_S0_quality_step8000 36 9 5 0.007129711040761322
seed123_S0_quality_step8000 36 9 6 0.0071960779605433345
seed123_S0_quality_step8000 36 9 7 0.007283015002030879
seed123_S0_quality_step8000 36 9 8 0.007087931036949158
seed123_S0_quality_step8000 36 9 9 0.007121265050955117
seed123_S0_quality_step8000 40 0 0 0.006182312034070492
seed123_S0_quality_step8000 40 0 1 0.006226144963875413
seed123_S0_quality_step8000 40 0 2 0.0056398240267299116
seed123_S0_quality_step8000 40 0 3 0.004243606992531568
seed123_S0_quality_step8000 40 0 4 0.004093130002729595
seed123_S0_quality_step8000 40 0 5 0.004153174988459796
seed123_S0_quality_step8000 40 0 6 0.0040570610435679555
seed123_S0_quality_step8000 40 0 7 0.0040718489908613265
seed123_S0_quality_step8000 40 0 8 0.0039809049922041595
seed123_S0_quality_step8000 40 0 9 0.004094050964340568
seed123_S0_quality_step8000 40 1 0 0.003999241045676172
seed123_S0_quality_step8000 40 1 1 0.003992077021393925
seed123_S0_quality_step8000 40 1 2 0.0040124860242940485
seed123_S0_quality_step8000 40 1 3 0.00398713699541986
seed123_S0_quality_step8000 40 1 4 0.0039784410037100315
seed123_S0_quality_step8000 40 1 5 0.003957341017667204
seed123_S0_quality_step8000 40 1 6 0.003988559008575976
seed123_S0_quality_step8000 40 1 7 0.003981958026997745
seed123_S0_quality_step8000 40 1 8 0.003944384981878102
seed123_S0_quality_step8000 40 1 9 0.00398144603241235
seed123_S0_quality_step8000 40 2 0 0.004102598002646118
seed123_S0_quality_step8000 40 2 1 0.004145851009525359
seed123_S0_quality_step8000 40 2 2 0.004227757977787405
seed123_S0_quality_step8000 40 2 3 0.004189464030787349
seed123_S0_quality_step8000 40 2 4 0.0042267649550922215
seed123_S0_quality_step8000 40 2 5 0.005508122965693474
seed123_S0_quality_step8000 40 2 6 0.005567056010477245
seed123_S0_quality_step8000 40 2 7 0.004857930995058268
seed123_S0_quality_step8000 40 2 8 0.00401319598313421
seed123_S0_quality_step8000 40 2 9 0.004004520014859736
seed123_S0_quality_step8000 40 3 0 0.00401285698171705
seed123_S0_quality_step8000 40 3 1 0.00401144300121814
seed123_S0_quality_step8000 40 3 2 0.004036712984088808
seed123_S0_quality_step8000 40 3 3 0.00400662497850135
seed123_S0_quality_step8000 40 3 4 0.003981777001172304
seed123_S0_quality_step8000 40 3 5 0.004016914987005293
seed123_S0_quality_step8000 40 3 6 0.00399243802530691
seed123_S0_quality_step8000 40 3 7 0.0040994720184244215
seed123_S0_quality_step8000 40 3 8 0.004049716982990503
seed123_S0_quality_step8000 40 3 9 0.004013096971902996
seed123_S0_quality_step8000 40 4 0 0.004030840005725622
seed123_S0_quality_step8000 40 4 1 0.0040139080374501646
seed123_S0_quality_step8000 40 4 2 0.004020992026198655
seed123_S0_quality_step8000 40 4 3 0.004012977005913854
seed123_S0_quality_step8000 40 4 4 0.003999401000328362
seed123_S0_quality_step8000 40 4 5 0.004020500986371189
seed123_S0_quality_step8000 40 4 6 0.004014660022221506
seed123_S0_quality_step8000 40 4 7 0.00403916701907292
seed123_S0_quality_step8000 40 4 8 0.004003288981039077
seed123_S0_quality_step8000 40 4 9 0.004013989004306495
seed123_S0_quality_step8000 40 5 0 0.004032905038911849
seed123_S0_quality_step8000 40 5 1 0.004012566001620144
seed123_S0_quality_step8000 40 5 2 0.004019939980935305
seed123_S0_quality_step8000 40 5 3 0.004059956001583487
seed123_S0_quality_step8000 40 5 4 0.004034166981000453
seed123_S0_quality_step8000 40 5 5 0.004103168961592019
seed123_S0_quality_step8000 40 5 6 0.004130009969230741
seed123_S0_quality_step8000 40 5 7 0.00483757205074653
seed123_S0_quality_step8000 40 5 8 0.0040685629937797785
seed123_S0_quality_step8000 40 5 9 0.004060617997311056
seed123_S0_quality_step8000 40 6 0 0.004058754013385624
seed123_S0_quality_step8000 40 6 1 0.004100343969184905
seed123_S0_quality_step8000 40 6 2 0.0040715180221013725
seed123_S0_quality_step8000 40 6 3 0.004067579982802272
seed123_S0_quality_step8000 40 6 4 0.004072781011927873
seed123_S0_quality_step8000 40 6 5 0.004033286008052528
seed123_S0_quality_step8000 40 6 6 0.004032452998217195
seed123_S0_quality_step8000 40 6 7 0.004050939984153956
seed123_S0_quality_step8000 40 6 8 0.004031622025649995
seed123_S0_quality_step8000 40 6 9 0.004025770991574973
seed123_S0_quality_step8000 40 7 0 0.0039480620180256665
seed123_S0_quality_step8000 40 7 1 0.003917092981282622
seed123_S0_quality_step8000 40 7 2 0.003912635031156242
seed123_S0_quality_step8000 40 7 3 0.003908947983291
seed123_S0_quality_step8000 40 7 4 0.003952371014747769
seed123_S0_quality_step8000 40 7 5 0.003916822955943644
seed123_S0_quality_step8000 40 7 6 0.003925489028915763
seed123_S0_quality_step8000 40 7 7 0.003942092007491738
seed123_S0_quality_step8000 40 7 8 0.004800380964297801
seed123_S0_quality_step8000 40 7 9 0.00439600896788761
seed123_S0_quality_step8000 40 8 0 0.004510546976234764
seed123_S0_quality_step8000 40 8 1 0.004264456976670772
seed123_S0_quality_step8000 40 8 2 0.0039396960055455565
seed123_S0_quality_step8000 40 8 3 0.0039078560075722635
seed123_S0_quality_step8000 40 8 4 0.0039132360252551734
seed123_S0_quality_step8000 40 8 5 0.003917223948519677
seed123_S0_quality_step8000 40 8 6 0.003940208000130951
seed123_S0_quality_step8000 40 8 7 0.003944205993320793
seed123_S0_quality_step8000 40 8 8 0.0039266920066438615
seed123_S0_quality_step8000 40 8 9 0.004456163034774363
seed123_S0_quality_step8000 40 9 0 0.004083731037098914
seed123_S0_quality_step8000 40 9 1 0.0040454380214214325
seed123_S0_quality_step8000 40 9 2 0.003920759947504848
seed123_S0_quality_step8000 40 9 3 0.003921833005733788
seed123_S0_quality_step8000 40 9 4 0.0039389050216414034
seed123_S0_quality_step8000 40 9 5 0.003927001962438226
seed123_S0_quality_step8000 40 9 6 0.003934315987862647
seed123_S0_quality_step8000 40 9 7 0.003949305042624474
seed123_S0_quality_step8000 40 9 8 0.003956638975068927
seed123_S0_quality_step8000 40 9 9 0.003909457998815924
seed123_S0_quality_step8000 47 0 0 0.06945368903689086
seed123_S0_quality_step8000 47 0 1 0.06251303997123614
seed123_S0_quality_step8000 47 0 2 0.061917332001030445
seed123_S0_quality_step8000 47 0 3 0.06303421600023285
seed123_S0_quality_step8000 47 0 4 0.06160973396617919
seed123_S0_quality_step8000 47 0 5 0.06216596701415256
seed123_S0_quality_step8000 47 0 6 0.07369870995171368
seed123_S0_quality_step8000 47 0 7 0.06972451700130478
seed123_S0_quality_step8000 47 0 8 0.06186402001185343
seed123_S0_quality_step8000 47 0 9 0.060823771986179054
seed123_S0_quality_step8000 47 1 0 0.0631871169898659
seed123_S0_quality_step8000 47 1 1 0.06055013003060594
seed123_S0_quality_step8000 47 1 2 0.06152483104960993
seed123_S0_quality_step8000 47 1 3 0.061329148011282086
seed123_S0_quality_step8000 47 1 4 0.06133938702987507
seed123_S0_quality_step8000 47 1 5 0.061064884008374065
seed123_S0_quality_step8000 47 1 6 0.061767495004460216
seed123_S0_quality_step8000 47 1 7 0.06169390497962013
seed123_S0_quality_step8000 47 1 8 0.060791160038206726
seed123_S0_quality_step8000 47 1 9 0.06115682900417596
seed123_S0_quality_step8000 47 2 0 0.06309866800438613
seed123_S0_quality_step8000 47 2 1 0.06428182899253443
seed123_S0_quality_step8000 47 2 2 0.06731824995949864
seed123_S0_quality_step8000 47 2 3 0.06348044803598896
seed123_S0_quality_step8000 47 2 4 0.06448606902267784
seed123_S0_quality_step8000 47 2 5 0.07400092802708969
seed123_S0_quality_step8000 47 2 6 0.05961881997063756
seed123_S0_quality_step8000 47 2 7 0.06069641996873543
seed123_S0_quality_step8000 47 2 8 0.061330870958045125
seed123_S0_quality_step8000 47 2 9 0.06340603600256145
seed123_S0_quality_step8000 47 3 0 0.0643502400489524
seed123_S0_quality_step8000 47 3 1 0.06915236404165626
seed123_S0_quality_step8000 47 3 2 0.06525188195519149
seed123_S0_quality_step8000 47 3 3 0.06444305699551478
seed123_S0_quality_step8000 47 3 4 0.06044782401295379
seed123_S0_quality_step8000 47 3 5 0.06262943299952894
seed123_S0_quality_step8000 47 3 6 0.061185452970676124
seed123_S0_quality_step8000 47 3 7 0.0616806999896653
seed123_S0_quality_step8000 47 3 8 0.06167901499429718
seed123_S0_quality_step8000 47 3 9 0.0642674409900792
seed123_S0_quality_step8000 47 4 0 0.06245049001881853
seed123_S0_quality_step8000 47 4 1 0.06576202699216083
seed123_S0_quality_step8000 47 4 2 0.060860853001940995
seed123_S0_quality_step8000 47 4 3 0.06017259799409658
seed123_S0_quality_step8000 47 4 4 0.060841486032586545
seed123_S0_quality_step8000 47 4 5 0.06077408802229911
seed123_S0_quality_step8000 47 4 6 0.06323407700983807
seed123_S0_quality_step8000 47 4 7 0.060342553013470024
seed123_S0_quality_step8000 47 4 8 0.05990283295977861
seed123_S0_quality_step8000 47 4 9 0.06070599699160084
seed123_S0_quality_step8000 47 5 0 0.06343350798124447
seed123_S0_quality_step8000 47 5 1 0.060374773980583996
seed123_S0_quality_step8000 47 5 2 0.060150114994030446
seed123_S0_quality_step8000 47 5 3 0.06025169900385663
seed123_S0_quality_step8000 47 5 4 0.06037658703280613
seed123_S0_quality_step8000 47 5 5 0.060537395998835564
seed123_S0_quality_step8000 47 5 6 0.060213887016288936
seed123_S0_quality_step8000 47 5 7 0.06046757200965658
seed123_S0_quality_step8000 47 5 8 0.060382127994671464
seed123_S0_quality_step8000 47 5 9 0.06510611402336508
seed123_S0_quality_step8000 47 6 0 0.06434505898505449
seed123_S0_quality_step8000 47 6 1 0.06330552301369607
seed123_S0_quality_step8000 47 6 2 0.06950451602460817
seed123_S0_quality_step8000 47 6 3 0.06668485997943208
seed123_S0_quality_step8000 47 6 4 0.06571543699828908
seed123_S0_quality_step8000 47 6 5 0.06625091104069725
seed123_S0_quality_step8000 47 6 6 0.06852448399877176
seed123_S0_quality_step8000 47 6 7 0.06267659197328612
seed123_S0_quality_step8000 47 6 8 0.06240766798146069
seed123_S0_quality_step8000 47 6 9 0.06543263699859381
seed123_S0_quality_step8000 47 7 0 0.07211692800046876
seed123_S0_quality_step8000 47 7 1 0.06789065297925845
seed123_S0_quality_step8000 47 7 2 0.0680346479639411
seed123_S0_quality_step8000 47 7 3 0.06796870200196281
seed123_S0_quality_step8000 47 7 4 0.06454706500517204
seed123_S0_quality_step8000 47 7 5 0.07078693702351302
seed123_S0_quality_step8000 47 7 6 0.06808882195036858
seed123_S0_quality_step8000 47 7 7 0.06886352197034284
seed123_S0_quality_step8000 47 7 8 0.0674592389841564
seed123_S0_quality_step8000 47 7 9 0.06606680800905451
seed123_S0_quality_step8000 47 8 0 0.06505868304520845
seed123_S0_quality_step8000 47 8 1 0.06547062995377928
seed123_S0_quality_step8000 47 8 2 0.06725314498180524
seed123_S0_quality_step8000 47 8 3 0.0658265589736402
seed123_S0_quality_step8000 47 8 4 0.06870763300685212
seed123_S0_quality_step8000 47 8 5 0.06873992597684264
seed123_S0_quality_step8000 47 8 6 0.06867348804371431
seed123_S0_quality_step8000 47 8 7 0.06504935503471643
seed123_S0_quality_step8000 47 8 8 0.06620268797269091
seed123_S0_quality_step8000 47 8 9 0.06433566001942381
seed123_S0_quality_step8000 47 9 0 0.0627421680255793
seed123_S0_quality_step8000 47 9 1 0.0639009409933351
seed123_S0_quality_step8000 47 9 2 0.07170847698580474
seed123_S0_quality_step8000 47 9 3 0.07099968200782314
seed123_S0_quality_step8000 47 9 4 0.06616095901699737
seed123_S0_quality_step8000 47 9 5 0.06551150802988559
seed123_S0_quality_step8000 47 9 6 0.061144524021074176
seed123_S0_quality_step8000 47 9 7 0.059903743967879564
seed123_S0_quality_step8000 47 9 8 0.0590802610386163
seed123_S0_quality_step8000 47 9 9 0.05927818897180259
seed123_S0_quality_step8000 51 0 0 0.023424201004672796
seed123_S0_quality_step8000 51 0 1 0.022381839982699603
seed123_S0_quality_step8000 51 0 2 0.02223572100047022
seed123_S0_quality_step8000 51 0 3 0.02278479898814112
seed123_S0_quality_step8000 51 0 4 0.02338780101854354
seed123_S0_quality_step8000 51 0 5 0.024794499040581286
seed123_S0_quality_step8000 51 0 6 0.026587022992316633
seed123_S0_quality_step8000 51 0 7 0.026127043995074928
seed123_S0_quality_step8000 51 0 8 0.024908256018534303
seed123_S0_quality_step8000 51 0 9 0.023988027998711914
seed123_S0_quality_step8000 51 1 0 0.023503432981669903
seed123_S0_quality_step8000 51 1 1 0.023466802027542144
seed123_S0_quality_step8000 51 1 2 0.02341976301977411
seed123_S0_quality_step8000 51 1 3 0.02373516495572403
seed123_S0_quality_step8000 51 1 4 0.028949095983989537
seed123_S0_quality_step8000 51 1 5 0.025660493003670126
seed123_S0_quality_step8000 51 1 6 0.026164887007325888
seed123_S0_quality_step8000 51 1 7 0.02430033398559317
seed123_S0_quality_step8000 51 1 8 0.02620688796741888
seed123_S0_quality_step8000 51 1 9 0.023927443951833993
seed123_S0_quality_step8000 51 2 0 0.024295625975355506
seed123_S0_quality_step8000 51 2 1 0.02430957299657166
seed123_S0_quality_step8000 51 2 2 0.022389032994396985
seed123_S0_quality_step8000 51 2 3 0.02499420999083668
seed123_S0_quality_step8000 51 2 4 0.02935359999537468
seed123_S0_quality_step8000 51 2 5 0.023286327021196485
seed123_S0_quality_step8000 51 2 6 0.022854652954265475
seed123_S0_quality_step8000 51 2 7 0.02358306501992047
seed123_S0_quality_step8000 51 2 8 0.02476360002765432
seed123_S0_quality_step8000 51 2 9 0.02299475099425763
seed123_S0_quality_step8000 51 3 0 0.02220564300660044
seed123_S0_quality_step8000 51 3 1 0.023520405986346304
seed123_S0_quality_step8000 51 3 2 0.02433029201347381
seed123_S0_quality_step8000 51 3 3 0.022262451995629817
seed123_S0_quality_step8000 51 3 4 0.02413293597055599
seed123_S0_quality_step8000 51 3 5 0.023855214996729046
seed123_S0_quality_step8000 51 3 6 0.022246460954193026
seed123_S0_quality_step8000 51 3 7 0.022692853992339224
seed123_S0_quality_step8000 51 3 8 0.02274762897286564
seed123_S0_quality_step8000 51 3 9 0.022795771015807986
seed123_S0_quality_step8000 51 4 0 0.023078300000634044
seed123_S0_quality_step8000 51 4 1 0.022899068018887192
seed123_S0_quality_step8000 51 4 2 0.022833151975646615
seed123_S0_quality_step8000 51 4 3 0.024054776004049927
seed123_S0_quality_step8000 51 4 4 0.02539930399507284
seed123_S0_quality_step8000 51 4 5 0.022337995993439108
seed123_S0_quality_step8000 51 4 6 0.022265788982622325
seed123_S0_quality_step8000 51 4 7 0.022736247978173196
seed123_S0_quality_step8000 51 4 8 0.025459560041781515
seed123_S0_quality_step8000 51 4 9 0.02278070099418983
seed123_S0_quality_step8000 51 5 0 0.02269957703538239
seed123_S0_quality_step8000 51 5 1 0.02236198104219511
seed123_S0_quality_step8000 51 5 2 0.02257337502669543
seed123_S0_quality_step8000 51 5 3 0.022552957001607865
seed123_S0_quality_step8000 51 5 4 0.023391359020024538
seed123_S0_quality_step8000 51 5 5 0.023584949027281255
seed123_S0_quality_step8000 51 5 6 0.023339879990089685
seed123_S0_quality_step8000 51 5 7 0.022967969998717308
seed123_S0_quality_step8000 51 5 8 0.023148945008870214
seed123_S0_quality_step8000 51 5 9 0.024158655025530607
seed123_S0_quality_step8000 51 6 0 0.024220502004027367
seed123_S0_quality_step8000 51 6 1 0.02321701595792547
seed123_S0_quality_step8000 51 6 2 0.022980673995334655
seed123_S0_quality_step8000 51 6 3 0.024588035012129694
seed123_S0_quality_step8000 51 6 4 0.022458937019109726
seed123_S0_quality_step8000 51 6 5 0.02268943702802062
seed123_S0_quality_step8000 51 6 6 0.02303940599085763
seed123_S0_quality_step8000 51 6 7 0.023136350966524333
seed123_S0_quality_step8000 51 6 8 0.02266881801187992
seed123_S0_quality_step8000 51 6 9 0.022259675955865532
seed123_S0_quality_step8000 51 7 0 0.02234531904105097
seed123_S0_quality_step8000 51 7 1 0.022491698968224227
seed123_S0_quality_step8000 51 7 2 0.02252641599625349
seed123_S0_quality_step8000 51 7 3 0.02426763199036941
seed123_S0_quality_step8000 51 7 4 0.02392604004126042
seed123_S0_quality_step8000 51 7 5 0.023170124972239137
seed123_S0_quality_step8000 51 7 6 0.022591869987081736
seed123_S0_quality_step8000 51 7 7 0.022727609961293638
seed123_S0_quality_step8000 51 7 8 0.022589917003642768
seed123_S0_quality_step8000 51 7 9 0.02268699399428442
seed123_S0_quality_step8000 51 8 0 0.02265470096608624
seed123_S0_quality_step8000 51 8 1 0.022588664025533944
seed123_S0_quality_step8000 51 8 2 0.022664480027742684
seed123_S0_quality_step8000 51 8 3 0.023652597970794886
seed123_S0_quality_step8000 51 8 4 0.02270107000367716
seed123_S0_quality_step8000 51 8 5 0.022536524978931993
seed123_S0_quality_step8000 51 8 6 0.02659310499439016
seed123_S0_quality_step8000 51 8 7 0.024381289025768638
seed123_S0_quality_step8000 51 8 8 0.02278955903602764
seed123_S0_quality_step8000 51 8 9 0.0261934720329009
seed123_S0_quality_step8000 51 9 0 0.023424040991812944
seed123_S0_quality_step8000 51 9 1 0.02269913599593565
seed123_S0_quality_step8000 51 9 2 0.0225843460066244
seed123_S0_quality_step8000 51 9 3 0.02239078702405095
seed123_S0_quality_step8000 51 9 4 0.022580899996683
seed123_S0_quality_step8000 51 9 5 0.02361922402633354
seed123_S0_quality_step8000 51 9 6 0.02291824499843642
seed123_S0_quality_step8000 51 9 7 0.02291459694970399
seed123_S0_quality_step8000 51 9 8 0.022481730033177882
seed123_S0_quality_step8000 51 9 9 0.022866416024044156
seed123_S0_quality_step8000 52 0 0 0.8255286320345476
seed123_S0_quality_step8000 52 0 1 0.8407165059470572
seed123_S0_quality_step8000 52 0 2 0.8512298109708354
seed123_S0_quality_step8000 52 0 3 0.9315866379765794
seed123_S0_quality_step8000 52 0 4 0.8603293029591441
seed123_S0_quality_step8000 52 0 5 0.856517389009241
seed123_S0_quality_step8000 52 0 6 0.8430051340255886
seed123_S0_quality_step8000 52 0 7 0.8420584440464154
seed123_S0_quality_step8000 52 0 8 0.8385515830013901
seed123_S0_quality_step8000 52 0 9 0.8413907759822905
seed123_S0_quality_step8000 52 1 0 0.8602438520174474
seed123_S0_quality_step8000 52 1 1 0.8582230710308068
seed123_S0_quality_step8000 52 1 2 0.8471765560097992
seed123_S0_quality_step8000 52 1 3 0.8400551689555869
seed123_S0_quality_step8000 52 1 4 0.8539519979967736
seed123_S0_quality_step8000 52 1 5 0.8572204809752293
seed123_S0_quality_step8000 52 1 6 0.8764005129924044
seed123_S0_quality_step8000 52 1 7 0.8580304250353947
seed123_S0_quality_step8000 52 1 8 0.8636246119858697
seed123_S0_quality_step8000 52 1 9 0.8245404529734515
seed123_S0_quality_step8000 52 2 0 0.8192162199993618
seed123_S0_quality_step8000 52 2 1 0.8467076290398836
seed123_S0_quality_step8000 52 2 2 0.8629084799904376
seed123_S0_quality_step8000 52 2 3 0.8916552769951522
seed123_S0_quality_step8000 52 2 4 0.8456446549971588
seed123_S0_quality_step8000 52 2 5 0.8283619579742663
seed123_S0_quality_step8000 52 2 6 0.8788917290512472
seed123_S0_quality_step8000 52 2 7 0.8068730010418221
seed123_S0_quality_step8000 52 2 8 0.833201459958218
seed123_S0_quality_step8000 52 2 9 0.8766903299838305
seed123_S0_quality_step8000 52 3 0 0.8175179249956273
seed123_S0_quality_step8000 52 3 1 0.8696294089895673
seed123_S0_quality_step8000 52 3 2 0.848150543984957
seed123_S0_quality_step8000 52 3 3 0.832401606021449
seed123_S0_quality_step8000 52 3 4 0.8588748489855789
seed123_S0_quality_step8000 52 3 5 0.832674965960905
seed123_S0_quality_step8000 52 3 6 0.8421339059714228
seed123_S0_quality_step8000 52 3 7 0.8526799820247106
seed123_S0_quality_step8000 52 3 8 0.8538787710131146
seed123_S0_quality_step8000 52 3 9 0.8957172779482789
seed123_S0_quality_step8000 52 4 0 0.9073964600102045
seed123_S0_quality_step8000 52 4 1 0.8180985820363276
seed123_S0_quality_step8000 52 4 2 0.8136214989935979
seed123_S0_quality_step8000 52 4 3 0.8323858549701981
seed123_S0_quality_step8000 52 4 4 0.8173712299903855
seed123_S0_quality_step8000 52 4 5 0.8250700070057064
seed123_S0_quality_step8000 52 4 6 0.8889377890154719
seed123_S0_quality_step8000 52 4 7 0.8648041019914672
seed123_S0_quality_step8000 52 4 8 0.8593189630191773
seed123_S0_quality_step8000 52 4 9 0.8523061249870807
seed123_S0_quality_step8000 52 5 0 0.8132503320230171
seed123_S0_quality_step8000 52 5 1 0.8545517830061726
seed123_S0_quality_step8000 52 5 2 0.8497185480082408
seed123_S0_quality_step8000 52 5 3 0.8724152959766798
seed123_S0_quality_step8000 52 5 4 0.8444704189896584
seed123_S0_quality_step8000 52 5 5 0.8316825489746407
seed123_S0_quality_step8000 52 5 6 0.8453970170230605
seed123_S0_quality_step8000 52 5 7 0.8497086940333247
seed123_S0_quality_step8000 52 5 8 0.8850369929568842
seed123_S0_quality_step8000 52 5 9 0.9049650019733235
seed123_S0_quality_step8000 52 6 0 0.8838633489795029
seed123_S0_quality_step8000 52 6 1 0.8628878270392306
seed123_S0_quality_step8000 52 6 2 0.8450457599828951
seed123_S0_quality_step8000 52 6 3 0.8208020759630017
seed123_S0_quality_step8000 52 6 4 0.8505096259759739
seed123_S0_quality_step8000 52 6 5 0.8513266159570776
seed123_S0_quality_step8000 52 6 6 0.8887787330313586
seed123_S0_quality_step8000 52 6 7 0.8820816679508425
seed123_S0_quality_step8000 52 6 8 0.853993728000205
seed123_S0_quality_step8000 52 6 9 0.8155997600406408
seed123_S0_quality_step8000 52 7 0 0.858887574984692
seed123_S0_quality_step8000 52 7 1 0.8512249360210262
seed123_S0_quality_step8000 52 7 2 0.8334980700165033
seed123_S0_quality_step8000 52 7 3 0.8654182100435719
seed123_S0_quality_step8000 52 7 4 0.8556259400211275
seed123_S0_quality_step8000 52 7 5 0.8416836950345896
seed123_S0_quality_step8000 52 7 6 0.8105909940204583
seed123_S0_quality_step8000 52 7 7 0.8346605140250176
seed123_S0_quality_step8000 52 7 8 0.868524877994787
seed123_S0_quality_step8000 52 7 9 0.87143030698644
seed123_S0_quality_step8000 52 8 0 0.9077181390020996
seed123_S0_quality_step8000 52 8 1 0.8440600279718637
seed123_S0_quality_step8000 52 8 2 0.852529275987763
seed123_S0_quality_step8000 52 8 3 0.8175395019934513
seed123_S0_quality_step8000 52 8 4 0.8215051869628951
seed123_S0_quality_step8000 52 8 5 0.809482307988219
seed123_S0_quality_step8000 52 8 6 0.8712728479877114
seed123_S0_quality_step8000 52 8 7 0.866410980001092
seed123_S0_quality_step8000 52 8 8 0.8980162660009228
seed123_S0_quality_step8000 52 8 9 0.8730170180206187
seed123_S0_quality_step8000 52 9 0 0.8559036640217528
seed123_S0_quality_step8000 52 9 1 0.8921949819778092
seed123_S0_quality_step8000 52 9 2 0.8583656750270166
seed123_S0_quality_step8000 52 9 3 0.8718307170202024
seed123_S0_quality_step8000 52 9 4 0.8317581129958853
seed123_S0_quality_step8000 52 9 5 0.8667879319982603
seed123_S0_quality_step8000 52 9 6 0.8961166090448387
seed123_S0_quality_step8000 52 9 7 0.8355357979889959
seed123_S0_quality_step8000 52 9 8 0.8275305239949375
seed123_S0_quality_step8000 52 9 9 0.8499154949677177
seed123_S0_quality_step8000 56 0 0 0.01997596101136878
seed123_S0_quality_step8000 56 0 1 0.01898672099923715
seed123_S0_quality_step8000 56 0 2 0.018373820988927037
seed123_S0_quality_step8000 56 0 3 0.018287614977452904
seed123_S0_quality_step8000 56 0 4 0.018131006974726915
seed123_S0_quality_step8000 56 0 5 0.01813920197309926
seed123_S0_quality_step8000 56 0 6 0.017852124001365155
seed123_S0_quality_step8000 56 0 7 0.018011558044236153
seed123_S0_quality_step8000 56 0 8 0.018112410965841264
seed123_S0_quality_step8000 56 0 9 0.018258669995702803
seed123_S0_quality_step8000 56 1 0 0.018170743016526103
seed123_S0_quality_step8000 56 1 1 0.018203063984401524
seed123_S0_quality_step8000 56 1 2 0.01812475500628352
seed123_S0_quality_step8000 56 1 3 0.01897787395864725
seed123_S0_quality_step8000 56 1 4 0.01815136498771608
seed123_S0_quality_step8000 56 1 5 0.018158388033043593
seed123_S0_quality_step8000 56 1 6 0.01801666896790266
seed123_S0_quality_step8000 56 1 7 0.018088534998241812
seed123_S0_quality_step8000 56 1 8 0.0182355769793503
seed123_S0_quality_step8000 56 1 9 0.018037587986327708
seed123_S0_quality_step8000 56 2 0 0.017911687958985567
seed123_S0_quality_step8000 56 2 1 0.01826599397463724
seed123_S0_quality_step8000 56 2 2 0.01790054701268673
seed123_S0_quality_step8000 56 2 3 0.01842368603684008
seed123_S0_quality_step8000 56 2 4 0.018583560944534838
seed123_S0_quality_step8000 56 2 5 0.01835919200675562
seed123_S0_quality_step8000 56 2 6 0.01827827701345086
seed123_S0_quality_step8000 56 2 7 0.018161163956392556
seed123_S0_quality_step8000 56 2 8 0.018263148958794773
seed123_S0_quality_step8000 56 2 9 0.018158096994739026
seed123_S0_quality_step8000 56 3 0 0.018289047991856933
seed123_S0_quality_step8000 56 3 1 0.01817629300057888
seed123_S0_quality_step8000 56 3 2 0.01826145499944687
seed123_S0_quality_step8000 56 3 3 0.018123793008271605
seed123_S0_quality_step8000 56 3 4 0.018115546030458063
seed123_S0_quality_step8000 56 3 5 0.018285842961631715
seed123_S0_quality_step8000 56 3 6 0.018436660000588745
seed123_S0_quality_step8000 56 3 7 0.018138842016924173
seed123_S0_quality_step8000 56 3 8 0.017761509981937706
seed123_S0_quality_step8000 56 3 9 0.019576698949094862
seed123_S0_quality_step8000 56 4 0 0.019347529974766076
seed123_S0_quality_step8000 56 4 1 0.01830339600564912
seed123_S0_quality_step8000 56 4 2 0.022634939989075065
seed123_S0_quality_step8000 56 4 3 0.019602146989200264
seed123_S0_quality_step8000 56 4 4 0.01873051095753908
seed123_S0_quality_step8000 56 4 5 0.018096890999004245
seed123_S0_quality_step8000 56 4 6 0.017954670009203255
seed123_S0_quality_step8000 56 4 7 0.018072584993205965
seed123_S0_quality_step8000 56 4 8 0.01944663899485022
seed123_S0_quality_step8000 56 4 9 0.019563503039535135
seed123_S0_quality_step8000 56 5 0 0.017911828006617725
seed123_S0_quality_step8000 56 5 1 0.017805524985305965
seed123_S0_quality_step8000 56 5 2 0.017699663003440946
seed123_S0_quality_step8000 56 5 3 0.017792949976865202
seed123_S0_quality_step8000 56 5 4 0.0181320880074054
seed123_S0_quality_step8000 56 5 5 0.01791769900592044
seed123_S0_quality_step8000 56 5 6 0.01788035803474486
seed123_S0_quality_step8000 56 5 7 0.018051413993816823
seed123_S0_quality_step8000 56 5 8 0.018631333019584417
seed123_S0_quality_step8000 56 5 9 0.019191932980902493
seed123_S0_quality_step8000 56 6 0 0.01950384897645563
seed123_S0_quality_step8000 56 6 1 0.018574923975393176
seed123_S0_quality_step8000 56 6 2 0.018300700990948826
seed123_S0_quality_step8000 56 6 3 0.018238010990899056
seed123_S0_quality_step8000 56 6 4 0.01830618199892342
seed123_S0_quality_step8000 56 6 5 0.019455667003057897
seed123_S0_quality_step8000 56 6 6 0.01935670804232359
seed123_S0_quality_step8000 56 6 7 0.019367748987860978
seed123_S0_quality_step8000 56 6 8 0.01946024695644155
seed123_S0_quality_step8000 56 6 9 0.019405200029723346
seed123_S0_quality_step8000 56 7 0 0.018567449995316565
seed123_S0_quality_step8000 56 7 1 0.0182324189809151
seed123_S0_quality_step8000 56 7 2 0.01820690103340894
seed123_S0_quality_step8000 56 7 3 0.01830725301988423
seed123_S0_quality_step8000 56 7 4 0.0179939650115557
seed123_S0_quality_step8000 56 7 5 0.018438632949255407
seed123_S0_quality_step8000 56 7 6 0.0190982140484266
seed123_S0_quality_step8000 56 7 7 0.023268931021448225
seed123_S0_quality_step8000 56 7 8 0.021656400989741087
seed123_S0_quality_step8000 56 7 9 0.018420659005641937
seed123_S0_quality_step8000 56 8 0 0.018128370982594788
seed123_S0_quality_step8000 56 8 1 0.020368029014207423
seed123_S0_quality_step8000 56 8 2 0.01832082902546972
seed123_S0_quality_step8000 56 8 3 0.018081762013025582
seed123_S0_quality_step8000 56 8 4 0.018045743985567242
seed123_S0_quality_step8000 56 8 5 0.01808180200168863
seed123_S0_quality_step8000 56 8 6 0.017996008973568678
seed123_S0_quality_step8000 56 8 7 0.017850028991233557
seed123_S0_quality_step8000 56 8 8 0.017960409983061254
seed123_S0_quality_step8000 56 8 9 0.018363941984716803
seed123_S0_quality_step8000 56 9 0 0.01801421301206574
seed123_S0_quality_step8000 56 9 1 0.017987222003284842
seed123_S0_quality_step8000 56 9 2 0.018521943013183773
seed123_S0_quality_step8000 56 9 3 0.018360734975431114
seed123_S0_quality_step8000 56 9 4 0.018308204016648233
seed123_S0_quality_step8000 56 9 5 0.018678393040318042
seed123_S0_quality_step8000 56 9 6 0.020033410983160138
seed123_S0_quality_step8000 56 9 7 0.01954747299896553
seed123_S0_quality_step8000 56 9 8 0.017892630014102906
seed123_S0_quality_step8000 56 9 9 0.01913020497886464
seed123_S0_quality_step8000 62 0 0 0.28378281905315816
seed123_S0_quality_step8000 62 0 1 0.28860455099493265
seed123_S0_quality_step8000 62 0 2 0.31254254101077095
seed123_S0_quality_step8000 62 0 3 0.28449044103035703
seed123_S0_quality_step8000 62 0 4 0.2892736789654009
seed123_S0_quality_step8000 62 0 5 0.2755020409822464
seed123_S0_quality_step8000 62 0 6 0.27377568202791736
seed123_S0_quality_step8000 62 0 7 0.2843151059933007
seed123_S0_quality_step8000 62 0 8 0.27975641697412357
seed123_S0_quality_step8000 62 0 9 0.28493237600196153
seed123_S0_quality_step8000 62 1 0 0.29036493197781965
seed123_S0_quality_step8000 62 1 1 0.2847534939646721
seed123_S0_quality_step8000 62 1 2 0.29101796000031754
seed123_S0_quality_step8000 62 1 3 0.2842807289562188
seed123_S0_quality_step8000 62 1 4 0.31036001996835694
seed123_S0_quality_step8000 62 1 5 0.2866239649592899
seed123_S0_quality_step8000 62 1 6 0.2874537620227784
seed123_S0_quality_step8000 62 1 7 0.29432654997799546
seed123_S0_quality_step8000 62 1 8 0.3209247610066086
seed123_S0_quality_step8000 62 1 9 0.2982692710356787
seed123_S0_quality_step8000 62 2 0 0.2937108139740303
seed123_S0_quality_step8000 62 2 1 0.28496154898311943
seed123_S0_quality_step8000 62 2 2 0.28120094595942646
seed123_S0_quality_step8000 62 2 3 0.29332092800177634
seed123_S0_quality_step8000 62 2 4 0.3055659400415607
seed123_S0_quality_step8000 62 2 5 0.2861866390448995
seed123_S0_quality_step8000 62 2 6 0.2728549109888263
seed123_S0_quality_step8000 62 2 7 0.27137606602627784
seed123_S0_quality_step8000 62 2 8 0.2766723540262319
seed123_S0_quality_step8000 62 2 9 0.2773362119914964
seed123_S0_quality_step8000 62 3 0 0.29541491699637845
seed123_S0_quality_step8000 62 3 1 0.2919274250161834
seed123_S0_quality_step8000 62 3 2 0.2831116949673742
seed123_S0_quality_step8000 62 3 3 0.293183333997149
seed123_S0_quality_step8000 62 3 4 0.3021344839944504
seed123_S0_quality_step8000 62 3 5 0.28369582002051175
seed123_S0_quality_step8000 62 3 6 0.282391877961345
seed123_S0_quality_step8000 62 3 7 0.2898214820306748
seed123_S0_quality_step8000 62 3 8 0.2926935279974714
seed123_S0_quality_step8000 62 3 9 0.30999006994534284
seed123_S0_quality_step8000 62 4 0 0.3013744599884376
seed123_S0_quality_step8000 62 4 1 0.28826987702632323
seed123_S0_quality_step8000 62 4 2 0.284506166994106
seed123_S0_quality_step8000 62 4 3 0.2818000779952854
seed123_S0_quality_step8000 62 4 4 0.28853748698020354
seed123_S0_quality_step8000 62 4 5 0.27649849897716194
seed123_S0_quality_step8000 62 4 6 0.27876998897409067
seed123_S0_quality_step8000 62 4 7 0.27670586499152705
seed123_S0_quality_step8000 62 4 8 0.28247747098794207
seed123_S0_quality_step8000 62 4 9 0.2870035480009392
seed123_S0_quality_step8000 62 5 0 0.2804319839924574
seed123_S0_quality_step8000 62 5 1 0.2834193109883927
seed123_S0_quality_step8000 62 5 2 0.2834627729607746
seed123_S0_quality_step8000 62 5 3 0.29615487897535786
seed123_S0_quality_step8000 62 5 4 0.29643888102145866
seed123_S0_quality_step8000 62 5 5 0.3471713360049762
seed123_S0_quality_step8000 62 5 6 0.30901492602424696
seed123_S0_quality_step8000 62 5 7 0.30601479299366474
seed123_S0_quality_step8000 62 5 8 0.2845074579818174
seed123_S0_quality_step8000 62 5 9 0.2949922069674358
seed123_S0_quality_step8000 62 6 0 0.3149014200316742
seed123_S0_quality_step8000 62 6 1 0.2950666190008633
seed123_S0_quality_step8000 62 6 2 0.28532722301315516
seed123_S0_quality_step8000 62 6 3 0.2916707919794135
seed123_S0_quality_step8000 62 6 4 0.3066599159501493
seed123_S0_quality_step8000 62 6 5 0.30372957699000835
seed123_S0_quality_step8000 62 6 6 0.2911744120065123
seed123_S0_quality_step8000 62 6 7 0.28684251697268337
seed123_S0_quality_step8000 62 6 8 0.3046885390067473
seed123_S0_quality_step8000 62 6 9 0.3127798050409183
seed123_S0_quality_step8000 62 7 0 0.2774324909551069
seed123_S0_quality_step8000 62 7 1 0.2944363440037705
seed123_S0_quality_step8000 62 7 2 0.28103931102668867
seed123_S0_quality_step8000 62 7 3 0.28908567200414836
seed123_S0_quality_step8000 62 7 4 0.31408054003259167
seed123_S0_quality_step8000 62 7 5 0.29086172400275245
seed123_S0_quality_step8000 62 7 6 0.29146155004855245
seed123_S0_quality_step8000 62 7 7 0.29346749297110364
seed123_S0_quality_step8000 62 7 8 0.28871977201197296
seed123_S0_quality_step8000 62 7 9 0.2939561960520223
seed123_S0_quality_step8000 62 8 0 0.2821622950141318
seed123_S0_quality_step8000 62 8 1 0.2801228699972853
seed123_S0_quality_step8000 62 8 2 0.2775417880038731
seed123_S0_quality_step8000 62 8 3 0.2800487880012952
seed123_S0_quality_step8000 62 8 4 0.2811613330268301
seed123_S0_quality_step8000 62 8 5 0.28305493999505416
seed123_S0_quality_step8000 62 8 6 0.27249440603191033
seed123_S0_quality_step8000 62 8 7 0.2822560539934784
seed123_S0_quality_step8000 62 8 8 0.2747415189514868
seed123_S0_quality_step8000 62 8 9 0.28009537601610646
seed123_S0_quality_step8000 62 9 0 0.30443458101945
seed123_S0_quality_step8000 62 9 1 0.2867322840029374
seed123_S0_quality_step8000 62 9 2 0.2778116329573095
seed123_S0_quality_step8000 62 9 3 0.27557159395655617
seed123_S0_quality_step8000 62 9 4 0.2979028830304742
seed123_S0_quality_step8000 62 9 5 0.2906774500152096
seed123_S0_quality_step8000 62 9 6 0.2950101669994183
seed123_S0_quality_step8000 62 9 7 0.2927830619737506
seed123_S0_quality_step8000 62 9 8 0.28020410297904164
seed123_S0_quality_step8000 62 9 9 0.2708953599794768
seed123_S0_quality_step8000 64 0 0 0.17269296396989375
seed123_S0_quality_step8000 64 0 1 0.17692189296940342
seed123_S0_quality_step8000 64 0 2 0.1778983089607209
seed123_S0_quality_step8000 64 0 3 0.17305910401046276
seed123_S0_quality_step8000 64 0 4 0.1765498630120419
seed123_S0_quality_step8000 64 0 5 0.1757419990026392
seed123_S0_quality_step8000 64 0 6 0.17954978300258517
seed123_S0_quality_step8000 64 0 7 0.16596521198516712
seed123_S0_quality_step8000 64 0 8 0.16713121999055147
seed123_S0_quality_step8000 64 0 9 0.1687563540181145
seed123_S0_quality_step8000 64 1 0 0.1654341479879804
seed123_S0_quality_step8000 64 1 1 0.1657705910038203
seed123_S0_quality_step8000 64 1 2 0.17213750298833475
seed123_S0_quality_step8000 64 1 3 0.1661872870172374
seed123_S0_quality_step8000 64 1 4 0.17237530701095238
seed123_S0_quality_step8000 64 1 5 0.17829102801624686
seed123_S0_quality_step8000 64 1 6 0.1733376249903813
seed123_S0_quality_step8000 64 1 7 0.17890581203391775
seed123_S0_quality_step8000 64 1 8 0.16964815702522174
seed123_S0_quality_step8000 64 1 9 0.17625478899572045
seed123_S0_quality_step8000 64 2 0 0.17495494498871267
seed123_S0_quality_step8000 64 2 1 0.1762013360275887
seed123_S0_quality_step8000 64 2 2 0.17903914698399603
seed123_S0_quality_step8000 64 2 3 0.1774897170253098
seed123_S0_quality_step8000 64 2 4 0.17918136803200468
seed123_S0_quality_step8000 64 2 5 0.1738672960200347
seed123_S0_quality_step8000 64 2 6 0.18270680302521214
seed123_S0_quality_step8000 64 2 7 0.17371771100442857
seed123_S0_quality_step8000 64 2 8 0.16637445404194295
seed123_S0_quality_step8000 64 2 9 0.16449944203486666
seed123_S0_quality_step8000 64 3 0 0.16934110003057867
seed123_S0_quality_step8000 64 3 1 0.16191125696059316
seed123_S0_quality_step8000 64 3 2 0.18034374003764242
seed123_S0_quality_step8000 64 3 3 0.19149542099330574
seed123_S0_quality_step8000 64 3 4 0.17068950599059463
seed123_S0_quality_step8000 64 3 5 0.17087399901356548
seed123_S0_quality_step8000 64 3 6 0.17237060697516426
seed123_S0_quality_step8000 64 3 7 0.17928330297581851
seed123_S0_quality_step8000 64 3 8 0.17636311403475702
seed123_S0_quality_step8000 64 3 9 0.17609049403108656
seed123_S0_quality_step8000 64 4 0 0.17605395399732515
seed123_S0_quality_step8000 64 4 1 0.18634002195904031
seed123_S0_quality_step8000 64 4 2 0.1775385499931872
seed123_S0_quality_step8000 64 4 3 0.17106039397185668
seed123_S0_quality_step8000 64 4 4 0.1776998179848306
seed123_S0_quality_step8000 64 4 5 0.17850995500339195
seed123_S0_quality_step8000 64 4 6 0.1796883360366337
seed123_S0_quality_step8000 64 4 7 0.1804885839810595
seed123_S0_quality_step8000 64 4 8 0.18347049196017906
seed123_S0_quality_step8000 64 4 9 0.17897061497205868
seed123_S0_quality_step8000 64 5 0 0.17055790399899706
seed123_S0_quality_step8000 64 5 1 0.17792242299765348
seed123_S0_quality_step8000 64 5 2 0.17579607001971453
seed123_S0_quality_step8000 64 5 3 0.16972787800477818
seed123_S0_quality_step8000 64 5 4 0.17455204500583932
seed123_S0_quality_step8000 64 5 5 0.16697804600698873
seed123_S0_quality_step8000 64 5 6 0.16427497199038044
seed123_S0_quality_step8000 64 5 7 0.17240944999502972
seed123_S0_quality_step8000 64 5 8 0.16566145000979304
seed123_S0_quality_step8000 64 5 9 0.17439345101593062
seed123_S0_quality_step8000 64 6 0 0.1762330349883996
seed123_S0_quality_step8000 64 6 1 0.16815160703845322
seed123_S0_quality_step8000 64 6 2 0.16887899598805234
seed123_S0_quality_step8000 64 6 3 0.17633106204448268
seed123_S0_quality_step8000 64 6 4 0.17358743102522567
seed123_S0_quality_step8000 64 6 5 0.17295937100425363
seed123_S0_quality_step8000 64 6 6 0.17140977102098987
seed123_S0_quality_step8000 64 6 7 0.16785262495977804
seed123_S0_quality_step8000 64 6 8 0.1667120269848965
seed123_S0_quality_step8000 64 6 9 0.1695336970151402
seed123_S0_quality_step8000 64 7 0 0.17212666000705212
seed123_S0_quality_step8000 64 7 1 0.1968987209838815
seed123_S0_quality_step8000 64 7 2 0.16951267601689324
seed123_S0_quality_step8000 64 7 3 0.16894362994935364
seed123_S0_quality_step8000 64 7 4 0.17401913600042462
seed123_S0_quality_step8000 64 7 5 0.18311294598970562
seed123_S0_quality_step8000 64 7 6 0.1668370760162361
seed123_S0_quality_step8000 64 7 7 0.16921978595200926
seed123_S0_quality_step8000 64 7 8 0.17056337400572374
seed123_S0_quality_step8000 64 7 9 0.1693452259642072
seed123_S0_quality_step8000 64 8 0 0.17526795103913173
seed123_S0_quality_step8000 64 8 1 0.1964350149501115
seed123_S0_quality_step8000 64 8 2 0.18521933001466095
seed123_S0_quality_step8000 64 8 3 0.16894020297331735
seed123_S0_quality_step8000 64 8 4 0.18508302996633574
seed123_S0_quality_step8000 64 8 5 0.17136327095795423
seed123_S0_quality_step8000 64 8 6 0.16687101998832077
seed123_S0_quality_step8000 64 8 7 0.17370090598706156
seed123_S0_quality_step8000 64 8 8 0.17484003299614415
seed123_S0_quality_step8000 64 8 9 0.17611117102205753
seed123_S0_quality_step8000 64 9 0 0.1702602540026419
seed123_S0_quality_step8000 64 9 1 0.1667249200399965
seed123_S0_quality_step8000 64 9 2 0.16706302599050105
seed123_S0_quality_step8000 64 9 3 0.17097993899369612
seed123_S0_quality_step8000 64 9 4 0.16947590600466356
seed123_S0_quality_step8000 64 9 5 0.1705253110267222
seed123_S0_quality_step8000 64 9 6 0.16906368802301586
seed123_S0_quality_step8000 64 9 7 0.1762146990513429
seed123_S0_quality_step8000 64 9 8 0.18052195699419826
seed123_S0_quality_step8000 64 9 9 0.17093925998779014
seed123_S0_quality_step8000 69 0 0 0.5175557119655423
seed123_S0_quality_step8000 69 0 1 0.5182799859903753
seed123_S0_quality_step8000 69 0 2 0.5233739770483226
seed123_S0_quality_step8000 69 0 3 0.5382564559695311
seed123_S0_quality_step8000 69 0 4 0.5194390889955685
seed123_S0_quality_step8000 69 0 5 0.5113974070409313
seed123_S0_quality_step8000 69 0 6 0.5069345110096037
seed123_S0_quality_step8000 69 0 7 0.4954772859928198
seed123_S0_quality_step8000 69 0 8 0.5399195310310461
seed123_S0_quality_step8000 69 0 9 0.5220352269825526
seed123_S0_quality_step8000 69 1 0 0.5190234239562415
seed123_S0_quality_step8000 69 1 1 0.5195208939840086
seed123_S0_quality_step8000 69 1 2 0.5076069440110587
seed123_S0_quality_step8000 69 1 3 0.4988239660160616
seed123_S0_quality_step8000 69 1 4 0.4947737189941108
seed123_S0_quality_step8000 69 1 5 0.4984099249704741
seed123_S0_quality_step8000 69 1 6 0.5284608190413564
seed123_S0_quality_step8000 69 1 7 0.5004761710297316
seed123_S0_quality_step8000 69 1 8 0.5193225420080125
seed123_S0_quality_step8000 69 1 9 0.4958740290021524
seed123_S0_quality_step8000 69 2 0 0.529812138993293
seed123_S0_quality_step8000 69 2 1 0.5419075249810703
seed123_S0_quality_step8000 69 2 2 0.5144706720020622
seed123_S0_quality_step8000 69 2 3 0.5001360890455544
seed123_S0_quality_step8000 69 2 4 0.544946217967663
seed123_S0_quality_step8000 69 2 5 0.5073651680140756
seed123_S0_quality_step8000 69 2 6 0.501927039003931
seed123_S0_quality_step8000 69 2 7 0.5036240009940229
seed123_S0_quality_step8000 69 2 8 0.5145657819812186
seed123_S0_quality_step8000 69 2 9 0.5176279419683851
seed123_S0_quality_step8000 69 3 0 0.5348760799970478
seed123_S0_quality_step8000 69 3 1 0.5299719909671694
seed123_S0_quality_step8000 69 3 2 0.5311948770540766
seed123_S0_quality_step8000 69 3 3 0.5333428989979438
seed123_S0_quality_step8000 69 3 4 0.5173066449933685
seed123_S0_quality_step8000 69 3 5 0.5058527059736662
seed123_S0_quality_step8000 69 3 6 0.5000625850516371
seed123_S0_quality_step8000 69 3 7 0.48026608797954395
seed123_S0_quality_step8000 69 3 8 0.48669854598119855
seed123_S0_quality_step8000 69 3 9 0.4944085940369405
seed123_S0_quality_step8000 69 4 0 0.524106603988912
seed123_S0_quality_step8000 69 4 1 0.5361696269828826
seed123_S0_quality_step8000 69 4 2 0.5516402790090069
seed123_S0_quality_step8000 69 4 3 0.5332347199437208
seed123_S0_quality_step8000 69 4 4 0.540249380050227
seed123_S0_quality_step8000 69 4 5 0.5023706710198894
seed123_S0_quality_step8000 69 4 6 0.5127831919817254
seed123_S0_quality_step8000 69 4 7 0.5117527329712175
seed123_S0_quality_step8000 69 4 8 0.5436893689911813
seed123_S0_quality_step8000 69 4 9 0.5106145379832014
seed123_S0_quality_step8000 69 5 0 0.548216036055237
seed123_S0_quality_step8000 69 5 1 0.5238854380440898
seed123_S0_quality_step8000 69 5 2 0.5389508359949104
seed123_S0_quality_step8000 69 5 3 0.5293464889982715
seed123_S0_quality_step8000 69 5 4 0.5254517389694229
seed123_S0_quality_step8000 69 5 5 0.5256197089911439
seed123_S0_quality_step8000 69 5 6 0.5548229239648208
seed123_S0_quality_step8000 69 5 7 0.5464787749806419
seed123_S0_quality_step8000 69 5 8 0.5531710680224933
seed123_S0_quality_step8000 69 5 9 0.521384086983744
seed123_S0_quality_step8000 69 6 0 0.5642015979974531
seed123_S0_quality_step8000 69 6 1 0.5259353200090118
seed123_S0_quality_step8000 69 6 2 0.5125218459870666
seed123_S0_quality_step8000 69 6 3 0.5162918489659205
seed123_S0_quality_step8000 69 6 4 0.5148814839776605
seed123_S0_quality_step8000 69 6 5 0.5359407109790482
seed123_S0_quality_step8000 69 6 6 0.5319245689897798
seed123_S0_quality_step8000 69 6 7 0.5371476470027119
seed123_S0_quality_step8000 69 6 8 0.5239718380034901
seed123_S0_quality_step8000 69 6 9 0.5093942800303921
seed123_S0_quality_step8000 69 7 0 0.5263167159864679
seed123_S0_quality_step8000 69 7 1 0.5394326499663293
seed123_S0_quality_step8000 69 7 2 0.5285589480190538
seed123_S0_quality_step8000 69 7 3 0.5005295459995978
seed123_S0_quality_step8000 69 7 4 0.5121599720441736
seed123_S0_quality_step8000 69 7 5 0.5247768629924394
seed123_S0_quality_step8000 69 7 6 0.5175707169692032
seed123_S0_quality_step8000 69 7 7 0.544323621026706
seed123_S0_quality_step8000 69 7 8 0.5283378350432031
seed123_S0_quality_step8000 69 7 9 0.5334128889953718
seed123_S0_quality_step8000 69 8 0 0.49741139699472114
seed123_S0_quality_step8000 69 8 1 0.5329691999941133
seed123_S0_quality_step8000 69 8 2 0.5143925640149973
seed123_S0_quality_step8000 69 8 3 0.5184294549981132
seed123_S0_quality_step8000 69 8 4 0.5295098110218532
seed123_S0_quality_step8000 69 8 5 0.5422355480259284
seed123_S0_quality_step8000 69 8 6 0.5054169569630176
seed123_S0_quality_step8000 69 8 7 0.5340224709943868
seed123_S0_quality_step8000 69 8 8 0.5484081779723056
seed123_S0_quality_step8000 69 8 9 0.5274348860257305
seed123_S0_quality_step8000 69 9 0 0.5482879090122879
seed123_S0_quality_step8000 69 9 1 0.5141115239821374
seed123_S0_quality_step8000 69 9 2 0.528501512017101
seed123_S0_quality_step8000 69 9 3 0.5379558620043099
seed123_S0_quality_step8000 69 9 4 0.5548916819971055
seed123_S0_quality_step8000 69 9 5 0.5240602680132724
seed123_S0_quality_step8000 69 9 6 0.5195785670075566
seed123_S0_quality_step8000 69 9 7 0.5130457259947434
seed123_S0_quality_step8000 69 9 8 0.5167667939676903
seed123_S0_quality_step8000 69 9 9 0.5158780960482545
seed123_S0_quality_step8000 74 0 0 0.7357002630014904
seed123_S0_quality_step8000 74 0 1 0.6992327710031532
seed123_S0_quality_step8000 74 0 2 0.7041521790088154
seed123_S0_quality_step8000 74 0 3 0.6929886229918338
seed123_S0_quality_step8000 74 0 4 0.7095441469573416
seed123_S0_quality_step8000 74 0 5 0.718269354023505
seed123_S0_quality_step8000 74 0 6 0.7115122860413976
seed123_S0_quality_step8000 74 0 7 0.7304840650176629
seed123_S0_quality_step8000 74 0 8 0.7361931799678132
seed123_S0_quality_step8000 74 0 9 0.7275619819993153
seed123_S0_quality_step8000 74 1 0 0.7487933079828508
seed123_S0_quality_step8000 74 1 1 0.7473175680497661
seed123_S0_quality_step8000 74 1 2 0.7391563279670663
seed123_S0_quality_step8000 74 1 3 0.7178561299806461
seed123_S0_quality_step8000 74 1 4 0.7530422220006585
seed123_S0_quality_step8000 74 1 5 0.7259889239794575
seed123_S0_quality_step8000 74 1 6 0.7384704849682748
seed123_S0_quality_step8000 74 1 7 0.7396943230414763
seed123_S0_quality_step8000 74 1 8 0.7477952559711412
seed123_S0_quality_step8000 74 1 9 0.7281729130190797
seed123_S0_quality_step8000 74 2 0 0.765165816002991
seed123_S0_quality_step8000 74 2 1 0.7306095460080542
seed123_S0_quality_step8000 74 2 2 0.7281991519848816
seed123_S0_quality_step8000 74 2 3 0.7231362689635716
seed123_S0_quality_step8000 74 2 4 0.7222813759581186
seed123_S0_quality_step8000 74 2 5 0.7284202920272946
seed123_S0_quality_step8000 74 2 6 0.7254267919925041
seed123_S0_quality_step8000 74 2 7 0.6849060310050845
seed123_S0_quality_step8000 74 2 8 0.7101602299953811
seed123_S0_quality_step8000 74 2 9 0.6866542180068791
seed123_S0_quality_step8000 74 3 0 0.7280429079546593
seed123_S0_quality_step8000 74 3 1 0.6877279790351167
seed123_S0_quality_step8000 74 3 2 0.7610273130121641
seed123_S0_quality_step8000 74 3 3 0.741011910024099
seed123_S0_quality_step8000 74 3 4 0.697985720995348
seed123_S0_quality_step8000 74 3 5 0.7497010270017199
seed123_S0_quality_step8000 74 3 6 0.7499666929943487
seed123_S0_quality_step8000 74 3 7 0.7097291609970853
seed123_S0_quality_step8000 74 3 8 0.6953201679862104
seed123_S0_quality_step8000 74 3 9 0.7893449210096151
seed123_S0_quality_step8000 74 4 0 0.7113263210048899
seed123_S0_quality_step8000 74 4 1 0.7881458799820393
seed123_S0_quality_step8000 74 4 2 0.7382216050173156
seed123_S0_quality_step8000 74 4 3 0.7099908079835586
seed123_S0_quality_step8000 74 4 4 0.7218987949891016
seed123_S0_quality_step8000 74 4 5 0.7383676820318215
seed123_S0_quality_step8000 74 4 6 0.7055617459700443
seed123_S0_quality_step8000 74 4 7 0.7528703430434689
seed123_S0_quality_step8000 74 4 8 0.745811760018114
seed123_S0_quality_step8000 74 4 9 0.7711902359733358
seed123_S0_quality_step8000 74 5 0 0.7020333340042271
seed123_S0_quality_step8000 74 5 1 0.7350159559864551
seed123_S0_quality_step8000 74 5 2 0.7292326880269684
seed123_S0_quality_step8000 74 5 3 0.7294388819718733
seed123_S0_quality_step8000 74 5 4 0.7189384740195237
seed123_S0_quality_step8000 74 5 5 0.7442921229521744
seed123_S0_quality_step8000 74 5 6 0.709843729971908
seed123_S0_quality_step8000 74 5 7 0.7337869960465468
seed123_S0_quality_step8000 74 5 8 0.7283201219979674
seed123_S0_quality_step8000 74 5 9 0.7019796169479378
seed123_S0_quality_step8000 74 6 0 0.7179947080439888
seed123_S0_quality_step8000 74 6 1 0.7175154429860413
seed123_S0_quality_step8000 74 6 2 0.7554292529821396
seed123_S0_quality_step8000 74 6 3 0.7195443260134198
seed123_S0_quality_step8000 74 6 4 0.7092559629818425
seed123_S0_quality_step8000 74 6 5 0.6925239719566889
seed123_S0_quality_step8000 74 6 6 0.6771337540121749
seed123_S0_quality_step8000 74 6 7 0.7124656519736163
seed123_S0_quality_step8000 74 6 8 0.7118952629971318
seed123_S0_quality_step8000 74 6 9 0.7370313659776002
seed123_S0_quality_step8000 74 7 0 0.7476768409833312
seed123_S0_quality_step8000 74 7 1 0.74953834497137
seed123_S0_quality_step8000 74 7 2 0.7286617880454287
seed123_S0_quality_step8000 74 7 3 0.719922824006062
seed123_S0_quality_step8000 74 7 4 0.7024429950397462
seed123_S0_quality_step8000 74 7 5 0.7190931189688854
seed123_S0_quality_step8000 74 7 6 0.7498654969967902
seed123_S0_quality_step8000 74 7 7 0.7359050500090234
seed123_S0_quality_step8000 74 7 8 0.7131155879469588
seed123_S0_quality_step8000 74 7 9 0.736982717004139
seed123_S0_quality_step8000 74 8 0 0.7014496240299195
seed123_S0_quality_step8000 74 8 1 0.6984304350335151
seed123_S0_quality_step8000 74 8 2 0.689975835965015
seed123_S0_quality_step8000 74 8 3 0.7142390520311892
seed123_S0_quality_step8000 74 8 4 0.7071580450283363
seed123_S0_quality_step8000 74 8 5 0.7052523759775795
seed123_S0_quality_step8000 74 8 6 0.726931685989257
seed123_S0_quality_step8000 74 8 7 0.7231183499679901
seed123_S0_quality_step8000 74 8 8 0.7718384930049069
seed123_S0_quality_step8000 74 8 9 0.7446773810079321
seed123_S0_quality_step8000 74 9 0 0.7126434399979189
seed123_S0_quality_step8000 74 9 1 0.7131947629968636
seed123_S0_quality_step8000 74 9 2 0.7488796950201504
seed123_S0_quality_step8000 74 9 3 0.7149908529827371
seed123_S0_quality_step8000 74 9 4 0.7402946960064583
seed123_S0_quality_step8000 74 9 5 0.7196638869936578
seed123_S0_quality_step8000 74 9 6 0.7657467820099555
seed123_S0_quality_step8000 74 9 7 0.7356094150454737
seed123_S0_quality_step8000 74 9 8 0.7516025229706429
seed123_S0_quality_step8000 74 9 9 0.6964906220091507
seed123_S0_quality_step8000 78 0 0 1.1695585660054348
seed123_S0_quality_step8000 78 0 1 1.2023132489994168
seed123_S0_quality_step8000 78 0 2 1.2117762139532715
seed123_S0_quality_step8000 78 0 3 1.1927370550110936
seed123_S0_quality_step8000 78 0 4 1.220641013002023
seed123_S0_quality_step8000 78 0 5 1.2115582730039023
seed123_S0_quality_step8000 78 0 6 1.2056428520008922
seed123_S0_quality_step8000 78 0 7 1.2077801239793189
seed123_S0_quality_step8000 78 0 8 1.1764943829621188
seed123_S0_quality_step8000 78 0 9 1.2069372810074128
seed123_S0_quality_step8000 78 1 0 1.2535109000164084
seed123_S0_quality_step8000 78 1 1 1.2403406930388883
seed123_S0_quality_step8000 78 1 2 1.1826664860127494
seed123_S0_quality_step8000 78 1 3 1.1895215190015733
seed123_S0_quality_step8000 78 1 4 1.227917819051072
seed123_S0_quality_step8000 78 1 5 1.1413791090017185
seed123_S0_quality_step8000 78 1 6 1.1769129909807816
seed123_S0_quality_step8000 78 1 7 1.1836249899934046
seed123_S0_quality_step8000 78 1 8 1.219605104997754
seed123_S0_quality_step8000 78 1 9 1.2156786840059794
seed123_S0_quality_step8000 78 2 0 1.2172101890319027
seed123_S0_quality_step8000 78 2 1 1.217319093993865
seed123_S0_quality_step8000 78 2 2 1.233536709973123
seed123_S0_quality_step8000 78 2 3 1.2140494960476644
seed123_S0_quality_step8000 78 2 4 1.2129715670016594
seed123_S0_quality_step8000 78 2 5 1.2175917100394145
seed123_S0_quality_step8000 78 2 6 1.231216924963519
seed123_S0_quality_step8000 78 2 7 1.2135573309496976
seed123_S0_quality_step8000 78 2 8 1.216713749046903
seed123_S0_quality_step8000 78 2 9 1.206319875025656
seed123_S0_quality_step8000 78 3 0 1.2137468199944124
seed123_S0_quality_step8000 78 3 1 1.2410855069756508
seed123_S0_quality_step8000 78 3 2 1.2159851620090194
seed123_S0_quality_step8000 78 3 3 1.16000387101667
seed123_S0_quality_step8000 78 3 4 1.2271338239661418
seed123_S0_quality_step8000 78 3 5 1.2306016869843006
seed123_S0_quality_step8000 78 3 6 1.2326107629924081
seed123_S0_quality_step8000 78 3 7 1.205440093006473
seed123_S0_quality_step8000 78 3 8 1.1653122429852374
seed123_S0_quality_step8000 78 3 9 1.173807510000188
seed123_S0_quality_step8000 78 4 0 1.2295095640001819
seed123_S0_quality_step8000 78 4 1 1.2423254119930789
seed123_S0_quality_step8000 78 4 2 1.2004556859610602
seed123_S0_quality_step8000 78 4 3 1.1846099080285057
seed123_S0_quality_step8000 78 4 4 1.2040079080034047
seed123_S0_quality_step8000 78 4 5 1.236863224010449
seed123_S0_quality_step8000 78 4 6 1.2724933880381286
seed123_S0_quality_step8000 78 4 7 1.2061503269942477
seed123_S0_quality_step8000 78 4 8 1.2327500429819338
seed123_S0_quality_step8000 78 4 9 1.2178501519956626
seed123_S0_quality_step8000 78 5 0 1.1804010489722714
seed123_S0_quality_step8000 78 5 1 1.2080290399608202
seed123_S0_quality_step8000 78 5 2 1.2629908800008707
seed123_S0_quality_step8000 78 5 3 1.2480660210130736
seed123_S0_quality_step8000 78 5 4 1.1859955299878493
seed123_S0_quality_step8000 78 5 5 1.151314546004869
seed123_S0_quality_step8000 78 5 6 1.1863585419487208
seed123_S0_quality_step8000 78 5 7 1.2203007829957642
seed123_S0_quality_step8000 78 5 8 1.2175295389606617
seed123_S0_quality_step8000 78 5 9 1.2201336310245097
seed123_S0_quality_step8000 78 6 0 1.1978556269896217
seed123_S0_quality_step8000 78 6 1 1.211980845022481
seed123_S0_quality_step8000 78 6 2 1.2086542809847742
seed123_S0_quality_step8000 78 6 3 1.1636219050269574
seed123_S0_quality_step8000 78 6 4 1.2113733619917184
seed123_S0_quality_step8000 78 6 5 1.2208519550040364
seed123_S0_quality_step8000 78 6 6 1.1987830210127868
seed123_S0_quality_step8000 78 6 7 1.2155806149821728
seed123_S0_quality_step8000 78 6 8 1.1974274599924684
seed123_S0_quality_step8000 78 6 9 1.1973546789959073
seed123_S0_quality_step8000 78 7 0 1.2328163519850932
seed123_S0_quality_step8000 78 7 1 1.2214042430277914
seed123_S0_quality_step8000 78 7 2 1.2072375430143438
seed123_S0_quality_step8000 78 7 3 1.2184171450207941
seed123_S0_quality_step8000 78 7 4 1.1738698160042986
seed123_S0_quality_step8000 78 7 5 1.1959280369919725
seed123_S0_quality_step8000 78 7 6 1.182937713980209
seed123_S0_quality_step8000 78 7 7 1.1737056800047867
seed123_S0_quality_step8000 78 7 8 1.2139712669886649
seed123_S0_quality_step8000 78 7 9 1.204256871016696
seed123_S0_quality_step8000 78 8 0 1.2047077810275368
seed123_S0_quality_step8000 78 8 1 1.1687422239920124
seed123_S0_quality_step8000 78 8 2 1.1663446230231784
seed123_S0_quality_step8000 78 8 3 1.2215861959848553
seed123_S0_quality_step8000 78 8 4 1.2022727250005119
seed123_S0_quality_step8000 78 8 5 1.1487511259620078
seed123_S0_quality_step8000 78 8 6 1.200360962015111
seed123_S0_quality_step8000 78 8 7 1.1966257559834048
seed123_S0_quality_step8000 78 8 8 1.1927511139656417
seed123_S0_quality_step8000 78 8 9 1.2006223069620319
seed123_S0_quality_step8000 78 9 0 1.1931095760082826
seed123_S0_quality_step8000 78 9 1 1.2685684749740176
seed123_S0_quality_step8000 78 9 2 1.2214276230079122
seed123_S0_quality_step8000 78 9 3 1.1944958409876563
seed123_S0_quality_step8000 78 9 4 1.1807280129869469
seed123_S0_quality_step8000 78 9 5 1.1945835170336068
seed123_S0_quality_step8000 78 9 6 1.2338356479885988
seed123_S0_quality_step8000 78 9 7 1.183112283993978
seed123_S0_quality_step8000 78 9 8 1.1292150269728154
seed123_S0_quality_step8000 78 9 9 1.2025086089852266
{'model': 'seed123_S0_quality_step8000', 'completed_pairs': 2000, 'requested_pairs': 2000, 'completed': True, 'complete_source_count': 20, 'FRD': 133.31270628845317, 'new_pairs': 2000, 'wall_seconds': 483.1847351969918}
