seed123_S1_joint_step8000 0 0 0 0.8276016410090961
seed123_S1_joint_step8000 0 0 1 0.0930024859844707
seed123_S1_joint_step8000 0 0 2 0.10547232796670869
seed123_S1_joint_step8000 0 0 3 0.10249436902813613
seed123_S1_joint_step8000 0 0 4 0.09532603499246761
seed123_S1_joint_step8000 0 0 5 0.09301901696017012
seed123_S1_joint_step8000 0 0 6 0.09606781200272962
seed123_S1_joint_step8000 0 0 7 0.0969159520464018
seed123_S1_joint_step8000 0 0 8 0.09364519297378138
seed123_S1_joint_step8000 0 0 9 0.0943731740117073
seed123_S1_joint_step8000 0 1 0 0.1003064300166443
seed123_S1_joint_step8000 0 1 1 0.09334276500158012
seed123_S1_joint_step8000 0 1 2 0.09420452098129317
seed123_S1_joint_step8000 0 1 3 0.09591562097193673
seed123_S1_joint_step8000 0 1 4 0.09978692600270733
seed123_S1_joint_step8000 0 1 5 0.09832459298195317
seed123_S1_joint_step8000 0 1 6 0.09479444898897782
seed123_S1_joint_step8000 0 1 7 0.09231753600761294
seed123_S1_joint_step8000 0 1 8 0.09716971701709554
seed123_S1_joint_step8000 0 1 9 0.09578719601267949
seed123_S1_joint_step8000 0 2 0 0.09409816801780835
seed123_S1_joint_step8000 0 2 1 0.10030469601042569
seed123_S1_joint_step8000 0 2 2 0.09279770404100418
seed123_S1_joint_step8000 0 2 3 0.09781778400065377
seed123_S1_joint_step8000 0 2 4 0.10045884997816756
seed123_S1_joint_step8000 0 2 5 0.09921821998432279
seed123_S1_joint_step8000 0 2 6 0.10596890695160255
seed123_S1_joint_step8000 0 2 7 0.09325185202760622
seed123_S1_joint_step8000 0 2 8 0.09141592402011156
seed123_S1_joint_step8000 0 2 9 0.09051149600418285
seed123_S1_joint_step8000 0 3 0 0.09501559101045132
seed123_S1_joint_step8000 0 3 1 0.09750907396664843
seed123_S1_joint_step8000 0 3 2 0.09557148301973939
seed123_S1_joint_step8000 0 3 3 0.09412290499312803
seed123_S1_joint_step8000 0 3 4 0.09312957798829302
seed123_S1_joint_step8000 0 3 5 0.09323541901540011
seed123_S1_joint_step8000 0 3 6 0.0929091660073027
seed123_S1_joint_step8000 0 3 7 0.09221204498317093
seed123_S1_joint_step8000 0 3 8 0.09308535297168419
seed123_S1_joint_step8000 0 3 9 0.09093203902011737
seed123_S1_joint_step8000 0 4 0 0.09232655400410295
seed123_S1_joint_step8000 0 4 1 0.09615135099738836
seed123_S1_joint_step8000 0 4 2 0.1000453990418464
seed123_S1_joint_step8000 0 4 3 0.09477361897006631
seed123_S1_joint_step8000 0 4 4 0.09753942198585719
seed123_S1_joint_step8000 0 4 5 0.0981240890105255
seed123_S1_joint_step8000 0 4 6 0.0982181989820674
seed123_S1_joint_step8000 0 4 7 0.09710460097994655
seed123_S1_joint_step8000 0 4 8 0.09333618305390701
seed123_S1_joint_step8000 0 4 9 0.10092664300464094
seed123_S1_joint_step8000 0 5 0 0.10994261800078675
seed123_S1_joint_step8000 0 5 1 0.0931621789932251
seed123_S1_joint_step8000 0 5 2 0.09420391998719424
seed123_S1_joint_step8000 0 5 3 0.09299170295707881
seed123_S1_joint_step8000 0 5 4 0.09222991805290803
seed123_S1_joint_step8000 0 5 5 0.09437073802109808
seed123_S1_joint_step8000 0 5 6 0.09503652004059404
seed123_S1_joint_step8000 0 5 7 0.1012391290278174
seed123_S1_joint_step8000 0 5 8 0.09603952598990873
seed123_S1_joint_step8000 0 5 9 0.09156562999123707
seed123_S1_joint_step8000 0 6 0 0.09432432998437434
seed123_S1_joint_step8000 0 6 1 0.10134105500765145
seed123_S1_joint_step8000 0 6 2 0.0930374920135364
seed123_S1_joint_step8000 0 6 3 0.09154069202486426
seed123_S1_joint_step8000 0 6 4 0.0897735750186257
seed123_S1_joint_step8000 0 6 5 0.0947882269974798
seed123_S1_joint_step8000 0 6 6 0.09086500096600503
seed123_S1_joint_step8000 0 6 7 0.09585113701177761
seed123_S1_joint_step8000 0 6 8 0.09454168501542881
seed123_S1_joint_step8000 0 6 9 0.09056155104190111
seed123_S1_joint_step8000 0 7 0 0.08967143099289387
seed123_S1_joint_step8000 0 7 1 0.0931251080473885
seed123_S1_joint_step8000 0 7 2 0.09324839396867901
seed123_S1_joint_step8000 0 7 3 0.09191174997249618
seed123_S1_joint_step8000 0 7 4 0.09887827996863052
seed123_S1_joint_step8000 0 7 5 0.09283067600335926
seed123_S1_joint_step8000 0 7 6 0.09734351799124852
seed123_S1_joint_step8000 0 7 7 0.09397349902428687
seed123_S1_joint_step8000 0 7 8 0.09819652698934078
seed123_S1_joint_step8000 0 7 9 0.09312652196967974
seed123_S1_joint_step8000 0 8 0 0.09396723698591813
seed123_S1_joint_step8000 0 8 1 0.09369903401238844
seed123_S1_joint_step8000 0 8 2 0.09406226902501658
seed123_S1_joint_step8000 0 8 3 0.09582624898757786
seed123_S1_joint_step8000 0 8 4 0.09636714105727151
seed123_S1_joint_step8000 0 8 5 0.09463166596833616
seed123_S1_joint_step8000 0 8 6 0.09417779895011336
seed123_S1_joint_step8000 0 8 7 0.10162548802327365
seed123_S1_joint_step8000 0 8 8 0.10113440896384418
seed123_S1_joint_step8000 0 8 9 0.09548879397334531
seed123_S1_joint_step8000 0 9 0 0.09656863799318671
seed123_S1_joint_step8000 0 9 1 0.0932680019759573
seed123_S1_joint_step8000 0 9 2 0.0923257619724609
seed123_S1_joint_step8000 0 9 3 0.09684633702272549
seed123_S1_joint_step8000 0 9 4 0.09417989401845261
seed123_S1_joint_step8000 0 9 5 0.09230240597389638
seed123_S1_joint_step8000 0 9 6 0.09332008101046085
seed123_S1_joint_step8000 0 9 7 0.09408449102193117
seed123_S1_joint_step8000 0 9 8 0.09949490695726126
seed123_S1_joint_step8000 0 9 9 0.09474946203408763
seed123_S1_joint_step8000 6 0 0 0.1501068280194886
seed123_S1_joint_step8000 6 0 1 0.14854801999172196
seed123_S1_joint_step8000 6 0 2 0.1465332310181111
seed123_S1_joint_step8000 6 0 3 0.1524423100054264
seed123_S1_joint_step8000 6 0 4 0.14836467895656824
seed123_S1_joint_step8000 6 0 5 0.14311992999864742
seed123_S1_joint_step8000 6 0 6 0.14585143805015832
seed123_S1_joint_step8000 6 0 7 0.14990778698120266
seed123_S1_joint_step8000 6 0 8 0.14676217699889094
seed123_S1_joint_step8000 6 0 9 0.15154335199622437
seed123_S1_joint_step8000 6 1 0 0.15312087500933558
seed123_S1_joint_step8000 6 1 1 0.15150000801077113
seed123_S1_joint_step8000 6 1 2 0.15174140001181513
seed123_S1_joint_step8000 6 1 3 0.14803965704049915
seed123_S1_joint_step8000 6 1 4 0.1502609719755128
seed123_S1_joint_step8000 6 1 5 0.14458717196248472
seed123_S1_joint_step8000 6 1 6 0.14757192402612418
seed123_S1_joint_step8000 6 1 7 0.1502085310057737
seed123_S1_joint_step8000 6 1 8 0.15010969201102853
seed123_S1_joint_step8000 6 1 9 0.15614402096252888
seed123_S1_joint_step8000 6 2 0 0.1468831179663539
seed123_S1_joint_step8000 6 2 1 0.14310914796078578
seed123_S1_joint_step8000 6 2 2 0.1420600939891301
seed123_S1_joint_step8000 6 2 3 0.14676521305227652
seed123_S1_joint_step8000 6 2 4 0.15145795798161998
seed123_S1_joint_step8000 6 2 5 0.15846447297371924
seed123_S1_joint_step8000 6 2 6 0.16557063802611083
seed123_S1_joint_step8000 6 2 7 0.15005780302453786
seed123_S1_joint_step8000 6 2 8 0.15087603498250246
seed123_S1_joint_step8000 6 2 9 0.1526463379850611
seed123_S1_joint_step8000 6 3 0 0.16483501298353076
seed123_S1_joint_step8000 6 3 1 0.16698112298035994
seed123_S1_joint_step8000 6 3 2 0.14518426201539114
seed123_S1_joint_step8000 6 3 3 0.15203420800389722
seed123_S1_joint_step8000 6 3 4 0.14919966395245865
seed123_S1_joint_step8000 6 3 5 0.15585451695369557
seed123_S1_joint_step8000 6 3 6 0.14195776800625026
seed123_S1_joint_step8000 6 3 7 0.14572636800585315
seed123_S1_joint_step8000 6 3 8 0.14352300798054785
seed123_S1_joint_step8000 6 3 9 0.1501938920118846
seed123_S1_joint_step8000 6 4 0 0.14744643296580762
seed123_S1_joint_step8000 6 4 1 0.14995747001376003
seed123_S1_joint_step8000 6 4 2 0.14797589497175068
seed123_S1_joint_step8000 6 4 3 0.14905488601652905
seed123_S1_joint_step8000 6 4 4 0.1441069429856725
seed123_S1_joint_step8000 6 4 5 0.14281915401807055
seed123_S1_joint_step8000 6 4 6 0.15880864899372682
seed123_S1_joint_step8000 6 4 7 0.15441563801141456
seed123_S1_joint_step8000 6 4 8 0.1405909769819118
seed123_S1_joint_step8000 6 4 9 0.14215377299115062
seed123_S1_joint_step8000 6 5 0 0.1464171569678001
seed123_S1_joint_step8000 6 5 1 0.15657911996822804
seed123_S1_joint_step8000 6 5 2 0.1650183830060996
seed123_S1_joint_step8000 6 5 3 0.14672163897193968
seed123_S1_joint_step8000 6 5 4 0.14596964098745957
seed123_S1_joint_step8000 6 5 5 0.1443698649527505
seed123_S1_joint_step8000 6 5 6 0.1574315989855677
seed123_S1_joint_step8000 6 5 7 0.15135510003892705
seed123_S1_joint_step8000 6 5 8 0.142186634009704
seed123_S1_joint_step8000 6 5 9 0.14462884998647496
seed123_S1_joint_step8000 6 6 0 0.1440868240315467
seed123_S1_joint_step8000 6 6 1 0.14931653498206288
seed123_S1_joint_step8000 6 6 2 0.14237950299866498
seed123_S1_joint_step8000 6 6 3 0.13994107401231304
seed123_S1_joint_step8000 6 6 4 0.1418947969796136
seed123_S1_joint_step8000 6 6 5 0.15306200098711997
seed123_S1_joint_step8000 6 6 6 0.147441883047577
seed123_S1_joint_step8000 6 6 7 0.15445391001412645
seed123_S1_joint_step8000 6 6 8 0.14417061500716954
seed123_S1_joint_step8000 6 6 9 0.14786655502393842
seed123_S1_joint_step8000 6 7 0 0.14648145902901888
seed123_S1_joint_step8000 6 7 1 0.15503043099306524
seed123_S1_joint_step8000 6 7 2 0.14421219297219068
seed123_S1_joint_step8000 6 7 3 0.14905578701291233
seed123_S1_joint_step8000 6 7 4 0.14452827803324908
seed123_S1_joint_step8000 6 7 5 0.14652977098012343
seed123_S1_joint_step8000 6 7 6 0.14999166497727856
seed123_S1_joint_step8000 6 7 7 0.1538167119724676
seed123_S1_joint_step8000 6 7 8 0.15436290600337088
seed123_S1_joint_step8000 6 7 9 0.1466004560352303
seed123_S1_joint_step8000 6 8 0 0.14364506001584232
seed123_S1_joint_step8000 6 8 1 0.15117445401847363
seed123_S1_joint_step8000 6 8 2 0.16690209100488573
seed123_S1_joint_step8000 6 8 3 0.1467123199836351
seed123_S1_joint_step8000 6 8 4 0.15503448899835348
seed123_S1_joint_step8000 6 8 5 0.14708891900954768
seed123_S1_joint_step8000 6 8 6 0.1498519079759717
seed123_S1_joint_step8000 6 8 7 0.14033834304427728
seed123_S1_joint_step8000 6 8 8 0.14329344901489094
seed123_S1_joint_step8000 6 8 9 0.1469929559971206
seed123_S1_joint_step8000 6 9 0 0.14817154698539525
seed123_S1_joint_step8000 6 9 1 0.15036860498366877
seed123_S1_joint_step8000 6 9 2 0.14957285398850217
seed123_S1_joint_step8000 6 9 3 0.14276729198172688
seed123_S1_joint_step8000 6 9 4 0.1530060520162806
seed123_S1_joint_step8000 6 9 5 0.1472951929899864
seed123_S1_joint_step8000 6 9 6 0.14610129198990762
seed123_S1_joint_step8000 6 9 7 0.14375978795578703
seed123_S1_joint_step8000 6 9 8 0.14466967602493241
seed123_S1_joint_step8000 6 9 9 0.14786417002324015
seed123_S1_joint_step8000 9 0 0 0.05053449096158147
seed123_S1_joint_step8000 9 0 1 0.04140490002464503
seed123_S1_joint_step8000 9 0 2 0.04165321396430954
seed123_S1_joint_step8000 9 0 3 0.0447257729829289
seed123_S1_joint_step8000 9 0 4 0.04057115700561553
seed123_S1_joint_step8000 9 0 5 0.04102417198009789
seed123_S1_joint_step8000 9 0 6 0.043805676978081465
seed123_S1_joint_step8000 9 0 7 0.04050082300091162
seed123_S1_joint_step8000 9 0 8 0.04342880699550733
seed123_S1_joint_step8000 9 0 9 0.04143668100005016
seed123_S1_joint_step8000 9 1 0 0.04046790103893727
seed123_S1_joint_step8000 9 1 1 0.04102879198035225
seed123_S1_joint_step8000 9 1 2 0.04178483597934246
seed123_S1_joint_step8000 9 1 3 0.04124948300886899
seed123_S1_joint_step8000 9 1 4 0.040975479991175234
seed123_S1_joint_step8000 9 1 5 0.040956974029541016
seed123_S1_joint_step8000 9 1 6 0.04365284397499636
seed123_S1_joint_step8000 9 1 7 0.04254939599195495
seed123_S1_joint_step8000 9 1 8 0.041655048029497266
seed123_S1_joint_step8000 9 1 9 0.04175761295482516
seed123_S1_joint_step8000 9 2 0 0.04023008595686406
seed123_S1_joint_step8000 9 2 1 0.040605933987535536
seed123_S1_joint_step8000 9 2 2 0.04178324301028624
seed123_S1_joint_step8000 9 2 3 0.04446311201900244
seed123_S1_joint_step8000 9 2 4 0.042376085999421775
seed123_S1_joint_step8000 9 2 5 0.040832615981344134
seed123_S1_joint_step8000 9 2 6 0.04111173003911972
seed123_S1_joint_step8000 9 2 7 0.04135502502322197
seed123_S1_joint_step8000 9 2 8 0.04106373694958165
seed123_S1_joint_step8000 9 2 9 0.04146208899328485
seed123_S1_joint_step8000 9 3 0 0.04160586401121691
seed123_S1_joint_step8000 9 3 1 0.043445257004350424
seed123_S1_joint_step8000 9 3 2 0.04507236601784825
seed123_S1_joint_step8000 9 3 3 0.0403167909826152
seed123_S1_joint_step8000 9 3 4 0.04009634000249207
seed123_S1_joint_step8000 9 3 5 0.03993256704416126
seed123_S1_joint_step8000 9 3 6 0.041753595985937864
seed123_S1_joint_step8000 9 3 7 0.041584632999729365
seed123_S1_joint_step8000 9 3 8 0.0400342809734866
seed123_S1_joint_step8000 9 3 9 0.03986427700147033
seed123_S1_joint_step8000 9 4 0 0.04034025501459837
seed123_S1_joint_step8000 9 4 1 0.04230459895916283
seed123_S1_joint_step8000 9 4 2 0.04253833496477455
seed123_S1_joint_step8000 9 4 3 0.044634109013713896
seed123_S1_joint_step8000 9 4 4 0.042104516993276775
seed123_S1_joint_step8000 9 4 5 0.04442133300472051
seed123_S1_joint_step8000 9 4 6 0.04052415699698031
seed123_S1_joint_step8000 9 4 7 0.04167216003406793
seed123_S1_joint_step8000 9 4 8 0.039854687987826765
seed123_S1_joint_step8000 9 4 9 0.039850179979112
seed123_S1_joint_step8000 9 5 0 0.04031533800298348
seed123_S1_joint_step8000 9 5 1 0.03990628698375076
seed123_S1_joint_step8000 9 5 2 0.039867351995781064
seed123_S1_joint_step8000 9 5 3 0.03987839398905635
seed123_S1_joint_step8000 9 5 4 0.04452916904119775
seed123_S1_joint_step8000 9 5 5 0.04068758897483349
seed123_S1_joint_step8000 9 5 6 0.040236858010757715
seed123_S1_joint_step8000 9 5 7 0.04115499299950898
seed123_S1_joint_step8000 9 5 8 0.04086237295996398
seed123_S1_joint_step8000 9 5 9 0.04114427196327597
seed123_S1_joint_step8000 9 6 0 0.040385072003118694
seed123_S1_joint_step8000 9 6 1 0.040061562962364405
seed123_S1_joint_step8000 9 6 2 0.0402942780056037
seed123_S1_joint_step8000 9 6 3 0.04043188999639824
seed123_S1_joint_step8000 9 6 4 0.04058274900307879
seed123_S1_joint_step8000 9 6 5 0.04250545101240277
seed123_S1_joint_step8000 9 6 6 0.041975458967499435
seed123_S1_joint_step8000 9 6 7 0.03981468203710392
seed123_S1_joint_step8000 9 6 8 0.040165131038520485
seed123_S1_joint_step8000 9 6 9 0.04059572395635769
seed123_S1_joint_step8000 9 7 0 0.04152974800672382
seed123_S1_joint_step8000 9 7 1 0.045559738005977124
seed123_S1_joint_step8000 9 7 2 0.04132404504343867
seed123_S1_joint_step8000 9 7 3 0.041084145952481776
seed123_S1_joint_step8000 9 7 4 0.04077931400388479
seed123_S1_joint_step8000 9 7 5 0.04194925999036059
seed123_S1_joint_step8000 9 7 6 0.04209863499272615
seed123_S1_joint_step8000 9 7 7 0.04063619102817029
seed123_S1_joint_step8000 9 7 8 0.040495162014849484
seed123_S1_joint_step8000 9 7 9 0.041554325027391315
seed123_S1_joint_step8000 9 8 0 0.04266698099672794
seed123_S1_joint_step8000 9 8 1 0.0407872999785468
seed123_S1_joint_step8000 9 8 2 0.04243956599384546
seed123_S1_joint_step8000 9 8 3 0.043425509007647634
seed123_S1_joint_step8000 9 8 4 0.04128061200026423
seed123_S1_joint_step8000 9 8 5 0.04161873896373436
seed123_S1_joint_step8000 9 8 6 0.0413266199757345
seed123_S1_joint_step8000 9 8 7 0.04122937499778345
seed123_S1_joint_step8000 9 8 8 0.04146973299793899
seed123_S1_joint_step8000 9 8 9 0.04149670503102243
seed123_S1_joint_step8000 9 9 0 0.04072694497881457
seed123_S1_joint_step8000 9 9 1 0.04041581094497815
seed123_S1_joint_step8000 9 9 2 0.04514638701220974
seed123_S1_joint_step8000 9 9 3 0.041037296992726624
seed123_S1_joint_step8000 9 9 4 0.040873834979720414
seed123_S1_joint_step8000 9 9 5 0.040501553972717375
seed123_S1_joint_step8000 9 9 6 0.04084575199522078
seed123_S1_joint_step8000 9 9 7 0.04086494800867513
seed123_S1_joint_step8000 9 9 8 0.041482627973891795
seed123_S1_joint_step8000 9 9 9 0.041691606980748475
seed123_S1_joint_step8000 12 0 0 0.4527196320123039
seed123_S1_joint_step8000 12 0 1 0.44621601700782776
seed123_S1_joint_step8000 12 0 2 0.44745558500289917
seed123_S1_joint_step8000 12 0 3 0.43292282201582566
seed123_S1_joint_step8000 12 0 4 0.4602357300464064
seed123_S1_joint_step8000 12 0 5 0.43806476501049474
seed123_S1_joint_step8000 12 0 6 0.4474264690070413
seed123_S1_joint_step8000 12 0 7 0.45757686998695135
seed123_S1_joint_step8000 12 0 8 0.44679306796751916
seed123_S1_joint_step8000 12 0 9 0.4365160050219856
seed123_S1_joint_step8000 12 1 0 0.4817729720380157
seed123_S1_joint_step8000 12 1 1 0.44842653803061694
seed123_S1_joint_step8000 12 1 2 0.4477664660080336
seed123_S1_joint_step8000 12 1 3 0.44732695701532066
seed123_S1_joint_step8000 12 1 4 0.4527210909873247
seed123_S1_joint_step8000 12 1 5 0.46455855399835855
seed123_S1_joint_step8000 12 1 6 0.43234195798868313
seed123_S1_joint_step8000 12 1 7 0.43824318202678114
seed123_S1_joint_step8000 12 1 8 0.4414071560022421
seed123_S1_joint_step8000 12 1 9 0.44675172498682514
seed123_S1_joint_step8000 12 2 0 0.4441347069805488
seed123_S1_joint_step8000 12 2 1 0.4680517059750855
seed123_S1_joint_step8000 12 2 2 0.4558187169604935
seed123_S1_joint_step8000 12 2 3 0.44980863499222323
seed123_S1_joint_step8000 12 2 4 0.4621598089579493
seed123_S1_joint_step8000 12 2 5 0.44666911696549505
seed123_S1_joint_step8000 12 2 6 0.44378769100876525
seed123_S1_joint_step8000 12 2 7 0.46374916401691735
seed123_S1_joint_step8000 12 2 8 0.4354679280077107
seed123_S1_joint_step8000 12 2 9 0.4423126520123333
seed123_S1_joint_step8000 12 3 0 0.45403342304052785
seed123_S1_joint_step8000 12 3 1 0.43592731398530304
seed123_S1_joint_step8000 12 3 2 0.45169383398024365
seed123_S1_joint_step8000 12 3 3 0.43759433802915737
seed123_S1_joint_step8000 12 3 4 0.44480641500558704
seed123_S1_joint_step8000 12 3 5 0.44102739496156573
seed123_S1_joint_step8000 12 3 6 0.445665345992893
seed123_S1_joint_step8000 12 3 7 0.44582054298371077
seed123_S1_joint_step8000 12 3 8 0.4495507079991512
seed123_S1_joint_step8000 12 3 9 0.44645252800546587
seed123_S1_joint_step8000 12 4 0 0.4441797269973904
seed123_S1_joint_step8000 12 4 1 0.4367379799950868
seed123_S1_joint_step8000 12 4 2 0.4307251630234532
seed123_S1_joint_step8000 12 4 3 0.42649993096711114
seed123_S1_joint_step8000 12 4 4 0.43674023199127987
seed123_S1_joint_step8000 12 4 5 0.46339637599885464
seed123_S1_joint_step8000 12 4 6 0.4423624129849486
seed123_S1_joint_step8000 12 4 7 0.4504811429651454
seed123_S1_joint_step8000 12 4 8 0.43765646300744265
seed123_S1_joint_step8000 12 4 9 0.4314031050307676
seed123_S1_joint_step8000 12 5 0 0.43068487296113744
seed123_S1_joint_step8000 12 5 1 0.4446494709700346
seed123_S1_joint_step8000 12 5 2 0.4482257919735275
seed123_S1_joint_step8000 12 5 3 0.44055067002773285
seed123_S1_joint_step8000 12 5 4 0.4352805719827302
seed123_S1_joint_step8000 12 5 5 0.4287025450030342
seed123_S1_joint_step8000 12 5 6 0.42645048297708854
seed123_S1_joint_step8000 12 5 7 0.42798129603033885
seed123_S1_joint_step8000 12 5 8 0.45085935201495886
seed123_S1_joint_step8000 12 5 9 0.4383210689993575
seed123_S1_joint_step8000 12 6 0 0.4315057580242865
seed123_S1_joint_step8000 12 6 1 0.42702056001871824
seed123_S1_joint_step8000 12 6 2 0.4364918140345253
seed123_S1_joint_step8000 12 6 3 0.447000359010417
seed123_S1_joint_step8000 12 6 4 0.44667716103140265
seed123_S1_joint_step8000 12 6 5 0.4334527070168406
seed123_S1_joint_step8000 12 6 6 0.4518702100031078
seed123_S1_joint_step8000 12 6 7 0.46206188102951273
seed123_S1_joint_step8000 12 6 8 0.43735963001381606
seed123_S1_joint_step8000 12 6 9 0.45508584298659116
seed123_S1_joint_step8000 12 7 0 0.42833096999675035
seed123_S1_joint_step8000 12 7 1 0.45930016302736476
seed123_S1_joint_step8000 12 7 2 0.438517790986225
seed123_S1_joint_step8000 12 7 3 0.4550087039824575
seed123_S1_joint_step8000 12 7 4 0.44330457400064915
seed123_S1_joint_step8000 12 7 5 0.43597315897932276
seed123_S1_joint_step8000 12 7 6 0.44207381398882717
seed123_S1_joint_step8000 12 7 7 0.44251197000266984
seed123_S1_joint_step8000 12 7 8 0.44127916503930464
seed123_S1_joint_step8000 12 7 9 0.44973160105291754
seed123_S1_joint_step8000 12 8 0 0.44613450003089383
seed123_S1_joint_step8000 12 8 1 0.4374140999861993
seed123_S1_joint_step8000 12 8 2 0.43352426803903654
seed123_S1_joint_step8000 12 8 3 0.4254735989961773
seed123_S1_joint_step8000 12 8 4 0.43338007398415357
seed123_S1_joint_step8000 12 8 5 0.42774241301231086
seed123_S1_joint_step8000 12 8 6 0.43196191400056705
seed123_S1_joint_step8000 12 8 7 0.43613179901149124
seed123_S1_joint_step8000 12 8 8 0.4564958710107021
seed123_S1_joint_step8000 12 8 9 0.4331961799762212
seed123_S1_joint_step8000 12 9 0 0.4672185039962642
seed123_S1_joint_step8000 12 9 1 0.44292415300151333
seed123_S1_joint_step8000 12 9 2 0.4449043159838766
seed123_S1_joint_step8000 12 9 3 0.43147168500581756
seed123_S1_joint_step8000 12 9 4 0.44381727901054546
seed123_S1_joint_step8000 12 9 5 0.45290050003677607
seed123_S1_joint_step8000 12 9 6 0.43596854503266513
seed123_S1_joint_step8000 12 9 7 0.43160296499263495
seed123_S1_joint_step8000 12 9 8 0.43218895397149026
seed123_S1_joint_step8000 12 9 9 0.45448837301228195
seed123_S1_joint_step8000 18 0 0 0.10819338500732556
seed123_S1_joint_step8000 18 0 1 0.11161427095066756
seed123_S1_joint_step8000 18 0 2 0.1082667350419797
seed123_S1_joint_step8000 18 0 3 0.10262218199204654
seed123_S1_joint_step8000 18 0 4 0.10585278400685638
seed123_S1_joint_step8000 18 0 5 0.10893723601475358
seed123_S1_joint_step8000 18 0 6 0.1094867360079661
seed123_S1_joint_step8000 18 0 7 0.11053172202082351
seed123_S1_joint_step8000 18 0 8 0.10725454200292006
seed123_S1_joint_step8000 18 0 9 0.10773353697732091
seed123_S1_joint_step8000 18 1 0 0.10284560901345685
seed123_S1_joint_step8000 18 1 1 0.10593643400352448
seed123_S1_joint_step8000 18 1 2 0.10203557094791904
seed123_S1_joint_step8000 18 1 3 0.10589271900244057
seed123_S1_joint_step8000 18 1 4 0.10654205997707322
seed123_S1_joint_step8000 18 1 5 0.1120911609614268
seed123_S1_joint_step8000 18 1 6 0.1029880809946917
seed123_S1_joint_step8000 18 1 7 0.10421651799697429
seed123_S1_joint_step8000 18 1 8 0.10390131501480937
seed123_S1_joint_step8000 18 1 9 0.10600056598195806
seed123_S1_joint_step8000 18 2 0 0.1076694629737176
seed123_S1_joint_step8000 18 2 1 0.10884759499458596
seed123_S1_joint_step8000 18 2 2 0.11192803899757564
seed123_S1_joint_step8000 18 2 3 0.09991714498028159
seed123_S1_joint_step8000 18 2 4 0.10955726000247523
seed123_S1_joint_step8000 18 2 5 0.11075132101541385
seed123_S1_joint_step8000 18 2 6 0.11282786802621558
seed123_S1_joint_step8000 18 2 7 0.10766362299909815
seed123_S1_joint_step8000 18 2 8 0.10588663798989728
seed123_S1_joint_step8000 18 2 9 0.1056620089802891
seed123_S1_joint_step8000 18 3 0 0.09978551301173866
seed123_S1_joint_step8000 18 3 1 0.10653193102916703
seed123_S1_joint_step8000 18 3 2 0.10486457496881485
seed123_S1_joint_step8000 18 3 3 0.1073574079782702
seed123_S1_joint_step8000 18 3 4 0.10360382799990475
seed123_S1_joint_step8000 18 3 5 0.10844533599447459
seed123_S1_joint_step8000 18 3 6 0.11097139201592654
seed123_S1_joint_step8000 18 3 7 0.110527723969426
seed123_S1_joint_step8000 18 3 8 0.10956850100774318
seed123_S1_joint_step8000 18 3 9 0.10561115201562643
seed123_S1_joint_step8000 18 4 0 0.11240121303126216
seed123_S1_joint_step8000 18 4 1 0.10994719597510993
seed123_S1_joint_step8000 18 4 2 0.1156834929715842
seed123_S1_joint_step8000 18 4 3 0.10304508899571374
seed123_S1_joint_step8000 18 4 4 0.10521504504140466
seed123_S1_joint_step8000 18 4 5 0.10320490499725565
seed123_S1_joint_step8000 18 4 6 0.10896552004851401
seed123_S1_joint_step8000 18 4 7 0.10857733798911795
seed123_S1_joint_step8000 18 4 8 0.10628169198753312
seed123_S1_joint_step8000 18 4 9 0.11037414002930745
seed123_S1_joint_step8000 18 5 0 0.10292017098981887
seed123_S1_joint_step8000 18 5 1 0.10532902297563851
seed123_S1_joint_step8000 18 5 2 0.10220257000764832
seed123_S1_joint_step8000 18 5 3 0.10586084803799167
seed123_S1_joint_step8000 18 5 4 0.10862152301706374
seed123_S1_joint_step8000 18 5 5 0.10427592101041228
seed123_S1_joint_step8000 18 5 6 0.10737903899280354
seed123_S1_joint_step8000 18 5 7 0.10243923298548907
seed123_S1_joint_step8000 18 5 8 0.11336126603418961
seed123_S1_joint_step8000 18 5 9 0.10196265100967139
seed123_S1_joint_step8000 18 6 0 0.10697917500510812
seed123_S1_joint_step8000 18 6 1 0.10942012700252235
seed123_S1_joint_step8000 18 6 2 0.10516010998981073
seed123_S1_joint_step8000 18 6 3 0.10755550599424168
seed123_S1_joint_step8000 18 6 4 0.10838677297579125
seed123_S1_joint_step8000 18 6 5 0.10560945799807087
seed123_S1_joint_step8000 18 6 6 0.10272039903793484
seed123_S1_joint_step8000 18 6 7 0.10659987002145499
seed123_S1_joint_step8000 18 6 8 0.10583149298327044
seed123_S1_joint_step8000 18 6 9 0.10699588595889509
seed123_S1_joint_step8000 18 7 0 0.10780158505076542
seed123_S1_joint_step8000 18 7 1 0.10491073300363496
seed123_S1_joint_step8000 18 7 2 0.1050120170111768
seed123_S1_joint_step8000 18 7 3 0.10915382800158113
seed123_S1_joint_step8000 18 7 4 0.11298999702557921
seed123_S1_joint_step8000 18 7 5 0.10602389101404697
seed123_S1_joint_step8000 18 7 6 0.11101751896785572
seed123_S1_joint_step8000 18 7 7 0.10598446399671957
seed123_S1_joint_step8000 18 7 8 0.10796255199238658
seed123_S1_joint_step8000 18 7 9 0.10622159799095243
seed123_S1_joint_step8000 18 8 0 0.10481343703577295
seed123_S1_joint_step8000 18 8 1 0.11393188603688031
seed123_S1_joint_step8000 18 8 2 0.11068705801153556
seed123_S1_joint_step8000 18 8 3 0.10876583697972819
seed123_S1_joint_step8000 18 8 4 0.10343027400085703
seed123_S1_joint_step8000 18 8 5 0.10286601696861908
seed123_S1_joint_step8000 18 8 6 0.103413502976764
seed123_S1_joint_step8000 18 8 7 0.10853168996982276
seed123_S1_joint_step8000 18 8 8 0.10677398199914023
seed123_S1_joint_step8000 18 8 9 0.10871323698665947
seed123_S1_joint_step8000 18 9 0 0.10404720302904025
seed123_S1_joint_step8000 18 9 1 0.10083827300695702
seed123_S1_joint_step8000 18 9 2 0.1047040669946
seed123_S1_joint_step8000 18 9 3 0.1092576069640927
seed123_S1_joint_step8000 18 9 4 0.11475724197225645
seed123_S1_joint_step8000 18 9 5 0.105722653970588
seed123_S1_joint_step8000 18 9 6 0.10805509996134788
seed123_S1_joint_step8000 18 9 7 0.1049625119776465
seed123_S1_joint_step8000 18 9 8 0.10457001201575622
seed123_S1_joint_step8000 18 9 9 0.10283367498777807
seed123_S1_joint_step8000 22 0 0 0.016418072977103293
seed123_S1_joint_step8000 22 0 1 0.016152957046870142
seed123_S1_joint_step8000 22 0 2 0.015745509997941554
seed123_S1_joint_step8000 22 0 3 0.015391421969980001
seed123_S1_joint_step8000 22 0 4 0.015589411021210253
seed123_S1_joint_step8000 22 0 5 0.01568043400766328
seed123_S1_joint_step8000 22 0 6 0.01590986200608313
seed123_S1_joint_step8000 22 0 7 0.016094957012683153
seed123_S1_joint_step8000 22 0 8 0.016236676950939
seed123_S1_joint_step8000 22 0 9 0.015987491002306342
seed123_S1_joint_step8000 22 1 0 0.015876710007432848
seed123_S1_joint_step8000 22 1 1 0.01583956799004227
seed123_S1_joint_step8000 22 1 2 0.01585985696874559
seed123_S1_joint_step8000 22 1 3 0.0158420639927499
seed123_S1_joint_step8000 22 1 4 0.015844959008973092
seed123_S1_joint_step8000 22 1 5 0.015875237004365772
seed123_S1_joint_step8000 22 1 6 0.01584388699848205
seed123_S1_joint_step8000 22 1 7 0.015849928022362292
seed123_S1_joint_step8000 22 1 8 0.01581251702737063
seed123_S1_joint_step8000 22 1 9 0.0158030689926818
seed123_S1_joint_step8000 22 2 0 0.01575209101429209
seed123_S1_joint_step8000 22 2 1 0.01574201200855896
seed123_S1_joint_step8000 22 2 2 0.015739467984531075
seed123_S1_joint_step8000 22 2 3 0.01572370796930045
seed123_S1_joint_step8000 22 2 4 0.015837504994124174
seed123_S1_joint_step8000 22 2 5 0.01786150102270767
seed123_S1_joint_step8000 22 2 6 0.01617663202341646
seed123_S1_joint_step8000 22 2 7 0.017829960968811065
seed123_S1_joint_step8000 22 2 8 0.017530699027702212
seed123_S1_joint_step8000 22 2 9 0.016631932056043297
seed123_S1_joint_step8000 22 3 0 0.015563942026346922
seed123_S1_joint_step8000 22 3 1 0.015716544003225863
seed123_S1_joint_step8000 22 3 2 0.017996417998801917
seed123_S1_joint_step8000 22 3 3 0.0177738830097951
seed123_S1_joint_step8000 22 3 4 0.015291632036678493
seed123_S1_joint_step8000 22 3 5 0.01530569902388379
seed123_S1_joint_step8000 22 3 6 0.015644536004401743
seed123_S1_joint_step8000 22 3 7 0.01589661801699549
seed123_S1_joint_step8000 22 3 8 0.01585807400988415
seed123_S1_joint_step8000 22 3 9 0.015820942993741482
seed123_S1_joint_step8000 22 4 0 0.01572364696767181
seed123_S1_joint_step8000 22 4 1 0.01573442801600322
seed123_S1_joint_step8000 22 4 2 0.015726762998383492
seed123_S1_joint_step8000 22 4 3 0.015762501978315413
seed123_S1_joint_step8000 22 4 4 0.015792158024851233
seed123_S1_joint_step8000 22 4 5 0.015797336993273348
seed123_S1_joint_step8000 22 4 6 0.01591165695572272
seed123_S1_joint_step8000 22 4 7 0.016062384005635977
seed123_S1_joint_step8000 22 4 8 0.015741561946924776
seed123_S1_joint_step8000 22 4 9 0.015977192029822618
seed123_S1_joint_step8000 22 5 0 0.017108654021285474
seed123_S1_joint_step8000 22 5 1 0.01657682697987184
seed123_S1_joint_step8000 22 5 2 0.016546198981814086
seed123_S1_joint_step8000 22 5 3 0.016371944977436215
seed123_S1_joint_step8000 22 5 4 0.01691201695939526
seed123_S1_joint_step8000 22 5 5 0.01705906802089885
seed123_S1_joint_step8000 22 5 6 0.0158724210341461
seed123_S1_joint_step8000 22 5 7 0.015633614966645837
seed123_S1_joint_step8000 22 5 8 0.01692756701959297
seed123_S1_joint_step8000 22 5 9 0.01825945096788928
seed123_S1_joint_step8000 22 6 0 0.017507906013634056
seed123_S1_joint_step8000 22 6 1 0.01729723298922181
seed123_S1_joint_step8000 22 6 2 0.017488989979028702
seed123_S1_joint_step8000 22 6 3 0.017616373021155596
seed123_S1_joint_step8000 22 6 4 0.016179787984583527
seed123_S1_joint_step8000 22 6 5 0.018402424990199506
seed123_S1_joint_step8000 22 6 6 0.01691316900542006
seed123_S1_joint_step8000 22 6 7 0.017224985000211746
seed123_S1_joint_step8000 22 6 8 0.01598583796294406
seed123_S1_joint_step8000 22 6 9 0.015735519991721958
seed123_S1_joint_step8000 22 7 0 0.01569883996853605
seed123_S1_joint_step8000 22 7 1 0.01551897602621466
seed123_S1_joint_step8000 22 7 2 0.01538592204451561
seed123_S1_joint_step8000 22 7 3 0.015331266971770674
seed123_S1_joint_step8000 22 7 4 0.015319615020416677
seed123_S1_joint_step8000 22 7 5 0.015301770996302366
seed123_S1_joint_step8000 22 7 6 0.015828977979253978
seed123_S1_joint_step8000 22 7 7 0.017415308975614607
seed123_S1_joint_step8000 22 7 8 0.015741229988634586
seed123_S1_joint_step8000 22 7 9 0.015453460975550115
seed123_S1_joint_step8000 22 8 0 0.01552348502445966
seed123_S1_joint_step8000 22 8 1 0.015692979039158672
seed123_S1_joint_step8000 22 8 2 0.01661254500504583
seed123_S1_joint_step8000 22 8 3 0.017278036975767463
seed123_S1_joint_step8000 22 8 4 0.016540898010134697
seed123_S1_joint_step8000 22 8 5 0.01560685399454087
seed123_S1_joint_step8000 22 8 6 0.015646539977751672
seed123_S1_joint_step8000 22 8 7 0.015517915016971529
seed123_S1_joint_step8000 22 8 8 0.015503015951253474
seed123_S1_joint_step8000 22 8 9 0.015478968969546258
seed123_S1_joint_step8000 22 9 0 0.016635539999697357
seed123_S1_joint_step8000 22 9 1 0.01621860300656408
seed123_S1_joint_step8000 22 9 2 0.015445645956788212
seed123_S1_joint_step8000 22 9 3 0.016707467031665146
seed123_S1_joint_step8000 22 9 4 0.016987901995889843
seed123_S1_joint_step8000 22 9 5 0.01664371503284201
seed123_S1_joint_step8000 22 9 6 0.016298054018989205
seed123_S1_joint_step8000 22 9 7 0.015903108986094594
seed123_S1_joint_step8000 22 9 8 0.01688882301095873
seed123_S1_joint_step8000 22 9 9 0.016258949995972216
seed123_S1_joint_step8000 24 0 0 0.018044339027255774
seed123_S1_joint_step8000 24 0 1 0.018045223027002066
seed123_S1_joint_step8000 24 0 2 0.018724208988714963
seed123_S1_joint_step8000 24 0 3 0.017802106973249465
seed123_S1_joint_step8000 24 0 4 0.0194749939837493
seed123_S1_joint_step8000 24 0 5 0.02045700902817771
seed123_S1_joint_step8000 24 0 6 0.018655528023373336
seed123_S1_joint_step8000 24 0 7 0.018194658041466027
seed123_S1_joint_step8000 24 0 8 0.018755760043859482
seed123_S1_joint_step8000 24 0 9 0.018942236027214676
seed123_S1_joint_step8000 24 1 0 0.01937239698600024
seed123_S1_joint_step8000 24 1 1 0.020150925032794476
seed123_S1_joint_step8000 24 1 2 0.018687940028030425
seed123_S1_joint_step8000 24 1 3 0.018780497019179165
seed123_S1_joint_step8000 24 1 4 0.017981951008550823
seed123_S1_joint_step8000 24 1 5 0.017580304003786296
seed123_S1_joint_step8000 24 1 6 0.0174259589985013
seed123_S1_joint_step8000 24 1 7 0.017348710971418768
seed123_S1_joint_step8000 24 1 8 0.017358579963911325
seed123_S1_joint_step8000 24 1 9 0.01731991599081084
seed123_S1_joint_step8000 24 2 0 0.017285719979554415
seed123_S1_joint_step8000 24 2 1 0.0173338339664042
seed123_S1_joint_step8000 24 2 2 0.017732264997903258
seed123_S1_joint_step8000 24 2 3 0.01766271103406325
seed123_S1_joint_step8000 24 2 4 0.018226668995339423
seed123_S1_joint_step8000 24 2 5 0.018907608988229185
seed123_S1_joint_step8000 24 2 6 0.017836223996710032
seed123_S1_joint_step8000 24 2 7 0.017561889020726085
seed123_S1_joint_step8000 24 2 8 0.01744472497375682
seed123_S1_joint_step8000 24 2 9 0.017466948018409312
seed123_S1_joint_step8000 24 3 0 0.017498055996838957
seed123_S1_joint_step8000 24 3 1 0.017848376010078937
seed123_S1_joint_step8000 24 3 2 0.01764488802291453
seed123_S1_joint_step8000 24 3 3 0.019193585962057114
seed123_S1_joint_step8000 24 3 4 0.01939733501058072
seed123_S1_joint_step8000 24 3 5 0.018267737003043294
seed123_S1_joint_step8000 24 3 6 0.01875653100432828
seed123_S1_joint_step8000 24 3 7 0.019732423999812454
seed123_S1_joint_step8000 24 3 8 0.01756181800737977
seed123_S1_joint_step8000 24 3 9 0.017517123953439295
seed123_S1_joint_step8000 24 4 0 0.01765955501468852
seed123_S1_joint_step8000 24 4 1 0.019547120959032327
seed123_S1_joint_step8000 24 4 2 0.017702166980598122
seed123_S1_joint_step8000 24 4 3 0.017496593995019794
seed123_S1_joint_step8000 24 4 4 0.018949590041302145
seed123_S1_joint_step8000 24 4 5 0.01910428499104455
seed123_S1_joint_step8000 24 4 6 0.0182600129628554
seed123_S1_joint_step8000 24 4 7 0.017599170038010925
seed123_S1_joint_step8000 24 4 8 0.01760642498265952
seed123_S1_joint_step8000 24 4 9 0.017546790011692792
seed123_S1_joint_step8000 24 5 0 0.01787814195267856
seed123_S1_joint_step8000 24 5 1 0.017884314991533756
seed123_S1_joint_step8000 24 5 2 0.017686065984889865
seed123_S1_joint_step8000 24 5 3 0.017412282002624124
seed123_S1_joint_step8000 24 5 4 0.017250394041184336
seed123_S1_joint_step8000 24 5 5 0.017197242006659508
seed123_S1_joint_step8000 24 5 6 0.017180259979795665
seed123_S1_joint_step8000 24 5 7 0.017149380000773817
seed123_S1_joint_step8000 24 5 8 0.017133410030510277
seed123_S1_joint_step8000 24 5 9 0.017142377968411893
seed123_S1_joint_step8000 24 6 0 0.017151475010905415
seed123_S1_joint_step8000 24 6 1 0.017908290028572083
seed123_S1_joint_step8000 24 6 2 0.018021235999185592
seed123_S1_joint_step8000 24 6 3 0.019526602001860738
seed123_S1_joint_step8000 24 6 4 0.01937535300385207
seed123_S1_joint_step8000 24 6 5 0.01858578500105068
seed123_S1_joint_step8000 24 6 6 0.017720912001095712
seed123_S1_joint_step8000 24 6 7 0.017608678026590496
seed123_S1_joint_step8000 24 6 8 0.017610119946766645
seed123_S1_joint_step8000 24 6 9 0.017459533002693206
seed123_S1_joint_step8000 24 7 0 0.017374561983160675
seed123_S1_joint_step8000 24 7 1 0.017396011971868575
seed123_S1_joint_step8000 24 7 2 0.01827134395716712
seed123_S1_joint_step8000 24 7 3 0.017809491022489965
seed123_S1_joint_step8000 24 7 4 0.01829258498037234
seed123_S1_joint_step8000 24 7 5 0.01759413001127541
seed123_S1_joint_step8000 24 7 6 0.0175366600160487
seed123_S1_joint_step8000 24 7 7 0.019090709974989295
seed123_S1_joint_step8000 24 7 8 0.01759947102982551
seed123_S1_joint_step8000 24 7 9 0.017539145017508417
seed123_S1_joint_step8000 24 8 0 0.017540747998282313
seed123_S1_joint_step8000 24 8 1 0.01750710397027433
seed123_S1_joint_step8000 24 8 2 0.017521871952340007
seed123_S1_joint_step8000 24 8 3 0.017514687962830067
seed123_S1_joint_step8000 24 8 4 0.017538855026941746
seed123_S1_joint_step8000 24 8 5 0.018137277977075428
seed123_S1_joint_step8000 24 8 6 0.01960035297088325
seed123_S1_joint_step8000 24 8 7 0.01833839202299714
seed123_S1_joint_step8000 24 8 8 0.01815234700916335
seed123_S1_joint_step8000 24 8 9 0.01929783500963822
seed123_S1_joint_step8000 24 9 0 0.018166142981499434
seed123_S1_joint_step8000 24 9 1 0.018054299987852573
seed123_S1_joint_step8000 24 9 2 0.017738265974912792
seed123_S1_joint_step8000 24 9 3 0.01752314402256161
seed123_S1_joint_step8000 24 9 4 0.01744418399175629
seed123_S1_joint_step8000 24 9 5 0.017394619004335254
seed123_S1_joint_step8000 24 9 6 0.017365793988574296
seed123_S1_joint_step8000 24 9 7 0.017376244999468327
seed123_S1_joint_step8000 24 9 8 0.017365854000672698
seed123_S1_joint_step8000 24 9 9 0.01735979301156476
seed123_S1_joint_step8000 30 0 0 0.029206492996308953
seed123_S1_joint_step8000 30 0 1 0.029208966996520758
seed123_S1_joint_step8000 30 0 2 0.028671542007941753
seed123_S1_joint_step8000 30 0 3 0.028935567010194063
seed123_S1_joint_step8000 30 0 4 0.02824737102491781
seed123_S1_joint_step8000 30 0 5 0.027675468008965254
seed123_S1_joint_step8000 30 0 6 0.027749079978093505
seed123_S1_joint_step8000 30 0 7 0.02884853002615273
seed123_S1_joint_step8000 30 0 8 0.029447874054312706
seed123_S1_joint_step8000 30 0 9 0.02963249699678272
seed123_S1_joint_step8000 30 1 0 0.028310121037065983
seed123_S1_joint_step8000 30 1 1 0.027671180956531316
seed123_S1_joint_step8000 30 1 2 0.02898085198830813
seed123_S1_joint_step8000 30 1 3 0.0282318209647201
seed123_S1_joint_step8000 30 1 4 0.02752177498769015
seed123_S1_joint_step8000 30 1 5 0.027552134008146822
seed123_S1_joint_step8000 30 1 6 0.027984919026494026
seed123_S1_joint_step8000 30 1 7 0.028224678011611104
seed123_S1_joint_step8000 30 1 8 0.028668667015153915
seed123_S1_joint_step8000 30 1 9 0.02984847000334412
seed123_S1_joint_step8000 30 2 0 0.028896409959997982
seed123_S1_joint_step8000 30 2 1 0.027824243006762117
seed123_S1_joint_step8000 30 2 2 0.027662283973768353
seed123_S1_joint_step8000 30 2 3 0.027309118944685906
seed123_S1_joint_step8000 30 2 4 0.027064219990279526
seed123_S1_joint_step8000 30 2 5 0.02755459799664095
seed123_S1_joint_step8000 30 2 6 0.028692341002169997
seed123_S1_joint_step8000 30 2 7 0.029010127997025847
seed123_S1_joint_step8000 30 2 8 0.02835009800037369
seed123_S1_joint_step8000 30 2 9 0.030375615984667093
seed123_S1_joint_step8000 30 3 0 0.028187276038806885
seed123_S1_joint_step8000 30 3 1 0.02808573201764375
seed123_S1_joint_step8000 30 3 2 0.028530742973089218
seed123_S1_joint_step8000 30 3 3 0.02958630898501724
seed123_S1_joint_step8000 30 3 4 0.0294240890070796
seed123_S1_joint_step8000 30 3 5 0.02880237199133262
seed123_S1_joint_step8000 30 3 6 0.028431753045879304
seed123_S1_joint_step8000 30 3 7 0.028373882989399135
seed123_S1_joint_step8000 30 3 8 0.02817988203605637
seed123_S1_joint_step8000 30 3 9 0.028240699029993266
seed123_S1_joint_step8000 30 4 0 0.028341811033897102
seed123_S1_joint_step8000 30 4 1 0.02833021996775642
seed123_S1_joint_step8000 30 4 2 0.028683083946816623
seed123_S1_joint_step8000 30 4 3 0.028028964006807655
seed123_S1_joint_step8000 30 4 4 0.02862179698422551
seed123_S1_joint_step8000 30 4 5 0.028269615024328232
seed123_S1_joint_step8000 30 4 6 0.028885079023893923
seed123_S1_joint_step8000 30 4 7 0.027717660006601363
seed123_S1_joint_step8000 30 4 8 0.027951745956670493
seed123_S1_joint_step8000 30 4 9 0.027851133956573904
seed123_S1_joint_step8000 30 5 0 0.026886751991696656
seed123_S1_joint_step8000 30 5 1 0.028735945001244545
seed123_S1_joint_step8000 30 5 2 0.029195752984378487
seed123_S1_joint_step8000 30 5 3 0.030369194981176406
seed123_S1_joint_step8000 30 5 4 0.02789020905038342
seed123_S1_joint_step8000 30 5 5 0.02777482901001349
seed123_S1_joint_step8000 30 5 6 0.029726225999183953
seed123_S1_joint_step8000 30 5 7 0.028881392965558916
seed123_S1_joint_step8000 30 5 8 0.02824889397015795
seed123_S1_joint_step8000 30 5 9 0.028313216054812074
seed123_S1_joint_step8000 30 6 0 0.02785054297419265
seed123_S1_joint_step8000 30 6 1 0.027635060949251056
seed123_S1_joint_step8000 30 6 2 0.02880834200186655
seed123_S1_joint_step8000 30 6 3 0.02837191999424249
seed123_S1_joint_step8000 30 6 4 0.028340989956632257
seed123_S1_joint_step8000 30 6 5 0.028567793022375554
seed123_S1_joint_step8000 30 6 6 0.028761353984009475
seed123_S1_joint_step8000 30 6 7 0.028606496984139085
seed123_S1_joint_step8000 30 6 8 0.02918285899795592
seed123_S1_joint_step8000 30 6 9 0.029753407987300307
seed123_S1_joint_step8000 30 7 0 0.030597169999964535
seed123_S1_joint_step8000 30 7 1 0.028949061990715563
seed123_S1_joint_step8000 30 7 2 0.02745794301154092
seed123_S1_joint_step8000 30 7 3 0.028814404970034957
seed123_S1_joint_step8000 30 7 4 0.027860421978402883
seed123_S1_joint_step8000 30 7 5 0.0283416910097003
seed123_S1_joint_step8000 30 7 6 0.030018333985935897
seed123_S1_joint_step8000 30 7 7 0.028844182030297816
seed123_S1_joint_step8000 30 7 8 0.029465768951922655
seed123_S1_joint_step8000 30 7 9 0.027528749022167176
seed123_S1_joint_step8000 30 8 0 0.027938270999584347
seed123_S1_joint_step8000 30 8 1 0.027840084047056735
seed123_S1_joint_step8000 30 8 2 0.02790635998826474
seed123_S1_joint_step8000 30 8 3 0.02816405094927177
seed123_S1_joint_step8000 30 8 4 0.02889690297888592
seed123_S1_joint_step8000 30 8 5 0.029503570985980332
seed123_S1_joint_step8000 30 8 6 0.028729110956192017
seed123_S1_joint_step8000 30 8 7 0.027782023011241108
seed123_S1_joint_step8000 30 8 8 0.027602148009464145
seed123_S1_joint_step8000 30 8 9 0.027563585026655346
seed123_S1_joint_step8000 30 9 0 0.027908944990485907
seed123_S1_joint_step8000 30 9 1 0.029291485028807074
seed123_S1_joint_step8000 30 9 2 0.03099640301661566
seed123_S1_joint_step8000 30 9 3 0.02965237502939999
seed123_S1_joint_step8000 30 9 4 0.030104117991868407
seed123_S1_joint_step8000 30 9 5 0.030950025015044957
seed123_S1_joint_step8000 30 9 6 0.029511646018363535
seed123_S1_joint_step8000 30 9 7 0.02797182503854856
seed123_S1_joint_step8000 30 9 8 0.0285777110257186
seed123_S1_joint_step8000 30 9 9 0.02921442798106
seed123_S1_joint_step8000 33 0 0 0.007994081010110676
seed123_S1_joint_step8000 33 0 1 0.006783297983929515
seed123_S1_joint_step8000 33 0 2 0.006333890021778643
seed123_S1_joint_step8000 33 0 3 0.00629809097154066
seed123_S1_joint_step8000 33 0 4 0.006308451003860682
seed123_S1_joint_step8000 33 0 5 0.00632728700293228
seed123_S1_joint_step8000 33 0 6 0.006389276008121669
seed123_S1_joint_step8000 33 0 7 0.006347074988298118
seed123_S1_joint_step8000 33 0 8 0.006301046989392489
seed123_S1_joint_step8000 33 0 9 0.006377132958732545
seed123_S1_joint_step8000 33 1 0 0.006376120960339904
seed123_S1_joint_step8000 33 1 1 0.006332006014417857
seed123_S1_joint_step8000 33 1 2 0.006353046046569943
seed123_S1_joint_step8000 33 1 3 0.006326696020551026
seed123_S1_joint_step8000 33 1 4 0.006297088984865695
seed123_S1_joint_step8000 33 1 5 0.006329802039545029
seed123_S1_joint_step8000 33 1 6 0.006339118990581483
seed123_S1_joint_step8000 33 1 7 0.006322378001641482
seed123_S1_joint_step8000 33 1 8 0.0063317049643956125
seed123_S1_joint_step8000 33 1 9 0.006318148982245475
seed123_S1_joint_step8000 33 2 0 0.00632571498863399
seed123_S1_joint_step8000 33 2 1 0.006317919003777206
seed123_S1_joint_step8000 33 2 2 0.0063119070255197585
seed123_S1_joint_step8000 33 2 3 0.006322928995359689
seed123_S1_joint_step8000 33 2 4 0.006334380013868213
seed123_S1_joint_step8000 33 2 5 0.006300015025772154
seed123_S1_joint_step8000 33 2 6 0.00631892099045217
seed123_S1_joint_step8000 33 2 7 0.006308812007773668
seed123_S1_joint_step8000 33 2 8 0.006317559047602117
seed123_S1_joint_step8000 33 2 9 0.006301807996351272
seed123_S1_joint_step8000 33 3 0 0.006316967017482966
seed123_S1_joint_step8000 33 3 1 0.006306396971922368
seed123_S1_joint_step8000 33 3 2 0.006485379009973258
seed123_S1_joint_step8000 33 3 3 0.006901083048433065
seed123_S1_joint_step8000 33 3 4 0.006780050985980779
seed123_S1_joint_step8000 33 3 5 0.00688010297017172
seed123_S1_joint_step8000 33 3 6 0.0067621979978866875
seed123_S1_joint_step8000 33 3 7 0.006513973989058286
seed123_S1_joint_step8000 33 3 8 0.006331495009362698
seed123_S1_joint_step8000 33 3 9 0.0062952759908512235
seed123_S1_joint_step8000 33 4 0 0.006338428007438779
seed123_S1_joint_step8000 33 4 1 0.006319922977127135
seed123_S1_joint_step8000 33 4 2 0.006683446990791708
seed123_S1_joint_step8000 33 4 3 0.007192940975073725
seed123_S1_joint_step8000 33 4 4 0.006346123002003878
seed123_S1_joint_step8000 33 4 5 0.006741266988683492
seed123_S1_joint_step8000 33 4 6 0.006850867997854948
seed123_S1_joint_step8000 33 4 7 0.006652258045505732
seed123_S1_joint_step8000 33 4 8 0.006818686029873788
seed123_S1_joint_step8000 33 4 9 0.006829576042946428
seed123_S1_joint_step8000 33 5 0 0.006705981038976461
seed123_S1_joint_step8000 33 5 1 0.006342125008814037
seed123_S1_joint_step8000 33 5 2 0.006314262980595231
seed123_S1_joint_step8000 33 5 3 0.006345432018861175
seed123_S1_joint_step8000 33 5 4 0.006352635973598808
seed123_S1_joint_step8000 33 5 5 0.00632720603607595
seed123_S1_joint_step8000 33 5 6 0.006662478030193597
seed123_S1_joint_step8000 33 5 7 0.006301809044089168
seed123_S1_joint_step8000 33 5 8 0.0062763800378888845
seed123_S1_joint_step8000 33 5 9 0.006281669018790126
seed123_S1_joint_step8000 33 6 0 0.006314633006695658
seed123_S1_joint_step8000 33 6 1 0.006340101012028754
seed123_S1_joint_step8000 33 6 2 0.006365499983076006
seed123_S1_joint_step8000 33 6 3 0.006433600035961717
seed123_S1_joint_step8000 33 6 4 0.006419393001124263
seed123_S1_joint_step8000 33 6 5 0.006436204013880342
seed123_S1_joint_step8000 33 6 6 0.0063875719788484275
seed123_S1_joint_step8000 33 6 7 0.006404333980754018
seed123_S1_joint_step8000 33 6 8 0.006407169974409044
seed123_S1_joint_step8000 33 6 9 0.006424513005185872
seed123_S1_joint_step8000 33 7 0 0.00639672001125291
seed123_S1_joint_step8000 33 7 1 0.006334741949103773
seed123_S1_joint_step8000 33 7 2 0.006324340996798128
seed123_S1_joint_step8000 33 7 3 0.0063349619740620255
seed123_S1_joint_step8000 33 7 4 0.006301218003500253
seed123_S1_joint_step8000 33 7 5 0.0063490079483017325
seed123_S1_joint_step8000 33 7 6 0.006347835995256901
seed123_S1_joint_step8000 33 7 7 0.006350180017761886
seed123_S1_joint_step8000 33 7 8 0.006350202020257711
seed123_S1_joint_step8000 33 7 9 0.0063349619740620255
seed123_S1_joint_step8000 33 8 0 0.006292610021773726
seed123_S1_joint_step8000 33 8 1 0.006404104002285749
seed123_S1_joint_step8000 33 8 2 0.006351503019686788
seed123_S1_joint_step8000 33 8 3 0.0063484880374744534
seed123_S1_joint_step8000 33 8 4 0.006370560033246875
seed123_S1_joint_step8000 33 8 5 0.006341484026052058
seed123_S1_joint_step8000 33 8 6 0.00636791402939707
seed123_S1_joint_step8000 33 8 7 0.006365059991367161
seed123_S1_joint_step8000 33 8 8 0.006289264012593776
seed123_S1_joint_step8000 33 8 9 0.0063062969711609185
seed123_S1_joint_step8000 33 9 0 0.006317678955383599
seed123_S1_joint_step8000 33 9 1 0.006641746964305639
seed123_S1_joint_step8000 33 9 2 0.006995362986344844
seed123_S1_joint_step8000 33 9 3 0.00674539600731805
seed123_S1_joint_step8000 33 9 4 0.006304153008386493
seed123_S1_joint_step8000 33 9 5 0.0063187810010276735
seed123_S1_joint_step8000 33 9 6 0.006679227983113378
seed123_S1_joint_step8000 33 9 7 0.0063568539917469025
seed123_S1_joint_step8000 33 9 8 0.006314122001640499
seed123_S1_joint_step8000 33 9 9 0.006302880006842315
seed123_S1_joint_step8000 36 0 0 0.0066927759908139706
seed123_S1_joint_step8000 36 0 1 0.16784176998771727
seed123_S1_joint_step8000 36 0 2 0.00680196302710101
seed123_S1_joint_step8000 36 0 3 0.006675723008811474
seed123_S1_joint_step8000 36 0 4 0.008595690014772117
seed123_S1_joint_step8000 36 0 5 0.007759302970953286
seed123_S1_joint_step8000 36 0 6 0.006629744020756334
seed123_S1_joint_step8000 36 0 7 0.006623863999266177
seed123_S1_joint_step8000 36 0 8 0.0065882650087587535
seed123_S1_joint_step8000 36 0 9 0.006601581000722945
seed123_S1_joint_step8000 36 1 0 0.006647458008956164
seed123_S1_joint_step8000 36 1 1 0.006613834004383534
seed123_S1_joint_step8000 36 1 2 0.006637078942731023
seed123_S1_joint_step8000 36 1 3 0.0065902000060305
seed123_S1_joint_step8000 36 1 4 0.006631347991060466
seed123_S1_joint_step8000 36 1 5 0.006618532992433757
seed123_S1_joint_step8000 36 1 6 0.006636186968535185
seed123_S1_joint_step8000 36 1 7 0.006620256986934692
seed123_S1_joint_step8000 36 1 8 0.006779761984944344
seed123_S1_joint_step8000 36 1 9 0.00662800099235028
seed123_S1_joint_step8000 36 2 0 0.006611179036553949
seed123_S1_joint_step8000 36 2 1 0.006580832006875426
seed123_S1_joint_step8000 36 2 2 0.006607813003938645
seed123_S1_joint_step8000 36 2 3 0.006588244985323399
seed123_S1_joint_step8000 36 2 4 0.006591951998416334
seed123_S1_joint_step8000 36 2 5 0.006605278002098203
seed123_S1_joint_step8000 36 2 6 0.00660299404989928
seed123_S1_joint_step8000 36 2 7 0.006680752034299076
seed123_S1_joint_step8000 36 2 8 0.0068697729730047286
seed123_S1_joint_step8000 36 2 9 0.007478596002329141
seed123_S1_joint_step8000 36 3 0 0.0069494760246016085
seed123_S1_joint_step8000 36 3 1 0.006909719959367067
seed123_S1_joint_step8000 36 3 2 0.006888709031045437
seed123_S1_joint_step8000 36 3 3 0.006865495000965893
seed123_S1_joint_step8000 36 3 4 0.00689534202683717
seed123_S1_joint_step8000 36 3 5 0.006873920967336744
seed123_S1_joint_step8000 36 3 6 0.006884280010126531
seed123_S1_joint_step8000 36 3 7 0.006868660973850638
seed123_S1_joint_step8000 36 3 8 0.006911773991305381
seed123_S1_joint_step8000 36 3 9 0.006865174975246191
seed123_S1_joint_step8000 36 4 0 0.006919408973772079
seed123_S1_joint_step8000 36 4 1 0.0069116929662413895
seed123_S1_joint_step8000 36 4 2 0.006916463025845587
seed123_S1_joint_step8000 36 4 3 0.006901063024997711
seed123_S1_joint_step8000 36 4 4 0.006906763999722898
seed123_S1_joint_step8000 36 4 5 0.006878078973386437
seed123_S1_joint_step8000 36 4 6 0.0068976060138083994
seed123_S1_joint_step8000 36 4 7 0.006879391963593662
seed123_S1_joint_step8000 36 4 8 0.006877107021864504
seed123_S1_joint_step8000 36 4 9 0.0069016439956612885
seed123_S1_joint_step8000 36 5 0 0.0067100379965268075
seed123_S1_joint_step8000 36 5 1 0.006679138983599842
seed123_S1_joint_step8000 36 5 2 0.006687415007036179
seed123_S1_joint_step8000 36 5 3 0.006699046993162483
seed123_S1_joint_step8000 36 5 4 0.006666304019745439
seed123_S1_joint_step8000 36 5 5 0.006821340997703373
seed123_S1_joint_step8000 36 5 6 0.006782617012504488
seed123_S1_joint_step8000 36 5 7 0.006717964017298073
seed123_S1_joint_step8000 36 5 8 0.006821781978942454
seed123_S1_joint_step8000 36 5 9 0.006737249961588532
seed123_S1_joint_step8000 36 6 0 0.006943924992810935
seed123_S1_joint_step8000 36 6 1 0.006966268003452569
seed123_S1_joint_step8000 36 6 2 0.006926632020622492
seed123_S1_joint_step8000 36 6 3 0.0069216020056046546
seed123_S1_joint_step8000 36 6 4 0.00686012499500066
seed123_S1_joint_step8000 36 6 5 0.0068936789757572114
seed123_S1_joint_step8000 36 6 6 0.006853122031316161
seed123_S1_joint_step8000 36 6 7 0.0068546750117093325
seed123_S1_joint_step8000 36 6 8 0.006875355029478669
seed123_S1_joint_step8000 36 6 9 0.008590690034907311
seed123_S1_joint_step8000 36 7 0 0.008101475017610937
seed123_S1_joint_step8000 36 7 1 0.006843623006716371
seed123_S1_joint_step8000 36 7 2 0.006852401013020426
seed123_S1_joint_step8000 36 7 3 0.006866416952107102
seed123_S1_joint_step8000 36 7 4 0.006865053961519152
seed123_S1_joint_step8000 36 7 5 0.006873050006106496
seed123_S1_joint_step8000 36 7 6 0.006877387990243733
seed123_S1_joint_step8000 36 7 7 0.006901523971464485
seed123_S1_joint_step8000 36 7 8 0.006857850996311754
seed123_S1_joint_step8000 36 7 9 0.006848482007626444
seed123_S1_joint_step8000 36 8 0 0.0068443240015767515
seed123_S1_joint_step8000 36 8 1 0.0068599049700424075
seed123_S1_joint_step8000 36 8 2 0.006842111004516482
seed123_S1_joint_step8000 36 8 3 0.006854733976069838
seed123_S1_joint_step8000 36 8 4 0.00685487495502457
seed123_S1_joint_step8000 36 8 5 0.006844374991487712
seed123_S1_joint_step8000 36 8 6 0.0074779660208150744
seed123_S1_joint_step8000 36 8 7 0.0069380830391310155
seed123_S1_joint_step8000 36 8 8 0.007010132016148418
seed123_S1_joint_step8000 36 8 9 0.0069159119739197195
seed123_S1_joint_step8000 36 9 0 0.0075822240323759615
seed123_S1_joint_step8000 36 9 1 0.006856087013147771
seed123_S1_joint_step8000 36 9 2 0.006860605964902788
seed123_S1_joint_step8000 36 9 3 0.006905251007992774
seed123_S1_joint_step8000 36 9 4 0.006869072036352009
seed123_S1_joint_step8000 36 9 5 0.006878589978441596
seed123_S1_joint_step8000 36 9 6 0.006847039971034974
seed123_S1_joint_step8000 36 9 7 0.007071277999784797
seed123_S1_joint_step8000 36 9 8 0.007436787011101842
seed123_S1_joint_step8000 36 9 9 0.00702962902141735
seed123_S1_joint_step8000 40 0 0 0.004184402991086245
seed123_S1_joint_step8000 40 0 1 0.004069855029229075
seed123_S1_joint_step8000 40 0 2 0.003993680002167821
seed123_S1_joint_step8000 40 0 3 0.003929226018954068
seed123_S1_joint_step8000 40 0 4 0.003955025982577354
seed123_S1_joint_step8000 40 0 5 0.003941659000702202
seed123_S1_joint_step8000 40 0 6 0.003928112972062081
seed123_S1_joint_step8000 40 0 7 0.003945296979509294
seed123_S1_joint_step8000 40 0 8 0.003936529974453151
seed123_S1_joint_step8000 40 0 9 0.003924125980120152
seed123_S1_joint_step8000 40 1 0 0.004081527004018426
seed123_S1_joint_step8000 40 1 1 0.004026060982141644
seed123_S1_joint_step8000 40 1 2 0.004026292008347809
seed123_S1_joint_step8000 40 1 3 0.004012634977698326
seed123_S1_joint_step8000 40 1 4 0.004038946004584432
seed123_S1_joint_step8000 40 1 5 0.004025079018902034
seed123_S1_joint_step8000 40 1 6 0.004049234965350479
seed123_S1_joint_step8000 40 1 7 0.004027302959002554
seed123_S1_joint_step8000 40 1 8 0.004028505005408078
seed123_S1_joint_step8000 40 1 9 0.004045578010845929
seed123_S1_joint_step8000 40 2 0 0.003946910030208528
seed123_S1_joint_step8000 40 2 1 0.003936710010748357
seed123_S1_joint_step8000 40 2 2 0.003935587999876589
seed123_S1_joint_step8000 40 2 3 0.003944044001400471
seed123_S1_joint_step8000 40 2 4 0.003957781009376049
seed123_S1_joint_step8000 40 2 5 0.003932362014893442
seed123_S1_joint_step8000 40 2 6 0.003941689967177808
seed123_S1_joint_step8000 40 2 7 0.0039198879967443645
seed123_S1_joint_step8000 40 2 8 0.003933424013666809
seed123_S1_joint_step8000 40 2 9 0.003954134008381516
seed123_S1_joint_step8000 40 3 0 0.003925779019482434
seed123_S1_joint_step8000 40 3 1 0.003936449997127056
seed123_S1_joint_step8000 40 3 2 0.003952650993596762
seed123_S1_joint_step8000 40 3 3 0.003966857970226556
seed123_S1_joint_step8000 40 3 4 0.003955635998863727
seed123_S1_joint_step8000 40 3 5 0.003951288003008813
seed123_S1_joint_step8000 40 3 6 0.003964904055465013
seed123_S1_joint_step8000 40 3 7 0.003939054033253342
seed123_S1_joint_step8000 40 3 8 0.003948261961340904
seed123_S1_joint_step8000 40 3 9 0.0039503760053776205
seed123_S1_joint_step8000 40 4 0 0.004093909985385835
seed123_S1_joint_step8000 40 4 1 0.004059524973854423
seed123_S1_joint_step8000 40 4 2 0.004041310050524771
seed123_S1_joint_step8000 40 4 3 0.004411306988913566
seed123_S1_joint_step8000 40 4 4 0.004066077002789825
seed123_S1_joint_step8000 40 4 5 0.00403440702939406
seed123_S1_joint_step8000 40 4 6 0.0043039320153184235
seed123_S1_joint_step8000 40 4 7 0.0041990409954451025
seed123_S1_joint_step8000 40 4 8 0.0041625010198913515
seed123_S1_joint_step8000 40 4 9 0.004046350019052625
seed123_S1_joint_step8000 40 5 0 0.004051138996146619
seed123_S1_joint_step8000 40 5 1 0.004189172002952546
seed123_S1_joint_step8000 40 5 2 0.004183821962215006
seed123_S1_joint_step8000 40 5 3 0.004275357001461089
seed123_S1_joint_step8000 40 5 4 0.004067780973855406
seed123_S1_joint_step8000 40 5 5 0.004504785989411175
seed123_S1_joint_step8000 40 5 6 0.004051109019201249
seed123_S1_joint_step8000 40 5 7 0.004054095013998449
seed123_S1_joint_step8000 40 5 8 0.00405225099530071
seed123_S1_joint_step8000 40 5 9 0.004067681031301618
seed123_S1_joint_step8000 40 6 0 0.004077148041687906
seed123_S1_joint_step8000 40 6 1 0.004047892987728119
seed123_S1_joint_step8000 40 6 2 0.004038164974190295
seed123_S1_joint_step8000 40 6 3 0.004060035978909582
seed123_S1_joint_step8000 40 6 4 0.005027453997172415
seed123_S1_joint_step8000 40 6 5 0.0056153470068238676
seed123_S1_joint_step8000 40 6 6 0.005094290943816304
seed123_S1_joint_step8000 40 6 7 0.004060456994920969
seed123_S1_joint_step8000 40 6 8 0.004066147026605904
seed123_S1_joint_step8000 40 6 9 0.0040592250297777355
seed123_S1_joint_step8000 40 7 0 0.004062419990077615
seed123_S1_joint_step8000 40 7 1 0.004049105977173895
seed123_S1_joint_step8000 40 7 2 0.0040500370087102056
seed123_S1_joint_step8000 40 7 3 0.004052440985105932
seed123_S1_joint_step8000 40 7 4 0.004028235969599336
seed123_S1_joint_step8000 40 7 5 0.004059926024638116
seed123_S1_joint_step8000 40 7 6 0.004065566055942327
seed123_S1_joint_step8000 40 7 7 0.0040491740219295025
seed123_S1_joint_step8000 40 7 8 0.00405641901306808
seed123_S1_joint_step8000 40 7 9 0.004056849982589483
seed123_S1_joint_step8000 40 8 0 0.003939665970392525
seed123_S1_joint_step8000 40 8 1 0.0039417900261469185
seed123_S1_joint_step8000 40 8 2 0.003918295027688146
seed123_S1_joint_step8000 40 8 3 0.003922362986486405
seed123_S1_joint_step8000 40 8 4 0.003934235021006316
seed123_S1_joint_step8000 40 8 5 0.003931971034035087
seed123_S1_joint_step8000 40 8 6 0.003932232037186623
seed123_S1_joint_step8000 40 8 7 0.003940017020795494
seed123_S1_joint_step8000 40 8 8 0.0039376720087602735
seed123_S1_joint_step8000 40 8 9 0.003934826992917806
seed123_S1_joint_step8000 40 9 0 0.0041061139781959355
seed123_S1_joint_step8000 40 9 1 0.004057030018884689
seed123_S1_joint_step8000 40 9 2 0.004061889019794762
seed123_S1_joint_step8000 40 9 3 0.004075024975463748
seed123_S1_joint_step8000 40 9 4 0.004056609992403537
seed123_S1_joint_step8000 40 9 5 0.0040440060547553
seed123_S1_joint_step8000 40 9 6 0.004060878010932356
seed123_S1_joint_step8000 40 9 7 0.004050307965371758
seed123_S1_joint_step8000 40 9 8 0.0040339260012842715
seed123_S1_joint_step8000 40 9 9 0.0040769080515019596
seed123_S1_joint_step8000 47 0 0 0.0675191119662486
seed123_S1_joint_step8000 47 0 1 0.06217334000393748
seed123_S1_joint_step8000 47 0 2 0.06012760195881128
seed123_S1_joint_step8000 47 0 3 0.06078023900045082
seed123_S1_joint_step8000 47 0 4 0.06129669595975429
seed123_S1_joint_step8000 47 0 5 0.06363665498793125
seed123_S1_joint_step8000 47 0 6 0.06035221100319177
seed123_S1_joint_step8000 47 0 7 0.06308195600286126
seed123_S1_joint_step8000 47 0 8 0.06427160796010867
seed123_S1_joint_step8000 47 0 9 0.06147457502083853
seed123_S1_joint_step8000 47 1 0 0.062189880991354585
seed123_S1_joint_step8000 47 1 1 0.06166805501561612
seed123_S1_joint_step8000 47 1 2 0.0628656119806692
seed123_S1_joint_step8000 47 1 3 0.061031828983686864
seed123_S1_joint_step8000 47 1 4 0.06598092400236055
seed123_S1_joint_step8000 47 1 5 0.06727252097334713
seed123_S1_joint_step8000 47 1 6 0.0619721959810704
seed123_S1_joint_step8000 47 1 7 0.06252698600292206
seed123_S1_joint_step8000 47 1 8 0.0629140249802731
seed123_S1_joint_step8000 47 1 9 0.06361805001506582
seed123_S1_joint_step8000 47 2 0 0.06470889400225133
seed123_S1_joint_step8000 47 2 1 0.06476027198368683
seed123_S1_joint_step8000 47 2 2 0.06516172899864614
seed123_S1_joint_step8000 47 2 3 0.06326398300006986
seed123_S1_joint_step8000 47 2 4 0.06022581004071981
seed123_S1_joint_step8000 47 2 5 0.059569285018369555
seed123_S1_joint_step8000 47 2 6 0.06137838202994317
seed123_S1_joint_step8000 47 2 7 0.06121906597400084
seed123_S1_joint_step8000 47 2 8 0.0602620990248397
seed123_S1_joint_step8000 47 2 9 0.06259019597200677
seed123_S1_joint_step8000 47 3 0 0.06623701204080135
seed123_S1_joint_step8000 47 3 1 0.06306063500232995
seed123_S1_joint_step8000 47 3 2 0.06332222500350326
seed123_S1_joint_step8000 47 3 3 0.06348797102691606
seed123_S1_joint_step8000 47 3 4 0.06448255095165223
seed123_S1_joint_step8000 47 3 5 0.06370646797586232
seed123_S1_joint_step8000 47 3 6 0.061644950008485466
seed123_S1_joint_step8000 47 3 7 0.059846415009815246
seed123_S1_joint_step8000 47 3 8 0.062062296958174556
seed123_S1_joint_step8000 47 3 9 0.06081478501437232
seed123_S1_joint_step8000 47 4 0 0.06122158101061359
seed123_S1_joint_step8000 47 4 1 0.06214736000401899
seed123_S1_joint_step8000 47 4 2 0.06142470898339525
seed123_S1_joint_step8000 47 4 3 0.06070139800431207
seed123_S1_joint_step8000 47 4 4 0.065933181962464
seed123_S1_joint_step8000 47 4 5 0.062958599999547
seed123_S1_joint_step8000 47 4 6 0.06746886699693277
seed123_S1_joint_step8000 47 4 7 0.06198441900778562
seed123_S1_joint_step8000 47 4 8 0.059282398025970906
seed123_S1_joint_step8000 47 4 9 0.06318187597207725
seed123_S1_joint_step8000 47 5 0 0.06425276200752705
seed123_S1_joint_step8000 47 5 1 0.0658970230142586
seed123_S1_joint_step8000 47 5 2 0.06566706404555589
seed123_S1_joint_step8000 47 5 3 0.06355007999809459
seed123_S1_joint_step8000 47 5 4 0.06177947699325159
seed123_S1_joint_step8000 47 5 5 0.06097306695301086
seed123_S1_joint_step8000 47 5 6 0.06068794202292338
seed123_S1_joint_step8000 47 5 7 0.06264300597831607
seed123_S1_joint_step8000 47 5 8 0.06462322000879794
seed123_S1_joint_step8000 47 5 9 0.06073518202174455
seed123_S1_joint_step8000 47 6 0 0.0606163659831509
seed123_S1_joint_step8000 47 6 1 0.06222943699685857
seed123_S1_joint_step8000 47 6 2 0.060377548972610384
seed123_S1_joint_step8000 47 6 3 0.06025711999973282
seed123_S1_joint_step8000 47 6 4 0.061332232027780265
seed123_S1_joint_step8000 47 6 5 0.061842287017498165
seed123_S1_joint_step8000 47 6 6 0.06095844804076478
seed123_S1_joint_step8000 47 6 7 0.06255289498949423
seed123_S1_joint_step8000 47 6 8 0.06472902197856456
seed123_S1_joint_step8000 47 6 9 0.06398818700108677
seed123_S1_joint_step8000 47 7 0 0.060502317966893315
seed123_S1_joint_step8000 47 7 1 0.059339917032048106
seed123_S1_joint_step8000 47 7 2 0.05987124203238636
seed123_S1_joint_step8000 47 7 3 0.06252904899884015
seed123_S1_joint_step8000 47 7 4 0.061629339994397014
seed123_S1_joint_step8000 47 7 5 0.06133173202397302
seed123_S1_joint_step8000 47 7 6 0.061581177986226976
seed123_S1_joint_step8000 47 7 7 0.06079371296800673
seed123_S1_joint_step8000 47 7 8 0.06077133200597018
seed123_S1_joint_step8000 47 7 9 0.06142387801082805
seed123_S1_joint_step8000 47 8 0 0.0630705330404453
seed123_S1_joint_step8000 47 8 1 0.06547433498781174
seed123_S1_joint_step8000 47 8 2 0.06216715800110251
seed123_S1_joint_step8000 47 8 3 0.06085814698599279
seed123_S1_joint_step8000 47 8 4 0.06295084394514561
seed123_S1_joint_step8000 47 8 5 0.06338415201753378
seed123_S1_joint_step8000 47 8 6 0.06116379197919741
seed123_S1_joint_step8000 47 8 7 0.060986361000686884
seed123_S1_joint_step8000 47 8 8 0.06310486898291856
seed123_S1_joint_step8000 47 8 9 0.061158861964941025
seed123_S1_joint_step8000 47 9 0 0.060850963986013085
seed123_S1_joint_step8000 47 9 1 0.06088749394984916
seed123_S1_joint_step8000 47 9 2 0.061416042037308216
seed123_S1_joint_step8000 47 9 3 0.06075152300763875
seed123_S1_joint_step8000 47 9 4 0.05995904002338648
seed123_S1_joint_step8000 47 9 5 0.06054589000996202
seed123_S1_joint_step8000 47 9 6 0.0648063289700076
seed123_S1_joint_step8000 47 9 7 0.06319773697759956
seed123_S1_joint_step8000 47 9 8 0.06175657402491197
seed123_S1_joint_step8000 47 9 9 0.06453153397887945
seed123_S1_joint_step8000 51 0 0 0.024469554016832262
seed123_S1_joint_step8000 51 0 1 0.023305520007852465
seed123_S1_joint_step8000 51 0 2 0.02315657597500831
seed123_S1_joint_step8000 51 0 3 0.023027418996207416
seed123_S1_joint_step8000 51 0 4 0.023088486050255597
seed123_S1_joint_step8000 51 0 5 0.023096610966604203
seed123_S1_joint_step8000 51 0 6 0.023075260978657752
seed123_S1_joint_step8000 51 0 7 0.02307987998938188
seed123_S1_joint_step8000 51 0 8 0.023081181047018617
seed123_S1_joint_step8000 51 0 9 0.02309412701288238
seed123_S1_joint_step8000 51 1 0 0.023468191968277097
seed123_S1_joint_step8000 51 1 1 0.023645120032597333
seed123_S1_joint_step8000 51 1 2 0.02392537397099659
seed123_S1_joint_step8000 51 1 3 0.02311321400338784
seed123_S1_joint_step8000 51 1 4 0.022807840025052428
seed123_S1_joint_step8000 51 1 5 0.022617346025072038
seed123_S1_joint_step8000 51 1 6 0.02249293797649443
seed123_S1_joint_step8000 51 1 7 0.022642724972683936
seed123_S1_joint_step8000 51 1 8 0.022803540981840342
seed123_S1_joint_step8000 51 1 9 0.023820423986762762
seed123_S1_joint_step8000 51 2 0 0.02460448199417442
seed123_S1_joint_step8000 51 2 1 0.023584343027323484
seed123_S1_joint_step8000 51 2 2 0.023391103954054415
seed123_S1_joint_step8000 51 2 3 0.023229194979649037
seed123_S1_joint_step8000 51 2 4 0.023137940966989845
seed123_S1_joint_step8000 51 2 5 0.023074558994267136
seed123_S1_joint_step8000 51 2 6 0.023086181958205998
seed123_S1_joint_step8000 51 2 7 0.023745951999444515
seed123_S1_joint_step8000 51 2 8 0.02359107497613877
seed123_S1_joint_step8000 51 2 9 0.023352149000857025
seed123_S1_joint_step8000 51 3 0 0.02341856696875766
seed123_S1_joint_step8000 51 3 1 0.02341084199724719
seed123_S1_joint_step8000 51 3 2 0.023405640968121588
seed123_S1_joint_step8000 51 3 3 0.02341713401256129
seed123_S1_joint_step8000 51 3 4 0.02338775701355189
seed123_S1_joint_step8000 51 3 5 0.02337333996547386
seed123_S1_joint_step8000 51 3 6 0.023368020018097013
seed123_S1_joint_step8000 51 3 7 0.023470355023164302
seed123_S1_joint_step8000 51 3 8 0.02457818202674389
seed123_S1_joint_step8000 51 3 9 0.023511084029451013
seed123_S1_joint_step8000 51 4 0 0.023687550041358918
seed123_S1_joint_step8000 51 4 1 0.023744489008095115
seed123_S1_joint_step8000 51 4 2 0.02307012100936845
seed123_S1_joint_step8000 51 4 3 0.02264595200540498
seed123_S1_joint_step8000 51 4 4 0.022502285020891577
seed123_S1_joint_step8000 51 4 5 0.022586345963645726
seed123_S1_joint_step8000 51 4 6 0.022683742980007082
seed123_S1_joint_step8000 51 4 7 0.0225274539552629
seed123_S1_joint_step8000 51 4 8 0.023263750015757978
seed123_S1_joint_step8000 51 4 9 0.023922348045744002
seed123_S1_joint_step8000 51 5 0 0.023649318027310073
seed123_S1_joint_step8000 51 5 1 0.023283607966732234
seed123_S1_joint_step8000 51 5 2 0.023182565986644477
seed123_S1_joint_step8000 51 5 3 0.023174099973402917
seed123_S1_joint_step8000 51 5 4 0.023048439994454384
seed123_S1_joint_step8000 51 5 5 0.023068257025443017
seed123_S1_joint_step8000 51 5 6 0.02303763898089528
seed123_S1_joint_step8000 51 5 7 0.024315109010785818
seed123_S1_joint_step8000 51 5 8 0.024125767988152802
seed123_S1_joint_step8000 51 5 9 0.023513868043664843
seed123_S1_joint_step8000 51 6 0 0.023439205950126052
seed123_S1_joint_step8000 51 6 1 0.02382568398024887
seed123_S1_joint_step8000 51 6 2 0.023714702983852476
seed123_S1_joint_step8000 51 6 3 0.023530901002231985
seed123_S1_joint_step8000 51 6 4 0.02390374301467091
seed123_S1_joint_step8000 51 6 5 0.023599070962518454
seed123_S1_joint_step8000 51 6 6 0.023257449036464095
seed123_S1_joint_step8000 51 6 7 0.023521704017184675
seed123_S1_joint_step8000 51 6 8 0.023648204980418086
seed123_S1_joint_step8000 51 6 9 0.02351651299977675
seed123_S1_joint_step8000 51 7 0 0.02362860698485747
seed123_S1_joint_step8000 51 7 1 0.023266235017217696
seed123_S1_joint_step8000 51 7 2 0.023162498022429645
seed123_S1_joint_step8000 51 7 3 0.023260895046405494
seed123_S1_joint_step8000 51 7 4 0.02251905802404508
seed123_S1_joint_step8000 51 7 5 0.022396032989490777
seed123_S1_joint_step8000 51 7 6 0.02239458099938929
seed123_S1_joint_step8000 51 7 7 0.02266120899002999
seed123_S1_joint_step8000 51 7 8 0.023592268000356853
seed123_S1_joint_step8000 51 7 9 0.02351331798126921
seed123_S1_joint_step8000 51 8 0 0.023239855945575982
seed123_S1_joint_step8000 51 8 1 0.023128963948693126
seed123_S1_joint_step8000 51 8 2 0.023120457015465945
seed123_S1_joint_step8000 51 8 3 0.023169591033365577
seed123_S1_joint_step8000 51 8 4 0.023225958982948214
seed123_S1_joint_step8000 51 8 5 0.02317805797792971
seed123_S1_joint_step8000 51 8 6 0.023233161948155612
seed123_S1_joint_step8000 51 8 7 0.024250424990896136
seed123_S1_joint_step8000 51 8 8 0.023911849013529718
seed123_S1_joint_step8000 51 8 9 0.02341126196552068
seed123_S1_joint_step8000 51 9 0 0.023458693001884967
seed123_S1_joint_step8000 51 9 1 0.023494872031733394
seed123_S1_joint_step8000 51 9 2 0.02345193998189643
seed123_S1_joint_step8000 51 9 3 0.023391965019982308
seed123_S1_joint_step8000 51 9 4 0.023361578001640737
seed123_S1_joint_step8000 51 9 5 0.023364382970612496
seed123_S1_joint_step8000 51 9 6 0.023352270014584064
seed123_S1_joint_step8000 51 9 7 0.02459428197471425
seed123_S1_joint_step8000 51 9 8 0.023154471011366695
seed123_S1_joint_step8000 51 9 9 0.023562010028399527
seed123_S1_joint_step8000 52 0 0 0.8111549929599278
seed123_S1_joint_step8000 52 0 1 0.837593748990912
seed123_S1_joint_step8000 52 0 2 0.8011239899788052
seed123_S1_joint_step8000 52 0 3 0.8236875619622879
seed123_S1_joint_step8000 52 0 4 0.8154432930168696
seed123_S1_joint_step8000 52 0 5 0.8236647460144013
seed123_S1_joint_step8000 52 0 6 0.8203871349687688
seed123_S1_joint_step8000 52 0 7 0.8146356079960242
seed123_S1_joint_step8000 52 0 8 0.8383657970116474
seed123_S1_joint_step8000 52 0 9 0.7941639680066146
seed123_S1_joint_step8000 52 1 0 0.8158932069782168
seed123_S1_joint_step8000 52 1 1 0.8022344440105371
seed123_S1_joint_step8000 52 1 2 0.7971537570119835
seed123_S1_joint_step8000 52 1 3 0.8064302970306017
seed123_S1_joint_step8000 52 1 4 0.812913290981669
seed123_S1_joint_step8000 52 1 5 0.823308959021233
seed123_S1_joint_step8000 52 1 6 0.8104760230053216
seed123_S1_joint_step8000 52 1 7 0.8167278650216758
seed123_S1_joint_step8000 52 1 8 0.800642316986341
seed123_S1_joint_step8000 52 1 9 0.822518273955211
seed123_S1_joint_step8000 52 2 0 0.8088073940016329
seed123_S1_joint_step8000 52 2 1 0.817083491012454
seed123_S1_joint_step8000 52 2 2 0.8217692119651474
seed123_S1_joint_step8000 52 2 3 0.8231083390419371
seed123_S1_joint_step8000 52 2 4 0.8194825309910811
seed123_S1_joint_step8000 52 2 5 0.8097365730209276
seed123_S1_joint_step8000 52 2 6 0.8263717300142162
seed123_S1_joint_step8000 52 2 7 0.8057007730240002
seed123_S1_joint_step8000 52 2 8 0.8128596169990487
seed123_S1_joint_step8000 52 2 9 0.8111133999773301
seed123_S1_joint_step8000 52 3 0 0.8067177530028857
seed123_S1_joint_step8000 52 3 1 0.8272782079875469
seed123_S1_joint_step8000 52 3 2 0.8306891319807619
seed123_S1_joint_step8000 52 3 3 0.8155415860237554
seed123_S1_joint_step8000 52 3 4 0.8455148420180194
seed123_S1_joint_step8000 52 3 5 0.8196102460497059
seed123_S1_joint_step8000 52 3 6 0.83226046100026
seed123_S1_joint_step8000 52 3 7 0.8310972980107181
seed123_S1_joint_step8000 52 3 8 0.8341919189551845
seed123_S1_joint_step8000 52 3 9 0.8159008370130323
seed123_S1_joint_step8000 52 4 0 0.8186102429754101
seed123_S1_joint_step8000 52 4 1 0.8095490629784763
seed123_S1_joint_step8000 52 4 2 0.8099999320111237
seed123_S1_joint_step8000 52 4 3 0.8161784039693885
seed123_S1_joint_step8000 52 4 4 0.829448422009591
seed123_S1_joint_step8000 52 4 5 0.8272133530117571
seed123_S1_joint_step8000 52 4 6 0.8428078310098499
seed123_S1_joint_step8000 52 4 7 0.8336464790045284
seed123_S1_joint_step8000 52 4 8 0.8217919640010223
seed123_S1_joint_step8000 52 4 9 0.8403488000039943
seed123_S1_joint_step8000 52 5 0 0.8240155790117569
seed123_S1_joint_step8000 52 5 1 0.8342305920086801
seed123_S1_joint_step8000 52 5 2 0.8346330499625765
seed123_S1_joint_step8000 52 5 3 0.8061393689713441
seed123_S1_joint_step8000 52 5 4 0.820451998966746
seed123_S1_joint_step8000 52 5 5 0.8227484049857594
seed123_S1_joint_step8000 52 5 6 0.8301895290496759
seed123_S1_joint_step8000 52 5 7 0.8387681049644016
seed123_S1_joint_step8000 52 5 8 0.8436939140083268
seed123_S1_joint_step8000 52 5 9 0.840079428977333
seed123_S1_joint_step8000 52 6 0 0.8453323319554329
seed123_S1_joint_step8000 52 6 1 0.8248403159668669
seed123_S1_joint_step8000 52 6 2 0.836775595031213
seed123_S1_joint_step8000 52 6 3 0.8346192140015773
seed123_S1_joint_step8000 52 6 4 0.8405471870210022
seed123_S1_joint_step8000 52 6 5 0.8352131079882383
seed123_S1_joint_step8000 52 6 6 0.8270403249771334
seed123_S1_joint_step8000 52 6 7 0.848476902989205
seed123_S1_joint_step8000 52 6 8 0.8729650489985943
seed123_S1_joint_step8000 52 6 9 0.8443999929586425
seed123_S1_joint_step8000 52 7 0 0.8252580870175734
seed123_S1_joint_step8000 52 7 1 0.8215728170471266
seed123_S1_joint_step8000 52 7 2 0.8308776310295798
seed123_S1_joint_step8000 52 7 3 0.841742973017972
seed123_S1_joint_step8000 52 7 4 0.8355467870132998
seed123_S1_joint_step8000 52 7 5 0.8509621029952541
seed123_S1_joint_step8000 52 7 6 0.8409137679846026
seed123_S1_joint_step8000 52 7 7 0.8701213099993765
seed123_S1_joint_step8000 52 7 8 0.8334590559825301
seed123_S1_joint_step8000 52 7 9 0.8318336610100232
seed123_S1_joint_step8000 52 8 0 0.8235456980182789
seed123_S1_joint_step8000 52 8 1 0.820925110951066
seed123_S1_joint_step8000 52 8 2 0.8425493169925176
seed123_S1_joint_step8000 52 8 3 0.8317862270050682
seed123_S1_joint_step8000 52 8 4 0.8481673179776408
seed123_S1_joint_step8000 52 8 5 0.8391199139878154
seed123_S1_joint_step8000 52 8 6 0.8235466349869967
seed123_S1_joint_step8000 52 8 7 0.8662777399877086
seed123_S1_joint_step8000 52 8 8 0.8561965220142156
seed123_S1_joint_step8000 52 8 9 0.8653311289963312
seed123_S1_joint_step8000 52 9 0 0.8574161499855109
seed123_S1_joint_step8000 52 9 1 0.8399945099954493
seed123_S1_joint_step8000 52 9 2 0.8499030270031653
seed123_S1_joint_step8000 52 9 3 0.8415609509684145
seed123_S1_joint_step8000 52 9 4 0.8500366000225767
seed123_S1_joint_step8000 52 9 5 0.8438309960183688
seed123_S1_joint_step8000 52 9 6 0.8544889030163176
seed123_S1_joint_step8000 52 9 7 0.850521493004635
seed123_S1_joint_step8000 52 9 8 0.8505328850005753
seed123_S1_joint_step8000 52 9 9 0.8477137990412302
seed123_S1_joint_step8000 56 0 0 0.01999816100578755
seed123_S1_joint_step8000 56 0 1 0.019514105981215835
seed123_S1_joint_step8000 56 0 2 0.019188664038665593
seed123_S1_joint_step8000 56 0 3 0.018807885993737727
seed123_S1_joint_step8000 56 0 4 0.018654513987712562
seed123_S1_joint_step8000 56 0 5 0.018064225965645164
seed123_S1_joint_step8000 56 0 6 0.01885633001802489
seed123_S1_joint_step8000 56 0 7 0.018918197019957006
seed123_S1_joint_step8000 56 0 8 0.019546277006156743
seed123_S1_joint_step8000 56 0 9 0.019061520986724645
seed123_S1_joint_step8000 56 1 0 0.019984323997050524
seed123_S1_joint_step8000 56 1 1 0.018606010999064893
seed123_S1_joint_step8000 56 1 2 0.017192700994201005
seed123_S1_joint_step8000 56 1 3 0.018062362039927393
seed123_S1_joint_step8000 56 1 4 0.01743486401392147
seed123_S1_joint_step8000 56 1 5 0.01750200300011784
seed123_S1_joint_step8000 56 1 6 0.016991968033835292
seed123_S1_joint_step8000 56 1 7 0.018122367036994547
seed123_S1_joint_step8000 56 1 8 0.01755245798267424
seed123_S1_joint_step8000 56 1 9 0.019211398030165583
seed123_S1_joint_step8000 56 2 0 0.01935700501780957
seed123_S1_joint_step8000 56 2 1 0.01830219099065289
seed123_S1_joint_step8000 56 2 2 0.018217339005786926
seed123_S1_joint_step8000 56 2 3 0.017668229003902525
seed123_S1_joint_step8000 56 2 4 0.019067792978603393
seed123_S1_joint_step8000 56 2 5 0.017576394020579755
seed123_S1_joint_step8000 56 2 6 0.019046832981985062
seed123_S1_joint_step8000 56 2 7 0.018577978014945984
seed123_S1_joint_step8000 56 2 8 0.01811303896829486
seed123_S1_joint_step8000 56 2 9 0.019151794025674462
seed123_S1_joint_step8000 56 3 0 0.0171300420188345
seed123_S1_joint_step8000 56 3 1 0.01692566100973636
seed123_S1_joint_step8000 56 3 2 0.016940299014095217
seed123_S1_joint_step8000 56 3 3 0.01694357697851956
seed123_S1_joint_step8000 56 3 4 0.01692958897911012
seed123_S1_joint_step8000 56 3 5 0.016939627996180207
seed123_S1_joint_step8000 56 3 6 0.016945069015491754
seed123_S1_joint_step8000 56 3 7 0.017001445987261832
seed123_S1_joint_step8000 56 3 8 0.016916924971155822
seed123_S1_joint_step8000 56 3 9 0.01693746302044019
seed123_S1_joint_step8000 56 4 0 0.016961720015387982
seed123_S1_joint_step8000 56 4 1 0.016939557972364128
seed123_S1_joint_step8000 56 4 2 0.01690869900630787
seed123_S1_joint_step8000 56 4 3 0.017321057035587728
seed123_S1_joint_step8000 56 4 4 0.02039954694919288
seed123_S1_joint_step8000 56 4 5 0.017024409025907516
seed123_S1_joint_step8000 56 4 6 0.0169783320161514
seed123_S1_joint_step8000 56 4 7 0.016948153963312507
seed123_S1_joint_step8000 56 4 8 0.016957852989435196
seed123_S1_joint_step8000 56 4 9 0.016947683005128056
seed123_S1_joint_step8000 56 5 0 0.016929668956436217
seed123_S1_joint_step8000 56 5 1 0.016977179038804024
seed123_S1_joint_step8000 56 5 2 0.01693894702475518
seed123_S1_joint_step8000 56 5 3 0.01693194400286302
seed123_S1_joint_step8000 56 5 4 0.016954076010733843
seed123_S1_joint_step8000 56 5 5 0.01892522000707686
seed123_S1_joint_step8000 56 5 6 0.018830820976290852
seed123_S1_joint_step8000 56 5 7 0.017568909970577806
seed123_S1_joint_step8000 56 5 8 0.019988092011772096
seed123_S1_joint_step8000 56 5 9 0.019245112023781985
seed123_S1_joint_step8000 56 6 0 0.018822144949808717
seed123_S1_joint_step8000 56 6 1 0.017080357007216662
seed123_S1_joint_step8000 56 6 2 0.01929611898958683
seed123_S1_joint_step8000 56 6 3 0.018877691007219255
seed123_S1_joint_step8000 56 6 4 0.018021324009168893
seed123_S1_joint_step8000 56 6 5 0.017884873028378934
seed123_S1_joint_step8000 56 6 6 0.01787903200602159
seed123_S1_joint_step8000 56 6 7 0.01754511398030445
seed123_S1_joint_step8000 56 6 8 0.016934607992880046
seed123_S1_joint_step8000 56 6 9 0.01691129303071648
seed123_S1_joint_step8000 56 7 0 0.01692126301350072
seed123_S1_joint_step8000 56 7 1 0.016961159009952098
seed123_S1_joint_step8000 56 7 2 0.016945899988058954
seed123_S1_joint_step8000 56 7 3 0.018699890992138535
seed123_S1_joint_step8000 56 7 4 0.017155930981971323
seed123_S1_joint_step8000 56 7 5 0.016974174010101706
seed123_S1_joint_step8000 56 7 6 0.01694165199296549
seed123_S1_joint_step8000 56 7 7 0.017016125028021634
seed123_S1_joint_step8000 56 7 8 0.01790959102800116
seed123_S1_joint_step8000 56 7 9 0.019051361014135182
seed123_S1_joint_step8000 56 8 0 0.017268606985453516
seed123_S1_joint_step8000 56 8 1 0.01694572903215885
seed123_S1_joint_step8000 56 8 2 0.016951631056144834
seed123_S1_joint_step8000 56 8 3 0.016929619014263153
seed123_S1_joint_step8000 56 8 4 0.01851574901957065
seed123_S1_joint_step8000 56 8 5 0.01829547801753506
seed123_S1_joint_step8000 56 8 6 0.0185111400205642
seed123_S1_joint_step8000 56 8 7 0.01870920800138265
seed123_S1_joint_step8000 56 8 8 0.017486212018411607
seed123_S1_joint_step8000 56 8 9 0.017576874990481883
seed123_S1_joint_step8000 56 9 0 0.01852505700662732
seed123_S1_joint_step8000 56 9 1 0.01799322001170367
seed123_S1_joint_step8000 56 9 2 0.017981056997086853
seed123_S1_joint_step8000 56 9 3 0.017993180954363197
seed123_S1_joint_step8000 56 9 4 0.017692946013994515
seed123_S1_joint_step8000 56 9 5 0.019176270987372845
seed123_S1_joint_step8000 56 9 6 0.017918227007612586
seed123_S1_joint_step8000 56 9 7 0.01775530504528433
seed123_S1_joint_step8000 56 9 8 0.01769552199402824
seed123_S1_joint_step8000 56 9 9 0.01871009002206847
seed123_S1_joint_step8000 62 0 0 0.28494886797852814
seed123_S1_joint_step8000 62 0 1 0.2769223960349336
seed123_S1_joint_step8000 62 0 2 0.2903558560064994
seed123_S1_joint_step8000 62 0 3 0.2924036670010537
seed123_S1_joint_step8000 62 0 4 0.2834750920301303
seed123_S1_joint_step8000 62 0 5 0.27325612102868035
seed123_S1_joint_step8000 62 0 6 0.27456613403046504
seed123_S1_joint_step8000 62 0 7 0.276142796035856
seed123_S1_joint_step8000 62 0 8 0.2765051680034958
seed123_S1_joint_step8000 62 0 9 0.26903334498638287
seed123_S1_joint_step8000 62 1 0 0.28641841403441504
seed123_S1_joint_step8000 62 1 1 0.27641643898095936
seed123_S1_joint_step8000 62 1 2 0.2883101270417683
seed123_S1_joint_step8000 62 1 3 0.27875628700712696
seed123_S1_joint_step8000 62 1 4 0.2838044700329192
seed123_S1_joint_step8000 62 1 5 0.2778768769931048
seed123_S1_joint_step8000 62 1 6 0.2871182899689302
seed123_S1_joint_step8000 62 1 7 0.2705096040153876
seed123_S1_joint_step8000 62 1 8 0.2902189219603315
seed123_S1_joint_step8000 62 1 9 0.2934524489683099
seed123_S1_joint_step8000 62 2 0 0.29164579801727086
seed123_S1_joint_step8000 62 2 1 0.2762671220116317
seed123_S1_joint_step8000 62 2 2 0.2860006850096397
seed123_S1_joint_step8000 62 2 3 0.2888390559819527
seed123_S1_joint_step8000 62 2 4 0.2729898710385896
seed123_S1_joint_step8000 62 2 5 0.2803692679735832
seed123_S1_joint_step8000 62 2 6 0.2780992810148746
seed123_S1_joint_step8000 62 2 7 0.2801305609755218
seed123_S1_joint_step8000 62 2 8 0.2827201679465361
seed123_S1_joint_step8000 62 2 9 0.29126711399294436
seed123_S1_joint_step8000 62 3 0 0.28502218500943854
seed123_S1_joint_step8000 62 3 1 0.29792326799361035
seed123_S1_joint_step8000 62 3 2 0.2753318250179291
seed123_S1_joint_step8000 62 3 3 0.2743653180077672
seed123_S1_joint_step8000 62 3 4 0.2860830699792132
seed123_S1_joint_step8000 62 3 5 0.29360118199838325
seed123_S1_joint_step8000 62 3 6 0.2948236269876361
seed123_S1_joint_step8000 62 3 7 0.2814664819743484
seed123_S1_joint_step8000 62 3 8 0.28160588804166764
seed123_S1_joint_step8000 62 3 9 0.28687229799106717
seed123_S1_joint_step8000 62 4 0 0.2866214789682999
seed123_S1_joint_step8000 62 4 1 0.28760620998218656
seed123_S1_joint_step8000 62 4 2 0.2849909639917314
seed123_S1_joint_step8000 62 4 3 0.2912427560077049
seed123_S1_joint_step8000 62 4 4 0.28050289099337533
seed123_S1_joint_step8000 62 4 5 0.2814865499967709
seed123_S1_joint_step8000 62 4 6 0.2750461380346678
seed123_S1_joint_step8000 62 4 7 0.27028794796206057
seed123_S1_joint_step8000 62 4 8 0.2792395680444315
seed123_S1_joint_step8000 62 4 9 0.2724679720122367
seed123_S1_joint_step8000 62 5 0 0.28977793699596077
seed123_S1_joint_step8000 62 5 1 0.2821056910324842
seed123_S1_joint_step8000 62 5 2 0.284175555978436
seed123_S1_joint_step8000 62 5 3 0.28360585699556395
seed123_S1_joint_step8000 62 5 4 0.2839196469867602
seed123_S1_joint_step8000 62 5 5 0.28414631995838135
seed123_S1_joint_step8000 62 5 6 0.2781158509897068
seed123_S1_joint_step8000 62 5 7 0.29396797000663355
seed123_S1_joint_step8000 62 5 8 0.29114111099625006
seed123_S1_joint_step8000 62 5 9 0.27856393600814044
seed123_S1_joint_step8000 62 6 0 0.2839653340051882
seed123_S1_joint_step8000 62 6 1 0.27879449602914974
seed123_S1_joint_step8000 62 6 2 0.28390502801630646
seed123_S1_joint_step8000 62 6 3 0.2873293299926445
seed123_S1_joint_step8000 62 6 4 0.28695493401028216
seed123_S1_joint_step8000 62 6 5 0.28390800300985575
seed123_S1_joint_step8000 62 6 6 0.28626148897456005
seed123_S1_joint_step8000 62 6 7 0.28898997098440304
seed123_S1_joint_step8000 62 6 8 0.2796731639537029
seed123_S1_joint_step8000 62 6 9 0.2883300489629619
seed123_S1_joint_step8000 62 7 0 0.2899825460044667
seed123_S1_joint_step8000 62 7 1 0.2917279809480533
seed123_S1_joint_step8000 62 7 2 0.2860875059850514
seed123_S1_joint_step8000 62 7 3 0.2932971580303274
seed123_S1_joint_step8000 62 7 4 0.28440693602897227
seed123_S1_joint_step8000 62 7 5 0.2779468949884176
seed123_S1_joint_step8000 62 7 6 0.2919181540491991
seed123_S1_joint_step8000 62 7 7 0.2924369350075722
seed123_S1_joint_step8000 62 7 8 0.3020305199897848
seed123_S1_joint_step8000 62 7 9 0.28477438603295013
seed123_S1_joint_step8000 62 8 0 0.28498091199435294
seed123_S1_joint_step8000 62 8 1 0.28683528397232294
seed123_S1_joint_step8000 62 8 2 0.2891556660179049
seed123_S1_joint_step8000 62 8 3 0.29166567098582163
seed123_S1_joint_step8000 62 8 4 0.2911520489724353
seed123_S1_joint_step8000 62 8 5 0.2786106330459006
seed123_S1_joint_step8000 62 8 6 0.28033393499208614
seed123_S1_joint_step8000 62 8 7 0.27569928200682625
seed123_S1_joint_step8000 62 8 8 0.27769138698931783
seed123_S1_joint_step8000 62 8 9 0.28327462199376896
seed123_S1_joint_step8000 62 9 0 0.2831435609841719
seed123_S1_joint_step8000 62 9 1 0.29488197300815955
seed123_S1_joint_step8000 62 9 2 0.29783445299835876
seed123_S1_joint_step8000 62 9 3 0.27903680701274425
seed123_S1_joint_step8000 62 9 4 0.27921025798423216
seed123_S1_joint_step8000 62 9 5 0.27706471900455654
seed123_S1_joint_step8000 62 9 6 0.28349619498476386
seed123_S1_joint_step8000 62 9 7 0.281684824032709
seed123_S1_joint_step8000 62 9 8 0.28509077901253477
seed123_S1_joint_step8000 62 9 9 0.2851190140354447
seed123_S1_joint_step8000 64 0 0 0.17707971099298447
seed123_S1_joint_step8000 64 0 1 0.17496514198137447
seed123_S1_joint_step8000 64 0 2 0.1785065260482952
seed123_S1_joint_step8000 64 0 3 0.17801974702160805
seed123_S1_joint_step8000 64 0 4 0.17672311002388597
seed123_S1_joint_step8000 64 0 5 0.1869765649898909
seed123_S1_joint_step8000 64 0 6 0.18011389597086236
seed123_S1_joint_step8000 64 0 7 0.17073555197566748
seed123_S1_joint_step8000 64 0 8 0.1704290769994259
seed123_S1_joint_step8000 64 0 9 0.16954023897415027
seed123_S1_joint_step8000 64 1 0 0.16896462900331244
seed123_S1_joint_step8000 64 1 1 0.17252791597275063
seed123_S1_joint_step8000 64 1 2 0.16741152299800888
seed123_S1_joint_step8000 64 1 3 0.16808927804231644
seed123_S1_joint_step8000 64 1 4 0.17256675998214632
seed123_S1_joint_step8000 64 1 5 0.16530701296869665
seed123_S1_joint_step8000 64 1 6 0.17029183398699388
seed123_S1_joint_step8000 64 1 7 0.17128800798673183
seed123_S1_joint_step8000 64 1 8 0.17167042702203616
seed123_S1_joint_step8000 64 1 9 0.16750736604444683
seed123_S1_joint_step8000 64 2 0 0.1710916419979185
seed123_S1_joint_step8000 64 2 1 0.17519388895016164
seed123_S1_joint_step8000 64 2 2 0.16712759103393182
seed123_S1_joint_step8000 64 2 3 0.17624563700519502
seed123_S1_joint_step8000 64 2 4 0.17047706799348816
seed123_S1_joint_step8000 64 2 5 0.1715907459729351
seed123_S1_joint_step8000 64 2 6 0.17117350903572515
seed123_S1_joint_step8000 64 2 7 0.17285499098943546
seed123_S1_joint_step8000 64 2 8 0.16948093503015116
seed123_S1_joint_step8000 64 2 9 0.16673579200869426
seed123_S1_joint_step8000 64 3 0 0.17334849300095811
seed123_S1_joint_step8000 64 3 1 0.17819616297492757
seed123_S1_joint_step8000 64 3 2 0.17358997400151566
seed123_S1_joint_step8000 64 3 3 0.17152632295619696
seed123_S1_joint_step8000 64 3 4 0.17260816902853549
seed123_S1_joint_step8000 64 3 5 0.17429529101355
seed123_S1_joint_step8000 64 3 6 0.1724579319707118
seed123_S1_joint_step8000 64 3 7 0.17468273104168475
seed123_S1_joint_step8000 64 3 8 0.17040595301659778
seed123_S1_joint_step8000 64 3 9 0.17184563202317804
seed123_S1_joint_step8000 64 4 0 0.17282017302932218
seed123_S1_joint_step8000 64 4 1 0.16993966099107638
seed123_S1_joint_step8000 64 4 2 0.17213154799537733
seed123_S1_joint_step8000 64 4 3 0.17534521699417382
seed123_S1_joint_step8000 64 4 4 0.17556910397252068
seed123_S1_joint_step8000 64 4 5 0.17552551097469404
seed123_S1_joint_step8000 64 4 6 0.17644132004352286
seed123_S1_joint_step8000 64 4 7 0.17585723503725603
seed123_S1_joint_step8000 64 4 8 0.17763373703928664
seed123_S1_joint_step8000 64 4 9 0.1727181690512225
seed123_S1_joint_step8000 64 5 0 0.16994046204490587
seed123_S1_joint_step8000 64 5 1 0.1730940459528938
seed123_S1_joint_step8000 64 5 2 0.18043668195605278
seed123_S1_joint_step8000 64 5 3 0.16812258900608867
seed123_S1_joint_step8000 64 5 4 0.16482386901043355
seed123_S1_joint_step8000 64 5 5 0.17405828897608444
seed123_S1_joint_step8000 64 5 6 0.17172239697538316
seed123_S1_joint_step8000 64 5 7 0.17249686503782868
seed123_S1_joint_step8000 64 5 8 0.17142861598404124
seed123_S1_joint_step8000 64 5 9 0.16829057002905756
seed123_S1_joint_step8000 64 6 0 0.17521091003436595
seed123_S1_joint_step8000 64 6 1 0.16776464600116014
seed123_S1_joint_step8000 64 6 2 0.17342663102317601
seed123_S1_joint_step8000 64 6 3 0.16698815196286887
seed123_S1_joint_step8000 64 6 4 0.17974041099660099
seed123_S1_joint_step8000 64 6 5 0.17692333000013605
seed123_S1_joint_step8000 64 6 6 0.17741168302018195
seed123_S1_joint_step8000 64 6 7 0.16849770600674674
seed123_S1_joint_step8000 64 6 8 0.1628024370293133
seed123_S1_joint_step8000 64 6 9 0.16975863400148228
seed123_S1_joint_step8000 64 7 0 0.1680390000110492
seed123_S1_joint_step8000 64 7 1 0.17953500902513042
seed123_S1_joint_step8000 64 7 2 0.16975799296051264
seed123_S1_joint_step8000 64 7 3 0.17622280202340335
seed123_S1_joint_step8000 64 7 4 0.16538197500631213
seed123_S1_joint_step8000 64 7 5 0.16390427201986313
seed123_S1_joint_step8000 64 7 6 0.1752756829955615
seed123_S1_joint_step8000 64 7 7 0.17924555501667783
seed123_S1_joint_step8000 64 7 8 0.17331729200668633
seed123_S1_joint_step8000 64 7 9 0.16856272000586614
seed123_S1_joint_step8000 64 8 0 0.17220463702687994
seed123_S1_joint_step8000 64 8 1 0.16804814600618556
seed123_S1_joint_step8000 64 8 2 0.16922976495698094
seed123_S1_joint_step8000 64 8 3 0.1714800220215693
seed123_S1_joint_step8000 64 8 4 0.1690910299657844
seed123_S1_joint_step8000 64 8 5 0.1759061270277016
seed123_S1_joint_step8000 64 8 6 0.16239456803305075
seed123_S1_joint_step8000 64 8 7 0.1713354450184852
seed123_S1_joint_step8000 64 8 8 0.1707154709729366
seed123_S1_joint_step8000 64 8 9 0.1776174659607932
seed123_S1_joint_step8000 64 9 0 0.17708570999093354
seed123_S1_joint_step8000 64 9 1 0.16302376904059201
seed123_S1_joint_step8000 64 9 2 0.17293464997783303
seed123_S1_joint_step8000 64 9 3 0.16677916201297194
seed123_S1_joint_step8000 64 9 4 0.16686700098216534
seed123_S1_joint_step8000 64 9 5 0.16602019197307527
seed123_S1_joint_step8000 64 9 6 0.1651138009619899
seed123_S1_joint_step8000 64 9 7 0.16519526694901288
seed123_S1_joint_step8000 64 9 8 0.16318718099500984
seed123_S1_joint_step8000 64 9 9 0.18183411000063643
seed123_S1_joint_step8000 69 0 0 0.5023356850142591
seed123_S1_joint_step8000 69 0 1 0.49804663099348545
seed123_S1_joint_step8000 69 0 2 0.5211315359920263
seed123_S1_joint_step8000 69 0 3 0.525650208001025
seed123_S1_joint_step8000 69 0 4 0.5198665789794177
seed123_S1_joint_step8000 69 0 5 0.5420724659925327
seed123_S1_joint_step8000 69 0 6 0.5254432210349478
seed123_S1_joint_step8000 69 0 7 0.5185144470306113
seed123_S1_joint_step8000 69 0 8 0.5290515429805964
seed123_S1_joint_step8000 69 0 9 0.5081074059708044
seed123_S1_joint_step8000 69 1 0 0.549902672006283
seed123_S1_joint_step8000 69 1 1 0.5246083549573086
seed123_S1_joint_step8000 69 1 2 0.5211764490231872
seed123_S1_joint_step8000 69 1 3 0.512931449979078
seed123_S1_joint_step8000 69 1 4 0.5442510450375266
seed123_S1_joint_step8000 69 1 5 0.5084141409606673
seed123_S1_joint_step8000 69 1 6 0.499992974975612
seed123_S1_joint_step8000 69 1 7 0.5606719700153917
seed123_S1_joint_step8000 69 1 8 0.5073148509836756
seed123_S1_joint_step8000 69 1 9 0.5292538569774479
seed123_S1_joint_step8000 69 2 0 0.5095162949874066
seed123_S1_joint_step8000 69 2 1 0.5112582119763829
seed123_S1_joint_step8000 69 2 2 0.5321401190012693
seed123_S1_joint_step8000 69 2 3 0.5000713530462235
seed123_S1_joint_step8000 69 2 4 0.5061903509777039
seed123_S1_joint_step8000 69 2 5 0.5190763749997132
seed123_S1_joint_step8000 69 2 6 0.5108294120291248
seed123_S1_joint_step8000 69 2 7 0.5050030919956043
seed123_S1_joint_step8000 69 2 8 0.5089480769820511
seed123_S1_joint_step8000 69 2 9 0.532536213984713
seed123_S1_joint_step8000 69 3 0 0.5191303959582001
seed123_S1_joint_step8000 69 3 1 0.526800848019775
seed123_S1_joint_step8000 69 3 2 0.5142818849999458
seed123_S1_joint_step8000 69 3 3 0.5218841869500466
seed123_S1_joint_step8000 69 3 4 0.5358515050029382
seed123_S1_joint_step8000 69 3 5 0.5077693139901385
seed123_S1_joint_step8000 69 3 6 0.5181064690113999
seed123_S1_joint_step8000 69 3 7 0.545838700956665
seed123_S1_joint_step8000 69 3 8 0.5060452610487118
seed123_S1_joint_step8000 69 3 9 0.5120389290386811
seed123_S1_joint_step8000 69 4 0 0.5118845539982431
seed123_S1_joint_step8000 69 4 1 0.5320842769579031
seed123_S1_joint_step8000 69 4 2 0.5112816519686021
seed123_S1_joint_step8000 69 4 3 0.5123638089862652
seed123_S1_joint_step8000 69 4 4 0.5339348110137507
seed123_S1_joint_step8000 69 4 5 0.5356658180244267
seed123_S1_joint_step8000 69 4 6 0.5060789929702878
seed123_S1_joint_step8000 69 4 7 0.5237300479784608
seed123_S1_joint_step8000 69 4 8 0.5164513950003311
seed123_S1_joint_step8000 69 4 9 0.508235519984737
seed123_S1_joint_step8000 69 5 0 0.5382198540028185
seed123_S1_joint_step8000 69 5 1 0.5201622530003078
seed123_S1_joint_step8000 69 5 2 0.5161714190035127
seed123_S1_joint_step8000 69 5 3 0.5166607130086049
seed123_S1_joint_step8000 69 5 4 0.5203579859808087
seed123_S1_joint_step8000 69 5 5 0.5160730300121941
seed123_S1_joint_step8000 69 5 6 0.5214705989928916
seed123_S1_joint_step8000 69 5 7 0.5105857480084524
seed123_S1_joint_step8000 69 5 8 0.5253123480360955
seed123_S1_joint_step8000 69 5 9 0.5150529309757985
seed123_S1_joint_step8000 69 6 0 0.5136177290114574
seed123_S1_joint_step8000 69 6 1 0.5134269139962271
seed123_S1_joint_step8000 69 6 2 0.532514363003429
seed123_S1_joint_step8000 69 6 3 0.5194450489943847
seed123_S1_joint_step8000 69 6 4 0.5219563959981315
seed123_S1_joint_step8000 69 6 5 0.5165115449926816
seed123_S1_joint_step8000 69 6 6 0.5054774290183559
seed123_S1_joint_step8000 69 6 7 0.5401436160318553
seed123_S1_joint_step8000 69 6 8 0.5210102470009588
seed123_S1_joint_step8000 69 6 9 0.5161029439768754
seed123_S1_joint_step8000 69 7 0 0.5263182260096073
seed123_S1_joint_step8000 69 7 1 0.5043424289906397
seed123_S1_joint_step8000 69 7 2 0.5077101310016587
seed123_S1_joint_step8000 69 7 3 0.5060210459632799
seed123_S1_joint_step8000 69 7 4 0.5207163349841721
seed123_S1_joint_step8000 69 7 5 0.511974357010331
seed123_S1_joint_step8000 69 7 6 0.5203110899892636
seed123_S1_joint_step8000 69 7 7 0.5201382199884392
seed123_S1_joint_step8000 69 7 8 0.5116996300057508
seed123_S1_joint_step8000 69 7 9 0.5263357980293222
seed123_S1_joint_step8000 69 8 0 0.5093290830263868
seed123_S1_joint_step8000 69 8 1 0.5090673720114864
seed123_S1_joint_step8000 69 8 2 0.518802375998348
seed123_S1_joint_step8000 69 8 3 0.5211850170162506
seed123_S1_joint_step8000 69 8 4 0.5106680190074258
seed123_S1_joint_step8000 69 8 5 0.5087101699900813
seed123_S1_joint_step8000 69 8 6 0.5258301799767651
seed123_S1_joint_step8000 69 8 7 0.5246880179620348
seed123_S1_joint_step8000 69 8 8 0.5045658420422114
seed123_S1_joint_step8000 69 8 9 0.5256817050394602
seed123_S1_joint_step8000 69 9 0 0.5227794629754499
seed123_S1_joint_step8000 69 9 1 0.509371149004437
seed123_S1_joint_step8000 69 9 2 0.5253477859660052
seed123_S1_joint_step8000 69 9 3 0.5132972690043971
seed123_S1_joint_step8000 69 9 4 0.5153922209865414
seed123_S1_joint_step8000 69 9 5 0.5097963819862343
seed123_S1_joint_step8000 69 9 6 0.5056446209782735
seed123_S1_joint_step8000 69 9 7 0.5240243980078958
seed123_S1_joint_step8000 69 9 8 0.5126021709875204
seed123_S1_joint_step8000 69 9 9 0.5166510530398227
seed123_S1_joint_step8000 74 0 0 0.7453603000030853
seed123_S1_joint_step8000 74 0 1 0.7318805119721219
seed123_S1_joint_step8000 74 0 2 0.7163875780533999
seed123_S1_joint_step8000 74 0 3 0.7384047519881278
seed123_S1_joint_step8000 74 0 4 0.7213073350139894
seed123_S1_joint_step8000 74 0 5 0.7322434830130078
seed123_S1_joint_step8000 74 0 6 0.7341390430228785
seed123_S1_joint_step8000 74 0 7 0.7355755870230496
seed123_S1_joint_step8000 74 0 8 0.7374963649781421
seed123_S1_joint_step8000 74 0 9 0.737898393010255
seed123_S1_joint_step8000 74 1 0 0.7513177439686842
seed123_S1_joint_step8000 74 1 1 0.7258614100283012
seed123_S1_joint_step8000 74 1 2 0.729321038001217
seed123_S1_joint_step8000 74 1 3 0.7315429410082288
seed123_S1_joint_step8000 74 1 4 0.7159845030400902
seed123_S1_joint_step8000 74 1 5 0.7229120539850555
seed123_S1_joint_step8000 74 1 6 0.7340375849744305
seed123_S1_joint_step8000 74 1 7 0.7076282309717499
seed123_S1_joint_step8000 74 1 8 0.7182025370420888
seed123_S1_joint_step8000 74 1 9 0.7154687760048546
seed123_S1_joint_step8000 74 2 0 0.7492940139491111
seed123_S1_joint_step8000 74 2 1 0.7301679810043424
seed123_S1_joint_step8000 74 2 2 0.7489295470295474
seed123_S1_joint_step8000 74 2 3 0.7324454300105572
seed123_S1_joint_step8000 74 2 4 0.7189079630188644
seed123_S1_joint_step8000 74 2 5 0.708557721984107
seed123_S1_joint_step8000 74 2 6 0.7127927300170995
seed123_S1_joint_step8000 74 2 7 0.72090053698048
seed123_S1_joint_step8000 74 2 8 0.7135687219561078
seed123_S1_joint_step8000 74 2 9 0.7092111089732498
seed123_S1_joint_step8000 74 3 0 0.7404634319827892
seed123_S1_joint_step8000 74 3 1 0.7193039049743675
seed123_S1_joint_step8000 74 3 2 0.7162708119722083
seed123_S1_joint_step8000 74 3 3 0.728156213008333
seed123_S1_joint_step8000 74 3 4 0.7198076859931462
seed123_S1_joint_step8000 74 3 5 0.7062268150039017
seed123_S1_joint_step8000 74 3 6 0.7165262979688123
seed123_S1_joint_step8000 74 3 7 0.7124628360033967
seed123_S1_joint_step8000 74 3 8 0.7140157410176471
seed123_S1_joint_step8000 74 3 9 0.7226338220061734
seed123_S1_joint_step8000 74 4 0 0.7294584870105609
seed123_S1_joint_step8000 74 4 1 0.7356880250154063
seed123_S1_joint_step8000 74 4 2 0.7214546279865317
seed123_S1_joint_step8000 74 4 3 0.7083245079847984
seed123_S1_joint_step8000 74 4 4 0.7080071630189195
seed123_S1_joint_step8000 74 4 5 0.7176469839760102
seed123_S1_joint_step8000 74 4 6 0.7285961080342531
seed123_S1_joint_step8000 74 4 7 0.7182600349769928
seed123_S1_joint_step8000 74 4 8 0.73226852202788
seed123_S1_joint_step8000 74 4 9 0.7346587969805114
seed123_S1_joint_step8000 74 5 0 0.7321357969776727
seed123_S1_joint_step8000 74 5 1 0.7160162669606507
seed123_S1_joint_step8000 74 5 2 0.7274247779860161
seed123_S1_joint_step8000 74 5 3 0.7220264360075817
seed123_S1_joint_step8000 74 5 4 0.7148720409604721
seed123_S1_joint_step8000 74 5 5 0.7210930830333382
seed123_S1_joint_step8000 74 5 6 0.7204812639974989
seed123_S1_joint_step8000 74 5 7 0.7244337119627744
seed123_S1_joint_step8000 74 5 8 0.7264315169886686
seed123_S1_joint_step8000 74 5 9 0.73714211396873
seed123_S1_joint_step8000 74 6 0 0.7203341610147618
seed123_S1_joint_step8000 74 6 1 0.7272365239914507
seed123_S1_joint_step8000 74 6 2 0.7288606959627941
seed123_S1_joint_step8000 74 6 3 0.7485401730518788
seed123_S1_joint_step8000 74 6 4 0.7368720869999379
seed123_S1_joint_step8000 74 6 5 0.7273979599704035
seed123_S1_joint_step8000 74 6 6 0.7357915620086715
seed123_S1_joint_step8000 74 6 7 0.7237625360139646
seed123_S1_joint_step8000 74 6 8 0.7238432199810632
seed123_S1_joint_step8000 74 6 9 0.7304166950052604
seed123_S1_joint_step8000 74 7 0 0.7268695789971389
seed123_S1_joint_step8000 74 7 1 0.7293125750147738
seed123_S1_joint_step8000 74 7 2 0.7337063070153818
seed123_S1_joint_step8000 74 7 3 0.734065663011279
seed123_S1_joint_step8000 74 7 4 0.7129131400142796
seed123_S1_joint_step8000 74 7 5 0.7165331449941732
seed123_S1_joint_step8000 74 7 6 0.7313519479939714
seed123_S1_joint_step8000 74 7 7 0.7193072119844146
seed123_S1_joint_step8000 74 7 8 0.7415490149869584
seed123_S1_joint_step8000 74 7 9 0.7473188940202817
seed123_S1_joint_step8000 74 8 0 0.7195440630312078
seed123_S1_joint_step8000 74 8 1 0.7333989560138434
seed123_S1_joint_step8000 74 8 2 0.7285948499920778
seed123_S1_joint_step8000 74 8 3 0.7418007930391468
seed123_S1_joint_step8000 74 8 4 0.7152949959854595
seed123_S1_joint_step8000 74 8 5 0.7716423000092618
seed123_S1_joint_step8000 74 8 6 0.7291620809701271
seed123_S1_joint_step8000 74 8 7 0.7225002559716813
seed123_S1_joint_step8000 74 8 8 0.7271978390053846
seed123_S1_joint_step8000 74 8 9 0.7338817749987356
seed123_S1_joint_step8000 74 9 0 0.7162819789955392
seed123_S1_joint_step8000 74 9 1 0.7174592459923588
seed123_S1_joint_step8000 74 9 2 0.7195949649903923
seed123_S1_joint_step8000 74 9 3 0.7314188479795121
seed123_S1_joint_step8000 74 9 4 0.7658348139957525
seed123_S1_joint_step8000 74 9 5 0.7177752779680304
seed123_S1_joint_step8000 74 9 6 0.7077291090390645
seed123_S1_joint_step8000 74 9 7 0.7368842469877563
seed123_S1_joint_step8000 74 9 8 0.7520298440358602
seed123_S1_joint_step8000 74 9 9 0.7520057880319655
seed123_S1_joint_step8000 78 0 0 1.1991189690306783
seed123_S1_joint_step8000 78 0 1 1.1858029839931987
seed123_S1_joint_step8000 78 0 2 1.1993324750219472
seed123_S1_joint_step8000 78 0 3 1.1951545149786398
seed123_S1_joint_step8000 78 0 4 1.1844214020529762
seed123_S1_joint_step8000 78 0 5 1.2221951099927537
seed123_S1_joint_step8000 78 0 6 1.1978143209707923
seed123_S1_joint_step8000 78 0 7 1.1812348720268346
seed123_S1_joint_step8000 78 0 8 1.190769202017691
seed123_S1_joint_step8000 78 0 9 1.2193215870065615
seed123_S1_joint_step8000 78 1 0 1.2224647600087337
seed123_S1_joint_step8000 78 1 1 1.1830404860083945
seed123_S1_joint_step8000 78 1 2 1.197212414990645
seed123_S1_joint_step8000 78 1 3 1.189193736994639
seed123_S1_joint_step8000 78 1 4 1.1838170470437035
seed123_S1_joint_step8000 78 1 5 1.2026891420246102
seed123_S1_joint_step8000 78 1 6 1.2258135880110785
seed123_S1_joint_step8000 78 1 7 1.189991427003406
seed123_S1_joint_step8000 78 1 8 1.2097969049937092
seed123_S1_joint_step8000 78 1 9 1.1759235549834557
seed123_S1_joint_step8000 78 2 0 1.2080196180031635
seed123_S1_joint_step8000 78 2 1 1.192731396004092
seed123_S1_joint_step8000 78 2 2 1.1899368269951083
seed123_S1_joint_step8000 78 2 3 1.1895827100379393
seed123_S1_joint_step8000 78 2 4 1.1852672370150685
seed123_S1_joint_step8000 78 2 5 1.1854069120017812
seed123_S1_joint_step8000 78 2 6 1.2202125699841417
seed123_S1_joint_step8000 78 2 7 1.203394077019766
seed123_S1_joint_step8000 78 2 8 1.2277483340003528
seed123_S1_joint_step8000 78 2 9 1.192030417965725
seed123_S1_joint_step8000 78 3 0 1.2035718520055525
seed123_S1_joint_step8000 78 3 1 1.2056322660064325
seed123_S1_joint_step8000 78 3 2 1.2215116349980235
seed123_S1_joint_step8000 78 3 3 1.2196280059870332
seed123_S1_joint_step8000 78 3 4 1.1800870320294052
seed123_S1_joint_step8000 78 3 5 1.2073779669590294
seed123_S1_joint_step8000 78 3 6 1.2078108920250088
seed123_S1_joint_step8000 78 3 7 1.1734199549537152
seed123_S1_joint_step8000 78 3 8 1.1821860269992612
seed123_S1_joint_step8000 78 3 9 1.2037455849931575
seed123_S1_joint_step8000 78 4 0 1.1887414749944583
seed123_S1_joint_step8000 78 4 1 1.2350967729580589
seed123_S1_joint_step8000 78 4 2 1.2198141820263118
seed123_S1_joint_step8000 78 4 3 1.2192373699508607
seed123_S1_joint_step8000 78 4 4 1.207112981006503
seed123_S1_joint_step8000 78 4 5 1.2143945170100778
seed123_S1_joint_step8000 78 4 6 1.2485414569964632
seed123_S1_joint_step8000 78 4 7 1.2100082580000162
seed123_S1_joint_step8000 78 4 8 1.216292680008337
seed123_S1_joint_step8000 78 4 9 1.203680039034225
seed123_S1_joint_step8000 78 5 0 1.2002940810052678
seed123_S1_joint_step8000 78 5 1 1.1980965529801324
seed123_S1_joint_step8000 78 5 2 1.202717908017803
seed123_S1_joint_step8000 78 5 3 1.2031211369903758
seed123_S1_joint_step8000 78 5 4 1.2266859349911101
seed123_S1_joint_step8000 78 5 5 1.2050429160008207
seed123_S1_joint_step8000 78 5 6 1.2186443239916116
seed123_S1_joint_step8000 78 5 7 1.2123008670168929
seed123_S1_joint_step8000 78 5 8 1.2084541179938242
seed123_S1_joint_step8000 78 5 9 1.1927599309710786
seed123_S1_joint_step8000 78 6 0 1.1835409640334547
seed123_S1_joint_step8000 78 6 1 1.191351770015899
seed123_S1_joint_step8000 78 6 2 1.2099855089909397
seed123_S1_joint_step8000 78 6 3 1.1929098539985716
seed123_S1_joint_step8000 78 6 4 1.2007671809988096
seed123_S1_joint_step8000 78 6 5 1.2021796670160256
seed123_S1_joint_step8000 78 6 6 1.2285417669918388
seed123_S1_joint_step8000 78 6 7 1.2197043679771014
seed123_S1_joint_step8000 78 6 8 1.2029416700243019
seed123_S1_joint_step8000 78 6 9 1.1917082340223715
seed123_S1_joint_step8000 78 7 0 1.1721573499962687
seed123_S1_joint_step8000 78 7 1 1.2085825210087933
seed123_S1_joint_step8000 78 7 2 1.2189577359822579
seed123_S1_joint_step8000 78 7 3 1.1959999660030007
seed123_S1_joint_step8000 78 7 4 1.1883313999860547
seed123_S1_joint_step8000 78 7 5 1.1973979150061496
seed123_S1_joint_step8000 78 7 6 1.2424872830160893
seed123_S1_joint_step8000 78 7 7 1.208821562002413
seed123_S1_joint_step8000 78 7 8 1.1930358509998769
seed123_S1_joint_step8000 78 7 9 1.1860138869960792
seed123_S1_joint_step8000 78 8 0 1.2030678099836223
seed123_S1_joint_step8000 78 8 1 1.1987243830226362
seed123_S1_joint_step8000 78 8 2 1.1767803989932872
seed123_S1_joint_step8000 78 8 3 1.2180337610188872
seed123_S1_joint_step8000 78 8 4 1.1954503979650326
seed123_S1_joint_step8000 78 8 5 1.2011391609557904
seed123_S1_joint_step8000 78 8 6 1.1957415009965189
seed123_S1_joint_step8000 78 8 7 1.233295687008649
seed123_S1_joint_step8000 78 8 8 1.2598622169462033
seed123_S1_joint_step8000 78 8 9 1.1702605109894648
seed123_S1_joint_step8000 78 9 0 1.2028010009671561
seed123_S1_joint_step8000 78 9 1 1.1938745109946467
seed123_S1_joint_step8000 78 9 2 1.221428726974409
seed123_S1_joint_step8000 78 9 3 1.2114117440069094
seed123_S1_joint_step8000 78 9 4 1.1853454689844511
seed123_S1_joint_step8000 78 9 5 1.1853105299524032
seed123_S1_joint_step8000 78 9 6 1.2148022570181638
seed123_S1_joint_step8000 78 9 7 1.205063856963534
seed123_S1_joint_step8000 78 9 8 1.1832084729685448
seed123_S1_joint_step8000 78 9 9 1.1781940140062943
{'model': 'seed123_S1_joint_step8000', 'completed_pairs': 2000, 'requested_pairs': 2000, 'completed': True, 'complete_source_count': 20, 'FRD': 135.9292747824053, 'new_pairs': 2000, 'wall_seconds': 477.2295475300052}
