seed123_S2_staged_step8000 0 0 0 0.8153484669746831
seed123_S2_staged_step8000 0 0 1 0.0940653090365231
seed123_S2_staged_step8000 0 0 2 0.10211051296209916
seed123_S2_staged_step8000 0 0 3 0.08908782695652917
seed123_S2_staged_step8000 0 0 4 0.09334627399221063
seed123_S2_staged_step8000 0 0 5 0.09524709801189601
seed123_S2_staged_step8000 0 0 6 0.09034693305147812
seed123_S2_staged_step8000 0 0 7 0.08865821600193158
seed123_S2_staged_step8000 0 0 8 0.08805019501596689
seed123_S2_staged_step8000 0 0 9 0.08974021399626508
seed123_S2_staged_step8000 0 1 0 0.0959711599862203
seed123_S2_staged_step8000 0 1 1 0.08933454903308302
seed123_S2_staged_step8000 0 1 2 0.09218183998018503
seed123_S2_staged_step8000 0 1 3 0.08880470698932186
seed123_S2_staged_step8000 0 1 4 0.08847199002048
seed123_S2_staged_step8000 0 1 5 0.08958366396836936
seed123_S2_staged_step8000 0 1 6 0.08904867304954678
seed123_S2_staged_step8000 0 1 7 0.09055947902379557
seed123_S2_staged_step8000 0 1 8 0.09409214003244415
seed123_S2_staged_step8000 0 1 9 0.09542731201509014
seed123_S2_staged_step8000 0 2 0 0.09000216395361349
seed123_S2_staged_step8000 0 2 1 0.08863177598686889
seed123_S2_staged_step8000 0 2 2 0.09772064397111535
seed123_S2_staged_step8000 0 2 3 0.10173081699758768
seed123_S2_staged_step8000 0 2 4 0.09912621899275109
seed123_S2_staged_step8000 0 2 5 0.10201954800868407
seed123_S2_staged_step8000 0 2 6 0.09284191101323813
seed123_S2_staged_step8000 0 2 7 0.09538325702305883
seed123_S2_staged_step8000 0 2 8 0.09584688302129507
seed123_S2_staged_step8000 0 2 9 0.09045373799744993
seed123_S2_staged_step8000 0 3 0 0.10301973001332954
seed123_S2_staged_step8000 0 3 1 0.09153005399275571
seed123_S2_staged_step8000 0 3 2 0.09387957298895344
seed123_S2_staged_step8000 0 3 3 0.09093998599564657
seed123_S2_staged_step8000 0 3 4 0.08835574798285961
seed123_S2_staged_step8000 0 3 5 0.09454668901162222
seed123_S2_staged_step8000 0 3 6 0.0969428270473145
seed123_S2_staged_step8000 0 3 7 0.09106354299001396
seed123_S2_staged_step8000 0 3 8 0.09275567496661097
seed123_S2_staged_step8000 0 3 9 0.09142734797205776
seed123_S2_staged_step8000 0 4 0 0.08998722600517794
seed123_S2_staged_step8000 0 4 1 0.0892061130143702
seed123_S2_staged_step8000 0 4 2 0.08820295601617545
seed123_S2_staged_step8000 0 4 3 0.0900378929800354
seed123_S2_staged_step8000 0 4 4 0.0893068749574013
seed123_S2_staged_step8000 0 4 5 0.08917224797187373
seed123_S2_staged_step8000 0 4 6 0.08881180902244523
seed123_S2_staged_step8000 0 4 7 0.09447012201417238
seed123_S2_staged_step8000 0 4 8 0.09101120103150606
seed123_S2_staged_step8000 0 4 9 0.09060372301610187
seed123_S2_staged_step8000 0 5 0 0.08933950698701665
seed123_S2_staged_step8000 0 5 1 0.08764384698588401
seed123_S2_staged_step8000 0 5 2 0.08705348998773843
seed123_S2_staged_step8000 0 5 3 0.08942345797549933
seed123_S2_staged_step8000 0 5 4 0.090358866029419
seed123_S2_staged_step8000 0 5 5 0.08819080301327631
seed123_S2_staged_step8000 0 5 6 0.088599823997356
seed123_S2_staged_step8000 0 5 7 0.09086427098372951
seed123_S2_staged_step8000 0 5 8 0.08934644097462296
seed123_S2_staged_step8000 0 5 9 0.08742128201993182
seed123_S2_staged_step8000 0 6 0 0.08956034999573603
seed123_S2_staged_step8000 0 6 1 0.08770519396057352
seed123_S2_staged_step8000 0 6 2 0.08927440299885347
seed123_S2_staged_step8000 0 6 3 0.08745588798774406
seed123_S2_staged_step8000 0 6 4 0.08768089802470058
seed123_S2_staged_step8000 0 6 5 0.09951504197670147
seed123_S2_staged_step8000 0 6 6 0.1008146139793098
seed123_S2_staged_step8000 0 6 7 0.08956654102075845
seed123_S2_staged_step8000 0 6 8 0.10353504400700331
seed123_S2_staged_step8000 0 6 9 0.09508517599897459
seed123_S2_staged_step8000 0 7 0 0.08847877196967602
seed123_S2_staged_step8000 0 7 1 0.08941054297611117
seed123_S2_staged_step8000 0 7 2 0.09450244199251756
seed123_S2_staged_step8000 0 7 3 0.09163654601434246
seed123_S2_staged_step8000 0 7 4 0.08840413897996768
seed123_S2_staged_step8000 0 7 5 0.08980175998294726
seed123_S2_staged_step8000 0 7 6 0.09049796097679064
seed123_S2_staged_step8000 0 7 7 0.09059301199158654
seed123_S2_staged_step8000 0 7 8 0.08915048599010333
seed123_S2_staged_step8000 0 7 9 0.09308087604586035
seed123_S2_staged_step8000 0 8 0 0.08901897497707978
seed123_S2_staged_step8000 0 8 1 0.08927329996367916
seed123_S2_staged_step8000 0 8 2 0.08926684799371287
seed123_S2_staged_step8000 0 8 3 0.09742394497152418
seed123_S2_staged_step8000 0 8 4 0.09467783698346466
seed123_S2_staged_step8000 0 8 5 0.08889671094948426
seed123_S2_staged_step8000 0 8 6 0.09047438501147553
seed123_S2_staged_step8000 0 8 7 0.09306523704435676
seed123_S2_staged_step8000 0 8 8 0.09389131597708911
seed123_S2_staged_step8000 0 8 9 0.08909141196636483
seed123_S2_staged_step8000 0 9 0 0.08849943097447976
seed123_S2_staged_step8000 0 9 1 0.08848075603600591
seed123_S2_staged_step8000 0 9 2 0.09055228502256796
seed123_S2_staged_step8000 0 9 3 0.09305742103606462
seed123_S2_staged_step8000 0 9 4 0.08865909598534927
seed123_S2_staged_step8000 0 9 5 0.08886381797492504
seed123_S2_staged_step8000 0 9 6 0.09045914595481008
seed123_S2_staged_step8000 0 9 7 0.09058026800630614
seed123_S2_staged_step8000 0 9 8 0.08863277599448338
seed123_S2_staged_step8000 0 9 9 0.09136786201270297
seed123_S2_staged_step8000 6 0 0 0.1417498869705014
seed123_S2_staged_step8000 6 0 1 0.13933785702101886
seed123_S2_staged_step8000 6 0 2 0.14825452596414834
seed123_S2_staged_step8000 6 0 3 0.13708838797174394
seed123_S2_staged_step8000 6 0 4 0.14368540403665975
seed123_S2_staged_step8000 6 0 5 0.13619183498667553
seed123_S2_staged_step8000 6 0 6 0.13794596696970984
seed123_S2_staged_step8000 6 0 7 0.14781661902088672
seed123_S2_staged_step8000 6 0 8 0.14646998496027663
seed123_S2_staged_step8000 6 0 9 0.1457732939743437
seed123_S2_staged_step8000 6 1 0 0.14246351801557466
seed123_S2_staged_step8000 6 1 1 0.13782855297904462
seed123_S2_staged_step8000 6 1 2 0.1485493090003729
seed123_S2_staged_step8000 6 1 3 0.14662644400959834
seed123_S2_staged_step8000 6 1 4 0.13734673097496852
seed123_S2_staged_step8000 6 1 5 0.1411675030249171
seed123_S2_staged_step8000 6 1 6 0.14264754101168364
seed123_S2_staged_step8000 6 1 7 0.14501639700029045
seed123_S2_staged_step8000 6 1 8 0.13759547704830766
seed123_S2_staged_step8000 6 1 9 0.13751538400538266
seed123_S2_staged_step8000 6 2 0 0.13882905401987955
seed123_S2_staged_step8000 6 2 1 0.14359479100676253
seed123_S2_staged_step8000 6 2 2 0.1457113649812527
seed123_S2_staged_step8000 6 2 3 0.13635224098106846
seed123_S2_staged_step8000 6 2 4 0.14199491299223155
seed123_S2_staged_step8000 6 2 5 0.1422383589670062
seed123_S2_staged_step8000 6 2 6 0.14323065499775112
seed123_S2_staged_step8000 6 2 7 0.14161648001754656
seed123_S2_staged_step8000 6 2 8 0.15839719597715884
seed123_S2_staged_step8000 6 2 9 0.13802402501460165
seed123_S2_staged_step8000 6 3 0 0.13838309101993218
seed123_S2_staged_step8000 6 3 1 0.14230129797942936
seed123_S2_staged_step8000 6 3 2 0.13753957900917158
seed123_S2_staged_step8000 6 3 3 0.13914717099396512
seed123_S2_staged_step8000 6 3 4 0.14071474596858025
seed123_S2_staged_step8000 6 3 5 0.13660708698444068
seed123_S2_staged_step8000 6 3 6 0.1379846700001508
seed123_S2_staged_step8000 6 3 7 0.13986658601788804
seed123_S2_staged_step8000 6 3 8 0.13940335996448994
seed123_S2_staged_step8000 6 3 9 0.1385800780262798
seed123_S2_staged_step8000 6 4 0 0.14199862000532448
seed123_S2_staged_step8000 6 4 1 0.14784155401866883
seed123_S2_staged_step8000 6 4 2 0.1417473399778828
seed123_S2_staged_step8000 6 4 3 0.14124535000883043
seed123_S2_staged_step8000 6 4 4 0.13839985302183777
seed123_S2_staged_step8000 6 4 5 0.1400882489979267
seed123_S2_staged_step8000 6 4 6 0.1404413940035738
seed123_S2_staged_step8000 6 4 7 0.13952599500771612
seed123_S2_staged_step8000 6 4 8 0.14830395800527185
seed123_S2_staged_step8000 6 4 9 0.14335251599550247
seed123_S2_staged_step8000 6 5 0 0.14875413704430684
seed123_S2_staged_step8000 6 5 1 0.13552115199854597
seed123_S2_staged_step8000 6 5 2 0.13930166501086205
seed123_S2_staged_step8000 6 5 3 0.13629095297073945
seed123_S2_staged_step8000 6 5 4 0.13761790801072493
seed123_S2_staged_step8000 6 5 5 0.1402684130007401
seed123_S2_staged_step8000 6 5 6 0.14185137703316286
seed123_S2_staged_step8000 6 5 7 0.14279497001552954
seed123_S2_staged_step8000 6 5 8 0.14233948901528493
seed123_S2_staged_step8000 6 5 9 0.14082866301760077
seed123_S2_staged_step8000 6 6 0 0.14166679501067847
seed123_S2_staged_step8000 6 6 1 0.1385689249727875
seed123_S2_staged_step8000 6 6 2 0.1439056519884616
seed123_S2_staged_step8000 6 6 3 0.13908568304032087
seed123_S2_staged_step8000 6 6 4 0.13667757000075653
seed123_S2_staged_step8000 6 6 5 0.13887023000279441
seed123_S2_staged_step8000 6 6 6 0.13982380199013278
seed123_S2_staged_step8000 6 6 7 0.13866854598745704
seed123_S2_staged_step8000 6 6 8 0.13796494103735313
seed123_S2_staged_step8000 6 6 9 0.13705469004344195
seed123_S2_staged_step8000 6 7 0 0.13833087001694366
seed123_S2_staged_step8000 6 7 1 0.1395674220402725
seed123_S2_staged_step8000 6 7 2 0.14104631898226216
seed123_S2_staged_step8000 6 7 3 0.1477938310126774
seed123_S2_staged_step8000 6 7 4 0.1435924430261366
seed123_S2_staged_step8000 6 7 5 0.14081709005404264
seed123_S2_staged_step8000 6 7 6 0.1391004000324756
seed123_S2_staged_step8000 6 7 7 0.13998093199916184
seed123_S2_staged_step8000 6 7 8 0.13937200902728364
seed123_S2_staged_step8000 6 7 9 0.14271021698368713
seed123_S2_staged_step8000 6 8 0 0.14157238201005384
seed123_S2_staged_step8000 6 8 1 0.1387599390000105
seed123_S2_staged_step8000 6 8 2 0.14113438600907102
seed123_S2_staged_step8000 6 8 3 0.1420744530041702
seed123_S2_staged_step8000 6 8 4 0.1400312379701063
seed123_S2_staged_step8000 6 8 5 0.14414162299362943
seed123_S2_staged_step8000 6 8 6 0.13846822100458667
seed123_S2_staged_step8000 6 8 7 0.14084865001495928
seed123_S2_staged_step8000 6 8 8 0.13944344501942396
seed123_S2_staged_step8000 6 8 9 0.14187147398479283
seed123_S2_staged_step8000 6 9 0 0.1471509719849564
seed123_S2_staged_step8000 6 9 1 0.14017763797892258
seed123_S2_staged_step8000 6 9 2 0.14402502798475325
seed123_S2_staged_step8000 6 9 3 0.13824255898362026
seed123_S2_staged_step8000 6 9 4 0.14488565403735265
seed123_S2_staged_step8000 6 9 5 0.15267634094925597
seed123_S2_staged_step8000 6 9 6 0.14351893297862262
seed123_S2_staged_step8000 6 9 7 0.1460019460064359
seed123_S2_staged_step8000 6 9 8 0.13937364099547267
seed123_S2_staged_step8000 6 9 9 0.14302001800388098
seed123_S2_staged_step8000 9 0 0 0.04898184700869024
seed123_S2_staged_step8000 9 0 1 0.04227621300378814
seed123_S2_staged_step8000 9 0 2 0.04261436901288107
seed123_S2_staged_step8000 9 0 3 0.04225653596222401
seed123_S2_staged_step8000 9 0 4 0.04245717800222337
seed123_S2_staged_step8000 9 0 5 0.0425188570516184
seed123_S2_staged_step8000 9 0 6 0.04250438901362941
seed123_S2_staged_step8000 9 0 7 0.0426627509878017
seed123_S2_staged_step8000 9 0 8 0.04094465897651389
seed123_S2_staged_step8000 9 0 9 0.04163565899943933
seed123_S2_staged_step8000 9 1 0 0.042085107997991145
seed123_S2_staged_step8000 9 1 1 0.0415860649663955
seed123_S2_staged_step8000 9 1 2 0.04139055003179237
seed123_S2_staged_step8000 9 1 3 0.04135976202087477
seed123_S2_staged_step8000 9 1 4 0.041518494952470064
seed123_S2_staged_step8000 9 1 5 0.04159368900582194
seed123_S2_staged_step8000 9 1 6 0.041598328039981425
seed123_S2_staged_step8000 9 1 7 0.0415468190331012
seed123_S2_staged_step8000 9 1 8 0.04451796697685495
seed123_S2_staged_step8000 9 1 9 0.043856904027052224
seed123_S2_staged_step8000 9 2 0 0.046984670974779874
seed123_S2_staged_step8000 9 2 1 0.044783142977394164
seed123_S2_staged_step8000 9 2 2 0.04412401403533295
seed123_S2_staged_step8000 9 2 3 0.041591585031710565
seed123_S2_staged_step8000 9 2 4 0.04200501396553591
seed123_S2_staged_step8000 9 2 5 0.0431672660051845
seed123_S2_staged_step8000 9 2 6 0.04247647599549964
seed123_S2_staged_step8000 9 2 7 0.041803039028309286
seed123_S2_staged_step8000 9 2 8 0.04291471297619864
seed123_S2_staged_step8000 9 2 9 0.041453610989265144
seed123_S2_staged_step8000 9 3 0 0.04172625200590119
seed123_S2_staged_step8000 9 3 1 0.044860520982183516
seed123_S2_staged_step8000 9 3 2 0.043789335002657026
seed123_S2_staged_step8000 9 3 3 0.04174025799147785
seed123_S2_staged_step8000 9 3 4 0.041457868996076286
seed123_S2_staged_step8000 9 3 5 0.04156853101449087
seed123_S2_staged_step8000 9 3 6 0.041739015956409276
seed123_S2_staged_step8000 9 3 7 0.041098162007983774
seed123_S2_staged_step8000 9 3 8 0.04097405495122075
seed123_S2_staged_step8000 9 3 9 0.043879936973098665
seed123_S2_staged_step8000 9 4 0 0.046047600044403225
seed123_S2_staged_step8000 9 4 1 0.040521871007513255
seed123_S2_staged_step8000 9 4 2 0.04114457097603008
seed123_S2_staged_step8000 9 4 3 0.042113381961826235
seed123_S2_staged_step8000 9 4 4 0.043234152952209115
seed123_S2_staged_step8000 9 4 5 0.04224763798993081
seed123_S2_staged_step8000 9 4 6 0.04199701896868646
seed123_S2_staged_step8000 9 4 7 0.042102592007722706
seed123_S2_staged_step8000 9 4 8 0.04330210294574499
seed123_S2_staged_step8000 9 4 9 0.04207866603974253
seed123_S2_staged_step8000 9 5 0 0.04147278697928414
seed123_S2_staged_step8000 9 5 1 0.04158588399877772
seed123_S2_staged_step8000 9 5 2 0.04387420497369021
seed123_S2_staged_step8000 9 5 3 0.04083660198375583
seed123_S2_staged_step8000 9 5 4 0.04122613597428426
seed123_S2_staged_step8000 9 5 5 0.041744046029634774
seed123_S2_staged_step8000 9 5 6 0.0421287709614262
seed123_S2_staged_step8000 9 5 7 0.042881781002506614
seed123_S2_staged_step8000 9 5 8 0.043195188976824284
seed123_S2_staged_step8000 9 5 9 0.04235245898598805
seed123_S2_staged_step8000 9 6 0 0.04330243403092027
seed123_S2_staged_step8000 9 6 1 0.042374851007480174
seed123_S2_staged_step8000 9 6 2 0.043557471013627946
seed123_S2_staged_step8000 9 6 3 0.04589709098218009
seed123_S2_staged_step8000 9 6 4 0.040868853975553066
seed123_S2_staged_step8000 9 6 5 0.04076405300293118
seed123_S2_staged_step8000 9 6 6 0.040850859018974006
seed123_S2_staged_step8000 9 6 7 0.04064974404172972
seed123_S2_staged_step8000 9 6 8 0.041020133008714765
seed123_S2_staged_step8000 9 6 9 0.040843025024514645
seed123_S2_staged_step8000 9 7 0 0.044412173971068114
seed123_S2_staged_step8000 9 7 1 0.04150881600799039
seed123_S2_staged_step8000 9 7 2 0.04143718903651461
seed123_S2_staged_step8000 9 7 3 0.041296519979368895
seed123_S2_staged_step8000 9 7 4 0.04133266001008451
seed123_S2_staged_step8000 9 7 5 0.040716952993534505
seed123_S2_staged_step8000 9 7 6 0.041001115983817726
seed123_S2_staged_step8000 9 7 7 0.04319194296840578
seed123_S2_staged_step8000 9 7 8 0.04055744799552485
seed123_S2_staged_step8000 9 7 9 0.04196804395178333
seed123_S2_staged_step8000 9 8 0 0.04152554797474295
seed123_S2_staged_step8000 9 8 1 0.042194215988274664
seed123_S2_staged_step8000 9 8 2 0.04307337600039318
seed123_S2_staged_step8000 9 8 3 0.04820903902873397
seed123_S2_staged_step8000 9 8 4 0.04402334097540006
seed123_S2_staged_step8000 9 8 5 0.042630760988686234
seed123_S2_staged_step8000 9 8 6 0.0463173040188849
seed123_S2_staged_step8000 9 8 7 0.044729129993356764
seed123_S2_staged_step8000 9 8 8 0.044236388988792896
seed123_S2_staged_step8000 9 8 9 0.04157509299693629
seed123_S2_staged_step8000 9 9 0 0.04158146498957649
seed123_S2_staged_step8000 9 9 1 0.04189503501402214
seed123_S2_staged_step8000 9 9 2 0.04155987297417596
seed123_S2_staged_step8000 9 9 3 0.04200751904863864
seed123_S2_staged_step8000 9 9 4 0.04281036299653351
seed123_S2_staged_step8000 9 9 5 0.04191692697349936
seed123_S2_staged_step8000 9 9 6 0.04182556102750823
seed123_S2_staged_step8000 9 9 7 0.04237292701145634
seed123_S2_staged_step8000 9 9 8 0.043711715028621256
seed123_S2_staged_step8000 9 9 9 0.04119953600456938
seed123_S2_staged_step8000 12 0 0 0.4235067599802278
seed123_S2_staged_step8000 12 0 1 0.41558945999713615
seed123_S2_staged_step8000 12 0 2 0.4204320239950903
seed123_S2_staged_step8000 12 0 3 0.44393195799784735
seed123_S2_staged_step8000 12 0 4 0.441989624989219
seed123_S2_staged_step8000 12 0 5 0.4251537340460345
seed123_S2_staged_step8000 12 0 6 0.42097185301827267
seed123_S2_staged_step8000 12 0 7 0.42653662600787356
seed123_S2_staged_step8000 12 0 8 0.44071770302252844
seed123_S2_staged_step8000 12 0 9 0.4356326970155351
seed123_S2_staged_step8000 12 1 0 0.42387685197172686
seed123_S2_staged_step8000 12 1 1 0.4245998529950157
seed123_S2_staged_step8000 12 1 2 0.4341832859790884
seed123_S2_staged_step8000 12 1 3 0.42905648797750473
seed123_S2_staged_step8000 12 1 4 0.43396267195930704
seed123_S2_staged_step8000 12 1 5 0.4423884729621932
seed123_S2_staged_step8000 12 1 6 0.43045475997496396
seed123_S2_staged_step8000 12 1 7 0.41894037602469325
seed123_S2_staged_step8000 12 1 8 0.4256974180461839
seed123_S2_staged_step8000 12 1 9 0.4183419840410352
seed123_S2_staged_step8000 12 2 0 0.4270938349654898
seed123_S2_staged_step8000 12 2 1 0.4289125599898398
seed123_S2_staged_step8000 12 2 2 0.4428081210353412
seed123_S2_staged_step8000 12 2 3 0.4264774859766476
seed123_S2_staged_step8000 12 2 4 0.42375820997403935
seed123_S2_staged_step8000 12 2 5 0.4274772150092758
seed123_S2_staged_step8000 12 2 6 0.41491969098569825
seed123_S2_staged_step8000 12 2 7 0.41685978701571
seed123_S2_staged_step8000 12 2 8 0.41636519198073074
seed123_S2_staged_step8000 12 2 9 0.4255629160325043
seed123_S2_staged_step8000 12 3 0 0.4284584689885378
seed123_S2_staged_step8000 12 3 1 0.4266444720560685
seed123_S2_staged_step8000 12 3 2 0.42746557999635115
seed123_S2_staged_step8000 12 3 3 0.4207705269800499
seed123_S2_staged_step8000 12 3 4 0.4190845650155097
seed123_S2_staged_step8000 12 3 5 0.4283286089776084
seed123_S2_staged_step8000 12 3 6 0.4193456229986623
seed123_S2_staged_step8000 12 3 7 0.4293446990195662
seed123_S2_staged_step8000 12 3 8 0.4371798699721694
seed123_S2_staged_step8000 12 3 9 0.4176524969516322
seed123_S2_staged_step8000 12 4 0 0.4322060150443576
seed123_S2_staged_step8000 12 4 1 0.42795618396485224
seed123_S2_staged_step8000 12 4 2 0.4442620510235429
seed123_S2_staged_step8000 12 4 3 0.4154460889985785
seed123_S2_staged_step8000 12 4 4 0.42642339394660667
seed123_S2_staged_step8000 12 4 5 0.43014226999366656
seed123_S2_staged_step8000 12 4 6 0.42021483002463356
seed123_S2_staged_step8000 12 4 7 0.4294917359948158
seed123_S2_staged_step8000 12 4 8 0.42460967699298635
seed123_S2_staged_step8000 12 4 9 0.43897226999979466
seed123_S2_staged_step8000 12 5 0 0.43352129397680983
seed123_S2_staged_step8000 12 5 1 0.4486835360294208
seed123_S2_staged_step8000 12 5 2 0.42251489200862125
seed123_S2_staged_step8000 12 5 3 0.45469740603584796
seed123_S2_staged_step8000 12 5 4 0.43038858799263835
seed123_S2_staged_step8000 12 5 5 0.43106070102658123
seed123_S2_staged_step8000 12 5 6 0.4399972070241347
seed123_S2_staged_step8000 12 5 7 0.4249548619845882
seed123_S2_staged_step8000 12 5 8 0.4221468470059335
seed123_S2_staged_step8000 12 5 9 0.431394117011223
seed123_S2_staged_step8000 12 6 0 0.43753766402369365
seed123_S2_staged_step8000 12 6 1 0.42778356600319967
seed123_S2_staged_step8000 12 6 2 0.43267503200331703
seed123_S2_staged_step8000 12 6 3 0.4447454549954273
seed123_S2_staged_step8000 12 6 4 0.43779613700462505
seed123_S2_staged_step8000 12 6 5 0.43063965102192014
seed123_S2_staged_step8000 12 6 6 0.43190059100743383
seed123_S2_staged_step8000 12 6 7 0.43758936901576817
seed123_S2_staged_step8000 12 6 8 0.42676931497408077
seed123_S2_staged_step8000 12 6 9 0.42387427296489477
seed123_S2_staged_step8000 12 7 0 0.44359898200491443
seed123_S2_staged_step8000 12 7 1 0.419211944041308
seed123_S2_staged_step8000 12 7 2 0.42236948700156063
seed123_S2_staged_step8000 12 7 3 0.4415061920299195
seed123_S2_staged_step8000 12 7 4 0.43980001198360696
seed123_S2_staged_step8000 12 7 5 0.43277159199351445
seed123_S2_staged_step8000 12 7 6 0.4369056089781225
seed123_S2_staged_step8000 12 7 7 0.43089107802370563
seed123_S2_staged_step8000 12 7 8 0.4224581529852003
seed123_S2_staged_step8000 12 7 9 0.41911644797073677
seed123_S2_staged_step8000 12 8 0 0.4492175529594533
seed123_S2_staged_step8000 12 8 1 0.43311345303663984
seed123_S2_staged_step8000 12 8 2 0.4343269200180657
seed123_S2_staged_step8000 12 8 3 0.4428388240048662
seed123_S2_staged_step8000 12 8 4 0.4204756940016523
seed123_S2_staged_step8000 12 8 5 0.4249375780345872
seed123_S2_staged_step8000 12 8 6 0.4272070449660532
seed123_S2_staged_step8000 12 8 7 0.4368575940025039
seed123_S2_staged_step8000 12 8 8 0.4370736160199158
seed123_S2_staged_step8000 12 8 9 0.42488832300296053
seed123_S2_staged_step8000 12 9 0 0.4362603310146369
seed123_S2_staged_step8000 12 9 1 0.4425469739944674
seed123_S2_staged_step8000 12 9 2 0.4390370160108432
seed123_S2_staged_step8000 12 9 3 0.4274298179661855
seed123_S2_staged_step8000 12 9 4 0.4380257020238787
seed123_S2_staged_step8000 12 9 5 0.438765455968678
seed123_S2_staged_step8000 12 9 6 0.4341406280291267
seed123_S2_staged_step8000 12 9 7 0.43385019298875704
seed123_S2_staged_step8000 12 9 8 0.4231083680060692
seed123_S2_staged_step8000 12 9 9 0.4200809330213815
seed123_S2_staged_step8000 18 0 0 0.10292018298059702
seed123_S2_staged_step8000 18 0 1 0.10112247901270166
seed123_S2_staged_step8000 18 0 2 0.09960778401000425
seed123_S2_staged_step8000 18 0 3 0.10587189299985766
seed123_S2_staged_step8000 18 0 4 0.10232276102760807
seed123_S2_staged_step8000 18 0 5 0.10295634198701009
seed123_S2_staged_step8000 18 0 6 0.10931557300500572
seed123_S2_staged_step8000 18 0 7 0.11310115602100268
seed123_S2_staged_step8000 18 0 8 0.10900732397567481
seed123_S2_staged_step8000 18 0 9 0.10643624200019985
seed123_S2_staged_step8000 18 1 0 0.10361780598759651
seed123_S2_staged_step8000 18 1 1 0.10064146900549531
seed123_S2_staged_step8000 18 1 2 0.1018831210094504
seed123_S2_staged_step8000 18 1 3 0.10335895098978654
seed123_S2_staged_step8000 18 1 4 0.1054811060312204
seed123_S2_staged_step8000 18 1 5 0.10012371902121231
seed123_S2_staged_step8000 18 1 6 0.10180263698566705
seed123_S2_staged_step8000 18 1 7 0.10328163398662582
seed123_S2_staged_step8000 18 1 8 0.10368753899820149
seed123_S2_staged_step8000 18 1 9 0.1020857589901425
seed123_S2_staged_step8000 18 2 0 0.10275882401037961
seed123_S2_staged_step8000 18 2 1 0.1031963899731636
seed123_S2_staged_step8000 18 2 2 0.10147434001555666
seed123_S2_staged_step8000 18 2 3 0.10161524900468066
seed123_S2_staged_step8000 18 2 4 0.10101120598847046
seed123_S2_staged_step8000 18 2 5 0.10122872999636456
seed123_S2_staged_step8000 18 2 6 0.10168768797302619
seed123_S2_staged_step8000 18 2 7 0.10134842904517427
seed123_S2_staged_step8000 18 2 8 0.09985629800939932
seed123_S2_staged_step8000 18 2 9 0.10449729504762217
seed123_S2_staged_step8000 18 3 0 0.10466895397985354
seed123_S2_staged_step8000 18 3 1 0.10438872897066176
seed123_S2_staged_step8000 18 3 2 0.10850468202261254
seed123_S2_staged_step8000 18 3 3 0.1057983820210211
seed123_S2_staged_step8000 18 3 4 0.10484992800047621
seed123_S2_staged_step8000 18 3 5 0.10042953304946423
seed123_S2_staged_step8000 18 3 6 0.10701422399142757
seed123_S2_staged_step8000 18 3 7 0.10295412701088935
seed123_S2_staged_step8000 18 3 8 0.10248711501481012
seed123_S2_staged_step8000 18 3 9 0.10394809598801658
seed123_S2_staged_step8000 18 4 0 0.10594689502613619
seed123_S2_staged_step8000 18 4 1 0.10166288900654763
seed123_S2_staged_step8000 18 4 2 0.10085383401019499
seed123_S2_staged_step8000 18 4 3 0.10382633400149643
seed123_S2_staged_step8000 18 4 4 0.10947380500147119
seed123_S2_staged_step8000 18 4 5 0.10418928600847721
seed123_S2_staged_step8000 18 4 6 0.1003174789948389
seed123_S2_staged_step8000 18 4 7 0.1023797090165317
seed123_S2_staged_step8000 18 4 8 0.10080487001687288
seed123_S2_staged_step8000 18 4 9 0.10102115297922865
seed123_S2_staged_step8000 18 5 0 0.10105720302090049
seed123_S2_staged_step8000 18 5 1 0.10227543103974313
seed123_S2_staged_step8000 18 5 2 0.10158069303724915
seed123_S2_staged_step8000 18 5 3 0.10175815201364458
seed123_S2_staged_step8000 18 5 4 0.10126948700053617
seed123_S2_staged_step8000 18 5 5 0.10270142398076132
seed123_S2_staged_step8000 18 5 6 0.10114491998683661
seed123_S2_staged_step8000 18 5 7 0.10227521997876465
seed123_S2_staged_step8000 18 5 8 0.10034292697673663
seed123_S2_staged_step8000 18 5 9 0.10414253798080608
seed123_S2_staged_step8000 18 6 0 0.10102429904509336
seed123_S2_staged_step8000 18 6 1 0.10405660304240882
seed123_S2_staged_step8000 18 6 2 0.10321957303676754
seed123_S2_staged_step8000 18 6 3 0.10424591501941904
seed123_S2_staged_step8000 18 6 4 0.10040765098528937
seed123_S2_staged_step8000 18 6 5 0.10425680602202192
seed123_S2_staged_step8000 18 6 6 0.10387929499847814
seed123_S2_staged_step8000 18 6 7 0.10268256702693179
seed123_S2_staged_step8000 18 6 8 0.10522198997205123
seed123_S2_staged_step8000 18 6 9 0.11102222203044221
seed123_S2_staged_step8000 18 7 0 0.11071234999690205
seed123_S2_staged_step8000 18 7 1 0.10415304702473804
seed123_S2_staged_step8000 18 7 2 0.10261899599572644
seed123_S2_staged_step8000 18 7 3 0.10495398798957467
seed123_S2_staged_step8000 18 7 4 0.10364523599855602
seed123_S2_staged_step8000 18 7 5 0.10314901801757514
seed123_S2_staged_step8000 18 7 6 0.10236683499533683
seed123_S2_staged_step8000 18 7 7 0.1041605609934777
seed123_S2_staged_step8000 18 7 8 0.09990530100185424
seed123_S2_staged_step8000 18 7 9 0.10493368800962344
seed123_S2_staged_step8000 18 8 0 0.10131706797983497
seed123_S2_staged_step8000 18 8 1 0.10065434197895229
seed123_S2_staged_step8000 18 8 2 0.10008321999339387
seed123_S2_staged_step8000 18 8 3 0.1008122640196234
seed123_S2_staged_step8000 18 8 4 0.10074427403742447
seed123_S2_staged_step8000 18 8 5 0.09974433301249519
seed123_S2_staged_step8000 18 8 6 0.10302821797085926
seed123_S2_staged_step8000 18 8 7 0.10039675998268649
seed123_S2_staged_step8000 18 8 8 0.1057937010191381
seed123_S2_staged_step8000 18 8 9 0.10009270801674575
seed123_S2_staged_step8000 18 9 0 0.1060191830038093
seed123_S2_staged_step8000 18 9 1 0.10057522001443431
seed123_S2_staged_step8000 18 9 2 0.10169581096852198
seed123_S2_staged_step8000 18 9 3 0.10061430500354618
seed123_S2_staged_step8000 18 9 4 0.1011385369929485
seed123_S2_staged_step8000 18 9 5 0.10111257701646537
seed123_S2_staged_step8000 18 9 6 0.10177718696650118
seed123_S2_staged_step8000 18 9 7 0.10467743902700022
seed123_S2_staged_step8000 18 9 8 0.11026856204262003
seed123_S2_staged_step8000 18 9 9 0.09996883198618889
seed123_S2_staged_step8000 22 0 0 0.017648010980337858
seed123_S2_staged_step8000 22 0 1 0.016013105981983244
seed123_S2_staged_step8000 22 0 2 0.015451784012839198
seed123_S2_staged_step8000 22 0 3 0.0152396279736422
seed123_S2_staged_step8000 22 0 4 0.015463576011825353
seed123_S2_staged_step8000 22 0 5 0.015624755003955215
seed123_S2_staged_step8000 22 0 6 0.015576312027405947
seed123_S2_staged_step8000 22 0 7 0.015374305949080735
seed123_S2_staged_step8000 22 0 8 0.015399853989947587
seed123_S2_staged_step8000 22 0 9 0.015267872018739581
seed123_S2_staged_step8000 22 1 0 0.015356621996033937
seed123_S2_staged_step8000 22 1 1 0.015776033978909254
seed123_S2_staged_step8000 22 1 2 0.015575399971567094
seed123_S2_staged_step8000 22 1 3 0.015804217022377998
seed123_S2_staged_step8000 22 1 4 0.01739748101681471
seed123_S2_staged_step8000 22 1 5 0.0155761509668082
seed123_S2_staged_step8000 22 1 6 0.015562554995995015
seed123_S2_staged_step8000 22 1 7 0.01564303901977837
seed123_S2_staged_step8000 22 1 8 0.015641016012523323
seed123_S2_staged_step8000 22 1 9 0.01562589599052444
seed123_S2_staged_step8000 22 2 0 0.01565982203464955
seed123_S2_staged_step8000 22 2 1 0.017576935002580285
seed123_S2_staged_step8000 22 2 2 0.015355159994214773
seed123_S2_staged_step8000 22 2 3 0.015440882998518646
seed123_S2_staged_step8000 22 2 4 0.015431616047862917
seed123_S2_staged_step8000 22 2 5 0.015372151974588633
seed123_S2_staged_step8000 22 2 6 0.015475207997951657
seed123_S2_staged_step8000 22 2 7 0.0153304020059295
seed123_S2_staged_step8000 22 2 8 0.015264565998222679
seed123_S2_staged_step8000 22 2 9 0.015422838041558862
seed123_S2_staged_step8000 22 3 0 0.015440192015375942
seed123_S2_staged_step8000 22 3 1 0.015422378026414663
seed123_S2_staged_step8000 22 3 2 0.015302889980375767
seed123_S2_staged_step8000 22 3 3 0.015530455042608082
seed123_S2_staged_step8000 22 3 4 0.015329240006394684
seed123_S2_staged_step8000 22 3 5 0.01537839398952201
seed123_S2_staged_step8000 22 3 6 0.015440963965374976
seed123_S2_staged_step8000 22 3 7 0.015483855968341231
seed123_S2_staged_step8000 22 3 8 0.015337946999352425
seed123_S2_staged_step8000 22 3 9 0.015391068009193987
seed123_S2_staged_step8000 22 4 0 0.015249927993863821
seed123_S2_staged_step8000 22 4 1 0.016216895019169897
seed123_S2_staged_step8000 22 4 2 0.016374366998206824
seed123_S2_staged_step8000 22 4 3 0.015575128956697881
seed123_S2_staged_step8000 22 4 4 0.016187830013222992
seed123_S2_staged_step8000 22 4 5 0.015326784981880337
seed123_S2_staged_step8000 22 4 6 0.015450230042915791
seed123_S2_staged_step8000 22 4 7 0.016915038984734565
seed123_S2_staged_step8000 22 4 8 0.01697970402892679
seed123_S2_staged_step8000 22 4 9 0.01584921299945563
seed123_S2_staged_step8000 22 5 0 0.015500808018259704
seed123_S2_staged_step8000 22 5 1 0.01669325603870675
seed123_S2_staged_step8000 22 5 2 0.017050107999239117
seed123_S2_staged_step8000 22 5 3 0.01876283995807171
seed123_S2_staged_step8000 22 5 4 0.01601177401607856
seed123_S2_staged_step8000 22 5 5 0.017757188994437456
seed123_S2_staged_step8000 22 5 6 0.01538688997970894
seed123_S2_staged_step8000 22 5 7 0.015249988005962223
seed123_S2_staged_step8000 22 5 8 0.015224058995954692
seed123_S2_staged_step8000 22 5 9 0.015280205989256501
seed123_S2_staged_step8000 22 6 0 0.015207046002615243
seed123_S2_staged_step8000 22 6 1 0.015182961011305451
seed123_S2_staged_step8000 22 6 2 0.01516882301075384
seed123_S2_staged_step8000 22 6 3 0.0151817980222404
seed123_S2_staged_step8000 22 6 4 0.015247532981447875
seed123_S2_staged_step8000 22 6 5 0.015210242010653019
seed123_S2_staged_step8000 22 6 6 0.015285125002264977
seed123_S2_staged_step8000 22 6 7 0.015195533982478082
seed123_S2_staged_step8000 22 6 8 0.015200533962342888
seed123_S2_staged_step8000 22 6 9 0.015208447992336005
seed123_S2_staged_step8000 22 7 0 0.015224930015392601
seed123_S2_staged_step8000 22 7 1 0.015224559989292175
seed123_S2_staged_step8000 22 7 2 0.015335291041992605
seed123_S2_staged_step8000 22 7 3 0.015574627963360399
seed123_S2_staged_step8000 22 7 4 0.015610346978064626
seed123_S2_staged_step8000 22 7 5 0.015539321000687778
seed123_S2_staged_step8000 22 7 6 0.015453397005330771
seed123_S2_staged_step8000 22 7 7 0.015453608008101583
seed123_S2_staged_step8000 22 7 8 0.015443678013980389
seed123_S2_staged_step8000 22 7 9 0.015431355044711381
seed123_S2_staged_step8000 22 8 0 0.015450300998054445
seed123_S2_staged_step8000 22 8 1 0.015465268981643021
seed123_S2_staged_step8000 22 8 2 0.015454587992280722
seed123_S2_staged_step8000 22 8 3 0.015452265040948987
seed123_S2_staged_step8000 22 8 4 0.015448076999746263
seed123_S2_staged_step8000 22 8 5 0.01720434200251475
seed123_S2_staged_step8000 22 8 6 0.01582294300897047
seed123_S2_staged_step8000 22 8 7 0.01526160998037085
seed123_S2_staged_step8000 22 8 8 0.01813829696038738
seed123_S2_staged_step8000 22 8 9 0.015237724990583956
seed123_S2_staged_step8000 22 9 0 0.015235691040288657
seed123_S2_staged_step8000 22 9 1 0.015225111041218042
seed123_S2_staged_step8000 22 9 2 0.01522448001196608
seed123_S2_staged_step8000 22 9 3 0.015635995019692928
seed123_S2_staged_step8000 22 9 4 0.01520966098178178
seed123_S2_staged_step8000 22 9 5 0.015232133970130235
seed123_S2_staged_step8000 22 9 6 0.015218437009025365
seed123_S2_staged_step8000 22 9 7 0.01607610599603504
seed123_S2_staged_step8000 22 9 8 0.015775042003951967
seed123_S2_staged_step8000 22 9 9 0.016040868998970836
seed123_S2_staged_step8000 24 0 0 0.018314964952878654
seed123_S2_staged_step8000 24 0 1 0.018596423033159226
seed123_S2_staged_step8000 24 0 2 0.01810129696968943
seed123_S2_staged_step8000 24 0 3 0.018295287969522178
seed123_S2_staged_step8000 24 0 4 0.01771993696456775
seed123_S2_staged_step8000 24 0 5 0.01802570204017684
seed123_S2_staged_step8000 24 0 6 0.017252935969736427
seed123_S2_staged_step8000 24 0 7 0.018168525013606995
seed123_S2_staged_step8000 24 0 8 0.017854806035757065
seed123_S2_staged_step8000 24 0 9 0.018636609020177275
seed123_S2_staged_step8000 24 1 0 0.016993880039080977
seed123_S2_staged_step8000 24 1 1 0.018734706041868776
seed123_S2_staged_step8000 24 1 2 0.017552067001815885
seed123_S2_staged_step8000 24 1 3 0.01705568900797516
seed123_S2_staged_step8000 24 1 4 0.01698540401412174
seed123_S2_staged_step8000 24 1 5 0.017061027989257127
seed123_S2_staged_step8000 24 1 6 0.020426309027243406
seed123_S2_staged_step8000 24 1 7 0.01752063597086817
seed123_S2_staged_step8000 24 1 8 0.017445764038711786
seed123_S2_staged_step8000 24 1 9 0.017252635036129504
seed123_S2_staged_step8000 24 2 0 0.01729934400646016
seed123_S2_staged_step8000 24 2 1 0.01759488898096606
seed123_S2_staged_step8000 24 2 2 0.01746212603757158
seed123_S2_staged_step8000 24 2 3 0.017397591029293835
seed123_S2_staged_step8000 24 2 4 0.017211065045557916
seed123_S2_staged_step8000 24 2 5 0.01724144397303462
seed123_S2_staged_step8000 24 2 6 0.01733791799051687
seed123_S2_staged_step8000 24 2 7 0.017226706026121974
seed123_S2_staged_step8000 24 2 8 0.017213028972037137
seed123_S2_staged_step8000 24 2 9 0.01735942898085341
seed123_S2_staged_step8000 24 3 0 0.017359037999995053
seed123_S2_staged_step8000 24 3 1 0.017400617012754083
seed123_S2_staged_step8000 24 3 2 0.017386319988872856
seed123_S2_staged_step8000 24 3 3 0.017321577004622668
seed123_S2_staged_step8000 24 3 4 0.017231765028554946
seed123_S2_staged_step8000 24 3 5 0.017221273970790207
seed123_S2_staged_step8000 24 3 6 0.01722473098197952
seed123_S2_staged_step8000 24 3 7 0.017183521995320916
seed123_S2_staged_step8000 24 3 8 0.017459821014199406
seed123_S2_staged_step8000 24 3 9 0.018820840981788933
seed123_S2_staged_step8000 24 4 0 0.01740629901178181
seed123_S2_staged_step8000 24 4 1 0.017070326022803783
seed123_S2_staged_step8000 24 4 2 0.01704363600583747
seed123_S2_staged_step8000 24 4 3 0.01697005395544693
seed123_S2_staged_step8000 24 4 4 0.01700277696363628
seed123_S2_staged_step8000 24 4 5 0.016945126990322024
seed123_S2_staged_step8000 24 4 6 0.01765110605629161
seed123_S2_staged_step8000 24 4 7 0.01748420699732378
seed123_S2_staged_step8000 24 4 8 0.019066811015363783
seed123_S2_staged_step8000 24 4 9 0.01885369303636253
seed123_S2_staged_step8000 24 5 0 0.018054146028589457
seed123_S2_staged_step8000 24 5 1 0.01720974303316325
seed123_S2_staged_step8000 24 5 2 0.017008016991894692
seed123_S2_staged_step8000 24 5 3 0.017229830962605774
seed123_S2_staged_step8000 24 5 4 0.017150741012301296
seed123_S2_staged_step8000 24 5 5 0.017486330994870514
seed123_S2_staged_step8000 24 5 6 0.020013489993289113
seed123_S2_staged_step8000 24 5 7 0.01742734800791368
seed123_S2_staged_step8000 24 5 8 0.017304012028034776
seed123_S2_staged_step8000 24 5 9 0.01754218799760565
seed123_S2_staged_step8000 24 6 0 0.017465100972913206
seed123_S2_staged_step8000 24 6 1 0.01731648697750643
seed123_S2_staged_step8000 24 6 2 0.017479137983173132
seed123_S2_staged_step8000 24 6 3 0.019199273956473917
seed123_S2_staged_step8000 24 6 4 0.02123426296748221
seed123_S2_staged_step8000 24 6 5 0.01728855405235663
seed123_S2_staged_step8000 24 6 6 0.01724521000869572
seed123_S2_staged_step8000 24 6 7 0.01898328197421506
seed123_S2_staged_step8000 24 6 8 0.01737957599107176
seed123_S2_staged_step8000 24 6 9 0.017586082045454532
seed123_S2_staged_step8000 24 7 0 0.017406116996426135
seed123_S2_staged_step8000 24 7 1 0.01727016898803413
seed123_S2_staged_step8000 24 7 2 0.017206788004841655
seed123_S2_staged_step8000 24 7 3 0.017205333977472037
seed123_S2_staged_step8000 24 7 4 0.017192610015626997
seed123_S2_staged_step8000 24 7 5 0.0172102139913477
seed123_S2_staged_step8000 24 7 6 0.01720377098536119
seed123_S2_staged_step8000 24 7 7 0.01718149904627353
seed123_S2_staged_step8000 24 7 8 0.01720178802497685
seed123_S2_staged_step8000 24 7 9 0.017186548036988825
seed123_S2_staged_step8000 24 8 0 0.017646827967837453
seed123_S2_staged_step8000 24 8 1 0.01819285098463297
seed123_S2_staged_step8000 24 8 2 0.017856338992714882
seed123_S2_staged_step8000 24 8 3 0.01765244803391397
seed123_S2_staged_step8000 24 8 4 0.02002544200513512
seed123_S2_staged_step8000 24 8 5 0.017552618053741753
seed123_S2_staged_step8000 24 8 6 0.017544272006489336
seed123_S2_staged_step8000 24 8 7 0.017140630981884897
seed123_S2_staged_step8000 24 8 8 0.017530725977849215
seed123_S2_staged_step8000 24 8 9 0.01765998301561922
seed123_S2_staged_step8000 24 9 0 0.01838834403315559
seed123_S2_staged_step8000 24 9 1 0.01717746100621298
seed123_S2_staged_step8000 24 9 2 0.017562697001267225
seed123_S2_staged_step8000 24 9 3 0.017401259043253958
seed123_S2_staged_step8000 24 9 4 0.01894586003618315
seed123_S2_staged_step8000 24 9 5 0.017302769992966205
seed123_S2_staged_step8000 24 9 6 0.017364988976623863
seed123_S2_staged_step8000 24 9 7 0.01731980300974101
seed123_S2_staged_step8000 24 9 8 0.01722002198221162
seed123_S2_staged_step8000 24 9 9 0.017209051991812885
seed123_S2_staged_step8000 30 0 0 0.027213797031436116
seed123_S2_staged_step8000 30 0 1 0.026806498994119465
seed123_S2_staged_step8000 30 0 2 0.02694188797613606
seed123_S2_staged_step8000 30 0 3 0.026785859023220837
seed123_S2_staged_step8000 30 0 4 0.026742968009784818
seed123_S2_staged_step8000 30 0 5 0.026682772964704782
seed123_S2_staged_step8000 30 0 6 0.02750284899957478
seed123_S2_staged_step8000 30 0 7 0.02796327997930348
seed123_S2_staged_step8000 30 0 8 0.02711812499910593
seed123_S2_staged_step8000 30 0 9 0.026818732963874936
seed123_S2_staged_step8000 30 1 0 0.026928882987704128
seed123_S2_staged_step8000 30 1 1 0.03108320100000128
seed123_S2_staged_step8000 30 1 2 0.027495454996824265
seed123_S2_staged_step8000 30 1 3 0.027004428033251315
seed123_S2_staged_step8000 30 1 4 0.026539759011939168
seed123_S2_staged_step8000 30 1 5 0.026387248013634235
seed123_S2_staged_step8000 30 1 6 0.02627446298720315
seed123_S2_staged_step8000 30 1 7 0.026269173016771674
seed123_S2_staged_step8000 30 1 8 0.02625821199035272
seed123_S2_staged_step8000 30 1 9 0.02630484098335728
seed123_S2_staged_step8000 30 2 0 0.02629384002648294
seed123_S2_staged_step8000 30 2 1 0.026320121018216014
seed123_S2_staged_step8000 30 2 2 0.028919656004291028
seed123_S2_staged_step8000 30 2 3 0.028257311030756682
seed123_S2_staged_step8000 30 2 4 0.026299108983948827
seed123_S2_staged_step8000 30 2 5 0.026398660033009946
seed123_S2_staged_step8000 30 2 6 0.026496596983633935
seed123_S2_staged_step8000 30 2 7 0.02651610499015078
seed123_S2_staged_step8000 30 2 8 0.027157779957633466
seed123_S2_staged_step8000 30 2 9 0.028045747021678835
seed123_S2_staged_step8000 30 3 0 0.02645560901146382
seed123_S2_staged_step8000 30 3 1 0.027160385041497648
seed123_S2_staged_step8000 30 3 2 0.027010498975869268
seed123_S2_staged_step8000 30 3 3 0.027263602998573333
seed123_S2_staged_step8000 30 3 4 0.02720254595624283
seed123_S2_staged_step8000 30 3 5 0.02718829899094999
seed123_S2_staged_step8000 30 3 6 0.02885823999531567
seed123_S2_staged_step8000 30 3 7 0.029368333984166384
seed123_S2_staged_step8000 30 3 8 0.02790911600459367
seed123_S2_staged_step8000 30 3 9 0.029718932986725122
seed123_S2_staged_step8000 30 4 0 0.028213137004058808
seed123_S2_staged_step8000 30 4 1 0.027314368984661996
seed123_S2_staged_step8000 30 4 2 0.02715852204710245
seed123_S2_staged_step8000 30 4 3 0.02741561399307102
seed123_S2_staged_step8000 30 4 4 0.028623591002542526
seed123_S2_staged_step8000 30 4 5 0.027260537026450038
seed123_S2_staged_step8000 30 4 6 0.028157751017715782
seed123_S2_staged_step8000 30 4 7 0.03419178997864947
seed123_S2_staged_step8000 30 4 8 0.027010079007595778
seed123_S2_staged_step8000 30 4 9 0.029817492002621293
seed123_S2_staged_step8000 30 5 0 0.027500775991939008
seed123_S2_staged_step8000 30 5 1 0.029715977958403528
seed123_S2_staged_step8000 30 5 2 0.030145579017698765
seed123_S2_staged_step8000 30 5 3 0.029087205999530852
seed123_S2_staged_step8000 30 5 4 0.02914146101102233
seed123_S2_staged_step8000 30 5 5 0.028440862020943314
seed123_S2_staged_step8000 30 5 6 0.0275257530156523
seed123_S2_staged_step8000 30 5 7 0.026837529032491148
seed123_S2_staged_step8000 30 5 8 0.026416603999678046
seed123_S2_staged_step8000 30 5 9 0.026755091035738587
seed123_S2_staged_step8000 30 6 0 0.02659959497395903
seed123_S2_staged_step8000 30 6 1 0.026615504000801593
seed123_S2_staged_step8000 30 6 2 0.027412898023612797
seed123_S2_staged_step8000 30 6 3 0.027626234979834408
seed123_S2_staged_step8000 30 6 4 0.028751565027050674
seed123_S2_staged_step8000 30 6 5 0.026593441958539188
seed123_S2_staged_step8000 30 6 6 0.02675976004684344
seed123_S2_staged_step8000 30 6 7 0.026358712988439947
seed123_S2_staged_step8000 30 6 8 0.02663284697337076
seed123_S2_staged_step8000 30 6 9 0.026527826965320855
seed123_S2_staged_step8000 30 7 0 0.026461950968950987
seed123_S2_staged_step8000 30 7 1 0.026390212995465845
seed123_S2_staged_step8000 30 7 2 0.02633292501559481
seed123_S2_staged_step8000 30 7 3 0.026357029972132295
seed123_S2_staged_step8000 30 7 4 0.02628753799945116
seed123_S2_staged_step8000 30 7 5 0.026299711025785655
seed123_S2_staged_step8000 30 7 6 0.026347732986323535
seed123_S2_staged_step8000 30 7 7 0.02631557104177773
seed123_S2_staged_step8000 30 7 8 0.027374053956009448
seed123_S2_staged_step8000 30 7 9 0.030229999974835664
seed123_S2_staged_step8000 30 8 0 0.029856826993636787
seed123_S2_staged_step8000 30 8 1 0.0330732130096294
seed123_S2_staged_step8000 30 8 2 0.027308939024806023
seed123_S2_staged_step8000 30 8 3 0.03104182198876515
seed123_S2_staged_step8000 30 8 4 0.029290886013768613
seed123_S2_staged_step8000 30 8 5 0.027813582972157747
seed123_S2_staged_step8000 30 8 6 0.02755922795040533
seed123_S2_staged_step8000 30 8 7 0.02856403699843213
seed123_S2_staged_step8000 30 8 8 0.029573835956398398
seed123_S2_staged_step8000 30 8 9 0.03087191702798009
seed123_S2_staged_step8000 30 9 0 0.02816968399565667
seed123_S2_staged_step8000 30 9 1 0.02972604800015688
seed123_S2_staged_step8000 30 9 2 0.026836806966457516
seed123_S2_staged_step8000 30 9 3 0.026806859008502215
seed123_S2_staged_step8000 30 9 4 0.026721156027633697
seed123_S2_staged_step8000 30 9 5 0.02665675402386114
seed123_S2_staged_step8000 30 9 6 0.026655099994968623
seed123_S2_staged_step8000 30 9 7 0.026547013025265187
seed123_S2_staged_step8000 30 9 8 0.02678663097321987
seed123_S2_staged_step8000 30 9 9 0.028967007994651794
seed123_S2_staged_step8000 33 0 0 0.006824619951657951
seed123_S2_staged_step8000 33 0 1 0.0063266680226661265
seed123_S2_staged_step8000 33 0 2 0.0062813020194880664
seed123_S2_staged_step8000 33 0 3 0.00624455203069374
seed123_S2_staged_step8000 33 0 4 0.006261362985242158
seed123_S2_staged_step8000 33 0 5 0.006249069992918521
seed123_S2_staged_step8000 33 0 6 0.006263027025852352
seed123_S2_staged_step8000 33 0 7 0.006249641010072082
seed123_S2_staged_step8000 33 0 8 0.006264759984333068
seed123_S2_staged_step8000 33 0 9 0.006260181020479649
seed123_S2_staged_step8000 33 1 0 0.006052304001059383
seed123_S2_staged_step8000 33 1 1 0.006073975993786007
seed123_S2_staged_step8000 33 1 2 0.006071481038816273
seed123_S2_staged_step8000 33 1 3 0.006104703992605209
seed123_S2_staged_step8000 33 1 4 0.006085778004489839
seed123_S2_staged_step8000 33 1 5 0.006081931001972407
seed123_S2_staged_step8000 33 1 6 0.006014430953655392
seed123_S2_staged_step8000 33 1 7 0.006067182985134423
seed123_S2_staged_step8000 33 1 8 0.006116646982263774
seed123_S2_staged_step8000 33 1 9 0.006070768984500319
seed123_S2_staged_step8000 33 2 0 0.006205907964613289
seed123_S2_staged_step8000 33 2 1 0.006217769987415522
seed123_S2_staged_step8000 33 2 2 0.006217959977220744
seed123_S2_staged_step8000 33 2 3 0.006244270014576614
seed123_S2_staged_step8000 33 2 4 0.006207722006365657
seed123_S2_staged_step8000 33 2 5 0.006194826040882617
seed123_S2_staged_step8000 33 2 6 0.006221888004802167
seed123_S2_staged_step8000 33 2 7 0.006242507020942867
seed123_S2_staged_step8000 33 2 8 0.006193664041347802
seed123_S2_staged_step8000 33 2 9 0.006247317011002451
seed123_S2_staged_step8000 33 3 0 0.006236176006495953
seed123_S2_staged_step8000 33 3 1 0.00621430401224643
seed123_S2_staged_step8000 33 3 2 0.006226126977708191
seed123_S2_staged_step8000 33 3 3 0.006261974980589002
seed123_S2_staged_step8000 33 3 4 0.006242727977223694
seed123_S2_staged_step8000 33 3 5 0.0062624760321341455
seed123_S2_staged_step8000 33 3 6 0.006260701979044825
seed123_S2_staged_step8000 33 3 7 0.0062490199925377965
seed123_S2_staged_step8000 33 3 8 0.006245453027077019
seed123_S2_staged_step8000 33 3 9 0.006307661999017
seed123_S2_staged_step8000 33 4 0 0.00603058299748227
seed123_S2_staged_step8000 33 4 1 0.0060536370147019625
seed123_S2_staged_step8000 33 4 2 0.00606614095158875
seed123_S2_staged_step8000 33 4 3 0.006054548022802919
seed123_S2_staged_step8000 33 4 4 0.006036162958480418
seed123_S2_staged_step8000 33 4 5 0.006098051031585783
seed123_S2_staged_step8000 33 4 6 0.006069066992495209
seed123_S2_staged_step8000 33 4 7 0.0060891740140505135
seed123_S2_staged_step8000 33 4 8 0.006095096003264189
seed123_S2_staged_step8000 33 4 9 0.00606691197026521
seed123_S2_staged_step8000 33 5 0 0.006235975015442818
seed123_S2_staged_step8000 33 5 1 0.0062320170109160244
seed123_S2_staged_step8000 33 5 2 0.00625209603458643
seed123_S2_staged_step8000 33 5 3 0.006282074027694762
seed123_S2_staged_step8000 33 5 4 0.00624102505389601
seed123_S2_staged_step8000 33 5 5 0.006244410993531346
seed123_S2_staged_step8000 33 5 6 0.00621224899077788
seed123_S2_staged_step8000 33 5 7 0.006250703998375684
seed123_S2_staged_step8000 33 5 8 0.006858663982711732
seed123_S2_staged_step8000 33 5 9 0.008396263001486659
seed123_S2_staged_step8000 33 6 0 0.010306954034604132
seed123_S2_staged_step8000 33 6 1 0.011486887990031391
seed123_S2_staged_step8000 33 6 2 0.008936414960771799
seed123_S2_staged_step8000 33 6 3 0.007639355957508087
seed123_S2_staged_step8000 33 6 4 0.0062728949706070125
seed123_S2_staged_step8000 33 6 5 0.006355413992423564
seed123_S2_staged_step8000 33 6 6 0.006447790015954524
seed123_S2_staged_step8000 33 6 7 0.006751980981789529
seed123_S2_staged_step8000 33 6 8 0.006597777013666928
seed123_S2_staged_step8000 33 6 9 0.0068086699466221035
seed123_S2_staged_step8000 33 7 0 0.0066082459525205195
seed123_S2_staged_step8000 33 7 1 0.006429975968785584
seed123_S2_staged_step8000 33 7 2 0.006301982037257403
seed123_S2_staged_step8000 33 7 3 0.006281611975282431
seed123_S2_staged_step8000 33 7 4 0.0062735669780522585
seed123_S2_staged_step8000 33 7 5 0.006619458028580993
seed123_S2_staged_step8000 33 7 6 0.008501022006385028
seed123_S2_staged_step8000 33 7 7 0.006734127004165202
seed123_S2_staged_step8000 33 7 8 0.0061846470343880355
seed123_S2_staged_step8000 33 7 9 0.006511140963993967
seed123_S2_staged_step8000 33 8 0 0.006279257999267429
seed123_S2_staged_step8000 33 8 1 0.006285719980951399
seed123_S2_staged_step8000 33 8 2 0.00628526002401486
seed123_S2_staged_step8000 33 8 3 0.006277955020777881
seed123_S2_staged_step8000 33 8 4 0.006278777029365301
seed123_S2_staged_step8000 33 8 5 0.006293645012192428
seed123_S2_staged_step8000 33 8 6 0.0062624760321341455
seed123_S2_staged_step8000 33 8 7 0.14077297499170527
seed123_S2_staged_step8000 33 8 8 0.006365342007484287
seed123_S2_staged_step8000 33 8 9 0.00694355700397864
seed123_S2_staged_step8000 33 9 0 0.006614699028432369
seed123_S2_staged_step8000 33 9 1 0.006473168032243848
seed123_S2_staged_step8000 33 9 2 0.006373077048920095
seed123_S2_staged_step8000 33 9 3 0.006325947004370391
seed123_S2_staged_step8000 33 9 4 0.006350754003506154
seed123_S2_staged_step8000 33 9 5 0.006178544950671494
seed123_S2_staged_step8000 33 9 6 0.006196909991558641
seed123_S2_staged_step8000 33 9 7 0.0061957380385138094
seed123_S2_staged_step8000 33 9 8 0.006172152992803603
seed123_S2_staged_step8000 33 9 9 0.006197911978233606
seed123_S2_staged_step8000 36 0 0 0.006581786961760372
seed123_S2_staged_step8000 36 0 1 0.006539424997754395
seed123_S2_staged_step8000 36 0 2 0.006520238006487489
seed123_S2_staged_step8000 36 0 3 0.006532521976623684
seed123_S2_staged_step8000 36 0 4 0.006998823024332523
seed123_S2_staged_step8000 36 0 5 0.00958815001649782
seed123_S2_staged_step8000 36 0 6 0.00684829504461959
seed123_S2_staged_step8000 36 0 7 0.00661610095994547
seed123_S2_staged_step8000 36 0 8 0.006632532982621342
seed123_S2_staged_step8000 36 0 9 0.006649596034549177
seed123_S2_staged_step8000 36 1 0 0.006674133008345962
seed123_S2_staged_step8000 36 1 1 0.006651799019891769
seed123_S2_staged_step8000 36 1 2 0.006648903014138341
seed123_S2_staged_step8000 36 1 3 0.00664205098291859
seed123_S2_staged_step8000 36 1 4 0.0066753539722412825
seed123_S2_staged_step8000 36 1 5 0.006649704999290407
seed123_S2_staged_step8000 36 1 6 0.006657060002908111
seed123_S2_staged_step8000 36 1 7 0.00684224400902167
seed123_S2_staged_step8000 36 1 8 0.00910888402722776
seed123_S2_staged_step8000 36 1 9 0.00744344195118174
seed123_S2_staged_step8000 36 2 0 0.00681060302304104
seed123_S2_staged_step8000 36 2 1 0.006877048988826573
seed123_S2_staged_step8000 36 2 2 0.006819339992944151
seed123_S2_staged_step8000 36 2 3 0.006821923947427422
seed123_S2_staged_step8000 36 2 4 0.006813689018599689
seed123_S2_staged_step8000 36 2 5 0.006805692974012345
seed123_S2_staged_step8000 36 2 6 0.006803710013628006
seed123_S2_staged_step8000 36 2 7 0.006830520986113697
seed123_S2_staged_step8000 36 2 8 0.006794151966460049
seed123_S2_staged_step8000 36 2 9 0.006794221990276128
seed123_S2_staged_step8000 36 3 0 0.00658133503748104
seed123_S2_staged_step8000 36 3 1 0.0065824760240502656
seed123_S2_staged_step8000 36 3 2 0.006585032038856298
seed123_S2_staged_step8000 36 3 3 0.006649746967013925
seed123_S2_staged_step8000 36 3 4 0.006580483983270824
seed123_S2_staged_step8000 36 3 5 0.006867581978440285
seed123_S2_staged_step8000 36 3 6 0.006576805957593024
seed123_S2_staged_step8000 36 3 7 0.006548241944983602
seed123_S2_staged_step8000 36 3 8 0.006572669022716582
seed123_S2_staged_step8000 36 3 9 0.006594069011043757
seed123_S2_staged_step8000 36 4 0 0.0065752240479923785
seed123_S2_staged_step8000 36 4 1 0.006671115988865495
seed123_S2_staged_step8000 36 4 2 0.006652701005805284
seed123_S2_staged_step8000 36 4 3 0.006567728996742517
seed123_S2_staged_step8000 36 4 4 0.006741290970239788
seed123_S2_staged_step8000 36 4 5 0.006610099982935935
seed123_S2_staged_step8000 36 4 6 0.006581866007763892
seed123_S2_staged_step8000 36 4 7 0.006603597023058683
seed123_S2_staged_step8000 36 4 8 0.006595993007067591
seed123_S2_staged_step8000 36 4 9 0.006573009013663977
seed123_S2_staged_step8000 36 5 0 0.00657341000624001
seed123_S2_staged_step8000 36 5 1 0.006844748044386506
seed123_S2_staged_step8000 36 5 2 0.007171663048211485
seed123_S2_staged_step8000 36 5 3 0.0070677740150131285
seed123_S2_staged_step8000 36 5 4 0.0068226149887777865
seed123_S2_staged_step8000 36 5 5 0.0070772229810245335
seed123_S2_staged_step8000 36 5 6 0.00671389902709052
seed123_S2_staged_step8000 36 5 7 0.006816053006332368
seed123_S2_staged_step8000 36 5 8 0.006596864957828075
seed123_S2_staged_step8000 36 5 9 0.006925371999386698
seed123_S2_staged_step8000 36 6 0 0.00686997699085623
seed123_S2_staged_step8000 36 6 1 0.006817797024268657
seed123_S2_staged_step8000 36 6 2 0.006808479025494307
seed123_S2_staged_step8000 36 6 3 0.006603746965993196
seed123_S2_staged_step8000 36 6 4 0.00658311799634248
seed123_S2_staged_step8000 36 6 5 0.0066379939671605825
seed123_S2_staged_step8000 36 6 6 0.0065709250047802925
seed123_S2_staged_step8000 36 6 7 0.0065788099891506135
seed123_S2_staged_step8000 36 6 8 0.0065884889918379486
seed123_S2_staged_step8000 36 6 9 0.006570395024027675
seed123_S2_staged_step8000 36 7 0 0.006794040964450687
seed123_S2_staged_step8000 36 7 1 0.007099615002516657
seed123_S2_staged_step8000 36 7 2 0.006778180017136037
seed123_S2_staged_step8000 36 7 3 0.006746120052412152
seed123_S2_staged_step8000 36 7 4 0.006772169028408825
seed123_S2_staged_step8000 36 7 5 0.006768652005121112
seed123_S2_staged_step8000 36 7 6 0.0069446900160983205
seed123_S2_staged_step8000 36 7 7 0.006782768992707133
seed123_S2_staged_step8000 36 7 8 0.0071119380299933255
seed123_S2_staged_step8000 36 7 9 0.006739397009368986
seed123_S2_staged_step8000 36 8 0 0.006547480006702244
seed123_S2_staged_step8000 36 8 1 0.006531930004712194
seed123_S2_staged_step8000 36 8 2 0.006538442976307124
seed123_S2_staged_step8000 36 8 3 0.006530989019665867
seed123_S2_staged_step8000 36 8 4 0.0065712250070646405
seed123_S2_staged_step8000 36 8 5 0.006565715011674911
seed123_S2_staged_step8000 36 8 6 0.0065479810000397265
seed123_S2_staged_step8000 36 8 7 0.006982963008340448
seed123_S2_staged_step8000 36 8 8 0.009581246005836874
seed123_S2_staged_step8000 36 8 9 0.006665955996140838
seed123_S2_staged_step8000 36 9 0 0.007051263994071633
seed123_S2_staged_step8000 36 9 1 0.006782690004911274
seed123_S2_staged_step8000 36 9 2 0.0067613390274345875
seed123_S2_staged_step8000 36 9 3 0.006831373029854149
seed123_S2_staged_step8000 36 9 4 0.0067774399649351835
seed123_S2_staged_step8000 36 9 5 0.0067853640066459775
seed123_S2_staged_step8000 36 9 6 0.006780536030419171
seed123_S2_staged_step8000 36 9 7 0.006801295035984367
seed123_S2_staged_step8000 36 9 8 0.0067789420136250556
seed123_S2_staged_step8000 36 9 9 0.006773111002985388
seed123_S2_staged_step8000 40 0 0 0.0040080680046230555
seed123_S2_staged_step8000 40 0 1 0.003990275028627366
seed123_S2_staged_step8000 40 0 2 0.003977079002652317
seed123_S2_staged_step8000 40 0 3 0.004005965020041913
seed123_S2_staged_step8000 40 0 4 0.003978652006480843
seed123_S2_staged_step8000 40 0 5 0.003985746006947011
seed123_S2_staged_step8000 40 0 6 0.004093241004738957
seed123_S2_staged_step8000 40 0 7 0.004054977966006845
seed123_S2_staged_step8000 40 0 8 0.005738143983762711
seed123_S2_staged_step8000 40 0 9 0.004042753949761391
seed123_S2_staged_step8000 40 1 0 0.003944967000279576
seed123_S2_staged_step8000 40 1 1 0.0039464099681936204
seed123_S2_staged_step8000 40 1 2 0.0039282760117203
seed123_S2_staged_step8000 40 1 3 0.003963613009545952
seed123_S2_staged_step8000 40 1 4 0.003950718964915723
seed123_S2_staged_step8000 40 1 5 0.003931351006031036
seed123_S2_staged_step8000 40 1 6 0.003893599030561745
seed123_S2_staged_step8000 40 1 7 0.0038961039972491562
seed123_S2_staged_step8000 40 1 8 0.0038839909830130637
seed123_S2_staged_step8000 40 1 9 0.003903257951606065
seed123_S2_staged_step8000 40 2 0 0.00398800999391824
seed123_S2_staged_step8000 40 2 1 0.004017095023300499
seed123_S2_staged_step8000 40 2 2 0.003979183034971356
seed123_S2_staged_step8000 40 2 3 0.00402204500278458
seed123_S2_staged_step8000 40 2 4 0.003993551013991237
seed123_S2_staged_step8000 40 2 5 0.0040140500059351325
seed123_S2_staged_step8000 40 2 6 0.0039983990136533976
seed123_S2_staged_step8000 40 2 7 0.004002717963885516
seed123_S2_staged_step8000 40 2 8 0.003985766030382365
seed123_S2_staged_step8000 40 2 9 0.004022967012133449
seed123_S2_staged_step8000 40 3 0 0.004012165998574346
seed123_S2_staged_step8000 40 3 1 0.004025010974146426
seed123_S2_staged_step8000 40 3 2 0.003988460986874998
seed123_S2_staged_step8000 40 3 3 0.004023628018330783
seed123_S2_staged_step8000 40 3 4 0.00400541303679347
seed123_S2_staged_step8000 40 3 5 0.004018166975583881
seed123_S2_staged_step8000 40 3 6 0.004010392993222922
seed123_S2_staged_step8000 40 3 7 0.003999731969088316
seed123_S2_staged_step8000 40 3 8 0.0040002939640544355
seed123_S2_staged_step8000 40 3 9 0.004022265027742833
seed123_S2_staged_step8000 40 4 0 0.0039896530215628445
seed123_S2_staged_step8000 40 4 1 0.0040291789919137955
seed123_S2_staged_step8000 40 4 2 0.00398615695303306
seed123_S2_staged_step8000 40 4 3 0.00400451198220253
seed123_S2_staged_step8000 40 4 4 0.0040082179475575686
seed123_S2_staged_step8000 40 4 5 0.003995633975137025
seed123_S2_staged_step8000 40 4 6 0.0039964059833437204
seed123_S2_staged_step8000 40 4 7 0.004018218023702502
seed123_S2_staged_step8000 40 4 8 0.003988791955634952
seed123_S2_staged_step8000 40 4 9 0.004498155030887574
seed123_S2_staged_step8000 40 5 0 0.0038953920011408627
seed123_S2_staged_step8000 40 5 1 0.003902135998941958
seed123_S2_staged_step8000 40 5 2 0.0038907440030016005
seed123_S2_staged_step8000 40 5 3 0.0039042699499987066
seed123_S2_staged_step8000 40 5 4 0.003912976011633873
seed123_S2_staged_step8000 40 5 5 0.0039041200070641935
seed123_S2_staged_step8000 40 5 6 0.003916423011105508
seed123_S2_staged_step8000 40 5 7 0.003909270046278834
seed123_S2_staged_step8000 40 5 8 0.0038923569954931736
seed123_S2_staged_step8000 40 5 9 0.00391556101385504
seed123_S2_staged_step8000 40 6 0 0.004005794005934149
seed123_S2_staged_step8000 40 6 1 0.004012327000964433
seed123_S2_staged_step8000 40 6 2 0.004017086001113057
seed123_S2_staged_step8000 40 6 3 0.004032555036246777
seed123_S2_staged_step8000 40 6 4 0.004034679033793509
seed123_S2_staged_step8000 40 6 5 0.004016935999970883
seed123_S2_staged_step8000 40 6 6 0.004003409994766116
seed123_S2_staged_step8000 40 6 7 0.004029209027066827
seed123_S2_staged_step8000 40 6 8 0.004008960037026554
seed123_S2_staged_step8000 40 6 9 0.00404907698975876
seed123_S2_staged_step8000 40 7 0 0.004013638012111187
seed123_S2_staged_step8000 40 7 1 0.0040221749804914
seed123_S2_staged_step8000 40 7 2 0.004011585027910769
seed123_S2_staged_step8000 40 7 3 0.0040226459968835115
seed123_S2_staged_step8000 40 7 4 0.0040130470297299325
seed123_S2_staged_step8000 40 7 5 0.004030701005831361
seed123_S2_staged_step8000 40 7 6 0.004022815963253379
seed123_S2_staged_step8000 40 7 7 0.004216496949084103
seed123_S2_staged_step8000 40 7 8 0.004282533016521484
seed123_S2_staged_step8000 40 7 9 0.004187089973129332
seed123_S2_staged_step8000 40 8 0 0.004112658032681793
seed123_S2_staged_step8000 40 8 1 0.004059617000166327
seed123_S2_staged_step8000 40 8 2 0.00402500998461619
seed123_S2_staged_step8000 40 8 3 0.004030751995742321
seed123_S2_staged_step8000 40 8 4 0.0040609389543533325
seed123_S2_staged_step8000 40 8 5 0.004058914957568049
seed123_S2_staged_step8000 40 8 6 0.004023518005851656
seed123_S2_staged_step8000 40 8 7 0.0040603079833090305
seed123_S2_staged_step8000 40 8 8 0.004038274986669421
seed123_S2_staged_step8000 40 8 9 0.004044738016091287
seed123_S2_staged_step8000 40 9 0 0.003980376000981778
seed123_S2_staged_step8000 40 9 1 0.004009880998637527
seed123_S2_staged_step8000 40 9 2 0.00399354100227356
seed123_S2_staged_step8000 40 9 3 0.00401962996693328
seed123_S2_staged_step8000 40 9 4 0.004010682983789593
seed123_S2_staged_step8000 40 9 5 0.004018587991595268
seed123_S2_staged_step8000 40 9 6 0.003998369968030602
seed123_S2_staged_step8000 40 9 7 0.00401828798931092
seed123_S2_staged_step8000 40 9 8 0.004007957992143929
seed123_S2_staged_step8000 40 9 9 0.004029708972666413
seed123_S2_staged_step8000 47 0 0 0.06487431604182348
seed123_S2_staged_step8000 47 0 1 0.06008814001688734
seed123_S2_staged_step8000 47 0 2 0.0596617060364224
seed123_S2_staged_step8000 47 0 3 0.05859006801620126
seed123_S2_staged_step8000 47 0 4 0.06105677003506571
seed123_S2_staged_step8000 47 0 5 0.06064749899087474
seed123_S2_staged_step8000 47 0 6 0.05897792900213972
seed123_S2_staged_step8000 47 0 7 0.05921512102941051
seed123_S2_staged_step8000 47 0 8 0.05936605099122971
seed123_S2_staged_step8000 47 0 9 0.06027634895872325
seed123_S2_staged_step8000 47 1 0 0.06012345803901553
seed123_S2_staged_step8000 47 1 1 0.059868230018764734
seed123_S2_staged_step8000 47 1 2 0.06003919697832316
seed123_S2_staged_step8000 47 1 3 0.05910174496239051
seed123_S2_staged_step8000 47 1 4 0.05920200701802969
seed123_S2_staged_step8000 47 1 5 0.059558617998845875
seed123_S2_staged_step8000 47 1 6 0.06002336600795388
seed123_S2_staged_step8000 47 1 7 0.06264342204667628
seed123_S2_staged_step8000 47 1 8 0.05868471798021346
seed123_S2_staged_step8000 47 1 9 0.060307199019007385
seed123_S2_staged_step8000 47 2 0 0.06174406397622079
seed123_S2_staged_step8000 47 2 1 0.058553056966047734
seed123_S2_staged_step8000 47 2 2 0.05992365599377081
seed123_S2_staged_step8000 47 2 3 0.061044978036079556
seed123_S2_staged_step8000 47 2 4 0.061921412008814514
seed123_S2_staged_step8000 47 2 5 0.059498291986528784
seed123_S2_staged_step8000 47 2 6 0.06044551299419254
seed123_S2_staged_step8000 47 2 7 0.060701962967868894
seed123_S2_staged_step8000 47 2 8 0.06062681903131306
seed123_S2_staged_step8000 47 2 9 0.06406522903125733
seed123_S2_staged_step8000 47 3 0 0.05980473896488547
seed123_S2_staged_step8000 47 3 1 0.05853774701245129
seed123_S2_staged_step8000 47 3 2 0.05937230202835053
seed123_S2_staged_step8000 47 3 3 0.06369437999092042
seed123_S2_staged_step8000 47 3 4 0.06462675199145451
seed123_S2_staged_step8000 47 3 5 0.060047652979847044
seed123_S2_staged_step8000 47 3 6 0.06013388797873631
seed123_S2_staged_step8000 47 3 7 0.060102807998191565
seed123_S2_staged_step8000 47 3 8 0.06079811602830887
seed123_S2_staged_step8000 47 3 9 0.05962487496435642
seed123_S2_staged_step8000 47 4 0 0.059593985963147134
seed123_S2_staged_step8000 47 4 1 0.05959033902036026
seed123_S2_staged_step8000 47 4 2 0.059285174997057766
seed123_S2_staged_step8000 47 4 3 0.06049963500117883
seed123_S2_staged_step8000 47 4 4 0.06959735898999497
seed123_S2_staged_step8000 47 4 5 0.06153949198778719
seed123_S2_staged_step8000 47 4 6 0.06220784998731688
seed123_S2_staged_step8000 47 4 7 0.06351869500940666
seed123_S2_staged_step8000 47 4 8 0.06259504001354799
seed123_S2_staged_step8000 47 4 9 0.061865324969403446
seed123_S2_staged_step8000 47 5 0 0.05912530899513513
seed123_S2_staged_step8000 47 5 1 0.05943695601308718
seed123_S2_staged_step8000 47 5 2 0.0593107640161179
seed123_S2_staged_step8000 47 5 3 0.059210372040979564
seed123_S2_staged_step8000 47 5 4 0.06232388102216646
seed123_S2_staged_step8000 47 5 5 0.05851118703139946
seed123_S2_staged_step8000 47 5 6 0.059472894994542
seed123_S2_staged_step8000 47 5 7 0.06000750500243157
seed123_S2_staged_step8000 47 5 8 0.06630354601657018
seed123_S2_staged_step8000 47 5 9 0.06935244100168347
seed123_S2_staged_step8000 47 6 0 0.06221822899533436
seed123_S2_staged_step8000 47 6 1 0.06296498596202582
seed123_S2_staged_step8000 47 6 2 0.061375999997835606
seed123_S2_staged_step8000 47 6 3 0.06041652598651126
seed123_S2_staged_step8000 47 6 4 0.060569499037228525
seed123_S2_staged_step8000 47 6 5 0.060126984026283026
seed123_S2_staged_step8000 47 6 6 0.05961918301181868
seed123_S2_staged_step8000 47 6 7 0.059695718984585255
seed123_S2_staged_step8000 47 6 8 0.05928419402334839
seed123_S2_staged_step8000 47 6 9 0.059309161035344005
seed123_S2_staged_step8000 47 7 0 0.059964062995277345
seed123_S2_staged_step8000 47 7 1 0.06101503997342661
seed123_S2_staged_step8000 47 7 2 0.06213593203574419
seed123_S2_staged_step8000 47 7 3 0.061374416982289404
seed123_S2_staged_step8000 47 7 4 0.06179676501778886
seed123_S2_staged_step8000 47 7 5 0.06389552395557985
seed123_S2_staged_step8000 47 7 6 0.061941289983224124
seed123_S2_staged_step8000 47 7 7 0.060274846968241036
seed123_S2_staged_step8000 47 7 8 0.06020034401444718
seed123_S2_staged_step8000 47 7 9 0.060264306026510894
seed123_S2_staged_step8000 47 8 0 0.0616929359966889
seed123_S2_staged_step8000 47 8 1 0.061647428025025874
seed123_S2_staged_step8000 47 8 2 0.0597855219966732
seed123_S2_staged_step8000 47 8 3 0.06002213398460299
seed123_S2_staged_step8000 47 8 4 0.06207371299387887
seed123_S2_staged_step8000 47 8 5 0.06296142900828272
seed123_S2_staged_step8000 47 8 6 0.05862758797593415
seed123_S2_staged_step8000 47 8 7 0.06470228603575379
seed123_S2_staged_step8000 47 8 8 0.05877153400797397
seed123_S2_staged_step8000 47 8 9 0.06027907499810681
seed123_S2_staged_step8000 47 9 0 0.05907578504411504
seed123_S2_staged_step8000 47 9 1 0.06386372295673937
seed123_S2_staged_step8000 47 9 2 0.06226849602535367
seed123_S2_staged_step8000 47 9 3 0.0607956699677743
seed123_S2_staged_step8000 47 9 4 0.06118757103104144
seed123_S2_staged_step8000 47 9 5 0.06414065201533958
seed123_S2_staged_step8000 47 9 6 0.05955832701874897
seed123_S2_staged_step8000 47 9 7 0.059508262027520686
seed123_S2_staged_step8000 47 9 8 0.05961944302543998
seed123_S2_staged_step8000 47 9 9 0.05947683099657297
seed123_S2_staged_step8000 51 0 0 0.02417597296880558
seed123_S2_staged_step8000 51 0 1 0.023613997967913747
seed123_S2_staged_step8000 51 0 2 0.022573310998268425
seed123_S2_staged_step8000 51 0 3 0.022728776966687292
seed123_S2_staged_step8000 51 0 4 0.022746891947463155
seed123_S2_staged_step8000 51 0 5 0.02264048799406737
seed123_S2_staged_step8000 51 0 6 0.022517714009154588
seed123_S2_staged_step8000 51 0 7 0.022604049008805305
seed123_S2_staged_step8000 51 0 8 0.022561658988706768
seed123_S2_staged_step8000 51 0 9 0.02261471899691969
seed123_S2_staged_step8000 51 1 0 0.02401999500580132
seed123_S2_staged_step8000 51 1 1 0.02296990796457976
seed123_S2_staged_step8000 51 1 2 0.02300836198264733
seed123_S2_staged_step8000 51 1 3 0.02269781898939982
seed123_S2_staged_step8000 51 1 4 0.022700403002090752
seed123_S2_staged_step8000 51 1 5 0.022544746985659003
seed123_S2_staged_step8000 51 1 6 0.02263644099002704
seed123_S2_staged_step8000 51 1 7 0.022508076042868197
seed123_S2_staged_step8000 51 1 8 0.02255317196249962
seed123_S2_staged_step8000 51 1 9 0.022238561999984086
seed123_S2_staged_step8000 51 2 0 0.022995426959823817
seed123_S2_staged_step8000 51 2 1 0.022728217008989304
seed123_S2_staged_step8000 51 2 2 0.02242644998477772
seed123_S2_staged_step8000 51 2 3 0.022308634012006223
seed123_S2_staged_step8000 51 2 4 0.022586584964301437
seed123_S2_staged_step8000 51 2 5 0.022734909027349204
seed123_S2_staged_step8000 51 2 6 0.023079338017851114
seed123_S2_staged_step8000 51 2 7 0.024767783004790545
seed123_S2_staged_step8000 51 2 8 0.02577172202290967
seed123_S2_staged_step8000 51 2 9 0.025154080998618156
seed123_S2_staged_step8000 51 3 0 0.026102343981619924
seed123_S2_staged_step8000 51 3 1 0.024068786995485425
seed123_S2_staged_step8000 51 3 2 0.0232256370363757
seed123_S2_staged_step8000 51 3 3 0.024680686998181045
seed123_S2_staged_step8000 51 3 4 0.02388293296098709
seed123_S2_staged_step8000 51 3 5 0.025191453052684665
seed123_S2_staged_step8000 51 3 6 0.026826736982911825
seed123_S2_staged_step8000 51 3 7 0.026114897045772523
seed123_S2_staged_step8000 51 3 8 0.023057485988829285
seed123_S2_staged_step8000 51 3 9 0.024359183036722243
seed123_S2_staged_step8000 51 4 0 0.025459455035161227
seed123_S2_staged_step8000 51 4 1 0.022736462007742375
seed123_S2_staged_step8000 51 4 2 0.022564414015505463
seed123_S2_staged_step8000 51 4 3 0.02321286202641204
seed123_S2_staged_step8000 51 4 4 0.023553903971333057
seed123_S2_staged_step8000 51 4 5 0.022887861996423453
seed123_S2_staged_step8000 51 4 6 0.022583029000088573
seed123_S2_staged_step8000 51 4 7 0.02250937797361985
seed123_S2_staged_step8000 51 4 8 0.022483718988951296
seed123_S2_staged_step8000 51 4 9 0.022220606042537838
seed123_S2_staged_step8000 51 5 0 0.02260332799050957
seed123_S2_staged_step8000 51 5 1 0.022289798012934625
seed123_S2_staged_step8000 51 5 2 0.0222749900422059
seed123_S2_staged_step8000 51 5 3 0.022250604000873864
seed123_S2_staged_step8000 51 5 4 0.022420288005378097
seed123_S2_staged_step8000 51 5 5 0.02299258200218901
seed123_S2_staged_step8000 51 5 6 0.02236983203329146
seed123_S2_staged_step8000 51 5 7 0.022403325012419373
seed123_S2_staged_step8000 51 5 8 0.022217591002117842
seed123_S2_staged_step8000 51 5 9 0.022280280012637377
seed123_S2_staged_step8000 51 6 0 0.022170921962242573
seed123_S2_staged_step8000 51 6 1 0.022548111039213836
seed123_S2_staged_step8000 51 6 2 0.022501684026792645
seed123_S2_staged_step8000 51 6 3 0.022597175964619964
seed123_S2_staged_step8000 51 6 4 0.022513896983582526
seed123_S2_staged_step8000 51 6 5 0.022557410004083067
seed123_S2_staged_step8000 51 6 6 0.022526771994307637
seed123_S2_staged_step8000 51 6 7 0.023297432984691113
seed123_S2_staged_step8000 51 6 8 0.024018361989874393
seed123_S2_staged_step8000 51 6 9 0.022188455041032284
seed123_S2_staged_step8000 51 7 0 0.022188354982063174
seed123_S2_staged_step8000 51 7 1 0.022180811036378145
seed123_S2_staged_step8000 51 7 2 0.023313324025366455
seed123_S2_staged_step8000 51 7 3 0.022367807978298515
seed123_S2_staged_step8000 51 7 4 0.02366966404952109
seed123_S2_staged_step8000 51 7 5 0.02262563002295792
seed123_S2_staged_step8000 51 7 6 0.02227025100728497
seed123_S2_staged_step8000 51 7 7 0.022299978008959442
seed123_S2_staged_step8000 51 7 8 0.02215666399570182
seed123_S2_staged_step8000 51 7 9 0.024597337993327528
seed123_S2_staged_step8000 51 8 0 0.022321508964523673
seed123_S2_staged_step8000 51 8 1 0.022157375991810113
seed123_S2_staged_step8000 51 8 2 0.022197632992174476
seed123_S2_staged_step8000 51 8 3 0.022318574017845094
seed123_S2_staged_step8000 51 8 4 0.022967513999901712
seed123_S2_staged_step8000 51 8 5 0.02311136800562963
seed123_S2_staged_step8000 51 8 6 0.024248480971436948
seed123_S2_staged_step8000 51 8 7 0.02571001398609951
seed123_S2_staged_step8000 51 8 8 0.034460953960660845
seed123_S2_staged_step8000 51 8 9 0.023676919983699918
seed123_S2_staged_step8000 51 9 0 0.02644628001144156
seed123_S2_staged_step8000 51 9 1 0.023839480010792613
seed123_S2_staged_step8000 51 9 2 0.02432080905418843
seed123_S2_staged_step8000 51 9 3 0.023019191983621567
seed123_S2_staged_step8000 51 9 4 0.024439425964374095
seed123_S2_staged_step8000 51 9 5 0.024257307988591492
seed123_S2_staged_step8000 51 9 6 0.022258248005528003
seed123_S2_staged_step8000 51 9 7 0.02323051600251347
seed123_S2_staged_step8000 51 9 8 0.022298674972262233
seed123_S2_staged_step8000 51 9 9 0.02222695801174268
seed123_S2_staged_step8000 52 0 0 0.8195357589866035
seed123_S2_staged_step8000 52 0 1 0.8052661319961771
seed123_S2_staged_step8000 52 0 2 0.8281511969980784
seed123_S2_staged_step8000 52 0 3 0.8244644309743308
seed123_S2_staged_step8000 52 0 4 0.8030722160474397
seed123_S2_staged_step8000 52 0 5 0.8577928580343723
seed123_S2_staged_step8000 52 0 6 0.8402133079944178
seed123_S2_staged_step8000 52 0 7 0.8564058439806104
seed123_S2_staged_step8000 52 0 8 0.8367547170491889
seed123_S2_staged_step8000 52 0 9 0.8392068810062483
seed123_S2_staged_step8000 52 1 0 0.8611456070211716
seed123_S2_staged_step8000 52 1 1 0.8420221660053357
seed123_S2_staged_step8000 52 1 2 0.8521854639984667
seed123_S2_staged_step8000 52 1 3 0.8308098409906961
seed123_S2_staged_step8000 52 1 4 0.8367310530156828
seed123_S2_staged_step8000 52 1 5 0.8199459909810685
seed123_S2_staged_step8000 52 1 6 0.8299339730292559
seed123_S2_staged_step8000 52 1 7 0.845027390983887
seed123_S2_staged_step8000 52 1 8 0.8299211959820241
seed123_S2_staged_step8000 52 1 9 0.8110631839954294
seed123_S2_staged_step8000 52 2 0 0.818436591012869
seed123_S2_staged_step8000 52 2 1 0.8123805479845032
seed123_S2_staged_step8000 52 2 2 0.8073391549987718
seed123_S2_staged_step8000 52 2 3 0.8058618510258384
seed123_S2_staged_step8000 52 2 4 0.8125231969752349
seed123_S2_staged_step8000 52 2 5 0.8042708589928225
seed123_S2_staged_step8000 52 2 6 0.8007224469911307
seed123_S2_staged_step8000 52 2 7 0.8173962840228342
seed123_S2_staged_step8000 52 2 8 0.8080065120011568
seed123_S2_staged_step8000 52 2 9 0.8153051260160282
seed123_S2_staged_step8000 52 3 0 0.8085714600165375
seed123_S2_staged_step8000 52 3 1 0.8181808379595168
seed123_S2_staged_step8000 52 3 2 0.8150830779923126
seed123_S2_staged_step8000 52 3 3 0.8205142939696088
seed123_S2_staged_step8000 52 3 4 0.8171365190064535
seed123_S2_staged_step8000 52 3 5 0.8254076699959114
seed123_S2_staged_step8000 52 3 6 0.8093003440299071
seed123_S2_staged_step8000 52 3 7 0.802865337987896
seed123_S2_staged_step8000 52 3 8 0.8090745100053027
seed123_S2_staged_step8000 52 3 9 0.8175175999640487
seed123_S2_staged_step8000 52 4 0 0.8368594740168191
seed123_S2_staged_step8000 52 4 1 0.8086558960494585
seed123_S2_staged_step8000 52 4 2 0.8246632489608601
seed123_S2_staged_step8000 52 4 3 0.8522260889876634
seed123_S2_staged_step8000 52 4 4 0.8165407379856333
seed123_S2_staged_step8000 52 4 5 0.8055606679990888
seed123_S2_staged_step8000 52 4 6 0.8182773430016823
seed123_S2_staged_step8000 52 4 7 0.7952034570043907
seed123_S2_staged_step8000 52 4 8 0.7869385140365921
seed123_S2_staged_step8000 52 4 9 0.806450642994605
seed123_S2_staged_step8000 52 5 0 0.7875779130263254
seed123_S2_staged_step8000 52 5 1 0.8359308760263957
seed123_S2_staged_step8000 52 5 2 0.8194638820132241
seed123_S2_staged_step8000 52 5 3 0.8121533129597083
seed123_S2_staged_step8000 52 5 4 0.8281812759814784
seed123_S2_staged_step8000 52 5 5 0.8052135109901428
seed123_S2_staged_step8000 52 5 6 0.8173268149839714
seed123_S2_staged_step8000 52 5 7 0.8173479829565622
seed123_S2_staged_step8000 52 5 8 0.809511509956792
seed123_S2_staged_step8000 52 5 9 0.7936520879738964
seed123_S2_staged_step8000 52 6 0 0.8056420349748805
seed123_S2_staged_step8000 52 6 1 0.8102449279977009
seed123_S2_staged_step8000 52 6 2 0.7889488879591227
seed123_S2_staged_step8000 52 6 3 0.8117787660448812
seed123_S2_staged_step8000 52 6 4 0.8122268610168248
seed123_S2_staged_step8000 52 6 5 0.8493083069915883
seed123_S2_staged_step8000 52 6 6 0.8183639229973778
seed123_S2_staged_step8000 52 6 7 0.8109067449695431
seed123_S2_staged_step8000 52 6 8 0.8003371899831109
seed123_S2_staged_step8000 52 6 9 0.8132487569819205
seed123_S2_staged_step8000 52 7 0 0.8023035440128297
seed123_S2_staged_step8000 52 7 1 0.8086774899857119
seed123_S2_staged_step8000 52 7 2 0.8059258629800752
seed123_S2_staged_step8000 52 7 3 0.7883054669946432
seed123_S2_staged_step8000 52 7 4 0.7971895380178466
seed123_S2_staged_step8000 52 7 5 0.7922276269528084
seed123_S2_staged_step8000 52 7 6 0.803166595986113
seed123_S2_staged_step8000 52 7 7 0.7978372229845263
seed123_S2_staged_step8000 52 7 8 0.795871696958784
seed123_S2_staged_step8000 52 7 9 0.8207075250102207
seed123_S2_staged_step8000 52 8 0 0.8145822719670832
seed123_S2_staged_step8000 52 8 1 0.8207311289734207
seed123_S2_staged_step8000 52 8 2 0.8053884839755483
seed123_S2_staged_step8000 52 8 3 0.8109172959811985
seed123_S2_staged_step8000 52 8 4 0.8071577519876882
seed123_S2_staged_step8000 52 8 5 0.8043401979957707
seed123_S2_staged_step8000 52 8 6 0.7994130240404047
seed123_S2_staged_step8000 52 8 7 0.8053994899964891
seed123_S2_staged_step8000 52 8 8 0.8225198679720052
seed123_S2_staged_step8000 52 8 9 0.8084626999916509
seed123_S2_staged_step8000 52 9 0 0.7918121370021254
seed123_S2_staged_step8000 52 9 1 0.7973367910017259
seed123_S2_staged_step8000 52 9 2 0.812791385978926
seed123_S2_staged_step8000 52 9 3 0.8100710680009797
seed123_S2_staged_step8000 52 9 4 0.8002787079894915
seed123_S2_staged_step8000 52 9 5 0.8222138449782506
seed123_S2_staged_step8000 52 9 6 0.824941664992366
seed123_S2_staged_step8000 52 9 7 0.7907549290102907
seed123_S2_staged_step8000 52 9 8 0.8201120569719933
seed123_S2_staged_step8000 52 9 9 0.8301537689985707
seed123_S2_staged_step8000 56 0 0 0.021495147026143968
seed123_S2_staged_step8000 56 0 1 0.01749421196291223
seed123_S2_staged_step8000 56 0 2 0.01818476297194138
seed123_S2_staged_step8000 56 0 3 0.017631404974963516
seed123_S2_staged_step8000 56 0 4 0.017304361041169614
seed123_S2_staged_step8000 56 0 5 0.017312184965703636
seed123_S2_staged_step8000 56 0 6 0.017277810024097562
seed123_S2_staged_step8000 56 0 7 0.0172946120146662
seed123_S2_staged_step8000 56 0 8 0.017746365047059953
seed123_S2_staged_step8000 56 0 9 0.017552734003402293
seed123_S2_staged_step8000 56 1 0 0.01729632494971156
seed123_S2_staged_step8000 56 1 1 0.017304581007920206
seed123_S2_staged_step8000 56 1 2 0.017284192028455436
seed123_S2_staged_step8000 56 1 3 0.01733805501135066
seed123_S2_staged_step8000 56 1 4 0.017297507030889392
seed123_S2_staged_step8000 56 1 5 0.01730594300897792
seed123_S2_staged_step8000 56 1 6 0.017277869977988303
seed123_S2_staged_step8000 56 1 7 0.017633980023674667
seed123_S2_staged_step8000 56 1 8 0.017299400991760194
seed123_S2_staged_step8000 56 1 9 0.017292025964707136
seed123_S2_staged_step8000 56 2 0 0.017292338015977293
seed123_S2_staged_step8000 56 2 1 0.017264122958295047
seed123_S2_staged_step8000 56 2 2 0.017341582046356052
seed123_S2_staged_step8000 56 2 3 0.01732762501342222
seed123_S2_staged_step8000 56 2 4 0.017316444020252675
seed123_S2_staged_step8000 56 2 5 0.017346930981148034
seed123_S2_staged_step8000 56 2 6 0.017344637017231435
seed123_S2_staged_step8000 56 2 7 0.017321683990303427
seed123_S2_staged_step8000 56 2 8 0.017470377031713724
seed123_S2_staged_step8000 56 2 9 0.01846474700141698
seed123_S2_staged_step8000 56 3 0 0.01829894003458321
seed123_S2_staged_step8000 56 3 1 0.017562484019435942
seed123_S2_staged_step8000 56 3 2 0.017702980956528336
seed123_S2_staged_step8000 56 3 3 0.01734693202888593
seed123_S2_staged_step8000 56 3 4 0.017349025991279632
seed123_S2_staged_step8000 56 3 5 0.017305432993452996
seed123_S2_staged_step8000 56 3 6 0.017299911007285118
seed123_S2_staged_step8000 56 3 7 0.017369395005516708
seed123_S2_staged_step8000 56 3 8 0.017341582046356052
seed123_S2_staged_step8000 56 3 9 0.017285795009229332
seed123_S2_staged_step8000 56 4 0 0.01731570198899135
seed123_S2_staged_step8000 56 4 1 0.017302736989222467
seed123_S2_staged_step8000 56 4 2 0.017296614998485893
seed123_S2_staged_step8000 56 4 3 0.01727659802418202
seed123_S2_staged_step8000 56 4 4 0.017264825000893325
seed123_S2_staged_step8000 56 4 5 0.017322413972578943
seed123_S2_staged_step8000 56 4 6 0.017295743979047984
seed123_S2_staged_step8000 56 4 7 0.01734744303394109
seed123_S2_staged_step8000 56 4 8 0.017344346968457103
seed123_S2_staged_step8000 56 4 9 0.01732823601923883
seed123_S2_staged_step8000 56 5 0 0.01729864999651909
seed123_S2_staged_step8000 56 5 1 0.017480165988672525
seed123_S2_staged_step8000 56 5 2 0.017614323005545884
seed123_S2_staged_step8000 56 5 3 0.01860103802755475
seed123_S2_staged_step8000 56 5 4 0.01924106100341305
seed123_S2_staged_step8000 56 5 5 0.01756711199413985
seed123_S2_staged_step8000 56 5 6 0.017369123990647495
seed123_S2_staged_step8000 56 5 7 0.018001402029767632
seed123_S2_staged_step8000 56 5 8 0.01743230497231707
seed123_S2_staged_step8000 56 5 9 0.017825575021561235
seed123_S2_staged_step8000 56 6 0 0.018038893991615623
seed123_S2_staged_step8000 56 6 1 0.018719273968599737
seed123_S2_staged_step8000 56 6 2 0.020263884973246604
seed123_S2_staged_step8000 56 6 3 0.018410553981084377
seed123_S2_staged_step8000 56 6 4 0.018912903033196926
seed123_S2_staged_step8000 56 6 5 0.018626926990691572
seed123_S2_staged_step8000 56 6 6 0.01807829999597743
seed123_S2_staged_step8000 56 6 7 0.017531714984215796
seed123_S2_staged_step8000 56 6 8 0.01724802202079445
seed123_S2_staged_step8000 56 6 9 0.017118565971031785
seed123_S2_staged_step8000 56 7 0 0.017327233974356204
seed123_S2_staged_step8000 56 7 1 0.017532957019284368
seed123_S2_staged_step8000 56 7 2 0.017246249015443027
seed123_S2_staged_step8000 56 7 3 0.01713465602369979
seed123_S2_staged_step8000 56 7 4 0.017354877025354654
seed123_S2_staged_step8000 56 7 5 0.01715672796126455
seed123_S2_staged_step8000 56 7 6 0.017110600019805133
seed123_S2_staged_step8000 56 7 7 0.01720670296344906
seed123_S2_staged_step8000 56 7 8 0.01715929398778826
seed123_S2_staged_step8000 56 7 9 0.01723651000065729
seed123_S2_staged_step8000 56 8 0 0.01734334498178214
seed123_S2_staged_step8000 56 8 1 0.017292617994826287
seed123_S2_staged_step8000 56 8 2 0.017175604007206857
seed123_S2_staged_step8000 56 8 3 0.017080571968108416
seed123_S2_staged_step8000 56 8 4 0.017070362984668463
seed123_S2_staged_step8000 56 8 5 0.017070262983907014
seed123_S2_staged_step8000 56 8 6 0.017063219973351806
seed123_S2_staged_step8000 56 8 7 0.017301194020546973
seed123_S2_staged_step8000 56 8 8 0.017055213975254446
seed123_S2_staged_step8000 56 8 9 0.017070794012397528
seed123_S2_staged_step8000 56 9 0 0.0170792099670507
seed123_S2_staged_step8000 56 9 1 0.017379013006575406
seed123_S2_staged_step8000 56 9 2 0.017061065998859704
seed123_S2_staged_step8000 56 9 3 0.01705159799894318
seed123_S2_staged_step8000 56 9 4 0.01781767001375556
seed123_S2_staged_step8000 56 9 5 0.017089239961933345
seed123_S2_staged_step8000 56 9 6 0.017105239967349917
seed123_S2_staged_step8000 56 9 7 0.01722760300617665
seed123_S2_staged_step8000 56 9 8 0.01739190798252821
seed123_S2_staged_step8000 56 9 9 0.0184688150184229
seed123_S2_staged_step8000 62 0 0 0.2736179630155675
seed123_S2_staged_step8000 62 0 1 0.2747410080046393
seed123_S2_staged_step8000 62 0 2 0.2718703639693558
seed123_S2_staged_step8000 62 0 3 0.27263658703304827
seed123_S2_staged_step8000 62 0 4 0.2696138930041343
seed123_S2_staged_step8000 62 0 5 0.27783671201905236
seed123_S2_staged_step8000 62 0 6 0.2948940210044384
seed123_S2_staged_step8000 62 0 7 0.2861412279889919
seed123_S2_staged_step8000 62 0 8 0.29649248300120234
seed123_S2_staged_step8000 62 0 9 0.27354640600970015
seed123_S2_staged_step8000 62 1 0 0.2755978440400213
seed123_S2_staged_step8000 62 1 1 0.27711582399206236
seed123_S2_staged_step8000 62 1 2 0.2791014179820195
seed123_S2_staged_step8000 62 1 3 0.2864890409982763
seed123_S2_staged_step8000 62 1 4 0.2795386220095679
seed123_S2_staged_step8000 62 1 5 0.28249511000467464
seed123_S2_staged_step8000 62 1 6 0.27491286501754075
seed123_S2_staged_step8000 62 1 7 0.27875785098876804
seed123_S2_staged_step8000 62 1 8 0.2776258369558491
seed123_S2_staged_step8000 62 1 9 0.2781982910237275
seed123_S2_staged_step8000 62 2 0 0.2758695309748873
seed123_S2_staged_step8000 62 2 1 0.2837698849616572
seed123_S2_staged_step8000 62 2 2 0.2774902380187996
seed123_S2_staged_step8000 62 2 3 0.2878874510060996
seed123_S2_staged_step8000 62 2 4 0.2716837640036829
seed123_S2_staged_step8000 62 2 5 0.2737932140007615
seed123_S2_staged_step8000 62 2 6 0.27731056400807574
seed123_S2_staged_step8000 62 2 7 0.2816917150048539
seed123_S2_staged_step8000 62 2 8 0.2728897070046514
seed123_S2_staged_step8000 62 2 9 0.2786705720354803
seed123_S2_staged_step8000 62 3 0 0.27960042899940163
seed123_S2_staged_step8000 62 3 1 0.2764738940168172
seed123_S2_staged_step8000 62 3 2 0.2830600789748132
seed123_S2_staged_step8000 62 3 3 0.28496899403398857
seed123_S2_staged_step8000 62 3 4 0.28573775297263637
seed123_S2_staged_step8000 62 3 5 0.27573128597578034
seed123_S2_staged_step8000 62 3 6 0.2738359950017184
seed123_S2_staged_step8000 62 3 7 0.27313092799158767
seed123_S2_staged_step8000 62 3 8 0.27224989398382604
seed123_S2_staged_step8000 62 3 9 0.2781738720368594
seed123_S2_staged_step8000 62 4 0 0.28068783396156505
seed123_S2_staged_step8000 62 4 1 0.2768614240339957
seed123_S2_staged_step8000 62 4 2 0.27933736401610076
seed123_S2_staged_step8000 62 4 3 0.27888744504889473
seed123_S2_staged_step8000 62 4 4 0.2728875919710845
seed123_S2_staged_step8000 62 4 5 0.2963258000090718
seed123_S2_staged_step8000 62 4 6 0.29877677297918126
seed123_S2_staged_step8000 62 4 7 0.2736692239996046
seed123_S2_staged_step8000 62 4 8 0.29424207902047783
seed123_S2_staged_step8000 62 4 9 0.2961577579844743
seed123_S2_staged_step8000 62 5 0 0.29020494600990787
seed123_S2_staged_step8000 62 5 1 0.2793662190088071
seed123_S2_staged_step8000 62 5 2 0.27022741799009964
seed123_S2_staged_step8000 62 5 3 0.2715734500088729
seed123_S2_staged_step8000 62 5 4 0.27684523101197556
seed123_S2_staged_step8000 62 5 5 0.27707969897892326
seed123_S2_staged_step8000 62 5 6 0.27900546905584633
seed123_S2_staged_step8000 62 5 7 0.30307155702030286
seed123_S2_staged_step8000 62 5 8 0.2755600049858913
seed123_S2_staged_step8000 62 5 9 0.28230935003375635
seed123_S2_staged_step8000 62 6 0 0.27169182494981214
seed123_S2_staged_step8000 62 6 1 0.26878339803079143
seed123_S2_staged_step8000 62 6 2 0.27281882701208815
seed123_S2_staged_step8000 62 6 3 0.2747618400026113
seed123_S2_staged_step8000 62 6 4 0.2754911740194075
seed123_S2_staged_step8000 62 6 5 0.2733748300233856
seed123_S2_staged_step8000 62 6 6 0.2792487010010518
seed123_S2_staged_step8000 62 6 7 0.28820226702373475
seed123_S2_staged_step8000 62 6 8 0.2849879860295914
seed123_S2_staged_step8000 62 6 9 0.2779346900060773
seed123_S2_staged_step8000 62 7 0 0.27272632997483015
seed123_S2_staged_step8000 62 7 1 0.2742075000423938
seed123_S2_staged_step8000 62 7 2 0.2864877409883775
seed123_S2_staged_step8000 62 7 3 0.2850103889941238
seed123_S2_staged_step8000 62 7 4 0.2721847850480117
seed123_S2_staged_step8000 62 7 5 0.27358754503075033
seed123_S2_staged_step8000 62 7 6 0.27097174600930884
seed123_S2_staged_step8000 62 7 7 0.2807344590546563
seed123_S2_staged_step8000 62 7 8 0.2790626350324601
seed123_S2_staged_step8000 62 7 9 0.2709178239456378
seed123_S2_staged_step8000 62 8 0 0.2702056639827788
seed123_S2_staged_step8000 62 8 1 0.27272165997419506
seed123_S2_staged_step8000 62 8 2 0.2731088300351985
seed123_S2_staged_step8000 62 8 3 0.27470346697373316
seed123_S2_staged_step8000 62 8 4 0.2869508540024981
seed123_S2_staged_step8000 62 8 5 0.28761533403303474
seed123_S2_staged_step8000 62 8 6 0.28307823598152027
seed123_S2_staged_step8000 62 8 7 0.2850384499761276
seed123_S2_staged_step8000 62 8 8 0.275820940034464
seed123_S2_staged_step8000 62 8 9 0.28174930601380765
seed123_S2_staged_step8000 62 9 0 0.2837727819569409
seed123_S2_staged_step8000 62 9 1 0.2827278149779886
seed123_S2_staged_step8000 62 9 2 0.2828585950192064
seed123_S2_staged_step8000 62 9 3 0.27886199997738004
seed123_S2_staged_step8000 62 9 4 0.27989568398334086
seed123_S2_staged_step8000 62 9 5 0.29350906203035265
seed123_S2_staged_step8000 62 9 6 0.2832292230450548
seed123_S2_staged_step8000 62 9 7 0.30135109298862517
seed123_S2_staged_step8000 62 9 8 0.2750847529969178
seed123_S2_staged_step8000 62 9 9 0.283452338015195
seed123_S2_staged_step8000 64 0 0 0.17126185103552416
seed123_S2_staged_step8000 64 0 1 0.1822454949724488
seed123_S2_staged_step8000 64 0 2 0.17961790499975905
seed123_S2_staged_step8000 64 0 3 0.16808961104834452
seed123_S2_staged_step8000 64 0 4 0.16898995102383196
seed123_S2_staged_step8000 64 0 5 0.1683511309674941
seed123_S2_staged_step8000 64 0 6 0.1783049069927074
seed123_S2_staged_step8000 64 0 7 0.1689798899460584
seed123_S2_staged_step8000 64 0 8 0.17725773603888229
seed123_S2_staged_step8000 64 0 9 0.1738569989684038
seed123_S2_staged_step8000 64 1 0 0.17186685698106885
seed123_S2_staged_step8000 64 1 1 0.16645637998590246
seed123_S2_staged_step8000 64 1 2 0.1726499930373393
seed123_S2_staged_step8000 64 1 3 0.1756453649722971
seed123_S2_staged_step8000 64 1 4 0.17414121195906773
seed123_S2_staged_step8000 64 1 5 0.1717742999899201
seed123_S2_staged_step8000 64 1 6 0.1781980920350179
seed123_S2_staged_step8000 64 1 7 0.17380951798986644
seed123_S2_staged_step8000 64 1 8 0.16944341699127108
seed123_S2_staged_step8000 64 1 9 0.1749939899891615
seed123_S2_staged_step8000 64 2 0 0.16913530800957233
seed123_S2_staged_step8000 64 2 1 0.16904109704773873
seed123_S2_staged_step8000 64 2 2 0.17531551502179354
seed123_S2_staged_step8000 64 2 3 0.17369996797060594
seed123_S2_staged_step8000 64 2 4 0.1844518089783378
seed123_S2_staged_step8000 64 2 5 0.17075322795426473
seed123_S2_staged_step8000 64 2 6 0.18678765196818858
seed123_S2_staged_step8000 64 2 7 0.17272406397387385
seed123_S2_staged_step8000 64 2 8 0.17204950499581173
seed123_S2_staged_step8000 64 2 9 0.16879789298400283
seed123_S2_staged_step8000 64 3 0 0.17319055402185768
seed123_S2_staged_step8000 64 3 1 0.17069678998086601
seed123_S2_staged_step8000 64 3 2 0.17389729502610862
seed123_S2_staged_step8000 64 3 3 0.1811152050504461
seed123_S2_staged_step8000 64 3 4 0.17016831098590046
seed123_S2_staged_step8000 64 3 5 0.16478910396108404
seed123_S2_staged_step8000 64 3 6 0.16779535700334236
seed123_S2_staged_step8000 64 3 7 0.1701696430100128
seed123_S2_staged_step8000 64 3 8 0.17652452399488539
seed123_S2_staged_step8000 64 3 9 0.18192566197831184
seed123_S2_staged_step8000 64 4 0 0.16510755202034488
seed123_S2_staged_step8000 64 4 1 0.17542467202292755
seed123_S2_staged_step8000 64 4 2 0.16753307497128844
seed123_S2_staged_step8000 64 4 3 0.17969127395190299
seed123_S2_staged_step8000 64 4 4 0.1760096100042574
seed123_S2_staged_step8000 64 4 5 0.1652208180166781
seed123_S2_staged_step8000 64 4 6 0.1740856539690867
seed123_S2_staged_step8000 64 4 7 0.16472958901431412
seed123_S2_staged_step8000 64 4 8 0.1662891089799814
seed123_S2_staged_step8000 64 4 9 0.1692702539730817
seed123_S2_staged_step8000 64 5 0 0.16519168199738488
seed123_S2_staged_step8000 64 5 1 0.16578051703982055
seed123_S2_staged_step8000 64 5 2 0.1659167680190876
seed123_S2_staged_step8000 64 5 3 0.16574441804550588
seed123_S2_staged_step8000 64 5 4 0.17374492203816772
seed123_S2_staged_step8000 64 5 5 0.17011969699524343
seed123_S2_staged_step8000 64 5 6 0.17288475902751088
seed123_S2_staged_step8000 64 5 7 0.1761147299548611
seed123_S2_staged_step8000 64 5 8 0.17000370501773432
seed123_S2_staged_step8000 64 5 9 0.1693261899636127
seed123_S2_staged_step8000 64 6 0 0.17222379497252405
seed123_S2_staged_step8000 64 6 1 0.17492819199105725
seed123_S2_staged_step8000 64 6 2 0.16785336600150913
seed123_S2_staged_step8000 64 6 3 0.17063189600594342
seed123_S2_staged_step8000 64 6 4 0.164726682996843
seed123_S2_staged_step8000 64 6 5 0.16812894301256165
seed123_S2_staged_step8000 64 6 6 0.16475075902417302
seed123_S2_staged_step8000 64 6 7 0.1686897039762698
seed123_S2_staged_step8000 64 6 8 0.16982983198249713
seed123_S2_staged_step8000 64 6 9 0.1692433719872497
seed123_S2_staged_step8000 64 7 0 0.1734445079928264
seed123_S2_staged_step8000 64 7 1 0.1676765980082564
seed123_S2_staged_step8000 64 7 2 0.1727646790095605
seed123_S2_staged_step8000 64 7 3 0.1767748499987647
seed123_S2_staged_step8000 64 7 4 0.16826228704303503
seed123_S2_staged_step8000 64 7 5 0.17311443702783436
seed123_S2_staged_step8000 64 7 6 0.17109072004677728
seed123_S2_staged_step8000 64 7 7 0.17512796400114894
seed123_S2_staged_step8000 64 7 8 0.17133722099242732
seed123_S2_staged_step8000 64 7 9 0.1698353819665499
seed123_S2_staged_step8000 64 8 0 0.17558949597878382
seed123_S2_staged_step8000 64 8 1 0.16996927798027173
seed123_S2_staged_step8000 64 8 2 0.1687333559966646
seed123_S2_staged_step8000 64 8 3 0.16860751702915877
seed123_S2_staged_step8000 64 8 4 0.16979098599404097
seed123_S2_staged_step8000 64 8 5 0.17577035998692736
seed123_S2_staged_step8000 64 8 6 0.16500893095508218
seed123_S2_staged_step8000 64 8 7 0.1684369599679485
seed123_S2_staged_step8000 64 8 8 0.17595511302351952
seed123_S2_staged_step8000 64 8 9 0.1729841580381617
seed123_S2_staged_step8000 64 9 0 0.1684788900311105
seed123_S2_staged_step8000 64 9 1 0.17135484499158338
seed123_S2_staged_step8000 64 9 2 0.1716780629940331
seed123_S2_staged_step8000 64 9 3 0.16920994699466974
seed123_S2_staged_step8000 64 9 4 0.1928465940291062
seed123_S2_staged_step8000 64 9 5 0.16493628203170374
seed123_S2_staged_step8000 64 9 6 0.1692807920044288
seed123_S2_staged_step8000 64 9 7 0.17206901899771765
seed123_S2_staged_step8000 64 9 8 0.17107142199529335
seed123_S2_staged_step8000 64 9 9 0.16954881401034072
seed123_S2_staged_step8000 69 0 0 0.517914657946676
seed123_S2_staged_step8000 69 0 1 0.5285374920349568
seed123_S2_staged_step8000 69 0 2 0.5195362560334615
seed123_S2_staged_step8000 69 0 3 0.5129928940441459
seed123_S2_staged_step8000 69 0 4 0.5237632789649069
seed123_S2_staged_step8000 69 0 5 0.5100710810511373
seed123_S2_staged_step8000 69 0 6 0.5049397479742765
seed123_S2_staged_step8000 69 0 7 0.5196951770340092
seed123_S2_staged_step8000 69 0 8 0.5085989680374041
seed123_S2_staged_step8000 69 0 9 0.5148355920100585
seed123_S2_staged_step8000 69 1 0 0.5071907169767655
seed123_S2_staged_step8000 69 1 1 0.5171367570292205
seed123_S2_staged_step8000 69 1 2 0.5373836270300671
seed123_S2_staged_step8000 69 1 3 0.5101831419742666
seed123_S2_staged_step8000 69 1 4 0.5137720269849524
seed123_S2_staged_step8000 69 1 5 0.5148172639892437
seed123_S2_staged_step8000 69 1 6 0.5113836340024136
seed123_S2_staged_step8000 69 1 7 0.524154732003808
seed123_S2_staged_step8000 69 1 8 0.5174884969601408
seed123_S2_staged_step8000 69 1 9 0.5333229369716719
seed123_S2_staged_step8000 69 2 0 0.5389855839894153
seed123_S2_staged_step8000 69 2 1 0.5244412379688583
seed123_S2_staged_step8000 69 2 2 0.5280569560127333
seed123_S2_staged_step8000 69 2 3 0.5183441989938729
seed123_S2_staged_step8000 69 2 4 0.5373510899953544
seed123_S2_staged_step8000 69 2 5 0.5187077019945718
seed123_S2_staged_step8000 69 2 6 0.513143180985935
seed123_S2_staged_step8000 69 2 7 0.5378371069673449
seed123_S2_staged_step8000 69 2 8 0.5075644829776138
seed123_S2_staged_step8000 69 2 9 0.5183134379913099
seed123_S2_staged_step8000 69 3 0 0.5270633030449972
seed123_S2_staged_step8000 69 3 1 0.514128009963315
seed123_S2_staged_step8000 69 3 2 0.5197156450012699
seed123_S2_staged_step8000 69 3 3 0.5133828559773974
seed123_S2_staged_step8000 69 3 4 0.5245976709993556
seed123_S2_staged_step8000 69 3 5 0.5338232060312293
seed123_S2_staged_step8000 69 3 6 0.51257651404012
seed123_S2_staged_step8000 69 3 7 0.5568446849938482
seed123_S2_staged_step8000 69 3 8 0.5251183539512567
seed123_S2_staged_step8000 69 3 9 0.5238793669850565
seed123_S2_staged_step8000 69 4 0 0.5144872029777616
seed123_S2_staged_step8000 69 4 1 0.5171672030119225
seed123_S2_staged_step8000 69 4 2 0.5209535349858925
seed123_S2_staged_step8000 69 4 3 0.5534898930345662
seed123_S2_staged_step8000 69 4 4 0.5358510960359126
seed123_S2_staged_step8000 69 4 5 0.5370507469633594
seed123_S2_staged_step8000 69 4 6 0.5197657750104554
seed123_S2_staged_step8000 69 4 7 0.5187069120001979
seed123_S2_staged_step8000 69 4 8 0.5637929840013385
seed123_S2_staged_step8000 69 4 9 0.5102136650239117
seed123_S2_staged_step8000 69 5 0 0.5282546399976127
seed123_S2_staged_step8000 69 5 1 0.5142751639941707
seed123_S2_staged_step8000 69 5 2 0.5279425230110064
seed123_S2_staged_step8000 69 5 3 0.5494543090462685
seed123_S2_staged_step8000 69 5 4 0.5383754639769904
seed123_S2_staged_step8000 69 5 5 0.5237801600014791
seed123_S2_staged_step8000 69 5 6 0.5333445020369254
seed123_S2_staged_step8000 69 5 7 0.5287588209612295
seed123_S2_staged_step8000 69 5 8 0.52404159901198
seed123_S2_staged_step8000 69 5 9 0.5335502229863778
seed123_S2_staged_step8000 69 6 0 0.5236728640156798
seed123_S2_staged_step8000 69 6 1 0.5350436749868095
seed123_S2_staged_step8000 69 6 2 0.5266105339978822
seed123_S2_staged_step8000 69 6 3 0.5357219310244545
seed123_S2_staged_step8000 69 6 4 0.5281278830370866
seed123_S2_staged_step8000 69 6 5 0.5246253910008818
seed123_S2_staged_step8000 69 6 6 0.5103860180242918
seed123_S2_staged_step8000 69 6 7 0.5248051730450243
seed123_S2_staged_step8000 69 6 8 0.5232688489486463
seed123_S2_staged_step8000 69 6 9 0.5114812089595944
seed123_S2_staged_step8000 69 7 0 0.5239924499765038
seed123_S2_staged_step8000 69 7 1 0.5279004750191234
seed123_S2_staged_step8000 69 7 2 0.521815731015522
seed123_S2_staged_step8000 69 7 3 0.5187998490291648
seed123_S2_staged_step8000 69 7 4 0.5134583640028723
seed123_S2_staged_step8000 69 7 5 0.5175871909596026
seed123_S2_staged_step8000 69 7 6 0.5172464299830608
seed123_S2_staged_step8000 69 7 7 0.5103728679823689
seed123_S2_staged_step8000 69 7 8 0.5146405400009826
seed123_S2_staged_step8000 69 7 9 0.5218925549997948
seed123_S2_staged_step8000 69 8 0 0.5180563949979842
seed123_S2_staged_step8000 69 8 1 0.5094721159548499
seed123_S2_staged_step8000 69 8 2 0.5074504429940134
seed123_S2_staged_step8000 69 8 3 0.5235493580112234
seed123_S2_staged_step8000 69 8 4 0.5186906259623356
seed123_S2_staged_step8000 69 8 5 0.5185534629854374
seed123_S2_staged_step8000 69 8 6 0.5123014889541082
seed123_S2_staged_step8000 69 8 7 0.52956993796397
seed123_S2_staged_step8000 69 8 8 0.5179371249978431
seed123_S2_staged_step8000 69 8 9 0.5366315469727851
seed123_S2_staged_step8000 69 9 0 0.5121520230313763
seed123_S2_staged_step8000 69 9 1 0.5237831720151007
seed123_S2_staged_step8000 69 9 2 0.5068416870199144
seed123_S2_staged_step8000 69 9 3 0.5268200820428319
seed123_S2_staged_step8000 69 9 4 0.5294572000275366
seed123_S2_staged_step8000 69 9 5 0.5264746219618246
seed123_S2_staged_step8000 69 9 6 0.5110197569592856
seed123_S2_staged_step8000 69 9 7 0.5183699789922684
seed123_S2_staged_step8000 69 9 8 0.5242694290354848
seed123_S2_staged_step8000 69 9 9 0.5144488279474899
seed123_S2_staged_step8000 74 0 0 0.7055888029863127
seed123_S2_staged_step8000 74 0 1 0.7073912579799071
seed123_S2_staged_step8000 74 0 2 0.7151855360134505
seed123_S2_staged_step8000 74 0 3 0.715753317985218
seed123_S2_staged_step8000 74 0 4 0.7165923319989815
seed123_S2_staged_step8000 74 0 5 0.7210294570541009
seed123_S2_staged_step8000 74 0 6 0.7135514310211875
seed123_S2_staged_step8000 74 0 7 0.7189782570349053
seed123_S2_staged_step8000 74 0 8 0.71343674097443
seed123_S2_staged_step8000 74 0 9 0.700936459004879
seed123_S2_staged_step8000 74 1 0 0.7119023170089349
seed123_S2_staged_step8000 74 1 1 0.7220461950055324
seed123_S2_staged_step8000 74 1 2 0.7349843910196796
seed123_S2_staged_step8000 74 1 3 0.710356422001496
seed123_S2_staged_step8000 74 1 4 0.7240080509800464
seed123_S2_staged_step8000 74 1 5 0.7316444579628296
seed123_S2_staged_step8000 74 1 6 0.7068737170193344
seed123_S2_staged_step8000 74 1 7 0.7201993730268441
seed123_S2_staged_step8000 74 1 8 0.7186081030522473
seed123_S2_staged_step8000 74 1 9 0.7065262609976344
seed123_S2_staged_step8000 74 2 0 0.723927432030905
seed123_S2_staged_step8000 74 2 1 0.7201005009701476
seed123_S2_staged_step8000 74 2 2 0.719533868948929
seed123_S2_staged_step8000 74 2 3 0.724062196968589
seed123_S2_staged_step8000 74 2 4 0.7355311970459297
seed123_S2_staged_step8000 74 2 5 0.699556962994393
seed123_S2_staged_step8000 74 2 6 0.7210876030148938
seed123_S2_staged_step8000 74 2 7 0.7655342409852892
seed123_S2_staged_step8000 74 2 8 0.7590716140111908
seed123_S2_staged_step8000 74 2 9 0.7317469250410795
seed123_S2_staged_step8000 74 3 0 0.7388640680001117
seed123_S2_staged_step8000 74 3 1 0.7308981309761293
seed123_S2_staged_step8000 74 3 2 0.7091193060041405
seed123_S2_staged_step8000 74 3 3 0.7075969469733536
seed123_S2_staged_step8000 74 3 4 0.7275263770134188
seed123_S2_staged_step8000 74 3 5 0.7209204270038754
seed123_S2_staged_step8000 74 3 6 0.7239915240206756
seed123_S2_staged_step8000 74 3 7 0.7290540130343288
seed123_S2_staged_step8000 74 3 8 0.718777702015359
seed123_S2_staged_step8000 74 3 9 0.7112970509915613
seed123_S2_staged_step8000 74 4 0 0.7257485070149414
seed123_S2_staged_step8000 74 4 1 0.7290484699769877
seed123_S2_staged_step8000 74 4 2 0.7368068700307049
seed123_S2_staged_step8000 74 4 3 0.7226772080175579
seed123_S2_staged_step8000 74 4 4 0.7244519270025194
seed123_S2_staged_step8000 74 4 5 0.7205395020428114
seed123_S2_staged_step8000 74 4 6 0.7283579069771804
seed123_S2_staged_step8000 74 4 7 0.726937624043785
seed123_S2_staged_step8000 74 4 8 0.7315891289617866
seed123_S2_staged_step8000 74 4 9 0.7150192640256137
seed123_S2_staged_step8000 74 5 0 0.7234015360008925
seed123_S2_staged_step8000 74 5 1 0.7204609889886342
seed123_S2_staged_step8000 74 5 2 0.7184249669662677
seed123_S2_staged_step8000 74 5 3 0.7357077240012586
seed123_S2_staged_step8000 74 5 4 0.7269324089866132
seed123_S2_staged_step8000 74 5 5 0.7225599350058474
seed123_S2_staged_step8000 74 5 6 0.7243464270140976
seed123_S2_staged_step8000 74 5 7 0.7279132499825209
seed123_S2_staged_step8000 74 5 8 0.7239069460192695
seed123_S2_staged_step8000 74 5 9 0.7381712039932609
seed123_S2_staged_step8000 74 6 0 0.7258502680342644
seed123_S2_staged_step8000 74 6 1 0.7193275570170954
seed123_S2_staged_step8000 74 6 2 0.708707368990872
seed123_S2_staged_step8000 74 6 3 0.7215229290304706
seed123_S2_staged_step8000 74 6 4 0.7223076069494709
seed123_S2_staged_step8000 74 6 5 0.7167363929911517
seed123_S2_staged_step8000 74 6 6 0.7288868639734574
seed123_S2_staged_step8000 74 6 7 0.7348691410152242
seed123_S2_staged_step8000 74 6 8 0.726462081016507
seed123_S2_staged_step8000 74 6 9 0.722531771985814
seed123_S2_staged_step8000 74 7 0 0.7285180169856176
seed123_S2_staged_step8000 74 7 1 0.7093494479777291
seed123_S2_staged_step8000 74 7 2 0.7045978209935129
seed123_S2_staged_step8000 74 7 3 0.7037938839639537
seed123_S2_staged_step8000 74 7 4 0.702057536051143
seed123_S2_staged_step8000 74 7 5 0.7073582320008427
seed123_S2_staged_step8000 74 7 6 0.7280908669927157
seed123_S2_staged_step8000 74 7 7 0.7190840800176375
seed123_S2_staged_step8000 74 7 8 0.7150498729897663
seed123_S2_staged_step8000 74 7 9 0.7203236870118417
seed123_S2_staged_step8000 74 8 0 0.7111938360030763
seed123_S2_staged_step8000 74 8 1 0.716661851038225
seed123_S2_staged_step8000 74 8 2 0.6892363199731335
seed123_S2_staged_step8000 74 8 3 0.7480968989548273
seed123_S2_staged_step8000 74 8 4 0.7171168570057489
seed123_S2_staged_step8000 74 8 5 0.7056752910139039
seed123_S2_staged_step8000 74 8 6 0.7238338069873862
seed123_S2_staged_step8000 74 8 7 0.7216145370039158
seed123_S2_staged_step8000 74 8 8 0.722240002010949
seed123_S2_staged_step8000 74 8 9 0.7135227189864963
seed123_S2_staged_step8000 74 9 0 0.7008581660338677
seed123_S2_staged_step8000 74 9 1 0.6995549350394867
seed123_S2_staged_step8000 74 9 2 0.6970369350165129
seed123_S2_staged_step8000 74 9 3 0.7158697810373269
seed123_S2_staged_step8000 74 9 4 0.6938420490478165
seed123_S2_staged_step8000 74 9 5 0.7033635979751125
seed123_S2_staged_step8000 74 9 6 0.7130226900335401
seed123_S2_staged_step8000 74 9 7 0.7055557750281878
seed123_S2_staged_step8000 74 9 8 0.7099638750078157
seed123_S2_staged_step8000 74 9 9 0.709647559968289
seed123_S2_staged_step8000 78 0 0 1.1604005789849907
seed123_S2_staged_step8000 78 0 1 1.1698427549563348
seed123_S2_staged_step8000 78 0 2 1.207963884982746
seed123_S2_staged_step8000 78 0 3 1.170353396970313
seed123_S2_staged_step8000 78 0 4 1.1858726809732616
seed123_S2_staged_step8000 78 0 5 1.154516701004468
seed123_S2_staged_step8000 78 0 6 1.1727467040182091
seed123_S2_staged_step8000 78 0 7 1.1634575470234267
seed123_S2_staged_step8000 78 0 8 1.2017893189913593
seed123_S2_staged_step8000 78 0 9 1.1754782469943166
seed123_S2_staged_step8000 78 1 0 1.1812117370427586
seed123_S2_staged_step8000 78 1 1 1.1679512150003575
seed123_S2_staged_step8000 78 1 2 1.1782153200474568
seed123_S2_staged_step8000 78 1 3 1.1671410439885221
seed123_S2_staged_step8000 78 1 4 1.1666306470287964
seed123_S2_staged_step8000 78 1 5 1.1902534409891814
seed123_S2_staged_step8000 78 1 6 1.1816585609922186
seed123_S2_staged_step8000 78 1 7 1.215607710997574
seed123_S2_staged_step8000 78 1 8 1.161502834991552
seed123_S2_staged_step8000 78 1 9 1.1875362640130334
seed123_S2_staged_step8000 78 2 0 1.163717934046872
seed123_S2_staged_step8000 78 2 1 1.1680326130008325
seed123_S2_staged_step8000 78 2 2 1.1891210969770327
seed123_S2_staged_step8000 78 2 3 1.1985936389537528
seed123_S2_staged_step8000 78 2 4 1.171142910956405
seed123_S2_staged_step8000 78 2 5 1.1971632630447857
seed123_S2_staged_step8000 78 2 6 1.2131408430286683
seed123_S2_staged_step8000 78 2 7 1.174638552009128
seed123_S2_staged_step8000 78 2 8 1.1535267930012196
seed123_S2_staged_step8000 78 2 9 1.1364947670372203
seed123_S2_staged_step8000 78 3 0 1.157810322009027
seed123_S2_staged_step8000 78 3 1 1.1885730039793998
seed123_S2_staged_step8000 78 3 2 1.2068009920185432
seed123_S2_staged_step8000 78 3 3 1.1735497529734857
seed123_S2_staged_step8000 78 3 4 1.151842636987567
seed123_S2_staged_step8000 78 3 5 1.1628128999727778
seed123_S2_staged_step8000 78 3 6 1.1977211910416372
seed123_S2_staged_step8000 78 3 7 1.1815139799728058
seed123_S2_staged_step8000 78 3 8 1.1548938790219836
seed123_S2_staged_step8000 78 3 9 1.189545380009804
seed123_S2_staged_step8000 78 4 0 1.1565119770239107
seed123_S2_staged_step8000 78 4 1 1.1807402260019444
seed123_S2_staged_step8000 78 4 2 1.1551128510036506
seed123_S2_staged_step8000 78 4 3 1.1787969909491949
seed123_S2_staged_step8000 78 4 4 1.1530109330196865
seed123_S2_staged_step8000 78 4 5 1.171797256974969
seed123_S2_staged_step8000 78 4 6 1.2020817550364882
seed123_S2_staged_step8000 78 4 7 1.2105709699681029
seed123_S2_staged_step8000 78 4 8 1.2003116899868473
seed123_S2_staged_step8000 78 4 9 1.1824179079849273
seed123_S2_staged_step8000 78 5 0 1.197518803004641
seed123_S2_staged_step8000 78 5 1 1.208865144988522
seed123_S2_staged_step8000 78 5 2 1.2084658799576573
seed123_S2_staged_step8000 78 5 3 1.1750511309946887
seed123_S2_staged_step8000 78 5 4 1.1648020800203085
seed123_S2_staged_step8000 78 5 5 1.2174675909918733
seed123_S2_staged_step8000 78 5 6 1.2141106170020066
seed123_S2_staged_step8000 78 5 7 1.2149603490252048
seed123_S2_staged_step8000 78 5 8 1.1413272130303085
seed123_S2_staged_step8000 78 5 9 1.1491768970154226
seed123_S2_staged_step8000 78 6 0 1.1649965830147266
seed123_S2_staged_step8000 78 6 1 1.1972639390151016
seed123_S2_staged_step8000 78 6 2 1.1740100890165195
seed123_S2_staged_step8000 78 6 3 1.1802646939759143
seed123_S2_staged_step8000 78 6 4 1.164478316961322
seed123_S2_staged_step8000 78 6 5 1.1758609089883976
seed123_S2_staged_step8000 78 6 6 1.1556708610150963
seed123_S2_staged_step8000 78 6 7 1.1684715009760112
seed123_S2_staged_step8000 78 6 8 1.148364502005279
seed123_S2_staged_step8000 78 6 9 1.1884735350031406
seed123_S2_staged_step8000 78 7 0 1.1675167129724286
seed123_S2_staged_step8000 78 7 1 1.1652970119612291
seed123_S2_staged_step8000 78 7 2 1.1683944269898348
seed123_S2_staged_step8000 78 7 3 1.192277705995366
seed123_S2_staged_step8000 78 7 4 1.173582514980808
seed123_S2_staged_step8000 78 7 5 1.1728198259952478
seed123_S2_staged_step8000 78 7 6 1.188555783010088
seed123_S2_staged_step8000 78 7 7 1.174303547013551
seed123_S2_staged_step8000 78 7 8 1.164020162948873
seed123_S2_staged_step8000 78 7 9 1.2049659739714116
seed123_S2_staged_step8000 78 8 0 1.1534774309839122
seed123_S2_staged_step8000 78 8 1 1.1692283559823409
seed123_S2_staged_step8000 78 8 2 1.17178817599779
seed123_S2_staged_step8000 78 8 3 1.1655550170107745
seed123_S2_staged_step8000 78 8 4 1.1878997879684903
seed123_S2_staged_step8000 78 8 5 1.1924592549912632
seed123_S2_staged_step8000 78 8 6 1.18686868599616
seed123_S2_staged_step8000 78 8 7 1.181171111005824
seed123_S2_staged_step8000 78 8 8 1.2038167060236447
seed123_S2_staged_step8000 78 8 9 1.1901037709903903
seed123_S2_staged_step8000 78 9 0 1.1897977740154602
seed123_S2_staged_step8000 78 9 1 1.1856139620067552
seed123_S2_staged_step8000 78 9 2 1.1822434419882484
seed123_S2_staged_step8000 78 9 3 1.1782813419704325
seed123_S2_staged_step8000 78 9 4 1.1823416870320216
seed123_S2_staged_step8000 78 9 5 1.177202247956302
seed123_S2_staged_step8000 78 9 6 1.1641205890337005
seed123_S2_staged_step8000 78 9 7 1.2143348040408455
seed123_S2_staged_step8000 78 9 8 1.2024890549946576
seed123_S2_staged_step8000 78 9 9 1.1989716259995475
{'model': 'seed123_S2_staged_step8000', 'completed_pairs': 2000, 'requested_pairs': 2000, 'completed': True, 'complete_source_count': 20, 'FRD': 133.8225315092291, 'new_pairs': 2000, 'wall_seconds': 469.3481325559551}
