seed123_G0-local_step16000 0 0 0 0.8258410319685936
seed123_G0-local_step16000 0 0 1 0.09313835599459708
seed123_G0-local_step16000 0 0 2 0.09580033196834847
seed123_G0-local_step16000 0 0 3 0.10834040999179706
seed123_G0-local_step16000 0 0 4 0.10304400802124292
seed123_G0-local_step16000 0 0 5 0.09795415302505717
seed123_G0-local_step16000 0 0 6 0.09367838100297377
seed123_G0-local_step16000 0 0 7 0.09349003003444523
seed123_G0-local_step16000 0 0 8 0.09477784001501277
seed123_G0-local_step16000 0 0 9 0.09192804299527779
seed123_G0-local_step16000 0 1 0 0.09237122297054157
seed123_G0-local_step16000 0 1 1 0.0918764749658294
seed123_G0-local_step16000 0 1 2 0.09294802899239585
seed123_G0-local_step16000 0 1 3 0.08972734201233834
seed123_G0-local_step16000 0 1 4 0.09164464904461056
seed123_G0-local_step16000 0 1 5 0.09910717402817681
seed123_G0-local_step16000 0 1 6 0.09268163703382015
seed123_G0-local_step16000 0 1 7 0.09091423702193424
seed123_G0-local_step16000 0 1 8 0.09483104199171066
seed123_G0-local_step16000 0 1 9 0.09636473300633952
seed123_G0-local_step16000 0 2 0 0.09113486995920539
seed123_G0-local_step16000 0 2 1 0.09514376998413354
seed123_G0-local_step16000 0 2 2 0.09325334499590099
seed123_G0-local_step16000 0 2 3 0.09171220799908042
seed123_G0-local_step16000 0 2 4 0.08865887997671962
seed123_G0-local_step16000 0 2 5 0.08845408802153543
seed123_G0-local_step16000 0 2 6 0.10023318295134231
seed123_G0-local_step16000 0 2 7 0.08942680200561881
seed123_G0-local_step16000 0 2 8 0.08520978299202397
seed123_G0-local_step16000 0 2 9 0.09341299999505281
seed123_G0-local_step16000 0 3 0 0.08704859000863507
seed123_G0-local_step16000 0 3 1 0.08674340398283675
seed123_G0-local_step16000 0 3 2 0.08796843502204865
seed123_G0-local_step16000 0 3 3 0.08756735501810908
seed123_G0-local_step16000 0 3 4 0.08700906398007646
seed123_G0-local_step16000 0 3 5 0.08405097003560513
seed123_G0-local_step16000 0 3 6 0.08573857700685039
seed123_G0-local_step16000 0 3 7 0.08656861900817603
seed123_G0-local_step16000 0 3 8 0.08628734899684787
seed123_G0-local_step16000 0 3 9 0.09214152896311134
seed123_G0-local_step16000 0 4 0 0.08885702904080972
seed123_G0-local_step16000 0 4 1 0.08730689401272684
seed123_G0-local_step16000 0 4 2 0.0858201920054853
seed123_G0-local_step16000 0 4 3 0.08691851998446509
seed123_G0-local_step16000 0 4 4 0.0901421339949593
seed123_G0-local_step16000 0 4 5 0.08865130401682109
seed123_G0-local_step16000 0 4 6 0.08984228898771107
seed123_G0-local_step16000 0 4 7 0.09106281999265775
seed123_G0-local_step16000 0 4 8 0.08851646399125457
seed123_G0-local_step16000 0 4 9 0.08846660802373663
seed123_G0-local_step16000 0 5 0 0.089182591997087
seed123_G0-local_step16000 0 5 1 0.08958780899411067
seed123_G0-local_step16000 0 5 2 0.08962325804168358
seed123_G0-local_step16000 0 5 3 0.08863397897221148
seed123_G0-local_step16000 0 5 4 0.08866079099243507
seed123_G0-local_step16000 0 5 5 0.0898261969559826
seed123_G0-local_step16000 0 5 6 0.09425338899018243
seed123_G0-local_step16000 0 5 7 0.08840918797068298
seed123_G0-local_step16000 0 5 8 0.0877739490242675
seed123_G0-local_step16000 0 5 9 0.0890235059778206
seed123_G0-local_step16000 0 6 0 0.09070786699885502
seed123_G0-local_step16000 0 6 1 0.09570872003678232
seed123_G0-local_step16000 0 6 2 0.09125551697798073
seed123_G0-local_step16000 0 6 3 0.09007778798695654
seed123_G0-local_step16000 0 6 4 0.09365511999931186
seed123_G0-local_step16000 0 6 5 0.0920086019905284
seed123_G0-local_step16000 0 6 6 0.09705789800500497
seed123_G0-local_step16000 0 6 7 0.08960580301936716
seed123_G0-local_step16000 0 6 8 0.0912813869654201
seed123_G0-local_step16000 0 6 9 0.08906146796653047
seed123_G0-local_step16000 0 7 0 0.08949014998506755
seed123_G0-local_step16000 0 7 1 0.08888673299225047
seed123_G0-local_step16000 0 7 2 0.09809619799489155
seed123_G0-local_step16000 0 7 3 0.09118753502843902
seed123_G0-local_step16000 0 7 4 0.09135937597602606
seed123_G0-local_step16000 0 7 5 0.09268777404213324
seed123_G0-local_step16000 0 7 6 0.09311520296614617
seed123_G0-local_step16000 0 7 7 0.08928286196896806
seed123_G0-local_step16000 0 7 8 0.09348173602484167
seed123_G0-local_step16000 0 7 9 0.09080159600125626
seed123_G0-local_step16000 0 8 0 0.09058018098585308
seed123_G0-local_step16000 0 8 1 0.09305166103877127
seed123_G0-local_step16000 0 8 2 0.09599109902046621
seed123_G0-local_step16000 0 8 3 0.0909011650364846
seed123_G0-local_step16000 0 8 4 0.09559126303065568
seed123_G0-local_step16000 0 8 5 0.09450640197610483
seed123_G0-local_step16000 0 8 6 0.09318827197421342
seed123_G0-local_step16000 0 8 7 0.09316431597108021
seed123_G0-local_step16000 0 8 8 0.09116699500009418
seed123_G0-local_step16000 0 8 9 0.09136530599789694
seed123_G0-local_step16000 0 9 0 0.09100107697304338
seed123_G0-local_step16000 0 9 1 0.09817671100609004
seed123_G0-local_step16000 0 9 2 0.09145349403843284
seed123_G0-local_step16000 0 9 3 0.09028354997280985
seed123_G0-local_step16000 0 9 4 0.09045921603683382
seed123_G0-local_step16000 0 9 5 0.09700579399941489
seed123_G0-local_step16000 0 9 6 0.09720143000595272
seed123_G0-local_step16000 0 9 7 0.09244260098785162
seed123_G0-local_step16000 0 9 8 0.09071533801034093
seed123_G0-local_step16000 0 9 9 0.09732919494854286
seed123_G0-local_step16000 6 0 0 0.14316067297477275
seed123_G0-local_step16000 6 0 1 0.15205278899520636
seed123_G0-local_step16000 6 0 2 0.1421125699998811
seed123_G0-local_step16000 6 0 3 0.13920881901867688
seed123_G0-local_step16000 6 0 4 0.1439626289648004
seed123_G0-local_step16000 6 0 5 0.14047789404867217
seed123_G0-local_step16000 6 0 6 0.13903069897787645
seed123_G0-local_step16000 6 0 7 0.1411095450166613
seed123_G0-local_step16000 6 0 8 0.14380792202427983
seed123_G0-local_step16000 6 0 9 0.13880132598569617
seed123_G0-local_step16000 6 1 0 0.13924067001789808
seed123_G0-local_step16000 6 1 1 0.14692300598835573
seed123_G0-local_step16000 6 1 2 0.1451004589907825
seed123_G0-local_step16000 6 1 3 0.1404168659937568
seed123_G0-local_step16000 6 1 4 0.1422502329805866
seed123_G0-local_step16000 6 1 5 0.14943188801407814
seed123_G0-local_step16000 6 1 6 0.14560365304350853
seed123_G0-local_step16000 6 1 7 0.1401672560023144
seed123_G0-local_step16000 6 1 8 0.14642224297858775
seed123_G0-local_step16000 6 1 9 0.1404085680260323
seed123_G0-local_step16000 6 2 0 0.14106174098560587
seed123_G0-local_step16000 6 2 1 0.14328701002523303
seed123_G0-local_step16000 6 2 2 0.1424618560122326
seed123_G0-local_step16000 6 2 3 0.14190844300901517
seed123_G0-local_step16000 6 2 4 0.14425883197691292
seed123_G0-local_step16000 6 2 5 0.14077352598542348
seed123_G0-local_step16000 6 2 6 0.14569208200555295
seed123_G0-local_step16000 6 2 7 0.1403474189573899
seed123_G0-local_step16000 6 2 8 0.14847101195482537
seed123_G0-local_step16000 6 2 9 0.14216651703463867
seed123_G0-local_step16000 6 3 0 0.1423169460031204
seed123_G0-local_step16000 6 3 1 0.13920447503915057
seed123_G0-local_step16000 6 3 2 0.14072572300210595
seed123_G0-local_step16000 6 3 3 0.14164119900669903
seed123_G0-local_step16000 6 3 4 0.1516276640468277
seed123_G0-local_step16000 6 3 5 0.14365826797438785
seed123_G0-local_step16000 6 3 6 0.14195607200963423
seed123_G0-local_step16000 6 3 7 0.14419493597233668
seed123_G0-local_step16000 6 3 8 0.14516113902209327
seed123_G0-local_step16000 6 3 9 0.14498636400094256
seed123_G0-local_step16000 6 4 0 0.14677087700692937
seed123_G0-local_step16000 6 4 1 0.14141076494706795
seed123_G0-local_step16000 6 4 2 0.13689819897990674
seed123_G0-local_step16000 6 4 3 0.13824769598431885
seed123_G0-local_step16000 6 4 4 0.1417610149946995
seed123_G0-local_step16000 6 4 5 0.14073542802361771
seed123_G0-local_step16000 6 4 6 0.14281039801426232
seed123_G0-local_step16000 6 4 7 0.1454318460309878
seed123_G0-local_step16000 6 4 8 0.14156482904218137
seed123_G0-local_step16000 6 4 9 0.1465343320160173
seed123_G0-local_step16000 6 5 0 0.14561306301038712
seed123_G0-local_step16000 6 5 1 0.14688335999380797
seed123_G0-local_step16000 6 5 2 0.14534072997048497
seed123_G0-local_step16000 6 5 3 0.1463413599994965
seed123_G0-local_step16000 6 5 4 0.14805304200854152
seed123_G0-local_step16000 6 5 5 0.1474944010260515
seed123_G0-local_step16000 6 5 6 0.1422721940325573
seed123_G0-local_step16000 6 5 7 0.14367118600057438
seed123_G0-local_step16000 6 5 8 0.1479956000111997
seed123_G0-local_step16000 6 5 9 0.14420223498018458
seed123_G0-local_step16000 6 6 0 0.1416868400410749
seed123_G0-local_step16000 6 6 1 0.14172415097709745
seed123_G0-local_step16000 6 6 2 0.14299593103351071
seed123_G0-local_step16000 6 6 3 0.14119550702162087
seed123_G0-local_step16000 6 6 4 0.14617324399296194
seed123_G0-local_step16000 6 6 5 0.145035210007336
seed123_G0-local_step16000 6 6 6 0.14423297200119123
seed123_G0-local_step16000 6 6 7 0.13816068397136405
seed123_G0-local_step16000 6 6 8 0.15385735197924078
seed123_G0-local_step16000 6 6 9 0.13930606096982956
seed123_G0-local_step16000 6 7 0 0.13933426595758647
seed123_G0-local_step16000 6 7 1 0.14159949898021296
seed123_G0-local_step16000 6 7 2 0.15230889100348577
seed123_G0-local_step16000 6 7 3 0.13854450802318752
seed123_G0-local_step16000 6 7 4 0.14013910701032728
seed123_G0-local_step16000 6 7 5 0.14602808299241588
seed123_G0-local_step16000 6 7 6 0.1381296729668975
seed123_G0-local_step16000 6 7 7 0.14169417903758585
seed123_G0-local_step16000 6 7 8 0.14264435099903494
seed123_G0-local_step16000 6 7 9 0.1443229609867558
seed123_G0-local_step16000 6 8 0 0.14434465201338753
seed123_G0-local_step16000 6 8 1 0.14429481700062752
seed123_G0-local_step16000 6 8 2 0.148813454026822
seed123_G0-local_step16000 6 8 3 0.13965814298717305
seed123_G0-local_step16000 6 8 4 0.14136763202259317
seed123_G0-local_step16000 6 8 5 0.1434004600159824
seed123_G0-local_step16000 6 8 6 0.14236837899079546
seed123_G0-local_step16000 6 8 7 0.14178400801029056
seed123_G0-local_step16000 6 8 8 0.14369754900690168
seed123_G0-local_step16000 6 8 9 0.13771117699798197
seed123_G0-local_step16000 6 9 0 0.14002536499174312
seed123_G0-local_step16000 6 9 1 0.14296910300618038
seed123_G0-local_step16000 6 9 2 0.1481856270111166
seed123_G0-local_step16000 6 9 3 0.1422474660212174
seed123_G0-local_step16000 6 9 4 0.1425913359853439
seed123_G0-local_step16000 6 9 5 0.14616910798940808
seed123_G0-local_step16000 6 9 6 0.141618860012386
seed123_G0-local_step16000 6 9 7 0.14207643800182268
seed123_G0-local_step16000 6 9 8 0.14296972198644653
seed123_G0-local_step16000 6 9 9 0.14155790203949437
seed123_G0-local_step16000 9 0 0 0.05056993803009391
seed123_G0-local_step16000 9 0 1 0.04197816801024601
seed123_G0-local_step16000 9 0 2 0.04139135294826701
seed123_G0-local_step16000 9 0 3 0.04204800201114267
seed123_G0-local_step16000 9 0 4 0.044174280017614365
seed123_G0-local_step16000 9 0 5 0.04192389396484941
seed123_G0-local_step16000 9 0 6 0.042416127980686724
seed123_G0-local_step16000 9 0 7 0.04150942899286747
seed123_G0-local_step16000 9 0 8 0.04393509204965085
seed123_G0-local_step16000 9 0 9 0.04149708501063287
seed123_G0-local_step16000 9 1 0 0.0419183429912664
seed123_G0-local_step16000 9 1 1 0.04202656098641455
seed123_G0-local_step16000 9 1 2 0.04205894400365651
seed123_G0-local_step16000 9 1 3 0.044230508035980165
seed123_G0-local_step16000 9 1 4 0.04137645399896428
seed123_G0-local_step16000 9 1 5 0.043261799961328506
seed123_G0-local_step16000 9 1 6 0.04223759600427002
seed123_G0-local_step16000 9 1 7 0.04346448800060898
seed123_G0-local_step16000 9 1 8 0.042363687010947615
seed123_G0-local_step16000 9 1 9 0.04196246899664402
seed123_G0-local_step16000 9 2 0 0.04149883898207918
seed123_G0-local_step16000 9 2 1 0.041821958031505346
seed123_G0-local_step16000 9 2 2 0.04098833003081381
seed123_G0-local_step16000 9 2 3 0.041551058006007224
seed123_G0-local_step16000 9 2 4 0.04267609695671126
seed123_G0-local_step16000 9 2 5 0.04773708403808996
seed123_G0-local_step16000 9 2 6 0.04387643898371607
seed123_G0-local_step16000 9 2 7 0.04161563201341778
seed123_G0-local_step16000 9 2 8 0.04227556905243546
seed123_G0-local_step16000 9 2 9 0.04167506599333137
seed123_G0-local_step16000 9 3 0 0.043355448986403644
seed123_G0-local_step16000 9 3 1 0.04168487503193319
seed123_G0-local_step16000 9 3 2 0.04179141001077369
seed123_G0-local_step16000 9 3 3 0.041739590000361204
seed123_G0-local_step16000 9 3 4 0.04167436598800123
seed123_G0-local_step16000 9 3 5 0.041020810953341424
seed123_G0-local_step16000 9 3 6 0.046658265055157244
seed123_G0-local_step16000 9 3 7 0.041965442011132836
seed123_G0-local_step16000 9 3 8 0.041446918970905244
seed123_G0-local_step16000 9 3 9 0.041801868996117264
seed123_G0-local_step16000 9 4 0 0.041140610992442816
seed123_G0-local_step16000 9 4 1 0.04216758202528581
seed123_G0-local_step16000 9 4 2 0.04146276001119986
seed123_G0-local_step16000 9 4 3 0.04070448403945193
seed123_G0-local_step16000 9 4 4 0.041906029044184834
seed123_G0-local_step16000 9 4 5 0.04076356696896255
seed123_G0-local_step16000 9 4 6 0.04252659896155819
seed123_G0-local_step16000 9 4 7 0.04412478499580175
seed123_G0-local_step16000 9 4 8 0.04328691802220419
seed123_G0-local_step16000 9 4 9 0.040804013959132135
seed123_G0-local_step16000 9 5 0 0.04104845295660198
seed123_G0-local_step16000 9 5 1 0.04135754698654637
seed123_G0-local_step16000 9 5 2 0.0410139579907991
seed123_G0-local_step16000 9 5 3 0.04110737598966807
seed123_G0-local_step16000 9 5 4 0.04166515602264553
seed123_G0-local_step16000 9 5 5 0.041245692991651595
seed123_G0-local_step16000 9 5 6 0.040869110031053424
seed123_G0-local_step16000 9 5 7 0.04132201900938526
seed123_G0-local_step16000 9 5 8 0.04302078700857237
seed123_G0-local_step16000 9 5 9 0.041379239002708346
seed123_G0-local_step16000 9 6 0 0.04215462499996647
seed123_G0-local_step16000 9 6 1 0.042473857989534736
seed123_G0-local_step16000 9 6 2 0.04208844795357436
seed123_G0-local_step16000 9 6 3 0.041797340963967144
seed123_G0-local_step16000 9 6 4 0.042235892033204436
seed123_G0-local_step16000 9 6 5 0.042494788009207696
seed123_G0-local_step16000 9 6 6 0.04215755098266527
seed123_G0-local_step16000 9 6 7 0.0414551540161483
seed123_G0-local_step16000 9 6 8 0.043647298007272184
seed123_G0-local_step16000 9 6 9 0.043032808986026794
seed123_G0-local_step16000 9 7 0 0.04154833301436156
seed123_G0-local_step16000 9 7 1 0.04183340899180621
seed123_G0-local_step16000 9 7 2 0.04165323299821466
seed123_G0-local_step16000 9 7 3 0.041608636965975165
seed123_G0-local_step16000 9 7 4 0.04164648102596402
seed123_G0-local_step16000 9 7 5 0.04170844895998016
seed123_G0-local_step16000 9 7 6 0.0416399979731068
seed123_G0-local_step16000 9 7 7 0.04269771702820435
seed123_G0-local_step16000 9 7 8 0.043844607018399984
seed123_G0-local_step16000 9 7 9 0.04204126796685159
seed123_G0-local_step16000 9 8 0 0.041883334051817656
seed123_G0-local_step16000 9 8 1 0.04118052701232955
seed123_G0-local_step16000 9 8 2 0.04158145602559671
seed123_G0-local_step16000 9 8 3 0.04165332397678867
seed123_G0-local_step16000 9 8 4 0.042476892995182425
seed123_G0-local_step16000 9 8 5 0.04307810601312667
seed123_G0-local_step16000 9 8 6 0.04216760996496305
seed123_G0-local_step16000 9 8 7 0.04224810498999432
seed123_G0-local_step16000 9 8 8 0.0444250589935109
seed123_G0-local_step16000 9 8 9 0.042845850985031575
seed123_G0-local_step16000 9 9 0 0.04466971900546923
seed123_G0-local_step16000 9 9 1 0.043345128011424094
seed123_G0-local_step16000 9 9 2 0.04220597300445661
seed123_G0-local_step16000 9 9 3 0.0422442969866097
seed123_G0-local_step16000 9 9 4 0.04255090397782624
seed123_G0-local_step16000 9 9 5 0.04535204794956371
seed123_G0-local_step16000 9 9 6 0.044261073984671384
seed123_G0-local_step16000 9 9 7 0.042486852034926414
seed123_G0-local_step16000 9 9 8 0.044279791007284075
seed123_G0-local_step16000 9 9 9 0.042625237023457885
seed123_G0-local_step16000 12 0 0 0.42786730104126036
seed123_G0-local_step16000 12 0 1 0.438957107020542
seed123_G0-local_step16000 12 0 2 0.42885315598687157
seed123_G0-local_step16000 12 0 3 0.4138246290385723
seed123_G0-local_step16000 12 0 4 0.4088045370299369
seed123_G0-local_step16000 12 0 5 0.42391137295635417
seed123_G0-local_step16000 12 0 6 0.4159763769712299
seed123_G0-local_step16000 12 0 7 0.4143698979751207
seed123_G0-local_step16000 12 0 8 0.41476791800232604
seed123_G0-local_step16000 12 0 9 0.42364555300446227
seed123_G0-local_step16000 12 1 0 0.41537361702648923
seed123_G0-local_step16000 12 1 1 0.4229366780491546
seed123_G0-local_step16000 12 1 2 0.41553150600520894
seed123_G0-local_step16000 12 1 3 0.4053485509939492
seed123_G0-local_step16000 12 1 4 0.4186970719601959
seed123_G0-local_step16000 12 1 5 0.4179473519907333
seed123_G0-local_step16000 12 1 6 0.41400208097184077
seed123_G0-local_step16000 12 1 7 0.4175059230183251
seed123_G0-local_step16000 12 1 8 0.40935394301777706
seed123_G0-local_step16000 12 1 9 0.4175219080061652
seed123_G0-local_step16000 12 2 0 0.4191644249949604
seed123_G0-local_step16000 12 2 1 0.42188037204323336
seed123_G0-local_step16000 12 2 2 0.41135266999481246
seed123_G0-local_step16000 12 2 3 0.41543222998734564
seed123_G0-local_step16000 12 2 4 0.4211725589702837
seed123_G0-local_step16000 12 2 5 0.4138096350361593
seed123_G0-local_step16000 12 2 6 0.4212030640337616
seed123_G0-local_step16000 12 2 7 0.4219612249871716
seed123_G0-local_step16000 12 2 8 0.41878325800644234
seed123_G0-local_step16000 12 2 9 0.4234276450006291
seed123_G0-local_step16000 12 3 0 0.4534942649770528
seed123_G0-local_step16000 12 3 1 0.4392110600019805
seed123_G0-local_step16000 12 3 2 0.4269483679672703
seed123_G0-local_step16000 12 3 3 0.4184879309614189
seed123_G0-local_step16000 12 3 4 0.41777110402472317
seed123_G0-local_step16000 12 3 5 0.4213107000105083
seed123_G0-local_step16000 12 3 6 0.4191708059515804
seed123_G0-local_step16000 12 3 7 0.41523336997488514
seed123_G0-local_step16000 12 3 8 0.4281107570277527
seed123_G0-local_step16000 12 3 9 0.43290179094765335
seed123_G0-local_step16000 12 4 0 0.4343772499705665
seed123_G0-local_step16000 12 4 1 0.42192775197327137
seed123_G0-local_step16000 12 4 2 0.42551013897173107
seed123_G0-local_step16000 12 4 3 0.42238162900321186
seed123_G0-local_step16000 12 4 4 0.4228390409843996
seed123_G0-local_step16000 12 4 5 0.4297793720033951
seed123_G0-local_step16000 12 4 6 0.4392351240385324
seed123_G0-local_step16000 12 4 7 0.42098382901167497
seed123_G0-local_step16000 12 4 8 0.43583248398499563
seed123_G0-local_step16000 12 4 9 0.42434739402960986
seed123_G0-local_step16000 12 5 0 0.42793469404568896
seed123_G0-local_step16000 12 5 1 0.430416128016077
seed123_G0-local_step16000 12 5 2 0.44647180003812537
seed123_G0-local_step16000 12 5 3 0.43218212202191353
seed123_G0-local_step16000 12 5 4 0.4348744039889425
seed123_G0-local_step16000 12 5 5 0.4324926540139131
seed123_G0-local_step16000 12 5 6 0.4266510289744474
seed123_G0-local_step16000 12 5 7 0.4245133679942228
seed123_G0-local_step16000 12 5 8 0.4228723269770853
seed123_G0-local_step16000 12 5 9 0.42658021696843207
seed123_G0-local_step16000 12 6 0 0.43670022196602076
seed123_G0-local_step16000 12 6 1 0.4259655940113589
seed123_G0-local_step16000 12 6 2 0.4297004140098579
seed123_G0-local_step16000 12 6 3 0.42636036599287763
seed123_G0-local_step16000 12 6 4 0.43824566900730133
seed123_G0-local_step16000 12 6 5 0.4435835199547
seed123_G0-local_step16000 12 6 6 0.4323785019805655
seed123_G0-local_step16000 12 6 7 0.44067068002186716
seed123_G0-local_step16000 12 6 8 0.42882588400971144
seed123_G0-local_step16000 12 6 9 0.4309053100296296
seed123_G0-local_step16000 12 7 0 0.42158860998461023
seed123_G0-local_step16000 12 7 1 0.42835363297490403
seed123_G0-local_step16000 12 7 2 0.42206238402286544
seed123_G0-local_step16000 12 7 3 0.42848331795539707
seed123_G0-local_step16000 12 7 4 0.4247559150098823
seed123_G0-local_step16000 12 7 5 0.42369140399387106
seed123_G0-local_step16000 12 7 6 0.4268971579731442
seed123_G0-local_step16000 12 7 7 0.433488977025263
seed123_G0-local_step16000 12 7 8 0.43729333201190457
seed123_G0-local_step16000 12 7 9 0.43159901798935607
seed123_G0-local_step16000 12 8 0 0.43875259696505964
seed123_G0-local_step16000 12 8 1 0.4385948900016956
seed123_G0-local_step16000 12 8 2 0.4321850370033644
seed123_G0-local_step16000 12 8 3 0.43235759501112625
seed123_G0-local_step16000 12 8 4 0.42629772203508765
seed123_G0-local_step16000 12 8 5 0.4368511789944023
seed123_G0-local_step16000 12 8 6 0.4420191450044513
seed123_G0-local_step16000 12 8 7 0.4297569920308888
seed123_G0-local_step16000 12 8 8 0.4230544129968621
seed123_G0-local_step16000 12 8 9 0.4454705989919603
seed123_G0-local_step16000 12 9 0 0.43003973504528403
seed123_G0-local_step16000 12 9 1 0.4275720819714479
seed123_G0-local_step16000 12 9 2 0.4188041979796253
seed123_G0-local_step16000 12 9 3 0.4362947740009986
seed123_G0-local_step16000 12 9 4 0.4389521090197377
seed123_G0-local_step16000 12 9 5 0.42436248797457665
seed123_G0-local_step16000 12 9 6 0.43949963501654565
seed123_G0-local_step16000 12 9 7 0.4179626429686323
seed123_G0-local_step16000 12 9 8 0.43640545598464087
seed123_G0-local_step16000 12 9 9 0.4444663419853896
seed123_G0-local_step16000 18 0 0 0.10874215903459117
seed123_G0-local_step16000 18 0 1 0.10528077103663236
seed123_G0-local_step16000 18 0 2 0.10154061898356304
seed123_G0-local_step16000 18 0 3 0.10088542400626466
seed123_G0-local_step16000 18 0 4 0.0999970100237988
seed123_G0-local_step16000 18 0 5 0.10542017902480438
seed123_G0-local_step16000 18 0 6 0.10226112097734585
seed123_G0-local_step16000 18 0 7 0.1008345460286364
seed123_G0-local_step16000 18 0 8 0.10033535800175741
seed123_G0-local_step16000 18 0 9 0.10066006000852212
seed123_G0-local_step16000 18 1 0 0.10435461497399956
seed123_G0-local_step16000 18 1 1 0.10429131297860295
seed123_G0-local_step16000 18 1 2 0.10078254499239847
seed123_G0-local_step16000 18 1 3 0.10018022998701781
seed123_G0-local_step16000 18 1 4 0.11731544800568372
seed123_G0-local_step16000 18 1 5 0.10406969801988453
seed123_G0-local_step16000 18 1 6 0.10383958602324128
seed123_G0-local_step16000 18 1 7 0.10190080903703347
seed123_G0-local_step16000 18 1 8 0.10177832399494946
seed123_G0-local_step16000 18 1 9 0.10625079896999523
seed123_G0-local_step16000 18 2 0 0.10338541498640552
seed123_G0-local_step16000 18 2 1 0.10361130797537044
seed123_G0-local_step16000 18 2 2 0.10420950601110235
seed123_G0-local_step16000 18 2 3 0.10328312899218872
seed123_G0-local_step16000 18 2 4 0.09985006600618362
seed123_G0-local_step16000 18 2 5 0.10673500795383006
seed123_G0-local_step16000 18 2 6 0.10645734501304105
seed123_G0-local_step16000 18 2 7 0.10477946803439409
seed123_G0-local_step16000 18 2 8 0.10744948696810752
seed123_G0-local_step16000 18 2 9 0.10768362501403317
seed123_G0-local_step16000 18 3 0 0.10453950695227832
seed123_G0-local_step16000 18 3 1 0.10339943098369986
seed123_G0-local_step16000 18 3 2 0.10169131599832326
seed123_G0-local_step16000 18 3 3 0.10284390597371385
seed123_G0-local_step16000 18 3 4 0.10408350202487782
seed123_G0-local_step16000 18 3 5 0.10253876994829625
seed123_G0-local_step16000 18 3 6 0.10401838703546673
seed123_G0-local_step16000 18 3 7 0.10812094301218167
seed123_G0-local_step16000 18 3 8 0.10421811998821795
seed123_G0-local_step16000 18 3 9 0.10498519003158435
seed123_G0-local_step16000 18 4 0 0.10613107698736712
seed123_G0-local_step16000 18 4 1 0.1039054699940607
seed123_G0-local_step16000 18 4 2 0.10417547699762508
seed123_G0-local_step16000 18 4 3 0.10227637604111806
seed123_G0-local_step16000 18 4 4 0.10189462499693036
seed123_G0-local_step16000 18 4 5 0.10186516703106463
seed123_G0-local_step16000 18 4 6 0.10553847998380661
seed123_G0-local_step16000 18 4 7 0.10341836500447243
seed123_G0-local_step16000 18 4 8 0.10561742098070681
seed123_G0-local_step16000 18 4 9 0.10209040797781199
seed123_G0-local_step16000 18 5 0 0.10755246196640655
seed123_G0-local_step16000 18 5 1 0.10048939898842946
seed123_G0-local_step16000 18 5 2 0.10198364302050322
seed123_G0-local_step16000 18 5 3 0.10503266000887379
seed123_G0-local_step16000 18 5 4 0.10429640801157802
seed123_G0-local_step16000 18 5 5 0.10420057398732752
seed123_G0-local_step16000 18 5 6 0.10551680700154975
seed123_G0-local_step16000 18 5 7 0.10342478600796312
seed123_G0-local_step16000 18 5 8 0.10589496302418411
seed123_G0-local_step16000 18 5 9 0.10229263501241803
seed123_G0-local_step16000 18 6 0 0.10891467198962346
seed123_G0-local_step16000 18 6 1 0.10184712201589718
seed123_G0-local_step16000 18 6 2 0.10266325494740158
seed123_G0-local_step16000 18 6 3 0.10532401798991486
seed123_G0-local_step16000 18 6 4 0.1060225369874388
seed123_G0-local_step16000 18 6 5 0.10266687202965841
seed123_G0-local_step16000 18 6 6 0.10436155099887401
seed123_G0-local_step16000 18 6 7 0.10406083398265764
seed123_G0-local_step16000 18 6 8 0.10816900100326166
seed123_G0-local_step16000 18 6 9 0.10210316104348749
seed123_G0-local_step16000 18 7 0 0.10183942498406395
seed123_G0-local_step16000 18 7 1 0.10431489098118618
seed123_G0-local_step16000 18 7 2 0.10465162701439112
seed123_G0-local_step16000 18 7 3 0.10182798298774287
seed123_G0-local_step16000 18 7 4 0.10199741797987372
seed123_G0-local_step16000 18 7 5 0.10395743401022628
seed123_G0-local_step16000 18 7 6 0.10251328599406406
seed123_G0-local_step16000 18 7 7 0.10688992904033512
seed123_G0-local_step16000 18 7 8 0.10560863098362461
seed123_G0-local_step16000 18 7 9 0.1016496800002642
seed123_G0-local_step16000 18 8 0 0.10347370704403147
seed123_G0-local_step16000 18 8 1 0.10302214202238247
seed123_G0-local_step16000 18 8 2 0.10252686101011932
seed123_G0-local_step16000 18 8 3 0.10453623504145071
seed123_G0-local_step16000 18 8 4 0.10436858399771154
seed123_G0-local_step16000 18 8 5 0.10164761496707797
seed123_G0-local_step16000 18 8 6 0.10266406298615038
seed123_G0-local_step16000 18 8 7 0.10119198099710047
seed123_G0-local_step16000 18 8 8 0.10557034600060433
seed123_G0-local_step16000 18 8 9 0.10356527200201526
seed123_G0-local_step16000 18 9 0 0.10715035599423572
seed123_G0-local_step16000 18 9 1 0.10405313700903207
seed123_G0-local_step16000 18 9 2 0.10033668100368232
seed123_G0-local_step16000 18 9 3 0.10412562702549621
seed123_G0-local_step16000 18 9 4 0.10415956104407087
seed123_G0-local_step16000 18 9 5 0.10022444499190897
seed123_G0-local_step16000 18 9 6 0.10059454396832734
seed123_G0-local_step16000 18 9 7 0.10093007801333442
seed123_G0-local_step16000 18 9 8 0.10496347199659795
seed123_G0-local_step16000 18 9 9 0.1029850390041247
seed123_G0-local_step16000 22 0 0 0.017292928998358548
seed123_G0-local_step16000 22 0 1 0.015083712001796812
seed123_G0-local_step16000 22 0 2 0.015152964973822236
seed123_G0-local_step16000 22 0 3 0.014878147980198264
seed123_G0-local_step16000 22 0 4 0.014872837986331433
seed123_G0-local_step16000 22 0 5 0.014506865991279483
seed123_G0-local_step16000 22 0 6 0.014751524955499917
seed123_G0-local_step16000 22 0 7 0.014618941000662744
seed123_G0-local_step16000 22 0 8 0.01463037304347381
seed123_G0-local_step16000 22 0 9 0.015147995029110461
seed123_G0-local_step16000 22 1 0 0.015180377988144755
seed123_G0-local_step16000 22 1 1 0.017872309021186084
seed123_G0-local_step16000 22 1 2 0.01607003400567919
seed123_G0-local_step16000 22 1 3 0.015135872003156692
seed123_G0-local_step16000 22 1 4 0.015116515045519918
seed123_G0-local_step16000 22 1 5 0.01523189601721242
seed123_G0-local_step16000 22 1 6 0.015155690023675561
seed123_G0-local_step16000 22 1 7 0.01523529301630333
seed123_G0-local_step16000 22 1 8 0.015121945994906127
seed123_G0-local_step16000 22 1 9 0.015229371027089655
seed123_G0-local_step16000 22 2 0 0.015131713997107
seed123_G0-local_step16000 22 2 1 0.015167744015343487
seed123_G0-local_step16000 22 2 2 0.015178975008893758
seed123_G0-local_step16000 22 2 3 0.015314304968342185
seed123_G0-local_step16000 22 2 4 0.015124209981877357
seed123_G0-local_step16000 22 2 5 0.015121494012419134
seed123_G0-local_step16000 22 2 6 0.015301168954465538
seed123_G0-local_step16000 22 2 7 0.015447981015313417
seed123_G0-local_step16000 22 2 8 0.015336156997364014
seed123_G0-local_step16000 22 2 9 0.015310908027458936
seed123_G0-local_step16000 22 3 0 0.014967158029321581
seed123_G0-local_step16000 22 3 1 0.014911661972291768
seed123_G0-local_step16000 22 3 2 0.01533799001481384
seed123_G0-local_step16000 22 3 3 0.015413553977850825
seed123_G0-local_step16000 22 3 4 0.015136303030885756
seed123_G0-local_step16000 22 3 5 0.015312379982788116
seed123_G0-local_step16000 22 3 6 0.015331928967498243
seed123_G0-local_step16000 22 3 7 0.015322409977670759
seed123_G0-local_step16000 22 3 8 0.015327239001635462
seed123_G0-local_step16000 22 3 9 0.0152805499965325
seed123_G0-local_step16000 22 4 0 0.015098569972906262
seed123_G0-local_step16000 22 4 1 0.015067922009620816
seed123_G0-local_step16000 22 4 2 0.01618638599757105
seed123_G0-local_step16000 22 4 3 0.015654176007956266
seed123_G0-local_step16000 22 4 4 0.015640430036000907
seed123_G0-local_step16000 22 4 5 0.015426960017066449
seed123_G0-local_step16000 22 4 6 0.015676509006880224
seed123_G0-local_step16000 22 4 7 0.015456577006261796
seed123_G0-local_step16000 22 4 8 0.015372826950624585
seed123_G0-local_step16000 22 4 9 0.015360633027739823
seed123_G0-local_step16000 22 5 0 0.015439284034073353
seed123_G0-local_step16000 22 5 1 0.015319814963731915
seed123_G0-local_step16000 22 5 2 0.015234089980367571
seed123_G0-local_step16000 22 5 3 0.015148575999774039
seed123_G0-local_step16000 22 5 4 0.015040789963677526
seed123_G0-local_step16000 22 5 5 0.015140461968258023
seed123_G0-local_step16000 22 5 6 0.015132203989196569
seed123_G0-local_step16000 22 5 7 0.015256313025020063
seed123_G0-local_step16000 22 5 8 0.015726273006293923
seed123_G0-local_step16000 22 5 9 0.01513174403226003
seed123_G0-local_step16000 22 6 0 0.014748590008821338
seed123_G0-local_step16000 22 6 1 0.015200164983980358
seed123_G0-local_step16000 22 6 2 0.015216075989883393
seed123_G0-local_step16000 22 6 3 0.015122487035114318
seed123_G0-local_step16000 22 6 4 0.01514379697619006
seed123_G0-local_step16000 22 6 5 0.015250801981892437
seed123_G0-local_step16000 22 6 6 0.015163976000621915
seed123_G0-local_step16000 22 6 7 0.014928925957065076
seed123_G0-local_step16000 22 6 8 0.015121383999940008
seed123_G0-local_step16000 22 6 9 0.014851816988084465
seed123_G0-local_step16000 22 7 0 0.0146339790080674
seed123_G0-local_step16000 22 7 1 0.015090594999492168
seed123_G0-local_step16000 22 7 2 0.015175578009802848
seed123_G0-local_step16000 22 7 3 0.015862486034166068
seed123_G0-local_step16000 22 7 4 0.015941185993142426
seed123_G0-local_step16000 22 7 5 0.015132185013499111
seed123_G0-local_step16000 22 7 6 0.015086567029356956
seed123_G0-local_step16000 22 7 7 0.015376463008578867
seed123_G0-local_step16000 22 7 8 0.01557920197956264
seed123_G0-local_step16000 22 7 9 0.015105263970326632
seed123_G0-local_step16000 22 8 0 0.0153502729954198
seed123_G0-local_step16000 22 8 1 0.015381573000922799
seed123_G0-local_step16000 22 8 2 0.015169336984399706
seed123_G0-local_step16000 22 8 3 0.015103519021067768
seed123_G0-local_step16000 22 8 4 0.015099212003406137
seed123_G0-local_step16000 22 8 5 0.015190656995400786
seed123_G0-local_step16000 22 8 6 0.015007646987214684
seed123_G0-local_step16000 22 8 7 0.01512723503401503
seed123_G0-local_step16000 22 8 8 0.01507443399168551
seed123_G0-local_step16000 22 8 9 0.015198862995021045
seed123_G0-local_step16000 22 9 0 0.01505903503857553
seed123_G0-local_step16000 22 9 1 0.015151581959798932
seed123_G0-local_step16000 22 9 2 0.015306167013477534
seed123_G0-local_step16000 22 9 3 0.01551027997629717
seed123_G0-local_step16000 22 9 4 0.01537145400652662
seed123_G0-local_step16000 22 9 5 0.0155209910008125
seed123_G0-local_step16000 22 9 6 0.015323962026741356
seed123_G0-local_step16000 22 9 7 0.015686457976698875
seed123_G0-local_step16000 22 9 8 0.015306698973290622
seed123_G0-local_step16000 22 9 9 0.015231455967295915
seed123_G0-local_step16000 24 0 0 0.017452564963605255
seed123_G0-local_step16000 24 0 1 0.017222562979441136
seed123_G0-local_step16000 24 0 2 0.016995056997984648
seed123_G0-local_step16000 24 0 3 0.017394641996361315
seed123_G0-local_step16000 24 0 4 0.0176189030171372
seed123_G0-local_step16000 24 0 5 0.01717790705151856
seed123_G0-local_step16000 24 0 6 0.01779472001362592
seed123_G0-local_step16000 24 0 7 0.01953247096389532
seed123_G0-local_step16000 24 0 8 0.017605427012313157
seed123_G0-local_step16000 24 0 9 0.01707210496533662
seed123_G0-local_step16000 24 1 0 0.017151596024632454
seed123_G0-local_step16000 24 1 1 0.01723203097935766
seed123_G0-local_step16000 24 1 2 0.017079308978281915
seed123_G0-local_step16000 24 1 3 0.017074368020985276
seed123_G0-local_step16000 24 1 4 0.017212653998285532
seed123_G0-local_step16000 24 1 5 0.016943938040640205
seed123_G0-local_step16000 24 1 6 0.016864706994965672
seed123_G0-local_step16000 24 1 7 0.016913149040192366
seed123_G0-local_step16000 24 1 8 0.017014975019264966
seed123_G0-local_step16000 24 1 9 0.016739867045544088
seed123_G0-local_step16000 24 2 0 0.01687596901319921
seed123_G0-local_step16000 24 2 1 0.016980509040877223
seed123_G0-local_step16000 24 2 2 0.01693582395091653
seed123_G0-local_step16000 24 2 3 0.01711327297380194
seed123_G0-local_step16000 24 2 4 0.016499365970958024
seed123_G0-local_step16000 24 2 5 0.016498424985911697
seed123_G0-local_step16000 24 2 6 0.017015805991832167
seed123_G0-local_step16000 24 2 7 0.0168779119849205
seed123_G0-local_step16000 24 2 8 0.01693256595171988
seed123_G0-local_step16000 24 2 9 0.016959728964138776
seed123_G0-local_step16000 24 3 0 0.016844937985297292
seed123_G0-local_step16000 24 3 1 0.01652773004025221
seed123_G0-local_step16000 24 3 2 0.01703879004344344
seed123_G0-local_step16000 24 3 3 0.016111593053210527
seed123_G0-local_step16000 24 3 4 0.016570212959777564
seed123_G0-local_step16000 24 3 5 0.017264121968764812
seed123_G0-local_step16000 24 3 6 0.01719320600386709
seed123_G0-local_step16000 24 3 7 0.016844347992446274
seed123_G0-local_step16000 24 3 8 0.016857383016031235
seed123_G0-local_step16000 24 3 9 0.01702921203104779
seed123_G0-local_step16000 24 4 0 0.016904051997698843
seed123_G0-local_step16000 24 4 1 0.016839979973156005
seed123_G0-local_step16000 24 4 2 0.01686150103341788
seed123_G0-local_step16000 24 4 3 0.017146085971035063
seed123_G0-local_step16000 24 4 4 0.01700188999529928
seed123_G0-local_step16000 24 4 5 0.0168307030107826
seed123_G0-local_step16000 24 4 6 0.01709951600059867
seed123_G0-local_step16000 24 4 7 0.016886709025129676
seed123_G0-local_step16000 24 4 8 0.01684619195293635
seed123_G0-local_step16000 24 4 9 0.016918909968808293
seed123_G0-local_step16000 24 5 0 0.01698468701215461
seed123_G0-local_step16000 24 5 1 0.01667834899853915
seed123_G0-local_step16000 24 5 2 0.016972022014670074
seed123_G0-local_step16000 24 5 3 0.017015516001265496
seed123_G0-local_step16000 24 5 4 0.01727891096379608
seed123_G0-local_step16000 24 5 5 0.01723300199955702
seed123_G0-local_step16000 24 5 6 0.017176794994156808
seed123_G0-local_step16000 24 5 7 0.01719542103819549
seed123_G0-local_step16000 24 5 8 0.017133882036432624
seed123_G0-local_step16000 24 5 9 0.017061254009604454
seed123_G0-local_step16000 24 6 0 0.017251106968615204
seed123_G0-local_step16000 24 6 1 0.017497560009360313
seed123_G0-local_step16000 24 6 2 0.017124705016613007
seed123_G0-local_step16000 24 6 3 0.019592756987549365
seed123_G0-local_step16000 24 6 4 0.01758682099170983
seed123_G0-local_step16000 24 6 5 0.017083155980799347
seed123_G0-local_step16000 24 6 6 0.017163600015919656
seed123_G0-local_step16000 24 6 7 0.017316413985099643
seed123_G0-local_step16000 24 6 8 0.017126648977864534
seed123_G0-local_step16000 24 6 9 0.017081591999158263
seed123_G0-local_step16000 24 7 0 0.01723162003327161
seed123_G0-local_step16000 24 7 1 0.01717086404096335
seed123_G0-local_step16000 24 7 2 0.017108614963945
seed123_G0-local_step16000 24 7 3 0.01698923495132476
seed123_G0-local_step16000 24 7 4 0.017036196019034833
seed123_G0-local_step16000 24 7 5 0.01684672199189663
seed123_G0-local_step16000 24 7 6 0.016690262011252344
seed123_G0-local_step16000 24 7 7 0.016386609990149736
seed123_G0-local_step16000 24 7 8 0.01697708200663328
seed123_G0-local_step16000 24 7 9 0.01687507698079571
seed123_G0-local_step16000 24 8 0 0.01743333600461483
seed123_G0-local_step16000 24 8 1 0.017317193967755884
seed123_G0-local_step16000 24 8 2 0.01736214099219069
seed123_G0-local_step16000 24 8 3 0.01705969002796337
seed123_G0-local_step16000 24 8 4 0.017185400996822864
seed123_G0-local_step16000 24 8 5 0.017256035993341357
seed123_G0-local_step16000 24 8 6 0.017236649990081787
seed123_G0-local_step16000 24 8 7 0.01714042597450316
seed123_G0-local_step16000 24 8 8 0.017281054984778166
seed123_G0-local_step16000 24 8 9 0.01735805196221918
seed123_G0-local_step16000 24 9 0 0.01723422500072047
seed123_G0-local_step16000 24 9 1 0.017676844028756022
seed123_G0-local_step16000 24 9 2 0.017250656965188682
seed123_G0-local_step16000 24 9 3 0.01708289497764781
seed123_G0-local_step16000 24 9 4 0.01708218303974718
seed123_G0-local_step16000 24 9 5 0.017319398990366608
seed123_G0-local_step16000 24 9 6 0.017112622037529945
seed123_G0-local_step16000 24 9 7 0.01711616897955537
seed123_G0-local_step16000 24 9 8 0.018685618008021265
seed123_G0-local_step16000 24 9 9 0.017412014945875853
seed123_G0-local_step16000 30 0 0 0.029949536023195833
seed123_G0-local_step16000 30 0 1 0.028301264974288642
seed123_G0-local_step16000 30 0 2 0.02879712695721537
seed123_G0-local_step16000 30 0 3 0.027977574965916574
seed123_G0-local_step16000 30 0 4 0.028190062032081187
seed123_G0-local_step16000 30 0 5 0.027149898000061512
seed123_G0-local_step16000 30 0 6 0.026914135029073805
seed123_G0-local_step16000 30 0 7 0.02778757002670318
seed123_G0-local_step16000 30 0 8 0.02731767896329984
seed123_G0-local_step16000 30 0 9 0.026852778042666614
seed123_G0-local_step16000 30 1 0 0.030668773979414254
seed123_G0-local_step16000 30 1 1 0.029004662996158004
seed123_G0-local_step16000 30 1 2 0.027920714986976236
seed123_G0-local_step16000 30 1 3 0.027261740993708372
seed123_G0-local_step16000 30 1 4 0.028112943982705474
seed123_G0-local_step16000 30 1 5 0.027452878013718873
seed123_G0-local_step16000 30 1 6 0.02885217097355053
seed123_G0-local_step16000 30 1 7 0.02799230196978897
seed123_G0-local_step16000 30 1 8 0.027996090007945895
seed123_G0-local_step16000 30 1 9 0.02686430001631379
seed123_G0-local_step16000 30 2 0 0.029775651986710727
seed123_G0-local_step16000 30 2 1 0.027425394975580275
seed123_G0-local_step16000 30 2 2 0.028259374026674777
seed123_G0-local_step16000 30 2 3 0.02714917599223554
seed123_G0-local_step16000 30 2 4 0.026621793978847563
seed123_G0-local_step16000 30 2 5 0.02672268799506128
seed123_G0-local_step16000 30 2 6 0.025942171982023865
seed123_G0-local_step16000 30 2 7 0.02688536001369357
seed123_G0-local_step16000 30 2 8 0.025488031038548797
seed123_G0-local_step16000 30 2 9 0.026676037989091128
seed123_G0-local_step16000 30 3 0 0.02733250701567158
seed123_G0-local_step16000 30 3 1 0.026692610001191497
seed123_G0-local_step16000 30 3 2 0.028448517026845366
seed123_G0-local_step16000 30 3 3 0.02976676495745778
seed123_G0-local_step16000 30 3 4 0.029247298021800816
seed123_G0-local_step16000 30 3 5 0.028127631987445056
seed123_G0-local_step16000 30 3 6 0.027417941018939018
seed123_G0-local_step16000 30 3 7 0.026735162013210356
seed123_G0-local_step16000 30 3 8 0.0267104139784351
seed123_G0-local_step16000 30 3 9 0.02631529700011015
seed123_G0-local_step16000 30 4 0 0.02709852799307555
seed123_G0-local_step16000 30 4 1 0.026342729979660362
seed123_G0-local_step16000 30 4 2 0.026488818984944373
seed123_G0-local_step16000 30 4 3 0.026438041997607797
seed123_G0-local_step16000 30 4 4 0.027700281993020326
seed123_G0-local_step16000 30 4 5 0.02687278500525281
seed123_G0-local_step16000 30 4 6 0.026733478996902704
seed123_G0-local_step16000 30 4 7 0.02915050304727629
seed123_G0-local_step16000 30 4 8 0.03291397902648896
seed123_G0-local_step16000 30 4 9 0.0317711679963395
seed123_G0-local_step16000 30 5 0 0.02909833297599107
seed123_G0-local_step16000 30 5 1 0.028414801985491067
seed123_G0-local_step16000 30 5 2 0.027421438018791378
seed123_G0-local_step16000 30 5 3 0.028194729995448142
seed123_G0-local_step16000 30 5 4 0.026656932022888213
seed123_G0-local_step16000 30 5 5 0.027147993037942797
seed123_G0-local_step16000 30 5 6 0.027372433978598565
seed123_G0-local_step16000 30 5 7 0.027951023017521948
seed123_G0-local_step16000 30 5 8 0.02841297897975892
seed123_G0-local_step16000 30 5 9 0.02855360897956416
seed123_G0-local_step16000 30 6 0 0.027105121000204235
seed123_G0-local_step16000 30 6 1 0.026468070049304515
seed123_G0-local_step16000 30 6 2 0.02689048898173496
seed123_G0-local_step16000 30 6 3 0.027578308014199138
seed123_G0-local_step16000 30 6 4 0.028781325032468885
seed123_G0-local_step16000 30 6 5 0.02920290397014469
seed123_G0-local_step16000 30 6 6 0.0282215719926171
seed123_G0-local_step16000 30 6 7 0.02758277702378109
seed123_G0-local_step16000 30 6 8 0.026982787007000297
seed123_G0-local_step16000 30 6 9 0.026490353047847748
seed123_G0-local_step16000 30 7 0 0.026513967022765428
seed123_G0-local_step16000 30 7 1 0.027033985999878496
seed123_G0-local_step16000 30 7 2 0.026320887031033635
seed123_G0-local_step16000 30 7 3 0.027458958968054503
seed123_G0-local_step16000 30 7 4 0.026427611999679357
seed123_G0-local_step16000 30 7 5 0.02662672399310395
seed123_G0-local_step16000 30 7 6 0.02677525900071487
seed123_G0-local_step16000 30 7 7 0.026496703969314694
seed123_G0-local_step16000 30 7 8 0.026571286958642304
seed123_G0-local_step16000 30 7 9 0.02634892100468278
seed123_G0-local_step16000 30 8 0 0.026840712991543114
seed123_G0-local_step16000 30 8 1 0.02671206701779738
seed123_G0-local_step16000 30 8 2 0.027069533010944724
seed123_G0-local_step16000 30 8 3 0.027460922952741385
seed123_G0-local_step16000 30 8 4 0.029524218989536166
seed123_G0-local_step16000 30 8 5 0.028095319983549416
seed123_G0-local_step16000 30 8 6 0.0284692759742029
seed123_G0-local_step16000 30 8 7 0.027367093018256128
seed123_G0-local_step16000 30 8 8 0.02860686997883022
seed123_G0-local_step16000 30 8 9 0.02755189797608182
seed123_G0-local_step16000 30 9 0 0.02864600595785305
seed123_G0-local_step16000 30 9 1 0.028454579005483538
seed123_G0-local_step16000 30 9 2 0.026916318980511278
seed123_G0-local_step16000 30 9 3 0.028746567957568914
seed123_G0-local_step16000 30 9 4 0.027303090027999133
seed123_G0-local_step16000 30 9 5 0.02699541999027133
seed123_G0-local_step16000 30 9 6 0.02616791398031637
seed123_G0-local_step16000 30 9 7 0.027825762052088976
seed123_G0-local_step16000 30 9 8 0.027213699009735137
seed123_G0-local_step16000 30 9 9 0.03163290303200483
seed123_G0-local_step16000 33 0 0 0.0076453289948403835
seed123_G0-local_step16000 33 0 1 0.006444555998314172
seed123_G0-local_step16000 33 0 2 0.006198855000548065
seed123_G0-local_step16000 33 0 3 0.006174248002935201
seed123_G0-local_step16000 33 0 4 0.006130174035206437
seed123_G0-local_step16000 33 0 5 0.006160471995826811
seed123_G0-local_step16000 33 0 6 0.006110045011155307
seed123_G0-local_step16000 33 0 7 0.006141024990938604
seed123_G0-local_step16000 33 0 8 0.006116617994848639
seed123_G0-local_step16000 33 0 9 0.0061319569940678775
seed123_G0-local_step16000 33 1 0 0.00639936001971364
seed123_G0-local_step16000 33 1 1 0.006301160959992558
seed123_G0-local_step16000 33 1 2 0.00623666902538389
seed123_G0-local_step16000 33 1 3 0.006264111027121544
seed123_G0-local_step16000 33 1 4 0.006234343978576362
seed123_G0-local_step16000 33 1 5 0.006295170984230936
seed123_G0-local_step16000 33 1 6 0.0062590710003860295
seed123_G0-local_step16000 33 1 7 0.006243260984774679
seed123_G0-local_step16000 33 1 8 0.006270963989663869
seed123_G0-local_step16000 33 1 9 0.006273929961025715
seed123_G0-local_step16000 33 2 0 0.006271904974710196
seed123_G0-local_step16000 33 2 1 0.006242659990675747
seed123_G0-local_step16000 33 2 2 0.006254391046240926
seed123_G0-local_step16000 33 2 3 0.006273609003983438
seed123_G0-local_step16000 33 2 4 0.006240224000066519
seed123_G0-local_step16000 33 2 5 0.006240876973606646
seed123_G0-local_step16000 33 2 6 0.006266604992561042
seed123_G0-local_step16000 33 2 7 0.006289720011409372
seed123_G0-local_step16000 33 2 8 0.0062492110300809145
seed123_G0-local_step16000 33 2 9 0.00625747797312215
seed123_G0-local_step16000 33 3 0 0.0061352429911494255
seed123_G0-local_step16000 33 3 1 0.006204707024153322
seed123_G0-local_step16000 33 3 2 0.006253010011278093
seed123_G0-local_step16000 33 3 3 0.006244071992114186
seed123_G0-local_step16000 33 3 4 0.0062529100105166435
seed123_G0-local_step16000 33 3 5 0.006263559975195676
seed123_G0-local_step16000 33 3 6 0.006230405997484922
seed123_G0-local_step16000 33 3 7 0.006228101963642985
seed123_G0-local_step16000 33 3 8 0.006257568020373583
seed123_G0-local_step16000 33 3 9 0.006268499011639506
seed123_G0-local_step16000 33 4 0 0.006099285033997148
seed123_G0-local_step16000 33 4 1 0.0061095739947631955
seed123_G0-local_step16000 33 4 2 0.006093423988204449
seed123_G0-local_step16000 33 4 3 0.006123049999587238
seed123_G0-local_step16000 33 4 4 0.006105075997766107
seed123_G0-local_step16000 33 4 5 0.006137688003946096
seed123_G0-local_step16000 33 4 6 0.006124873994849622
seed123_G0-local_step16000 33 4 7 0.006034070043824613
seed123_G0-local_step16000 33 4 8 0.006119803991168737
seed123_G0-local_step16000 33 4 9 0.0061194829759188
seed123_G0-local_step16000 33 5 0 0.006132399023044854
seed123_G0-local_step16000 33 5 1 0.006052575015928596
seed123_G0-local_step16000 33 5 2 0.005960098002105951
seed123_G0-local_step16000 33 5 3 0.0059187489678151906
seed123_G0-local_step16000 33 5 4 0.005974023952148855
seed123_G0-local_step16000 33 5 5 0.005996247986331582
seed123_G0-local_step16000 33 5 6 0.0061165569932200015
seed123_G0-local_step16000 33 5 7 0.006147917010821402
seed123_G0-local_step16000 33 5 8 0.00614339899038896
seed123_G0-local_step16000 33 5 9 0.006121687008999288
seed123_G0-local_step16000 33 6 0 0.006271485006436706
seed123_G0-local_step16000 33 6 1 0.006246306991670281
seed123_G0-local_step16000 33 6 2 0.006253782019484788
seed123_G0-local_step16000 33 6 3 0.0062312380177900195
seed123_G0-local_step16000 33 6 4 0.006252859020605683
seed123_G0-local_step16000 33 6 5 0.006251977989450097
seed123_G0-local_step16000 33 6 6 0.006637927028350532
seed123_G0-local_step16000 33 6 7 0.00853519601514563
seed123_G0-local_step16000 33 6 8 0.0074256579973734915
seed123_G0-local_step16000 33 6 9 0.006315609032753855
seed123_G0-local_step16000 33 7 0 0.0063134049996733665
seed123_G0-local_step16000 33 7 1 0.006242860981728882
seed123_G0-local_step16000 33 7 2 0.006280942005105317
seed123_G0-local_step16000 33 7 3 0.006378029996994883
seed123_G0-local_step16000 33 7 4 0.16340122098335996
seed123_G0-local_step16000 33 7 5 0.006486937985755503
seed123_G0-local_step16000 33 7 6 0.006315378996077925
seed123_G0-local_step16000 33 7 7 0.0062742099980823696
seed123_G0-local_step16000 33 7 8 0.006284009024966508
seed123_G0-local_step16000 33 7 9 0.006277145992498845
seed123_G0-local_step16000 33 8 0 0.0061358840321190655
seed123_G0-local_step16000 33 8 1 0.006125334009993821
seed123_G0-local_step16000 33 8 2 0.0061054269899614155
seed123_G0-local_step16000 33 8 3 0.006150483037345111
seed123_G0-local_step16000 33 8 4 0.006071451003663242
seed123_G0-local_step16000 33 8 5 0.0060996750253252685
seed123_G0-local_step16000 33 8 6 0.006088263995479792
seed123_G0-local_step16000 33 8 7 0.006104925007093698
seed123_G0-local_step16000 33 8 8 0.006117548968177289
seed123_G0-local_step16000 33 8 9 0.006163106998428702
seed123_G0-local_step16000 33 9 0 0.006159589975140989
seed123_G0-local_step16000 33 9 1 0.006149310967884958
seed123_G0-local_step16000 33 9 2 0.006109253969043493
seed123_G0-local_step16000 33 9 3 0.00613752898061648
seed123_G0-local_step16000 33 9 4 0.006088894966524094
seed123_G0-local_step16000 33 9 5 0.006126026040874422
seed123_G0-local_step16000 33 9 6 0.00609896396053955
seed123_G0-local_step16000 33 9 7 0.006110585993155837
seed123_G0-local_step16000 33 9 8 0.006115345982834697
seed123_G0-local_step16000 33 9 9 0.006313215009868145
seed123_G0-local_step16000 36 0 0 0.006716068019159138
seed123_G0-local_step16000 36 0 1 0.0066731550032272935
seed123_G0-local_step16000 36 0 2 0.006630534015130252
seed123_G0-local_step16000 36 0 3 0.0066509220050647855
seed123_G0-local_step16000 36 0 4 0.006714413990266621
seed123_G0-local_step16000 36 0 5 0.00664772599702701
seed123_G0-local_step16000 36 0 6 0.006622236978728324
seed123_G0-local_step16000 36 0 7 0.0066842459491454065
seed123_G0-local_step16000 36 0 8 0.006656362034846097
seed123_G0-local_step16000 36 0 9 0.0066227479837834835
seed123_G0-local_step16000 36 1 0 0.006814665975980461
seed123_G0-local_step16000 36 1 1 0.006798184011131525
seed123_G0-local_step16000 36 1 2 0.006826159020420164
seed123_G0-local_step16000 36 1 3 0.006780682015232742
seed123_G0-local_step16000 36 1 4 0.006652405019849539
seed123_G0-local_step16000 36 1 5 0.006705937965307385
seed123_G0-local_step16000 36 1 6 0.006801992014516145
seed123_G0-local_step16000 36 1 7 0.0067879450507462025
seed123_G0-local_step16000 36 1 8 0.006799686991143972
seed123_G0-local_step16000 36 1 9 0.006793905980885029
seed123_G0-local_step16000 36 2 0 0.006620354019105434
seed123_G0-local_step16000 36 2 1 0.006769920000806451
seed123_G0-local_step16000 36 2 2 0.006812292034737766
seed123_G0-local_step16000 36 2 3 0.006843851995654404
seed123_G0-local_step16000 36 2 4 0.006819065019953996
seed123_G0-local_step16000 36 2 5 0.00717993697617203
seed123_G0-local_step16000 36 2 6 0.009351861022878438
seed123_G0-local_step16000 36 2 7 0.007543822983279824
seed123_G0-local_step16000 36 2 8 0.006774418987333775
seed123_G0-local_step16000 36 2 9 0.0068307670298963785
seed123_G0-local_step16000 36 3 0 0.007036280992906541
seed123_G0-local_step16000 36 3 1 0.00679705198854208
seed123_G0-local_step16000 36 3 2 0.006861896952614188
seed123_G0-local_step16000 36 3 3 0.006794608023483306
seed123_G0-local_step16000 36 3 4 0.006803335039876401
seed123_G0-local_step16000 36 3 5 0.0069864660035818815
seed123_G0-local_step16000 36 3 6 0.0067916419939137995
seed123_G0-local_step16000 36 3 7 0.006871495977975428
seed123_G0-local_step16000 36 3 8 0.0068559059873223305
seed123_G0-local_step16000 36 3 9 0.006796440982725471
seed123_G0-local_step16000 36 4 0 0.006656903016846627
seed123_G0-local_step16000 36 4 1 0.006636194011662155
seed123_G0-local_step16000 36 4 2 0.006648576993029565
seed123_G0-local_step16000 36 4 3 0.006648537993896753
seed123_G0-local_step16000 36 4 4 0.006645651999861002
seed123_G0-local_step16000 36 4 5 0.00665490998653695
seed123_G0-local_step16000 36 4 6 0.0066860399674624205
seed123_G0-local_step16000 36 4 7 0.006623140012379736
seed123_G0-local_step16000 36 4 8 0.0066576950484886765
seed123_G0-local_step16000 36 4 9 0.006632146018091589
seed123_G0-local_step16000 36 5 0 0.006604923983104527
seed123_G0-local_step16000 36 5 1 0.006633748998865485
seed123_G0-local_step16000 36 5 2 0.006684296997264028
seed123_G0-local_step16000 36 5 3 0.006634431018028408
seed123_G0-local_step16000 36 5 4 0.006626615999266505
seed123_G0-local_step16000 36 5 5 0.006475785980001092
seed123_G0-local_step16000 36 5 6 0.006420281017199159
seed123_G0-local_step16000 36 5 7 0.006634099001530558
seed123_G0-local_step16000 36 5 8 0.0067064190516248345
seed123_G0-local_step16000 36 5 9 0.006682812992949039
seed123_G0-local_step16000 36 6 0 0.006670639966614544
seed123_G0-local_step16000 36 6 1 0.006703994993586093
seed123_G0-local_step16000 36 6 2 0.00668477697763592
seed123_G0-local_step16000 36 6 3 0.006546242977492511
seed123_G0-local_step16000 36 6 4 0.00673608499346301
seed123_G0-local_step16000 36 6 5 0.006699145014863461
seed123_G0-local_step16000 36 6 6 0.006690417998470366
seed123_G0-local_step16000 36 6 7 0.00668814399978146
seed123_G0-local_step16000 36 6 8 0.006690406997222453
seed123_G0-local_step16000 36 6 9 0.006703001970890909
seed123_G0-local_step16000 36 7 0 0.006736605952028185
seed123_G0-local_step16000 36 7 1 0.006702239974401891
seed123_G0-local_step16000 36 7 2 0.006700528028886765
seed123_G0-local_step16000 36 7 3 0.006713390990626067
seed123_G0-local_step16000 36 7 4 0.006692833034321666
seed123_G0-local_step16000 36 7 5 0.006521725037600845
seed123_G0-local_step16000 36 7 6 0.006566770025528967
seed123_G0-local_step16000 36 7 7 0.0064401890267618
seed123_G0-local_step16000 36 7 8 0.006524278956931084
seed123_G0-local_step16000 36 7 9 0.006511986022815108
seed123_G0-local_step16000 36 8 0 0.006707451015245169
seed123_G0-local_step16000 36 8 1 0.006674917996861041
seed123_G0-local_step16000 36 8 2 0.006731395958922803
seed123_G0-local_step16000 36 8 3 0.006685688975267112
seed123_G0-local_step16000 36 8 4 0.006690177018754184
seed123_G0-local_step16000 36 8 5 0.006541512033436447
seed123_G0-local_step16000 36 8 6 0.006556451029609889
seed123_G0-local_step16000 36 8 7 0.006683323998004198
seed123_G0-local_step16000 36 8 8 0.006732178037054837
seed123_G0-local_step16000 36 8 9 0.006698102981317788
seed123_G0-local_step16000 36 9 0 0.007327058003284037
seed123_G0-local_step16000 36 9 1 0.009141878981608897
seed123_G0-local_step16000 36 9 2 0.008187568979337811
seed123_G0-local_step16000 36 9 3 0.006652665964793414
seed123_G0-local_step16000 36 9 4 0.0066721419570967555
seed123_G0-local_step16000 36 9 5 0.006656443001702428
seed123_G0-local_step16000 36 9 6 0.006654229015111923
seed123_G0-local_step16000 36 9 7 0.006645823013968766
seed123_G0-local_step16000 36 9 8 0.006624520989134908
seed123_G0-local_step16000 36 9 9 0.006622116954531521
seed123_G0-local_step16000 40 0 0 0.004246070981025696
seed123_G0-local_step16000 40 0 1 0.004027511982712895
seed123_G0-local_step16000 40 0 2 0.00401553901610896
seed123_G0-local_step16000 40 0 3 0.004023865039926022
seed123_G0-local_step16000 40 0 4 0.004019927990157157
seed123_G0-local_step16000 40 0 5 0.004012462974060327
seed123_G0-local_step16000 40 0 6 0.004035977995954454
seed123_G0-local_step16000 40 0 7 0.004038353043142706
seed123_G0-local_step16000 40 0 8 0.004022212990093976
seed123_G0-local_step16000 40 0 9 0.004031579999718815
seed123_G0-local_step16000 40 1 0 0.004034544981550425
seed123_G0-local_step16000 40 1 1 0.004053040000144392
seed123_G0-local_step16000 40 1 2 0.004037411010358483
seed123_G0-local_step16000 40 1 3 0.004025387985166162
seed123_G0-local_step16000 40 1 4 0.004063710977789015
seed123_G0-local_step16000 40 1 5 0.0040304980357177556
seed123_G0-local_step16000 40 1 6 0.0040190250147134066
seed123_G0-local_step16000 40 1 7 0.004051277996040881
seed123_G0-local_step16000 40 1 8 0.004037430975586176
seed123_G0-local_step16000 40 1 9 0.004031850025057793
seed123_G0-local_step16000 40 2 0 0.0039470280171372
seed123_G0-local_step16000 40 2 1 0.003975491970777512
seed123_G0-local_step16000 40 2 2 0.003953100007493049
seed123_G0-local_step16000 40 2 3 0.003945263975765556
seed123_G0-local_step16000 40 2 4 0.003929033991880715
seed123_G0-local_step16000 40 2 5 0.003957187000196427
seed123_G0-local_step16000 40 2 6 0.003934182983357459
seed123_G0-local_step16000 40 2 7 0.003959943016525358
seed123_G0-local_step16000 40 2 8 0.003935225016903132
seed123_G0-local_step16000 40 2 9 0.003949282050598413
seed123_G0-local_step16000 40 3 0 0.0039577080169692636
seed123_G0-local_step16000 40 3 1 0.0039625270292162895
seed123_G0-local_step16000 40 3 2 0.00392635801108554
seed123_G0-local_step16000 40 3 3 0.0038521059905178845
seed123_G0-local_step16000 40 3 4 0.0037897659931331873
seed123_G0-local_step16000 40 3 5 0.003819532983470708
seed123_G0-local_step16000 40 3 6 0.003847167012281716
seed123_G0-local_step16000 40 3 7 0.0038604820147156715
seed123_G0-local_step16000 40 3 8 0.0039388619479723275
seed123_G0-local_step16000 40 3 9 0.003964862029533833
seed123_G0-local_step16000 40 4 0 0.003950343991164118
seed123_G0-local_step16000 40 4 1 0.003953711013309658
seed123_G0-local_step16000 40 4 2 0.003945455013308674
seed123_G0-local_step16000 40 4 3 0.003955774998757988
seed123_G0-local_step16000 40 4 4 0.003935415996238589
seed123_G0-local_step16000 40 4 5 0.00394363101804629
seed123_G0-local_step16000 40 4 6 0.0038265669718384743
seed123_G0-local_step16000 40 4 7 0.003933502011932433
seed123_G0-local_step16000 40 4 8 0.003893045010045171
seed123_G0-local_step16000 40 4 9 0.003972365986555815
seed123_G0-local_step16000 40 5 0 0.0039529099594801664
seed123_G0-local_step16000 40 5 1 0.0039685689844191074
seed123_G0-local_step16000 40 5 2 0.003976394014898688
seed123_G0-local_step16000 40 5 3 0.003970452991779894
seed123_G0-local_step16000 40 5 4 0.0039633389678783715
seed123_G0-local_step16000 40 5 5 0.0039754429599270225
seed123_G0-local_step16000 40 5 6 0.00396989198634401
seed123_G0-local_step16000 40 5 7 0.0039652130217291415
seed123_G0-local_step16000 40 5 8 0.003973839047830552
seed123_G0-local_step16000 40 5 9 0.003962447983212769
seed123_G0-local_step16000 40 6 0 0.00403801299398765
seed123_G0-local_step16000 40 6 1 0.004038623010274023
seed123_G0-local_step16000 40 6 2 0.004004458023700863
seed123_G0-local_step16000 40 6 3 0.004013726022094488
seed123_G0-local_step16000 40 6 4 0.004019956977572292
seed123_G0-local_step16000 40 6 5 0.004032983037177473
seed123_G0-local_step16000 40 6 6 0.0040396450203843415
seed123_G0-local_step16000 40 6 7 0.004017824016045779
seed123_G0-local_step16000 40 6 8 0.003994558996055275
seed123_G0-local_step16000 40 6 9 0.004028634983114898
seed123_G0-local_step16000 40 7 0 0.003928341961000115
seed123_G0-local_step16000 40 7 1 0.0038430679705925286
seed123_G0-local_step16000 40 7 2 0.003817038028500974
seed123_G0-local_step16000 40 7 3 0.0038160959957167506
seed123_G0-local_step16000 40 7 4 0.0038810919504612684
seed123_G0-local_step16000 40 7 5 0.0039453349891118705
seed123_G0-local_step16000 40 7 6 0.004018293984699994
seed123_G0-local_step16000 40 7 7 0.003944694006349891
seed123_G0-local_step16000 40 7 8 0.00394108600448817
seed123_G0-local_step16000 40 7 9 0.003949562960769981
seed123_G0-local_step16000 40 8 0 0.003972556034568697
seed123_G0-local_step16000 40 8 1 0.003947629011236131
seed123_G0-local_step16000 40 8 2 0.0039383110124617815
seed123_G0-local_step16000 40 8 3 0.003825885010883212
seed123_G0-local_step16000 40 8 4 0.003811958944424987
seed123_G0-local_step16000 40 8 5 0.00394718797178939
seed123_G0-local_step16000 40 8 6 0.003945724980439991
seed123_G0-local_step16000 40 8 7 0.003957237990107387
seed123_G0-local_step16000 40 8 8 0.003953651001211256
seed123_G0-local_step16000 40 8 9 0.003955824999138713
seed123_G0-local_step16000 40 9 0 0.003941556962672621
seed123_G0-local_step16000 40 9 1 0.0039437320083379745
seed123_G0-local_step16000 40 9 2 0.003929283993784338
seed123_G0-local_step16000 40 9 3 0.003934214008040726
seed123_G0-local_step16000 40 9 4 0.003926047007553279
seed123_G0-local_step16000 40 9 5 0.003948219993617386
seed123_G0-local_step16000 40 9 6 0.003943851974327117
seed123_G0-local_step16000 40 9 7 0.003940464986953884
seed123_G0-local_step16000 40 9 8 0.003941097005736083
seed123_G0-local_step16000 40 9 9 0.003937740053515881
seed123_G0-local_step16000 47 0 0 0.06601757899625227
seed123_G0-local_step16000 47 0 1 0.06067112903110683
seed123_G0-local_step16000 47 0 2 0.06008939299499616
seed123_G0-local_step16000 47 0 3 0.05972991301678121
seed123_G0-local_step16000 47 0 4 0.06085458002053201
seed123_G0-local_step16000 47 0 5 0.0611072740284726
seed123_G0-local_step16000 47 0 6 0.060427270946092904
seed123_G0-local_step16000 47 0 7 0.059904257010202855
seed123_G0-local_step16000 47 0 8 0.061910593998618424
seed123_G0-local_step16000 47 0 9 0.06091998500050977
seed123_G0-local_step16000 47 1 0 0.06061595201026648
seed123_G0-local_step16000 47 1 1 0.060745662020053715
seed123_G0-local_step16000 47 1 2 0.06250628601992503
seed123_G0-local_step16000 47 1 3 0.06254634296055883
seed123_G0-local_step16000 47 1 4 0.059986534994095564
seed123_G0-local_step16000 47 1 5 0.06010291900020093
seed123_G0-local_step16000 47 1 6 0.060386793047655374
seed123_G0-local_step16000 47 1 7 0.0605496849748306
seed123_G0-local_step16000 47 1 8 0.06107300904113799
seed123_G0-local_step16000 47 1 9 0.05889912002021447
seed123_G0-local_step16000 47 2 0 0.05814545601606369
seed123_G0-local_step16000 47 2 1 0.05975103296805173
seed123_G0-local_step16000 47 2 2 0.060526760993525386
seed123_G0-local_step16000 47 2 3 0.0598062879871577
seed123_G0-local_step16000 47 2 4 0.06183396698907018
seed123_G0-local_step16000 47 2 5 0.06149844400351867
seed123_G0-local_step16000 47 2 6 0.06443455297267064
seed123_G0-local_step16000 47 2 7 0.061233284999616444
seed123_G0-local_step16000 47 2 8 0.06005047698272392
seed123_G0-local_step16000 47 2 9 0.060794182994868606
seed123_G0-local_step16000 47 3 0 0.06068003398831934
seed123_G0-local_step16000 47 3 1 0.06059188500512391
seed123_G0-local_step16000 47 3 2 0.06312946096295491
seed123_G0-local_step16000 47 3 3 0.06213481305167079
seed123_G0-local_step16000 47 3 4 0.060483817011117935
seed123_G0-local_step16000 47 3 5 0.060510077979415655
seed123_G0-local_step16000 47 3 6 0.058662846975494176
seed123_G0-local_step16000 47 3 7 0.06016567803453654
seed123_G0-local_step16000 47 3 8 0.05951006099348888
seed123_G0-local_step16000 47 3 9 0.06004081800347194
seed123_G0-local_step16000 47 4 0 0.06389971595490351
seed123_G0-local_step16000 47 4 1 0.06247666903072968
seed123_G0-local_step16000 47 4 2 0.06230397702893242
seed123_G0-local_step16000 47 4 3 0.06457285699434578
seed123_G0-local_step16000 47 4 4 0.06142301898216829
seed123_G0-local_step16000 47 4 5 0.06262752698967233
seed123_G0-local_step16000 47 4 6 0.06067542399978265
seed123_G0-local_step16000 47 4 7 0.06292004795977846
seed123_G0-local_step16000 47 4 8 0.058947901998180896
seed123_G0-local_step16000 47 4 9 0.06366028700722381
seed123_G0-local_step16000 47 5 0 0.05997339898021892
seed123_G0-local_step16000 47 5 1 0.05900182499317452
seed123_G0-local_step16000 47 5 2 0.05951132299378514
seed123_G0-local_step16000 47 5 3 0.06058390001999214
seed123_G0-local_step16000 47 5 4 0.06070004199864343
seed123_G0-local_step16000 47 5 5 0.061158008989878
seed123_G0-local_step16000 47 5 6 0.060519193997606635
seed123_G0-local_step16000 47 5 7 0.06559045799076557
seed123_G0-local_step16000 47 5 8 0.06054909201338887
seed123_G0-local_step16000 47 5 9 0.06048945803195238
seed123_G0-local_step16000 47 6 0 0.061993020004592836
seed123_G0-local_step16000 47 6 1 0.06151613499969244
seed123_G0-local_step16000 47 6 2 0.06052463501691818
seed123_G0-local_step16000 47 6 3 0.06004082603612915
seed123_G0-local_step16000 47 6 4 0.05997595301596448
seed123_G0-local_step16000 47 6 5 0.06154225498903543
seed123_G0-local_step16000 47 6 6 0.061480698990635574
seed123_G0-local_step16000 47 6 7 0.06195891398238018
seed123_G0-local_step16000 47 6 8 0.05991722998442128
seed123_G0-local_step16000 47 6 9 0.058939806011039764
seed123_G0-local_step16000 47 7 0 0.059337959974072874
seed123_G0-local_step16000 47 7 1 0.0606031350325793
seed123_G0-local_step16000 47 7 2 0.059641431958880275
seed123_G0-local_step16000 47 7 3 0.06055881001520902
seed123_G0-local_step16000 47 7 4 0.05951882497174665
seed123_G0-local_step16000 47 7 5 0.05927042901748791
seed123_G0-local_step16000 47 7 6 0.05841800500638783
seed123_G0-local_step16000 47 7 7 0.05936566204763949
seed123_G0-local_step16000 47 7 8 0.06520422600442544
seed123_G0-local_step16000 47 7 9 0.06145266396924853
seed123_G0-local_step16000 47 8 0 0.0638886239612475
seed123_G0-local_step16000 47 8 1 0.059558141976594925
seed123_G0-local_step16000 47 8 2 0.058397255023010075
seed123_G0-local_step16000 47 8 3 0.06181792402639985
seed123_G0-local_step16000 47 8 4 0.05939161102287471
seed123_G0-local_step16000 47 8 5 0.06047866598237306
seed123_G0-local_step16000 47 8 6 0.062953140004538
seed123_G0-local_step16000 47 8 7 0.061342241999227554
seed123_G0-local_step16000 47 8 8 0.05903292400762439
seed123_G0-local_step16000 47 8 9 0.0597162339836359
seed123_G0-local_step16000 47 9 0 0.060641777992714196
seed123_G0-local_step16000 47 9 1 0.06040902202948928
seed123_G0-local_step16000 47 9 2 0.060999935027211905
seed123_G0-local_step16000 47 9 3 0.06131246400764212
seed123_G0-local_step16000 47 9 4 0.06141751602990553
seed123_G0-local_step16000 47 9 5 0.061547474993858486
seed123_G0-local_step16000 47 9 6 0.061265503987669945
seed123_G0-local_step16000 47 9 7 0.05971144500654191
seed123_G0-local_step16000 47 9 8 0.06211707700276747
seed123_G0-local_step16000 47 9 9 0.060770965996198356
seed123_G0-local_step16000 51 0 0 0.024954214983154088
seed123_G0-local_step16000 51 0 1 0.02224038098938763
seed123_G0-local_step16000 51 0 2 0.022370259976014495
seed123_G0-local_step16000 51 0 3 0.022571204986888915
seed123_G0-local_step16000 51 0 4 0.022711373982019722
seed123_G0-local_step16000 51 0 5 0.022726433002389967
seed123_G0-local_step16000 51 0 6 0.022738386993296444
seed123_G0-local_step16000 51 0 7 0.02271779696457088
seed123_G0-local_step16000 51 0 8 0.02270948002114892
seed123_G0-local_step16000 51 0 9 0.023669641988817602
seed123_G0-local_step16000 51 1 0 0.023868953983765095
seed123_G0-local_step16000 51 1 1 0.025976784992963076
seed123_G0-local_step16000 51 1 2 0.023852001002524048
seed123_G0-local_step16000 51 1 3 0.02455894701415673
seed123_G0-local_step16000 51 1 4 0.023397519951686263
seed123_G0-local_step16000 51 1 5 0.023208988015539944
seed123_G0-local_step16000 51 1 6 0.0227738440153189
seed123_G0-local_step16000 51 1 7 0.022886810009367764
seed123_G0-local_step16000 51 1 8 0.022986100986599922
seed123_G0-local_step16000 51 1 9 0.02626026899088174
seed123_G0-local_step16000 51 2 0 0.02594048500759527
seed123_G0-local_step16000 51 2 1 0.026217516977339983
seed123_G0-local_step16000 51 2 2 0.02545912202913314
seed123_G0-local_step16000 51 2 3 0.024154400976840407
seed123_G0-local_step16000 51 2 4 0.02315309102414176
seed123_G0-local_step16000 51 2 5 0.024674157961271703
seed123_G0-local_step16000 51 2 6 0.023541044967714697
seed123_G0-local_step16000 51 2 7 0.022904334007762372
seed123_G0-local_step16000 51 2 8 0.02319410996278748
seed123_G0-local_step16000 51 2 9 0.023225799959618598
seed123_G0-local_step16000 51 3 0 0.0233007839997299
seed123_G0-local_step16000 51 3 1 0.022121734044048935
seed123_G0-local_step16000 51 3 2 0.022673541971016675
seed123_G0-local_step16000 51 3 3 0.022880478005390614
seed123_G0-local_step16000 51 3 4 0.02333337697200477
seed123_G0-local_step16000 51 3 5 0.023584017995744944
seed123_G0-local_step16000 51 3 6 0.022651870036497712
seed123_G0-local_step16000 51 3 7 0.023170473985373974
seed123_G0-local_step16000 51 3 8 0.02325574797578156
seed123_G0-local_step16000 51 3 9 0.02241276198765263
seed123_G0-local_step16000 51 4 0 0.022697626962326467
seed123_G0-local_step16000 51 4 1 0.02221210702555254
seed123_G0-local_step16000 51 4 2 0.022080263996031135
seed123_G0-local_step16000 51 4 3 0.022408102988265455
seed123_G0-local_step16000 51 4 4 0.022122415015473962
seed123_G0-local_step16000 51 4 5 0.02202419698005542
seed123_G0-local_step16000 51 4 6 0.02175427903421223
seed123_G0-local_step16000 51 4 7 0.021999208023771644
seed123_G0-local_step16000 51 4 8 0.022440123953856528
seed123_G0-local_step16000 51 4 9 0.02256756799761206
seed123_G0-local_step16000 51 5 0 0.021712719986680895
seed123_G0-local_step16000 51 5 1 0.02262249297928065
seed123_G0-local_step16000 51 5 2 0.022342937998473644
seed123_G0-local_step16000 51 5 3 0.02248909801710397
seed123_G0-local_step16000 51 5 4 0.02259529201546684
seed123_G0-local_step16000 51 5 5 0.02234852802939713
seed123_G0-local_step16000 51 5 6 0.022588970023207366
seed123_G0-local_step16000 51 5 7 0.02218883199384436
seed123_G0-local_step16000 51 5 8 0.024320418946444988
seed123_G0-local_step16000 51 5 9 0.02318857901263982
seed123_G0-local_step16000 51 6 0 0.022858225042000413
seed123_G0-local_step16000 51 6 1 0.02247702598106116
seed123_G0-local_step16000 51 6 2 0.022160036023706198
seed123_G0-local_step16000 51 6 3 0.022054936038330197
seed123_G0-local_step16000 51 6 4 0.02306739700725302
seed123_G0-local_step16000 51 6 5 0.022338007984217256
seed123_G0-local_step16000 51 6 6 0.022105012030806392
seed123_G0-local_step16000 51 6 7 0.022377062996383756
seed123_G0-local_step16000 51 6 8 0.022011842986103147
seed123_G0-local_step16000 51 6 9 0.02196355996420607
seed123_G0-local_step16000 51 7 0 0.022266359999775887
seed123_G0-local_step16000 51 7 1 0.022079813003074378
seed123_G0-local_step16000 51 7 2 0.022261161007918417
seed123_G0-local_step16000 51 7 3 0.022170206997543573
seed123_G0-local_step16000 51 7 4 0.021244121016934514
seed123_G0-local_step16000 51 7 5 0.02180650900118053
seed123_G0-local_step16000 51 7 6 0.022099089983385056
seed123_G0-local_step16000 51 7 7 0.023585290007758886
seed123_G0-local_step16000 51 7 8 0.026395597029477358
seed123_G0-local_step16000 51 7 9 0.023707073007244617
seed123_G0-local_step16000 51 8 0 0.024237290024757385
seed123_G0-local_step16000 51 8 1 0.022884204983711243
seed123_G0-local_step16000 51 8 2 0.021998146024998277
seed123_G0-local_step16000 51 8 3 0.02154475700808689
seed123_G0-local_step16000 51 8 4 0.02173270797356963
seed123_G0-local_step16000 51 8 5 0.02134325198130682
seed123_G0-local_step16000 51 8 6 0.022227426001336426
seed123_G0-local_step16000 51 8 7 0.02222050301497802
seed123_G0-local_step16000 51 8 8 0.022379266971256584
seed123_G0-local_step16000 51 8 9 0.022479548992123455
seed123_G0-local_step16000 51 9 0 0.022377413988579065
seed123_G0-local_step16000 51 9 1 0.02270048198988661
seed123_G0-local_step16000 51 9 2 0.02217638900037855
seed123_G0-local_step16000 51 9 3 0.02303505502641201
seed123_G0-local_step16000 51 9 4 0.02258804702432826
seed123_G0-local_step16000 51 9 5 0.022345452045556158
seed123_G0-local_step16000 51 9 6 0.022649585036560893
seed123_G0-local_step16000 51 9 7 0.022555355040822178
seed123_G0-local_step16000 51 9 8 0.022858215030282736
seed123_G0-local_step16000 51 9 9 0.023554460029117763
seed123_G0-local_step16000 52 0 0 0.773775081965141
seed123_G0-local_step16000 52 0 1 0.7874044959899038
seed123_G0-local_step16000 52 0 2 0.7922580059967004
seed123_G0-local_step16000 52 0 3 0.7936730920337141
seed123_G0-local_step16000 52 0 4 0.786308606970124
seed123_G0-local_step16000 52 0 5 0.7903204599861056
seed123_G0-local_step16000 52 0 6 0.7834747400484048
seed123_G0-local_step16000 52 0 7 0.7754623629734851
seed123_G0-local_step16000 52 0 8 0.802341628994327
seed123_G0-local_step16000 52 0 9 0.7822950099944137
seed123_G0-local_step16000 52 1 0 0.8153399159782566
seed123_G0-local_step16000 52 1 1 0.8010097849764861
seed123_G0-local_step16000 52 1 2 0.80247168202186
seed123_G0-local_step16000 52 1 3 0.7925688500399701
seed123_G0-local_step16000 52 1 4 0.804642551986035
seed123_G0-local_step16000 52 1 5 0.8040837210137397
seed123_G0-local_step16000 52 1 6 0.8058076719753444
seed123_G0-local_step16000 52 1 7 0.7811317479936406
seed123_G0-local_step16000 52 1 8 0.812267372966744
seed123_G0-local_step16000 52 1 9 0.7927023880183697
seed123_G0-local_step16000 52 2 0 0.7911302460124716
seed123_G0-local_step16000 52 2 1 0.8067011410021223
seed123_G0-local_step16000 52 2 2 0.789148835989181
seed123_G0-local_step16000 52 2 3 0.804072348983027
seed123_G0-local_step16000 52 2 4 0.7995462749968283
seed123_G0-local_step16000 52 2 5 0.8179799069766887
seed123_G0-local_step16000 52 2 6 0.8146909649949521
seed123_G0-local_step16000 52 2 7 0.7804565799888223
seed123_G0-local_step16000 52 2 8 0.8049645380233414
seed123_G0-local_step16000 52 2 9 0.7899660679977387
seed123_G0-local_step16000 52 3 0 0.7951570910518058
seed123_G0-local_step16000 52 3 1 0.7996548179653473
seed123_G0-local_step16000 52 3 2 0.795740217959974
seed123_G0-local_step16000 52 3 3 0.8068104240228422
seed123_G0-local_step16000 52 3 4 0.799881995015312
seed123_G0-local_step16000 52 3 5 0.7833893619826995
seed123_G0-local_step16000 52 3 6 0.798292102990672
seed123_G0-local_step16000 52 3 7 0.798642149020452
seed123_G0-local_step16000 52 3 8 0.8038864069967531
seed123_G0-local_step16000 52 3 9 0.8208681640098803
seed123_G0-local_step16000 52 4 0 0.8037161959800869
seed123_G0-local_step16000 52 4 1 0.8030939980526455
seed123_G0-local_step16000 52 4 2 0.7797645310056396
seed123_G0-local_step16000 52 4 3 0.7934663799824193
seed123_G0-local_step16000 52 4 4 0.7866458899807185
seed123_G0-local_step16000 52 4 5 0.7959419130347669
seed123_G0-local_step16000 52 4 6 0.8125098359887488
seed123_G0-local_step16000 52 4 7 0.8033079300075769
seed123_G0-local_step16000 52 4 8 0.8035763390362263
seed123_G0-local_step16000 52 4 9 0.8013977269874886
seed123_G0-local_step16000 52 5 0 0.8052488819812424
seed123_G0-local_step16000 52 5 1 0.8411239529959857
seed123_G0-local_step16000 52 5 2 0.7928957099793479
seed123_G0-local_step16000 52 5 3 0.8169756620191038
seed123_G0-local_step16000 52 5 4 0.8378083090065047
seed123_G0-local_step16000 52 5 5 0.8304001599899493
seed123_G0-local_step16000 52 5 6 0.8007346510421485
seed123_G0-local_step16000 52 5 7 0.7999104459886439
seed123_G0-local_step16000 52 5 8 0.8171668950235471
seed123_G0-local_step16000 52 5 9 0.8008205979713239
seed123_G0-local_step16000 52 6 0 0.806450642994605
seed123_G0-local_step16000 52 6 1 0.8270440089982003
seed123_G0-local_step16000 52 6 2 0.8130015869974159
seed123_G0-local_step16000 52 6 3 0.7908662739791907
seed123_G0-local_step16000 52 6 4 0.814377311966382
seed123_G0-local_step16000 52 6 5 0.7934048969764262
seed123_G0-local_step16000 52 6 6 0.7940148990019225
seed123_G0-local_step16000 52 6 7 0.8091960920137353
seed123_G0-local_step16000 52 6 8 0.8238110690144822
seed123_G0-local_step16000 52 6 9 0.8073321270057932
seed123_G0-local_step16000 52 7 0 0.8193306790199131
seed123_G0-local_step16000 52 7 1 0.8103451689821668
seed123_G0-local_step16000 52 7 2 0.8001994469668716
seed123_G0-local_step16000 52 7 3 0.8029918739921413
seed123_G0-local_step16000 52 7 4 0.8249232629896142
seed123_G0-local_step16000 52 7 5 0.8246125010191463
seed123_G0-local_step16000 52 7 6 0.8036693540052511
seed123_G0-local_step16000 52 7 7 0.8026926060556434
seed123_G0-local_step16000 52 7 8 0.8175309600192122
seed123_G0-local_step16000 52 7 9 0.8057334810146131
seed123_G0-local_step16000 52 8 0 0.8024014999973588
seed123_G0-local_step16000 52 8 1 0.8375064169522375
seed123_G0-local_step16000 52 8 2 0.8282971880398691
seed123_G0-local_step16000 52 8 3 0.8168393229716457
seed123_G0-local_step16000 52 8 4 0.8097795660141855
seed123_G0-local_step16000 52 8 5 0.8163984559942037
seed123_G0-local_step16000 52 8 6 0.7949243630282581
seed123_G0-local_step16000 52 8 7 0.8071713790413924
seed123_G0-local_step16000 52 8 8 0.8167400719830766
seed123_G0-local_step16000 52 8 9 0.8133722210186534
seed123_G0-local_step16000 52 9 0 0.8020635530119762
seed123_G0-local_step16000 52 9 1 0.8020806800341234
seed123_G0-local_step16000 52 9 2 0.8398897550068796
seed123_G0-local_step16000 52 9 3 0.8049720679991879
seed123_G0-local_step16000 52 9 4 0.8145601390278898
seed123_G0-local_step16000 52 9 5 0.8089042229694314
seed123_G0-local_step16000 52 9 6 0.8280827640555799
seed123_G0-local_step16000 52 9 7 0.8217482970212586
seed123_G0-local_step16000 52 9 8 0.8151233540265821
seed123_G0-local_step16000 52 9 9 0.8054633749998175
seed123_G0-local_step16000 56 0 0 0.020652279956266284
seed123_G0-local_step16000 56 0 1 0.018701831984799355
seed123_G0-local_step16000 56 0 2 0.019010712974704802
seed123_G0-local_step16000 56 0 3 0.01831370801664889
seed123_G0-local_step16000 56 0 4 0.018197285011410713
seed123_G0-local_step16000 56 0 5 0.01855520100798458
seed123_G0-local_step16000 56 0 6 0.0174768139841035
seed123_G0-local_step16000 56 0 7 0.01789184001972899
seed123_G0-local_step16000 56 0 8 0.017434904992114753
seed123_G0-local_step16000 56 0 9 0.018235337978694588
seed123_G0-local_step16000 56 1 0 0.01873853203142062
seed123_G0-local_step16000 56 1 1 0.017882112006191164
seed123_G0-local_step16000 56 1 2 0.017897930985782295
seed123_G0-local_step16000 56 1 3 0.017556626989971846
seed123_G0-local_step16000 56 1 4 0.01749294501496479
seed123_G0-local_step16000 56 1 5 0.01750579895451665
seed123_G0-local_step16000 56 1 6 0.017511039972305298
seed123_G0-local_step16000 56 1 7 0.01750330498907715
seed123_G0-local_step16000 56 1 8 0.017229260003659874
seed123_G0-local_step16000 56 1 9 0.017494147003162652
seed123_G0-local_step16000 56 2 0 0.01748857699567452
seed123_G0-local_step16000 56 2 1 0.017571225005667657
seed123_G0-local_step16000 56 2 2 0.01719697698717937
seed123_G0-local_step16000 56 2 3 0.017127142986282706
seed123_G0-local_step16000 56 2 4 0.01755000394769013
seed123_G0-local_step16000 56 2 5 0.01750536897452548
seed123_G0-local_step16000 56 2 6 0.017324602988082916
seed123_G0-local_step16000 56 2 7 0.017549033043906093
seed123_G0-local_step16000 56 2 8 0.01752338296500966
seed123_G0-local_step16000 56 2 9 0.0175139750353992
seed123_G0-local_step16000 56 3 0 0.017532451020088047
seed123_G0-local_step16000 56 3 1 0.017483947973232716
seed123_G0-local_step16000 56 3 2 0.01766755897551775
seed123_G0-local_step16000 56 3 3 0.01995675702346489
seed123_G0-local_step16000 56 3 4 0.018552004999946803
seed123_G0-local_step16000 56 3 5 0.01754310098476708
seed123_G0-local_step16000 56 3 6 0.0192459539975971
seed123_G0-local_step16000 56 3 7 0.01863677700748667
seed123_G0-local_step16000 56 3 8 0.01853826903970912
seed123_G0-local_step16000 56 3 9 0.01861063699470833
seed123_G0-local_step16000 56 4 0 0.018004524987190962
seed123_G0-local_step16000 56 4 1 0.01720802899217233
seed123_G0-local_step16000 56 4 2 0.01732936198823154
seed123_G0-local_step16000 56 4 3 0.01727190101519227
seed123_G0-local_step16000 56 4 4 0.01722553197760135
seed123_G0-local_step16000 56 4 5 0.017498074972536415
seed123_G0-local_step16000 56 4 6 0.017567567992955446
seed123_G0-local_step16000 56 4 7 0.017878953949548304
seed123_G0-local_step16000 56 4 8 0.017487935023382306
seed123_G0-local_step16000 56 4 9 0.017490360012743622
seed123_G0-local_step16000 56 5 0 0.017505477997474372
seed123_G0-local_step16000 56 5 1 0.017432590015232563
seed123_G0-local_step16000 56 5 2 0.017946183041203767
seed123_G0-local_step16000 56 5 3 0.017785185016691685
seed123_G0-local_step16000 56 5 4 0.01749789499444887
seed123_G0-local_step16000 56 5 5 0.01741736999247223
seed123_G0-local_step16000 56 5 6 0.017401939956471324
seed123_G0-local_step16000 56 5 7 0.017604288994334638
seed123_G0-local_step16000 56 5 8 0.01751035900088027
seed123_G0-local_step16000 56 5 9 0.017450143001042306
seed123_G0-local_step16000 56 6 0 0.01751088898163289
seed123_G0-local_step16000 56 6 1 0.017468789010308683
seed123_G0-local_step16000 56 6 2 0.01743840001290664
seed123_G0-local_step16000 56 6 3 0.01741146796848625
seed123_G0-local_step16000 56 6 4 0.017596925026737154
seed123_G0-local_step16000 56 6 5 0.01747392804827541
seed123_G0-local_step16000 56 6 6 0.017485140007920563
seed123_G0-local_step16000 56 6 7 0.017847344977781177
seed123_G0-local_step16000 56 6 8 0.017948728054761887
seed123_G0-local_step16000 56 6 9 0.01921952300472185
seed123_G0-local_step16000 56 7 0 0.017988003965001553
seed123_G0-local_step16000 56 7 1 0.017643233004491776
seed123_G0-local_step16000 56 7 2 0.017240351007785648
seed123_G0-local_step16000 56 7 3 0.01812255202094093
seed123_G0-local_step16000 56 7 4 0.018792665970977396
seed123_G0-local_step16000 56 7 5 0.017304172972217202
seed123_G0-local_step16000 56 7 6 0.017217175976838917
seed123_G0-local_step16000 56 7 7 0.017390327993780375
seed123_G0-local_step16000 56 7 8 0.017254768987186253
seed123_G0-local_step16000 56 7 9 0.01746100396849215
seed123_G0-local_step16000 56 8 0 0.017770627979189157
seed123_G0-local_step16000 56 8 1 0.017197227978613228
seed123_G0-local_step16000 56 8 2 0.017680272983852774
seed123_G0-local_step16000 56 8 3 0.01725544995861128
seed123_G0-local_step16000 56 8 4 0.017223978007677943
seed123_G0-local_step16000 56 8 5 0.017284715024288744
seed123_G0-local_step16000 56 8 6 0.017262373003177345
seed123_G0-local_step16000 56 8 7 0.017238186032045633
seed123_G0-local_step16000 56 8 8 0.017225221963599324
seed123_G0-local_step16000 56 8 9 0.01723271602531895
seed123_G0-local_step16000 56 9 0 0.01728083798661828
seed123_G0-local_step16000 56 9 1 0.017255940998438746
seed123_G0-local_step16000 56 9 2 0.017204721982125193
seed123_G0-local_step16000 56 9 3 0.01685198600171134
seed123_G0-local_step16000 56 9 4 0.017233567021321505
seed123_G0-local_step16000 56 9 5 0.017132114036940038
seed123_G0-local_step16000 56 9 6 0.01728306303266436
seed123_G0-local_step16000 56 9 7 0.01772773399716243
seed123_G0-local_step16000 56 9 8 0.01725464902119711
seed123_G0-local_step16000 56 9 9 0.01831755501916632
seed123_G0-local_step16000 62 0 0 0.2836685529910028
seed123_G0-local_step16000 62 0 1 0.28441727795870975
seed123_G0-local_step16000 62 0 2 0.28915215900633484
seed123_G0-local_step16000 62 0 3 0.2811259480076842
seed123_G0-local_step16000 62 0 4 0.2850734020466916
seed123_G0-local_step16000 62 0 5 0.29089964705053717
seed123_G0-local_step16000 62 0 6 0.28799438901478425
seed123_G0-local_step16000 62 0 7 0.2800300149829127
seed123_G0-local_step16000 62 0 8 0.2790356989717111
seed123_G0-local_step16000 62 0 9 0.2841482840012759
seed123_G0-local_step16000 62 1 0 0.2855584470089525
seed123_G0-local_step16000 62 1 1 0.2795789769734256
seed123_G0-local_step16000 62 1 2 0.2830558209680021
seed123_G0-local_step16000 62 1 3 0.2832979730446823
seed123_G0-local_step16000 62 1 4 0.2862628750153817
seed123_G0-local_step16000 62 1 5 0.28683563199592754
seed123_G0-local_step16000 62 1 6 0.29093545698560774
seed123_G0-local_step16000 62 1 7 0.2936676330282353
seed123_G0-local_step16000 62 1 8 0.2867374810157344
seed123_G0-local_step16000 62 1 9 0.28565036796499044
seed123_G0-local_step16000 62 2 0 0.2858648669789545
seed123_G0-local_step16000 62 2 1 0.2925668910029344
seed123_G0-local_step16000 62 2 2 0.28847705299267545
seed123_G0-local_step16000 62 2 3 0.28551112598506734
seed123_G0-local_step16000 62 2 4 0.28714799298904836
seed123_G0-local_step16000 62 2 5 0.2811470730230212
seed123_G0-local_step16000 62 2 6 0.28367772203637287
seed123_G0-local_step16000 62 2 7 0.2851836059708148
seed123_G0-local_step16000 62 2 8 0.2853801729506813
seed123_G0-local_step16000 62 2 9 0.2828647629939951
seed123_G0-local_step16000 62 3 0 0.2854821660439484
seed123_G0-local_step16000 62 3 1 0.28071952797472477
seed123_G0-local_step16000 62 3 2 0.2825615089968778
seed123_G0-local_step16000 62 3 3 0.28121016797376797
seed123_G0-local_step16000 62 3 4 0.27496870601316914
seed123_G0-local_step16000 62 3 5 0.2817172490176745
seed123_G0-local_step16000 62 3 6 0.2791993930004537
seed123_G0-local_step16000 62 3 7 0.27439568599220365
seed123_G0-local_step16000 62 3 8 0.2783463359810412
seed123_G0-local_step16000 62 3 9 0.2754666580003686
seed123_G0-local_step16000 62 4 0 0.2902718089753762
seed123_G0-local_step16000 62 4 1 0.2897462800028734
seed123_G0-local_step16000 62 4 2 0.29372866201447323
seed123_G0-local_step16000 62 4 3 0.2802545399754308
seed123_G0-local_step16000 62 4 4 0.2851081400294788
seed123_G0-local_step16000 62 4 5 0.2842421899549663
seed123_G0-local_step16000 62 4 6 0.2870582360192202
seed123_G0-local_step16000 62 4 7 0.2808350800187327
seed123_G0-local_step16000 62 4 8 0.2810269260080531
seed123_G0-local_step16000 62 4 9 0.2776364180026576
seed123_G0-local_step16000 62 5 0 0.28967570001259446
seed123_G0-local_step16000 62 5 1 0.2851159499841742
seed123_G0-local_step16000 62 5 2 0.28277115599485114
seed123_G0-local_step16000 62 5 3 0.27840680204099044
seed123_G0-local_step16000 62 5 4 0.2829845850355923
seed123_G0-local_step16000 62 5 5 0.27790790400467813
seed123_G0-local_step16000 62 5 6 0.27693380700657144
seed123_G0-local_step16000 62 5 7 0.27820041397353634
seed123_G0-local_step16000 62 5 8 0.2847649719915353
seed123_G0-local_step16000 62 5 9 0.28330644697416574
seed123_G0-local_step16000 62 6 0 0.2799303969950415
seed123_G0-local_step16000 62 6 1 0.282294787990395
seed123_G0-local_step16000 62 6 2 0.2939117369824089
seed123_G0-local_step16000 62 6 3 0.29077202099142596
seed123_G0-local_step16000 62 6 4 0.28500508895376697
seed123_G0-local_step16000 62 6 5 0.28291947999969125
seed123_G0-local_step16000 62 6 6 0.28260270302416757
seed123_G0-local_step16000 62 6 7 0.2799880519742146
seed123_G0-local_step16000 62 6 8 0.2848216160200536
seed123_G0-local_step16000 62 6 9 0.2814869530266151
seed123_G0-local_step16000 62 7 0 0.2878248480265029
seed123_G0-local_step16000 62 7 1 0.28419164498336613
seed123_G0-local_step16000 62 7 2 0.28459686104906723
seed123_G0-local_step16000 62 7 3 0.28436003503156826
seed123_G0-local_step16000 62 7 4 0.2822026719804853
seed123_G0-local_step16000 62 7 5 0.28094897902337834
seed123_G0-local_step16000 62 7 6 0.2820193180232309
seed123_G0-local_step16000 62 7 7 0.281978900951799
seed123_G0-local_step16000 62 7 8 0.2857537140371278
seed123_G0-local_step16000 62 7 9 0.2909328870009631
seed123_G0-local_step16000 62 8 0 0.28016642603324726
seed123_G0-local_step16000 62 8 1 0.28428034798707813
seed123_G0-local_step16000 62 8 2 0.2818532279925421
seed123_G0-local_step16000 62 8 3 0.2774469609721564
seed123_G0-local_step16000 62 8 4 0.27948224102146924
seed123_G0-local_step16000 62 8 5 0.27608058298937976
seed123_G0-local_step16000 62 8 6 0.30738943797769025
seed123_G0-local_step16000 62 8 7 0.28543227101908997
seed123_G0-local_step16000 62 8 8 0.28465564298676327
seed123_G0-local_step16000 62 8 9 0.28578201099298894
seed123_G0-local_step16000 62 9 0 0.28638188797049224
seed123_G0-local_step16000 62 9 1 0.29096550203394145
seed123_G0-local_step16000 62 9 2 0.28362922300584614
seed123_G0-local_step16000 62 9 3 0.27713260299060494
seed123_G0-local_step16000 62 9 4 0.2790684320498258
seed123_G0-local_step16000 62 9 5 0.2866927220020443
seed123_G0-local_step16000 62 9 6 0.2867923119920306
seed123_G0-local_step16000 62 9 7 0.2858792500337586
seed123_G0-local_step16000 62 9 8 0.29071514698443934
seed123_G0-local_step16000 62 9 9 0.28727897198405117
seed123_G0-local_step16000 64 0 0 0.1738388550002128
seed123_G0-local_step16000 64 0 1 0.1674571050098166
seed123_G0-local_step16000 64 0 2 0.17121127899736166
seed123_G0-local_step16000 64 0 3 0.17009664297802374
seed123_G0-local_step16000 64 0 4 0.16939488897332922
seed123_G0-local_step16000 64 0 5 0.17724628298310563
seed123_G0-local_step16000 64 0 6 0.17387006396893412
seed123_G0-local_step16000 64 0 7 0.17724877694854513
seed123_G0-local_step16000 64 0 8 0.1723403410287574
seed123_G0-local_step16000 64 0 9 0.16955756896641105
seed123_G0-local_step16000 64 1 0 0.17196330800652504
seed123_G0-local_step16000 64 1 1 0.16471429797820747
seed123_G0-local_step16000 64 1 2 0.16516864695586264
seed123_G0-local_step16000 64 1 3 0.16861140303080902
seed123_G0-local_step16000 64 1 4 0.17157935100840405
seed123_G0-local_step16000 64 1 5 0.16819457500241697
seed123_G0-local_step16000 64 1 6 0.16479203500784934
seed123_G0-local_step16000 64 1 7 0.1642267020069994
seed123_G0-local_step16000 64 1 8 0.16806645900942385
seed123_G0-local_step16000 64 1 9 0.17110800702357665
seed123_G0-local_step16000 64 2 0 0.17484459601109847
seed123_G0-local_step16000 64 2 1 0.16877889301395044
seed123_G0-local_step16000 64 2 2 0.1654886279720813
seed123_G0-local_step16000 64 2 3 0.16961522604105994
seed123_G0-local_step16000 64 2 4 0.16755565803032368
seed123_G0-local_step16000 64 2 5 0.1736341849900782
seed123_G0-local_step16000 64 2 6 0.1700799050158821
seed123_G0-local_step16000 64 2 7 0.16788516897941008
seed123_G0-local_step16000 64 2 8 0.16384024900617078
seed123_G0-local_step16000 64 2 9 0.17162391397869214
seed123_G0-local_step16000 64 3 0 0.1664453389821574
seed123_G0-local_step16000 64 3 1 0.1701061240164563
seed123_G0-local_step16000 64 3 2 0.17066330200759694
seed123_G0-local_step16000 64 3 3 0.16943471698323265
seed123_G0-local_step16000 64 3 4 0.16883343498921022
seed123_G0-local_step16000 64 3 5 0.17495442501967773
seed123_G0-local_step16000 64 3 6 0.16689161298563704
seed123_G0-local_step16000 64 3 7 0.16992927400860935
seed123_G0-local_step16000 64 3 8 0.17714585200883448
seed123_G0-local_step16000 64 3 9 0.16662907000863925
seed123_G0-local_step16000 64 4 0 0.17390219698427245
seed123_G0-local_step16000 64 4 1 0.18002154200803488
seed123_G0-local_step16000 64 4 2 0.16867719299625605
seed123_G0-local_step16000 64 4 3 0.16572250000899658
seed123_G0-local_step16000 64 4 4 0.16832233301829547
seed123_G0-local_step16000 64 4 5 0.16622398199979216
seed123_G0-local_step16000 64 4 6 0.17069311597151682
seed123_G0-local_step16000 64 4 7 0.16968290996737778
seed123_G0-local_step16000 64 4 8 0.16966870101168752
seed123_G0-local_step16000 64 4 9 0.16792934795375913
seed123_G0-local_step16000 64 5 0 0.17181416298262775
seed123_G0-local_step16000 64 5 1 0.170294469979126
seed123_G0-local_step16000 64 5 2 0.16842889599502087
seed123_G0-local_step16000 64 5 3 0.1705617520492524
seed123_G0-local_step16000 64 5 4 0.16990667599020526
seed123_G0-local_step16000 64 5 5 0.17425392603036016
seed123_G0-local_step16000 64 5 6 0.1737012270023115
seed123_G0-local_step16000 64 5 7 0.1769172889762558
seed123_G0-local_step16000 64 5 8 0.16869561601197347
seed123_G0-local_step16000 64 5 9 0.1711685030022636
seed123_G0-local_step16000 64 6 0 0.168819481972605
seed123_G0-local_step16000 64 6 1 0.16759770002681762
seed123_G0-local_step16000 64 6 2 0.17525648599257693
seed123_G0-local_step16000 64 6 3 0.16745948599418625
seed123_G0-local_step16000 64 6 4 0.17049225699156523
seed123_G0-local_step16000 64 6 5 0.17617365199839696
seed123_G0-local_step16000 64 6 6 0.16740359703544527
seed123_G0-local_step16000 64 6 7 0.1733126799808815
seed123_G0-local_step16000 64 6 8 0.1695904569933191
seed123_G0-local_step16000 64 6 9 0.17274826898938045
seed123_G0-local_step16000 64 7 0 0.17466437997063622
seed123_G0-local_step16000 64 7 1 0.17085311497794464
seed123_G0-local_step16000 64 7 2 0.17235511203762144
seed123_G0-local_step16000 64 7 3 0.1705918440129608
seed123_G0-local_step16000 64 7 4 0.17025490896776319
seed123_G0-local_step16000 64 7 5 0.16844422899885103
seed123_G0-local_step16000 64 7 6 0.16989891696721315
seed123_G0-local_step16000 64 7 7 0.17169355403166264
seed123_G0-local_step16000 64 7 8 0.16885119798826054
seed123_G0-local_step16000 64 7 9 0.1684049729956314
seed123_G0-local_step16000 64 8 0 0.1700683810049668
seed123_G0-local_step16000 64 8 1 0.1678373949835077
seed123_G0-local_step16000 64 8 2 0.1699670659727417
seed123_G0-local_step16000 64 8 3 0.1684526430326514
seed123_G0-local_step16000 64 8 4 0.17668087902711704
seed123_G0-local_step16000 64 8 5 0.1692616119980812
seed123_G0-local_step16000 64 8 6 0.16971493198070675
seed123_G0-local_step16000 64 8 7 0.16454371303552762
seed123_G0-local_step16000 64 8 8 0.16384078504052013
seed123_G0-local_step16000 64 8 9 0.16769396699965
seed123_G0-local_step16000 64 9 0 0.16428560699569061
seed123_G0-local_step16000 64 9 1 0.1699947360320948
seed123_G0-local_step16000 64 9 2 0.17811714997515082
seed123_G0-local_step16000 64 9 3 0.17533015902154148
seed123_G0-local_step16000 64 9 4 0.1720524089760147
seed123_G0-local_step16000 64 9 5 0.17092803301056847
seed123_G0-local_step16000 64 9 6 0.17219235602533445
seed123_G0-local_step16000 64 9 7 0.17429849196923897
seed123_G0-local_step16000 64 9 8 0.17137900699162856
seed123_G0-local_step16000 64 9 9 0.16673485800856724
seed123_G0-local_step16000 69 0 0 0.5004785479977727
seed123_G0-local_step16000 69 0 1 0.5081618489930406
seed123_G0-local_step16000 69 0 2 0.5129008950316347
seed123_G0-local_step16000 69 0 3 0.5090972569887526
seed123_G0-local_step16000 69 0 4 0.5128424190334044
seed123_G0-local_step16000 69 0 5 0.5111054700100794
seed123_G0-local_step16000 69 0 6 0.5085795869817957
seed123_G0-local_step16000 69 0 7 0.5018506940104999
seed123_G0-local_step16000 69 0 8 0.5090841300552711
seed123_G0-local_step16000 69 0 9 0.503905626013875
seed123_G0-local_step16000 69 1 0 0.5171681750216521
seed123_G0-local_step16000 69 1 1 0.5041473560268059
seed123_G0-local_step16000 69 1 2 0.5087713420507498
seed123_G0-local_step16000 69 1 3 0.5074613710166886
seed123_G0-local_step16000 69 1 4 0.5172319380217232
seed123_G0-local_step16000 69 1 5 0.5054472080082633
seed123_G0-local_step16000 69 1 6 0.49508888804120943
seed123_G0-local_step16000 69 1 7 0.4984752460150048
seed123_G0-local_step16000 69 1 8 0.502986747014802
seed123_G0-local_step16000 69 1 9 0.4997761230333708
seed123_G0-local_step16000 69 2 0 0.5019380640005693
seed123_G0-local_step16000 69 2 1 0.5020946420263499
seed123_G0-local_step16000 69 2 2 0.5033500749850646
seed123_G0-local_step16000 69 2 3 0.5388600699952804
seed123_G0-local_step16000 69 2 4 0.5037211409653537
seed123_G0-local_step16000 69 2 5 0.5080558650079183
seed123_G0-local_step16000 69 2 6 0.494632082991302
seed123_G0-local_step16000 69 2 7 0.5009651549626142
seed123_G0-local_step16000 69 2 8 0.5079729299759492
seed123_G0-local_step16000 69 2 9 0.4935944600147195
seed123_G0-local_step16000 69 3 0 0.4933825710322708
seed123_G0-local_step16000 69 3 1 0.49820108199492097
seed123_G0-local_step16000 69 3 2 0.4992383659700863
seed123_G0-local_step16000 69 3 3 0.4983216190012172
seed123_G0-local_step16000 69 3 4 0.5209406330250204
seed123_G0-local_step16000 69 3 5 0.49741543002892286
seed123_G0-local_step16000 69 3 6 0.4968547520111315
seed123_G0-local_step16000 69 3 7 0.4901784589746967
seed123_G0-local_step16000 69 3 8 0.5006073679542169
seed123_G0-local_step16000 69 3 9 0.49807560502085835
seed123_G0-local_step16000 69 4 0 0.5173081620014273
seed123_G0-local_step16000 69 4 1 0.5017846280243248
seed123_G0-local_step16000 69 4 2 0.5033173119882122
seed123_G0-local_step16000 69 4 3 0.4922077960218303
seed123_G0-local_step16000 69 4 4 0.511410073027946
seed123_G0-local_step16000 69 4 5 0.5064321940299124
seed123_G0-local_step16000 69 4 6 0.4969242559745908
seed123_G0-local_step16000 69 4 7 0.5013429700047709
seed123_G0-local_step16000 69 4 8 0.4950773140299134
seed123_G0-local_step16000 69 4 9 0.49486761004664004
seed123_G0-local_step16000 69 5 0 0.5056808849913068
seed123_G0-local_step16000 69 5 1 0.49696802999824286
seed123_G0-local_step16000 69 5 2 0.513638035976328
seed123_G0-local_step16000 69 5 3 0.498915788019076
seed123_G0-local_step16000 69 5 4 0.5087979289819486
seed123_G0-local_step16000 69 5 5 0.49737505201483145
seed123_G0-local_step16000 69 5 6 0.49690123298205435
seed123_G0-local_step16000 69 5 7 0.5100250139948912
seed123_G0-local_step16000 69 5 8 0.5049627529806457
seed123_G0-local_step16000 69 5 9 0.5075851049623452
seed123_G0-local_step16000 69 6 0 0.49656953901285306
seed123_G0-local_step16000 69 6 1 0.5088144259643741
seed123_G0-local_step16000 69 6 2 0.49472788703860715
seed123_G0-local_step16000 69 6 3 0.49879118998069316
seed123_G0-local_step16000 69 6 4 0.5048555170069449
seed123_G0-local_step16000 69 6 5 0.49542219197610393
seed123_G0-local_step16000 69 6 6 0.49079593596979976
seed123_G0-local_step16000 69 6 7 0.4965689650271088
seed123_G0-local_step16000 69 6 8 0.5114906200324185
seed123_G0-local_step16000 69 6 9 0.5088162850006483
seed123_G0-local_step16000 69 7 0 0.5043267320143059
seed123_G0-local_step16000 69 7 1 0.5062813950353302
seed123_G0-local_step16000 69 7 2 0.5036769129801542
seed123_G0-local_step16000 69 7 3 0.49284096196061
seed123_G0-local_step16000 69 7 4 0.49638490000506863
seed123_G0-local_step16000 69 7 5 0.5011836300254799
seed123_G0-local_step16000 69 7 6 0.4994370730128139
seed123_G0-local_step16000 69 7 7 0.4996581330196932
seed123_G0-local_step16000 69 7 8 0.5052453969838098
seed123_G0-local_step16000 69 7 9 0.5153333909693174
seed123_G0-local_step16000 69 8 0 0.5129354349919595
seed123_G0-local_step16000 69 8 1 0.5214200270129368
seed123_G0-local_step16000 69 8 2 0.49768151802709326
seed123_G0-local_step16000 69 8 3 0.5011676350259222
seed123_G0-local_step16000 69 8 4 0.49660608399426565
seed123_G0-local_step16000 69 8 5 0.4960094779962674
seed123_G0-local_step16000 69 8 6 0.5145557170035318
seed123_G0-local_step16000 69 8 7 0.4924236460356042
seed123_G0-local_step16000 69 8 8 0.523444912978448
seed123_G0-local_step16000 69 8 9 0.49352975003421307
seed123_G0-local_step16000 69 9 0 0.507513147953432
seed123_G0-local_step16000 69 9 1 0.5004257370019332
seed123_G0-local_step16000 69 9 2 0.5085595289710909
seed123_G0-local_step16000 69 9 3 0.5073670819983818
seed123_G0-local_step16000 69 9 4 0.5005899079842493
seed123_G0-local_step16000 69 9 5 0.4847657300415449
seed123_G0-local_step16000 69 9 6 0.5013706089812331
seed123_G0-local_step16000 69 9 7 0.5193219259963371
seed123_G0-local_step16000 69 9 8 0.5237298790016212
seed123_G0-local_step16000 69 9 9 0.5156300489907153
seed123_G0-local_step16000 74 0 0 0.7209869169746526
seed123_G0-local_step16000 74 0 1 0.7026957030175254
seed123_G0-local_step16000 74 0 2 0.719869930006098
seed123_G0-local_step16000 74 0 3 0.71599320898531
seed123_G0-local_step16000 74 0 4 0.7061691179987974
seed123_G0-local_step16000 74 0 5 0.7072366480133496
seed123_G0-local_step16000 74 0 6 0.6883049070020206
seed123_G0-local_step16000 74 0 7 0.6985218159970827
seed123_G0-local_step16000 74 0 8 0.695745843986515
seed123_G0-local_step16000 74 0 9 0.7157148250262253
seed123_G0-local_step16000 74 1 0 0.6810420819674619
seed123_G0-local_step16000 74 1 1 0.7051147620077245
seed123_G0-local_step16000 74 1 2 0.7005032629822381
seed123_G0-local_step16000 74 1 3 0.6946949739940464
seed123_G0-local_step16000 74 1 4 0.7004446950159036
seed123_G0-local_step16000 74 1 5 0.6982727599679492
seed123_G0-local_step16000 74 1 6 0.7083565530483611
seed123_G0-local_step16000 74 1 7 0.7011465590330772
seed123_G0-local_step16000 74 1 8 0.70864954800345
seed123_G0-local_step16000 74 1 9 0.7043585139908828
seed123_G0-local_step16000 74 2 0 0.7098135799751617
seed123_G0-local_step16000 74 2 1 0.6937399170128629
seed123_G0-local_step16000 74 2 2 0.7043672899599187
seed123_G0-local_step16000 74 2 3 0.7022241500089876
seed123_G0-local_step16000 74 2 4 0.6975585810141638
seed123_G0-local_step16000 74 2 5 0.7155988840386271
seed123_G0-local_step16000 74 2 6 0.709065355011262
seed123_G0-local_step16000 74 2 7 0.7197740460396744
seed123_G0-local_step16000 74 2 8 0.7139774370007217
seed123_G0-local_step16000 74 2 9 0.6991537490393966
seed123_G0-local_step16000 74 3 0 0.6938972060452215
seed123_G0-local_step16000 74 3 1 0.6955099529586732
seed123_G0-local_step16000 74 3 2 0.6832656539627351
seed123_G0-local_step16000 74 3 3 0.7082174170063809
seed123_G0-local_step16000 74 3 4 0.6924383480218239
seed123_G0-local_step16000 74 3 5 0.7137256599962711
seed123_G0-local_step16000 74 3 6 0.6978051909827627
seed123_G0-local_step16000 74 3 7 0.6842365080374293
seed123_G0-local_step16000 74 3 8 0.7302272680099122
seed123_G0-local_step16000 74 3 9 0.6878218670026399
seed123_G0-local_step16000 74 4 0 0.6925916209584102
seed123_G0-local_step16000 74 4 1 0.690525350975804
seed123_G0-local_step16000 74 4 2 0.6857636240310967
seed123_G0-local_step16000 74 4 3 0.7043295539915562
seed123_G0-local_step16000 74 4 4 0.7012878360110335
seed123_G0-local_step16000 74 4 5 0.6967865589540452
seed123_G0-local_step16000 74 4 6 0.6948302880045958
seed123_G0-local_step16000 74 4 7 0.6860381449805573
seed123_G0-local_step16000 74 4 8 0.7018758879858069
seed123_G0-local_step16000 74 4 9 0.706965813995339
seed123_G0-local_step16000 74 5 0 0.708939852018375
seed123_G0-local_step16000 74 5 1 0.7069846530212089
seed123_G0-local_step16000 74 5 2 0.6851663790293969
seed123_G0-local_step16000 74 5 3 0.6991893949452788
seed123_G0-local_step16000 74 5 4 0.7121734119718894
seed123_G0-local_step16000 74 5 5 0.695607065979857
seed123_G0-local_step16000 74 5 6 0.7011108449660242
seed123_G0-local_step16000 74 5 7 0.6919315799605101
seed123_G0-local_step16000 74 5 8 0.7057117419899441
seed123_G0-local_step16000 74 5 9 0.6900422729668207
seed123_G0-local_step16000 74 6 0 0.7005599969998002
seed123_G0-local_step16000 74 6 1 0.6966413980117068
seed123_G0-local_step16000 74 6 2 0.7079419289948419
seed123_G0-local_step16000 74 6 3 0.7138370979810134
seed123_G0-local_step16000 74 6 4 0.7122193460236304
seed123_G0-local_step16000 74 6 5 0.7044075189623982
seed123_G0-local_step16000 74 6 6 0.6978902529808693
seed123_G0-local_step16000 74 6 7 0.7000296679907478
seed123_G0-local_step16000 74 6 8 0.6900505609810352
seed123_G0-local_step16000 74 6 9 0.7082359379855916
seed123_G0-local_step16000 74 7 0 0.6908437340171076
seed123_G0-local_step16000 74 7 1 0.7002932799514383
seed123_G0-local_step16000 74 7 2 0.690189222979825
seed123_G0-local_step16000 74 7 3 0.6989687960012816
seed123_G0-local_step16000 74 7 4 0.6894107270054519
seed123_G0-local_step16000 74 7 5 0.682077436009422
seed123_G0-local_step16000 74 7 6 0.6867768450174481
seed123_G0-local_step16000 74 7 7 0.694963130983524
seed123_G0-local_step16000 74 7 8 0.6903041840414517
seed123_G0-local_step16000 74 7 9 0.6876578929950483
seed123_G0-local_step16000 74 8 0 0.685237504018005
seed123_G0-local_step16000 74 8 1 0.6903116090106778
seed123_G0-local_step16000 74 8 2 0.7119170769583434
seed123_G0-local_step16000 74 8 3 0.6992046469822526
seed123_G0-local_step16000 74 8 4 0.7023040489875712
seed123_G0-local_step16000 74 8 5 0.7173805900383741
seed123_G0-local_step16000 74 8 6 0.68407117202878
seed123_G0-local_step16000 74 8 7 0.6998083600192331
seed123_G0-local_step16000 74 8 8 0.6938461650279351
seed123_G0-local_step16000 74 8 9 0.6878322649863549
seed123_G0-local_step16000 74 9 0 0.6843110889894888
seed123_G0-local_step16000 74 9 1 0.7067187710199505
seed123_G0-local_step16000 74 9 2 0.6899745489936322
seed123_G0-local_step16000 74 9 3 0.684407653985545
seed123_G0-local_step16000 74 9 4 0.7204027200350538
seed123_G0-local_step16000 74 9 5 0.6737827379838564
seed123_G0-local_step16000 74 9 6 0.6868111080257222
seed123_G0-local_step16000 74 9 7 0.6974119080114178
seed123_G0-local_step16000 74 9 8 0.7068075579591095
seed123_G0-local_step16000 74 9 9 0.7189200050197542
seed123_G0-local_step16000 78 0 0 1.1384175030398183
seed123_G0-local_step16000 78 0 1 1.1478424259694293
seed123_G0-local_step16000 78 0 2 1.1721274179872125
seed123_G0-local_step16000 78 0 3 1.1327448450028896
seed123_G0-local_step16000 78 0 4 1.151787786046043
seed123_G0-local_step16000 78 0 5 1.1364118909696117
seed123_G0-local_step16000 78 0 6 1.1160005110432394
seed123_G0-local_step16000 78 0 7 1.1317331129685044
seed123_G0-local_step16000 78 0 8 1.1215106790186837
seed123_G0-local_step16000 78 0 9 1.1452262990060262
seed123_G0-local_step16000 78 1 0 1.1382545999949798
seed123_G0-local_step16000 78 1 1 1.1230137519887649
seed123_G0-local_step16000 78 1 2 1.134476347011514
seed123_G0-local_step16000 78 1 3 1.1171746749896556
seed123_G0-local_step16000 78 1 4 1.1264413530007005
seed123_G0-local_step16000 78 1 5 1.1020104680210352
seed123_G0-local_step16000 78 1 6 1.1299489249940962
seed123_G0-local_step16000 78 1 7 1.168182538007386
seed123_G0-local_step16000 78 1 8 1.1522015749942511
seed123_G0-local_step16000 78 1 9 1.2131016540224664
seed123_G0-local_step16000 78 2 0 1.1306238049874082
seed123_G0-local_step16000 78 2 1 1.140368689026218
seed123_G0-local_step16000 78 2 2 1.1507342610275373
seed123_G0-local_step16000 78 2 3 1.1379556820029393
seed123_G0-local_step16000 78 2 4 1.1451535890228115
seed123_G0-local_step16000 78 2 5 1.1350343109807
seed123_G0-local_step16000 78 2 6 1.1523831469821744
seed123_G0-local_step16000 78 2 7 1.1399213139666244
seed123_G0-local_step16000 78 2 8 1.1495289239683188
seed123_G0-local_step16000 78 2 9 1.1612278409884311
seed123_G0-local_step16000 78 3 0 1.1696313649881631
seed123_G0-local_step16000 78 3 1 1.145790142007172
seed123_G0-local_step16000 78 3 2 1.1173846380552277
seed123_G0-local_step16000 78 3 3 1.12331193103455
seed123_G0-local_step16000 78 3 4 1.1638908299501054
seed123_G0-local_step16000 78 3 5 1.15222236700356
seed123_G0-local_step16000 78 3 6 1.1357007120386697
seed123_G0-local_step16000 78 3 7 1.1496427020174451
seed123_G0-local_step16000 78 3 8 1.1457129800110124
seed123_G0-local_step16000 78 3 9 1.1443048740038648
seed123_G0-local_step16000 78 4 0 1.1213363749557175
seed123_G0-local_step16000 78 4 1 1.1456060410127975
seed123_G0-local_step16000 78 4 2 1.1426260469597764
seed123_G0-local_step16000 78 4 3 1.1327817589626648
seed123_G0-local_step16000 78 4 4 1.131951752002351
seed123_G0-local_step16000 78 4 5 1.1564764759968966
seed123_G0-local_step16000 78 4 6 1.133424155996181
seed123_G0-local_step16000 78 4 7 1.140845077985432
seed123_G0-local_step16000 78 4 8 1.2290897479979321
seed123_G0-local_step16000 78 4 9 1.139699388993904
seed123_G0-local_step16000 78 5 0 1.1287737099919468
seed123_G0-local_step16000 78 5 1 1.1271755740162916
seed123_G0-local_step16000 78 5 2 1.1624510730034672
seed123_G0-local_step16000 78 5 3 1.153740805981215
seed123_G0-local_step16000 78 5 4 1.1386636280221865
seed123_G0-local_step16000 78 5 5 1.1000734189874493
seed123_G0-local_step16000 78 5 6 1.131217646994628
seed123_G0-local_step16000 78 5 7 1.1399552200455219
seed123_G0-local_step16000 78 5 8 1.149938018003013
seed123_G0-local_step16000 78 5 9 1.1414150510099716
seed123_G0-local_step16000 78 6 0 1.1365916979848407
seed123_G0-local_step16000 78 6 1 1.1612847020151094
seed123_G0-local_step16000 78 6 2 1.1553610019618645
seed123_G0-local_step16000 78 6 3 1.1410307050100528
seed123_G0-local_step16000 78 6 4 1.137719187012408
seed123_G0-local_step16000 78 6 5 1.159308870031964
seed123_G0-local_step16000 78 6 6 1.1582585099968128
seed123_G0-local_step16000 78 6 7 1.1402529260376468
seed123_G0-local_step16000 78 6 8 1.1542281390284188
seed123_G0-local_step16000 78 6 9 1.139317721943371
seed123_G0-local_step16000 78 7 0 1.1453942490043119
seed123_G0-local_step16000 78 7 1 1.1629139080177993
seed123_G0-local_step16000 78 7 2 1.1494160360307433
seed123_G0-local_step16000 78 7 3 1.1502469289698638
seed123_G0-local_step16000 78 7 4 1.1206319180200808
seed123_G0-local_step16000 78 7 5 1.1416144659742713
seed123_G0-local_step16000 78 7 6 1.1975534849916585
seed123_G0-local_step16000 78 7 7 1.1720792530104518
seed123_G0-local_step16000 78 7 8 1.1511751299840398
seed123_G0-local_step16000 78 7 9 1.1470130740199238
seed123_G0-local_step16000 78 8 0 1.1476079459534958
seed123_G0-local_step16000 78 8 1 1.1727554880199023
seed123_G0-local_step16000 78 8 2 1.1542828720412217
seed123_G0-local_step16000 78 8 3 1.1780799480038695
seed123_G0-local_step16000 78 8 4 1.1428644449915737
seed123_G0-local_step16000 78 8 5 1.1369357880321331
seed123_G0-local_step16000 78 8 6 1.1117704779608175
seed123_G0-local_step16000 78 8 7 1.1522419580142014
seed123_G0-local_step16000 78 8 8 1.1545658020186238
seed123_G0-local_step16000 78 8 9 1.1565559649607167
seed123_G0-local_step16000 78 9 0 1.1359935280052014
seed123_G0-local_step16000 78 9 1 1.140832577017136
seed123_G0-local_step16000 78 9 2 1.1581168820266612
seed123_G0-local_step16000 78 9 3 1.1581015560077503
seed123_G0-local_step16000 78 9 4 1.167929845978506
seed123_G0-local_step16000 78 9 5 1.1500137170078233
seed123_G0-local_step16000 78 9 6 1.1661260080290958
seed123_G0-local_step16000 78 9 7 1.1864044460235164
seed123_G0-local_step16000 78 9 8 1.1577761980006471
seed123_G0-local_step16000 78 9 9 1.1351465149782598
{'model': 'seed123_G0-local_step16000', 'completed_pairs': 2000, 'requested_pairs': 2000, 'completed': True, 'complete_source_count': 20, 'FRD': 139.1408843633149, 'new_pairs': 2000, 'wall_seconds': 461.3002790299943}
