seed123_G1-shared_step16000 0 0 0 0.827093058032915
seed123_G1-shared_step16000 0 0 1 0.08714686002349481
seed123_G1-shared_step16000 0 0 2 0.09996812598546967
seed123_G1-shared_step16000 0 0 3 0.10307251400081441
seed123_G1-shared_step16000 0 0 4 0.09487061499385163
seed123_G1-shared_step16000 0 0 5 0.0909344149986282
seed123_G1-shared_step16000 0 0 6 0.09008606197312474
seed123_G1-shared_step16000 0 0 7 0.08976988703943789
seed123_G1-shared_step16000 0 0 8 0.08673133497359231
seed123_G1-shared_step16000 0 0 9 0.08892139402450994
seed123_G1-shared_step16000 0 1 0 0.09049486397998407
seed123_G1-shared_step16000 0 1 1 0.0916999289765954
seed123_G1-shared_step16000 0 1 2 0.0874628439778462
seed123_G1-shared_step16000 0 1 3 0.08683840103913099
seed123_G1-shared_step16000 0 1 4 0.0892884359927848
seed123_G1-shared_step16000 0 1 5 0.09011810302035883
seed123_G1-shared_step16000 0 1 6 0.09137252398068085
seed123_G1-shared_step16000 0 1 7 0.08800378901651129
seed123_G1-shared_step16000 0 1 8 0.08373026497429237
seed123_G1-shared_step16000 0 1 9 0.08388939901487902
seed123_G1-shared_step16000 0 2 0 0.08449626999208704
seed123_G1-shared_step16000 0 2 1 0.09355020802468061
seed123_G1-shared_step16000 0 2 2 0.086688312003389
seed123_G1-shared_step16000 0 2 3 0.0902233449742198
seed123_G1-shared_step16000 0 2 4 0.08704274997580796
seed123_G1-shared_step16000 0 2 5 0.08852001698687673
seed123_G1-shared_step16000 0 2 6 0.08902175596449524
seed123_G1-shared_step16000 0 2 7 0.09066884603817016
seed123_G1-shared_step16000 0 2 8 0.09286929597146809
seed123_G1-shared_step16000 0 2 9 0.09063885896466672
seed123_G1-shared_step16000 0 3 0 0.08896425599232316
seed123_G1-shared_step16000 0 3 1 0.0861425080220215
seed123_G1-shared_step16000 0 3 2 0.08745684300083667
seed123_G1-shared_step16000 0 3 3 0.09087421896401793
seed123_G1-shared_step16000 0 3 4 0.096374079992529
seed123_G1-shared_step16000 0 3 5 0.08785852999426425
seed123_G1-shared_step16000 0 3 6 0.08784883201587945
seed123_G1-shared_step16000 0 3 7 0.08614241797477007
seed123_G1-shared_step16000 0 3 8 0.08640604204265401
seed123_G1-shared_step16000 0 3 9 0.08469575096387416
seed123_G1-shared_step16000 0 4 0 0.09670875000301749
seed123_G1-shared_step16000 0 4 1 0.08603340899571776
seed123_G1-shared_step16000 0 4 2 0.08519150002393872
seed123_G1-shared_step16000 0 4 3 0.08584914699895307
seed123_G1-shared_step16000 0 4 4 0.08544950297800824
seed123_G1-shared_step16000 0 4 5 0.09617928799707443
seed123_G1-shared_step16000 0 4 6 0.09130444203037769
seed123_G1-shared_step16000 0 4 7 0.08701212098821998
seed123_G1-shared_step16000 0 4 8 0.08648536400869489
seed123_G1-shared_step16000 0 4 9 0.09213179495418444
seed123_G1-shared_step16000 0 5 0 0.09196995501406491
seed123_G1-shared_step16000 0 5 1 0.09014006500365213
seed123_G1-shared_step16000 0 5 2 0.08619596099015325
seed123_G1-shared_step16000 0 5 3 0.09844808699563146
seed123_G1-shared_step16000 0 5 4 0.08950749499490485
seed123_G1-shared_step16000 0 5 5 0.0915760810021311
seed123_G1-shared_step16000 0 5 6 0.08926742599578574
seed123_G1-shared_step16000 0 5 7 0.08920987497549504
seed123_G1-shared_step16000 0 5 8 0.08684378996258602
seed123_G1-shared_step16000 0 5 9 0.08694958203705028
seed123_G1-shared_step16000 0 6 0 0.09512858797097579
seed123_G1-shared_step16000 0 6 1 0.08927257498726249
seed123_G1-shared_step16000 0 6 2 0.08714261202840135
seed123_G1-shared_step16000 0 6 3 0.08677623001858592
seed123_G1-shared_step16000 0 6 4 0.08860365604050457
seed123_G1-shared_step16000 0 6 5 0.08922584599349648
seed123_G1-shared_step16000 0 6 6 0.09516196098411456
seed123_G1-shared_step16000 0 6 7 0.08815524796955287
seed123_G1-shared_step16000 0 6 8 0.08759990602266043
seed123_G1-shared_step16000 0 6 9 0.0891206240048632
seed123_G1-shared_step16000 0 7 0 0.08909572701668367
seed123_G1-shared_step16000 0 7 1 0.09887004405027255
seed123_G1-shared_step16000 0 7 2 0.09229247196344659
seed123_G1-shared_step16000 0 7 3 0.08899451396428049
seed123_G1-shared_step16000 0 7 4 0.08865021396195516
seed123_G1-shared_step16000 0 7 5 0.0887599450070411
seed123_G1-shared_step16000 0 7 6 0.09370342100737616
seed123_G1-shared_step16000 0 7 7 0.09252282202942297
seed123_G1-shared_step16000 0 7 8 0.09005752700613812
seed123_G1-shared_step16000 0 7 9 0.09268914099084213
seed123_G1-shared_step16000 0 8 0 0.0903655860456638
seed123_G1-shared_step16000 0 8 1 0.0937619119649753
seed123_G1-shared_step16000 0 8 2 0.09485775901703164
seed123_G1-shared_step16000 0 8 3 0.09190045204013586
seed123_G1-shared_step16000 0 8 4 0.09415761899435893
seed123_G1-shared_step16000 0 8 5 0.08955164899816737
seed123_G1-shared_step16000 0 8 6 0.08912673604208976
seed123_G1-shared_step16000 0 8 7 0.08958757697837427
seed123_G1-shared_step16000 0 8 8 0.09047626802930608
seed123_G1-shared_step16000 0 8 9 0.09112301503773779
seed123_G1-shared_step16000 0 9 0 0.0898084290092811
seed123_G1-shared_step16000 0 9 1 0.08872545801568776
seed123_G1-shared_step16000 0 9 2 0.08783387299627066
seed123_G1-shared_step16000 0 9 3 0.0927611580118537
seed123_G1-shared_step16000 0 9 4 0.0898354520322755
seed123_G1-shared_step16000 0 9 5 0.09262603998649865
seed123_G1-shared_step16000 0 9 6 0.09172614803537726
seed123_G1-shared_step16000 0 9 7 0.09078456700081006
seed123_G1-shared_step16000 0 9 8 0.09758576698368415
seed123_G1-shared_step16000 0 9 9 0.09629905497422442
seed123_G1-shared_step16000 6 0 0 0.14776508195791394
seed123_G1-shared_step16000 6 0 1 0.1484936760389246
seed123_G1-shared_step16000 6 0 2 0.14328192704124376
seed123_G1-shared_step16000 6 0 3 0.14386245695641264
seed123_G1-shared_step16000 6 0 4 0.14223821001360193
seed123_G1-shared_step16000 6 0 5 0.14468369696987793
seed123_G1-shared_step16000 6 0 6 0.14479010098148137
seed123_G1-shared_step16000 6 0 7 0.14106243004789576
seed123_G1-shared_step16000 6 0 8 0.14061381295323372
seed123_G1-shared_step16000 6 0 9 0.14432971103815362
seed123_G1-shared_step16000 6 1 0 0.1396528139594011
seed123_G1-shared_step16000 6 1 1 0.14032185403630137
seed123_G1-shared_step16000 6 1 2 0.147681942966301
seed123_G1-shared_step16000 6 1 3 0.1415119000012055
seed123_G1-shared_step16000 6 1 4 0.1413332590018399
seed123_G1-shared_step16000 6 1 5 0.1411047520232387
seed123_G1-shared_step16000 6 1 6 0.13993410201510414
seed123_G1-shared_step16000 6 1 7 0.1392013700096868
seed123_G1-shared_step16000 6 1 8 0.13882739504333586
seed123_G1-shared_step16000 6 1 9 0.1385767050087452
seed123_G1-shared_step16000 6 2 0 0.13997342699440196
seed123_G1-shared_step16000 6 2 1 0.14195508701959625
seed123_G1-shared_step16000 6 2 2 0.13996028201654553
seed123_G1-shared_step16000 6 2 3 0.1410462090279907
seed123_G1-shared_step16000 6 2 4 0.1444752889801748
seed123_G1-shared_step16000 6 2 5 0.13843311101663858
seed123_G1-shared_step16000 6 2 6 0.14710290398215875
seed123_G1-shared_step16000 6 2 7 0.14188844000454992
seed123_G1-shared_step16000 6 2 8 0.14546953997341916
seed123_G1-shared_step16000 6 2 9 0.1431963219656609
seed123_G1-shared_step16000 6 3 0 0.13788988097803667
seed123_G1-shared_step16000 6 3 1 0.14163865201408044
seed123_G1-shared_step16000 6 3 2 0.14160191197879612
seed123_G1-shared_step16000 6 3 3 0.1429150630137883
seed123_G1-shared_step16000 6 3 4 0.14083839097293094
seed123_G1-shared_step16000 6 3 5 0.14431851799599826
seed123_G1-shared_step16000 6 3 6 0.1468888339586556
seed123_G1-shared_step16000 6 3 7 0.13980052602710202
seed123_G1-shared_step16000 6 3 8 0.13839621999068186
seed123_G1-shared_step16000 6 3 9 0.14554977300576866
seed123_G1-shared_step16000 6 4 0 0.14402154897106811
seed123_G1-shared_step16000 6 4 1 0.14332936599384993
seed123_G1-shared_step16000 6 4 2 0.14756910596042871
seed123_G1-shared_step16000 6 4 3 0.1543605769984424
seed123_G1-shared_step16000 6 4 4 0.13834182498976588
seed123_G1-shared_step16000 6 4 5 0.14026960299815983
seed123_G1-shared_step16000 6 4 6 0.1407322579761967
seed123_G1-shared_step16000 6 4 7 0.142850709031336
seed123_G1-shared_step16000 6 4 8 0.1454912310000509
seed123_G1-shared_step16000 6 4 9 0.14812974800588563
seed123_G1-shared_step16000 6 5 0 0.1422632170142606
seed123_G1-shared_step16000 6 5 1 0.1531590080121532
seed123_G1-shared_step16000 6 5 2 0.14422859501792118
seed123_G1-shared_step16000 6 5 3 0.14131817797897384
seed123_G1-shared_step16000 6 5 4 0.14176917099393904
seed123_G1-shared_step16000 6 5 5 0.14794571499805897
seed123_G1-shared_step16000 6 5 6 0.1482461099512875
seed123_G1-shared_step16000 6 5 7 0.14214449899736792
seed123_G1-shared_step16000 6 5 8 0.13933503499720246
seed123_G1-shared_step16000 6 5 9 0.145227856002748
seed123_G1-shared_step16000 6 6 0 0.146086719003506
seed123_G1-shared_step16000 6 6 1 0.14585443498799577
seed123_G1-shared_step16000 6 6 2 0.14720022899564356
seed123_G1-shared_step16000 6 6 3 0.1409479400026612
seed123_G1-shared_step16000 6 6 4 0.1402496930095367
seed123_G1-shared_step16000 6 6 5 0.14335037500131875
seed123_G1-shared_step16000 6 6 6 0.14326252904720604
seed123_G1-shared_step16000 6 6 7 0.14241274201776832
seed123_G1-shared_step16000 6 6 8 0.14145175297744572
seed123_G1-shared_step16000 6 6 9 0.14744382502976805
seed123_G1-shared_step16000 6 7 0 0.14296014903811738
seed123_G1-shared_step16000 6 7 1 0.14336934103630483
seed123_G1-shared_step16000 6 7 2 0.1442029859754257
seed123_G1-shared_step16000 6 7 3 0.14127245999407023
seed123_G1-shared_step16000 6 7 4 0.14297232101671398
seed123_G1-shared_step16000 6 7 5 0.14472518500406295
seed123_G1-shared_step16000 6 7 6 0.15096027101390064
seed123_G1-shared_step16000 6 7 7 0.14147988602053374
seed123_G1-shared_step16000 6 7 8 0.14201428898377344
seed123_G1-shared_step16000 6 7 9 0.1503461969550699
seed123_G1-shared_step16000 6 8 0 0.14070635702228174
seed123_G1-shared_step16000 6 8 1 0.14123852498596534
seed123_G1-shared_step16000 6 8 2 0.1440315279760398
seed123_G1-shared_step16000 6 8 3 0.1440091140102595
seed123_G1-shared_step16000 6 8 4 0.14149904396617785
seed123_G1-shared_step16000 6 8 5 0.14140919095370919
seed123_G1-shared_step16000 6 8 6 0.14219911204418167
seed123_G1-shared_step16000 6 8 7 0.13819700700696558
seed123_G1-shared_step16000 6 8 8 0.13677458598976955
seed123_G1-shared_step16000 6 8 9 0.13995222497032955
seed123_G1-shared_step16000 6 9 0 0.14736744802212343
seed123_G1-shared_step16000 6 9 1 0.1415198830072768
seed123_G1-shared_step16000 6 9 2 0.13823099195724353
seed123_G1-shared_step16000 6 9 3 0.14516481495229527
seed123_G1-shared_step16000 6 9 4 0.1435883889789693
seed123_G1-shared_step16000 6 9 5 0.1382870189845562
seed123_G1-shared_step16000 6 9 6 0.14165668503846973
seed123_G1-shared_step16000 6 9 7 0.1506367109832354
seed123_G1-shared_step16000 6 9 8 0.14307407499291003
seed123_G1-shared_step16000 6 9 9 0.14031850500032306
seed123_G1-shared_step16000 9 0 0 0.05085725098615512
seed123_G1-shared_step16000 9 0 1 0.04210884601343423
seed123_G1-shared_step16000 9 0 2 0.040936334000434726
seed123_G1-shared_step16000 9 0 3 0.04055329103721306
seed123_G1-shared_step16000 9 0 4 0.0400090700131841
seed123_G1-shared_step16000 9 0 5 0.041060602001380175
seed123_G1-shared_step16000 9 0 6 0.04113458300707862
seed123_G1-shared_step16000 9 0 7 0.04043545597232878
seed123_G1-shared_step16000 9 0 8 0.04086952598299831
seed123_G1-shared_step16000 9 0 9 0.040513685962650925
seed123_G1-shared_step16000 9 1 0 0.041206060035619885
seed123_G1-shared_step16000 9 1 1 0.04038051998941228
seed123_G1-shared_step16000 9 1 2 0.041736354993190616
seed123_G1-shared_step16000 9 1 3 0.04216408199863508
seed123_G1-shared_step16000 9 1 4 0.041280581965111196
seed123_G1-shared_step16000 9 1 5 0.041338632989209145
seed123_G1-shared_step16000 9 1 6 0.042734583956189454
seed123_G1-shared_step16000 9 1 7 0.04267812502803281
seed123_G1-shared_step16000 9 1 8 0.04177051899023354
seed123_G1-shared_step16000 9 1 9 0.04098222200991586
seed123_G1-shared_step16000 9 2 0 0.04090116696897894
seed123_G1-shared_step16000 9 2 1 0.04064812196884304
seed123_G1-shared_step16000 9 2 2 0.04062470805365592
seed123_G1-shared_step16000 9 2 3 0.04244790499797091
seed123_G1-shared_step16000 9 2 4 0.042393631010781974
seed123_G1-shared_step16000 9 2 5 0.04160664603114128
seed123_G1-shared_step16000 9 2 6 0.04077885195147246
seed123_G1-shared_step16000 9 2 7 0.0397331120329909
seed123_G1-shared_step16000 9 2 8 0.04062506899936125
seed123_G1-shared_step16000 9 2 9 0.04243037203559652
seed123_G1-shared_step16000 9 3 0 0.04145993501879275
seed123_G1-shared_step16000 9 3 1 0.04133529699174687
seed123_G1-shared_step16000 9 3 2 0.041643375996500254
seed123_G1-shared_step16000 9 3 3 0.04150419996585697
seed123_G1-shared_step16000 9 3 4 0.04094117402564734
seed123_G1-shared_step16000 9 3 5 0.04236392502207309
seed123_G1-shared_step16000 9 3 6 0.04077984398463741
seed123_G1-shared_step16000 9 3 7 0.04181495402008295
seed123_G1-shared_step16000 9 3 8 0.041659526992589235
seed123_G1-shared_step16000 9 3 9 0.04132366401609033
seed123_G1-shared_step16000 9 4 0 0.0413748329738155
seed123_G1-shared_step16000 9 4 1 0.04113753902493045
seed123_G1-shared_step16000 9 4 2 0.04125560401007533
seed123_G1-shared_step16000 9 4 3 0.04137818003073335
seed123_G1-shared_step16000 9 4 4 0.0411617350182496
seed123_G1-shared_step16000 9 4 5 0.04090475296834484
seed123_G1-shared_step16000 9 4 6 0.04464521800400689
seed123_G1-shared_step16000 9 4 7 0.04307327198330313
seed123_G1-shared_step16000 9 4 8 0.04374954500235617
seed123_G1-shared_step16000 9 4 9 0.04385799297597259
seed123_G1-shared_step16000 9 5 0 0.04401435097679496
seed123_G1-shared_step16000 9 5 1 0.04293104005046189
seed123_G1-shared_step16000 9 5 2 0.041025434038601816
seed123_G1-shared_step16000 9 5 3 0.041587258980143815
seed123_G1-shared_step16000 9 5 4 0.04141932801576331
seed123_G1-shared_step16000 9 5 5 0.04119210399221629
seed123_G1-shared_step16000 9 5 6 0.042014295991975814
seed123_G1-shared_step16000 9 5 7 0.044661479012575
seed123_G1-shared_step16000 9 5 8 0.043483506015036255
seed123_G1-shared_step16000 9 5 9 0.0433363449992612
seed123_G1-shared_step16000 9 6 0 0.041492026997730136
seed123_G1-shared_step16000 9 6 1 0.04202734096907079
seed123_G1-shared_step16000 9 6 2 0.04160107497591525
seed123_G1-shared_step16000 9 6 3 0.04176057002041489
seed123_G1-shared_step16000 9 6 4 0.04128910799045116
seed123_G1-shared_step16000 9 6 5 0.04145057703135535
seed123_G1-shared_step16000 9 6 6 0.04127626499393955
seed123_G1-shared_step16000 9 6 7 0.041181923006661236
seed123_G1-shared_step16000 9 6 8 0.04455070703988895
seed123_G1-shared_step16000 9 6 9 0.042430642002727836
seed123_G1-shared_step16000 9 7 0 0.04387153801508248
seed123_G1-shared_step16000 9 7 1 0.04410491499584168
seed123_G1-shared_step16000 9 7 2 0.042798745969776064
seed123_G1-shared_step16000 9 7 3 0.042706339969299734
seed123_G1-shared_step16000 9 7 4 0.041996120009571314
seed123_G1-shared_step16000 9 7 5 0.041352179017849267
seed123_G1-shared_step16000 9 7 6 0.042074311000760645
seed123_G1-shared_step16000 9 7 7 0.040517522022128105
seed123_G1-shared_step16000 9 7 8 0.04158523504156619
seed123_G1-shared_step16000 9 7 9 0.04056992300320417
seed123_G1-shared_step16000 9 8 0 0.041425758972764015
seed123_G1-shared_step16000 9 8 1 0.04528644500533119
seed123_G1-shared_step16000 9 8 2 0.04204250004841015
seed123_G1-shared_step16000 9 8 3 0.04183700698195025
seed123_G1-shared_step16000 9 8 4 0.04098916397197172
seed123_G1-shared_step16000 9 8 5 0.04055540502304211
seed123_G1-shared_step16000 9 8 6 0.041367858997546136
seed123_G1-shared_step16000 9 8 7 0.0409188800258562
seed123_G1-shared_step16000 9 8 8 0.04109902400523424
seed123_G1-shared_step16000 9 8 9 0.04134882299695164
seed123_G1-shared_step16000 9 9 0 0.042655983997974545
seed123_G1-shared_step16000 9 9 1 0.041087943012826145
seed123_G1-shared_step16000 9 9 2 0.044661458989139646
seed123_G1-shared_step16000 9 9 3 0.043926743033807725
seed123_G1-shared_step16000 9 9 4 0.041807170026004314
seed123_G1-shared_step16000 9 9 5 0.04202957497909665
seed123_G1-shared_step16000 9 9 6 0.042534751002676785
seed123_G1-shared_step16000 9 9 7 0.040392553026322275
seed123_G1-shared_step16000 9 9 8 0.040274768020026386
seed123_G1-shared_step16000 9 9 9 0.0400212740059942
seed123_G1-shared_step16000 12 0 0 0.4393798219971359
seed123_G1-shared_step16000 12 0 1 0.4303359519690275
seed123_G1-shared_step16000 12 0 2 0.44515409698942676
seed123_G1-shared_step16000 12 0 3 0.4381322339759208
seed123_G1-shared_step16000 12 0 4 0.43906799401156604
seed123_G1-shared_step16000 12 0 5 0.43409913999494165
seed123_G1-shared_step16000 12 0 6 0.43679978500586003
seed123_G1-shared_step16000 12 0 7 0.45903518702834845
seed123_G1-shared_step16000 12 0 8 0.4513936300063506
seed123_G1-shared_step16000 12 0 9 0.4475075950031169
seed123_G1-shared_step16000 12 1 0 0.4292535989661701
seed123_G1-shared_step16000 12 1 1 0.43374613201012835
seed123_G1-shared_step16000 12 1 2 0.4349722880288027
seed123_G1-shared_step16000 12 1 3 0.43308589997468516
seed123_G1-shared_step16000 12 1 4 0.43901813600677997
seed123_G1-shared_step16000 12 1 5 0.4288187859929167
seed123_G1-shared_step16000 12 1 6 0.4420873150229454
seed123_G1-shared_step16000 12 1 7 0.44442274305038154
seed123_G1-shared_step16000 12 1 8 0.4352639940334484
seed123_G1-shared_step16000 12 1 9 0.43973370298044756
seed123_G1-shared_step16000 12 2 0 0.4318451029830612
seed123_G1-shared_step16000 12 2 1 0.42518045398173854
seed123_G1-shared_step16000 12 2 2 0.42693955899449065
seed123_G1-shared_step16000 12 2 3 0.41776384704280645
seed123_G1-shared_step16000 12 2 4 0.43042046698974445
seed123_G1-shared_step16000 12 2 5 0.44741605495801196
seed123_G1-shared_step16000 12 2 6 0.4378821690334007
seed123_G1-shared_step16000 12 2 7 0.4352121310075745
seed123_G1-shared_step16000 12 2 8 0.4327208159957081
seed123_G1-shared_step16000 12 2 9 0.42832761199679226
seed123_G1-shared_step16000 12 3 0 0.43526743596885353
seed123_G1-shared_step16000 12 3 1 0.4331134259700775
seed123_G1-shared_step16000 12 3 2 0.43500901997322217
seed123_G1-shared_step16000 12 3 3 0.43720496096648276
seed123_G1-shared_step16000 12 3 4 0.4342972890008241
seed123_G1-shared_step16000 12 3 5 0.44971639197319746
seed123_G1-shared_step16000 12 3 6 0.440311411046423
seed123_G1-shared_step16000 12 3 7 0.44734379299916327
seed123_G1-shared_step16000 12 3 8 0.43752766703255475
seed123_G1-shared_step16000 12 3 9 0.43118147703353316
seed123_G1-shared_step16000 12 4 0 0.4381516299908981
seed123_G1-shared_step16000 12 4 1 0.4464655009796843
seed123_G1-shared_step16000 12 4 2 0.4364256269764155
seed123_G1-shared_step16000 12 4 3 0.43176623503677547
seed123_G1-shared_step16000 12 4 4 0.43210614495910704
seed123_G1-shared_step16000 12 4 5 0.44041985599324107
seed123_G1-shared_step16000 12 4 6 0.4397900609765202
seed123_G1-shared_step16000 12 4 7 0.4373345050262287
seed123_G1-shared_step16000 12 4 8 0.4218980470323004
seed123_G1-shared_step16000 12 4 9 0.4405437230016105
seed123_G1-shared_step16000 12 5 0 0.43166333599947393
seed123_G1-shared_step16000 12 5 1 0.43246199301211163
seed123_G1-shared_step16000 12 5 2 0.4309316750150174
seed123_G1-shared_step16000 12 5 3 0.42683688196120784
seed123_G1-shared_step16000 12 5 4 0.4319667550153099
seed123_G1-shared_step16000 12 5 5 0.41795788798481226
seed123_G1-shared_step16000 12 5 6 0.4190525520243682
seed123_G1-shared_step16000 12 5 7 0.4293726719915867
seed123_G1-shared_step16000 12 5 8 0.44169441994745284
seed123_G1-shared_step16000 12 5 9 0.43934029701631516
seed123_G1-shared_step16000 12 6 0 0.44345695001538843
seed123_G1-shared_step16000 12 6 1 0.44153366202954203
seed123_G1-shared_step16000 12 6 2 0.4469010779866949
seed123_G1-shared_step16000 12 6 3 0.42764075595187023
seed123_G1-shared_step16000 12 6 4 0.43403086002217606
seed123_G1-shared_step16000 12 6 5 0.44178686500526965
seed123_G1-shared_step16000 12 6 6 0.4383462630212307
seed123_G1-shared_step16000 12 6 7 0.4342119849752635
seed123_G1-shared_step16000 12 6 8 0.4309517500223592
seed123_G1-shared_step16000 12 6 9 0.4340496439835988
seed123_G1-shared_step16000 12 7 0 0.4436755459755659
seed123_G1-shared_step16000 12 7 1 0.44207396102137864
seed123_G1-shared_step16000 12 7 2 0.43831743695773184
seed123_G1-shared_step16000 12 7 3 0.4353546089841984
seed123_G1-shared_step16000 12 7 4 0.4352375639718957
seed123_G1-shared_step16000 12 7 5 0.43214039102895185
seed123_G1-shared_step16000 12 7 6 0.44078716897638515
seed123_G1-shared_step16000 12 7 7 0.43225635099224746
seed123_G1-shared_step16000 12 7 8 0.43844137201085687
seed123_G1-shared_step16000 12 7 9 0.43121008900925517
seed123_G1-shared_step16000 12 8 0 0.4331037610536441
seed123_G1-shared_step16000 12 8 1 0.4519666009582579
seed123_G1-shared_step16000 12 8 2 0.433585321996361
seed123_G1-shared_step16000 12 8 3 0.4483975940383971
seed123_G1-shared_step16000 12 8 4 0.44328493397915736
seed123_G1-shared_step16000 12 8 5 0.4436910299700685
seed123_G1-shared_step16000 12 8 6 0.43136851099552587
seed123_G1-shared_step16000 12 8 7 0.44319565198384225
seed123_G1-shared_step16000 12 8 8 0.4438177620177157
seed123_G1-shared_step16000 12 8 9 0.43102400097995996
seed123_G1-shared_step16000 12 9 0 0.42687472398392856
seed123_G1-shared_step16000 12 9 1 0.418903796991799
seed123_G1-shared_step16000 12 9 2 0.43217876699054614
seed123_G1-shared_step16000 12 9 3 0.42951949196867645
seed123_G1-shared_step16000 12 9 4 0.44801959698088467
seed123_G1-shared_step16000 12 9 5 0.4439057090203278
seed123_G1-shared_step16000 12 9 6 0.4387896719854325
seed123_G1-shared_step16000 12 9 7 0.44101891602622345
seed123_G1-shared_step16000 12 9 8 0.4356822380213998
seed123_G1-shared_step16000 12 9 9 0.43025994597701356
seed123_G1-shared_step16000 18 0 0 0.11140312603674829
seed123_G1-shared_step16000 18 0 1 0.0994968920131214
seed123_G1-shared_step16000 18 0 2 0.10025728598702699
seed123_G1-shared_step16000 18 0 3 0.10397010698216036
seed123_G1-shared_step16000 18 0 4 0.10106330801500008
seed123_G1-shared_step16000 18 0 5 0.10158293100539595
seed123_G1-shared_step16000 18 0 6 0.1021123340469785
seed123_G1-shared_step16000 18 0 7 0.10577217501122504
seed123_G1-shared_step16000 18 0 8 0.1050096350372769
seed123_G1-shared_step16000 18 0 9 0.09921133500756696
seed123_G1-shared_step16000 18 1 0 0.09722138999495655
seed123_G1-shared_step16000 18 1 1 0.10204069700557739
seed123_G1-shared_step16000 18 1 2 0.10897736600600183
seed123_G1-shared_step16000 18 1 3 0.1021879079635255
seed123_G1-shared_step16000 18 1 4 0.10086419701110572
seed123_G1-shared_step16000 18 1 5 0.10341477597830817
seed123_G1-shared_step16000 18 1 6 0.10394489899044856
seed123_G1-shared_step16000 18 1 7 0.1062921789707616
seed123_G1-shared_step16000 18 1 8 0.10127023397944868
seed123_G1-shared_step16000 18 1 9 0.1022696559666656
seed123_G1-shared_step16000 18 2 0 0.10142903600353748
seed123_G1-shared_step16000 18 2 1 0.10237267299089581
seed123_G1-shared_step16000 18 2 2 0.10544945695437491
seed123_G1-shared_step16000 18 2 3 0.10410045698517933
seed123_G1-shared_step16000 18 2 4 0.10237685998436064
seed123_G1-shared_step16000 18 2 5 0.10058079398004338
seed123_G1-shared_step16000 18 2 6 0.1009399020113051
seed123_G1-shared_step16000 18 2 7 0.10673195996787399
seed123_G1-shared_step16000 18 2 8 0.1009737069834955
seed123_G1-shared_step16000 18 2 9 0.10123820201260969
seed123_G1-shared_step16000 18 3 0 0.10093763697659597
seed123_G1-shared_step16000 18 3 1 0.1140894929994829
seed123_G1-shared_step16000 18 3 2 0.09930333099327981
seed123_G1-shared_step16000 18 3 3 0.10166483803186566
seed123_G1-shared_step16000 18 3 4 0.1063000540016219
seed123_G1-shared_step16000 18 3 5 0.10381071304436773
seed123_G1-shared_step16000 18 3 6 0.10653125599492341
seed123_G1-shared_step16000 18 3 7 0.10170028504217044
seed123_G1-shared_step16000 18 3 8 0.10354977200040594
seed123_G1-shared_step16000 18 3 9 0.10007371404208243
seed123_G1-shared_step16000 18 4 0 0.10131154197733849
seed123_G1-shared_step16000 18 4 1 0.10151714604580775
seed123_G1-shared_step16000 18 4 2 0.09922502201516181
seed123_G1-shared_step16000 18 4 3 0.10171683697262779
seed123_G1-shared_step16000 18 4 4 0.09974308096570894
seed123_G1-shared_step16000 18 4 5 0.10397786204703152
seed123_G1-shared_step16000 18 4 6 0.10802894103107974
seed123_G1-shared_step16000 18 4 7 0.10153505904600024
seed123_G1-shared_step16000 18 4 8 0.10479792003752664
seed123_G1-shared_step16000 18 4 9 0.10592311195796356
seed123_G1-shared_step16000 18 5 0 0.10399560601217672
seed123_G1-shared_step16000 18 5 1 0.10246095998445526
seed123_G1-shared_step16000 18 5 2 0.10068003396736458
seed123_G1-shared_step16000 18 5 3 0.10585525300120935
seed123_G1-shared_step16000 18 5 4 0.10643310798332095
seed123_G1-shared_step16000 18 5 5 0.10779646597802639
seed123_G1-shared_step16000 18 5 6 0.10407726198900491
seed123_G1-shared_step16000 18 5 7 0.10383223305689171
seed123_G1-shared_step16000 18 5 8 0.10342443303670734
seed123_G1-shared_step16000 18 5 9 0.1051484810304828
seed123_G1-shared_step16000 18 6 0 0.1079708089819178
seed123_G1-shared_step16000 18 6 1 0.10626621800474823
seed123_G1-shared_step16000 18 6 2 0.10065625800052658
seed123_G1-shared_step16000 18 6 3 0.10933350498089567
seed123_G1-shared_step16000 18 6 4 0.10181357199326158
seed123_G1-shared_step16000 18 6 5 0.10062329500215128
seed123_G1-shared_step16000 18 6 6 0.10046676598722115
seed123_G1-shared_step16000 18 6 7 0.10058715695049614
seed123_G1-shared_step16000 18 6 8 0.10021634702570736
seed123_G1-shared_step16000 18 6 9 0.09925381501670927
seed123_G1-shared_step16000 18 7 0 0.10071799700381234
seed123_G1-shared_step16000 18 7 1 0.10102995199849829
seed123_G1-shared_step16000 18 7 2 0.1016491680056788
seed123_G1-shared_step16000 18 7 3 0.10597408900503069
seed123_G1-shared_step16000 18 7 4 0.10385852301260456
seed123_G1-shared_step16000 18 7 5 0.10317071800818667
seed123_G1-shared_step16000 18 7 6 0.10158032597973943
seed123_G1-shared_step16000 18 7 7 0.10258012800477445
seed123_G1-shared_step16000 18 7 8 0.10264718596590683
seed123_G1-shared_step16000 18 7 9 0.102051277004648
seed123_G1-shared_step16000 18 8 0 0.10265834699384868
seed123_G1-shared_step16000 18 8 1 0.10292439500335604
seed123_G1-shared_step16000 18 8 2 0.10225142899435014
seed123_G1-shared_step16000 18 8 3 0.1122163090039976
seed123_G1-shared_step16000 18 8 4 0.10390284797176719
seed123_G1-shared_step16000 18 8 5 0.10277568199671805
seed123_G1-shared_step16000 18 8 6 0.10615695000160486
seed123_G1-shared_step16000 18 8 7 0.10323910898296162
seed123_G1-shared_step16000 18 8 8 0.1017242909874767
seed123_G1-shared_step16000 18 8 9 0.09946082101669163
seed123_G1-shared_step16000 18 9 0 0.10356277698883787
seed123_G1-shared_step16000 18 9 1 0.1038887610193342
seed123_G1-shared_step16000 18 9 2 0.10388427198631689
seed123_G1-shared_step16000 18 9 3 0.10673092800425366
seed123_G1-shared_step16000 18 9 4 0.10616738902172074
seed123_G1-shared_step16000 18 9 5 0.10364465398015454
seed123_G1-shared_step16000 18 9 6 0.10626795201096684
seed123_G1-shared_step16000 18 9 7 0.10313196299830452
seed123_G1-shared_step16000 18 9 8 0.10027421702397987
seed123_G1-shared_step16000 18 9 9 0.10007367300568148
seed123_G1-shared_step16000 22 0 0 0.016840461001265794
seed123_G1-shared_step16000 22 0 1 0.015410275955218822
seed123_G1-shared_step16000 22 0 2 0.015538360981736332
seed123_G1-shared_step16000 22 0 3 0.015500517969485372
seed123_G1-shared_step16000 22 0 4 0.015544071036856622
seed123_G1-shared_step16000 22 0 5 0.0155581189901568
seed123_G1-shared_step16000 22 0 6 0.016580623982008547
seed123_G1-shared_step16000 22 0 7 0.016440806968603283
seed123_G1-shared_step16000 22 0 8 0.015463877003639936
seed123_G1-shared_step16000 22 0 9 0.015696802991442382
seed123_G1-shared_step16000 22 1 0 0.015479327004868537
seed123_G1-shared_step16000 22 1 1 0.01599180797347799
seed123_G1-shared_step16000 22 1 2 0.015469088044483215
seed123_G1-shared_step16000 22 1 3 0.01641401503002271
seed123_G1-shared_step16000 22 1 4 0.016377406020183116
seed123_G1-shared_step16000 22 1 5 0.016597266017924994
seed123_G1-shared_step16000 22 1 6 0.015445492987055331
seed123_G1-shared_step16000 22 1 7 0.015767489036079496
seed123_G1-shared_step16000 22 1 8 0.015423069999087602
seed123_G1-shared_step16000 22 1 9 0.016346194955985993
seed123_G1-shared_step16000 22 2 0 0.01588656601961702
seed123_G1-shared_step16000 22 2 1 0.015889972972217947
seed123_G1-shared_step16000 22 2 2 0.015421636984683573
seed123_G1-shared_step16000 22 2 3 0.01654774200869724
seed123_G1-shared_step16000 22 2 4 0.015478606044780463
seed123_G1-shared_step16000 22 2 5 0.017509691009763628
seed123_G1-shared_step16000 22 2 6 0.015309843991417438
seed123_G1-shared_step16000 22 2 7 0.01537074998486787
seed123_G1-shared_step16000 22 2 8 0.01538392499787733
seed123_G1-shared_step16000 22 2 9 0.014921440044417977
seed123_G1-shared_step16000 22 3 0 0.015197819040622562
seed123_G1-shared_step16000 22 3 1 0.015004328975919634
seed123_G1-shared_step16000 22 3 2 0.014701830979902297
seed123_G1-shared_step16000 22 3 3 0.015443959971889853
seed123_G1-shared_step16000 22 3 4 0.015446253994014114
seed123_G1-shared_step16000 22 3 5 0.015420856012497097
seed123_G1-shared_step16000 22 3 6 0.015449639991857111
seed123_G1-shared_step16000 22 3 7 0.015435823996085674
seed123_G1-shared_step16000 22 3 8 0.015402289980556816
seed123_G1-shared_step16000 22 3 9 0.01504652900621295
seed123_G1-shared_step16000 22 4 0 0.015349138993769884
seed123_G1-shared_step16000 22 4 1 0.015116022957954556
seed123_G1-shared_step16000 22 4 2 0.015467605029698461
seed123_G1-shared_step16000 22 4 3 0.01554865000071004
seed123_G1-shared_step16000 22 4 4 0.015575842000544071
seed123_G1-shared_step16000 22 4 5 0.016307130979839712
seed123_G1-shared_step16000 22 4 6 0.015454710985068232
seed123_G1-shared_step16000 22 4 7 0.015740236965939403
seed123_G1-shared_step16000 22 4 8 0.0154687570175156
seed123_G1-shared_step16000 22 4 9 0.015426837024278939
seed123_G1-shared_step16000 22 5 0 0.01543070503976196
seed123_G1-shared_step16000 22 5 1 0.015451162995304912
seed123_G1-shared_step16000 22 5 2 0.015851750038564205
seed123_G1-shared_step16000 22 5 3 0.015488865959923714
seed123_G1-shared_step16000 22 5 4 0.01525882602436468
seed123_G1-shared_step16000 22 5 5 0.015333098010160029
seed123_G1-shared_step16000 22 5 6 0.015675793983973563
seed123_G1-shared_step16000 22 5 7 0.015293231001123786
seed123_G1-shared_step16000 22 5 8 0.015388733998406678
seed123_G1-shared_step16000 22 5 9 0.015306626970414072
seed123_G1-shared_step16000 22 6 0 0.01535357697866857
seed123_G1-shared_step16000 22 6 1 0.015233626996632665
seed123_G1-shared_step16000 22 6 2 0.01582178199896589
seed123_G1-shared_step16000 22 6 3 0.015690059983171523
seed123_G1-shared_step16000 22 6 4 0.015229750017169863
seed123_G1-shared_step16000 22 6 5 0.015471853024791926
seed123_G1-shared_step16000 22 6 6 0.01534451002953574
seed123_G1-shared_step16000 22 6 7 0.01525790401501581
seed123_G1-shared_step16000 22 6 8 0.015524454007390887
seed123_G1-shared_step16000 22 6 9 0.015231934026814997
seed123_G1-shared_step16000 22 7 0 0.015233626996632665
seed123_G1-shared_step16000 22 7 1 0.015258534986060113
seed123_G1-shared_step16000 22 7 2 0.015288683003745973
seed123_G1-shared_step16000 22 7 3 0.015119620016776025
seed123_G1-shared_step16000 22 7 4 0.015157601970713586
seed123_G1-shared_step16000 22 7 5 0.015365539991762489
seed123_G1-shared_step16000 22 7 6 0.015303250984288752
seed123_G1-shared_step16000 22 7 7 0.016185337968636304
seed123_G1-shared_step16000 22 7 8 0.015582213993184268
seed123_G1-shared_step16000 22 7 9 0.01560039899777621
seed123_G1-shared_step16000 22 8 0 0.015245689952280372
seed123_G1-shared_step16000 22 8 1 0.015254336991347373
seed123_G1-shared_step16000 22 8 2 0.015410877007525414
seed123_G1-shared_step16000 22 8 3 0.01575979497283697
seed123_G1-shared_step16000 22 8 4 0.015488846052903682
seed123_G1-shared_step16000 22 8 5 0.015921754005830735
seed123_G1-shared_step16000 22 8 6 0.01613922999240458
seed123_G1-shared_step16000 22 8 7 0.015589268004987389
seed123_G1-shared_step16000 22 8 8 0.015259766951203346
seed123_G1-shared_step16000 22 8 9 0.015234739985316992
seed123_G1-shared_step16000 22 9 0 0.015563168039079756
seed123_G1-shared_step16000 22 9 1 0.01636378903640434
seed123_G1-shared_step16000 22 9 2 0.01634466298855841
seed123_G1-shared_step16000 22 9 3 0.01679464301560074
seed123_G1-shared_step16000 22 9 4 0.015237926039844751
seed123_G1-shared_step16000 22 9 5 0.015231041994411498
seed123_G1-shared_step16000 22 9 6 0.01524737401632592
seed123_G1-shared_step16000 22 9 7 0.01984304399229586
seed123_G1-shared_step16000 22 9 8 0.014527677034493536
seed123_G1-shared_step16000 22 9 9 0.014791532012168318
seed123_G1-shared_step16000 24 0 0 0.017741352960001677
seed123_G1-shared_step16000 24 0 1 0.01701368298381567
seed123_G1-shared_step16000 24 0 2 0.016568421036936343
seed123_G1-shared_step16000 24 0 3 0.017005868023261428
seed123_G1-shared_step16000 24 0 4 0.01871378399664536
seed123_G1-shared_step16000 24 0 5 0.018787654989864677
seed123_G1-shared_step16000 24 0 6 0.017029292008373886
seed123_G1-shared_step16000 24 0 7 0.017016918980516493
seed123_G1-shared_step16000 24 0 8 0.017594484030269086
seed123_G1-shared_step16000 24 0 9 0.017005526984576136
seed123_G1-shared_step16000 24 1 0 0.016954007965978235
seed123_G1-shared_step16000 24 1 1 0.017046394990757108
seed123_G1-shared_step16000 24 1 2 0.017007791029755026
seed123_G1-shared_step16000 24 1 3 0.01699429500149563
seed123_G1-shared_step16000 24 1 4 0.017004404973704368
seed123_G1-shared_step16000 24 1 5 0.016966641996987164
seed123_G1-shared_step16000 24 1 6 0.01666691998252645
seed123_G1-shared_step16000 24 1 7 0.01695835602004081
seed123_G1-shared_step16000 24 1 8 0.01704670605249703
seed123_G1-shared_step16000 24 1 9 0.017007180023938417
seed123_G1-shared_step16000 24 2 0 0.016814471979159862
seed123_G1-shared_step16000 24 2 1 0.016243859950918704
seed123_G1-shared_step16000 24 2 2 0.01635682600317523
seed123_G1-shared_step16000 24 2 3 0.016663321992382407
seed123_G1-shared_step16000 24 2 4 0.016095797007437795
seed123_G1-shared_step16000 24 2 5 0.016558491974137723
seed123_G1-shared_step16000 24 2 6 0.017240174987819046
seed123_G1-shared_step16000 24 2 7 0.017105718026869
seed123_G1-shared_step16000 24 2 8 0.017100458033382893
seed123_G1-shared_step16000 24 2 9 0.016412572003901005
seed123_G1-shared_step16000 24 3 0 0.016552379995118827
seed123_G1-shared_step16000 24 3 1 0.016550186031963676
seed123_G1-shared_step16000 24 3 2 0.018914237967692316
seed123_G1-shared_step16000 24 3 3 0.01746724999975413
seed123_G1-shared_step16000 24 3 4 0.017305058951023966
seed123_G1-shared_step16000 24 3 5 0.016999484971165657
seed123_G1-shared_step16000 24 3 6 0.01702844101237133
seed123_G1-shared_step16000 24 3 7 0.016971983015537262
seed123_G1-shared_step16000 24 3 8 0.017013072036206722
seed123_G1-shared_step16000 24 3 9 0.016867021971847862
seed123_G1-shared_step16000 24 4 0 0.017153881024569273
seed123_G1-shared_step16000 24 4 1 0.017011639021802694
seed123_G1-shared_step16000 24 4 2 0.016972844023257494
seed123_G1-shared_step16000 24 4 3 0.017252389050554484
seed123_G1-shared_step16000 24 4 4 0.017242419999092817
seed123_G1-shared_step16000 24 4 5 0.016712687036488205
seed123_G1-shared_step16000 24 4 6 0.016879666014574468
seed123_G1-shared_step16000 24 4 7 0.016348691016901284
seed123_G1-shared_step16000 24 4 8 0.01684941799612716
seed123_G1-shared_step16000 24 4 9 0.017695436952635646
seed123_G1-shared_step16000 24 5 0 0.01729476999025792
seed123_G1-shared_step16000 24 5 1 0.01737103599589318
seed123_G1-shared_step16000 24 5 2 0.018173200951423496
seed123_G1-shared_step16000 24 5 3 0.017001690051984042
seed123_G1-shared_step16000 24 5 4 0.018317807000130415
seed123_G1-shared_step16000 24 5 5 0.017450015991926193
seed123_G1-shared_step16000 24 5 6 0.017908554000314325
seed123_G1-shared_step16000 24 5 7 0.01766760303871706
seed123_G1-shared_step16000 24 5 8 0.017746904981322587
seed123_G1-shared_step16000 24 5 9 0.01776616199640557
seed123_G1-shared_step16000 24 6 0 0.01764998899307102
seed123_G1-shared_step16000 24 6 1 0.020759336999617517
seed123_G1-shared_step16000 24 6 2 0.01828544499585405
seed123_G1-shared_step16000 24 6 3 0.01780636899638921
seed123_G1-shared_step16000 24 6 4 0.01730869698803872
seed123_G1-shared_step16000 24 6 5 0.017092433001380414
seed123_G1-shared_step16000 24 6 6 0.01700140902539715
seed123_G1-shared_step16000 24 6 7 0.01700392400380224
seed123_G1-shared_step16000 24 6 8 0.017049199959728867
seed123_G1-shared_step16000 24 6 9 0.017010366020258516
seed123_G1-shared_step16000 24 7 0 0.017008052032906562
seed123_G1-shared_step16000 24 7 1 0.017006848996970803
seed123_G1-shared_step16000 24 7 2 0.016975369944702834
seed123_G1-shared_step16000 24 7 3 0.016935713007114828
seed123_G1-shared_step16000 24 7 4 0.016968204989098012
seed123_G1-shared_step16000 24 7 5 0.017040102975443006
seed123_G1-shared_step16000 24 7 6 0.01697600999614224
seed123_G1-shared_step16000 24 7 7 0.01697405701270327
seed123_G1-shared_step16000 24 7 8 0.016997321043163538
seed123_G1-shared_step16000 24 7 9 0.016968997020740062
seed123_G1-shared_step16000 24 8 0 0.016984255984425545
seed123_G1-shared_step16000 24 8 1 0.016361294023226947
seed123_G1-shared_step16000 24 8 2 0.016448552021756768
seed123_G1-shared_step16000 24 8 3 0.017025515029672533
seed123_G1-shared_step16000 24 8 4 0.016963166010100394
seed123_G1-shared_step16000 24 8 5 0.01669158600270748
seed123_G1-shared_step16000 24 8 6 0.017001129046548158
seed123_G1-shared_step16000 24 8 7 0.018709155032411218
seed123_G1-shared_step16000 24 8 8 0.019633423013146967
seed123_G1-shared_step16000 24 8 9 0.01789835497038439
seed123_G1-shared_step16000 24 9 0 0.01855945901479572
seed123_G1-shared_step16000 24 9 1 0.01752319699153304
seed123_G1-shared_step16000 24 9 2 0.017373120004776865
seed123_G1-shared_step16000 24 9 3 0.016991950978990644
seed123_G1-shared_step16000 24 9 4 0.017002451000735164
seed123_G1-shared_step16000 24 9 5 0.017006587993819267
seed123_G1-shared_step16000 24 9 6 0.017043929954525083
seed123_G1-shared_step16000 24 9 7 0.0170216680271551
seed123_G1-shared_step16000 24 9 8 0.017003623011987656
seed123_G1-shared_step16000 24 9 9 0.01698927505640313
seed123_G1-shared_step16000 30 0 0 0.028068285959307104
seed123_G1-shared_step16000 30 0 1 0.026609716995153576
seed123_G1-shared_step16000 30 0 2 0.026615467970259488
seed123_G1-shared_step16000 30 0 3 0.026488175033591688
seed123_G1-shared_step16000 30 0 4 0.026362664997577667
seed123_G1-shared_step16000 30 0 5 0.02829654299421236
seed123_G1-shared_step16000 30 0 6 0.030030539026483893
seed123_G1-shared_step16000 30 0 7 0.029384264023974538
seed123_G1-shared_step16000 30 0 8 0.027183424041140825
seed123_G1-shared_step16000 30 0 9 0.02667330898111686
seed123_G1-shared_step16000 30 1 0 0.026487071998417377
seed123_G1-shared_step16000 30 1 1 0.02645500097423792
seed123_G1-shared_step16000 30 1 2 0.02575067401630804
seed123_G1-shared_step16000 30 1 3 0.025441341975238174
seed123_G1-shared_step16000 30 1 4 0.026438940956722945
seed123_G1-shared_step16000 30 1 5 0.025442853977438062
seed123_G1-shared_step16000 30 1 6 0.025853099999949336
seed123_G1-shared_step16000 30 1 7 0.026442225964274257
seed123_G1-shared_step16000 30 1 8 0.027148528024554253
seed123_G1-shared_step16000 30 1 9 0.026537237979937345
seed123_G1-shared_step16000 30 2 0 0.02650798298418522
seed123_G1-shared_step16000 30 2 1 0.026463918038643897
seed123_G1-shared_step16000 30 2 2 0.026594738010317087
seed123_G1-shared_step16000 30 2 3 0.026490508986171335
seed123_G1-shared_step16000 30 2 4 0.026524193992372602
seed123_G1-shared_step16000 30 2 5 0.031613016966730356
seed123_G1-shared_step16000 30 2 6 0.026902206998784095
seed123_G1-shared_step16000 30 2 7 0.028149852994829416
seed123_G1-shared_step16000 30 2 8 0.026910841988865286
seed123_G1-shared_step16000 30 2 9 0.0265873140306212
seed123_G1-shared_step16000 30 3 0 0.026558920042589307
seed123_G1-shared_step16000 30 3 1 0.02646293502766639
seed123_G1-shared_step16000 30 3 2 0.026449130033142865
seed123_G1-shared_step16000 30 3 3 0.026566485001239926
seed123_G1-shared_step16000 30 3 4 0.025723111000843346
seed123_G1-shared_step16000 30 3 5 0.026987228950019926
seed123_G1-shared_step16000 30 3 6 0.02648684201994911
seed123_G1-shared_step16000 30 3 7 0.026434011000674218
seed123_G1-shared_step16000 30 3 8 0.026802334003150463
seed123_G1-shared_step16000 30 3 9 0.02621389995329082
seed123_G1-shared_step16000 30 4 0 0.02649161103181541
seed123_G1-shared_step16000 30 4 1 0.027488708030432463
seed123_G1-shared_step16000 30 4 2 0.029962930013425648
seed123_G1-shared_step16000 30 4 3 0.027112268027849495
seed123_G1-shared_step16000 30 4 4 0.027090415998827666
seed123_G1-shared_step16000 30 4 5 0.02889064996270463
seed123_G1-shared_step16000 30 4 6 0.03317917202366516
seed123_G1-shared_step16000 30 4 7 0.028671781008597463
seed123_G1-shared_step16000 30 4 8 0.027225505036767572
seed123_G1-shared_step16000 30 4 9 0.02800121798645705
seed123_G1-shared_step16000 30 5 0 0.027989867026917636
seed123_G1-shared_step16000 30 5 1 0.03257953596767038
seed123_G1-shared_step16000 30 5 2 0.02895005396567285
seed123_G1-shared_step16000 30 5 3 0.02895057399291545
seed123_G1-shared_step16000 30 5 4 0.027337799954693764
seed123_G1-shared_step16000 30 5 5 0.026835038035642356
seed123_G1-shared_step16000 30 5 6 0.027391301991883665
seed123_G1-shared_step16000 30 5 7 0.026833974989131093
seed123_G1-shared_step16000 30 5 8 0.026868020999245346
seed123_G1-shared_step16000 30 5 9 0.026896404975559562
seed123_G1-shared_step16000 30 6 0 0.026189842959865928
seed123_G1-shared_step16000 30 6 1 0.02646411902969703
seed123_G1-shared_step16000 30 6 2 0.026919229014310986
seed123_G1-shared_step16000 30 6 3 0.029372161021456122
seed123_G1-shared_step16000 30 6 4 0.02899324503960088
seed123_G1-shared_step16000 30 6 5 0.028733488987199962
seed123_G1-shared_step16000 30 6 6 0.028853258001618087
seed123_G1-shared_step16000 30 6 7 0.027660104969982058
seed123_G1-shared_step16000 30 6 8 0.026859525009058416
seed123_G1-shared_step16000 30 6 9 0.026781174005009234
seed123_G1-shared_step16000 30 7 0 0.027245412988122553
seed123_G1-shared_step16000 30 7 1 0.02644841803703457
seed123_G1-shared_step16000 30 7 2 0.027256703993771225
seed123_G1-shared_step16000 30 7 3 0.026903298043180257
seed123_G1-shared_step16000 30 7 4 0.02691495098406449
seed123_G1-shared_step16000 30 7 5 0.02673725096974522
seed123_G1-shared_step16000 30 7 6 0.026575560972560197
seed123_G1-shared_step16000 30 7 7 0.026173441961873323
seed123_G1-shared_step16000 30 7 8 0.02675316098611802
seed123_G1-shared_step16000 30 7 9 0.028971875028219074
seed123_G1-shared_step16000 30 8 0 0.02926908404333517
seed123_G1-shared_step16000 30 8 1 0.028699914983008057
seed123_G1-shared_step16000 30 8 2 0.028867234010249376
seed123_G1-shared_step16000 30 8 3 0.029743642022367567
seed123_G1-shared_step16000 30 8 4 0.027708888985216618
seed123_G1-shared_step16000 30 8 5 0.028740863024722785
seed123_G1-shared_step16000 30 8 6 0.0274558860110119
seed123_G1-shared_step16000 30 8 7 0.026582035003229976
seed123_G1-shared_step16000 30 8 8 0.02686665899818763
seed123_G1-shared_step16000 30 8 9 0.026878972013946623
seed123_G1-shared_step16000 30 9 0 0.027276671957224607
seed123_G1-shared_step16000 30 9 1 0.02647747501032427
seed123_G1-shared_step16000 30 9 2 0.027529245999176055
seed123_G1-shared_step16000 30 9 3 0.026221744948998094
seed123_G1-shared_step16000 30 9 4 0.028207692957948893
seed123_G1-shared_step16000 30 9 5 0.027367345988750458
seed123_G1-shared_step16000 30 9 6 0.026986657991074026
seed123_G1-shared_step16000 30 9 7 0.03085534699494019
seed123_G1-shared_step16000 30 9 8 0.02751485799672082
seed123_G1-shared_step16000 30 9 9 0.028135325002949685
seed123_G1-shared_step16000 33 0 0 0.00762549601495266
seed123_G1-shared_step16000 33 0 1 0.006505093013402075
seed123_G1-shared_step16000 33 0 2 0.006451519031543285
seed123_G1-shared_step16000 33 0 3 0.006445147970225662
seed123_G1-shared_step16000 33 0 4 0.0064067349885590374
seed123_G1-shared_step16000 33 0 5 0.0064120839815586805
seed123_G1-shared_step16000 33 0 6 0.006381555984262377
seed123_G1-shared_step16000 33 0 7 0.006366487010382116
seed123_G1-shared_step16000 33 0 8 0.006377739016897976
seed123_G1-shared_step16000 33 0 9 0.006409719004295766
seed123_G1-shared_step16000 33 1 0 0.006350757030304521
seed123_G1-shared_step16000 33 1 1 0.006409869994968176
seed123_G1-shared_step16000 33 1 2 0.006392477022018284
seed123_G1-shared_step16000 33 1 3 0.006377148034516722
seed123_G1-shared_step16000 33 1 4 0.006401424005161971
seed123_G1-shared_step16000 33 1 5 0.006337190046906471
seed123_G1-shared_step16000 33 1 6 0.006346038018818945
seed123_G1-shared_step16000 33 1 7 0.006365805980749428
seed123_G1-shared_step16000 33 1 8 0.00631992903072387
seed123_G1-shared_step16000 33 1 9 0.006348463008180261
seed123_G1-shared_step16000 33 2 0 0.0065205529681406915
seed123_G1-shared_step16000 33 2 1 0.006352570024318993
seed123_G1-shared_step16000 33 2 2 0.006335326994303614
seed123_G1-shared_step16000 33 2 3 0.0064269230351783335
seed123_G1-shared_step16000 33 2 4 0.006347660964820534
seed123_G1-shared_step16000 33 2 5 0.006378209975082427
seed123_G1-shared_step16000 33 2 6 0.006391935981810093
seed123_G1-shared_step16000 33 2 7 0.006341208994854242
seed123_G1-shared_step16000 33 2 8 0.006365404988173395
seed123_G1-shared_step16000 33 2 9 0.006416832969989628
seed123_G1-shared_step16000 33 3 0 0.006346639012917876
seed123_G1-shared_step16000 33 3 1 0.006353412987664342
seed123_G1-shared_step16000 33 3 2 0.006390643015038222
seed123_G1-shared_step16000 33 3 3 0.006349875999148935
seed123_G1-shared_step16000 33 3 4 0.0063782490324229
seed123_G1-shared_step16000 33 3 5 0.006385063054040074
seed123_G1-shared_step16000 33 3 6 0.006382137013133615
seed123_G1-shared_step16000 33 3 7 0.006391055008862168
seed123_G1-shared_step16000 33 3 8 0.0063848819700069726
seed123_G1-shared_step16000 33 3 9 0.006382748018950224
seed123_G1-shared_step16000 33 4 0 0.006376835983246565
seed123_G1-shared_step16000 33 4 1 0.006404629966709763
seed123_G1-shared_step16000 33 4 2 0.006347761023789644
seed123_G1-shared_step16000 33 4 3 0.006362179003190249
seed123_G1-shared_step16000 33 4 4 0.006401705031748861
seed123_G1-shared_step16000 33 4 5 0.006408938963431865
seed123_G1-shared_step16000 33 4 6 0.00638602499384433
seed123_G1-shared_step16000 33 4 7 0.006459745985921472
seed123_G1-shared_step16000 33 4 8 0.006420440971851349
seed123_G1-shared_step16000 33 4 9 0.006447833031415939
seed123_G1-shared_step16000 33 5 0 0.006264352006837726
seed123_G1-shared_step16000 33 5 1 0.008584379975218326
seed123_G1-shared_step16000 33 5 2 0.00836793496273458
seed123_G1-shared_step16000 33 5 3 0.006242069008294493
seed123_G1-shared_step16000 33 5 4 0.006168388994410634
seed123_G1-shared_step16000 33 5 5 0.006171384011395276
seed123_G1-shared_step16000 33 5 6 0.006383530038874596
seed123_G1-shared_step16000 33 5 7 0.006291242956649512
seed123_G1-shared_step16000 33 5 8 0.006167186016682535
seed123_G1-shared_step16000 33 5 9 0.006241577968467027
seed123_G1-shared_step16000 33 6 0 0.006360194995068014
seed123_G1-shared_step16000 33 6 1 0.006383330037351698
seed123_G1-shared_step16000 33 6 2 0.006556130945682526
seed123_G1-shared_step16000 33 6 3 0.0064822889980860054
seed123_G1-shared_step16000 33 6 4 0.006465946964453906
seed123_G1-shared_step16000 33 6 5 0.00646217999747023
seed123_G1-shared_step16000 33 6 6 0.006395612959749997
seed123_G1-shared_step16000 33 6 7 0.006446840998250991
seed123_G1-shared_step16000 33 6 8 0.00644325400935486
seed123_G1-shared_step16000 33 6 9 0.006397988006938249
seed123_G1-shared_step16000 33 7 0 0.006430890993215144
seed123_G1-shared_step16000 33 7 1 0.006491496984381229
seed123_G1-shared_step16000 33 7 2 0.006403387000318617
seed123_G1-shared_step16000 33 7 3 0.006479063013102859
seed123_G1-shared_step16000 33 7 4 0.006439586984924972
seed123_G1-shared_step16000 33 7 5 0.006494783039670438
seed123_G1-shared_step16000 33 7 6 0.006438113981857896
seed123_G1-shared_step16000 33 7 7 0.0064695950131863356
seed123_G1-shared_step16000 33 7 8 0.006423546001315117
seed123_G1-shared_step16000 33 7 9 0.00673271797131747
seed123_G1-shared_step16000 33 8 0 0.0065883719944395125
seed123_G1-shared_step16000 33 8 1 0.006425920990295708
seed123_G1-shared_step16000 33 8 2 0.006644990004133433
seed123_G1-shared_step16000 33 8 3 0.006714863004162908
seed123_G1-shared_step16000 33 8 4 0.18294664501445368
seed123_G1-shared_step16000 33 8 5 0.006453713984228671
seed123_G1-shared_step16000 33 8 6 0.006347872025799006
seed123_G1-shared_step16000 33 8 7 0.006297955987975001
seed123_G1-shared_step16000 33 8 8 0.006288848991971463
seed123_G1-shared_step16000 33 8 9 0.006297565007116646
seed123_G1-shared_step16000 33 9 0 0.006179429008625448
seed123_G1-shared_step16000 33 9 1 0.00614450202556327
seed123_G1-shared_step16000 33 9 2 0.006116267992183566
seed123_G1-shared_step16000 33 9 3 0.00616430101217702
seed123_G1-shared_step16000 33 9 4 0.006109456007834524
seed123_G1-shared_step16000 33 9 5 0.0061214379966259
seed123_G1-shared_step16000 33 9 6 0.00612038595136255
seed123_G1-shared_step16000 33 9 7 0.006150894972961396
seed123_G1-shared_step16000 33 9 8 0.006141427031252533
seed123_G1-shared_step16000 33 9 9 0.007941560004837811
seed123_G1-shared_step16000 36 0 0 0.008471212000586092
seed123_G1-shared_step16000 36 0 1 0.006944242981262505
seed123_G1-shared_step16000 36 0 2 0.006878305983263999
seed123_G1-shared_step16000 36 0 3 0.0074390490190126
seed123_G1-shared_step16000 36 0 4 0.007104447984602302
seed123_G1-shared_step16000 36 0 5 0.007015658018644899
seed123_G1-shared_step16000 36 0 6 0.006902292021550238
seed123_G1-shared_step16000 36 0 7 0.006896419974509627
seed123_G1-shared_step16000 36 0 8 0.006903254019562155
seed123_G1-shared_step16000 36 0 9 0.0068904689978808165
seed123_G1-shared_step16000 36 1 0 0.006909376010298729
seed123_G1-shared_step16000 36 1 1 0.006924944987986237
seed123_G1-shared_step16000 36 1 2 0.006924504006747156
seed123_G1-shared_step16000 36 1 3 0.0069262680481188
seed123_G1-shared_step16000 36 1 4 0.0069343040231615305
seed123_G1-shared_step16000 36 1 5 0.006895138998515904
seed123_G1-shared_step16000 36 1 6 0.006920396001078188
seed123_G1-shared_step16000 36 1 7 0.007138404005672783
seed123_G1-shared_step16000 36 1 8 0.0068773250095546246
seed123_G1-shared_step16000 36 1 9 0.006922691012732685
seed123_G1-shared_step16000 36 2 0 0.006859881046693772
seed123_G1-shared_step16000 36 2 1 0.00690680998377502
seed123_G1-shared_step16000 36 2 2 0.006851556012406945
seed123_G1-shared_step16000 36 2 3 0.007006560976151377
seed123_G1-shared_step16000 36 2 4 0.006899977975990623
seed123_G1-shared_step16000 36 2 5 0.006992734968662262
seed123_G1-shared_step16000 36 2 6 0.0068645389983430505
seed123_G1-shared_step16000 36 2 7 0.006855002022348344
seed123_G1-shared_step16000 36 2 8 0.00680199998896569
seed123_G1-shared_step16000 36 2 9 0.0068431890103966
seed123_G1-shared_step16000 36 3 0 0.006730713997967541
seed123_G1-shared_step16000 36 3 1 0.0068485490046441555
seed123_G1-shared_step16000 36 3 2 0.012149307993240654
seed123_G1-shared_step16000 36 3 3 0.006857817992568016
seed123_G1-shared_step16000 36 3 4 0.006858098029624671
seed123_G1-shared_step16000 36 3 5 0.00688991800416261
seed123_G1-shared_step16000 36 3 6 0.0068286710302345455
seed123_G1-shared_step16000 36 3 7 0.006861885020043701
seed123_G1-shared_step16000 36 3 8 0.006854089966509491
seed123_G1-shared_step16000 36 3 9 0.006902071996591985
seed123_G1-shared_step16000 36 4 0 0.006889728014357388
seed123_G1-shared_step16000 36 4 1 0.006875791004858911
seed123_G1-shared_step16000 36 4 2 0.006848518969491124
seed123_G1-shared_step16000 36 4 3 0.006890609976835549
seed123_G1-shared_step16000 36 4 4 0.006859901011921465
seed123_G1-shared_step16000 36 4 5 0.006955885037314147
seed123_G1-shared_step16000 36 4 6 0.006875811028294265
seed123_G1-shared_step16000 36 4 7 0.006852446997072548
seed123_G1-shared_step16000 36 4 8 0.006843158975243568
seed123_G1-shared_step16000 36 4 9 0.0066661310265772045
seed123_G1-shared_step16000 36 5 0 0.006713440991006792
seed123_G1-shared_step16000 36 5 1 0.006792002008296549
seed123_G1-shared_step16000 36 5 2 0.006893415004014969
seed123_G1-shared_step16000 36 5 3 0.006912551005370915
seed123_G1-shared_step16000 36 5 4 0.0068631169851869345
seed123_G1-shared_step16000 36 5 5 0.006907270988449454
seed123_G1-shared_step16000 36 5 6 0.006895450002048165
seed123_G1-shared_step16000 36 5 7 0.0069189039641059935
seed123_G1-shared_step16000 36 5 8 0.006904897978529334
seed123_G1-shared_step16000 36 5 9 0.006920786981936544
seed123_G1-shared_step16000 36 6 0 0.006669316964689642
seed123_G1-shared_step16000 36 6 1 0.0066752469865605235
seed123_G1-shared_step16000 36 6 2 0.006671381008345634
seed123_G1-shared_step16000 36 6 3 0.006709954002872109
seed123_G1-shared_step16000 36 6 4 0.009424777003005147
seed123_G1-shared_step16000 36 6 5 0.00777073297649622
seed123_G1-shared_step16000 36 6 6 0.006670218950603157
seed123_G1-shared_step16000 36 6 7 0.006696598022244871
seed123_G1-shared_step16000 36 6 8 0.0067099250154569745
seed123_G1-shared_step16000 36 6 9 0.006979880039580166
seed123_G1-shared_step16000 36 7 0 0.00710667297244072
seed123_G1-shared_step16000 36 7 1 0.006913724006153643
seed123_G1-shared_step16000 36 7 2 0.007044523023068905
seed123_G1-shared_step16000 36 7 3 0.006924424960743636
seed123_G1-shared_step16000 36 7 4 0.006945954984985292
seed123_G1-shared_step16000 36 7 5 0.006884017027914524
seed123_G1-shared_step16000 36 7 6 0.006888585980050266
seed123_G1-shared_step16000 36 7 7 0.0069300850154832006
seed123_G1-shared_step16000 36 7 8 0.0069263490149751306
seed123_G1-shared_step16000 36 7 9 0.0069362769718281925
seed123_G1-shared_step16000 36 8 0 0.006916710000950843
seed123_G1-shared_step16000 36 8 1 0.006924193992745131
seed123_G1-shared_step16000 36 8 2 0.006860562018118799
seed123_G1-shared_step16000 36 8 3 0.006870139972306788
seed123_G1-shared_step16000 36 8 4 0.006879388995002955
seed123_G1-shared_step16000 36 8 5 0.006873547041323036
seed123_G1-shared_step16000 36 8 6 0.0068781760055571795
seed123_G1-shared_step16000 36 8 7 0.006863407965283841
seed123_G1-shared_step16000 36 8 8 0.006869187986012548
seed123_G1-shared_step16000 36 8 9 0.006871233053971082
seed123_G1-shared_step16000 36 9 0 0.006908993993420154
seed123_G1-shared_step16000 36 9 1 0.006889938027597964
seed123_G1-shared_step16000 36 9 2 0.006875691004097462
seed123_G1-shared_step16000 36 9 3 0.006896881968714297
seed123_G1-shared_step16000 36 9 4 0.00691170000936836
seed123_G1-shared_step16000 36 9 5 0.006885309005156159
seed123_G1-shared_step16000 36 9 6 0.006895639002323151
seed123_G1-shared_step16000 36 9 7 0.006903884990606457
seed123_G1-shared_step16000 36 9 8 0.006888034986332059
seed123_G1-shared_step16000 36 9 9 0.006843199022114277
seed123_G1-shared_step16000 40 0 0 0.004124970000702888
seed123_G1-shared_step16000 40 0 1 0.004053334007039666
seed123_G1-shared_step16000 40 0 2 0.004054474993608892
seed123_G1-shared_step16000 40 0 3 0.004071497998666018
seed123_G1-shared_step16000 40 0 4 0.00404964602785185
seed123_G1-shared_step16000 40 0 5 0.004078141006175429
seed123_G1-shared_step16000 40 0 6 0.003999829990789294
seed123_G1-shared_step16000 40 0 7 0.004129017994273454
seed123_G1-shared_step16000 40 0 8 0.004063953005243093
seed123_G1-shared_step16000 40 0 9 0.004065035027451813
seed123_G1-shared_step16000 40 1 0 0.004091727023478597
seed123_G1-shared_step16000 40 1 1 0.004111013957299292
seed123_G1-shared_step16000 40 1 2 0.004092276969458908
seed123_G1-shared_step16000 40 1 3 0.0041003330261446536
seed123_G1-shared_step16000 40 1 4 0.004077238962054253
seed123_G1-shared_step16000 40 1 5 0.004124458006117493
seed123_G1-shared_step16000 40 1 6 0.004100031976122409
seed123_G1-shared_step16000 40 1 7 0.004110523033887148
seed123_G1-shared_step16000 40 1 8 0.004089933005161583
seed123_G1-shared_step16000 40 1 9 0.004083551000803709
seed123_G1-shared_step16000 40 2 0 0.003929376020096242
seed123_G1-shared_step16000 40 2 1 0.003970674006268382
seed123_G1-shared_step16000 40 2 2 0.003929376020096242
seed123_G1-shared_step16000 40 2 3 0.003966887015849352
seed123_G1-shared_step16000 40 2 4 0.003935987944714725
seed123_G1-shared_step16000 40 2 5 0.00393768196227029
seed123_G1-shared_step16000 40 2 6 0.004092807997949421
seed123_G1-shared_step16000 40 2 7 0.0039489230257458985
seed123_G1-shared_step16000 40 2 8 0.003936349996365607
seed123_G1-shared_step16000 40 2 9 0.00398358900565654
seed123_G1-shared_step16000 40 3 0 0.0040939010214060545
seed123_G1-shared_step16000 40 3 1 0.003985062998253852
seed123_G1-shared_step16000 40 3 2 0.003942830953747034
seed123_G1-shared_step16000 40 3 3 0.003964523028116673
seed123_G1-shared_step16000 40 3 4 0.003956627973821014
seed123_G1-shared_step16000 40 3 5 0.003968841047026217
seed123_G1-shared_step16000 40 3 6 0.003858088981360197
seed123_G1-shared_step16000 40 3 7 0.0038404359947890043
seed123_G1-shared_step16000 40 3 8 0.00384697801200673
seed123_G1-shared_step16000 40 3 9 0.003915198962204158
seed123_G1-shared_step16000 40 4 0 0.0042216049623675644
seed123_G1-shared_step16000 40 4 1 0.004051579046063125
seed123_G1-shared_step16000 40 4 2 0.0040895320125855505
seed123_G1-shared_step16000 40 4 3 0.0040855949628166854
seed123_G1-shared_step16000 40 4 4 0.00410042202565819
seed123_G1-shared_step16000 40 4 5 0.00407021603314206
seed123_G1-shared_step16000 40 4 6 0.0040714070200920105
seed123_G1-shared_step16000 40 4 7 0.003964782983530313
seed123_G1-shared_step16000 40 4 8 0.004048203001730144
seed123_G1-shared_step16000 40 4 9 0.0040651250164955854
seed123_G1-shared_step16000 40 5 0 0.004085424996446818
seed123_G1-shared_step16000 40 5 1 0.004120752040762454
seed123_G1-shared_step16000 40 5 2 0.0040981589700095356
seed123_G1-shared_step16000 40 5 3 0.004027001967187971
seed123_G1-shared_step16000 40 5 4 0.003954312996938825
seed123_G1-shared_step16000 40 5 5 0.003965184034314007
seed123_G1-shared_step16000 40 5 6 0.003989570017438382
seed123_G1-shared_step16000 40 5 7 0.004018195962999016
seed123_G1-shared_step16000 40 5 8 0.003966677002608776
seed123_G1-shared_step16000 40 5 9 0.003906492027454078
seed123_G1-shared_step16000 40 6 0 0.003983159025665373
seed123_G1-shared_step16000 40 6 1 0.003966397023759782
seed123_G1-shared_step16000 40 6 2 0.00406628695782274
seed123_G1-shared_step16000 40 6 3 0.004086155036929995
seed123_G1-shared_step16000 40 6 4 0.004122064041439444
seed123_G1-shared_step16000 40 6 5 0.004140208999160677
seed123_G1-shared_step16000 40 6 6 0.004175485984887928
seed123_G1-shared_step16000 40 6 7 0.005286861036438495
seed123_G1-shared_step16000 40 6 8 0.004552076978143305
seed123_G1-shared_step16000 40 6 9 0.004583697998896241
seed123_G1-shared_step16000 40 7 0 0.004344068001955748
seed123_G1-shared_step16000 40 7 1 0.004262313013896346
seed123_G1-shared_step16000 40 7 2 0.004230050020851195
seed123_G1-shared_step16000 40 7 3 0.004125231003854424
seed123_G1-shared_step16000 40 7 4 0.004357794998213649
seed123_G1-shared_step16000 40 7 5 0.004118917975574732
seed123_G1-shared_step16000 40 7 6 0.004476531990803778
seed123_G1-shared_step16000 40 7 7 0.00415248196804896
seed123_G1-shared_step16000 40 7 8 0.004190203966572881
seed123_G1-shared_step16000 40 7 9 0.004084742977283895
seed123_G1-shared_step16000 40 8 0 0.004061078012455255
seed123_G1-shared_step16000 40 8 1 0.004046399029903114
seed123_G1-shared_step16000 40 8 2 0.004035259014926851
seed123_G1-shared_step16000 40 8 3 0.004225552023854107
seed123_G1-shared_step16000 40 8 4 0.004053552984260023
seed123_G1-shared_step16000 40 8 5 0.004108217952307314
seed123_G1-shared_step16000 40 8 6 0.004032913013361394
seed123_G1-shared_step16000 40 8 7 0.004065817047376186
seed123_G1-shared_step16000 40 8 8 0.004064794979058206
seed123_G1-shared_step16000 40 8 9 0.004044926026836038
seed123_G1-shared_step16000 40 9 0 0.003958852030336857
seed123_G1-shared_step16000 40 9 1 0.0039525500033050776
seed123_G1-shared_step16000 40 9 2 0.00396397098666057
seed123_G1-shared_step16000 40 9 3 0.003955196007154882
seed123_G1-shared_step16000 40 9 4 0.0039542330196127295
seed123_G1-shared_step16000 40 9 5 0.003955435007810593
seed123_G1-shared_step16000 40 9 6 0.0039618879673071206
seed123_G1-shared_step16000 40 9 7 0.004082488943822682
seed123_G1-shared_step16000 40 9 8 0.00397496297955513
seed123_G1-shared_step16000 40 9 9 0.004024427034892142
seed123_G1-shared_step16000 47 0 0 0.06610793503932655
seed123_G1-shared_step16000 47 0 1 0.06151999003486708
seed123_G1-shared_step16000 47 0 2 0.061419577978085726
seed123_G1-shared_step16000 47 0 3 0.061427272972650826
seed123_G1-shared_step16000 47 0 4 0.06137562304502353
seed123_G1-shared_step16000 47 0 5 0.05987934197764844
seed123_G1-shared_step16000 47 0 6 0.06714632199145854
seed123_G1-shared_step16000 47 0 7 0.06286082504084334
seed123_G1-shared_step16000 47 0 8 0.06211137102218345
seed123_G1-shared_step16000 47 0 9 0.062273712013848126
seed123_G1-shared_step16000 47 1 0 0.060364178963936865
seed123_G1-shared_step16000 47 1 1 0.05976995301898569
seed123_G1-shared_step16000 47 1 2 0.06020494498079643
seed123_G1-shared_step16000 47 1 3 0.06173960003070533
seed123_G1-shared_step16000 47 1 4 0.05961856298381463
seed123_G1-shared_step16000 47 1 5 0.06007871305337176
seed123_G1-shared_step16000 47 1 6 0.05980499996803701
seed123_G1-shared_step16000 47 1 7 0.0598423209739849
seed123_G1-shared_step16000 47 1 8 0.060777319013141096
seed123_G1-shared_step16000 47 1 9 0.06236087798606604
seed123_G1-shared_step16000 47 2 0 0.062347603030502796
seed123_G1-shared_step16000 47 2 1 0.0619964410434477
seed123_G1-shared_step16000 47 2 2 0.06194245698861778
seed123_G1-shared_step16000 47 2 3 0.061462620040401816
seed123_G1-shared_step16000 47 2 4 0.06005641998490319
seed123_G1-shared_step16000 47 2 5 0.06010676600271836
seed123_G1-shared_step16000 47 2 6 0.060801746032666415
seed123_G1-shared_step16000 47 2 7 0.06218310899566859
seed123_G1-shared_step16000 47 2 8 0.061283867980819196
seed123_G1-shared_step16000 47 2 9 0.0600929000065662
seed123_G1-shared_step16000 47 3 0 0.06092162599088624
seed123_G1-shared_step16000 47 3 1 0.05992548004724085
seed123_G1-shared_step16000 47 3 2 0.06098572799237445
seed123_G1-shared_step16000 47 3 3 0.05944009200902656
seed123_G1-shared_step16000 47 3 4 0.059917645005043596
seed123_G1-shared_step16000 47 3 5 0.06052141002146527
seed123_G1-shared_step16000 47 3 6 0.05963755905395374
seed123_G1-shared_step16000 47 3 7 0.06053449399769306
seed123_G1-shared_step16000 47 3 8 0.06345544202486053
seed123_G1-shared_step16000 47 3 9 0.060627532948274165
seed123_G1-shared_step16000 47 4 0 0.060104603006038815
seed123_G1-shared_step16000 47 4 1 0.059250027989037335
seed123_G1-shared_step16000 47 4 2 0.06032252899603918
seed123_G1-shared_step16000 47 4 3 0.060183822992257774
seed123_G1-shared_step16000 47 4 4 0.060083703021518886
seed123_G1-shared_step16000 47 4 5 0.06219827599124983
seed123_G1-shared_step16000 47 4 6 0.06041806295979768
seed123_G1-shared_step16000 47 4 7 0.06476268300320953
seed123_G1-shared_step16000 47 4 8 0.06213989498792216
seed123_G1-shared_step16000 47 4 9 0.05959027900826186
seed123_G1-shared_step16000 47 5 0 0.06014905800111592
seed123_G1-shared_step16000 47 5 1 0.061317512998357415
seed123_G1-shared_step16000 47 5 2 0.06112377200042829
seed123_G1-shared_step16000 47 5 3 0.05951609701151028
seed123_G1-shared_step16000 47 5 4 0.06022781797219068
seed123_G1-shared_step16000 47 5 5 0.06549307896057144
seed123_G1-shared_step16000 47 5 6 0.06029879400739446
seed123_G1-shared_step16000 47 5 7 0.06044700799975544
seed123_G1-shared_step16000 47 5 8 0.05950817198026925
seed123_G1-shared_step16000 47 5 9 0.05975479300832376
seed123_G1-shared_step16000 47 6 0 0.06134234898490831
seed123_G1-shared_step16000 47 6 1 0.05997599702095613
seed123_G1-shared_step16000 47 6 2 0.05946887598838657
seed123_G1-shared_step16000 47 6 3 0.06445466302102432
seed123_G1-shared_step16000 47 6 4 0.060280017962213606
seed123_G1-shared_step16000 47 6 5 0.05971085903001949
seed123_G1-shared_step16000 47 6 6 0.0593206129851751
seed123_G1-shared_step16000 47 6 7 0.05999891000101343
seed123_G1-shared_step16000 47 6 8 0.06307111599016935
seed123_G1-shared_step16000 47 6 9 0.060461774992290884
seed123_G1-shared_step16000 47 7 0 0.061962075997143984
seed123_G1-shared_step16000 47 7 1 0.06045681599061936
seed123_G1-shared_step16000 47 7 2 0.060475350997876376
seed123_G1-shared_step16000 47 7 3 0.05927509599132463
seed123_G1-shared_step16000 47 7 4 0.05992709199199453
seed123_G1-shared_step16000 47 7 5 0.05955973995150998
seed123_G1-shared_step16000 47 7 6 0.05931012303335592
seed123_G1-shared_step16000 47 7 7 0.06003606104059145
seed123_G1-shared_step16000 47 7 8 0.06269059801707044
seed123_G1-shared_step16000 47 7 9 0.06515733600826934
seed123_G1-shared_step16000 47 8 0 0.06050752301234752
seed123_G1-shared_step16000 47 8 1 0.06067660602275282
seed123_G1-shared_step16000 47 8 2 0.06012872903374955
seed123_G1-shared_step16000 47 8 3 0.05995163996703923
seed123_G1-shared_step16000 47 8 4 0.060815873031970114
seed123_G1-shared_step16000 47 8 5 0.0593496379442513
seed123_G1-shared_step16000 47 8 6 0.06341601599706337
seed123_G1-shared_step16000 47 8 7 0.06409114698180929
seed123_G1-shared_step16000 47 8 8 0.05964026303263381
seed123_G1-shared_step16000 47 8 9 0.05868272401858121
seed123_G1-shared_step16000 47 9 0 0.05922745499992743
seed123_G1-shared_step16000 47 9 1 0.05875333701260388
seed123_G1-shared_step16000 47 9 2 0.06130261399084702
seed123_G1-shared_step16000 47 9 3 0.06197793601313606
seed123_G1-shared_step16000 47 9 4 0.05942072399193421
seed123_G1-shared_step16000 47 9 5 0.05847587698372081
seed123_G1-shared_step16000 47 9 6 0.05961083801230416
seed123_G1-shared_step16000 47 9 7 0.0581390630104579
seed123_G1-shared_step16000 47 9 8 0.059536827029660344
seed123_G1-shared_step16000 47 9 9 0.05968933802796528
seed123_G1-shared_step16000 51 0 0 0.02440669300267473
seed123_G1-shared_step16000 51 0 1 0.022158812964335084
seed123_G1-shared_step16000 51 0 2 0.024236437981016934
seed123_G1-shared_step16000 51 0 3 0.023998122022021562
seed123_G1-shared_step16000 51 0 4 0.024265873013064265
seed123_G1-shared_step16000 51 0 5 0.02232122397981584
seed123_G1-shared_step16000 51 0 6 0.02230757795041427
seed123_G1-shared_step16000 51 0 7 0.022315031965263188
seed123_G1-shared_step16000 51 0 8 0.022300714044831693
seed123_G1-shared_step16000 51 0 9 0.022276257979683578
seed123_G1-shared_step16000 51 1 0 0.022063140000682324
seed123_G1-shared_step16000 51 1 1 0.022149053984321654
seed123_G1-shared_step16000 51 1 2 0.02190929598873481
seed123_G1-shared_step16000 51 1 3 0.02218829997582361
seed123_G1-shared_step16000 51 1 4 0.021027640032116324
seed123_G1-shared_step16000 51 1 5 0.022052679967600852
seed123_G1-shared_step16000 51 1 6 0.022118095017503947
seed123_G1-shared_step16000 51 1 7 0.022296747018117458
seed123_G1-shared_step16000 51 1 8 0.0222993329516612
seed123_G1-shared_step16000 51 1 9 0.02225871500559151
seed123_G1-shared_step16000 51 2 0 0.022657656983938068
seed123_G1-shared_step16000 51 2 1 0.022298269963357598
seed123_G1-shared_step16000 51 2 2 0.023184464022051543
seed123_G1-shared_step16000 51 2 3 0.026793689001351595
seed123_G1-shared_step16000 51 2 4 0.024693520972505212
seed123_G1-shared_step16000 51 2 5 0.023691595008131117
seed123_G1-shared_step16000 51 2 6 0.02270700194640085
seed123_G1-shared_step16000 51 2 7 0.022688266006298363
seed123_G1-shared_step16000 51 2 8 0.022781803971156478
seed123_G1-shared_step16000 51 2 9 0.022461262007709593
seed123_G1-shared_step16000 51 3 0 0.02231266803573817
seed123_G1-shared_step16000 51 3 1 0.022345771023537964
seed123_G1-shared_step16000 51 3 2 0.02228313102386892
seed123_G1-shared_step16000 51 3 3 0.022290524968411773
seed123_G1-shared_step16000 51 3 4 0.02168462600093335
seed123_G1-shared_step16000 51 3 5 0.021552252990659326
seed123_G1-shared_step16000 51 3 6 0.02157909399829805
seed123_G1-shared_step16000 51 3 7 0.0216240209992975
seed123_G1-shared_step16000 51 3 8 0.02138690697029233
seed123_G1-shared_step16000 51 3 9 0.022010350017808378
seed123_G1-shared_step16000 51 4 0 0.02185939095215872
seed123_G1-shared_step16000 51 4 1 0.02673527703154832
seed123_G1-shared_step16000 51 4 2 0.024247809022199363
seed123_G1-shared_step16000 51 4 3 0.023601502005476505
seed123_G1-shared_step16000 51 4 4 0.022605558042414486
seed123_G1-shared_step16000 51 4 5 0.022673096973448992
seed123_G1-shared_step16000 51 4 6 0.022905090998392552
seed123_G1-shared_step16000 51 4 7 0.022184320958331227
seed123_G1-shared_step16000 51 4 8 0.023577064974233508
seed123_G1-shared_step16000 51 4 9 0.02341840200824663
seed123_G1-shared_step16000 51 5 0 0.024012389010749757
seed123_G1-shared_step16000 51 5 1 0.022600237047299743
seed123_G1-shared_step16000 51 5 2 0.02270712301833555
seed123_G1-shared_step16000 51 5 3 0.02390828903298825
seed123_G1-shared_step16000 51 5 4 0.022419010987505317
seed123_G1-shared_step16000 51 5 5 0.02232673397520557
seed123_G1-shared_step16000 51 5 6 0.02284071798203513
seed123_G1-shared_step16000 51 5 7 0.027067963033914566
seed123_G1-shared_step16000 51 5 8 0.025236439949367195
seed123_G1-shared_step16000 51 5 9 0.02479601703817025
seed123_G1-shared_step16000 51 6 0 0.022659289999864995
seed123_G1-shared_step16000 51 6 1 0.022927523008547723
seed123_G1-shared_step16000 51 6 2 0.02260488597676158
seed123_G1-shared_step16000 51 6 3 0.022299111005850136
seed123_G1-shared_step16000 51 6 4 0.022275637020356953
seed123_G1-shared_step16000 51 6 5 0.02238204999594018
seed123_G1-shared_step16000 51 6 6 0.02254642400657758
seed123_G1-shared_step16000 51 6 7 0.022993559949100018
seed123_G1-shared_step16000 51 6 8 0.023106355976779014
seed123_G1-shared_step16000 51 6 9 0.022627740050666034
seed123_G1-shared_step16000 51 7 0 0.023335213016252965
seed123_G1-shared_step16000 51 7 1 0.022331684012897313
seed123_G1-shared_step16000 51 7 2 0.02173542301170528
seed123_G1-shared_step16000 51 7 3 0.022640974959358573
seed123_G1-shared_step16000 51 7 4 0.02369883900973946
seed123_G1-shared_step16000 51 7 5 0.024438393011223525
seed123_G1-shared_step16000 51 7 6 0.025850483973044902
seed123_G1-shared_step16000 51 7 7 0.02426642505452037
seed123_G1-shared_step16000 51 7 8 0.02290420903591439
seed123_G1-shared_step16000 51 7 9 0.022767778020352125
seed123_G1-shared_step16000 51 8 0 0.022726718976628035
seed123_G1-shared_step16000 51 8 1 0.02206064504571259
seed123_G1-shared_step16000 51 8 2 0.023234200023580343
seed123_G1-shared_step16000 51 8 3 0.022285785991698503
seed123_G1-shared_step16000 51 8 4 0.023226135002914816
seed123_G1-shared_step16000 51 8 5 0.023272051999811083
seed123_G1-shared_step16000 51 8 6 0.022130949015263468
seed123_G1-shared_step16000 51 8 7 0.021151295979507267
seed123_G1-shared_step16000 51 8 8 0.021798543981276453
seed123_G1-shared_step16000 51 8 9 0.02151674497872591
seed123_G1-shared_step16000 51 9 0 0.021711546985898167
seed123_G1-shared_step16000 51 9 1 0.022306113969534636
seed123_G1-shared_step16000 51 9 2 0.02199861698318273
seed123_G1-shared_step16000 51 9 3 0.022346783021930605
seed123_G1-shared_step16000 51 9 4 0.021846445044502616
seed123_G1-shared_step16000 51 9 5 0.022184032015502453
seed123_G1-shared_step16000 51 9 6 0.027011564990971237
seed123_G1-shared_step16000 51 9 7 0.02417795598739758
seed123_G1-shared_step16000 51 9 8 0.022769722039811313
seed123_G1-shared_step16000 51 9 9 0.022206644993275404
seed123_G1-shared_step16000 52 0 0 0.7837880800361745
seed123_G1-shared_step16000 52 0 1 0.8177885920158587
seed123_G1-shared_step16000 52 0 2 0.7951201729592867
seed123_G1-shared_step16000 52 0 3 0.7974101610016078
seed123_G1-shared_step16000 52 0 4 0.8035147670307197
seed123_G1-shared_step16000 52 0 5 0.7874208129942417
seed123_G1-shared_step16000 52 0 6 0.8051544720074162
seed123_G1-shared_step16000 52 0 7 0.7931837639771402
seed123_G1-shared_step16000 52 0 8 0.784943322010804
seed123_G1-shared_step16000 52 0 9 0.8041168740019202
seed123_G1-shared_step16000 52 1 0 0.7971154119586572
seed123_G1-shared_step16000 52 1 1 0.8239882499910891
seed123_G1-shared_step16000 52 1 2 0.8021617109770887
seed123_G1-shared_step16000 52 1 3 0.8091601160122082
seed123_G1-shared_step16000 52 1 4 0.7866308739758097
seed123_G1-shared_step16000 52 1 5 0.8151817010366358
seed123_G1-shared_step16000 52 1 6 0.809306202980224
seed123_G1-shared_step16000 52 1 7 0.7991575510241091
seed123_G1-shared_step16000 52 1 8 0.8047116930247284
seed123_G1-shared_step16000 52 1 9 0.7925443690037355
seed123_G1-shared_step16000 52 2 0 0.7970655770041049
seed123_G1-shared_step16000 52 2 1 0.7820180649869144
seed123_G1-shared_step16000 52 2 2 0.7977456150110811
seed123_G1-shared_step16000 52 2 3 0.7910850850166753
seed123_G1-shared_step16000 52 2 4 0.7975688649457879
seed123_G1-shared_step16000 52 2 5 0.7836558240232989
seed123_G1-shared_step16000 52 2 6 0.8029879879904911
seed123_G1-shared_step16000 52 2 7 0.7981670559966005
seed123_G1-shared_step16000 52 2 8 0.8007320020115003
seed123_G1-shared_step16000 52 2 9 0.8212806939845905
seed123_G1-shared_step16000 52 3 0 0.7960391340311617
seed123_G1-shared_step16000 52 3 1 0.7976259780116379
seed123_G1-shared_step16000 52 3 2 0.7990489400108345
seed123_G1-shared_step16000 52 3 3 0.797534741985146
seed123_G1-shared_step16000 52 3 4 0.7912278790026903
seed123_G1-shared_step16000 52 3 5 0.8066474379738793
seed123_G1-shared_step16000 52 3 6 0.8018950380501337
seed123_G1-shared_step16000 52 3 7 0.8111233089584857
seed123_G1-shared_step16000 52 3 8 0.7996004170272499
seed123_G1-shared_step16000 52 3 9 0.8074191519990563
seed123_G1-shared_step16000 52 4 0 0.8048400680418126
seed123_G1-shared_step16000 52 4 1 0.792097172990907
seed123_G1-shared_step16000 52 4 2 0.8124712620046921
seed123_G1-shared_step16000 52 4 3 0.8110130510176532
seed123_G1-shared_step16000 52 4 4 0.8239996489719488
seed123_G1-shared_step16000 52 4 5 0.8373874639510177
seed123_G1-shared_step16000 52 4 6 0.8138866649824195
seed123_G1-shared_step16000 52 4 7 0.809508080012165
seed123_G1-shared_step16000 52 4 8 0.8186712239985354
seed123_G1-shared_step16000 52 4 9 0.8056673209648579
seed123_G1-shared_step16000 52 5 0 0.7850221039843746
seed123_G1-shared_step16000 52 5 1 0.8060626860242337
seed123_G1-shared_step16000 52 5 2 0.8368317749700509
seed123_G1-shared_step16000 52 5 3 0.7901402599527501
seed123_G1-shared_step16000 52 5 4 0.7931120739667676
seed123_G1-shared_step16000 52 5 5 0.8187238489626907
seed123_G1-shared_step16000 52 5 6 0.8018516279989854
seed123_G1-shared_step16000 52 5 7 0.813806620950345
seed123_G1-shared_step16000 52 5 8 0.8197764490032569
seed123_G1-shared_step16000 52 5 9 0.8084563570446335
seed123_G1-shared_step16000 52 6 0 0.79100536898477
seed123_G1-shared_step16000 52 6 1 0.7859145909897052
seed123_G1-shared_step16000 52 6 2 0.7933070189901628
seed123_G1-shared_step16000 52 6 3 0.7944302869727835
seed123_G1-shared_step16000 52 6 4 0.7789194890065119
seed123_G1-shared_step16000 52 6 5 0.80162147001829
seed123_G1-shared_step16000 52 6 6 0.799824140034616
seed123_G1-shared_step16000 52 6 7 0.7940155799733475
seed123_G1-shared_step16000 52 6 8 0.7920836639823392
seed123_G1-shared_step16000 52 6 9 0.7973193869693205
seed123_G1-shared_step16000 52 7 0 0.8081530859926715
seed123_G1-shared_step16000 52 7 1 0.8185615330003202
seed123_G1-shared_step16000 52 7 2 0.8157358980388381
seed123_G1-shared_step16000 52 7 3 0.8028684769524261
seed123_G1-shared_step16000 52 7 4 0.7967695810366422
seed123_G1-shared_step16000 52 7 5 0.7937437730142847
seed123_G1-shared_step16000 52 7 6 0.7715290740015917
seed123_G1-shared_step16000 52 7 7 0.8025735190021805
seed123_G1-shared_step16000 52 7 8 0.8295571070048027
seed123_G1-shared_step16000 52 7 9 0.8000277579994872
seed123_G1-shared_step16000 52 8 0 0.8061223530094139
seed123_G1-shared_step16000 52 8 1 0.8000723030418158
seed123_G1-shared_step16000 52 8 2 0.7947047649649903
seed123_G1-shared_step16000 52 8 3 0.8089292099466547
seed123_G1-shared_step16000 52 8 4 0.8072981789591722
seed123_G1-shared_step16000 52 8 5 0.8030172110302374
seed123_G1-shared_step16000 52 8 6 0.8213817040086724
seed123_G1-shared_step16000 52 8 7 0.8072561860317364
seed123_G1-shared_step16000 52 8 8 0.7954200080130249
seed123_G1-shared_step16000 52 8 9 0.8307857260224409
seed123_G1-shared_step16000 52 9 0 0.8070804569870234
seed123_G1-shared_step16000 52 9 1 0.7931321990326978
seed123_G1-shared_step16000 52 9 2 0.8349815899855457
seed123_G1-shared_step16000 52 9 3 0.8128989539691247
seed123_G1-shared_step16000 52 9 4 0.7933666849858128
seed123_G1-shared_step16000 52 9 5 0.8140863830340095
seed123_G1-shared_step16000 52 9 6 0.7989257760345936
seed123_G1-shared_step16000 52 9 7 0.8199443939956836
seed123_G1-shared_step16000 52 9 8 0.820450843020808
seed123_G1-shared_step16000 52 9 9 0.8239833479747176
seed123_G1-shared_step16000 56 0 0 0.019122803991194814
seed123_G1-shared_step16000 56 0 1 0.017289096023887396
seed123_G1-shared_step16000 56 0 2 0.016986236965749413
seed123_G1-shared_step16000 56 0 3 0.01687161804875359
seed123_G1-shared_step16000 56 0 4 0.016921303991694003
seed123_G1-shared_step16000 56 0 5 0.017082952021155506
seed123_G1-shared_step16000 56 0 6 0.016966608993243426
seed123_G1-shared_step16000 56 0 7 0.016935150022618473
seed123_G1-shared_step16000 56 0 8 0.016328660014551133
seed123_G1-shared_step16000 56 0 9 0.01660760398954153
seed123_G1-shared_step16000 56 1 0 0.017008078983053565
seed123_G1-shared_step16000 56 1 1 0.01723630598280579
seed123_G1-shared_step16000 56 1 2 0.01723961200332269
seed123_G1-shared_step16000 56 1 3 0.017236315994523466
seed123_G1-shared_step16000 56 1 4 0.017087852000258863
seed123_G1-shared_step16000 56 1 5 0.016998652019537985
seed123_G1-shared_step16000 56 1 6 0.017061541962902993
seed123_G1-shared_step16000 56 1 7 0.017111697990912944
seed123_G1-shared_step16000 56 1 8 0.017356875992845744
seed123_G1-shared_step16000 56 1 9 0.020293994050007313
seed123_G1-shared_step16000 56 2 0 0.018032668973319232
seed123_G1-shared_step16000 56 2 1 0.017552300007082522
seed123_G1-shared_step16000 56 2 2 0.017035591998137534
seed123_G1-shared_step16000 56 2 3 0.017200948030222207
seed123_G1-shared_step16000 56 2 4 0.017203602998051792
seed123_G1-shared_step16000 56 2 5 0.01714658399578184
seed123_G1-shared_step16000 56 2 6 0.016974454978480935
seed123_G1-shared_step16000 56 2 7 0.016980215965304524
seed123_G1-shared_step16000 56 2 8 0.016966340015642345
seed123_G1-shared_step16000 56 2 9 0.01699800998903811
seed123_G1-shared_step16000 56 3 0 0.01701103604864329
seed123_G1-shared_step16000 56 3 1 0.017012368014547974
seed123_G1-shared_step16000 56 3 2 0.016971098026260734
seed123_G1-shared_step16000 56 3 3 0.022269412002060562
seed123_G1-shared_step16000 56 3 4 0.017024180036969483
seed123_G1-shared_step16000 56 3 5 0.01697218103799969
seed123_G1-shared_step16000 56 3 6 0.017032315023243427
seed123_G1-shared_step16000 56 3 7 0.017047375033143908
seed123_G1-shared_step16000 56 3 8 0.01697558700107038
seed123_G1-shared_step16000 56 3 9 0.01700609497493133
seed123_G1-shared_step16000 56 4 0 0.016964725975412875
seed123_G1-shared_step16000 56 4 1 0.016977810999378562
seed123_G1-shared_step16000 56 4 2 0.016968763957265764
seed123_G1-shared_step16000 56 4 3 0.01697185996454209
seed123_G1-shared_step16000 56 4 4 0.01697419403353706
seed123_G1-shared_step16000 56 4 5 0.01790994399925694
seed123_G1-shared_step16000 56 4 6 0.020046149962581694
seed123_G1-shared_step16000 56 4 7 0.017564623965881765
seed123_G1-shared_step16000 56 4 8 0.017378829012159258
seed123_G1-shared_step16000 56 4 9 0.01698047696845606
seed123_G1-shared_step16000 56 5 0 0.017215285974089056
seed123_G1-shared_step16000 56 5 1 0.016971328994259238
seed123_G1-shared_step16000 56 5 2 0.016998652019537985
seed123_G1-shared_step16000 56 5 3 0.016980075975880027
seed123_G1-shared_step16000 56 5 4 0.017047003959305584
seed123_G1-shared_step16000 56 5 5 0.017007107031531632
seed123_G1-shared_step16000 56 5 6 0.016984865011181682
seed123_G1-shared_step16000 56 5 7 0.017245874973013997
seed123_G1-shared_step16000 56 5 8 0.01703672402072698
seed123_G1-shared_step16000 56 5 9 0.01728746300796047
seed123_G1-shared_step16000 56 6 0 0.01814544398803264
seed123_G1-shared_step16000 56 6 1 0.017404437996447086
seed123_G1-shared_step16000 56 6 2 0.01726770499954
seed123_G1-shared_step16000 56 6 3 0.018056315020658076
seed123_G1-shared_step16000 56 6 4 0.018141987966373563
seed123_G1-shared_step16000 56 6 5 0.01743775000795722
seed123_G1-shared_step16000 56 6 6 0.017011757008731365
seed123_G1-shared_step16000 56 6 7 0.017044498992618173
seed123_G1-shared_step16000 56 6 8 0.017223722010385245
seed123_G1-shared_step16000 56 6 9 0.017133679997641593
seed123_G1-shared_step16000 56 7 0 0.016754293988924474
seed123_G1-shared_step16000 56 7 1 0.016948025033343583
seed123_G1-shared_step16000 56 7 2 0.01720806199591607
seed123_G1-shared_step16000 56 7 3 0.020091826969292015
seed123_G1-shared_step16000 56 7 4 0.017898752994369715
seed123_G1-shared_step16000 56 7 5 0.018489671987481415
seed123_G1-shared_step16000 56 7 6 0.018309818988200277
seed123_G1-shared_step16000 56 7 7 0.01807567197829485
seed123_G1-shared_step16000 56 7 8 0.01700835896190256
seed123_G1-shared_step16000 56 7 9 0.016990515985526145
seed123_G1-shared_step16000 56 8 0 0.01699182903394103
seed123_G1-shared_step16000 56 8 1 0.017004602996166795
seed123_G1-shared_step16000 56 8 2 0.0170217749546282
seed123_G1-shared_step16000 56 8 3 0.016962353023700416
seed123_G1-shared_step16000 56 8 4 0.017006977985147387
seed123_G1-shared_step16000 56 8 5 0.016948033997323364
seed123_G1-shared_step16000 56 8 6 0.01698827196378261
seed123_G1-shared_step16000 56 8 7 0.016867672035004944
seed123_G1-shared_step16000 56 8 8 0.0165808720048517
seed123_G1-shared_step16000 56 8 9 0.016915943007916212
seed123_G1-shared_step16000 56 9 0 0.01699580595595762
seed123_G1-shared_step16000 56 9 1 0.016587624966632575
seed123_G1-shared_step16000 56 9 2 0.016751397983171046
seed123_G1-shared_step16000 56 9 3 0.016955749015323818
seed123_G1-shared_step16000 56 9 4 0.016912557010073215
seed123_G1-shared_step16000 56 9 5 0.016885955003090203
seed123_G1-shared_step16000 56 9 6 0.018807029991876334
seed123_G1-shared_step16000 56 9 7 0.018152928969357163
seed123_G1-shared_step16000 56 9 8 0.01770094403764233
seed123_G1-shared_step16000 56 9 9 0.017329914961010218
seed123_G1-shared_step16000 62 0 0 0.27094245998887345
seed123_G1-shared_step16000 62 0 1 0.2729755180189386
seed123_G1-shared_step16000 62 0 2 0.27458089898573235
seed123_G1-shared_step16000 62 0 3 0.27309162996243685
seed123_G1-shared_step16000 62 0 4 0.27759967104066163
seed123_G1-shared_step16000 62 0 5 0.27980584104079753
seed123_G1-shared_step16000 62 0 6 0.2742332330089994
seed123_G1-shared_step16000 62 0 7 0.2840298389783129
seed123_G1-shared_step16000 62 0 8 0.27767579699866474
seed123_G1-shared_step16000 62 0 9 0.2726194150163792
seed123_G1-shared_step16000 62 1 0 0.27370047400472686
seed123_G1-shared_step16000 62 1 1 0.2736258510267362
seed123_G1-shared_step16000 62 1 2 0.2831752249621786
seed123_G1-shared_step16000 62 1 3 0.27575236704433337
seed123_G1-shared_step16000 62 1 4 0.2745184379746206
seed123_G1-shared_step16000 62 1 5 0.2756330600241199
seed123_G1-shared_step16000 62 1 6 0.2772290010470897
seed123_G1-shared_step16000 62 1 7 0.2825177070335485
seed123_G1-shared_step16000 62 1 8 0.2740586379659362
seed123_G1-shared_step16000 62 1 9 0.2790109789930284
seed123_G1-shared_step16000 62 2 0 0.27147690003039315
seed123_G1-shared_step16000 62 2 1 0.28199649997986853
seed123_G1-shared_step16000 62 2 2 0.27857788099208847
seed123_G1-shared_step16000 62 2 3 0.27675471402471885
seed123_G1-shared_step16000 62 2 4 0.2797373890061863
seed123_G1-shared_step16000 62 2 5 0.27851280599134043
seed123_G1-shared_step16000 62 2 6 0.27961769903777167
seed123_G1-shared_step16000 62 2 7 0.26947852701414376
seed123_G1-shared_step16000 62 2 8 0.28780024795560166
seed123_G1-shared_step16000 62 2 9 0.27929796802345663
seed123_G1-shared_step16000 62 3 0 0.27702144300565124
seed123_G1-shared_step16000 62 3 1 0.27250068698776886
seed123_G1-shared_step16000 62 3 2 0.2723060249700211
seed123_G1-shared_step16000 62 3 3 0.2897076359950006
seed123_G1-shared_step16000 62 3 4 0.2793457280495204
seed123_G1-shared_step16000 62 3 5 0.2793779500061646
seed123_G1-shared_step16000 62 3 6 0.2831509259995073
seed123_G1-shared_step16000 62 3 7 0.27390116499736905
seed123_G1-shared_step16000 62 3 8 0.280360838980414
seed123_G1-shared_step16000 62 3 9 0.28097689704736695
seed123_G1-shared_step16000 62 4 0 0.2822916620061733
seed123_G1-shared_step16000 62 4 1 0.26929764001397416
seed123_G1-shared_step16000 62 4 2 0.2785347260069102
seed123_G1-shared_step16000 62 4 3 0.2781791759771295
seed123_G1-shared_step16000 62 4 4 0.2762182059814222
seed123_G1-shared_step16000 62 4 5 0.27977946697501466
seed123_G1-shared_step16000 62 4 6 0.277474238013383
seed123_G1-shared_step16000 62 4 7 0.2796979299746454
seed123_G1-shared_step16000 62 4 8 0.27675246697617695
seed123_G1-shared_step16000 62 4 9 0.2884864689549431
seed123_G1-shared_step16000 62 5 0 0.2831346730235964
seed123_G1-shared_step16000 62 5 1 0.2737787489895709
seed123_G1-shared_step16000 62 5 2 0.2804179980303161
seed123_G1-shared_step16000 62 5 3 0.2753735189908184
seed123_G1-shared_step16000 62 5 4 0.2697658939869143
seed123_G1-shared_step16000 62 5 5 0.26782382000237703
seed123_G1-shared_step16000 62 5 6 0.27288178296294063
seed123_G1-shared_step16000 62 5 7 0.28813768102554604
seed123_G1-shared_step16000 62 5 8 0.2694071980076842
seed123_G1-shared_step16000 62 5 9 0.2865178320207633
seed123_G1-shared_step16000 62 6 0 0.2786607650341466
seed123_G1-shared_step16000 62 6 1 0.2764892819686793
seed123_G1-shared_step16000 62 6 2 0.2748135770088993
seed123_G1-shared_step16000 62 6 3 0.2702305319835432
seed123_G1-shared_step16000 62 6 4 0.27967560599790886
seed123_G1-shared_step16000 62 6 5 0.277170465036761
seed123_G1-shared_step16000 62 6 6 0.29264683404471725
seed123_G1-shared_step16000 62 6 7 0.2821663389913738
seed123_G1-shared_step16000 62 6 8 0.2741394470212981
seed123_G1-shared_step16000 62 6 9 0.2808932749903761
seed123_G1-shared_step16000 62 7 0 0.2820853950106539
seed123_G1-shared_step16000 62 7 1 0.2815180490142666
seed123_G1-shared_step16000 62 7 2 0.28755721997004
seed123_G1-shared_step16000 62 7 3 0.2883512079715729
seed123_G1-shared_step16000 62 7 4 0.2852723690448329
seed123_G1-shared_step16000 62 7 5 0.2818155779968947
seed123_G1-shared_step16000 62 7 6 0.28324171499116346
seed123_G1-shared_step16000 62 7 7 0.2859548050328158
seed123_G1-shared_step16000 62 7 8 0.2767941640340723
seed123_G1-shared_step16000 62 7 9 0.28840290603693575
seed123_G1-shared_step16000 62 8 0 0.26830949599388987
seed123_G1-shared_step16000 62 8 1 0.283459962985944
seed123_G1-shared_step16000 62 8 2 0.2688901770161465
seed123_G1-shared_step16000 62 8 3 0.2759164750459604
seed123_G1-shared_step16000 62 8 4 0.271842212008778
seed123_G1-shared_step16000 62 8 5 0.2678386159823276
seed123_G1-shared_step16000 62 8 6 0.27014770096866414
seed123_G1-shared_step16000 62 8 7 0.2655825899564661
seed123_G1-shared_step16000 62 8 8 0.26779831800376996
seed123_G1-shared_step16000 62 8 9 0.26309098495403305
seed123_G1-shared_step16000 62 9 0 0.2943548880284652
seed123_G1-shared_step16000 62 9 1 0.26938979199621826
seed123_G1-shared_step16000 62 9 2 0.2959463519509882
seed123_G1-shared_step16000 62 9 3 0.27944599400507286
seed123_G1-shared_step16000 62 9 4 0.27205986698390916
seed123_G1-shared_step16000 62 9 5 0.27856774401152506
seed123_G1-shared_step16000 62 9 6 0.27177272900007665
seed123_G1-shared_step16000 62 9 7 0.2736995739978738
seed123_G1-shared_step16000 62 9 8 0.2741840700036846
seed123_G1-shared_step16000 62 9 9 0.279380758991465
seed123_G1-shared_step16000 64 0 0 0.1666327430284582
seed123_G1-shared_step16000 64 0 1 0.1636267330031842
seed123_G1-shared_step16000 64 0 2 0.17168917402159423
seed123_G1-shared_step16000 64 0 3 0.16901928698644042
seed123_G1-shared_step16000 64 0 4 0.17214292200515047
seed123_G1-shared_step16000 64 0 5 0.16667426202911884
seed123_G1-shared_step16000 64 0 6 0.16588685603346676
seed123_G1-shared_step16000 64 0 7 0.16794475202914327
seed123_G1-shared_step16000 64 0 8 0.17951450002146885
seed123_G1-shared_step16000 64 0 9 0.17453243100317195
seed123_G1-shared_step16000 64 1 0 0.17484648199751973
seed123_G1-shared_step16000 64 1 1 0.16790301201399416
seed123_G1-shared_step16000 64 1 2 0.16586971300421283
seed123_G1-shared_step16000 64 1 3 0.1706814059871249
seed123_G1-shared_step16000 64 1 4 0.17263786698458716
seed123_G1-shared_step16000 64 1 5 0.1686277780099772
seed123_G1-shared_step16000 64 1 6 0.17185660294489935
seed123_G1-shared_step16000 64 1 7 0.16602218500338495
seed123_G1-shared_step16000 64 1 8 0.1652154920157045
seed123_G1-shared_step16000 64 1 9 0.1663663029903546
seed123_G1-shared_step16000 64 2 0 0.17054562497651204
seed123_G1-shared_step16000 64 2 1 0.17289284500293434
seed123_G1-shared_step16000 64 2 2 0.17113401100505143
seed123_G1-shared_step16000 64 2 3 0.17045683600008488
seed123_G1-shared_step16000 64 2 4 0.17138985102064908
seed123_G1-shared_step16000 64 2 5 0.17175987700466067
seed123_G1-shared_step16000 64 2 6 0.17144225997617468
seed123_G1-shared_step16000 64 2 7 0.17167954397154972
seed123_G1-shared_step16000 64 2 8 0.17967140895780176
seed123_G1-shared_step16000 64 2 9 0.16938431496964768
seed123_G1-shared_step16000 64 3 0 0.1731408290215768
seed123_G1-shared_step16000 64 3 1 0.17626311001367867
seed123_G1-shared_step16000 64 3 2 0.17552774399518967
seed123_G1-shared_step16000 64 3 3 0.16861215804237872
seed123_G1-shared_step16000 64 3 4 0.16640355298295617
seed123_G1-shared_step16000 64 3 5 0.1628383439965546
seed123_G1-shared_step16000 64 3 6 0.16535201203078032
seed123_G1-shared_step16000 64 3 7 0.16532236500643194
seed123_G1-shared_step16000 64 3 8 0.16633577400352806
seed123_G1-shared_step16000 64 3 9 0.17338124802336097
seed123_G1-shared_step16000 64 4 0 0.1675488639739342
seed123_G1-shared_step16000 64 4 1 0.16796301596332341
seed123_G1-shared_step16000 64 4 2 0.16272087895777076
seed123_G1-shared_step16000 64 4 3 0.1621002129977569
seed123_G1-shared_step16000 64 4 4 0.17050453601405025
seed123_G1-shared_step16000 64 4 5 0.1674050979781896
seed123_G1-shared_step16000 64 4 6 0.16582583799026906
seed123_G1-shared_step16000 64 4 7 0.16924871399533004
seed123_G1-shared_step16000 64 4 8 0.16564918996300548
seed123_G1-shared_step16000 64 4 9 0.16345408104825765
seed123_G1-shared_step16000 64 5 0 0.17161156301153824
seed123_G1-shared_step16000 64 5 1 0.16566616302588955
seed123_G1-shared_step16000 64 5 2 0.16368158702971414
seed123_G1-shared_step16000 64 5 3 0.164917370013427
seed123_G1-shared_step16000 64 5 4 0.16151274903677404
seed123_G1-shared_step16000 64 5 5 0.15998221101472154
seed123_G1-shared_step16000 64 5 6 0.16751903697149828
seed123_G1-shared_step16000 64 5 7 0.16580911603523418
seed123_G1-shared_step16000 64 5 8 0.16388635896146297
seed123_G1-shared_step16000 64 5 9 0.1713668039883487
seed123_G1-shared_step16000 64 6 0 0.1664968109689653
seed123_G1-shared_step16000 64 6 1 0.16467287199338898
seed123_G1-shared_step16000 64 6 2 0.17426727199926972
seed123_G1-shared_step16000 64 6 3 0.16854528797557577
seed123_G1-shared_step16000 64 6 4 0.1683192559867166
seed123_G1-shared_step16000 64 6 5 0.17516874498687685
seed123_G1-shared_step16000 64 6 6 0.176532152981963
seed123_G1-shared_step16000 64 6 7 0.17486007598927245
seed123_G1-shared_step16000 64 6 8 0.17177414300385863
seed123_G1-shared_step16000 64 6 9 0.17463720904197544
seed123_G1-shared_step16000 64 7 0 0.17285691399592906
seed123_G1-shared_step16000 64 7 1 0.17618252499960363
seed123_G1-shared_step16000 64 7 2 0.1828898320090957
seed123_G1-shared_step16000 64 7 3 0.17465996299870312
seed123_G1-shared_step16000 64 7 4 0.16729063901584595
seed123_G1-shared_step16000 64 7 5 0.1678374240291305
seed123_G1-shared_step16000 64 7 6 0.16757230699295178
seed123_G1-shared_step16000 64 7 7 0.17205136403208598
seed123_G1-shared_step16000 64 7 8 0.16558606800390407
seed123_G1-shared_step16000 64 7 9 0.16754530498292297
seed123_G1-shared_step16000 64 8 0 0.18399018695345148
seed123_G1-shared_step16000 64 8 1 0.1635687300004065
seed123_G1-shared_step16000 64 8 2 0.16646382701583207
seed123_G1-shared_step16000 64 8 3 0.17093034903518856
seed123_G1-shared_step16000 64 8 4 0.174483134993352
seed123_G1-shared_step16000 64 8 5 0.16986668400932103
seed123_G1-shared_step16000 64 8 6 0.16644194500986487
seed123_G1-shared_step16000 64 8 7 0.17083458602428436
seed123_G1-shared_step16000 64 8 8 0.16752021701540798
seed123_G1-shared_step16000 64 8 9 0.16522487701149657
seed123_G1-shared_step16000 64 9 0 0.17153902299469337
seed123_G1-shared_step16000 64 9 1 0.17441981297452003
seed123_G1-shared_step16000 64 9 2 0.16850248497212306
seed123_G1-shared_step16000 64 9 3 0.17429555498529226
seed123_G1-shared_step16000 64 9 4 0.1743301310343668
seed123_G1-shared_step16000 64 9 5 0.1710342179867439
seed123_G1-shared_step16000 64 9 6 0.17862675798824057
seed123_G1-shared_step16000 64 9 7 0.17284412001026794
seed123_G1-shared_step16000 64 9 8 0.17186658998252824
seed123_G1-shared_step16000 64 9 9 0.17219033901346847
seed123_G1-shared_step16000 69 0 0 0.4992551080067642
seed123_G1-shared_step16000 69 0 1 0.5259562749997713
seed123_G1-shared_step16000 69 0 2 0.49910370795987546
seed123_G1-shared_step16000 69 0 3 0.5172758219996467
seed123_G1-shared_step16000 69 0 4 0.4898544779862277
seed123_G1-shared_step16000 69 0 5 0.4908002160373144
seed123_G1-shared_step16000 69 0 6 0.48592596396338195
seed123_G1-shared_step16000 69 0 7 0.4935598640004173
seed123_G1-shared_step16000 69 0 8 0.4916282790363766
seed123_G1-shared_step16000 69 0 9 0.49948410398792475
seed123_G1-shared_step16000 69 1 0 0.4902673360193148
seed123_G1-shared_step16000 69 1 1 0.4877928019850515
seed123_G1-shared_step16000 69 1 2 0.48870785400504246
seed123_G1-shared_step16000 69 1 3 0.4905047590145841
seed123_G1-shared_step16000 69 1 4 0.4967626769794151
seed123_G1-shared_step16000 69 1 5 0.5080987479886971
seed123_G1-shared_step16000 69 1 6 0.49898187001235783
seed123_G1-shared_step16000 69 1 7 0.5083602080121636
seed123_G1-shared_step16000 69 1 8 0.5004912379663438
seed123_G1-shared_step16000 69 1 9 0.4988308009924367
seed123_G1-shared_step16000 69 2 0 0.5013696959940717
seed123_G1-shared_step16000 69 2 1 0.5015301730018109
seed123_G1-shared_step16000 69 2 2 0.5074888389790431
seed123_G1-shared_step16000 69 2 3 0.4953987160115503
seed123_G1-shared_step16000 69 2 4 0.4963101689936593
seed123_G1-shared_step16000 69 2 5 0.48460987099679187
seed123_G1-shared_step16000 69 2 6 0.5069772590068169
seed123_G1-shared_step16000 69 2 7 0.4882553329807706
seed123_G1-shared_step16000 69 2 8 0.48320384201360866
seed123_G1-shared_step16000 69 2 9 0.49461266095750034
seed123_G1-shared_step16000 69 3 0 0.49142257001949474
seed123_G1-shared_step16000 69 3 1 0.4933279830147512
seed123_G1-shared_step16000 69 3 2 0.48508863599272445
seed123_G1-shared_step16000 69 3 3 0.488429864984937
seed123_G1-shared_step16000 69 3 4 0.496034117997624
seed123_G1-shared_step16000 69 3 5 0.4933374910033308
seed123_G1-shared_step16000 69 3 6 0.48212076898198575
seed123_G1-shared_step16000 69 3 7 0.4918962040101178
seed123_G1-shared_step16000 69 3 8 0.48596511996584013
seed123_G1-shared_step16000 69 3 9 0.48874644900206476
seed123_G1-shared_step16000 69 4 0 0.49159336398588493
seed123_G1-shared_step16000 69 4 1 0.5074758279952221
seed123_G1-shared_step16000 69 4 2 0.5060354640008882
seed123_G1-shared_step16000 69 4 3 0.5041098010260612
seed123_G1-shared_step16000 69 4 4 0.49203856399981305
seed123_G1-shared_step16000 69 4 5 0.5019025880028494
seed123_G1-shared_step16000 69 4 6 0.5077106070239097
seed123_G1-shared_step16000 69 4 7 0.49858928099274635
seed123_G1-shared_step16000 69 4 8 0.498499188979622
seed123_G1-shared_step16000 69 4 9 0.4960139360046014
seed123_G1-shared_step16000 69 5 0 0.5053154740016907
seed123_G1-shared_step16000 69 5 1 0.4977937279618345
seed123_G1-shared_step16000 69 5 2 0.5059948530397378
seed123_G1-shared_step16000 69 5 3 0.5126833940157667
seed123_G1-shared_step16000 69 5 4 0.5130978669621982
seed123_G1-shared_step16000 69 5 5 0.5130727179930545
seed123_G1-shared_step16000 69 5 6 0.508220107993111
seed123_G1-shared_step16000 69 5 7 0.49090150505071506
seed123_G1-shared_step16000 69 5 8 0.5039413940394297
seed123_G1-shared_step16000 69 5 9 0.49974654003744945
seed123_G1-shared_step16000 69 6 0 0.48758322902722284
seed123_G1-shared_step16000 69 6 1 0.48878474498633295
seed123_G1-shared_step16000 69 6 2 0.49882762401830405
seed123_G1-shared_step16000 69 6 3 0.49633864202769473
seed123_G1-shared_step16000 69 6 4 0.4966367019806057
seed123_G1-shared_step16000 69 6 5 0.49897392198909074
seed123_G1-shared_step16000 69 6 6 0.5068151280283928
seed123_G1-shared_step16000 69 6 7 0.5147440810105763
seed123_G1-shared_step16000 69 6 8 0.49905692000174895
seed123_G1-shared_step16000 69 6 9 0.5034019089653157
seed123_G1-shared_step16000 69 7 0 0.4973676689551212
seed123_G1-shared_step16000 69 7 1 0.5049425950273871
seed123_G1-shared_step16000 69 7 2 0.5013471279526129
seed123_G1-shared_step16000 69 7 3 0.4964639489771798
seed123_G1-shared_step16000 69 7 4 0.5143236250150949
seed123_G1-shared_step16000 69 7 5 0.501687859010417
seed123_G1-shared_step16000 69 7 6 0.5128829089808278
seed123_G1-shared_step16000 69 7 7 0.5004682259750552
seed123_G1-shared_step16000 69 7 8 0.5122619820176624
seed123_G1-shared_step16000 69 7 9 0.526523966982495
seed123_G1-shared_step16000 69 8 0 0.5026209829957224
seed123_G1-shared_step16000 69 8 1 0.4911396149545908
seed123_G1-shared_step16000 69 8 2 0.5156551389954984
seed123_G1-shared_step16000 69 8 3 0.5094985850155354
seed123_G1-shared_step16000 69 8 4 0.5007561349775642
seed123_G1-shared_step16000 69 8 5 0.4997552300337702
seed123_G1-shared_step16000 69 8 6 0.4965219870209694
seed123_G1-shared_step16000 69 8 7 0.5127254950348288
seed123_G1-shared_step16000 69 8 8 0.5204277260345407
seed123_G1-shared_step16000 69 8 9 0.5144032029784285
seed123_G1-shared_step16000 69 9 0 0.5043058219598606
seed123_G1-shared_step16000 69 9 1 0.5131378130172379
seed123_G1-shared_step16000 69 9 2 0.4968173599918373
seed123_G1-shared_step16000 69 9 3 0.4984713930170983
seed123_G1-shared_step16000 69 9 4 0.5113601020420901
seed123_G1-shared_step16000 69 9 5 0.5029192990041338
seed123_G1-shared_step16000 69 9 6 0.4854231079807505
seed123_G1-shared_step16000 69 9 7 0.4984935140237212
seed123_G1-shared_step16000 69 9 8 0.4934242690214887
seed123_G1-shared_step16000 69 9 9 0.4980284640332684
seed123_G1-shared_step16000 74 0 0 0.6900005139759742
seed123_G1-shared_step16000 74 0 1 0.6979206309770234
seed123_G1-shared_step16000 74 0 2 0.6828149810316972
seed123_G1-shared_step16000 74 0 3 0.6796480130287819
seed123_G1-shared_step16000 74 0 4 0.7102478449814953
seed123_G1-shared_step16000 74 0 5 0.7018980860011652
seed123_G1-shared_step16000 74 0 6 0.70192803198006
seed123_G1-shared_step16000 74 0 7 0.7092467080219649
seed123_G1-shared_step16000 74 0 8 0.6980447449604981
seed123_G1-shared_step16000 74 0 9 0.6904819500050507
seed123_G1-shared_step16000 74 1 0 0.686355829006061
seed123_G1-shared_step16000 74 1 1 0.7200770979980007
seed123_G1-shared_step16000 74 1 2 0.7340044540469535
seed123_G1-shared_step16000 74 1 3 0.696391259029042
seed123_G1-shared_step16000 74 1 4 0.6932741779601201
seed123_G1-shared_step16000 74 1 5 0.6902992579853162
seed123_G1-shared_step16000 74 1 6 0.7045803689979948
seed123_G1-shared_step16000 74 1 7 0.6873815769795328
seed123_G1-shared_step16000 74 1 8 0.6974511049920693
seed123_G1-shared_step16000 74 1 9 0.6758663229993545
seed123_G1-shared_step16000 74 2 0 0.6837019589729607
seed123_G1-shared_step16000 74 2 1 0.6979382939753123
seed123_G1-shared_step16000 74 2 2 0.6764467309694737
seed123_G1-shared_step16000 74 2 3 0.696368771023117
seed123_G1-shared_step16000 74 2 4 0.6966800970258191
seed123_G1-shared_step16000 74 2 5 0.6971062399679795
seed123_G1-shared_step16000 74 2 6 0.6735777640133165
seed123_G1-shared_step16000 74 2 7 0.691769843979273
seed123_G1-shared_step16000 74 2 8 0.6835514869890176
seed123_G1-shared_step16000 74 2 9 0.6933181649656035
seed123_G1-shared_step16000 74 3 0 0.6975746350362897
seed123_G1-shared_step16000 74 3 1 0.6773957330151461
seed123_G1-shared_step16000 74 3 2 0.6756703419960104
seed123_G1-shared_step16000 74 3 3 0.6924691090243869
seed123_G1-shared_step16000 74 3 4 0.6985813680221327
seed123_G1-shared_step16000 74 3 5 0.6888125439872965
seed123_G1-shared_step16000 74 3 6 0.703361858963035
seed123_G1-shared_step16000 74 3 7 0.6872439539874904
seed123_G1-shared_step16000 74 3 8 0.6978789619752206
seed123_G1-shared_step16000 74 3 9 0.7038661819533445
seed123_G1-shared_step16000 74 4 0 0.6987458590301685
seed123_G1-shared_step16000 74 4 1 0.7241087940055877
seed123_G1-shared_step16000 74 4 2 0.6828308010008186
seed123_G1-shared_step16000 74 4 3 0.6813201720360667
seed123_G1-shared_step16000 74 4 4 0.6950778330210596
seed123_G1-shared_step16000 74 4 5 0.7128168369526975
seed123_G1-shared_step16000 74 4 6 0.691182330949232
seed123_G1-shared_step16000 74 4 7 0.6975598579738289
seed123_G1-shared_step16000 74 4 8 0.6971311069792137
seed123_G1-shared_step16000 74 4 9 0.6925090180011466
seed123_G1-shared_step16000 74 5 0 0.6749074949766509
seed123_G1-shared_step16000 74 5 1 0.6967258109943941
seed123_G1-shared_step16000 74 5 2 0.7066648669424467
seed123_G1-shared_step16000 74 5 3 0.6803359549958259
seed123_G1-shared_step16000 74 5 4 0.7057465909747407
seed123_G1-shared_step16000 74 5 5 0.6961616689804941
seed123_G1-shared_step16000 74 5 6 0.6982844289741479
seed123_G1-shared_step16000 74 5 7 0.6918218089849688
seed123_G1-shared_step16000 74 5 8 0.691045232990291
seed123_G1-shared_step16000 74 5 9 0.7086449110065587
seed123_G1-shared_step16000 74 6 0 0.6950925819692202
seed123_G1-shared_step16000 74 6 1 0.6840077430242673
seed123_G1-shared_step16000 74 6 2 0.6985764739802107
seed123_G1-shared_step16000 74 6 3 0.6782271369593218
seed123_G1-shared_step16000 74 6 4 0.693175885011442
seed123_G1-shared_step16000 74 6 5 0.690285817021504
seed123_G1-shared_step16000 74 6 6 0.6969153659883887
seed123_G1-shared_step16000 74 6 7 0.6904986129957251
seed123_G1-shared_step16000 74 6 8 0.6988281630328856
seed123_G1-shared_step16000 74 6 9 0.6880998139968142
seed123_G1-shared_step16000 74 7 0 0.6766571610351093
seed123_G1-shared_step16000 74 7 1 0.6848143020179123
seed123_G1-shared_step16000 74 7 2 0.695652547001373
seed123_G1-shared_step16000 74 7 3 0.7082589360070415
seed123_G1-shared_step16000 74 7 4 0.7014905420364812
seed123_G1-shared_step16000 74 7 5 0.6930781229748391
seed123_G1-shared_step16000 74 7 6 0.6904483929974958
seed123_G1-shared_step16000 74 7 7 0.7071255460032262
seed123_G1-shared_step16000 74 7 8 0.6847369000315666
seed123_G1-shared_step16000 74 7 9 0.7002684419858269
seed123_G1-shared_step16000 74 8 0 0.7060256620170549
seed123_G1-shared_step16000 74 8 1 0.7173203909769654
seed123_G1-shared_step16000 74 8 2 0.7112340509775095
seed123_G1-shared_step16000 74 8 3 0.6808378809946589
seed123_G1-shared_step16000 74 8 4 0.7319473929819651
seed123_G1-shared_step16000 74 8 5 0.6972088269540109
seed123_G1-shared_step16000 74 8 6 0.683030944026541
seed123_G1-shared_step16000 74 8 7 0.6938563049770892
seed123_G1-shared_step16000 74 8 8 0.7309938570251688
seed123_G1-shared_step16000 74 8 9 0.6897869430249557
seed123_G1-shared_step16000 74 9 0 0.7030641430174001
seed123_G1-shared_step16000 74 9 1 0.6845873279962689
seed123_G1-shared_step16000 74 9 2 0.6865254939766601
seed123_G1-shared_step16000 74 9 3 0.702614882029593
seed123_G1-shared_step16000 74 9 4 0.6887443159939721
seed123_G1-shared_step16000 74 9 5 0.6877308369730599
seed123_G1-shared_step16000 74 9 6 0.693904643994756
seed123_G1-shared_step16000 74 9 7 0.691931459994521
seed123_G1-shared_step16000 74 9 8 0.698081029986497
seed123_G1-shared_step16000 74 9 9 0.7094866820261814
seed123_G1-shared_step16000 78 0 0 1.1399391870363615
seed123_G1-shared_step16000 78 0 1 1.1498310929746367
seed123_G1-shared_step16000 78 0 2 1.1268647920223884
seed123_G1-shared_step16000 78 0 3 1.1576759240124375
seed123_G1-shared_step16000 78 0 4 1.1541707079741172
seed123_G1-shared_step16000 78 0 5 1.137089732044842
seed123_G1-shared_step16000 78 0 6 1.1277847660239786
seed123_G1-shared_step16000 78 0 7 1.1264109670300968
seed123_G1-shared_step16000 78 0 8 1.1312768019852228
seed123_G1-shared_step16000 78 0 9 1.1330786669859663
seed123_G1-shared_step16000 78 1 0 1.1619488460128196
seed123_G1-shared_step16000 78 1 1 1.1318539920030162
seed123_G1-shared_step16000 78 1 2 1.1408569579944015
seed123_G1-shared_step16000 78 1 3 1.1530667470069602
seed123_G1-shared_step16000 78 1 4 1.141611498023849
seed123_G1-shared_step16000 78 1 5 1.157601105980575
seed123_G1-shared_step16000 78 1 6 1.1319199730060063
seed123_G1-shared_step16000 78 1 7 1.180058892001398
seed123_G1-shared_step16000 78 1 8 1.1482140200096183
seed123_G1-shared_step16000 78 1 9 1.1339016679557972
seed123_G1-shared_step16000 78 2 0 1.1237483700388111
seed123_G1-shared_step16000 78 2 1 1.2087262379936874
seed123_G1-shared_step16000 78 2 2 1.146572987025138
seed123_G1-shared_step16000 78 2 3 1.15177501400467
seed123_G1-shared_step16000 78 2 4 1.1378236229647882
seed123_G1-shared_step16000 78 2 5 1.128702799032908
seed123_G1-shared_step16000 78 2 6 1.1411427790299058
seed123_G1-shared_step16000 78 2 7 1.1383137769880705
seed123_G1-shared_step16000 78 2 8 1.1288718489813618
seed123_G1-shared_step16000 78 2 9 1.1308665730175562
seed123_G1-shared_step16000 78 3 0 1.1277490989887156
seed123_G1-shared_step16000 78 3 1 1.1403427119948901
seed123_G1-shared_step16000 78 3 2 1.1537547300104052
seed123_G1-shared_step16000 78 3 3 1.1349297580309212
seed123_G1-shared_step16000 78 3 4 1.1625839020125568
seed123_G1-shared_step16000 78 3 5 1.1310806950205006
seed123_G1-shared_step16000 78 3 6 1.1262207999825478
seed123_G1-shared_step16000 78 3 7 1.0994647209881805
seed123_G1-shared_step16000 78 3 8 1.1249581340234727
seed123_G1-shared_step16000 78 3 9 1.116628974035848
seed123_G1-shared_step16000 78 4 0 1.1104437350295484
seed123_G1-shared_step16000 78 4 1 1.1131491570267826
seed123_G1-shared_step16000 78 4 2 1.127078593999613
seed123_G1-shared_step16000 78 4 3 1.1567294559790753
seed123_G1-shared_step16000 78 4 4 1.150803582975641
seed123_G1-shared_step16000 78 4 5 1.1365911819739267
seed123_G1-shared_step16000 78 4 6 1.117392967978958
seed123_G1-shared_step16000 78 4 7 1.1396766010439023
seed123_G1-shared_step16000 78 4 8 1.1430621529580094
seed123_G1-shared_step16000 78 4 9 1.1253206640249118
seed123_G1-shared_step16000 78 5 0 1.1963632009574212
seed123_G1-shared_step16000 78 5 1 1.1453718180418946
seed123_G1-shared_step16000 78 5 2 1.1399131970247254
seed123_G1-shared_step16000 78 5 3 1.1611339669907466
seed123_G1-shared_step16000 78 5 4 1.1150486260303296
seed123_G1-shared_step16000 78 5 5 1.1494369570282288
seed123_G1-shared_step16000 78 5 6 1.1210197830223478
seed123_G1-shared_step16000 78 5 7 1.1207133290008642
seed123_G1-shared_step16000 78 5 8 1.1174017090233974
seed123_G1-shared_step16000 78 5 9 1.1386050180299208
seed123_G1-shared_step16000 78 6 0 1.1195913080009632
seed123_G1-shared_step16000 78 6 1 1.1489523960044608
seed123_G1-shared_step16000 78 6 2 1.138842382002622
seed123_G1-shared_step16000 78 6 3 1.189897986012511
seed123_G1-shared_step16000 78 6 4 1.1278092549764551
seed123_G1-shared_step16000 78 6 5 1.1401710730278865
seed123_G1-shared_step16000 78 6 6 1.1274044099845923
seed123_G1-shared_step16000 78 6 7 1.1650965860462748
seed123_G1-shared_step16000 78 6 8 1.153601476980839
seed123_G1-shared_step16000 78 6 9 1.1485587710049003
seed123_G1-shared_step16000 78 7 0 1.1681306480313651
seed123_G1-shared_step16000 78 7 1 1.1253712970064953
seed123_G1-shared_step16000 78 7 2 1.143987919029314
seed123_G1-shared_step16000 78 7 3 1.1597897930187173
seed123_G1-shared_step16000 78 7 4 1.1194450759794563
seed123_G1-shared_step16000 78 7 5 1.1230605960008688
seed123_G1-shared_step16000 78 7 6 1.1284890450187959
seed123_G1-shared_step16000 78 7 7 1.1246881400002167
seed123_G1-shared_step16000 78 7 8 1.1074746979866177
seed123_G1-shared_step16000 78 7 9 1.1774849930079654
seed123_G1-shared_step16000 78 8 0 1.1225241589709185
seed123_G1-shared_step16000 78 8 1 1.0896652610390447
seed123_G1-shared_step16000 78 8 2 1.1181936410139315
seed123_G1-shared_step16000 78 8 3 1.1663844549912028
seed123_G1-shared_step16000 78 8 4 1.1632608420331962
seed123_G1-shared_step16000 78 8 5 1.132791041978635
seed123_G1-shared_step16000 78 8 6 1.1371463190298527
seed123_G1-shared_step16000 78 8 7 1.122560177987907
seed123_G1-shared_step16000 78 8 8 1.1361776959965937
seed123_G1-shared_step16000 78 8 9 1.1393187339999713
seed123_G1-shared_step16000 78 9 0 1.1560183530091308
seed123_G1-shared_step16000 78 9 1 1.1931685429881327
seed123_G1-shared_step16000 78 9 2 1.127549338969402
seed123_G1-shared_step16000 78 9 3 1.1427920240093954
seed123_G1-shared_step16000 78 9 4 1.141411101038102
seed123_G1-shared_step16000 78 9 5 1.149352326989174
seed123_G1-shared_step16000 78 9 6 1.1264439770020545
seed123_G1-shared_step16000 78 9 7 1.121847070986405
seed123_G1-shared_step16000 78 9 8 1.1366097260033712
seed123_G1-shared_step16000 78 9 9 1.137360193009954
{'model': 'seed123_G1-shared_step16000', 'completed_pairs': 2000, 'requested_pairs': 2000, 'completed': True, 'complete_source_count': 20, 'FRD': 131.14359555386798, 'new_pairs': 2000, 'wall_seconds': 459.67732704401715}
