seed123_E_event_step14500 0 0 0 0.8528875140473247
seed123_E_event_step14500 0 0 1 0.0911964779952541
seed123_E_event_step14500 0 0 2 0.09914827393367887
seed123_E_event_step14500 0 0 3 0.09349533694330603
seed123_E_event_step14500 0 0 4 0.1010504140285775
seed123_E_event_step14500 0 0 5 0.09641802904661745
seed123_E_event_step14500 0 0 6 0.09186699008569121
seed123_E_event_step14500 0 0 7 0.0905080660013482
seed123_E_event_step14500 0 0 8 0.09713461203500628
seed123_E_event_step14500 0 0 9 0.09394971106667072
seed123_E_event_step14500 0 1 0 0.0950132260331884
seed123_E_event_step14500 0 1 1 0.09228474588599056
seed123_E_event_step14500 0 1 2 0.09497720596846193
seed123_E_event_step14500 0 1 3 0.09820144204422832
seed123_E_event_step14500 0 1 4 0.10087376995943487
seed123_E_event_step14500 0 1 5 0.09710012096911669
seed123_E_event_step14500 0 1 6 0.09295744297560304
seed123_E_event_step14500 0 1 7 0.09418443194590509
seed123_E_event_step14500 0 1 8 0.09788268303964287
seed123_E_event_step14500 0 1 9 0.09887921705376357
seed123_E_event_step14500 0 2 0 0.09549501293804497
seed123_E_event_step14500 0 2 1 0.09163203299976885
seed123_E_event_step14500 0 2 2 0.09048612101469189
seed123_E_event_step14500 0 2 3 0.0954725390765816
seed123_E_event_step14500 0 2 4 0.09179895394481719
seed123_E_event_step14500 0 2 5 0.09410587593447417
seed123_E_event_step14500 0 2 6 0.09628917300142348
seed123_E_event_step14500 0 2 7 0.09276445605792105
seed123_E_event_step14500 0 2 8 0.09775636589620262
seed123_E_event_step14500 0 2 9 0.090948540950194
seed123_E_event_step14500 0 3 0 0.09020115598104894
seed123_E_event_step14500 0 3 1 0.09184753603767604
seed123_E_event_step14500 0 3 2 0.09295537509024143
seed123_E_event_step14500 0 3 3 0.09457637509331107
seed123_E_event_step14500 0 3 4 0.09403494000434875
seed123_E_event_step14500 0 3 5 0.10009493993129581
seed123_E_event_step14500 0 3 6 0.09730571298860013
seed123_E_event_step14500 0 3 7 0.09198744304012507
seed123_E_event_step14500 0 3 8 0.09003580408170819
seed123_E_event_step14500 0 3 9 0.09424158500041813
seed123_E_event_step14500 0 4 0 0.09325910801999271
seed123_E_event_step14500 0 4 1 0.09600970998872072
seed123_E_event_step14500 0 4 2 0.09390667895786464
seed123_E_event_step14500 0 4 3 0.091548194992356
seed123_E_event_step14500 0 4 4 0.09318700898438692
seed123_E_event_step14500 0 4 5 0.09504493593703955
seed123_E_event_step14500 0 4 6 0.0902538220398128
seed123_E_event_step14500 0 4 7 0.09046738501638174
seed123_E_event_step14500 0 4 8 0.09211130801122636
seed123_E_event_step14500 0 4 9 0.0903848959133029
seed123_E_event_step14500 0 5 0 0.09408221405465156
seed123_E_event_step14500 0 5 1 0.09226496494375169
seed123_E_event_step14500 0 5 2 0.08967896201647818
seed123_E_event_step14500 0 5 3 0.08851157804019749
seed123_E_event_step14500 0 5 4 0.0888592799892649
seed123_E_event_step14500 0 5 5 0.09321166295558214
seed123_E_event_step14500 0 5 6 0.09110184002202004
seed123_E_event_step14500 0 5 7 0.09090198006015271
seed123_E_event_step14500 0 5 8 0.08944957598578185
seed123_E_event_step14500 0 5 9 0.09183048398699611
seed123_E_event_step14500 0 6 0 0.09231037099380046
seed123_E_event_step14500 0 6 1 0.09614523395430297
seed123_E_event_step14500 0 6 2 0.09288639307487756
seed123_E_event_step14500 0 6 3 0.09174301498569548
seed123_E_event_step14500 0 6 4 0.09286443004384637
seed123_E_event_step14500 0 6 5 0.09630532399751246
seed123_E_event_step14500 0 6 6 0.09411253000143915
seed123_E_event_step14500 0 6 7 0.09198358794674277
seed123_E_event_step14500 0 6 8 0.08961297804489732
seed123_E_event_step14500 0 6 9 0.09027202089782804
seed123_E_event_step14500 0 7 0 0.0932777349371463
seed123_E_event_step14500 0 7 1 0.09034360002260655
seed123_E_event_step14500 0 7 2 0.09008669399190694
seed123_E_event_step14500 0 7 3 0.09107522200793028
seed123_E_event_step14500 0 7 4 0.09343170200008899
seed123_E_event_step14500 0 7 5 0.0934646159876138
seed123_E_event_step14500 0 7 6 0.08894622093066573
seed123_E_event_step14500 0 7 7 0.09096281498204917
seed123_E_event_step14500 0 7 8 0.09103439992759377
seed123_E_event_step14500 0 7 9 0.091350028058514
seed123_E_event_step14500 0 8 0 0.09315172908827662
seed123_E_event_step14500 0 8 1 0.09418965200893581
seed123_E_event_step14500 0 8 2 0.09740375902038068
seed123_E_event_step14500 0 8 3 0.0963848209939897
seed123_E_event_step14500 0 8 4 0.09585877496283501
seed123_E_event_step14500 0 8 5 0.09570043894927949
seed123_E_event_step14500 0 8 6 0.0942116139922291
seed123_E_event_step14500 0 8 7 0.09728923696093261
seed123_E_event_step14500 0 8 8 0.09242893196642399
seed123_E_event_step14500 0 8 9 0.09348312497604638
seed123_E_event_step14500 0 9 0 0.09709626098629087
seed123_E_event_step14500 0 9 1 0.10219803103245795
seed123_E_event_step14500 0 9 2 0.09942493704147637
seed123_E_event_step14500 0 9 3 0.09644558501895517
seed123_E_event_step14500 0 9 4 0.09728546591941267
seed123_E_event_step14500 0 9 5 0.09803685697261244
seed123_E_event_step14500 0 9 6 0.09911903704050928
seed123_E_event_step14500 0 9 7 0.09690159501042217
seed123_E_event_step14500 0 9 8 0.1026784690329805
seed123_E_event_step14500 0 9 9 0.0994034520117566
seed123_E_event_step14500 6 0 0 0.15614413400180638
seed123_E_event_step14500 6 0 1 0.15778232598677278
seed123_E_event_step14500 6 0 2 0.1560923340730369
seed123_E_event_step14500 6 0 3 0.16101657203398645
seed123_E_event_step14500 6 0 4 0.14347873092629015
seed123_E_event_step14500 6 0 5 0.1441000490449369
seed123_E_event_step14500 6 0 6 0.14508337306324393
seed123_E_event_step14500 6 0 7 0.15120527299586684
seed123_E_event_step14500 6 0 8 0.1490066780243069
seed123_E_event_step14500 6 0 9 0.14687451103236526
seed123_E_event_step14500 6 1 0 0.14443587290588766
seed123_E_event_step14500 6 1 1 0.14081543299835175
seed123_E_event_step14500 6 1 2 0.14305103803053498
seed123_E_event_step14500 6 1 3 0.14551425003446639
seed123_E_event_step14500 6 1 4 0.14246325998101383
seed123_E_event_step14500 6 1 5 0.1438180049881339
seed123_E_event_step14500 6 1 6 0.14559367403853685
seed123_E_event_step14500 6 1 7 0.14377540303394198
seed123_E_event_step14500 6 1 8 0.14704772003460675
seed123_E_event_step14500 6 1 9 0.1468378339195624
seed123_E_event_step14500 6 2 0 0.14988053496927023
seed123_E_event_step14500 6 2 1 0.1484083520481363
seed123_E_event_step14500 6 2 2 0.1497886369470507
seed123_E_event_step14500 6 2 3 0.15104502299800515
seed123_E_event_step14500 6 2 4 0.14328902901615947
seed123_E_event_step14500 6 2 5 0.1481168590253219
seed123_E_event_step14500 6 2 6 0.14785008993931115
seed123_E_event_step14500 6 2 7 0.14920315193012357
seed123_E_event_step14500 6 2 8 0.15052553510759026
seed123_E_event_step14500 6 2 9 0.15135365293826908
seed123_E_event_step14500 6 3 0 0.14753164490684867
seed123_E_event_step14500 6 3 1 0.14123888593167067
seed123_E_event_step14500 6 3 2 0.142560497042723
seed123_E_event_step14500 6 3 3 0.16798280295915902
seed123_E_event_step14500 6 3 4 0.1565991749521345
seed123_E_event_step14500 6 3 5 0.15057853190228343
seed123_E_event_step14500 6 3 6 0.15074979199562222
seed123_E_event_step14500 6 3 7 0.14723670098464936
seed123_E_event_step14500 6 3 8 0.1421331079909578
seed123_E_event_step14500 6 3 9 0.16840056597720832
seed123_E_event_step14500 6 4 0 0.147404199000448
seed123_E_event_step14500 6 4 1 0.1449642179068178
seed123_E_event_step14500 6 4 2 0.14649905206169933
seed123_E_event_step14500 6 4 3 0.15518609201535583
seed123_E_event_step14500 6 4 4 0.14219587401021272
seed123_E_event_step14500 6 4 5 0.14574759104289114
seed123_E_event_step14500 6 4 6 0.14884260203689337
seed123_E_event_step14500 6 4 7 0.16178361303173006
seed123_E_event_step14500 6 4 8 0.14663872704841197
seed123_E_event_step14500 6 4 9 0.15053778293076903
seed123_E_event_step14500 6 5 0 0.14338134799618274
seed123_E_event_step14500 6 5 1 0.1493681858992204
seed123_E_event_step14500 6 5 2 0.1627058229641989
seed123_E_event_step14500 6 5 3 0.14748093707021326
seed123_E_event_step14500 6 5 4 0.14874953706748784
seed123_E_event_step14500 6 5 5 0.14771613094490021
seed123_E_event_step14500 6 5 6 0.15554389194585383
seed123_E_event_step14500 6 5 7 0.14661545597482473
seed123_E_event_step14500 6 5 8 0.1441238970728591
seed123_E_event_step14500 6 5 9 0.15642894699703902
seed123_E_event_step14500 6 6 0 0.14982481696642935
seed123_E_event_step14500 6 6 1 0.150326595059596
seed123_E_event_step14500 6 6 2 0.1577180540189147
seed123_E_event_step14500 6 6 3 0.1606606850400567
seed123_E_event_step14500 6 6 4 0.15653853793628514
seed123_E_event_step14500 6 6 5 0.15463239699602127
seed123_E_event_step14500 6 6 6 0.14779172593262047
seed123_E_event_step14500 6 6 7 0.16271381301339716
seed123_E_event_step14500 6 6 8 0.15014917799271643
seed123_E_event_step14500 6 6 9 0.14833855303004384
seed123_E_event_step14500 6 7 0 0.15074114000890404
seed123_E_event_step14500 6 7 1 0.14609414001461118
seed123_E_event_step14500 6 7 2 0.15121590404305607
seed123_E_event_step14500 6 7 3 0.14717078290414065
seed123_E_event_step14500 6 7 4 0.14995198301039636
seed123_E_event_step14500 6 7 5 0.153423061943613
seed123_E_event_step14500 6 7 6 0.14753959502559155
seed123_E_event_step14500 6 7 7 0.14704754506237805
seed123_E_event_step14500 6 7 8 0.14668127801269293
seed123_E_event_step14500 6 7 9 0.14891305298078805
seed123_E_event_step14500 6 8 0 0.14475764997769147
seed123_E_event_step14500 6 8 1 0.14424293697811663
seed123_E_event_step14500 6 8 2 0.15442449995316565
seed123_E_event_step14500 6 8 3 0.14759330393280834
seed123_E_event_step14500 6 8 4 0.1479123899480328
seed123_E_event_step14500 6 8 5 0.14205420203506947
seed123_E_event_step14500 6 8 6 0.14603688498027623
seed123_E_event_step14500 6 8 7 0.14850820507854223
seed123_E_event_step14500 6 8 8 0.14515167602803558
seed123_E_event_step14500 6 8 9 0.14938799396622926
seed123_E_event_step14500 6 9 0 0.14732592308428138
seed123_E_event_step14500 6 9 1 0.14890378795098513
seed123_E_event_step14500 6 9 2 0.14998665696475655
seed123_E_event_step14500 6 9 3 0.1422937740571797
seed123_E_event_step14500 6 9 4 0.14148895093239844
seed123_E_event_step14500 6 9 5 0.14476945297792554
seed123_E_event_step14500 6 9 6 0.1425574030727148
seed123_E_event_step14500 6 9 7 0.142161599942483
seed123_E_event_step14500 6 9 8 0.1454243379412219
seed123_E_event_step14500 6 9 9 0.1487753849942237
seed123_E_event_step14500 9 0 0 0.051033277064561844
seed123_E_event_step14500 9 0 1 0.041699780034832656
seed123_E_event_step14500 9 0 2 0.04305204004049301
seed123_E_event_step14500 9 0 3 0.042435981100425124
seed123_E_event_step14500 9 0 4 0.041977867949754
seed123_E_event_step14500 9 0 5 0.04180318000726402
seed123_E_event_step14500 9 0 6 0.04271946894004941
seed123_E_event_step14500 9 0 7 0.04254814796149731
seed123_E_event_step14500 9 0 8 0.044335167040117085
seed123_E_event_step14500 9 0 9 0.042687306995503604
seed123_E_event_step14500 9 1 0 0.04475568898487836
seed123_E_event_step14500 9 1 1 0.04279414191842079
seed123_E_event_step14500 9 1 2 0.04256481002084911
seed123_E_event_step14500 9 1 3 0.041364894015714526
seed123_E_event_step14500 9 1 4 0.04230934695806354
seed123_E_event_step14500 9 1 5 0.04133658902719617
seed123_E_event_step14500 9 1 6 0.04154563299380243
seed123_E_event_step14500 9 1 7 0.0423713659401983
seed123_E_event_step14500 9 1 8 0.04222430300433189
seed123_E_event_step14500 9 1 9 0.04357463901396841
seed123_E_event_step14500 9 2 0 0.04290522600058466
seed123_E_event_step14500 9 2 1 0.04100420791655779
seed123_E_event_step14500 9 2 2 0.04180570296011865
seed123_E_event_step14500 9 2 3 0.041621998068876565
seed123_E_event_step14500 9 2 4 0.04187208192888647
seed123_E_event_step14500 9 2 5 0.04138127504847944
seed123_E_event_step14500 9 2 6 0.042066956986673176
seed123_E_event_step14500 9 2 7 0.041339172050356865
seed123_E_event_step14500 9 2 8 0.04256720305420458
seed123_E_event_step14500 9 2 9 0.04170585109386593
seed123_E_event_step14500 9 3 0 0.042224972043186426
seed123_E_event_step14500 9 3 1 0.04177991393953562
seed123_E_event_step14500 9 3 2 0.04389296309091151
seed123_E_event_step14500 9 3 3 0.0422426670556888
seed123_E_event_step14500 9 3 4 0.04163713799789548
seed123_E_event_step14500 9 3 5 0.04196345806121826
seed123_E_event_step14500 9 3 6 0.042227567988447845
seed123_E_event_step14500 9 3 7 0.043795254081487656
seed123_E_event_step14500 9 3 8 0.04164746799506247
seed123_E_event_step14500 9 3 9 0.04254959907848388
seed123_E_event_step14500 9 4 0 0.04290159896481782
seed123_E_event_step14500 9 4 1 0.04160997492726892
seed123_E_event_step14500 9 4 2 0.04162536491639912
seed123_E_event_step14500 9 4 3 0.04460024705622345
seed123_E_event_step14500 9 4 4 0.04177982406690717
seed123_E_event_step14500 9 4 5 0.04126896592788398
seed123_E_event_step14500 9 4 6 0.04165028198622167
seed123_E_event_step14500 9 4 7 0.041955451015383005
seed123_E_event_step14500 9 4 8 0.04174688900820911
seed123_E_event_step14500 9 4 9 0.04177252703811973
seed123_E_event_step14500 9 5 0 0.04250187601428479
seed123_E_event_step14500 9 5 1 0.041367937927134335
seed123_E_event_step14500 9 5 2 0.041321437107399106
seed123_E_event_step14500 9 5 3 0.04223443893715739
seed123_E_event_step14500 9 5 4 0.04326285398565233
seed123_E_event_step14500 9 5 5 0.042898501036688685
seed123_E_event_step14500 9 5 6 0.04334484203718603
seed123_E_event_step14500 9 5 7 0.04253453901037574
seed123_E_event_step14500 9 5 8 0.04171119991224259
seed123_E_event_step14500 9 5 9 0.041296027950011194
seed123_E_event_step14500 9 6 0 0.041140588000416756
seed123_E_event_step14500 9 6 1 0.04257675108965486
seed123_E_event_step14500 9 6 2 0.041242504958063364
seed123_E_event_step14500 9 6 3 0.041738552041351795
seed123_E_event_step14500 9 6 4 0.04196958790998906
seed123_E_event_step14500 9 6 5 0.044811172992922366
seed123_E_event_step14500 9 6 6 0.041892388951964676
seed123_E_event_step14500 9 6 7 0.042700679041445255
seed123_E_event_step14500 9 6 8 0.043027420062571764
seed123_E_event_step14500 9 6 9 0.042404646053910255
seed123_E_event_step14500 9 7 0 0.04116634605452418
seed123_E_event_step14500 9 7 1 0.042500001029111445
seed123_E_event_step14500 9 7 2 0.04155703098513186
seed123_E_event_step14500 9 7 3 0.04140979703515768
seed123_E_event_step14500 9 7 4 0.04213559709023684
seed123_E_event_step14500 9 7 5 0.04341907403431833
seed123_E_event_step14500 9 7 6 0.04127585899550468
seed123_E_event_step14500 9 7 7 0.041435676044784486
seed123_E_event_step14500 9 7 8 0.04284489597193897
seed123_E_event_step14500 9 7 9 0.045154655002988875
seed123_E_event_step14500 9 8 0 0.046574114006944
seed123_E_event_step14500 9 8 1 0.0420349920168519
seed123_E_event_step14500 9 8 2 0.04444700898602605
seed123_E_event_step14500 9 8 3 0.04291405901312828
seed123_E_event_step14500 9 8 4 0.04241305298637599
seed123_E_event_step14500 9 8 5 0.04481335496529937
seed123_E_event_step14500 9 8 6 0.043362155091017485
seed123_E_event_step14500 9 8 7 0.043208939023315907
seed123_E_event_step14500 9 8 8 0.04259958304464817
seed123_E_event_step14500 9 8 9 0.0432388469344005
seed123_E_event_step14500 9 9 0 0.04361252801027149
seed123_E_event_step14500 9 9 1 0.04274616402108222
seed123_E_event_step14500 9 9 2 0.04329864005558193
seed123_E_event_step14500 9 9 3 0.042953764903359115
seed123_E_event_step14500 9 9 4 0.042555075022391975
seed123_E_event_step14500 9 9 5 0.04227086598984897
seed123_E_event_step14500 9 9 6 0.04231055290438235
seed123_E_event_step14500 9 9 7 0.04193442896939814
seed123_E_event_step14500 9 9 8 0.041803204105235636
seed123_E_event_step14500 9 9 9 0.04470416402909905
seed123_E_event_step14500 12 0 0 0.41988635098095983
seed123_E_event_step14500 12 0 1 0.4228268610313535
seed123_E_event_step14500 12 0 2 0.43250910099595785
seed123_E_event_step14500 12 0 3 0.42124632094055414
seed123_E_event_step14500 12 0 4 0.4233819510554895
seed123_E_event_step14500 12 0 5 0.4246664000675082
seed123_E_event_step14500 12 0 6 0.41918749501928687
seed123_E_event_step14500 12 0 7 0.41773469699546695
seed123_E_event_step14500 12 0 8 0.4187462949194014
seed123_E_event_step14500 12 0 9 0.43223254394251853
seed123_E_event_step14500 12 1 0 0.42482276202645153
seed123_E_event_step14500 12 1 1 0.42001836793497205
seed123_E_event_step14500 12 1 2 0.4282163990428671
seed123_E_event_step14500 12 1 3 0.4213930208934471
seed123_E_event_step14500 12 1 4 0.41806713794358075
seed123_E_event_step14500 12 1 5 0.4106045819353312
seed123_E_event_step14500 12 1 6 0.42306715401355177
seed123_E_event_step14500 12 1 7 0.42150180297903717
seed123_E_event_step14500 12 1 8 0.4388057830510661
seed123_E_event_step14500 12 1 9 0.4251421639928594
seed123_E_event_step14500 12 2 0 0.4616257520392537
seed123_E_event_step14500 12 2 1 0.4163335219491273
seed123_E_event_step14500 12 2 2 0.4221915529342368
seed123_E_event_step14500 12 2 3 0.4266319319140166
seed123_E_event_step14500 12 2 4 0.41513258998747915
seed123_E_event_step14500 12 2 5 0.4159356369636953
seed123_E_event_step14500 12 2 6 0.4140658680116758
seed123_E_event_step14500 12 2 7 0.41070536605548114
seed123_E_event_step14500 12 2 8 0.4162463329266757
seed123_E_event_step14500 12 2 9 0.4178867960581556
seed123_E_event_step14500 12 3 0 0.4188922339817509
seed123_E_event_step14500 12 3 1 0.42361766297835857
seed123_E_event_step14500 12 3 2 0.42037981504108757
seed123_E_event_step14500 12 3 3 0.4193087359890342
seed123_E_event_step14500 12 3 4 0.4273211610270664
seed123_E_event_step14500 12 3 5 0.42042963404674083
seed123_E_event_step14500 12 3 6 0.41697233193553984
seed123_E_event_step14500 12 3 7 0.41728425200562924
seed123_E_event_step14500 12 3 8 0.4225123500218615
seed123_E_event_step14500 12 3 9 0.4182498259469867
seed123_E_event_step14500 12 4 0 0.42680239398032427
seed123_E_event_step14500 12 4 1 0.42019328800961375
seed123_E_event_step14500 12 4 2 0.4214042651001364
seed123_E_event_step14500 12 4 3 0.44212528702337295
seed123_E_event_step14500 12 4 4 0.420258290017955
seed123_E_event_step14500 12 4 5 0.42409421200864017
seed123_E_event_step14500 12 4 6 0.4233364120591432
seed123_E_event_step14500 12 4 7 0.4322233919519931
seed123_E_event_step14500 12 4 8 0.4166708020493388
seed123_E_event_step14500 12 4 9 0.41157624206971377
seed123_E_event_step14500 12 5 0 0.4236590639920905
seed123_E_event_step14500 12 5 1 0.41200578899588436
seed123_E_event_step14500 12 5 2 0.4252860100241378
seed123_E_event_step14500 12 5 3 0.42158216796815395
seed123_E_event_step14500 12 5 4 0.4198514319723472
seed123_E_event_step14500 12 5 5 0.4214649939676747
seed123_E_event_step14500 12 5 6 0.420209186966531
seed123_E_event_step14500 12 5 7 0.4154345359420404
seed123_E_event_step14500 12 5 8 0.4281833650311455
seed123_E_event_step14500 12 5 9 0.43683285801671445
seed123_E_event_step14500 12 6 0 0.41850760905072093
seed123_E_event_step14500 12 6 1 0.42652235296554863
seed123_E_event_step14500 12 6 2 0.41888450493570417
seed123_E_event_step14500 12 6 3 0.4277299370151013
seed123_E_event_step14500 12 6 4 0.4186288999626413
seed123_E_event_step14500 12 6 5 0.4260412820149213
seed123_E_event_step14500 12 6 6 0.418777753948234
seed123_E_event_step14500 12 6 7 0.4212225070223212
seed123_E_event_step14500 12 6 8 0.42451989790424705
seed123_E_event_step14500 12 6 9 0.4183009809348732
seed123_E_event_step14500 12 7 0 0.4113647679332644
seed123_E_event_step14500 12 7 1 0.4262023400515318
seed123_E_event_step14500 12 7 2 0.4120045149466023
seed123_E_event_step14500 12 7 3 0.4135718219913542
seed123_E_event_step14500 12 7 4 0.4181903899880126
seed123_E_event_step14500 12 7 5 0.4177647379692644
seed123_E_event_step14500 12 7 6 0.425475119962357
seed123_E_event_step14500 12 7 7 0.4187643459299579
seed123_E_event_step14500 12 7 8 0.41593098698649555
seed123_E_event_step14500 12 7 9 0.4194959501037374
seed123_E_event_step14500 12 8 0 0.41743577702436596
seed123_E_event_step14500 12 8 1 0.41537852899637073
seed123_E_event_step14500 12 8 2 0.42151730705518275
seed123_E_event_step14500 12 8 3 0.42845393798779696
seed123_E_event_step14500 12 8 4 0.4262688949238509
seed123_E_event_step14500 12 8 5 0.42406354600097984
seed123_E_event_step14500 12 8 6 0.41833180701360106
seed123_E_event_step14500 12 8 7 0.4380782659864053
seed123_E_event_step14500 12 8 8 0.4173109279945493
seed123_E_event_step14500 12 8 9 0.41813540703151375
seed123_E_event_step14500 12 9 0 0.44075458392035216
seed123_E_event_step14500 12 9 1 0.4259384679608047
seed123_E_event_step14500 12 9 2 0.4365415939828381
seed123_E_event_step14500 12 9 3 0.4312142569106072
seed123_E_event_step14500 12 9 4 0.43832281697541475
seed123_E_event_step14500 12 9 5 0.42114880098961294
seed123_E_event_step14500 12 9 6 0.4528444040333852
seed123_E_event_step14500 12 9 7 0.4569855300942436
seed123_E_event_step14500 12 9 8 0.41472578095272183
seed123_E_event_step14500 12 9 9 0.42740083509124815
seed123_E_event_step14500 18 0 0 0.11058049299754202
seed123_E_event_step14500 18 0 1 0.10297431203071028
seed123_E_event_step14500 18 0 2 0.10299406002741307
seed123_E_event_step14500 18 0 3 0.10933206300251186
seed123_E_event_step14500 18 0 4 0.10260029800701886
seed123_E_event_step14500 18 0 5 0.10284535004757345
seed123_E_event_step14500 18 0 6 0.10332731099333614
seed123_E_event_step14500 18 0 7 0.10368863702751696
seed123_E_event_step14500 18 0 8 0.11222260689828545
seed123_E_event_step14500 18 0 9 0.10383992898277938
seed123_E_event_step14500 18 1 0 0.10251508303917944
seed123_E_event_step14500 18 1 1 0.10500980506185442
seed123_E_event_step14500 18 1 2 0.10027770500164479
seed123_E_event_step14500 18 1 3 0.10386764991562814
seed123_E_event_step14500 18 1 4 0.1037501230603084
seed123_E_event_step14500 18 1 5 0.10533596097957343
seed123_E_event_step14500 18 1 6 0.10425019706599414
seed123_E_event_step14500 18 1 7 0.10319469100795686
seed123_E_event_step14500 18 1 8 0.10385351302102208
seed123_E_event_step14500 18 1 9 0.10258646903093904
seed123_E_event_step14500 18 2 0 0.10093404108192772
seed123_E_event_step14500 18 2 1 0.10336080193519592
seed123_E_event_step14500 18 2 2 0.10454684600699693
seed123_E_event_step14500 18 2 3 0.10322755202651024
seed123_E_event_step14500 18 2 4 0.10584425902925432
seed123_E_event_step14500 18 2 5 0.10429846798069775
seed123_E_event_step14500 18 2 6 0.10730063798837364
seed123_E_event_step14500 18 2 7 0.10394000599626452
seed123_E_event_step14500 18 2 8 0.10329989204183221
seed123_E_event_step14500 18 2 9 0.10341562505345792
seed123_E_event_step14500 18 3 0 0.10515861597377807
seed123_E_event_step14500 18 3 1 0.10352872009389102
seed123_E_event_step14500 18 3 2 0.10631915100384504
seed123_E_event_step14500 18 3 3 0.10342011996544898
seed123_E_event_step14500 18 3 4 0.10470535804051906
seed123_E_event_step14500 18 3 5 0.10569262399803847
seed123_E_event_step14500 18 3 6 0.10685141803696752
seed123_E_event_step14500 18 3 7 0.1047896109521389
seed123_E_event_step14500 18 3 8 0.10368831793311983
seed123_E_event_step14500 18 3 9 0.10556107806041837
seed123_E_event_step14500 18 4 0 0.10402013699058443
seed123_E_event_step14500 18 4 1 0.1068520660046488
seed123_E_event_step14500 18 4 2 0.10501625493634492
seed123_E_event_step14500 18 4 3 0.10937212605495006
seed123_E_event_step14500 18 4 4 0.1048257970251143
seed123_E_event_step14500 18 4 5 0.11271435301750898
seed123_E_event_step14500 18 4 6 0.10320222703740001
seed123_E_event_step14500 18 4 7 0.10507804504595697
seed123_E_event_step14500 18 4 8 0.10659016098361462
seed123_E_event_step14500 18 4 9 0.10260001593269408
seed123_E_event_step14500 18 5 0 0.10506688104942441
seed123_E_event_step14500 18 5 1 0.10059869196265936
seed123_E_event_step14500 18 5 2 0.10337148001417518
seed123_E_event_step14500 18 5 3 0.102672831970267
seed123_E_event_step14500 18 5 4 0.10272087494377047
seed123_E_event_step14500 18 5 5 0.10184915398713201
seed123_E_event_step14500 18 5 6 0.10317846795078367
seed123_E_event_step14500 18 5 7 0.10585080191958696
seed123_E_event_step14500 18 5 8 0.10550824098754674
seed123_E_event_step14500 18 5 9 0.10480083501897752
seed123_E_event_step14500 18 6 0 0.10301662294659764
seed123_E_event_step14500 18 6 1 0.10365890199318528
seed123_E_event_step14500 18 6 2 0.10456943698227406
seed123_E_event_step14500 18 6 3 0.10598990693688393
seed123_E_event_step14500 18 6 4 0.10825516504701227
seed123_E_event_step14500 18 6 5 0.10430513706523925
seed123_E_event_step14500 18 6 6 0.1051451979437843
seed123_E_event_step14500 18 6 7 0.10394460207317024
seed123_E_event_step14500 18 6 8 0.10829662496689707
seed123_E_event_step14500 18 6 9 0.10957800399046391
seed123_E_event_step14500 18 7 0 0.11083070992026478
seed123_E_event_step14500 18 7 1 0.10761902492959052
seed123_E_event_step14500 18 7 2 0.11541376810055226
seed123_E_event_step14500 18 7 3 0.11677612503990531
seed123_E_event_step14500 18 7 4 0.10551396501250565
seed123_E_event_step14500 18 7 5 0.1045792429940775
seed123_E_event_step14500 18 7 6 0.10960136901121587
seed123_E_event_step14500 18 7 7 0.1032210640842095
seed123_E_event_step14500 18 7 8 0.10766463098116219
seed123_E_event_step14500 18 7 9 0.10346358898095787
seed123_E_event_step14500 18 8 0 0.10543683299329132
seed123_E_event_step14500 18 8 1 0.1039124239468947
seed123_E_event_step14500 18 8 2 0.1087642009370029
seed123_E_event_step14500 18 8 3 0.10586077091284096
seed123_E_event_step14500 18 8 4 0.10395748994778842
seed123_E_event_step14500 18 8 5 0.10669600195251405
seed123_E_event_step14500 18 8 6 0.10403923795092851
seed123_E_event_step14500 18 8 7 0.10423728998284787
seed123_E_event_step14500 18 8 8 0.10363768099341542
seed123_E_event_step14500 18 8 9 0.10309571598190814
seed123_E_event_step14500 18 9 0 0.10267272009514272
seed123_E_event_step14500 18 9 1 0.10498902702238411
seed123_E_event_step14500 18 9 2 0.10482587199658155
seed123_E_event_step14500 18 9 3 0.10468192503321916
seed123_E_event_step14500 18 9 4 0.10422634601127356
seed123_E_event_step14500 18 9 5 0.10264098888728768
seed123_E_event_step14500 18 9 6 0.10410800692625344
seed123_E_event_step14500 18 9 7 0.10407702694647014
seed123_E_event_step14500 18 9 8 0.10248318209778517
seed123_E_event_step14500 18 9 9 0.102669961983338
seed123_E_event_step14500 22 0 0 0.017295022029429674
seed123_E_event_step14500 22 0 1 0.015262212022207677
seed123_E_event_step14500 22 0 2 0.015264797024428844
seed123_E_event_step14500 22 0 3 0.018618243979290128
seed123_E_event_step14500 22 0 4 0.01610900496598333
seed123_E_event_step14500 22 0 5 0.01697664801031351
seed123_E_event_step14500 22 0 6 0.015952794929035008
seed123_E_event_step14500 22 0 7 0.015798276057466865
seed123_E_event_step14500 22 0 8 0.01584975398145616
seed123_E_event_step14500 22 0 9 0.015584704000502825
seed123_E_event_step14500 22 1 0 0.015617617988027632
seed123_E_event_step14500 22 1 1 0.015517193009145558
seed123_E_event_step14500 22 1 2 0.01550415891688317
seed123_E_event_step14500 22 1 3 0.015538133913651109
seed123_E_event_step14500 22 1 4 0.017121326993219554
seed123_E_event_step14500 22 1 5 0.015489079989492893
seed123_E_event_step14500 22 1 6 0.015460725058801472
seed123_E_event_step14500 22 1 7 0.016027598991058767
seed123_E_event_step14500 22 1 8 0.015512413927353919
seed123_E_event_step14500 22 1 9 0.015494551043957472
seed123_E_event_step14500 22 2 0 0.015473779989406466
seed123_E_event_step14500 22 2 1 0.015461256029084325
seed123_E_event_step14500 22 2 2 0.015446848003193736
seed123_E_event_step14500 22 2 3 0.015466375974938273
seed123_E_event_step14500 22 2 4 0.01542931399308145
seed123_E_event_step14500 22 2 5 0.015459673013538122
seed123_E_event_step14500 22 2 6 0.01554748194757849
seed123_E_event_step14500 22 2 7 0.01596042898017913
seed123_E_event_step14500 22 2 8 0.015454172040335834
seed123_E_event_step14500 22 2 9 0.015438110916875303
seed123_E_event_step14500 22 3 0 0.015449763042852283
seed123_E_event_step14500 22 3 1 0.01544138789176941
seed123_E_event_step14500 22 3 2 0.01545265899039805
seed123_E_event_step14500 22 3 3 0.01587203808594495
seed123_E_event_step14500 22 3 4 0.018646489013917744
seed123_E_event_step14500 22 3 5 0.016073124948889017
seed123_E_event_step14500 22 3 6 0.015723671996966004
seed123_E_event_step14500 22 3 7 0.015540660009719431
seed123_E_event_step14500 22 3 8 0.015235911007039249
seed123_E_event_step14500 22 3 9 0.015590654918923974
seed123_E_event_step14500 22 4 0 0.015719434013590217
seed123_E_event_step14500 22 4 1 0.015283482964150608
seed123_E_event_step14500 22 4 2 0.01544347102753818
seed123_E_event_step14500 22 4 3 0.015995374997146428
seed123_E_event_step14500 22 4 4 0.01615327107720077
seed123_E_event_step14500 22 4 5 0.015233637066558003
seed123_E_event_step14500 22 4 6 0.015353368013165891
seed123_E_event_step14500 22 4 7 0.015233166050165892
seed123_E_event_step14500 22 4 8 0.015237894956953824
seed123_E_event_step14500 22 4 9 0.015304644010029733
seed123_E_event_step14500 22 5 0 0.015279173967428505
seed123_E_event_step14500 22 5 1 0.015228546923026443
seed123_E_event_step14500 22 5 2 0.015266438946127892
seed123_E_event_step14500 22 5 3 0.015867448993958533
seed123_E_event_step14500 22 5 4 0.015256982063874602
seed123_E_event_step14500 22 5 5 0.015236170962452888
seed123_E_event_step14500 22 5 6 0.015457337955012918
seed123_E_event_step14500 22 5 7 0.015529506956227124
seed123_E_event_step14500 22 5 8 0.015568453003652394
seed123_E_event_step14500 22 5 9 0.015570887015201151
seed123_E_event_step14500 22 6 0 0.015864733955822885
seed123_E_event_step14500 22 6 1 0.015507595031522214
seed123_E_event_step14500 22 6 2 0.015463178977370262
seed123_E_event_step14500 22 6 3 0.017262880108319223
seed123_E_event_step14500 22 6 4 0.018810615059919655
seed123_E_event_step14500 22 6 5 0.015695577021688223
seed123_E_event_step14500 22 6 6 0.016497434000484645
seed123_E_event_step14500 22 6 7 0.016249335021711886
seed123_E_event_step14500 22 6 8 0.01695720897987485
seed123_E_event_step14500 22 6 9 0.016144542954862118
seed123_E_event_step14500 22 7 0 0.015829324955120683
seed123_E_event_step14500 22 7 1 0.016394134960137308
seed123_E_event_step14500 22 7 2 0.016449171002022922
seed123_E_event_step14500 22 7 3 0.01588717696722597
seed123_E_event_step14500 22 7 4 0.01623553899116814
seed123_E_event_step14500 22 7 5 0.015664958977140486
seed123_E_event_step14500 22 7 6 0.015461455914191902
seed123_E_event_step14500 22 7 7 0.016116848913952708
seed123_E_event_step14500 22 7 8 0.015754049993120134
seed123_E_event_step14500 22 7 9 0.015656542032957077
seed123_E_event_step14500 22 8 0 0.015627274988219142
seed123_E_event_step14500 22 8 1 0.01568359404336661
seed123_E_event_step14500 22 8 2 0.015485292067751288
seed123_E_event_step14500 22 8 3 0.015494319959543645
seed123_E_event_step14500 22 8 4 0.015484850970096886
seed123_E_event_step14500 22 8 5 0.015429013059474528
seed123_E_event_step14500 22 8 6 0.015582779073156416
seed123_E_event_step14500 22 8 7 0.015511271893046796
seed123_E_event_step14500 22 8 8 0.015523726004175842
seed123_E_event_step14500 22 8 9 0.015479761059395969
seed123_E_event_step14500 22 9 0 0.015459220972843468
seed123_E_event_step14500 22 9 1 0.017750711063854396
seed123_E_event_step14500 22 9 2 0.01640820095781237
seed123_E_event_step14500 22 9 3 0.01578592194709927
seed123_E_event_step14500 22 9 4 0.015995395951904356
seed123_E_event_step14500 22 9 5 0.016055981977842748
seed123_E_event_step14500 22 9 6 0.016517884097993374
seed123_E_event_step14500 22 9 7 0.015945018967613578
seed123_E_event_step14500 22 9 8 0.01672705600503832
seed123_E_event_step14500 22 9 9 0.015321847051382065
seed123_E_event_step14500 24 0 0 0.018420691951178014
seed123_E_event_step14500 24 0 1 0.018976064049638808
seed123_E_event_step14500 24 0 2 0.01754483301192522
seed123_E_event_step14500 24 0 3 0.01718049100600183
seed123_E_event_step14500 24 0 4 0.01740993291605264
seed123_E_event_step14500 24 0 5 0.017096007941290736
seed123_E_event_step14500 24 0 6 0.017259353073313832
seed123_E_event_step14500 24 0 7 0.017202081042341888
seed123_E_event_step14500 24 0 8 0.017147277016192675
seed123_E_event_step14500 24 0 9 0.018181210034526885
seed123_E_event_step14500 24 1 0 0.018955042003653944
seed123_E_event_step14500 24 1 1 0.017531177029013634
seed123_E_event_step14500 24 1 2 0.01735713006928563
seed123_E_event_step14500 24 1 3 0.017290281946770847
seed123_E_event_step14500 24 1 4 0.017325520049780607
seed123_E_event_step14500 24 1 5 0.018075736006721854
seed123_E_event_step14500 24 1 6 0.017352172057144344
seed123_E_event_step14500 24 1 7 0.017274191020987928
seed123_E_event_step14500 24 1 8 0.018570921034552157
seed123_E_event_step14500 24 1 9 0.017341902013868093
seed123_E_event_step14500 24 2 0 0.01708967611193657
seed123_E_event_step14500 24 2 1 0.01817874505650252
seed123_E_event_step14500 24 2 2 0.018956043059006333
seed123_E_event_step14500 24 2 3 0.01891944499220699
seed123_E_event_step14500 24 2 4 0.01752680796198547
seed123_E_event_step14500 24 2 5 0.017572326003573835
seed123_E_event_step14500 24 2 6 0.019394299015402794
seed123_E_event_step14500 24 2 7 0.018765237065963447
seed123_E_event_step14500 24 2 8 0.018562154029496014
seed123_E_event_step14500 24 2 9 0.01845963706728071
seed123_E_event_step14500 24 3 0 0.018194066011346877
seed123_E_event_step14500 24 3 1 0.018396776053123176
seed123_E_event_step14500 24 3 2 0.018045358010567725
seed123_E_event_step14500 24 3 3 0.01744428905658424
seed123_E_event_step14500 24 3 4 0.01963731797877699
seed123_E_event_step14500 24 3 5 0.01738290092907846
seed123_E_event_step14500 24 3 6 0.017770859063602984
seed123_E_event_step14500 24 3 7 0.02041616092901677
seed123_E_event_step14500 24 3 8 0.01835376292001456
seed123_E_event_step14500 24 3 9 0.01740351994521916
seed123_E_event_step14500 24 4 0 0.018813178059644997
seed123_E_event_step14500 24 4 1 0.018025579978711903
seed123_E_event_step14500 24 4 2 0.018039305927231908
seed123_E_event_step14500 24 4 3 0.017451171996071935
seed123_E_event_step14500 24 4 4 0.018443305976688862
seed123_E_event_step14500 24 4 5 0.018595287925563753
seed123_E_event_step14500 24 4 6 0.018984007998369634
seed123_E_event_step14500 24 4 7 0.01825617498252541
seed123_E_event_step14500 24 4 8 0.017232501064427197
seed123_E_event_step14500 24 4 9 0.01776137005072087
seed123_E_event_step14500 24 5 0 0.01725135708693415
seed123_E_event_step14500 24 5 1 0.019508620025590062
seed123_E_event_step14500 24 5 2 0.01922411099076271
seed123_E_event_step14500 24 5 3 0.0194677310064435
seed123_E_event_step14500 24 5 4 0.01964044407941401
seed123_E_event_step14500 24 5 5 0.01920147705823183
seed123_E_event_step14500 24 5 6 0.018742771935649216
seed123_E_event_step14500 24 5 7 0.018271744018420577
seed123_E_event_step14500 24 5 8 0.01705161202698946
seed123_E_event_step14500 24 5 9 0.017700523021630943
seed123_E_event_step14500 24 6 0 0.01787953800521791
seed123_E_event_step14500 24 6 1 0.017473965999670327
seed123_E_event_step14500 24 6 2 0.017298627994023263
seed123_E_event_step14500 24 6 3 0.01730216504074633
seed123_E_event_step14500 24 6 4 0.01764142792671919
seed123_E_event_step14500 24 6 5 0.017277486971579492
seed123_E_event_step14500 24 6 6 0.017317243036814034
seed123_E_event_step14500 24 6 7 0.017234354047104716
seed123_E_event_step14500 24 6 8 0.01755495194811374
seed123_E_event_step14500 24 6 9 0.017241326975636184
seed123_E_event_step14500 24 7 0 0.01764571701642126
seed123_E_event_step14500 24 7 1 0.017973017995245755
seed123_E_event_step14500 24 7 2 0.017400844022631645
seed123_E_event_step14500 24 7 3 0.017507971031591296
seed123_E_event_step14500 24 7 4 0.017297515063546598
seed123_E_event_step14500 24 7 5 0.017291474039666355
seed123_E_event_step14500 24 7 6 0.017403799924068153
seed123_E_event_step14500 24 7 7 0.017559139989316463
seed123_E_event_step14500 24 7 8 0.01813216507434845
seed123_E_event_step14500 24 7 9 0.017092140042223036
seed123_E_event_step14500 24 8 0 0.01734394603408873
seed123_E_event_step14500 24 8 1 0.018194954958744347
seed123_E_event_step14500 24 8 2 0.017481590970419347
seed123_E_event_step14500 24 8 3 0.017298507038503885
seed123_E_event_step14500 24 8 4 0.020603349898010492
seed123_E_event_step14500 24 8 5 0.01834440405946225
seed123_E_event_step14500 24 8 6 0.018668901058845222
seed123_E_event_step14500 24 8 7 0.01828077097889036
seed123_E_event_step14500 24 8 8 0.01765149796847254
seed123_E_event_step14500 24 8 9 0.018982875044457614
seed123_E_event_step14500 24 9 0 0.01738105691038072
seed123_E_event_step14500 24 9 1 0.01728049200028181
seed123_E_event_step14500 24 9 2 0.017320971004664898
seed123_E_event_step14500 24 9 3 0.017172844032756984
seed123_E_event_step14500 24 9 4 0.017912562005221844
seed123_E_event_step14500 24 9 5 0.017198294051922858
seed123_E_event_step14500 24 9 6 0.017090506968088448
seed123_E_event_step14500 24 9 7 0.017693719011731446
seed123_E_event_step14500 24 9 8 0.01754405105020851
seed123_E_event_step14500 24 9 9 0.01790033804718405
seed123_E_event_step14500 30 0 0 0.02942036301828921
seed123_E_event_step14500 30 0 1 0.02875719394069165
seed123_E_event_step14500 30 0 2 0.02798361098393798
seed123_E_event_step14500 30 0 3 0.028375417925417423
seed123_E_event_step14500 30 0 4 0.027017198037356138
seed123_E_event_step14500 30 0 5 0.027401059051044285
seed123_E_event_step14500 30 0 6 0.02816009195521474
seed123_E_event_step14500 30 0 7 0.030494222999550402
seed123_E_event_step14500 30 0 8 0.030460166977718472
seed123_E_event_step14500 30 0 9 0.028464228962548077
seed123_E_event_step14500 30 1 0 0.028232931974343956
seed123_E_event_step14500 30 1 1 0.0281370070297271
seed123_E_event_step14500 30 1 2 0.029645466012880206
seed123_E_event_step14500 30 1 3 0.028487112023867667
seed123_E_event_step14500 30 1 4 0.027368705021217465
seed123_E_event_step14500 30 1 5 0.027482133940793574
seed123_E_event_step14500 30 1 6 0.02714806003496051
seed123_E_event_step14500 30 1 7 0.027586404932662845
seed123_E_event_step14500 30 1 8 0.029642950976267457
seed123_E_event_step14500 30 1 9 0.02785314992070198
seed123_E_event_step14500 30 2 0 0.0277877829503268
seed123_E_event_step14500 30 2 1 0.02871810703072697
seed123_E_event_step14500 30 2 2 0.028790105949155986
seed123_E_event_step14500 30 2 3 0.030057461000978947
seed123_E_event_step14500 30 2 4 0.02969455101992935
seed123_E_event_step14500 30 2 5 0.03140143200289458
seed123_E_event_step14500 30 2 6 0.028430321952328086
seed123_E_event_step14500 30 2 7 0.026838252902962267
seed123_E_event_step14500 30 2 8 0.028941637952812016
seed123_E_event_step14500 30 2 9 0.028991736005991697
seed123_E_event_step14500 30 3 0 0.02734470902942121
seed123_E_event_step14500 30 3 1 0.02693703304976225
seed123_E_event_step14500 30 3 2 0.02650470903608948
seed123_E_event_step14500 30 3 3 0.027566215954720974
seed123_E_event_step14500 30 3 4 0.02764865499921143
seed123_E_event_step14500 30 3 5 0.027373153949156404
seed123_E_event_step14500 30 3 6 0.027084677014499903
seed123_E_event_step14500 30 3 7 0.027570914942771196
seed123_E_event_step14500 30 3 8 0.02664505096618086
seed123_E_event_step14500 30 3 9 0.027350149932317436
seed123_E_event_step14500 30 4 0 0.028013829956762493
seed123_E_event_step14500 30 4 1 0.027229897095821798
seed123_E_event_step14500 30 4 2 0.029003337025642395
seed123_E_event_step14500 30 4 3 0.02841680694837123
seed123_E_event_step14500 30 4 4 0.028611322049982846
seed123_E_event_step14500 30 4 5 0.028798341052606702
seed123_E_event_step14500 30 4 6 0.02837385202292353
seed123_E_event_step14500 30 4 7 0.02705406805034727
seed123_E_event_step14500 30 4 8 0.02740557596553117
seed123_E_event_step14500 30 4 9 0.027351070079021156
seed123_E_event_step14500 30 5 0 0.02809223998337984
seed123_E_event_step14500 30 5 1 0.027735651936382055
seed123_E_event_step14500 30 5 2 0.02729405101854354
seed123_E_event_step14500 30 5 3 0.026853992021642625
seed123_E_event_step14500 30 5 4 0.026522653992287815
seed123_E_event_step14500 30 5 5 0.02790252398699522
seed123_E_event_step14500 30 5 6 0.027268762001767755
seed123_E_event_step14500 30 5 7 0.026489148032851517
seed123_E_event_step14500 30 5 8 0.026494118967093527
seed123_E_event_step14500 30 5 9 0.0297213620506227
seed123_E_event_step14500 30 6 0 0.029314286075532436
seed123_E_event_step14500 30 6 1 0.028158406959846616
seed123_E_event_step14500 30 6 2 0.027840244001708925
seed123_E_event_step14500 30 6 3 0.027504186029545963
seed123_E_event_step14500 30 6 4 0.027119935024529696
seed123_E_event_step14500 30 6 5 0.026691088103689253
seed123_E_event_step14500 30 6 6 0.02744835801422596
seed123_E_event_step14500 30 6 7 0.027416736935265362
seed123_E_event_step14500 30 6 8 0.026996016036719084
seed123_E_event_step14500 30 6 9 0.026679696049541235
seed123_E_event_step14500 30 7 0 0.026723259943537414
seed123_E_event_step14500 30 7 1 0.026536730001680553
seed123_E_event_step14500 30 7 2 0.02850666898302734
seed123_E_event_step14500 30 7 3 0.02732920798007399
seed123_E_event_step14500 30 7 4 0.029768803040497005
seed123_E_event_step14500 30 7 5 0.0297220820793882
seed123_E_event_step14500 30 7 6 0.02898272592574358
seed123_E_event_step14500 30 7 7 0.027914285892620683
seed123_E_event_step14500 30 7 8 0.028505026013590395
seed123_E_event_step14500 30 7 9 0.027690935996361077
seed123_E_event_step14500 30 8 0 0.0269426730228588
seed123_E_event_step14500 30 8 1 0.026689553982578218
seed123_E_event_step14500 30 8 2 0.027720232028514147
seed123_E_event_step14500 30 8 3 0.029270370956510305
seed123_E_event_step14500 30 8 4 0.028715169988572598
seed123_E_event_step14500 30 8 5 0.02805365400854498
seed123_E_event_step14500 30 8 6 0.028229944058693945
seed123_E_event_step14500 30 8 7 0.027466703089885414
seed123_E_event_step14500 30 8 8 0.0288333980133757
seed123_E_event_step14500 30 8 9 0.027494356036186218
seed123_E_event_step14500 30 9 0 0.026565055013634264
seed123_E_event_step14500 30 9 1 0.029449616093188524
seed123_E_event_step14500 30 9 2 0.02736523700878024
seed123_E_event_step14500 30 9 3 0.028898442978970706
seed123_E_event_step14500 30 9 4 0.028352329973131418
seed123_E_event_step14500 30 9 5 0.027494917972944677
seed123_E_event_step14500 30 9 6 0.02763953502289951
seed123_E_event_step14500 30 9 7 0.026728239026851952
seed123_E_event_step14500 30 9 8 0.026607475942000747
seed123_E_event_step14500 30 9 9 0.02825428103096783
seed123_E_event_step14500 33 0 0 0.007693614927120507
seed123_E_event_step14500 33 0 1 0.00661690894048661
seed123_E_event_step14500 33 0 2 0.006076076067984104
seed123_E_event_step14500 33 0 3 0.006037843064405024
seed123_E_event_step14500 33 0 4 0.0060434830375015736
seed123_E_event_step14500 33 0 5 0.006061758962459862
seed123_E_event_step14500 33 0 6 0.006025269045494497
seed123_E_event_step14500 33 0 7 0.006063281092792749
seed123_E_event_step14500 33 0 8 0.00603934598620981
seed123_E_event_step14500 33 0 9 0.006048323004506528
seed123_E_event_step14500 33 1 0 0.006038933992385864
seed123_E_event_step14500 33 1 1 0.0060386949917301536
seed123_E_event_step14500 33 1 2 0.006035336991772056
seed123_E_event_step14500 33 1 3 0.0060582219157367945
seed123_E_event_step14500 33 1 4 0.006032071076333523
seed123_E_event_step14500 33 1 5 0.006070905947126448
seed123_E_event_step14500 33 1 6 0.006043693982064724
seed123_E_event_step14500 33 1 7 0.006104259984567761
seed123_E_event_step14500 33 1 8 0.006070044939406216
seed123_E_event_step14500 33 1 9 0.006078261067159474
seed123_E_event_step14500 33 2 0 0.006845039082691073
seed123_E_event_step14500 33 2 1 0.0061969689559191465
seed123_E_event_step14500 33 2 2 0.006404638988897204
seed123_E_event_step14500 33 2 3 0.006150138913653791
seed123_E_event_step14500 33 2 4 0.006111243972554803
seed123_E_event_step14500 33 2 5 0.006058532977476716
seed123_E_event_step14500 33 2 6 0.006045476999133825
seed123_E_event_step14500 33 2 7 0.006258278037421405
seed123_E_event_step14500 33 2 8 0.006304196082055569
seed123_E_event_step14500 33 2 9 0.006090624025091529
seed123_E_event_step14500 33 3 0 0.006312713027000427
seed123_E_event_step14500 33 3 1 0.006146350991912186
seed123_E_event_step14500 33 3 2 0.006144969025626779
seed123_E_event_step14500 33 3 3 0.0061411220813170075
seed123_E_event_step14500 33 3 4 0.006036960985511541
seed123_E_event_step14500 33 3 5 0.006157864001579583
seed123_E_event_step14500 33 3 6 0.0063568270998075604
seed123_E_event_step14500 33 3 7 0.006168956053443253
seed123_E_event_step14500 33 3 8 0.006165469065308571
seed123_E_event_step14500 33 3 9 0.006082477979362011
seed123_E_event_step14500 33 4 0 0.006345866015180945
seed123_E_event_step14500 33 4 1 0.006182590965181589
seed123_E_event_step14500 33 4 2 0.006183904013596475
seed123_E_event_step14500 33 4 3 0.006284196977503598
seed123_E_event_step14500 33 4 4 0.006174576003104448
seed123_E_event_step14500 33 4 5 0.006600548047572374
seed123_E_event_step14500 33 4 6 0.008498716983012855
seed123_E_event_step14500 33 4 7 0.006317091058008373
seed123_E_event_step14500 33 4 8 0.006232627900317311
seed123_E_event_step14500 33 4 9 0.006253288011066616
seed123_E_event_step14500 33 5 0 0.006393697927705944
seed123_E_event_step14500 33 5 1 0.006248118937946856
seed123_E_event_step14500 33 5 2 0.006264619994908571
seed123_E_event_step14500 33 5 3 0.006236486020497978
seed123_E_event_step14500 33 5 4 0.006237908033654094
seed123_E_event_step14500 33 5 5 0.006243278970941901
seed123_E_event_step14500 33 5 6 0.006206496967934072
seed123_E_event_step14500 33 5 7 0.006285600014962256
seed123_E_event_step14500 33 5 8 0.00619899295270443
seed123_E_event_step14500 33 5 9 0.006271001999266446
seed123_E_event_step14500 33 6 0 0.006235223030671477
seed123_E_event_step14500 33 6 1 0.006210285006090999
seed123_E_event_step14500 33 6 2 0.006213290034793317
seed123_E_event_step14500 33 6 3 0.0062952591106295586
seed123_E_event_step14500 33 6 4 0.006241775001399219
seed123_E_event_step14500 33 6 5 0.006255341926589608
seed123_E_event_step14500 33 6 6 0.006207779981195927
seed123_E_event_step14500 33 6 7 0.006204874953255057
seed123_E_event_step14500 33 6 8 0.006175457965582609
seed123_E_event_step14500 33 6 9 0.006273076054640114
seed123_E_event_step14500 33 7 0 0.00623447191901505
seed123_E_event_step14500 33 7 1 0.006512869033031166
seed123_E_event_step14500 33 7 2 0.0062094529857859015
seed123_E_event_step14500 33 7 3 0.006445719045586884
seed123_E_event_step14500 33 7 4 0.006309205084107816
seed123_E_event_step14500 33 7 5 0.00624277803581208
seed123_E_event_step14500 33 7 6 0.006347790011204779
seed123_E_event_step14500 33 7 7 0.0062525259563699365
seed123_E_event_step14500 33 7 8 0.006274078041315079
seed123_E_event_step14500 33 7 9 0.006298344931565225
seed123_E_event_step14500 33 8 0 0.00607660599052906
seed123_E_event_step14500 33 8 1 0.006069693947210908
seed123_E_event_step14500 33 8 2 0.0060630409279838204
seed123_E_event_step14500 33 8 3 0.006149107008241117
seed123_E_event_step14500 33 8 4 0.006227568024769425
seed123_E_event_step14500 33 8 5 0.006082548992708325
seed123_E_event_step14500 33 8 6 0.0061803460121154785
seed123_E_event_step14500 33 8 7 0.006229121005162597
seed123_E_event_step14500 33 8 8 0.00608038401696831
seed123_E_event_step14500 33 8 9 0.006065796012990177
seed123_E_event_step14500 33 9 0 0.00607454392593354
seed123_E_event_step14500 33 9 1 0.0060680300230160356
seed123_E_event_step14500 33 9 2 0.0060657060239464045
seed123_E_event_step14500 33 9 3 0.006073120050132275
seed123_E_event_step14500 33 9 4 0.006115681957453489
seed123_E_event_step14500 33 9 5 0.18271613691467792
seed123_E_event_step14500 33 9 6 0.0065300409914925694
seed123_E_event_step14500 33 9 7 0.006057700957171619
seed123_E_event_step14500 33 9 8 0.006051820004358888
seed123_E_event_step14500 33 9 9 0.006055195000953972
seed123_E_event_step14500 36 0 0 0.0069274690467864275
seed123_E_event_step14500 36 0 1 0.007543434971012175
seed123_E_event_step14500 36 0 2 0.009278560988605022
seed123_E_event_step14500 36 0 3 0.007101853960193694
seed123_E_event_step14500 36 0 4 0.006779663031920791
seed123_E_event_step14500 36 0 5 0.0069445810513570905
seed123_E_event_step14500 36 0 6 0.0068078970070928335
seed123_E_event_step14500 36 0 7 0.006762420060113072
seed123_E_event_step14500 36 0 8 0.006822054972872138
seed123_E_event_step14500 36 0 9 0.006803607917390764
seed123_E_event_step14500 36 1 0 0.006804261007346213
seed123_E_event_step14500 36 1 1 0.007004716084338725
seed123_E_event_step14500 36 1 2 0.007660000002942979
seed123_E_event_step14500 36 1 3 0.0075031270971521735
seed123_E_event_step14500 36 1 4 0.0074202780378982425
seed123_E_event_step14500 36 1 5 0.007411942933686078
seed123_E_event_step14500 36 1 6 0.00745587598066777
seed123_E_event_step14500 36 1 7 0.007414376945234835
seed123_E_event_step14500 36 1 8 0.007440686924383044
seed123_E_event_step14500 36 1 9 0.007194683072157204
seed123_E_event_step14500 36 2 0 0.010031573008745909
seed123_E_event_step14500 36 2 1 0.006939810933545232
seed123_E_event_step14500 36 2 2 0.006569567951373756
seed123_E_event_step14500 36 2 3 0.006548517034389079
seed123_E_event_step14500 36 2 4 0.00658215198200196
seed123_E_event_step14500 36 2 5 0.006577332969754934
seed123_E_event_step14500 36 2 6 0.00655390799511224
seed123_E_event_step14500 36 2 7 0.006599596003070474
seed123_E_event_step14500 36 2 8 0.006578954984433949
seed123_E_event_step14500 36 2 9 0.006569687044247985
seed123_E_event_step14500 36 3 0 0.006667025969363749
seed123_E_event_step14500 36 3 1 0.006618121056817472
seed123_E_event_step14500 36 3 2 0.006616738974116743
seed123_E_event_step14500 36 3 3 0.006749014020897448
seed123_E_event_step14500 36 3 4 0.0066016389755532146
seed123_E_event_step14500 36 3 5 0.0066163979936391115
seed123_E_event_step14500 36 3 6 0.006564859068021178
seed123_E_event_step14500 36 3 7 0.006605606991797686
seed123_E_event_step14500 36 3 8 0.006560730980709195
seed123_E_event_step14500 36 3 9 0.006655071978457272
seed123_E_event_step14500 36 4 0 0.006587462034076452
seed123_E_event_step14500 36 4 1 0.006549459998495877
seed123_E_event_step14500 36 4 2 0.006585948984138668
seed123_E_event_step14500 36 4 3 0.006622590008191764
seed123_E_event_step14500 36 4 4 0.0066457639914005995
seed123_E_event_step14500 36 4 5 0.00657524901907891
seed123_E_event_step14500 36 4 6 0.006657988065853715
seed123_E_event_step14500 36 4 7 0.006564868032000959
seed123_E_event_step14500 36 4 8 0.006557123968377709
seed123_E_event_step14500 36 4 9 0.006590689066797495
seed123_E_event_step14500 36 5 0 0.006543157040141523
seed123_E_event_step14500 36 5 1 0.006581651046872139
seed123_E_event_step14500 36 5 2 0.006630364921875298
seed123_E_event_step14500 36 5 3 0.006597020081244409
seed123_E_event_step14500 36 5 4 0.0065609910525381565
seed123_E_event_step14500 36 5 5 0.006682255072519183
seed123_E_event_step14500 36 5 6 0.0066307049710303545
seed123_E_event_step14500 36 5 7 0.00655566097702831
seed123_E_event_step14500 36 5 8 0.00656329607591033
seed123_E_event_step14500 36 5 9 0.006547815981321037
seed123_E_event_step14500 36 6 0 0.006556551903486252
seed123_E_event_step14500 36 6 1 0.00705518398899585
seed123_E_event_step14500 36 6 2 0.00900263898074627
seed123_E_event_step14500 36 6 3 0.007220361963845789
seed123_E_event_step14500 36 6 4 0.006620826083235443
seed123_E_event_step14500 36 6 5 0.006611088057979941
seed123_E_event_step14500 36 6 6 0.006824880023486912
seed123_E_event_step14500 36 6 7 0.006612980971112847
seed123_E_event_step14500 36 6 8 0.006625044043175876
seed123_E_event_step14500 36 6 9 0.006586199044249952
seed123_E_event_step14500 36 7 0 0.006957947043702006
seed123_E_event_step14500 36 7 1 0.00709485006518662
seed123_E_event_step14500 36 7 2 0.007529999944381416
seed123_E_event_step14500 36 7 3 0.007529659080319107
seed123_E_event_step14500 36 7 4 0.0068653878988698125
seed123_E_event_step14500 36 7 5 0.006823168019764125
seed123_E_event_step14500 36 7 6 0.006856841035187244
seed123_E_event_step14500 36 7 7 0.0068412619875743985
seed123_E_event_step14500 36 7 8 0.007083780015818775
seed123_E_event_step14500 36 7 9 0.007006941013969481
seed123_E_event_step14500 36 8 0 0.006575558916665614
seed123_E_event_step14500 36 8 1 0.006561521906405687
seed123_E_event_step14500 36 8 2 0.006614104029722512
seed123_E_event_step14500 36 8 3 0.006621097098104656
seed123_E_event_step14500 36 8 4 0.006616117083467543
seed123_E_event_step14500 36 8 5 0.006621718057431281
seed123_E_event_step14500 36 8 6 0.006584806949831545
seed123_E_event_step14500 36 8 7 0.00662258907686919
seed123_E_event_step14500 36 8 8 0.0066122900461778045
seed123_E_event_step14500 36 8 9 0.006632369011640549
seed123_E_event_step14500 36 9 0 0.006806715042330325
seed123_E_event_step14500 36 9 1 0.006806824938394129
seed123_E_event_step14500 36 9 2 0.006820312002673745
seed123_E_event_step14500 36 9 3 0.006820781040005386
seed123_E_event_step14500 36 9 4 0.006790513056330383
seed123_E_event_step14500 36 9 5 0.0068024760112166405
seed123_E_event_step14500 36 9 6 0.006840560003183782
seed123_E_event_step14500 36 9 7 0.006789161008782685
seed123_E_event_step14500 36 9 8 0.007140457979403436
seed123_E_event_step14500 36 9 9 0.006810351042076945
seed123_E_event_step14500 40 0 0 0.003947340999729931
seed123_E_event_step14500 40 0 1 0.004102631006389856
seed123_E_event_step14500 40 0 2 0.004039208055473864
seed123_E_event_step14500 40 0 3 0.003911803010851145
seed123_E_event_step14500 40 0 4 0.004093292052857578
seed123_E_event_step14500 40 0 5 0.003924387041479349
seed123_E_event_step14500 40 0 6 0.0039518300909549
seed123_E_event_step14500 40 0 7 0.0039178450824692845
seed123_E_event_step14500 40 0 8 0.003919308073818684
seed123_E_event_step14500 40 0 9 0.003907784936018288
seed123_E_event_step14500 40 1 0 0.0040318339597433805
seed123_E_event_step14500 40 1 1 0.004020542022772133
seed123_E_event_step14500 40 1 2 0.0041048749117180705
seed123_E_event_step14500 40 1 3 0.004028828931041062
seed123_E_event_step14500 40 1 4 0.004022515960969031
seed123_E_event_step14500 40 1 5 0.004015774000436068
seed123_E_event_step14500 40 1 6 0.004036752972751856
seed123_E_event_step14500 40 1 7 0.004010803997516632
seed123_E_event_step14500 40 1 8 0.004032355034723878
seed123_E_event_step14500 40 1 9 0.004020160995423794
seed123_E_event_step14500 40 2 0 0.003902674070559442
seed123_E_event_step14500 40 2 1 0.003920580027624965
seed123_E_event_step14500 40 2 2 0.003922021947801113
seed123_E_event_step14500 40 2 3 0.0038951410679146647
seed123_E_event_step14500 40 2 4 0.0039033059729263186
seed123_E_event_step14500 40 2 5 0.003922634059563279
seed123_E_event_step14500 40 2 6 0.003924276912584901
seed123_E_event_step14500 40 2 7 0.0038982570404186845
seed123_E_event_step14500 40 2 8 0.003912284038960934
seed123_E_event_step14500 40 2 9 0.003897113958373666
seed123_E_event_step14500 40 3 0 0.003936950932256877
seed123_E_event_step14500 40 3 1 0.003922262927517295
seed123_E_event_step14500 40 3 2 0.003915790002793074
seed123_E_event_step14500 40 3 3 0.003938273061066866
seed123_E_event_step14500 40 3 4 0.003913004999049008
seed123_E_event_step14500 40 3 5 0.004055239027366042
seed123_E_event_step14500 40 3 6 0.0040688649751245975
seed123_E_event_step14500 40 3 7 0.00391286495141685
seed123_E_event_step14500 40 3 8 0.003907724982127547
seed123_E_event_step14500 40 3 9 0.004038045997731388
seed123_E_event_step14500 40 4 0 0.003965205047279596
seed123_E_event_step14500 40 4 1 0.004120304016396403
seed123_E_event_step14500 40 4 2 0.003932883031666279
seed123_E_event_step14500 40 4 3 0.003937731962651014
seed123_E_event_step14500 40 4 4 0.003929206053726375
seed123_E_event_step14500 40 4 5 0.003937572939321399
seed123_E_event_step14500 40 4 6 0.003933034022338688
seed123_E_event_step14500 40 4 7 0.003908616956323385
seed123_E_event_step14500 40 4 8 0.003917583031579852
seed123_E_event_step14500 40 4 9 0.005668409983627498
seed123_E_event_step14500 40 5 0 0.004129603039473295
seed123_E_event_step14500 40 5 1 0.0039413389749825
seed123_E_event_step14500 40 5 2 0.003905892022885382
seed123_E_event_step14500 40 5 3 0.003941949922591448
seed123_E_event_step14500 40 5 4 0.003921070951037109
seed123_E_event_step14500 40 5 5 0.003904227982275188
seed123_E_event_step14500 40 5 6 0.003914408036507666
seed123_E_event_step14500 40 5 7 0.0039318319177255034
seed123_E_event_step14500 40 5 8 0.0039234349969774485
seed123_E_event_step14500 40 5 9 0.003924738033674657
seed123_E_event_step14500 40 6 0 0.00404016999527812
seed123_E_event_step14500 40 6 1 0.004038145998492837
seed123_E_event_step14500 40 6 2 0.004182855016551912
seed123_E_event_step14500 40 6 3 0.005282095051370561
seed123_E_event_step14500 40 6 4 0.005544730927795172
seed123_E_event_step14500 40 6 5 0.004131036112084985
seed123_E_event_step14500 40 6 6 0.004022106062620878
seed123_E_event_step14500 40 6 7 0.004040942061692476
seed123_E_event_step14500 40 6 8 0.003997208084911108
seed123_E_event_step14500 40 6 9 0.003983139991760254
seed123_E_event_step14500 40 7 0 0.004074435913935304
seed123_E_event_step14500 40 7 1 0.0039753050077706575
seed123_E_event_step14500 40 7 2 0.003986136056482792
seed123_E_event_step14500 40 7 3 0.003966046962887049
seed123_E_event_step14500 40 7 4 0.003993469988927245
seed123_E_event_step14500 40 7 5 0.004122659913264215
seed123_E_event_step14500 40 7 6 0.003974542953073978
seed123_E_event_step14500 40 7 7 0.003982348018325865
seed123_E_event_step14500 40 7 8 0.0042348060524091125
seed123_E_event_step14500 40 7 9 0.004118982004001737
seed123_E_event_step14500 40 8 0 0.0040030579548329115
seed123_E_event_step14500 40 8 1 0.004031963995657861
seed123_E_event_step14500 40 8 2 0.004002035944722593
seed123_E_event_step14500 40 8 3 0.003992739017121494
seed123_E_event_step14500 40 8 4 0.003995655104517937
seed123_E_event_step14500 40 8 5 0.004002578090876341
seed123_E_event_step14500 40 8 6 0.003994261962361634
seed123_E_event_step14500 40 8 7 0.0039948520716279745
seed123_E_event_step14500 40 8 8 0.003995332983322442
seed123_E_event_step14500 40 8 9 0.004007647978141904
seed123_E_event_step14500 40 9 0 0.003905409947037697
seed123_E_event_step14500 40 9 1 0.003898346913047135
seed123_E_event_step14500 40 9 2 0.003898035967722535
seed123_E_event_step14500 40 9 3 0.003886464051902294
seed123_E_event_step14500 40 9 4 0.004076058976352215
seed123_E_event_step14500 40 9 5 0.0040302310371771455
seed123_E_event_step14500 40 9 6 0.004016714985482395
seed123_E_event_step14500 40 9 7 0.0039099190616980195
seed123_E_event_step14500 40 9 8 0.004213293897919357
seed123_E_event_step14500 40 9 9 0.003935709013603628
seed123_E_event_step14500 47 0 0 0.06738149502780288
seed123_E_event_step14500 47 0 1 0.06046811502892524
seed123_E_event_step14500 47 0 2 0.06313557806424797
seed123_E_event_step14500 47 0 3 0.06484169699251652
seed123_E_event_step14500 47 0 4 0.06066681700758636
seed123_E_event_step14500 47 0 5 0.06721249897964299
seed123_E_event_step14500 47 0 6 0.061682596104219556
seed123_E_event_step14500 47 0 7 0.061336287995800376
seed123_E_event_step14500 47 0 8 0.06668451800942421
seed123_E_event_step14500 47 0 9 0.06411745899822563
seed123_E_event_step14500 47 1 0 0.06369807000737637
seed123_E_event_step14500 47 1 1 0.06353718996979296
seed123_E_event_step14500 47 1 2 0.06662787904497236
seed123_E_event_step14500 47 1 3 0.06532268202863634
seed123_E_event_step14500 47 1 4 0.06161881098523736
seed123_E_event_step14500 47 1 5 0.061827113036997616
seed123_E_event_step14500 47 1 6 0.061578183085657656
seed123_E_event_step14500 47 1 7 0.0639187260530889
seed123_E_event_step14500 47 1 8 0.062061745091341436
seed123_E_event_step14500 47 1 9 0.06387728592380881
seed123_E_event_step14500 47 2 0 0.0608989920001477
seed123_E_event_step14500 47 2 1 0.062159013003110886
seed123_E_event_step14500 47 2 2 0.062243346008472145
seed123_E_event_step14500 47 2 3 0.06175985303707421
seed123_E_event_step14500 47 2 4 0.062285193940624595
seed123_E_event_step14500 47 2 5 0.06214102706871927
seed123_E_event_step14500 47 2 6 0.0622750639449805
seed123_E_event_step14500 47 2 7 0.060867149964906275
seed123_E_event_step14500 47 2 8 0.06356219598092139
seed123_E_event_step14500 47 2 9 0.064372209017165
seed123_E_event_step14500 47 3 0 0.06257698603440076
seed123_E_event_step14500 47 3 1 0.061673515010625124
seed123_E_event_step14500 47 3 2 0.06330047198571265
seed123_E_event_step14500 47 3 3 0.061228948063217103
seed123_E_event_step14500 47 3 4 0.0608487039571628
seed123_E_event_step14500 47 3 5 0.06098559801466763
seed123_E_event_step14500 47 3 6 0.06244738702662289
seed123_E_event_step14500 47 3 7 0.06333027000073344
seed123_E_event_step14500 47 3 8 0.06072792108170688
seed123_E_event_step14500 47 3 9 0.061424343031831086
seed123_E_event_step14500 47 4 0 0.06090705597307533
seed123_E_event_step14500 47 4 1 0.06028128799516708
seed123_E_event_step14500 47 4 2 0.06311603402718902
seed123_E_event_step14500 47 4 3 0.06370141298975796
seed123_E_event_step14500 47 4 4 0.06295934191439301
seed123_E_event_step14500 47 4 5 0.06088773801457137
seed123_E_event_step14500 47 4 6 0.06208390498068184
seed123_E_event_step14500 47 4 7 0.06415526801720262
seed123_E_event_step14500 47 4 8 0.061395718017593026
seed123_E_event_step14500 47 4 9 0.06279033608734608
seed123_E_event_step14500 47 5 0 0.06075738603249192
seed123_E_event_step14500 47 5 1 0.06121024000458419
seed123_E_event_step14500 47 5 2 0.06475348107051104
seed123_E_event_step14500 47 5 3 0.06511072104331106
seed123_E_event_step14500 47 5 4 0.06540142104495317
seed123_E_event_step14500 47 5 5 0.06279161805287004
seed123_E_event_step14500 47 5 6 0.06299972801934928
seed123_E_event_step14500 47 5 7 0.06272226292639971
seed123_E_event_step14500 47 5 8 0.0617689749924466
seed123_E_event_step14500 47 5 9 0.06946153694298118
seed123_E_event_step14500 47 6 0 0.06437782489228994
seed123_E_event_step14500 47 6 1 0.06371673103421926
seed123_E_event_step14500 47 6 2 0.059919959981925786
seed123_E_event_step14500 47 6 3 0.06036466802470386
seed123_E_event_step14500 47 6 4 0.06438368605449796
seed123_E_event_step14500 47 6 5 0.06253289803862572
seed123_E_event_step14500 47 6 6 0.06287114997394383
seed123_E_event_step14500 47 6 7 0.06217684200964868
seed123_E_event_step14500 47 6 8 0.06240257702302188
seed123_E_event_step14500 47 6 9 0.06451356690376997
seed123_E_event_step14500 47 7 0 0.06094051792751998
seed123_E_event_step14500 47 7 1 0.062219994026236236
seed123_E_event_step14500 47 7 2 0.06329194898717105
seed123_E_event_step14500 47 7 3 0.06069066503550857
seed123_E_event_step14500 47 7 4 0.06341054802760482
seed123_E_event_step14500 47 7 5 0.061512349057011306
seed123_E_event_step14500 47 7 6 0.06706235907040536
seed123_E_event_step14500 47 7 7 0.06095825007651001
seed123_E_event_step14500 47 7 8 0.06202051800210029
seed123_E_event_step14500 47 7 9 0.061617642058990896
seed123_E_event_step14500 47 8 0 0.06020726205315441
seed123_E_event_step14500 47 8 1 0.06380588002502918
seed123_E_event_step14500 47 8 2 0.062171439989469945
seed123_E_event_step14500 47 8 3 0.0610424920450896
seed123_E_event_step14500 47 8 4 0.06178855092730373
seed123_E_event_step14500 47 8 5 0.0645169010385871
seed123_E_event_step14500 47 8 6 0.061963507905602455
seed123_E_event_step14500 47 8 7 0.06130379601381719
seed123_E_event_step14500 47 8 8 0.060178474988788366
seed123_E_event_step14500 47 8 9 0.060595668968744576
seed123_E_event_step14500 47 9 0 0.060003288090229034
seed123_E_event_step14500 47 9 1 0.06354322202969342
seed123_E_event_step14500 47 9 2 0.06153549102600664
seed123_E_event_step14500 47 9 3 0.061943116947077215
seed123_E_event_step14500 47 9 4 0.06262243702076375
seed123_E_event_step14500 47 9 5 0.06223004998173565
seed123_E_event_step14500 47 9 6 0.06156254396773875
seed123_E_event_step14500 47 9 7 0.06130302289966494
seed123_E_event_step14500 47 9 8 0.06115382595453411
seed123_E_event_step14500 47 9 9 0.06155619106721133
seed123_E_event_step14500 51 0 0 0.024164009024389088
seed123_E_event_step14500 51 0 1 0.024945384939201176
seed123_E_event_step14500 51 0 2 0.022928485996089876
seed123_E_event_step14500 51 0 3 0.022990817087702453
seed123_E_event_step14500 51 0 4 0.022648966987617314
seed123_E_event_step14500 51 0 5 0.022921341937035322
seed123_E_event_step14500 51 0 6 0.022613639011979103
seed123_E_event_step14500 51 0 7 0.022605413920246065
seed123_E_event_step14500 51 0 8 0.02257421298418194
seed123_E_event_step14500 51 0 9 0.022583359968848526
seed123_E_event_step14500 51 1 0 0.02272559399716556
seed123_E_event_step14500 51 1 1 0.022347846068441868
seed123_E_event_step14500 51 1 2 0.022307056933641434
seed123_E_event_step14500 51 1 3 0.022309672902338207
seed123_E_event_step14500 51 1 4 0.02230762899853289
seed123_E_event_step14500 51 1 5 0.022310934960842133
seed123_E_event_step14500 51 1 6 0.022900852956809103
seed123_E_event_step14500 51 1 7 0.02240828308276832
seed123_E_event_step14500 51 1 8 0.022283071069978178
seed123_E_event_step14500 51 1 9 0.02231434197165072
seed123_E_event_step14500 51 2 0 0.022353827953338623
seed123_E_event_step14500 51 2 1 0.022305303951725364
seed123_E_event_step14500 51 2 2 0.022341883974149823
seed123_E_event_step14500 51 2 3 0.02235906897112727
seed123_E_event_step14500 51 2 4 0.025502037024125457
seed123_E_event_step14500 51 2 5 0.023734610062092543
seed123_E_event_step14500 51 2 6 0.02232585404999554
seed123_E_event_step14500 51 2 7 0.023022286011837423
seed123_E_event_step14500 51 2 8 0.022730785072781146
seed123_E_event_step14500 51 2 9 0.023266267031431198
seed123_E_event_step14500 51 3 0 0.023508624057285488
seed123_E_event_step14500 51 3 1 0.023473997018299997
seed123_E_event_step14500 51 3 2 0.02342427195981145
seed123_E_event_step14500 51 3 3 0.022268063039518893
seed123_E_event_step14500 51 3 4 0.02228499494958669
seed123_E_event_step14500 51 3 5 0.022352735977619886
seed123_E_event_step14500 51 3 6 0.02347876795101911
seed123_E_event_step14500 51 3 7 0.02306141098961234
seed123_E_event_step14500 51 3 8 0.026323782047256827
seed123_E_event_step14500 51 3 9 0.023255547042936087
seed123_E_event_step14500 51 4 0 0.02554994006641209
seed123_E_event_step14500 51 4 1 0.022646622033789754
seed123_E_event_step14500 51 4 2 0.024858547025360167
seed123_E_event_step14500 51 4 3 0.022725705988705158
seed123_E_event_step14500 51 4 4 0.02296373399440199
seed123_E_event_step14500 51 4 5 0.022291047032922506
seed123_E_event_step14500 51 4 6 0.02260113600641489
seed123_E_event_step14500 51 4 7 0.022762837004847825
seed123_E_event_step14500 51 4 8 0.0223340600496158
seed123_E_event_step14500 51 4 9 0.022595184040255845
seed123_E_event_step14500 51 5 0 0.022634258028119802
seed123_E_event_step14500 51 5 1 0.02238673099782318
seed123_E_event_step14500 51 5 2 0.022367023047991097
seed123_E_event_step14500 51 5 3 0.02237891498953104
seed123_E_event_step14500 51 5 4 0.022599451011046767
seed123_E_event_step14500 51 5 5 0.022270465968176723
seed123_E_event_step14500 51 5 6 0.0223441090201959
seed123_E_event_step14500 51 5 7 0.022785198991186917
seed123_E_event_step14500 51 5 8 0.022302286932244897
seed123_E_event_step14500 51 5 9 0.02228445396758616
seed123_E_event_step14500 51 6 0 0.022312176995910704
seed123_E_event_step14500 51 6 1 0.02670830290298909
seed123_E_event_step14500 51 6 2 0.022854401962831616
seed123_E_event_step14500 51 6 3 0.02329910988919437
seed123_E_event_step14500 51 6 4 0.023320981999859214
seed123_E_event_step14500 51 6 5 0.022883308003656566
seed123_E_event_step14500 51 6 6 0.022609490086324513
seed123_E_event_step14500 51 6 7 0.022789467009715736
seed123_E_event_step14500 51 6 8 0.022763226996175945
seed123_E_event_step14500 51 6 9 0.023601441993378103
seed123_E_event_step14500 51 7 0 0.023167164996266365
seed123_E_event_step14500 51 7 1 0.02301031199749559
seed123_E_event_step14500 51 7 2 0.023165070917457342
seed123_E_event_step14500 51 7 3 0.02263635105919093
seed123_E_event_step14500 51 7 4 0.022619009017944336
seed123_E_event_step14500 51 7 5 0.023456832976080477
seed123_E_event_step14500 51 7 6 0.022317596944049
seed123_E_event_step14500 51 7 7 0.022417870932258666
seed123_E_event_step14500 51 7 8 0.02232214598916471
seed123_E_event_step14500 51 7 9 0.02230894099920988
seed123_E_event_step14500 51 8 0 0.022814074996858835
seed123_E_event_step14500 51 8 1 0.023178957984782755
seed123_E_event_step14500 51 8 2 0.024779574014246464
seed123_E_event_step14500 51 8 3 0.02569327608216554
seed123_E_event_step14500 51 8 4 0.02404964598827064
seed123_E_event_step14500 51 8 5 0.022416937979869545
seed123_E_event_step14500 51 8 6 0.022351583000272512
seed123_E_event_step14500 51 8 7 0.02263209398370236
seed123_E_event_step14500 51 8 8 0.022875893977470696
seed123_E_event_step14500 51 8 9 0.02288903994485736
seed123_E_event_step14500 51 9 0 0.0230129670817405
seed123_E_event_step14500 51 9 1 0.02263897703960538
seed123_E_event_step14500 51 9 2 0.022582559031434357
seed123_E_event_step14500 51 9 3 0.022588479914702475
seed123_E_event_step14500 51 9 4 0.02334000903647393
seed123_E_event_step14500 51 9 5 0.02423536404967308
seed123_E_event_step14500 51 9 6 0.02249922603368759
seed123_E_event_step14500 51 9 7 0.022409874945878983
seed123_E_event_step14500 51 9 8 0.022329629980958998
seed123_E_event_step14500 51 9 9 0.02233321696985513
seed123_E_event_step14500 52 0 0 0.8226226889528334
seed123_E_event_step14500 52 0 1 0.8062801799969748
seed123_E_event_step14500 52 0 2 0.8341443709796295
seed123_E_event_step14500 52 0 3 0.8270925970282406
seed123_E_event_step14500 52 0 4 0.8130119430134073
seed123_E_event_step14500 52 0 5 0.8273736810078844
seed123_E_event_step14500 52 0 6 0.8077920899959281
seed123_E_event_step14500 52 0 7 0.8117397410096601
seed123_E_event_step14500 52 0 8 0.8210403629345819
seed123_E_event_step14500 52 0 9 0.8268374589970335
seed123_E_event_step14500 52 1 0 0.8220125400694087
seed123_E_event_step14500 52 1 1 0.8279676890233532
seed123_E_event_step14500 52 1 2 0.8297094339504838
seed123_E_event_step14500 52 1 3 0.8156085149385035
seed123_E_event_step14500 52 1 4 0.8294935820158571
seed123_E_event_step14500 52 1 5 0.8176332119619474
seed123_E_event_step14500 52 1 6 0.8160836569732055
seed123_E_event_step14500 52 1 7 0.8535225610248744
seed123_E_event_step14500 52 1 8 0.8211666519055143
seed123_E_event_step14500 52 1 9 0.8217586049577221
seed123_E_event_step14500 52 2 0 0.8279372459510341
seed123_E_event_step14500 52 2 1 0.8034147530561313
seed123_E_event_step14500 52 2 2 0.8163071549497545
seed123_E_event_step14500 52 2 3 0.8253240820486099
seed123_E_event_step14500 52 2 4 0.818575034965761
seed123_E_event_step14500 52 2 5 0.8538036049576476
seed123_E_event_step14500 52 2 6 0.815704365959391
seed123_E_event_step14500 52 2 7 0.8361761029809713
seed123_E_event_step14500 52 2 8 0.8126285430043936
seed123_E_event_step14500 52 2 9 0.8260635019978508
seed123_E_event_step14500 52 3 0 0.8274701560148969
seed123_E_event_step14500 52 3 1 0.8249844469828531
seed123_E_event_step14500 52 3 2 0.8225331360008568
seed123_E_event_step14500 52 3 3 0.8202739640837535
seed123_E_event_step14500 52 3 4 0.8328820220194757
seed123_E_event_step14500 52 3 5 0.8121692040003836
seed123_E_event_step14500 52 3 6 0.8271036060759798
seed123_E_event_step14500 52 3 7 0.8322237349348143
seed123_E_event_step14500 52 3 8 0.8452627130318433
seed123_E_event_step14500 52 3 9 0.8475488920230418
seed123_E_event_step14500 52 4 0 0.8332142890430987
seed123_E_event_step14500 52 4 1 0.8355684339767322
seed123_E_event_step14500 52 4 2 0.8236771420342848
seed123_E_event_step14500 52 4 3 0.8174646130064502
seed123_E_event_step14500 52 4 4 0.8526224420638755
seed123_E_event_step14500 52 4 5 0.8339628480607644
seed123_E_event_step14500 52 4 6 0.8304259940050542
seed123_E_event_step14500 52 4 7 0.8579552270239219
seed123_E_event_step14500 52 4 8 0.8539399820147082
seed123_E_event_step14500 52 4 9 0.9049186980118975
seed123_E_event_step14500 52 5 0 0.8369719079928473
seed123_E_event_step14500 52 5 1 0.8570834000129253
seed123_E_event_step14500 52 5 2 0.8658307150471956
seed123_E_event_step14500 52 5 3 0.821793628972955
seed123_E_event_step14500 52 5 4 0.8207260710187256
seed123_E_event_step14500 52 5 5 0.8432191010797396
seed123_E_event_step14500 52 5 6 0.8396000299835578
seed123_E_event_step14500 52 5 7 0.8525063659762964
seed123_E_event_step14500 52 5 8 0.8448111040052027
seed123_E_event_step14500 52 5 9 0.8421255219727755
seed123_E_event_step14500 52 6 0 0.8398624700494111
seed123_E_event_step14500 52 6 1 0.8387462520040572
seed123_E_event_step14500 52 6 2 0.8382896140683442
seed123_E_event_step14500 52 6 3 0.8464801249792799
seed123_E_event_step14500 52 6 4 0.8364782490534708
seed123_E_event_step14500 52 6 5 0.8478645760333166
seed123_E_event_step14500 52 6 6 0.8084487629821524
seed123_E_event_step14500 52 6 7 0.8358021500753239
seed123_E_event_step14500 52 6 8 0.8135603170376271
seed123_E_event_step14500 52 6 9 0.8302873029606417
seed123_E_event_step14500 52 7 0 0.8229862810112536
seed123_E_event_step14500 52 7 1 0.8270145639544353
seed123_E_event_step14500 52 7 2 0.848865894949995
seed123_E_event_step14500 52 7 3 0.8304109679302201
seed123_E_event_step14500 52 7 4 0.880867360974662
seed123_E_event_step14500 52 7 5 0.9094275060342625
seed123_E_event_step14500 52 7 6 0.8477939170552418
seed123_E_event_step14500 52 7 7 0.8356018749764189
seed123_E_event_step14500 52 7 8 0.8462247489951551
seed123_E_event_step14500 52 7 9 0.8234189510112628
seed123_E_event_step14500 52 8 0 0.8256870419718325
seed123_E_event_step14500 52 8 1 0.8260211989982054
seed123_E_event_step14500 52 8 2 0.8227190329926088
seed123_E_event_step14500 52 8 3 0.84580562193878
seed123_E_event_step14500 52 8 4 0.8468815969536081
seed123_E_event_step14500 52 8 5 0.8226708060828969
seed123_E_event_step14500 52 8 6 0.8236571099841967
seed123_E_event_step14500 52 8 7 0.8415443730773404
seed123_E_event_step14500 52 8 8 0.8300751469796523
seed123_E_event_step14500 52 8 9 0.827047839993611
seed123_E_event_step14500 52 9 0 0.8450698209926486
seed123_E_event_step14500 52 9 1 0.8232291070744395
seed123_E_event_step14500 52 9 2 0.8381740839686245
seed123_E_event_step14500 52 9 3 0.8292962389532477
seed123_E_event_step14500 52 9 4 0.8313383860513568
seed123_E_event_step14500 52 9 5 0.8372774580493569
seed123_E_event_step14500 52 9 6 0.8378936368972063
seed123_E_event_step14500 52 9 7 0.8369055630173534
seed123_E_event_step14500 52 9 8 0.8284181820927188
seed123_E_event_step14500 52 9 9 0.8446194139542058
seed123_E_event_step14500 56 0 0 0.01940342492889613
seed123_E_event_step14500 56 0 1 0.017426157952286303
seed123_E_event_step14500 56 0 2 0.01724556100089103
seed123_E_event_step14500 56 0 3 0.01741516694892198
seed123_E_event_step14500 56 0 4 0.017554815975017846
seed123_E_event_step14500 56 0 5 0.017266539973206818
seed123_E_event_step14500 56 0 6 0.017233035992830992
seed123_E_event_step14500 56 0 7 0.017335674026980996
seed123_E_event_step14500 56 0 8 0.017248195013962686
seed123_E_event_step14500 56 0 9 0.017274315003305674
seed123_E_event_step14500 56 1 0 0.017528736032545567
seed123_E_event_step14500 56 1 1 0.01721711503341794
seed123_E_event_step14500 56 1 2 0.01723492005839944
seed123_E_event_step14500 56 1 3 0.019309663912281394
seed123_E_event_step14500 56 1 4 0.018077712040394545
seed123_E_event_step14500 56 1 5 0.01809221995063126
seed123_E_event_step14500 56 1 6 0.01833454694133252
seed123_E_event_step14500 56 1 7 0.01797478401567787
seed123_E_event_step14500 56 1 8 0.0180679929908365
seed123_E_event_step14500 56 1 9 0.01699597993865609
seed123_E_event_step14500 56 2 0 0.01775906898546964
seed123_E_event_step14500 56 2 1 0.017748738988302648
seed123_E_event_step14500 56 2 2 0.016979828011244535
seed123_E_event_step14500 56 2 3 0.017150908010080457
seed123_E_event_step14500 56 2 4 0.01728502695914358
seed123_E_event_step14500 56 2 5 0.017288151080720127
seed123_E_event_step14500 56 2 6 0.01788038294762373
seed123_E_event_step14500 56 2 7 0.019257254083640873
seed123_E_event_step14500 56 2 8 0.018087741918861866
seed123_E_event_step14500 56 2 9 0.017320462968200445
seed123_E_event_step14500 56 3 0 0.01816385705024004
seed123_E_event_step14500 56 3 1 0.017462056945078075
seed123_E_event_step14500 56 3 2 0.01772995200008154
seed123_E_event_step14500 56 3 3 0.017053489107638597
seed123_E_event_step14500 56 3 4 0.017003344022668898
seed123_E_event_step14500 56 3 5 0.01704761805012822
seed123_E_event_step14500 56 3 6 0.01864712906535715
seed123_E_event_step14500 56 3 7 0.017376070958562195
seed123_E_event_step14500 56 3 8 0.0183124840259552
seed123_E_event_step14500 56 3 9 0.017138933995738626
seed123_E_event_step14500 56 4 0 0.017950556939467788
seed123_E_event_step14500 56 4 1 0.02103294397238642
seed123_E_event_step14500 56 4 2 0.021624922985211015
seed123_E_event_step14500 56 4 3 0.017301947926171124
seed123_E_event_step14500 56 4 4 0.018165832036174834
seed123_E_event_step14500 56 4 5 0.017788754892535508
seed123_E_event_step14500 56 4 6 0.01767601794563234
seed123_E_event_step14500 56 4 7 0.01788916892837733
seed123_E_event_step14500 56 4 8 0.0175438440637663
seed123_E_event_step14500 56 4 9 0.017746152938343585
seed123_E_event_step14500 56 5 0 0.017261439934372902
seed123_E_event_step14500 56 5 1 0.017300234991125762
seed123_E_event_step14500 56 5 2 0.017252182005904615
seed123_E_event_step14500 56 5 3 0.018677036045119166
seed123_E_event_step14500 56 5 4 0.018155061057768762
seed123_E_event_step14500 56 5 5 0.017280327039770782
seed123_E_event_step14500 56 5 6 0.01724927604664117
seed123_E_event_step14500 56 5 7 0.017334962030872703
seed123_E_event_step14500 56 5 8 0.017261910950765014
seed123_E_event_step14500 56 5 9 0.017213757964782417
seed123_E_event_step14500 56 6 0 0.017300285981036723
seed123_E_event_step14500 56 6 1 0.01768096804153174
seed123_E_event_step14500 56 6 2 0.018581793061457574
seed123_E_event_step14500 56 6 3 0.019459693925455213
seed123_E_event_step14500 56 6 4 0.017493467079475522
seed123_E_event_step14500 56 6 5 0.017398083000443876
seed123_E_event_step14500 56 6 6 0.017711175954900682
seed123_E_event_step14500 56 6 7 0.017511922982521355
seed123_E_event_step14500 56 6 8 0.018888712977059186
seed123_E_event_step14500 56 6 9 0.018350476981140673
seed123_E_event_step14500 56 7 0 0.018535342998802662
seed123_E_event_step14500 56 7 1 0.01747871795669198
seed123_E_event_step14500 56 7 2 0.017097814939916134
seed123_E_event_step14500 56 7 3 0.017072757007554173
seed123_E_event_step14500 56 7 4 0.01776483899448067
seed123_E_event_step14500 56 7 5 0.0172240479150787
seed123_E_event_step14500 56 7 6 0.017148723010905087
seed123_E_event_step14500 56 7 7 0.017666419968008995
seed123_E_event_step14500 56 7 8 0.017440735013224185
seed123_E_event_step14500 56 7 9 0.01742922398261726
seed123_E_event_step14500 56 8 0 0.017436477006413043
seed123_E_event_step14500 56 8 1 0.017323550069704652
seed123_E_event_step14500 56 8 2 0.017063017934560776
seed123_E_event_step14500 56 8 3 0.01751109107863158
seed123_E_event_step14500 56 8 4 0.01702803000807762
seed123_E_event_step14500 56 8 5 0.017036566976457834
seed123_E_event_step14500 56 8 6 0.0170064689591527
seed123_E_event_step14500 56 8 7 0.016982202068902552
seed123_E_event_step14500 56 8 8 0.01700758095830679
seed123_E_event_step14500 56 8 9 0.01700131897814572
seed123_E_event_step14500 56 9 0 0.01702055602800101
seed123_E_event_step14500 56 9 1 0.017040314036421478
seed123_E_event_step14500 56 9 2 0.017034973949193954
seed123_E_event_step14500 56 9 3 0.01697237405460328
seed123_E_event_step14500 56 9 4 0.016967123025096953
seed123_E_event_step14500 56 9 5 0.017034322023391724
seed123_E_event_step14500 56 9 6 0.016977163031697273
seed123_E_event_step14500 56 9 7 0.0173667729832232
seed123_E_event_step14500 56 9 8 0.01715040602721274
seed123_E_event_step14500 56 9 9 0.017312316922470927
seed123_E_event_step14500 62 0 0 0.2773312480421737
seed123_E_event_step14500 62 0 1 0.27442161401268095
seed123_E_event_step14500 62 0 2 0.28753029403742403
seed123_E_event_step14500 62 0 3 0.27397055900655687
seed123_E_event_step14500 62 0 4 0.2737096780911088
seed123_E_event_step14500 62 0 5 0.27588017599191517
seed123_E_event_step14500 62 0 6 0.2844048560364172
seed123_E_event_step14500 62 0 7 0.2812237390317023
seed123_E_event_step14500 62 0 8 0.2712656039511785
seed123_E_event_step14500 62 0 9 0.27926337299868464
seed123_E_event_step14500 62 1 0 0.27613110607489944
seed123_E_event_step14500 62 1 1 0.28393720695748925
seed123_E_event_step14500 62 1 2 0.27020465407986194
seed123_E_event_step14500 62 1 3 0.26977415196597576
seed123_E_event_step14500 62 1 4 0.27970466995611787
seed123_E_event_step14500 62 1 5 0.2769064020831138
seed123_E_event_step14500 62 1 6 0.2761476809391752
seed123_E_event_step14500 62 1 7 0.27272924198769033
seed123_E_event_step14500 62 1 8 0.270640829927288
seed123_E_event_step14500 62 1 9 0.27873392403125763
seed123_E_event_step14500 62 2 0 0.27333090803585947
seed123_E_event_step14500 62 2 1 0.2687691800529137
seed123_E_event_step14500 62 2 2 0.2742350649787113
seed123_E_event_step14500 62 2 3 0.2767339770216495
seed123_E_event_step14500 62 2 4 0.27814682200551033
seed123_E_event_step14500 62 2 5 0.27981437102425843
seed123_E_event_step14500 62 2 6 0.2760413970099762
seed123_E_event_step14500 62 2 7 0.2762099400861189
seed123_E_event_step14500 62 2 8 0.2754852690268308
seed123_E_event_step14500 62 2 9 0.2722929019946605
seed123_E_event_step14500 62 3 0 0.2827672309940681
seed123_E_event_step14500 62 3 1 0.27054965193383396
seed123_E_event_step14500 62 3 2 0.2772851890185848
seed123_E_event_step14500 62 3 3 0.26945257594343275
seed123_E_event_step14500 62 3 4 0.27032024797517806
seed123_E_event_step14500 62 3 5 0.27586271392647177
seed123_E_event_step14500 62 3 6 0.2767377879936248
seed123_E_event_step14500 62 3 7 0.27899875096045434
seed123_E_event_step14500 62 3 8 0.271095982985571
seed123_E_event_step14500 62 3 9 0.27048245701007545
seed123_E_event_step14500 62 4 0 0.2732906340388581
seed123_E_event_step14500 62 4 1 0.26964556600432843
seed123_E_event_step14500 62 4 2 0.2687549761030823
seed123_E_event_step14500 62 4 3 0.2699431220535189
seed123_E_event_step14500 62 4 4 0.26936180295888335
seed123_E_event_step14500 62 4 5 0.2713812510482967
seed123_E_event_step14500 62 4 6 0.27185620996169746
seed123_E_event_step14500 62 4 7 0.27816724008880556
seed123_E_event_step14500 62 4 8 0.27474946004804224
seed123_E_event_step14500 62 4 9 0.2750794029561803
seed123_E_event_step14500 62 5 0 0.2763003590516746
seed123_E_event_step14500 62 5 1 0.2849029720528051
seed123_E_event_step14500 62 5 2 0.2746730549260974
seed123_E_event_step14500 62 5 3 0.27243821893353015
seed123_E_event_step14500 62 5 4 0.2764815610134974
seed123_E_event_step14500 62 5 5 0.2736811490030959
seed123_E_event_step14500 62 5 6 0.2762677089776844
seed123_E_event_step14500 62 5 7 0.2790896659716964
seed123_E_event_step14500 62 5 8 0.271521034068428
seed123_E_event_step14500 62 5 9 0.2742873899405822
seed123_E_event_step14500 62 6 0 0.272942710085772
seed123_E_event_step14500 62 6 1 0.2725957359652966
seed123_E_event_step14500 62 6 2 0.2805559019325301
seed123_E_event_step14500 62 6 3 0.2702519149752334
seed123_E_event_step14500 62 6 4 0.2752021399792284
seed123_E_event_step14500 62 6 5 0.2646403539692983
seed123_E_event_step14500 62 6 6 0.27653005497995764
seed123_E_event_step14500 62 6 7 0.27326674200594425
seed123_E_event_step14500 62 6 8 0.2821201409678906
seed123_E_event_step14500 62 6 9 0.27988621895201504
seed123_E_event_step14500 62 7 0 0.2764293251093477
seed123_E_event_step14500 62 7 1 0.27646124199964106
seed123_E_event_step14500 62 7 2 0.2748056120472029
seed123_E_event_step14500 62 7 3 0.2838752729585394
seed123_E_event_step14500 62 7 4 0.2750346730463207
seed123_E_event_step14500 62 7 5 0.2781217400915921
seed123_E_event_step14500 62 7 6 0.2757320289965719
seed123_E_event_step14500 62 7 7 0.281278447015211
seed123_E_event_step14500 62 7 8 0.2849173500435427
seed123_E_event_step14500 62 7 9 0.27791863202583045
seed123_E_event_step14500 62 8 0 0.2731623250292614
seed123_E_event_step14500 62 8 1 0.2694524140097201
seed123_E_event_step14500 62 8 2 0.2737665050663054
seed123_E_event_step14500 62 8 3 0.27444376703351736
seed123_E_event_step14500 62 8 4 0.2744838030776009
seed123_E_event_step14500 62 8 5 0.2712905160151422
seed123_E_event_step14500 62 8 6 0.2787458619568497
seed123_E_event_step14500 62 8 7 0.27258902904577553
seed123_E_event_step14500 62 8 8 0.28416250098962337
seed123_E_event_step14500 62 8 9 0.2775324221001938
seed123_E_event_step14500 62 9 0 0.27628318406641483
seed123_E_event_step14500 62 9 1 0.27321658097207546
seed123_E_event_step14500 62 9 2 0.27532694407273084
seed123_E_event_step14500 62 9 3 0.2778239550534636
seed123_E_event_step14500 62 9 4 0.2852074470138177
seed123_E_event_step14500 62 9 5 0.2766051789512858
seed123_E_event_step14500 62 9 6 0.28082061000168324
seed123_E_event_step14500 62 9 7 0.27762287005316466
seed123_E_event_step14500 62 9 8 0.27536666800733656
seed123_E_event_step14500 62 9 9 0.27450481802225113
seed123_E_event_step14500 64 0 0 0.1772577939555049
seed123_E_event_step14500 64 0 1 0.17057873401790857
seed123_E_event_step14500 64 0 2 0.17705671396106482
seed123_E_event_step14500 64 0 3 0.17044839297886938
seed123_E_event_step14500 64 0 4 0.17152200907003134
seed123_E_event_step14500 64 0 5 0.16816598002333194
seed123_E_event_step14500 64 0 6 0.17010071105323732
seed123_E_event_step14500 64 0 7 0.169536713976413
seed123_E_event_step14500 64 0 8 0.1783538470044732
seed123_E_event_step14500 64 0 9 0.1714443569071591
seed123_E_event_step14500 64 1 0 0.16976460290607065
seed123_E_event_step14500 64 1 1 0.16985956602729857
seed123_E_event_step14500 64 1 2 0.17046493792440742
seed123_E_event_step14500 64 1 3 0.1744557290803641
seed123_E_event_step14500 64 1 4 0.17597490409389138
seed123_E_event_step14500 64 1 5 0.1727548340568319
seed123_E_event_step14500 64 1 6 0.17083540000021458
seed123_E_event_step14500 64 1 7 0.19188808498438448
seed123_E_event_step14500 64 1 8 0.19424552901182324
seed123_E_event_step14500 64 1 9 0.17492115101777017
seed123_E_event_step14500 64 2 0 0.1770801569800824
seed123_E_event_step14500 64 2 1 0.17130840593017638
seed123_E_event_step14500 64 2 2 0.16983044205699116
seed123_E_event_step14500 64 2 3 0.17810325406026095
seed123_E_event_step14500 64 2 4 0.17231028201058507
seed123_E_event_step14500 64 2 5 0.17330287105869502
seed123_E_event_step14500 64 2 6 0.16887315607164055
seed123_E_event_step14500 64 2 7 0.1777383399894461
seed123_E_event_step14500 64 2 8 0.17157883290201426
seed123_E_event_step14500 64 2 9 0.17149416694883257
seed123_E_event_step14500 64 3 0 0.16996959201060236
seed123_E_event_step14500 64 3 1 0.17446006496902555
seed123_E_event_step14500 64 3 2 0.17403401504270732
seed123_E_event_step14500 64 3 3 0.17272671905811876
seed123_E_event_step14500 64 3 4 0.17834225797560066
seed123_E_event_step14500 64 3 5 0.17906969401519746
seed123_E_event_step14500 64 3 6 0.17903249408118427
seed123_E_event_step14500 64 3 7 0.18249111995100975
seed123_E_event_step14500 64 3 8 0.176881531951949
seed123_E_event_step14500 64 3 9 0.17331685102544725
seed123_E_event_step14500 64 4 0 0.17566057003568858
seed123_E_event_step14500 64 4 1 0.17335686297155917
seed123_E_event_step14500 64 4 2 0.1793291399953887
seed123_E_event_step14500 64 4 3 0.17547175497747958
seed123_E_event_step14500 64 4 4 0.17077902297023684
seed123_E_event_step14500 64 4 5 0.17304337106179446
seed123_E_event_step14500 64 4 6 0.16851558291818947
seed123_E_event_step14500 64 4 7 0.18022873695008457
seed123_E_event_step14500 64 4 8 0.17456872202455997
seed123_E_event_step14500 64 4 9 0.17741748597472906
seed123_E_event_step14500 64 5 0 0.17270347196608782
seed123_E_event_step14500 64 5 1 0.1822435948997736
seed123_E_event_step14500 64 5 2 0.1760880829533562
seed123_E_event_step14500 64 5 3 0.17481947096530348
seed123_E_event_step14500 64 5 4 0.17420994793064892
seed123_E_event_step14500 64 5 5 0.1740501100430265
seed123_E_event_step14500 64 5 6 0.17569935496430844
seed123_E_event_step14500 64 5 7 0.1749050650978461
seed123_E_event_step14500 64 5 8 0.1754919410450384
seed123_E_event_step14500 64 5 9 0.1770266550593078
seed123_E_event_step14500 64 6 0 0.17791888304054737
seed123_E_event_step14500 64 6 1 0.17220994492527097
seed123_E_event_step14500 64 6 2 0.17491241602692753
seed123_E_event_step14500 64 6 3 0.17452865501400083
seed123_E_event_step14500 64 6 4 0.1746715580811724
seed123_E_event_step14500 64 6 5 0.17756725195795298
seed123_E_event_step14500 64 6 6 0.17024499899707735
seed123_E_event_step14500 64 6 7 0.1688332810299471
seed123_E_event_step14500 64 6 8 0.17275443894322962
seed123_E_event_step14500 64 6 9 0.17589510104153305
seed123_E_event_step14500 64 7 0 0.1765915200812742
seed123_E_event_step14500 64 7 1 0.1772171340417117
seed123_E_event_step14500 64 7 2 0.1772265520412475
seed123_E_event_step14500 64 7 3 0.1737798689864576
seed123_E_event_step14500 64 7 4 0.17473903205245733
seed123_E_event_step14500 64 7 5 0.16762405703775585
seed123_E_event_step14500 64 7 6 0.1698961399961263
seed123_E_event_step14500 64 7 7 0.17487776698544621
seed123_E_event_step14500 64 7 8 0.16786454897373915
seed123_E_event_step14500 64 7 9 0.17094037006609142
seed123_E_event_step14500 64 8 0 0.17646079196128994
seed123_E_event_step14500 64 8 1 0.1761710129212588
seed123_E_event_step14500 64 8 2 0.17845712194684893
seed123_E_event_step14500 64 8 3 0.18963684991467744
seed123_E_event_step14500 64 8 4 0.2003990940283984
seed123_E_event_step14500 64 8 5 0.18038675596471876
seed123_E_event_step14500 64 8 6 0.1759983659721911
seed123_E_event_step14500 64 8 7 0.17150099109858274
seed123_E_event_step14500 64 8 8 0.17397505196277052
seed123_E_event_step14500 64 8 9 0.19284699496347457
seed123_E_event_step14500 64 9 0 0.17224886000622064
seed123_E_event_step14500 64 9 1 0.17810664302669466
seed123_E_event_step14500 64 9 2 0.17441407300066203
seed123_E_event_step14500 64 9 3 0.176330751972273
seed123_E_event_step14500 64 9 4 0.17675437696743757
seed123_E_event_step14500 64 9 5 0.17732027696911246
seed123_E_event_step14500 64 9 6 0.17872368800453842
seed123_E_event_step14500 64 9 7 0.17596896295435727
seed123_E_event_step14500 64 9 8 0.17442176397889853
seed123_E_event_step14500 64 9 9 0.17478458199184388
seed123_E_event_step14500 69 0 0 0.49605425097979605
seed123_E_event_step14500 69 0 1 0.4973598839715123
seed123_E_event_step14500 69 0 2 0.4957740110112354
seed123_E_event_step14500 69 0 3 0.5119958209106699
seed123_E_event_step14500 69 0 4 0.5120543329976499
seed123_E_event_step14500 69 0 5 0.4969290620647371
seed123_E_event_step14500 69 0 6 0.5010943879606202
seed123_E_event_step14500 69 0 7 0.5170294040581211
seed123_E_event_step14500 69 0 8 0.5205924899782985
seed123_E_event_step14500 69 0 9 0.5234479149803519
seed123_E_event_step14500 69 1 0 0.526446535019204
seed123_E_event_step14500 69 1 1 0.516108067939058
seed123_E_event_step14500 69 1 2 0.4857673670630902
seed123_E_event_step14500 69 1 3 0.49889616307336837
seed123_E_event_step14500 69 1 4 0.5108127039857209
seed123_E_event_step14500 69 1 5 0.5074750819476321
seed123_E_event_step14500 69 1 6 0.5111935150343925
seed123_E_event_step14500 69 1 7 0.5319850069936365
seed123_E_event_step14500 69 1 8 0.5331330029293895
seed123_E_event_step14500 69 1 9 0.5451064970111474
seed123_E_event_step14500 69 2 0 0.5063067959854379
seed123_E_event_step14500 69 2 1 0.5119623540667817
seed123_E_event_step14500 69 2 2 0.5186146699124947
seed123_E_event_step14500 69 2 3 0.5377075650030747
seed123_E_event_step14500 69 2 4 0.511595338000916
seed123_E_event_step14500 69 2 5 0.5033112039091066
seed123_E_event_step14500 69 2 6 0.5042377399513498
seed123_E_event_step14500 69 2 7 0.505845109000802
seed123_E_event_step14500 69 2 8 0.5001033119624481
seed123_E_event_step14500 69 2 9 0.5216015169862658
seed123_E_event_step14500 69 3 0 0.510327275027521
seed123_E_event_step14500 69 3 1 0.5115879980148748
seed123_E_event_step14500 69 3 2 0.5130745999049395
seed123_E_event_step14500 69 3 3 0.5147418649867177
seed123_E_event_step14500 69 3 4 0.5151434290455654
seed123_E_event_step14500 69 3 5 0.5068508900003508
seed123_E_event_step14500 69 3 6 0.535669993958436
seed123_E_event_step14500 69 3 7 0.5305698489537463
seed123_E_event_step14500 69 3 8 0.5424742440227419
seed123_E_event_step14500 69 3 9 0.5539579871110618
seed123_E_event_step14500 69 4 0 0.5606739610666409
seed123_E_event_step14500 69 4 1 0.5096501290099695
seed123_E_event_step14500 69 4 2 0.5089534010039642
seed123_E_event_step14500 69 4 3 0.494387632003054
seed123_E_event_step14500 69 4 4 0.497496556956321
seed123_E_event_step14500 69 4 5 0.5111796499695629
seed123_E_event_step14500 69 4 6 0.5020424529211596
seed123_E_event_step14500 69 4 7 0.4962598519632593
seed123_E_event_step14500 69 4 8 0.5015475999098271
seed123_E_event_step14500 69 4 9 0.49397766101174057
seed123_E_event_step14500 69 5 0 0.5008516099769622
seed123_E_event_step14500 69 5 1 0.5207085120491683
seed123_E_event_step14500 69 5 2 0.4992561499821022
seed123_E_event_step14500 69 5 3 0.4934192559449002
seed123_E_event_step14500 69 5 4 0.5046483139740303
seed123_E_event_step14500 69 5 5 0.4985925171058625
seed123_E_event_step14500 69 5 6 0.49706352897919714
seed123_E_event_step14500 69 5 7 0.5038143140263855
seed123_E_event_step14500 69 5 8 0.5037688809679821
seed123_E_event_step14500 69 5 9 0.49926735495682806
seed123_E_event_step14500 69 6 0 0.5080926179653034
seed123_E_event_step14500 69 6 1 0.5036747950362042
seed123_E_event_step14500 69 6 2 0.49045334104448557
seed123_E_event_step14500 69 6 3 0.5120532130822539
seed123_E_event_step14500 69 6 4 0.4986709209624678
seed123_E_event_step14500 69 6 5 0.5017113550566137
seed123_E_event_step14500 69 6 6 0.5034316290402785
seed123_E_event_step14500 69 6 7 0.5039563839090988
seed123_E_event_step14500 69 6 8 0.5036335069453344
seed123_E_event_step14500 69 6 9 0.4923049369826913
seed123_E_event_step14500 69 7 0 0.49319270998239517
seed123_E_event_step14500 69 7 1 0.49084849492646754
seed123_E_event_step14500 69 7 2 0.5050982430111617
seed123_E_event_step14500 69 7 3 0.4943217970430851
seed123_E_event_step14500 69 7 4 0.5111720779677853
seed123_E_event_step14500 69 7 5 0.5065121790394187
seed123_E_event_step14500 69 7 6 0.5053012929856777
seed123_E_event_step14500 69 7 7 0.49509853997733444
seed123_E_event_step14500 69 7 8 0.5042587670031935
seed123_E_event_step14500 69 7 9 0.5093666589818895
seed123_E_event_step14500 69 8 0 0.5151341779856011
seed123_E_event_step14500 69 8 1 0.5092136529274285
seed123_E_event_step14500 69 8 2 0.5139783439226449
seed123_E_event_step14500 69 8 3 0.5008493210189044
seed123_E_event_step14500 69 8 4 0.49876291304826736
seed123_E_event_step14500 69 8 5 0.49570686009246856
seed123_E_event_step14500 69 8 6 0.505561591940932
seed123_E_event_step14500 69 8 7 0.5077266709413379
seed123_E_event_step14500 69 8 8 0.5166687979362905
seed123_E_event_step14500 69 8 9 0.5135198930511251
seed123_E_event_step14500 69 9 0 0.5054665779462084
seed123_E_event_step14500 69 9 1 0.5081919839140028
seed123_E_event_step14500 69 9 2 0.5183900579577312
seed123_E_event_step14500 69 9 3 0.508172495989129
seed123_E_event_step14500 69 9 4 0.5099818230373785
seed123_E_event_step14500 69 9 5 0.5043971729464829
seed123_E_event_step14500 69 9 6 0.5090919409412891
seed123_E_event_step14500 69 9 7 0.5034879330778494
seed123_E_event_step14500 69 9 8 0.509251607931219
seed123_E_event_step14500 69 9 9 0.5050460989587009
seed123_E_event_step14500 74 0 0 0.7007729009492323
seed123_E_event_step14500 74 0 1 0.7275303269270808
seed123_E_event_step14500 74 0 2 0.7092920540599152
seed123_E_event_step14500 74 0 3 0.7319643340306357
seed123_E_event_step14500 74 0 4 0.7295135400490835
seed123_E_event_step14500 74 0 5 0.7269041580148041
seed123_E_event_step14500 74 0 6 0.7301014789845794
seed123_E_event_step14500 74 0 7 0.7166877089766786
seed123_E_event_step14500 74 0 8 0.7160398130072281
seed123_E_event_step14500 74 0 9 0.7250521540408954
seed123_E_event_step14500 74 1 0 0.7167882700450718
seed123_E_event_step14500 74 1 1 0.7269327929243445
seed123_E_event_step14500 74 1 2 0.703879993990995
seed123_E_event_step14500 74 1 3 0.7214907549787313
seed123_E_event_step14500 74 1 4 0.70944373391103
seed123_E_event_step14500 74 1 5 0.7111058119917288
seed123_E_event_step14500 74 1 6 0.7041489490075037
seed123_E_event_step14500 74 1 7 0.7093056569574401
seed123_E_event_step14500 74 1 8 0.7241438969504088
seed123_E_event_step14500 74 1 9 0.7290219670394436
seed123_E_event_step14500 74 2 0 0.7231542309746146
seed123_E_event_step14500 74 2 1 0.7061431569745764
seed123_E_event_step14500 74 2 2 0.7016890199156478
seed123_E_event_step14500 74 2 3 0.7224164609797299
seed123_E_event_step14500 74 2 4 0.7153209059033543
seed123_E_event_step14500 74 2 5 0.7087501310743392
seed123_E_event_step14500 74 2 6 0.7007049970561638
seed123_E_event_step14500 74 2 7 0.7304552210262045
seed123_E_event_step14500 74 2 8 0.7153119799913839
seed123_E_event_step14500 74 2 9 0.7419310220284387
seed123_E_event_step14500 74 3 0 0.7028599999612197
seed123_E_event_step14500 74 3 1 0.7146929090376943
seed123_E_event_step14500 74 3 2 0.7157448829384521
seed123_E_event_step14500 74 3 3 0.7388584800064564
seed123_E_event_step14500 74 3 4 0.7398434919305146
seed123_E_event_step14500 74 3 5 0.7076577800326049
seed123_E_event_step14500 74 3 6 0.7385666889604181
seed123_E_event_step14500 74 3 7 0.718790106009692
seed123_E_event_step14500 74 3 8 0.7074143320787698
seed123_E_event_step14500 74 3 9 0.711017943918705
seed123_E_event_step14500 74 4 0 0.7246447169454768
seed123_E_event_step14500 74 4 1 0.714633994968608
seed123_E_event_step14500 74 4 2 0.7069545279955491
seed123_E_event_step14500 74 4 3 0.7014894130406901
seed123_E_event_step14500 74 4 4 0.7196275370661169
seed123_E_event_step14500 74 4 5 0.7185842519393191
seed123_E_event_step14500 74 4 6 0.7146640559658408
seed123_E_event_step14500 74 4 7 0.7283251740736887
seed123_E_event_step14500 74 4 8 0.7358152950182557
seed123_E_event_step14500 74 4 9 0.7220387749839574
seed123_E_event_step14500 74 5 0 0.7241188070038334
seed123_E_event_step14500 74 5 1 0.7360742330783978
seed123_E_event_step14500 74 5 2 0.761540328967385
seed123_E_event_step14500 74 5 3 0.7255467909853905
seed123_E_event_step14500 74 5 4 0.7088205319596455
seed123_E_event_step14500 74 5 5 0.7048474799375981
seed123_E_event_step14500 74 5 6 0.698006929946132
seed123_E_event_step14500 74 5 7 0.6938080290565267
seed123_E_event_step14500 74 5 8 0.7100471609737724
seed123_E_event_step14500 74 5 9 0.7011666470207274
seed123_E_event_step14500 74 6 0 0.7151863849721849
seed123_E_event_step14500 74 6 1 0.705873730010353
seed123_E_event_step14500 74 6 2 0.6971739719156176
seed123_E_event_step14500 74 6 3 0.7018578300485387
seed123_E_event_step14500 74 6 4 0.7073159959400073
seed123_E_event_step14500 74 6 5 0.7201792750274763
seed123_E_event_step14500 74 6 6 0.7037516430718824
seed123_E_event_step14500 74 6 7 0.7080753470072523
seed123_E_event_step14500 74 6 8 0.7093081889906898
seed123_E_event_step14500 74 6 9 0.7128712671110407
seed123_E_event_step14500 74 7 0 0.7096738329855725
seed123_E_event_step14500 74 7 1 0.7118253010557964
seed123_E_event_step14500 74 7 2 0.6943679060786963
seed123_E_event_step14500 74 7 3 0.7063329309457913
seed123_E_event_step14500 74 7 4 0.7093549440614879
seed123_E_event_step14500 74 7 5 0.7077080269809812
seed123_E_event_step14500 74 7 6 0.7103296261047944
seed123_E_event_step14500 74 7 7 0.7150123208994046
seed123_E_event_step14500 74 7 8 0.7020320190349594
seed123_E_event_step14500 74 7 9 0.6833565440028906
seed123_E_event_step14500 74 8 0 0.7030508980387822
seed123_E_event_step14500 74 8 1 0.7219859409378842
seed123_E_event_step14500 74 8 2 0.7277124699903652
seed123_E_event_step14500 74 8 3 0.7155306409113109
seed123_E_event_step14500 74 8 4 0.6949126779800281
seed123_E_event_step14500 74 8 5 0.6866424819454551
seed123_E_event_step14500 74 8 6 0.7051765889627859
seed123_E_event_step14500 74 8 7 0.7037098929286003
seed123_E_event_step14500 74 8 8 0.7009902279824018
seed123_E_event_step14500 74 8 9 0.6953947190195322
seed123_E_event_step14500 74 9 0 0.7041601809905842
seed123_E_event_step14500 74 9 1 0.687623445992358
seed123_E_event_step14500 74 9 2 0.7048927620053291
seed123_E_event_step14500 74 9 3 0.695432026986964
seed123_E_event_step14500 74 9 4 0.6975922620622441
seed123_E_event_step14500 74 9 5 0.7186039830558002
seed123_E_event_step14500 74 9 6 0.7268717830302194
seed123_E_event_step14500 74 9 7 0.7047570870490745
seed123_E_event_step14500 74 9 8 0.7048898549983278
seed123_E_event_step14500 74 9 9 0.7085197611013427
seed123_E_event_step14500 78 0 0 1.1616616239771247
seed123_E_event_step14500 78 0 1 1.2045870460569859
seed123_E_event_step14500 78 0 2 1.172473245067522
seed123_E_event_step14500 78 0 3 1.1705791000276804
seed123_E_event_step14500 78 0 4 1.1526981790084392
seed123_E_event_step14500 78 0 5 1.2022233849857002
seed123_E_event_step14500 78 0 6 1.2125056009972468
seed123_E_event_step14500 78 0 7 1.2063460070639849
seed123_E_event_step14500 78 0 8 1.2051721969619393
seed123_E_event_step14500 78 0 9 1.2000483230222017
seed123_E_event_step14500 78 1 0 1.1935952570056543
seed123_E_event_step14500 78 1 1 1.1882729131029919
seed123_E_event_step14500 78 1 2 1.1924187950789928
seed123_E_event_step14500 78 1 3 1.1991022560978308
seed123_E_event_step14500 78 1 4 1.1932818959467113
seed123_E_event_step14500 78 1 5 1.1880034990608692
seed123_E_event_step14500 78 1 6 1.1987503879936412
seed123_E_event_step14500 78 1 7 1.2006299139466137
seed123_E_event_step14500 78 1 8 1.2074745240388438
seed123_E_event_step14500 78 1 9 1.1982209490379319
seed123_E_event_step14500 78 2 0 1.1697719220537692
seed123_E_event_step14500 78 2 1 1.1691164389485493
seed123_E_event_step14500 78 2 2 1.1998976860195398
seed123_E_event_step14500 78 2 3 1.1826133379945531
seed123_E_event_step14500 78 2 4 1.1726069159340113
seed123_E_event_step14500 78 2 5 1.1957193380221725
seed123_E_event_step14500 78 2 6 1.177919749985449
seed123_E_event_step14500 78 2 7 1.2055852479534224
seed123_E_event_step14500 78 2 8 1.1639254110632464
seed123_E_event_step14500 78 2 9 1.1835802169516683
seed123_E_event_step14500 78 3 0 1.1915267040021718
seed123_E_event_step14500 78 3 1 1.178663965081796
seed123_E_event_step14500 78 3 2 1.180841636029072
seed123_E_event_step14500 78 3 3 1.211181620019488
seed123_E_event_step14500 78 3 4 1.1887180129997432
seed123_E_event_step14500 78 3 5 1.1868498210096732
seed123_E_event_step14500 78 3 6 1.209229319007136
seed123_E_event_step14500 78 3 7 1.2024109360063449
seed123_E_event_step14500 78 3 8 1.175544016994536
seed123_E_event_step14500 78 3 9 1.1861440130742267
seed123_E_event_step14500 78 4 0 1.178223473019898
seed123_E_event_step14500 78 4 1 1.1900916630402207
seed123_E_event_step14500 78 4 2 1.2138250808930025
seed123_E_event_step14500 78 4 3 1.211978837964125
seed123_E_event_step14500 78 4 4 1.1948315310291946
seed123_E_event_step14500 78 4 5 1.178255531936884
seed123_E_event_step14500 78 4 6 1.192201773985289
seed123_E_event_step14500 78 4 7 1.2200646840501577
seed123_E_event_step14500 78 4 8 1.2096518910257146
seed123_E_event_step14500 78 4 9 1.1944887989666313
seed123_E_event_step14500 78 5 0 1.2166502620093524
seed123_E_event_step14500 78 5 1 1.2192879780195653
seed123_E_event_step14500 78 5 2 1.2492478500353172
seed123_E_event_step14500 78 5 3 1.234591037966311
seed123_E_event_step14500 78 5 4 1.1906763409497216
seed123_E_event_step14500 78 5 5 1.1923041959526017
seed123_E_event_step14500 78 5 6 1.2203232710016891
seed123_E_event_step14500 78 5 7 1.2105820740107447
seed123_E_event_step14500 78 5 8 1.204876400064677
seed123_E_event_step14500 78 5 9 1.2138643829384819
seed123_E_event_step14500 78 6 0 1.2830776199698448
seed123_E_event_step14500 78 6 1 1.236677951994352
seed123_E_event_step14500 78 6 2 1.2164776941062883
seed123_E_event_step14500 78 6 3 1.213353781029582
seed123_E_event_step14500 78 6 4 1.1906187880085781
seed123_E_event_step14500 78 6 5 1.1906523710349575
seed123_E_event_step14500 78 6 6 1.1886636189883575
seed123_E_event_step14500 78 6 7 1.1930817529791966
seed123_E_event_step14500 78 6 8 1.187380820978433
seed123_E_event_step14500 78 6 9 1.1877381979720667
seed123_E_event_step14500 78 7 0 1.21556400496047
seed123_E_event_step14500 78 7 1 1.2158838460454717
seed123_E_event_step14500 78 7 2 1.2214900610269979
seed123_E_event_step14500 78 7 3 1.2226964470464736
seed123_E_event_step14500 78 7 4 1.239879921078682
seed123_E_event_step14500 78 7 5 1.2220648300135508
seed123_E_event_step14500 78 7 6 1.1998367729829624
seed123_E_event_step14500 78 7 7 1.1977925759274513
seed123_E_event_step14500 78 7 8 1.2142951900605112
seed123_E_event_step14500 78 7 9 1.2119735509622842
seed123_E_event_step14500 78 8 0 1.2074994869763032
seed123_E_event_step14500 78 8 1 1.2249216850614175
seed123_E_event_step14500 78 8 2 1.2436330399941653
seed123_E_event_step14500 78 8 3 1.2249974170699716
seed123_E_event_step14500 78 8 4 1.1448032798944041
seed123_E_event_step14500 78 8 5 1.157744084019214
seed123_E_event_step14500 78 8 6 1.1572361289290711
seed123_E_event_step14500 78 8 7 1.1814152450533584
seed123_E_event_step14500 78 8 8 1.169249941012822
seed123_E_event_step14500 78 8 9 1.1723441649228334
seed123_E_event_step14500 78 9 0 1.1680855070007965
seed123_E_event_step14500 78 9 1 1.197474036947824
seed123_E_event_step14500 78 9 2 1.181379325920716
seed123_E_event_step14500 78 9 3 1.1809788669925183
seed123_E_event_step14500 78 9 4 1.1780161189381033
seed123_E_event_step14500 78 9 5 1.1791036690119654
seed123_E_event_step14500 78 9 6 1.181430806987919
seed123_E_event_step14500 78 9 7 1.1608019820414484
seed123_E_event_step14500 78 9 8 1.1818953590700403
seed123_E_event_step14500 78 9 9 1.136892711976543
{'model': 'seed123_E_event_step14500', 'completed_pairs': 2000, 'requested_pairs': 2000, 'completed': True, 'complete_source_count': 20, 'FRD': 131.2882599911348, 'new_pairs': 2000, 'wall_seconds': 471.5813507059356}
