seed123_E_text_step14500 0 0 0 0.9213906980585307
seed123_E_text_step14500 0 0 1 0.0960431220009923
seed123_E_text_step14500 0 0 2 0.09420543408486992
seed123_E_text_step14500 0 0 3 0.09580989694222808
seed123_E_text_step14500 0 0 4 0.09457238391041756
seed123_E_text_step14500 0 0 5 0.10289857105817646
seed123_E_text_step14500 0 0 6 0.09730442997533828
seed123_E_text_step14500 0 0 7 0.09277959098108113
seed123_E_text_step14500 0 0 8 0.09294787200633436
seed123_E_text_step14500 0 0 9 0.08980483200866729
seed123_E_text_step14500 0 1 0 0.09573141695000231
seed123_E_text_step14500 0 1 1 0.09519221703521907
seed123_E_text_step14500 0 1 2 0.10059326002374291
seed123_E_text_step14500 0 1 3 0.0923680339474231
seed123_E_text_step14500 0 1 4 0.09085105895064771
seed123_E_text_step14500 0 1 5 0.0936450130539015
seed123_E_text_step14500 0 1 6 0.09750182693824172
seed123_E_text_step14500 0 1 7 0.09102126292418689
seed123_E_text_step14500 0 1 8 0.0925760610261932
seed123_E_text_step14500 0 1 9 0.08964346395805478
seed123_E_text_step14500 0 2 0 0.09423723293002695
seed123_E_text_step14500 0 2 1 0.09229898196645081
seed123_E_text_step14500 0 2 2 0.09147091209888458
seed123_E_text_step14500 0 2 3 0.09345158305950463
seed123_E_text_step14500 0 2 4 0.09192004904616624
seed123_E_text_step14500 0 2 5 0.08806688198819757
seed123_E_text_step14500 0 2 6 0.08909887296613306
seed123_E_text_step14500 0 2 7 0.09056041296571493
seed123_E_text_step14500 0 2 8 0.09469944599550217
seed123_E_text_step14500 0 2 9 0.0922802269924432
seed123_E_text_step14500 0 3 0 0.09532236494123936
seed123_E_text_step14500 0 3 1 0.09856805298477411
seed123_E_text_step14500 0 3 2 0.09390020009595901
seed123_E_text_step14500 0 3 3 0.09449393406976014
seed123_E_text_step14500 0 3 4 0.09215439693070948
seed123_E_text_step14500 0 3 5 0.09112761600408703
seed123_E_text_step14500 0 3 6 0.09506911295466125
seed123_E_text_step14500 0 3 7 0.09951477905269712
seed123_E_text_step14500 0 3 8 0.09113267599605024
seed123_E_text_step14500 0 3 9 0.09699421701952815
seed123_E_text_step14500 0 4 0 0.09334927797317505
seed123_E_text_step14500 0 4 1 0.09498032205738127
seed123_E_text_step14500 0 4 2 0.09966803202405572
seed123_E_text_step14500 0 4 3 0.09778371395077556
seed123_E_text_step14500 0 4 4 0.09869709890335798
seed123_E_text_step14500 0 4 5 0.09309908095747232
seed123_E_text_step14500 0 4 6 0.09042048593983054
seed123_E_text_step14500 0 4 7 0.09285912197083235
seed123_E_text_step14500 0 4 8 0.08918893500231206
seed123_E_text_step14500 0 4 9 0.09447708202060312
seed123_E_text_step14500 0 5 0 0.08934192603919655
seed123_E_text_step14500 0 5 1 0.0888478240231052
seed123_E_text_step14500 0 5 2 0.09450969391036779
seed123_E_text_step14500 0 5 3 0.08991544204764068
seed123_E_text_step14500 0 5 4 0.09240280103404075
seed123_E_text_step14500 0 5 5 0.09243208693806082
seed123_E_text_step14500 0 5 6 0.08836952107958496
seed123_E_text_step14500 0 5 7 0.0922612709691748
seed123_E_text_step14500 0 5 8 0.09720522002317011
seed123_E_text_step14500 0 5 9 0.09560144797433168
seed123_E_text_step14500 0 6 0 0.09232191601768136
seed123_E_text_step14500 0 6 1 0.08911538403481245
seed123_E_text_step14500 0 6 2 0.09002119407523423
seed123_E_text_step14500 0 6 3 0.09402378601953387
seed123_E_text_step14500 0 6 4 0.09395648702047765
seed123_E_text_step14500 0 6 5 0.09328218991868198
seed123_E_text_step14500 0 6 6 0.09178587305359542
seed123_E_text_step14500 0 6 7 0.09044008399359882
seed123_E_text_step14500 0 6 8 0.08953731996007264
seed123_E_text_step14500 0 6 9 0.09455703396815807
seed123_E_text_step14500 0 7 0 0.09101624309550971
seed123_E_text_step14500 0 7 1 0.08861749293282628
seed123_E_text_step14500 0 7 2 0.0914940849179402
seed123_E_text_step14500 0 7 3 0.09561288997065276
seed123_E_text_step14500 0 7 4 0.0939021339872852
seed123_E_text_step14500 0 7 5 0.09558158996514976
seed123_E_text_step14500 0 7 6 0.09098985302262008
seed123_E_text_step14500 0 7 7 0.0920877989847213
seed123_E_text_step14500 0 7 8 0.08890890993643552
seed123_E_text_step14500 0 7 9 0.09211797697935253
seed123_E_text_step14500 0 8 0 0.0998942939331755
seed123_E_text_step14500 0 8 1 0.0894213579595089
seed123_E_text_step14500 0 8 2 0.090003318968229
seed123_E_text_step14500 0 8 3 0.08842397399712354
seed123_E_text_step14500 0 8 4 0.09160606900695711
seed123_E_text_step14500 0 8 5 0.09371070808265358
seed123_E_text_step14500 0 8 6 0.09010528400540352
seed123_E_text_step14500 0 8 7 0.0918880170211196
seed123_E_text_step14500 0 8 8 0.09115475800354034
seed123_E_text_step14500 0 8 9 0.09248852403834462
seed123_E_text_step14500 0 9 0 0.09160705201793462
seed123_E_text_step14500 0 9 1 0.09049148100893945
seed123_E_text_step14500 0 9 2 0.09055482095573097
seed123_E_text_step14500 0 9 3 0.09172512707300484
seed123_E_text_step14500 0 9 4 0.09304988593794405
seed123_E_text_step14500 0 9 5 0.09318739897571504
seed123_E_text_step14500 0 9 6 0.09506911097560078
seed123_E_text_step14500 0 9 7 0.09395222901366651
seed123_E_text_step14500 0 9 8 0.09255330904852599
seed123_E_text_step14500 0 9 9 0.08805656200274825
seed123_E_text_step14500 6 0 0 0.14730067492928356
seed123_E_text_step14500 6 0 1 0.15398253197781742
seed123_E_text_step14500 6 0 2 0.1394790819613263
seed123_E_text_step14500 6 0 3 0.14337693399284035
seed123_E_text_step14500 6 0 4 0.14451241993810982
seed123_E_text_step14500 6 0 5 0.14477526303380728
seed123_E_text_step14500 6 0 6 0.1469696720596403
seed123_E_text_step14500 6 0 7 0.1436951409559697
seed123_E_text_step14500 6 0 8 0.14390623301733285
seed123_E_text_step14500 6 0 9 0.14536106097511947
seed123_E_text_step14500 6 1 0 0.14799922797828913
seed123_E_text_step14500 6 1 1 0.14692709094379097
seed123_E_text_step14500 6 1 2 0.14637034898623824
seed123_E_text_step14500 6 1 3 0.14790560002438724
seed123_E_text_step14500 6 1 4 0.14613256405573338
seed123_E_text_step14500 6 1 5 0.1475041820667684
seed123_E_text_step14500 6 1 6 0.1427439140388742
seed123_E_text_step14500 6 1 7 0.1412089440273121
seed123_E_text_step14500 6 1 8 0.14816380303818733
seed123_E_text_step14500 6 1 9 0.14118581893853843
seed123_E_text_step14500 6 2 0 0.14009004703257233
seed123_E_text_step14500 6 2 1 0.14436627097893506
seed123_E_text_step14500 6 2 2 0.1433475170051679
seed123_E_text_step14500 6 2 3 0.1403391829226166
seed123_E_text_step14500 6 2 4 0.14120884402655065
seed123_E_text_step14500 6 2 5 0.14139881590381265
seed123_E_text_step14500 6 2 6 0.14303643198218197
seed123_E_text_step14500 6 2 7 0.14163896499667317
seed123_E_text_step14500 6 2 8 0.15712222608271986
seed123_E_text_step14500 6 2 9 0.15091825101990253
seed123_E_text_step14500 6 3 0 0.14892500604037195
seed123_E_text_step14500 6 3 1 0.14240468700882047
seed123_E_text_step14500 6 3 2 0.14548789302352816
seed123_E_text_step14500 6 3 3 0.15030403796117753
seed123_E_text_step14500 6 3 4 0.1506998740369454
seed123_E_text_step14500 6 3 5 0.16012777399737388
seed123_E_text_step14500 6 3 6 0.15429873391985893
seed123_E_text_step14500 6 3 7 0.14855939708650112
seed123_E_text_step14500 6 3 8 0.14739670709241182
seed123_E_text_step14500 6 3 9 0.1444757810095325
seed123_E_text_step14500 6 4 0 0.1430474939988926
seed123_E_text_step14500 6 4 1 0.1448813449824229
seed123_E_text_step14500 6 4 2 0.1459971050499007
seed123_E_text_step14500 6 4 3 0.1422341609140858
seed123_E_text_step14500 6 4 4 0.14822671201545745
seed123_E_text_step14500 6 4 5 0.14520947204437107
seed123_E_text_step14500 6 4 6 0.14538310293573886
seed123_E_text_step14500 6 4 7 0.1602806559531018
seed123_E_text_step14500 6 4 8 0.15538063098210841
seed123_E_text_step14500 6 4 9 0.14363889303058386
seed123_E_text_step14500 6 5 0 0.14556983904913068
seed123_E_text_step14500 6 5 1 0.15022291406057775
seed123_E_text_step14500 6 5 2 0.14303133205976337
seed123_E_text_step14500 6 5 3 0.15126138599589467
seed123_E_text_step14500 6 5 4 0.15229188301600516
seed123_E_text_step14500 6 5 5 0.14551029598806053
seed123_E_text_step14500 6 5 6 0.14324853708967566
seed123_E_text_step14500 6 5 7 0.1508886549854651
seed123_E_text_step14500 6 5 8 0.14520945108961314
seed123_E_text_step14500 6 5 9 0.14082994009368122
seed123_E_text_step14500 6 6 0 0.13968318002298474
seed123_E_text_step14500 6 6 1 0.14697505196090788
seed123_E_text_step14500 6 6 2 0.14294172101654112
seed123_E_text_step14500 6 6 3 0.14748172892723233
seed123_E_text_step14500 6 6 4 0.14675322792027146
seed123_E_text_step14500 6 6 5 0.15726974699646235
seed123_E_text_step14500 6 6 6 0.14246603404171765
seed123_E_text_step14500 6 6 7 0.14659906295128167
seed123_E_text_step14500 6 6 8 0.15404903702437878
seed123_E_text_step14500 6 6 9 0.1435299440054223
seed123_E_text_step14500 6 7 0 0.1453596178907901
seed123_E_text_step14500 6 7 1 0.1459574190666899
seed123_E_text_step14500 6 7 2 0.14839964103884995
seed123_E_text_step14500 6 7 3 0.1443611019058153
seed123_E_text_step14500 6 7 4 0.1559698450146243
seed123_E_text_step14500 6 7 5 0.14726680901367217
seed123_E_text_step14500 6 7 6 0.14789195300545543
seed123_E_text_step14500 6 7 7 0.14473717904184014
seed123_E_text_step14500 6 7 8 0.14917356905061752
seed123_E_text_step14500 6 7 9 0.14409843005705625
seed123_E_text_step14500 6 8 0 0.14185452496167272
seed123_E_text_step14500 6 8 1 0.14604217105079442
seed123_E_text_step14500 6 8 2 0.13902718701865524
seed123_E_text_step14500 6 8 3 0.1402918309904635
seed123_E_text_step14500 6 8 4 0.1489185030804947
seed123_E_text_step14500 6 8 5 0.14720031095203012
seed123_E_text_step14500 6 8 6 0.1460454660700634
seed123_E_text_step14500 6 8 7 0.14643566100858152
seed123_E_text_step14500 6 8 8 0.15144994494039565
seed123_E_text_step14500 6 8 9 0.1395341749303043
seed123_E_text_step14500 6 9 0 0.1414056880166754
seed123_E_text_step14500 6 9 1 0.1455045440234244
seed123_E_text_step14500 6 9 2 0.1423947069561109
seed123_E_text_step14500 6 9 3 0.1471028559608385
seed123_E_text_step14500 6 9 4 0.14484804996754974
seed123_E_text_step14500 6 9 5 0.14735620003193617
seed123_E_text_step14500 6 9 6 0.1419099810300395
seed123_E_text_step14500 6 9 7 0.14573575602844357
seed123_E_text_step14500 6 9 8 0.14286854991223663
seed123_E_text_step14500 6 9 9 0.14508979301899672
seed123_E_text_step14500 9 0 0 0.04894087999127805
seed123_E_text_step14500 9 0 1 0.04238946200348437
seed123_E_text_step14500 9 0 2 0.0418423869414255
seed123_E_text_step14500 9 0 3 0.04154316696804017
seed123_E_text_step14500 9 0 4 0.04261570400558412
seed123_E_text_step14500 9 0 5 0.0460090619744733
seed123_E_text_step14500 9 0 6 0.04230814706534147
seed123_E_text_step14500 9 0 7 0.04106504295486957
seed123_E_text_step14500 9 0 8 0.04337144596502185
seed123_E_text_step14500 9 0 9 0.04284057405311614
seed123_E_text_step14500 9 1 0 0.041397118009626865
seed123_E_text_step14500 9 1 1 0.04363013000693172
seed123_E_text_step14500 9 1 2 0.04223389504477382
seed123_E_text_step14500 9 1 3 0.043390342965722084
seed123_E_text_step14500 9 1 4 0.04141538206022233
seed123_E_text_step14500 9 1 5 0.04590562602970749
seed123_E_text_step14500 9 1 6 0.04195973102468997
seed123_E_text_step14500 9 1 7 0.042095349985174835
seed123_E_text_step14500 9 1 8 0.04194650601129979
seed123_E_text_step14500 9 1 9 0.04231556097511202
seed123_E_text_step14500 9 2 0 0.04108357906807214
seed123_E_text_step14500 9 2 1 0.040945744956843555
seed123_E_text_step14500 9 2 2 0.04701497300993651
seed123_E_text_step14500 9 2 3 0.04273002198897302
seed123_E_text_step14500 9 2 4 0.042015207931399345
seed123_E_text_step14500 9 2 5 0.04351051198318601
seed123_E_text_step14500 9 2 6 0.04297629196662456
seed123_E_text_step14500 9 2 7 0.04187684308271855
seed123_E_text_step14500 9 2 8 0.04184330895077437
seed123_E_text_step14500 9 2 9 0.04453432699665427
seed123_E_text_step14500 9 3 0 0.04286715399939567
seed123_E_text_step14500 9 3 1 0.04037519602570683
seed123_E_text_step14500 9 3 2 0.04250441107433289
seed123_E_text_step14500 9 3 3 0.0528546430869028
seed123_E_text_step14500 9 3 4 0.043207041919231415
seed123_E_text_step14500 9 3 5 0.04643735091667622
seed123_E_text_step14500 9 3 6 0.046198974014259875
seed123_E_text_step14500 9 3 7 0.04320314491633326
seed123_E_text_step14500 9 3 8 0.04215110698714852
seed123_E_text_step14500 9 3 9 0.04593670496251434
seed123_E_text_step14500 9 4 0 0.043369873077608645
seed123_E_text_step14500 9 4 1 0.04205645597539842
seed123_E_text_step14500 9 4 2 0.04242826602421701
seed123_E_text_step14500 9 4 3 0.042912009987048805
seed123_E_text_step14500 9 4 4 0.042350949021056294
seed123_E_text_step14500 9 4 5 0.04097478010226041
seed123_E_text_step14500 9 4 6 0.04307914897799492
seed123_E_text_step14500 9 4 7 0.046087853028438985
seed123_E_text_step14500 9 4 8 0.043474463978782296
seed123_E_text_step14500 9 4 9 0.042513037915341556
seed123_E_text_step14500 9 5 0 0.046445184969343245
seed123_E_text_step14500 9 5 1 0.042728067957796156
seed123_E_text_step14500 9 5 2 0.04295638401526958
seed123_E_text_step14500 9 5 3 0.04260414105374366
seed123_E_text_step14500 9 5 4 0.04250719596166164
seed123_E_text_step14500 9 5 5 0.04201705101877451
seed123_E_text_step14500 9 5 6 0.04399754200130701
seed123_E_text_step14500 9 5 7 0.04646473203320056
seed123_E_text_step14500 9 5 8 0.04191042797174305
seed123_E_text_step14500 9 5 9 0.04225434293039143
seed123_E_text_step14500 9 6 0 0.04221159208100289
seed123_E_text_step14500 9 6 1 0.044363008928485215
seed123_E_text_step14500 9 6 2 0.04440659307874739
seed123_E_text_step14500 9 6 3 0.045445075957104564
seed123_E_text_step14500 9 6 4 0.04309319599997252
seed123_E_text_step14500 9 6 5 0.04300693003460765
seed123_E_text_step14500 9 6 6 0.042426022002473474
seed123_E_text_step14500 9 6 7 0.04360700596589595
seed123_E_text_step14500 9 6 8 0.04238429293036461
seed123_E_text_step14500 9 6 9 0.041752776014618576
seed123_E_text_step14500 9 7 0 0.04189643100835383
seed123_E_text_step14500 9 7 1 0.04670437006279826
seed123_E_text_step14500 9 7 2 0.04315065604168922
seed123_E_text_step14500 9 7 3 0.04270887095481157
seed123_E_text_step14500 9 7 4 0.043014324037358165
seed123_E_text_step14500 9 7 5 0.04163226601667702
seed123_E_text_step14500 9 7 6 0.04212659108452499
seed123_E_text_step14500 9 7 7 0.04196442908141762
seed123_E_text_step14500 9 7 8 0.044253761996515095
seed123_E_text_step14500 9 7 9 0.042127661989070475
seed123_E_text_step14500 9 8 0 0.04339264694135636
seed123_E_text_step14500 9 8 1 0.04534913401585072
seed123_E_text_step14500 9 8 2 0.04298013891093433
seed123_E_text_step14500 9 8 3 0.04144977801479399
seed123_E_text_step14500 9 8 4 0.04281244904268533
seed123_E_text_step14500 9 8 5 0.04434069793205708
seed123_E_text_step14500 9 8 6 0.042182315955869853
seed123_E_text_step14500 9 8 7 0.04181048704776913
seed123_E_text_step14500 9 8 8 0.044132599025033414
seed123_E_text_step14500 9 8 9 0.04129322897642851
seed123_E_text_step14500 9 9 0 0.041749089024960995
seed123_E_text_step14500 9 9 1 0.04161482199560851
seed123_E_text_step14500 9 9 2 0.04414292995352298
seed123_E_text_step14500 9 9 3 0.0416588659863919
seed123_E_text_step14500 9 9 4 0.042245627962984145
seed123_E_text_step14500 9 9 5 0.044781508971937
seed123_E_text_step14500 9 9 6 0.04256551794242114
seed123_E_text_step14500 9 9 7 0.04187991900835186
seed123_E_text_step14500 9 9 8 0.0417953779688105
seed123_E_text_step14500 9 9 9 0.04261543299071491
seed123_E_text_step14500 12 0 0 0.4482019649585709
seed123_E_text_step14500 12 0 1 0.44223881093785167
seed123_E_text_step14500 12 0 2 0.4413782770279795
seed123_E_text_step14500 12 0 3 0.45137536397669464
seed123_E_text_step14500 12 0 4 0.4465724740875885
seed123_E_text_step14500 12 0 5 0.4442698860075325
seed123_E_text_step14500 12 0 6 0.45474077900871634
seed123_E_text_step14500 12 0 7 0.4548727209912613
seed123_E_text_step14500 12 0 8 0.44097649899777025
seed123_E_text_step14500 12 0 9 0.4509237710153684
seed123_E_text_step14500 12 1 0 0.4434415060095489
seed123_E_text_step14500 12 1 1 0.4418155599851161
seed123_E_text_step14500 12 1 2 0.44045635603833944
seed123_E_text_step14500 12 1 3 0.4376441369531676
seed123_E_text_step14500 12 1 4 0.4473219730425626
seed123_E_text_step14500 12 1 5 0.43887227098457515
seed123_E_text_step14500 12 1 6 0.4333017049357295
seed123_E_text_step14500 12 1 7 0.44292699196375906
seed123_E_text_step14500 12 1 8 0.4497436659876257
seed123_E_text_step14500 12 1 9 0.458182618021965
seed123_E_text_step14500 12 2 0 0.44236944697331637
seed123_E_text_step14500 12 2 1 0.44792964204680175
seed123_E_text_step14500 12 2 2 0.4553785939933732
seed123_E_text_step14500 12 2 3 0.4460253859870136
seed123_E_text_step14500 12 2 4 0.44504690694157034
seed123_E_text_step14500 12 2 5 0.43992871697992086
seed123_E_text_step14500 12 2 6 0.4492730359779671
seed123_E_text_step14500 12 2 7 0.4435667919460684
seed123_E_text_step14500 12 2 8 0.4383434390183538
seed123_E_text_step14500 12 2 9 0.4507459469605237
seed123_E_text_step14500 12 3 0 0.46332535496912897
seed123_E_text_step14500 12 3 1 0.4424969789106399
seed123_E_text_step14500 12 3 2 0.4418334619840607
seed123_E_text_step14500 12 3 3 0.4460338409990072
seed123_E_text_step14500 12 3 4 0.4483190729515627
seed123_E_text_step14500 12 3 5 0.45595881901681423
seed123_E_text_step14500 12 3 6 0.44447979307733476
seed123_E_text_step14500 12 3 7 0.4437684849835932
seed123_E_text_step14500 12 3 8 0.44678472401574254
seed123_E_text_step14500 12 3 9 0.47191077494062483
seed123_E_text_step14500 12 4 0 0.4497054390376434
seed123_E_text_step14500 12 4 1 0.44795936602167785
seed123_E_text_step14500 12 4 2 0.4404704680200666
seed123_E_text_step14500 12 4 3 0.4393703170353547
seed123_E_text_step14500 12 4 4 0.44780312792863697
seed123_E_text_step14500 12 4 5 0.4431414669379592
seed123_E_text_step14500 12 4 6 0.4447048919973895
seed123_E_text_step14500 12 4 7 0.45408987905830145
seed123_E_text_step14500 12 4 8 0.4494907580083236
seed123_E_text_step14500 12 4 9 0.4543341249227524
seed123_E_text_step14500 12 5 0 0.443573851021938
seed123_E_text_step14500 12 5 1 0.4504920799518004
seed123_E_text_step14500 12 5 2 0.4388709719059989
seed123_E_text_step14500 12 5 3 0.4418380369897932
seed123_E_text_step14500 12 5 4 0.4535062740324065
seed123_E_text_step14500 12 5 5 0.4800671139964834
seed123_E_text_step14500 12 5 6 0.45476178207900375
seed123_E_text_step14500 12 5 7 0.45793372590560466
seed123_E_text_step14500 12 5 8 0.4525489549851045
seed123_E_text_step14500 12 5 9 0.4439904260216281
seed123_E_text_step14500 12 6 0 0.44496984500437975
seed123_E_text_step14500 12 6 1 0.4520409960532561
seed123_E_text_step14500 12 6 2 0.45090707088820636
seed123_E_text_step14500 12 6 3 0.44062040105927736
seed123_E_text_step14500 12 6 4 0.4348027629312128
seed123_E_text_step14500 12 6 5 0.4355036210035905
seed123_E_text_step14500 12 6 6 0.4361705440096557
seed123_E_text_step14500 12 6 7 0.46960757300257683
seed123_E_text_step14500 12 6 8 0.4431082889204845
seed123_E_text_step14500 12 6 9 0.445196807035245
seed123_E_text_step14500 12 7 0 0.44435034110210836
seed123_E_text_step14500 12 7 1 0.4497209549881518
seed123_E_text_step14500 12 7 2 0.44463745795655996
seed123_E_text_step14500 12 7 3 0.45902575901709497
seed123_E_text_step14500 12 7 4 0.4587406850187108
seed123_E_text_step14500 12 7 5 0.4593472620472312
seed123_E_text_step14500 12 7 6 0.45798462093807757
seed123_E_text_step14500 12 7 7 0.47068850498180836
seed123_E_text_step14500 12 7 8 0.45889894594438374
seed123_E_text_step14500 12 7 9 0.44752157398033887
seed123_E_text_step14500 12 8 0 0.4505602449644357
seed123_E_text_step14500 12 8 1 0.45305480796378106
seed123_E_text_step14500 12 8 2 0.46253933699335903
seed123_E_text_step14500 12 8 3 0.4634772869758308
seed123_E_text_step14500 12 8 4 0.46784586599096656
seed123_E_text_step14500 12 8 5 0.4469420269597322
seed123_E_text_step14500 12 8 6 0.4561974270036444
seed123_E_text_step14500 12 8 7 0.445324748987332
seed123_E_text_step14500 12 8 8 0.44133656402118504
seed123_E_text_step14500 12 8 9 0.4377471710322425
seed123_E_text_step14500 12 9 0 0.4363731578923762
seed123_E_text_step14500 12 9 1 0.4543110049562529
seed123_E_text_step14500 12 9 2 0.45792159903794527
seed123_E_text_step14500 12 9 3 0.4543771509779617
seed123_E_text_step14500 12 9 4 0.46475334104616195
seed123_E_text_step14500 12 9 5 0.44281533593311906
seed123_E_text_step14500 12 9 6 0.4418671060120687
seed123_E_text_step14500 12 9 7 0.4323693129699677
seed123_E_text_step14500 12 9 8 0.42940450203604996
seed123_E_text_step14500 12 9 9 0.4386405349941924
seed123_E_text_step14500 18 0 0 0.10809085797518492
seed123_E_text_step14500 18 0 1 0.10490174894221127
seed123_E_text_step14500 18 0 2 0.1062369680730626
seed123_E_text_step14500 18 0 3 0.1029205669183284
seed123_E_text_step14500 18 0 4 0.10770234698429704
seed123_E_text_step14500 18 0 5 0.10360294894780964
seed123_E_text_step14500 18 0 6 0.10132898692972958
seed123_E_text_step14500 18 0 7 0.1056799660436809
seed123_E_text_step14500 18 0 8 0.10755752003751695
seed123_E_text_step14500 18 0 9 0.10156494902912527
seed123_E_text_step14500 18 1 0 0.10453614103607833
seed123_E_text_step14500 18 1 1 0.10438060399610549
seed123_E_text_step14500 18 1 2 0.10587945498991758
seed123_E_text_step14500 18 1 3 0.10370767896529287
seed123_E_text_step14500 18 1 4 0.11004398495424539
seed123_E_text_step14500 18 1 5 0.11244056199211627
seed123_E_text_step14500 18 1 6 0.10730586003046483
seed123_E_text_step14500 18 1 7 0.10381463298108429
seed123_E_text_step14500 18 1 8 0.10692581289913505
seed123_E_text_step14500 18 1 9 0.10151528299320489
seed123_E_text_step14500 18 2 0 0.10410519794095308
seed123_E_text_step14500 18 2 1 0.10165720502845943
seed123_E_text_step14500 18 2 2 0.1040760719915852
seed123_E_text_step14500 18 2 3 0.10332680202554911
seed123_E_text_step14500 18 2 4 0.10426514293067157
seed123_E_text_step14500 18 2 5 0.10841870296280831
seed123_E_text_step14500 18 2 6 0.10495015198830515
seed123_E_text_step14500 18 2 7 0.1054140580818057
seed123_E_text_step14500 18 2 8 0.10558019403833896
seed123_E_text_step14500 18 2 9 0.1053188560763374
seed123_E_text_step14500 18 3 0 0.10592964105308056
seed123_E_text_step14500 18 3 1 0.10684684198349714
seed123_E_text_step14500 18 3 2 0.10551403800491244
seed123_E_text_step14500 18 3 3 0.10813433094881475
seed123_E_text_step14500 18 3 4 0.10822276899125427
seed123_E_text_step14500 18 3 5 0.10836958908475935
seed123_E_text_step14500 18 3 6 0.10362471104599535
seed123_E_text_step14500 18 3 7 0.10582194593735039
seed123_E_text_step14500 18 3 8 0.10480361094232649
seed123_E_text_step14500 18 3 9 0.10491181898396462
seed123_E_text_step14500 18 4 0 0.10286512994207442
seed123_E_text_step14500 18 4 1 0.10545004601590335
seed123_E_text_step14500 18 4 2 0.10793024103622884
seed123_E_text_step14500 18 4 3 0.10313969501294196
seed123_E_text_step14500 18 4 4 0.10349703603424132
seed123_E_text_step14500 18 4 5 0.1066376039525494
seed123_E_text_step14500 18 4 6 0.10472250590100884
seed123_E_text_step14500 18 4 7 0.10478959500323981
seed123_E_text_step14500 18 4 8 0.10453182191122323
seed123_E_text_step14500 18 4 9 0.1032398360548541
seed123_E_text_step14500 18 5 0 0.10345557797700167
seed123_E_text_step14500 18 5 1 0.10329776699654758
seed123_E_text_step14500 18 5 2 0.10996117792092264
seed123_E_text_step14500 18 5 3 0.10734253888949752
seed123_E_text_step14500 18 5 4 0.10318737500347197
seed123_E_text_step14500 18 5 5 0.10377516795415431
seed123_E_text_step14500 18 5 6 0.10175938904285431
seed123_E_text_step14500 18 5 7 0.10343589098192751
seed123_E_text_step14500 18 5 8 0.10242998995818198
seed123_E_text_step14500 18 5 9 0.10522309294901788
seed123_E_text_step14500 18 6 0 0.10130966093856841
seed123_E_text_step14500 18 6 1 0.10417097294703126
seed123_E_text_step14500 18 6 2 0.10629980789963156
seed123_E_text_step14500 18 6 3 0.10225236997939646
seed123_E_text_step14500 18 6 4 0.10588945401832461
seed123_E_text_step14500 18 6 5 0.10274347802624106
seed123_E_text_step14500 18 6 6 0.10441233403980732
seed123_E_text_step14500 18 6 7 0.10434576810803264
seed123_E_text_step14500 18 6 8 0.10233631997834891
seed123_E_text_step14500 18 6 9 0.10246758197899908
seed123_E_text_step14500 18 7 0 0.10321170196402818
seed123_E_text_step14500 18 7 1 0.10760134202428162
seed123_E_text_step14500 18 7 2 0.10621412505861372
seed123_E_text_step14500 18 7 3 0.1064460469642654
seed123_E_text_step14500 18 7 4 0.10944785794708878
seed123_E_text_step14500 18 7 5 0.11592213902622461
seed123_E_text_step14500 18 7 6 0.10690094495657831
seed123_E_text_step14500 18 7 7 0.10910326009616256
seed123_E_text_step14500 18 7 8 0.10427593404892832
seed123_E_text_step14500 18 7 9 0.10170623799785972
seed123_E_text_step14500 18 8 0 0.10368883307091892
seed123_E_text_step14500 18 8 1 0.10212831397075206
seed123_E_text_step14500 18 8 2 0.10266123106703162
seed123_E_text_step14500 18 8 3 0.10308837599586695
seed123_E_text_step14500 18 8 4 0.10354324500076473
seed123_E_text_step14500 18 8 5 0.10699329199269414
seed123_E_text_step14500 18 8 6 0.1013942708959803
seed123_E_text_step14500 18 8 7 0.09976206603460014
seed123_E_text_step14500 18 8 8 0.10545894200913608
seed123_E_text_step14500 18 8 9 0.10248324007261544
seed123_E_text_step14500 18 9 0 0.10327143501490355
seed123_E_text_step14500 18 9 1 0.10470138594973832
seed123_E_text_step14500 18 9 2 0.10146039794199169
seed123_E_text_step14500 18 9 3 0.10618348605930805
seed123_E_text_step14500 18 9 4 0.10441197396721691
seed123_E_text_step14500 18 9 5 0.10168417601380497
seed123_E_text_step14500 18 9 6 0.10097552195657045
seed123_E_text_step14500 18 9 7 0.104455666965805
seed123_E_text_step14500 18 9 8 0.10093633702490479
seed123_E_text_step14500 18 9 9 0.1031174820382148
seed123_E_text_step14500 22 0 0 0.018560526077635586
seed123_E_text_step14500 22 0 1 0.015741844079457223
seed123_E_text_step14500 22 0 2 0.01546060701366514
seed123_E_text_step14500 22 0 3 0.015330969938077033
seed123_E_text_step14500 22 0 4 0.015412064967676997
seed123_E_text_step14500 22 0 5 0.017001961008645594
seed123_E_text_step14500 22 0 6 0.01599439699202776
seed123_E_text_step14500 22 0 7 0.015275484067387879
seed123_E_text_step14500 22 0 8 0.015419709030538797
seed123_E_text_step14500 22 0 9 0.017430478939786553
seed123_E_text_step14500 22 1 0 0.015311531955376267
seed123_E_text_step14500 22 1 1 0.015475556952878833
seed123_E_text_step14500 22 1 2 0.015462069888599217
seed123_E_text_step14500 22 1 3 0.015656111063435674
seed123_E_text_step14500 22 1 4 0.016912639955990016
seed123_E_text_step14500 22 1 5 0.015614460920915008
seed123_E_text_step14500 22 1 6 0.015483070979826152
seed123_E_text_step14500 22 1 7 0.01548813993576914
seed123_E_text_step14500 22 1 8 0.017141848104074597
seed123_E_text_step14500 22 1 9 0.017346919048577547
seed123_E_text_step14500 22 2 0 0.016440368024632335
seed123_E_text_step14500 22 2 1 0.015637906035408378
seed123_E_text_step14500 22 2 2 0.015526653965935111
seed123_E_text_step14500 22 2 3 0.015490364050492644
seed123_E_text_step14500 22 2 4 0.015453082975000143
seed123_E_text_step14500 22 2 5 0.015330558991990983
seed123_E_text_step14500 22 2 6 0.01614967396017164
seed123_E_text_step14500 22 2 7 0.018220868078060448
seed123_E_text_step14500 22 2 8 0.017415279056876898
seed123_E_text_step14500 22 2 9 0.015771070029586554
seed123_E_text_step14500 22 3 0 0.01543964701704681
seed123_E_text_step14500 22 3 1 0.015466548968106508
seed123_E_text_step14500 22 3 2 0.015501595917157829
seed123_E_text_step14500 22 3 3 0.015466678072698414
seed123_E_text_step14500 22 3 4 0.015448795049451292
seed123_E_text_step14500 22 3 5 0.015451258979737759
seed123_E_text_step14500 22 3 6 0.015473851934075356
seed123_E_text_step14500 22 3 7 0.015710833948105574
seed123_E_text_step14500 22 3 8 0.015612557996064425
seed123_E_text_step14500 22 3 9 0.016076853033155203
seed123_E_text_step14500 22 4 0 0.016332071041688323
seed123_E_text_step14500 22 4 1 0.016410341020673513
seed123_E_text_step14500 22 4 2 0.015716564957983792
seed123_E_text_step14500 22 4 3 0.01678727997932583
seed123_E_text_step14500 22 4 4 0.01594306796323508
seed123_E_text_step14500 22 4 5 0.015481767943128943
seed123_E_text_step14500 22 4 6 0.01647572498768568
seed123_E_text_step14500 22 4 7 0.016763775027357042
seed123_E_text_step14500 22 4 8 0.01563665398862213
seed123_E_text_step14500 22 4 9 0.01548540499061346
seed123_E_text_step14500 22 5 0 0.015342793078161776
seed123_E_text_step14500 22 5 1 0.015525950933806598
seed123_E_text_step14500 22 5 2 0.01548967300914228
seed123_E_text_step14500 22 5 3 0.01555105997249484
seed123_E_text_step14500 22 5 4 0.015460046008229256
seed123_E_text_step14500 22 5 5 0.01551658392418176
seed123_E_text_step14500 22 5 6 0.01811674900818616
seed123_E_text_step14500 22 5 7 0.0157410129904747
seed123_E_text_step14500 22 5 8 0.015485374024137855
seed123_E_text_step14500 22 5 9 0.015629139030352235
seed123_E_text_step14500 22 6 0 0.015495785046368837
seed123_E_text_step14500 22 6 1 0.015061595011502504
seed123_E_text_step14500 22 6 2 0.01527045399416238
seed123_E_text_step14500 22 6 3 0.015284191002137959
seed123_E_text_step14500 22 6 4 0.01519395795185119
seed123_E_text_step14500 22 6 5 0.016886911005713046
seed123_E_text_step14500 22 6 6 0.017300960957072675
seed123_E_text_step14500 22 6 7 0.015437713009305298
seed123_E_text_step14500 22 6 8 0.016755350050516427
seed123_E_text_step14500 22 6 9 0.018600641982629895
seed123_E_text_step14500 22 7 0 0.015854820027016103
seed123_E_text_step14500 22 7 1 0.01574984996113926
seed123_E_text_step14500 22 7 2 0.01560599496588111
seed123_E_text_step14500 22 7 3 0.015605394029989839
seed123_E_text_step14500 22 7 4 0.015512576093897223
seed123_E_text_step14500 22 7 5 0.0175352479564026
seed123_E_text_step14500 22 7 6 0.016125367023050785
seed123_E_text_step14500 22 7 7 0.015493009006604552
seed123_E_text_step14500 22 7 8 0.015685345977544785
seed123_E_text_step14500 22 7 9 0.01550630503334105
seed123_E_text_step14500 22 8 0 0.015411833999678493
seed123_E_text_step14500 22 8 1 0.015451200073584914
seed123_E_text_step14500 22 8 2 0.015490695019252598
seed123_E_text_step14500 22 8 3 0.015433314954861999
seed123_E_text_step14500 22 8 4 0.0164998919935897
seed123_E_text_step14500 22 8 5 0.015675627975724638
seed123_E_text_step14500 22 8 6 0.01541372702922672
seed123_E_text_step14500 22 8 7 0.015486347023397684
seed123_E_text_step14500 22 8 8 0.015765739022754133
seed123_E_text_step14500 22 8 9 0.015435109031386673
seed123_E_text_step14500 22 9 0 0.015437463065609336
seed123_E_text_step14500 22 9 1 0.015321332029998302
seed123_E_text_step14500 22 9 2 0.01551583199761808
seed123_E_text_step14500 22 9 3 0.01544409606140107
seed123_E_text_step14500 22 9 4 0.018200468039140105
seed123_E_text_step14500 22 9 5 0.016146776964887977
seed123_E_text_step14500 22 9 6 0.015472179977223277
seed123_E_text_step14500 22 9 7 0.015477388980798423
seed123_E_text_step14500 22 9 8 0.015462341019883752
seed123_E_text_step14500 22 9 9 0.015469964942894876
seed123_E_text_step14500 24 0 0 0.017507886048406363
seed123_E_text_step14500 24 0 1 0.017222000053152442
seed123_E_text_step14500 24 0 2 0.019526369054801762
seed123_E_text_step14500 24 0 3 0.020515247946605086
seed123_E_text_step14500 24 0 4 0.020141493994742632
seed123_E_text_step14500 24 0 5 0.01852877507917583
seed123_E_text_step14500 24 0 6 0.017511622980237007
seed123_E_text_step14500 24 0 7 0.01740716292988509
seed123_E_text_step14500 24 0 8 0.017373620066791773
seed123_E_text_step14500 24 0 9 0.017255002981983125
seed123_E_text_step14500 24 1 0 0.01754602906294167
seed123_E_text_step14500 24 1 1 0.017514007980935276
seed123_E_text_step14500 24 1 2 0.018688019015826285
seed123_E_text_step14500 24 1 3 0.017112612025812268
seed123_E_text_step14500 24 1 4 0.017273347941227257
seed123_E_text_step14500 24 1 5 0.017324346001259983
seed123_E_text_step14500 24 1 6 0.017259291955269873
seed123_E_text_step14500 24 1 7 0.017312271986156702
seed123_E_text_step14500 24 1 8 0.017363670049235225
seed123_E_text_step14500 24 1 9 0.0183631390100345
seed123_E_text_step14500 24 2 0 0.019388015964068472
seed123_E_text_step14500 24 2 1 0.018734908080659807
seed123_E_text_step14500 24 2 2 0.017604471067897975
seed123_E_text_step14500 24 2 3 0.017232460086233914
seed123_E_text_step14500 24 2 4 0.01759342895820737
seed123_E_text_step14500 24 2 5 0.01723156892694533
seed123_E_text_step14500 24 2 6 0.017246857983991504
seed123_E_text_step14500 24 2 7 0.0172599219949916
seed123_E_text_step14500 24 2 8 0.019726070924662054
seed123_E_text_step14500 24 2 9 0.02034235803876072
seed123_E_text_step14500 24 3 0 0.018135194084607065
seed123_E_text_step14500 24 3 1 0.018038748996332288
seed123_E_text_step14500 24 3 2 0.01814242801629007
seed123_E_text_step14500 24 3 3 0.017343010986223817
seed123_E_text_step14500 24 3 4 0.017229664023034275
seed123_E_text_step14500 24 3 5 0.01751987903844565
seed123_E_text_step14500 24 3 6 0.017462800024077296
seed123_E_text_step14500 24 3 7 0.018722935928963125
seed123_E_text_step14500 24 3 8 0.019958905060775578
seed123_E_text_step14500 24 3 9 0.019954075920395553
seed123_E_text_step14500 24 4 0 0.017769615980796516
seed123_E_text_step14500 24 4 1 0.01741575007326901
seed123_E_text_step14500 24 4 2 0.017300740932114422
seed123_E_text_step14500 24 4 3 0.017945601954124868
seed123_E_text_step14500 24 4 4 0.01825109391938895
seed123_E_text_step14500 24 4 5 0.01743362401612103
seed123_E_text_step14500 24 4 6 0.022138457046821713
seed123_E_text_step14500 24 4 7 0.01946815801784396
seed123_E_text_step14500 24 4 8 0.0173210488865152
seed123_E_text_step14500 24 4 9 0.017535989987663925
seed123_E_text_step14500 24 5 0 0.017246135976165533
seed123_E_text_step14500 24 5 1 0.0174454360967502
seed123_E_text_step14500 24 5 2 0.01726045401301235
seed123_E_text_step14500 24 5 3 0.017286553978919983
seed123_E_text_step14500 24 5 4 0.01755729003343731
seed123_E_text_step14500 24 5 5 0.02200036298017949
seed123_E_text_step14500 24 5 6 0.017970899934880435
seed123_E_text_step14500 24 5 7 0.017971521010622382
seed123_E_text_step14500 24 5 8 0.018022218020632863
seed123_E_text_step14500 24 5 9 0.019530828925780952
seed123_E_text_step14500 24 6 0 0.018244121922180057
seed123_E_text_step14500 24 6 1 0.017584663000889122
seed123_E_text_step14500 24 6 2 0.017451988998800516
seed123_E_text_step14500 24 6 3 0.018467888003215194
seed123_E_text_step14500 24 6 4 0.01791367109399289
seed123_E_text_step14500 24 6 5 0.017287506023421884
seed123_E_text_step14500 24 6 6 0.017220275942236185
seed123_E_text_step14500 24 6 7 0.0172028630040586
seed123_E_text_step14500 24 6 8 0.01800848194397986
seed123_E_text_step14500 24 6 9 0.017210337915457785
seed123_E_text_step14500 24 7 0 0.017202101997099817
seed123_E_text_step14500 24 7 1 0.020145021029748023
seed123_E_text_step14500 24 7 2 0.024877695948816836
seed123_E_text_step14500 24 7 3 0.018889143015258014
seed123_E_text_step14500 24 7 4 0.017210707999765873
seed123_E_text_step14500 24 7 5 0.01723659795243293
seed123_E_text_step14500 24 7 6 0.017326729954220355
seed123_E_text_step14500 24 7 7 0.01720263296738267
seed123_E_text_step14500 24 7 8 0.01724592607934028
seed123_E_text_step14500 24 7 9 0.01812681695446372
seed123_E_text_step14500 24 8 0 0.019776065950281918
seed123_E_text_step14500 24 8 1 0.019177773967385292
seed123_E_text_step14500 24 8 2 0.017750578932464123
seed123_E_text_step14500 24 8 3 0.017187113990075886
seed123_E_text_step14500 24 8 4 0.017995257047004998
seed123_E_text_step14500 24 8 5 0.01852609997149557
seed123_E_text_step14500 24 8 6 0.018206350039690733
seed123_E_text_step14500 24 8 7 0.01802882004994899
seed123_E_text_step14500 24 8 8 0.0174431320047006
seed123_E_text_step14500 24 8 9 0.01909241103567183
seed123_E_text_step14500 24 9 0 0.01755684008821845
seed123_E_text_step14500 24 9 1 0.01723155891522765
seed123_E_text_step14500 24 9 2 0.017117531038820744
seed123_E_text_step14500 24 9 3 0.017262547044083476
seed123_E_text_step14500 24 9 4 0.017283917986787856
seed123_E_text_step14500 24 9 5 0.017237889929674566
seed123_E_text_step14500 24 9 6 0.01774575002491474
seed123_E_text_step14500 24 9 7 0.01815989101305604
seed123_E_text_step14500 24 9 8 0.019629916991107166
seed123_E_text_step14500 24 9 9 0.01725234801415354
seed123_E_text_step14500 30 0 0 0.029006600030697882
seed123_E_text_step14500 30 0 1 0.026913793059065938
seed123_E_text_step14500 30 0 2 0.027837848057970405
seed123_E_text_step14500 30 0 3 0.029300600988790393
seed123_E_text_step14500 30 0 4 0.027525922982022166
seed123_E_text_step14500 30 0 5 0.027631875011138618
seed123_E_text_step14500 30 0 6 0.027198547031730413
seed123_E_text_step14500 30 0 7 0.026760259992443025
seed123_E_text_step14500 30 0 8 0.027576068066991866
seed123_E_text_step14500 30 0 9 0.029313804931007326
seed123_E_text_step14500 30 1 0 0.026912290952168405
seed123_E_text_step14500 30 1 1 0.02788452699314803
seed123_E_text_step14500 30 1 2 0.02813537500333041
seed123_E_text_step14500 30 1 3 0.027267287950962782
seed123_E_text_step14500 30 1 4 0.026750491932034492
seed123_E_text_step14500 30 1 5 0.03186707105487585
seed123_E_text_step14500 30 1 6 0.028682539938017726
seed123_E_text_step14500 30 1 7 0.02681478497106582
seed123_E_text_step14500 30 1 8 0.026812950964085758
seed123_E_text_step14500 30 1 9 0.026775568956509233
seed123_E_text_step14500 30 2 0 0.030415549990721047
seed123_E_text_step14500 30 2 1 0.02760393195785582
seed123_E_text_step14500 30 2 2 0.027056756080128253
seed123_E_text_step14500 30 2 3 0.026810307055711746
seed123_E_text_step14500 30 2 4 0.026853999006561935
seed123_E_text_step14500 30 2 5 0.02726620703469962
seed123_E_text_step14500 30 2 6 0.03015581297222525
seed123_E_text_step14500 30 2 7 0.02798055997118354
seed123_E_text_step14500 30 2 8 0.029373510042205453
seed123_E_text_step14500 30 2 9 0.02750336902681738
seed123_E_text_step14500 30 3 0 0.027954611112363636
seed123_E_text_step14500 30 3 1 0.028411853942088783
seed123_E_text_step14500 30 3 2 0.0300606619566679
seed123_E_text_step14500 30 3 3 0.02781746897380799
seed123_E_text_step14500 30 3 4 0.02701355400495231
seed123_E_text_step14500 30 3 5 0.0267030120594427
seed123_E_text_step14500 30 3 6 0.026864168932661414
seed123_E_text_step14500 30 3 7 0.029171083006076515
seed123_E_text_step14500 30 3 8 0.02801674895454198
seed123_E_text_step14500 30 3 9 0.026861754013225436
seed123_E_text_step14500 30 4 0 0.026868748012930155
seed123_E_text_step14500 30 4 1 0.026755040977150202
seed123_E_text_step14500 30 4 2 0.026734531042166054
seed123_E_text_step14500 30 4 3 0.02961141406558454
seed123_E_text_step14500 30 4 4 0.027122711995616555
seed123_E_text_step14500 30 4 5 0.027898113010451198
seed123_E_text_step14500 30 4 6 0.027202464058063924
seed123_E_text_step14500 30 4 7 0.026709583937190473
seed123_E_text_step14500 30 4 8 0.02837023395113647
seed123_E_text_step14500 30 4 9 0.028063818928785622
seed123_E_text_step14500 30 5 0 0.02767433598637581
seed123_E_text_step14500 30 5 1 0.027672883006744087
seed123_E_text_step14500 30 5 2 0.028363471967168152
seed123_E_text_step14500 30 5 3 0.026960683055222034
seed123_E_text_step14500 30 5 4 0.02910628996323794
seed123_E_text_step14500 30 5 5 0.028053248999640346
seed123_E_text_step14500 30 5 6 0.026613740948960185
seed123_E_text_step14500 30 5 7 0.02593073691241443
seed123_E_text_step14500 30 5 8 0.02696749591268599
seed123_E_text_step14500 30 5 9 0.02885994897224009
seed123_E_text_step14500 30 6 0 0.02799636998679489
seed123_E_text_step14500 30 6 1 0.027125608059577644
seed123_E_text_step14500 30 6 2 0.026924834004603326
seed123_E_text_step14500 30 6 3 0.026709884987212718
seed123_E_text_step14500 30 6 4 0.02646518696565181
seed123_E_text_step14500 30 6 5 0.028327843989245594
seed123_E_text_step14500 30 6 6 0.026328606996685266
seed123_E_text_step14500 30 6 7 0.02582132804673165
seed123_E_text_step14500 30 6 8 0.02629418100696057
seed123_E_text_step14500 30 6 9 0.02608351898379624
seed123_E_text_step14500 30 7 0 0.028195821912959218
seed123_E_text_step14500 30 7 1 0.027153109898790717
seed123_E_text_step14500 30 7 2 0.026288570021279156
seed123_E_text_step14500 30 7 3 0.02586656401399523
seed123_E_text_step14500 30 7 4 0.026506096008233726
seed123_E_text_step14500 30 7 5 0.027799615054391325
seed123_E_text_step14500 30 7 6 0.03049424011260271
seed123_E_text_step14500 30 7 7 0.026844060979783535
seed123_E_text_step14500 30 7 8 0.026706216973252594
seed123_E_text_step14500 30 7 9 0.02755021909251809
seed123_E_text_step14500 30 8 0 0.028756432002410293
seed123_E_text_step14500 30 8 1 0.030085979960858822
seed123_E_text_step14500 30 8 2 0.0278629349777475
seed123_E_text_step14500 30 8 3 0.02792227896861732
seed123_E_text_step14500 30 8 4 0.02719084406271577
seed123_E_text_step14500 30 8 5 0.02676815597806126
seed123_E_text_step14500 30 8 6 0.026912201079539955
seed123_E_text_step14500 30 8 7 0.028273298987187445
seed123_E_text_step14500 30 8 8 0.026988697005435824
seed123_E_text_step14500 30 8 9 0.027101551997475326
seed123_E_text_step14500 30 9 0 0.02664520009420812
seed123_E_text_step14500 30 9 1 0.026211332995444536
seed123_E_text_step14500 30 9 2 0.028415870969183743
seed123_E_text_step14500 30 9 3 0.027080492000095546
seed123_E_text_step14500 30 9 4 0.027257499983534217
seed123_E_text_step14500 30 9 5 0.026841345941647887
seed123_E_text_step14500 30 9 6 0.02603270101826638
seed123_E_text_step14500 30 9 7 0.027189309941604733
seed123_E_text_step14500 30 9 8 0.028430940001271665
seed123_E_text_step14500 30 9 9 0.027920805965550244
seed123_E_text_step14500 33 0 0 0.007255151984281838
seed123_E_text_step14500 33 0 1 0.006194175104610622
seed123_E_text_step14500 33 0 2 0.006136005045846105
seed123_E_text_step14500 33 0 3 0.00611919304355979
seed123_E_text_step14500 33 0 4 0.006111357011832297
seed123_E_text_step14500 33 0 5 0.0061159159522503614
seed123_E_text_step14500 33 0 6 0.006077973986975849
seed123_E_text_step14500 33 0 7 0.0061030719662085176
seed123_E_text_step14500 33 0 8 0.006110917078331113
seed123_E_text_step14500 33 0 9 0.006091358955018222
seed123_E_text_step14500 33 1 0 0.006349222036078572
seed123_E_text_step14500 33 1 1 0.0063508349703624845
seed123_E_text_step14500 33 1 2 0.006264440016821027
seed123_E_text_step14500 33 1 3 0.006271163001656532
seed123_E_text_step14500 33 1 4 0.006304136011749506
seed123_E_text_step14500 33 1 5 0.006351346033625305
seed123_E_text_step14500 33 1 6 0.006367907975800335
seed123_E_text_step14500 33 1 7 0.0063645620830357075
seed123_E_text_step14500 33 1 8 0.0064109599916264415
seed123_E_text_step14500 33 1 9 0.00625814707018435
seed123_E_text_step14500 33 2 0 0.006255172076635063
seed123_E_text_step14500 33 2 1 0.006269249017350376
seed123_E_text_step14500 33 2 2 0.00621299201156944
seed123_E_text_step14500 33 2 3 0.006209876039065421
seed123_E_text_step14500 33 2 4 0.006200318108312786
seed123_E_text_step14500 33 2 5 0.006222620024345815
seed123_E_text_step14500 33 2 6 0.0060771319549530745
seed123_E_text_step14500 33 2 7 0.006227480014786124
seed123_E_text_step14500 33 2 8 0.006006547948345542
seed123_E_text_step14500 33 2 9 0.006253087893128395
seed123_E_text_step14500 33 3 0 0.006108231958933175
seed123_E_text_step14500 33 3 1 0.006120956037193537
seed123_E_text_step14500 33 3 2 0.006103902938775718
seed123_E_text_step14500 33 3 3 0.0060849570436403155
seed123_E_text_step14500 33 3 4 0.006108631961978972
seed123_E_text_step14500 33 3 5 0.006093624047935009
seed123_E_text_step14500 33 3 6 0.006096479017287493
seed123_E_text_step14500 33 3 7 0.006110055022872984
seed123_E_text_step14500 33 3 8 0.006288996897637844
seed123_E_text_step14500 33 3 9 0.006088734953664243
seed123_E_text_step14500 33 4 0 0.006051933974958956
seed123_E_text_step14500 33 4 1 0.00605804705992341
seed123_E_text_step14500 33 4 2 0.006073505966924131
seed123_E_text_step14500 33 4 3 0.006178646930493414
seed123_E_text_step14500 33 4 4 0.006309316027909517
seed123_E_text_step14500 33 4 5 0.006233911961317062
seed123_E_text_step14500 33 4 6 0.006095868069678545
seed123_E_text_step14500 33 4 7 0.006093293079175055
seed123_E_text_step14500 33 4 8 0.006089605973102152
seed123_E_text_step14500 33 4 9 0.006122348946519196
seed123_E_text_step14500 33 5 0 0.006293926038779318
seed123_E_text_step14500 33 5 1 0.006326769012957811
seed123_E_text_step14500 33 5 2 0.0063473989721387625
seed123_E_text_step14500 33 5 3 0.006293465965427458
seed123_E_text_step14500 33 5 4 0.0063051870092749596
seed123_E_text_step14500 33 5 5 0.006301321089267731
seed123_E_text_step14500 33 5 6 0.006252406048588455
seed123_E_text_step14500 33 5 7 0.006258487934246659
seed123_E_text_step14500 33 5 8 0.0062572460155934095
seed123_E_text_step14500 33 5 9 0.006268847966566682
seed123_E_text_step14500 33 6 0 0.0060706400545313954
seed123_E_text_step14500 33 6 1 0.006165249971672893
seed123_E_text_step14500 33 6 2 0.006045632995665073
seed123_E_text_step14500 33 6 3 0.006237418041564524
seed123_E_text_step14500 33 6 4 0.0062445520889014006
seed123_E_text_step14500 33 6 5 0.0061084829503670335
seed123_E_text_step14500 33 6 6 0.00609754107426852
seed123_E_text_step14500 33 6 7 0.006122910068370402
seed123_E_text_step14500 33 6 8 0.006131516071036458
seed123_E_text_step14500 33 6 9 0.006163676967844367
seed123_E_text_step14500 33 7 0 0.007244352018460631
seed123_E_text_step14500 33 7 1 0.006456356029957533
seed123_E_text_step14500 33 7 2 0.006354290992021561
seed123_E_text_step14500 33 7 3 0.006400179001502693
seed123_E_text_step14500 33 7 4 0.006378507940098643
seed123_E_text_step14500 33 7 5 0.00634187797550112
seed123_E_text_step14500 33 7 6 0.006351855932734907
seed123_E_text_step14500 33 7 7 0.006302183028310537
seed123_E_text_step14500 33 7 8 0.006257746950723231
seed123_E_text_step14500 33 7 9 0.006267546094022691
seed123_E_text_step14500 33 8 0 0.006261855945922434
seed123_E_text_step14500 33 8 1 0.006255101994611323
seed123_E_text_step14500 33 8 2 0.006223101052455604
seed123_E_text_step14500 33 8 3 0.006272715982049704
seed123_E_text_step14500 33 8 4 0.006206979975104332
seed123_E_text_step14500 33 8 5 0.006280230008997023
seed123_E_text_step14500 33 8 6 0.006194846937432885
seed123_E_text_step14500 33 8 7 0.006234362022951245
seed123_E_text_step14500 33 8 8 0.006200046977028251
seed123_E_text_step14500 33 8 9 0.006211037980392575
seed123_E_text_step14500 33 9 0 0.006296560983173549
seed123_E_text_step14500 33 9 1 0.006278087035752833
seed123_E_text_step14500 33 9 2 0.006243580020964146
seed123_E_text_step14500 33 9 3 0.006252627004869282
seed123_E_text_step14500 33 9 4 0.006266554002650082
seed123_E_text_step14500 33 9 5 0.0061192529974505305
seed123_E_text_step14500 33 9 6 0.0062143540708348155
seed123_E_text_step14500 33 9 7 0.00615501101128757
seed123_E_text_step14500 33 9 8 0.18555487098637968
seed123_E_text_step14500 33 9 9 0.006316670100204647
seed123_E_text_step14500 36 0 0 0.007332168985158205
seed123_E_text_step14500 36 0 1 0.006783110904507339
seed123_E_text_step14500 36 0 2 0.0067572209518402815
seed123_E_text_step14500 36 0 3 0.006758993957191706
seed123_E_text_step14500 36 0 4 0.0069580740528181195
seed123_E_text_step14500 36 0 5 0.007301499950699508
seed123_E_text_step14500 36 0 6 0.006998511962592602
seed123_E_text_step14500 36 0 7 0.0068418929586187005
seed123_E_text_step14500 36 0 8 0.006849277066066861
seed123_E_text_step14500 36 0 9 0.0068297089310362935
seed123_E_text_step14500 36 1 0 0.006866700015962124
seed123_E_text_step14500 36 1 1 0.006745498976670206
seed123_E_text_step14500 36 1 2 0.006804191041737795
seed123_E_text_step14500 36 1 3 0.006976920063607395
seed123_E_text_step14500 36 1 4 0.006662069004960358
seed123_E_text_step14500 36 1 5 0.006709209061227739
seed123_E_text_step14500 36 1 6 0.006634115008637309
seed123_E_text_step14500 36 1 7 0.006667830049991608
seed123_E_text_step14500 36 1 8 0.00661370693705976
seed123_E_text_step14500 36 1 9 0.006659494014456868
seed123_E_text_step14500 36 2 0 0.006634547025896609
seed123_E_text_step14500 36 2 1 0.006642140913754702
seed123_E_text_step14500 36 2 2 0.006714288960210979
seed123_E_text_step14500 36 2 3 0.006641278974711895
seed123_E_text_step14500 36 2 4 0.006627754075452685
seed123_E_text_step14500 36 2 5 0.006609058007597923
seed123_E_text_step14500 36 2 6 0.006569833029061556
seed123_E_text_step14500 36 2 7 0.006457800045609474
seed123_E_text_step14500 36 2 8 0.006630257936194539
seed123_E_text_step14500 36 2 9 0.007664212025702
seed123_E_text_step14500 36 3 0 0.008983872015960515
seed123_E_text_step14500 36 3 1 0.0068183469120413065
seed123_E_text_step14500 36 3 2 0.006680475082248449
seed123_E_text_step14500 36 3 3 0.006964125903323293
seed123_E_text_step14500 36 3 4 0.0067598160821944475
seed123_E_text_step14500 36 3 5 0.0066719880560413
seed123_E_text_step14500 36 3 6 0.006643194006755948
seed123_E_text_step14500 36 3 7 0.0068931799614802
seed123_E_text_step14500 36 3 8 0.0066810050047934055
seed123_E_text_step14500 36 3 9 0.006685705040581524
seed123_E_text_step14500 36 4 0 0.006591084063984454
seed123_E_text_step14500 36 4 1 0.006677258061245084
seed123_E_text_step14500 36 4 2 0.0067364119458943605
seed123_E_text_step14500 36 4 3 0.0066444450058043
seed123_E_text_step14500 36 4 4 0.006621481035836041
seed123_E_text_step14500 36 4 5 0.006621230975724757
seed123_E_text_step14500 36 4 6 0.006640358944423497
seed123_E_text_step14500 36 4 7 0.006605130969546735
seed123_E_text_step14500 36 4 8 0.006472417037002742
seed123_E_text_step14500 36 4 9 0.006610250915400684
seed123_E_text_step14500 36 5 0 0.006767831044271588
seed123_E_text_step14500 36 5 1 0.006641749991104007
seed123_E_text_step14500 36 5 2 0.006619427935220301
seed123_E_text_step14500 36 5 3 0.006618015002459288
seed123_E_text_step14500 36 5 4 0.006600010907277465
seed123_E_text_step14500 36 5 5 0.006615630001761019
seed123_E_text_step14500 36 5 6 0.006617915001697838
seed123_E_text_step14500 36 5 7 0.006624828092753887
seed123_E_text_step14500 36 5 8 0.006605561007745564
seed123_E_text_step14500 36 5 9 0.006643823930062354
seed123_E_text_step14500 36 6 0 0.006607164046727121
seed123_E_text_step14500 36 6 1 0.006479150033555925
seed123_E_text_step14500 36 6 2 0.006607123999856412
seed123_E_text_step14500 36 6 3 0.006599089945666492
seed123_E_text_step14500 36 6 4 0.0066419909708201885
seed123_E_text_step14500 36 6 5 0.006481343996711075
seed123_E_text_step14500 36 6 6 0.006663982989266515
seed123_E_text_step14500 36 6 7 0.0066081159748137
seed123_E_text_step14500 36 6 8 0.006659633945673704
seed123_E_text_step14500 36 6 9 0.006602776004001498
seed123_E_text_step14500 36 7 0 0.006809439975768328
seed123_E_text_step14500 36 7 1 0.006910832948051393
seed123_E_text_step14500 36 7 2 0.007921093027107418
seed123_E_text_step14500 36 7 3 0.007544905063696206
seed123_E_text_step14500 36 7 4 0.007198964012786746
seed123_E_text_step14500 36 7 5 0.006930451956577599
seed123_E_text_step14500 36 7 6 0.006797878071665764
seed123_E_text_step14500 36 7 7 0.006836822023615241
seed123_E_text_step14500 36 7 8 0.006790834944695234
seed123_E_text_step14500 36 7 9 0.006840380025096238
seed123_E_text_step14500 36 8 0 0.006653432035818696
seed123_E_text_step14500 36 8 1 0.006629888084717095
seed123_E_text_step14500 36 8 2 0.00653545802924782
seed123_E_text_step14500 36 8 3 0.00637964007910341
seed123_E_text_step14500 36 8 4 0.006451227003708482
seed123_E_text_step14500 36 8 5 0.006609027972444892
seed123_E_text_step14500 36 8 6 0.00635060400236398
seed123_E_text_step14500 36 8 7 0.006595100974664092
seed123_E_text_step14500 36 8 8 0.006614819052629173
seed123_E_text_step14500 36 8 9 0.006420988938771188
seed123_E_text_step14500 36 9 0 0.006457268027588725
seed123_E_text_step14500 36 9 1 0.006609027972444892
seed123_E_text_step14500 36 9 2 0.006488527054898441
seed123_E_text_step14500 36 9 3 0.007098561967723072
seed123_E_text_step14500 36 9 4 0.008734125993214548
seed123_E_text_step14500 36 9 5 0.009087679907679558
seed123_E_text_step14500 36 9 6 0.006847614073194563
seed123_E_text_step14500 36 9 7 0.007169898948632181
seed123_E_text_step14500 36 9 8 0.007030141889117658
seed123_E_text_step14500 36 9 9 0.006959317019209266
seed123_E_text_step14500 40 0 0 0.004320879932492971
seed123_E_text_step14500 40 0 1 0.003962134011089802
seed123_E_text_step14500 40 0 2 0.003950222046114504
seed123_E_text_step14500 40 0 3 0.004021698026917875
seed123_E_text_step14500 40 0 4 0.00392640708014369
seed123_E_text_step14500 40 0 5 0.003932788036763668
seed123_E_text_step14500 40 0 6 0.003920275019481778
seed123_E_text_step14500 40 0 7 0.003943979972973466
seed123_E_text_step14500 40 0 8 0.0039606619393453
seed123_E_text_step14500 40 0 9 0.003938518930226564
seed123_E_text_step14500 40 1 0 0.003929432015866041
seed123_E_text_step14500 40 1 1 0.003958287066780031
seed123_E_text_step14500 40 1 2 0.0039512040093541145
seed123_E_text_step14500 40 1 3 0.003943649004213512
seed123_E_text_step14500 40 1 4 0.003908562008291483
seed123_E_text_step14500 40 1 5 0.003962464979849756
seed123_E_text_step14500 40 1 6 0.003974688006564975
seed123_E_text_step14500 40 1 7 0.003917949972674251
seed123_E_text_step14500 40 1 8 0.003939391113817692
seed123_E_text_step14500 40 1 9 0.003954480052925646
seed123_E_text_step14500 40 2 0 0.003923260024748743
seed123_E_text_step14500 40 2 1 0.0039207859663292766
seed123_E_text_step14500 40 2 2 0.003918510978110135
seed123_E_text_step14500 40 2 3 0.003944792086258531
seed123_E_text_step14500 40 2 4 0.0039215669967234135
seed123_E_text_step14500 40 2 5 0.003947706893086433
seed123_E_text_step14500 40 2 6 0.003912078100256622
seed123_E_text_step14500 40 2 7 0.003918180009350181
seed123_E_text_step14500 40 2 8 0.003933378960937262
seed123_E_text_step14500 40 2 9 0.004403216997161508
seed123_E_text_step14500 40 3 0 0.004073858028277755
seed123_E_text_step14500 40 3 1 0.004068286041729152
seed123_E_text_step14500 40 3 2 0.004311511991545558
seed123_E_text_step14500 40 3 3 0.004081342020072043
seed123_E_text_step14500 40 3 4 0.003962574992328882
seed123_E_text_step14500 40 3 5 0.004242930910550058
seed123_E_text_step14500 40 3 6 0.003947856952436268
seed123_E_text_step14500 40 3 7 0.0039699889020994306
seed123_E_text_step14500 40 3 8 0.003993735066615045
seed123_E_text_step14500 40 3 9 0.0039930930361151695
seed123_E_text_step14500 40 4 0 0.004067013971507549
seed123_E_text_step14500 40 4 1 0.004042017040774226
seed123_E_text_step14500 40 4 2 0.004052327014505863
seed123_E_text_step14500 40 4 3 0.003952044993638992
seed123_E_text_step14500 40 4 4 0.0051013389602303505
seed123_E_text_step14500 40 4 5 0.004198906943202019
seed123_E_text_step14500 40 4 6 0.003997902967967093
seed123_E_text_step14500 40 4 7 0.004033019999042153
seed123_E_text_step14500 40 4 8 0.003985910094343126
seed123_E_text_step14500 40 4 9 0.003991250065155327
seed123_E_text_step14500 40 5 0 0.003989877994172275
seed123_E_text_step14500 40 5 1 0.003977362997829914
seed123_E_text_step14500 40 5 2 0.003985218936577439
seed123_E_text_step14500 40 5 3 0.003966463031247258
seed123_E_text_step14500 40 5 4 0.003998233936727047
seed123_E_text_step14500 40 5 5 0.003969719051383436
seed123_E_text_step14500 40 5 6 0.0039548700442537665
seed123_E_text_step14500 40 5 7 0.003976361942477524
seed123_E_text_step14500 40 5 8 0.004088735906407237
seed123_E_text_step14500 40 5 9 0.004165402031503618
seed123_E_text_step14500 40 6 0 0.003965259995311499
seed123_E_text_step14500 40 6 1 0.003963788039982319
seed123_E_text_step14500 40 6 2 0.003970299963839352
seed123_E_text_step14500 40 6 3 0.004123091930523515
seed123_E_text_step14500 40 6 4 0.005095629021525383
seed123_E_text_step14500 40 6 5 0.004562029964290559
seed123_E_text_step14500 40 6 6 0.003972764010541141
seed123_E_text_step14500 40 6 7 0.003986270050518215
seed123_E_text_step14500 40 6 8 0.004141347017139196
seed123_E_text_step14500 40 6 9 0.004038920975290239
seed123_E_text_step14500 40 7 0 0.003986550960689783
seed123_E_text_step14500 40 7 1 0.003967805067077279
seed123_E_text_step14500 40 7 2 0.003967775963246822
seed123_E_text_step14500 40 7 3 0.003976200940087438
seed123_E_text_step14500 40 7 4 0.004192013991996646
seed123_E_text_step14500 40 7 5 0.004005388007499278
seed123_E_text_step14500 40 7 6 0.004009614931419492
seed123_E_text_step14500 40 7 7 0.003972033970057964
seed123_E_text_step14500 40 7 8 0.003965992014855146
seed123_E_text_step14500 40 7 9 0.0040032429387792945
seed123_E_text_step14500 40 8 0 0.0038859989726915956
seed123_E_text_step14500 40 8 1 0.003887391067110002
seed123_E_text_step14500 40 8 2 0.0038899260107427835
seed123_E_text_step14500 40 8 3 0.0038902669912204146
seed123_E_text_step14500 40 8 4 0.0038741270545870066
seed123_E_text_step14500 40 8 5 0.00390401401091367
seed123_E_text_step14500 40 8 6 0.003885188023559749
seed123_E_text_step14500 40 8 7 0.0038811800768598914
seed123_E_text_step14500 40 8 8 0.0038921000668779016
seed123_E_text_step14500 40 8 9 0.003875087946653366
seed123_E_text_step14500 40 9 0 0.0038938040379434824
seed123_E_text_step14500 40 9 1 0.003895297064445913
seed123_E_text_step14500 40 9 2 0.0038681039586663246
seed123_E_text_step14500 40 9 3 0.0038873919984325767
seed123_E_text_step14500 40 9 4 0.0038740569725632668
seed123_E_text_step14500 40 9 5 0.0038760399911552668
seed123_E_text_step14500 40 9 6 0.003890488063916564
seed123_E_text_step14500 40 9 7 0.0038805989315733314
seed123_E_text_step14500 40 9 8 0.0038923119427636266
seed123_E_text_step14500 40 9 9 0.0038751980755478144
seed123_E_text_step14500 47 0 0 0.0670980439754203
seed123_E_text_step14500 47 0 1 0.061121933977119625
seed123_E_text_step14500 47 0 2 0.06403845199383795
seed123_E_text_step14500 47 0 3 0.059827893041074276
seed123_E_text_step14500 47 0 4 0.05985372292343527
seed123_E_text_step14500 47 0 5 0.061396156903356314
seed123_E_text_step14500 47 0 6 0.06632126995828003
seed123_E_text_step14500 47 0 7 0.06407298799604177
seed123_E_text_step14500 47 0 8 0.061890581040643156
seed123_E_text_step14500 47 0 9 0.059656405937857926
seed123_E_text_step14500 47 1 0 0.062081867014057934
seed123_E_text_step14500 47 1 1 0.059900642023421824
seed123_E_text_step14500 47 1 2 0.06300737406127155
seed123_E_text_step14500 47 1 3 0.06054042396135628
seed123_E_text_step14500 47 1 4 0.06393900199327618
seed123_E_text_step14500 47 1 5 0.06367456691805273
seed123_E_text_step14500 47 1 6 0.06372311990708113
seed123_E_text_step14500 47 1 7 0.06237804191187024
seed123_E_text_step14500 47 1 8 0.06019443296827376
seed123_E_text_step14500 47 1 9 0.06444005900993943
seed123_E_text_step14500 47 2 0 0.05988578300457448
seed123_E_text_step14500 47 2 1 0.06155364797450602
seed123_E_text_step14500 47 2 2 0.06049505609553307
seed123_E_text_step14500 47 2 3 0.061002344940789044
seed123_E_text_step14500 47 2 4 0.060788586968556046
seed123_E_text_step14500 47 2 5 0.06258940510451794
seed123_E_text_step14500 47 2 6 0.0613183390814811
seed123_E_text_step14500 47 2 7 0.06487310503143817
seed123_E_text_step14500 47 2 8 0.06076026405207813
seed123_E_text_step14500 47 2 9 0.06178461795207113
seed123_E_text_step14500 47 3 0 0.06015082902740687
seed123_E_text_step14500 47 3 1 0.06575093104038388
seed123_E_text_step14500 47 3 2 0.06012733397074044
seed123_E_text_step14500 47 3 3 0.06211744493339211
seed123_E_text_step14500 47 3 4 0.06310152297373861
seed123_E_text_step14500 47 3 5 0.06125981698278338
seed123_E_text_step14500 47 3 6 0.06329482200089842
seed123_E_text_step14500 47 3 7 0.06063869094941765
seed123_E_text_step14500 47 3 8 0.06246552802622318
seed123_E_text_step14500 47 3 9 0.06314265099354088
seed123_E_text_step14500 47 4 0 0.05963898205664009
seed123_E_text_step14500 47 4 1 0.06337111804168671
seed123_E_text_step14500 47 4 2 0.060942430049180984
seed123_E_text_step14500 47 4 3 0.06389498698990792
seed123_E_text_step14500 47 4 4 0.0630301070632413
seed123_E_text_step14500 47 4 5 0.061315333005040884
seed123_E_text_step14500 47 4 6 0.06162018503528088
seed123_E_text_step14500 47 4 7 0.06718347605783492
seed123_E_text_step14500 47 4 8 0.06351558305323124
seed123_E_text_step14500 47 4 9 0.061868438962846994
seed123_E_text_step14500 47 5 0 0.060554238967597485
seed123_E_text_step14500 47 5 1 0.06159981607925147
seed123_E_text_step14500 47 5 2 0.06062473403289914
seed123_E_text_step14500 47 5 3 0.06220515095628798
seed123_E_text_step14500 47 5 4 0.06018104695249349
seed123_E_text_step14500 47 5 5 0.06257429590914398
seed123_E_text_step14500 47 5 6 0.06104364397469908
seed123_E_text_step14500 47 5 7 0.059878308908082545
seed123_E_text_step14500 47 5 8 0.06304564699530602
seed123_E_text_step14500 47 5 9 0.060892615001648664
seed123_E_text_step14500 47 6 0 0.06311972695402801
seed123_E_text_step14500 47 6 1 0.060871304012835026
seed123_E_text_step14500 47 6 2 0.06199885800015181
seed123_E_text_step14500 47 6 3 0.0690529850544408
seed123_E_text_step14500 47 6 4 0.06510692194569856
seed123_E_text_step14500 47 6 5 0.06655315193347633
seed123_E_text_step14500 47 6 6 0.06182147900108248
seed123_E_text_step14500 47 6 7 0.06291424494702369
seed123_E_text_step14500 47 6 8 0.063612658996135
seed123_E_text_step14500 47 6 9 0.06278650101739913
seed123_E_text_step14500 47 7 0 0.0622569399420172
seed123_E_text_step14500 47 7 1 0.06339226802811027
seed123_E_text_step14500 47 7 2 0.06362412997987121
seed123_E_text_step14500 47 7 3 0.06194065709132701
seed123_E_text_step14500 47 7 4 0.0619479410815984
seed123_E_text_step14500 47 7 5 0.0624758789781481
seed123_E_text_step14500 47 7 6 0.07379279495216906
seed123_E_text_step14500 47 7 7 0.06417679600417614
seed123_E_text_step14500 47 7 8 0.06113490799907595
seed123_E_text_step14500 47 7 9 0.06501999497413635
seed123_E_text_step14500 47 8 0 0.06283751898445189
seed123_E_text_step14500 47 8 1 0.06131652498152107
seed123_E_text_step14500 47 8 2 0.0608200270216912
seed123_E_text_step14500 47 8 3 0.06269189098384231
seed123_E_text_step14500 47 8 4 0.06303066795226187
seed123_E_text_step14500 47 8 5 0.061165106017142534
seed123_E_text_step14500 47 8 6 0.061720635974779725
seed123_E_text_step14500 47 8 7 0.06363540200982243
seed123_E_text_step14500 47 8 8 0.06206833990290761
seed123_E_text_step14500 47 8 9 0.06147845403756946
seed123_E_text_step14500 47 9 0 0.06154280703049153
seed123_E_text_step14500 47 9 1 0.06518567202147096
seed123_E_text_step14500 47 9 2 0.06274922005832195
seed123_E_text_step14500 47 9 3 0.06064194696955383
seed123_E_text_step14500 47 9 4 0.061786090955138206
seed123_E_text_step14500 47 9 5 0.06430448999162763
seed123_E_text_step14500 47 9 6 0.06386920798104256
seed123_E_text_step14500 47 9 7 0.061443607904948294
seed123_E_text_step14500 47 9 8 0.06289329507853836
seed123_E_text_step14500 47 9 9 0.06147773202974349
seed123_E_text_step14500 51 0 0 0.025195432011969388
seed123_E_text_step14500 51 0 1 0.022334489971399307
seed123_E_text_step14500 51 0 2 0.02368145191576332
seed123_E_text_step14500 51 0 3 0.023497481015510857
seed123_E_text_step14500 51 0 4 0.022117728018201888
seed123_E_text_step14500 51 0 5 0.02533120196312666
seed123_E_text_step14500 51 0 6 0.023292158963158727
seed123_E_text_step14500 51 0 7 0.024106213939376175
seed123_E_text_step14500 51 0 8 0.02446850494015962
seed123_E_text_step14500 51 0 9 0.024080193019472063
seed123_E_text_step14500 51 1 0 0.023180766962468624
seed123_E_text_step14500 51 1 1 0.023897935985587537
seed123_E_text_step14500 51 1 2 0.022563989041373134
seed123_E_text_step14500 51 1 3 0.022982047987170517
seed123_E_text_step14500 51 1 4 0.022545323008671403
seed123_E_text_step14500 51 1 5 0.0246810499811545
seed123_E_text_step14500 51 1 6 0.022948543075472116
seed123_E_text_step14500 51 1 7 0.02282903401646763
seed123_E_text_step14500 51 1 8 0.022583627025596797
seed123_E_text_step14500 51 1 9 0.022564309067092836
seed123_E_text_step14500 51 2 0 0.02277955098543316
seed123_E_text_step14500 51 2 1 0.022830978967249393
seed123_E_text_step14500 51 2 2 0.025522157084196806
seed123_E_text_step14500 51 2 3 0.02703481400385499
seed123_E_text_step14500 51 2 4 0.024527838919311762
seed123_E_text_step14500 51 2 5 0.026001632097177207
seed123_E_text_step14500 51 2 6 0.023154276073910296
seed123_E_text_step14500 51 2 7 0.022960836999118328
seed123_E_text_step14500 51 2 8 0.024910018080845475
seed123_E_text_step14500 51 2 9 0.02312973898369819
seed123_E_text_step14500 51 3 0 0.02253932098392397
seed123_E_text_step14500 51 3 1 0.02261313295457512
seed123_E_text_step14500 51 3 2 0.023108417983166873
seed123_E_text_step14500 51 3 3 0.02391145098954439
seed123_E_text_step14500 51 3 4 0.027134815929457545
seed123_E_text_step14500 51 3 5 0.022931099985726178
seed123_E_text_step14500 51 3 6 0.02258617104962468
seed123_E_text_step14500 51 3 7 0.022693186067044735
seed123_E_text_step14500 51 3 8 0.02275001397356391
seed123_E_text_step14500 51 3 9 0.02255228697322309
seed123_E_text_step14500 51 4 0 0.024175836006179452
seed123_E_text_step14500 51 4 1 0.022937602014280856
seed123_E_text_step14500 51 4 2 0.022921252064406872
seed123_E_text_step14500 51 4 3 0.022700950037688017
seed123_E_text_step14500 51 4 4 0.022587544983252883
seed123_E_text_step14500 51 4 5 0.02249965607188642
seed123_E_text_step14500 51 4 6 0.022536696051247418
seed123_E_text_step14500 51 4 7 0.02510252594947815
seed123_E_text_step14500 51 4 8 0.023081947001628578
seed123_E_text_step14500 51 4 9 0.02376040304079652
seed123_E_text_step14500 51 5 0 0.022655754000879824
seed123_E_text_step14500 51 5 1 0.023109719972126186
seed123_E_text_step14500 51 5 2 0.023480799980461597
seed123_E_text_step14500 51 5 3 0.023688605055212975
seed123_E_text_step14500 51 5 4 0.024613982997834682
seed123_E_text_step14500 51 5 5 0.022627891041338444
seed123_E_text_step14500 51 5 6 0.02295093797147274
seed123_E_text_step14500 51 5 7 0.02232592401560396
seed123_E_text_step14500 51 5 8 0.022274886956438422
seed123_E_text_step14500 51 5 9 0.022323959972709417
seed123_E_text_step14500 51 6 0 0.025909014977514744
seed123_E_text_step14500 51 6 1 0.022603414952754974
seed123_E_text_step14500 51 6 2 0.022250320063903928
seed123_E_text_step14500 51 6 3 0.022999270004220307
seed123_E_text_step14500 51 6 4 0.02275035495404154
seed123_E_text_step14500 51 6 5 0.022511338000185788
seed123_E_text_step14500 51 6 6 0.022599907941184938
seed123_E_text_step14500 51 6 7 0.028330899076536298
seed123_E_text_step14500 51 6 8 0.02383485494647175
seed123_E_text_step14500 51 6 9 0.0227569870185107
seed123_E_text_step14500 51 7 0 0.0229325529653579
seed123_E_text_step14500 51 7 1 0.023551104008220136
seed123_E_text_step14500 51 7 2 0.023254407104104757
seed123_E_text_step14500 51 7 3 0.024459566920995712
seed123_E_text_step14500 51 7 4 0.023727801046334207
seed123_E_text_step14500 51 7 5 0.0242976889712736
seed123_E_text_step14500 51 7 6 0.02260814409237355
seed123_E_text_step14500 51 7 7 0.022699888912029564
seed123_E_text_step14500 51 7 8 0.022510406910441816
seed123_E_text_step14500 51 7 9 0.02259769302327186
seed123_E_text_step14500 51 8 0 0.024124869029037654
seed123_E_text_step14500 51 8 1 0.022311937995254993
seed123_E_text_step14500 51 8 2 0.024203108972869813
seed123_E_text_step14500 51 8 3 0.022307167993858457
seed123_E_text_step14500 51 8 4 0.02480655093677342
seed123_E_text_step14500 51 8 5 0.023499333998188376
seed123_E_text_step14500 51 8 6 0.023865062976256013
seed123_E_text_step14500 51 8 7 0.02429221896454692
seed123_E_text_step14500 51 8 8 0.024335771915502846
seed123_E_text_step14500 51 8 9 0.025238374946638942
seed123_E_text_step14500 51 9 0 0.024256990989670157
seed123_E_text_step14500 51 9 1 0.02433730405755341
seed123_E_text_step14500 51 9 2 0.025385146029293537
seed123_E_text_step14500 51 9 3 0.024172890931367874
seed123_E_text_step14500 51 9 4 0.023264917079359293
seed123_E_text_step14500 51 9 5 0.023667945992201567
seed123_E_text_step14500 51 9 6 0.022575180046260357
seed123_E_text_step14500 51 9 7 0.022366963094100356
seed123_E_text_step14500 51 9 8 0.0225127610610798
seed123_E_text_step14500 51 9 9 0.02373714803252369
seed123_E_text_step14500 52 0 0 0.844509155023843
seed123_E_text_step14500 52 0 1 0.8312532569980249
seed123_E_text_step14500 52 0 2 0.8534488820005208
seed123_E_text_step14500 52 0 3 0.8698372800135985
seed123_E_text_step14500 52 0 4 0.8499986039241776
seed123_E_text_step14500 52 0 5 0.8439356479793787
seed123_E_text_step14500 52 0 6 0.8359430490527302
seed123_E_text_step14500 52 0 7 0.8632558130193502
seed123_E_text_step14500 52 0 8 0.8428462069714442
seed123_E_text_step14500 52 0 9 0.8528960039839149
seed123_E_text_step14500 52 1 0 0.8805682139936835
seed123_E_text_step14500 52 1 1 0.8631800060393289
seed123_E_text_step14500 52 1 2 0.8430148169863969
seed123_E_text_step14500 52 1 3 0.8902923780260608
seed123_E_text_step14500 52 1 4 0.8393834329908714
seed123_E_text_step14500 52 1 5 0.8410055689746514
seed123_E_text_step14500 52 1 6 0.844117289991118
seed123_E_text_step14500 52 1 7 0.8405406109523028
seed123_E_text_step14500 52 1 8 0.8440909790806472
seed123_E_text_step14500 52 1 9 0.8385267950361595
seed123_E_text_step14500 52 2 0 0.8320037610828876
seed123_E_text_step14500 52 2 1 0.8393068739678711
seed123_E_text_step14500 52 2 2 0.833291408023797
seed123_E_text_step14500 52 2 3 0.8487015590071678
seed123_E_text_step14500 52 2 4 0.8611286539817229
seed123_E_text_step14500 52 2 5 0.8731061810394749
seed123_E_text_step14500 52 2 6 0.8670234059682116
seed123_E_text_step14500 52 2 7 0.8521782039897516
seed123_E_text_step14500 52 2 8 0.8368031799327582
seed123_E_text_step14500 52 2 9 0.841579417930916
seed123_E_text_step14500 52 3 0 0.8459498919546604
seed123_E_text_step14500 52 3 1 0.8364377920515835
seed123_E_text_step14500 52 3 2 0.8295401519862935
seed123_E_text_step14500 52 3 3 0.8448428269475698
seed123_E_text_step14500 52 3 4 0.8426542379893363
seed123_E_text_step14500 52 3 5 0.8668349719373509
seed123_E_text_step14500 52 3 6 0.8463322990573943
seed123_E_text_step14500 52 3 7 0.8448609499027953
seed123_E_text_step14500 52 3 8 0.8611287480453029
seed123_E_text_step14500 52 3 9 0.8853152730735019
seed123_E_text_step14500 52 4 0 0.869638922973536
seed123_E_text_step14500 52 4 1 0.8703330380376428
seed123_E_text_step14500 52 4 2 0.8416147000389174
seed123_E_text_step14500 52 4 3 0.8590716769685969
seed123_E_text_step14500 52 4 4 0.8260436719283462
seed123_E_text_step14500 52 4 5 0.8380053769797087
seed123_E_text_step14500 52 4 6 0.8511967019876465
seed123_E_text_step14500 52 4 7 0.8562980899587274
seed123_E_text_step14500 52 4 8 0.8599740780191496
seed123_E_text_step14500 52 4 9 0.8427454150514677
seed123_E_text_step14500 52 5 0 0.8734296060865745
seed123_E_text_step14500 52 5 1 0.8740739159984514
seed123_E_text_step14500 52 5 2 0.8422339579556137
seed123_E_text_step14500 52 5 3 0.838205446023494
seed123_E_text_step14500 52 5 4 0.8671249060425907
seed123_E_text_step14500 52 5 5 0.8442478409269825
seed123_E_text_step14500 52 5 6 0.8483561129542068
seed123_E_text_step14500 52 5 7 0.8389910439727828
seed123_E_text_step14500 52 5 8 0.8618388039758429
seed123_E_text_step14500 52 5 9 0.8569804069120437
seed123_E_text_step14500 52 6 0 0.8544716381002218
seed123_E_text_step14500 52 6 1 0.8517269070725888
seed123_E_text_step14500 52 6 2 0.8617641190066934
seed123_E_text_step14500 52 6 3 0.8372030779719353
seed123_E_text_step14500 52 6 4 0.8480215410236269
seed123_E_text_step14500 52 6 5 0.8575427269097418
seed123_E_text_step14500 52 6 6 0.8166367730591446
seed123_E_text_step14500 52 6 7 0.841334011987783
seed123_E_text_step14500 52 6 8 0.8463464509695768
seed123_E_text_step14500 52 6 9 0.8326147949555889
seed123_E_text_step14500 52 7 0 0.8510604110779241
seed123_E_text_step14500 52 7 1 0.8437442019348964
seed123_E_text_step14500 52 7 2 0.8377436860464513
seed123_E_text_step14500 52 7 3 0.8407987279351801
seed123_E_text_step14500 52 7 4 0.8480837349779904
seed123_E_text_step14500 52 7 5 0.8462681790115312
seed123_E_text_step14500 52 7 6 0.8301811959827319
seed123_E_text_step14500 52 7 7 0.8398469390813261
seed123_E_text_step14500 52 7 8 0.8430649620713666
seed123_E_text_step14500 52 7 9 0.8555199389811605
seed123_E_text_step14500 52 8 0 0.8436672609532252
seed123_E_text_step14500 52 8 1 0.8590371150057763
seed123_E_text_step14500 52 8 2 0.8461138820275664
seed123_E_text_step14500 52 8 3 0.8648610620293766
seed123_E_text_step14500 52 8 4 0.8480737110367045
seed123_E_text_step14500 52 8 5 0.8505109049146995
seed123_E_text_step14500 52 8 6 0.8518306539626792
seed123_E_text_step14500 52 8 7 0.8487757010152563
seed123_E_text_step14500 52 8 8 0.8369240340543911
seed123_E_text_step14500 52 8 9 0.8547740509966388
seed123_E_text_step14500 52 9 0 0.849081372958608
seed123_E_text_step14500 52 9 1 0.8596559510333464
seed123_E_text_step14500 52 9 2 0.8308132659876719
seed123_E_text_step14500 52 9 3 0.8440912560326979
seed123_E_text_step14500 52 9 4 0.8465952450642362
seed123_E_text_step14500 52 9 5 0.8651512200012803
seed123_E_text_step14500 52 9 6 0.8528985680313781
seed123_E_text_step14500 52 9 7 0.8467057349625975
seed123_E_text_step14500 52 9 8 0.848834328004159
seed123_E_text_step14500 52 9 9 0.8455715600866824
seed123_E_text_step14500 56 0 0 0.020236684009432793
seed123_E_text_step14500 56 0 1 0.01800588599871844
seed123_E_text_step14500 56 0 2 0.018165809917263687
seed123_E_text_step14500 56 0 3 0.018224654020741582
seed123_E_text_step14500 56 0 4 0.017843896988779306
seed123_E_text_step14500 56 0 5 0.018774964031763375
seed123_E_text_step14500 56 0 6 0.017296811915002763
seed123_E_text_step14500 56 0 7 0.017463830998167396
seed123_E_text_step14500 56 0 8 0.019055579090490937
seed123_E_text_step14500 56 0 9 0.017127829953096807
seed123_E_text_step14500 56 1 0 0.01711697899736464
seed123_E_text_step14500 56 1 1 0.017286170972511172
seed123_E_text_step14500 56 1 2 0.017310317954979837
seed123_E_text_step14500 56 1 3 0.017590972944162786
seed123_E_text_step14500 56 1 4 0.017282595043070614
seed123_E_text_step14500 56 1 5 0.01731718995142728
seed123_E_text_step14500 56 1 6 0.017375792958773673
seed123_E_text_step14500 56 1 7 0.01725948101375252
seed123_E_text_step14500 56 1 8 0.01729199301917106
seed123_E_text_step14500 56 1 9 0.017293195007368922
seed123_E_text_step14500 56 2 0 0.017310238094069064
seed123_E_text_step14500 56 2 1 0.017282674903981388
seed123_E_text_step14500 56 2 2 0.017281683045439422
seed123_E_text_step14500 56 2 3 0.017280941014178097
seed123_E_text_step14500 56 2 4 0.01729370595421642
seed123_E_text_step14500 56 2 5 0.01727863703854382
seed123_E_text_step14500 56 2 6 0.017298716004006565
seed123_E_text_step14500 56 2 7 0.017279929015785456
seed123_E_text_step14500 56 2 8 0.017360152094624937
seed123_E_text_step14500 56 2 9 0.017284718924202025
seed123_E_text_step14500 56 3 0 0.017304387059994042
seed123_E_text_step14500 56 3 1 0.017294998047873378
seed123_E_text_step14500 56 3 2 0.01731040806043893
seed123_E_text_step14500 56 3 3 0.01760911801829934
seed123_E_text_step14500 56 3 4 0.01908828190062195
seed123_E_text_step14500 56 3 5 0.020621608942747116
seed123_E_text_step14500 56 3 6 0.01963977492414415
seed123_E_text_step14500 56 3 7 0.01740369596518576
seed123_E_text_step14500 56 3 8 0.01788675901480019
seed123_E_text_step14500 56 3 9 0.017340615042485297
seed123_E_text_step14500 56 4 0 0.01729313493706286
seed123_E_text_step14500 56 4 1 0.017235014005564153
seed123_E_text_step14500 56 4 2 0.018624676973558962
seed123_E_text_step14500 56 4 3 0.017279638908803463
seed123_E_text_step14500 56 4 4 0.017192373052239418
seed123_E_text_step14500 56 4 5 0.01718870596960187
seed123_E_text_step14500 56 4 6 0.017190178972668946
seed123_E_text_step14500 56 4 7 0.017191600985825062
seed123_E_text_step14500 56 4 8 0.016957423998974264
seed123_E_text_step14500 56 4 9 0.016959498054347932
seed123_E_text_step14500 56 5 0 0.017023200052790344
seed123_E_text_step14500 56 5 1 0.016956091043539345
seed123_E_text_step14500 56 5 2 0.01693994109518826
seed123_E_text_step14500 56 5 3 0.016963264904916286
seed123_E_text_step14500 56 5 4 0.016932475962676108
seed123_E_text_step14500 56 5 5 0.01692298799753189
seed123_E_text_step14500 56 5 6 0.017022246960550547
seed123_E_text_step14500 56 5 7 0.01719736203085631
seed123_E_text_step14500 56 5 8 0.017181241884827614
seed123_E_text_step14500 56 5 9 0.017195858992636204
seed123_E_text_step14500 56 6 0 0.017176863038912416
seed123_E_text_step14500 56 6 1 0.01893129199743271
seed123_E_text_step14500 56 6 2 0.017409546999260783
seed123_E_text_step14500 56 6 3 0.01694957900326699
seed123_E_text_step14500 56 6 4 0.01694347697775811
seed123_E_text_step14500 56 6 5 0.016939750057645142
seed123_E_text_step14500 56 6 6 0.016931485035456717
seed123_E_text_step14500 56 6 7 0.017246655886992812
seed123_E_text_step14500 56 6 8 0.017018410959281027
seed123_E_text_step14500 56 6 9 0.017108451924286783
seed123_E_text_step14500 56 7 0 0.019052864983677864
seed123_E_text_step14500 56 7 1 0.017521431087516248
seed123_E_text_step14500 56 7 2 0.01707695296499878
seed123_E_text_step14500 56 7 3 0.017005005036480725
seed123_E_text_step14500 56 7 4 0.016943147056736052
seed123_E_text_step14500 56 7 5 0.016958005027845502
seed123_E_text_step14500 56 7 6 0.01691328000742942
seed123_E_text_step14500 56 7 7 0.016491463989950716
seed123_E_text_step14500 56 7 8 0.018274629022926092
seed123_E_text_step14500 56 7 9 0.017211248050443828
seed123_E_text_step14500 56 8 0 0.016997480997815728
seed123_E_text_step14500 56 8 1 0.017247699084691703
seed123_E_text_step14500 56 8 2 0.016954297898337245
seed123_E_text_step14500 56 8 3 0.016936052939854562
seed123_E_text_step14500 56 8 4 0.017009934061206877
seed123_E_text_step14500 56 8 5 0.01696277502924204
seed123_E_text_step14500 56 8 6 0.018402271904051304
seed123_E_text_step14500 56 8 7 0.0169601000379771
seed123_E_text_step14500 56 8 8 0.016929049976170063
seed123_E_text_step14500 56 8 9 0.016814630944281816
seed123_E_text_step14500 56 9 0 0.016967753996141255
seed123_E_text_step14500 56 9 1 0.01731692103203386
seed123_E_text_step14500 56 9 2 0.01764312293380499
seed123_E_text_step14500 56 9 3 0.017201208975166082
seed123_E_text_step14500 56 9 4 0.017191140912473202
seed123_E_text_step14500 56 9 5 0.017808828968554735
seed123_E_text_step14500 56 9 6 0.017691354965791106
seed123_E_text_step14500 56 9 7 0.01698419509921223
seed123_E_text_step14500 56 9 8 0.017263317946344614
seed123_E_text_step14500 56 9 9 0.01694738504011184
seed123_E_text_step14500 62 0 0 0.2877329899929464
seed123_E_text_step14500 62 0 1 0.2867518770508468
seed123_E_text_step14500 62 0 2 0.2841729740612209
seed123_E_text_step14500 62 0 3 0.28126227704342455
seed123_E_text_step14500 62 0 4 0.2828155920142308
seed123_E_text_step14500 62 0 5 0.286675320006907
seed123_E_text_step14500 62 0 6 0.29733092396054417
seed123_E_text_step14500 62 0 7 0.301038702018559
seed123_E_text_step14500 62 0 8 0.28654763696249574
seed123_E_text_step14500 62 0 9 0.29747983696870506
seed123_E_text_step14500 62 1 0 0.28995554195716977
seed123_E_text_step14500 62 1 1 0.2843491800595075
seed123_E_text_step14500 62 1 2 0.2759135849773884
seed123_E_text_step14500 62 1 3 0.2840220449725166
seed123_E_text_step14500 62 1 4 0.2780184040311724
seed123_E_text_step14500 62 1 5 0.29445644502993673
seed123_E_text_step14500 62 1 6 0.28560147900134325
seed123_E_text_step14500 62 1 7 0.28352946403902024
seed123_E_text_step14500 62 1 8 0.27638915192801505
seed123_E_text_step14500 62 1 9 0.2800987339578569
seed123_E_text_step14500 62 2 0 0.28219526703469455
seed123_E_text_step14500 62 2 1 0.28010614798404276
seed123_E_text_step14500 62 2 2 0.2865269269095734
seed123_E_text_step14500 62 2 3 0.2863519820384681
seed123_E_text_step14500 62 2 4 0.2896256420062855
seed123_E_text_step14500 62 2 5 0.2865964400116354
seed123_E_text_step14500 62 2 6 0.2906136700185016
seed123_E_text_step14500 62 2 7 0.27933809196110815
seed123_E_text_step14500 62 2 8 0.2828004520852119
seed123_E_text_step14500 62 2 9 0.28876188304275274
seed123_E_text_step14500 62 3 0 0.27625732007436454
seed123_E_text_step14500 62 3 1 0.28580122103448957
seed123_E_text_step14500 62 3 2 0.28400979097932577
seed123_E_text_step14500 62 3 3 0.2838780890451744
seed123_E_text_step14500 62 3 4 0.2842111849458888
seed123_E_text_step14500 62 3 5 0.2755254829535261
seed123_E_text_step14500 62 3 6 0.28317414491903037
seed123_E_text_step14500 62 3 7 0.27762861701194197
seed123_E_text_step14500 62 3 8 0.2859361779410392
seed123_E_text_step14500 62 3 9 0.2813041149638593
seed123_E_text_step14500 62 4 0 0.28779770201072097
seed123_E_text_step14500 62 4 1 0.28545613202732056
seed123_E_text_step14500 62 4 2 0.2821813590126112
seed123_E_text_step14500 62 4 3 0.2906022360548377
seed123_E_text_step14500 62 4 4 0.29056739003863186
seed123_E_text_step14500 62 4 5 0.29130359506234527
seed123_E_text_step14500 62 4 6 0.28853787400294095
seed123_E_text_step14500 62 4 7 0.28585627605207264
seed123_E_text_step14500 62 4 8 0.2871652740286663
seed123_E_text_step14500 62 4 9 0.2822365639731288
seed123_E_text_step14500 62 5 0 0.2930418939795345
seed123_E_text_step14500 62 5 1 0.2782202570233494
seed123_E_text_step14500 62 5 2 0.2781666429946199
seed123_E_text_step14500 62 5 3 0.27858115604612976
seed123_E_text_step14500 62 5 4 0.2811131499474868
seed123_E_text_step14500 62 5 5 0.283224911079742
seed123_E_text_step14500 62 5 6 0.29501047101803124
seed123_E_text_step14500 62 5 7 0.2800307230791077
seed123_E_text_step14500 62 5 8 0.2853142200037837
seed123_E_text_step14500 62 5 9 0.2826920941006392
seed123_E_text_step14500 62 6 0 0.28201079298742115
seed123_E_text_step14500 62 6 1 0.2819006429053843
seed123_E_text_step14500 62 6 2 0.28281956701539457
seed123_E_text_step14500 62 6 3 0.2891767640830949
seed123_E_text_step14500 62 6 4 0.29468615096993744
seed123_E_text_step14500 62 6 5 0.28671059501357377
seed123_E_text_step14500 62 6 6 0.2960784799652174
seed123_E_text_step14500 62 6 7 0.28599023004062474
seed123_E_text_step14500 62 6 8 0.2987834640080109
seed123_E_text_step14500 62 6 9 0.2923629059223458
seed123_E_text_step14500 62 7 0 0.282019570004195
seed123_E_text_step14500 62 7 1 0.2829702839953825
seed123_E_text_step14500 62 7 2 0.2878432570723817
seed123_E_text_step14500 62 7 3 0.2828241860261187
seed123_E_text_step14500 62 7 4 0.29361644899472594
seed123_E_text_step14500 62 7 5 0.2812338590156287
seed123_E_text_step14500 62 7 6 0.29153077700175345
seed123_E_text_step14500 62 7 7 0.28613417397718877
seed123_E_text_step14500 62 7 8 0.2891785560641438
seed123_E_text_step14500 62 7 9 0.2875149709871039
seed123_E_text_step14500 62 8 0 0.2828972639981657
seed123_E_text_step14500 62 8 1 0.2839449839666486
seed123_E_text_step14500 62 8 2 0.27729599096346647
seed123_E_text_step14500 62 8 3 0.281781284022145
seed123_E_text_step14500 62 8 4 0.2934734750306234
seed123_E_text_step14500 62 8 5 0.28169205295853317
seed123_E_text_step14500 62 8 6 0.29421901900786906
seed123_E_text_step14500 62 8 7 0.285491026006639
seed123_E_text_step14500 62 8 8 0.28862679202575237
seed123_E_text_step14500 62 8 9 0.28921311197336763
seed123_E_text_step14500 62 9 0 0.29022464295849204
seed123_E_text_step14500 62 9 1 0.2925474869553
seed123_E_text_step14500 62 9 2 0.2899788039503619
seed123_E_text_step14500 62 9 3 0.28576678200624883
seed123_E_text_step14500 62 9 4 0.28673623292706907
seed123_E_text_step14500 62 9 5 0.291156942024827
seed123_E_text_step14500 62 9 6 0.2814180499408394
seed123_E_text_step14500 62 9 7 0.2934551800135523
seed123_E_text_step14500 62 9 8 0.28732806304469705
seed123_E_text_step14500 62 9 9 0.2839831169694662
seed123_E_text_step14500 64 0 0 0.17936611000914127
seed123_E_text_step14500 64 0 1 0.17854588408954442
seed123_E_text_step14500 64 0 2 0.17723786795977503
seed123_E_text_step14500 64 0 3 0.17181756894569844
seed123_E_text_step14500 64 0 4 0.1788654850097373
seed123_E_text_step14500 64 0 5 0.17019487195648253
seed123_E_text_step14500 64 0 6 0.17147861199919134
seed123_E_text_step14500 64 0 7 0.17343298299238086
seed123_E_text_step14500 64 0 8 0.1704700259724632
seed123_E_text_step14500 64 0 9 0.1749847859609872
seed123_E_text_step14500 64 1 0 0.17277251300401986
seed123_E_text_step14500 64 1 1 0.16696609696373343
seed123_E_text_step14500 64 1 2 0.1721501749707386
seed123_E_text_step14500 64 1 3 0.16650327399838716
seed123_E_text_step14500 64 1 4 0.17436663596890867
seed123_E_text_step14500 64 1 5 0.17587035591714084
seed123_E_text_step14500 64 1 6 0.1704919789917767
seed123_E_text_step14500 64 1 7 0.1767207799712196
seed123_E_text_step14500 64 1 8 0.16768322698771954
seed123_E_text_step14500 64 1 9 0.169234667904675
seed123_E_text_step14500 64 2 0 0.16812053101602942
seed123_E_text_step14500 64 2 1 0.16857540991622955
seed123_E_text_step14500 64 2 2 0.17785120802000165
seed123_E_text_step14500 64 2 3 0.1716420940356329
seed123_E_text_step14500 64 2 4 0.1765720860566944
seed123_E_text_step14500 64 2 5 0.1729180000256747
seed123_E_text_step14500 64 2 6 0.17113039700780064
seed123_E_text_step14500 64 2 7 0.17867004103027284
seed123_E_text_step14500 64 2 8 0.17111856397241354
seed123_E_text_step14500 64 2 9 0.17350575199816376
seed123_E_text_step14500 64 3 0 0.17526605201419443
seed123_E_text_step14500 64 3 1 0.16890741302631795
seed123_E_text_step14500 64 3 2 0.1719705309951678
seed123_E_text_step14500 64 3 3 0.17331745196133852
seed123_E_text_step14500 64 3 4 0.16969795199111104
seed123_E_text_step14500 64 3 5 0.17206064402125776
seed123_E_text_step14500 64 3 6 0.17560610198415816
seed123_E_text_step14500 64 3 7 0.17036105797160417
seed123_E_text_step14500 64 3 8 0.1666675170417875
seed123_E_text_step14500 64 3 9 0.1773681549821049
seed123_E_text_step14500 64 4 0 0.17255967599339783
seed123_E_text_step14500 64 4 1 0.17687584599480033
seed123_E_text_step14500 64 4 2 0.17126399208791554
seed123_E_text_step14500 64 4 3 0.1799797109561041
seed123_E_text_step14500 64 4 4 0.17663768108468503
seed123_E_text_step14500 64 4 5 0.17954987206030637
seed123_E_text_step14500 64 4 6 0.1741525160614401
seed123_E_text_step14500 64 4 7 0.18198383797425777
seed123_E_text_step14500 64 4 8 0.1719625759869814
seed123_E_text_step14500 64 4 9 0.18043571198359132
seed123_E_text_step14500 64 5 0 0.16941823798697442
seed123_E_text_step14500 64 5 1 0.17003001610282809
seed123_E_text_step14500 64 5 2 0.1776568660279736
seed123_E_text_step14500 64 5 3 0.17029248701874167
seed123_E_text_step14500 64 5 4 0.1785342110088095
seed123_E_text_step14500 64 5 5 0.178681462071836
seed123_E_text_step14500 64 5 6 0.17333252204116434
seed123_E_text_step14500 64 5 7 0.17121919605415314
seed123_E_text_step14500 64 5 8 0.1745678789447993
seed123_E_text_step14500 64 5 9 0.17202812095638365
seed123_E_text_step14500 64 6 0 0.17399426398333162
seed123_E_text_step14500 64 6 1 0.17099632997997105
seed123_E_text_step14500 64 6 2 0.17114716896321625
seed123_E_text_step14500 64 6 3 0.17664910200983286
seed123_E_text_step14500 64 6 4 0.1710625480627641
seed123_E_text_step14500 64 6 5 0.17186425696127117
seed123_E_text_step14500 64 6 6 0.17382251704111695
seed123_E_text_step14500 64 6 7 0.17069998406805098
seed123_E_text_step14500 64 6 8 0.18241944897454232
seed123_E_text_step14500 64 6 9 0.17848768294788897
seed123_E_text_step14500 64 7 0 0.17080194898881018
seed123_E_text_step14500 64 7 1 0.17245881306007504
seed123_E_text_step14500 64 7 2 0.17472392704803497
seed123_E_text_step14500 64 7 3 0.17066849407274276
seed123_E_text_step14500 64 7 4 0.1717230980284512
seed123_E_text_step14500 64 7 5 0.1709511639783159
seed123_E_text_step14500 64 7 6 0.1677543610567227
seed123_E_text_step14500 64 7 7 0.16863311897031963
seed123_E_text_step14500 64 7 8 0.17257793992757797
seed123_E_text_step14500 64 7 9 0.16771503596100956
seed123_E_text_step14500 64 8 0 0.17066205304581672
seed123_E_text_step14500 64 8 1 0.17434263799805194
seed123_E_text_step14500 64 8 2 0.17117352900095284
seed123_E_text_step14500 64 8 3 0.17434526304714382
seed123_E_text_step14500 64 8 4 0.17046439507976174
seed123_E_text_step14500 64 8 5 0.16884643607772887
seed123_E_text_step14500 64 8 6 0.17488679802045226
seed123_E_text_step14500 64 8 7 0.168015921022743
seed123_E_text_step14500 64 8 8 0.18008507194463164
seed123_E_text_step14500 64 8 9 0.1830356150167063
seed123_E_text_step14500 64 9 0 0.17536351806484163
seed123_E_text_step14500 64 9 1 0.17063354793936014
seed123_E_text_step14500 64 9 2 0.17004724801518023
seed123_E_text_step14500 64 9 3 0.17627595900557935
seed123_E_text_step14500 64 9 4 0.17271628405433148
seed123_E_text_step14500 64 9 5 0.17461641994304955
seed123_E_text_step14500 64 9 6 0.18187172198668122
seed123_E_text_step14500 64 9 7 0.1734514080453664
seed123_E_text_step14500 64 9 8 0.17378544504754245
seed123_E_text_step14500 64 9 9 0.17049225908704102
seed123_E_text_step14500 69 0 0 0.5235278100008145
seed123_E_text_step14500 69 0 1 0.5353898761095479
seed123_E_text_step14500 69 0 2 0.5211393489735201
seed123_E_text_step14500 69 0 3 0.534825979033485
seed123_E_text_step14500 69 0 4 0.5311499799136072
seed123_E_text_step14500 69 0 5 0.515584553941153
seed123_E_text_step14500 69 0 6 0.5303609640104696
seed123_E_text_step14500 69 0 7 0.5223123179748654
seed123_E_text_step14500 69 0 8 0.5190650989534333
seed123_E_text_step14500 69 0 9 0.5145630139159039
seed123_E_text_step14500 69 1 0 0.5295942599186674
seed123_E_text_step14500 69 1 1 0.5323287000646815
seed123_E_text_step14500 69 1 2 0.5281261670170352
seed123_E_text_step14500 69 1 3 0.518974715960212
seed123_E_text_step14500 69 1 4 0.5150795390363783
seed123_E_text_step14500 69 1 5 0.52944024594035
seed123_E_text_step14500 69 1 6 0.5182371269911528
seed123_E_text_step14500 69 1 7 0.5120340749854222
seed123_E_text_step14500 69 1 8 0.5253083469578996
seed123_E_text_step14500 69 1 9 0.5143207400105894
seed123_E_text_step14500 69 2 0 0.5270777039695531
seed123_E_text_step14500 69 2 1 0.5118617860134691
seed123_E_text_step14500 69 2 2 0.5266152808908373
seed123_E_text_step14500 69 2 3 0.5143204890191555
seed123_E_text_step14500 69 2 4 0.5186741509241983
seed123_E_text_step14500 69 2 5 0.5240337820723653
seed123_E_text_step14500 69 2 6 0.5185779860476032
seed123_E_text_step14500 69 2 7 0.5277099299710244
seed123_E_text_step14500 69 2 8 0.5294625860406086
seed123_E_text_step14500 69 2 9 0.5292314150137827
seed123_E_text_step14500 69 3 0 0.5201089900219813
seed123_E_text_step14500 69 3 1 0.521299000014551
seed123_E_text_step14500 69 3 2 0.5201510089682415
seed123_E_text_step14500 69 3 3 0.5415523770498112
seed123_E_text_step14500 69 3 4 0.5327913298970088
seed123_E_text_step14500 69 3 5 0.5220784380799159
seed123_E_text_step14500 69 3 6 0.5181589350104332
seed123_E_text_step14500 69 3 7 0.5280727309873328
seed123_E_text_step14500 69 3 8 0.5235503579024225
seed123_E_text_step14500 69 3 9 0.5300845020683482
seed123_E_text_step14500 69 4 0 0.5608618890400976
seed123_E_text_step14500 69 4 1 0.5412072249455377
seed123_E_text_step14500 69 4 2 0.5448666319716722
seed123_E_text_step14500 69 4 3 0.5308272190159187
seed123_E_text_step14500 69 4 4 0.5229379680240527
seed123_E_text_step14500 69 4 5 0.5236546059604734
seed123_E_text_step14500 69 4 6 0.5188059189822525
seed123_E_text_step14500 69 4 7 0.5150569210527465
seed123_E_text_step14500 69 4 8 0.5234180339612067
seed123_E_text_step14500 69 4 9 0.5132661729585379
seed123_E_text_step14500 69 5 0 0.5351091530174017
seed123_E_text_step14500 69 5 1 0.5260119850281626
seed123_E_text_step14500 69 5 2 0.5074753869557753
seed123_E_text_step14500 69 5 3 0.5238357910420746
seed123_E_text_step14500 69 5 4 0.5382633639965206
seed123_E_text_step14500 69 5 5 0.5269774169428274
seed123_E_text_step14500 69 5 6 0.5173695560079068
seed123_E_text_step14500 69 5 7 0.5188366060610861
seed123_E_text_step14500 69 5 8 0.5581164140021428
seed123_E_text_step14500 69 5 9 0.5118234170367941
seed123_E_text_step14500 69 6 0 0.547989591024816
seed123_E_text_step14500 69 6 1 0.5263804569840431
seed123_E_text_step14500 69 6 2 0.5197358320001513
seed123_E_text_step14500 69 6 3 0.5305970970075577
seed123_E_text_step14500 69 6 4 0.5155409730505198
seed123_E_text_step14500 69 6 5 0.5233729250030592
seed123_E_text_step14500 69 6 6 0.5393504269886762
seed123_E_text_step14500 69 6 7 0.523542909999378
seed123_E_text_step14500 69 6 8 0.5297120559262112
seed123_E_text_step14500 69 6 9 0.5372691740049049
seed123_E_text_step14500 69 7 0 0.5486714509315789
seed123_E_text_step14500 69 7 1 0.5287332480074838
seed123_E_text_step14500 69 7 2 0.5281497640535235
seed123_E_text_step14500 69 7 3 0.5340531939873472
seed123_E_text_step14500 69 7 4 0.527138601988554
seed123_E_text_step14500 69 7 5 0.526209710049443
seed123_E_text_step14500 69 7 6 0.523437237017788
seed123_E_text_step14500 69 7 7 0.5264205010607839
seed123_E_text_step14500 69 7 8 0.5266273160232231
seed123_E_text_step14500 69 7 9 0.5138567759422585
seed123_E_text_step14500 69 8 0 0.5263481220463291
seed123_E_text_step14500 69 8 1 0.5507514110067859
seed123_E_text_step14500 69 8 2 0.5557975439587608
seed123_E_text_step14500 69 8 3 0.5303944870829582
seed123_E_text_step14500 69 8 4 0.5259321889607236
seed123_E_text_step14500 69 8 5 0.5363505079876631
seed123_E_text_step14500 69 8 6 0.5420229660812765
seed123_E_text_step14500 69 8 7 0.524139896966517
seed123_E_text_step14500 69 8 8 0.5444680940127
seed123_E_text_step14500 69 8 9 0.5220480529824272
seed123_E_text_step14500 69 9 0 0.5229014019714668
seed123_E_text_step14500 69 9 1 0.5356747969053686
seed123_E_text_step14500 69 9 2 0.5290837329812348
seed123_E_text_step14500 69 9 3 0.5091485660523176
seed123_E_text_step14500 69 9 4 0.5147910979576409
seed123_E_text_step14500 69 9 5 0.5230702839326113
seed123_E_text_step14500 69 9 6 0.5175564569653943
seed123_E_text_step14500 69 9 7 0.5188718379940838
seed123_E_text_step14500 69 9 8 0.5149027400184423
seed123_E_text_step14500 69 9 9 0.5180391080211848
seed123_E_text_step14500 74 0 0 0.7398502420401201
seed123_E_text_step14500 74 0 1 0.7348577310331166
seed123_E_text_step14500 74 0 2 0.723710099933669
seed123_E_text_step14500 74 0 3 0.7289212279720232
seed123_E_text_step14500 74 0 4 0.7127651850460097
seed123_E_text_step14500 74 0 5 0.7382427819538862
seed123_E_text_step14500 74 0 6 0.7322405439335853
seed123_E_text_step14500 74 0 7 0.7448759250110015
seed123_E_text_step14500 74 0 8 0.7278213860699907
seed123_E_text_step14500 74 0 9 0.7325775460340083
seed123_E_text_step14500 74 1 0 0.7594896539812908
seed123_E_text_step14500 74 1 1 0.7238504050765187
seed123_E_text_step14500 74 1 2 0.7289373859530315
seed123_E_text_step14500 74 1 3 0.722423029015772
seed123_E_text_step14500 74 1 4 0.7202829830348492
seed123_E_text_step14500 74 1 5 0.7471812149742618
seed123_E_text_step14500 74 1 6 0.7240898909512907
seed123_E_text_step14500 74 1 7 0.7424915409646928
seed123_E_text_step14500 74 1 8 0.7373976360540837
seed123_E_text_step14500 74 1 9 0.7340310980798677
seed123_E_text_step14500 74 2 0 0.7308185150614008
seed123_E_text_step14500 74 2 1 0.7510771501110867
seed123_E_text_step14500 74 2 2 0.7407395549817011
seed123_E_text_step14500 74 2 3 0.7510923478985205
seed123_E_text_step14500 74 2 4 0.735395462019369
seed123_E_text_step14500 74 2 5 0.7232178238919005
seed123_E_text_step14500 74 2 6 0.7404927730094641
seed123_E_text_step14500 74 2 7 0.7561799909453839
seed123_E_text_step14500 74 2 8 0.7389032270293683
seed123_E_text_step14500 74 2 9 0.7375142360106111
seed123_E_text_step14500 74 3 0 0.7300297080073506
seed123_E_text_step14500 74 3 1 0.7270027979975566
seed123_E_text_step14500 74 3 2 0.731910458067432
seed123_E_text_step14500 74 3 3 0.7158702550223097
seed123_E_text_step14500 74 3 4 0.7259610779583454
seed123_E_text_step14500 74 3 5 0.7292914059944451
seed123_E_text_step14500 74 3 6 0.7413210909580812
seed123_E_text_step14500 74 3 7 0.7461803070036694
seed123_E_text_step14500 74 3 8 0.7391826990060508
seed123_E_text_step14500 74 3 9 0.7459326540119946
seed123_E_text_step14500 74 4 0 0.7351914879400283
seed123_E_text_step14500 74 4 1 0.7107127769850194
seed123_E_text_step14500 74 4 2 0.7316966450307518
seed123_E_text_step14500 74 4 3 0.7257228710222989
seed123_E_text_step14500 74 4 4 0.7386729440186173
seed123_E_text_step14500 74 4 5 0.7290951289469376
seed123_E_text_step14500 74 4 6 0.7272365810349584
seed123_E_text_step14500 74 4 7 0.7396217439090833
seed123_E_text_step14500 74 4 8 0.7328072350937873
seed123_E_text_step14500 74 4 9 0.7358695010188967
seed123_E_text_step14500 74 5 0 0.728007020894438
seed123_E_text_step14500 74 5 1 0.7247558239614591
seed123_E_text_step14500 74 5 2 0.742873320938088
seed123_E_text_step14500 74 5 3 0.7385971159674227
seed123_E_text_step14500 74 5 4 0.7392789580626413
seed123_E_text_step14500 74 5 5 0.7360605839639902
seed123_E_text_step14500 74 5 6 0.7466202429495752
seed123_E_text_step14500 74 5 7 0.7263293960131705
seed123_E_text_step14500 74 5 8 0.7311627330491319
seed123_E_text_step14500 74 5 9 0.717931634048
seed123_E_text_step14500 74 6 0 0.7477042420068756
seed123_E_text_step14500 74 6 1 0.7361325710080564
seed123_E_text_step14500 74 6 2 0.7680965010076761
seed123_E_text_step14500 74 6 3 0.7262701010331511
seed123_E_text_step14500 74 6 4 0.741242474061437
seed123_E_text_step14500 74 6 5 0.7387354579987004
seed123_E_text_step14500 74 6 6 0.7247655190294608
seed123_E_text_step14500 74 6 7 0.7294018900720403
seed123_E_text_step14500 74 6 8 0.7319374789949507
seed123_E_text_step14500 74 6 9 0.7419057589722797
seed123_E_text_step14500 74 7 0 0.7412401699693874
seed123_E_text_step14500 74 7 1 0.7450801091035828
seed123_E_text_step14500 74 7 2 0.7381310020573437
seed123_E_text_step14500 74 7 3 0.7418547209817916
seed123_E_text_step14500 74 7 4 0.7413753259461373
seed123_E_text_step14500 74 7 5 0.7646098519908264
seed123_E_text_step14500 74 7 6 0.730514872004278
seed123_E_text_step14500 74 7 7 0.7488362790318206
seed123_E_text_step14500 74 7 8 0.7464421469485387
seed123_E_text_step14500 74 7 9 0.7444449950708076
seed123_E_text_step14500 74 8 0 0.7398810411104932
seed123_E_text_step14500 74 8 1 0.7387687480077147
seed123_E_text_step14500 74 8 2 0.732001919997856
seed123_E_text_step14500 74 8 3 0.7355735379969701
seed123_E_text_step14500 74 8 4 0.7321610429789871
seed123_E_text_step14500 74 8 5 0.7360906249377877
seed123_E_text_step14500 74 8 6 0.7377162269549444
seed123_E_text_step14500 74 8 7 0.7311525460099801
seed123_E_text_step14500 74 8 8 0.7297516610706225
seed123_E_text_step14500 74 8 9 0.7510255959350616
seed123_E_text_step14500 74 9 0 0.7506501079769805
seed123_E_text_step14500 74 9 1 0.7631106550106779
seed123_E_text_step14500 74 9 2 0.7565806190250441
seed123_E_text_step14500 74 9 3 0.7654733259696513
seed123_E_text_step14500 74 9 4 0.7657372389221564
seed123_E_text_step14500 74 9 5 0.7552886219928041
seed123_E_text_step14500 74 9 6 0.775584182003513
seed123_E_text_step14500 74 9 7 0.7753642559982836
seed123_E_text_step14500 74 9 8 0.7608924170490354
seed123_E_text_step14500 74 9 9 0.7592684900155291
seed123_E_text_step14500 78 0 0 1.243988909991458
seed123_E_text_step14500 78 0 1 1.2546541020274162
seed123_E_text_step14500 78 0 2 1.2594435861101374
seed123_E_text_step14500 78 0 3 1.2493834010092542
seed123_E_text_step14500 78 0 4 1.2287097360240296
seed123_E_text_step14500 78 0 5 1.2270165729569271
seed123_E_text_step14500 78 0 6 1.2631984050385654
seed123_E_text_step14500 78 0 7 1.2281258000293747
seed123_E_text_step14500 78 0 8 1.2450900920666754
seed123_E_text_step14500 78 0 9 1.2445069879759103
seed123_E_text_step14500 78 1 0 1.2213410349795595
seed123_E_text_step14500 78 1 1 1.2329242309788242
seed123_E_text_step14500 78 1 2 1.2244174130028114
seed123_E_text_step14500 78 1 3 1.2476685219444335
seed123_E_text_step14500 78 1 4 1.2020317040150985
seed123_E_text_step14500 78 1 5 1.1820704840356484
seed123_E_text_step14500 78 1 6 1.2457036359701306
seed123_E_text_step14500 78 1 7 1.2071533319540322
seed123_E_text_step14500 78 1 8 1.23280824709218
seed123_E_text_step14500 78 1 9 1.2362751909531653
seed123_E_text_step14500 78 2 0 1.2247544269775972
seed123_E_text_step14500 78 2 1 1.2072641419945285
seed123_E_text_step14500 78 2 2 1.2232657780405134
seed123_E_text_step14500 78 2 3 1.1976435580290854
seed123_E_text_step14500 78 2 4 1.2051670460496098
seed123_E_text_step14500 78 2 5 1.2082208041101694
seed123_E_text_step14500 78 2 6 1.2146890580188483
seed123_E_text_step14500 78 2 7 1.252868041046895
seed123_E_text_step14500 78 2 8 1.2363301829900593
seed123_E_text_step14500 78 2 9 1.2233118480071425
seed123_E_text_step14500 78 3 0 1.2346369370352477
seed123_E_text_step14500 78 3 1 1.2252689180895686
seed123_E_text_step14500 78 3 2 1.2282206130912527
seed123_E_text_step14500 78 3 3 1.2054577510571107
seed123_E_text_step14500 78 3 4 1.1998132159933448
seed123_E_text_step14500 78 3 5 1.1945863579167053
seed123_E_text_step14500 78 3 6 1.2066668909974396
seed123_E_text_step14500 78 3 7 1.2125443280674517
seed123_E_text_step14500 78 3 8 1.2696249460568652
seed123_E_text_step14500 78 3 9 1.2069846860831603
seed123_E_text_step14500 78 4 0 1.2210673609515652
seed123_E_text_step14500 78 4 1 1.2211546850157902
seed123_E_text_step14500 78 4 2 1.2113935000961646
seed123_E_text_step14500 78 4 3 1.2082308969693258
seed123_E_text_step14500 78 4 4 1.2071883419994265
seed123_E_text_step14500 78 4 5 1.2023420319892466
seed123_E_text_step14500 78 4 6 1.2195299960440025
seed123_E_text_step14500 78 4 7 1.2193094110116363
seed123_E_text_step14500 78 4 8 1.2112474360037595
seed123_E_text_step14500 78 4 9 1.223977993009612
seed123_E_text_step14500 78 5 0 1.2029307539341971
seed123_E_text_step14500 78 5 1 1.235873669036664
seed123_E_text_step14500 78 5 2 1.2245086989132687
seed123_E_text_step14500 78 5 3 1.1912598609924316
seed123_E_text_step14500 78 5 4 1.1894606769783422
seed123_E_text_step14500 78 5 5 1.208224660018459
seed123_E_text_step14500 78 5 6 1.2098974789259955
seed123_E_text_step14500 78 5 7 1.2170835150172934
seed123_E_text_step14500 78 5 8 1.224411342991516
seed123_E_text_step14500 78 5 9 1.2074843039736152
seed123_E_text_step14500 78 6 0 1.2299164850264788
seed123_E_text_step14500 78 6 1 1.1961215949850157
seed123_E_text_step14500 78 6 2 1.2428670439403504
seed123_E_text_step14500 78 6 3 1.233595316996798
seed123_E_text_step14500 78 6 4 1.2017489789286628
seed123_E_text_step14500 78 6 5 1.2230879069538787
seed123_E_text_step14500 78 6 6 1.1930137890158221
seed123_E_text_step14500 78 6 7 1.2175806949380785
seed123_E_text_step14500 78 6 8 1.213878983980976
seed123_E_text_step14500 78 6 9 1.2099447100190446
seed123_E_text_step14500 78 7 0 1.2236595610156655
seed123_E_text_step14500 78 7 1 1.2389511370565742
seed123_E_text_step14500 78 7 2 1.2265363299520686
seed123_E_text_step14500 78 7 3 1.2541522510582581
seed123_E_text_step14500 78 7 4 1.2553358699660748
seed123_E_text_step14500 78 7 5 1.2185906829545274
seed123_E_text_step14500 78 7 6 1.2104116440750659
seed123_E_text_step14500 78 7 7 1.2106763180345297
seed123_E_text_step14500 78 7 8 1.2548798900097609
seed123_E_text_step14500 78 7 9 1.199059412931092
seed123_E_text_step14500 78 8 0 1.2004161620279774
seed123_E_text_step14500 78 8 1 1.2153762120287865
seed123_E_text_step14500 78 8 2 1.2064575540134683
seed123_E_text_step14500 78 8 3 1.2491369519848377
seed123_E_text_step14500 78 8 4 1.237704662955366
seed123_E_text_step14500 78 8 5 1.3265510239871219
seed123_E_text_step14500 78 8 6 1.221217491896823
seed123_E_text_step14500 78 8 7 1.2226169240893796
seed123_E_text_step14500 78 8 8 1.2144598959712312
seed123_E_text_step14500 78 8 9 1.2350914739072323
seed123_E_text_step14500 78 9 0 1.2170989840524271
seed123_E_text_step14500 78 9 1 1.209641394088976
seed123_E_text_step14500 78 9 2 1.236068917089142
seed123_E_text_step14500 78 9 3 1.2155250540236011
seed123_E_text_step14500 78 9 4 1.2188154390314594
seed123_E_text_step14500 78 9 5 1.2076955729862675
seed123_E_text_step14500 78 9 6 1.2114817540859804
seed123_E_text_step14500 78 9 7 1.2164227369939908
seed123_E_text_step14500 78 9 8 1.275602216948755
seed123_E_text_step14500 78 9 9 1.2379904099507257
{'model': 'seed123_E_text_step14500', 'completed_pairs': 2000, 'requested_pairs': 2000, 'completed': True, 'complete_source_count': 20, 'FRD': 131.72204735133167, 'new_pairs': 2000, 'wall_seconds': 483.40457999694627}
