id,relative,candidate_speaker_count,graph_stable,screening_bucket,uncertainty_reasons
rec_58fc003d3817d900,session0/Camera-2024-06-21-103121-103102,1,True,1_sustained_voice_candidate,['brief_voice_not_resolved']
rec_a7fb646c817667b4,session0/Camera-2024-06-26-093649-093642,1,True,1_sustained_voice_candidate,['brief_voice_not_resolved']
rec_9cd5422091ab47d8,session0/Camera-2024-06-26-105024-105025,1,True,1_sustained_voice_candidate,[]
rec_1c064c7af80b1c1f,session0/Camera-2024-06-26-122334-122317,1,True,1_sustained_voice_candidate,['brief_voice_not_resolved']
rec_5680f436648ab129,session0/Camera-2024-06-26-151459-151413,1,True,1_sustained_voice_candidate,[]
rec_11e07af0df7a3441,session0/Camera-2024-06-26-160214-160213,1,True,1_sustained_voice_candidate,[]
rec_ba6deeca4ef8ab0c,session0/Camera-2024-06-28-103912-104008,1,True,1_sustained_voice_candidate,['brief_voice_not_resolved']
rec_f011b0b9a2198cd5,session0/Camera-2024-06-28-112322-112419,1,True,1_sustained_voice_candidate,['brief_voice_not_resolved']
rec_378d4dfd4530fe38,session0/Camera-2024-06-28-120152-120208,1,False,uncertain,"['neighbor_sensitivity', 'partition_sensitivity']"
rec_cc3fe3c6fbc642ef,session0/Camera-2024-06-28-153101-153104,1,True,1_sustained_voice_candidate,['brief_voice_not_resolved']
rec_9c167e84442d283d,session0/Camera-2024-06-28-160651-160703,1,True,1_sustained_voice_candidate,[]
rec_007c02ce44018220,session0/Camera-2024-06-28-164549-164628,1,True,1_sustained_voice_candidate,['brief_voice_not_resolved']
rec_6cacbc6b395df264,session0/Camera-2024-07-04-103805-103835,1,True,1_sustained_voice_candidate,['brief_voice_not_resolved']
rec_e2f19c0e6085fa26,session0/Camera-2024-07-04-112307-112347,1,True,1_sustained_voice_candidate,['brief_voice_not_resolved']
rec_892165fe161b5c3e,session0/Camera-2024-07-04-120006-120008,1,True,1_sustained_voice_candidate,['brief_voice_not_resolved']
rec_02b5ed315165cc00,session0/Camera-2024-07-08-120627-120613,1,True,1_sustained_voice_candidate,['brief_voice_not_resolved']
rec_9dce3591a4881d81,session0/Camera-2024-07-08-143054-143035,1,False,uncertain,"['brief_voice_not_resolved', 'neighbor_sensitivity', 'partition_sensitivity']"
rec_1e7e70e3840a8282,session0/Camera-2024-07-08-151240-151227,1,True,1_sustained_voice_candidate,[]
rec_9e053b999de99377,session0/Camera-2024-07-09-100427-100257,1,True,1_sustained_voice_candidate,['brief_voice_not_resolved']
rec_f3ce07c75aee6bf1,session0/Camera-2024-07-09-104540-104439,1,True,1_sustained_voice_candidate,['brief_voice_not_resolved']
rec_0f7a57da91e8dbfa,session0/Camera-2024-07-09-111741-111806,1,False,uncertain,"['brief_voice_not_resolved', 'neighbor_sensitivity', 'partition_sensitivity']"
rec_08f84a9565d8244d,session0/Camera-2024-07-09-134253-134210,1,False,uncertain,"['brief_voice_not_resolved', 'neighbor_sensitivity', 'partition_sensitivity']"
rec_0130ee6cecaecfd5,session0/Camera-2024-07-09-142938-142853,1,True,1_sustained_voice_candidate,['brief_voice_not_resolved']
rec_39014326fdd9930e,session0/Camera-2024-07-09-151245-151110,1,True,1_sustained_voice_candidate,['brief_voice_not_resolved']
rec_ee3a703152fc4a4e,session0/Camera-2024-07-10-134814-134720,1,True,1_sustained_voice_candidate,[]
rec_20c1e42a2bcacf54,session0/Camera-2024-07-10-142319-142203,1,True,1_sustained_voice_candidate,['brief_voice_not_resolved']
rec_f733f4c5d7cdaebe,session0/Camera-2024-07-10-150927-150804,1,True,1_sustained_voice_candidate,[]
rec_cf740fda2efbb5ec,session0/Camera-2024-07-10-154722-154626,1,True,1_sustained_voice_candidate,[]
rec_050db630dddc21b7,session0/Camera-2024-07-11-094209-094215,1,True,1_sustained_voice_candidate,['brief_voice_not_resolved']
rec_46dfb40ab828a811,session0/Camera-2024-07-11-103159-103100,1,True,1_sustained_voice_candidate,['brief_voice_not_resolved']
rec_70176248473ea69e,session0/Camera-2024-07-11-111326-111141,1,True,1_sustained_voice_candidate,[]
rec_83e32b69a9e4d36f,session0/Camera-2024-07-11-120318-120232,1,True,1_sustained_voice_candidate,['brief_voice_not_resolved']
rec_0902fa2ead5d7870,session0/Camera-2024-07-11-134401-134311,1,True,1_sustained_voice_candidate,['brief_voice_not_resolved']
rec_329771b39d3ae293,session0/Camera-2024-07-11-142837-142758,1,True,1_sustained_voice_candidate,['brief_voice_not_resolved']
rec_2a3ff08a5d63ed1e,session0/Camera-2024-07-11-154330-154400,1,True,1_sustained_voice_candidate,[]
rec_0dc96a698294e43f,session0/Camera-2024-07-11-161602-161527,1,True,1_sustained_voice_candidate,[]
rec_4d14d112f3217e1a,session0/Camera-2024-07-16-134902-134937,2,True,2_sustained_voice_candidate,['brief_voice_not_resolved']
rec_c2e6101e53605429,session0/Camera-2024-07-16-143113-143143,1,True,1_sustained_voice_candidate,['brief_voice_not_resolved']
rec_de80865a48ed63d6,session0/Camera-2024-07-16-152105-152147,1,True,1_sustained_voice_candidate,['brief_voice_not_resolved']
rec_cbb81dcc00bac2aa,session0/Camera-2024-07-16-160716-160749,1,True,1_sustained_voice_candidate,['brief_voice_not_resolved']
rec_fc544e83c6a82c06,session0/Camera-2024-07-17-104338-104241,1,True,1_sustained_voice_candidate,['brief_voice_not_resolved']
rec_10bcd19e091f3680,session0/Camera-2024-07-17-112836-112807,1,True,1_sustained_voice_candidate,['brief_voice_not_resolved']
rec_8d27756c20d03c37,session0/Camera-2024-07-17-121257-121235,2,False,uncertain,"['brief_voice_not_resolved', 'insufficient_evidence', 'small_cluster']"
rec_6e24e20a67ee766a,session0/Camera-2024-07-19-143058-143036,1,True,1_sustained_voice_candidate,['brief_voice_not_resolved']
rec_1684ad845b6f7efb,session0/Camera-2024-07-19-151039-150947,1,True,1_sustained_voice_candidate,['brief_voice_not_resolved']
rec_93a22ddf08de42a5,session0/Camera-2024-07-22-103025-103101,1,True,1_sustained_voice_candidate,['brief_voice_not_resolved']
rec_62877c9e2008e98f,session0/Camera-2024-07-22-111042-111140,1,True,1_sustained_voice_candidate,['brief_voice_not_resolved']
rec_d065b1bf183957b7,session0/Camera-2024-07-22-135929-140003,1,True,1_sustained_voice_candidate,['brief_voice_not_resolved']
rec_fe8db776168f6c82,session0/Camera-2024-07-22-143349-143428,1,True,1_sustained_voice_candidate,[]
rec_ffcec5cc9ecdc8d3,session0/Camera-2024-07-22-155059-155140,1,True,1_sustained_voice_candidate,['brief_voice_not_resolved']
rec_cf3fe5ff40fbbe8f,session0/Camera-2024-07-24-095443-095420,1,True,1_sustained_voice_candidate,[]
rec_6fe229ab6c29b9e7,session0/Camera-2024-07-24-103011-103000,1,True,1_sustained_voice_candidate,['brief_voice_not_resolved']
rec_e8ff87f2c4d84c01,session0/Camera-2024-07-24-110700-110644,1,True,1_sustained_voice_candidate,['brief_voice_not_resolved']
rec_0460d5db3b1c8ae4,session0/Camera-2024-07-24-114427-114339,1,True,1_sustained_voice_candidate,[]
rec_684b6a449b35f0db,session0/Camera-2024-07-25-155256-155217,1,True,1_sustained_voice_candidate,['brief_voice_not_resolved']
rec_15bdcd0a3eb9fbb7,session0/Camera-2024-07-25-162817-162715,1,True,1_sustained_voice_candidate,['brief_voice_not_resolved']
rec_8f71084da0c9e407,session0/Camera-2024-07-26-103222-103252,1,False,uncertain,"['brief_voice_not_resolved', 'neighbor_sensitivity', 'partition_sensitivity']"
rec_53a18f5eabdf0868,session0/Camera-2024-07-26-110838-110914,1,True,1_sustained_voice_candidate,['brief_voice_not_resolved']
rec_d3b946fef75d18e7,session0/Camera-2024-07-26-120608-120642,1,True,1_sustained_voice_candidate,['brief_voice_not_resolved']
rec_4ac7f9f844932239,session0/Camera-2024-07-29-135410-135329,1,True,1_sustained_voice_candidate,['brief_voice_not_resolved']
rec_eb0a31550de044cb,session0/Camera-2024-07-29-150955-150932,1,True,1_sustained_voice_candidate,['brief_voice_not_resolved']
rec_151b0fece1b9cdf8,session0/Camera-2024-07-30-110806-110844,1,True,1_sustained_voice_candidate,[]
rec_686da1e53e837bb4,session0/Camera-2024-07-30-114103-114135,1,True,1_sustained_voice_candidate,['brief_voice_not_resolved']
rec_a15e57c58f8262b5,session0/Camera-2024-07-30-123234-123305,1,True,1_sustained_voice_candidate,['brief_voice_not_resolved']
rec_fbcef9b6fa8a4a9c,session0/Camera-2024-07-30-142002-142027,1,True,1_sustained_voice_candidate,['brief_voice_not_resolved']
rec_c5528b843b749d3b,session0/Camera-2024-07-30-154819-154923,1,True,1_sustained_voice_candidate,[]
rec_3366c254ff1619d3,session0/Camera-2024-07-30-161637-161715,1,True,1_sustained_voice_candidate,[]
rec_fc111a921ce3cfc7,session0/Camera-2024-07-31-102814-102840,1,True,1_sustained_voice_candidate,['brief_voice_not_resolved']
rec_7bc1020dad50aa4c,session0/Camera-2024-07-31-110521-110601,1,True,1_sustained_voice_candidate,['brief_voice_not_resolved']
rec_301cbe4f4e2a8b3d,session0/Camera-2024-07-31-114456-114534,1,True,1_sustained_voice_candidate,['brief_voice_not_resolved']
rec_e16b79f46cad256f,session0/Camera-2024-07-31-135431-135505,1,True,1_sustained_voice_candidate,['brief_voice_not_resolved']
rec_0ea2066d19c5d662,session0/Camera-2024-07-31-152258-152337,1,True,1_sustained_voice_candidate,['brief_voice_not_resolved']
rec_9b8512ee6df2a92d,session0/Camera-2024-07-31-172208-172241,1,True,1_sustained_voice_candidate,['brief_voice_not_resolved']
rec_12651eb5984ea709,session0/Camera-2024-08-08-153226-153307,1,True,1_sustained_voice_candidate,['brief_voice_not_resolved']
rec_37d3e63b2f3dccd3,session0/Camera-2024-10-14-143533-143358,1,True,1_sustained_voice_candidate,['brief_voice_not_resolved']
rec_8c91f0223097ae50,session0/Camera-2024-10-14-151541-151421,1,True,1_sustained_voice_candidate,['brief_voice_not_resolved']
rec_5e0159ec01a03ba6,session0/Camera-2024-10-14-161029-160925,,False,uncertain,['insufficient_evidence']
rec_5e4b317548ea6b98,session0/Camera-2024-10-15-094459-094548,1,True,1_sustained_voice_candidate,[]
rec_a762ba63944c417e,session0/Camera-2024-10-15-102854-102945,1,True,1_sustained_voice_candidate,[]
rec_10ceead355ca7860,session0/Camera-2024-10-15-111253-111325,2,False,uncertain,"['brief_voice_not_resolved', 'small_cluster']"
rec_9dc91aec77a19bf7,session0/Camera-2024-10-21-103126-103143,1,True,1_sustained_voice_candidate,['brief_voice_not_resolved']
rec_57c54bcc196ec58c,session0/Camera-2024-10-21-112420-112230,1,True,1_sustained_voice_candidate,['brief_voice_not_resolved']
rec_8576f7a322ecef18,session0/Camera-2024-10-21-121606-121455,1,True,1_sustained_voice_candidate,['brief_voice_not_resolved']
rec_c0c6b3ea9e65a3de,session0/Camera-2024-10-21-125749-125756,1,True,1_sustained_voice_candidate,['brief_voice_not_resolved']
rec_1d844968bdf942f9,session0/Camera-2024-10-22-103728-103815,1,True,1_sustained_voice_candidate,['brief_voice_not_resolved']
rec_e85d15a3238213cd,session0/Camera-2024-10-22-115558-115626,1,True,1_sustained_voice_candidate,['brief_voice_not_resolved']
rec_ef06e86a9e8d1c04,session0/Camera-2024-10-22-123739-123750,1,True,1_sustained_voice_candidate,['brief_voice_not_resolved']
rec_77d8b5aef840506e,session0/Camera-2024-10-22-153434-153503,1,True,1_sustained_voice_candidate,[]
rec_e3e3f51562825185,session0/Camera-2024-10-22-161742-161747,1,True,1_sustained_voice_candidate,['brief_voice_not_resolved']
rec_bb171f300dda08d2,session0/Camera-2024-10-22-165256-165322,1,True,1_sustained_voice_candidate,['brief_voice_not_resolved']
rec_109ff21b4a46573d,session0/Camera-2024-10-22-173423-173423,1,True,1_sustained_voice_candidate,['brief_voice_not_resolved']
rec_a2d7c51bbb5c262e,session0/Camera-2024-10-23-134159-134313,,False,uncertain,"['brief_voice_not_resolved', 'insufficient_evidence']"
rec_087400085908c582,session0/Camera-2024-10-23-143154-143223,1,True,1_sustained_voice_candidate,['brief_voice_not_resolved']
rec_276dde25825422d2,session0/Camera-2024-10-23-151539-151613,1,True,1_sustained_voice_candidate,['brief_voice_not_resolved']
rec_553e563be3cfd7e7,session0/Camera-2024-10-23-155518-155524,1,True,1_sustained_voice_candidate,['brief_voice_not_resolved']
rec_6e00d3d053fafc14,session1/Camera-2024-06-21-103121-103102,1,True,1_sustained_voice_candidate,['brief_voice_not_resolved']
rec_d1cb27a0e6c8505a,session1/Camera-2024-06-26-093649-093642,1,True,1_sustained_voice_candidate,['brief_voice_not_resolved']
rec_25027589fd815e7b,session1/Camera-2024-06-26-105024-105025,1,True,1_sustained_voice_candidate,['brief_voice_not_resolved']
rec_1fc74921b86d3da4,session1/Camera-2024-06-26-122334-122317,1,True,1_sustained_voice_candidate,['brief_voice_not_resolved']
rec_1932da65e94f4558,session1/Camera-2024-06-26-151459-151413,1,True,1_sustained_voice_candidate,['brief_voice_not_resolved']
rec_e29fe9adfd629512,session1/Camera-2024-06-26-160214-160213,1,True,1_sustained_voice_candidate,['brief_voice_not_resolved']
rec_69622c4a5e26fd29,session1/Camera-2024-06-28-103912-104008,1,True,1_sustained_voice_candidate,['brief_voice_not_resolved']
rec_74440fde6fa7cbcd,session1/Camera-2024-06-28-112322-112419,1,True,1_sustained_voice_candidate,['brief_voice_not_resolved']
rec_bba2e4e337c849d9,session1/Camera-2024-06-28-120152-120208,2,False,uncertain,"['brief_voice_not_resolved', 'neighbor_sensitivity', 'partition_sensitivity', 'small_cluster']"
rec_ce3e37dd7ebfda81,session1/Camera-2024-06-28-153101-153104,1,True,1_sustained_voice_candidate,[]
rec_7801d5f5ca7e7008,session1/Camera-2024-06-28-160651-160703,1,True,1_sustained_voice_candidate,[]
rec_963f4944dd34a810,session1/Camera-2024-06-28-164549-164628,1,True,1_sustained_voice_candidate,[]
rec_dd1913b7a968c40b,session1/Camera-2024-07-04-103805-103835,1,True,1_sustained_voice_candidate,['brief_voice_not_resolved']
rec_064d4cdfd7d771ef,session1/Camera-2024-07-04-112307-112347,1,True,1_sustained_voice_candidate,['brief_voice_not_resolved']
rec_05a5f3952c49fef4,session1/Camera-2024-07-04-120006-120008,1,True,1_sustained_voice_candidate,['brief_voice_not_resolved']
rec_a552f0c243fddd6f,session1/Camera-2024-07-08-120627-120613,1,True,1_sustained_voice_candidate,['brief_voice_not_resolved']
rec_06a512299fd632c8,session1/Camera-2024-07-08-143054-143035,1,True,1_sustained_voice_candidate,['brief_voice_not_resolved']
rec_83e9f212ac9417fc,session1/Camera-2024-07-08-151240-151227,1,True,1_sustained_voice_candidate,['brief_voice_not_resolved']
rec_16cf3f147e51766d,session1/Camera-2024-07-09-100427-100257,1,True,1_sustained_voice_candidate,['brief_voice_not_resolved']
rec_f844dd0f5751a592,session1/Camera-2024-07-09-104540-104439,1,True,1_sustained_voice_candidate,['brief_voice_not_resolved']
rec_30e6f6ebc3bcc64b,session1/Camera-2024-07-09-111741-111806,1,True,1_sustained_voice_candidate,['brief_voice_not_resolved']
rec_e48787fc54831fae,session1/Camera-2024-07-09-134253-134210,1,True,1_sustained_voice_candidate,['brief_voice_not_resolved']
rec_f478d8e760d25971,session1/Camera-2024-07-09-142938-142853,1,True,1_sustained_voice_candidate,['brief_voice_not_resolved']
rec_60ca60cd55315d8f,session1/Camera-2024-07-09-151245-151110,1,True,1_sustained_voice_candidate,['brief_voice_not_resolved']
rec_79892405a6082ace,session1/Camera-2024-07-10-134814-134720,1,True,1_sustained_voice_candidate,['brief_voice_not_resolved']
rec_c753568364979ab1,session1/Camera-2024-07-10-142319-142203,1,True,1_sustained_voice_candidate,['brief_voice_not_resolved']
rec_7b1ec34ccfdd1b5a,session1/Camera-2024-07-10-150927-150804,1,True,1_sustained_voice_candidate,['brief_voice_not_resolved']
rec_87cc65d85e2827fa,session1/Camera-2024-07-10-154722-154626,1,True,1_sustained_voice_candidate,['brief_voice_not_resolved']
rec_5781bdb95a34a60c,session1/Camera-2024-07-11-094209-094215,1,True,1_sustained_voice_candidate,[]
rec_b95b6df6718b14fc,session1/Camera-2024-07-11-103159-103100,1,True,1_sustained_voice_candidate,['brief_voice_not_resolved']
rec_2e9a6c3ce7ab9499,session1/Camera-2024-07-11-111326-111141,1,True,1_sustained_voice_candidate,['brief_voice_not_resolved']
rec_6d8c202343b787b4,session1/Camera-2024-07-11-120318-120232,1,True,1_sustained_voice_candidate,['brief_voice_not_resolved']
rec_8524684cdd6ed0c0,session1/Camera-2024-07-11-134401-134311,1,True,1_sustained_voice_candidate,['brief_voice_not_resolved']
rec_c9721317313de326,session1/Camera-2024-07-11-142837-142758,1,True,1_sustained_voice_candidate,[]
rec_96f7ed1fd7db7838,session1/Camera-2024-07-11-154330-154400,1,True,1_sustained_voice_candidate,['brief_voice_not_resolved']
rec_6612420c63b99a9f,session1/Camera-2024-07-11-161602-161527,1,True,1_sustained_voice_candidate,['brief_voice_not_resolved']
rec_0d9ab640a3e1e339,session1/Camera-2024-07-16-134902-134937,1,True,1_sustained_voice_candidate,['brief_voice_not_resolved']
rec_4dd12e22c9033b93,session1/Camera-2024-07-16-143113-143143,1,True,1_sustained_voice_candidate,[]
rec_cbb5cb7090b289ff,session1/Camera-2024-07-16-152105-152147,1,False,uncertain,"['brief_voice_not_resolved', 'neighbor_sensitivity', 'partition_sensitivity']"
rec_9ce4800388d04fbc,session1/Camera-2024-07-16-160716-160749,1,True,1_sustained_voice_candidate,[]
rec_003beb44cfba9819,session1/Camera-2024-07-17-112836-112807,1,True,1_sustained_voice_candidate,['brief_voice_not_resolved']
rec_01e1f9e80642ed7a,session1/Camera-2024-07-17-121257-121235,1,True,1_sustained_voice_candidate,['brief_voice_not_resolved']
rec_ec134f2df2ef3425,session1/Camera-2024-07-19-143058-143036,1,True,1_sustained_voice_candidate,['brief_voice_not_resolved']
rec_4e7e254b75df94ac,session1/Camera-2024-07-19-151039-150947,1,True,1_sustained_voice_candidate,['brief_voice_not_resolved']
rec_939f96ec031bae93,session1/Camera-2024-07-22-093331-093420,1,True,1_sustained_voice_candidate,['brief_voice_not_resolved']
rec_0d01bdba0161a7d3,session1/Camera-2024-07-22-103025-103101,1,False,uncertain,"['brief_voice_not_resolved', 'neighbor_sensitivity', 'partition_sensitivity']"
rec_a94608faaff6b944,session1/Camera-2024-07-22-111042-111140,1,True,1_sustained_voice_candidate,['brief_voice_not_resolved']
rec_e4472e25a880a63e,session1/Camera-2024-07-22-132508-132549,1,True,1_sustained_voice_candidate,['brief_voice_not_resolved']
rec_fb3b68538b6b5415,session1/Camera-2024-07-22-135929-140003,1,True,1_sustained_voice_candidate,['brief_voice_not_resolved']
rec_914406c079aad650,session1/Camera-2024-07-22-143349-143428,2,False,uncertain,"['brief_voice_not_resolved', 'neighbor_sensitivity', 'partition_sensitivity']"
rec_6203d65bfe4ceb9e,session1/Camera-2024-07-22-155059-155140,1,True,1_sustained_voice_candidate,[]
rec_48ee24f8345769a9,session1/Camera-2024-07-24-095443-095420,1,True,1_sustained_voice_candidate,['brief_voice_not_resolved']
rec_be050e61a90da76f,session1/Camera-2024-07-24-103011-103000,1,True,1_sustained_voice_candidate,['brief_voice_not_resolved']
rec_82b215195edeec51,session1/Camera-2024-07-24-110700-110644,1,True,1_sustained_voice_candidate,['brief_voice_not_resolved']
rec_b863f1947716e268,session1/Camera-2024-07-24-114427-114339,1,True,1_sustained_voice_candidate,[]
rec_48da26b9a6046f3a,session1/Camera-2024-07-25-155256-155217,1,True,1_sustained_voice_candidate,['brief_voice_not_resolved']
rec_51338b48eb284daa,session1/Camera-2024-07-25-162817-162715,1,True,1_sustained_voice_candidate,['brief_voice_not_resolved']
rec_9eb6a3f6a6abe365,session1/Camera-2024-07-26-103222-103252,1,True,1_sustained_voice_candidate,['brief_voice_not_resolved']
rec_00503b97ae2262a9,session1/Camera-2024-07-26-110838-110914,1,True,1_sustained_voice_candidate,['brief_voice_not_resolved']
rec_45972e8dbb6d4984,session1/Camera-2024-07-26-120608-120642,1,True,1_sustained_voice_candidate,['brief_voice_not_resolved']
rec_b1c5af7e529c1d21,session1/Camera-2024-07-29-135410-135329,1,True,1_sustained_voice_candidate,['brief_voice_not_resolved']
rec_30445617af7a8412,session1/Camera-2024-07-29-150955-150932,1,True,1_sustained_voice_candidate,['brief_voice_not_resolved']
rec_4081e61232ab6a81,session1/Camera-2024-07-29-163415-163339,1,True,1_sustained_voice_candidate,['brief_voice_not_resolved']
rec_b32ef6917130816e,session1/Camera-2024-07-30-110806-110844,1,True,1_sustained_voice_candidate,[]
rec_878c4b72904ea716,session1/Camera-2024-07-30-114103-114135,1,True,1_sustained_voice_candidate,['brief_voice_not_resolved']
rec_139e098890bab15e,session1/Camera-2024-07-30-123234-123305,1,True,1_sustained_voice_candidate,['brief_voice_not_resolved']
rec_0ba657308d357d7a,session1/Camera-2024-07-30-150921-151000,1,True,1_sustained_voice_candidate,['brief_voice_not_resolved']
rec_c8026ea61b2ae874,session1/Camera-2024-07-30-154819-154923,1,True,1_sustained_voice_candidate,['brief_voice_not_resolved']
rec_08a1289a6296bb68,session1/Camera-2024-07-30-161637-161715,1,True,1_sustained_voice_candidate,['brief_voice_not_resolved']
rec_5b2465f0a89c191b,session1/Camera-2024-07-31-102814-102840,1,True,1_sustained_voice_candidate,['brief_voice_not_resolved']
rec_a446c77cf1689814,session1/Camera-2024-07-31-110521-110601,1,True,1_sustained_voice_candidate,['brief_voice_not_resolved']
rec_d12fac08035a71d1,session1/Camera-2024-07-31-114456-114534,1,True,1_sustained_voice_candidate,['brief_voice_not_resolved']
rec_9f07225f88bffadb,session1/Camera-2024-07-31-135431-135505,1,True,1_sustained_voice_candidate,['brief_voice_not_resolved']
rec_688cac194fac8e0a,session1/Camera-2024-07-31-152258-152337,1,True,1_sustained_voice_candidate,['brief_voice_not_resolved']
rec_fb1db17ad9582950,session1/Camera-2024-07-31-172208-172241,1,True,1_sustained_voice_candidate,['brief_voice_not_resolved']
rec_af30b2466935c5eb,session1/Camera-2024-08-08-153226-153307,1,True,1_sustained_voice_candidate,[]
rec_293bc156001ba176,session1/Camera-2024-10-14-135007-134930,1,True,1_sustained_voice_candidate,['brief_voice_not_resolved']
rec_d488c7de7eafd9c1,session1/Camera-2024-10-14-143533-143358,1,True,1_sustained_voice_candidate,['brief_voice_not_resolved']
rec_46075cfeeb4ccda1,session1/Camera-2024-10-14-151541-151421,1,True,1_sustained_voice_candidate,['brief_voice_not_resolved']
rec_ee257e01185605b7,session1/Camera-2024-10-14-161029-160925,1,True,1_sustained_voice_candidate,['brief_voice_not_resolved']
rec_ab0a830877b21df2,session1/Camera-2024-10-15-094459-094548,1,True,1_sustained_voice_candidate,['brief_voice_not_resolved']
rec_2b59c35c824aba44,session1/Camera-2024-10-15-102854-102945,1,True,1_sustained_voice_candidate,['brief_voice_not_resolved']
rec_a9dfe5d5fcc6552b,session1/Camera-2024-10-15-111253-111325,1,True,1_sustained_voice_candidate,['brief_voice_not_resolved']
rec_58a3e43d3de19eeb,session1/Camera-2024-10-21-103126-103143,1,True,1_sustained_voice_candidate,['brief_voice_not_resolved']
rec_f91ebb1634bfe21d,session1/Camera-2024-10-21-112420-112230,1,True,1_sustained_voice_candidate,['brief_voice_not_resolved']
rec_95589c968a62ab48,session1/Camera-2024-10-21-121606-121455,1,True,1_sustained_voice_candidate,['brief_voice_not_resolved']
rec_c584b87fc84d70a5,session1/Camera-2024-10-21-125749-125756,1,True,1_sustained_voice_candidate,['brief_voice_not_resolved']
rec_4df1136bda5f0fce,session1/Camera-2024-10-22-103728-103815,1,True,1_sustained_voice_candidate,['brief_voice_not_resolved']
rec_ed04f2a368806558,session1/Camera-2024-10-22-115558-115626,1,True,1_sustained_voice_candidate,['brief_voice_not_resolved']
rec_1f8b4ef4ef29421e,session1/Camera-2024-10-22-123739-123750,1,True,1_sustained_voice_candidate,['brief_voice_not_resolved']
rec_94259b90d0269a08,session1/Camera-2024-10-22-153434-153503,1,True,1_sustained_voice_candidate,['brief_voice_not_resolved']
rec_dac34461b9ad9b6e,session1/Camera-2024-10-22-161742-161747,1,True,1_sustained_voice_candidate,['brief_voice_not_resolved']
rec_f0c591c305ea482d,session1/Camera-2024-10-22-165256-165322,1,True,1_sustained_voice_candidate,['brief_voice_not_resolved']
rec_12db2044bb3d7109,session1/Camera-2024-10-22-173423-173423,1,True,1_sustained_voice_candidate,['brief_voice_not_resolved']
rec_937bf3bbdf83e8eb,session1/Camera-2024-10-23-134159-134313,,False,uncertain,"['brief_voice_not_resolved', 'insufficient_evidence']"
rec_c71612beae56f2d8,session1/Camera-2024-10-23-143154-143223,1,True,1_sustained_voice_candidate,['brief_voice_not_resolved']
rec_717034f62b9d5254,session1/Camera-2024-10-23-151539-151613,1,True,1_sustained_voice_candidate,['brief_voice_not_resolved']
rec_304cad73aee03b49,session1/Camera-2024-10-23-155518-155524,1,True,1_sustained_voice_candidate,['brief_voice_not_resolved']
rec_0f40b9903ae745b5,session11/Camera-2024-06-21-103121-103102,1,True,1_sustained_voice_candidate,['brief_voice_not_resolved']
rec_cbba89db6f0106f9,session11/Camera-2024-06-26-093649-093642,1,True,1_sustained_voice_candidate,['brief_voice_not_resolved']
rec_cab3a930231f3ac3,session11/Camera-2024-06-26-105024-105025,1,True,1_sustained_voice_candidate,['brief_voice_not_resolved']
rec_8e0dfb16b6dcf44f,session11/Camera-2024-06-26-122334-122317,1,True,1_sustained_voice_candidate,['brief_voice_not_resolved']
rec_20176244733908e9,session11/Camera-2024-06-26-151459-151413,1,True,1_sustained_voice_candidate,['brief_voice_not_resolved']
rec_799aa78a81a04e69,session11/Camera-2024-06-26-160214-160213,1,True,1_sustained_voice_candidate,['brief_voice_not_resolved']
rec_7a7fc0cbd0e19893,session11/Camera-2024-06-28-103912-104008,1,True,1_sustained_voice_candidate,['brief_voice_not_resolved']
rec_0cb99c5462d82eb9,session11/Camera-2024-06-28-112322-112419,1,True,1_sustained_voice_candidate,['brief_voice_not_resolved']
rec_1b2eb4eb0e10c2fa,session11/Camera-2024-06-28-120152-120208,1,True,1_sustained_voice_candidate,['brief_voice_not_resolved']
rec_d105116cb974646f,session11/Camera-2024-06-28-153101-153104,1,True,1_sustained_voice_candidate,['brief_voice_not_resolved']
rec_61ac12d4c0a9bb31,session11/Camera-2024-06-28-160651-160703,1,True,1_sustained_voice_candidate,[]
rec_6f1e81b91245581e,session11/Camera-2024-06-28-164549-164628,1,True,1_sustained_voice_candidate,['brief_voice_not_resolved']
rec_84932d0a8d3e21b7,session11/Camera-2024-07-04-103805-103835,1,True,1_sustained_voice_candidate,['brief_voice_not_resolved']
rec_1dc8eecb24c74da1,session11/Camera-2024-07-04-112307-112347,1,True,1_sustained_voice_candidate,['brief_voice_not_resolved']
rec_4d8a78f93574df23,session11/Camera-2024-07-04-120006-120008,2,False,uncertain,"['brief_voice_not_resolved', 'neighbor_sensitivity', 'partition_sensitivity']"
rec_8064b6ae2487e991,session11/Camera-2024-07-08-120627-120613,1,True,1_sustained_voice_candidate,['brief_voice_not_resolved']
rec_763e754a7f813f24,session11/Camera-2024-07-08-143054-143035,1,True,1_sustained_voice_candidate,['brief_voice_not_resolved']
rec_18bf081032b0f2ba,session11/Camera-2024-07-08-151240-151227,1,True,1_sustained_voice_candidate,['brief_voice_not_resolved']
rec_3c4d55476914a011,session11/Camera-2024-07-09-100427-100257,1,True,1_sustained_voice_candidate,['brief_voice_not_resolved']
rec_66b5eb0ec88c398a,session11/Camera-2024-07-09-104540-104439,1,True,1_sustained_voice_candidate,['brief_voice_not_resolved']
rec_8ca826ab179beabe,session11/Camera-2024-07-09-111741-111806,1,True,1_sustained_voice_candidate,['brief_voice_not_resolved']
rec_e867b287cde023a9,session11/Camera-2024-07-09-134253-134210,1,True,1_sustained_voice_candidate,['brief_voice_not_resolved']
rec_c1c627ef23c18492,session11/Camera-2024-07-09-142938-142853,1,True,1_sustained_voice_candidate,['brief_voice_not_resolved']
rec_2a2f1db4abe320df,session11/Camera-2024-07-09-151245-151110,1,True,1_sustained_voice_candidate,['brief_voice_not_resolved']
rec_4b6ef7eded11607d,session11/Camera-2024-07-10-134814-134720,1,True,1_sustained_voice_candidate,['brief_voice_not_resolved']
rec_02caf6eaeeb4ae3a,session11/Camera-2024-07-10-142319-142203,1,True,1_sustained_voice_candidate,['brief_voice_not_resolved']
rec_9d34ce5223e10626,session11/Camera-2024-07-10-150927-150804,1,True,1_sustained_voice_candidate,['brief_voice_not_resolved']
rec_5ea49c60096aa0af,session11/Camera-2024-07-10-154722-154626,1,True,1_sustained_voice_candidate,['brief_voice_not_resolved']
rec_497d33a1624ceeca,session11/Camera-2024-07-11-094209-094215,1,True,1_sustained_voice_candidate,['brief_voice_not_resolved']
rec_45c00161976b42de,session11/Camera-2024-07-11-103159-103100,1,True,1_sustained_voice_candidate,['brief_voice_not_resolved']
rec_996670e01b5e288a,session11/Camera-2024-07-11-111326-111141,1,True,1_sustained_voice_candidate,['brief_voice_not_resolved']
rec_cd238e80424a97d9,session11/Camera-2024-07-11-120318-120232,1,True,1_sustained_voice_candidate,['brief_voice_not_resolved']
rec_37d31754d3276659,session11/Camera-2024-07-11-134401-134311,1,True,1_sustained_voice_candidate,['brief_voice_not_resolved']
rec_c36d7732d77d5e5b,session11/Camera-2024-07-11-142837-142758,1,True,1_sustained_voice_candidate,['brief_voice_not_resolved']
rec_835adefc8b49ee21,session11/Camera-2024-07-11-154330-154400,1,True,1_sustained_voice_candidate,['brief_voice_not_resolved']
rec_b6228021e66faaa9,session11/Camera-2024-07-11-161602-161527,1,True,1_sustained_voice_candidate,['brief_voice_not_resolved']
rec_15fc84a35f90912a,session11/Camera-2024-07-16-134902-134937,1,True,1_sustained_voice_candidate,['brief_voice_not_resolved']
rec_922f017e931a1f79,session11/Camera-2024-07-16-143113-143143,1,True,1_sustained_voice_candidate,['brief_voice_not_resolved']
rec_af05d212f6c5ca40,session11/Camera-2024-07-16-152105-152147,1,True,1_sustained_voice_candidate,['brief_voice_not_resolved']
rec_0f60bf799dee05ed,session11/Camera-2024-07-16-160716-160749,1,True,1_sustained_voice_candidate,['brief_voice_not_resolved']
rec_20fe03139e02333a,session11/Camera-2024-07-17-104338-104241,1,True,1_sustained_voice_candidate,['brief_voice_not_resolved']
rec_d3309be6cf02ef73,session11/Camera-2024-07-17-112836-112807,1,True,1_sustained_voice_candidate,['brief_voice_not_resolved']
rec_a8fd29b97a44cb16,session11/Camera-2024-07-17-121257-121235,1,True,1_sustained_voice_candidate,['brief_voice_not_resolved']
rec_5840af7d7ad0af7c,session11/Camera-2024-07-19-143058-143036,1,True,1_sustained_voice_candidate,[]
rec_5150ebf12f3b6905,session11/Camera-2024-07-19-151039-150947,1,True,1_sustained_voice_candidate,['brief_voice_not_resolved']
rec_ed17d9d7b0e144b3,session11/Camera-2024-07-22-111042-111140,1,True,1_sustained_voice_candidate,['brief_voice_not_resolved']
rec_4b1f8ed350393476,session11/Camera-2024-07-22-135929-140003,1,True,1_sustained_voice_candidate,['brief_voice_not_resolved']
rec_9fb230bd4d91b71c,session11/Camera-2024-07-22-143349-143428,1,True,1_sustained_voice_candidate,['brief_voice_not_resolved']
rec_f0a48d0a9373572b,session11/Camera-2024-07-22-155059-155140,1,True,1_sustained_voice_candidate,['brief_voice_not_resolved']
rec_7742a0bb648d66fe,session11/Camera-2024-07-24-095443-095420,1,True,1_sustained_voice_candidate,['brief_voice_not_resolved']
rec_56a5b205ec884fa2,session11/Camera-2024-07-24-103011-103000,1,True,1_sustained_voice_candidate,['brief_voice_not_resolved']
rec_6164641cdadb0ba8,session11/Camera-2024-07-24-110700-110644,1,True,1_sustained_voice_candidate,['brief_voice_not_resolved']
rec_a3252888d8bc2775,session11/Camera-2024-07-24-114427-114339,1,True,1_sustained_voice_candidate,['brief_voice_not_resolved']
rec_884f0216e1a7921c,session11/Camera-2024-07-25-155256-155217,1,False,uncertain,"['brief_voice_not_resolved', 'neighbor_sensitivity', 'partition_sensitivity']"
rec_52736a017bbc5915,session11/Camera-2024-07-25-162817-162715,1,True,1_sustained_voice_candidate,['brief_voice_not_resolved']
rec_cc4c5f2e75e2dd08,session11/Camera-2024-07-26-103222-103252,1,True,1_sustained_voice_candidate,['brief_voice_not_resolved']
rec_818b17b8641003a3,session11/Camera-2024-07-26-110838-110914,1,True,1_sustained_voice_candidate,['brief_voice_not_resolved']
rec_dfeb83fa5065b852,session11/Camera-2024-07-26-120608-120642,1,True,1_sustained_voice_candidate,[]
rec_2510d41d6e4e816c,session11/Camera-2024-07-29-135410-135329,1,True,1_sustained_voice_candidate,['brief_voice_not_resolved']
rec_53933bda88287647,session11/Camera-2024-07-29-143941-143856,1,True,1_sustained_voice_candidate,[]
rec_6ba25c083915c580,session11/Camera-2024-07-29-150955-150932,1,True,1_sustained_voice_candidate,['brief_voice_not_resolved']
rec_9bea6dd514fb50ff,session11/Camera-2024-07-29-160525-160426,1,True,1_sustained_voice_candidate,['brief_voice_not_resolved']
rec_5277f8036c2e72d1,session11/Camera-2024-07-29-163415-163339,1,True,1_sustained_voice_candidate,['brief_voice_not_resolved']
rec_775105a87955c66b,session11/Camera-2024-07-30-110806-110844,1,True,1_sustained_voice_candidate,['brief_voice_not_resolved']
rec_6b3ea8e5db4e7b91,session11/Camera-2024-07-30-114103-114135,1,True,1_sustained_voice_candidate,['brief_voice_not_resolved']
rec_a7660f90de816c72,session11/Camera-2024-07-30-123234-123305,1,False,uncertain,"['brief_voice_not_resolved', 'neighbor_sensitivity', 'partition_sensitivity']"
rec_9e993d0ad7cd83c8,session11/Camera-2024-07-30-150921-151000,2,False,uncertain,"['brief_voice_not_resolved', 'small_cluster']"
rec_5cd7c81cdc348d32,session11/Camera-2024-07-30-161637-161715,1,True,1_sustained_voice_candidate,['brief_voice_not_resolved']
rec_e64f427b572ca08f,session11/Camera-2024-07-31-102814-102840,1,True,1_sustained_voice_candidate,['brief_voice_not_resolved']
rec_3cc0e1426aabdec8,session11/Camera-2024-07-31-110521-110601,1,True,1_sustained_voice_candidate,['brief_voice_not_resolved']
rec_3b3e9947befb427a,session11/Camera-2024-07-31-114456-114534,1,True,1_sustained_voice_candidate,['brief_voice_not_resolved']
rec_d61b4c920735aa5f,session11/Camera-2024-07-31-135431-135505,1,True,1_sustained_voice_candidate,['brief_voice_not_resolved']
rec_39aa59240fbf33e0,session11/Camera-2024-07-31-152258-152337,1,True,1_sustained_voice_candidate,['brief_voice_not_resolved']
rec_12bda562610bda00,session11/Camera-2024-07-31-172208-172241,1,True,1_sustained_voice_candidate,['brief_voice_not_resolved']
rec_623eadc516a9fe02,session11/Camera-2024-08-08-153226-153307,2,False,uncertain,"['brief_voice_not_resolved', 'small_cluster']"
rec_3d39fe777dc434c8,session11/Camera-2024-10-14-135007-134930,1,True,1_sustained_voice_candidate,['brief_voice_not_resolved']
rec_15b5e176c7325f7b,session11/Camera-2024-10-14-143533-143358,1,True,1_sustained_voice_candidate,['brief_voice_not_resolved']
rec_d362fd32339c5b6d,session11/Camera-2024-10-14-161029-160925,1,True,1_sustained_voice_candidate,['brief_voice_not_resolved']
rec_57c2f82de0dc94c8,session11/Camera-2024-10-15-094459-094548,1,True,1_sustained_voice_candidate,['brief_voice_not_resolved']
rec_4c5936b52acfe9eb,session11/Camera-2024-10-15-102854-102945,1,True,1_sustained_voice_candidate,['brief_voice_not_resolved']
rec_e492a3cf45f5901a,session11/Camera-2024-10-15-111253-111325,1,True,1_sustained_voice_candidate,['brief_voice_not_resolved']
rec_41aa3814ac7a8a7f,session11/Camera-2024-10-21-103126-103143,1,True,1_sustained_voice_candidate,['brief_voice_not_resolved']
rec_c571007dabe066c4,session11/Camera-2024-10-21-112420-112230,1,True,1_sustained_voice_candidate,['brief_voice_not_resolved']
rec_9f30002e5a2e1796,session11/Camera-2024-10-21-121606-121455,1,True,1_sustained_voice_candidate,['brief_voice_not_resolved']
rec_fb82e7b87128b46e,session11/Camera-2024-10-21-125749-125756,1,True,1_sustained_voice_candidate,['brief_voice_not_resolved']
rec_0cda8d2f91e8fd8b,session11/Camera-2024-10-22-103728-103815,1,True,1_sustained_voice_candidate,['brief_voice_not_resolved']
rec_a7cdc8c1b15a3c5c,session11/Camera-2024-10-22-115558-115626,1,True,1_sustained_voice_candidate,['brief_voice_not_resolved']
rec_32da3b1be22c49fe,session11/Camera-2024-10-22-123739-123750,1,True,1_sustained_voice_candidate,['brief_voice_not_resolved']
rec_7a53fbac0fbefd36,session11/Camera-2024-10-22-153434-153503,1,True,1_sustained_voice_candidate,['brief_voice_not_resolved']
rec_846cf88994c5e52e,session11/Camera-2024-10-22-161742-161747,1,False,uncertain,"['brief_voice_not_resolved', 'neighbor_sensitivity', 'partition_sensitivity']"
rec_c9fc0596a167ab49,session11/Camera-2024-10-22-165256-165322,2,False,uncertain,"['brief_voice_not_resolved', 'neighbor_sensitivity', 'partition_sensitivity']"
rec_fdd4dda9f65cb0f0,session11/Camera-2024-10-22-173423-173423,1,True,1_sustained_voice_candidate,['brief_voice_not_resolved']
rec_ef06b385574ea303,session11/Camera-2024-10-23-134159-134313,1,True,1_sustained_voice_candidate,['brief_voice_not_resolved']
rec_6c1849527f54e64a,session11/Camera-2024-10-23-143154-143223,1,True,1_sustained_voice_candidate,['brief_voice_not_resolved']
rec_e8b172aa882cbf78,session11/Camera-2024-10-23-151539-151613,1,True,1_sustained_voice_candidate,['brief_voice_not_resolved']
rec_a770aebe33fafd69,session11/Camera-2024-10-23-155518-155524,1,True,1_sustained_voice_candidate,['brief_voice_not_resolved']
rec_ebcf3036d622da86,session12/Camera-2024-06-21-103121-103102,1,True,1_sustained_voice_candidate,['brief_voice_not_resolved']
rec_bbf7110cb43b1972,session12/Camera-2024-06-26-093649-093642,1,True,1_sustained_voice_candidate,['brief_voice_not_resolved']
rec_eb47c4bcb72867da,session12/Camera-2024-06-26-105024-105025,1,True,1_sustained_voice_candidate,['brief_voice_not_resolved']
rec_062288095f6935e4,session12/Camera-2024-06-26-122334-122317,1,True,1_sustained_voice_candidate,['brief_voice_not_resolved']
rec_390ad6d5596d5276,session12/Camera-2024-06-26-151459-151413,1,True,1_sustained_voice_candidate,[]
rec_95f0547a6673db21,session12/Camera-2024-06-26-160214-160213,1,True,1_sustained_voice_candidate,['brief_voice_not_resolved']
rec_9dbb35e1bcb05158,session12/Camera-2024-06-28-103912-104008,1,True,1_sustained_voice_candidate,['brief_voice_not_resolved']
rec_5d116c0fa899138d,session12/Camera-2024-06-28-112322-112419,1,True,1_sustained_voice_candidate,['brief_voice_not_resolved']
rec_b6d884b07a0c6d03,session12/Camera-2024-06-28-120152-120208,1,False,uncertain,"['brief_voice_not_resolved', 'neighbor_sensitivity', 'partition_sensitivity']"
rec_aa4d007f567f670d,session12/Camera-2024-06-28-153101-153104,1,True,1_sustained_voice_candidate,[]
rec_4b7ef51d25ae6ff3,session12/Camera-2024-06-28-160651-160703,2,False,uncertain,"['brief_voice_not_resolved', 'small_cluster']"
rec_900696f0ee145107,session12/Camera-2024-06-28-164549-164628,1,True,1_sustained_voice_candidate,[]
rec_69213381bfd6db5f,session12/Camera-2024-07-04-103805-103835,1,True,1_sustained_voice_candidate,['brief_voice_not_resolved']
rec_01aa221c87c6d7b1,session12/Camera-2024-07-04-112307-112347,1,True,1_sustained_voice_candidate,['brief_voice_not_resolved']
rec_382b52694985a945,session12/Camera-2024-07-04-120006-120008,1,True,1_sustained_voice_candidate,['brief_voice_not_resolved']
rec_037a70b5f3897f85,session12/Camera-2024-07-08-120627-120613,1,True,1_sustained_voice_candidate,['brief_voice_not_resolved']
rec_4702915c5c64f91e,session12/Camera-2024-07-08-143054-143035,1,True,1_sustained_voice_candidate,['brief_voice_not_resolved']
rec_bb9245df57797677,session12/Camera-2024-07-08-151240-151227,1,True,1_sustained_voice_candidate,['brief_voice_not_resolved']
rec_5c1ed057ea38b560,session12/Camera-2024-07-09-100427-100257,2,False,uncertain,"['brief_voice_not_resolved', 'small_cluster']"
rec_c5cb4b76e719236a,session12/Camera-2024-07-09-104540-104439,1,True,1_sustained_voice_candidate,['brief_voice_not_resolved']
rec_61a71dc36304e1e2,session12/Camera-2024-07-09-134253-134210,2,False,uncertain,"['brief_voice_not_resolved', 'insufficient_evidence', 'small_cluster']"
rec_a34d6d215bd078f9,session12/Camera-2024-07-09-142938-142853,1,True,1_sustained_voice_candidate,['brief_voice_not_resolved']
rec_749b52c4405653af,session12/Camera-2024-07-09-151245-151110,1,True,1_sustained_voice_candidate,['brief_voice_not_resolved']
rec_eddcb7fde708322c,session12/Camera-2024-07-10-134814-134720,1,True,1_sustained_voice_candidate,['brief_voice_not_resolved']
rec_97d71ac34a2a4969,session12/Camera-2024-07-10-142319-142203,1,True,1_sustained_voice_candidate,['brief_voice_not_resolved']
rec_7f96798310890a4d,session12/Camera-2024-07-10-150927-150804,1,True,1_sustained_voice_candidate,['brief_voice_not_resolved']
rec_a6fa0e5ad2a5e1d7,session12/Camera-2024-07-10-154722-154626,1,True,1_sustained_voice_candidate,['brief_voice_not_resolved']
rec_7adeace63a8e8687,session12/Camera-2024-07-11-094209-094215,1,True,1_sustained_voice_candidate,['brief_voice_not_resolved']
rec_b484cff34f40bfd6,session12/Camera-2024-07-11-111326-111141,1,True,1_sustained_voice_candidate,['brief_voice_not_resolved']
rec_9c515aa5c3aa6d18,session12/Camera-2024-07-11-120318-120232,2,False,uncertain,"['brief_voice_not_resolved', 'small_cluster']"
rec_eac68defbd7b59c0,session12/Camera-2024-07-11-134401-134311,1,True,1_sustained_voice_candidate,['brief_voice_not_resolved']
rec_44296e2b2c63f975,session12/Camera-2024-07-11-142837-142758,2,True,2_sustained_voice_candidate,[]
rec_aefb1db3668db4a2,session12/Camera-2024-07-11-154330-154400,1,True,1_sustained_voice_candidate,['brief_voice_not_resolved']
rec_d9ecdbe88ffbd1d9,session12/Camera-2024-07-11-161602-161527,1,True,1_sustained_voice_candidate,['brief_voice_not_resolved']
rec_187a3da3fe6fb69f,session12/Camera-2024-07-16-134902-134937,1,True,1_sustained_voice_candidate,['brief_voice_not_resolved']
rec_688ffe04a890a289,session12/Camera-2024-07-16-143113-143143,1,True,1_sustained_voice_candidate,[]
rec_e8458e41a360516c,session12/Camera-2024-07-16-152105-152147,,False,uncertain,"['brief_voice_not_resolved', 'insufficient_evidence']"
rec_b4f48ce23ebfe338,session12/Camera-2024-07-16-160716-160749,1,True,1_sustained_voice_candidate,['brief_voice_not_resolved']
rec_7d157161ab9c27c0,session12/Camera-2024-07-17-104338-104241,1,True,1_sustained_voice_candidate,['brief_voice_not_resolved']
rec_93bc88102d8ee9b0,session12/Camera-2024-07-17-112836-112807,1,True,1_sustained_voice_candidate,['brief_voice_not_resolved']
rec_07235f50edfef89d,session12/Camera-2024-07-17-121257-121235,2,False,uncertain,"['brief_voice_not_resolved', 'small_cluster']"
rec_8a13fee37235f949,session12/Camera-2024-07-19-143058-143036,1,True,1_sustained_voice_candidate,['brief_voice_not_resolved']
rec_4f8df06aaa268608,session12/Camera-2024-07-19-151039-150947,1,True,1_sustained_voice_candidate,['brief_voice_not_resolved']
rec_8f4570ab3887d7c4,session12/Camera-2024-07-22-093331-093420,1,True,1_sustained_voice_candidate,['brief_voice_not_resolved']
rec_8018739c579da0d6,session12/Camera-2024-07-22-103025-103101,1,True,1_sustained_voice_candidate,['brief_voice_not_resolved']
rec_a1c8249e9522848e,session12/Camera-2024-07-22-111042-111140,1,True,1_sustained_voice_candidate,['brief_voice_not_resolved']
rec_e708a0ed11efef18,session12/Camera-2024-07-22-132508-132549,1,True,1_sustained_voice_candidate,['brief_voice_not_resolved']
rec_b3fa715ca52532e1,session12/Camera-2024-07-22-135929-140003,2,True,2_sustained_voice_candidate,['brief_voice_not_resolved']
rec_2d96a9e7aca2ddce,session12/Camera-2024-07-22-155059-155140,1,True,1_sustained_voice_candidate,['brief_voice_not_resolved']
rec_2a3a03e8d04ef4f4,session12/Camera-2024-07-24-095443-095420,1,True,1_sustained_voice_candidate,['brief_voice_not_resolved']
rec_e6741a76515ebbea,session12/Camera-2024-07-24-103011-103000,2,False,uncertain,"['brief_voice_not_resolved', 'small_cluster']"
rec_7b5845328b2a1259,session12/Camera-2024-07-24-110700-110644,1,True,1_sustained_voice_candidate,['brief_voice_not_resolved']
rec_aa1ebfc858d2d4ee,session12/Camera-2024-07-24-114427-114339,1,True,1_sustained_voice_candidate,['brief_voice_not_resolved']
rec_dc9bea6d0b087545,session12/Camera-2024-07-25-155256-155217,1,True,1_sustained_voice_candidate,['brief_voice_not_resolved']
rec_a6150d9538d3703d,session12/Camera-2024-07-25-162817-162715,1,True,1_sustained_voice_candidate,['brief_voice_not_resolved']
rec_be1f7742894d149c,session12/Camera-2024-07-26-103222-103252,1,True,1_sustained_voice_candidate,['brief_voice_not_resolved']
rec_3cda9268bf415d78,session12/Camera-2024-07-26-110838-110914,1,True,1_sustained_voice_candidate,['brief_voice_not_resolved']
rec_223848e06390d22a,session12/Camera-2024-07-26-120608-120642,1,False,uncertain,"['brief_voice_not_resolved', 'neighbor_sensitivity', 'partition_sensitivity']"
rec_50afcb28a4cd0c74,session12/Camera-2024-07-29-135410-135329,1,True,1_sustained_voice_candidate,['brief_voice_not_resolved']
rec_fe86bc3065072550,session12/Camera-2024-07-29-143941-143856,1,True,1_sustained_voice_candidate,['brief_voice_not_resolved']
rec_4a57ccbdee962a19,session12/Camera-2024-07-29-150955-150932,1,True,1_sustained_voice_candidate,['brief_voice_not_resolved']
rec_6eba7f738e9a409e,session12/Camera-2024-07-29-160525-160426,1,False,uncertain,"['brief_voice_not_resolved', 'neighbor_sensitivity', 'partition_sensitivity']"
rec_103a1d3b99c1e42b,session12/Camera-2024-07-30-110806-110844,1,True,1_sustained_voice_candidate,['brief_voice_not_resolved']
rec_00577e2baa5b5988,session12/Camera-2024-07-30-114103-114135,1,True,1_sustained_voice_candidate,['brief_voice_not_resolved']
rec_1a6d36bd64bf8b4e,session12/Camera-2024-07-30-123234-123305,1,True,1_sustained_voice_candidate,['brief_voice_not_resolved']
rec_517121be5b0bc7ec,session12/Camera-2024-07-30-161637-161715,1,True,1_sustained_voice_candidate,['brief_voice_not_resolved']
rec_5e8a6e1a75c41c6e,session12/Camera-2024-07-31-102814-102840,1,True,1_sustained_voice_candidate,['brief_voice_not_resolved']
rec_4776a46705a3ab05,session12/Camera-2024-07-31-110521-110601,1,True,1_sustained_voice_candidate,['brief_voice_not_resolved']
rec_dec800859e8c92bc,session12/Camera-2024-07-31-114456-114534,1,True,1_sustained_voice_candidate,['brief_voice_not_resolved']
rec_218091bc2465adcf,session12/Camera-2024-07-31-135431-135505,1,True,1_sustained_voice_candidate,['brief_voice_not_resolved']
rec_328aea333fa668db,session12/Camera-2024-07-31-152258-152337,1,True,1_sustained_voice_candidate,['brief_voice_not_resolved']
rec_a1085da587add4dd,session12/Camera-2024-07-31-172208-172241,1,True,1_sustained_voice_candidate,['brief_voice_not_resolved']
rec_a5e1b8d8ea5c233a,session12/Camera-2024-08-08-153226-153307,1,True,1_sustained_voice_candidate,['brief_voice_not_resolved']
rec_426fd8affd29ce2e,session12/Camera-2024-10-14-135007-134930,1,False,uncertain,"['brief_voice_not_resolved', 'neighbor_sensitivity', 'partition_sensitivity']"
rec_eb22a146a96175f8,session12/Camera-2024-10-14-143533-143358,1,True,1_sustained_voice_candidate,['brief_voice_not_resolved']
rec_75215aefa6026966,session12/Camera-2024-10-14-151541-151421,1,False,uncertain,"['brief_voice_not_resolved', 'neighbor_sensitivity', 'partition_sensitivity']"
rec_d9e07b9e2e995ca6,session12/Camera-2024-10-14-161029-160925,1,True,1_sustained_voice_candidate,['brief_voice_not_resolved']
rec_cbd011c54e11eda6,session12/Camera-2024-10-15-094459-094548,1,True,1_sustained_voice_candidate,['brief_voice_not_resolved']
rec_c76453462a4e9add,session12/Camera-2024-10-15-102854-102945,1,True,1_sustained_voice_candidate,['brief_voice_not_resolved']
rec_300f1372c6279632,session12/Camera-2024-10-15-111253-111325,1,True,1_sustained_voice_candidate,['brief_voice_not_resolved']
rec_75bbd06e2f46b98e,session12/Camera-2024-10-21-103126-103143,1,True,1_sustained_voice_candidate,['brief_voice_not_resolved']
rec_aaac46e6cffaf498,session12/Camera-2024-10-21-112420-112230,1,True,1_sustained_voice_candidate,['brief_voice_not_resolved']
rec_bde0094a50d857a6,session12/Camera-2024-10-21-121606-121455,1,True,1_sustained_voice_candidate,['brief_voice_not_resolved']
rec_51e47961d0541adc,session12/Camera-2024-10-21-125749-125756,1,True,1_sustained_voice_candidate,['brief_voice_not_resolved']
rec_b0ef1732e67fb679,session12/Camera-2024-10-22-103728-103815,1,True,1_sustained_voice_candidate,[]
rec_e7169d6f726ee143,session12/Camera-2024-10-22-115558-115626,2,False,uncertain,"['brief_voice_not_resolved', 'small_cluster']"
rec_69eea0483f7a82fd,session12/Camera-2024-10-22-123739-123750,1,True,1_sustained_voice_candidate,['brief_voice_not_resolved']
rec_0f41537f95f84ed6,session12/Camera-2024-10-22-153434-153503,1,False,uncertain,"['brief_voice_not_resolved', 'neighbor_sensitivity', 'partition_sensitivity']"
rec_40156adb40d16874,session12/Camera-2024-10-22-161742-161747,1,False,uncertain,"['brief_voice_not_resolved', 'neighbor_sensitivity', 'partition_sensitivity']"
rec_dbe770dd8867ba21,session12/Camera-2024-10-22-165256-165322,1,True,1_sustained_voice_candidate,['brief_voice_not_resolved']
rec_7cc7a908901d4ac5,session12/Camera-2024-10-22-173423-173423,1,False,uncertain,"['brief_voice_not_resolved', 'neighbor_sensitivity', 'partition_sensitivity']"
rec_530dc83954e030c6,session12/Camera-2024-10-23-134159-134313,2,True,2_sustained_voice_candidate,['brief_voice_not_resolved']
rec_19c7997a926e4cc6,session12/Camera-2024-10-23-143154-143223,1,True,1_sustained_voice_candidate,['brief_voice_not_resolved']
rec_c17b4739a4d2b7ed,session12/Camera-2024-10-23-151539-151613,1,False,uncertain,"['brief_voice_not_resolved', 'neighbor_sensitivity', 'partition_sensitivity']"
rec_a0850bca51b551d2,session12/Camera-2024-10-23-155518-155524,1,False,uncertain,"['brief_voice_not_resolved', 'neighbor_sensitivity', 'partition_sensitivity']"
rec_fe1f4e5a99b9c37f,session13/Camera-2024-06-21-103121-103102,,False,uncertain,['insufficient_evidence']
rec_9908c80ddf82e72f,session13/Camera-2024-06-26-093649-093642,1,True,1_sustained_voice_candidate,['brief_voice_not_resolved']
rec_bd38d7ec4a42110c,session13/Camera-2024-06-26-105024-105025,1,True,1_sustained_voice_candidate,['brief_voice_not_resolved']
rec_04abff178d95d180,session13/Camera-2024-06-26-122334-122317,1,True,1_sustained_voice_candidate,['brief_voice_not_resolved']
rec_1a7562f3be83503a,session13/Camera-2024-06-26-151459-151413,1,True,1_sustained_voice_candidate,[]
rec_ee8523ff8a529b94,session13/Camera-2024-06-26-160214-160213,1,True,1_sustained_voice_candidate,[]
rec_4e5433534fbfe832,session13/Camera-2024-06-28-103912-104008,1,True,1_sustained_voice_candidate,['brief_voice_not_resolved']
rec_213c2f39a7b3a079,session13/Camera-2024-06-28-112322-112419,1,False,uncertain,"['neighbor_sensitivity', 'partition_sensitivity']"
rec_95cd59cad886fbcb,session13/Camera-2024-06-28-120152-120208,1,True,1_sustained_voice_candidate,['brief_voice_not_resolved']
rec_13336b93d12fc1ae,session13/Camera-2024-06-28-153101-153104,1,True,1_sustained_voice_candidate,['brief_voice_not_resolved']
rec_87feceaf79039fef,session13/Camera-2024-06-28-160651-160703,1,True,1_sustained_voice_candidate,[]
rec_16f1a325cc8f6916,session13/Camera-2024-06-28-164549-164628,1,True,1_sustained_voice_candidate,[]
rec_1474175922ad04ab,session13/Camera-2024-07-04-103805-103835,1,True,1_sustained_voice_candidate,['brief_voice_not_resolved']
rec_913922db51055137,session13/Camera-2024-07-04-120006-120008,1,True,1_sustained_voice_candidate,['brief_voice_not_resolved']
rec_c686adba04c3dc02,session13/Camera-2024-07-08-120627-120613,1,True,1_sustained_voice_candidate,['brief_voice_not_resolved']
rec_80a9d856213ca912,session13/Camera-2024-07-08-143054-143035,1,True,1_sustained_voice_candidate,['brief_voice_not_resolved']
rec_4661d26bcb39df72,session13/Camera-2024-07-08-151240-151227,1,True,1_sustained_voice_candidate,[]
rec_dc3ea24c98bbc752,session13/Camera-2024-07-09-100427-100257,1,True,1_sustained_voice_candidate,['brief_voice_not_resolved']
rec_e64af2f1feafbb8c,session13/Camera-2024-07-09-104540-104439,1,True,1_sustained_voice_candidate,['brief_voice_not_resolved']
rec_9f375643554490d2,session13/Camera-2024-07-09-111741-111806,1,True,1_sustained_voice_candidate,['brief_voice_not_resolved']
rec_3e2e424e70d7ec9b,session13/Camera-2024-07-09-134253-134210,1,True,1_sustained_voice_candidate,['brief_voice_not_resolved']
rec_6320fefcd507cb8a,session13/Camera-2024-07-09-142938-142853,1,True,1_sustained_voice_candidate,['brief_voice_not_resolved']
rec_4d3e0075d8049cd4,session13/Camera-2024-07-09-151245-151110,1,False,uncertain,"['brief_voice_not_resolved', 'neighbor_sensitivity', 'partition_sensitivity']"
rec_41695977025cf85d,session13/Camera-2024-07-10-134814-134720,1,False,uncertain,"['neighbor_sensitivity', 'partition_sensitivity']"
rec_aeadf828068843d4,session13/Camera-2024-07-10-142319-142203,1,True,1_sustained_voice_candidate,[]
rec_8250bb1fe5c2a5b5,session13/Camera-2024-07-10-150927-150804,1,True,1_sustained_voice_candidate,[]
rec_df7bb4fd69e3c133,session13/Camera-2024-07-10-154722-154626,1,True,1_sustained_voice_candidate,[]
rec_bc9e7a6c314af001,session13/Camera-2024-07-11-094209-094215,1,True,1_sustained_voice_candidate,['brief_voice_not_resolved']
rec_95e4d0264538b93a,session13/Camera-2024-07-11-103159-103100,1,True,1_sustained_voice_candidate,['brief_voice_not_resolved']
rec_86ba338b7739c756,session13/Camera-2024-07-11-111326-111141,2,False,uncertain,"['brief_voice_not_resolved', 'neighbor_sensitivity', 'partition_sensitivity']"
rec_0106acf6cba5ba89,session13/Camera-2024-07-11-120318-120232,1,True,1_sustained_voice_candidate,['brief_voice_not_resolved']
rec_70ed09137f3552a5,session13/Camera-2024-07-11-134401-134311,1,True,1_sustained_voice_candidate,['brief_voice_not_resolved']
rec_4ed3bb16ae0a71e3,session13/Camera-2024-07-11-142837-142758,1,True,1_sustained_voice_candidate,['brief_voice_not_resolved']
rec_381705c94fbf337b,session13/Camera-2024-07-11-154330-154400,1,True,1_sustained_voice_candidate,['brief_voice_not_resolved']
rec_d6311c0df987d7fb,session13/Camera-2024-07-11-161602-161527,1,False,uncertain,"['neighbor_sensitivity', 'partition_sensitivity']"
rec_4cda592ea7da9455,session13/Camera-2024-07-16-134902-134937,1,True,1_sustained_voice_candidate,[]
rec_8c817218aeb3f030,session13/Camera-2024-07-16-143113-143143,1,True,1_sustained_voice_candidate,[]
rec_5ca0297c2423bc49,session13/Camera-2024-07-16-152105-152147,1,True,1_sustained_voice_candidate,['brief_voice_not_resolved']
rec_acbe221bbb4f37bf,session13/Camera-2024-07-16-160716-160749,1,True,1_sustained_voice_candidate,['brief_voice_not_resolved']
rec_2848003d64175c95,session13/Camera-2024-07-17-104338-104241,1,True,1_sustained_voice_candidate,['brief_voice_not_resolved']
rec_7bca02e15ff0f0e1,session13/Camera-2024-07-17-112836-112807,2,False,uncertain,['small_cluster']
rec_9c6e250cb21789f2,session13/Camera-2024-07-17-121257-121235,,False,uncertain,"['brief_voice_not_resolved', 'insufficient_evidence']"
rec_29d2c4b2d656a34d,session13/Camera-2024-07-19-143058-143036,1,True,1_sustained_voice_candidate,['brief_voice_not_resolved']
rec_fe25f91955b1df16,session13/Camera-2024-07-19-151039-150947,1,True,1_sustained_voice_candidate,['brief_voice_not_resolved']
rec_b4c39606b3b850c0,session13/Camera-2024-07-22-093331-093420,1,True,1_sustained_voice_candidate,['brief_voice_not_resolved']
rec_56ce6f0630118390,session13/Camera-2024-07-22-103025-103101,2,True,2_sustained_voice_candidate,['brief_voice_not_resolved']
rec_3b3f922c6ae6ed34,session13/Camera-2024-07-22-111042-111140,1,True,1_sustained_voice_candidate,['brief_voice_not_resolved']
rec_a6d2a39afcd351af,session13/Camera-2024-07-22-132508-132549,2,False,uncertain,"['neighbor_sensitivity', 'partition_sensitivity']"
rec_6484e99b129755eb,session13/Camera-2024-07-22-135929-140003,1,True,1_sustained_voice_candidate,['brief_voice_not_resolved']
rec_448c35eabba873c0,session13/Camera-2024-07-22-143349-143428,2,False,uncertain,"['brief_voice_not_resolved', 'neighbor_sensitivity', 'partition_sensitivity']"
rec_462e0c7580d6fca8,session13/Camera-2024-07-22-155059-155140,1,True,1_sustained_voice_candidate,['brief_voice_not_resolved']
rec_28800bfed0ec0bb0,session13/Camera-2024-07-24-095443-095420,1,True,1_sustained_voice_candidate,['brief_voice_not_resolved']
rec_f6c34861960212e4,session13/Camera-2024-07-24-103011-103000,1,True,1_sustained_voice_candidate,['brief_voice_not_resolved']
rec_59343a2a1ac76b13,session13/Camera-2024-07-24-110700-110644,1,True,1_sustained_voice_candidate,[]
rec_b032ce63cfcc4261,session13/Camera-2024-07-24-114427-114339,1,True,1_sustained_voice_candidate,[]
rec_56191423691c4d18,session13/Camera-2024-07-25-155256-155217,1,True,1_sustained_voice_candidate,['brief_voice_not_resolved']
rec_1b8574fe863b9dee,session13/Camera-2024-07-25-162817-162715,1,True,1_sustained_voice_candidate,['brief_voice_not_resolved']
rec_5a6582473b13ddf3,session13/Camera-2024-07-26-103222-103252,1,True,1_sustained_voice_candidate,['brief_voice_not_resolved']
rec_910fb84c874f05ab,session13/Camera-2024-07-26-110838-110914,1,True,1_sustained_voice_candidate,['brief_voice_not_resolved']
rec_9127bcb546b95a1c,session13/Camera-2024-07-26-120608-120642,1,True,1_sustained_voice_candidate,['brief_voice_not_resolved']
rec_9b7960c1a2ed8edb,session13/Camera-2024-07-29-135410-135329,1,True,1_sustained_voice_candidate,['brief_voice_not_resolved']
rec_1b720558fcd2b92d,session13/Camera-2024-07-29-143941-143856,1,True,1_sustained_voice_candidate,[]
rec_a9427657c1cbfb9e,session13/Camera-2024-07-29-150955-150932,2,False,uncertain,"['brief_voice_not_resolved', 'small_cluster']"
rec_c05f7ea45f83c8d2,session13/Camera-2024-07-29-160525-160426,2,True,2_sustained_voice_candidate,['brief_voice_not_resolved']
rec_e6690b27fe94c5ea,session13/Camera-2024-07-29-163415-163339,1,True,1_sustained_voice_candidate,[]
rec_7bad33336d71b856,session13/Camera-2024-07-30-110806-110844,1,True,1_sustained_voice_candidate,['brief_voice_not_resolved']
rec_ea5df812e1f7f978,session13/Camera-2024-07-30-114103-114135,1,True,1_sustained_voice_candidate,['brief_voice_not_resolved']
rec_bb9098d46edd2bb2,session13/Camera-2024-07-30-123234-123305,1,True,1_sustained_voice_candidate,[]
rec_09bf060a4ac3094e,session13/Camera-2024-07-30-150921-151000,1,True,1_sustained_voice_candidate,['brief_voice_not_resolved']
rec_ed5cdca478a0ddcc,session13/Camera-2024-07-30-161637-161715,2,False,uncertain,"['brief_voice_not_resolved', 'small_cluster']"
rec_f5f226055f3d4616,session13/Camera-2024-07-31-102814-102840,1,True,1_sustained_voice_candidate,['brief_voice_not_resolved']
rec_e96ead3f5e519028,session13/Camera-2024-07-31-110521-110601,1,True,1_sustained_voice_candidate,['brief_voice_not_resolved']
rec_ff208520a5f2bdf9,session13/Camera-2024-07-31-114456-114534,1,True,1_sustained_voice_candidate,[]
rec_39c41b096a6172dc,session13/Camera-2024-07-31-135431-135505,1,True,1_sustained_voice_candidate,['brief_voice_not_resolved']
rec_ef9461d5947657eb,session13/Camera-2024-07-31-152258-152337,1,True,1_sustained_voice_candidate,['brief_voice_not_resolved']
rec_6cd807c12fc93a7c,session13/Camera-2024-07-31-172208-172241,1,True,1_sustained_voice_candidate,[]
rec_9f597756e4584773,session13/Camera-2024-08-08-153226-153307,1,True,1_sustained_voice_candidate,['brief_voice_not_resolved']
rec_2d8d280600c2bbd7,session13/Camera-2024-10-14-135007-134930,1,True,1_sustained_voice_candidate,['brief_voice_not_resolved']
rec_a3ddaa05996fec6c,session13/Camera-2024-10-14-143533-143358,1,True,1_sustained_voice_candidate,['brief_voice_not_resolved']
rec_b7ae12df9e8563ec,session13/Camera-2024-10-14-151541-151421,1,True,1_sustained_voice_candidate,['brief_voice_not_resolved']
rec_47b2335b51ff4b63,session13/Camera-2024-10-14-161029-160925,1,True,1_sustained_voice_candidate,['brief_voice_not_resolved']
rec_283c033471d955e5,session13/Camera-2024-10-15-094459-094548,1,True,1_sustained_voice_candidate,['brief_voice_not_resolved']
rec_ead81cae992f2633,session13/Camera-2024-10-15-102854-102945,1,True,1_sustained_voice_candidate,['brief_voice_not_resolved']
rec_cea5a207aff8ac14,session13/Camera-2024-10-15-111253-111325,1,True,1_sustained_voice_candidate,[]
rec_24ffe7b247346592,session13/Camera-2024-10-21-103126-103143,1,True,1_sustained_voice_candidate,['brief_voice_not_resolved']
rec_22023e954a4bb370,session13/Camera-2024-10-21-112420-112230,1,True,1_sustained_voice_candidate,[]
rec_94f2a740477b6eab,session13/Camera-2024-10-21-121606-121455,2,False,uncertain,"['brief_voice_not_resolved', 'small_cluster']"
rec_b47ba7341f4b1a15,session13/Camera-2024-10-21-125749-125756,1,False,uncertain,"['brief_voice_not_resolved', 'neighbor_sensitivity', 'partition_sensitivity']"
rec_8c07d5316d36247b,session13/Camera-2024-10-22-103728-103815,1,True,1_sustained_voice_candidate,['brief_voice_not_resolved']
rec_538692a6122cef55,session13/Camera-2024-10-22-115558-115626,1,True,1_sustained_voice_candidate,['brief_voice_not_resolved']
rec_a8ef84c20b9c9038,session13/Camera-2024-10-22-123739-123750,1,True,1_sustained_voice_candidate,['brief_voice_not_resolved']
rec_9513de9dd8ae2068,session13/Camera-2024-10-22-153434-153503,1,True,1_sustained_voice_candidate,[]
rec_06bf126850c104d4,session13/Camera-2024-10-22-161742-161747,1,True,1_sustained_voice_candidate,['brief_voice_not_resolved']
rec_976d6bf7920e978c,session13/Camera-2024-10-22-165256-165322,1,True,1_sustained_voice_candidate,['brief_voice_not_resolved']
rec_55dfae5a2d0a5ef2,session13/Camera-2024-10-22-173423-173423,1,True,1_sustained_voice_candidate,['brief_voice_not_resolved']
rec_8e8bd74f97b25d41,session13/Camera-2024-10-23-134159-134313,2,False,uncertain,['small_cluster']
rec_ca8c3f2603501333,session13/Camera-2024-10-23-143154-143223,1,True,1_sustained_voice_candidate,['brief_voice_not_resolved']
rec_1ad30fa986dd0c00,session13/Camera-2024-10-23-151539-151613,1,True,1_sustained_voice_candidate,['brief_voice_not_resolved']
rec_4a8c2a3f1e754594,session13/Camera-2024-10-23-155518-155524,1,True,1_sustained_voice_candidate,['brief_voice_not_resolved']
rec_251cf6d6ee11d4c7,session14/Camera-2024-06-21-103121-103102,1,True,1_sustained_voice_candidate,['brief_voice_not_resolved']
rec_73ea054d22468452,session14/Camera-2024-06-26-093649-093642,1,True,1_sustained_voice_candidate,[]
rec_a198a7545962c6d5,session14/Camera-2024-06-26-105024-105025,1,True,1_sustained_voice_candidate,['brief_voice_not_resolved']
rec_e7ff084be25ef78f,session14/Camera-2024-06-26-122334-122317,1,True,1_sustained_voice_candidate,['brief_voice_not_resolved']
rec_5350af18f9abaf35,session14/Camera-2024-06-26-151459-151413,1,True,1_sustained_voice_candidate,['brief_voice_not_resolved']
rec_5290c321041c11ce,session14/Camera-2024-06-26-160214-160213,1,True,1_sustained_voice_candidate,[]
rec_cccaf588b1c8deb4,session14/Camera-2024-06-28-103912-104008,2,False,uncertain,"['brief_voice_not_resolved', 'neighbor_sensitivity', 'partition_sensitivity', 'small_cluster']"
rec_a0a8d8ccb4150722,session14/Camera-2024-06-28-112322-112419,1,True,1_sustained_voice_candidate,[]
rec_58a5272af229974e,session14/Camera-2024-06-28-120152-120208,2,False,uncertain,"['brief_voice_not_resolved', 'small_cluster']"
rec_0a53d67b9724c3d7,session14/Camera-2024-06-28-153101-153104,1,True,1_sustained_voice_candidate,['brief_voice_not_resolved']
rec_f2eb4c59968c8221,session14/Camera-2024-06-28-160651-160703,1,False,uncertain,"['brief_voice_not_resolved', 'neighbor_sensitivity', 'partition_sensitivity']"
rec_965abd723cb08cb8,session14/Camera-2024-06-28-164549-164628,1,True,1_sustained_voice_candidate,['brief_voice_not_resolved']
rec_4dc859b788666ddc,session14/Camera-2024-07-04-103805-103835,1,True,1_sustained_voice_candidate,['brief_voice_not_resolved']
rec_51f5569bed2bd294,session14/Camera-2024-07-04-112307-112347,1,True,1_sustained_voice_candidate,['brief_voice_not_resolved']
rec_881e159ed277e3f2,session14/Camera-2024-07-04-120006-120008,1,True,1_sustained_voice_candidate,[]
rec_35d0e18ba8796e0a,session14/Camera-2024-07-08-120627-120613,1,True,1_sustained_voice_candidate,[]
rec_276f3993140de51e,session14/Camera-2024-07-08-143054-143035,1,False,uncertain,"['brief_voice_not_resolved', 'neighbor_sensitivity', 'partition_sensitivity']"
rec_5c540c358bf075de,session14/Camera-2024-07-08-151240-151227,1,True,1_sustained_voice_candidate,[]
rec_194b8b004c6bfea0,session14/Camera-2024-07-09-100427-100257,2,False,uncertain,"['brief_voice_not_resolved', 'neighbor_sensitivity', 'partition_sensitivity']"
rec_1eccc2794ec69c95,session14/Camera-2024-07-09-104540-104439,1,True,1_sustained_voice_candidate,[]
rec_b346d902b3fc09b1,session14/Camera-2024-07-09-111741-111806,,False,uncertain,"['brief_voice_not_resolved', 'insufficient_evidence']"
rec_9cb354c3d9057973,session14/Camera-2024-07-09-134253-134210,1,True,1_sustained_voice_candidate,['brief_voice_not_resolved']
rec_ce1367ae25c89319,session14/Camera-2024-07-09-142938-142853,1,True,1_sustained_voice_candidate,['brief_voice_not_resolved']
rec_5b726ee059471f99,session14/Camera-2024-07-09-151245-151110,1,True,1_sustained_voice_candidate,['brief_voice_not_resolved']
rec_e514ab70f68ccf9b,session14/Camera-2024-07-10-134814-134720,1,True,1_sustained_voice_candidate,[]
rec_f6bbe388932771b8,session14/Camera-2024-07-10-142319-142203,1,True,1_sustained_voice_candidate,[]
rec_e8b9cd41147e291b,session14/Camera-2024-07-10-150927-150804,1,True,1_sustained_voice_candidate,[]
rec_1696ea23f133906c,session14/Camera-2024-07-10-154722-154626,2,False,uncertain,"['brief_voice_not_resolved', 'small_cluster']"
rec_927996ea519ccba1,session14/Camera-2024-07-11-094209-094215,2,False,uncertain,"['brief_voice_not_resolved', 'small_cluster']"
rec_f701b765bb889e74,session14/Camera-2024-07-11-103159-103100,1,True,1_sustained_voice_candidate,[]
rec_f4c710479da98a67,session14/Camera-2024-07-11-111326-111141,1,True,1_sustained_voice_candidate,['brief_voice_not_resolved']
rec_247f69b38913d86f,session14/Camera-2024-07-11-120318-120232,1,True,1_sustained_voice_candidate,['brief_voice_not_resolved']
rec_4d928ce599aeb9d1,session14/Camera-2024-07-11-134401-134311,1,True,1_sustained_voice_candidate,[]
rec_9ebf965494ce9fcb,session14/Camera-2024-07-11-142837-142758,1,True,1_sustained_voice_candidate,[]
rec_b878232fbf7e9287,session14/Camera-2024-07-11-154330-154400,1,True,1_sustained_voice_candidate,['brief_voice_not_resolved']
rec_1f0e3720cb2a522a,session14/Camera-2024-07-11-161602-161527,1,True,1_sustained_voice_candidate,[]
rec_97564ecd605bb5ca,session14/Camera-2024-07-16-134902-134937,1,False,uncertain,"['brief_voice_not_resolved', 'neighbor_sensitivity', 'partition_sensitivity']"
rec_92f708056314c1b1,session14/Camera-2024-07-16-143113-143143,1,True,1_sustained_voice_candidate,[]
rec_bd57915efa157427,session14/Camera-2024-07-16-152105-152147,1,True,1_sustained_voice_candidate,[]
rec_9c25f02515e6fa45,session14/Camera-2024-07-16-160716-160749,2,True,2_sustained_voice_candidate,['brief_voice_not_resolved']
rec_c109b61756a89659,session14/Camera-2024-07-17-104338-104241,2,False,uncertain,"['brief_voice_not_resolved', 'partition_sensitivity']"
rec_56be01ccef757e13,session14/Camera-2024-07-17-112836-112807,,False,uncertain,"['brief_voice_not_resolved', 'insufficient_evidence']"
rec_7a1d526ac53bfebc,session14/Camera-2024-07-17-121257-121235,1,True,1_sustained_voice_candidate,[]
rec_3e8573ddbee523fc,session14/Camera-2024-07-19-143058-143036,1,True,1_sustained_voice_candidate,['brief_voice_not_resolved']
rec_66a71f05a8537d9f,session14/Camera-2024-07-19-151039-150947,2,False,uncertain,['small_cluster']
rec_b92e6f3591e8dbed,session14/Camera-2024-07-22-093331-093420,1,True,1_sustained_voice_candidate,[]
rec_b8e1a064bb22894f,session14/Camera-2024-07-22-103025-103101,1,True,1_sustained_voice_candidate,['brief_voice_not_resolved']
rec_77f928727b5e98e8,session14/Camera-2024-07-22-111042-111140,1,True,1_sustained_voice_candidate,[]
rec_5a3aa4c4c90774cb,session14/Camera-2024-07-22-132508-132549,1,True,1_sustained_voice_candidate,['brief_voice_not_resolved']
rec_c37318b72502dd42,session14/Camera-2024-07-22-135929-140003,1,False,uncertain,"['brief_voice_not_resolved', 'neighbor_sensitivity', 'partition_sensitivity']"
rec_a4c1d35ed7f9dff4,session14/Camera-2024-07-22-143349-143428,1,True,1_sustained_voice_candidate,['brief_voice_not_resolved']
rec_aa54c86b9cf348db,session14/Camera-2024-07-22-155059-155140,2,False,uncertain,"['brief_voice_not_resolved', 'small_cluster']"
rec_c8062cf97162991d,session14/Camera-2024-07-24-095443-095420,1,True,1_sustained_voice_candidate,['brief_voice_not_resolved']
rec_999852ca6511883d,session14/Camera-2024-07-24-103011-103000,1,True,1_sustained_voice_candidate,[]
rec_5eb29eb1cb3c4f31,session14/Camera-2024-07-24-110700-110644,1,True,1_sustained_voice_candidate,['brief_voice_not_resolved']
rec_cb0fd739c34836ad,session14/Camera-2024-07-24-114427-114339,1,True,1_sustained_voice_candidate,['brief_voice_not_resolved']
rec_d130490844d63154,session14/Camera-2024-07-25-155256-155217,1,True,1_sustained_voice_candidate,['brief_voice_not_resolved']
rec_33e7e3a2b625001f,session14/Camera-2024-07-25-162817-162715,1,False,uncertain,"['brief_voice_not_resolved', 'neighbor_sensitivity', 'partition_sensitivity']"
rec_c1f822b356ef35a9,session14/Camera-2024-07-26-103222-103252,1,True,1_sustained_voice_candidate,['brief_voice_not_resolved']
rec_619aec04734de04e,session14/Camera-2024-07-26-110838-110914,2,False,uncertain,['small_cluster']
rec_2df7b5fff914a70b,session14/Camera-2024-07-26-120608-120642,1,False,uncertain,"['brief_voice_not_resolved', 'neighbor_sensitivity', 'partition_sensitivity']"
rec_7ef5e5bb61932400,session14/Camera-2024-07-29-135410-135329,1,True,1_sustained_voice_candidate,['brief_voice_not_resolved']
rec_760c63dca6df6776,session14/Camera-2024-07-29-143941-143856,1,True,1_sustained_voice_candidate,['brief_voice_not_resolved']
rec_a5d1a81611ddab0d,session14/Camera-2024-07-29-150955-150932,2,False,uncertain,"['brief_voice_not_resolved', 'insufficient_evidence', 'small_cluster']"
rec_7c9ce1cb99892262,session14/Camera-2024-07-29-160525-160426,2,False,uncertain,"['insufficient_evidence', 'small_cluster']"
rec_15d1689ece18f8a0,session14/Camera-2024-07-29-163415-163339,1,True,1_sustained_voice_candidate,['brief_voice_not_resolved']
rec_ae517e58edeea306,session14/Camera-2024-07-30-110806-110844,2,False,uncertain,"['brief_voice_not_resolved', 'partition_sensitivity']"
rec_bc199f6e06febe6c,session14/Camera-2024-07-30-114103-114135,1,True,1_sustained_voice_candidate,['brief_voice_not_resolved']
rec_8dc773b102402399,session14/Camera-2024-07-30-123234-123305,1,False,uncertain,"['neighbor_sensitivity', 'partition_sensitivity']"
rec_ce67fb392fd55421,session14/Camera-2024-07-30-154819-154923,1,True,1_sustained_voice_candidate,['brief_voice_not_resolved']
rec_0eafd524e58a4f74,session14/Camera-2024-07-30-161637-161715,1,True,1_sustained_voice_candidate,['brief_voice_not_resolved']
rec_7f844f437abf8331,session14/Camera-2024-07-31-102814-102840,1,True,1_sustained_voice_candidate,['brief_voice_not_resolved']
rec_1b42a59696cc509e,session14/Camera-2024-07-31-110521-110601,1,True,1_sustained_voice_candidate,['brief_voice_not_resolved']
rec_2dbb4e4df7aa9834,session14/Camera-2024-07-31-114456-114534,1,True,1_sustained_voice_candidate,[]
rec_77c18f2a27750a3d,session14/Camera-2024-07-31-135431-135505,1,True,1_sustained_voice_candidate,['brief_voice_not_resolved']
rec_24a8feabbb7e2b96,session14/Camera-2024-07-31-152258-152337,1,True,1_sustained_voice_candidate,['brief_voice_not_resolved']
rec_2697a8b99513770c,session14/Camera-2024-07-31-172208-172241,1,True,1_sustained_voice_candidate,['brief_voice_not_resolved']
rec_0eaa861d288f1fe2,session14/Camera-2024-08-08-153226-153307,1,True,1_sustained_voice_candidate,['brief_voice_not_resolved']
rec_4fb2dc89b20758c8,session14/Camera-2024-10-14-135007-134930,1,True,1_sustained_voice_candidate,[]
rec_729d9ce022b51cb0,session14/Camera-2024-10-14-143533-143358,2,True,2_sustained_voice_candidate,[]
rec_68b438c7e5e8f438,session14/Camera-2024-10-14-151541-151421,1,True,1_sustained_voice_candidate,['brief_voice_not_resolved']
rec_7a00e7e9c472aab3,session14/Camera-2024-10-14-161029-160925,1,True,1_sustained_voice_candidate,['brief_voice_not_resolved']
rec_2c50f19cd881c1a0,session14/Camera-2024-10-15-094459-094548,1,False,uncertain,"['brief_voice_not_resolved', 'neighbor_sensitivity', 'partition_sensitivity']"
rec_aad90d1fa527762d,session14/Camera-2024-10-15-102854-102945,1,True,1_sustained_voice_candidate,[]
rec_5ca52b20685cecd5,session14/Camera-2024-10-15-111253-111325,1,True,1_sustained_voice_candidate,['brief_voice_not_resolved']
rec_4042156d191ccae6,session14/Camera-2024-10-21-103126-103143,2,True,2_sustained_voice_candidate,['brief_voice_not_resolved']
rec_2f9eb1b40ad1c400,session14/Camera-2024-10-21-112420-112230,1,True,1_sustained_voice_candidate,['brief_voice_not_resolved']
rec_9ff8981586e3d55a,session14/Camera-2024-10-21-121606-121455,1,True,1_sustained_voice_candidate,['brief_voice_not_resolved']
rec_5e55c8dc29349df3,session14/Camera-2024-10-21-125749-125756,1,True,1_sustained_voice_candidate,['brief_voice_not_resolved']
rec_99dc60084af758e4,session14/Camera-2024-10-22-103728-103815,1,True,1_sustained_voice_candidate,['brief_voice_not_resolved']
rec_c5fc80083ffec9a6,session14/Camera-2024-10-22-115558-115626,1,True,1_sustained_voice_candidate,[]
rec_d133968259cb4b7a,session14/Camera-2024-10-22-123739-123750,1,True,1_sustained_voice_candidate,[]
rec_ac18a95979161aa0,session14/Camera-2024-10-22-153434-153503,1,False,uncertain,"['brief_voice_not_resolved', 'neighbor_sensitivity', 'partition_sensitivity']"
rec_f69266672d7dc69e,session14/Camera-2024-10-22-161742-161747,1,True,1_sustained_voice_candidate,[]
rec_817659a8a4fb2296,session14/Camera-2024-10-22-165256-165322,2,False,uncertain,['partition_sensitivity']
rec_d8b631cfa8ea6e46,session14/Camera-2024-10-22-173423-173423,1,False,uncertain,"['neighbor_sensitivity', 'partition_sensitivity']"
rec_901acf9ebc463509,session14/Camera-2024-10-23-134159-134313,,False,uncertain,['insufficient_evidence']
rec_de9ce3e4f75be18a,session14/Camera-2024-10-23-143154-143223,1,True,1_sustained_voice_candidate,['brief_voice_not_resolved']
rec_ba116566491794f5,session14/Camera-2024-10-23-151539-151613,1,False,uncertain,"['brief_voice_not_resolved', 'neighbor_sensitivity', 'partition_sensitivity']"
rec_04c186e07ee30977,session14/Camera-2024-10-23-155518-155524,2,False,uncertain,"['neighbor_sensitivity', 'partition_sensitivity']"
rec_f221a071c2804381,session15/Camera-2024-06-21-103121-103102,1,False,uncertain,"['brief_voice_not_resolved', 'neighbor_sensitivity', 'partition_sensitivity']"
rec_f75ae74fd0738684,session15/Camera-2024-06-26-093649-093642,1,True,1_sustained_voice_candidate,[]
rec_edf6bf4698ce92e2,session15/Camera-2024-06-26-105024-105025,1,True,1_sustained_voice_candidate,['brief_voice_not_resolved']
rec_7ab45c3a31766b99,session15/Camera-2024-06-26-122334-122317,1,True,1_sustained_voice_candidate,['brief_voice_not_resolved']
rec_7024f0bf27f927ba,session15/Camera-2024-06-26-151459-151413,1,True,1_sustained_voice_candidate,['brief_voice_not_resolved']
rec_ce4fd7607c442df7,session15/Camera-2024-06-26-160214-160213,1,True,1_sustained_voice_candidate,['brief_voice_not_resolved']
rec_7cd27acabda70100,session15/Camera-2024-06-28-103912-104008,1,True,1_sustained_voice_candidate,[]
rec_bb550d37ad6860ad,session15/Camera-2024-06-28-112322-112419,1,False,uncertain,['insufficient_evidence']
rec_9f1c5d82db0f5395,session15/Camera-2024-06-28-120152-120208,1,True,1_sustained_voice_candidate,[]
rec_98cd8ce0e1b2b6b9,session15/Camera-2024-06-28-153101-153104,1,False,uncertain,"['neighbor_sensitivity', 'partition_sensitivity']"
rec_a32e32381b6ecf06,session15/Camera-2024-06-28-160651-160703,1,True,1_sustained_voice_candidate,['brief_voice_not_resolved']
rec_bfe4767c7f5f3d5b,session15/Camera-2024-06-28-164549-164628,1,True,1_sustained_voice_candidate,['brief_voice_not_resolved']
rec_161854d6b2421aa1,session15/Camera-2024-07-04-103805-103835,1,True,1_sustained_voice_candidate,['brief_voice_not_resolved']
rec_f8e3267f95d19d05,session15/Camera-2024-07-04-112307-112347,1,True,1_sustained_voice_candidate,['brief_voice_not_resolved']
rec_f41a98bc27fe2d11,session15/Camera-2024-07-04-120006-120008,1,True,1_sustained_voice_candidate,['brief_voice_not_resolved']
rec_c6a2941d23a70327,session15/Camera-2024-07-08-120627-120613,1,False,uncertain,"['brief_voice_not_resolved', 'neighbor_sensitivity', 'partition_sensitivity']"
rec_af2751276708a239,session15/Camera-2024-07-08-143054-143035,1,True,1_sustained_voice_candidate,[]
rec_6b6012b3bd2fe0ce,session15/Camera-2024-07-08-151240-151227,2,False,uncertain,"['neighbor_sensitivity', 'partition_sensitivity']"
rec_6b826ffc10eded3f,session15/Camera-2024-07-09-100427-100257,1,True,1_sustained_voice_candidate,['brief_voice_not_resolved']
rec_3643f8d6f0157484,session15/Camera-2024-07-09-104540-104439,1,False,uncertain,"['brief_voice_not_resolved', 'neighbor_sensitivity', 'partition_sensitivity']"
rec_9a50587f68a1fba5,session15/Camera-2024-07-09-111741-111806,1,False,uncertain,"['brief_voice_not_resolved', 'neighbor_sensitivity', 'partition_sensitivity']"
rec_f5687ac34c9e8072,session15/Camera-2024-07-09-134253-134210,1,True,1_sustained_voice_candidate,['brief_voice_not_resolved']
rec_68c6310376022a27,session15/Camera-2024-07-09-142938-142853,1,True,1_sustained_voice_candidate,[]
rec_504141165fd8d3db,session15/Camera-2024-07-09-151245-151110,2,False,uncertain,"['neighbor_sensitivity', 'partition_sensitivity']"
rec_5599e6a82d88e3c1,session15/Camera-2024-07-10-134814-134720,1,True,1_sustained_voice_candidate,['brief_voice_not_resolved']
rec_3e85e6320dbc48d0,session15/Camera-2024-07-10-142319-142203,2,False,uncertain,"['brief_voice_not_resolved', 'neighbor_sensitivity', 'partition_sensitivity']"
rec_c46af7d0ba70dc19,session15/Camera-2024-07-10-150927-150804,2,False,uncertain,['small_cluster']
rec_8b624c3ec010e06d,session15/Camera-2024-07-10-154722-154626,1,True,1_sustained_voice_candidate,[]
rec_7d4f5bca5a89305c,session15/Camera-2024-07-11-103159-103100,1,True,1_sustained_voice_candidate,['brief_voice_not_resolved']
rec_4992c9df28e6ce48,session15/Camera-2024-07-11-111326-111141,1,False,uncertain,"['brief_voice_not_resolved', 'neighbor_sensitivity', 'partition_sensitivity']"
rec_28a4f3315a469268,session15/Camera-2024-07-11-120318-120232,1,True,1_sustained_voice_candidate,['brief_voice_not_resolved']
rec_328ddd9d6fcf79c9,session15/Camera-2024-07-11-134401-134311,1,False,uncertain,"['neighbor_sensitivity', 'partition_sensitivity']"
rec_df32bb57b511d7ea,session15/Camera-2024-07-11-142837-142758,1,True,1_sustained_voice_candidate,['brief_voice_not_resolved']
rec_9dd315c46d623b63,session15/Camera-2024-07-11-154330-154400,1,True,1_sustained_voice_candidate,['brief_voice_not_resolved']
rec_40b873ceb4d36880,session15/Camera-2024-07-11-161602-161527,1,True,1_sustained_voice_candidate,[]
rec_6a7be2b28a85831a,session15/Camera-2024-07-16-134902-134937,1,True,1_sustained_voice_candidate,[]
rec_4b240f1c42757d9f,session15/Camera-2024-07-16-143113-143143,,False,uncertain,['insufficient_evidence']
rec_d284c7bd23f05b72,session15/Camera-2024-07-16-152105-152147,,False,uncertain,"['brief_voice_not_resolved', 'insufficient_evidence']"
rec_52986cc5490a9a2f,session15/Camera-2024-07-16-160716-160749,1,True,1_sustained_voice_candidate,['brief_voice_not_resolved']
rec_59449e1775963ef4,session15/Camera-2024-07-17-104338-104241,1,True,1_sustained_voice_candidate,[]
rec_2e3280e337efbe69,session15/Camera-2024-07-17-112836-112807,1,True,1_sustained_voice_candidate,['brief_voice_not_resolved']
rec_da5ac9d2080c97fe,session15/Camera-2024-07-17-121257-121235,,False,uncertain,"['brief_voice_not_resolved', 'insufficient_evidence']"
rec_2e75c94567350cbf,session15/Camera-2024-07-19-143058-143036,1,True,1_sustained_voice_candidate,[]
rec_25ed4196eb014195,session15/Camera-2024-07-19-151039-150947,1,True,1_sustained_voice_candidate,['brief_voice_not_resolved']
rec_6b8511b30947f3a3,session15/Camera-2024-07-22-093331-093420,1,True,1_sustained_voice_candidate,[]
rec_7cb863054aedc6ef,session15/Camera-2024-07-22-103025-103101,,False,uncertain,['insufficient_evidence']
rec_ebcd9e4fb93f8b9b,session15/Camera-2024-07-22-111042-111140,1,True,1_sustained_voice_candidate,['brief_voice_not_resolved']
rec_454158c22c0cecac,session15/Camera-2024-07-22-132508-132549,1,True,1_sustained_voice_candidate,['brief_voice_not_resolved']
rec_55a8c91e95e3e2fd,session15/Camera-2024-07-22-135929-140003,1,False,uncertain,"['brief_voice_not_resolved', 'neighbor_sensitivity', 'partition_sensitivity']"
rec_f676a0e03b4aad67,session15/Camera-2024-07-22-143349-143428,1,False,uncertain,"['neighbor_sensitivity', 'partition_sensitivity']"
rec_90a91c16cd2670f3,session15/Camera-2024-07-22-155059-155140,1,True,1_sustained_voice_candidate,['brief_voice_not_resolved']
rec_5727dc57d4d9db6f,session15/Camera-2024-07-24-095443-095420,1,True,1_sustained_voice_candidate,[]
rec_4d3bc3c21af231b4,session15/Camera-2024-07-24-103011-103000,1,True,1_sustained_voice_candidate,['brief_voice_not_resolved']
rec_4053a4aa427065bc,session15/Camera-2024-07-24-110700-110644,1,True,1_sustained_voice_candidate,['brief_voice_not_resolved']
rec_49151250136a88ea,session15/Camera-2024-07-24-114427-114339,1,True,1_sustained_voice_candidate,['brief_voice_not_resolved']
rec_e160795508036144,session15/Camera-2024-07-25-155256-155217,2,True,2_sustained_voice_candidate,['brief_voice_not_resolved']
rec_03c07915cd2c9426,session15/Camera-2024-07-25-162817-162715,1,True,1_sustained_voice_candidate,[]
rec_bfc5731f712e0fdc,session15/Camera-2024-07-26-103222-103252,1,True,1_sustained_voice_candidate,[]
rec_63a5c269ea4048cb,session15/Camera-2024-07-26-110838-110914,2,False,uncertain,"['insufficient_evidence', 'small_cluster']"
rec_e7e19061c256510f,session15/Camera-2024-07-26-120608-120642,,False,uncertain,"['brief_voice_not_resolved', 'insufficient_evidence']"
rec_a01db5f589e720f6,session15/Camera-2024-07-29-143941-143856,1,True,1_sustained_voice_candidate,['brief_voice_not_resolved']
rec_5ebf2a45d11eabb2,session15/Camera-2024-07-29-150955-150932,,False,uncertain,['insufficient_evidence']
rec_7429f8a90fa1f8dd,session15/Camera-2024-07-29-160525-160426,,False,uncertain,['insufficient_evidence']
rec_10f260968797c7c9,session15/Camera-2024-07-29-163415-163339,1,True,1_sustained_voice_candidate,['brief_voice_not_resolved']
rec_c924e57fa1a1fd44,session15/Camera-2024-07-30-110806-110844,1,False,uncertain,"['brief_voice_not_resolved', 'neighbor_sensitivity', 'partition_sensitivity']"
rec_99b614a47020db37,session15/Camera-2024-07-30-114103-114135,1,True,1_sustained_voice_candidate,[]
rec_c61281ad4c1d2da0,session15/Camera-2024-07-30-123234-123305,1,True,1_sustained_voice_candidate,[]
rec_aac9e8d14d9f0b8a,session15/Camera-2024-07-30-150921-151000,2,False,uncertain,"['brief_voice_not_resolved', 'small_cluster']"
rec_2c50ed3a204a51e1,session15/Camera-2024-07-30-154819-154923,,False,uncertain,['insufficient_evidence']
rec_6ca3eb775d6c189d,session15/Camera-2024-07-30-161637-161715,,False,uncertain,"['brief_voice_not_resolved', 'insufficient_evidence']"
rec_beb4ab5f447b2a92,session15/Camera-2024-07-31-102814-102840,1,True,1_sustained_voice_candidate,['brief_voice_not_resolved']
rec_3d86aae8f29e5d83,session15/Camera-2024-07-31-110521-110601,1,True,1_sustained_voice_candidate,['brief_voice_not_resolved']
rec_9592e3f5a4e54eec,session15/Camera-2024-07-31-114456-114534,1,True,1_sustained_voice_candidate,['brief_voice_not_resolved']
rec_6cd5c720f5efea76,session15/Camera-2024-07-31-135431-135505,1,True,1_sustained_voice_candidate,[]
rec_bc1a3d38c3ec544e,session15/Camera-2024-07-31-152258-152337,1,True,1_sustained_voice_candidate,['brief_voice_not_resolved']
rec_7045f76c82843695,session15/Camera-2024-07-31-172208-172241,1,True,1_sustained_voice_candidate,['brief_voice_not_resolved']
rec_9a141692b50bc389,session15/Camera-2024-08-08-153226-153307,1,True,1_sustained_voice_candidate,['brief_voice_not_resolved']
rec_03457c6ce465bf42,session15/Camera-2024-10-14-135007-134930,2,False,uncertain,"['brief_voice_not_resolved', 'partition_sensitivity']"
rec_7da6bb8140dd44b3,session15/Camera-2024-10-14-143533-143358,1,True,1_sustained_voice_candidate,[]
rec_4f0be8643a542891,session15/Camera-2024-10-14-151541-151421,1,True,1_sustained_voice_candidate,[]
rec_1b2e5c1ea73016e5,session15/Camera-2024-10-14-161029-160925,2,False,uncertain,['small_cluster']
rec_7b24355b65e17636,session15/Camera-2024-10-15-094459-094548,1,True,1_sustained_voice_candidate,['brief_voice_not_resolved']
rec_0330cc0ddbb6ed0b,session15/Camera-2024-10-15-102854-102945,1,True,1_sustained_voice_candidate,['brief_voice_not_resolved']
rec_038a8f9b2380b695,session15/Camera-2024-10-15-111253-111325,1,False,uncertain,"['brief_voice_not_resolved', 'neighbor_sensitivity', 'partition_sensitivity']"
rec_6ad8f2700602c521,session15/Camera-2024-10-21-103126-103143,1,True,1_sustained_voice_candidate,['brief_voice_not_resolved']
rec_59eaa3283c3d51db,session15/Camera-2024-10-21-112420-112230,2,False,uncertain,"['brief_voice_not_resolved', 'neighbor_sensitivity', 'partition_sensitivity', 'small_cluster']"
rec_e03bec87b9246710,session15/Camera-2024-10-21-121606-121455,2,True,2_sustained_voice_candidate,['brief_voice_not_resolved']
rec_2685300acb55abcb,session15/Camera-2024-10-21-125749-125756,1,True,1_sustained_voice_candidate,[]
rec_f27b10b9f528182e,session15/Camera-2024-10-22-103728-103815,1,False,uncertain,"['brief_voice_not_resolved', 'neighbor_sensitivity', 'partition_sensitivity']"
rec_f026ddbfb940d5f1,session15/Camera-2024-10-22-115558-115626,1,True,1_sustained_voice_candidate,['brief_voice_not_resolved']
rec_21820ab7222664fe,session15/Camera-2024-10-22-123739-123750,1,True,1_sustained_voice_candidate,['brief_voice_not_resolved']
rec_2ee6624b2e8f62f2,session15/Camera-2024-10-22-153434-153503,1,True,1_sustained_voice_candidate,['brief_voice_not_resolved']
rec_e0d38062666c1860,session15/Camera-2024-10-22-161742-161747,1,True,1_sustained_voice_candidate,[]
rec_16b361d2acaa8066,session15/Camera-2024-10-22-165256-165322,1,True,1_sustained_voice_candidate,[]
rec_48c843c05d0ca1a7,session15/Camera-2024-10-22-173423-173423,1,True,1_sustained_voice_candidate,['brief_voice_not_resolved']
rec_c9d9521bae81e5af,session15/Camera-2024-10-23-134159-134313,2,True,2_sustained_voice_candidate,['brief_voice_not_resolved']
rec_ee1acf7f492c5ed1,session15/Camera-2024-10-23-143154-143223,1,True,1_sustained_voice_candidate,[]
rec_2bce1bf54f630a78,session15/Camera-2024-10-23-151539-151613,1,True,1_sustained_voice_candidate,[]
rec_44ba0f017516e080,session15/Camera-2024-10-23-155518-155524,1,True,1_sustained_voice_candidate,['brief_voice_not_resolved']
rec_94b610145881054e,session16/Camera-2024-06-21-103121-103102,1,True,1_sustained_voice_candidate,['brief_voice_not_resolved']
rec_cd7829af4c2aae14,session16/Camera-2024-06-26-093649-093642,1,True,1_sustained_voice_candidate,['brief_voice_not_resolved']
rec_63968bf0fe253fee,session16/Camera-2024-06-26-105024-105025,1,True,1_sustained_voice_candidate,[]
rec_19722061ae58cf44,session16/Camera-2024-06-26-122334-122317,1,True,1_sustained_voice_candidate,[]
rec_a4a3b8082e96c9f6,session16/Camera-2024-06-26-151459-151413,1,True,1_sustained_voice_candidate,[]
rec_ddfaaf215c72a204,session16/Camera-2024-06-26-160214-160213,1,True,1_sustained_voice_candidate,['brief_voice_not_resolved']
rec_b9b9c1dd97147d87,session16/Camera-2024-06-28-103912-104008,1,False,uncertain,"['neighbor_sensitivity', 'partition_sensitivity']"
rec_5b63fde07917bb73,session16/Camera-2024-06-28-112322-112419,2,True,2_sustained_voice_candidate,[]
rec_bebb21fef89d4603,session16/Camera-2024-06-28-120152-120208,1,True,1_sustained_voice_candidate,[]
rec_d57c67bc110b86f8,session16/Camera-2024-06-28-153101-153104,1,True,1_sustained_voice_candidate,['brief_voice_not_resolved']
rec_4eee4bbdbea9c5d9,session16/Camera-2024-06-28-160651-160703,1,False,uncertain,"['brief_voice_not_resolved', 'neighbor_sensitivity', 'partition_sensitivity']"
rec_288e437452491ca9,session16/Camera-2024-06-28-164549-164628,1,False,uncertain,"['brief_voice_not_resolved', 'neighbor_sensitivity', 'partition_sensitivity']"
rec_8361367a2e9822da,session16/Camera-2024-07-04-103805-103835,1,True,1_sustained_voice_candidate,[]
rec_9dad79fcddf8bcf8,session16/Camera-2024-07-04-112307-112347,2,False,uncertain,"['brief_voice_not_resolved', 'small_cluster']"
rec_a232506b213a3648,session16/Camera-2024-07-04-120006-120008,1,True,1_sustained_voice_candidate,['brief_voice_not_resolved']
rec_a3895a1ac09d4f97,session16/Camera-2024-07-08-120627-120613,1,True,1_sustained_voice_candidate,['brief_voice_not_resolved']
rec_cb7e6dd24ccfb157,session16/Camera-2024-07-08-143054-143035,1,True,1_sustained_voice_candidate,['brief_voice_not_resolved']
rec_aca8fbcec33c9364,session16/Camera-2024-07-08-151240-151227,1,True,1_sustained_voice_candidate,['brief_voice_not_resolved']
rec_400c533e36a1bf15,session16/Camera-2024-07-09-100427-100257,1,False,uncertain,"['brief_voice_not_resolved', 'neighbor_sensitivity', 'partition_sensitivity']"
rec_dd86f002da1db879,session16/Camera-2024-07-09-104540-104439,1,True,1_sustained_voice_candidate,['brief_voice_not_resolved']
rec_ae963d7870ff9ac7,session16/Camera-2024-07-09-111741-111806,1,True,1_sustained_voice_candidate,[]
rec_2520d5f4d0fc0244,session16/Camera-2024-07-09-134253-134210,2,False,uncertain,"['brief_voice_not_resolved', 'small_cluster']"
rec_234945f0737c10f0,session16/Camera-2024-07-09-142938-142853,2,False,uncertain,"['brief_voice_not_resolved', 'insufficient_evidence', 'small_cluster']"
rec_cab9fe1c717a0f97,session16/Camera-2024-07-09-151245-151110,1,True,1_sustained_voice_candidate,['brief_voice_not_resolved']
rec_309f25721c227418,session16/Camera-2024-07-10-134814-134720,1,True,1_sustained_voice_candidate,['brief_voice_not_resolved']
rec_846643c2deec28da,session16/Camera-2024-07-10-142319-142203,1,True,1_sustained_voice_candidate,['brief_voice_not_resolved']
rec_13d41903bd7533c8,session16/Camera-2024-07-10-150927-150804,2,False,uncertain,"['neighbor_sensitivity', 'partition_sensitivity']"
rec_57e2771ebb263425,session16/Camera-2024-07-10-154722-154626,1,True,1_sustained_voice_candidate,[]
rec_2305976542b27db7,session16/Camera-2024-07-11-094209-094215,1,True,1_sustained_voice_candidate,['brief_voice_not_resolved']
rec_8860c62e248b5a0b,session16/Camera-2024-07-11-103159-103100,1,True,1_sustained_voice_candidate,['brief_voice_not_resolved']
rec_8753f11c9f50290b,session16/Camera-2024-07-11-111326-111141,2,False,uncertain,"['brief_voice_not_resolved', 'small_cluster']"
rec_460b53b8bd7ef4e1,session16/Camera-2024-07-11-120318-120232,1,True,1_sustained_voice_candidate,['brief_voice_not_resolved']
rec_771f7b9d957c57db,session16/Camera-2024-07-11-134401-134311,1,True,1_sustained_voice_candidate,['brief_voice_not_resolved']
rec_8eb3c5470b1c2eb4,session16/Camera-2024-07-11-142837-142758,1,True,1_sustained_voice_candidate,['brief_voice_not_resolved']
rec_89e6bf3d4e300b82,session16/Camera-2024-07-11-154330-154400,1,True,1_sustained_voice_candidate,['brief_voice_not_resolved']
rec_45b53c9e047e125a,session16/Camera-2024-07-11-161602-161527,1,True,1_sustained_voice_candidate,['brief_voice_not_resolved']
rec_5ff47d4de791ab3a,session16/Camera-2024-07-16-134902-134937,2,True,2_sustained_voice_candidate,[]
rec_708bb7d3440c7c92,session16/Camera-2024-07-16-143113-143143,2,False,uncertain,"['insufficient_evidence', 'small_cluster']"
rec_f7265daf6213116c,session16/Camera-2024-07-16-152105-152147,1,True,1_sustained_voice_candidate,['brief_voice_not_resolved']
rec_e676546185bcf26b,session16/Camera-2024-07-16-160716-160749,,False,uncertain,['insufficient_evidence']
rec_48936c6cdf25dbd2,session16/Camera-2024-07-17-104338-104241,2,False,uncertain,"['insufficient_evidence', 'small_cluster']"
rec_87cb2e1c795b907f,session16/Camera-2024-07-17-112836-112807,1,True,1_sustained_voice_candidate,['brief_voice_not_resolved']
rec_949de80b1cbaace4,session16/Camera-2024-07-17-121257-121235,1,True,1_sustained_voice_candidate,['brief_voice_not_resolved']
rec_216405440c78a12b,session16/Camera-2024-07-19-143058-143036,1,True,1_sustained_voice_candidate,[]
rec_663404b345066a45,session16/Camera-2024-07-19-151039-150947,1,True,1_sustained_voice_candidate,[]
rec_0dfaff28ef38cdc9,session16/Camera-2024-07-22-093331-093420,2,False,uncertain,"['brief_voice_not_resolved', 'small_cluster']"
rec_b5139ba4e17e30e4,session16/Camera-2024-07-22-103025-103101,1,True,1_sustained_voice_candidate,['brief_voice_not_resolved']
rec_1e13a10652a7bd3f,session16/Camera-2024-07-22-111042-111140,2,False,uncertain,"['brief_voice_not_resolved', 'neighbor_sensitivity', 'partition_sensitivity']"
rec_08bd1050d85bbc61,session16/Camera-2024-07-22-132508-132549,2,True,2_sustained_voice_candidate,['brief_voice_not_resolved']
rec_a84b5b65837a3ec4,session16/Camera-2024-07-22-135929-140003,2,False,uncertain,"['brief_voice_not_resolved', 'neighbor_sensitivity', 'partition_sensitivity']"
rec_d39cc20da12792c4,session16/Camera-2024-07-22-143349-143428,1,True,1_sustained_voice_candidate,['brief_voice_not_resolved']
rec_df20df41f062e937,session16/Camera-2024-07-22-155059-155140,1,False,uncertain,"['brief_voice_not_resolved', 'neighbor_sensitivity', 'partition_sensitivity']"
rec_807a534ba419f9dc,session16/Camera-2024-07-24-095443-095420,1,True,1_sustained_voice_candidate,['brief_voice_not_resolved']
rec_5f849e67403a67ad,session16/Camera-2024-07-24-103011-103000,1,True,1_sustained_voice_candidate,[]
rec_207de9ae189fd3ea,session16/Camera-2024-07-24-110700-110644,1,True,1_sustained_voice_candidate,[]
rec_b468dbb1caf7547d,session16/Camera-2024-07-24-114427-114339,1,False,uncertain,"['brief_voice_not_resolved', 'neighbor_sensitivity', 'partition_sensitivity']"
rec_000c2b111f539e8e,session16/Camera-2024-07-25-155256-155217,1,True,1_sustained_voice_candidate,[]
rec_42dabaca680d4f5e,session16/Camera-2024-07-25-162817-162715,1,False,uncertain,"['brief_voice_not_resolved', 'neighbor_sensitivity', 'partition_sensitivity']"
rec_84b5619d4f9b59d7,session16/Camera-2024-07-26-103222-103252,1,True,1_sustained_voice_candidate,[]
rec_da4d38453a9c159a,session16/Camera-2024-07-26-110838-110914,,False,uncertain,"['brief_voice_not_resolved', 'insufficient_evidence']"
rec_0d81a91a7654e4c1,session16/Camera-2024-07-26-120608-120642,,False,uncertain,['insufficient_evidence']
rec_cf88eaadae721abd,session16/Camera-2024-07-29-135410-135329,1,True,1_sustained_voice_candidate,['brief_voice_not_resolved']
rec_4e7c94a5ae0adfc3,session16/Camera-2024-07-29-143941-143856,1,True,1_sustained_voice_candidate,['brief_voice_not_resolved']
rec_3cb6f21b2a9794ce,session16/Camera-2024-07-29-150955-150932,,False,uncertain,['insufficient_evidence']
rec_049247374a8d5b59,session16/Camera-2024-07-29-160525-160426,,False,uncertain,"['brief_voice_not_resolved', 'insufficient_evidence']"
rec_6ff370446726b76b,session16/Camera-2024-07-29-163415-163339,1,True,1_sustained_voice_candidate,[]
rec_d08b1e0434c10ba4,session16/Camera-2024-07-30-114103-114135,1,True,1_sustained_voice_candidate,['brief_voice_not_resolved']
rec_f5d1047fc45984e1,session16/Camera-2024-07-30-123234-123305,1,True,1_sustained_voice_candidate,[]
rec_dfdd6bdc242046b2,session16/Camera-2024-07-30-150921-151000,1,True,1_sustained_voice_candidate,[]
rec_fd311ebdc9ff4e11,session16/Camera-2024-07-30-154819-154923,1,True,1_sustained_voice_candidate,['brief_voice_not_resolved']
rec_3fb2ae4c6e8c92fb,session16/Camera-2024-07-30-161637-161715,,False,uncertain,['insufficient_evidence']
rec_d60059a683aff40f,session16/Camera-2024-07-31-102814-102840,1,True,1_sustained_voice_candidate,['brief_voice_not_resolved']
rec_7e588b80f59182c0,session16/Camera-2024-07-31-110521-110601,1,True,1_sustained_voice_candidate,['brief_voice_not_resolved']
rec_75c7c43fca50f9c9,session16/Camera-2024-07-31-114456-114534,1,True,1_sustained_voice_candidate,['brief_voice_not_resolved']
rec_bec651f7c26a08d9,session16/Camera-2024-07-31-135431-135505,1,True,1_sustained_voice_candidate,['brief_voice_not_resolved']
rec_b7b73c17a10aa848,session16/Camera-2024-07-31-152258-152337,1,True,1_sustained_voice_candidate,[]
rec_5cb6d69ec879d86a,session16/Camera-2024-07-31-172208-172241,1,True,1_sustained_voice_candidate,['brief_voice_not_resolved']
rec_b11e3add8b02ee09,session16/Camera-2024-08-08-153226-153307,1,True,1_sustained_voice_candidate,['brief_voice_not_resolved']
rec_a07e69613d6595f9,session16/Camera-2024-10-14-135007-134930,1,True,1_sustained_voice_candidate,[]
rec_af94c70a092c2cee,session16/Camera-2024-10-14-143533-143358,1,True,1_sustained_voice_candidate,['brief_voice_not_resolved']
rec_a6badbbec1fc428a,session16/Camera-2024-10-14-151541-151421,1,True,1_sustained_voice_candidate,[]
rec_9e531f892945fce4,session16/Camera-2024-10-14-161029-160925,1,True,1_sustained_voice_candidate,['brief_voice_not_resolved']
rec_a7c8c08a9defc1f5,session16/Camera-2024-10-15-094459-094548,1,True,1_sustained_voice_candidate,['brief_voice_not_resolved']
rec_b81c09193b08123b,session16/Camera-2024-10-15-102854-102945,2,True,2_sustained_voice_candidate,['brief_voice_not_resolved']
rec_f8f642f0870c5e7f,session16/Camera-2024-10-15-111253-111325,2,False,uncertain,"['brief_voice_not_resolved', 'small_cluster']"
rec_3b1f525e2961a18f,session16/Camera-2024-10-21-103126-103143,1,True,1_sustained_voice_candidate,['brief_voice_not_resolved']
rec_8e4201da69011dbe,session16/Camera-2024-10-21-112420-112230,1,True,1_sustained_voice_candidate,[]
rec_381291ac84001626,session16/Camera-2024-10-21-121606-121455,1,True,1_sustained_voice_candidate,['brief_voice_not_resolved']
rec_6df130dbd83cddf1,session16/Camera-2024-10-21-125749-125756,2,True,2_sustained_voice_candidate,['brief_voice_not_resolved']
rec_7638e1c29b3ad2b1,session16/Camera-2024-10-22-103728-103815,1,True,1_sustained_voice_candidate,['brief_voice_not_resolved']
rec_45235407fa06d3ba,session16/Camera-2024-10-22-115558-115626,2,False,uncertain,"['brief_voice_not_resolved', 'neighbor_sensitivity', 'partition_sensitivity']"
rec_4817cd85e87b2876,session16/Camera-2024-10-22-123739-123750,1,True,1_sustained_voice_candidate,[]
rec_257e03d897abe2b9,session16/Camera-2024-10-22-153434-153503,1,True,1_sustained_voice_candidate,[]
rec_6341544ee63cda06,session16/Camera-2024-10-22-165256-165322,1,True,1_sustained_voice_candidate,[]
rec_a5a2b19dc98dbd57,session16/Camera-2024-10-22-173423-173423,1,True,1_sustained_voice_candidate,[]
rec_dcb0eb94aad99a04,session16/Camera-2024-10-23-134159-134313,,False,uncertain,"['brief_voice_not_resolved', 'insufficient_evidence']"
rec_8aa33f4f3f458391,session16/Camera-2024-10-23-143154-143223,1,False,uncertain,"['neighbor_sensitivity', 'partition_sensitivity']"
rec_a8efd90d42cee9d6,session16/Camera-2024-10-23-151539-151613,1,True,1_sustained_voice_candidate,['brief_voice_not_resolved']
rec_ab58dd36e84e6db6,session16/Camera-2024-10-23-155518-155524,1,True,1_sustained_voice_candidate,[]
rec_1251cc37545d25e1,session17/Camera-2024-06-21-103121-103102,2,False,uncertain,"['brief_voice_not_resolved', 'neighbor_sensitivity', 'partition_sensitivity', 'small_cluster']"
rec_b8004568a0e883da,session17/Camera-2024-06-26-093649-093642,2,False,uncertain,['small_cluster']
rec_2b5e252da332f166,session17/Camera-2024-06-26-105024-105025,1,True,1_sustained_voice_candidate,['brief_voice_not_resolved']
rec_c29481746b148838,session17/Camera-2024-06-26-151459-151413,1,True,1_sustained_voice_candidate,['brief_voice_not_resolved']
rec_df5b5eb727e1ae9f,session17/Camera-2024-06-26-160214-160213,1,True,1_sustained_voice_candidate,[]
rec_9f44025475f48b30,session17/Camera-2024-06-28-103912-104008,2,False,uncertain,['small_cluster']
rec_9ba653cc2ca45781,session17/Camera-2024-06-28-112322-112419,1,True,1_sustained_voice_candidate,[]
rec_cfde64082b3b14dc,session17/Camera-2024-06-28-120152-120208,1,True,1_sustained_voice_candidate,[]
rec_3e94f1b343851828,session17/Camera-2024-06-28-153101-153104,1,True,1_sustained_voice_candidate,['brief_voice_not_resolved']
rec_e494fd31e7acf846,session17/Camera-2024-06-28-160651-160703,2,False,uncertain,"['brief_voice_not_resolved', 'small_cluster']"
rec_51de4d53d4891d05,session17/Camera-2024-06-28-164549-164628,1,True,1_sustained_voice_candidate,[]
rec_158c46ba7dff923a,session17/Camera-2024-07-04-112307-112347,1,True,1_sustained_voice_candidate,['brief_voice_not_resolved']
rec_0b66616a6745371e,session17/Camera-2024-07-04-120006-120008,1,False,uncertain,"['brief_voice_not_resolved', 'neighbor_sensitivity', 'partition_sensitivity']"
rec_383e6bb3f9c06fb0,session17/Camera-2024-07-08-120627-120613,1,True,1_sustained_voice_candidate,[]
rec_b9fc74e4c4897777,session17/Camera-2024-07-08-143054-143035,1,False,uncertain,"['brief_voice_not_resolved', 'neighbor_sensitivity', 'partition_sensitivity']"
rec_3fa22e5e8c15a003,session17/Camera-2024-07-08-151240-151227,1,True,1_sustained_voice_candidate,[]
rec_2397eb966f13380a,session17/Camera-2024-07-09-100427-100257,2,False,uncertain,['small_cluster']
rec_322134949228eebc,session17/Camera-2024-07-09-104540-104439,1,True,1_sustained_voice_candidate,['brief_voice_not_resolved']
rec_3e747116f0534a82,session17/Camera-2024-07-09-111741-111806,2,False,uncertain,"['brief_voice_not_resolved', 'neighbor_sensitivity', 'partition_sensitivity', 'small_cluster']"
rec_2f4fc01d319e2403,session17/Camera-2024-07-09-134253-134210,2,False,uncertain,"['brief_voice_not_resolved', 'small_cluster']"
rec_43936af489dcb486,session17/Camera-2024-07-09-142938-142853,1,True,1_sustained_voice_candidate,['brief_voice_not_resolved']
rec_f3e5790d5d1caafa,session17/Camera-2024-07-09-151245-151110,1,False,uncertain,"['brief_voice_not_resolved', 'neighbor_sensitivity', 'partition_sensitivity']"
rec_0f1459a6f62c360c,session17/Camera-2024-07-10-134814-134720,1,True,1_sustained_voice_candidate,[]
rec_a64983b3d698b6a2,session17/Camera-2024-07-10-142319-142203,1,True,1_sustained_voice_candidate,['brief_voice_not_resolved']
rec_dc57e9eaae52acc2,session17/Camera-2024-07-10-150927-150804,1,True,1_sustained_voice_candidate,['brief_voice_not_resolved']
rec_6fbf7ae209d91d41,session17/Camera-2024-07-10-154722-154626,1,True,1_sustained_voice_candidate,[]
rec_0b665f96216ca8ab,session17/Camera-2024-07-11-094209-094215,1,True,1_sustained_voice_candidate,['brief_voice_not_resolved']
rec_39f673e39aff6df8,session17/Camera-2024-07-11-103159-103100,1,True,1_sustained_voice_candidate,['brief_voice_not_resolved']
rec_c3cbfe21a2db34b1,session17/Camera-2024-07-11-111326-111141,1,True,1_sustained_voice_candidate,['brief_voice_not_resolved']
rec_6afce8f9b60b2dac,session17/Camera-2024-07-11-120318-120232,2,False,uncertain,"['brief_voice_not_resolved', 'neighbor_sensitivity', 'partition_sensitivity', 'small_cluster']"
rec_9c8a190d43d8a5e3,session17/Camera-2024-07-11-134401-134311,1,True,1_sustained_voice_candidate,['brief_voice_not_resolved']
rec_985b3a277373335a,session17/Camera-2024-07-11-142837-142758,2,False,uncertain,"['brief_voice_not_resolved', 'neighbor_sensitivity', 'partition_sensitivity']"
rec_03041c38b90a393d,session17/Camera-2024-07-11-154330-154400,1,True,1_sustained_voice_candidate,['brief_voice_not_resolved']
rec_231170add385f9a7,session17/Camera-2024-07-11-161602-161527,1,True,1_sustained_voice_candidate,[]
rec_40694a3bc34ed3a5,session17/Camera-2024-07-16-134902-134937,2,False,uncertain,"['brief_voice_not_resolved', 'small_cluster']"
rec_006b447f8aeba6b1,session17/Camera-2024-07-16-143113-143143,1,True,1_sustained_voice_candidate,['brief_voice_not_resolved']
rec_ae804d70c03db8ab,session17/Camera-2024-07-16-152105-152147,1,True,1_sustained_voice_candidate,['brief_voice_not_resolved']
rec_8f457d24e4412541,session17/Camera-2024-07-16-160716-160749,1,True,1_sustained_voice_candidate,[]
rec_eae175554e92fe78,session17/Camera-2024-07-17-104338-104241,,False,uncertain,"['brief_voice_not_resolved', 'insufficient_evidence']"
rec_ad050749043d6232,session17/Camera-2024-07-17-112836-112807,,False,uncertain,['insufficient_evidence']
rec_03153a23c6fcb4bb,session17/Camera-2024-07-17-121257-121235,1,True,1_sustained_voice_candidate,['brief_voice_not_resolved']
rec_238511a18d5fc4da,session17/Camera-2024-07-19-143058-143036,2,False,uncertain,"['neighbor_sensitivity', 'partition_sensitivity']"
rec_37dcf2575697dd59,session17/Camera-2024-07-19-151039-150947,2,False,uncertain,['small_cluster']
rec_531ccd5119b3b57c,session17/Camera-2024-07-22-093331-093420,2,False,uncertain,"['brief_voice_not_resolved', 'small_cluster']"
rec_d1366d1ab44a3f97,session17/Camera-2024-07-22-103025-103101,,False,uncertain,['insufficient_evidence']
rec_d2f62e1605d1cf0f,session17/Camera-2024-07-22-111042-111140,1,True,1_sustained_voice_candidate,['brief_voice_not_resolved']
rec_ffbc28c585f0d976,session17/Camera-2024-07-22-132508-132549,2,True,2_sustained_voice_candidate,['brief_voice_not_resolved']
rec_2459ac5423c1bcdb,session17/Camera-2024-07-22-135929-140003,1,True,1_sustained_voice_candidate,['brief_voice_not_resolved']
rec_6d42505622a7382e,session17/Camera-2024-07-22-143349-143428,2,False,uncertain,"['brief_voice_not_resolved', 'small_cluster']"
rec_8ad03fb750d56169,session17/Camera-2024-07-22-155059-155140,1,True,1_sustained_voice_candidate,['brief_voice_not_resolved']
rec_67c2b48ca8e98986,session17/Camera-2024-07-24-095443-095420,1,True,1_sustained_voice_candidate,['brief_voice_not_resolved']
rec_196437fb8b1060e7,session17/Camera-2024-07-24-103011-103000,1,True,1_sustained_voice_candidate,['brief_voice_not_resolved']
rec_dbd027403be87541,session17/Camera-2024-07-24-110700-110644,1,True,1_sustained_voice_candidate,['brief_voice_not_resolved']
rec_94bbc570d3b3d411,session17/Camera-2024-07-24-114427-114339,1,True,1_sustained_voice_candidate,['brief_voice_not_resolved']
rec_f96bb3fc922afcd9,session17/Camera-2024-07-25-162817-162715,1,True,1_sustained_voice_candidate,['brief_voice_not_resolved']
rec_b9aed6d11c4048b4,session17/Camera-2024-07-26-103222-103252,1,True,1_sustained_voice_candidate,[]
rec_e94d640044bd6021,session17/Camera-2024-07-26-110838-110914,,False,uncertain,"['brief_voice_not_resolved', 'insufficient_evidence']"
rec_1164c3864a4e02dc,session17/Camera-2024-07-26-120608-120642,,False,uncertain,"['brief_voice_not_resolved', 'insufficient_evidence']"
rec_b30d91e068b2d70b,session17/Camera-2024-07-29-135410-135329,1,True,1_sustained_voice_candidate,['brief_voice_not_resolved']
rec_6c4c5573f513a863,session17/Camera-2024-07-29-143941-143856,2,False,uncertain,"['brief_voice_not_resolved', 'small_cluster']"
rec_c41595d9617eb689,session17/Camera-2024-07-29-150955-150932,,False,uncertain,"['brief_voice_not_resolved', 'insufficient_evidence']"
rec_536c71313ffea754,session17/Camera-2024-07-29-160525-160426,1,False,uncertain,"['brief_voice_not_resolved', 'neighbor_sensitivity', 'partition_sensitivity']"
rec_b4ca11b89535091b,session17/Camera-2024-07-29-163415-163339,1,True,1_sustained_voice_candidate,[]
rec_821ecc3fe955b76a,session17/Camera-2024-07-30-110806-110844,1,True,1_sustained_voice_candidate,[]
rec_db3486211e0aeefc,session17/Camera-2024-07-30-114103-114135,1,True,1_sustained_voice_candidate,['brief_voice_not_resolved']
rec_5d5302f92a705cb9,session17/Camera-2024-07-30-123234-123305,1,True,1_sustained_voice_candidate,['brief_voice_not_resolved']
rec_426a6bfae0cadad9,session17/Camera-2024-07-30-150921-151000,1,True,1_sustained_voice_candidate,['brief_voice_not_resolved']
rec_c8230429857e60d4,session17/Camera-2024-07-30-154819-154923,,False,uncertain,"['brief_voice_not_resolved', 'insufficient_evidence']"
rec_fc915d7964c5b54e,session17/Camera-2024-07-31-102814-102840,1,True,1_sustained_voice_candidate,['brief_voice_not_resolved']
rec_9aa0e2326a47dd3b,session17/Camera-2024-07-31-110521-110601,1,True,1_sustained_voice_candidate,[]
rec_9d06074cba960f2d,session17/Camera-2024-07-31-114456-114534,1,True,1_sustained_voice_candidate,['brief_voice_not_resolved']
rec_e24b3c848027c580,session17/Camera-2024-07-31-135431-135505,1,True,1_sustained_voice_candidate,['brief_voice_not_resolved']
rec_e2ae2cbf0ebf4bd5,session17/Camera-2024-07-31-152258-152337,1,True,1_sustained_voice_candidate,['brief_voice_not_resolved']
rec_2000a8997fbac8a1,session17/Camera-2024-07-31-172208-172241,1,True,1_sustained_voice_candidate,[]
rec_a485c845696a0522,session17/Camera-2024-08-08-153226-153307,1,True,1_sustained_voice_candidate,['brief_voice_not_resolved']
rec_c1d04f8094861ad2,session17/Camera-2024-10-14-135007-134930,1,False,uncertain,"['neighbor_sensitivity', 'partition_sensitivity']"
rec_20b46ab47ccc24e4,session17/Camera-2024-10-14-143533-143358,1,True,1_sustained_voice_candidate,['brief_voice_not_resolved']
rec_2ad9cae36d33e497,session17/Camera-2024-10-14-151541-151421,1,False,uncertain,"['neighbor_sensitivity', 'partition_sensitivity']"
rec_af97eb20ddd560fb,session17/Camera-2024-10-14-161029-160925,2,True,2_sustained_voice_candidate,['brief_voice_not_resolved']
rec_a31c1f9d06bc5c14,session17/Camera-2024-10-15-094459-094548,1,False,uncertain,"['neighbor_sensitivity', 'partition_sensitivity']"
rec_8a582b488db8c554,session17/Camera-2024-10-15-102854-102945,1,False,uncertain,"['neighbor_sensitivity', 'partition_sensitivity']"
rec_64a39fa6a8214593,session17/Camera-2024-10-15-111253-111325,1,True,1_sustained_voice_candidate,[]
rec_0c2e23a7d40d815b,session17/Camera-2024-10-21-103126-103143,1,True,1_sustained_voice_candidate,['brief_voice_not_resolved']
rec_c3bd3bd04fbc45be,session17/Camera-2024-10-21-112420-112230,1,True,1_sustained_voice_candidate,[]
rec_edc16d4a3bdd7fbf,session17/Camera-2024-10-21-121606-121455,1,True,1_sustained_voice_candidate,[]
rec_d66062aa11c595d2,session17/Camera-2024-10-21-125749-125756,2,False,uncertain,"['neighbor_sensitivity', 'partition_sensitivity']"
rec_76434b357005bca6,session17/Camera-2024-10-22-103728-103815,1,True,1_sustained_voice_candidate,['brief_voice_not_resolved']
rec_0164e9f1ec0a7d1f,session17/Camera-2024-10-22-115558-115626,1,True,1_sustained_voice_candidate,['brief_voice_not_resolved']
rec_dbb29e95604d1a80,session17/Camera-2024-10-22-123739-123750,1,True,1_sustained_voice_candidate,['brief_voice_not_resolved']
rec_744c9f7685df318c,session17/Camera-2024-10-22-153434-153503,1,True,1_sustained_voice_candidate,['brief_voice_not_resolved']
rec_c51118ce9a5c90da,session17/Camera-2024-10-22-165256-165322,2,False,uncertain,"['brief_voice_not_resolved', 'neighbor_sensitivity', 'partition_sensitivity']"
rec_fc42e46d1e2c6daf,session17/Camera-2024-10-22-173423-173423,2,False,uncertain,"['partition_sensitivity', 'small_cluster']"
rec_709d731bf6437c64,session17/Camera-2024-10-23-134159-134313,1,True,1_sustained_voice_candidate,[]
rec_679a40c972e542fe,session17/Camera-2024-10-23-143154-143223,1,True,1_sustained_voice_candidate,[]
rec_8eb18bb9591d0689,session17/Camera-2024-10-23-151539-151613,1,False,uncertain,"['brief_voice_not_resolved', 'neighbor_sensitivity', 'partition_sensitivity']"
rec_04b6a1dad5ec914f,session17/Camera-2024-10-23-155518-155524,1,True,1_sustained_voice_candidate,['brief_voice_not_resolved']
rec_2f475559d331bc98,session19/Camera-2024-06-21-103121-103102,1,True,1_sustained_voice_candidate,['brief_voice_not_resolved']
rec_cd7ff4e935f603c9,session19/Camera-2024-06-26-093649-093642,1,True,1_sustained_voice_candidate,['brief_voice_not_resolved']
rec_50c02cdbf9c4107e,session19/Camera-2024-06-26-105024-105025,1,True,1_sustained_voice_candidate,['brief_voice_not_resolved']
rec_3364ab67388590d6,session19/Camera-2024-06-26-122334-122317,1,True,1_sustained_voice_candidate,['brief_voice_not_resolved']
rec_f0f61d29a28d1fc1,session19/Camera-2024-06-26-151459-151413,1,True,1_sustained_voice_candidate,['brief_voice_not_resolved']
rec_436600b438aa992e,session19/Camera-2024-06-26-160214-160213,1,True,1_sustained_voice_candidate,['brief_voice_not_resolved']
rec_1b606907d96466ba,session19/Camera-2024-06-28-103912-104008,1,True,1_sustained_voice_candidate,['brief_voice_not_resolved']
rec_35aac2f392e59ad2,session19/Camera-2024-06-28-112322-112419,1,True,1_sustained_voice_candidate,['brief_voice_not_resolved']
rec_7a5b42b31ee7d735,session19/Camera-2024-06-28-120152-120208,1,True,1_sustained_voice_candidate,['brief_voice_not_resolved']
rec_6392cd8b9904238a,session19/Camera-2024-06-28-153101-153104,1,True,1_sustained_voice_candidate,[]
rec_3bfbd9e307b75b73,session19/Camera-2024-06-28-160651-160703,1,True,1_sustained_voice_candidate,[]
rec_977bd4f540e30165,session19/Camera-2024-06-28-164549-164628,2,False,uncertain,"['brief_voice_not_resolved', 'neighbor_sensitivity', 'partition_sensitivity', 'small_cluster']"
rec_e5213218c194254b,session19/Camera-2024-07-04-103805-103835,1,True,1_sustained_voice_candidate,['brief_voice_not_resolved']
rec_26ac678c8ae1ff50,session19/Camera-2024-07-04-112307-112347,1,True,1_sustained_voice_candidate,['brief_voice_not_resolved']
rec_1bcc87d9cad49871,session19/Camera-2024-07-04-120006-120008,1,True,1_sustained_voice_candidate,['brief_voice_not_resolved']
rec_47889f0a7870658c,session19/Camera-2024-07-08-120627-120613,1,True,1_sustained_voice_candidate,['brief_voice_not_resolved']
rec_86baca4f4d81f754,session19/Camera-2024-07-08-143054-143035,2,False,uncertain,"['brief_voice_not_resolved', 'neighbor_sensitivity', 'partition_sensitivity']"
rec_cb09805c6f018c86,session19/Camera-2024-07-08-151240-151227,1,True,1_sustained_voice_candidate,['brief_voice_not_resolved']
rec_3bea000d7337bcb9,session19/Camera-2024-07-09-100427-100257,1,True,1_sustained_voice_candidate,['brief_voice_not_resolved']
rec_3672c759d1ab9a6b,session19/Camera-2024-07-09-104540-104439,1,True,1_sustained_voice_candidate,['brief_voice_not_resolved']
rec_59a5374d5c8f5b0d,session19/Camera-2024-07-09-111741-111806,2,False,uncertain,"['brief_voice_not_resolved', 'small_cluster']"
rec_4fc9a3a7a6134c11,session19/Camera-2024-07-09-134253-134210,1,True,1_sustained_voice_candidate,['brief_voice_not_resolved']
rec_bd09b4f4ad11233e,session19/Camera-2024-07-09-142938-142853,1,True,1_sustained_voice_candidate,['brief_voice_not_resolved']
rec_942f2671ba5c0960,session19/Camera-2024-07-09-151245-151110,1,True,1_sustained_voice_candidate,['brief_voice_not_resolved']
rec_e931dec5a67d4338,session19/Camera-2024-07-10-134814-134720,1,False,uncertain,"['neighbor_sensitivity', 'partition_sensitivity']"
rec_1f9d07fe85c97946,session19/Camera-2024-07-10-142319-142203,1,True,1_sustained_voice_candidate,['brief_voice_not_resolved']
rec_5f8a4cacccb89720,session19/Camera-2024-07-10-150927-150804,1,True,1_sustained_voice_candidate,['brief_voice_not_resolved']
rec_9a4d1c4bf07aae83,session19/Camera-2024-07-10-154722-154626,1,True,1_sustained_voice_candidate,['brief_voice_not_resolved']
rec_55f82e959ece5593,session19/Camera-2024-07-11-094209-094215,1,True,1_sustained_voice_candidate,['brief_voice_not_resolved']
rec_597b2dcc14ec25c3,session19/Camera-2024-07-11-103159-103100,1,True,1_sustained_voice_candidate,['brief_voice_not_resolved']
rec_b51e9b3267374ebe,session19/Camera-2024-07-11-111326-111141,1,True,1_sustained_voice_candidate,['brief_voice_not_resolved']
rec_d89fc612e0463b27,session19/Camera-2024-07-11-142837-142758,1,True,1_sustained_voice_candidate,['brief_voice_not_resolved']
rec_5692e9e732b44300,session19/Camera-2024-07-11-154330-154400,2,False,uncertain,"['brief_voice_not_resolved', 'neighbor_sensitivity', 'partition_sensitivity']"
rec_cc0fe0a5cda341ba,session19/Camera-2024-07-11-161602-161527,1,True,1_sustained_voice_candidate,[]
rec_00d0529c9ec9fb82,session19/Camera-2024-07-16-134902-134937,1,True,1_sustained_voice_candidate,['brief_voice_not_resolved']
rec_22cb729ddf48f416,session19/Camera-2024-07-16-143113-143143,1,True,1_sustained_voice_candidate,['brief_voice_not_resolved']
rec_16fd739e440f3a17,session19/Camera-2024-07-16-152105-152147,1,True,1_sustained_voice_candidate,['brief_voice_not_resolved']
rec_77e5c0041f63e198,session19/Camera-2024-07-16-160716-160749,1,True,1_sustained_voice_candidate,['brief_voice_not_resolved']
rec_7923951d510a0277,session19/Camera-2024-07-17-104338-104241,1,True,1_sustained_voice_candidate,['brief_voice_not_resolved']
rec_c06124acfc33ca85,session19/Camera-2024-07-17-112836-112807,2,False,uncertain,"['brief_voice_not_resolved', 'small_cluster']"
rec_a471249e13dbceb6,session19/Camera-2024-07-19-143058-143036,1,True,1_sustained_voice_candidate,['brief_voice_not_resolved']
rec_294c5bbf90590f74,session19/Camera-2024-07-19-151039-150947,1,True,1_sustained_voice_candidate,['brief_voice_not_resolved']
rec_683d0bfdfc8da102,session19/Camera-2024-07-22-093331-093420,1,True,1_sustained_voice_candidate,['brief_voice_not_resolved']
rec_103243fcbc8a7807,session19/Camera-2024-07-22-103025-103101,1,True,1_sustained_voice_candidate,['brief_voice_not_resolved']
rec_b8a5da5875a0dc1b,session19/Camera-2024-07-22-111042-111140,1,True,1_sustained_voice_candidate,['brief_voice_not_resolved']
rec_b49bd614d3b57af6,session19/Camera-2024-07-22-132508-132549,1,True,1_sustained_voice_candidate,['brief_voice_not_resolved']
rec_3ebe7416663ae17a,session19/Camera-2024-07-22-135929-140003,1,True,1_sustained_voice_candidate,['brief_voice_not_resolved']
rec_a7340ab71e9cd283,session19/Camera-2024-07-22-143349-143428,1,True,1_sustained_voice_candidate,['brief_voice_not_resolved']
rec_c28deb916001971d,session19/Camera-2024-07-22-155059-155140,1,True,1_sustained_voice_candidate,['brief_voice_not_resolved']
rec_7ac400f44080cb78,session19/Camera-2024-07-24-095443-095420,1,True,1_sustained_voice_candidate,['brief_voice_not_resolved']
rec_bf3fac049ff7d0aa,session19/Camera-2024-07-24-103011-103000,1,True,1_sustained_voice_candidate,['brief_voice_not_resolved']
rec_0f242f1e2bee0c7b,session19/Camera-2024-07-24-110700-110644,1,True,1_sustained_voice_candidate,['brief_voice_not_resolved']
rec_c84ed9f2bbc5a907,session19/Camera-2024-07-24-114427-114339,1,True,1_sustained_voice_candidate,['brief_voice_not_resolved']
rec_0a4f9ffa94ab32b8,session19/Camera-2024-07-25-155256-155217,1,True,1_sustained_voice_candidate,['brief_voice_not_resolved']
rec_481e08f249804c35,session19/Camera-2024-07-25-162817-162715,1,True,1_sustained_voice_candidate,['brief_voice_not_resolved']
rec_041d892eeb78287f,session19/Camera-2024-07-26-103222-103252,1,True,1_sustained_voice_candidate,['brief_voice_not_resolved']
rec_78867cef625eaa3f,session19/Camera-2024-07-29-135410-135329,1,True,1_sustained_voice_candidate,['brief_voice_not_resolved']
rec_18e0d29405319f7d,session19/Camera-2024-07-29-143941-143856,1,True,1_sustained_voice_candidate,['brief_voice_not_resolved']
rec_db2d92f0e4aa1c95,session19/Camera-2024-07-29-150955-150932,1,True,1_sustained_voice_candidate,['brief_voice_not_resolved']
rec_8feba49cddf677e8,session19/Camera-2024-07-29-160525-160426,1,True,1_sustained_voice_candidate,['brief_voice_not_resolved']
rec_eece4fcb272e5dd9,session19/Camera-2024-07-29-163415-163339,1,True,1_sustained_voice_candidate,['brief_voice_not_resolved']
rec_4deb6cac0bfe0dbf,session19/Camera-2024-07-30-110806-110844,1,True,1_sustained_voice_candidate,['brief_voice_not_resolved']
rec_3267b8cd957d3c1e,session19/Camera-2024-07-30-114103-114135,1,True,1_sustained_voice_candidate,['brief_voice_not_resolved']
rec_e23a7ed910da258d,session19/Camera-2024-07-30-123234-123305,1,True,1_sustained_voice_candidate,['brief_voice_not_resolved']
rec_cf7ee1e903c92886,session19/Camera-2024-07-30-154819-154923,1,True,1_sustained_voice_candidate,['brief_voice_not_resolved']
rec_0cc320dc171489ff,session19/Camera-2024-07-30-161637-161715,1,True,1_sustained_voice_candidate,['brief_voice_not_resolved']
rec_036d043536de74b3,session19/Camera-2024-07-31-102814-102840,1,True,1_sustained_voice_candidate,['brief_voice_not_resolved']
rec_07ddcb48658028ef,session19/Camera-2024-07-31-110521-110601,1,True,1_sustained_voice_candidate,['brief_voice_not_resolved']
rec_8a989725a9fc6cca,session19/Camera-2024-07-31-114456-114534,1,True,1_sustained_voice_candidate,['brief_voice_not_resolved']
rec_346ae668793b602b,session19/Camera-2024-07-31-135431-135505,1,True,1_sustained_voice_candidate,['brief_voice_not_resolved']
rec_b10b63d11fbb4cf9,session19/Camera-2024-07-31-152258-152337,1,True,1_sustained_voice_candidate,['brief_voice_not_resolved']
rec_a8f6318bb701f1c3,session19/Camera-2024-07-31-172208-172241,1,True,1_sustained_voice_candidate,['brief_voice_not_resolved']
rec_f143b915567ec44b,session19/Camera-2024-08-08-153226-153307,1,True,1_sustained_voice_candidate,['brief_voice_not_resolved']
rec_250c5d82beafaf1f,session19/Camera-2024-10-14-135007-134930,1,True,1_sustained_voice_candidate,['brief_voice_not_resolved']
rec_eecf62698d34c130,session19/Camera-2024-10-14-143533-143358,1,True,1_sustained_voice_candidate,['brief_voice_not_resolved']
rec_0f546cae3bbf9f98,session19/Camera-2024-10-14-151541-151421,1,True,1_sustained_voice_candidate,['brief_voice_not_resolved']
rec_21495512f3b8ad08,session19/Camera-2024-10-14-161029-160925,1,True,1_sustained_voice_candidate,['brief_voice_not_resolved']
rec_074cf817dd8cbf73,session19/Camera-2024-10-15-094459-094548,1,True,1_sustained_voice_candidate,['brief_voice_not_resolved']
rec_5e1e1a1f94812dd4,session19/Camera-2024-10-15-102854-102945,1,True,1_sustained_voice_candidate,[]
rec_d5229ce28c8add0f,session19/Camera-2024-10-15-111253-111325,1,True,1_sustained_voice_candidate,['brief_voice_not_resolved']
rec_d06475eae2470e33,session19/Camera-2024-10-21-103126-103143,2,False,uncertain,"['brief_voice_not_resolved', 'small_cluster']"
rec_4d3b6728232a06b4,session19/Camera-2024-10-21-112420-112230,1,True,1_sustained_voice_candidate,['brief_voice_not_resolved']
rec_4b6e74a9a6e5a5a4,session19/Camera-2024-10-21-121606-121455,1,True,1_sustained_voice_candidate,[]
rec_047d52050f68d157,session19/Camera-2024-10-21-125749-125756,1,False,uncertain,"['neighbor_sensitivity', 'partition_sensitivity']"
rec_d982b92772d1d402,session19/Camera-2024-10-22-103728-103815,1,True,1_sustained_voice_candidate,['brief_voice_not_resolved']
rec_cdc1ea74313cc4ea,session19/Camera-2024-10-22-115558-115626,1,True,1_sustained_voice_candidate,['brief_voice_not_resolved']
rec_e5e120033e7562ae,session19/Camera-2024-10-22-123739-123750,1,True,1_sustained_voice_candidate,['brief_voice_not_resolved']
rec_d1db0aa86fc0fde1,session19/Camera-2024-10-22-153434-153503,1,True,1_sustained_voice_candidate,['brief_voice_not_resolved']
rec_bdcac720257c1d0c,session19/Camera-2024-10-22-165256-165322,1,True,1_sustained_voice_candidate,['brief_voice_not_resolved']
rec_92fef07b22a9f672,session19/Camera-2024-10-22-173423-173423,1,True,1_sustained_voice_candidate,[]
rec_45ecbde6d2cd8a00,session19/Camera-2024-10-23-134159-134313,1,True,1_sustained_voice_candidate,['brief_voice_not_resolved']
rec_7ba29fbd774503d7,session19/Camera-2024-10-23-143154-143223,1,True,1_sustained_voice_candidate,['brief_voice_not_resolved']
rec_03e30405556e83dc,session19/Camera-2024-10-23-151539-151613,1,True,1_sustained_voice_candidate,['brief_voice_not_resolved']
rec_19d65d898b51e366,session19/Camera-2024-10-23-155518-155524,1,True,1_sustained_voice_candidate,['brief_voice_not_resolved']
rec_79a209b286001da6,session21/Camera-2024-06-21-103121-103102,1,True,1_sustained_voice_candidate,['brief_voice_not_resolved']
rec_8c57c2a70d9407dd,session21/Camera-2024-06-26-093649-093642,1,True,1_sustained_voice_candidate,['brief_voice_not_resolved']
rec_66e6cebe2c873771,session21/Camera-2024-06-26-105024-105025,1,True,1_sustained_voice_candidate,['brief_voice_not_resolved']
rec_4e1cb7fcc32df6a7,session21/Camera-2024-06-26-122334-122317,1,True,1_sustained_voice_candidate,['brief_voice_not_resolved']
rec_10452b2a637e4484,session21/Camera-2024-06-26-151459-151413,1,True,1_sustained_voice_candidate,['brief_voice_not_resolved']
rec_deb68b449012e433,session21/Camera-2024-06-26-160214-160213,1,True,1_sustained_voice_candidate,['brief_voice_not_resolved']
rec_54ab1c2c2677d196,session21/Camera-2024-06-28-103912-104008,1,True,1_sustained_voice_candidate,['brief_voice_not_resolved']
rec_83b21e3fb0ba1297,session21/Camera-2024-06-28-112322-112419,2,False,uncertain,"['brief_voice_not_resolved', 'small_cluster']"
rec_480bfa47d9aa0e63,session21/Camera-2024-06-28-120152-120208,1,True,1_sustained_voice_candidate,['brief_voice_not_resolved']
rec_f5cd2ffbcc668e27,session21/Camera-2024-06-28-153101-153104,1,True,1_sustained_voice_candidate,['brief_voice_not_resolved']
rec_1c822361460c9495,session21/Camera-2024-06-28-160651-160703,1,True,1_sustained_voice_candidate,['brief_voice_not_resolved']
rec_a03caaf6d455db10,session21/Camera-2024-06-28-164549-164628,2,False,uncertain,"['brief_voice_not_resolved', 'small_cluster']"
rec_e029cadfdb121417,session21/Camera-2024-07-04-103805-103835,1,True,1_sustained_voice_candidate,['brief_voice_not_resolved']
rec_aeb4e7d0e7efc9c3,session21/Camera-2024-07-04-112307-112347,1,True,1_sustained_voice_candidate,['brief_voice_not_resolved']
rec_2d6d8dcf9be69ceb,session21/Camera-2024-07-04-120006-120008,1,True,1_sustained_voice_candidate,['brief_voice_not_resolved']
rec_003a465162599bf0,session21/Camera-2024-07-08-120627-120613,1,True,1_sustained_voice_candidate,['brief_voice_not_resolved']
rec_257632411cf547f4,session21/Camera-2024-07-08-151240-151227,1,True,1_sustained_voice_candidate,['brief_voice_not_resolved']
rec_c50b19a83b237d34,session21/Camera-2024-07-09-104540-104439,1,True,1_sustained_voice_candidate,['brief_voice_not_resolved']
rec_98cd9928add9d0f5,session21/Camera-2024-07-09-111741-111806,1,True,1_sustained_voice_candidate,['brief_voice_not_resolved']
rec_15730130b92c88d7,session21/Camera-2024-07-09-134253-134210,1,True,1_sustained_voice_candidate,['brief_voice_not_resolved']
rec_1110845be8dee658,session21/Camera-2024-07-09-142938-142853,1,True,1_sustained_voice_candidate,['brief_voice_not_resolved']
rec_6a9da259216cba22,session21/Camera-2024-07-09-151245-151110,1,True,1_sustained_voice_candidate,['brief_voice_not_resolved']
rec_c3c605d89c7e8c75,session21/Camera-2024-07-10-134814-134720,1,True,1_sustained_voice_candidate,['brief_voice_not_resolved']
rec_c3b051996ef6607e,session21/Camera-2024-07-10-142319-142203,1,True,1_sustained_voice_candidate,['brief_voice_not_resolved']
rec_aa7bb0b94673e8f5,session21/Camera-2024-07-10-150927-150804,1,True,1_sustained_voice_candidate,['brief_voice_not_resolved']
rec_fa1acd00b04ac925,session21/Camera-2024-07-10-154722-154626,1,True,1_sustained_voice_candidate,['brief_voice_not_resolved']
rec_d25d0bba360e01be,session21/Camera-2024-07-11-094209-094215,1,True,1_sustained_voice_candidate,['brief_voice_not_resolved']
rec_c1f5ab5e4a9c43af,session21/Camera-2024-07-11-103159-103100,1,True,1_sustained_voice_candidate,['brief_voice_not_resolved']
rec_ae7acb8242d0c994,session21/Camera-2024-07-11-111326-111141,1,True,1_sustained_voice_candidate,['brief_voice_not_resolved']
rec_c31f7bedd493b1c7,session21/Camera-2024-07-11-120318-120232,1,True,1_sustained_voice_candidate,['brief_voice_not_resolved']
rec_3f47dd15f16ed19c,session21/Camera-2024-07-11-134401-134311,1,True,1_sustained_voice_candidate,['brief_voice_not_resolved']
rec_bc53318bb2cf47f4,session21/Camera-2024-07-11-142837-142758,1,True,1_sustained_voice_candidate,['brief_voice_not_resolved']
rec_039ab5bd8c5de263,session21/Camera-2024-07-11-154330-154400,1,True,1_sustained_voice_candidate,[]
rec_18046354f942b306,session21/Camera-2024-07-11-161602-161527,2,False,uncertain,"['brief_voice_not_resolved', 'neighbor_sensitivity', 'partition_sensitivity', 'small_cluster']"
rec_a7eeae208f6299ad,session21/Camera-2024-07-16-134902-134937,1,True,1_sustained_voice_candidate,['brief_voice_not_resolved']
rec_f00e3e14cd9ce02d,session21/Camera-2024-07-16-143113-143143,1,True,1_sustained_voice_candidate,['brief_voice_not_resolved']
rec_11cd9d7c0f080f16,session21/Camera-2024-07-16-152105-152147,1,True,1_sustained_voice_candidate,['brief_voice_not_resolved']
rec_dca6caf4c33814fa,session21/Camera-2024-07-16-160716-160749,1,True,1_sustained_voice_candidate,['brief_voice_not_resolved']
rec_684dd7f3eea53e7b,session21/Camera-2024-07-17-104338-104241,1,True,1_sustained_voice_candidate,['brief_voice_not_resolved']
rec_91f6016829275120,session21/Camera-2024-07-17-112836-112807,1,False,uncertain,"['brief_voice_not_resolved', 'neighbor_sensitivity', 'partition_sensitivity']"
rec_b899b86b5a591bbf,session21/Camera-2024-07-17-121257-121235,1,True,1_sustained_voice_candidate,['brief_voice_not_resolved']
rec_940263e41dc2ed81,session21/Camera-2024-07-19-143058-143036,1,True,1_sustained_voice_candidate,['brief_voice_not_resolved']
rec_34ac762c12b606fd,session21/Camera-2024-07-19-151039-150947,1,True,1_sustained_voice_candidate,['brief_voice_not_resolved']
rec_578504bebf0bc0f0,session21/Camera-2024-07-22-093331-093420,1,True,1_sustained_voice_candidate,['brief_voice_not_resolved']
rec_6dc14002e2968990,session21/Camera-2024-07-22-103025-103101,1,True,1_sustained_voice_candidate,['brief_voice_not_resolved']
rec_a11f123f0627a5b5,session21/Camera-2024-07-22-111042-111140,1,True,1_sustained_voice_candidate,['brief_voice_not_resolved']
rec_8ccda3e59a45fb41,session21/Camera-2024-07-22-132508-132549,1,True,1_sustained_voice_candidate,['brief_voice_not_resolved']
rec_212629ed244eebef,session21/Camera-2024-07-22-135929-140003,1,False,uncertain,"['brief_voice_not_resolved', 'neighbor_sensitivity', 'partition_sensitivity']"
rec_588eb611c964d84c,session21/Camera-2024-07-22-143349-143428,1,True,1_sustained_voice_candidate,['brief_voice_not_resolved']
rec_d4c4dc82cd90df58,session21/Camera-2024-07-22-155059-155140,1,True,1_sustained_voice_candidate,['brief_voice_not_resolved']
rec_2ebea0b5a5fdf419,session21/Camera-2024-07-24-103011-103000,1,True,1_sustained_voice_candidate,['brief_voice_not_resolved']
rec_038e9fd1514edebb,session21/Camera-2024-07-24-110700-110644,1,True,1_sustained_voice_candidate,['brief_voice_not_resolved']
rec_7bc407fb410190d3,session21/Camera-2024-07-24-114427-114339,1,True,1_sustained_voice_candidate,['brief_voice_not_resolved']
rec_ababdb7d46ba814e,session21/Camera-2024-07-25-155256-155217,1,True,1_sustained_voice_candidate,['brief_voice_not_resolved']
rec_f7a90165456c2662,session21/Camera-2024-07-25-162817-162715,1,True,1_sustained_voice_candidate,['brief_voice_not_resolved']
rec_e8a9db54a3e695df,session21/Camera-2024-07-26-103222-103252,1,True,1_sustained_voice_candidate,['brief_voice_not_resolved']
rec_1b88cea82daef6c2,session21/Camera-2024-07-26-120608-120642,1,True,1_sustained_voice_candidate,['brief_voice_not_resolved']
rec_516d7ad95eb87c16,session21/Camera-2024-07-29-135410-135329,1,True,1_sustained_voice_candidate,['brief_voice_not_resolved']
rec_0990950c13008f8a,session21/Camera-2024-07-29-143941-143856,1,True,1_sustained_voice_candidate,['brief_voice_not_resolved']
rec_ba08979314f95afe,session21/Camera-2024-07-29-150955-150932,1,True,1_sustained_voice_candidate,['brief_voice_not_resolved']
rec_36260697edeed4e1,session21/Camera-2024-07-29-160525-160426,1,True,1_sustained_voice_candidate,[]
rec_1949332ab040ce03,session21/Camera-2024-07-29-163415-163339,1,True,1_sustained_voice_candidate,['brief_voice_not_resolved']
rec_7da482050cf4009a,session21/Camera-2024-07-30-110806-110844,1,True,1_sustained_voice_candidate,['brief_voice_not_resolved']
rec_85e7071d24a29acc,session21/Camera-2024-07-30-114103-114135,1,True,1_sustained_voice_candidate,['brief_voice_not_resolved']
rec_ed9e7cd73e3f5a0b,session21/Camera-2024-07-30-123234-123305,1,True,1_sustained_voice_candidate,['brief_voice_not_resolved']
rec_de669b612b46dda2,session21/Camera-2024-07-30-154819-154923,1,True,1_sustained_voice_candidate,['brief_voice_not_resolved']
rec_f76ee455100dc589,session21/Camera-2024-07-30-161637-161715,1,True,1_sustained_voice_candidate,['brief_voice_not_resolved']
rec_74bffa9e369562b1,session21/Camera-2024-07-31-102814-102840,1,True,1_sustained_voice_candidate,['brief_voice_not_resolved']
rec_0e2310c2672ac96b,session21/Camera-2024-07-31-110521-110601,1,True,1_sustained_voice_candidate,['brief_voice_not_resolved']
rec_6018a3628f40176c,session21/Camera-2024-07-31-114456-114534,1,True,1_sustained_voice_candidate,['brief_voice_not_resolved']
rec_8e593fdf5aa5f688,session21/Camera-2024-07-31-135431-135505,1,True,1_sustained_voice_candidate,['brief_voice_not_resolved']
rec_f5c73eb3adf489fd,session21/Camera-2024-07-31-152258-152337,1,True,1_sustained_voice_candidate,['brief_voice_not_resolved']
rec_8ee23780a7575e46,session21/Camera-2024-07-31-172208-172241,1,True,1_sustained_voice_candidate,['brief_voice_not_resolved']
rec_b44cda76288edaa9,session21/Camera-2024-08-08-153226-153307,1,True,1_sustained_voice_candidate,['brief_voice_not_resolved']
rec_4ce38b24681841da,session21/Camera-2024-10-14-135007-134930,1,True,1_sustained_voice_candidate,['brief_voice_not_resolved']
rec_1d242f8373c28446,session21/Camera-2024-10-14-143533-143358,1,True,1_sustained_voice_candidate,['brief_voice_not_resolved']
rec_0d2e5b57813a9e24,session21/Camera-2024-10-14-151541-151421,1,True,1_sustained_voice_candidate,['brief_voice_not_resolved']
rec_1bcb8a9c684bfe89,session21/Camera-2024-10-14-161029-160925,1,True,1_sustained_voice_candidate,['brief_voice_not_resolved']
rec_3c4ec6a92756e0ce,session21/Camera-2024-10-15-094459-094548,1,True,1_sustained_voice_candidate,['brief_voice_not_resolved']
rec_f47d742b001c4ea0,session21/Camera-2024-10-15-102854-102945,1,True,1_sustained_voice_candidate,['brief_voice_not_resolved']
rec_0a98cc7db4bcc3c8,session21/Camera-2024-10-15-111253-111325,1,True,1_sustained_voice_candidate,['brief_voice_not_resolved']
rec_148017131cb8dcb9,session21/Camera-2024-10-21-103126-103143,1,True,1_sustained_voice_candidate,['brief_voice_not_resolved']
rec_541f391d109295bb,session21/Camera-2024-10-21-112420-112230,1,True,1_sustained_voice_candidate,['brief_voice_not_resolved']
rec_7b67e7e378f2dbc8,session21/Camera-2024-10-21-121606-121455,2,False,uncertain,"['brief_voice_not_resolved', 'small_cluster']"
rec_7cb424e0e9ee4012,session21/Camera-2024-10-21-125749-125756,1,True,1_sustained_voice_candidate,['brief_voice_not_resolved']
rec_ccd8a81a0e26e94b,session21/Camera-2024-10-22-103728-103815,1,True,1_sustained_voice_candidate,['brief_voice_not_resolved']
rec_7d17508fe8733099,session21/Camera-2024-10-22-115558-115626,1,True,1_sustained_voice_candidate,['brief_voice_not_resolved']
rec_69eb8f2233312c8e,session21/Camera-2024-10-22-123739-123750,1,True,1_sustained_voice_candidate,['brief_voice_not_resolved']
rec_7a4fca625d4e3617,session21/Camera-2024-10-22-153434-153503,1,True,1_sustained_voice_candidate,['brief_voice_not_resolved']
rec_01a6350376652ece,session21/Camera-2024-10-22-165256-165322,1,True,1_sustained_voice_candidate,['brief_voice_not_resolved']
rec_d268f2043642d4de,session21/Camera-2024-10-22-173423-173423,2,True,2_sustained_voice_candidate,['brief_voice_not_resolved']
rec_bae64cdfd84c6dce,session21/Camera-2024-10-23-134159-134313,1,True,1_sustained_voice_candidate,['brief_voice_not_resolved']
rec_0e9540c7110a68b3,session21/Camera-2024-10-23-143154-143223,1,True,1_sustained_voice_candidate,['brief_voice_not_resolved']
rec_4dc00e38e7d3ddd0,session21/Camera-2024-10-23-151539-151613,1,True,1_sustained_voice_candidate,['brief_voice_not_resolved']
rec_c5814f1455a6f09e,session21/Camera-2024-10-23-155518-155524,1,True,1_sustained_voice_candidate,['brief_voice_not_resolved']
rec_fea8575f1027d0e3,session3/Camera-2024-06-21-103121-103102,1,True,1_sustained_voice_candidate,['brief_voice_not_resolved']
rec_5c8e9ecf80eabfd7,session3/Camera-2024-06-26-093649-093642,1,False,uncertain,"['brief_voice_not_resolved', 'neighbor_sensitivity', 'partition_sensitivity']"
rec_9cb20c64a3d87985,session3/Camera-2024-06-26-105024-105025,1,True,1_sustained_voice_candidate,['brief_voice_not_resolved']
rec_bf86167a3d744525,session3/Camera-2024-06-26-122334-122317,1,True,1_sustained_voice_candidate,['brief_voice_not_resolved']
rec_30ccd03c1a9a80f5,session3/Camera-2024-06-26-151459-151413,2,False,uncertain,"['brief_voice_not_resolved', 'neighbor_sensitivity', 'partition_sensitivity']"
rec_c5840cfeb8981cca,session3/Camera-2024-06-26-160214-160213,1,True,1_sustained_voice_candidate,[]
rec_47d7f6d79290e71f,session3/Camera-2024-06-28-103912-104008,1,True,1_sustained_voice_candidate,['brief_voice_not_resolved']
rec_85d61e653f4ef18c,session3/Camera-2024-06-28-112322-112419,1,True,1_sustained_voice_candidate,[]
rec_61d0f119084ad31b,session3/Camera-2024-06-28-120152-120208,1,True,1_sustained_voice_candidate,['brief_voice_not_resolved']
rec_c6d50161e4ba9919,session3/Camera-2024-06-28-153101-153104,1,True,1_sustained_voice_candidate,[]
rec_095d5bbf756f0a9b,session3/Camera-2024-06-28-160651-160703,1,True,1_sustained_voice_candidate,[]
rec_3c862ad8eae4c636,session3/Camera-2024-06-28-164549-164628,1,True,1_sustained_voice_candidate,[]
rec_8b90b4f4d922b1a9,session3/Camera-2024-07-04-103805-103835,1,True,1_sustained_voice_candidate,['brief_voice_not_resolved']
rec_9cb7d45650f60dd7,session3/Camera-2024-07-04-112307-112347,1,True,1_sustained_voice_candidate,['brief_voice_not_resolved']
rec_3582ce9efdfe240d,session3/Camera-2024-07-04-120006-120008,1,True,1_sustained_voice_candidate,['brief_voice_not_resolved']
rec_46d7604c5e9dad61,session3/Camera-2024-07-08-120627-120613,1,True,1_sustained_voice_candidate,[]
rec_28fe93381f4c755b,session3/Camera-2024-07-08-143054-143035,1,True,1_sustained_voice_candidate,['brief_voice_not_resolved']
rec_c4fb057ef4d3c5a1,session3/Camera-2024-07-08-151240-151227,1,True,1_sustained_voice_candidate,['brief_voice_not_resolved']
rec_0b1b59aa806bec5c,session3/Camera-2024-07-09-100427-100257,1,False,uncertain,"['brief_voice_not_resolved', 'neighbor_sensitivity', 'partition_sensitivity']"
rec_ef19fab7f0faa050,session3/Camera-2024-07-09-104540-104439,1,True,1_sustained_voice_candidate,['brief_voice_not_resolved']
rec_098413fdb5cc021c,session3/Camera-2024-07-09-111741-111806,1,False,uncertain,"['brief_voice_not_resolved', 'neighbor_sensitivity', 'partition_sensitivity']"
rec_7504fa914d70e494,session3/Camera-2024-07-09-134253-134210,1,True,1_sustained_voice_candidate,['brief_voice_not_resolved']
rec_12f6d105385042eb,session3/Camera-2024-07-09-142938-142853,1,True,1_sustained_voice_candidate,['brief_voice_not_resolved']
rec_3b17512495598031,session3/Camera-2024-07-09-151245-151110,2,False,uncertain,"['brief_voice_not_resolved', 'small_cluster']"
rec_0ca3b0fe5b97453a,session3/Camera-2024-07-10-134814-134720,2,False,uncertain,"['brief_voice_not_resolved', 'neighbor_sensitivity', 'partition_sensitivity']"
rec_8fec777f524e1589,session3/Camera-2024-07-10-142319-142203,1,True,1_sustained_voice_candidate,['brief_voice_not_resolved']
rec_bfb2165e943c7703,session3/Camera-2024-07-10-150927-150804,1,False,uncertain,"['brief_voice_not_resolved', 'neighbor_sensitivity', 'partition_sensitivity']"
rec_54e4258a1b694b82,session3/Camera-2024-07-10-154722-154626,1,True,1_sustained_voice_candidate,[]
rec_24bb0aee2af0230c,session3/Camera-2024-07-11-094209-094215,1,True,1_sustained_voice_candidate,['brief_voice_not_resolved']
rec_9c6febe20755a78f,session3/Camera-2024-07-11-103159-103100,1,True,1_sustained_voice_candidate,['brief_voice_not_resolved']
rec_7f35b632fcb2766c,session3/Camera-2024-07-11-111326-111141,1,True,1_sustained_voice_candidate,['brief_voice_not_resolved']
rec_2a64bb94e7c61f7d,session3/Camera-2024-07-11-120318-120232,2,False,uncertain,"['brief_voice_not_resolved', 'partition_sensitivity']"
rec_e9ff1757f6d15158,session3/Camera-2024-07-11-134401-134311,1,True,1_sustained_voice_candidate,[]
rec_f4ace6ad89764ab5,session3/Camera-2024-07-11-142837-142758,1,True,1_sustained_voice_candidate,[]
rec_fc757ce2a998407c,session3/Camera-2024-07-11-154330-154400,1,True,1_sustained_voice_candidate,['brief_voice_not_resolved']
rec_54a8b70581232032,session3/Camera-2024-07-11-161602-161527,1,True,1_sustained_voice_candidate,[]
rec_0735b79f00e16af4,session3/Camera-2024-07-16-134902-134937,2,False,uncertain,"['brief_voice_not_resolved', 'neighbor_sensitivity', 'partition_sensitivity', 'small_cluster']"
rec_e8a59cca1f0dab2c,session3/Camera-2024-07-16-143113-143143,1,True,1_sustained_voice_candidate,[]
rec_b0626cffd29ec101,session3/Camera-2024-07-16-152105-152147,1,True,1_sustained_voice_candidate,[]
rec_85f06859f7b181ec,session3/Camera-2024-07-16-160716-160749,1,True,1_sustained_voice_candidate,['brief_voice_not_resolved']
rec_f3011f602e68c478,session3/Camera-2024-07-17-112836-112807,1,True,1_sustained_voice_candidate,['brief_voice_not_resolved']
rec_9d9186b0abaf5a33,session3/Camera-2024-07-17-121257-121235,1,True,1_sustained_voice_candidate,['brief_voice_not_resolved']
rec_ad1112ea5036148e,session3/Camera-2024-07-19-143058-143036,1,True,1_sustained_voice_candidate,['brief_voice_not_resolved']
rec_10e5ccb0204e6995,session3/Camera-2024-07-19-151039-150947,1,True,1_sustained_voice_candidate,['brief_voice_not_resolved']
rec_dcd5093ca0ac9bd3,session3/Camera-2024-07-22-093331-093420,1,True,1_sustained_voice_candidate,['brief_voice_not_resolved']
rec_77844f2af65fbd3c,session3/Camera-2024-07-22-111042-111140,1,True,1_sustained_voice_candidate,['brief_voice_not_resolved']
rec_bfc835b6049af34f,session3/Camera-2024-07-22-132508-132549,1,True,1_sustained_voice_candidate,['brief_voice_not_resolved']
rec_3b3cae02d280c40e,session3/Camera-2024-07-22-135929-140003,2,True,2_sustained_voice_candidate,[]
rec_887bb80f2a782bed,session3/Camera-2024-07-22-143349-143428,1,True,1_sustained_voice_candidate,['brief_voice_not_resolved']
rec_99e29874e0b3bbb8,session3/Camera-2024-07-22-155059-155140,2,False,uncertain,"['brief_voice_not_resolved', 'small_cluster']"
rec_6480563b21b82dea,session3/Camera-2024-07-24-095443-095420,1,True,1_sustained_voice_candidate,['brief_voice_not_resolved']
rec_8dcded067c185ab7,session3/Camera-2024-07-24-103011-103000,1,True,1_sustained_voice_candidate,['brief_voice_not_resolved']
rec_57efdc20adcf229f,session3/Camera-2024-07-24-110700-110644,1,True,1_sustained_voice_candidate,['brief_voice_not_resolved']
rec_74324bf9f00584a9,session3/Camera-2024-07-24-114427-114339,1,True,1_sustained_voice_candidate,['brief_voice_not_resolved']
rec_0e0c7bf32e42464f,session3/Camera-2024-07-25-155256-155217,1,True,1_sustained_voice_candidate,['brief_voice_not_resolved']
rec_52ee6407d8940877,session3/Camera-2024-07-25-162817-162715,1,True,1_sustained_voice_candidate,[]
rec_4986082a624eba14,session3/Camera-2024-07-26-103222-103252,1,False,uncertain,"['brief_voice_not_resolved', 'neighbor_sensitivity', 'partition_sensitivity']"
rec_f95aeb6b95b5a527,session3/Camera-2024-07-26-110838-110914,1,False,uncertain,"['brief_voice_not_resolved', 'neighbor_sensitivity', 'partition_sensitivity']"
rec_9f52bf3893afd749,session3/Camera-2024-07-26-120608-120642,2,True,2_sustained_voice_candidate,['brief_voice_not_resolved']
rec_e36a5ac5e790ee34,session3/Camera-2024-07-29-135410-135329,1,True,1_sustained_voice_candidate,['brief_voice_not_resolved']
rec_d636f8e2da9ef6bb,session3/Camera-2024-07-29-150955-150932,1,True,1_sustained_voice_candidate,['brief_voice_not_resolved']
rec_78374f9a41256a79,session3/Camera-2024-07-29-160525-160426,1,True,1_sustained_voice_candidate,[]
rec_ea99e4f0f027930e,session3/Camera-2024-07-29-163415-163339,1,True,1_sustained_voice_candidate,[]
rec_0c9d0639020164bd,session3/Camera-2024-07-30-110806-110844,1,True,1_sustained_voice_candidate,['brief_voice_not_resolved']
rec_5b0b18806c5a8682,session3/Camera-2024-07-30-114103-114135,1,True,1_sustained_voice_candidate,[]
rec_8d74206017a8143f,session3/Camera-2024-07-30-123234-123305,1,True,1_sustained_voice_candidate,[]
rec_41ba3bb130b553c6,session3/Camera-2024-07-30-154819-154923,1,True,1_sustained_voice_candidate,['brief_voice_not_resolved']
rec_bc35e846cd996ca9,session3/Camera-2024-07-30-161637-161715,1,True,1_sustained_voice_candidate,['brief_voice_not_resolved']
rec_b7a7fa633ad94e4c,session3/Camera-2024-07-31-102814-102840,1,True,1_sustained_voice_candidate,['brief_voice_not_resolved']
rec_790da4c9a9fa5b05,session3/Camera-2024-07-31-110521-110601,1,True,1_sustained_voice_candidate,['brief_voice_not_resolved']
rec_951de711ee2d3a0e,session3/Camera-2024-07-31-135431-135505,1,True,1_sustained_voice_candidate,['brief_voice_not_resolved']
rec_53801c40c726edb3,session3/Camera-2024-07-31-152258-152337,1,True,1_sustained_voice_candidate,['brief_voice_not_resolved']
rec_a7d8d45ba73a64f9,session3/Camera-2024-07-31-172208-172241,1,True,1_sustained_voice_candidate,['brief_voice_not_resolved']
rec_3c08c35be6dd35d7,session3/Camera-2024-08-08-153226-153307,2,False,uncertain,"['brief_voice_not_resolved', 'small_cluster']"
rec_dbee38f070d7454a,session3/Camera-2024-10-14-135007-134930,1,False,uncertain,"['brief_voice_not_resolved', 'neighbor_sensitivity', 'partition_sensitivity']"
rec_75f8d7998140f90a,session3/Camera-2024-10-14-143533-143358,1,True,1_sustained_voice_candidate,['brief_voice_not_resolved']
rec_7a16f4a27f067d7e,session3/Camera-2024-10-14-151541-151421,1,True,1_sustained_voice_candidate,['brief_voice_not_resolved']
rec_ca550c02d88bf704,session3/Camera-2024-10-14-161029-160925,1,True,1_sustained_voice_candidate,['brief_voice_not_resolved']
rec_5f018efd14a9e091,session3/Camera-2024-10-15-094459-094548,1,True,1_sustained_voice_candidate,['brief_voice_not_resolved']
rec_1873b087d35d14a6,session3/Camera-2024-10-15-102854-102945,1,True,1_sustained_voice_candidate,['brief_voice_not_resolved']
rec_8df1a5a5085379d4,session3/Camera-2024-10-15-111253-111325,2,False,uncertain,"['brief_voice_not_resolved', 'neighbor_sensitivity', 'partition_sensitivity']"
rec_4e0190229aa4a826,session3/Camera-2024-10-21-103126-103143,1,True,1_sustained_voice_candidate,['brief_voice_not_resolved']
rec_778f30b76e95e15b,session3/Camera-2024-10-21-112420-112230,1,True,1_sustained_voice_candidate,['brief_voice_not_resolved']
rec_8ec5d1aef12f59fc,session3/Camera-2024-10-21-121606-121455,1,True,1_sustained_voice_candidate,['brief_voice_not_resolved']
rec_c9460a0fb6770260,session3/Camera-2024-10-21-125749-125756,1,True,1_sustained_voice_candidate,[]
rec_d595fdcd59894785,session3/Camera-2024-10-22-103728-103815,1,True,1_sustained_voice_candidate,['brief_voice_not_resolved']
rec_59b0637f44c957bd,session3/Camera-2024-10-22-115558-115626,1,True,1_sustained_voice_candidate,['brief_voice_not_resolved']
rec_3ecc3dd999ccb9ad,session3/Camera-2024-10-22-123739-123750,1,True,1_sustained_voice_candidate,['brief_voice_not_resolved']
rec_836ab1295e354aaf,session3/Camera-2024-10-22-153434-153503,1,True,1_sustained_voice_candidate,['brief_voice_not_resolved']
rec_b623d7882d7752de,session3/Camera-2024-10-22-161742-161747,1,True,1_sustained_voice_candidate,['brief_voice_not_resolved']
rec_01a812d89662aeff,session3/Camera-2024-10-22-165256-165322,1,True,1_sustained_voice_candidate,[]
rec_7717929d9db472f3,session3/Camera-2024-10-22-173423-173423,1,False,uncertain,"['brief_voice_not_resolved', 'neighbor_sensitivity', 'partition_sensitivity']"
rec_fc41ca96bc5e5512,session3/Camera-2024-10-23-134159-134313,1,True,1_sustained_voice_candidate,['brief_voice_not_resolved']
rec_7ac8dcc94d2638dc,session3/Camera-2024-10-23-143154-143223,1,True,1_sustained_voice_candidate,['brief_voice_not_resolved']
rec_fd685edd5af5587b,session3/Camera-2024-10-23-151539-151613,1,True,1_sustained_voice_candidate,[]
rec_0edbdf3d2e0768c7,session3/Camera-2024-10-23-155518-155524,1,True,1_sustained_voice_candidate,[]
rec_9c81d03b03016f6d,session4/Camera-2024-06-21-103121-103102,1,True,1_sustained_voice_candidate,['brief_voice_not_resolved']
rec_22f642027b771df0,session4/Camera-2024-06-26-093649-093642,1,False,uncertain,"['brief_voice_not_resolved', 'neighbor_sensitivity', 'partition_sensitivity']"
rec_c7f734b6f4c354dd,session4/Camera-2024-06-26-105024-105025,1,True,1_sustained_voice_candidate,['brief_voice_not_resolved']
rec_a8a5e7f5cd87075c,session4/Camera-2024-06-26-122334-122317,1,True,1_sustained_voice_candidate,['brief_voice_not_resolved']
rec_e80d485e442cb9a3,session4/Camera-2024-06-26-151459-151413,1,True,1_sustained_voice_candidate,['brief_voice_not_resolved']
rec_b4574deb1c5032ed,session4/Camera-2024-06-26-160214-160213,1,True,1_sustained_voice_candidate,['brief_voice_not_resolved']
rec_40da5a138aca186c,session4/Camera-2024-06-28-103912-104008,2,False,uncertain,"['brief_voice_not_resolved', 'small_cluster']"
rec_dcfa1d020b846579,session4/Camera-2024-06-28-112322-112419,1,True,1_sustained_voice_candidate,['brief_voice_not_resolved']
rec_cdec1f9e6a3172d0,session4/Camera-2024-06-28-120152-120208,1,True,1_sustained_voice_candidate,['brief_voice_not_resolved']
rec_2cc74f17691538ef,session4/Camera-2024-06-28-153101-153104,1,True,1_sustained_voice_candidate,['brief_voice_not_resolved']
rec_125c8740c3875580,session4/Camera-2024-06-28-160651-160703,1,True,1_sustained_voice_candidate,['brief_voice_not_resolved']
rec_52a0a25304fdd1d7,session4/Camera-2024-06-28-164549-164628,1,True,1_sustained_voice_candidate,['brief_voice_not_resolved']
rec_43c32d7b35523afa,session4/Camera-2024-07-04-103805-103835,1,True,1_sustained_voice_candidate,['brief_voice_not_resolved']
rec_4bb60b34820888c2,session4/Camera-2024-07-04-112307-112347,1,True,1_sustained_voice_candidate,['brief_voice_not_resolved']
rec_57e0f20beb086361,session4/Camera-2024-07-04-120006-120008,1,True,1_sustained_voice_candidate,['brief_voice_not_resolved']
rec_5e8ca87f8d9098b5,session4/Camera-2024-07-08-120627-120613,1,True,1_sustained_voice_candidate,['brief_voice_not_resolved']
rec_b53cd2cc798aa0b8,session4/Camera-2024-07-08-151240-151227,1,True,1_sustained_voice_candidate,['brief_voice_not_resolved']
rec_2d7bcb1af0fc9677,session4/Camera-2024-07-09-100427-100257,1,True,1_sustained_voice_candidate,['brief_voice_not_resolved']
rec_275f1025dd9d9af8,session4/Camera-2024-07-09-104540-104439,1,True,1_sustained_voice_candidate,['brief_voice_not_resolved']
rec_23059f16468e03b5,session4/Camera-2024-07-09-111741-111806,1,True,1_sustained_voice_candidate,['brief_voice_not_resolved']
rec_204efc2813c791c4,session4/Camera-2024-07-09-134253-134210,1,True,1_sustained_voice_candidate,['brief_voice_not_resolved']
rec_4e5ba2a5a829809a,session4/Camera-2024-07-09-142938-142853,1,True,1_sustained_voice_candidate,['brief_voice_not_resolved']
rec_f47ebb7b166f5af0,session4/Camera-2024-07-09-151245-151110,1,True,1_sustained_voice_candidate,['brief_voice_not_resolved']
rec_579545acf4bf9999,session4/Camera-2024-07-10-134814-134720,1,True,1_sustained_voice_candidate,['brief_voice_not_resolved']
rec_eb15cfa42b99f2ac,session4/Camera-2024-07-10-142319-142203,1,True,1_sustained_voice_candidate,['brief_voice_not_resolved']
rec_f25667bc9357f2f0,session4/Camera-2024-07-10-150927-150804,1,True,1_sustained_voice_candidate,['brief_voice_not_resolved']
rec_f686f79f8eefdaab,session4/Camera-2024-07-10-154722-154626,1,True,1_sustained_voice_candidate,['brief_voice_not_resolved']
rec_156fe646ecb35023,session4/Camera-2024-07-11-094209-094215,1,True,1_sustained_voice_candidate,['brief_voice_not_resolved']
rec_d2aa0a46b5adb70a,session4/Camera-2024-07-11-103159-103100,1,True,1_sustained_voice_candidate,['brief_voice_not_resolved']
rec_2e50fcdfda7cec4c,session4/Camera-2024-07-11-111326-111141,1,True,1_sustained_voice_candidate,[]
rec_97bbb97c1058440a,session4/Camera-2024-07-11-120318-120232,2,False,uncertain,"['brief_voice_not_resolved', 'small_cluster']"
rec_1bab1748405b8598,session4/Camera-2024-07-11-134401-134311,1,True,1_sustained_voice_candidate,['brief_voice_not_resolved']
rec_eed21cc97e61a4cd,session4/Camera-2024-07-11-142837-142758,1,True,1_sustained_voice_candidate,['brief_voice_not_resolved']
rec_6f3137303b9caa2c,session4/Camera-2024-07-11-154330-154400,1,True,1_sustained_voice_candidate,['brief_voice_not_resolved']
rec_558f9ea5c20b7714,session4/Camera-2024-07-11-161602-161527,1,True,1_sustained_voice_candidate,['brief_voice_not_resolved']
rec_a0bbb8477c4be794,session4/Camera-2024-07-16-134902-134937,1,True,1_sustained_voice_candidate,['brief_voice_not_resolved']
rec_575f90b26cdc2245,session4/Camera-2024-07-16-143113-143143,1,True,1_sustained_voice_candidate,['brief_voice_not_resolved']
rec_7e8ad42be0080f7e,session4/Camera-2024-07-16-152105-152147,1,True,1_sustained_voice_candidate,['brief_voice_not_resolved']
rec_8540c99b2509f6f1,session4/Camera-2024-07-16-160716-160749,1,True,1_sustained_voice_candidate,['brief_voice_not_resolved']
rec_298925821cdf2969,session4/Camera-2024-07-17-104338-104241,1,True,1_sustained_voice_candidate,['brief_voice_not_resolved']
rec_89332df2f287aea6,session4/Camera-2024-07-17-112836-112807,1,True,1_sustained_voice_candidate,['brief_voice_not_resolved']
rec_ef2cb94bf33640ef,session4/Camera-2024-07-17-121257-121235,2,False,uncertain,"['brief_voice_not_resolved', 'small_cluster']"
rec_f3d1c016ea3530ab,session4/Camera-2024-07-19-143058-143036,1,True,1_sustained_voice_candidate,['brief_voice_not_resolved']
rec_04b7e54f97557f20,session4/Camera-2024-07-19-151039-150947,1,True,1_sustained_voice_candidate,['brief_voice_not_resolved']
rec_e976fa75746406f7,session4/Camera-2024-07-22-093331-093420,1,True,1_sustained_voice_candidate,['brief_voice_not_resolved']
rec_496287e8f42b2ae7,session4/Camera-2024-07-22-103025-103101,1,True,1_sustained_voice_candidate,['brief_voice_not_resolved']
rec_3b04d830ca5fcd3d,session4/Camera-2024-07-22-111042-111140,1,True,1_sustained_voice_candidate,['brief_voice_not_resolved']
rec_1468c8203793f48c,session4/Camera-2024-07-22-132508-132549,1,True,1_sustained_voice_candidate,['brief_voice_not_resolved']
rec_639c45169005a807,session4/Camera-2024-07-22-135929-140003,1,True,1_sustained_voice_candidate,['brief_voice_not_resolved']
rec_bf7437be3f348511,session4/Camera-2024-07-22-143349-143428,1,True,1_sustained_voice_candidate,['brief_voice_not_resolved']
rec_fd6a3793187f7333,session4/Camera-2024-07-22-155059-155140,1,True,1_sustained_voice_candidate,['brief_voice_not_resolved']
rec_0183f1e1abd9e5ac,session4/Camera-2024-07-24-095443-095420,1,True,1_sustained_voice_candidate,['brief_voice_not_resolved']
rec_d4a263948edfe58d,session4/Camera-2024-07-24-103011-103000,1,True,1_sustained_voice_candidate,['brief_voice_not_resolved']
rec_530b22f93a8f0e7d,session4/Camera-2024-07-24-110700-110644,1,True,1_sustained_voice_candidate,['brief_voice_not_resolved']
rec_af5150c3cd1c1a55,session4/Camera-2024-07-24-114427-114339,1,True,1_sustained_voice_candidate,['brief_voice_not_resolved']
rec_587a0fcaa31c3386,session4/Camera-2024-07-25-155256-155217,1,True,1_sustained_voice_candidate,['brief_voice_not_resolved']
rec_0045a3c20643b294,session4/Camera-2024-07-25-162817-162715,1,True,1_sustained_voice_candidate,['brief_voice_not_resolved']
rec_83a7e0d3cfb5b062,session4/Camera-2024-07-26-103222-103252,1,True,1_sustained_voice_candidate,['brief_voice_not_resolved']
rec_feff117e45c0c9f0,session4/Camera-2024-07-26-110838-110914,1,True,1_sustained_voice_candidate,['brief_voice_not_resolved']
rec_ca84fe01b09df7fe,session4/Camera-2024-07-29-135410-135329,1,True,1_sustained_voice_candidate,['brief_voice_not_resolved']
rec_bdd28eff9b18f2c5,session4/Camera-2024-07-29-150955-150932,1,True,1_sustained_voice_candidate,['brief_voice_not_resolved']
rec_f3e8cbd92bfd4e7d,session4/Camera-2024-07-29-160525-160426,1,True,1_sustained_voice_candidate,['brief_voice_not_resolved']
rec_207f1556f6a84535,session4/Camera-2024-07-29-163415-163339,1,True,1_sustained_voice_candidate,['brief_voice_not_resolved']
rec_25f1cde89ac6ff85,session4/Camera-2024-07-30-110806-110844,1,True,1_sustained_voice_candidate,['brief_voice_not_resolved']
rec_df9d4d00729dcef2,session4/Camera-2024-07-30-114103-114135,1,True,1_sustained_voice_candidate,['brief_voice_not_resolved']
rec_b9107a5870507d6b,session4/Camera-2024-07-30-123234-123305,1,True,1_sustained_voice_candidate,['brief_voice_not_resolved']
rec_76f9795c516cbfd5,session4/Camera-2024-07-30-150921-151000,2,True,2_sustained_voice_candidate,[]
rec_565fa81630ff3a2e,session4/Camera-2024-07-30-154819-154923,1,True,1_sustained_voice_candidate,['brief_voice_not_resolved']
rec_c22bd8416c411925,session4/Camera-2024-07-30-161637-161715,1,True,1_sustained_voice_candidate,['brief_voice_not_resolved']
rec_bae519eaae5730ef,session4/Camera-2024-07-31-102814-102840,1,True,1_sustained_voice_candidate,['brief_voice_not_resolved']
rec_350a7c3c7c06c7f2,session4/Camera-2024-07-31-110521-110601,1,True,1_sustained_voice_candidate,['brief_voice_not_resolved']
rec_765f856e6917de32,session4/Camera-2024-07-31-114456-114534,1,True,1_sustained_voice_candidate,['brief_voice_not_resolved']
rec_d82d0175ac69b010,session4/Camera-2024-07-31-135431-135505,2,False,uncertain,"['brief_voice_not_resolved', 'neighbor_sensitivity', 'partition_sensitivity', 'small_cluster']"
rec_53783cda20a87913,session4/Camera-2024-07-31-152258-152337,1,True,1_sustained_voice_candidate,['brief_voice_not_resolved']
rec_c46e96b128cf2ae6,session4/Camera-2024-07-31-172208-172241,1,True,1_sustained_voice_candidate,['brief_voice_not_resolved']
rec_b93f73aabae6b625,session4/Camera-2024-08-08-153226-153307,1,True,1_sustained_voice_candidate,['brief_voice_not_resolved']
rec_c42bfe4be8f97129,session4/Camera-2024-10-14-135007-134930,1,True,1_sustained_voice_candidate,['brief_voice_not_resolved']
rec_720aefacddb96ee5,session4/Camera-2024-10-14-143533-143358,1,True,1_sustained_voice_candidate,['brief_voice_not_resolved']
rec_df1a1d791dec0322,session4/Camera-2024-10-14-151541-151421,1,True,1_sustained_voice_candidate,['brief_voice_not_resolved']
rec_05cc831dcdcc1f64,session4/Camera-2024-10-14-161029-160925,1,True,1_sustained_voice_candidate,['brief_voice_not_resolved']
rec_d6eda355689f6f5f,session4/Camera-2024-10-15-094459-094548,1,False,uncertain,"['brief_voice_not_resolved', 'neighbor_sensitivity', 'partition_sensitivity']"
rec_b47052b3fc7e2cd9,session4/Camera-2024-10-15-102854-102945,1,True,1_sustained_voice_candidate,['brief_voice_not_resolved']
rec_ff0a1a719fea423a,session4/Camera-2024-10-15-111253-111325,1,True,1_sustained_voice_candidate,['brief_voice_not_resolved']
rec_422a43ae21745894,session4/Camera-2024-10-21-103126-103143,1,True,1_sustained_voice_candidate,['brief_voice_not_resolved']
rec_d0666dbada4a493f,session4/Camera-2024-10-21-112420-112230,1,True,1_sustained_voice_candidate,['brief_voice_not_resolved']
rec_f3842d847a8fb59e,session4/Camera-2024-10-21-121606-121455,1,True,1_sustained_voice_candidate,['brief_voice_not_resolved']
rec_b6241709038a7f8b,session4/Camera-2024-10-21-125749-125756,1,True,1_sustained_voice_candidate,['brief_voice_not_resolved']
rec_f3b5f2043d4cf45d,session4/Camera-2024-10-22-103728-103815,1,True,1_sustained_voice_candidate,['brief_voice_not_resolved']
rec_cb85888796e9a58a,session4/Camera-2024-10-22-115558-115626,1,True,1_sustained_voice_candidate,['brief_voice_not_resolved']
rec_6ccb2f4cac82c6b7,session4/Camera-2024-10-22-123739-123750,1,True,1_sustained_voice_candidate,['brief_voice_not_resolved']
rec_8da2b4ff3bd0ed35,session4/Camera-2024-10-22-153434-153503,1,True,1_sustained_voice_candidate,['brief_voice_not_resolved']
rec_059d448597440dfa,session4/Camera-2024-10-22-161742-161747,2,False,uncertain,"['brief_voice_not_resolved', 'neighbor_sensitivity', 'partition_sensitivity', 'small_cluster']"
rec_3d7a4ec03cbf9dfd,session4/Camera-2024-10-22-165256-165322,1,True,1_sustained_voice_candidate,['brief_voice_not_resolved']
rec_b80a17f794296a72,session4/Camera-2024-10-22-173423-173423,1,True,1_sustained_voice_candidate,['brief_voice_not_resolved']
rec_ae23098b04501666,session4/Camera-2024-10-23-134159-134313,1,True,1_sustained_voice_candidate,['brief_voice_not_resolved']
rec_ff0df4edaa687d04,session4/Camera-2024-10-23-143154-143223,1,True,1_sustained_voice_candidate,['brief_voice_not_resolved']
rec_fb78c80b0fc4d26d,session4/Camera-2024-10-23-151539-151613,1,True,1_sustained_voice_candidate,['brief_voice_not_resolved']
rec_e02f29bb4caa26e0,session4/Camera-2024-10-23-155518-155524,1,True,1_sustained_voice_candidate,['brief_voice_not_resolved']
rec_31a7c6984e5425b1,session5/Camera-2024-06-21-103121-103102,1,True,1_sustained_voice_candidate,['brief_voice_not_resolved']
rec_64697e35be195606,session5/Camera-2024-06-26-093649-093642,1,True,1_sustained_voice_candidate,['brief_voice_not_resolved']
rec_8776e06a3961c189,session5/Camera-2024-06-26-105024-105025,1,True,1_sustained_voice_candidate,['brief_voice_not_resolved']
rec_a881014021812f26,session5/Camera-2024-06-26-122334-122317,1,True,1_sustained_voice_candidate,['brief_voice_not_resolved']
rec_a8a45877a340b4fd,session5/Camera-2024-06-26-151459-151413,1,True,1_sustained_voice_candidate,['brief_voice_not_resolved']
rec_2cd6c9975982968e,session5/Camera-2024-06-26-160214-160213,1,True,1_sustained_voice_candidate,[]
rec_a0f05d21e0c8c814,session5/Camera-2024-06-28-103912-104008,1,True,1_sustained_voice_candidate,[]
rec_11f781ffd5531086,session5/Camera-2024-06-28-112322-112419,1,True,1_sustained_voice_candidate,['brief_voice_not_resolved']
rec_d15edad98ffb1280,session5/Camera-2024-06-28-120152-120208,1,True,1_sustained_voice_candidate,['brief_voice_not_resolved']
rec_2a2fbf705187da4f,session5/Camera-2024-06-28-153101-153104,1,True,1_sustained_voice_candidate,['brief_voice_not_resolved']
rec_4a23580cbe9d5876,session5/Camera-2024-06-28-160651-160703,1,True,1_sustained_voice_candidate,[]
rec_2a5eb9949a7fbf10,session5/Camera-2024-06-28-164549-164628,1,True,1_sustained_voice_candidate,['brief_voice_not_resolved']
rec_5c5f358573ff7d9a,session5/Camera-2024-07-04-103805-103835,1,True,1_sustained_voice_candidate,['brief_voice_not_resolved']
rec_3aad2bb5f3872996,session5/Camera-2024-07-04-112307-112347,1,True,1_sustained_voice_candidate,['brief_voice_not_resolved']
rec_64dc9bb539c6ab1a,session5/Camera-2024-07-04-120006-120008,1,True,1_sustained_voice_candidate,['brief_voice_not_resolved']
rec_a937338f815823ca,session5/Camera-2024-07-08-120627-120613,1,True,1_sustained_voice_candidate,[]
rec_a702cbd58c0384be,session5/Camera-2024-07-08-143054-143035,1,True,1_sustained_voice_candidate,['brief_voice_not_resolved']
rec_797b45159d09a5e0,session5/Camera-2024-07-08-151240-151227,1,True,1_sustained_voice_candidate,['brief_voice_not_resolved']
rec_93d9c9860b6279e3,session5/Camera-2024-07-09-100427-100257,1,True,1_sustained_voice_candidate,['brief_voice_not_resolved']
rec_f92a5e50a4f35f8f,session5/Camera-2024-07-09-104540-104439,1,True,1_sustained_voice_candidate,[]
rec_90d14c724eda2038,session5/Camera-2024-07-09-111741-111806,1,True,1_sustained_voice_candidate,['brief_voice_not_resolved']
rec_9d69a7a04d23034b,session5/Camera-2024-07-09-134253-134210,1,True,1_sustained_voice_candidate,['brief_voice_not_resolved']
rec_9f8d1f46d4046a80,session5/Camera-2024-07-09-142938-142853,1,True,1_sustained_voice_candidate,['brief_voice_not_resolved']
rec_e3d89f16963d1809,session5/Camera-2024-07-09-151245-151110,1,True,1_sustained_voice_candidate,['brief_voice_not_resolved']
rec_fa1074f73fb3b558,session5/Camera-2024-07-10-134814-134720,1,True,1_sustained_voice_candidate,['brief_voice_not_resolved']
rec_aae50263c4f861f8,session5/Camera-2024-07-10-142319-142203,1,True,1_sustained_voice_candidate,['brief_voice_not_resolved']
rec_0ec16b9d1379feb1,session5/Camera-2024-07-10-150927-150804,1,True,1_sustained_voice_candidate,['brief_voice_not_resolved']
rec_2b71f2ab308b56f7,session5/Camera-2024-07-10-154722-154626,1,True,1_sustained_voice_candidate,['brief_voice_not_resolved']
rec_f84d2c29a7a16a76,session5/Camera-2024-07-11-094209-094215,1,True,1_sustained_voice_candidate,['brief_voice_not_resolved']
rec_2ff3c9fa0633e15f,session5/Camera-2024-07-11-103159-103100,1,True,1_sustained_voice_candidate,['brief_voice_not_resolved']
rec_0fb4a1f4b5453f76,session5/Camera-2024-07-11-111326-111141,1,True,1_sustained_voice_candidate,['brief_voice_not_resolved']
rec_61f5460e042d6120,session5/Camera-2024-07-11-120318-120232,1,True,1_sustained_voice_candidate,['brief_voice_not_resolved']
rec_3f27a6692ac54b92,session5/Camera-2024-07-11-134401-134311,1,True,1_sustained_voice_candidate,[]
rec_a8c49bd18e3e7832,session5/Camera-2024-07-11-142837-142758,1,True,1_sustained_voice_candidate,['brief_voice_not_resolved']
rec_a059335907ccb129,session5/Camera-2024-07-11-154330-154400,1,True,1_sustained_voice_candidate,[]
rec_aab7d04175e1953b,session5/Camera-2024-07-11-161602-161527,1,True,1_sustained_voice_candidate,[]
rec_c029a11f647ab2f6,session5/Camera-2024-07-16-134902-134937,1,True,1_sustained_voice_candidate,['brief_voice_not_resolved']
rec_603b6543560e857f,session5/Camera-2024-07-16-143113-143143,1,True,1_sustained_voice_candidate,['brief_voice_not_resolved']
rec_8f26e8f6472f6c51,session5/Camera-2024-07-16-152105-152147,1,True,1_sustained_voice_candidate,['brief_voice_not_resolved']
rec_2f85ed842b165a55,session5/Camera-2024-07-16-160716-160749,1,True,1_sustained_voice_candidate,[]
rec_6e9803d7172be99e,session5/Camera-2024-07-17-104338-104241,1,True,1_sustained_voice_candidate,['brief_voice_not_resolved']
rec_8b90bd6256915606,session5/Camera-2024-07-17-112836-112807,1,True,1_sustained_voice_candidate,['brief_voice_not_resolved']
rec_0ec068549620b99e,session5/Camera-2024-07-17-121257-121235,1,True,1_sustained_voice_candidate,['brief_voice_not_resolved']
rec_467455dddff9d623,session5/Camera-2024-07-19-143058-143036,1,True,1_sustained_voice_candidate,['brief_voice_not_resolved']
rec_685c8cf7c5e613b7,session5/Camera-2024-07-19-151039-150947,1,True,1_sustained_voice_candidate,['brief_voice_not_resolved']
rec_0a429ee79ea26205,session5/Camera-2024-07-22-093331-093420,1,True,1_sustained_voice_candidate,['brief_voice_not_resolved']
rec_ed9b039e87dd4536,session5/Camera-2024-07-22-103025-103101,1,True,1_sustained_voice_candidate,[]
rec_a27f72935f9dcd72,session5/Camera-2024-07-22-111042-111140,1,True,1_sustained_voice_candidate,[]
rec_1c79dbd2577f3b9d,session5/Camera-2024-07-22-132508-132549,1,True,1_sustained_voice_candidate,[]
rec_5b05b9cad015103a,session5/Camera-2024-07-22-135929-140003,1,True,1_sustained_voice_candidate,['brief_voice_not_resolved']
rec_306358463bca559a,session5/Camera-2024-07-22-143349-143428,1,True,1_sustained_voice_candidate,[]
rec_91910d829243b543,session5/Camera-2024-07-22-155059-155140,1,True,1_sustained_voice_candidate,[]
rec_206ed293748210fb,session5/Camera-2024-07-24-095443-095420,1,True,1_sustained_voice_candidate,['brief_voice_not_resolved']
rec_33ccfad1f5a04b08,session5/Camera-2024-07-24-103011-103000,1,True,1_sustained_voice_candidate,['brief_voice_not_resolved']
rec_f92a6d56b78d6749,session5/Camera-2024-07-24-110700-110644,1,True,1_sustained_voice_candidate,['brief_voice_not_resolved']
rec_80795c8275deb408,session5/Camera-2024-07-24-114427-114339,1,True,1_sustained_voice_candidate,['brief_voice_not_resolved']
rec_2333d3d020d43b8c,session5/Camera-2024-07-25-155256-155217,1,True,1_sustained_voice_candidate,['brief_voice_not_resolved']
rec_ecbe319283809985,session5/Camera-2024-07-25-162817-162715,1,True,1_sustained_voice_candidate,['brief_voice_not_resolved']
rec_958ec33c11a91981,session5/Camera-2024-07-26-103222-103252,1,True,1_sustained_voice_candidate,['brief_voice_not_resolved']
rec_4eb51ee8c0d1de0e,session5/Camera-2024-07-26-110838-110914,1,True,1_sustained_voice_candidate,['brief_voice_not_resolved']
rec_394221096e2f18bd,session5/Camera-2024-07-26-120608-120642,1,True,1_sustained_voice_candidate,['brief_voice_not_resolved']
rec_d29e643b149833d5,session5/Camera-2024-07-29-135410-135329,1,True,1_sustained_voice_candidate,['brief_voice_not_resolved']
rec_91f1c9c032fb2b71,session5/Camera-2024-07-29-143941-143856,1,True,1_sustained_voice_candidate,['brief_voice_not_resolved']
rec_f007c872480f898c,session5/Camera-2024-07-29-150955-150932,1,True,1_sustained_voice_candidate,['brief_voice_not_resolved']
rec_211f713e11a0074c,session5/Camera-2024-07-29-160525-160426,1,True,1_sustained_voice_candidate,[]
rec_15352a138b3ff1de,session5/Camera-2024-07-29-163415-163339,1,True,1_sustained_voice_candidate,['brief_voice_not_resolved']
rec_38178c0175fb5801,session5/Camera-2024-07-30-110806-110844,1,True,1_sustained_voice_candidate,[]
rec_891ca80e6e18108e,session5/Camera-2024-07-30-123234-123305,1,True,1_sustained_voice_candidate,[]
rec_1db4df72ec3a11b3,session5/Camera-2024-07-30-150921-151000,1,True,1_sustained_voice_candidate,['brief_voice_not_resolved']
rec_53ef0583e27d703d,session5/Camera-2024-07-30-154819-154923,1,True,1_sustained_voice_candidate,[]
rec_278982ed5e4331ab,session5/Camera-2024-07-30-161637-161715,1,True,1_sustained_voice_candidate,['brief_voice_not_resolved']
rec_c85806aeff34ae75,session5/Camera-2024-07-31-102814-102840,1,True,1_sustained_voice_candidate,['brief_voice_not_resolved']
rec_7591b61291f29ebb,session5/Camera-2024-07-31-110521-110601,1,True,1_sustained_voice_candidate,['brief_voice_not_resolved']
rec_e5ce96dc9e0a1794,session5/Camera-2024-07-31-114456-114534,1,True,1_sustained_voice_candidate,['brief_voice_not_resolved']
rec_82a2200ce93f9bab,session5/Camera-2024-07-31-135431-135505,1,True,1_sustained_voice_candidate,['brief_voice_not_resolved']
rec_f347e15abd8659d0,session5/Camera-2024-07-31-152258-152337,1,True,1_sustained_voice_candidate,['brief_voice_not_resolved']
rec_9d128062e1153c47,session5/Camera-2024-07-31-172208-172241,1,True,1_sustained_voice_candidate,['brief_voice_not_resolved']
rec_c51bac4007c0858a,session5/Camera-2024-08-08-153226-153307,2,False,uncertain,['small_cluster']
rec_6c6a07f332902e57,session5/Camera-2024-10-14-135007-134930,1,True,1_sustained_voice_candidate,['brief_voice_not_resolved']
rec_2aef7413aadcc0e2,session5/Camera-2024-10-14-143533-143358,1,True,1_sustained_voice_candidate,['brief_voice_not_resolved']
rec_ce80169eecc39896,session5/Camera-2024-10-14-151541-151421,1,True,1_sustained_voice_candidate,[]
rec_c3ae51a6e86a9f3c,session5/Camera-2024-10-14-161029-160925,1,True,1_sustained_voice_candidate,['brief_voice_not_resolved']
rec_adc4d5a4a548a877,session5/Camera-2024-10-15-094459-094548,1,True,1_sustained_voice_candidate,['brief_voice_not_resolved']
rec_a06ea45bfdcbeddd,session5/Camera-2024-10-15-102854-102945,1,True,1_sustained_voice_candidate,[]
rec_4058e287f68598fb,session5/Camera-2024-10-15-111253-111325,1,True,1_sustained_voice_candidate,['brief_voice_not_resolved']
rec_84ee4350e562fa5b,session5/Camera-2024-10-21-103126-103143,1,True,1_sustained_voice_candidate,['brief_voice_not_resolved']
rec_f53f4778356710e0,session5/Camera-2024-10-21-112420-112230,1,True,1_sustained_voice_candidate,['brief_voice_not_resolved']
rec_4101b4aeebb45973,session5/Camera-2024-10-21-121606-121455,1,True,1_sustained_voice_candidate,['brief_voice_not_resolved']
rec_029e8dfce0696ff2,session5/Camera-2024-10-21-125749-125756,1,True,1_sustained_voice_candidate,['brief_voice_not_resolved']
rec_08271e19df3340a1,session5/Camera-2024-10-22-103728-103815,1,True,1_sustained_voice_candidate,['brief_voice_not_resolved']
rec_9c6752b94f910103,session5/Camera-2024-10-22-115558-115626,1,True,1_sustained_voice_candidate,['brief_voice_not_resolved']
rec_9e5e403a64b2b28b,session5/Camera-2024-10-22-123739-123750,1,True,1_sustained_voice_candidate,['brief_voice_not_resolved']
rec_543f0a70f3dea1b0,session5/Camera-2024-10-22-153434-153503,1,True,1_sustained_voice_candidate,['brief_voice_not_resolved']
rec_f03d9f750a35feb4,session5/Camera-2024-10-22-161742-161747,1,True,1_sustained_voice_candidate,['brief_voice_not_resolved']
rec_c3311d861036891a,session5/Camera-2024-10-22-165256-165322,1,True,1_sustained_voice_candidate,['brief_voice_not_resolved']
rec_115da0f6c537f53d,session5/Camera-2024-10-22-173423-173423,1,True,1_sustained_voice_candidate,['brief_voice_not_resolved']
rec_c6c6bbf81c0859bb,session5/Camera-2024-10-23-134159-134313,1,True,1_sustained_voice_candidate,['brief_voice_not_resolved']
rec_bcf63e090b7db8fd,session5/Camera-2024-10-23-143154-143223,1,True,1_sustained_voice_candidate,[]
rec_e786e59b85557cde,session5/Camera-2024-10-23-151539-151613,1,True,1_sustained_voice_candidate,['brief_voice_not_resolved']
rec_8208d8102655357c,session5/Camera-2024-10-23-155518-155524,1,True,1_sustained_voice_candidate,[]
rec_1341aa66f6ae74e9,session6/Camera-2024-06-21-103121-103102,,False,uncertain,['insufficient_evidence']
rec_fff47c8a846f1186,session6/Camera-2024-06-26-093649-093642,,False,uncertain,['insufficient_evidence']
rec_12a0511149132322,session6/Camera-2024-06-26-105024-105025,,False,uncertain,['insufficient_evidence']
rec_496acd7c50aa487d,session6/Camera-2024-06-26-122334-122317,,False,uncertain,['insufficient_evidence']
rec_4fe6256fe9e9d126,session6/Camera-2024-06-26-151459-151413,,False,uncertain,['insufficient_evidence']
rec_7f1ff7721610c4af,session6/Camera-2024-06-26-160214-160213,,False,uncertain,['insufficient_evidence']
rec_df436f9d9071021a,session6/Camera-2024-06-28-103912-104008,,False,uncertain,['insufficient_evidence']
rec_6fcecbd87c8f13b6,session6/Camera-2024-06-28-112322-112419,,False,uncertain,['insufficient_evidence']
rec_8901d7e7238859ae,session6/Camera-2024-06-28-120152-120208,,False,uncertain,['insufficient_evidence']
rec_23c8de02173ead3c,session6/Camera-2024-06-28-153101-153104,,False,uncertain,['insufficient_evidence']
rec_840d5dae716146b5,session6/Camera-2024-06-28-160651-160703,,False,uncertain,['insufficient_evidence']
rec_01cef46aec688a85,session6/Camera-2024-06-28-164549-164628,,False,uncertain,['insufficient_evidence']
rec_b648878fa0b3c417,session6/Camera-2024-07-04-103805-103835,,False,uncertain,"['brief_voice_not_resolved', 'insufficient_evidence']"
rec_4c27faf8b17645e6,session6/Camera-2024-07-04-112307-112347,,False,uncertain,['insufficient_evidence']
rec_770fc1dde3ffbf9c,session6/Camera-2024-07-04-120006-120008,,False,uncertain,['insufficient_evidence']
rec_c13fef235bfd898d,session6/Camera-2024-07-08-120627-120613,,False,uncertain,['insufficient_evidence']
rec_7af4284d149dc38f,session6/Camera-2024-07-08-143054-143035,,False,uncertain,['insufficient_evidence']
rec_5e9327c2041e55fd,session6/Camera-2024-07-08-151240-151227,,False,uncertain,['insufficient_evidence']
rec_68d8c5be83381407,session6/Camera-2024-07-09-100427-100257,,False,uncertain,['insufficient_evidence']
rec_d18d40a21d00badb,session6/Camera-2024-07-09-104540-104439,,False,uncertain,['insufficient_evidence']
rec_22609b1aec92a3c7,session6/Camera-2024-07-09-111741-111806,,False,uncertain,['insufficient_evidence']
rec_b51df2b425af2e66,session6/Camera-2024-07-09-134253-134210,,False,uncertain,['insufficient_evidence']
rec_20eb1d57e097da89,session6/Camera-2024-07-09-142938-142853,,False,uncertain,['insufficient_evidence']
rec_1d8213e9722a528b,session6/Camera-2024-07-09-151245-151110,,False,uncertain,['insufficient_evidence']
rec_85ea7b8f9d136e41,session6/Camera-2024-07-10-134814-134720,,False,uncertain,['insufficient_evidence']
rec_59957c6ff8ca249c,session6/Camera-2024-07-10-142319-142203,,False,uncertain,['insufficient_evidence']
rec_01043e7ad8132347,session6/Camera-2024-07-10-150927-150804,,False,uncertain,['insufficient_evidence']
rec_386630c938e80d21,session6/Camera-2024-07-10-154722-154626,,False,uncertain,['insufficient_evidence']
rec_2f26fe8686424294,session6/Camera-2024-07-11-094209-094215,,False,uncertain,['insufficient_evidence']
rec_0b71cd5f91ce2154,session6/Camera-2024-07-11-103159-103100,,False,uncertain,['insufficient_evidence']
rec_2cb4279fdfb150dd,session6/Camera-2024-07-11-111326-111141,,False,uncertain,['insufficient_evidence']
rec_03dd5af66e9cf3ef,session6/Camera-2024-07-11-120318-120232,,False,uncertain,['insufficient_evidence']
rec_dccd1e7a21561b5e,session6/Camera-2024-07-11-134401-134311,,False,uncertain,['insufficient_evidence']
rec_d373e7e71340b252,session6/Camera-2024-07-11-142837-142758,,False,uncertain,['insufficient_evidence']
rec_26207ae962d7056d,session6/Camera-2024-07-11-154330-154400,,False,uncertain,['insufficient_evidence']
rec_9e7718db7cefcdd8,session6/Camera-2024-07-11-161602-161527,,False,uncertain,['insufficient_evidence']
rec_e787fb5e5097e6f8,session6/Camera-2024-07-16-134902-134937,,False,uncertain,['insufficient_evidence']
rec_84ffb040202d979b,session6/Camera-2024-07-16-143113-143143,,False,uncertain,['insufficient_evidence']
rec_b91bcb248079f3f5,session6/Camera-2024-07-16-152105-152147,,False,uncertain,['insufficient_evidence']
rec_4f4fd12526217374,session6/Camera-2024-07-16-160716-160749,,False,uncertain,['insufficient_evidence']
rec_fbc903ec3f89956d,session6/Camera-2024-07-17-104338-104241,,False,uncertain,['insufficient_evidence']
rec_5beccc8144ebd961,session6/Camera-2024-07-17-112836-112807,,False,uncertain,['insufficient_evidence']
rec_5fb1f855987ab119,session6/Camera-2024-07-17-121257-121235,1,True,1_sustained_voice_candidate,['brief_voice_not_resolved']
rec_75eaaeac4524bf97,session6/Camera-2024-07-19-143058-143036,,False,uncertain,['insufficient_evidence']
rec_04834594af398e75,session6/Camera-2024-07-19-151039-150947,,False,uncertain,['insufficient_evidence']
rec_2c2694c3b4c00104,session6/Camera-2024-07-22-093331-093420,,False,uncertain,['insufficient_evidence']
rec_cf4b00dca4364f57,session6/Camera-2024-07-22-103025-103101,,False,uncertain,['insufficient_evidence']
rec_06e8ed1ba86cc05e,session6/Camera-2024-07-22-111042-111140,,False,uncertain,['insufficient_evidence']
rec_1ed0b52e52629547,session6/Camera-2024-07-22-132508-132549,,False,uncertain,['insufficient_evidence']
rec_f351f9bb77920faa,session6/Camera-2024-07-22-135929-140003,,False,uncertain,['insufficient_evidence']
rec_ba50fb9cf2304c9d,session6/Camera-2024-07-22-143349-143428,,False,uncertain,['insufficient_evidence']
rec_e7f721bb1fd53270,session6/Camera-2024-07-22-155059-155140,,False,uncertain,['insufficient_evidence']
rec_5625aa9329bb94d5,session6/Camera-2024-07-24-095443-095420,,False,uncertain,['insufficient_evidence']
rec_0a682829bb553210,session6/Camera-2024-07-24-103011-103000,,False,uncertain,['insufficient_evidence']
rec_93404e138ae69eb5,session6/Camera-2024-07-24-110700-110644,,False,uncertain,['insufficient_evidence']
rec_61aee589acaa49b0,session6/Camera-2024-07-24-114427-114339,,False,uncertain,['insufficient_evidence']
rec_d1ab8ac8637625c6,session6/Camera-2024-07-25-155256-155217,,False,uncertain,['insufficient_evidence']
rec_9ac45268294e92fc,session6/Camera-2024-07-25-162817-162715,,False,uncertain,"['brief_voice_not_resolved', 'insufficient_evidence']"
rec_1e8df102f05e77e1,session6/Camera-2024-07-26-103222-103252,,False,uncertain,"['brief_voice_not_resolved', 'insufficient_evidence']"
rec_d82f0be07c58c797,session6/Camera-2024-07-26-110838-110914,,False,uncertain,['insufficient_evidence']
rec_3056a774f4a72ef3,session6/Camera-2024-07-26-120608-120642,,False,uncertain,['insufficient_evidence']
rec_7dc832938f99e6cf,session6/Camera-2024-07-29-135410-135329,,False,uncertain,['insufficient_evidence']
rec_10f22881338d770b,session6/Camera-2024-07-29-143941-143856,,False,uncertain,['insufficient_evidence']
rec_699aa806192c20f6,session6/Camera-2024-07-29-150955-150932,,False,uncertain,['insufficient_evidence']
rec_8f6dfca210a09ff5,session6/Camera-2024-07-29-160525-160426,,False,uncertain,['insufficient_evidence']
rec_960a4541d1bfcedf,session6/Camera-2024-07-29-163415-163339,,False,uncertain,['insufficient_evidence']
rec_b9f0f80deee36ff3,session6/Camera-2024-07-30-110806-110844,,False,uncertain,['insufficient_evidence']
rec_d40a61f884d36585,session6/Camera-2024-07-30-114103-114135,,False,uncertain,['insufficient_evidence']
rec_7cb91809789eb976,session6/Camera-2024-07-30-123234-123305,,False,uncertain,['insufficient_evidence']
rec_c21030bbe9bf33a9,session6/Camera-2024-07-30-150921-151000,,False,uncertain,['insufficient_evidence']
rec_c15402f027428275,session6/Camera-2024-07-30-154819-154923,,False,uncertain,['insufficient_evidence']
rec_13fa49a3a9a93b41,session6/Camera-2024-07-30-161637-161715,,False,uncertain,['insufficient_evidence']
rec_dfb13bf36870be1a,session6/Camera-2024-07-31-102814-102840,,False,uncertain,['insufficient_evidence']
rec_b654487c2cc82c4a,session6/Camera-2024-07-31-110521-110601,,False,uncertain,['insufficient_evidence']
rec_dce579ac34ffe292,session6/Camera-2024-07-31-114456-114534,,False,uncertain,['insufficient_evidence']
rec_f3aad2f5e54a116b,session6/Camera-2024-07-31-135431-135505,,False,uncertain,['insufficient_evidence']
rec_0a0af42483a3954f,session6/Camera-2024-07-31-152258-152337,,False,uncertain,['insufficient_evidence']
rec_95109e0a4d398e31,session6/Camera-2024-07-31-172208-172241,,False,uncertain,['insufficient_evidence']
rec_a6d26a3fa900cf4e,session6/Camera-2024-08-08-153226-153307,,False,uncertain,['insufficient_evidence']
rec_20400ee59a922213,session6/Camera-2024-10-14-135007-134930,,False,uncertain,['insufficient_evidence']
rec_70661c6c998709db,session6/Camera-2024-10-14-143533-143358,,False,uncertain,['insufficient_evidence']
rec_619e5b9023bc7f4e,session6/Camera-2024-10-14-151541-151421,,False,uncertain,['insufficient_evidence']
rec_9f8822db0bddde5c,session6/Camera-2024-10-14-161029-160925,1,True,1_sustained_voice_candidate,[]
rec_10924166544cd6f1,session6/Camera-2024-10-15-094459-094548,,False,uncertain,['insufficient_evidence']
rec_ffd2432a5ce5a7fd,session6/Camera-2024-10-15-102854-102945,,False,uncertain,['insufficient_evidence']
rec_bcb97717224c3215,session6/Camera-2024-10-15-111253-111325,,False,uncertain,['insufficient_evidence']
rec_b5e4e6d167e332ab,session6/Camera-2024-10-21-103126-103143,,False,uncertain,['insufficient_evidence']
rec_6aadd62fd2d7a052,session6/Camera-2024-10-21-112420-112230,,False,uncertain,['insufficient_evidence']
rec_f91b2ac334ab69d1,session6/Camera-2024-10-21-121606-121455,,False,uncertain,['insufficient_evidence']
rec_28f268dfc611e9b5,session6/Camera-2024-10-21-125749-125756,,False,uncertain,['insufficient_evidence']
rec_2eb5b223f38706c1,session6/Camera-2024-10-22-103728-103815,,False,uncertain,['insufficient_evidence']
rec_3a59a987e6ed33dd,session6/Camera-2024-10-22-115558-115626,,False,uncertain,['insufficient_evidence']
rec_56cb5a22e99bf056,session6/Camera-2024-10-22-123739-123750,,False,uncertain,['insufficient_evidence']
rec_e357583668cc56b1,session6/Camera-2024-10-22-153434-153503,,False,uncertain,['insufficient_evidence']
rec_55853cfab71c7b88,session6/Camera-2024-10-22-161742-161747,,False,uncertain,['insufficient_evidence']
rec_154f379ed23877a3,session6/Camera-2024-10-22-165256-165322,,False,uncertain,['insufficient_evidence']
rec_016bc6456c3bb312,session6/Camera-2024-10-22-173423-173423,,False,uncertain,['insufficient_evidence']
rec_fd647d76e3aa384e,session6/Camera-2024-10-23-134159-134313,1,True,1_sustained_voice_candidate,['brief_voice_not_resolved']
rec_bfcfef9ef0d672c5,session6/Camera-2024-10-23-143154-143223,,False,uncertain,['insufficient_evidence']
rec_e767a72def5bbd34,session6/Camera-2024-10-23-151539-151613,,False,uncertain,['insufficient_evidence']
rec_e187b1b09bcae885,session6/Camera-2024-10-23-155518-155524,,False,uncertain,['insufficient_evidence']
rec_e35852a121c33673,session7/Camera-2024-06-21-103121-103102,1,True,1_sustained_voice_candidate,['brief_voice_not_resolved']
rec_0ed1ea8d1f14cf7e,session7/Camera-2024-06-26-093649-093642,1,True,1_sustained_voice_candidate,['brief_voice_not_resolved']
rec_2c6bf0fe8b345e01,session7/Camera-2024-06-26-105024-105025,1,True,1_sustained_voice_candidate,['brief_voice_not_resolved']
rec_c622baa1c6b9b07d,session7/Camera-2024-06-26-122334-122317,1,True,1_sustained_voice_candidate,['brief_voice_not_resolved']
rec_10e68126a5a5992a,session7/Camera-2024-06-26-151459-151413,2,False,uncertain,"['brief_voice_not_resolved', 'neighbor_sensitivity', 'partition_sensitivity']"
rec_4d8ec61c522e1785,session7/Camera-2024-06-26-160214-160213,1,True,1_sustained_voice_candidate,['brief_voice_not_resolved']
rec_948601bb049ad27a,session7/Camera-2024-06-28-103912-104008,1,True,1_sustained_voice_candidate,['brief_voice_not_resolved']
rec_1965aa7db7d59fd1,session7/Camera-2024-06-28-112322-112419,1,True,1_sustained_voice_candidate,['brief_voice_not_resolved']
rec_79d9b91f070c4cb3,session7/Camera-2024-06-28-120152-120208,1,False,uncertain,"['brief_voice_not_resolved', 'neighbor_sensitivity', 'partition_sensitivity']"
rec_7a20c654b463c01b,session7/Camera-2024-06-28-153101-153104,1,True,1_sustained_voice_candidate,[]
rec_43343c11c363944f,session7/Camera-2024-06-28-160651-160703,1,True,1_sustained_voice_candidate,['brief_voice_not_resolved']
rec_b009e2819c0512f2,session7/Camera-2024-06-28-164549-164628,1,True,1_sustained_voice_candidate,['brief_voice_not_resolved']
rec_81499876257e757d,session7/Camera-2024-07-04-103805-103835,1,True,1_sustained_voice_candidate,['brief_voice_not_resolved']
rec_cbb992fd08a3efeb,session7/Camera-2024-07-04-112307-112347,1,True,1_sustained_voice_candidate,['brief_voice_not_resolved']
rec_a6fb44479a37030d,session7/Camera-2024-07-04-120006-120008,1,True,1_sustained_voice_candidate,['brief_voice_not_resolved']
rec_abd400da4cf71396,session7/Camera-2024-07-08-120627-120613,1,False,uncertain,"['brief_voice_not_resolved', 'neighbor_sensitivity', 'partition_sensitivity']"
rec_9a961256aa7082b9,session7/Camera-2024-07-08-151240-151227,2,False,uncertain,"['brief_voice_not_resolved', 'small_cluster']"
rec_b72f637ea2735b06,session7/Camera-2024-07-09-100427-100257,1,True,1_sustained_voice_candidate,['brief_voice_not_resolved']
rec_1a77b8b4fe397622,session7/Camera-2024-07-09-111741-111806,2,False,uncertain,"['brief_voice_not_resolved', 'neighbor_sensitivity', 'partition_sensitivity']"
rec_57712ba5a8bebb1a,session7/Camera-2024-07-09-134253-134210,1,True,1_sustained_voice_candidate,['brief_voice_not_resolved']
rec_94fb56500fa990e9,session7/Camera-2024-07-09-142938-142853,1,True,1_sustained_voice_candidate,['brief_voice_not_resolved']
rec_6769abfd93dd6d38,session7/Camera-2024-07-09-151245-151110,1,False,uncertain,"['brief_voice_not_resolved', 'neighbor_sensitivity', 'partition_sensitivity']"
rec_94a67fcc8f1958b4,session7/Camera-2024-07-10-134814-134720,1,True,1_sustained_voice_candidate,['brief_voice_not_resolved']
rec_a3a73e2d16e93164,session7/Camera-2024-07-10-142319-142203,1,True,1_sustained_voice_candidate,['brief_voice_not_resolved']
rec_9aeb71cf8060a6a1,session7/Camera-2024-07-10-150927-150804,1,True,1_sustained_voice_candidate,['brief_voice_not_resolved']
rec_4c1059ce73311bf2,session7/Camera-2024-07-10-154722-154626,1,True,1_sustained_voice_candidate,['brief_voice_not_resolved']
rec_e475fe061d35dd51,session7/Camera-2024-07-11-094209-094215,1,False,uncertain,"['brief_voice_not_resolved', 'neighbor_sensitivity', 'partition_sensitivity']"
rec_aac1a8b3baf9c1d1,session7/Camera-2024-07-11-103159-103100,1,True,1_sustained_voice_candidate,['brief_voice_not_resolved']
rec_5afdaa6d546b3ba9,session7/Camera-2024-07-11-111326-111141,1,True,1_sustained_voice_candidate,['brief_voice_not_resolved']
rec_108a1031f6c03f03,session7/Camera-2024-07-11-120318-120232,1,True,1_sustained_voice_candidate,['brief_voice_not_resolved']
rec_e9fa7195eab0f590,session7/Camera-2024-07-11-134401-134311,1,True,1_sustained_voice_candidate,['brief_voice_not_resolved']
rec_93eeda29fc99d163,session7/Camera-2024-07-11-142837-142758,1,True,1_sustained_voice_candidate,['brief_voice_not_resolved']
rec_12e45ff5b670f5ed,session7/Camera-2024-07-11-154330-154400,1,True,1_sustained_voice_candidate,[]
rec_2217be5870799e42,session7/Camera-2024-07-11-161602-161527,1,True,1_sustained_voice_candidate,['brief_voice_not_resolved']
rec_d2a69f8f7e9ee228,session7/Camera-2024-07-16-134902-134937,1,True,1_sustained_voice_candidate,['brief_voice_not_resolved']
rec_cc856b9663e38c12,session7/Camera-2024-07-16-143113-143143,1,False,uncertain,"['brief_voice_not_resolved', 'neighbor_sensitivity', 'partition_sensitivity']"
rec_3fffffc8bee1bac1,session7/Camera-2024-07-16-152105-152147,1,True,1_sustained_voice_candidate,['brief_voice_not_resolved']
rec_ecfeb021ed468e35,session7/Camera-2024-07-16-160716-160749,1,True,1_sustained_voice_candidate,['brief_voice_not_resolved']
rec_beb592e07578c9e6,session7/Camera-2024-07-17-104338-104241,1,True,1_sustained_voice_candidate,['brief_voice_not_resolved']
rec_7a033601763d566f,session7/Camera-2024-07-17-112836-112807,1,True,1_sustained_voice_candidate,['brief_voice_not_resolved']
rec_4bc100cdc4b1da73,session7/Camera-2024-07-17-121257-121235,1,True,1_sustained_voice_candidate,['brief_voice_not_resolved']
rec_680f6ae41b9ffbf3,session7/Camera-2024-07-19-143058-143036,1,False,uncertain,"['brief_voice_not_resolved', 'neighbor_sensitivity', 'partition_sensitivity']"
rec_bfbbbca8abfa4cb1,session7/Camera-2024-07-19-151039-150947,1,True,1_sustained_voice_candidate,['brief_voice_not_resolved']
rec_edfd6f0034ffe3df,session7/Camera-2024-07-22-093331-093420,1,True,1_sustained_voice_candidate,['brief_voice_not_resolved']
rec_2010f58617082082,session7/Camera-2024-07-22-103025-103101,1,False,uncertain,"['brief_voice_not_resolved', 'neighbor_sensitivity', 'partition_sensitivity']"
rec_cab0461e603fb0b7,session7/Camera-2024-07-22-111042-111140,1,True,1_sustained_voice_candidate,['brief_voice_not_resolved']
rec_d1c115031099f8e3,session7/Camera-2024-07-22-132508-132549,1,True,1_sustained_voice_candidate,['brief_voice_not_resolved']
rec_6598d9b494dbe051,session7/Camera-2024-07-22-135929-140003,1,False,uncertain,"['brief_voice_not_resolved', 'neighbor_sensitivity', 'partition_sensitivity']"
rec_09b61693713b135a,session7/Camera-2024-07-22-143349-143428,1,True,1_sustained_voice_candidate,['brief_voice_not_resolved']
rec_202bb1b4861f9d6d,session7/Camera-2024-07-22-155059-155140,1,True,1_sustained_voice_candidate,['brief_voice_not_resolved']
rec_4692540fc395d8de,session7/Camera-2024-07-24-095443-095420,1,True,1_sustained_voice_candidate,['brief_voice_not_resolved']
rec_d86c5f47cd7cbfd0,session7/Camera-2024-07-24-103011-103000,1,True,1_sustained_voice_candidate,['brief_voice_not_resolved']
rec_5a256b0920434657,session7/Camera-2024-07-24-110700-110644,1,True,1_sustained_voice_candidate,['brief_voice_not_resolved']
rec_50e4c37c5574c409,session7/Camera-2024-07-24-114427-114339,1,True,1_sustained_voice_candidate,['brief_voice_not_resolved']
rec_21b38cbd5472c8bc,session7/Camera-2024-07-25-155256-155217,1,True,1_sustained_voice_candidate,['brief_voice_not_resolved']
rec_d7e1b3d0ad536e8b,session7/Camera-2024-07-25-162817-162715,1,True,1_sustained_voice_candidate,['brief_voice_not_resolved']
rec_7e7286e3fee45a6b,session7/Camera-2024-07-26-103222-103252,1,False,uncertain,"['brief_voice_not_resolved', 'neighbor_sensitivity', 'partition_sensitivity']"
rec_7c196600e5479677,session7/Camera-2024-07-26-110838-110914,2,False,uncertain,"['brief_voice_not_resolved', 'neighbor_sensitivity', 'partition_sensitivity']"
rec_b976d76aee1891f4,session7/Camera-2024-07-26-120608-120642,2,False,uncertain,"['brief_voice_not_resolved', 'neighbor_sensitivity', 'partition_sensitivity']"
rec_48e98b4f87f08fd8,session7/Camera-2024-07-29-135410-135329,1,False,uncertain,"['brief_voice_not_resolved', 'neighbor_sensitivity', 'partition_sensitivity']"
rec_c81e6208d95b8191,session7/Camera-2024-07-29-143941-143856,1,True,1_sustained_voice_candidate,['brief_voice_not_resolved']
rec_5a5202af16999422,session7/Camera-2024-07-29-150955-150932,2,False,uncertain,"['brief_voice_not_resolved', 'small_cluster']"
rec_00cfa46d3f03c418,session7/Camera-2024-07-29-160525-160426,1,True,1_sustained_voice_candidate,['brief_voice_not_resolved']
rec_f9fa0e7b8320aba5,session7/Camera-2024-07-29-163415-163339,2,True,2_sustained_voice_candidate,['brief_voice_not_resolved']
rec_5baa4a9dc9fa0f24,session7/Camera-2024-07-30-110806-110844,1,True,1_sustained_voice_candidate,['brief_voice_not_resolved']
rec_e960ff091992de97,session7/Camera-2024-07-30-114103-114135,1,True,1_sustained_voice_candidate,['brief_voice_not_resolved']
rec_8735bf3add26b4ba,session7/Camera-2024-07-30-123234-123305,1,True,1_sustained_voice_candidate,['brief_voice_not_resolved']
rec_08ed4000a6a25871,session7/Camera-2024-07-30-150921-151000,1,True,1_sustained_voice_candidate,['brief_voice_not_resolved']
rec_67037105e57e1eaf,session7/Camera-2024-07-30-154819-154923,1,True,1_sustained_voice_candidate,['brief_voice_not_resolved']
rec_b2af9f13cdeaa5ff,session7/Camera-2024-07-30-161637-161715,1,True,1_sustained_voice_candidate,[]
rec_aa7742441b320f8d,session7/Camera-2024-07-31-102814-102840,1,True,1_sustained_voice_candidate,['brief_voice_not_resolved']
rec_6f93e673cd88cf65,session7/Camera-2024-07-31-110521-110601,1,True,1_sustained_voice_candidate,['brief_voice_not_resolved']
rec_f35a17e6563ab6ab,session7/Camera-2024-07-31-114456-114534,1,True,1_sustained_voice_candidate,['brief_voice_not_resolved']
rec_74b2d938e4cd202f,session7/Camera-2024-07-31-135431-135505,1,True,1_sustained_voice_candidate,['brief_voice_not_resolved']
rec_5712884d73eac8b1,session7/Camera-2024-07-31-152258-152337,1,True,1_sustained_voice_candidate,['brief_voice_not_resolved']
rec_ea69305aedd501d3,session7/Camera-2024-07-31-172208-172241,1,True,1_sustained_voice_candidate,['brief_voice_not_resolved']
rec_fced5f703b419002,session7/Camera-2024-08-08-153226-153307,1,True,1_sustained_voice_candidate,['brief_voice_not_resolved']
rec_d56f35196c6c856c,session7/Camera-2024-10-14-135007-134930,1,True,1_sustained_voice_candidate,['brief_voice_not_resolved']
rec_68cc2365ac0343fa,session7/Camera-2024-10-14-143533-143358,1,True,1_sustained_voice_candidate,['brief_voice_not_resolved']
rec_6076e9fd34fe6c62,session7/Camera-2024-10-14-151541-151421,1,True,1_sustained_voice_candidate,['brief_voice_not_resolved']
rec_6397d5a5874ee103,session7/Camera-2024-10-14-161029-160925,1,True,1_sustained_voice_candidate,['brief_voice_not_resolved']
rec_bb52f21a44c8b86b,session7/Camera-2024-10-15-094459-094548,1,True,1_sustained_voice_candidate,['brief_voice_not_resolved']
rec_ce2daf7bffc5d31b,session7/Camera-2024-10-15-102854-102945,1,True,1_sustained_voice_candidate,['brief_voice_not_resolved']
rec_aafff8c76c4cd967,session7/Camera-2024-10-15-111253-111325,1,True,1_sustained_voice_candidate,['brief_voice_not_resolved']
rec_142d91dcd9536792,session7/Camera-2024-10-21-103126-103143,1,True,1_sustained_voice_candidate,['brief_voice_not_resolved']
rec_24e02ac6e480a1bb,session7/Camera-2024-10-21-112420-112230,1,True,1_sustained_voice_candidate,['brief_voice_not_resolved']
rec_13e0982cbac85bec,session7/Camera-2024-10-21-121606-121455,1,True,1_sustained_voice_candidate,['brief_voice_not_resolved']
rec_82f9dd9af68736c3,session7/Camera-2024-10-21-125749-125756,1,True,1_sustained_voice_candidate,['brief_voice_not_resolved']
rec_73cc49901d5a4bf7,session7/Camera-2024-10-22-103728-103815,1,True,1_sustained_voice_candidate,['brief_voice_not_resolved']
rec_d060ff3ee2a20704,session7/Camera-2024-10-22-115558-115626,2,False,uncertain,"['brief_voice_not_resolved', 'partition_sensitivity', 'small_cluster']"
rec_7f0b07232c8907d1,session7/Camera-2024-10-22-123739-123750,2,True,2_sustained_voice_candidate,['brief_voice_not_resolved']
rec_f784ea45d793046a,session7/Camera-2024-10-22-153434-153503,1,True,1_sustained_voice_candidate,['brief_voice_not_resolved']
rec_45e6f130c647368e,session7/Camera-2024-10-22-161742-161747,1,True,1_sustained_voice_candidate,['brief_voice_not_resolved']
rec_706a4567dc4c22cd,session7/Camera-2024-10-22-165256-165322,1,True,1_sustained_voice_candidate,['brief_voice_not_resolved']
rec_4f24bca744c3af1b,session7/Camera-2024-10-22-173423-173423,1,True,1_sustained_voice_candidate,['brief_voice_not_resolved']
rec_35af400b44d53ac4,session7/Camera-2024-10-23-134159-134313,,False,uncertain,['insufficient_evidence']
rec_e5531aca191745d4,session7/Camera-2024-10-23-143154-143223,1,True,1_sustained_voice_candidate,['brief_voice_not_resolved']
rec_58b6a534d12c63b8,session7/Camera-2024-10-23-151539-151613,1,True,1_sustained_voice_candidate,['brief_voice_not_resolved']
rec_bed328dddb20b07f,session7/Camera-2024-10-23-155518-155524,1,True,1_sustained_voice_candidate,['brief_voice_not_resolved']
rec_2a7ab3d541c3fd0c,session9/Camera-2024-06-21-103121-103102,1,True,1_sustained_voice_candidate,['brief_voice_not_resolved']
rec_a3f42f12253cd420,session9/Camera-2024-06-26-093649-093642,1,True,1_sustained_voice_candidate,['brief_voice_not_resolved']
rec_c1c6237e77cba162,session9/Camera-2024-06-26-105024-105025,1,True,1_sustained_voice_candidate,['brief_voice_not_resolved']
rec_b1420298c34c82ea,session9/Camera-2024-06-26-122334-122317,2,False,uncertain,"['brief_voice_not_resolved', 'neighbor_sensitivity', 'partition_sensitivity', 'small_cluster']"
rec_2ecda080d4d8e006,session9/Camera-2024-06-26-151459-151413,1,True,1_sustained_voice_candidate,['brief_voice_not_resolved']
rec_9a0150fae47a1925,session9/Camera-2024-06-26-160214-160213,1,True,1_sustained_voice_candidate,['brief_voice_not_resolved']
rec_ea9e42d3b9edb317,session9/Camera-2024-06-28-103912-104008,1,True,1_sustained_voice_candidate,['brief_voice_not_resolved']
rec_7b5193ba88af78aa,session9/Camera-2024-06-28-112322-112419,1,True,1_sustained_voice_candidate,['brief_voice_not_resolved']
rec_0cca21c66b39adc4,session9/Camera-2024-06-28-120152-120208,1,True,1_sustained_voice_candidate,['brief_voice_not_resolved']
rec_b234bf2bd8eacf92,session9/Camera-2024-06-28-153101-153104,1,True,1_sustained_voice_candidate,['brief_voice_not_resolved']
rec_40b43f6f89ce2e19,session9/Camera-2024-06-28-160651-160703,1,True,1_sustained_voice_candidate,[]
rec_ebd648e48b419fe0,session9/Camera-2024-06-28-164549-164628,1,True,1_sustained_voice_candidate,[]
rec_91f195186d245518,session9/Camera-2024-07-04-103805-103835,1,True,1_sustained_voice_candidate,['brief_voice_not_resolved']
rec_29e012924e105edd,session9/Camera-2024-07-04-112307-112347,1,True,1_sustained_voice_candidate,['brief_voice_not_resolved']
rec_5559a6c8c6f39baa,session9/Camera-2024-07-04-120006-120008,1,True,1_sustained_voice_candidate,['brief_voice_not_resolved']
rec_a418bbc6043d87ab,session9/Camera-2024-07-08-120627-120613,1,True,1_sustained_voice_candidate,['brief_voice_not_resolved']
rec_0047e28d33ddc369,session9/Camera-2024-07-08-143054-143035,2,False,uncertain,"['brief_voice_not_resolved', 'small_cluster']"
rec_82070cd2f562d227,session9/Camera-2024-07-08-151240-151227,1,True,1_sustained_voice_candidate,['brief_voice_not_resolved']
rec_de2b0b01a85fd503,session9/Camera-2024-07-09-100427-100257,2,False,uncertain,"['brief_voice_not_resolved', 'small_cluster']"
rec_f2790bdf673788f0,session9/Camera-2024-07-09-104540-104439,1,True,1_sustained_voice_candidate,['brief_voice_not_resolved']
rec_49a1120516aa5bbb,session9/Camera-2024-07-09-111741-111806,1,True,1_sustained_voice_candidate,['brief_voice_not_resolved']
rec_bff8f6454ceee940,session9/Camera-2024-07-09-134253-134210,1,True,1_sustained_voice_candidate,['brief_voice_not_resolved']
rec_48985373c2216bb5,session9/Camera-2024-07-09-142938-142853,1,True,1_sustained_voice_candidate,['brief_voice_not_resolved']
rec_0ca21daeee347d5c,session9/Camera-2024-07-09-151245-151110,1,True,1_sustained_voice_candidate,['brief_voice_not_resolved']
rec_ee39e50eed63d63c,session9/Camera-2024-07-10-134814-134720,1,True,1_sustained_voice_candidate,['brief_voice_not_resolved']
rec_769639685d6b6268,session9/Camera-2024-07-10-142319-142203,1,True,1_sustained_voice_candidate,['brief_voice_not_resolved']
rec_af74e95bf90fc43e,session9/Camera-2024-07-10-150927-150804,1,True,1_sustained_voice_candidate,['brief_voice_not_resolved']
rec_4262d11449287e85,session9/Camera-2024-07-10-154722-154626,1,True,1_sustained_voice_candidate,['brief_voice_not_resolved']
rec_05160792a3195e3e,session9/Camera-2024-07-11-094209-094215,1,True,1_sustained_voice_candidate,[]
rec_fe74c1a6fca0defb,session9/Camera-2024-07-11-103159-103100,1,True,1_sustained_voice_candidate,['brief_voice_not_resolved']
rec_3805fe2a3e7f9806,session9/Camera-2024-07-11-111326-111141,1,True,1_sustained_voice_candidate,['brief_voice_not_resolved']
rec_14e73797b2f1d8b4,session9/Camera-2024-07-11-120318-120232,1,True,1_sustained_voice_candidate,['brief_voice_not_resolved']
rec_4b98d7302c8ed02e,session9/Camera-2024-07-11-134401-134311,1,True,1_sustained_voice_candidate,['brief_voice_not_resolved']
rec_501df0eb24fa7b83,session9/Camera-2024-07-11-142837-142758,1,True,1_sustained_voice_candidate,['brief_voice_not_resolved']
rec_e76b439fbb73fd52,session9/Camera-2024-07-11-154330-154400,1,True,1_sustained_voice_candidate,['brief_voice_not_resolved']
rec_b0a19a8e7b3bd637,session9/Camera-2024-07-11-161602-161527,1,True,1_sustained_voice_candidate,[]
rec_89fe21a32ecfa641,session9/Camera-2024-07-16-134902-134937,1,True,1_sustained_voice_candidate,['brief_voice_not_resolved']
rec_01ab1d39068554e5,session9/Camera-2024-07-16-143113-143143,1,True,1_sustained_voice_candidate,['brief_voice_not_resolved']
rec_6b0b6759fa4e6556,session9/Camera-2024-07-16-152105-152147,1,True,1_sustained_voice_candidate,['brief_voice_not_resolved']
rec_2abb957f826c8757,session9/Camera-2024-07-16-160716-160749,1,True,1_sustained_voice_candidate,['brief_voice_not_resolved']
rec_2953d527be9a822a,session9/Camera-2024-07-17-112836-112807,1,True,1_sustained_voice_candidate,['brief_voice_not_resolved']
rec_1e88c9ea44e516ce,session9/Camera-2024-07-17-121257-121235,2,False,uncertain,"['brief_voice_not_resolved', 'neighbor_sensitivity', 'partition_sensitivity', 'small_cluster']"
rec_78d228be0d6f2a4d,session9/Camera-2024-07-19-143058-143036,1,True,1_sustained_voice_candidate,['brief_voice_not_resolved']
rec_8e4af9d2330910b2,session9/Camera-2024-07-19-151039-150947,1,True,1_sustained_voice_candidate,['brief_voice_not_resolved']
rec_104e7281f4370aed,session9/Camera-2024-07-22-093331-093420,1,False,uncertain,"['brief_voice_not_resolved', 'neighbor_sensitivity', 'partition_sensitivity']"
rec_9b625a47caee8226,session9/Camera-2024-07-22-103025-103101,1,True,1_sustained_voice_candidate,['brief_voice_not_resolved']
rec_75e0ad4a8ef79b35,session9/Camera-2024-07-22-111042-111140,1,True,1_sustained_voice_candidate,['brief_voice_not_resolved']
rec_45d1b4aa25f8566c,session9/Camera-2024-07-22-132508-132549,1,True,1_sustained_voice_candidate,['brief_voice_not_resolved']
rec_46d6b87eb0253e83,session9/Camera-2024-07-22-135929-140003,1,True,1_sustained_voice_candidate,['brief_voice_not_resolved']
rec_d07cdb095221f344,session9/Camera-2024-07-22-143349-143428,1,True,1_sustained_voice_candidate,['brief_voice_not_resolved']
rec_3985bcb0f7f06f04,session9/Camera-2024-07-22-155059-155140,1,True,1_sustained_voice_candidate,['brief_voice_not_resolved']
rec_b71daae9b3f1dfa9,session9/Camera-2024-07-24-095443-095420,1,True,1_sustained_voice_candidate,['brief_voice_not_resolved']
rec_a52ec3db53663019,session9/Camera-2024-07-24-103011-103000,1,True,1_sustained_voice_candidate,['brief_voice_not_resolved']
rec_c1911ea2572c33cb,session9/Camera-2024-07-24-110700-110644,1,True,1_sustained_voice_candidate,[]
rec_1485545fc1792a76,session9/Camera-2024-07-24-114427-114339,1,True,1_sustained_voice_candidate,['brief_voice_not_resolved']
rec_e4332f10c5d6db5a,session9/Camera-2024-07-25-155256-155217,1,True,1_sustained_voice_candidate,['brief_voice_not_resolved']
rec_e348e4fb8f73fd2c,session9/Camera-2024-07-25-162817-162715,1,True,1_sustained_voice_candidate,['brief_voice_not_resolved']
rec_bc511bfd72297bf7,session9/Camera-2024-07-26-103222-103252,1,True,1_sustained_voice_candidate,['brief_voice_not_resolved']
rec_b8ca5bbd598b2efb,session9/Camera-2024-07-26-110838-110914,1,True,1_sustained_voice_candidate,['brief_voice_not_resolved']
rec_5aaa31ea91052f59,session9/Camera-2024-07-26-120608-120642,1,True,1_sustained_voice_candidate,['brief_voice_not_resolved']
rec_9fceb6dc2f48642c,session9/Camera-2024-07-29-135410-135329,1,True,1_sustained_voice_candidate,['brief_voice_not_resolved']
rec_8f615185b1a5fc2d,session9/Camera-2024-07-29-143941-143856,1,True,1_sustained_voice_candidate,['brief_voice_not_resolved']
rec_3f34d8b39b7defab,session9/Camera-2024-07-29-150955-150932,1,True,1_sustained_voice_candidate,['brief_voice_not_resolved']
rec_b6f48633eb39eb20,session9/Camera-2024-07-29-160525-160426,1,False,uncertain,"['brief_voice_not_resolved', 'neighbor_sensitivity', 'partition_sensitivity']"
rec_718e8f4164581d89,session9/Camera-2024-07-29-163415-163339,1,True,1_sustained_voice_candidate,['brief_voice_not_resolved']
rec_a69b313c82176070,session9/Camera-2024-07-30-110806-110844,1,True,1_sustained_voice_candidate,[]
rec_9e13f2c29c70efc4,session9/Camera-2024-07-30-114103-114135,1,True,1_sustained_voice_candidate,['brief_voice_not_resolved']
rec_f32b5d3b54fe34ce,session9/Camera-2024-07-30-123234-123305,1,True,1_sustained_voice_candidate,['brief_voice_not_resolved']
rec_2d06d15b45b81eb1,session9/Camera-2024-07-30-150921-151000,1,True,1_sustained_voice_candidate,['brief_voice_not_resolved']
rec_8a2f98ce69b9d9a9,session9/Camera-2024-07-30-154819-154923,1,True,1_sustained_voice_candidate,['brief_voice_not_resolved']
rec_884c31f12f74d8c6,session9/Camera-2024-07-30-161637-161715,1,True,1_sustained_voice_candidate,['brief_voice_not_resolved']
rec_b72ecdc0872a4d97,session9/Camera-2024-07-31-102814-102840,1,True,1_sustained_voice_candidate,['brief_voice_not_resolved']
rec_609bb4f74391111f,session9/Camera-2024-07-31-110521-110601,1,True,1_sustained_voice_candidate,[]
rec_8b0c61fb579a1189,session9/Camera-2024-07-31-114456-114534,1,True,1_sustained_voice_candidate,['brief_voice_not_resolved']
rec_2d899443cae10828,session9/Camera-2024-07-31-135431-135505,1,True,1_sustained_voice_candidate,['brief_voice_not_resolved']
rec_fe37639f6a104305,session9/Camera-2024-07-31-152258-152337,1,True,1_sustained_voice_candidate,['brief_voice_not_resolved']
rec_14e8b20caa102814,session9/Camera-2024-07-31-172208-172241,2,False,uncertain,"['brief_voice_not_resolved', 'neighbor_sensitivity', 'partition_sensitivity']"
rec_5f56914dfdef2ca1,session9/Camera-2024-08-08-153226-153307,2,False,uncertain,"['brief_voice_not_resolved', 'small_cluster']"
rec_4b367b34d2c83579,session9/Camera-2024-10-14-135007-134930,1,True,1_sustained_voice_candidate,['brief_voice_not_resolved']
rec_e7a4af22864be347,session9/Camera-2024-10-14-143533-143358,1,False,uncertain,"['brief_voice_not_resolved', 'neighbor_sensitivity', 'partition_sensitivity']"
rec_fbfb405dc9e443d3,session9/Camera-2024-10-14-151541-151421,1,True,1_sustained_voice_candidate,['brief_voice_not_resolved']
rec_4b669e8fe89e236b,session9/Camera-2024-10-14-161029-160925,1,True,1_sustained_voice_candidate,['brief_voice_not_resolved']
rec_49bcbed3a383c31f,session9/Camera-2024-10-15-094459-094548,1,True,1_sustained_voice_candidate,['brief_voice_not_resolved']
rec_691e4d981fe9eba9,session9/Camera-2024-10-15-102854-102945,1,True,1_sustained_voice_candidate,['brief_voice_not_resolved']
rec_d4b795edc7a996a2,session9/Camera-2024-10-15-111253-111325,1,True,1_sustained_voice_candidate,['brief_voice_not_resolved']
rec_7241fa007b65e25e,session9/Camera-2024-10-21-103126-103143,1,True,1_sustained_voice_candidate,['brief_voice_not_resolved']
rec_8cd157fb8626c08c,session9/Camera-2024-10-21-112420-112230,1,True,1_sustained_voice_candidate,['brief_voice_not_resolved']
rec_01fdd725a0215d14,session9/Camera-2024-10-21-121606-121455,1,True,1_sustained_voice_candidate,['brief_voice_not_resolved']
rec_f1ff84b62559850e,session9/Camera-2024-10-21-125749-125756,1,False,uncertain,"['brief_voice_not_resolved', 'neighbor_sensitivity', 'partition_sensitivity']"
rec_706f4c4fb831dfe3,session9/Camera-2024-10-22-103728-103815,1,True,1_sustained_voice_candidate,['brief_voice_not_resolved']
rec_6422821a73424e8f,session9/Camera-2024-10-22-115558-115626,1,True,1_sustained_voice_candidate,['brief_voice_not_resolved']
rec_9def331735efbe8c,session9/Camera-2024-10-22-123739-123750,1,True,1_sustained_voice_candidate,['brief_voice_not_resolved']
rec_feeb04d7f814e079,session9/Camera-2024-10-22-153434-153503,1,True,1_sustained_voice_candidate,['brief_voice_not_resolved']
rec_dc34f2c70395294a,session9/Camera-2024-10-22-161742-161747,1,True,1_sustained_voice_candidate,['brief_voice_not_resolved']
rec_25dadcddd42099b4,session9/Camera-2024-10-22-165256-165322,1,True,1_sustained_voice_candidate,['brief_voice_not_resolved']
rec_369eac47f795f50b,session9/Camera-2024-10-22-173423-173423,1,True,1_sustained_voice_candidate,['brief_voice_not_resolved']
rec_d4e3d3a8b9d6cd28,session9/Camera-2024-10-23-134159-134313,1,True,1_sustained_voice_candidate,['brief_voice_not_resolved']
rec_e18d88dbd78eed1f,session9/Camera-2024-10-23-143154-143223,1,True,1_sustained_voice_candidate,['brief_voice_not_resolved']
rec_ad76a9217a317991,session9/Camera-2024-10-23-151539-151613,1,True,1_sustained_voice_candidate,['brief_voice_not_resolved']
rec_83c7900d11319a6d,session9/Camera-2024-10-23-155518-155524,1,False,uncertain,"['neighbor_sensitivity', 'partition_sensitivity']"
