arm,step,input_index,group,candidate_mse_offdiag,centered_candidate_mse_offdiag,temporal_variance,speed_abs,near_duplicate_pairs_mse_lt_1e_8,minimum,maximum
MAM,archive,0,AU,0.18564055228645057,0.11014218919529534,0.1002124529675929,0.02156190476190476,0,0.0,1.0
MAM,archive,0,VA,0.11325445905145012,0.010258690969925524,0.021952780156195353,0.026215748295109333,0,-0.7434523105621338,0.754388689994812
MAM,archive,0,expression,0.11346752221567762,0.02974452100303336,0.022177025473174454,0.014479136771563088,0,1.0008320572296725e-07,0.9998918771743774
MAM,archive,1,AU,0.21045415595544129,0.09898392165152527,0.07472153753669006,0.020005717552887364,0,0.0,1.0
MAM,archive,1,VA,0.11979856678643605,0.006029106147715467,0.012240528075345695,0.029965304137006585,0,-0.5982515215873718,0.7585560083389282
MAM,archive,1,expression,0.11784857432321566,0.016664294238859546,0.011837631181055828,0.016566201174075913,0,9.418506863312359e-08,0.9999004602432251
MAM,archive,2,AU,0.14396775006298815,0.0996742153046656,0.11581147494168943,0.025749943272067165,0,0.0,1.0
MAM,archive,2,VA,0.1514519395924379,0.007224105169870868,0.024759571196946103,0.0335252265082318,0,-0.6525188684463501,0.895851194858551
MAM,archive,2,expression,0.10282426080733775,0.032877538598986816,0.02664881101637958,0.01708549112655777,0,1.169061558670137e-08,0.9999853372573853
MAM,archive,3,AU,0.1734810533076429,0.09055416646557346,0.08745565751793637,0.01801254220935842,0,0.0,1.0
MAM,archive,3,VA,0.10340568429212724,0.0063472447027203595,0.01164820456359198,0.03160651721776373,0,-0.723175048828125,0.6179651618003845
MAM,archive,3,expression,0.11118073471389604,0.02313733445460924,0.0163216111299652,0.017099505378715928,0,3.3661464726719714e-07,0.9993427395820618
MAM,archive,4,AU,0.21503007280785055,0.11466198416499146,0.09595634176960748,0.016685678073510773,0,0.0,1.0
MAM,archive,4,VA,0.11677251805106094,0.00781138934871318,0.0239818078414083,0.027348002389348584,0,-0.7398866415023804,0.7030543088912964
MAM,archive,4,expression,0.13224880266621994,0.027803188906301467,0.01901101428535885,0.014121256425466444,0,1.673362817200541e-07,0.9998769760131836
MAM,archive,5,AU,0.10911365564037319,0.07594001498876651,0.1275431986701372,0.015504616364215218,0,0.0,1.0
MAM,archive,5,VA,0.11334281532241135,0.009969222101652077,0.06521124919607549,0.03495882575276698,0,-0.642504870891571,0.9441672563552856
MAM,archive,5,expression,0.08276181779789793,0.033914448212453444,0.034570315647231,0.016157247492799936,0,7.493802023361695e-09,0.9999933242797852
MAM,archive,6,AU,0.22270081669831565,0.11602590010258483,0.09106795146666499,0.020047261606894635,0,0.0,1.0
MAM,archive,6,VA,0.13279403202121348,0.007323438014433987,0.022916162001335973,0.027742335713488688,0,-0.6099197864532471,0.8893814086914062
MAM,archive,6,expression,0.1345072905499239,0.026688764607844882,0.0193396783260714,0.012997946691874925,0,6.605271352100317e-08,0.9999477863311768
MAM,archive,7,AU,0.22091031718503104,0.0982015953676804,0.07217457955528493,0.01860489328474753,0,0.0,1.0
MAM,archive,7,VA,0.11578744319881956,0.006951559558607206,0.012338162732784312,0.02436797500063555,0,-0.6923012733459473,0.7199065685272217
MAM,archive,7,expression,0.13501428110073516,0.018998311372067183,0.01179828896790086,0.012063393573754357,0,8.289875950140413e-07,0.9997969269752502
MAM,archive,8,AU,0.18384339852424958,0.09471277621129466,0.08474247617764268,0.015568456700532172,0,0.0,1.0
MAM,archive,8,VA,0.11384572386967992,0.007706776634713459,0.01461484362271558,0.020582745206444257,0,-0.632655143737793,0.7356606721878052
MAM,archive,8,expression,0.12652957458721092,0.029926308239281645,0.024568669700272234,0.009276192885048657,0,4.987019508462254e-08,0.9999356269836426
MAM,archive,9,AU,0.16704025334619857,0.11142311805546982,0.11192315111506436,0.017263814616755795,0,0.0,1.0
MAM,archive,9,VA,0.12364803070868849,0.008051601374002102,0.023307200971489195,0.021723740670458354,0,-0.5999323129653931,0.9053239226341248
MAM,archive,9,expression,0.12349529974809989,0.03479134743493088,0.026290480769446945,0.010910425188160334,0,6.587274725688985e-08,0.9999814033508301
MAM,archive,10,AU,0.21317548614082632,0.10200834473268275,0.07665605576043585,0.020496681652751016,0,0.0,1.0
MAM,archive,10,VA,0.06101736272463693,0.004143114462669912,0.01301347914378544,0.02647165792299261,0,-0.8318395614624023,0.4807072877883911
MAM,archive,10,expression,0.1232987612793029,0.01410691078143659,0.009144236014582963,0.01415136669152128,0,5.059262093709549e-07,0.9982136487960815
MAM,archive,11,AU,0.16625916870415647,0.10233416220404185,0.0874607004887758,0.01648178357803154,0,0.0,1.0
MAM,archive,11,VA,0.11170735084943322,0.007539763897072607,0.011529785808478505,0.021598245485900697,0,-0.5457116365432739,0.6741257905960083
MAM,archive,11,expression,0.1084339766662834,0.02883457548876012,0.02253206398296931,0.011648704845814964,0,1.8284937652879307e-07,0.9996795654296875
MAM,archive,12,AU,0.18713000919897474,0.10518145296955073,0.08740658745748892,0.0170767004341534,0,0.0,1.0
MAM,archive,12,VA,0.12883410197821019,0.005888962723156014,0.0198247762464005,0.02167853747010129,0,-0.6610622406005859,0.9008395671844482
MAM,archive,12,expression,0.14685632333736504,0.022700186126816735,0.015882482801491873,0.008431827872689824,0,2.3558428097203432e-08,0.9999852180480957
MAM,archive,13,AU,0.188320305229853,0.09140680142705379,0.06286274274221519,0.017422687609075043,0,0.0,1.0
MAM,archive,13,VA,0.0856116938674086,0.005186636340969133,0.012760904981370749,0.02305073355160183,0,-0.740816056728363,0.5872482061386108
MAM,archive,13,expression,0.1347059714394076,0.018330020412575813,0.01167193459060735,0.0110436111308701,0,3.0460199695880874e-07,0.9972993731498718
MAM,archive,14,AU,0.2194067355337197,0.10773185406857796,0.0809089156087821,0.020592726997807516,0,0.0,1.0
MAM,archive,14,VA,0.10657640105850918,0.009454018642080895,0.021761054002860703,0.02572905273768589,0,-0.7081489562988281,0.8154051899909973
MAM,archive,14,expression,0.13451128408993338,0.023045264210944005,0.01510943265900681,0.012312450211878065,0,1.259218720406352e-07,0.9998457431793213
MAM,archive,15,AU,0.15415787504676395,0.10669146534556187,0.10589282755124067,0.01911066195048004,0,0.0,1.0
MAM,archive,15,VA,0.14365238968976357,0.006992270167727738,0.0323239467740903,0.025526819498183903,0,-0.7197743058204651,0.8971639275550842
MAM,archive,15,expression,0.12378364612294512,0.03944562473016965,0.029117489017921706,0.0125192512036299,0,7.1737904505653205e-09,0.999984622001648
MAM,archive,16,AU,0.1707363031233999,0.11108956011587201,0.10092366555001937,0.02071340713407134,0,0.0,1.0
MAM,archive,16,VA,0.12788055718492217,0.005351276182397065,0.02765051691418293,0.02319804551906536,0,-0.6996426582336426,0.914552628993988
MAM,archive,16,expression,0.12696984290529031,0.032624972760313654,0.023964839343433117,0.010662119156515803,0,1.6353773446553532e-08,0.9999862909317017
MAM,archive,17,AU,0.19658712274416906,0.1102638855424212,0.09145552672562024,0.01834763762462072,0,0.0,1.0
MAM,archive,17,VA,0.09017039992311135,0.005648288922356547,0.015505804586333643,0.02405022415954463,0,-0.6843552589416504,0.851146936416626
MAM,archive,17,expression,0.12824959399855654,0.018673447903988147,0.012696562611308249,0.011680934057047107,0,2.1923500526099815e-07,0.9998451471328735
MAM,archive,18,AU,0.17205152979066027,0.09020582597113205,0.07980075946667625,0.014622200741098759,0,0.0,1.0
MAM,archive,18,VA,0.13843820338514598,0.007399428344151889,0.023173563229757294,0.02568979534954403,0,-0.8122089505195618,0.8020433783531189
MAM,archive,18,expression,0.13819696652239566,0.026902328772163968,0.019067479279301386,0.009585961589065016,0,6.24211295985333e-08,0.9999706745147705
MAM,archive,19,AU,0.20569307637401854,0.08937797117486694,0.061784221944541313,0.0155955441302485,0,0.0,1.0
MAM,archive,19,VA,0.0972777777932218,0.00522540505733999,0.013955536094533335,0.02332251889339191,0,-0.7349809408187866,0.6065442562103271
MAM,archive,19,expression,0.14181993054620728,0.015870552153179448,0.010370224765427236,0.010089384809742571,0,1.3289157152485132e-07,0.9989398121833801
MAM,archive,20,AU,0.22079951908626394,0.0907185076352012,0.06496256967660932,0.023056558363417568,0,0.0,1.0
MAM,archive,20,VA,0.10196243000377186,0.005739699475538082,0.010402162133390642,0.03326584173979289,0,-0.7529728412628174,0.5942906141281128
MAM,archive,20,expression,0.11652954533588715,0.017316731794386253,0.011315868459560549,0.02102477353034794,0,4.823637596018671e-07,0.9995622038841248
MAM,archive,21,AU,0.18891212781408864,0.10736950175858287,0.09692856638893708,0.02576382073928688,0,0.0,1.0
MAM,archive,21,VA,0.1367009469037358,0.004094718015306758,0.018875320305769668,0.036349788920820664,0,-0.704159140586853,0.7827804088592529
MAM,archive,21,expression,0.1140812239031463,0.026425843450973006,0.01959588743274244,0.01765265037289474,0,1.0624401802772354e-08,0.9999250173568726
MAM,archive,22,AU,0.209435531788473,0.09556555976033798,0.07271133300507274,0.02204853675945753,0,0.0,1.0
MAM,archive,22,VA,0.10247105318989082,0.004256713686916859,0.015500470559785184,0.03171032631346431,0,-0.7183914184570312,0.7541940808296204
MAM,archive,22,expression,0.12762130317590334,0.016554037018050374,0.012141031213776843,0.017569921513428892,0,9.47910550053166e-08,0.9999711513519287
MAM,archive,23,AU,0.17991471966733621,0.09703301681549031,0.09155154425868027,0.023796825396825396,0,0.0,1.0
MAM,archive,23,VA,0.1288773400563231,0.005864875319083307,0.024692320505066423,0.03496932123218929,0,-0.5974776148796082,0.8085029125213623
MAM,archive,23,expression,0.1070856527594955,0.0202155475552206,0.017891924674338464,0.017679809493022697,0,1.715932711476853e-07,0.9997294545173645
MAM,archive,24,AU,0.20878862701084924,0.09715167840016325,0.07419089445176416,0.02239298955173576,0,0.0,1.0
MAM,archive,24,VA,0.10466964218393843,0.009211252827211204,0.018974858583962077,0.03295806527617248,0,-0.7520571947097778,0.7316683530807495
MAM,archive,24,expression,0.10672658450906711,0.028650123557073744,0.022272028165321138,0.01788814237925643,0,1.6951813108789793e-07,0.9998962879180908
MAM,archive,25,AU,0.19151610960554055,0.0952784953719004,0.07850226892401174,0.0213157002373686,0,0.0,1.0
MAM,archive,25,VA,0.11142571229289717,0.009512854242997193,0.019217722583438762,0.03005661669730006,0,-0.743435263633728,0.8162153959274292
MAM,archive,25,expression,0.11348291749087444,0.026374061880297735,0.018787602424519705,0.017902191711748432,0,4.0323424599364444e-08,0.9999715089797974
MAM,archive,26,AU,0.2097203218788498,0.10796092845424472,0.08204826088787023,0.02117091595845137,0,0.0,1.0
MAM,archive,26,VA,0.11267321291547906,0.005174592201596071,0.012270765552443514,0.029675004023524076,0,-0.680269718170166,0.6854937076568604
MAM,archive,26,expression,0.12322975518413164,0.017955393052654305,0.011788284659769947,0.016551863368083633,0,6.033951081008126e-07,0.9998319149017334
MAM,archive,27,AU,0.18974168435951877,0.10061783646094875,0.08613151216788918,0.019314741035856575,0,0.0,1.0
MAM,archive,27,VA,0.13413094220806307,0.006734167666400588,0.013277163340251738,0.0268849340236845,0,-0.6371705532073975,0.7618109583854675
MAM,archive,27,expression,0.1093797449567514,0.025908672577304524,0.01871850045228868,0.016151590135326608,0,6.549518616338901e-08,0.9999597072601318
MAM,archive,28,AU,0.1506694855532065,0.08437533305422582,0.09300330860835394,0.025211864406779663,0,0.0,1.0
MAM,archive,28,VA,0.11566188712817159,0.009290312086061259,0.02510002763537734,0.03306291580205868,0,-0.7377574443817139,0.8202615976333618
MAM,archive,28,expression,0.09199885835625922,0.026784106591986188,0.019147821972750882,0.019975216933539812,0,4.24076844751653e-08,0.9999159574508667
MAM,archive,29,AU,0.17941487706193587,0.09994618762537695,0.08829249594574672,0.019326315789473685,0,0.0,1.0
MAM,archive,29,VA,0.1349041299494681,0.00365464132217606,0.020417851863321842,0.031504360253138367,0,-0.756554126739502,0.7024697661399841
MAM,archive,29,expression,0.12825747231567824,0.025709879787705826,0.017555343324096605,0.014793519448540184,0,2.4495119532730314e-07,0.9992501139640808
MAM,archive,30,AU,0.16094276094276094,0.08269474077509792,0.05807867464244419,0.023287300297860816,0,0.0,1.0
MAM,archive,30,VA,0.14293215235219447,0.003972543367560642,0.010820391556576717,0.032225011094802594,0,-0.6488231420516968,0.6416951417922974
MAM,archive,30,expression,0.14488258683480953,0.014062244673898121,0.009605178353442762,0.014375325829947123,0,2.74061903837719e-07,0.9998266100883484
MAM,archive,31,AU,0.1884836100468284,0.09496714180159813,0.08130253208646923,0.024012274645186037,0,0.0,1.0
MAM,archive,31,VA,0.13974897495089894,0.004529181582775319,0.01153588163123454,0.026326574439023327,0,-0.6297391057014465,0.6838122606277466
MAM,archive,31,expression,0.10935277768470832,0.021788130984777235,0.014731451821653418,0.01737008910908019,0,4.901581291960611e-07,0.99969482421875
MAM,archive,32,AU,0.1535350915117452,0.07141429230711431,0.07124746222090733,0.02198830409356725,0,0.0,1.0
MAM,archive,32,VA,0.11594603300604225,0.004446919812509071,0.010008226745566857,0.02809856136912797,0,-0.5536689758300781,0.8107823133468628
MAM,archive,32,expression,0.09611124633838715,0.024345405941955642,0.024126540823429,0.019913429907758746,0,1.838897212280699e-08,0.999971866607666
MAM,archive,33,AU,0.1774121679520137,0.11364701039022518,0.11263279710951503,0.043487972508591065,0,0.0,1.0
MAM,archive,33,VA,0.12990545756412572,0.005778327976044259,0.03216586465737206,0.04555986204292456,0,-0.6017951965332031,0.8829174637794495
MAM,archive,33,expression,0.08408729560698719,0.031750360839135044,0.02656129490138953,0.019868407223497347,0,2.481010241695003e-08,0.999920129776001
MAM,archive,34,AU,0.14886906371091285,0.08897095905473917,0.10805712670676146,0.01935064935064935,0,0.0,1.0
MAM,archive,34,VA,0.125533388288602,0.007481976096590661,0.03379309057234503,0.028424859657615664,0,-0.6819576025009155,0.8570718765258789
MAM,archive,34,expression,0.0937230378220977,0.028944971497261936,0.028117657139661224,0.015069682256832514,0,1.3828734779508522e-07,0.9999618530273438
MAM,archive,35,AU,0.16961350319840887,0.08787812443753511,0.0891198906402945,0.020988372093023257,0,0.0,1.0
MAM,archive,35,VA,0.13778712741290328,0.005954322255028898,0.011172344768187542,0.026984196283034223,0,-0.6117521524429321,0.7390783429145813
MAM,archive,35,expression,0.10129584528647483,0.019722416865409813,0.016139882468459,0.019069579724056356,0,2.378069297037655e-07,0.9998587369918823
MAM,archive,36,AU,0.12973136992414103,0.0849823368440294,0.10671641153987922,0.030402576489533012,0,0.0,1.0
MAM,archive,36,VA,0.12463362278299771,0.00796411623252671,0.04058905857940618,0.042448177714359714,0,-0.6547074913978577,0.8272740840911865
MAM,archive,36,expression,0.0901682148974936,0.03253491952229807,0.02907342485158415,0.020791001551428556,0,5.228977073556962e-08,0.9998979568481445
MAM,archive,37,AU,0.1358172839506173,0.078955670781893,0.10038601372658151,0.020445186421814136,0,0.0,1.0
MAM,archive,37,VA,0.11832989817173506,0.009793688304078734,0.03004158440720788,0.03375114485051425,0,-0.730064332485199,0.8584200143814087
MAM,archive,37,expression,0.0850531335172208,0.02946965211875815,0.027638021108982547,0.018919288525000286,0,2.8271500696064322e-08,0.9999779462814331
MAM,archive,38,AU,0.1570179387490621,0.09256384969431308,0.10354782663848743,0.02072570725707257,0,0.0,1.0
MAM,archive,38,VA,0.11587409505634177,0.0076668508417355825,0.02375102951257831,0.029061105553216705,0,-0.646925687789917,0.8197600841522217
MAM,archive,38,expression,0.09168535250323327,0.0262045093754524,0.024076695753692694,0.02050990444233731,0,6.149575426661613e-08,0.9999525547027588
MAM,archive,39,AU,0.14125466551823143,0.07987258711749427,0.08810182885527226,0.021669902912621358,0,0.0,1.0
MAM,archive,39,VA,0.12383006920329874,0.009092364072815195,0.018350713363386412,0.036773637803135785,0,-0.7713108062744141,0.659454882144928
MAM,archive,39,expression,0.0922983217445439,0.031215060811268045,0.021621400123049462,0.024063674471759715,0,5.5312739277724177e-08,0.9998584985733032
MAM,archive,40,AU,0.1620882875495422,0.09491503131513479,0.07058575919092526,0.034,0,0.0,1.0
MAM,archive,40,VA,0.13454405310862597,0.0031025588958175734,0.00981988240824733,0.04219201106483255,0,-0.7017899751663208,0.682662844657898
MAM,archive,40,expression,0.1307958236704933,0.021171440365587244,0.014294287755169102,0.02470099216092669,0,1.2410755800829065e-07,0.999273955821991
MAM,archive,41,AU,0.14316445604116837,0.09031579655068384,0.11672711459012822,0.019398692810457516,0,0.0,1.0
MAM,archive,41,VA,0.15346581285693928,0.007814421602332497,0.03361250868551184,0.03777386298630839,0,-0.5686804056167603,0.8664467334747314
MAM,archive,41,expression,0.09072715273302055,0.0350814765548422,0.03272001547886189,0.014208243335217977,0,6.595384238750057e-09,0.999984860420227
MAM,archive,42,AU,0.19858875171467763,0.09692495005842604,0.07523586012501267,0.02340993328391401,0,0.0,1.0
MAM,archive,42,VA,0.12655876017430262,0.004386818918504092,0.010686254083498848,0.030187388870810437,0,-0.6153056621551514,0.7901667356491089
MAM,archive,42,expression,0.11231105653767283,0.015473542058521734,0.011405886686854699,0.01794611447438646,0,8.495140946251922e-08,0.9998977184295654
MAM,archive,43,AU,0.13745650953984287,0.08130495160995478,0.10466608621762687,0.016195892575039495,0,0.0,1.0
MAM,archive,43,VA,0.13823228668909904,0.007425902967262936,0.023817575009480035,0.03196503246807762,0,-0.7470789551734924,0.8629776835441589
MAM,archive,43,expression,0.11258412940873828,0.03479687582783136,0.031456873680836384,0.014776439268348355,0,1.1388442189286252e-08,0.9999817609786987
MAM,archive,44,AU,0.18086342688922796,0.11354105944964335,0.1030813273582871,0.01970857618651124,0,0.0,1.0
MAM,archive,44,VA,0.12495382102363096,0.006973151201418335,0.03348564054100365,0.02982324426527727,0,-0.757072389125824,0.937282919883728
MAM,archive,44,expression,0.12208572219539275,0.030344315616690754,0.025048717277600295,0.013633145058846637,0,8.977893983797003e-09,0.9999923706054688
MAM,archive,45,AU,0.2049288382118236,0.1039586997428174,0.08378208598647463,0.02522962962962963,0,0.0,1.0
MAM,archive,45,VA,0.1228517918778335,0.006939564278330087,0.01735227059553693,0.03480139785401342,0,-0.7551682591438293,0.7905038595199585
MAM,archive,45,expression,0.12333312042316039,0.0222960095495095,0.016012112332408537,0.020398066262667623,0,2.394421017015702e-07,0.9997943043708801
MAM,archive,46,AU,0.19745693075771728,0.11266084486382104,0.09417117712004276,0.020889853499728703,0,0.0,1.0
MAM,archive,46,VA,0.12632968200386313,0.006774375484769723,0.02295385350913886,0.03044816629137967,0,-0.6854369044303894,0.8434665203094482
MAM,archive,46,expression,0.1326506626247129,0.029147051316110294,0.021770176740397156,0.01482657566565629,0,2.8833285981022527e-08,0.9999728202819824
MAM,archive,47,AU,0.1885341563786008,0.10077547370827619,0.08357656516995071,0.02128219381137669,0,0.0,1.0
MAM,archive,47,VA,0.09625079863420968,0.01017863196001059,0.02185119829268769,0.03182687314948494,0,-0.7907750606536865,0.7995348572731018
MAM,archive,47,expression,0.1148950466693446,0.025149312342113206,0.01787714734516931,0.018078161260514095,0,2.2336054428251373e-07,0.999879002571106
MAM,archive,48,AU,0.17339988116458702,0.07690112830093958,0.06604087989098695,0.020442541042112777,0,0.0,1.0
MAM,archive,48,VA,0.12979696921850944,0.00529361139384128,0.009479892258799461,0.026481674684786086,0,-0.6141365766525269,0.6918935775756836
MAM,archive,48,expression,0.1318301097800005,0.01993296940770936,0.01448715136554265,0.014295350872792352,0,4.407311493537236e-08,0.999884843826294
MAM,archive,49,AU,0.1733165256017768,0.09596728855078847,0.08528320983856953,0.02199513381995134,0,0.0,1.0
MAM,archive,49,VA,0.13370262942015318,0.00750937152578669,0.015496731780654218,0.03288565371945357,0,-0.7351105809211731,0.8299717903137207
MAM,archive,49,expression,0.1246911494121947,0.022343938921963406,0.015647398372259303,0.01753146156560808,0,2.854494063342372e-08,0.9999525547027588
MAM,archive,50,AU,0.19218100309895603,0.09940736722629617,0.09074278518577235,0.016910569105691057,0,0.0,1.0
MAM,archive,50,VA,0.10663550509954418,0.00463814706977942,0.016289090014948333,0.028537466578849032,0,-0.6282137632369995,0.7091866731643677
MAM,archive,50,expression,0.12719283539182943,0.020952449872109792,0.0153774030177906,0.014763109148120013,0,1.7029248056132928e-07,0.9995854496955872
MAM,archive,51,AU,0.17580638839898097,0.09003271121654642,0.08684610008234588,0.018823183289202707,0,0.0,1.0
MAM,archive,51,VA,0.11540207540156071,0.005777419085913187,0.022979516552961644,0.028655295046549335,0,-0.6619346141815186,0.8828333616256714
MAM,archive,51,expression,0.12482331090020979,0.02254615079503418,0.018135671918274327,0.014020020823196533,0,3.03850669070016e-08,0.9999916553497314
MAM,archive,52,AU,0.19719725343320849,0.10907347845711354,0.09204215702715667,0.018466491074041556,0,0.0,1.0
MAM,archive,52,VA,0.12386756455578604,0.008458812573255719,0.030214962559695347,0.025636620312743698,0,-0.7025125622749329,0.9149011969566345
MAM,archive,52,expression,0.13872663062873183,0.0257208665165897,0.01936236690155893,0.010110905866056093,0,9.112176790893045e-09,0.9999878406524658
MAM,archive,53,AU,0.2099625454160201,0.11171505730277351,0.08925075626356484,0.018578480870638393,0,0.0,1.0
MAM,archive,53,VA,0.10639955200294952,0.006687976305393894,0.016206838591387825,0.026541150820033582,0,-0.6738055944442749,0.878875195980072
MAM,archive,53,expression,0.12918057860231172,0.0196021523058259,0.014347886334930681,0.012468858428391178,0,1.3504453022505913e-07,0.9998292922973633
MAM,archive,54,AU,0.16530693912303107,0.10319825702304233,0.09607499292415755,0.017112196991472647,0,0.0,1.0
MAM,archive,54,VA,0.1184246456563243,0.0073686516677475425,0.025777897132780316,0.025188443123843444,0,-0.6744636297225952,0.8885852098464966
MAM,archive,54,expression,0.12065017899316079,0.02811724904407755,0.021287576868150308,0.012009475910772465,0,1.2552672679078114e-08,0.9999535083770752
MAM,archive,55,AU,0.14998298726686743,0.10072606294911746,0.10908267706277387,0.017433409436834094,0,0.0,1.0
MAM,archive,55,VA,0.11158118909467755,0.007501328958677994,0.03556752045743504,0.026395492378462854,0,-0.6684920787811279,0.9082032442092896
MAM,archive,55,expression,0.12077483908717368,0.03054549802034729,0.025413773528217394,0.012421135881790555,0,2.1174713538130163e-08,0.9999836683273315
MAM,archive,56,AU,0.17916338988128677,0.08353870026002615,0.07317267267881922,0.022125506072874494,0,0.0,1.0
MAM,archive,56,VA,0.12890669468721405,0.008490826975487205,0.01674348566299436,0.03030204045829193,0,-0.730017900466919,0.7225834131240845
MAM,archive,56,expression,0.1124107866171615,0.023215662510934768,0.018082324409445356,0.01768317942883971,0,1.9364740921901102e-07,0.9998499155044556
MAM,archive,57,AU,0.20032840722495895,0.09245753903093804,0.07163857068366354,0.022708744247205787,0,0.0,1.0
MAM,archive,57,VA,0.14091484210665503,0.004221789802884071,0.012396917867364552,0.029644086789015162,0,-0.6133768558502197,0.8473066687583923
MAM,archive,57,expression,0.1182097452287058,0.014863580633048774,0.01070615130894605,0.016583462986288756,0,1.4778055401620804e-07,0.9999425411224365
MAM,archive,58,AU,0.12840536696964078,0.09163641312779691,0.1275878204135824,0.019387357282094123,0,0.0,1.0
MAM,archive,58,VA,0.13749300109932944,0.00881979058590913,0.04348200334160931,0.031583423245848084,0,-0.787358820438385,0.9168950915336609
MAM,archive,58,expression,0.09352958733570732,0.0382295383588003,0.03657261269412464,0.015880030878185323,0,1.0741624478782796e-08,0.9999942779541016
MAM,archive,59,AU,0.18784515408842645,0.09385746962710283,0.07448162961038324,0.024640804597701148,0,0.0,1.0
MAM,archive,59,VA,0.13338822840675732,0.004372618662954015,0.01752482123466686,0.03952697503358461,0,-0.6676650047302246,0.8641525506973267
MAM,archive,59,expression,0.11033829438446849,0.01951105541519646,0.014308139518527737,0.017474854163780435,0,2.6629431104652213e-08,0.9997586607933044
MAM,archive,60,AU,0.16839401769634327,0.09091378574244004,0.08153761987441714,0.019753216992772785,0,0.0,1.0
MAM,archive,60,VA,0.12335893923069242,0.009257667974946225,0.035544001136545975,0.02963920014107682,0,-0.8128470182418823,0.8272171020507812
MAM,archive,60,expression,0.14051214783617458,0.023293735426054955,0.015658463028961987,0.011243642834487545,0,7.265646928544811e-08,0.9998289346694946
MAM,archive,61,AU,0.1949861178110093,0.10865149274506715,0.08688904996576924,0.0165836711059641,0,0.0,1.0
MAM,archive,61,VA,0.09648127166482724,0.00871463486904456,0.02134563746555338,0.025430770900831047,0,-0.8077741861343384,0.6936776041984558
MAM,archive,61,expression,0.1256590761395089,0.026366918813367727,0.018753869388334843,0.012528368839806627,0,2.563437817570957e-07,0.9997336268424988
MAM,archive,62,AU,0.1602848319225044,0.06451001274783369,0.04965239835321301,0.010967096709670967,0,0.0,1.0
MAM,archive,62,VA,0.12300360979960785,0.004892537200878063,0.01466708454730653,0.019481871646413025,0,-0.7371095418930054,0.6625789403915405
MAM,archive,62,expression,0.14899547708017216,0.009818139716947434,0.006328984184829732,0.008010442537315641,0,1.2789331549356575e-07,0.9992295503616333
MAM,archive,63,AU,0.1942642503576096,0.10337646980614322,0.07848893442751684,0.01710579951825088,0,0.0,1.0
MAM,archive,63,VA,0.0992516293897855,0.0055305334918150945,0.014872163046346448,0.024791358752309825,0,-0.6270067095756531,0.843520998954773
MAM,archive,63,expression,0.13465405007075013,0.017301117519724504,0.011798554378420485,0.012028850706124933,0,2.382224693064927e-07,0.999908447265625
MAM,archive,64,AU,0.1857874272740173,0.10632248281516493,0.0966330136324447,0.02217707934074358,0,0.0,1.0
MAM,archive,64,VA,0.1287361756156115,0.009807656439794326,0.027402958816848066,0.03104487345520246,0,-0.747257649898529,0.8015187978744507
MAM,archive,64,expression,0.1347792955301627,0.030325053740092273,0.02161680293821831,0.015158078643523533,0,2.7334998264905153e-08,0.9999618530273438
MAM,archive,65,AU,0.21277151335311573,0.09941420451525144,0.07323597670282501,0.02340855106888361,0,0.0,1.0
MAM,archive,65,VA,0.12087784540360924,0.004962421837133606,0.010853543474027314,0.031162727556812243,0,-0.6461974382400513,0.6981023550033569
MAM,archive,65,expression,0.12483748374487624,0.01589988508857967,0.011019808509502366,0.018263338872417573,0,2.54901266316665e-07,0.9997281432151794
MAM,archive,66,AU,0.18201187793227594,0.08698195332098148,0.0648499033086816,0.020875446656457377,0,0.0,1.0
MAM,archive,66,VA,0.08031543373995577,0.007742793234627294,0.015250653499101045,0.029423858419225925,0,-0.7679020762443542,0.7039794921875
MAM,archive,66,expression,0.10859430543428916,0.01769120659187253,0.012014919284016384,0.015961737990762833,0,3.932754282232054e-07,0.9997740387916565
MAM,archive,67,AU,0.16182562902282036,0.09166922270423818,0.09391153232485068,0.02234192037470726,0,0.0,1.0
MAM,archive,67,VA,0.12467881496667389,0.004687365345862152,0.023419840640125665,0.03180657442678667,0,-0.6557335257530212,0.8899285197257996
MAM,archive,67,expression,0.10707784618423627,0.026330276127696395,0.022173326594684427,0.01787073713887151,0,1.8705556215081742e-08,0.9999765157699585
MAM,archive,68,AU,0.15143126452472658,0.07620155794640728,0.06023421687792663,0.016702508960573476,0,0.0,1.0
MAM,archive,68,VA,0.1177199804795547,0.00302399531644154,0.01555149095336388,0.020062278352908712,0,-0.6750649213790894,0.8437541723251343
MAM,archive,68,expression,0.15984657675456976,0.010172975905147274,0.006721652601605293,0.007347556024143205,0,1.699185645520629e-07,0.9999222755432129
MAM,archive,69,AU,0.1680837287097068,0.08312422790138677,0.06516854122815435,0.015706618962432917,0,0.0,1.0
MAM,archive,69,VA,0.13348357818416057,0.006469092450283721,0.014667565317078468,0.02090635001597242,0,-0.6966773271560669,0.849563479423523
MAM,archive,69,expression,0.1511707427303518,0.01618115357016297,0.010272319637374594,0.007547478089659457,0,1.408143788239613e-07,0.9999713897705078
MAM,archive,70,AU,0.147189495744068,0.08353463175553608,0.06253659980871425,0.014949928469241773,0,0.0,1.0
MAM,archive,70,VA,0.12254745083226407,0.006241486097160988,0.017369828392256686,0.023931310942543665,0,-0.7730505466461182,0.6885002851486206
MAM,archive,70,expression,0.14135109853487704,0.014037643501808965,0.00874542823649482,0.009233022519799065,0,2.754751449174364e-07,0.9996269941329956
MAM,archive,71,AU,0.22661729477778586,0.09685058824400547,0.07152515799474561,0.018378654970760234,0,0.0,1.0
MAM,archive,71,VA,0.08215150987717178,0.006109411673487982,0.021258652696090796,0.024000925463976606,0,-0.8088036179542542,0.6732786297798157
MAM,archive,71,expression,0.14039594467076497,0.015930885980872684,0.010407572123237249,0.011686899965144413,0,4.171955367837654e-07,0.9992817044258118
MAM,archive,72,AU,0.21743082661115448,0.11117727330712511,0.08417853914001529,0.020199121522693996,0,0.0,1.0
MAM,archive,72,VA,0.1203521917616181,0.007859362565901173,0.017869494918550312,0.027495270470699457,0,-0.6183797717094421,0.9274565577507019
MAM,archive,72,expression,0.13275887217058946,0.020498683377521802,0.013876968011492907,0.012320025855306364,0,2.3076140109878907e-08,0.9999792575836182
MAM,archive,73,AU,0.18525604581221936,0.1066579632945178,0.09005585044527378,0.018427445526193787,0,0.0,1.0
MAM,archive,73,VA,0.10687447424713908,0.009219268750639692,0.018702928951032354,0.02308978083692439,0,-0.7591145038604736,0.735386848449707
MAM,archive,73,expression,0.12765726576010739,0.022692564951479158,0.014914572698246314,0.011861273318457204,0,1.9770887149661576e-07,0.9998296499252319
MAM,archive,74,AU,0.19258978622494435,0.10560251076713331,0.08863404305749038,0.01697991663508905,0,0.0,1.0
MAM,archive,74,VA,0.13528271863385963,0.007482326167255547,0.029820142055336746,0.025442545456264582,0,-0.8058897256851196,0.8644859790802002
MAM,archive,74,expression,0.13831006974066917,0.025502623021211878,0.018137952524249816,0.010696500884017942,0,5.3141246070254056e-08,0.9999774694442749
MAM,archive,75,AU,0.21539860975344846,0.10487750090617014,0.0738634396954373,0.01872410632447296,0,0.0,1.0
MAM,archive,75,VA,0.0917722389905369,0.009206418237768478,0.019671096916045384,0.0249643071129013,0,-0.8255266547203064,0.7280279397964478
MAM,archive,75,expression,0.12175680314244831,0.023217402943938936,0.01606779830535703,0.01303759502734637,0,1.0384015070030728e-07,0.9997548460960388
MAM,archive,76,AU,0.19840956568909204,0.11293228244876291,0.0918236013788112,0.021674979218620116,0,0.0,1.0
MAM,archive,76,VA,0.1290025083289973,0.008997315687914014,0.023030430187261364,0.025924541647055547,0,-0.6853442788124084,0.8419420719146729
MAM,archive,76,expression,0.13015792833320572,0.0245675770047611,0.018868976306873765,0.01290528616887442,0,6.484878856127807e-09,0.9999731779098511
MAM,archive,77,AU,0.21713713713713712,0.09079896390563563,0.06296131020485914,0.019734188817598534,0,0.0,1.0
MAM,archive,77,VA,0.08803124138679794,0.004266675172129549,0.015772808633034548,0.030832197188215293,0,-0.8008548021316528,0.7298786044120789
MAM,archive,77,expression,0.14221511122413225,0.014333467979447052,0.009566621716571206,0.014407963525620474,0,4.610978976415936e-07,0.9995986819267273
MAM,archive,78,AU,0.20123831839507997,0.10430812314355992,0.07897979214001995,0.01750639134709931,0,0.0,1.0
MAM,archive,78,VA,0.11513394355509979,0.006450368580359538,0.0199514890813537,0.02314360845713824,0,-0.718716025352478,0.8650484085083008
MAM,archive,78,expression,0.15324502979071636,0.014567296309229932,0.010083577589321182,0.008519327266765334,0,1.9347788793311338e-07,0.9999598264694214
MAM,archive,79,AU,0.20429217609386896,0.0975117928366292,0.0741753088749757,0.022149626940915507,0,0.0,1.0
MAM,archive,79,VA,0.09124912670482312,0.004512660568810416,0.01416830450748451,0.03126733256037715,0,-0.7160850763320923,0.7669974565505981
MAM,archive,79,expression,0.1174432564801029,0.019748262655708636,0.013541089117249109,0.015420427319732309,0,2.2685756562168535e-07,0.9998350143432617
R1,2000,0,AU,0.08960754837815912,0.035539777863423286,0.032745094169589706,0.04313860274320751,0,0.001352154416963458,0.9987730383872986
R1,2000,0,VA,0.6676649535222299,0.04965339313666348,0.028194223802685176,0.030947672845132033,0,-0.9972826838493347,0.9865539073944092
R1,2000,0,expression,0.09415077064424213,0.03470674794636785,0.025309772588561673,0.02089499235426779,0,3.215597098460421e-05,0.9952072501182556
R1,2000,1,AU,0.1090467215442104,0.03647680028661365,0.031129801209991457,0.06513605322697737,0,0.0011120621347799897,0.9981827735900879
R1,2000,1,VA,0.7543046502853129,0.04135320042290011,0.024170464147230928,0.05082636377233537,0,-0.9963310956954956,0.9916243553161621
R1,2000,1,expression,0.10843799612270376,0.030779234770213906,0.021888578744015574,0.0371542284973334,0,3.528170054778457e-05,0.9962073564529419
R1,2000,2,AU,0.09778125548480465,0.027976432814101112,0.02626736983577272,0.03738335089222216,0,0.0010188862215727568,0.9982800483703613
R1,2000,2,VA,0.7048743726719824,0.033644483615527306,0.020092249441606078,0.02851852881566628,0,-0.9963667392730713,0.9895763397216797
R1,2000,2,expression,0.0972121910364175,0.024992348429341917,0.017610979651720392,0.01739828390053788,0,3.885534169967286e-05,0.9961408972740173
R1,2000,3,AU,0.10004733530240409,0.03838943046042836,0.03628267713582446,0.06447550987307021,0,0.0012037026463076472,0.998376727104187
R1,2000,3,VA,0.7311874437954392,0.05053978493528228,0.029549475947282373,0.046008619990276625,0,-0.9957830905914307,0.9927375912666321
R1,2000,3,expression,0.10165688958000148,0.03384248796822362,0.025679623057787405,0.03628352758590571,0,2.4866769308573566e-05,0.994767427444458
R1,2000,4,AU,0.09122758553554346,0.037275710201331656,0.041212304603597365,0.044790297030734345,0,0.0007434761500917375,0.9988906979560852
R1,2000,4,VA,0.6819931300567593,0.0520541316332143,0.03162787648737715,0.03309658420643273,0,-0.996516764163971,0.990243673324585
R1,2000,4,expression,0.0953666884231317,0.03735269003132429,0.03087856194276869,0.02758929697671947,0,2.259042412333656e-05,0.9948339462280273
R1,2000,5,AU,0.08608981619161195,0.03472680088823908,0.03425641344379987,0.04389505022855945,0,0.0013997202040627599,0.9977105855941772
R1,2000,5,VA,0.6414080214417881,0.04794214994319367,0.02873743816030446,0.034114892088979686,0,-0.9961212277412415,0.9835634827613831
R1,2000,5,expression,0.09036762534518726,0.03275782636674915,0.02568648500076075,0.022040739210554158,0,3.692155587486923e-05,0.996036946773529
R1,2000,6,AU,0.08903437515627775,0.03314646323656313,0.031140250694493048,0.04098401114611669,0,0.001166535192169249,0.9985709190368652
R1,2000,6,VA,0.7082905361363461,0.04657088063162806,0.02617920663502445,0.029118869119537687,0,-0.9967831373214722,0.9891446828842163
R1,2000,6,expression,0.0956070766567731,0.03326778744395858,0.024284579810979756,0.0196332589660489,0,3.559586184564978e-05,0.9956703186035156
R1,2000,7,AU,0.10229745941087841,0.03770902393576764,0.03272168677949728,0.042968838901485895,0,0.0011070558102801442,0.9988610744476318
R1,2000,7,VA,0.697410612096625,0.044949939985016535,0.026197833834665507,0.03542654098738528,0,-0.9967623949050903,0.9910873770713806
R1,2000,7,expression,0.1029482211287034,0.03556773426869447,0.02485149760964759,0.024987411845847927,0,2.7448581022326834e-05,0.9959530830383301
R1,2000,8,AU,0.05841256865807884,0.022486120951796397,0.020629756948743718,0.025686967577133808,0,0.0006476083653979003,0.9990519881248474
R1,2000,8,VA,0.5543752994658113,0.05746433341208967,0.03236567289214541,0.028963950165036827,0,-0.9935474395751953,0.9854721426963806
R1,2000,8,expression,0.08005053923795422,0.030536602962199445,0.022849020331276483,0.024106787849751492,0,5.47678027942311e-05,0.9927195310592651
R1,2000,9,AU,0.08947217209787972,0.03745073658446133,0.0378871288359923,0.049739997364191955,0,0.0006392858340404928,0.9991419315338135
R1,2000,9,VA,0.636055957647668,0.05925229218949417,0.03637287917639017,0.03601527923120766,0,-0.9951320290565491,0.9913140535354614
R1,2000,9,expression,0.09717860581407713,0.038074488088933385,0.028374537567497714,0.029111222849681727,0,2.0042474716319703e-05,0.9956283569335938
R1,2000,10,AU,0.09321059307662717,0.03455902066618543,0.03119222395262722,0.05380909914290503,0,0.001033792388625443,0.9993151426315308
R1,2000,10,VA,0.7175972055503004,0.05417008183620257,0.0354024643941049,0.046551119776154934,0,-0.9968434572219849,0.9891726970672607
R1,2000,10,expression,0.10070669305160075,0.03684407327597001,0.026607089852677734,0.030333334252862585,0,3.0078841518843547e-05,0.9969737529754639
R1,2000,11,AU,0.08967972528388381,0.03124866549498491,0.03199709132364873,0.04261041907729837,0,0.0005202104803174734,0.9990763664245605
R1,2000,11,VA,0.6164932658049481,0.04413176768639025,0.024923412144252883,0.035191467253540755,0,-0.9946945309638977,0.9912563562393188
R1,2000,11,expression,0.09142085627105555,0.03077087190726902,0.02284348619577045,0.031854503867837634,0,2.2647400328423828e-05,0.9957881569862366
R1,2000,12,AU,0.07806755862375263,0.03087263571203126,0.03352519381255423,0.038127545062754495,0,0.0007070706924423575,0.9991984963417053
R1,2000,12,VA,0.699227054469086,0.047136527190442964,0.02888327671624019,0.03289436511378093,0,-0.9965629577636719,0.9918569326400757
R1,2000,12,expression,0.09357735779373552,0.03587387595485555,0.028678712967190673,0.02385431634580423,0,2.8208974981680512e-05,0.9945301413536072
R1,2000,13,AU,0.05233251179673097,0.020512276803361987,0.02176124344191022,0.03858671685215346,0,0.00042333375313319266,0.9991169571876526
R1,2000,13,VA,0.6622480751644418,0.05212732829165231,0.030261552287719547,0.04345894372796259,0,-0.9932300448417664,0.9854924082756042
R1,2000,13,expression,0.08506576623569798,0.02998743154022943,0.023022293794790323,0.030251155359892416,0,2.8491182092693634e-05,0.9913853406906128
R1,2000,14,AU,0.06992059614176158,0.0306708517075314,0.034543373172139125,0.03513837046399563,0,0.0006814236985519528,0.9991798996925354
R1,2000,14,VA,0.6636996999492499,0.055710772725308735,0.03194492106643249,0.03602759567412485,0,-0.9967422485351562,0.9868000149726868
R1,2000,14,expression,0.09008608676273029,0.03632885789219197,0.029336719870683103,0.023895131020312793,0,3.433781967032701e-05,0.9944332242012024
R1,2000,15,AU,0.0801959314903516,0.03225273288484146,0.03326659641208699,0.05596646799319872,0,0.0008834953187033534,0.9990355968475342
R1,2000,15,VA,0.6792741171452414,0.05354750916411926,0.032855337852956704,0.04124193753496815,0,-0.9955203533172607,0.9897696375846863
R1,2000,15,expression,0.09195900534873332,0.034541371269541314,0.026754841213930024,0.028216969206449706,0,3.4976306778844446e-05,0.996531069278717
R1,2000,16,AU,0.07912403154474536,0.028716663151419207,0.031779675647983584,0.05066557883147593,0,0.0009079518495127559,0.9986479878425598
R1,2000,16,VA,0.6707144113236545,0.04315198800793374,0.027597893843388777,0.03950782184959136,0,-0.9964986443519592,0.9848834872245789
R1,2000,16,expression,0.09112562142052606,0.029788449574023178,0.024360421272510292,0.029753159683922004,0,2.86230024357792e-05,0.9962469935417175
R1,2000,17,AU,0.08289578958559536,0.0361593611124967,0.03827514487819888,0.04793896207573901,0,0.0006421011057682335,0.9990560412406921
R1,2000,17,VA,0.6356918316491268,0.059130176989303805,0.03468163991873842,0.038598551883256116,0,-0.9968082904815674,0.990929901599884
R1,2000,17,expression,0.09465216086739456,0.038679868721200966,0.029426441946328152,0.030561952945914902,0,2.4060553187155165e-05,0.9959110021591187
R1,2000,18,AU,0.06048552823964834,0.024970634192558534,0.02505327015762102,0.041440211424705865,0,0.0007494736346416175,0.9991840720176697
R1,2000,18,VA,0.6822611154890981,0.051176039792742906,0.029374346892523655,0.03406340799615075,0,-0.9942847490310669,0.9880797863006592
R1,2000,18,expression,0.0829601228497057,0.03210510823264822,0.024585996167664756,0.028058760861133635,0,4.2335082980571315e-05,0.993755578994751
R1,2000,19,AU,0.05677267627989809,0.025532629432497962,0.026555052133031054,0.03887140477850413,0,0.0005544032901525497,0.9992227554321289
R1,2000,19,VA,0.6157776717252017,0.05665858146582476,0.03312541242084028,0.03902218125455376,0,-0.9932731986045837,0.9863637685775757
R1,2000,19,expression,0.08514969236376153,0.03613796234618184,0.027626472001003675,0.02923527237883273,0,2.496316119504627e-05,0.9939588308334351
R1,2000,20,AU,0.10800950727885193,0.03606695386464501,0.033189797803379294,0.07371896610018533,0,0.0010436091106384993,0.9989427924156189
R1,2000,20,VA,0.7666831028399737,0.04247751015282753,0.02491807175519961,0.05102982980830932,0,-0.9968154430389404,0.9921608567237854
R1,2000,20,expression,0.10721994758001246,0.031093545904462724,0.022102330323289884,0.03836825158938341,0,2.044125722022727e-05,0.9954364895820618
R1,2000,21,AU,0.09826773780490673,0.029396316599045656,0.025780750594540477,0.03903938838575489,0,0.0012425156310200691,0.9978600144386292
R1,2000,21,VA,0.7027966411817488,0.03828245320659714,0.02216418662007196,0.03088495664181605,0,-0.9958098530769348,0.9829647541046143
R1,2000,21,expression,0.09708115962647279,0.026159885388633303,0.018840048900869856,0.01899340448647543,0,4.411382906255312e-05,0.9965261816978455
R1,2000,22,AU,0.11022050737074372,0.03642627487934512,0.03351329327599148,0.06255751775097046,0,0.0010741215664893389,0.9987351298332214
R1,2000,22,VA,0.7688511276528509,0.03984546338037422,0.02436417067476217,0.044810703367895895,0,-0.9961290955543518,0.9917587041854858
R1,2000,22,expression,0.10768444288977921,0.030426987038199002,0.022308495093240656,0.03293720449688589,0,2.805821168294642e-05,0.9935546517372131
R1,2000,23,AU,0.11102494474092427,0.032577033031058744,0.02874387902267311,0.0565304252955013,0,0.0010353629477322102,0.9984209537506104
R1,2000,23,VA,0.7574785754586766,0.03781264091606902,0.02258251043672801,0.040746066193950055,0,-0.9964214563369751,0.989700973033905
R1,2000,23,expression,0.10819138648716618,0.026364831365078296,0.019045287345709025,0.027862845600580406,0,3.260343146394007e-05,0.9951950907707214
R1,2000,24,AU,0.08968791978290233,0.03535540617607071,0.03538829672478005,0.04134509014459638,0,0.0010436568409204483,0.9989275336265564
R1,2000,24,VA,0.647590743298503,0.054354341678811105,0.03242847784934388,0.02954111686786526,0,-0.9964137673377991,0.9854303598403931
R1,2000,24,expression,0.09422407905516487,0.03660999753275693,0.02738401437565697,0.0229319110370015,0,1.8782218830892816e-05,0.996032178401947
R1,2000,25,AU,0.09617426995508435,0.03374147046378702,0.030401395275390576,0.045534309353350975,0,0.0012266068952158093,0.9991747736930847
R1,2000,25,VA,0.7153955058585093,0.049914697336132866,0.028789878499628864,0.038013539817084135,0,-0.996785581111908,0.9872609376907349
R1,2000,25,expression,0.0978298752456416,0.035350591314237366,0.025584970484542346,0.02474155241650885,0,2.804589894367382e-05,0.9958813190460205
R1,2000,26,AU,0.09287574115654387,0.040072195956610865,0.034692920471395536,0.045169601944728986,0,0.0011469513410702348,0.9989301562309265
R1,2000,26,VA,0.6920131833257084,0.055028241200460966,0.030693832638850133,0.040483220612817235,0,-0.9967155456542969,0.99046790599823
R1,2000,26,expression,0.10023028055682329,0.039449621936737594,0.027841434986395037,0.026575815415668575,0,2.625046545290388e-05,0.9952776432037354
R1,2000,27,AU,0.09706882005491962,0.03561782562210518,0.028868032155901655,0.04328826193403759,0,0.0014183828607201576,0.9988269209861755
R1,2000,27,VA,0.7062075365070891,0.048823994178663906,0.02922817795518041,0.03706479299718197,0,-0.9968422651290894,0.9848352074623108
R1,2000,27,expression,0.0997004739142454,0.03417348230280351,0.023585989872288514,0.02386580785553347,0,4.105941115994938e-05,0.9950430393218994
R1,2000,28,AU,0.0966767429316759,0.040539076229960475,0.04136762430321757,0.047453116507017536,0,0.0010326072806492448,0.9980529546737671
R1,2000,28,VA,0.6829928484227845,0.06123355241177515,0.040233047916232986,0.03500200273822776,0,-0.9942583441734314,0.9889086484909058
R1,2000,28,expression,0.09762501567947367,0.03851316806482565,0.03150230525098233,0.027072497750538202,0,3.199802813469432e-05,0.9946784973144531
R1,2000,29,AU,0.08204543602873124,0.029372022047503967,0.026081166119668743,0.059077665053919086,0,0.0010980027727782726,0.9986403584480286
R1,2000,29,VA,0.7089862011585367,0.04677508473622201,0.0269143029327651,0.04044318825566504,0,-0.9953585863113403,0.9856762290000916
R1,2000,29,expression,0.0997438524381147,0.029820215666487633,0.021724992189821483,0.03404091578337772,0,4.3747186282416806e-05,0.9912002682685852
R1,2000,30,AU,0.08123656514491805,0.02286483710822005,0.020175530417591386,0.05456656627362176,0,0.0011286254739388824,0.9980762004852295
R1,2000,30,VA,0.7156867108859741,0.03284481455819427,0.020348909460449885,0.04127347147718795,0,-0.9933260083198547,0.9890791773796082
R1,2000,30,expression,0.10009211544645856,0.024308914886227623,0.01791362746192447,0.033153514889544516,0,4.45881778432522e-05,0.9910485744476318
R1,2000,31,AU,0.09626599768949151,0.037415954454520416,0.034502377710826614,0.05471208733129971,0,0.001308900536969304,0.9986783862113953
R1,2000,31,VA,0.7186593224385477,0.056052691879162765,0.033704986321526055,0.040587056525653364,0,-0.9960877895355225,0.989091157913208
R1,2000,31,expression,0.0996340183463022,0.036351930911557924,0.02670645509259122,0.028075175320666453,0,3.2163196010515094e-05,0.9953734278678894
R1,2000,32,AU,0.09936597199540935,0.04077067963403426,0.03748341020791982,0.05378371747724393,0,0.0012587509118020535,0.9981752634048462
R1,2000,32,VA,0.6950848138104847,0.05497674762672302,0.03189007202321994,0.041814990526810245,0,-0.9954794645309448,0.9926985502243042
R1,2000,32,expression,0.10169866486553801,0.03948793621423466,0.028581254850787968,0.031037575396714503,0,2.9109227398294024e-05,0.9965155124664307
R1,2000,33,AU,0.09932317797499803,0.02905495472808634,0.025742742842253367,0.055366326179587415,0,0.002113844733685255,0.9984126091003418
R1,2000,33,VA,0.7472797752385443,0.031334955060871965,0.01972523891938572,0.03905648215811582,0,-0.9961458444595337,0.9836990237236023
R1,2000,33,expression,0.10049990539484946,0.029313508241464156,0.021140939046285473,0.02661671959086355,0,3.446376649662852e-05,0.9950879216194153
R1,2000,34,AU,0.0863547353592265,0.03789789449606471,0.034481557901482295,0.04241742565649238,0,0.0011936165392398834,0.9989320635795593
R1,2000,34,VA,0.6587077907462286,0.05706686195169692,0.032339608392360455,0.033852970508878685,0,-0.9960183501243591,0.9888410568237305
R1,2000,34,expression,0.09428033732781219,0.0387788925127823,0.02810222067652096,0.023353880585460285,0,3.213009040337056e-05,0.994915246963501
R1,2000,35,AU,0.09533565445618536,0.03694140812145166,0.033733828458235575,0.05550553318823764,0,0.0012347431620582938,0.9987485408782959
R1,2000,35,VA,0.7282766371258805,0.05260234705916555,0.029026800696537524,0.043252168860161935,0,-0.9969918131828308,0.9903056025505066
R1,2000,35,expression,0.10050237028086462,0.037103901648625544,0.02653166550074773,0.028298395009565592,0,3.850904613500461e-05,0.9943675398826599
R1,2000,36,AU,0.09701145088877304,0.024828611155711316,0.02317558249125109,0.03963106689064339,0,0.0018887994810938835,0.9982738494873047
R1,2000,36,VA,0.7383803502898603,0.036156077991154986,0.02113002124067951,0.02896452874448859,0,-0.9961380362510681,0.9766251444816589
R1,2000,36,expression,0.0971931623886456,0.02459021916265057,0.018548144461210406,0.018192712561279703,0,3.806087624980137e-05,0.9947541952133179
R1,2000,37,AU,0.10643354577286498,0.03956179985373555,0.03610598236175775,0.06381913163727455,0,0.001273931935429573,0.9980477094650269
R1,2000,37,VA,0.7338750649564846,0.0498768626753846,0.028821115991844747,0.04637658772376935,0,-0.9958949089050293,0.9920386075973511
R1,2000,37,expression,0.10416968247185134,0.036556815974713254,0.02664472660395817,0.034283995345862565,0,3.232735980418511e-05,0.995564877986908
R1,2000,38,AU,0.09029645217380071,0.03969586907966291,0.040183781640435554,0.040149879560426115,0,0.0015264186076819897,0.9983684420585632
R1,2000,38,VA,0.6890818988749938,0.06684953695977103,0.04107248457889389,0.0341973127827907,0,-0.996462881565094,0.987180233001709
R1,2000,38,expression,0.09778533195079536,0.040303662396261895,0.03231877034198316,0.02159239415039982,0,3.1678257073508576e-05,0.995105504989624
R1,2000,39,AU,0.09747858520870116,0.03964997343906827,0.03595769695961902,0.05916801200688946,0,0.0011558562982827425,0.9986860156059265
R1,2000,39,VA,0.7090297238399988,0.05583686006313272,0.0331185752766221,0.05055369386786834,0,-0.995502233505249,0.990220308303833
R1,2000,39,expression,0.10281424132826295,0.03948648357720797,0.028762003544942804,0.03473973855685631,0,3.5370205296203494e-05,0.9946097135543823
R1,2000,40,AU,0.09654139594461293,0.03479233328554198,0.033579868116364216,0.04399982584549551,0,0.0013709355844184756,0.9978311657905579
R1,2000,40,VA,0.7069020026454729,0.04772922407829628,0.03065812343724745,0.03606754751652867,0,-0.9950127005577087,0.9854587316513062
R1,2000,40,expression,0.09989173748827748,0.02890589209521145,0.02379439251176104,0.02592213559293163,0,5.1264312787679955e-05,0.9941617846488953
R1,2000,41,AU,0.09334808611610948,0.02859729388861363,0.022903703799369925,0.04527183982214641,0,0.0015624640509486198,0.9983041286468506
R1,2000,41,VA,0.7476790161600353,0.03312752311395306,0.018884806186519405,0.03638947945340381,0,-0.9939082860946655,0.9822527766227722
R1,2000,41,expression,0.09690650392529623,0.026176027119823204,0.01804628069192651,0.025424713727871123,0,3.1947765819495544e-05,0.9959321618080139
R1,2000,42,AU,0.09692228880036002,0.038112384640237244,0.03360556239292786,0.05570233310001629,0,0.0010578068904578686,0.9985665678977966
R1,2000,42,VA,0.7128436268557284,0.05077311186646618,0.02878314637305481,0.04047124127533038,0,-0.9963678121566772,0.9911120533943176
R1,2000,42,expression,0.1008375114166575,0.036264438655447755,0.025676435613035693,0.029529954999426636,0,3.343113712617196e-05,0.9956634640693665
R1,2000,43,AU,0.07037374289883927,0.0314749321711392,0.03566821621874086,0.0470661115871785,0,0.0005718495813198388,0.9987277388572693
R1,2000,43,VA,0.6679473929911299,0.05470549798845009,0.032977026474080774,0.037481761449750434,0,-0.9945990443229675,0.9915547966957092
R1,2000,43,expression,0.08696535223609085,0.035003537375166434,0.030074756715761965,0.0320352636972246,0,4.6779081458225846e-05,0.9946790933609009
R1,2000,44,AU,0.09275807061199183,0.03106292119244933,0.027702656251212817,0.040383707389394854,0,0.0011108493199571967,0.9986771941184998
R1,2000,44,VA,0.7123001752135809,0.04684597662453167,0.029550764674637818,0.03729078118928368,0,-0.9958663582801819,0.9885193705558777
R1,2000,44,expression,0.09923115951786929,0.02974348713363103,0.021753578122144172,0.022492142034364046,0,3.172127981088124e-05,0.9968529343605042
R1,2000,45,AU,0.09104319335450768,0.03504737905001331,0.0331866784077175,0.051179962465858986,0,0.0008244758355431259,0.9982154369354248
R1,2000,45,VA,0.6986431110530388,0.05594750752052857,0.03388508478393695,0.045310937772634334,0,-0.9959753155708313,0.9921632409095764
R1,2000,45,expression,0.10134376095573258,0.033267866673923785,0.0251479217903439,0.033131526770838575,0,3.4664444683585316e-05,0.9950531125068665
R1,2000,46,AU,0.08935547280679312,0.030084578523134658,0.026853547173493007,0.03499907681634289,0,0.0011950134066864848,0.9986509680747986
R1,2000,46,VA,0.6799502270501058,0.04197840404601365,0.02557804505167597,0.0320807567431253,0,-0.9962185621261597,0.9852229356765747
R1,2000,46,expression,0.09479436233607583,0.028862844373082227,0.0205828942964908,0.01862816404504807,0,3.217697303625755e-05,0.9963488578796387
R1,2000,47,AU,0.08920385793682556,0.03855325150333294,0.04097470957776502,0.05853762105393072,0,0.0005771519499830902,0.9990131855010986
R1,2000,47,VA,0.6706937850449742,0.05264734425867923,0.0308014424492311,0.045348368872760385,0,-0.9966736435890198,0.9913274049758911
R1,2000,47,expression,0.09539336460161929,0.03850999957609685,0.03105956732152429,0.03536561883339723,0,2.7293946914141998e-05,0.9956488013267517
R1,2000,48,AU,0.09111358726102606,0.03176436023301813,0.029229054946907144,0.05789815144801428,0,0.0009267419227398932,0.9977732300758362
R1,2000,48,VA,0.7597185438960007,0.03851321042628724,0.022201942374707823,0.04167800077488778,0,-0.9938177466392517,0.9909409880638123
R1,2000,48,expression,0.10068253504243621,0.028731806712896543,0.021700538317010253,0.03166817770290613,0,4.5531098294304684e-05,0.9946430921554565
R1,2000,49,AU,0.10851938829217636,0.030313925753760632,0.023927871943195008,0.044941761038679286,0,0.0009241909720003605,0.9974543452262878
R1,2000,49,VA,0.7471808085492537,0.03144168016450039,0.01897234534227605,0.03525167764776089,0,-0.9959309697151184,0.9867823123931885
R1,2000,49,expression,0.10639488908359805,0.02344610472777344,0.016102678645038487,0.023498642545927272,0,4.5142453018343076e-05,0.9960033297538757
R1,2000,50,AU,0.0915949802035002,0.03197304724460283,0.03019385056003321,0.04952703076086025,0,0.0007147905416786671,0.9983952641487122
R1,2000,50,VA,0.6219734249614285,0.048360140838276715,0.028264680108825952,0.043099154308937564,0,-0.9942551255226135,0.9936928749084473
R1,2000,50,expression,0.09375485263963353,0.0312693253266084,0.022561500764388887,0.03437599065760135,0,2.958410004794132e-05,0.9962809681892395
R1,2000,51,AU,0.08916269529001034,0.033985093437501473,0.03382431946657718,0.06736231617498283,0,0.0010025568772107363,0.9987793564796448
R1,2000,51,VA,0.7557210070340427,0.04640546533772317,0.025916779033397543,0.04500559609503202,0,-0.9955707788467407,0.9912980794906616
R1,2000,51,expression,0.1001574200492468,0.03350949915255149,0.025030025171930214,0.03735427063728751,0,3.981271947850473e-05,0.9948370456695557
R1,2000,52,AU,0.0856117566263234,0.03212009904612747,0.032254540094548985,0.0468116175966533,0,0.0010349280200898647,0.9991711378097534
R1,2000,52,VA,0.7180438776754269,0.04616069390335879,0.027118094603204246,0.03448854677348724,0,-0.9965260624885559,0.9883333444595337
R1,2000,52,expression,0.09579923500811599,0.03416796884825074,0.025675974626051017,0.024868395361186898,0,3.522018596413545e-05,0.9950149655342102
R1,2000,53,AU,0.08946488435373223,0.03794126087433715,0.037305054232637275,0.04721239843773237,0,0.0007148453732952476,0.9990082383155823
R1,2000,53,VA,0.6448658833341617,0.05707070806373328,0.034115457843126556,0.038447195891315705,0,-0.9963962435722351,0.9907702803611755
R1,2000,53,expression,0.09746358527097403,0.03718353203940584,0.02795674946832723,0.03043607683454907,0,2.891106305469293e-05,0.9964784979820251
R1,2000,54,AU,0.08706119192006784,0.03176212261445555,0.030861330062492306,0.05309421969436995,0,0.0009244128596037626,0.9985781908035278
R1,2000,54,VA,0.6994059827077,0.046857376034734846,0.028532858240258318,0.03963533955558161,0,-0.9952433705329895,0.9891685843467712
R1,2000,54,expression,0.09548062012992252,0.030826883551238606,0.02239777087580685,0.027499819699158493,0,3.8545378629351035e-05,0.9964101910591125
R1,2000,55,AU,0.07217360064526235,0.03036074144489318,0.031222290455146247,0.0367384603968301,0,0.0008047067676670849,0.9991193413734436
R1,2000,55,VA,0.6466931928685776,0.05896259926105611,0.038959434662034206,0.038575956805981734,0,-0.9954417943954468,0.9877465963363647
R1,2000,55,expression,0.0907122635554864,0.036551667049826646,0.02965652491270999,0.02564094168566297,0,4.721811637864448e-05,0.996317982673645
R1,2000,56,AU,0.10685354887226889,0.025815820866681147,0.026525551824399342,0.05909738305543094,0,0.0010521148797124624,0.9985061287879944
R1,2000,56,VA,0.7180833199317221,0.029071171854727233,0.018609885386397625,0.03425582323018565,0,-0.9968244433403015,0.9868643283843994
R1,2000,56,expression,0.10140728963782356,0.025424726826284043,0.01801475203552598,0.02625179423672387,0,2.3268850782187656e-05,0.9960888624191284
R1,2000,57,AU,0.09966849201351473,0.03562000821156077,0.036175012382953446,0.06137447998913943,0,0.001001643599011004,0.9985914826393127
R1,2000,57,VA,0.722810600096432,0.04559494852491273,0.027749608753411713,0.039585692556031324,0,-0.9970515966415405,0.9902206063270569
R1,2000,57,expression,0.10149013701649336,0.03179654408659984,0.024833718424907055,0.030574268612780644,0,3.622260919655673e-05,0.9957062602043152
R1,2000,58,AU,0.09309690287163946,0.031777363440940586,0.02875749958587138,0.04522612696055134,0,0.001385833602398634,0.9978200197219849
R1,2000,58,VA,0.6787187172934094,0.04095683575183816,0.02380191891594449,0.03150433057653344,0,-0.996444582939148,0.9833691716194153
R1,2000,58,expression,0.09434227916783398,0.028729034112415376,0.020257749809499084,0.01982732276736674,0,3.763848144444637e-05,0.9964970946311951
R1,2000,59,AU,0.10512905906970095,0.04120139022175738,0.036855084579035885,0.057812664199930926,0,0.001140766078606248,0.9982274174690247
R1,2000,59,VA,0.6707822328776187,0.05498380575336121,0.033907603898488715,0.04167263358299508,0,-0.9965242743492126,0.9857591390609741
R1,2000,59,expression,0.10335170875636014,0.03750324842748281,0.026493803680205773,0.031863962847363377,0,3.1144474633038044e-05,0.9966707825660706
R1,2000,60,AU,0.07907697011238855,0.03276580412124938,0.03049507394340931,0.05131730932012222,0,0.0009158978355117142,0.9989629983901978
R1,2000,60,VA,0.6851120741780392,0.056510633107257964,0.03218172140053634,0.03924697059342134,0,-0.9956188797950745,0.986762523651123
R1,2000,60,expression,0.0917965772194122,0.03372029668197634,0.025774275259820623,0.03199303647121035,0,3.483615000732243e-05,0.9934391379356384
R1,2000,61,AU,0.07305099491949141,0.03525295105766814,0.040030904974750904,0.053893515677320515,0,0.0005152465309947729,0.9990713596343994
R1,2000,61,VA,0.6200248765571741,0.06058487833736088,0.03477917426752306,0.03996547240549525,0,-0.9962204694747925,0.9895347356796265
R1,2000,61,expression,0.08795921165407826,0.04249079671233231,0.03322274428165236,0.033452997391108553,0,2.0290623069740832e-05,0.9971891045570374
R1,2000,62,AU,0.06020688365060372,0.021447609439166286,0.0204493345579176,0.03161449379154584,0,0.0006255958578549325,0.9986512064933777
R1,2000,62,VA,0.659170233118969,0.04752458222827024,0.026315021529027878,0.0360153409870468,0,-0.9932497143745422,0.9898095726966858
R1,2000,62,expression,0.08821019584498878,0.03162500978636857,0.02381099210931991,0.02604833571401031,0,2.2022688426659442e-05,0.9920144081115723
R1,2000,63,AU,0.07929640848378294,0.036163538564059954,0.039692632605028644,0.051904656706487314,0,0.0005983305745758116,0.9990442395210266
R1,2000,63,VA,0.6652792180547935,0.05482947373542533,0.031157682003067722,0.03809321193707332,0,-0.9965575933456421,0.9908442497253418
R1,2000,63,expression,0.09212350486279344,0.03815506124352482,0.030639420297546655,0.03254759502508188,0,3.368937177583575e-05,0.9945751428604126
R1,2000,64,AU,0.08764739098444166,0.03010948254456171,0.028117140977280013,0.05759064686336911,0,0.0013404588680714369,0.9990078806877136
R1,2000,64,VA,0.7623002607200746,0.04092567141595398,0.02427944111841998,0.042116201120957854,0,-0.9958459734916687,0.9889755845069885
R1,2000,64,expression,0.1022466451692788,0.03080220517289202,0.02299616894288706,0.030613151278009412,0,4.348110087448731e-05,0.993270218372345
R1,2000,65,AU,0.08759311088283114,0.02759003210023632,0.024481008138988732,0.0565138354835351,0,0.0008064197609201074,0.9986675977706909
R1,2000,65,VA,0.6929542753762807,0.04469971064969028,0.026941808547671336,0.048304457461083694,0,-0.9959134459495544,0.993713915348053
R1,2000,65,expression,0.1005151815220985,0.027412020808628056,0.019836616573352457,0.04043793945292379,0,3.4218424843857065e-05,0.994284451007843
R1,2000,66,AU,0.09394061842580372,0.03822944056164911,0.038018545223112106,0.06014045177704682,0,0.0007205420406535268,0.9989629983901978
R1,2000,66,VA,0.6943222291628153,0.049445870069373836,0.02997316950697481,0.04428799322608054,0,-0.9969772696495056,0.9926524758338928
R1,2000,66,expression,0.09777520358340443,0.035604440188797375,0.026861581574743765,0.03680727547705107,0,2.2386584532796405e-05,0.9955129027366638
R1,2000,67,AU,0.09389899920549559,0.03166166314280129,0.029467956800898313,0.05139400607648914,0,0.0009450399084016681,0.9980608820915222
R1,2000,67,VA,0.7266615393880633,0.04176535794052962,0.02397884436536195,0.03980443784798712,0,-0.9961623549461365,0.9898700714111328
R1,2000,67,expression,0.09767048443375524,0.027720980749380203,0.020502447029585008,0.02682786855481949,0,4.420504410518333e-05,0.996081531047821
R1,2000,68,AU,0.06656143020773099,0.023551174086629677,0.02828571133628679,0.048698386039065636,0,0.0008522405405528843,0.9986363053321838
R1,2000,68,VA,0.6768503113671478,0.04599654767692796,0.027081693154740953,0.03999981810456309,0,-0.994004487991333,0.9861280918121338
R1,2000,68,expression,0.08704319469083381,0.028324738002790437,0.022455109634483328,0.030964872594291936,0,6.302148540271446e-05,0.9881970286369324
R1,2000,69,AU,0.0928015591329962,0.027373456302258084,0.023111153470187728,0.014748556995794918,0,0.001575917238369584,0.9964922070503235
R1,2000,69,VA,0.7600820411518118,0.039862629251497646,0.02275987367839904,0.02365937617363026,0,-0.9949232339859009,0.987173855304718
R1,2000,69,expression,0.10613949574733647,0.02774420390808468,0.020099126478864224,0.012749700768959498,0,4.4661181163974106e-05,0.9944489002227783
R1,2000,70,AU,0.07288868352822635,0.014051970177802506,0.010697613040456107,0.014580018124627652,0,0.0011809275019913912,0.9949933886528015
R1,2000,70,VA,0.6978156844232073,0.031857750397559066,0.018921248443203396,0.02417315696538896,0,-0.9898801445960999,0.987720251083374
R1,2000,70,expression,0.0942602146950816,0.017604450057686565,0.012051444626382402,0.01582171990918271,0,4.3922562326770276e-05,0.9860614538192749
R1,2000,71,AU,0.07100943070336051,0.022407991624230125,0.01857934142552241,0.022466036139793893,0,0.0006278115324676037,0.9985429048538208
R1,2000,71,VA,0.6577797602300541,0.057313910235229776,0.03389799136522188,0.03845199527799163,0,-0.9933977723121643,0.984185516834259
R1,2000,71,expression,0.09409676436056341,0.028043368289185643,0.019007121988803093,0.021757330515631487,0,2.396686795691494e-05,0.9920806288719177
R1,2000,72,AU,0.07507914736338958,0.0321062682793305,0.03013629524628925,0.03642396039655614,0,0.000603862979914993,0.9992495179176331
R1,2000,72,VA,0.6316945864537152,0.06158483508150801,0.035423530014982746,0.04229943512463625,0,-0.9965007305145264,0.9884750843048096
R1,2000,72,expression,0.09132096601049441,0.03795658717827039,0.027473780437965518,0.024909328411861734,0,2.5961007850128226e-05,0.9938738346099854
R1,2000,73,AU,0.07596484862291608,0.03174964530117622,0.03346716979208079,0.04455219751049185,0,0.0005889805615879595,0.9991443157196045
R1,2000,73,VA,0.642154742802105,0.05634444011920265,0.03401005475801553,0.04058047484490575,0,-0.996774435043335,0.9870755076408386
R1,2000,73,expression,0.09186909214935136,0.03889390979372129,0.027877845940364833,0.028997065036197072,0,2.056088669633027e-05,0.9962957501411438
R1,2000,74,AU,0.07041002199138685,0.03145767187029959,0.032645385648101856,0.04521141378573137,0,0.0006030043587088585,0.999293327331543
R1,2000,74,VA,0.6803321309468278,0.06162001631477658,0.03841538433590501,0.03702098936300169,0,-0.995419442653656,0.9898704290390015
R1,2000,74,expression,0.0913157647575824,0.03913415281084983,0.03130911897338629,0.027082521712539387,0,3.615951573010534e-05,0.9947986602783203
R1,2000,75,AU,0.07428577381720673,0.032465064304821364,0.03239093110918005,0.04702501142935118,0,0.0005274477298371494,0.9991785883903503
R1,2000,75,VA,0.6875417108784332,0.05857003014749967,0.03481199600489511,0.04456730009191397,0,-0.9968702793121338,0.9907869696617126
R1,2000,75,expression,0.09201846113553692,0.03805821229626498,0.02904283606411292,0.030302575193316594,0,2.7937248887610622e-05,0.9951776266098022
R1,2000,76,AU,0.07455658148874765,0.031737126710553225,0.031411596222311454,0.03681138553960256,0,0.0006474534748122096,0.9992340803146362
R1,2000,76,VA,0.6463624039902118,0.05808611731424017,0.03654241514299928,0.03652033917284991,0,-0.9959139227867126,0.9919854402542114
R1,2000,76,expression,0.09228067109874137,0.037781303582363195,0.029531189734079817,0.022208415939795337,0,3.90313689422328e-05,0.9967182278633118
R1,2000,77,AU,0.0704475180891315,0.022925468498970297,0.02368676793414215,0.05673450948888825,0,0.0005269492394290864,0.9991627931594849
R1,2000,77,VA,0.6437145382569486,0.04511221954262705,0.026367511855885217,0.04618366156020157,0,-0.9940620064735413,0.9898228049278259
R1,2000,77,expression,0.09170057051394029,0.028458634553523352,0.020957549608862328,0.041174801923268216,0,2.7965070330537856e-05,0.9935264587402344
R1,2000,78,AU,0.0916958648647817,0.03068486126014109,0.026548463905373413,0.03333481746034778,0,0.000935673713684082,0.9991601705551147
R1,2000,78,VA,0.7280784219263676,0.044789250548707873,0.027079071333569425,0.030821781718897327,0,-0.9963979125022888,0.9893167018890381
R1,2000,78,expression,0.09872002225270066,0.031525114656081314,0.02245349039947973,0.019713972478560833,0,3.9697632018942386e-05,0.9961448907852173
R1,2000,79,AU,0.0757024315698973,0.02803072314022437,0.028172338427477978,0.0638354496004777,0,0.0006709289154969156,0.9988083839416504
R1,2000,79,VA,0.6797256002134564,0.0493738231579739,0.029562237313237892,0.047037013844346824,0,-0.9953359365463257,0.9891818165779114
R1,2000,79,expression,0.09104546640537531,0.029810288634497483,0.023145968764231542,0.043024596145595256,0,3.8806527300039306e-05,0.9937460422515869
R1,6000,0,AU,0.21836146468204645,0.1551040897268187,0.07793134712809005,0.03384847852384793,0,3.35005893248308e-06,0.9999878406524658
R1,6000,0,VA,0.31895534891570615,0.0559569551620615,0.0280397411926051,0.025153416547705813,0,-0.9648884534835815,0.8342583179473877
R1,6000,0,expression,0.12436154782833589,0.06334169064079896,0.03314943290826439,0.01924568738139505,0,1.5288411248093325e-07,0.9996962547302246
R1,6000,1,AU,0.19997439786983173,0.13643082806054196,0.06916172439942038,0.05133153670872473,0,1.2387033621052979e-06,0.9999376535415649
R1,6000,1,VA,0.3377968904349173,0.04196870105014018,0.022537936420285773,0.0406694692460123,0,-0.9684875011444092,0.7956211566925049
R1,6000,1,expression,0.12565146367419586,0.07036311361796399,0.03568708075649434,0.031078439630615087,0,7.091562679306662e-07,0.9987301230430603
R1,6000,2,AU,0.15387736663754087,0.10499901939483715,0.07245593987521085,0.024651689558188375,0,2.4671812752785627e-06,0.9999921321868896
R1,6000,2,VA,0.32992759986584785,0.038558819324059704,0.023147067930558617,0.023642297681254858,0,-0.9620364904403687,0.8323389291763306
R1,6000,2,expression,0.1071236385212228,0.05589637052800799,0.032500747388370874,0.017887924462512337,0,1.6549689973999193e-07,0.999649167060852
R1,6000,3,AU,0.21554279411748437,0.13703668080197953,0.06993391783393217,0.04560377843018599,0,4.962374532624381e-06,0.999981164932251
R1,6000,3,VA,0.3367643634264649,0.04321789809369239,0.02174177264999593,0.03499749887352806,0,-0.9463169574737549,0.7928991317749023
R1,6000,3,expression,0.1356531235689177,0.05614327642925601,0.029266881891336177,0.02500010753298773,0,3.629907894264761e-07,0.9993168115615845
R1,6000,4,AU,0.17798863871248444,0.12712441895247523,0.07800239627031985,0.04556143529722832,0,1.573855297465343e-05,0.9999973773956299
R1,6000,4,VA,0.3174336121638316,0.037883366891858394,0.02293089434006747,0.032147867055315464,0,-0.9314196109771729,0.8232574462890625
R1,6000,4,expression,0.12311455406116824,0.06126934720441563,0.03487186066640722,0.02375352165152813,0,2.793287592339766e-07,0.9992408752441406
R1,6000,5,AU,0.17306071702393624,0.12505667589686648,0.07072608171866988,0.031620053837704075,0,1.1074583881054423e-06,0.9999805688858032
R1,6000,5,VA,0.31391851150954936,0.05290908520632887,0.02976352225645772,0.029218619993301095,0,-0.9625881910324097,0.8437143564224243
R1,6000,5,expression,0.10482220909300045,0.06439213334740174,0.03355595764502829,0.02103041063723362,0,4.5310201812753803e-07,0.9992602467536926
R1,6000,6,AU,0.19290199232403868,0.14317010052115947,0.08220436677760777,0.03041574235892961,0,1.6832721030368702e-06,0.999996542930603
R1,6000,6,VA,0.32000003251409526,0.05132340595510469,0.028253317740049487,0.025567507516241796,0,-0.9689812064170837,0.8193792700767517
R1,6000,6,expression,0.11491542229269544,0.07073195687868448,0.038460730785026855,0.018927459205622554,0,3.753132489237032e-07,0.9990158081054688
R1,6000,7,AU,0.21047512617321723,0.14318183461752984,0.07960618758625758,0.03382405289972413,0,1.928026222230983e-06,0.9999938011169434
R1,6000,7,VA,0.3045483371161273,0.041597903481620575,0.021808412699824867,0.023767187818639415,0,-0.9662455916404724,0.8229018449783325
R1,6000,7,expression,0.12627168816319964,0.06537000153433563,0.035669438664545826,0.018805742960246292,0,1.6422117710135353e-07,0.9997842907905579
R1,6000,8,AU,0.13491065751246248,0.10807305355679914,0.05805061118713811,0.03525339074986059,0,7.088140137057053e-06,0.9999856948852539
R1,6000,8,VA,0.3219653298372562,0.06261452282946776,0.03637375881435256,0.03289722887646007,0,-0.9687641859054565,0.8607599139213562
R1,6000,8,expression,0.0905768764035552,0.06156372294187056,0.03781387906734792,0.025116374181426555,0,2.8649557748394727e-07,0.9990133047103882
R1,6000,9,AU,0.18798427819809468,0.13863300337723047,0.08605638153400631,0.027862811362472366,0,9.377386959386058e-06,0.9999972581863403
R1,6000,9,VA,0.32158387944820876,0.050137745794992944,0.02792645348316162,0.02354712515115289,0,-0.9561383724212646,0.8004343509674072
R1,6000,9,expression,0.11586849151230297,0.06655502309121712,0.04089603277162141,0.014964726191629252,0,5.267877440928714e-07,0.9994708895683289
R1,6000,10,AU,0.2147897462447738,0.14573942339952153,0.07507005873260075,0.058967656549620856,0,3.971388196077896e-06,0.9999953508377075
R1,6000,10,VA,0.3007756581369948,0.05198297608743535,0.028206843530233117,0.04183366188737827,0,-0.972965657711029,0.804844081401825
R1,6000,10,expression,0.09477725934226153,0.04902010270897409,0.03049035238895651,0.03249293821153189,0,3.590841757272756e-08,0.999879002571106
R1,6000,11,AU,0.1329994169677662,0.09269937218680364,0.06389337306797699,0.031839172797013066,0,4.017040737380739e-06,0.9999948740005493
R1,6000,11,VA,0.3301507899658897,0.04029545190235466,0.02217039235721713,0.028625860811428806,0,-0.9436767101287842,0.8290623426437378
R1,6000,11,expression,0.0948845240699645,0.05334900448841439,0.034230826066947266,0.018738014555088202,0,3.40831036282907e-07,0.999491810798645
R1,6000,12,AU,0.1951002578980411,0.15239261273729804,0.08249100406429033,0.046352364777092564,0,1.964074044735753e-06,0.9999963045120239
R1,6000,12,VA,0.32834355865274073,0.0634502146210184,0.034318168821510196,0.03560576219736943,0,-0.9724053144454956,0.8499903678894043
R1,6000,12,expression,0.11380937904603851,0.07172423075959293,0.03912168634387998,0.029001028457500824,0,3.3234550755878445e-07,0.9989159107208252
R1,6000,13,AU,0.18497466844730548,0.15417317602699704,0.0761901626782211,0.06897820848795075,0,1.0003843271988444e-05,0.999994158744812
R1,6000,13,VA,0.334297092520919,0.07098431997827023,0.03528367830106584,0.055144868686781215,0,-0.958599328994751,0.8342755436897278
R1,6000,13,expression,0.11621665353169544,0.08477414545193666,0.042394300306599866,0.04306024281718413,0,3.792856659856625e-07,0.9988850951194763
R1,6000,14,AU,0.21226298353986361,0.16314334911591383,0.08474488891146131,0.057241429990109984,0,6.143424798210617e-06,0.9999959468841553
R1,6000,14,VA,0.3269728139524898,0.06887117271414166,0.03709377441589997,0.042888838419875744,0,-0.9723928570747375,0.8194671273231506
R1,6000,14,expression,0.12283814591943744,0.07718867375626702,0.040799560663046165,0.03225468101349013,0,4.0855371707948507e-07,0.9991663694381714
R1,6000,15,AU,0.17235076612896005,0.1311028212053264,0.07019181864786002,0.03465015419591248,0,4.1549587876943406e-06,0.9999979734420776
R1,6000,15,VA,0.3120066160031812,0.057161688921289734,0.036776362153058934,0.030615985402250908,0,-0.9599736332893372,0.8768852353096008
R1,6000,15,expression,0.08695637414875644,0.054139800273666584,0.028188855552012965,0.021245838894342655,0,2.785808987937344e-07,0.9994155168533325
R1,6000,16,AU,0.17080866264468814,0.11315359149244279,0.06434790819430142,0.039288857803993424,0,4.484160854190122e-06,0.9999850988388062
R1,6000,16,VA,0.3488770952551953,0.04477454846119618,0.029005241699041017,0.03333102069349768,0,-0.9585477709770203,0.8631187677383423
R1,6000,16,expression,0.10609087416870239,0.05636895105639309,0.03227560595004646,0.025062082384191164,0,6.759079269613721e-07,0.9992989301681519
R1,6000,17,AU,0.16283665055604282,0.12866530878865995,0.07431835193718171,0.04095139192555211,0,3.268248292442877e-06,0.9999963045120239
R1,6000,17,VA,0.3299482116793853,0.0653880126890486,0.036475843796018405,0.035887886855271535,0,-0.9703083038330078,0.8391962051391602
R1,6000,17,expression,0.11398889735784287,0.07326866382919432,0.04075440295241465,0.029040444049077282,0,4.2178928083558276e-07,0.9994237422943115
R1,6000,18,AU,0.17607017356948718,0.14553153413629613,0.0738513549651719,0.04625069927158209,0,4.8293663894583005e-06,0.9999971389770508
R1,6000,18,VA,0.34502990299783143,0.0702807372904973,0.0347932612003418,0.038442233549105184,0,-0.9718591570854187,0.8563339710235596
R1,6000,18,expression,0.11620355674314257,0.08042118914794022,0.04071165406467554,0.031689459489401564,0,8.260450385932927e-07,0.998612642288208
R1,6000,19,AU,0.1947236195773106,0.16112295344188776,0.08600568428457307,0.05794219112852535,0,7.046461178106256e-06,0.999997615814209
R1,6000,19,VA,0.3289946993556065,0.06080847561778779,0.030858283647451735,0.04150925357874436,0,-0.9558112621307373,0.8129091858863831
R1,6000,19,expression,0.11899841592634741,0.07893480756027754,0.042196626418293234,0.03247741252409063,0,3.25698266578911e-07,0.9994980096817017
R1,6000,20,AU,0.2057135031762784,0.13999888437702124,0.07473793435483352,0.047928576578013964,0,1.3438072983262828e-06,0.9999692440032959
R1,6000,20,VA,0.3274812934943308,0.04723814474400689,0.023648317154523403,0.03972557899281584,0,-0.9681740403175354,0.758777379989624
R1,6000,20,expression,0.13030845870807906,0.06918215874071539,0.03502365638253857,0.029422149230130062,0,2.280158213352479e-07,0.999247670173645
R1,6000,21,AU,0.17278513085501593,0.11699937888264184,0.06317599615146613,0.025549704272281988,0,9.947057151293848e-07,0.9999799728393555
R1,6000,21,VA,0.33637606439044415,0.04244135434933208,0.024439540038752715,0.026694522462627587,0,-0.9627194404602051,0.8646702170372009
R1,6000,21,expression,0.10165613854817557,0.05517920928456015,0.02934716923645504,0.01954929272981682,0,8.641567319500609e-07,0.99919193983078
R1,6000,22,AU,0.2145254772829468,0.13704521712836715,0.07839161827151825,0.04801112518875911,0,2.665700321813347e-06,0.9999914169311523
R1,6000,22,VA,0.3045178571670721,0.036703394575250535,0.018539783998079665,0.03285393160149319,0,-0.9563264846801758,0.7790791392326355
R1,6000,22,expression,0.1305684965169821,0.0587339568266753,0.03314806985935862,0.0252158045001702,0,2.0995005911572662e-07,0.9994909763336182
R1,6000,23,AU,0.21755286220748163,0.12560607398032692,0.06275846724805145,0.03524703634382241,0,1.0927411722150282e-06,0.9999276399612427
R1,6000,23,VA,0.3207474127449578,0.03727492671428699,0.018850918242927766,0.029290888265903398,0,-0.9720218181610107,0.7638660669326782
R1,6000,23,expression,0.13894060008927317,0.05757922306900672,0.028872004780365373,0.019491768401515685,0,3.8621820408479834e-07,0.9991362690925598
R1,6000,24,AU,0.1679867523651716,0.13001941074643125,0.07474871262741113,0.03493413221139849,0,8.118721780192573e-06,0.9999961853027344
R1,6000,24,VA,0.3145116788544112,0.047171092784372384,0.028776413502725296,0.02787057051484669,0,-0.9346462488174438,0.822476327419281
R1,6000,24,expression,0.11767537387316936,0.06220659292031824,0.033569283347475345,0.020769801326046285,0,2.115684623049674e-07,0.998924195766449
R1,6000,25,AU,0.2126722637748684,0.15330955470620222,0.07813904364050354,0.04601898139903701,0,5.944302301941207e-06,0.9999973773956299
R1,6000,25,VA,0.3298244715368055,0.052976409112892774,0.02727462584579311,0.03285138636485743,0,-0.959648609161377,0.8373695611953735
R1,6000,25,expression,0.11926623008413595,0.06186913282574646,0.03289629339809726,0.02437732553710096,0,1.1964947077558463e-07,0.9996547698974609
R1,6000,26,AU,0.2187144175921899,0.15498048704621212,0.0780692797635557,0.038238123065787805,0,1.4627286191171152e-06,0.9999926090240479
R1,6000,26,VA,0.324908039474569,0.052309560521591685,0.02753751252147102,0.02926575370346791,0,-0.9684922099113464,0.8356094360351562
R1,6000,26,expression,0.13046824705755344,0.07084221360012567,0.036001549732594874,0.021936654211317335,0,2.4528205244678247e-07,0.999461829662323
R1,6000,27,AU,0.2272278746180206,0.16353514383583506,0.07958657437223311,0.036699805806732315,0,2.846203187800711e-06,0.9999880790710449
R1,6000,27,VA,0.3209996177676311,0.050217196275219075,0.025224613168727462,0.025965152920545655,0,-0.9642459750175476,0.80979984998703
R1,6000,27,expression,0.1302997781949486,0.06680359092554962,0.03381597162725687,0.020364918599200428,0,2.301204347077146e-07,0.9995179176330566
R1,6000,28,AU,0.24159273585841573,0.15175897806805183,0.07806271771913281,0.039430340523083564,0,4.428817646839889e-06,0.999951958656311
R1,6000,28,VA,0.3125463997154589,0.033302652064259655,0.019100341924759325,0.026238920783824574,0,-0.9545210003852844,0.788164496421814
R1,6000,28,expression,0.1306975705196409,0.06049589923089058,0.03163597743459973,0.021595128635228153,0,9.768813669097653e-08,0.9998189806938171
R1,6000,29,AU,0.16873546976215695,0.11062932159655635,0.05324763695803569,0.0365959365244563,0,3.520137852319749e-06,0.9996541738510132
R1,6000,29,VA,0.3028628640288314,0.041314971813356687,0.021040997474432138,0.031610518615221066,0,-0.9702726602554321,0.7044534683227539
R1,6000,29,expression,0.11560778291054571,0.0649676884557968,0.0319724799586625,0.025658153925820326,0,8.794784776000597e-07,0.9967538714408875
R1,6000,30,AU,0.16555947056793013,0.11344912259108225,0.05417227834140765,0.038385581603884694,0,2.2522615381603828e-06,0.9992006421089172
R1,6000,30,VA,0.29682365935305355,0.03170433705748267,0.01620169786044817,0.03106704072233431,0,-0.9654658436775208,0.6551370620727539
R1,6000,30,expression,0.11168908218202897,0.06325107107605556,0.03240549096360064,0.026188479200230628,0,5.016503337174072e-07,0.9985678195953369
R1,6000,31,AU,0.23150252435854096,0.15303951202976102,0.07619641089550543,0.03893598089841996,0,2.1857354113308247e-06,0.9999767541885376
R1,6000,31,VA,0.319822467686619,0.04639413797392919,0.023960718840345608,0.028096869717907643,0,-0.9655078649520874,0.8167811632156372
R1,6000,31,expression,0.13131463697179654,0.06579808234426959,0.03359480742641505,0.021954222994355323,0,2.3261956982878473e-07,0.9994648098945618
R1,6000,32,AU,0.19208028656986373,0.13200549696340383,0.07015731076785119,0.040336726690004744,0,1.693868057373038e-06,0.9999920129776001
R1,6000,32,VA,0.3427491931224182,0.044271485748565126,0.023998511562064055,0.03478799160405609,0,-0.9476287961006165,0.837227463722229
R1,6000,32,expression,0.12628267250595715,0.061388453266979316,0.03223524548147714,0.02312212909629558,0,7.906045880190504e-07,0.9995635151863098
R1,6000,33,AU,0.22303793617926554,0.15149387133183842,0.07280242320809795,0.04613957053981437,0,1.7175392486024066e-06,0.9999017715454102
R1,6000,33,VA,0.32759638103175354,0.04249879367409014,0.0206212568417277,0.032778115562331615,0,-0.9713029861450195,0.7478238940238953
R1,6000,33,expression,0.1249481458675712,0.06614965513174116,0.03277556468596502,0.027101555079353787,0,7.258695973177964e-07,0.9970353841781616
R1,6000,34,AU,0.1963518502389366,0.14779530683287348,0.07491107157425744,0.033679027902276955,0,2.9000818813074147e-06,0.9999942779541016
R1,6000,34,VA,0.33376840413481895,0.05549209850867605,0.030253804073503567,0.025775311840183137,0,-0.945573091506958,0.8368844985961914
R1,6000,34,expression,0.11527567731249062,0.060402399568187395,0.031741124734381024,0.020147238461114714,0,2.8442579491638753e-07,0.9993550181388855
R1,6000,35,AU,0.23390231461487013,0.15202759367122406,0.07528490666871017,0.03993653623625639,0,2.860227823475725e-06,0.9999769926071167
R1,6000,35,VA,0.3144577480702594,0.04161492893830691,0.020621506970902755,0.027511231474387006,0,-0.9578231573104858,0.7779000997543335
R1,6000,35,expression,0.13074244092052661,0.06221051223316764,0.031777758114454976,0.02250150708321026,0,4.0532347611588193e-07,0.9992232322692871
R1,6000,36,AU,0.21191214865456512,0.1229297930759387,0.06265801174042407,0.0416440400041989,0,1.831277359087835e-06,0.9999586343765259
R1,6000,36,VA,0.32756642971914524,0.03118285290326316,0.017279827612360153,0.030204410075103463,0,-0.9589746594429016,0.7594595551490784
R1,6000,36,expression,0.11932448577973952,0.05373829770099955,0.02826213472070472,0.022441701654321033,0,1.0556657343840925e-06,0.9981561303138733
R1,6000,37,AU,0.2527002053713344,0.1443525941770098,0.07158587026073425,0.043740632186252695,0,6.354911874950631e-06,0.9999638795852661
R1,6000,37,VA,0.3099643440083251,0.031340296559459496,0.016744223432712146,0.028270153948362412,0,-0.9567497372627258,0.7953695058822632
R1,6000,37,expression,0.13231946904253977,0.05851126933736201,0.0298774625090601,0.022396488657405463,0,1.2229675405706075e-07,0.9998456239700317
R1,6000,38,AU,0.22520891913463548,0.15145666641147332,0.07552790558715089,0.03302708796294094,0,1.8868224742618622e-06,0.9998892545700073
R1,6000,38,VA,0.32350628906101186,0.047495044225563283,0.023752946705448537,0.026577965247801788,0,-0.962890088558197,0.7779969573020935
R1,6000,38,expression,0.12953447879962018,0.0706957691620694,0.036367271369161534,0.019338702178650146,0,4.4080053385187057e-07,0.9978876709938049
R1,6000,39,AU,0.21506959936295808,0.14548406434585714,0.07545929058809818,0.05160369602767954,0,2.4489484076184453e-06,0.9999510049819946
R1,6000,39,VA,0.33456182677000784,0.04250936902111665,0.022276030038797388,0.03931312747804326,0,-0.9572990536689758,0.7895312309265137
R1,6000,39,expression,0.1323920821747744,0.06919324010916127,0.03576633549956748,0.027875976556920756,0,5.807437446492258e-07,0.998854398727417
R1,6000,40,AU,0.15668656220943253,0.09102424749910187,0.04433584514660397,0.035178047487320466,0,1.7562819039085298e-06,0.9995859265327454
R1,6000,40,VA,0.29021463187862556,0.0247134259347187,0.01248101943683167,0.02951023003712719,0,-0.9711302518844604,0.7177252769470215
R1,6000,40,expression,0.11825791830178113,0.05494561722772402,0.027216460343750387,0.02558059017874706,0,6.411489721358521e-07,0.9977745413780212
R1,6000,41,AU,0.18165562371435418,0.12151314104644981,0.06172117235093564,0.037929910180276624,0,5.216353656578576e-06,0.9999408721923828
R1,6000,41,VA,0.31844394981385643,0.04714585387265358,0.023264666556805997,0.02935879831517905,0,-0.9225982427597046,0.8937121033668518
R1,6000,41,expression,0.08994433825021939,0.05397422746276944,0.02635092804742058,0.019996975355859953,0,1.2354320233498584e-07,0.9998414516448975
R1,6000,42,AU,0.19868136140090983,0.14299265051908852,0.0700556865473423,0.03745055166338943,0,9.335185495729093e-07,0.9999483823776245
R1,6000,42,VA,0.33272911299502955,0.050028452479624855,0.025870672304045605,0.029536178066810574,0,-0.969206690788269,0.7906839847564697
R1,6000,42,expression,0.12704171793793909,0.06939151466011818,0.035621787598130714,0.02396097115889807,0,5.22345942499669e-07,0.9978170394897461
R1,6000,43,AU,0.09466130238941843,0.06862255333519923,0.04463405049754228,0.024145892773975195,0,1.176097612187732e-05,0.9998908042907715
R1,6000,43,VA,0.3307043104821982,0.040654948539454554,0.02279947960659287,0.02732044310617135,0,-0.8875340223312378,0.8885310292243958
R1,6000,43,expression,0.06466019270377965,0.0445766928445226,0.029394584496389393,0.019106356304945876,0,7.105810482244124e-07,0.9947190284729004
R1,6000,44,AU,0.18353785646725113,0.12492452658051252,0.06919566618809349,0.032860114693442355,0,9.161789193967707e-07,0.9999849796295166
R1,6000,44,VA,0.3376927758781256,0.042257137963349664,0.02498582234887506,0.029720007660492907,0,-0.9561722874641418,0.8954914808273315
R1,6000,44,expression,0.11129458735985373,0.06130993065140283,0.032962446114219966,0.02158320171638304,0,5.877922149011283e-07,0.9995081424713135
R1,6000,45,AU,0.16325774822453776,0.11329699824125164,0.058910942426308614,0.03817598231595385,0,1.514402811153559e-06,0.9999070167541504
R1,6000,45,VA,0.3213133644906714,0.04413046592544274,0.023247482904144252,0.03404168149177761,0,-0.9706507325172424,0.7642385363578796
R1,6000,45,expression,0.11808536392074641,0.06724894889624139,0.0351454835986981,0.02332587545650018,0,3.0934978667573887e-07,0.9992904663085938
R1,6000,46,AU,0.178687763019449,0.13158438192349017,0.07378267358502186,0.03112541341374871,0,1.748587465044693e-06,0.9999948740005493
R1,6000,46,VA,0.32522510307360913,0.050429190724614166,0.029766450489454904,0.028790684747547875,0,-0.9666928052902222,0.8516109585762024
R1,6000,46,expression,0.10401544358427596,0.062259986104720215,0.03279042649938414,0.02044657115432408,0,4.548978438378981e-07,0.9995834231376648
R1,6000,47,AU,0.1842265855012322,0.13941176329333882,0.08695719538331502,0.04206936416616639,0,2.1066773570055375e-06,0.9999969005584717
R1,6000,47,VA,0.32560188496842474,0.04678842686325971,0.024718693909660912,0.03361629963282004,0,-0.9669655561447144,0.8047518730163574
R1,6000,47,expression,0.11967358514993605,0.07249090996608784,0.042219653050282635,0.023749903933714192,0,1.9262363082361844e-07,0.9992567896842957
R1,6000,48,AU,0.16549064386516624,0.11237947377657902,0.05739989277767528,0.03495385116486901,0,3.787567266044789e-06,0.9996139407157898
R1,6000,48,VA,0.31976460100474796,0.033194536058313684,0.017568525886295667,0.029876885603176286,0,-0.9346657991409302,0.7429090738296509
R1,6000,48,expression,0.11897529268816187,0.06812614706641697,0.03385675588665993,0.018485093892040682,0,9.940324474655426e-08,0.9996059536933899
R1,6000,49,AU,0.19828574399030888,0.12908300439261677,0.06448809038659772,0.031199146025561987,0,1.1925747003260767e-06,0.9999527931213379
R1,6000,49,VA,0.3247689072945893,0.04161352251258837,0.021057540326590605,0.025823695812139162,0,-0.9743271470069885,0.8139894604682922
R1,6000,49,expression,0.12580412343764838,0.061677560394308724,0.031532174942382724,0.021530450857007322,0,7.881110377638834e-07,0.9986472725868225
R1,6000,50,AU,0.175479114642662,0.1252646002078,0.06761479526809122,0.04594465138573558,0,4.759489456773736e-06,0.9999415874481201
R1,6000,50,VA,0.31870255848156126,0.04138424726906715,0.02243453205149201,0.038217951432627635,0,-0.960739254951477,0.7462349534034729
R1,6000,50,expression,0.11327430981101141,0.06941834433921949,0.03768543408369426,0.026952493194029807,0,1.0811627504381249e-07,0.9997712969779968
R1,6000,51,AU,0.20159253681196213,0.1334107086887541,0.07009864225315754,0.03534094557640398,0,2.359424797759857e-06,0.9999759197235107
R1,6000,51,VA,0.3111471940332175,0.0373653896496824,0.020827818148875167,0.026301570307752237,0,-0.9564573764801025,0.7763445377349854
R1,6000,51,expression,0.12161392042082636,0.06771004637836288,0.03545952525263777,0.02135829359343012,0,7.30927979475382e-07,0.9980998635292053
R1,6000,52,AU,0.19904378995845515,0.1493797406268869,0.08173747558696934,0.042195973912701745,0,1.8435573565511731e-06,0.9999969005584717
R1,6000,52,VA,0.3222463153530539,0.05404210194142991,0.03068762810184979,0.033174927936372396,0,-0.9700038433074951,0.8399351239204407
R1,6000,52,expression,0.11490806060048041,0.07203271998385896,0.039466727728081144,0.025397691994516296,0,4.259438526332815e-07,0.9989131689071655
R1,6000,53,AU,0.16403038791575078,0.11589930835153044,0.06687332063547842,0.03412401878825129,0,2.569325943113654e-06,0.9999932050704956
R1,6000,53,VA,0.31557921699883534,0.052874623126031146,0.02811064734155645,0.029546605358063267,0,-0.9764972925186157,0.8467360138893127
R1,6000,53,expression,0.11819675627254923,0.06672755231823498,0.036688946465808336,0.023132650263068186,0,1.6214907816447521e-07,0.9997527003288269
R1,6000,54,AU,0.15274233095539677,0.11124509579239567,0.07037311559312447,0.0315827341072552,0,2.7287958346278174e-06,0.9999953508377075
R1,6000,54,VA,0.3370098784021143,0.04459553415472842,0.02629552525833272,0.030140164819665905,0,-0.9596179127693176,0.8623319864273071
R1,6000,54,expression,0.09737067167201674,0.05801406026754743,0.03499834943500051,0.024022454878380298,0,4.634213723875291e-07,0.9995425939559937
R1,6000,55,AU,0.16837407246940791,0.13107415977058476,0.07619306660516792,0.03928597786902561,0,2.3097261419025017e-06,0.9999979734420776
R1,6000,55,VA,0.3262845740363556,0.05693051698262651,0.03255789750947975,0.03581651767145646,0,-0.9643571972846985,0.8596676588058472
R1,6000,55,expression,0.11184164820258087,0.07364840511052038,0.04000677843210354,0.027499588169773114,0,6.046524276825949e-07,0.9995982050895691
R1,6000,56,AU,0.17596726675724067,0.11099716207903983,0.06152468031864164,0.03237892578207788,0,4.1134117054753006e-06,0.9999947547912598
R1,6000,56,VA,0.30878655257007237,0.0320747769704135,0.017234990016485326,0.025976090916560404,0,-0.9530524611473083,0.7945551872253418
R1,6000,56,expression,0.12278406656145936,0.05096425064802285,0.026213350246278445,0.017099285370264495,0,1.4902965972396487e-07,0.9998177886009216
R1,6000,57,AU,0.20532762532794188,0.14471173509107213,0.08024210108874444,0.034894528931707976,0,1.5508333035541e-06,0.9999816417694092
R1,6000,57,VA,0.3024155496466131,0.044796470528575334,0.023535171262702444,0.02884657105770907,0,-0.9596080780029297,0.8004325032234192
R1,6000,57,expression,0.12565672544001968,0.06727761752226148,0.036712221214808494,0.020386298097054566,0,2.8564619469761965e-07,0.9995343685150146
R1,6000,58,AU,0.17229902437257175,0.11640655756828959,0.06456201107412944,0.026709017815217888,0,2.0046004465257283e-06,0.9999902248382568
R1,6000,58,VA,0.3385033787020857,0.048090731498432474,0.027589930041590844,0.026461862365679902,0,-0.9618150591850281,0.8460061550140381
R1,6000,58,expression,0.09583421391284995,0.05110461015647979,0.027084296940523018,0.019142776360913404,0,5.895690264878795e-07,0.9994787573814392
R1,6000,59,AU,0.20841256086873203,0.14233830825094287,0.07531816628454602,0.0334534560226656,0,1.4274880868470063e-06,0.9999681711196899
R1,6000,59,VA,0.319904229365388,0.03951976896863519,0.020501419838246347,0.026361586634570344,0,-0.9594683647155762,0.8261066675186157
R1,6000,59,expression,0.12055587464514604,0.06343670209399697,0.033379776890723044,0.022348076940648526,0,1.6262140434264438e-07,0.9997867941856384
R1,6000,60,AU,0.20137784516271787,0.14593961929065857,0.07374309071853803,0.039215156668048305,0,2.771276285784552e-06,0.999976396560669
R1,6000,60,VA,0.3195148979176773,0.0623892511570057,0.032493187811454834,0.03121026546425401,0,-0.975271463394165,0.7933853268623352
R1,6000,60,expression,0.12022335845566105,0.06971795686737856,0.03607194697197645,0.025323050061689004,0,4.885307021140761e-07,0.9985154271125793
R1,6000,61,AU,0.20420372316972157,0.15838438890053355,0.08367279438461464,0.05095037949816932,0,4.712872396339662e-06,0.9999984502792358
R1,6000,61,VA,0.3215791855442132,0.05636351415889156,0.029265772046738962,0.0364772291997841,0,-0.9601905941963196,0.8475632667541504
R1,6000,61,expression,0.12451479759834651,0.07168115382041279,0.0389390562427882,0.030044830162199568,0,9.787993349164026e-08,0.9997106194496155
R1,6000,62,AU,0.15237888059883659,0.10088969054392793,0.052026433374890255,0.028189936455317425,0,6.332551492960192e-06,0.9998502731323242
R1,6000,62,VA,0.286160081002462,0.03091429123247503,0.01763594486335263,0.020627339159102805,0,-0.976263165473938,0.7335747480392456
R1,6000,62,expression,0.10230173508450989,0.06033715589141277,0.0351840142353432,0.017748827725600446,0,2.0742707818044437e-07,0.9995805621147156
R1,6000,63,AU,0.19477294036660062,0.1490852642765024,0.08156897545532231,0.04190522515092755,0,1.8531713976699393e-06,0.9999953508377075
R1,6000,63,VA,0.3210964178868327,0.05511348843374331,0.030450003294561954,0.03202399297100512,0,-0.9666283130645752,0.8293907046318054
R1,6000,63,expression,0.12220200030969615,0.0755648627860179,0.0411472179364213,0.025124484383665876,0,2.8663410489571106e-07,0.9992820620536804
R1,6000,64,AU,0.19643704925042457,0.13313752003426238,0.06844887742143067,0.04554640531354754,0,1.26484133033955e-06,0.9999856948852539
R1,6000,64,VA,0.3161317173338818,0.040985385609556106,0.02433496051387384,0.034642138937386685,0,-0.9714033603668213,0.7882459163665771
R1,6000,64,expression,0.1155428838797225,0.06720497835568692,0.0349470370375954,0.027723425061916086,0,8.07894423360267e-07,0.9988422989845276
R1,6000,65,AU,0.1419405547877607,0.09024504621093746,0.04548117156812937,0.03518717031434647,0,1.5982379863999086e-06,0.9998117089271545
R1,6000,65,VA,0.29892286423867886,0.03139052298790615,0.01605617699289149,0.03164563415556804,0,-0.9595316648483276,0.7066152095794678
R1,6000,65,expression,0.10750662595635278,0.05619362937442309,0.027939097703591632,0.022857009810031463,0,4.1183062648997293e-07,0.9992719292640686
R1,6000,66,AU,0.18623860775126488,0.14236573562313368,0.08918256693298247,0.04440831635632694,0,3.841299530904507e-06,0.9999978542327881
R1,6000,66,VA,0.3194287105574339,0.052930938119348465,0.02894727679375792,0.03565335261632719,0,-0.9697055220603943,0.8272103667259216
R1,6000,66,expression,0.12074984592494269,0.0725722682876749,0.041801556014618636,0.02628369637097762,0,9.165378855868767e-08,0.9997308850288391
R1,6000,67,AU,0.1448318046869552,0.09942181971028094,0.05691508294967617,0.03421415955171671,0,1.8250983657708275e-06,0.9999833106994629
R1,6000,67,VA,0.3105947639557234,0.04395765040696956,0.02475202445526512,0.033696061045158245,0,-0.9468105435371399,0.8598081469535828
R1,6000,67,expression,0.10409687617234695,0.058932436053071434,0.03114016066632559,0.027638553938360125,0,1.827463051995437e-07,0.9990649819374084
R1,6000,68,AU,0.15298392434759372,0.09527915837979266,0.04815293273863548,0.024122080823913258,0,1.0488146244824748e-06,0.9999151229858398
R1,6000,68,VA,0.30842000490348875,0.032309766465639725,0.01672840007489232,0.02128577378734011,0,-0.9666842818260193,0.687901496887207
R1,6000,68,expression,0.11829922443124954,0.060681101193983525,0.03223972915098254,0.016247858248004808,0,4.778487436851719e-07,0.9991164803504944
R1,6000,69,AU,0.14148508708654248,0.057879475806952255,0.029790561834179267,0.011459728550494597,0,4.0010668271861505e-06,0.9997944235801697
R1,6000,69,VA,0.26075888918689355,0.011257924291790214,0.006310256240078807,0.008398446647744568,0,-0.9566515684127808,0.6832818984985352
R1,6000,69,expression,0.10259843951441999,0.03560405384151107,0.019808892564457663,0.008069752938495612,0,5.831406610923295e-07,0.9986494183540344
R1,6000,70,AU,0.11346857798166383,0.049673303341897755,0.023946454146832472,0.012519816243234297,0,5.825994321639882e-06,0.9997965693473816
R1,6000,70,VA,0.27350735362061485,0.012072951752277215,0.006707094689651194,0.010773453419672131,0,-0.9666276574134827,0.6316481232643127
R1,6000,70,expression,0.09794404194915561,0.03667246988128666,0.01994988093071474,0.010856043097948251,0,8.599252510066435e-07,0.9980008006095886
R1,6000,71,AU,0.1516958120663601,0.06236623190630664,0.03137458009319296,0.019710488279547977,0,6.384276275639422e-06,0.9998451471328735
R1,6000,71,VA,0.26021886270647926,0.014284234365893357,0.007777905093831047,0.014221021056922868,0,-0.9574514627456665,0.6114473342895508
R1,6000,71,expression,0.10219962552016515,0.03305228885808901,0.016533473886137677,0.012069831711853418,0,2.6918385742646933e-07,0.999367892742157
R1,6000,72,AU,0.2110055835058109,0.169063416216352,0.08394662325420062,0.05010265237494448,0,8.06455864221789e-06,0.999993085861206
R1,6000,72,VA,0.3280397916585226,0.07292141185184221,0.0388331966086116,0.03775108796183622,0,-0.9716266393661499,0.8296555280685425
R1,6000,72,expression,0.12253846349628336,0.07833909611984227,0.04008749391883275,0.02850280228665305,0,1.6773810784798115e-07,0.999427855014801
R1,6000,73,AU,0.20712174815523202,0.1513148084214898,0.07863954174121111,0.059507237650159577,0,1.5794244973221794e-05,0.999997615814209
R1,6000,73,VA,0.3117175772253498,0.053968335485020585,0.027644103874915626,0.03955391313758276,0,-0.9486582279205322,0.8054987192153931
R1,6000,73,expression,0.1245363439762407,0.06613831137138862,0.03624529014560025,0.03020055932666379,0,8.116779781630612e-08,0.9997945427894592
R1,6000,74,AU,0.19042775521186384,0.15001865808625175,0.07895241800980281,0.04115890253965999,0,2.0864115413132822e-06,0.9999985694885254
R1,6000,74,VA,0.3145571000549918,0.059855599299254485,0.0318997628272958,0.032729098275667334,0,-0.9707003831863403,0.8598537445068359
R1,6000,74,expression,0.11704833550037305,0.07880794605334446,0.041363260104055714,0.02593084187894457,0,7.798062711117382e-07,0.9987627267837524
R1,6000,75,AU,0.20312801808309985,0.16573857078253076,0.08604126013404902,0.061533535413196436,0,5.290626631904161e-06,0.9999978542327881
R1,6000,75,VA,0.33732118529189264,0.07550979260750333,0.03809329645199814,0.0467985548575689,0,-0.9731007218360901,0.8522108793258667
R1,6000,75,expression,0.11896709934797328,0.08044740509522808,0.042347539629880915,0.03561612554803976,0,1.205903998879876e-07,0.9989380240440369
R1,6000,76,AU,0.18256173449029336,0.1423607646279782,0.07656363124248616,0.03647709447665716,0,2.489616463208222e-06,0.9999971389770508
R1,6000,76,VA,0.33113607524742145,0.05602517768348514,0.032313655925480314,0.029454664369615257,0,-0.9647666811943054,0.8411674499511719
R1,6000,76,expression,0.11316580727439922,0.0703365325422741,0.03691787549553198,0.022089132324199894,0,3.2813187544888933e-07,0.9994518160820007
R1,6000,77,AU,0.14288927884127273,0.10711764210143677,0.05923426041734525,0.04221105255188806,0,4.009791609860258e-06,0.9999961853027344
R1,6000,77,VA,0.3191143983188266,0.04533203151961923,0.023852056802290623,0.038416568979537546,0,-0.9598166346549988,0.8074829578399658
R1,6000,77,expression,0.10702944572140562,0.0680460461832218,0.034788196986928206,0.028216494792123282,0,4.179424024641776e-07,0.9994581341743469
R1,6000,78,AU,0.21351603150570797,0.16215008909224315,0.08496740340736372,0.04083160198144416,0,1.3426748637357377e-06,0.9999967813491821
R1,6000,78,VA,0.31960015251504476,0.06003189670314137,0.031567856713924695,0.031550498248510965,0,-0.9766660928726196,0.8431954979896545
R1,6000,78,expression,0.11848214591123687,0.07112130997856161,0.03723926269737566,0.025118278459116995,0,3.448894574376027e-07,0.9986031651496887
R1,6000,79,AU,0.1692982004621435,0.13052843886539417,0.06781518138019281,0.04732997400808364,0,5.2139412218821235e-06,0.9999632835388184
R1,6000,79,VA,0.32792440020712704,0.054129843180163555,0.026828286215230018,0.04155507870901105,0,-0.9626097679138184,0.7337023019790649
R1,6000,79,expression,0.11125384399937589,0.07294056095707781,0.036419178337473934,0.03360634422705413,0,5.114005716677639e-07,0.9992358684539795
R2,2000,0,AU,0.03840819432532376,0.023147627438856674,0.04779426621622807,0.009812898261889661,0,0.0002662074111867696,0.9924046397209167
R2,2000,0,VA,0.002208814299425543,0.0014723083915525832,0.026268520938268293,0.01941716521381334,0,-0.5475149154663086,0.38183268904685974
R2,2000,0,expression,0.01622419647770949,0.009224273130383095,0.024763998138467146,0.009195058671796971,0,1.4241823919292074e-05,0.9470798373222351
R2,2000,1,AU,0.037256480944894865,0.017853516760365493,0.03397602515809337,0.014775328843535806,0,0.00031884259078651667,0.991869330406189
R2,2000,1,VA,0.0018665861125658541,0.001181800868269684,0.020150776046069845,0.02360827627384967,0,-0.5520171523094177,0.35058683156967163
R2,2000,1,expression,0.01435269805051685,0.00705413076743159,0.018972588811990786,0.01381894549367207,0,1.898077425721567e-05,0.8853154182434082
R2,2000,2,AU,0.03827350597396992,0.020489256933391417,0.040882151817729584,0.014412991806055035,0,0.0002679744502529502,0.9947342872619629
R2,2000,2,VA,0.002307448013943275,0.00135604124673586,0.025767706475520614,0.02218703817907783,0,-0.5648096799850464,0.40322786569595337
R2,2000,2,expression,0.019831812366996684,0.010295856210604332,0.024351565307872355,0.012865835885797207,0,1.6569429135415703e-05,0.9541984796524048
R2,2000,3,AU,0.03795286491055921,0.019031443257304683,0.03775003656374132,0.011351211062228502,0,0.0003027689817827195,0.9905468225479126
R2,2000,3,VA,0.0017318248591601134,0.0011804122089705393,0.022062111210816786,0.02136242812950998,0,-0.6138585209846497,0.35157594084739685
R2,2000,3,expression,0.014333712476963623,0.007067258359515164,0.019767208107055297,0.010773019353589524,0,2.17085635085823e-05,0.9097784161567688
R2,2000,4,AU,0.035171763508423014,0.01990250656123752,0.030007221612734523,0.011393099675427237,0,0.00030973044340498745,0.9915004968643188
R2,2000,4,VA,0.0016649663037502655,0.0010088553221764818,0.016460835803289598,0.020030602382163133,0,-0.5452476739883423,0.3380589187145233
R2,2000,4,expression,0.013575576826518885,0.007379644116904574,0.021885607416962546,0.009625553722802226,0,2.345203756703995e-05,0.9284728169441223
R2,2000,5,AU,0.03150209766294729,0.018851074822295966,0.055861547462215895,0.013011260908136316,0,0.00031675866921432316,0.9965564012527466
R2,2000,5,VA,0.00228030674983406,0.0015747279673817406,0.028839661331607987,0.023014460416193143,0,-0.48547765612602234,0.42061883211135864
R2,2000,5,expression,0.014048872513015072,0.008479826352962908,0.028336380754925762,0.011154124249712889,0,1.788127701729536e-05,0.9616578817367554
R2,2000,6,AU,0.02702657951127689,0.015877875734216052,0.053693417126661064,0.010257471873937796,0,0.0003227268171031028,0.9950566291809082
R2,2000,6,VA,0.0014245985215465017,0.0010587464209207498,0.04233533952396246,0.02009004686187533,0,-0.5669628381729126,0.6011569499969482
R2,2000,6,expression,0.01024754541247254,0.006242019712239016,0.027822269935831624,0.009330201340748748,0,1.5342860933742486e-05,0.9712294936180115
R2,2000,7,AU,0.03465842076917175,0.020196939984456343,0.039379975238017124,0.010761479897823618,0,0.00027602180489338934,0.9925139546394348
R2,2000,7,VA,0.0016778234166349591,0.0011890690027182025,0.02080753603101225,0.020834313258266002,0,-0.5673304796218872,0.3352034091949463
R2,2000,7,expression,0.014311535330118853,0.00794597083262895,0.0222561668730551,0.009475192788005354,0,1.6174310076166876e-05,0.9232431054115295
R2,2000,8,AU,0.021447290944821097,0.012891413942992935,0.029507964102568618,0.006227579013001388,0,0.00032818008912727237,0.9918986558914185
R2,2000,8,VA,0.0008969703771500467,0.0006049285480163216,0.01758114069064564,0.016001818986374945,0,-0.5960673689842224,0.36686524748802185
R2,2000,8,expression,0.011309064669009966,0.0059849014632689535,0.020365785138228502,0.0064125426565198,0,1.356630673399195e-05,0.9212944507598877
R2,2000,9,AU,0.031866262423821984,0.01926090536301803,0.044453025506053546,0.009841288860654666,0,0.00032897450728341937,0.9932436347007751
R2,2000,9,VA,0.0015233515859185733,0.0011616324828639163,0.022431548561185344,0.01800807178039776,0,-0.5351845622062683,0.3889908194541931
R2,2000,9,expression,0.0120617651132546,0.007186152965572257,0.02693067109858389,0.008048205708969457,0,1.2714212971332017e-05,0.9500640034675598
R2,2000,10,AU,0.02680993804304233,0.014484404300816923,0.029250827447437344,0.010512973220253874,0,0.00027829562895931304,0.9916872382164001
R2,2000,10,VA,0.0012974956144421465,0.0008637957673137083,0.01608914322184971,0.020828749810707876,0,-0.6040967702865601,0.36791712045669556
R2,2000,10,expression,0.013455031959090919,0.006285049042437892,0.015519661780098157,0.011290070312096197,0,2.1491810912266374e-05,0.9224638938903809
R2,2000,11,AU,0.03558068139225727,0.020142803722378724,0.04132167783588194,0.009485008996939074,0,0.0003467719361651689,0.9904085397720337
R2,2000,11,VA,0.0014693063228081009,0.0011386683598694947,0.018655755750078256,0.0188896848818322,0,-0.5402498841285706,0.2879905104637146
R2,2000,11,expression,0.011374693649672253,0.0070031306736330805,0.025460844206437894,0.007389219985369421,0,1.6210875401156954e-05,0.9336581230163574
R2,2000,12,AU,0.023486751970843243,0.01374493857619683,0.030986476871615497,0.006905030178826845,0,0.00025060478947125375,0.9941503405570984
R2,2000,12,VA,0.0013132077420362474,0.0008822448647002792,0.02194312342234959,0.017191285677117456,0,-0.5723164677619934,0.5177314281463623
R2,2000,12,expression,0.011471122501525745,0.005872267876349058,0.020116089620054033,0.0073308981945741985,0,1.0786899110826198e-05,0.9735426306724548
R2,2000,13,AU,0.029198802038325086,0.013032694369632876,0.018448666289578218,0.005231273592563092,0,0.00024523172760382295,0.9888659119606018
R2,2000,13,VA,0.0013846116589030242,0.000756606973777522,0.009680932174055482,0.016703255926938155,0,-0.5847996473312378,0.3057962656021118
R2,2000,13,expression,0.013111929848407321,0.004364054006061479,0.009994573551760774,0.006664946626892476,0,1.473533939133631e-05,0.9437569379806519
R2,2000,14,AU,0.028923770730281725,0.017386322685429556,0.034788387771646535,0.007564875658897265,0,0.00028955895686522126,0.9936884045600891
R2,2000,14,VA,0.0015427731863284955,0.001012344333684204,0.016598341117047555,0.019156361255802105,0,-0.5355384349822998,0.4488394558429718
R2,2000,14,expression,0.015225453563815411,0.008121079154695454,0.019072569449340736,0.008614073165278681,0,1.2198136573715601e-05,0.9534026980400085
R2,2000,15,AU,0.03360844408096472,0.017538078848579906,0.029112073322965108,0.011477710838365197,0,0.0002734303125180304,0.994884192943573
R2,2000,15,VA,0.0021129910999132177,0.0014636191653953365,0.018960523509844788,0.020558505483603627,0,-0.5860968828201294,0.39020925760269165
R2,2000,15,expression,0.018677504507041382,0.008816494892183807,0.017852133681814864,0.011681311784136715,0,1.5099195479706395e-05,0.9268097877502441
R2,2000,16,AU,0.026783630133527487,0.01364651048223054,0.026317496992172344,0.010214095372297265,0,0.0002895744109991938,0.9959371089935303
R2,2000,16,VA,0.0015353525921915727,0.0010103680054673457,0.01936638003059366,0.01796673786888801,0,-0.5030503869056702,0.42132893204689026
R2,2000,16,expression,0.01451982923146196,0.006979262656314806,0.01898251723915468,0.010039612070169103,0,1.0985980225086678e-05,0.9152804017066956
R2,2000,17,AU,0.03223865419704787,0.019852481129687426,0.03914314491410656,0.009112770312347293,0,0.0002439412201056257,0.9934865236282349
R2,2000,17,VA,0.0016142126291295463,0.0011523561070811653,0.021858946450325482,0.019037875970065978,0,-0.615639328956604,0.3732745349407196
R2,2000,17,expression,0.014121922717198285,0.008449338388158523,0.02299472210852265,0.00909354451321925,0,1.278816216654377e-05,0.9175151586532593
R2,2000,18,AU,0.020733818678536062,0.012470202323861729,0.023545759445373272,0.006179904186390238,0,0.00033586876816116273,0.9910358190536499
R2,2000,18,VA,0.0011644397486326652,0.000790674927662686,0.014938477098430608,0.01742658254076545,0,-0.5564504265785217,0.36170798540115356
R2,2000,18,expression,0.012185816511158944,0.005865850882581531,0.01302116557355133,0.007575015049085157,0,1.3520191714633256e-05,0.8972316384315491
R2,2000,19,AU,0.027029050816056503,0.015192289941270544,0.02331010671186457,0.006693889543436428,0,0.000308438902720809,0.9877573251724243
R2,2000,19,VA,0.0012725554386636378,0.0007641200224332261,0.013698196127630355,0.017572018415333682,0,-0.5740386247634888,0.3209788203239441
R2,2000,19,expression,0.011553999358528464,0.005363809430381752,0.01453727153225796,0.006865358396547448,0,1.5072975656948984e-05,0.9343494176864624
R2,2000,20,AU,0.04011644163549739,0.02130408334545368,0.031198779517305986,0.0156424919191055,0,0.00032472642487846315,0.9909806847572327
R2,2000,20,VA,0.0020980284158651106,0.001348632005116783,0.013051259277861674,0.027320330717336323,0,-0.5387536287307739,0.32170265913009644
R2,2000,20,expression,0.016867954390369044,0.008333710376115945,0.017831567216476277,0.014385767128321042,0,1.5567082300549373e-05,0.9058941602706909
R2,2000,21,AU,0.03788931530012304,0.020539028282759463,0.04174837876520714,0.01374736291907044,0,0.0002679136232472956,0.9961104989051819
R2,2000,21,VA,0.002591989207576957,0.001542781173620643,0.021489648570816745,0.02352693673929632,0,-0.525158703327179,0.5099481344223022
R2,2000,21,expression,0.020112363331111945,0.010728861917657595,0.023147509734214304,0.012034501745126824,0,1.389298904541647e-05,0.9334991574287415
R2,2000,22,AU,0.03198297180766068,0.015059782013992044,0.022459061915381023,0.016404422148241185,0,0.0003635775938164443,0.9861396551132202
R2,2000,22,VA,0.0018522620630003898,0.0009768102292047524,0.011406268612655654,0.026997794468180555,0,-0.5323777794837952,0.26720067858695984
R2,2000,22,expression,0.015149499597537659,0.005686862843482532,0.013521788432712878,0.01602056449383816,0,1.9197736037313007e-05,0.9023667573928833
R2,2000,23,AU,0.03795712731978814,0.020775788362699926,0.03692715323481926,0.01620384842683672,0,0.00032628426561132073,0.992771327495575
R2,2000,23,VA,0.002336822530698066,0.00145310853985065,0.019313610775942507,0.027032073660204853,0,-0.5539816617965698,0.46136581897735596
R2,2000,23,expression,0.019810331374395203,0.010091547015380916,0.02058450623385085,0.015114866259626762,0,1.7541115084895864e-05,0.9189131259918213
R2,2000,24,AU,0.03536258859612588,0.018810876044584854,0.04082164117036509,0.012021349979837085,0,0.000299298029858619,0.9946011304855347
R2,2000,24,VA,0.0016758570483784694,0.0009722082246951865,0.025947635848818047,0.02233361785106266,0,-0.5520842671394348,0.5215973854064941
R2,2000,24,expression,0.013933295642708276,0.007139370322723142,0.022230328957855094,0.009367519045588886,0,2.3661694285692647e-05,0.941909670829773
R2,2000,25,AU,0.032002948978005416,0.019077076469432283,0.04077763666550043,0.013198329790335615,0,0.0003782728163059801,0.9944419264793396
R2,2000,25,VA,0.0014638422072983147,0.0009404614879488136,0.026371998747181314,0.0231100545162399,0,-0.5536931753158569,0.5648729801177979
R2,2000,25,expression,0.01407282526418022,0.008471250009550992,0.022776850228965806,0.011514233775634883,0,2.2733182049705647e-05,0.9536367058753967
R2,2000,26,AU,0.032818478574852594,0.020565114609252904,0.052969791458596996,0.010887145134581343,0,0.0003231446025893092,0.993564784526825
R2,2000,26,VA,0.0015898093551830693,0.0011644073282530414,0.030850470017789018,0.023009296442746782,0,-0.5221062898635864,0.43588969111442566
R2,2000,26,expression,0.013189404153042542,0.008186732440132398,0.026136658167078074,0.009915129496303982,0,1.3608673725684639e-05,0.9266828894615173
R2,2000,27,AU,0.03511883687703238,0.02087806469125587,0.04607752224349308,0.010751636768425636,0,0.00035087988362647593,0.99357008934021
R2,2000,27,VA,0.0015612441347618933,0.0011175533660943047,0.028648928510397815,0.021939565812811986,0,-0.5594918727874756,0.40578046441078186
R2,2000,27,expression,0.015497362150428554,0.008877847662104008,0.020983447045834,0.010314289012807044,0,1.6885463992366567e-05,0.8898227214813232
R2,2000,28,AU,0.03570333175366033,0.018646168459173156,0.04487728631693721,0.014627884035757552,0,0.00034419086296111345,0.9928431510925293
R2,2000,28,VA,0.001672187349362987,0.001068196052005967,0.028967960752016568,0.02437056877183056,0,-0.5441251397132874,0.3859979212284088
R2,2000,28,expression,0.013323945524583934,0.007195777297862513,0.02424466483422268,0.013003215395987339,0,2.536480315029621e-05,0.9306875467300415
R2,2000,29,AU,0.02519653814997314,0.012677695951678232,0.02004958351511198,0.010109858649191365,0,0.00034981206408701837,0.9899536371231079
R2,2000,29,VA,0.0011781715549783263,0.0008000425296014285,0.014177150520052379,0.021070278800343848,0,-0.570665180683136,0.33035171031951904
R2,2000,29,expression,0.008223859585402195,0.00412826152966538,0.01475718219004889,0.01032643699695061,0,1.7212943930644542e-05,0.8391566276550293
R2,2000,30,AU,0.019028515303754115,0.007562122527444336,0.010588152822102096,0.00822497854426134,0,0.00041933433385565877,0.9858039617538452
R2,2000,30,VA,0.0010392670617893549,0.0005331825628618523,0.006674462027891954,0.022179132690294312,0,-0.5780105590820312,0.2684072256088257
R2,2000,30,expression,0.008073950243961082,0.002784228024008315,0.0073786158773595945,0.010833343670945073,0,1.8876078684115782e-05,0.8493413329124451
R2,2000,31,AU,0.03418566977897707,0.019852700405692512,0.043261117951082624,0.012723529064059894,0,0.0003223135427106172,0.9932599663734436
R2,2000,31,VA,0.0014951467205344177,0.0009695787620891496,0.02666593227658029,0.023863700725062765,0,-0.5667691230773926,0.3903645873069763
R2,2000,31,expression,0.013770913729066808,0.008021310118961381,0.02282052002290816,0.012128886111635945,0,2.0037421563756652e-05,0.9275550246238708
R2,2000,32,AU,0.0334846272083013,0.01719343051985384,0.03865380963436999,0.01577451880789187,0,0.00034109887201339006,0.9913056492805481
R2,2000,32,VA,0.001594502512460324,0.0009256823667275828,0.024896498119678177,0.025596493738085046,0,-0.4933536648750305,0.4907523989677429
R2,2000,32,expression,0.018474602196019107,0.008751364789383655,0.020479136569616592,0.014958074784784324,0,3.030957122973632e-05,0.9129277467727661
R2,2000,33,AU,0.026820882011735107,0.014360022061473847,0.035149607323754814,0.014530414299904593,0,0.0004905005334876478,0.9890121221542358
R2,2000,33,VA,0.0013368978698570506,0.0009710942847465537,0.02374252307772175,0.02400570229058467,0,-0.5284847021102905,0.3763580620288849
R2,2000,33,expression,0.009876233073222405,0.005609097742323182,0.01865968241644946,0.012961829107116126,0,2.8090489649912342e-05,0.8999438881874084
R2,2000,34,AU,0.030126940794404176,0.019319554878116676,0.057920542012658484,0.009872036152099422,0,0.0003815366071648896,0.9927616715431213
R2,2000,34,VA,0.0015051530265095454,0.001022810411997088,0.03456488148811282,0.02229957395275405,0,-0.5435236096382141,0.4587533473968506
R2,2000,34,expression,0.013111140315003548,0.008082839682370608,0.02919479340345768,0.008672557815978657,0,2.2236274162423797e-05,0.9494736194610596
R2,2000,35,AU,0.031859898866922295,0.017192382244080925,0.04853261447348935,0.011780076146482485,0,0.0003667234268505126,0.9918141961097717
R2,2000,35,VA,0.0014642367076025268,0.0009005325086339362,0.03375643028007734,0.024073347652653,0,-0.5372908115386963,0.4779941439628601
R2,2000,35,expression,0.01517729687201014,0.008077547453338545,0.025050883435614048,0.011930196942314114,0,1.947829150594771e-05,0.9471487998962402
R2,2000,36,AU,0.02518331191358162,0.012265916353129066,0.03590080434633816,0.015347663643006004,0,0.0004716623807325959,0.9920411705970764
R2,2000,36,VA,0.0013685939858259436,0.000837577397087028,0.0251467976512198,0.025126350761598183,0,-0.5489237308502197,0.45961254835128784
R2,2000,36,expression,0.011504045511417241,0.00547749789506656,0.019368612504741575,0.01477162558603057,0,2.5183780962834135e-05,0.9148889780044556
R2,2000,37,AU,0.03675528430449097,0.019848781372668788,0.04371877028895113,0.01256628125535107,0,0.00039969690260477364,0.9927167296409607
R2,2000,37,VA,0.001776076018357123,0.0010989833890311404,0.030852214629832002,0.024185756740530716,0,-0.5605291128158569,0.5177038908004761
R2,2000,37,expression,0.01776027859163896,0.009063638779168763,0.02314047809026814,0.01276418557851232,0,2.264371869387105e-05,0.9335419535636902
R2,2000,38,AU,0.029469817245364842,0.016794129445163904,0.05221537530608687,0.01066294751495328,0,0.00035615568049252033,0.9921644926071167
R2,2000,38,VA,0.0013029028529961738,0.0009201721559230915,0.036513465910681386,0.02190577583942185,0,-0.5337728261947632,0.3965049088001251
R2,2000,38,expression,0.011016192859880748,0.006561494265827783,0.027137356964097283,0.010192458662665249,0,1.9752071239054203e-05,0.938376247882843
R2,2000,39,AU,0.03433080360684079,0.01774618893373554,0.04154723244873248,0.015202810654268996,0,0.00033321045339107513,0.9888328313827515
R2,2000,39,VA,0.001555247942151303,0.0009949776250379515,0.027519443899784078,0.02626542102349402,0,-0.5799899697303772,0.4625639021396637
R2,2000,39,expression,0.01445785350281465,0.007397971800473866,0.023593422790725276,0.01389872549116527,0,2.263795249746181e-05,0.9194868206977844
R2,2000,40,AU,0.03299328390189505,0.017575782298459033,0.030338791622602876,0.018045831458503667,0,0.00034416315611451864,0.9905549883842468
R2,2000,40,VA,0.002107492019435888,0.0013143635722836578,0.01934307173036364,0.024380696278962274,0,-0.5037556886672974,0.33276882767677307
R2,2000,40,expression,0.014941951439711857,0.007541602722450585,0.019267817747965182,0.015467216871858607,0,2.0906722056679428e-05,0.9242153167724609
R2,2000,41,AU,0.024216652149056293,0.01570937322526786,0.06575515451054978,0.009715105067195943,0,0.0003841413708869368,0.9934431314468384
R2,2000,41,VA,0.0014559880154457567,0.0011497045067776835,0.04276270209593218,0.022776041792411193,0,-0.5300893187522888,0.43928536772727966
R2,2000,41,expression,0.009604440439542358,0.0064909408686983135,0.03069081368844977,0.008989723330979074,0,2.25163166760467e-05,0.9513229727745056
R2,2000,42,AU,0.03958592672386996,0.02184055663146616,0.03963205852200337,0.01334346566290068,0,0.00031012995168566704,0.9925346374511719
R2,2000,42,VA,0.0020988611771403654,0.0013433390024017212,0.02171693798562873,0.023748552284846472,0,-0.5817816257476807,0.3481098413467407
R2,2000,42,expression,0.018144558175224205,0.009579019554005351,0.020259904249032856,0.012998465954168318,0,1.8422068023937754e-05,0.9212518334388733
R2,2000,43,AU,0.027348073423514356,0.015120484441952792,0.041285894128841476,0.011556748395847484,0,0.00027115902048535645,0.9912917017936707
R2,2000,43,VA,0.0011373056582006471,0.0008737992592361659,0.025246692409744913,0.021144158522776655,0,-0.4353167712688446,0.48134759068489075
R2,2000,43,expression,0.009603385159127533,0.005572724061003377,0.02572370995667119,0.009696218191718937,0,1.2621351743291598e-05,0.9366099834442139
R2,2000,44,AU,0.03425310577972601,0.017273736512130954,0.03704974883822022,0.013178299577423232,0,0.0002695369767025113,0.994978129863739
R2,2000,44,VA,0.002314112929667217,0.0013226142828781018,0.02181337573291901,0.021815087274649897,0,-0.546377420425415,0.4695132076740265
R2,2000,44,expression,0.018277455962595345,0.008511456562472092,0.022882248832714246,0.012711519177209566,0,1.386215808452107e-05,0.9591586589813232
R2,2000,45,AU,0.033712915197759014,0.017695685412732916,0.030730455538569727,0.012686238318820726,0,0.00033356453059241176,0.9911752939224243
R2,2000,45,VA,0.0015875371533063311,0.00107627173630865,0.01602703732959867,0.023547243978433673,0,-0.5922622084617615,0.3242655098438263
R2,2000,45,expression,0.013533733245731832,0.006646387968395954,0.01862990078589615,0.012416640295326024,0,1.4289838873082772e-05,0.9328415989875793
R2,2000,46,AU,0.03769170035354244,0.021548502949374115,0.04634433837689289,0.012586466465096185,0,0.00023983957362361252,0.9954512715339661
R2,2000,46,VA,0.0027571559546168247,0.0016682714578988528,0.026071858476370918,0.021381305686496762,0,-0.5454896688461304,0.5069409608840942
R2,2000,46,expression,0.01970271686107419,0.01073643347383377,0.025760265279093576,0.011443869183937675,0,1.4338072105601896e-05,0.9604241847991943
R2,2000,47,AU,0.03702048097995668,0.019516561106907436,0.045400688973387546,0.013009178497093985,0,0.0003382582508493215,0.9932692646980286
R2,2000,47,VA,0.0014434760456315029,0.0009504029507163088,0.02679641263799415,0.02351955271825349,0,-0.5505735874176025,0.4716416895389557
R2,2000,47,expression,0.011809681637066182,0.0066580221718196475,0.025166518359880825,0.011639544103306206,0,1.7886015484691598e-05,0.9379898309707642
R2,2000,48,AU,0.018954813817966407,0.008613306853717605,0.01193068231356274,0.010091505239363347,0,0.0003521687467582524,0.9853437542915344
R2,2000,48,VA,0.0010294557143442522,0.0007010791542720826,0.008340136913103782,0.020765930388355378,0,-0.5655667781829834,0.25523024797439575
R2,2000,48,expression,0.008407632055533227,0.0035908085852004914,0.00852256965651032,0.010928093312486014,0,1.487959707446862e-05,0.8632001876831055
R2,2000,49,AU,0.03902429921423248,0.020170499474580352,0.03382089474309016,0.013404953172365877,0,0.0002933171926997602,0.9948984980583191
R2,2000,49,VA,0.0023890438183959114,0.0015696900694186805,0.016884238296060554,0.022249105099360806,0,-0.5329851508140564,0.41492384672164917
R2,2000,49,expression,0.020509124992569648,0.009856707627710445,0.018716669767942333,0.012868616509329193,0,1.6155718185473233e-05,0.9353085160255432
R2,2000,50,AU,0.03780685821150503,0.01779207307723946,0.030769842464644,0.011823703885861472,0,0.00029109904426150024,0.990607500076294
R2,2000,50,VA,0.0013389615213463676,0.0009377073908832454,0.012217099969658606,0.020698147504609382,0,-0.5432840585708618,0.32526686787605286
R2,2000,50,expression,0.0102371970761474,0.0050164508108051006,0.01894404054756112,0.009587487572954396,0,1.612845153431408e-05,0.9288084506988525
R2,2000,51,AU,0.031144187747964933,0.013503035264796738,0.03053742465568694,0.011181157427779928,0,0.00033360649831593037,0.9906736016273499
R2,2000,51,VA,0.001351008568838368,0.0009527777612254606,0.021936178331430554,0.021619109776100067,0,-0.5601805448532104,0.5343185663223267
R2,2000,51,expression,0.009200411271405775,0.004549107191001906,0.018768072481124297,0.01047374563496337,0,1.4677520994155202e-05,0.9256755709648132
R2,2000,52,AU,0.028092641358594614,0.016733770879399736,0.041853933522170074,0.009536881687056029,0,0.0003070040256716311,0.9936780333518982
R2,2000,52,VA,0.001551339596061046,0.0010901386348106988,0.027908636982064562,0.02003597721169203,0,-0.5957564115524292,0.5219281315803528
R2,2000,52,expression,0.012564135413955199,0.007313339846528912,0.023726248425322564,0.009317165996821006,0,1.6301726645906456e-05,0.9625628590583801
R2,2000,53,AU,0.03495531135119359,0.02054025158723189,0.042003579368270504,0.008931908713098532,0,0.00023030767624732107,0.9927777647972107
R2,2000,53,VA,0.0016667121138851475,0.0012109798729889746,0.02202832582145913,0.01957512161270664,0,-0.5883198976516724,0.3970905542373657
R2,2000,53,expression,0.013843998329834704,0.008251958276566631,0.02458604464072926,0.008853742587965344,0,1.2792818779416848e-05,0.9272530674934387
R2,2000,54,AU,0.026448303224906978,0.014370351155578404,0.040936565638457836,0.010474777213454656,0,0.00027254721499048173,0.9945501685142517
R2,2000,54,VA,0.0013618793766643597,0.0009470835994820344,0.025830616497024006,0.01976527852953591,0,-0.5469114184379578,0.48511752486228943
R2,2000,54,expression,0.012769406437968731,0.006818009428606565,0.025111004609121523,0.010328730233094099,0,1.1992511645075865e-05,0.9669573307037354
R2,2000,55,AU,0.02153232679315344,0.01237711188134014,0.039375885150315565,0.008117940988152939,0,0.00023658134159632027,0.9958512783050537
R2,2000,55,VA,0.0011649949685092436,0.0008638462944424955,0.02605627467876836,0.017962038842049204,0,-0.6072275638580322,0.4897363483905792
R2,2000,55,expression,0.012054818183326425,0.00597836237382501,0.02338664162222983,0.00840521209243767,0,1.3108140592521522e-05,0.9610514640808105
R2,2000,56,AU,0.03648458273753148,0.019946270323913867,0.03729788074874436,0.015509513961724678,0,0.0003825633320957422,0.9924691319465637
R2,2000,56,VA,0.0019443993223822978,0.0012634007622956537,0.018216634410286224,0.02545696874277283,0,-0.5319308042526245,0.38646936416625977
R2,2000,56,expression,0.017377360878290105,0.009557717092572846,0.020336727600008608,0.013695528750779588,0,2.1311956516001374e-05,0.9154561758041382
R2,2000,57,AU,0.03297484901705773,0.018409501370244708,0.031089757496388294,0.013894414595300488,0,0.00033485941821709275,0.992422878742218
R2,2000,57,VA,0.0018389003910685372,0.0012693110847803019,0.015121020398483084,0.025715022844613043,0,-0.5565328598022461,0.2885441482067108
R2,2000,57,expression,0.015938029662150088,0.0082533339316208,0.016951997894589576,0.013890816634416516,0,1.3427689737000037e-05,0.9019632339477539
R2,2000,58,AU,0.0319069865618518,0.01925315959780186,0.056980722115420254,0.014335179083656563,0,0.00032296995050273836,0.9964479207992554
R2,2000,58,VA,0.0018507331193552351,0.001263935405928463,0.03263959534067754,0.024471178538802624,0,-0.5378202795982361,0.48623475432395935
R2,2000,58,expression,0.015364957121694224,0.009244736472403694,0.028293027313372195,0.011866248770629051,0,1.6520209101145156e-05,0.9611179828643799
R2,2000,59,AU,0.038933260784330966,0.021930998679744483,0.03789204163433792,0.01541145819248058,0,0.0003418544656597078,0.9936336278915405
R2,2000,59,VA,0.0022871318648801904,0.0014628845365882162,0.016491961476551957,0.025502205427456546,0,-0.5283394455909729,0.3333456814289093
R2,2000,59,expression,0.01812849428912648,0.010073495931455574,0.020148732102361094,0.014190702147336632,0,1.8542856196290813e-05,0.9112126231193542
R2,2000,60,AU,0.02419860745530298,0.014090608408039655,0.03436798466656656,0.00779233241451489,0,0.0003469465300440788,0.9913410544395447
R2,2000,60,VA,0.0011339915645272776,0.0008821176029899947,0.02180768331060137,0.018239116085708815,0,-0.5996935367584229,0.41354134678840637
R2,2000,60,expression,0.009136210487248133,0.00525034191393078,0.01882649317903714,0.008164805102108817,0,1.2869868442066945e-05,0.9491637945175171
R2,2000,61,AU,0.030159859416890714,0.019080831753675805,0.041120806615542696,0.007626704132170725,0,0.0003069665690418333,0.992099940776825
R2,2000,61,VA,0.0014750469188235542,0.0010766144191489478,0.020682789050614138,0.018698640757604162,0,-0.531601071357727,0.4708845019340515
R2,2000,61,expression,0.011953979237447343,0.007270537164824468,0.02332022145748089,0.007237276137033766,0,1.6507963664480485e-05,0.9619004726409912
R2,2000,62,AU,0.03126280894135059,0.008905852287537158,0.01268796871049277,0.004163089519470731,0,0.0003292063483968377,0.9890157580375671
R2,2000,62,VA,0.0008020971533543495,0.000505267240604284,0.005096374033263448,0.012375799919240874,0,-0.5555987358093262,0.25225794315338135
R2,2000,62,expression,0.005149240523326173,0.0016920350510673803,0.007487867686824042,0.004361645145334785,0,1.3532631783164106e-05,0.9371576905250549
R2,2000,63,AU,0.031950757124463956,0.019818193879613585,0.0438203558120581,0.00945496302940262,0,0.0003154426231049001,0.9922009706497192
R2,2000,63,VA,0.0016180055392424114,0.0011956474246701276,0.02359620846998278,0.020784078156054313,0,-0.5399343371391296,0.40210098028182983
R2,2000,63,expression,0.013523221008702582,0.00815233774028096,0.023283717029712873,0.009431438454151106,0,1.2909989891340956e-05,0.9447279572486877
R2,2000,64,AU,0.02486164244819923,0.012884573677907202,0.021703872857875398,0.010900191877938059,0,0.0003323462442494929,0.9920921921730042
R2,2000,64,VA,0.001445718281223941,0.0010526133243184156,0.017643773450578437,0.022100090958390127,0,-0.5935419797897339,0.4009333848953247
R2,2000,64,expression,0.009739578626602489,0.005190671980188512,0.015746906740916965,0.011680226107290557,0,1.2068321666447446e-05,0.948170006275177
R2,2000,65,AU,0.03124819138591263,0.01404237185080601,0.021111158955128637,0.012764419098222913,0,0.00033261312637478113,0.9906258583068848
R2,2000,65,VA,0.0014193551269083221,0.00100134870464981,0.010474702329401937,0.024750646722817272,0,-0.5877301692962646,0.33912891149520874
R2,2000,65,expression,0.011586178365120122,0.005049805308262618,0.012451026630469588,0.012809526583690918,0,1.4941636436560657e-05,0.9158840775489807
R2,2000,66,AU,0.03414969767931449,0.019268097572596433,0.034378508886751466,0.012028759162975064,0,0.0003404377494007349,0.9915557503700256
R2,2000,66,VA,0.0013642602363718639,0.0009908065085044691,0.017662544941075765,0.022926229648730406,0,-0.5595977306365967,0.3175991177558899
R2,2000,66,expression,0.01100274584054039,0.006040591109525124,0.020404897952442286,0.0109579687042624,0,1.8087192074744962e-05,0.9155684113502502
R2,2000,67,AU,0.03394373843948124,0.01662639551557274,0.038070748139800596,0.013417510438590628,0,0.0002587281633168459,0.9953932762145996
R2,2000,67,VA,0.0017411901126314466,0.0011375608385551675,0.02302733524928071,0.022561235753754936,0,-0.5889124870300293,0.4329665005207062
R2,2000,67,expression,0.014781254549209937,0.007553446525014507,0.022022484048254402,0.012995805157397289,0,1.3015737749810796e-05,0.9369330406188965
R2,2000,68,AU,0.02492957326173732,0.005944141322133383,0.0071912714251112205,0.004164390228506145,0,0.0003607674443628639,0.9918093085289001
R2,2000,68,VA,0.0006862831568740331,0.0003916675496949115,0.003654893497169085,0.01369909287587278,0,-0.5437912940979004,0.27540257573127747
R2,2000,68,expression,0.006153936837063586,0.0015572240958395382,0.004525292342387597,0.005462345671058915,0,1.3651057997776661e-05,0.9120423197746277
R2,2000,69,AU,0.02212187698646556,0.004322523834352373,0.007386478452916133,0.0027995475731196293,0,0.0004065651446580887,0.9887751340866089
R2,2000,69,VA,0.0005611731401856572,0.00031197530283882474,0.0038964982956079114,0.009153335661077972,0,-0.5909730195999146,0.3223647475242615
R2,2000,69,expression,0.004219634599899727,0.00116885564722093,0.005248195021943881,0.0036883379428241363,0,1.907457408378832e-05,0.8807081580162048
R2,2000,70,AU,0.0280523029378646,0.006272929120332809,0.006646925837868508,0.0034834591979954494,0,0.00033106107730418444,0.9907658100128174
R2,2000,70,VA,0.001071049565959791,0.00046285533571566124,0.003775591562659703,0.011183708105632566,0,-0.6113250255584717,0.23313310742378235
R2,2000,70,expression,0.007763319019204526,0.0016756663497719683,0.0041240005359316,0.004749727373104134,0,2.069708534691017e-05,0.8927029371261597
R2,2000,71,AU,0.031725503563611146,0.0049116838674638525,0.006395475296988096,0.0034643171944857844,0,0.00028102376381866634,0.9880952835083008
R2,2000,71,VA,0.0007357781232933518,0.0003478244218661583,0.0023284893509452446,0.011129984621234861,0,-0.5628253221511841,0.17663340270519257
R2,2000,71,expression,0.0050745034141311115,0.000913374185988914,0.0027186106852402645,0.004209692500794198,0,1.6904094081837684e-05,0.8936553597450256
R2,2000,72,AU,0.030532864973820885,0.01624230061248225,0.025739806384818428,0.008674994934939432,0,0.00024858012329787016,0.9939786195755005
R2,2000,72,VA,0.0016258841604479904,0.000983263324468555,0.012711390995339264,0.019511303745700547,0,-0.5491176843643188,0.3962158262729645
R2,2000,72,expression,0.01673866382902591,0.008060278465802602,0.015861633762017664,0.00916228498804884,0,1.2638256521313451e-05,0.9548360705375671
R2,2000,73,AU,0.032086242587194364,0.016758626926038522,0.01828468502610024,0.007956619306099715,0,0.00031142416992224753,0.990772008895874
R2,2000,73,VA,0.0018902340267940802,0.001055235755347578,0.009093472875869972,0.0186995531170809,0,-0.5722395181655884,0.28745776414871216
R2,2000,73,expression,0.013587035391426435,0.005198919822500726,0.014118213915941957,0.008033621080641349,0,1.9302904547657818e-05,0.9505345225334167
R2,2000,74,AU,0.02375267558689261,0.014958834156090145,0.04263191299648844,0.008028434465659482,0,0.0002503812429495156,0.991891622543335
R2,2000,74,VA,0.001154072357443354,0.0008525813631533519,0.0277674680027515,0.018682169187710772,0,-0.5659245252609253,0.5249883532524109
R2,2000,74,expression,0.010391153371462557,0.0061303087422561586,0.02337867322993793,0.00784690022760456,0,1.5101664757821709e-05,0.9707631468772888
R2,2000,75,AU,0.029965220264086816,0.017344601719738274,0.02645948909180784,0.008125445559356797,0,0.000272124249022454,0.9932124614715576
R2,2000,75,VA,0.001592813142757919,0.001027650953977685,0.015893811178492746,0.019077646692645077,0,-0.571771502494812,0.3635098934173584
R2,2000,75,expression,0.014699766859412551,0.007095828346829199,0.016386438294825268,0.009008264633237631,0,1.4628436474595219e-05,0.9470906257629395
R2,2000,76,AU,0.034075757713000004,0.019724712556778566,0.03667092313708596,0.009278157338977853,0,0.0003093509585596621,0.9966423511505127
R2,2000,76,VA,0.001798684715909053,0.0010955547919442865,0.01910831421987595,0.01878462822127054,0,-0.5337799191474915,0.45397621393203735
R2,2000,76,expression,0.018616760172323967,0.009579790620477395,0.023576439732715553,0.009037449831756755,0,1.8313849068363197e-05,0.9647307395935059
R2,2000,77,AU,0.028552567214842794,0.012507586016313112,0.019078216869666965,0.009140430458602184,0,0.00031212266185320914,0.9895867109298706
R2,2000,77,VA,0.0012192795365465077,0.0008113778265017312,0.011710326353322665,0.0217164571067501,0,-0.557652473449707,0.2944238483905792
R2,2000,77,expression,0.0101498748710609,0.0033678801113672776,0.010664627828439585,0.009732253440834959,0,1.5818253814359196e-05,0.93803870677948
R2,2000,78,AU,0.03364840613281249,0.01882407531038521,0.03516100493102502,0.00904750633763884,0,0.00029546767473220825,0.9946231842041016
R2,2000,78,VA,0.001984108353243937,0.0012784371112964199,0.02208101784636046,0.01891832600305888,0,-0.5813310146331787,0.5012270212173462
R2,2000,78,expression,0.016720706911595846,0.008797685567154922,0.01988533368048342,0.009398238256943503,0,1.6114719983306713e-05,0.9617496132850647
R2,2000,79,AU,0.027117567190868667,0.013708475481801588,0.027289719963221066,0.008917816755673658,0,0.0002986837353091687,0.9903046488761902
R2,2000,79,VA,0.0009506156036533609,0.0007461852692777932,0.01878808618543571,0.02042372543622789,0,-0.5903691649436951,0.33504003286361694
R2,2000,79,expression,0.008363095797685044,0.003941091544362604,0.015045568818540727,0.00947890334540085,0,1.3818884326610714e-05,0.9197310209274292
R2,6000,0,AU,0.07035036254527492,0.04610626842905146,0.05962437253877788,0.013278401905682378,0,7.85618249210529e-06,0.9999164342880249
R2,6000,0,VA,0.003867825157377214,0.002687774205653434,0.0198344927073409,0.021680554251640116,0,-0.5006818771362305,0.47747600078582764
R2,6000,0,expression,0.0254602265856557,0.01451865332593853,0.026393255268938064,0.011634228922956142,0,1.5383320715045556e-06,0.9529948830604553
R2,6000,1,AU,0.05723932172857622,0.041249479063112236,0.052108145550515204,0.01629348340296293,0,8.44629539642483e-06,0.999904990196228
R2,6000,1,VA,0.004042551543943789,0.0030453864705072696,0.021313772482878256,0.025270922940983105,0,-0.46280354261398315,0.4761379063129425
R2,6000,1,expression,0.02249504716824731,0.013367050955473548,0.028005238519586216,0.01265420775281235,0,9.804502951737959e-07,0.9737855195999146
R2,6000,2,AU,0.07317472079775625,0.04328461975526891,0.0511775355606657,0.01841668618736693,0,8.497931958117988e-06,0.9999572038650513
R2,6000,2,VA,0.005854604738000523,0.0029185267589638365,0.020474781998107282,0.02450609001273339,0,-0.4570995271205902,0.5101235508918762
R2,6000,2,expression,0.0306118172206319,0.015159892411844643,0.024698407657021776,0.01486633284106017,0,1.62402670866868e-06,0.9731071591377258
R2,6000,3,AU,0.07845239284310349,0.05197220228515117,0.057025132569882356,0.020561256534527006,0,1.1600812285905704e-05,0.9997618794441223
R2,6000,3,VA,0.0037320871416937178,0.0026001199724477748,0.01806910564652389,0.025326451779155844,0,-0.45671436190605164,0.3847513794898987
R2,6000,3,expression,0.022783412273963712,0.01317673915949545,0.022683191708544524,0.016686025529853807,0,1.8100624856742797e-06,0.9429417848587036
R2,6000,4,AU,0.0840219836247041,0.04994998406537069,0.05058667097661738,0.018566333214580788,0,1.1343275218678173e-05,0.9998038411140442
R2,6000,4,VA,0.004781959994570662,0.0030414500535991995,0.01731096907513087,0.022575955091446227,0,-0.5075348019599915,0.42457786202430725
R2,6000,4,expression,0.03428772869407383,0.01967497424291182,0.02489518529210531,0.014173436098118747,0,2.04445291274169e-06,0.9702011942863464
R2,6000,5,AU,0.0527351361941023,0.037836345321105684,0.07565518194711145,0.014363365528901044,0,9.27310702536488e-06,0.9999544620513916
R2,6000,5,VA,0.003585052003485872,0.0022169420748514987,0.027378599516211754,0.024381661361106515,0,-0.41740816831588745,0.5058572888374329
R2,6000,5,expression,0.013608359733261126,0.008288022524991183,0.03249519666156782,0.011386761117926272,0,1.3204498827690259e-06,0.9843255281448364
R2,6000,6,AU,0.05988951218830362,0.04292593498171316,0.06055645105204278,0.014948153025255784,0,8.123469342535827e-06,0.999955415725708
R2,6000,6,VA,0.003950503815051585,0.0030273455442472383,0.027431099579807376,0.022980685158313936,0,-0.5139173269271851,0.48077571392059326
R2,6000,6,expression,0.019951238011809876,0.012893582533047487,0.030693615923794097,0.013068261030297401,0,1.181148036266677e-06,0.9853554964065552
R2,6000,7,AU,0.06346395664032084,0.038894267305982146,0.04923500366943168,0.013080243458677684,0,1.4486530744761694e-05,0.999848484992981
R2,6000,7,VA,0.0025175310544935433,0.0016112939615376724,0.012426720525957533,0.019799423449172373,0,-0.4730909764766693,0.3285091817378998
R2,6000,7,expression,0.02409186422283199,0.014082975535674754,0.02343338252199646,0.010224324261608622,0,1.204440536639595e-06,0.9596878886222839
R2,6000,8,AU,0.06466267560233603,0.04332104818515162,0.05063477889099957,0.013953152790936701,0,1.3923254300607368e-05,0.9999157190322876
R2,6000,8,VA,0.0028461283285882155,0.0023503852020454706,0.017945429771816426,0.02220657043268327,0,-0.5129323601722717,0.41623467206954956
R2,6000,8,expression,0.03020936686876624,0.018497051098658544,0.02980436095651459,0.010916370140837513,0,8.911447366699576e-07,0.9747211337089539
R2,6000,9,AU,0.046568370470624725,0.038006501316480645,0.07846259209764614,0.011053588280590916,0,1.0578094588709064e-05,0.9998749494552612
R2,6000,9,VA,0.0021349597420604813,0.00162189618286075,0.030786575221793778,0.021813608423622222,0,-0.47355958819389343,0.4756756126880646
R2,6000,9,expression,0.0145988918262156,0.010698566516606242,0.03901923340303219,0.007846781469621691,0,9.557576277074986e-07,0.9813388586044312
R2,6000,10,AU,0.08030870381427391,0.03302735926797362,0.03166229877603285,0.01551223529306931,0,2.0531308109639212e-05,0.999749481678009
R2,6000,10,VA,0.0034087897626379348,0.0019229845109856993,0.009624918051153926,0.020952575168779925,0,-0.5308002233505249,0.38464823365211487
R2,6000,10,expression,0.031179352741243713,0.013667445224248601,0.014125144872566182,0.013833060647937635,0,1.0083027518703602e-05,0.9489988684654236
R2,6000,11,AU,0.057086548378098505,0.04191152320202406,0.06142249895419751,0.012081277927587357,0,1.432518820365658e-05,0.9996076226234436
R2,6000,11,VA,0.002556450296312042,0.0017250480386501847,0.017745514445629676,0.022429216427777055,0,-0.47756391763687134,0.37641432881355286
R2,6000,11,expression,0.018882091123822668,0.013114975423729823,0.028798338987699096,0.007825528658140074,0,9.010393569042208e-07,0.9804642796516418
R2,6000,12,AU,0.06829828301072804,0.04103295728435532,0.04548745794190864,0.012871775457403957,0,6.315809059742605e-06,0.9999315738677979
R2,6000,12,VA,0.0030941954658580007,0.0023969788337321178,0.018566223743757708,0.019734436288444037,0,-0.5034388303756714,0.4865277409553528
R2,6000,12,expression,0.03019663971592925,0.016241227524558158,0.0259567035449967,0.011699754229989737,0,8.955263410825864e-07,0.9849860668182373
R2,6000,13,AU,0.061372850044109244,0.036562959388197896,0.033317536837547984,0.012172920619223091,0,1.1653282854240388e-05,0.9998138546943665
R2,6000,13,VA,0.002253357120461243,0.001786958581836419,0.009587671560893438,0.020921456199271618,0,-0.5010624527931213,0.3369796574115753
R2,6000,13,expression,0.030282574579452437,0.01442926053182882,0.014601332330684943,0.011929453424562909,0,1.0221909860774758e-06,0.9680052995681763
R2,6000,14,AU,0.05275515513304041,0.03254435706689948,0.042446126520344254,0.011101788798880631,0,1.1310080481052864e-05,0.9999074935913086
R2,6000,14,VA,0.0019197184073604567,0.0015559097924337628,0.014039694742746734,0.02032215619895824,0,-0.47372886538505554,0.4642958641052246
R2,6000,14,expression,0.02512673178317432,0.012274563923447614,0.021293095632902045,0.01038947249355256,0,8.697436442162143e-07,0.9792182445526123
R2,6000,15,AU,0.06790099767621019,0.04579637012502276,0.05554505655553461,0.018287285194193426,0,7.782150532875676e-06,0.999963641166687
R2,6000,15,VA,0.005473989733365958,0.0035018810227400573,0.016642287001429307,0.0239529507830049,0,-0.47222158312797546,0.4996334910392761
R2,6000,15,expression,0.030198955352969944,0.017775611019292398,0.02638189572729288,0.014282226630905474,0,1.5141882840907783e-06,0.9837565422058105
R2,6000,16,AU,0.054882855286345233,0.03709899601151633,0.05247157416522923,0.014768525071190818,0,1.0310435754945502e-05,0.9999529123306274
R2,6000,16,VA,0.0023304551171443116,0.0014506808428697683,0.014877494593239296,0.020624089095256305,0,-0.4549000859260559,0.3664931654930115
R2,6000,16,expression,0.02284912965557077,0.01178185364644229,0.023844308605746406,0.012066692490406056,0,1.0772487257781904e-06,0.9489760994911194
R2,6000,17,AU,0.060495880054728245,0.037399963571904234,0.045196121201974006,0.014125424005229285,0,8.6483978520846e-06,0.9998714923858643
R2,6000,17,VA,0.003238501283963645,0.0024011043733704303,0.015053921820671634,0.022380283591258782,0,-0.4998040795326233,0.3654188811779022
R2,6000,17,expression,0.028921150534862886,0.014634100873285469,0.021841498578312305,0.012820667691883569,0,7.370971957243455e-07,0.9672306776046753
R2,6000,18,AU,0.06523229161608958,0.03949637361366554,0.04532021839002648,0.012776512507415865,0,1.0520810064917896e-05,0.9998668432235718
R2,6000,18,VA,0.00282168576342826,0.002261536788701257,0.016831694933710572,0.02163111669157257,0,-0.5135789513587952,0.35020458698272705
R2,6000,18,expression,0.02987281792729176,0.015292633485349776,0.021399966443430833,0.012630317663907539,0,7.975058338161034e-07,0.9611366987228394
R2,6000,19,AU,0.06063028658923401,0.038649910501203415,0.04556533361796024,0.012865721201085409,0,1.532987880636938e-05,0.9998047947883606
R2,6000,19,VA,0.002268532609304846,0.0018542171348671572,0.01457667273504432,0.021552519760546576,0,-0.4915044903755188,0.3842269480228424
R2,6000,19,expression,0.02880420804035629,0.016259231737504102,0.023532230634679067,0.011164403549916746,0,9.364146080770297e-07,0.9687246084213257
R2,6000,20,AU,0.07336377974054596,0.04354486639273146,0.0442034641834341,0.020535800182827732,0,1.0349880540161394e-05,0.9997861981391907
R2,6000,20,VA,0.006494499054224553,0.0038408206348664155,0.010785299444360082,0.027746238262725226,0,-0.4450052082538605,0.331664502620697
R2,6000,20,expression,0.03319026991132364,0.01478080267217594,0.01722243102181146,0.016672435062802797,0,9.085567853617249e-07,0.9532421231269836
R2,6000,21,AU,0.0717568974270608,0.04605891054368481,0.059537108353279806,0.018207003646622453,0,8.953023098001722e-06,0.9999635219573975
R2,6000,21,VA,0.006645312634762911,0.0034730594433504567,0.02093388936980063,0.02368308410103151,0,-0.4393545091152191,0.4698040783405304
R2,6000,21,expression,0.0286767030836436,0.01504465517847966,0.0255446980898676,0.013735217298269748,0,2.2321953565551667e-06,0.978623628616333
R2,6000,22,AU,0.08404977890144026,0.03958444587000441,0.03581428418391767,0.02234394787567554,0,1.4375744285644032e-05,0.9998114705085754
R2,6000,22,VA,0.005839646913369339,0.0029804791746215076,0.008893646520681055,0.02644537599518064,0,-0.4615035653114319,0.3347313404083252
R2,6000,22,expression,0.03715636761368371,0.014732401765403842,0.016139591111060204,0.01894791719617347,0,1.180585741167306e-06,0.9490026235580444
R2,6000,23,AU,0.06718015594043668,0.04060002895623824,0.03807161788321492,0.01866505558379856,0,9.63486309046857e-06,0.9998964071273804
R2,6000,23,VA,0.0059815239778510014,0.003817021883612136,0.011060861442384497,0.02421850185305257,0,-0.42322349548339844,0.419233113527298
R2,6000,23,expression,0.031091497719720456,0.015585820622971607,0.017004232358134357,0.01289003448122867,0,1.0126238976226887e-06,0.9678981900215149
R2,6000,24,AU,0.06881912883611352,0.045327995761009036,0.06386813007672142,0.01469304303600217,0,1.6268939361907542e-05,0.9998617172241211
R2,6000,24,VA,0.00374780893362056,0.002310312249838371,0.02889960549027117,0.02305512574624019,0,-0.4871850609779358,0.5635398030281067
R2,6000,24,expression,0.024290448517666072,0.0159913863648671,0.031165918564351726,0.012781954487735718,0,2.8312897484283894e-06,0.9748653173446655
R2,6000,25,AU,0.07196198896321976,0.045164483503863366,0.05733070284766088,0.016774901375271472,0,1.275263184652431e-05,0.9999356269836426
R2,6000,25,VA,0.003421135282967659,0.0023967935428518467,0.01862993798737294,0.02335939305662573,0,-0.4851093292236328,0.5486224889755249
R2,6000,25,expression,0.027600138650775943,0.017135187803939186,0.028967808668946483,0.014537837925228697,0,2.1873461264476646e-06,0.9759839177131653
R2,6000,26,AU,0.06378772223248677,0.04657709070965566,0.07037162319087735,0.012449453999604359,0,1.2919355867779814e-05,0.9998760223388672
R2,6000,26,VA,0.0034251273765040545,0.002373756532080701,0.019717324177893923,0.02311007635985218,0,-0.47094833850860596,0.45681315660476685
R2,6000,26,expression,0.021194664425661033,0.014391915331979652,0.029368473003145934,0.010933254036043947,0,1.4520979902954423e-06,0.9466891884803772
R2,6000,27,AU,0.06324920069419261,0.0436966187569933,0.05757917921070309,0.01381563186996693,0,1.2286977835174184e-05,0.9999253749847412
R2,6000,27,VA,0.0033017489943309147,0.0023271692233769016,0.018225245353632423,0.02226120015465519,0,-0.4647785723209381,0.365209698677063
R2,6000,27,expression,0.018836132946325426,0.011903233105384887,0.026191375917614695,0.011302391398670914,0,1.4272200132836588e-06,0.9635102152824402
R2,6000,28,AU,0.06726402858096428,0.04797867391414418,0.0638883194396968,0.01791319309746939,0,1.350111597275827e-05,0.9999221563339233
R2,6000,28,VA,0.0028269035347412604,0.002032904902599778,0.023302316841039814,0.024151985866688014,0,-0.4904271066188812,0.40638336539268494
R2,6000,28,expression,0.020153584841709916,0.013929252994048553,0.0321452392343612,0.014262891227289453,0,2.7728171971830307e-06,0.9373234510421753
R2,6000,29,AU,0.05316408524635872,0.03999044183777772,0.043842341483741866,0.016054404521235542,0,1.9248853277531452e-05,0.9997785687446594
R2,6000,29,VA,0.002401605856028695,0.0019854650964398757,0.019863524952648676,0.023133406155080975,0,-0.5208446383476257,0.3019693195819855
R2,6000,29,expression,0.015221602808543419,0.009143984757420624,0.020060140950525378,0.012625818802547093,0,1.14002693862858e-06,0.9279987812042236
R2,6000,30,AU,0.044476255797548055,0.031398403519327246,0.028935583168489352,0.016844117807457384,0,2.2668718884233385e-05,0.9998456239700317
R2,6000,30,VA,0.0040072358953106325,0.0031714079562899554,0.012098661752649956,0.024628428521365226,0,-0.4623495042324066,0.2892330288887024
R2,6000,30,expression,0.01573489343323101,0.009751417610210786,0.012566156161403353,0.013401771227889055,0,1.3062579000688856e-06,0.9598280191421509
R2,6000,31,AU,0.05952018273770386,0.04158612387729987,0.050056739545456135,0.016541882282746286,0,1.2737645192828495e-05,0.9999217987060547
R2,6000,31,VA,0.0031928111421612986,0.002392076457397779,0.015562175428005195,0.02415410423847529,0,-0.46924030780792236,0.4313320815563202
R2,6000,31,expression,0.021553321263681254,0.013024985163409775,0.023002052267270368,0.012769859926108467,0,1.526504775029025e-06,0.9563862085342407
R2,6000,32,AU,0.04975992401632434,0.040369715824150644,0.06834800495371372,0.01749441515457383,0,1.5523588444921188e-05,0.9998531341552734
R2,6000,32,VA,0.0023010476081678642,0.0018863133003753157,0.032852126574018176,0.024522528551542973,0,-0.46824875473976135,0.562735915184021
R2,6000,32,expression,0.0181739540807351,0.012448159561182146,0.034813840921658755,0.014362296593765844,0,1.8046793002213235e-06,0.9708106517791748
R2,6000,33,AU,0.04343691855661727,0.03303491199069096,0.04925741655467591,0.01712854717772718,0,1.953525497810915e-05,0.999804675579071
R2,6000,33,VA,0.0013215312413136348,0.0011016303544340762,0.01652992945505402,0.022038355702429305,0,-0.4919469654560089,0.35178473591804504
R2,6000,33,expression,0.01089233961997633,0.006887175500105392,0.020685220496458823,0.013776197521778222,0,2.510250624254695e-06,0.8874450325965881
R2,6000,34,AU,0.05537754359627892,0.040931672742122005,0.07530430176792034,0.011621716963608402,0,1.0871140148083214e-05,0.9998644590377808
R2,6000,34,VA,0.002761992161904034,0.0020273173453012193,0.027111092099554805,0.02128618731669074,0,-0.49217602610588074,0.4085577428340912
R2,6000,34,expression,0.01815291380111115,0.012762464073813465,0.03383475488761561,0.010273825751091585,0,2.221573595306836e-06,0.9657095670700073
R2,6000,35,AU,0.052043877405461694,0.03842729664232784,0.061418107935032766,0.013588556581435342,0,9.426405995327514e-06,0.9999080896377563
R2,6000,35,VA,0.002699820020420074,0.0020926711074089176,0.021386874076887073,0.023433624136262994,0,-0.4637281000614166,0.4649218022823334
R2,6000,35,expression,0.014444852723646776,0.01009335416845286,0.028620953829368922,0.011079043030746005,0,1.448792659175524e-06,0.9654679298400879
R2,6000,36,AU,0.05564926492313368,0.033773233675813225,0.05271225605701671,0.019779419402567444,0,2.1155632566660643e-05,0.9998753070831299
R2,6000,36,VA,0.0044687130951518925,0.003364608232237272,0.03262752985552297,0.023551771401984174,0,-0.4827326238155365,0.5639721751213074
R2,6000,36,expression,0.025246550156883377,0.01418555316678929,0.029275624742547652,0.01611859340470388,0,4.121425718039973e-06,0.9820060729980469
R2,6000,37,AU,0.06427806123459026,0.04397240404503805,0.057083005985911726,0.015277228269403913,0,1.0084745554195251e-05,0.9999129772186279
R2,6000,37,VA,0.0029094748689412024,0.0021308706603033684,0.02193508072344743,0.02445363883094381,0,-0.47519418597221375,0.5363527536392212
R2,6000,37,expression,0.02376472390824295,0.01517696979795972,0.027177700178634766,0.013974608122548733,0,2.3071872874425026e-06,0.9506580829620361
R2,6000,38,AU,0.05438388039961636,0.04017733738506008,0.056138293407786706,0.013568667111908947,0,1.426569633622421e-05,0.9998482465744019
R2,6000,38,VA,0.0036559469059903728,0.003040970482652139,0.019377177552063026,0.023699573083138272,0,-0.45924925804138184,0.3817620575428009
R2,6000,38,expression,0.017582773250064115,0.011490748063027247,0.025431220619533772,0.012049054458358003,0,1.6282324395433534e-06,0.9514927268028259
R2,6000,39,AU,0.05358337805966591,0.037791751928761066,0.06364043130188399,0.015103290186340195,0,1.679886190686375e-05,0.9998953342437744
R2,6000,39,VA,0.0023802715766611487,0.0017306243366606415,0.020852936024245178,0.025091327329621722,0,-0.43804579973220825,0.4995662271976471
R2,6000,39,expression,0.014037246010346106,0.009475668556325758,0.031095820077310293,0.011240554774253878,0,2.060515726043377e-06,0.9613757133483887
R2,6000,40,AU,0.04370621084189658,0.033137015024828693,0.043917355767671126,0.018628190713565234,0,2.579803367552813e-05,0.9998282194137573
R2,6000,40,VA,0.0014207562983471439,0.0008684743492344348,0.013567510401351495,0.020962168764359645,0,-0.38961344957351685,0.2764403522014618
R2,6000,40,expression,0.009005944764776333,0.005074621351304102,0.013042394712837644,0.011976888316626067,0,1.9336846435180632e-06,0.9474127888679504
R2,6000,41,AU,0.05626056334249366,0.041729292128458294,0.06317993373427357,0.0155123818201688,0,1.879466071841307e-05,0.9997074007987976
R2,6000,41,VA,0.0025103645939301557,0.0017828507583961034,0.025859285669104254,0.022833059176491054,0,-0.4084796607494354,0.496905654668808
R2,6000,41,expression,0.015220910538402467,0.008907475840422719,0.032982610547523404,0.011242277242369965,0,2.092849399559782e-06,0.9893565773963928
R2,6000,42,AU,0.06663583172081292,0.040458594640645607,0.04121150865084322,0.016761020345081097,0,9.233626769855618e-06,0.9998788833618164
R2,6000,42,VA,0.004218570324558511,0.0026578318343219265,0.012504172691197926,0.02407687324774046,0,-0.45475149154663086,0.3020549714565277
R2,6000,42,expression,0.028144645652511274,0.013090718627421808,0.017060368459378823,0.014696736954536837,0,9.930171245287056e-07,0.9500919580459595
R2,6000,43,AU,0.03516299239438821,0.02447219701321947,0.060957802912601174,0.015998081958343277,0,1.5867526599322446e-05,0.9993556141853333
R2,6000,43,VA,0.0013255178511995822,0.0009622249469629743,0.028226176010472077,0.02461568284642406,0,-0.4254070818424225,0.5670918822288513
R2,6000,43,expression,0.013706443177461919,0.008085517160246717,0.0315671283620077,0.014220515311186285,0,7.889869380051096e-07,0.9682095050811768
R2,6000,44,AU,0.059325587333608085,0.042878008521133416,0.0610470013422288,0.017915655693130746,0,7.769262992951553e-06,0.9999544620513916
R2,6000,44,VA,0.004048169394891748,0.0025803684198041476,0.0186935869629461,0.02376927320251741,0,-0.443464457988739,0.5753134489059448
R2,6000,44,expression,0.02211179976704101,0.01281158924271393,0.030768320877870535,0.012899547490047576,0,1.1588359711822704e-06,0.9828739762306213
R2,6000,45,AU,0.05842170136065273,0.03970558165604984,0.04575370603381978,0.017729605870325064,0,1.0422523700981401e-05,0.9999096393585205
R2,6000,45,VA,0.0034317976142868695,0.002390838778123559,0.0133445980633685,0.025803863270574302,0,-0.46653470396995544,0.38646888732910156
R2,6000,45,expression,0.02252915860544584,0.012564117909386116,0.020718869302819225,0.011616594871291231,0,8.184608191186271e-07,0.976139485836029
R2,6000,46,AU,0.06446566816924111,0.0442337567164843,0.06834784572621161,0.017103554848606473,0,8.41858400235651e-06,0.9999599456787109
R2,6000,46,VA,0.004990596771810322,0.0028738482023191987,0.021808100728286282,0.024270740233297165,0,-0.4350491762161255,0.5573625564575195
R2,6000,46,expression,0.02267410036073142,0.013170148072442768,0.03096451747518799,0.012502032199712784,0,1.4695685877086362e-06,0.9846867918968201
R2,6000,47,AU,0.06203270246300795,0.04674346952764359,0.06600899326779261,0.015250340860140585,0,1.3536259757529479e-05,0.9998921155929565
R2,6000,47,VA,0.003079603564386058,0.0024139322314346025,0.02207118512580581,0.02619024773397432,0,-0.5126972794532776,0.48277559876441956
R2,6000,47,expression,0.01664044823293175,0.012026698473787113,0.0339086580495427,0.010751769275723183,0,9.777901368579478e-07,0.9752219915390015
R2,6000,48,AU,0.03994753309741224,0.025695196076951678,0.03125978752244437,0.019971748864341145,0,1.1431541679485235e-05,0.9997201561927795
R2,6000,48,VA,0.002131234886466112,0.0015795196361673535,0.014907975126662764,0.024635181625798565,0,-0.4350880980491638,0.39582616090774536
R2,6000,48,expression,0.015407696123276176,0.009721819920839673,0.017637535039821052,0.01422778218061032,0,1.1954772389799473e-06,0.9617191553115845
R2,6000,49,AU,0.06947179117596924,0.041661879506309424,0.04144723326902454,0.016509547211150406,0,6.363280590448994e-06,0.9999388456344604
R2,6000,49,VA,0.0060362407950184105,0.0032650953232961693,0.010838150618857784,0.02209484879264913,0,-0.4592384099960327,0.31804075837135315
R2,6000,49,expression,0.03171323822449248,0.015301546641573143,0.01906510584998732,0.014079578638352927,0,1.3068083717371337e-06,0.9680215120315552
R2,6000,50,AU,0.060904951108195236,0.04498772056697898,0.05636181610656886,0.019476607259436396,0,1.31071547002648e-05,0.99973064661026
R2,6000,50,VA,0.0028554514587349126,0.0019909647944628423,0.017466744430753932,0.026131500535489845,0,-0.4835110902786255,0.4662124812602997
R2,6000,50,expression,0.0172759520565548,0.010830159748103646,0.023970206262863857,0.012780745678223501,0,9.095838890971208e-07,0.9776371717453003
R2,6000,51,AU,0.03968022856222858,0.026562285861243925,0.038404153857437236,0.014586839160534507,0,1.1231434655201156e-05,0.9998290538787842
R2,6000,51,VA,0.002400161556278358,0.002034611296340141,0.020999876628814987,0.022845067917276318,0,-0.5026513934135437,0.5391296148300171
R2,6000,51,expression,0.014701788098411822,0.009445164362299911,0.020517576978216195,0.014122619199194417,0,1.0502429859116091e-06,0.9785675406455994
R2,6000,52,AU,0.06920335011975065,0.04043294535460396,0.05110834161288958,0.014175710907378894,0,1.033839816955151e-05,0.9999556541442871
R2,6000,52,VA,0.005178053258590363,0.003831308176610869,0.023038656380859206,0.02276089215852045,0,-0.5165648460388184,0.4807337820529938
R2,6000,52,expression,0.02893775877464291,0.015878199780327583,0.027884333568509924,0.013102678282305373,0,1.1583747436816338e-06,0.9880898594856262
R2,6000,53,AU,0.054261295461430915,0.03837080309352055,0.0497520030389536,0.012644023729595714,0,6.360889983625384e-06,0.9998983144760132
R2,6000,53,VA,0.002958687338122211,0.002286377491987375,0.01627404515079708,0.021640814475164864,0,-0.4913850426673889,0.45561483502388
R2,6000,53,expression,0.021249714242923233,0.013058383380245786,0.024437843881820142,0.01060832680281482,0,5.36179072696541e-07,0.9727109670639038
R2,6000,54,AU,0.05727352619191647,0.04096529968411365,0.05966285089059305,0.015929223957039895,0,8.088342838163953e-06,0.9999531507492065
R2,6000,54,VA,0.004083360771364275,0.0026756366260910765,0.020218869822089612,0.023895031883045578,0,-0.45095154643058777,0.5650029182434082
R2,6000,54,expression,0.026916247591978523,0.015926624570970046,0.03007724866241666,0.013342200982742318,0,1.3369379985306296e-06,0.9847057461738586
R2,6000,55,AU,0.05058324106955769,0.036112624602657455,0.057059063578604935,0.013664031247484219,0,8.46305010782089e-06,0.9999477863311768
R2,6000,55,VA,0.0025955836199174627,0.0020750208068720764,0.020343456722949703,0.023138195211195374,0,-0.45374423265457153,0.5890201330184937
R2,6000,55,expression,0.025653925071257556,0.01501857678466642,0.029405990174146312,0.010899870275819156,0,7.015622145445377e-07,0.9880318641662598
R2,6000,56,AU,0.08643672636836355,0.0425162309467897,0.049556963175574016,0.017559044344882833,0,1.676619467616547e-05,0.9999418258666992
R2,6000,56,VA,0.0059266140385254695,0.002909522521372764,0.01443889345726584,0.02503917581560069,0,-0.4869411587715149,0.3694099485874176
R2,6000,56,expression,0.03258186369887464,0.015747881696741885,0.025029249165435464,0.015162696163907013,0,2.3287927888304694e-06,0.9436571598052979
R2,6000,57,AU,0.06793941370759299,0.041024484639445795,0.03973029950600507,0.018961612313870724,0,1.1294408068351913e-05,0.9998975992202759
R2,6000,57,VA,0.0041795655786665865,0.002731789849388643,0.013120992939428516,0.025931579141947166,0,-0.47041764855384827,0.3302018642425537
R2,6000,57,expression,0.02784263852588908,0.013668724773400805,0.01915367303909356,0.01665801477062541,0,9.788119541553897e-07,0.9429720044136047
R2,6000,58,AU,0.05843619778277314,0.042254651865614605,0.0740907073322667,0.015466890580077174,0,9.205060450767633e-06,0.9999631643295288
R2,6000,58,VA,0.004437223955388612,0.0026788238313244297,0.028551239230975974,0.02473043531825499,0,-0.4517466127872467,0.5885308980941772
R2,6000,58,expression,0.016325783581880002,0.009894390753138867,0.032442714777113114,0.012364159423251907,0,1.5273597000486916e-06,0.9812794923782349
R2,6000,59,AU,0.07385817124723505,0.040239861488265555,0.04265677217218833,0.02048367371940872,0,1.3871908777218778e-05,0.9999376535415649
R2,6000,59,VA,0.0048086736897350445,0.0023615982496085004,0.013931622535283,0.023959166240864103,0,-0.41276314854621887,0.4762308597564697
R2,6000,59,expression,0.03535886983754086,0.014892372187711514,0.020412675594842906,0.01585553519259988,0,1.7617758203414269e-06,0.9569898247718811
R2,6000,60,AU,0.0626822178780621,0.04372379251397847,0.05330657257862646,0.01604546288968542,0,7.191601980593987e-06,0.9999297857284546
R2,6000,60,VA,0.0024891991064570265,0.0021824601091816947,0.021895641527425295,0.02293365779378681,0,-0.5356016755104065,0.4403420090675354
R2,6000,60,expression,0.02051340473346527,0.012625998590008208,0.025923036166943934,0.013212034941106362,0,9.85093151939509e-07,0.9839043617248535
R2,6000,61,AU,0.06772969333759102,0.04314436313376713,0.05605057298361769,0.013910774808377187,0,6.645195298915496e-06,0.9998103976249695
R2,6000,61,VA,0.0031620129926011992,0.00228886964656292,0.017584185248117792,0.022478696155359235,0,-0.5021042227745056,0.4041154682636261
R2,6000,61,expression,0.028895400389236138,0.01701940776879187,0.025248674120100522,0.01193564142484223,0,1.3819750392940477e-06,0.9730693697929382
R2,6000,62,AU,0.0538263958576902,0.0389767436595766,0.03356476002700514,0.010698817263181856,0,8.480647011310793e-06,0.9998595714569092
R2,6000,62,VA,0.00307859828877667,0.002194723838969561,0.008459621018685942,0.017789400471397446,0,-0.5253782868385315,0.30770397186279297
R2,6000,62,expression,0.018711411314485525,0.011584112673507984,0.01477729826302868,0.009958816257176685,0,9.933586397892213e-07,0.9693732261657715
R2,6000,63,AU,0.061651397097252196,0.04169150972824892,0.05285634480460537,0.013564835883966926,0,1.0112896234204527e-05,0.999908447265625
R2,6000,63,VA,0.002861711341119825,0.002194748572215694,0.015277746894583732,0.022834995388189543,0,-0.4643577039241791,0.36873599886894226
R2,6000,63,expression,0.021555508492671845,0.012762712707074726,0.025170731150449988,0.012208891161373157,0,7.74655404711666e-07,0.9616963267326355
R2,6000,64,AU,0.06741300803245634,0.047930728312907483,0.05033114862138119,0.018652846115337827,0,1.0742788617790211e-05,0.9998998641967773
R2,6000,64,VA,0.006910822469703703,0.005252391390421508,0.021829592191966857,0.025238523908670627,0,-0.4964861571788788,0.45368269085884094
R2,6000,64,expression,0.02478454734559869,0.01560545987706372,0.02616783530875677,0.014575284081362667,0,1.1441545666457387e-06,0.9864178895950317
R2,6000,65,AU,0.0437509727094001,0.02946830296793892,0.02874370307018676,0.01608445156291238,0,1.3151555322110653e-05,0.9998887777328491
R2,6000,65,VA,0.001938238141819366,0.001486727145234941,0.009543205362829096,0.02598430889747739,0,-0.4530879259109497,0.38223063945770264
R2,6000,65,expression,0.011190697683724568,0.007266172784585052,0.010832942892683344,0.010191078054279766,0,6.950838837838091e-07,0.9712346196174622
R2,6000,66,AU,0.06266822776837642,0.04428553100770846,0.05263502917095608,0.018087546578558548,0,1.42745147968526e-05,0.9999151229858398
R2,6000,66,VA,0.002682083546862267,0.0022298612745411273,0.01295580356031557,0.026004261984501224,0,-0.48217612504959106,0.3465307950973511
R2,6000,66,expression,0.017533074371521462,0.01182699999099783,0.026093986328591723,0.013643008939924654,0,1.51828282923816e-06,0.9762283563613892
R2,6000,67,AU,0.055991303330693486,0.03944247549255954,0.05520543721693952,0.02069915482139968,0,7.866604391892906e-06,0.9999020099639893
R2,6000,67,VA,0.004745969049472638,0.002812654533950204,0.02571138372241962,0.0283918568569371,0,-0.463286817073822,0.5749562978744507
R2,6000,67,expression,0.02521283069127821,0.0135232443786773,0.027271126898829157,0.017203337819160894,0,9.769562439032597e-07,0.9816341996192932
R2,6000,68,AU,0.037962622856197635,0.02349532066723438,0.018761827316929044,0.009553472921371969,0,6.984987976466073e-06,0.9999022483825684
R2,6000,68,VA,0.001841249986757902,0.0012437415341803014,0.004683980597656696,0.017532182041956237,0,-0.47795569896698,0.25420597195625305
R2,6000,68,expression,0.014731710303707882,0.006932361858478611,0.006470051371308146,0.008127636455465014,0,8.483798410452437e-07,0.9754309058189392
R2,6000,69,AU,0.030581189486005137,0.020322793645824986,0.01853432645817163,0.006659112885325388,0,1.6735828467062674e-05,0.9998892545700073
R2,6000,69,VA,0.001712973644872586,0.0011526860774595663,0.0061543057535661866,0.014307509390599727,0,-0.5154054760932922,0.34097182750701904
R2,6000,69,expression,0.009833779593857938,0.00492628742371843,0.00820566229463378,0.00803510778017549,0,1.2233543884576648e-06,0.9313927888870239
R2,6000,70,AU,0.05167175573272479,0.034005202320806165,0.02575002399122051,0.00846921208851612,0,1.547975443827454e-05,0.9999033212661743
R2,6000,70,VA,0.004417552191642198,0.0029762193170179943,0.007285557723424781,0.016073669503262167,0,-0.5347400903701782,0.29419293999671936
R2,6000,70,expression,0.02130406476515976,0.011588616649411044,0.011255987029862708,0.00784456993524246,0,9.604074193703127e-07,0.9587658643722534
R2,6000,71,AU,0.04324063054044812,0.021810100786369028,0.016879694630633494,0.007718237726409708,0,1.1061263649025932e-05,0.9998703002929688
R2,6000,71,VA,0.0019213483018858965,0.0010910499919124514,0.004759749298974573,0.015817828638829638,0,-0.5024824142456055,0.26879969239234924
R2,6000,71,expression,0.011775911200935482,0.005509418630348285,0.004456569669156389,0.006568664825537162,0,1.0886171821766766e-06,0.9654534459114075
R2,6000,72,AU,0.0648579238692029,0.03375204929104302,0.039267319872916435,0.01258836584116851,0,1.040896495396737e-05,0.9998910427093506
R2,6000,72,VA,0.0026378604004313622,0.0019711343633618665,0.012658499110032967,0.020670719177161834,0,-0.49668267369270325,0.45987191796302795
R2,6000,72,expression,0.033563447688186476,0.01445359180429133,0.021961658809748895,0.011440693008965669,0,1.4305489912658231e-06,0.9836792349815369
R2,6000,73,AU,0.07424067042428678,0.03397503424709174,0.03606966725010447,0.012378919887721863,0,1.4435283446800895e-05,0.9998666048049927
R2,6000,73,VA,0.0027077253796887906,0.0016969859284466946,0.010352529907474869,0.019547643167061778,0,-0.49928227066993713,0.39499565958976746
R2,6000,73,expression,0.035068059100759504,0.01687595375610703,0.0207407250087615,0.010636206708687939,0,1.8045732304017292e-06,0.9710890650749207
R2,6000,74,AU,0.05902716217630412,0.04241654269402586,0.06276576683480087,0.012874257751698034,0,9.113146006711759e-06,0.9999322891235352
R2,6000,74,VA,0.003158436200012173,0.002569996026812624,0.027493127777607505,0.022911218260437727,0,-0.5008911490440369,0.5733857154846191
R2,6000,74,expression,0.024167592999375594,0.015475882701735676,0.031634563874594054,0.010716997395881826,0,8.908575637178728e-07,0.9865406155586243
R2,6000,75,AU,0.06675983636873653,0.039514477879294754,0.03849450364443194,0.014287391733636415,0,7.755435035505798e-06,0.9999042749404907
R2,6000,75,VA,0.003189621278920803,0.002617648931666816,0.012451406216334036,0.022026311670830467,0,-0.5089371204376221,0.4377402365207672
R2,6000,75,expression,0.031165981832499214,0.015824872007106885,0.019371204226520215,0.013387603546580508,0,1.2748392919093021e-06,0.9693649411201477
R2,6000,76,AU,0.05740457105340457,0.03721859594579174,0.054621032634703304,0.013432989530225342,0,8.518379218003247e-06,0.9999638795852661
R2,6000,76,VA,0.00310130738417121,0.0020142694492693057,0.017170776541249294,0.02130529170362548,0,-0.47085562348365784,0.5701719522476196
R2,6000,76,expression,0.029826078175433635,0.016315199874636182,0.028702728321827336,0.011656878148958518,0,1.944534233189188e-06,0.9836997985839844
R2,6000,77,AU,0.052768227999290714,0.035733478764266274,0.03828722494297189,0.015403927966387402,0,8.817364687274676e-06,0.9998258948326111
R2,6000,77,VA,0.002127877963125625,0.001587273065811767,0.011068030427434225,0.025108424085441807,0,-0.46863943338394165,0.3323788046836853
R2,6000,77,expression,0.019739119459510204,0.011077093519837263,0.015085219272467138,0.010422370052171412,0,7.520852705056313e-07,0.9830973148345947
R2,6000,78,AU,0.07675382631903693,0.04598662772577576,0.05216629983948742,0.013410442041831675,0,8.080371117102914e-06,0.9999547004699707
R2,6000,78,VA,0.004845626291102505,0.0033857981829576236,0.022033573384884885,0.021015420141143094,0,-0.5136328339576721,0.5764104127883911
R2,6000,78,expression,0.03376650427785967,0.018021277558216354,0.02596021732060031,0.012050928313158973,0,1.1896299838554114e-06,0.9827592372894287
R2,6000,79,AU,0.043605996205537775,0.03323538165571424,0.038121933251431935,0.014819438451583669,0,1.2152451745350845e-05,0.9998451471328735
R2,6000,79,VA,0.0017299800516828408,0.0015129308882515676,0.011946538356291652,0.02662667305812405,0,-0.43841713666915894,0.3916286528110504
R2,6000,79,expression,0.013352306813486613,0.008072971195815022,0.013355412098365068,0.011286474313353088,0,7.04983108335e-07,0.9720513820648193
