N1-quality-coverage_step4000 0 0 0 0.831998674897477
N1-quality-coverage_step4000 0 0 1 0.09810159297194332
N1-quality-coverage_step4000 0 0 2 0.0972876159939915
N1-quality-coverage_step4000 0 0 3 0.09357518097385764
N1-quality-coverage_step4000 0 0 4 0.09252621594350785
N1-quality-coverage_step4000 0 0 5 0.09504640300292522
N1-quality-coverage_step4000 0 0 6 0.09472729300614446
N1-quality-coverage_step4000 0 0 7 0.09253058501053602
N1-quality-coverage_step4000 0 0 8 0.09473784302826971
N1-quality-coverage_step4000 0 0 9 0.09256902802735567
N1-quality-coverage_step4000 0 1 0 0.09297985304147005
N1-quality-coverage_step4000 0 1 1 0.09525481192395091
N1-quality-coverage_step4000 0 1 2 0.10022644395940006
N1-quality-coverage_step4000 0 1 3 0.09386894199997187
N1-quality-coverage_step4000 0 1 4 0.09385426493827254
N1-quality-coverage_step4000 0 1 5 0.09809653297998011
N1-quality-coverage_step4000 0 1 6 0.09889646200463176
N1-quality-coverage_step4000 0 1 7 0.09096388996113092
N1-quality-coverage_step4000 0 1 8 0.09450963698327541
N1-quality-coverage_step4000 0 1 9 0.09052347799297422
N1-quality-coverage_step4000 0 2 0 0.10210726002696902
N1-quality-coverage_step4000 0 2 1 0.0948207420296967
N1-quality-coverage_step4000 0 2 2 0.0936900400556624
N1-quality-coverage_step4000 0 2 3 0.09252802899572998
N1-quality-coverage_step4000 0 2 4 0.09751844801940024
N1-quality-coverage_step4000 0 2 5 0.09680916299112141
N1-quality-coverage_step4000 0 2 6 0.0927813530433923
N1-quality-coverage_step4000 0 2 7 0.09337050898466259
N1-quality-coverage_step4000 0 2 8 0.09501937089953572
N1-quality-coverage_step4000 0 2 9 0.09560913895256817
N1-quality-coverage_step4000 0 3 0 0.09867909702006727
N1-quality-coverage_step4000 0 3 1 0.093859474058263
N1-quality-coverage_step4000 0 3 2 0.09422775905113667
N1-quality-coverage_step4000 0 3 3 0.09436009090859443
N1-quality-coverage_step4000 0 3 4 0.0942461040103808
N1-quality-coverage_step4000 0 3 5 0.09660609404090792
N1-quality-coverage_step4000 0 3 6 0.09766044898424298
N1-quality-coverage_step4000 0 3 7 0.09563829493708909
N1-quality-coverage_step4000 0 3 8 0.09707911789882928
N1-quality-coverage_step4000 0 3 9 0.0945103979902342
N1-quality-coverage_step4000 0 4 0 0.09616776602342725
N1-quality-coverage_step4000 0 4 1 0.09268313611391932
N1-quality-coverage_step4000 0 4 2 0.09252913203090429
N1-quality-coverage_step4000 0 4 3 0.09868321509566158
N1-quality-coverage_step4000 0 4 4 0.09683198598213494
N1-quality-coverage_step4000 0 4 5 0.09571385895833373
N1-quality-coverage_step4000 0 4 6 0.0948244989849627
N1-quality-coverage_step4000 0 4 7 0.09298940107692033
N1-quality-coverage_step4000 0 4 8 0.0954823560314253
N1-quality-coverage_step4000 0 4 9 0.09348451800178736
N1-quality-coverage_step4000 0 5 0 0.09185781795531511
N1-quality-coverage_step4000 0 5 1 0.09854368702508509
N1-quality-coverage_step4000 0 5 2 0.09442743007093668
N1-quality-coverage_step4000 0 5 3 0.1000660170102492
N1-quality-coverage_step4000 0 5 4 0.0941951860440895
N1-quality-coverage_step4000 0 5 5 0.09470876702107489
N1-quality-coverage_step4000 0 5 6 0.09598015900701284
N1-quality-coverage_step4000 0 5 7 0.09517807408701628
N1-quality-coverage_step4000 0 5 8 0.0965148500399664
N1-quality-coverage_step4000 0 5 9 0.09548326802905649
N1-quality-coverage_step4000 0 6 0 0.09661777596920729
N1-quality-coverage_step4000 0 6 1 0.0935801409650594
N1-quality-coverage_step4000 0 6 2 0.0943529870128259
N1-quality-coverage_step4000 0 6 3 0.0993713189382106
N1-quality-coverage_step4000 0 6 4 0.10207698098383844
N1-quality-coverage_step4000 0 6 5 0.09533628693316132
N1-quality-coverage_step4000 0 6 6 0.09350058902055025
N1-quality-coverage_step4000 0 6 7 0.09609642997384071
N1-quality-coverage_step4000 0 6 8 0.09577817202080041
N1-quality-coverage_step4000 0 6 9 0.09026390197686851
N1-quality-coverage_step4000 0 7 0 0.09724865294992924
N1-quality-coverage_step4000 0 7 1 0.09157675097230822
N1-quality-coverage_step4000 0 7 2 0.09306440502405167
N1-quality-coverage_step4000 0 7 3 0.09541783190798014
N1-quality-coverage_step4000 0 7 4 0.09254896908532828
N1-quality-coverage_step4000 0 7 5 0.09513483103364706
N1-quality-coverage_step4000 0 7 6 0.09270957601256669
N1-quality-coverage_step4000 0 7 7 0.09358166297897696
N1-quality-coverage_step4000 0 7 8 0.09286263899412006
N1-quality-coverage_step4000 0 7 9 0.09405377600342035
N1-quality-coverage_step4000 0 8 0 0.09598974604159594
N1-quality-coverage_step4000 0 8 1 0.0960461039794609
N1-quality-coverage_step4000 0 8 2 0.09636763797607273
N1-quality-coverage_step4000 0 8 3 0.09267255500890315
N1-quality-coverage_step4000 0 8 4 0.09267608309164643
N1-quality-coverage_step4000 0 8 5 0.0993179869838059
N1-quality-coverage_step4000 0 8 6 0.09491615393199027
N1-quality-coverage_step4000 0 8 7 0.09593003103509545
N1-quality-coverage_step4000 0 8 8 0.09930916992016137
N1-quality-coverage_step4000 0 8 9 0.09224675106815994
N1-quality-coverage_step4000 0 9 0 0.0967006350401789
N1-quality-coverage_step4000 0 9 1 0.09171710791997612
N1-quality-coverage_step4000 0 9 2 0.09686693199910223
N1-quality-coverage_step4000 0 9 3 0.0986847379244864
N1-quality-coverage_step4000 0 9 4 0.09865706402342767
N1-quality-coverage_step4000 0 9 5 0.0926789368968457
N1-quality-coverage_step4000 0 9 6 0.09510704805143178
N1-quality-coverage_step4000 0 9 7 0.09947680204641074
N1-quality-coverage_step4000 0 9 8 0.09961131808813661
N1-quality-coverage_step4000 0 9 9 0.09701981500256807
N1-quality-coverage_step4000 6 0 0 0.14669125794898719
N1-quality-coverage_step4000 6 0 1 0.14774358901195228
N1-quality-coverage_step4000 6 0 2 0.146008952986449
N1-quality-coverage_step4000 6 0 3 0.14229659701231867
N1-quality-coverage_step4000 6 0 4 0.14963809004984796
N1-quality-coverage_step4000 6 0 5 0.1464926180196926
N1-quality-coverage_step4000 6 0 6 0.15042614610865712
N1-quality-coverage_step4000 6 0 7 0.14802400500047952
N1-quality-coverage_step4000 6 0 8 0.1571892430074513
N1-quality-coverage_step4000 6 0 9 0.15086476493161172
N1-quality-coverage_step4000 6 1 0 0.14917563600465655
N1-quality-coverage_step4000 6 1 1 0.15147363801952451
N1-quality-coverage_step4000 6 1 2 0.1507919649593532
N1-quality-coverage_step4000 6 1 3 0.14891820400953293
N1-quality-coverage_step4000 6 1 4 0.14831673400476575
N1-quality-coverage_step4000 6 1 5 0.15017246105708182
N1-quality-coverage_step4000 6 1 6 0.14633419492747635
N1-quality-coverage_step4000 6 1 7 0.14553076995071024
N1-quality-coverage_step4000 6 1 8 0.1454446850111708
N1-quality-coverage_step4000 6 1 9 0.14878918696194887
N1-quality-coverage_step4000 6 2 0 0.14680904196575284
N1-quality-coverage_step4000 6 2 1 0.14862495404668152
N1-quality-coverage_step4000 6 2 2 0.148901722044684
N1-quality-coverage_step4000 6 2 3 0.15114808594807982
N1-quality-coverage_step4000 6 2 4 0.1452961799222976
N1-quality-coverage_step4000 6 2 5 0.15424256003461778
N1-quality-coverage_step4000 6 2 6 0.1470071109943092
N1-quality-coverage_step4000 6 2 7 0.14565712993498892
N1-quality-coverage_step4000 6 2 8 0.14644443604629487
N1-quality-coverage_step4000 6 2 9 0.14530434692278504
N1-quality-coverage_step4000 6 3 0 0.14344761695247144
N1-quality-coverage_step4000 6 3 1 0.1445803630631417
N1-quality-coverage_step4000 6 3 2 0.14498027693480253
N1-quality-coverage_step4000 6 3 3 0.1431799050187692
N1-quality-coverage_step4000 6 3 4 0.1454986579483375
N1-quality-coverage_step4000 6 3 5 0.15002750500570983
N1-quality-coverage_step4000 6 3 6 0.1488908709725365
N1-quality-coverage_step4000 6 3 7 0.14784616394899786
N1-quality-coverage_step4000 6 3 8 0.14524591492954642
N1-quality-coverage_step4000 6 3 9 0.14911726396530867
N1-quality-coverage_step4000 6 4 0 0.14697611203882843
N1-quality-coverage_step4000 6 4 1 0.1469384190859273
N1-quality-coverage_step4000 6 4 2 0.14998563402332366
N1-quality-coverage_step4000 6 4 3 0.14333227695897222
N1-quality-coverage_step4000 6 4 4 0.14584085089154541
N1-quality-coverage_step4000 6 4 5 0.15043356001842767
N1-quality-coverage_step4000 6 4 6 0.14779964508488774
N1-quality-coverage_step4000 6 4 7 0.14981208299286664
N1-quality-coverage_step4000 6 4 8 0.14739017304964364
N1-quality-coverage_step4000 6 4 9 0.1477550909621641
N1-quality-coverage_step4000 6 5 0 0.14512576500419527
N1-quality-coverage_step4000 6 5 1 0.14863205701112747
N1-quality-coverage_step4000 6 5 2 0.14880494703538716
N1-quality-coverage_step4000 6 5 3 0.1495748789748177
N1-quality-coverage_step4000 6 5 4 0.15106002695392817
N1-quality-coverage_step4000 6 5 5 0.15158437995705754
N1-quality-coverage_step4000 6 5 6 0.15242760092951357
N1-quality-coverage_step4000 6 5 7 0.1492456989362836
N1-quality-coverage_step4000 6 5 8 0.14751248701941222
N1-quality-coverage_step4000 6 5 9 0.14938137808348984
N1-quality-coverage_step4000 6 6 0 0.15152502595447004
N1-quality-coverage_step4000 6 6 1 0.1479910910129547
N1-quality-coverage_step4000 6 6 2 0.1529537970200181
N1-quality-coverage_step4000 6 6 3 0.15404666506219655
N1-quality-coverage_step4000 6 6 4 0.15080171404406428
N1-quality-coverage_step4000 6 6 5 0.1474646549904719
N1-quality-coverage_step4000 6 6 6 0.14547572401352227
N1-quality-coverage_step4000 6 6 7 0.14873987203463912
N1-quality-coverage_step4000 6 6 8 0.1483422329183668
N1-quality-coverage_step4000 6 6 9 0.1504927430069074
N1-quality-coverage_step4000 6 7 0 0.15103390801232308
N1-quality-coverage_step4000 6 7 1 0.1486789759946987
N1-quality-coverage_step4000 6 7 2 0.14507696102373302
N1-quality-coverage_step4000 6 7 3 0.14848996500950307
N1-quality-coverage_step4000 6 7 4 0.14323255605995655
N1-quality-coverage_step4000 6 7 5 0.1433947259793058
N1-quality-coverage_step4000 6 7 6 0.14716599497478455
N1-quality-coverage_step4000 6 7 7 0.14817463199142367
N1-quality-coverage_step4000 6 7 8 0.14637823798693717
N1-quality-coverage_step4000 6 7 9 0.14908004307653755
N1-quality-coverage_step4000 6 8 0 0.14648405101615936
N1-quality-coverage_step4000 6 8 1 0.14733725099358708
N1-quality-coverage_step4000 6 8 2 0.1454679489834234
N1-quality-coverage_step4000 6 8 3 0.14583442907314748
N1-quality-coverage_step4000 6 8 4 0.16230619291309267
N1-quality-coverage_step4000 6 8 5 0.1504829740151763
N1-quality-coverage_step4000 6 8 6 0.14910564105957747
N1-quality-coverage_step4000 6 8 7 0.15236454992555082
N1-quality-coverage_step4000 6 8 8 0.14946152199991047
N1-quality-coverage_step4000 6 8 9 0.1458765099523589
N1-quality-coverage_step4000 6 9 0 0.15650643699336797
N1-quality-coverage_step4000 6 9 1 0.15008633595425636
N1-quality-coverage_step4000 6 9 2 0.1502623320557177
N1-quality-coverage_step4000 6 9 3 0.1489636900369078
N1-quality-coverage_step4000 6 9 4 0.14663670200388879
N1-quality-coverage_step4000 6 9 5 0.14506261399947107
N1-quality-coverage_step4000 6 9 6 0.14706746605224907
N1-quality-coverage_step4000 6 9 7 0.14795746700838208
N1-quality-coverage_step4000 6 9 8 0.15114036994054914
N1-quality-coverage_step4000 6 9 9 0.14875947998370975
N1-quality-coverage_step4000 9 0 0 0.050575481029227376
N1-quality-coverage_step4000 9 0 1 0.044519223971292377
N1-quality-coverage_step4000 9 0 2 0.04263378004543483
N1-quality-coverage_step4000 9 0 3 0.04268148192204535
N1-quality-coverage_step4000 9 0 4 0.043235199991613626
N1-quality-coverage_step4000 9 0 5 0.04319485300220549
N1-quality-coverage_step4000 9 0 6 0.042416214011609554
N1-quality-coverage_step4000 9 0 7 0.04361708997748792
N1-quality-coverage_step4000 9 0 8 0.043763238936662674
N1-quality-coverage_step4000 9 0 9 0.044144688989035785
N1-quality-coverage_step4000 9 1 0 0.04193214897532016
N1-quality-coverage_step4000 9 1 1 0.04232370702084154
N1-quality-coverage_step4000 9 1 2 0.04251062497496605
N1-quality-coverage_step4000 9 1 3 0.0434178999857977
N1-quality-coverage_step4000 9 1 4 0.042008223943412304
N1-quality-coverage_step4000 9 1 5 0.04204029601532966
N1-quality-coverage_step4000 9 1 6 0.044296117965132
N1-quality-coverage_step4000 9 1 7 0.043108980054967105
N1-quality-coverage_step4000 9 1 8 0.04200848506297916
N1-quality-coverage_step4000 9 1 9 0.04354428104124963
N1-quality-coverage_step4000 9 2 0 0.044106283923611045
N1-quality-coverage_step4000 9 2 1 0.04239857092034072
N1-quality-coverage_step4000 9 2 2 0.042648598086088896
N1-quality-coverage_step4000 9 2 3 0.04525767592713237
N1-quality-coverage_step4000 9 2 4 0.042855484993197024
N1-quality-coverage_step4000 9 2 5 0.042313497979193926
N1-quality-coverage_step4000 9 2 6 0.04394042806234211
N1-quality-coverage_step4000 9 2 7 0.04380063200369477
N1-quality-coverage_step4000 9 2 8 0.04287699505221099
N1-quality-coverage_step4000 9 2 9 0.04253424005582929
N1-quality-coverage_step4000 9 3 0 0.04352784901857376
N1-quality-coverage_step4000 9 3 1 0.04261117801070213
N1-quality-coverage_step4000 9 3 2 0.04207703599240631
N1-quality-coverage_step4000 9 3 3 0.044062532018870115
N1-quality-coverage_step4000 9 3 4 0.041581648983992636
N1-quality-coverage_step4000 9 3 5 0.04252566397190094
N1-quality-coverage_step4000 9 3 6 0.04147824191022664
N1-quality-coverage_step4000 9 3 7 0.041690908023156226
N1-quality-coverage_step4000 9 3 8 0.04225216095801443
N1-quality-coverage_step4000 9 3 9 0.041748499032109976
N1-quality-coverage_step4000 9 4 0 0.04306568601168692
N1-quality-coverage_step4000 9 4 1 0.04275120492093265
N1-quality-coverage_step4000 9 4 2 0.04151121492031962
N1-quality-coverage_step4000 9 4 3 0.04191926505882293
N1-quality-coverage_step4000 9 4 4 0.04110419703647494
N1-quality-coverage_step4000 9 4 5 0.04328005504794419
N1-quality-coverage_step4000 9 4 6 0.04377928900066763
N1-quality-coverage_step4000 9 4 7 0.042618731036782265
N1-quality-coverage_step4000 9 4 8 0.043859923956915736
N1-quality-coverage_step4000 9 4 9 0.042661443003453314
N1-quality-coverage_step4000 9 5 0 0.04728441999759525
N1-quality-coverage_step4000 9 5 1 0.046313252998515964
N1-quality-coverage_step4000 9 5 2 0.044980274979025126
N1-quality-coverage_step4000 9 5 3 0.04495201201643795
N1-quality-coverage_step4000 9 5 4 0.043297167983837426
N1-quality-coverage_step4000 9 5 5 0.04634274891577661
N1-quality-coverage_step4000 9 5 6 0.04473363398574293
N1-quality-coverage_step4000 9 5 7 0.04201869503594935
N1-quality-coverage_step4000 9 5 8 0.043757518054917455
N1-quality-coverage_step4000 9 5 9 0.043254106072708964
N1-quality-coverage_step4000 9 6 0 0.04171483404934406
N1-quality-coverage_step4000 9 6 1 0.042035666992887855
N1-quality-coverage_step4000 9 6 2 0.04781799903139472
N1-quality-coverage_step4000 9 6 3 0.04528510803356767
N1-quality-coverage_step4000 9 6 4 0.042134245042689145
N1-quality-coverage_step4000 9 6 5 0.04295405303128064
N1-quality-coverage_step4000 9 6 6 0.04347059899009764
N1-quality-coverage_step4000 9 6 7 0.04231997998431325
N1-quality-coverage_step4000 9 6 8 0.04222576098982245
N1-quality-coverage_step4000 9 6 9 0.043790681986138225
N1-quality-coverage_step4000 9 7 0 0.041913714027032256
N1-quality-coverage_step4000 9 7 1 0.04208632395602763
N1-quality-coverage_step4000 9 7 2 0.04246163193602115
N1-quality-coverage_step4000 9 7 3 0.04277891805395484
N1-quality-coverage_step4000 9 7 4 0.04069144697859883
N1-quality-coverage_step4000 9 7 5 0.04198007099330425
N1-quality-coverage_step4000 9 7 6 0.04416929499711841
N1-quality-coverage_step4000 9 7 7 0.04308327997568995
N1-quality-coverage_step4000 9 7 8 0.042334208032116294
N1-quality-coverage_step4000 9 7 9 0.04366043291520327
N1-quality-coverage_step4000 9 8 0 0.04228276899084449
N1-quality-coverage_step4000 9 8 1 0.04381658195052296
N1-quality-coverage_step4000 9 8 2 0.042145137093029916
N1-quality-coverage_step4000 9 8 3 0.04492809507064521
N1-quality-coverage_step4000 9 8 4 0.042202785960398614
N1-quality-coverage_step4000 9 8 5 0.0424620519625023
N1-quality-coverage_step4000 9 8 6 0.043901263969019055
N1-quality-coverage_step4000 9 8 7 0.04185057291761041
N1-quality-coverage_step4000 9 8 8 0.04320028307847679
N1-quality-coverage_step4000 9 8 9 0.043695139000192285
N1-quality-coverage_step4000 9 9 0 0.04647438193205744
N1-quality-coverage_step4000 9 9 1 0.041662534000352025
N1-quality-coverage_step4000 9 9 2 0.04132413805928081
N1-quality-coverage_step4000 9 9 3 0.04493294400162995
N1-quality-coverage_step4000 9 9 4 0.04182389297056943
N1-quality-coverage_step4000 9 9 5 0.04351187904831022
N1-quality-coverage_step4000 9 9 6 0.04268902610056102
N1-quality-coverage_step4000 9 9 7 0.044023295980878174
N1-quality-coverage_step4000 9 9 8 0.04391026997473091
N1-quality-coverage_step4000 9 9 9 0.042590848985128105
N1-quality-coverage_step4000 12 0 0 0.4405481650028378
N1-quality-coverage_step4000 12 0 1 0.4451655619777739
N1-quality-coverage_step4000 12 0 2 0.45445794193074107
N1-quality-coverage_step4000 12 0 3 0.4312741489848122
N1-quality-coverage_step4000 12 0 4 0.4381972709670663
N1-quality-coverage_step4000 12 0 5 0.43929645302705467
N1-quality-coverage_step4000 12 0 6 0.4503388579469174
N1-quality-coverage_step4000 12 0 7 0.45055660500656813
N1-quality-coverage_step4000 12 0 8 0.4455682809930295
N1-quality-coverage_step4000 12 0 9 0.4516491440590471
N1-quality-coverage_step4000 12 1 0 0.4630518879275769
N1-quality-coverage_step4000 12 1 1 0.47232421103399247
N1-quality-coverage_step4000 12 1 2 0.4575709120836109
N1-quality-coverage_step4000 12 1 3 0.45204597106203437
N1-quality-coverage_step4000 12 1 4 0.4464599440107122
N1-quality-coverage_step4000 12 1 5 0.4434264360461384
N1-quality-coverage_step4000 12 1 6 0.4431609889725223
N1-quality-coverage_step4000 12 1 7 0.44808004098013043
N1-quality-coverage_step4000 12 1 8 0.4471573269693181
N1-quality-coverage_step4000 12 1 9 0.4629633279982954
N1-quality-coverage_step4000 12 2 0 0.45431498799007386
N1-quality-coverage_step4000 12 2 1 0.445050589973107
N1-quality-coverage_step4000 12 2 2 0.4412401260342449
N1-quality-coverage_step4000 12 2 3 0.4545195190003142
N1-quality-coverage_step4000 12 2 4 0.44546391896437854
N1-quality-coverage_step4000 12 2 5 0.4459946739953011
N1-quality-coverage_step4000 12 2 6 0.4484478330705315
N1-quality-coverage_step4000 12 2 7 0.4519903539912775
N1-quality-coverage_step4000 12 2 8 0.44904618593864143
N1-quality-coverage_step4000 12 2 9 0.4453462139936164
N1-quality-coverage_step4000 12 3 0 0.4501032270491123
N1-quality-coverage_step4000 12 3 1 0.4484341359930113
N1-quality-coverage_step4000 12 3 2 0.46615646104328334
N1-quality-coverage_step4000 12 3 3 0.44638051092624664
N1-quality-coverage_step4000 12 3 4 0.45559402205981314
N1-quality-coverage_step4000 12 3 5 0.4585139820119366
N1-quality-coverage_step4000 12 3 6 0.45634651998989284
N1-quality-coverage_step4000 12 3 7 0.45472917798906565
N1-quality-coverage_step4000 12 3 8 0.4581425429787487
N1-quality-coverage_step4000 12 3 9 0.4545982170384377
N1-quality-coverage_step4000 12 4 0 0.454328082036227
N1-quality-coverage_step4000 12 4 1 0.4590199099620804
N1-quality-coverage_step4000 12 4 2 0.4501035859575495
N1-quality-coverage_step4000 12 4 3 0.48182539001572877
N1-quality-coverage_step4000 12 4 4 0.4512993219541386
N1-quality-coverage_step4000 12 4 5 0.45348690391983837
N1-quality-coverage_step4000 12 4 6 0.4546381540130824
N1-quality-coverage_step4000 12 4 7 0.4475345959654078
N1-quality-coverage_step4000 12 4 8 0.46475141402333975
N1-quality-coverage_step4000 12 4 9 0.4575558399083093
N1-quality-coverage_step4000 12 5 0 0.4516285399440676
N1-quality-coverage_step4000 12 5 1 0.4550584169337526
N1-quality-coverage_step4000 12 5 2 0.469006095896475
N1-quality-coverage_step4000 12 5 3 0.4623463460011408
N1-quality-coverage_step4000 12 5 4 0.45231672597583383
N1-quality-coverage_step4000 12 5 5 0.45932894910220057
N1-quality-coverage_step4000 12 5 6 0.45761344907805324
N1-quality-coverage_step4000 12 5 7 0.4589661550708115
N1-quality-coverage_step4000 12 5 8 0.45509999606292695
N1-quality-coverage_step4000 12 5 9 0.45570889895316213
N1-quality-coverage_step4000 12 6 0 0.45769751095212996
N1-quality-coverage_step4000 12 6 1 0.4528673270251602
N1-quality-coverage_step4000 12 6 2 0.4548143499996513
N1-quality-coverage_step4000 12 6 3 0.45532753004226834
N1-quality-coverage_step4000 12 6 4 0.4494949319632724
N1-quality-coverage_step4000 12 6 5 0.4478402390377596
N1-quality-coverage_step4000 12 6 6 0.44001587200909853
N1-quality-coverage_step4000 12 6 7 0.44758595200255513
N1-quality-coverage_step4000 12 6 8 0.44984700495842844
N1-quality-coverage_step4000 12 6 9 0.450535740936175
N1-quality-coverage_step4000 12 7 0 0.4503286649705842
N1-quality-coverage_step4000 12 7 1 0.4493041170062497
N1-quality-coverage_step4000 12 7 2 0.4496855760226026
N1-quality-coverage_step4000 12 7 3 0.44388022902421653
N1-quality-coverage_step4000 12 7 4 0.450361758004874
N1-quality-coverage_step4000 12 7 5 0.4408978089923039
N1-quality-coverage_step4000 12 7 6 0.4454766900744289
N1-quality-coverage_step4000 12 7 7 0.4505949430167675
N1-quality-coverage_step4000 12 7 8 0.4521636009449139
N1-quality-coverage_step4000 12 7 9 0.45395029697101563
N1-quality-coverage_step4000 12 8 0 0.4492052959976718
N1-quality-coverage_step4000 12 8 1 0.4574744930723682
N1-quality-coverage_step4000 12 8 2 0.4556999399792403
N1-quality-coverage_step4000 12 8 3 0.45177122100722045
N1-quality-coverage_step4000 12 8 4 0.44808943290263414
N1-quality-coverage_step4000 12 8 5 0.44435126800090075
N1-quality-coverage_step4000 12 8 6 0.4633977940538898
N1-quality-coverage_step4000 12 8 7 0.4550332750659436
N1-quality-coverage_step4000 12 8 8 0.4544067280367017
N1-quality-coverage_step4000 12 8 9 0.4666722120018676
N1-quality-coverage_step4000 12 9 0 0.4701824920484796
N1-quality-coverage_step4000 12 9 1 0.46111312601715326
N1-quality-coverage_step4000 12 9 2 0.4617373700020835
N1-quality-coverage_step4000 12 9 3 0.4495411579264328
N1-quality-coverage_step4000 12 9 4 0.44923189596738666
N1-quality-coverage_step4000 12 9 5 0.4497409099712968
N1-quality-coverage_step4000 12 9 6 0.4598975629778579
N1-quality-coverage_step4000 12 9 7 0.4632839560508728
N1-quality-coverage_step4000 12 9 8 0.45230043202172965
N1-quality-coverage_step4000 12 9 9 0.45996525196824223
N1-quality-coverage_step4000 18 0 0 0.1114798909984529
N1-quality-coverage_step4000 18 0 1 0.10701552801765501
N1-quality-coverage_step4000 18 0 2 0.1048568730475381
N1-quality-coverage_step4000 18 0 3 0.10407850402407348
N1-quality-coverage_step4000 18 0 4 0.10685980098787695
N1-quality-coverage_step4000 18 0 5 0.11047398904338479
N1-quality-coverage_step4000 18 0 6 0.10966231697238982
N1-quality-coverage_step4000 18 0 7 0.1053646031068638
N1-quality-coverage_step4000 18 0 8 0.10519880603533238
N1-quality-coverage_step4000 18 0 9 0.10975973296444863
N1-quality-coverage_step4000 18 1 0 0.10929104697424918
N1-quality-coverage_step4000 18 1 1 0.10538618394639343
N1-quality-coverage_step4000 18 1 2 0.10629439994227141
N1-quality-coverage_step4000 18 1 3 0.10470087395515293
N1-quality-coverage_step4000 18 1 4 0.10424332902766764
N1-quality-coverage_step4000 18 1 5 0.10455644701141864
N1-quality-coverage_step4000 18 1 6 0.10346394998487085
N1-quality-coverage_step4000 18 1 7 0.10268121398985386
N1-quality-coverage_step4000 18 1 8 0.101434511016123
N1-quality-coverage_step4000 18 1 9 0.10541951702907681
N1-quality-coverage_step4000 18 2 0 0.10576174198649824
N1-quality-coverage_step4000 18 2 1 0.10759142902679741
N1-quality-coverage_step4000 18 2 2 0.10880704200826585
N1-quality-coverage_step4000 18 2 3 0.10444391297642142
N1-quality-coverage_step4000 18 2 4 0.10177400894463062
N1-quality-coverage_step4000 18 2 5 0.1059454430360347
N1-quality-coverage_step4000 18 2 6 0.10373505798634142
N1-quality-coverage_step4000 18 2 7 0.10221039305906743
N1-quality-coverage_step4000 18 2 8 0.10261089005507529
N1-quality-coverage_step4000 18 2 9 0.10544463503174484
N1-quality-coverage_step4000 18 3 0 0.10431590804364532
N1-quality-coverage_step4000 18 3 1 0.10739515395835042
N1-quality-coverage_step4000 18 3 2 0.10424210701603442
N1-quality-coverage_step4000 18 3 3 0.10520243202336133
N1-quality-coverage_step4000 18 3 4 0.10452550800982863
N1-quality-coverage_step4000 18 3 5 0.1121166879311204
N1-quality-coverage_step4000 18 3 6 0.11324316100217402
N1-quality-coverage_step4000 18 3 7 0.10861670901067555
N1-quality-coverage_step4000 18 3 8 0.10707318794447929
N1-quality-coverage_step4000 18 3 9 0.10383698192890733
N1-quality-coverage_step4000 18 4 0 0.10453132994007319
N1-quality-coverage_step4000 18 4 1 0.10195457504596561
N1-quality-coverage_step4000 18 4 2 0.1033794890390709
N1-quality-coverage_step4000 18 4 3 0.1061217199312523
N1-quality-coverage_step4000 18 4 4 0.10528480005450547
N1-quality-coverage_step4000 18 4 5 0.1091306209564209
N1-quality-coverage_step4000 18 4 6 0.1046078969957307
N1-quality-coverage_step4000 18 4 7 0.10466891201213002
N1-quality-coverage_step4000 18 4 8 0.1100451290840283
N1-quality-coverage_step4000 18 4 9 0.11106550903059542
N1-quality-coverage_step4000 18 5 0 0.1130227210232988
N1-quality-coverage_step4000 18 5 1 0.10794724803417921
N1-quality-coverage_step4000 18 5 2 0.10932298796251416
N1-quality-coverage_step4000 18 5 3 0.10946694307494909
N1-quality-coverage_step4000 18 5 4 0.11413393402472138
N1-quality-coverage_step4000 18 5 5 0.11356287193484604
N1-quality-coverage_step4000 18 5 6 0.10917955497279763
N1-quality-coverage_step4000 18 5 7 0.10845065105240792
N1-quality-coverage_step4000 18 5 8 0.10703991400077939
N1-quality-coverage_step4000 18 5 9 0.1104429189581424
N1-quality-coverage_step4000 18 6 0 0.10286656697280705
N1-quality-coverage_step4000 18 6 1 0.10350054991431534
N1-quality-coverage_step4000 18 6 2 0.10601644800044596
N1-quality-coverage_step4000 18 6 3 0.10374768206384033
N1-quality-coverage_step4000 18 6 4 0.10370246495585889
N1-quality-coverage_step4000 18 6 5 0.10363135999068618
N1-quality-coverage_step4000 18 6 6 0.10453995608258992
N1-quality-coverage_step4000 18 6 7 0.10805193998385221
N1-quality-coverage_step4000 18 6 8 0.10950938507448882
N1-quality-coverage_step4000 18 6 9 0.10886505304370075
N1-quality-coverage_step4000 18 7 0 0.11227167502511293
N1-quality-coverage_step4000 18 7 1 0.10374370391946286
N1-quality-coverage_step4000 18 7 2 0.10565102100372314
N1-quality-coverage_step4000 18 7 3 0.103799571050331
N1-quality-coverage_step4000 18 7 4 0.10603060608264059
N1-quality-coverage_step4000 18 7 5 0.10605333803687245
N1-quality-coverage_step4000 18 7 6 0.10411231894977391
N1-quality-coverage_step4000 18 7 7 0.10460855590645224
N1-quality-coverage_step4000 18 7 8 0.10796499298885465
N1-quality-coverage_step4000 18 7 9 0.10428330500144511
N1-quality-coverage_step4000 18 8 0 0.1057020069565624
N1-quality-coverage_step4000 18 8 1 0.10561148496344686
N1-quality-coverage_step4000 18 8 2 0.10876151488628238
N1-quality-coverage_step4000 18 8 3 0.1041246330132708
N1-quality-coverage_step4000 18 8 4 0.10693832999095321
N1-quality-coverage_step4000 18 8 5 0.1043946590507403
N1-quality-coverage_step4000 18 8 6 0.10515750607009977
N1-quality-coverage_step4000 18 8 7 0.10590358206536621
N1-quality-coverage_step4000 18 8 8 0.10919434193056077
N1-quality-coverage_step4000 18 8 9 0.10966306796763092
N1-quality-coverage_step4000 18 9 0 0.10616697603836656
N1-quality-coverage_step4000 18 9 1 0.10704807005822659
N1-quality-coverage_step4000 18 9 2 0.10683472303207964
N1-quality-coverage_step4000 18 9 3 0.10874538403004408
N1-quality-coverage_step4000 18 9 4 0.10827007598709315
N1-quality-coverage_step4000 18 9 5 0.1089443740202114
N1-quality-coverage_step4000 18 9 6 0.10568232997320592
N1-quality-coverage_step4000 18 9 7 0.10691566695459187
N1-quality-coverage_step4000 18 9 8 0.10827935300767422
N1-quality-coverage_step4000 18 9 9 0.10759098792914301
N1-quality-coverage_step4000 22 0 0 0.017049488029442728
N1-quality-coverage_step4000 22 0 1 0.015335210948251188
N1-quality-coverage_step4000 22 0 2 0.015575040015392005
N1-quality-coverage_step4000 22 0 3 0.01589751592837274
N1-quality-coverage_step4000 22 0 4 0.015461693052202463
N1-quality-coverage_step4000 22 0 5 0.016143157030455768
N1-quality-coverage_step4000 22 0 6 0.018852884997613728
N1-quality-coverage_step4000 22 0 7 0.015978120965883136
N1-quality-coverage_step4000 22 0 8 0.015839614905416965
N1-quality-coverage_step4000 22 0 9 0.017054717987775803
N1-quality-coverage_step4000 22 1 0 0.015706029953435063
N1-quality-coverage_step4000 22 1 1 0.015580801060423255
N1-quality-coverage_step4000 22 1 2 0.01572812208905816
N1-quality-coverage_step4000 22 1 3 0.015710238949395716
N1-quality-coverage_step4000 22 1 4 0.016374937957152724
N1-quality-coverage_step4000 22 1 5 0.01637045992538333
N1-quality-coverage_step4000 22 1 6 0.015892336959950626
N1-quality-coverage_step4000 22 1 7 0.015788597986102104
N1-quality-coverage_step4000 22 1 8 0.016045709024183452
N1-quality-coverage_step4000 22 1 9 0.015468246070668101
N1-quality-coverage_step4000 22 2 0 0.015540133113972843
N1-quality-coverage_step4000 22 2 1 0.01640309300273657
N1-quality-coverage_step4000 22 2 2 0.015706441015936434
N1-quality-coverage_step4000 22 2 3 0.01572779193520546
N1-quality-coverage_step4000 22 2 4 0.016440583975054324
N1-quality-coverage_step4000 22 2 5 0.016078733024187386
N1-quality-coverage_step4000 22 2 6 0.015656896051950753
N1-quality-coverage_step4000 22 2 7 0.015935359057039022
N1-quality-coverage_step4000 22 2 8 0.015943594044074416
N1-quality-coverage_step4000 22 2 9 0.015704947989434004
N1-quality-coverage_step4000 22 3 0 0.015741038019768894
N1-quality-coverage_step4000 22 3 1 0.01539942400995642
N1-quality-coverage_step4000 22 3 2 0.015399543917737901
N1-quality-coverage_step4000 22 3 3 0.01575960300397128
N1-quality-coverage_step4000 22 3 4 0.015918585937470198
N1-quality-coverage_step4000 22 3 5 0.015754213090986013
N1-quality-coverage_step4000 22 3 6 0.01593146100640297
N1-quality-coverage_step4000 22 3 7 0.017268928000703454
N1-quality-coverage_step4000 22 3 8 0.01637659198604524
N1-quality-coverage_step4000 22 3 9 0.015930579975247383
N1-quality-coverage_step4000 22 4 0 0.016054866020567715
N1-quality-coverage_step4000 22 4 1 0.015576752950437367
N1-quality-coverage_step4000 22 4 2 0.015809057978913188
N1-quality-coverage_step4000 22 4 3 0.016276340000331402
N1-quality-coverage_step4000 22 4 4 0.016611411003395915
N1-quality-coverage_step4000 22 4 5 0.01707374502439052
N1-quality-coverage_step4000 22 4 6 0.01598910102620721
N1-quality-coverage_step4000 22 4 7 0.015666844905354083
N1-quality-coverage_step4000 22 4 8 0.016125091002322733
N1-quality-coverage_step4000 22 4 9 0.015676833922043443
N1-quality-coverage_step4000 22 5 0 0.01571147097274661
N1-quality-coverage_step4000 22 5 1 0.01609109598211944
N1-quality-coverage_step4000 22 5 2 0.016112608020193875
N1-quality-coverage_step4000 22 5 3 0.015894380980171263
N1-quality-coverage_step4000 22 5 4 0.015526036033406854
N1-quality-coverage_step4000 22 5 5 0.015857339021749794
N1-quality-coverage_step4000 22 5 6 0.01587276894133538
N1-quality-coverage_step4000 22 5 7 0.015592433046549559
N1-quality-coverage_step4000 22 5 8 0.01526994607411325
N1-quality-coverage_step4000 22 5 9 0.015485911048017442
N1-quality-coverage_step4000 22 6 0 0.015367442974820733
N1-quality-coverage_step4000 22 6 1 0.015406127087771893
N1-quality-coverage_step4000 22 6 2 0.015877617988735437
N1-quality-coverage_step4000 22 6 3 0.01600280695129186
N1-quality-coverage_step4000 22 6 4 0.015762188006192446
N1-quality-coverage_step4000 22 6 5 0.015546265058219433
N1-quality-coverage_step4000 22 6 6 0.015231843921355903
N1-quality-coverage_step4000 22 6 7 0.015888018999248743
N1-quality-coverage_step4000 22 6 8 0.01592535898089409
N1-quality-coverage_step4000 22 6 9 0.01590073201805353
N1-quality-coverage_step4000 22 7 0 0.016715350095182657
N1-quality-coverage_step4000 22 7 1 0.015999831957742572
N1-quality-coverage_step4000 22 7 2 0.015638891025446355
N1-quality-coverage_step4000 22 7 3 0.016282371943816543
N1-quality-coverage_step4000 22 7 4 0.016724958084523678
N1-quality-coverage_step4000 22 7 5 0.015796864056028426
N1-quality-coverage_step4000 22 7 6 0.015650102985091507
N1-quality-coverage_step4000 22 7 7 0.015704947989434004
N1-quality-coverage_step4000 22 7 8 0.015433980035595596
N1-quality-coverage_step4000 22 7 9 0.015574518940411508
N1-quality-coverage_step4000 22 8 0 0.015912004048004746
N1-quality-coverage_step4000 22 8 1 0.01566396898124367
N1-quality-coverage_step4000 22 8 2 0.01666390197351575
N1-quality-coverage_step4000 22 8 3 0.015783548005856574
N1-quality-coverage_step4000 22 8 4 0.016224130988121033
N1-quality-coverage_step4000 22 8 5 0.015657637966796756
N1-quality-coverage_step4000 22 8 6 0.015713465050794184
N1-quality-coverage_step4000 22 8 7 0.015650524059310555
N1-quality-coverage_step4000 22 8 8 0.015559530933387578
N1-quality-coverage_step4000 22 8 9 0.015594878001138568
N1-quality-coverage_step4000 22 9 0 0.01575403194874525
N1-quality-coverage_step4000 22 9 1 0.015301967971026897
N1-quality-coverage_step4000 22 9 2 0.015752949053421617
N1-quality-coverage_step4000 22 9 3 0.015870484989136457
N1-quality-coverage_step4000 22 9 4 0.01544769702013582
N1-quality-coverage_step4000 22 9 5 0.01594093895982951
N1-quality-coverage_step4000 22 9 6 0.01591472898144275
N1-quality-coverage_step4000 22 9 7 0.015668108011595905
N1-quality-coverage_step4000 22 9 8 0.016069834935478866
N1-quality-coverage_step4000 22 9 9 0.01586347189731896
N1-quality-coverage_step4000 24 0 0 0.019452680950053036
N1-quality-coverage_step4000 24 0 1 0.019131377921439707
N1-quality-coverage_step4000 24 0 2 0.017919261008501053
N1-quality-coverage_step4000 24 0 3 0.0185739619191736
N1-quality-coverage_step4000 24 0 4 0.018265062011778355
N1-quality-coverage_step4000 24 0 5 0.018719590036198497
N1-quality-coverage_step4000 24 0 6 0.01804002106655389
N1-quality-coverage_step4000 24 0 7 0.017598106991499662
N1-quality-coverage_step4000 24 0 8 0.017650275956839323
N1-quality-coverage_step4000 24 0 9 0.01825252699200064
N1-quality-coverage_step4000 24 1 0 0.018478209036402404
N1-quality-coverage_step4000 24 1 1 0.01763288292568177
N1-quality-coverage_step4000 24 1 2 0.01774837402626872
N1-quality-coverage_step4000 24 1 3 0.017550997086800635
N1-quality-coverage_step4000 24 1 4 0.017677537980489433
N1-quality-coverage_step4000 24 1 5 0.01779286901000887
N1-quality-coverage_step4000 24 1 6 0.01811366097535938
N1-quality-coverage_step4000 24 1 7 0.0195158930728212
N1-quality-coverage_step4000 24 1 8 0.017465944052673876
N1-quality-coverage_step4000 24 1 9 0.018069357029162347
N1-quality-coverage_step4000 24 2 0 0.017806826042942703
N1-quality-coverage_step4000 24 2 1 0.017812315956689417
N1-quality-coverage_step4000 24 2 2 0.01764738094061613
N1-quality-coverage_step4000 24 2 3 0.018734198063611984
N1-quality-coverage_step4000 24 2 4 0.01859414007049054
N1-quality-coverage_step4000 24 2 5 0.01740206207614392
N1-quality-coverage_step4000 24 2 6 0.01742606796324253
N1-quality-coverage_step4000 24 2 7 0.019174890010617673
N1-quality-coverage_step4000 24 2 8 0.018749839044176042
N1-quality-coverage_step4000 24 2 9 0.017676735995337367
N1-quality-coverage_step4000 24 3 0 0.017722685006447136
N1-quality-coverage_step4000 24 3 1 0.017696705064736307
N1-quality-coverage_step4000 24 3 2 0.0177209519315511
N1-quality-coverage_step4000 24 3 3 0.017637501936405897
N1-quality-coverage_step4000 24 3 4 0.01894758502021432
N1-quality-coverage_step4000 24 3 5 0.017682999023236334
N1-quality-coverage_step4000 24 3 6 0.017731921980157495
N1-quality-coverage_step4000 24 3 7 0.017421218915842474
N1-quality-coverage_step4000 24 3 8 0.01786094903945923
N1-quality-coverage_step4000 24 3 9 0.01749380596447736
N1-quality-coverage_step4000 24 4 0 0.018016054993495345
N1-quality-coverage_step4000 24 4 1 0.017523985006846488
N1-quality-coverage_step4000 24 4 2 0.017970667919144034
N1-quality-coverage_step4000 24 4 3 0.018678872962482274
N1-quality-coverage_step4000 24 4 4 0.018230524961836636
N1-quality-coverage_step4000 24 4 5 0.017422509961761534
N1-quality-coverage_step4000 24 4 6 0.017585964989848435
N1-quality-coverage_step4000 24 4 7 0.01779808907303959
N1-quality-coverage_step4000 24 4 8 0.01841447700280696
N1-quality-coverage_step4000 24 4 9 0.018831825000233948
N1-quality-coverage_step4000 24 5 0 0.01842587802093476
N1-quality-coverage_step4000 24 5 1 0.018676807987503707
N1-quality-coverage_step4000 24 5 2 0.01759847695939243
N1-quality-coverage_step4000 24 5 3 0.017537791980430484
N1-quality-coverage_step4000 24 5 4 0.017593238037079573
N1-quality-coverage_step4000 24 5 5 0.017485530930571258
N1-quality-coverage_step4000 24 5 6 0.01770272699650377
N1-quality-coverage_step4000 24 5 7 0.0180688468972221
N1-quality-coverage_step4000 24 5 8 0.018006447004154325
N1-quality-coverage_step4000 24 5 9 0.017293523997068405
N1-quality-coverage_step4000 24 6 0 0.018011976964771748
N1-quality-coverage_step4000 24 6 1 0.017540346016176045
N1-quality-coverage_step4000 24 6 2 0.018451999058015645
N1-quality-coverage_step4000 24 6 3 0.017904412001371384
N1-quality-coverage_step4000 24 6 4 0.017613706993870437
N1-quality-coverage_step4000 24 6 5 0.018389899982139468
N1-quality-coverage_step4000 24 6 6 0.017708276980556548
N1-quality-coverage_step4000 24 6 7 0.01960126601625234
N1-quality-coverage_step4000 24 6 8 0.018184036947786808
N1-quality-coverage_step4000 24 6 9 0.01855152891948819
N1-quality-coverage_step4000 24 7 0 0.018171874107792974
N1-quality-coverage_step4000 24 7 1 0.017726241960190237
N1-quality-coverage_step4000 24 7 2 0.01901573594659567
N1-quality-coverage_step4000 24 7 3 0.01861330703832209
N1-quality-coverage_step4000 24 7 4 0.019418115029111505
N1-quality-coverage_step4000 24 7 5 0.021019387058913708
N1-quality-coverage_step4000 24 7 6 0.02112417609896511
N1-quality-coverage_step4000 24 7 7 0.020026628044433892
N1-quality-coverage_step4000 24 7 8 0.01972305797971785
N1-quality-coverage_step4000 24 7 9 0.017677108058705926
N1-quality-coverage_step4000 24 8 0 0.017592185991816223
N1-quality-coverage_step4000 24 8 1 0.017502753995358944
N1-quality-coverage_step4000 24 8 2 0.017003700020723045
N1-quality-coverage_step4000 24 8 3 0.01774394605308771
N1-quality-coverage_step4000 24 8 4 0.017216868000105023
N1-quality-coverage_step4000 24 8 5 0.018991920980624855
N1-quality-coverage_step4000 24 8 6 0.01725472102407366
N1-quality-coverage_step4000 24 8 7 0.017407611943781376
N1-quality-coverage_step4000 24 8 8 0.017390911001712084
N1-quality-coverage_step4000 24 8 9 0.017148056998848915
N1-quality-coverage_step4000 24 9 0 0.017264738911762834
N1-quality-coverage_step4000 24 9 1 0.017360262107104063
N1-quality-coverage_step4000 24 9 2 0.018095647101290524
N1-quality-coverage_step4000 24 9 3 0.017419505980797112
N1-quality-coverage_step4000 24 9 4 0.018088023061864078
N1-quality-coverage_step4000 24 9 5 0.01770321698859334
N1-quality-coverage_step4000 24 9 6 0.017198272980749607
N1-quality-coverage_step4000 24 9 7 0.01776552596129477
N1-quality-coverage_step4000 24 9 8 0.01728281390387565
N1-quality-coverage_step4000 24 9 9 0.017133289016783237
N1-quality-coverage_step4000 30 0 0 0.02881026698742062
N1-quality-coverage_step4000 30 0 1 0.030232144985347986
N1-quality-coverage_step4000 30 0 2 0.028432906954549253
N1-quality-coverage_step4000 30 0 3 0.028196625062264502
N1-quality-coverage_step4000 30 0 4 0.028382941032759845
N1-quality-coverage_step4000 30 0 5 0.02761678595561534
N1-quality-coverage_step4000 30 0 6 0.02811554993968457
N1-quality-coverage_step4000 30 0 7 0.026743495953269303
N1-quality-coverage_step4000 30 0 8 0.026695717009715736
N1-quality-coverage_step4000 30 0 9 0.028987445984967053
N1-quality-coverage_step4000 30 1 0 0.02807116403710097
N1-quality-coverage_step4000 30 1 1 0.02745168108958751
N1-quality-coverage_step4000 30 1 2 0.02785680501256138
N1-quality-coverage_step4000 30 1 3 0.027031717938371003
N1-quality-coverage_step4000 30 1 4 0.027247439953498542
N1-quality-coverage_step4000 30 1 5 0.026640259893611073
N1-quality-coverage_step4000 30 1 6 0.027752474998123944
N1-quality-coverage_step4000 30 1 7 0.027152570080943406
N1-quality-coverage_step4000 30 1 8 0.028554457938298583
N1-quality-coverage_step4000 30 1 9 0.028398500056937337
N1-quality-coverage_step4000 30 2 0 0.02882765105459839
N1-quality-coverage_step4000 30 2 1 0.02892833191435784
N1-quality-coverage_step4000 30 2 2 0.030924800084903836
N1-quality-coverage_step4000 30 2 3 0.029163412051275373
N1-quality-coverage_step4000 30 2 4 0.029872537008486688
N1-quality-coverage_step4000 30 2 5 0.02986994304228574
N1-quality-coverage_step4000 30 2 6 0.02765398600604385
N1-quality-coverage_step4000 30 2 7 0.028627469087950885
N1-quality-coverage_step4000 30 2 8 0.029391607968136668
N1-quality-coverage_step4000 30 2 9 0.027975561912171543
N1-quality-coverage_step4000 30 3 0 0.028370055952109396
N1-quality-coverage_step4000 30 3 1 0.027898304047994316
N1-quality-coverage_step4000 30 3 2 0.030070726992562413
N1-quality-coverage_step4000 30 3 3 0.02764920797199011
N1-quality-coverage_step4000 30 3 4 0.027363141998648643
N1-quality-coverage_step4000 30 3 5 0.02762095397338271
N1-quality-coverage_step4000 30 3 6 0.028181185945868492
N1-quality-coverage_step4000 30 3 7 0.03044068394228816
N1-quality-coverage_step4000 30 3 8 0.028838751022703946
N1-quality-coverage_step4000 30 3 9 0.030622762045823038
N1-quality-coverage_step4000 30 4 0 0.02851381106302142
N1-quality-coverage_step4000 30 4 1 0.03052608692087233
N1-quality-coverage_step4000 30 4 2 0.030181969050318003
N1-quality-coverage_step4000 30 4 3 0.02746080805081874
N1-quality-coverage_step4000 30 4 4 0.028253273107111454
N1-quality-coverage_step4000 30 4 5 0.028275224030949175
N1-quality-coverage_step4000 30 4 6 0.028004057006910443
N1-quality-coverage_step4000 30 4 7 0.029595248051919043
N1-quality-coverage_step4000 30 4 8 0.029153023031540215
N1-quality-coverage_step4000 30 4 9 0.030192278907634318
N1-quality-coverage_step4000 30 5 0 0.027392868069000542
N1-quality-coverage_step4000 30 5 1 0.02728392102289945
N1-quality-coverage_step4000 30 5 2 0.03017166897188872
N1-quality-coverage_step4000 30 5 3 0.029423810075968504
N1-quality-coverage_step4000 30 5 4 0.02915976499207318
N1-quality-coverage_step4000 30 5 5 0.0288084140047431
N1-quality-coverage_step4000 30 5 6 0.028848701040260494
N1-quality-coverage_step4000 30 5 7 0.0299953919602558
N1-quality-coverage_step4000 30 5 8 0.03241409594193101
N1-quality-coverage_step4000 30 5 9 0.027141366968862712
N1-quality-coverage_step4000 30 6 0 0.026674424996599555
N1-quality-coverage_step4000 30 6 1 0.026593009009957314
N1-quality-coverage_step4000 30 6 2 0.026713008992373943
N1-quality-coverage_step4000 30 6 3 0.02660860901232809
N1-quality-coverage_step4000 30 6 4 0.02698931796476245
N1-quality-coverage_step4000 30 6 5 0.026810714974999428
N1-quality-coverage_step4000 30 6 6 0.02672465005889535
N1-quality-coverage_step4000 30 6 7 0.028851295937784016
N1-quality-coverage_step4000 30 6 8 0.02867716201581061
N1-quality-coverage_step4000 30 6 9 0.027440420002676547
N1-quality-coverage_step4000 30 7 0 0.027105408953502774
N1-quality-coverage_step4000 30 7 1 0.02662202506326139
N1-quality-coverage_step4000 30 7 2 0.02788597100879997
N1-quality-coverage_step4000 30 7 3 0.029383333981968462
N1-quality-coverage_step4000 30 7 4 0.027973628020845354
N1-quality-coverage_step4000 30 7 5 0.02961186005268246
N1-quality-coverage_step4000 30 7 6 0.02968814503401518
N1-quality-coverage_step4000 30 7 7 0.029268743004649878
N1-quality-coverage_step4000 30 7 8 0.02815834095235914
N1-quality-coverage_step4000 30 7 9 0.029134616954252124
N1-quality-coverage_step4000 30 8 0 0.027660629944875836
N1-quality-coverage_step4000 30 8 1 0.026537782978266478
N1-quality-coverage_step4000 30 8 2 0.026385833974927664
N1-quality-coverage_step4000 30 8 3 0.029310293029993773
N1-quality-coverage_step4000 30 8 4 0.027154852985404432
N1-quality-coverage_step4000 30 8 5 0.02645404392387718
N1-quality-coverage_step4000 30 8 6 0.02630414697341621
N1-quality-coverage_step4000 30 8 7 0.026666861027479172
N1-quality-coverage_step4000 30 8 8 0.02773063292261213
N1-quality-coverage_step4000 30 8 9 0.028446682961657643
N1-quality-coverage_step4000 30 9 0 0.0318054809467867
N1-quality-coverage_step4000 30 9 1 0.029117916012182832
N1-quality-coverage_step4000 30 9 2 0.027024312992580235
N1-quality-coverage_step4000 30 9 3 0.02678777207620442
N1-quality-coverage_step4000 30 9 4 0.02817384002264589
N1-quality-coverage_step4000 30 9 5 0.02726675698067993
N1-quality-coverage_step4000 30 9 6 0.029713183059357107
N1-quality-coverage_step4000 30 9 7 0.026928109931759536
N1-quality-coverage_step4000 30 9 8 0.02760731801390648
N1-quality-coverage_step4000 30 9 9 0.028319729026407003
N1-quality-coverage_step4000 33 0 0 0.0072322339983657
N1-quality-coverage_step4000 33 0 1 0.006664767977781594
N1-quality-coverage_step4000 33 0 2 0.006236491026356816
N1-quality-coverage_step4000 33 0 3 0.006213938002474606
N1-quality-coverage_step4000 33 0 4 0.006246639997698367
N1-quality-coverage_step4000 33 0 5 0.006246489007025957
N1-quality-coverage_step4000 33 0 6 0.006390174035914242
N1-quality-coverage_step4000 33 0 7 0.006448506028391421
N1-quality-coverage_step4000 33 0 8 0.006236310000531375
N1-quality-coverage_step4000 33 0 9 0.006491408101283014
N1-quality-coverage_step4000 33 1 0 0.006463635014370084
N1-quality-coverage_step4000 33 1 1 0.0064142909832298756
N1-quality-coverage_step4000 33 1 2 0.006361167994327843
N1-quality-coverage_step4000 33 1 3 0.006422745995223522
N1-quality-coverage_step4000 33 1 4 0.006361940060742199
N1-quality-coverage_step4000 33 1 5 0.006479184026829898
N1-quality-coverage_step4000 33 1 6 0.006422877078875899
N1-quality-coverage_step4000 33 1 7 0.006303398055024445
N1-quality-coverage_step4000 33 1 8 0.006276816944591701
N1-quality-coverage_step4000 33 1 9 0.006296245031990111
N1-quality-coverage_step4000 33 2 0 0.006186014041304588
N1-quality-coverage_step4000 33 2 1 0.006600976921617985
N1-quality-coverage_step4000 33 2 2 0.006165864993818104
N1-quality-coverage_step4000 33 2 3 0.0061972750118002295
N1-quality-coverage_step4000 33 2 4 0.0061921150190755725
N1-quality-coverage_step4000 33 2 5 0.006148282089270651
N1-quality-coverage_step4000 33 2 6 0.006188248982653022
N1-quality-coverage_step4000 33 2 7 0.0062050409615039825
N1-quality-coverage_step4000 33 2 8 0.006401406018994749
N1-quality-coverage_step4000 33 2 9 0.006202535005286336
N1-quality-coverage_step4000 33 3 0 0.006214468041434884
N1-quality-coverage_step4000 33 3 1 0.007814456010237336
N1-quality-coverage_step4000 33 3 2 0.00824113201815635
N1-quality-coverage_step4000 33 3 3 0.006225158926099539
N1-quality-coverage_step4000 33 3 4 0.006186695070937276
N1-quality-coverage_step4000 33 3 5 0.006331552052870393
N1-quality-coverage_step4000 33 3 6 0.006758257979527116
N1-quality-coverage_step4000 33 3 7 0.006172979017719626
N1-quality-coverage_step4000 33 3 8 0.006181675940752029
N1-quality-coverage_step4000 33 3 9 0.006502106902189553
N1-quality-coverage_step4000 33 4 0 0.006253511994145811
N1-quality-coverage_step4000 33 4 1 0.00618339900393039
N1-quality-coverage_step4000 33 4 2 0.00615843094419688
N1-quality-coverage_step4000 33 4 3 0.006222734926268458
N1-quality-coverage_step4000 33 4 4 0.006210149964317679
N1-quality-coverage_step4000 33 4 5 0.0061710450099781156
N1-quality-coverage_step4000 33 4 6 0.006222854019142687
N1-quality-coverage_step4000 33 4 7 0.006196202943101525
N1-quality-coverage_step4000 33 4 8 0.00615597702562809
N1-quality-coverage_step4000 33 4 9 0.006363062071613967
N1-quality-coverage_step4000 33 5 0 0.006301093031652272
N1-quality-coverage_step4000 33 5 1 0.006346159963868558
N1-quality-coverage_step4000 33 5 2 0.006317385006695986
N1-quality-coverage_step4000 33 5 3 0.006254373933188617
N1-quality-coverage_step4000 33 5 4 0.006247340934351087
N1-quality-coverage_step4000 33 5 5 0.006257770932279527
N1-quality-coverage_step4000 33 5 6 0.006271788035519421
N1-quality-coverage_step4000 33 5 7 0.006271346937865019
N1-quality-coverage_step4000 33 5 8 0.006264874013140798
N1-quality-coverage_step4000 33 5 9 0.006457843934185803
N1-quality-coverage_step4000 33 6 0 0.006220709998160601
N1-quality-coverage_step4000 33 6 1 0.0061522090109065175
N1-quality-coverage_step4000 33 6 2 0.00612710090354085
N1-quality-coverage_step4000 33 6 3 0.006157950032502413
N1-quality-coverage_step4000 33 6 4 0.006122431950643659
N1-quality-coverage_step4000 33 6 5 0.006118224002420902
N1-quality-coverage_step4000 33 6 6 0.006137301097624004
N1-quality-coverage_step4000 33 6 7 0.006631966098211706
N1-quality-coverage_step4000 33 6 8 0.006210891995579004
N1-quality-coverage_step4000 33 6 9 0.00648354203440249
N1-quality-coverage_step4000 33 7 0 0.006452844012528658
N1-quality-coverage_step4000 33 7 1 0.0063808460254222155
N1-quality-coverage_step4000 33 7 2 0.006397346965968609
N1-quality-coverage_step4000 33 7 3 0.00637541594915092
N1-quality-coverage_step4000 33 7 4 0.006372150033712387
N1-quality-coverage_step4000 33 7 5 0.006409081048332155
N1-quality-coverage_step4000 33 7 6 0.006423618993721902
N1-quality-coverage_step4000 33 7 7 0.006342843058519065
N1-quality-coverage_step4000 33 7 8 0.006374323973432183
N1-quality-coverage_step4000 33 7 9 0.0063682630425319076
N1-quality-coverage_step4000 33 8 0 0.006142470985651016
N1-quality-coverage_step4000 33 8 1 0.006186063983477652
N1-quality-coverage_step4000 33 8 2 0.0063337660394608974
N1-quality-coverage_step4000 33 8 3 0.006172216963022947
N1-quality-coverage_step4000 33 8 4 0.0062081459909677505
N1-quality-coverage_step4000 33 8 5 0.006168149062432349
N1-quality-coverage_step4000 33 8 6 0.006173591013066471
N1-quality-coverage_step4000 33 8 7 0.006124345934949815
N1-quality-coverage_step4000 33 8 8 0.006174191017635167
N1-quality-coverage_step4000 33 8 9 0.0062293269438669086
N1-quality-coverage_step4000 33 9 0 0.006394171970896423
N1-quality-coverage_step4000 33 9 1 0.006226150086149573
N1-quality-coverage_step4000 33 9 2 0.0061562779592350125
N1-quality-coverage_step4000 33 9 3 0.007588083972223103
N1-quality-coverage_step4000 33 9 4 0.006166156032122672
N1-quality-coverage_step4000 33 9 5 0.00625175004824996
N1-quality-coverage_step4000 33 9 6 0.006311303004622459
N1-quality-coverage_step4000 33 9 7 0.006155926967039704
N1-quality-coverage_step4000 33 9 8 0.00618385907728225
N1-quality-coverage_step4000 33 9 9 0.006189430016092956
N1-quality-coverage_step4000 36 0 0 0.006932751974090934
N1-quality-coverage_step4000 36 0 1 0.006856015068478882
N1-quality-coverage_step4000 36 0 2 0.006817481014877558
N1-quality-coverage_step4000 36 0 3 0.00685299898032099
N1-quality-coverage_step4000 36 0 4 0.006826127064414322
N1-quality-coverage_step4000 36 0 5 0.00700600107666105
N1-quality-coverage_step4000 36 0 6 0.0068034139694646
N1-quality-coverage_step4000 36 0 7 0.006966616027057171
N1-quality-coverage_step4000 36 0 8 0.00907319295220077
N1-quality-coverage_step4000 36 0 9 0.006806981051340699
N1-quality-coverage_step4000 36 1 0 0.006967406952753663
N1-quality-coverage_step4000 36 1 1 0.12623420101590455
N1-quality-coverage_step4000 36 1 2 0.00715221103746444
N1-quality-coverage_step4000 36 1 3 0.00678109098225832
N1-quality-coverage_step4000 36 1 4 0.006771804066374898
N1-quality-coverage_step4000 36 1 5 0.006791460909880698
N1-quality-coverage_step4000 36 1 6 0.006739160977303982
N1-quality-coverage_step4000 36 1 7 0.00678338494617492
N1-quality-coverage_step4000 36 1 8 0.0067741681123152375
N1-quality-coverage_step4000 36 1 9 0.006755220936611295
N1-quality-coverage_step4000 36 2 0 0.0067401130218058825
N1-quality-coverage_step4000 36 2 1 0.006697762059047818
N1-quality-coverage_step4000 36 2 2 0.006737428018823266
N1-quality-coverage_step4000 36 2 3 0.006736045936122537
N1-quality-coverage_step4000 36 2 4 0.006703774095512927
N1-quality-coverage_step4000 36 2 5 0.00673007289879024
N1-quality-coverage_step4000 36 2 6 0.006732939975336194
N1-quality-coverage_step4000 36 2 7 0.006717448937706649
N1-quality-coverage_step4000 36 2 8 0.006730644032359123
N1-quality-coverage_step4000 36 2 9 0.006736146053299308
N1-quality-coverage_step4000 36 3 0 0.006617488921619952
N1-quality-coverage_step4000 36 3 1 0.006602559937164187
N1-quality-coverage_step4000 36 3 2 0.006604523048736155
N1-quality-coverage_step4000 36 3 3 0.006612668978050351
N1-quality-coverage_step4000 36 3 4 0.006604132940992713
N1-quality-coverage_step4000 36 3 5 0.006615414982661605
N1-quality-coverage_step4000 36 3 6 0.006603872985579073
N1-quality-coverage_step4000 36 3 7 0.006586450035683811
N1-quality-coverage_step4000 36 3 8 0.006612789002247155
N1-quality-coverage_step4000 36 3 9 0.006786490906961262
N1-quality-coverage_step4000 36 4 0 0.007416584994643927
N1-quality-coverage_step4000 36 4 1 0.007457013009116054
N1-quality-coverage_step4000 36 4 2 0.006582933012396097
N1-quality-coverage_step4000 36 4 3 0.006601128028705716
N1-quality-coverage_step4000 36 4 4 0.006613752106204629
N1-quality-coverage_step4000 36 4 5 0.0068752209190279245
N1-quality-coverage_step4000 36 4 6 0.0066688969964161515
N1-quality-coverage_step4000 36 4 7 0.006685198051854968
N1-quality-coverage_step4000 36 4 8 0.006674546981230378
N1-quality-coverage_step4000 36 4 9 0.0068126319674775004
N1-quality-coverage_step4000 36 5 0 0.006875470979139209
N1-quality-coverage_step4000 36 5 1 0.006863408954814076
N1-quality-coverage_step4000 36 5 2 0.006816499982960522
N1-quality-coverage_step4000 36 5 3 0.006804886972531676
N1-quality-coverage_step4000 36 5 4 0.00672944204416126
N1-quality-coverage_step4000 36 5 5 0.0067387999733909965
N1-quality-coverage_step4000 36 5 6 0.006773045985028148
N1-quality-coverage_step4000 36 5 7 0.006725544924847782
N1-quality-coverage_step4000 36 5 8 0.006748498999513686
N1-quality-coverage_step4000 36 5 9 0.006967877969145775
N1-quality-coverage_step4000 36 6 0 0.0068984669633209705
N1-quality-coverage_step4000 36 6 1 0.007076815934851766
N1-quality-coverage_step4000 36 6 2 0.008014809107407928
N1-quality-coverage_step4000 36 6 3 0.0067965410416945815
N1-quality-coverage_step4000 36 6 4 0.006670539965853095
N1-quality-coverage_step4000 36 6 5 0.006683655083179474
N1-quality-coverage_step4000 36 6 6 0.006633008015342057
N1-quality-coverage_step4000 36 6 7 0.006628109025768936
N1-quality-coverage_step4000 36 6 8 0.006597321014851332
N1-quality-coverage_step4000 36 6 9 0.006663375999778509
N1-quality-coverage_step4000 36 7 0 0.006987426080740988
N1-quality-coverage_step4000 36 7 1 0.006890149088576436
N1-quality-coverage_step4000 36 7 2 0.007197608007118106
N1-quality-coverage_step4000 36 7 3 0.006845353986136615
N1-quality-coverage_step4000 36 7 4 0.006838180008344352
N1-quality-coverage_step4000 36 7 5 0.006822581053711474
N1-quality-coverage_step4000 36 7 6 0.0068151060258969665
N1-quality-coverage_step4000 36 7 7 0.006830035010352731
N1-quality-coverage_step4000 36 7 8 0.00683773891068995
N1-quality-coverage_step4000 36 7 9 0.006983709055930376
N1-quality-coverage_step4000 36 8 0 0.007159293978475034
N1-quality-coverage_step4000 36 8 1 0.0070027250330895185
N1-quality-coverage_step4000 36 8 2 0.006907932925969362
N1-quality-coverage_step4000 36 8 3 0.008312800084240735
N1-quality-coverage_step4000 36 8 4 0.0067799900425598025
N1-quality-coverage_step4000 36 8 5 0.006762815988622606
N1-quality-coverage_step4000 36 8 6 0.006935817073099315
N1-quality-coverage_step4000 36 8 7 0.006748429033905268
N1-quality-coverage_step4000 36 8 8 0.0069413878954946995
N1-quality-coverage_step4000 36 8 9 0.006750141968950629
N1-quality-coverage_step4000 36 9 0 0.0070367690641433
N1-quality-coverage_step4000 36 9 1 0.006942149018868804
N1-quality-coverage_step4000 36 9 2 0.006803112919442356
N1-quality-coverage_step4000 36 9 3 0.006845894968137145
N1-quality-coverage_step4000 36 9 4 0.006784518016502261
N1-quality-coverage_step4000 36 9 5 0.006919346051290631
N1-quality-coverage_step4000 36 9 6 0.0069659140426665545
N1-quality-coverage_step4000 36 9 7 0.006828451994806528
N1-quality-coverage_step4000 36 9 8 0.006767246057279408
N1-quality-coverage_step4000 36 9 9 0.0067970919189974666
N1-quality-coverage_step4000 40 0 0 0.0039775019977241755
N1-quality-coverage_step4000 40 0 1 0.003986169002018869
N1-quality-coverage_step4000 40 0 2 0.004001467954367399
N1-quality-coverage_step4000 40 0 3 0.004008863004855812
N1-quality-coverage_step4000 40 0 4 0.003979617031291127
N1-quality-coverage_step4000 40 0 5 0.004014704027213156
N1-quality-coverage_step4000 40 0 6 0.004167415900155902
N1-quality-coverage_step4000 40 0 7 0.004012570017948747
N1-quality-coverage_step4000 40 0 8 0.005151487071998417
N1-quality-coverage_step4000 40 0 9 0.003999094013124704
N1-quality-coverage_step4000 40 1 0 0.0039976510452106595
N1-quality-coverage_step4000 40 1 1 0.004029823001474142
N1-quality-coverage_step4000 40 1 2 0.004070981056429446
N1-quality-coverage_step4000 40 1 3 0.00404306803829968
N1-quality-coverage_step4000 40 1 4 0.0040108669782057405
N1-quality-coverage_step4000 40 1 5 0.004017037921585143
N1-quality-coverage_step4000 40 1 6 0.004202200914733112
N1-quality-coverage_step4000 40 1 7 0.004322331049479544
N1-quality-coverage_step4000 40 1 8 0.004269090015441179
N1-quality-coverage_step4000 40 1 9 0.0039831429021433
N1-quality-coverage_step4000 40 2 0 0.003993233083747327
N1-quality-coverage_step4000 40 2 1 0.003979436005465686
N1-quality-coverage_step4000 40 2 2 0.003965318901464343
N1-quality-coverage_step4000 40 2 3 0.003982612979598343
N1-quality-coverage_step4000 40 2 4 0.003985557937994599
N1-quality-coverage_step4000 40 2 5 0.004003231995739043
N1-quality-coverage_step4000 40 2 6 0.004009844968095422
N1-quality-coverage_step4000 40 2 7 0.003950521000660956
N1-quality-coverage_step4000 40 2 8 0.003953907988034189
N1-quality-coverage_step4000 40 2 9 0.003933387924917042
N1-quality-coverage_step4000 40 3 0 0.004089175956323743
N1-quality-coverage_step4000 40 3 1 0.004106168053112924
N1-quality-coverage_step4000 40 3 2 0.004069257061928511
N1-quality-coverage_step4000 40 3 3 0.004141795914620161
N1-quality-coverage_step4000 40 3 4 0.004036214086227119
N1-quality-coverage_step4000 40 3 5 0.00406425807159394
N1-quality-coverage_step4000 40 3 6 0.004157286020927131
N1-quality-coverage_step4000 40 3 7 0.00431389594450593
N1-quality-coverage_step4000 40 3 8 0.004171614069491625
N1-quality-coverage_step4000 40 3 9 0.004155432106927037
N1-quality-coverage_step4000 40 4 0 0.0040665530832484365
N1-quality-coverage_step4000 40 4 1 0.004095328040421009
N1-quality-coverage_step4000 40 4 2 0.0040169269777834415
N1-quality-coverage_step4000 40 4 3 0.004305680049583316
N1-quality-coverage_step4000 40 4 4 0.005068116937763989
N1-quality-coverage_step4000 40 4 5 0.003943066927604377
N1-quality-coverage_step4000 40 4 6 0.003950812038965523
N1-quality-coverage_step4000 40 4 7 0.003949028090573847
N1-quality-coverage_step4000 40 4 8 0.003932095947675407
N1-quality-coverage_step4000 40 4 9 0.004074268043041229
N1-quality-coverage_step4000 40 5 0 0.004392054979689419
N1-quality-coverage_step4000 40 5 1 0.004065610934048891
N1-quality-coverage_step4000 40 5 2 0.004131005960516632
N1-quality-coverage_step4000 40 5 3 0.00404883804731071
N1-quality-coverage_step4000 40 5 4 0.004019001964479685
N1-quality-coverage_step4000 40 5 5 0.004024561960250139
N1-quality-coverage_step4000 40 5 6 0.004029802978038788
N1-quality-coverage_step4000 40 5 7 0.004028449999168515
N1-quality-coverage_step4000 40 5 8 0.0040328080067411065
N1-quality-coverage_step4000 40 5 9 0.0040442399913445115
N1-quality-coverage_step4000 40 6 0 0.004109264933504164
N1-quality-coverage_step4000 40 6 1 0.004090038011781871
N1-quality-coverage_step4000 40 6 2 0.004091290989890695
N1-quality-coverage_step4000 40 6 3 0.0040666030254215
N1-quality-coverage_step4000 40 6 4 0.004095467971637845
N1-quality-coverage_step4000 40 6 5 0.004097340977750719
N1-quality-coverage_step4000 40 6 6 0.004059989936649799
N1-quality-coverage_step4000 40 6 7 0.004047596012242138
N1-quality-coverage_step4000 40 6 8 0.004037026083096862
N1-quality-coverage_step4000 40 6 9 0.004046094021759927
N1-quality-coverage_step4000 40 7 0 0.004025042988359928
N1-quality-coverage_step4000 40 7 1 0.004022467997856438
N1-quality-coverage_step4000 40 7 2 0.004021786968223751
N1-quality-coverage_step4000 40 7 3 0.004153397982008755
N1-quality-coverage_step4000 40 7 4 0.004134532995522022
N1-quality-coverage_step4000 40 7 5 0.0040088529931381345
N1-quality-coverage_step4000 40 7 6 0.004406212014146149
N1-quality-coverage_step4000 40 7 7 0.005551691981963813
N1-quality-coverage_step4000 40 7 8 0.004694092087447643
N1-quality-coverage_step4000 40 7 9 0.004077062010765076
N1-quality-coverage_step4000 40 8 0 0.004005366005003452
N1-quality-coverage_step4000 40 8 1 0.003982402035035193
N1-quality-coverage_step4000 40 8 2 0.003994795959442854
N1-quality-coverage_step4000 40 8 3 0.004035854013636708
N1-quality-coverage_step4000 40 8 4 0.004093594034202397
N1-quality-coverage_step4000 40 8 5 0.003983855014666915
N1-quality-coverage_step4000 40 8 6 0.003921685973182321
N1-quality-coverage_step4000 40 8 7 0.00404678494669497
N1-quality-coverage_step4000 40 8 8 0.004515480017289519
N1-quality-coverage_step4000 40 8 9 0.005434295977465808
N1-quality-coverage_step4000 40 9 0 0.004878054023720324
N1-quality-coverage_step4000 40 9 1 0.004002249916084111
N1-quality-coverage_step4000 40 9 2 0.003970950026996434
N1-quality-coverage_step4000 40 9 3 0.004003221984021366
N1-quality-coverage_step4000 40 9 4 0.003978252992965281
N1-quality-coverage_step4000 40 9 5 0.00396133097819984
N1-quality-coverage_step4000 40 9 6 0.003990737954154611
N1-quality-coverage_step4000 40 9 7 0.0039698079926893115
N1-quality-coverage_step4000 40 9 8 0.00397675100248307
N1-quality-coverage_step4000 40 9 9 0.004000957938842475
N1-quality-coverage_step4000 47 0 0 0.07004525302909315
N1-quality-coverage_step4000 47 0 1 0.06399654201231897
N1-quality-coverage_step4000 47 0 2 0.061552981031127274
N1-quality-coverage_step4000 47 0 3 0.06552781804930419
N1-quality-coverage_step4000 47 0 4 0.06259333901107311
N1-quality-coverage_step4000 47 0 5 0.06274791492614895
N1-quality-coverage_step4000 47 0 6 0.0647594400215894
N1-quality-coverage_step4000 47 0 7 0.06781705492176116
N1-quality-coverage_step4000 47 0 8 0.06534420698881149
N1-quality-coverage_step4000 47 0 9 0.061644205008633435
N1-quality-coverage_step4000 47 1 0 0.06011098495218903
N1-quality-coverage_step4000 47 1 1 0.06396017200313509
N1-quality-coverage_step4000 47 1 2 0.0636315339943394
N1-quality-coverage_step4000 47 1 3 0.06312768103089184
N1-quality-coverage_step4000 47 1 4 0.06450896093156189
N1-quality-coverage_step4000 47 1 5 0.06710013397969306
N1-quality-coverage_step4000 47 1 6 0.06586329895071685
N1-quality-coverage_step4000 47 1 7 0.06118782295379788
N1-quality-coverage_step4000 47 1 8 0.06182293698657304
N1-quality-coverage_step4000 47 1 9 0.0613009799271822
N1-quality-coverage_step4000 47 2 0 0.06441529293078929
N1-quality-coverage_step4000 47 2 1 0.06236060394439846
N1-quality-coverage_step4000 47 2 2 0.06471236003562808
N1-quality-coverage_step4000 47 2 3 0.06404375203419477
N1-quality-coverage_step4000 47 2 4 0.06391518597956747
N1-quality-coverage_step4000 47 2 5 0.06266945495735854
N1-quality-coverage_step4000 47 2 6 0.06229538994375616
N1-quality-coverage_step4000 47 2 7 0.06582976598292589
N1-quality-coverage_step4000 47 2 8 0.06652054598089308
N1-quality-coverage_step4000 47 2 9 0.0638136820634827
N1-quality-coverage_step4000 47 3 0 0.06727802497334778
N1-quality-coverage_step4000 47 3 1 0.06518808798864484
N1-quality-coverage_step4000 47 3 2 0.06105580099392682
N1-quality-coverage_step4000 47 3 3 0.06334174994844943
N1-quality-coverage_step4000 47 3 4 0.06376460799947381
N1-quality-coverage_step4000 47 3 5 0.06437666795682162
N1-quality-coverage_step4000 47 3 6 0.0648760519688949
N1-quality-coverage_step4000 47 3 7 0.06548131897579879
N1-quality-coverage_step4000 47 3 8 0.0664796989876777
N1-quality-coverage_step4000 47 3 9 0.06474009400699288
N1-quality-coverage_step4000 47 4 0 0.0640307170106098
N1-quality-coverage_step4000 47 4 1 0.06404321105219424
N1-quality-coverage_step4000 47 4 2 0.06354406697209924
N1-quality-coverage_step4000 47 4 3 0.06428129598498344
N1-quality-coverage_step4000 47 4 4 0.06278362299781293
N1-quality-coverage_step4000 47 4 5 0.06279169803019613
N1-quality-coverage_step4000 47 4 6 0.061327941017225385
N1-quality-coverage_step4000 47 4 7 0.06569503806531429
N1-quality-coverage_step4000 47 4 8 0.06321874598506838
N1-quality-coverage_step4000 47 4 9 0.06347351102158427
N1-quality-coverage_step4000 47 5 0 0.06106380606070161
N1-quality-coverage_step4000 47 5 1 0.06453029194381088
N1-quality-coverage_step4000 47 5 2 0.061729388078674674
N1-quality-coverage_step4000 47 5 3 0.0609710089629516
N1-quality-coverage_step4000 47 5 4 0.06623633299022913
N1-quality-coverage_step4000 47 5 5 0.06134051491972059
N1-quality-coverage_step4000 47 5 6 0.06340917898342013
N1-quality-coverage_step4000 47 5 7 0.0612286610994488
N1-quality-coverage_step4000 47 5 8 0.062137016910128295
N1-quality-coverage_step4000 47 5 9 0.06287527899257839
N1-quality-coverage_step4000 47 6 0 0.06355295307002962
N1-quality-coverage_step4000 47 6 1 0.06171186501160264
N1-quality-coverage_step4000 47 6 2 0.06398723390884697
N1-quality-coverage_step4000 47 6 3 0.06202927092090249
N1-quality-coverage_step4000 47 6 4 0.061625909991562366
N1-quality-coverage_step4000 47 6 5 0.06388709205202758
N1-quality-coverage_step4000 47 6 6 0.06743090599775314
N1-quality-coverage_step4000 47 6 7 0.0638790869852528
N1-quality-coverage_step4000 47 6 8 0.062241917941719294
N1-quality-coverage_step4000 47 6 9 0.06199125899001956
N1-quality-coverage_step4000 47 7 0 0.06481803196948022
N1-quality-coverage_step4000 47 7 1 0.06658738304395229
N1-quality-coverage_step4000 47 7 2 0.06466769496910274
N1-quality-coverage_step4000 47 7 3 0.06597509304992855
N1-quality-coverage_step4000 47 7 4 0.06295968999620527
N1-quality-coverage_step4000 47 7 5 0.061268207035027444
N1-quality-coverage_step4000 47 7 6 0.06537457602098584
N1-quality-coverage_step4000 47 7 7 0.06873851595446467
N1-quality-coverage_step4000 47 7 8 0.06349023408256471
N1-quality-coverage_step4000 47 7 9 0.060993041028268635
N1-quality-coverage_step4000 47 8 0 0.06152105005457997
N1-quality-coverage_step4000 47 8 1 0.062039760989136994
N1-quality-coverage_step4000 47 8 2 0.06124419090338051
N1-quality-coverage_step4000 47 8 3 0.06299711100291461
N1-quality-coverage_step4000 47 8 4 0.06117150199133903
N1-quality-coverage_step4000 47 8 5 0.0631708730943501
N1-quality-coverage_step4000 47 8 6 0.06335943401791155
N1-quality-coverage_step4000 47 8 7 0.06334337394218892
N1-quality-coverage_step4000 47 8 8 0.06583473505452275
N1-quality-coverage_step4000 47 8 9 0.06087610695976764
N1-quality-coverage_step4000 47 9 0 0.06091513205319643
N1-quality-coverage_step4000 47 9 1 0.06457899510860443
N1-quality-coverage_step4000 47 9 2 0.06508721702266484
N1-quality-coverage_step4000 47 9 3 0.06153052800800651
N1-quality-coverage_step4000 47 9 4 0.06082270492333919
N1-quality-coverage_step4000 47 9 5 0.06913762795738876
N1-quality-coverage_step4000 47 9 6 0.06460215896368027
N1-quality-coverage_step4000 47 9 7 0.0668420810252428
N1-quality-coverage_step4000 47 9 8 0.06375281605869532
N1-quality-coverage_step4000 47 9 9 0.06346090789884329
N1-quality-coverage_step4000 51 0 0 0.02458923903759569
N1-quality-coverage_step4000 51 0 1 0.0243267179466784
N1-quality-coverage_step4000 51 0 2 0.022391186910681427
N1-quality-coverage_step4000 51 0 3 0.022747159004211426
N1-quality-coverage_step4000 51 0 4 0.02378028305247426
N1-quality-coverage_step4000 51 0 5 0.023537108092568815
N1-quality-coverage_step4000 51 0 6 0.023377584060654044
N1-quality-coverage_step4000 51 0 7 0.028694106033071876
N1-quality-coverage_step4000 51 0 8 0.02315687097143382
N1-quality-coverage_step4000 51 0 9 0.024365241988562047
N1-quality-coverage_step4000 51 1 0 0.02276289905421436
N1-quality-coverage_step4000 51 1 1 0.022952551022171974
N1-quality-coverage_step4000 51 1 2 0.023734896909445524
N1-quality-coverage_step4000 51 1 3 0.024392763967625797
N1-quality-coverage_step4000 51 1 4 0.022696782019920647
N1-quality-coverage_step4000 51 1 5 0.024006766034290195
N1-quality-coverage_step4000 51 1 6 0.02249733090866357
N1-quality-coverage_step4000 51 1 7 0.022617510985583067
N1-quality-coverage_step4000 51 1 8 0.024647973012179136
N1-quality-coverage_step4000 51 1 9 0.023837171960622072
N1-quality-coverage_step4000 51 2 0 0.022477824008092284
N1-quality-coverage_step4000 51 2 1 0.022236163029447198
N1-quality-coverage_step4000 51 2 2 0.0224151739384979
N1-quality-coverage_step4000 51 2 3 0.022603243007324636
N1-quality-coverage_step4000 51 2 4 0.02314136305358261
N1-quality-coverage_step4000 51 2 5 0.022877607960253954
N1-quality-coverage_step4000 51 2 6 0.023214290966279805
N1-quality-coverage_step4000 51 2 7 0.023066058987751603
N1-quality-coverage_step4000 51 2 8 0.023835167987272143
N1-quality-coverage_step4000 51 2 9 0.022774880984798074
N1-quality-coverage_step4000 51 3 0 0.022438758984208107
N1-quality-coverage_step4000 51 3 1 0.023434050963260233
N1-quality-coverage_step4000 51 3 2 0.02377426205202937
N1-quality-coverage_step4000 51 3 3 0.02678787207696587
N1-quality-coverage_step4000 51 3 4 0.0239591650897637
N1-quality-coverage_step4000 51 3 5 0.024310617009177804
N1-quality-coverage_step4000 51 3 6 0.023715659976005554
N1-quality-coverage_step4000 51 3 7 0.02382600004784763
N1-quality-coverage_step4000 51 3 8 0.023043866036459804
N1-quality-coverage_step4000 51 3 9 0.023504436016082764
N1-quality-coverage_step4000 51 4 0 0.023986416985280812
N1-quality-coverage_step4000 51 4 1 0.023180626914836466
N1-quality-coverage_step4000 51 4 2 0.022897304967045784
N1-quality-coverage_step4000 51 4 3 0.02333571296185255
N1-quality-coverage_step4000 51 4 4 0.025287374039180577
N1-quality-coverage_step4000 51 4 5 0.02271929499693215
N1-quality-coverage_step4000 51 4 6 0.024696092936210334
N1-quality-coverage_step4000 51 4 7 0.023552587954327464
N1-quality-coverage_step4000 51 4 8 0.02314891596324742
N1-quality-coverage_step4000 51 4 9 0.024062472977675498
N1-quality-coverage_step4000 51 5 0 0.025951183051802218
N1-quality-coverage_step4000 51 5 1 0.023585489951074123
N1-quality-coverage_step4000 51 5 2 0.02509139897301793
N1-quality-coverage_step4000 51 5 3 0.02396721998229623
N1-quality-coverage_step4000 51 5 4 0.02244126400910318
N1-quality-coverage_step4000 51 5 5 0.02283188095316291
N1-quality-coverage_step4000 51 5 6 0.023733222973532975
N1-quality-coverage_step4000 51 5 7 0.025000113993883133
N1-quality-coverage_step4000 51 5 8 0.024519507074728608
N1-quality-coverage_step4000 51 5 9 0.024092509993351996
N1-quality-coverage_step4000 51 6 0 0.02488151693250984
N1-quality-coverage_step4000 51 6 1 0.024114171043038368
N1-quality-coverage_step4000 51 6 2 0.02278961008414626
N1-quality-coverage_step4000 51 6 3 0.024063072982244194
N1-quality-coverage_step4000 51 6 4 0.025674654985778034
N1-quality-coverage_step4000 51 6 5 0.023017565021291375
N1-quality-coverage_step4000 51 6 6 0.02260195999406278
N1-quality-coverage_step4000 51 6 7 0.02259281394071877
N1-quality-coverage_step4000 51 6 8 0.02508762094657868
N1-quality-coverage_step4000 51 6 9 0.02404302603099495
N1-quality-coverage_step4000 51 7 0 0.02354056399781257
N1-quality-coverage_step4000 51 7 1 0.023194834007881582
N1-quality-coverage_step4000 51 7 2 0.023840948939323425
N1-quality-coverage_step4000 51 7 3 0.02272145904134959
N1-quality-coverage_step4000 51 7 4 0.022471511038020253
N1-quality-coverage_step4000 51 7 5 0.02246003004256636
N1-quality-coverage_step4000 51 7 6 0.023962963023222983
N1-quality-coverage_step4000 51 7 7 0.023480831063352525
N1-quality-coverage_step4000 51 7 8 0.022695288993418217
N1-quality-coverage_step4000 51 7 9 0.023272342048585415
N1-quality-coverage_step4000 51 8 0 0.024304475053213537
N1-quality-coverage_step4000 51 8 1 0.02232293807901442
N1-quality-coverage_step4000 51 8 2 0.02280315605457872
N1-quality-coverage_step4000 51 8 3 0.024032484972849488
N1-quality-coverage_step4000 51 8 4 0.02474356407765299
N1-quality-coverage_step4000 51 8 5 0.026495642960071564
N1-quality-coverage_step4000 51 8 6 0.026023769984021783
N1-quality-coverage_step4000 51 8 7 0.02701114898081869
N1-quality-coverage_step4000 51 8 8 0.025573070044629276
N1-quality-coverage_step4000 51 8 9 0.024932184955105186
N1-quality-coverage_step4000 51 9 0 0.024427980999462306
N1-quality-coverage_step4000 51 9 1 0.022727039991877973
N1-quality-coverage_step4000 51 9 2 0.023917294922284782
N1-quality-coverage_step4000 51 9 3 0.023469779989682138
N1-quality-coverage_step4000 51 9 4 0.02363559603691101
N1-quality-coverage_step4000 51 9 5 0.02457822801079601
N1-quality-coverage_step4000 51 9 6 0.02306591800879687
N1-quality-coverage_step4000 51 9 7 0.022902925964444876
N1-quality-coverage_step4000 51 9 8 0.023693125927820802
N1-quality-coverage_step4000 51 9 9 0.022954885964281857
N1-quality-coverage_step4000 52 0 0 0.8545093309367076
N1-quality-coverage_step4000 52 0 1 0.8503265950130299
N1-quality-coverage_step4000 52 0 2 0.8094908019993454
N1-quality-coverage_step4000 52 0 3 0.8286660830490291
N1-quality-coverage_step4000 52 0 4 0.8358187349513173
N1-quality-coverage_step4000 52 0 5 0.8247432550415397
N1-quality-coverage_step4000 52 0 6 0.8142187179764733
N1-quality-coverage_step4000 52 0 7 0.8272295770002529
N1-quality-coverage_step4000 52 0 8 0.8224491300061345
N1-quality-coverage_step4000 52 0 9 0.8309802459552884
N1-quality-coverage_step4000 52 1 0 0.8224741469603032
N1-quality-coverage_step4000 52 1 1 0.8133393561001867
N1-quality-coverage_step4000 52 1 2 0.8176804539980367
N1-quality-coverage_step4000 52 1 3 0.8342113801045343
N1-quality-coverage_step4000 52 1 4 0.8291097600013018
N1-quality-coverage_step4000 52 1 5 0.8275672410381958
N1-quality-coverage_step4000 52 1 6 0.854338779929094
N1-quality-coverage_step4000 52 1 7 0.8370582710485905
N1-quality-coverage_step4000 52 1 8 0.8463961189845577
N1-quality-coverage_step4000 52 1 9 0.8782405550591648
N1-quality-coverage_step4000 52 2 0 0.8566425429889932
N1-quality-coverage_step4000 52 2 1 0.830882256035693
N1-quality-coverage_step4000 52 2 2 0.8812595140188932
N1-quality-coverage_step4000 52 2 3 0.8561072679003701
N1-quality-coverage_step4000 52 2 4 0.8618998209713027
N1-quality-coverage_step4000 52 2 5 0.8454890639986843
N1-quality-coverage_step4000 52 2 6 0.8389103690860793
N1-quality-coverage_step4000 52 2 7 0.8510120200226083
N1-quality-coverage_step4000 52 2 8 0.8467988360207528
N1-quality-coverage_step4000 52 2 9 0.8402411110000685
N1-quality-coverage_step4000 52 3 0 0.8489790129242465
N1-quality-coverage_step4000 52 3 1 0.8401288670720533
N1-quality-coverage_step4000 52 3 2 0.8481305610621348
N1-quality-coverage_step4000 52 3 3 0.8214858929859474
N1-quality-coverage_step4000 52 3 4 0.8390943090198562
N1-quality-coverage_step4000 52 3 5 0.8472375919809565
N1-quality-coverage_step4000 52 3 6 0.8418526300229132
N1-quality-coverage_step4000 52 3 7 0.8473243979969993
N1-quality-coverage_step4000 52 3 8 0.8411619199905545
N1-quality-coverage_step4000 52 3 9 0.8461792391026393
N1-quality-coverage_step4000 52 4 0 0.8631820779992267
N1-quality-coverage_step4000 52 4 1 0.8376820390112698
N1-quality-coverage_step4000 52 4 2 0.8313104790868238
N1-quality-coverage_step4000 52 4 3 0.8415893360506743
N1-quality-coverage_step4000 52 4 4 0.832969208015129
N1-quality-coverage_step4000 52 4 5 0.8775833830004558
N1-quality-coverage_step4000 52 4 6 0.850571173010394
N1-quality-coverage_step4000 52 4 7 0.8606504478957504
N1-quality-coverage_step4000 52 4 8 0.8519366619875655
N1-quality-coverage_step4000 52 4 9 0.8485071770846844
N1-quality-coverage_step4000 52 5 0 0.8591214340412989
N1-quality-coverage_step4000 52 5 1 0.8557044529588893
N1-quality-coverage_step4000 52 5 2 0.8491134049836546
N1-quality-coverage_step4000 52 5 3 0.8534898300422356
N1-quality-coverage_step4000 52 5 4 0.8246020639780909
N1-quality-coverage_step4000 52 5 5 0.8532276980113238
N1-quality-coverage_step4000 52 5 6 0.8449737021001056
N1-quality-coverage_step4000 52 5 7 0.8508346430025995
N1-quality-coverage_step4000 52 5 8 0.8552127410657704
N1-quality-coverage_step4000 52 5 9 0.862951553077437
N1-quality-coverage_step4000 52 6 0 0.8391620229231194
N1-quality-coverage_step4000 52 6 1 0.8242653990164399
N1-quality-coverage_step4000 52 6 2 0.8151472910540178
N1-quality-coverage_step4000 52 6 3 0.8392329480266199
N1-quality-coverage_step4000 52 6 4 0.8200480480445549
N1-quality-coverage_step4000 52 6 5 0.8570708519546315
N1-quality-coverage_step4000 52 6 6 0.8720209669554606
N1-quality-coverage_step4000 52 6 7 0.8506032190052792
N1-quality-coverage_step4000 52 6 8 0.8524694560328498
N1-quality-coverage_step4000 52 6 9 0.8591986279934645
N1-quality-coverage_step4000 52 7 0 0.846136000007391
N1-quality-coverage_step4000 52 7 1 0.8429663409478962
N1-quality-coverage_step4000 52 7 2 0.860384474042803
N1-quality-coverage_step4000 52 7 3 0.8533949239645153
N1-quality-coverage_step4000 52 7 4 0.8492041040444747
N1-quality-coverage_step4000 52 7 5 0.8434399160323665
N1-quality-coverage_step4000 52 7 6 0.8554426659829915
N1-quality-coverage_step4000 52 7 7 0.8736328189261258
N1-quality-coverage_step4000 52 7 8 0.8652553990250453
N1-quality-coverage_step4000 52 7 9 0.8619777919957414
N1-quality-coverage_step4000 52 8 0 0.8529949340736493
N1-quality-coverage_step4000 52 8 1 0.8711813619593158
N1-quality-coverage_step4000 52 8 2 0.8852137309731916
N1-quality-coverage_step4000 52 8 3 0.884229451068677
N1-quality-coverage_step4000 52 8 4 0.8642862420529127
N1-quality-coverage_step4000 52 8 5 0.8733157799579203
N1-quality-coverage_step4000 52 8 6 0.8618735249619931
N1-quality-coverage_step4000 52 8 7 0.8535871040076017
N1-quality-coverage_step4000 52 8 8 0.8658164810622111
N1-quality-coverage_step4000 52 8 9 0.8403923510340974
N1-quality-coverage_step4000 52 9 0 0.8493192519526929
N1-quality-coverage_step4000 52 9 1 0.8672830299474299
N1-quality-coverage_step4000 52 9 2 0.8726100400090218
N1-quality-coverage_step4000 52 9 3 0.8682092970702797
N1-quality-coverage_step4000 52 9 4 0.8788798680761829
N1-quality-coverage_step4000 52 9 5 0.8781968139810488
N1-quality-coverage_step4000 52 9 6 0.8884993210667744
N1-quality-coverage_step4000 52 9 7 0.8599529470084235
N1-quality-coverage_step4000 52 9 8 0.8778082409407943
N1-quality-coverage_step4000 52 9 9 0.8610406200168654
N1-quality-coverage_step4000 56 0 0 0.019355955999344587
N1-quality-coverage_step4000 56 0 1 0.01769337395671755
N1-quality-coverage_step4000 56 0 2 0.01792305801063776
N1-quality-coverage_step4000 56 0 3 0.018730266951024532
N1-quality-coverage_step4000 56 0 4 0.01866155001334846
N1-quality-coverage_step4000 56 0 5 0.016986355069093406
N1-quality-coverage_step4000 56 0 6 0.016952978912740946
N1-quality-coverage_step4000 56 0 7 0.017133946996182203
N1-quality-coverage_step4000 56 0 8 0.017683153972029686
N1-quality-coverage_step4000 56 0 9 0.017499780980870128
N1-quality-coverage_step4000 56 1 0 0.0172802759334445
N1-quality-coverage_step4000 56 1 1 0.017206127056851983
N1-quality-coverage_step4000 56 1 2 0.01722320099361241
N1-quality-coverage_step4000 56 1 3 0.018827207037247717
N1-quality-coverage_step4000 56 1 4 0.017545399023219943
N1-quality-coverage_step4000 56 1 5 0.01861880300566554
N1-quality-coverage_step4000 56 1 6 0.01903284399304539
N1-quality-coverage_step4000 56 1 7 0.01768215000629425
N1-quality-coverage_step4000 56 1 8 0.017195567023009062
N1-quality-coverage_step4000 56 1 9 0.017521490924991667
N1-quality-coverage_step4000 56 2 0 0.01911941496655345
N1-quality-coverage_step4000 56 2 1 0.01799709303304553
N1-quality-coverage_step4000 56 2 2 0.017773851985111833
N1-quality-coverage_step4000 56 2 3 0.017398438067175448
N1-quality-coverage_step4000 56 2 4 0.017226608004420996
N1-quality-coverage_step4000 56 2 5 0.01756053906865418
N1-quality-coverage_step4000 56 2 6 0.017354420968331397
N1-quality-coverage_step4000 56 2 7 0.01718199998140335
N1-quality-coverage_step4000 56 2 8 0.017775133019313216
N1-quality-coverage_step4000 56 2 9 0.017215485917404294
N1-quality-coverage_step4000 56 3 0 0.017535960068926215
N1-quality-coverage_step4000 56 3 1 0.017209464102052152
N1-quality-coverage_step4000 56 3 2 0.017180908005684614
N1-quality-coverage_step4000 56 3 3 0.017698982963338494
N1-quality-coverage_step4000 56 3 4 0.01795047998894006
N1-quality-coverage_step4000 56 3 5 0.01710945600643754
N1-quality-coverage_step4000 56 3 6 0.017940290039405227
N1-quality-coverage_step4000 56 3 7 0.01819990505464375
N1-quality-coverage_step4000 56 3 8 0.01743194495793432
N1-quality-coverage_step4000 56 3 9 0.017303880071267486
N1-quality-coverage_step4000 56 4 0 0.019317495985887945
N1-quality-coverage_step4000 56 4 1 0.017397907096892595
N1-quality-coverage_step4000 56 4 2 0.017236656975001097
N1-quality-coverage_step4000 56 4 3 0.01809215999674052
N1-quality-coverage_step4000 56 4 4 0.019206385943107307
N1-quality-coverage_step4000 56 4 5 0.017184405005536973
N1-quality-coverage_step4000 56 4 6 0.01789273601025343
N1-quality-coverage_step4000 56 4 7 0.017923035891726613
N1-quality-coverage_step4000 56 4 8 0.017757609020918608
N1-quality-coverage_step4000 56 4 9 0.018210877082310617
N1-quality-coverage_step4000 56 5 0 0.01723146706353873
N1-quality-coverage_step4000 56 5 1 0.016967964940704405
N1-quality-coverage_step4000 56 5 2 0.017055129050277174
N1-quality-coverage_step4000 56 5 3 0.01747040101327002
N1-quality-coverage_step4000 56 5 4 0.017919960082508624
N1-quality-coverage_step4000 56 5 5 0.016970440978184342
N1-quality-coverage_step4000 56 5 6 0.017470008926466107
N1-quality-coverage_step4000 56 5 7 0.01787890901323408
N1-quality-coverage_step4000 56 5 8 0.0170054699992761
N1-quality-coverage_step4000 56 5 9 0.017282768967561424
N1-quality-coverage_step4000 56 6 0 0.01814016595017165
N1-quality-coverage_step4000 56 6 1 0.017691629007458687
N1-quality-coverage_step4000 56 6 2 0.01735977199859917
N1-quality-coverage_step4000 56 6 3 0.017180938040837646
N1-quality-coverage_step4000 56 6 4 0.016994078061543405
N1-quality-coverage_step4000 56 6 5 0.017645045998506248
N1-quality-coverage_step4000 56 6 6 0.017188710975460708
N1-quality-coverage_step4000 56 6 7 0.017047942033968866
N1-quality-coverage_step4000 56 6 8 0.017207148019224405
N1-quality-coverage_step4000 56 6 9 0.01707159902434796
N1-quality-coverage_step4000 56 7 0 0.018363566021434963
N1-quality-coverage_step4000 56 7 1 0.017399318050593138
N1-quality-coverage_step4000 56 7 2 0.01706788199953735
N1-quality-coverage_step4000 56 7 3 0.017169272992759943
N1-quality-coverage_step4000 56 7 4 0.01734191400464624
N1-quality-coverage_step4000 56 7 5 0.0182004040107131
N1-quality-coverage_step4000 56 7 6 0.01751122996211052
N1-quality-coverage_step4000 56 7 7 0.018784619052894413
N1-quality-coverage_step4000 56 7 8 0.01752208999823779
N1-quality-coverage_step4000 56 7 9 0.01704770210199058
N1-quality-coverage_step4000 56 8 0 0.017037431010976434
N1-quality-coverage_step4000 56 8 1 0.017134153051301837
N1-quality-coverage_step4000 56 8 2 0.01738293597009033
N1-quality-coverage_step4000 56 8 3 0.017586067086085677
N1-quality-coverage_step4000 56 8 4 0.017049434944055974
N1-quality-coverage_step4000 56 8 5 0.01706899399869144
N1-quality-coverage_step4000 56 8 6 0.01701429602690041
N1-quality-coverage_step4000 56 8 7 0.018977151019498706
N1-quality-coverage_step4000 56 8 8 0.017519416054710746
N1-quality-coverage_step4000 56 8 9 0.017212308011949062
N1-quality-coverage_step4000 56 9 0 0.01720715791452676
N1-quality-coverage_step4000 56 9 1 0.01724404003471136
N1-quality-coverage_step4000 56 9 2 0.017932142014615238
N1-quality-coverage_step4000 56 9 3 0.01777449098881334
N1-quality-coverage_step4000 56 9 4 0.01740656199399382
N1-quality-coverage_step4000 56 9 5 0.01789892604574561
N1-quality-coverage_step4000 56 9 6 0.017525837989524007
N1-quality-coverage_step4000 56 9 7 0.017311393981799483
N1-quality-coverage_step4000 56 9 8 0.017228259006515145
N1-quality-coverage_step4000 56 9 9 0.01720971195027232
N1-quality-coverage_step4000 62 0 0 0.29855569801293314
N1-quality-coverage_step4000 62 0 1 0.29794221208430827
N1-quality-coverage_step4000 62 0 2 0.30346965906210244
N1-quality-coverage_step4000 62 0 3 0.29118596902117133
N1-quality-coverage_step4000 62 0 4 0.2870878279209137
N1-quality-coverage_step4000 62 0 5 0.29051228088792413
N1-quality-coverage_step4000 62 0 6 0.29431370401289314
N1-quality-coverage_step4000 62 0 7 0.2946251209359616
N1-quality-coverage_step4000 62 0 8 0.29966077499557287
N1-quality-coverage_step4000 62 0 9 0.2927619490073994
N1-quality-coverage_step4000 62 1 0 0.29528860794380307
N1-quality-coverage_step4000 62 1 1 0.2951004490023479
N1-quality-coverage_step4000 62 1 2 0.3075151880038902
N1-quality-coverage_step4000 62 1 3 0.29856641101650894
N1-quality-coverage_step4000 62 1 4 0.29306739300955087
N1-quality-coverage_step4000 62 1 5 0.2909827399998903
N1-quality-coverage_step4000 62 1 6 0.29785267205443233
N1-quality-coverage_step4000 62 1 7 0.2856050089467317
N1-quality-coverage_step4000 62 1 8 0.2891950869234279
N1-quality-coverage_step4000 62 1 9 0.29327749693766236
N1-quality-coverage_step4000 62 2 0 0.3002272869925946
N1-quality-coverage_step4000 62 2 1 0.286448041908443
N1-quality-coverage_step4000 62 2 2 0.2903292399132624
N1-quality-coverage_step4000 62 2 3 0.2973350689280778
N1-quality-coverage_step4000 62 2 4 0.2869046339765191
N1-quality-coverage_step4000 62 2 5 0.2892195340245962
N1-quality-coverage_step4000 62 2 6 0.29543189995456487
N1-quality-coverage_step4000 62 2 7 0.30515882303006947
N1-quality-coverage_step4000 62 2 8 0.29715503088664263
N1-quality-coverage_step4000 62 2 9 0.2906174421077594
N1-quality-coverage_step4000 62 3 0 0.28861022205092013
N1-quality-coverage_step4000 62 3 1 0.2898929660441354
N1-quality-coverage_step4000 62 3 2 0.2997140010120347
N1-quality-coverage_step4000 62 3 3 0.29677123203873634
N1-quality-coverage_step4000 62 3 4 0.30771010904572904
N1-quality-coverage_step4000 62 3 5 0.2977959020063281
N1-quality-coverage_step4000 62 3 6 0.29977097106166184
N1-quality-coverage_step4000 62 3 7 0.28645028197206557
N1-quality-coverage_step4000 62 3 8 0.28736519906669855
N1-quality-coverage_step4000 62 3 9 0.2865286339074373
N1-quality-coverage_step4000 62 4 0 0.29099383496213704
N1-quality-coverage_step4000 62 4 1 0.29198907408863306
N1-quality-coverage_step4000 62 4 2 0.2957930560223758
N1-quality-coverage_step4000 62 4 3 0.29281266999896616
N1-quality-coverage_step4000 62 4 4 0.2929393600206822
N1-quality-coverage_step4000 62 4 5 0.2948647909797728
N1-quality-coverage_step4000 62 4 6 0.2984670880250633
N1-quality-coverage_step4000 62 4 7 0.29873506899457425
N1-quality-coverage_step4000 62 4 8 0.29633129795547575
N1-quality-coverage_step4000 62 4 9 0.292356631020084
N1-quality-coverage_step4000 62 5 0 0.2975566239329055
N1-quality-coverage_step4000 62 5 1 0.2940563620068133
N1-quality-coverage_step4000 62 5 2 0.2984561959747225
N1-quality-coverage_step4000 62 5 3 0.29940255894325674
N1-quality-coverage_step4000 62 5 4 0.2958908869186416
N1-quality-coverage_step4000 62 5 5 0.29499468905851245
N1-quality-coverage_step4000 62 5 6 0.29772432800382376
N1-quality-coverage_step4000 62 5 7 0.2934204170014709
N1-quality-coverage_step4000 62 5 8 0.2847389109665528
N1-quality-coverage_step4000 62 5 9 0.28820729593280703
N1-quality-coverage_step4000 62 6 0 0.298025959986262
N1-quality-coverage_step4000 62 6 1 0.2996534879785031
N1-quality-coverage_step4000 62 6 2 0.303734946064651
N1-quality-coverage_step4000 62 6 3 0.3003458930179477
N1-quality-coverage_step4000 62 6 4 0.29627874097786844
N1-quality-coverage_step4000 62 6 5 0.2902957540936768
N1-quality-coverage_step4000 62 6 6 0.2898503589676693
N1-quality-coverage_step4000 62 6 7 0.29663906106725335
N1-quality-coverage_step4000 62 6 8 0.2989687559893355
N1-quality-coverage_step4000 62 6 9 0.30037550698034465
N1-quality-coverage_step4000 62 7 0 0.29558540298603475
N1-quality-coverage_step4000 62 7 1 0.3000447800150141
N1-quality-coverage_step4000 62 7 2 0.29322240501642227
N1-quality-coverage_step4000 62 7 3 0.29041029105428606
N1-quality-coverage_step4000 62 7 4 0.2994435270084068
N1-quality-coverage_step4000 62 7 5 0.29359399899840355
N1-quality-coverage_step4000 62 7 6 0.2952558259712532
N1-quality-coverage_step4000 62 7 7 0.3004209860228002
N1-quality-coverage_step4000 62 7 8 0.29897609900217503
N1-quality-coverage_step4000 62 7 9 0.2963719959370792
N1-quality-coverage_step4000 62 8 0 0.3003556419862434
N1-quality-coverage_step4000 62 8 1 0.2966650479938835
N1-quality-coverage_step4000 62 8 2 0.2877557850442827
N1-quality-coverage_step4000 62 8 3 0.2973275639815256
N1-quality-coverage_step4000 62 8 4 0.2965771110029891
N1-quality-coverage_step4000 62 8 5 0.2930613709613681
N1-quality-coverage_step4000 62 8 6 0.2971721739741042
N1-quality-coverage_step4000 62 8 7 0.2958610630594194
N1-quality-coverage_step4000 62 8 8 0.2930055999895558
N1-quality-coverage_step4000 62 8 9 0.29411882697604597
N1-quality-coverage_step4000 62 9 0 0.3021178739145398
N1-quality-coverage_step4000 62 9 1 0.29072855692356825
N1-quality-coverage_step4000 62 9 2 0.29772506409790367
N1-quality-coverage_step4000 62 9 3 0.2991798650473356
N1-quality-coverage_step4000 62 9 4 0.29664624808356166
N1-quality-coverage_step4000 62 9 5 0.2945860660402104
N1-quality-coverage_step4000 62 9 6 0.2983577080303803
N1-quality-coverage_step4000 62 9 7 0.29461798700504005
N1-quality-coverage_step4000 62 9 8 0.29342644300777465
N1-quality-coverage_step4000 62 9 9 0.2988858020398766
N1-quality-coverage_step4000 64 0 0 0.18029193708207458
N1-quality-coverage_step4000 64 0 1 0.18036030093207955
N1-quality-coverage_step4000 64 0 2 0.17728284001350403
N1-quality-coverage_step4000 64 0 3 0.17536320793442428
N1-quality-coverage_step4000 64 0 4 0.18021319201216102
N1-quality-coverage_step4000 64 0 5 0.17105561797507107
N1-quality-coverage_step4000 64 0 6 0.1907886539120227
N1-quality-coverage_step4000 64 0 7 0.17692414193879813
N1-quality-coverage_step4000 64 0 8 0.17447383096441627
N1-quality-coverage_step4000 64 0 9 0.18024154601152986
N1-quality-coverage_step4000 64 1 0 0.17672386101912707
N1-quality-coverage_step4000 64 1 1 0.17720407398883253
N1-quality-coverage_step4000 64 1 2 0.1719589129788801
N1-quality-coverage_step4000 64 1 3 0.1725248210132122
N1-quality-coverage_step4000 64 1 4 0.17602299200370908
N1-quality-coverage_step4000 64 1 5 0.1751779110636562
N1-quality-coverage_step4000 64 1 6 0.17399231099989265
N1-quality-coverage_step4000 64 1 7 0.18153868906665593
N1-quality-coverage_step4000 64 1 8 0.17782590398564935
N1-quality-coverage_step4000 64 1 9 0.1771752790082246
N1-quality-coverage_step4000 64 2 0 0.171765472041443
N1-quality-coverage_step4000 64 2 1 0.17517891700845212
N1-quality-coverage_step4000 64 2 2 0.17342690494842827
N1-quality-coverage_step4000 64 2 3 0.1766157739330083
N1-quality-coverage_step4000 64 2 4 0.17530357302166522
N1-quality-coverage_step4000 64 2 5 0.1780621410580352
N1-quality-coverage_step4000 64 2 6 0.1695524009410292
N1-quality-coverage_step4000 64 2 7 0.17448524199426174
N1-quality-coverage_step4000 64 2 8 0.18865919404197484
N1-quality-coverage_step4000 64 2 9 0.18306605599354953
N1-quality-coverage_step4000 64 3 0 0.18124968803022057
N1-quality-coverage_step4000 64 3 1 0.17207522597163916
N1-quality-coverage_step4000 64 3 2 0.17188724293373525
N1-quality-coverage_step4000 64 3 3 0.17116833594627678
N1-quality-coverage_step4000 64 3 4 0.17324976692907512
N1-quality-coverage_step4000 64 3 5 0.17296635708771646
N1-quality-coverage_step4000 64 3 6 0.17475753498729318
N1-quality-coverage_step4000 64 3 7 0.17132039705757052
N1-quality-coverage_step4000 64 3 8 0.17747048602905124
N1-quality-coverage_step4000 64 3 9 0.17798989999573678
N1-quality-coverage_step4000 64 4 0 0.1731587089598179
N1-quality-coverage_step4000 64 4 1 0.17648812395054847
N1-quality-coverage_step4000 64 4 2 0.17725345608778298
N1-quality-coverage_step4000 64 4 3 0.17676279705483466
N1-quality-coverage_step4000 64 4 4 0.17411918099969625
N1-quality-coverage_step4000 64 4 5 0.17443248501513153
N1-quality-coverage_step4000 64 4 6 0.17697898391634226
N1-quality-coverage_step4000 64 4 7 0.17613838298711926
N1-quality-coverage_step4000 64 4 8 0.17589570488780737
N1-quality-coverage_step4000 64 4 9 0.177677053026855
N1-quality-coverage_step4000 64 5 0 0.17556405102368444
N1-quality-coverage_step4000 64 5 1 0.18491118890233338
N1-quality-coverage_step4000 64 5 2 0.1815222370205447
N1-quality-coverage_step4000 64 5 3 0.1733274629805237
N1-quality-coverage_step4000 64 5 4 0.17970648093614727
N1-quality-coverage_step4000 64 5 5 0.17303133092354983
N1-quality-coverage_step4000 64 5 6 0.18084967997856438
N1-quality-coverage_step4000 64 5 7 0.18302837095689029
N1-quality-coverage_step4000 64 5 8 0.17673667706549168
N1-quality-coverage_step4000 64 5 9 0.1713420239975676
N1-quality-coverage_step4000 64 6 0 0.1740248320857063
N1-quality-coverage_step4000 64 6 1 0.17194930894766003
N1-quality-coverage_step4000 64 6 2 0.18242777592968196
N1-quality-coverage_step4000 64 6 3 0.1745269849197939
N1-quality-coverage_step4000 64 6 4 0.1724657550221309
N1-quality-coverage_step4000 64 6 5 0.17712780903093517
N1-quality-coverage_step4000 64 6 6 0.1708264860790223
N1-quality-coverage_step4000 64 6 7 0.1783285109559074
N1-quality-coverage_step4000 64 6 8 0.17814540001563728
N1-quality-coverage_step4000 64 6 9 0.1773883249843493
N1-quality-coverage_step4000 64 7 0 0.17854472796898335
N1-quality-coverage_step4000 64 7 1 0.17291832994669676
N1-quality-coverage_step4000 64 7 2 0.17410746891982853
N1-quality-coverage_step4000 64 7 3 0.17054224002640694
N1-quality-coverage_step4000 64 7 4 0.1823350329650566
N1-quality-coverage_step4000 64 7 5 0.17698574194218963
N1-quality-coverage_step4000 64 7 6 0.17636393301654607
N1-quality-coverage_step4000 64 7 7 0.1711003000382334
N1-quality-coverage_step4000 64 7 8 0.17010725697036833
N1-quality-coverage_step4000 64 7 9 0.17453740793280303
N1-quality-coverage_step4000 64 8 0 0.1686500650830567
N1-quality-coverage_step4000 64 8 1 0.17027067497838289
N1-quality-coverage_step4000 64 8 2 0.179326131939888
N1-quality-coverage_step4000 64 8 3 0.1720593459904194
N1-quality-coverage_step4000 64 8 4 0.17436307505704463
N1-quality-coverage_step4000 64 8 5 0.17658845894038677
N1-quality-coverage_step4000 64 8 6 0.1740516599966213
N1-quality-coverage_step4000 64 8 7 0.1749069889774546
N1-quality-coverage_step4000 64 8 8 0.1770418940577656
N1-quality-coverage_step4000 64 8 9 0.1715793659677729
N1-quality-coverage_step4000 64 9 0 0.1720199000556022
N1-quality-coverage_step4000 64 9 1 0.17934121401049197
N1-quality-coverage_step4000 64 9 2 0.17625125392805785
N1-quality-coverage_step4000 64 9 3 0.1741463280050084
N1-quality-coverage_step4000 64 9 4 0.17057193291839212
N1-quality-coverage_step4000 64 9 5 0.17264952405821532
N1-quality-coverage_step4000 64 9 6 0.1753046369412914
N1-quality-coverage_step4000 64 9 7 0.17331719293724746
N1-quality-coverage_step4000 64 9 8 0.17875035805627704
N1-quality-coverage_step4000 64 9 9 0.17423027602490038
N1-quality-coverage_step4000 69 0 0 0.5329982270486653
N1-quality-coverage_step4000 69 0 1 0.5465371799655259
N1-quality-coverage_step4000 69 0 2 0.527495070011355
N1-quality-coverage_step4000 69 0 3 0.5352900819852948
N1-quality-coverage_step4000 69 0 4 0.531786515028216
N1-quality-coverage_step4000 69 0 5 0.5332950459560379
N1-quality-coverage_step4000 69 0 6 0.5458243490429595
N1-quality-coverage_step4000 69 0 7 0.5411326090106741
N1-quality-coverage_step4000 69 0 8 0.5393947019474581
N1-quality-coverage_step4000 69 0 9 0.5317268209764734
N1-quality-coverage_step4000 69 1 0 0.5317233270034194
N1-quality-coverage_step4000 69 1 1 0.518539677024819
N1-quality-coverage_step4000 69 1 2 0.5254722649697214
N1-quality-coverage_step4000 69 1 3 0.523742433055304
N1-quality-coverage_step4000 69 1 4 0.53942308598198
N1-quality-coverage_step4000 69 1 5 0.528429718920961
N1-quality-coverage_step4000 69 1 6 0.5239708910230547
N1-quality-coverage_step4000 69 1 7 0.5300192530266941
N1-quality-coverage_step4000 69 1 8 0.53746531996876
N1-quality-coverage_step4000 69 1 9 0.526791020995006
N1-quality-coverage_step4000 69 2 0 0.5319558340124786
N1-quality-coverage_step4000 69 2 1 0.5317409449489787
N1-quality-coverage_step4000 69 2 2 0.5347884480142966
N1-quality-coverage_step4000 69 2 3 0.5365579210920259
N1-quality-coverage_step4000 69 2 4 0.5323789330432191
N1-quality-coverage_step4000 69 2 5 0.5424288250505924
N1-quality-coverage_step4000 69 2 6 0.5474096370162442
N1-quality-coverage_step4000 69 2 7 0.5421708390349522
N1-quality-coverage_step4000 69 2 8 0.5229573120595887
N1-quality-coverage_step4000 69 2 9 0.5301915969466791
N1-quality-coverage_step4000 69 3 0 0.5310676380759105
N1-quality-coverage_step4000 69 3 1 0.5282911030808464
N1-quality-coverage_step4000 69 3 2 0.5353639790555462
N1-quality-coverage_step4000 69 3 3 0.5457285060547292
N1-quality-coverage_step4000 69 3 4 0.5370868419995531
N1-quality-coverage_step4000 69 3 5 0.5510916910134256
N1-quality-coverage_step4000 69 3 6 0.5356690370244905
N1-quality-coverage_step4000 69 3 7 0.5376813008915633
N1-quality-coverage_step4000 69 3 8 0.5348055399954319
N1-quality-coverage_step4000 69 3 9 0.5310279410332441
N1-quality-coverage_step4000 69 4 0 0.5340508859371766
N1-quality-coverage_step4000 69 4 1 0.5225915760966018
N1-quality-coverage_step4000 69 4 2 0.5311257949797437
N1-quality-coverage_step4000 69 4 3 0.5428812979953364
N1-quality-coverage_step4000 69 4 4 0.5214254159945995
N1-quality-coverage_step4000 69 4 5 0.54645992803853
N1-quality-coverage_step4000 69 4 6 0.5292920320061967
N1-quality-coverage_step4000 69 4 7 0.5415633239317685
N1-quality-coverage_step4000 69 4 8 0.5345311550190672
N1-quality-coverage_step4000 69 4 9 0.5272965400945395
N1-quality-coverage_step4000 69 5 0 0.5279945388901979
N1-quality-coverage_step4000 69 5 1 0.532472216989845
N1-quality-coverage_step4000 69 5 2 0.5233435230329633
N1-quality-coverage_step4000 69 5 3 0.5369812700664625
N1-quality-coverage_step4000 69 5 4 0.5309912149095908
N1-quality-coverage_step4000 69 5 5 0.5380848909262568
N1-quality-coverage_step4000 69 5 6 0.5290156819391996
N1-quality-coverage_step4000 69 5 7 0.538806066964753
N1-quality-coverage_step4000 69 5 8 0.5252382779726759
N1-quality-coverage_step4000 69 5 9 0.5272600209573284
N1-quality-coverage_step4000 69 6 0 0.5335652260109782
N1-quality-coverage_step4000 69 6 1 0.5391179829603061
N1-quality-coverage_step4000 69 6 2 0.5433961689705029
N1-quality-coverage_step4000 69 6 3 0.5422240989282727
N1-quality-coverage_step4000 69 6 4 0.5381463009398431
N1-quality-coverage_step4000 69 6 5 0.5422889749752358
N1-quality-coverage_step4000 69 6 6 0.5368885890347883
N1-quality-coverage_step4000 69 6 7 0.5337327250745147
N1-quality-coverage_step4000 69 6 8 0.5357064760755748
N1-quality-coverage_step4000 69 6 9 0.5290550499921665
N1-quality-coverage_step4000 69 7 0 0.5372821670025587
N1-quality-coverage_step4000 69 7 1 0.5354047089349478
N1-quality-coverage_step4000 69 7 2 0.5331237419741228
N1-quality-coverage_step4000 69 7 3 0.5315629510441795
N1-quality-coverage_step4000 69 7 4 0.5366484809201211
N1-quality-coverage_step4000 69 7 5 0.5435083609772846
N1-quality-coverage_step4000 69 7 6 0.5286732100648805
N1-quality-coverage_step4000 69 7 7 0.5406209320062771
N1-quality-coverage_step4000 69 7 8 0.5402891309931874
N1-quality-coverage_step4000 69 7 9 0.526507418951951
N1-quality-coverage_step4000 69 8 0 0.5247381839435548
N1-quality-coverage_step4000 69 8 1 0.5302618619753048
N1-quality-coverage_step4000 69 8 2 0.5288814770756289
N1-quality-coverage_step4000 69 8 3 0.5397316389717162
N1-quality-coverage_step4000 69 8 4 0.5493790919426829
N1-quality-coverage_step4000 69 8 5 0.530372915090993
N1-quality-coverage_step4000 69 8 6 0.5365123139927164
N1-quality-coverage_step4000 69 8 7 0.5392039829166606
N1-quality-coverage_step4000 69 8 8 0.5254021380096674
N1-quality-coverage_step4000 69 8 9 0.5451913690194488
N1-quality-coverage_step4000 69 9 0 0.5234256570693105
N1-quality-coverage_step4000 69 9 1 0.5260662510991096
N1-quality-coverage_step4000 69 9 2 0.5322655769996345
N1-quality-coverage_step4000 69 9 3 0.5358732320601121
N1-quality-coverage_step4000 69 9 4 0.5366758359596133
N1-quality-coverage_step4000 69 9 5 0.5361446170136333
N1-quality-coverage_step4000 69 9 6 0.5306643190560862
N1-quality-coverage_step4000 69 9 7 0.5366927570430562
N1-quality-coverage_step4000 69 9 8 0.5342228120425716
N1-quality-coverage_step4000 69 9 9 0.5222256409469992
N1-quality-coverage_step4000 74 0 0 0.7437436350155622
N1-quality-coverage_step4000 74 0 1 0.7377098180586472
N1-quality-coverage_step4000 74 0 2 0.7431255800183862
N1-quality-coverage_step4000 74 0 3 0.7427474800497293
N1-quality-coverage_step4000 74 0 4 0.746716913068667
N1-quality-coverage_step4000 74 0 5 0.754012722056359
N1-quality-coverage_step4000 74 0 6 0.749244399019517
N1-quality-coverage_step4000 74 0 7 0.7560085610020906
N1-quality-coverage_step4000 74 0 8 0.742881270009093
N1-quality-coverage_step4000 74 0 9 0.7516838109586388
N1-quality-coverage_step4000 74 1 0 0.7414774199714884
N1-quality-coverage_step4000 74 1 1 0.7423247729893774
N1-quality-coverage_step4000 74 1 2 0.745011750026606
N1-quality-coverage_step4000 74 1 3 0.7661807410186157
N1-quality-coverage_step4000 74 1 4 0.7618238989962265
N1-quality-coverage_step4000 74 1 5 0.7576008030446246
N1-quality-coverage_step4000 74 1 6 0.7445086080115288
N1-quality-coverage_step4000 74 1 7 0.746949610998854
N1-quality-coverage_step4000 74 1 8 0.7409623269923031
N1-quality-coverage_step4000 74 1 9 0.7505665720673278
N1-quality-coverage_step4000 74 2 0 0.7360159730305895
N1-quality-coverage_step4000 74 2 1 0.7581830080598593
N1-quality-coverage_step4000 74 2 2 0.7494837190024555
N1-quality-coverage_step4000 74 2 3 0.7471232500392944
N1-quality-coverage_step4000 74 2 4 0.7455123129766434
N1-quality-coverage_step4000 74 2 5 0.7452281559817493
N1-quality-coverage_step4000 74 2 6 0.7242988731013611
N1-quality-coverage_step4000 74 2 7 0.7494706710567698
N1-quality-coverage_step4000 74 2 8 0.7488230150192976
N1-quality-coverage_step4000 74 2 9 0.755323483957909
N1-quality-coverage_step4000 74 3 0 0.7457932769320905
N1-quality-coverage_step4000 74 3 1 0.7611818989971653
N1-quality-coverage_step4000 74 3 2 0.7256682208972052
N1-quality-coverage_step4000 74 3 3 0.7510063559748232
N1-quality-coverage_step4000 74 3 4 0.757597419898957
N1-quality-coverage_step4000 74 3 5 0.7444975880207494
N1-quality-coverage_step4000 74 3 6 0.7322873340453953
N1-quality-coverage_step4000 74 3 7 0.7473803339526057
N1-quality-coverage_step4000 74 3 8 0.7444960990687832
N1-quality-coverage_step4000 74 3 9 0.751118330983445
N1-quality-coverage_step4000 74 4 0 0.7508122260915115
N1-quality-coverage_step4000 74 4 1 0.7520390970166773
N1-quality-coverage_step4000 74 4 2 0.7640582439489663
N1-quality-coverage_step4000 74 4 3 0.7402786209713668
N1-quality-coverage_step4000 74 4 4 0.7573021370917559
N1-quality-coverage_step4000 74 4 5 0.7385346000082791
N1-quality-coverage_step4000 74 4 6 0.7679561369586736
N1-quality-coverage_step4000 74 4 7 0.7390157569898292
N1-quality-coverage_step4000 74 4 8 0.744394175009802
N1-quality-coverage_step4000 74 4 9 0.7357888460392132
N1-quality-coverage_step4000 74 5 0 0.7435562959872186
N1-quality-coverage_step4000 74 5 1 0.7528462859336287
N1-quality-coverage_step4000 74 5 2 0.7418090859428048
N1-quality-coverage_step4000 74 5 3 0.7513204249553382
N1-quality-coverage_step4000 74 5 4 0.7535974340280518
N1-quality-coverage_step4000 74 5 5 0.7476218689698726
N1-quality-coverage_step4000 74 5 6 0.7445753420470282
N1-quality-coverage_step4000 74 5 7 0.7455794680863619
N1-quality-coverage_step4000 74 5 8 0.734682987909764
N1-quality-coverage_step4000 74 5 9 0.7446767480578274
N1-quality-coverage_step4000 74 6 0 0.7320802999893203
N1-quality-coverage_step4000 74 6 1 0.7505270401015878
N1-quality-coverage_step4000 74 6 2 0.7504275520332158
N1-quality-coverage_step4000 74 6 3 0.7595194929745048
N1-quality-coverage_step4000 74 6 4 0.7641552819404751
N1-quality-coverage_step4000 74 6 5 0.7549044580664486
N1-quality-coverage_step4000 74 6 6 0.7524633379653096
N1-quality-coverage_step4000 74 6 7 0.7574004289926961
N1-quality-coverage_step4000 74 6 8 0.7609450969612226
N1-quality-coverage_step4000 74 6 9 0.7426379579119384
N1-quality-coverage_step4000 74 7 0 0.7570472799707204
N1-quality-coverage_step4000 74 7 1 0.7447827239520848
N1-quality-coverage_step4000 74 7 2 0.7508496550144628
N1-quality-coverage_step4000 74 7 3 0.7477810940472409
N1-quality-coverage_step4000 74 7 4 0.7462117280811071
N1-quality-coverage_step4000 74 7 5 0.7617517650360242
N1-quality-coverage_step4000 74 7 6 0.7535877260379493
N1-quality-coverage_step4000 74 7 7 0.7414522619219497
N1-quality-coverage_step4000 74 7 8 0.7613607849925756
N1-quality-coverage_step4000 74 7 9 0.7489176120143384
N1-quality-coverage_step4000 74 8 0 0.7567151701077819
N1-quality-coverage_step4000 74 8 1 0.7595764179714024
N1-quality-coverage_step4000 74 8 2 0.7645657350076362
N1-quality-coverage_step4000 74 8 3 0.7474948050221428
N1-quality-coverage_step4000 74 8 4 0.7615179429994896
N1-quality-coverage_step4000 74 8 5 0.7435437319800258
N1-quality-coverage_step4000 74 8 6 0.758402272942476
N1-quality-coverage_step4000 74 8 7 0.7370187330525368
N1-quality-coverage_step4000 74 8 8 0.7416053198976442
N1-quality-coverage_step4000 74 8 9 0.7514760110061616
N1-quality-coverage_step4000 74 9 0 0.7570791930193081
N1-quality-coverage_step4000 74 9 1 0.7469259379431605
N1-quality-coverage_step4000 74 9 2 0.7600422790274024
N1-quality-coverage_step4000 74 9 3 0.7700872969580814
N1-quality-coverage_step4000 74 9 4 0.7539367340505123
N1-quality-coverage_step4000 74 9 5 0.7563668789807707
N1-quality-coverage_step4000 74 9 6 0.758098662015982
N1-quality-coverage_step4000 74 9 7 0.7502529870253056
N1-quality-coverage_step4000 74 9 8 0.7738019230309874
N1-quality-coverage_step4000 74 9 9 0.7563009150326252
N1-quality-coverage_step4000 78 0 0 1.2346863240236416
N1-quality-coverage_step4000 78 0 1 1.2355499449186027
N1-quality-coverage_step4000 78 0 2 1.1944013600004837
N1-quality-coverage_step4000 78 0 3 1.199121979996562
N1-quality-coverage_step4000 78 0 4 1.1931981139350682
N1-quality-coverage_step4000 78 0 5 1.202260622056201
N1-quality-coverage_step4000 78 0 6 1.2300124199828133
N1-quality-coverage_step4000 78 0 7 1.2343085119500756
N1-quality-coverage_step4000 78 0 8 1.2437925920821726
N1-quality-coverage_step4000 78 0 9 1.2070894440403208
N1-quality-coverage_step4000 78 1 0 1.1921502590412274
N1-quality-coverage_step4000 78 1 1 1.2167965560220182
N1-quality-coverage_step4000 78 1 2 1.2133361889282241
N1-quality-coverage_step4000 78 1 3 1.2427055980078876
N1-quality-coverage_step4000 78 1 4 1.2235924410633743
N1-quality-coverage_step4000 78 1 5 1.2196070820791647
N1-quality-coverage_step4000 78 1 6 1.2390464970376343
N1-quality-coverage_step4000 78 1 7 1.2413063809508458
N1-quality-coverage_step4000 78 1 8 1.233991657034494
N1-quality-coverage_step4000 78 1 9 1.255870506982319
N1-quality-coverage_step4000 78 2 0 1.2177346519893035
N1-quality-coverage_step4000 78 2 1 1.2022351599298418
N1-quality-coverage_step4000 78 2 2 1.223933754954487
N1-quality-coverage_step4000 78 2 3 1.22040943603497
N1-quality-coverage_step4000 78 2 4 1.2271929510170594
N1-quality-coverage_step4000 78 2 5 1.2266805389663205
N1-quality-coverage_step4000 78 2 6 1.243232378968969
N1-quality-coverage_step4000 78 2 7 1.2209368559997529
N1-quality-coverage_step4000 78 2 8 1.237778314971365
N1-quality-coverage_step4000 78 2 9 1.2200587490806356
N1-quality-coverage_step4000 78 3 0 1.2123707629507408
N1-quality-coverage_step4000 78 3 1 1.2175251960288733
N1-quality-coverage_step4000 78 3 2 1.2083961480529979
N1-quality-coverage_step4000 78 3 3 1.2205125549808145
N1-quality-coverage_step4000 78 3 4 1.2457379080587998
N1-quality-coverage_step4000 78 3 5 1.218565693940036
N1-quality-coverage_step4000 78 3 6 1.2243874919367954
N1-quality-coverage_step4000 78 3 7 1.2308228840120137
N1-quality-coverage_step4000 78 3 8 1.2307482750620693
N1-quality-coverage_step4000 78 3 9 1.2304805329767987
N1-quality-coverage_step4000 78 4 0 1.2162423270056024
N1-quality-coverage_step4000 78 4 1 1.2148335420060903
N1-quality-coverage_step4000 78 4 2 1.232767900917679
N1-quality-coverage_step4000 78 4 3 1.2104052458889782
N1-quality-coverage_step4000 78 4 4 1.2395768619608134
N1-quality-coverage_step4000 78 4 5 1.2373861329397187
N1-quality-coverage_step4000 78 4 6 1.21790286002215
N1-quality-coverage_step4000 78 4 7 1.2321795400930569
N1-quality-coverage_step4000 78 4 8 1.2256239790003747
N1-quality-coverage_step4000 78 4 9 1.2311279620043933
N1-quality-coverage_step4000 78 5 0 1.2337607750669122
N1-quality-coverage_step4000 78 5 1 1.2258991040289402
N1-quality-coverage_step4000 78 5 2 1.214328512083739
N1-quality-coverage_step4000 78 5 3 1.217337162932381
N1-quality-coverage_step4000 78 5 4 1.2268737240228802
N1-quality-coverage_step4000 78 5 5 1.2152870410354808
N1-quality-coverage_step4000 78 5 6 1.2246064009377733
N1-quality-coverage_step4000 78 5 7 1.2394051549490541
N1-quality-coverage_step4000 78 5 8 1.2160110650584102
N1-quality-coverage_step4000 78 5 9 1.224655530997552
N1-quality-coverage_step4000 78 6 0 1.1978009190643206
N1-quality-coverage_step4000 78 6 1 1.2273435869719833
N1-quality-coverage_step4000 78 6 2 1.1982054919935763
N1-quality-coverage_step4000 78 6 3 1.2127606180729344
N1-quality-coverage_step4000 78 6 4 1.213731957017444
N1-quality-coverage_step4000 78 6 5 1.2111320979893208
N1-quality-coverage_step4000 78 6 6 1.2131998350378126
N1-quality-coverage_step4000 78 6 7 1.2423249430721626
N1-quality-coverage_step4000 78 6 8 1.2082332789432257
N1-quality-coverage_step4000 78 6 9 1.2335721419658512
N1-quality-coverage_step4000 78 7 0 1.234287456027232
N1-quality-coverage_step4000 78 7 1 1.230010234983638
N1-quality-coverage_step4000 78 7 2 1.2538769600214437
N1-quality-coverage_step4000 78 7 3 1.2363498710328713
N1-quality-coverage_step4000 78 7 4 1.231247877003625
N1-quality-coverage_step4000 78 7 5 1.2574301830027252
N1-quality-coverage_step4000 78 7 6 1.2354476120090112
N1-quality-coverage_step4000 78 7 7 1.2341207769932225
N1-quality-coverage_step4000 78 7 8 1.228188554989174
N1-quality-coverage_step4000 78 7 9 1.2056293269852176
N1-quality-coverage_step4000 78 8 0 1.2230312960455194
N1-quality-coverage_step4000 78 8 1 1.217966169002466
N1-quality-coverage_step4000 78 8 2 1.2161161350086331
N1-quality-coverage_step4000 78 8 3 1.2147715609753504
N1-quality-coverage_step4000 78 8 4 1.241792022017762
N1-quality-coverage_step4000 78 8 5 1.2393934950232506
N1-quality-coverage_step4000 78 8 6 1.2099520829506218
N1-quality-coverage_step4000 78 8 7 1.2025572879938409
N1-quality-coverage_step4000 78 8 8 1.2298457300057635
N1-quality-coverage_step4000 78 8 9 1.2075698969420046
N1-quality-coverage_step4000 78 9 0 1.20926462195348
N1-quality-coverage_step4000 78 9 1 1.2167406909866259
N1-quality-coverage_step4000 78 9 2 1.19962845207192
N1-quality-coverage_step4000 78 9 3 1.2102526929229498
N1-quality-coverage_step4000 78 9 4 1.2248709390405566
N1-quality-coverage_step4000 78 9 5 1.1977490030694753
N1-quality-coverage_step4000 78 9 6 1.191161766066216
N1-quality-coverage_step4000 78 9 7 1.204114701016806
N1-quality-coverage_step4000 78 9 8 1.2062929070089012
N1-quality-coverage_step4000 78 9 9 1.2066129279555753
{'model': 'N1-quality-coverage_step4000', 'completed_pairs': 2000, 'requested_pairs': 2000, 'completed': True, 'complete_source_count': 20, 'FRD': 141.67268079636636, 'new_pairs': 2000, 'wall_seconds': 487.34927195694763}
