seed,arm,step,conditional,total
123,C0,1,0.5076043605804443,0.5076043605804443
123,C0,2,0.43185144662857056,0.43185144662857056
123,C0,3,0.40864261984825134,0.40864261984825134
123,C0,4,0.364533931016922,0.364533931016922
123,C0,5,0.39326906204223633,0.39326906204223633
123,C0,6,0.3704695701599121,0.3704695701599121
123,C0,7,0.3101675510406494,0.3101675510406494
123,C0,8,0.3298739492893219,0.3298739492893219
123,C0,9,0.33854740858078003,0.33854740858078003
123,C0,10,0.3233790099620819,0.3233790099620819
123,C0,11,0.3377258777618408,0.3377258777618408
123,C0,12,0.37218549847602844,0.37218549847602844
123,C0,13,0.3178686499595642,0.3178686499595642
123,C0,14,0.33590105175971985,0.33590105175971985
123,C0,15,0.3107384443283081,0.3107384443283081
123,C0,16,0.3476923704147339,0.3476923704147339
123,C0,17,0.34241968393325806,0.34241968393325806
123,C0,18,0.39512762427330017,0.39512762427330017
123,C0,19,0.2914889454841614,0.2914889454841614
123,C0,20,0.32722413539886475,0.32722413539886475
123,C0,21,0.25751185417175293,0.25751185417175293
123,C0,22,0.30631330609321594,0.30631330609321594
123,C0,23,0.31382614374160767,0.31382614374160767
123,C0,24,0.3209126591682434,0.3209126591682434
123,C0,25,0.3489699065685272,0.3489699065685272
123,C0,26,0.2970755100250244,0.2970755100250244
123,C0,27,0.2795649766921997,0.2795649766921997
123,C0,28,0.3668631315231323,0.3668631315231323
123,C0,29,0.28645968437194824,0.28645968437194824
123,C0,30,0.34991902112960815,0.34991902112960815
123,C0,31,0.37778860330581665,0.37778860330581665
123,C0,32,0.35501760244369507,0.35501760244369507
123,C0,33,0.23350737988948822,0.23350737988948822
123,C0,34,0.333682656288147,0.333682656288147
123,C0,35,0.336691677570343,0.336691677570343
123,C0,36,0.26435282826423645,0.26435282826423645
123,C0,37,0.3087749481201172,0.3087749481201172
123,C0,38,0.2555234432220459,0.2555234432220459
123,C0,39,0.3339027762413025,0.3339027762413025
123,C0,40,0.3404862880706787,0.3404862880706787
123,C0,41,0.3016510307788849,0.3016510307788849
123,C0,42,0.2739914357662201,0.2739914357662201
123,C0,43,0.3315485715866089,0.3315485715866089
123,C0,44,0.2662501931190491,0.2662501931190491
123,C0,45,0.30272650718688965,0.30272650718688965
123,C0,46,0.3966192901134491,0.3966192901134491
123,C0,47,0.2872316241264343,0.2872316241264343
123,C0,48,0.29965296387672424,0.29965296387672424
123,C0,49,0.2659561038017273,0.2659561038017273
123,C0,50,0.28369247913360596,0.28369247913360596
123,C0,51,0.28995591402053833,0.28995591402053833
123,C0,52,0.24845974147319794,0.24845974147319794
123,C0,53,0.27004674077033997,0.27004674077033997
123,C0,54,0.3055816888809204,0.3055816888809204
123,C0,55,0.2922499179840088,0.2922499179840088
123,C0,56,0.3019559979438782,0.3019559979438782
123,C0,57,0.32050684094429016,0.32050684094429016
123,C0,58,0.3028414249420166,0.3028414249420166
123,C0,59,0.30269715189933777,0.30269715189933777
123,C0,60,0.3102235794067383,0.3102235794067383
123,C0,61,0.2950039505958557,0.2950039505958557
123,C0,62,0.33047768473625183,0.33047768473625183
123,C0,63,0.33142465353012085,0.33142465353012085
123,C0,64,0.2636512815952301,0.2636512815952301
123,C0,65,0.2678396999835968,0.2678396999835968
123,C0,66,0.33340415358543396,0.33340415358543396
123,C0,67,0.27416735887527466,0.27416735887527466
123,C0,68,0.29748421907424927,0.29748421907424927
123,C0,69,0.3177928030490875,0.3177928030490875
123,C0,70,0.2839704751968384,0.2839704751968384
123,C0,71,0.326387882232666,0.326387882232666
123,C0,72,0.29271572828292847,0.29271572828292847
123,C0,73,0.3292025923728943,0.3292025923728943
123,C0,74,0.2373955398797989,0.2373955398797989
123,C0,75,0.31116360425949097,0.31116360425949097
123,C0,76,0.2619931697845459,0.2619931697845459
123,C0,77,0.2560519576072693,0.2560519576072693
123,C0,78,0.3368322551250458,0.3368322551250458
123,C0,79,0.334911584854126,0.334911584854126
123,C0,80,0.2363274246454239,0.2363274246454239
123,C0,81,0.2612907290458679,0.2612907290458679
123,C0,82,0.359452486038208,0.359452486038208
123,C0,83,0.19174662232398987,0.19174662232398987
123,C0,84,0.32052090764045715,0.32052090764045715
123,C0,85,0.250817209482193,0.250817209482193
123,C0,86,0.3525189757347107,0.3525189757347107
123,C0,87,0.2902085781097412,0.2902085781097412
123,C0,88,0.21449148654937744,0.21449148654937744
123,C0,89,0.30839085578918457,0.30839085578918457
123,C0,90,0.34577977657318115,0.34577977657318115
123,C0,91,0.2891528010368347,0.2891528010368347
123,C0,92,0.22156083583831787,0.22156083583831787
123,C0,93,0.2441127449274063,0.2441127449274063
123,C0,94,0.31820064783096313,0.31820064783096313
123,C0,95,0.33277952671051025,0.33277952671051025
123,C0,96,0.2033865600824356,0.2033865600824356
123,C0,97,0.23292115330696106,0.23292115330696106
123,C0,98,0.2803194522857666,0.2803194522857666
123,C0,99,0.2797073721885681,0.2797073721885681
123,C0,100,0.24845346808433533,0.24845346808433533
123,C0,101,0.30899256467819214,0.30899256467819214
123,C0,102,0.31227925419807434,0.31227925419807434
123,C0,103,0.2387954145669937,0.2387954145669937
123,C0,104,0.29879334568977356,0.29879334568977356
123,C0,105,0.23040977120399475,0.23040977120399475
123,C0,106,0.2497921586036682,0.2497921586036682
123,C0,107,0.22435051202774048,0.22435051202774048
123,C0,108,0.30682897567749023,0.30682897567749023
123,C0,109,0.266747385263443,0.266747385263443
123,C0,110,0.2787560820579529,0.2787560820579529
123,C0,111,0.3094128370285034,0.3094128370285034
123,C0,112,0.2304498255252838,0.2304498255252838
123,C0,113,0.2935948669910431,0.2935948669910431
123,C0,114,0.28575098514556885,0.28575098514556885
123,C0,115,0.2575828731060028,0.2575828731060028
123,C0,116,0.2945377826690674,0.2945377826690674
123,C0,117,0.27087312936782837,0.27087312936782837
123,C0,118,0.2506730556488037,0.2506730556488037
123,C0,119,0.1755961775779724,0.1755961775779724
123,C0,120,0.26477450132369995,0.26477450132369995
123,C0,121,0.2781241238117218,0.2781241238117218
123,C0,122,0.2537077069282532,0.2537077069282532
123,C0,123,0.3156149983406067,0.3156149983406067
123,C0,124,0.2419571578502655,0.2419571578502655
123,C0,125,0.28041765093803406,0.28041765093803406
123,C0,126,0.27258166670799255,0.27258166670799255
123,C0,127,0.2578365206718445,0.2578365206718445
123,C0,128,0.23788416385650635,0.23788416385650635
123,C0,129,0.2963832914829254,0.2963832914829254
123,C0,130,0.24552515149116516,0.24552515149116516
123,C0,131,0.28011223673820496,0.28011223673820496
123,C0,132,0.24595950543880463,0.24595950543880463
123,C0,133,0.25669461488723755,0.25669461488723755
123,C0,134,0.2612552046775818,0.2612552046775818
123,C0,135,0.2143518179655075,0.2143518179655075
123,C0,136,0.2787243127822876,0.2787243127822876
123,C0,137,0.22091560065746307,0.22091560065746307
123,C0,138,0.2756243944168091,0.2756243944168091
123,C0,139,0.3262430429458618,0.3262430429458618
123,C0,140,0.20927093923091888,0.20927093923091888
123,C0,141,0.33126309514045715,0.33126309514045715
123,C0,142,0.2556496262550354,0.2556496262550354
123,C0,143,0.2915076017379761,0.2915076017379761
123,C0,144,0.2839149236679077,0.2839149236679077
123,C0,145,0.3012079894542694,0.3012079894542694
123,C0,146,0.26804691553115845,0.26804691553115845
123,C0,147,0.29532331228256226,0.29532331228256226
123,C0,148,0.23188337683677673,0.23188337683677673
123,C0,149,0.2634221017360687,0.2634221017360687
123,C0,150,0.33227062225341797,0.33227062225341797
123,C0,151,0.2794211506843567,0.2794211506843567
123,C0,152,0.31937143206596375,0.31937143206596375
123,C0,153,0.3332231342792511,0.3332231342792511
123,C0,154,0.2554280161857605,0.2554280161857605
123,C0,155,0.23874446749687195,0.23874446749687195
123,C0,156,0.2931666374206543,0.2931666374206543
123,C0,157,0.2863582968711853,0.2863582968711853
123,C0,158,0.27607274055480957,0.27607274055480957
123,C0,159,0.27707788348197937,0.27707788348197937
123,C0,160,0.28203463554382324,0.28203463554382324
123,C0,161,0.20678254961967468,0.20678254961967468
123,C0,162,0.29291361570358276,0.29291361570358276
123,C0,163,0.2623763680458069,0.2623763680458069
123,C0,164,0.24910344183444977,0.24910344183444977
123,C0,165,0.2635003328323364,0.2635003328323364
123,C0,166,0.2989235818386078,0.2989235818386078
123,C0,167,0.2028486430644989,0.2028486430644989
123,C0,168,0.2457585632801056,0.2457585632801056
123,C0,169,0.2628940939903259,0.2628940939903259
123,C0,170,0.2643469274044037,0.2643469274044037
123,C0,171,0.2861683666706085,0.2861683666706085
123,C0,172,0.23243862390518188,0.23243862390518188
123,C0,173,0.22078734636306763,0.22078734636306763
123,C0,174,0.24387648701667786,0.24387648701667786
123,C0,175,0.25806695222854614,0.25806695222854614
123,C0,176,0.2644332945346832,0.2644332945346832
123,C0,177,0.26546069979667664,0.26546069979667664
123,C0,178,0.28902536630630493,0.28902536630630493
123,C0,179,0.24403807520866394,0.24403807520866394
123,C0,180,0.3800806999206543,0.3800806999206543
123,C0,181,0.234107106924057,0.234107106924057
123,C0,182,0.2462674081325531,0.2462674081325531
123,C0,183,0.3007480502128601,0.3007480502128601
123,C0,184,0.24832499027252197,0.24832499027252197
123,C0,185,0.32360345125198364,0.32360345125198364
123,C0,186,0.2708103358745575,0.2708103358745575
123,C0,187,0.2682929039001465,0.2682929039001465
123,C0,188,0.21701033413410187,0.21701033413410187
123,C0,189,0.22042205929756165,0.22042205929756165
123,C0,190,0.25486981868743896,0.25486981868743896
123,C0,191,0.2688165307044983,0.2688165307044983
123,C0,192,0.3287253975868225,0.3287253975868225
123,C0,193,0.2804064154624939,0.2804064154624939
123,C0,194,0.3446597456932068,0.3446597456932068
123,C0,195,0.26719027757644653,0.26719027757644653
123,C0,196,0.2469959557056427,0.2469959557056427
123,C0,197,0.27474090456962585,0.27474090456962585
123,C0,198,0.23297101259231567,0.23297101259231567
123,C0,199,0.2824631333351135,0.2824631333351135
123,C0,200,0.22558006644248962,0.22558006644248962
123,C0,201,0.2566535472869873,0.2566535472869873
123,C0,202,0.2504403591156006,0.2504403591156006
123,C0,203,0.22187289595603943,0.22187289595603943
123,C0,204,0.24937815964221954,0.24937815964221954
123,C0,205,0.21412113308906555,0.21412113308906555
123,C0,206,0.28727495670318604,0.28727495670318604
123,C0,207,0.26115214824676514,0.26115214824676514
123,C0,208,0.21946555376052856,0.21946555376052856
123,C0,209,0.22627393901348114,0.22627393901348114
123,C0,210,0.29247790575027466,0.29247790575027466
123,C0,211,0.19894757866859436,0.19894757866859436
123,C0,212,0.32506078481674194,0.32506078481674194
123,C0,213,0.16896073520183563,0.16896073520183563
123,C0,214,0.2541745901107788,0.2541745901107788
123,C0,215,0.2468508929014206,0.2468508929014206
123,C0,216,0.3733327090740204,0.3733327090740204
123,C0,217,0.307345449924469,0.307345449924469
123,C0,218,0.28049778938293457,0.28049778938293457
123,C0,219,0.24265548586845398,0.24265548586845398
123,C0,220,0.31915876269340515,0.31915876269340515
123,C0,221,0.2361336648464203,0.2361336648464203
123,C0,222,0.2577570378780365,0.2577570378780365
123,C0,223,0.30040842294692993,0.30040842294692993
123,C0,224,0.2207062542438507,0.2207062542438507
123,C0,225,0.2272103726863861,0.2272103726863861
123,C0,226,0.21399736404418945,0.21399736404418945
123,C0,227,0.30072593688964844,0.30072593688964844
123,C0,228,0.23914147913455963,0.23914147913455963
123,C0,229,0.20578862726688385,0.20578862726688385
123,C0,230,0.24124884605407715,0.24124884605407715
123,C0,231,0.15515224635601044,0.15515224635601044
123,C0,232,0.24321633577346802,0.24321633577346802
123,C0,233,0.24890612065792084,0.24890612065792084
123,C0,234,0.24119727313518524,0.24119727313518524
123,C0,235,0.2448267638683319,0.2448267638683319
123,C0,236,0.2684212327003479,0.2684212327003479
123,C0,237,0.2398139238357544,0.2398139238357544
123,C0,238,0.2574510872364044,0.2574510872364044
123,C0,239,0.32318314909935,0.32318314909935
123,C0,240,0.2770238220691681,0.2770238220691681
123,C0,241,0.2531001567840576,0.2531001567840576
123,C0,242,0.24021956324577332,0.24021956324577332
123,C0,243,0.3001508414745331,0.3001508414745331
123,C0,244,0.297877699136734,0.297877699136734
123,C0,245,0.21432723104953766,0.21432723104953766
123,C0,246,0.2784510850906372,0.2784510850906372
123,C0,247,0.2956731915473938,0.2956731915473938
123,C0,248,0.2740948796272278,0.2740948796272278
123,C0,249,0.2062160074710846,0.2062160074710846
123,C0,250,0.2398177832365036,0.2398177832365036
123,C0,251,0.28950339555740356,0.28950339555740356
123,C0,252,0.24098899960517883,0.24098899960517883
123,C0,253,0.22850769758224487,0.22850769758224487
123,C0,254,0.28648513555526733,0.28648513555526733
123,C0,255,0.26511040329933167,0.26511040329933167
123,C0,256,0.22266653180122375,0.22266653180122375
123,C0,257,0.24152538180351257,0.24152538180351257
123,C0,258,0.27111250162124634,0.27111250162124634
123,C0,259,0.23612871766090393,0.23612871766090393
123,C0,260,0.2742966115474701,0.2742966115474701
123,C0,261,0.2898547053337097,0.2898547053337097
123,C0,262,0.2899329960346222,0.2899329960346222
123,C0,263,0.2163676917552948,0.2163676917552948
123,C0,264,0.24015602469444275,0.24015602469444275
123,C0,265,0.2848922908306122,0.2848922908306122
123,C0,266,0.1971731334924698,0.1971731334924698
123,C0,267,0.27483880519866943,0.27483880519866943
123,C0,268,0.263664186000824,0.263664186000824
123,C0,269,0.20224231481552124,0.20224231481552124
123,C0,270,0.2826143503189087,0.2826143503189087
123,C0,271,0.2339172512292862,0.2339172512292862
123,C0,272,0.26056769490242004,0.26056769490242004
123,C0,273,0.22194607555866241,0.22194607555866241
123,C0,274,0.24084073305130005,0.24084073305130005
123,C0,275,0.22692644596099854,0.22692644596099854
123,C0,276,0.24391847848892212,0.24391847848892212
123,C0,277,0.27818331122398376,0.27818331122398376
123,C0,278,0.22131404280662537,0.22131404280662537
123,C0,279,0.19936256110668182,0.19936256110668182
123,C0,280,0.31188738346099854,0.31188738346099854
123,C0,281,0.2776837944984436,0.2776837944984436
123,C0,282,0.23119840025901794,0.23119840025901794
123,C0,283,0.20040909945964813,0.20040909945964813
123,C0,284,0.23741278052330017,0.23741278052330017
123,C0,285,0.299858957529068,0.299858957529068
123,C0,286,0.23055070638656616,0.23055070638656616
123,C0,287,0.21439415216445923,0.21439415216445923
123,C0,288,0.2587694525718689,0.2587694525718689
123,C0,289,0.2882687449455261,0.2882687449455261
123,C0,290,0.2592548727989197,0.2592548727989197
123,C0,291,0.283555269241333,0.283555269241333
123,C0,292,0.22433297336101532,0.22433297336101532
123,C0,293,0.2414523959159851,0.2414523959159851
123,C0,294,0.21448686718940735,0.21448686718940735
123,C0,295,0.19260726869106293,0.19260726869106293
123,C0,296,0.25433528423309326,0.25433528423309326
123,C0,297,0.27764832973480225,0.27764832973480225
123,C0,298,0.24595066905021667,0.24595066905021667
123,C0,299,0.1875154674053192,0.1875154674053192
123,C0,300,0.2712315618991852,0.2712315618991852
123,C0,301,0.244281604886055,0.244281604886055
123,C0,302,0.2729756832122803,0.2729756832122803
123,C0,303,0.251552939414978,0.251552939414978
123,C0,304,0.2931681275367737,0.2931681275367737
123,C0,305,0.2676866948604584,0.2676866948604584
123,C0,306,0.26073580980300903,0.26073580980300903
123,C0,307,0.15252752602100372,0.15252752602100372
123,C0,308,0.28249767422676086,0.28249767422676086
123,C0,309,0.25079211592674255,0.25079211592674255
123,C0,310,0.20751667022705078,0.20751667022705078
123,C0,311,0.2667871415615082,0.2667871415615082
123,C0,312,0.22192934155464172,0.22192934155464172
123,C0,313,0.22404690086841583,0.22404690086841583
123,C0,314,0.29608115553855896,0.29608115553855896
123,C0,315,0.29909369349479675,0.29909369349479675
123,C0,316,0.2277381420135498,0.2277381420135498
123,C0,317,0.1997561901807785,0.1997561901807785
123,C0,318,0.26724761724472046,0.26724761724472046
123,C0,319,0.25976523756980896,0.25976523756980896
123,C0,320,0.3036569356918335,0.3036569356918335
123,C0,321,0.2623150050640106,0.2623150050640106
123,C0,322,0.33221930265426636,0.33221930265426636
123,C0,323,0.27395302057266235,0.27395302057266235
123,C0,324,0.19349849224090576,0.19349849224090576
123,C0,325,0.2615377604961395,0.2615377604961395
123,C0,326,0.25264933705329895,0.25264933705329895
123,C0,327,0.24133923649787903,0.24133923649787903
123,C0,328,0.23926860094070435,0.23926860094070435
123,C0,329,0.25713199377059937,0.25713199377059937
123,C0,330,0.23268692195415497,0.23268692195415497
123,C0,331,0.29952847957611084,0.29952847957611084
123,C0,332,0.21967719495296478,0.21967719495296478
123,C0,333,0.31069085001945496,0.31069085001945496
123,C0,334,0.24482277035713196,0.24482277035713196
123,C0,335,0.21722286939620972,0.21722286939620972
123,C0,336,0.30449652671813965,0.30449652671813965
123,C0,337,0.27382341027259827,0.27382341027259827
123,C0,338,0.18935367465019226,0.18935367465019226
123,C0,339,0.2369435429573059,0.2369435429573059
123,C0,340,0.28034549951553345,0.28034549951553345
123,C0,341,0.22966396808624268,0.22966396808624268
123,C0,342,0.23587855696678162,0.23587855696678162
123,C0,343,0.2546014189720154,0.2546014189720154
123,C0,344,0.2600547671318054,0.2600547671318054
123,C0,345,0.2877563536167145,0.2877563536167145
123,C0,346,0.30102455615997314,0.30102455615997314
123,C0,347,0.20267274975776672,0.20267274975776672
123,C0,348,0.2591685950756073,0.2591685950756073
123,C0,349,0.20579931139945984,0.20579931139945984
123,C0,350,0.24064403772354126,0.24064403772354126
123,C0,351,0.26793786883354187,0.26793786883354187
123,C0,352,0.23811280727386475,0.23811280727386475
123,C0,353,0.3016899526119232,0.3016899526119232
123,C0,354,0.2614730894565582,0.2614730894565582
123,C0,355,0.27457526326179504,0.27457526326179504
123,C0,356,0.21114519238471985,0.21114519238471985
123,C0,357,0.28265130519866943,0.28265130519866943
123,C0,358,0.3027355372905731,0.3027355372905731
123,C0,359,0.25583139061927795,0.25583139061927795
123,C0,360,0.2799978256225586,0.2799978256225586
123,C0,361,0.24155732989311218,0.24155732989311218
123,C0,362,0.28354018926620483,0.28354018926620483
123,C0,363,0.26915210485458374,0.26915210485458374
123,C0,364,0.2679162919521332,0.2679162919521332
123,C0,365,0.3392561078071594,0.3392561078071594
123,C0,366,0.23678919672966003,0.23678919672966003
123,C0,367,0.23292742669582367,0.23292742669582367
123,C0,368,0.23279568552970886,0.23279568552970886
123,C0,369,0.23553049564361572,0.23553049564361572
123,C0,370,0.23317697644233704,0.23317697644233704
123,C0,371,0.2678878903388977,0.2678878903388977
123,C0,372,0.21881049871444702,0.21881049871444702
123,C0,373,0.27480828762054443,0.27480828762054443
123,C0,374,0.2877596318721771,0.2877596318721771
123,C0,375,0.329098105430603,0.329098105430603
123,C0,376,0.217304065823555,0.217304065823555
123,C0,377,0.19257691502571106,0.19257691502571106
123,C0,378,0.26118606328964233,0.26118606328964233
123,C0,379,0.22403348982334137,0.22403348982334137
123,C0,380,0.24347391724586487,0.24347391724586487
123,C0,381,0.20423847436904907,0.20423847436904907
123,C0,382,0.2762349247932434,0.2762349247932434
123,C0,383,0.2721370458602905,0.2721370458602905
123,C0,384,0.21346750855445862,0.21346750855445862
123,C0,385,0.2702929973602295,0.2702929973602295
123,C0,386,0.260043203830719,0.260043203830719
123,C0,387,0.2276214361190796,0.2276214361190796
123,C0,388,0.2958672046661377,0.2958672046661377
123,C0,389,0.267993301153183,0.267993301153183
123,C0,390,0.2916540801525116,0.2916540801525116
123,C0,391,0.26300376653671265,0.26300376653671265
123,C0,392,0.26826173067092896,0.26826173067092896
123,C0,393,0.3082718551158905,0.3082718551158905
123,C0,394,0.28449881076812744,0.28449881076812744
123,C0,395,0.2794531583786011,0.2794531583786011
123,C0,396,0.2236413061618805,0.2236413061618805
123,C0,397,0.23661118745803833,0.23661118745803833
123,C0,398,0.25483375787734985,0.25483375787734985
123,C0,399,0.2600279748439789,0.2600279748439789
123,C0,400,0.23896390199661255,0.23896390199661255
123,C0,401,0.22380362451076508,0.22380362451076508
123,C0,402,0.2448539286851883,0.2448539286851883
123,C0,403,0.22914867103099823,0.22914867103099823
123,C0,404,0.17658862471580505,0.17658862471580505
123,C0,405,0.2564151883125305,0.2564151883125305
123,C0,406,0.3091081976890564,0.3091081976890564
123,C0,407,0.2456013560295105,0.2456013560295105
123,C0,408,0.21886570751667023,0.21886570751667023
123,C0,409,0.20627957582473755,0.20627957582473755
123,C0,410,0.3358856439590454,0.3358856439590454
123,C0,411,0.2500002980232239,0.2500002980232239
123,C0,412,0.26834848523139954,0.26834848523139954
123,C0,413,0.23566937446594238,0.23566937446594238
123,C0,414,0.24587099254131317,0.24587099254131317
123,C0,415,0.23398315906524658,0.23398315906524658
123,C0,416,0.19701409339904785,0.19701409339904785
123,C0,417,0.22616130113601685,0.22616130113601685
123,C0,418,0.27238184213638306,0.27238184213638306
123,C0,419,0.2759912312030792,0.2759912312030792
123,C0,420,0.2460174411535263,0.2460174411535263
123,C0,421,0.28049033880233765,0.28049033880233765
123,C0,422,0.2529796361923218,0.2529796361923218
123,C0,423,0.28120288252830505,0.28120288252830505
123,C0,424,0.258370041847229,0.258370041847229
123,C0,425,0.27356836199760437,0.27356836199760437
123,C0,426,0.2822401821613312,0.2822401821613312
123,C0,427,0.21526312828063965,0.21526312828063965
123,C0,428,0.2358422875404358,0.2358422875404358
123,C0,429,0.27690109610557556,0.27690109610557556
123,C0,430,0.27651670575141907,0.27651670575141907
123,C0,431,0.2493908554315567,0.2493908554315567
123,C0,432,0.2934448719024658,0.2934448719024658
123,C0,433,0.2800084054470062,0.2800084054470062
123,C0,434,0.2716907858848572,0.2716907858848572
123,C0,435,0.21829086542129517,0.21829086542129517
123,C0,436,0.2977553606033325,0.2977553606033325
123,C0,437,0.24572256207466125,0.24572256207466125
123,C0,438,0.21875910460948944,0.21875910460948944
123,C0,439,0.2084558606147766,0.2084558606147766
123,C0,440,0.25648754835128784,0.25648754835128784
123,C0,441,0.22138488292694092,0.22138488292694092
123,C0,442,0.2342991828918457,0.2342991828918457
123,C0,443,0.24438178539276123,0.24438178539276123
123,C0,444,0.25305119156837463,0.25305119156837463
123,C0,445,0.22720009088516235,0.22720009088516235
123,C0,446,0.20644719898700714,0.20644719898700714
123,C0,447,0.22775915265083313,0.22775915265083313
123,C0,448,0.25530439615249634,0.25530439615249634
123,C0,449,0.2669152617454529,0.2669152617454529
123,C0,450,0.18149980902671814,0.18149980902671814
123,C0,451,0.28334930539131165,0.28334930539131165
123,C0,452,0.17732547223567963,0.17732547223567963
123,C0,453,0.23571377992630005,0.23571377992630005
123,C0,454,0.22593995928764343,0.22593995928764343
123,C0,455,0.22068388760089874,0.22068388760089874
123,C0,456,0.2642443776130676,0.2642443776130676
123,C0,457,0.22689060866832733,0.22689060866832733
123,C0,458,0.29258131980895996,0.29258131980895996
123,C0,459,0.26634034514427185,0.26634034514427185
123,C0,460,0.24118539690971375,0.24118539690971375
123,C0,461,0.2610492408275604,0.2610492408275604
123,C0,462,0.20262305438518524,0.20262305438518524
123,C0,463,0.26026129722595215,0.26026129722595215
123,C0,464,0.23265498876571655,0.23265498876571655
123,C0,465,0.1744544804096222,0.1744544804096222
123,C0,466,0.267175555229187,0.267175555229187
123,C0,467,0.24980978667736053,0.24980978667736053
123,C0,468,0.20722302794456482,0.20722302794456482
123,C0,469,0.2451649010181427,0.2451649010181427
123,C0,470,0.3140384554862976,0.3140384554862976
123,C0,471,0.28032004833221436,0.28032004833221436
123,C0,472,0.25069499015808105,0.25069499015808105
123,C0,473,0.23629030585289001,0.23629030585289001
123,C0,474,0.2079688012599945,0.2079688012599945
123,C0,475,0.2950010895729065,0.2950010895729065
123,C0,476,0.1745263785123825,0.1745263785123825
123,C0,477,0.2021508812904358,0.2021508812904358
123,C0,478,0.3334321975708008,0.3334321975708008
123,C0,479,0.2668532729148865,0.2668532729148865
123,C0,480,0.31658971309661865,0.31658971309661865
123,C0,481,0.27767103910446167,0.27767103910446167
123,C0,482,0.3219316005706787,0.3219316005706787
123,C0,483,0.30664414167404175,0.30664414167404175
123,C0,484,0.24518854916095734,0.24518854916095734
123,C0,485,0.2995416820049286,0.2995416820049286
123,C0,486,0.28093409538269043,0.28093409538269043
123,C0,487,0.23899976909160614,0.23899976909160614
123,C0,488,0.19411912560462952,0.19411912560462952
123,C0,489,0.28332239389419556,0.28332239389419556
123,C0,490,0.19362132251262665,0.19362132251262665
123,C0,491,0.21614429354667664,0.21614429354667664
123,C0,492,0.1991988718509674,0.1991988718509674
123,C0,493,0.272026389837265,0.272026389837265
123,C0,494,0.31281983852386475,0.31281983852386475
123,C0,495,0.2596338391304016,0.2596338391304016
123,C0,496,0.24319779872894287,0.24319779872894287
123,C0,497,0.28631591796875,0.28631591796875
123,C0,498,0.3127688765525818,0.3127688765525818
123,C0,499,0.257577121257782,0.257577121257782
123,C0,500,0.22171753644943237,0.22171753644943237
123,C0,501,0.30754032731056213,0.30754032731056213
123,C0,502,0.2956565022468567,0.2956565022468567
123,C0,503,0.1963856816291809,0.1963856816291809
123,C0,504,0.20784258842468262,0.20784258842468262
123,C0,505,0.24073168635368347,0.24073168635368347
123,C0,506,0.24681508541107178,0.24681508541107178
123,C0,507,0.2714327871799469,0.2714327871799469
123,C0,508,0.19487369060516357,0.19487369060516357
123,C0,509,0.1536078155040741,0.1536078155040741
123,C0,510,0.22900715470314026,0.22900715470314026
123,C0,511,0.2433777153491974,0.2433777153491974
123,C0,512,0.2391110360622406,0.2391110360622406
123,C0,513,0.20993804931640625,0.20993804931640625
123,C0,514,0.23605820536613464,0.23605820536613464
123,C0,515,0.1947023868560791,0.1947023868560791
123,C0,516,0.2640817165374756,0.2640817165374756
123,C0,517,0.21574684977531433,0.21574684977531433
123,C0,518,0.22684085369110107,0.22684085369110107
123,C0,519,0.20594292879104614,0.20594292879104614
123,C0,520,0.26898545026779175,0.26898545026779175
123,C0,521,0.28571581840515137,0.28571581840515137
123,C0,522,0.3009764552116394,0.3009764552116394
123,C0,523,0.24913685023784637,0.24913685023784637
123,C0,524,0.17429238557815552,0.17429238557815552
123,C0,525,0.2597999572753906,0.2597999572753906
123,C0,526,0.2815895676612854,0.2815895676612854
123,C0,527,0.27225467562675476,0.27225467562675476
123,C0,528,0.21375586092472076,0.21375586092472076
123,C0,529,0.23335182666778564,0.23335182666778564
123,C0,530,0.24627402424812317,0.24627402424812317
123,C0,531,0.2520206570625305,0.2520206570625305
123,C0,532,0.2618718147277832,0.2618718147277832
123,C0,533,0.22930987179279327,0.22930987179279327
123,C0,534,0.2674254775047302,0.2674254775047302
123,C0,535,0.2498549222946167,0.2498549222946167
123,C0,536,0.25779300928115845,0.25779300928115845
123,C0,537,0.24936163425445557,0.24936163425445557
123,C0,538,0.2462673783302307,0.2462673783302307
123,C0,539,0.26170992851257324,0.26170992851257324
123,C0,540,0.29162663221359253,0.29162663221359253
123,C0,541,0.23389863967895508,0.23389863967895508
123,C0,542,0.225021630525589,0.225021630525589
123,C0,543,0.23984335362911224,0.23984335362911224
123,C0,544,0.23584702610969543,0.23584702610969543
123,C0,545,0.23248107731342316,0.23248107731342316
123,C0,546,0.2695169150829315,0.2695169150829315
123,C0,547,0.30006104707717896,0.30006104707717896
123,C0,548,0.22642064094543457,0.22642064094543457
123,C0,549,0.24511295557022095,0.24511295557022095
123,C0,550,0.2504696249961853,0.2504696249961853
123,C0,551,0.2838546335697174,0.2838546335697174
123,C0,552,0.29502540826797485,0.29502540826797485
123,C0,553,0.22724373638629913,0.22724373638629913
123,C0,554,0.1961475908756256,0.1961475908756256
123,C0,555,0.195022314786911,0.195022314786911
123,C0,556,0.2733073830604553,0.2733073830604553
123,C0,557,0.1914871335029602,0.1914871335029602
123,C0,558,0.24816636741161346,0.24816636741161346
123,C0,559,0.22743819653987885,0.22743819653987885
123,C0,560,0.2378966212272644,0.2378966212272644
123,C0,561,0.2262924760580063,0.2262924760580063
123,C0,562,0.2103157937526703,0.2103157937526703
123,C0,563,0.25896576046943665,0.25896576046943665
123,C0,564,0.24355752766132355,0.24355752766132355
123,C0,565,0.2229512631893158,0.2229512631893158
123,C0,566,0.22105315327644348,0.22105315327644348
123,C0,567,0.21455055475234985,0.21455055475234985
123,C0,568,0.17817357182502747,0.17817357182502747
123,C0,569,0.25512564182281494,0.25512564182281494
123,C0,570,0.26958706974983215,0.26958706974983215
123,C0,571,0.3037114143371582,0.3037114143371582
123,C0,572,0.28808048367500305,0.28808048367500305
123,C0,573,0.23649275302886963,0.23649275302886963
123,C0,574,0.27197927236557007,0.27197927236557007
123,C0,575,0.2688630223274231,0.2688630223274231
123,C0,576,0.2888309955596924,0.2888309955596924
123,C0,577,0.27156466245651245,0.27156466245651245
123,C0,578,0.24977867305278778,0.24977867305278778
123,C0,579,0.24020060896873474,0.24020060896873474
123,C0,580,0.24615445733070374,0.24615445733070374
123,C0,581,0.2323368340730667,0.2323368340730667
123,C0,582,0.3090519309043884,0.3090519309043884
123,C0,583,0.23362019658088684,0.23362019658088684
123,C0,584,0.2221825122833252,0.2221825122833252
123,C0,585,0.2551422715187073,0.2551422715187073
123,C0,586,0.20979025959968567,0.20979025959968567
123,C0,587,0.2940652370452881,0.2940652370452881
123,C0,588,0.27603232860565186,0.27603232860565186
123,C0,589,0.27556169033050537,0.27556169033050537
123,C0,590,0.25071045756340027,0.25071045756340027
123,C0,591,0.26785609126091003,0.26785609126091003
123,C0,592,0.2851331830024719,0.2851331830024719
123,C0,593,0.22628098726272583,0.22628098726272583
123,C0,594,0.2221769094467163,0.2221769094467163
123,C0,595,0.2202707827091217,0.2202707827091217
123,C0,596,0.2348395138978958,0.2348395138978958
123,C0,597,0.2335677146911621,0.2335677146911621
123,C0,598,0.29305511713027954,0.29305511713027954
123,C0,599,0.21805420517921448,0.21805420517921448
123,C0,600,0.2979878783226013,0.2979878783226013
123,C0,601,0.2045612633228302,0.2045612633228302
123,C0,602,0.20329417288303375,0.20329417288303375
123,C0,603,0.22473424673080444,0.22473424673080444
123,C0,604,0.1994183212518692,0.1994183212518692
123,C0,605,0.24358636140823364,0.24358636140823364
123,C0,606,0.21333323419094086,0.21333323419094086
123,C0,607,0.269247829914093,0.269247829914093
123,C0,608,0.26420503854751587,0.26420503854751587
123,C0,609,0.3264281153678894,0.3264281153678894
123,C0,610,0.20269775390625,0.20269775390625
123,C0,611,0.2239862084388733,0.2239862084388733
123,C0,612,0.19872958958148956,0.19872958958148956
123,C0,613,0.2543202340602875,0.2543202340602875
123,C0,614,0.2770356833934784,0.2770356833934784
123,C0,615,0.26978281140327454,0.26978281140327454
123,C0,616,0.22528758645057678,0.22528758645057678
123,C0,617,0.2031370997428894,0.2031370997428894
123,C0,618,0.2857488989830017,0.2857488989830017
123,C0,619,0.23694798350334167,0.23694798350334167
123,C0,620,0.2600012719631195,0.2600012719631195
123,C0,621,0.29583895206451416,0.29583895206451416
123,C0,622,0.1897064447402954,0.1897064447402954
123,C0,623,0.30228281021118164,0.30228281021118164
123,C0,624,0.21670302748680115,0.21670302748680115
123,C0,625,0.2253498136997223,0.2253498136997223
123,C0,626,0.2622135877609253,0.2622135877609253
123,C0,627,0.2653089761734009,0.2653089761734009
123,C0,628,0.23502644896507263,0.23502644896507263
123,C0,629,0.22737185657024384,0.22737185657024384
123,C0,630,0.2586659789085388,0.2586659789085388
123,C0,631,0.2246989607810974,0.2246989607810974
123,C0,632,0.2545536160469055,0.2545536160469055
123,C0,633,0.2417837679386139,0.2417837679386139
123,C0,634,0.20474207401275635,0.20474207401275635
123,C0,635,0.2611415386199951,0.2611415386199951
123,C0,636,0.23409560322761536,0.23409560322761536
123,C0,637,0.26235365867614746,0.26235365867614746
123,C0,638,0.2011980265378952,0.2011980265378952
123,C0,639,0.2562316954135895,0.2562316954135895
123,C0,640,0.1721172332763672,0.1721172332763672
123,C0,641,0.2667820155620575,0.2667820155620575
123,C0,642,0.2774224281311035,0.2774224281311035
123,C0,643,0.2346748262643814,0.2346748262643814
123,C0,644,0.22779089212417603,0.22779089212417603
123,C0,645,0.2649775445461273,0.2649775445461273
123,C0,646,0.24649988114833832,0.24649988114833832
123,C0,647,0.2282908707857132,0.2282908707857132
123,C0,648,0.20112580060958862,0.20112580060958862
123,C0,649,0.26192507147789,0.26192507147789
123,C0,650,0.2723025381565094,0.2723025381565094
123,C0,651,0.23991432785987854,0.23991432785987854
123,C0,652,0.25061318278312683,0.25061318278312683
123,C0,653,0.210297092795372,0.210297092795372
123,C0,654,0.21260236203670502,0.21260236203670502
123,C0,655,0.2492830604314804,0.2492830604314804
123,C0,656,0.20562416315078735,0.20562416315078735
123,C0,657,0.29437255859375,0.29437255859375
123,C0,658,0.30718323588371277,0.30718323588371277
123,C0,659,0.19351595640182495,0.19351595640182495
123,C0,660,0.21142449975013733,0.21142449975013733
123,C0,661,0.24684511125087738,0.24684511125087738
123,C0,662,0.27424532175064087,0.27424532175064087
123,C0,663,0.2762603163719177,0.2762603163719177
123,C0,664,0.2615056335926056,0.2615056335926056
123,C0,665,0.2795781195163727,0.2795781195163727
123,C0,666,0.21925634145736694,0.21925634145736694
123,C0,667,0.3111160397529602,0.3111160397529602
123,C0,668,0.30731144547462463,0.30731144547462463
123,C0,669,0.1797385811805725,0.1797385811805725
123,C0,670,0.2514512240886688,0.2514512240886688
123,C0,671,0.23771144449710846,0.23771144449710846
123,C0,672,0.2907233238220215,0.2907233238220215
123,C0,673,0.2049267292022705,0.2049267292022705
123,C0,674,0.20285844802856445,0.20285844802856445
123,C0,675,0.21609187126159668,0.21609187126159668
123,C0,676,0.23353184759616852,0.23353184759616852
123,C0,677,0.2159487009048462,0.2159487009048462
123,C0,678,0.22056396305561066,0.22056396305561066
123,C0,679,0.2406684309244156,0.2406684309244156
123,C0,680,0.22667092084884644,0.22667092084884644
123,C0,681,0.23396261036396027,0.23396261036396027
123,C0,682,0.31765908002853394,0.31765908002853394
123,C0,683,0.1821313202381134,0.1821313202381134
123,C0,684,0.29597538709640503,0.29597538709640503
123,C0,685,0.310680627822876,0.310680627822876
123,C0,686,0.2899729013442993,0.2899729013442993
123,C0,687,0.2482130378484726,0.2482130378484726
123,C0,688,0.27826622128486633,0.27826622128486633
123,C0,689,0.2234003096818924,0.2234003096818924
123,C0,690,0.26599520444869995,0.26599520444869995
123,C0,691,0.2972432076931,0.2972432076931
123,C0,692,0.239229217171669,0.239229217171669
123,C0,693,0.27285829186439514,0.27285829186439514
123,C0,694,0.25622737407684326,0.25622737407684326
123,C0,695,0.3025522828102112,0.3025522828102112
123,C0,696,0.22389531135559082,0.22389531135559082
123,C0,697,0.26764610409736633,0.26764610409736633
123,C0,698,0.26673609018325806,0.26673609018325806
123,C0,699,0.2854064702987671,0.2854064702987671
123,C0,700,0.2307405173778534,0.2307405173778534
123,C0,701,0.25665798783302307,0.25665798783302307
123,C0,702,0.2038809359073639,0.2038809359073639
123,C0,703,0.2823795974254608,0.2823795974254608
123,C0,704,0.23104457557201385,0.23104457557201385
123,C0,705,0.26461493968963623,0.26461493968963623
123,C0,706,0.29382288455963135,0.29382288455963135
123,C0,707,0.26705753803253174,0.26705753803253174
123,C0,708,0.19977441430091858,0.19977441430091858
123,C0,709,0.325640469789505,0.325640469789505
123,C0,710,0.2587698698043823,0.2587698698043823
123,C0,711,0.24531084299087524,0.24531084299087524
123,C0,712,0.2574131488800049,0.2574131488800049
123,C0,713,0.25116950273513794,0.25116950273513794
123,C0,714,0.24363923072814941,0.24363923072814941
123,C0,715,0.25226131081581116,0.25226131081581116
123,C0,716,0.267986536026001,0.267986536026001
123,C0,717,0.2413308471441269,0.2413308471441269
123,C0,718,0.20638108253479004,0.20638108253479004
123,C0,719,0.31817322969436646,0.31817322969436646
123,C0,720,0.17966026067733765,0.17966026067733765
123,C0,721,0.2205209732055664,0.2205209732055664
123,C0,722,0.2618137001991272,0.2618137001991272
123,C0,723,0.33687394857406616,0.33687394857406616
123,C0,724,0.2073938250541687,0.2073938250541687
123,C0,725,0.25758418440818787,0.25758418440818787
123,C0,726,0.2961385250091553,0.2961385250091553
123,C0,727,0.24737665057182312,0.24737665057182312
123,C0,728,0.29572761058807373,0.29572761058807373
123,C0,729,0.2661839425563812,0.2661839425563812
123,C0,730,0.2627163529396057,0.2627163529396057
123,C0,731,0.26560574769973755,0.26560574769973755
123,C0,732,0.23085787892341614,0.23085787892341614
123,C0,733,0.21925906836986542,0.21925906836986542
123,C0,734,0.17982929944992065,0.17982929944992065
123,C0,735,0.24240630865097046,0.24240630865097046
123,C0,736,0.19734005630016327,0.19734005630016327
123,C0,737,0.3194095194339752,0.3194095194339752
123,C0,738,0.24791525304317474,0.24791525304317474
123,C0,739,0.2648656964302063,0.2648656964302063
123,C0,740,0.20106206834316254,0.20106206834316254
123,C0,741,0.2484392523765564,0.2484392523765564
123,C0,742,0.2338424026966095,0.2338424026966095
123,C0,743,0.2544568181037903,0.2544568181037903
123,C0,744,0.23201903700828552,0.23201903700828552
123,C0,745,0.27550333738327026,0.27550333738327026
123,C0,746,0.17266342043876648,0.17266342043876648
123,C0,747,0.26181530952453613,0.26181530952453613
123,C0,748,0.2324308454990387,0.2324308454990387
123,C0,749,0.25107094645500183,0.25107094645500183
123,C0,750,0.21497729420661926,0.21497729420661926
123,C0,751,0.2659374177455902,0.2659374177455902
123,C0,752,0.25710099935531616,0.25710099935531616
123,C0,753,0.18185418844223022,0.18185418844223022
123,C0,754,0.2450430691242218,0.2450430691242218
123,C0,755,0.2326173335313797,0.2326173335313797
123,C0,756,0.3139346241950989,0.3139346241950989
123,C0,757,0.23394520580768585,0.23394520580768585
123,C0,758,0.2685098648071289,0.2685098648071289
123,C0,759,0.23109841346740723,0.23109841346740723
123,C0,760,0.2591911554336548,0.2591911554336548
123,C0,761,0.2371182143688202,0.2371182143688202
123,C0,762,0.25350263714790344,0.25350263714790344
123,C0,763,0.32163766026496887,0.32163766026496887
123,C0,764,0.28122612833976746,0.28122612833976746
123,C0,765,0.2624765634536743,0.2624765634536743
123,C0,766,0.240934818983078,0.240934818983078
123,C0,767,0.24511981010437012,0.24511981010437012
123,C0,768,0.21712639927864075,0.21712639927864075
123,C0,769,0.22085270285606384,0.22085270285606384
123,C0,770,0.19344410300254822,0.19344410300254822
123,C0,771,0.22597414255142212,0.22597414255142212
123,C0,772,0.20025265216827393,0.20025265216827393
123,C0,773,0.2051461786031723,0.2051461786031723
123,C0,774,0.26442185044288635,0.26442185044288635
123,C0,775,0.22751834988594055,0.22751834988594055
123,C0,776,0.29639947414398193,0.29639947414398193
123,C0,777,0.2967861592769623,0.2967861592769623
123,C0,778,0.2640882134437561,0.2640882134437561
123,C0,779,0.27399492263793945,0.27399492263793945
123,C0,780,0.3332860767841339,0.3332860767841339
123,C0,781,0.20419296622276306,0.20419296622276306
123,C0,782,0.2901359498500824,0.2901359498500824
123,C0,783,0.20801596343517303,0.20801596343517303
123,C0,784,0.20930969715118408,0.20930969715118408
123,C0,785,0.19356217980384827,0.19356217980384827
123,C0,786,0.2818946838378906,0.2818946838378906
123,C0,787,0.25486430525779724,0.25486430525779724
123,C0,788,0.2368491291999817,0.2368491291999817
123,C0,789,0.24810576438903809,0.24810576438903809
123,C0,790,0.24103394150733948,0.24103394150733948
123,C0,791,0.20916692912578583,0.20916692912578583
123,C0,792,0.2634192705154419,0.2634192705154419
123,C0,793,0.23361653089523315,0.23361653089523315
123,C0,794,0.29328978061676025,0.29328978061676025
123,C0,795,0.21943525969982147,0.21943525969982147
123,C0,796,0.24010053277015686,0.24010053277015686
123,C0,797,0.2265005111694336,0.2265005111694336
123,C0,798,0.28749406337738037,0.28749406337738037
123,C0,799,0.28100329637527466,0.28100329637527466
123,C0,800,0.1884850561618805,0.1884850561618805
123,C0,801,0.24503882229328156,0.24503882229328156
123,C0,802,0.1620515137910843,0.1620515137910843
123,C0,803,0.23118136823177338,0.23118136823177338
123,C0,804,0.21736475825309753,0.21736475825309753
123,C0,805,0.2645880877971649,0.2645880877971649
123,C0,806,0.3330425024032593,0.3330425024032593
123,C0,807,0.24929098784923553,0.24929098784923553
123,C0,808,0.17340567708015442,0.17340567708015442
123,C0,809,0.2619721293449402,0.2619721293449402
123,C0,810,0.2538900375366211,0.2538900375366211
123,C0,811,0.27383947372436523,0.27383947372436523
123,C0,812,0.24857787787914276,0.24857787787914276
123,C0,813,0.3003096878528595,0.3003096878528595
123,C0,814,0.18032649159431458,0.18032649159431458
123,C0,815,0.23807132244110107,0.23807132244110107
123,C0,816,0.22546622157096863,0.22546622157096863
123,C0,817,0.2501165568828583,0.2501165568828583
123,C0,818,0.241659015417099,0.241659015417099
123,C0,819,0.26997071504592896,0.26997071504592896
123,C0,820,0.20306828618049622,0.20306828618049622
123,C0,821,0.2306096851825714,0.2306096851825714
123,C0,822,0.2445126175880432,0.2445126175880432
123,C0,823,0.2619320750236511,0.2619320750236511
123,C0,824,0.22986367344856262,0.22986367344856262
123,C0,825,0.23305848240852356,0.23305848240852356
123,C0,826,0.26103565096855164,0.26103565096855164
123,C0,827,0.309028685092926,0.309028685092926
123,C0,828,0.27599596977233887,0.27599596977233887
123,C0,829,0.2265200912952423,0.2265200912952423
123,C0,830,0.257457971572876,0.257457971572876
123,C0,831,0.196781188249588,0.196781188249588
123,C0,832,0.24489909410476685,0.24489909410476685
123,C0,833,0.2016502320766449,0.2016502320766449
123,C0,834,0.34278345108032227,0.34278345108032227
123,C0,835,0.25507044792175293,0.25507044792175293
123,C0,836,0.27796071767807007,0.27796071767807007
123,C0,837,0.19227030873298645,0.19227030873298645
123,C0,838,0.2406083643436432,0.2406083643436432
123,C0,839,0.29769742488861084,0.29769742488861084
123,C0,840,0.24900250136852264,0.24900250136852264
123,C0,841,0.25145387649536133,0.25145387649536133
123,C0,842,0.22962163388729095,0.22962163388729095
123,C0,843,0.19285321235656738,0.19285321235656738
123,C0,844,0.22721560299396515,0.22721560299396515
123,C0,845,0.2592087984085083,0.2592087984085083
123,C0,846,0.23397701978683472,0.23397701978683472
123,C0,847,0.23598581552505493,0.23598581552505493
123,C0,848,0.2328057885169983,0.2328057885169983
123,C0,849,0.3065292537212372,0.3065292537212372
123,C0,850,0.21278052031993866,0.21278052031993866
123,C0,851,0.24708455801010132,0.24708455801010132
123,C0,852,0.2354283630847931,0.2354283630847931
123,C0,853,0.20595887303352356,0.20595887303352356
123,C0,854,0.19154293835163116,0.19154293835163116
123,C0,855,0.22571775317192078,0.22571775317192078
123,C0,856,0.21392962336540222,0.21392962336540222
123,C0,857,0.24753853678703308,0.24753853678703308
123,C0,858,0.1494315266609192,0.1494315266609192
123,C0,859,0.3076532483100891,0.3076532483100891
123,C0,860,0.29433608055114746,0.29433608055114746
123,C0,861,0.21975788474082947,0.21975788474082947
123,C0,862,0.2513675093650818,0.2513675093650818
123,C0,863,0.24755702912807465,0.24755702912807465
123,C0,864,0.22729043662548065,0.22729043662548065
123,C0,865,0.2433883249759674,0.2433883249759674
123,C0,866,0.1915511190891266,0.1915511190891266
123,C0,867,0.23011940717697144,0.23011940717697144
123,C0,868,0.2621797025203705,0.2621797025203705
123,C0,869,0.21951723098754883,0.21951723098754883
123,C0,870,0.25718259811401367,0.25718259811401367
123,C0,871,0.3200433552265167,0.3200433552265167
123,C0,872,0.21800144016742706,0.21800144016742706
123,C0,873,0.24208293855190277,0.24208293855190277
123,C0,874,0.2111564576625824,0.2111564576625824
123,C0,875,0.21746280789375305,0.21746280789375305
123,C0,876,0.2293042242527008,0.2293042242527008
123,C0,877,0.23104949295520782,0.23104949295520782
123,C0,878,0.2681192457675934,0.2681192457675934
123,C0,879,0.2672129273414612,0.2672129273414612
123,C0,880,0.1989978849887848,0.1989978849887848
123,C0,881,0.2263830602169037,0.2263830602169037
123,C0,882,0.2501773238182068,0.2501773238182068
123,C0,883,0.25577792525291443,0.25577792525291443
123,C0,884,0.2360820770263672,0.2360820770263672
123,C0,885,0.31537872552871704,0.31537872552871704
123,C0,886,0.22358721494674683,0.22358721494674683
123,C0,887,0.27240538597106934,0.27240538597106934
123,C0,888,0.2382548600435257,0.2382548600435257
123,C0,889,0.33279314637184143,0.33279314637184143
123,C0,890,0.2593725025653839,0.2593725025653839
123,C0,891,0.2379453182220459,0.2379453182220459
123,C0,892,0.2126031368970871,0.2126031368970871
123,C0,893,0.22553877532482147,0.22553877532482147
123,C0,894,0.2311103641986847,0.2311103641986847
123,C0,895,0.25466734170913696,0.25466734170913696
123,C0,896,0.2595575451850891,0.2595575451850891
123,C0,897,0.2690112888813019,0.2690112888813019
123,C0,898,0.25520533323287964,0.25520533323287964
123,C0,899,0.2216019630432129,0.2216019630432129
123,C0,900,0.20993611216545105,0.20993611216545105
123,C0,901,0.23608729243278503,0.23608729243278503
123,C0,902,0.35241883993148804,0.35241883993148804
123,C0,903,0.2366267442703247,0.2366267442703247
123,C0,904,0.1954571157693863,0.1954571157693863
123,C0,905,0.24125313758850098,0.24125313758850098
123,C0,906,0.2067250907421112,0.2067250907421112
123,C0,907,0.21793881058692932,0.21793881058692932
123,C0,908,0.32138779759407043,0.32138779759407043
123,C0,909,0.1934802383184433,0.1934802383184433
123,C0,910,0.22526559233665466,0.22526559233665466
123,C0,911,0.2888585031032562,0.2888585031032562
123,C0,912,0.23914285004138947,0.23914285004138947
123,C0,913,0.22974024713039398,0.22974024713039398
123,C0,914,0.22279591858386993,0.22279591858386993
123,C0,915,0.20117464661598206,0.20117464661598206
123,C0,916,0.23212730884552002,0.23212730884552002
123,C0,917,0.22937245666980743,0.22937245666980743
123,C0,918,0.2264464646577835,0.2264464646577835
123,C0,919,0.21923035383224487,0.21923035383224487
123,C0,920,0.2832677364349365,0.2832677364349365
123,C0,921,0.28167209029197693,0.28167209029197693
123,C0,922,0.25086572766304016,0.25086572766304016
123,C0,923,0.2041347175836563,0.2041347175836563
123,C0,924,0.2563493549823761,0.2563493549823761
123,C0,925,0.27572664618492126,0.27572664618492126
123,C0,926,0.2542840838432312,0.2542840838432312
123,C0,927,0.2160344123840332,0.2160344123840332
123,C0,928,0.2527328431606293,0.2527328431606293
123,C0,929,0.282747358083725,0.282747358083725
123,C0,930,0.2279246747493744,0.2279246747493744
123,C0,931,0.24884483218193054,0.24884483218193054
123,C0,932,0.19864463806152344,0.19864463806152344
123,C0,933,0.22930747270584106,0.22930747270584106
123,C0,934,0.24592973291873932,0.24592973291873932
123,C0,935,0.21280038356781006,0.21280038356781006
123,C0,936,0.2923286557197571,0.2923286557197571
123,C0,937,0.27492156624794006,0.27492156624794006
123,C0,938,0.2557699680328369,0.2557699680328369
123,C0,939,0.2317463755607605,0.2317463755607605
123,C0,940,0.2844206690788269,0.2844206690788269
123,C0,941,0.23536184430122375,0.23536184430122375
123,C0,942,0.2796857953071594,0.2796857953071594
123,C0,943,0.1513591855764389,0.1513591855764389
123,C0,944,0.2709857225418091,0.2709857225418091
123,C0,945,0.17751629650592804,0.17751629650592804
123,C0,946,0.2509792149066925,0.2509792149066925
123,C0,947,0.2711332440376282,0.2711332440376282
123,C0,948,0.2860936224460602,0.2860936224460602
123,C0,949,0.2389179766178131,0.2389179766178131
123,C0,950,0.26217153668403625,0.26217153668403625
123,C0,951,0.29601848125457764,0.29601848125457764
123,C0,952,0.20289567112922668,0.20289567112922668
123,C0,953,0.24779826402664185,0.24779826402664185
123,C0,954,0.24369847774505615,0.24369847774505615
123,C0,955,0.24500665068626404,0.24500665068626404
123,C0,956,0.28314417600631714,0.28314417600631714
123,C0,957,0.33703160285949707,0.33703160285949707
123,C0,958,0.2742374837398529,0.2742374837398529
123,C0,959,0.2414526641368866,0.2414526641368866
123,C0,960,0.20002683997154236,0.20002683997154236
123,C0,961,0.21550920605659485,0.21550920605659485
123,C0,962,0.23980583250522614,0.23980583250522614
123,C0,963,0.23889696598052979,0.23889696598052979
123,C0,964,0.19106969237327576,0.19106969237327576
123,C0,965,0.24986720085144043,0.24986720085144043
123,C0,966,0.19839680194854736,0.19839680194854736
123,C0,967,0.33651506900787354,0.33651506900787354
123,C0,968,0.21040134131908417,0.21040134131908417
123,C0,969,0.2308809459209442,0.2308809459209442
123,C0,970,0.239996075630188,0.239996075630188
123,C0,971,0.21508151292800903,0.21508151292800903
123,C0,972,0.25239938497543335,0.25239938497543335
123,C0,973,0.25829148292541504,0.25829148292541504
123,C0,974,0.19257467985153198,0.19257467985153198
123,C0,975,0.26618069410324097,0.26618069410324097
123,C0,976,0.2480584979057312,0.2480584979057312
123,C0,977,0.19292451441287994,0.19292451441287994
123,C0,978,0.2219211757183075,0.2219211757183075
123,C0,979,0.2492402046918869,0.2492402046918869
123,C0,980,0.19820424914360046,0.19820424914360046
123,C0,981,0.2293410301208496,0.2293410301208496
123,C0,982,0.23355022072792053,0.23355022072792053
123,C0,983,0.21242210268974304,0.21242210268974304
123,C0,984,0.22699615359306335,0.22699615359306335
123,C0,985,0.22334732115268707,0.22334732115268707
123,C0,986,0.2551993131637573,0.2551993131637573
123,C0,987,0.26717621088027954,0.26717621088027954
123,C0,988,0.2103728950023651,0.2103728950023651
123,C0,989,0.19327577948570251,0.19327577948570251
123,C0,990,0.3444649875164032,0.3444649875164032
123,C0,991,0.31843453645706177,0.31843453645706177
123,C0,992,0.27907463908195496,0.27907463908195496
123,C0,993,0.2944507300853729,0.2944507300853729
123,C0,994,0.21335412561893463,0.21335412561893463
123,C0,995,0.2555098235607147,0.2555098235607147
123,C0,996,0.24528491497039795,0.24528491497039795
123,C0,997,0.1917707622051239,0.1917707622051239
123,C0,998,0.22475650906562805,0.22475650906562805
123,C0,999,0.219687357544899,0.219687357544899
123,C0,1000,0.20055115222930908,0.20055115222930908
123,C0,1001,0.2246263176202774,0.2246263176202774
123,C0,1002,0.2335568517446518,0.2335568517446518
123,C0,1003,0.2983825206756592,0.2983825206756592
123,C0,1004,0.203245609998703,0.203245609998703
123,C0,1005,0.24662496149539948,0.24662496149539948
123,C0,1006,0.22113178670406342,0.22113178670406342
123,C0,1007,0.23424872756004333,0.23424872756004333
123,C0,1008,0.18753808736801147,0.18753808736801147
123,C0,1009,0.21315282583236694,0.21315282583236694
123,C0,1010,0.2142908275127411,0.2142908275127411
123,C0,1011,0.24725480377674103,0.24725480377674103
123,C0,1012,0.27311989665031433,0.27311989665031433
123,C0,1013,0.23421409726142883,0.23421409726142883
123,C0,1014,0.2615768313407898,0.2615768313407898
123,C0,1015,0.292244017124176,0.292244017124176
123,C0,1016,0.2370142638683319,0.2370142638683319
123,C0,1017,0.24190622568130493,0.24190622568130493
123,C0,1018,0.26369988918304443,0.26369988918304443
123,C0,1019,0.19773386418819427,0.19773386418819427
123,C0,1020,0.26568442583084106,0.26568442583084106
123,C0,1021,0.25003504753112793,0.25003504753112793
123,C0,1022,0.2600913941860199,0.2600913941860199
123,C0,1023,0.18083450198173523,0.18083450198173523
123,C0,1024,0.19550201296806335,0.19550201296806335
123,C0,1025,0.2602289021015167,0.2602289021015167
123,C0,1026,0.19054970145225525,0.19054970145225525
123,C0,1027,0.23802277445793152,0.23802277445793152
123,C0,1028,0.21619701385498047,0.21619701385498047
123,C0,1029,0.2991429567337036,0.2991429567337036
123,C0,1030,0.21836446225643158,0.21836446225643158
123,C0,1031,0.25150954723358154,0.25150954723358154
123,C0,1032,0.21890667080879211,0.21890667080879211
123,C0,1033,0.2095119059085846,0.2095119059085846
123,C0,1034,0.245235413312912,0.245235413312912
123,C0,1035,0.21813467144966125,0.21813467144966125
123,C0,1036,0.2440425604581833,0.2440425604581833
123,C0,1037,0.23490256071090698,0.23490256071090698
123,C0,1038,0.20557209849357605,0.20557209849357605
123,C0,1039,0.1695706993341446,0.1695706993341446
123,C0,1040,0.19925327599048615,0.19925327599048615
123,C0,1041,0.27380672097206116,0.27380672097206116
123,C0,1042,0.30541905760765076,0.30541905760765076
123,C0,1043,0.27036046981811523,0.27036046981811523
123,C0,1044,0.22677630186080933,0.22677630186080933
123,C0,1045,0.24017928540706635,0.24017928540706635
123,C0,1046,0.2325422614812851,0.2325422614812851
123,C0,1047,0.2341514229774475,0.2341514229774475
123,C0,1048,0.2411574423313141,0.2411574423313141
123,C0,1049,0.24152570962905884,0.24152570962905884
123,C0,1050,0.2513549327850342,0.2513549327850342
123,C0,1051,0.20617368817329407,0.20617368817329407
123,C0,1052,0.2610384225845337,0.2610384225845337
123,C0,1053,0.22806072235107422,0.22806072235107422
123,C0,1054,0.2548048496246338,0.2548048496246338
123,C0,1055,0.24037878215312958,0.24037878215312958
123,C0,1056,0.2599537968635559,0.2599537968635559
123,C0,1057,0.2127729058265686,0.2127729058265686
123,C0,1058,0.19620217382907867,0.19620217382907867
123,C0,1059,0.2525971233844757,0.2525971233844757
123,C0,1060,0.28013744950294495,0.28013744950294495
123,C0,1061,0.2390558421611786,0.2390558421611786
123,C0,1062,0.2853562831878662,0.2853562831878662
123,C0,1063,0.21887847781181335,0.21887847781181335
123,C0,1064,0.20961156487464905,0.20961156487464905
123,C0,1065,0.2447260618209839,0.2447260618209839
123,C0,1066,0.20972925424575806,0.20972925424575806
123,C0,1067,0.22383037209510803,0.22383037209510803
123,C0,1068,0.21792078018188477,0.21792078018188477
123,C0,1069,0.2753680944442749,0.2753680944442749
123,C0,1070,0.28558918833732605,0.28558918833732605
123,C0,1071,0.24521443247795105,0.24521443247795105
123,C0,1072,0.2246943861246109,0.2246943861246109
123,C0,1073,0.3072502613067627,0.3072502613067627
123,C0,1074,0.28238242864608765,0.28238242864608765
123,C0,1075,0.2852723002433777,0.2852723002433777
123,C0,1076,0.2344757318496704,0.2344757318496704
123,C0,1077,0.23830457031726837,0.23830457031726837
123,C0,1078,0.26530635356903076,0.26530635356903076
123,C0,1079,0.23009297251701355,0.23009297251701355
123,C0,1080,0.21885406970977783,0.21885406970977783
123,C0,1081,0.22661106288433075,0.22661106288433075
123,C0,1082,0.2737119495868683,0.2737119495868683
123,C0,1083,0.2219124138355255,0.2219124138355255
123,C0,1084,0.261735737323761,0.261735737323761
123,C0,1085,0.23086205124855042,0.23086205124855042
123,C0,1086,0.20987792313098907,0.20987792313098907
123,C0,1087,0.1708759069442749,0.1708759069442749
123,C0,1088,0.21560032665729523,0.21560032665729523
123,C0,1089,0.2595883011817932,0.2595883011817932
123,C0,1090,0.19535323977470398,0.19535323977470398
123,C0,1091,0.2393166720867157,0.2393166720867157
123,C0,1092,0.26883143186569214,0.26883143186569214
123,C0,1093,0.29910340905189514,0.29910340905189514
123,C0,1094,0.29378199577331543,0.29378199577331543
123,C0,1095,0.2901918590068817,0.2901918590068817
123,C0,1096,0.27933651208877563,0.27933651208877563
123,C0,1097,0.21184119582176208,0.21184119582176208
123,C0,1098,0.2175474762916565,0.2175474762916565
123,C0,1099,0.18848147988319397,0.18848147988319397
123,C0,1100,0.25130778551101685,0.25130778551101685
123,C0,1101,0.22049596905708313,0.22049596905708313
123,C0,1102,0.25106143951416016,0.25106143951416016
123,C0,1103,0.25107935070991516,0.25107935070991516
123,C0,1104,0.2561762034893036,0.2561762034893036
123,C0,1105,0.19297908246517181,0.19297908246517181
123,C0,1106,0.2671203017234802,0.2671203017234802
123,C0,1107,0.20726308226585388,0.20726308226585388
123,C0,1108,0.23218980431556702,0.23218980431556702
123,C0,1109,0.24262908101081848,0.24262908101081848
123,C0,1110,0.21298545598983765,0.21298545598983765
123,C0,1111,0.24959596991539001,0.24959596991539001
123,C0,1112,0.21361854672431946,0.21361854672431946
123,C0,1113,0.26177045702934265,0.26177045702934265
123,C0,1114,0.20142191648483276,0.20142191648483276
123,C0,1115,0.24814428389072418,0.24814428389072418
123,C0,1116,0.25696879625320435,0.25696879625320435
123,C0,1117,0.1580144315958023,0.1580144315958023
123,C0,1118,0.20863234996795654,0.20863234996795654
123,C0,1119,0.2558603286743164,0.2558603286743164
123,C0,1120,0.23238489031791687,0.23238489031791687
123,C0,1121,0.21171313524246216,0.21171313524246216
123,C0,1122,0.21724554896354675,0.21724554896354675
123,C0,1123,0.18355782330036163,0.18355782330036163
123,C0,1124,0.2507718801498413,0.2507718801498413
123,C0,1125,0.2352750599384308,0.2352750599384308
123,C0,1126,0.237507164478302,0.237507164478302
123,C0,1127,0.23772171139717102,0.23772171139717102
123,C0,1128,0.23922911286354065,0.23922911286354065
123,C0,1129,0.25179970264434814,0.25179970264434814
123,C0,1130,0.1826179176568985,0.1826179176568985
123,C0,1131,0.28749603033065796,0.28749603033065796
123,C0,1132,0.22082951664924622,0.22082951664924622
123,C0,1133,0.2422361522912979,0.2422361522912979
123,C0,1134,0.26689913868904114,0.26689913868904114
123,C0,1135,0.21938671171665192,0.21938671171665192
123,C0,1136,0.2399907112121582,0.2399907112121582
123,C0,1137,0.24961861968040466,0.24961861968040466
123,C0,1138,0.20476976037025452,0.20476976037025452
123,C0,1139,0.2224520891904831,0.2224520891904831
123,C0,1140,0.18639536201953888,0.18639536201953888
123,C0,1141,0.22980639338493347,0.22980639338493347
123,C0,1142,0.23594826459884644,0.23594826459884644
123,C0,1143,0.22313544154167175,0.22313544154167175
123,C0,1144,0.2567121982574463,0.2567121982574463
123,C0,1145,0.2606970965862274,0.2606970965862274
123,C0,1146,0.2922036349773407,0.2922036349773407
123,C0,1147,0.22194238007068634,0.22194238007068634
123,C0,1148,0.20927740633487701,0.20927740633487701
123,C0,1149,0.27528536319732666,0.27528536319732666
123,C0,1150,0.22819547355175018,0.22819547355175018
123,C0,1151,0.20804837346076965,0.20804837346076965
123,C0,1152,0.22952648997306824,0.22952648997306824
123,C0,1153,0.24291463196277618,0.24291463196277618
123,C0,1154,0.2605717182159424,0.2605717182159424
123,C0,1155,0.22597184777259827,0.22597184777259827
123,C0,1156,0.2697488069534302,0.2697488069534302
123,C0,1157,0.27447742223739624,0.27447742223739624
123,C0,1158,0.269575834274292,0.269575834274292
123,C0,1159,0.236051544547081,0.236051544547081
123,C0,1160,0.204641193151474,0.204641193151474
123,C0,1161,0.24692091345787048,0.24692091345787048
123,C0,1162,0.26662904024124146,0.26662904024124146
123,C0,1163,0.1595059335231781,0.1595059335231781
123,C0,1164,0.2699432373046875,0.2699432373046875
123,C0,1165,0.20021821558475494,0.20021821558475494
123,C0,1166,0.24628940224647522,0.24628940224647522
123,C0,1167,0.21859167516231537,0.21859167516231537
123,C0,1168,0.21823126077651978,0.21823126077651978
123,C0,1169,0.2199907898902893,0.2199907898902893
123,C0,1170,0.20850858092308044,0.20850858092308044
123,C0,1171,0.2300199270248413,0.2300199270248413
123,C0,1172,0.2662998139858246,0.2662998139858246
123,C0,1173,0.22421996295452118,0.22421996295452118
123,C0,1174,0.25741973519325256,0.25741973519325256
123,C0,1175,0.20945332944393158,0.20945332944393158
123,C0,1176,0.27588486671447754,0.27588486671447754
123,C0,1177,0.2521827816963196,0.2521827816963196
123,C0,1178,0.21821841597557068,0.21821841597557068
123,C0,1179,0.26134371757507324,0.26134371757507324
123,C0,1180,0.2187872678041458,0.2187872678041458
123,C0,1181,0.21493613719940186,0.21493613719940186
123,C0,1182,0.2745684087276459,0.2745684087276459
123,C0,1183,0.22266408801078796,0.22266408801078796
123,C0,1184,0.20078489184379578,0.20078489184379578
123,C0,1185,0.20023459196090698,0.20023459196090698
123,C0,1186,0.2843067944049835,0.2843067944049835
123,C0,1187,0.23461106419563293,0.23461106419563293
123,C0,1188,0.23588870465755463,0.23588870465755463
123,C0,1189,0.18719680607318878,0.18719680607318878
123,C0,1190,0.18278776109218597,0.18278776109218597
123,C0,1191,0.23869574069976807,0.23869574069976807
123,C0,1192,0.1973588764667511,0.1973588764667511
123,C0,1193,0.21613627672195435,0.21613627672195435
123,C0,1194,0.2548964023590088,0.2548964023590088
123,C0,1195,0.21093711256980896,0.21093711256980896
123,C0,1196,0.23395803570747375,0.23395803570747375
123,C0,1197,0.23614728450775146,0.23614728450775146
123,C0,1198,0.23262201249599457,0.23262201249599457
123,C0,1199,0.2307083010673523,0.2307083010673523
123,C0,1200,0.2134605050086975,0.2134605050086975
123,C0,1201,0.26502662897109985,0.26502662897109985
123,C0,1202,0.2612566351890564,0.2612566351890564
123,C0,1203,0.2108750194311142,0.2108750194311142
123,C0,1204,0.21238553524017334,0.21238553524017334
123,C0,1205,0.25800463557243347,0.25800463557243347
123,C0,1206,0.34632667899131775,0.34632667899131775
123,C0,1207,0.2540969252586365,0.2540969252586365
123,C0,1208,0.24459439516067505,0.24459439516067505
123,C0,1209,0.24307388067245483,0.24307388067245483
123,C0,1210,0.269708514213562,0.269708514213562
123,C0,1211,0.27745839953422546,0.27745839953422546
123,C0,1212,0.2881145179271698,0.2881145179271698
123,C0,1213,0.2626364827156067,0.2626364827156067
123,C0,1214,0.32551509141921997,0.32551509141921997
123,C0,1215,0.2493535876274109,0.2493535876274109
123,C0,1216,0.2261095643043518,0.2261095643043518
123,C0,1217,0.27769970893859863,0.27769970893859863
123,C0,1218,0.2222956120967865,0.2222956120967865
123,C0,1219,0.24784596264362335,0.24784596264362335
123,C0,1220,0.18173998594284058,0.18173998594284058
123,C0,1221,0.27607667446136475,0.27607667446136475
123,C0,1222,0.2369389533996582,0.2369389533996582
123,C0,1223,0.23377090692520142,0.23377090692520142
123,C0,1224,0.270835816860199,0.270835816860199
123,C0,1225,0.22718754410743713,0.22718754410743713
123,C0,1226,0.2800354063510895,0.2800354063510895
123,C0,1227,0.2618352770805359,0.2618352770805359
123,C0,1228,0.29136648774147034,0.29136648774147034
123,C0,1229,0.1825760006904602,0.1825760006904602
123,C0,1230,0.29312121868133545,0.29312121868133545
123,C0,1231,0.23789967596530914,0.23789967596530914
123,C0,1232,0.2157256007194519,0.2157256007194519
123,C0,1233,0.20764267444610596,0.20764267444610596
123,C0,1234,0.21310380101203918,0.21310380101203918
123,C0,1235,0.2067255675792694,0.2067255675792694
123,C0,1236,0.1793520152568817,0.1793520152568817
123,C0,1237,0.2545316815376282,0.2545316815376282
123,C0,1238,0.23742973804473877,0.23742973804473877
123,C0,1239,0.2248898446559906,0.2248898446559906
123,C0,1240,0.29198288917541504,0.29198288917541504
123,C0,1241,0.2457539290189743,0.2457539290189743
123,C0,1242,0.3089464008808136,0.3089464008808136
123,C0,1243,0.19275718927383423,0.19275718927383423
123,C0,1244,0.2023850679397583,0.2023850679397583
123,C0,1245,0.2431570291519165,0.2431570291519165
123,C0,1246,0.25997012853622437,0.25997012853622437
123,C0,1247,0.21639421582221985,0.21639421582221985
123,C0,1248,0.22693756222724915,0.22693756222724915
123,C0,1249,0.19939513504505157,0.19939513504505157
123,C0,1250,0.26487064361572266,0.26487064361572266
123,C0,1251,0.22932542860507965,0.22932542860507965
123,C0,1252,0.2307615578174591,0.2307615578174591
123,C0,1253,0.19312730431556702,0.19312730431556702
123,C0,1254,0.19810029864311218,0.19810029864311218
123,C0,1255,0.22675518691539764,0.22675518691539764
123,C0,1256,0.29768097400665283,0.29768097400665283
123,C0,1257,0.2223111242055893,0.2223111242055893
123,C0,1258,0.30333492159843445,0.30333492159843445
123,C0,1259,0.25393322110176086,0.25393322110176086
123,C0,1260,0.2685961127281189,0.2685961127281189
123,C0,1261,0.26728835701942444,0.26728835701942444
123,C0,1262,0.2685891389846802,0.2685891389846802
123,C0,1263,0.24236667156219482,0.24236667156219482
123,C0,1264,0.2564404606819153,0.2564404606819153
123,C0,1265,0.29069557785987854,0.29069557785987854
123,C0,1266,0.222948357462883,0.222948357462883
123,C0,1267,0.18381111323833466,0.18381111323833466
123,C0,1268,0.22580978274345398,0.22580978274345398
123,C0,1269,0.16231022775173187,0.16231022775173187
123,C0,1270,0.2614361047744751,0.2614361047744751
123,C0,1271,0.27207130193710327,0.27207130193710327
123,C0,1272,0.22929395735263824,0.22929395735263824
123,C0,1273,0.21190780401229858,0.21190780401229858
123,C0,1274,0.19085821509361267,0.19085821509361267
123,C0,1275,0.24280843138694763,0.24280843138694763
123,C0,1276,0.24849453568458557,0.24849453568458557
123,C0,1277,0.2941926419734955,0.2941926419734955
123,C0,1278,0.25397682189941406,0.25397682189941406
123,C0,1279,0.21685397624969482,0.21685397624969482
123,C0,1280,0.22988136112689972,0.22988136112689972
123,C0,1281,0.2411855012178421,0.2411855012178421
123,C0,1282,0.23737969994544983,0.23737969994544983
123,C0,1283,0.2092377096414566,0.2092377096414566
123,C0,1284,0.22348758578300476,0.22348758578300476
123,C0,1285,0.23851147294044495,0.23851147294044495
123,C0,1286,0.2699863314628601,0.2699863314628601
123,C0,1287,0.23322275280952454,0.23322275280952454
123,C0,1288,0.23906393349170685,0.23906393349170685
123,C0,1289,0.28507551550865173,0.28507551550865173
123,C0,1290,0.29751038551330566,0.29751038551330566
123,C0,1291,0.30590900778770447,0.30590900778770447
123,C0,1292,0.20410655438899994,0.20410655438899994
123,C0,1293,0.22398628294467926,0.22398628294467926
123,C0,1294,0.24133439362049103,0.24133439362049103
123,C0,1295,0.20602929592132568,0.20602929592132568
123,C0,1296,0.1947050839662552,0.1947050839662552
123,C0,1297,0.26647114753723145,0.26647114753723145
123,C0,1298,0.18730428814888,0.18730428814888
123,C0,1299,0.1940126121044159,0.1940126121044159
123,C0,1300,0.21112944185733795,0.21112944185733795
123,C0,1301,0.22039848566055298,0.22039848566055298
123,C0,1302,0.2059575319290161,0.2059575319290161
123,C0,1303,0.186617910861969,0.186617910861969
123,C0,1304,0.3127535283565521,0.3127535283565521
123,C0,1305,0.2188318520784378,0.2188318520784378
123,C0,1306,0.16933098435401917,0.16933098435401917
123,C0,1307,0.28450170159339905,0.28450170159339905
123,C0,1308,0.2687230110168457,0.2687230110168457
123,C0,1309,0.24143649637699127,0.24143649637699127
123,C0,1310,0.2808666229248047,0.2808666229248047
123,C0,1311,0.2724848985671997,0.2724848985671997
123,C0,1312,0.24461579322814941,0.24461579322814941
123,C0,1313,0.14955595135688782,0.14955595135688782
123,C0,1314,0.23540890216827393,0.23540890216827393
123,C0,1315,0.2347370684146881,0.2347370684146881
123,C0,1316,0.26802873611450195,0.26802873611450195
123,C0,1317,0.26221442222595215,0.26221442222595215
123,C0,1318,0.21805137395858765,0.21805137395858765
123,C0,1319,0.2162889540195465,0.2162889540195465
123,C0,1320,0.22984908521175385,0.22984908521175385
123,C0,1321,0.2729561924934387,0.2729561924934387
123,C0,1322,0.2777276635169983,0.2777276635169983
123,C0,1323,0.2294277399778366,0.2294277399778366
123,C0,1324,0.30288898944854736,0.30288898944854736
123,C0,1325,0.2339579463005066,0.2339579463005066
123,C0,1326,0.2197047621011734,0.2197047621011734
123,C0,1327,0.21884247660636902,0.21884247660636902
123,C0,1328,0.305666983127594,0.305666983127594
123,C0,1329,0.20145441591739655,0.20145441591739655
123,C0,1330,0.24079257249832153,0.24079257249832153
123,C0,1331,0.1986740529537201,0.1986740529537201
123,C0,1332,0.17766228318214417,0.17766228318214417
123,C0,1333,0.22433871030807495,0.22433871030807495
123,C0,1334,0.21603867411613464,0.21603867411613464
123,C0,1335,0.2709652781486511,0.2709652781486511
123,C0,1336,0.15948456525802612,0.15948456525802612
123,C0,1337,0.27710455656051636,0.27710455656051636
123,C0,1338,0.24434073269367218,0.24434073269367218
123,C0,1339,0.2203494906425476,0.2203494906425476
123,C0,1340,0.24910545349121094,0.24910545349121094
123,C0,1341,0.3028565049171448,0.3028565049171448
123,C0,1342,0.28138989210128784,0.28138989210128784
123,C0,1343,0.22553619742393494,0.22553619742393494
123,C0,1344,0.1772342026233673,0.1772342026233673
123,C0,1345,0.16497445106506348,0.16497445106506348
123,C0,1346,0.2858673334121704,0.2858673334121704
123,C0,1347,0.22671672701835632,0.22671672701835632
123,C0,1348,0.21846100687980652,0.21846100687980652
123,C0,1349,0.24331459403038025,0.24331459403038025
123,C0,1350,0.26868736743927,0.26868736743927
123,C0,1351,0.22452467679977417,0.22452467679977417
123,C0,1352,0.28659969568252563,0.28659969568252563
123,C0,1353,0.2588467001914978,0.2588467001914978
123,C0,1354,0.1980588734149933,0.1980588734149933
123,C0,1355,0.2669399678707123,0.2669399678707123
123,C0,1356,0.22264817357063293,0.22264817357063293
123,C0,1357,0.2301102578639984,0.2301102578639984
123,C0,1358,0.33289623260498047,0.33289623260498047
123,C0,1359,0.21128088235855103,0.21128088235855103
123,C0,1360,0.2126045823097229,0.2126045823097229
123,C0,1361,0.2488195300102234,0.2488195300102234
123,C0,1362,0.2659144997596741,0.2659144997596741
123,C0,1363,0.21729661524295807,0.21729661524295807
123,C0,1364,0.20812147855758667,0.20812147855758667
123,C0,1365,0.21842685341835022,0.21842685341835022
123,C0,1366,0.31702810525894165,0.31702810525894165
123,C0,1367,0.23982924222946167,0.23982924222946167
123,C0,1368,0.2604846954345703,0.2604846954345703
123,C0,1369,0.2470930814743042,0.2470930814743042
123,C0,1370,0.22121447324752808,0.22121447324752808
123,C0,1371,0.184735968708992,0.184735968708992
123,C0,1372,0.20369142293930054,0.20369142293930054
123,C0,1373,0.23027361929416656,0.23027361929416656
123,C0,1374,0.23660777509212494,0.23660777509212494
123,C0,1375,0.270058274269104,0.270058274269104
123,C0,1376,0.22524750232696533,0.22524750232696533
123,C0,1377,0.20162372291088104,0.20162372291088104
123,C0,1378,0.2572544813156128,0.2572544813156128
123,C0,1379,0.2529776096343994,0.2529776096343994
123,C0,1380,0.23951846361160278,0.23951846361160278
123,C0,1381,0.27217400074005127,0.27217400074005127
123,C0,1382,0.24453924596309662,0.24453924596309662
123,C0,1383,0.2164461463689804,0.2164461463689804
123,C0,1384,0.21447505056858063,0.21447505056858063
123,C0,1385,0.21692031621932983,0.21692031621932983
123,C0,1386,0.24604111909866333,0.24604111909866333
123,C0,1387,0.2681787610054016,0.2681787610054016
123,C0,1388,0.25641512870788574,0.25641512870788574
123,C0,1389,0.28419965505599976,0.28419965505599976
123,C0,1390,0.21175959706306458,0.21175959706306458
123,C0,1391,0.19300644099712372,0.19300644099712372
123,C0,1392,0.2310429811477661,0.2310429811477661
123,C0,1393,0.2252209484577179,0.2252209484577179
123,C0,1394,0.2029487043619156,0.2029487043619156
123,C0,1395,0.21454045176506042,0.21454045176506042
123,C0,1396,0.20526567101478577,0.20526567101478577
123,C0,1397,0.2801860570907593,0.2801860570907593
123,C0,1398,0.2100754827260971,0.2100754827260971
123,C0,1399,0.22428132593631744,0.22428132593631744
123,C0,1400,0.23351110517978668,0.23351110517978668
123,C0,1401,0.23677195608615875,0.23677195608615875
123,C0,1402,0.1645093709230423,0.1645093709230423
123,C0,1403,0.1829122006893158,0.1829122006893158
123,C0,1404,0.2873234152793884,0.2873234152793884
123,C0,1405,0.21802368760108948,0.21802368760108948
123,C0,1406,0.20954768359661102,0.20954768359661102
123,C0,1407,0.21377310156822205,0.21377310156822205
123,C0,1408,0.2051357924938202,0.2051357924938202
123,C0,1409,0.2502902150154114,0.2502902150154114
123,C0,1410,0.18435810506343842,0.18435810506343842
123,C0,1411,0.2519083023071289,0.2519083023071289
123,C0,1412,0.20445111393928528,0.20445111393928528
123,C0,1413,0.20885197818279266,0.20885197818279266
123,C0,1414,0.22225472331047058,0.22225472331047058
123,C0,1415,0.27340227365493774,0.27340227365493774
123,C0,1416,0.2399948239326477,0.2399948239326477
123,C0,1417,0.2815435230731964,0.2815435230731964
123,C0,1418,0.2488974779844284,0.2488974779844284
123,C0,1419,0.2129972279071808,0.2129972279071808
123,C0,1420,0.23106026649475098,0.23106026649475098
123,C0,1421,0.2350183129310608,0.2350183129310608
123,C0,1422,0.22912195324897766,0.22912195324897766
123,C0,1423,0.21002870798110962,0.21002870798110962
123,C0,1424,0.2040015310049057,0.2040015310049057
123,C0,1425,0.19430094957351685,0.19430094957351685
123,C0,1426,0.21696779131889343,0.21696779131889343
123,C0,1427,0.2297230213880539,0.2297230213880539
123,C0,1428,0.1853218972682953,0.1853218972682953
123,C0,1429,0.2072727233171463,0.2072727233171463
123,C0,1430,0.21342702209949493,0.21342702209949493
123,C0,1431,0.2635419964790344,0.2635419964790344
123,C0,1432,0.22041921317577362,0.22041921317577362
123,C0,1433,0.22645258903503418,0.22645258903503418
123,C0,1434,0.26146581768989563,0.26146581768989563
123,C0,1435,0.2438974678516388,0.2438974678516388
123,C0,1436,0.22958728671073914,0.22958728671073914
123,C0,1437,0.21923288702964783,0.21923288702964783
123,C0,1438,0.1980273723602295,0.1980273723602295
123,C0,1439,0.2828696072101593,0.2828696072101593
123,C0,1440,0.3014451861381531,0.3014451861381531
123,C0,1441,0.20987896621227264,0.20987896621227264
123,C0,1442,0.2769981324672699,0.2769981324672699
123,C0,1443,0.268679678440094,0.268679678440094
123,C0,1444,0.2282153069972992,0.2282153069972992
123,C0,1445,0.23487213253974915,0.23487213253974915
123,C0,1446,0.26224184036254883,0.26224184036254883
123,C0,1447,0.18930137157440186,0.18930137157440186
123,C0,1448,0.18224194645881653,0.18224194645881653
123,C0,1449,0.23676681518554688,0.23676681518554688
123,C0,1450,0.2345866560935974,0.2345866560935974
123,C0,1451,0.22685286402702332,0.22685286402702332
123,C0,1452,0.29673898220062256,0.29673898220062256
123,C0,1453,0.23664434254169464,0.23664434254169464
123,C0,1454,0.19463516771793365,0.19463516771793365
123,C0,1455,0.23943005502223969,0.23943005502223969
123,C0,1456,0.25255119800567627,0.25255119800567627
123,C0,1457,0.2393820583820343,0.2393820583820343
123,C0,1458,0.276100218296051,0.276100218296051
123,C0,1459,0.19191649556159973,0.19191649556159973
123,C0,1460,0.250053733587265,0.250053733587265
123,C0,1461,0.20577023923397064,0.20577023923397064
123,C0,1462,0.2637782096862793,0.2637782096862793
123,C0,1463,0.2865809202194214,0.2865809202194214
123,C0,1464,0.22552578151226044,0.22552578151226044
123,C0,1465,0.19472886621952057,0.19472886621952057
123,C0,1466,0.21578450500965118,0.21578450500965118
123,C0,1467,0.20002537965774536,0.20002537965774536
123,C0,1468,0.2992890179157257,0.2992890179157257
123,C0,1469,0.20216256380081177,0.20216256380081177
123,C0,1470,0.321829617023468,0.321829617023468
123,C0,1471,0.2082427591085434,0.2082427591085434
123,C0,1472,0.3246403932571411,0.3246403932571411
123,C0,1473,0.22914892435073853,0.22914892435073853
123,C0,1474,0.18354129791259766,0.18354129791259766
123,C0,1475,0.24271820485591888,0.24271820485591888
123,C0,1476,0.20250274240970612,0.20250274240970612
123,C0,1477,0.2346733808517456,0.2346733808517456
123,C0,1478,0.22768479585647583,0.22768479585647583
123,C0,1479,0.17986543476581573,0.17986543476581573
123,C0,1480,0.196356400847435,0.196356400847435
123,C0,1481,0.27234771847724915,0.27234771847724915
123,C0,1482,0.35677462816238403,0.35677462816238403
123,C0,1483,0.31264567375183105,0.31264567375183105
123,C0,1484,0.2208349108695984,0.2208349108695984
123,C0,1485,0.20026004314422607,0.20026004314422607
123,C0,1486,0.23415438830852509,0.23415438830852509
123,C0,1487,0.28943032026290894,0.28943032026290894
123,C0,1488,0.24276918172836304,0.24276918172836304
123,C0,1489,0.218854621052742,0.218854621052742
123,C0,1490,0.25710129737854004,0.25710129737854004
123,C0,1491,0.2244393229484558,0.2244393229484558
123,C0,1492,0.23141805827617645,0.23141805827617645
123,C0,1493,0.2260603904724121,0.2260603904724121
123,C0,1494,0.2123270481824875,0.2123270481824875
123,C0,1495,0.20867855846881866,0.20867855846881866
123,C0,1496,0.23493245244026184,0.23493245244026184
123,C0,1497,0.24072487652301788,0.24072487652301788
123,C0,1498,0.23637782037258148,0.23637782037258148
123,C0,1499,0.2504129409790039,0.2504129409790039
123,C0,1500,0.27060815691947937,0.27060815691947937
123,C0,1501,0.24620254337787628,0.24620254337787628
123,C0,1502,0.2538195252418518,0.2538195252418518
123,C0,1503,0.20195111632347107,0.20195111632347107
123,C0,1504,0.24065175652503967,0.24065175652503967
123,C0,1505,0.22360272705554962,0.22360272705554962
123,C0,1506,0.22587653994560242,0.22587653994560242
123,C0,1507,0.2607930898666382,0.2607930898666382
123,C0,1508,0.2322581559419632,0.2322581559419632
123,C0,1509,0.23891693353652954,0.23891693353652954
123,C0,1510,0.25673580169677734,0.25673580169677734
123,C0,1511,0.2681836783885956,0.2681836783885956
123,C0,1512,0.22329996526241302,0.22329996526241302
123,C0,1513,0.24353079497814178,0.24353079497814178
123,C0,1514,0.20351681113243103,0.20351681113243103
123,C0,1515,0.2006729245185852,0.2006729245185852
123,C0,1516,0.24452318251132965,0.24452318251132965
123,C0,1517,0.2152937352657318,0.2152937352657318
123,C0,1518,0.15836533904075623,0.15836533904075623
123,C0,1519,0.19785282015800476,0.19785282015800476
123,C0,1520,0.2187335342168808,0.2187335342168808
123,C0,1521,0.28720560669898987,0.28720560669898987
123,C0,1522,0.25614720582962036,0.25614720582962036
123,C0,1523,0.2562043070793152,0.2562043070793152
123,C0,1524,0.24708200991153717,0.24708200991153717
123,C0,1525,0.246535986661911,0.246535986661911
123,C0,1526,0.24007348716259003,0.24007348716259003
123,C0,1527,0.2622567415237427,0.2622567415237427
123,C0,1528,0.23400218784809113,0.23400218784809113
123,C0,1529,0.2035025656223297,0.2035025656223297
123,C0,1530,0.17096176743507385,0.17096176743507385
123,C0,1531,0.2423693984746933,0.2423693984746933
123,C0,1532,0.22153399884700775,0.22153399884700775
123,C0,1533,0.33266597986221313,0.33266597986221313
123,C0,1534,0.25131723284721375,0.25131723284721375
123,C0,1535,0.2270801067352295,0.2270801067352295
123,C0,1536,0.22843940556049347,0.22843940556049347
123,C0,1537,0.23743431270122528,0.23743431270122528
123,C0,1538,0.1740124523639679,0.1740124523639679
123,C0,1539,0.19211868941783905,0.19211868941783905
123,C0,1540,0.23144873976707458,0.23144873976707458
123,C0,1541,0.232404425740242,0.232404425740242
123,C0,1542,0.25721460580825806,0.25721460580825806
123,C0,1543,0.23252105712890625,0.23252105712890625
123,C0,1544,0.27132636308670044,0.27132636308670044
123,C0,1545,0.2195969671010971,0.2195969671010971
123,C0,1546,0.20940735936164856,0.20940735936164856
123,C0,1547,0.26189273595809937,0.26189273595809937
123,C0,1548,0.18050889670848846,0.18050889670848846
123,C0,1549,0.25342604517936707,0.25342604517936707
123,C0,1550,0.24858367443084717,0.24858367443084717
123,C0,1551,0.17307859659194946,0.17307859659194946
123,C0,1552,0.22666484117507935,0.22666484117507935
123,C0,1553,0.2669574022293091,0.2669574022293091
123,C0,1554,0.24761703610420227,0.24761703610420227
123,C0,1555,0.28027912974357605,0.28027912974357605
123,C0,1556,0.27012118697166443,0.27012118697166443
123,C0,1557,0.2243158519268036,0.2243158519268036
123,C0,1558,0.246798574924469,0.246798574924469
123,C0,1559,0.22064143419265747,0.22064143419265747
123,C0,1560,0.20195886492729187,0.20195886492729187
123,C0,1561,0.2701968550682068,0.2701968550682068
123,C0,1562,0.1983160525560379,0.1983160525560379
123,C0,1563,0.2461523860692978,0.2461523860692978
123,C0,1564,0.24753937125205994,0.24753937125205994
123,C0,1565,0.24344834685325623,0.24344834685325623
123,C0,1566,0.21999895572662354,0.21999895572662354
123,C0,1567,0.18875275552272797,0.18875275552272797
123,C0,1568,0.28205347061157227,0.28205347061157227
123,C0,1569,0.22573117911815643,0.22573117911815643
123,C0,1570,0.22382932901382446,0.22382932901382446
123,C0,1571,0.18909576535224915,0.18909576535224915
123,C0,1572,0.21272072196006775,0.21272072196006775
123,C0,1573,0.22040656208992004,0.22040656208992004
123,C0,1574,0.2204025685787201,0.2204025685787201
123,C0,1575,0.22977901995182037,0.22977901995182037
123,C0,1576,0.238766610622406,0.238766610622406
123,C0,1577,0.21447865664958954,0.21447865664958954
123,C0,1578,0.25061267614364624,0.25061267614364624
123,C0,1579,0.24716779589653015,0.24716779589653015
123,C0,1580,0.22955182194709778,0.22955182194709778
123,C0,1581,0.19741886854171753,0.19741886854171753
123,C0,1582,0.2847793400287628,0.2847793400287628
123,C0,1583,0.2545473873615265,0.2545473873615265
123,C0,1584,0.18339230120182037,0.18339230120182037
123,C0,1585,0.27030330896377563,0.27030330896377563
123,C0,1586,0.220334991812706,0.220334991812706
123,C0,1587,0.21199606359004974,0.21199606359004974
123,C0,1588,0.266402006149292,0.266402006149292
123,C0,1589,0.19288162887096405,0.19288162887096405
123,C0,1590,0.22151529788970947,0.22151529788970947
123,C0,1591,0.25740233063697815,0.25740233063697815
123,C0,1592,0.22701673209667206,0.22701673209667206
123,C0,1593,0.21686312556266785,0.21686312556266785
123,C0,1594,0.2430453896522522,0.2430453896522522
123,C0,1595,0.23758110404014587,0.23758110404014587
123,C0,1596,0.22105322778224945,0.22105322778224945
123,C0,1597,0.24245011806488037,0.24245011806488037
123,C0,1598,0.29104024171829224,0.29104024171829224
123,C0,1599,0.19624412059783936,0.19624412059783936
123,C0,1600,0.22179004549980164,0.22179004549980164
123,C0,1601,0.19700169563293457,0.19700169563293457
123,C0,1602,0.20453351736068726,0.20453351736068726
123,C0,1603,0.18438565731048584,0.18438565731048584
123,C0,1604,0.23004674911499023,0.23004674911499023
123,C0,1605,0.22476769983768463,0.22476769983768463
123,C0,1606,0.23044830560684204,0.23044830560684204
123,C0,1607,0.26668787002563477,0.26668787002563477
123,C0,1608,0.1657952517271042,0.1657952517271042
123,C0,1609,0.2809921205043793,0.2809921205043793
123,C0,1610,0.24858567118644714,0.24858567118644714
123,C0,1611,0.22698503732681274,0.22698503732681274
123,C0,1612,0.18195369839668274,0.18195369839668274
123,C0,1613,0.2041376680135727,0.2041376680135727
123,C0,1614,0.22918929159641266,0.22918929159641266
123,C0,1615,0.26020658016204834,0.26020658016204834
123,C0,1616,0.21781790256500244,0.21781790256500244
123,C0,1617,0.24423255026340485,0.24423255026340485
123,C0,1618,0.18649709224700928,0.18649709224700928
123,C0,1619,0.25079578161239624,0.25079578161239624
123,C0,1620,0.2527996897697449,0.2527996897697449
123,C0,1621,0.23500442504882812,0.23500442504882812
123,C0,1622,0.19966915249824524,0.19966915249824524
123,C0,1623,0.20071478188037872,0.20071478188037872
123,C0,1624,0.26265189051628113,0.26265189051628113
123,C0,1625,0.2052668184041977,0.2052668184041977
123,C0,1626,0.28093215823173523,0.28093215823173523
123,C0,1627,0.21504473686218262,0.21504473686218262
123,C0,1628,0.25223982334136963,0.25223982334136963
123,C0,1629,0.23933833837509155,0.23933833837509155
123,C0,1630,0.16196104884147644,0.16196104884147644
123,C0,1631,0.20920774340629578,0.20920774340629578
123,C0,1632,0.22395990788936615,0.22395990788936615
123,C0,1633,0.1980840265750885,0.1980840265750885
123,C0,1634,0.25051751732826233,0.25051751732826233
123,C0,1635,0.24030807614326477,0.24030807614326477
123,C0,1636,0.18520042300224304,0.18520042300224304
123,C0,1637,0.21747374534606934,0.21747374534606934
123,C0,1638,0.19745537638664246,0.19745537638664246
123,C0,1639,0.19480827450752258,0.19480827450752258
123,C0,1640,0.20953406393527985,0.20953406393527985
123,C0,1641,0.2838165760040283,0.2838165760040283
123,C0,1642,0.23864299058914185,0.23864299058914185
123,C0,1643,0.233067587018013,0.233067587018013
123,C0,1644,0.20037221908569336,0.20037221908569336
123,C0,1645,0.18354174494743347,0.18354174494743347
123,C0,1646,0.2905893921852112,0.2905893921852112
123,C0,1647,0.2096691131591797,0.2096691131591797
123,C0,1648,0.18520678579807281,0.18520678579807281
123,C0,1649,0.2121293991804123,0.2121293991804123
123,C0,1650,0.22686906158924103,0.22686906158924103
123,C0,1651,0.24522145092487335,0.24522145092487335
123,C0,1652,0.22889602184295654,0.22889602184295654
123,C0,1653,0.1806158423423767,0.1806158423423767
123,C0,1654,0.23519699275493622,0.23519699275493622
123,C0,1655,0.2629159688949585,0.2629159688949585
123,C0,1656,0.22637410461902618,0.22637410461902618
123,C0,1657,0.2748614549636841,0.2748614549636841
123,C0,1658,0.2498282939195633,0.2498282939195633
123,C0,1659,0.23972240090370178,0.23972240090370178
123,C0,1660,0.27954167127609253,0.27954167127609253
123,C0,1661,0.2216082662343979,0.2216082662343979
123,C0,1662,0.23119550943374634,0.23119550943374634
123,C0,1663,0.24187369644641876,0.24187369644641876
123,C0,1664,0.25046634674072266,0.25046634674072266
123,C0,1665,0.2647630572319031,0.2647630572319031
123,C0,1666,0.24120819568634033,0.24120819568634033
123,C0,1667,0.2485678642988205,0.2485678642988205
123,C0,1668,0.3072725534439087,0.3072725534439087
123,C0,1669,0.18489305675029755,0.18489305675029755
123,C0,1670,0.22201043367385864,0.22201043367385864
123,C0,1671,0.1641691029071808,0.1641691029071808
123,C0,1672,0.19566260278224945,0.19566260278224945
123,C0,1673,0.18911626935005188,0.18911626935005188
123,C0,1674,0.21438230574131012,0.21438230574131012
123,C0,1675,0.21999460458755493,0.21999460458755493
123,C0,1676,0.23568691313266754,0.23568691313266754
123,C0,1677,0.21569350361824036,0.21569350361824036
123,C0,1678,0.23687081038951874,0.23687081038951874
123,C0,1679,0.21915338933467865,0.21915338933467865
123,C0,1680,0.21998360753059387,0.21998360753059387
123,C0,1681,0.23442308604717255,0.23442308604717255
123,C0,1682,0.196664959192276,0.196664959192276
123,C0,1683,0.26183396577835083,0.26183396577835083
123,C0,1684,0.27046823501586914,0.27046823501586914
123,C0,1685,0.19178614020347595,0.19178614020347595
123,C0,1686,0.19714856147766113,0.19714856147766113
123,C0,1687,0.19269432127475739,0.19269432127475739
123,C0,1688,0.2751460075378418,0.2751460075378418
123,C0,1689,0.22590281069278717,0.22590281069278717
123,C0,1690,0.24514004588127136,0.24514004588127136
123,C0,1691,0.19117945432662964,0.19117945432662964
123,C0,1692,0.21786253154277802,0.21786253154277802
123,C0,1693,0.18110796809196472,0.18110796809196472
123,C0,1694,0.22165702283382416,0.22165702283382416
123,C0,1695,0.21887119114398956,0.21887119114398956
123,C0,1696,0.22849811613559723,0.22849811613559723
123,C0,1697,0.21909677982330322,0.21909677982330322
123,C0,1698,0.25539714097976685,0.25539714097976685
123,C0,1699,0.20395104587078094,0.20395104587078094
123,C0,1700,0.19401013851165771,0.19401013851165771
123,C0,1701,0.2265128195285797,0.2265128195285797
123,C0,1702,0.22551694512367249,0.22551694512367249
123,C0,1703,0.26576417684555054,0.26576417684555054
123,C0,1704,0.21156151592731476,0.21156151592731476
123,C0,1705,0.24825403094291687,0.24825403094291687
123,C0,1706,0.2989984154701233,0.2989984154701233
123,C0,1707,0.24124109745025635,0.24124109745025635
123,C0,1708,0.2807830572128296,0.2807830572128296
123,C0,1709,0.2132548838853836,0.2132548838853836
123,C0,1710,0.2509992718696594,0.2509992718696594
123,C0,1711,0.1942310631275177,0.1942310631275177
123,C0,1712,0.2521092891693115,0.2521092891693115
123,C0,1713,0.28907087445259094,0.28907087445259094
123,C0,1714,0.24852611124515533,0.24852611124515533
123,C0,1715,0.25094074010849,0.25094074010849
123,C0,1716,0.22271466255187988,0.22271466255187988
123,C0,1717,0.25855183601379395,0.25855183601379395
123,C0,1718,0.19125674664974213,0.19125674664974213
123,C0,1719,0.24988281726837158,0.24988281726837158
123,C0,1720,0.21839357912540436,0.21839357912540436
123,C0,1721,0.21982744336128235,0.21982744336128235
123,C0,1722,0.22061465680599213,0.22061465680599213
123,C0,1723,0.1813884675502777,0.1813884675502777
123,C0,1724,0.3011791408061981,0.3011791408061981
123,C0,1725,0.22011998295783997,0.22011998295783997
123,C0,1726,0.28405535221099854,0.28405535221099854
123,C0,1727,0.2557724118232727,0.2557724118232727
123,C0,1728,0.255847692489624,0.255847692489624
123,C0,1729,0.23281043767929077,0.23281043767929077
123,C0,1730,0.2431730479001999,0.2431730479001999
123,C0,1731,0.2422918975353241,0.2422918975353241
123,C0,1732,0.26637059450149536,0.26637059450149536
123,C0,1733,0.24204249680042267,0.24204249680042267
123,C0,1734,0.2580755650997162,0.2580755650997162
123,C0,1735,0.27617359161376953,0.27617359161376953
123,C0,1736,0.22175699472427368,0.22175699472427368
123,C0,1737,0.20761728286743164,0.20761728286743164
123,C0,1738,0.23795247077941895,0.23795247077941895
123,C0,1739,0.21587467193603516,0.21587467193603516
123,C0,1740,0.3108906149864197,0.3108906149864197
123,C0,1741,0.14899611473083496,0.14899611473083496
123,C0,1742,0.2260476052761078,0.2260476052761078
123,C0,1743,0.28975868225097656,0.28975868225097656
123,C0,1744,0.22905239462852478,0.22905239462852478
123,C0,1745,0.17197740077972412,0.17197740077972412
123,C0,1746,0.23088112473487854,0.23088112473487854
123,C0,1747,0.22375869750976562,0.22375869750976562
123,C0,1748,0.1963956654071808,0.1963956654071808
123,C0,1749,0.2330331653356552,0.2330331653356552
123,C0,1750,0.29790937900543213,0.29790937900543213
123,C0,1751,0.2804771363735199,0.2804771363735199
123,C0,1752,0.15051361918449402,0.15051361918449402
123,C0,1753,0.22519004344940186,0.22519004344940186
123,C0,1754,0.23454712331295013,0.23454712331295013
123,C0,1755,0.1622590869665146,0.1622590869665146
123,C0,1756,0.21979795396327972,0.21979795396327972
123,C0,1757,0.2225196808576584,0.2225196808576584
123,C0,1758,0.2552404999732971,0.2552404999732971
123,C0,1759,0.30014675855636597,0.30014675855636597
123,C0,1760,0.20404012501239777,0.20404012501239777
123,C0,1761,0.2882341146469116,0.2882341146469116
123,C0,1762,0.22132298350334167,0.22132298350334167
123,C0,1763,0.22534781694412231,0.22534781694412231
123,C0,1764,0.270496129989624,0.270496129989624
123,C0,1765,0.2508695721626282,0.2508695721626282
123,C0,1766,0.29632681608200073,0.29632681608200073
123,C0,1767,0.2297084629535675,0.2297084629535675
123,C0,1768,0.2009115219116211,0.2009115219116211
123,C0,1769,0.21136587858200073,0.21136587858200073
123,C0,1770,0.2512374818325043,0.2512374818325043
123,C0,1771,0.24520380795001984,0.24520380795001984
123,C0,1772,0.24816587567329407,0.24816587567329407
123,C0,1773,0.20077277719974518,0.20077277719974518
123,C0,1774,0.22236552834510803,0.22236552834510803
123,C0,1775,0.19229719042778015,0.19229719042778015
123,C0,1776,0.20530132949352264,0.20530132949352264
123,C0,1777,0.2436375766992569,0.2436375766992569
123,C0,1778,0.2348092943429947,0.2348092943429947
123,C0,1779,0.2539268136024475,0.2539268136024475
123,C0,1780,0.2624133229255676,0.2624133229255676
123,C0,1781,0.2224438190460205,0.2224438190460205
123,C0,1782,0.24621810019016266,0.24621810019016266
123,C0,1783,0.21024352312088013,0.21024352312088013
123,C0,1784,0.23439376056194305,0.23439376056194305
123,C0,1785,0.20827874541282654,0.20827874541282654
123,C0,1786,0.19966115057468414,0.19966115057468414
123,C0,1787,0.20870015025138855,0.20870015025138855
123,C0,1788,0.2648727595806122,0.2648727595806122
123,C0,1789,0.2829335927963257,0.2829335927963257
123,C0,1790,0.23263083398342133,0.23263083398342133
123,C0,1791,0.21499592065811157,0.21499592065811157
123,C0,1792,0.2460707128047943,0.2460707128047943
123,C0,1793,0.24722333252429962,0.24722333252429962
123,C0,1794,0.23239706456661224,0.23239706456661224
123,C0,1795,0.23827096819877625,0.23827096819877625
123,C0,1796,0.19925303757190704,0.19925303757190704
123,C0,1797,0.21317067742347717,0.21317067742347717
123,C0,1798,0.22820666432380676,0.22820666432380676
123,C0,1799,0.2358531951904297,0.2358531951904297
123,C0,1800,0.2482612133026123,0.2482612133026123
123,C0,1801,0.2104048877954483,0.2104048877954483
123,C0,1802,0.20684951543807983,0.20684951543807983
123,C0,1803,0.26699700951576233,0.26699700951576233
123,C0,1804,0.23368626832962036,0.23368626832962036
123,C0,1805,0.2321191281080246,0.2321191281080246
123,C0,1806,0.25008657574653625,0.25008657574653625
123,C0,1807,0.18844693899154663,0.18844693899154663
123,C0,1808,0.20206411182880402,0.20206411182880402
123,C0,1809,0.2773129343986511,0.2773129343986511
123,C0,1810,0.2878997325897217,0.2878997325897217
123,C0,1811,0.22701440751552582,0.22701440751552582
123,C0,1812,0.22823943197727203,0.22823943197727203
123,C0,1813,0.23827341198921204,0.23827341198921204
123,C0,1814,0.21283581852912903,0.21283581852912903
123,C0,1815,0.2612070143222809,0.2612070143222809
123,C0,1816,0.21726450324058533,0.21726450324058533
123,C0,1817,0.20931366086006165,0.20931366086006165
123,C0,1818,0.21120589971542358,0.21120589971542358
123,C0,1819,0.2248680293560028,0.2248680293560028
123,C0,1820,0.25815266370773315,0.25815266370773315
123,C0,1821,0.21727785468101501,0.21727785468101501
123,C0,1822,0.23094651103019714,0.23094651103019714
123,C0,1823,0.25465232133865356,0.25465232133865356
123,C0,1824,0.2448665201663971,0.2448665201663971
123,C0,1825,0.1953689306974411,0.1953689306974411
123,C0,1826,0.3048141300678253,0.3048141300678253
123,C0,1827,0.21773388981819153,0.21773388981819153
123,C0,1828,0.2358900010585785,0.2358900010585785
123,C0,1829,0.21023716032505035,0.21023716032505035
123,C0,1830,0.23737624287605286,0.23737624287605286
123,C0,1831,0.25319597125053406,0.25319597125053406
123,C0,1832,0.20148591697216034,0.20148591697216034
123,C0,1833,0.19247369468212128,0.19247369468212128
123,C0,1834,0.20636606216430664,0.20636606216430664
123,C0,1835,0.22383712232112885,0.22383712232112885
123,C0,1836,0.23676371574401855,0.23676371574401855
123,C0,1837,0.2166348397731781,0.2166348397731781
123,C0,1838,0.20287837088108063,0.20287837088108063
123,C0,1839,0.18166187405586243,0.18166187405586243
123,C0,1840,0.2150040864944458,0.2150040864944458
123,C0,1841,0.2527059316635132,0.2527059316635132
123,C0,1842,0.24670492112636566,0.24670492112636566
123,C0,1843,0.22866275906562805,0.22866275906562805
123,C0,1844,0.27636098861694336,0.27636098861694336
123,C0,1845,0.28579181432724,0.28579181432724
123,C0,1846,0.16514937579631805,0.16514937579631805
123,C0,1847,0.24675631523132324,0.24675631523132324
123,C0,1848,0.24157753586769104,0.24157753586769104
123,C0,1849,0.1916162669658661,0.1916162669658661
123,C0,1850,0.1998438835144043,0.1998438835144043
123,C0,1851,0.22103312611579895,0.22103312611579895
123,C0,1852,0.2322441190481186,0.2322441190481186
123,C0,1853,0.21507984399795532,0.21507984399795532
123,C0,1854,0.24129357933998108,0.24129357933998108
123,C0,1855,0.22674120962619781,0.22674120962619781
123,C0,1856,0.21553757786750793,0.21553757786750793
123,C0,1857,0.20094448328018188,0.20094448328018188
123,C0,1858,0.2505885362625122,0.2505885362625122
123,C0,1859,0.22543255984783173,0.22543255984783173
123,C0,1860,0.27343589067459106,0.27343589067459106
123,C0,1861,0.23521383106708527,0.23521383106708527
123,C0,1862,0.23147878050804138,0.23147878050804138
123,C0,1863,0.18640370666980743,0.18640370666980743
123,C0,1864,0.260915607213974,0.260915607213974
123,C0,1865,0.25657692551612854,0.25657692551612854
123,C0,1866,0.24262270331382751,0.24262270331382751
123,C0,1867,0.2429279386997223,0.2429279386997223
123,C0,1868,0.2597912549972534,0.2597912549972534
123,C0,1869,0.2450941652059555,0.2450941652059555
123,C0,1870,0.22433128952980042,0.22433128952980042
123,C0,1871,0.23936673998832703,0.23936673998832703
123,C0,1872,0.270749568939209,0.270749568939209
123,C0,1873,0.20163710415363312,0.20163710415363312
123,C0,1874,0.1929398626089096,0.1929398626089096
123,C0,1875,0.2552758455276489,0.2552758455276489
123,C0,1876,0.18995223939418793,0.18995223939418793
123,C0,1877,0.22623887658119202,0.22623887658119202
123,C0,1878,0.2158082127571106,0.2158082127571106
123,C0,1879,0.2561606168746948,0.2561606168746948
123,C0,1880,0.20360448956489563,0.20360448956489563
123,C0,1881,0.2246922254562378,0.2246922254562378
123,C0,1882,0.22363506257534027,0.22363506257534027
123,C0,1883,0.16380566358566284,0.16380566358566284
123,C0,1884,0.2353009283542633,0.2353009283542633
123,C0,1885,0.261619508266449,0.261619508266449
123,C0,1886,0.21749693155288696,0.21749693155288696
123,C0,1887,0.18437844514846802,0.18437844514846802
123,C0,1888,0.20309439301490784,0.20309439301490784
123,C0,1889,0.28709331154823303,0.28709331154823303
123,C0,1890,0.23183651268482208,0.23183651268482208
123,C0,1891,0.2733938694000244,0.2733938694000244
123,C0,1892,0.2272578477859497,0.2272578477859497
123,C0,1893,0.21133649349212646,0.21133649349212646
123,C0,1894,0.22802312672138214,0.22802312672138214
123,C0,1895,0.2898964285850525,0.2898964285850525
123,C0,1896,0.2140241414308548,0.2140241414308548
123,C0,1897,0.23554471135139465,0.23554471135139465
123,C0,1898,0.22442610561847687,0.22442610561847687
123,C0,1899,0.27578651905059814,0.27578651905059814
123,C0,1900,0.2522861361503601,0.2522861361503601
123,C0,1901,0.22636055946350098,0.22636055946350098
123,C0,1902,0.21720272302627563,0.21720272302627563
123,C0,1903,0.1894901692867279,0.1894901692867279
123,C0,1904,0.22280892729759216,0.22280892729759216
123,C0,1905,0.2385430634021759,0.2385430634021759
123,C0,1906,0.23616929352283478,0.23616929352283478
123,C0,1907,0.2284471094608307,0.2284471094608307
123,C0,1908,0.2409784197807312,0.2409784197807312
123,C0,1909,0.20122742652893066,0.20122742652893066
123,C0,1910,0.2138969898223877,0.2138969898223877
123,C0,1911,0.15821287035942078,0.15821287035942078
123,C0,1912,0.26572877168655396,0.26572877168655396
123,C0,1913,0.20605313777923584,0.20605313777923584
123,C0,1914,0.3132469058036804,0.3132469058036804
123,C0,1915,0.21074892580509186,0.21074892580509186
123,C0,1916,0.17990580201148987,0.17990580201148987
123,C0,1917,0.22951984405517578,0.22951984405517578
123,C0,1918,0.258014976978302,0.258014976978302
123,C0,1919,0.17040659487247467,0.17040659487247467
123,C0,1920,0.19330257177352905,0.19330257177352905
123,C0,1921,0.2791697382926941,0.2791697382926941
123,C0,1922,0.20979474484920502,0.20979474484920502
123,C0,1923,0.27458399534225464,0.27458399534225464
123,C0,1924,0.2652796506881714,0.2652796506881714
123,C0,1925,0.17739568650722504,0.17739568650722504
123,C0,1926,0.19866785407066345,0.19866785407066345
123,C0,1927,0.24793824553489685,0.24793824553489685
123,C0,1928,0.30552464723587036,0.30552464723587036
123,C0,1929,0.23771542310714722,0.23771542310714722
123,C0,1930,0.18861918151378632,0.18861918151378632
123,C0,1931,0.25202926993370056,0.25202926993370056
123,C0,1932,0.20146644115447998,0.20146644115447998
123,C0,1933,0.28278592228889465,0.28278592228889465
123,C0,1934,0.22395670413970947,0.22395670413970947
123,C0,1935,0.22456461191177368,0.22456461191177368
123,C0,1936,0.22721046209335327,0.22721046209335327
123,C0,1937,0.17147687077522278,0.17147687077522278
123,C0,1938,0.21754127740859985,0.21754127740859985
123,C0,1939,0.2018536627292633,0.2018536627292633
123,C0,1940,0.2416425347328186,0.2416425347328186
123,C0,1941,0.26370328664779663,0.26370328664779663
123,C0,1942,0.20311611890792847,0.20311611890792847
123,C0,1943,0.2495906949043274,0.2495906949043274
123,C0,1944,0.24202139675617218,0.24202139675617218
123,C0,1945,0.23659856617450714,0.23659856617450714
123,C0,1946,0.2752138674259186,0.2752138674259186
123,C0,1947,0.1827918440103531,0.1827918440103531
123,C0,1948,0.16769129037857056,0.16769129037857056
123,C0,1949,0.24672657251358032,0.24672657251358032
123,C0,1950,0.20867618918418884,0.20867618918418884
123,C0,1951,0.21717706322669983,0.21717706322669983
123,C0,1952,0.20060934126377106,0.20060934126377106
123,C0,1953,0.1548030972480774,0.1548030972480774
123,C0,1954,0.19212910532951355,0.19212910532951355
123,C0,1955,0.21077871322631836,0.21077871322631836
123,C0,1956,0.19501325488090515,0.19501325488090515
123,C0,1957,0.195272296667099,0.195272296667099
123,C0,1958,0.2594270706176758,0.2594270706176758
123,C0,1959,0.20339816808700562,0.20339816808700562
123,C0,1960,0.2254449874162674,0.2254449874162674
123,C0,1961,0.21159085631370544,0.21159085631370544
123,C0,1962,0.23337087035179138,0.23337087035179138
123,C0,1963,0.1743369996547699,0.1743369996547699
123,C0,1964,0.18680959939956665,0.18680959939956665
123,C0,1965,0.2409590631723404,0.2409590631723404
123,C0,1966,0.23239369690418243,0.23239369690418243
123,C0,1967,0.235927015542984,0.235927015542984
123,C0,1968,0.1949291229248047,0.1949291229248047
123,C0,1969,0.2425140142440796,0.2425140142440796
123,C0,1970,0.24470096826553345,0.24470096826553345
123,C0,1971,0.21973419189453125,0.21973419189453125
123,C0,1972,0.2419271171092987,0.2419271171092987
123,C0,1973,0.25429028272628784,0.25429028272628784
123,C0,1974,0.23997947573661804,0.23997947573661804
123,C0,1975,0.2373107373714447,0.2373107373714447
123,C0,1976,0.20756100118160248,0.20756100118160248
123,C0,1977,0.19245600700378418,0.19245600700378418
123,C0,1978,0.23497088253498077,0.23497088253498077
123,C0,1979,0.18556955456733704,0.18556955456733704
123,C0,1980,0.19100439548492432,0.19100439548492432
123,C0,1981,0.3066835403442383,0.3066835403442383
123,C0,1982,0.2582884132862091,0.2582884132862091
123,C0,1983,0.2509313225746155,0.2509313225746155
123,C0,1984,0.21436256170272827,0.21436256170272827
123,C0,1985,0.27472394704818726,0.27472394704818726
123,C0,1986,0.228042870759964,0.228042870759964
123,C0,1987,0.23532581329345703,0.23532581329345703
123,C0,1988,0.21885553002357483,0.21885553002357483
123,C0,1989,0.18628424406051636,0.18628424406051636
123,C0,1990,0.2312808781862259,0.2312808781862259
123,C0,1991,0.16920796036720276,0.16920796036720276
123,C0,1992,0.25566786527633667,0.25566786527633667
123,C0,1993,0.2183452546596527,0.2183452546596527
123,C0,1994,0.1894879937171936,0.1894879937171936
123,C0,1995,0.17931774258613586,0.17931774258613586
123,C0,1996,0.19172047078609467,0.19172047078609467
123,C0,1997,0.21364493668079376,0.21364493668079376
123,C0,1998,0.20618896186351776,0.20618896186351776
123,C0,1999,0.2769714593887329,0.2769714593887329
123,C0,2000,0.2375832498073578,0.2375832498073578
123,C1,1,0.5076043605804443,0.7189298868179321
123,C1,2,0.45335647463798523,0.6211289167404175
123,C1,3,0.4683978259563446,0.6234917640686035
123,C1,4,0.39544641971588135,0.5327044725418091
123,C1,5,0.3823922872543335,0.5462465882301331
123,C1,6,0.3539968729019165,0.4925413131713867
123,C1,7,0.2967190742492676,0.4393998980522156
123,C1,8,0.3289424180984497,0.4714106619358063
123,C1,9,0.325173020362854,0.44070902466773987
123,C1,10,0.30550137162208557,0.43005239963531494
123,C1,11,0.3318445086479187,0.45608651638031006
123,C1,12,0.36826270818710327,0.5047385692596436
123,C1,13,0.29749906063079834,0.40568768978118896
123,C1,14,0.31792837381362915,0.45017582178115845
123,C1,15,0.30625852942466736,0.43929630517959595
123,C1,16,0.3426890969276428,0.46039408445358276
123,C1,17,0.33252066373825073,0.4613755941390991
123,C1,18,0.3872241973876953,0.4955716133117676
123,C1,19,0.2867496609687805,0.38563472032546997
123,C1,20,0.3257625102996826,0.4499812424182892
123,C1,21,0.2567567527294159,0.379891961812973
123,C1,22,0.30334457755088806,0.41190439462661743
123,C1,23,0.30937841534614563,0.41995275020599365
123,C1,24,0.3210509121417999,0.44689881801605225
123,C1,25,0.3504176735877991,0.4655008316040039
123,C1,26,0.29624682664871216,0.4288448691368103
123,C1,27,0.2834887206554413,0.3799605965614319
123,C1,28,0.35716548562049866,0.4623742699623108
123,C1,29,0.27946680784225464,0.3772570490837097
123,C1,30,0.34423476457595825,0.4786934554576874
123,C1,31,0.37149539589881897,0.4645543694496155
123,C1,32,0.3528377413749695,0.48549768328666687
123,C1,33,0.2359764575958252,0.3135617971420288
123,C1,34,0.33207473158836365,0.44990453124046326
123,C1,35,0.334861695766449,0.45527875423431396
123,C1,36,0.27120882272720337,0.38010454177856445
123,C1,37,0.3007998466491699,0.4103732407093048
123,C1,38,0.2560873329639435,0.36990439891815186
123,C1,39,0.3352452218532562,0.4421314299106598
123,C1,40,0.3456233739852905,0.4359835684299469
123,C1,41,0.2962065041065216,0.3762378692626953
123,C1,42,0.26707348227500916,0.3573404848575592
123,C1,43,0.33983343839645386,0.43673065304756165
123,C1,44,0.2696404755115509,0.3670945167541504
123,C1,45,0.3044530749320984,0.44338178634643555
123,C1,46,0.39984849095344543,0.5235874056816101
123,C1,47,0.2833276391029358,0.3828171193599701
123,C1,48,0.30385419726371765,0.41912028193473816
123,C1,49,0.26137611269950867,0.36554235219955444
123,C1,50,0.2854495048522949,0.3778643012046814
123,C1,51,0.2884362041950226,0.39898180961608887
123,C1,52,0.2483891099691391,0.33661437034606934
123,C1,53,0.2718905806541443,0.3601597249507904
123,C1,54,0.3004322946071625,0.4055066406726837
123,C1,55,0.28940892219543457,0.40229347348213196
123,C1,56,0.307991087436676,0.417436420917511
123,C1,57,0.31365400552749634,0.43074989318847656
123,C1,58,0.29833030700683594,0.40045294165611267
123,C1,59,0.30073055624961853,0.386783242225647
123,C1,60,0.3043276369571686,0.4154834449291229
123,C1,61,0.2881681025028229,0.3621094524860382
123,C1,62,0.33886706829071045,0.4543788433074951
123,C1,63,0.3315139710903168,0.41519680619239807
123,C1,64,0.25923576951026917,0.3532404601573944
123,C1,65,0.26127785444259644,0.37842074036598206
123,C1,66,0.3363807201385498,0.44939133524894714
123,C1,67,0.2713944613933563,0.37655654549598694
123,C1,68,0.29545098543167114,0.41256046295166016
123,C1,69,0.34473830461502075,0.4367895722389221
123,C1,70,0.2828682065010071,0.40810906887054443
123,C1,71,0.3196220397949219,0.423273503780365
123,C1,72,0.2939411401748657,0.4093541204929352
123,C1,73,0.3174811005592346,0.4124669134616852
123,C1,74,0.23264871537685394,0.3211097717285156
123,C1,75,0.3093108832836151,0.4198949635028839
123,C1,76,0.26471924781799316,0.3768154978752136
123,C1,77,0.26040786504745483,0.35925382375717163
123,C1,78,0.32913291454315186,0.42862626910209656
123,C1,79,0.3371502459049225,0.44002506136894226
123,C1,80,0.24660465121269226,0.37485718727111816
123,C1,81,0.26634788513183594,0.3646201491355896
123,C1,82,0.3595992624759674,0.47816359996795654
123,C1,83,0.19358259439468384,0.3212091624736786
123,C1,84,0.328720360994339,0.40902984142303467
123,C1,85,0.2347438782453537,0.33316031098365784
123,C1,86,0.34090694785118103,0.44021281599998474
123,C1,87,0.2915933132171631,0.4078567624092102
123,C1,88,0.1939518302679062,0.25742244720458984
123,C1,89,0.28824442625045776,0.38985690474510193
123,C1,90,0.31114834547042847,0.4014405608177185
123,C1,91,0.26058655977249146,0.3574579954147339
123,C1,92,0.21935933828353882,0.2981414198875427
123,C1,93,0.2246149480342865,0.3271898031234741
123,C1,94,0.32115983963012695,0.4451141357421875
123,C1,95,0.3255491256713867,0.41362112760543823
123,C1,96,0.2210145890712738,0.29100778698921204
123,C1,97,0.23239153623580933,0.3268941640853882
123,C1,98,0.25156038999557495,0.3284051716327667
123,C1,99,0.2821608781814575,0.3805450201034546
123,C1,100,0.27610260248184204,0.3719087541103363
123,C1,101,0.3006139099597931,0.3947821855545044
123,C1,102,0.2979933023452759,0.38765397667884827
123,C1,103,0.23152105510234833,0.30348655581474304
123,C1,104,0.30660244822502136,0.3745758831501007
123,C1,105,0.2340434044599533,0.3332974314689636
123,C1,106,0.26239627599716187,0.36142197251319885
123,C1,107,0.22331279516220093,0.317672461271286
123,C1,108,0.3235355615615845,0.42494821548461914
123,C1,109,0.28095167875289917,0.3984376788139343
123,C1,110,0.26877856254577637,0.36253541707992554
123,C1,111,0.2944004535675049,0.39366060495376587
123,C1,112,0.2317565530538559,0.3124062418937683
123,C1,113,0.2869446873664856,0.37883347272872925
123,C1,114,0.3002552390098572,0.39983707666397095
123,C1,115,0.24682912230491638,0.33202260732650757
123,C1,116,0.2831273078918457,0.38897624611854553
123,C1,117,0.3006375730037689,0.40741798281669617
123,C1,118,0.2316223829984665,0.34305235743522644
123,C1,119,0.18387329578399658,0.25983521342277527
123,C1,120,0.2513377368450165,0.32978567481040955
123,C1,121,0.281415730714798,0.3972693681716919
123,C1,122,0.2558593153953552,0.32319873571395874
123,C1,123,0.2985748052597046,0.38228556513786316
123,C1,124,0.2379639744758606,0.3144398331642151
123,C1,125,0.30371156334877014,0.4139781892299652
123,C1,126,0.283003032207489,0.3716869056224823
123,C1,127,0.2950349450111389,0.39007076621055603
123,C1,128,0.24948538839817047,0.33849072456359863
123,C1,129,0.2945907711982727,0.39800557494163513
123,C1,130,0.2540532350540161,0.3389098048210144
123,C1,131,0.28800177574157715,0.37686318159103394
123,C1,132,0.27562353014945984,0.365818053483963
123,C1,133,0.28355851769447327,0.37761685252189636
123,C1,134,0.2919045388698578,0.3923308253288269
123,C1,135,0.21495014429092407,0.27083441615104675
123,C1,136,0.2656557559967041,0.35060974955558777
123,C1,137,0.2233070731163025,0.32393115758895874
123,C1,138,0.26374557614326477,0.37109994888305664
123,C1,139,0.33646202087402344,0.41731199622154236
123,C1,140,0.2366524040699005,0.3194125294685364
123,C1,141,0.3054964542388916,0.4096699357032776
123,C1,142,0.29048648476600647,0.38644328713417053
123,C1,143,0.284361332654953,0.3878357410430908
123,C1,144,0.2664479613304138,0.3585715889930725
123,C1,145,0.27599817514419556,0.34396854043006897
123,C1,146,0.2726365327835083,0.37139892578125
123,C1,147,0.29941460490226746,0.3917653560638428
123,C1,148,0.2347247302532196,0.32865285873413086
123,C1,149,0.28001871705055237,0.38866326212882996
123,C1,150,0.333396315574646,0.421184241771698
123,C1,151,0.27825358510017395,0.3757128119468689
123,C1,152,0.30835071206092834,0.41109299659729004
123,C1,153,0.30332985520362854,0.3844722509384155
123,C1,154,0.23127838969230652,0.31408965587615967
123,C1,155,0.29436975717544556,0.3751755952835083
123,C1,156,0.2671229839324951,0.35520556569099426
123,C1,157,0.27908599376678467,0.38209062814712524
123,C1,158,0.2691487669944763,0.3525726795196533
123,C1,159,0.2648661434650421,0.34437188506126404
123,C1,160,0.2817256450653076,0.3584063947200775
123,C1,161,0.1875019520521164,0.24310749769210815
123,C1,162,0.3241981267929077,0.4130726456642151
123,C1,163,0.2917843461036682,0.37597715854644775
123,C1,164,0.23033615946769714,0.31518012285232544
123,C1,165,0.32604876160621643,0.44921427965164185
123,C1,166,0.3036862015724182,0.3988977074623108
123,C1,167,0.1736009567975998,0.23930686712265015
123,C1,168,0.24103252589702606,0.34470003843307495
123,C1,169,0.2496212273836136,0.3520670235157013
123,C1,170,0.2350151240825653,0.3280513882637024
123,C1,171,0.2774841785430908,0.3768880367279053
123,C1,172,0.17848636209964752,0.25258156657218933
123,C1,173,0.23307545483112335,0.35833585262298584
123,C1,174,0.22265948355197906,0.31348472833633423
123,C1,175,0.1865938901901245,0.26385408639907837
123,C1,176,0.2022988647222519,0.27723684906959534
123,C1,177,0.23793652653694153,0.3223736584186554
123,C1,178,0.278367817401886,0.37792930006980896
123,C1,179,0.24099934101104736,0.3009619414806366
123,C1,180,0.3649311661720276,0.4581952691078186
123,C1,181,0.2196911871433258,0.3044499158859253
123,C1,182,0.22009247541427612,0.29996734857559204
123,C1,183,0.2644446790218353,0.3288944661617279
123,C1,184,0.23315665125846863,0.3222775161266327
123,C1,185,0.31566575169563293,0.3996966481208801
123,C1,186,0.21656444668769836,0.30338147282600403
123,C1,187,0.2897067964076996,0.3895951211452484
123,C1,188,0.23202739655971527,0.32091736793518066
123,C1,189,0.21142949163913727,0.3212088942527771
123,C1,190,0.2211202085018158,0.30989840626716614
123,C1,191,0.2895019054412842,0.36889973282814026
123,C1,192,0.3120444416999817,0.40734604001045227
123,C1,193,0.2930102050304413,0.3785701096057892
123,C1,194,0.37727728486061096,0.48188328742980957
123,C1,195,0.23899675905704498,0.3218365013599396
123,C1,196,0.2637748122215271,0.37544798851013184
123,C1,197,0.2976559102535248,0.39218878746032715
123,C1,198,0.24415771663188934,0.3369896411895752
123,C1,199,0.26776570081710815,0.3409198820590973
123,C1,200,0.2187286913394928,0.3041214048862457
123,C1,201,0.2461726814508438,0.33211758732795715
123,C1,202,0.2712278664112091,0.3598952293395996
123,C1,203,0.22056624293327332,0.2922545373439789
123,C1,204,0.23652127385139465,0.30869051814079285
123,C1,205,0.24875447154045105,0.3713231384754181
123,C1,206,0.2956203818321228,0.3842126727104187
123,C1,207,0.24453029036521912,0.34545788168907166
123,C1,208,0.2163911759853363,0.31232568621635437
123,C1,209,0.2074165940284729,0.27376893162727356
123,C1,210,0.27432817220687866,0.3594130873680115
123,C1,211,0.18550534546375275,0.25830626487731934
123,C1,212,0.31029176712036133,0.3992467224597931
123,C1,213,0.1960015892982483,0.2618183493614197
123,C1,214,0.21377497911453247,0.28261059522628784
123,C1,215,0.2534831166267395,0.31828778982162476
123,C1,216,0.3461921215057373,0.4307602047920227
123,C1,217,0.3204067647457123,0.4131815731525421
123,C1,218,0.3012125492095947,0.38581937551498413
123,C1,219,0.2188420295715332,0.3021695613861084
123,C1,220,0.268545925617218,0.3642599880695343
123,C1,221,0.24828392267227173,0.3307572305202484
123,C1,222,0.24531014263629913,0.31613418459892273
123,C1,223,0.2886086702346802,0.3976941704750061
123,C1,224,0.23400859534740448,0.3255136013031006
123,C1,225,0.21388384699821472,0.29134973883628845
123,C1,226,0.1931326985359192,0.2565111219882965
123,C1,227,0.24220360815525055,0.31497707962989807
123,C1,228,0.27031034231185913,0.3551722466945648
123,C1,229,0.20327968895435333,0.2838401198387146
123,C1,230,0.2322710156440735,0.3037596344947815
123,C1,231,0.20339292287826538,0.28386712074279785
123,C1,232,0.262030690908432,0.3747546672821045
123,C1,233,0.2560654580593109,0.3516271412372589
123,C1,234,0.25030237436294556,0.3702019155025482
123,C1,235,0.25840768218040466,0.35288262367248535
123,C1,236,0.2784207761287689,0.3689316511154175
123,C1,237,0.1893848031759262,0.24572698771953583
123,C1,238,0.24227845668792725,0.3504553437232971
123,C1,239,0.29687944054603577,0.3934636116027832
123,C1,240,0.2412785291671753,0.33517318964004517
123,C1,241,0.228730246424675,0.32330963015556335
123,C1,242,0.22170783579349518,0.30800503492355347
123,C1,243,0.29670950770378113,0.405370831489563
123,C1,244,0.29264581203460693,0.379086971282959
123,C1,245,0.21535779535770416,0.2934111952781677
123,C1,246,0.3100407123565674,0.38059094548225403
123,C1,247,0.24206548929214478,0.31376758217811584
123,C1,248,0.2462063729763031,0.3601350784301758
123,C1,249,0.2081528902053833,0.2729887366294861
123,C1,250,0.22766634821891785,0.3137933611869812
123,C1,251,0.28916266560554504,0.36859259009361267
123,C1,252,0.22472792863845825,0.29184865951538086
123,C1,253,0.2576923072338104,0.34660160541534424
123,C1,254,0.2807503640651703,0.3848070204257965
123,C1,255,0.2555939555168152,0.358278751373291
123,C1,256,0.2142351269721985,0.29215773940086365
123,C1,257,0.23505322635173798,0.3108352720737457
123,C1,258,0.2730253338813782,0.351338654756546
123,C1,259,0.25372084975242615,0.3122270107269287
123,C1,260,0.254077672958374,0.3269263207912445
123,C1,261,0.26123368740081787,0.3688771724700928
123,C1,262,0.2880557179450989,0.3765685558319092
123,C1,263,0.217999666929245,0.2972432076931
123,C1,264,0.19989866018295288,0.27282384037971497
123,C1,265,0.30084463953971863,0.38316765427589417
123,C1,266,0.1863757222890854,0.24622753262519836
123,C1,267,0.32363104820251465,0.41088202595710754
123,C1,268,0.24178597331047058,0.34190836548805237
123,C1,269,0.21140101552009583,0.3172917068004608
123,C1,270,0.29931163787841797,0.4048248827457428
123,C1,271,0.24826374650001526,0.32934442162513733
123,C1,272,0.2197374552488327,0.3116801083087921
123,C1,273,0.24128496646881104,0.3142465054988861
123,C1,274,0.2578801214694977,0.3484107553958893
123,C1,275,0.24364136159420013,0.3396790027618408
123,C1,276,0.24197714030742645,0.32443612813949585
123,C1,277,0.2909677028656006,0.3640482425689697
123,C1,278,0.18990324437618256,0.25241410732269287
123,C1,279,0.22290055453777313,0.32243576645851135
123,C1,280,0.31486132740974426,0.39898669719696045
123,C1,281,0.26819175481796265,0.3628521263599396
123,C1,282,0.28518491983413696,0.37654411792755127
123,C1,283,0.19116635620594025,0.26972541213035583
123,C1,284,0.20364993810653687,0.279885470867157
123,C1,285,0.29895517230033875,0.3829289674758911
123,C1,286,0.19756817817687988,0.2504025101661682
123,C1,287,0.21364790201187134,0.32361337542533875
123,C1,288,0.27756720781326294,0.37503060698509216
123,C1,289,0.26918524503707886,0.35147950053215027
123,C1,290,0.2081778198480606,0.28735414147377014
123,C1,291,0.23448431491851807,0.3161950409412384
123,C1,292,0.23198232054710388,0.3116869330406189
123,C1,293,0.2595323920249939,0.34467440843582153
123,C1,294,0.2150285542011261,0.2992747724056244
123,C1,295,0.1695166975259781,0.24064213037490845
123,C1,296,0.24301877617835999,0.320963054895401
123,C1,297,0.2776586413383484,0.36336609721183777
123,C1,298,0.2547009587287903,0.34096354246139526
123,C1,299,0.2064795196056366,0.2891385555267334
123,C1,300,0.22741380333900452,0.3199041783809662
123,C1,301,0.22518102824687958,0.3142670691013336
123,C1,302,0.2851978540420532,0.37150195240974426
123,C1,303,0.23487961292266846,0.3372036814689636
123,C1,304,0.29644930362701416,0.3824459910392761
123,C1,305,0.2823807895183563,0.3781624734401703
123,C1,306,0.25078263878822327,0.32323944568634033
123,C1,307,0.16801273822784424,0.22225548326969147
123,C1,308,0.2648073434829712,0.355976402759552
123,C1,309,0.24498611688613892,0.31398022174835205
123,C1,310,0.20676559209823608,0.2705044448375702
123,C1,311,0.27754446864128113,0.36659035086631775
123,C1,312,0.2477189600467682,0.3409029245376587
123,C1,313,0.22767016291618347,0.32947033643722534
123,C1,314,0.3051092326641083,0.3964972496032715
123,C1,315,0.2674226760864258,0.35823971033096313
123,C1,316,0.23093008995056152,0.31701040267944336
123,C1,317,0.23519839346408844,0.34192436933517456
123,C1,318,0.28754621744155884,0.3858782947063446
123,C1,319,0.2517310380935669,0.32403939962387085
123,C1,320,0.23153534531593323,0.3092496991157532
123,C1,321,0.23637787997722626,0.321444571018219
123,C1,322,0.2921181619167328,0.3752683401107788
123,C1,323,0.3202701807022095,0.4126783609390259
123,C1,324,0.1856229305267334,0.2572241723537445
123,C1,325,0.21020372211933136,0.3024682402610779
123,C1,326,0.20331107079982758,0.2877722978591919
123,C1,327,0.23872029781341553,0.3181610405445099
123,C1,328,0.2141203135251999,0.2945632338523865
123,C1,329,0.21701519191265106,0.29778289794921875
123,C1,330,0.22872087359428406,0.2902297079563141
123,C1,331,0.2846989333629608,0.3533320724964142
123,C1,332,0.22763486206531525,0.31261545419692993
123,C1,333,0.30047088861465454,0.39872658252716064
123,C1,334,0.2102147936820984,0.2923215925693512
123,C1,335,0.21118883788585663,0.27076786756515503
123,C1,336,0.30153095722198486,0.38637128472328186
123,C1,337,0.23780468106269836,0.3166573643684387
123,C1,338,0.17901882529258728,0.25298309326171875
123,C1,339,0.2517799437046051,0.33255505561828613
123,C1,340,0.2933264672756195,0.3722056448459625
123,C1,341,0.2213219702243805,0.2889447510242462
123,C1,342,0.23496943712234497,0.30865949392318726
123,C1,343,0.21428391337394714,0.3059141933917999
123,C1,344,0.21889644861221313,0.3198945224285126
123,C1,345,0.2675381004810333,0.3504827320575714
123,C1,346,0.27433568239212036,0.3671395182609558
123,C1,347,0.17280073463916779,0.2416594922542572
123,C1,348,0.2562631070613861,0.35099291801452637
123,C1,349,0.2313828468322754,0.30740004777908325
123,C1,350,0.2487596869468689,0.339495986700058
123,C1,351,0.2152118682861328,0.27625197172164917
123,C1,352,0.23992079496383667,0.3266980051994324
123,C1,353,0.2844166159629822,0.3668311536312103
123,C1,354,0.2943480610847473,0.3875765800476074
123,C1,355,0.27475443482398987,0.3532727360725403
123,C1,356,0.2371429055929184,0.3207826316356659
123,C1,357,0.25283873081207275,0.33759427070617676
123,C1,358,0.2782566547393799,0.3577047884464264
123,C1,359,0.28909406065940857,0.3909071683883667
123,C1,360,0.3003770112991333,0.40149879455566406
123,C1,361,0.3034418821334839,0.3885628879070282
123,C1,362,0.330464631319046,0.4234166741371155
123,C1,363,0.2472928762435913,0.32737624645233154
123,C1,364,0.26245447993278503,0.35690999031066895
123,C1,365,0.28445830941200256,0.37839752435684204
123,C1,366,0.2261153757572174,0.31528130173683167
123,C1,367,0.23890045285224915,0.340218722820282
123,C1,368,0.23850415647029877,0.32691413164138794
123,C1,369,0.26436561346054077,0.3270529806613922
123,C1,370,0.25607430934906006,0.33870789408683777
123,C1,371,0.24333326518535614,0.3203222453594208
123,C1,372,0.2201220989227295,0.2864079475402832
123,C1,373,0.26555317640304565,0.35859447717666626
123,C1,374,0.26648974418640137,0.34582212567329407
123,C1,375,0.30487048625946045,0.3648640513420105
123,C1,376,0.22483456134796143,0.29729127883911133
123,C1,377,0.22663088142871857,0.30876079201698303
123,C1,378,0.25354573130607605,0.33345526456832886
123,C1,379,0.21437311172485352,0.27875062823295593
123,C1,380,0.26098349690437317,0.3389623165130615
123,C1,381,0.18534256517887115,0.2504907250404358
123,C1,382,0.2741079330444336,0.38391396403312683
123,C1,383,0.24540504813194275,0.3388115167617798
123,C1,384,0.21293413639068604,0.2946062982082367
123,C1,385,0.23808114230632782,0.32506832480430603
123,C1,386,0.235406756401062,0.30255061388015747
123,C1,387,0.2240663766860962,0.32370108366012573
123,C1,388,0.2689148187637329,0.3456432819366455
123,C1,389,0.2793658971786499,0.3718448877334595
123,C1,390,0.2821236252784729,0.3608332872390747
123,C1,391,0.22825023531913757,0.3085462749004364
123,C1,392,0.26658129692077637,0.3384685516357422
123,C1,393,0.30322694778442383,0.39109551906585693
123,C1,394,0.26697471737861633,0.36870527267456055
123,C1,395,0.3008263111114502,0.3824402987957001
123,C1,396,0.2522401213645935,0.3428639769554138
123,C1,397,0.30669501423835754,0.398445725440979
123,C1,398,0.216263085603714,0.29556208848953247
123,C1,399,0.2572428286075592,0.3594564199447632
123,C1,400,0.2271013855934143,0.3123651444911957
123,C1,401,0.2155064344406128,0.2776145040988922
123,C1,402,0.2672024369239807,0.3433308005332947
123,C1,403,0.22893796861171722,0.2906765043735504
123,C1,404,0.1506473571062088,0.21406064927577972
123,C1,405,0.24347837269306183,0.31987908482551575
123,C1,406,0.3193392753601074,0.4103829264640808
123,C1,407,0.24879123270511627,0.3516136705875397
123,C1,408,0.24500484764575958,0.32689180970191956
123,C1,409,0.2281818687915802,0.32820355892181396
123,C1,410,0.3629818260669708,0.4511420726776123
123,C1,411,0.23444554209709167,0.31633827090263367
123,C1,412,0.2920609414577484,0.3900233507156372
123,C1,413,0.22706535458564758,0.30558842420578003
123,C1,414,0.24738377332687378,0.33685874938964844
123,C1,415,0.22341813147068024,0.303913950920105
123,C1,416,0.192030131816864,0.2746381163597107
123,C1,417,0.24104228615760803,0.31752192974090576
123,C1,418,0.2548076808452606,0.3316369354724884
123,C1,419,0.27783000469207764,0.3825021982192993
123,C1,420,0.2489234209060669,0.331520140171051
123,C1,421,0.28824716806411743,0.35197120904922485
123,C1,422,0.22186419367790222,0.29186081886291504
123,C1,423,0.24726681411266327,0.340087354183197
123,C1,424,0.24261179566383362,0.3189469575881958
123,C1,425,0.28624457120895386,0.3639928698539734
123,C1,426,0.3062269687652588,0.3882073163986206
123,C1,427,0.2034817934036255,0.2658238708972931
123,C1,428,0.20555034279823303,0.27591395378112793
123,C1,429,0.24241775274276733,0.3293515145778656
123,C1,430,0.25862473249435425,0.3384999632835388
123,C1,431,0.2383141666650772,0.32665175199508667
123,C1,432,0.3027346432209015,0.38906511664390564
123,C1,433,0.2473364919424057,0.3506438434123993
123,C1,434,0.22708532214164734,0.306816428899765
123,C1,435,0.21631214022636414,0.2887343466281891
123,C1,436,0.3152523636817932,0.41709697246551514
123,C1,437,0.24443748593330383,0.35480931401252747
123,C1,438,0.21996021270751953,0.28944119811058044
123,C1,439,0.21742883324623108,0.30079028010368347
123,C1,440,0.26621729135513306,0.3511173129081726
123,C1,441,0.22450056672096252,0.3172956705093384
123,C1,442,0.22468185424804688,0.29720234870910645
123,C1,443,0.2520847022533417,0.34772276878356934
123,C1,444,0.24639892578125,0.32924914360046387
123,C1,445,0.2300911843776703,0.30891820788383484
123,C1,446,0.20834866166114807,0.29793769121170044
123,C1,447,0.202467679977417,0.2749495506286621
123,C1,448,0.27694159746170044,0.3705400824546814
123,C1,449,0.2668421268463135,0.3605053424835205
123,C1,450,0.17465132474899292,0.24864447116851807
123,C1,451,0.31250709295272827,0.40801697969436646
123,C1,452,0.20270609855651855,0.32061636447906494
123,C1,453,0.2132430374622345,0.29774153232574463
123,C1,454,0.22692300379276276,0.30547627806663513
123,C1,455,0.20253446698188782,0.27578312158584595
123,C1,456,0.28989094495773315,0.3733208179473877
123,C1,457,0.23012009263038635,0.3144163489341736
123,C1,458,0.29273104667663574,0.38295412063598633
123,C1,459,0.28106391429901123,0.37982457876205444
123,C1,460,0.24793416261672974,0.3537706434726715
123,C1,461,0.2817305624485016,0.3537316918373108
123,C1,462,0.2312280535697937,0.3185833692550659
123,C1,463,0.23923921585083008,0.3309093713760376
123,C1,464,0.2024020254611969,0.28614309430122375
123,C1,465,0.18213039636611938,0.25652068853378296
123,C1,466,0.22451265156269073,0.28752362728118896
123,C1,467,0.2510457932949066,0.3283287286758423
123,C1,468,0.23475459218025208,0.30431225895881653
123,C1,469,0.2769286632537842,0.35108518600463867
123,C1,470,0.34912610054016113,0.4365532100200653
123,C1,471,0.23734119534492493,0.318124920129776
123,C1,472,0.2431502789258957,0.3054163455963135
123,C1,473,0.2768648862838745,0.3540532886981964
123,C1,474,0.21668526530265808,0.3032546639442444
123,C1,475,0.29718872904777527,0.3903138339519501
123,C1,476,0.172878235578537,0.23145121335983276
123,C1,477,0.1959122121334076,0.25456905364990234
123,C1,478,0.298846036195755,0.38578248023986816
123,C1,479,0.2663605213165283,0.35890090465545654
123,C1,480,0.2871915102005005,0.3753555417060852
123,C1,481,0.2762562036514282,0.36278021335601807
123,C1,482,0.2741764783859253,0.3538685441017151
123,C1,483,0.2812473177909851,0.3666774034500122
123,C1,484,0.2387806922197342,0.3240833282470703
123,C1,485,0.3033486008644104,0.4007323384284973
123,C1,486,0.2612208127975464,0.3467996418476105
123,C1,487,0.22877398133277893,0.3006090521812439
123,C1,488,0.1866881251335144,0.25463369488716125
123,C1,489,0.2679530084133148,0.35397616028785706
123,C1,490,0.238372340798378,0.3553141951560974
123,C1,491,0.250130832195282,0.3153769075870514
123,C1,492,0.19956566393375397,0.2952116131782532
123,C1,493,0.2419852316379547,0.3511722683906555
123,C1,494,0.2739211916923523,0.3451266884803772
123,C1,495,0.2843828797340393,0.3604191541671753
123,C1,496,0.28891927003860474,0.374820739030838
123,C1,497,0.2977578639984131,0.3928959369659424
123,C1,498,0.3075811266899109,0.40748167037963867
123,C1,499,0.2483590841293335,0.336788147687912
123,C1,500,0.21463070809841156,0.29766562581062317
123,C1,501,0.3138692378997803,0.3907085955142975
123,C1,502,0.27198731899261475,0.36311018466949463
123,C1,503,0.1889401376247406,0.24825815856456757
123,C1,504,0.22818736732006073,0.31058287620544434
123,C1,505,0.2644428014755249,0.35310450196266174
123,C1,506,0.22528812289237976,0.2966759204864502
123,C1,507,0.2807464599609375,0.36302846670150757
123,C1,508,0.21057185530662537,0.27628567814826965
123,C1,509,0.15071848034858704,0.21336773037910461
123,C1,510,0.19760653376579285,0.2568226754665375
123,C1,511,0.23851297795772552,0.33053284883499146
123,C1,512,0.2622374892234802,0.3511112928390503
123,C1,513,0.23030716180801392,0.3042394518852234
123,C1,514,0.25587841868400574,0.3554766774177551
123,C1,515,0.2086353451013565,0.3038114607334137
123,C1,516,0.27126890420913696,0.3488158583641052
123,C1,517,0.25956112146377563,0.3445843756198883
123,C1,518,0.23109953105449677,0.33144938945770264
123,C1,519,0.20537137985229492,0.28407761454582214
123,C1,520,0.2869694232940674,0.38568562269210815
123,C1,521,0.2527686357498169,0.3260243535041809
123,C1,522,0.30937469005584717,0.4151999056339264
123,C1,523,0.23296180367469788,0.33929693698883057
123,C1,524,0.18601569533348083,0.27055883407592773
123,C1,525,0.2481483519077301,0.32540929317474365
123,C1,526,0.250406950712204,0.3424133062362671
123,C1,527,0.2835010886192322,0.39511430263519287
123,C1,528,0.1845255196094513,0.2557530999183655
123,C1,529,0.25743019580841064,0.3586767315864563
123,C1,530,0.2777307629585266,0.3622995615005493
123,C1,531,0.2471407800912857,0.3341306447982788
123,C1,532,0.21715085208415985,0.2972080707550049
123,C1,533,0.22685104608535767,0.3054605722427368
123,C1,534,0.2927131950855255,0.38268962502479553
123,C1,535,0.2704790532588959,0.34066706895828247
123,C1,536,0.24205031991004944,0.3180529773235321
123,C1,537,0.24555107951164246,0.3265572488307953
123,C1,538,0.23623934388160706,0.32876917719841003
123,C1,539,0.2770787477493286,0.35871148109436035
123,C1,540,0.25499072670936584,0.3367578983306885
123,C1,541,0.23594197630882263,0.30913659930229187
123,C1,542,0.22633154690265656,0.30117323994636536
123,C1,543,0.2528406083583832,0.34906005859375
123,C1,544,0.22332951426506042,0.29091089963912964
123,C1,545,0.2406293749809265,0.31326955556869507
123,C1,546,0.24188116192817688,0.31703251600265503
123,C1,547,0.2879382371902466,0.36770662665367126
123,C1,548,0.21416161954402924,0.3008687198162079
123,C1,549,0.2527408003807068,0.34056150913238525
123,C1,550,0.23636476695537567,0.30642205476760864
123,C1,551,0.2644137740135193,0.3396061062812805
123,C1,552,0.24175605177879333,0.3182900547981262
123,C1,553,0.22304536402225494,0.2941911220550537
123,C1,554,0.2226429134607315,0.29135528206825256
123,C1,555,0.21461963653564453,0.2821822166442871
123,C1,556,0.25465989112854004,0.35090866684913635
123,C1,557,0.18001510202884674,0.24644827842712402
123,C1,558,0.2337380349636078,0.33063408732414246
123,C1,559,0.21294040977954865,0.28064507246017456
123,C1,560,0.27024659514427185,0.3593277335166931
123,C1,561,0.25323617458343506,0.3459013104438782
123,C1,562,0.21498680114746094,0.2737070620059967
123,C1,563,0.24352861940860748,0.3208850920200348
123,C1,564,0.2596525549888611,0.3441198468208313
123,C1,565,0.22280533611774445,0.29827532172203064
123,C1,566,0.19748833775520325,0.2629513442516327
123,C1,567,0.21836458146572113,0.29759761691093445
123,C1,568,0.1728077083826065,0.2535836100578308
123,C1,569,0.2588311433792114,0.33707165718078613
123,C1,570,0.296728253364563,0.3845556080341339
123,C1,571,0.29536929726600647,0.39779502153396606
123,C1,572,0.27431777119636536,0.36870288848876953
123,C1,573,0.2832680642604828,0.36983025074005127
123,C1,574,0.25985705852508545,0.3441521227359772
123,C1,575,0.2567656636238098,0.3328692317008972
123,C1,576,0.2888750433921814,0.3789765238761902
123,C1,577,0.27628093957901,0.3823733627796173
123,C1,578,0.3083437383174896,0.3910476863384247
123,C1,579,0.21928200125694275,0.2929054796695709
123,C1,580,0.24431362748146057,0.31558671593666077
123,C1,581,0.27625927329063416,0.3719317317008972
123,C1,582,0.32875287532806396,0.4251956045627594
123,C1,583,0.2451389580965042,0.3470408320426941
123,C1,584,0.2281699776649475,0.31496208906173706
123,C1,585,0.26882031559944153,0.3524526357650757
123,C1,586,0.21751102805137634,0.291207879781723
123,C1,587,0.3231167197227478,0.40582364797592163
123,C1,588,0.2164912223815918,0.29216718673706055
123,C1,589,0.2534348964691162,0.3213152289390564
123,C1,590,0.24815019965171814,0.33644548058509827
123,C1,591,0.21552154421806335,0.2846355438232422
123,C1,592,0.298574835062027,0.39208054542541504
123,C1,593,0.22455185651779175,0.32105544209480286
123,C1,594,0.20675459504127502,0.27342385053634644
123,C1,595,0.2156132608652115,0.30867260694503784
123,C1,596,0.22712638974189758,0.336084246635437
123,C1,597,0.2406519055366516,0.32408612966537476
123,C1,598,0.28311413526535034,0.3603231906890869
123,C1,599,0.20540009438991547,0.27384811639785767
123,C1,600,0.27140164375305176,0.3824326992034912
123,C1,601,0.17239677906036377,0.24455055594444275
123,C1,602,0.2292347252368927,0.2915599048137665
123,C1,603,0.2370016723871231,0.30147144198417664
123,C1,604,0.21308808028697968,0.2851777970790863
123,C1,605,0.24114328622817993,0.32033681869506836
123,C1,606,0.2421875298023224,0.33338338136672974
123,C1,607,0.23546870052814484,0.3221122622489929
123,C1,608,0.2716423273086548,0.3500996530056
123,C1,609,0.2725318968296051,0.3578762114048004
123,C1,610,0.20566923916339874,0.28369295597076416
123,C1,611,0.2553623914718628,0.3593578338623047
123,C1,612,0.20839157700538635,0.2916446328163147
123,C1,613,0.23125696182250977,0.31432634592056274
123,C1,614,0.30240392684936523,0.39313796162605286
123,C1,615,0.28252798318862915,0.3880910575389862
123,C1,616,0.22588147222995758,0.31169968843460083
123,C1,617,0.24317283928394318,0.3240094780921936
123,C1,618,0.2813062369823456,0.3548605442047119
123,C1,619,0.22220465540885925,0.329674631357193
123,C1,620,0.2834492027759552,0.37859389185905457
123,C1,621,0.2930099666118622,0.37001073360443115
123,C1,622,0.2481522262096405,0.31320348381996155
123,C1,623,0.2858254909515381,0.35667237639427185
123,C1,624,0.22946256399154663,0.33214667439460754
123,C1,625,0.19812285900115967,0.28489696979522705
123,C1,626,0.28996676206588745,0.36983802914619446
123,C1,627,0.2449733316898346,0.33694717288017273
123,C1,628,0.2294376790523529,0.3124016225337982
123,C1,629,0.2618548274040222,0.3333479166030884
123,C1,630,0.26775288581848145,0.3446568548679352
123,C1,631,0.23852352797985077,0.3100723624229431
123,C1,632,0.27306264638900757,0.3758922219276428
123,C1,633,0.2338033765554428,0.30329108238220215
123,C1,634,0.23307649791240692,0.32652005553245544
123,C1,635,0.2524169981479645,0.31548425555229187
123,C1,636,0.2357090711593628,0.30838775634765625
123,C1,637,0.24842508137226105,0.33213770389556885
123,C1,638,0.19296884536743164,0.2606811821460724
123,C1,639,0.2524731457233429,0.33777564764022827
123,C1,640,0.17573344707489014,0.24706897139549255
123,C1,641,0.292773574590683,0.387136846780777
123,C1,642,0.2750757336616516,0.3679622709751129
123,C1,643,0.2187013328075409,0.3200657367706299
123,C1,644,0.22029834985733032,0.2950543165206909
123,C1,645,0.2767196297645569,0.3526379466056824
123,C1,646,0.260869562625885,0.35823163390159607
123,C1,647,0.24841496348381042,0.34406378865242004
123,C1,648,0.25496554374694824,0.3321005702018738
123,C1,649,0.24540641903877258,0.32280510663986206
123,C1,650,0.2904704809188843,0.38721388578414917
123,C1,651,0.2733285427093506,0.3475775122642517
123,C1,652,0.2687671482563019,0.3450823426246643
123,C1,653,0.23635704815387726,0.31927821040153503
123,C1,654,0.22443877160549164,0.29998457431793213
123,C1,655,0.25196683406829834,0.35742712020874023
123,C1,656,0.22579792141914368,0.29884499311447144
123,C1,657,0.29226621985435486,0.37468254566192627
123,C1,658,0.3339797258377075,0.43829256296157837
123,C1,659,0.18411771953105927,0.28693896532058716
123,C1,660,0.20378699898719788,0.2733539640903473
123,C1,661,0.24209341406822205,0.3317817747592926
123,C1,662,0.24585403501987457,0.34468379616737366
123,C1,663,0.28270891308784485,0.3789612054824829
123,C1,664,0.3023912310600281,0.3869326412677765
123,C1,665,0.2737523913383484,0.3601381480693817
123,C1,666,0.25231465697288513,0.33175235986709595
123,C1,667,0.23857459425926208,0.3077966570854187
123,C1,668,0.3225259780883789,0.4205515682697296
123,C1,669,0.1574905663728714,0.24181607365608215
123,C1,670,0.258304238319397,0.3280535638332367
123,C1,671,0.21456658840179443,0.2760908901691437
123,C1,672,0.2783403992652893,0.3611478805541992
123,C1,673,0.23025056719779968,0.35105466842651367
123,C1,674,0.21672654151916504,0.3046388328075409
123,C1,675,0.20336918532848358,0.28454869985580444
123,C1,676,0.2612849473953247,0.3551972508430481
123,C1,677,0.20286637544631958,0.28216949105262756
123,C1,678,0.21687492728233337,0.30053991079330444
123,C1,679,0.2579626739025116,0.3225401043891907
123,C1,680,0.2026948779821396,0.27129942178726196
123,C1,681,0.2401670515537262,0.3125069737434387
123,C1,682,0.27238738536834717,0.33697137236595154
123,C1,683,0.17138496041297913,0.21953442692756653
123,C1,684,0.29682114720344543,0.3675982654094696
123,C1,685,0.287145733833313,0.37315189838409424
123,C1,686,0.27500593662261963,0.35483381152153015
123,C1,687,0.2433670312166214,0.3371342420578003
123,C1,688,0.25476348400115967,0.3350295126438141
123,C1,689,0.24608473479747772,0.3429712653160095
123,C1,690,0.26975807547569275,0.3633251488208771
123,C1,691,0.3042674660682678,0.39481717348098755
123,C1,692,0.26530715823173523,0.36142516136169434
123,C1,693,0.2822192907333374,0.3701801896095276
123,C1,694,0.23265697062015533,0.3071792721748352
123,C1,695,0.27772054076194763,0.37346509099006653
123,C1,696,0.20904698967933655,0.2879927456378937
123,C1,697,0.24366246163845062,0.33359494805336
123,C1,698,0.2867565453052521,0.36762845516204834
123,C1,699,0.282646507024765,0.3665504455566406
123,C1,700,0.24361184239387512,0.3210127353668213
123,C1,701,0.21200770139694214,0.28353989124298096
123,C1,702,0.2042565643787384,0.3038714826107025
123,C1,703,0.27896690368652344,0.35153892636299133
123,C1,704,0.22857871651649475,0.3195330500602722
123,C1,705,0.2520316243171692,0.3459237217903137
123,C1,706,0.3041166663169861,0.3966825008392334
123,C1,707,0.2538386285305023,0.328361839056015
123,C1,708,0.21748267114162445,0.28339967131614685
123,C1,709,0.2939297556877136,0.3756707012653351
123,C1,710,0.2837783694267273,0.36649221181869507
123,C1,711,0.2556212246417999,0.35853540897369385
123,C1,712,0.25763460993766785,0.3371332585811615
123,C1,713,0.27474406361579895,0.3641722798347473
123,C1,714,0.2342488318681717,0.3161403238773346
123,C1,715,0.26422855257987976,0.35036322474479675
123,C1,716,0.27844223380088806,0.35591137409210205
123,C1,717,0.24381430447101593,0.32284364104270935
123,C1,718,0.19287458062171936,0.26127415895462036
123,C1,719,0.2944658696651459,0.3674386441707611
123,C1,720,0.16261973977088928,0.22551964223384857
123,C1,721,0.22390757501125336,0.299060195684433
123,C1,722,0.254764586687088,0.3394683003425598
123,C1,723,0.3174540400505066,0.3803862929344177
123,C1,724,0.23363356292247772,0.313486784696579
123,C1,725,0.24157583713531494,0.31713080406188965
123,C1,726,0.25695517659187317,0.3555523157119751
123,C1,727,0.2787111699581146,0.37570443749427795
123,C1,728,0.29204070568084717,0.38838109374046326
123,C1,729,0.2724110782146454,0.368754506111145
123,C1,730,0.25348684191703796,0.3220081925392151
123,C1,731,0.25144994258880615,0.3259285092353821
123,C1,732,0.2167814075946808,0.30091288685798645
123,C1,733,0.2106524258852005,0.3007753789424896
123,C1,734,0.18505971133708954,0.27020421624183655
123,C1,735,0.2182731330394745,0.27660122513771057
123,C1,736,0.22813978791236877,0.29883846640586853
123,C1,737,0.2748250365257263,0.36217448115348816
123,C1,738,0.24014438688755035,0.3336617350578308
123,C1,739,0.2288302481174469,0.29087892174720764
123,C1,740,0.2160724550485611,0.31141090393066406
123,C1,741,0.2634693384170532,0.33741477131843567
123,C1,742,0.21790483593940735,0.293337881565094
123,C1,743,0.30637240409851074,0.4022541046142578
123,C1,744,0.19184187054634094,0.2588929235935211
123,C1,745,0.2648848295211792,0.3513849377632141
123,C1,746,0.18535929918289185,0.24820652604103088
123,C1,747,0.29348236322402954,0.39976274967193604
123,C1,748,0.23643814027309418,0.3191322088241577
123,C1,749,0.24727341532707214,0.3223787546157837
123,C1,750,0.2530607581138611,0.3522717356681824
123,C1,751,0.2616918981075287,0.3239366412162781
123,C1,752,0.262214720249176,0.3358640968799591
123,C1,753,0.1955835372209549,0.29586076736450195
123,C1,754,0.24593207240104675,0.32724636793136597
123,C1,755,0.23779085278511047,0.3172388970851898
123,C1,756,0.2993031144142151,0.3879191279411316
123,C1,757,0.1986939013004303,0.28940504789352417
123,C1,758,0.27094030380249023,0.3534570038318634
123,C1,759,0.2364855408668518,0.33104580640792847
123,C1,760,0.24671119451522827,0.31801390647888184
123,C1,761,0.26956304907798767,0.34110990166664124
123,C1,762,0.2649288773536682,0.325053870677948
123,C1,763,0.30446857213974,0.38605186343193054
123,C1,764,0.26824212074279785,0.3448249399662018
123,C1,765,0.2784227132797241,0.37678423523902893
123,C1,766,0.24935925006866455,0.32208847999572754
123,C1,767,0.23844963312149048,0.3201165199279785
123,C1,768,0.21713241934776306,0.3054351210594177
123,C1,769,0.21227356791496277,0.30157941579818726
123,C1,770,0.19545991718769073,0.27897101640701294
123,C1,771,0.24139325320720673,0.3436742424964905
123,C1,772,0.25258204340934753,0.34187978506088257
123,C1,773,0.23280119895935059,0.3348935842514038
123,C1,774,0.287910133600235,0.3823099136352539
123,C1,775,0.2146763652563095,0.284232497215271
123,C1,776,0.3217054009437561,0.4319256544113159
123,C1,777,0.31128764152526855,0.40289506316185
123,C1,778,0.2525949478149414,0.3390757441520691
123,C1,779,0.24597425758838654,0.3304872214794159
123,C1,780,0.2754040062427521,0.3660266399383545
123,C1,781,0.2236984521150589,0.33602088689804077
123,C1,782,0.3207038640975952,0.4128730297088623
123,C1,783,0.21678027510643005,0.31895655393600464
123,C1,784,0.20312100648880005,0.2773762345314026
123,C1,785,0.18980979919433594,0.24938425421714783
123,C1,786,0.2574208974838257,0.3247329294681549
123,C1,787,0.2301401048898697,0.28999754786491394
123,C1,788,0.21622411906719208,0.28814128041267395
123,C1,789,0.2339477241039276,0.301780641078949
123,C1,790,0.22183868288993835,0.30798202753067017
123,C1,791,0.2099241018295288,0.30501270294189453
123,C1,792,0.2749950587749481,0.34539344906806946
123,C1,793,0.24482429027557373,0.317624032497406
123,C1,794,0.2942364811897278,0.3545837700366974
123,C1,795,0.22933652997016907,0.2976454496383667
123,C1,796,0.22761771082878113,0.31090694665908813
123,C1,797,0.2808723449707031,0.3789198696613312
123,C1,798,0.253644734621048,0.3373860716819763
123,C1,799,0.29791295528411865,0.3825380504131317
123,C1,800,0.21070429682731628,0.3135871887207031
123,C1,801,0.24849030375480652,0.31451407074928284
123,C1,802,0.19120928645133972,0.24859894812107086
123,C1,803,0.253888338804245,0.31528404355049133
123,C1,804,0.24949708580970764,0.3327508568763733
123,C1,805,0.2607017755508423,0.3550327718257904
123,C1,806,0.3158039152622223,0.3813026249408722
123,C1,807,0.2365199327468872,0.3294857442378998
123,C1,808,0.19440266489982605,0.2637530565261841
123,C1,809,0.27639588713645935,0.35963308811187744
123,C1,810,0.2790970802307129,0.3765517473220825
123,C1,811,0.3055304288864136,0.4051266610622406
123,C1,812,0.23652946949005127,0.3168754279613495
123,C1,813,0.2985553741455078,0.3876176178455353
123,C1,814,0.17474126815795898,0.23854245245456696
123,C1,815,0.24073335528373718,0.33366310596466064
123,C1,816,0.23126721382141113,0.3174670934677124
123,C1,817,0.2154431939125061,0.2688496708869934
123,C1,818,0.25330430269241333,0.3423274755477905
123,C1,819,0.28051188588142395,0.38364899158477783
123,C1,820,0.23758244514465332,0.3112872242927551
123,C1,821,0.23086273670196533,0.3024281859397888
123,C1,822,0.23761284351348877,0.32853078842163086
123,C1,823,0.27835869789123535,0.36262378096580505
123,C1,824,0.22408711910247803,0.29744845628738403
123,C1,825,0.2493685632944107,0.3200005292892456
123,C1,826,0.29367318749427795,0.37346935272216797
123,C1,827,0.282470166683197,0.38761889934539795
123,C1,828,0.2828025817871094,0.37694475054740906
123,C1,829,0.24262464046478271,0.31909143924713135
123,C1,830,0.25413888692855835,0.3396112322807312
123,C1,831,0.1897241324186325,0.2656559944152832
123,C1,832,0.22367504239082336,0.28728532791137695
123,C1,833,0.21918417513370514,0.29283058643341064
123,C1,834,0.2604580223560333,0.34923842549324036
123,C1,835,0.2499186247587204,0.34080860018730164
123,C1,836,0.2529403865337372,0.3181615471839905
123,C1,837,0.20260709524154663,0.30456215143203735
123,C1,838,0.23286592960357666,0.3011114299297333
123,C1,839,0.28221946954727173,0.37289541959762573
123,C1,840,0.2578035295009613,0.3382602334022522
123,C1,841,0.25501540303230286,0.34065401554107666
123,C1,842,0.23546922206878662,0.3074381351470947
123,C1,843,0.19299307465553284,0.2831595540046692
123,C1,844,0.2385520488023758,0.30409950017929077
123,C1,845,0.2616170048713684,0.3549913763999939
123,C1,846,0.21842442452907562,0.29634401202201843
123,C1,847,0.2371777594089508,0.31587135791778564
123,C1,848,0.21676895022392273,0.30031919479370117
123,C1,849,0.3000433146953583,0.3862941861152649
123,C1,850,0.21291913092136383,0.27721190452575684
123,C1,851,0.254836767911911,0.3543241620063782
123,C1,852,0.23414847254753113,0.3167276978492737
123,C1,853,0.1856202781200409,0.27863621711730957
123,C1,854,0.23022091388702393,0.3398129343986511
123,C1,855,0.2053569257259369,0.2737906575202942
123,C1,856,0.22372576594352722,0.2865407466888428
123,C1,857,0.23419539630413055,0.30829113721847534
123,C1,858,0.1738542914390564,0.2416631281375885
123,C1,859,0.2920372784137726,0.37399017810821533
123,C1,860,0.2419874519109726,0.3425085246562958
123,C1,861,0.24044036865234375,0.33239302039146423
123,C1,862,0.24267148971557617,0.31461089849472046
123,C1,863,0.2316250056028366,0.3222251236438751
123,C1,864,0.2687777280807495,0.3554542362689972
123,C1,865,0.2538391947746277,0.3287453055381775
123,C1,866,0.1774684488773346,0.26687562465667725
123,C1,867,0.27665847539901733,0.3684384524822235
123,C1,868,0.28550583124160767,0.3628528118133545
123,C1,869,0.2610788643360138,0.33703920245170593
123,C1,870,0.2719460129737854,0.3439928889274597
123,C1,871,0.2802691161632538,0.368019700050354
123,C1,872,0.22628328204154968,0.2983267307281494
123,C1,873,0.24273835122585297,0.3473042845726013
123,C1,874,0.18783579766750336,0.26758110523223877
123,C1,875,0.2502819001674652,0.33226606249809265
123,C1,876,0.22396890819072723,0.30902937054634094
123,C1,877,0.2227884978055954,0.31759369373321533
123,C1,878,0.30032145977020264,0.4010196626186371
123,C1,879,0.28743189573287964,0.376698762178421
123,C1,880,0.22507625818252563,0.3237305283546448
123,C1,881,0.24341657757759094,0.32395365834236145
123,C1,882,0.23830944299697876,0.3097895085811615
123,C1,883,0.24681690335273743,0.31888410449028015
123,C1,884,0.2168276309967041,0.3019431531429291
123,C1,885,0.3199384808540344,0.4010114371776581
123,C1,886,0.21265466511249542,0.2988942563533783
123,C1,887,0.22664093971252441,0.3070245385169983
123,C1,888,0.23072069883346558,0.300732284784317
123,C1,889,0.2748386561870575,0.35755980014801025
123,C1,890,0.21694663166999817,0.298572301864624
123,C1,891,0.2257796674966812,0.3093525469303131
123,C1,892,0.21322336792945862,0.2895529568195343
123,C1,893,0.22757568955421448,0.3293348550796509
123,C1,894,0.20988145470619202,0.2849723994731903
123,C1,895,0.23181405663490295,0.3058410584926605
123,C1,896,0.24615828692913055,0.3319975733757019
123,C1,897,0.27202749252319336,0.35251522064208984
123,C1,898,0.24593006074428558,0.34030207991600037
123,C1,899,0.24562586843967438,0.32244396209716797
123,C1,900,0.16166828572750092,0.22670269012451172
123,C1,901,0.21101632714271545,0.27150046825408936
123,C1,902,0.2983238995075226,0.39048510789871216
123,C1,903,0.2599252462387085,0.3370710015296936
123,C1,904,0.21117213368415833,0.30159687995910645
123,C1,905,0.26838311553001404,0.35817545652389526
123,C1,906,0.22119611501693726,0.3057737946510315
123,C1,907,0.20611563324928284,0.2756084203720093
123,C1,908,0.305414080619812,0.39481478929519653
123,C1,909,0.23086616396903992,0.30284827947616577
123,C1,910,0.2330772876739502,0.3059150278568268
123,C1,911,0.2508584260940552,0.33619943261146545
123,C1,912,0.26116424798965454,0.3443298041820526
123,C1,913,0.2448875606060028,0.33677008748054504
123,C1,914,0.22938230633735657,0.3181816637516022
123,C1,915,0.20498676598072052,0.29087257385253906
123,C1,916,0.25946080684661865,0.3428337872028351
123,C1,917,0.2467668354511261,0.31494638323783875
123,C1,918,0.23131871223449707,0.29312407970428467
123,C1,919,0.2049199938774109,0.29504692554473877
123,C1,920,0.25576674938201904,0.3345407247543335
123,C1,921,0.2833262085914612,0.3629554510116577
123,C1,922,0.2759476900100708,0.35294651985168457
123,C1,923,0.20913349092006683,0.2979442775249481
123,C1,924,0.23926934599876404,0.3179885149002075
123,C1,925,0.2550695836544037,0.3294275104999542
123,C1,926,0.26288512349128723,0.360190212726593
123,C1,927,0.22901254892349243,0.3138774633407593
123,C1,928,0.26534560322761536,0.3627740740776062
123,C1,929,0.3278619647026062,0.40554895997047424
123,C1,930,0.2264779657125473,0.2804848551750183
123,C1,931,0.2147611677646637,0.2828114330768585
123,C1,932,0.20148774981498718,0.2559492886066437
123,C1,933,0.2240391969680786,0.32994911074638367
123,C1,934,0.23002471029758453,0.3131784200668335
123,C1,935,0.20067903399467468,0.2835479974746704
123,C1,936,0.26516491174697876,0.34703144431114197
123,C1,937,0.24948105216026306,0.3494637906551361
123,C1,938,0.23175713419914246,0.3225677013397217
123,C1,939,0.2126811295747757,0.29533541202545166
123,C1,940,0.2559295892715454,0.3331896960735321
123,C1,941,0.2371133267879486,0.325741171836853
123,C1,942,0.3061012029647827,0.3853244185447693
123,C1,943,0.15460331737995148,0.23854781687259674
123,C1,944,0.2296355813741684,0.3067467212677002
123,C1,945,0.1900366097688675,0.30021554231643677
123,C1,946,0.24909092485904694,0.3295256197452545
123,C1,947,0.27642494440078735,0.37361907958984375
123,C1,948,0.24835216999053955,0.33993813395500183
123,C1,949,0.2442658692598343,0.33872732520103455
123,C1,950,0.2668309807777405,0.3468642830848694
123,C1,951,0.324987530708313,0.4060657024383545
123,C1,952,0.20980316400527954,0.29686298966407776
123,C1,953,0.26863253116607666,0.34481942653656006
123,C1,954,0.24757128953933716,0.3284533619880676
123,C1,955,0.24904455244541168,0.3199264407157898
123,C1,956,0.3017750382423401,0.3842145502567291
123,C1,957,0.31743761897087097,0.4127078056335449
123,C1,958,0.29288172721862793,0.4008471965789795
123,C1,959,0.22840696573257446,0.31212660670280457
123,C1,960,0.20112434029579163,0.26525741815567017
123,C1,961,0.2311878800392151,0.2992701232433319
123,C1,962,0.25985196232795715,0.33530789613723755
123,C1,963,0.2555278539657593,0.3411917984485626
123,C1,964,0.22835855185985565,0.3125808537006378
123,C1,965,0.28664153814315796,0.36863264441490173
123,C1,966,0.22961899638175964,0.30519792437553406
123,C1,967,0.2818291485309601,0.358196496963501
123,C1,968,0.2342977076768875,0.3438805341720581
123,C1,969,0.254173219203949,0.3339190185070038
123,C1,970,0.24079009890556335,0.31977981328964233
123,C1,971,0.18780630826950073,0.26033782958984375
123,C1,972,0.22874629497528076,0.3089831471443176
123,C1,973,0.2713661193847656,0.34932270646095276
123,C1,974,0.18990254402160645,0.24185606837272644
123,C1,975,0.2632967233657837,0.32989633083343506
123,C1,976,0.24090027809143066,0.3270209729671478
123,C1,977,0.19728036224842072,0.25206056237220764
123,C1,978,0.16163216531276703,0.21768106520175934
123,C1,979,0.22215712070465088,0.2986370921134949
123,C1,980,0.18733157217502594,0.25476959347724915
123,C1,981,0.22707539796829224,0.30454468727111816
123,C1,982,0.25679683685302734,0.33232226967811584
123,C1,983,0.218405619263649,0.2982281744480133
123,C1,984,0.2793828248977661,0.36706095933914185
123,C1,985,0.21175764501094818,0.2701971232891083
123,C1,986,0.24984949827194214,0.3229823410511017
123,C1,987,0.2540966272354126,0.33629900217056274
123,C1,988,0.20803861320018768,0.27394843101501465
123,C1,989,0.20581190288066864,0.29111164808273315
123,C1,990,0.3330599069595337,0.4075584411621094
123,C1,991,0.2577410340309143,0.35187068581581116
123,C1,992,0.2793300151824951,0.36297571659088135
123,C1,993,0.278471976518631,0.3681566119194031
123,C1,994,0.25353875756263733,0.35197195410728455
123,C1,995,0.2686564028263092,0.3503546714782715
123,C1,996,0.2577580213546753,0.35705113410949707
123,C1,997,0.17431789636611938,0.25237953662872314
123,C1,998,0.24060165882110596,0.33630597591400146
123,C1,999,0.26139774918556213,0.34042325615882874
123,C1,1000,0.18633219599723816,0.26004624366760254
123,C1,1001,0.22262606024742126,0.2800605595111847
123,C1,1002,0.2362862080335617,0.3011128604412079
123,C1,1003,0.2831679582595825,0.3702991008758545
123,C1,1004,0.2124432772397995,0.2822258174419403
123,C1,1005,0.24666385352611542,0.3284838795661926
123,C1,1006,0.264421284198761,0.3519531488418579
123,C1,1007,0.24690289795398712,0.3245099186897278
123,C1,1008,0.17581729590892792,0.2327195405960083
123,C1,1009,0.2405904233455658,0.31564077734947205
123,C1,1010,0.21368731558322906,0.299545556306839
123,C1,1011,0.294691264629364,0.3860129117965698
123,C1,1012,0.2759871780872345,0.3558007776737213
123,C1,1013,0.21908217668533325,0.2889050245285034
123,C1,1014,0.2561159133911133,0.35833120346069336
123,C1,1015,0.26848000288009644,0.32326215505599976
123,C1,1016,0.2164783924818039,0.28773730993270874
123,C1,1017,0.26309359073638916,0.35637766122817993
123,C1,1018,0.2566240131855011,0.3569476008415222
123,C1,1019,0.20674093067646027,0.3001711666584015
123,C1,1020,0.315533846616745,0.40035122632980347
123,C1,1021,0.24541844427585602,0.3414790630340576
123,C1,1022,0.25676631927490234,0.35547295212745667
123,C1,1023,0.1712510883808136,0.23477551341056824
123,C1,1024,0.17879337072372437,0.24432167410850525
123,C1,1025,0.2560505270957947,0.3337744176387787
123,C1,1026,0.22474485635757446,0.3111482560634613
123,C1,1027,0.24233989417552948,0.32601630687713623
123,C1,1028,0.22492609918117523,0.32423514127731323
123,C1,1029,0.2771722078323364,0.36698293685913086
123,C1,1030,0.19311866164207458,0.27088063955307007
123,C1,1031,0.2194155901670456,0.30423617362976074
123,C1,1032,0.21876615285873413,0.30056819319725037
123,C1,1033,0.2332209199666977,0.3283020853996277
123,C1,1034,0.25060147047042847,0.316718727350235
123,C1,1035,0.21879029273986816,0.2929072380065918
123,C1,1036,0.23245491087436676,0.31967633962631226
123,C1,1037,0.2219906449317932,0.2857915163040161
123,C1,1038,0.21572446823120117,0.30572256445884705
123,C1,1039,0.19767537713050842,0.27426403760910034
123,C1,1040,0.2015499770641327,0.2661239802837372
123,C1,1041,0.27794039249420166,0.35264280438423157
123,C1,1042,0.28818267583847046,0.3830316364765167
123,C1,1043,0.3054705858230591,0.3971732556819916
123,C1,1044,0.217555433511734,0.3089669346809387
123,C1,1045,0.21093380451202393,0.277351438999176
123,C1,1046,0.25702863931655884,0.3398647606372833
123,C1,1047,0.24566978216171265,0.3402579426765442
123,C1,1048,0.26403236389160156,0.3535754978656769
123,C1,1049,0.28932562470436096,0.3638390004634857
123,C1,1050,0.23519444465637207,0.3378412127494812
123,C1,1051,0.23528999090194702,0.30269160866737366
123,C1,1052,0.24166272580623627,0.308239609003067
123,C1,1053,0.22623389959335327,0.2975253760814667
123,C1,1054,0.24423637986183167,0.34174680709838867
123,C1,1055,0.24478614330291748,0.320511132478714
123,C1,1056,0.23772965371608734,0.32146936655044556
123,C1,1057,0.20537510514259338,0.2976837158203125
123,C1,1058,0.20970328152179718,0.2923901677131653
123,C1,1059,0.24552638828754425,0.302121639251709
123,C1,1060,0.24681749939918518,0.34091416001319885
123,C1,1061,0.2610032856464386,0.3389527499675751
123,C1,1062,0.24071982502937317,0.3024877607822418
123,C1,1063,0.23073187470436096,0.32677870988845825
123,C1,1064,0.19634273648262024,0.2801305055618286
123,C1,1065,0.2356514036655426,0.31120529770851135
123,C1,1066,0.23286612331867218,0.33407649397850037
123,C1,1067,0.23927892744541168,0.31028231978416443
123,C1,1068,0.23034527897834778,0.2976014316082001
123,C1,1069,0.27666547894477844,0.36187121272087097
123,C1,1070,0.2756398320198059,0.3558395504951477
123,C1,1071,0.22818443179130554,0.3230052590370178
123,C1,1072,0.23625539243221283,0.32455047965049744
123,C1,1073,0.30394524335861206,0.39019128680229187
123,C1,1074,0.2975043058395386,0.38087236881256104
123,C1,1075,0.286135196685791,0.38582339882850647
123,C1,1076,0.23658227920532227,0.3182324171066284
123,C1,1077,0.2525720000267029,0.3287866711616516
123,C1,1078,0.2365954965353012,0.29457879066467285
123,C1,1079,0.28406110405921936,0.372310072183609
123,C1,1080,0.19838154315948486,0.2678076922893524
123,C1,1081,0.25813615322113037,0.3541167676448822
123,C1,1082,0.21297110617160797,0.28681111335754395
123,C1,1083,0.23898877203464508,0.3205305337905884
123,C1,1084,0.2261148989200592,0.297431617975235
123,C1,1085,0.234721839427948,0.32177186012268066
123,C1,1086,0.18544986844062805,0.25263866782188416
123,C1,1087,0.18722769618034363,0.2589389979839325
123,C1,1088,0.19935154914855957,0.2741011083126068
123,C1,1089,0.22380493581295013,0.2951434850692749
123,C1,1090,0.17988407611846924,0.25719091296195984
123,C1,1091,0.24880582094192505,0.3241230249404907
123,C1,1092,0.20880448818206787,0.29242533445358276
123,C1,1093,0.30885374546051025,0.392954021692276
123,C1,1094,0.26647937297821045,0.35203802585601807
123,C1,1095,0.29785072803497314,0.3625670075416565
123,C1,1096,0.22802554070949554,0.30883264541625977
123,C1,1097,0.2122206836938858,0.2797064185142517
123,C1,1098,0.2129228413105011,0.2991911768913269
123,C1,1099,0.19672340154647827,0.2985636293888092
123,C1,1100,0.2491067498922348,0.34550726413726807
123,C1,1101,0.21379901468753815,0.29244348406791687
123,C1,1102,0.2627640962600708,0.3435397744178772
123,C1,1103,0.2671356797218323,0.35090750455856323
123,C1,1104,0.22673723101615906,0.2975596785545349
123,C1,1105,0.18115507066249847,0.24730798602104187
123,C1,1106,0.2726086378097534,0.3543630540370941
123,C1,1107,0.17800821363925934,0.2581714689731598
123,C1,1108,0.2550657093524933,0.33290761709213257
123,C1,1109,0.22892595827579498,0.3071569800376892
123,C1,1110,0.20032957196235657,0.2835588753223419
123,C1,1111,0.22128529846668243,0.31516337394714355
123,C1,1112,0.29003822803497314,0.3670242726802826
123,C1,1113,0.2459864616394043,0.31366726756095886
123,C1,1114,0.19864125549793243,0.2787873148918152
123,C1,1115,0.2455960214138031,0.341412216424942
123,C1,1116,0.22323989868164062,0.30285269021987915
123,C1,1117,0.1516256332397461,0.21550434827804565
123,C1,1118,0.21698027849197388,0.29188990592956543
123,C1,1119,0.2693096995353699,0.35113734006881714
123,C1,1120,0.24569514393806458,0.3183552622795105
123,C1,1121,0.20675510168075562,0.2746322751045227
123,C1,1122,0.23322999477386475,0.3097696602344513
123,C1,1123,0.20362162590026855,0.2615909278392792
123,C1,1124,0.23891405761241913,0.326376348733902
123,C1,1125,0.22208115458488464,0.29695966839790344
123,C1,1126,0.2508995831012726,0.3174384534358978
123,C1,1127,0.23867183923721313,0.3269866704940796
123,C1,1128,0.21719494462013245,0.3168502151966095
123,C1,1129,0.24654927849769592,0.3256174623966217
123,C1,1130,0.20953886210918427,0.2938387989997864
123,C1,1131,0.27068179845809937,0.3589085638523102
123,C1,1132,0.22073888778686523,0.2928699254989624
123,C1,1133,0.28228074312210083,0.38447874784469604
123,C1,1134,0.2715587615966797,0.37381255626678467
123,C1,1135,0.23584571480751038,0.3236645758152008
123,C1,1136,0.25888434052467346,0.3444289267063141
123,C1,1137,0.28973764181137085,0.3782394528388977
123,C1,1138,0.26064178347587585,0.3502473831176758
123,C1,1139,0.2400207668542862,0.34587952494621277
123,C1,1140,0.214002326130867,0.30325835943222046
123,C1,1141,0.2345615029335022,0.31483349204063416
123,C1,1142,0.2728460729122162,0.34110066294670105
123,C1,1143,0.22666612267494202,0.30415382981300354
123,C1,1144,0.25753745436668396,0.34129244089126587
123,C1,1145,0.2595858871936798,0.36611902713775635
123,C1,1146,0.29540401697158813,0.38996753096580505
123,C1,1147,0.23304127156734467,0.3094233274459839
123,C1,1148,0.20078064501285553,0.2888420820236206
123,C1,1149,0.28213632106781006,0.3678484559059143
123,C1,1150,0.22240912914276123,0.2860497832298279
123,C1,1151,0.2230719029903412,0.29816102981567383
123,C1,1152,0.2604564130306244,0.34567421674728394
123,C1,1153,0.23869836330413818,0.33395785093307495
123,C1,1154,0.2716660797595978,0.35268959403038025
123,C1,1155,0.25481343269348145,0.3528687655925751
123,C1,1156,0.29467082023620605,0.3873675763607025
123,C1,1157,0.2730516195297241,0.370686799287796
123,C1,1158,0.2578050196170807,0.3532402813434601
123,C1,1159,0.2255564033985138,0.304431289434433
123,C1,1160,0.2230423092842102,0.2971316874027252
123,C1,1161,0.261610746383667,0.3539946377277374
123,C1,1162,0.27238571643829346,0.34656646847724915
123,C1,1163,0.1690697968006134,0.248551607131958
123,C1,1164,0.2808200716972351,0.3857935667037964
123,C1,1165,0.21188674867153168,0.29933562874794006
123,C1,1166,0.26894909143447876,0.3675459921360016
123,C1,1167,0.2600781321525574,0.36109331250190735
123,C1,1168,0.2537594735622406,0.3492600619792938
123,C1,1169,0.24162349104881287,0.31417563557624817
123,C1,1170,0.22631868720054626,0.3076082170009613
123,C1,1171,0.24746297299861908,0.3432771861553192
123,C1,1172,0.27494847774505615,0.3806173503398895
123,C1,1173,0.20524169504642487,0.2752840518951416
123,C1,1174,0.23622649908065796,0.3199882507324219
123,C1,1175,0.20043911039829254,0.2669466435909271
123,C1,1176,0.2893446087837219,0.37606897950172424
123,C1,1177,0.236893430352211,0.3017350733280182
123,C1,1178,0.22200064361095428,0.30601465702056885
123,C1,1179,0.24900394678115845,0.3115708529949188
123,C1,1180,0.19611719250679016,0.27120721340179443
123,C1,1181,0.1947447657585144,0.2699461877346039
123,C1,1182,0.24638554453849792,0.3234945237636566
123,C1,1183,0.25575101375579834,0.3274137079715729
123,C1,1184,0.22857768833637238,0.30284586548805237
123,C1,1185,0.24386951327323914,0.31900912523269653
123,C1,1186,0.2886563539505005,0.3755374550819397
123,C1,1187,0.30643653869628906,0.3987897038459778
123,C1,1188,0.23565277457237244,0.30118438601493835
123,C1,1189,0.18754813075065613,0.24915170669555664
123,C1,1190,0.21499553322792053,0.296016126871109
123,C1,1191,0.2589072585105896,0.36281171441078186
123,C1,1192,0.19278797507286072,0.2603801488876343
123,C1,1193,0.20853231847286224,0.2840487062931061
123,C1,1194,0.2461816668510437,0.30771076679229736
123,C1,1195,0.2345772385597229,0.3323051631450653
123,C1,1196,0.20298531651496887,0.2671312689781189
123,C1,1197,0.2282732129096985,0.30331459641456604
123,C1,1198,0.20986837148666382,0.264876127243042
123,C1,1199,0.24788275361061096,0.31834810972213745
123,C1,1200,0.22669044137001038,0.3084535002708435
123,C1,1201,0.2564953565597534,0.3518747091293335
123,C1,1202,0.2663206160068512,0.3654751479625702
123,C1,1203,0.22691231966018677,0.28963667154312134
123,C1,1204,0.22146077454090118,0.31437966227531433
123,C1,1205,0.23255108296871185,0.2987960875034332
123,C1,1206,0.3292738199234009,0.3983213007450104
123,C1,1207,0.23839253187179565,0.3208056092262268
123,C1,1208,0.26759541034698486,0.3659478425979614
123,C1,1209,0.259101927280426,0.361662894487381
123,C1,1210,0.2930881977081299,0.36740294098854065
123,C1,1211,0.239371657371521,0.31199151277542114
123,C1,1212,0.2835838794708252,0.3869093358516693
123,C1,1213,0.25798407196998596,0.32439616322517395
123,C1,1214,0.28205806016921997,0.3556145429611206
123,C1,1215,0.2677212953567505,0.3701314330101013
123,C1,1216,0.27480459213256836,0.38450825214385986
123,C1,1217,0.2588352560997009,0.32399046421051025
123,C1,1218,0.2235257774591446,0.2995900809764862
123,C1,1219,0.22640690207481384,0.28248727321624756
123,C1,1220,0.19238613545894623,0.2645324170589447
123,C1,1221,0.2939339876174927,0.3508981764316559
123,C1,1222,0.24923112988471985,0.31177011132240295
123,C1,1223,0.22679048776626587,0.28856199979782104
123,C1,1224,0.2533833384513855,0.3453645706176758
123,C1,1225,0.21870380640029907,0.29153895378112793
123,C1,1226,0.2596544325351715,0.3633410930633545
123,C1,1227,0.264019250869751,0.3505764901638031
123,C1,1228,0.27747005224227905,0.3670208156108856
123,C1,1229,0.21827217936515808,0.3006720542907715
123,C1,1230,0.2957000136375427,0.3619121313095093
123,C1,1231,0.24514687061309814,0.3298860788345337
123,C1,1232,0.20419181883335114,0.28565359115600586
123,C1,1233,0.20248541235923767,0.2790972888469696
123,C1,1234,0.21596659719944,0.3168177604675293
123,C1,1235,0.20363347232341766,0.2563053071498871
123,C1,1236,0.21886464953422546,0.30998364090919495
123,C1,1237,0.27897709608078003,0.36202841997146606
123,C1,1238,0.23500442504882812,0.3382807970046997
123,C1,1239,0.22864535450935364,0.30537012219429016
123,C1,1240,0.29910528659820557,0.38365408778190613
123,C1,1241,0.23972736299037933,0.29995718598365784
123,C1,1242,0.32617056369781494,0.4018397331237793
123,C1,1243,0.20615723729133606,0.2844453752040863
123,C1,1244,0.22623491287231445,0.2988750636577606
123,C1,1245,0.24765591323375702,0.3330612778663635
123,C1,1246,0.23440057039260864,0.30607515573501587
123,C1,1247,0.2077619731426239,0.27611398696899414
123,C1,1248,0.2496100515127182,0.31293436884880066
123,C1,1249,0.1915619969367981,0.257297158241272
123,C1,1250,0.25299715995788574,0.35860952734947205
123,C1,1251,0.22891591489315033,0.2948055863380432
123,C1,1252,0.2491823434829712,0.33849847316741943
123,C1,1253,0.21088024973869324,0.29466545581817627
123,C1,1254,0.214849054813385,0.31151124835014343
123,C1,1255,0.23063817620277405,0.2910357415676117
123,C1,1256,0.2870260775089264,0.36349600553512573
123,C1,1257,0.25424784421920776,0.34922391176223755
123,C1,1258,0.3108336925506592,0.38595181703567505
123,C1,1259,0.2506742477416992,0.3435986042022705
123,C1,1260,0.24100510776042938,0.33321866393089294
123,C1,1261,0.2713192403316498,0.34175223112106323
123,C1,1262,0.26172852516174316,0.3493693768978119
123,C1,1263,0.25965648889541626,0.3580358326435089
123,C1,1264,0.25567126274108887,0.34985122084617615
123,C1,1265,0.23856580257415771,0.3050912618637085
123,C1,1266,0.2106715589761734,0.3045375347137451
123,C1,1267,0.16507133841514587,0.21948803961277008
123,C1,1268,0.21304063498973846,0.2857894003391266
123,C1,1269,0.17106464505195618,0.22620312869548798
123,C1,1270,0.2615619897842407,0.35410451889038086
123,C1,1271,0.23150600492954254,0.300322949886322
123,C1,1272,0.23413777351379395,0.3100797235965729
123,C1,1273,0.22187699377536774,0.30400070548057556
123,C1,1274,0.1950509250164032,0.26267731189727783
123,C1,1275,0.22895310819149017,0.2897922694683075
123,C1,1276,0.2680688202381134,0.35252195596694946
123,C1,1277,0.25651663541793823,0.3321799635887146
123,C1,1278,0.22391344606876373,0.2896190881729126
123,C1,1279,0.2494964599609375,0.3287058472633362
123,C1,1280,0.23277682065963745,0.32969555258750916
123,C1,1281,0.23507404327392578,0.31169819831848145
123,C1,1282,0.2592267692089081,0.3515906035900116
123,C1,1283,0.22394603490829468,0.3005891740322113
123,C1,1284,0.25142547488212585,0.3443884253501892
123,C1,1285,0.18225616216659546,0.26033079624176025
123,C1,1286,0.3192870616912842,0.39969947934150696
123,C1,1287,0.2509545385837555,0.3209904730319977
123,C1,1288,0.24597734212875366,0.330209881067276
123,C1,1289,0.2940465211868286,0.38736873865127563
123,C1,1290,0.27853524684906006,0.3695361614227295
123,C1,1291,0.3179174065589905,0.4140043258666992
123,C1,1292,0.2225363403558731,0.3090425133705139
123,C1,1293,0.2252681404352188,0.29967740178108215
123,C1,1294,0.2587800920009613,0.3527383506298065
123,C1,1295,0.21223653852939606,0.26750412583351135
123,C1,1296,0.20570260286331177,0.2930307984352112
123,C1,1297,0.260518342256546,0.33084309101104736
123,C1,1298,0.1866396814584732,0.2664295434951782
123,C1,1299,0.23026245832443237,0.3123347759246826
123,C1,1300,0.22247786819934845,0.2878809869289398
123,C1,1301,0.2195073664188385,0.3028542995452881
123,C1,1302,0.22327572107315063,0.313034325838089
123,C1,1303,0.21615134179592133,0.2966580390930176
123,C1,1304,0.307547390460968,0.3815728425979614
123,C1,1305,0.2155853807926178,0.31014516949653625
123,C1,1306,0.21718552708625793,0.29879188537597656
123,C1,1307,0.3262873888015747,0.42741239070892334
123,C1,1308,0.2693401873111725,0.35675016045570374
123,C1,1309,0.2470826804637909,0.3329671621322632
123,C1,1310,0.2634958028793335,0.3420151174068451
123,C1,1311,0.2808111906051636,0.34617549180984497
123,C1,1312,0.2425796091556549,0.3125610947608948
123,C1,1313,0.1612778753042221,0.22187229990959167
123,C1,1314,0.23795633018016815,0.32152584195137024
123,C1,1315,0.26455968618392944,0.34908854961395264
123,C1,1316,0.2675662040710449,0.3450978100299835
123,C1,1317,0.25110116600990295,0.3295941948890686
123,C1,1318,0.20412006974220276,0.2911279797554016
123,C1,1319,0.232431560754776,0.31581827998161316
123,C1,1320,0.23753681778907776,0.31151801347732544
123,C1,1321,0.24966134130954742,0.34256649017333984
123,C1,1322,0.2622660994529724,0.3417584002017975
123,C1,1323,0.21346290409564972,0.3086133301258087
123,C1,1324,0.29297101497650146,0.37975382804870605
123,C1,1325,0.24770934879779816,0.34290361404418945
123,C1,1326,0.24464496970176697,0.3194086253643036
123,C1,1327,0.18565931916236877,0.25822585821151733
123,C1,1328,0.2994202971458435,0.3929532766342163
123,C1,1329,0.17063689231872559,0.22924016416072845
123,C1,1330,0.26062607765197754,0.35153645277023315
123,C1,1331,0.211379736661911,0.2709794342517853
123,C1,1332,0.18787339329719543,0.23600709438323975
123,C1,1333,0.20231255888938904,0.26359766721725464
123,C1,1334,0.2224772423505783,0.2979385256767273
123,C1,1335,0.2528952956199646,0.3504819869995117
123,C1,1336,0.16410449147224426,0.21083058416843414
123,C1,1337,0.21988940238952637,0.2985212504863739
123,C1,1338,0.22881220281124115,0.3146994113922119
123,C1,1339,0.24759861826896667,0.32704412937164307
123,C1,1340,0.2491895705461502,0.3322479724884033
123,C1,1341,0.2828187346458435,0.36086347699165344
123,C1,1342,0.2953181862831116,0.390764057636261
123,C1,1343,0.20663559436798096,0.29077622294425964
123,C1,1344,0.18907836079597473,0.2582928240299225
123,C1,1345,0.19251331686973572,0.2691366672515869
123,C1,1346,0.27602770924568176,0.3547339141368866
123,C1,1347,0.2800527811050415,0.37910300493240356
123,C1,1348,0.21562816202640533,0.30458879470825195
123,C1,1349,0.2217479646205902,0.3138429820537567
123,C1,1350,0.2301485240459442,0.30237677693367004
123,C1,1351,0.23350684344768524,0.3323628306388855
123,C1,1352,0.2746678590774536,0.3432835340499878
123,C1,1353,0.25638318061828613,0.34911561012268066
123,C1,1354,0.2068154364824295,0.27082934975624084
123,C1,1355,0.26565229892730713,0.34742751717567444
123,C1,1356,0.21597710251808167,0.2963077127933502
123,C1,1357,0.21580460667610168,0.2765571177005768
123,C1,1358,0.3301468789577484,0.42426449060440063
123,C1,1359,0.22693920135498047,0.32443752884864807
123,C1,1360,0.21389663219451904,0.2890969216823578
123,C1,1361,0.2596844434738159,0.3420083820819855
123,C1,1362,0.27564477920532227,0.3488347828388214
123,C1,1363,0.21067282557487488,0.2977669835090637
123,C1,1364,0.23606571555137634,0.32475778460502625
123,C1,1365,0.2733292579650879,0.35216328501701355
123,C1,1366,0.2795816659927368,0.36308854818344116
123,C1,1367,0.24405817687511444,0.33141615986824036
123,C1,1368,0.25115829706192017,0.3154687285423279
123,C1,1369,0.2181207686662674,0.29927942156791687
123,C1,1370,0.2354322075843811,0.31283026933670044
123,C1,1371,0.17688678205013275,0.2602624297142029
123,C1,1372,0.22700998187065125,0.30397146940231323
123,C1,1373,0.20916618406772614,0.2876235842704773
123,C1,1374,0.21598318219184875,0.28699567914009094
123,C1,1375,0.23772630095481873,0.3206811845302582
123,C1,1376,0.25029733777046204,0.33012402057647705
123,C1,1377,0.2153381109237671,0.29789501428604126
123,C1,1378,0.21488653123378754,0.29227036237716675
123,C1,1379,0.24064147472381592,0.30890458822250366
123,C1,1380,0.27631139755249023,0.3589337468147278
123,C1,1381,0.28929346799850464,0.38100478053092957
123,C1,1382,0.22852301597595215,0.29551854729652405
123,C1,1383,0.22901836037635803,0.30985668301582336
123,C1,1384,0.21092729270458221,0.2931519150733948
123,C1,1385,0.24877433478832245,0.3488169014453888
123,C1,1386,0.24724194407463074,0.3451531231403351
123,C1,1387,0.25614166259765625,0.36147817969322205
123,C1,1388,0.23035390675067902,0.31043824553489685
123,C1,1389,0.24721646308898926,0.3324972093105316
123,C1,1390,0.23793283104896545,0.3308682143688202
123,C1,1391,0.20246335864067078,0.2772287130355835
123,C1,1392,0.20410194993019104,0.27562546730041504
123,C1,1393,0.23003756999969482,0.312516987323761
123,C1,1394,0.19845172762870789,0.2810015082359314
123,C1,1395,0.22962912917137146,0.3039203882217407
123,C1,1396,0.22842013835906982,0.309209942817688
123,C1,1397,0.2921726703643799,0.38515618443489075
123,C1,1398,0.19343456625938416,0.27098971605300903
123,C1,1399,0.22140416502952576,0.285686194896698
123,C1,1400,0.23733830451965332,0.2987355887889862
123,C1,1401,0.2380300760269165,0.3188331127166748
123,C1,1402,0.21684080362319946,0.2933484613895416
123,C1,1403,0.20453773438930511,0.2724434435367584
123,C1,1404,0.23972488939762115,0.33870285749435425
123,C1,1405,0.21221156418323517,0.2981603145599365
123,C1,1406,0.2094545215368271,0.2937104403972626
123,C1,1407,0.23969967663288116,0.3315478265285492
123,C1,1408,0.23590503633022308,0.3518204689025879
123,C1,1409,0.29673701524734497,0.38350558280944824
123,C1,1410,0.25102537870407104,0.32006552815437317
123,C1,1411,0.23308558762073517,0.3238745927810669
123,C1,1412,0.21228213608264923,0.2956116795539856
123,C1,1413,0.23599454760551453,0.31770771741867065
123,C1,1414,0.24541479349136353,0.3333183526992798
123,C1,1415,0.2567894458770752,0.33131706714630127
123,C1,1416,0.24953924119472504,0.3246872127056122
123,C1,1417,0.3385753631591797,0.45352110266685486
123,C1,1418,0.2255077064037323,0.30906352400779724
123,C1,1419,0.21474167704582214,0.29910239577293396
123,C1,1420,0.2131923884153366,0.2643416225910187
123,C1,1421,0.2509937286376953,0.32473981380462646
123,C1,1422,0.2979692816734314,0.37499332427978516
123,C1,1423,0.2108076810836792,0.28473755717277527
123,C1,1424,0.19224593043327332,0.23389311134815216
123,C1,1425,0.2026185393333435,0.2844604551792145
123,C1,1426,0.23158502578735352,0.32011541724205017
123,C1,1427,0.23843789100646973,0.3323310613632202
123,C1,1428,0.17517468333244324,0.2608417868614197
123,C1,1429,0.1980857253074646,0.27610841393470764
123,C1,1430,0.2322961688041687,0.3452126979827881
123,C1,1431,0.26279088854789734,0.35203707218170166
123,C1,1432,0.2185840606689453,0.3053797483444214
123,C1,1433,0.23343035578727722,0.3014906346797943
123,C1,1434,0.24760732054710388,0.3349485695362091
123,C1,1435,0.2661920487880707,0.34408456087112427
123,C1,1436,0.20279346406459808,0.2768282890319824
123,C1,1437,0.2153497189283371,0.2977314889431
123,C1,1438,0.21405859291553497,0.28310489654541016
123,C1,1439,0.229233056306839,0.3110831379890442
123,C1,1440,0.28599366545677185,0.36194074153900146
123,C1,1441,0.2354743480682373,0.32148343324661255
123,C1,1442,0.24295412003993988,0.3276563286781311
123,C1,1443,0.2918376922607422,0.3885292410850525
123,C1,1444,0.2507956624031067,0.3422437906265259
123,C1,1445,0.23149661719799042,0.32268089056015015
123,C1,1446,0.2927202582359314,0.38177043199539185
123,C1,1447,0.22659659385681152,0.30477625131607056
123,C1,1448,0.21975234150886536,0.30585044622421265
123,C1,1449,0.20970654487609863,0.28973567485809326
123,C1,1450,0.24624457955360413,0.3114941716194153
123,C1,1451,0.23605859279632568,0.31220951676368713
123,C1,1452,0.27911102771759033,0.3476916551589966
123,C1,1453,0.274625301361084,0.36866292357444763
123,C1,1454,0.19613951444625854,0.2692035734653473
123,C1,1455,0.24440069496631622,0.32215651869773865
123,C1,1456,0.272442102432251,0.3605281710624695
123,C1,1457,0.2273663580417633,0.30519726872444153
123,C1,1458,0.2551652789115906,0.3225191831588745
123,C1,1459,0.19081318378448486,0.26946398615837097
123,C1,1460,0.25273293256759644,0.35827183723449707
123,C1,1461,0.20470863580703735,0.2815686762332916
123,C1,1462,0.2586168646812439,0.34334152936935425
123,C1,1463,0.29399436712265015,0.37406522035598755
123,C1,1464,0.2646756172180176,0.33108994364738464
123,C1,1465,0.20436131954193115,0.278652548789978
123,C1,1466,0.22261632978916168,0.3001132011413574
123,C1,1467,0.23576661944389343,0.33088362216949463
123,C1,1468,0.22987650334835052,0.3062885105609894
123,C1,1469,0.19589754939079285,0.2710557281970978
123,C1,1470,0.23942232131958008,0.32566118240356445
123,C1,1471,0.19681543111801147,0.2709375023841858
123,C1,1472,0.24612733721733093,0.31140127778053284
123,C1,1473,0.2542930245399475,0.3229585886001587
123,C1,1474,0.1913498342037201,0.2659596800804138
123,C1,1475,0.25898510217666626,0.34951695799827576
123,C1,1476,0.21038785576820374,0.27381980419158936
123,C1,1477,0.23106084764003754,0.3263698220252991
123,C1,1478,0.23738056421279907,0.32706108689308167
123,C1,1479,0.22678935527801514,0.2998531460762024
123,C1,1480,0.2483348548412323,0.3308519721031189
123,C1,1481,0.25139278173446655,0.340572714805603
123,C1,1482,0.31979894638061523,0.39567774534225464
123,C1,1483,0.296330064535141,0.38361382484436035
123,C1,1484,0.24144889414310455,0.30925238132476807
123,C1,1485,0.254940003156662,0.33844125270843506
123,C1,1486,0.21115940809249878,0.29319560527801514
123,C1,1487,0.28920280933380127,0.3773709833621979
123,C1,1488,0.2459547221660614,0.3269078731536865
123,C1,1489,0.18860232830047607,0.26823076605796814
123,C1,1490,0.21517899632453918,0.2854292392730713
123,C1,1491,0.21854683756828308,0.28023838996887207
123,C1,1492,0.2383302003145218,0.3092494010925293
123,C1,1493,0.20336535573005676,0.2762308418750763
123,C1,1494,0.24094390869140625,0.3175172209739685
123,C1,1495,0.25371435284614563,0.3371133506298065
123,C1,1496,0.24525907635688782,0.336469829082489
123,C1,1497,0.22351482510566711,0.3084087371826172
123,C1,1498,0.2510545551776886,0.32895663380622864
123,C1,1499,0.24541033804416656,0.32861387729644775
123,C1,1500,0.2555012106895447,0.32257208228111267
123,C1,1501,0.23527123034000397,0.3084631562232971
123,C1,1502,0.24404406547546387,0.32331541180610657
123,C1,1503,0.20667442679405212,0.2846279442310333
123,C1,1504,0.22422420978546143,0.28914332389831543
123,C1,1505,0.2735849618911743,0.3682169020175934
123,C1,1506,0.20348550379276276,0.2700650990009308
123,C1,1507,0.23797085881233215,0.3108702600002289
123,C1,1508,0.20553573966026306,0.28095120191574097
123,C1,1509,0.27707844972610474,0.3846094310283661
123,C1,1510,0.2858005166053772,0.3864530026912689
123,C1,1511,0.2878742218017578,0.3811414837837219
123,C1,1512,0.2213720679283142,0.2800230383872986
123,C1,1513,0.22194276750087738,0.290764182806015
123,C1,1514,0.2125910520553589,0.31162041425704956
123,C1,1515,0.1825084239244461,0.2486148178577423
123,C1,1516,0.23378723859786987,0.3285157382488251
123,C1,1517,0.1931525468826294,0.2725367546081543
123,C1,1518,0.16157707571983337,0.21921904385089874
123,C1,1519,0.2172355353832245,0.29397210478782654
123,C1,1520,0.25710001587867737,0.3382047414779663
123,C1,1521,0.25919780135154724,0.3312009871006012
123,C1,1522,0.2726043462753296,0.32506266236305237
123,C1,1523,0.25089001655578613,0.3334234654903412
123,C1,1524,0.2532806098461151,0.3300420641899109
123,C1,1525,0.23664307594299316,0.3107079565525055
123,C1,1526,0.21029195189476013,0.2832810878753662
123,C1,1527,0.2915270924568176,0.3654060363769531
123,C1,1528,0.2818416357040405,0.34746888279914856
123,C1,1529,0.22128626704216003,0.30409789085388184
123,C1,1530,0.17589935660362244,0.23123589158058167
123,C1,1531,0.23049956560134888,0.3261055648326874
123,C1,1532,0.22499938309192657,0.30650216341018677
123,C1,1533,0.29616278409957886,0.3665889501571655
123,C1,1534,0.21474847197532654,0.3103010356426239
123,C1,1535,0.22786392271518707,0.2936305105686188
123,C1,1536,0.18516668677330017,0.2709129750728607
123,C1,1537,0.2689414620399475,0.35902345180511475
123,C1,1538,0.19843709468841553,0.2804960310459137
123,C1,1539,0.20480918884277344,0.2806840240955353
123,C1,1540,0.24761199951171875,0.3414500057697296
123,C1,1541,0.22725695371627808,0.3064340353012085
123,C1,1542,0.2569800615310669,0.340848833322525
123,C1,1543,0.23295460641384125,0.3156368136405945
123,C1,1544,0.2714916169643402,0.3620055317878723
123,C1,1545,0.21127481758594513,0.27818062901496887
123,C1,1546,0.23267583549022675,0.2981185019016266
123,C1,1547,0.2644338309764862,0.3477160632610321
123,C1,1548,0.1675461232662201,0.24375009536743164
123,C1,1549,0.25278180837631226,0.32420384883880615
123,C1,1550,0.2609720230102539,0.3575543761253357
123,C1,1551,0.15495553612709045,0.20923158526420593
123,C1,1552,0.2618885636329651,0.34574267268180847
123,C1,1553,0.27044644951820374,0.35057538747787476
123,C1,1554,0.25085195899009705,0.3188406229019165
123,C1,1555,0.2753439247608185,0.3481047451496124
123,C1,1556,0.2566675543785095,0.33691444993019104
123,C1,1557,0.22743624448776245,0.32199543714523315
123,C1,1558,0.21633309125900269,0.27826935052871704
123,C1,1559,0.23075386881828308,0.32261329889297485
123,C1,1560,0.23003803193569183,0.30091696977615356
123,C1,1561,0.2654983103275299,0.34508711099624634
123,C1,1562,0.22384172677993774,0.3082142174243927
123,C1,1563,0.29875561594963074,0.40053790807724
123,C1,1564,0.24277140200138092,0.32154032588005066
123,C1,1565,0.2676429748535156,0.3635925054550171
123,C1,1566,0.22928443551063538,0.30887505412101746
123,C1,1567,0.19813252985477448,0.2787916660308838
123,C1,1568,0.28529858589172363,0.3744124472141266
123,C1,1569,0.22119173407554626,0.3069319725036621
123,C1,1570,0.22096243500709534,0.3105202615261078
123,C1,1571,0.18238601088523865,0.2611810863018036
123,C1,1572,0.24272054433822632,0.32411256432533264
123,C1,1573,0.1982257068157196,0.2714906930923462
123,C1,1574,0.2565690279006958,0.32083791494369507
123,C1,1575,0.2283945083618164,0.3368431031703949
123,C1,1576,0.20014269649982452,0.2832138240337372
123,C1,1577,0.2193056046962738,0.2965666651725769
123,C1,1578,0.22054651379585266,0.3026539385318756
123,C1,1579,0.2568540573120117,0.3499544560909271
123,C1,1580,0.2549425959587097,0.3146599531173706
123,C1,1581,0.20628622174263,0.28050294518470764
123,C1,1582,0.28976744413375854,0.3696608543395996
123,C1,1583,0.22656753659248352,0.3019222021102905
123,C1,1584,0.19145047664642334,0.2591719627380371
123,C1,1585,0.309624046087265,0.4009135663509369
123,C1,1586,0.22758375108242035,0.3316554129123688
123,C1,1587,0.21131080389022827,0.28010427951812744
123,C1,1588,0.266585111618042,0.3447743356227875
123,C1,1589,0.2364107370376587,0.3285333812236786
123,C1,1590,0.22265449166297913,0.3018524944782257
123,C1,1591,0.2770776152610779,0.36424389481544495
123,C1,1592,0.23378615081310272,0.3309307098388672
123,C1,1593,0.2290932983160019,0.3000601530075073
123,C1,1594,0.20981711149215698,0.2667456865310669
123,C1,1595,0.22209815680980682,0.28833135962486267
123,C1,1596,0.24275419116020203,0.3224133253097534
123,C1,1597,0.2352471947669983,0.32665184140205383
123,C1,1598,0.29554638266563416,0.37951672077178955
123,C1,1599,0.19514362514019012,0.25937390327453613
123,C1,1600,0.21845410764217377,0.3036951422691345
123,C1,1601,0.25320205092430115,0.3374987840652466
123,C1,1602,0.23764179646968842,0.33547621965408325
123,C1,1603,0.2014894187450409,0.2893666923046112
123,C1,1604,0.23644791543483734,0.33907419443130493
123,C1,1605,0.21771496534347534,0.29982471466064453
123,C1,1606,0.24742916226387024,0.33921098709106445
123,C1,1607,0.23521575331687927,0.30893826484680176
123,C1,1608,0.20533910393714905,0.28108465671539307
123,C1,1609,0.2904496192932129,0.3653300404548645
123,C1,1610,0.2769109904766083,0.3731054663658142
123,C1,1611,0.24010570347309113,0.3272515535354614
123,C1,1612,0.18710076808929443,0.2510244846343994
123,C1,1613,0.22722090780735016,0.3013034462928772
123,C1,1614,0.20734979212284088,0.27243736386299133
123,C1,1615,0.265895277261734,0.3532835841178894
123,C1,1616,0.20005956292152405,0.2806430459022522
123,C1,1617,0.2822256088256836,0.36322498321533203
123,C1,1618,0.19883684813976288,0.26113030314445496
123,C1,1619,0.2768099904060364,0.35821694135665894
123,C1,1620,0.25784409046173096,0.3255539536476135
123,C1,1621,0.27056246995925903,0.34390148520469666
123,C1,1622,0.22341039776802063,0.31702741980552673
123,C1,1623,0.18599700927734375,0.26487410068511963
123,C1,1624,0.29786378145217896,0.3855265974998474
123,C1,1625,0.23812061548233032,0.3321601152420044
123,C1,1626,0.22644782066345215,0.30418920516967773
123,C1,1627,0.22173035144805908,0.284994900226593
123,C1,1628,0.22111432254314423,0.30114081501960754
123,C1,1629,0.26239725947380066,0.34004828333854675
123,C1,1630,0.1636393815279007,0.21997034549713135
123,C1,1631,0.22531406581401825,0.3027788996696472
123,C1,1632,0.2231878638267517,0.29950574040412903
123,C1,1633,0.19209006428718567,0.2802271842956543
123,C1,1634,0.2541547417640686,0.31891879439353943
123,C1,1635,0.27025195956230164,0.37046316266059875
123,C1,1636,0.18257470428943634,0.2677346467971802
123,C1,1637,0.227748841047287,0.3252147436141968
123,C1,1638,0.2025705873966217,0.2940939962863922
123,C1,1639,0.19686365127563477,0.27430152893066406
123,C1,1640,0.22388684749603271,0.30914759635925293
123,C1,1641,0.2855585217475891,0.35690996050834656
123,C1,1642,0.22830522060394287,0.3203126788139343
123,C1,1643,0.25269949436187744,0.337712824344635
123,C1,1644,0.2717075049877167,0.3502759635448456
123,C1,1645,0.2203112542629242,0.29775169491767883
123,C1,1646,0.26879435777664185,0.3508714735507965
123,C1,1647,0.23397666215896606,0.32475173473358154
123,C1,1648,0.20294137299060822,0.2801726758480072
123,C1,1649,0.19817259907722473,0.29356932640075684
123,C1,1650,0.22727200388908386,0.3087746202945709
123,C1,1651,0.2781106233596802,0.3526056408882141
123,C1,1652,0.20279599726200104,0.26884880661964417
123,C1,1653,0.23791122436523438,0.31159669160842896
123,C1,1654,0.2202852964401245,0.3057364821434021
123,C1,1655,0.28450119495391846,0.3682578504085541
123,C1,1656,0.22061383724212646,0.31792953610420227
123,C1,1657,0.23616459965705872,0.31079310178756714
123,C1,1658,0.2454013228416443,0.3207089602947235
123,C1,1659,0.21986165642738342,0.2832096219062805
123,C1,1660,0.2645282447338104,0.3519531488418579
123,C1,1661,0.22020867466926575,0.2899463176727295
123,C1,1662,0.24597325921058655,0.33006149530410767
123,C1,1663,0.21350783109664917,0.287030428647995
123,C1,1664,0.28758668899536133,0.36952823400497437
123,C1,1665,0.25433123111724854,0.35094118118286133
123,C1,1666,0.2512141466140747,0.33403027057647705
123,C1,1667,0.23557394742965698,0.3368282914161682
123,C1,1668,0.2864583134651184,0.35833030939102173
123,C1,1669,0.21888625621795654,0.31423458456993103
123,C1,1670,0.24477483332157135,0.3306957185268402
123,C1,1671,0.18108128011226654,0.2485564947128296
123,C1,1672,0.19780045747756958,0.26055023074150085
123,C1,1673,0.20050552487373352,0.27869945764541626
123,C1,1674,0.21177084743976593,0.27547207474708557
123,C1,1675,0.2666850984096527,0.356832355260849
123,C1,1676,0.26147013902664185,0.3572160601615906
123,C1,1677,0.2676088213920593,0.35238978266716003
123,C1,1678,0.3033396005630493,0.3736687898635864
123,C1,1679,0.2300930619239807,0.32669731974601746
123,C1,1680,0.2160819172859192,0.2794153690338135
123,C1,1681,0.22597044706344604,0.3064834475517273
123,C1,1682,0.2248348891735077,0.293648362159729
123,C1,1683,0.2982064187526703,0.38232800364494324
123,C1,1684,0.2324732542037964,0.3130747377872467
123,C1,1685,0.20265711843967438,0.26792749762535095
123,C1,1686,0.19651256501674652,0.25930407643318176
123,C1,1687,0.209940105676651,0.2971533238887787
123,C1,1688,0.274898886680603,0.3596080541610718
123,C1,1689,0.23274406790733337,0.3177587389945984
123,C1,1690,0.2329711616039276,0.31478241086006165
123,C1,1691,0.20550033450126648,0.2932283878326416
123,C1,1692,0.23539863526821136,0.3095247745513916
123,C1,1693,0.23926128447055817,0.305642694234848
123,C1,1694,0.25176262855529785,0.3544429540634155
123,C1,1695,0.2747708261013031,0.3935650885105133
123,C1,1696,0.2637079656124115,0.33637964725494385
123,C1,1697,0.21997863054275513,0.28687262535095215
123,C1,1698,0.21717408299446106,0.28959184885025024
123,C1,1699,0.1988401710987091,0.264861136674881
123,C1,1700,0.204464852809906,0.2694210410118103
123,C1,1701,0.23274904489517212,0.310097336769104
123,C1,1702,0.24140402674674988,0.31872785091400146
123,C1,1703,0.2533641457557678,0.35090041160583496
123,C1,1704,0.25890281796455383,0.3424687385559082
123,C1,1705,0.2199590802192688,0.27847522497177124
123,C1,1706,0.3367915749549866,0.4124974012374878
123,C1,1707,0.24031206965446472,0.31663256883621216
123,C1,1708,0.25217345356941223,0.32964470982551575
123,C1,1709,0.199884831905365,0.2566441595554352
123,C1,1710,0.2594291567802429,0.32933175563812256
123,C1,1711,0.19996917247772217,0.27416515350341797
123,C1,1712,0.2747398614883423,0.33700355887413025
123,C1,1713,0.29435986280441284,0.3757520914077759
123,C1,1714,0.2268739938735962,0.3124293386936188
123,C1,1715,0.23600876331329346,0.30628377199172974
123,C1,1716,0.2310994267463684,0.3209918737411499
123,C1,1717,0.2626526951789856,0.3487448990345001
123,C1,1718,0.23767808079719543,0.32210806012153625
123,C1,1719,0.18807321786880493,0.2721548080444336
123,C1,1720,0.2056555151939392,0.28747984766960144
123,C1,1721,0.2367248833179474,0.29562389850616455
123,C1,1722,0.21360644698143005,0.2947571575641632
123,C1,1723,0.16385596990585327,0.24536539614200592
123,C1,1724,0.2373206615447998,0.3090745806694031
123,C1,1725,0.22320809960365295,0.291969358921051
123,C1,1726,0.2572813034057617,0.3342238664627075
123,C1,1727,0.27744942903518677,0.3605028986930847
123,C1,1728,0.24199098348617554,0.32730236649513245
123,C1,1729,0.19243165850639343,0.2605588138103485
123,C1,1730,0.28931793570518494,0.393232136964798
123,C1,1731,0.23157480359077454,0.30859053134918213
123,C1,1732,0.23082305490970612,0.3115885853767395
123,C1,1733,0.25047987699508667,0.34984147548675537
123,C1,1734,0.19672799110412598,0.2824556231498718
123,C1,1735,0.26206889748573303,0.3406030535697937
123,C1,1736,0.23406343162059784,0.3266221582889557
123,C1,1737,0.18236875534057617,0.257622629404068
123,C1,1738,0.2273731827735901,0.29559066891670227
123,C1,1739,0.24635504186153412,0.3395295739173889
123,C1,1740,0.29889535903930664,0.3753000497817993
123,C1,1741,0.16399723291397095,0.21121308207511902
123,C1,1742,0.20750203728675842,0.27611976861953735
123,C1,1743,0.269278347492218,0.3453630805015564
123,C1,1744,0.24312922358512878,0.3287699222564697
123,C1,1745,0.19897109270095825,0.27090248465538025
123,C1,1746,0.18991489708423615,0.26094454526901245
123,C1,1747,0.21676850318908691,0.301683634519577
123,C1,1748,0.1974533200263977,0.2856043875217438
123,C1,1749,0.24724429845809937,0.3371550142765045
123,C1,1750,0.3014039993286133,0.3846869468688965
123,C1,1751,0.24397249519824982,0.32292887568473816
123,C1,1752,0.15427976846694946,0.2174658477306366
123,C1,1753,0.24093076586723328,0.3416254222393036
123,C1,1754,0.22313261032104492,0.28075605630874634
123,C1,1755,0.18209999799728394,0.24123112857341766
123,C1,1756,0.2567805349826813,0.3450782299041748
123,C1,1757,0.22550368309020996,0.3046343922615051
123,C1,1758,0.2346319556236267,0.3134191930294037
123,C1,1759,0.2810869812965393,0.3631916046142578
123,C1,1760,0.17391911149024963,0.2441292703151703
123,C1,1761,0.27841687202453613,0.35374340415000916
123,C1,1762,0.23878175020217896,0.32634085416793823
123,C1,1763,0.22563569247722626,0.2980595827102661
123,C1,1764,0.21251937747001648,0.30049851536750793
123,C1,1765,0.2722550630569458,0.33202430605888367
123,C1,1766,0.2826957106590271,0.37116101384162903
123,C1,1767,0.21132448315620422,0.2840573191642761
123,C1,1768,0.2235315442085266,0.29277193546295166
123,C1,1769,0.22409971058368683,0.2964808940887451
123,C1,1770,0.24696075916290283,0.313041090965271
123,C1,1771,0.2604491114616394,0.3556307554244995
123,C1,1772,0.23249657452106476,0.32949572801589966
123,C1,1773,0.2362990379333496,0.32683131098747253
123,C1,1774,0.2158554345369339,0.30119308829307556
123,C1,1775,0.19187283515930176,0.25992169976234436
123,C1,1776,0.22132432460784912,0.33355093002319336
123,C1,1777,0.2469082772731781,0.32427117228507996
123,C1,1778,0.25116467475891113,0.324751079082489
123,C1,1779,0.24861404299736023,0.3245656192302704
123,C1,1780,0.2524753212928772,0.3397213816642761
123,C1,1781,0.23116666078567505,0.3101344704627991
123,C1,1782,0.27800360321998596,0.3580472767353058
123,C1,1783,0.20475873351097107,0.2858129143714905
123,C1,1784,0.22658923268318176,0.3129086494445801
123,C1,1785,0.23961958289146423,0.3050307333469391
123,C1,1786,0.2132452428340912,0.2970725893974304
123,C1,1787,0.21864186227321625,0.2925460934638977
123,C1,1788,0.21346138417720795,0.2753661870956421
123,C1,1789,0.2701699733734131,0.3650083541870117
123,C1,1790,0.26434987783432007,0.35585734248161316
123,C1,1791,0.21730239689350128,0.2796210050582886
123,C1,1792,0.2560977339744568,0.3399730324745178
123,C1,1793,0.2231362909078598,0.3104671835899353
123,C1,1794,0.24703457951545715,0.334516704082489
123,C1,1795,0.24801792204380035,0.32445043325424194
123,C1,1796,0.1950799822807312,0.2766839563846588
123,C1,1797,0.22820034623146057,0.3115313649177551
123,C1,1798,0.21538177132606506,0.275404155254364
123,C1,1799,0.26298120617866516,0.34414753317832947
123,C1,1800,0.23919925093650818,0.3453831672668457
123,C1,1801,0.19158416986465454,0.27457961440086365
123,C1,1802,0.1988065242767334,0.28566575050354004
123,C1,1803,0.26145613193511963,0.33122071623802185
123,C1,1804,0.2189106047153473,0.2926013171672821
123,C1,1805,0.22421947121620178,0.3013012111186981
123,C1,1806,0.2550763785839081,0.3553341329097748
123,C1,1807,0.21239948272705078,0.28559550642967224
123,C1,1808,0.21934345364570618,0.28905802965164185
123,C1,1809,0.2923288345336914,0.3748650550842285
123,C1,1810,0.2514296770095825,0.3304774761199951
123,C1,1811,0.2535208463668823,0.31965628266334534
123,C1,1812,0.2646383047103882,0.34534183144569397
123,C1,1813,0.22696024179458618,0.3198243975639343
123,C1,1814,0.24444174766540527,0.330054372549057
123,C1,1815,0.22810399532318115,0.285169392824173
123,C1,1816,0.24925263226032257,0.3331703245639801
123,C1,1817,0.203390970826149,0.28899163007736206
123,C1,1818,0.1941198706626892,0.27437472343444824
123,C1,1819,0.21125692129135132,0.30429357290267944
123,C1,1820,0.25630468130111694,0.3413226902484894
123,C1,1821,0.20632106065750122,0.28812623023986816
123,C1,1822,0.21735359728336334,0.2903200089931488
123,C1,1823,0.2590186595916748,0.3361441493034363
123,C1,1824,0.2887449860572815,0.3623489439487457
123,C1,1825,0.17219191789627075,0.23764273524284363
123,C1,1826,0.2772420644760132,0.36706510186195374
123,C1,1827,0.24930736422538757,0.33719602227211
123,C1,1828,0.2172391265630722,0.28197041153907776
123,C1,1829,0.22143831849098206,0.2885396480560303
123,C1,1830,0.24728819727897644,0.3245236277580261
123,C1,1831,0.2503049075603485,0.331473171710968
123,C1,1832,0.20517495274543762,0.28523921966552734
123,C1,1833,0.183283269405365,0.2480347752571106
123,C1,1834,0.1892150491476059,0.2776924967765808
123,C1,1835,0.21686121821403503,0.31369251012802124
123,C1,1836,0.2445487678050995,0.32826298475265503
123,C1,1837,0.23140279948711395,0.3105972409248352
123,C1,1838,0.22894176840782166,0.30242055654525757
123,C1,1839,0.18815231323242188,0.2797204852104187
123,C1,1840,0.22613662481307983,0.3310993015766144
123,C1,1841,0.28351789712905884,0.38152849674224854
123,C1,1842,0.2437613606452942,0.3162528872489929
123,C1,1843,0.22231945395469666,0.2973387837409973
123,C1,1844,0.262515127658844,0.33456408977508545
123,C1,1845,0.28413277864456177,0.3735201358795166
123,C1,1846,0.16412106156349182,0.23018872737884521
123,C1,1847,0.25503167510032654,0.33387938141822815
123,C1,1848,0.26878514885902405,0.3546059727668762
123,C1,1849,0.19067604839801788,0.26504984498023987
123,C1,1850,0.22760988771915436,0.291873961687088
123,C1,1851,0.20300805568695068,0.27734488248825073
123,C1,1852,0.2351650893688202,0.326882004737854
123,C1,1853,0.22445733845233917,0.3150811195373535
123,C1,1854,0.24839819967746735,0.3224513828754425
123,C1,1855,0.24606402218341827,0.3373817801475525
123,C1,1856,0.22778722643852234,0.31230515241622925
123,C1,1857,0.17767268419265747,0.2480962574481964
123,C1,1858,0.19138188660144806,0.2685690224170685
123,C1,1859,0.26123616099357605,0.3406791388988495
123,C1,1860,0.24447821080684662,0.33061546087265015
123,C1,1861,0.2530565857887268,0.32654207944869995
123,C1,1862,0.2125084400177002,0.2828042209148407
123,C1,1863,0.2010217010974884,0.29006505012512207
123,C1,1864,0.2537176311016083,0.3269532322883606
123,C1,1865,0.23827265202999115,0.3151342570781708
123,C1,1866,0.2279723882675171,0.2978411912918091
123,C1,1867,0.28222525119781494,0.3633894920349121
123,C1,1868,0.2685442864894867,0.3700767755508423
123,C1,1869,0.24462640285491943,0.32859405875205994
123,C1,1870,0.24768784642219543,0.338100790977478
123,C1,1871,0.23653769493103027,0.31829938292503357
123,C1,1872,0.23300066590309143,0.3153413236141205
123,C1,1873,0.2057304084300995,0.2740703523159027
123,C1,1874,0.2069341093301773,0.285187304019928
123,C1,1875,0.2696543335914612,0.35147833824157715
123,C1,1876,0.21021553874015808,0.2931276261806488
123,C1,1877,0.1868164837360382,0.25630679726600647
123,C1,1878,0.1944247931241989,0.28857263922691345
123,C1,1879,0.25622451305389404,0.35254019498825073
123,C1,1880,0.26243406534194946,0.3406384587287903
123,C1,1881,0.24602928757667542,0.3108803331851959
123,C1,1882,0.22964122891426086,0.3113609552383423
123,C1,1883,0.20485158264636993,0.2853069603443146
123,C1,1884,0.2588121294975281,0.34480297565460205
123,C1,1885,0.30795618891716003,0.40080511569976807
123,C1,1886,0.20658230781555176,0.26626989245414734
123,C1,1887,0.22035947442054749,0.2966846823692322
123,C1,1888,0.21427074074745178,0.28317123651504517
123,C1,1889,0.22445155680179596,0.3096640110015869
123,C1,1890,0.30592766404151917,0.41995957493782043
123,C1,1891,0.28651463985443115,0.38322189450263977
123,C1,1892,0.24907110631465912,0.343871533870697
123,C1,1893,0.21211977303028107,0.2856502830982208
123,C1,1894,0.23185855150222778,0.3186917006969452
123,C1,1895,0.25392040610313416,0.3307994604110718
123,C1,1896,0.19137653708457947,0.261836439371109
123,C1,1897,0.20739145576953888,0.2923769950866699
123,C1,1898,0.21506398916244507,0.30109232664108276
123,C1,1899,0.19821572303771973,0.2744631767272949
123,C1,1900,0.2593289911746979,0.3454919457435608
123,C1,1901,0.18917199969291687,0.2821671664714813
123,C1,1902,0.204524427652359,0.27569836378097534
123,C1,1903,0.18623888492584229,0.27150672674179077
123,C1,1904,0.23873083293437958,0.3187156319618225
123,C1,1905,0.23669154942035675,0.30629920959472656
123,C1,1906,0.21246947348117828,0.2822825610637665
123,C1,1907,0.21617037057876587,0.3004416823387146
123,C1,1908,0.22669140994548798,0.31060922145843506
123,C1,1909,0.2221725881099701,0.28696826100349426
123,C1,1910,0.24497726559638977,0.32300257682800293
123,C1,1911,0.1554793417453766,0.23515728116035461
123,C1,1912,0.2946285605430603,0.37535616755485535
123,C1,1913,0.22373265027999878,0.2860482633113861
123,C1,1914,0.27702710032463074,0.35050979256629944
123,C1,1915,0.19995057582855225,0.2892165184020996
123,C1,1916,0.17599710822105408,0.2313733994960785
123,C1,1917,0.2202015072107315,0.31678879261016846
123,C1,1918,0.2639715075492859,0.3612394630908966
123,C1,1919,0.15480366349220276,0.20398323237895966
123,C1,1920,0.18928498029708862,0.2684713900089264
123,C1,1921,0.25042447447776794,0.3264908194541931
123,C1,1922,0.20675647258758545,0.2868501842021942
123,C1,1923,0.2682435214519501,0.35065048933029175
123,C1,1924,0.24102714657783508,0.3176388144493103
123,C1,1925,0.147872656583786,0.2045132964849472
123,C1,1926,0.20132623612880707,0.29602813720703125
123,C1,1927,0.23470664024353027,0.3319428563117981
123,C1,1928,0.2879924476146698,0.35883450508117676
123,C1,1929,0.2377314269542694,0.32177138328552246
123,C1,1930,0.18879111111164093,0.24889521300792694
123,C1,1931,0.23506733775138855,0.3127773404121399
123,C1,1932,0.22393926978111267,0.32303789258003235
123,C1,1933,0.2829301059246063,0.34711456298828125
123,C1,1934,0.21543103456497192,0.2916654348373413
123,C1,1935,0.22254043817520142,0.3042548894882202
123,C1,1936,0.24305519461631775,0.32996195554733276
123,C1,1937,0.1855829954147339,0.25409138202667236
123,C1,1938,0.19846811890602112,0.2663591504096985
123,C1,1939,0.2119186520576477,0.3057621121406555
123,C1,1940,0.2720811069011688,0.36672282218933105
123,C1,1941,0.25255489349365234,0.3297717273235321
123,C1,1942,0.22292380034923553,0.2944442331790924
123,C1,1943,0.25724101066589355,0.340971440076828
123,C1,1944,0.24188989400863647,0.3125586211681366
123,C1,1945,0.22363875806331635,0.29967552423477173
123,C1,1946,0.22234176099300385,0.2941083312034607
123,C1,1947,0.1767391711473465,0.23910117149353027
123,C1,1948,0.20446258783340454,0.27664458751678467
123,C1,1949,0.2303636223077774,0.31957972049713135
123,C1,1950,0.2221873700618744,0.27663108706474304
123,C1,1951,0.22569425404071808,0.31678229570388794
123,C1,1952,0.19769743084907532,0.27588212490081787
123,C1,1953,0.14787566661834717,0.20634998381137848
123,C1,1954,0.1504666954278946,0.20696744322776794
123,C1,1955,0.20763559639453888,0.29376283288002014
123,C1,1956,0.20058166980743408,0.2596065402030945
123,C1,1957,0.21048375964164734,0.2887442708015442
123,C1,1958,0.22624081373214722,0.29679766297340393
123,C1,1959,0.22234882414340973,0.2937522530555725
123,C1,1960,0.2136184424161911,0.27393949031829834
123,C1,1961,0.20067933201789856,0.2964125871658325
123,C1,1962,0.23519843816757202,0.31372156739234924
123,C1,1963,0.18857131898403168,0.25964298844337463
123,C1,1964,0.18792223930358887,0.2331632524728775
123,C1,1965,0.2529558539390564,0.34905827045440674
123,C1,1966,0.2535364627838135,0.34467896819114685
123,C1,1967,0.21057623624801636,0.29830828309059143
123,C1,1968,0.20891612768173218,0.29304298758506775
123,C1,1969,0.2650725245475769,0.3447703719139099
123,C1,1970,0.2535991072654724,0.3273167610168457
123,C1,1971,0.21661809086799622,0.3053900897502899
123,C1,1972,0.2201257348060608,0.3148964047431946
123,C1,1973,0.27537983655929565,0.365106999874115
123,C1,1974,0.2306622564792633,0.30356234312057495
123,C1,1975,0.20841394364833832,0.30909040570259094
123,C1,1976,0.2265760898590088,0.30543768405914307
123,C1,1977,0.21705695986747742,0.29243677854537964
123,C1,1978,0.24485838413238525,0.3265857994556427
123,C1,1979,0.2042839676141739,0.2727459967136383
123,C1,1980,0.17516930401325226,0.23664766550064087
123,C1,1981,0.2539164423942566,0.33968785405158997
123,C1,1982,0.2461293637752533,0.35020893812179565
123,C1,1983,0.2192116379737854,0.28734320402145386
123,C1,1984,0.26081621646881104,0.3694833517074585
123,C1,1985,0.24883708357810974,0.3265969753265381
123,C1,1986,0.2433023452758789,0.33405518531799316
123,C1,1987,0.22253668308258057,0.282351553440094
123,C1,1988,0.20671191811561584,0.26358041167259216
123,C1,1989,0.16991308331489563,0.2342190146446228
123,C1,1990,0.20444050431251526,0.276745080947876
123,C1,1991,0.21156343817710876,0.28566262125968933
123,C1,1992,0.2689981162548065,0.3551439940929413
123,C1,1993,0.22790701687335968,0.30998843908309937
123,C1,1994,0.20439264178276062,0.28276491165161133
123,C1,1995,0.19200946390628815,0.2657003402709961
123,C1,1996,0.19922247529029846,0.28793835639953613
123,C1,1997,0.22489792108535767,0.302903950214386
123,C1,1998,0.20840558409690857,0.30411243438720703
123,C1,1999,0.249430313706398,0.3382910192012787
123,C1,2000,0.24206683039665222,0.3320282995700836
123,C2,1,0.5076043605804443,0.6932575106620789
123,C2,2,0.45629218220710754,0.5850439071655273
123,C2,3,0.46181225776672363,0.6084625720977783
123,C2,4,0.3650296926498413,0.5006896257400513
123,C2,5,0.398029088973999,0.49754536151885986
123,C2,6,0.36859405040740967,0.49903690814971924
123,C2,7,0.32099011540412903,0.4270555377006531
123,C2,8,0.33363837003707886,0.44800031185150146
123,C2,9,0.34041333198547363,0.4380446672439575
123,C2,10,0.31850987672805786,0.4202088415622711
123,C2,11,0.3367031216621399,0.4293195903301239
123,C2,12,0.38345420360565186,0.4888332188129425
123,C2,13,0.3231600522994995,0.4147692918777466
123,C2,14,0.32882046699523926,0.4427242875099182
123,C2,15,0.33347466588020325,0.4621948003768921
123,C2,16,0.34689193964004517,0.45321640372276306
123,C2,17,0.3467782139778137,0.46629640460014343
123,C2,18,0.41441941261291504,0.5114015340805054
123,C2,19,0.2874903082847595,0.3761969208717346
123,C2,20,0.33296865224838257,0.44043609499931335
123,C2,21,0.26667171716690063,0.38400793075561523
123,C2,22,0.3202497959136963,0.41898924112319946
123,C2,23,0.3201085925102234,0.4142886996269226
123,C2,24,0.33961790800094604,0.4525824785232544
123,C2,25,0.35132816433906555,0.45936864614486694
123,C2,26,0.2989026606082916,0.4242359399795532
123,C2,27,0.2869129776954651,0.3802253305912018
123,C2,28,0.35834378004074097,0.45553168654441833
123,C2,29,0.28871092200279236,0.37511366605758667
123,C2,30,0.34951722621917725,0.4790723919868469
123,C2,31,0.37181344628334045,0.4681048095226288
123,C2,32,0.36142536997795105,0.4786153733730316
123,C2,33,0.24666400253772736,0.31579768657684326
123,C2,34,0.33316731452941895,0.4454566240310669
123,C2,35,0.33705592155456543,0.43736323714256287
123,C2,36,0.28374260663986206,0.3925212621688843
123,C2,37,0.3100375831127167,0.4066113829612732
123,C2,38,0.2665048837661743,0.36537837982177734
123,C2,39,0.3401374816894531,0.4336288869380951
123,C2,40,0.35071688890457153,0.4361227750778198
123,C2,41,0.3081668019294739,0.38503366708755493
123,C2,42,0.2744835317134857,0.3592674136161804
123,C2,43,0.34565025568008423,0.44430333375930786
123,C2,44,0.27994146943092346,0.37459778785705566
123,C2,45,0.3136058449745178,0.4374336004257202
123,C2,46,0.4088466763496399,0.5197412967681885
123,C2,47,0.29807326197624207,0.38593560457229614
123,C2,48,0.3083350956439972,0.41679564118385315
123,C2,49,0.2753288149833679,0.3715032935142517
123,C2,50,0.29133284091949463,0.38065028190612793
123,C2,51,0.29822084307670593,0.4005509316921234
123,C2,52,0.2609400153160095,0.3431583642959595
123,C2,53,0.27772441506385803,0.3634161055088043
123,C2,54,0.30330774188041687,0.40168508887290955
123,C2,55,0.2927255630493164,0.400892972946167
123,C2,56,0.3215067982673645,0.4211994707584381
123,C2,57,0.33000433444976807,0.43869712948799133
123,C2,58,0.31934332847595215,0.41184473037719727
123,C2,59,0.30146610736846924,0.3795795440673828
123,C2,60,0.3123725950717926,0.42010974884033203
123,C2,61,0.32286757230758667,0.40033066272735596
123,C2,62,0.35037946701049805,0.46208393573760986
123,C2,63,0.34200677275657654,0.42239031195640564
123,C2,64,0.29548799991607666,0.3809778392314911
123,C2,65,0.27609968185424805,0.3873063623905182
123,C2,66,0.3589518964290619,0.46800947189331055
123,C2,67,0.279579222202301,0.378587543964386
123,C2,68,0.3068702816963196,0.42294591665267944
123,C2,69,0.3266006112098694,0.41564255952835083
123,C2,70,0.2964780032634735,0.41796064376831055
123,C2,71,0.3364689350128174,0.4335061311721802
123,C2,72,0.3016355633735657,0.4165536165237427
123,C2,73,0.34728890657424927,0.4421688914299011
123,C2,74,0.2554805278778076,0.3373720943927765
123,C2,75,0.33058983087539673,0.43053704500198364
123,C2,76,0.28561949729919434,0.3960551917552948
123,C2,77,0.27028796076774597,0.36469823122024536
123,C2,78,0.341566264629364,0.4366814196109772
123,C2,79,0.35513150691986084,0.4477187991142273
123,C2,80,0.2627168595790863,0.38647374510765076
123,C2,81,0.2960236370563507,0.3928123414516449
123,C2,82,0.36818230152130127,0.4860539436340332
123,C2,83,0.21038076281547546,0.3322691023349762
123,C2,84,0.34353476762771606,0.4249449074268341
123,C2,85,0.2706556022167206,0.37231719493865967
123,C2,86,0.36845460534095764,0.4616672992706299
123,C2,87,0.2885640859603882,0.3966361880302429
123,C2,88,0.2124568521976471,0.27449697256088257
123,C2,89,0.30578452348709106,0.41085293889045715
123,C2,90,0.3247566819190979,0.4130168855190277
123,C2,91,0.26745283603668213,0.3625451326370239
123,C2,92,0.23790061473846436,0.31910207867622375
123,C2,93,0.21835100650787354,0.3172609806060791
123,C2,94,0.32450079917907715,0.4384423494338989
123,C2,95,0.33296316862106323,0.4202583134174347
123,C2,96,0.22167329490184784,0.2950318455696106
123,C2,97,0.24038076400756836,0.3369930684566498
123,C2,98,0.2884400188922882,0.37005388736724854
123,C2,99,0.30945658683776855,0.4068620502948761
123,C2,100,0.2606698274612427,0.3575561046600342
123,C2,101,0.321872353553772,0.4199591875076294
123,C2,102,0.31525933742523193,0.4038833677768707
123,C2,103,0.22913190722465515,0.30221354961395264
123,C2,104,0.29855871200561523,0.3696209490299225
123,C2,105,0.2548748850822449,0.33611685037612915
123,C2,106,0.26724082231521606,0.35985836386680603
123,C2,107,0.24151474237442017,0.3396419584751129
123,C2,108,0.31599658727645874,0.4167623221874237
123,C2,109,0.2817184031009674,0.3915526270866394
123,C2,110,0.2753036916255951,0.36677035689353943
123,C2,111,0.30448952317237854,0.40329059958457947
123,C2,112,0.2417699545621872,0.3123292922973633
123,C2,113,0.3039283752441406,0.3971460461616516
123,C2,114,0.29318320751190186,0.3818359971046448
123,C2,115,0.27779531478881836,0.3623383641242981
123,C2,116,0.3113875091075897,0.42213523387908936
123,C2,117,0.27894383668899536,0.38708657026290894
123,C2,118,0.22631701827049255,0.332965224981308
123,C2,119,0.2038443386554718,0.2812320291996002
123,C2,120,0.2671658396720886,0.3493363857269287
123,C2,121,0.2837759554386139,0.40087512135505676
123,C2,122,0.2726803123950958,0.34297609329223633
123,C2,123,0.3044698238372803,0.39209994673728943
123,C2,124,0.25179341435432434,0.3271774351596832
123,C2,125,0.29697105288505554,0.39945003390312195
123,C2,126,0.2686704099178314,0.35215193033218384
123,C2,127,0.25796180963516235,0.34843990206718445
123,C2,128,0.24351933598518372,0.3155459761619568
123,C2,129,0.2977544665336609,0.40358731150627136
123,C2,130,0.23133538663387299,0.308880090713501
123,C2,131,0.28308093547821045,0.3640373647212982
123,C2,132,0.26813411712646484,0.35726457834243774
123,C2,133,0.2603675127029419,0.3396608233451843
123,C2,134,0.26775452494621277,0.3683210015296936
123,C2,135,0.21654187142848969,0.27558329701423645
123,C2,136,0.2660720944404602,0.35066407918930054
123,C2,137,0.20642437040805817,0.3036017417907715
123,C2,138,0.26408714056015015,0.36542317271232605
123,C2,139,0.3289708197116852,0.41460442543029785
123,C2,140,0.22807028889656067,0.31024420261383057
123,C2,141,0.3135879635810852,0.4146602153778076
123,C2,142,0.2492312639951706,0.3328525424003601
123,C2,143,0.29521745443344116,0.3966076970100403
123,C2,144,0.3010703921318054,0.39717525243759155
123,C2,145,0.31300246715545654,0.38505619764328003
123,C2,146,0.2850494980812073,0.3814281225204468
123,C2,147,0.30450639128685,0.3908417224884033
123,C2,148,0.23694300651550293,0.33009451627731323
123,C2,149,0.26443275809288025,0.3666107654571533
123,C2,150,0.3422718346118927,0.4324115812778473
123,C2,151,0.27433544397354126,0.36178380250930786
123,C2,152,0.3167853057384491,0.4182485044002533
123,C2,153,0.32505181431770325,0.4008150100708008
123,C2,154,0.2652701139450073,0.35452935099601746
123,C2,155,0.24620410799980164,0.31648001074790955
123,C2,156,0.2710564136505127,0.3503257930278778
123,C2,157,0.28488343954086304,0.3846323788166046
123,C2,158,0.26118141412734985,0.343997597694397
123,C2,159,0.2678605318069458,0.3439059853553772
123,C2,160,0.27443575859069824,0.3457891643047333
123,C2,161,0.23859165608882904,0.30749568343162537
123,C2,162,0.30753934383392334,0.3889124393463135
123,C2,163,0.2981720268726349,0.37521761655807495
123,C2,164,0.22394809126853943,0.3095913529396057
123,C2,165,0.2676973342895508,0.37907126545906067
123,C2,166,0.31718650460243225,0.41574716567993164
123,C2,167,0.17982597649097443,0.24031418561935425
123,C2,168,0.2554873526096344,0.355144202709198
123,C2,169,0.24705897271633148,0.35675373673439026
123,C2,170,0.2594349980354309,0.3602559268474579
123,C2,171,0.2661184072494507,0.3558552861213684
123,C2,172,0.2060849368572235,0.2856569290161133
123,C2,173,0.2147791087627411,0.3285972476005554
123,C2,174,0.2262953370809555,0.3190726041793823
123,C2,175,0.21459540724754333,0.29739364981651306
123,C2,176,0.24332962930202484,0.317826509475708
123,C2,177,0.23532122373580933,0.3243568539619446
123,C2,178,0.262931764125824,0.3639187812805176
123,C2,179,0.2595710754394531,0.3203796446323395
123,C2,180,0.3805077075958252,0.47703155875205994
123,C2,181,0.20462754368782043,0.2862297296524048
123,C2,182,0.21792425215244293,0.2981252372264862
123,C2,183,0.2678200602531433,0.3379981517791748
123,C2,184,0.23606212437152863,0.32080501317977905
123,C2,185,0.28472357988357544,0.3698347806930542
123,C2,186,0.23772203922271729,0.3292282819747925
123,C2,187,0.31745028495788574,0.4147072434425354
123,C2,188,0.2315031886100769,0.32017385959625244
123,C2,189,0.21201565861701965,0.31955185532569885
123,C2,190,0.24879255890846252,0.3536806106567383
123,C2,191,0.27189546823501587,0.35222354531288147
123,C2,192,0.30612337589263916,0.40050262212753296
123,C2,193,0.29675906896591187,0.37163734436035156
123,C2,194,0.2977990508079529,0.38919007778167725
123,C2,195,0.22599105536937714,0.3089548349380493
123,C2,196,0.2477397918701172,0.3471815884113312
123,C2,197,0.26427751779556274,0.35200798511505127
123,C2,198,0.2690049111843109,0.35865718126296997
123,C2,199,0.2825036346912384,0.3498254120349884
123,C2,200,0.21698178350925446,0.3016080856323242
123,C2,201,0.25310996174812317,0.3376673460006714
123,C2,202,0.2625449001789093,0.34846919775009155
123,C2,203,0.22090142965316772,0.30036741495132446
123,C2,204,0.2552396059036255,0.33145570755004883
123,C2,205,0.22032752633094788,0.32834839820861816
123,C2,206,0.2657531499862671,0.34600830078125
123,C2,207,0.25837600231170654,0.3555232286453247
123,C2,208,0.24850431084632874,0.33895811438560486
123,C2,209,0.24893906712532043,0.318759560585022
123,C2,210,0.28886884450912476,0.37415412068367004
123,C2,211,0.18444524705410004,0.25541725754737854
123,C2,212,0.31353166699409485,0.4039238691329956
123,C2,213,0.19453555345535278,0.2612130343914032
123,C2,214,0.23023724555969238,0.30276817083358765
123,C2,215,0.23318389058113098,0.29289892315864563
123,C2,216,0.3590626120567322,0.4427839517593384
123,C2,217,0.32187575101852417,0.4053821563720703
123,C2,218,0.25623732805252075,0.3387397229671478
123,C2,219,0.2649799585342407,0.33873099088668823
123,C2,220,0.30132627487182617,0.4011703431606293
123,C2,221,0.27090394496917725,0.3471902012825012
123,C2,222,0.255744606256485,0.32987093925476074
123,C2,223,0.3043646514415741,0.4120050072669983
123,C2,224,0.22990204393863678,0.32472097873687744
123,C2,225,0.20880712568759918,0.2822800874710083
123,C2,226,0.22736868262290955,0.2967909574508667
123,C2,227,0.2760579288005829,0.35689958930015564
123,C2,228,0.25987133383750916,0.34235525131225586
123,C2,229,0.21782547235488892,0.30515342950820923
123,C2,230,0.24642109870910645,0.3154100179672241
123,C2,231,0.16493982076644897,0.2417719066143036
123,C2,232,0.23995786905288696,0.33668604493141174
123,C2,233,0.2487311065196991,0.3285694122314453
123,C2,234,0.23869282007217407,0.3488675355911255
123,C2,235,0.25684884190559387,0.3472294807434082
123,C2,236,0.24908705055713654,0.33729225397109985
123,C2,237,0.18871384859085083,0.24588847160339355
123,C2,238,0.24455919861793518,0.3553432822227478
123,C2,239,0.28435665369033813,0.3697953224182129
123,C2,240,0.29187440872192383,0.38181158900260925
123,C2,241,0.2342635989189148,0.32720866799354553
123,C2,242,0.24064888060092926,0.33019331097602844
123,C2,243,0.26759231090545654,0.3603968620300293
123,C2,244,0.2708342671394348,0.3585275411605835
123,C2,245,0.2331465184688568,0.3079392611980438
123,C2,246,0.2474084496498108,0.3154386281967163
123,C2,247,0.2377060055732727,0.30893948674201965
123,C2,248,0.25338512659072876,0.36297398805618286
123,C2,249,0.21898692846298218,0.2912225127220154
123,C2,250,0.20099832117557526,0.2825130224227905
123,C2,251,0.2796294689178467,0.3568819761276245
123,C2,252,0.25444144010543823,0.3253629207611084
123,C2,253,0.22511762380599976,0.30705705285072327
123,C2,254,0.30261343717575073,0.4002576470375061
123,C2,255,0.2743021845817566,0.37907788157463074
123,C2,256,0.24761243164539337,0.32668888568878174
123,C2,257,0.2283136397600174,0.3028339147567749
123,C2,258,0.24897632002830505,0.3231411576271057
123,C2,259,0.2402532398700714,0.30741041898727417
123,C2,260,0.23610661923885345,0.3098773956298828
123,C2,261,0.269184410572052,0.36992719769477844
123,C2,262,0.2790546417236328,0.3616219460964203
123,C2,263,0.2397356927394867,0.31638965010643005
123,C2,264,0.23623426258563995,0.31402796506881714
123,C2,265,0.2696352005004883,0.3457532823085785
123,C2,266,0.18029555678367615,0.24127748608589172
123,C2,267,0.2678607106208801,0.3469962477684021
123,C2,268,0.263380229473114,0.3627674877643585
123,C2,269,0.2023966908454895,0.3076106905937195
123,C2,270,0.2607015371322632,0.35836708545684814
123,C2,271,0.23580476641654968,0.3173316717147827
123,C2,272,0.24960142374038696,0.33302071690559387
123,C2,273,0.2559410333633423,0.32843419909477234
123,C2,274,0.2449192851781845,0.3304775059223175
123,C2,275,0.2406863272190094,0.3325996398925781
123,C2,276,0.26694658398628235,0.3478087782859802
123,C2,277,0.2715965807437897,0.34451621770858765
123,C2,278,0.23990260064601898,0.3061789274215698
123,C2,279,0.23746787011623383,0.3417246639728546
123,C2,280,0.29643458127975464,0.3800320625305176
123,C2,281,0.25743985176086426,0.35277849435806274
123,C2,282,0.22403277456760406,0.3020291328430176
123,C2,283,0.22145976126194,0.3039006292819977
123,C2,284,0.25779879093170166,0.3427358865737915
123,C2,285,0.3036007881164551,0.3779391646385193
123,C2,286,0.26622867584228516,0.32399606704711914
123,C2,287,0.24182115495204926,0.3433317542076111
123,C2,288,0.28134918212890625,0.3706514835357666
123,C2,289,0.29699692130088806,0.38104093074798584
123,C2,290,0.2337818443775177,0.31436392664909363
123,C2,291,0.2842347025871277,0.3839670419692993
123,C2,292,0.25768938660621643,0.33075445890426636
123,C2,293,0.2587836980819702,0.3401227295398712
123,C2,294,0.23177966475486755,0.30969569087028503
123,C2,295,0.2076120674610138,0.2751476466655731
123,C2,296,0.2528010904788971,0.3298490345478058
123,C2,297,0.319271981716156,0.39994150400161743
123,C2,298,0.2588905692100525,0.34470710158348083
123,C2,299,0.21894177794456482,0.3079819679260254
123,C2,300,0.254843533039093,0.3478359580039978
123,C2,301,0.2379193902015686,0.3340703248977661
123,C2,302,0.2780793309211731,0.3596269190311432
123,C2,303,0.23725664615631104,0.3375881314277649
123,C2,304,0.2921406626701355,0.3710261583328247
123,C2,305,0.2634696960449219,0.3546590507030487
123,C2,306,0.26270592212677,0.33861494064331055
123,C2,307,0.19581781327724457,0.24914339184761047
123,C2,308,0.28039178252220154,0.36272427439689636
123,C2,309,0.25797712802886963,0.33029675483703613
123,C2,310,0.21498887240886688,0.2847300171852112
123,C2,311,0.3649907112121582,0.4598527252674103
123,C2,312,0.23960593342781067,0.32560956478118896
123,C2,313,0.22745493054389954,0.32142215967178345
123,C2,314,0.30829179286956787,0.40020376443862915
123,C2,315,0.30255523324012756,0.39028623700141907
123,C2,316,0.2080516219139099,0.2871125340461731
123,C2,317,0.21741335093975067,0.313639372587204
123,C2,318,0.2640707790851593,0.350033700466156
123,C2,319,0.2719153165817261,0.3393526077270508
123,C2,320,0.27492398023605347,0.35573577880859375
123,C2,321,0.2253722995519638,0.3063638508319855
123,C2,322,0.26102420687675476,0.34724873304367065
123,C2,323,0.2758512496948242,0.35883063077926636
123,C2,324,0.21503692865371704,0.2949906885623932
123,C2,325,0.25130534172058105,0.3430810570716858
123,C2,326,0.22694921493530273,0.3083765506744385
123,C2,327,0.21128562092781067,0.28949272632598877
123,C2,328,0.20335042476654053,0.2842043340206146
123,C2,329,0.21269524097442627,0.290292888879776
123,C2,330,0.22780176997184753,0.28198570013046265
123,C2,331,0.29096758365631104,0.35499948263168335
123,C2,332,0.21479490399360657,0.30024802684783936
123,C2,333,0.27640682458877563,0.36224329471588135
123,C2,334,0.2530560791492462,0.33228740096092224
123,C2,335,0.1934332549571991,0.25532740354537964
123,C2,336,0.2848101258277893,0.36791321635246277
123,C2,337,0.26414233446121216,0.3538986146450043
123,C2,338,0.18128341436386108,0.2528688609600067
123,C2,339,0.24133220314979553,0.3163767158985138
123,C2,340,0.25683918595314026,0.3336070477962494
123,C2,341,0.2631039619445801,0.3359126150608063
123,C2,342,0.25224030017852783,0.32897263765335083
123,C2,343,0.22430351376533508,0.31906867027282715
123,C2,344,0.2468298077583313,0.3457432985305786
123,C2,345,0.280851811170578,0.36759206652641296
123,C2,346,0.2717421054840088,0.36189985275268555
123,C2,347,0.1908399760723114,0.26001691818237305
123,C2,348,0.2694243788719177,0.35970816016197205
123,C2,349,0.21741323173046112,0.2889106571674347
123,C2,350,0.242842435836792,0.3299002945423126
123,C2,351,0.23380333185195923,0.29056328535079956
123,C2,352,0.21761712431907654,0.2973555624485016
123,C2,353,0.29847395420074463,0.37838608026504517
123,C2,354,0.2839314341545105,0.3687019348144531
123,C2,355,0.2887577414512634,0.36821556091308594
123,C2,356,0.24433834850788116,0.31596413254737854
123,C2,357,0.28215986490249634,0.3697769045829773
123,C2,358,0.2663611173629761,0.3428272306919098
123,C2,359,0.2738116979598999,0.36034679412841797
123,C2,360,0.29337385296821594,0.39300665259361267
123,C2,361,0.24274449050426483,0.30786651372909546
123,C2,362,0.30467844009399414,0.3768845498561859
123,C2,363,0.2696986794471741,0.3457601070404053
123,C2,364,0.2552168369293213,0.3424367606639862
123,C2,365,0.31642788648605347,0.4048753082752228
123,C2,366,0.21598517894744873,0.30944326519966125
123,C2,367,0.22011347115039825,0.31386637687683105
123,C2,368,0.2265271544456482,0.30250418186187744
123,C2,369,0.24726012349128723,0.30680879950523376
123,C2,370,0.25408172607421875,0.33862823247909546
123,C2,371,0.19339852035045624,0.26250049471855164
123,C2,372,0.2752942740917206,0.334370881319046
123,C2,373,0.26174303889274597,0.35411208868026733
123,C2,374,0.25442472100257874,0.3351624608039856
123,C2,375,0.3495645523071289,0.4115856885910034
123,C2,376,0.23938865959644318,0.3120807409286499
123,C2,377,0.17816996574401855,0.2518905997276306
123,C2,378,0.2584392726421356,0.34350284934043884
123,C2,379,0.24265755712985992,0.3002859354019165
123,C2,380,0.2540322542190552,0.3206893801689148
123,C2,381,0.17496204376220703,0.24041128158569336
123,C2,382,0.26192420721054077,0.3660905957221985
123,C2,383,0.3060106933116913,0.4077231287956238
123,C2,384,0.22226759791374207,0.2954614758491516
123,C2,385,0.24992334842681885,0.33319589495658875
123,C2,386,0.2492254078388214,0.324738472700119
123,C2,387,0.2174718976020813,0.318966805934906
123,C2,388,0.2554207444190979,0.32710832357406616
123,C2,389,0.25047439336776733,0.32753053307533264
123,C2,390,0.26273900270462036,0.3391200602054596
123,C2,391,0.2288784682750702,0.31229639053344727
123,C2,392,0.254281222820282,0.32194119691848755
123,C2,393,0.2954348623752594,0.3775655925273895
123,C2,394,0.2663489878177643,0.37065935134887695
123,C2,395,0.28439682722091675,0.361981600522995
123,C2,396,0.21445830166339874,0.3028615117073059
123,C2,397,0.24722054600715637,0.3224804103374481
123,C2,398,0.2302316278219223,0.30484306812286377
123,C2,399,0.25023630261421204,0.34447771310806274
123,C2,400,0.22209413349628448,0.31105929613113403
123,C2,401,0.20054784417152405,0.2621043026447296
123,C2,402,0.2514682114124298,0.32433298230171204
123,C2,403,0.2344646006822586,0.305178165435791
123,C2,404,0.1426810324192047,0.20849063992500305
123,C2,405,0.29177743196487427,0.3646004796028137
123,C2,406,0.31187230348587036,0.39804673194885254
123,C2,407,0.22697146236896515,0.3067222237586975
123,C2,408,0.23308712244033813,0.3075402081012726
123,C2,409,0.20652206242084503,0.30805790424346924
123,C2,410,0.31680452823638916,0.3903997540473938
123,C2,411,0.24149596691131592,0.32279688119888306
123,C2,412,0.25966542959213257,0.3497392535209656
123,C2,413,0.24514351785182953,0.3193407356739044
123,C2,414,0.281706839799881,0.3631524443626404
123,C2,415,0.2289876639842987,0.30433887243270874
123,C2,416,0.21795976161956787,0.29361721873283386
123,C2,417,0.22252647578716278,0.29603272676467896
123,C2,418,0.2756790518760681,0.35040199756622314
123,C2,419,0.26464834809303284,0.35906723141670227
123,C2,420,0.23818309605121613,0.31895822286605835
123,C2,421,0.3079420328140259,0.37953129410743713
123,C2,422,0.2248285412788391,0.2958832383155823
123,C2,423,0.29403966665267944,0.39063891768455505
123,C2,424,0.2736465036869049,0.3441537022590637
123,C2,425,0.2840116322040558,0.36394625902175903
123,C2,426,0.31143051385879517,0.38990622758865356
123,C2,427,0.23206084966659546,0.29938656091690063
123,C2,428,0.22300143539905548,0.29641348123550415
123,C2,429,0.2629219889640808,0.35202914476394653
123,C2,430,0.2634599208831787,0.3395422697067261
123,C2,431,0.26436564326286316,0.3481071889400482
123,C2,432,0.273643434047699,0.3469996452331543
123,C2,433,0.2324383556842804,0.3355322480201721
123,C2,434,0.2745705246925354,0.364304780960083
123,C2,435,0.2413867563009262,0.3166825771331787
123,C2,436,0.2795742154121399,0.3761042356491089
123,C2,437,0.24196575582027435,0.3519664406776428
123,C2,438,0.18745845556259155,0.2539951801300049
123,C2,439,0.20834088325500488,0.2957024872303009
123,C2,440,0.2389044314622879,0.3166921138763428
123,C2,441,0.21956461668014526,0.3103744089603424
123,C2,442,0.23670367896556854,0.30277132987976074
123,C2,443,0.25833505392074585,0.35209187865257263
123,C2,444,0.2826245427131653,0.35342249274253845
123,C2,445,0.24377460777759552,0.32184872031211853
123,C2,446,0.21507450938224792,0.2943510413169861
123,C2,447,0.2226671576499939,0.2986677587032318
123,C2,448,0.2641713321208954,0.34726741909980774
123,C2,449,0.2515915036201477,0.3451468348503113
123,C2,450,0.21082304418087006,0.2789834141731262
123,C2,451,0.2658074200153351,0.3539632260799408
123,C2,452,0.19666066765785217,0.31150853633880615
123,C2,453,0.2471778690814972,0.3316206634044647
123,C2,454,0.2195994108915329,0.2902623414993286
123,C2,455,0.2668432891368866,0.33510011434555054
123,C2,456,0.2733578085899353,0.3446299731731415
123,C2,457,0.26777637004852295,0.33724331855773926
123,C2,458,0.26216408610343933,0.3481976389884949
123,C2,459,0.31398820877075195,0.4012273848056793
123,C2,460,0.23326638340950012,0.329885333776474
123,C2,461,0.29153698682785034,0.36008578538894653
123,C2,462,0.22252772748470306,0.3082110285758972
123,C2,463,0.23954994976520538,0.33587896823883057
123,C2,464,0.204118549823761,0.2894285023212433
123,C2,465,0.19667759537696838,0.26903966069221497
123,C2,466,0.2699251174926758,0.33117616176605225
123,C2,467,0.25133058428764343,0.32860684394836426
123,C2,468,0.21337872743606567,0.27484750747680664
123,C2,469,0.2658400535583496,0.33489999175071716
123,C2,470,0.3018870949745178,0.3810344338417053
123,C2,471,0.28009235858917236,0.3653442859649658
123,C2,472,0.242524653673172,0.3040573298931122
123,C2,473,0.25875765085220337,0.34180817008018494
123,C2,474,0.23839527368545532,0.3293081223964691
123,C2,475,0.30882298946380615,0.39153802394866943
123,C2,476,0.17615850269794464,0.23757141828536987
123,C2,477,0.23050332069396973,0.2964340150356293
123,C2,478,0.32398721575737,0.40727394819259644
123,C2,479,0.26754117012023926,0.36092621088027954
123,C2,480,0.3537500202655792,0.43183237314224243
123,C2,481,0.27516889572143555,0.3593393862247467
123,C2,482,0.27883434295654297,0.35592591762542725
123,C2,483,0.2981244623661041,0.36876800656318665
123,C2,484,0.2256689816713333,0.30617353320121765
123,C2,485,0.2822571098804474,0.3683466911315918
123,C2,486,0.3129476308822632,0.39060986042022705
123,C2,487,0.24713996052742004,0.3238234519958496
123,C2,488,0.1805087924003601,0.2483331561088562
123,C2,489,0.2884628176689148,0.37289106845855713
123,C2,490,0.2005304992198944,0.29753875732421875
123,C2,491,0.24746476113796234,0.30212128162384033
123,C2,492,0.20138037204742432,0.28943461179733276
123,C2,493,0.24208129942417145,0.3419457972049713
123,C2,494,0.3041120767593384,0.3749537467956543
123,C2,495,0.24617993831634521,0.32086604833602905
123,C2,496,0.22079193592071533,0.2905789315700531
123,C2,497,0.24562175571918488,0.3325607180595398
123,C2,498,0.3039347529411316,0.4004119336605072
123,C2,499,0.24415066838264465,0.33216574788093567
123,C2,500,0.21577882766723633,0.2993888854980469
123,C2,501,0.2647036015987396,0.3337633013725281
123,C2,502,0.28468984365463257,0.37125706672668457
123,C2,503,0.1851758062839508,0.24388575553894043
123,C2,504,0.221692755818367,0.2957267761230469
123,C2,505,0.25518929958343506,0.3375294804573059
123,C2,506,0.25256335735321045,0.32561883330345154
123,C2,507,0.28373053669929504,0.36024507880210876
123,C2,508,0.18654762208461761,0.24672666192054749
123,C2,509,0.16906172037124634,0.23598690330982208
123,C2,510,0.2269681692123413,0.2825477719306946
123,C2,511,0.24731579422950745,0.3358129560947418
123,C2,512,0.2641969323158264,0.3474849760532379
123,C2,513,0.24415519833564758,0.309508740901947
123,C2,514,0.24851393699645996,0.34483325481414795
123,C2,515,0.19409586489200592,0.2749636769294739
123,C2,516,0.2598115801811218,0.33363020420074463
123,C2,517,0.2184971272945404,0.2903462052345276
123,C2,518,0.26435959339141846,0.3555338978767395
123,C2,519,0.2222215086221695,0.3032483160495758
123,C2,520,0.26592499017715454,0.3510773181915283
123,C2,521,0.2769796848297119,0.3572034537792206
123,C2,522,0.3034372925758362,0.39858198165893555
123,C2,523,0.25208234786987305,0.3524225652217865
123,C2,524,0.17542845010757446,0.25771522521972656
123,C2,525,0.2662557065486908,0.34223416447639465
123,C2,526,0.24868355691432953,0.3338414132595062
123,C2,527,0.2701250910758972,0.37054571509361267
123,C2,528,0.2218160331249237,0.28846749663352966
123,C2,529,0.2786298990249634,0.38040855526924133
123,C2,530,0.2790249288082123,0.3591609001159668
123,C2,531,0.25602149963378906,0.3439890444278717
123,C2,532,0.2565959393978119,0.33466488122940063
123,C2,533,0.2362554520368576,0.3180147111415863
123,C2,534,0.25834566354751587,0.34295931458473206
123,C2,535,0.2750760316848755,0.34337443113327026
123,C2,536,0.23769576847553253,0.31383559107780457
123,C2,537,0.25722190737724304,0.33713847398757935
123,C2,538,0.24252663552761078,0.3368120789527893
123,C2,539,0.2862488627433777,0.354460209608078
123,C2,540,0.2844289243221283,0.3606341779232025
123,C2,541,0.23264913260936737,0.3056703209877014
123,C2,542,0.23562367260456085,0.313183456659317
123,C2,543,0.23781275749206543,0.33618679642677307
123,C2,544,0.25166237354278564,0.32730385661125183
123,C2,545,0.2380497306585312,0.31439515948295593
123,C2,546,0.22107750177383423,0.2910981774330139
123,C2,547,0.3454262614250183,0.42916202545166016
123,C2,548,0.21707701683044434,0.3083098828792572
123,C2,549,0.23868396878242493,0.3275049328804016
123,C2,550,0.2858532667160034,0.3637114465236664
123,C2,551,0.30881115794181824,0.3931971788406372
123,C2,552,0.2852955460548401,0.35753047466278076
123,C2,553,0.23059424757957458,0.3030781149864197
123,C2,554,0.21381567418575287,0.27633368968963623
123,C2,555,0.2261238992214203,0.29195839166641235
123,C2,556,0.22743035852909088,0.3119437098503113
123,C2,557,0.18916334211826324,0.2672595679759979
123,C2,558,0.23275014758110046,0.3296855688095093
123,C2,559,0.24661387503147125,0.3224942684173584
123,C2,560,0.2349337935447693,0.31103670597076416
123,C2,561,0.25707143545150757,0.3463807702064514
123,C2,562,0.22954295575618744,0.2954723834991455
123,C2,563,0.24919044971466064,0.32754412293434143
123,C2,564,0.24663886427879333,0.32569196820259094
123,C2,565,0.21741357445716858,0.2965881824493408
123,C2,566,0.22455912828445435,0.2943083643913269
123,C2,567,0.25367271900177,0.33296164870262146
123,C2,568,0.17412427067756653,0.2443779706954956
123,C2,569,0.28856736421585083,0.3689662218093872
123,C2,570,0.28016895055770874,0.3614696264266968
123,C2,571,0.3071552813053131,0.40904203057289124
123,C2,572,0.29755473136901855,0.3954712450504303
123,C2,573,0.21539869904518127,0.2877107560634613
123,C2,574,0.2871584892272949,0.375106543302536
123,C2,575,0.2853441536426544,0.37218672037124634
123,C2,576,0.3156360983848572,0.40055787563323975
123,C2,577,0.27727535367012024,0.3856615424156189
123,C2,578,0.2526954412460327,0.32500797510147095
123,C2,579,0.25845563411712646,0.33614403009414673
123,C2,580,0.2663569450378418,0.33450770378112793
123,C2,581,0.24067357182502747,0.328934907913208
123,C2,582,0.31871187686920166,0.3970085680484772
123,C2,583,0.24076271057128906,0.3397935926914215
123,C2,584,0.22956165671348572,0.3077307641506195
123,C2,585,0.29230794310569763,0.38463106751441956
123,C2,586,0.22205209732055664,0.29840174317359924
123,C2,587,0.3027290105819702,0.38168030977249146
123,C2,588,0.20381081104278564,0.2836926281452179
123,C2,589,0.2608056664466858,0.333793580532074
123,C2,590,0.2766488790512085,0.3703942596912384
123,C2,591,0.24580985307693481,0.322200208902359
123,C2,592,0.2757362127304077,0.3611935079097748
123,C2,593,0.2290879189968109,0.32149800658226013
123,C2,594,0.21463310718536377,0.2797525227069855
123,C2,595,0.2207147479057312,0.3106549382209778
123,C2,596,0.20335990190505981,0.3132883310317993
123,C2,597,0.2554323375225067,0.3507115840911865
123,C2,598,0.2348737120628357,0.3099164366722107
123,C2,599,0.2047138214111328,0.27031269669532776
123,C2,600,0.2476223111152649,0.3510444164276123
123,C2,601,0.17099255323410034,0.24496260285377502
123,C2,602,0.22130808234214783,0.2796255648136139
123,C2,603,0.2579209506511688,0.3201875388622284
123,C2,604,0.2098475843667984,0.28170421719551086
123,C2,605,0.22119547426700592,0.29209962487220764
123,C2,606,0.22236672043800354,0.30444806814193726
123,C2,607,0.2155281901359558,0.2959689199924469
123,C2,608,0.272438108921051,0.3499763011932373
123,C2,609,0.2782047390937805,0.3595258295536041
123,C2,610,0.20105639100074768,0.2728983163833618
123,C2,611,0.2180597484111786,0.31251591444015503
123,C2,612,0.19184228777885437,0.2727973163127899
123,C2,613,0.23812708258628845,0.32017573714256287
123,C2,614,0.2629774808883667,0.3458828032016754
123,C2,615,0.2594442069530487,0.3469822108745575
123,C2,616,0.22899150848388672,0.3098733425140381
123,C2,617,0.21735918521881104,0.2957361936569214
123,C2,618,0.2883709967136383,0.35870999097824097
123,C2,619,0.22464647889137268,0.3248167037963867
123,C2,620,0.2751588225364685,0.363328218460083
123,C2,621,0.2860628366470337,0.3556320369243622
123,C2,622,0.18567560613155365,0.2401343137025833
123,C2,623,0.28563350439071655,0.3610070049762726
123,C2,624,0.2064145803451538,0.29744061827659607
123,C2,625,0.2162637561559677,0.30292022228240967
123,C2,626,0.258249431848526,0.3267448842525482
123,C2,627,0.26699239015579224,0.35581260919570923
123,C2,628,0.21161624789237976,0.29431578516960144
123,C2,629,0.22072120010852814,0.2937796711921692
123,C2,630,0.25106382369995117,0.3207542300224304
123,C2,631,0.21657727658748627,0.281500905752182
123,C2,632,0.23344936966896057,0.3273748457431793
123,C2,633,0.2176060676574707,0.2841373383998871
123,C2,634,0.19166819751262665,0.271982342004776
123,C2,635,0.2734850347042084,0.3356727361679077
123,C2,636,0.24311679601669312,0.31468939781188965
123,C2,637,0.25823330879211426,0.3378714621067047
123,C2,638,0.1873750388622284,0.26543286442756653
123,C2,639,0.22868238389492035,0.30498528480529785
123,C2,640,0.16793468594551086,0.23992952704429626
123,C2,641,0.24132543802261353,0.32347556948661804
123,C2,642,0.2586488723754883,0.33540236949920654
123,C2,643,0.19879698753356934,0.29079386591911316
123,C2,644,0.22502216696739197,0.2927379906177521
123,C2,645,0.2911219596862793,0.36974379420280457
123,C2,646,0.24865680932998657,0.3371371626853943
123,C2,647,0.2628129720687866,0.351419597864151
123,C2,648,0.24354252219200134,0.30553627014160156
123,C2,649,0.23894928395748138,0.3144839107990265
123,C2,650,0.2841602563858032,0.3661591708660126
123,C2,651,0.2586718201637268,0.3207490146160126
123,C2,652,0.2582883834838867,0.3311964273452759
123,C2,653,0.1988983452320099,0.2796172499656677
123,C2,654,0.25647562742233276,0.3273959457874298
123,C2,655,0.22508575022220612,0.32517844438552856
123,C2,656,0.2128991335630417,0.2788168489933014
123,C2,657,0.31435126066207886,0.38936764001846313
123,C2,658,0.3095877468585968,0.4080680012702942
123,C2,659,0.18024000525474548,0.2735699415206909
123,C2,660,0.2657318413257599,0.33919450640678406
123,C2,661,0.2522231936454773,0.33404073119163513
123,C2,662,0.26979517936706543,0.3657339811325073
123,C2,663,0.2647537589073181,0.3529289960861206
123,C2,664,0.254960298538208,0.33108824491500854
123,C2,665,0.30342698097229004,0.384652316570282
123,C2,666,0.23900079727172852,0.3114578127861023
123,C2,667,0.2595445513725281,0.3325282335281372
123,C2,668,0.3506668210029602,0.442290335893631
123,C2,669,0.18013156950473785,0.2601991891860962
123,C2,670,0.23579514026641846,0.30473628640174866
123,C2,671,0.21638742089271545,0.2807287573814392
123,C2,672,0.29920855164527893,0.3783143162727356
123,C2,673,0.20417585968971252,0.3158707618713379
123,C2,674,0.19437949359416962,0.2768528163433075
123,C2,675,0.23357048630714417,0.3125654458999634
123,C2,676,0.2270372211933136,0.3168931007385254
123,C2,677,0.1930873692035675,0.2703191041946411
123,C2,678,0.2355864942073822,0.3209880292415619
123,C2,679,0.2541293799877167,0.31304171681404114
123,C2,680,0.1985253244638443,0.2655960023403168
123,C2,681,0.23952040076255798,0.31714528799057007
123,C2,682,0.2722539007663727,0.3341588079929352
123,C2,683,0.17062053084373474,0.2253667712211609
123,C2,684,0.27736973762512207,0.34919801354408264
123,C2,685,0.2966536283493042,0.37246179580688477
123,C2,686,0.2744116485118866,0.34299755096435547
123,C2,687,0.25334030389785767,0.3390844464302063
123,C2,688,0.31102514266967773,0.402837336063385
123,C2,689,0.2350541651248932,0.3371620774269104
123,C2,690,0.26887038350105286,0.3597862720489502
123,C2,691,0.27904239296913147,0.36722052097320557
123,C2,692,0.2486344575881958,0.3466397225856781
123,C2,693,0.24010184407234192,0.32290416955947876
123,C2,694,0.22755779325962067,0.3005799353122711
123,C2,695,0.30550605058670044,0.3858087658882141
123,C2,696,0.24184787273406982,0.31878381967544556
123,C2,697,0.2319743037223816,0.3194221556186676
123,C2,698,0.30297887325286865,0.3756883144378662
123,C2,699,0.24961546063423157,0.3267557621002197
123,C2,700,0.23562777042388916,0.3124040365219116
123,C2,701,0.24837718904018402,0.31838467717170715
123,C2,702,0.23172089457511902,0.32960745692253113
123,C2,703,0.29101237654685974,0.3622709810733795
123,C2,704,0.22698351740837097,0.31892168521881104
123,C2,705,0.24797950685024261,0.33734309673309326
123,C2,706,0.2748740017414093,0.3637423515319824
123,C2,707,0.2864057421684265,0.3520626425743103
123,C2,708,0.2116071730852127,0.27385154366493225
123,C2,709,0.2870160937309265,0.3692077398300171
123,C2,710,0.2717275023460388,0.3414279818534851
123,C2,711,0.23838672041893005,0.34003138542175293
123,C2,712,0.26612165570259094,0.34145593643188477
123,C2,713,0.239457368850708,0.3206372559070587
123,C2,714,0.2129528820514679,0.29258549213409424
123,C2,715,0.2528327405452728,0.33904221653938293
123,C2,716,0.27019599080085754,0.34458544850349426
123,C2,717,0.2798219323158264,0.361558198928833
123,C2,718,0.19178920984268188,0.2627245783805847
123,C2,719,0.28467920422554016,0.35616379976272583
123,C2,720,0.1741848587989807,0.24226117134094238
123,C2,721,0.23287653923034668,0.3054364323616028
123,C2,722,0.24706251919269562,0.3282967507839203
123,C2,723,0.34404364228248596,0.4049215614795685
123,C2,724,0.2356497049331665,0.3099847137928009
123,C2,725,0.2697641849517822,0.3421661853790283
123,C2,726,0.2948181629180908,0.3885389566421509
123,C2,727,0.2522618770599365,0.34650954604148865
123,C2,728,0.259745717048645,0.3433955907821655
123,C2,729,0.28228524327278137,0.38017427921295166
123,C2,730,0.24269290268421173,0.308636337518692
123,C2,731,0.25312569737434387,0.3204495906829834
123,C2,732,0.21591362357139587,0.3025232255458832
123,C2,733,0.20751632750034332,0.2975236773490906
123,C2,734,0.20099276304244995,0.2831091582775116
123,C2,735,0.23342213034629822,0.29843389987945557
123,C2,736,0.21778500080108643,0.28923797607421875
123,C2,737,0.2791517376899719,0.3642602264881134
123,C2,738,0.27182671427726746,0.3658909201622009
123,C2,739,0.24852320551872253,0.30963724851608276
123,C2,740,0.20009446144104004,0.27659428119659424
123,C2,741,0.28367385268211365,0.35214367508888245
123,C2,742,0.2141471654176712,0.28392329812049866
123,C2,743,0.2630373239517212,0.33969220519065857
123,C2,744,0.1957840770483017,0.2646569609642029
123,C2,745,0.2707825303077698,0.352480411529541
123,C2,746,0.191375732421875,0.2614808976650238
123,C2,747,0.26307711005210876,0.3589533567428589
123,C2,748,0.261553555727005,0.3449963629245758
123,C2,749,0.2559962272644043,0.3316229283809662
123,C2,750,0.24849975109100342,0.3296709954738617
123,C2,751,0.28501707315444946,0.3533952832221985
123,C2,752,0.2697899639606476,0.3393804728984833
123,C2,753,0.1814054548740387,0.27479201555252075
123,C2,754,0.2588104009628296,0.3391851484775543
123,C2,755,0.22539016604423523,0.30367547273635864
123,C2,756,0.3101264536380768,0.3889628052711487
123,C2,757,0.21043983101844788,0.30248314142227173
123,C2,758,0.26795488595962524,0.3463514447212219
123,C2,759,0.21382927894592285,0.30206286907196045
123,C2,760,0.2635505497455597,0.33194488286972046
123,C2,761,0.2520935535430908,0.3139798641204834
123,C2,762,0.26906442642211914,0.3298380374908447
123,C2,763,0.2815369963645935,0.3509710431098938
123,C2,764,0.2719920873641968,0.3424797058105469
123,C2,765,0.28241240978240967,0.3669055104255676
123,C2,766,0.24187248945236206,0.3129783272743225
123,C2,767,0.24738241732120514,0.33503130078315735
123,C2,768,0.2348473072052002,0.3297423720359802
123,C2,769,0.21846453845500946,0.3116128146648407
123,C2,770,0.2005666196346283,0.29052090644836426
123,C2,771,0.21796104311943054,0.3055187165737152
123,C2,772,0.23152971267700195,0.30606403946876526
123,C2,773,0.1967882364988327,0.2773296535015106
123,C2,774,0.2738643288612366,0.35506701469421387
123,C2,775,0.20307324826717377,0.2687605619430542
123,C2,776,0.338695764541626,0.43119746446609497
123,C2,777,0.27846503257751465,0.3624161183834076
123,C2,778,0.23358090221881866,0.31275275349617004
123,C2,779,0.28235670924186707,0.36783283948898315
123,C2,780,0.2843475937843323,0.3729087710380554
123,C2,781,0.17747557163238525,0.2761761546134949
123,C2,782,0.30210843682289124,0.38553914427757263
123,C2,783,0.2062763273715973,0.3047999143600464
123,C2,784,0.2180316150188446,0.2891584038734436
123,C2,785,0.22739948332309723,0.282087504863739
123,C2,786,0.2882673442363739,0.35047611594200134
123,C2,787,0.252798467874527,0.3248012065887451
123,C2,788,0.2082369327545166,0.28248587250709534
123,C2,789,0.24833790957927704,0.31128379702568054
123,C2,790,0.24593786895275116,0.334389865398407
123,C2,791,0.19299110770225525,0.284695029258728
123,C2,792,0.26405683159828186,0.3250749707221985
123,C2,793,0.22140170633792877,0.29339683055877686
123,C2,794,0.2899608612060547,0.3497152626514435
123,C2,795,0.2525794208049774,0.3197171092033386
123,C2,796,0.27393245697021484,0.3585169017314911
123,C2,797,0.24545931816101074,0.3382890820503235
123,C2,798,0.25977426767349243,0.3451637625694275
123,C2,799,0.2536696195602417,0.32122841477394104
123,C2,800,0.17801809310913086,0.27018046379089355
123,C2,801,0.25285229086875916,0.3170003294944763
123,C2,802,0.17496421933174133,0.2234359085559845
123,C2,803,0.20927509665489197,0.26778939366340637
123,C2,804,0.20068609714508057,0.27942100167274475
123,C2,805,0.2853599786758423,0.3729797601699829
123,C2,806,0.3201540410518646,0.3858766257762909
123,C2,807,0.24953623116016388,0.33819085359573364
123,C2,808,0.19055965542793274,0.2574172019958496
123,C2,809,0.2848888039588928,0.36288607120513916
123,C2,810,0.26029473543167114,0.3490065634250641
123,C2,811,0.2581595778465271,0.3402250409126282
123,C2,812,0.2530208230018616,0.33409181237220764
123,C2,813,0.2928105294704437,0.3743555545806885
123,C2,814,0.16661281883716583,0.22732305526733398
123,C2,815,0.2832733392715454,0.3727401793003082
123,C2,816,0.24849765002727509,0.3269362449645996
123,C2,817,0.28038352727890015,0.32685503363609314
123,C2,818,0.26628363132476807,0.3409653902053833
123,C2,819,0.26114311814308167,0.3584725558757782
123,C2,820,0.21264104545116425,0.2853257954120636
123,C2,821,0.2400001734495163,0.3116946816444397
123,C2,822,0.22838708758354187,0.31184419989585876
123,C2,823,0.2820035219192505,0.3547351062297821
123,C2,824,0.23485082387924194,0.3135825991630554
123,C2,825,0.23111912608146667,0.30381056666374207
123,C2,826,0.27507901191711426,0.35143640637397766
123,C2,827,0.3187769651412964,0.4167983829975128
123,C2,828,0.294466495513916,0.3804464042186737
123,C2,829,0.22045482695102692,0.29303643107414246
123,C2,830,0.27878668904304504,0.3562520146369934
123,C2,831,0.20088526606559753,0.2791970670223236
123,C2,832,0.25123220682144165,0.31229621171951294
123,C2,833,0.18213890492916107,0.24972885847091675
123,C2,834,0.3224768340587616,0.4030163586139679
123,C2,835,0.24644410610198975,0.3310399055480957
123,C2,836,0.28983914852142334,0.3533579409122467
123,C2,837,0.1992587298154831,0.29914620518684387
123,C2,838,0.2311004251241684,0.30503493547439575
123,C2,839,0.27111801505088806,0.3530849814414978
123,C2,840,0.2403237372636795,0.31459566950798035
123,C2,841,0.2649305462837219,0.34627825021743774
123,C2,842,0.222260981798172,0.2934408187866211
123,C2,843,0.2019132375717163,0.2924000024795532
123,C2,844,0.23185919225215912,0.297759085893631
123,C2,845,0.2685035467147827,0.36620843410491943
123,C2,846,0.2505182921886444,0.32951784133911133
123,C2,847,0.27710217237472534,0.3547505736351013
123,C2,848,0.22256779670715332,0.3056085705757141
123,C2,849,0.3282448649406433,0.4133225679397583
123,C2,850,0.23857130110263824,0.3031482398509979
123,C2,851,0.2645989656448364,0.3578196167945862
123,C2,852,0.23079410195350647,0.3086276352405548
123,C2,853,0.1924191266298294,0.2734442949295044
123,C2,854,0.21947041153907776,0.32162582874298096
123,C2,855,0.20122626423835754,0.28360867500305176
123,C2,856,0.20803171396255493,0.27196791768074036
123,C2,857,0.22940802574157715,0.3022422194480896
123,C2,858,0.15575644373893738,0.221234530210495
123,C2,859,0.2936629056930542,0.3725990653038025
123,C2,860,0.27048367261886597,0.36703523993492126
123,C2,861,0.22275355458259583,0.30723583698272705
123,C2,862,0.2608930766582489,0.3327409625053406
123,C2,863,0.23229143023490906,0.3242458701133728
123,C2,864,0.23880673944950104,0.3149576485157013
123,C2,865,0.26825466752052307,0.33579811453819275
123,C2,866,0.20285442471504211,0.2953064739704132
123,C2,867,0.22834916412830353,0.32019394636154175
123,C2,868,0.2485223263502121,0.31507769227027893
123,C2,869,0.24733421206474304,0.32450971007347107
123,C2,870,0.2644088864326477,0.3358435034751892
123,C2,871,0.29367774724960327,0.3845332860946655
123,C2,872,0.21313869953155518,0.28712084889411926
123,C2,873,0.24444034695625305,0.34676170349121094
123,C2,874,0.23173892498016357,0.30282700061798096
123,C2,875,0.18670307099819183,0.25090256333351135
123,C2,876,0.25562480092048645,0.33740103244781494
123,C2,877,0.2545468211174011,0.34060171246528625
123,C2,878,0.2814064621925354,0.36714115738868713
123,C2,879,0.25546860694885254,0.33847373723983765
123,C2,880,0.2011413425207138,0.30150920152664185
123,C2,881,0.2225683033466339,0.30454152822494507
123,C2,882,0.26795366406440735,0.3394060432910919
123,C2,883,0.22771313786506653,0.2967873513698578
123,C2,884,0.21598899364471436,0.30269041657447815
123,C2,885,0.3774370849132538,0.47219303250312805
123,C2,886,0.21598684787750244,0.29379433393478394
123,C2,887,0.24913159012794495,0.32782262563705444
123,C2,888,0.23718450963497162,0.3121773600578308
123,C2,889,0.2886272668838501,0.3670688569545746
123,C2,890,0.22342678904533386,0.303433895111084
123,C2,891,0.2235528826713562,0.3047085404396057
123,C2,892,0.2153274118900299,0.2907285690307617
123,C2,893,0.22244712710380554,0.3118334710597992
123,C2,894,0.23137226700782776,0.3056991696357727
123,C2,895,0.23592989146709442,0.30941101908683777
123,C2,896,0.25300735235214233,0.33154407143592834
123,C2,897,0.28660911321640015,0.36745524406433105
123,C2,898,0.23930677771568298,0.3213191032409668
123,C2,899,0.2388688325881958,0.3132873773574829
123,C2,900,0.18007932603359222,0.24912601709365845
123,C2,901,0.23027439415454865,0.29066503047943115
123,C2,902,0.29869312047958374,0.3782495856285095
123,C2,903,0.26148366928100586,0.3431318998336792
123,C2,904,0.21897298097610474,0.3036590814590454
123,C2,905,0.2595956027507782,0.3419110178947449
123,C2,906,0.23769181966781616,0.3265480697154999
123,C2,907,0.23303724825382233,0.3046920597553253
123,C2,908,0.28624945878982544,0.3690376579761505
123,C2,909,0.22180718183517456,0.28279608488082886
123,C2,910,0.20573799312114716,0.272860586643219
123,C2,911,0.28074803948402405,0.36613550782203674
123,C2,912,0.223971426486969,0.30035755038261414
123,C2,913,0.23445415496826172,0.31680992245674133
123,C2,914,0.2340845763683319,0.3219691514968872
123,C2,915,0.2680104970932007,0.35803282260894775
123,C2,916,0.23846423625946045,0.301513135433197
123,C2,917,0.2410486936569214,0.3068399727344513
123,C2,918,0.22273679077625275,0.2796691358089447
123,C2,919,0.1991012990474701,0.28693312406539917
123,C2,920,0.27513208985328674,0.3556351661682129
123,C2,921,0.32681605219841003,0.4155465364456177
123,C2,922,0.2917185425758362,0.3693867027759552
123,C2,923,0.21389514207839966,0.30360138416290283
123,C2,924,0.24576233327388763,0.3203870952129364
123,C2,925,0.24227210879325867,0.3117634356021881
123,C2,926,0.24847006797790527,0.3449127972126007
123,C2,927,0.24049602448940277,0.3238065242767334
123,C2,928,0.2181270718574524,0.2878064215183258
123,C2,929,0.29037928581237793,0.3545698821544647
123,C2,930,0.29235517978668213,0.35588979721069336
123,C2,931,0.23911608755588531,0.3048993647098541
123,C2,932,0.19188280403614044,0.24276430904865265
123,C2,933,0.19418351352214813,0.2969508171081543
123,C2,934,0.21022836863994598,0.2808678448200226
123,C2,935,0.276898592710495,0.3742629885673523
123,C2,936,0.23451785743236542,0.31616830825805664
123,C2,937,0.2555641531944275,0.34549859166145325
123,C2,938,0.24265959858894348,0.34003520011901855
123,C2,939,0.22286882996559143,0.30894243717193604
123,C2,940,0.28597530722618103,0.36382877826690674
123,C2,941,0.24089306592941284,0.3236764371395111
123,C2,942,0.2846003770828247,0.36198049783706665
123,C2,943,0.17903375625610352,0.2732529640197754
123,C2,944,0.2628357410430908,0.33699870109558105
123,C2,945,0.2186073213815689,0.3211739659309387
123,C2,946,0.274281769990921,0.3522249460220337
123,C2,947,0.2827569246292114,0.3789692521095276
123,C2,948,0.2763611674308777,0.36541709303855896
123,C2,949,0.24418334662914276,0.33044320344924927
123,C2,950,0.25055405497550964,0.32348698377609253
123,C2,951,0.29828280210494995,0.3780395984649658
123,C2,952,0.21300387382507324,0.29032689332962036
123,C2,953,0.21076464653015137,0.2818598449230194
123,C2,954,0.26321539282798767,0.34876886010169983
123,C2,955,0.2557258605957031,0.32344624400138855
123,C2,956,0.2890421748161316,0.3603644371032715
123,C2,957,0.2891228199005127,0.36915749311447144
123,C2,958,0.2983691096305847,0.3931651711463928
123,C2,959,0.2131725251674652,0.2855130732059479
123,C2,960,0.20450174808502197,0.26841288805007935
123,C2,961,0.221388578414917,0.2896013557910919
123,C2,962,0.24079331755638123,0.30212825536727905
123,C2,963,0.2693832516670227,0.346932053565979
123,C2,964,0.23479291796684265,0.31799235939979553
123,C2,965,0.2648378312587738,0.33795395493507385
123,C2,966,0.22264936566352844,0.29632583260536194
123,C2,967,0.27059274911880493,0.34948500990867615
123,C2,968,0.18629157543182373,0.2864294648170471
123,C2,969,0.2437935471534729,0.31044620275497437
123,C2,970,0.2360924780368805,0.312603235244751
123,C2,971,0.18926800787448883,0.2684321403503418
123,C2,972,0.2096988558769226,0.2850814163684845
123,C2,973,0.261605829000473,0.33516767621040344
123,C2,974,0.19316621124744415,0.2503446638584137
123,C2,975,0.3001832962036133,0.36611977219581604
123,C2,976,0.21972998976707458,0.29842719435691833
123,C2,977,0.1688755452632904,0.220170795917511
123,C2,978,0.1954270601272583,0.2582135498523712
123,C2,979,0.24482005834579468,0.31268638372421265
123,C2,980,0.18193909525871277,0.25198057293891907
123,C2,981,0.23977670073509216,0.32253021001815796
123,C2,982,0.22305011749267578,0.28725337982177734
123,C2,983,0.2096882462501526,0.28402119874954224
123,C2,984,0.25397828221321106,0.33456119894981384
123,C2,985,0.2004813402891159,0.2600380480289459
123,C2,986,0.2400285303592682,0.31298545002937317
123,C2,987,0.24459964036941528,0.32319241762161255
123,C2,988,0.21236494183540344,0.2775455713272095
123,C2,989,0.2020132690668106,0.27810707688331604
123,C2,990,0.3320470154285431,0.40458205342292786
123,C2,991,0.2720019221305847,0.36702752113342285
123,C2,992,0.253135085105896,0.32838132977485657
123,C2,993,0.25574129819869995,0.34044191241264343
123,C2,994,0.21523046493530273,0.3100430369377136
123,C2,995,0.2596116065979004,0.3352311849594116
123,C2,996,0.31235527992248535,0.4129085838794708
123,C2,997,0.17743724584579468,0.2586843967437744
123,C2,998,0.22649966180324554,0.3020818531513214
123,C2,999,0.26322948932647705,0.33225810527801514
123,C2,1000,0.19438296556472778,0.2621743381023407
123,C2,1001,0.20963093638420105,0.263893723487854
123,C2,1002,0.26166078448295593,0.3295143246650696
123,C2,1003,0.25437337160110474,0.33027657866477966
123,C2,1004,0.21317987143993378,0.2817838788032532
123,C2,1005,0.27501043677330017,0.357276976108551
123,C2,1006,0.24381117522716522,0.3236629366874695
123,C2,1007,0.22304898500442505,0.30278345942497253
123,C2,1008,0.19814586639404297,0.2689913809299469
123,C2,1009,0.208235502243042,0.282945454120636
123,C2,1010,0.2538602948188782,0.3442860245704651
123,C2,1011,0.2770584225654602,0.3669525384902954
123,C2,1012,0.2403901219367981,0.3186834156513214
123,C2,1013,0.24961009621620178,0.3170878291130066
123,C2,1014,0.2503372132778168,0.3540342152118683
123,C2,1015,0.2907378077507019,0.3432900905609131
123,C2,1016,0.2290632277727127,0.29984617233276367
123,C2,1017,0.23796552419662476,0.32578688859939575
123,C2,1018,0.29804524779319763,0.39382481575012207
123,C2,1019,0.22027862071990967,0.3143101632595062
123,C2,1020,0.26938140392303467,0.34068548679351807
123,C2,1021,0.25206634402275085,0.34674739837646484
123,C2,1022,0.24138525128364563,0.33336830139160156
123,C2,1023,0.19116297364234924,0.2623680830001831
123,C2,1024,0.1953839361667633,0.2629912197589874
123,C2,1025,0.2720051407814026,0.3453613817691803
123,C2,1026,0.19383209943771362,0.2752746045589447
123,C2,1027,0.2530200183391571,0.3331621289253235
123,C2,1028,0.1966390609741211,0.2832835614681244
123,C2,1029,0.31920892000198364,0.4070136249065399
123,C2,1030,0.18391549587249756,0.2547346353530884
123,C2,1031,0.23621827363967896,0.3225190043449402
123,C2,1032,0.20866388082504272,0.2825669050216675
123,C2,1033,0.2171274572610855,0.309764564037323
123,C2,1034,0.24638576805591583,0.3064385652542114
123,C2,1035,0.23216113448143005,0.3042180836200714
123,C2,1036,0.25799351930618286,0.3511134684085846
123,C2,1037,0.2548392713069916,0.3283780515193939
123,C2,1038,0.1950058490037918,0.28414371609687805
123,C2,1039,0.17261096835136414,0.24408534169197083
123,C2,1040,0.1930028200149536,0.2580597400665283
123,C2,1041,0.25076043605804443,0.31634747982025146
123,C2,1042,0.30495351552963257,0.3923110067844391
123,C2,1043,0.3312556743621826,0.3923417627811432
123,C2,1044,0.2461855560541153,0.33252185583114624
123,C2,1045,0.20858699083328247,0.27353137731552124
123,C2,1046,0.22200310230255127,0.29021400213241577
123,C2,1047,0.23215481638908386,0.32018327713012695
123,C2,1048,0.25688862800598145,0.3413044810295105
123,C2,1049,0.2778407335281372,0.34663301706314087
123,C2,1050,0.2336369752883911,0.33702680468559265
123,C2,1051,0.2272411286830902,0.28608208894729614
123,C2,1052,0.2708819508552551,0.33901962637901306
123,C2,1053,0.26676878333091736,0.3428901731967926
123,C2,1054,0.21601387858390808,0.30584049224853516
123,C2,1055,0.26203465461730957,0.3403984308242798
123,C2,1056,0.28855299949645996,0.37944296002388
123,C2,1057,0.2247081845998764,0.31422799825668335
123,C2,1058,0.20771540701389313,0.2880975008010864
123,C2,1059,0.2748064696788788,0.33455029129981995
123,C2,1060,0.2559623718261719,0.34722912311553955
123,C2,1061,0.23544371128082275,0.3056067228317261
123,C2,1062,0.26580721139907837,0.32647809386253357
123,C2,1063,0.2242051064968109,0.31913772225379944
123,C2,1064,0.204909086227417,0.28722846508026123
123,C2,1065,0.2742418646812439,0.3460707664489746
123,C2,1066,0.19686569273471832,0.29668673872947693
123,C2,1067,0.21239078044891357,0.2783650755882263
123,C2,1068,0.24097104370594025,0.2997611165046692
123,C2,1069,0.2593410611152649,0.33544719219207764
123,C2,1070,0.2768552899360657,0.3477453887462616
123,C2,1071,0.22142501175403595,0.3076072335243225
123,C2,1072,0.2140280306339264,0.3004179298877716
123,C2,1073,0.2975366711616516,0.3834121525287628
123,C2,1074,0.3376759886741638,0.41428640484809875
123,C2,1075,0.25823038816452026,0.3449493646621704
123,C2,1076,0.28256019949913025,0.3670356869697571
123,C2,1077,0.25502490997314453,0.32463333010673523
123,C2,1078,0.23988331854343414,0.3001263737678528
123,C2,1079,0.253304660320282,0.33905452489852905
123,C2,1080,0.19402658939361572,0.26498740911483765
123,C2,1081,0.2377137392759323,0.32997119426727295
123,C2,1082,0.2218024879693985,0.2987307608127594
123,C2,1083,0.2213754951953888,0.3021351099014282
123,C2,1084,0.23772090673446655,0.31302759051322937
123,C2,1085,0.23635494709014893,0.3173036277294159
123,C2,1086,0.22839675843715668,0.3011222183704376
123,C2,1087,0.17844310402870178,0.25064778327941895
123,C2,1088,0.2684217691421509,0.35164129734039307
123,C2,1089,0.2473585307598114,0.32110846042633057
123,C2,1090,0.20616817474365234,0.27178990840911865
123,C2,1091,0.23358440399169922,0.30037108063697815
123,C2,1092,0.21949869394302368,0.31062328815460205
123,C2,1093,0.28964927792549133,0.3687974810600281
123,C2,1094,0.28277331590652466,0.3667425811290741
123,C2,1095,0.28213804960250854,0.3464750647544861
123,C2,1096,0.22528371214866638,0.30293864011764526
123,C2,1097,0.2238769829273224,0.29467177391052246
123,C2,1098,0.258608877658844,0.3447677791118622
123,C2,1099,0.19897602498531342,0.2880479693412781
123,C2,1100,0.2575395405292511,0.3524518609046936
123,C2,1101,0.20164290070533752,0.2790605127811432
123,C2,1102,0.26430797576904297,0.3504122793674469
123,C2,1103,0.2416202425956726,0.3181734085083008
123,C2,1104,0.216708242893219,0.2885136008262634
123,C2,1105,0.18147529661655426,0.232041597366333
123,C2,1106,0.26582640409469604,0.3401603698730469
123,C2,1107,0.1823410540819168,0.26807793974876404
123,C2,1108,0.21238219738006592,0.290973961353302
123,C2,1109,0.27383339405059814,0.3590746819972992
123,C2,1110,0.24739661812782288,0.32858923077583313
123,C2,1111,0.25850844383239746,0.34589165449142456
123,C2,1112,0.23113702237606049,0.29763510823249817
123,C2,1113,0.2594607472419739,0.3272847533226013
123,C2,1114,0.21641546487808228,0.2919575870037079
123,C2,1115,0.2951470613479614,0.3949533998966217
123,C2,1116,0.2629564702510834,0.3408656120300293
123,C2,1117,0.17687663435935974,0.24546432495117188
123,C2,1118,0.21240884065628052,0.2869863212108612
123,C2,1119,0.2593536376953125,0.3378903567790985
123,C2,1120,0.23832055926322937,0.3112218379974365
123,C2,1121,0.20448341965675354,0.27218520641326904
123,C2,1122,0.22180397808551788,0.294833779335022
123,C2,1123,0.2099759727716446,0.26864978671073914
123,C2,1124,0.25730186700820923,0.34128281474113464
123,C2,1125,0.21537914872169495,0.28584688901901245
123,C2,1126,0.2899916172027588,0.35655608773231506
123,C2,1127,0.24643397331237793,0.33411523699760437
123,C2,1128,0.20369774103164673,0.29226207733154297
123,C2,1129,0.2472580224275589,0.32615435123443604
123,C2,1130,0.20696723461151123,0.2930232584476471
123,C2,1131,0.3034893274307251,0.38359731435775757
123,C2,1132,0.2447621375322342,0.31981170177459717
123,C2,1133,0.26427018642425537,0.35616427659988403
123,C2,1134,0.27313971519470215,0.3536430299282074
123,C2,1135,0.23610734939575195,0.32414311170578003
123,C2,1136,0.2301875352859497,0.30873799324035645
123,C2,1137,0.2811436355113983,0.3507199287414551
123,C2,1138,0.2019224464893341,0.27851277589797974
123,C2,1139,0.2147056609392166,0.31238672137260437
123,C2,1140,0.19486138224601746,0.2813098430633545
123,C2,1141,0.26015013456344604,0.34942907094955444
123,C2,1142,0.24379591643810272,0.3067622780799866
123,C2,1143,0.22247639298439026,0.2954653799533844
123,C2,1144,0.266788125038147,0.34111863374710083
123,C2,1145,0.26342880725860596,0.3682439625263214
123,C2,1146,0.27491840720176697,0.3682950735092163
123,C2,1147,0.2018202543258667,0.2763797640800476
123,C2,1148,0.21692758798599243,0.29645007848739624
123,C2,1149,0.26528364419937134,0.3440014719963074
123,C2,1150,0.2296219766139984,0.29714974761009216
123,C2,1151,0.2120061069726944,0.28496885299682617
123,C2,1152,0.22480157017707825,0.301666259765625
123,C2,1153,0.26177769899368286,0.35999539494514465
123,C2,1154,0.2679627537727356,0.35064825415611267
123,C2,1155,0.2226407378911972,0.2992418110370636
123,C2,1156,0.25207826495170593,0.32839033007621765
123,C2,1157,0.25652411580085754,0.34564894437789917
123,C2,1158,0.24016909301280975,0.3309810161590576
123,C2,1159,0.23330950736999512,0.30557578802108765
123,C2,1160,0.23810496926307678,0.30556878447532654
123,C2,1161,0.23569954931735992,0.3235105276107788
123,C2,1162,0.2516576647758484,0.32524120807647705
123,C2,1163,0.16183210909366608,0.24327793717384338
123,C2,1164,0.26180896162986755,0.3542047142982483
123,C2,1165,0.22182947397232056,0.30534639954566956
123,C2,1166,0.27351534366607666,0.35625630617141724
123,C2,1167,0.22678469121456146,0.32493680715560913
123,C2,1168,0.2604297697544098,0.34536150097846985
123,C2,1169,0.2842383086681366,0.35428404808044434
123,C2,1170,0.22300542891025543,0.2989976406097412
123,C2,1171,0.2229827344417572,0.3115839958190918
123,C2,1172,0.20041656494140625,0.29755958914756775
123,C2,1173,0.21670860052108765,0.29175081849098206
123,C2,1174,0.23082442581653595,0.3098098039627075
123,C2,1175,0.21978682279586792,0.2850415110588074
123,C2,1176,0.29153043031692505,0.3706561326980591
123,C2,1177,0.22154781222343445,0.2859814167022705
123,C2,1178,0.21552884578704834,0.29007434844970703
123,C2,1179,0.24696166813373566,0.30672067403793335
123,C2,1180,0.18463265895843506,0.2557043731212616
123,C2,1181,0.19857510924339294,0.27689629793167114
123,C2,1182,0.24451948702335358,0.3251299262046814
123,C2,1183,0.2382807731628418,0.31402552127838135
123,C2,1184,0.22738122940063477,0.3008975386619568
123,C2,1185,0.20951730012893677,0.2750481069087982
123,C2,1186,0.24890370666980743,0.33228152990341187
123,C2,1187,0.2401724010705948,0.31285688281059265
123,C2,1188,0.23277205228805542,0.299270361661911
123,C2,1189,0.18628883361816406,0.2552710473537445
123,C2,1190,0.18284490704536438,0.25337156653404236
123,C2,1191,0.23897506296634674,0.3325669765472412
123,C2,1192,0.1885840892791748,0.2516801059246063
123,C2,1193,0.22362719476222992,0.30152469873428345
123,C2,1194,0.2529129087924957,0.31706586480140686
123,C2,1195,0.23830465972423553,0.3278948962688446
123,C2,1196,0.20772671699523926,0.2717362940311432
123,C2,1197,0.25456303358078003,0.3272435665130615
123,C2,1198,0.2759838104248047,0.33754390478134155
123,C2,1199,0.25413721799850464,0.31724709272384644
123,C2,1200,0.20979145169258118,0.28209635615348816
123,C2,1201,0.2437574565410614,0.33726686239242554
123,C2,1202,0.2513183355331421,0.3534473180770874
123,C2,1203,0.2037343531847,0.26354095339775085
123,C2,1204,0.2723369300365448,0.35325193405151367
123,C2,1205,0.2764975130558014,0.3499366343021393
123,C2,1206,0.32852792739868164,0.40107035636901855
123,C2,1207,0.24531790614128113,0.3198968768119812
123,C2,1208,0.24258197844028473,0.3337576389312744
123,C2,1209,0.26107528805732727,0.36164578795433044
123,C2,1210,0.3127889037132263,0.38569730520248413
123,C2,1211,0.25682854652404785,0.325947105884552
123,C2,1212,0.2550317049026489,0.34625908732414246
123,C2,1213,0.2616803050041199,0.332521915435791
123,C2,1214,0.2782641649246216,0.3511298596858978
123,C2,1215,0.27075886726379395,0.3508865237236023
123,C2,1216,0.23000991344451904,0.31605643033981323
123,C2,1217,0.318325936794281,0.38925445079803467
123,C2,1218,0.2757875919342041,0.36017274856567383
123,C2,1219,0.23079848289489746,0.2835964560508728
123,C2,1220,0.17144235968589783,0.24685952067375183
123,C2,1221,0.32405877113342285,0.38492682576179504
123,C2,1222,0.2716829478740692,0.3407663404941559
123,C2,1223,0.23381313681602478,0.2948842942714691
123,C2,1224,0.24328885972499847,0.32822468876838684
123,C2,1225,0.21712324023246765,0.2861214578151703
123,C2,1226,0.25567179918289185,0.35708487033843994
123,C2,1227,0.28323787450790405,0.35948026180267334
123,C2,1228,0.277147114276886,0.3566998839378357
123,C2,1229,0.22607293725013733,0.3040497601032257
123,C2,1230,0.2869175374507904,0.3526036739349365
123,C2,1231,0.22372344136238098,0.30382370948791504
123,C2,1232,0.2086644023656845,0.2935136556625366
123,C2,1233,0.1843353807926178,0.2567344903945923
123,C2,1234,0.21043185889720917,0.306915283203125
123,C2,1235,0.2081105262041092,0.25538337230682373
123,C2,1236,0.1948467493057251,0.2763684391975403
123,C2,1237,0.24085035920143127,0.3144345283508301
123,C2,1238,0.24364088475704193,0.34533432126045227
123,C2,1239,0.22030404210090637,0.2963356077671051
123,C2,1240,0.3006523847579956,0.3875366449356079
123,C2,1241,0.25261953473091125,0.30973586440086365
123,C2,1242,0.28214359283447266,0.3546861410140991
123,C2,1243,0.18716001510620117,0.2639463245868683
123,C2,1244,0.20607566833496094,0.26879143714904785
123,C2,1245,0.2329777330160141,0.3091955780982971
123,C2,1246,0.22204802930355072,0.2840235233306885
123,C2,1247,0.20506048202514648,0.2724806070327759
123,C2,1248,0.2368493527173996,0.2958349287509918
123,C2,1249,0.18681396543979645,0.2517724633216858
123,C2,1250,0.25483936071395874,0.3600914776325226
123,C2,1251,0.26194673776626587,0.3240038752555847
123,C2,1252,0.23863525688648224,0.3221138119697571
123,C2,1253,0.19407373666763306,0.2759564518928528
123,C2,1254,0.1876608431339264,0.2732450067996979
123,C2,1255,0.26339924335479736,0.3287268877029419
123,C2,1256,0.2695774734020233,0.3478652238845825
123,C2,1257,0.24239960312843323,0.3325725793838501
123,C2,1258,0.31199365854263306,0.38874906301498413
123,C2,1259,0.21755391359329224,0.30605384707450867
123,C2,1260,0.22445619106292725,0.3177582621574402
123,C2,1261,0.28346145153045654,0.34161415696144104
123,C2,1262,0.26032766699790955,0.34100186824798584
123,C2,1263,0.2519305944442749,0.34505563974380493
123,C2,1264,0.2761267125606537,0.36985209584236145
123,C2,1265,0.25869375467300415,0.3351711630821228
123,C2,1266,0.22769507765769958,0.32202672958374023
123,C2,1267,0.2076963186264038,0.2606278955936432
123,C2,1268,0.24046483635902405,0.3140266239643097
123,C2,1269,0.1687854528427124,0.22294621169567108
123,C2,1270,0.27907007932662964,0.36222898960113525
123,C2,1271,0.2903320789337158,0.3630184829235077
123,C2,1272,0.21093913912773132,0.2846572995185852
123,C2,1273,0.21435970067977905,0.29858437180519104
123,C2,1274,0.19187860190868378,0.25924432277679443
123,C2,1275,0.2520434260368347,0.305062472820282
123,C2,1276,0.27598071098327637,0.35509181022644043
123,C2,1277,0.2768036723136902,0.3571300804615021
123,C2,1278,0.2368207722902298,0.30664676427841187
123,C2,1279,0.20236113667488098,0.2732376456260681
123,C2,1280,0.2518351078033447,0.35365402698516846
123,C2,1281,0.2790524661540985,0.35083138942718506
123,C2,1282,0.22242513298988342,0.3034895062446594
123,C2,1283,0.23393014073371887,0.31431660056114197
123,C2,1284,0.22243869304656982,0.29985499382019043
123,C2,1285,0.2553088665008545,0.33497247099876404
123,C2,1286,0.2783352732658386,0.3396199941635132
123,C2,1287,0.2751652002334595,0.34184956550598145
123,C2,1288,0.2308582067489624,0.302625834941864
123,C2,1289,0.2652994692325592,0.3533599078655243
123,C2,1290,0.27831321954727173,0.3646200895309448
123,C2,1291,0.27375131845474243,0.35603776574134827
123,C2,1292,0.2200239896774292,0.2990916669368744
123,C2,1293,0.20844052731990814,0.2847311198711395
123,C2,1294,0.258952260017395,0.3498094081878662
123,C2,1295,0.22467374801635742,0.28353554010391235
123,C2,1296,0.22166192531585693,0.30385127663612366
123,C2,1297,0.2712688744068146,0.3418431878089905
123,C2,1298,0.1946743130683899,0.27376681566238403
123,C2,1299,0.19499161839485168,0.27017301321029663
123,C2,1300,0.23873013257980347,0.30476656556129456
123,C2,1301,0.20838937163352966,0.28383970260620117
123,C2,1302,0.25065141916275024,0.3323804438114166
123,C2,1303,0.20847748219966888,0.2843196392059326
123,C2,1304,0.30264219641685486,0.3725118935108185
123,C2,1305,0.22662097215652466,0.32567161321640015
123,C2,1306,0.16499632596969604,0.23517732322216034
123,C2,1307,0.3035619258880615,0.3867059350013733
123,C2,1308,0.3033490478992462,0.38062137365341187
123,C2,1309,0.2723487615585327,0.35146796703338623
123,C2,1310,0.25821858644485474,0.333527147769928
123,C2,1311,0.27661025524139404,0.3480660915374756
123,C2,1312,0.25111719965934753,0.31775403022766113
123,C2,1313,0.1610124111175537,0.2258891463279724
123,C2,1314,0.22765615582466125,0.3043596148490906
123,C2,1315,0.2660122811794281,0.3505243957042694
123,C2,1316,0.32250332832336426,0.3859248161315918
123,C2,1317,0.26825448870658875,0.33920371532440186
123,C2,1318,0.23103374242782593,0.32487156987190247
123,C2,1319,0.21011106669902802,0.2930288314819336
123,C2,1320,0.22127887606620789,0.287081778049469
123,C2,1321,0.2220049798488617,0.3021624982357025
123,C2,1322,0.25283798575401306,0.32431894540786743
123,C2,1323,0.2387107014656067,0.3385738432407379
123,C2,1324,0.3034154772758484,0.39104384183883667
123,C2,1325,0.2559448480606079,0.3509981632232666
123,C2,1326,0.26486754417419434,0.3306237459182739
123,C2,1327,0.2286430299282074,0.3030439615249634
123,C2,1328,0.2996547222137451,0.3935890197753906
123,C2,1329,0.16798947751522064,0.23129364848136902
123,C2,1330,0.25339096784591675,0.3403627276420593
123,C2,1331,0.21403786540031433,0.28260424733161926
123,C2,1332,0.20566025376319885,0.25175607204437256
123,C2,1333,0.22205588221549988,0.2906290888786316
123,C2,1334,0.2283370941877365,0.3040953576564789
123,C2,1335,0.2759808301925659,0.3651209771633148
123,C2,1336,0.18286868929862976,0.23349428176879883
123,C2,1337,0.23828014731407166,0.3208479583263397
123,C2,1338,0.2499663233757019,0.3349972367286682
123,C2,1339,0.2378634810447693,0.31370311975479126
123,C2,1340,0.27619194984436035,0.3585289716720581
123,C2,1341,0.28024807572364807,0.35224831104278564
123,C2,1342,0.25243955850601196,0.33954688906669617
123,C2,1343,0.2065066397190094,0.286727637052536
123,C2,1344,0.18186010420322418,0.249574214220047
123,C2,1345,0.19142305850982666,0.2636892795562744
123,C2,1346,0.29692402482032776,0.36708980798721313
123,C2,1347,0.22492319345474243,0.3049803376197815
123,C2,1348,0.2202797681093216,0.30884143710136414
123,C2,1349,0.22149713337421417,0.3126026690006256
123,C2,1350,0.22596338391304016,0.2917907238006592
123,C2,1351,0.2338898777961731,0.32660743594169617
123,C2,1352,0.25646382570266724,0.31445837020874023
123,C2,1353,0.24077536165714264,0.3298792243003845
123,C2,1354,0.2224249243736267,0.2857288420200348
123,C2,1355,0.2751481831073761,0.3541741371154785
123,C2,1356,0.2209419310092926,0.30107298493385315
123,C2,1357,0.23353569209575653,0.2991716265678406
123,C2,1358,0.31950271129608154,0.4122300446033478
123,C2,1359,0.24966078996658325,0.3460766077041626
123,C2,1360,0.19089603424072266,0.25726762413978577
123,C2,1361,0.21834394335746765,0.29255253076553345
123,C2,1362,0.29576897621154785,0.3685535192489624
123,C2,1363,0.20802968740463257,0.2940751314163208
123,C2,1364,0.22672612965106964,0.3185886740684509
123,C2,1365,0.22837315499782562,0.3030056953430176
123,C2,1366,0.2953667640686035,0.3759981393814087
123,C2,1367,0.22610902786254883,0.31126898527145386
123,C2,1368,0.22814074158668518,0.288157194852829
123,C2,1369,0.24507661163806915,0.3295414447784424
123,C2,1370,0.24069693684577942,0.3153911530971527
123,C2,1371,0.1947828084230423,0.28198713064193726
123,C2,1372,0.2210884541273117,0.2953711152076721
123,C2,1373,0.22373512387275696,0.30275991559028625
123,C2,1374,0.19200243055820465,0.2570776641368866
123,C2,1375,0.24527373909950256,0.32704293727874756
123,C2,1376,0.23619207739830017,0.30817490816116333
123,C2,1377,0.209695965051651,0.2832353115081787
123,C2,1378,0.22493557631969452,0.29911237955093384
123,C2,1379,0.2373705506324768,0.3014681935310364
123,C2,1380,0.24185077846050262,0.31171715259552
123,C2,1381,0.29624417424201965,0.38329920172691345
123,C2,1382,0.2578137516975403,0.32654526829719543
123,C2,1383,0.2540278434753418,0.33928564190864563
123,C2,1384,0.20140936970710754,0.280307799577713
123,C2,1385,0.24602589011192322,0.33578115701675415
123,C2,1386,0.191544771194458,0.27979618310928345
123,C2,1387,0.2606695294380188,0.35915684700012207
123,C2,1388,0.26845210790634155,0.34405532479286194
123,C2,1389,0.24273905158042908,0.3170648217201233
123,C2,1390,0.20930610597133636,0.2975042164325714
123,C2,1391,0.18243423104286194,0.25021758675575256
123,C2,1392,0.20309457182884216,0.27193230390548706
123,C2,1393,0.22727549076080322,0.3075181543827057
123,C2,1394,0.20666621625423431,0.2875480651855469
123,C2,1395,0.2426644265651703,0.3190806806087494
123,C2,1396,0.2117377072572708,0.2906079888343811
123,C2,1397,0.2785629630088806,0.3637429475784302
123,C2,1398,0.2032472938299179,0.2741435468196869
123,C2,1399,0.22393763065338135,0.286448210477829
123,C2,1400,0.26043200492858887,0.33012208342552185
123,C2,1401,0.2607557475566864,0.3377585709095001
123,C2,1402,0.14173230528831482,0.20861849188804626
123,C2,1403,0.18811094760894775,0.2522963881492615
123,C2,1404,0.29727253317832947,0.3956065773963928
123,C2,1405,0.1973666548728943,0.2827429175376892
123,C2,1406,0.19566449522972107,0.2779730260372162
123,C2,1407,0.23861370980739594,0.3312036097049713
123,C2,1408,0.2021651417016983,0.3014809489250183
123,C2,1409,0.2647104561328888,0.3502405285835266
123,C2,1410,0.2080228477716446,0.26703622937202454
123,C2,1411,0.24388530850410461,0.3307253420352936
123,C2,1412,0.23304221034049988,0.3154642581939697
123,C2,1413,0.257802277803421,0.3465912640094757
123,C2,1414,0.2491941899061203,0.32696887850761414
123,C2,1415,0.25848326086997986,0.32602670788764954
123,C2,1416,0.23254947364330292,0.3160829544067383
123,C2,1417,0.2995761036872864,0.37963324785232544
123,C2,1418,0.24074843525886536,0.3284763693809509
123,C2,1419,0.23342140018939972,0.3200452923774719
123,C2,1420,0.21328109502792358,0.26590991020202637
123,C2,1421,0.26235997676849365,0.3424530625343323
123,C2,1422,0.26019400358200073,0.33263203501701355
123,C2,1423,0.23843888938426971,0.3144867718219757
123,C2,1424,0.2176404893398285,0.26413872838020325
123,C2,1425,0.19133709371089935,0.26337873935699463
123,C2,1426,0.21182957291603088,0.3001604676246643
123,C2,1427,0.22394651174545288,0.3088136911392212
123,C2,1428,0.1835145801305771,0.2601902484893799
123,C2,1429,0.21883539855480194,0.29659420251846313
123,C2,1430,0.21679985523223877,0.330811083316803
123,C2,1431,0.2756386995315552,0.36541467905044556
123,C2,1432,0.21719667315483093,0.3013691306114197
123,C2,1433,0.2213519811630249,0.2929546535015106
123,C2,1434,0.24044184386730194,0.31748634576797485
123,C2,1435,0.23969194293022156,0.3119616210460663
123,C2,1436,0.21096760034561157,0.2925896644592285
123,C2,1437,0.20260187983512878,0.28926658630371094
123,C2,1438,0.2223702371120453,0.296109139919281
123,C2,1439,0.25669243931770325,0.3317420184612274
123,C2,1440,0.2915938198566437,0.37438493967056274
123,C2,1441,0.21055327355861664,0.2911780774593353
123,C2,1442,0.2559352219104767,0.33934909105300903
123,C2,1443,0.28359273076057434,0.37523123621940613
123,C2,1444,0.25166288018226624,0.33012452721595764
123,C2,1445,0.22531288862228394,0.3061388432979584
123,C2,1446,0.27620095014572144,0.36764344573020935
123,C2,1447,0.19368615746498108,0.27052420377731323
123,C2,1448,0.206798255443573,0.2846873998641968
123,C2,1449,0.2342061698436737,0.32034748792648315
123,C2,1450,0.2511739134788513,0.32911038398742676
123,C2,1451,0.21903255581855774,0.2972719371318817
123,C2,1452,0.28886428475379944,0.36622154712677
123,C2,1453,0.2548641562461853,0.347307950258255
123,C2,1454,0.2239696979522705,0.2986324429512024
123,C2,1455,0.23840349912643433,0.3179103136062622
123,C2,1456,0.2597905993461609,0.34144341945648193
123,C2,1457,0.21995170414447784,0.29048195481300354
123,C2,1458,0.27314549684524536,0.35008108615875244
123,C2,1459,0.1653081327676773,0.2457733154296875
123,C2,1460,0.2162553369998932,0.3181365728378296
123,C2,1461,0.20244455337524414,0.2850947082042694
123,C2,1462,0.23266813158988953,0.3040204346179962
123,C2,1463,0.2860126495361328,0.3733120560646057
123,C2,1464,0.25545430183410645,0.3096403479576111
123,C2,1465,0.21281883120536804,0.2883152365684509
123,C2,1466,0.2293730229139328,0.3126443922519684
123,C2,1467,0.2267027199268341,0.31529977917671204
123,C2,1468,0.2269054502248764,0.29488205909729004
123,C2,1469,0.19639098644256592,0.26806527376174927
123,C2,1470,0.2772625684738159,0.36157867312431335
123,C2,1471,0.2296687662601471,0.30935078859329224
123,C2,1472,0.24324315786361694,0.3153655529022217
123,C2,1473,0.22206822037696838,0.2920389771461487
123,C2,1474,0.20652875304222107,0.28015753626823425
123,C2,1475,0.2508297562599182,0.33712875843048096
123,C2,1476,0.21738192439079285,0.27907222509384155
123,C2,1477,0.22362621128559113,0.31576377153396606
123,C2,1478,0.23479071259498596,0.31528642773628235
123,C2,1479,0.19435259699821472,0.2551349401473999
123,C2,1480,0.20521396398544312,0.2802775502204895
123,C2,1481,0.27256038784980774,0.3638286292552948
123,C2,1482,0.3509505093097687,0.42606350779533386
123,C2,1483,0.3483846187591553,0.4239124059677124
123,C2,1484,0.20855526626110077,0.25885412096977234
123,C2,1485,0.23504456877708435,0.3113359808921814
123,C2,1486,0.22397777438163757,0.30449455976486206
123,C2,1487,0.28681549429893494,0.37646040320396423
123,C2,1488,0.2328365296125412,0.31334540247917175
123,C2,1489,0.21128162741661072,0.2874404191970825
123,C2,1490,0.24413880705833435,0.32124507427215576
123,C2,1491,0.22921434044837952,0.2913734018802643
123,C2,1492,0.21504418551921844,0.2829052805900574
123,C2,1493,0.21093639731407166,0.28034135699272156
123,C2,1494,0.2386603057384491,0.3143021762371063
123,C2,1495,0.2199106365442276,0.2886682152748108
123,C2,1496,0.20986418426036835,0.2948164939880371
123,C2,1497,0.23739956319332123,0.330909788608551
123,C2,1498,0.22594399750232697,0.3029322028160095
123,C2,1499,0.2380106896162033,0.32040345668792725
123,C2,1500,0.2642500698566437,0.334604948759079
123,C2,1501,0.25100523233413696,0.3256782591342926
123,C2,1502,0.28654423356056213,0.36904358863830566
123,C2,1503,0.21616706252098083,0.2797812223434448
123,C2,1504,0.24457311630249023,0.312473863363266
123,C2,1505,0.22897887229919434,0.3198918104171753
123,C2,1506,0.22444584965705872,0.30033451318740845
123,C2,1507,0.24510055780410767,0.31082063913345337
123,C2,1508,0.22442638874053955,0.29843276739120483
123,C2,1509,0.2516893446445465,0.3501049876213074
123,C2,1510,0.28624606132507324,0.38163501024246216
123,C2,1511,0.27302688360214233,0.35770782828330994
123,C2,1512,0.23731032013893127,0.2983209788799286
123,C2,1513,0.23064088821411133,0.30267345905303955
123,C2,1514,0.2112366259098053,0.30695581436157227
123,C2,1515,0.16857413947582245,0.23794560134410858
123,C2,1516,0.2345806062221527,0.32910966873168945
123,C2,1517,0.20845164358615875,0.290306031703949
123,C2,1518,0.16231510043144226,0.22788569331169128
123,C2,1519,0.2301965355873108,0.30532306432724
123,C2,1520,0.253923237323761,0.33069300651550293
123,C2,1521,0.2580034136772156,0.33170273900032043
123,C2,1522,0.2535400688648224,0.304863840341568
123,C2,1523,0.24618500471115112,0.3321693539619446
123,C2,1524,0.25294384360313416,0.33110442757606506
123,C2,1525,0.2813863456249237,0.34855377674102783
123,C2,1526,0.2301502823829651,0.30700063705444336
123,C2,1527,0.284656822681427,0.3583222031593323
123,C2,1528,0.25670114159584045,0.31561365723609924
123,C2,1529,0.1930263340473175,0.2755886912345886
123,C2,1530,0.17361629009246826,0.2294146716594696
123,C2,1531,0.252130925655365,0.3508143126964569
123,C2,1532,0.252180278301239,0.3373243808746338
123,C2,1533,0.30768322944641113,0.3742244839668274
123,C2,1534,0.21415139734745026,0.3099352717399597
123,C2,1535,0.22355231642723083,0.2875804901123047
123,C2,1536,0.19318965077400208,0.2834530472755432
123,C2,1537,0.2439717799425125,0.3361184000968933
123,C2,1538,0.18055449426174164,0.26061922311782837
123,C2,1539,0.20076394081115723,0.2805651128292084
123,C2,1540,0.2462669163942337,0.3294423222541809
123,C2,1541,0.2307324856519699,0.31049609184265137
123,C2,1542,0.24355919659137726,0.3305492401123047
123,C2,1543,0.26512324810028076,0.3464439809322357
123,C2,1544,0.2469351589679718,0.33728352189064026
123,C2,1545,0.22158731520175934,0.2842167317867279
123,C2,1546,0.20969170331954956,0.2696860134601593
123,C2,1547,0.2654682993888855,0.35021495819091797
123,C2,1548,0.17988720536231995,0.2593812644481659
123,C2,1549,0.2568821907043457,0.333160400390625
123,C2,1550,0.23090824484825134,0.3205246925354004
123,C2,1551,0.1584244668483734,0.22246462106704712
123,C2,1552,0.23767510056495667,0.31623420119285583
123,C2,1553,0.2745186686515808,0.34858238697052
123,C2,1554,0.2785961627960205,0.35341060161590576
123,C2,1555,0.2326325923204422,0.30630797147750854
123,C2,1556,0.24292312562465668,0.3272942900657654
123,C2,1557,0.1800735890865326,0.2691936492919922
123,C2,1558,0.20635059475898743,0.286650687456131
123,C2,1559,0.24142640829086304,0.3209691345691681
123,C2,1560,0.21461549401283264,0.278779000043869
123,C2,1561,0.2571929693222046,0.3268871009349823
123,C2,1562,0.1933670938014984,0.26831552386283875
123,C2,1563,0.25441592931747437,0.3457185626029968
123,C2,1564,0.24142426252365112,0.3216974139213562
123,C2,1565,0.2571832537651062,0.35080885887145996
123,C2,1566,0.25795233249664307,0.33874398469924927
123,C2,1567,0.19975541532039642,0.2786012589931488
123,C2,1568,0.29337453842163086,0.376156210899353
123,C2,1569,0.21619895100593567,0.2991555333137512
123,C2,1570,0.2245374321937561,0.31414008140563965
123,C2,1571,0.1939852386713028,0.27691590785980225
123,C2,1572,0.19448719918727875,0.27608397603034973
123,C2,1573,0.20375889539718628,0.2789849638938904
123,C2,1574,0.22970464825630188,0.29396960139274597
123,C2,1575,0.20774808526039124,0.311207115650177
123,C2,1576,0.20643921196460724,0.2951752245426178
123,C2,1577,0.22823703289031982,0.30114829540252686
123,C2,1578,0.22417855262756348,0.3060624897480011
123,C2,1579,0.23675984144210815,0.328791081905365
123,C2,1580,0.25281381607055664,0.3172479271888733
123,C2,1581,0.20155933499336243,0.27753549814224243
123,C2,1582,0.30990278720855713,0.3978273570537567
123,C2,1583,0.2586565613746643,0.338644802570343
123,C2,1584,0.18940013647079468,0.2648059129714966
123,C2,1585,0.2877466380596161,0.37623417377471924
123,C2,1586,0.2322121262550354,0.3265751898288727
123,C2,1587,0.2079731822013855,0.27606773376464844
123,C2,1588,0.27308937907218933,0.34275510907173157
123,C2,1589,0.22229182720184326,0.31228259205818176
123,C2,1590,0.22898539900779724,0.30442559719085693
123,C2,1591,0.25487905740737915,0.3469320833683014
123,C2,1592,0.22530533373355865,0.3284866511821747
123,C2,1593,0.19561725854873657,0.26277807354927063
123,C2,1594,0.21226662397384644,0.2728919982910156
123,C2,1595,0.2535456418991089,0.31906211376190186
123,C2,1596,0.23892326653003693,0.31680506467819214
123,C2,1597,0.23819494247436523,0.3221544921398163
123,C2,1598,0.31161659955978394,0.40069037675857544
123,C2,1599,0.2262619435787201,0.2882312536239624
123,C2,1600,0.21886244416236877,0.29364922642707825
123,C2,1601,0.22145408391952515,0.3008863925933838
123,C2,1602,0.2563372254371643,0.3470029830932617
123,C2,1603,0.20031002163887024,0.28785011172294617
123,C2,1604,0.23626470565795898,0.3310214579105377
123,C2,1605,0.20352831482887268,0.2853311598300934
123,C2,1606,0.19968074560165405,0.28213992714881897
123,C2,1607,0.23312070965766907,0.3137459456920624
123,C2,1608,0.17703372240066528,0.24672983586788177
123,C2,1609,0.2611905634403229,0.32768353819847107
123,C2,1610,0.28007006645202637,0.36926108598709106
123,C2,1611,0.261089563369751,0.3411785960197449
123,C2,1612,0.16477225720882416,0.2227221578359604
123,C2,1613,0.22966937720775604,0.30018776655197144
123,C2,1614,0.2152504026889801,0.2796863913536072
123,C2,1615,0.2686631977558136,0.3543795347213745
123,C2,1616,0.2126350700855255,0.2914354205131531
123,C2,1617,0.27219152450561523,0.34589076042175293
123,C2,1618,0.19415803253650665,0.2553746700286865
123,C2,1619,0.2729182243347168,0.3490142524242401
123,C2,1620,0.25188058614730835,0.3184816539287567
123,C2,1621,0.23747648298740387,0.3065032660961151
123,C2,1622,0.20841684937477112,0.2913578450679779
123,C2,1623,0.2074803113937378,0.2809411287307739
123,C2,1624,0.29334238171577454,0.38081827759742737
123,C2,1625,0.19703423976898193,0.27556806802749634
123,C2,1626,0.22225654125213623,0.28931671380996704
123,C2,1627,0.19869661331176758,0.2576688230037689
123,C2,1628,0.26643407344818115,0.3589302897453308
123,C2,1629,0.2552819848060608,0.33736151456832886
123,C2,1630,0.14870673418045044,0.20702087879180908
123,C2,1631,0.23031803965568542,0.295695424079895
123,C2,1632,0.21095778048038483,0.2849210500717163
123,C2,1633,0.18994250893592834,0.27779126167297363
123,C2,1634,0.2808026969432831,0.368850976228714
123,C2,1635,0.2759612500667572,0.3627353012561798
123,C2,1636,0.20946994423866272,0.2883974015712738
123,C2,1637,0.20455534756183624,0.2918606996536255
123,C2,1638,0.20741647481918335,0.300144225358963
123,C2,1639,0.2285933792591095,0.30600324273109436
123,C2,1640,0.21568997204303741,0.29387548565864563
123,C2,1641,0.2875511944293976,0.3567224144935608
123,C2,1642,0.24747580289840698,0.33674272894859314
123,C2,1643,0.2532472610473633,0.34139251708984375
123,C2,1644,0.20294860005378723,0.26471585035324097
123,C2,1645,0.19759486615657806,0.2680675983428955
123,C2,1646,0.3033680319786072,0.38990217447280884
123,C2,1647,0.24101145565509796,0.33369651436805725
123,C2,1648,0.20796707272529602,0.2796432375907898
123,C2,1649,0.19513964653015137,0.281398743391037
123,C2,1650,0.21067509055137634,0.2878434956073761
123,C2,1651,0.2405804693698883,0.30976855754852295
123,C2,1652,0.24263043701648712,0.31556472182273865
123,C2,1653,0.2574867904186249,0.33189645409584045
123,C2,1654,0.24540908634662628,0.3206418752670288
123,C2,1655,0.26408252120018005,0.3304305076599121
123,C2,1656,0.2095552235841751,0.3140224814414978
123,C2,1657,0.23068225383758545,0.31023818254470825
123,C2,1658,0.2608397305011749,0.34005194902420044
123,C2,1659,0.2535262107849121,0.31653711199760437
123,C2,1660,0.28196945786476135,0.3627788722515106
123,C2,1661,0.23939967155456543,0.30591660737991333
123,C2,1662,0.2416311502456665,0.31627729535102844
123,C2,1663,0.24776826798915863,0.3360450267791748
123,C2,1664,0.24834080040454865,0.3240843117237091
123,C2,1665,0.23723307251930237,0.3312905728816986
123,C2,1666,0.2448759526014328,0.3261386752128601
123,C2,1667,0.23685288429260254,0.33480104804039
123,C2,1668,0.28637075424194336,0.3524725139141083
123,C2,1669,0.18314498662948608,0.26717695593833923
123,C2,1670,0.22538411617279053,0.29697850346565247
123,C2,1671,0.20399750769138336,0.26892444491386414
123,C2,1672,0.2273665964603424,0.2964214086532593
123,C2,1673,0.1805078685283661,0.2484479397535324
123,C2,1674,0.19331103563308716,0.2542811632156372
123,C2,1675,0.2742233872413635,0.35532650351524353
123,C2,1676,0.23814406991004944,0.3274720013141632
123,C2,1677,0.2137654721736908,0.289774626493454
123,C2,1678,0.24038341641426086,0.30028006434440613
123,C2,1679,0.25914329290390015,0.3468751311302185
123,C2,1680,0.20187976956367493,0.2663755714893341
123,C2,1681,0.2529599070549011,0.3360489010810852
123,C2,1682,0.19813954830169678,0.25711768865585327
123,C2,1683,0.28495439887046814,0.3548612892627716
123,C2,1684,0.23380935192108154,0.31981056928634644
123,C2,1685,0.17746971547603607,0.23181603848934174
123,C2,1686,0.21021030843257904,0.2835030257701874
123,C2,1687,0.19960889220237732,0.27420568466186523
123,C2,1688,0.26564422249794006,0.3455914556980133
123,C2,1689,0.21012139320373535,0.2965095043182373
123,C2,1690,0.2347109317779541,0.31115978956222534
123,C2,1691,0.20166951417922974,0.28185755014419556
123,C2,1692,0.261797159910202,0.3350916802883148
123,C2,1693,0.19253009557724,0.256805419921875
123,C2,1694,0.24266692996025085,0.3375394940376282
123,C2,1695,0.2593940496444702,0.3715604245662689
123,C2,1696,0.28945600986480713,0.354987233877182
123,C2,1697,0.2523689568042755,0.3178972899913788
123,C2,1698,0.21552510559558868,0.28839272260665894
123,C2,1699,0.2063950002193451,0.27322328090667725
123,C2,1700,0.2175193578004837,0.2745033800601959
123,C2,1701,0.2055477499961853,0.277726411819458
123,C2,1702,0.26136600971221924,0.33711686730384827
123,C2,1703,0.252177357673645,0.33375316858291626
123,C2,1704,0.2654159665107727,0.34454286098480225
123,C2,1705,0.21989716589450836,0.27966684103012085
123,C2,1706,0.28286975622177124,0.3537096381187439
123,C2,1707,0.22338739037513733,0.2972421646118164
123,C2,1708,0.2385496199131012,0.3154519498348236
123,C2,1709,0.20927229523658752,0.26371705532073975
123,C2,1710,0.26711127161979675,0.33722665905952454
123,C2,1711,0.20571669936180115,0.27368035912513733
123,C2,1712,0.27644094824790955,0.3442716598510742
123,C2,1713,0.2855258882045746,0.3702866733074188
123,C2,1714,0.23344436287879944,0.3164338171482086
123,C2,1715,0.24535146355628967,0.31298065185546875
123,C2,1716,0.20014816522598267,0.2823415994644165
123,C2,1717,0.2558238208293915,0.336269736289978
123,C2,1718,0.24420225620269775,0.3170205354690552
123,C2,1719,0.2007276713848114,0.2894367575645447
123,C2,1720,0.2439340054988861,0.32107996940612793
123,C2,1721,0.24268466234207153,0.3000905215740204
123,C2,1722,0.20492199063301086,0.28263944387435913
123,C2,1723,0.18714775145053864,0.2724608778953552
123,C2,1724,0.30218806862831116,0.3829714059829712
123,C2,1725,0.2604495882987976,0.33294326066970825
123,C2,1726,0.262579083442688,0.3403228223323822
123,C2,1727,0.27602672576904297,0.3490777611732483
123,C2,1728,0.24055123329162598,0.3215128183364868
123,C2,1729,0.22473488748073578,0.29473018646240234
123,C2,1730,0.2624549865722656,0.3550695776939392
123,C2,1731,0.23835410177707672,0.31990623474121094
123,C2,1732,0.266593873500824,0.3482719957828522
123,C2,1733,0.25575703382492065,0.3513217270374298
123,C2,1734,0.1939278542995453,0.2842923402786255
123,C2,1735,0.27274662256240845,0.3556329309940338
123,C2,1736,0.23202857375144958,0.32224562764167786
123,C2,1737,0.18491366505622864,0.2624445855617523
123,C2,1738,0.2315748929977417,0.3012571930885315
123,C2,1739,0.22384333610534668,0.3168645203113556
123,C2,1740,0.2793887257575989,0.3461850583553314
123,C2,1741,0.15729302167892456,0.20573210716247559
123,C2,1742,0.23143303394317627,0.30656319856643677
123,C2,1743,0.29834428429603577,0.36172956228256226
123,C2,1744,0.2293601632118225,0.3143121600151062
123,C2,1745,0.17795157432556152,0.24698740243911743
123,C2,1746,0.22183218598365784,0.2962358891963959
123,C2,1747,0.22202593088150024,0.30455344915390015
123,C2,1748,0.23651522397994995,0.31540170311927795
123,C2,1749,0.23847799003124237,0.31626516580581665
123,C2,1750,0.2722892165184021,0.34289345145225525
123,C2,1751,0.2587548494338989,0.3434833884239197
123,C2,1752,0.15010301768779755,0.2205883264541626
123,C2,1753,0.22109240293502808,0.31743568181991577
123,C2,1754,0.2430368810892105,0.3030909299850464
123,C2,1755,0.1691116988658905,0.229120135307312
123,C2,1756,0.21274659037590027,0.28921183943748474
123,C2,1757,0.24047861993312836,0.3181731104850769
123,C2,1758,0.268593430519104,0.3468395173549652
123,C2,1759,0.2858656644821167,0.36415916681289673
123,C2,1760,0.20977655053138733,0.2738892734050751
123,C2,1761,0.2694768011569977,0.337662935256958
123,C2,1762,0.23714585602283478,0.3205481469631195
123,C2,1763,0.23058077692985535,0.29102823138237
123,C2,1764,0.2037135511636734,0.2930288016796112
123,C2,1765,0.24309052526950836,0.3048642873764038
123,C2,1766,0.27450960874557495,0.35738396644592285
123,C2,1767,0.23819583654403687,0.3108130991458893
123,C2,1768,0.20374958217144012,0.27299535274505615
123,C2,1769,0.2271682173013687,0.2966082692146301
123,C2,1770,0.23144614696502686,0.29324573278427124
123,C2,1771,0.2518833577632904,0.3367000222206116
123,C2,1772,0.2761499881744385,0.36845290660858154
123,C2,1773,0.19788247346878052,0.27818983793258667
123,C2,1774,0.23080557584762573,0.3200002908706665
123,C2,1775,0.18619981408119202,0.2541682720184326
123,C2,1776,0.23210099339485168,0.3279179632663727
123,C2,1777,0.254768967628479,0.33420228958129883
123,C2,1778,0.2564493417739868,0.32240092754364014
123,C2,1779,0.2402610182762146,0.30949023365974426
123,C2,1780,0.22793953120708466,0.3051982522010803
123,C2,1781,0.24609944224357605,0.3279140591621399
123,C2,1782,0.30350732803344727,0.3797939121723175
123,C2,1783,0.2365685999393463,0.3078118860721588
123,C2,1784,0.2176593691110611,0.29849496483802795
123,C2,1785,0.24803000688552856,0.3112378716468811
123,C2,1786,0.20214064419269562,0.2872152030467987
123,C2,1787,0.21080893278121948,0.2819485068321228
123,C2,1788,0.2239670753479004,0.28584814071655273
123,C2,1789,0.2808285653591156,0.3628455400466919
123,C2,1790,0.2551862597465515,0.3374752402305603
123,C2,1791,0.22341632843017578,0.27992042899131775
123,C2,1792,0.26154637336730957,0.34593260288238525
123,C2,1793,0.2406938076019287,0.3251483142375946
123,C2,1794,0.2443658411502838,0.3303613066673279
123,C2,1795,0.2681370973587036,0.34659698605537415
123,C2,1796,0.20020407438278198,0.2699378728866577
123,C2,1797,0.20201337337493896,0.2756023108959198
123,C2,1798,0.23415599763393402,0.30117735266685486
123,C2,1799,0.25501903891563416,0.3220859467983246
123,C2,1800,0.22154958546161652,0.3252395987510681
123,C2,1801,0.2167203575372696,0.29991281032562256
123,C2,1802,0.19618633389472961,0.2857803702354431
123,C2,1803,0.26477470993995667,0.33848321437835693
123,C2,1804,0.2653033435344696,0.3426346778869629
123,C2,1805,0.22658953070640564,0.30167657136917114
123,C2,1806,0.24407008290290833,0.32481080293655396
123,C2,1807,0.22338753938674927,0.29147574305534363
123,C2,1808,0.21603164076805115,0.2866142988204956
123,C2,1809,0.2669622600078583,0.3425932228565216
123,C2,1810,0.2772578299045563,0.36486342549324036
123,C2,1811,0.2945519983768463,0.3637044131755829
123,C2,1812,0.27678897976875305,0.34517902135849
123,C2,1813,0.26114141941070557,0.35313692688941956
123,C2,1814,0.20001168549060822,0.27699512243270874
123,C2,1815,0.21976013481616974,0.2764626145362854
123,C2,1816,0.21261388063430786,0.2909625768661499
123,C2,1817,0.1930663287639618,0.2751561105251312
123,C2,1818,0.20151787996292114,0.2824922800064087
123,C2,1819,0.21566686034202576,0.3055492341518402
123,C2,1820,0.25142809748649597,0.33057379722595215
123,C2,1821,0.21314078569412231,0.2906336784362793
123,C2,1822,0.2719150185585022,0.3512205481529236
123,C2,1823,0.27752265334129333,0.3589068055152893
123,C2,1824,0.267486572265625,0.32803380489349365
123,C2,1825,0.17828461527824402,0.2498069554567337
123,C2,1826,0.2759672999382019,0.3680378198623657
123,C2,1827,0.23754534125328064,0.32560381293296814
123,C2,1828,0.2364838570356369,0.30550482869148254
123,C2,1829,0.29108184576034546,0.3719994127750397
123,C2,1830,0.2356862723827362,0.32136911153793335
123,C2,1831,0.23692819476127625,0.3101997673511505
123,C2,1832,0.2149810492992401,0.3001507818698883
123,C2,1833,0.17191852629184723,0.24542364478111267
123,C2,1834,0.20543590188026428,0.2832978665828705
123,C2,1835,0.20240846276283264,0.2858828008174896
123,C2,1836,0.257633775472641,0.3416667878627777
123,C2,1837,0.2285652458667755,0.3097270429134369
123,C2,1838,0.19689974188804626,0.264476478099823
123,C2,1839,0.1941441148519516,0.2824023962020874
123,C2,1840,0.2136385142803192,0.3009326756000519
123,C2,1841,0.24395504593849182,0.32637259364128113
123,C2,1842,0.2238517850637436,0.29424193501472473
123,C2,1843,0.2429065704345703,0.31326737999916077
123,C2,1844,0.2783902883529663,0.3487318754196167
123,C2,1845,0.2670847773551941,0.349605917930603
123,C2,1846,0.18954119086265564,0.24716618657112122
123,C2,1847,0.2659040093421936,0.3374369740486145
123,C2,1848,0.2528565526008606,0.3177682161331177
123,C2,1849,0.22047123312950134,0.29237988591194153
123,C2,1850,0.22561097145080566,0.2937566637992859
123,C2,1851,0.21127015352249146,0.28585928678512573
123,C2,1852,0.23708398640155792,0.3341732919216156
123,C2,1853,0.18902698159217834,0.28118276596069336
123,C2,1854,0.25157663226127625,0.33036625385284424
123,C2,1855,0.25365665555000305,0.33955392241477966
123,C2,1856,0.21892622113227844,0.30550485849380493
123,C2,1857,0.21560364961624146,0.29092779755592346
123,C2,1858,0.2072555124759674,0.29017484188079834
123,C2,1859,0.22261455655097961,0.2911721467971802
123,C2,1860,0.25676584243774414,0.34198862314224243
123,C2,1861,0.263543963432312,0.34372174739837646
123,C2,1862,0.22424925863742828,0.2922138273715973
123,C2,1863,0.21544945240020752,0.29409441351890564
123,C2,1864,0.2368740439414978,0.3096185624599457
123,C2,1865,0.2531178295612335,0.3245287835597992
123,C2,1866,0.2529900074005127,0.32218924164772034
123,C2,1867,0.23647966980934143,0.3084566295146942
123,C2,1868,0.28231287002563477,0.3792183995246887
123,C2,1869,0.24927638471126556,0.33676064014434814
123,C2,1870,0.2554895281791687,0.3405448794364929
123,C2,1871,0.262498140335083,0.34433513879776
123,C2,1872,0.233859583735466,0.3115265965461731
123,C2,1873,0.2209448516368866,0.28474611043930054
123,C2,1874,0.2272229641675949,0.3026260733604431
123,C2,1875,0.25781482458114624,0.33897414803504944
123,C2,1876,0.21088270843029022,0.2978297770023346
123,C2,1877,0.22811052203178406,0.2964157462120056
123,C2,1878,0.2307584136724472,0.32133549451828003
123,C2,1879,0.23947571218013763,0.32746315002441406
123,C2,1880,0.2324075698852539,0.3060641288757324
123,C2,1881,0.2566930949687958,0.32118186354637146
123,C2,1882,0.2052130103111267,0.2768213152885437
123,C2,1883,0.23948968946933746,0.3123890459537506
123,C2,1884,0.2439248263835907,0.32647567987442017
123,C2,1885,0.27128836512565613,0.35582494735717773
123,C2,1886,0.2185521125793457,0.2849128246307373
123,C2,1887,0.2285069227218628,0.2941330671310425
123,C2,1888,0.18316638469696045,0.24502545595169067
123,C2,1889,0.2652413249015808,0.3479638397693634
123,C2,1890,0.2701854109764099,0.3644932508468628
123,C2,1891,0.2684425115585327,0.35933688282966614
123,C2,1892,0.2622359097003937,0.3481779992580414
123,C2,1893,0.22540268301963806,0.3034633994102478
123,C2,1894,0.2251366376876831,0.30018168687820435
123,C2,1895,0.23229433596134186,0.30978065729141235
123,C2,1896,0.1883944422006607,0.26239195466041565
123,C2,1897,0.18993978202342987,0.27309805154800415
123,C2,1898,0.2095884084701538,0.28691205382347107
123,C2,1899,0.18686306476593018,0.254037082195282
123,C2,1900,0.2566201090812683,0.33317774534225464
123,C2,1901,0.18909960985183716,0.2797916531562805
123,C2,1902,0.2155957669019699,0.27931588888168335
123,C2,1903,0.2102431058883667,0.29823368787765503
123,C2,1904,0.20292487740516663,0.2807137668132782
123,C2,1905,0.24848179519176483,0.3181484639644623
123,C2,1906,0.24100995063781738,0.3020670711994171
123,C2,1907,0.25016680359840393,0.33378028869628906
123,C2,1908,0.22730162739753723,0.3134113550186157
123,C2,1909,0.21462002396583557,0.27971622347831726
123,C2,1910,0.24330002069473267,0.31675538420677185
123,C2,1911,0.16845136880874634,0.24978956580162048
123,C2,1912,0.2865077555179596,0.3609412908554077
123,C2,1913,0.2224109172821045,0.2791424095630646
123,C2,1914,0.2830051779747009,0.35167402029037476
123,C2,1915,0.18503479659557343,0.27355945110321045
123,C2,1916,0.19421708583831787,0.24873626232147217
123,C2,1917,0.2002764344215393,0.296009361743927
123,C2,1918,0.22629904747009277,0.31703561544418335
123,C2,1919,0.1641143411397934,0.22121191024780273
123,C2,1920,0.18929743766784668,0.2597983777523041
123,C2,1921,0.2628755271434784,0.33741849660873413
123,C2,1922,0.2501887083053589,0.33147433400154114
123,C2,1923,0.2505396902561188,0.328002393245697
123,C2,1924,0.28378039598464966,0.354038804769516
123,C2,1925,0.15082412958145142,0.21223299205303192
123,C2,1926,0.1981182098388672,0.2864452302455902
123,C2,1927,0.2572660446166992,0.35133135318756104
123,C2,1928,0.3094593584537506,0.37566620111465454
123,C2,1929,0.23473960161209106,0.3212854266166687
123,C2,1930,0.1954140067100525,0.2578815221786499
123,C2,1931,0.2230267971754074,0.30174487829208374
123,C2,1932,0.19410020112991333,0.28106606006622314
123,C2,1933,0.2518898844718933,0.31785187125205994
123,C2,1934,0.2292715162038803,0.3036196231842041
123,C2,1935,0.21357175707817078,0.2958478033542633
123,C2,1936,0.2521419823169708,0.34420982003211975
123,C2,1937,0.19594627618789673,0.26131367683410645
123,C2,1938,0.2266804426908493,0.29929763078689575
123,C2,1939,0.21903538703918457,0.307636022567749
123,C2,1940,0.2605002224445343,0.3505363464355469
123,C2,1941,0.2769712507724762,0.352944940328598
123,C2,1942,0.25162407755851746,0.32159551978111267
123,C2,1943,0.23212189972400665,0.3094208538532257
123,C2,1944,0.2601873278617859,0.3294546604156494
123,C2,1945,0.22061122953891754,0.2942507863044739
123,C2,1946,0.22235442698001862,0.29359230399131775
123,C2,1947,0.18157975375652313,0.2480425238609314
123,C2,1948,0.1907508373260498,0.2608993649482727
123,C2,1949,0.26205581426620483,0.3413829803466797
123,C2,1950,0.2355012595653534,0.2904976010322571
123,C2,1951,0.1957799196243286,0.27753758430480957
123,C2,1952,0.1792924702167511,0.2579324543476105
123,C2,1953,0.18160699307918549,0.24331355094909668
123,C2,1954,0.1658206284046173,0.22228506207466125
123,C2,1955,0.2028142511844635,0.27961108088493347
123,C2,1956,0.16566863656044006,0.22174237668514252
123,C2,1957,0.20611190795898438,0.27633941173553467
123,C2,1958,0.26029014587402344,0.33291369676589966
123,C2,1959,0.19880971312522888,0.2589452564716339
123,C2,1960,0.2326236516237259,0.29598090052604675
123,C2,1961,0.19768789410591125,0.28997695446014404
123,C2,1962,0.2596699595451355,0.3443722128868103
123,C2,1963,0.21487337350845337,0.28219619393348694
123,C2,1964,0.20738592743873596,0.25414928793907166
123,C2,1965,0.21829599142074585,0.3036400377750397
123,C2,1966,0.2486589252948761,0.33267223834991455
123,C2,1967,0.21920545399188995,0.3066614866256714
123,C2,1968,0.19368015229701996,0.2708067297935486
123,C2,1969,0.23685048520565033,0.31321632862091064
123,C2,1970,0.265647292137146,0.34110236167907715
123,C2,1971,0.21962428092956543,0.3048274517059326
123,C2,1972,0.22370728850364685,0.3218419551849365
123,C2,1973,0.25466421246528625,0.33831173181533813
123,C2,1974,0.23979178071022034,0.32446762919425964
123,C2,1975,0.2578808069229126,0.35726070404052734
123,C2,1976,0.20149660110473633,0.2742273807525635
123,C2,1977,0.20470266044139862,0.27137309312820435
123,C2,1978,0.28995418548583984,0.3616897463798523
123,C2,1979,0.20553058385849,0.2685328722000122
123,C2,1980,0.17059290409088135,0.23203197121620178
123,C2,1981,0.2743111252784729,0.3510705828666687
123,C2,1982,0.2396375834941864,0.33941134810447693
123,C2,1983,0.23802690207958221,0.30792301893234253
123,C2,1984,0.20733793079853058,0.3043769896030426
123,C2,1985,0.2776183485984802,0.35384178161621094
123,C2,1986,0.2341059446334839,0.32190176844596863
123,C2,1987,0.2556898295879364,0.32005733251571655
123,C2,1988,0.21022264659404755,0.26053524017333984
123,C2,1989,0.17430227994918823,0.24088531732559204
123,C2,1990,0.19771748781204224,0.26849618554115295
123,C2,1991,0.18426062166690826,0.24780747294425964
123,C2,1992,0.28321632742881775,0.3604487180709839
123,C2,1993,0.22882263362407684,0.3019701838493347
123,C2,1994,0.22011396288871765,0.30074602365493774
123,C2,1995,0.159245103597641,0.22837871313095093
123,C2,1996,0.2036643773317337,0.28416338562965393
123,C2,1997,0.23817682266235352,0.3184422552585602
123,C2,1998,0.19405482709407806,0.28115805983543396
123,C2,1999,0.26739171147346497,0.35563451051712036
123,C2,2000,0.23610879480838776,0.32017743587493896
42,C0,1,0.48260557651519775,0.48260557651519775
42,C0,2,0.4424591660499573,0.4424591660499573
42,C0,3,0.41367194056510925,0.41367194056510925
42,C0,4,0.40264683961868286,0.40264683961868286
42,C0,5,0.38190171122550964,0.38190171122550964
42,C0,6,0.38900458812713623,0.38900458812713623
42,C0,7,0.3889440894126892,0.3889440894126892
42,C0,8,0.3604162931442261,0.3604162931442261
42,C0,9,0.35359570384025574,0.35359570384025574
42,C0,10,0.3666748106479645,0.3666748106479645
42,C0,11,0.3136877119541168,0.3136877119541168
42,C0,12,0.293520987033844,0.293520987033844
42,C0,13,0.34271031618118286,0.34271031618118286
42,C0,14,0.30117833614349365,0.30117833614349365
42,C0,15,0.2937610149383545,0.2937610149383545
42,C0,16,0.3036274313926697,0.3036274313926697
42,C0,17,0.3107399344444275,0.3107399344444275
42,C0,18,0.3281944990158081,0.3281944990158081
42,C0,19,0.3025445342063904,0.3025445342063904
42,C0,20,0.38642746210098267,0.38642746210098267
42,C0,21,0.2919313609600067,0.2919313609600067
42,C0,22,0.27928781509399414,0.27928781509399414
42,C0,23,0.34939607977867126,0.34939607977867126
42,C0,24,0.3180297613143921,0.3180297613143921
42,C0,25,0.2635558247566223,0.2635558247566223
42,C0,26,0.3725370168685913,0.3725370168685913
42,C0,27,0.2866639494895935,0.2866639494895935
42,C0,28,0.3019566535949707,0.3019566535949707
42,C0,29,0.33769935369491577,0.33769935369491577
42,C0,30,0.35693079233169556,0.35693079233169556
42,C0,31,0.2544199526309967,0.2544199526309967
42,C0,32,0.33797842264175415,0.33797842264175415
42,C0,33,0.278400182723999,0.278400182723999
42,C0,34,0.34035253524780273,0.34035253524780273
42,C0,35,0.3380265235900879,0.3380265235900879
42,C0,36,0.33029747009277344,0.33029747009277344
42,C0,37,0.3487146198749542,0.3487146198749542
42,C0,38,0.2907918095588684,0.2907918095588684
42,C0,39,0.27006271481513977,0.27006271481513977
42,C0,40,0.3241881728172302,0.3241881728172302
42,C0,41,0.2812125086784363,0.2812125086784363
42,C0,42,0.3207397758960724,0.3207397758960724
42,C0,43,0.3164895176887512,0.3164895176887512
42,C0,44,0.3866480588912964,0.3866480588912964
42,C0,45,0.2981722950935364,0.2981722950935364
42,C0,46,0.35882553458213806,0.35882553458213806
42,C0,47,0.27933984994888306,0.27933984994888306
42,C0,48,0.2691875696182251,0.2691875696182251
42,C0,49,0.345207154750824,0.345207154750824
42,C0,50,0.24836592376232147,0.24836592376232147
42,C0,51,0.3041481673717499,0.3041481673717499
42,C0,52,0.3468167781829834,0.3468167781829834
42,C0,53,0.30755794048309326,0.30755794048309326
42,C0,54,0.3373573422431946,0.3373573422431946
42,C0,55,0.3439960181713104,0.3439960181713104
42,C0,56,0.29859626293182373,0.29859626293182373
42,C0,57,0.28149837255477905,0.28149837255477905
42,C0,58,0.32930493354797363,0.32930493354797363
42,C0,59,0.2944616377353668,0.2944616377353668
42,C0,60,0.32630473375320435,0.32630473375320435
42,C0,61,0.2983703017234802,0.2983703017234802
42,C0,62,0.2588841915130615,0.2588841915130615
42,C0,63,0.2913973033428192,0.2913973033428192
42,C0,64,0.26384109258651733,0.26384109258651733
42,C0,65,0.29743853211402893,0.29743853211402893
42,C0,66,0.3305699825286865,0.3305699825286865
42,C0,67,0.3576511740684509,0.3576511740684509
42,C0,68,0.259090781211853,0.259090781211853
42,C0,69,0.30536460876464844,0.30536460876464844
42,C0,70,0.25078272819519043,0.25078272819519043
42,C0,71,0.31215834617614746,0.31215834617614746
42,C0,72,0.3531385064125061,0.3531385064125061
42,C0,73,0.2769836485385895,0.2769836485385895
42,C0,74,0.2705853581428528,0.2705853581428528
42,C0,75,0.24589970707893372,0.24589970707893372
42,C0,76,0.25597041845321655,0.25597041845321655
42,C0,77,0.29048430919647217,0.29048430919647217
42,C0,78,0.23689565062522888,0.23689565062522888
42,C0,79,0.3560717701911926,0.3560717701911926
42,C0,80,0.3193241357803345,0.3193241357803345
42,C0,81,0.20097492635250092,0.20097492635250092
42,C0,82,0.24163132905960083,0.24163132905960083
42,C0,83,0.28539836406707764,0.28539836406707764
42,C0,84,0.2845337688922882,0.2845337688922882
42,C0,85,0.2969403862953186,0.2969403862953186
42,C0,86,0.1745692491531372,0.1745692491531372
42,C0,87,0.281536340713501,0.281536340713501
42,C0,88,0.33559295535087585,0.33559295535087585
42,C0,89,0.3500920236110687,0.3500920236110687
42,C0,90,0.30056363344192505,0.30056363344192505
42,C0,91,0.27819395065307617,0.27819395065307617
42,C0,92,0.31198909878730774,0.31198909878730774
42,C0,93,0.295797199010849,0.295797199010849
42,C0,94,0.327259361743927,0.327259361743927
42,C0,95,0.27645912766456604,0.27645912766456604
42,C0,96,0.2844010889530182,0.2844010889530182
42,C0,97,0.3230869174003601,0.3230869174003601
42,C0,98,0.23359322547912598,0.23359322547912598
42,C0,99,0.30223292112350464,0.30223292112350464
42,C0,100,0.25136739015579224,0.25136739015579224
42,C0,101,0.26949936151504517,0.26949936151504517
42,C0,102,0.2722092270851135,0.2722092270851135
42,C0,103,0.35413920879364014,0.35413920879364014
42,C0,104,0.3229828476905823,0.3229828476905823
42,C0,105,0.2745857536792755,0.2745857536792755
42,C0,106,0.31805020570755005,0.31805020570755005
42,C0,107,0.23314517736434937,0.23314517736434937
42,C0,108,0.2721262574195862,0.2721262574195862
42,C0,109,0.2619584798812866,0.2619584798812866
42,C0,110,0.26936623454093933,0.26936623454093933
42,C0,111,0.23665136098861694,0.23665136098861694
42,C0,112,0.3123859167098999,0.3123859167098999
42,C0,113,0.29599079489707947,0.29599079489707947
42,C0,114,0.25204718112945557,0.25204718112945557
42,C0,115,0.23522381484508514,0.23522381484508514
42,C0,116,0.24119436740875244,0.24119436740875244
42,C0,117,0.25959211587905884,0.25959211587905884
42,C0,118,0.293976753950119,0.293976753950119
42,C0,119,0.2923096716403961,0.2923096716403961
42,C0,120,0.272586464881897,0.272586464881897
42,C0,121,0.3014598786830902,0.3014598786830902
42,C0,122,0.26577699184417725,0.26577699184417725
42,C0,123,0.27105283737182617,0.27105283737182617
42,C0,124,0.2828715741634369,0.2828715741634369
42,C0,125,0.3072635233402252,0.3072635233402252
42,C0,126,0.21081146597862244,0.21081146597862244
42,C0,127,0.25762736797332764,0.25762736797332764
42,C0,128,0.23991259932518005,0.23991259932518005
42,C0,129,0.30252307653427124,0.30252307653427124
42,C0,130,0.2219131737947464,0.2219131737947464
42,C0,131,0.27985185384750366,0.27985185384750366
42,C0,132,0.2513403296470642,0.2513403296470642
42,C0,133,0.3179948925971985,0.3179948925971985
42,C0,134,0.33158808946609497,0.33158808946609497
42,C0,135,0.21709579229354858,0.21709579229354858
42,C0,136,0.32055583596229553,0.32055583596229553
42,C0,137,0.2609325647354126,0.2609325647354126
42,C0,138,0.22017517685890198,0.22017517685890198
42,C0,139,0.22719666361808777,0.22719666361808777
42,C0,140,0.2460131198167801,0.2460131198167801
42,C0,141,0.2854692041873932,0.2854692041873932
42,C0,142,0.22848856449127197,0.22848856449127197
42,C0,143,0.2225874364376068,0.2225874364376068
42,C0,144,0.2569007873535156,0.2569007873535156
42,C0,145,0.2324410080909729,0.2324410080909729
42,C0,146,0.2928723096847534,0.2928723096847534
42,C0,147,0.27391350269317627,0.27391350269317627
42,C0,148,0.2506861984729767,0.2506861984729767
42,C0,149,0.26794013381004333,0.26794013381004333
42,C0,150,0.2757939100265503,0.2757939100265503
42,C0,151,0.313866525888443,0.313866525888443
42,C0,152,0.19852565228939056,0.19852565228939056
42,C0,153,0.23386627435684204,0.23386627435684204
42,C0,154,0.2672111988067627,0.2672111988067627
42,C0,155,0.31322890520095825,0.31322890520095825
42,C0,156,0.3652586340904236,0.3652586340904236
42,C0,157,0.33912980556488037,0.33912980556488037
42,C0,158,0.2833840847015381,0.2833840847015381
42,C0,159,0.3782165050506592,0.3782165050506592
42,C0,160,0.29416897892951965,0.29416897892951965
42,C0,161,0.3708944618701935,0.3708944618701935
42,C0,162,0.2510606646537781,0.2510606646537781
42,C0,163,0.34276270866394043,0.34276270866394043
42,C0,164,0.2802239954471588,0.2802239954471588
42,C0,165,0.38620471954345703,0.38620471954345703
42,C0,166,0.37964218854904175,0.37964218854904175
42,C0,167,0.28163981437683105,0.28163981437683105
42,C0,168,0.42678526043891907,0.42678526043891907
42,C0,169,0.2790350615978241,0.2790350615978241
42,C0,170,0.24478688836097717,0.24478688836097717
42,C0,171,0.24889349937438965,0.24889349937438965
42,C0,172,0.2804531455039978,0.2804531455039978
42,C0,173,0.29333916306495667,0.29333916306495667
42,C0,174,0.2981206476688385,0.2981206476688385
42,C0,175,0.3322802186012268,0.3322802186012268
42,C0,176,0.30235517024993896,0.30235517024993896
42,C0,177,0.25732260942459106,0.25732260942459106
42,C0,178,0.2534007728099823,0.2534007728099823
42,C0,179,0.20052814483642578,0.20052814483642578
42,C0,180,0.2783682346343994,0.2783682346343994
42,C0,181,0.27137666940689087,0.27137666940689087
42,C0,182,0.2674715220928192,0.2674715220928192
42,C0,183,0.2621482014656067,0.2621482014656067
42,C0,184,0.2578672766685486,0.2578672766685486
42,C0,185,0.2936221659183502,0.2936221659183502
42,C0,186,0.2419314980506897,0.2419314980506897
42,C0,187,0.3032422661781311,0.3032422661781311
42,C0,188,0.24942786991596222,0.24942786991596222
42,C0,189,0.33968132734298706,0.33968132734298706
42,C0,190,0.2315266728401184,0.2315266728401184
42,C0,191,0.21939018368721008,0.21939018368721008
42,C0,192,0.23637983202934265,0.23637983202934265
42,C0,193,0.2596971392631531,0.2596971392631531
42,C0,194,0.32321012020111084,0.32321012020111084
42,C0,195,0.3137645125389099,0.3137645125389099
42,C0,196,0.30857643485069275,0.30857643485069275
42,C0,197,0.24696816504001617,0.24696816504001617
42,C0,198,0.21016687154769897,0.21016687154769897
42,C0,199,0.23448482155799866,0.23448482155799866
42,C0,200,0.32066625356674194,0.32066625356674194
42,C0,201,0.2801416516304016,0.2801416516304016
42,C0,202,0.3184085488319397,0.3184085488319397
42,C0,203,0.26452720165252686,0.26452720165252686
42,C0,204,0.2607705295085907,0.2607705295085907
42,C0,205,0.27253612875938416,0.27253612875938416
42,C0,206,0.24387362599372864,0.24387362599372864
42,C0,207,0.2525705099105835,0.2525705099105835
42,C0,208,0.3498101234436035,0.3498101234436035
42,C0,209,0.26198166608810425,0.26198166608810425
42,C0,210,0.257959246635437,0.257959246635437
42,C0,211,0.26161009073257446,0.26161009073257446
42,C0,212,0.21475785970687866,0.21475785970687866
42,C0,213,0.24171757698059082,0.24171757698059082
42,C0,214,0.2749527394771576,0.2749527394771576
42,C0,215,0.27007681131362915,0.27007681131362915
42,C0,216,0.22262096405029297,0.22262096405029297
42,C0,217,0.28785380721092224,0.28785380721092224
42,C0,218,0.25286832451820374,0.25286832451820374
42,C0,219,0.2899119555950165,0.2899119555950165
42,C0,220,0.22291651368141174,0.22291651368141174
42,C0,221,0.2314300686120987,0.2314300686120987
42,C0,222,0.2528541088104248,0.2528541088104248
42,C0,223,0.27058184146881104,0.27058184146881104
42,C0,224,0.2624843120574951,0.2624843120574951
42,C0,225,0.2208958864212036,0.2208958864212036
42,C0,226,0.2624536156654358,0.2624536156654358
42,C0,227,0.2910343110561371,0.2910343110561371
42,C0,228,0.2284429669380188,0.2284429669380188
42,C0,229,0.31321507692337036,0.31321507692337036
42,C0,230,0.22701044380664825,0.22701044380664825
42,C0,231,0.23430940508842468,0.23430940508842468
42,C0,232,0.2771047353744507,0.2771047353744507
42,C0,233,0.2997361719608307,0.2997361719608307
42,C0,234,0.2614099383354187,0.2614099383354187
42,C0,235,0.22242218255996704,0.22242218255996704
42,C0,236,0.27474600076675415,0.27474600076675415
42,C0,237,0.2422838807106018,0.2422838807106018
42,C0,238,0.2614741921424866,0.2614741921424866
42,C0,239,0.20728665590286255,0.20728665590286255
42,C0,240,0.2511785328388214,0.2511785328388214
42,C0,241,0.2410050481557846,0.2410050481557846
42,C0,242,0.2727823555469513,0.2727823555469513
42,C0,243,0.2797098457813263,0.2797098457813263
42,C0,244,0.2847813367843628,0.2847813367843628
42,C0,245,0.31238847970962524,0.31238847970962524
42,C0,246,0.28671714663505554,0.28671714663505554
42,C0,247,0.3027115762233734,0.3027115762233734
42,C0,248,0.27163922786712646,0.27163922786712646
42,C0,249,0.21828344464302063,0.21828344464302063
42,C0,250,0.25979721546173096,0.25979721546173096
42,C0,251,0.1847681701183319,0.1847681701183319
42,C0,252,0.22330254316329956,0.22330254316329956
42,C0,253,0.26277464628219604,0.26277464628219604
42,C0,254,0.2906743884086609,0.2906743884086609
42,C0,255,0.23052842915058136,0.23052842915058136
42,C0,256,0.3139870762825012,0.3139870762825012
42,C0,257,0.27095693349838257,0.27095693349838257
42,C0,258,0.23876050114631653,0.23876050114631653
42,C0,259,0.25766539573669434,0.25766539573669434
42,C0,260,0.25510096549987793,0.25510096549987793
42,C0,261,0.2947285771369934,0.2947285771369934
42,C0,262,0.2711610198020935,0.2711610198020935
42,C0,263,0.23616595566272736,0.23616595566272736
42,C0,264,0.2733299136161804,0.2733299136161804
42,C0,265,0.2592150866985321,0.2592150866985321
42,C0,266,0.3108175992965698,0.3108175992965698
42,C0,267,0.3172200322151184,0.3172200322151184
42,C0,268,0.26206493377685547,0.26206493377685547
42,C0,269,0.304313600063324,0.304313600063324
42,C0,270,0.24393662810325623,0.24393662810325623
42,C0,271,0.2536564767360687,0.2536564767360687
42,C0,272,0.25756025314331055,0.25756025314331055
42,C0,273,0.2844257950782776,0.2844257950782776
42,C0,274,0.2837406396865845,0.2837406396865845
42,C0,275,0.28820592164993286,0.28820592164993286
42,C0,276,0.26571348309516907,0.26571348309516907
42,C0,277,0.26390910148620605,0.26390910148620605
42,C0,278,0.21991583704948425,0.21991583704948425
42,C0,279,0.2713765501976013,0.2713765501976013
42,C0,280,0.24252045154571533,0.24252045154571533
42,C0,281,0.23805207014083862,0.23805207014083862
42,C0,282,0.280057430267334,0.280057430267334
42,C0,283,0.23169606924057007,0.23169606924057007
42,C0,284,0.22783613204956055,0.22783613204956055
42,C0,285,0.2383929342031479,0.2383929342031479
42,C0,286,0.22658699750900269,0.22658699750900269
42,C0,287,0.2459906041622162,0.2459906041622162
42,C0,288,0.22263357043266296,0.22263357043266296
42,C0,289,0.22914671897888184,0.22914671897888184
42,C0,290,0.18767745792865753,0.18767745792865753
42,C0,291,0.23778152465820312,0.23778152465820312
42,C0,292,0.21652324497699738,0.21652324497699738
42,C0,293,0.25826704502105713,0.25826704502105713
42,C0,294,0.2624574601650238,0.2624574601650238
42,C0,295,0.34442126750946045,0.34442126750946045
42,C0,296,0.23036378622055054,0.23036378622055054
42,C0,297,0.2916884124279022,0.2916884124279022
42,C0,298,0.20166507363319397,0.20166507363319397
42,C0,299,0.30215930938720703,0.30215930938720703
42,C0,300,0.2798280417919159,0.2798280417919159
42,C0,301,0.18821832537651062,0.18821832537651062
42,C0,302,0.2449304610490799,0.2449304610490799
42,C0,303,0.22758997976779938,0.22758997976779938
42,C0,304,0.2681400775909424,0.2681400775909424
42,C0,305,0.2851966321468353,0.2851966321468353
42,C0,306,0.2410261631011963,0.2410261631011963
42,C0,307,0.2816303074359894,0.2816303074359894
42,C0,308,0.17605243623256683,0.17605243623256683
42,C0,309,0.25303733348846436,0.25303733348846436
42,C0,310,0.26503509283065796,0.26503509283065796
42,C0,311,0.2955862879753113,0.2955862879753113
42,C0,312,0.24717232584953308,0.24717232584953308
42,C0,313,0.20975057780742645,0.20975057780742645
42,C0,314,0.21601010859012604,0.21601010859012604
42,C0,315,0.2909371554851532,0.2909371554851532
42,C0,316,0.2633390426635742,0.2633390426635742
42,C0,317,0.2956950068473816,0.2956950068473816
42,C0,318,0.24648550152778625,0.24648550152778625
42,C0,319,0.28204166889190674,0.28204166889190674
42,C0,320,0.27043911814689636,0.27043911814689636
42,C0,321,0.2722535729408264,0.2722535729408264
42,C0,322,0.2449108362197876,0.2449108362197876
42,C0,323,0.2959519922733307,0.2959519922733307
42,C0,324,0.21855682134628296,0.21855682134628296
42,C0,325,0.221001997590065,0.221001997590065
42,C0,326,0.24313828349113464,0.24313828349113464
42,C0,327,0.2740064561367035,0.2740064561367035
42,C0,328,0.2520430088043213,0.2520430088043213
42,C0,329,0.2581735849380493,0.2581735849380493
42,C0,330,0.2501130998134613,0.2501130998134613
42,C0,331,0.1983390748500824,0.1983390748500824
42,C0,332,0.2814655900001526,0.2814655900001526
42,C0,333,0.3041059970855713,0.3041059970855713
42,C0,334,0.28341466188430786,0.28341466188430786
42,C0,335,0.28489723801612854,0.28489723801612854
42,C0,336,0.2849969267845154,0.2849969267845154
42,C0,337,0.25069111585617065,0.25069111585617065
42,C0,338,0.2712706923484802,0.2712706923484802
42,C0,339,0.27613526582717896,0.27613526582717896
42,C0,340,0.2560684084892273,0.2560684084892273
42,C0,341,0.266819566488266,0.266819566488266
42,C0,342,0.25756633281707764,0.25756633281707764
42,C0,343,0.24484220147132874,0.24484220147132874
42,C0,344,0.2585213780403137,0.2585213780403137
42,C0,345,0.26649749279022217,0.26649749279022217
42,C0,346,0.2840827703475952,0.2840827703475952
42,C0,347,0.20743601024150848,0.20743601024150848
42,C0,348,0.27424806356430054,0.27424806356430054
42,C0,349,0.2863694727420807,0.2863694727420807
42,C0,350,0.27337267994880676,0.27337267994880676
42,C0,351,0.2627781331539154,0.2627781331539154
42,C0,352,0.2465304136276245,0.2465304136276245
42,C0,353,0.285714328289032,0.285714328289032
42,C0,354,0.20774878561496735,0.20774878561496735
42,C0,355,0.20249323546886444,0.20249323546886444
42,C0,356,0.18030139803886414,0.18030139803886414
42,C0,357,0.252182275056839,0.252182275056839
42,C0,358,0.22938454151153564,0.22938454151153564
42,C0,359,0.2819478511810303,0.2819478511810303
42,C0,360,0.24814961850643158,0.24814961850643158
42,C0,361,0.28112825751304626,0.28112825751304626
42,C0,362,0.23134881258010864,0.23134881258010864
42,C0,363,0.2627934515476227,0.2627934515476227
42,C0,364,0.1510714590549469,0.1510714590549469
42,C0,365,0.280021071434021,0.280021071434021
42,C0,366,0.3290673494338989,0.3290673494338989
42,C0,367,0.2869413495063782,0.2869413495063782
42,C0,368,0.22098158299922943,0.22098158299922943
42,C0,369,0.25133395195007324,0.25133395195007324
42,C0,370,0.2192540019750595,0.2192540019750595
42,C0,371,0.28254008293151855,0.28254008293151855
42,C0,372,0.1706574559211731,0.1706574559211731
42,C0,373,0.17951668798923492,0.17951668798923492
42,C0,374,0.24018310010433197,0.24018310010433197
42,C0,375,0.20620927214622498,0.20620927214622498
42,C0,376,0.27354761958122253,0.27354761958122253
42,C0,377,0.23774419724941254,0.23774419724941254
42,C0,378,0.25745925307273865,0.25745925307273865
42,C0,379,0.2205706387758255,0.2205706387758255
42,C0,380,0.23798605799674988,0.23798605799674988
42,C0,381,0.2634548544883728,0.2634548544883728
42,C0,382,0.2238810807466507,0.2238810807466507
42,C0,383,0.2667660713195801,0.2667660713195801
42,C0,384,0.2511953115463257,0.2511953115463257
42,C0,385,0.22424855828285217,0.22424855828285217
42,C0,386,0.24239084124565125,0.24239084124565125
42,C0,387,0.261170893907547,0.261170893907547
42,C0,388,0.22920075058937073,0.22920075058937073
42,C0,389,0.23264898359775543,0.23264898359775543
42,C0,390,0.24458646774291992,0.24458646774291992
42,C0,391,0.24165752530097961,0.24165752530097961
42,C0,392,0.2675396800041199,0.2675396800041199
42,C0,393,0.2876359224319458,0.2876359224319458
42,C0,394,0.29287636280059814,0.29287636280059814
42,C0,395,0.23105433583259583,0.23105433583259583
42,C0,396,0.1811026930809021,0.1811026930809021
42,C0,397,0.21811090409755707,0.21811090409755707
42,C0,398,0.22780439257621765,0.22780439257621765
42,C0,399,0.24788108468055725,0.24788108468055725
42,C0,400,0.23037667572498322,0.23037667572498322
42,C0,401,0.18968376517295837,0.18968376517295837
42,C0,402,0.23699018359184265,0.23699018359184265
42,C0,403,0.24438422918319702,0.24438422918319702
42,C0,404,0.2812173366546631,0.2812173366546631
42,C0,405,0.2825888395309448,0.2825888395309448
42,C0,406,0.25384488701820374,0.25384488701820374
42,C0,407,0.2105778455734253,0.2105778455734253
42,C0,408,0.23925155401229858,0.23925155401229858
42,C0,409,0.24441492557525635,0.24441492557525635
42,C0,410,0.275901734828949,0.275901734828949
42,C0,411,0.23296311497688293,0.23296311497688293
42,C0,412,0.21849887073040009,0.21849887073040009
42,C0,413,0.3015099763870239,0.3015099763870239
42,C0,414,0.23158861696720123,0.23158861696720123
42,C0,415,0.1944120228290558,0.1944120228290558
42,C0,416,0.24290142953395844,0.24290142953395844
42,C0,417,0.21716290712356567,0.21716290712356567
42,C0,418,0.29462432861328125,0.29462432861328125
42,C0,419,0.2190590649843216,0.2190590649843216
42,C0,420,0.264801561832428,0.264801561832428
42,C0,421,0.2863506078720093,0.2863506078720093
42,C0,422,0.2410893440246582,0.2410893440246582
42,C0,423,0.26477891206741333,0.26477891206741333
42,C0,424,0.3063575327396393,0.3063575327396393
42,C0,425,0.22887422144412994,0.22887422144412994
42,C0,426,0.223861962556839,0.223861962556839
42,C0,427,0.23184920847415924,0.23184920847415924
42,C0,428,0.2354879230260849,0.2354879230260849
42,C0,429,0.2472619116306305,0.2472619116306305
42,C0,430,0.24252279102802277,0.24252279102802277
42,C0,431,0.20374919474124908,0.20374919474124908
42,C0,432,0.21885398030281067,0.21885398030281067
42,C0,433,0.23834241926670074,0.23834241926670074
42,C0,434,0.23549868166446686,0.23549868166446686
42,C0,435,0.2728131413459778,0.2728131413459778
42,C0,436,0.19942769408226013,0.19942769408226013
42,C0,437,0.21466568112373352,0.21466568112373352
42,C0,438,0.200278639793396,0.200278639793396
42,C0,439,0.2516769468784332,0.2516769468784332
42,C0,440,0.23630312085151672,0.23630312085151672
42,C0,441,0.19405724108219147,0.19405724108219147
42,C0,442,0.25180160999298096,0.25180160999298096
42,C0,443,0.1876162588596344,0.1876162588596344
42,C0,444,0.16491985321044922,0.16491985321044922
42,C0,445,0.23128460347652435,0.23128460347652435
42,C0,446,0.25197547674179077,0.25197547674179077
42,C0,447,0.22651752829551697,0.22651752829551697
42,C0,448,0.2153264284133911,0.2153264284133911
42,C0,449,0.24971644580364227,0.24971644580364227
42,C0,450,0.2340962439775467,0.2340962439775467
42,C0,451,0.2529582381248474,0.2529582381248474
42,C0,452,0.23419302701950073,0.23419302701950073
42,C0,453,0.2605857849121094,0.2605857849121094
42,C0,454,0.21933914721012115,0.21933914721012115
42,C0,455,0.31142061948776245,0.31142061948776245
42,C0,456,0.2557225525379181,0.2557225525379181
42,C0,457,0.25624507665634155,0.25624507665634155
42,C0,458,0.2900136113166809,0.2900136113166809
42,C0,459,0.23701266944408417,0.23701266944408417
42,C0,460,0.2752264142036438,0.2752264142036438
42,C0,461,0.21907903254032135,0.21907903254032135
42,C0,462,0.2640027403831482,0.2640027403831482
42,C0,463,0.23386140167713165,0.23386140167713165
42,C0,464,0.20480689406394958,0.20480689406394958
42,C0,465,0.2550525665283203,0.2550525665283203
42,C0,466,0.3040989637374878,0.3040989637374878
42,C0,467,0.2099093794822693,0.2099093794822693
42,C0,468,0.22106517851352692,0.22106517851352692
42,C0,469,0.22761468589305878,0.22761468589305878
42,C0,470,0.30475497245788574,0.30475497245788574
42,C0,471,0.22085943818092346,0.22085943818092346
42,C0,472,0.19084379076957703,0.19084379076957703
42,C0,473,0.19665823876857758,0.19665823876857758
42,C0,474,0.2391970008611679,0.2391970008611679
42,C0,475,0.2322521209716797,0.2322521209716797
42,C0,476,0.24278339743614197,0.24278339743614197
42,C0,477,0.21993394196033478,0.21993394196033478
42,C0,478,0.2585233449935913,0.2585233449935913
42,C0,479,0.2528635263442993,0.2528635263442993
42,C0,480,0.30891650915145874,0.30891650915145874
42,C0,481,0.17239533364772797,0.17239533364772797
42,C0,482,0.24979549646377563,0.24979549646377563
42,C0,483,0.25818073749542236,0.25818073749542236
42,C0,484,0.26558351516723633,0.26558351516723633
42,C0,485,0.2610814571380615,0.2610814571380615
42,C0,486,0.23484788835048676,0.23484788835048676
42,C0,487,0.26293015480041504,0.26293015480041504
42,C0,488,0.3009181618690491,0.3009181618690491
42,C0,489,0.2030174732208252,0.2030174732208252
42,C0,490,0.3250523805618286,0.3250523805618286
42,C0,491,0.25744733214378357,0.25744733214378357
42,C0,492,0.22226768732070923,0.22226768732070923
42,C0,493,0.25101062655448914,0.25101062655448914
42,C0,494,0.21735969185829163,0.21735969185829163
42,C0,495,0.25862663984298706,0.25862663984298706
42,C0,496,0.271101176738739,0.271101176738739
42,C0,497,0.23669053614139557,0.23669053614139557
42,C0,498,0.24710431694984436,0.24710431694984436
42,C0,499,0.24429145455360413,0.24429145455360413
42,C0,500,0.2438770979642868,0.2438770979642868
42,C0,501,0.24707207083702087,0.24707207083702087
42,C0,502,0.25050073862075806,0.25050073862075806
42,C0,503,0.2740299105644226,0.2740299105644226
42,C0,504,0.28042763471603394,0.28042763471603394
42,C0,505,0.25988084077835083,0.25988084077835083
42,C0,506,0.22683197259902954,0.22683197259902954
42,C0,507,0.21200919151306152,0.21200919151306152
42,C0,508,0.24282756447792053,0.24282756447792053
42,C0,509,0.26721614599227905,0.26721614599227905
42,C0,510,0.27229630947113037,0.27229630947113037
42,C0,511,0.2662111520767212,0.2662111520767212
42,C0,512,0.25849267840385437,0.25849267840385437
42,C0,513,0.23017793893814087,0.23017793893814087
42,C0,514,0.253231942653656,0.253231942653656
42,C0,515,0.2458602786064148,0.2458602786064148
42,C0,516,0.32324647903442383,0.32324647903442383
42,C0,517,0.2657260000705719,0.2657260000705719
42,C0,518,0.32568639516830444,0.32568639516830444
42,C0,519,0.2589418590068817,0.2589418590068817
42,C0,520,0.2347128987312317,0.2347128987312317
42,C0,521,0.3076045513153076,0.3076045513153076
42,C0,522,0.18876931071281433,0.18876931071281433
42,C0,523,0.25871995091438293,0.25871995091438293
42,C0,524,0.24742305278778076,0.24742305278778076
42,C0,525,0.23542073369026184,0.23542073369026184
42,C0,526,0.2250339686870575,0.2250339686870575
42,C0,527,0.2703092098236084,0.2703092098236084
42,C0,528,0.2730831503868103,0.2730831503868103
42,C0,529,0.20894379913806915,0.20894379913806915
42,C0,530,0.28252649307250977,0.28252649307250977
42,C0,531,0.2678106725215912,0.2678106725215912
42,C0,532,0.22959868609905243,0.22959868609905243
42,C0,533,0.2711946964263916,0.2711946964263916
42,C0,534,0.19592098891735077,0.19592098891735077
42,C0,535,0.20199981331825256,0.20199981331825256
42,C0,536,0.3138340413570404,0.3138340413570404
42,C0,537,0.23510338366031647,0.23510338366031647
42,C0,538,0.3037368953227997,0.3037368953227997
42,C0,539,0.2995299696922302,0.2995299696922302
42,C0,540,0.18723861873149872,0.18723861873149872
42,C0,541,0.27959564328193665,0.27959564328193665
42,C0,542,0.28841525316238403,0.28841525316238403
42,C0,543,0.2084183245897293,0.2084183245897293
42,C0,544,0.3290967345237732,0.3290967345237732
42,C0,545,0.20787397027015686,0.20787397027015686
42,C0,546,0.24747148156166077,0.24747148156166077
42,C0,547,0.2686903476715088,0.2686903476715088
42,C0,548,0.2515522241592407,0.2515522241592407
42,C0,549,0.2564249634742737,0.2564249634742737
42,C0,550,0.21131932735443115,0.21131932735443115
42,C0,551,0.18702521920204163,0.18702521920204163
42,C0,552,0.3049466013908386,0.3049466013908386
42,C0,553,0.22153183817863464,0.22153183817863464
42,C0,554,0.2261204868555069,0.2261204868555069
42,C0,555,0.22539693117141724,0.22539693117141724
42,C0,556,0.30454108119010925,0.30454108119010925
42,C0,557,0.21104696393013,0.21104696393013
42,C0,558,0.23870263993740082,0.23870263993740082
42,C0,559,0.2748599052429199,0.2748599052429199
42,C0,560,0.22231020033359528,0.22231020033359528
42,C0,561,0.24761101603507996,0.24761101603507996
42,C0,562,0.20796653628349304,0.20796653628349304
42,C0,563,0.2571389079093933,0.2571389079093933
42,C0,564,0.22833552956581116,0.22833552956581116
42,C0,565,0.25204652547836304,0.25204652547836304
42,C0,566,0.2835388779640198,0.2835388779640198
42,C0,567,0.19055582582950592,0.19055582582950592
42,C0,568,0.28747981786727905,0.28747981786727905
42,C0,569,0.2062285840511322,0.2062285840511322
42,C0,570,0.23034489154815674,0.23034489154815674
42,C0,571,0.25558042526245117,0.25558042526245117
42,C0,572,0.2248847484588623,0.2248847484588623
42,C0,573,0.23913462460041046,0.23913462460041046
42,C0,574,0.21094608306884766,0.21094608306884766
42,C0,575,0.24364352226257324,0.24364352226257324
42,C0,576,0.2241201251745224,0.2241201251745224
42,C0,577,0.26236897706985474,0.26236897706985474
42,C0,578,0.2541561424732208,0.2541561424732208
42,C0,579,0.2738739550113678,0.2738739550113678
42,C0,580,0.22791600227355957,0.22791600227355957
42,C0,581,0.22740304470062256,0.22740304470062256
42,C0,582,0.2656843662261963,0.2656843662261963
42,C0,583,0.24896034598350525,0.24896034598350525
42,C0,584,0.24240157008171082,0.24240157008171082
42,C0,585,0.2391655147075653,0.2391655147075653
42,C0,586,0.2195766121149063,0.2195766121149063
42,C0,587,0.29237568378448486,0.29237568378448486
42,C0,588,0.2599971294403076,0.2599971294403076
42,C0,589,0.26493704319000244,0.26493704319000244
42,C0,590,0.28231924772262573,0.28231924772262573
42,C0,591,0.19759272038936615,0.19759272038936615
42,C0,592,0.2416231632232666,0.2416231632232666
42,C0,593,0.24821080267429352,0.24821080267429352
42,C0,594,0.22102868556976318,0.22102868556976318
42,C0,595,0.20795273780822754,0.20795273780822754
42,C0,596,0.25869664549827576,0.25869664549827576
42,C0,597,0.18956762552261353,0.18956762552261353
42,C0,598,0.1924816220998764,0.1924816220998764
42,C0,599,0.24171289801597595,0.24171289801597595
42,C0,600,0.17950648069381714,0.17950648069381714
42,C0,601,0.23418235778808594,0.23418235778808594
42,C0,602,0.2586784362792969,0.2586784362792969
42,C0,603,0.26750192046165466,0.26750192046165466
42,C0,604,0.24130550026893616,0.24130550026893616
42,C0,605,0.22776126861572266,0.22776126861572266
42,C0,606,0.2371966540813446,0.2371966540813446
42,C0,607,0.2636799216270447,0.2636799216270447
42,C0,608,0.2804054021835327,0.2804054021835327
42,C0,609,0.32441264390945435,0.32441264390945435
42,C0,610,0.25189125537872314,0.25189125537872314
42,C0,611,0.2307928502559662,0.2307928502559662
42,C0,612,0.2597407102584839,0.2597407102584839
42,C0,613,0.2396548092365265,0.2396548092365265
42,C0,614,0.26965415477752686,0.26965415477752686
42,C0,615,0.19833843410015106,0.19833843410015106
42,C0,616,0.2815926671028137,0.2815926671028137
42,C0,617,0.2736353278160095,0.2736353278160095
42,C0,618,0.2430049628019333,0.2430049628019333
42,C0,619,0.2811083495616913,0.2811083495616913
42,C0,620,0.23691675066947937,0.23691675066947937
42,C0,621,0.23081016540527344,0.23081016540527344
42,C0,622,0.26789677143096924,0.26789677143096924
42,C0,623,0.20340535044670105,0.20340535044670105
42,C0,624,0.2629436254501343,0.2629436254501343
42,C0,625,0.20827554166316986,0.20827554166316986
42,C0,626,0.2298215925693512,0.2298215925693512
42,C0,627,0.23696182668209076,0.23696182668209076
42,C0,628,0.22821877896785736,0.22821877896785736
42,C0,629,0.18437813222408295,0.18437813222408295
42,C0,630,0.2354062795639038,0.2354062795639038
42,C0,631,0.29394030570983887,0.29394030570983887
42,C0,632,0.28108447790145874,0.28108447790145874
42,C0,633,0.2146681249141693,0.2146681249141693
42,C0,634,0.24867010116577148,0.24867010116577148
42,C0,635,0.22903409600257874,0.22903409600257874
42,C0,636,0.2268078625202179,0.2268078625202179
42,C0,637,0.25969040393829346,0.25969040393829346
42,C0,638,0.31351613998413086,0.31351613998413086
42,C0,639,0.23782816529273987,0.23782816529273987
42,C0,640,0.23350565135478973,0.23350565135478973
42,C0,641,0.22260916233062744,0.22260916233062744
42,C0,642,0.22925658524036407,0.22925658524036407
42,C0,643,0.21084237098693848,0.21084237098693848
42,C0,644,0.24540038406848907,0.24540038406848907
42,C0,645,0.2488972246646881,0.2488972246646881
42,C0,646,0.20578190684318542,0.20578190684318542
42,C0,647,0.2383871078491211,0.2383871078491211
42,C0,648,0.2876567840576172,0.2876567840576172
42,C0,649,0.19712236523628235,0.19712236523628235
42,C0,650,0.23328639566898346,0.23328639566898346
42,C0,651,0.2298079878091812,0.2298079878091812
42,C0,652,0.2111111879348755,0.2111111879348755
42,C0,653,0.23714086413383484,0.23714086413383484
42,C0,654,0.21618370711803436,0.21618370711803436
42,C0,655,0.2124289721250534,0.2124289721250534
42,C0,656,0.23768484592437744,0.23768484592437744
42,C0,657,0.21410107612609863,0.21410107612609863
42,C0,658,0.17391890287399292,0.17391890287399292
42,C0,659,0.2906815707683563,0.2906815707683563
42,C0,660,0.21330469846725464,0.21330469846725464
42,C0,661,0.19000622630119324,0.19000622630119324
42,C0,662,0.25926005840301514,0.25926005840301514
42,C0,663,0.2063649743795395,0.2063649743795395
42,C0,664,0.1840428113937378,0.1840428113937378
42,C0,665,0.24919064342975616,0.24919064342975616
42,C0,666,0.2575838267803192,0.2575838267803192
42,C0,667,0.23744317889213562,0.23744317889213562
42,C0,668,0.3058885931968689,0.3058885931968689
42,C0,669,0.21262741088867188,0.21262741088867188
42,C0,670,0.2423751950263977,0.2423751950263977
42,C0,671,0.1811859905719757,0.1811859905719757
42,C0,672,0.25580376386642456,0.25580376386642456
42,C0,673,0.22912730276584625,0.22912730276584625
42,C0,674,0.26673388481140137,0.26673388481140137
42,C0,675,0.21625839173793793,0.21625839173793793
42,C0,676,0.262589693069458,0.262589693069458
42,C0,677,0.1955377608537674,0.1955377608537674
42,C0,678,0.25235822796821594,0.25235822796821594
42,C0,679,0.20917433500289917,0.20917433500289917
42,C0,680,0.20338016748428345,0.20338016748428345
42,C0,681,0.19473302364349365,0.19473302364349365
42,C0,682,0.19507786631584167,0.19507786631584167
42,C0,683,0.24161604046821594,0.24161604046821594
42,C0,684,0.24048927426338196,0.24048927426338196
42,C0,685,0.21458792686462402,0.21458792686462402
42,C0,686,0.16929028928279877,0.16929028928279877
42,C0,687,0.17772163450717926,0.17772163450717926
42,C0,688,0.17287003993988037,0.17287003993988037
42,C0,689,0.2109546661376953,0.2109546661376953
42,C0,690,0.2137368768453598,0.2137368768453598
42,C0,691,0.23804821074008942,0.23804821074008942
42,C0,692,0.2649548649787903,0.2649548649787903
42,C0,693,0.19971850514411926,0.19971850514411926
42,C0,694,0.2437696009874344,0.2437696009874344
42,C0,695,0.2693774402141571,0.2693774402141571
42,C0,696,0.25442907214164734,0.25442907214164734
42,C0,697,0.22979266941547394,0.22979266941547394
42,C0,698,0.27115148305892944,0.27115148305892944
42,C0,699,0.2992861866950989,0.2992861866950989
42,C0,700,0.21884796023368835,0.21884796023368835
42,C0,701,0.21703553199768066,0.21703553199768066
42,C0,702,0.22531220316886902,0.22531220316886902
42,C0,703,0.21688717603683472,0.21688717603683472
42,C0,704,0.19295932352542877,0.19295932352542877
42,C0,705,0.20534904301166534,0.20534904301166534
42,C0,706,0.20286822319030762,0.20286822319030762
42,C0,707,0.2557360529899597,0.2557360529899597
42,C0,708,0.2552303075790405,0.2552303075790405
42,C0,709,0.23722706735134125,0.23722706735134125
42,C0,710,0.23563075065612793,0.23563075065612793
42,C0,711,0.2558360695838928,0.2558360695838928
42,C0,712,0.2375330626964569,0.2375330626964569
42,C0,713,0.20425575971603394,0.20425575971603394
42,C0,714,0.2087593525648117,0.2087593525648117
42,C0,715,0.26495927572250366,0.26495927572250366
42,C0,716,0.220783531665802,0.220783531665802
42,C0,717,0.25773656368255615,0.25773656368255615
42,C0,718,0.24670614302158356,0.24670614302158356
42,C0,719,0.2984961271286011,0.2984961271286011
42,C0,720,0.18932926654815674,0.18932926654815674
42,C0,721,0.14678001403808594,0.14678001403808594
42,C0,722,0.22535599768161774,0.22535599768161774
42,C0,723,0.1970994621515274,0.1970994621515274
42,C0,724,0.19473128020763397,0.19473128020763397
42,C0,725,0.22928236424922943,0.22928236424922943
42,C0,726,0.2864888906478882,0.2864888906478882
42,C0,727,0.2659608721733093,0.2659608721733093
42,C0,728,0.258040189743042,0.258040189743042
42,C0,729,0.25071483850479126,0.25071483850479126
42,C0,730,0.293312668800354,0.293312668800354
42,C0,731,0.3214779198169708,0.3214779198169708
42,C0,732,0.22311300039291382,0.22311300039291382
42,C0,733,0.23724928498268127,0.23724928498268127
42,C0,734,0.24992115795612335,0.24992115795612335
42,C0,735,0.23311643302440643,0.23311643302440643
42,C0,736,0.2573077380657196,0.2573077380657196
42,C0,737,0.2486240267753601,0.2486240267753601
42,C0,738,0.27047914266586304,0.27047914266586304
42,C0,739,0.24874569475650787,0.24874569475650787
42,C0,740,0.2477836310863495,0.2477836310863495
42,C0,741,0.2161216139793396,0.2161216139793396
42,C0,742,0.25974375009536743,0.25974375009536743
42,C0,743,0.21901997923851013,0.21901997923851013
42,C0,744,0.19203543663024902,0.19203543663024902
42,C0,745,0.21363958716392517,0.21363958716392517
42,C0,746,0.24425865709781647,0.24425865709781647
42,C0,747,0.2376418113708496,0.2376418113708496
42,C0,748,0.20239372551441193,0.20239372551441193
42,C0,749,0.22528338432312012,0.22528338432312012
42,C0,750,0.28703176975250244,0.28703176975250244
42,C0,751,0.28118711709976196,0.28118711709976196
42,C0,752,0.2543908357620239,0.2543908357620239
42,C0,753,0.24838665127754211,0.24838665127754211
42,C0,754,0.21134117245674133,0.21134117245674133
42,C0,755,0.24465124309062958,0.24465124309062958
42,C0,756,0.19601985812187195,0.19601985812187195
42,C0,757,0.22593507170677185,0.22593507170677185
42,C0,758,0.19893425703048706,0.19893425703048706
42,C0,759,0.20634311437606812,0.20634311437606812
42,C0,760,0.18936336040496826,0.18936336040496826
42,C0,761,0.23945650458335876,0.23945650458335876
42,C0,762,0.18910640478134155,0.18910640478134155
42,C0,763,0.23643863201141357,0.23643863201141357
42,C0,764,0.2617682218551636,0.2617682218551636
42,C0,765,0.2657672166824341,0.2657672166824341
42,C0,766,0.2717041075229645,0.2717041075229645
42,C0,767,0.25400328636169434,0.25400328636169434
42,C0,768,0.22447307407855988,0.22447307407855988
42,C0,769,0.22679740190505981,0.22679740190505981
42,C0,770,0.21557870507240295,0.21557870507240295
42,C0,771,0.26119935512542725,0.26119935512542725
42,C0,772,0.17042499780654907,0.17042499780654907
42,C0,773,0.22787614166736603,0.22787614166736603
42,C0,774,0.26095300912857056,0.26095300912857056
42,C0,775,0.2578846216201782,0.2578846216201782
42,C0,776,0.2017877846956253,0.2017877846956253
42,C0,777,0.22615551948547363,0.22615551948547363
42,C0,778,0.2340921312570572,0.2340921312570572
42,C0,779,0.1904197633266449,0.1904197633266449
42,C0,780,0.23125186562538147,0.23125186562538147
42,C0,781,0.19957733154296875,0.19957733154296875
42,C0,782,0.28858938813209534,0.28858938813209534
42,C0,783,0.17505227029323578,0.17505227029323578
42,C0,784,0.31467851996421814,0.31467851996421814
42,C0,785,0.2084830403327942,0.2084830403327942
42,C0,786,0.233348086476326,0.233348086476326
42,C0,787,0.16385261714458466,0.16385261714458466
42,C0,788,0.19920358061790466,0.19920358061790466
42,C0,789,0.2098253071308136,0.2098253071308136
42,C0,790,0.21789827942848206,0.21789827942848206
42,C0,791,0.2657092213630676,0.2657092213630676
42,C0,792,0.3100530505180359,0.3100530505180359
42,C0,793,0.26252469420433044,0.26252469420433044
42,C0,794,0.22823011875152588,0.22823011875152588
42,C0,795,0.22843337059020996,0.22843337059020996
42,C0,796,0.21806177496910095,0.21806177496910095
42,C0,797,0.27290982007980347,0.27290982007980347
42,C0,798,0.23048686981201172,0.23048686981201172
42,C0,799,0.2558697462081909,0.2558697462081909
42,C0,800,0.2729874551296234,0.2729874551296234
42,C0,801,0.23030564188957214,0.23030564188957214
42,C0,802,0.24279579520225525,0.24279579520225525
42,C0,803,0.16292543709278107,0.16292543709278107
42,C0,804,0.24587810039520264,0.24587810039520264
42,C0,805,0.22323453426361084,0.22323453426361084
42,C0,806,0.22699570655822754,0.22699570655822754
42,C0,807,0.24980385601520538,0.24980385601520538
42,C0,808,0.2139703333377838,0.2139703333377838
42,C0,809,0.214335635304451,0.214335635304451
42,C0,810,0.22250518202781677,0.22250518202781677
42,C0,811,0.20420175790786743,0.20420175790786743
42,C0,812,0.20958217978477478,0.20958217978477478
42,C0,813,0.21906588971614838,0.21906588971614838
42,C0,814,0.2634367048740387,0.2634367048740387
42,C0,815,0.21460196375846863,0.21460196375846863
42,C0,816,0.21809449791908264,0.21809449791908264
42,C0,817,0.24815571308135986,0.24815571308135986
42,C0,818,0.2238871157169342,0.2238871157169342
42,C0,819,0.2555859088897705,0.2555859088897705
42,C0,820,0.23065638542175293,0.23065638542175293
42,C0,821,0.29943299293518066,0.29943299293518066
42,C0,822,0.2184903472661972,0.2184903472661972
42,C0,823,0.2841414213180542,0.2841414213180542
42,C0,824,0.24890825152397156,0.24890825152397156
42,C0,825,0.20619088411331177,0.20619088411331177
42,C0,826,0.1489049792289734,0.1489049792289734
42,C0,827,0.25775519013404846,0.25775519013404846
42,C0,828,0.24480199813842773,0.24480199813842773
42,C0,829,0.25490593910217285,0.25490593910217285
42,C0,830,0.2517611086368561,0.2517611086368561
42,C0,831,0.2328362911939621,0.2328362911939621
42,C0,832,0.2601533532142639,0.2601533532142639
42,C0,833,0.2750065326690674,0.2750065326690674
42,C0,834,0.23291833698749542,0.23291833698749542
42,C0,835,0.21472248435020447,0.21472248435020447
42,C0,836,0.22720324993133545,0.22720324993133545
42,C0,837,0.20341137051582336,0.20341137051582336
42,C0,838,0.24803969264030457,0.24803969264030457
42,C0,839,0.2545592486858368,0.2545592486858368
42,C0,840,0.25819867849349976,0.25819867849349976
42,C0,841,0.25097233057022095,0.25097233057022095
42,C0,842,0.2398410439491272,0.2398410439491272
42,C0,843,0.2182653546333313,0.2182653546333313
42,C0,844,0.22266000509262085,0.22266000509262085
42,C0,845,0.2522081136703491,0.2522081136703491
42,C0,846,0.21909639239311218,0.21909639239311218
42,C0,847,0.25086337327957153,0.25086337327957153
42,C0,848,0.21014782786369324,0.21014782786369324
42,C0,849,0.2806100845336914,0.2806100845336914
42,C0,850,0.2216121256351471,0.2216121256351471
42,C0,851,0.24228794872760773,0.24228794872760773
42,C0,852,0.23997928202152252,0.23997928202152252
42,C0,853,0.2969518303871155,0.2969518303871155
42,C0,854,0.2680497169494629,0.2680497169494629
42,C0,855,0.24105209112167358,0.24105209112167358
42,C0,856,0.27246516942977905,0.27246516942977905
42,C0,857,0.2858538031578064,0.2858538031578064
42,C0,858,0.20330309867858887,0.20330309867858887
42,C0,859,0.17668059468269348,0.17668059468269348
42,C0,860,0.2806289792060852,0.2806289792060852
42,C0,861,0.2720388174057007,0.2720388174057007
42,C0,862,0.2768101990222931,0.2768101990222931
42,C0,863,0.21411551535129547,0.21411551535129547
42,C0,864,0.23733064532279968,0.23733064532279968
42,C0,865,0.1867240071296692,0.1867240071296692
42,C0,866,0.22924257814884186,0.22924257814884186
42,C0,867,0.20019012689590454,0.20019012689590454
42,C0,868,0.22594058513641357,0.22594058513641357
42,C0,869,0.17965638637542725,0.17965638637542725
42,C0,870,0.2848438620567322,0.2848438620567322
42,C0,871,0.23355741798877716,0.23355741798877716
42,C0,872,0.1986616998910904,0.1986616998910904
42,C0,873,0.22029680013656616,0.22029680013656616
42,C0,874,0.25455012917518616,0.25455012917518616
42,C0,875,0.21607807278633118,0.21607807278633118
42,C0,876,0.24169176816940308,0.24169176816940308
42,C0,877,0.28728777170181274,0.28728777170181274
42,C0,878,0.22527018189430237,0.22527018189430237
42,C0,879,0.21597135066986084,0.21597135066986084
42,C0,880,0.2274695187807083,0.2274695187807083
42,C0,881,0.2286406308412552,0.2286406308412552
42,C0,882,0.2627667784690857,0.2627667784690857
42,C0,883,0.2730543911457062,0.2730543911457062
42,C0,884,0.25691261887550354,0.25691261887550354
42,C0,885,0.2958613336086273,0.2958613336086273
42,C0,886,0.2265869528055191,0.2265869528055191
42,C0,887,0.2573774456977844,0.2573774456977844
42,C0,888,0.2889900803565979,0.2889900803565979
42,C0,889,0.21828091144561768,0.21828091144561768
42,C0,890,0.2402983009815216,0.2402983009815216
42,C0,891,0.20466873049736023,0.20466873049736023
42,C0,892,0.27395832538604736,0.27395832538604736
42,C0,893,0.24684397876262665,0.24684397876262665
42,C0,894,0.19905418157577515,0.19905418157577515
42,C0,895,0.19243229925632477,0.19243229925632477
42,C0,896,0.24420452117919922,0.24420452117919922
42,C0,897,0.24371957778930664,0.24371957778930664
42,C0,898,0.23859575390815735,0.23859575390815735
42,C0,899,0.23015622794628143,0.23015622794628143
42,C0,900,0.20676490664482117,0.20676490664482117
42,C0,901,0.1968192458152771,0.1968192458152771
42,C0,902,0.2997661232948303,0.2997661232948303
42,C0,903,0.2578721046447754,0.2578721046447754
42,C0,904,0.24945573508739471,0.24945573508739471
42,C0,905,0.24548931419849396,0.24548931419849396
42,C0,906,0.24584287405014038,0.24584287405014038
42,C0,907,0.21698439121246338,0.21698439121246338
42,C0,908,0.25604531168937683,0.25604531168937683
42,C0,909,0.2701495885848999,0.2701495885848999
42,C0,910,0.2075089067220688,0.2075089067220688
42,C0,911,0.21779999136924744,0.21779999136924744
42,C0,912,0.27282610535621643,0.27282610535621643
42,C0,913,0.23007994890213013,0.23007994890213013
42,C0,914,0.24692873656749725,0.24692873656749725
42,C0,915,0.22244401276111603,0.22244401276111603
42,C0,916,0.22271016240119934,0.22271016240119934
42,C0,917,0.19227099418640137,0.19227099418640137
42,C0,918,0.23698396980762482,0.23698396980762482
42,C0,919,0.20082582533359528,0.20082582533359528
42,C0,920,0.1666126847267151,0.1666126847267151
42,C0,921,0.2233949601650238,0.2233949601650238
42,C0,922,0.27324873208999634,0.27324873208999634
42,C0,923,0.218042254447937,0.218042254447937
42,C0,924,0.2563435435295105,0.2563435435295105
42,C0,925,0.1978110373020172,0.1978110373020172
42,C0,926,0.25367864966392517,0.25367864966392517
42,C0,927,0.2637431025505066,0.2637431025505066
42,C0,928,0.26343515515327454,0.26343515515327454
42,C0,929,0.2917693853378296,0.2917693853378296
42,C0,930,0.2676842212677002,0.2676842212677002
42,C0,931,0.24050088226795197,0.24050088226795197
42,C0,932,0.21182037889957428,0.21182037889957428
42,C0,933,0.21274274587631226,0.21274274587631226
42,C0,934,0.24629394710063934,0.24629394710063934
42,C0,935,0.19393867254257202,0.19393867254257202
42,C0,936,0.1987268626689911,0.1987268626689911
42,C0,937,0.2888440191745758,0.2888440191745758
42,C0,938,0.18183782696723938,0.18183782696723938
42,C0,939,0.2476232647895813,0.2476232647895813
42,C0,940,0.22572438418865204,0.22572438418865204
42,C0,941,0.24232032895088196,0.24232032895088196
42,C0,942,0.2036423683166504,0.2036423683166504
42,C0,943,0.17177873849868774,0.17177873849868774
42,C0,944,0.19744542241096497,0.19744542241096497
42,C0,945,0.25543972849845886,0.25543972849845886
42,C0,946,0.20403172075748444,0.20403172075748444
42,C0,947,0.23506605625152588,0.23506605625152588
42,C0,948,0.26486051082611084,0.26486051082611084
42,C0,949,0.23343633115291595,0.23343633115291595
42,C0,950,0.2145266830921173,0.2145266830921173
42,C0,951,0.2734822928905487,0.2734822928905487
42,C0,952,0.24177370965480804,0.24177370965480804
42,C0,953,0.23210099339485168,0.23210099339485168
42,C0,954,0.2610167860984802,0.2610167860984802
42,C0,955,0.24939803779125214,0.24939803779125214
42,C0,956,0.178644061088562,0.178644061088562
42,C0,957,0.20421573519706726,0.20421573519706726
42,C0,958,0.2954154908657074,0.2954154908657074
42,C0,959,0.2691264748573303,0.2691264748573303
42,C0,960,0.19502639770507812,0.19502639770507812
42,C0,961,0.2507791221141815,0.2507791221141815
42,C0,962,0.19890981912612915,0.19890981912612915
42,C0,963,0.2271890640258789,0.2271890640258789
42,C0,964,0.22165308892726898,0.22165308892726898
42,C0,965,0.2711326777935028,0.2711326777935028
42,C0,966,0.17211005091667175,0.17211005091667175
42,C0,967,0.2299771010875702,0.2299771010875702
42,C0,968,0.22680345177650452,0.22680345177650452
42,C0,969,0.2712309956550598,0.2712309956550598
42,C0,970,0.2901540994644165,0.2901540994644165
42,C0,971,0.24853870272636414,0.24853870272636414
42,C0,972,0.23487138748168945,0.23487138748168945
42,C0,973,0.24629521369934082,0.24629521369934082
42,C0,974,0.2222767472267151,0.2222767472267151
42,C0,975,0.25371378660202026,0.25371378660202026
42,C0,976,0.23983505368232727,0.23983505368232727
42,C0,977,0.19707590341567993,0.19707590341567993
42,C0,978,0.23691579699516296,0.23691579699516296
42,C0,979,0.2563234865665436,0.2563234865665436
42,C0,980,0.2480592131614685,0.2480592131614685
42,C0,981,0.29951226711273193,0.29951226711273193
42,C0,982,0.28911536931991577,0.28911536931991577
42,C0,983,0.25277045369148254,0.25277045369148254
42,C0,984,0.23295798897743225,0.23295798897743225
42,C0,985,0.2795112431049347,0.2795112431049347
42,C0,986,0.19169281423091888,0.19169281423091888
42,C0,987,0.2730153203010559,0.2730153203010559
42,C0,988,0.279032826423645,0.279032826423645
42,C0,989,0.22282415628433228,0.22282415628433228
42,C0,990,0.2035042941570282,0.2035042941570282
42,C0,991,0.22570262849330902,0.22570262849330902
42,C0,992,0.190571591258049,0.190571591258049
42,C0,993,0.2767817974090576,0.2767817974090576
42,C0,994,0.21055230498313904,0.21055230498313904
42,C0,995,0.22986401617527008,0.22986401617527008
42,C0,996,0.2761692404747009,0.2761692404747009
42,C0,997,0.3229524493217468,0.3229524493217468
42,C0,998,0.21126201748847961,0.21126201748847961
42,C0,999,0.20757624506950378,0.20757624506950378
42,C0,1000,0.24886296689510345,0.24886296689510345
42,C0,1001,0.22905588150024414,0.22905588150024414
42,C0,1002,0.2525698244571686,0.2525698244571686
42,C0,1003,0.2844642996788025,0.2844642996788025
42,C0,1004,0.23796215653419495,0.23796215653419495
42,C0,1005,0.19917723536491394,0.19917723536491394
42,C0,1006,0.28111040592193604,0.28111040592193604
42,C0,1007,0.17512549459934235,0.17512549459934235
42,C0,1008,0.23369081318378448,0.23369081318378448
42,C0,1009,0.22485092282295227,0.22485092282295227
42,C0,1010,0.23798613250255585,0.23798613250255585
42,C0,1011,0.2015320062637329,0.2015320062637329
42,C0,1012,0.2688657343387604,0.2688657343387604
42,C0,1013,0.2249436378479004,0.2249436378479004
42,C0,1014,0.22678320109844208,0.22678320109844208
42,C0,1015,0.29801103472709656,0.29801103472709656
42,C0,1016,0.2346515953540802,0.2346515953540802
42,C0,1017,0.21563708782196045,0.21563708782196045
42,C0,1018,0.22730016708374023,0.22730016708374023
42,C0,1019,0.276305228471756,0.276305228471756
42,C0,1020,0.23554201424121857,0.23554201424121857
42,C0,1021,0.25880205631256104,0.25880205631256104
42,C0,1022,0.24437063932418823,0.24437063932418823
42,C0,1023,0.2191629260778427,0.2191629260778427
42,C0,1024,0.20670852065086365,0.20670852065086365
42,C0,1025,0.22166287899017334,0.22166287899017334
42,C0,1026,0.2514772415161133,0.2514772415161133
42,C0,1027,0.2524476945400238,0.2524476945400238
42,C0,1028,0.227026104927063,0.227026104927063
42,C0,1029,0.23146957159042358,0.23146957159042358
42,C0,1030,0.2009088397026062,0.2009088397026062
42,C0,1031,0.20689168572425842,0.20689168572425842
42,C0,1032,0.22679495811462402,0.22679495811462402
42,C0,1033,0.2739235758781433,0.2739235758781433
42,C0,1034,0.16120915114879608,0.16120915114879608
42,C0,1035,0.272210955619812,0.272210955619812
42,C0,1036,0.25388050079345703,0.25388050079345703
42,C0,1037,0.31621864438056946,0.31621864438056946
42,C0,1038,0.2194652259349823,0.2194652259349823
42,C0,1039,0.20791184902191162,0.20791184902191162
42,C0,1040,0.20654679834842682,0.20654679834842682
42,C0,1041,0.26504772901535034,0.26504772901535034
42,C0,1042,0.2713977098464966,0.2713977098464966
42,C0,1043,0.24974454939365387,0.24974454939365387
42,C0,1044,0.22429734468460083,0.22429734468460083
42,C0,1045,0.2609415650367737,0.2609415650367737
42,C0,1046,0.2733505964279175,0.2733505964279175
42,C0,1047,0.23627501726150513,0.23627501726150513
42,C0,1048,0.22730986773967743,0.22730986773967743
42,C0,1049,0.25318995118141174,0.25318995118141174
42,C0,1050,0.18579059839248657,0.18579059839248657
42,C0,1051,0.21546635031700134,0.21546635031700134
42,C0,1052,0.26775944232940674,0.26775944232940674
42,C0,1053,0.22350504994392395,0.22350504994392395
42,C0,1054,0.22802624106407166,0.22802624106407166
42,C0,1055,0.2450433075428009,0.2450433075428009
42,C0,1056,0.21239399909973145,0.21239399909973145
42,C0,1057,0.22044993937015533,0.22044993937015533
42,C0,1058,0.19824621081352234,0.19824621081352234
42,C0,1059,0.2849777340888977,0.2849777340888977
42,C0,1060,0.23319104313850403,0.23319104313850403
42,C0,1061,0.2508235573768616,0.2508235573768616
42,C0,1062,0.2079830765724182,0.2079830765724182
42,C0,1063,0.2438514232635498,0.2438514232635498
42,C0,1064,0.26988765597343445,0.26988765597343445
42,C0,1065,0.23333443701267242,0.23333443701267242
42,C0,1066,0.2213829755783081,0.2213829755783081
42,C0,1067,0.2627682089805603,0.2627682089805603
42,C0,1068,0.2351338416337967,0.2351338416337967
42,C0,1069,0.2314799726009369,0.2314799726009369
42,C0,1070,0.27274012565612793,0.27274012565612793
42,C0,1071,0.20079123973846436,0.20079123973846436
42,C0,1072,0.21332551538944244,0.21332551538944244
42,C0,1073,0.20643366873264313,0.20643366873264313
42,C0,1074,0.2446047067642212,0.2446047067642212
42,C0,1075,0.23531590402126312,0.23531590402126312
42,C0,1076,0.21208927035331726,0.21208927035331726
42,C0,1077,0.19525563716888428,0.19525563716888428
42,C0,1078,0.23713231086730957,0.23713231086730957
42,C0,1079,0.19880744814872742,0.19880744814872742
42,C0,1080,0.24001863598823547,0.24001863598823547
42,C0,1081,0.31664085388183594,0.31664085388183594
42,C0,1082,0.22623389959335327,0.22623389959335327
42,C0,1083,0.21246948838233948,0.21246948838233948
42,C0,1084,0.22522273659706116,0.22522273659706116
42,C0,1085,0.200648695230484,0.200648695230484
42,C0,1086,0.267026424407959,0.267026424407959
42,C0,1087,0.17517757415771484,0.17517757415771484
42,C0,1088,0.22421741485595703,0.22421741485595703
42,C0,1089,0.20884019136428833,0.20884019136428833
42,C0,1090,0.28219330310821533,0.28219330310821533
42,C0,1091,0.25401124358177185,0.25401124358177185
42,C0,1092,0.20778588950634003,0.20778588950634003
42,C0,1093,0.19681641459465027,0.19681641459465027
42,C0,1094,0.22680602967739105,0.22680602967739105
42,C0,1095,0.20881244540214539,0.20881244540214539
42,C0,1096,0.20992982387542725,0.20992982387542725
42,C0,1097,0.24059796333312988,0.24059796333312988
42,C0,1098,0.2550625801086426,0.2550625801086426
42,C0,1099,0.16027367115020752,0.16027367115020752
42,C0,1100,0.19649523496627808,0.19649523496627808
42,C0,1101,0.2759910225868225,0.2759910225868225
42,C0,1102,0.24702084064483643,0.24702084064483643
42,C0,1103,0.2340996265411377,0.2340996265411377
42,C0,1104,0.22386766970157623,0.22386766970157623
42,C0,1105,0.21019001305103302,0.21019001305103302
42,C0,1106,0.21662113070487976,0.21662113070487976
42,C0,1107,0.22756101191043854,0.22756101191043854
42,C0,1108,0.24200426042079926,0.24200426042079926
42,C0,1109,0.2360648214817047,0.2360648214817047
42,C0,1110,0.2260315716266632,0.2260315716266632
42,C0,1111,0.1865108609199524,0.1865108609199524
42,C0,1112,0.2843131721019745,0.2843131721019745
42,C0,1113,0.23854172229766846,0.23854172229766846
42,C0,1114,0.19505903124809265,0.19505903124809265
42,C0,1115,0.14474043250083923,0.14474043250083923
42,C0,1116,0.2622130513191223,0.2622130513191223
42,C0,1117,0.21208594739437103,0.21208594739437103
42,C0,1118,0.20121604204177856,0.20121604204177856
42,C0,1119,0.27328622341156006,0.27328622341156006
42,C0,1120,0.23438549041748047,0.23438549041748047
42,C0,1121,0.2864728271961212,0.2864728271961212
42,C0,1122,0.21417884528636932,0.21417884528636932
42,C0,1123,0.24367108941078186,0.24367108941078186
42,C0,1124,0.257781445980072,0.257781445980072
42,C0,1125,0.2603732943534851,0.2603732943534851
42,C0,1126,0.2793979048728943,0.2793979048728943
42,C0,1127,0.3184188902378082,0.3184188902378082
42,C0,1128,0.27078622579574585,0.27078622579574585
42,C0,1129,0.2864082455635071,0.2864082455635071
42,C0,1130,0.22972732782363892,0.22972732782363892
42,C0,1131,0.23869070410728455,0.23869070410728455
42,C0,1132,0.25340044498443604,0.25340044498443604
42,C0,1133,0.21570724248886108,0.21570724248886108
42,C0,1134,0.22520311176776886,0.22520311176776886
42,C0,1135,0.2337515950202942,0.2337515950202942
42,C0,1136,0.2507955729961395,0.2507955729961395
42,C0,1137,0.26391690969467163,0.26391690969467163
42,C0,1138,0.2548180818557739,0.2548180818557739
42,C0,1139,0.21481145918369293,0.21481145918369293
42,C0,1140,0.2680542469024658,0.2680542469024658
42,C0,1141,0.1961464285850525,0.1961464285850525
42,C0,1142,0.2128773033618927,0.2128773033618927
42,C0,1143,0.23865213990211487,0.23865213990211487
42,C0,1144,0.2973484992980957,0.2973484992980957
42,C0,1145,0.26635903120040894,0.26635903120040894
42,C0,1146,0.24228441715240479,0.24228441715240479
42,C0,1147,0.25754019618034363,0.25754019618034363
42,C0,1148,0.2630819082260132,0.2630819082260132
42,C0,1149,0.2034163475036621,0.2034163475036621
42,C0,1150,0.2528344988822937,0.2528344988822937
42,C0,1151,0.28296101093292236,0.28296101093292236
42,C0,1152,0.2319059520959854,0.2319059520959854
42,C0,1153,0.23759564757347107,0.23759564757347107
42,C0,1154,0.2500671446323395,0.2500671446323395
42,C0,1155,0.17490306496620178,0.17490306496620178
42,C0,1156,0.24567966163158417,0.24567966163158417
42,C0,1157,0.19090387225151062,0.19090387225151062
42,C0,1158,0.19817036390304565,0.19817036390304565
42,C0,1159,0.16079005599021912,0.16079005599021912
42,C0,1160,0.22335994243621826,0.22335994243621826
42,C0,1161,0.2584254741668701,0.2584254741668701
42,C0,1162,0.2263701856136322,0.2263701856136322
42,C0,1163,0.18637937307357788,0.18637937307357788
42,C0,1164,0.24265922605991364,0.24265922605991364
42,C0,1165,0.24839910864830017,0.24839910864830017
42,C0,1166,0.25064364075660706,0.25064364075660706
42,C0,1167,0.2412000298500061,0.2412000298500061
42,C0,1168,0.2365378737449646,0.2365378737449646
42,C0,1169,0.28549301624298096,0.28549301624298096
42,C0,1170,0.2254182994365692,0.2254182994365692
42,C0,1171,0.24649859964847565,0.24649859964847565
42,C0,1172,0.29827603697776794,0.29827603697776794
42,C0,1173,0.20549574494361877,0.20549574494361877
42,C0,1174,0.23183880746364594,0.23183880746364594
42,C0,1175,0.22281745076179504,0.22281745076179504
42,C0,1176,0.24909639358520508,0.24909639358520508
42,C0,1177,0.2608623802661896,0.2608623802661896
42,C0,1178,0.2767285406589508,0.2767285406589508
42,C0,1179,0.22286182641983032,0.22286182641983032
42,C0,1180,0.1667155921459198,0.1667155921459198
42,C0,1181,0.25872382521629333,0.25872382521629333
42,C0,1182,0.2418368011713028,0.2418368011713028
42,C0,1183,0.24515369534492493,0.24515369534492493
42,C0,1184,0.21725894510746002,0.21725894510746002
42,C0,1185,0.21546313166618347,0.21546313166618347
42,C0,1186,0.20258277654647827,0.20258277654647827
42,C0,1187,0.23915311694145203,0.23915311694145203
42,C0,1188,0.23199661076068878,0.23199661076068878
42,C0,1189,0.22365200519561768,0.22365200519561768
42,C0,1190,0.267045259475708,0.267045259475708
42,C0,1191,0.21226808428764343,0.21226808428764343
42,C0,1192,0.15516942739486694,0.15516942739486694
42,C0,1193,0.2375897318124771,0.2375897318124771
42,C0,1194,0.24601271748542786,0.24601271748542786
42,C0,1195,0.19666284322738647,0.19666284322738647
42,C0,1196,0.2785380780696869,0.2785380780696869
42,C0,1197,0.22533294558525085,0.22533294558525085
42,C0,1198,0.23777452111244202,0.23777452111244202
42,C0,1199,0.27179116010665894,0.27179116010665894
42,C0,1200,0.20335468649864197,0.20335468649864197
42,C0,1201,0.21167489886283875,0.21167489886283875
42,C0,1202,0.2840978503227234,0.2840978503227234
42,C0,1203,0.22115948796272278,0.22115948796272278
42,C0,1204,0.24433186650276184,0.24433186650276184
42,C0,1205,0.2249409556388855,0.2249409556388855
42,C0,1206,0.2638565003871918,0.2638565003871918
42,C0,1207,0.23053918778896332,0.23053918778896332
42,C0,1208,0.2729461193084717,0.2729461193084717
42,C0,1209,0.23867380619049072,0.23867380619049072
42,C0,1210,0.22640839219093323,0.22640839219093323
42,C0,1211,0.24483704566955566,0.24483704566955566
42,C0,1212,0.21719005703926086,0.21719005703926086
42,C0,1213,0.20616409182548523,0.20616409182548523
42,C0,1214,0.24917548894882202,0.24917548894882202
42,C0,1215,0.22006705403327942,0.22006705403327942
42,C0,1216,0.2330673336982727,0.2330673336982727
42,C0,1217,0.20294103026390076,0.20294103026390076
42,C0,1218,0.2462472915649414,0.2462472915649414
42,C0,1219,0.19001641869544983,0.19001641869544983
42,C0,1220,0.18439045548439026,0.18439045548439026
42,C0,1221,0.28687000274658203,0.28687000274658203
42,C0,1222,0.23012828826904297,0.23012828826904297
42,C0,1223,0.2447677105665207,0.2447677105665207
42,C0,1224,0.23632138967514038,0.23632138967514038
42,C0,1225,0.2469225525856018,0.2469225525856018
42,C0,1226,0.16751116514205933,0.16751116514205933
42,C0,1227,0.18667197227478027,0.18667197227478027
42,C0,1228,0.2392672896385193,0.2392672896385193
42,C0,1229,0.2657674551010132,0.2657674551010132
42,C0,1230,0.21192070841789246,0.21192070841789246
42,C0,1231,0.3042539060115814,0.3042539060115814
42,C0,1232,0.184073343873024,0.184073343873024
42,C0,1233,0.24274425208568573,0.24274425208568573
42,C0,1234,0.23353168368339539,0.23353168368339539
42,C0,1235,0.2364899218082428,0.2364899218082428
42,C0,1236,0.22169014811515808,0.22169014811515808
42,C0,1237,0.22661295533180237,0.22661295533180237
42,C0,1238,0.24766479432582855,0.24766479432582855
42,C0,1239,0.21419788897037506,0.21419788897037506
42,C0,1240,0.2501068711280823,0.2501068711280823
42,C0,1241,0.2130931168794632,0.2130931168794632
42,C0,1242,0.2034064382314682,0.2034064382314682
42,C0,1243,0.2247847318649292,0.2247847318649292
42,C0,1244,0.24586355686187744,0.24586355686187744
42,C0,1245,0.17441582679748535,0.17441582679748535
42,C0,1246,0.17250949144363403,0.17250949144363403
42,C0,1247,0.2171659618616104,0.2171659618616104
42,C0,1248,0.20212504267692566,0.20212504267692566
42,C0,1249,0.2099734991788864,0.2099734991788864
42,C0,1250,0.2549099028110504,0.2549099028110504
42,C0,1251,0.28516316413879395,0.28516316413879395
42,C0,1252,0.21608415246009827,0.21608415246009827
42,C0,1253,0.25369566679000854,0.25369566679000854
42,C0,1254,0.22687865793704987,0.22687865793704987
42,C0,1255,0.2337007075548172,0.2337007075548172
42,C0,1256,0.1832212656736374,0.1832212656736374
42,C0,1257,0.2668916583061218,0.2668916583061218
42,C0,1258,0.22072471678256989,0.22072471678256989
42,C0,1259,0.23338136076927185,0.23338136076927185
42,C0,1260,0.17253108322620392,0.17253108322620392
42,C0,1261,0.24494744837284088,0.24494744837284088
42,C0,1262,0.17487141489982605,0.17487141489982605
42,C0,1263,0.23195426166057587,0.23195426166057587
42,C0,1264,0.24551106989383698,0.24551106989383698
42,C0,1265,0.2357531189918518,0.2357531189918518
42,C0,1266,0.25030696392059326,0.25030696392059326
42,C0,1267,0.2238115668296814,0.2238115668296814
42,C0,1268,0.2214476615190506,0.2214476615190506
42,C0,1269,0.20298190414905548,0.20298190414905548
42,C0,1270,0.23196576535701752,0.23196576535701752
42,C0,1271,0.22468891739845276,0.22468891739845276
42,C0,1272,0.2694363296031952,0.2694363296031952
42,C0,1273,0.2319820374250412,0.2319820374250412
42,C0,1274,0.22569045424461365,0.22569045424461365
42,C0,1275,0.29105448722839355,0.29105448722839355
42,C0,1276,0.21847310662269592,0.21847310662269592
42,C0,1277,0.18090075254440308,0.18090075254440308
42,C0,1278,0.19991417229175568,0.19991417229175568
42,C0,1279,0.33885300159454346,0.33885300159454346
42,C0,1280,0.17889609932899475,0.17889609932899475
42,C0,1281,0.19325941801071167,0.19325941801071167
42,C0,1282,0.2236795574426651,0.2236795574426651
42,C0,1283,0.21223166584968567,0.21223166584968567
42,C0,1284,0.19175581634044647,0.19175581634044647
42,C0,1285,0.2004062831401825,0.2004062831401825
42,C0,1286,0.3036944568157196,0.3036944568157196
42,C0,1287,0.21518480777740479,0.21518480777740479
42,C0,1288,0.2626279592514038,0.2626279592514038
42,C0,1289,0.18011203408241272,0.18011203408241272
42,C0,1290,0.23698118329048157,0.23698118329048157
42,C0,1291,0.24728885293006897,0.24728885293006897
42,C0,1292,0.1757737398147583,0.1757737398147583
42,C0,1293,0.21156229078769684,0.21156229078769684
42,C0,1294,0.2695578634738922,0.2695578634738922
42,C0,1295,0.17507964372634888,0.17507964372634888
42,C0,1296,0.19603103399276733,0.19603103399276733
42,C0,1297,0.2395399659872055,0.2395399659872055
42,C0,1298,0.20880110561847687,0.20880110561847687
42,C0,1299,0.18933402001857758,0.18933402001857758
42,C0,1300,0.3411411643028259,0.3411411643028259
42,C0,1301,0.23891590535640717,0.23891590535640717
42,C0,1302,0.22504201531410217,0.22504201531410217
42,C0,1303,0.2153148651123047,0.2153148651123047
42,C0,1304,0.21806937456130981,0.21806937456130981
42,C0,1305,0.2206687033176422,0.2206687033176422
42,C0,1306,0.22696039080619812,0.22696039080619812
42,C0,1307,0.2289223074913025,0.2289223074913025
42,C0,1308,0.20134025812149048,0.20134025812149048
42,C0,1309,0.27142632007598877,0.27142632007598877
42,C0,1310,0.2818775773048401,0.2818775773048401
42,C0,1311,0.253407746553421,0.253407746553421
42,C0,1312,0.23164242506027222,0.23164242506027222
42,C0,1313,0.2148958295583725,0.2148958295583725
42,C0,1314,0.23628541827201843,0.23628541827201843
42,C0,1315,0.21722017228603363,0.21722017228603363
42,C0,1316,0.24623005092144012,0.24623005092144012
42,C0,1317,0.20075289905071259,0.20075289905071259
42,C0,1318,0.20171527564525604,0.20171527564525604
42,C0,1319,0.16078245639801025,0.16078245639801025
42,C0,1320,0.24792219698429108,0.24792219698429108
42,C0,1321,0.19893202185630798,0.19893202185630798
42,C0,1322,0.26782119274139404,0.26782119274139404
42,C0,1323,0.2546631097793579,0.2546631097793579
42,C0,1324,0.22340238094329834,0.22340238094329834
42,C0,1325,0.2644718885421753,0.2644718885421753
42,C0,1326,0.27148228883743286,0.27148228883743286
42,C0,1327,0.2613913416862488,0.2613913416862488
42,C0,1328,0.19843679666519165,0.19843679666519165
42,C0,1329,0.2620067596435547,0.2620067596435547
42,C0,1330,0.21939852833747864,0.21939852833747864
42,C0,1331,0.2273896485567093,0.2273896485567093
42,C0,1332,0.23052912950515747,0.23052912950515747
42,C0,1333,0.22174832224845886,0.22174832224845886
42,C0,1334,0.2441641092300415,0.2441641092300415
42,C0,1335,0.20407959818840027,0.20407959818840027
42,C0,1336,0.2331879734992981,0.2331879734992981
42,C0,1337,0.3000921607017517,0.3000921607017517
42,C0,1338,0.24797308444976807,0.24797308444976807
42,C0,1339,0.22748678922653198,0.22748678922653198
42,C0,1340,0.25263577699661255,0.25263577699661255
42,C0,1341,0.19045837223529816,0.19045837223529816
42,C0,1342,0.22799299657344818,0.22799299657344818
42,C0,1343,0.27030301094055176,0.27030301094055176
42,C0,1344,0.20317122340202332,0.20317122340202332
42,C0,1345,0.22254949808120728,0.22254949808120728
42,C0,1346,0.19192247092723846,0.19192247092723846
42,C0,1347,0.21672439575195312,0.21672439575195312
42,C0,1348,0.22694608569145203,0.22694608569145203
42,C0,1349,0.21682600677013397,0.21682600677013397
42,C0,1350,0.22205661237239838,0.22205661237239838
42,C0,1351,0.21863426268100739,0.21863426268100739
42,C0,1352,0.2241230010986328,0.2241230010986328
42,C0,1353,0.21161898970603943,0.21161898970603943
42,C0,1354,0.25281450152397156,0.25281450152397156
42,C0,1355,0.26726242899894714,0.26726242899894714
42,C0,1356,0.270454466342926,0.270454466342926
42,C0,1357,0.20371174812316895,0.20371174812316895
42,C0,1358,0.25817790627479553,0.25817790627479553
42,C0,1359,0.21429035067558289,0.21429035067558289
42,C0,1360,0.19797348976135254,0.19797348976135254
42,C0,1361,0.25315988063812256,0.25315988063812256
42,C0,1362,0.24224933981895447,0.24224933981895447
42,C0,1363,0.19051843881607056,0.19051843881607056
42,C0,1364,0.2323116958141327,0.2323116958141327
42,C0,1365,0.22119414806365967,0.22119414806365967
42,C0,1366,0.24533480405807495,0.24533480405807495
42,C0,1367,0.2320260852575302,0.2320260852575302
42,C0,1368,0.21546584367752075,0.21546584367752075
42,C0,1369,0.2694304287433624,0.2694304287433624
42,C0,1370,0.18025928735733032,0.18025928735733032
42,C0,1371,0.18819549679756165,0.18819549679756165
42,C0,1372,0.1919337809085846,0.1919337809085846
42,C0,1373,0.2228042185306549,0.2228042185306549
42,C0,1374,0.16563618183135986,0.16563618183135986
42,C0,1375,0.23206980526447296,0.23206980526447296
42,C0,1376,0.2310439646244049,0.2310439646244049
42,C0,1377,0.20944154262542725,0.20944154262542725
42,C0,1378,0.22372284531593323,0.22372284531593323
42,C0,1379,0.24974162876605988,0.24974162876605988
42,C0,1380,0.27327513694763184,0.27327513694763184
42,C0,1381,0.2120584398508072,0.2120584398508072
42,C0,1382,0.2454981654882431,0.2454981654882431
42,C0,1383,0.2503799498081207,0.2503799498081207
42,C0,1384,0.2004902958869934,0.2004902958869934
42,C0,1385,0.2385578751564026,0.2385578751564026
42,C0,1386,0.22855141758918762,0.22855141758918762
42,C0,1387,0.2526569664478302,0.2526569664478302
42,C0,1388,0.23757416009902954,0.23757416009902954
42,C0,1389,0.23294919729232788,0.23294919729232788
42,C0,1390,0.2894178330898285,0.2894178330898285
42,C0,1391,0.23792453110218048,0.23792453110218048
42,C0,1392,0.23972991108894348,0.23972991108894348
42,C0,1393,0.26797765493392944,0.26797765493392944
42,C0,1394,0.222975954413414,0.222975954413414
42,C0,1395,0.20444093644618988,0.20444093644618988
42,C0,1396,0.22356562316417694,0.22356562316417694
42,C0,1397,0.20622330904006958,0.20622330904006958
42,C0,1398,0.2418283224105835,0.2418283224105835
42,C0,1399,0.2840054929256439,0.2840054929256439
42,C0,1400,0.21411189436912537,0.21411189436912537
42,C0,1401,0.21629589796066284,0.21629589796066284
42,C0,1402,0.26977771520614624,0.26977771520614624
42,C0,1403,0.20491324365139008,0.20491324365139008
42,C0,1404,0.2069145292043686,0.2069145292043686
42,C0,1405,0.22500672936439514,0.22500672936439514
42,C0,1406,0.28347742557525635,0.28347742557525635
42,C0,1407,0.26096293330192566,0.26096293330192566
42,C0,1408,0.25259876251220703,0.25259876251220703
42,C0,1409,0.21144086122512817,0.21144086122512817
42,C0,1410,0.2331840693950653,0.2331840693950653
42,C0,1411,0.25357699394226074,0.25357699394226074
42,C0,1412,0.2504419684410095,0.2504419684410095
42,C0,1413,0.19939590990543365,0.19939590990543365
42,C0,1414,0.24148167669773102,0.24148167669773102
42,C0,1415,0.34097617864608765,0.34097617864608765
42,C0,1416,0.23270002007484436,0.23270002007484436
42,C0,1417,0.23152391612529755,0.23152391612529755
42,C0,1418,0.2450295090675354,0.2450295090675354
42,C0,1419,0.22293713688850403,0.22293713688850403
42,C0,1420,0.2873137891292572,0.2873137891292572
42,C0,1421,0.2756064832210541,0.2756064832210541
42,C0,1422,0.24120616912841797,0.24120616912841797
42,C0,1423,0.2393401563167572,0.2393401563167572
42,C0,1424,0.23244540393352509,0.23244540393352509
42,C0,1425,0.2457226812839508,0.2457226812839508
42,C0,1426,0.23130270838737488,0.23130270838737488
42,C0,1427,0.25062230229377747,0.25062230229377747
42,C0,1428,0.2412077784538269,0.2412077784538269
42,C0,1429,0.24223361909389496,0.24223361909389496
42,C0,1430,0.21735064685344696,0.21735064685344696
42,C0,1431,0.21165892481803894,0.21165892481803894
42,C0,1432,0.21861296892166138,0.21861296892166138
42,C0,1433,0.2168223112821579,0.2168223112821579
42,C0,1434,0.2497663050889969,0.2497663050889969
42,C0,1435,0.24028126895427704,0.24028126895427704
42,C0,1436,0.2187008410692215,0.2187008410692215
42,C0,1437,0.2757090926170349,0.2757090926170349
42,C0,1438,0.2550663948059082,0.2550663948059082
42,C0,1439,0.25376397371292114,0.25376397371292114
42,C0,1440,0.19214123487472534,0.19214123487472534
42,C0,1441,0.2145286202430725,0.2145286202430725
42,C0,1442,0.2639215588569641,0.2639215588569641
42,C0,1443,0.19906267523765564,0.19906267523765564
42,C0,1444,0.23110149800777435,0.23110149800777435
42,C0,1445,0.24235954880714417,0.24235954880714417
42,C0,1446,0.1829209178686142,0.1829209178686142
42,C0,1447,0.1965310275554657,0.1965310275554657
42,C0,1448,0.25802481174468994,0.25802481174468994
42,C0,1449,0.23403455317020416,0.23403455317020416
42,C0,1450,0.22418344020843506,0.22418344020843506
42,C0,1451,0.24217143654823303,0.24217143654823303
42,C0,1452,0.1966738998889923,0.1966738998889923
42,C0,1453,0.1943368911743164,0.1943368911743164
42,C0,1454,0.17084674537181854,0.17084674537181854
42,C0,1455,0.2269725203514099,0.2269725203514099
42,C0,1456,0.1901160180568695,0.1901160180568695
42,C0,1457,0.2322503924369812,0.2322503924369812
42,C0,1458,0.20166738331317902,0.20166738331317902
42,C0,1459,0.2002810835838318,0.2002810835838318
42,C0,1460,0.19013187289237976,0.19013187289237976
42,C0,1461,0.18990938365459442,0.18990938365459442
42,C0,1462,0.22814056277275085,0.22814056277275085
42,C0,1463,0.2654067873954773,0.2654067873954773
42,C0,1464,0.25044116377830505,0.25044116377830505
42,C0,1465,0.2867221534252167,0.2867221534252167
42,C0,1466,0.2804306745529175,0.2804306745529175
42,C0,1467,0.26663631200790405,0.26663631200790405
42,C0,1468,0.29696428775787354,0.29696428775787354
42,C0,1469,0.24251914024353027,0.24251914024353027
42,C0,1470,0.19903162121772766,0.19903162121772766
42,C0,1471,0.2772030830383301,0.2772030830383301
42,C0,1472,0.22444406151771545,0.22444406151771545
42,C0,1473,0.23146863281726837,0.23146863281726837
42,C0,1474,0.2531754970550537,0.2531754970550537
42,C0,1475,0.22891928255558014,0.22891928255558014
42,C0,1476,0.17954504489898682,0.17954504489898682
42,C0,1477,0.2919764220714569,0.2919764220714569
42,C0,1478,0.20825695991516113,0.20825695991516113
42,C0,1479,0.24525964260101318,0.24525964260101318
42,C0,1480,0.2621355950832367,0.2621355950832367
42,C0,1481,0.23403075337409973,0.23403075337409973
42,C0,1482,0.26784542202949524,0.26784542202949524
42,C0,1483,0.22583593428134918,0.22583593428134918
42,C0,1484,0.20752274990081787,0.20752274990081787
42,C0,1485,0.22828803956508636,0.22828803956508636
42,C0,1486,0.22162988781929016,0.22162988781929016
42,C0,1487,0.209217369556427,0.209217369556427
42,C0,1488,0.26884013414382935,0.26884013414382935
42,C0,1489,0.2389192283153534,0.2389192283153534
42,C0,1490,0.19282257556915283,0.19282257556915283
42,C0,1491,0.2229621857404709,0.2229621857404709
42,C0,1492,0.24685713648796082,0.24685713648796082
42,C0,1493,0.20681899785995483,0.20681899785995483
42,C0,1494,0.25212928652763367,0.25212928652763367
42,C0,1495,0.21552401781082153,0.21552401781082153
42,C0,1496,0.2206602692604065,0.2206602692604065
42,C0,1497,0.20713485777378082,0.20713485777378082
42,C0,1498,0.19868654012680054,0.19868654012680054
42,C0,1499,0.22732004523277283,0.22732004523277283
42,C0,1500,0.2102036476135254,0.2102036476135254
42,C0,1501,0.14198842644691467,0.14198842644691467
42,C0,1502,0.2540516257286072,0.2540516257286072
42,C0,1503,0.23727759718894958,0.23727759718894958
42,C0,1504,0.23298944532871246,0.23298944532871246
42,C0,1505,0.212964728474617,0.212964728474617
42,C0,1506,0.25934305787086487,0.25934305787086487
42,C0,1507,0.25185123085975647,0.25185123085975647
42,C0,1508,0.23017381131649017,0.23017381131649017
42,C0,1509,0.21507854759693146,0.21507854759693146
42,C0,1510,0.22353538870811462,0.22353538870811462
42,C0,1511,0.16536562144756317,0.16536562144756317
42,C0,1512,0.22683601081371307,0.22683601081371307
42,C0,1513,0.1969391107559204,0.1969391107559204
42,C0,1514,0.25933003425598145,0.25933003425598145
42,C0,1515,0.24520529806613922,0.24520529806613922
42,C0,1516,0.2304638922214508,0.2304638922214508
42,C0,1517,0.17649556696414948,0.17649556696414948
42,C0,1518,0.17700016498565674,0.17700016498565674
42,C0,1519,0.2592284083366394,0.2592284083366394
42,C0,1520,0.23032836616039276,0.23032836616039276
42,C0,1521,0.2126053273677826,0.2126053273677826
42,C0,1522,0.295686811208725,0.295686811208725
42,C0,1523,0.25318002700805664,0.25318002700805664
42,C0,1524,0.1660577952861786,0.1660577952861786
42,C0,1525,0.2571774125099182,0.2571774125099182
42,C0,1526,0.2521381974220276,0.2521381974220276
42,C0,1527,0.20301088690757751,0.20301088690757751
42,C0,1528,0.18350252509117126,0.18350252509117126
42,C0,1529,0.2179548442363739,0.2179548442363739
42,C0,1530,0.258899986743927,0.258899986743927
42,C0,1531,0.22091498970985413,0.22091498970985413
42,C0,1532,0.28662344813346863,0.28662344813346863
42,C0,1533,0.22146925330162048,0.22146925330162048
42,C0,1534,0.20608198642730713,0.20608198642730713
42,C0,1535,0.25565508008003235,0.25565508008003235
42,C0,1536,0.2731972932815552,0.2731972932815552
42,C0,1537,0.20794299244880676,0.20794299244880676
42,C0,1538,0.22133047878742218,0.22133047878742218
42,C0,1539,0.26151901483535767,0.26151901483535767
42,C0,1540,0.21967558562755585,0.21967558562755585
42,C0,1541,0.2347431629896164,0.2347431629896164
42,C0,1542,0.2638373374938965,0.2638373374938965
42,C0,1543,0.19145259261131287,0.19145259261131287
42,C0,1544,0.17713065445423126,0.17713065445423126
42,C0,1545,0.12440232932567596,0.12440232932567596
42,C0,1546,0.20979683101177216,0.20979683101177216
42,C0,1547,0.2732517123222351,0.2732517123222351
42,C0,1548,0.24283337593078613,0.24283337593078613
42,C0,1549,0.22825327515602112,0.22825327515602112
42,C0,1550,0.28014305233955383,0.28014305233955383
42,C0,1551,0.26230815052986145,0.26230815052986145
42,C0,1552,0.23698113858699799,0.23698113858699799
42,C0,1553,0.21744099259376526,0.21744099259376526
42,C0,1554,0.22230252623558044,0.22230252623558044
42,C0,1555,0.2689715623855591,0.2689715623855591
42,C0,1556,0.2352195829153061,0.2352195829153061
42,C0,1557,0.19431382417678833,0.19431382417678833
42,C0,1558,0.2088165134191513,0.2088165134191513
42,C0,1559,0.221581369638443,0.221581369638443
42,C0,1560,0.20565596222877502,0.20565596222877502
42,C0,1561,0.2435523420572281,0.2435523420572281
42,C0,1562,0.2292344868183136,0.2292344868183136
42,C0,1563,0.23687832057476044,0.23687832057476044
42,C0,1564,0.23396435379981995,0.23396435379981995
42,C0,1565,0.2451019138097763,0.2451019138097763
42,C0,1566,0.16400320827960968,0.16400320827960968
42,C0,1567,0.26773062348365784,0.26773062348365784
42,C0,1568,0.24513262510299683,0.24513262510299683
42,C0,1569,0.20409458875656128,0.20409458875656128
42,C0,1570,0.21575452387332916,0.21575452387332916
42,C0,1571,0.23582036793231964,0.23582036793231964
42,C0,1572,0.19125418365001678,0.19125418365001678
42,C0,1573,0.2374778687953949,0.2374778687953949
42,C0,1574,0.26852118968963623,0.26852118968963623
42,C0,1575,0.22768354415893555,0.22768354415893555
42,C0,1576,0.21594376862049103,0.21594376862049103
42,C0,1577,0.2805980145931244,0.2805980145931244
42,C0,1578,0.2624238133430481,0.2624238133430481
42,C0,1579,0.2353871911764145,0.2353871911764145
42,C0,1580,0.19065186381340027,0.19065186381340027
42,C0,1581,0.2717421352863312,0.2717421352863312
42,C0,1582,0.23321205377578735,0.23321205377578735
42,C0,1583,0.2666562497615814,0.2666562497615814
42,C0,1584,0.2466925084590912,0.2466925084590912
42,C0,1585,0.22219842672348022,0.22219842672348022
42,C0,1586,0.20854103565216064,0.20854103565216064
42,C0,1587,0.22284550964832306,0.22284550964832306
42,C0,1588,0.26712924242019653,0.26712924242019653
42,C0,1589,0.17528164386749268,0.17528164386749268
42,C0,1590,0.16939660906791687,0.16939660906791687
42,C0,1591,0.2612687349319458,0.2612687349319458
42,C0,1592,0.19558760523796082,0.19558760523796082
42,C0,1593,0.2273188978433609,0.2273188978433609
42,C0,1594,0.1512126922607422,0.1512126922607422
42,C0,1595,0.1827404648065567,0.1827404648065567
42,C0,1596,0.20059296488761902,0.20059296488761902
42,C0,1597,0.2285437285900116,0.2285437285900116
42,C0,1598,0.22482573986053467,0.22482573986053467
42,C0,1599,0.2398073524236679,0.2398073524236679
42,C0,1600,0.21590296924114227,0.21590296924114227
42,C0,1601,0.22932855784893036,0.22932855784893036
42,C0,1602,0.25819891691207886,0.25819891691207886
42,C0,1603,0.18709403276443481,0.18709403276443481
42,C0,1604,0.22899465262889862,0.22899465262889862
42,C0,1605,0.21801868081092834,0.21801868081092834
42,C0,1606,0.18511006236076355,0.18511006236076355
42,C0,1607,0.1896020770072937,0.1896020770072937
42,C0,1608,0.22809955477714539,0.22809955477714539
42,C0,1609,0.22326314449310303,0.22326314449310303
42,C0,1610,0.2094137966632843,0.2094137966632843
42,C0,1611,0.17970915138721466,0.17970915138721466
42,C0,1612,0.2189033329486847,0.2189033329486847
42,C0,1613,0.24824678897857666,0.24824678897857666
42,C0,1614,0.2620057761669159,0.2620057761669159
42,C0,1615,0.28346478939056396,0.28346478939056396
42,C0,1616,0.18063212931156158,0.18063212931156158
42,C0,1617,0.24573490023612976,0.24573490023612976
42,C0,1618,0.27593639492988586,0.27593639492988586
42,C0,1619,0.22808358073234558,0.22808358073234558
42,C0,1620,0.21788644790649414,0.21788644790649414
42,C0,1621,0.2703491449356079,0.2703491449356079
42,C0,1622,0.1878860890865326,0.1878860890865326
42,C0,1623,0.2125714123249054,0.2125714123249054
42,C0,1624,0.1963454782962799,0.1963454782962799
42,C0,1625,0.24017640948295593,0.24017640948295593
42,C0,1626,0.21031838655471802,0.21031838655471802
42,C0,1627,0.18198400735855103,0.18198400735855103
42,C0,1628,0.2544487714767456,0.2544487714767456
42,C0,1629,0.23316431045532227,0.23316431045532227
42,C0,1630,0.17365701496601105,0.17365701496601105
42,C0,1631,0.2835195064544678,0.2835195064544678
42,C0,1632,0.22728608548641205,0.22728608548641205
42,C0,1633,0.21309006214141846,0.21309006214141846
42,C0,1634,0.21294794976711273,0.21294794976711273
42,C0,1635,0.20290014147758484,0.20290014147758484
42,C0,1636,0.290702223777771,0.290702223777771
42,C0,1637,0.19241952896118164,0.19241952896118164
42,C0,1638,0.17345201969146729,0.17345201969146729
42,C0,1639,0.17633017897605896,0.17633017897605896
42,C0,1640,0.24659326672554016,0.24659326672554016
42,C0,1641,0.2246697098016739,0.2246697098016739
42,C0,1642,0.20501744747161865,0.20501744747161865
42,C0,1643,0.20458826422691345,0.20458826422691345
42,C0,1644,0.2301383912563324,0.2301383912563324
42,C0,1645,0.24774809181690216,0.24774809181690216
42,C0,1646,0.22127817571163177,0.22127817571163177
42,C0,1647,0.2689589262008667,0.2689589262008667
42,C0,1648,0.21176476776599884,0.21176476776599884
42,C0,1649,0.21609655022621155,0.21609655022621155
42,C0,1650,0.18313176929950714,0.18313176929950714
42,C0,1651,0.2181204855442047,0.2181204855442047
42,C0,1652,0.2537909150123596,0.2537909150123596
42,C0,1653,0.23684853315353394,0.23684853315353394
42,C0,1654,0.29013651609420776,0.29013651609420776
42,C0,1655,0.27975568175315857,0.27975568175315857
42,C0,1656,0.2258906364440918,0.2258906364440918
42,C0,1657,0.22699935734272003,0.22699935734272003
42,C0,1658,0.19285571575164795,0.19285571575164795
42,C0,1659,0.2242133915424347,0.2242133915424347
42,C0,1660,0.2206844985485077,0.2206844985485077
42,C0,1661,0.3108534812927246,0.3108534812927246
42,C0,1662,0.24269405007362366,0.24269405007362366
42,C0,1663,0.22788406908512115,0.22788406908512115
42,C0,1664,0.22409510612487793,0.22409510612487793
42,C0,1665,0.21849852800369263,0.21849852800369263
42,C0,1666,0.21930968761444092,0.21930968761444092
42,C0,1667,0.20372137427330017,0.20372137427330017
42,C0,1668,0.2200823724269867,0.2200823724269867
42,C0,1669,0.2823132276535034,0.2823132276535034
42,C0,1670,0.22226229310035706,0.22226229310035706
42,C0,1671,0.24856506288051605,0.24856506288051605
42,C0,1672,0.20413930714130402,0.20413930714130402
42,C0,1673,0.2535060942173004,0.2535060942173004
42,C0,1674,0.2665691077709198,0.2665691077709198
42,C0,1675,0.2405507117509842,0.2405507117509842
42,C0,1676,0.21347330510616302,0.21347330510616302
42,C0,1677,0.2277437448501587,0.2277437448501587
42,C0,1678,0.2926429808139801,0.2926429808139801
42,C0,1679,0.21443724632263184,0.21443724632263184
42,C0,1680,0.20921094715595245,0.20921094715595245
42,C0,1681,0.25070470571517944,0.25070470571517944
42,C0,1682,0.2590957581996918,0.2590957581996918
42,C0,1683,0.2708626985549927,0.2708626985549927
42,C0,1684,0.2546466588973999,0.2546466588973999
42,C0,1685,0.18730127811431885,0.18730127811431885
42,C0,1686,0.2343849241733551,0.2343849241733551
42,C0,1687,0.3029337227344513,0.3029337227344513
42,C0,1688,0.1899009495973587,0.1899009495973587
42,C0,1689,0.23588071763515472,0.23588071763515472
42,C0,1690,0.22099669277668,0.22099669277668
42,C0,1691,0.16560661792755127,0.16560661792755127
42,C0,1692,0.20446595549583435,0.20446595549583435
42,C0,1693,0.24280604720115662,0.24280604720115662
42,C0,1694,0.23555445671081543,0.23555445671081543
42,C0,1695,0.31146615743637085,0.31146615743637085
42,C0,1696,0.24452583491802216,0.24452583491802216
42,C0,1697,0.17314603924751282,0.17314603924751282
42,C0,1698,0.21306529641151428,0.21306529641151428
42,C0,1699,0.2725756764411926,0.2725756764411926
42,C0,1700,0.2106209695339203,0.2106209695339203
42,C0,1701,0.1908269226551056,0.1908269226551056
42,C0,1702,0.2435941994190216,0.2435941994190216
42,C0,1703,0.17359815537929535,0.17359815537929535
42,C0,1704,0.25889912247657776,0.25889912247657776
42,C0,1705,0.2169230431318283,0.2169230431318283
42,C0,1706,0.20918488502502441,0.20918488502502441
42,C0,1707,0.21616248786449432,0.21616248786449432
42,C0,1708,0.25588077306747437,0.25588077306747437
42,C0,1709,0.2202511727809906,0.2202511727809906
42,C0,1710,0.189741313457489,0.189741313457489
42,C0,1711,0.2874753773212433,0.2874753773212433
42,C0,1712,0.23036351799964905,0.23036351799964905
42,C0,1713,0.21094107627868652,0.21094107627868652
42,C0,1714,0.2467755824327469,0.2467755824327469
42,C0,1715,0.19042254984378815,0.19042254984378815
42,C0,1716,0.2575882077217102,0.2575882077217102
42,C0,1717,0.2395135909318924,0.2395135909318924
42,C0,1718,0.18512190878391266,0.18512190878391266
42,C0,1719,0.13567966222763062,0.13567966222763062
42,C0,1720,0.2580605149269104,0.2580605149269104
42,C0,1721,0.21126113831996918,0.21126113831996918
42,C0,1722,0.2394564151763916,0.2394564151763916
42,C0,1723,0.13668614625930786,0.13668614625930786
42,C0,1724,0.23730094730854034,0.23730094730854034
42,C0,1725,0.269915908575058,0.269915908575058
42,C0,1726,0.21637548506259918,0.21637548506259918
42,C0,1727,0.21879923343658447,0.21879923343658447
42,C0,1728,0.2426586151123047,0.2426586151123047
42,C0,1729,0.25735294818878174,0.25735294818878174
42,C0,1730,0.2510882019996643,0.2510882019996643
42,C0,1731,0.22719025611877441,0.22719025611877441
42,C0,1732,0.19912850856781006,0.19912850856781006
42,C0,1733,0.23051181435585022,0.23051181435585022
42,C0,1734,0.21597711741924286,0.21597711741924286
42,C0,1735,0.24053433537483215,0.24053433537483215
42,C0,1736,0.22893553972244263,0.22893553972244263
42,C0,1737,0.22863100469112396,0.22863100469112396
42,C0,1738,0.2282775491476059,0.2282775491476059
42,C0,1739,0.2646031379699707,0.2646031379699707
42,C0,1740,0.22676345705986023,0.22676345705986023
42,C0,1741,0.2153250277042389,0.2153250277042389
42,C0,1742,0.26247650384902954,0.26247650384902954
42,C0,1743,0.22164243459701538,0.22164243459701538
42,C0,1744,0.20058467984199524,0.20058467984199524
42,C0,1745,0.2238323986530304,0.2238323986530304
42,C0,1746,0.17908678948879242,0.17908678948879242
42,C0,1747,0.26878631114959717,0.26878631114959717
42,C0,1748,0.22054243087768555,0.22054243087768555
42,C0,1749,0.2697763442993164,0.2697763442993164
42,C0,1750,0.2643161714076996,0.2643161714076996
42,C0,1751,0.2155660092830658,0.2155660092830658
42,C0,1752,0.21004413068294525,0.21004413068294525
42,C0,1753,0.2579112648963928,0.2579112648963928
42,C0,1754,0.24065564572811127,0.24065564572811127
42,C0,1755,0.20684011280536652,0.20684011280536652
42,C0,1756,0.22710201144218445,0.22710201144218445
42,C0,1757,0.20002496242523193,0.20002496242523193
42,C0,1758,0.23309415578842163,0.23309415578842163
42,C0,1759,0.19220072031021118,0.19220072031021118
42,C0,1760,0.25218161940574646,0.25218161940574646
42,C0,1761,0.27843451499938965,0.27843451499938965
42,C0,1762,0.22099217772483826,0.22099217772483826
42,C0,1763,0.26052162051200867,0.26052162051200867
42,C0,1764,0.23976144194602966,0.23976144194602966
42,C0,1765,0.21201567351818085,0.21201567351818085
42,C0,1766,0.22854293882846832,0.22854293882846832
42,C0,1767,0.21168920397758484,0.21168920397758484
42,C0,1768,0.2651962339878082,0.2651962339878082
42,C0,1769,0.19137904047966003,0.19137904047966003
42,C0,1770,0.2181050032377243,0.2181050032377243
42,C0,1771,0.2526738941669464,0.2526738941669464
42,C0,1772,0.24884538352489471,0.24884538352489471
42,C0,1773,0.28614842891693115,0.28614842891693115
42,C0,1774,0.22328677773475647,0.22328677773475647
42,C0,1775,0.2433043122291565,0.2433043122291565
42,C0,1776,0.19920936226844788,0.19920936226844788
42,C0,1777,0.19037657976150513,0.19037657976150513
42,C0,1778,0.25222665071487427,0.25222665071487427
42,C0,1779,0.23291508853435516,0.23291508853435516
42,C0,1780,0.2701614499092102,0.2701614499092102
42,C0,1781,0.23115290701389313,0.23115290701389313
42,C0,1782,0.25095662474632263,0.25095662474632263
42,C0,1783,0.20263038575649261,0.20263038575649261
42,C0,1784,0.17829054594039917,0.17829054594039917
42,C0,1785,0.23105120658874512,0.23105120658874512
42,C0,1786,0.28274068236351013,0.28274068236351013
42,C0,1787,0.24293974041938782,0.24293974041938782
42,C0,1788,0.20291000604629517,0.20291000604629517
42,C0,1789,0.1893550306558609,0.1893550306558609
42,C0,1790,0.27644890546798706,0.27644890546798706
42,C0,1791,0.183248832821846,0.183248832821846
42,C0,1792,0.2056509256362915,0.2056509256362915
42,C0,1793,0.23929363489151,0.23929363489151
42,C0,1794,0.2489326149225235,0.2489326149225235
42,C0,1795,0.23898527026176453,0.23898527026176453
42,C0,1796,0.20816652476787567,0.20816652476787567
42,C0,1797,0.21598872542381287,0.21598872542381287
42,C0,1798,0.185896635055542,0.185896635055542
42,C0,1799,0.23507466912269592,0.23507466912269592
42,C0,1800,0.26536422967910767,0.26536422967910767
42,C0,1801,0.20603761076927185,0.20603761076927185
42,C0,1802,0.19691678881645203,0.19691678881645203
42,C0,1803,0.22045795619487762,0.22045795619487762
42,C0,1804,0.22466301918029785,0.22466301918029785
42,C0,1805,0.25056833028793335,0.25056833028793335
42,C0,1806,0.26372796297073364,0.26372796297073364
42,C0,1807,0.27578064799308777,0.27578064799308777
42,C0,1808,0.18540015816688538,0.18540015816688538
42,C0,1809,0.2607682943344116,0.2607682943344116
42,C0,1810,0.2516250014305115,0.2516250014305115
42,C0,1811,0.22512248158454895,0.22512248158454895
42,C0,1812,0.19586223363876343,0.19586223363876343
42,C0,1813,0.2174115777015686,0.2174115777015686
42,C0,1814,0.24583283066749573,0.24583283066749573
42,C0,1815,0.2218441367149353,0.2218441367149353
42,C0,1816,0.20793402194976807,0.20793402194976807
42,C0,1817,0.215796560049057,0.215796560049057
42,C0,1818,0.22118911147117615,0.22118911147117615
42,C0,1819,0.22937563061714172,0.22937563061714172
42,C0,1820,0.20708566904067993,0.20708566904067993
42,C0,1821,0.28824084997177124,0.28824084997177124
42,C0,1822,0.2326717972755432,0.2326717972755432
42,C0,1823,0.20650768280029297,0.20650768280029297
42,C0,1824,0.23869723081588745,0.23869723081588745
42,C0,1825,0.24723637104034424,0.24723637104034424
42,C0,1826,0.1676584631204605,0.1676584631204605
42,C0,1827,0.32676607370376587,0.32676607370376587
42,C0,1828,0.156705841422081,0.156705841422081
42,C0,1829,0.25690025091171265,0.25690025091171265
42,C0,1830,0.23805195093154907,0.23805195093154907
42,C0,1831,0.21736574172973633,0.21736574172973633
42,C0,1832,0.1884819120168686,0.1884819120168686
42,C0,1833,0.18147088587284088,0.18147088587284088
42,C0,1834,0.26569417119026184,0.26569417119026184
42,C0,1835,0.20316943526268005,0.20316943526268005
42,C0,1836,0.2585880160331726,0.2585880160331726
42,C0,1837,0.2122659534215927,0.2122659534215927
42,C0,1838,0.27024704217910767,0.27024704217910767
42,C0,1839,0.26904433965682983,0.26904433965682983
42,C0,1840,0.23894470930099487,0.23894470930099487
42,C0,1841,0.24610668420791626,0.24610668420791626
42,C0,1842,0.22006255388259888,0.22006255388259888
42,C0,1843,0.2544112801551819,0.2544112801551819
42,C0,1844,0.3040716350078583,0.3040716350078583
42,C0,1845,0.19252559542655945,0.19252559542655945
42,C0,1846,0.2542271614074707,0.2542271614074707
42,C0,1847,0.2482890486717224,0.2482890486717224
42,C0,1848,0.28865259885787964,0.28865259885787964
42,C0,1849,0.2304181605577469,0.2304181605577469
42,C0,1850,0.14728903770446777,0.14728903770446777
42,C0,1851,0.21983817219734192,0.21983817219734192
42,C0,1852,0.2066715657711029,0.2066715657711029
42,C0,1853,0.23107218742370605,0.23107218742370605
42,C0,1854,0.23164881765842438,0.23164881765842438
42,C0,1855,0.21357658505439758,0.21357658505439758
42,C0,1856,0.21882444620132446,0.21882444620132446
42,C0,1857,0.16324178874492645,0.16324178874492645
42,C0,1858,0.19868269562721252,0.19868269562721252
42,C0,1859,0.1755092740058899,0.1755092740058899
42,C0,1860,0.24996088445186615,0.24996088445186615
42,C0,1861,0.22697532176971436,0.22697532176971436
42,C0,1862,0.2525460124015808,0.2525460124015808
42,C0,1863,0.27661746740341187,0.27661746740341187
42,C0,1864,0.2052038609981537,0.2052038609981537
42,C0,1865,0.22916726768016815,0.22916726768016815
42,C0,1866,0.2867909371852875,0.2867909371852875
42,C0,1867,0.1994228959083557,0.1994228959083557
42,C0,1868,0.21768692135810852,0.21768692135810852
42,C0,1869,0.16424678266048431,0.16424678266048431
42,C0,1870,0.21212734282016754,0.21212734282016754
42,C0,1871,0.21502698957920074,0.21502698957920074
42,C0,1872,0.19058801233768463,0.19058801233768463
42,C0,1873,0.2145647406578064,0.2145647406578064
42,C0,1874,0.2725105881690979,0.2725105881690979
42,C0,1875,0.2910219430923462,0.2910219430923462
42,C0,1876,0.26882392168045044,0.26882392168045044
42,C0,1877,0.2016330361366272,0.2016330361366272
42,C0,1878,0.2338535487651825,0.2338535487651825
42,C0,1879,0.21574684977531433,0.21574684977531433
42,C0,1880,0.23297351598739624,0.23297351598739624
42,C0,1881,0.21129189431667328,0.21129189431667328
42,C0,1882,0.1793024241924286,0.1793024241924286
42,C0,1883,0.22937177121639252,0.22937177121639252
42,C0,1884,0.17882545292377472,0.17882545292377472
42,C0,1885,0.22154197096824646,0.22154197096824646
42,C0,1886,0.17859189212322235,0.17859189212322235
42,C0,1887,0.21384881436824799,0.21384881436824799
42,C0,1888,0.22127023339271545,0.22127023339271545
42,C0,1889,0.29149848222732544,0.29149848222732544
42,C0,1890,0.2628324627876282,0.2628324627876282
42,C0,1891,0.1821194291114807,0.1821194291114807
42,C0,1892,0.22752048075199127,0.22752048075199127
42,C0,1893,0.2073272168636322,0.2073272168636322
42,C0,1894,0.264329731464386,0.264329731464386
42,C0,1895,0.24502772092819214,0.24502772092819214
42,C0,1896,0.2128002643585205,0.2128002643585205
42,C0,1897,0.19568154215812683,0.19568154215812683
42,C0,1898,0.25314563512802124,0.25314563512802124
42,C0,1899,0.2228037267923355,0.2228037267923355
42,C0,1900,0.2335318922996521,0.2335318922996521
42,C0,1901,0.21700796484947205,0.21700796484947205
42,C0,1902,0.23356886208057404,0.23356886208057404
42,C0,1903,0.1958293914794922,0.1958293914794922
42,C0,1904,0.1884271502494812,0.1884271502494812
42,C0,1905,0.26871970295906067,0.26871970295906067
42,C0,1906,0.2902015745639801,0.2902015745639801
42,C0,1907,0.2297927290201187,0.2297927290201187
42,C0,1908,0.23393705487251282,0.23393705487251282
42,C0,1909,0.217294380068779,0.217294380068779
42,C0,1910,0.2736833095550537,0.2736833095550537
42,C0,1911,0.2359379380941391,0.2359379380941391
42,C0,1912,0.19291435182094574,0.19291435182094574
42,C0,1913,0.20495079457759857,0.20495079457759857
42,C0,1914,0.17535468935966492,0.17535468935966492
42,C0,1915,0.23234325647354126,0.23234325647354126
42,C0,1916,0.27217161655426025,0.27217161655426025
42,C0,1917,0.22888246178627014,0.22888246178627014
42,C0,1918,0.2081393003463745,0.2081393003463745
42,C0,1919,0.1612541526556015,0.1612541526556015
42,C0,1920,0.2390892505645752,0.2390892505645752
42,C0,1921,0.2472074329853058,0.2472074329853058
42,C0,1922,0.2516134977340698,0.2516134977340698
42,C0,1923,0.2464466094970703,0.2464466094970703
42,C0,1924,0.254756361246109,0.254756361246109
42,C0,1925,0.15866711735725403,0.15866711735725403
42,C0,1926,0.19777171313762665,0.19777171313762665
42,C0,1927,0.2597440779209137,0.2597440779209137
42,C0,1928,0.22078654170036316,0.22078654170036316
42,C0,1929,0.21576160192489624,0.21576160192489624
42,C0,1930,0.23658469319343567,0.23658469319343567
42,C0,1931,0.23707258701324463,0.23707258701324463
42,C0,1932,0.24346669018268585,0.24346669018268585
42,C0,1933,0.17129682004451752,0.17129682004451752
42,C0,1934,0.21540866792201996,0.21540866792201996
42,C0,1935,0.22591249644756317,0.22591249644756317
42,C0,1936,0.2372894585132599,0.2372894585132599
42,C0,1937,0.23344172537326813,0.23344172537326813
42,C0,1938,0.19573640823364258,0.19573640823364258
42,C0,1939,0.25169774889945984,0.25169774889945984
42,C0,1940,0.20814265310764313,0.20814265310764313
42,C0,1941,0.23772677779197693,0.23772677779197693
42,C0,1942,0.21749228239059448,0.21749228239059448
42,C0,1943,0.24685993790626526,0.24685993790626526
42,C0,1944,0.21615293622016907,0.21615293622016907
42,C0,1945,0.2949928641319275,0.2949928641319275
42,C0,1946,0.2316811978816986,0.2316811978816986
42,C0,1947,0.1881239265203476,0.1881239265203476
42,C0,1948,0.19563236832618713,0.19563236832618713
42,C0,1949,0.2512698173522949,0.2512698173522949
42,C0,1950,0.23368296027183533,0.23368296027183533
42,C0,1951,0.20790311694145203,0.20790311694145203
42,C0,1952,0.28022098541259766,0.28022098541259766
42,C0,1953,0.23507225513458252,0.23507225513458252
42,C0,1954,0.28105396032333374,0.28105396032333374
42,C0,1955,0.18885643780231476,0.18885643780231476
42,C0,1956,0.23287272453308105,0.23287272453308105
42,C0,1957,0.20026084780693054,0.20026084780693054
42,C0,1958,0.2589957118034363,0.2589957118034363
42,C0,1959,0.2115832269191742,0.2115832269191742
42,C0,1960,0.1874459832906723,0.1874459832906723
42,C0,1961,0.22298184037208557,0.22298184037208557
42,C0,1962,0.26763659715652466,0.26763659715652466
42,C0,1963,0.23202745616436005,0.23202745616436005
42,C0,1964,0.21510252356529236,0.21510252356529236
42,C0,1965,0.18842735886573792,0.18842735886573792
42,C0,1966,0.20944935083389282,0.20944935083389282
42,C0,1967,0.21703529357910156,0.21703529357910156
42,C0,1968,0.25259050726890564,0.25259050726890564
42,C0,1969,0.2313736528158188,0.2313736528158188
42,C0,1970,0.20669588446617126,0.20669588446617126
42,C0,1971,0.2097471058368683,0.2097471058368683
42,C0,1972,0.2640334665775299,0.2640334665775299
42,C0,1973,0.2518136203289032,0.2518136203289032
42,C0,1974,0.31499743461608887,0.31499743461608887
42,C0,1975,0.20282834768295288,0.20282834768295288
42,C0,1976,0.23222392797470093,0.23222392797470093
42,C0,1977,0.25563251972198486,0.25563251972198486
42,C0,1978,0.22837209701538086,0.22837209701538086
42,C0,1979,0.2465285062789917,0.2465285062789917
42,C0,1980,0.16323870420455933,0.16323870420455933
42,C0,1981,0.24435237050056458,0.24435237050056458
42,C0,1982,0.22894981503486633,0.22894981503486633
42,C0,1983,0.21327871084213257,0.21327871084213257
42,C0,1984,0.2008146345615387,0.2008146345615387
42,C0,1985,0.24744875729084015,0.24744875729084015
42,C0,1986,0.22392277419567108,0.22392277419567108
42,C0,1987,0.23097145557403564,0.23097145557403564
42,C0,1988,0.23919403553009033,0.23919403553009033
42,C0,1989,0.24697960913181305,0.24697960913181305
42,C0,1990,0.25198477506637573,0.25198477506637573
42,C0,1991,0.24823807179927826,0.24823807179927826
42,C0,1992,0.22564612329006195,0.22564612329006195
42,C0,1993,0.26493126153945923,0.26493126153945923
42,C0,1994,0.2716277539730072,0.2716277539730072
42,C0,1995,0.26508480310440063,0.26508480310440063
42,C0,1996,0.28429946303367615,0.28429946303367615
42,C0,1997,0.20610862970352173,0.20610862970352173
42,C0,1998,0.33836841583251953,0.33836841583251953
42,C0,1999,0.23486341536045074,0.23486341536045074
42,C0,2000,0.1997261643409729,0.1997261643409729
42,C1,1,0.48260557651519775,0.6956644058227539
42,C1,2,0.4152958393096924,0.5888617634773254
42,C1,3,0.3612971305847168,0.5172426700592041
42,C1,4,0.38721996545791626,0.5244588255882263
42,C1,5,0.3971429467201233,0.5302451848983765
42,C1,6,0.39484843611717224,0.53138667345047
42,C1,7,0.3740276098251343,0.5044205784797668
42,C1,8,0.36976978182792664,0.5081143975257874
42,C1,9,0.3740761876106262,0.4996819496154785
42,C1,10,0.36550623178482056,0.488257497549057
42,C1,11,0.3221890926361084,0.4386558532714844
42,C1,12,0.30658626556396484,0.4193907380104065
42,C1,13,0.34284400939941406,0.4652772545814514
42,C1,14,0.29248327016830444,0.40833884477615356
42,C1,15,0.2912523150444031,0.40675950050354004
42,C1,16,0.30429840087890625,0.4179128110408783
42,C1,17,0.30722182989120483,0.43278586864471436
42,C1,18,0.3290359675884247,0.4300517141819
42,C1,19,0.3058643341064453,0.441739022731781
42,C1,20,0.39526674151420593,0.5270017385482788
42,C1,21,0.2797289192676544,0.3851144015789032
42,C1,22,0.276541531085968,0.370882511138916
42,C1,23,0.33917105197906494,0.4642850160598755
42,C1,24,0.3106992244720459,0.4331875741481781
42,C1,25,0.25920569896698,0.38018932938575745
42,C1,26,0.3722735643386841,0.49698129296302795
42,C1,27,0.2810506522655487,0.3890010714530945
42,C1,28,0.296164870262146,0.40482082962989807
42,C1,29,0.33493131399154663,0.4496985673904419
42,C1,30,0.3570559024810791,0.4789346158504486
42,C1,31,0.2538946866989136,0.3486180007457733
42,C1,32,0.3377947509288788,0.45967912673950195
42,C1,33,0.2670169770717621,0.363956093788147
42,C1,34,0.3353554904460907,0.438286155462265
42,C1,35,0.33681076765060425,0.4512615203857422
42,C1,36,0.32754868268966675,0.46214786171913147
42,C1,37,0.34542644023895264,0.45747801661491394
42,C1,38,0.2847519814968109,0.3963528871536255
42,C1,39,0.2666807472705841,0.3784503638744354
42,C1,40,0.31836608052253723,0.43301886320114136
42,C1,41,0.2780504524707794,0.38914209604263306
42,C1,42,0.31468868255615234,0.41711723804473877
42,C1,43,0.3103412389755249,0.41167375445365906
42,C1,44,0.3794839382171631,0.5079403519630432
42,C1,45,0.2791330814361572,0.4108336567878723
42,C1,46,0.3521316647529602,0.45047637820243835
42,C1,47,0.27342334389686584,0.36734098196029663
42,C1,48,0.26144763827323914,0.37424010038375854
42,C1,49,0.33519214391708374,0.4566682279109955
42,C1,50,0.24551036953926086,0.3378545641899109
42,C1,51,0.2963404953479767,0.4139488935470581
42,C1,52,0.3378257751464844,0.4572676420211792
42,C1,53,0.307577908039093,0.43192338943481445
42,C1,54,0.3304271996021271,0.4623681902885437
42,C1,55,0.32263433933258057,0.44087618589401245
42,C1,56,0.2859151363372803,0.39498838782310486
42,C1,57,0.2709280252456665,0.38555148243904114
42,C1,58,0.33009207248687744,0.44484996795654297
42,C1,59,0.2860983610153198,0.3863172233104706
42,C1,60,0.317025750875473,0.43801140785217285
42,C1,61,0.2927330732345581,0.3953687250614166
42,C1,62,0.25374120473861694,0.35738396644592285
42,C1,63,0.2933938205242157,0.3960021138191223
42,C1,64,0.2736043334007263,0.36544811725616455
42,C1,65,0.2972142994403839,0.39699968695640564
42,C1,66,0.3200990557670593,0.4258143901824951
42,C1,67,0.34665101766586304,0.4542548656463623
42,C1,68,0.25660184025764465,0.3601430654525757
42,C1,69,0.30628296732902527,0.39128124713897705
42,C1,70,0.250939279794693,0.3764500021934509
42,C1,71,0.29971879720687866,0.41274386644363403
42,C1,72,0.34109431505203247,0.4382343292236328
42,C1,73,0.27053213119506836,0.3929830491542816
42,C1,74,0.27011775970458984,0.3749103546142578
42,C1,75,0.25039398670196533,0.3286266326904297
42,C1,76,0.2534770369529724,0.37383460998535156
42,C1,77,0.3021268844604492,0.3912395238876343
42,C1,78,0.23932917416095734,0.35244303941726685
42,C1,79,0.35227471590042114,0.4579792618751526
42,C1,80,0.3078979551792145,0.4143269658088684
42,C1,81,0.19893836975097656,0.29870525002479553
42,C1,82,0.2325703650712967,0.32869791984558105
42,C1,83,0.2799514830112457,0.3853687047958374
42,C1,84,0.2867816686630249,0.3670697510242462
42,C1,85,0.28865551948547363,0.3982052206993103
42,C1,86,0.17724695801734924,0.2570498287677765
42,C1,87,0.29279381036758423,0.4075106382369995
42,C1,88,0.3155471980571747,0.42276445031166077
42,C1,89,0.33623600006103516,0.4558165967464447
42,C1,90,0.2978507876396179,0.3899488151073456
42,C1,91,0.2526119351387024,0.3358845114707947
42,C1,92,0.28120410442352295,0.38607320189476013
42,C1,93,0.29271072149276733,0.3843342661857605
42,C1,94,0.32089942693710327,0.42884498834609985
42,C1,95,0.2630799114704132,0.36380717158317566
42,C1,96,0.27431419491767883,0.3630170524120331
42,C1,97,0.30199602246284485,0.3996148407459259
42,C1,98,0.23467396199703217,0.31383514404296875
42,C1,99,0.3219185471534729,0.43116024136543274
42,C1,100,0.25191575288772583,0.3398425281047821
42,C1,101,0.2726309895515442,0.37703752517700195
42,C1,102,0.28204545378685,0.3940434455871582
42,C1,103,0.34819692373275757,0.44347190856933594
42,C1,104,0.3261060118675232,0.43455782532691956
42,C1,105,0.2716825604438782,0.35986173152923584
42,C1,106,0.30121177434921265,0.4268774092197418
42,C1,107,0.26270681619644165,0.3840499818325043
42,C1,108,0.27809739112854004,0.3657786250114441
42,C1,109,0.26022881269454956,0.3733029365539551
42,C1,110,0.2900428771972656,0.3900791108608246
42,C1,111,0.2267441749572754,0.3321763575077057
42,C1,112,0.3054797053337097,0.40564149618148804
42,C1,113,0.29146406054496765,0.37368473410606384
42,C1,114,0.27712002396583557,0.37384533882141113
42,C1,115,0.23615998029708862,0.33633673191070557
42,C1,116,0.28083282709121704,0.37050920724868774
42,C1,117,0.27103665471076965,0.3578575551509857
42,C1,118,0.28853946924209595,0.37117186188697815
42,C1,119,0.26981353759765625,0.35313674807548523
42,C1,120,0.27712729573249817,0.383235901594162
42,C1,121,0.30062809586524963,0.4064527451992035
42,C1,122,0.25968244671821594,0.35102126002311707
42,C1,123,0.26430267095565796,0.36621329188346863
42,C1,124,0.2521480619907379,0.3580244481563568
42,C1,125,0.32515305280685425,0.4067055284976959
42,C1,126,0.21653974056243896,0.29345589876174927
42,C1,127,0.2686915993690491,0.3589690327644348
42,C1,128,0.2452620565891266,0.3392195701599121
42,C1,129,0.2934972047805786,0.38879862427711487
42,C1,130,0.2198614478111267,0.3249010741710663
42,C1,131,0.28373807668685913,0.3533346652984619
42,C1,132,0.2769208252429962,0.3863755762577057
42,C1,133,0.3013457953929901,0.4101744592189789
42,C1,134,0.3049717843532562,0.3813956379890442
42,C1,135,0.20696502923965454,0.3022156357765198
42,C1,136,0.3348405957221985,0.43276363611221313
42,C1,137,0.28626638650894165,0.39297354221343994
42,C1,138,0.20153763890266418,0.28234073519706726
42,C1,139,0.23016579449176788,0.32732874155044556
42,C1,140,0.23571324348449707,0.3159756660461426
42,C1,141,0.25655919313430786,0.35978150367736816
42,C1,142,0.2429521381855011,0.32340386509895325
42,C1,143,0.22680652141571045,0.3134496808052063
42,C1,144,0.23836296796798706,0.3438274562358856
42,C1,145,0.2329922914505005,0.3106871545314789
42,C1,146,0.2660355567932129,0.3585747480392456
42,C1,147,0.24630127847194672,0.3284505307674408
42,C1,148,0.2533515691757202,0.33786824345588684
42,C1,149,0.26730096340179443,0.3646586537361145
42,C1,150,0.2556639015674591,0.34941911697387695
42,C1,151,0.3002423644065857,0.3817712664604187
42,C1,152,0.2319711148738861,0.31629645824432373
42,C1,153,0.21866509318351746,0.3212013840675354
42,C1,154,0.2670747637748718,0.3444226086139679
42,C1,155,0.2731545865535736,0.37921756505966187
42,C1,156,0.342578649520874,0.4501776397228241
42,C1,157,0.3317553997039795,0.4200069308280945
42,C1,158,0.2723764181137085,0.35918858647346497
42,C1,159,0.32195085287094116,0.4315926730632782
42,C1,160,0.2565963566303253,0.3485724627971649
42,C1,161,0.3296792209148407,0.4233216941356659
42,C1,162,0.2723669111728668,0.3826693594455719
42,C1,163,0.3026242256164551,0.39749544858932495
42,C1,164,0.22803333401679993,0.2945101857185364
42,C1,165,0.3242676258087158,0.4106336534023285
42,C1,166,0.3012590706348419,0.3751566708087921
42,C1,167,0.2820861339569092,0.3669032156467438
42,C1,168,0.3766849637031555,0.4635479152202606
42,C1,169,0.2692851722240448,0.3784407675266266
42,C1,170,0.2550584077835083,0.342155784368515
42,C1,171,0.2610272765159607,0.3436892330646515
42,C1,172,0.23627787828445435,0.31690865755081177
42,C1,173,0.31472769379615784,0.4271959960460663
42,C1,174,0.2943047285079956,0.37918832898139954
42,C1,175,0.33864131569862366,0.44514620304107666
42,C1,176,0.3297242820262909,0.4044681787490845
42,C1,177,0.26024532318115234,0.34242570400238037
42,C1,178,0.2539246380329132,0.3262285888195038
42,C1,179,0.23435762524604797,0.33220139145851135
42,C1,180,0.334023118019104,0.42654934525489807
42,C1,181,0.20655493438243866,0.3075605630874634
42,C1,182,0.2558162808418274,0.3359334170818329
42,C1,183,0.25041234493255615,0.3306884765625
42,C1,184,0.26295584440231323,0.35110950469970703
42,C1,185,0.2787066698074341,0.3804090619087219
42,C1,186,0.2850033938884735,0.37489762902259827
42,C1,187,0.3240874409675598,0.4160382151603699
42,C1,188,0.24968549609184265,0.3353354334831238
42,C1,189,0.3250316381454468,0.4043872058391571
42,C1,190,0.24538199603557587,0.32581520080566406
42,C1,191,0.2506091594696045,0.33938688039779663
42,C1,192,0.2663009762763977,0.3692700266838074
42,C1,193,0.2855429947376251,0.3931140899658203
42,C1,194,0.3389694094657898,0.427697092294693
42,C1,195,0.34917163848876953,0.4494483172893524
42,C1,196,0.27979588508605957,0.3989139497280121
42,C1,197,0.2764925956726074,0.3763587474822998
42,C1,198,0.20040792226791382,0.2862014174461365
42,C1,199,0.26666608452796936,0.36335477232933044
42,C1,200,0.3093920648097992,0.39221855998039246
42,C1,201,0.2796321511268616,0.35053133964538574
42,C1,202,0.3237442374229431,0.42713463306427
42,C1,203,0.2867797315120697,0.3693528473377228
42,C1,204,0.2648172378540039,0.3485584557056427
42,C1,205,0.29051291942596436,0.3554326593875885
42,C1,206,0.22040660679340363,0.2901897430419922
42,C1,207,0.25350040197372437,0.32056179642677307
42,C1,208,0.3361797034740448,0.42102402448654175
42,C1,209,0.24237604439258575,0.3317332863807678
42,C1,210,0.23742324113845825,0.3431743085384369
42,C1,211,0.2359836995601654,0.3207504153251648
42,C1,212,0.21861909329891205,0.29837507009506226
42,C1,213,0.23212654888629913,0.31950557231903076
42,C1,214,0.28260305523872375,0.3789113461971283
42,C1,215,0.25116807222366333,0.35248658061027527
42,C1,216,0.2117583155632019,0.28817057609558105
42,C1,217,0.2924763560295105,0.36175990104675293
42,C1,218,0.25297266244888306,0.35765787959098816
42,C1,219,0.31464606523513794,0.4226827025413513
42,C1,220,0.22892600297927856,0.29827073216438293
42,C1,221,0.1868540346622467,0.2553423345088959
42,C1,222,0.2890792489051819,0.39427903294563293
42,C1,223,0.23423239588737488,0.31533077359199524
42,C1,224,0.2431449592113495,0.3351846933364868
42,C1,225,0.24730578064918518,0.3296780586242676
42,C1,226,0.2498442828655243,0.3197455108165741
42,C1,227,0.2529706358909607,0.327770859003067
42,C1,228,0.2246057689189911,0.29107117652893066
42,C1,229,0.30406826734542847,0.3907638490200043
42,C1,230,0.2115602195262909,0.2903469204902649
42,C1,231,0.22136190533638,0.3076024055480957
42,C1,232,0.2688155770301819,0.34806710481643677
42,C1,233,0.29494336247444153,0.3856649398803711
42,C1,234,0.2619397044181824,0.33274930715560913
42,C1,235,0.23173993825912476,0.3094806969165802
42,C1,236,0.2886531949043274,0.3896181583404541
42,C1,237,0.23769192397594452,0.32124459743499756
42,C1,238,0.24313145875930786,0.3247075378894806
42,C1,239,0.21406909823417664,0.2888970375061035
42,C1,240,0.23110876977443695,0.30547481775283813
42,C1,241,0.2137952744960785,0.2951246500015259
42,C1,242,0.2680448293685913,0.35582005977630615
42,C1,243,0.25290900468826294,0.3285185694694519
42,C1,244,0.250993013381958,0.3379564881324768
42,C1,245,0.288199782371521,0.3760516047477722
42,C1,246,0.2669924199581146,0.3586093783378601
42,C1,247,0.2798500657081604,0.35293325781822205
42,C1,248,0.2573899030685425,0.3555946350097656
42,C1,249,0.2224494218826294,0.2974036633968353
42,C1,250,0.2429870367050171,0.3308285176753998
42,C1,251,0.16454192996025085,0.24752283096313477
42,C1,252,0.22063776850700378,0.3016468584537506
42,C1,253,0.2236236035823822,0.3016788065433502
42,C1,254,0.295162558555603,0.36401063203811646
42,C1,255,0.24598579108715057,0.3064582943916321
42,C1,256,0.29243648052215576,0.3701254427433014
42,C1,257,0.2309512197971344,0.30467450618743896
42,C1,258,0.24436256289482117,0.33877819776535034
42,C1,259,0.27952131628990173,0.3701621890068054
42,C1,260,0.22822703421115875,0.2930085062980652
42,C1,261,0.26777201890945435,0.34086358547210693
42,C1,262,0.2560509443283081,0.3372049331665039
42,C1,263,0.19845004379749298,0.2735278904438019
42,C1,264,0.2644021511077881,0.3541259765625
42,C1,265,0.2524541914463043,0.3274611234664917
42,C1,266,0.27434056997299194,0.3567890524864197
42,C1,267,0.3544517159461975,0.4487358629703522
42,C1,268,0.2887539267539978,0.3816783130168915
42,C1,269,0.28682777285575867,0.38469454646110535
42,C1,270,0.25596731901168823,0.32390347123146057
42,C1,271,0.2529459297657013,0.35964876413345337
42,C1,272,0.2505953907966614,0.33626145124435425
42,C1,273,0.2682332992553711,0.3457273840904236
42,C1,274,0.3150924742221832,0.42043399810791016
42,C1,275,0.32389402389526367,0.42924147844314575
42,C1,276,0.2601191997528076,0.37980085611343384
42,C1,277,0.2696266770362854,0.357734352350235
42,C1,278,0.2174253761768341,0.29783928394317627
42,C1,279,0.2619907557964325,0.35026729106903076
42,C1,280,0.23438550531864166,0.3295273184776306
42,C1,281,0.2784889340400696,0.3629152178764343
42,C1,282,0.2954447269439697,0.397962749004364
42,C1,283,0.25707074999809265,0.3671254515647888
42,C1,284,0.2425156831741333,0.3221898674964905
42,C1,285,0.24381744861602783,0.33416199684143066
42,C1,286,0.23019413650035858,0.29895350337028503
42,C1,287,0.24592524766921997,0.338428258895874
42,C1,288,0.25382864475250244,0.33673179149627686
42,C1,289,0.24848158657550812,0.3503977656364441
42,C1,290,0.19952470064163208,0.2665340006351471
42,C1,291,0.2545342743396759,0.36279958486557007
42,C1,292,0.25055354833602905,0.32929760217666626
42,C1,293,0.2605589032173157,0.3585333824157715
42,C1,294,0.25525200366973877,0.33442166447639465
42,C1,295,0.33244356513023376,0.4387539029121399
42,C1,296,0.2832508087158203,0.4017757773399353
42,C1,297,0.3494717478752136,0.47913914918899536
42,C1,298,0.22473356127738953,0.3212437927722931
42,C1,299,0.2733386754989624,0.3706994652748108
42,C1,300,0.27053093910217285,0.36161187291145325
42,C1,301,0.2147352248430252,0.28921380639076233
42,C1,302,0.25021862983703613,0.36401036381721497
42,C1,303,0.23089027404785156,0.3263821601867676
42,C1,304,0.2589547634124756,0.3537658751010895
42,C1,305,0.2730835974216461,0.3813548982143402
42,C1,306,0.21419097483158112,0.2838008999824524
42,C1,307,0.2838395833969116,0.3926592469215393
42,C1,308,0.17633208632469177,0.25617796182632446
42,C1,309,0.24835504591464996,0.33361315727233887
42,C1,310,0.28463995456695557,0.38185980916023254
42,C1,311,0.29930949211120605,0.3778993785381317
42,C1,312,0.24429374933242798,0.3410210907459259
42,C1,313,0.22150224447250366,0.3102242052555084
42,C1,314,0.24320247769355774,0.3177892565727234
42,C1,315,0.2859630286693573,0.3690188527107239
42,C1,316,0.2805277109146118,0.3696713447570801
42,C1,317,0.30159878730773926,0.4036986827850342
42,C1,318,0.24350130558013916,0.3187517523765564
42,C1,319,0.2611646354198456,0.3656729459762573
42,C1,320,0.2566277086734772,0.3311063051223755
42,C1,321,0.2571319341659546,0.35839879512786865
42,C1,322,0.23520907759666443,0.3042106628417969
42,C1,323,0.34364885091781616,0.4426206052303314
42,C1,324,0.23455384373664856,0.3181494474411011
42,C1,325,0.22042497992515564,0.30008888244628906
42,C1,326,0.23050564527511597,0.31193897128105164
42,C1,327,0.23457291722297668,0.3325120806694031
42,C1,328,0.26639848947525024,0.37820637226104736
42,C1,329,0.24556514620780945,0.32901105284690857
42,C1,330,0.25533366203308105,0.33476126194000244
42,C1,331,0.18874883651733398,0.27992063760757446
42,C1,332,0.26625537872314453,0.36564627289772034
42,C1,333,0.315574049949646,0.4343615770339966
42,C1,334,0.2430562525987625,0.33696848154067993
42,C1,335,0.2700424790382385,0.3531838059425354
42,C1,336,0.28496024012565613,0.34773555397987366
42,C1,337,0.22599296271800995,0.3065728545188904
42,C1,338,0.26569584012031555,0.3674396276473999
42,C1,339,0.29027292132377625,0.37270310521125793
42,C1,340,0.24436745047569275,0.3190646767616272
42,C1,341,0.25595730543136597,0.34870290756225586
42,C1,342,0.2412082850933075,0.31406503915786743
42,C1,343,0.22157280147075653,0.2790311872959137
42,C1,344,0.24183164536952972,0.3057013154029846
42,C1,345,0.25227707624435425,0.3288990557193756
42,C1,346,0.2683805823326111,0.34482595324516296
42,C1,347,0.20960333943367004,0.3003777861595154
42,C1,348,0.28776443004608154,0.37660855054855347
42,C1,349,0.3002268970012665,0.40138310194015503
42,C1,350,0.25376659631729126,0.3240136504173279
42,C1,351,0.24712279438972473,0.34373947978019714
42,C1,352,0.3221760392189026,0.4274321496486664
42,C1,353,0.2878265678882599,0.384613037109375
42,C1,354,0.23639589548110962,0.32280433177948
42,C1,355,0.2207985520362854,0.2954150438308716
42,C1,356,0.18466094136238098,0.26367640495300293
42,C1,357,0.2558867931365967,0.34052181243896484
42,C1,358,0.26405784487724304,0.33482006192207336
42,C1,359,0.2687797546386719,0.35994213819503784
42,C1,360,0.2238675355911255,0.3091830015182495
42,C1,361,0.3013930320739746,0.40013137459754944
42,C1,362,0.21874916553497314,0.31206268072128296
42,C1,363,0.23128801584243774,0.33071592450141907
42,C1,364,0.15604709088802338,0.22537435591220856
42,C1,365,0.29689136147499084,0.3886602222919464
42,C1,366,0.3010507822036743,0.393093079328537
42,C1,367,0.2863035798072815,0.36921173334121704
42,C1,368,0.22753344476222992,0.29761701822280884
42,C1,369,0.2603405714035034,0.34645360708236694
42,C1,370,0.22819218039512634,0.28923580050468445
42,C1,371,0.31199946999549866,0.40267741680145264
42,C1,372,0.2270219326019287,0.30130329728126526
42,C1,373,0.19211114943027496,0.264575719833374
42,C1,374,0.26874229311943054,0.3564043641090393
42,C1,375,0.22979846596717834,0.32377320528030396
42,C1,376,0.27350759506225586,0.34805160760879517
42,C1,377,0.21402990818023682,0.28572651743888855
42,C1,378,0.26363879442214966,0.34934982657432556
42,C1,379,0.23523882031440735,0.3276728689670563
42,C1,380,0.26116490364074707,0.3468167781829834
42,C1,381,0.2641303837299347,0.36053138971328735
42,C1,382,0.23887765407562256,0.330553263425827
42,C1,383,0.2910977303981781,0.37784165143966675
42,C1,384,0.25320491194725037,0.3568173944950104
42,C1,385,0.22163039445877075,0.3232056498527527
42,C1,386,0.269877165555954,0.36423760652542114
42,C1,387,0.29822129011154175,0.3821675777435303
42,C1,388,0.26588642597198486,0.3375338912010193
42,C1,389,0.20703428983688354,0.2843514084815979
42,C1,390,0.2400033175945282,0.3146195411682129
42,C1,391,0.2342093139886856,0.3154621720314026
42,C1,392,0.27536481618881226,0.3656240403652191
42,C1,393,0.2574935853481293,0.35594892501831055
42,C1,394,0.2544276714324951,0.3618427813053131
42,C1,395,0.264872670173645,0.35768014192581177
42,C1,396,0.19405579566955566,0.2687782049179077
42,C1,397,0.18186378479003906,0.24100865423679352
42,C1,398,0.23885197937488556,0.33559370040893555
42,C1,399,0.2411416471004486,0.34508317708969116
42,C1,400,0.279910683631897,0.3763583302497864
42,C1,401,0.21951869130134583,0.29275771975517273
42,C1,402,0.22916841506958008,0.3085598945617676
42,C1,403,0.26372241973876953,0.33437931537628174
42,C1,404,0.24721314013004303,0.3393349051475525
42,C1,405,0.27228230237960815,0.3510276675224304
42,C1,406,0.29066306352615356,0.38731592893600464
42,C1,407,0.2531149387359619,0.3193080425262451
42,C1,408,0.24930448830127716,0.33256518840789795
42,C1,409,0.24332201480865479,0.3255293369293213
42,C1,410,0.2770482897758484,0.3781892657279968
42,C1,411,0.23095032572746277,0.31102874875068665
42,C1,412,0.22081437706947327,0.3067260682582855
42,C1,413,0.3008139133453369,0.3708692491054535
42,C1,414,0.23393280804157257,0.30803754925727844
42,C1,415,0.18302308022975922,0.25852328538894653
42,C1,416,0.26718881726264954,0.34935739636421204
42,C1,417,0.23186661303043365,0.3244686424732208
42,C1,418,0.33496540784835815,0.4296020269393921
42,C1,419,0.2576679587364197,0.3671315312385559
42,C1,420,0.263716459274292,0.360970675945282
42,C1,421,0.2684764862060547,0.3490137457847595
42,C1,422,0.22290953993797302,0.28803014755249023
42,C1,423,0.22827497124671936,0.3072966933250427
42,C1,424,0.2476862072944641,0.32773491740226746
42,C1,425,0.2740973234176636,0.3485403060913086
42,C1,426,0.21547715365886688,0.29790782928466797
42,C1,427,0.21727798879146576,0.29273462295532227
42,C1,428,0.2582000494003296,0.3714268207550049
42,C1,429,0.28095996379852295,0.3574705123901367
42,C1,430,0.2441340684890747,0.3132811188697815
42,C1,431,0.2107142060995102,0.2752906084060669
42,C1,432,0.2778550386428833,0.38029298186302185
42,C1,433,0.3184741735458374,0.4167824983596802
42,C1,434,0.23215368390083313,0.3081935942173004
42,C1,435,0.2600887417793274,0.35568976402282715
42,C1,436,0.1881369650363922,0.2781844735145569
42,C1,437,0.24291925132274628,0.32814711332321167
42,C1,438,0.23508895933628082,0.3370054364204407
42,C1,439,0.25388479232788086,0.33818739652633667
42,C1,440,0.22904559969902039,0.3250267803668976
42,C1,441,0.19747212529182434,0.25535663962364197
42,C1,442,0.2488716095685959,0.3432515263557434
42,C1,443,0.1934778243303299,0.27314984798431396
42,C1,444,0.17769929766654968,0.27183717489242554
42,C1,445,0.2482181191444397,0.3424534201622009
42,C1,446,0.23559467494487762,0.31565871834754944
42,C1,447,0.19922295212745667,0.2663012742996216
42,C1,448,0.21090884506702423,0.301971435546875
42,C1,449,0.3136889636516571,0.42910319566726685
42,C1,450,0.23421061038970947,0.3174251317977905
42,C1,451,0.23914434015750885,0.3335999846458435
42,C1,452,0.19464802742004395,0.2734891474246979
42,C1,453,0.2329256534576416,0.31198856234550476
42,C1,454,0.22225052118301392,0.3146481513977051
42,C1,455,0.3061269521713257,0.4024084210395813
42,C1,456,0.25459837913513184,0.35857170820236206
42,C1,457,0.22570006549358368,0.29764771461486816
42,C1,458,0.2675948739051819,0.3619692921638489
42,C1,459,0.21076396107673645,0.3010430634021759
42,C1,460,0.29583102464675903,0.3834124207496643
42,C1,461,0.22230494022369385,0.30184072256088257
42,C1,462,0.28435826301574707,0.36822888255119324
42,C1,463,0.21543839573860168,0.26905351877212524
42,C1,464,0.1966872662305832,0.26810240745544434
42,C1,465,0.25077614188194275,0.3472326397895813
42,C1,466,0.2931345999240875,0.37913113832473755
42,C1,467,0.26601237058639526,0.34495967626571655
42,C1,468,0.22359348833560944,0.29132214188575745
42,C1,469,0.22833025455474854,0.2926323413848877
42,C1,470,0.30878323316574097,0.39247193932533264
42,C1,471,0.22140473127365112,0.31471124291419983
42,C1,472,0.21254101395606995,0.2775985598564148
42,C1,473,0.187360942363739,0.26551714539527893
42,C1,474,0.2255803942680359,0.3044072687625885
42,C1,475,0.2461191564798355,0.32753124833106995
42,C1,476,0.24827168881893158,0.3230076730251312
42,C1,477,0.28271400928497314,0.3599013686180115
42,C1,478,0.2559387683868408,0.33435389399528503
42,C1,479,0.23624882102012634,0.3298807144165039
42,C1,480,0.3088861107826233,0.39679476618766785
42,C1,481,0.19005683064460754,0.26284146308898926
42,C1,482,0.25497400760650635,0.32758498191833496
42,C1,483,0.25098225474357605,0.3313334584236145
42,C1,484,0.26983213424682617,0.3403034210205078
42,C1,485,0.19776834547519684,0.2784404754638672
42,C1,486,0.22371233999729156,0.29942163825035095
42,C1,487,0.2674611508846283,0.3629322350025177
42,C1,488,0.3166463077068329,0.40753471851348877
42,C1,489,0.21238675713539124,0.284319132566452
42,C1,490,0.2802950143814087,0.3689495325088501
42,C1,491,0.23757429420948029,0.3201196491718292
42,C1,492,0.2684559226036072,0.3745471239089966
42,C1,493,0.2535645365715027,0.3365389406681061
42,C1,494,0.2240026742219925,0.30865949392318726
42,C1,495,0.22857993841171265,0.3000445067882538
42,C1,496,0.2800430655479431,0.3942924737930298
42,C1,497,0.2162800133228302,0.2852833867073059
42,C1,498,0.23793382942676544,0.31098100543022156
42,C1,499,0.2343595176935196,0.3131309151649475
42,C1,500,0.2613534927368164,0.3234366476535797
42,C1,501,0.26244959235191345,0.3606121838092804
42,C1,502,0.2622523009777069,0.34471967816352844
42,C1,503,0.2711089849472046,0.35345178842544556
42,C1,504,0.25188106298446655,0.3280069828033447
42,C1,505,0.25125306844711304,0.3425537347793579
42,C1,506,0.252651572227478,0.34625065326690674
42,C1,507,0.21249324083328247,0.2946507930755615
42,C1,508,0.24753598868846893,0.3200160264968872
42,C1,509,0.2774432301521301,0.36370038986206055
42,C1,510,0.29057231545448303,0.3905622959136963
42,C1,511,0.2816848158836365,0.3515246510505676
42,C1,512,0.25929147005081177,0.3304128646850586
42,C1,513,0.2289457470178604,0.31656700372695923
42,C1,514,0.2262490689754486,0.30632245540618896
42,C1,515,0.24422447383403778,0.34743866324424744
42,C1,516,0.2743144631385803,0.36092936992645264
42,C1,517,0.25942960381507874,0.3555139899253845
42,C1,518,0.30597952008247375,0.4011290371417999
42,C1,519,0.22646963596343994,0.3098992705345154
42,C1,520,0.22522196173667908,0.324713796377182
42,C1,521,0.301820307970047,0.3980013132095337
42,C1,522,0.21798130869865417,0.3190729022026062
42,C1,523,0.2729816734790802,0.3636321425437927
42,C1,524,0.2314477264881134,0.3062274754047394
42,C1,525,0.2697754204273224,0.3438870310783386
42,C1,526,0.25203293561935425,0.33958762884140015
42,C1,527,0.2667330503463745,0.34983494877815247
42,C1,528,0.2347583770751953,0.30647578835487366
42,C1,529,0.22855748236179352,0.30106785893440247
42,C1,530,0.27094078063964844,0.35576531291007996
42,C1,531,0.26619023084640503,0.3677273392677307
42,C1,532,0.2532857060432434,0.348426878452301
42,C1,533,0.23533403873443604,0.3041706085205078
42,C1,534,0.19104087352752686,0.2615874111652374
42,C1,535,0.23167608678340912,0.30622923374176025
42,C1,536,0.3134099841117859,0.4138433039188385
42,C1,537,0.2560758888721466,0.35176005959510803
42,C1,538,0.3320496380329132,0.43156886100769043
42,C1,539,0.2845398187637329,0.3598830997943878
42,C1,540,0.22252966463565826,0.300856351852417
42,C1,541,0.23159046471118927,0.32409989833831787
42,C1,542,0.2866173982620239,0.38558822870254517
42,C1,543,0.23640361428260803,0.3346220552921295
42,C1,544,0.38400208950042725,0.4962247908115387
42,C1,545,0.2465672492980957,0.35105100274086
42,C1,546,0.25844910740852356,0.3379705548286438
42,C1,547,0.2724316418170929,0.38001567125320435
42,C1,548,0.25682857632637024,0.3200986087322235
42,C1,549,0.28489863872528076,0.3758147358894348
42,C1,550,0.2058950811624527,0.278976172208786
42,C1,551,0.21350249648094177,0.299349844455719
42,C1,552,0.30803826451301575,0.415347158908844
42,C1,553,0.25219613313674927,0.33105799555778503
42,C1,554,0.2560758590698242,0.3569425344467163
42,C1,555,0.2103528082370758,0.2858075201511383
42,C1,556,0.26622575521469116,0.3365117013454437
42,C1,557,0.2123846709728241,0.27540895342826843
42,C1,558,0.2597780227661133,0.3377925753593445
42,C1,559,0.26414281129837036,0.35099154710769653
42,C1,560,0.21073655784130096,0.29056546092033386
42,C1,561,0.24390828609466553,0.31449851393699646
42,C1,562,0.23994393646717072,0.3319058418273926
42,C1,563,0.26834186911582947,0.36681151390075684
42,C1,564,0.2317688763141632,0.30964720249176025
42,C1,565,0.23226355016231537,0.30640071630477905
42,C1,566,0.2923523187637329,0.36640340089797974
42,C1,567,0.20453311502933502,0.26858580112457275
42,C1,568,0.28423768281936646,0.3866643011569977
42,C1,569,0.21461880207061768,0.29233318567276
42,C1,570,0.24039921164512634,0.3214581310749054
42,C1,571,0.2547647953033447,0.33460068702697754
42,C1,572,0.2263815701007843,0.3066317141056061
42,C1,573,0.2272309809923172,0.29778602719306946
42,C1,574,0.21779219806194305,0.30333080887794495
42,C1,575,0.21783219277858734,0.30028581619262695
42,C1,576,0.2323175072669983,0.3117556869983673
42,C1,577,0.2556490898132324,0.3311288356781006
42,C1,578,0.26434648036956787,0.34478503465652466
42,C1,579,0.2764654755592346,0.3732791244983673
42,C1,580,0.24742166697978973,0.3595356047153473
42,C1,581,0.2526361644268036,0.3360159695148468
42,C1,582,0.27951717376708984,0.36156296730041504
42,C1,583,0.25455373525619507,0.33230388164520264
42,C1,584,0.23207369446754456,0.3194882571697235
42,C1,585,0.22846759855747223,0.32804545760154724
42,C1,586,0.23585903644561768,0.3239600658416748
42,C1,587,0.2650598883628845,0.3380236327648163
42,C1,588,0.2875199019908905,0.381245493888855
42,C1,589,0.24967046082019806,0.32688677310943604
42,C1,590,0.2571588158607483,0.34940439462661743
42,C1,591,0.2292296588420868,0.3082316219806671
42,C1,592,0.3077424168586731,0.4102749228477478
42,C1,593,0.23895949125289917,0.3320148289203644
42,C1,594,0.23137420415878296,0.3031609356403351
42,C1,595,0.21353091299533844,0.2833244204521179
42,C1,596,0.28501003980636597,0.371010959148407
42,C1,597,0.19333547353744507,0.26470160484313965
42,C1,598,0.2301100194454193,0.31165802478790283
42,C1,599,0.26627516746520996,0.3650217652320862
42,C1,600,0.2459924966096878,0.3317062556743622
42,C1,601,0.22510290145874023,0.312286913394928
42,C1,602,0.2576248049736023,0.3547753691673279
42,C1,603,0.26377370953559875,0.352009117603302
42,C1,604,0.23410315811634064,0.3233392834663391
42,C1,605,0.2519094944000244,0.3238283693790436
42,C1,606,0.2559729516506195,0.3698938488960266
42,C1,607,0.20518438518047333,0.29712915420532227
42,C1,608,0.27326470613479614,0.3490448296070099
42,C1,609,0.3236325979232788,0.3967910408973694
42,C1,610,0.2620570659637451,0.33919453620910645
42,C1,611,0.23052391409873962,0.31118083000183105
42,C1,612,0.2577628195285797,0.3520638942718506
42,C1,613,0.21344098448753357,0.28800168633461
42,C1,614,0.28967511653900146,0.3922686278820038
42,C1,615,0.196331188082695,0.27403026819229126
42,C1,616,0.3370058834552765,0.4413396716117859
42,C1,617,0.24633029103279114,0.34316402673721313
42,C1,618,0.21662139892578125,0.3162292540073395
42,C1,619,0.24821452796459198,0.3360036015510559
42,C1,620,0.23555880784988403,0.3283945322036743
42,C1,621,0.21557043492794037,0.30461224913597107
42,C1,622,0.27330705523490906,0.35665518045425415
42,C1,623,0.22903935611248016,0.31670647859573364
42,C1,624,0.2426668107509613,0.31424394249916077
42,C1,625,0.19313779473304749,0.2417413294315338
42,C1,626,0.23104646801948547,0.32184240221977234
42,C1,627,0.24224087595939636,0.3341403901576996
42,C1,628,0.2422272264957428,0.3418966829776764
42,C1,629,0.19442103803157806,0.275860071182251
42,C1,630,0.23030462861061096,0.29633158445358276
42,C1,631,0.2655981183052063,0.34936732053756714
42,C1,632,0.25768256187438965,0.34446054697036743
42,C1,633,0.20403006672859192,0.2918615937232971
42,C1,634,0.27848583459854126,0.3626854121685028
42,C1,635,0.24350568652153015,0.30925053358078003
42,C1,636,0.19668231904506683,0.2796056270599365
42,C1,637,0.2354711890220642,0.30362024903297424
42,C1,638,0.32966864109039307,0.41587162017822266
42,C1,639,0.2520427107810974,0.32280269265174866
42,C1,640,0.24543794989585876,0.30544766783714294
42,C1,641,0.24489164352416992,0.3409373164176941
42,C1,642,0.24344073235988617,0.3336769938468933
42,C1,643,0.2145066261291504,0.299064964056015
42,C1,644,0.2184510976076126,0.2814677357673645
42,C1,645,0.24829337000846863,0.3293384313583374
42,C1,646,0.212161585688591,0.3107375204563141
42,C1,647,0.22840283811092377,0.317535400390625
42,C1,648,0.2698518633842468,0.3555143177509308
42,C1,649,0.20152068138122559,0.281048983335495
42,C1,650,0.24324122071266174,0.3412664532661438
42,C1,651,0.2794557511806488,0.3757947087287903
42,C1,652,0.25462445616722107,0.3526582717895508
42,C1,653,0.26140081882476807,0.34132516384124756
42,C1,654,0.23499931395053864,0.31575191020965576
42,C1,655,0.24764899909496307,0.3381023406982422
42,C1,656,0.24399663507938385,0.3163028359413147
42,C1,657,0.22472885251045227,0.3066288232803345
42,C1,658,0.1995442807674408,0.2812308073043823
42,C1,659,0.28933805227279663,0.3547946810722351
42,C1,660,0.23591682314872742,0.3189154863357544
42,C1,661,0.18645265698432922,0.24397005140781403
42,C1,662,0.2923293113708496,0.3860933482646942
42,C1,663,0.2032330483198166,0.2835965156555176
42,C1,664,0.21758802235126495,0.29322949051856995
42,C1,665,0.24099355936050415,0.32697921991348267
42,C1,666,0.2514215409755707,0.33972465991973877
42,C1,667,0.24078701436519623,0.3187578320503235
42,C1,668,0.310788094997406,0.3945227265357971
42,C1,669,0.22400321066379547,0.31224721670150757
42,C1,670,0.2545904815196991,0.33836686611175537
42,C1,671,0.19294986128807068,0.2619507312774658
42,C1,672,0.239824578166008,0.29063698649406433
42,C1,673,0.2211693525314331,0.3139294385910034
42,C1,674,0.2663698196411133,0.3283317983150482
42,C1,675,0.20276831090450287,0.27699553966522217
42,C1,676,0.23884671926498413,0.3018755614757538
42,C1,677,0.2108612358570099,0.31366440653800964
42,C1,678,0.23735815286636353,0.329130083322525
42,C1,679,0.23407292366027832,0.33205538988113403
42,C1,680,0.22146718204021454,0.2948834300041199
42,C1,681,0.19723528623580933,0.27022942900657654
42,C1,682,0.1867564618587494,0.2595118284225464
42,C1,683,0.25822749733924866,0.35399413108825684
42,C1,684,0.21949566900730133,0.30254000425338745
42,C1,685,0.17433977127075195,0.26041898131370544
42,C1,686,0.20736004412174225,0.2721327245235443
42,C1,687,0.19954025745391846,0.26149046421051025
42,C1,688,0.19838657975196838,0.2706442177295685
42,C1,689,0.20351463556289673,0.28050389885902405
42,C1,690,0.22479981184005737,0.29624855518341064
42,C1,691,0.23402225971221924,0.32666856050491333
42,C1,692,0.2648700773715973,0.3690279722213745
42,C1,693,0.18371039628982544,0.2519778609275818
42,C1,694,0.20374470949172974,0.2874574363231659
42,C1,695,0.29579171538352966,0.3826921880245209
42,C1,696,0.28177714347839355,0.3773316740989685
42,C1,697,0.2385571151971817,0.33075180649757385
42,C1,698,0.2517091631889343,0.3449714779853821
42,C1,699,0.30637162923812866,0.3809721767902374
42,C1,700,0.2224532812833786,0.29688677191734314
42,C1,701,0.2547175884246826,0.3589337468147278
42,C1,702,0.2028900533914566,0.3059828281402588
42,C1,703,0.2691463232040405,0.3534804582595825
42,C1,704,0.1773850917816162,0.2561224400997162
42,C1,705,0.21516472101211548,0.2762443423271179
42,C1,706,0.21518465876579285,0.3057139217853546
42,C1,707,0.2642229497432709,0.3414207100868225
42,C1,708,0.24333131313323975,0.32688209414482117
42,C1,709,0.2493228167295456,0.33177274465560913
42,C1,710,0.22774732112884521,0.32337212562561035
42,C1,711,0.23095282912254333,0.3187706470489502
42,C1,712,0.23663805425167084,0.3090737462043762
42,C1,713,0.25309088826179504,0.3581324815750122
42,C1,714,0.19352835416793823,0.2805703282356262
42,C1,715,0.25646498799324036,0.33963295817375183
42,C1,716,0.20994634926319122,0.29487913846969604
42,C1,717,0.23437732458114624,0.3131788671016693
42,C1,718,0.2377745360136032,0.30941638350486755
42,C1,719,0.27635523676872253,0.3529112935066223
42,C1,720,0.1964186429977417,0.2635429799556732
42,C1,721,0.1667630672454834,0.2443922758102417
42,C1,722,0.2440396249294281,0.31929150223731995
42,C1,723,0.1955627202987671,0.25290849804878235
42,C1,724,0.223441481590271,0.32906755805015564
42,C1,725,0.20378246903419495,0.2920118570327759
42,C1,726,0.29324662685394287,0.38004735112190247
42,C1,727,0.25792455673217773,0.32491812109947205
42,C1,728,0.24952495098114014,0.3443686366081238
42,C1,729,0.26193684339523315,0.33334746956825256
42,C1,730,0.2639939785003662,0.3420342803001404
42,C1,731,0.3076760768890381,0.3791933059692383
42,C1,732,0.2197757065296173,0.326687216758728
42,C1,733,0.23239462077617645,0.32299336791038513
42,C1,734,0.2975539565086365,0.3808225095272064
42,C1,735,0.26100799441337585,0.3407735228538513
42,C1,736,0.24175885319709778,0.3356361985206604
42,C1,737,0.23363950848579407,0.3231622874736786
42,C1,738,0.26992952823638916,0.3520837426185608
42,C1,739,0.2411573827266693,0.3328469395637512
42,C1,740,0.26801878213882446,0.37198030948638916
42,C1,741,0.2194277048110962,0.324948251247406
42,C1,742,0.2855406403541565,0.3650886118412018
42,C1,743,0.2777876853942871,0.349973201751709
42,C1,744,0.19970455765724182,0.27012619376182556
42,C1,745,0.2077498435974121,0.2683195471763611
42,C1,746,0.22396087646484375,0.2976141571998596
42,C1,747,0.27792197465896606,0.3801991045475006
42,C1,748,0.19354581832885742,0.28292736411094666
42,C1,749,0.20905183255672455,0.27298855781555176
42,C1,750,0.22312307357788086,0.2988089323043823
42,C1,751,0.2403475046157837,0.362138032913208
42,C1,752,0.2945099472999573,0.39191919565200806
42,C1,753,0.24185314774513245,0.3268392086029053
42,C1,754,0.18904712796211243,0.26673439145088196
42,C1,755,0.2668660879135132,0.3555174469947815
42,C1,756,0.2004685401916504,0.28603696823120117
42,C1,757,0.23681949079036713,0.3103167414665222
42,C1,758,0.2258261740207672,0.3113916218280792
42,C1,759,0.18804582953453064,0.272524893283844
42,C1,760,0.18441921472549438,0.25082147121429443
42,C1,761,0.24430042505264282,0.31649133563041687
42,C1,762,0.21035459637641907,0.30068930983543396
42,C1,763,0.24758480489253998,0.3261919617652893
42,C1,764,0.24053755402565002,0.32129958271980286
42,C1,765,0.28812509775161743,0.36753422021865845
42,C1,766,0.2904009222984314,0.39117297530174255
42,C1,767,0.24916262924671173,0.3377004563808441
42,C1,768,0.23794645071029663,0.34708696603775024
42,C1,769,0.23138347268104553,0.3131731152534485
42,C1,770,0.20042923092842102,0.2667837142944336
42,C1,771,0.2597406506538391,0.36187487840652466
42,C1,772,0.2009085714817047,0.272246778011322
42,C1,773,0.24363067746162415,0.3579463064670563
42,C1,774,0.21963529288768768,0.28213557600975037
42,C1,775,0.23395571112632751,0.3041895031929016
42,C1,776,0.19791388511657715,0.27337953448295593
42,C1,777,0.21893376111984253,0.3030599057674408
42,C1,778,0.22496746480464935,0.29684045910835266
42,C1,779,0.19417129456996918,0.25585007667541504
42,C1,780,0.2387664020061493,0.3076832890510559
42,C1,781,0.20616582036018372,0.2723371386528015
42,C1,782,0.2968537211418152,0.3915104269981384
42,C1,783,0.21245139837265015,0.3121015131473541
42,C1,784,0.29176321625709534,0.3823015093803406
42,C1,785,0.19499367475509644,0.26096010208129883
42,C1,786,0.2432432472705841,0.30865350365638733
42,C1,787,0.1865258365869522,0.242208331823349
42,C1,788,0.20086924731731415,0.28238844871520996
42,C1,789,0.23512089252471924,0.31131604313850403
42,C1,790,0.18768396973609924,0.2730577886104584
42,C1,791,0.2587771415710449,0.3606894910335541
42,C1,792,0.27222228050231934,0.37629449367523193
42,C1,793,0.2363136261701584,0.32905489206314087
42,C1,794,0.23058873414993286,0.3203950524330139
42,C1,795,0.20622918009757996,0.28074291348457336
42,C1,796,0.2353975772857666,0.3315214514732361
42,C1,797,0.2648579776287079,0.3433317542076111
42,C1,798,0.2653031349182129,0.35399800539016724
42,C1,799,0.2572929263114929,0.3389899730682373
42,C1,800,0.30169230699539185,0.3853740394115448
42,C1,801,0.241674542427063,0.3300667405128479
42,C1,802,0.23655152320861816,0.32071226835250854
42,C1,803,0.16575691103935242,0.24616670608520508
42,C1,804,0.249365895986557,0.32478779554367065
42,C1,805,0.20720893144607544,0.2925569713115692
42,C1,806,0.24726298451423645,0.3264506161212921
42,C1,807,0.23365437984466553,0.3092167377471924
42,C1,808,0.20715656876564026,0.28465354442596436
42,C1,809,0.2009275257587433,0.2681165635585785
42,C1,810,0.23618486523628235,0.32324984669685364
42,C1,811,0.20581361651420593,0.2983837127685547
42,C1,812,0.21933698654174805,0.315186083316803
42,C1,813,0.23170611262321472,0.29618459939956665
42,C1,814,0.2513324022293091,0.3295455574989319
42,C1,815,0.21805284917354584,0.3351755142211914
42,C1,816,0.22655588388442993,0.31597867608070374
42,C1,817,0.27228593826293945,0.36209383606910706
42,C1,818,0.21408502757549286,0.3047593832015991
42,C1,819,0.24236229062080383,0.3159030079841614
42,C1,820,0.22791151702404022,0.31270909309387207
42,C1,821,0.2767089903354645,0.3631405234336853
42,C1,822,0.22179153561592102,0.29769548773765564
42,C1,823,0.2578662633895874,0.3528117537498474
42,C1,824,0.2641010582447052,0.33804285526275635
42,C1,825,0.18668478727340698,0.2570022940635681
42,C1,826,0.14481091499328613,0.21772629022598267
42,C1,827,0.2718885838985443,0.3513261377811432
42,C1,828,0.26353228092193604,0.3274582624435425
42,C1,829,0.24294538795948029,0.3199146091938019
42,C1,830,0.28028130531311035,0.36796486377716064
42,C1,831,0.23513250052928925,0.3256005048751831
42,C1,832,0.2578984797000885,0.34912025928497314
42,C1,833,0.2447383850812912,0.32711175084114075
42,C1,834,0.229938805103302,0.30532845854759216
42,C1,835,0.20257550477981567,0.26433610916137695
42,C1,836,0.23147161304950714,0.31380695104599
42,C1,837,0.20436441898345947,0.2862183451652527
42,C1,838,0.22706833481788635,0.30107149481773376
42,C1,839,0.2059638798236847,0.2796834409236908
42,C1,840,0.2581069767475128,0.36154288053512573
42,C1,841,0.2742479741573334,0.3557686507701874
42,C1,842,0.26201361417770386,0.355002224445343
42,C1,843,0.21442484855651855,0.3072088360786438
42,C1,844,0.21543177962303162,0.29047006368637085
42,C1,845,0.22627171874046326,0.3069398105144501
42,C1,846,0.2340063750743866,0.31542181968688965
42,C1,847,0.22231708467006683,0.3031983971595764
42,C1,848,0.24491965770721436,0.32238468527793884
42,C1,849,0.2767677307128906,0.339546263217926
42,C1,850,0.22279110550880432,0.3155805468559265
42,C1,851,0.21251767873764038,0.28643476963043213
42,C1,852,0.22020341455936432,0.32113945484161377
42,C1,853,0.2717478275299072,0.337820827960968
42,C1,854,0.29888075590133667,0.39653047919273376
42,C1,855,0.2265135496854782,0.3075065612792969
42,C1,856,0.26891541481018066,0.35063523054122925
42,C1,857,0.24300798773765564,0.3101549446582794
42,C1,858,0.19558018445968628,0.27826476097106934
42,C1,859,0.1971479207277298,0.29415661096572876
42,C1,860,0.25619804859161377,0.34742286801338196
42,C1,861,0.3017265200614929,0.3941899538040161
42,C1,862,0.2665247321128845,0.34740763902664185
42,C1,863,0.21305830776691437,0.2795145511627197
42,C1,864,0.23858514428138733,0.31305232644081116
42,C1,865,0.17038506269454956,0.22761785984039307
42,C1,866,0.23724955320358276,0.30198657512664795
42,C1,867,0.20828859508037567,0.28800180554389954
42,C1,868,0.21422673761844635,0.2976689338684082
42,C1,869,0.2089710533618927,0.2788354754447937
42,C1,870,0.3358776569366455,0.4338447153568268
42,C1,871,0.25119224190711975,0.34429657459259033
42,C1,872,0.20411759614944458,0.284963458776474
42,C1,873,0.2524603605270386,0.31913506984710693
42,C1,874,0.21993309259414673,0.28367510437965393
42,C1,875,0.1927647888660431,0.29204970598220825
42,C1,876,0.22609004378318787,0.304315447807312
42,C1,877,0.2750896215438843,0.34664463996887207
42,C1,878,0.25511378049850464,0.33761584758758545
42,C1,879,0.24356210231781006,0.3267818093299866
42,C1,880,0.25007572770118713,0.3332044780254364
42,C1,881,0.24541637301445007,0.3429461717605591
42,C1,882,0.21305707097053528,0.30310165882110596
42,C1,883,0.28300097584724426,0.3671662509441376
42,C1,884,0.21811610460281372,0.28767722845077515
42,C1,885,0.2904452681541443,0.36325275897979736
42,C1,886,0.2122345268726349,0.2979111969470978
42,C1,887,0.2198285311460495,0.29742032289505005
42,C1,888,0.26262786984443665,0.35200318694114685
42,C1,889,0.23765406012535095,0.3263339698314667
42,C1,890,0.2291487455368042,0.30097317695617676
42,C1,891,0.21103107929229736,0.2913878560066223
42,C1,892,0.29515987634658813,0.39141976833343506
42,C1,893,0.22821886837482452,0.30483493208885193
42,C1,894,0.22873468697071075,0.2897398769855499
42,C1,895,0.20108795166015625,0.28131717443466187
42,C1,896,0.24284766614437103,0.3104057312011719
42,C1,897,0.2569330334663391,0.33292001485824585
42,C1,898,0.25057923793792725,0.33780497312545776
42,C1,899,0.21723994612693787,0.2975986897945404
42,C1,900,0.2051660418510437,0.2758626937866211
42,C1,901,0.20655480027198792,0.29518574476242065
42,C1,902,0.2569228410720825,0.3547531068325043
42,C1,903,0.29262852668762207,0.39126500487327576
42,C1,904,0.24126693606376648,0.30692800879478455
42,C1,905,0.2364092320203781,0.30615562200546265
42,C1,906,0.24845579266548157,0.340760201215744
42,C1,907,0.2218983918428421,0.3048780560493469
42,C1,908,0.24738028645515442,0.31943225860595703
42,C1,909,0.27690279483795166,0.37425073981285095
42,C1,910,0.20434924960136414,0.2890992760658264
42,C1,911,0.2468441277742386,0.3205547034740448
42,C1,912,0.2681860029697418,0.35494548082351685
42,C1,913,0.22269326448440552,0.2811031937599182
42,C1,914,0.22508051991462708,0.3036898970603943
42,C1,915,0.23199892044067383,0.29112082719802856
42,C1,916,0.22308093309402466,0.3004651665687561
42,C1,917,0.2001400589942932,0.2771456241607666
42,C1,918,0.24470564723014832,0.313886433839798
42,C1,919,0.21008476614952087,0.29453733563423157
42,C1,920,0.18240293860435486,0.28192102909088135
42,C1,921,0.2236577272415161,0.28885942697525024
42,C1,922,0.3145863711833954,0.41466814279556274
42,C1,923,0.21463903784751892,0.2834629416465759
42,C1,924,0.27179986238479614,0.3466699719429016
42,C1,925,0.22390149533748627,0.2978900074958801
42,C1,926,0.23473012447357178,0.3198654055595398
42,C1,927,0.24742212891578674,0.30852389335632324
42,C1,928,0.25365662574768066,0.3349752724170685
42,C1,929,0.2801464796066284,0.3688136041164398
42,C1,930,0.264047771692276,0.33299896121025085
42,C1,931,0.2464113086462021,0.32121551036834717
42,C1,932,0.25707000494003296,0.3386150300502777
42,C1,933,0.22954203188419342,0.3027799725532532
42,C1,934,0.25552159547805786,0.33917236328125
42,C1,935,0.2361493706703186,0.31279700994491577
42,C1,936,0.18533076345920563,0.2517470717430115
42,C1,937,0.27330225706100464,0.34939706325531006
42,C1,938,0.153113454580307,0.20224443078041077
42,C1,939,0.2559767961502075,0.3395039439201355
42,C1,940,0.20994192361831665,0.2762712240219116
42,C1,941,0.21248602867126465,0.30689001083374023
42,C1,942,0.23063623905181885,0.30071139335632324
42,C1,943,0.18093809485435486,0.2519676387310028
42,C1,944,0.21597996354103088,0.29501429200172424
42,C1,945,0.2823060154914856,0.3634242117404938
42,C1,946,0.23906674981117249,0.3051368296146393
42,C1,947,0.24789267778396606,0.3090580999851227
42,C1,948,0.28245577216148376,0.3610740900039673
42,C1,949,0.20959189534187317,0.28923535346984863
42,C1,950,0.22854138910770416,0.30460578203201294
42,C1,951,0.2645115256309509,0.33360981941223145
42,C1,952,0.25758540630340576,0.33208146691322327
42,C1,953,0.277991384267807,0.3773767948150635
42,C1,954,0.2696802318096161,0.3520022928714752
42,C1,955,0.2625075876712799,0.3531760573387146
42,C1,956,0.22499632835388184,0.3121644854545593
42,C1,957,0.21077191829681396,0.2667630612850189
42,C1,958,0.3270777463912964,0.42508214712142944
42,C1,959,0.3050721287727356,0.3943127989768982
42,C1,960,0.21451982855796814,0.2924279570579529
42,C1,961,0.2653295397758484,0.34639400243759155
42,C1,962,0.19870974123477936,0.26914459466934204
42,C1,963,0.24490578472614288,0.3274132311344147
42,C1,964,0.24139004945755005,0.33033111691474915
42,C1,965,0.25997257232666016,0.3469185531139374
42,C1,966,0.19068574905395508,0.250673770904541
42,C1,967,0.22729699313640594,0.3158506751060486
42,C1,968,0.25209081172943115,0.3384599983692169
42,C1,969,0.24540050327777863,0.3416232168674469
42,C1,970,0.24696850776672363,0.3310880661010742
42,C1,971,0.2497497946023941,0.3318939507007599
42,C1,972,0.22152897715568542,0.3239048719406128
42,C1,973,0.24810056388378143,0.32303178310394287
42,C1,974,0.19209669530391693,0.27694278955459595
42,C1,975,0.2674259543418884,0.3562942445278168
42,C1,976,0.27087026834487915,0.3587418794631958
42,C1,977,0.18846817314624786,0.2656649649143219
42,C1,978,0.2453136146068573,0.3240768015384674
42,C1,979,0.2592378258705139,0.340862900018692
42,C1,980,0.2634541392326355,0.3431769609451294
42,C1,981,0.2669876515865326,0.33728891611099243
42,C1,982,0.2866697907447815,0.36535394191741943
42,C1,983,0.25377535820007324,0.33592841029167175
42,C1,984,0.2357725203037262,0.3087175786495209
42,C1,985,0.2552410662174225,0.33622249960899353
42,C1,986,0.20965999364852905,0.3004736006259918
42,C1,987,0.2564470171928406,0.32807666063308716
42,C1,988,0.28289592266082764,0.3469148576259613
42,C1,989,0.2644842863082886,0.34022119641304016
42,C1,990,0.22776415944099426,0.2978702485561371
42,C1,991,0.21314895153045654,0.2959320545196533
42,C1,992,0.22304826974868774,0.3251159191131592
42,C1,993,0.2490668147802353,0.33314278721809387
42,C1,994,0.24431166052818298,0.3358455300331116
42,C1,995,0.2276780605316162,0.29973268508911133
42,C1,996,0.2811228632926941,0.3742085099220276
42,C1,997,0.29241764545440674,0.376518577337265
42,C1,998,0.1992858201265335,0.2864677608013153
42,C1,999,0.22229330241680145,0.31859341263771057
42,C1,1000,0.2840338945388794,0.3831199109554291
42,C1,1001,0.25523340702056885,0.34930214285850525
42,C1,1002,0.2230357527732849,0.31000202894210815
42,C1,1003,0.3280552625656128,0.41850364208221436
42,C1,1004,0.25623488426208496,0.3354716897010803
42,C1,1005,0.17899101972579956,0.25701963901519775
42,C1,1006,0.2784149646759033,0.3687414526939392
42,C1,1007,0.1743663102388382,0.24162077903747559
42,C1,1008,0.2352077215909958,0.31782200932502747
42,C1,1009,0.2269875556230545,0.2963893711566925
42,C1,1010,0.2382231056690216,0.32220378518104553
42,C1,1011,0.21096879243850708,0.267647385597229
42,C1,1012,0.3000773787498474,0.38503971695899963
42,C1,1013,0.24547870457172394,0.33391332626342773
42,C1,1014,0.2216806709766388,0.3014335036277771
42,C1,1015,0.25095003843307495,0.3512047231197357
42,C1,1016,0.246270552277565,0.33044981956481934
42,C1,1017,0.24967247247695923,0.31824690103530884
42,C1,1018,0.24929267168045044,0.31576254963874817
42,C1,1019,0.26115909218788147,0.3519456386566162
42,C1,1020,0.2245633900165558,0.2913198173046112
42,C1,1021,0.26147544384002686,0.3503086268901825
42,C1,1022,0.22954106330871582,0.3280462920665741
42,C1,1023,0.21691200137138367,0.3042946755886078
42,C1,1024,0.22979626059532166,0.29839998483657837
42,C1,1025,0.23316076397895813,0.31075912714004517
42,C1,1026,0.2553410232067108,0.35024258494377136
42,C1,1027,0.2633330523967743,0.3459746241569519
42,C1,1028,0.22051887214183807,0.29823198914527893
42,C1,1029,0.23583027720451355,0.3135296702384949
42,C1,1030,0.20884843170642853,0.2716997265815735
42,C1,1031,0.2274693250656128,0.3171219229698181
42,C1,1032,0.24414169788360596,0.3148767352104187
42,C1,1033,0.22032856941223145,0.304889440536499
42,C1,1034,0.16946597397327423,0.23844808340072632
42,C1,1035,0.2615048587322235,0.34542742371559143
42,C1,1036,0.24224893748760223,0.32688531279563904
42,C1,1037,0.31482887268066406,0.3924489915370941
42,C1,1038,0.23626357316970825,0.3182212710380554
42,C1,1039,0.20133639872074127,0.2884758710861206
42,C1,1040,0.2234097570180893,0.32282426953315735
42,C1,1041,0.2709377408027649,0.3724857568740845
42,C1,1042,0.2867404520511627,0.37945297360420227
42,C1,1043,0.23368030786514282,0.3297969698905945
42,C1,1044,0.24368371069431305,0.33926063776016235
42,C1,1045,0.25712788105010986,0.3568505644798279
42,C1,1046,0.2366904616355896,0.31761184334754944
42,C1,1047,0.26762521266937256,0.3562008738517761
42,C1,1048,0.2339513599872589,0.3038015067577362
42,C1,1049,0.2469767928123474,0.3079686462879181
42,C1,1050,0.20256559550762177,0.2715979814529419
42,C1,1051,0.21463173627853394,0.2902714014053345
42,C1,1052,0.3087690770626068,0.396293967962265
42,C1,1053,0.23840531706809998,0.33687078952789307
42,C1,1054,0.2514021396636963,0.3432037830352783
42,C1,1055,0.25105875730514526,0.3415989279747009
42,C1,1056,0.22049124538898468,0.2914532423019409
42,C1,1057,0.1863771378993988,0.26119187474250793
42,C1,1058,0.20936451852321625,0.288347065448761
42,C1,1059,0.2179657369852066,0.2953740060329437
42,C1,1060,0.25577354431152344,0.35139980912208557
42,C1,1061,0.2141793668270111,0.2811979651451111
42,C1,1062,0.21337464451789856,0.29301416873931885
42,C1,1063,0.23639561235904694,0.30788061022758484
42,C1,1064,0.25744080543518066,0.34570416808128357
42,C1,1065,0.23319768905639648,0.30467256903648376
42,C1,1066,0.22378340363502502,0.32682478427886963
42,C1,1067,0.27265945076942444,0.3640725016593933
42,C1,1068,0.23163843154907227,0.3139186501502991
42,C1,1069,0.20110207796096802,0.29629379510879517
42,C1,1070,0.255454421043396,0.33923786878585815
42,C1,1071,0.24379819631576538,0.33356302976608276
42,C1,1072,0.23754149675369263,0.329318106174469
42,C1,1073,0.2234194278717041,0.31150496006011963
42,C1,1074,0.2620694041252136,0.3477819561958313
42,C1,1075,0.24311323463916779,0.332757830619812
42,C1,1076,0.23638194799423218,0.30061838030815125
42,C1,1077,0.20648495852947235,0.2784879803657532
42,C1,1078,0.2663995623588562,0.3544890880584717
42,C1,1079,0.21526357531547546,0.3043411672115326
42,C1,1080,0.2314494550228119,0.33181360363960266
42,C1,1081,0.33165037631988525,0.41602763533592224
42,C1,1082,0.24682052433490753,0.3352286219596863
42,C1,1083,0.23037388920783997,0.3127152919769287
42,C1,1084,0.22765971720218658,0.3094174563884735
42,C1,1085,0.21330296993255615,0.29417821764945984
42,C1,1086,0.25543564558029175,0.35875001549720764
42,C1,1087,0.17577245831489563,0.24021950364112854
42,C1,1088,0.25624728202819824,0.3481805622577667
42,C1,1089,0.19655241072177887,0.2618967890739441
42,C1,1090,0.30901768803596497,0.3936687707901001
42,C1,1091,0.2766876816749573,0.37179359793663025
42,C1,1092,0.22464603185653687,0.3259052038192749
42,C1,1093,0.21701814234256744,0.2950252294540405
42,C1,1094,0.22593355178833008,0.31685322523117065
42,C1,1095,0.19339150190353394,0.27255499362945557
42,C1,1096,0.21710216999053955,0.2987712323665619
42,C1,1097,0.2344563901424408,0.3264985680580139
42,C1,1098,0.22634710371494293,0.3061784505844116
42,C1,1099,0.18996387720108032,0.2616524398326874
42,C1,1100,0.22215938568115234,0.3033522963523865
42,C1,1101,0.280133992433548,0.35232847929000854
42,C1,1102,0.22668710350990295,0.28430044651031494
42,C1,1103,0.21255338191986084,0.2857769727706909
42,C1,1104,0.2705196738243103,0.36000242829322815
42,C1,1105,0.22107934951782227,0.3184884190559387
42,C1,1106,0.2077755630016327,0.29090559482574463
42,C1,1107,0.22451722621917725,0.295343816280365
42,C1,1108,0.26559844613075256,0.3342287540435791
42,C1,1109,0.2124156504869461,0.30711209774017334
42,C1,1110,0.2266167402267456,0.3294379711151123
42,C1,1111,0.22203904390335083,0.29751014709472656
42,C1,1112,0.26135826110839844,0.3729018568992615
42,C1,1113,0.20911183953285217,0.2789444029331207
42,C1,1114,0.15727278590202332,0.2296810746192932
42,C1,1115,0.13680651783943176,0.19300630688667297
42,C1,1116,0.24602673947811127,0.3228181302547455
42,C1,1117,0.2064114511013031,0.2736643850803375
42,C1,1118,0.20262502133846283,0.2899029552936554
42,C1,1119,0.2416984885931015,0.3305360972881317
42,C1,1120,0.23553362488746643,0.3057451546192169
42,C1,1121,0.3004721403121948,0.38220956921577454
42,C1,1122,0.2037046253681183,0.2741776406764984
42,C1,1123,0.25312188267707825,0.3386770784854889
42,C1,1124,0.250844269990921,0.3473585247993469
42,C1,1125,0.2427278459072113,0.3207445740699768
42,C1,1126,0.28385502099990845,0.36773979663848877
42,C1,1127,0.3082525134086609,0.3890262246131897
42,C1,1128,0.29319071769714355,0.38469210267066956
42,C1,1129,0.19582870602607727,0.2798418402671814
42,C1,1130,0.22514620423316956,0.3013665974140167
42,C1,1131,0.25352615118026733,0.34059998393058777
42,C1,1132,0.23249678313732147,0.30535024404525757
42,C1,1133,0.21768829226493835,0.30511659383773804
42,C1,1134,0.22854897379875183,0.31670376658439636
42,C1,1135,0.2361101508140564,0.32930752635002136
42,C1,1136,0.273894339799881,0.34444674849510193
42,C1,1137,0.245405375957489,0.35499587655067444
42,C1,1138,0.27369120717048645,0.34564274549484253
42,C1,1139,0.24937936663627625,0.31338363885879517
42,C1,1140,0.22996467351913452,0.30185016989707947
42,C1,1141,0.18579834699630737,0.25376036763191223
42,C1,1142,0.21077439188957214,0.29230526089668274
42,C1,1143,0.24645155668258667,0.3345232903957367
42,C1,1144,0.30632731318473816,0.38470393419265747
42,C1,1145,0.32297080755233765,0.40418916940689087
42,C1,1146,0.2473386526107788,0.31735992431640625
42,C1,1147,0.2617018222808838,0.3322848081588745
42,C1,1148,0.2354353964328766,0.3138245642185211
42,C1,1149,0.1806657612323761,0.23739859461784363
42,C1,1150,0.24652644991874695,0.30403777956962585
42,C1,1151,0.2611909508705139,0.3448713421821594
42,C1,1152,0.22831210494041443,0.2995319664478302
42,C1,1153,0.22742295265197754,0.3132898509502411
42,C1,1154,0.255859375,0.3288552165031433
42,C1,1155,0.19200661778450012,0.255318820476532
42,C1,1156,0.2376139611005783,0.32252588868141174
42,C1,1157,0.20175550878047943,0.2581738829612732
42,C1,1158,0.21197308599948883,0.27662160992622375
42,C1,1159,0.18031610548496246,0.2774793803691864
42,C1,1160,0.22965089976787567,0.30885809659957886
42,C1,1161,0.23445384204387665,0.31322866678237915
42,C1,1162,0.2427167445421219,0.3138618469238281
42,C1,1163,0.20175090432167053,0.25785237550735474
42,C1,1164,0.2216360867023468,0.2888915538787842
42,C1,1165,0.26493069529533386,0.34569963812828064
42,C1,1166,0.2650187015533447,0.35782313346862793
42,C1,1167,0.24265126883983612,0.3334187865257263
42,C1,1168,0.1978815197944641,0.27661845088005066
42,C1,1169,0.25172996520996094,0.3288643956184387
42,C1,1170,0.2274473011493683,0.2997626066207886
42,C1,1171,0.2636263072490692,0.3633663058280945
42,C1,1172,0.27125823497772217,0.36469584703445435
42,C1,1173,0.2066473364830017,0.289740651845932
42,C1,1174,0.221568763256073,0.3091801702976227
42,C1,1175,0.23898935317993164,0.3315202593803406
42,C1,1176,0.26270943880081177,0.33756545186042786
42,C1,1177,0.24300147593021393,0.340410053730011
42,C1,1178,0.28118637204170227,0.36313289403915405
42,C1,1179,0.22502751648426056,0.2922177314758301
42,C1,1180,0.15910962224006653,0.22147923707962036
42,C1,1181,0.2944703698158264,0.39465612173080444
42,C1,1182,0.20438477396965027,0.2824733257293701
42,C1,1183,0.24341484904289246,0.3319387137889862
42,C1,1184,0.207088440656662,0.2660259008407593
42,C1,1185,0.23307305574417114,0.3252405822277069
42,C1,1186,0.219582200050354,0.30849945545196533
42,C1,1187,0.2555169463157654,0.33445703983306885
42,C1,1188,0.24873408675193787,0.3260693848133087
42,C1,1189,0.20750932395458221,0.29614701867103577
42,C1,1190,0.2883893847465515,0.36312177777290344
42,C1,1191,0.22942669689655304,0.32427120208740234
42,C1,1192,0.19723793864250183,0.27914780378341675
42,C1,1193,0.22797791659832,0.3231598436832428
42,C1,1194,0.2460123747587204,0.3316444158554077
42,C1,1195,0.20459231734275818,0.26473912596702576
42,C1,1196,0.27498459815979004,0.34501901268959045
42,C1,1197,0.2599947452545166,0.3482838571071625
42,C1,1198,0.24938274919986725,0.34056228399276733
42,C1,1199,0.21401447057724,0.30238276720046997
42,C1,1200,0.20068849623203278,0.27713310718536377
42,C1,1201,0.19157758355140686,0.29398298263549805
42,C1,1202,0.32035189867019653,0.42788568139076233
42,C1,1203,0.24550046026706696,0.3438502550125122
42,C1,1204,0.23431751132011414,0.31110644340515137
42,C1,1205,0.2253188043832779,0.3140963912010193
42,C1,1206,0.2600259780883789,0.3427003026008606
42,C1,1207,0.20555229485034943,0.2722163796424866
42,C1,1208,0.27496570348739624,0.36250561475753784
42,C1,1209,0.23930953443050385,0.3231562077999115
42,C1,1210,0.2337106168270111,0.35311761498451233
42,C1,1211,0.24600791931152344,0.31662923097610474
42,C1,1212,0.24919798970222473,0.3246695399284363
42,C1,1213,0.20029178261756897,0.2794225215911865
42,C1,1214,0.2637183964252472,0.3396648168563843
42,C1,1215,0.25764983892440796,0.3527456223964691
42,C1,1216,0.24511519074440002,0.3085816502571106
42,C1,1217,0.245359867811203,0.33463162183761597
42,C1,1218,0.2835427224636078,0.36449235677719116
42,C1,1219,0.21421833336353302,0.2822498381137848
42,C1,1220,0.21843090653419495,0.3026783764362335
42,C1,1221,0.21260812878608704,0.2921859323978424
42,C1,1222,0.21490086615085602,0.3043525516986847
42,C1,1223,0.2502206563949585,0.3182844817638397
42,C1,1224,0.22664789855480194,0.3185541331768036
42,C1,1225,0.28186625242233276,0.3620767593383789
42,C1,1226,0.19858339428901672,0.271810919046402
42,C1,1227,0.16909398138523102,0.22125570476055145
42,C1,1228,0.20571687817573547,0.29537197947502136
42,C1,1229,0.2372974306344986,0.3159635663032532
42,C1,1230,0.23732805252075195,0.33941346406936646
42,C1,1231,0.2910987138748169,0.36981794238090515
42,C1,1232,0.19298359751701355,0.28473958373069763
42,C1,1233,0.25322574377059937,0.3477548360824585
42,C1,1234,0.22392916679382324,0.30570271611213684
42,C1,1235,0.2300625741481781,0.31486666202545166
42,C1,1236,0.23595842719078064,0.31841233372688293
42,C1,1237,0.20029941201210022,0.27013471722602844
42,C1,1238,0.2613985538482666,0.34505489468574524
42,C1,1239,0.2243271768093109,0.29329222440719604
42,C1,1240,0.23248028755187988,0.32419365644454956
42,C1,1241,0.22090071439743042,0.3083905875682831
42,C1,1242,0.24619458615779877,0.33079957962036133
42,C1,1243,0.21303141117095947,0.2945369482040405
42,C1,1244,0.2298123687505722,0.3056335151195526
42,C1,1245,0.1806512475013733,0.27572163939476013
42,C1,1246,0.18205386400222778,0.27000948786735535
42,C1,1247,0.23541603982448578,0.3066822588443756
42,C1,1248,0.23113171756267548,0.3105680048465729
42,C1,1249,0.2202175259590149,0.2944757640361786
42,C1,1250,0.24102909862995148,0.32279351353645325
42,C1,1251,0.250491201877594,0.3175920844078064
42,C1,1252,0.25221407413482666,0.3592504858970642
42,C1,1253,0.2325473129749298,0.30561721324920654
42,C1,1254,0.20194107294082642,0.2867540121078491
42,C1,1255,0.24915869534015656,0.3447926342487335
42,C1,1256,0.22958797216415405,0.3152000904083252
42,C1,1257,0.2219277024269104,0.2979132831096649
42,C1,1258,0.2603469491004944,0.33843475580215454
42,C1,1259,0.20329326391220093,0.2841247320175171
42,C1,1260,0.20470398664474487,0.29990020394325256
42,C1,1261,0.24695533514022827,0.33489692211151123
42,C1,1262,0.19271320104599,0.2707274556159973
42,C1,1263,0.20517529547214508,0.28093764185905457
42,C1,1264,0.22856470942497253,0.30833086371421814
42,C1,1265,0.27963054180145264,0.36355239152908325
42,C1,1266,0.2351541668176651,0.3372238874435425
42,C1,1267,0.2557205557823181,0.3592666983604431
42,C1,1268,0.252061128616333,0.3266110122203827
42,C1,1269,0.16989076137542725,0.24229639768600464
42,C1,1270,0.21239633858203888,0.2805936932563782
42,C1,1271,0.21791201829910278,0.2856684923171997
42,C1,1272,0.2648657560348511,0.3230859935283661
42,C1,1273,0.2297598272562027,0.29649439454078674
42,C1,1274,0.2218187302350998,0.2877779006958008
42,C1,1275,0.2747300863265991,0.34727010130882263
42,C1,1276,0.2337225377559662,0.32342857122421265
42,C1,1277,0.2122996747493744,0.30218076705932617
42,C1,1278,0.2650945782661438,0.3479970097541809
42,C1,1279,0.293398916721344,0.3734302222728729
42,C1,1280,0.18269851803779602,0.26157456636428833
42,C1,1281,0.21170002222061157,0.289420485496521
42,C1,1282,0.24833664298057556,0.3405996561050415
42,C1,1283,0.2345779538154602,0.3180602788925171
42,C1,1284,0.21180251240730286,0.2889266014099121
42,C1,1285,0.22610418498516083,0.2947833836078644
42,C1,1286,0.23522397875785828,0.31713396310806274
42,C1,1287,0.2500656247138977,0.3252243101596832
42,C1,1288,0.2707393169403076,0.3708248734474182
42,C1,1289,0.17219065129756927,0.2197306901216507
42,C1,1290,0.25475195050239563,0.3248968720436096
42,C1,1291,0.2645467519760132,0.3674260377883911
42,C1,1292,0.1765948235988617,0.24320660531520844
42,C1,1293,0.23155337572097778,0.3030453622341156
42,C1,1294,0.28876423835754395,0.3572675585746765
42,C1,1295,0.18425077199935913,0.254375159740448
42,C1,1296,0.18606403470039368,0.26380908489227295
42,C1,1297,0.21550142765045166,0.2953298091888428
42,C1,1298,0.22959661483764648,0.3205919861793518
42,C1,1299,0.2061772346496582,0.28363287448883057
42,C1,1300,0.30828195810317993,0.39213642477989197
42,C1,1301,0.20438143610954285,0.2650991380214691
42,C1,1302,0.2297963798046112,0.3154408037662506
42,C1,1303,0.20631453394889832,0.27250319719314575
42,C1,1304,0.22304847836494446,0.2849666178226471
42,C1,1305,0.1945006549358368,0.2551847994327545
42,C1,1306,0.22163572907447815,0.3136577308177948
42,C1,1307,0.22131112217903137,0.3067682683467865
42,C1,1308,0.22079405188560486,0.30409517884254456
42,C1,1309,0.23910151422023773,0.2980276346206665
42,C1,1310,0.25190499424934387,0.3161243796348572
42,C1,1311,0.229132279753685,0.31291723251342773
42,C1,1312,0.25620540976524353,0.3412683606147766
42,C1,1313,0.2580127716064453,0.3472813367843628
42,C1,1314,0.22278085350990295,0.2914884686470032
42,C1,1315,0.21425555646419525,0.28807803988456726
42,C1,1316,0.22131836414337158,0.2877492904663086
42,C1,1317,0.21860820055007935,0.28464266657829285
42,C1,1318,0.19870495796203613,0.28367796540260315
42,C1,1319,0.1961379051208496,0.27571603655815125
42,C1,1320,0.2158215194940567,0.29069358110427856
42,C1,1321,0.23201850056648254,0.30376699566841125
42,C1,1322,0.27428513765335083,0.36391642689704895
42,C1,1323,0.25337526202201843,0.3231745958328247
42,C1,1324,0.21431177854537964,0.28139540553092957
42,C1,1325,0.2949484884738922,0.36611783504486084
42,C1,1326,0.2735028862953186,0.3469776511192322
42,C1,1327,0.26657527685165405,0.3533298671245575
42,C1,1328,0.20169571042060852,0.2718120217323303
42,C1,1329,0.24129900336265564,0.312550812959671
42,C1,1330,0.20364344120025635,0.2797197997570038
42,C1,1331,0.2059141993522644,0.29029592871665955
42,C1,1332,0.23432356119155884,0.3216545879840851
42,C1,1333,0.23234254121780396,0.33216392993927
42,C1,1334,0.25787246227264404,0.34113600850105286
42,C1,1335,0.1861819624900818,0.25996389985084534
42,C1,1336,0.23603636026382446,0.31848058104515076
42,C1,1337,0.27372950315475464,0.3713991940021515
42,C1,1338,0.21709297597408295,0.3004353642463684
42,C1,1339,0.27019619941711426,0.34732553362846375
42,C1,1340,0.2181653529405594,0.31034478545188904
42,C1,1341,0.22615662217140198,0.31240028142929077
42,C1,1342,0.25534582138061523,0.3517584204673767
42,C1,1343,0.3051445484161377,0.3871192932128906
42,C1,1344,0.22139674425125122,0.3102794587612152
42,C1,1345,0.2318432331085205,0.32531076669692993
42,C1,1346,0.18750673532485962,0.28578585386276245
42,C1,1347,0.22132554650306702,0.3145958483219147
42,C1,1348,0.22300522029399872,0.3065448999404907
42,C1,1349,0.1830677092075348,0.23440241813659668
42,C1,1350,0.20840582251548767,0.2657310664653778
42,C1,1351,0.21185295283794403,0.2676424980163574
42,C1,1352,0.22565791010856628,0.30557674169540405
42,C1,1353,0.20337051153182983,0.2912577986717224
42,C1,1354,0.25914207100868225,0.36437520384788513
42,C1,1355,0.26472118496894836,0.33763301372528076
42,C1,1356,0.2713543772697449,0.3509063124656677
42,C1,1357,0.1822642683982849,0.23498854041099548
42,C1,1358,0.23820653557777405,0.33918172121047974
42,C1,1359,0.23002322018146515,0.33084195852279663
42,C1,1360,0.17202149331569672,0.2588220238685608
42,C1,1361,0.23365339636802673,0.32013794779777527
42,C1,1362,0.22706764936447144,0.30524981021881104
42,C1,1363,0.2121475636959076,0.28576186299324036
42,C1,1364,0.2547973394393921,0.34855395555496216
42,C1,1365,0.23122452199459076,0.30786067247390747
42,C1,1366,0.22040170431137085,0.30839473009109497
42,C1,1367,0.23319147527217865,0.3031075596809387
42,C1,1368,0.22249501943588257,0.28828004002571106
42,C1,1369,0.29193228483200073,0.3795756697654724
42,C1,1370,0.20115216076374054,0.28339260816574097
42,C1,1371,0.1937408447265625,0.25978028774261475
42,C1,1372,0.203902930021286,0.28492817282676697
42,C1,1373,0.2290969043970108,0.3208616375923157
42,C1,1374,0.16549423336982727,0.23743247985839844
42,C1,1375,0.28427526354789734,0.370819091796875
42,C1,1376,0.20980404317378998,0.2658385634422302
42,C1,1377,0.23594078421592712,0.2973354458808899
42,C1,1378,0.22162503004074097,0.3079332411289215
42,C1,1379,0.250591903924942,0.35422417521476746
42,C1,1380,0.27475905418395996,0.3519241213798523
42,C1,1381,0.22073796391487122,0.3146873712539673
42,C1,1382,0.2905433177947998,0.38634639978408813
42,C1,1383,0.2540647089481354,0.3284098207950592
42,C1,1384,0.23113542795181274,0.2956335246562958
42,C1,1385,0.24300014972686768,0.32825368642807007
42,C1,1386,0.23675508797168732,0.32453590631484985
42,C1,1387,0.2655239403247833,0.34628045558929443
42,C1,1388,0.26377445459365845,0.3632417321205139
42,C1,1389,0.26605749130249023,0.34814339876174927
42,C1,1390,0.2813948094844818,0.34882208704948425
42,C1,1391,0.27920910716056824,0.3695647120475769
42,C1,1392,0.23536977171897888,0.3088822364807129
42,C1,1393,0.2881135940551758,0.36809515953063965
42,C1,1394,0.2389908730983734,0.31118452548980713
42,C1,1395,0.2386784851551056,0.3308990001678467
42,C1,1396,0.24988511204719543,0.3460368514060974
42,C1,1397,0.20564590394496918,0.27266979217529297
42,C1,1398,0.25420325994491577,0.3420616388320923
42,C1,1399,0.2817246913909912,0.3621874153614044
42,C1,1400,0.21786081790924072,0.2884891629219055
42,C1,1401,0.23928077518939972,0.3232285678386688
42,C1,1402,0.26480036973953247,0.3524987995624542
42,C1,1403,0.18794392049312592,0.25677725672721863
42,C1,1404,0.22471168637275696,0.28969720005989075
42,C1,1405,0.21979790925979614,0.3009423315525055
42,C1,1406,0.3004240393638611,0.3993324935436249
42,C1,1407,0.2792055606842041,0.3823990523815155
42,C1,1408,0.2587987780570984,0.3426063358783722
42,C1,1409,0.20107980072498322,0.2775335907936096
42,C1,1410,0.22115567326545715,0.30006396770477295
42,C1,1411,0.2785796523094177,0.3683971166610718
42,C1,1412,0.22818437218666077,0.3020768165588379
42,C1,1413,0.20828774571418762,0.27690720558166504
42,C1,1414,0.25007888674736023,0.3443809747695923
42,C1,1415,0.3264825940132141,0.4044243395328522
42,C1,1416,0.24158135056495667,0.31422504782676697
42,C1,1417,0.24838142096996307,0.32539939880371094
42,C1,1418,0.23962925374507904,0.31657981872558594
42,C1,1419,0.1908963918685913,0.26706793904304504
42,C1,1420,0.28240305185317993,0.36274054646492004
42,C1,1421,0.26654770970344543,0.35458868741989136
42,C1,1422,0.27000483870506287,0.37790578603744507
42,C1,1423,0.281806617975235,0.36018067598342896
42,C1,1424,0.2391360104084015,0.32854968309402466
42,C1,1425,0.2293441891670227,0.3044431805610657
42,C1,1426,0.23015335202217102,0.29494979977607727
42,C1,1427,0.23887598514556885,0.30554094910621643
42,C1,1428,0.25102007389068604,0.32741880416870117
42,C1,1429,0.2276560664176941,0.2917037904262543
42,C1,1430,0.18833094835281372,0.2570604681968689
42,C1,1431,0.21441012620925903,0.2971743047237396
42,C1,1432,0.23013199865818024,0.3269111216068268
42,C1,1433,0.20055007934570312,0.26805180311203003
42,C1,1434,0.24429476261138916,0.3258076310157776
42,C1,1435,0.25442951917648315,0.3478538393974304
42,C1,1436,0.22120508551597595,0.27907535433769226
42,C1,1437,0.2787506580352783,0.3688945174217224
42,C1,1438,0.2531576454639435,0.32497838139533997
42,C1,1439,0.25389453768730164,0.3404493033885956
42,C1,1440,0.17380809783935547,0.2522231340408325
42,C1,1441,0.21976932883262634,0.2780036926269531
42,C1,1442,0.2406824678182602,0.3262529671192169
42,C1,1443,0.20770590007305145,0.27797478437423706
42,C1,1444,0.2290775179862976,0.33533331751823425
42,C1,1445,0.2526879608631134,0.3451201915740967
42,C1,1446,0.18619219958782196,0.24974748492240906
42,C1,1447,0.2021746188402176,0.28186121582984924
42,C1,1448,0.2481294572353363,0.3190409243106842
42,C1,1449,0.2652234435081482,0.3593217134475708
42,C1,1450,0.2299933135509491,0.293853223323822
42,C1,1451,0.25312960147857666,0.33017855882644653
42,C1,1452,0.22786766290664673,0.32243263721466064
42,C1,1453,0.23583641648292542,0.31367671489715576
42,C1,1454,0.15379491448402405,0.23478493094444275
42,C1,1455,0.24951310455799103,0.3373536169528961
42,C1,1456,0.19800685346126556,0.28974997997283936
42,C1,1457,0.2251344621181488,0.3074943423271179
42,C1,1458,0.20097211003303528,0.27784764766693115
42,C1,1459,0.19616910815238953,0.27469220757484436
42,C1,1460,0.2234758734703064,0.31009629368782043
42,C1,1461,0.1762169897556305,0.2549799084663391
42,C1,1462,0.23002013564109802,0.3104028105735779
42,C1,1463,0.23673050105571747,0.3309515118598938
42,C1,1464,0.26105815172195435,0.348405122756958
42,C1,1465,0.28507938981056213,0.3736385703086853
42,C1,1466,0.2769990861415863,0.3465982675552368
42,C1,1467,0.25823017954826355,0.35188427567481995
42,C1,1468,0.25228235125541687,0.33885759115219116
42,C1,1469,0.2262183129787445,0.30471864342689514
42,C1,1470,0.19298380613327026,0.2715218663215637
42,C1,1471,0.24744977056980133,0.3310590386390686
42,C1,1472,0.24321720004081726,0.3324996531009674
42,C1,1473,0.24271252751350403,0.3204580247402191
42,C1,1474,0.2499934732913971,0.3360850214958191
42,C1,1475,0.23962441086769104,0.31656429171562195
42,C1,1476,0.18654677271842957,0.2685760259628296
42,C1,1477,0.289456307888031,0.36382800340652466
42,C1,1478,0.21398112177848816,0.3142019510269165
42,C1,1479,0.19500881433486938,0.2751525640487671
42,C1,1480,0.2753921151161194,0.3567329943180084
42,C1,1481,0.24972376227378845,0.31046262383461
42,C1,1482,0.24713723361492157,0.3228861689567566
42,C1,1483,0.23427557945251465,0.31808918714523315
42,C1,1484,0.21340082585811615,0.27469104528427124
42,C1,1485,0.1998966485261917,0.268193781375885
42,C1,1486,0.21621105074882507,0.312348872423172
42,C1,1487,0.23355162143707275,0.3282671868801117
42,C1,1488,0.23787865042686462,0.29894301295280457
42,C1,1489,0.2599610388278961,0.35168519616127014
42,C1,1490,0.20966625213623047,0.284646600484848
42,C1,1491,0.25260475277900696,0.33253705501556396
42,C1,1492,0.1911274492740631,0.27862808108329773
42,C1,1493,0.24531838297843933,0.3280959129333496
42,C1,1494,0.23901458084583282,0.3253861665725708
42,C1,1495,0.2314610332250595,0.31241679191589355
42,C1,1496,0.23088310658931732,0.30971673130989075
42,C1,1497,0.21265104413032532,0.279479056596756
42,C1,1498,0.21015122532844543,0.28732985258102417
42,C1,1499,0.2515658140182495,0.3364756405353546
42,C1,1500,0.21490974724292755,0.2827818989753723
42,C1,1501,0.15372711420059204,0.21904882788658142
42,C1,1502,0.2319031059741974,0.31645113229751587
42,C1,1503,0.2585091292858124,0.33680078387260437
42,C1,1504,0.24373555183410645,0.31979840993881226
42,C1,1505,0.23211075365543365,0.3119465112686157
42,C1,1506,0.30821532011032104,0.37952837347984314
42,C1,1507,0.23744964599609375,0.31856226921081543
42,C1,1508,0.23418453335762024,0.3016384541988373
42,C1,1509,0.22059625387191772,0.29666852951049805
42,C1,1510,0.2112259566783905,0.29578113555908203
42,C1,1511,0.20008967816829681,0.2766306400299072
42,C1,1512,0.23652465641498566,0.3253057599067688
42,C1,1513,0.1900283396244049,0.257565438747406
42,C1,1514,0.22355180978775024,0.3008616268634796
42,C1,1515,0.21963076293468475,0.2945200800895691
42,C1,1516,0.20348502695560455,0.2831629514694214
42,C1,1517,0.20072035491466522,0.2919236421585083
42,C1,1518,0.193841814994812,0.2685840427875519
42,C1,1519,0.245085209608078,0.3241753578186035
42,C1,1520,0.2211177945137024,0.30688542127609253
42,C1,1521,0.207319974899292,0.293077290058136
42,C1,1522,0.28337883949279785,0.3662363588809967
42,C1,1523,0.25240644812583923,0.3308889865875244
42,C1,1524,0.15307152271270752,0.2322155237197876
42,C1,1525,0.2459804117679596,0.33775386214256287
42,C1,1526,0.27235710620880127,0.35585030913352966
42,C1,1527,0.19198867678642273,0.26344946026802063
42,C1,1528,0.20031894743442535,0.29662880301475525
42,C1,1529,0.23665744066238403,0.3017955720424652
42,C1,1530,0.2642171382904053,0.3497760593891144
42,C1,1531,0.25063401460647583,0.31604138016700745
42,C1,1532,0.28306490182876587,0.35396724939346313
42,C1,1533,0.22256754338741302,0.3067611753940582
42,C1,1534,0.2056168168783188,0.2654127776622772
42,C1,1535,0.2694377303123474,0.35593345761299133
42,C1,1536,0.285555362701416,0.36733829975128174
42,C1,1537,0.18013541400432587,0.26171818375587463
42,C1,1538,0.23725636303424835,0.32422322034835815
42,C1,1539,0.25520747900009155,0.3393099904060364
42,C1,1540,0.259607195854187,0.3724738359451294
42,C1,1541,0.21173201501369476,0.2985997796058655
42,C1,1542,0.2433849275112152,0.3405587375164032
42,C1,1543,0.19488033652305603,0.2581390142440796
42,C1,1544,0.21749986708164215,0.3076629042625427
42,C1,1545,0.12151186168193817,0.1787988841533661
42,C1,1546,0.22213445603847504,0.314263254404068
42,C1,1547,0.23747901618480682,0.32312989234924316
42,C1,1548,0.2761630117893219,0.357206255197525
42,C1,1549,0.2277071326971054,0.3170885443687439
42,C1,1550,0.2376197874546051,0.33670884370803833
42,C1,1551,0.27737557888031006,0.3418634235858917
42,C1,1552,0.22581490874290466,0.30003565549850464
42,C1,1553,0.25662240386009216,0.34033966064453125
42,C1,1554,0.22079533338546753,0.3007361888885498
42,C1,1555,0.27971151471138,0.3444088399410248
42,C1,1556,0.25203245878219604,0.31943637132644653
42,C1,1557,0.22230081260204315,0.30371642112731934
42,C1,1558,0.21154087781906128,0.2973954677581787
42,C1,1559,0.24764403700828552,0.3303194046020508
42,C1,1560,0.22505787014961243,0.30683621764183044
42,C1,1561,0.25126323103904724,0.3317890763282776
42,C1,1562,0.2114381045103073,0.3006608486175537
42,C1,1563,0.21856677532196045,0.2894681394100189
42,C1,1564,0.2191549390554428,0.29274481534957886
42,C1,1565,0.21231310069561005,0.309146523475647
42,C1,1566,0.18480759859085083,0.24223874509334564
42,C1,1567,0.22682341933250427,0.3097832202911377
42,C1,1568,0.27593907713890076,0.38791579008102417
42,C1,1569,0.20979171991348267,0.27323073148727417
42,C1,1570,0.2377748340368271,0.315341591835022
42,C1,1571,0.26302891969680786,0.3499334752559662
42,C1,1572,0.16824334859848022,0.22329968214035034
42,C1,1573,0.22985528409481049,0.3073522448539734
42,C1,1574,0.2619895935058594,0.3277394473552704
42,C1,1575,0.24305054545402527,0.3151237368583679
42,C1,1576,0.18603524565696716,0.24564816057682037
42,C1,1577,0.26182201504707336,0.3410654067993164
42,C1,1578,0.2946047782897949,0.38972124457359314
42,C1,1579,0.19882938265800476,0.2724505662918091
42,C1,1580,0.2115483283996582,0.30721381306648254
42,C1,1581,0.24576230347156525,0.32771092653274536
42,C1,1582,0.27462831139564514,0.36471354961395264
42,C1,1583,0.25876355171203613,0.3413374125957489
42,C1,1584,0.24266518652439117,0.31818586587905884
42,C1,1585,0.2345423698425293,0.33105704188346863
42,C1,1586,0.22799241542816162,0.29576173424720764
42,C1,1587,0.22903282940387726,0.30835118889808655
42,C1,1588,0.27187734842300415,0.34092968702316284
42,C1,1589,0.18631699681282043,0.24564005434513092
42,C1,1590,0.19184133410453796,0.2620493173599243
42,C1,1591,0.23728065192699432,0.3178519904613495
42,C1,1592,0.22922283411026,0.31005099415779114
42,C1,1593,0.24099329113960266,0.3172098994255066
42,C1,1594,0.17067062854766846,0.23419678211212158
42,C1,1595,0.1797776222229004,0.23476937413215637
42,C1,1596,0.22682848572731018,0.2982070744037628
42,C1,1597,0.2152564525604248,0.29689857363700867
42,C1,1598,0.22017325460910797,0.2744535505771637
42,C1,1599,0.21469956636428833,0.3000696003437042
42,C1,1600,0.2325078248977661,0.2921917140483856
42,C1,1601,0.20838913321495056,0.29526084661483765
42,C1,1602,0.2398674637079239,0.3132849633693695
42,C1,1603,0.21903276443481445,0.2969205677509308
42,C1,1604,0.2197878658771515,0.3129773736000061
42,C1,1605,0.22080153226852417,0.2864695191383362
42,C1,1606,0.19683551788330078,0.2797120213508606
42,C1,1607,0.19835826754570007,0.26250842213630676
42,C1,1608,0.25326719880104065,0.33544981479644775
42,C1,1609,0.19765037298202515,0.2576891779899597
42,C1,1610,0.19063563644886017,0.23601219058036804
42,C1,1611,0.20159322023391724,0.2771623432636261
42,C1,1612,0.18912312388420105,0.27013683319091797
42,C1,1613,0.26558175683021545,0.3530675172805786
42,C1,1614,0.2125631719827652,0.2850891351699829
42,C1,1615,0.2715950012207031,0.34056901931762695
42,C1,1616,0.2312193512916565,0.3215518891811371
42,C1,1617,0.22706238925457,0.3013339340686798
42,C1,1618,0.21875649690628052,0.2968156635761261
42,C1,1619,0.2429617941379547,0.32361742854118347
42,C1,1620,0.22521430253982544,0.2789244055747986
42,C1,1621,0.2711224853992462,0.33701953291893005
42,C1,1622,0.20173780620098114,0.2692652940750122
42,C1,1623,0.2691342234611511,0.3578076958656311
42,C1,1624,0.22780083119869232,0.3067777752876282
42,C1,1625,0.22206702828407288,0.2990140914916992
42,C1,1626,0.21463902294635773,0.2981758713722229
42,C1,1627,0.21280008554458618,0.2964707314968109
42,C1,1628,0.22573328018188477,0.2977583706378937
42,C1,1629,0.21522407233715057,0.28906434774398804
42,C1,1630,0.2138427495956421,0.3052489757537842
42,C1,1631,0.2584016025066376,0.3296654224395752
42,C1,1632,0.20733030140399933,0.29192402958869934
42,C1,1633,0.22724518179893494,0.3061024248600006
42,C1,1634,0.2213607132434845,0.32463622093200684
42,C1,1635,0.209572434425354,0.3034434914588928
42,C1,1636,0.31245875358581543,0.39500755071640015
42,C1,1637,0.1780979186296463,0.24290893971920013
42,C1,1638,0.1737409085035324,0.22770147025585175
42,C1,1639,0.1739981770515442,0.24808666110038757
42,C1,1640,0.2577856183052063,0.33776164054870605
42,C1,1641,0.2252090573310852,0.31453824043273926
42,C1,1642,0.18352144956588745,0.24479131400585175
42,C1,1643,0.21205900609493256,0.3069531321525574
42,C1,1644,0.26187220215797424,0.3563031256198883
42,C1,1645,0.2546185851097107,0.3501713275909424
42,C1,1646,0.2338782101869583,0.3216269612312317
42,C1,1647,0.2612517774105072,0.32828134298324585
42,C1,1648,0.2124929130077362,0.28289279341697693
42,C1,1649,0.2268071472644806,0.311387300491333
42,C1,1650,0.2224452942609787,0.31404954195022583
42,C1,1651,0.18600955605506897,0.26368218660354614
42,C1,1652,0.217479407787323,0.2913886308670044
42,C1,1653,0.2598702311515808,0.35808080434799194
42,C1,1654,0.2815161943435669,0.3956959843635559
42,C1,1655,0.2363002747297287,0.33475184440612793
42,C1,1656,0.24554675817489624,0.3185267448425293
42,C1,1657,0.2086934745311737,0.27528804540634155
42,C1,1658,0.21844837069511414,0.309293270111084
42,C1,1659,0.21995601058006287,0.31359726190567017
42,C1,1660,0.18975409865379333,0.2863987386226654
42,C1,1661,0.30437853932380676,0.3998867869377136
42,C1,1662,0.22809651494026184,0.31404778361320496
42,C1,1663,0.24249692261219025,0.34715890884399414
42,C1,1664,0.2164989858865738,0.3017289936542511
42,C1,1665,0.2141645848751068,0.30187591910362244
42,C1,1666,0.21817277371883392,0.29598748683929443
42,C1,1667,0.20662057399749756,0.2722427248954773
42,C1,1668,0.24897818267345428,0.34512433409690857
42,C1,1669,0.24663443863391876,0.3166691064834595
42,C1,1670,0.21994656324386597,0.2877369225025177
42,C1,1671,0.2666073441505432,0.3531710207462311
42,C1,1672,0.19990941882133484,0.2867080569267273
42,C1,1673,0.2336491495370865,0.324082612991333
42,C1,1674,0.2593483626842499,0.34366101026535034
42,C1,1675,0.25976574420928955,0.35003018379211426
42,C1,1676,0.23158907890319824,0.30918052792549133
42,C1,1677,0.2106865644454956,0.2880855202674866
42,C1,1678,0.2559298574924469,0.3355332911014557
42,C1,1679,0.2219238430261612,0.305050253868103
42,C1,1680,0.20725461840629578,0.3065723478794098
42,C1,1681,0.20206601917743683,0.2669156491756439
42,C1,1682,0.2720526456832886,0.3695512115955353
42,C1,1683,0.23860181868076324,0.3160753846168518
42,C1,1684,0.21502496302127838,0.29375821352005005
42,C1,1685,0.2236861288547516,0.2884437143802643
42,C1,1686,0.25462445616722107,0.3376081585884094
42,C1,1687,0.2784537374973297,0.3697606325149536
42,C1,1688,0.195371612906456,0.2601194679737091
42,C1,1689,0.22713659703731537,0.3070184886455536
42,C1,1690,0.2102431058883667,0.2920300364494324
42,C1,1691,0.20693142712116241,0.2862146198749542
42,C1,1692,0.16060955822467804,0.2155158817768097
42,C1,1693,0.2664042115211487,0.35249054431915283
42,C1,1694,0.2707504630088806,0.35916274785995483
42,C1,1695,0.2935486435890198,0.3704458773136139
42,C1,1696,0.25529858469963074,0.3396330773830414
42,C1,1697,0.17117486894130707,0.23635083436965942
42,C1,1698,0.20372149348258972,0.3036694824695587
42,C1,1699,0.23354272544384003,0.3091190457344055
42,C1,1700,0.22394603490829468,0.314177542924881
42,C1,1701,0.17175482213497162,0.24276694655418396
42,C1,1702,0.19484247267246246,0.2538258135318756
42,C1,1703,0.16233506798744202,0.22633379697799683
42,C1,1704,0.2784726619720459,0.3621056377887726
42,C1,1705,0.1930704414844513,0.25491568446159363
42,C1,1706,0.2571565806865692,0.3307536244392395
42,C1,1707,0.21928033232688904,0.30477404594421387
42,C1,1708,0.25736701488494873,0.3399319648742676
42,C1,1709,0.21047340333461761,0.28223004937171936
42,C1,1710,0.21171030402183533,0.29806482791900635
42,C1,1711,0.2860710024833679,0.3845553398132324
42,C1,1712,0.22507502138614655,0.3091338276863098
42,C1,1713,0.22235937416553497,0.3023506700992584
42,C1,1714,0.2614502012729645,0.35541772842407227
42,C1,1715,0.26127371191978455,0.36875396966934204
42,C1,1716,0.29892054200172424,0.4028923809528351
42,C1,1717,0.26378151774406433,0.34628772735595703
42,C1,1718,0.18571990728378296,0.2475961148738861
42,C1,1719,0.1457071304321289,0.19680872559547424
42,C1,1720,0.27363812923431396,0.34897223114967346
42,C1,1721,0.20946462452411652,0.2988024652004242
42,C1,1722,0.24420948326587677,0.32636699080467224
42,C1,1723,0.15232691168785095,0.21653792262077332
42,C1,1724,0.20370273292064667,0.2745835781097412
42,C1,1725,0.2794974148273468,0.3660789132118225
42,C1,1726,0.2004929631948471,0.25860562920570374
42,C1,1727,0.22864966094493866,0.3059464395046234
42,C1,1728,0.24133141338825226,0.32879844307899475
42,C1,1729,0.27477580308914185,0.35607242584228516
42,C1,1730,0.26345333456993103,0.3387516438961029
42,C1,1731,0.21276190876960754,0.30291464924812317
42,C1,1732,0.21218210458755493,0.28335797786712646
42,C1,1733,0.2576603889465332,0.3394348919391632
42,C1,1734,0.2220776379108429,0.3083522617816925
42,C1,1735,0.25898176431655884,0.3451330363750458
42,C1,1736,0.2346504032611847,0.3163791298866272
42,C1,1737,0.24474146962165833,0.33433520793914795
42,C1,1738,0.2655840516090393,0.3464736342430115
42,C1,1739,0.27882736921310425,0.36556774377822876
42,C1,1740,0.22099515795707703,0.29051703214645386
42,C1,1741,0.20485229790210724,0.26593589782714844
42,C1,1742,0.22566461563110352,0.30114421248435974
42,C1,1743,0.24007996916770935,0.3068508803844452
42,C1,1744,0.20407640933990479,0.28076764941215515
42,C1,1745,0.22048839926719666,0.31307727098464966
42,C1,1746,0.17377132177352905,0.24590370059013367
42,C1,1747,0.25118106603622437,0.3203205168247223
42,C1,1748,0.24448557198047638,0.3214830160140991
42,C1,1749,0.2903153598308563,0.37431302666664124
42,C1,1750,0.2651183605194092,0.35370323061943054
42,C1,1751,0.2803865969181061,0.36243414878845215
42,C1,1752,0.1851884424686432,0.2602701187133789
42,C1,1753,0.2534661293029785,0.34628957509994507
42,C1,1754,0.23436778783798218,0.3173454999923706
42,C1,1755,0.192975252866745,0.26012149453163147
42,C1,1756,0.22245962917804718,0.2812379002571106
42,C1,1757,0.22715002298355103,0.29234451055526733
42,C1,1758,0.23595887422561646,0.32992449402809143
42,C1,1759,0.251067578792572,0.3783951699733734
42,C1,1760,0.2462870478630066,0.3165433406829834
42,C1,1761,0.23223501443862915,0.3044452369213104
42,C1,1762,0.24444416165351868,0.3392159342765808
42,C1,1763,0.2511366009712219,0.3355041444301605
42,C1,1764,0.2746112644672394,0.3602851331233978
42,C1,1765,0.2557438910007477,0.35002774000167847
42,C1,1766,0.21394145488739014,0.2850117087364197
42,C1,1767,0.2263561487197876,0.28194963932037354
42,C1,1768,0.24600742757320404,0.3372015357017517
42,C1,1769,0.20494285225868225,0.31020957231521606
42,C1,1770,0.22756555676460266,0.30840766429901123
42,C1,1771,0.24812042713165283,0.32306110858917236
42,C1,1772,0.25536710023880005,0.31658419966697693
42,C1,1773,0.24840441346168518,0.3224770128726959
42,C1,1774,0.176298588514328,0.2495194375514984
42,C1,1775,0.254177451133728,0.337310254573822
42,C1,1776,0.2106655240058899,0.28945568203926086
42,C1,1777,0.2161974310874939,0.3029608130455017
42,C1,1778,0.2487623393535614,0.33552414178848267
42,C1,1779,0.2497851550579071,0.3499913811683655
42,C1,1780,0.2665039598941803,0.36308589577674866
42,C1,1781,0.2678498923778534,0.36829873919487
42,C1,1782,0.22117356956005096,0.3019510507583618
42,C1,1783,0.20429667830467224,0.2676467299461365
42,C1,1784,0.19544316828250885,0.26874324679374695
42,C1,1785,0.21989655494689941,0.28158438205718994
42,C1,1786,0.32298702001571655,0.41378054022789
42,C1,1787,0.25615978240966797,0.3334127366542816
42,C1,1788,0.20658716559410095,0.2716478407382965
42,C1,1789,0.20356276631355286,0.26673609018325806
42,C1,1790,0.31704214215278625,0.4271869659423828
42,C1,1791,0.15977568924427032,0.21312850713729858
42,C1,1792,0.18013133108615875,0.2479901909828186
42,C1,1793,0.23794493079185486,0.31139159202575684
42,C1,1794,0.2507633566856384,0.31767213344573975
42,C1,1795,0.24214565753936768,0.32266098260879517
42,C1,1796,0.21565736830234528,0.2791696786880493
42,C1,1797,0.2131187617778778,0.30271443724632263
42,C1,1798,0.21316727995872498,0.28159859776496887
42,C1,1799,0.22113928198814392,0.2896602153778076
42,C1,1800,0.26077255606651306,0.3342321217060089
42,C1,1801,0.2010365128517151,0.2929997146129608
42,C1,1802,0.20262283086776733,0.29030686616897583
42,C1,1803,0.2263343334197998,0.318791002035141
42,C1,1804,0.21508514881134033,0.30250000953674316
42,C1,1805,0.20133046805858612,0.2601948082447052
42,C1,1806,0.28023695945739746,0.37755677103996277
42,C1,1807,0.25168660283088684,0.32096272706985474
42,C1,1808,0.1931643784046173,0.28808751702308655
42,C1,1809,0.24574613571166992,0.3228343427181244
42,C1,1810,0.25197654962539673,0.33833926916122437
42,C1,1811,0.23498383164405823,0.3261275291442871
42,C1,1812,0.19299834966659546,0.2507823705673218
42,C1,1813,0.22354164719581604,0.28929781913757324
42,C1,1814,0.27347835898399353,0.3663714528083801
42,C1,1815,0.19326986372470856,0.25957828760147095
42,C1,1816,0.22987307608127594,0.29933127760887146
42,C1,1817,0.21376770734786987,0.27910909056663513
42,C1,1818,0.2225288301706314,0.29710865020751953
42,C1,1819,0.23691782355308533,0.297845721244812
42,C1,1820,0.20490416884422302,0.28782767057418823
42,C1,1821,0.30881136655807495,0.3857746124267578
42,C1,1822,0.20322734117507935,0.2844054698944092
42,C1,1823,0.2100948989391327,0.30188772082328796
42,C1,1824,0.23106658458709717,0.3248552680015564
42,C1,1825,0.24308717250823975,0.3308420181274414
42,C1,1826,0.18415004014968872,0.23921270668506622
42,C1,1827,0.2825169265270233,0.364348441362381
42,C1,1828,0.15814661979675293,0.21339692175388336
42,C1,1829,0.22362273931503296,0.3037036061286926
42,C1,1830,0.24132312834262848,0.3263864517211914
42,C1,1831,0.19850075244903564,0.2692020535469055
42,C1,1832,0.17508119344711304,0.24145379662513733
42,C1,1833,0.17605870962142944,0.2319875806570053
42,C1,1834,0.245420902967453,0.32712268829345703
42,C1,1835,0.22418475151062012,0.28286123275756836
42,C1,1836,0.2789901793003082,0.37104177474975586
42,C1,1837,0.2414572536945343,0.31560999155044556
42,C1,1838,0.22919437289237976,0.30756425857543945
42,C1,1839,0.22505685687065125,0.31490358710289
42,C1,1840,0.2290363609790802,0.3167155086994171
42,C1,1841,0.20757369697093964,0.28346866369247437
42,C1,1842,0.1956619918346405,0.27913224697113037
42,C1,1843,0.2852238416671753,0.3566212058067322
42,C1,1844,0.28134632110595703,0.3587733507156372
42,C1,1845,0.20633788406848907,0.29986873269081116
42,C1,1846,0.2386888861656189,0.3315254747867584
42,C1,1847,0.2713143825531006,0.3514614701271057
42,C1,1848,0.2847183048725128,0.38367366790771484
42,C1,1849,0.23544371128082275,0.316036194562912
42,C1,1850,0.15487638115882874,0.23484407365322113
42,C1,1851,0.2260487675666809,0.3272760510444641
42,C1,1852,0.22097229957580566,0.3150738477706909
42,C1,1853,0.22370219230651855,0.30555206537246704
42,C1,1854,0.22875788807868958,0.31581905484199524
42,C1,1855,0.22159844636917114,0.29485905170440674
42,C1,1856,0.20711378753185272,0.2871488034725189
42,C1,1857,0.1869209259748459,0.26050013303756714
42,C1,1858,0.19704727828502655,0.28601694107055664
42,C1,1859,0.2002066969871521,0.2580817639827728
42,C1,1860,0.2666827440261841,0.3379153609275818
42,C1,1861,0.28045880794525146,0.35679882764816284
42,C1,1862,0.23933139443397522,0.3282012343406677
42,C1,1863,0.27938032150268555,0.35619884729385376
42,C1,1864,0.21837148070335388,0.3235223591327667
42,C1,1865,0.23155084252357483,0.3025358319282532
42,C1,1866,0.28881555795669556,0.36508500576019287
42,C1,1867,0.29535770416259766,0.3959519565105438
42,C1,1868,0.2015215903520584,0.2785264551639557
42,C1,1869,0.17677848041057587,0.25265222787857056
42,C1,1870,0.21915896236896515,0.2970883250236511
42,C1,1871,0.20647218823432922,0.2903251349925995
42,C1,1872,0.18656384944915771,0.25650539994239807
42,C1,1873,0.21455933153629303,0.30408865213394165
42,C1,1874,0.30562877655029297,0.3947948217391968
42,C1,1875,0.28798747062683105,0.37486064434051514
42,C1,1876,0.28813421726226807,0.3636054992675781
42,C1,1877,0.24276986718177795,0.3361941874027252
42,C1,1878,0.20253653824329376,0.2750834822654724
42,C1,1879,0.20386719703674316,0.2757197320461273
42,C1,1880,0.27343395352363586,0.3475050628185272
42,C1,1881,0.20603325963020325,0.2760016918182373
42,C1,1882,0.17826996743679047,0.25115272402763367
42,C1,1883,0.24227043986320496,0.3263702392578125
42,C1,1884,0.18377873301506042,0.2519926130771637
42,C1,1885,0.2256016582250595,0.3112275004386902
42,C1,1886,0.1824532151222229,0.2500531077384949
42,C1,1887,0.20947974920272827,0.28993216156959534
42,C1,1888,0.1846490502357483,0.24704036116600037
42,C1,1889,0.24488985538482666,0.3105309009552002
42,C1,1890,0.24662423133850098,0.3341054618358612
42,C1,1891,0.21374231576919556,0.27720433473587036
42,C1,1892,0.2403242290019989,0.3152337074279785
42,C1,1893,0.21049699187278748,0.2995222806930542
42,C1,1894,0.2566424608230591,0.3347168564796448
42,C1,1895,0.20160192251205444,0.2909497916698456
42,C1,1896,0.22913169860839844,0.316765159368515
42,C1,1897,0.192146897315979,0.2630544602870941
42,C1,1898,0.2679502069950104,0.3480593264102936
42,C1,1899,0.22771430015563965,0.3001696467399597
42,C1,1900,0.22639885544776917,0.2959994971752167
42,C1,1901,0.22737950086593628,0.2947021424770355
42,C1,1902,0.20079898834228516,0.26154083013534546
42,C1,1903,0.23310065269470215,0.33181536197662354
42,C1,1904,0.1799589991569519,0.23495936393737793
42,C1,1905,0.2656202018260956,0.35489943623542786
42,C1,1906,0.30496302247047424,0.3852567672729492
42,C1,1907,0.22621102631092072,0.3011401891708374
42,C1,1908,0.23635679483413696,0.32673388719558716
42,C1,1909,0.20837409794330597,0.2980087995529175
42,C1,1910,0.25518572330474854,0.33191296458244324
42,C1,1911,0.1729719340801239,0.2543599009513855
42,C1,1912,0.17762133479118347,0.24934586882591248
42,C1,1913,0.2078762948513031,0.28190290927886963
42,C1,1914,0.1907813996076584,0.2623066008090973
42,C1,1915,0.24366527795791626,0.3356914818286896
42,C1,1916,0.28403031826019287,0.3737112581729889
42,C1,1917,0.21207153797149658,0.2896774411201477
42,C1,1918,0.24210412800312042,0.3455022871494293
42,C1,1919,0.16834044456481934,0.25197935104370117
42,C1,1920,0.22922676801681519,0.30496343970298767
42,C1,1921,0.2542502284049988,0.3420599102973938
42,C1,1922,0.250089168548584,0.3486561179161072
42,C1,1923,0.2718384265899658,0.35086536407470703
42,C1,1924,0.27633732557296753,0.3543861508369446
42,C1,1925,0.17994697391986847,0.24178877472877502
42,C1,1926,0.21109750866889954,0.2928577661514282
42,C1,1927,0.2840403914451599,0.36411964893341064
42,C1,1928,0.23905503749847412,0.3179653286933899
42,C1,1929,0.24334171414375305,0.3169665038585663
42,C1,1930,0.2471669316291809,0.3105641007423401
42,C1,1931,0.2292662411928177,0.306030809879303
42,C1,1932,0.27585509419441223,0.35087770223617554
42,C1,1933,0.16628462076187134,0.2357935607433319
42,C1,1934,0.22644482553005219,0.303159236907959
42,C1,1935,0.2297920286655426,0.30624163150787354
42,C1,1936,0.239449605345726,0.33056312799453735
42,C1,1937,0.2820896506309509,0.3675715923309326
42,C1,1938,0.2055077850818634,0.28615376353263855
42,C1,1939,0.2774710953235626,0.3522467017173767
42,C1,1940,0.2069287896156311,0.28519800305366516
42,C1,1941,0.23134219646453857,0.3136829137802124
42,C1,1942,0.21532651782035828,0.28670835494995117
42,C1,1943,0.2673100233078003,0.34041669964790344
42,C1,1944,0.209977388381958,0.29315364360809326
42,C1,1945,0.29731485247612,0.3767787516117096
42,C1,1946,0.2250681221485138,0.30992090702056885
42,C1,1947,0.21147404611110687,0.293786883354187
42,C1,1948,0.22357220947742462,0.30382442474365234
42,C1,1949,0.2590375542640686,0.33978939056396484
42,C1,1950,0.2377266138792038,0.3171190917491913
42,C1,1951,0.23384402692317963,0.32818660140037537
42,C1,1952,0.27029627561569214,0.34088873863220215
42,C1,1953,0.21520531177520752,0.3120926022529602
42,C1,1954,0.26671212911605835,0.36505699157714844
42,C1,1955,0.14832749962806702,0.20810043811798096
42,C1,1956,0.25353240966796875,0.31893375515937805
42,C1,1957,0.23200546205043793,0.31022462248802185
42,C1,1958,0.2679554522037506,0.3368605673313141
42,C1,1959,0.22937455773353577,0.28804412484169006
42,C1,1960,0.18159008026123047,0.2684668302536011
42,C1,1961,0.22630557417869568,0.2845270335674286
42,C1,1962,0.28060662746429443,0.36085644364356995
42,C1,1963,0.22491145133972168,0.3013956546783447
42,C1,1964,0.19609051942825317,0.27674537897109985
42,C1,1965,0.18360255658626556,0.28330621123313904
42,C1,1966,0.19706927239894867,0.25904613733291626
42,C1,1967,0.2274031639099121,0.2963583469390869
42,C1,1968,0.2471272349357605,0.3163983225822449
42,C1,1969,0.23634865880012512,0.3108740746974945
42,C1,1970,0.215730220079422,0.3195120096206665
42,C1,1971,0.19611775875091553,0.27581292390823364
42,C1,1972,0.22049351036548615,0.3089366853237152
42,C1,1973,0.2482326328754425,0.3354182243347168
42,C1,1974,0.2905482053756714,0.37091752886772156
42,C1,1975,0.22263112664222717,0.3191501200199127
42,C1,1976,0.2232685685157776,0.3180871903896332
42,C1,1977,0.23955252766609192,0.32809239625930786
42,C1,1978,0.2433728277683258,0.335407018661499
42,C1,1979,0.23490244150161743,0.3334263563156128
42,C1,1980,0.20333154499530792,0.2674286961555481
42,C1,1981,0.21664664149284363,0.32285070419311523
42,C1,1982,0.24561536312103271,0.31840693950653076
42,C1,1983,0.22734275460243225,0.31374645233154297
42,C1,1984,0.23428301513195038,0.30861416459083557
42,C1,1985,0.24251745641231537,0.3121045231819153
42,C1,1986,0.2342526614665985,0.2985198199748993
42,C1,1987,0.27350693941116333,0.3608936667442322
42,C1,1988,0.24220220744609833,0.3284391462802887
42,C1,1989,0.25432032346725464,0.3367677927017212
42,C1,1990,0.24452894926071167,0.32571715116500854
42,C1,1991,0.24951311945915222,0.32266074419021606
42,C1,1992,0.25560951232910156,0.33314502239227295
42,C1,1993,0.2645500898361206,0.34278538823127747
42,C1,1994,0.2572530210018158,0.35463422536849976
42,C1,1995,0.2762058973312378,0.36270663142204285
42,C1,1996,0.27387577295303345,0.3512316942214966
42,C1,1997,0.2596588134765625,0.34870773553848267
42,C1,1998,0.28345370292663574,0.36895230412483215
42,C1,1999,0.22869738936424255,0.3011583089828491
42,C1,2000,0.2108047604560852,0.30325642228126526
42,C2,1,0.48260557651519775,0.6643159985542297
42,C2,2,0.41100722551345825,0.5478273034095764
42,C2,3,0.3448973000049591,0.4835822582244873
42,C2,4,0.39874598383903503,0.5185447931289673
42,C2,5,0.40249353647232056,0.5115819573402405
42,C2,6,0.3740736246109009,0.49833789467811584
42,C2,7,0.36720630526542664,0.4833662807941437
42,C2,8,0.38779810070991516,0.49175918102264404
42,C2,9,0.38617125153541565,0.4974220097064972
42,C2,10,0.39093533158302307,0.5020155906677246
42,C2,11,0.34687238931655884,0.44328245520591736
42,C2,12,0.32869189977645874,0.4284420311450958
42,C2,13,0.3718015253543854,0.4847381114959717
42,C2,14,0.32272613048553467,0.4195381999015808
42,C2,15,0.30214831233024597,0.4080038368701935
42,C2,16,0.3090214431285858,0.4161544442176819
42,C2,17,0.3163316249847412,0.4295960068702698
42,C2,18,0.3363998532295227,0.4335564076900482
42,C2,19,0.30281418561935425,0.4324420690536499
42,C2,20,0.3985079526901245,0.5193792581558228
42,C2,21,0.3029777407646179,0.403080016374588
42,C2,22,0.28240934014320374,0.3658048212528229
42,C2,23,0.35081321001052856,0.4585900902748108
42,C2,24,0.3171289265155792,0.42241302132606506
42,C2,25,0.28075486421585083,0.3823170065879822
42,C2,26,0.37512820959091187,0.49091413617134094
42,C2,27,0.2998703718185425,0.3962135910987854
42,C2,28,0.3017042577266693,0.39872270822525024
42,C2,29,0.34607842564582825,0.45550253987312317
42,C2,30,0.36457154154777527,0.4837140440940857
42,C2,31,0.2544432282447815,0.3468084931373596
42,C2,32,0.3396528959274292,0.4528716802597046
42,C2,33,0.29468807578086853,0.3885943293571472
42,C2,34,0.3395862579345703,0.43863940238952637
42,C2,35,0.3353256583213806,0.44263792037963867
42,C2,36,0.34120380878448486,0.47261080145835876
42,C2,37,0.3575288653373718,0.46141061186790466
42,C2,38,0.2997181713581085,0.4055272340774536
42,C2,39,0.28452545404434204,0.384593665599823
42,C2,40,0.31358686089515686,0.42345497012138367
42,C2,41,0.2869759202003479,0.39531299471855164
42,C2,42,0.32385218143463135,0.42274773120880127
42,C2,43,0.3138364553451538,0.4120892286300659
42,C2,44,0.3900911509990692,0.5140206813812256
42,C2,45,0.29744380712509155,0.4275011420249939
42,C2,46,0.36434656381607056,0.4641858637332916
42,C2,47,0.2814810574054718,0.3682854473590851
42,C2,48,0.2696581780910492,0.3748185634613037
42,C2,49,0.35413962602615356,0.47382819652557373
42,C2,50,0.25421828031539917,0.34447622299194336
42,C2,51,0.3160456120967865,0.42958584427833557
42,C2,52,0.3491976261138916,0.46593672037124634
42,C2,53,0.3137211799621582,0.4307873249053955
42,C2,54,0.34080421924591064,0.46180015802383423
42,C2,55,0.3294145464897156,0.44214147329330444
42,C2,56,0.2893945574760437,0.39275768399238586
42,C2,57,0.27390414476394653,0.38214772939682007
42,C2,58,0.32681000232696533,0.4383646249771118
42,C2,59,0.29005002975463867,0.383148193359375
42,C2,60,0.3228585124015808,0.4387093782424927
42,C2,61,0.30541807413101196,0.40371695160865784
42,C2,62,0.26695072650909424,0.3676210939884186
42,C2,63,0.2958386242389679,0.39494699239730835
42,C2,64,0.27992987632751465,0.36688393354415894
42,C2,65,0.2938517928123474,0.38998186588287354
42,C2,66,0.33224207162857056,0.4350002110004425
42,C2,67,0.3550409972667694,0.45491451025009155
42,C2,68,0.27222537994384766,0.3724609613418579
42,C2,69,0.3078117370605469,0.39496660232543945
42,C2,70,0.2552942633628845,0.3778889775276184
42,C2,71,0.3229825496673584,0.4335585832595825
42,C2,72,0.36461758613586426,0.4624124765396118
42,C2,73,0.2943231165409088,0.4116407036781311
42,C2,74,0.2805666923522949,0.3825680613517761
42,C2,75,0.26513350009918213,0.34430837631225586
42,C2,76,0.2765147089958191,0.39463675022125244
42,C2,77,0.30668723583221436,0.3934454917907715
42,C2,78,0.24772986769676208,0.35792505741119385
42,C2,79,0.36401963233947754,0.4712938070297241
42,C2,80,0.3148519992828369,0.4202992618083954
42,C2,81,0.20710432529449463,0.30189430713653564
42,C2,82,0.2750355303287506,0.3767850995063782
42,C2,83,0.2827374339103699,0.3853130340576172
42,C2,84,0.2911319136619568,0.3724438548088074
42,C2,85,0.28632158041000366,0.39609163999557495
42,C2,86,0.1860748529434204,0.2657422125339508
42,C2,87,0.2867467999458313,0.3994753658771515
42,C2,88,0.33062607049942017,0.4379050135612488
42,C2,89,0.35177433490753174,0.474150151014328
42,C2,90,0.31147468090057373,0.4071982800960541
42,C2,91,0.27743592858314514,0.3653721511363983
42,C2,92,0.30404379963874817,0.41447189450263977
42,C2,93,0.28453528881073,0.3708887994289398
42,C2,94,0.32542598247528076,0.43284115195274353
42,C2,95,0.279859334230423,0.3868652582168579
42,C2,96,0.28211528062820435,0.3736035227775574
42,C2,97,0.2938699722290039,0.38945502042770386
42,C2,98,0.24322833120822906,0.3247286379337311
42,C2,99,0.32401689887046814,0.4319547712802887
42,C2,100,0.2735082507133484,0.3668941855430603
42,C2,101,0.27631282806396484,0.37760311365127563
42,C2,102,0.2717597782611847,0.38103199005126953
42,C2,103,0.35607433319091797,0.454202264547348
42,C2,104,0.34620100259780884,0.4566478729248047
42,C2,105,0.28189003467559814,0.37728622555732727
42,C2,106,0.31226712465286255,0.4387550354003906
42,C2,107,0.25897422432899475,0.37840476632118225
42,C2,108,0.28023552894592285,0.36807090044021606
42,C2,109,0.2672082483768463,0.37498897314071655
42,C2,110,0.28760406374931335,0.3849483132362366
42,C2,111,0.23223161697387695,0.34254035353660583
42,C2,112,0.33884114027023315,0.44313669204711914
42,C2,113,0.29313966631889343,0.37681156396865845
42,C2,114,0.2682858109474182,0.3524238169193268
42,C2,115,0.2301671952009201,0.32536423206329346
42,C2,116,0.2597580552101135,0.3421998620033264
42,C2,117,0.25108352303504944,0.3296610116958618
42,C2,118,0.30713051557540894,0.391044944524765
42,C2,119,0.27869927883148193,0.36658790707588196
42,C2,120,0.268391877412796,0.3727613687515259
42,C2,121,0.30785778164863586,0.4094487428665161
42,C2,122,0.2584947943687439,0.34941285848617554
42,C2,123,0.26428815722465515,0.3632732033729553
42,C2,124,0.26170146465301514,0.36654600501060486
42,C2,125,0.2927315831184387,0.36744141578674316
42,C2,126,0.21414321660995483,0.28572121262550354
42,C2,127,0.28979164361953735,0.3804539740085602
42,C2,128,0.2481982409954071,0.3461720049381256
42,C2,129,0.2910386919975281,0.38812410831451416
42,C2,130,0.22159558534622192,0.32708513736724854
42,C2,131,0.2846567630767822,0.35221803188323975
42,C2,132,0.2316385805606842,0.33543503284454346
42,C2,133,0.3530493974685669,0.46743398904800415
42,C2,134,0.30636531114578247,0.3858208656311035
42,C2,135,0.2314460724592209,0.3300935626029968
42,C2,136,0.30647075176239014,0.39403825998306274
42,C2,137,0.2911066710948944,0.3978101313114166
42,C2,138,0.25729626417160034,0.33785882592201233
42,C2,139,0.23501229286193848,0.3263580799102783
42,C2,140,0.2577671408653259,0.3347182273864746
42,C2,141,0.24959954619407654,0.35292211174964905
42,C2,142,0.2602785527706146,0.3413589596748352
42,C2,143,0.26993656158447266,0.3660129904747009
42,C2,144,0.2722856402397156,0.3791066110134125
42,C2,145,0.24868075549602509,0.31099933385849
42,C2,146,0.28040581941604614,0.3783339262008667
42,C2,147,0.24399647116661072,0.3303847014904022
42,C2,148,0.2686477303504944,0.35052981972694397
42,C2,149,0.2636246681213379,0.3613681197166443
42,C2,150,0.30107879638671875,0.40233901143074036
42,C2,151,0.2965812385082245,0.37951815128326416
42,C2,152,0.22810888290405273,0.3169054388999939
42,C2,153,0.23524847626686096,0.3326234221458435
42,C2,154,0.2731555700302124,0.3525265157222748
42,C2,155,0.2396276295185089,0.34079962968826294
42,C2,156,0.33877426385879517,0.4369560480117798
42,C2,157,0.3287031054496765,0.4115326404571533
42,C2,158,0.2696141302585602,0.351807564496994
42,C2,159,0.3425486087799072,0.450926274061203
42,C2,160,0.2780994772911072,0.37216389179229736
42,C2,161,0.31849658489227295,0.4003445506095886
42,C2,162,0.25828513503074646,0.36655035614967346
42,C2,163,0.3055015206336975,0.4019850492477417
42,C2,164,0.23354169726371765,0.3027327358722687
42,C2,165,0.34823957085609436,0.43686994910240173
42,C2,166,0.3304325044155121,0.4081948399543762
42,C2,167,0.26333948969841003,0.3411181569099426
42,C2,168,0.3666462004184723,0.4513140320777893
42,C2,169,0.27940118312835693,0.38859105110168457
42,C2,170,0.2360776662826538,0.3224947452545166
42,C2,171,0.2502273917198181,0.3309589624404907
42,C2,172,0.25620636343955994,0.3398406505584717
42,C2,173,0.2663209140300751,0.3639354109764099
42,C2,174,0.25280389189720154,0.328843891620636
42,C2,175,0.29979991912841797,0.3935989737510681
42,C2,176,0.3215702176094055,0.4028041958808899
42,C2,177,0.26064833998680115,0.34759706258773804
42,C2,178,0.24653522670269012,0.3158615827560425
42,C2,179,0.21761289238929749,0.3118213713169098
42,C2,180,0.2731083631515503,0.36097103357315063
42,C2,181,0.2228969931602478,0.32665780186653137
42,C2,182,0.24787189066410065,0.3210148215293884
42,C2,183,0.24968448281288147,0.32295671105384827
42,C2,184,0.25553280115127563,0.3404991626739502
42,C2,185,0.2906075119972229,0.38467350602149963
42,C2,186,0.28377124667167664,0.3664102554321289
42,C2,187,0.2877683937549591,0.3704889118671417
42,C2,188,0.25358685851097107,0.33185502886772156
42,C2,189,0.3108920454978943,0.38748759031295776
42,C2,190,0.2534175217151642,0.32938921451568604
42,C2,191,0.23284325003623962,0.3133150339126587
42,C2,192,0.2456340342760086,0.34770137071609497
42,C2,193,0.26130470633506775,0.3544863760471344
42,C2,194,0.33576297760009766,0.41948163509368896
42,C2,195,0.33204299211502075,0.4215260148048401
42,C2,196,0.29534876346588135,0.399308979511261
42,C2,197,0.26106777787208557,0.3557867407798767
42,C2,198,0.19457346200942993,0.28295350074768066
42,C2,199,0.24252550303936005,0.33815065026283264
42,C2,200,0.304843008518219,0.3895025849342346
42,C2,201,0.2746521532535553,0.3551754355430603
42,C2,202,0.2902519106864929,0.37391501665115356
42,C2,203,0.2711760699748993,0.3764497637748718
42,C2,204,0.2592152953147888,0.3370406925678253
42,C2,205,0.2720402479171753,0.32977691292762756
42,C2,206,0.21846437454223633,0.2877160310745239
42,C2,207,0.28025516867637634,0.3437388837337494
42,C2,208,0.33001089096069336,0.40960726141929626
42,C2,209,0.27316784858703613,0.36601153016090393
42,C2,210,0.23162633180618286,0.33165135979652405
42,C2,211,0.2559436559677124,0.34045425057411194
42,C2,212,0.21126532554626465,0.2919066846370697
42,C2,213,0.23360678553581238,0.31031304597854614
42,C2,214,0.2895166873931885,0.38695740699768066
42,C2,215,0.2679401636123657,0.37454894185066223
42,C2,216,0.23455461859703064,0.31088921427726746
42,C2,217,0.2963863015174866,0.35914212465286255
42,C2,218,0.2679710388183594,0.3575127422809601
42,C2,219,0.3037961721420288,0.4013511538505554
42,C2,220,0.27998268604278564,0.35207512974739075
42,C2,221,0.2039390355348587,0.2678000330924988
42,C2,222,0.2877621650695801,0.3827926814556122
42,C2,223,0.25173670053482056,0.33465415239334106
42,C2,224,0.2709422707557678,0.3749983310699463
42,C2,225,0.23491954803466797,0.30915364623069763
42,C2,226,0.26340872049331665,0.33919036388397217
42,C2,227,0.26648974418640137,0.34499505162239075
42,C2,228,0.2412431836128235,0.30982327461242676
42,C2,229,0.31342488527297974,0.3994144797325134
42,C2,230,0.22403648495674133,0.3060314655303955
42,C2,231,0.23184168338775635,0.32522648572921753
42,C2,232,0.2752647399902344,0.35331830382347107
42,C2,233,0.3137819766998291,0.40398818254470825
42,C2,234,0.26826637983322144,0.33530542254447937
42,C2,235,0.2087482064962387,0.2778545022010803
42,C2,236,0.297487735748291,0.3825589418411255
42,C2,237,0.2328333705663681,0.3188931345939636
42,C2,238,0.27366089820861816,0.36168795824050903
42,C2,239,0.23180526494979858,0.2969359755516052
42,C2,240,0.26675814390182495,0.34157082438468933
42,C2,241,0.23641426861286163,0.32235288619995117
42,C2,242,0.29243236780166626,0.38016146421432495
42,C2,243,0.2709633708000183,0.3479856252670288
42,C2,244,0.2541707456111908,0.335399866104126
42,C2,245,0.2793102264404297,0.3628880977630615
42,C2,246,0.2908715605735779,0.38639694452285767
42,C2,247,0.29240939021110535,0.37978777289390564
42,C2,248,0.2652462422847748,0.3636046051979065
42,C2,249,0.22645819187164307,0.3061649799346924
42,C2,250,0.2566092610359192,0.3417934477329254
42,C2,251,0.2000133991241455,0.2849949896335602
42,C2,252,0.23698899149894714,0.3259032368659973
42,C2,253,0.22449322044849396,0.3060849606990814
42,C2,254,0.30893558263778687,0.3728749752044678
42,C2,255,0.24370548129081726,0.296440452337265
42,C2,256,0.28884178400039673,0.36844387650489807
42,C2,257,0.23136329650878906,0.3080044686794281
42,C2,258,0.245610311627388,0.33368438482284546
42,C2,259,0.2884966731071472,0.37436044216156006
42,C2,260,0.22117367386817932,0.2920013964176178
42,C2,261,0.2807549834251404,0.3503553867340088
42,C2,262,0.2601194679737091,0.34332937002182007
42,C2,263,0.18473264575004578,0.2568138837814331
42,C2,264,0.2527739107608795,0.34054309129714966
42,C2,265,0.2517426908016205,0.32854223251342773
42,C2,266,0.28653210401535034,0.37064042687416077
42,C2,267,0.30671995878219604,0.3856159448623657
42,C2,268,0.26988595724105835,0.36112555861473083
42,C2,269,0.26505613327026367,0.3586027920246124
42,C2,270,0.26125016808509827,0.3234874904155731
42,C2,271,0.2561311423778534,0.35793307423591614
42,C2,272,0.27394169569015503,0.3619318902492523
42,C2,273,0.29966747760772705,0.3976205885410309
42,C2,274,0.28758564591407776,0.3741201162338257
42,C2,275,0.2704211473464966,0.35125628113746643
42,C2,276,0.2441830039024353,0.35726499557495117
42,C2,277,0.24055755138397217,0.3217095136642456
42,C2,278,0.21885806322097778,0.2947363555431366
42,C2,279,0.26126593351364136,0.3373073935508728
42,C2,280,0.2143033891916275,0.30303388833999634
42,C2,281,0.25281620025634766,0.32162851095199585
42,C2,282,0.3018314242362976,0.3970680832862854
42,C2,283,0.2330493927001953,0.3200382590293884
42,C2,284,0.21197761595249176,0.2866334319114685
42,C2,285,0.23183061182498932,0.3121754825115204
42,C2,286,0.2226773500442505,0.291795939207077
42,C2,287,0.2477288395166397,0.3299695551395416
42,C2,288,0.23055481910705566,0.3040394186973572
42,C2,289,0.21172940731048584,0.3005872368812561
42,C2,290,0.17932307720184326,0.24230097234249115
42,C2,291,0.21424701809883118,0.3018372654914856
42,C2,292,0.22699099779129028,0.29242074489593506
42,C2,293,0.23965749144554138,0.3282446265220642
42,C2,294,0.24055346846580505,0.30996042490005493
42,C2,295,0.3313085734844208,0.4266776442527771
42,C2,296,0.21949973702430725,0.31068482995033264
42,C2,297,0.30583855509757996,0.4048307538032532
42,C2,298,0.20303180813789368,0.28238213062286377
42,C2,299,0.26289093494415283,0.34435391426086426
42,C2,300,0.3395044207572937,0.4397990107536316
42,C2,301,0.20775869488716125,0.2889872193336487
42,C2,302,0.21986059844493866,0.32174038887023926
42,C2,303,0.21151934564113617,0.2968779504299164
42,C2,304,0.2489096224308014,0.33709901571273804
42,C2,305,0.2596403956413269,0.3471583127975464
42,C2,306,0.21051105856895447,0.27298933267593384
42,C2,307,0.31362780928611755,0.4161194860935211
42,C2,308,0.18333670496940613,0.2650493383407593
42,C2,309,0.23204436898231506,0.31467288732528687
42,C2,310,0.25223708152770996,0.3276517689228058
42,C2,311,0.27803224325180054,0.3590037226676941
42,C2,312,0.2438095659017563,0.3352183401584625
42,C2,313,0.22192230820655823,0.30449044704437256
42,C2,314,0.23504512012004852,0.3094920516014099
42,C2,315,0.2713172435760498,0.35095205903053284
42,C2,316,0.2477286458015442,0.3352257013320923
42,C2,317,0.2978491485118866,0.3849164843559265
42,C2,318,0.23445576429367065,0.31199946999549866
42,C2,319,0.23080311715602875,0.3202017843723297
42,C2,320,0.2593405842781067,0.32286494970321655
42,C2,321,0.2612505555152893,0.3592504560947418
42,C2,322,0.24317246675491333,0.3183319568634033
42,C2,323,0.3020473122596741,0.39358294010162354
42,C2,324,0.22886967658996582,0.30135729908943176
42,C2,325,0.20566049218177795,0.28343120217323303
42,C2,326,0.2207072675228119,0.30365827679634094
42,C2,327,0.2263059765100479,0.3169369399547577
42,C2,328,0.27757543325424194,0.37065592408180237
42,C2,329,0.25145402550697327,0.3274226188659668
42,C2,330,0.27516621351242065,0.35399842262268066
42,C2,331,0.1999441683292389,0.2907136082649231
42,C2,332,0.25792211294174194,0.3577616512775421
42,C2,333,0.3062640130519867,0.4169362783432007
42,C2,334,0.27084967494010925,0.3640277087688446
42,C2,335,0.28703221678733826,0.3753536343574524
42,C2,336,0.27460265159606934,0.3442379832267761
42,C2,337,0.22682245075702667,0.3187186121940613
42,C2,338,0.24342477321624756,0.32843130826950073
42,C2,339,0.27735406160354614,0.36228734254837036
42,C2,340,0.23533578217029572,0.3143956661224365
42,C2,341,0.2358258068561554,0.3233509361743927
42,C2,342,0.22440704703330994,0.29459714889526367
42,C2,343,0.2319422960281372,0.2956290543079376
42,C2,344,0.24740418791770935,0.3157295882701874
42,C2,345,0.2475564032793045,0.32122835516929626
42,C2,346,0.2748868465423584,0.35408926010131836
42,C2,347,0.2319524735212326,0.32930079102516174
42,C2,348,0.27425479888916016,0.359088659286499
42,C2,349,0.2612841725349426,0.3457968235015869
42,C2,350,0.27386704087257385,0.3463137447834015
42,C2,351,0.2618800103664398,0.36354321241378784
42,C2,352,0.2536148428916931,0.3355903625488281
42,C2,353,0.2738776206970215,0.367024302482605
42,C2,354,0.23927012085914612,0.33276259899139404
42,C2,355,0.21464702486991882,0.278114378452301
42,C2,356,0.19729596376419067,0.27132388949394226
42,C2,357,0.2621694505214691,0.34801003336906433
42,C2,358,0.22660702466964722,0.28541940450668335
42,C2,359,0.25549814105033875,0.34544509649276733
42,C2,360,0.24491502344608307,0.3305553197860718
42,C2,361,0.2938486933708191,0.38417115807533264
42,C2,362,0.2241978794336319,0.32046079635620117
42,C2,363,0.21993693709373474,0.3065723776817322
42,C2,364,0.15678173303604126,0.22580087184906006
42,C2,365,0.28191959857940674,0.3715411424636841
42,C2,366,0.29178810119628906,0.3746080696582794
42,C2,367,0.3151130676269531,0.3935977816581726
42,C2,368,0.22422528266906738,0.30578917264938354
42,C2,369,0.2544217109680176,0.33505308628082275
42,C2,370,0.20235088467597961,0.2667129337787628
42,C2,371,0.2914007306098938,0.3749483823776245
42,C2,372,0.1870419681072235,0.2620077431201935
42,C2,373,0.18487194180488586,0.25266313552856445
42,C2,374,0.23538252711296082,0.3155956566333771
42,C2,375,0.2329820692539215,0.3325709104537964
42,C2,376,0.2979583442211151,0.36864912509918213
42,C2,377,0.2373705804347992,0.3126600980758667
42,C2,378,0.2486996352672577,0.3307529389858246
42,C2,379,0.25261926651000977,0.34057363867759705
42,C2,380,0.23943071067333221,0.3127754032611847
42,C2,381,0.23545531928539276,0.3225771486759186
42,C2,382,0.2138492465019226,0.29479384422302246
42,C2,383,0.2557268440723419,0.32819533348083496
42,C2,384,0.25526654720306396,0.34917551279067993
42,C2,385,0.22202467918395996,0.3185480833053589
42,C2,386,0.2340233325958252,0.3210268020629883
42,C2,387,0.27607983350753784,0.35926052927970886
42,C2,388,0.2577909529209137,0.32186487317085266
42,C2,389,0.24023008346557617,0.32174286246299744
42,C2,390,0.25910884141921997,0.3349529206752777
42,C2,391,0.22173970937728882,0.29795902967453003
42,C2,392,0.2664250135421753,0.355552613735199
42,C2,393,0.24454934895038605,0.34545376896858215
42,C2,394,0.23840436339378357,0.3464130759239197
42,C2,395,0.24332481622695923,0.3324832320213318
42,C2,396,0.18338344991207123,0.24590355157852173
42,C2,397,0.20153333246707916,0.261266827583313
42,C2,398,0.2434980869293213,0.3317515254020691
42,C2,399,0.20946148037910461,0.3087139427661896
42,C2,400,0.2438526153564453,0.3336988389492035
42,C2,401,0.21115168929100037,0.2792757451534271
42,C2,402,0.2356104552745819,0.3228912055492401
42,C2,403,0.25638502836227417,0.3221413493156433
42,C2,404,0.268571138381958,0.35528308153152466
42,C2,405,0.27309030294418335,0.34966525435447693
42,C2,406,0.2555380165576935,0.3503015637397766
42,C2,407,0.22333687543869019,0.2769851088523865
42,C2,408,0.2573908567428589,0.33336326479911804
42,C2,409,0.22439663112163544,0.29999876022338867
42,C2,410,0.2756054401397705,0.37557125091552734
42,C2,411,0.21967440843582153,0.296303927898407
42,C2,412,0.20681503415107727,0.28122323751449585
42,C2,413,0.29472991824150085,0.36443573236465454
42,C2,414,0.23390279710292816,0.30337974429130554
42,C2,415,0.1840631067752838,0.2604658305644989
42,C2,416,0.3005196154117584,0.3772009015083313
42,C2,417,0.222318634390831,0.30602017045021057
42,C2,418,0.28052887320518494,0.357754111289978
42,C2,419,0.23207701742649078,0.32490551471710205
42,C2,420,0.282734751701355,0.377322793006897
42,C2,421,0.27389878034591675,0.34961146116256714
42,C2,422,0.26207399368286133,0.33241206407546997
42,C2,423,0.21519412100315094,0.2948821783065796
42,C2,424,0.2477327436208725,0.34189915657043457
42,C2,425,0.265889972448349,0.33237093687057495
42,C2,426,0.2406202256679535,0.32248759269714355
42,C2,427,0.2452142834663391,0.30730870366096497
42,C2,428,0.21295523643493652,0.3028228282928467
42,C2,429,0.2658204734325409,0.33102694153785706
42,C2,430,0.25886473059654236,0.32270169258117676
42,C2,431,0.17741894721984863,0.2342626303434372
42,C2,432,0.2604316174983978,0.3464447855949402
42,C2,433,0.2775365114212036,0.3589240610599518
42,C2,434,0.23436841368675232,0.31047630310058594
42,C2,435,0.2612312436103821,0.35973095893859863
42,C2,436,0.19962987303733826,0.29584774374961853
42,C2,437,0.25002068281173706,0.33811333775520325
42,C2,438,0.23426905274391174,0.32869917154312134
42,C2,439,0.25027143955230713,0.3273141384124756
42,C2,440,0.21361044049263,0.3131164014339447
42,C2,441,0.19727155566215515,0.24420736730098724
42,C2,442,0.25678855180740356,0.3412315547466278
42,C2,443,0.18779303133487701,0.2698290944099426
42,C2,444,0.16964870691299438,0.2644822299480438
42,C2,445,0.2334575355052948,0.3255048096179962
42,C2,446,0.24575689435005188,0.33322787284851074
42,C2,447,0.21773864328861237,0.2773571014404297
42,C2,448,0.19464430212974548,0.28632888197898865
42,C2,449,0.27492672204971313,0.3654944598674774
42,C2,450,0.2165122926235199,0.28779110312461853
42,C2,451,0.22113388776779175,0.30947160720825195
42,C2,452,0.20775240659713745,0.2862511873245239
42,C2,453,0.26407700777053833,0.35297802090644836
42,C2,454,0.21279695630073547,0.3030802011489868
42,C2,455,0.2643101215362549,0.349604070186615
42,C2,456,0.2530205547809601,0.3557695746421814
42,C2,457,0.2341010719537735,0.31215327978134155
42,C2,458,0.28714531660079956,0.3885861933231354
42,C2,459,0.23233002424240112,0.330744206905365
42,C2,460,0.2678759694099426,0.3349047005176544
42,C2,461,0.2178719937801361,0.2913837730884552
42,C2,462,0.27025699615478516,0.3502957820892334
42,C2,463,0.20918485522270203,0.2649586498737335
42,C2,464,0.21636813879013062,0.2831835150718689
42,C2,465,0.24691183865070343,0.3397446572780609
42,C2,466,0.32056260108947754,0.40392327308654785
42,C2,467,0.2931603193283081,0.3691800534725189
42,C2,468,0.20941004157066345,0.275850772857666
42,C2,469,0.23925837874412537,0.30749303102493286
42,C2,470,0.2950097918510437,0.372579962015152
42,C2,471,0.21808451414108276,0.31111979484558105
42,C2,472,0.22187480330467224,0.28431573510169983
42,C2,473,0.18409878015518188,0.2662888765335083
42,C2,474,0.2419687956571579,0.31503257155418396
42,C2,475,0.25593796372413635,0.34236350655555725
42,C2,476,0.2651103734970093,0.33341184258461
42,C2,477,0.23390419781208038,0.29641780257225037
42,C2,478,0.2779182195663452,0.35477787256240845
42,C2,479,0.24778257310390472,0.33455604314804077
42,C2,480,0.28358590602874756,0.359631210565567
42,C2,481,0.21340596675872803,0.2849058508872986
42,C2,482,0.24326422810554504,0.314138263463974
42,C2,483,0.23727788031101227,0.3064029812812805
42,C2,484,0.27628427743911743,0.3446233570575714
42,C2,485,0.2041865587234497,0.2876449227333069
42,C2,486,0.2577363848686218,0.3348197937011719
42,C2,487,0.29634368419647217,0.39645838737487793
42,C2,488,0.3004210591316223,0.38784700632095337
42,C2,489,0.19299466907978058,0.2599489092826843
42,C2,490,0.2621779441833496,0.3350059986114502
42,C2,491,0.2376117706298828,0.3162567913532257
42,C2,492,0.22374455630779266,0.3097827136516571
42,C2,493,0.2586681842803955,0.3325721323490143
42,C2,494,0.21012428402900696,0.29108989238739014
42,C2,495,0.21119603514671326,0.2753571569919586
42,C2,496,0.2790015935897827,0.3931944966316223
42,C2,497,0.22559034824371338,0.29552626609802246
42,C2,498,0.2313189059495926,0.3000410199165344
42,C2,499,0.223130464553833,0.29510071873664856
42,C2,500,0.2518537640571594,0.31123724579811096
42,C2,501,0.24342314898967743,0.33920785784721375
42,C2,502,0.22009213268756866,0.2934136390686035
42,C2,503,0.275628924369812,0.35836875438690186
42,C2,504,0.2911381125450134,0.3604706823825836
42,C2,505,0.2620016038417816,0.349382609128952
42,C2,506,0.20365959405899048,0.2900429964065552
42,C2,507,0.23107695579528809,0.3141414225101471
42,C2,508,0.2533222436904907,0.32880499958992004
42,C2,509,0.28875216841697693,0.3685480058193207
42,C2,510,0.30101436376571655,0.3987605571746826
42,C2,511,0.2718604505062103,0.33734139800071716
42,C2,512,0.2613987326622009,0.3307421803474426
42,C2,513,0.2333340048789978,0.32402870059013367
42,C2,514,0.21457451581954956,0.29465657472610474
42,C2,515,0.25898605585098267,0.35562336444854736
42,C2,516,0.285247266292572,0.3617956042289734
42,C2,517,0.2722388207912445,0.37876495718955994
42,C2,518,0.33225375413894653,0.4199184775352478
42,C2,519,0.242172509431839,0.32025134563446045
42,C2,520,0.24094150960445404,0.34063535928726196
42,C2,521,0.29490405321121216,0.37144502997398376
42,C2,522,0.20280210673809052,0.2928315997123718
42,C2,523,0.2620699107646942,0.3368942141532898
42,C2,524,0.22809681296348572,0.3058168292045593
42,C2,525,0.24520830810070038,0.30503401160240173
42,C2,526,0.22725728154182434,0.3047196865081787
42,C2,527,0.2787001132965088,0.36310210824012756
42,C2,528,0.2299714833498001,0.30136656761169434
42,C2,529,0.21925318241119385,0.2974858283996582
42,C2,530,0.261303186416626,0.3465786874294281
42,C2,531,0.29291102290153503,0.3916354775428772
42,C2,532,0.2618405520915985,0.3595293164253235
42,C2,533,0.24276083707809448,0.3076886534690857
42,C2,534,0.1812189817428589,0.2515949010848999
42,C2,535,0.22007441520690918,0.2901252806186676
42,C2,536,0.25759074091911316,0.34268617630004883
42,C2,537,0.24985575675964355,0.3381519913673401
42,C2,538,0.29949286580085754,0.37562403082847595
42,C2,539,0.27003827691078186,0.3347627520561218
42,C2,540,0.1927322894334793,0.2577757239341736
42,C2,541,0.22764115035533905,0.3141888380050659
42,C2,542,0.29063692688941956,0.37716883420944214
42,C2,543,0.2275490164756775,0.30890393257141113
42,C2,544,0.38214385509490967,0.48118358850479126
42,C2,545,0.24493509531021118,0.343355655670166
42,C2,546,0.26029354333877563,0.3377671241760254
42,C2,547,0.27059319615364075,0.37262558937072754
42,C2,548,0.2668612003326416,0.32957667112350464
42,C2,549,0.2849785387516022,0.3637298047542572
42,C2,550,0.21830761432647705,0.2892489433288574
42,C2,551,0.17813387513160706,0.25886595249176025
42,C2,552,0.322736918926239,0.41828757524490356
42,C2,553,0.2511240243911743,0.3181990087032318
42,C2,554,0.23636487126350403,0.32524651288986206
42,C2,555,0.22886556386947632,0.3048773407936096
42,C2,556,0.30364856123924255,0.37070104479789734
42,C2,557,0.2518273890018463,0.310252845287323
42,C2,558,0.261232852935791,0.32824182510375977
42,C2,559,0.28497594594955444,0.3697599470615387
42,C2,560,0.20471280813217163,0.28536245226860046
42,C2,561,0.251907080411911,0.312928169965744
42,C2,562,0.21193906664848328,0.3039107918739319
42,C2,563,0.2303449511528015,0.32229429483413696
42,C2,564,0.219760000705719,0.29739516973495483
42,C2,565,0.22147102653980255,0.29231327772140503
42,C2,566,0.28048616647720337,0.3511202335357666
42,C2,567,0.18144817650318146,0.24916774034500122
42,C2,568,0.27595916390419006,0.36501020193099976
42,C2,569,0.20228879153728485,0.2779574990272522
42,C2,570,0.23493537306785583,0.3115754723548889
42,C2,571,0.2816241979598999,0.3646928369998932
42,C2,572,0.24076324701309204,0.31195011734962463
42,C2,573,0.23718741536140442,0.30822518467903137
42,C2,574,0.22809508442878723,0.311298131942749
42,C2,575,0.23074164986610413,0.31253573298454285
42,C2,576,0.2074848711490631,0.2823898494243622
42,C2,577,0.290444940328598,0.3656315803527832
42,C2,578,0.2348455786705017,0.30545127391815186
42,C2,579,0.2680732011795044,0.3633936047554016
42,C2,580,0.2559075951576233,0.3550390303134918
42,C2,581,0.22093114256858826,0.29719796776771545
42,C2,582,0.31416580080986023,0.3945329785346985
42,C2,583,0.2527965307235718,0.3287932872772217
42,C2,584,0.22219118475914001,0.30459609627723694
42,C2,585,0.23060044646263123,0.33048516511917114
42,C2,586,0.229783296585083,0.31146931648254395
42,C2,587,0.26249414682388306,0.32753241062164307
42,C2,588,0.27137500047683716,0.35486656427383423
42,C2,589,0.28358474373817444,0.35581010580062866
42,C2,590,0.24417415261268616,0.33127838373184204
42,C2,591,0.21804630756378174,0.28654199838638306
42,C2,592,0.2621331810951233,0.35391101241111755
42,C2,593,0.24357344210147858,0.32766205072402954
42,C2,594,0.22944964468479156,0.3011871874332428
42,C2,595,0.2429124414920807,0.30793607234954834
42,C2,596,0.2653960585594177,0.348318487405777
42,C2,597,0.17063981294631958,0.23629644513130188
42,C2,598,0.19832590222358704,0.26786214113235474
42,C2,599,0.22955386340618134,0.3127330541610718
42,C2,600,0.20474286377429962,0.27710071206092834
42,C2,601,0.22030790150165558,0.3045969605445862
42,C2,602,0.27350515127182007,0.37251031398773193
42,C2,603,0.269778311252594,0.3593200445175171
42,C2,604,0.23826411366462708,0.32008665800094604
42,C2,605,0.2558964192867279,0.3276015520095825
42,C2,606,0.24955308437347412,0.35357871651649475
42,C2,607,0.20907196402549744,0.2945655882358551
42,C2,608,0.27386802434921265,0.35458987951278687
42,C2,609,0.2847978174686432,0.3575047254562378
42,C2,610,0.26648780703544617,0.33995187282562256
42,C2,611,0.23101995885372162,0.3085629642009735
42,C2,612,0.23493799567222595,0.3276347517967224
42,C2,613,0.20316848158836365,0.2771550118923187
42,C2,614,0.3053394556045532,0.3988523483276367
42,C2,615,0.1668219417333603,0.23988264799118042
42,C2,616,0.325289249420166,0.4078177511692047
42,C2,617,0.2495093047618866,0.3432389795780182
42,C2,618,0.21903136372566223,0.3179822564125061
42,C2,619,0.25654691457748413,0.34079402685165405
42,C2,620,0.2337576299905777,0.32668790221214294
42,C2,621,0.21962755918502808,0.28592008352279663
42,C2,622,0.23646166920661926,0.30321165919303894
42,C2,623,0.22885309159755707,0.31605809926986694
42,C2,624,0.25461167097091675,0.33423280715942383
42,C2,625,0.21084949374198914,0.2650386691093445
42,C2,626,0.19575384259223938,0.27882176637649536
42,C2,627,0.24910396337509155,0.3304329514503479
42,C2,628,0.24562740325927734,0.3295626640319824
42,C2,629,0.20842497050762177,0.28908759355545044
42,C2,630,0.2479153573513031,0.3174140751361847
42,C2,631,0.2691448926925659,0.3488019108772278
42,C2,632,0.24927611649036407,0.33326125144958496
42,C2,633,0.20219206809997559,0.2886415719985962
42,C2,634,0.2576345205307007,0.3301503360271454
42,C2,635,0.2352021187543869,0.2980724573135376
42,C2,636,0.2108043134212494,0.29000145196914673
42,C2,637,0.23957908153533936,0.30830663442611694
42,C2,638,0.3013511896133423,0.38330987095832825
42,C2,639,0.22489286959171295,0.3011435568332672
42,C2,640,0.22675535082817078,0.28853920102119446
42,C2,641,0.24618969857692719,0.3365301787853241
42,C2,642,0.24602429568767548,0.338096022605896
42,C2,643,0.2432674765586853,0.32918581366539
42,C2,644,0.21116241812705994,0.276694118976593
42,C2,645,0.24991415441036224,0.32946667075157166
42,C2,646,0.24003878235816956,0.3464282155036926
42,C2,647,0.25820285081863403,0.3582587242126465
42,C2,648,0.272841215133667,0.34053921699523926
42,C2,649,0.20722557604312897,0.2898842692375183
42,C2,650,0.2579266428947449,0.34798699617385864
42,C2,651,0.25192582607269287,0.32417619228363037
42,C2,652,0.24673086404800415,0.3292081952095032
42,C2,653,0.25758635997772217,0.33027008175849915
42,C2,654,0.21934768557548523,0.2958965599536896
42,C2,655,0.22472339868545532,0.3117985129356384
42,C2,656,0.25516942143440247,0.32607758045196533
42,C2,657,0.23372597992420197,0.3178388774394989
42,C2,658,0.1944538950920105,0.2733578085899353
42,C2,659,0.30394482612609863,0.3709903359413147
42,C2,660,0.2558788061141968,0.3287874162197113
42,C2,661,0.19068825244903564,0.24697840213775635
42,C2,662,0.24180857837200165,0.32313621044158936
42,C2,663,0.2146555334329605,0.29442334175109863
42,C2,664,0.18911512196063995,0.2652689814567566
42,C2,665,0.2685275971889496,0.3536090850830078
42,C2,666,0.25382286310195923,0.34622400999069214
42,C2,667,0.24594075977802277,0.3189513087272644
42,C2,668,0.3031731843948364,0.38909220695495605
42,C2,669,0.2316356897354126,0.3244122862815857
42,C2,670,0.24964803457260132,0.3278536796569824
42,C2,671,0.21303540468215942,0.2824907898902893
42,C2,672,0.23182468116283417,0.2933502793312073
42,C2,673,0.24756033718585968,0.32977965474128723
42,C2,674,0.25221142172813416,0.31105896830558777
42,C2,675,0.22624436020851135,0.2959871292114258
42,C2,676,0.23429544270038605,0.2879141569137573
42,C2,677,0.22241388261318207,0.3158751130104065
42,C2,678,0.2840335965156555,0.3714628517627716
42,C2,679,0.23218072950839996,0.31600072979927063
42,C2,680,0.21525099873542786,0.2836448550224304
42,C2,681,0.18454967439174652,0.25652095675468445
42,C2,682,0.1794053614139557,0.24738463759422302
42,C2,683,0.249166801571846,0.3412971794605255
42,C2,684,0.23000302910804749,0.3119168281555176
42,C2,685,0.20050548017024994,0.29061317443847656
42,C2,686,0.20619556307792664,0.2601417303085327
42,C2,687,0.22303777933120728,0.280449241399765
42,C2,688,0.19946742057800293,0.26630261540412903
42,C2,689,0.215030699968338,0.2860644459724426
42,C2,690,0.24743250012397766,0.3097037672996521
42,C2,691,0.2119757980108261,0.3065697252750397
42,C2,692,0.25071239471435547,0.3476048409938812
42,C2,693,0.21002131700515747,0.27964210510253906
42,C2,694,0.22498202323913574,0.31514909863471985
42,C2,695,0.2825919985771179,0.35959142446517944
42,C2,696,0.25980454683303833,0.3402829170227051
42,C2,697,0.21926334500312805,0.30013003945350647
42,C2,698,0.25439196825027466,0.3416579067707062
42,C2,699,0.2962467074394226,0.3643399775028229
42,C2,700,0.23837022483348846,0.31630805134773254
42,C2,701,0.2576651871204376,0.3514989912509918
42,C2,702,0.2045275866985321,0.305202841758728
42,C2,703,0.23127087950706482,0.2973136603832245
42,C2,704,0.2140563279390335,0.29367125034332275
42,C2,705,0.22833281755447388,0.2940402925014496
42,C2,706,0.20665831863880157,0.2999227046966553
42,C2,707,0.25053995847702026,0.3235439658164978
42,C2,708,0.24643290042877197,0.32404640316963196
42,C2,709,0.28702589869499207,0.3696436583995819
42,C2,710,0.24457967281341553,0.3409348726272583
42,C2,711,0.21303066611289978,0.2977916896343231
42,C2,712,0.26314640045166016,0.329720139503479
42,C2,713,0.2739728093147278,0.36770468950271606
42,C2,714,0.22721831500530243,0.3133244812488556
42,C2,715,0.2271554321050644,0.305608868598938
42,C2,716,0.23449589312076569,0.316165030002594
42,C2,717,0.2416781187057495,0.31741607189178467
42,C2,718,0.23406311869621277,0.3072104752063751
42,C2,719,0.2771797180175781,0.35650286078453064
42,C2,720,0.2157689779996872,0.27549347281455994
42,C2,721,0.1672496348619461,0.23757919669151306
42,C2,722,0.24495670199394226,0.3178640305995941
42,C2,723,0.19731754064559937,0.2520564794540405
42,C2,724,0.2316882610321045,0.3404046297073364
42,C2,725,0.21992510557174683,0.31054478883743286
42,C2,726,0.28509294986724854,0.3636511564254761
42,C2,727,0.25648826360702515,0.3251788318157196
42,C2,728,0.2487437129020691,0.3429793119430542
42,C2,729,0.2854745090007782,0.3479795753955841
42,C2,730,0.3118700087070465,0.3995895981788635
42,C2,731,0.2999861538410187,0.377565860748291
42,C2,732,0.2248322069644928,0.3257385492324829
42,C2,733,0.23065942525863647,0.3199370205402374
42,C2,734,0.28149187564849854,0.35462215542793274
42,C2,735,0.24676552414894104,0.3233179450035095
42,C2,736,0.23984479904174805,0.32722145318984985
42,C2,737,0.24858210980892181,0.33443549275398254
42,C2,738,0.28534069657325745,0.3587532937526703
42,C2,739,0.256960928440094,0.3464406430721283
42,C2,740,0.2664910852909088,0.3625416159629822
42,C2,741,0.2249525487422943,0.3220042288303375
42,C2,742,0.2908579707145691,0.37199872732162476
42,C2,743,0.26062333583831787,0.3246229290962219
42,C2,744,0.21559040248394012,0.2912444472312927
42,C2,745,0.20833931863307953,0.2699658274650574
42,C2,746,0.2332444190979004,0.30295369029045105
42,C2,747,0.25563526153564453,0.346066415309906
42,C2,748,0.19735530018806458,0.2837185859680176
42,C2,749,0.2059745490550995,0.2713231146335602
42,C2,750,0.2747761011123657,0.36219289898872375
42,C2,751,0.23384596407413483,0.35737988352775574
42,C2,752,0.3117508292198181,0.4012962281703949
42,C2,753,0.23904797434806824,0.3243940472602844
42,C2,754,0.1950225979089737,0.27004414796829224
42,C2,755,0.27183663845062256,0.3533131778240204
42,C2,756,0.19692833721637726,0.2839372754096985
42,C2,757,0.2284657210111618,0.2975897789001465
42,C2,758,0.2003633677959442,0.2797127366065979
42,C2,759,0.19582635164260864,0.27333804965019226
42,C2,760,0.18160460889339447,0.25384771823883057
42,C2,761,0.2549314498901367,0.32264620065689087
42,C2,762,0.19916988909244537,0.27940067648887634
42,C2,763,0.2794073224067688,0.35111698508262634
42,C2,764,0.23764824867248535,0.32290586829185486
42,C2,765,0.2765149176120758,0.3477497398853302
42,C2,766,0.2720908224582672,0.3524422347545624
42,C2,767,0.22856785356998444,0.310131311416626
42,C2,768,0.23607051372528076,0.3407251536846161
42,C2,769,0.22311358153820038,0.2958988547325134
42,C2,770,0.21349743008613586,0.2819981873035431
42,C2,771,0.23014456033706665,0.3200458586215973
42,C2,772,0.20089095830917358,0.2730346620082855
42,C2,773,0.2502743601799011,0.3551899790763855
42,C2,774,0.2257470339536667,0.29431071877479553
42,C2,775,0.2145470529794693,0.28310126066207886
42,C2,776,0.2107912302017212,0.269537091255188
42,C2,777,0.22456279397010803,0.30234867334365845
42,C2,778,0.22192862629890442,0.2936851680278778
42,C2,779,0.19375422596931458,0.2568337321281433
42,C2,780,0.21577088534832,0.27578455209732056
42,C2,781,0.20339983701705933,0.2704356610774994
42,C2,782,0.2969955801963806,0.3811540901660919
42,C2,783,0.1908303201198578,0.28418296575546265
42,C2,784,0.29173046350479126,0.3760422170162201
42,C2,785,0.18144895136356354,0.24424070119857788
42,C2,786,0.23814594745635986,0.31011316180229187
42,C2,787,0.1546081006526947,0.2040237933397293
42,C2,788,0.21258920431137085,0.288969486951828
42,C2,789,0.2539503574371338,0.3384536802768707
42,C2,790,0.2000945508480072,0.2931313216686249
42,C2,791,0.29272955656051636,0.3980541229248047
42,C2,792,0.2718829810619354,0.3706682622432709
42,C2,793,0.2445748746395111,0.3373810946941376
42,C2,794,0.22726228833198547,0.30882251262664795
42,C2,795,0.2106030285358429,0.28893372416496277
42,C2,796,0.22323501110076904,0.31524229049682617
42,C2,797,0.255149781703949,0.3271544873714447
42,C2,798,0.25508177280426025,0.3364984691143036
42,C2,799,0.23345717787742615,0.3028120696544647
42,C2,800,0.2615090310573578,0.33695754408836365
42,C2,801,0.26718270778656006,0.34472358226776123
42,C2,802,0.22642606496810913,0.3079020380973816
42,C2,803,0.22453555464744568,0.3146384358406067
42,C2,804,0.2487601339817047,0.3272794187068939
42,C2,805,0.2090311199426651,0.29503780603408813
42,C2,806,0.28511425852775574,0.36012208461761475
42,C2,807,0.2246028184890747,0.30102765560150146
42,C2,808,0.25036168098449707,0.33920925855636597
42,C2,809,0.20839065313339233,0.2771524488925934
42,C2,810,0.23217535018920898,0.31207239627838135
42,C2,811,0.20402398705482483,0.29990988969802856
42,C2,812,0.22249890863895416,0.3157997727394104
42,C2,813,0.23500582575798035,0.2949134409427643
42,C2,814,0.26608139276504517,0.34740522503852844
42,C2,815,0.22540724277496338,0.3460526466369629
42,C2,816,0.24933995306491852,0.3383936285972595
42,C2,817,0.2478984296321869,0.33412304520606995
42,C2,818,0.21653643250465393,0.3002387583255768
42,C2,819,0.24768829345703125,0.31417423486709595
42,C2,820,0.23229113221168518,0.31149187684059143
42,C2,821,0.2734816372394562,0.3500080108642578
42,C2,822,0.2360677719116211,0.309641569852829
42,C2,823,0.25208187103271484,0.3387231230735779
42,C2,824,0.2523045539855957,0.31944945454597473
42,C2,825,0.20004227757453918,0.26959487795829773
42,C2,826,0.14970830082893372,0.22330200672149658
42,C2,827,0.24155639111995697,0.3135174810886383
42,C2,828,0.24511729180812836,0.3103589713573456
42,C2,829,0.23585200309753418,0.3098415434360504
42,C2,830,0.27867716550827026,0.3610941171646118
42,C2,831,0.2474440634250641,0.3386375308036804
42,C2,832,0.22955484688282013,0.3122325837612152
42,C2,833,0.25554531812667847,0.3461869955062866
42,C2,834,0.22600921988487244,0.30362775921821594
42,C2,835,0.19290217757225037,0.2551495432853699
42,C2,836,0.23319439589977264,0.31532445549964905
42,C2,837,0.17869983613491058,0.2551160752773285
42,C2,838,0.262271523475647,0.3469048738479614
42,C2,839,0.21610575914382935,0.29163360595703125
42,C2,840,0.2376607060432434,0.3302893042564392
42,C2,841,0.2562713325023651,0.3430660665035248
42,C2,842,0.26565462350845337,0.35260409116744995
42,C2,843,0.24550913274288177,0.3398948609828949
42,C2,844,0.22280603647232056,0.29554879665374756
42,C2,845,0.2272569090127945,0.30406638979911804
42,C2,846,0.2535691559314728,0.3307701051235199
42,C2,847,0.22357481718063354,0.30158817768096924
42,C2,848,0.22121965885162354,0.29053470492362976
42,C2,849,0.2652773857116699,0.3218960165977478
42,C2,850,0.25782254338264465,0.33538997173309326
42,C2,851,0.197968989610672,0.26944398880004883
42,C2,852,0.19575801491737366,0.28752970695495605
42,C2,853,0.27950209379196167,0.34574252367019653
42,C2,854,0.29716354608535767,0.3927046060562134
42,C2,855,0.2242639809846878,0.2969408333301544
42,C2,856,0.2652280926704407,0.34262531995773315
42,C2,857,0.24236181378364563,0.311483770608902
42,C2,858,0.19847387075424194,0.28094953298568726
42,C2,859,0.182259202003479,0.27078235149383545
42,C2,860,0.2668692171573639,0.3520251512527466
42,C2,861,0.27581074833869934,0.359394371509552
42,C2,862,0.2538508176803589,0.3364415764808655
42,C2,863,0.21280570328235626,0.2789752185344696
42,C2,864,0.26530662178993225,0.3395500183105469
42,C2,865,0.17232859134674072,0.23230624198913574
42,C2,866,0.23290370404720306,0.29916658997535706
42,C2,867,0.19292426109313965,0.27210021018981934
42,C2,868,0.22919440269470215,0.31200605630874634
42,C2,869,0.1971333622932434,0.265675812959671
42,C2,870,0.33858686685562134,0.43295639753341675
42,C2,871,0.2842899560928345,0.36128076910972595
42,C2,872,0.20805568993091583,0.29274100065231323
42,C2,873,0.23364734649658203,0.29661640524864197
42,C2,874,0.21222561597824097,0.281790167093277
42,C2,875,0.186100035905838,0.2874026894569397
42,C2,876,0.21748478710651398,0.2968449592590332
42,C2,877,0.25219419598579407,0.3186725676059723
42,C2,878,0.2592390775680542,0.32441213726997375
42,C2,879,0.2570001482963562,0.3405764102935791
42,C2,880,0.2509568929672241,0.3191812038421631
42,C2,881,0.2017042487859726,0.2946273982524872
42,C2,882,0.22624853253364563,0.31975024938583374
42,C2,883,0.30548804998397827,0.3905855119228363
42,C2,884,0.22727873921394348,0.30041736364364624
42,C2,885,0.2731349468231201,0.34753838181495667
42,C2,886,0.21656161546707153,0.30550944805145264
42,C2,887,0.2423376590013504,0.32342153787612915
42,C2,888,0.27403682470321655,0.36196398735046387
42,C2,889,0.24371573328971863,0.32517847418785095
42,C2,890,0.24776560068130493,0.3216622471809387
42,C2,891,0.2271844446659088,0.2979617416858673
42,C2,892,0.31866055727005005,0.4135066568851471
42,C2,893,0.22370854020118713,0.2960161566734314
42,C2,894,0.211976557970047,0.2628553509712219
42,C2,895,0.19794735312461853,0.27118247747421265
42,C2,896,0.2612011432647705,0.33046239614486694
42,C2,897,0.25821566581726074,0.33307945728302
42,C2,898,0.23670652508735657,0.32179832458496094
42,C2,899,0.22878071665763855,0.30946603417396545
42,C2,900,0.22212950885295868,0.29369619488716125
42,C2,901,0.21692492067813873,0.304294228553772
42,C2,902,0.2544969916343689,0.3482159376144409
42,C2,903,0.24221104383468628,0.32496553659439087
42,C2,904,0.23665785789489746,0.29991215467453003
42,C2,905,0.2696022391319275,0.3440157175064087
42,C2,906,0.24001264572143555,0.3225671648979187
42,C2,907,0.2424677312374115,0.321071058511734
42,C2,908,0.25058671832084656,0.33274045586586
42,C2,909,0.3043905198574066,0.39681437611579895
42,C2,910,0.23181289434432983,0.3207017183303833
42,C2,911,0.25998449325561523,0.3323482573032379
42,C2,912,0.2800048291683197,0.3651502728462219
42,C2,913,0.2077828049659729,0.27285829186439514
42,C2,914,0.23884175717830658,0.32031717896461487
42,C2,915,0.23083627223968506,0.28922975063323975
42,C2,916,0.23682287335395813,0.31002169847488403
42,C2,917,0.19108110666275024,0.2693637013435364
42,C2,918,0.24802817404270172,0.3113703727722168
42,C2,919,0.2112554907798767,0.2929185926914215
42,C2,920,0.1957005262374878,0.2894963324069977
42,C2,921,0.2250182181596756,0.2895113229751587
42,C2,922,0.3076542317867279,0.38520348072052
42,C2,923,0.25678008794784546,0.3347226083278656
42,C2,924,0.26739686727523804,0.3407506048679352
42,C2,925,0.22480282187461853,0.2971467971801758
42,C2,926,0.23351451754570007,0.3127347230911255
42,C2,927,0.2558945119380951,0.3176104724407196
42,C2,928,0.255381315946579,0.3372390866279602
42,C2,929,0.2973346710205078,0.3736729323863983
42,C2,930,0.25284871459007263,0.318256676197052
42,C2,931,0.25012773275375366,0.3215373754501343
42,C2,932,0.23423796892166138,0.3016035854816437
42,C2,933,0.2250131368637085,0.29078882932662964
42,C2,934,0.2706771492958069,0.3560052514076233
42,C2,935,0.20645317435264587,0.2689450979232788
42,C2,936,0.20168069005012512,0.2727977931499481
42,C2,937,0.28375181555747986,0.3676048219203949
42,C2,938,0.19395670294761658,0.24575433135032654
42,C2,939,0.24722284078598022,0.3285458981990814
42,C2,940,0.23412713408470154,0.30393335223197937
42,C2,941,0.21516332030296326,0.30869215726852417
42,C2,942,0.2348564863204956,0.30074918270111084
42,C2,943,0.17609518766403198,0.24456694722175598
42,C2,944,0.19277112185955048,0.2558036744594574
42,C2,945,0.25851190090179443,0.3378683626651764
42,C2,946,0.23259331285953522,0.2903851568698883
42,C2,947,0.2414923459291458,0.30654048919677734
42,C2,948,0.26087576150894165,0.33039119839668274
42,C2,949,0.21295371651649475,0.29443788528442383
42,C2,950,0.24931713938713074,0.31827178597450256
42,C2,951,0.2637452483177185,0.33791977167129517
42,C2,952,0.27541303634643555,0.348010778427124
42,C2,953,0.2585707902908325,0.3515668213367462
42,C2,954,0.28358232975006104,0.360047847032547
42,C2,955,0.2564023733139038,0.3463127613067627
42,C2,956,0.2055054008960724,0.2813118100166321
42,C2,957,0.21011249721050262,0.26307204365730286
42,C2,958,0.3257908821105957,0.4160428047180176
42,C2,959,0.29598021507263184,0.37623077630996704
42,C2,960,0.18582114577293396,0.25724124908447266
42,C2,961,0.2583391070365906,0.3379826545715332
42,C2,962,0.21660681068897247,0.2937089800834656
42,C2,963,0.24795496463775635,0.3190161883831024
42,C2,964,0.22923608124256134,0.30082613229751587
42,C2,965,0.247261643409729,0.32029974460601807
42,C2,966,0.1895206868648529,0.2518875300884247
42,C2,967,0.21399374306201935,0.29311472177505493
42,C2,968,0.25624769926071167,0.3297371566295624
42,C2,969,0.22043150663375854,0.3137422502040863
42,C2,970,0.2705124318599701,0.35443755984306335
42,C2,971,0.24089574813842773,0.309642493724823
42,C2,972,0.2222813367843628,0.3250545561313629
42,C2,973,0.24814826250076294,0.3121061325073242
42,C2,974,0.20382671058177948,0.28851479291915894
42,C2,975,0.25233787298202515,0.3309229016304016
42,C2,976,0.25353026390075684,0.3342493176460266
42,C2,977,0.21672049164772034,0.29806360602378845
42,C2,978,0.23535428941249847,0.3116140067577362
42,C2,979,0.2489871382713318,0.3232482075691223
42,C2,980,0.2813717722892761,0.3603253960609436
42,C2,981,0.2932296395301819,0.35878270864486694
42,C2,982,0.32616978883743286,0.40779954195022583
42,C2,983,0.26809436082839966,0.35092633962631226
42,C2,984,0.2469344139099121,0.32344067096710205
42,C2,985,0.27472543716430664,0.35843732953071594
42,C2,986,0.19001451134681702,0.27767616510391235
42,C2,987,0.25249558687210083,0.3169877529144287
42,C2,988,0.2875555455684662,0.3494674861431122
42,C2,989,0.2562960982322693,0.32062315940856934
42,C2,990,0.25238069891929626,0.32305312156677246
42,C2,991,0.23281753063201904,0.3069010376930237
42,C2,992,0.22153154015541077,0.3143947124481201
42,C2,993,0.23746483027935028,0.3158899247646332
42,C2,994,0.20858386158943176,0.29316359758377075
42,C2,995,0.2035568356513977,0.26997941732406616
42,C2,996,0.2788698077201843,0.35842281579971313
42,C2,997,0.29200780391693115,0.3708219528198242
42,C2,998,0.1952776461839676,0.2734077572822571
42,C2,999,0.22078730165958405,0.30435800552368164
42,C2,1000,0.24791738390922546,0.33425167202949524
42,C2,1001,0.23579742014408112,0.3249615430831909
42,C2,1002,0.21088770031929016,0.2929482161998749
42,C2,1003,0.2986721396446228,0.37486666440963745
42,C2,1004,0.27185386419296265,0.3429512083530426
42,C2,1005,0.17247223854064941,0.2552282214164734
42,C2,1006,0.25867611169815063,0.3419703245162964
42,C2,1007,0.1712864637374878,0.2340792715549469
42,C2,1008,0.23137393593788147,0.30893054604530334
42,C2,1009,0.24440781772136688,0.30347317457199097
42,C2,1010,0.23732614517211914,0.31570935249328613
42,C2,1011,0.21218900382518768,0.27179431915283203
42,C2,1012,0.29311245679855347,0.3665735721588135
42,C2,1013,0.23621100187301636,0.32697445154190063
42,C2,1014,0.21396440267562866,0.28183791041374207
42,C2,1015,0.22226354479789734,0.3167518973350525
42,C2,1016,0.2373306006193161,0.3177182078361511
42,C2,1017,0.2551453411579132,0.32602375745773315
42,C2,1018,0.2717505991458893,0.33713144063949585
42,C2,1019,0.2571665644645691,0.3444111943244934
42,C2,1020,0.21245518326759338,0.27848148345947266
42,C2,1021,0.2511521577835083,0.3373134732246399
42,C2,1022,0.241963192820549,0.33569660782814026
42,C2,1023,0.21489234268665314,0.29820483922958374
42,C2,1024,0.21507468819618225,0.2912708520889282
42,C2,1025,0.2172163724899292,0.289937287569046
42,C2,1026,0.22392454743385315,0.3145822584629059
42,C2,1027,0.25067099928855896,0.3327599763870239
42,C2,1028,0.21643076837062836,0.2788471579551697
42,C2,1029,0.2281276136636734,0.3038804233074188
42,C2,1030,0.22870998084545135,0.2923407554626465
42,C2,1031,0.22715434432029724,0.3095974028110504
42,C2,1032,0.2521588206291199,0.3239932656288147
42,C2,1033,0.24658578634262085,0.3357918858528137
42,C2,1034,0.18108591437339783,0.25317442417144775
42,C2,1035,0.2734963297843933,0.35379713773727417
42,C2,1036,0.26526015996932983,0.348179429769516
42,C2,1037,0.30295881628990173,0.3675333559513092
42,C2,1038,0.23021525144577026,0.30851125717163086
42,C2,1039,0.23658767342567444,0.3312067985534668
42,C2,1040,0.2172534167766571,0.3236404061317444
42,C2,1041,0.24017950892448425,0.3335650861263275
42,C2,1042,0.29113030433654785,0.38151705265045166
42,C2,1043,0.22323408722877502,0.31988105177879333
42,C2,1044,0.23800069093704224,0.32645946741104126
42,C2,1045,0.25493067502975464,0.34855133295059204
42,C2,1046,0.23433417081832886,0.31324303150177
42,C2,1047,0.22704336047172546,0.2998024523258209
42,C2,1048,0.23015062510967255,0.30028995871543884
42,C2,1049,0.25624072551727295,0.32450997829437256
42,C2,1050,0.19716845452785492,0.26578325033187866
42,C2,1051,0.19148999452590942,0.2552168667316437
42,C2,1052,0.29755866527557373,0.3754644989967346
42,C2,1053,0.23169025778770447,0.31919118762016296
42,C2,1054,0.2613804340362549,0.3569207787513733
42,C2,1055,0.2480531483888626,0.33559802174568176
42,C2,1056,0.20907533168792725,0.28443005681037903
42,C2,1057,0.18135681748390198,0.2564890682697296
42,C2,1058,0.19723153114318848,0.2678539454936981
42,C2,1059,0.22759978473186493,0.2959100902080536
42,C2,1060,0.2385377287864685,0.3239968419075012
42,C2,1061,0.22754758596420288,0.29814469814300537
42,C2,1062,0.20458976924419403,0.275322288274765
42,C2,1063,0.2339477837085724,0.3048408627510071
42,C2,1064,0.23591092228889465,0.3168427348136902
42,C2,1065,0.22631722688674927,0.2934678792953491
42,C2,1066,0.23084630072116852,0.33163321018218994
42,C2,1067,0.24189957976341248,0.3213113844394684
42,C2,1068,0.23591676354408264,0.3143818974494934
42,C2,1069,0.1955251395702362,0.2968525290489197
42,C2,1070,0.2610096335411072,0.33682480454444885
42,C2,1071,0.22134307026863098,0.30447113513946533
42,C2,1072,0.21941445767879486,0.30588728189468384
42,C2,1073,0.23146766424179077,0.31236544251441956
42,C2,1074,0.23022142052650452,0.3067980408668518
42,C2,1075,0.20898014307022095,0.2789428234100342
42,C2,1076,0.2108973264694214,0.2698265016078949
42,C2,1077,0.2247270792722702,0.28437331318855286
42,C2,1078,0.27041929960250854,0.34660255908966064
42,C2,1079,0.19912947714328766,0.28749608993530273
42,C2,1080,0.22557330131530762,0.32615217566490173
42,C2,1081,0.2979995012283325,0.372302770614624
42,C2,1082,0.2556957006454468,0.3390583395957947
42,C2,1083,0.24116960167884827,0.31978917121887207
42,C2,1084,0.21575140953063965,0.2894554138183594
42,C2,1085,0.20950080454349518,0.2947438955307007
42,C2,1086,0.24132348597049713,0.33156508207321167
42,C2,1087,0.16554197669029236,0.23004695773124695
42,C2,1088,0.24997419118881226,0.3245927393436432
42,C2,1089,0.19910019636154175,0.2665940523147583
42,C2,1090,0.2994837164878845,0.3730359673500061
42,C2,1091,0.2699565887451172,0.3518693447113037
42,C2,1092,0.21038830280303955,0.30569785833358765
42,C2,1093,0.20791009068489075,0.28233450651168823
42,C2,1094,0.21515247225761414,0.30462929606437683
42,C2,1095,0.1939534693956375,0.2670952379703522
42,C2,1096,0.21701735258102417,0.2937510311603546
42,C2,1097,0.2207169532775879,0.3100889325141907
42,C2,1098,0.2253042310476303,0.29823070764541626
42,C2,1099,0.19671709835529327,0.2651297450065613
42,C2,1100,0.2100115418434143,0.2886933982372284
42,C2,1101,0.2840436100959778,0.3628351092338562
42,C2,1102,0.2394717037677765,0.29491469264030457
42,C2,1103,0.2098950743675232,0.2801385819911957
42,C2,1104,0.2789251506328583,0.3674902617931366
42,C2,1105,0.22215640544891357,0.3153049945831299
42,C2,1106,0.21045027673244476,0.29994699358940125
42,C2,1107,0.2052777111530304,0.27600398659706116
42,C2,1108,0.2556590735912323,0.3154268264770508
42,C2,1109,0.20769038796424866,0.3099534809589386
42,C2,1110,0.23180919885635376,0.32623904943466187
42,C2,1111,0.21131011843681335,0.2840964198112488
42,C2,1112,0.254238486289978,0.35622933506965637
42,C2,1113,0.20881998538970947,0.2862945795059204
42,C2,1114,0.13768643140792847,0.20971320569515228
42,C2,1115,0.1577797830104828,0.22346490621566772
42,C2,1116,0.25851693749427795,0.3350766599178314
42,C2,1117,0.2155410647392273,0.2818617820739746
42,C2,1118,0.19128015637397766,0.2816654443740845
42,C2,1119,0.23913788795471191,0.3333514630794525
42,C2,1120,0.22556820511817932,0.293285995721817
42,C2,1121,0.2887195348739624,0.3724585771560669
42,C2,1122,0.210571750998497,0.27917277812957764
42,C2,1123,0.2369304597377777,0.31814002990722656
42,C2,1124,0.24238216876983643,0.3373214304447174
42,C2,1125,0.2355859875679016,0.3140636384487152
42,C2,1126,0.3008342683315277,0.37458890676498413
42,C2,1127,0.33506399393081665,0.39943569898605347
42,C2,1128,0.26115846633911133,0.3354507088661194
42,C2,1129,0.18840527534484863,0.27235084772109985
42,C2,1130,0.22820794582366943,0.3075403869152069
42,C2,1131,0.23944199085235596,0.31948935985565186
42,C2,1132,0.24467173218727112,0.3122881352901459
42,C2,1133,0.20529374480247498,0.28551045060157776
42,C2,1134,0.21947860717773438,0.3046411871910095
42,C2,1135,0.2475026547908783,0.33622175455093384
42,C2,1136,0.2583473324775696,0.33388206362724304
42,C2,1137,0.25542283058166504,0.3602342903614044
42,C2,1138,0.27063173055648804,0.34356093406677246
42,C2,1139,0.2436838150024414,0.29799988865852356
42,C2,1140,0.2351660132408142,0.3051883578300476
42,C2,1141,0.19611436128616333,0.25980111956596375
42,C2,1142,0.19711381196975708,0.2817741632461548
42,C2,1143,0.26174336671829224,0.35220810770988464
42,C2,1144,0.28990668058395386,0.37050095200538635
42,C2,1145,0.2902185618877411,0.3736688494682312
42,C2,1146,0.26169198751449585,0.3356935679912567
42,C2,1147,0.24799710512161255,0.31607377529144287
42,C2,1148,0.23581048846244812,0.31111210584640503
42,C2,1149,0.1825428605079651,0.23959195613861084
42,C2,1150,0.2795702815055847,0.3516943156719208
42,C2,1151,0.2678016722202301,0.3534599244594574
42,C2,1152,0.22378702461719513,0.2936983108520508
42,C2,1153,0.21003177762031555,0.28842082619667053
42,C2,1154,0.23672623932361603,0.3099636435508728
42,C2,1155,0.18404284119606018,0.2531147599220276
42,C2,1156,0.24117499589920044,0.32872259616851807
42,C2,1157,0.18595756590366364,0.23750001192092896
42,C2,1158,0.22126390039920807,0.28317874670028687
42,C2,1159,0.16268426179885864,0.2588048577308655
42,C2,1160,0.2304232269525528,0.30032289028167725
42,C2,1161,0.24930162727832794,0.3142683506011963
42,C2,1162,0.25208133459091187,0.3164089322090149
42,C2,1163,0.19715306162834167,0.25104042887687683
42,C2,1164,0.23349922895431519,0.2930852174758911
42,C2,1165,0.2722969353199005,0.3428921401500702
42,C2,1166,0.2668706476688385,0.35862794518470764
42,C2,1167,0.25468510389328003,0.3386049270629883
42,C2,1168,0.2269078493118286,0.30105310678482056
42,C2,1169,0.2377449870109558,0.316415399312973
42,C2,1170,0.23803113400936127,0.3132613003253937
42,C2,1171,0.2728036642074585,0.35961559414863586
42,C2,1172,0.26415079832077026,0.34911444783210754
42,C2,1173,0.2288396656513214,0.3162994980812073
42,C2,1174,0.2230468988418579,0.311580091714859
42,C2,1175,0.2244729995727539,0.31237199902534485
42,C2,1176,0.26096102595329285,0.330002099275589
42,C2,1177,0.2798333764076233,0.37746870517730713
42,C2,1178,0.3004578948020935,0.3875635862350464
42,C2,1179,0.21956859529018402,0.28411638736724854
42,C2,1180,0.17021562159061432,0.23453381657600403
42,C2,1181,0.2832179665565491,0.36859995126724243
42,C2,1182,0.22004520893096924,0.28824496269226074
42,C2,1183,0.2658405900001526,0.35105687379837036
42,C2,1184,0.2055462896823883,0.2716042399406433
42,C2,1185,0.22010113298892975,0.2937697768211365
42,C2,1186,0.22445130348205566,0.31488537788391113
42,C2,1187,0.2587612271308899,0.335409551858902
42,C2,1188,0.23538754880428314,0.3130439817905426
42,C2,1189,0.2231518030166626,0.31109488010406494
42,C2,1190,0.2927079498767853,0.36219197511672974
42,C2,1191,0.20544463396072388,0.2992221415042877
42,C2,1192,0.15849709510803223,0.22883643209934235
42,C2,1193,0.20886878669261932,0.30321332812309265
42,C2,1194,0.23781031370162964,0.3145776689052582
42,C2,1195,0.20770037174224854,0.2711499035358429
42,C2,1196,0.2825242280960083,0.3551936447620392
42,C2,1197,0.24912121891975403,0.32996124029159546
42,C2,1198,0.2401418834924698,0.3244588077068329
42,C2,1199,0.20775771141052246,0.2999141812324524
42,C2,1200,0.2032139003276825,0.26974350214004517
42,C2,1201,0.21502776443958282,0.31907060742378235
42,C2,1202,0.3155972957611084,0.4013652801513672
42,C2,1203,0.24969977140426636,0.347356915473938
42,C2,1204,0.24064627289772034,0.3148331940174103
42,C2,1205,0.24041740596294403,0.33893048763275146
42,C2,1206,0.2537787854671478,0.33046776056289673
42,C2,1207,0.21423408389091492,0.2786354720592499
42,C2,1208,0.28449296951293945,0.3705202341079712
42,C2,1209,0.25285831093788147,0.3396024703979492
42,C2,1210,0.24412252008914948,0.3525601625442505
42,C2,1211,0.24412190914154053,0.31340622901916504
42,C2,1212,0.25339066982269287,0.31641772389411926
42,C2,1213,0.18973906338214874,0.2644745409488678
42,C2,1214,0.24801300466060638,0.3149605691432953
42,C2,1215,0.2079872190952301,0.29847824573516846
42,C2,1216,0.275522381067276,0.34523123502731323
42,C2,1217,0.2347697615623474,0.32002073526382446
42,C2,1218,0.2456042468547821,0.3117753565311432
42,C2,1219,0.19776996970176697,0.26236292719841003
42,C2,1220,0.19159361720085144,0.2674759328365326
42,C2,1221,0.24879798293113708,0.3385884463787079
42,C2,1222,0.21061024069786072,0.29783493280410767
42,C2,1223,0.23163828253746033,0.293135404586792
42,C2,1224,0.22749260067939758,0.30724748969078064
42,C2,1225,0.25067079067230225,0.31848374009132385
42,C2,1226,0.16512659192085266,0.23888078331947327
42,C2,1227,0.1687677502632141,0.21970292925834656
42,C2,1228,0.2075866162776947,0.29896581172943115
42,C2,1229,0.23996186256408691,0.32481420040130615
42,C2,1230,0.22601762413978577,0.32193052768707275
42,C2,1231,0.2909699082374573,0.37411534786224365
42,C2,1232,0.18590232729911804,0.26808181405067444
42,C2,1233,0.24049456417560577,0.33193451166152954
42,C2,1234,0.22399111092090607,0.2928890585899353
42,C2,1235,0.22960643470287323,0.305044025182724
42,C2,1236,0.21710744500160217,0.29708924889564514
42,C2,1237,0.21616803109645844,0.2818286716938019
42,C2,1238,0.2367820143699646,0.31713491678237915
42,C2,1239,0.256771445274353,0.318186491727829
42,C2,1240,0.2298390418291092,0.325753390789032
42,C2,1241,0.19115537405014038,0.2703949213027954
42,C2,1242,0.25227952003479004,0.33926448225975037
42,C2,1243,0.22542104125022888,0.30487900972366333
42,C2,1244,0.2658878266811371,0.34295761585235596
42,C2,1245,0.17794468998908997,0.27181297540664673
42,C2,1246,0.20837171375751495,0.2970748543739319
42,C2,1247,0.21691729128360748,0.27979859709739685
42,C2,1248,0.23496657609939575,0.31252723932266235
42,C2,1249,0.23877567052841187,0.31823718547821045
42,C2,1250,0.261066734790802,0.33397260308265686
42,C2,1251,0.263794481754303,0.33913320302963257
42,C2,1252,0.22982941567897797,0.32344484329223633
42,C2,1253,0.2429201602935791,0.31845828890800476
42,C2,1254,0.2017088234424591,0.2903210520744324
42,C2,1255,0.2498042732477188,0.32787561416625977
42,C2,1256,0.23236976563930511,0.3161250948905945
42,C2,1257,0.21564339101314545,0.289323091506958
42,C2,1258,0.24755342304706573,0.32351449131965637
42,C2,1259,0.20580287277698517,0.28537991642951965
42,C2,1260,0.20314708352088928,0.28832879662513733
42,C2,1261,0.28998619318008423,0.372312068939209
42,C2,1262,0.14602306485176086,0.2094462513923645
42,C2,1263,0.20559097826480865,0.27345266938209534
42,C2,1264,0.2257440984249115,0.30324462056159973
42,C2,1265,0.26385098695755005,0.34111082553863525
42,C2,1266,0.24509035050868988,0.3459968566894531
42,C2,1267,0.253586083650589,0.3393980860710144
42,C2,1268,0.2207465022802353,0.2925081253051758
42,C2,1269,0.17528212070465088,0.24429883062839508
42,C2,1270,0.22402234375476837,0.28901708126068115
42,C2,1271,0.20245370268821716,0.26465854048728943
42,C2,1272,0.2839396893978119,0.3405986726284027
42,C2,1273,0.2400994449853897,0.30687248706817627
42,C2,1274,0.21928051114082336,0.28398579359054565
42,C2,1275,0.2821134328842163,0.3557862639427185
42,C2,1276,0.21901258826255798,0.301210880279541
42,C2,1277,0.21405281126499176,0.288265585899353
42,C2,1278,0.21747732162475586,0.28529036045074463
42,C2,1279,0.2950839102268219,0.36766183376312256
42,C2,1280,0.1913960874080658,0.2710742950439453
42,C2,1281,0.20645849406719208,0.2778201699256897
42,C2,1282,0.2044772505760193,0.2840111553668976
42,C2,1283,0.21364161372184753,0.2899261713027954
42,C2,1284,0.18623962998390198,0.2546667754650116
42,C2,1285,0.21700160205364227,0.2860492467880249
42,C2,1286,0.25546759366989136,0.3387741148471832
42,C2,1287,0.2253766655921936,0.2956713140010834
42,C2,1288,0.27099764347076416,0.3668402433395386
42,C2,1289,0.14815376698970795,0.19402919709682465
42,C2,1290,0.23307618498802185,0.29822999238967896
42,C2,1291,0.23275026679039001,0.327994167804718
42,C2,1292,0.16821202635765076,0.23211044073104858
42,C2,1293,0.21256177127361298,0.28249746561050415
42,C2,1294,0.2847124934196472,0.3417013883590698
42,C2,1295,0.1730847954750061,0.24749144911766052
42,C2,1296,0.1934742033481598,0.28341296315193176
42,C2,1297,0.21609562635421753,0.2956121563911438
42,C2,1298,0.2271977961063385,0.3010919392108917
42,C2,1299,0.19154901802539825,0.2647910714149475
42,C2,1300,0.3082665801048279,0.3901635706424713
42,C2,1301,0.1921679973602295,0.2524353861808777
42,C2,1302,0.22797228395938873,0.29928576946258545
42,C2,1303,0.19881661236286163,0.265058696269989
42,C2,1304,0.2386816293001175,0.3092101514339447
42,C2,1305,0.19340786337852478,0.2609974145889282
42,C2,1306,0.21570399403572083,0.30151063203811646
42,C2,1307,0.24634630978107452,0.3320140242576599
42,C2,1308,0.24861931800842285,0.3384300172328949
42,C2,1309,0.24967283010482788,0.30812522768974304
42,C2,1310,0.28769421577453613,0.3509550392627716
42,C2,1311,0.2577090263366699,0.35211291909217834
42,C2,1312,0.2824046015739441,0.35710111260414124
42,C2,1313,0.2793453335762024,0.3604828119277954
42,C2,1314,0.2285585105419159,0.2950645983219147
42,C2,1315,0.21895067393779755,0.28580957651138306
42,C2,1316,0.2149963080883026,0.2825466990470886
42,C2,1317,0.22980377078056335,0.2963685989379883
42,C2,1318,0.20671366155147552,0.2874079942703247
42,C2,1319,0.19938988983631134,0.2759304940700531
42,C2,1320,0.23683112859725952,0.3214927911758423
42,C2,1321,0.2326054573059082,0.30482596158981323
42,C2,1322,0.24723424017429352,0.33262741565704346
42,C2,1323,0.25959640741348267,0.3261182904243469
42,C2,1324,0.21323902904987335,0.2796648144721985
42,C2,1325,0.2853245437145233,0.35411450266838074
42,C2,1326,0.2774553894996643,0.347705602645874
42,C2,1327,0.2797815799713135,0.3565003275871277
42,C2,1328,0.19933518767356873,0.26946187019348145
42,C2,1329,0.24196359515190125,0.31464117765426636
42,C2,1330,0.19333717226982117,0.2694630026817322
42,C2,1331,0.20989802479743958,0.28797435760498047
42,C2,1332,0.2345367968082428,0.3178216516971588
42,C2,1333,0.2376318871974945,0.33030569553375244
42,C2,1334,0.26124635338783264,0.33492404222488403
42,C2,1335,0.18846318125724792,0.2548739016056061
42,C2,1336,0.23269900679588318,0.3165922462940216
42,C2,1337,0.291119784116745,0.3717155158519745
42,C2,1338,0.2677386999130249,0.35055094957351685
42,C2,1339,0.26808756589889526,0.34306544065475464
42,C2,1340,0.24610772728919983,0.32805728912353516
42,C2,1341,0.21793900430202484,0.3034520745277405
42,C2,1342,0.2232145518064499,0.30945447087287903
42,C2,1343,0.29636144638061523,0.3662447929382324
42,C2,1344,0.21621102094650269,0.3037513494491577
42,C2,1345,0.21666523814201355,0.314273864030838
42,C2,1346,0.20455951988697052,0.30206626653671265
42,C2,1347,0.20987513661384583,0.2956012785434723
42,C2,1348,0.21003253757953644,0.2806258499622345
42,C2,1349,0.16753235459327698,0.22546041011810303
42,C2,1350,0.20594793558120728,0.2682313621044159
42,C2,1351,0.22636976838111877,0.2840983271598816
42,C2,1352,0.22391769289970398,0.30161207914352417
42,C2,1353,0.2223665714263916,0.3093414008617401
42,C2,1354,0.2516632378101349,0.3534203767776489
42,C2,1355,0.2512502074241638,0.32424357533454895
42,C2,1356,0.25731849670410156,0.34090563654899597
42,C2,1357,0.22821509838104248,0.2806140184402466
42,C2,1358,0.25274503231048584,0.34461960196495056
42,C2,1359,0.23632454872131348,0.33399105072021484
42,C2,1360,0.18186861276626587,0.2754005491733551
42,C2,1361,0.22232931852340698,0.30559590458869934
42,C2,1362,0.22575300931930542,0.2963256537914276
42,C2,1363,0.16852068901062012,0.2346479594707489
42,C2,1364,0.2607554495334625,0.3481322228908539
42,C2,1365,0.22419488430023193,0.2899590730667114
42,C2,1366,0.21383777260780334,0.30445337295532227
42,C2,1367,0.21112629771232605,0.28130269050598145
42,C2,1368,0.20145300030708313,0.26622068881988525
42,C2,1369,0.27885347604751587,0.3671046793460846
42,C2,1370,0.20127689838409424,0.2796911597251892
42,C2,1371,0.19280096888542175,0.2578243613243103
42,C2,1372,0.17266041040420532,0.24876579642295837
42,C2,1373,0.21755900979042053,0.30532383918762207
42,C2,1374,0.16238638758659363,0.23583213984966278
42,C2,1375,0.25758641958236694,0.3376089334487915
42,C2,1376,0.24117442965507507,0.30021774768829346
42,C2,1377,0.2273423969745636,0.2913723289966583
42,C2,1378,0.22888703644275665,0.32585740089416504
42,C2,1379,0.2301088571548462,0.33089104294776917
42,C2,1380,0.2807319462299347,0.355917364358902
42,C2,1381,0.20725153386592865,0.2883709967136383
42,C2,1382,0.2857013940811157,0.3834388554096222
42,C2,1383,0.261096715927124,0.3400219678878784
42,C2,1384,0.2258065789937973,0.28714999556541443
42,C2,1385,0.23961687088012695,0.31682026386260986
42,C2,1386,0.2733132839202881,0.3662525415420532
42,C2,1387,0.2673623561859131,0.34922346472740173
42,C2,1388,0.2670675814151764,0.36302855610847473
42,C2,1389,0.25755155086517334,0.3291723132133484
42,C2,1390,0.31663036346435547,0.37228742241859436
42,C2,1391,0.24737057089805603,0.31857967376708984
42,C2,1392,0.24476391077041626,0.31229689717292786
42,C2,1393,0.2662678360939026,0.34302404522895813
42,C2,1394,0.2505481243133545,0.32477936148643494
42,C2,1395,0.2166830450296402,0.3078531324863434
42,C2,1396,0.2209630012512207,0.3115416467189789
42,C2,1397,0.1946319192647934,0.26448842883110046
42,C2,1398,0.2546681761741638,0.3351728022098541
42,C2,1399,0.2755495309829712,0.34562474489212036
42,C2,1400,0.21920277178287506,0.28682073950767517
42,C2,1401,0.19422361254692078,0.26146626472473145
42,C2,1402,0.27620929479599,0.3522026836872101
42,C2,1403,0.19377999007701874,0.2676016688346863
42,C2,1404,0.23048533499240875,0.29987096786499023
42,C2,1405,0.22309961915016174,0.3023223280906677
42,C2,1406,0.3164187967777252,0.4055423438549042
42,C2,1407,0.3018032908439636,0.39768901467323303
42,C2,1408,0.23720616102218628,0.31359314918518066
42,C2,1409,0.19139736890792847,0.26125723123550415
42,C2,1410,0.2565772533416748,0.3346414268016815
42,C2,1411,0.2560253441333771,0.3403507173061371
42,C2,1412,0.23684197664260864,0.31073522567749023
42,C2,1413,0.21929794549942017,0.2912435531616211
42,C2,1414,0.27179375290870667,0.3604791462421417
42,C2,1415,0.318228542804718,0.3910815417766571
42,C2,1416,0.24083450436592102,0.31160968542099
42,C2,1417,0.23735947906970978,0.30727311968803406
42,C2,1418,0.24150881171226501,0.30691415071487427
42,C2,1419,0.2100856602191925,0.28976088762283325
42,C2,1420,0.301422655582428,0.3806832730770111
42,C2,1421,0.23978668451309204,0.3228594958782196
42,C2,1422,0.2679285407066345,0.3652796149253845
42,C2,1423,0.28960686922073364,0.37870141863822937
42,C2,1424,0.22309736907482147,0.30888140201568604
42,C2,1425,0.22767916321754456,0.3067951798439026
42,C2,1426,0.20457984507083893,0.26435431838035583
42,C2,1427,0.24763205647468567,0.3110852837562561
42,C2,1428,0.26474422216415405,0.34053200483322144
42,C2,1429,0.22628183662891388,0.291463702917099
42,C2,1430,0.19917267560958862,0.27455657720565796
42,C2,1431,0.2149164378643036,0.29084405303001404
42,C2,1432,0.21896013617515564,0.3106651306152344
42,C2,1433,0.217363178730011,0.29086947441101074
42,C2,1434,0.27226823568344116,0.35695701837539673
42,C2,1435,0.2577061355113983,0.34277111291885376
42,C2,1436,0.22439318895339966,0.2926969528198242
42,C2,1437,0.2594059705734253,0.3427385687828064
42,C2,1438,0.25368964672088623,0.3227938413619995
42,C2,1439,0.24585001170635223,0.32539981603622437
42,C2,1440,0.20348280668258667,0.28324294090270996
42,C2,1441,0.22655947506427765,0.27418673038482666
42,C2,1442,0.2748487889766693,0.3620046079158783
42,C2,1443,0.20283856987953186,0.2799290716648102
42,C2,1444,0.26791518926620483,0.3821275532245636
42,C2,1445,0.25270259380340576,0.3304453492164612
42,C2,1446,0.20848409831523895,0.27060139179229736
42,C2,1447,0.20858290791511536,0.29129838943481445
42,C2,1448,0.2560134828090668,0.33464792370796204
42,C2,1449,0.2350025177001953,0.3180895447731018
42,C2,1450,0.25757351517677307,0.32356464862823486
42,C2,1451,0.22034069895744324,0.2830142378807068
42,C2,1452,0.2261970341205597,0.3189472258090973
42,C2,1453,0.23586726188659668,0.30348509550094604
42,C2,1454,0.150900200009346,0.23218481242656708
42,C2,1455,0.2602963149547577,0.34182578325271606
42,C2,1456,0.21132171154022217,0.3016936480998993
42,C2,1457,0.24617820978164673,0.3285060226917267
42,C2,1458,0.20334795117378235,0.2775328755378723
42,C2,1459,0.20496410131454468,0.289450079202652
42,C2,1460,0.20230799913406372,0.2774994969367981
42,C2,1461,0.16415494680404663,0.2412743866443634
42,C2,1462,0.22129309177398682,0.29602473974227905
42,C2,1463,0.26555466651916504,0.3581109046936035
42,C2,1464,0.27506813406944275,0.3568962812423706
42,C2,1465,0.2997579276561737,0.389739990234375
42,C2,1466,0.280742883682251,0.3466731309890747
42,C2,1467,0.28288358449935913,0.37668555974960327
42,C2,1468,0.25447142124176025,0.3374117314815521
42,C2,1469,0.22098658978939056,0.2893165051937103
42,C2,1470,0.20560264587402344,0.28206026554107666
42,C2,1471,0.23987366259098053,0.3246908485889435
42,C2,1472,0.24149951338768005,0.32875925302505493
42,C2,1473,0.23388637602329254,0.3100309371948242
42,C2,1474,0.2576138377189636,0.3422611653804779
42,C2,1475,0.23063671588897705,0.3083930015563965
42,C2,1476,0.16881482303142548,0.24528533220291138
42,C2,1477,0.31473904848098755,0.38807401061058044
42,C2,1478,0.242120161652565,0.32753074169158936
42,C2,1479,0.17002955079078674,0.24823543429374695
42,C2,1480,0.2870715260505676,0.3644419014453888
42,C2,1481,0.24438971281051636,0.3047417998313904
42,C2,1482,0.22068694233894348,0.2928427457809448
42,C2,1483,0.25048327445983887,0.32679539918899536
42,C2,1484,0.2513613998889923,0.3110836148262024
42,C2,1485,0.2073177695274353,0.2750764787197113
42,C2,1486,0.22654002904891968,0.318651020526886
42,C2,1487,0.23954495787620544,0.3287495970726013
42,C2,1488,0.23038935661315918,0.29887673258781433
42,C2,1489,0.2425662875175476,0.32166561484336853
42,C2,1490,0.19453082978725433,0.2686787247657776
42,C2,1491,0.23380129039287567,0.3067227602005005
42,C2,1492,0.1934850811958313,0.26570582389831543
42,C2,1493,0.22088773548603058,0.29332995414733887
42,C2,1494,0.2412087321281433,0.32897433638572693
42,C2,1495,0.2269410938024521,0.3091651499271393
42,C2,1496,0.2319265604019165,0.3070117235183716
42,C2,1497,0.2225341796875,0.2895317077636719
42,C2,1498,0.2157323658466339,0.30201947689056396
42,C2,1499,0.22547313570976257,0.3101691007614136
42,C2,1500,0.20184317231178284,0.2619326412677765
42,C2,1501,0.1323097050189972,0.19638441503047943
42,C2,1502,0.24362221360206604,0.3234928250312805
42,C2,1503,0.2393575757741928,0.31105756759643555
42,C2,1504,0.2518708407878876,0.31671077013015747
42,C2,1505,0.25145861506462097,0.3244445323944092
42,C2,1506,0.27913349866867065,0.35075297951698303
42,C2,1507,0.2485450804233551,0.33246538043022156
42,C2,1508,0.236652210354805,0.30979010462760925
42,C2,1509,0.2356185019016266,0.3056337833404541
42,C2,1510,0.2200450599193573,0.305361270904541
42,C2,1511,0.1929835081100464,0.269245445728302
42,C2,1512,0.24856874346733093,0.3318519592285156
42,C2,1513,0.20748190581798553,0.2736111283302307
42,C2,1514,0.20310987532138824,0.28468433022499084
42,C2,1515,0.24232123792171478,0.3195330500602722
42,C2,1516,0.1827004849910736,0.25230488181114197
42,C2,1517,0.1930164396762848,0.28498077392578125
42,C2,1518,0.19007757306098938,0.2617183029651642
42,C2,1519,0.2562968134880066,0.32511571049690247
42,C2,1520,0.21413040161132812,0.2983357310295105
42,C2,1521,0.22949057817459106,0.3139180541038513
42,C2,1522,0.31468188762664795,0.3904075026512146
42,C2,1523,0.26701709628105164,0.34618762135505676
42,C2,1524,0.18498215079307556,0.26253238320350647
42,C2,1525,0.23635150492191315,0.3276858925819397
42,C2,1526,0.2568381726741791,0.333398699760437
42,C2,1527,0.21961551904678345,0.2877289950847626
42,C2,1528,0.20153780281543732,0.29062125086784363
42,C2,1529,0.20526023209095,0.2661275863647461
42,C2,1530,0.262728214263916,0.3335737884044647
42,C2,1531,0.26264190673828125,0.3263813257217407
42,C2,1532,0.26904264092445374,0.3342549502849579
42,C2,1533,0.20707330107688904,0.2855032682418823
42,C2,1534,0.22824063897132874,0.2921462655067444
42,C2,1535,0.24754604697227478,0.32625508308410645
42,C2,1536,0.28275319933891296,0.35625600814819336
42,C2,1537,0.17640531063079834,0.2573884129524231
42,C2,1538,0.21377630531787872,0.30010518431663513
42,C2,1539,0.25287190079689026,0.33610475063323975
42,C2,1540,0.2297118902206421,0.3158199191093445
42,C2,1541,0.2300126552581787,0.3238469958305359
42,C2,1542,0.24565348029136658,0.3383936285972595
42,C2,1543,0.2515551447868347,0.323029488325119
42,C2,1544,0.24064791202545166,0.32092347741127014
42,C2,1545,0.13296547532081604,0.18899188935756683
42,C2,1546,0.2029971033334732,0.2946608066558838
42,C2,1547,0.2598940134048462,0.34682026505470276
42,C2,1548,0.26280033588409424,0.33790773153305054
42,C2,1549,0.23536807298660278,0.3199222981929779
42,C2,1550,0.2417890727519989,0.3375166654586792
42,C2,1551,0.2547568082809448,0.31615087389945984
42,C2,1552,0.2246137261390686,0.30225351452827454
42,C2,1553,0.22784943878650665,0.30426374077796936
42,C2,1554,0.2092677503824234,0.2935578525066376
42,C2,1555,0.284568727016449,0.35178422927856445
42,C2,1556,0.2576802372932434,0.32210883498191833
42,C2,1557,0.19479769468307495,0.2732769250869751
42,C2,1558,0.20399969816207886,0.286780446767807
42,C2,1559,0.23318997025489807,0.3020428419113159
42,C2,1560,0.20616330206394196,0.28086912631988525
42,C2,1561,0.24281686544418335,0.32301729917526245
42,C2,1562,0.21391965448856354,0.3045034110546112
42,C2,1563,0.2543536424636841,0.32825613021850586
42,C2,1564,0.23973232507705688,0.32603728771209717
42,C2,1565,0.2120121419429779,0.3001001179218292
42,C2,1566,0.18511229753494263,0.23976890742778778
42,C2,1567,0.2322717308998108,0.3134187161922455
42,C2,1568,0.22634120285511017,0.329124391078949
42,C2,1569,0.21717697381973267,0.277891606092453
42,C2,1570,0.22520329058170319,0.2926177382469177
42,C2,1571,0.24540337920188904,0.32672804594039917
42,C2,1572,0.17038995027542114,0.2232922464609146
42,C2,1573,0.21615277230739594,0.2923794984817505
42,C2,1574,0.26316624879837036,0.3317410349845886
42,C2,1575,0.24756766855716705,0.31185057759284973
42,C2,1576,0.20898371934890747,0.26930689811706543
42,C2,1577,0.2568879723548889,0.3345271944999695
42,C2,1578,0.2616603374481201,0.3472442626953125
42,C2,1579,0.23187600076198578,0.3073287904262543
42,C2,1580,0.1798994243144989,0.26899901032447815
42,C2,1581,0.25728505849838257,0.33787330985069275
42,C2,1582,0.2571265995502472,0.33940014243125916
42,C2,1583,0.2752971947193146,0.35230332612991333
42,C2,1584,0.2369900941848755,0.31206104159355164
42,C2,1585,0.23326653242111206,0.32439327239990234
42,C2,1586,0.23670175671577454,0.3036923110485077
42,C2,1587,0.2419409155845642,0.3230694830417633
42,C2,1588,0.28206542134284973,0.3487377464771271
42,C2,1589,0.18224850296974182,0.2409633994102478
42,C2,1590,0.1738612800836563,0.23690026998519897
42,C2,1591,0.24848121404647827,0.32457950711250305
42,C2,1592,0.22182580828666687,0.30594348907470703
42,C2,1593,0.2553442120552063,0.32701176404953003
42,C2,1594,0.18583440780639648,0.25106358528137207
42,C2,1595,0.17382270097732544,0.23536375164985657
42,C2,1596,0.20804940164089203,0.27503445744514465
42,C2,1597,0.2204856425523758,0.2933560609817505
42,C2,1598,0.24017688632011414,0.2947210669517517
42,C2,1599,0.214143306016922,0.28504103422164917
42,C2,1600,0.24025413393974304,0.29424452781677246
42,C2,1601,0.20539453625679016,0.28894680738449097
42,C2,1602,0.2347167432308197,0.3059721887111664
42,C2,1603,0.2232029139995575,0.2916346788406372
42,C2,1604,0.195526584982872,0.2848639190196991
42,C2,1605,0.20990724861621857,0.2774536907672882
42,C2,1606,0.19848932325839996,0.27447453141212463
42,C2,1607,0.19027362763881683,0.2582567632198334
42,C2,1608,0.25063174962997437,0.32561254501342773
42,C2,1609,0.2219398319721222,0.2763330042362213
42,C2,1610,0.19289374351501465,0.2427709400653839
42,C2,1611,0.2071043848991394,0.2730644941329956
42,C2,1612,0.19422173500061035,0.27643561363220215
42,C2,1613,0.25228554010391235,0.3333674669265747
42,C2,1614,0.226549431681633,0.2897346615791321
42,C2,1615,0.25979599356651306,0.3249567747116089
42,C2,1616,0.1962326467037201,0.27651840448379517
42,C2,1617,0.23390184342861176,0.3036305606365204
42,C2,1618,0.2202497273683548,0.2994931936264038
42,C2,1619,0.18983162939548492,0.2669171094894409
42,C2,1620,0.2057618945837021,0.25756895542144775
42,C2,1621,0.26747649908065796,0.33200812339782715
42,C2,1622,0.2206539362668991,0.2893921136856079
42,C2,1623,0.2474280595779419,0.3350580036640167
42,C2,1624,0.21254459023475647,0.2885742783546448
42,C2,1625,0.21835213899612427,0.29652875661849976
42,C2,1626,0.2093011438846588,0.29195523262023926
42,C2,1627,0.21007977426052094,0.29578137397766113
42,C2,1628,0.24703317880630493,0.31980806589126587
42,C2,1629,0.20033228397369385,0.2816549241542816
42,C2,1630,0.18317756056785583,0.2467036247253418
42,C2,1631,0.2598534822463989,0.3353722095489502
42,C2,1632,0.19910404086112976,0.2772870659828186
42,C2,1633,0.19745773077011108,0.26937028765678406
42,C2,1634,0.21656133234500885,0.3189834952354431
42,C2,1635,0.20216143131256104,0.29158857464790344
42,C2,1636,0.3034849166870117,0.3751477301120758
42,C2,1637,0.16899247467517853,0.2342263162136078
42,C2,1638,0.18372759222984314,0.2382315993309021
42,C2,1639,0.15792116522789001,0.2283422201871872
42,C2,1640,0.25454971194267273,0.3357471823692322
42,C2,1641,0.20672383904457092,0.29609984159469604
42,C2,1642,0.1729709804058075,0.22936390340328217
42,C2,1643,0.1996888369321823,0.28637105226516724
42,C2,1644,0.25448542833328247,0.33288389444351196
42,C2,1645,0.24757793545722961,0.3373895287513733
42,C2,1646,0.22630375623703003,0.30786624550819397
42,C2,1647,0.24452248215675354,0.30931729078292847
42,C2,1648,0.19617795944213867,0.2622334063053131
42,C2,1649,0.21718348562717438,0.29015421867370605
42,C2,1650,0.21888695657253265,0.29690083861351013
42,C2,1651,0.18549469113349915,0.26062753796577454
42,C2,1652,0.21587614715099335,0.28617995977401733
42,C2,1653,0.22686466574668884,0.3136577904224396
42,C2,1654,0.27345049381256104,0.37339335680007935
42,C2,1655,0.22869694232940674,0.3189428150653839
42,C2,1656,0.2460397183895111,0.32080331444740295
42,C2,1657,0.2431418001651764,0.31189489364624023
42,C2,1658,0.24483820796012878,0.3358438313007355
42,C2,1659,0.21668441593647003,0.29666054248809814
42,C2,1660,0.2177579402923584,0.3110555112361908
42,C2,1661,0.28668028116226196,0.37114256620407104
42,C2,1662,0.23647165298461914,0.3146190047264099
42,C2,1663,0.21677131950855255,0.31453365087509155
42,C2,1664,0.21009236574172974,0.29201585054397583
42,C2,1665,0.2340524047613144,0.33248695731163025
42,C2,1666,0.21450462937355042,0.29069000482559204
42,C2,1667,0.20578664541244507,0.2769606113433838
42,C2,1668,0.21634963154792786,0.29164212942123413
42,C2,1669,0.23462173342704773,0.2957250773906708
42,C2,1670,0.23363420367240906,0.31271621584892273
42,C2,1671,0.28865671157836914,0.37150266766548157
42,C2,1672,0.18682324886322021,0.2624877691268921
42,C2,1673,0.236893892288208,0.3217872977256775
42,C2,1674,0.25153642892837524,0.3343336284160614
42,C2,1675,0.26972758769989014,0.35368800163269043
42,C2,1676,0.2638171315193176,0.34061357378959656
42,C2,1677,0.2177496999502182,0.2958540916442871
42,C2,1678,0.2834472358226776,0.3609774112701416
42,C2,1679,0.2220313549041748,0.2994280755519867
42,C2,1680,0.2098163664340973,0.30522143840789795
42,C2,1681,0.21176306903362274,0.28546133637428284
42,C2,1682,0.23267017304897308,0.3206971287727356
42,C2,1683,0.268593966960907,0.34818682074546814
42,C2,1684,0.20923036336898804,0.2865484058856964
42,C2,1685,0.21890094876289368,0.277029424905777
42,C2,1686,0.23466405272483826,0.3027534484863281
42,C2,1687,0.28382211923599243,0.3702354431152344
42,C2,1688,0.20184947550296783,0.26123836636543274
42,C2,1689,0.21761175990104675,0.29720455408096313
42,C2,1690,0.19856144487857819,0.2740148901939392
42,C2,1691,0.19450464844703674,0.2673038840293884
42,C2,1692,0.15760934352874756,0.21302899718284607
42,C2,1693,0.25412869453430176,0.3276914358139038
42,C2,1694,0.27401062846183777,0.35587573051452637
42,C2,1695,0.2761809825897217,0.3497235178947449
42,C2,1696,0.23301009833812714,0.31226518750190735
42,C2,1697,0.2213669717311859,0.2799549996852875
42,C2,1698,0.1974174976348877,0.29832762479782104
42,C2,1699,0.2302049994468689,0.3018389940261841
42,C2,1700,0.21210148930549622,0.2959805130958557
42,C2,1701,0.18784663081169128,0.2644078731536865
42,C2,1702,0.21547101438045502,0.27660149335861206
42,C2,1703,0.1589614748954773,0.2210489958524704
42,C2,1704,0.24261754751205444,0.31720593571662903
42,C2,1705,0.23114651441574097,0.30570197105407715
42,C2,1706,0.22444790601730347,0.2956656515598297
42,C2,1707,0.19745495915412903,0.2779921293258667
42,C2,1708,0.237248033285141,0.31430184841156006
42,C2,1709,0.2224484384059906,0.2990517020225525
42,C2,1710,0.19501915574073792,0.27651017904281616
42,C2,1711,0.2634563446044922,0.35754749178886414
42,C2,1712,0.21243920922279358,0.2931409776210785
42,C2,1713,0.21573534607887268,0.2952078580856323
42,C2,1714,0.2289142608642578,0.3120192289352417
42,C2,1715,0.19792619347572327,0.2881126403808594
42,C2,1716,0.2815362513065338,0.378909170627594
42,C2,1717,0.2570168972015381,0.33308541774749756
42,C2,1718,0.16857533156871796,0.2296873927116394
42,C2,1719,0.14620521664619446,0.19532537460327148
42,C2,1720,0.2535601258277893,0.31931596994400024
42,C2,1721,0.22357620298862457,0.31170567870140076
42,C2,1722,0.22620932757854462,0.30699336528778076
42,C2,1723,0.15650418400764465,0.216249480843544
42,C2,1724,0.1896355301141739,0.26048001646995544
42,C2,1725,0.2651657462120056,0.3453281819820404
42,C2,1726,0.237381711602211,0.29554641246795654
42,C2,1727,0.23318584263324738,0.30588749051094055
42,C2,1728,0.24900595843791962,0.3293359577655792
42,C2,1729,0.25689759850502014,0.3335322439670563
42,C2,1730,0.26481759548187256,0.33983394503593445
42,C2,1731,0.2158421277999878,0.30247241258621216
42,C2,1732,0.21600794792175293,0.2888515591621399
42,C2,1733,0.23698168992996216,0.31390973925590515
42,C2,1734,0.22100093960762024,0.29837700724601746
42,C2,1735,0.23320487141609192,0.3131527602672577
42,C2,1736,0.22972533106803894,0.31316784024238586
42,C2,1737,0.21809175610542297,0.2962047755718231
42,C2,1738,0.23638290166854858,0.30885082483291626
42,C2,1739,0.22899676859378815,0.30682042241096497
42,C2,1740,0.22377222776412964,0.2927890121936798
42,C2,1741,0.23033425211906433,0.29535111784935
42,C2,1742,0.22121721506118774,0.2950711250305176
42,C2,1743,0.24650681018829346,0.31109511852264404
42,C2,1744,0.20080241560935974,0.27323904633522034
42,C2,1745,0.2272011637687683,0.316697359085083
42,C2,1746,0.15290652215480804,0.22271451354026794
42,C2,1747,0.27033859491348267,0.34135839343070984
42,C2,1748,0.2211950123310089,0.2944667637348175
42,C2,1749,0.2915152311325073,0.36624759435653687
42,C2,1750,0.2591148316860199,0.3451782166957855
42,C2,1751,0.24293887615203857,0.317710816860199
42,C2,1752,0.19077935814857483,0.2672988474369049
42,C2,1753,0.2646085023880005,0.35575568675994873
42,C2,1754,0.23509114980697632,0.31728532910346985
42,C2,1755,0.18282437324523926,0.25373947620391846
42,C2,1756,0.2222941517829895,0.2857687175273895
42,C2,1757,0.21548715233802795,0.26953426003456116
42,C2,1758,0.23031896352767944,0.32043471932411194
42,C2,1759,0.20000596344470978,0.31436386704444885
42,C2,1760,0.2676798105239868,0.336239755153656
42,C2,1761,0.2547597587108612,0.3188655376434326
42,C2,1762,0.2485511749982834,0.340633749961853
42,C2,1763,0.24327456951141357,0.32303357124328613
42,C2,1764,0.26334333419799805,0.34293127059936523
42,C2,1765,0.23589463531970978,0.31324997544288635
42,C2,1766,0.22934600710868835,0.3011310398578644
42,C2,1767,0.24218890070915222,0.29681938886642456
42,C2,1768,0.2405078113079071,0.3285314440727234
42,C2,1769,0.22039790451526642,0.321805864572525
42,C2,1770,0.2104979008436203,0.27512127161026
42,C2,1771,0.2629750967025757,0.3300881087779999
42,C2,1772,0.24729013442993164,0.30943140387535095
42,C2,1773,0.21970359981060028,0.28224366903305054
42,C2,1774,0.19710400700569153,0.26184576749801636
42,C2,1775,0.24546709656715393,0.3249437212944031
42,C2,1776,0.18695664405822754,0.26340165734291077
42,C2,1777,0.20470765233039856,0.2802860736846924
42,C2,1778,0.2111007571220398,0.2894086241722107
42,C2,1779,0.2611789107322693,0.34718021750450134
42,C2,1780,0.2804914116859436,0.3748961389064789
42,C2,1781,0.2521265149116516,0.34151482582092285
42,C2,1782,0.24326622486114502,0.3124738931655884
42,C2,1783,0.21120092272758484,0.2782537043094635
42,C2,1784,0.19965417683124542,0.2738637924194336
42,C2,1785,0.23666509985923767,0.305663526058197
42,C2,1786,0.2876719534397125,0.3690955340862274
42,C2,1787,0.25182288885116577,0.3317575454711914
42,C2,1788,0.21515557169914246,0.27273520827293396
42,C2,1789,0.1971866488456726,0.2560795843601227
42,C2,1790,0.3337898850440979,0.43408769369125366
42,C2,1791,0.1991572380065918,0.25699687004089355
42,C2,1792,0.17815124988555908,0.2432953119277954
42,C2,1793,0.2506374716758728,0.3169960677623749
42,C2,1794,0.26125070452690125,0.3353264033794403
42,C2,1795,0.24174588918685913,0.309276282787323
42,C2,1796,0.20528757572174072,0.2668280601501465
42,C2,1797,0.1991332471370697,0.2791827321052551
42,C2,1798,0.18561899662017822,0.25327596068382263
42,C2,1799,0.23382222652435303,0.3038908839225769
42,C2,1800,0.2589602470397949,0.33264362812042236
42,C2,1801,0.19626709818840027,0.2843247354030609
42,C2,1802,0.20654958486557007,0.28954654932022095
42,C2,1803,0.21625712513923645,0.30500584840774536
42,C2,1804,0.2251805067062378,0.31916341185569763
42,C2,1805,0.20857775211334229,0.26225581765174866
42,C2,1806,0.263153076171875,0.344544380903244
42,C2,1807,0.24096891283988953,0.31488654017448425
42,C2,1808,0.1972678005695343,0.2871105372905731
42,C2,1809,0.2413184940814972,0.3173688054084778
42,C2,1810,0.26388880610466003,0.34723320603370667
42,C2,1811,0.24079255759716034,0.33067625761032104
42,C2,1812,0.21547342836856842,0.2762566804885864
42,C2,1813,0.22243162989616394,0.284909188747406
42,C2,1814,0.2625286877155304,0.3517933189868927
42,C2,1815,0.19641512632369995,0.2631235718727112
42,C2,1816,0.2166387438774109,0.2841549515724182
42,C2,1817,0.2090214341878891,0.2754790782928467
42,C2,1818,0.20372715592384338,0.28383928537368774
42,C2,1819,0.20228613913059235,0.2575981020927429
42,C2,1820,0.19985580444335938,0.28136828541755676
42,C2,1821,0.3059031367301941,0.37971389293670654
42,C2,1822,0.2200474739074707,0.30605119466781616
42,C2,1823,0.19455695152282715,0.2764672040939331
42,C2,1824,0.24143534898757935,0.3323957622051239
42,C2,1825,0.24670551717281342,0.3296269178390503
42,C2,1826,0.17731472849845886,0.22834761440753937
42,C2,1827,0.29695409536361694,0.3762405812740326
42,C2,1828,0.15014183521270752,0.20715458691120148
42,C2,1829,0.2493957132101059,0.3275284767150879
42,C2,1830,0.21833351254463196,0.3049919009208679
42,C2,1831,0.20949169993400574,0.27866679430007935
42,C2,1832,0.1804102659225464,0.24553564190864563
42,C2,1833,0.16083452105522156,0.2164260298013687
42,C2,1834,0.25462669134140015,0.33443963527679443
42,C2,1835,0.22295239567756653,0.28050076961517334
42,C2,1836,0.28983068466186523,0.37983325123786926
42,C2,1837,0.23903615772724152,0.2982635498046875
42,C2,1838,0.24264179170131683,0.3150136470794678
42,C2,1839,0.23470114171504974,0.31171542406082153
42,C2,1840,0.2254181206226349,0.3117133677005768
42,C2,1841,0.2206439971923828,0.29600241780281067
42,C2,1842,0.21551352739334106,0.3017200231552124
42,C2,1843,0.2480842024087906,0.31407812237739563
42,C2,1844,0.28803443908691406,0.36206579208374023
42,C2,1845,0.20737287402153015,0.2917290925979614
42,C2,1846,0.22095367312431335,0.3094889521598816
42,C2,1847,0.26237690448760986,0.3325877785682678
42,C2,1848,0.3048638105392456,0.3898477852344513
42,C2,1849,0.263796329498291,0.34139731526374817
42,C2,1850,0.17079861462116241,0.2517630457878113
42,C2,1851,0.241424560546875,0.33276844024658203
42,C2,1852,0.2631157338619232,0.3506695032119751
42,C2,1853,0.2178366780281067,0.29613572359085083
42,C2,1854,0.21830777823925018,0.2996484935283661
42,C2,1855,0.18250204622745514,0.25261735916137695
42,C2,1856,0.21203681826591492,0.28198692202568054
42,C2,1857,0.18548664450645447,0.25662922859191895
42,C2,1858,0.1892642080783844,0.2730258107185364
42,C2,1859,0.21295960247516632,0.26978233456611633
42,C2,1860,0.2587796747684479,0.3358440399169922
42,C2,1861,0.23542191088199615,0.3042672872543335
42,C2,1862,0.23180559277534485,0.3130987584590912
42,C2,1863,0.29447945952415466,0.3650432825088501
42,C2,1864,0.18962915241718292,0.289366215467453
42,C2,1865,0.21151168644428253,0.27695953845977783
42,C2,1866,0.2940199673175812,0.3668850362300873
42,C2,1867,0.2610490322113037,0.34828805923461914
42,C2,1868,0.20542879402637482,0.27863144874572754
42,C2,1869,0.18286441266536713,0.25207632780075073
42,C2,1870,0.19310981035232544,0.27037596702575684
42,C2,1871,0.23654690384864807,0.32955309748649597
42,C2,1872,0.2087617814540863,0.27681049704551697
42,C2,1873,0.20982468128204346,0.2997140884399414
42,C2,1874,0.32652556896209717,0.4092801809310913
42,C2,1875,0.3153712749481201,0.39803817868232727
42,C2,1876,0.28781658411026,0.35926103591918945
42,C2,1877,0.21134796738624573,0.30122190713882446
42,C2,1878,0.20870733261108398,0.2797127962112427
42,C2,1879,0.1960832178592682,0.2698315680027008
42,C2,1880,0.23963145911693573,0.3053808808326721
42,C2,1881,0.20637626945972443,0.2742210626602173
42,C2,1882,0.1788863241672516,0.24886132776737213
42,C2,1883,0.22545237839221954,0.303489089012146
42,C2,1884,0.1976948231458664,0.26384595036506653
42,C2,1885,0.21283568441867828,0.2971660792827606
42,C2,1886,0.17930817604064941,0.241296648979187
42,C2,1887,0.20064951479434967,0.2773476839065552
42,C2,1888,0.18371276557445526,0.24801039695739746
42,C2,1889,0.23774297535419464,0.3063613474369049
42,C2,1890,0.2405482530593872,0.329429566860199
42,C2,1891,0.23305147886276245,0.2895808219909668
42,C2,1892,0.22049495577812195,0.28891855478286743
42,C2,1893,0.2431550920009613,0.32723861932754517
42,C2,1894,0.24518746137619019,0.3168586492538452
42,C2,1895,0.20072966814041138,0.2939088046550751
42,C2,1896,0.22121277451515198,0.30573493242263794
42,C2,1897,0.1951192319393158,0.26398926973342896
42,C2,1898,0.2635948061943054,0.3398425877094269
42,C2,1899,0.2384859323501587,0.3040016293525696
42,C2,1900,0.2205376923084259,0.2920200526714325
42,C2,1901,0.22621747851371765,0.2955405116081238
42,C2,1902,0.20638613402843475,0.26940345764160156
42,C2,1903,0.22568635642528534,0.30096152424812317
42,C2,1904,0.21662725508213043,0.2690383791923523
42,C2,1905,0.2662002444267273,0.3508870005607605
42,C2,1906,0.2697238624095917,0.3491337299346924
42,C2,1907,0.24944645166397095,0.31709325313568115
42,C2,1908,0.21217288076877594,0.30074045062065125
42,C2,1909,0.19578705728054047,0.28527018427848816
42,C2,1910,0.23667389154434204,0.3138362765312195
42,C2,1911,0.182377427816391,0.2534826993942261
42,C2,1912,0.18463540077209473,0.2505868673324585
42,C2,1913,0.21167567372322083,0.28198397159576416
42,C2,1914,0.17802095413208008,0.24851974844932556
42,C2,1915,0.28109312057495117,0.3659086227416992
42,C2,1916,0.2844313085079193,0.3723335862159729
42,C2,1917,0.21714559197425842,0.2938140034675598
42,C2,1918,0.22061342000961304,0.3195887506008148
42,C2,1919,0.14759357273578644,0.22417208552360535
42,C2,1920,0.26265132427215576,0.33195382356643677
42,C2,1921,0.20877014100551605,0.2845395803451538
42,C2,1922,0.2531626224517822,0.3557686507701874
42,C2,1923,0.23622925579547882,0.31938791275024414
42,C2,1924,0.2384977638721466,0.3090072274208069
42,C2,1925,0.17786332964897156,0.2427416890859604
42,C2,1926,0.18393529951572418,0.26612862944602966
42,C2,1927,0.2665175795555115,0.34140491485595703
42,C2,1928,0.22901059687137604,0.2996057868003845
42,C2,1929,0.25542205572128296,0.32524681091308594
42,C2,1930,0.23634032905101776,0.29944688081741333
42,C2,1931,0.24273434281349182,0.3280640244483948
42,C2,1932,0.24645119905471802,0.3152998983860016
42,C2,1933,0.16219395399093628,0.2269318848848343
42,C2,1934,0.24493145942687988,0.31839653849601746
42,C2,1935,0.24476592242717743,0.3199339210987091
42,C2,1936,0.23099112510681152,0.3208792507648468
42,C2,1937,0.26714593172073364,0.34749525785446167
42,C2,1938,0.20405396819114685,0.28095218539237976
42,C2,1939,0.2615651488304138,0.3306138217449188
42,C2,1940,0.19302737712860107,0.2696341872215271
42,C2,1941,0.24713431298732758,0.3272973299026489
42,C2,1942,0.22619692981243134,0.2902522385120392
42,C2,1943,0.26643499732017517,0.3383895456790924
42,C2,1944,0.1990276724100113,0.27289879322052
42,C2,1945,0.2793405055999756,0.3563038110733032
42,C2,1946,0.21586334705352783,0.2943304181098938
42,C2,1947,0.21368087828159332,0.29173988103866577
42,C2,1948,0.2224099487066269,0.30100539326667786
42,C2,1949,0.2394503653049469,0.31953564286231995
42,C2,1950,0.23185352981090546,0.3076108396053314
42,C2,1951,0.24672767519950867,0.32438552379608154
42,C2,1952,0.2652161717414856,0.33653393387794495
42,C2,1953,0.2075483649969101,0.30418503284454346
42,C2,1954,0.2794994115829468,0.37617361545562744
42,C2,1955,0.1271113157272339,0.18972206115722656
42,C2,1956,0.24129004776477814,0.3052990436553955
42,C2,1957,0.21717232465744019,0.28890475630760193
42,C2,1958,0.2685665190219879,0.3317078948020935
42,C2,1959,0.2273804247379303,0.28904640674591064
42,C2,1960,0.20398500561714172,0.29149773716926575
42,C2,1961,0.22273343801498413,0.2770400941371918
42,C2,1962,0.2774389982223511,0.3481868803501129
42,C2,1963,0.24545994400978088,0.3140574097633362
42,C2,1964,0.19177371263504028,0.26600751280784607
42,C2,1965,0.18137265741825104,0.2819027602672577
42,C2,1966,0.18591877818107605,0.24490727484226227
42,C2,1967,0.24403567612171173,0.29798391461372375
42,C2,1968,0.23552681505680084,0.2992599606513977
42,C2,1969,0.22548529505729675,0.2946089506149292
42,C2,1970,0.21538782119750977,0.30893462896347046
42,C2,1971,0.21508097648620605,0.29916486144065857
42,C2,1972,0.22167155146598816,0.30812180042266846
42,C2,1973,0.2484995722770691,0.3214680552482605
42,C2,1974,0.29680725932121277,0.37339481711387634
42,C2,1975,0.19820080697536469,0.29107165336608887
42,C2,1976,0.1959543228149414,0.2845269441604614
42,C2,1977,0.2128882259130478,0.2986471652984619
42,C2,1978,0.2517990469932556,0.3396329879760742
42,C2,1979,0.22869840264320374,0.32021602988243103
42,C2,1980,0.18451103568077087,0.2469911277294159
42,C2,1981,0.21027772128582,0.3160742521286011
42,C2,1982,0.24338680505752563,0.31425005197525024
42,C2,1983,0.22179710865020752,0.3071255683898926
42,C2,1984,0.23070161044597626,0.2997700273990631
42,C2,1985,0.23385001718997955,0.3048308193683624
42,C2,1986,0.23149433732032776,0.291332483291626
42,C2,1987,0.26556673645973206,0.34305840730667114
42,C2,1988,0.23686766624450684,0.31631553173065186
42,C2,1989,0.25964802503585815,0.3481665551662445
42,C2,1990,0.25098520517349243,0.3308711051940918
42,C2,1991,0.24856135249137878,0.3237767815589905
42,C2,1992,0.2698802947998047,0.34406158328056335
42,C2,1993,0.25840625166893005,0.33622997999191284
42,C2,1994,0.2561594843864441,0.3522006869316101
42,C2,1995,0.29340532422065735,0.37953513860702515
42,C2,1996,0.27683138847351074,0.35352522134780884
42,C2,1997,0.21686667203903198,0.28867045044898987
42,C2,1998,0.3004388213157654,0.3901461362838745
42,C2,1999,0.23200440406799316,0.30498751997947693
42,C2,2000,0.2248949408531189,0.3121227025985718
2026,C0,1,0.43534061312675476,0.43534061312675476
2026,C0,2,0.40412232279777527,0.40412232279777527
2026,C0,3,0.3663424849510193,0.3663424849510193
2026,C0,4,0.3570427894592285,0.3570427894592285
2026,C0,5,0.3078277111053467,0.3078277111053467
2026,C0,6,0.3454318046569824,0.3454318046569824
2026,C0,7,0.3586045205593109,0.3586045205593109
2026,C0,8,0.3565177321434021,0.3565177321434021
2026,C0,9,0.34990644454956055,0.34990644454956055
2026,C0,10,0.2978515923023224,0.2978515923023224
2026,C0,11,0.2777538299560547,0.2777538299560547
2026,C0,12,0.2878895401954651,0.2878895401954651
2026,C0,13,0.3292663097381592,0.3292663097381592
2026,C0,14,0.28235822916030884,0.28235822916030884
2026,C0,15,0.3255142569541931,0.3255142569541931
2026,C0,16,0.3201855421066284,0.3201855421066284
2026,C0,17,0.34687983989715576,0.34687983989715576
2026,C0,18,0.2881236672401428,0.2881236672401428
2026,C0,19,0.29779744148254395,0.29779744148254395
2026,C0,20,0.29802533984184265,0.29802533984184265
2026,C0,21,0.2712703347206116,0.2712703347206116
2026,C0,22,0.2743184268474579,0.2743184268474579
2026,C0,23,0.3420643210411072,0.3420643210411072
2026,C0,24,0.37695419788360596,0.37695419788360596
2026,C0,25,0.3459622859954834,0.3459622859954834
2026,C0,26,0.3312090337276459,0.3312090337276459
2026,C0,27,0.34842291474342346,0.34842291474342346
2026,C0,28,0.31256476044654846,0.31256476044654846
2026,C0,29,0.3602248430252075,0.3602248430252075
2026,C0,30,0.34334421157836914,0.34334421157836914
2026,C0,31,0.2976640462875366,0.2976640462875366
2026,C0,32,0.27358826994895935,0.27358826994895935
2026,C0,33,0.31892159581184387,0.31892159581184387
2026,C0,34,0.3708280324935913,0.3708280324935913
2026,C0,35,0.2949201166629791,0.2949201166629791
2026,C0,36,0.24886831641197205,0.24886831641197205
2026,C0,37,0.2673647999763489,0.2673647999763489
2026,C0,38,0.3436572253704071,0.3436572253704071
2026,C0,39,0.3298335373401642,0.3298335373401642
2026,C0,40,0.33768364787101746,0.33768364787101746
2026,C0,41,0.3289499878883362,0.3289499878883362
2026,C0,42,0.3366943597793579,0.3366943597793579
2026,C0,43,0.28765764832496643,0.28765764832496643
2026,C0,44,0.25735417008399963,0.25735417008399963
2026,C0,45,0.2974991798400879,0.2974991798400879
2026,C0,46,0.2650926113128662,0.2650926113128662
2026,C0,47,0.36743390560150146,0.36743390560150146
2026,C0,48,0.30554449558258057,0.30554449558258057
2026,C0,49,0.2897756099700928,0.2897756099700928
2026,C0,50,0.24043595790863037,0.24043595790863037
2026,C0,51,0.2718745470046997,0.2718745470046997
2026,C0,52,0.3210185766220093,0.3210185766220093
2026,C0,53,0.2533358633518219,0.2533358633518219
2026,C0,54,0.3367319703102112,0.3367319703102112
2026,C0,55,0.35594695806503296,0.35594695806503296
2026,C0,56,0.2486475557088852,0.2486475557088852
2026,C0,57,0.29129427671432495,0.29129427671432495
2026,C0,58,0.2664639353752136,0.2664639353752136
2026,C0,59,0.28388190269470215,0.28388190269470215
2026,C0,60,0.25083237886428833,0.25083237886428833
2026,C0,61,0.3396682143211365,0.3396682143211365
2026,C0,62,0.2753413915634155,0.2753413915634155
2026,C0,63,0.29654955863952637,0.29654955863952637
2026,C0,64,0.29186728596687317,0.29186728596687317
2026,C0,65,0.24109026789665222,0.24109026789665222
2026,C0,66,0.2931860089302063,0.2931860089302063
2026,C0,67,0.35461604595184326,0.35461604595184326
2026,C0,68,0.28043147921562195,0.28043147921562195
2026,C0,69,0.2530324459075928,0.2530324459075928
2026,C0,70,0.2838824391365051,0.2838824391365051
2026,C0,71,0.26566043496131897,0.26566043496131897
2026,C0,72,0.2675400376319885,0.2675400376319885
2026,C0,73,0.22365802526474,0.22365802526474
2026,C0,74,0.26760613918304443,0.26760613918304443
2026,C0,75,0.25538063049316406,0.25538063049316406
2026,C0,76,0.3614586591720581,0.3614586591720581
2026,C0,77,0.29479366540908813,0.29479366540908813
2026,C0,78,0.3093492388725281,0.3093492388725281
2026,C0,79,0.27089715003967285,0.27089715003967285
2026,C0,80,0.21032065153121948,0.21032065153121948
2026,C0,81,0.2761417031288147,0.2761417031288147
2026,C0,82,0.286190927028656,0.286190927028656
2026,C0,83,0.2745073139667511,0.2745073139667511
2026,C0,84,0.2588637173175812,0.2588637173175812
2026,C0,85,0.24140024185180664,0.24140024185180664
2026,C0,86,0.2585696578025818,0.2585696578025818
2026,C0,87,0.35976195335388184,0.35976195335388184
2026,C0,88,0.2263820618391037,0.2263820618391037
2026,C0,89,0.2626107335090637,0.2626107335090637
2026,C0,90,0.21222862601280212,0.21222862601280212
2026,C0,91,0.2920060157775879,0.2920060157775879
2026,C0,92,0.2429707646369934,0.2429707646369934
2026,C0,93,0.2567926049232483,0.2567926049232483
2026,C0,94,0.26766711473464966,0.26766711473464966
2026,C0,95,0.34087997674942017,0.34087997674942017
2026,C0,96,0.3549633026123047,0.3549633026123047
2026,C0,97,0.26336660981178284,0.26336660981178284
2026,C0,98,0.24157920479774475,0.24157920479774475
2026,C0,99,0.2586366534233093,0.2586366534233093
2026,C0,100,0.32679420709609985,0.32679420709609985
2026,C0,101,0.29014742374420166,0.29014742374420166
2026,C0,102,0.22200505435466766,0.22200505435466766
2026,C0,103,0.2952222228050232,0.2952222228050232
2026,C0,104,0.26464104652404785,0.26464104652404785
2026,C0,105,0.3629327714443207,0.3629327714443207
2026,C0,106,0.2591363489627838,0.2591363489627838
2026,C0,107,0.25125616788864136,0.25125616788864136
2026,C0,108,0.22889143228530884,0.22889143228530884
2026,C0,109,0.28847330808639526,0.28847330808639526
2026,C0,110,0.2787286043167114,0.2787286043167114
2026,C0,111,0.2261512577533722,0.2261512577533722
2026,C0,112,0.2816317677497864,0.2816317677497864
2026,C0,113,0.24211224913597107,0.24211224913597107
2026,C0,114,0.3081554174423218,0.3081554174423218
2026,C0,115,0.32707852125167847,0.32707852125167847
2026,C0,116,0.3282216191291809,0.3282216191291809
2026,C0,117,0.24108409881591797,0.24108409881591797
2026,C0,118,0.2625301778316498,0.2625301778316498
2026,C0,119,0.2915080785751343,0.2915080785751343
2026,C0,120,0.22861230373382568,0.22861230373382568
2026,C0,121,0.24953778088092804,0.24953778088092804
2026,C0,122,0.2881930470466614,0.2881930470466614
2026,C0,123,0.3031102418899536,0.3031102418899536
2026,C0,124,0.227997288107872,0.227997288107872
2026,C0,125,0.303041934967041,0.303041934967041
2026,C0,126,0.26508891582489014,0.26508891582489014
2026,C0,127,0.2173415720462799,0.2173415720462799
2026,C0,128,0.2521686255931854,0.2521686255931854
2026,C0,129,0.28966429829597473,0.28966429829597473
2026,C0,130,0.25374892354011536,0.25374892354011536
2026,C0,131,0.314766526222229,0.314766526222229
2026,C0,132,0.3184582591056824,0.3184582591056824
2026,C0,133,0.24423913657665253,0.24423913657665253
2026,C0,134,0.26845183968544006,0.26845183968544006
2026,C0,135,0.24248410761356354,0.24248410761356354
2026,C0,136,0.38203391432762146,0.38203391432762146
2026,C0,137,0.26236486434936523,0.26236486434936523
2026,C0,138,0.29099977016448975,0.29099977016448975
2026,C0,139,0.27257779240608215,0.27257779240608215
2026,C0,140,0.19936959445476532,0.19936959445476532
2026,C0,141,0.2747681140899658,0.2747681140899658
2026,C0,142,0.25621336698532104,0.25621336698532104
2026,C0,143,0.3242212235927582,0.3242212235927582
2026,C0,144,0.30074357986450195,0.30074357986450195
2026,C0,145,0.30577582120895386,0.30577582120895386
2026,C0,146,0.28948861360549927,0.28948861360549927
2026,C0,147,0.2497728168964386,0.2497728168964386
2026,C0,148,0.30064016580581665,0.30064016580581665
2026,C0,149,0.2520885169506073,0.2520885169506073
2026,C0,150,0.27005964517593384,0.27005964517593384
2026,C0,151,0.34675708413124084,0.34675708413124084
2026,C0,152,0.3092944324016571,0.3092944324016571
2026,C0,153,0.23039868474006653,0.23039868474006653
2026,C0,154,0.22365610301494598,0.22365610301494598
2026,C0,155,0.32273855805397034,0.32273855805397034
2026,C0,156,0.27753517031669617,0.27753517031669617
2026,C0,157,0.24836310744285583,0.24836310744285583
2026,C0,158,0.2837233245372772,0.2837233245372772
2026,C0,159,0.27148786187171936,0.27148786187171936
2026,C0,160,0.2544455826282501,0.2544455826282501
2026,C0,161,0.24001312255859375,0.24001312255859375
2026,C0,162,0.31413865089416504,0.31413865089416504
2026,C0,163,0.252224326133728,0.252224326133728
2026,C0,164,0.2363693118095398,0.2363693118095398
2026,C0,165,0.23619122803211212,0.23619122803211212
2026,C0,166,0.23005303740501404,0.23005303740501404
2026,C0,167,0.28070810437202454,0.28070810437202454
2026,C0,168,0.20973262190818787,0.20973262190818787
2026,C0,169,0.2765752673149109,0.2765752673149109
2026,C0,170,0.2419373095035553,0.2419373095035553
2026,C0,171,0.26643872261047363,0.26643872261047363
2026,C0,172,0.26970723271369934,0.26970723271369934
2026,C0,173,0.23483429849147797,0.23483429849147797
2026,C0,174,0.21312624216079712,0.21312624216079712
2026,C0,175,0.23326851427555084,0.23326851427555084
2026,C0,176,0.31491342186927795,0.31491342186927795
2026,C0,177,0.2960224449634552,0.2960224449634552
2026,C0,178,0.343521386384964,0.343521386384964
2026,C0,179,0.2639133334159851,0.2639133334159851
2026,C0,180,0.269555926322937,0.269555926322937
2026,C0,181,0.2588501572608948,0.2588501572608948
2026,C0,182,0.20249292254447937,0.20249292254447937
2026,C0,183,0.2643507122993469,0.2643507122993469
2026,C0,184,0.3012259602546692,0.3012259602546692
2026,C0,185,0.30246514081954956,0.30246514081954956
2026,C0,186,0.22353847324848175,0.22353847324848175
2026,C0,187,0.23619362711906433,0.23619362711906433
2026,C0,188,0.24710558354854584,0.24710558354854584
2026,C0,189,0.3144317865371704,0.3144317865371704
2026,C0,190,0.26931333541870117,0.26931333541870117
2026,C0,191,0.28842324018478394,0.28842324018478394
2026,C0,192,0.29682064056396484,0.29682064056396484
2026,C0,193,0.2456333041191101,0.2456333041191101
2026,C0,194,0.2345350682735443,0.2345350682735443
2026,C0,195,0.23730552196502686,0.23730552196502686
2026,C0,196,0.26527196168899536,0.26527196168899536
2026,C0,197,0.200800359249115,0.200800359249115
2026,C0,198,0.2990778982639313,0.2990778982639313
2026,C0,199,0.2311020791530609,0.2311020791530609
2026,C0,200,0.2899375855922699,0.2899375855922699
2026,C0,201,0.21333418786525726,0.21333418786525726
2026,C0,202,0.2605810761451721,0.2605810761451721
2026,C0,203,0.31949713826179504,0.31949713826179504
2026,C0,204,0.30039942264556885,0.30039942264556885
2026,C0,205,0.2648090124130249,0.2648090124130249
2026,C0,206,0.3110160827636719,0.3110160827636719
2026,C0,207,0.19232356548309326,0.19232356548309326
2026,C0,208,0.1906096339225769,0.1906096339225769
2026,C0,209,0.22598738968372345,0.22598738968372345
2026,C0,210,0.23926353454589844,0.23926353454589844
2026,C0,211,0.22432160377502441,0.22432160377502441
2026,C0,212,0.2698286175727844,0.2698286175727844
2026,C0,213,0.24055510759353638,0.24055510759353638
2026,C0,214,0.27444589138031006,0.27444589138031006
2026,C0,215,0.2655557096004486,0.2655557096004486
2026,C0,216,0.2023792862892151,0.2023792862892151
2026,C0,217,0.2874222993850708,0.2874222993850708
2026,C0,218,0.26982545852661133,0.26982545852661133
2026,C0,219,0.2812991738319397,0.2812991738319397
2026,C0,220,0.21724653244018555,0.21724653244018555
2026,C0,221,0.23623964190483093,0.23623964190483093
2026,C0,222,0.30548331141471863,0.30548331141471863
2026,C0,223,0.2765093147754669,0.2765093147754669
2026,C0,224,0.31458497047424316,0.31458497047424316
2026,C0,225,0.23778292536735535,0.23778292536735535
2026,C0,226,0.2356029897928238,0.2356029897928238
2026,C0,227,0.2487953007221222,0.2487953007221222
2026,C0,228,0.24872229993343353,0.24872229993343353
2026,C0,229,0.3363664150238037,0.3363664150238037
2026,C0,230,0.23718342185020447,0.23718342185020447
2026,C0,231,0.24904972314834595,0.24904972314834595
2026,C0,232,0.2431577742099762,0.2431577742099762
2026,C0,233,0.3047226667404175,0.3047226667404175
2026,C0,234,0.31735390424728394,0.31735390424728394
2026,C0,235,0.2522609233856201,0.2522609233856201
2026,C0,236,0.2416178435087204,0.2416178435087204
2026,C0,237,0.27126914262771606,0.27126914262771606
2026,C0,238,0.29551151394844055,0.29551151394844055
2026,C0,239,0.26674455404281616,0.26674455404281616
2026,C0,240,0.20939749479293823,0.20939749479293823
2026,C0,241,0.27413472533226013,0.27413472533226013
2026,C0,242,0.24320174753665924,0.24320174753665924
2026,C0,243,0.28625136613845825,0.28625136613845825
2026,C0,244,0.2710071802139282,0.2710071802139282
2026,C0,245,0.2333465963602066,0.2333465963602066
2026,C0,246,0.1979120671749115,0.1979120671749115
2026,C0,247,0.2568138837814331,0.2568138837814331
2026,C0,248,0.28322845697402954,0.28322845697402954
2026,C0,249,0.20473966002464294,0.20473966002464294
2026,C0,250,0.2652404308319092,0.2652404308319092
2026,C0,251,0.24788498878479004,0.24788498878479004
2026,C0,252,0.21941068768501282,0.21941068768501282
2026,C0,253,0.3096082806587219,0.3096082806587219
2026,C0,254,0.24534763395786285,0.24534763395786285
2026,C0,255,0.2678207755088806,0.2678207755088806
2026,C0,256,0.22003966569900513,0.22003966569900513
2026,C0,257,0.23155999183654785,0.23155999183654785
2026,C0,258,0.2694385051727295,0.2694385051727295
2026,C0,259,0.2777966260910034,0.2777966260910034
2026,C0,260,0.2507088780403137,0.2507088780403137
2026,C0,261,0.27957701683044434,0.27957701683044434
2026,C0,262,0.3111405372619629,0.3111405372619629
2026,C0,263,0.30086052417755127,0.30086052417755127
2026,C0,264,0.19067564606666565,0.19067564606666565
2026,C0,265,0.1955285668373108,0.1955285668373108
2026,C0,266,0.2592310905456543,0.2592310905456543
2026,C0,267,0.30730342864990234,0.30730342864990234
2026,C0,268,0.24160432815551758,0.24160432815551758
2026,C0,269,0.2552174925804138,0.2552174925804138
2026,C0,270,0.2081519514322281,0.2081519514322281
2026,C0,271,0.1925901472568512,0.1925901472568512
2026,C0,272,0.23126468062400818,0.23126468062400818
2026,C0,273,0.22381190955638885,0.22381190955638885
2026,C0,274,0.32621461153030396,0.32621461153030396
2026,C0,275,0.22478806972503662,0.22478806972503662
2026,C0,276,0.2839230000972748,0.2839230000972748
2026,C0,277,0.22362080216407776,0.22362080216407776
2026,C0,278,0.26731231808662415,0.26731231808662415
2026,C0,279,0.2857746183872223,0.2857746183872223
2026,C0,280,0.25091618299484253,0.25091618299484253
2026,C0,281,0.2546355724334717,0.2546355724334717
2026,C0,282,0.3492974042892456,0.3492974042892456
2026,C0,283,0.32675713300704956,0.32675713300704956
2026,C0,284,0.25737714767456055,0.25737714767456055
2026,C0,285,0.25456276535987854,0.25456276535987854
2026,C0,286,0.29174113273620605,0.29174113273620605
2026,C0,287,0.22437545657157898,0.22437545657157898
2026,C0,288,0.2180728316307068,0.2180728316307068
2026,C0,289,0.28395208716392517,0.28395208716392517
2026,C0,290,0.3195137679576874,0.3195137679576874
2026,C0,291,0.2731482982635498,0.2731482982635498
2026,C0,292,0.31055110692977905,0.31055110692977905
2026,C0,293,0.26968294382095337,0.26968294382095337
2026,C0,294,0.2931962311267853,0.2931962311267853
2026,C0,295,0.2718239724636078,0.2718239724636078
2026,C0,296,0.20422978699207306,0.20422978699207306
2026,C0,297,0.2907939553260803,0.2907939553260803
2026,C0,298,0.25155937671661377,0.25155937671661377
2026,C0,299,0.25042110681533813,0.25042110681533813
2026,C0,300,0.2886773347854614,0.2886773347854614
2026,C0,301,0.300666481256485,0.300666481256485
2026,C0,302,0.21724122762680054,0.21724122762680054
2026,C0,303,0.21735402941703796,0.21735402941703796
2026,C0,304,0.22637508809566498,0.22637508809566498
2026,C0,305,0.2606775760650635,0.2606775760650635
2026,C0,306,0.2522611618041992,0.2522611618041992
2026,C0,307,0.26919203996658325,0.26919203996658325
2026,C0,308,0.3026313781738281,0.3026313781738281
2026,C0,309,0.27960968017578125,0.27960968017578125
2026,C0,310,0.25877031683921814,0.25877031683921814
2026,C0,311,0.2266981154680252,0.2266981154680252
2026,C0,312,0.30145263671875,0.30145263671875
2026,C0,313,0.2731884717941284,0.2731884717941284
2026,C0,314,0.34913480281829834,0.34913480281829834
2026,C0,315,0.25240087509155273,0.25240087509155273
2026,C0,316,0.24794863164424896,0.24794863164424896
2026,C0,317,0.21843144297599792,0.21843144297599792
2026,C0,318,0.2655550241470337,0.2655550241470337
2026,C0,319,0.21795275807380676,0.21795275807380676
2026,C0,320,0.26444607973098755,0.26444607973098755
2026,C0,321,0.30731189250946045,0.30731189250946045
2026,C0,322,0.2232837677001953,0.2232837677001953
2026,C0,323,0.2618039846420288,0.2618039846420288
2026,C0,324,0.22228029370307922,0.22228029370307922
2026,C0,325,0.2919742465019226,0.2919742465019226
2026,C0,326,0.2056487500667572,0.2056487500667572
2026,C0,327,0.2184181809425354,0.2184181809425354
2026,C0,328,0.24506190419197083,0.24506190419197083
2026,C0,329,0.20330671966075897,0.20330671966075897
2026,C0,330,0.1933717131614685,0.1933717131614685
2026,C0,331,0.23188070952892303,0.23188070952892303
2026,C0,332,0.28073960542678833,0.28073960542678833
2026,C0,333,0.2332063764333725,0.2332063764333725
2026,C0,334,0.20900481939315796,0.20900481939315796
2026,C0,335,0.25518524646759033,0.25518524646759033
2026,C0,336,0.24899138510227203,0.24899138510227203
2026,C0,337,0.26940375566482544,0.26940375566482544
2026,C0,338,0.24487313628196716,0.24487313628196716
2026,C0,339,0.2681772708892822,0.2681772708892822
2026,C0,340,0.27106717228889465,0.27106717228889465
2026,C0,341,0.2516072690486908,0.2516072690486908
2026,C0,342,0.23486116528511047,0.23486116528511047
2026,C0,343,0.23016835749149323,0.23016835749149323
2026,C0,344,0.26096147298812866,0.26096147298812866
2026,C0,345,0.20709815621376038,0.20709815621376038
2026,C0,346,0.22735059261322021,0.22735059261322021
2026,C0,347,0.23274444043636322,0.23274444043636322
2026,C0,348,0.24972376227378845,0.24972376227378845
2026,C0,349,0.22216971218585968,0.22216971218585968
2026,C0,350,0.1839977204799652,0.1839977204799652
2026,C0,351,0.21606670320034027,0.21606670320034027
2026,C0,352,0.23982484638690948,0.23982484638690948
2026,C0,353,0.2604357600212097,0.2604357600212097
2026,C0,354,0.2412428855895996,0.2412428855895996
2026,C0,355,0.23425906896591187,0.23425906896591187
2026,C0,356,0.2851962149143219,0.2851962149143219
2026,C0,357,0.2896237373352051,0.2896237373352051
2026,C0,358,0.248110830783844,0.248110830783844
2026,C0,359,0.24402037262916565,0.24402037262916565
2026,C0,360,0.31123000383377075,0.31123000383377075
2026,C0,361,0.20318765938282013,0.20318765938282013
2026,C0,362,0.26869890093803406,0.26869890093803406
2026,C0,363,0.2467644065618515,0.2467644065618515
2026,C0,364,0.19356787204742432,0.19356787204742432
2026,C0,365,0.2574535012245178,0.2574535012245178
2026,C0,366,0.28999611735343933,0.28999611735343933
2026,C0,367,0.17963358759880066,0.17963358759880066
2026,C0,368,0.23252730071544647,0.23252730071544647
2026,C0,369,0.19609826803207397,0.19609826803207397
2026,C0,370,0.25726938247680664,0.25726938247680664
2026,C0,371,0.3027270436286926,0.3027270436286926
2026,C0,372,0.2835502326488495,0.2835502326488495
2026,C0,373,0.25844043493270874,0.25844043493270874
2026,C0,374,0.30042189359664917,0.30042189359664917
2026,C0,375,0.22231566905975342,0.22231566905975342
2026,C0,376,0.23347726464271545,0.23347726464271545
2026,C0,377,0.24343565106391907,0.24343565106391907
2026,C0,378,0.23169058561325073,0.23169058561325073
2026,C0,379,0.2909613847732544,0.2909613847732544
2026,C0,380,0.237329363822937,0.237329363822937
2026,C0,381,0.19312702119350433,0.19312702119350433
2026,C0,382,0.2524415850639343,0.2524415850639343
2026,C0,383,0.2586621940135956,0.2586621940135956
2026,C0,384,0.31229132413864136,0.31229132413864136
2026,C0,385,0.2352108210325241,0.2352108210325241
2026,C0,386,0.26533055305480957,0.26533055305480957
2026,C0,387,0.2687101364135742,0.2687101364135742
2026,C0,388,0.21733984351158142,0.21733984351158142
2026,C0,389,0.2841148376464844,0.2841148376464844
2026,C0,390,0.25003933906555176,0.25003933906555176
2026,C0,391,0.2615492343902588,0.2615492343902588
2026,C0,392,0.19043004512786865,0.19043004512786865
2026,C0,393,0.28955891728401184,0.28955891728401184
2026,C0,394,0.19493842124938965,0.19493842124938965
2026,C0,395,0.29048460721969604,0.29048460721969604
2026,C0,396,0.24284708499908447,0.24284708499908447
2026,C0,397,0.21734538674354553,0.21734538674354553
2026,C0,398,0.2705342173576355,0.2705342173576355
2026,C0,399,0.36477118730545044,0.36477118730545044
2026,C0,400,0.2559337913990021,0.2559337913990021
2026,C0,401,0.27742820978164673,0.27742820978164673
2026,C0,402,0.25432273745536804,0.25432273745536804
2026,C0,403,0.2582208514213562,0.2582208514213562
2026,C0,404,0.26453760266304016,0.26453760266304016
2026,C0,405,0.31619763374328613,0.31619763374328613
2026,C0,406,0.2385576069355011,0.2385576069355011
2026,C0,407,0.26480400562286377,0.26480400562286377
2026,C0,408,0.2747613787651062,0.2747613787651062
2026,C0,409,0.20562565326690674,0.20562565326690674
2026,C0,410,0.2496388703584671,0.2496388703584671
2026,C0,411,0.24043871462345123,0.24043871462345123
2026,C0,412,0.30470559000968933,0.30470559000968933
2026,C0,413,0.24939365684986115,0.24939365684986115
2026,C0,414,0.23236295580863953,0.23236295580863953
2026,C0,415,0.285724014043808,0.285724014043808
2026,C0,416,0.22792783379554749,0.22792783379554749
2026,C0,417,0.2334103137254715,0.2334103137254715
2026,C0,418,0.20037177205085754,0.20037177205085754
2026,C0,419,0.25299736857414246,0.25299736857414246
2026,C0,420,0.22785916924476624,0.22785916924476624
2026,C0,421,0.24026696383953094,0.24026696383953094
2026,C0,422,0.25132542848587036,0.25132542848587036
2026,C0,423,0.26889586448669434,0.26889586448669434
2026,C0,424,0.31709471344947815,0.31709471344947815
2026,C0,425,0.2544696033000946,0.2544696033000946
2026,C0,426,0.2207377701997757,0.2207377701997757
2026,C0,427,0.2399258017539978,0.2399258017539978
2026,C0,428,0.22798311710357666,0.22798311710357666
2026,C0,429,0.2050829827785492,0.2050829827785492
2026,C0,430,0.22955535352230072,0.22955535352230072
2026,C0,431,0.25553351640701294,0.25553351640701294
2026,C0,432,0.2460818588733673,0.2460818588733673
2026,C0,433,0.2638874053955078,0.2638874053955078
2026,C0,434,0.2459425926208496,0.2459425926208496
2026,C0,435,0.22428448498249054,0.22428448498249054
2026,C0,436,0.24134275317192078,0.24134275317192078
2026,C0,437,0.24262923002243042,0.24262923002243042
2026,C0,438,0.23405000567436218,0.23405000567436218
2026,C0,439,0.29286429286003113,0.29286429286003113
2026,C0,440,0.194137841463089,0.194137841463089
2026,C0,441,0.2856609523296356,0.2856609523296356
2026,C0,442,0.2577497363090515,0.2577497363090515
2026,C0,443,0.240494966506958,0.240494966506958
2026,C0,444,0.21674799919128418,0.21674799919128418
2026,C0,445,0.26064664125442505,0.26064664125442505
2026,C0,446,0.24187108874320984,0.24187108874320984
2026,C0,447,0.2746274173259735,0.2746274173259735
2026,C0,448,0.2497842162847519,0.2497842162847519
2026,C0,449,0.21462208032608032,0.21462208032608032
2026,C0,450,0.24503132700920105,0.24503132700920105
2026,C0,451,0.2571040391921997,0.2571040391921997
2026,C0,452,0.25383254885673523,0.25383254885673523
2026,C0,453,0.2678813934326172,0.2678813934326172
2026,C0,454,0.26305657625198364,0.26305657625198364
2026,C0,455,0.2241852879524231,0.2241852879524231
2026,C0,456,0.22099660336971283,0.22099660336971283
2026,C0,457,0.27891606092453003,0.27891606092453003
2026,C0,458,0.2615586519241333,0.2615586519241333
2026,C0,459,0.24767857789993286,0.24767857789993286
2026,C0,460,0.24295315146446228,0.24295315146446228
2026,C0,461,0.1946616768836975,0.1946616768836975
2026,C0,462,0.26121923327445984,0.26121923327445984
2026,C0,463,0.29494404792785645,0.29494404792785645
2026,C0,464,0.22167924046516418,0.22167924046516418
2026,C0,465,0.2863515019416809,0.2863515019416809
2026,C0,466,0.2412324845790863,0.2412324845790863
2026,C0,467,0.20346635580062866,0.20346635580062866
2026,C0,468,0.2404639571905136,0.2404639571905136
2026,C0,469,0.1722533404827118,0.1722533404827118
2026,C0,470,0.2662026882171631,0.2662026882171631
2026,C0,471,0.23168103396892548,0.23168103396892548
2026,C0,472,0.18748915195465088,0.18748915195465088
2026,C0,473,0.21393951773643494,0.21393951773643494
2026,C0,474,0.24330675601959229,0.24330675601959229
2026,C0,475,0.22032691538333893,0.22032691538333893
2026,C0,476,0.2734798491001129,0.2734798491001129
2026,C0,477,0.24834132194519043,0.24834132194519043
2026,C0,478,0.23174645006656647,0.23174645006656647
2026,C0,479,0.27734458446502686,0.27734458446502686
2026,C0,480,0.21742068231105804,0.21742068231105804
2026,C0,481,0.23745180666446686,0.23745180666446686
2026,C0,482,0.25530779361724854,0.25530779361724854
2026,C0,483,0.26150044798851013,0.26150044798851013
2026,C0,484,0.2107621133327484,0.2107621133327484
2026,C0,485,0.22933164238929749,0.22933164238929749
2026,C0,486,0.21125663816928864,0.21125663816928864
2026,C0,487,0.26586782932281494,0.26586782932281494
2026,C0,488,0.2982783317565918,0.2982783317565918
2026,C0,489,0.2540408968925476,0.2540408968925476
2026,C0,490,0.2512277364730835,0.2512277364730835
2026,C0,491,0.2140318751335144,0.2140318751335144
2026,C0,492,0.18630988895893097,0.18630988895893097
2026,C0,493,0.25664371252059937,0.25664371252059937
2026,C0,494,0.26033905148506165,0.26033905148506165
2026,C0,495,0.238576740026474,0.238576740026474
2026,C0,496,0.2396199256181717,0.2396199256181717
2026,C0,497,0.24374139308929443,0.24374139308929443
2026,C0,498,0.2570617198944092,0.2570617198944092
2026,C0,499,0.17648576200008392,0.17648576200008392
2026,C0,500,0.24647210538387299,0.24647210538387299
2026,C0,501,0.26690125465393066,0.26690125465393066
2026,C0,502,0.17941175401210785,0.17941175401210785
2026,C0,503,0.2817581593990326,0.2817581593990326
2026,C0,504,0.201577827334404,0.201577827334404
2026,C0,505,0.20495404303073883,0.20495404303073883
2026,C0,506,0.26307064294815063,0.26307064294815063
2026,C0,507,0.22049570083618164,0.22049570083618164
2026,C0,508,0.21259260177612305,0.21259260177612305
2026,C0,509,0.21182572841644287,0.21182572841644287
2026,C0,510,0.18628112971782684,0.18628112971782684
2026,C0,511,0.21594293415546417,0.21594293415546417
2026,C0,512,0.19606280326843262,0.19606280326843262
2026,C0,513,0.2685201168060303,0.2685201168060303
2026,C0,514,0.2786175608634949,0.2786175608634949
2026,C0,515,0.221280038356781,0.221280038356781
2026,C0,516,0.2975250780582428,0.2975250780582428
2026,C0,517,0.2569986581802368,0.2569986581802368
2026,C0,518,0.22763699293136597,0.22763699293136597
2026,C0,519,0.2718653678894043,0.2718653678894043
2026,C0,520,0.19931259751319885,0.19931259751319885
2026,C0,521,0.1877640187740326,0.1877640187740326
2026,C0,522,0.2624414563179016,0.2624414563179016
2026,C0,523,0.24568971991539001,0.24568971991539001
2026,C0,524,0.23133376240730286,0.23133376240730286
2026,C0,525,0.1935790330171585,0.1935790330171585
2026,C0,526,0.23744907975196838,0.23744907975196838
2026,C0,527,0.31135398149490356,0.31135398149490356
2026,C0,528,0.24237382411956787,0.24237382411956787
2026,C0,529,0.25566837191581726,0.25566837191581726
2026,C0,530,0.23153755068778992,0.23153755068778992
2026,C0,531,0.18690676987171173,0.18690676987171173
2026,C0,532,0.17373307049274445,0.17373307049274445
2026,C0,533,0.23032590746879578,0.23032590746879578
2026,C0,534,0.26460567116737366,0.26460567116737366
2026,C0,535,0.1907843053340912,0.1907843053340912
2026,C0,536,0.19753198325634003,0.19753198325634003
2026,C0,537,0.25061988830566406,0.25061988830566406
2026,C0,538,0.27507245540618896,0.27507245540618896
2026,C0,539,0.26083463430404663,0.26083463430404663
2026,C0,540,0.23278748989105225,0.23278748989105225
2026,C0,541,0.22711840271949768,0.22711840271949768
2026,C0,542,0.2526664733886719,0.2526664733886719
2026,C0,543,0.23664750158786774,0.23664750158786774
2026,C0,544,0.1788865327835083,0.1788865327835083
2026,C0,545,0.2509377598762512,0.2509377598762512
2026,C0,546,0.26764196157455444,0.26764196157455444
2026,C0,547,0.18295811116695404,0.18295811116695404
2026,C0,548,0.1598498821258545,0.1598498821258545
2026,C0,549,0.22523251175880432,0.22523251175880432
2026,C0,550,0.21296565234661102,0.21296565234661102
2026,C0,551,0.22773095965385437,0.22773095965385437
2026,C0,552,0.23224705457687378,0.23224705457687378
2026,C0,553,0.2509811222553253,0.2509811222553253
2026,C0,554,0.2671411633491516,0.2671411633491516
2026,C0,555,0.21848425269126892,0.21848425269126892
2026,C0,556,0.2787274718284607,0.2787274718284607
2026,C0,557,0.287419855594635,0.287419855594635
2026,C0,558,0.24351119995117188,0.24351119995117188
2026,C0,559,0.2671636641025543,0.2671636641025543
2026,C0,560,0.2121453434228897,0.2121453434228897
2026,C0,561,0.20840701460838318,0.20840701460838318
2026,C0,562,0.2334469109773636,0.2334469109773636
2026,C0,563,0.23391953110694885,0.23391953110694885
2026,C0,564,0.24689684808254242,0.24689684808254242
2026,C0,565,0.29476088285446167,0.29476088285446167
2026,C0,566,0.250995397567749,0.250995397567749
2026,C0,567,0.2521780729293823,0.2521780729293823
2026,C0,568,0.23111645877361298,0.23111645877361298
2026,C0,569,0.20467953383922577,0.20467953383922577
2026,C0,570,0.206713005900383,0.206713005900383
2026,C0,571,0.26081418991088867,0.26081418991088867
2026,C0,572,0.22930073738098145,0.22930073738098145
2026,C0,573,0.22234785556793213,0.22234785556793213
2026,C0,574,0.26835936307907104,0.26835936307907104
2026,C0,575,0.27336519956588745,0.27336519956588745
2026,C0,576,0.17072463035583496,0.17072463035583496
2026,C0,577,0.259965717792511,0.259965717792511
2026,C0,578,0.2552642524242401,0.2552642524242401
2026,C0,579,0.2617693543434143,0.2617693543434143
2026,C0,580,0.21093203127384186,0.21093203127384186
2026,C0,581,0.2621285319328308,0.2621285319328308
2026,C0,582,0.18928077816963196,0.18928077816963196
2026,C0,583,0.2439318597316742,0.2439318597316742
2026,C0,584,0.24011504650115967,0.24011504650115967
2026,C0,585,0.2257695198059082,0.2257695198059082
2026,C0,586,0.19950899481773376,0.19950899481773376
2026,C0,587,0.2485937774181366,0.2485937774181366
2026,C0,588,0.269258975982666,0.269258975982666
2026,C0,589,0.21940293908119202,0.21940293908119202
2026,C0,590,0.22751888632774353,0.22751888632774353
2026,C0,591,0.22969867289066315,0.22969867289066315
2026,C0,592,0.23653599619865417,0.23653599619865417
2026,C0,593,0.2560369372367859,0.2560369372367859
2026,C0,594,0.2618078589439392,0.2618078589439392
2026,C0,595,0.18334266543388367,0.18334266543388367
2026,C0,596,0.21690863370895386,0.21690863370895386
2026,C0,597,0.26652663946151733,0.26652663946151733
2026,C0,598,0.1931792050600052,0.1931792050600052
2026,C0,599,0.28599509596824646,0.28599509596824646
2026,C0,600,0.2190684974193573,0.2190684974193573
2026,C0,601,0.22931009531021118,0.22931009531021118
2026,C0,602,0.24549752473831177,0.24549752473831177
2026,C0,603,0.2649170160293579,0.2649170160293579
2026,C0,604,0.260137677192688,0.260137677192688
2026,C0,605,0.23824580013751984,0.23824580013751984
2026,C0,606,0.26965540647506714,0.26965540647506714
2026,C0,607,0.2580680251121521,0.2580680251121521
2026,C0,608,0.170748770236969,0.170748770236969
2026,C0,609,0.241937518119812,0.241937518119812
2026,C0,610,0.27293428778648376,0.27293428778648376
2026,C0,611,0.20196369290351868,0.20196369290351868
2026,C0,612,0.2107560932636261,0.2107560932636261
2026,C0,613,0.2839401364326477,0.2839401364326477
2026,C0,614,0.20439009368419647,0.20439009368419647
2026,C0,615,0.24754810333251953,0.24754810333251953
2026,C0,616,0.187452495098114,0.187452495098114
2026,C0,617,0.24858292937278748,0.24858292937278748
2026,C0,618,0.16756263375282288,0.16756263375282288
2026,C0,619,0.1920156180858612,0.1920156180858612
2026,C0,620,0.27435338497161865,0.27435338497161865
2026,C0,621,0.20396122336387634,0.20396122336387634
2026,C0,622,0.27127158641815186,0.27127158641815186
2026,C0,623,0.17076760530471802,0.17076760530471802
2026,C0,624,0.2122894525527954,0.2122894525527954
2026,C0,625,0.315072238445282,0.315072238445282
2026,C0,626,0.21631714701652527,0.21631714701652527
2026,C0,627,0.27316707372665405,0.27316707372665405
2026,C0,628,0.2415875494480133,0.2415875494480133
2026,C0,629,0.22996117174625397,0.22996117174625397
2026,C0,630,0.22623330354690552,0.22623330354690552
2026,C0,631,0.26739877462387085,0.26739877462387085
2026,C0,632,0.19666361808776855,0.19666361808776855
2026,C0,633,0.2369767427444458,0.2369767427444458
2026,C0,634,0.24167612195014954,0.24167612195014954
2026,C0,635,0.22348067164421082,0.22348067164421082
2026,C0,636,0.22818821668624878,0.22818821668624878
2026,C0,637,0.2233828455209732,0.2233828455209732
2026,C0,638,0.21174390614032745,0.21174390614032745
2026,C0,639,0.29205456376075745,0.29205456376075745
2026,C0,640,0.28186556696891785,0.28186556696891785
2026,C0,641,0.2642703652381897,0.2642703652381897
2026,C0,642,0.19486501812934875,0.19486501812934875
2026,C0,643,0.2627612352371216,0.2627612352371216
2026,C0,644,0.22040781378746033,0.22040781378746033
2026,C0,645,0.18007957935333252,0.18007957935333252
2026,C0,646,0.18658801913261414,0.18658801913261414
2026,C0,647,0.2682298421859741,0.2682298421859741
2026,C0,648,0.22737839818000793,0.22737839818000793
2026,C0,649,0.25933927297592163,0.25933927297592163
2026,C0,650,0.21590696275234222,0.21590696275234222
2026,C0,651,0.28898993134498596,0.28898993134498596
2026,C0,652,0.23874714970588684,0.23874714970588684
2026,C0,653,0.18877607583999634,0.18877607583999634
2026,C0,654,0.2200155109167099,0.2200155109167099
2026,C0,655,0.22516751289367676,0.22516751289367676
2026,C0,656,0.28687119483947754,0.28687119483947754
2026,C0,657,0.16527223587036133,0.16527223587036133
2026,C0,658,0.25965774059295654,0.25965774059295654
2026,C0,659,0.22990749776363373,0.22990749776363373
2026,C0,660,0.2024083137512207,0.2024083137512207
2026,C0,661,0.296758234500885,0.296758234500885
2026,C0,662,0.20663535594940186,0.20663535594940186
2026,C0,663,0.27015894651412964,0.27015894651412964
2026,C0,664,0.24570024013519287,0.24570024013519287
2026,C0,665,0.2791672945022583,0.2791672945022583
2026,C0,666,0.2166595458984375,0.2166595458984375
2026,C0,667,0.2902352511882782,0.2902352511882782
2026,C0,668,0.2373049557209015,0.2373049557209015
2026,C0,669,0.20910274982452393,0.20910274982452393
2026,C0,670,0.21551953256130219,0.21551953256130219
2026,C0,671,0.27241837978363037,0.27241837978363037
2026,C0,672,0.21449196338653564,0.21449196338653564
2026,C0,673,0.2856871485710144,0.2856871485710144
2026,C0,674,0.20146062970161438,0.20146062970161438
2026,C0,675,0.24089214205741882,0.24089214205741882
2026,C0,676,0.21492135524749756,0.21492135524749756
2026,C0,677,0.1974388211965561,0.1974388211965561
2026,C0,678,0.25172585248947144,0.25172585248947144
2026,C0,679,0.2327219843864441,0.2327219843864441
2026,C0,680,0.2850017845630646,0.2850017845630646
2026,C0,681,0.2828393578529358,0.2828393578529358
2026,C0,682,0.2355797290802002,0.2355797290802002
2026,C0,683,0.1948157399892807,0.1948157399892807
2026,C0,684,0.2968236207962036,0.2968236207962036
2026,C0,685,0.26399290561676025,0.26399290561676025
2026,C0,686,0.226805180311203,0.226805180311203
2026,C0,687,0.2564738392829895,0.2564738392829895
2026,C0,688,0.26543986797332764,0.26543986797332764
2026,C0,689,0.23380006849765778,0.23380006849765778
2026,C0,690,0.19212158024311066,0.19212158024311066
2026,C0,691,0.27331972122192383,0.27331972122192383
2026,C0,692,0.2683113217353821,0.2683113217353821
2026,C0,693,0.253921240568161,0.253921240568161
2026,C0,694,0.21126756072044373,0.21126756072044373
2026,C0,695,0.2500985264778137,0.2500985264778137
2026,C0,696,0.22477281093597412,0.22477281093597412
2026,C0,697,0.2404322326183319,0.2404322326183319
2026,C0,698,0.23862393200397491,0.23862393200397491
2026,C0,699,0.16406437754631042,0.16406437754631042
2026,C0,700,0.2693955600261688,0.2693955600261688
2026,C0,701,0.2747375965118408,0.2747375965118408
2026,C0,702,0.14991877973079681,0.14991877973079681
2026,C0,703,0.206783264875412,0.206783264875412
2026,C0,704,0.2717600464820862,0.2717600464820862
2026,C0,705,0.289478600025177,0.289478600025177
2026,C0,706,0.2541990578174591,0.2541990578174591
2026,C0,707,0.26549750566482544,0.26549750566482544
2026,C0,708,0.23681822419166565,0.23681822419166565
2026,C0,709,0.2280786782503128,0.2280786782503128
2026,C0,710,0.25941023230552673,0.25941023230552673
2026,C0,711,0.2198788821697235,0.2198788821697235
2026,C0,712,0.293118417263031,0.293118417263031
2026,C0,713,0.22371816635131836,0.22371816635131836
2026,C0,714,0.21397101879119873,0.21397101879119873
2026,C0,715,0.19407972693443298,0.19407972693443298
2026,C0,716,0.2672218680381775,0.2672218680381775
2026,C0,717,0.2963549494743347,0.2963549494743347
2026,C0,718,0.2404746413230896,0.2404746413230896
2026,C0,719,0.306427538394928,0.306427538394928
2026,C0,720,0.21458286046981812,0.21458286046981812
2026,C0,721,0.23153606057167053,0.23153606057167053
2026,C0,722,0.257060170173645,0.257060170173645
2026,C0,723,0.19018526375293732,0.19018526375293732
2026,C0,724,0.2353592813014984,0.2353592813014984
2026,C0,725,0.26368188858032227,0.26368188858032227
2026,C0,726,0.2425600290298462,0.2425600290298462
2026,C0,727,0.22615717351436615,0.22615717351436615
2026,C0,728,0.17481297254562378,0.17481297254562378
2026,C0,729,0.22185136377811432,0.22185136377811432
2026,C0,730,0.27713441848754883,0.27713441848754883
2026,C0,731,0.22802236676216125,0.22802236676216125
2026,C0,732,0.28123486042022705,0.28123486042022705
2026,C0,733,0.20286281406879425,0.20286281406879425
2026,C0,734,0.1787651777267456,0.1787651777267456
2026,C0,735,0.24683193862438202,0.24683193862438202
2026,C0,736,0.26136887073516846,0.26136887073516846
2026,C0,737,0.25205451250076294,0.25205451250076294
2026,C0,738,0.2172917276620865,0.2172917276620865
2026,C0,739,0.21434399485588074,0.21434399485588074
2026,C0,740,0.2551060914993286,0.2551060914993286
2026,C0,741,0.23982715606689453,0.23982715606689453
2026,C0,742,0.3084816634654999,0.3084816634654999
2026,C0,743,0.2095494568347931,0.2095494568347931
2026,C0,744,0.24989567697048187,0.24989567697048187
2026,C0,745,0.26082223653793335,0.26082223653793335
2026,C0,746,0.2069527953863144,0.2069527953863144
2026,C0,747,0.2879451811313629,0.2879451811313629
2026,C0,748,0.2215084284543991,0.2215084284543991
2026,C0,749,0.18427667021751404,0.18427667021751404
2026,C0,750,0.2666551470756531,0.2666551470756531
2026,C0,751,0.17768174409866333,0.17768174409866333
2026,C0,752,0.306231290102005,0.306231290102005
2026,C0,753,0.2513659596443176,0.2513659596443176
2026,C0,754,0.2579498887062073,0.2579498887062073
2026,C0,755,0.2774184048175812,0.2774184048175812
2026,C0,756,0.216242253780365,0.216242253780365
2026,C0,757,0.2812081277370453,0.2812081277370453
2026,C0,758,0.20095063745975494,0.20095063745975494
2026,C0,759,0.23607364296913147,0.23607364296913147
2026,C0,760,0.21245983242988586,0.21245983242988586
2026,C0,761,0.2260884791612625,0.2260884791612625
2026,C0,762,0.1820807009935379,0.1820807009935379
2026,C0,763,0.25393974781036377,0.25393974781036377
2026,C0,764,0.2820880115032196,0.2820880115032196
2026,C0,765,0.2092067301273346,0.2092067301273346
2026,C0,766,0.2370031177997589,0.2370031177997589
2026,C0,767,0.23461805284023285,0.23461805284023285
2026,C0,768,0.27154096961021423,0.27154096961021423
2026,C0,769,0.23802664875984192,0.23802664875984192
2026,C0,770,0.3134019374847412,0.3134019374847412
2026,C0,771,0.1977841854095459,0.1977841854095459
2026,C0,772,0.2868703007698059,0.2868703007698059
2026,C0,773,0.2397277057170868,0.2397277057170868
2026,C0,774,0.2047937512397766,0.2047937512397766
2026,C0,775,0.24564626812934875,0.24564626812934875
2026,C0,776,0.24147681891918182,0.24147681891918182
2026,C0,777,0.22919246554374695,0.22919246554374695
2026,C0,778,0.22168532013893127,0.22168532013893127
2026,C0,779,0.18001431226730347,0.18001431226730347
2026,C0,780,0.19640596210956573,0.19640596210956573
2026,C0,781,0.258015513420105,0.258015513420105
2026,C0,782,0.22970765829086304,0.22970765829086304
2026,C0,783,0.2932139039039612,0.2932139039039612
2026,C0,784,0.24546369910240173,0.24546369910240173
2026,C0,785,0.23258660733699799,0.23258660733699799
2026,C0,786,0.1481967270374298,0.1481967270374298
2026,C0,787,0.2757098078727722,0.2757098078727722
2026,C0,788,0.18824639916419983,0.18824639916419983
2026,C0,789,0.24629351496696472,0.24629351496696472
2026,C0,790,0.24618247151374817,0.24618247151374817
2026,C0,791,0.3040337562561035,0.3040337562561035
2026,C0,792,0.26280277967453003,0.26280277967453003
2026,C0,793,0.15454921126365662,0.15454921126365662
2026,C0,794,0.1927090585231781,0.1927090585231781
2026,C0,795,0.24866217374801636,0.24866217374801636
2026,C0,796,0.2530948221683502,0.2530948221683502
2026,C0,797,0.21989522874355316,0.21989522874355316
2026,C0,798,0.20965707302093506,0.20965707302093506
2026,C0,799,0.25439631938934326,0.25439631938934326
2026,C0,800,0.17509500682353973,0.17509500682353973
2026,C0,801,0.19229045510292053,0.19229045510292053
2026,C0,802,0.25367048382759094,0.25367048382759094
2026,C0,803,0.22917991876602173,0.22917991876602173
2026,C0,804,0.21416175365447998,0.21416175365447998
2026,C0,805,0.19628235697746277,0.19628235697746277
2026,C0,806,0.16315509378910065,0.16315509378910065
2026,C0,807,0.22984004020690918,0.22984004020690918
2026,C0,808,0.19239148497581482,0.19239148497581482
2026,C0,809,0.3352556824684143,0.3352556824684143
2026,C0,810,0.25714462995529175,0.25714462995529175
2026,C0,811,0.20521268248558044,0.20521268248558044
2026,C0,812,0.20108479261398315,0.20108479261398315
2026,C0,813,0.22049370408058167,0.22049370408058167
2026,C0,814,0.2042708694934845,0.2042708694934845
2026,C0,815,0.22822263836860657,0.22822263836860657
2026,C0,816,0.2876313328742981,0.2876313328742981
2026,C0,817,0.21263805031776428,0.21263805031776428
2026,C0,818,0.18822306394577026,0.18822306394577026
2026,C0,819,0.218519389629364,0.218519389629364
2026,C0,820,0.23686069250106812,0.23686069250106812
2026,C0,821,0.26533856987953186,0.26533856987953186
2026,C0,822,0.21476051211357117,0.21476051211357117
2026,C0,823,0.20836536586284637,0.20836536586284637
2026,C0,824,0.2574032247066498,0.2574032247066498
2026,C0,825,0.23180422186851501,0.23180422186851501
2026,C0,826,0.26603561639785767,0.26603561639785767
2026,C0,827,0.23162563145160675,0.23162563145160675
2026,C0,828,0.2994885742664337,0.2994885742664337
2026,C0,829,0.2781417965888977,0.2781417965888977
2026,C0,830,0.20484066009521484,0.20484066009521484
2026,C0,831,0.20144067704677582,0.20144067704677582
2026,C0,832,0.21094870567321777,0.21094870567321777
2026,C0,833,0.21743983030319214,0.21743983030319214
2026,C0,834,0.2440379112958908,0.2440379112958908
2026,C0,835,0.2662363052368164,0.2662363052368164
2026,C0,836,0.2413843274116516,0.2413843274116516
2026,C0,837,0.16625148057937622,0.16625148057937622
2026,C0,838,0.17022569477558136,0.17022569477558136
2026,C0,839,0.2547679543495178,0.2547679543495178
2026,C0,840,0.25569117069244385,0.25569117069244385
2026,C0,841,0.3208959698677063,0.3208959698677063
2026,C0,842,0.25984644889831543,0.25984644889831543
2026,C0,843,0.27261582016944885,0.27261582016944885
2026,C0,844,0.23108601570129395,0.23108601570129395
2026,C0,845,0.24311670660972595,0.24311670660972595
2026,C0,846,0.2005627453327179,0.2005627453327179
2026,C0,847,0.2624468207359314,0.2624468207359314
2026,C0,848,0.24739958345890045,0.24739958345890045
2026,C0,849,0.2566995322704315,0.2566995322704315
2026,C0,850,0.24385717511177063,0.24385717511177063
2026,C0,851,0.2616210877895355,0.2616210877895355
2026,C0,852,0.30346930027008057,0.30346930027008057
2026,C0,853,0.21869386732578278,0.21869386732578278
2026,C0,854,0.23903828859329224,0.23903828859329224
2026,C0,855,0.25047457218170166,0.25047457218170166
2026,C0,856,0.24990278482437134,0.24990278482437134
2026,C0,857,0.24079178273677826,0.24079178273677826
2026,C0,858,0.24147188663482666,0.24147188663482666
2026,C0,859,0.27028730511665344,0.27028730511665344
2026,C0,860,0.2178312987089157,0.2178312987089157
2026,C0,861,0.2038271576166153,0.2038271576166153
2026,C0,862,0.25664472579956055,0.25664472579956055
2026,C0,863,0.2746949791908264,0.2746949791908264
2026,C0,864,0.22813032567501068,0.22813032567501068
2026,C0,865,0.2506312131881714,0.2506312131881714
2026,C0,866,0.24699965119361877,0.24699965119361877
2026,C0,867,0.241743266582489,0.241743266582489
2026,C0,868,0.26055118441581726,0.26055118441581726
2026,C0,869,0.28768450021743774,0.28768450021743774
2026,C0,870,0.22044719755649567,0.22044719755649567
2026,C0,871,0.22444868087768555,0.22444868087768555
2026,C0,872,0.23788633942604065,0.23788633942604065
2026,C0,873,0.21880269050598145,0.21880269050598145
2026,C0,874,0.22312989830970764,0.22312989830970764
2026,C0,875,0.2290782332420349,0.2290782332420349
2026,C0,876,0.2626778483390808,0.2626778483390808
2026,C0,877,0.2819633185863495,0.2819633185863495
2026,C0,878,0.18150529265403748,0.18150529265403748
2026,C0,879,0.21210713684558868,0.21210713684558868
2026,C0,880,0.1911807656288147,0.1911807656288147
2026,C0,881,0.2369259148836136,0.2369259148836136
2026,C0,882,0.25449901819229126,0.25449901819229126
2026,C0,883,0.23068127036094666,0.23068127036094666
2026,C0,884,0.23818400502204895,0.23818400502204895
2026,C0,885,0.2750401496887207,0.2750401496887207
2026,C0,886,0.28773200511932373,0.28773200511932373
2026,C0,887,0.24690863490104675,0.24690863490104675
2026,C0,888,0.221332848072052,0.221332848072052
2026,C0,889,0.20949913561344147,0.20949913561344147
2026,C0,890,0.2228143960237503,0.2228143960237503
2026,C0,891,0.221979558467865,0.221979558467865
2026,C0,892,0.21289360523223877,0.21289360523223877
2026,C0,893,0.22196561098098755,0.22196561098098755
2026,C0,894,0.21838867664337158,0.21838867664337158
2026,C0,895,0.2287457138299942,0.2287457138299942
2026,C0,896,0.31921589374542236,0.31921589374542236
2026,C0,897,0.2072841078042984,0.2072841078042984
2026,C0,898,0.31867802143096924,0.31867802143096924
2026,C0,899,0.2273271679878235,0.2273271679878235
2026,C0,900,0.29519587755203247,0.29519587755203247
2026,C0,901,0.28902381658554077,0.28902381658554077
2026,C0,902,0.26216745376586914,0.26216745376586914
2026,C0,903,0.20582258701324463,0.20582258701324463
2026,C0,904,0.26953864097595215,0.26953864097595215
2026,C0,905,0.23850780725479126,0.23850780725479126
2026,C0,906,0.30007827281951904,0.30007827281951904
2026,C0,907,0.3165450692176819,0.3165450692176819
2026,C0,908,0.1576625108718872,0.1576625108718872
2026,C0,909,0.21980059146881104,0.21980059146881104
2026,C0,910,0.2629537582397461,0.2629537582397461
2026,C0,911,0.25488367676734924,0.25488367676734924
2026,C0,912,0.255100280046463,0.255100280046463
2026,C0,913,0.2543522119522095,0.2543522119522095
2026,C0,914,0.19060760736465454,0.19060760736465454
2026,C0,915,0.2717568874359131,0.2717568874359131
2026,C0,916,0.18618282675743103,0.18618282675743103
2026,C0,917,0.20412902534008026,0.20412902534008026
2026,C0,918,0.2649575471878052,0.2649575471878052
2026,C0,919,0.21397225558757782,0.21397225558757782
2026,C0,920,0.22848381102085114,0.22848381102085114
2026,C0,921,0.2149297297000885,0.2149297297000885
2026,C0,922,0.22451582551002502,0.22451582551002502
2026,C0,923,0.22695499658584595,0.22695499658584595
2026,C0,924,0.20941117405891418,0.20941117405891418
2026,C0,925,0.24830278754234314,0.24830278754234314
2026,C0,926,0.31234660744667053,0.31234660744667053
2026,C0,927,0.23197758197784424,0.23197758197784424
2026,C0,928,0.18402987718582153,0.18402987718582153
2026,C0,929,0.2232871949672699,0.2232871949672699
2026,C0,930,0.31013792753219604,0.31013792753219604
2026,C0,931,0.2929007411003113,0.2929007411003113
2026,C0,932,0.25796425342559814,0.25796425342559814
2026,C0,933,0.23020318150520325,0.23020318150520325
2026,C0,934,0.2950974106788635,0.2950974106788635
2026,C0,935,0.2513035535812378,0.2513035535812378
2026,C0,936,0.2458198219537735,0.2458198219537735
2026,C0,937,0.21089871227741241,0.21089871227741241
2026,C0,938,0.2387949675321579,0.2387949675321579
2026,C0,939,0.20034147799015045,0.20034147799015045
2026,C0,940,0.17904271185398102,0.17904271185398102
2026,C0,941,0.3175896406173706,0.3175896406173706
2026,C0,942,0.23037882149219513,0.23037882149219513
2026,C0,943,0.23784446716308594,0.23784446716308594
2026,C0,944,0.24941900372505188,0.24941900372505188
2026,C0,945,0.2284572273492813,0.2284572273492813
2026,C0,946,0.20508596301078796,0.20508596301078796
2026,C0,947,0.1936015486717224,0.1936015486717224
2026,C0,948,0.3048001825809479,0.3048001825809479
2026,C0,949,0.22908662259578705,0.22908662259578705
2026,C0,950,0.22065982222557068,0.22065982222557068
2026,C0,951,0.22476409375667572,0.22476409375667572
2026,C0,952,0.2570503354072571,0.2570503354072571
2026,C0,953,0.24991586804389954,0.24991586804389954
2026,C0,954,0.24224422872066498,0.24224422872066498
2026,C0,955,0.2803843021392822,0.2803843021392822
2026,C0,956,0.21650853753089905,0.21650853753089905
2026,C0,957,0.2408277839422226,0.2408277839422226
2026,C0,958,0.3342893719673157,0.3342893719673157
2026,C0,959,0.2784322202205658,0.2784322202205658
2026,C0,960,0.24004192650318146,0.24004192650318146
2026,C0,961,0.19814139604568481,0.19814139604568481
2026,C0,962,0.21145668625831604,0.21145668625831604
2026,C0,963,0.31487423181533813,0.31487423181533813
2026,C0,964,0.20916259288787842,0.20916259288787842
2026,C0,965,0.2900105118751526,0.2900105118751526
2026,C0,966,0.23706530034542084,0.23706530034542084
2026,C0,967,0.3106198012828827,0.3106198012828827
2026,C0,968,0.23876430094242096,0.23876430094242096
2026,C0,969,0.2283163070678711,0.2283163070678711
2026,C0,970,0.19531911611557007,0.19531911611557007
2026,C0,971,0.2361849844455719,0.2361849844455719
2026,C0,972,0.22729256749153137,0.22729256749153137
2026,C0,973,0.22153720259666443,0.22153720259666443
2026,C0,974,0.21997305750846863,0.21997305750846863
2026,C0,975,0.21820244193077087,0.21820244193077087
2026,C0,976,0.25871360301971436,0.25871360301971436
2026,C0,977,0.24348235130310059,0.24348235130310059
2026,C0,978,0.16564954817295074,0.16564954817295074
2026,C0,979,0.25711920857429504,0.25711920857429504
2026,C0,980,0.29336851835250854,0.29336851835250854
2026,C0,981,0.2509169280529022,0.2509169280529022
2026,C0,982,0.2605506181716919,0.2605506181716919
2026,C0,983,0.32516223192214966,0.32516223192214966
2026,C0,984,0.2658464312553406,0.2658464312553406
2026,C0,985,0.2030990719795227,0.2030990719795227
2026,C0,986,0.2257193624973297,0.2257193624973297
2026,C0,987,0.2832157015800476,0.2832157015800476
2026,C0,988,0.26070791482925415,0.26070791482925415
2026,C0,989,0.23666571080684662,0.23666571080684662
2026,C0,990,0.2333393394947052,0.2333393394947052
2026,C0,991,0.2519940137863159,0.2519940137863159
2026,C0,992,0.2816161513328552,0.2816161513328552
2026,C0,993,0.23374690115451813,0.23374690115451813
2026,C0,994,0.20181354880332947,0.20181354880332947
2026,C0,995,0.23917508125305176,0.23917508125305176
2026,C0,996,0.3091818690299988,0.3091818690299988
2026,C0,997,0.24394629895687103,0.24394629895687103
2026,C0,998,0.19152489304542542,0.19152489304542542
2026,C0,999,0.25572875142097473,0.25572875142097473
2026,C0,1000,0.17884446680545807,0.17884446680545807
2026,C0,1001,0.23596133291721344,0.23596133291721344
2026,C0,1002,0.28373920917510986,0.28373920917510986
2026,C0,1003,0.20515918731689453,0.20515918731689453
2026,C0,1004,0.2556004524230957,0.2556004524230957
2026,C0,1005,0.2347656786441803,0.2347656786441803
2026,C0,1006,0.1844818890094757,0.1844818890094757
2026,C0,1007,0.1946491301059723,0.1946491301059723
2026,C0,1008,0.2592868208885193,0.2592868208885193
2026,C0,1009,0.19154900312423706,0.19154900312423706
2026,C0,1010,0.2663281261920929,0.2663281261920929
2026,C0,1011,0.2358054220676422,0.2358054220676422
2026,C0,1012,0.27769821882247925,0.27769821882247925
2026,C0,1013,0.2323164939880371,0.2323164939880371
2026,C0,1014,0.2806815505027771,0.2806815505027771
2026,C0,1015,0.22978529334068298,0.22978529334068298
2026,C0,1016,0.27550703287124634,0.27550703287124634
2026,C0,1017,0.20438624918460846,0.20438624918460846
2026,C0,1018,0.2016967535018921,0.2016967535018921
2026,C0,1019,0.26568448543548584,0.26568448543548584
2026,C0,1020,0.22758987545967102,0.22758987545967102
2026,C0,1021,0.19982993602752686,0.19982993602752686
2026,C0,1022,0.21162866055965424,0.21162866055965424
2026,C0,1023,0.23482507467269897,0.23482507467269897
2026,C0,1024,0.18970051407814026,0.18970051407814026
2026,C0,1025,0.23124539852142334,0.23124539852142334
2026,C0,1026,0.2443537563085556,0.2443537563085556
2026,C0,1027,0.21208107471466064,0.21208107471466064
2026,C0,1028,0.26976120471954346,0.26976120471954346
2026,C0,1029,0.29677271842956543,0.29677271842956543
2026,C0,1030,0.33203351497650146,0.33203351497650146
2026,C0,1031,0.2621205449104309,0.2621205449104309
2026,C0,1032,0.21170100569725037,0.21170100569725037
2026,C0,1033,0.23454256355762482,0.23454256355762482
2026,C0,1034,0.2747468948364258,0.2747468948364258
2026,C0,1035,0.27794206142425537,0.27794206142425537
2026,C0,1036,0.19941337406635284,0.19941337406635284
2026,C0,1037,0.18496385216712952,0.18496385216712952
2026,C0,1038,0.21123787760734558,0.21123787760734558
2026,C0,1039,0.2304975986480713,0.2304975986480713
2026,C0,1040,0.2019435316324234,0.2019435316324234
2026,C0,1041,0.2283456027507782,0.2283456027507782
2026,C0,1042,0.1821623146533966,0.1821623146533966
2026,C0,1043,0.21934399008750916,0.21934399008750916
2026,C0,1044,0.22998805344104767,0.22998805344104767
2026,C0,1045,0.2089575082063675,0.2089575082063675
2026,C0,1046,0.27211880683898926,0.27211880683898926
2026,C0,1047,0.2099313586950302,0.2099313586950302
2026,C0,1048,0.2935364544391632,0.2935364544391632
2026,C0,1049,0.24139852821826935,0.24139852821826935
2026,C0,1050,0.20821374654769897,0.20821374654769897
2026,C0,1051,0.239903524518013,0.239903524518013
2026,C0,1052,0.24735182523727417,0.24735182523727417
2026,C0,1053,0.24153274297714233,0.24153274297714233
2026,C0,1054,0.224835604429245,0.224835604429245
2026,C0,1055,0.24522747099399567,0.24522747099399567
2026,C0,1056,0.2559817135334015,0.2559817135334015
2026,C0,1057,0.25227364897727966,0.25227364897727966
2026,C0,1058,0.2258557230234146,0.2258557230234146
2026,C0,1059,0.18054652214050293,0.18054652214050293
2026,C0,1060,0.22576957941055298,0.22576957941055298
2026,C0,1061,0.2515689730644226,0.2515689730644226
2026,C0,1062,0.20069822669029236,0.20069822669029236
2026,C0,1063,0.20033764839172363,0.20033764839172363
2026,C0,1064,0.1686687171459198,0.1686687171459198
2026,C0,1065,0.19725918769836426,0.19725918769836426
2026,C0,1066,0.2519974410533905,0.2519974410533905
2026,C0,1067,0.22319447994232178,0.22319447994232178
2026,C0,1068,0.19767656922340393,0.19767656922340393
2026,C0,1069,0.2504817247390747,0.2504817247390747
2026,C0,1070,0.23576965928077698,0.23576965928077698
2026,C0,1071,0.2649962306022644,0.2649962306022644
2026,C0,1072,0.2906256318092346,0.2906256318092346
2026,C0,1073,0.2602366805076599,0.2602366805076599
2026,C0,1074,0.29056116938591003,0.29056116938591003
2026,C0,1075,0.2725847661495209,0.2725847661495209
2026,C0,1076,0.2147926390171051,0.2147926390171051
2026,C0,1077,0.22189751267433167,0.22189751267433167
2026,C0,1078,0.19326359033584595,0.19326359033584595
2026,C0,1079,0.2269408106803894,0.2269408106803894
2026,C0,1080,0.21577076613903046,0.21577076613903046
2026,C0,1081,0.19660595059394836,0.19660595059394836
2026,C0,1082,0.23585253953933716,0.23585253953933716
2026,C0,1083,0.22687280178070068,0.22687280178070068
2026,C0,1084,0.2648630142211914,0.2648630142211914
2026,C0,1085,0.21084751188755035,0.21084751188755035
2026,C0,1086,0.2560168206691742,0.2560168206691742
2026,C0,1087,0.23414850234985352,0.23414850234985352
2026,C0,1088,0.21746133267879486,0.21746133267879486
2026,C0,1089,0.22518156468868256,0.22518156468868256
2026,C0,1090,0.24396228790283203,0.24396228790283203
2026,C0,1091,0.17433586716651917,0.17433586716651917
2026,C0,1092,0.21218308806419373,0.21218308806419373
2026,C0,1093,0.2500167787075043,0.2500167787075043
2026,C0,1094,0.25745946168899536,0.25745946168899536
2026,C0,1095,0.16715393960475922,0.16715393960475922
2026,C0,1096,0.2536967992782593,0.2536967992782593
2026,C0,1097,0.17217884957790375,0.17217884957790375
2026,C0,1098,0.25546789169311523,0.25546789169311523
2026,C0,1099,0.1832417994737625,0.1832417994737625
2026,C0,1100,0.2149432897567749,0.2149432897567749
2026,C0,1101,0.24015328288078308,0.24015328288078308
2026,C0,1102,0.2531709671020508,0.2531709671020508
2026,C0,1103,0.18986552953720093,0.18986552953720093
2026,C0,1104,0.2220558524131775,0.2220558524131775
2026,C0,1105,0.16360315680503845,0.16360315680503845
2026,C0,1106,0.22699716687202454,0.22699716687202454
2026,C0,1107,0.1879391074180603,0.1879391074180603
2026,C0,1108,0.1697489321231842,0.1697489321231842
2026,C0,1109,0.22968317568302155,0.22968317568302155
2026,C0,1110,0.20139965415000916,0.20139965415000916
2026,C0,1111,0.23154893517494202,0.23154893517494202
2026,C0,1112,0.20405998826026917,0.20405998826026917
2026,C0,1113,0.255145400762558,0.255145400762558
2026,C0,1114,0.32478004693984985,0.32478004693984985
2026,C0,1115,0.25785762071609497,0.25785762071609497
2026,C0,1116,0.23661938309669495,0.23661938309669495
2026,C0,1117,0.26079362630844116,0.26079362630844116
2026,C0,1118,0.2381705641746521,0.2381705641746521
2026,C0,1119,0.17488916218280792,0.17488916218280792
2026,C0,1120,0.24903415143489838,0.24903415143489838
2026,C0,1121,0.3123898506164551,0.3123898506164551
2026,C0,1122,0.27794456481933594,0.27794456481933594
2026,C0,1123,0.2751430869102478,0.2751430869102478
2026,C0,1124,0.21265660226345062,0.21265660226345062
2026,C0,1125,0.24407516419887543,0.24407516419887543
2026,C0,1126,0.2692328691482544,0.2692328691482544
2026,C0,1127,0.20455023646354675,0.20455023646354675
2026,C0,1128,0.25438302755355835,0.25438302755355835
2026,C0,1129,0.25917327404022217,0.25917327404022217
2026,C0,1130,0.2163294553756714,0.2163294553756714
2026,C0,1131,0.25787922739982605,0.25787922739982605
2026,C0,1132,0.20382320880889893,0.20382320880889893
2026,C0,1133,0.25940680503845215,0.25940680503845215
2026,C0,1134,0.24704506993293762,0.24704506993293762
2026,C0,1135,0.20529495179653168,0.20529495179653168
2026,C0,1136,0.2553844153881073,0.2553844153881073
2026,C0,1137,0.1871960312128067,0.1871960312128067
2026,C0,1138,0.18826231360435486,0.18826231360435486
2026,C0,1139,0.2853465974330902,0.2853465974330902
2026,C0,1140,0.2762966454029083,0.2762966454029083
2026,C0,1141,0.2535303235054016,0.2535303235054016
2026,C0,1142,0.2590738832950592,0.2590738832950592
2026,C0,1143,0.194631889462471,0.194631889462471
2026,C0,1144,0.2951568067073822,0.2951568067073822
2026,C0,1145,0.23319712281227112,0.23319712281227112
2026,C0,1146,0.243768110871315,0.243768110871315
2026,C0,1147,0.2187930792570114,0.2187930792570114
2026,C0,1148,0.28106096386909485,0.28106096386909485
2026,C0,1149,0.33036190271377563,0.33036190271377563
2026,C0,1150,0.16305086016654968,0.16305086016654968
2026,C0,1151,0.21173301339149475,0.21173301339149475
2026,C0,1152,0.20857465267181396,0.20857465267181396
2026,C0,1153,0.2582220435142517,0.2582220435142517
2026,C0,1154,0.23928993940353394,0.23928993940353394
2026,C0,1155,0.2292480617761612,0.2292480617761612
2026,C0,1156,0.23558121919631958,0.23558121919631958
2026,C0,1157,0.22064045071601868,0.22064045071601868
2026,C0,1158,0.22887636721134186,0.22887636721134186
2026,C0,1159,0.23807576298713684,0.23807576298713684
2026,C0,1160,0.28778359293937683,0.28778359293937683
2026,C0,1161,0.2542728781700134,0.2542728781700134
2026,C0,1162,0.23715580999851227,0.23715580999851227
2026,C0,1163,0.25871899724006653,0.25871899724006653
2026,C0,1164,0.21032574772834778,0.21032574772834778
2026,C0,1165,0.3063506484031677,0.3063506484031677
2026,C0,1166,0.3122050166130066,0.3122050166130066
2026,C0,1167,0.22790047526359558,0.22790047526359558
2026,C0,1168,0.2668570578098297,0.2668570578098297
2026,C0,1169,0.2113884538412094,0.2113884538412094
2026,C0,1170,0.24487385153770447,0.24487385153770447
2026,C0,1171,0.20716774463653564,0.20716774463653564
2026,C0,1172,0.19254468381404877,0.19254468381404877
2026,C0,1173,0.24192824959754944,0.24192824959754944
2026,C0,1174,0.25427889823913574,0.25427889823913574
2026,C0,1175,0.25184252858161926,0.25184252858161926
2026,C0,1176,0.1849597990512848,0.1849597990512848
2026,C0,1177,0.2709828019142151,0.2709828019142151
2026,C0,1178,0.19626489281654358,0.19626489281654358
2026,C0,1179,0.20029647648334503,0.20029647648334503
2026,C0,1180,0.23165836930274963,0.23165836930274963
2026,C0,1181,0.3027310371398926,0.3027310371398926
2026,C0,1182,0.16991427540779114,0.16991427540779114
2026,C0,1183,0.2287915050983429,0.2287915050983429
2026,C0,1184,0.28716757893562317,0.28716757893562317
2026,C0,1185,0.22050194442272186,0.22050194442272186
2026,C0,1186,0.3009999096393585,0.3009999096393585
2026,C0,1187,0.22245070338249207,0.22245070338249207
2026,C0,1188,0.20186468958854675,0.20186468958854675
2026,C0,1189,0.2469930201768875,0.2469930201768875
2026,C0,1190,0.30484312772750854,0.30484312772750854
2026,C0,1191,0.26654550433158875,0.26654550433158875
2026,C0,1192,0.27590641379356384,0.27590641379356384
2026,C0,1193,0.18512573838233948,0.18512573838233948
2026,C0,1194,0.24679706990718842,0.24679706990718842
2026,C0,1195,0.22045820951461792,0.22045820951461792
2026,C0,1196,0.2382763922214508,0.2382763922214508
2026,C0,1197,0.17842397093772888,0.17842397093772888
2026,C0,1198,0.21078789234161377,0.21078789234161377
2026,C0,1199,0.2306528240442276,0.2306528240442276
2026,C0,1200,0.282187819480896,0.282187819480896
2026,C0,1201,0.20472902059555054,0.20472902059555054
2026,C0,1202,0.32887744903564453,0.32887744903564453
2026,C0,1203,0.22784174978733063,0.22784174978733063
2026,C0,1204,0.22930389642715454,0.22930389642715454
2026,C0,1205,0.21233510971069336,0.21233510971069336
2026,C0,1206,0.22339704632759094,0.22339704632759094
2026,C0,1207,0.29085350036621094,0.29085350036621094
2026,C0,1208,0.2480718493461609,0.2480718493461609
2026,C0,1209,0.32024526596069336,0.32024526596069336
2026,C0,1210,0.2814598083496094,0.2814598083496094
2026,C0,1211,0.18952178955078125,0.18952178955078125
2026,C0,1212,0.20332887768745422,0.20332887768745422
2026,C0,1213,0.22983774542808533,0.22983774542808533
2026,C0,1214,0.2774792015552521,0.2774792015552521
2026,C0,1215,0.23729953169822693,0.23729953169822693
2026,C0,1216,0.2293538749217987,0.2293538749217987
2026,C0,1217,0.1976512372493744,0.1976512372493744
2026,C0,1218,0.26702117919921875,0.26702117919921875
2026,C0,1219,0.16027942299842834,0.16027942299842834
2026,C0,1220,0.2592654228210449,0.2592654228210449
2026,C0,1221,0.24081380665302277,0.24081380665302277
2026,C0,1222,0.12976452708244324,0.12976452708244324
2026,C0,1223,0.19755151867866516,0.19755151867866516
2026,C0,1224,0.2077152580022812,0.2077152580022812
2026,C0,1225,0.2100811004638672,0.2100811004638672
2026,C0,1226,0.2610912024974823,0.2610912024974823
2026,C0,1227,0.2814329266548157,0.2814329266548157
2026,C0,1228,0.20867842435836792,0.20867842435836792
2026,C0,1229,0.230055570602417,0.230055570602417
2026,C0,1230,0.2688302993774414,0.2688302993774414
2026,C0,1231,0.2548424005508423,0.2548424005508423
2026,C0,1232,0.2717982232570648,0.2717982232570648
2026,C0,1233,0.17813049256801605,0.17813049256801605
2026,C0,1234,0.223958820104599,0.223958820104599
2026,C0,1235,0.21979974210262299,0.21979974210262299
2026,C0,1236,0.2822147607803345,0.2822147607803345
2026,C0,1237,0.20822519063949585,0.20822519063949585
2026,C0,1238,0.2156960815191269,0.2156960815191269
2026,C0,1239,0.2853640913963318,0.2853640913963318
2026,C0,1240,0.22476717829704285,0.22476717829704285
2026,C0,1241,0.2210536152124405,0.2210536152124405
2026,C0,1242,0.21441976726055145,0.21441976726055145
2026,C0,1243,0.24718891084194183,0.24718891084194183
2026,C0,1244,0.17406223714351654,0.17406223714351654
2026,C0,1245,0.2127271145582199,0.2127271145582199
2026,C0,1246,0.29148808121681213,0.29148808121681213
2026,C0,1247,0.29691335558891296,0.29691335558891296
2026,C0,1248,0.32901671528816223,0.32901671528816223
2026,C0,1249,0.27603355050086975,0.27603355050086975
2026,C0,1250,0.22608351707458496,0.22608351707458496
2026,C0,1251,0.24455305933952332,0.24455305933952332
2026,C0,1252,0.21032321453094482,0.21032321453094482
2026,C0,1253,0.182757169008255,0.182757169008255
2026,C0,1254,0.27764075994491577,0.27764075994491577
2026,C0,1255,0.1847294718027115,0.1847294718027115
2026,C0,1256,0.1862504780292511,0.1862504780292511
2026,C0,1257,0.1963433176279068,0.1963433176279068
2026,C0,1258,0.1764102280139923,0.1764102280139923
2026,C0,1259,0.22653637826442719,0.22653637826442719
2026,C0,1260,0.232500821352005,0.232500821352005
2026,C0,1261,0.2563895285129547,0.2563895285129547
2026,C0,1262,0.23513750731945038,0.23513750731945038
2026,C0,1263,0.24284440279006958,0.24284440279006958
2026,C0,1264,0.24367040395736694,0.24367040395736694
2026,C0,1265,0.21845126152038574,0.21845126152038574
2026,C0,1266,0.21117663383483887,0.21117663383483887
2026,C0,1267,0.2330877035856247,0.2330877035856247
2026,C0,1268,0.2383316457271576,0.2383316457271576
2026,C0,1269,0.27914541959762573,0.27914541959762573
2026,C0,1270,0.24604220688343048,0.24604220688343048
2026,C0,1271,0.23842059075832367,0.23842059075832367
2026,C0,1272,0.2620004117488861,0.2620004117488861
2026,C0,1273,0.21651265025138855,0.21651265025138855
2026,C0,1274,0.28190377354621887,0.28190377354621887
2026,C0,1275,0.2189256101846695,0.2189256101846695
2026,C0,1276,0.28159815073013306,0.28159815073013306
2026,C0,1277,0.19055941700935364,0.19055941700935364
2026,C0,1278,0.22794529795646667,0.22794529795646667
2026,C0,1279,0.1834743618965149,0.1834743618965149
2026,C0,1280,0.20921653509140015,0.20921653509140015
2026,C0,1281,0.23145127296447754,0.23145127296447754
2026,C0,1282,0.1562003642320633,0.1562003642320633
2026,C0,1283,0.2819276452064514,0.2819276452064514
2026,C0,1284,0.21718576550483704,0.21718576550483704
2026,C0,1285,0.2237187922000885,0.2237187922000885
2026,C0,1286,0.20691357553005219,0.20691357553005219
2026,C0,1287,0.2610642611980438,0.2610642611980438
2026,C0,1288,0.2568577826023102,0.2568577826023102
2026,C0,1289,0.24716787040233612,0.24716787040233612
2026,C0,1290,0.18248315155506134,0.18248315155506134
2026,C0,1291,0.2533668875694275,0.2533668875694275
2026,C0,1292,0.26533353328704834,0.26533353328704834
2026,C0,1293,0.2764374315738678,0.2764374315738678
2026,C0,1294,0.23546722531318665,0.23546722531318665
2026,C0,1295,0.2615036964416504,0.2615036964416504
2026,C0,1296,0.27939656376838684,0.27939656376838684
2026,C0,1297,0.21721410751342773,0.21721410751342773
2026,C0,1298,0.2325989305973053,0.2325989305973053
2026,C0,1299,0.22717443108558655,0.22717443108558655
2026,C0,1300,0.29792648553848267,0.29792648553848267
2026,C0,1301,0.23520731925964355,0.23520731925964355
2026,C0,1302,0.22105686366558075,0.22105686366558075
2026,C0,1303,0.2682534456253052,0.2682534456253052
2026,C0,1304,0.23509106040000916,0.23509106040000916
2026,C0,1305,0.21286168694496155,0.21286168694496155
2026,C0,1306,0.20965732634067535,0.20965732634067535
2026,C0,1307,0.2458096742630005,0.2458096742630005
2026,C0,1308,0.2571309506893158,0.2571309506893158
2026,C0,1309,0.2329619824886322,0.2329619824886322
2026,C0,1310,0.16207467019557953,0.16207467019557953
2026,C0,1311,0.21619915962219238,0.21619915962219238
2026,C0,1312,0.21713043749332428,0.21713043749332428
2026,C0,1313,0.23471568524837494,0.23471568524837494
2026,C0,1314,0.22741654515266418,0.22741654515266418
2026,C0,1315,0.258771687746048,0.258771687746048
2026,C0,1316,0.28429195284843445,0.28429195284843445
2026,C0,1317,0.2650182247161865,0.2650182247161865
2026,C0,1318,0.2772076725959778,0.2772076725959778
2026,C0,1319,0.2047240436077118,0.2047240436077118
2026,C0,1320,0.2395666539669037,0.2395666539669037
2026,C0,1321,0.2214653491973877,0.2214653491973877
2026,C0,1322,0.18989455699920654,0.18989455699920654
2026,C0,1323,0.26446524262428284,0.26446524262428284
2026,C0,1324,0.27263855934143066,0.27263855934143066
2026,C0,1325,0.28756871819496155,0.28756871819496155
2026,C0,1326,0.20559293031692505,0.20559293031692505
2026,C0,1327,0.20173700153827667,0.20173700153827667
2026,C0,1328,0.2025185376405716,0.2025185376405716
2026,C0,1329,0.2507878243923187,0.2507878243923187
2026,C0,1330,0.23924075067043304,0.23924075067043304
2026,C0,1331,0.2304638922214508,0.2304638922214508
2026,C0,1332,0.21250668168067932,0.21250668168067932
2026,C0,1333,0.2142532765865326,0.2142532765865326
2026,C0,1334,0.19547557830810547,0.19547557830810547
2026,C0,1335,0.24109303951263428,0.24109303951263428
2026,C0,1336,0.22516494989395142,0.22516494989395142
2026,C0,1337,0.27405038475990295,0.27405038475990295
2026,C0,1338,0.21380817890167236,0.21380817890167236
2026,C0,1339,0.2848801612854004,0.2848801612854004
2026,C0,1340,0.27186787128448486,0.27186787128448486
2026,C0,1341,0.21383824944496155,0.21383824944496155
2026,C0,1342,0.24395282566547394,0.24395282566547394
2026,C0,1343,0.21053805947303772,0.21053805947303772
2026,C0,1344,0.24123352766036987,0.24123352766036987
2026,C0,1345,0.23433341085910797,0.23433341085910797
2026,C0,1346,0.21632394194602966,0.21632394194602966
2026,C0,1347,0.2655982971191406,0.2655982971191406
2026,C0,1348,0.22588124871253967,0.22588124871253967
2026,C0,1349,0.22960957884788513,0.22960957884788513
2026,C0,1350,0.30568283796310425,0.30568283796310425
2026,C0,1351,0.21614578366279602,0.21614578366279602
2026,C0,1352,0.23375815153121948,0.23375815153121948
2026,C0,1353,0.22286877036094666,0.22286877036094666
2026,C0,1354,0.22362706065177917,0.22362706065177917
2026,C0,1355,0.183753103017807,0.183753103017807
2026,C0,1356,0.23623797297477722,0.23623797297477722
2026,C0,1357,0.28844356536865234,0.28844356536865234
2026,C0,1358,0.26765209436416626,0.26765209436416626
2026,C0,1359,0.18705151975154877,0.18705151975154877
2026,C0,1360,0.19946175813674927,0.19946175813674927
2026,C0,1361,0.17137108743190765,0.17137108743190765
2026,C0,1362,0.2535283863544464,0.2535283863544464
2026,C0,1363,0.2622118294239044,0.2622118294239044
2026,C0,1364,0.23786085844039917,0.23786085844039917
2026,C0,1365,0.15679407119750977,0.15679407119750977
2026,C0,1366,0.2733761668205261,0.2733761668205261
2026,C0,1367,0.20689693093299866,0.20689693093299866
2026,C0,1368,0.22325673699378967,0.22325673699378967
2026,C0,1369,0.24118366837501526,0.24118366837501526
2026,C0,1370,0.2539138197898865,0.2539138197898865
2026,C0,1371,0.22918573021888733,0.22918573021888733
2026,C0,1372,0.24541833996772766,0.24541833996772766
2026,C0,1373,0.24151316285133362,0.24151316285133362
2026,C0,1374,0.22662699222564697,0.22662699222564697
2026,C0,1375,0.2123313844203949,0.2123313844203949
2026,C0,1376,0.1875864565372467,0.1875864565372467
2026,C0,1377,0.21409183740615845,0.21409183740615845
2026,C0,1378,0.24766069650650024,0.24766069650650024
2026,C0,1379,0.18273600935935974,0.18273600935935974
2026,C0,1380,0.19900213181972504,0.19900213181972504
2026,C0,1381,0.2326546609401703,0.2326546609401703
2026,C0,1382,0.2473990023136139,0.2473990023136139
2026,C0,1383,0.24459269642829895,0.24459269642829895
2026,C0,1384,0.2051016092300415,0.2051016092300415
2026,C0,1385,0.22478176653385162,0.22478176653385162
2026,C0,1386,0.2601911127567291,0.2601911127567291
2026,C0,1387,0.15949292480945587,0.15949292480945587
2026,C0,1388,0.2629314959049225,0.2629314959049225
2026,C0,1389,0.2144441306591034,0.2144441306591034
2026,C0,1390,0.24001415073871613,0.24001415073871613
2026,C0,1391,0.24964335560798645,0.24964335560798645
2026,C0,1392,0.21670572459697723,0.21670572459697723
2026,C0,1393,0.22646614909172058,0.22646614909172058
2026,C0,1394,0.2384701520204544,0.2384701520204544
2026,C0,1395,0.2513429522514343,0.2513429522514343
2026,C0,1396,0.2536497116088867,0.2536497116088867
2026,C0,1397,0.2665060758590698,0.2665060758590698
2026,C0,1398,0.21153676509857178,0.21153676509857178
2026,C0,1399,0.2349248230457306,0.2349248230457306
2026,C0,1400,0.28166353702545166,0.28166353702545166
2026,C0,1401,0.27100318670272827,0.27100318670272827
2026,C0,1402,0.20612001419067383,0.20612001419067383
2026,C0,1403,0.21145416796207428,0.21145416796207428
2026,C0,1404,0.2316260039806366,0.2316260039806366
2026,C0,1405,0.21152226626873016,0.21152226626873016
2026,C0,1406,0.2688841223716736,0.2688841223716736
2026,C0,1407,0.2207411229610443,0.2207411229610443
2026,C0,1408,0.25031623244285583,0.25031623244285583
2026,C0,1409,0.20498888194561005,0.20498888194561005
2026,C0,1410,0.18877756595611572,0.18877756595611572
2026,C0,1411,0.22274985909461975,0.22274985909461975
2026,C0,1412,0.2751443684101105,0.2751443684101105
2026,C0,1413,0.24647578597068787,0.24647578597068787
2026,C0,1414,0.26252707839012146,0.26252707839012146
2026,C0,1415,0.23080289363861084,0.23080289363861084
2026,C0,1416,0.2541031539440155,0.2541031539440155
2026,C0,1417,0.19835872948169708,0.19835872948169708
2026,C0,1418,0.25610780715942383,0.25610780715942383
2026,C0,1419,0.25067776441574097,0.25067776441574097
2026,C0,1420,0.26342806220054626,0.26342806220054626
2026,C0,1421,0.23498426377773285,0.23498426377773285
2026,C0,1422,0.21190834045410156,0.21190834045410156
2026,C0,1423,0.28996944427490234,0.28996944427490234
2026,C0,1424,0.24798721075057983,0.24798721075057983
2026,C0,1425,0.2344972789287567,0.2344972789287567
2026,C0,1426,0.22321707010269165,0.22321707010269165
2026,C0,1427,0.1983456313610077,0.1983456313610077
2026,C0,1428,0.18531085550785065,0.18531085550785065
2026,C0,1429,0.18802359700202942,0.18802359700202942
2026,C0,1430,0.23875950276851654,0.23875950276851654
2026,C0,1431,0.19118541479110718,0.19118541479110718
2026,C0,1432,0.22956165671348572,0.22956165671348572
2026,C0,1433,0.19602978229522705,0.19602978229522705
2026,C0,1434,0.2733742594718933,0.2733742594718933
2026,C0,1435,0.18147656321525574,0.18147656321525574
2026,C0,1436,0.2503185272216797,0.2503185272216797
2026,C0,1437,0.2393878698348999,0.2393878698348999
2026,C0,1438,0.25965434312820435,0.25965434312820435
2026,C0,1439,0.14597415924072266,0.14597415924072266
2026,C0,1440,0.17525848746299744,0.17525848746299744
2026,C0,1441,0.2038242220878601,0.2038242220878601
2026,C0,1442,0.25816425681114197,0.25816425681114197
2026,C0,1443,0.3103671073913574,0.3103671073913574
2026,C0,1444,0.25438740849494934,0.25438740849494934
2026,C0,1445,0.23200184106826782,0.23200184106826782
2026,C0,1446,0.20664550364017487,0.20664550364017487
2026,C0,1447,0.1736735701560974,0.1736735701560974
2026,C0,1448,0.25656846165657043,0.25656846165657043
2026,C0,1449,0.21081092953681946,0.21081092953681946
2026,C0,1450,0.25915542244911194,0.25915542244911194
2026,C0,1451,0.2800152003765106,0.2800152003765106
2026,C0,1452,0.2924075722694397,0.2924075722694397
2026,C0,1453,0.33374813199043274,0.33374813199043274
2026,C0,1454,0.293030709028244,0.293030709028244
2026,C0,1455,0.23937541246414185,0.23937541246414185
2026,C0,1456,0.23001688718795776,0.23001688718795776
2026,C0,1457,0.17128881812095642,0.17128881812095642
2026,C0,1458,0.24715198576450348,0.24715198576450348
2026,C0,1459,0.2180134356021881,0.2180134356021881
2026,C0,1460,0.24014022946357727,0.24014022946357727
2026,C0,1461,0.22154998779296875,0.22154998779296875
2026,C0,1462,0.27479034662246704,0.27479034662246704
2026,C0,1463,0.18912991881370544,0.18912991881370544
2026,C0,1464,0.2297675609588623,0.2297675609588623
2026,C0,1465,0.22147485613822937,0.22147485613822937
2026,C0,1466,0.18567323684692383,0.18567323684692383
2026,C0,1467,0.25115641951560974,0.25115641951560974
2026,C0,1468,0.24299760162830353,0.24299760162830353
2026,C0,1469,0.17785286903381348,0.17785286903381348
2026,C0,1470,0.24704541265964508,0.24704541265964508
2026,C0,1471,0.21216319501399994,0.21216319501399994
2026,C0,1472,0.25829559564590454,0.25829559564590454
2026,C0,1473,0.22986271977424622,0.22986271977424622
2026,C0,1474,0.24148885905742645,0.24148885905742645
2026,C0,1475,0.22900205850601196,0.22900205850601196
2026,C0,1476,0.26961249113082886,0.26961249113082886
2026,C0,1477,0.25833266973495483,0.25833266973495483
2026,C0,1478,0.23069697618484497,0.23069697618484497
2026,C0,1479,0.23296651244163513,0.23296651244163513
2026,C0,1480,0.1769341230392456,0.1769341230392456
2026,C0,1481,0.2040475308895111,0.2040475308895111
2026,C0,1482,0.24666932225227356,0.24666932225227356
2026,C0,1483,0.24491330981254578,0.24491330981254578
2026,C0,1484,0.23799803853034973,0.23799803853034973
2026,C0,1485,0.20406678318977356,0.20406678318977356
2026,C0,1486,0.22324906289577484,0.22324906289577484
2026,C0,1487,0.27082937955856323,0.27082937955856323
2026,C0,1488,0.22104856371879578,0.22104856371879578
2026,C0,1489,0.21271568536758423,0.21271568536758423
2026,C0,1490,0.2488185167312622,0.2488185167312622
2026,C0,1491,0.24364571273326874,0.24364571273326874
2026,C0,1492,0.21763527393341064,0.21763527393341064
2026,C0,1493,0.22612985968589783,0.22612985968589783
2026,C0,1494,0.18034109473228455,0.18034109473228455
2026,C0,1495,0.1834350824356079,0.1834350824356079
2026,C0,1496,0.2815346121788025,0.2815346121788025
2026,C0,1497,0.24475078284740448,0.24475078284740448
2026,C0,1498,0.22819116711616516,0.22819116711616516
2026,C0,1499,0.21350377798080444,0.21350377798080444
2026,C0,1500,0.2659355401992798,0.2659355401992798
2026,C0,1501,0.1690991371870041,0.1690991371870041
2026,C0,1502,0.2881428003311157,0.2881428003311157
2026,C0,1503,0.23535683751106262,0.23535683751106262
2026,C0,1504,0.26011618971824646,0.26011618971824646
2026,C0,1505,0.22145822644233704,0.22145822644233704
2026,C0,1506,0.20066645741462708,0.20066645741462708
2026,C0,1507,0.19361308217048645,0.19361308217048645
2026,C0,1508,0.22297818958759308,0.22297818958759308
2026,C0,1509,0.21958108246326447,0.21958108246326447
2026,C0,1510,0.21018055081367493,0.21018055081367493
2026,C0,1511,0.16900166869163513,0.16900166869163513
2026,C0,1512,0.18180660903453827,0.18180660903453827
2026,C0,1513,0.2664869725704193,0.2664869725704193
2026,C0,1514,0.27952319383621216,0.27952319383621216
2026,C0,1515,0.25675421953201294,0.25675421953201294
2026,C0,1516,0.2677183747291565,0.2677183747291565
2026,C0,1517,0.26374971866607666,0.26374971866607666
2026,C0,1518,0.2712416350841522,0.2712416350841522
2026,C0,1519,0.22119756042957306,0.22119756042957306
2026,C0,1520,0.24313513934612274,0.24313513934612274
2026,C0,1521,0.18594852089881897,0.18594852089881897
2026,C0,1522,0.2684475779533386,0.2684475779533386
2026,C0,1523,0.2721961736679077,0.2721961736679077
2026,C0,1524,0.25613051652908325,0.25613051652908325
2026,C0,1525,0.2654949724674225,0.2654949724674225
2026,C0,1526,0.29054245352745056,0.29054245352745056
2026,C0,1527,0.2180781066417694,0.2180781066417694
2026,C0,1528,0.261766254901886,0.261766254901886
2026,C0,1529,0.2655770778656006,0.2655770778656006
2026,C0,1530,0.20112523436546326,0.20112523436546326
2026,C0,1531,0.21143826842308044,0.21143826842308044
2026,C0,1532,0.27051448822021484,0.27051448822021484
2026,C0,1533,0.17146387696266174,0.17146387696266174
2026,C0,1534,0.19558240473270416,0.19558240473270416
2026,C0,1535,0.17540806531906128,0.17540806531906128
2026,C0,1536,0.20152994990348816,0.20152994990348816
2026,C0,1537,0.22284241020679474,0.22284241020679474
2026,C0,1538,0.23220932483673096,0.23220932483673096
2026,C0,1539,0.25843822956085205,0.25843822956085205
2026,C0,1540,0.23059168457984924,0.23059168457984924
2026,C0,1541,0.32071006298065186,0.32071006298065186
2026,C0,1542,0.22787928581237793,0.22787928581237793
2026,C0,1543,0.21212434768676758,0.21212434768676758
2026,C0,1544,0.29025599360466003,0.29025599360466003
2026,C0,1545,0.2782374620437622,0.2782374620437622
2026,C0,1546,0.267520546913147,0.267520546913147
2026,C0,1547,0.26213350892066956,0.26213350892066956
2026,C0,1548,0.2443406730890274,0.2443406730890274
2026,C0,1549,0.2485525757074356,0.2485525757074356
2026,C0,1550,0.2582816779613495,0.2582816779613495
2026,C0,1551,0.22363083064556122,0.22363083064556122
2026,C0,1552,0.19852477312088013,0.19852477312088013
2026,C0,1553,0.2607678771018982,0.2607678771018982
2026,C0,1554,0.2758522033691406,0.2758522033691406
2026,C0,1555,0.18510358035564423,0.18510358035564423
2026,C0,1556,0.21269139647483826,0.21269139647483826
2026,C0,1557,0.22336773574352264,0.22336773574352264
2026,C0,1558,0.19954027235507965,0.19954027235507965
2026,C0,1559,0.23043546080589294,0.23043546080589294
2026,C0,1560,0.22318661212921143,0.22318661212921143
2026,C0,1561,0.20192283391952515,0.20192283391952515
2026,C0,1562,0.24371786415576935,0.24371786415576935
2026,C0,1563,0.20256094634532928,0.20256094634532928
2026,C0,1564,0.24136678874492645,0.24136678874492645
2026,C0,1565,0.2477022260427475,0.2477022260427475
2026,C0,1566,0.2538009285926819,0.2538009285926819
2026,C0,1567,0.19380192458629608,0.19380192458629608
2026,C0,1568,0.20127654075622559,0.20127654075622559
2026,C0,1569,0.19115839898586273,0.19115839898586273
2026,C0,1570,0.21705077588558197,0.21705077588558197
2026,C0,1571,0.22094157338142395,0.22094157338142395
2026,C0,1572,0.2648357152938843,0.2648357152938843
2026,C0,1573,0.24657121300697327,0.24657121300697327
2026,C0,1574,0.3143615126609802,0.3143615126609802
2026,C0,1575,0.22068989276885986,0.22068989276885986
2026,C0,1576,0.23096467554569244,0.23096467554569244
2026,C0,1577,0.1992315649986267,0.1992315649986267
2026,C0,1578,0.21830402314662933,0.21830402314662933
2026,C0,1579,0.21577714383602142,0.21577714383602142
2026,C0,1580,0.2286163866519928,0.2286163866519928
2026,C0,1581,0.2432979941368103,0.2432979941368103
2026,C0,1582,0.28234800696372986,0.28234800696372986
2026,C0,1583,0.16296428442001343,0.16296428442001343
2026,C0,1584,0.22069688141345978,0.22069688141345978
2026,C0,1585,0.22998496890068054,0.22998496890068054
2026,C0,1586,0.20515266060829163,0.20515266060829163
2026,C0,1587,0.27718836069107056,0.27718836069107056
2026,C0,1588,0.20238462090492249,0.20238462090492249
2026,C0,1589,0.17905735969543457,0.17905735969543457
2026,C0,1590,0.19012010097503662,0.19012010097503662
2026,C0,1591,0.25557610392570496,0.25557610392570496
2026,C0,1592,0.30214378237724304,0.30214378237724304
2026,C0,1593,0.3259701430797577,0.3259701430797577
2026,C0,1594,0.21891799569129944,0.21891799569129944
2026,C0,1595,0.18477687239646912,0.18477687239646912
2026,C0,1596,0.21198523044586182,0.21198523044586182
2026,C0,1597,0.2232016921043396,0.2232016921043396
2026,C0,1598,0.21143370866775513,0.21143370866775513
2026,C0,1599,0.24344781041145325,0.24344781041145325
2026,C0,1600,0.1882960945367813,0.1882960945367813
2026,C0,1601,0.20074009895324707,0.20074009895324707
2026,C0,1602,0.2643076181411743,0.2643076181411743
2026,C0,1603,0.20421820878982544,0.20421820878982544
2026,C0,1604,0.24706962704658508,0.24706962704658508
2026,C0,1605,0.23811517655849457,0.23811517655849457
2026,C0,1606,0.2679181694984436,0.2679181694984436
2026,C0,1607,0.2355729192495346,0.2355729192495346
2026,C0,1608,0.23835858702659607,0.23835858702659607
2026,C0,1609,0.21696417033672333,0.21696417033672333
2026,C0,1610,0.2726774215698242,0.2726774215698242
2026,C0,1611,0.2803758978843689,0.2803758978843689
2026,C0,1612,0.2356857806444168,0.2356857806444168
2026,C0,1613,0.21928733587265015,0.21928733587265015
2026,C0,1614,0.26505139470100403,0.26505139470100403
2026,C0,1615,0.301680326461792,0.301680326461792
2026,C0,1616,0.2085782140493393,0.2085782140493393
2026,C0,1617,0.18835067749023438,0.18835067749023438
2026,C0,1618,0.22848758101463318,0.22848758101463318
2026,C0,1619,0.25372740626335144,0.25372740626335144
2026,C0,1620,0.25416427850723267,0.25416427850723267
2026,C0,1621,0.22692878544330597,0.22692878544330597
2026,C0,1622,0.2339870035648346,0.2339870035648346
2026,C0,1623,0.2307642698287964,0.2307642698287964
2026,C0,1624,0.20392483472824097,0.20392483472824097
2026,C0,1625,0.2535542845726013,0.2535542845726013
2026,C0,1626,0.2564811110496521,0.2564811110496521
2026,C0,1627,0.2100110948085785,0.2100110948085785
2026,C0,1628,0.23108217120170593,0.23108217120170593
2026,C0,1629,0.23911413550376892,0.23911413550376892
2026,C0,1630,0.21861955523490906,0.21861955523490906
2026,C0,1631,0.20836403965950012,0.20836403965950012
2026,C0,1632,0.2637264132499695,0.2637264132499695
2026,C0,1633,0.2451574206352234,0.2451574206352234
2026,C0,1634,0.28647851943969727,0.28647851943969727
2026,C0,1635,0.20600779354572296,0.20600779354572296
2026,C0,1636,0.2444285750389099,0.2444285750389099
2026,C0,1637,0.22137418389320374,0.22137418389320374
2026,C0,1638,0.19275465607643127,0.19275465607643127
2026,C0,1639,0.2425091564655304,0.2425091564655304
2026,C0,1640,0.25267547369003296,0.25267547369003296
2026,C0,1641,0.23953568935394287,0.23953568935394287
2026,C0,1642,0.21935753524303436,0.21935753524303436
2026,C0,1643,0.23274505138397217,0.23274505138397217
2026,C0,1644,0.3113497197628021,0.3113497197628021
2026,C0,1645,0.25592172145843506,0.25592172145843506
2026,C0,1646,0.2686534523963928,0.2686534523963928
2026,C0,1647,0.22055481374263763,0.22055481374263763
2026,C0,1648,0.24586442112922668,0.24586442112922668
2026,C0,1649,0.24631983041763306,0.24631983041763306
2026,C0,1650,0.21303901076316833,0.21303901076316833
2026,C0,1651,0.16970977187156677,0.16970977187156677
2026,C0,1652,0.2680566906929016,0.2680566906929016
2026,C0,1653,0.21528613567352295,0.21528613567352295
2026,C0,1654,0.21328821778297424,0.21328821778297424
2026,C0,1655,0.2758390009403229,0.2758390009403229
2026,C0,1656,0.22996370494365692,0.22996370494365692
2026,C0,1657,0.21539348363876343,0.21539348363876343
2026,C0,1658,0.262529194355011,0.262529194355011
2026,C0,1659,0.18674248456954956,0.18674248456954956
2026,C0,1660,0.19644036889076233,0.19644036889076233
2026,C0,1661,0.24547240138053894,0.24547240138053894
2026,C0,1662,0.2601086497306824,0.2601086497306824
2026,C0,1663,0.26729297637939453,0.26729297637939453
2026,C0,1664,0.25871628522872925,0.25871628522872925
2026,C0,1665,0.18966320157051086,0.18966320157051086
2026,C0,1666,0.21536681056022644,0.21536681056022644
2026,C0,1667,0.2716144621372223,0.2716144621372223
2026,C0,1668,0.18964549899101257,0.18964549899101257
2026,C0,1669,0.26453280448913574,0.26453280448913574
2026,C0,1670,0.23513458669185638,0.23513458669185638
2026,C0,1671,0.24991707503795624,0.24991707503795624
2026,C0,1672,0.21747180819511414,0.21747180819511414
2026,C0,1673,0.20464420318603516,0.20464420318603516
2026,C0,1674,0.24967926740646362,0.24967926740646362
2026,C0,1675,0.25901490449905396,0.25901490449905396
2026,C0,1676,0.2401355355978012,0.2401355355978012
2026,C0,1677,0.22048117220401764,0.22048117220401764
2026,C0,1678,0.14376655220985413,0.14376655220985413
2026,C0,1679,0.21349921822547913,0.21349921822547913
2026,C0,1680,0.19008603692054749,0.19008603692054749
2026,C0,1681,0.15374024212360382,0.15374024212360382
2026,C0,1682,0.2549061179161072,0.2549061179161072
2026,C0,1683,0.20320051908493042,0.20320051908493042
2026,C0,1684,0.17820750176906586,0.17820750176906586
2026,C0,1685,0.22554606199264526,0.22554606199264526
2026,C0,1686,0.23363074660301208,0.23363074660301208
2026,C0,1687,0.2535625100135803,0.2535625100135803
2026,C0,1688,0.16405001282691956,0.16405001282691956
2026,C0,1689,0.25811249017715454,0.25811249017715454
2026,C0,1690,0.18252654373645782,0.18252654373645782
2026,C0,1691,0.26143038272857666,0.26143038272857666
2026,C0,1692,0.21320617198944092,0.21320617198944092
2026,C0,1693,0.2564968466758728,0.2564968466758728
2026,C0,1694,0.2342226356267929,0.2342226356267929
2026,C0,1695,0.2523345947265625,0.2523345947265625
2026,C0,1696,0.20059633255004883,0.20059633255004883
2026,C0,1697,0.20964974164962769,0.20964974164962769
2026,C0,1698,0.22208867967128754,0.22208867967128754
2026,C0,1699,0.2663346529006958,0.2663346529006958
2026,C0,1700,0.19765691459178925,0.19765691459178925
2026,C0,1701,0.19339138269424438,0.19339138269424438
2026,C0,1702,0.2547944486141205,0.2547944486141205
2026,C0,1703,0.2535920739173889,0.2535920739173889
2026,C0,1704,0.1931769847869873,0.1931769847869873
2026,C0,1705,0.15839169919490814,0.15839169919490814
2026,C0,1706,0.22391659021377563,0.22391659021377563
2026,C0,1707,0.2464475929737091,0.2464475929737091
2026,C0,1708,0.15891975164413452,0.15891975164413452
2026,C0,1709,0.2440750002861023,0.2440750002861023
2026,C0,1710,0.16574975848197937,0.16574975848197937
2026,C0,1711,0.19679343700408936,0.19679343700408936
2026,C0,1712,0.20549052953720093,0.20549052953720093
2026,C0,1713,0.19337961077690125,0.19337961077690125
2026,C0,1714,0.203859344124794,0.203859344124794
2026,C0,1715,0.18345516920089722,0.18345516920089722
2026,C0,1716,0.20860742032527924,0.20860742032527924
2026,C0,1717,0.25149837136268616,0.25149837136268616
2026,C0,1718,0.20219522714614868,0.20219522714614868
2026,C0,1719,0.22379930317401886,0.22379930317401886
2026,C0,1720,0.20797055959701538,0.20797055959701538
2026,C0,1721,0.2338632047176361,0.2338632047176361
2026,C0,1722,0.22696727514266968,0.22696727514266968
2026,C0,1723,0.24054689705371857,0.24054689705371857
2026,C0,1724,0.22331610321998596,0.22331610321998596
2026,C0,1725,0.23151221871376038,0.23151221871376038
2026,C0,1726,0.1852753758430481,0.1852753758430481
2026,C0,1727,0.216691792011261,0.216691792011261
2026,C0,1728,0.21569359302520752,0.21569359302520752
2026,C0,1729,0.26423192024230957,0.26423192024230957
2026,C0,1730,0.26352980732917786,0.26352980732917786
2026,C0,1731,0.16683310270309448,0.16683310270309448
2026,C0,1732,0.2294001281261444,0.2294001281261444
2026,C0,1733,0.19853565096855164,0.19853565096855164
2026,C0,1734,0.2171512246131897,0.2171512246131897
2026,C0,1735,0.24241885542869568,0.24241885542869568
2026,C0,1736,0.25005435943603516,0.25005435943603516
2026,C0,1737,0.28863924741744995,0.28863924741744995
2026,C0,1738,0.24047741293907166,0.24047741293907166
2026,C0,1739,0.28745561838150024,0.28745561838150024
2026,C0,1740,0.21473118662834167,0.21473118662834167
2026,C0,1741,0.22149065136909485,0.22149065136909485
2026,C0,1742,0.24840272963047028,0.24840272963047028
2026,C0,1743,0.23908577859401703,0.23908577859401703
2026,C0,1744,0.24513450264930725,0.24513450264930725
2026,C0,1745,0.24859163165092468,0.24859163165092468
2026,C0,1746,0.23474964499473572,0.23474964499473572
2026,C0,1747,0.2767665386199951,0.2767665386199951
2026,C0,1748,0.2078831046819687,0.2078831046819687
2026,C0,1749,0.24082139134407043,0.24082139134407043
2026,C0,1750,0.24725113809108734,0.24725113809108734
2026,C0,1751,0.20188824832439423,0.20188824832439423
2026,C0,1752,0.2835600674152374,0.2835600674152374
2026,C0,1753,0.266185998916626,0.266185998916626
2026,C0,1754,0.2633375823497772,0.2633375823497772
2026,C0,1755,0.19348345696926117,0.19348345696926117
2026,C0,1756,0.26285308599472046,0.26285308599472046
2026,C0,1757,0.17191612720489502,0.17191612720489502
2026,C0,1758,0.21694415807724,0.21694415807724
2026,C0,1759,0.2479337751865387,0.2479337751865387
2026,C0,1760,0.23620925843715668,0.23620925843715668
2026,C0,1761,0.2551530599594116,0.2551530599594116
2026,C0,1762,0.3077266216278076,0.3077266216278076
2026,C0,1763,0.17646610736846924,0.17646610736846924
2026,C0,1764,0.3146302103996277,0.3146302103996277
2026,C0,1765,0.1967787742614746,0.1967787742614746
2026,C0,1766,0.24622899293899536,0.24622899293899536
2026,C0,1767,0.3108522891998291,0.3108522891998291
2026,C0,1768,0.1846371740102768,0.1846371740102768
2026,C0,1769,0.20379619300365448,0.20379619300365448
2026,C0,1770,0.19107602536678314,0.19107602536678314
2026,C0,1771,0.28315073251724243,0.28315073251724243
2026,C0,1772,0.20862799882888794,0.20862799882888794
2026,C0,1773,0.24187853932380676,0.24187853932380676
2026,C0,1774,0.1922091692686081,0.1922091692686081
2026,C0,1775,0.1945939064025879,0.1945939064025879
2026,C0,1776,0.2357790321111679,0.2357790321111679
2026,C0,1777,0.24627578258514404,0.24627578258514404
2026,C0,1778,0.23030149936676025,0.23030149936676025
2026,C0,1779,0.2172289490699768,0.2172289490699768
2026,C0,1780,0.2734130024909973,0.2734130024909973
2026,C0,1781,0.2376174032688141,0.2376174032688141
2026,C0,1782,0.26781725883483887,0.26781725883483887
2026,C0,1783,0.24442915618419647,0.24442915618419647
2026,C0,1784,0.23004008829593658,0.23004008829593658
2026,C0,1785,0.21978390216827393,0.21978390216827393
2026,C0,1786,0.1983906477689743,0.1983906477689743
2026,C0,1787,0.2714017629623413,0.2714017629623413
2026,C0,1788,0.19401247799396515,0.19401247799396515
2026,C0,1789,0.21395736932754517,0.21395736932754517
2026,C0,1790,0.16170383989810944,0.16170383989810944
2026,C0,1791,0.22068889439105988,0.22068889439105988
2026,C0,1792,0.2037077248096466,0.2037077248096466
2026,C0,1793,0.25514328479766846,0.25514328479766846
2026,C0,1794,0.20785033702850342,0.20785033702850342
2026,C0,1795,0.21628180146217346,0.21628180146217346
2026,C0,1796,0.19385568797588348,0.19385568797588348
2026,C0,1797,0.19362033903598785,0.19362033903598785
2026,C0,1798,0.19361436367034912,0.19361436367034912
2026,C0,1799,0.20680423080921173,0.20680423080921173
2026,C0,1800,0.23726388812065125,0.23726388812065125
2026,C0,1801,0.18721993267536163,0.18721993267536163
2026,C0,1802,0.20600473880767822,0.20600473880767822
2026,C0,1803,0.23572984337806702,0.23572984337806702
2026,C0,1804,0.20935112237930298,0.20935112237930298
2026,C0,1805,0.17027544975280762,0.17027544975280762
2026,C0,1806,0.19290173053741455,0.19290173053741455
2026,C0,1807,0.2370905876159668,0.2370905876159668
2026,C0,1808,0.25080347061157227,0.25080347061157227
2026,C0,1809,0.1650875210762024,0.1650875210762024
2026,C0,1810,0.19392289221286774,0.19392289221286774
2026,C0,1811,0.22191739082336426,0.22191739082336426
2026,C0,1812,0.2626097500324249,0.2626097500324249
2026,C0,1813,0.2852720022201538,0.2852720022201538
2026,C0,1814,0.19656211137771606,0.19656211137771606
2026,C0,1815,0.1914786398410797,0.1914786398410797
2026,C0,1816,0.19512808322906494,0.19512808322906494
2026,C0,1817,0.21317189931869507,0.21317189931869507
2026,C0,1818,0.228445366024971,0.228445366024971
2026,C0,1819,0.2725949287414551,0.2725949287414551
2026,C0,1820,0.26275670528411865,0.26275670528411865
2026,C0,1821,0.2164323776960373,0.2164323776960373
2026,C0,1822,0.24494284391403198,0.24494284391403198
2026,C0,1823,0.2403317093849182,0.2403317093849182
2026,C0,1824,0.18478719890117645,0.18478719890117645
2026,C0,1825,0.1914513260126114,0.1914513260126114
2026,C0,1826,0.2139989733695984,0.2139989733695984
2026,C0,1827,0.24654613435268402,0.24654613435268402
2026,C0,1828,0.2552913725376129,0.2552913725376129
2026,C0,1829,0.21472415328025818,0.21472415328025818
2026,C0,1830,0.2814502716064453,0.2814502716064453
2026,C0,1831,0.27967649698257446,0.27967649698257446
2026,C0,1832,0.23619744181632996,0.23619744181632996
2026,C0,1833,0.2856088876724243,0.2856088876724243
2026,C0,1834,0.1969529539346695,0.1969529539346695
2026,C0,1835,0.2226395159959793,0.2226395159959793
2026,C0,1836,0.21920818090438843,0.21920818090438843
2026,C0,1837,0.18324080109596252,0.18324080109596252
2026,C0,1838,0.32171982526779175,0.32171982526779175
2026,C0,1839,0.23790252208709717,0.23790252208709717
2026,C0,1840,0.2329384982585907,0.2329384982585907
2026,C0,1841,0.23132368922233582,0.23132368922233582
2026,C0,1842,0.1855645626783371,0.1855645626783371
2026,C0,1843,0.2310464233160019,0.2310464233160019
2026,C0,1844,0.20985177159309387,0.20985177159309387
2026,C0,1845,0.20737943053245544,0.20737943053245544
2026,C0,1846,0.21243634819984436,0.21243634819984436
2026,C0,1847,0.19132111966609955,0.19132111966609955
2026,C0,1848,0.2160639762878418,0.2160639762878418
2026,C0,1849,0.2446288913488388,0.2446288913488388
2026,C0,1850,0.23812314867973328,0.23812314867973328
2026,C0,1851,0.23592771589756012,0.23592771589756012
2026,C0,1852,0.2377469837665558,0.2377469837665558
2026,C0,1853,0.16421011090278625,0.16421011090278625
2026,C0,1854,0.2760314345359802,0.2760314345359802
2026,C0,1855,0.3002180755138397,0.3002180755138397
2026,C0,1856,0.23206092417240143,0.23206092417240143
2026,C0,1857,0.22867240011692047,0.22867240011692047
2026,C0,1858,0.18870359659194946,0.18870359659194946
2026,C0,1859,0.26527053117752075,0.26527053117752075
2026,C0,1860,0.2693864703178406,0.2693864703178406
2026,C0,1861,0.23285076022148132,0.23285076022148132
2026,C0,1862,0.23425617814064026,0.23425617814064026
2026,C0,1863,0.23420749604701996,0.23420749604701996
2026,C0,1864,0.1747872233390808,0.1747872233390808
2026,C0,1865,0.24187816679477692,0.24187816679477692
2026,C0,1866,0.22744864225387573,0.22744864225387573
2026,C0,1867,0.23779553174972534,0.23779553174972534
2026,C0,1868,0.1882259100675583,0.1882259100675583
2026,C0,1869,0.16865907609462738,0.16865907609462738
2026,C0,1870,0.19878527522087097,0.19878527522087097
2026,C0,1871,0.18846604228019714,0.18846604228019714
2026,C0,1872,0.17736509442329407,0.17736509442329407
2026,C0,1873,0.2486003190279007,0.2486003190279007
2026,C0,1874,0.21805769205093384,0.21805769205093384
2026,C0,1875,0.29812437295913696,0.29812437295913696
2026,C0,1876,0.2694433927536011,0.2694433927536011
2026,C0,1877,0.23404963314533234,0.23404963314533234
2026,C0,1878,0.2385747730731964,0.2385747730731964
2026,C0,1879,0.17924422025680542,0.17924422025680542
2026,C0,1880,0.26780417561531067,0.26780417561531067
2026,C0,1881,0.2551542818546295,0.2551542818546295
2026,C0,1882,0.2526024580001831,0.2526024580001831
2026,C0,1883,0.23343446850776672,0.23343446850776672
2026,C0,1884,0.1901736855506897,0.1901736855506897
2026,C0,1885,0.1953817903995514,0.1953817903995514
2026,C0,1886,0.2905470132827759,0.2905470132827759
2026,C0,1887,0.1880037784576416,0.1880037784576416
2026,C0,1888,0.2158464938402176,0.2158464938402176
2026,C0,1889,0.17351701855659485,0.17351701855659485
2026,C0,1890,0.2096337378025055,0.2096337378025055
2026,C0,1891,0.23539018630981445,0.23539018630981445
2026,C0,1892,0.31269747018814087,0.31269747018814087
2026,C0,1893,0.263053297996521,0.263053297996521
2026,C0,1894,0.17364543676376343,0.17364543676376343
2026,C0,1895,0.28066158294677734,0.28066158294677734
2026,C0,1896,0.24098148941993713,0.24098148941993713
2026,C0,1897,0.24042043089866638,0.24042043089866638
2026,C0,1898,0.2404700517654419,0.2404700517654419
2026,C0,1899,0.2004554569721222,0.2004554569721222
2026,C0,1900,0.28621581196784973,0.28621581196784973
2026,C0,1901,0.21855969727039337,0.21855969727039337
2026,C0,1902,0.20349101722240448,0.20349101722240448
2026,C0,1903,0.20530599355697632,0.20530599355697632
2026,C0,1904,0.2610693573951721,0.2610693573951721
2026,C0,1905,0.24958106875419617,0.24958106875419617
2026,C0,1906,0.2299153357744217,0.2299153357744217
2026,C0,1907,0.23137827217578888,0.23137827217578888
2026,C0,1908,0.29442891478538513,0.29442891478538513
2026,C0,1909,0.2556186616420746,0.2556186616420746
2026,C0,1910,0.24293476343154907,0.24293476343154907
2026,C0,1911,0.22685447335243225,0.22685447335243225
2026,C0,1912,0.2364673912525177,0.2364673912525177
2026,C0,1913,0.21183057129383087,0.21183057129383087
2026,C0,1914,0.1989014744758606,0.1989014744758606
2026,C0,1915,0.2545126974582672,0.2545126974582672
2026,C0,1916,0.22837166488170624,0.22837166488170624
2026,C0,1917,0.23421911895275116,0.23421911895275116
2026,C0,1918,0.21293577551841736,0.21293577551841736
2026,C0,1919,0.27692514657974243,0.27692514657974243
2026,C0,1920,0.24414187669754028,0.24414187669754028
2026,C0,1921,0.2701908349990845,0.2701908349990845
2026,C0,1922,0.2691252827644348,0.2691252827644348
2026,C0,1923,0.22327524423599243,0.22327524423599243
2026,C0,1924,0.2398940920829773,0.2398940920829773
2026,C0,1925,0.23261100053787231,0.23261100053787231
2026,C0,1926,0.24738825857639313,0.24738825857639313
2026,C0,1927,0.1848275512456894,0.1848275512456894
2026,C0,1928,0.19302457571029663,0.19302457571029663
2026,C0,1929,0.19925521314144135,0.19925521314144135
2026,C0,1930,0.1852928102016449,0.1852928102016449
2026,C0,1931,0.22945727407932281,0.22945727407932281
2026,C0,1932,0.17316612601280212,0.17316612601280212
2026,C0,1933,0.2341064065694809,0.2341064065694809
2026,C0,1934,0.24777698516845703,0.24777698516845703
2026,C0,1935,0.2312902808189392,0.2312902808189392
2026,C0,1936,0.2659333348274231,0.2659333348274231
2026,C0,1937,0.1682494878768921,0.1682494878768921
2026,C0,1938,0.19879966974258423,0.19879966974258423
2026,C0,1939,0.21134290099143982,0.21134290099143982
2026,C0,1940,0.28175342082977295,0.28175342082977295
2026,C0,1941,0.18317058682441711,0.18317058682441711
2026,C0,1942,0.23201262950897217,0.23201262950897217
2026,C0,1943,0.26288044452667236,0.26288044452667236
2026,C0,1944,0.21597594022750854,0.21597594022750854
2026,C0,1945,0.1897067427635193,0.1897067427635193
2026,C0,1946,0.2083253711462021,0.2083253711462021
2026,C0,1947,0.22803297638893127,0.22803297638893127
2026,C0,1948,0.2550104856491089,0.2550104856491089
2026,C0,1949,0.20613722503185272,0.20613722503185272
2026,C0,1950,0.21386441588401794,0.21386441588401794
2026,C0,1951,0.2463415563106537,0.2463415563106537
2026,C0,1952,0.26800936460494995,0.26800936460494995
2026,C0,1953,0.2283690720796585,0.2283690720796585
2026,C0,1954,0.24240374565124512,0.24240374565124512
2026,C0,1955,0.24629908800125122,0.24629908800125122
2026,C0,1956,0.22834156453609467,0.22834156453609467
2026,C0,1957,0.21487918496131897,0.21487918496131897
2026,C0,1958,0.2815307676792145,0.2815307676792145
2026,C0,1959,0.24820692837238312,0.24820692837238312
2026,C0,1960,0.2048163115978241,0.2048163115978241
2026,C0,1961,0.2344208061695099,0.2344208061695099
2026,C0,1962,0.22463950514793396,0.22463950514793396
2026,C0,1963,0.21398605406284332,0.21398605406284332
2026,C0,1964,0.21032661199569702,0.21032661199569702
2026,C0,1965,0.1817965805530548,0.1817965805530548
2026,C0,1966,0.25381308794021606,0.25381308794021606
2026,C0,1967,0.2274957299232483,0.2274957299232483
2026,C0,1968,0.17310787737369537,0.17310787737369537
2026,C0,1969,0.3198792636394501,0.3198792636394501
2026,C0,1970,0.22920747101306915,0.22920747101306915
2026,C0,1971,0.2549320459365845,0.2549320459365845
2026,C0,1972,0.15668895840644836,0.15668895840644836
2026,C0,1973,0.20397600531578064,0.20397600531578064
2026,C0,1974,0.23948314785957336,0.23948314785957336
2026,C0,1975,0.17128145694732666,0.17128145694732666
2026,C0,1976,0.2503591775894165,0.2503591775894165
2026,C0,1977,0.21864107251167297,0.21864107251167297
2026,C0,1978,0.2731119394302368,0.2731119394302368
2026,C0,1979,0.23260462284088135,0.23260462284088135
2026,C0,1980,0.3120419979095459,0.3120419979095459
2026,C0,1981,0.1788802146911621,0.1788802146911621
2026,C0,1982,0.23166435956954956,0.23166435956954956
2026,C0,1983,0.23706841468811035,0.23706841468811035
2026,C0,1984,0.2333480417728424,0.2333480417728424
2026,C0,1985,0.19140788912773132,0.19140788912773132
2026,C0,1986,0.22111515700817108,0.22111515700817108
2026,C0,1987,0.20158079266548157,0.20158079266548157
2026,C0,1988,0.20172737538814545,0.20172737538814545
2026,C0,1989,0.27812349796295166,0.27812349796295166
2026,C0,1990,0.22540536522865295,0.22540536522865295
2026,C0,1991,0.1835738867521286,0.1835738867521286
2026,C0,1992,0.16234688460826874,0.16234688460826874
2026,C0,1993,0.23472240567207336,0.23472240567207336
2026,C0,1994,0.26431870460510254,0.26431870460510254
2026,C0,1995,0.26408955454826355,0.26408955454826355
2026,C0,1996,0.20573467016220093,0.20573467016220093
2026,C0,1997,0.18040718138217926,0.18040718138217926
2026,C0,1998,0.24606798589229584,0.24606798589229584
2026,C0,1999,0.18514259159564972,0.18514259159564972
2026,C0,2000,0.1816953420639038,0.1816953420639038
2026,C1,1,0.43534061312675476,0.6705860495567322
2026,C1,2,0.42637699842453003,0.584369957447052
2026,C1,3,0.37502408027648926,0.5095423460006714
2026,C1,4,0.3838866055011749,0.5345816016197205
2026,C1,5,0.30767393112182617,0.43480610847473145
2026,C1,6,0.34287792444229126,0.4947955906391144
2026,C1,7,0.35755717754364014,0.5009599328041077
2026,C1,8,0.35293710231781006,0.48215436935424805
2026,C1,9,0.3379538059234619,0.4738656282424927
2026,C1,10,0.29559198021888733,0.4042101502418518
2026,C1,11,0.2746211588382721,0.4102907180786133
2026,C1,12,0.2896082401275635,0.40692394971847534
2026,C1,13,0.33522507548332214,0.45428740978240967
2026,C1,14,0.28606048226356506,0.3894103765487671
2026,C1,15,0.325817346572876,0.4344393014907837
2026,C1,16,0.3228731155395508,0.4271402657032013
2026,C1,17,0.3445143699645996,0.45772475004196167
2026,C1,18,0.28694605827331543,0.43395793437957764
2026,C1,19,0.2914443016052246,0.40410566329956055
2026,C1,20,0.29207706451416016,0.4130833148956299
2026,C1,21,0.2624405324459076,0.3734648525714874
2026,C1,22,0.27250170707702637,0.390155166387558
2026,C1,23,0.3377515375614166,0.4452173709869385
2026,C1,24,0.37642228603363037,0.48440849781036377
2026,C1,25,0.3423885405063629,0.46412888169288635
2026,C1,26,0.33476877212524414,0.4591250419616699
2026,C1,27,0.3454335629940033,0.4647614061832428
2026,C1,28,0.30503273010253906,0.42445629835128784
2026,C1,29,0.3548468351364136,0.4830554723739624
2026,C1,30,0.33974310755729675,0.4600124955177307
2026,C1,31,0.2961668372154236,0.39811769127845764
2026,C1,32,0.27216678857803345,0.3832502067089081
2026,C1,33,0.3121110200881958,0.4305233359336853
2026,C1,34,0.36603444814682007,0.47537118196487427
2026,C1,35,0.29750967025756836,0.427051842212677
2026,C1,36,0.25482526421546936,0.3761742115020752
2026,C1,37,0.2703259289264679,0.36136770248413086
2026,C1,38,0.34484776854515076,0.4404029846191406
2026,C1,39,0.3320980966091156,0.45307663083076477
2026,C1,40,0.33720433712005615,0.44751960039138794
2026,C1,41,0.3286655843257904,0.44417428970336914
2026,C1,42,0.3444784879684448,0.4473828375339508
2026,C1,43,0.28636831045150757,0.39929327368736267
2026,C1,44,0.2592240571975708,0.37749165296554565
2026,C1,45,0.2971082925796509,0.39837294816970825
2026,C1,46,0.2698948383331299,0.36124035716056824
2026,C1,47,0.3681908845901489,0.4856528639793396
2026,C1,48,0.305719792842865,0.43596717715263367
2026,C1,49,0.29769518971443176,0.3978866636753082
2026,C1,50,0.23789191246032715,0.3543713092803955
2026,C1,51,0.2742561101913452,0.38843223452568054
2026,C1,52,0.31688475608825684,0.4268963038921356
2026,C1,53,0.25473499298095703,0.35893431305885315
2026,C1,54,0.33589810132980347,0.4448614716529846
2026,C1,55,0.3460531532764435,0.43898916244506836
2026,C1,56,0.2491210401058197,0.3549993932247162
2026,C1,57,0.28346607089042664,0.4163799285888672
2026,C1,58,0.26235824823379517,0.3777611553668976
2026,C1,59,0.2761351466178894,0.3700706362724304
2026,C1,60,0.2582249641418457,0.3409191370010376
2026,C1,61,0.3364649713039398,0.4499991834163666
2026,C1,62,0.2685720920562744,0.3756685256958008
2026,C1,63,0.30164971947669983,0.39791807532310486
2026,C1,64,0.28637224435806274,0.4076129198074341
2026,C1,65,0.22594980895519257,0.3159525990486145
2026,C1,66,0.2799738347530365,0.3827393651008606
2026,C1,67,0.3483285903930664,0.4485999047756195
2026,C1,68,0.26217392086982727,0.3381567597389221
2026,C1,69,0.2494632601737976,0.33764708042144775
2026,C1,70,0.2683442234992981,0.3581048846244812
2026,C1,71,0.2559010982513428,0.33405280113220215
2026,C1,72,0.25573310256004333,0.35144633054733276
2026,C1,73,0.22653108835220337,0.3103038966655731
2026,C1,74,0.23845075070858002,0.33660584688186646
2026,C1,75,0.24345052242279053,0.33076444268226624
2026,C1,76,0.3630724549293518,0.45103684067726135
2026,C1,77,0.2730114459991455,0.3736902177333832
2026,C1,78,0.30256161093711853,0.3702196478843689
2026,C1,79,0.28270667791366577,0.38730165362358093
2026,C1,80,0.21248780190944672,0.28466153144836426
2026,C1,81,0.2569010257720947,0.3451637625694275
2026,C1,82,0.2661571502685547,0.3384249806404114
2026,C1,83,0.2667607069015503,0.3773208260536194
2026,C1,84,0.25774145126342773,0.3668156564235687
2026,C1,85,0.21590597927570343,0.3222905993461609
2026,C1,86,0.21833819150924683,0.33308619260787964
2026,C1,87,0.36102622747421265,0.46068301796913147
2026,C1,88,0.24043422937393188,0.3257042169570923
2026,C1,89,0.23681919276714325,0.32834592461586
2026,C1,90,0.2212250828742981,0.30393826961517334
2026,C1,91,0.28625696897506714,0.3928338885307312
2026,C1,92,0.2749612033367157,0.3647637963294983
2026,C1,93,0.26759612560272217,0.3672938346862793
2026,C1,94,0.2471570074558258,0.33352988958358765
2026,C1,95,0.32521486282348633,0.4325132966041565
2026,C1,96,0.3490670323371887,0.4540935754776001
2026,C1,97,0.26485055685043335,0.36324265599250793
2026,C1,98,0.2707301676273346,0.3856690526008606
2026,C1,99,0.25271129608154297,0.3301270306110382
2026,C1,100,0.31508076190948486,0.41916489601135254
2026,C1,101,0.2954374849796295,0.3996090888977051
2026,C1,102,0.22706907987594604,0.32000643014907837
2026,C1,103,0.3185133635997772,0.4180924594402313
2026,C1,104,0.26629936695098877,0.35481616854667664
2026,C1,105,0.37826430797576904,0.49397343397140503
2026,C1,106,0.26204103231430054,0.3550035357475281
2026,C1,107,0.27796605229377747,0.37657448649406433
2026,C1,108,0.23327390849590302,0.31977441906929016
2026,C1,109,0.28379103541374207,0.38657310605049133
2026,C1,110,0.28788578510284424,0.39147499203681946
2026,C1,111,0.23395508527755737,0.3149014413356781
2026,C1,112,0.26077181100845337,0.3507782816886902
2026,C1,113,0.24302121996879578,0.33627083897590637
2026,C1,114,0.29049065709114075,0.3980855941772461
2026,C1,115,0.33424752950668335,0.4409322738647461
2026,C1,116,0.34780603647232056,0.4394519329071045
2026,C1,117,0.22425222396850586,0.3204236328601837
2026,C1,118,0.25626325607299805,0.3789721131324768
2026,C1,119,0.2945653796195984,0.3650192618370056
2026,C1,120,0.2311820238828659,0.31622713804244995
2026,C1,121,0.28363585472106934,0.39384567737579346
2026,C1,122,0.28389349579811096,0.3725672960281372
2026,C1,123,0.30388110876083374,0.39810729026794434
2026,C1,124,0.2381744533777237,0.3085724711418152
2026,C1,125,0.31607362627983093,0.41757768392562866
2026,C1,126,0.2818180024623871,0.3716658055782318
2026,C1,127,0.23066434264183044,0.31067851185798645
2026,C1,128,0.2600700259208679,0.35435786843299866
2026,C1,129,0.2945486903190613,0.38789576292037964
2026,C1,130,0.2513686716556549,0.33009326457977295
2026,C1,131,0.31866276264190674,0.40421172976493835
2026,C1,132,0.31551989912986755,0.3947770297527313
2026,C1,133,0.24204671382904053,0.3152284622192383
2026,C1,134,0.2539353370666504,0.3526366353034973
2026,C1,135,0.2893528342247009,0.3729357421398163
2026,C1,136,0.3800789415836334,0.4742153286933899
2026,C1,137,0.3007548451423645,0.4227057099342346
2026,C1,138,0.3059914708137512,0.4088844656944275
2026,C1,139,0.28124016523361206,0.37153881788253784
2026,C1,140,0.207656130194664,0.2958504557609558
2026,C1,141,0.29953378438949585,0.3951389789581299
2026,C1,142,0.253265917301178,0.3469099998474121
2026,C1,143,0.3552702069282532,0.4537157714366913
2026,C1,144,0.27009883522987366,0.34851953387260437
2026,C1,145,0.3246798813343048,0.41819557547569275
2026,C1,146,0.26941221952438354,0.3640516996383667
2026,C1,147,0.25759345293045044,0.338559627532959
2026,C1,148,0.3068804144859314,0.4100821912288666
2026,C1,149,0.2429349273443222,0.34801745414733887
2026,C1,150,0.28651225566864014,0.375744491815567
2026,C1,151,0.33316314220428467,0.4280414879322052
2026,C1,152,0.3204723000526428,0.41495004296302795
2026,C1,153,0.22534124553203583,0.2958106994628906
2026,C1,154,0.2300184965133667,0.3089599907398224
2026,C1,155,0.3385811448097229,0.43431180715560913
2026,C1,156,0.2920294404029846,0.38978806138038635
2026,C1,157,0.25181645154953003,0.33540648221969604
2026,C1,158,0.29622820019721985,0.4022132456302643
2026,C1,159,0.27485042810440063,0.34442251920700073
2026,C1,160,0.25550293922424316,0.3625924587249756
2026,C1,161,0.2619739770889282,0.342077374458313
2026,C1,162,0.3093855381011963,0.43373554944992065
2026,C1,163,0.2476211041212082,0.32229477167129517
2026,C1,164,0.24143989384174347,0.3493550419807434
2026,C1,165,0.22528699040412903,0.30577075481414795
2026,C1,166,0.2238403856754303,0.33811548352241516
2026,C1,167,0.26783519983291626,0.36030513048171997
2026,C1,168,0.22123871743679047,0.2921304404735565
2026,C1,169,0.272920161485672,0.34180042147636414
2026,C1,170,0.24143831431865692,0.30708619952201843
2026,C1,171,0.2642987370491028,0.33588317036628723
2026,C1,172,0.24010978639125824,0.3497294783592224
2026,C1,173,0.23354756832122803,0.3092035949230194
2026,C1,174,0.23062346875667572,0.33284568786621094
2026,C1,175,0.2070842683315277,0.2786596715450287
2026,C1,176,0.31974664330482483,0.4313306510448456
2026,C1,177,0.2712630033493042,0.3709148168563843
2026,C1,178,0.30130311846733093,0.40680187940597534
2026,C1,179,0.2658002972602844,0.3419833183288574
2026,C1,180,0.23579755425453186,0.3335643410682678
2026,C1,181,0.25673604011535645,0.33509019017219543
2026,C1,182,0.20610971748828888,0.27666082978248596
2026,C1,183,0.25456398725509644,0.35224220156669617
2026,C1,184,0.2570309638977051,0.34019726514816284
2026,C1,185,0.2819709777832031,0.37409523129463196
2026,C1,186,0.20591327548027039,0.2841402590274811
2026,C1,187,0.22887681424617767,0.329569935798645
2026,C1,188,0.2602930963039398,0.34830012917518616
2026,C1,189,0.2917666435241699,0.38184332847595215
2026,C1,190,0.2805919647216797,0.3916047215461731
2026,C1,191,0.24531307816505432,0.31501203775405884
2026,C1,192,0.2855261564254761,0.3832661807537079
2026,C1,193,0.21818912029266357,0.29854676127433777
2026,C1,194,0.25013214349746704,0.32994091510772705
2026,C1,195,0.23221084475517273,0.3297695517539978
2026,C1,196,0.26424121856689453,0.36288779973983765
2026,C1,197,0.19905608892440796,0.3049502968788147
2026,C1,198,0.2754890024662018,0.34967172145843506
2026,C1,199,0.25017249584198,0.34940722584724426
2026,C1,200,0.26683878898620605,0.35321611166000366
2026,C1,201,0.19750191271305084,0.29328757524490356
2026,C1,202,0.29104167222976685,0.3748975992202759
2026,C1,203,0.3200853168964386,0.42226117849349976
2026,C1,204,0.3020308017730713,0.37699803709983826
2026,C1,205,0.2432408481836319,0.3342805504798889
2026,C1,206,0.3107578158378601,0.37813830375671387
2026,C1,207,0.2078610211610794,0.28341159224510193
2026,C1,208,0.2143680453300476,0.29311588406562805
2026,C1,209,0.24061205983161926,0.3425852954387665
2026,C1,210,0.288311630487442,0.38133010268211365
2026,C1,211,0.22677935659885406,0.33799365162849426
2026,C1,212,0.266257643699646,0.36629360914230347
2026,C1,213,0.2228083610534668,0.27915313839912415
2026,C1,214,0.2854420840740204,0.3773704171180725
2026,C1,215,0.2615852653980255,0.33670562505722046
2026,C1,216,0.20702719688415527,0.2828466594219208
2026,C1,217,0.26101362705230713,0.35218513011932373
2026,C1,218,0.287947416305542,0.39005428552627563
2026,C1,219,0.24548986554145813,0.32663244009017944
2026,C1,220,0.2154754400253296,0.30542439222335815
2026,C1,221,0.25047770142555237,0.3539832830429077
2026,C1,222,0.31113165616989136,0.39422377943992615
2026,C1,223,0.2703099846839905,0.34993496537208557
2026,C1,224,0.341116726398468,0.4396473467350006
2026,C1,225,0.2711930274963379,0.3632790446281433
2026,C1,226,0.22175315022468567,0.31071099638938904
2026,C1,227,0.23512163758277893,0.29679572582244873
2026,C1,228,0.28953826427459717,0.41396453976631165
2026,C1,229,0.32076725363731384,0.40576687455177307
2026,C1,230,0.24280999600887299,0.3517725467681885
2026,C1,231,0.22283916175365448,0.3132513165473938
2026,C1,232,0.2271823287010193,0.31403371691703796
2026,C1,233,0.2946851849555969,0.36820074915885925
2026,C1,234,0.32307499647140503,0.43460023403167725
2026,C1,235,0.2344367951154709,0.3048871159553528
2026,C1,236,0.2316543012857437,0.31242823600769043
2026,C1,237,0.27470970153808594,0.3527783751487732
2026,C1,238,0.2844991683959961,0.37145233154296875
2026,C1,239,0.23180392384529114,0.33243700861930847
2026,C1,240,0.1947183609008789,0.2764323353767395
2026,C1,241,0.26240432262420654,0.3431824743747711
2026,C1,242,0.2272304892539978,0.33660703897476196
2026,C1,243,0.31014445424079895,0.40298065543174744
2026,C1,244,0.3130345940589905,0.4345991611480713
2026,C1,245,0.24867311120033264,0.3324936628341675
2026,C1,246,0.23666231334209442,0.32966122031211853
2026,C1,247,0.23197627067565918,0.3139645755290985
2026,C1,248,0.24689854681491852,0.3266534209251404
2026,C1,249,0.22488926351070404,0.3197318911552429
2026,C1,250,0.23749752342700958,0.32197248935699463
2026,C1,251,0.2469136267900467,0.3399316668510437
2026,C1,252,0.2215070128440857,0.3083697557449341
2026,C1,253,0.32606738805770874,0.4021880328655243
2026,C1,254,0.24114149808883667,0.30818045139312744
2026,C1,255,0.24502970278263092,0.33499664068222046
2026,C1,256,0.22658059000968933,0.30395764112472534
2026,C1,257,0.223018079996109,0.3200703561306
2026,C1,258,0.2957023084163666,0.39587050676345825
2026,C1,259,0.2586333155632019,0.3389154076576233
2026,C1,260,0.25261586904525757,0.33936426043510437
2026,C1,261,0.2723360061645508,0.3451228737831116
2026,C1,262,0.30508536100387573,0.3794427514076233
2026,C1,263,0.2828805446624756,0.3842645287513733
2026,C1,264,0.1878889799118042,0.257093220949173
2026,C1,265,0.19818773865699768,0.28060951828956604
2026,C1,266,0.2549916207790375,0.3328036963939667
2026,C1,267,0.30322426557540894,0.38575923442840576
2026,C1,268,0.22900420427322388,0.3112632632255554
2026,C1,269,0.22334729135036469,0.32747888565063477
2026,C1,270,0.20014426112174988,0.26923665404319763
2026,C1,271,0.21409836411476135,0.2748528718948364
2026,C1,272,0.2722419500350952,0.3588354289531708
2026,C1,273,0.21503520011901855,0.30050715804100037
2026,C1,274,0.3169768154621124,0.4052945077419281
2026,C1,275,0.2098047137260437,0.2720717787742615
2026,C1,276,0.26683855056762695,0.3525047302246094
2026,C1,277,0.22034543752670288,0.31525465846061707
2026,C1,278,0.26209914684295654,0.3341546058654785
2026,C1,279,0.2705231308937073,0.3367866277694702
2026,C1,280,0.21854400634765625,0.29281118512153625
2026,C1,281,0.2626372277736664,0.35432034730911255
2026,C1,282,0.30499324202537537,0.39051973819732666
2026,C1,283,0.3299308121204376,0.43989843130111694
2026,C1,284,0.2723647952079773,0.36457279324531555
2026,C1,285,0.24938148260116577,0.3351089358329773
2026,C1,286,0.28253090381622314,0.40004459023475647
2026,C1,287,0.20637454092502594,0.2834767997264862
2026,C1,288,0.20970511436462402,0.2714585065841675
2026,C1,289,0.2622077465057373,0.352980375289917
2026,C1,290,0.3238726258277893,0.3934606909751892
2026,C1,291,0.25763434171676636,0.3496512770652771
2026,C1,292,0.26836705207824707,0.37624940276145935
2026,C1,293,0.24977059662342072,0.3133303225040436
2026,C1,294,0.2756003141403198,0.3668193519115448
2026,C1,295,0.26153337955474854,0.3363645672798157
2026,C1,296,0.21893160045146942,0.29215389490127563
2026,C1,297,0.2936117351055145,0.3988580107688904
2026,C1,298,0.24431881308555603,0.30910441279411316
2026,C1,299,0.2553881108760834,0.3452179431915283
2026,C1,300,0.2698667645454407,0.3637891709804535
2026,C1,301,0.29749637842178345,0.39351803064346313
2026,C1,302,0.21320508420467377,0.2796485722064972
2026,C1,303,0.2184055745601654,0.30956870317459106
2026,C1,304,0.24140578508377075,0.3448755741119385
2026,C1,305,0.27242374420166016,0.3537437915802002
2026,C1,306,0.25384071469306946,0.3206435441970825
2026,C1,307,0.260989785194397,0.3406611382961273
2026,C1,308,0.2998156249523163,0.38505837321281433
2026,C1,309,0.2882222533226013,0.38344722986221313
2026,C1,310,0.2757265865802765,0.3674423098564148
2026,C1,311,0.25629812479019165,0.354400634765625
2026,C1,312,0.30397069454193115,0.39256876707077026
2026,C1,313,0.2663078010082245,0.35560867190361023
2026,C1,314,0.33140650391578674,0.42029014229774475
2026,C1,315,0.2789898216724396,0.3715969920158386
2026,C1,316,0.21780893206596375,0.2819446921348572
2026,C1,317,0.22460496425628662,0.3186858296394348
2026,C1,318,0.24514982104301453,0.34276083111763
2026,C1,319,0.22970691323280334,0.3313709497451782
2026,C1,320,0.2844032943248749,0.37352973222732544
2026,C1,321,0.3023766875267029,0.37277543544769287
2026,C1,322,0.20638832449913025,0.2893504798412323
2026,C1,323,0.27127718925476074,0.3453679084777832
2026,C1,324,0.23693741858005524,0.31519725918769836
2026,C1,325,0.2722400426864624,0.36096876859664917
2026,C1,326,0.20808449387550354,0.2935597002506256
2026,C1,327,0.22326651215553284,0.2972109913825989
2026,C1,328,0.2278091460466385,0.31242984533309937
2026,C1,329,0.1943669617176056,0.2705956995487213
2026,C1,330,0.20890967547893524,0.3038913905620575
2026,C1,331,0.251079797744751,0.3503061532974243
2026,C1,332,0.29119718074798584,0.3663739562034607
2026,C1,333,0.2422073930501938,0.3135805130004883
2026,C1,334,0.23160313069820404,0.324577271938324
2026,C1,335,0.23177719116210938,0.2966133654117584
2026,C1,336,0.220994234085083,0.3025497496128082
2026,C1,337,0.2573527693748474,0.3370029926300049
2026,C1,338,0.24006858468055725,0.3064640164375305
2026,C1,339,0.27388137578964233,0.3635697066783905
2026,C1,340,0.24799132347106934,0.33598899841308594
2026,C1,341,0.24775373935699463,0.328158974647522
2026,C1,342,0.22436276078224182,0.30142709612846375
2026,C1,343,0.23825900256633759,0.3305911421775818
2026,C1,344,0.2617931365966797,0.3483163118362427
2026,C1,345,0.2138083130121231,0.2904539406299591
2026,C1,346,0.20744910836219788,0.2980712950229645
2026,C1,347,0.22656263411045074,0.31578895449638367
2026,C1,348,0.2592945396900177,0.33630019426345825
2026,C1,349,0.2281513661146164,0.3249298632144928
2026,C1,350,0.1836286336183548,0.25648462772369385
2026,C1,351,0.2169663906097412,0.30428969860076904
2026,C1,352,0.22878976166248322,0.30255940556526184
2026,C1,353,0.2598022520542145,0.3401104509830475
2026,C1,354,0.24837611615657806,0.33472833037376404
2026,C1,355,0.2415103316307068,0.33759233355522156
2026,C1,356,0.26295506954193115,0.33241918683052063
2026,C1,357,0.30760109424591064,0.39770352840423584
2026,C1,358,0.2744496762752533,0.36385685205459595
2026,C1,359,0.22467102110385895,0.3178171217441559
2026,C1,360,0.303527295589447,0.38077038526535034
2026,C1,361,0.2118344008922577,0.29706528782844543
2026,C1,362,0.2755085229873657,0.3758231997489929
2026,C1,363,0.254302054643631,0.3324284255504608
2026,C1,364,0.19676083326339722,0.27122020721435547
2026,C1,365,0.25507450103759766,0.3433375358581543
2026,C1,366,0.2840561270713806,0.3635469377040863
2026,C1,367,0.19845053553581238,0.27840691804885864
2026,C1,368,0.22531655430793762,0.301938533782959
2026,C1,369,0.20937031507492065,0.2805229425430298
2026,C1,370,0.2757183313369751,0.35715383291244507
2026,C1,371,0.2994937002658844,0.3749277591705322
2026,C1,372,0.28008636832237244,0.3630422055721283
2026,C1,373,0.2667157053947449,0.35345542430877686
2026,C1,374,0.30759090185165405,0.37829917669296265
2026,C1,375,0.2264903336763382,0.29505670070648193
2026,C1,376,0.24822604656219482,0.3387221097946167
2026,C1,377,0.21976397931575775,0.29870322346687317
2026,C1,378,0.23510533571243286,0.3285917639732361
2026,C1,379,0.2950528860092163,0.37511318922042847
2026,C1,380,0.22485148906707764,0.30135783553123474
2026,C1,381,0.19565048813819885,0.2756659984588623
2026,C1,382,0.25125300884246826,0.35540446639060974
2026,C1,383,0.28439390659332275,0.36679840087890625
2026,C1,384,0.31275540590286255,0.39331692457199097
2026,C1,385,0.23964045941829681,0.3102796971797943
2026,C1,386,0.2610498070716858,0.3248444199562073
2026,C1,387,0.27788248658180237,0.36111024022102356
2026,C1,388,0.25060442090034485,0.3495281934738159
2026,C1,389,0.3162813186645508,0.4116438627243042
2026,C1,390,0.25901907682418823,0.3505723774433136
2026,C1,391,0.27080413699150085,0.3645002841949463
2026,C1,392,0.1949036866426468,0.2771514058113098
2026,C1,393,0.304519921541214,0.4029499292373657
2026,C1,394,0.20589879155158997,0.28248101472854614
2026,C1,395,0.28888845443725586,0.37119361758232117
2026,C1,396,0.23377683758735657,0.3216917812824249
2026,C1,397,0.2216743379831314,0.31933170557022095
2026,C1,398,0.24587363004684448,0.32737433910369873
2026,C1,399,0.29919856786727905,0.3831184506416321
2026,C1,400,0.25103259086608887,0.3636248707771301
2026,C1,401,0.23833626508712769,0.31351494789123535
2026,C1,402,0.26096391677856445,0.3617514967918396
2026,C1,403,0.2571668326854706,0.35912108421325684
2026,C1,404,0.23458875715732574,0.3178189694881439
2026,C1,405,0.2788220942020416,0.35759907960891724
2026,C1,406,0.23962678015232086,0.32114213705062866
2026,C1,407,0.27524012327194214,0.3606263995170593
2026,C1,408,0.28186458349227905,0.35260990262031555
2026,C1,409,0.23190546035766602,0.309872567653656
2026,C1,410,0.2415705770254135,0.319255530834198
2026,C1,411,0.25197428464889526,0.34288907051086426
2026,C1,412,0.2737797200679779,0.3570210337638855
2026,C1,413,0.23612532019615173,0.3152361512184143
2026,C1,414,0.22141529619693756,0.30526483058929443
2026,C1,415,0.2739788889884949,0.35103267431259155
2026,C1,416,0.25151318311691284,0.3510918915271759
2026,C1,417,0.2545519471168518,0.33379706740379333
2026,C1,418,0.2216554582118988,0.30455905199050903
2026,C1,419,0.27166444063186646,0.339243084192276
2026,C1,420,0.22897198796272278,0.3232504725456238
2026,C1,421,0.24942776560783386,0.33601799607276917
2026,C1,422,0.21764682233333588,0.29335203766822815
2026,C1,423,0.2678716778755188,0.34541311860084534
2026,C1,424,0.3171328008174896,0.4210532307624817
2026,C1,425,0.2704845666885376,0.3480965197086334
2026,C1,426,0.22125762701034546,0.2864513397216797
2026,C1,427,0.2393667846918106,0.32076558470726013
2026,C1,428,0.26214513182640076,0.35457202792167664
2026,C1,429,0.21675042808055878,0.3142913579940796
2026,C1,430,0.21646474301815033,0.30453261733055115
2026,C1,431,0.29141056537628174,0.3849213719367981
2026,C1,432,0.273054301738739,0.34775787591934204
2026,C1,433,0.2560665011405945,0.35011982917785645
2026,C1,434,0.273153692483902,0.34998977184295654
2026,C1,435,0.21902811527252197,0.3036319613456726
2026,C1,436,0.22644275426864624,0.30741050839424133
2026,C1,437,0.2659328579902649,0.35706740617752075
2026,C1,438,0.23118039965629578,0.32696545124053955
2026,C1,439,0.29308825731277466,0.3657129406929016
2026,C1,440,0.20321772992610931,0.28361600637435913
2026,C1,441,0.2965995669364929,0.39122357964515686
2026,C1,442,0.26626577973365784,0.34328415989875793
2026,C1,443,0.2604497969150543,0.36127835512161255
2026,C1,444,0.22438915073871613,0.2964203357696533
2026,C1,445,0.27557528018951416,0.35358303785324097
2026,C1,446,0.22698310017585754,0.31066498160362244
2026,C1,447,0.24781009554862976,0.32342174649238586
2026,C1,448,0.2540101110935211,0.32690656185150146
2026,C1,449,0.2095092087984085,0.2835638225078583
2026,C1,450,0.26143878698349,0.33389830589294434
2026,C1,451,0.30590057373046875,0.3899766802787781
2026,C1,452,0.2532004117965698,0.32377997040748596
2026,C1,453,0.28006523847579956,0.351464182138443
2026,C1,454,0.24230369925498962,0.3354508876800537
2026,C1,455,0.22501255571842194,0.30314022302627563
2026,C1,456,0.2364213764667511,0.33703047037124634
2026,C1,457,0.2650139331817627,0.3600344955921173
2026,C1,458,0.2653311491012573,0.347378671169281
2026,C1,459,0.2751920819282532,0.37432730197906494
2026,C1,460,0.22355076670646667,0.3245101869106293
2026,C1,461,0.20212368667125702,0.28214240074157715
2026,C1,462,0.23965151607990265,0.3113594055175781
2026,C1,463,0.2838315963745117,0.3684613108634949
2026,C1,464,0.22577053308486938,0.3071993589401245
2026,C1,465,0.2885276675224304,0.38186174631118774
2026,C1,466,0.20903241634368896,0.2831864356994629
2026,C1,467,0.21576125919818878,0.30923330783843994
2026,C1,468,0.24916745722293854,0.33398711681365967
2026,C1,469,0.1734504997730255,0.2490430474281311
2026,C1,470,0.25336509943008423,0.3363299071788788
2026,C1,471,0.25301748514175415,0.3331601023674011
2026,C1,472,0.20290839672088623,0.26531094312667847
2026,C1,473,0.21927934885025024,0.27690503001213074
2026,C1,474,0.247048020362854,0.3228183388710022
2026,C1,475,0.22107571363449097,0.3192802369594574
2026,C1,476,0.25823694467544556,0.36304759979248047
2026,C1,477,0.2593364417552948,0.33408960700035095
2026,C1,478,0.26213908195495605,0.3438628911972046
2026,C1,479,0.30208247900009155,0.40351060032844543
2026,C1,480,0.2634428143501282,0.3408380448818207
2026,C1,481,0.23333601653575897,0.323900431394577
2026,C1,482,0.26513466238975525,0.3697681427001953
2026,C1,483,0.2515814006328583,0.3392288386821747
2026,C1,484,0.21398131549358368,0.29193493723869324
2026,C1,485,0.24680231511592865,0.3353388011455536
2026,C1,486,0.21511685848236084,0.3049269914627075
2026,C1,487,0.26955723762512207,0.3507309556007385
2026,C1,488,0.33271604776382446,0.4063807725906372
2026,C1,489,0.2544363737106323,0.3349287211894989
2026,C1,490,0.26753348112106323,0.37723422050476074
2026,C1,491,0.2181144654750824,0.3136599063873291
2026,C1,492,0.21073533594608307,0.30385857820510864
2026,C1,493,0.29005399346351624,0.3783305585384369
2026,C1,494,0.2785932123661041,0.3814433515071869
2026,C1,495,0.2402750849723816,0.32837414741516113
2026,C1,496,0.26182639598846436,0.34420812129974365
2026,C1,497,0.21979160606861115,0.3084765076637268
2026,C1,498,0.2665974497795105,0.32913899421691895
2026,C1,499,0.19536137580871582,0.27779296040534973
2026,C1,500,0.25554490089416504,0.33344727754592896
2026,C1,501,0.2522733211517334,0.3207034468650818
2026,C1,502,0.17180852591991425,0.24684345722198486
2026,C1,503,0.2950878441333771,0.3750297427177429
2026,C1,504,0.23780061304569244,0.3325057923793793
2026,C1,505,0.19343750178813934,0.2568734288215637
2026,C1,506,0.24146246910095215,0.32832640409469604
2026,C1,507,0.22330009937286377,0.2962311804294586
2026,C1,508,0.22715605795383453,0.31463056802749634
2026,C1,509,0.2579067647457123,0.3587673306465149
2026,C1,510,0.19446051120758057,0.27318376302719116
2026,C1,511,0.23652422428131104,0.33326610922813416
2026,C1,512,0.19689670205116272,0.27503445744514465
2026,C1,513,0.2749365270137787,0.36363542079925537
2026,C1,514,0.300284743309021,0.3807155191898346
2026,C1,515,0.24328677356243134,0.34204891324043274
2026,C1,516,0.2784552574157715,0.35840123891830444
2026,C1,517,0.2936003804206848,0.4002804756164551
2026,C1,518,0.26425620913505554,0.3526770770549774
2026,C1,519,0.2750464677810669,0.3912582993507385
2026,C1,520,0.18391603231430054,0.2509163022041321
2026,C1,521,0.1735033392906189,0.25643208622932434
2026,C1,522,0.275409072637558,0.38141506910324097
2026,C1,523,0.27254700660705566,0.36430567502975464
2026,C1,524,0.2221529185771942,0.2886454164981842
2026,C1,525,0.1989806890487671,0.27049967646598816
2026,C1,526,0.21332350373268127,0.3011919856071472
2026,C1,527,0.26773637533187866,0.34907692670822144
2026,C1,528,0.23586472868919373,0.31382203102111816
2026,C1,529,0.272237092256546,0.3697162866592407
2026,C1,530,0.23247291147708893,0.324560284614563
2026,C1,531,0.19799856841564178,0.24959203600883484
2026,C1,532,0.2017209529876709,0.27319103479385376
2026,C1,533,0.2482808232307434,0.33863645792007446
2026,C1,534,0.2657705247402191,0.3399774730205536
2026,C1,535,0.21724063158035278,0.2906441390514374
2026,C1,536,0.19118008017539978,0.26248037815093994
2026,C1,537,0.24923984706401825,0.3156839609146118
2026,C1,538,0.2828857898712158,0.3769620656967163
2026,C1,539,0.29501986503601074,0.3916671574115753
2026,C1,540,0.24438993632793427,0.3325008451938629
2026,C1,541,0.2304559350013733,0.3163219094276428
2026,C1,542,0.25056982040405273,0.353117972612381
2026,C1,543,0.2504388093948364,0.323272168636322
2026,C1,544,0.16512322425842285,0.2213270217180252
2026,C1,545,0.25973638892173767,0.34157076478004456
2026,C1,546,0.25554221868515015,0.3344947099685669
2026,C1,547,0.18651878833770752,0.2737387418746948
2026,C1,548,0.17485591769218445,0.24858379364013672
2026,C1,549,0.23714205622673035,0.3155452609062195
2026,C1,550,0.22339515388011932,0.2854110598564148
2026,C1,551,0.24998703598976135,0.3304997384548187
2026,C1,552,0.2304190695285797,0.32375356554985046
2026,C1,553,0.271239697933197,0.3567834198474884
2026,C1,554,0.25761643052101135,0.35431623458862305
2026,C1,555,0.22187606990337372,0.30840250849723816
2026,C1,556,0.2730242609977722,0.36044415831565857
2026,C1,557,0.2634633779525757,0.36278486251831055
2026,C1,558,0.22854866087436676,0.2974085807800293
2026,C1,559,0.27987128496170044,0.3674538731575012
2026,C1,560,0.20534397661685944,0.293410062789917
2026,C1,561,0.2494330108165741,0.3227230906486511
2026,C1,562,0.2428215742111206,0.3234727382659912
2026,C1,563,0.2243504524230957,0.2983647584915161
2026,C1,564,0.2697925567626953,0.3577190637588501
2026,C1,565,0.2917965054512024,0.3838326930999756
2026,C1,566,0.22919821739196777,0.31039974093437195
2026,C1,567,0.27693256735801697,0.3348945379257202
2026,C1,568,0.25120800733566284,0.33590707182884216
2026,C1,569,0.1965339481830597,0.2761175334453583
2026,C1,570,0.22235968708992004,0.3167160749435425
2026,C1,571,0.2487770915031433,0.32138052582740784
2026,C1,572,0.31743988394737244,0.4028841257095337
2026,C1,573,0.21875104308128357,0.30699217319488525
2026,C1,574,0.26434311270713806,0.35236942768096924
2026,C1,575,0.23606115579605103,0.30738335847854614
2026,C1,576,0.15629008412361145,0.2177353948354721
2026,C1,577,0.21475368738174438,0.31699860095977783
2026,C1,578,0.2599029839038849,0.3322361707687378
2026,C1,579,0.2389969378709793,0.3256246745586395
2026,C1,580,0.21288955211639404,0.28619056940078735
2026,C1,581,0.2745091915130615,0.3420349657535553
2026,C1,582,0.17302456498146057,0.25628796219825745
2026,C1,583,0.23552273213863373,0.352855920791626
2026,C1,584,0.23572999238967896,0.32183730602264404
2026,C1,585,0.2514152228832245,0.31267082691192627
2026,C1,586,0.22908568382263184,0.3263254463672638
2026,C1,587,0.27084919810295105,0.37313419580459595
2026,C1,588,0.2614397406578064,0.35625654458999634
2026,C1,589,0.2152889221906662,0.2797517478466034
2026,C1,590,0.23765814304351807,0.33734893798828125
2026,C1,591,0.2385975867509842,0.306532084941864
2026,C1,592,0.22926223278045654,0.2979220747947693
2026,C1,593,0.23799656331539154,0.29435667395591736
2026,C1,594,0.28674930334091187,0.3534814119338989
2026,C1,595,0.23005056381225586,0.31117331981658936
2026,C1,596,0.2983023524284363,0.4059773087501526
2026,C1,597,0.29619428515434265,0.38636428117752075
2026,C1,598,0.22059622406959534,0.2936280369758606
2026,C1,599,0.2866861820220947,0.38586872816085815
2026,C1,600,0.2282242476940155,0.3167635500431061
2026,C1,601,0.23308847844600677,0.33043983578681946
2026,C1,602,0.22861556708812714,0.30140912532806396
2026,C1,603,0.24070554971694946,0.3117852509021759
2026,C1,604,0.2729129195213318,0.3535454571247101
2026,C1,605,0.24658533930778503,0.33844542503356934
2026,C1,606,0.27194637060165405,0.3667285442352295
2026,C1,607,0.25870734453201294,0.3538060784339905
2026,C1,608,0.22103692591190338,0.31556087732315063
2026,C1,609,0.1837136447429657,0.25710663199424744
2026,C1,610,0.2846105694770813,0.40580374002456665
2026,C1,611,0.1993459016084671,0.2882883548736572
2026,C1,612,0.18847009539604187,0.27767452597618103
2026,C1,613,0.27688223123550415,0.37102657556533813
2026,C1,614,0.2469044029712677,0.35691195726394653
2026,C1,615,0.2596467435359955,0.34117013216018677
2026,C1,616,0.17832143604755402,0.2715493440628052
2026,C1,617,0.24924734234809875,0.32484015822410583
2026,C1,618,0.18907999992370605,0.25302767753601074
2026,C1,619,0.20070940256118774,0.2853248715400696
2026,C1,620,0.2511214017868042,0.33332300186157227
2026,C1,621,0.22755634784698486,0.3104622960090637
2026,C1,622,0.2590957283973694,0.34067291021347046
2026,C1,623,0.18144404888153076,0.24738472700119019
2026,C1,624,0.23948737978935242,0.3105699419975281
2026,C1,625,0.29735317826271057,0.37385737895965576
2026,C1,626,0.22266332805156708,0.29734015464782715
2026,C1,627,0.2775720953941345,0.35490816831588745
2026,C1,628,0.23850376904010773,0.29777681827545166
2026,C1,629,0.22057504951953888,0.2988879978656769
2026,C1,630,0.23313510417938232,0.3359299302101135
2026,C1,631,0.25898754596710205,0.3274688720703125
2026,C1,632,0.195858895778656,0.2576354742050171
2026,C1,633,0.23112702369689941,0.32169002294540405
2026,C1,634,0.24715420603752136,0.32869720458984375
2026,C1,635,0.21562519669532776,0.2890784442424774
2026,C1,636,0.21868769824504852,0.28505128622055054
2026,C1,637,0.22283072769641876,0.3295217454433441
2026,C1,638,0.21957264840602875,0.30475419759750366
2026,C1,639,0.3042314350605011,0.38989028334617615
2026,C1,640,0.29814812541007996,0.40907490253448486
2026,C1,641,0.2600707709789276,0.35757285356521606
2026,C1,642,0.21249940991401672,0.28960511088371277
2026,C1,643,0.23599663376808167,0.31966474652290344
2026,C1,644,0.21843986213207245,0.3097672164440155
2026,C1,645,0.20551002025604248,0.27613359689712524
2026,C1,646,0.18348428606987,0.2616141438484192
2026,C1,647,0.2583334743976593,0.3487440347671509
2026,C1,648,0.27221018075942993,0.35369038581848145
2026,C1,649,0.2386639565229416,0.316006600856781
2026,C1,650,0.22965289652347565,0.308574914932251
2026,C1,651,0.2730427086353302,0.3477975130081177
2026,C1,652,0.26448553800582886,0.3614659011363983
2026,C1,653,0.2024897187948227,0.2927628457546234
2026,C1,654,0.24313783645629883,0.3353349566459656
2026,C1,655,0.26585668325424194,0.3481800854206085
2026,C1,656,0.27769240736961365,0.3624095022678375
2026,C1,657,0.1862628161907196,0.2596076726913452
2026,C1,658,0.24399718642234802,0.32897305488586426
2026,C1,659,0.24761907756328583,0.34482407569885254
2026,C1,660,0.2249516248703003,0.31473344564437866
2026,C1,661,0.2948072850704193,0.3770540654659271
2026,C1,662,0.21745841205120087,0.3074841797351837
2026,C1,663,0.27819639444351196,0.36418843269348145
2026,C1,664,0.2517847418785095,0.3628805875778198
2026,C1,665,0.2785494923591614,0.3698384463787079
2026,C1,666,0.22507742047309875,0.31129127740859985
2026,C1,667,0.2767178416252136,0.3539116084575653
2026,C1,668,0.2666889429092407,0.3392542898654938
2026,C1,669,0.21832945942878723,0.2955593764781952
2026,C1,670,0.22511450946331024,0.2894410490989685
2026,C1,671,0.24174202978610992,0.31551992893218994
2026,C1,672,0.21588481962680817,0.279025673866272
2026,C1,673,0.2816871404647827,0.3910280764102936
2026,C1,674,0.19080394506454468,0.2489449828863144
2026,C1,675,0.22816142439842224,0.31017741560935974
2026,C1,676,0.2361072599887848,0.32311582565307617
2026,C1,677,0.20607522130012512,0.2965197265148163
2026,C1,678,0.24870586395263672,0.3408980071544647
2026,C1,679,0.26534631848335266,0.3289586305618286
2026,C1,680,0.27337318658828735,0.36359813809394836
2026,C1,681,0.27311187982559204,0.3543230891227722
2026,C1,682,0.21349042654037476,0.2906229794025421
2026,C1,683,0.22200825810432434,0.30694711208343506
2026,C1,684,0.3075163960456848,0.3910485506057739
2026,C1,685,0.2581635117530823,0.3440263271331787
2026,C1,686,0.25174424052238464,0.3242906332015991
2026,C1,687,0.2571606934070587,0.3366568684577942
2026,C1,688,0.24177254736423492,0.3253146708011627
2026,C1,689,0.2570059597492218,0.3572882413864136
2026,C1,690,0.19155243039131165,0.2418540120124817
2026,C1,691,0.2929753065109253,0.38078439235687256
2026,C1,692,0.26388904452323914,0.36262720823287964
2026,C1,693,0.22353002429008484,0.306501567363739
2026,C1,694,0.2342182695865631,0.31463688611984253
2026,C1,695,0.2582446336746216,0.346998929977417
2026,C1,696,0.19608940184116364,0.27566567063331604
2026,C1,697,0.26413342356681824,0.34966254234313965
2026,C1,698,0.22492597997188568,0.2961851954460144
2026,C1,699,0.1612686961889267,0.2286122441291809
2026,C1,700,0.28414422273635864,0.35851266980171204
2026,C1,701,0.26706361770629883,0.36797279119491577
2026,C1,702,0.17998352646827698,0.25432130694389343
2026,C1,703,0.18254870176315308,0.2491307556629181
2026,C1,704,0.2726365625858307,0.3633692264556885
2026,C1,705,0.3059644401073456,0.3764570355415344
2026,C1,706,0.25461775064468384,0.3302367627620697
2026,C1,707,0.2630627453327179,0.36278361082077026
2026,C1,708,0.2577149271965027,0.34124523401260376
2026,C1,709,0.24382731318473816,0.3121720552444458
2026,C1,710,0.23221474885940552,0.31666499376296997
2026,C1,711,0.25646018981933594,0.3230981230735779
2026,C1,712,0.31314000487327576,0.4012334942817688
2026,C1,713,0.22475561499595642,0.29636964201927185
2026,C1,714,0.2116769552230835,0.275797575712204
2026,C1,715,0.20613184571266174,0.2777635455131531
2026,C1,716,0.3310866951942444,0.41676065325737
2026,C1,717,0.28595346212387085,0.36860841512680054
2026,C1,718,0.2968667447566986,0.39620304107666016
2026,C1,719,0.29143109917640686,0.3848905861377716
2026,C1,720,0.20716802775859833,0.2927062511444092
2026,C1,721,0.22970536351203918,0.29501932859420776
2026,C1,722,0.24783240258693695,0.33482179045677185
2026,C1,723,0.17718052864074707,0.24343016743659973
2026,C1,724,0.23474401235580444,0.3359033465385437
2026,C1,725,0.27441567182540894,0.3443145751953125
2026,C1,726,0.2935260832309723,0.4101489782333374
2026,C1,727,0.27132272720336914,0.38446569442749023
2026,C1,728,0.1785406470298767,0.2647603452205658
2026,C1,729,0.24570885300636292,0.3331805169582367
2026,C1,730,0.26417726278305054,0.37312912940979004
2026,C1,731,0.214135080575943,0.2989504039287567
2026,C1,732,0.24953097105026245,0.32842621207237244
2026,C1,733,0.19003869593143463,0.2709691822528839
2026,C1,734,0.17518717050552368,0.22936981916427612
2026,C1,735,0.24651935696601868,0.3278980553150177
2026,C1,736,0.2559003233909607,0.3357677757740021
2026,C1,737,0.2679693102836609,0.34890010952949524
2026,C1,738,0.22398218512535095,0.29288026690483093
2026,C1,739,0.2358415722846985,0.2955816090106964
2026,C1,740,0.2403811812400818,0.29670050740242004
2026,C1,741,0.2477104514837265,0.3515443503856659
2026,C1,742,0.32982826232910156,0.427800714969635
2026,C1,743,0.1939801722764969,0.25883907079696655
2026,C1,744,0.25957149267196655,0.3441024422645569
2026,C1,745,0.2703709006309509,0.33759772777557373
2026,C1,746,0.2035805881023407,0.27589040994644165
2026,C1,747,0.2962825894355774,0.37880662083625793
2026,C1,748,0.2525569200515747,0.33881932497024536
2026,C1,749,0.1905224621295929,0.2657625377178192
2026,C1,750,0.2577665448188782,0.33367812633514404
2026,C1,751,0.2058914452791214,0.2794773578643799
2026,C1,752,0.3252689838409424,0.4031464457511902
2026,C1,753,0.24436284601688385,0.32216131687164307
2026,C1,754,0.26382264494895935,0.34243857860565186
2026,C1,755,0.2906694710254669,0.37431082129478455
2026,C1,756,0.19972515106201172,0.26012587547302246
2026,C1,757,0.26452356576919556,0.3341764509677887
2026,C1,758,0.20588357746601105,0.2963043451309204
2026,C1,759,0.2155546396970749,0.3137255012989044
2026,C1,760,0.18866416811943054,0.2550658881664276
2026,C1,761,0.21171756088733673,0.28868624567985535
2026,C1,762,0.1995696872472763,0.27773818373680115
2026,C1,763,0.28328776359558105,0.3635322153568268
2026,C1,764,0.28448161482810974,0.3700658082962036
2026,C1,765,0.22334855794906616,0.30159294605255127
2026,C1,766,0.23355650901794434,0.3101036548614502
2026,C1,767,0.23638589680194855,0.30407828092575073
2026,C1,768,0.2674939036369324,0.3529406487941742
2026,C1,769,0.23125797510147095,0.31029894948005676
2026,C1,770,0.32396864891052246,0.420285165309906
2026,C1,771,0.22083130478858948,0.31321001052856445
2026,C1,772,0.29455238580703735,0.3689088821411133
2026,C1,773,0.2451598346233368,0.3193768858909607
2026,C1,774,0.21967819333076477,0.2812882661819458
2026,C1,775,0.26458680629730225,0.35050684213638306
2026,C1,776,0.2603176236152649,0.3595980107784271
2026,C1,777,0.23626863956451416,0.32429566979408264
2026,C1,778,0.21509712934494019,0.29972293972969055
2026,C1,779,0.2002907395362854,0.28515326976776123
2026,C1,780,0.21995693445205688,0.30496296286582947
2026,C1,781,0.2607607841491699,0.3373603820800781
2026,C1,782,0.24929580092430115,0.33174920082092285
2026,C1,783,0.26256415247917175,0.34192192554473877
2026,C1,784,0.23084501922130585,0.30843132734298706
2026,C1,785,0.21097373962402344,0.2913062572479248
2026,C1,786,0.1563318520784378,0.20441582798957825
2026,C1,787,0.29597681760787964,0.3844335377216339
2026,C1,788,0.20091873407363892,0.277637243270874
2026,C1,789,0.2417379468679428,0.3224725127220154
2026,C1,790,0.23248820006847382,0.34473761916160583
2026,C1,791,0.28681090474128723,0.40740182995796204
2026,C1,792,0.24163702130317688,0.31262102723121643
2026,C1,793,0.1447400450706482,0.22262531518936157
2026,C1,794,0.21406009793281555,0.30768948793411255
2026,C1,795,0.2651347219944,0.3285027742385864
2026,C1,796,0.27449512481689453,0.363499253988266
2026,C1,797,0.22002318501472473,0.30644676089286804
2026,C1,798,0.2230413556098938,0.3114471435546875
2026,C1,799,0.2137191891670227,0.274140328168869
2026,C1,800,0.20470574498176575,0.27586236596107483
2026,C1,801,0.2032042294740677,0.29041653871536255
2026,C1,802,0.21523863077163696,0.3049706220626831
2026,C1,803,0.26791146397590637,0.36211398243904114
2026,C1,804,0.19458365440368652,0.2852189540863037
2026,C1,805,0.19827155768871307,0.27403491735458374
2026,C1,806,0.16970473527908325,0.2458459436893463
2026,C1,807,0.2259204387664795,0.3132212162017822
2026,C1,808,0.1955759972333908,0.28696542978286743
2026,C1,809,0.3284916281700134,0.4391791522502899
2026,C1,810,0.26208508014678955,0.3261603116989136
2026,C1,811,0.22021716833114624,0.2963274121284485
2026,C1,812,0.2072478085756302,0.3081595301628113
2026,C1,813,0.223366379737854,0.31871894001960754
2026,C1,814,0.19356566667556763,0.2755400538444519
2026,C1,815,0.2315901815891266,0.30256983637809753
2026,C1,816,0.28487855195999146,0.37398841977119446
2026,C1,817,0.22587257623672485,0.3237283229827881
2026,C1,818,0.20077776908874512,0.2785574197769165
2026,C1,819,0.22052356600761414,0.27854299545288086
2026,C1,820,0.21636945009231567,0.2877434492111206
2026,C1,821,0.265465646982193,0.36218419671058655
2026,C1,822,0.27947425842285156,0.37840959429740906
2026,C1,823,0.2521514296531677,0.35232773423194885
2026,C1,824,0.2745615243911743,0.3890892565250397
2026,C1,825,0.2213183343410492,0.3050267994403839
2026,C1,826,0.25225692987442017,0.35588929057121277
2026,C1,827,0.26292991638183594,0.3285195529460907
2026,C1,828,0.2682379484176636,0.33994895219802856
2026,C1,829,0.26800593733787537,0.3402772843837738
2026,C1,830,0.2465081512928009,0.3389356732368469
2026,C1,831,0.21764597296714783,0.31421396136283875
2026,C1,832,0.21966278553009033,0.30170518159866333
2026,C1,833,0.23647557199001312,0.31858688592910767
2026,C1,834,0.26692110300064087,0.35578086972236633
2026,C1,835,0.25607162714004517,0.33088716864585876
2026,C1,836,0.2345709651708603,0.30736857652664185
2026,C1,837,0.17965862154960632,0.25844308733940125
2026,C1,838,0.193250834941864,0.2798348069190979
2026,C1,839,0.26949524879455566,0.3722080886363983
2026,C1,840,0.2756686806678772,0.3516544997692108
2026,C1,841,0.2698950171470642,0.3522253632545471
2026,C1,842,0.2694547474384308,0.3675118684768677
2026,C1,843,0.24874813854694366,0.3434290289878845
2026,C1,844,0.2507387399673462,0.33382004499435425
2026,C1,845,0.2414293885231018,0.33620983362197876
2026,C1,846,0.2117205709218979,0.32088690996170044
2026,C1,847,0.26207906007766724,0.34656432271003723
2026,C1,848,0.24696432054042816,0.32375335693359375
2026,C1,849,0.2533087134361267,0.3433319628238678
2026,C1,850,0.2590511739253998,0.3664902150630951
2026,C1,851,0.26400384306907654,0.3593735098838806
2026,C1,852,0.2932066321372986,0.38865336775779724
2026,C1,853,0.23725932836532593,0.3241603672504425
2026,C1,854,0.2442331612110138,0.34500885009765625
2026,C1,855,0.21277621388435364,0.2882901728153229
2026,C1,856,0.25773945450782776,0.3321569561958313
2026,C1,857,0.2121349424123764,0.2806110680103302
2026,C1,858,0.24168264865875244,0.31851229071617126
2026,C1,859,0.2737216353416443,0.36572879552841187
2026,C1,860,0.22046202421188354,0.2881869971752167
2026,C1,861,0.1901346892118454,0.25098851323127747
2026,C1,862,0.27280595898628235,0.3503156006336212
2026,C1,863,0.24366740882396698,0.33729463815689087
2026,C1,864,0.22167466580867767,0.2978326082229614
2026,C1,865,0.24244707822799683,0.31807708740234375
2026,C1,866,0.2591521143913269,0.37397414445877075
2026,C1,867,0.24886763095855713,0.32478979229927063
2026,C1,868,0.30489104986190796,0.4077448546886444
2026,C1,869,0.2786860466003418,0.3636113703250885
2026,C1,870,0.23873116075992584,0.33674079179763794
2026,C1,871,0.20880930125713348,0.29463520646095276
2026,C1,872,0.24585741758346558,0.34377574920654297
2026,C1,873,0.23695580661296844,0.3159714341163635
2026,C1,874,0.23152928054332733,0.3123868405818939
2026,C1,875,0.2325400412082672,0.3108665943145752
2026,C1,876,0.25075364112854004,0.3233035206794739
2026,C1,877,0.2854507565498352,0.3952154815196991
2026,C1,878,0.19279128313064575,0.27195653319358826
2026,C1,879,0.23640522360801697,0.33337849378585815
2026,C1,880,0.19369029998779297,0.26490139961242676
2026,C1,881,0.2413974553346634,0.3165585398674011
2026,C1,882,0.2637587785720825,0.3521639406681061
2026,C1,883,0.20410645008087158,0.29164254665374756
2026,C1,884,0.24226924777030945,0.3254106640815735
2026,C1,885,0.2567363977432251,0.32859885692596436
2026,C1,886,0.25023752450942993,0.32459014654159546
2026,C1,887,0.2341102659702301,0.3208293318748474
2026,C1,888,0.23252014815807343,0.3192068040370941
2026,C1,889,0.210359126329422,0.28907543420791626
2026,C1,890,0.22944393754005432,0.3213996887207031
2026,C1,891,0.22471272945404053,0.31827422976493835
2026,C1,892,0.21151337027549744,0.29833510518074036
2026,C1,893,0.22568710148334503,0.3129279613494873
2026,C1,894,0.22109122574329376,0.30437833070755005
2026,C1,895,0.22994929552078247,0.3211138844490051
2026,C1,896,0.2961609661579132,0.37088656425476074
2026,C1,897,0.20891909301280975,0.2572728097438812
2026,C1,898,0.2903524935245514,0.3639659881591797
2026,C1,899,0.21018964052200317,0.31046295166015625
2026,C1,900,0.2809215188026428,0.36127638816833496
2026,C1,901,0.29851406812667847,0.3966442048549652
2026,C1,902,0.2768136262893677,0.36861568689346313
2026,C1,903,0.21965253353118896,0.2830929160118103
2026,C1,904,0.26819849014282227,0.3437128961086273
2026,C1,905,0.270419716835022,0.35650718212127686
2026,C1,906,0.27315062284469604,0.3301941752433777
2026,C1,907,0.3153224587440491,0.4179633855819702
2026,C1,908,0.20442482829093933,0.28181228041648865
2026,C1,909,0.2463521957397461,0.3486150801181793
2026,C1,910,0.2888994812965393,0.3815879225730896
2026,C1,911,0.25597310066223145,0.3231825530529022
2026,C1,912,0.2758817970752716,0.3669448494911194
2026,C1,913,0.26227855682373047,0.35246601700782776
2026,C1,914,0.1871219128370285,0.26841580867767334
2026,C1,915,0.2890896201133728,0.3576447367668152
2026,C1,916,0.1967998892068863,0.27036401629447937
2026,C1,917,0.21380627155303955,0.31437522172927856
2026,C1,918,0.24638451635837555,0.3074527680873871
2026,C1,919,0.22028516232967377,0.27878737449645996
2026,C1,920,0.23815825581550598,0.33444228768348694
2026,C1,921,0.18263214826583862,0.2541152536869049
2026,C1,922,0.2392388880252838,0.34296250343322754
2026,C1,923,0.24297191202640533,0.31372690200805664
2026,C1,924,0.21354080736637115,0.2843419909477234
2026,C1,925,0.2595966160297394,0.33760082721710205
2026,C1,926,0.2781992554664612,0.3586590886116028
2026,C1,927,0.2349940836429596,0.3063332736492157
2026,C1,928,0.1928139328956604,0.2524159252643585
2026,C1,929,0.22752873599529266,0.30714350938796997
2026,C1,930,0.28119149804115295,0.3593449592590332
2026,C1,931,0.2857385575771332,0.37059852480888367
2026,C1,932,0.26158303022384644,0.34503546357154846
2026,C1,933,0.24107244610786438,0.34722718596458435
2026,C1,934,0.2818591594696045,0.3717626631259918
2026,C1,935,0.21188266575336456,0.29944470524787903
2026,C1,936,0.24078090488910675,0.31891530752182007
2026,C1,937,0.24471186101436615,0.3162299394607544
2026,C1,938,0.24433137476444244,0.30803409218788147
2026,C1,939,0.2036004513502121,0.2916603684425354
2026,C1,940,0.18594691157341003,0.27642112970352173
2026,C1,941,0.31237083673477173,0.40208056569099426
2026,C1,942,0.22717979550361633,0.32384538650512695
2026,C1,943,0.2509661614894867,0.3366391956806183
2026,C1,944,0.28912824392318726,0.37992241978645325
2026,C1,945,0.22312839329242706,0.3233690559864044
2026,C1,946,0.20542877912521362,0.28100529313087463
2026,C1,947,0.19363825023174286,0.2803175449371338
2026,C1,948,0.28661197423934937,0.3680952489376068
2026,C1,949,0.22902484238147736,0.3116493225097656
2026,C1,950,0.26449936628341675,0.3457361161708832
2026,C1,951,0.23838385939598083,0.312406063079834
2026,C1,952,0.2344202697277069,0.3155500292778015
2026,C1,953,0.218297079205513,0.2920306921005249
2026,C1,954,0.23188640177249908,0.30843713879585266
2026,C1,955,0.2781790494918823,0.38117873668670654
2026,C1,956,0.2317488193511963,0.32418328523635864
2026,C1,957,0.26718637347221375,0.33888229727745056
2026,C1,958,0.3605620861053467,0.444155752658844
2026,C1,959,0.2698114514350891,0.3387756049633026
2026,C1,960,0.21336649358272552,0.2994776964187622
2026,C1,961,0.22743020951747894,0.3024504482746124
2026,C1,962,0.22554603219032288,0.30747514963150024
2026,C1,963,0.3066755533218384,0.38391903042793274
2026,C1,964,0.22654135525226593,0.29836830496788025
2026,C1,965,0.2745819091796875,0.35705170035362244
2026,C1,966,0.27030429244041443,0.35327208042144775
2026,C1,967,0.29841840267181396,0.3765646815299988
2026,C1,968,0.21762123703956604,0.2938348650932312
2026,C1,969,0.2505803406238556,0.3295791447162628
2026,C1,970,0.206426203250885,0.2832240164279938
2026,C1,971,0.2436770498752594,0.33319151401519775
2026,C1,972,0.2094963788986206,0.28774723410606384
2026,C1,973,0.19158746302127838,0.28727850317955017
2026,C1,974,0.21002955734729767,0.29920488595962524
2026,C1,975,0.2149314135313034,0.29374071955680847
2026,C1,976,0.2524300217628479,0.33701398968696594
2026,C1,977,0.2804674506187439,0.347904235124588
2026,C1,978,0.1656583696603775,0.23978859186172485
2026,C1,979,0.26713019609451294,0.3545314371585846
2026,C1,980,0.2927985191345215,0.377995103597641
2026,C1,981,0.23422037065029144,0.3178064823150635
2026,C1,982,0.25923267006874084,0.3328602612018585
2026,C1,983,0.28779473900794983,0.3754885792732239
2026,C1,984,0.22744178771972656,0.31752705574035645
2026,C1,985,0.19605514407157898,0.260086327791214
2026,C1,986,0.23107200860977173,0.2955358922481537
2026,C1,987,0.2941150963306427,0.3838963508605957
2026,C1,988,0.2828763723373413,0.37553882598876953
2026,C1,989,0.2554653286933899,0.3596789538860321
2026,C1,990,0.2463192194700241,0.32323384284973145
2026,C1,991,0.2230088710784912,0.28332531452178955
2026,C1,992,0.30496132373809814,0.3955393135547638
2026,C1,993,0.23373885452747345,0.33348071575164795
2026,C1,994,0.21436816453933716,0.2996614873409271
2026,C1,995,0.2232135534286499,0.315449595451355
2026,C1,996,0.34506353735923767,0.4429473578929901
2026,C1,997,0.24047432839870453,0.33063003420829773
2026,C1,998,0.22210347652435303,0.2980906069278717
2026,C1,999,0.31007492542266846,0.4010659158229828
2026,C1,1000,0.20654886960983276,0.304281622171402
2026,C1,1001,0.2107464075088501,0.2931872010231018
2026,C1,1002,0.3294152021408081,0.43707478046417236
2026,C1,1003,0.2129245400428772,0.2839507460594177
2026,C1,1004,0.28451627492904663,0.3680206537246704
2026,C1,1005,0.23518088459968567,0.3358081579208374
2026,C1,1006,0.21099816262722015,0.2854786515235901
2026,C1,1007,0.20101284980773926,0.26209622621536255
2026,C1,1008,0.2492167353630066,0.31951531767845154
2026,C1,1009,0.17523568868637085,0.22849653661251068
2026,C1,1010,0.2801101803779602,0.3699929714202881
2026,C1,1011,0.2393859326839447,0.3163045048713684
2026,C1,1012,0.29460635781288147,0.3930456340312958
2026,C1,1013,0.21425339579582214,0.2901202440261841
2026,C1,1014,0.27552399039268494,0.36643126606941223
2026,C1,1015,0.21461902558803558,0.29339489340782166
2026,C1,1016,0.27806615829467773,0.3531785309314728
2026,C1,1017,0.23046132922172546,0.3110750913619995
2026,C1,1018,0.19182316958904266,0.26945722103118896
2026,C1,1019,0.2269863486289978,0.31347721815109253
2026,C1,1020,0.2499467432498932,0.35190942883491516
2026,C1,1021,0.1961057484149933,0.27436238527297974
2026,C1,1022,0.19801706075668335,0.27322688698768616
2026,C1,1023,0.2659512758255005,0.34648385643959045
2026,C1,1024,0.19513024389743805,0.24659158289432526
2026,C1,1025,0.23405225574970245,0.294349730014801
2026,C1,1026,0.2449113428592682,0.31674203276634216
2026,C1,1027,0.23832562565803528,0.3023621439933777
2026,C1,1028,0.27768465876579285,0.36845967173576355
2026,C1,1029,0.2803201973438263,0.3754727840423584
2026,C1,1030,0.2883757948875427,0.37829604744911194
2026,C1,1031,0.22654759883880615,0.31740787625312805
2026,C1,1032,0.25315019488334656,0.34040722250938416
2026,C1,1033,0.24298711121082306,0.31358808279037476
2026,C1,1034,0.3054955005645752,0.3821884095668793
2026,C1,1035,0.2827247083187103,0.36407262086868286
2026,C1,1036,0.21075183153152466,0.2754579186439514
2026,C1,1037,0.19621062278747559,0.25878503918647766
2026,C1,1038,0.2007085531949997,0.28290313482284546
2026,C1,1039,0.24327877163887024,0.31929805874824524
2026,C1,1040,0.20788127183914185,0.26604196429252625
2026,C1,1041,0.23981504142284393,0.32325297594070435
2026,C1,1042,0.1735534518957138,0.2499532401561737
2026,C1,1043,0.20887991786003113,0.2846771478652954
2026,C1,1044,0.23813815414905548,0.32744383811950684
2026,C1,1045,0.20941206812858582,0.2995634973049164
2026,C1,1046,0.24856317043304443,0.3423091769218445
2026,C1,1047,0.2055838406085968,0.2747032344341278
2026,C1,1048,0.32752126455307007,0.40972474217414856
2026,C1,1049,0.23935095965862274,0.3150780200958252
2026,C1,1050,0.20718765258789062,0.30046331882476807
2026,C1,1051,0.23189035058021545,0.3113846182823181
2026,C1,1052,0.24485145509243011,0.3261798322200775
2026,C1,1053,0.24352717399597168,0.323862761259079
2026,C1,1054,0.23922596871852875,0.3223605751991272
2026,C1,1055,0.22878682613372803,0.3051600158214569
2026,C1,1056,0.24775846302509308,0.31839191913604736
2026,C1,1057,0.22683000564575195,0.30733758211135864
2026,C1,1058,0.22402986884117126,0.29340147972106934
2026,C1,1059,0.19155928492546082,0.2620182931423187
2026,C1,1060,0.2285541445016861,0.3379707336425781
2026,C1,1061,0.2574121952056885,0.3324558734893799
2026,C1,1062,0.2324209213256836,0.32777857780456543
2026,C1,1063,0.2144547402858734,0.3089267313480377
2026,C1,1064,0.17892399430274963,0.239694282412529
2026,C1,1065,0.2039441168308258,0.2747495174407959
2026,C1,1066,0.21711400151252747,0.2735089659690857
2026,C1,1067,0.2566145658493042,0.3458521366119385
2026,C1,1068,0.19277642667293549,0.2789071798324585
2026,C1,1069,0.261077344417572,0.3545617163181305
2026,C1,1070,0.24535158276557922,0.32063543796539307
2026,C1,1071,0.25051048398017883,0.34272199869155884
2026,C1,1072,0.30549702048301697,0.39846259355545044
2026,C1,1073,0.322870135307312,0.41577595472335815
2026,C1,1074,0.3332090973854065,0.439872145652771
2026,C1,1075,0.26380839943885803,0.350354939699173
2026,C1,1076,0.22465434670448303,0.30467358231544495
2026,C1,1077,0.2389344573020935,0.32306545972824097
2026,C1,1078,0.18748818337917328,0.2590261995792389
2026,C1,1079,0.22061476111412048,0.28568655252456665
2026,C1,1080,0.2158130258321762,0.3043765723705292
2026,C1,1081,0.25289443135261536,0.34865471720695496
2026,C1,1082,0.23929256200790405,0.3308754861354828
2026,C1,1083,0.23081350326538086,0.32645565271377563
2026,C1,1084,0.29334917664527893,0.3873136043548584
2026,C1,1085,0.2159576117992401,0.2983214855194092
2026,C1,1086,0.2417941838502884,0.31582343578338623
2026,C1,1087,0.229112908244133,0.2982594966888428
2026,C1,1088,0.21911680698394775,0.27772900462150574
2026,C1,1089,0.2191043347120285,0.2971726059913635
2026,C1,1090,0.24111396074295044,0.3169880509376526
2026,C1,1091,0.16237753629684448,0.2308197319507599
2026,C1,1092,0.21451473236083984,0.29649460315704346
2026,C1,1093,0.24380771815776825,0.323919415473938
2026,C1,1094,0.24337854981422424,0.32423973083496094
2026,C1,1095,0.17335698008537292,0.25099483132362366
2026,C1,1096,0.26170775294303894,0.37199416756629944
2026,C1,1097,0.17189210653305054,0.23806150257587433
2026,C1,1098,0.24057045578956604,0.3200347423553467
2026,C1,1099,0.1993921399116516,0.29858672618865967
2026,C1,1100,0.20653393864631653,0.305745929479599
2026,C1,1101,0.2475573569536209,0.3169177174568176
2026,C1,1102,0.27536171674728394,0.36696773767471313
2026,C1,1103,0.20962035655975342,0.29834145307540894
2026,C1,1104,0.24749618768692017,0.352062463760376
2026,C1,1105,0.1701294332742691,0.22376956045627594
2026,C1,1106,0.2382289171218872,0.3200511038303375
2026,C1,1107,0.24469804763793945,0.3233208656311035
2026,C1,1108,0.20192253589630127,0.2735115885734558
2026,C1,1109,0.21341350674629211,0.28848373889923096
2026,C1,1110,0.19915539026260376,0.28273579478263855
2026,C1,1111,0.2627458870410919,0.3446314036846161
2026,C1,1112,0.20559675991535187,0.2753593921661377
2026,C1,1113,0.26529085636138916,0.3377074897289276
2026,C1,1114,0.3202609419822693,0.40665701031684875
2026,C1,1115,0.2846888601779938,0.3703082799911499
2026,C1,1116,0.26228874921798706,0.3392888903617859
2026,C1,1117,0.24739021062850952,0.3314775228500366
2026,C1,1118,0.26417210698127747,0.36508941650390625
2026,C1,1119,0.17352673411369324,0.2526575028896332
2026,C1,1120,0.23899956047534943,0.3255704343318939
2026,C1,1121,0.2945389151573181,0.37300631403923035
2026,C1,1122,0.2532796263694763,0.3284280300140381
2026,C1,1123,0.3093256652355194,0.40383097529411316
2026,C1,1124,0.20297425985336304,0.2798607051372528
2026,C1,1125,0.22255215048789978,0.29633572697639465
2026,C1,1126,0.23401309549808502,0.31368911266326904
2026,C1,1127,0.2044740915298462,0.29043474793434143
2026,C1,1128,0.23351159691810608,0.3183618187904358
2026,C1,1129,0.23035766184329987,0.3078156113624573
2026,C1,1130,0.2518165111541748,0.3306725323200226
2026,C1,1131,0.26806604862213135,0.3670682907104492
2026,C1,1132,0.25196701288223267,0.33064138889312744
2026,C1,1133,0.26548153162002563,0.3569529950618744
2026,C1,1134,0.22786080837249756,0.29503244161605835
2026,C1,1135,0.19872060418128967,0.28188425302505493
2026,C1,1136,0.2752569019794464,0.37472742795944214
2026,C1,1137,0.20586152374744415,0.29597359895706177
2026,C1,1138,0.19083663821220398,0.2845958471298218
2026,C1,1139,0.289958119392395,0.3743970990180969
2026,C1,1140,0.2913953363895416,0.37176594138145447
2026,C1,1141,0.26041504740715027,0.3380274176597595
2026,C1,1142,0.2518606185913086,0.3387611210346222
2026,C1,1143,0.19855891168117523,0.2833893895149231
2026,C1,1144,0.3044162094593048,0.41099274158477783
2026,C1,1145,0.2137487232685089,0.28161102533340454
2026,C1,1146,0.239881694316864,0.31940993666648865
2026,C1,1147,0.20687052607536316,0.3141273260116577
2026,C1,1148,0.2822699248790741,0.3735206425189972
2026,C1,1149,0.30043306946754456,0.3850395977497101
2026,C1,1150,0.18346580862998962,0.2438247948884964
2026,C1,1151,0.20098337531089783,0.26154717803001404
2026,C1,1152,0.23981986939907074,0.33210259675979614
2026,C1,1153,0.2296542525291443,0.31092265248298645
2026,C1,1154,0.23440031707286835,0.31523945927619934
2026,C1,1155,0.2452821135520935,0.3144928514957428
2026,C1,1156,0.24360713362693787,0.34686052799224854
2026,C1,1157,0.22263690829277039,0.3283259868621826
2026,C1,1158,0.24394473433494568,0.3130246102809906
2026,C1,1159,0.24215446412563324,0.3372729420661926
2026,C1,1160,0.29549407958984375,0.3908987045288086
2026,C1,1161,0.2632160782814026,0.3648984432220459
2026,C1,1162,0.250264972448349,0.33517971634864807
2026,C1,1163,0.25493162870407104,0.3431311249732971
2026,C1,1164,0.22517065703868866,0.3104047179222107
2026,C1,1165,0.2795182168483734,0.34679996967315674
2026,C1,1166,0.32125094532966614,0.40281134843826294
2026,C1,1167,0.23692184686660767,0.3305034637451172
2026,C1,1168,0.27030497789382935,0.36457645893096924
2026,C1,1169,0.20896491408348083,0.2756035625934601
2026,C1,1170,0.2197311669588089,0.3049633502960205
2026,C1,1171,0.2120078057050705,0.29201412200927734
2026,C1,1172,0.21893569827079773,0.3064214587211609
2026,C1,1173,0.2470211535692215,0.3516324758529663
2026,C1,1174,0.2720123529434204,0.35391977429389954
2026,C1,1175,0.25096866488456726,0.3349493741989136
2026,C1,1176,0.17932212352752686,0.2493068128824234
2026,C1,1177,0.30636709928512573,0.3776271939277649
2026,C1,1178,0.20609545707702637,0.26793068647384644
2026,C1,1179,0.23588408529758453,0.32326406240463257
2026,C1,1180,0.23471610248088837,0.3171044588088989
2026,C1,1181,0.2869694232940674,0.36118513345718384
2026,C1,1182,0.21311509609222412,0.2807696759700775
2026,C1,1183,0.22149577736854553,0.32038283348083496
2026,C1,1184,0.27856990694999695,0.351603627204895
2026,C1,1185,0.21663399040699005,0.29275190830230713
2026,C1,1186,0.31668180227279663,0.39234459400177
2026,C1,1187,0.21884839236736298,0.2993394732475281
2026,C1,1188,0.1889553964138031,0.2620927691459656
2026,C1,1189,0.26603302359580994,0.3615928888320923
2026,C1,1190,0.29959720373153687,0.3764943778514862
2026,C1,1191,0.27922889590263367,0.3543459475040436
2026,C1,1192,0.26509061455726624,0.3430265188217163
2026,C1,1193,0.2195437252521515,0.3108893632888794
2026,C1,1194,0.25963887572288513,0.3359610140323639
2026,C1,1195,0.23036642372608185,0.29950904846191406
2026,C1,1196,0.2706201672554016,0.34992101788520813
2026,C1,1197,0.16506269574165344,0.24190770089626312
2026,C1,1198,0.2169991433620453,0.30923452973365784
2026,C1,1199,0.23332199454307556,0.2978459298610687
2026,C1,1200,0.25878310203552246,0.33302101492881775
2026,C1,1201,0.21049408614635468,0.28770288825035095
2026,C1,1202,0.2720028758049011,0.34372758865356445
2026,C1,1203,0.23817512392997742,0.32396310567855835
2026,C1,1204,0.215972900390625,0.32485634088516235
2026,C1,1205,0.19911158084869385,0.2780686914920807
2026,C1,1206,0.2355545461177826,0.32135578989982605
2026,C1,1207,0.2778897285461426,0.3692973256111145
2026,C1,1208,0.24143259227275848,0.320625901222229
2026,C1,1209,0.3200255036354065,0.42540591955184937
2026,C1,1210,0.25908225774765015,0.33998218178749084
2026,C1,1211,0.20524372160434723,0.26753097772598267
2026,C1,1212,0.20420703291893005,0.27781444787979126
2026,C1,1213,0.2126322090625763,0.2879367470741272
2026,C1,1214,0.2559954822063446,0.3597954511642456
2026,C1,1215,0.23576319217681885,0.3243982791900635
2026,C1,1216,0.26256799697875977,0.35089239478111267
2026,C1,1217,0.19735969603061676,0.2646905481815338
2026,C1,1218,0.24893084168434143,0.3498046100139618
2026,C1,1219,0.16490690410137177,0.24373161792755127
2026,C1,1220,0.27773237228393555,0.35535603761672974
2026,C1,1221,0.26271772384643555,0.34896814823150635
2026,C1,1222,0.17332875728607178,0.24924607574939728
2026,C1,1223,0.29573845863342285,0.391681969165802
2026,C1,1224,0.199619323015213,0.2859921455383301
2026,C1,1225,0.21162426471710205,0.2892651855945587
2026,C1,1226,0.2776985764503479,0.347491592168808
2026,C1,1227,0.29480865597724915,0.3749220073223114
2026,C1,1228,0.1836661547422409,0.26681771874427795
2026,C1,1229,0.23513798415660858,0.3114502727985382
2026,C1,1230,0.2649199366569519,0.34993940591812134
2026,C1,1231,0.26572924852371216,0.3444451689720154
2026,C1,1232,0.2992774248123169,0.3940747082233429
2026,C1,1233,0.16764512658119202,0.2529241144657135
2026,C1,1234,0.22200539708137512,0.29142656922340393
2026,C1,1235,0.23009942471981049,0.2959153354167938
2026,C1,1236,0.28053608536720276,0.37004756927490234
2026,C1,1237,0.22137467563152313,0.28498995304107666
2026,C1,1238,0.22054243087768555,0.2813381850719452
2026,C1,1239,0.26781177520751953,0.3542138636112213
2026,C1,1240,0.24458050727844238,0.3508073687553406
2026,C1,1241,0.2164335399866104,0.2900696396827698
2026,C1,1242,0.21253284811973572,0.31225383281707764
2026,C1,1243,0.2621152997016907,0.3407866358757019
2026,C1,1244,0.15849269926548004,0.2533174455165863
2026,C1,1245,0.21482667326927185,0.28075268864631653
2026,C1,1246,0.29099175333976746,0.3786461353302002
2026,C1,1247,0.3024689257144928,0.3868371248245239
2026,C1,1248,0.3355584144592285,0.42108073830604553
2026,C1,1249,0.2720452845096588,0.3413711190223694
2026,C1,1250,0.24580222368240356,0.33300215005874634
2026,C1,1251,0.22228097915649414,0.27586689591407776
2026,C1,1252,0.2016943395137787,0.287324458360672
2026,C1,1253,0.1831563413143158,0.2582355737686157
2026,C1,1254,0.25645971298217773,0.3330996632575989
2026,C1,1255,0.20998811721801758,0.27735140919685364
2026,C1,1256,0.19979169964790344,0.2889993190765381
2026,C1,1257,0.20223784446716309,0.26880723237991333
2026,C1,1258,0.18084558844566345,0.24297229945659637
2026,C1,1259,0.2860931158065796,0.39248812198638916
2026,C1,1260,0.24273496866226196,0.3218258023262024
2026,C1,1261,0.24697273969650269,0.3138706684112549
2026,C1,1262,0.22579118609428406,0.312146931886673
2026,C1,1263,0.20647968351840973,0.27194637060165405
2026,C1,1264,0.26144981384277344,0.35015159845352173
2026,C1,1265,0.23904332518577576,0.3147159516811371
2026,C1,1266,0.21490725874900818,0.2807311415672302
2026,C1,1267,0.2504865229129791,0.3364028334617615
2026,C1,1268,0.24798019230365753,0.31784796714782715
2026,C1,1269,0.3053852617740631,0.3843494951725006
2026,C1,1270,0.2307274043560028,0.31303584575653076
2026,C1,1271,0.235819011926651,0.3050539493560791
2026,C1,1272,0.23652689158916473,0.3108825981616974
2026,C1,1273,0.22949658334255219,0.32661962509155273
2026,C1,1274,0.2507745325565338,0.33095699548721313
2026,C1,1275,0.2260044813156128,0.32903313636779785
2026,C1,1276,0.24691370129585266,0.322099894285202
2026,C1,1277,0.16717442870140076,0.2184043526649475
2026,C1,1278,0.22313809394836426,0.29028013348579407
2026,C1,1279,0.2086855173110962,0.28050532937049866
2026,C1,1280,0.23627112805843353,0.32696250081062317
2026,C1,1281,0.22960062325000763,0.31251582503318787
2026,C1,1282,0.1616620570421219,0.22586573660373688
2026,C1,1283,0.27593258023262024,0.3712671101093292
2026,C1,1284,0.22844070196151733,0.3209187090396881
2026,C1,1285,0.24417033791542053,0.32668912410736084
2026,C1,1286,0.20983797311782837,0.30647602677345276
2026,C1,1287,0.2510334253311157,0.343258261680603
2026,C1,1288,0.2688395380973816,0.35941174626350403
2026,C1,1289,0.2723427414894104,0.35163143277168274
2026,C1,1290,0.20007461309432983,0.2786186635494232
2026,C1,1291,0.26636794209480286,0.3426794707775116
2026,C1,1292,0.2624397873878479,0.3495302200317383
2026,C1,1293,0.29527223110198975,0.36920303106307983
2026,C1,1294,0.2524873614311218,0.339994341135025
2026,C1,1295,0.25443729758262634,0.32495996356010437
2026,C1,1296,0.25445356965065,0.33097153902053833
2026,C1,1297,0.2767501771450043,0.372852087020874
2026,C1,1298,0.24054992198944092,0.3258216679096222
2026,C1,1299,0.2298882007598877,0.3022686541080475
2026,C1,1300,0.29125869274139404,0.3726044297218323
2026,C1,1301,0.28069940209388733,0.4055818021297455
2026,C1,1302,0.23508986830711365,0.3155577778816223
2026,C1,1303,0.29189860820770264,0.3837524652481079
2026,C1,1304,0.2566063106060028,0.3363126218318939
2026,C1,1305,0.21162298321723938,0.28421175479888916
2026,C1,1306,0.2425769865512848,0.33177703619003296
2026,C1,1307,0.22211386263370514,0.3156982958316803
2026,C1,1308,0.23777523636817932,0.31331223249435425
2026,C1,1309,0.21909549832344055,0.3099534511566162
2026,C1,1310,0.17329639196395874,0.2557995617389679
2026,C1,1311,0.2540525794029236,0.3512103855609894
2026,C1,1312,0.20634201169013977,0.29987382888793945
2026,C1,1313,0.23704203963279724,0.32384195923805237
2026,C1,1314,0.2309074103832245,0.28975680470466614
2026,C1,1315,0.2687579095363617,0.34819164872169495
2026,C1,1316,0.29777437448501587,0.39073634147644043
2026,C1,1317,0.2746073007583618,0.35070738196372986
2026,C1,1318,0.30111071467399597,0.3919668197631836
2026,C1,1319,0.19448764622211456,0.2757977843284607
2026,C1,1320,0.26251500844955444,0.3600146174430847
2026,C1,1321,0.19054168462753296,0.25922825932502747
2026,C1,1322,0.21116966009140015,0.2755735516548157
2026,C1,1323,0.33038556575775146,0.4252042770385742
2026,C1,1324,0.23859375715255737,0.32259899377822876
2026,C1,1325,0.31528621912002563,0.42077383399009705
2026,C1,1326,0.19961276650428772,0.27020302414894104
2026,C1,1327,0.2281496226787567,0.2953784763813019
2026,C1,1328,0.2160980999469757,0.2887638211250305
2026,C1,1329,0.2656247019767761,0.3311353027820587
2026,C1,1330,0.23134125769138336,0.3045503795146942
2026,C1,1331,0.23838987946510315,0.3107866048812866
2026,C1,1332,0.18147751688957214,0.2521141767501831
2026,C1,1333,0.19309628009796143,0.25655853748321533
2026,C1,1334,0.2255166620016098,0.3004855513572693
2026,C1,1335,0.2293710708618164,0.3274504840373993
2026,C1,1336,0.2212039679288864,0.2974543869495392
2026,C1,1337,0.27385783195495605,0.3692496418952942
2026,C1,1338,0.22619695961475372,0.3119962811470032
2026,C1,1339,0.3112204074859619,0.4136076271533966
2026,C1,1340,0.31755203008651733,0.41221845149993896
2026,C1,1341,0.22101980447769165,0.31815093755722046
2026,C1,1342,0.23340480029582977,0.3448995053768158
2026,C1,1343,0.25220775604248047,0.3279965817928314
2026,C1,1344,0.2837828993797302,0.3656981885433197
2026,C1,1345,0.27336758375167847,0.35442328453063965
2026,C1,1346,0.2645033001899719,0.34704336524009705
2026,C1,1347,0.2826470136642456,0.3779987394809723
2026,C1,1348,0.21436062455177307,0.30170947313308716
2026,C1,1349,0.2572783827781677,0.34142619371414185
2026,C1,1350,0.2696407437324524,0.3433030843734741
2026,C1,1351,0.2547256052494049,0.33657750487327576
2026,C1,1352,0.24742093682289124,0.33161023259162903
2026,C1,1353,0.21199074387550354,0.29521337151527405
2026,C1,1354,0.23853035271167755,0.31116753816604614
2026,C1,1355,0.186184823513031,0.24746516346931458
2026,C1,1356,0.2447841763496399,0.3265974521636963
2026,C1,1357,0.26363083720207214,0.33353090286254883
2026,C1,1358,0.2683488130569458,0.34188175201416016
2026,C1,1359,0.1984977275133133,0.281521737575531
2026,C1,1360,0.20911523699760437,0.30468669533729553
2026,C1,1361,0.19744478166103363,0.2707887887954712
2026,C1,1362,0.29094845056533813,0.39002472162246704
2026,C1,1363,0.27451783418655396,0.35180091857910156
2026,C1,1364,0.2579708993434906,0.33668065071105957
2026,C1,1365,0.15896305441856384,0.21781925857067108
2026,C1,1366,0.29034581780433655,0.3664857745170593
2026,C1,1367,0.21391677856445312,0.268612265586853
2026,C1,1368,0.23626595735549927,0.3320878744125366
2026,C1,1369,0.2396838366985321,0.33517158031463623
2026,C1,1370,0.22574487328529358,0.30169785022735596
2026,C1,1371,0.2374700903892517,0.3208007514476776
2026,C1,1372,0.27021417021751404,0.35090696811676025
2026,C1,1373,0.24408037960529327,0.314369797706604
2026,C1,1374,0.23381811380386353,0.3193196952342987
2026,C1,1375,0.20814397931098938,0.28362756967544556
2026,C1,1376,0.21054109930992126,0.2672419548034668
2026,C1,1377,0.22678351402282715,0.3074364960193634
2026,C1,1378,0.25197869539260864,0.33388274908065796
2026,C1,1379,0.20450828969478607,0.26933133602142334
2026,C1,1380,0.19062238931655884,0.2398526668548584
2026,C1,1381,0.25075995922088623,0.33252766728401184
2026,C1,1382,0.26215916872024536,0.33284151554107666
2026,C1,1383,0.23668187856674194,0.34890255331993103
2026,C1,1384,0.22754769027233124,0.3065309524536133
2026,C1,1385,0.22372020781040192,0.29928717017173767
2026,C1,1386,0.25270476937294006,0.3394438326358795
2026,C1,1387,0.16937997937202454,0.22980241477489471
2026,C1,1388,0.29341888427734375,0.3871619403362274
2026,C1,1389,0.21376009285449982,0.27015039324760437
2026,C1,1390,0.24852213263511658,0.3191513121128082
2026,C1,1391,0.25230872631073,0.3232423961162567
2026,C1,1392,0.2316972315311432,0.31260448694229126
2026,C1,1393,0.2254830002784729,0.29330331087112427
2026,C1,1394,0.23356547951698303,0.3144087493419647
2026,C1,1395,0.2440279871225357,0.3190748393535614
2026,C1,1396,0.2558974623680115,0.3544143736362457
2026,C1,1397,0.259186327457428,0.32783278822898865
2026,C1,1398,0.2139582335948944,0.2826494574546814
2026,C1,1399,0.2437022477388382,0.32042965292930603
2026,C1,1400,0.2353920191526413,0.3100025951862335
2026,C1,1401,0.24935632944107056,0.3372214138507843
2026,C1,1402,0.21985593438148499,0.2919295132160187
2026,C1,1403,0.22027868032455444,0.2847766578197479
2026,C1,1404,0.24067486822605133,0.33589306473731995
2026,C1,1405,0.20925244688987732,0.2886867821216583
2026,C1,1406,0.31036660075187683,0.39899808168411255
2026,C1,1407,0.22869062423706055,0.3049355149269104
2026,C1,1408,0.23861408233642578,0.30670005083084106
2026,C1,1409,0.20178751647472382,0.27215927839279175
2026,C1,1410,0.19663341343402863,0.2531260848045349
2026,C1,1411,0.24478383362293243,0.33748194575309753
2026,C1,1412,0.24229171872138977,0.32211631536483765
2026,C1,1413,0.23512431979179382,0.32455694675445557
2026,C1,1414,0.2774619162082672,0.3651951253414154
2026,C1,1415,0.24819068610668182,0.31054291129112244
2026,C1,1416,0.2658517360687256,0.3347879648208618
2026,C1,1417,0.20057260990142822,0.2812565565109253
2026,C1,1418,0.22914445400238037,0.30104684829711914
2026,C1,1419,0.2680398225784302,0.351881742477417
2026,C1,1420,0.25523728132247925,0.3411003053188324
2026,C1,1421,0.2560294568538666,0.339815229177475
2026,C1,1422,0.19959717988967896,0.2830381989479065
2026,C1,1423,0.3117389380931854,0.39757874608039856
2026,C1,1424,0.25641706585884094,0.3383796215057373
2026,C1,1425,0.2399856448173523,0.35040000081062317
2026,C1,1426,0.22219489514827728,0.3041600286960602
2026,C1,1427,0.2139887511730194,0.28105786442756653
2026,C1,1428,0.18123623728752136,0.24562612175941467
2026,C1,1429,0.2307843267917633,0.3199276924133301
2026,C1,1430,0.1930774748325348,0.2726321220397949
2026,C1,1431,0.1824587732553482,0.2390269637107849
2026,C1,1432,0.2394694834947586,0.3188048303127289
2026,C1,1433,0.2046075463294983,0.27544623613357544
2026,C1,1434,0.29838383197784424,0.406141996383667
2026,C1,1435,0.1651448905467987,0.2447795569896698
2026,C1,1436,0.2651086449623108,0.3387994170188904
2026,C1,1437,0.26260268688201904,0.3652644455432892
2026,C1,1438,0.26169586181640625,0.34955066442489624
2026,C1,1439,0.14530053734779358,0.20897863805294037
2026,C1,1440,0.1920263022184372,0.26606225967407227
2026,C1,1441,0.18770846724510193,0.25257396697998047
2026,C1,1442,0.22858449816703796,0.30852803587913513
2026,C1,1443,0.2856789231300354,0.3636783957481384
2026,C1,1444,0.25432977080345154,0.3270721137523651
2026,C1,1445,0.2318679392337799,0.31718066334724426
2026,C1,1446,0.21838094294071198,0.29059046506881714
2026,C1,1447,0.19247771799564362,0.2676088809967041
2026,C1,1448,0.2359173744916916,0.3217471241950989
2026,C1,1449,0.21883371472358704,0.29251185059547424
2026,C1,1450,0.2658432722091675,0.36342400312423706
2026,C1,1451,0.2644692063331604,0.3570103943347931
2026,C1,1452,0.2732676863670349,0.36626866459846497
2026,C1,1453,0.32662904262542725,0.40897783637046814
2026,C1,1454,0.308856338262558,0.39665111899375916
2026,C1,1455,0.23628579080104828,0.30545774102211
2026,C1,1456,0.287895143032074,0.3707817494869232
2026,C1,1457,0.16388487815856934,0.21181946992874146
2026,C1,1458,0.2652354836463928,0.33553677797317505
2026,C1,1459,0.22296980023384094,0.30954039096832275
2026,C1,1460,0.24822328984737396,0.3199833035469055
2026,C1,1461,0.24682307243347168,0.31537318229675293
2026,C1,1462,0.26912444829940796,0.36561062932014465
2026,C1,1463,0.19803528487682343,0.28193292021751404
2026,C1,1464,0.25311771035194397,0.32795894145965576
2026,C1,1465,0.23315218091011047,0.3144884407520294
2026,C1,1466,0.19031821191310883,0.267751008272171
2026,C1,1467,0.2606455683708191,0.3418126404285431
2026,C1,1468,0.25902634859085083,0.3300655484199524
2026,C1,1469,0.19756273925304413,0.28635266423225403
2026,C1,1470,0.2707219123840332,0.3424108624458313
2026,C1,1471,0.2079159915447235,0.2972692847251892
2026,C1,1472,0.25776994228363037,0.33992403745651245
2026,C1,1473,0.2339111864566803,0.30912432074546814
2026,C1,1474,0.2538900673389435,0.34915095567703247
2026,C1,1475,0.20939093828201294,0.2934165894985199
2026,C1,1476,0.2632056772708893,0.37232404947280884
2026,C1,1477,0.24060961604118347,0.33044496178627014
2026,C1,1478,0.22585895657539368,0.27447953820228577
2026,C1,1479,0.2675850987434387,0.34617185592651367
2026,C1,1480,0.1749427318572998,0.2315548062324524
2026,C1,1481,0.20090381801128387,0.26362311840057373
2026,C1,1482,0.22236204147338867,0.3040493130683899
2026,C1,1483,0.26528310775756836,0.3621012568473816
2026,C1,1484,0.2553866505622864,0.3465763330459595
2026,C1,1485,0.22615382075309753,0.30821189284324646
2026,C1,1486,0.2290099859237671,0.3178336024284363
2026,C1,1487,0.27920234203338623,0.34361594915390015
2026,C1,1488,0.22691504657268524,0.2998548150062561
2026,C1,1489,0.24009445309638977,0.31578439474105835
2026,C1,1490,0.24007180333137512,0.31430158019065857
2026,C1,1491,0.2548634707927704,0.33770591020584106
2026,C1,1492,0.20060515403747559,0.2919343113899231
2026,C1,1493,0.21842879056930542,0.3081302344799042
2026,C1,1494,0.17363423109054565,0.22948910295963287
2026,C1,1495,0.17429083585739136,0.2345076948404312
2026,C1,1496,0.2710147500038147,0.36023104190826416
2026,C1,1497,0.2572670578956604,0.34948307275772095
2026,C1,1498,0.22912311553955078,0.3213600814342499
2026,C1,1499,0.22203196585178375,0.30187124013900757
2026,C1,1500,0.24786657094955444,0.322476327419281
2026,C1,1501,0.21560457348823547,0.3005067706108093
2026,C1,1502,0.3197712302207947,0.41903337836265564
2026,C1,1503,0.24685440957546234,0.33326518535614014
2026,C1,1504,0.288882851600647,0.3638696074485779
2026,C1,1505,0.23402011394500732,0.310204416513443
2026,C1,1506,0.23657812178134918,0.33579742908477783
2026,C1,1507,0.19843456149101257,0.2594201862812042
2026,C1,1508,0.22101998329162598,0.29215025901794434
2026,C1,1509,0.2567386031150818,0.3330387473106384
2026,C1,1510,0.20194628834724426,0.26748126745224
2026,C1,1511,0.15306368470191956,0.21050511300563812
2026,C1,1512,0.2387593537569046,0.33415403962135315
2026,C1,1513,0.27767977118492126,0.3663388192653656
2026,C1,1514,0.25361889600753784,0.30585992336273193
2026,C1,1515,0.22466468811035156,0.3279373049736023
2026,C1,1516,0.2729604244232178,0.3596594035625458
2026,C1,1517,0.23838597536087036,0.32018977403640747
2026,C1,1518,0.25057774782180786,0.34668684005737305
2026,C1,1519,0.25356394052505493,0.3371082544326782
2026,C1,1520,0.24502505362033844,0.3287191689014435
2026,C1,1521,0.1941574513912201,0.294660359621048
2026,C1,1522,0.26818427443504333,0.35339024662971497
2026,C1,1523,0.25411930680274963,0.3384844958782196
2026,C1,1524,0.28570085763931274,0.37534210085868835
2026,C1,1525,0.29411637783050537,0.3825424909591675
2026,C1,1526,0.30769097805023193,0.4011349380016327
2026,C1,1527,0.21022367477416992,0.29761382937431335
2026,C1,1528,0.2931895852088928,0.3824167549610138
2026,C1,1529,0.25999462604522705,0.32675766944885254
2026,C1,1530,0.17717331647872925,0.24718329310417175
2026,C1,1531,0.20950540900230408,0.29674071073532104
2026,C1,1532,0.27540308237075806,0.3577660620212555
2026,C1,1533,0.23161368072032928,0.31063592433929443
2026,C1,1534,0.19931918382644653,0.27679476141929626
2026,C1,1535,0.19715899229049683,0.28072625398635864
2026,C1,1536,0.20119906961917877,0.26704689860343933
2026,C1,1537,0.24431410431861877,0.32501405477523804
2026,C1,1538,0.25540482997894287,0.32937943935394287
2026,C1,1539,0.2440062016248703,0.3134196400642395
2026,C1,1540,0.23236311972141266,0.3106459975242615
2026,C1,1541,0.28283101320266724,0.37158024311065674
2026,C1,1542,0.23955164849758148,0.3126802444458008
2026,C1,1543,0.223667711019516,0.28635406494140625
2026,C1,1544,0.3366169333457947,0.43527597188949585
2026,C1,1545,0.30262452363967896,0.3973546624183655
2026,C1,1546,0.2649296820163727,0.3469231426715851
2026,C1,1547,0.3395458459854126,0.44240352511405945
2026,C1,1548,0.2721922993659973,0.3633221387863159
2026,C1,1549,0.2335827350616455,0.32115572690963745
2026,C1,1550,0.3140931725502014,0.39480143785476685
2026,C1,1551,0.18654859066009521,0.2408338338136673
2026,C1,1552,0.19552448391914368,0.2704245150089264
2026,C1,1553,0.2782856225967407,0.37175658345222473
2026,C1,1554,0.25193360447883606,0.32416874170303345
2026,C1,1555,0.16914604604244232,0.22466963529586792
2026,C1,1556,0.21627414226531982,0.28042489290237427
2026,C1,1557,0.23378445208072662,0.308847039937973
2026,C1,1558,0.18710124492645264,0.2567161023616791
2026,C1,1559,0.2191830575466156,0.28603509068489075
2026,C1,1560,0.21406054496765137,0.2745293378829956
2026,C1,1561,0.22206830978393555,0.29365336894989014
2026,C1,1562,0.22632935643196106,0.31380510330200195
2026,C1,1563,0.20515550673007965,0.30172842741012573
2026,C1,1564,0.2330555021762848,0.30562666058540344
2026,C1,1565,0.2493198662996292,0.3237399458885193
2026,C1,1566,0.2434251606464386,0.3149721324443817
2026,C1,1567,0.23590530455112457,0.30821529030799866
2026,C1,1568,0.21072827279567719,0.2835818827152252
2026,C1,1569,0.22400423884391785,0.31355589628219604
2026,C1,1570,0.20544318854808807,0.27032697200775146
2026,C1,1571,0.2136363983154297,0.3051142394542694
2026,C1,1572,0.33040544390678406,0.4225781559944153
2026,C1,1573,0.251690536737442,0.3403250575065613
2026,C1,1574,0.28985893726348877,0.3724991977214813
2026,C1,1575,0.2218209207057953,0.31221818923950195
2026,C1,1576,0.2525033950805664,0.34320974349975586
2026,C1,1577,0.18166965246200562,0.25746840238571167
2026,C1,1578,0.20309104025363922,0.27733883261680603
2026,C1,1579,0.23004981875419617,0.2966674268245697
2026,C1,1580,0.23040643334388733,0.3005012571811676
2026,C1,1581,0.24666763842105865,0.3223332464694977
2026,C1,1582,0.26465094089508057,0.35760927200317383
2026,C1,1583,0.18132230639457703,0.2567676305770874
2026,C1,1584,0.2373167872428894,0.32777395844459534
2026,C1,1585,0.2580905556678772,0.3596360385417938
2026,C1,1586,0.20346449315547943,0.28131338953971863
2026,C1,1587,0.27825653553009033,0.36181706190109253
2026,C1,1588,0.24778565764427185,0.3393923342227936
2026,C1,1589,0.2019270658493042,0.26474878191947937
2026,C1,1590,0.15866950154304504,0.2172231674194336
2026,C1,1591,0.2619396150112152,0.35534170269966125
2026,C1,1592,0.2962144613265991,0.37534886598587036
2026,C1,1593,0.32752251625061035,0.4133423864841461
2026,C1,1594,0.2080996036529541,0.28223150968551636
2026,C1,1595,0.21403220295906067,0.2924618124961853
2026,C1,1596,0.2365785539150238,0.31169354915618896
2026,C1,1597,0.19448478519916534,0.2607421278953552
2026,C1,1598,0.1980002522468567,0.28362709283828735
2026,C1,1599,0.22787955403327942,0.2926885783672333
2026,C1,1600,0.21090836822986603,0.33173882961273193
2026,C1,1601,0.23014797270298004,0.28273335099220276
2026,C1,1602,0.2683614194393158,0.35507866740226746
2026,C1,1603,0.21143963932991028,0.2951539158821106
2026,C1,1604,0.25446009635925293,0.35151535272598267
2026,C1,1605,0.26050764322280884,0.35500097274780273
2026,C1,1606,0.2981857657432556,0.38660621643066406
2026,C1,1607,0.23537714779376984,0.3218630254268646
2026,C1,1608,0.2182157039642334,0.2771153450012207
2026,C1,1609,0.2266751527786255,0.316058486700058
2026,C1,1610,0.284413605928421,0.3776666820049286
2026,C1,1611,0.27321913838386536,0.34712284803390503
2026,C1,1612,0.2464417815208435,0.33169418573379517
2026,C1,1613,0.19788876175880432,0.268237829208374
2026,C1,1614,0.28358638286590576,0.40182292461395264
2026,C1,1615,0.35460788011550903,0.43869566917419434
2026,C1,1616,0.21542835235595703,0.30898725986480713
2026,C1,1617,0.17915400862693787,0.2320537269115448
2026,C1,1618,0.24834127724170685,0.3228338658809662
2026,C1,1619,0.24255934357643127,0.33452874422073364
2026,C1,1620,0.2663133144378662,0.3500503599643707
2026,C1,1621,0.2525513768196106,0.3433622121810913
2026,C1,1622,0.287741482257843,0.3903561234474182
2026,C1,1623,0.20702749490737915,0.2851405441761017
2026,C1,1624,0.19908806681632996,0.2710345983505249
2026,C1,1625,0.2609177827835083,0.3499162197113037
2026,C1,1626,0.22806835174560547,0.3140549063682556
2026,C1,1627,0.2161630392074585,0.2807449996471405
2026,C1,1628,0.2407478541135788,0.3261893391609192
2026,C1,1629,0.2913668155670166,0.40268710255622864
2026,C1,1630,0.2323789894580841,0.3359254002571106
2026,C1,1631,0.20562879741191864,0.2578006088733673
2026,C1,1632,0.23901458084583282,0.3278775215148926
2026,C1,1633,0.2549892067909241,0.3346646726131439
2026,C1,1634,0.29597195982933044,0.3714585304260254
2026,C1,1635,0.20805102586746216,0.27182838320732117
2026,C1,1636,0.22645902633666992,0.3152584731578827
2026,C1,1637,0.22726857662200928,0.30634555220603943
2026,C1,1638,0.1728646457195282,0.2467275708913803
2026,C1,1639,0.25847241282463074,0.3833724558353424
2026,C1,1640,0.22995437681674957,0.29884591698646545
2026,C1,1641,0.22402876615524292,0.29966092109680176
2026,C1,1642,0.22946129739284515,0.3073686957359314
2026,C1,1643,0.23854973912239075,0.3331770598888397
2026,C1,1644,0.2944360673427582,0.3783360719680786
2026,C1,1645,0.244874507188797,0.32802367210388184
2026,C1,1646,0.25294262170791626,0.347354531288147
2026,C1,1647,0.22334763407707214,0.3095738887786865
2026,C1,1648,0.2819037139415741,0.35686254501342773
2026,C1,1649,0.2352178990840912,0.31234413385391235
2026,C1,1650,0.23482370376586914,0.30782678723335266
2026,C1,1651,0.18261849880218506,0.24384821951389313
2026,C1,1652,0.2579876184463501,0.3560532033443451
2026,C1,1653,0.20554810762405396,0.25963765382766724
2026,C1,1654,0.2329576015472412,0.3142235279083252
2026,C1,1655,0.2710767984390259,0.34287455677986145
2026,C1,1656,0.22841882705688477,0.30101144313812256
2026,C1,1657,0.21246132254600525,0.27648091316223145
2026,C1,1658,0.25344541668891907,0.32423534989356995
2026,C1,1659,0.17636600136756897,0.24587610363960266
2026,C1,1660,0.21741218864917755,0.29643839597702026
2026,C1,1661,0.22813865542411804,0.2926911413669586
2026,C1,1662,0.2735847532749176,0.34351152181625366
2026,C1,1663,0.2895280122756958,0.38096049427986145
2026,C1,1664,0.2521458864212036,0.3444479703903198
2026,C1,1665,0.21443916857242584,0.3000614047050476
2026,C1,1666,0.24472995102405548,0.3288690447807312
2026,C1,1667,0.318270206451416,0.39754247665405273
2026,C1,1668,0.18798372149467468,0.24794994294643402
2026,C1,1669,0.29064375162124634,0.38249409198760986
2026,C1,1670,0.24129492044448853,0.3208180069923401
2026,C1,1671,0.26037395000457764,0.3550071716308594
2026,C1,1672,0.25697755813598633,0.326546311378479
2026,C1,1673,0.222130686044693,0.2784034311771393
2026,C1,1674,0.2949214577674866,0.39309918880462646
2026,C1,1675,0.30674558877944946,0.38968655467033386
2026,C1,1676,0.25706055760383606,0.3244297504425049
2026,C1,1677,0.2260713279247284,0.29613661766052246
2026,C1,1678,0.1714719533920288,0.2320134937763214
2026,C1,1679,0.2067451775074005,0.270964115858078
2026,C1,1680,0.1902097761631012,0.2606472969055176
2026,C1,1681,0.16660216450691223,0.23380446434020996
2026,C1,1682,0.23477737605571747,0.3175400495529175
2026,C1,1683,0.20671142637729645,0.2940066456794739
2026,C1,1684,0.18048952519893646,0.2540968060493469
2026,C1,1685,0.21029075980186462,0.29075080156326294
2026,C1,1686,0.19235879182815552,0.2686472535133362
2026,C1,1687,0.2386748492717743,0.32557958364486694
2026,C1,1688,0.166864275932312,0.23402976989746094
2026,C1,1689,0.2592194080352783,0.340307354927063
2026,C1,1690,0.2003697007894516,0.2747040390968323
2026,C1,1691,0.26121610403060913,0.3458625078201294
2026,C1,1692,0.21493299305438995,0.2742370367050171
2026,C1,1693,0.235434889793396,0.3084413707256317
2026,C1,1694,0.24458684027194977,0.35058993101119995
2026,C1,1695,0.2533567547798157,0.34310922026634216
2026,C1,1696,0.18032759428024292,0.25259214639663696
2026,C1,1697,0.18293780088424683,0.23986893892288208
2026,C1,1698,0.22697901725769043,0.32112205028533936
2026,C1,1699,0.2524656057357788,0.3416479527950287
2026,C1,1700,0.1928260326385498,0.2784518003463745
2026,C1,1701,0.2185896784067154,0.29524195194244385
2026,C1,1702,0.3369086980819702,0.4463128447532654
2026,C1,1703,0.2711050510406494,0.33329543471336365
2026,C1,1704,0.18903687596321106,0.24109824001789093
2026,C1,1705,0.1685018539428711,0.23430682718753815
2026,C1,1706,0.21081200242042542,0.27468234300613403
2026,C1,1707,0.26240167021751404,0.3560902178287506
2026,C1,1708,0.15886235237121582,0.22427424788475037
2026,C1,1709,0.256602019071579,0.34817802906036377
2026,C1,1710,0.18635375797748566,0.2823275327682495
2026,C1,1711,0.18325716257095337,0.2704070806503296
2026,C1,1712,0.22167345881462097,0.3086544871330261
2026,C1,1713,0.22009587287902832,0.3164098858833313
2026,C1,1714,0.22831329703330994,0.30567967891693115
2026,C1,1715,0.1876659393310547,0.27906662225723267
2026,C1,1716,0.20884406566619873,0.28887128829956055
2026,C1,1717,0.2842896282672882,0.3483932316303253
2026,C1,1718,0.202265202999115,0.2990463078022003
2026,C1,1719,0.26201286911964417,0.3527223765850067
2026,C1,1720,0.2255825400352478,0.3102233409881592
2026,C1,1721,0.2421616017818451,0.3160143792629242
2026,C1,1722,0.21720053255558014,0.29794326424598694
2026,C1,1723,0.23890608549118042,0.3178935647010803
2026,C1,1724,0.23096302151679993,0.3179485499858856
2026,C1,1725,0.2518616318702698,0.34154948592185974
2026,C1,1726,0.17045439779758453,0.22737206518650055
2026,C1,1727,0.23329350352287292,0.3065064251422882
2026,C1,1728,0.2319875955581665,0.31073272228240967
2026,C1,1729,0.2329394519329071,0.30952128767967224
2026,C1,1730,0.26314157247543335,0.3409578204154968
2026,C1,1731,0.19112709164619446,0.24487508833408356
2026,C1,1732,0.22962825000286102,0.31715282797813416
2026,C1,1733,0.22289538383483887,0.3209107518196106
2026,C1,1734,0.20236554741859436,0.27779480814933777
2026,C1,1735,0.24630361795425415,0.3362991511821747
2026,C1,1736,0.24192941188812256,0.30887463688850403
2026,C1,1737,0.2803213596343994,0.3729492425918579
2026,C1,1738,0.2177252471446991,0.2954901158809662
2026,C1,1739,0.25628283619880676,0.3448101282119751
2026,C1,1740,0.24612027406692505,0.32284191250801086
2026,C1,1741,0.20375625789165497,0.2923034727573395
2026,C1,1742,0.25042206048965454,0.3302804231643677
2026,C1,1743,0.2331005334854126,0.31012701988220215
2026,C1,1744,0.26117193698883057,0.3374288082122803
2026,C1,1745,0.2562375068664551,0.3298431634902954
2026,C1,1746,0.23951677978038788,0.3093089163303375
2026,C1,1747,0.2670699656009674,0.35764646530151367
2026,C1,1748,0.1970442682504654,0.2697836756706238
2026,C1,1749,0.2476043850183487,0.33730363845825195
2026,C1,1750,0.2526497542858124,0.3328530788421631
2026,C1,1751,0.19693446159362793,0.28292116522789
2026,C1,1752,0.28571367263793945,0.3659117519855499
2026,C1,1753,0.2572079300880432,0.35498493909835815
2026,C1,1754,0.26212596893310547,0.34936773777008057
2026,C1,1755,0.20058347284793854,0.26812389492988586
2026,C1,1756,0.26623883843421936,0.3474404811859131
2026,C1,1757,0.18089008331298828,0.25476598739624023
2026,C1,1758,0.2550537586212158,0.3308756351470947
2026,C1,1759,0.2628951072692871,0.33644428849220276
2026,C1,1760,0.27892088890075684,0.3519788682460785
2026,C1,1761,0.24927827715873718,0.3217547535896301
2026,C1,1762,0.2540453374385834,0.34627246856689453
2026,C1,1763,0.22937867045402527,0.32732900977134705
2026,C1,1764,0.30212315917015076,0.410707026720047
2026,C1,1765,0.21148529648780823,0.2984876036643982
2026,C1,1766,0.24131038784980774,0.3111186623573303
2026,C1,1767,0.29372459650039673,0.3800317347049713
2026,C1,1768,0.16697676479816437,0.22898142039775848
2026,C1,1769,0.2183954119682312,0.30723339319229126
2026,C1,1770,0.2195194810628891,0.2869338393211365
2026,C1,1771,0.20883139967918396,0.2900979816913605
2026,C1,1772,0.1985456347465515,0.27446308732032776
2026,C1,1773,0.24778151512145996,0.3283512592315674
2026,C1,1774,0.20796352624893188,0.302191823720932
2026,C1,1775,0.21675115823745728,0.2969823479652405
2026,C1,1776,0.22872373461723328,0.29805314540863037
2026,C1,1777,0.24752864241600037,0.3305320143699646
2026,C1,1778,0.22364428639411926,0.314285546541214
2026,C1,1779,0.21855995059013367,0.30002883076667786
2026,C1,1780,0.268751323223114,0.3469735085964203
2026,C1,1781,0.2637735903263092,0.336759477853775
2026,C1,1782,0.2297726720571518,0.3007936477661133
2026,C1,1783,0.22399196028709412,0.29284563660621643
2026,C1,1784,0.23959729075431824,0.3197251856327057
2026,C1,1785,0.21452179551124573,0.28543707728385925
2026,C1,1786,0.2080834060907364,0.29620033502578735
2026,C1,1787,0.3222874402999878,0.4065762758255005
2026,C1,1788,0.2195606678724289,0.29042550921440125
2026,C1,1789,0.21396109461784363,0.28873834013938904
2026,C1,1790,0.1607804000377655,0.23634998500347137
2026,C1,1791,0.2076663076877594,0.27384573221206665
2026,C1,1792,0.20953576266765594,0.26112082600593567
2026,C1,1793,0.23695096373558044,0.3029315173625946
2026,C1,1794,0.19739636778831482,0.27123361825942993
2026,C1,1795,0.21866366267204285,0.29864436388015747
2026,C1,1796,0.20520827174186707,0.2821432948112488
2026,C1,1797,0.2115410566329956,0.2886146306991577
2026,C1,1798,0.1854809820652008,0.2747650146484375
2026,C1,1799,0.21795231103897095,0.3048785626888275
2026,C1,1800,0.236640065908432,0.32935526967048645
2026,C1,1801,0.22768017649650574,0.31265151500701904
2026,C1,1802,0.23011448979377747,0.313598096370697
2026,C1,1803,0.22007624804973602,0.2926320731639862
2026,C1,1804,0.21565216779708862,0.3055376708507538
2026,C1,1805,0.19721582531929016,0.274783194065094
2026,C1,1806,0.1828780472278595,0.25797492265701294
2026,C1,1807,0.2554590106010437,0.3458881676197052
2026,C1,1808,0.25450435280799866,0.318602979183197
2026,C1,1809,0.16048073768615723,0.21383503079414368
2026,C1,1810,0.20523087680339813,0.2934870719909668
2026,C1,1811,0.2376822531223297,0.3377993702888489
2026,C1,1812,0.2462957203388214,0.3260611295700073
2026,C1,1813,0.3123285174369812,0.3822714686393738
2026,C1,1814,0.20128920674324036,0.2929978370666504
2026,C1,1815,0.20366275310516357,0.28908297419548035
2026,C1,1816,0.2121250331401825,0.2954528331756592
2026,C1,1817,0.23235434293746948,0.32126444578170776
2026,C1,1818,0.24946975708007812,0.3368206024169922
2026,C1,1819,0.2679669260978699,0.3583248555660248
2026,C1,1820,0.25705230236053467,0.3549371063709259
2026,C1,1821,0.24109821021556854,0.30623361468315125
2026,C1,1822,0.2590034604072571,0.34846946597099304
2026,C1,1823,0.24115198850631714,0.3145084083080292
2026,C1,1824,0.2020910382270813,0.27374786138534546
2026,C1,1825,0.2345549613237381,0.323705792427063
2026,C1,1826,0.23160910606384277,0.31948286294937134
2026,C1,1827,0.26095932722091675,0.32951995730400085
2026,C1,1828,0.2157101184129715,0.2809958755970001
2026,C1,1829,0.2530052661895752,0.3365350663661957
2026,C1,1830,0.2617509365081787,0.3317074179649353
2026,C1,1831,0.28234627842903137,0.37111425399780273
2026,C1,1832,0.22968915104866028,0.29514360427856445
2026,C1,1833,0.2597300410270691,0.33028680086135864
2026,C1,1834,0.19164715707302094,0.26530173420906067
2026,C1,1835,0.2376561164855957,0.29769885540008545
2026,C1,1836,0.24690774083137512,0.3258502185344696
2026,C1,1837,0.178455650806427,0.23778849840164185
2026,C1,1838,0.28840142488479614,0.35312846302986145
2026,C1,1839,0.23045367002487183,0.29015952348709106
2026,C1,1840,0.2252974957227707,0.2994570732116699
2026,C1,1841,0.22755220532417297,0.3039797246456146
2026,C1,1842,0.18553122878074646,0.26920396089553833
2026,C1,1843,0.25544533133506775,0.3376513123512268
2026,C1,1844,0.2119034379720688,0.3015650510787964
2026,C1,1845,0.2203114628791809,0.290163516998291
2026,C1,1846,0.24464935064315796,0.3394879400730133
2026,C1,1847,0.1879298835992813,0.2624243497848511
2026,C1,1848,0.24013128876686096,0.32145294547080994
2026,C1,1849,0.2238851636648178,0.3057728111743927
2026,C1,1850,0.21504676342010498,0.295402467250824
2026,C1,1851,0.23165404796600342,0.33300507068634033
2026,C1,1852,0.19353055953979492,0.25746455788612366
2026,C1,1853,0.21367597579956055,0.2826544940471649
2026,C1,1854,0.261845201253891,0.3434086740016937
2026,C1,1855,0.29039400815963745,0.36584407091140747
2026,C1,1856,0.23470613360404968,0.307780921459198
2026,C1,1857,0.2573058605194092,0.33979278802871704
2026,C1,1858,0.19078592956066132,0.2686793804168701
2026,C1,1859,0.26569151878356934,0.35923728346824646
2026,C1,1860,0.2524818480014801,0.3347407281398773
2026,C1,1861,0.20099502801895142,0.279291570186615
2026,C1,1862,0.22719475626945496,0.3086695075035095
2026,C1,1863,0.22792010009288788,0.3086710274219513
2026,C1,1864,0.20493151247501373,0.2903892993927002
2026,C1,1865,0.2525905966758728,0.318098783493042
2026,C1,1866,0.2395234853029251,0.3137732446193695
2026,C1,1867,0.2597372233867645,0.33692270517349243
2026,C1,1868,0.18525119125843048,0.2598794102668762
2026,C1,1869,0.18562355637550354,0.25313374400138855
2026,C1,1870,0.21310633420944214,0.2623516917228699
2026,C1,1871,0.23081979155540466,0.33112311363220215
2026,C1,1872,0.2331470251083374,0.318143367767334
2026,C1,1873,0.24390095472335815,0.32976168394088745
2026,C1,1874,0.2321033775806427,0.3099769651889801
2026,C1,1875,0.3015679121017456,0.38457098603248596
2026,C1,1876,0.2546526789665222,0.3469083607196808
2026,C1,1877,0.21453556418418884,0.2969496250152588
2026,C1,1878,0.22587274014949799,0.30059754848480225
2026,C1,1879,0.19523461163043976,0.2763915956020355
2026,C1,1880,0.23973335325717926,0.32791343331336975
2026,C1,1881,0.2664397358894348,0.34085729718208313
2026,C1,1882,0.2882813513278961,0.37151429057121277
2026,C1,1883,0.2683030962944031,0.36336636543273926
2026,C1,1884,0.17992770671844482,0.2424086332321167
2026,C1,1885,0.18855206668376923,0.2594669759273529
2026,C1,1886,0.2859649062156677,0.38064223527908325
2026,C1,1887,0.2139391452074051,0.2731491029262543
2026,C1,1888,0.2586359977722168,0.34046050906181335
2026,C1,1889,0.18723204731941223,0.2680649161338806
2026,C1,1890,0.22554467618465424,0.31817370653152466
2026,C1,1891,0.21759654581546783,0.2895936369895935
2026,C1,1892,0.310807466506958,0.3717884421348572
2026,C1,1893,0.3002123236656189,0.4037775695323944
2026,C1,1894,0.18200168013572693,0.24403993785381317
2026,C1,1895,0.2869828939437866,0.37506699562072754
2026,C1,1896,0.26313936710357666,0.3193275034427643
2026,C1,1897,0.24076293408870697,0.31515762209892273
2026,C1,1898,0.2555236220359802,0.36732253432273865
2026,C1,1899,0.19961056113243103,0.2583460211753845
2026,C1,1900,0.2781762182712555,0.3578681945800781
2026,C1,1901,0.213084876537323,0.2816494107246399
2026,C1,1902,0.21261747181415558,0.2920417785644531
2026,C1,1903,0.18471728265285492,0.2620893120765686
2026,C1,1904,0.25786685943603516,0.3547753095626831
2026,C1,1905,0.2235749512910843,0.317402184009552
2026,C1,1906,0.2599208950996399,0.34339630603790283
2026,C1,1907,0.21781109273433685,0.30236679315567017
2026,C1,1908,0.2771278917789459,0.35575270652770996
2026,C1,1909,0.2715222239494324,0.36642852425575256
2026,C1,1910,0.2595182955265045,0.33316943049430847
2026,C1,1911,0.24680177867412567,0.3170175552368164
2026,C1,1912,0.23951029777526855,0.3309254050254822
2026,C1,1913,0.23783552646636963,0.32208240032196045
2026,C1,1914,0.18690741062164307,0.2675337791442871
2026,C1,1915,0.24330487847328186,0.32351893186569214
2026,C1,1916,0.21402812004089355,0.3199197053909302
2026,C1,1917,0.25126397609710693,0.3298249840736389
2026,C1,1918,0.21193397045135498,0.29108887910842896
2026,C1,1919,0.26471734046936035,0.36461934447288513
2026,C1,1920,0.25450921058654785,0.3304193615913391
2026,C1,1921,0.28399258852005005,0.36974623799324036
2026,C1,1922,0.28428661823272705,0.371762216091156
2026,C1,1923,0.22021859884262085,0.29183000326156616
2026,C1,1924,0.23339132964611053,0.3024756610393524
2026,C1,1925,0.25284841656684875,0.33202189207077026
2026,C1,1926,0.27088770270347595,0.3762364983558655
2026,C1,1927,0.17312091588974,0.24019122123718262
2026,C1,1928,0.23250572383403778,0.31952938437461853
2026,C1,1929,0.1811375916004181,0.27144911885261536
2026,C1,1930,0.18760308623313904,0.24469667673110962
2026,C1,1931,0.2366725653409958,0.3167663812637329
2026,C1,1932,0.17501235008239746,0.2347261607646942
2026,C1,1933,0.2617107927799225,0.3532664477825165
2026,C1,1934,0.25034257769584656,0.3193562626838684
2026,C1,1935,0.2529142498970032,0.3306347727775574
2026,C1,1936,0.2504991888999939,0.3562506437301636
2026,C1,1937,0.18651922047138214,0.25688162446022034
2026,C1,1938,0.20053046941757202,0.2848488390445709
2026,C1,1939,0.2540532052516937,0.35785800218582153
2026,C1,1940,0.27483120560646057,0.371194452047348
2026,C1,1941,0.18569603562355042,0.2746118903160095
2026,C1,1942,0.2832737863063812,0.3643227517604828
2026,C1,1943,0.26188036799430847,0.3489453196525574
2026,C1,1944,0.22587865591049194,0.3063123822212219
2026,C1,1945,0.21946609020233154,0.31223952770233154
2026,C1,1946,0.243902787566185,0.33532431721687317
2026,C1,1947,0.2417910099029541,0.3382894992828369
2026,C1,1948,0.2514609694480896,0.3247578740119934
2026,C1,1949,0.22917073965072632,0.3104475140571594
2026,C1,1950,0.2198663353919983,0.3014602065086365
2026,C1,1951,0.2780425548553467,0.34336841106414795
2026,C1,1952,0.24028146266937256,0.30842387676239014
2026,C1,1953,0.29576635360717773,0.39921051263809204
2026,C1,1954,0.27165722846984863,0.3572086691856384
2026,C1,1955,0.25689658522605896,0.32771480083465576
2026,C1,1956,0.26297709345817566,0.3430572748184204
2026,C1,1957,0.2606430649757385,0.36584630608558655
2026,C1,1958,0.29958096146583557,0.3841454088687897
2026,C1,1959,0.24978531897068024,0.3123254179954529
2026,C1,1960,0.2078799307346344,0.2884873151779175
2026,C1,1961,0.250021368265152,0.339172899723053
2026,C1,1962,0.229106605052948,0.3016512393951416
2026,C1,1963,0.22415971755981445,0.30992645025253296
2026,C1,1964,0.2163304090499878,0.3156263828277588
2026,C1,1965,0.1920122504234314,0.28688547015190125
2026,C1,1966,0.27184849977493286,0.3434861898422241
2026,C1,1967,0.23325897753238678,0.3002466857433319
2026,C1,1968,0.20527736842632294,0.3033694624900818
2026,C1,1969,0.30864769220352173,0.38606908917427063
2026,C1,1970,0.2444484680891037,0.30299288034439087
2026,C1,1971,0.2575937509536743,0.34451186656951904
2026,C1,1972,0.16390253603458405,0.25075653195381165
2026,C1,1973,0.22126644849777222,0.298977792263031
2026,C1,1974,0.23163901269435883,0.31881478428840637
2026,C1,1975,0.1702476143836975,0.23563489317893982
2026,C1,1976,0.2568160891532898,0.3599536716938019
2026,C1,1977,0.22364643216133118,0.2858532965183258
2026,C1,1978,0.2660219371318817,0.3528536856174469
2026,C1,1979,0.23704802989959717,0.35152268409729004
2026,C1,1980,0.3038369417190552,0.37567952275276184
2026,C1,1981,0.19018536806106567,0.27469751238822937
2026,C1,1982,0.20823518931865692,0.2697584927082062
2026,C1,1983,0.28091830015182495,0.3618791401386261
2026,C1,1984,0.22976630926132202,0.2954130470752716
2026,C1,1985,0.20008869469165802,0.26058000326156616
2026,C1,1986,0.21012479066848755,0.28034722805023193
2026,C1,1987,0.24804987013339996,0.3260709047317505
2026,C1,1988,0.2008068561553955,0.25719818472862244
2026,C1,1989,0.23699018359184265,0.3211182653903961
2026,C1,1990,0.22173616290092468,0.2976646423339844
2026,C1,1991,0.20789118111133575,0.27089613676071167
2026,C1,1992,0.1528848111629486,0.22478286921977997
2026,C1,1993,0.2429107427597046,0.3229391276836395
2026,C1,1994,0.28520822525024414,0.38791316747665405
2026,C1,1995,0.2718687653541565,0.3531211316585541
2026,C1,1996,0.19983698427677155,0.2763845920562744
2026,C1,1997,0.1979825794696808,0.27463990449905396
2026,C1,1998,0.2135796844959259,0.2692692279815674
2026,C1,1999,0.21302510797977448,0.2913869619369507
2026,C1,2000,0.19475772976875305,0.2630205750465393
2026,C2,1,0.43534061312675476,0.6374872326850891
2026,C2,2,0.4332432746887207,0.5643482804298401
2026,C2,3,0.3800058364868164,0.5016382932662964
2026,C2,4,0.39158666133880615,0.5321875214576721
2026,C2,5,0.3158046305179596,0.4255569279193878
2026,C2,6,0.3411332070827484,0.4769902229309082
2026,C2,7,0.36300933361053467,0.48458048701286316
2026,C2,8,0.35600683093070984,0.49368298053741455
2026,C2,9,0.3447771668434143,0.4733135402202606
2026,C2,10,0.309707373380661,0.40884432196617126
2026,C2,11,0.28159084916114807,0.41312944889068604
2026,C2,12,0.2922727167606354,0.3959425985813141
2026,C2,13,0.33660781383514404,0.4521600902080536
2026,C2,14,0.29924869537353516,0.39714837074279785
2026,C2,15,0.3346210718154907,0.4354056119918823
2026,C2,16,0.33153772354125977,0.41867130994796753
2026,C2,17,0.35901182889938354,0.4499008059501648
2026,C2,18,0.29202350974082947,0.4211369752883911
2026,C2,19,0.30596858263015747,0.3954206705093384
2026,C2,20,0.30213651061058044,0.4047095775604248
2026,C2,21,0.2744898200035095,0.36670273542404175
2026,C2,22,0.28320252895355225,0.38855069875717163
2026,C2,23,0.34092921018600464,0.44074201583862305
2026,C2,24,0.387174129486084,0.4846780598163605
2026,C2,25,0.3522108495235443,0.4667724072933197
2026,C2,26,0.3355315923690796,0.4493216574192047
2026,C2,27,0.3492329716682434,0.450020968914032
2026,C2,28,0.32007724046707153,0.4301713705062866
2026,C2,29,0.36058056354522705,0.47566795349121094
2026,C2,30,0.3502555191516876,0.4591449797153473
2026,C2,31,0.3043598532676697,0.3996833562850952
2026,C2,32,0.26746639609336853,0.37496164441108704
2026,C2,33,0.31747785210609436,0.4288440942764282
2026,C2,34,0.3822454810142517,0.48228275775909424
2026,C2,35,0.29920029640197754,0.42191657423973083
2026,C2,36,0.26476791501045227,0.37418055534362793
2026,C2,37,0.28585106134414673,0.37735509872436523
2026,C2,38,0.34955689311027527,0.43928924202919006
2026,C2,39,0.3461913466453552,0.4562472403049469
2026,C2,40,0.3545597493648529,0.44349223375320435
2026,C2,41,0.3328273296356201,0.44266724586486816
2026,C2,42,0.3390554189682007,0.43809428811073303
2026,C2,43,0.2933385372161865,0.403003454208374
2026,C2,44,0.2617247998714447,0.37612539529800415
2026,C2,45,0.30144524574279785,0.3979629576206207
2026,C2,46,0.27453845739364624,0.3678407073020935
2026,C2,47,0.3795715570449829,0.48110413551330566
2026,C2,48,0.3085870146751404,0.4373400807380676
2026,C2,49,0.3043519854545593,0.3925820589065552
2026,C2,50,0.2481272965669632,0.357671320438385
2026,C2,51,0.27908414602279663,0.38538259267807007
2026,C2,52,0.3354262113571167,0.4367443323135376
2026,C2,53,0.2622493505477905,0.36430123448371887
2026,C2,54,0.3341639041900635,0.4384210705757141
2026,C2,55,0.3637004494667053,0.463230162858963
2026,C2,56,0.2686898112297058,0.36383581161499023
2026,C2,57,0.29782724380493164,0.4236312508583069
2026,C2,58,0.2794463634490967,0.3906085193157196
2026,C2,59,0.28736448287963867,0.37650829553604126
2026,C2,60,0.2596451938152313,0.34766045212745667
2026,C2,61,0.3394400477409363,0.4531460106372833
2026,C2,62,0.28433212637901306,0.3938058316707611
2026,C2,63,0.31360045075416565,0.4074430465698242
2026,C2,64,0.2884558141231537,0.4057207703590393
2026,C2,65,0.24490609765052795,0.33028462529182434
2026,C2,66,0.29311254620552063,0.39819130301475525
2026,C2,67,0.3642553389072418,0.46608614921569824
2026,C2,68,0.2778979539871216,0.3563803732395172
2026,C2,69,0.25213339924812317,0.33975279331207275
2026,C2,70,0.28483933210372925,0.37589940428733826
2026,C2,71,0.2582828998565674,0.33833807706832886
2026,C2,72,0.2618575692176819,0.3573968708515167
2026,C2,73,0.2377367913722992,0.31909656524658203
2026,C2,74,0.2471947968006134,0.3375200927257538
2026,C2,75,0.2534579336643219,0.3423972725868225
2026,C2,76,0.3538094162940979,0.4384230971336365
2026,C2,77,0.2697523236274719,0.3771568536758423
2026,C2,78,0.30369818210601807,0.36666005849838257
2026,C2,79,0.27592676877975464,0.3741415739059448
2026,C2,80,0.22435835003852844,0.29613590240478516
2026,C2,81,0.26331230998039246,0.35111138224601746
2026,C2,82,0.2711774706840515,0.3470369577407837
2026,C2,83,0.2593193054199219,0.3711053431034088
2026,C2,84,0.24275308847427368,0.33898624777793884
2026,C2,85,0.22062142193317413,0.32977861166000366
2026,C2,86,0.23482286930084229,0.35503965616226196
2026,C2,87,0.349514901638031,0.44822457432746887
2026,C2,88,0.27136534452438354,0.3614378571510315
2026,C2,89,0.2471686601638794,0.34169018268585205
2026,C2,90,0.2260631024837494,0.3014042377471924
2026,C2,91,0.29308372735977173,0.40173113346099854
2026,C2,92,0.2563886046409607,0.33601027727127075
2026,C2,93,0.26956892013549805,0.3617253005504608
2026,C2,94,0.24723614752292633,0.3332047462463379
2026,C2,95,0.3427046835422516,0.4458462595939636
2026,C2,96,0.34715718030929565,0.4498409032821655
2026,C2,97,0.2748038172721863,0.37633422017097473
2026,C2,98,0.2720559239387512,0.3834892213344574
2026,C2,99,0.26804107427597046,0.34800341725349426
2026,C2,100,0.3283263146877289,0.4227587580680847
2026,C2,101,0.2941524386405945,0.39863350987434387
2026,C2,102,0.2415195256471634,0.3389361500740051
2026,C2,103,0.2994633913040161,0.38749808073043823
2026,C2,104,0.2636675536632538,0.35394084453582764
2026,C2,105,0.3722207844257355,0.479738712310791
2026,C2,106,0.2800089716911316,0.37664157152175903
2026,C2,107,0.2513032555580139,0.3348432779312134
2026,C2,108,0.2343187928199768,0.3262619972229004
2026,C2,109,0.2807351350784302,0.3842655420303345
2026,C2,110,0.292408287525177,0.39431095123291016
2026,C2,111,0.2333684265613556,0.3126518130302429
2026,C2,112,0.26169800758361816,0.35177305340766907
2026,C2,113,0.23812159895896912,0.331129789352417
2026,C2,114,0.3002665936946869,0.401378870010376
2026,C2,115,0.32138681411743164,0.42451927065849304
2026,C2,116,0.331566721200943,0.4147472679615021
2026,C2,117,0.23829932510852814,0.32538989186286926
2026,C2,118,0.261313796043396,0.38039809465408325
2026,C2,119,0.3071337640285492,0.38267257809638977
2026,C2,120,0.22897936403751373,0.3105844557285309
2026,C2,121,0.2785327136516571,0.3794097900390625
2026,C2,122,0.2661827802658081,0.34894880652427673
2026,C2,123,0.29104989767074585,0.3793758451938629
2026,C2,124,0.26007363200187683,0.3346976041793823
2026,C2,125,0.3227945566177368,0.42559513449668884
2026,C2,126,0.3229082524776459,0.4238855838775635
2026,C2,127,0.2643287777900696,0.3565789461135864
2026,C2,128,0.2941280007362366,0.39674821496009827
2026,C2,129,0.31486275792121887,0.41070565581321716
2026,C2,130,0.29187285900115967,0.3760708272457123
2026,C2,131,0.3395863175392151,0.4219679832458496
2026,C2,132,0.345385879278183,0.4345865249633789
2026,C2,133,0.28009945154190063,0.3650670051574707
2026,C2,134,0.2852603793144226,0.391296923160553
2026,C2,135,0.273486852645874,0.3592122793197632
2026,C2,136,0.3902457356452942,0.4800857603549957
2026,C2,137,0.28280752897262573,0.4011976718902588
2026,C2,138,0.2827960252761841,0.37698259949684143
2026,C2,139,0.2724113464355469,0.35502147674560547
2026,C2,140,0.21654868125915527,0.30398690700531006
2026,C2,141,0.2783421576023102,0.3588709235191345
2026,C2,142,0.27139705419540405,0.3700791001319885
2026,C2,143,0.34076040983200073,0.4306621551513672
2026,C2,144,0.2909681797027588,0.36668431758880615
2026,C2,145,0.34366095066070557,0.44133490324020386
2026,C2,146,0.28567126393318176,0.37684619426727295
2026,C2,147,0.25581103563308716,0.33207961916923523
2026,C2,148,0.30969151854515076,0.4106438457965851
2026,C2,149,0.24917083978652954,0.3577381372451782
2026,C2,150,0.2697058916091919,0.35749292373657227
2026,C2,151,0.36265382170677185,0.46469593048095703
2026,C2,152,0.3236856758594513,0.41012465953826904
2026,C2,153,0.24416685104370117,0.3239634037017822
2026,C2,154,0.2364121526479721,0.3191012442111969
2026,C2,155,0.3261462450027466,0.4141955077648163
2026,C2,156,0.26918476819992065,0.3544613718986511
2026,C2,157,0.25439009070396423,0.34129583835601807
2026,C2,158,0.29144951701164246,0.39392468333244324
2026,C2,159,0.2735479772090912,0.3318430483341217
2026,C2,160,0.24511845409870148,0.34735211730003357
2026,C2,161,0.255599707365036,0.33360135555267334
2026,C2,162,0.2975565791130066,0.4135054647922516
2026,C2,163,0.2536265254020691,0.3277137577533722
2026,C2,164,0.24821633100509644,0.3482010066509247
2026,C2,165,0.24277395009994507,0.31868740916252136
2026,C2,166,0.2366638034582138,0.35407188534736633
2026,C2,167,0.28274956345558167,0.36842110753059387
2026,C2,168,0.2184937745332718,0.2872566282749176
2026,C2,169,0.2663240432739258,0.33744969964027405
2026,C2,170,0.22961822152137756,0.29227787256240845
2026,C2,171,0.2647789716720581,0.33262762427330017
2026,C2,172,0.24401232600212097,0.34947559237480164
2026,C2,173,0.24715697765350342,0.31762588024139404
2026,C2,174,0.2022448480129242,0.2906974256038666
2026,C2,175,0.22509734332561493,0.2982634902000427
2026,C2,176,0.3434329330921173,0.4454529881477356
2026,C2,177,0.2522399425506592,0.3453802466392517
2026,C2,178,0.30203765630722046,0.40753698348999023
2026,C2,179,0.2592906951904297,0.32923656702041626
2026,C2,180,0.2214864045381546,0.32019227743148804
2026,C2,181,0.26186561584472656,0.3383020758628845
2026,C2,182,0.20671507716178894,0.28610074520111084
2026,C2,183,0.25634294748306274,0.34324321150779724
2026,C2,184,0.2582817077636719,0.3447991907596588
2026,C2,185,0.2832023501396179,0.3658791184425354
2026,C2,186,0.21461130678653717,0.2874176502227783
2026,C2,187,0.2638516426086426,0.37574291229248047
2026,C2,188,0.23425742983818054,0.3174613416194916
2026,C2,189,0.2736462950706482,0.3623235821723938
2026,C2,190,0.25306951999664307,0.34830930829048157
2026,C2,191,0.28240638971328735,0.3508576452732086
2026,C2,192,0.28313201665878296,0.37853705883026123
2026,C2,193,0.2805365324020386,0.35993650555610657
2026,C2,194,0.23193976283073425,0.29846200346946716
2026,C2,195,0.22640599310398102,0.31821659207344055
2026,C2,196,0.2625848352909088,0.35138827562332153
2026,C2,197,0.21111276745796204,0.3138948678970337
2026,C2,198,0.28313174843788147,0.3619641661643982
2026,C2,199,0.21694102883338928,0.3088495135307312
2026,C2,200,0.2632944583892822,0.3437560796737671
2026,C2,201,0.22684942185878754,0.327382892370224
2026,C2,202,0.3160126209259033,0.38822561502456665
2026,C2,203,0.32560744881629944,0.4191533625125885
2026,C2,204,0.31825098395347595,0.3945777714252472
2026,C2,205,0.2591269016265869,0.3511819541454315
2026,C2,206,0.2979133129119873,0.37812909483909607
2026,C2,207,0.20909562706947327,0.2846599519252777
2026,C2,208,0.19596365094184875,0.2688715159893036
2026,C2,209,0.24818657338619232,0.3434217572212219
2026,C2,210,0.2580563426017761,0.33730489015579224
2026,C2,211,0.24394290149211884,0.3406670391559601
2026,C2,212,0.287712961435318,0.3798556625843048
2026,C2,213,0.2589395046234131,0.32188552618026733
2026,C2,214,0.2537170648574829,0.3411409854888916
2026,C2,215,0.27295729517936707,0.34739160537719727
2026,C2,216,0.20244157314300537,0.28141385316848755
2026,C2,217,0.26762765645980835,0.3651931881904602
2026,C2,218,0.24632719159126282,0.33012691140174866
2026,C2,219,0.26464933156967163,0.3458139896392822
2026,C2,220,0.2417142391204834,0.32591551542282104
2026,C2,221,0.2440457046031952,0.3437073230743408
2026,C2,222,0.31386277079582214,0.39420661330223083
2026,C2,223,0.2729640603065491,0.3503419756889343
2026,C2,224,0.31293976306915283,0.3975764513015747
2026,C2,225,0.24861198663711548,0.3267875015735626
2026,C2,226,0.2338060736656189,0.3249685764312744
2026,C2,227,0.22793497145175934,0.2887561321258545
2026,C2,228,0.26466017961502075,0.3741423487663269
2026,C2,229,0.2895529568195343,0.37317341566085815
2026,C2,230,0.23147052526474,0.3342188894748688
2026,C2,231,0.23994572460651398,0.32423096895217896
2026,C2,232,0.24081450700759888,0.33283373713493347
2026,C2,233,0.2892094850540161,0.36331480741500854
2026,C2,234,0.3054733872413635,0.4114159345626831
2026,C2,235,0.256213903427124,0.3306768834590912
2026,C2,236,0.23817548155784607,0.32618993520736694
2026,C2,237,0.25355011224746704,0.33287641406059265
2026,C2,238,0.2967759966850281,0.38756823539733887
2026,C2,239,0.26972758769989014,0.38044747710227966
2026,C2,240,0.20313894748687744,0.28365761041641235
2026,C2,241,0.2547762393951416,0.3210960328578949
2026,C2,242,0.21341659128665924,0.31222179532051086
2026,C2,243,0.29203009605407715,0.37651464343070984
2026,C2,244,0.293620765209198,0.4001207947731018
2026,C2,245,0.23276253044605255,0.3151281177997589
2026,C2,246,0.2280362844467163,0.3043724298477173
2026,C2,247,0.24435867369174957,0.3261447250843048
2026,C2,248,0.2855755090713501,0.36616289615631104
2026,C2,249,0.19002096354961395,0.275305837392807
2026,C2,250,0.25748956203460693,0.34261608123779297
2026,C2,251,0.23981258273124695,0.3270811438560486
2026,C2,252,0.23530952632427216,0.3282223045825958
2026,C2,253,0.3222786784172058,0.3915490508079529
2026,C2,254,0.24832108616828918,0.31993621587753296
2026,C2,255,0.25522926449775696,0.3456670939922333
2026,C2,256,0.19814124703407288,0.27511775493621826
2026,C2,257,0.22399140894412994,0.323893666267395
2026,C2,258,0.2815147042274475,0.3789932131767273
2026,C2,259,0.24894313514232635,0.32033571600914
2026,C2,260,0.23937547206878662,0.32660111784935
2026,C2,261,0.28356051445007324,0.3570328652858734
2026,C2,262,0.2745336890220642,0.3406827449798584
2026,C2,263,0.27445533871650696,0.38326963782310486
2026,C2,264,0.19174666702747345,0.2614220082759857
2026,C2,265,0.2115466445684433,0.2928404211997986
2026,C2,266,0.27909913659095764,0.35704728960990906
2026,C2,267,0.31728285551071167,0.39452797174453735
2026,C2,268,0.24164986610412598,0.32114720344543457
2026,C2,269,0.22977732121944427,0.3378555476665497
2026,C2,270,0.21960964798927307,0.2978411018848419
2026,C2,271,0.18367423117160797,0.24554474651813507
2026,C2,272,0.2520298361778259,0.32558003067970276
2026,C2,273,0.24013476073741913,0.3230898976325989
2026,C2,274,0.2928026020526886,0.3701815605163574
2026,C2,275,0.21954679489135742,0.2883622348308563
2026,C2,276,0.26049551367759705,0.3461143672466278
2026,C2,277,0.23016443848609924,0.3254779577255249
2026,C2,278,0.24825505912303925,0.3168562054634094
2026,C2,279,0.2792564034461975,0.34861406683921814
2026,C2,280,0.24226132035255432,0.3225129544734955
2026,C2,281,0.2313564419746399,0.30976003408432007
2026,C2,282,0.28733086585998535,0.36372801661491394
2026,C2,283,0.32095038890838623,0.4123269021511078
2026,C2,284,0.271320641040802,0.3571746349334717
2026,C2,285,0.24644175171852112,0.3289630711078644
2026,C2,286,0.2794296145439148,0.389259397983551
2026,C2,287,0.21246349811553955,0.2897598445415497
2026,C2,288,0.22272548079490662,0.28481173515319824
2026,C2,289,0.2688867449760437,0.35342180728912354
2026,C2,290,0.3075696527957916,0.37315958738327026
2026,C2,291,0.25758111476898193,0.340431272983551
2026,C2,292,0.255875825881958,0.35681307315826416
2026,C2,293,0.2582753300666809,0.32082894444465637
2026,C2,294,0.26184964179992676,0.3420218825340271
2026,C2,295,0.2885006070137024,0.3686554431915283
2026,C2,296,0.1847994029521942,0.25060874223709106
2026,C2,297,0.3007640242576599,0.39933425188064575
2026,C2,298,0.21759170293807983,0.2753612697124481
2026,C2,299,0.2455078512430191,0.3295440077781677
2026,C2,300,0.2681671380996704,0.3607307970523834
2026,C2,301,0.2764401435852051,0.35689976811408997
2026,C2,302,0.21525847911834717,0.28441905975341797
2026,C2,303,0.21232470870018005,0.29966527223587036
2026,C2,304,0.2496412843465805,0.3555052876472473
2026,C2,305,0.2552323341369629,0.32958361506462097
2026,C2,306,0.2378539890050888,0.3050687909126282
2026,C2,307,0.25409793853759766,0.33404844999313354
2026,C2,308,0.3086520731449127,0.393451988697052
2026,C2,309,0.279885858297348,0.3608574867248535
2026,C2,310,0.24646127223968506,0.32367247343063354
2026,C2,311,0.2575031518936157,0.3520606756210327
2026,C2,312,0.2848561406135559,0.3669004440307617
2026,C2,313,0.2748328149318695,0.35937994718551636
2026,C2,314,0.31159740686416626,0.38629886507987976
2026,C2,315,0.26753517985343933,0.35312581062316895
2026,C2,316,0.2519007921218872,0.32456856966018677
2026,C2,317,0.19389191269874573,0.282035768032074
2026,C2,318,0.26722943782806396,0.3514726161956787
2026,C2,319,0.2088669091463089,0.2895979881286621
2026,C2,320,0.271668404340744,0.35285699367523193
2026,C2,321,0.3236948549747467,0.38852643966674805
2026,C2,322,0.22349604964256287,0.3058604300022125
2026,C2,323,0.24749408662319183,0.31799599528312683
2026,C2,324,0.22814729809761047,0.30016252398490906
2026,C2,325,0.27737048268318176,0.36005526781082153
2026,C2,326,0.1968509405851364,0.2904312014579773
2026,C2,327,0.19590416550636292,0.26813918352127075
2026,C2,328,0.2273876965045929,0.309926837682724
2026,C2,329,0.18153144419193268,0.2624424993991852
2026,C2,330,0.2334023267030716,0.3123694062232971
2026,C2,331,0.23265120387077332,0.32320138812065125
2026,C2,332,0.29579585790634155,0.3711778223514557
2026,C2,333,0.2329384684562683,0.2960694432258606
2026,C2,334,0.21288466453552246,0.29251405596733093
2026,C2,335,0.26174867153167725,0.3293962776660919
2026,C2,336,0.27467334270477295,0.36055687069892883
2026,C2,337,0.25921934843063354,0.3332016170024872
2026,C2,338,0.2742219567298889,0.33938294649124146
2026,C2,339,0.26702094078063965,0.34992867708206177
2026,C2,340,0.2428026795387268,0.32747265696525574
2026,C2,341,0.2531917989253998,0.3337171971797943
2026,C2,342,0.24325066804885864,0.3185364603996277
2026,C2,343,0.2387261688709259,0.3311532139778137
2026,C2,344,0.2605307400226593,0.34008628129959106
2026,C2,345,0.22052466869354248,0.29996994137763977
2026,C2,346,0.22062070667743683,0.30825895071029663
2026,C2,347,0.24997740983963013,0.33408504724502563
2026,C2,348,0.24385446310043335,0.3153558671474457
2026,C2,349,0.19638802111148834,0.28750646114349365
2026,C2,350,0.191873237490654,0.2625991106033325
2026,C2,351,0.21335183084011078,0.30078598856925964
2026,C2,352,0.25530970096588135,0.3340798616409302
2026,C2,353,0.26251909136772156,0.3320133686065674
2026,C2,354,0.29498612880706787,0.3920706510543823
2026,C2,355,0.24061600863933563,0.33628422021865845
2026,C2,356,0.28241825103759766,0.3510923981666565
2026,C2,357,0.28092217445373535,0.36644449830055237
2026,C2,358,0.24711406230926514,0.317973256111145
2026,C2,359,0.23712322115898132,0.326419860124588
2026,C2,360,0.3284226655960083,0.4075172543525696
2026,C2,361,0.20262476801872253,0.28116172552108765
2026,C2,362,0.2710875868797302,0.3696115016937256
2026,C2,363,0.27372321486473083,0.3565903604030609
2026,C2,364,0.19728991389274597,0.27182698249816895
2026,C2,365,0.2652251422405243,0.3499913215637207
2026,C2,366,0.3343290686607361,0.4098266065120697
2026,C2,367,0.17925924062728882,0.25316572189331055
2026,C2,368,0.20414620637893677,0.2729898691177368
2026,C2,369,0.2160283327102661,0.28426477313041687
2026,C2,370,0.2644544839859009,0.343680739402771
2026,C2,371,0.31126633286476135,0.3842226564884186
2026,C2,372,0.28340500593185425,0.363397479057312
2026,C2,373,0.258647084236145,0.349456250667572
2026,C2,374,0.31835389137268066,0.38740912079811096
2026,C2,375,0.23967064917087555,0.3055141568183899
2026,C2,376,0.2674604654312134,0.34956079721450806
2026,C2,377,0.23224475979804993,0.3164495825767517
2026,C2,378,0.2443736493587494,0.33799076080322266
2026,C2,379,0.3068169951438904,0.3896298110485077
2026,C2,380,0.26672807335853577,0.34923073649406433
2026,C2,381,0.20064111053943634,0.2806805968284607
2026,C2,382,0.23792165517807007,0.33705171942710876
2026,C2,383,0.26687440276145935,0.34241601824760437
2026,C2,384,0.2863764762878418,0.3561755120754242
2026,C2,385,0.2603755593299866,0.33923017978668213
2026,C2,386,0.28976449370384216,0.35270440578460693
2026,C2,387,0.2770043909549713,0.34243452548980713
2026,C2,388,0.21377360820770264,0.3056325316429138
2026,C2,389,0.2947128415107727,0.38169795274734497
2026,C2,390,0.22158607840538025,0.30596980452537537
2026,C2,391,0.25199005007743835,0.33839476108551025
2026,C2,392,0.20337216556072235,0.28371402621269226
2026,C2,393,0.2853989899158478,0.37821030616760254
2026,C2,394,0.20297616720199585,0.2749466896057129
2026,C2,395,0.2540702223777771,0.3358573317527771
2026,C2,396,0.21612830460071564,0.28875553607940674
2026,C2,397,0.20066684484481812,0.30153003334999084
2026,C2,398,0.28159019351005554,0.3634086847305298
2026,C2,399,0.31058943271636963,0.39996758103370667
2026,C2,400,0.2660691440105438,0.36150264739990234
2026,C2,401,0.28190094232559204,0.360024631023407
2026,C2,402,0.2610115706920624,0.3537970185279846
2026,C2,403,0.2355431318283081,0.3226217031478882
2026,C2,404,0.2709212601184845,0.35752153396606445
2026,C2,405,0.2993023991584778,0.3749799132347107
2026,C2,406,0.2496543824672699,0.3269400894641876
2026,C2,407,0.2830233573913574,0.36229053139686584
2026,C2,408,0.281063437461853,0.35118770599365234
2026,C2,409,0.20557856559753418,0.2755028009414673
2026,C2,410,0.2238743007183075,0.30447083711624146
2026,C2,411,0.23651304841041565,0.3216770887374878
2026,C2,412,0.32513627409935,0.4128723740577698
2026,C2,413,0.27037665247917175,0.3483084738254547
2026,C2,414,0.23666846752166748,0.3152441382408142
2026,C2,415,0.28581249713897705,0.3624323904514313
2026,C2,416,0.2170429527759552,0.3082452416419983
2026,C2,417,0.24950732290744781,0.32271257042884827
2026,C2,418,0.21031984686851501,0.28879794478416443
2026,C2,419,0.27577996253967285,0.3384809195995331
2026,C2,420,0.21458953619003296,0.3105317950248718
2026,C2,421,0.2450116127729416,0.3212221562862396
2026,C2,422,0.2168099731206894,0.29176560044288635
2026,C2,423,0.24471032619476318,0.31004688143730164
2026,C2,424,0.2997843027114868,0.39768075942993164
2026,C2,425,0.2557227909564972,0.3215503394603729
2026,C2,426,0.21656787395477295,0.279253214597702
2026,C2,427,0.22054195404052734,0.29719895124435425
2026,C2,428,0.2417847216129303,0.3277609348297119
2026,C2,429,0.21482935547828674,0.31833913922309875
2026,C2,430,0.18181155622005463,0.2664327323436737
2026,C2,431,0.25867894291877747,0.34102827310562134
2026,C2,432,0.23361551761627197,0.30324041843414307
2026,C2,433,0.26100149750709534,0.34886330366134644
2026,C2,434,0.24798351526260376,0.3232598304748535
2026,C2,435,0.23639780282974243,0.3077825903892517
2026,C2,436,0.23968078196048737,0.3166477382183075
2026,C2,437,0.2570034861564636,0.34707504510879517
2026,C2,438,0.22865307331085205,0.3141053020954132
2026,C2,439,0.2956281900405884,0.3691014051437378
2026,C2,440,0.22134913504123688,0.30525103211402893
2026,C2,441,0.30612194538116455,0.3911624550819397
2026,C2,442,0.2500878572463989,0.31783217191696167
2026,C2,443,0.22694818675518036,0.3145250380039215
2026,C2,444,0.2332862913608551,0.3030845820903778
2026,C2,445,0.263944149017334,0.337365984916687
2026,C2,446,0.23214514553546906,0.31002917885780334
2026,C2,447,0.25493818521499634,0.33980903029441833
2026,C2,448,0.2672339975833893,0.3431265652179718
2026,C2,449,0.21466732025146484,0.2924498915672302
2026,C2,450,0.30709436535835266,0.3837311863899231
2026,C2,451,0.25042209029197693,0.32026246190071106
2026,C2,452,0.25737443566322327,0.32325273752212524
2026,C2,453,0.2582032382488251,0.3251363933086395
2026,C2,454,0.2626032531261444,0.35315656661987305
2026,C2,455,0.2322017252445221,0.30637305974960327
2026,C2,456,0.2224666327238083,0.3208101987838745
2026,C2,457,0.2649621367454529,0.3588976263999939
2026,C2,458,0.26022791862487793,0.33563143014907837
2026,C2,459,0.2506755590438843,0.3440563976764679
2026,C2,460,0.23407813906669617,0.329070508480072
2026,C2,461,0.20482796430587769,0.28233209252357483
2026,C2,462,0.27160578966140747,0.34420526027679443
2026,C2,463,0.3129734396934509,0.39353621006011963
2026,C2,464,0.23527097702026367,0.3050660192966461
2026,C2,465,0.2770073413848877,0.36851248145103455
2026,C2,466,0.20587670803070068,0.2751767039299011
2026,C2,467,0.23582616448402405,0.3214952349662781
2026,C2,468,0.244602233171463,0.3174434304237366
2026,C2,469,0.19068437814712524,0.2622457444667816
2026,C2,470,0.24773716926574707,0.3216410279273987
2026,C2,471,0.2471400499343872,0.3218683898448944
2026,C2,472,0.1819741278886795,0.24309569597244263
2026,C2,473,0.20046554505825043,0.2526666224002838
2026,C2,474,0.25726646184921265,0.3313789665699005
2026,C2,475,0.2180822193622589,0.3167967200279236
2026,C2,476,0.2826205790042877,0.3755471706390381
2026,C2,477,0.252863347530365,0.32314592599868774
2026,C2,478,0.23947212100028992,0.3198944926261902
2026,C2,479,0.2883107662200928,0.3885911703109741
2026,C2,480,0.22580403089523315,0.29663214087486267
2026,C2,481,0.25149428844451904,0.33809128403663635
2026,C2,482,0.20589587092399597,0.29473668336868286
2026,C2,483,0.2671375274658203,0.3552568256855011
2026,C2,484,0.1957419365644455,0.2657567262649536
2026,C2,485,0.2348370999097824,0.3161623179912567
2026,C2,486,0.2180451899766922,0.31242865324020386
2026,C2,487,0.23954638838768005,0.3132926821708679
2026,C2,488,0.3164522647857666,0.388724684715271
2026,C2,489,0.23074135184288025,0.3112073838710785
2026,C2,490,0.2578198313713074,0.35104453563690186
2026,C2,491,0.23732146620750427,0.32866111397743225
2026,C2,492,0.1939082145690918,0.28291231393814087
2026,C2,493,0.2563958466053009,0.3250853419303894
2026,C2,494,0.31466299295425415,0.42110154032707214
2026,C2,495,0.2602916955947876,0.3393235206604004
2026,C2,496,0.26281553506851196,0.33907172083854675
2026,C2,497,0.2091430425643921,0.295876681804657
2026,C2,498,0.28125447034835815,0.3451192080974579
2026,C2,499,0.1778998076915741,0.2578531503677368
2026,C2,500,0.24127931892871857,0.30329450964927673
2026,C2,501,0.27215492725372314,0.3359498679637909
2026,C2,502,0.180669903755188,0.2566503584384918
2026,C2,503,0.308075487613678,0.3830566704273224
2026,C2,504,0.20602089166641235,0.28887301683425903
2026,C2,505,0.21414589881896973,0.27890852093696594
2026,C2,506,0.2848327159881592,0.36852583289146423
2026,C2,507,0.2153168022632599,0.28723958134651184
2026,C2,508,0.23731452226638794,0.31733810901641846
2026,C2,509,0.24458454549312592,0.34462493658065796
2026,C2,510,0.21856689453125,0.29811957478523254
2026,C2,511,0.22751393914222717,0.31673943996429443
2026,C2,512,0.20381790399551392,0.2799692153930664
2026,C2,513,0.258381187915802,0.33591994643211365
2026,C2,514,0.2781631052494049,0.3603770136833191
2026,C2,515,0.24809008836746216,0.3494086265563965
2026,C2,516,0.30346882343292236,0.37619850039482117
2026,C2,517,0.2603151500225067,0.3557411730289459
2026,C2,518,0.24295923113822937,0.3211263418197632
2026,C2,519,0.2586809992790222,0.36896488070487976
2026,C2,520,0.2018580436706543,0.27141690254211426
2026,C2,521,0.2017880529165268,0.28338924050331116
2026,C2,522,0.2839120626449585,0.37558209896087646
2026,C2,523,0.2460569441318512,0.3272016942501068
2026,C2,524,0.24988429248332977,0.3247603178024292
2026,C2,525,0.19748975336551666,0.2683539390563965
2026,C2,526,0.23646749556064606,0.31974083185195923
2026,C2,527,0.27817216515541077,0.3571621775627136
2026,C2,528,0.23166540265083313,0.31081172823905945
2026,C2,529,0.24906980991363525,0.33830565214157104
2026,C2,530,0.2276201993227005,0.3133271336555481
2026,C2,531,0.2066255807876587,0.26346325874328613
2026,C2,532,0.21985217928886414,0.2863912880420685
2026,C2,533,0.2269446849822998,0.30275285243988037
2026,C2,534,0.24527280032634735,0.3199824392795563
2026,C2,535,0.20538417994976044,0.28376075625419617
2026,C2,536,0.21670229732990265,0.2840127646923065
2026,C2,537,0.2379019409418106,0.3018503785133362
2026,C2,538,0.27354544401168823,0.35153529047966003
2026,C2,539,0.26382580399513245,0.3437803387641907
2026,C2,540,0.23826366662979126,0.31830084323883057
2026,C2,541,0.2584918439388275,0.34599220752716064
2026,C2,542,0.29395171999931335,0.39926376938819885
2026,C2,543,0.24854245781898499,0.3172014653682709
2026,C2,544,0.17432765662670135,0.23929178714752197
2026,C2,545,0.25857168436050415,0.34228864312171936
2026,C2,546,0.24782462418079376,0.3321692943572998
2026,C2,547,0.21020232141017914,0.3070593476295471
2026,C2,548,0.1782054603099823,0.2549057900905609
2026,C2,549,0.2271393984556198,0.30111050605773926
2026,C2,550,0.2113177627325058,0.2770202159881592
2026,C2,551,0.22992530465126038,0.3100871443748474
2026,C2,552,0.2295514941215515,0.3287321925163269
2026,C2,553,0.2658524513244629,0.3413589596748352
2026,C2,554,0.2993937134742737,0.3977685868740082
2026,C2,555,0.21396633982658386,0.2967270612716675
2026,C2,556,0.2633971571922302,0.3422456383705139
2026,C2,557,0.2700943946838379,0.36520105600357056
2026,C2,558,0.2423022985458374,0.31379222869873047
2026,C2,559,0.2906930446624756,0.376406192779541
2026,C2,560,0.1974925696849823,0.28800612688064575
2026,C2,561,0.2064172327518463,0.2746094763278961
2026,C2,562,0.24992918968200684,0.3303941488265991
2026,C2,563,0.21233676373958588,0.2860875725746155
2026,C2,564,0.235307976603508,0.31675687432289124
2026,C2,565,0.2912183403968811,0.3752308785915375
2026,C2,566,0.22911235690116882,0.30233681201934814
2026,C2,567,0.261642724275589,0.32381942868232727
2026,C2,568,0.25721806287765503,0.3401528000831604
2026,C2,569,0.1920461356639862,0.2700936794281006
2026,C2,570,0.2199362814426422,0.3127859830856323
2026,C2,571,0.2458409070968628,0.3055431544780731
2026,C2,572,0.2469182014465332,0.31615084409713745
2026,C2,573,0.2048616260290146,0.2963123619556427
2026,C2,574,0.2878402769565582,0.3670301139354706
2026,C2,575,0.29767507314682007,0.38149717450141907
2026,C2,576,0.17023718357086182,0.230668306350708
2026,C2,577,0.22510871291160583,0.3198634088039398
2026,C2,578,0.23531240224838257,0.29464828968048096
2026,C2,579,0.22707915306091309,0.3104919195175171
2026,C2,580,0.19473661482334137,0.2587364912033081
2026,C2,581,0.2437056601047516,0.2972484230995178
2026,C2,582,0.20765191316604614,0.2908002734184265
2026,C2,583,0.25116950273513794,0.3616258203983307
2026,C2,584,0.2217557430267334,0.29990580677986145
2026,C2,585,0.21392402052879333,0.2737787365913391
2026,C2,586,0.1913994699716568,0.2738344073295593
2026,C2,587,0.27703148126602173,0.37392544746398926
2026,C2,588,0.3112379312515259,0.4068076014518738
2026,C2,589,0.247939795255661,0.3180306851863861
2026,C2,590,0.23147639632225037,0.32203128933906555
2026,C2,591,0.23290079832077026,0.30134209990501404
2026,C2,592,0.24240273237228394,0.305361807346344
2026,C2,593,0.23960143327713013,0.2991445064544678
2026,C2,594,0.26743006706237793,0.3306382894515991
2026,C2,595,0.19798681139945984,0.26808467507362366
2026,C2,596,0.22451625764369965,0.30082714557647705
2026,C2,597,0.26304858922958374,0.3436024785041809
2026,C2,598,0.20397523045539856,0.27127009630203247
2026,C2,599,0.26666754484176636,0.3553481698036194
2026,C2,600,0.23074392974376678,0.31237781047821045
2026,C2,601,0.25204282999038696,0.3443615138530731
2026,C2,602,0.22782981395721436,0.30613529682159424
2026,C2,603,0.2782910466194153,0.3512309491634369
2026,C2,604,0.2558259963989258,0.32294464111328125
2026,C2,605,0.24244922399520874,0.33502280712127686
2026,C2,606,0.2857719957828522,0.37178298830986023
2026,C2,607,0.25525790452957153,0.3504539132118225
2026,C2,608,0.18473704159259796,0.2819516360759735
2026,C2,609,0.18655550479888916,0.2630300521850586
2026,C2,610,0.25572332739830017,0.3622952997684479
2026,C2,611,0.18659797310829163,0.27354201674461365
2026,C2,612,0.20266032218933105,0.2995857000350952
2026,C2,613,0.26097095012664795,0.3522990345954895
2026,C2,614,0.21798503398895264,0.3114013969898224
2026,C2,615,0.2550269365310669,0.3371089696884155
2026,C2,616,0.18190404772758484,0.27541086077690125
2026,C2,617,0.2385716289281845,0.3255256116390228
2026,C2,618,0.17577458918094635,0.2380756288766861
2026,C2,619,0.1789170205593109,0.25928670167922974
2026,C2,620,0.25155532360076904,0.3316130042076111
2026,C2,621,0.2500474750995636,0.33151113986968994
2026,C2,622,0.26222163438796997,0.34272921085357666
2026,C2,623,0.20661422610282898,0.2769499719142914
2026,C2,624,0.2062166929244995,0.2736203670501709
2026,C2,625,0.29050523042678833,0.36336344480514526
2026,C2,626,0.22638410329818726,0.29347363114356995
2026,C2,627,0.2748784124851227,0.3545418977737427
2026,C2,628,0.2415175884962082,0.31546056270599365
2026,C2,629,0.217349573969841,0.2955847382545471
2026,C2,630,0.2463923543691635,0.3402988910675049
2026,C2,631,0.23962999880313873,0.30483168363571167
2026,C2,632,0.21866042912006378,0.2866032123565674
2026,C2,633,0.22863025963306427,0.31151431798934937
2026,C2,634,0.24783530831336975,0.3250410854816437
2026,C2,635,0.2514335513114929,0.3289898633956909
2026,C2,636,0.20145592093467712,0.26741111278533936
2026,C2,637,0.23352518677711487,0.34086331725120544
2026,C2,638,0.2102658748626709,0.2855188250541687
2026,C2,639,0.2986478805541992,0.36871394515037537
2026,C2,640,0.28414344787597656,0.38924407958984375
2026,C2,641,0.2658538520336151,0.3555139899253845
2026,C2,642,0.21931707859039307,0.2987351417541504
2026,C2,643,0.2495356947183609,0.3329561948776245
2026,C2,644,0.24068793654441833,0.32383090257644653
2026,C2,645,0.1826174557209015,0.2512681186199188
2026,C2,646,0.21955135464668274,0.30625903606414795
2026,C2,647,0.2974727153778076,0.3781649172306061
2026,C2,648,0.21314196288585663,0.2869831621646881
2026,C2,649,0.23870179057121277,0.31530725955963135
2026,C2,650,0.20939476788043976,0.2855849862098694
2026,C2,651,0.289211243391037,0.35821235179901123
2026,C2,652,0.2339063137769699,0.31876322627067566
2026,C2,653,0.18606936931610107,0.2721480131149292
2026,C2,654,0.21749280393123627,0.2930713891983032
2026,C2,655,0.23553191125392914,0.3071058392524719
2026,C2,656,0.27362585067749023,0.34902089834213257
2026,C2,657,0.18570610880851746,0.25964319705963135
2026,C2,658,0.25555726885795593,0.33345264196395874
2026,C2,659,0.22576728463172913,0.31617069244384766
2026,C2,660,0.21386578679084778,0.2967475652694702
2026,C2,661,0.2798466384410858,0.3429468274116516
2026,C2,662,0.20260806381702423,0.2861221730709076
2026,C2,663,0.3038535714149475,0.37890544533729553
2026,C2,664,0.2311389297246933,0.33944442868232727
2026,C2,665,0.28966090083122253,0.3695243000984192
2026,C2,666,0.22971920669078827,0.31418734788894653
2026,C2,667,0.28502631187438965,0.35931429266929626
2026,C2,668,0.24312910437583923,0.3122190833091736
2026,C2,669,0.23963746428489685,0.31675365567207336
2026,C2,670,0.21186721324920654,0.2815699279308319
2026,C2,671,0.23794275522232056,0.3129652440547943
2026,C2,672,0.216567263007164,0.2809623181819916
2026,C2,673,0.2920403480529785,0.40050268173217773
2026,C2,674,0.18578727543354034,0.24486353993415833
2026,C2,675,0.20753899216651917,0.284536749124527
2026,C2,676,0.20552992820739746,0.28722551465034485
2026,C2,677,0.22695696353912354,0.30780503153800964
2026,C2,678,0.2678678631782532,0.35890740156173706
2026,C2,679,0.24373237788677216,0.3045256733894348
2026,C2,680,0.26705315709114075,0.34913721680641174
2026,C2,681,0.25145572423934937,0.3285602331161499
2026,C2,682,0.21766945719718933,0.29796817898750305
2026,C2,683,0.22107990086078644,0.29599255323410034
2026,C2,684,0.3201698064804077,0.401328444480896
2026,C2,685,0.2614474296569824,0.3442692160606384
2026,C2,686,0.24763372540473938,0.3189639151096344
2026,C2,687,0.2703855633735657,0.356285035610199
2026,C2,688,0.2580379843711853,0.3448690176010132
2026,C2,689,0.21761402487754822,0.30688485503196716
2026,C2,690,0.20461046695709229,0.2617531716823578
2026,C2,691,0.2784053683280945,0.35864296555519104
2026,C2,692,0.2693077325820923,0.3587992489337921
2026,C2,693,0.23476499319076538,0.3145967125892639
2026,C2,694,0.2139994204044342,0.2781371772289276
2026,C2,695,0.24473950266838074,0.33455657958984375
2026,C2,696,0.2164217233657837,0.29696232080459595
2026,C2,697,0.23737236857414246,0.31813591718673706
2026,C2,698,0.24199460446834564,0.313358873128891
2026,C2,699,0.16430947184562683,0.2384401261806488
2026,C2,700,0.2773813009262085,0.3475984036922455
2026,C2,701,0.29521241784095764,0.3979667127132416
2026,C2,702,0.15921275317668915,0.23224157094955444
2026,C2,703,0.21473489701747894,0.28776469826698303
2026,C2,704,0.2813819348812103,0.3709554076194763
2026,C2,705,0.3069785237312317,0.3759514093399048
2026,C2,706,0.24197930097579956,0.31463393568992615
2026,C2,707,0.2508782744407654,0.34797537326812744
2026,C2,708,0.22767573595046997,0.30782550573349
2026,C2,709,0.26071321964263916,0.32340380549430847
2026,C2,710,0.2573489546775818,0.3356798589229584
2026,C2,711,0.21851104497909546,0.2815473675727844
2026,C2,712,0.31244921684265137,0.39950889348983765
2026,C2,713,0.23011727631092072,0.2992360591888428
2026,C2,714,0.2104375958442688,0.27241769433021545
2026,C2,715,0.20022115111351013,0.26463833451271057
2026,C2,716,0.27318304777145386,0.34774625301361084
2026,C2,717,0.2954583168029785,0.3807811737060547
2026,C2,718,0.2603182792663574,0.3454872965812683
2026,C2,719,0.30957964062690735,0.4008759558200836
2026,C2,720,0.2177320122718811,0.30108949542045593
2026,C2,721,0.23194380104541779,0.29514947533607483
2026,C2,722,0.27128520607948303,0.35394832491874695
2026,C2,723,0.2143070101737976,0.2812652885913849
2026,C2,724,0.21997356414794922,0.31278085708618164
2026,C2,725,0.29132533073425293,0.36341342329978943
2026,C2,726,0.2712404131889343,0.36871615052223206
2026,C2,727,0.22689791023731232,0.3251485824584961
2026,C2,728,0.17388701438903809,0.2568567991256714
2026,C2,729,0.2145097553730011,0.2981783151626587
2026,C2,730,0.2720755636692047,0.36642712354660034
2026,C2,731,0.20882947742938995,0.2930719256401062
2026,C2,732,0.23651544749736786,0.31137216091156006
2026,C2,733,0.19553151726722717,0.27247291803359985
2026,C2,734,0.1817624866962433,0.23932360112667084
2026,C2,735,0.25831103324890137,0.3384040594100952
2026,C2,736,0.2402753084897995,0.31740802526474
2026,C2,737,0.2768363952636719,0.35225939750671387
2026,C2,738,0.24041810631752014,0.31400221586227417
2026,C2,739,0.21272242069244385,0.26842257380485535
2026,C2,740,0.2474547177553177,0.3022383153438568
2026,C2,741,0.20992711186408997,0.3070867955684662
2026,C2,742,0.29913994669914246,0.3823363780975342
2026,C2,743,0.19556985795497894,0.26105356216430664
2026,C2,744,0.25058141350746155,0.3249490261077881
2026,C2,745,0.2631784677505493,0.3284079432487488
2026,C2,746,0.22559592127799988,0.3046245276927948
2026,C2,747,0.2739188075065613,0.35099098086357117
2026,C2,748,0.2178696095943451,0.2938621938228607
2026,C2,749,0.16553939878940582,0.23186495900154114
2026,C2,750,0.28362512588500977,0.355656236410141
2026,C2,751,0.17557229101657867,0.24116350710391998
2026,C2,752,0.29589545726776123,0.36304813623428345
2026,C2,753,0.2880939245223999,0.3629305362701416
2026,C2,754,0.24442262947559357,0.3140563368797302
2026,C2,755,0.2815888822078705,0.3546545207500458
2026,C2,756,0.2556062638759613,0.316388338804245
2026,C2,757,0.24976877868175507,0.3182414770126343
2026,C2,758,0.21003860235214233,0.3006897568702698
2026,C2,759,0.20532624423503876,0.3076637089252472
2026,C2,760,0.2090647965669632,0.2847565710544586
2026,C2,761,0.2229548841714859,0.29946961998939514
2026,C2,762,0.2071271538734436,0.2840832471847534
2026,C2,763,0.24600932002067566,0.31414616107940674
2026,C2,764,0.2685137689113617,0.34126293659210205
2026,C2,765,0.2327561229467392,0.29800844192504883
2026,C2,766,0.22949959337711334,0.30756568908691406
2026,C2,767,0.2216162234544754,0.2901483178138733
2026,C2,768,0.2576461434364319,0.33722004294395447
2026,C2,769,0.23788121342658997,0.318063884973526
2026,C2,770,0.31677964329719543,0.40706390142440796
2026,C2,771,0.19768781960010529,0.2865174114704132
2026,C2,772,0.28703171014785767,0.3619581162929535
2026,C2,773,0.21445390582084656,0.27851688861846924
2026,C2,774,0.20801480114459991,0.2660408318042755
2026,C2,775,0.2551378607749939,0.3366858661174774
2026,C2,776,0.27915143966674805,0.3748002052307129
2026,C2,777,0.24339690804481506,0.3278113305568695
2026,C2,778,0.23388312757015228,0.3066481351852417
2026,C2,779,0.20661069452762604,0.292603999376297
2026,C2,780,0.2013278603553772,0.28206944465637207
2026,C2,781,0.2512331008911133,0.32463234663009644
2026,C2,782,0.2425767481327057,0.31513291597366333
2026,C2,783,0.25845375657081604,0.3315339684486389
2026,C2,784,0.24328827857971191,0.326915442943573
2026,C2,785,0.2093701809644699,0.2923247516155243
2026,C2,786,0.1749241203069687,0.22681298851966858
2026,C2,787,0.2867821156978607,0.3698941469192505
2026,C2,788,0.186050146818161,0.2586600184440613
2026,C2,789,0.2215440273284912,0.29266083240509033
2026,C2,790,0.24551352858543396,0.3485216796398163
2026,C2,791,0.3047383427619934,0.41275250911712646
2026,C2,792,0.2451731115579605,0.3161669373512268
2026,C2,793,0.14658598601818085,0.22791583836078644
2026,C2,794,0.18110831081867218,0.2768948972225189
2026,C2,795,0.23208394646644592,0.29003384709358215
2026,C2,796,0.25266093015670776,0.32275888323783875
2026,C2,797,0.20889931917190552,0.29505297541618347
2026,C2,798,0.21494075655937195,0.2954809069633484
2026,C2,799,0.231796994805336,0.29869598150253296
2026,C2,800,0.18196937441825867,0.2516325116157532
2026,C2,801,0.1980147361755371,0.2841087877750397
2026,C2,802,0.22738979756832123,0.3159765303134918
2026,C2,803,0.24516001343727112,0.33385974168777466
2026,C2,804,0.23079724609851837,0.32396751642227173
2026,C2,805,0.2079267054796219,0.2884243130683899
2026,C2,806,0.18399421870708466,0.25752145051956177
2026,C2,807,0.2772379219532013,0.35790956020355225
2026,C2,808,0.17920824885368347,0.26441287994384766
2026,C2,809,0.3554619550704956,0.46534326672554016
2026,C2,810,0.26634544134140015,0.3317568302154541
2026,C2,811,0.2108713984489441,0.2827765643596649
2026,C2,812,0.1985943615436554,0.29648688435554504
2026,C2,813,0.22566121816635132,0.3245715796947479
2026,C2,814,0.2095535397529602,0.28431546688079834
2026,C2,815,0.21829265356063843,0.292586088180542
2026,C2,816,0.3228861391544342,0.4071986973285675
2026,C2,817,0.2091153860092163,0.3044825792312622
2026,C2,818,0.19393916428089142,0.26660796999931335
2026,C2,819,0.20050425827503204,0.25154441595077515
2026,C2,820,0.2140054553747177,0.29050159454345703
2026,C2,821,0.24092179536819458,0.32632189989089966
2026,C2,822,0.2263743132352829,0.30808526277542114
2026,C2,823,0.20311905443668365,0.2796461582183838
2026,C2,824,0.29198020696640015,0.387676477432251
2026,C2,825,0.24061565101146698,0.32299429178237915
2026,C2,826,0.26684966683387756,0.3673657476902008
2026,C2,827,0.21925431489944458,0.26530927419662476
2026,C2,828,0.27910083532333374,0.3483996093273163
2026,C2,829,0.3044002056121826,0.3815155029296875
2026,C2,830,0.22917386889457703,0.31723111867904663
2026,C2,831,0.20975513756275177,0.30313414335250854
2026,C2,832,0.214788556098938,0.2909741699695587
2026,C2,833,0.21836715936660767,0.3029617667198181
2026,C2,834,0.26211798191070557,0.3439543843269348
2026,C2,835,0.2666769027709961,0.3442141115665436
2026,C2,836,0.23696927726268768,0.3058072030544281
2026,C2,837,0.169644296169281,0.2485128790140152
2026,C2,838,0.17406681180000305,0.2614198923110962
2026,C2,839,0.25057172775268555,0.3368174433708191
2026,C2,840,0.2545122504234314,0.32439738512039185
2026,C2,841,0.28547435998916626,0.3675950765609741
2026,C2,842,0.29710853099823,0.38840702176094055
2026,C2,843,0.27637597918510437,0.36466193199157715
2026,C2,844,0.2289547175168991,0.2969386577606201
2026,C2,845,0.23629899322986603,0.32590287923812866
2026,C2,846,0.22927254438400269,0.33878445625305176
2026,C2,847,0.27814432978630066,0.3570582866668701
2026,C2,848,0.243069589138031,0.309022456407547
2026,C2,849,0.25054946541786194,0.3326585292816162
2026,C2,850,0.2604019343852997,0.35858333110809326
2026,C2,851,0.2442907989025116,0.3259730637073517
2026,C2,852,0.24182698130607605,0.3231693208217621
2026,C2,853,0.23947790265083313,0.3191930949687958
2026,C2,854,0.23288226127624512,0.3205987513065338
2026,C2,855,0.22701221704483032,0.3101764917373657
2026,C2,856,0.23646900057792664,0.3053185045719147
2026,C2,857,0.2273329198360443,0.2920945882797241
2026,C2,858,0.24437162280082703,0.32175907492637634
2026,C2,859,0.3117893636226654,0.3861234188079834
2026,C2,860,0.22844909131526947,0.2996809780597687
2026,C2,861,0.21483783423900604,0.27704352140426636
2026,C2,862,0.27563992142677307,0.3560727536678314
2026,C2,863,0.24926364421844482,0.32517141103744507
2026,C2,864,0.21892407536506653,0.2916635572910309
2026,C2,865,0.2281200885772705,0.2971680164337158
2026,C2,866,0.25795894861221313,0.3619663715362549
2026,C2,867,0.23318025469779968,0.3088403642177582
2026,C2,868,0.23896026611328125,0.31524622440338135
2026,C2,869,0.2959023714065552,0.3717502951622009
2026,C2,870,0.2522249221801758,0.35198140144348145
2026,C2,871,0.21181827783584595,0.29061731696128845
2026,C2,872,0.2184334397315979,0.30348411202430725
2026,C2,873,0.22163790464401245,0.29476186633110046
2026,C2,874,0.21340027451515198,0.29268231987953186
2026,C2,875,0.25726863741874695,0.3339647054672241
2026,C2,876,0.2474536895751953,0.3172321617603302
2026,C2,877,0.2690543532371521,0.3777522146701813
2026,C2,878,0.1784549355506897,0.25689631700515747
2026,C2,879,0.25745993852615356,0.33890625834465027
2026,C2,880,0.19670319557189941,0.26674968004226685
2026,C2,881,0.22305727005004883,0.29563358426094055
2026,C2,882,0.2418174147605896,0.3254275918006897
2026,C2,883,0.18039435148239136,0.2593895196914673
2026,C2,884,0.23860791325569153,0.31612247228622437
2026,C2,885,0.2883056104183197,0.3661751449108124
2026,C2,886,0.272237092256546,0.3412816822528839
2026,C2,887,0.21868757903575897,0.3046279847621918
2026,C2,888,0.22685366868972778,0.3053179383277893
2026,C2,889,0.18972346186637878,0.2616117596626282
2026,C2,890,0.21933448314666748,0.30766546726226807
2026,C2,891,0.20629152655601501,0.2956679165363312
2026,C2,892,0.20566925406455994,0.2868812680244446
2026,C2,893,0.23506207764148712,0.3273715078830719
2026,C2,894,0.2281690090894699,0.312889963388443
2026,C2,895,0.22461053729057312,0.3097240924835205
2026,C2,896,0.29070374369621277,0.37233245372772217
2026,C2,897,0.2083764523267746,0.26329267024993896
2026,C2,898,0.29687562584877014,0.3725287914276123
2026,C2,899,0.21015870571136475,0.3100586235523224
2026,C2,900,0.2836649417877197,0.35832345485687256
2026,C2,901,0.2787012457847595,0.3725438714027405
2026,C2,902,0.2670578062534332,0.350797176361084
2026,C2,903,0.23188567161560059,0.29722586274147034
2026,C2,904,0.29187843203544617,0.362202525138855
2026,C2,905,0.23969006538391113,0.31443676352500916
2026,C2,906,0.301535964012146,0.3583371043205261
2026,C2,907,0.32327812910079956,0.41412439942359924
2026,C2,908,0.16695904731750488,0.24011728167533875
2026,C2,909,0.22966870665550232,0.32903552055358887
2026,C2,910,0.24255666136741638,0.320955365896225
2026,C2,911,0.2503233850002289,0.311276912689209
2026,C2,912,0.2754739820957184,0.3481207489967346
2026,C2,913,0.28500455617904663,0.3784745931625366
2026,C2,914,0.19720004498958588,0.2806384861469269
2026,C2,915,0.27518266439437866,0.3435559570789337
2026,C2,916,0.18803873658180237,0.2586088180541992
2026,C2,917,0.20480725169181824,0.30268746614456177
2026,C2,918,0.271295964717865,0.33688220381736755
2026,C2,919,0.22553730010986328,0.2839137315750122
2026,C2,920,0.2286519557237625,0.3179958462715149
2026,C2,921,0.18345032632350922,0.24549046158790588
2026,C2,922,0.22541245818138123,0.3258936405181885
2026,C2,923,0.22310638427734375,0.28815972805023193
2026,C2,924,0.23474740982055664,0.3037911057472229
2026,C2,925,0.2608388066291809,0.3397907316684723
2026,C2,926,0.26268160343170166,0.3408081531524658
2026,C2,927,0.22466886043548584,0.2878298759460449
2026,C2,928,0.17676016688346863,0.23667766153812408
2026,C2,929,0.2587413787841797,0.33235278725624084
2026,C2,930,0.31124722957611084,0.39453086256980896
2026,C2,931,0.3164916932582855,0.3838852047920227
2026,C2,932,0.2315356433391571,0.31375378370285034
2026,C2,933,0.25100260972976685,0.34983256459236145
2026,C2,934,0.30019503831863403,0.39374879002571106
2026,C2,935,0.23731115460395813,0.3250157833099365
2026,C2,936,0.263244092464447,0.33809158205986023
2026,C2,937,0.24027177691459656,0.3069305717945099
2026,C2,938,0.23892229795455933,0.3004133105278015
2026,C2,939,0.1872413456439972,0.2641848921775818
2026,C2,940,0.19966930150985718,0.28357216715812683
2026,C2,941,0.30645081400871277,0.3883429765701294
2026,C2,942,0.21316742897033691,0.30116820335388184
2026,C2,943,0.26621103286743164,0.3441063165664673
2026,C2,944,0.2714489698410034,0.3362555503845215
2026,C2,945,0.23089547455310822,0.32427674531936646
2026,C2,946,0.2485692799091339,0.3197411000728607
2026,C2,947,0.18967017531394958,0.27518945932388306
2026,C2,948,0.30418944358825684,0.3756493926048279
2026,C2,949,0.2211284041404724,0.3002978563308716
2026,C2,950,0.2315317690372467,0.3074459731578827
2026,C2,951,0.22260773181915283,0.2925529181957245
2026,C2,952,0.2561131715774536,0.3279138207435608
2026,C2,953,0.21786567568778992,0.2921351492404938
2026,C2,954,0.2352791577577591,0.3083508312702179
2026,C2,955,0.27455952763557434,0.3723558187484741
2026,C2,956,0.21597233414649963,0.3023033142089844
2026,C2,957,0.28669291734695435,0.35551655292510986
2026,C2,958,0.3832605183124542,0.47121965885162354
2026,C2,959,0.29700136184692383,0.3649941384792328
2026,C2,960,0.21056918799877167,0.3005583882331848
2026,C2,961,0.2110387533903122,0.2798827886581421
2026,C2,962,0.1971951425075531,0.2751985788345337
2026,C2,963,0.2982284724712372,0.3717467486858368
2026,C2,964,0.2594868540763855,0.32789379358291626
2026,C2,965,0.29085850715637207,0.37327826023101807
2026,C2,966,0.24605976045131683,0.3216017186641693
2026,C2,967,0.28857672214508057,0.36543309688568115
2026,C2,968,0.28214818239212036,0.359487384557724
2026,C2,969,0.2491731345653534,0.32787835597991943
2026,C2,970,0.19752314686775208,0.2725057899951935
2026,C2,971,0.21809175610542297,0.30892184376716614
2026,C2,972,0.21161988377571106,0.28562435507774353
2026,C2,973,0.1940126270055771,0.28814539313316345
2026,C2,974,0.19189363718032837,0.2852853536605835
2026,C2,975,0.2095765620470047,0.2873649597167969
2026,C2,976,0.2738492786884308,0.3628385066986084
2026,C2,977,0.2487913966178894,0.3117915689945221
2026,C2,978,0.1662321835756302,0.24349120259284973
2026,C2,979,0.24824663996696472,0.3307088613510132
2026,C2,980,0.2893133759498596,0.36602962017059326
2026,C2,981,0.2565406262874603,0.34753870964050293
2026,C2,982,0.2312394380569458,0.3003816306591034
2026,C2,983,0.2986815571784973,0.38562339544296265
2026,C2,984,0.24938680231571198,0.33747994899749756
2026,C2,985,0.22475513815879822,0.2878725528717041
2026,C2,986,0.22461950778961182,0.29223963618278503
2026,C2,987,0.30025115609169006,0.38380366563796997
2026,C2,988,0.2743304371833801,0.3574601113796234
2026,C2,989,0.2310592085123062,0.3264831602573395
2026,C2,990,0.25225046277046204,0.32021820545196533
2026,C2,991,0.2468239963054657,0.3049769401550293
2026,C2,992,0.29315024614334106,0.37632063031196594
2026,C2,993,0.2933024764060974,0.38631707429885864
2026,C2,994,0.23309382796287537,0.3256125748157501
2026,C2,995,0.2211529016494751,0.3131161034107208
2026,C2,996,0.28962308168411255,0.3693116009235382
2026,C2,997,0.2507246732711792,0.33598053455352783
2026,C2,998,0.23039430379867554,0.30339980125427246
2026,C2,999,0.26069098711013794,0.3408556878566742
2026,C2,1000,0.1858065277338028,0.2709861397743225
2026,C2,1001,0.24104486405849457,0.32129424810409546
2026,C2,1002,0.3209916353225708,0.42053377628326416
2026,C2,1003,0.22952397167682648,0.30391576886177063
2026,C2,1004,0.270049124956131,0.3499809801578522
2026,C2,1005,0.24719089269638062,0.33712172508239746
2026,C2,1006,0.2130451649427414,0.28812819719314575
2026,C2,1007,0.19664564728736877,0.2515599727630615
2026,C2,1008,0.2548568546772003,0.3213294744491577
2026,C2,1009,0.17671902477741241,0.23199033737182617
2026,C2,1010,0.26610010862350464,0.34603652358055115
2026,C2,1011,0.23871034383773804,0.31209611892700195
2026,C2,1012,0.2526446580886841,0.3334699273109436
2026,C2,1013,0.23421311378479004,0.31370261311531067
2026,C2,1014,0.30650246143341064,0.40409645438194275
2026,C2,1015,0.24811334908008575,0.33000972867012024
2026,C2,1016,0.27759039402008057,0.3486105799674988
2026,C2,1017,0.21759836375713348,0.2919492721557617
2026,C2,1018,0.20674368739128113,0.27878132462501526
2026,C2,1019,0.2335008978843689,0.3195880353450775
2026,C2,1020,0.23557549715042114,0.32593244314193726
2026,C2,1021,0.18522372841835022,0.26601120829582214
2026,C2,1022,0.20214056968688965,0.2726416289806366
2026,C2,1023,0.232882559299469,0.302467942237854
2026,C2,1024,0.18356508016586304,0.23203635215759277
2026,C2,1025,0.2487718164920807,0.31392398476600647
2026,C2,1026,0.2510104775428772,0.32376471161842346
2026,C2,1027,0.22306537628173828,0.2845025658607483
2026,C2,1028,0.26626279950141907,0.34979113936424255
2026,C2,1029,0.27886560559272766,0.35864201188087463
2026,C2,1030,0.3210567831993103,0.4158816933631897
2026,C2,1031,0.23613733053207397,0.3271671235561371
2026,C2,1032,0.2406158745288849,0.3127918541431427
2026,C2,1033,0.21968719363212585,0.2843039929866791
2026,C2,1034,0.3057849109172821,0.38629040122032166
2026,C2,1035,0.28570985794067383,0.366381973028183
2026,C2,1036,0.1901664435863495,0.24726122617721558
2026,C2,1037,0.1884278655052185,0.2419467270374298
2026,C2,1038,0.2279873639345169,0.31288909912109375
2026,C2,1039,0.23681241273880005,0.30949071049690247
2026,C2,1040,0.22099868953227997,0.2777571678161621
2026,C2,1041,0.24426420032978058,0.3226861357688904
2026,C2,1042,0.18246926367282867,0.26012277603149414
2026,C2,1043,0.20686541497707367,0.2849998474121094
2026,C2,1044,0.2393299639225006,0.330588161945343
2026,C2,1045,0.2131749540567398,0.2979649603366852
2026,C2,1046,0.2591549754142761,0.3513384759426117
2026,C2,1047,0.21306374669075012,0.28293323516845703
2026,C2,1048,0.36692970991134644,0.4539755880832672
2026,C2,1049,0.260311484336853,0.33268558979034424
2026,C2,1050,0.19351133704185486,0.2758617103099823
2026,C2,1051,0.24019840359687805,0.31639963388442993
2026,C2,1052,0.24342603981494904,0.3190362751483917
2026,C2,1053,0.25318068265914917,0.3232797384262085
2026,C2,1054,0.21440017223358154,0.28872257471084595
2026,C2,1055,0.25995737314224243,0.33782777190208435
2026,C2,1056,0.25260698795318604,0.32234513759613037
2026,C2,1057,0.2564164400100708,0.332808256149292
2026,C2,1058,0.21431486308574677,0.2884264886379242
2026,C2,1059,0.192083939909935,0.25115007162094116
2026,C2,1060,0.23383215069770813,0.3420408368110657
2026,C2,1061,0.246761292219162,0.31304606795310974
2026,C2,1062,0.18985515832901,0.27923980355262756
2026,C2,1063,0.20134586095809937,0.2932962477207184
2026,C2,1064,0.20976942777633667,0.2665380835533142
2026,C2,1065,0.19271886348724365,0.2518434226512909
2026,C2,1066,0.21543662250041962,0.2736370265483856
2026,C2,1067,0.2261432409286499,0.30822184681892395
2026,C2,1068,0.19386586546897888,0.2774781584739685
2026,C2,1069,0.24214011430740356,0.34187155961990356
2026,C2,1070,0.24067896604537964,0.3116707503795624
2026,C2,1071,0.2418217808008194,0.32062089443206787
2026,C2,1072,0.2612926959991455,0.3411014974117279
2026,C2,1073,0.2707328200340271,0.3453013300895691
2026,C2,1074,0.2991769015789032,0.3943558633327484
2026,C2,1075,0.2082354724407196,0.27870243787765503
2026,C2,1076,0.22452205419540405,0.30402928590774536
2026,C2,1077,0.21692827343940735,0.30067747831344604
2026,C2,1078,0.20132581889629364,0.2628939151763916
2026,C2,1079,0.21550297737121582,0.2737729847431183
2026,C2,1080,0.23498208820819855,0.3181670606136322
2026,C2,1081,0.20048311352729797,0.28158581256866455
2026,C2,1082,0.22922846674919128,0.3204667568206787
2026,C2,1083,0.2312309443950653,0.3159255087375641
2026,C2,1084,0.258521169424057,0.33540090918540955
2026,C2,1085,0.1867017298936844,0.262980580329895
2026,C2,1086,0.24736952781677246,0.32331690192222595
2026,C2,1087,0.22877734899520874,0.2961721420288086
2026,C2,1088,0.21113461256027222,0.2708032727241516
2026,C2,1089,0.2028093934059143,0.2752372622489929
2026,C2,1090,0.21557144820690155,0.2929856777191162
2026,C2,1091,0.17274126410484314,0.24586531519889832
2026,C2,1092,0.22132544219493866,0.29850929975509644
2026,C2,1093,0.24929553270339966,0.3281514346599579
2026,C2,1094,0.2697598934173584,0.34180527925491333
2026,C2,1095,0.17975753545761108,0.2563037872314453
2026,C2,1096,0.24861662089824677,0.35476380586624146
2026,C2,1097,0.20785415172576904,0.2773631513118744
2026,C2,1098,0.2568363547325134,0.3327786922454834
2026,C2,1099,0.19302907586097717,0.29058837890625
2026,C2,1100,0.22852882742881775,0.32982632517814636
2026,C2,1101,0.2923697531223297,0.36141449213027954
2026,C2,1102,0.2411927580833435,0.3298383951187134
2026,C2,1103,0.20467786490917206,0.28402966260910034
2026,C2,1104,0.22215615212917328,0.3096122443675995
2026,C2,1105,0.180934339761734,0.2346719652414322
2026,C2,1106,0.224613755941391,0.2994075417518616
2026,C2,1107,0.18041832745075226,0.24846282601356506
2026,C2,1108,0.14941340684890747,0.21781638264656067
2026,C2,1109,0.22261396050453186,0.2931406497955322
2026,C2,1110,0.19240924715995789,0.2729720175266266
2026,C2,1111,0.2559053301811218,0.33461442589759827
2026,C2,1112,0.2083629071712494,0.2736852765083313
2026,C2,1113,0.2605261206626892,0.32313165068626404
2026,C2,1114,0.3036377429962158,0.3811044991016388
2026,C2,1115,0.2894892394542694,0.3619062304496765
2026,C2,1116,0.2267841398715973,0.295685350894928
2026,C2,1117,0.26571449637413025,0.3503400683403015
2026,C2,1118,0.23765569925308228,0.3348054885864258
2026,C2,1119,0.18558186292648315,0.26317867636680603
2026,C2,1120,0.22288505733013153,0.30631300806999207
2026,C2,1121,0.3421400189399719,0.4098426103591919
2026,C2,1122,0.24265272915363312,0.3186233639717102
2026,C2,1123,0.2900751233100891,0.3687278926372528
2026,C2,1124,0.1930379867553711,0.270168662071228
2026,C2,1125,0.23296204209327698,0.3079495429992676
2026,C2,1126,0.23463685810565948,0.31255391240119934
2026,C2,1127,0.21301952004432678,0.29970866441726685
2026,C2,1128,0.27101272344589233,0.349420964717865
2026,C2,1129,0.25278908014297485,0.32910892367362976
2026,C2,1130,0.21373692154884338,0.2768964469432831
2026,C2,1131,0.2757831811904907,0.35776230692863464
2026,C2,1132,0.19669342041015625,0.25979146361351013
2026,C2,1133,0.26139506697654724,0.34017670154571533
2026,C2,1134,0.21436285972595215,0.2744191586971283
2026,C2,1135,0.207486093044281,0.28760218620300293
2026,C2,1136,0.2536930441856384,0.34341228008270264
2026,C2,1137,0.21637296676635742,0.2954934239387512
2026,C2,1138,0.17899364233016968,0.26496779918670654
2026,C2,1139,0.2700023949146271,0.3516785204410553
2026,C2,1140,0.2798086404800415,0.3521023392677307
2026,C2,1141,0.23858954012393951,0.3089444637298584
2026,C2,1142,0.2859673798084259,0.36411264538764954
2026,C2,1143,0.2120356559753418,0.2975410521030426
2026,C2,1144,0.2955491244792938,0.379433274269104
2026,C2,1145,0.2161911278963089,0.28354308009147644
2026,C2,1146,0.24148200452327728,0.3206148147583008
2026,C2,1147,0.19817909598350525,0.3154904246330261
2026,C2,1148,0.2624360918998718,0.3409769535064697
2026,C2,1149,0.3232591450214386,0.40920278429985046
2026,C2,1150,0.15951597690582275,0.217173770070076
2026,C2,1151,0.21400226652622223,0.27579832077026367
2026,C2,1152,0.210678830742836,0.29245632886886597
2026,C2,1153,0.2475094199180603,0.3266398012638092
2026,C2,1154,0.24773713946342468,0.32385677099227905
2026,C2,1155,0.24084731936454773,0.3142257034778595
2026,C2,1156,0.2321677803993225,0.3360752761363983
2026,C2,1157,0.22875754535198212,0.31922927498817444
2026,C2,1158,0.24953985214233398,0.3158196210861206
2026,C2,1159,0.2369823455810547,0.32502609491348267
2026,C2,1160,0.28461599349975586,0.37872710824012756
2026,C2,1161,0.22498050332069397,0.31034210324287415
2026,C2,1162,0.23110932111740112,0.3144431710243225
2026,C2,1163,0.23995375633239746,0.3070034086704254
2026,C2,1164,0.190110981464386,0.2716424763202667
2026,C2,1165,0.30774661898612976,0.3633021116256714
2026,C2,1166,0.3203425109386444,0.38332754373550415
2026,C2,1167,0.23003631830215454,0.3230789303779602
2026,C2,1168,0.2400054782629013,0.3317388892173767
2026,C2,1169,0.2035389542579651,0.2681426703929901
2026,C2,1170,0.23026947677135468,0.31868070363998413
2026,C2,1171,0.2212313711643219,0.2897563576698303
2026,C2,1172,0.20681466162204742,0.28904998302459717
2026,C2,1173,0.24497587978839874,0.331794798374176
2026,C2,1174,0.24973982572555542,0.3259143829345703
2026,C2,1175,0.27424120903015137,0.3453202545642853
2026,C2,1176,0.20523297786712646,0.27709487080574036
2026,C2,1177,0.26511573791503906,0.32926785945892334
2026,C2,1178,0.21440120041370392,0.27805131673812866
2026,C2,1179,0.22128386795520782,0.29894301295280457
2026,C2,1180,0.24045124650001526,0.32022497057914734
2026,C2,1181,0.2539334297180176,0.3299068212509155
2026,C2,1182,0.1954457312822342,0.2550627291202545
2026,C2,1183,0.23701322078704834,0.3344190716743469
2026,C2,1184,0.25784093141555786,0.3357577919960022
2026,C2,1185,0.2182110846042633,0.2956743836402893
2026,C2,1186,0.29094377160072327,0.36441314220428467
2026,C2,1187,0.19853660464286804,0.27028441429138184
2026,C2,1188,0.2162615954875946,0.28660789132118225
2026,C2,1189,0.23156628012657166,0.30433136224746704
2026,C2,1190,0.28874051570892334,0.3712909519672394
2026,C2,1191,0.266920804977417,0.3438940644264221
2026,C2,1192,0.2719738483428955,0.3526570796966553
2026,C2,1193,0.19236117601394653,0.27936288714408875
2026,C2,1194,0.2635626196861267,0.33932143449783325
2026,C2,1195,0.24699744582176208,0.31658294796943665
2026,C2,1196,0.24388521909713745,0.31395894289016724
2026,C2,1197,0.1841265857219696,0.25398337841033936
2026,C2,1198,0.21403884887695312,0.3041859567165375
2026,C2,1199,0.22105500102043152,0.279628187417984
2026,C2,1200,0.2979297339916229,0.368845671415329
2026,C2,1201,0.19994203746318817,0.2785690724849701
2026,C2,1202,0.28730878233909607,0.35979363322257996
2026,C2,1203,0.23522187769412994,0.32170769572257996
2026,C2,1204,0.22353637218475342,0.3331787884235382
2026,C2,1205,0.19157469272613525,0.2693048119544983
2026,C2,1206,0.21580049395561218,0.29339975118637085
2026,C2,1207,0.3068982660770416,0.397423654794693
2026,C2,1208,0.234210804104805,0.30895182490348816
2026,C2,1209,0.30970025062561035,0.395092248916626
2026,C2,1210,0.26078319549560547,0.3432217836380005
2026,C2,1211,0.19295060634613037,0.25245392322540283
2026,C2,1212,0.20599359273910522,0.28373169898986816
2026,C2,1213,0.2276015728712082,0.30869463086128235
2026,C2,1214,0.28441837430000305,0.38462013006210327
2026,C2,1215,0.24901925027370453,0.3280676603317261
2026,C2,1216,0.22917236387729645,0.3084966838359833
2026,C2,1217,0.2043689489364624,0.2731417417526245
2026,C2,1218,0.24151550233364105,0.33717331290245056
2026,C2,1219,0.1804516613483429,0.26195067167282104
2026,C2,1220,0.26131194829940796,0.334228515625
2026,C2,1221,0.29418039321899414,0.3643123209476471
2026,C2,1222,0.13999813795089722,0.20491686463356018
2026,C2,1223,0.23379209637641907,0.3086085915565491
2026,C2,1224,0.20373573899269104,0.2816920280456543
2026,C2,1225,0.21677879989147186,0.29110848903656006
2026,C2,1226,0.2759696841239929,0.34305572509765625
2026,C2,1227,0.3179819881916046,0.3916429281234741
2026,C2,1228,0.20494738221168518,0.28329676389694214
2026,C2,1229,0.23071828484535217,0.30651307106018066
2026,C2,1230,0.27466881275177,0.3439185917377472
2026,C2,1231,0.26169174909591675,0.33703064918518066
2026,C2,1232,0.2755649983882904,0.36242952942848206
2026,C2,1233,0.163116455078125,0.245652437210083
2026,C2,1234,0.21669811010360718,0.28731781244277954
2026,C2,1235,0.2262737900018692,0.2927711606025696
2026,C2,1236,0.255903422832489,0.33272585272789
2026,C2,1237,0.21419674158096313,0.27355146408081055
2026,C2,1238,0.2402813732624054,0.30196577310562134
2026,C2,1239,0.3117487132549286,0.39785319566726685
2026,C2,1240,0.2155366986989975,0.31552234292030334
2026,C2,1241,0.21022073924541473,0.27806204557418823
2026,C2,1242,0.21069419384002686,0.3044908046722412
2026,C2,1243,0.24571001529693604,0.31380608677864075
2026,C2,1244,0.16776680946350098,0.26306620240211487
2026,C2,1245,0.24039267003536224,0.31090807914733887
2026,C2,1246,0.26896148920059204,0.34743523597717285
2026,C2,1247,0.31547290086746216,0.3911581039428711
2026,C2,1248,0.3176814615726471,0.3986663222312927
2026,C2,1249,0.25361955165863037,0.32165759801864624
2026,C2,1250,0.2489999532699585,0.33113154768943787
2026,C2,1251,0.22133685648441315,0.27941063046455383
2026,C2,1252,0.20050765573978424,0.2854725122451782
2026,C2,1253,0.16994427144527435,0.24304062128067017
2026,C2,1254,0.26822322607040405,0.3416706621646881
2026,C2,1255,0.19902797043323517,0.26432809233665466
2026,C2,1256,0.1843244731426239,0.2677028179168701
2026,C2,1257,0.2013063132762909,0.2719011902809143
2026,C2,1258,0.18148046731948853,0.2418200969696045
2026,C2,1259,0.22913996875286102,0.31900134682655334
2026,C2,1260,0.2479991614818573,0.32482004165649414
2026,C2,1261,0.26622289419174194,0.3317547142505646
2026,C2,1262,0.2527405619621277,0.34100058674812317
2026,C2,1263,0.19512560963630676,0.25162819027900696
2026,C2,1264,0.2448270171880722,0.3258346915245056
2026,C2,1265,0.2494320571422577,0.3218095600605011
2026,C2,1266,0.22356262803077698,0.2870435118675232
2026,C2,1267,0.2542409896850586,0.3453012704849243
2026,C2,1268,0.24946923553943634,0.31450948119163513
2026,C2,1269,0.29284483194351196,0.3608059585094452
2026,C2,1270,0.25366732478141785,0.33456751704216003
2026,C2,1271,0.23167753219604492,0.29525327682495117
2026,C2,1272,0.22949661314487457,0.29924649000167847
2026,C2,1273,0.2413250207901001,0.3392897844314575
2026,C2,1274,0.2690708041191101,0.34697526693344116
2026,C2,1275,0.24947580695152283,0.35174673795700073
2026,C2,1276,0.28597837686538696,0.3651140034198761
2026,C2,1277,0.18273484706878662,0.23149777948856354
2026,C2,1278,0.20494703948497772,0.26745057106018066
2026,C2,1279,0.20987464487552643,0.2733188569545746
2026,C2,1280,0.24400828778743744,0.32640284299850464
2026,C2,1281,0.24512511491775513,0.32423579692840576
2026,C2,1282,0.16506624221801758,0.23379267752170563
2026,C2,1283,0.25934407114982605,0.34744930267333984
2026,C2,1284,0.21880537271499634,0.3094326853752136
2026,C2,1285,0.2400020956993103,0.3108553886413574
2026,C2,1286,0.2092098444700241,0.3028741180896759
2026,C2,1287,0.2544752359390259,0.3454243242740631
2026,C2,1288,0.29352378845214844,0.3807912766933441
2026,C2,1289,0.24776960909366608,0.3214297890663147
2026,C2,1290,0.19956344366073608,0.27155542373657227
2026,C2,1291,0.24943217635154724,0.3216884136199951
2026,C2,1292,0.2876249849796295,0.36546239256858826
2026,C2,1293,0.2983171343803406,0.3676976263523102
2026,C2,1294,0.2525506615638733,0.3325910270214081
2026,C2,1295,0.24976836144924164,0.32594507932662964
2026,C2,1296,0.30313655734062195,0.3804262578487396
2026,C2,1297,0.21864274144172668,0.2922379672527313
2026,C2,1298,0.23873884975910187,0.31918013095855713
2026,C2,1299,0.22387176752090454,0.2915402054786682
2026,C2,1300,0.2825370132923126,0.3514469265937805
2026,C2,1301,0.2565097212791443,0.35901713371276855
2026,C2,1302,0.21772366762161255,0.2913232445716858
2026,C2,1303,0.25793910026550293,0.34040212631225586
2026,C2,1304,0.23000754415988922,0.3048478662967682
2026,C2,1305,0.21622800827026367,0.28908517956733704
2026,C2,1306,0.23177728056907654,0.32228055596351624
2026,C2,1307,0.2053123414516449,0.2907562851905823
2026,C2,1308,0.2669612169265747,0.349893718957901
2026,C2,1309,0.21056072413921356,0.29167357087135315
2026,C2,1310,0.1812683790922165,0.2608833909034729
2026,C2,1311,0.21498575806617737,0.29826822876930237
2026,C2,1312,0.19034616649150848,0.28148603439331055
2026,C2,1313,0.24833138287067413,0.3343055248260498
2026,C2,1314,0.2322617918252945,0.2916012704372406
2026,C2,1315,0.27422189712524414,0.351747989654541
2026,C2,1316,0.28351300954818726,0.3693438768386841
2026,C2,1317,0.2545262575149536,0.32720470428466797
2026,C2,1318,0.29651400446891785,0.38167285919189453
2026,C2,1319,0.2223208099603653,0.30806002020835876
2026,C2,1320,0.2516435980796814,0.34937945008277893
2026,C2,1321,0.19712412357330322,0.2640150785446167
2026,C2,1322,0.1985788494348526,0.25983110070228577
2026,C2,1323,0.28045886754989624,0.3602047562599182
2026,C2,1324,0.25138741731643677,0.3319571018218994
2026,C2,1325,0.3037489652633667,0.40145304799079895
2026,C2,1326,0.2071010172367096,0.27185410261154175
2026,C2,1327,0.1956343948841095,0.25207793712615967
2026,C2,1328,0.20553886890411377,0.27709388732910156
2026,C2,1329,0.2667316198348999,0.33502447605133057
2026,C2,1330,0.23814311623573303,0.30254092812538147
2026,C2,1331,0.23954147100448608,0.3139418065547943
2026,C2,1332,0.16496555507183075,0.23437876999378204
2026,C2,1333,0.18861430883407593,0.25333574414253235
2026,C2,1334,0.19667275249958038,0.26375699043273926
2026,C2,1335,0.25131720304489136,0.35476911067962646
2026,C2,1336,0.21107715368270874,0.2884087562561035
2026,C2,1337,0.27036231756210327,0.3566362261772156
2026,C2,1338,0.21294301748275757,0.28586459159851074
2026,C2,1339,0.2781693935394287,0.37007564306259155
2026,C2,1340,0.2612880766391754,0.3409627377986908
2026,C2,1341,0.2106570452451706,0.30047255754470825
2026,C2,1342,0.22523677349090576,0.32940107583999634
2026,C2,1343,0.2445259690284729,0.31454402208328247
2026,C2,1344,0.24845434725284576,0.3301568925380707
2026,C2,1345,0.25892436504364014,0.33555537462234497
2026,C2,1346,0.21191540360450745,0.28090929985046387
2026,C2,1347,0.2585424482822418,0.3516550362110138
2026,C2,1348,0.1976695954799652,0.2798774838447571
2026,C2,1349,0.22782932221889496,0.295284241437912
2026,C2,1350,0.297740638256073,0.37149113416671753
2026,C2,1351,0.27061396837234497,0.34410881996154785
2026,C2,1352,0.24865446984767914,0.3294881582260132
2026,C2,1353,0.21258051693439484,0.2865239977836609
2026,C2,1354,0.24843430519104004,0.3148624300956726
2026,C2,1355,0.19114407896995544,0.2547224760055542
2026,C2,1356,0.2544667422771454,0.33028000593185425
2026,C2,1357,0.3290950655937195,0.40651434659957886
2026,C2,1358,0.28550422191619873,0.35218992829322815
2026,C2,1359,0.20754306018352509,0.2835240364074707
2026,C2,1360,0.21053001284599304,0.30594557523727417
2026,C2,1361,0.16154024004936218,0.2309505045413971
2026,C2,1362,0.23815017938613892,0.3260872960090637
2026,C2,1363,0.2621310353279114,0.33562222123146057
2026,C2,1364,0.26691433787345886,0.3350202143192291
2026,C2,1365,0.16516759991645813,0.2258509397506714
2026,C2,1366,0.25576281547546387,0.3267327547073364
2026,C2,1367,0.2048671394586563,0.25830772519111633
2026,C2,1368,0.23135218024253845,0.32414352893829346
2026,C2,1369,0.24049082398414612,0.328640341758728
2026,C2,1370,0.2153605818748474,0.2899312973022461
2026,C2,1371,0.2214195281267166,0.29873958230018616
2026,C2,1372,0.25098419189453125,0.324643611907959
2026,C2,1373,0.25558531284332275,0.31508976221084595
2026,C2,1374,0.23659613728523254,0.32609617710113525
2026,C2,1375,0.21739375591278076,0.29008784890174866
2026,C2,1376,0.1963176131248474,0.24525193870067596
2026,C2,1377,0.20795828104019165,0.2863357365131378
2026,C2,1378,0.2519823908805847,0.3335111439228058
2026,C2,1379,0.18761737644672394,0.2527415454387665
2026,C2,1380,0.21815364062786102,0.26405906677246094
2026,C2,1381,0.2555427551269531,0.33430030941963196
2026,C2,1382,0.27479326725006104,0.34547528624534607
2026,C2,1383,0.21962067484855652,0.3300057649612427
2026,C2,1384,0.27184823155403137,0.36748790740966797
2026,C2,1385,0.24453146755695343,0.3176082670688629
2026,C2,1386,0.24201920628547668,0.33047565817832947
2026,C2,1387,0.16197887063026428,0.21477988362312317
2026,C2,1388,0.2870444059371948,0.35554730892181396
2026,C2,1389,0.21660980582237244,0.2797832489013672
2026,C2,1390,0.26238536834716797,0.3317606449127197
2026,C2,1391,0.23336312174797058,0.298430472612381
2026,C2,1392,0.2297987937927246,0.30476778745651245
2026,C2,1393,0.2293860912322998,0.29765889048576355
2026,C2,1394,0.21449843049049377,0.29434069991111755
2026,C2,1395,0.22755223512649536,0.3002385199069977
2026,C2,1396,0.22657668590545654,0.3186447024345398
2026,C2,1397,0.2920619249343872,0.36735984683036804
2026,C2,1398,0.21467530727386475,0.2837749719619751
2026,C2,1399,0.24637705087661743,0.31651079654693604
2026,C2,1400,0.24571216106414795,0.32504916191101074
2026,C2,1401,0.2551742494106293,0.3332897424697876
2026,C2,1402,0.22568592429161072,0.29143041372299194
2026,C2,1403,0.22141453623771667,0.2830095589160919
2026,C2,1404,0.22474128007888794,0.3155866265296936
2026,C2,1405,0.20614218711853027,0.2817646265029907
2026,C2,1406,0.2907767593860626,0.36109811067581177
2026,C2,1407,0.21540936827659607,0.29281723499298096
2026,C2,1408,0.23469242453575134,0.3023982644081116
2026,C2,1409,0.20369409024715424,0.2766428291797638
2026,C2,1410,0.197189062833786,0.25543540716171265
2026,C2,1411,0.25828757882118225,0.35301053524017334
2026,C2,1412,0.23889151215553284,0.3189322352409363
2026,C2,1413,0.2513994574546814,0.33585458993911743
2026,C2,1414,0.24881869554519653,0.32163870334625244
2026,C2,1415,0.26701271533966064,0.32321399450302124
2026,C2,1416,0.2631576657295227,0.3259127140045166
2026,C2,1417,0.20690369606018066,0.29485106468200684
2026,C2,1418,0.28324365615844727,0.35638299584388733
2026,C2,1419,0.25305110216140747,0.3416539132595062
2026,C2,1420,0.2707884907722473,0.3562396168708801
2026,C2,1421,0.2711988389492035,0.336355060338974
2026,C2,1422,0.2103254199028015,0.28957468271255493
2026,C2,1423,0.3258875012397766,0.40001019835472107
2026,C2,1424,0.25610700249671936,0.3229426443576813
2026,C2,1425,0.22502219676971436,0.33190086483955383
2026,C2,1426,0.23787537217140198,0.3206248879432678
2026,C2,1427,0.20859619975090027,0.2773476541042328
2026,C2,1428,0.17504200339317322,0.24398574233055115
2026,C2,1429,0.18761470913887024,0.2561230957508087
2026,C2,1430,0.19923558831214905,0.28685784339904785
2026,C2,1431,0.21959230303764343,0.2769911289215088
2026,C2,1432,0.2537486255168915,0.3274715542793274
2026,C2,1433,0.22347408533096313,0.28809136152267456
2026,C2,1434,0.3049103021621704,0.3987169861793518
2026,C2,1435,0.18576377630233765,0.26788875460624695
2026,C2,1436,0.27367037534713745,0.34567198157310486
2026,C2,1437,0.25236132740974426,0.3501273989677429
2026,C2,1438,0.2646210193634033,0.3484581708908081
2026,C2,1439,0.13688154518604279,0.19600731134414673
2026,C2,1440,0.20380356907844543,0.27680352330207825
2026,C2,1441,0.1973668485879898,0.2731195092201233
2026,C2,1442,0.24793946743011475,0.3276798129081726
2026,C2,1443,0.31410303711891174,0.3895204961299896
2026,C2,1444,0.2631995677947998,0.3420873284339905
2026,C2,1445,0.22405779361724854,0.3100131154060364
2026,C2,1446,0.22277161478996277,0.2958097755908966
2026,C2,1447,0.18359588086605072,0.25668880343437195
2026,C2,1448,0.24323387444019318,0.3218798339366913
2026,C2,1449,0.19728019833564758,0.26549312472343445
2026,C2,1450,0.23984545469284058,0.33774372935295105
2026,C2,1451,0.25344473123550415,0.3334360718727112
2026,C2,1452,0.26221799850463867,0.3527953326702118
2026,C2,1453,0.31075817346572876,0.3871782422065735
2026,C2,1454,0.2976319491863251,0.37057632207870483
2026,C2,1455,0.2565010190010071,0.32782670855522156
2026,C2,1456,0.25689828395843506,0.3239034414291382
2026,C2,1457,0.17828431725502014,0.22668415307998657
2026,C2,1458,0.24101847410202026,0.3066197335720062
2026,C2,1459,0.2086935192346573,0.2870807349681854
2026,C2,1460,0.2429819107055664,0.31230586767196655
2026,C2,1461,0.22141152620315552,0.2919328808784485
2026,C2,1462,0.30585068464279175,0.3937583565711975
2026,C2,1463,0.20355549454689026,0.28963950276374817
2026,C2,1464,0.2835058569908142,0.3423592150211334
2026,C2,1465,0.24748530983924866,0.31758439540863037
2026,C2,1466,0.17877806723117828,0.24751773476600647
2026,C2,1467,0.2713329493999481,0.3485862612724304
2026,C2,1468,0.23659473657608032,0.3056643605232239
2026,C2,1469,0.21265068650245667,0.2979758679866791
2026,C2,1470,0.25723761320114136,0.32481834292411804
2026,C2,1471,0.2144010066986084,0.3025953471660614
2026,C2,1472,0.25480639934539795,0.333632230758667
2026,C2,1473,0.2224525809288025,0.2907935380935669
2026,C2,1474,0.22912904620170593,0.3182537257671356
2026,C2,1475,0.23102444410324097,0.3233141303062439
2026,C2,1476,0.2527386546134949,0.3457907438278198
2026,C2,1477,0.2550326883792877,0.3400996923446655
2026,C2,1478,0.2374793291091919,0.2928577959537506
2026,C2,1479,0.2692568898200989,0.3356320858001709
2026,C2,1480,0.18782398104667664,0.24706865847110748
2026,C2,1481,0.20171526074409485,0.26708701252937317
2026,C2,1482,0.24517858028411865,0.33352410793304443
2026,C2,1483,0.27684831619262695,0.36432164907455444
2026,C2,1484,0.2298745959997177,0.3129466772079468
2026,C2,1485,0.20968922972679138,0.2846725583076477
2026,C2,1486,0.2184441089630127,0.29174384474754333
2026,C2,1487,0.2889832854270935,0.3552478551864624
2026,C2,1488,0.21661564707756042,0.28635573387145996
2026,C2,1489,0.25310230255126953,0.32648494839668274
2026,C2,1490,0.2509535849094391,0.3221583664417267
2026,C2,1491,0.25474196672439575,0.33498308062553406
2026,C2,1492,0.22253139317035675,0.32469671964645386
2026,C2,1493,0.22540774941444397,0.2996005117893219
2026,C2,1494,0.16459865868091583,0.21941082179546356
2026,C2,1495,0.1882348358631134,0.2508218288421631
2026,C2,1496,0.29316434264183044,0.38188862800598145
2026,C2,1497,0.25386756658554077,0.3460986316204071
2026,C2,1498,0.23268800973892212,0.317579060792923
2026,C2,1499,0.22399187088012695,0.3060442805290222
2026,C2,1500,0.2811157703399658,0.3571876585483551
2026,C2,1501,0.19703428447246552,0.2754402160644531
2026,C2,1502,0.29568782448768616,0.3960203230381012
2026,C2,1503,0.22624245285987854,0.3063267767429352
2026,C2,1504,0.2936449348926544,0.3663848638534546
2026,C2,1505,0.2349519580602646,0.31086796522140503
2026,C2,1506,0.20526452362537384,0.2867826223373413
2026,C2,1507,0.22557035088539124,0.2871624231338501
2026,C2,1508,0.23392783105373383,0.3078675866127014
2026,C2,1509,0.23412741720676422,0.3026662766933441
2026,C2,1510,0.20437151193618774,0.2698647379875183
2026,C2,1511,0.16985733807086945,0.22759783267974854
2026,C2,1512,0.20678171515464783,0.2892763018608093
2026,C2,1513,0.3009681701660156,0.37600991129875183
2026,C2,1514,0.28734952211380005,0.34440916776657104
2026,C2,1515,0.2343355417251587,0.3349098861217499
2026,C2,1516,0.28872495889663696,0.38117673993110657
2026,C2,1517,0.25238198041915894,0.3338898718357086
2026,C2,1518,0.25864556431770325,0.356538861989975
2026,C2,1519,0.23960351943969727,0.32366493344306946
2026,C2,1520,0.23181812465190887,0.31217458844184875
2026,C2,1521,0.20302891731262207,0.29779019951820374
2026,C2,1522,0.2650964558124542,0.3365011215209961
2026,C2,1523,0.28238481283187866,0.3753798305988312
2026,C2,1524,0.24562525749206543,0.3283640742301941
2026,C2,1525,0.27216261625289917,0.35650601983070374
2026,C2,1526,0.2809731364250183,0.362425833940506
2026,C2,1527,0.21130819618701935,0.3035433888435364
2026,C2,1528,0.2691713571548462,0.34005382657051086
2026,C2,1529,0.2674591839313507,0.3354480266571045
2026,C2,1530,0.23238079249858856,0.3121209740638733
2026,C2,1531,0.24961675703525543,0.3400195837020874
2026,C2,1532,0.2809731960296631,0.3672947585582733
2026,C2,1533,0.1906636357307434,0.263001948595047
2026,C2,1534,0.22368673980236053,0.3053068518638611
2026,C2,1535,0.18542632460594177,0.25678741931915283
2026,C2,1536,0.21640032529830933,0.28793221712112427
2026,C2,1537,0.2017979919910431,0.27641820907592773
2026,C2,1538,0.22674018144607544,0.2940226197242737
2026,C2,1539,0.26115450263023376,0.3360470235347748
2026,C2,1540,0.2177400290966034,0.2932453155517578
2026,C2,1541,0.30857765674591064,0.40308594703674316
2026,C2,1542,0.23236073553562164,0.3085305392742157
2026,C2,1543,0.20930474996566772,0.2698259949684143
2026,C2,1544,0.3324587643146515,0.4131545424461365
2026,C2,1545,0.2779940366744995,0.3573979437351227
2026,C2,1546,0.26929426193237305,0.34877920150756836
2026,C2,1547,0.29119330644607544,0.3716025948524475
2026,C2,1548,0.2835734486579895,0.3667367696762085
2026,C2,1549,0.2424972951412201,0.3294677734375
2026,C2,1550,0.2892738878726959,0.3630732297897339
2026,C2,1551,0.19747164845466614,0.25369155406951904
2026,C2,1552,0.25700074434280396,0.3265923261642456
2026,C2,1553,0.2916319668292999,0.3786582946777344
2026,C2,1554,0.2691327929496765,0.3413994312286377
2026,C2,1555,0.19688713550567627,0.25770822167396545
2026,C2,1556,0.21803027391433716,0.28338122367858887
2026,C2,1557,0.2268334925174713,0.2964355945587158
2026,C2,1558,0.19100485742092133,0.26111072301864624
2026,C2,1559,0.26594078540802,0.3442479968070984
2026,C2,1560,0.22266094386577606,0.2788017988204956
2026,C2,1561,0.2342010736465454,0.2996305525302887
2026,C2,1562,0.2171659767627716,0.30185502767562866
2026,C2,1563,0.23106998205184937,0.3227804899215698
2026,C2,1564,0.25132250785827637,0.3217904567718506
2026,C2,1565,0.3061620891094208,0.3842412829399109
2026,C2,1566,0.29215556383132935,0.365087628364563
2026,C2,1567,0.23209193348884583,0.2976605296134949
2026,C2,1568,0.21635928750038147,0.28929197788238525
2026,C2,1569,0.20010682940483093,0.2875995635986328
2026,C2,1570,0.2134389579296112,0.2789751887321472
2026,C2,1571,0.22507625818252563,0.32225024700164795
2026,C2,1572,0.2807723879814148,0.3447608947753906
2026,C2,1573,0.22317253053188324,0.3037058413028717
2026,C2,1574,0.2680693566799164,0.34101006388664246
2026,C2,1575,0.21963727474212646,0.31301021575927734
2026,C2,1576,0.24902549386024475,0.3362565040588379
2026,C2,1577,0.1989586055278778,0.27398407459259033
2026,C2,1578,0.18695545196533203,0.2542233467102051
2026,C2,1579,0.21913430094718933,0.27920636534690857
2026,C2,1580,0.22035017609596252,0.29028287529945374
2026,C2,1581,0.2423134744167328,0.31306296586990356
2026,C2,1582,0.2939181923866272,0.38396263122558594
2026,C2,1583,0.17445549368858337,0.23869282007217407
2026,C2,1584,0.2521524429321289,0.33152276277542114
2026,C2,1585,0.26260894536972046,0.3408508896827698
2026,C2,1586,0.19317829608917236,0.27261772751808167
2026,C2,1587,0.26134902238845825,0.33995702862739563
2026,C2,1588,0.2146601378917694,0.3007882833480835
2026,C2,1589,0.18630655109882355,0.2447664737701416
2026,C2,1590,0.17966118454933167,0.23781797289848328
2026,C2,1591,0.25049251317977905,0.3337225317955017
2026,C2,1592,0.3320850729942322,0.4076067805290222
2026,C2,1593,0.30476224422454834,0.38081541657447815
2026,C2,1594,0.23049740493297577,0.3009362816810608
2026,C2,1595,0.20011095702648163,0.2724776566028595
2026,C2,1596,0.24026642739772797,0.31256383657455444
2026,C2,1597,0.2155030220746994,0.28584837913513184
2026,C2,1598,0.20771461725234985,0.2909480035305023
2026,C2,1599,0.26921647787094116,0.3346764147281647
2026,C2,1600,0.18496137857437134,0.2937949001789093
2026,C2,1601,0.18393725156784058,0.2327364683151245
2026,C2,1602,0.2734055519104004,0.3505123257637024
2026,C2,1603,0.23195943236351013,0.31152066588401794
2026,C2,1604,0.24762114882469177,0.34132257103919983
2026,C2,1605,0.23437054455280304,0.31533902883529663
2026,C2,1606,0.3208457827568054,0.40367043018341064
2026,C2,1607,0.23618946969509125,0.317543089389801
2026,C2,1608,0.22875723242759705,0.28915509581565857
2026,C2,1609,0.19929635524749756,0.2802871763706207
2026,C2,1610,0.27029719948768616,0.3547251224517822
2026,C2,1611,0.2788572609424591,0.35857677459716797
2026,C2,1612,0.2541392743587494,0.33137086033821106
2026,C2,1613,0.1962338089942932,0.2643163800239563
2026,C2,1614,0.2773507237434387,0.39073291420936584
2026,C2,1615,0.3049653172492981,0.38246098160743713
2026,C2,1616,0.2305750846862793,0.32651764154434204
2026,C2,1617,0.17772376537322998,0.23992428183555603
2026,C2,1618,0.22550003230571747,0.2930871248245239
2026,C2,1619,0.22903743386268616,0.31540337204933167
2026,C2,1620,0.24807602167129517,0.32276374101638794
2026,C2,1621,0.23872630298137665,0.31717318296432495
2026,C2,1622,0.2246474027633667,0.3111451268196106
2026,C2,1623,0.2242465764284134,0.29663658142089844
2026,C2,1624,0.19894713163375854,0.26538628339767456
2026,C2,1625,0.2600753903388977,0.34748268127441406
2026,C2,1626,0.22188815474510193,0.3064674139022827
2026,C2,1627,0.21005016565322876,0.27610087394714355
2026,C2,1628,0.23727819323539734,0.3210080862045288
2026,C2,1629,0.2602352499961853,0.3581603765487671
2026,C2,1630,0.2075589895248413,0.29382726550102234
2026,C2,1631,0.2122359424829483,0.26781967282295227
2026,C2,1632,0.23334208130836487,0.3180594742298126
2026,C2,1633,0.253572940826416,0.3273526132106781
2026,C2,1634,0.30646613240242004,0.38021042943000793
2026,C2,1635,0.19932124018669128,0.2618775963783264
2026,C2,1636,0.21622249484062195,0.29980722069740295
2026,C2,1637,0.2286013513803482,0.3050934076309204
2026,C2,1638,0.19054001569747925,0.2669191062450409
2026,C2,1639,0.21600724756717682,0.32376301288604736
2026,C2,1640,0.25511711835861206,0.32027897238731384
2026,C2,1641,0.2374892234802246,0.3032425045967102
2026,C2,1642,0.22366973757743835,0.29828888177871704
2026,C2,1643,0.23947224020957947,0.340151846408844
2026,C2,1644,0.33020681142807007,0.4112096428871155
2026,C2,1645,0.23904401063919067,0.32196152210235596
2026,C2,1646,0.2604069709777832,0.35126468539237976
2026,C2,1647,0.2180037647485733,0.30469799041748047
2026,C2,1648,0.2686711847782135,0.33881285786628723
2026,C2,1649,0.21210241317749023,0.28161540627479553
2026,C2,1650,0.23180793225765228,0.304724782705307
2026,C2,1651,0.20076008141040802,0.27210918068885803
2026,C2,1652,0.26928436756134033,0.35855793952941895
2026,C2,1653,0.19835780560970306,0.2604445219039917
2026,C2,1654,0.2120526283979416,0.28280583024024963
2026,C2,1655,0.27854809165000916,0.35518643260002136
2026,C2,1656,0.23704484105110168,0.3206377625465393
2026,C2,1657,0.2139015644788742,0.27575889229774475
2026,C2,1658,0.26199808716773987,0.33449819684028625
2026,C2,1659,0.1792837679386139,0.2513240575790405
2026,C2,1660,0.21892032027244568,0.2909202575683594
2026,C2,1661,0.2525542378425598,0.31600475311279297
2026,C2,1662,0.2617141008377075,0.3312123715877533
2026,C2,1663,0.2691829800605774,0.35362207889556885
2026,C2,1664,0.2680625915527344,0.3473759889602661
2026,C2,1665,0.2004905492067337,0.2810378670692444
2026,C2,1666,0.21104317903518677,0.28783461451530457
2026,C2,1667,0.28702759742736816,0.35700204968452454
2026,C2,1668,0.18460367619991302,0.24958154559135437
2026,C2,1669,0.2883095443248749,0.3688919246196747
2026,C2,1670,0.21153044700622559,0.28034427762031555
2026,C2,1671,0.271197110414505,0.36292150616645813
2026,C2,1672,0.2203332781791687,0.2840372920036316
2026,C2,1673,0.18203431367874146,0.2359367311000824
2026,C2,1674,0.26218318939208984,0.34887588024139404
2026,C2,1675,0.27145835757255554,0.35169413685798645
2026,C2,1676,0.23385563492774963,0.30331888794898987
2026,C2,1677,0.2384006381034851,0.3083704113960266
2026,C2,1678,0.16449426114559174,0.22147095203399658
2026,C2,1679,0.23439908027648926,0.30010557174682617
2026,C2,1680,0.22359615564346313,0.2857343554496765
2026,C2,1681,0.15547466278076172,0.21725931763648987
2026,C2,1682,0.26466459035873413,0.34496620297431946
2026,C2,1683,0.2245137095451355,0.3168649971485138
2026,C2,1684,0.18182939291000366,0.25765547156333923
2026,C2,1685,0.2113075703382492,0.294238418340683
2026,C2,1686,0.2286728322505951,0.30922985076904297
2026,C2,1687,0.2526314854621887,0.3406638205051422
2026,C2,1688,0.16039028763771057,0.23001299798488617
2026,C2,1689,0.2618928551673889,0.3358250856399536
2026,C2,1690,0.21818965673446655,0.2940515875816345
2026,C2,1691,0.2763015627861023,0.35892215371131897
2026,C2,1692,0.22519150376319885,0.28689658641815186
2026,C2,1693,0.262439101934433,0.32796311378479004
2026,C2,1694,0.26810237765312195,0.3670824468135834
2026,C2,1695,0.27726441621780396,0.3623161017894745
2026,C2,1696,0.1564158797264099,0.21996283531188965
2026,C2,1697,0.17743967473506927,0.23694482445716858
2026,C2,1698,0.2451312392950058,0.3354676067829132
2026,C2,1699,0.21123965084552765,0.2813330888748169
2026,C2,1700,0.2015131711959839,0.28467702865600586
2026,C2,1701,0.19428008794784546,0.2593111991882324
2026,C2,1702,0.27252185344696045,0.3615642786026001
2026,C2,1703,0.2705872654914856,0.32968705892562866
2026,C2,1704,0.199693500995636,0.24825340509414673
2026,C2,1705,0.1602517068386078,0.21489515900611877
2026,C2,1706,0.24635642766952515,0.3171162009239197
2026,C2,1707,0.25965118408203125,0.3456261456012726
2026,C2,1708,0.15091323852539062,0.20749004185199738
2026,C2,1709,0.2514272928237915,0.3386278748512268
2026,C2,1710,0.17851069569587708,0.2722777724266052
2026,C2,1711,0.1913907825946808,0.2781692147254944
2026,C2,1712,0.22562392055988312,0.3106016516685486
2026,C2,1713,0.19895696640014648,0.28731074929237366
2026,C2,1714,0.23422673344612122,0.30655038356781006
2026,C2,1715,0.18851909041404724,0.2807581424713135
2026,C2,1716,0.19719506800174713,0.26927804946899414
2026,C2,1717,0.2568354606628418,0.3134705424308777
2026,C2,1718,0.18192142248153687,0.2723536789417267
2026,C2,1719,0.22759251296520233,0.31007203459739685
2026,C2,1720,0.2119886428117752,0.29330208897590637
2026,C2,1721,0.2446945607662201,0.30691465735435486
2026,C2,1722,0.24519169330596924,0.3346678614616394
2026,C2,1723,0.24713334441184998,0.3334818184375763
2026,C2,1724,0.25386106967926025,0.3417441248893738
2026,C2,1725,0.25263383984565735,0.33294641971588135
2026,C2,1726,0.17393536865711212,0.2327941209077835
2026,C2,1727,0.2349710464477539,0.3047725558280945
2026,C2,1728,0.24572697281837463,0.32306307554244995
2026,C2,1729,0.23418205976486206,0.30907928943634033
2026,C2,1730,0.2565629482269287,0.33235228061676025
2026,C2,1731,0.1676851361989975,0.2219785749912262
2026,C2,1732,0.24493178725242615,0.3276820778846741
2026,C2,1733,0.22381240129470825,0.3039867877960205
2026,C2,1734,0.22642312943935394,0.30248355865478516
2026,C2,1735,0.22971230745315552,0.30847248435020447
2026,C2,1736,0.26005423069000244,0.3313422203063965
2026,C2,1737,0.27785277366638184,0.35943445563316345
2026,C2,1738,0.22250664234161377,0.3038793206214905
2026,C2,1739,0.24504131078720093,0.3267498314380646
2026,C2,1740,0.23522549867630005,0.29979926347732544
2026,C2,1741,0.21690034866333008,0.30346354842185974
2026,C2,1742,0.21728770434856415,0.29365646839141846
2026,C2,1743,0.26168081164360046,0.3352091610431671
2026,C2,1744,0.24675358831882477,0.30873358249664307
2026,C2,1745,0.23221278190612793,0.3037140965461731
2026,C2,1746,0.2451983541250229,0.310473769903183
2026,C2,1747,0.28256213665008545,0.3771771490573883
2026,C2,1748,0.21047091484069824,0.28155243396759033
2026,C2,1749,0.24880926311016083,0.3347807228565216
2026,C2,1750,0.26409173011779785,0.3300609886646271
2026,C2,1751,0.21880260109901428,0.3041627109050751
2026,C2,1752,0.29770076274871826,0.3738875687122345
2026,C2,1753,0.23811714351177216,0.32033857703208923
2026,C2,1754,0.2581295967102051,0.3424285054206848
2026,C2,1755,0.2195853590965271,0.29071372747421265
2026,C2,1756,0.26062554121017456,0.33098819851875305
2026,C2,1757,0.19055399298667908,0.2601827383041382
2026,C2,1758,0.2205810844898224,0.2972705662250519
2026,C2,1759,0.2790307104587555,0.3388681709766388
2026,C2,1760,0.2582615911960602,0.32426971197128296
2026,C2,1761,0.2500307559967041,0.3244657516479492
2026,C2,1762,0.2882968783378601,0.3876398205757141
2026,C2,1763,0.18170467019081116,0.24654439091682434
2026,C2,1764,0.29196470975875854,0.38774344325065613
2026,C2,1765,0.20878073573112488,0.2911085784435272
2026,C2,1766,0.24703343212604523,0.3155314028263092
2026,C2,1767,0.3051963746547699,0.38627296686172485
2026,C2,1768,0.17256540060043335,0.23714955151081085
2026,C2,1769,0.1985263228416443,0.28213927149772644
2026,C2,1770,0.1892882138490677,0.25145024061203003
2026,C2,1771,0.2210916131734848,0.28055480122566223
2026,C2,1772,0.20996692776679993,0.2845510244369507
2026,C2,1773,0.2523323893547058,0.329905241727829
2026,C2,1774,0.2186793088912964,0.30232715606689453
2026,C2,1775,0.20572514832019806,0.28268593549728394
2026,C2,1776,0.2362048625946045,0.30708807706832886
2026,C2,1777,0.26343077421188354,0.33820703625679016
2026,C2,1778,0.23278090357780457,0.3224983513355255
2026,C2,1779,0.20556004345417023,0.28064659237861633
2026,C2,1780,0.29005926847457886,0.36975476145744324
2026,C2,1781,0.23116903007030487,0.2988945543766022
2026,C2,1782,0.26186805963516235,0.33671846985816956
2026,C2,1783,0.2381734549999237,0.3023364543914795
2026,C2,1784,0.23343120515346527,0.31022337079048157
2026,C2,1785,0.2338220477104187,0.3061436414718628
2026,C2,1786,0.19384674727916718,0.27420929074287415
2026,C2,1787,0.28901204466819763,0.35110989212989807
2026,C2,1788,0.1987237185239792,0.26337864995002747
2026,C2,1789,0.21575866639614105,0.286311537027359
2026,C2,1790,0.15472012758255005,0.23322352766990662
2026,C2,1791,0.21576520800590515,0.28390824794769287
2026,C2,1792,0.21458299458026886,0.2698926627635956
2026,C2,1793,0.2249898612499237,0.2909417748451233
2026,C2,1794,0.22025011479854584,0.3010313808917999
2026,C2,1795,0.23683351278305054,0.309766560792923
2026,C2,1796,0.24772970378398895,0.31849825382232666
2026,C2,1797,0.22631144523620605,0.29919418692588806
2026,C2,1798,0.17483443021774292,0.26265478134155273
2026,C2,1799,0.20754283666610718,0.285121351480484
2026,C2,1800,0.26500964164733887,0.35332298278808594
2026,C2,1801,0.2308342456817627,0.31031715869903564
2026,C2,1802,0.23119676113128662,0.308158814907074
2026,C2,1803,0.21340297162532806,0.29287391901016235
2026,C2,1804,0.22144711017608643,0.31164219975471497
2026,C2,1805,0.17412069439888,0.24515900015830994
2026,C2,1806,0.1753401756286621,0.24794715642929077
2026,C2,1807,0.24607332050800323,0.32742124795913696
2026,C2,1808,0.2444974035024643,0.30779993534088135
2026,C2,1809,0.1543533205986023,0.2040289044380188
2026,C2,1810,0.18675634264945984,0.27261942625045776
2026,C2,1811,0.22233377397060394,0.3121997117996216
2026,C2,1812,0.22525931894779205,0.30563193559646606
2026,C2,1813,0.3233948051929474,0.39413216710090637
2026,C2,1814,0.20256957411766052,0.2927427887916565
2026,C2,1815,0.22034649550914764,0.3031611740589142
2026,C2,1816,0.20230840146541595,0.28991109132766724
2026,C2,1817,0.22386455535888672,0.3021226227283478
2026,C2,1818,0.2536744177341461,0.34135228395462036
2026,C2,1819,0.265971839427948,0.3496045470237732
2026,C2,1820,0.23819218575954437,0.3215177357196808
2026,C2,1821,0.21396532654762268,0.2715454697608948
2026,C2,1822,0.24148157238960266,0.3236962556838989
2026,C2,1823,0.2615768015384674,0.3221123218536377
2026,C2,1824,0.208991140127182,0.2815909683704376
2026,C2,1825,0.21219688653945923,0.28513386845588684
2026,C2,1826,0.2317567616701126,0.3050260841846466
2026,C2,1827,0.29226964712142944,0.36303502321243286
2026,C2,1828,0.23217619955539703,0.30009961128234863
2026,C2,1829,0.23002509772777557,0.2991664409637451
2026,C2,1830,0.27063125371932983,0.3421395719051361
2026,C2,1831,0.29125261306762695,0.3745744824409485
2026,C2,1832,0.23350805044174194,0.29887837171554565
2026,C2,1833,0.27076834440231323,0.33868923783302307
2026,C2,1834,0.20696663856506348,0.281242311000824
2026,C2,1835,0.22434242069721222,0.2881060838699341
2026,C2,1836,0.250689297914505,0.32715141773223877
2026,C2,1837,0.23350724577903748,0.30897513031959534
2026,C2,1838,0.32379573583602905,0.38969749212265015
2026,C2,1839,0.24062107503414154,0.30470171570777893
2026,C2,1840,0.20995818078517914,0.27959051728248596
2026,C2,1841,0.2402803897857666,0.3143920600414276
2026,C2,1842,0.18037603795528412,0.26540952920913696
2026,C2,1843,0.22293607890605927,0.3024166226387024
2026,C2,1844,0.1932661533355713,0.2779659032821655
2026,C2,1845,0.2309340536594391,0.29695841670036316
2026,C2,1846,0.21227030456066132,0.30261465907096863
2026,C2,1847,0.1957622766494751,0.26897531747817993
2026,C2,1848,0.21003015339374542,0.2731402516365051
2026,C2,1849,0.25530141592025757,0.3365207314491272
2026,C2,1850,0.21839550137519836,0.2944222092628479
2026,C2,1851,0.22200576961040497,0.31331443786621094
2026,C2,1852,0.22010092437267303,0.2793305218219757
2026,C2,1853,0.19799712300300598,0.26578783988952637
2026,C2,1854,0.28475403785705566,0.37425193190574646
2026,C2,1855,0.315083384513855,0.390961229801178
2026,C2,1856,0.28398966789245605,0.34964439272880554
2026,C2,1857,0.23688465356826782,0.3175252079963684
2026,C2,1858,0.17784947156906128,0.254536896944046
2026,C2,1859,0.24167408049106598,0.3290310800075531
2026,C2,1860,0.26407739520072937,0.3436678349971771
2026,C2,1861,0.22886648774147034,0.3181622326374054
2026,C2,1862,0.22773514688014984,0.30553126335144043
2026,C2,1863,0.24365952610969543,0.3245939016342163
2026,C2,1864,0.19439321756362915,0.27646511793136597
2026,C2,1865,0.2850213348865509,0.3465996980667114
2026,C2,1866,0.2549726963043213,0.3304733633995056
2026,C2,1867,0.25027167797088623,0.31806179881095886
2026,C2,1868,0.18493720889091492,0.260264128446579
2026,C2,1869,0.1759529411792755,0.2383139580488205
2026,C2,1870,0.23676124215126038,0.2946752905845642
2026,C2,1871,0.20661628246307373,0.2911023795604706
2026,C2,1872,0.2142014056444168,0.2902592718601227
2026,C2,1873,0.2195853292942047,0.3012128472328186
2026,C2,1874,0.22548118233680725,0.3011512756347656
2026,C2,1875,0.2655308246612549,0.3450824022293091
2026,C2,1876,0.22471727430820465,0.31673043966293335
2026,C2,1877,0.21321892738342285,0.29077252745628357
2026,C2,1878,0.24057909846305847,0.30583441257476807
2026,C2,1879,0.2149128019809723,0.30180680751800537
2026,C2,1880,0.2696261405944824,0.35849806666374207
2026,C2,1881,0.273128867149353,0.3449081480503082
2026,C2,1882,0.2854071855545044,0.3564161956310272
2026,C2,1883,0.25139278173446655,0.3331350088119507
2026,C2,1884,0.1785002052783966,0.2368585467338562
2026,C2,1885,0.206680029630661,0.2707180976867676
2026,C2,1886,0.2712002396583557,0.35548922419548035
2026,C2,1887,0.20468252897262573,0.2604946494102478
2026,C2,1888,0.22491638362407684,0.29785090684890747
2026,C2,1889,0.16493605077266693,0.23255835473537445
2026,C2,1890,0.23754391074180603,0.3235757350921631
2026,C2,1891,0.24629348516464233,0.32069623470306396
2026,C2,1892,0.2565041780471802,0.30730271339416504
2026,C2,1893,0.2557944059371948,0.3484516739845276
2026,C2,1894,0.2081800401210785,0.26523277163505554
2026,C2,1895,0.26158609986305237,0.34181055426597595
2026,C2,1896,0.264910489320755,0.3182508945465088
2026,C2,1897,0.22995173931121826,0.3007275462150574
2026,C2,1898,0.22176268696784973,0.3219258785247803
2026,C2,1899,0.20773188769817352,0.2675839364528656
2026,C2,1900,0.29374784231185913,0.3641663193702698
2026,C2,1901,0.22278191149234772,0.2875616252422333
2026,C2,1902,0.2082885205745697,0.2771751284599304
2026,C2,1903,0.2096295803785324,0.2843155562877655
2026,C2,1904,0.2442416101694107,0.3339860737323761
2026,C2,1905,0.25050806999206543,0.34351661801338196
2026,C2,1906,0.2722164988517761,0.34254512190818787
2026,C2,1907,0.22726882994174957,0.31114235520362854
2026,C2,1908,0.26384231448173523,0.338506281375885
2026,C2,1909,0.26140493154525757,0.34670257568359375
2026,C2,1910,0.2707364559173584,0.3370397388935089
2026,C2,1911,0.2323976755142212,0.29659366607666016
2026,C2,1912,0.2390221208333969,0.32270386815071106
2026,C2,1913,0.22956226766109467,0.2991570234298706
2026,C2,1914,0.2038915753364563,0.2947695851325989
2026,C2,1915,0.24118587374687195,0.3080710172653198
2026,C2,1916,0.20481935143470764,0.30392587184906006
2026,C2,1917,0.20616360008716583,0.2784685492515564
2026,C2,1918,0.22971679270267487,0.3135385513305664
2026,C2,1919,0.27187711000442505,0.3699222207069397
2026,C2,1920,0.25693362951278687,0.3398391008377075
2026,C2,1921,0.25589868426322937,0.3244166076183319
2026,C2,1922,0.29344233870506287,0.3732417821884155
2026,C2,1923,0.23057043552398682,0.30171000957489014
2026,C2,1924,0.23614490032196045,0.30448615550994873
2026,C2,1925,0.2193664312362671,0.285094290971756
2026,C2,1926,0.25333595275878906,0.3434406816959381
2026,C2,1927,0.16474005579948425,0.22261062264442444
2026,C2,1928,0.19622331857681274,0.26466867327690125
2026,C2,1929,0.1809670627117157,0.26486918330192566
2026,C2,1930,0.19993551075458527,0.2537131905555725
2026,C2,1931,0.246281236410141,0.31889989972114563
2026,C2,1932,0.16155818104743958,0.22088339924812317
2026,C2,1933,0.24699735641479492,0.3317256569862366
2026,C2,1934,0.2658442556858063,0.3321523070335388
2026,C2,1935,0.2378980964422226,0.3081745505332947
2026,C2,1936,0.24468253552913666,0.3418939411640167
2026,C2,1937,0.1735021322965622,0.23795223236083984
2026,C2,1938,0.2060280293226242,0.2845472991466522
2026,C2,1939,0.23662221431732178,0.31866711378097534
2026,C2,1940,0.2604238986968994,0.34836357831954956
2026,C2,1941,0.21952645480632782,0.31527069211006165
2026,C2,1942,0.23523367941379547,0.316904753446579
2026,C2,1943,0.2635802626609802,0.347143292427063
2026,C2,1944,0.21144253015518188,0.29405656456947327
2026,C2,1945,0.18611839413642883,0.27240726351737976
2026,C2,1946,0.22912801802158356,0.30827534198760986
2026,C2,1947,0.2599301040172577,0.3475189805030823
2026,C2,1948,0.2646617889404297,0.33162376284599304
2026,C2,1949,0.20462067425251007,0.2807696461677551
2026,C2,1950,0.2002229392528534,0.28076857328414917
2026,C2,1951,0.25196680426597595,0.31859907507896423
2026,C2,1952,0.2556799650192261,0.3311833441257477
2026,C2,1953,0.2537691295146942,0.3438599407672882
2026,C2,1954,0.2581961452960968,0.3321016728878021
2026,C2,1955,0.24294525384902954,0.3120805025100708
2026,C2,1956,0.24078112840652466,0.3105754852294922
2026,C2,1957,0.23851734399795532,0.3285594582557678
2026,C2,1958,0.29215025901794434,0.369720995426178
2026,C2,1959,0.24103198945522308,0.30380138754844666
2026,C2,1960,0.18884073197841644,0.2656882703304291
2026,C2,1961,0.22179463505744934,0.30993643403053284
2026,C2,1962,0.22584480047225952,0.3024642765522003
2026,C2,1963,0.21254795789718628,0.2854035496711731
2026,C2,1964,0.22363241016864777,0.320858895778656
2026,C2,1965,0.19554147124290466,0.28210777044296265
2026,C2,1966,0.26211267709732056,0.3234611451625824
2026,C2,1967,0.2340138554573059,0.2871851623058319
2026,C2,1968,0.18205365538597107,0.27618467807769775
2026,C2,1969,0.30785733461380005,0.3803741931915283
2026,C2,1970,0.2610622048377991,0.31461644172668457
2026,C2,1971,0.2562425434589386,0.33731746673583984
2026,C2,1972,0.1858525574207306,0.2676145136356354
2026,C2,1973,0.21901196241378784,0.30727046728134155
2026,C2,1974,0.23498277366161346,0.3212412893772125
2026,C2,1975,0.19505172967910767,0.2602353096008301
2026,C2,1976,0.252678245306015,0.3403940200805664
2026,C2,1977,0.2221928834915161,0.28555792570114136
2026,C2,1978,0.271936297416687,0.35510027408599854
2026,C2,1979,0.26735973358154297,0.379568874835968
2026,C2,1980,0.32935184240341187,0.4044409990310669
2026,C2,1981,0.19791853427886963,0.28218021988868713
2026,C2,1982,0.21818670630455017,0.2808639407157898
2026,C2,1983,0.24961252510547638,0.3306560218334198
2026,C2,1984,0.23183190822601318,0.29427048563957214
2026,C2,1985,0.19591668248176575,0.25169500708580017
2026,C2,1986,0.23000872135162354,0.29841527342796326
2026,C2,1987,0.22742238640785217,0.2964211702346802
2026,C2,1988,0.20293337106704712,0.2607496678829193
2026,C2,1989,0.26293760538101196,0.3324383795261383
2026,C2,1990,0.2168308049440384,0.28449127078056335
2026,C2,1991,0.20043358206748962,0.26586952805519104
2026,C2,1992,0.1478554755449295,0.22338107228279114
2026,C2,1993,0.23656192421913147,0.31679099798202515
2026,C2,1994,0.2906801700592041,0.39034199714660645
2026,C2,1995,0.2531557083129883,0.3229222893714905
2026,C2,1996,0.2166462242603302,0.2946412265300751
2026,C2,1997,0.20241326093673706,0.27893340587615967
2026,C2,1998,0.2314477562904358,0.2904548645019531
2026,C2,1999,0.19690503180027008,0.26966392993927
2026,C2,2000,0.2013547122478485,0.2693578600883484
