model,source,group,left_block,right_block,left_frames,right_frames,candidate_covariance,correlation,undefined_fraction
T0,0,AU,0,1,750,750,0.0004968670842664652,0.15429453117048023,0.0
T0,0,AU,1,2,750,426,-0.000543195816681629,-0.022225005717222582,0.0
T0,0,VA,0,1,750,750,-0.0011161272834173343,-0.3195344554558035,0.0
T0,0,VA,1,2,750,426,-0.0025295265056827967,-0.5484859407247991,0.0
T0,0,expression,0,1,750,750,-0.002304481931887517,-0.2259273414797846,0.0
T0,0,expression,1,2,750,426,-0.003984218957458412,-0.36114401985716266,0.0
G0-local,0,AU,0,1,750,750,0.002853215264710919,0.36170608761705547,0.0
G0-local,0,AU,1,2,750,426,0.001736988630004473,0.06489960722216429,0.0
G0-local,0,VA,0,1,750,750,-0.0005172739181289422,-0.3697753483822919,0.0
G0-local,0,VA,1,2,750,426,-0.0004963518658269591,-0.34953319137653815,0.0
G0-local,0,expression,0,1,750,750,-0.0017248300350759171,-0.1100934705065075,0.0
G0-local,0,expression,1,2,750,426,-0.002319240554341108,-0.2747331032496526,0.0
G1-shared,0,AU,0,1,750,750,0.023334878801776746,0.8623238553214121,0.0
G1-shared,0,AU,1,2,750,426,0.033094690207858206,0.862815896917848,0.0
G1-shared,0,VA,0,1,750,750,0.017587608212919378,0.941410558229356,0.0
G1-shared,0,VA,1,2,750,426,0.021718288230574503,0.9798148488745483,0.0
G1-shared,0,expression,0,1,750,750,0.02395625583483316,0.8550733320589405,0.0
G1-shared,0,expression,1,2,750,426,0.02860398843368879,0.8324354837272226,0.0
T0,1,AU,0,1,750,417,-0.0009952163804018844,-0.07791053469549093,0.0
T0,1,VA,0,1,750,417,-0.00048590608403836723,-0.21499599108221396,0.0
T0,1,expression,0,1,750,417,-0.002486770886133592,-0.2602234460901216,0.0
G0-local,1,AU,0,1,750,417,8.515437136307322e-05,0.0010133397564884748,0.0
G0-local,1,VA,0,1,750,417,-0.00011239348347688832,-0.1249554732205485,0.0
G0-local,1,expression,0,1,750,417,-0.00178191156672181,-0.07123319099702997,0.0
G1-shared,1,AU,0,1,750,417,0.02301355299126737,0.7912089118743926,0.0
G1-shared,1,VA,0,1,750,417,0.005535323194930254,0.9146264457647816,0.0
G1-shared,1,expression,0,1,750,417,0.023301825152741346,0.9239432733300177,0.0
T0,2,AU,0,1,750,720,-0.002619707779304104,-0.24096690393909206,0.0
T0,2,VA,0,1,750,720,-0.0020274236544497114,-0.3033736046774106,0.0
T0,2,expression,0,1,750,720,-0.001721160578818978,-0.06268584205734241,0.0
G0-local,2,AU,0,1,750,720,0.0008902095781654147,0.026153073659176653,0.0
G0-local,2,VA,0,1,750,720,-0.0007694329018913445,-0.1964737669731302,0.0
G0-local,2,expression,0,1,750,720,-0.0008734689254550127,-0.01093962285725774,0.0
G1-shared,2,AU,0,1,750,720,0.02358613714282947,0.8856340152870548,0.0
G1-shared,2,VA,0,1,750,720,0.007834506241513073,0.9577108588452744,0.0
G1-shared,2,expression,0,1,750,720,0.012281257738257405,0.8683050344195189,0.0
T0,4,AU,0,1,750,303,-0.0015262405519004317,-0.1549207375497361,0.0
T0,4,VA,0,1,750,303,0.000806734567199045,0.1608123487864049,0.0
T0,4,expression,0,1,750,303,-0.0008027441941762916,-0.004922333687113839,0.0
G0-local,4,AU,0,1,750,303,0.0010841075042315488,0.10526917382943077,0.0
G0-local,4,VA,0,1,750,303,0.0001164786468970827,0.060020269610577937,0.0
G0-local,4,expression,0,1,750,303,0.0005479524846239768,0.022048323910547202,0.0
G1-shared,4,AU,0,1,750,303,0.018620552609651574,0.7281941012866076,0.0
G1-shared,4,VA,0,1,750,303,0.008006345585576643,0.872915627268427,0.0
G1-shared,4,expression,0,1,750,303,0.014641909570867273,0.8372123801788935,0.0
T0,5,AU,0,1,750,298,0.002991678344574125,0.20737742495072464,0.0
T0,5,VA,0,1,750,298,0.0017890307832132586,0.2943604134790081,0.0
T0,5,expression,0,1,750,298,0.00027054592235926196,0.06333598228107475,0.0
G0-local,5,AU,0,1,750,298,0.004211516736532881,0.10715573571934695,0.0
G0-local,5,VA,0,1,750,298,0.0007581126641595534,0.21204830993487556,0.0
G0-local,5,expression,0,1,750,298,0.00037542749363045987,0.05297601727022186,0.0
G1-shared,5,AU,0,1,750,298,0.021288248925215237,0.8818293545371858,0.0
G1-shared,5,VA,0,1,750,298,0.008046419112894011,0.9366677940204233,0.0
G1-shared,5,expression,0,1,750,298,0.014212218208429103,0.7683569839000979,0.0
T0,6,AU,0,1,750,750,0.0015302691844257523,0.059717570524799084,0.0
T0,6,AU,1,2,750,750,-0.001654578687547432,-0.009873263023755916,0.0
T0,6,AU,2,3,750,149,-0.001940265033693385,-0.008731827083894769,0.0
T0,6,VA,0,1,750,750,-0.0003026751791636171,-0.1800737210864541,0.0
T0,6,VA,1,2,750,750,-0.00016811870613015823,-0.07896598340027701,0.0
T0,6,VA,2,3,750,149,0.0004032316111581288,-0.03170147530648687,0.0
T0,6,expression,0,1,750,750,-0.0009754775624234637,-0.007724907898782607,0.0
T0,6,expression,1,2,750,750,-0.0009308993199921177,-0.07188177831659626,0.0
T0,6,expression,2,3,750,149,-7.142046792786973e-05,-0.04338093706142011,0.0
G0-local,6,AU,0,1,750,750,0.00018600169465250564,0.02856361880552618,0.0
G0-local,6,AU,1,2,750,750,-0.0005713227518413494,-0.09352489949413262,0.0
G0-local,6,AU,2,3,750,149,0.00014158766754755135,0.01069096648240738,0.0
G0-local,6,VA,0,1,750,750,0.0001345282125071358,0.019110513953264296,0.0
G0-local,6,VA,1,2,750,750,-0.00015970087236657764,-0.1001565888531962,0.0
G0-local,6,VA,2,3,750,149,0.00033485601017584126,0.013297346000641405,0.0
G0-local,6,expression,0,1,750,750,0.00022320291410106875,0.052120202334931004,0.0
G0-local,6,expression,1,2,750,750,-0.0011342904439253685,-0.20184838872251987,0.0
G0-local,6,expression,2,3,750,149,0.0014343721705083398,0.06428917363687617,0.0
G1-shared,6,AU,0,1,750,750,0.018853495979589463,0.8926623747354978,0.0
G1-shared,6,AU,1,2,750,750,0.022745825160719248,0.7761914090699623,0.0
G1-shared,6,AU,2,3,750,149,0.02896232746691584,0.6967845267576674,0.0
G1-shared,6,VA,0,1,750,750,0.006643942568091152,0.9480356020714744,0.0
G1-shared,6,VA,1,2,750,750,0.007856329860614238,0.9460264387422259,0.0
G1-shared,6,VA,2,3,750,149,0.010422232055966192,0.8464762165404339,0.0
G1-shared,6,expression,0,1,750,750,0.010123938992390948,0.896484672164506,0.0
G1-shared,6,expression,1,2,750,750,0.009770906031694934,0.8615547011480008,0.0
G1-shared,6,expression,2,3,750,149,0.01664252681204663,0.6543945926807467,0.0
T0,7,AU,0,1,750,750,2.1551957149607268e-05,0.03703106736829957,0.0
T0,7,AU,1,2,750,422,0.0014977735761780892,-0.07191531208956224,0.0
T0,7,VA,0,1,750,750,0.0008247324090828144,0.5896264978517586,0.0
T0,7,VA,1,2,750,422,-8.531656608821485e-05,-0.06428643782470891,0.0
T0,7,expression,0,1,750,750,0.003759514771501292,0.5531125041428622,0.0
T0,7,expression,1,2,750,422,0.0007621360070346473,0.10045650105631014,0.0
G0-local,7,AU,0,1,750,750,0.0009520361134230091,0.029320096688051845,0.0
G0-local,7,AU,1,2,750,422,-0.00022088863247089085,-0.09266840052928757,0.0
G0-local,7,VA,0,1,750,750,0.00023969315710167512,0.4071998085588432,0.0
G0-local,7,VA,1,2,750,422,6.683880324448437e-05,0.05486402825010114,0.0
G0-local,7,expression,0,1,750,750,0.002431440916296707,0.48772940969301787,0.0
G0-local,7,expression,1,2,750,422,0.0012966856606381352,0.18321262295434398,0.0
G1-shared,7,AU,0,1,750,750,0.025409775042702656,0.8861120224816535,0.0
G1-shared,7,AU,1,2,750,422,0.028510631545709833,0.7734746387046997,0.0
G1-shared,7,VA,0,1,750,750,0.01912107977785259,0.9775824903608676,0.0
G1-shared,7,VA,1,2,750,422,0.02300133850922074,0.9743403016996552,0.0
G1-shared,7,expression,0,1,750,750,0.018352397533063367,0.8617299405280557,0.0
G1-shared,7,expression,1,2,750,422,0.02463379237062837,0.812262458528142,0.0
T0,8,AU,0,1,750,750,0.001212326603764495,-0.05762829768110103,0.0
T0,8,AU,1,2,750,568,0.0007910364900372962,-0.11872835031107377,0.0
T0,8,VA,0,1,750,750,0.0003454800582256499,0.22385883251585395,0.0
T0,8,VA,1,2,750,568,0.0004415530330154607,0.21275279166068586,0.0
T0,8,expression,0,1,750,750,-0.0005145014746494689,-0.04389883878002169,0.0
T0,8,expression,1,2,750,568,0.002628240286234954,0.08359161748504139,0.0
G0-local,8,AU,0,1,750,750,0.0003591708730261064,-0.08303740196499758,0.0
G0-local,8,AU,1,2,750,568,0.0010031123702101486,-0.10543641440548197,0.0
G0-local,8,VA,0,1,750,750,0.00019833472877195255,0.2662690012587459,0.0
G0-local,8,VA,1,2,750,568,0.00040709687236060614,0.33090939797926056,0.0
G0-local,8,expression,0,1,750,750,-0.0006129221245634632,-0.07297914143030328,0.0
G0-local,8,expression,1,2,750,568,0.0023429298352796177,0.27955706550218384,0.0
G1-shared,8,AU,0,1,750,750,0.019312561296637283,0.7295788688956726,0.0
G1-shared,8,AU,1,2,750,568,0.023182641259617158,0.8098609565840551,0.0
G1-shared,8,VA,0,1,750,750,0.007947161177879804,0.975311942476002,0.0
G1-shared,8,VA,1,2,750,568,0.0078045614668904905,0.9680300270063327,0.0
G1-shared,8,expression,0,1,750,750,0.009055286007935053,0.8488149626296415,0.0
G1-shared,8,expression,1,2,750,568,0.01589071797984864,0.9317154690873726,0.0
T0,9,AU,0,1,750,747,0.0020013322599944793,0.1820702536766375,0.0
T0,9,VA,0,1,750,747,0.0008656943296001104,0.37766104279347257,0.0
T0,9,expression,0,1,750,747,0.0020916746396900444,0.23536097630385872,0.0
G0-local,9,AU,0,1,750,747,0.0016786252302252876,0.17885815892048285,0.0
G0-local,9,VA,0,1,750,747,0.0004184652013579796,0.369378634597201,0.0
G0-local,9,expression,0,1,750,747,0.00043016336509071965,0.17727314409483802,0.0
G1-shared,9,AU,0,1,750,747,0.013502357308694727,0.7342701121746811,0.0
G1-shared,9,VA,0,1,750,747,0.012394872144269709,0.9849893638292644,0.0
G1-shared,9,expression,0,1,750,747,0.008425870447918298,0.7805074437773784,0.0
T0,10,AU,0,1,750,750,0.0025152489925986047,0.06658188755470745,0.0
T0,10,AU,1,2,750,58,0.003338255269414179,0.1484306501950053,0.0
T0,10,VA,0,1,750,750,-0.0013630259130027306,-0.21684378480920133,0.0
T0,10,VA,1,2,750,58,0.0016862512704493818,-0.02147358323285878,0.0
T0,10,expression,0,1,750,750,0.0004525903484083936,-0.00982286094456904,0.0
T0,10,expression,1,2,750,58,0.0009140073061133953,0.15822388827368405,0.0
G0-local,10,AU,0,1,750,750,0.0015359049942846375,0.08313500622198869,0.0
G0-local,10,AU,1,2,750,58,0.0011083161554246422,0.10056740464955229,0.0
G0-local,10,VA,0,1,750,750,-0.0004838553122606557,-0.2202660783180926,0.0
G0-local,10,VA,1,2,750,58,0.0007456473048129978,-0.059304246642491565,0.0
G0-local,10,expression,0,1,750,750,0.00047800687423600564,0.18975954137793366,0.0
G0-local,10,expression,1,2,750,58,0.0007064269234373138,0.09679731565175474,0.0
G1-shared,10,AU,0,1,750,750,0.028425024888556014,0.7057297737913469,0.0
G1-shared,10,AU,1,2,750,58,0.023563185115547395,0.6383725959977113,0.0
G1-shared,10,VA,0,1,750,750,0.007573137977272849,0.9697492661620292,0.0
G1-shared,10,VA,1,2,750,58,0.01069002444058159,0.792021187877701,0.0
G1-shared,10,expression,0,1,750,750,0.019341954191792615,0.7913512598635292,0.0
G1-shared,10,expression,1,2,750,58,0.018937015469828924,0.7080832290340714,0.0
T0,11,AU,0,1,750,477,0.00044089649181644984,-0.046036063465362854,0.0
T0,11,VA,0,1,750,477,0.0012127097872480326,0.41114035303043395,0.0
T0,11,expression,0,1,750,477,0.002255394850287188,0.23638017894824143,0.0
G0-local,11,AU,0,1,750,477,0.00030999317910516066,0.12042999491043913,0.0
G0-local,11,VA,0,1,750,477,0.000498037408787505,0.36507056335386723,0.0
G0-local,11,expression,0,1,750,477,0.002372772240398018,0.42862311990157564,0.0
G1-shared,11,AU,0,1,750,477,0.010037309692003423,0.5667569468010737,0.0
G1-shared,11,VA,0,1,750,477,0.004946415046571681,0.8942809542795721,0.0
G1-shared,11,expression,0,1,750,477,0.0056038333094533665,0.813035519891033,0.0
T0,12,AU,0,1,750,750,0.0015542520523142873,0.18799615799562636,0.0
T0,12,AU,1,2,750,750,0.0020556226893777385,0.06410978102546071,0.0
T0,12,AU,2,3,750,750,0.0008198452500813057,-0.07528974258600717,0.0
T0,12,AU,3,4,750,750,0.002628319925204596,-0.04901781953954553,0.0
T0,12,AU,4,5,750,397,0.001409104184176486,0.09100153321116493,0.0
T0,12,VA,0,1,750,750,0.0001369269900503672,-0.06332559529984189,0.0
T0,12,VA,1,2,750,750,-1.2722536589006685e-05,-0.015365542350417778,0.0
T0,12,VA,2,3,750,750,0.0002855432764702311,0.1973614405599953,0.0
T0,12,VA,3,4,750,750,0.00041127720805284593,0.17869781377793176,0.0
T0,12,VA,4,5,750,397,-0.0006200732808231337,-0.1186846231446354,0.0
T0,12,expression,0,1,750,750,0.001956038037602827,0.24906563567617596,0.0
T0,12,expression,1,2,750,750,0.0009456336086804909,0.02075569378861257,0.0
T0,12,expression,2,3,750,750,-0.0008520149395256954,-0.10623545195478099,0.0
T0,12,expression,3,4,750,750,-0.0012751859627682,-0.05618728455532557,0.0
T0,12,expression,4,5,750,397,-0.00048228199436031803,-0.05990323924190068,0.0
G0-local,12,AU,0,1,750,750,0.0014348469763531878,0.22281234396867647,0.0
G0-local,12,AU,1,2,750,750,0.003388531613478837,0.1077215284418763,0.0
G0-local,12,AU,2,3,750,750,0.0002682171315729847,0.007549827079203406,0.0
G0-local,12,AU,3,4,750,750,0.004421203946876034,0.26031745301057635,0.0
G0-local,12,AU,4,5,750,397,0.0014833527951484636,0.03157929596489024,0.0
G0-local,12,VA,0,1,750,750,2.6159211811411694e-05,0.010531218054149919,0.0
G0-local,12,VA,1,2,750,750,-3.852844668965246e-05,-0.030945518898486412,0.0
G0-local,12,VA,2,3,750,750,0.00010222553235265396,0.22646474289853025,0.0
G0-local,12,VA,3,4,750,750,4.0847397045667134e-05,0.04829017340755037,0.0
G0-local,12,VA,4,5,750,397,-0.0003982266919100141,-0.12394934509224682,0.0
G0-local,12,expression,0,1,750,750,0.0005133126757752855,0.2936241297950167,0.0
G0-local,12,expression,1,2,750,750,0.00015300827566190852,0.0018083566703140513,0.0
G0-local,12,expression,2,3,750,750,-0.0010387485801765422,-0.11703435481766103,0.0
G0-local,12,expression,3,4,750,750,0.0008802314828025915,0.05505341113447805,0.0
G0-local,12,expression,4,5,750,397,0.00017693568354619716,0.0019177662071896487,0.0
G1-shared,12,AU,0,1,750,750,0.01369292343750003,0.8250318157175034,0.0
G1-shared,12,AU,1,2,750,750,0.018381687279965267,0.8613018255710095,0.0
G1-shared,12,AU,2,3,750,750,0.01712700551571445,0.8106323433944795,0.0
G1-shared,12,AU,3,4,750,750,0.018153090228479603,0.786685341817752,0.0
G1-shared,12,AU,4,5,750,397,0.017751192187874194,0.7866082800688159,0.0
G1-shared,12,VA,0,1,750,750,0.009718263705032806,0.9873661996065288,0.0
G1-shared,12,VA,1,2,750,750,0.01093594747041354,0.9808131573026311,0.0
G1-shared,12,VA,2,3,750,750,0.011512008856949328,0.9344149481908658,0.0
G1-shared,12,VA,3,4,750,750,0.011703319802127615,0.9171389486373236,0.0
G1-shared,12,VA,4,5,750,397,0.010635025059703576,0.8673361010706944,0.0
G1-shared,12,expression,0,1,750,750,0.01705287199107378,0.8832543243047577,0.0
G1-shared,12,expression,1,2,750,750,0.02540603812751955,0.8980453730304614,0.0
G1-shared,12,expression,2,3,750,750,0.023199212685775114,0.8301808177086112,0.0
G1-shared,12,expression,3,4,750,750,0.023256306695189202,0.8350802875741963,0.0
G1-shared,12,expression,4,5,750,397,0.02232519118021694,0.7961376889196139,0.0
T0,13,AU,0,1,750,750,-0.003262829838056939,-0.24064561780726051,0.0
T0,13,AU,1,2,750,750,0.00017350679144829736,-0.05183807670319406,0.0
T0,13,AU,2,3,750,750,5.971326270371046e-05,0.058319083735894305,0.0
T0,13,AU,3,4,750,750,0.0024280148120023434,-0.15774810612597737,0.0
T0,13,AU,4,5,750,750,0.00016330548817651723,-0.0681870400655742,0.0
T0,13,AU,5,6,750,276,0.001915510379989162,0.13276878617848756,0.0
T0,13,VA,0,1,750,750,-0.0007009150628630956,-0.39701434470740976,0.0
T0,13,VA,1,2,750,750,0.0009372808017892735,0.3053478129545883,0.0
T0,13,VA,2,3,750,750,-0.00019601736269968275,-0.0059664730306877856,0.0
T0,13,VA,3,4,750,750,0.00017729216428545496,0.06359950378573472,0.0
T0,13,VA,4,5,750,750,6.417014776557718e-05,0.08996051781786144,0.0
T0,13,VA,5,6,750,276,0.0008105619859335905,0.1780003573438285,0.0
T0,13,expression,0,1,750,750,0.00013202442226968104,-0.01567572010148346,0.0
T0,13,expression,1,2,750,750,-0.0012230259669966854,0.02507380974653954,0.0
T0,13,expression,2,3,750,750,0.0008336443315277985,0.12489179846421197,0.0
T0,13,expression,3,4,750,750,-0.0016197029145495283,-0.1912655386507699,0.0
T0,13,expression,4,5,750,750,0.0016681172595557536,-0.02880175932739766,0.0
T0,13,expression,5,6,750,276,0.001222464565328011,0.12870743383392425,0.0
G0-local,13,AU,0,1,750,750,-0.002154284732151915,-0.20353950248396882,0.0
G0-local,13,AU,1,2,750,750,-0.0022648371243312285,-0.10217200399978638,0.0
G0-local,13,AU,2,3,750,750,0.0011680704804067014,0.072186648170342,0.0
G0-local,13,AU,3,4,750,750,-0.002759980876504318,-0.25521401176509917,0.0
G0-local,13,AU,4,5,750,750,0.001175633270102141,0.061629299851575566,0.0
G0-local,13,AU,5,6,750,276,0.0033482314472705723,0.054708487100551755,0.0
G0-local,13,VA,0,1,750,750,-0.00028086748727345327,-0.3605073032123821,0.0
G0-local,13,VA,1,2,750,750,0.0003607511858168422,0.27417535305533725,0.0
G0-local,13,VA,2,3,750,750,-0.00025032568764324825,-0.01296399543440116,0.0
G0-local,13,VA,3,4,750,750,-7.929262485278086e-05,-0.07181732087643447,0.0
G0-local,13,VA,4,5,750,750,7.160348099509816e-05,0.08997020442863192,0.0
G0-local,13,VA,5,6,750,276,0.0007789465806678583,0.31059110578461346,0.0
G0-local,13,expression,0,1,750,750,0.0008470904779740917,-0.0689013215014809,0.0
G0-local,13,expression,1,2,750,750,-0.0002666690589788134,0.057079074627281914,0.0
G0-local,13,expression,2,3,750,750,-0.00025834206507650614,-0.0015670203438633463,0.0
G0-local,13,expression,3,4,750,750,-0.0015912939722390973,-0.07515788175249136,0.0
G0-local,13,expression,4,5,750,750,-0.0003540088694836613,-0.05700449337162921,0.0
G0-local,13,expression,5,6,750,276,0.0026735796498257667,0.09904776853805364,0.0
G1-shared,13,AU,0,1,750,750,0.01781363348560788,0.7614146658055497,0.0
G1-shared,13,AU,1,2,750,750,0.023082839086783644,0.7459962863319132,0.0
G1-shared,13,AU,2,3,750,750,0.024919211884937023,0.7820795545910879,0.0
G1-shared,13,AU,3,4,750,750,0.02886907171085125,0.7063094253596324,0.0
G1-shared,13,AU,4,5,750,750,0.029824616023067012,0.7753958184072848,0.0
G1-shared,13,AU,5,6,750,276,0.02431585335023997,0.7758831956376949,0.0
G1-shared,13,VA,0,1,750,750,0.010154516550035025,0.9597405642797301,0.0
G1-shared,13,VA,1,2,750,750,0.01045310533052488,0.9795531794482548,0.0
G1-shared,13,VA,2,3,750,750,0.010827002885508034,0.9827190701373439,0.0
G1-shared,13,VA,3,4,750,750,0.01085864113250445,0.9694877542820776,0.0
G1-shared,13,VA,4,5,750,750,0.011625897640374708,0.976653357667594,0.0
G1-shared,13,VA,5,6,750,276,0.009647019085688824,0.9229026503593301,0.0
G1-shared,13,expression,0,1,750,750,0.01762596771413231,0.8902859048109288,0.0
G1-shared,13,expression,1,2,750,750,0.019592589112842968,0.9067031872726119,0.0
G1-shared,13,expression,2,3,750,750,0.021461827041765625,0.8847120020612487,0.0
G1-shared,13,expression,3,4,750,750,0.02206853720702224,0.8446413037169929,0.0
G1-shared,13,expression,4,5,750,750,0.026623450087770235,0.9355961076421017,0.0
G1-shared,13,expression,5,6,750,276,0.024515472039143615,0.8728828339120891,0.0
T0,14,AU,0,1,750,750,0.0006708801462276654,0.02031835839045115,0.0
T0,14,AU,1,2,750,750,-0.00011229016568220026,-0.004995034422495811,0.0
T0,14,AU,2,3,750,750,-0.002290874465174693,-0.12073964022348567,0.0
T0,14,AU,3,4,750,750,0.000784742066086065,-0.084757481632268,0.0
T0,14,AU,4,5,750,660,0.0025401992443295747,0.013118130575057977,0.0
T0,14,VA,0,1,750,750,5.6336892245865554e-05,0.016765839186844128,0.0
T0,14,VA,1,2,750,750,-0.0003333091171175878,-0.22177804326534797,0.0
T0,14,VA,2,3,750,750,-0.001976088556326803,-0.45865596080715393,0.0
T0,14,VA,3,4,750,750,0.0005474434929455343,0.23763415810540828,0.0
T0,14,VA,4,5,750,660,-0.0001677076984762334,-0.16673039300144718,0.0
T0,14,expression,0,1,750,750,-0.0005664416089087267,-0.02582444388060718,0.0
T0,14,expression,1,2,750,750,-0.0014118641747027402,-0.12501403552314946,0.0
T0,14,expression,2,3,750,750,-0.002687882958130358,-0.338478804448963,0.0
T0,14,expression,3,4,750,750,0.0010024588754771692,0.22030305114322668,0.0
T0,14,expression,4,5,750,660,0.0009940448594865708,0.07038011342386603,0.0
G0-local,14,AU,0,1,750,750,0.0008245982255923155,-0.022317881861935118,0.0
G0-local,14,AU,1,2,750,750,-0.0013641826666624486,-0.15079908424168434,0.0
G0-local,14,AU,2,3,750,750,-0.0034399807564877713,-0.26342522950523417,0.0
G0-local,14,AU,3,4,750,750,-0.00016741201170047783,-0.10313233746163838,0.0
G0-local,14,AU,4,5,750,660,-9.143715106300764e-05,-0.015807471023778184,0.0
G0-local,14,VA,0,1,750,750,-6.0803147185230536e-05,-0.09167020553361162,0.0
G0-local,14,VA,1,2,750,750,-9.728183215442219e-05,-0.15751483576208192,0.0
G0-local,14,VA,2,3,750,750,-0.0007192917659351258,-0.562059230602024,0.0
G0-local,14,VA,3,4,750,750,0.0003166162618254202,0.38160242498838737,0.0
G0-local,14,VA,4,5,750,660,-9.549471911530717e-05,-0.1890793994565869,0.0
G0-local,14,expression,0,1,750,750,-0.0007963646489974796,0.10577791059171907,0.0
G0-local,14,expression,1,2,750,750,-0.0009208868804658104,-0.06893071452906209,0.0
G0-local,14,expression,2,3,750,750,-0.002486205990414302,-0.4117238248654169,0.0
G0-local,14,expression,3,4,750,750,0.0005434612362449027,0.16854032166249905,0.0
G0-local,14,expression,4,5,750,660,-0.0013256859168895164,-0.03450546305015313,0.0
G1-shared,14,AU,0,1,750,750,0.011691778990815062,0.7096810021440138,0.0
G1-shared,14,AU,1,2,750,750,0.015617870530338529,0.8085231269319223,0.0
G1-shared,14,AU,2,3,750,750,0.01399830570230883,0.8761738249688859,0.0
G1-shared,14,AU,3,4,750,750,0.01203672739457436,0.8326560404016324,0.0
G1-shared,14,AU,4,5,750,660,0.01387209970298755,0.8956516112794467,0.0
G1-shared,14,VA,0,1,750,750,0.007833598835308585,0.9546946114953547,0.0
G1-shared,14,VA,1,2,750,750,0.008580233021883887,0.9602934886532357,0.0
G1-shared,14,VA,2,3,750,750,0.007651356092984018,0.95547786404288,0.0
G1-shared,14,VA,3,4,750,750,0.006840419871017414,0.9892436711772894,0.0
G1-shared,14,VA,4,5,750,660,0.006468374073293103,0.9834062110717527,0.0
G1-shared,14,expression,0,1,750,750,0.006018451359523373,0.7941826402766491,0.0
G1-shared,14,expression,1,2,750,750,0.007988876130743318,0.8186972887767396,0.0
G1-shared,14,expression,2,3,750,750,0.006857022895525706,0.880479508405475,0.0
G1-shared,14,expression,3,4,750,750,0.004636355327403848,0.9085005466422443,0.0
G1-shared,14,expression,4,5,750,660,0.004495005818784551,0.8451237629707908,0.0
T0,15,AU,0,1,750,750,0.0019439955529599138,0.007857049161519277,0.0
T0,15,AU,1,2,750,480,-0.0002148620383686442,0.02463433098004987,0.0
T0,15,VA,0,1,750,750,-1.454254571266677e-05,-0.04588054229771719,0.0
T0,15,VA,1,2,750,480,0.000844517818388313,0.1900586144730652,0.0
T0,15,expression,0,1,750,750,-0.00022368402859089613,-0.019708638923173247,0.0
T0,15,expression,1,2,750,480,0.002954580765992722,0.01587380859365787,0.0
G0-local,15,AU,0,1,750,750,0.0006315977548917909,0.00801573659262667,0.0
G0-local,15,AU,1,2,750,480,0.0001336782899709494,0.02853580944559208,0.0
G0-local,15,VA,0,1,750,750,-2.2841029026424907e-05,-0.0665268773700987,0.0
G0-local,15,VA,1,2,750,480,-9.656887313816813e-08,-0.0122684446686584,0.0
G0-local,15,expression,0,1,750,750,-0.0012058087058387556,-0.1508876684941241,0.0
G0-local,15,expression,1,2,750,480,0.0006813265172172413,-0.030835023939201373,0.0
G1-shared,15,AU,0,1,750,750,0.018300567551627924,0.8070831714462112,0.0
G1-shared,15,AU,1,2,750,480,0.023495211302660534,0.890829840361706,0.0
G1-shared,15,VA,0,1,750,750,0.00829295878261614,0.9708357772472178,0.0
G1-shared,15,VA,1,2,750,480,0.009148880551411304,0.9551122086347725,0.0
G1-shared,15,expression,0,1,750,750,0.031779546947325155,0.8291648725214383,0.0
G1-shared,15,expression,1,2,750,480,0.03409918787898302,0.9176595400603891,0.0
T0,16,AU,0,1,750,335,0.00411919935527682,0.14847496125267645,0.0
T0,16,VA,0,1,750,335,0.0003895075122944783,0.18163442216511164,0.0
T0,16,expression,0,1,750,335,0.002256101689268887,0.22043237396416704,0.0
G0-local,16,AU,0,1,750,335,0.0008442421202854243,0.07031703681838022,0.0
G0-local,16,VA,0,1,750,335,0.00010707305515282962,0.13958568679684405,0.0
G0-local,16,expression,0,1,750,335,0.0008971702881732081,0.128823785978922,0.0
G1-shared,16,AU,0,1,750,335,0.0179916751091275,0.7922544457786617,0.0
G1-shared,16,VA,0,1,750,335,0.00907673876528959,0.9640136164596724,0.0
G1-shared,16,expression,0,1,750,335,0.015167245787868853,0.8665616057343308,0.0
T0,17,AU,0,1,750,750,-0.0006265960980490009,-0.07012039563885734,0.0
T0,17,AU,1,2,750,750,0.0035402701564050164,0.1198533900911561,0.0
T0,17,AU,2,3,750,750,0.0007720225464908065,-0.09746284380112917,0.0
T0,17,AU,3,4,750,750,-0.002032160079201648,-0.10101060552637042,0.0
T0,17,AU,4,5,750,96,0.005652214839256649,0.017567186577919097,0.0
T0,17,VA,0,1,750,750,-0.00010056999314759122,-0.05823601412578973,0.0
T0,17,VA,1,2,750,750,0.00032586783881638514,0.17830495586409434,0.0
T0,17,VA,2,3,750,750,-7.588631056341549e-05,-0.11343906247039652,0.0
T0,17,VA,3,4,750,750,-0.0008327056195252835,-0.38777725900066345,0.0
T0,17,VA,4,5,750,96,-0.001831769154841061,-0.33616598296604766,0.0
T0,17,expression,0,1,750,750,0.0009659418718651516,0.20775012983429708,0.0
T0,17,expression,1,2,750,750,0.0010137840138271226,-0.06782248234622977,0.0
T0,17,expression,2,3,750,750,2.5752901239490676e-05,0.024131472621868405,0.0
T0,17,expression,3,4,750,750,-0.001739947958440037,-0.16777125432834675,0.0
T0,17,expression,4,5,750,96,-0.0017826096179077069,0.11219969172308682,0.0
G0-local,17,AU,0,1,750,750,-0.0024222871248423153,-0.10132140889552227,0.0
G0-local,17,AU,1,2,750,750,0.0013884546260124013,0.09854425684912808,0.0
G0-local,17,AU,2,3,750,750,0.0008897176881676653,-0.06451136091608943,0.0
G0-local,17,AU,3,4,750,750,-0.0010830816632351387,-0.03502090681336166,0.0
G0-local,17,AU,4,5,750,96,0.008598451228573814,0.12326484677801154,0.0
G0-local,17,VA,0,1,750,750,-0.00019298974536571952,-0.18267045339276383,0.0
G0-local,17,VA,1,2,750,750,-6.699104353116158e-05,-0.030540157249467507,0.0
G0-local,17,VA,2,3,750,750,0.00016474932543286195,0.06664044818346973,0.0
G0-local,17,VA,3,4,750,750,-0.0005570644727624331,-0.46013945257102007,0.0
G0-local,17,VA,4,5,750,96,-0.0004138932977820937,-0.1443339787671466,0.0
G0-local,17,expression,0,1,750,750,0.00040819834976153996,0.16496265198533816,0.0
G0-local,17,expression,1,2,750,750,-0.00045342532028457493,-0.14044145613679335,0.0
G0-local,17,expression,2,3,750,750,-6.113201876277886e-05,0.05990430795218385,0.0
G0-local,17,expression,3,4,750,750,-0.0017171133223431324,-0.01626314881717214,0.0
G0-local,17,expression,4,5,750,96,-0.004993044367771477,0.02251811182028786,0.0
G1-shared,17,AU,0,1,750,750,0.01360521029686692,0.705427672971027,0.0
G1-shared,17,AU,1,2,750,750,0.017372162631722678,0.9006314715930082,0.0
G1-shared,17,AU,2,3,750,750,0.02024131164037323,0.8222901957697809,0.0
G1-shared,17,AU,3,4,750,750,0.018679445200211444,0.6821107359639511,0.0
G1-shared,17,AU,4,5,750,96,0.016634454657121996,0.69745950153734,0.0
G1-shared,17,VA,0,1,750,750,0.005275373075613486,0.9410199087268283,0.0
G1-shared,17,VA,1,2,750,750,0.005738519967346558,0.9624966794881551,0.0
G1-shared,17,VA,2,3,750,750,0.005741244173092808,0.9414370055797316,0.0
G1-shared,17,VA,3,4,750,750,0.0052040388534717215,0.9702395416513058,0.0
G1-shared,17,VA,4,5,750,96,0.0049822782529209166,0.8477194552750743,0.0
G1-shared,17,expression,0,1,750,750,0.010728628716342068,0.8608895714846203,0.0
G1-shared,17,expression,1,2,750,750,0.014481356200266493,0.871316327919201,0.0
G1-shared,17,expression,2,3,750,750,0.016972534553187913,0.9046217075769056,0.0
G1-shared,17,expression,3,4,750,750,0.010504460974277765,0.8895070855014295,0.0
G1-shared,17,expression,4,5,750,96,0.009665524778776032,0.7020156493115024,0.0
T0,18,AU,0,1,750,750,0.00012499629008685462,-0.02703401967912337,0.0
T0,18,AU,1,2,750,570,-0.00017866948605817275,0.14435764270924353,0.0
T0,18,VA,0,1,750,750,0.0009336854979783144,0.1427837014906405,0.0
T0,18,VA,1,2,750,570,-8.914250647079503e-05,-0.09162713125683154,0.0
T0,18,expression,0,1,750,750,0.003188504322096264,0.03644459864277151,0.0
T0,18,expression,1,2,750,570,-0.001956740814863493,-0.06621999305928314,0.0
G0-local,18,AU,0,1,750,750,0.00030940688266101267,0.1389061802101532,0.0
G0-local,18,AU,1,2,750,570,-0.0006938304641826412,0.0714275080244779,0.0
G0-local,18,VA,0,1,750,750,0.00017050066908870745,0.036644017105120844,0.0
G0-local,18,VA,1,2,750,570,1.3916305790620778e-06,-0.016861554640376204,0.0
G0-local,18,expression,0,1,750,750,0.001274812431137377,0.004661930167139908,0.0
G0-local,18,expression,1,2,750,570,-0.001509406958246955,-0.11672047273029998,0.0
G1-shared,18,AU,0,1,750,750,0.011227588873986732,0.7583437979671346,0.0
G1-shared,18,AU,1,2,750,570,0.014819935109269548,0.6514521291757049,0.0
G1-shared,18,VA,0,1,750,750,0.008701995942934651,0.9782890437304144,0.0
G1-shared,18,VA,1,2,750,570,0.008926052687079968,0.9805291589896089,0.0
G1-shared,18,expression,0,1,750,750,0.011012354687372772,0.8699732725071316,0.0
G1-shared,18,expression,1,2,750,570,0.014898211881041238,0.9072360053605815,0.0
T0,19,AU,0,1,750,750,-0.0006450698957616133,0.006472495412260856,0.0
T0,19,AU,1,2,750,750,-4.7675055570446524e-06,0.030186368827591684,0.0
T0,19,AU,2,3,750,85,-0.000905533913916672,-0.05119178499498099,0.0
T0,19,VA,0,1,750,750,0.0007039901944646853,0.35687449078612027,0.0
T0,19,VA,1,2,750,750,0.0016292261216612558,0.5017900298020999,0.0
T0,19,VA,2,3,750,85,-6.131471973555981e-05,-0.2205509787024436,0.0
T0,19,expression,0,1,750,750,-0.0002604643523204306,-0.021390098542762,0.0
T0,19,expression,1,2,750,750,-0.000618392977187841,0.055458484969720966,0.0
T0,19,expression,2,3,750,85,-0.0025953257880050786,-0.25854836090234823,0.0
G0-local,19,AU,0,1,750,750,-0.0005166136282964843,0.06632017211830324,0.0
G0-local,19,AU,1,2,750,750,0.0005204792598303774,0.11937904067101754,0.0
G0-local,19,AU,2,3,750,85,-0.002131642011896234,-0.11485448072278173,0.0
G0-local,19,VA,0,1,750,750,0.0005348589328940166,0.47515722538584904,0.0
G0-local,19,VA,1,2,750,750,0.0007022317819061889,0.5537653214339842,0.0
G0-local,19,VA,2,3,750,85,0.00017383498361217065,-0.13273164884184058,0.0
G0-local,19,expression,0,1,750,750,-0.0001581951265888077,-0.05086511441710382,0.0
G0-local,19,expression,1,2,750,750,0.0002486696123506805,0.1135063765065914,0.0
G0-local,19,expression,2,3,750,85,-0.0019169616747101328,-0.30555451003175454,0.0
G1-shared,19,AU,0,1,750,750,0.00712844238695031,0.7906977780111679,0.0
G1-shared,19,AU,1,2,750,750,0.013771858353940201,0.9064641904837921,0.0
G1-shared,19,AU,2,3,750,85,0.01396290034177779,0.5715081665254669,0.0
G1-shared,19,VA,0,1,750,750,0.00864848558592895,0.9808038318857482,0.0
G1-shared,19,VA,1,2,750,750,0.00864435324753071,0.9644093755704097,0.0
G1-shared,19,VA,2,3,750,85,0.009853919174485588,0.8849162623704475,0.0
G1-shared,19,expression,0,1,750,750,0.007728583965868392,0.8817292590135282,0.0
G1-shared,19,expression,1,2,750,750,0.00983477257781822,0.9506562015831845,0.0
G1-shared,19,expression,2,3,750,85,0.01295263130935837,0.7331766466141479,0.0
T0,20,AU,0,1,750,359,-0.003568819306632509,-0.10571745344958731,0.0
T0,20,VA,0,1,750,359,0.00031281259067357476,0.1652091092694173,0.0
T0,20,expression,0,1,750,359,0.0004507333801465224,0.007001410679544948,0.0
G0-local,20,AU,0,1,750,359,-0.002121852840645044,-0.15995117344916954,0.0
G0-local,20,VA,0,1,750,359,0.00010125349674436248,0.09122247654879329,0.0
G0-local,20,expression,0,1,750,359,0.0006060805865821622,-0.13236499959704345,0.0
G1-shared,20,AU,0,1,750,359,0.009934195272650137,0.7621659038406491,0.0
G1-shared,20,VA,0,1,750,359,0.007634573120310051,0.9687950018760133,0.0
G1-shared,20,expression,0,1,750,359,0.00808671128999918,0.776265263490372,0.0
T0,21,AU,0,1,750,270,0.005455203843881449,0.13859265944485205,0.0
T0,21,VA,0,1,750,270,0.0023990015298255805,0.44683599153936504,0.0
T0,21,expression,0,1,750,270,-0.00031813781941749335,-0.06523422037569325,0.0
G0-local,21,AU,0,1,750,270,0.0017844065561333387,-0.0077142843016962444,0.0
G0-local,21,VA,0,1,750,270,0.000983893604898081,0.3800563074207042,0.0
G0-local,21,expression,0,1,750,270,-0.0005636815846547531,-0.10334566932026713,0.0
G1-shared,21,AU,0,1,750,270,0.012824051880794867,0.7073758773796032,0.0
G1-shared,21,VA,0,1,750,270,0.005419270467301356,0.8453296189188502,0.0
G1-shared,21,expression,0,1,750,270,0.020180316038095756,0.8328752604809925,0.0
T0,22,AU,0,1,750,185,-0.0011505497939835025,-0.06953635611726977,0.0
T0,22,VA,0,1,750,185,0.0035851764669820553,0.4299782825262935,0.0
T0,22,expression,0,1,750,185,0.004621121243098797,-0.03365651872778787,0.0
G0-local,22,AU,0,1,750,185,0.003469138778740377,0.16891291670513625,0.0
G0-local,22,VA,0,1,750,185,0.0013295250660404912,0.3556193721634696,0.0
G0-local,22,expression,0,1,750,185,0.005509819979952513,0.011169235853561214,0.0
G1-shared,22,AU,0,1,750,185,0.010902444017247546,0.681427882266934,0.0
G1-shared,22,VA,0,1,750,185,0.009468853249654009,0.9183550123631192,0.0
G1-shared,22,expression,0,1,750,185,0.024192471674746106,0.8152089158974303,0.0
T0,23,AU,0,1,750,301,0.002599523460004679,0.07105897797447745,0.0
T0,23,VA,0,1,750,301,0.000526041514962719,-0.04962960117895682,0.0
T0,23,expression,0,1,750,301,0.0013769501074454111,0.042493891902111544,0.0
G0-local,23,AU,0,1,750,301,0.0038387287348420084,0.11812334202421512,0.0
G0-local,23,VA,0,1,750,301,-0.0003480586508821221,-0.15621206471854243,0.0
G0-local,23,expression,0,1,750,301,-0.0013943221652312344,-0.18303384213063117,0.0
G1-shared,23,AU,0,1,750,301,0.014251831845081157,0.7167992449475858,0.0
G1-shared,23,VA,0,1,750,301,0.005858371104114706,0.8640512819563165,0.0
G1-shared,23,expression,0,1,750,301,0.00925212464364296,0.7677057294687917,0.0
T0,24,AU,0,1,750,240,0.001024694885602224,-0.10147575500903697,0.0
T0,24,VA,0,1,750,240,0.00035367864488405475,0.16920684919849316,0.0
T0,24,expression,0,1,750,240,0.0030718826474202456,0.10661007624086627,0.0
G0-local,24,AU,0,1,750,240,0.0010186265640426061,-0.09155838445747964,0.0
G0-local,24,VA,0,1,750,240,0.0001936167576107109,0.07550923985332188,0.0
G0-local,24,expression,0,1,750,240,0.002133613858765134,0.26777648123453157,0.0
G1-shared,24,AU,0,1,750,240,0.02033061884937394,0.7209241296084772,0.0
G1-shared,24,VA,0,1,750,240,0.0059413469310020586,0.9204676449674278,0.0
G1-shared,24,expression,0,1,750,240,0.019068440582710823,0.7760055194926767,0.0
T0,25,AU,0,1,750,234,-0.002898225365851825,-0.06509179941573325,0.0
T0,25,VA,0,1,750,234,0.00026976395715656057,0.01999964955846454,0.0
T0,25,expression,0,1,750,234,-0.0007327659091208214,-0.0497479118836688,0.0
G0-local,25,AU,0,1,750,234,-0.0029869619511635817,-0.09979141407486228,0.0
G0-local,25,VA,0,1,750,234,-0.00016803244571378956,-0.06563377818951768,0.0
G0-local,25,expression,0,1,750,234,-0.0009238547706741854,-0.15191009595429136,0.0
G1-shared,25,AU,0,1,750,234,0.0233030229630815,0.6747804098635533,0.0
G1-shared,25,VA,0,1,750,234,0.00464840414777618,0.9122821687951304,0.0
G1-shared,25,expression,0,1,750,234,0.023596504953973384,0.7783888336344628,0.0
T0,26,AU,0,1,750,663,-0.001138312909595099,-0.02786814217364938,0.0
T0,26,VA,0,1,750,663,0.0007751634374347982,0.345726829791714,0.0
T0,26,expression,0,1,750,663,-0.0003053628950586289,-0.02355359681367905,0.0
G0-local,26,AU,0,1,750,663,0.001573043661134451,0.12097346618847243,0.0
G0-local,26,VA,0,1,750,663,0.0006216820970582229,0.5186718529461374,0.0
G0-local,26,expression,0,1,750,663,2.3123169832201364e-06,-0.020770124012749323,0.0
G1-shared,26,AU,0,1,750,663,0.029887889145320992,0.9202185931532634,0.0
G1-shared,26,VA,0,1,750,663,0.010116232009434652,0.9835070509250607,0.0
G1-shared,26,expression,0,1,750,663,0.026651323682677242,0.9118350498475924,0.0
T0,27,AU,0,1,750,506,-0.00014584477610338613,0.010326696716942078,0.0
T0,27,VA,0,1,750,506,-0.0007847547471055527,-0.15963020204177425,0.0
T0,27,expression,0,1,750,506,0.0002725441364930225,-0.045384072517395714,0.0
G0-local,27,AU,0,1,750,506,-0.0037768702241246944,-0.2370229294353797,0.0
G0-local,27,VA,0,1,750,506,-0.000553022179518153,-0.42048115335461633,0.0
G0-local,27,expression,0,1,750,506,-0.0005302421678191835,-0.255336894727613,0.0
G1-shared,27,AU,0,1,750,506,0.010533840538386689,0.6123459264540336,0.0
G1-shared,27,VA,0,1,750,506,0.005029645788904262,0.9465076583824865,0.0
G1-shared,27,expression,0,1,750,506,0.01896469458422914,0.8551790588769396,0.0
T0,30,AU,0,1,750,482,0.0012712185376654336,0.05984456951558508,0.0
T0,30,VA,0,1,750,482,-0.0007748242078139053,-0.2761716395558385,0.0
T0,30,expression,0,1,750,482,-0.0018465692949824963,-0.07901072195639011,0.0
G0-local,30,AU,0,1,750,482,-0.0010988387415262367,0.12049775438208332,0.0
G0-local,30,VA,0,1,750,482,-0.00041323579191285514,-0.3639749631798997,0.0
G0-local,30,expression,0,1,750,482,-0.0020882717419882495,-0.09899249054547596,0.0
G1-shared,30,AU,0,1,750,482,0.022337553389346166,0.7080431516868428,0.0
G1-shared,30,VA,0,1,750,482,0.005576624799656746,0.9618248474960525,0.0
G1-shared,30,expression,0,1,750,482,0.011285720074597182,0.8379169854648818,0.0
T0,31,AU,0,1,750,120,-0.0010746176186294174,-0.15583309495163497,0.0
T0,31,VA,0,1,750,120,0.003118179994269542,0.08611490335442074,0.0
T0,31,expression,0,1,750,120,0.0037594010156887818,0.06251411621456292,0.0
G0-local,31,AU,0,1,750,120,-0.004057432787132984,-0.1842649673272286,0.0
G0-local,31,VA,0,1,750,120,0.00046320073999367385,-0.08518112007748063,0.0
G0-local,31,expression,0,1,750,120,0.0022589826521495237,-0.10542930787922018,0.0
G1-shared,31,AU,0,1,750,120,0.01164752346622048,0.6102860161206851,0.0
G1-shared,31,VA,0,1,750,120,0.0055226826823022305,0.86242031732866,0.0
G1-shared,31,expression,0,1,750,120,0.008809017043638914,0.7405018280637912,0.0
T0,34,AU,0,1,750,483,-0.0017889699103799392,0.047630047347202914,0.0
T0,34,VA,0,1,750,483,-6.618333609732948e-05,0.15505049323487313,0.0
T0,34,expression,0,1,750,483,-0.0019685425676552377,-0.12808217390018556,0.0
G0-local,34,AU,0,1,750,483,-0.00014274065864890148,-0.04678693759035711,0.0
G0-local,34,VA,0,1,750,483,0.0003240821157812457,0.18212271139467148,0.0
G0-local,34,expression,0,1,750,483,-0.0014642388515215812,-0.09074375867909597,0.0
G1-shared,34,AU,0,1,750,483,0.01417143502552124,0.6898083433142583,0.0
G1-shared,34,VA,0,1,750,483,0.016085202336895307,0.967594753123032,0.0
G1-shared,34,expression,0,1,750,483,0.03152929572480909,0.8326322721723963,0.0
T0,42,AU,0,1,750,600,-0.00044685402049585556,-0.03759463539642733,0.0
T0,42,VA,0,1,750,600,-0.00023016098640669957,-0.20004402225857204,0.0
T0,42,expression,0,1,750,600,-0.0026793102346451825,-0.13782321307816453,0.0
G0-local,42,AU,0,1,750,600,-0.00043900605514256963,-0.06880649368790098,0.0
G0-local,42,VA,0,1,750,600,-0.00019166731740610394,-0.26370736084869895,0.0
G0-local,42,expression,0,1,750,600,-0.000547573845496551,-0.0022552617784207044,0.0
G1-shared,42,AU,0,1,750,600,0.019777831386663794,0.5560627061810565,0.0
G1-shared,42,VA,0,1,750,600,0.011720901252294743,0.9681067467694608,0.0
G1-shared,42,expression,0,1,750,600,0.033055383155648724,0.9259653567234862,0.0
T0,43,AU,0,1,750,306,-0.0013093855657128623,-0.02139974758369628,0.0
T0,43,VA,0,1,750,306,-6.9200157329880645e-06,-0.04241835242511725,0.0
T0,43,expression,0,1,750,306,-0.0006397604562687772,-0.18765829144508514,0.0
G0-local,43,AU,0,1,750,306,-0.002575040915627056,-0.10636082526911603,0.0
G0-local,43,VA,0,1,750,306,6.721949862545682e-05,-0.0029406925489942337,0.0
G0-local,43,expression,0,1,750,306,0.0006377057115112997,-0.032376374219849915,0.0
G1-shared,43,AU,0,1,750,306,0.011058732839058012,0.7585593210357289,0.0
G1-shared,43,VA,0,1,750,306,0.01179336443775967,0.96822943892854,0.0
G1-shared,43,expression,0,1,750,306,0.008603333340105119,0.8421559122149606,0.0
T0,44,AU,0,1,750,750,-0.0024372758645683896,-0.15408304370171014,0.0
T0,44,AU,1,2,750,750,0.0008304470547241615,0.20177676695219765,0.0
T0,44,AU,2,3,750,153,-0.0017242996849225966,0.01117868412199096,0.0
T0,44,VA,0,1,750,750,0.00039218286930857655,0.27009194468854836,0.0
T0,44,VA,1,2,750,750,-0.00045770308923249553,0.01696612226075897,0.0
T0,44,VA,2,3,750,153,0.0028450029400890063,0.37244708977963037,0.0
T0,44,expression,0,1,750,750,0.0020503639058233355,0.1858966958861054,0.0
T0,44,expression,1,2,750,750,-0.0013209084914228581,-0.037253872148240455,0.0
T0,44,expression,2,3,750,153,0.0009837455399422834,0.14526310569325074,0.0
G0-local,44,AU,0,1,750,750,-0.0021437639490580664,-0.10929653947043824,0.0
G0-local,44,AU,1,2,750,750,-0.000514535645936901,0.20070667651595503,0.0
G0-local,44,AU,2,3,750,153,-0.005044962563328876,0.08826092897736608,0.0
G0-local,44,VA,0,1,750,750,0.0003085549331919403,0.4024867377641108,0.0
G0-local,44,VA,1,2,750,750,-9.224404172604865e-05,0.05934981306259515,0.0
G0-local,44,VA,2,3,750,153,0.0012065379110475743,0.3757214121956907,0.0
G0-local,44,expression,0,1,750,750,0.00047077077759488054,0.12379234829323912,0.0
G0-local,44,expression,1,2,750,750,-5.863424905091449e-05,0.05626995776966547,0.0
G0-local,44,expression,2,3,750,153,0.0003021205642378109,0.011744509096601373,0.0
G1-shared,44,AU,0,1,750,750,0.023742145449450493,0.6796813569566302,0.0
G1-shared,44,AU,1,2,750,750,0.024547600541880033,0.7863643121768943,0.0
G1-shared,44,AU,2,3,750,153,0.026807207489971754,0.7525318851978502,0.0
G1-shared,44,VA,0,1,750,750,0.014256055677201004,0.9507815460220554,0.0
G1-shared,44,VA,1,2,750,750,0.014918335948795316,0.985910905738167,0.0
G1-shared,44,VA,2,3,750,153,0.01575466853771401,0.9011859517933167,0.0
G1-shared,44,expression,0,1,750,750,0.017730587176789235,0.8333066038905984,0.0
G1-shared,44,expression,1,2,750,750,0.022356725819847864,0.797705675948917,0.0
G1-shared,44,expression,2,3,750,153,0.020015971654053208,0.7167514481260234,0.0
T0,45,AU,0,1,750,750,0.0009315961915897412,-0.03804029090967505,0.0
T0,45,AU,1,2,750,750,-0.0019482387043436124,-0.2615387324152009,0.0
T0,45,AU,2,3,750,1,-0.003633711257897986,-0.047768856148581174,0.0
T0,45,VA,0,1,750,750,-9.083859636672135e-05,-0.03423558559021146,0.0
T0,45,VA,1,2,750,750,0.0003095456087944774,0.18640027537411724,0.0
T0,45,VA,2,3,750,1,0.005880431356518551,0.2449008165462479,0.0
T0,45,expression,0,1,750,750,0.002516382502684644,0.08584756028952738,0.0
T0,45,expression,1,2,750,750,-0.0008203984937199423,-0.18779515183946938,0.0
T0,45,expression,2,3,750,1,0.0002902965463237881,0.09176642478861514,0.0
G0-local,45,AU,0,1,750,750,-0.001999703788301873,-0.024622764860950393,0.0
G0-local,45,AU,1,2,750,750,-0.0012993299671849267,-0.05101636216612247,0.0
G0-local,45,AU,2,3,750,1,0.0002688884707975164,-0.029704577936412797,0.0
G0-local,45,VA,0,1,750,750,-6.215166131248547e-05,-0.06140876185228242,0.0
G0-local,45,VA,1,2,750,750,6.705961708196475e-05,0.07900553102872943,0.0
G0-local,45,VA,2,3,750,1,0.0039599788847850285,0.32388530846985997,0.0
G0-local,45,expression,0,1,750,750,0.000391901949544878,-0.047618267211067995,0.0
G0-local,45,expression,1,2,750,750,-0.00027611450401906985,-0.1648567204324399,0.0
G0-local,45,expression,2,3,750,1,-0.002180746110487539,-0.10755965296010886,0.0
G1-shared,45,AU,0,1,750,750,0.01898707668077794,0.8072341998519724,0.0
G1-shared,45,AU,1,2,750,750,0.022220618791770185,0.7925584095342944,0.0
G1-shared,45,AU,2,3,750,1,0.015313713517700165,0.22468553786329673,0.0
G1-shared,45,VA,0,1,750,750,0.009955688453802205,0.9549358617721009,0.0
G1-shared,45,VA,1,2,750,750,0.012936235897256652,0.9343062548392593,0.0
G1-shared,45,VA,2,3,750,1,0.02249542542538987,0.3290092214040279,0.0
G1-shared,45,expression,0,1,750,750,0.0194905190286202,0.846877714459886,0.0
G1-shared,45,expression,1,2,750,750,0.023524454280940507,0.8492591625076885,0.0
G1-shared,45,expression,2,3,750,1,0.0006577372073419772,0.04548784292277876,0.0
T0,46,AU,0,1,750,750,0.0031522205427980416,0.12434404259071988,0.0
T0,46,AU,1,2,750,750,-0.005503659551636462,-0.16851156080638224,0.0
T0,46,AU,2,3,750,750,-6.802915353202605e-05,-0.04584020405382217,0.0
T0,46,AU,3,4,750,687,-0.0032361792883256095,-0.0023084659582530845,0.0
T0,46,VA,0,1,750,750,0.0006217424225070027,0.22773055097274653,0.0
T0,46,VA,1,2,750,750,-0.0025511362036987435,-0.6038122468558424,0.0
T0,46,VA,2,3,750,750,-0.001203541770722902,-0.18641030802420958,0.0
T0,46,VA,3,4,750,687,6.70102671531418e-05,0.11405804736825112,0.0
T0,46,expression,0,1,750,750,0.0029457976842568053,0.09166218253556904,0.0
T0,46,expression,1,2,750,750,-0.001845051277053953,0.01158849656227779,0.0
T0,46,expression,2,3,750,750,-0.00012969140827961793,-0.022502269701682787,0.0
T0,46,expression,3,4,750,687,0.0004546959386777697,0.04210271773886385,0.0
G0-local,46,AU,0,1,750,750,0.002446926618541826,0.07450712297566846,0.0
G0-local,46,AU,1,2,750,750,-0.001519165704651112,-0.0707367892654393,0.0
G0-local,46,AU,2,3,750,750,0.000443539118991926,-0.12397440923328978,0.0
G0-local,46,AU,3,4,750,687,-0.0020796693942723983,-0.06933346442876924,0.0
G0-local,46,VA,0,1,750,750,0.00022126425323372526,0.2102594512102007,0.0
G0-local,46,VA,1,2,750,750,-0.000760889505694968,-0.5428794764652393,0.0
G0-local,46,VA,2,3,750,750,-0.0002725580100147388,-0.07817524336815478,0.0
G0-local,46,VA,3,4,750,687,-0.0002172371415748667,0.061979800096478715,0.0
G0-local,46,expression,0,1,750,750,-0.0003295538106784573,-0.13445868430133268,0.0
G0-local,46,expression,1,2,750,750,-0.0009035468791678482,-0.011906455372140488,0.0
G0-local,46,expression,2,3,750,750,-0.0021993102566985685,-0.09566700712115002,0.0
G0-local,46,expression,3,4,750,687,-0.000946458264318515,-0.05411378223268245,0.0
G1-shared,46,AU,0,1,750,750,0.01234457737985131,0.706330210521542,0.0
G1-shared,46,AU,1,2,750,750,0.015479971420828013,0.738340427353211,0.0
G1-shared,46,AU,2,3,750,750,0.014279156207406564,0.8021759083126746,0.0
G1-shared,46,AU,3,4,750,687,0.01614763092254499,0.7617188452904051,0.0
G1-shared,46,VA,0,1,750,750,0.010233256580455236,0.9812100434324598,0.0
G1-shared,46,VA,1,2,750,750,0.011278360241268513,0.9502543470758794,0.0
G1-shared,46,VA,2,3,750,750,0.01091944123149981,0.9632025426961717,0.0
G1-shared,46,VA,3,4,750,687,0.011966197191935805,0.9780524515753586,0.0
G1-shared,46,expression,0,1,750,750,0.014323359607655415,0.8445918728984861,0.0
G1-shared,46,expression,1,2,750,750,0.01782998068126726,0.9242753139881466,0.0
G1-shared,46,expression,2,3,750,750,0.015894211674295163,0.8867080751512522,0.0
G1-shared,46,expression,3,4,750,687,0.01846103300666914,0.9234327955737083,0.0
T0,47,AU,0,1,750,750,8.624317554328116e-05,0.072139295432522,0.0
T0,47,AU,1,2,750,300,-0.00033869632105538674,-0.07151041002214403,0.0
T0,47,VA,0,1,750,750,7.045679770726508e-05,0.11640716248418691,0.0
T0,47,VA,1,2,750,300,-0.0025957080209071653,-0.24280895860531815,0.0
T0,47,expression,0,1,750,750,-0.0005288646821185857,-0.01208480646344106,0.0
T0,47,expression,1,2,750,300,-0.0027686265657139533,-0.1266212803889476,0.0
G0-local,47,AU,0,1,750,750,-0.0007878784213454913,-0.0798583085756773,0.0
G0-local,47,AU,1,2,750,300,-0.003980102561429003,-0.31733665437489333,0.0
G0-local,47,VA,0,1,750,750,-1.6655092958843113e-05,0.07544391426878055,0.0
G0-local,47,VA,1,2,750,300,-0.0012467049971680213,-0.2578032220095759,0.0
G0-local,47,expression,0,1,750,750,0.0001300841025756372,0.12409581936344329,0.0
G0-local,47,expression,1,2,750,300,-0.0020263133488667307,-0.2209469446830051,0.0
G1-shared,47,AU,0,1,750,750,0.012830459697932905,0.7635139757887591,0.0
G1-shared,47,AU,1,2,750,300,0.01423954817147056,0.6615217549973403,0.0
G1-shared,47,VA,0,1,750,750,0.004647655261702342,0.9522197349663176,0.0
G1-shared,47,VA,1,2,750,300,0.00450396086710574,0.771045106054034,0.0
G1-shared,47,expression,0,1,750,750,0.01798946689483039,0.9050675214557036,0.0
G1-shared,47,expression,1,2,750,300,0.016678691805707004,0.7402024336664654,0.0
T0,48,AU,0,1,750,185,-0.0001912484947129795,-0.044667813832214256,0.0
T0,48,VA,0,1,750,185,0.0007231322841515568,0.21996626752721818,0.0
T0,48,expression,0,1,750,185,-0.0010987652792164703,-0.12069733883705694,0.0
G0-local,48,AU,0,1,750,185,-0.0039281207219559085,-0.05850848041279843,0.0
G0-local,48,VA,0,1,750,185,0.0003695238860586653,0.20818733421745786,0.0
G0-local,48,expression,0,1,750,185,-0.0016026782817609843,-0.16329294911553535,0.0
G1-shared,48,AU,0,1,750,185,0.01252278822109331,0.8333739671796646,0.0
G1-shared,48,VA,0,1,750,185,0.005093210277793516,0.889405425381782,0.0
G1-shared,48,expression,0,1,750,185,0.011849500582220906,0.6888468544728071,0.0
T0,49,AU,0,1,750,484,0.0019946559542013084,0.1742519391788208,0.0
T0,49,VA,0,1,750,484,-0.0008274472504415149,-0.17353847948805803,0.0
T0,49,expression,0,1,750,484,-0.0003623955928538659,0.039660317641909276,0.0
G0-local,49,AU,0,1,750,484,0.0010513387113527627,0.026763044214309386,0.0
G0-local,49,VA,0,1,750,484,-0.0005584016056872333,-0.18129782413757903,0.0
G0-local,49,expression,0,1,750,484,-0.0003304436862141803,-0.0026376267023265343,0.0
G1-shared,49,AU,0,1,750,484,0.020982896802676603,0.8591276894533466,0.0
G1-shared,49,VA,0,1,750,484,0.007169117212329124,0.9603317620043885,0.0
G1-shared,49,expression,0,1,750,484,0.0274071192729316,0.8962858100480502,0.0
T0,50,AU,0,1,750,481,-0.0011624155345070532,0.0749108342844273,0.0
T0,50,VA,0,1,750,481,-0.00040206348516080506,-0.14043930086355677,0.0
T0,50,expression,0,1,750,481,-0.0022075392492932663,0.1629019233414898,0.0
G0-local,50,AU,0,1,750,481,-0.00011216171572636771,0.17026628390076662,0.0
G0-local,50,VA,0,1,750,481,-0.0001645032578586825,-0.13089147250549377,0.0
G0-local,50,expression,0,1,750,481,-0.001560900811556037,0.025070568900889156,0.0
G1-shared,50,AU,0,1,750,481,0.014584468745128634,0.8339450695230208,0.0
G1-shared,50,VA,0,1,750,481,0.004224385106238961,0.9175408723657177,0.0
G1-shared,50,expression,0,1,750,481,0.013041387648171823,0.7959299677165522,0.0
T0,51,AU,0,1,750,384,0.0013107765136612395,0.04740867556542804,0.0
T0,51,VA,0,1,750,384,-0.0011444110716705602,-0.21546979323094267,0.0
T0,51,expression,0,1,750,384,-0.0001776211181438643,0.06407789387605514,0.0
G0-local,51,AU,0,1,750,384,0.001817971688314061,0.019028952039734977,0.0
G0-local,51,VA,0,1,750,384,-0.0004445031922459062,-0.19356476844684165,0.0
G0-local,51,expression,0,1,750,384,-0.0003637672982352249,0.18453372459310177,0.0
G1-shared,51,AU,0,1,750,384,0.01846001188729115,0.7616494121688558,0.0
G1-shared,51,VA,0,1,750,384,0.005826407295214202,0.7948602722040649,0.0
G1-shared,51,expression,0,1,750,384,0.017683759604939342,0.6772409794382359,0.0
T0,52,AU,0,1,750,750,3.996660201397014e-06,-0.14583827953011352,0.0
T0,52,AU,1,2,750,750,-0.0009892244198577251,-0.0067056430069751035,0.0
T0,52,AU,2,3,750,750,0.0008544258215373228,0.09518572669283816,0.0
T0,52,AU,3,4,750,750,0.00021690985338430077,-0.059804266651874306,0.0
T0,52,AU,4,5,750,750,0.0005413751077690335,-0.01580837625821175,0.0
T0,52,AU,5,6,750,750,0.0005663648021764935,-0.15273162729661474,0.0
T0,52,AU,6,7,750,446,-0.0012186497993924158,0.03636461098572134,0.0
T0,52,VA,0,1,750,750,-0.00025227029630621597,-0.19259805301942726,0.0
T0,52,VA,1,2,750,750,0.00014171352788540283,0.12627388896958797,0.0
T0,52,VA,2,3,750,750,0.0002665972970805507,0.2084671728611185,0.0
T0,52,VA,3,4,750,750,-0.0003863247472238179,-0.3008447743927198,0.0
T0,52,VA,4,5,750,750,6.315598200886814e-05,0.0265994024548485,0.0
T0,52,VA,5,6,750,750,0.0002479209242889859,0.13714143332577972,0.0
T0,52,VA,6,7,750,446,-0.0006115685467291253,-0.2891567346749734,0.0
T0,52,expression,0,1,750,750,0.0009778473110259676,-0.05352316536146178,0.0
T0,52,expression,1,2,750,750,0.0007795151438112584,0.007302193162237701,0.0
T0,52,expression,2,3,750,750,0.002212639441930366,0.12963020001266828,0.0
T0,52,expression,3,4,750,750,0.0001733918472520392,0.005901015122806802,0.0
T0,52,expression,4,5,750,750,-0.0007116347782863486,-0.14741476427391279,0.0
T0,52,expression,5,6,750,750,-0.001608610926029324,0.021357140785391103,0.0
T0,52,expression,6,7,750,446,0.0003997839322176231,0.04999431637247838,0.0
G0-local,52,AU,0,1,750,750,-0.001009672954545187,-0.23198719363083142,0.0
G0-local,52,AU,1,2,750,750,0.0011190961323456583,0.10510871447626782,0.0
G0-local,52,AU,2,3,750,750,0.0020042005390719596,0.14629739464967173,0.0
G0-local,52,AU,3,4,750,750,-0.0015053760519099936,-0.049813294919015344,0.0
G0-local,52,AU,4,5,750,750,0.0020228519506558626,0.10140081294077516,0.0
G0-local,52,AU,5,6,750,750,0.0014319234167947982,-0.13346871452836737,0.0
G0-local,52,AU,6,7,750,446,0.0008029678878212693,0.033576852972676055,0.0
G0-local,52,VA,0,1,750,750,-0.0002613272431882151,-0.2773470346359694,0.0
G0-local,52,VA,1,2,750,750,6.144700351018428e-06,0.02090987602603009,0.0
G0-local,52,VA,2,3,750,750,0.0001155094087183102,0.23027270949551665,0.0
G0-local,52,VA,3,4,750,750,-0.00040166844804779027,-0.33270118318619407,0.0
G0-local,52,VA,4,5,750,750,0.00019897874628515557,0.1151922750626964,0.0
G0-local,52,VA,5,6,750,750,2.6416589566579055e-05,-0.047764600686044725,0.0
G0-local,52,VA,6,7,750,446,-0.00031848484848210517,-0.2638967646651073,0.0
G0-local,52,expression,0,1,750,750,0.00038607537535632344,0.0024888478507996484,0.0
G0-local,52,expression,1,2,750,750,0.0002285955470999166,-0.0008233735839773132,0.0
G0-local,52,expression,2,3,750,750,0.0008574624996363096,0.373821744535659,0.0
G0-local,52,expression,3,4,750,750,0.0008768207613933045,0.21894033939250457,0.0
G0-local,52,expression,4,5,750,750,0.00039425066207832534,-0.04081168196934271,0.0
G0-local,52,expression,5,6,750,750,-0.002185859254930005,-0.02726527410478432,0.0
G0-local,52,expression,6,7,750,446,-0.0005692356392637931,0.02642213201887224,0.0
G1-shared,52,AU,0,1,750,750,0.018336078003393683,0.8713589242113506,0.0
G1-shared,52,AU,1,2,750,750,0.020793928252494143,0.8244156554994648,0.0
G1-shared,52,AU,2,3,750,750,0.024820215061758737,0.8780475767647111,0.0
G1-shared,52,AU,3,4,750,750,0.030439527628107765,0.8660638341406156,0.0
G1-shared,52,AU,4,5,750,750,0.02121789508288298,0.6965052902958189,0.0
G1-shared,52,AU,5,6,750,750,0.020763509402868762,0.7806963836028706,0.0
G1-shared,52,AU,6,7,750,446,0.024728687078024773,0.8250214499391846,0.0
G1-shared,52,VA,0,1,750,750,0.014265780527337284,0.9656292868315963,0.0
G1-shared,52,VA,1,2,750,750,0.016103282108724047,0.9551325191129347,0.0
G1-shared,52,VA,2,3,750,750,0.023199156024178356,0.9848502595023587,0.0
G1-shared,52,VA,3,4,750,750,0.03062106817927833,0.9683278178757508,0.0
G1-shared,52,VA,4,5,750,750,0.024480229000689344,0.9248522660672778,0.0
G1-shared,52,VA,5,6,750,750,0.01935398933825123,0.9791396206369523,0.0
G1-shared,52,VA,6,7,750,446,0.024338580651346198,0.9668716957038314,0.0
G1-shared,52,expression,0,1,750,750,0.016694140729620666,0.8508909095968171,0.0
G1-shared,52,expression,1,2,750,750,0.01926890844942754,0.8838429861971269,0.0
G1-shared,52,expression,2,3,750,750,0.026273163111097828,0.8331624274404483,0.0
G1-shared,52,expression,3,4,750,750,0.03175715184208493,0.7745919946985089,0.0
G1-shared,52,expression,4,5,750,750,0.022720375452557076,0.6047215373090502,0.0
G1-shared,52,expression,5,6,750,750,0.024312827804255928,0.8328286322863181,0.0
G1-shared,52,expression,6,7,750,446,0.024247941246033078,0.7556610891967225,0.0
T0,53,AU,0,1,750,750,-0.0003181197494489675,0.085510571111342,0.0
T0,53,AU,1,2,750,750,4.638378444176194e-05,-0.07150813533286415,0.0
T0,53,AU,2,3,750,750,-0.00012152381010276568,-0.06825994857756673,0.0
T0,53,AU,3,4,750,750,-0.0016378307463582888,-0.20636861563757,0.0
T0,53,AU,4,5,750,750,-0.0015705757454731607,-0.003980504324188164,0.0
T0,53,AU,5,6,750,750,-0.0033992937537517956,-0.05149044999148306,0.0
T0,53,AU,6,7,750,693,-0.0008633948417080449,-0.01254427176665901,0.0
T0,53,VA,0,1,750,750,-0.0007030796589548321,-0.10366259163292278,0.0
T0,53,VA,1,2,750,750,-0.0006805524971649372,-0.06329751637690718,0.0
T0,53,VA,2,3,750,750,0.00041355852822834227,0.13058655548322115,0.0
T0,53,VA,3,4,750,750,-0.0007832985664830768,-0.2142500021535437,0.0
T0,53,VA,4,5,750,750,3.876021506866859e-06,-0.028236706514754135,0.0
T0,53,VA,5,6,750,750,-0.0009907715690034647,-0.0202721539011487,0.0
T0,53,VA,6,7,750,693,0.00016720253451060058,0.07853461900634277,0.0
T0,53,expression,0,1,750,750,-0.00011649313585613966,0.004366137995884416,0.0
T0,53,expression,1,2,750,750,0.0015018340966739337,0.037448186330846935,0.0
T0,53,expression,2,3,750,750,0.0008931405838946846,0.09437805052989771,0.0
T0,53,expression,3,4,750,750,-0.0034137241385705968,-0.37305891930784574,0.0
T0,53,expression,4,5,750,750,0.0009609489661683691,0.09837586245294948,0.0
T0,53,expression,5,6,750,750,0.002329932657755247,-0.024118338085011543,0.0
T0,53,expression,6,7,750,693,-0.0016982506878792398,-0.13332548640304026,0.0
G0-local,53,AU,0,1,750,750,-0.0021488359512212563,-0.11178239250169623,0.0
G0-local,53,AU,1,2,750,750,-4.6828904244476855e-05,0.02689320162421993,0.0
G0-local,53,AU,2,3,750,750,-0.0009994124012491332,-0.023344224371291085,0.0
G0-local,53,AU,3,4,750,750,-0.002602942685914148,-0.19799006757915133,0.0
G0-local,53,AU,4,5,750,750,-0.002325498145055246,-0.19587094623783424,0.0
G0-local,53,AU,5,6,750,750,-0.0051376520171570435,-0.1388183592273596,0.0
G0-local,53,AU,6,7,750,693,-0.0015395664866701276,-0.040400648214690235,0.0
G0-local,53,VA,0,1,750,750,-0.000651538018113395,-0.32499334436527205,0.0
G0-local,53,VA,1,2,750,750,-0.00023896980159377083,-0.06728337329863845,0.0
G0-local,53,VA,2,3,750,750,0.0002707234138380617,0.18566318270895965,0.0
G0-local,53,VA,3,4,750,750,-0.0005701597219161547,-0.34452079301247895,0.0
G0-local,53,VA,4,5,750,750,0.00016654209869954354,-0.06562255278417363,0.0
G0-local,53,VA,5,6,750,750,-0.0007316448412051722,-0.17762784390018807,0.0
G0-local,53,VA,6,7,750,693,0.00010194172743104452,0.06406606103197021,0.0
G0-local,53,expression,0,1,750,750,-0.0008129529380189212,-0.17384740896399864,0.0
G0-local,53,expression,1,2,750,750,-0.001591279138195062,-0.03652845600655537,0.0
G0-local,53,expression,2,3,750,750,0.0016447852811729998,0.27540024832795407,0.0
G0-local,53,expression,3,4,750,750,-0.002585142384070525,-0.2862570698097261,0.0
G0-local,53,expression,4,5,750,750,-0.0011632888557001665,-0.16305730323413936,0.0
G0-local,53,expression,5,6,750,750,-0.0015010618363163698,-0.14240173351378654,0.0
G0-local,53,expression,6,7,750,693,-0.0005256880519209229,-0.077476059365267,0.0
G1-shared,53,AU,0,1,750,750,0.015731931512400252,0.8284738100998925,0.0
G1-shared,53,AU,1,2,750,750,0.017068356905169276,0.8458225741134591,0.0
G1-shared,53,AU,2,3,750,750,0.01967710250884235,0.8987495754879019,0.0
G1-shared,53,AU,3,4,750,750,0.018734408750438306,0.861058700916086,0.0
G1-shared,53,AU,4,5,750,750,0.023042299069485937,0.9065870501581814,0.0
G1-shared,53,AU,5,6,750,750,0.020015810634825087,0.9038584831060675,0.0
G1-shared,53,AU,6,7,750,693,0.01644957826114634,0.9115886348723746,0.0
G1-shared,53,VA,0,1,750,750,0.0033804075267437,0.852152669849745,0.0
G1-shared,53,VA,1,2,750,750,0.005324795800447002,0.9519989599494383,0.0
G1-shared,53,VA,2,3,750,750,0.005532634164511482,0.9544317416623859,0.0
G1-shared,53,VA,3,4,750,750,0.004850996598926236,0.9114732919574882,0.0
G1-shared,53,VA,4,5,750,750,0.005297995495625792,0.9495224068184083,0.0
G1-shared,53,VA,5,6,750,750,0.003705055031705256,0.8771983585005448,0.0
G1-shared,53,VA,6,7,750,693,0.004107632562796086,0.9202700518313089,0.0
G1-shared,53,expression,0,1,750,750,0.010014569059635072,0.8656015181607661,0.0
G1-shared,53,expression,1,2,750,750,0.01599445770964321,0.8933848513759435,0.0
G1-shared,53,expression,2,3,750,750,0.020979745541649827,0.8737353812657551,0.0
G1-shared,53,expression,3,4,750,750,0.015288566850599223,0.8424975590721492,0.0
G1-shared,53,expression,4,5,750,750,0.017161620633182304,0.9393475195143515,0.0
G1-shared,53,expression,5,6,750,750,0.017302877763338685,0.9522074062593631,0.0
G1-shared,53,expression,6,7,750,693,0.014854411888351819,0.9321638250413917,0.0
T0,54,AU,0,1,750,750,-0.0002504732102419719,-0.06151394943024513,0.0
T0,54,AU,1,2,750,750,-0.001967684865380917,-0.01438026300470865,0.0
T0,54,AU,2,3,750,750,-0.0005448938072634428,-0.0927811546260804,0.0
T0,54,AU,3,4,750,480,0.0025097937865922616,0.0010145250022544192,0.0
T0,54,VA,0,1,750,750,-0.0016726811906804225,-0.3887279859784344,0.0
T0,54,VA,1,2,750,750,-0.00023093488577308652,-0.21679966439938586,0.0
T0,54,VA,2,3,750,750,3.161370144255047e-05,-0.08819086045204293,0.0
T0,54,VA,3,4,750,480,0.0009129929572748716,0.2607686797728159,0.0
T0,54,expression,0,1,750,750,-0.004110300531098391,-0.08475683927858167,0.0
T0,54,expression,1,2,750,750,-0.0016004792979680718,0.02372275175847871,0.0
T0,54,expression,2,3,750,750,-0.0005181011755440186,-0.19393144255745998,0.0
T0,54,expression,3,4,750,480,0.004154084913049826,0.03726202591713109,0.0
G0-local,54,AU,0,1,750,750,0.0016336315016057834,0.0019039411741648496,0.0
G0-local,54,AU,1,2,750,750,-0.00011698406805844186,0.05611056699397771,0.0
G0-local,54,AU,2,3,750,750,0.0008294476704857704,-0.04080446812975757,0.0
G0-local,54,AU,3,4,750,480,0.000721207710247734,-0.07580769555974803,0.0
G0-local,54,VA,0,1,750,750,-0.0002156473177597829,-0.15052292981059498,0.0
G0-local,54,VA,1,2,750,750,-0.0001420206080088775,-0.2081777876193058,0.0
G0-local,54,VA,2,3,750,750,-1.6058555655705192e-05,-0.06903362820662323,0.0
G0-local,54,VA,3,4,750,480,0.00048291407260257665,0.19318019040625645,0.0
G0-local,54,expression,0,1,750,750,-0.0011983527595315368,-0.08479955537837633,0.0
G0-local,54,expression,1,2,750,750,-0.0005215731768265507,-0.12313398992641233,0.0
G0-local,54,expression,2,3,750,750,0.00027036199194944505,-0.19814496943454113,0.0
G0-local,54,expression,3,4,750,480,0.001062760038384873,-0.038157641831612854,0.0
G1-shared,54,AU,0,1,750,750,0.024247377044900726,0.894424257416704,0.0
G1-shared,54,AU,1,2,750,750,0.019098820598435352,0.8019474538007464,0.0
G1-shared,54,AU,2,3,750,750,0.0315484617796784,0.9075463816654847,0.0
G1-shared,54,AU,3,4,750,480,0.03690961334391342,0.9337329576533393,0.0
G1-shared,54,VA,0,1,750,750,0.012897097281072877,0.9750398616840115,0.0
G1-shared,54,VA,1,2,750,750,0.013854646485164521,0.9191598037723558,0.0
G1-shared,54,VA,2,3,750,750,0.01761872889111779,0.9463804607966612,0.0
G1-shared,54,VA,3,4,750,480,0.01886286067395852,0.9699751876179992,0.0
G1-shared,54,expression,0,1,750,750,0.0247703497766021,0.9267709320100699,0.0
G1-shared,54,expression,1,2,750,750,0.021675806630932222,0.8128566327905709,0.0
G1-shared,54,expression,2,3,750,750,0.027333784681267063,0.8650057140595705,0.0
G1-shared,54,expression,3,4,750,480,0.02948160257634235,0.964856026300076,0.0
T0,55,AU,0,1,750,750,-0.0014674754759225997,-0.11843580069938402,0.0
T0,55,AU,1,2,750,750,-0.00278642091615131,-0.16464651685495896,0.0
T0,55,AU,2,3,750,750,-0.0020027363105456194,-0.12313253809206985,0.0
T0,55,AU,3,4,750,505,-0.00027426981089888797,-0.04219433548257448,0.0
T0,55,VA,0,1,750,750,-5.5921398557415704e-05,0.07935615024112727,0.0
T0,55,VA,1,2,750,750,-0.0006593161597626304,-0.18076244804998395,0.0
T0,55,VA,2,3,750,750,-0.0010547433989443738,-0.5304022256798178,0.0
T0,55,VA,3,4,750,505,0.0012499276732249873,0.20204297678989033,0.0
T0,55,expression,0,1,750,750,-0.00023079258534363528,0.04725884202780415,0.0
T0,55,expression,1,2,750,750,-0.0017947443407047756,-0.19733362115401312,0.0
T0,55,expression,2,3,750,750,-0.0009909314367467022,-0.14757073960870193,0.0
T0,55,expression,3,4,750,505,0.0020561300312333993,0.1009231971799466,0.0
G0-local,55,AU,0,1,750,750,5.0335508407356245e-05,0.09676812225451896,0.0
G0-local,55,AU,1,2,750,750,-0.0016607205373643228,0.033720380672361015,0.0
G0-local,55,AU,2,3,750,750,-0.0008083033577863904,-0.051439849151424535,0.0
G0-local,55,AU,3,4,750,505,-0.0029565241924981254,-0.06254505860243578,0.0
G0-local,55,VA,0,1,750,750,-0.00018473045008432688,-0.03423812969101953,0.0
G0-local,55,VA,1,2,750,750,-9.107157255056719e-05,-0.060977235045883836,0.0
G0-local,55,VA,2,3,750,750,-0.0005121049795107433,-0.506897950564009,0.0
G0-local,55,VA,3,4,750,505,0.00038180264419887387,0.12715403608131817,0.0
G0-local,55,expression,0,1,750,750,-6.70831306829144e-05,-0.005968924919619492,0.0
G0-local,55,expression,1,2,750,750,-0.00021121478212474544,-0.10593327955999554,0.0
G0-local,55,expression,2,3,750,750,-0.0016287967720197416,-0.2352338081307038,0.0
G0-local,55,expression,3,4,750,505,0.0017847502298985077,-0.054224657868675474,0.0
G1-shared,55,AU,0,1,750,750,0.017107250615674623,0.7830661704911729,0.0
G1-shared,55,AU,1,2,750,750,0.02098509901067338,0.6992720917444075,0.0
G1-shared,55,AU,2,3,750,750,0.02420972820884599,0.793069609469621,0.0
G1-shared,55,AU,3,4,750,505,0.02367465750632655,0.8169255022665953,0.0
G1-shared,55,VA,0,1,750,750,0.008495197639249084,0.8402076399271706,0.0
G1-shared,55,VA,1,2,750,750,0.010418337766155722,0.9385960088342096,0.0
G1-shared,55,VA,2,3,750,750,0.007009158002697104,0.900270514936585,0.0
G1-shared,55,VA,3,4,750,505,0.005834081346218679,0.9354372901199607,0.0
G1-shared,55,expression,0,1,750,750,0.01628977413499626,0.7478127016852687,0.0
G1-shared,55,expression,1,2,750,750,0.020013516953947957,0.7950234193907755,0.0
G1-shared,55,expression,2,3,750,750,0.015964644775016905,0.9068102506712588,0.0
G1-shared,55,expression,3,4,750,505,0.01864904422383311,0.8399367832053952,0.0
T0,56,AU,0,1,750,239,0.0013884811169060066,0.0508383451610745,0.0
T0,56,VA,0,1,750,239,-0.000150748769033827,0.24527929076018187,0.0
T0,56,expression,0,1,750,239,0.0006934069920264794,-0.03511601353949512,0.0
G0-local,56,AU,0,1,750,239,-0.000245882448370168,0.10025384477081671,0.0
G0-local,56,VA,0,1,750,239,-0.00019354408034364298,0.11733602832267406,0.0
G0-local,56,expression,0,1,750,239,-0.00028883324773392105,-0.16012212441165444,0.0
G1-shared,56,AU,0,1,750,239,0.019919226537459953,0.8627512074100883,0.0
G1-shared,56,VA,0,1,750,239,0.005579951997813179,0.9270934178973864,0.0
G1-shared,56,expression,0,1,750,239,0.012642203143196026,0.7916379013494209,0.0
T0,57,AU,0,1,750,265,-0.0009743071179819897,-0.06098640749558441,0.0
T0,57,VA,0,1,750,265,-0.0005199559380888613,-0.3208587131012571,0.0
T0,57,expression,0,1,750,265,7.818470827186162e-05,-0.00669581234555525,0.0
G0-local,57,AU,0,1,750,265,-0.0030376489121860853,-0.16116880689159357,0.0
G0-local,57,VA,0,1,750,265,-0.0002136584366149302,-0.1984642060271273,0.0
G0-local,57,expression,0,1,750,265,0.001160404150865745,0.11646472071465581,0.0
G1-shared,57,AU,0,1,750,265,0.015738187269912902,0.7019719149492404,0.0
G1-shared,57,VA,0,1,750,265,0.013873380800000747,0.9509518923409661,0.0
G1-shared,57,expression,0,1,750,265,0.016516282592670052,0.7091593788027432,0.0
T0,58,AU,0,1,750,448,-0.002513873068432807,-0.028458344503182024,0.0
T0,58,VA,0,1,750,448,0.0005766925287669022,0.4424167751930353,0.0
T0,58,expression,0,1,750,448,0.0005588217433772143,0.010577497364850807,0.0
G0-local,58,AU,0,1,750,448,-0.00021234887037434926,0.11563360336243216,0.0
G0-local,58,VA,0,1,750,448,0.00039794965547560715,0.4167619339801941,0.0
G0-local,58,expression,0,1,750,448,0.001416860374879812,0.13479178822000593,0.0
G1-shared,58,AU,0,1,750,448,0.015088115322892592,0.8034040309333939,0.0
G1-shared,58,VA,0,1,750,448,0.007334682015148085,0.9832330394272479,0.0
G1-shared,58,expression,0,1,750,448,0.018730881054923026,0.8584572811618948,0.0
T0,59,AU,0,1,750,179,-0.00026484592946366537,-0.08218712356684192,0.0
T0,59,VA,0,1,750,179,-0.0010050874014011972,0.05458091525070785,0.0
T0,59,expression,0,1,750,179,-0.0021492055662937362,-0.11590613552678972,0.0
G0-local,59,AU,0,1,750,179,-0.0010792810682296523,-0.004008374750437862,0.0
G0-local,59,VA,0,1,750,179,-0.000647845066072725,0.03700425121291867,0.0
G0-local,59,expression,0,1,750,179,-0.002095671089790395,-0.020161190901177177,0.0
G1-shared,59,AU,0,1,750,179,0.01786546190658176,0.5440023128645215,0.0
G1-shared,59,VA,0,1,750,179,0.003984094048849034,0.8235548245212941,0.0
G1-shared,59,expression,0,1,750,179,0.010571425334647852,0.6655308127834512,0.0
T0,60,AU,0,1,750,750,-0.0005989990377658417,-0.1375677659132895,0.0
T0,60,AU,1,2,750,392,-9.863337031485491e-05,0.08347461918218817,0.0
T0,60,VA,0,1,750,750,-0.00030885385617142,-0.20009816612949138,0.0
T0,60,VA,1,2,750,392,-0.001172862497750606,-0.19032927138043726,0.0
T0,60,expression,0,1,750,750,0.001483378317026481,-0.013833447650925985,0.0
T0,60,expression,1,2,750,392,0.003136338886773833,0.32883330065090466,0.0
G0-local,60,AU,0,1,750,750,0.0010125635251433188,0.04354287949335655,0.0
G0-local,60,AU,1,2,750,392,0.0026870238821445113,0.13688731117604,0.0
G0-local,60,VA,0,1,750,750,4.427409261144018e-05,-0.039734689759940545,0.0
G0-local,60,VA,1,2,750,392,-0.0002863363746955608,-0.21444513943554624,0.0
G0-local,60,expression,0,1,750,750,0.0004605662775478496,0.10087543650573944,0.0
G0-local,60,expression,1,2,750,392,0.002470223382871063,0.35726135461982855,0.0
G1-shared,60,AU,0,1,750,750,0.02295753098268917,0.8860194466388636,0.0
G1-shared,60,AU,1,2,750,392,0.023830260635007514,0.7190811296070151,0.0
G1-shared,60,VA,0,1,750,750,0.0071487917782183516,0.9523698282501941,0.0
G1-shared,60,VA,1,2,750,392,0.007958943006420565,0.9544716870095253,0.0
G1-shared,60,expression,0,1,750,750,0.01852468240138351,0.8856116095312108,0.0
G1-shared,60,expression,1,2,750,392,0.022280040036266383,0.8708411135047365,0.0
T0,61,AU,0,1,750,750,0.002850778981763177,0.19603996517706263,0.0
T0,61,AU,1,2,750,750,-0.0010761563901307309,-0.08781989107559847,0.0
T0,61,AU,2,3,750,750,0.0018132129732329279,0.26352753512802274,0.0
T0,61,AU,3,4,750,455,-0.0002951474680539681,-0.08996872773287894,0.0
T0,61,VA,0,1,750,750,0.0007448319719686767,0.10641874184150217,0.0
T0,61,VA,1,2,750,750,-0.00023936802460925707,-0.21065765737710493,0.0
T0,61,VA,2,3,750,750,-0.0003946314892964979,-0.18887332817420915,0.0
T0,61,VA,3,4,750,455,8.572991108786866e-05,0.10978983289193525,0.0
T0,61,expression,0,1,750,750,0.00016939656232881593,0.06687418517550746,0.0
T0,61,expression,1,2,750,750,-0.003031612058256938,0.14508500881973657,0.0
T0,61,expression,2,3,750,750,-9.309315421635088e-05,0.13866702185921242,0.0
T0,61,expression,3,4,750,455,-0.00019945208611692915,0.11545981674707718,0.0
G0-local,61,AU,0,1,750,750,0.006309248687112165,0.4066926006489347,0.0
G0-local,61,AU,1,2,750,750,1.4648529197932343e-05,-0.023113106295201413,0.0
G0-local,61,AU,2,3,750,750,0.0011121357482155052,-0.03374440138364788,0.0
G0-local,61,AU,3,4,750,455,-0.0011525320055920513,-0.058190852344208954,0.0
G0-local,61,VA,0,1,750,750,0.0007129447768809105,0.4759703415279437,0.0
G0-local,61,VA,1,2,750,750,0.000503678173758197,0.22794342972576717,0.0
G0-local,61,VA,2,3,750,750,-0.00021804998763349685,-0.23454815760832784,0.0
G0-local,61,VA,3,4,750,455,-3.36649502197789e-05,-0.03629287126589758,0.0
G0-local,61,expression,0,1,750,750,0.0009314569014686657,0.2204558535768343,0.0
G0-local,61,expression,1,2,750,750,-0.00024080814426696596,0.07411712520599653,0.0
G0-local,61,expression,2,3,750,750,-0.0009644330887736989,-0.10824297448273734,0.0
G0-local,61,expression,3,4,750,455,0.00028403609697151566,0.0972127309315833,0.0
G1-shared,61,AU,0,1,750,750,0.00995423993185412,0.7026695967239226,0.0
G1-shared,61,AU,1,2,750,750,0.014862798747334788,0.6822407958276138,0.0
G1-shared,61,AU,2,3,750,750,0.015893238957163557,0.80996083489265,0.0
G1-shared,61,AU,3,4,750,455,0.017353248259639645,0.6554751216854954,0.0
G1-shared,61,VA,0,1,750,750,0.006925404883868753,0.9671495210100737,0.0
G1-shared,61,VA,1,2,750,750,0.007797611043486508,0.9767971346842611,0.0
G1-shared,61,VA,2,3,750,750,0.007729506081539227,0.9297911492754221,0.0
G1-shared,61,VA,3,4,750,455,0.007487905872169546,0.9520333854210847,0.0
G1-shared,61,expression,0,1,750,750,0.008336154644890022,0.8401378118171595,0.0
G1-shared,61,expression,1,2,750,750,0.012994553023765197,0.8698036528531317,0.0
G1-shared,61,expression,2,3,750,750,0.011693729157638277,0.843472452734224,0.0
G1-shared,61,expression,3,4,750,455,0.011520323142192253,0.831867714782362,0.0
T0,62,AU,0,1,750,750,-0.0006040823890078726,0.0863688378627253,0.0
T0,62,AU,1,2,750,750,-0.00047989279836827746,0.008677473732840826,0.0
T0,62,AU,2,3,750,750,0.00046914857730724814,0.05145702512180715,0.0
T0,62,AU,3,4,750,334,0.0014582551637894183,0.04182493901332202,0.0
T0,62,VA,0,1,750,750,-0.0003445105558792542,-0.38221166467287643,0.0
T0,62,VA,1,2,750,750,-7.81709670334829e-05,-0.0419215002380733,0.0
T0,62,VA,2,3,750,750,-0.00015550045418776795,-0.14858616516440043,0.0
T0,62,VA,3,4,750,334,0.001182803421677194,0.3480298648349983,0.0
T0,62,expression,0,1,750,750,-0.00043987325994847726,-0.059996068761727056,0.0
T0,62,expression,1,2,750,750,-0.001112947801518961,0.10042700678220623,0.0
T0,62,expression,2,3,750,750,-0.001620744164652617,0.06569744711439064,0.0
T0,62,expression,3,4,750,334,0.004261455148177598,0.32742025865592683,0.0
G0-local,62,AU,0,1,750,750,-0.0019040869469438763,-0.1200043887644267,0.0
G0-local,62,AU,1,2,750,750,-0.002623069620782688,-0.11991666838296731,0.0
G0-local,62,AU,2,3,750,750,0.0013379026071221602,0.0924634751284211,0.0
G0-local,62,AU,3,4,750,334,0.0006520632812683953,-0.04323594320298505,0.0
G0-local,62,VA,0,1,750,750,-0.00035426165138710563,-0.48464854846795663,0.0
G0-local,62,VA,1,2,750,750,1.6912816379761878e-05,-0.02105994251413912,0.0
G0-local,62,VA,2,3,750,750,-9.794058169826345e-05,-0.11738679173988137,0.0
G0-local,62,VA,3,4,750,334,0.0007770157295129247,0.404426555133008,0.0
G0-local,62,expression,0,1,750,750,-0.0012735306007610634,-0.07900266025786082,0.0
G0-local,62,expression,1,2,750,750,-0.004223954267370743,-0.21743173831495088,0.0
G0-local,62,expression,2,3,750,750,-0.0006953121141783212,0.18823827884131633,0.0
G0-local,62,expression,3,4,750,334,0.001634608131995482,0.14343119126459358,0.0
G1-shared,62,AU,0,1,750,750,0.011814349505873515,0.9185071226024152,0.0
G1-shared,62,AU,1,2,750,750,0.010835321735589045,0.7813829415574023,0.0
G1-shared,62,AU,2,3,750,750,0.011040061845193152,0.7940704818149875,0.0
G1-shared,62,AU,3,4,750,334,0.01153396740261342,0.8706744204517499,0.0
G1-shared,62,VA,0,1,750,750,0.004781352554415098,0.9601932402036009,0.0
G1-shared,62,VA,1,2,750,750,0.00422326647503838,0.9483278246231079,0.0
G1-shared,62,VA,2,3,750,750,0.0050898713436676995,0.9619908904161398,0.0
G1-shared,62,VA,3,4,750,334,0.005305374490743807,0.9555201387708769,0.0
G1-shared,62,expression,0,1,750,750,0.005828553763086044,0.8566562962799309,0.0
G1-shared,62,expression,1,2,750,750,0.008538777191523326,0.8944754632699388,0.0
G1-shared,62,expression,2,3,750,750,0.01058117601772967,0.871106980688022,0.0
G1-shared,62,expression,3,4,750,334,0.010712495796989534,0.8920424165975385,0.0
T0,63,AU,0,1,750,750,-0.00043615127934360014,-0.1394281300294178,0.0
T0,63,AU,1,2,750,750,0.0009264736286666561,-0.013243943557479258,0.0
T0,63,AU,2,3,750,750,0.00043275354543214245,0.026167644681598476,0.0
T0,63,AU,3,4,750,599,-0.0009562585557517348,-0.17669782546703514,0.0
T0,63,VA,0,1,750,750,-0.0013547838622030254,-0.192344027278004,0.0
T0,63,VA,1,2,750,750,-0.0008367111413569941,-0.282222775095162,0.0
T0,63,VA,2,3,750,750,4.740955796553228e-05,-0.15246353443927285,0.0
T0,63,VA,3,4,750,599,0.0004797179218657687,0.1344628826925048,0.0
T0,63,expression,0,1,750,750,-0.0017289420132171082,-0.06040413935937772,0.0
T0,63,expression,1,2,750,750,-0.0002452437499033672,-0.09646293189807101,0.0
T0,63,expression,2,3,750,750,-0.00044134355647599416,-0.09349826425025122,0.0
T0,63,expression,3,4,750,599,0.0019203073864709932,0.14096611694156436,0.0
G0-local,63,AU,0,1,750,750,-0.000667428590408254,-0.1906211253257526,0.0
G0-local,63,AU,1,2,750,750,0.002072611785905838,-0.000973410664428967,0.0
G0-local,63,AU,2,3,750,750,0.001965583467901481,0.022592811765715533,0.0
G0-local,63,AU,3,4,750,599,-0.001726918264750374,-0.15956737487609332,0.0
G0-local,63,VA,0,1,750,750,-0.0006588155199529052,-0.16980302341214595,0.0
G0-local,63,VA,1,2,750,750,-0.0002466378146269094,-0.1752723602782487,0.0
G0-local,63,VA,2,3,750,750,8.863963722335013e-05,-0.16362308518705324,0.0
G0-local,63,VA,3,4,750,599,-2.0948721607539425e-05,-0.021698080181410586,0.0
G0-local,63,expression,0,1,750,750,-0.0006382879800938359,-0.06775729573991085,0.0
G0-local,63,expression,1,2,750,750,-0.0010102349536118516,0.02372214057778596,0.0
G0-local,63,expression,2,3,750,750,-7.385888405329435e-05,-0.14767100096543925,0.0
G0-local,63,expression,3,4,750,599,0.0020612121493409946,0.072089013505853,0.0
G1-shared,63,AU,0,1,750,750,0.023876636317616187,0.8285535762647459,0.0
G1-shared,63,AU,1,2,750,750,0.02873181225919163,0.7852005780919562,0.0
G1-shared,63,AU,2,3,750,750,0.03257236991483306,0.7790432705438183,0.0
G1-shared,63,AU,3,4,750,599,0.02740346545857383,0.6903609784681258,0.0
G1-shared,63,VA,0,1,750,750,0.005876606981888783,0.8110940497720129,0.0
G1-shared,63,VA,1,2,750,750,0.006137730286033299,0.7344333603188763,0.0
G1-shared,63,VA,2,3,750,750,0.006873191811376028,0.9278501384543583,0.0
G1-shared,63,VA,3,4,750,599,0.006735643027590594,0.8078344985075119,0.0
G1-shared,63,expression,0,1,750,750,0.020190631433797256,0.8903324182897374,0.0
G1-shared,63,expression,1,2,750,750,0.022710917527540543,0.9461705558075413,0.0
G1-shared,63,expression,2,3,750,750,0.03015690935322686,0.906558200493389,0.0
G1-shared,63,expression,3,4,750,599,0.023938267683897077,0.8699370797644688,0.0
T0,64,AU,0,1,750,750,0.0008135198616360689,-0.0871911182838103,0.0
T0,64,AU,1,2,750,750,0.0005764100427628936,0.07835188105883575,0.0
T0,64,AU,2,3,750,360,-0.0006914462883153107,0.011874087682606461,0.0
T0,64,VA,0,1,750,750,0.0009028137588997615,0.49057651647022743,0.0
T0,64,VA,1,2,750,750,-0.0002592066255014074,0.008346918246339152,0.0
T0,64,VA,2,3,750,360,0.0008628646192935809,-0.0967197689811981,0.0
T0,64,expression,0,1,750,750,0.0012197190207350185,0.062369095588213325,0.0
T0,64,expression,1,2,750,750,-0.0001569023274961087,0.03930043401387881,0.0
T0,64,expression,2,3,750,360,-0.0013481495194427456,0.02508201935419238,0.0
G0-local,64,AU,0,1,750,750,-8.446784373386976e-05,-0.007040142396102115,0.0
G0-local,64,AU,1,2,750,750,-0.0013144100206751964,-0.046715972090688486,0.0
G0-local,64,AU,2,3,750,360,-0.0010594291341817785,-0.08812179507739834,0.0
G0-local,64,VA,0,1,750,750,0.0003902489380343438,0.43370209908732177,0.0
G0-local,64,VA,1,2,750,750,-0.00021924987757247996,-0.026117619984494078,0.0
G0-local,64,VA,2,3,750,360,8.38729195371286e-06,-0.17470356395920877,0.0
G0-local,64,expression,0,1,750,750,0.0005456408216172202,0.05322195371334041,0.0
G0-local,64,expression,1,2,750,750,-0.0010057771794265017,0.03969224222768518,0.0
G0-local,64,expression,2,3,750,360,-0.000567019006173034,0.01894163493836208,0.0
G1-shared,64,AU,0,1,750,750,0.015268264720675304,0.7136097881005885,0.0
G1-shared,64,AU,1,2,750,750,0.017380582130475185,0.8929648128008814,0.0
G1-shared,64,AU,2,3,750,360,0.018084247565674685,0.6999420940861989,0.0
G1-shared,64,VA,0,1,750,750,0.012821295605060169,0.983008127384533,0.0
G1-shared,64,VA,1,2,750,750,0.011548602692181602,0.9637014763289538,0.0
G1-shared,64,VA,2,3,750,360,0.010795308076661538,0.9648413078989291,0.0
G1-shared,64,expression,0,1,750,750,0.018514468636740916,0.8701877415231187,0.0
G1-shared,64,expression,1,2,750,750,0.014655521244680707,0.8824486716683351,0.0
G1-shared,64,expression,2,3,750,360,0.012917972263015231,0.8970250994539071,0.0
T0,65,AU,0,1,750,750,0.0003553879983541537,-0.030503073746992213,0.0
T0,65,AU,1,2,750,185,-0.0025961384829032985,-0.0934639125760358,0.0
T0,65,VA,0,1,750,750,0.0005112336694384008,0.0025618836232140507,0.0
T0,65,VA,1,2,750,185,0.0005195075083961774,-0.09730828765192871,0.0
T0,65,expression,0,1,750,750,0.0002145788359727237,-0.041406701668980375,0.0
T0,65,expression,1,2,750,185,-0.000672575940988134,-0.028903257490986413,0.0
G0-local,65,AU,0,1,750,750,0.001486225004898228,0.0024122855581632813,0.0
G0-local,65,AU,1,2,750,185,-0.0027773214634993952,-0.04400862023063377,0.0
G0-local,65,VA,0,1,750,750,0.0003026963753350694,0.09003752027519227,0.0
G0-local,65,VA,1,2,750,185,5.1758194185372536e-05,-0.2610276656495807,0.0
G0-local,65,expression,0,1,750,750,0.0005665753388350275,0.05582202050980237,0.0
G0-local,65,expression,1,2,750,185,-0.001026314874234166,-0.012085898161137039,0.0
G1-shared,65,AU,0,1,750,750,0.012648845377787947,0.7016231311838094,0.0
G1-shared,65,AU,1,2,750,185,0.01739982188641925,0.7277715388804856,0.0
G1-shared,65,VA,0,1,750,750,0.0032547591440374394,0.8763602178446259,0.0
G1-shared,65,VA,1,2,750,185,0.0037270629555143904,0.7845044582681859,0.0
G1-shared,65,expression,0,1,750,750,0.006295970813895994,0.8694694910183955,0.0
G1-shared,65,expression,1,2,750,185,0.007363373398282304,0.8137637664172455,0.0
T0,66,AU,0,1,750,750,0.0011751507321765588,0.07671363124661992,0.0
T0,66,AU,1,2,750,750,0.0009136359633984016,0.020297391683702298,0.0
T0,66,AU,2,3,750,363,0.0022459516128809872,0.09301949211365829,0.0
T0,66,VA,0,1,750,750,-0.0011477052412382338,-0.24972953318365781,0.0
T0,66,VA,1,2,750,750,0.0006753296487518289,0.3086733508490058,0.0
T0,66,VA,2,3,750,363,2.4962299690556072e-05,-0.10812027745201266,0.0
T0,66,expression,0,1,750,750,0.0007161461106413762,0.15225661794211767,0.0
T0,66,expression,1,2,750,750,0.00042536867084820985,-0.01786557216721836,0.0
T0,66,expression,2,3,750,363,-0.0007657883040974477,-0.061462819195326784,0.0
G0-local,66,AU,0,1,750,750,0.0004153199966578864,0.03732471870535961,0.0
G0-local,66,AU,1,2,750,750,-0.0002893518728609915,-0.08318062025318108,0.0
G0-local,66,AU,2,3,750,363,-0.0006646729069335792,0.04952122213865542,0.0
G0-local,66,VA,0,1,750,750,-0.00045480412964246067,-0.3013632890091309,0.0
G0-local,66,VA,1,2,750,750,0.0004404720394496196,0.4943714366779649,0.0
G0-local,66,VA,2,3,750,363,7.532936207037139e-05,-0.04669528759952857,0.0
G0-local,66,expression,0,1,750,750,-0.00026991215129987516,0.1700469561146294,0.0
G0-local,66,expression,1,2,750,750,0.0005303333674664255,0.09760254076535789,0.0
G0-local,66,expression,2,3,750,363,-8.221430847779181e-05,-0.0011057515983713129,0.0
G1-shared,66,AU,0,1,750,750,0.010594039721491815,0.6041898318759829,0.0
G1-shared,66,AU,1,2,750,750,0.015441927799602236,0.6333947003777026,0.0
G1-shared,66,AU,2,3,750,363,0.010625347995308267,0.6857246363500751,0.0
G1-shared,66,VA,0,1,750,750,0.004874849142821618,0.8967708591022808,0.0
G1-shared,66,VA,1,2,750,750,0.00502377306404099,0.9733138368705652,0.0
G1-shared,66,VA,2,3,750,363,0.0048798453741567445,0.8942719186315338,0.0
G1-shared,66,expression,0,1,750,750,0.014033161451633932,0.9028162429146485,0.0
G1-shared,66,expression,1,2,750,750,0.018057285668149837,0.8679247241033332,0.0
G1-shared,66,expression,2,3,750,363,0.02038452696395935,0.869278495936714,0.0
T0,67,AU,0,1,750,750,0.000127967313308647,0.07230186102882,0.0
T0,67,AU,1,2,750,209,-0.004520793999333433,-0.13426539585051103,0.0
T0,67,VA,0,1,750,750,0.0001597726079677457,0.04790555620989752,0.0
T0,67,VA,1,2,750,209,-0.0008602617644999533,0.014415962801334892,0.0
T0,67,expression,0,1,750,750,0.0007430875529716324,-0.02217589721514719,0.0
T0,67,expression,1,2,750,209,-0.0004798550432965734,-0.062092802187742546,0.0
G0-local,67,AU,0,1,750,750,0.0014194682852802037,0.10647569654993762,0.0
G0-local,67,AU,1,2,750,209,-0.0005008856520211101,-0.03035091686862191,0.0
G0-local,67,VA,0,1,750,750,0.000161309202372219,0.09899588582078717,0.0
G0-local,67,VA,1,2,750,209,-0.0002661890733926008,-0.015453129126092258,0.0
G0-local,67,expression,0,1,750,750,0.0007370023961715315,0.1623628859332463,0.0
G0-local,67,expression,1,2,750,209,-0.0006599289356504245,-0.033133138436045866,0.0
G1-shared,67,AU,0,1,750,750,0.014172350749303909,0.6669756230851004,0.0
G1-shared,67,AU,1,2,750,209,0.020480699229836117,0.7862635670776588,0.0
G1-shared,67,VA,0,1,750,750,0.0095457274069143,0.9441095536906061,0.0
G1-shared,67,VA,1,2,750,209,0.012953740735225289,0.9566768123756669,0.0
G1-shared,67,expression,0,1,750,750,0.016862173827982038,0.8775089272584427,0.0
G1-shared,67,expression,1,2,750,209,0.024902641152217173,0.791255010735332,0.0
T0,68,AU,0,1,750,750,0.00025007124905856407,0.06507176010669592,0.0
T0,68,AU,1,2,750,750,-0.0011703148654680846,-0.07847999652413187,0.0
T0,68,AU,2,3,750,750,0.0003127172330526559,0.03356831893529136,0.0
T0,68,AU,3,4,750,750,0.0019362062499584652,-0.01555654199061804,0.0
T0,68,AU,4,5,750,750,0.0035928593116062424,-0.04912146699341555,0.0
T0,68,AU,5,6,750,58,4.3536748100882496e-05,0.04334325385815264,0.0
T0,68,VA,0,1,750,750,0.00023535463761165855,0.10423373915418627,0.0
T0,68,VA,1,2,750,750,-0.0005308032836760753,-0.25601193836184544,0.0
T0,68,VA,2,3,750,750,-9.46109997433594e-05,-0.05937635115081291,0.0
T0,68,VA,3,4,750,750,-0.0005198455133588734,-0.11823809011395886,0.0
T0,68,VA,4,5,750,750,0.00013099029164387966,0.013192686360822839,0.0
T0,68,VA,5,6,750,58,0.0005519919659846564,0.10850480316370276,0.0
T0,68,expression,0,1,750,750,-0.0010825083039201304,0.0563025827721665,0.0
T0,68,expression,1,2,750,750,-7.102974107652554e-05,-0.17083324131502856,0.0
T0,68,expression,2,3,750,750,-0.001909743674343103,-0.034835250411958354,0.0
T0,68,expression,3,4,750,750,-0.0025397708617923734,-0.28742322649414653,0.0
T0,68,expression,4,5,750,750,0.004151799107423715,0.1889033115823292,0.0
T0,68,expression,5,6,750,58,0.002090804195566262,0.2066467612965751,0.0
G0-local,68,AU,0,1,750,750,0.0019803922910554693,0.2541719055149091,0.0
G0-local,68,AU,1,2,750,750,-0.0006872065712881386,-0.05862070386410206,0.0
G0-local,68,AU,2,3,750,750,0.003238514762513279,0.03003663871822775,0.0
G0-local,68,AU,3,4,750,750,-0.0014952083061115405,-0.11680685863720484,0.0
G0-local,68,AU,4,5,750,750,0.0020816704550651577,0.08845363274900458,0.0
G0-local,68,AU,5,6,750,58,0.001410667062408486,-0.023061415141346114,0.0
G0-local,68,VA,0,1,750,750,9.109140835977937e-05,0.010732007890340567,0.0
G0-local,68,VA,1,2,750,750,-0.0003648932538703706,-0.3355792730086209,0.0
G0-local,68,VA,2,3,750,750,-3.248823146731388e-05,-0.04242363937334956,0.0
G0-local,68,VA,3,4,750,750,-0.0003001506226136376,-0.0985355235333567,0.0
G0-local,68,VA,4,5,750,750,9.230527950810696e-05,0.015400395347888757,0.0
G0-local,68,VA,5,6,750,58,2.597153341667098e-06,0.016978139372153207,0.0
G0-local,68,expression,0,1,750,750,0.0001900294112249533,0.18444767376761304,0.0
G0-local,68,expression,1,2,750,750,-0.0007006575913497572,-0.18351811071188417,0.0
G0-local,68,expression,2,3,750,750,-0.0011324525173847019,-0.015991664094167093,0.0
G0-local,68,expression,3,4,750,750,-0.0026429944260756935,-0.16889149810251386,0.0
G0-local,68,expression,4,5,750,750,0.0032870812432576678,0.3274223145417482,0.0
G0-local,68,expression,5,6,750,58,0.006488793596858942,0.29659712461940324,0.0
G1-shared,68,AU,0,1,750,750,0.012811852035289577,0.6355792196598373,0.0
G1-shared,68,AU,1,2,750,750,0.012727262775514343,0.5127382859987643,0.0
G1-shared,68,AU,2,3,750,750,0.01689499889843173,0.7698547654483573,0.0
G1-shared,68,AU,3,4,750,750,0.020102606330250208,0.8907086486535681,0.0
G1-shared,68,AU,4,5,750,750,0.019433533980647764,0.862589998226704,0.0
G1-shared,68,AU,5,6,750,58,0.015912566925931838,0.33693036329698395,0.0
G1-shared,68,VA,0,1,750,750,0.009346379935771323,0.9493872313404335,0.0
G1-shared,68,VA,1,2,750,750,0.009685519701231956,0.9366167737015112,0.0
G1-shared,68,VA,2,3,750,750,0.011309265590655716,0.9724021338672337,0.0
G1-shared,68,VA,3,4,750,750,0.012333953038878152,0.9730981177027512,0.0
G1-shared,68,VA,4,5,750,750,0.011821058728008,0.9796391029715382,0.0
G1-shared,68,VA,5,6,750,58,0.007526087401198799,0.7372851832292826,0.0
G1-shared,68,expression,0,1,750,750,0.02632315985914962,0.8056414043970475,0.0
G1-shared,68,expression,1,2,750,750,0.031322036154977945,0.70910046609371,0.0
G1-shared,68,expression,2,3,750,750,0.03357744080175743,0.8825058125483088,0.0
G1-shared,68,expression,3,4,750,750,0.03375348654443168,0.8825161211936543,0.0
G1-shared,68,expression,4,5,750,750,0.03546211024387555,0.9596421420152303,0.0
G1-shared,68,expression,5,6,750,58,0.01743646131448806,0.5951103844274978,0.0
T0,69,AU,0,1,750,750,0.00038348950755901694,0.010087976819755396,0.0
T0,69,AU,1,2,750,750,0.00022676505295946646,0.04243031997530291,0.0
T0,69,AU,2,3,750,750,-0.00166462531837442,0.11612727325464708,0.0
T0,69,AU,3,4,750,750,-0.000253789669476191,0.03733823017183201,0.0
T0,69,AU,4,5,750,723,-0.0005368616009984209,-0.039111106196776164,0.0
T0,69,VA,0,1,750,750,0.000472030410124248,0.27170409699029213,0.0
T0,69,VA,1,2,750,750,0.00029471245181180946,0.2045050572397137,0.0
T0,69,VA,2,3,750,750,0.0004014423125539442,0.27213565610202783,0.0
T0,69,VA,3,4,750,750,-0.0002865186986119247,-0.2831166652613742,0.0
T0,69,VA,4,5,750,723,-0.0003578057011027076,-0.19891234117784912,0.0
T0,69,expression,0,1,750,750,-0.001597359515388315,0.0963790979876934,0.0
T0,69,expression,1,2,750,750,-0.0009964923041820939,-0.012329890909631665,0.0
T0,69,expression,2,3,750,750,0.0022963038588309725,0.2810857550710606,0.0
T0,69,expression,3,4,750,750,-0.001595817405749416,-0.05241095884280933,0.0
T0,69,expression,4,5,750,723,0.003902007989186778,0.2761889384981758,0.0
G0-local,69,AU,0,1,750,750,0.00019685428298903446,0.13317040626476,0.0
G0-local,69,AU,1,2,750,750,0.0010111325107641416,0.11763476644043731,0.0
G0-local,69,AU,2,3,750,750,-0.004242443346630316,0.08290521423784994,0.0
G0-local,69,AU,3,4,750,750,-0.0011980977714105372,0.07933119644779506,0.0
G0-local,69,AU,4,5,750,723,-0.003162864921922326,0.08133852530926923,0.0
G0-local,69,VA,0,1,750,750,0.0003223048386018101,0.342177927961892,0.0
G0-local,69,VA,1,2,750,750,0.00014836903567652475,0.20878904131583176,0.0
G0-local,69,VA,2,3,750,750,0.00016974148095769343,0.2874568065522951,0.0
G0-local,69,VA,3,4,750,750,-0.00018401728697563683,-0.2872637272884719,0.0
G0-local,69,VA,4,5,750,723,-8.699334052226601e-05,-0.061810934954449996,0.0
G0-local,69,expression,0,1,750,750,0.00010171991256229727,0.08722630589399413,0.0
G0-local,69,expression,1,2,750,750,-0.000580574106002186,0.0788267959754219,0.0
G0-local,69,expression,2,3,750,750,0.0006615132157221679,0.08715767109092994,0.0
G0-local,69,expression,3,4,750,750,-0.001628506619775899,0.048864802711827596,0.0
G0-local,69,expression,4,5,750,723,-0.0017778514070289108,0.0746994599042052,0.0
G1-shared,69,AU,0,1,750,750,0.025405748784405355,0.7825027841461853,0.0
G1-shared,69,AU,1,2,750,750,0.030062169157321385,0.9783173910705926,0.0
G1-shared,69,AU,2,3,750,750,0.026745163087027908,0.9859509549559957,0.0
G1-shared,69,AU,3,4,750,750,0.028962237047056614,0.9629706309767336,0.0
G1-shared,69,AU,4,5,750,723,0.035158875022446946,0.8678292549269031,0.0
G1-shared,69,VA,0,1,750,750,0.007097114168238276,0.9729016357037064,0.0
G1-shared,69,VA,1,2,750,750,0.008035073620047144,0.9895138193353896,0.0
G1-shared,69,VA,2,3,750,750,0.008191794785378067,0.9914609193844528,0.0
G1-shared,69,VA,3,4,750,750,0.007860437654000005,0.9830529850742997,0.0
G1-shared,69,VA,4,5,750,723,0.007675453551278297,0.9577866186670405,0.0
G1-shared,69,expression,0,1,750,750,0.014160771433150462,0.9736746231335943,0.0
G1-shared,69,expression,1,2,750,750,0.014462908003509488,0.9506006853386719,0.0
G1-shared,69,expression,2,3,750,750,0.01301195690179728,0.9238518748518423,0.0
G1-shared,69,expression,3,4,750,750,0.011835394920556531,0.9357036136295952,0.0
G1-shared,69,expression,4,5,750,723,0.01331136930894792,0.9483171550079459,0.0
T0,70,AU,0,1,750,750,0.00046100808470340494,-0.10928417139029191,0.0
T0,70,AU,1,2,750,750,0.001201627722384587,0.04025599963579027,0.0
T0,70,AU,2,3,750,750,-0.0009388956173533047,-0.04899016361322472,0.0
T0,70,AU,3,4,750,729,-0.00014102659230955239,-0.0637099348506014,0.0
T0,70,VA,0,1,750,750,0.00026235607050286873,0.12285935303365314,0.0
T0,70,VA,1,2,750,750,0.000263341955282956,0.03248790736221373,0.0
T0,70,VA,2,3,750,750,-0.0007184042681196265,-0.6803188279735033,0.0
T0,70,VA,3,4,750,729,0.0002530556909736461,0.18893170626706646,0.0
T0,70,expression,0,1,750,750,-0.0016711971400922556,0.21536849495210297,0.0
T0,70,expression,1,2,750,750,0.0005382661486208642,0.047223194929677074,0.0
T0,70,expression,2,3,750,750,-0.0010990981291356433,-0.021753118945048232,0.0
T0,70,expression,3,4,750,729,0.004498851778119152,0.2346514981803862,0.0
G0-local,70,AU,0,1,750,750,0.0003325304892707803,-0.22284231028472684,0.0
G0-local,70,AU,1,2,750,750,0.0012996014825815167,0.01921984647757492,0.0
G0-local,70,AU,2,3,750,750,-0.002028798871156366,-0.21225443278357797,0.0
G0-local,70,AU,3,4,750,729,0.0008721924989839452,-0.039032346510215025,0.0
G0-local,70,VA,0,1,750,750,9.974023797925421e-05,0.07665878441817264,0.0
G0-local,70,VA,1,2,750,750,8.068596611333596e-05,0.0018799646359068112,0.0
G0-local,70,VA,2,3,750,750,-0.00043378763681823707,-0.631016049616492,0.0
G0-local,70,VA,3,4,750,729,2.7780073266706458e-05,0.05987040617027592,0.0
G0-local,70,expression,0,1,750,750,0.0006371048011199657,0.18861096116847467,0.0
G0-local,70,expression,1,2,750,750,-4.717530784571463e-06,-0.008220358989400503,0.0
G0-local,70,expression,2,3,750,750,-0.0013178460874675078,-0.12063569268435965,0.0
G0-local,70,expression,3,4,750,729,0.0024362298194379453,0.25169163953308343,0.0
G1-shared,70,AU,0,1,750,750,0.021775011156911644,0.8316907302662979,0.0
G1-shared,70,AU,1,2,750,750,0.02308005606739443,0.7584449364677189,0.0
G1-shared,70,AU,2,3,750,750,0.02332407211655468,0.90538610027385,0.0
G1-shared,70,AU,3,4,750,729,0.02229582165855019,0.9077322199765728,0.0
G1-shared,70,VA,0,1,750,750,0.006853609220028626,0.97009665228469,0.0
G1-shared,70,VA,1,2,750,750,0.007471839581739708,0.9639928404476681,0.0
G1-shared,70,VA,2,3,750,750,0.008572816110503118,0.9675648237182746,0.0
G1-shared,70,VA,3,4,750,729,0.008778446671569653,0.9881659817892112,0.0
G1-shared,70,expression,0,1,750,750,0.02706403222985556,0.8359158042682251,0.0
G1-shared,70,expression,1,2,750,750,0.0299024143460792,0.7904448435152274,0.0
G1-shared,70,expression,2,3,750,750,0.029007338702040263,0.8662656658249996,0.0
G1-shared,70,expression,3,4,750,729,0.027356683410115646,0.8745425796699333,0.0
T0,71,AU,0,1,750,750,0.00020848328404191299,0.09044880749754951,0.0
T0,71,AU,1,2,750,750,0.0029882689217164225,0.28706440811521156,0.0
T0,71,AU,2,3,750,750,-0.0002674559654063611,-0.07074701872745778,0.0
T0,71,AU,3,4,750,750,8.099221302445909e-05,0.06978448603487458,0.0
T0,71,AU,4,5,750,750,0.0007015876409893436,0.010732240778129943,0.0
T0,71,AU,5,6,750,61,0.006080173009873708,0.19852048686557844,0.0
T0,71,VA,0,1,750,750,6.661585479754764e-05,0.012319247637926356,0.0
T0,71,VA,1,2,750,750,-5.887439116155567e-06,-0.00743901779891145,0.0
T0,71,VA,2,3,750,750,4.3864235238753876e-05,0.026393314118643117,0.0
T0,71,VA,3,4,750,750,0.00033217895735598683,0.09576634016187564,0.0
T0,71,VA,4,5,750,750,2.8474084127984864e-05,0.07941851212543255,0.0
T0,71,VA,5,6,750,61,-0.0028007961296706895,-0.17355790090727335,0.0
T0,71,expression,0,1,750,750,0.0009600641441968396,0.21885893536416798,0.0
T0,71,expression,1,2,750,750,-0.0003198768665433511,0.06778650562279372,0.0
T0,71,expression,2,3,750,750,-0.0003643784137298733,0.06777635573708476,0.0
T0,71,expression,3,4,750,750,-0.0002445235761648873,0.05001269252040911,0.0
T0,71,expression,4,5,750,750,0.0008073851363381292,0.0743968571097489,0.0
T0,71,expression,5,6,750,61,0.0014335026073951135,-0.11469360126325383,0.0
G0-local,71,AU,0,1,750,750,0.0013110214955067063,0.1269201020327096,0.0
G0-local,71,AU,1,2,750,750,0.006118142692770003,0.3081989231379478,0.0
G0-local,71,AU,2,3,750,750,9.126899113487377e-05,0.14559340806134186,0.0
G0-local,71,AU,3,4,750,750,-0.0010812798509029326,-0.016843352568475963,0.0
G0-local,71,AU,4,5,750,750,0.0006373130299380718,0.11945088996945427,0.0
G0-local,71,AU,5,6,750,61,0.006842057836557496,0.12054904190100155,0.0
G0-local,71,VA,0,1,750,750,2.52715119489402e-05,-0.015499859895274248,0.0
G0-local,71,VA,1,2,750,750,5.329154611063835e-05,0.10278915196084693,0.0
G0-local,71,VA,2,3,750,750,2.8611063219866768e-05,0.02311355107377773,0.0
G0-local,71,VA,3,4,750,750,0.00021788280589043975,0.08590043095255463,0.0
G0-local,71,VA,4,5,750,750,-9.30007293894178e-05,0.004371373863016559,0.0
G0-local,71,VA,5,6,750,61,-0.0009794521659682112,-0.07506968430861888,0.0
G0-local,71,expression,0,1,750,750,0.0009357275075064335,0.1813235592641136,0.0
G0-local,71,expression,1,2,750,750,0.0005719112292018352,0.09257522230640755,0.0
G0-local,71,expression,2,3,750,750,0.0011298563963619346,0.24449609153050783,0.0
G0-local,71,expression,3,4,750,750,-0.00014510862710454334,0.03406330828783708,0.0
G0-local,71,expression,4,5,750,750,0.0009973080468272213,0.043540451001283884,0.0
G0-local,71,expression,5,6,750,61,-0.00041895969820322955,-0.19422200609787682,0.0
G1-shared,71,AU,0,1,750,750,0.014414559466154643,0.7077589289053968,0.0
G1-shared,71,AU,1,2,750,750,0.015865566735374627,0.7902940393035511,0.0
G1-shared,71,AU,2,3,750,750,0.015608104288875916,0.8044774791316667,0.0
G1-shared,71,AU,3,4,750,750,0.018979953873363598,0.8695951088784957,0.0
G1-shared,71,AU,4,5,750,750,0.020665251825442148,0.9340383421013846,0.0
G1-shared,71,AU,5,6,750,61,0.013152686977216978,0.5857545864641623,0.0
G1-shared,71,VA,0,1,750,750,0.012702612147402547,0.9892040970960136,0.0
G1-shared,71,VA,1,2,750,750,0.01444446014562892,0.9831696525355454,0.0
G1-shared,71,VA,2,3,750,750,0.016674059238127485,0.9853532782489778,0.0
G1-shared,71,VA,3,4,750,750,0.0159747600412126,0.9844705114665889,0.0
G1-shared,71,VA,4,5,750,750,0.014468619283790018,0.9855131645860926,0.0
G1-shared,71,VA,5,6,750,61,0.014298150881135162,0.8387686976765957,0.0
G1-shared,71,expression,0,1,750,750,0.021523396729208624,0.8913488400733742,0.0
G1-shared,71,expression,1,2,750,750,0.02518364847983767,0.9343735585879583,0.0
G1-shared,71,expression,2,3,750,750,0.0264202995336413,0.9344218448685804,0.0
G1-shared,71,expression,3,4,750,750,0.02203313768306243,0.9542997541107362,0.0
G1-shared,71,expression,4,5,750,750,0.019887824784694797,0.970987108056294,0.0
G1-shared,71,expression,5,6,750,61,0.004848396915402274,0.625072306554581,0.0
T0,72,AU,0,1,750,750,-0.001877840256964366,-0.13680595677654886,0.0
T0,72,AU,1,2,750,750,-0.0005817883917490815,-0.026303141713875444,0.0
T0,72,AU,2,3,750,750,-0.0020220892277199518,-0.10226776508042175,0.0
T0,72,AU,3,4,750,416,-0.0009120394433540498,0.1911430647886747,0.0
T0,72,VA,0,1,750,750,-0.0002593936612689141,0.10160669796729913,0.0
T0,72,VA,1,2,750,750,-0.0001060980002194967,-0.039407472685953265,0.0
T0,72,VA,2,3,750,750,-0.0007291386207354004,-0.29305894564128476,0.0
T0,72,VA,3,4,750,416,-0.0007526414535522904,-0.2638581019088703,0.0
T0,72,expression,0,1,750,750,-0.001983637541404808,0.1988563886271725,0.0
T0,72,expression,1,2,750,750,0.0005250589907267259,0.09641630466045006,0.0
T0,72,expression,2,3,750,750,-0.00281851674719372,-0.10307606112560665,0.0
T0,72,expression,3,4,750,416,-0.0025293004783563957,-0.06822301774015627,0.0
G0-local,72,AU,0,1,750,750,-0.00014359006275237215,-0.03159908708674113,0.0
G0-local,72,AU,1,2,750,750,0.000602678953376149,0.13416285810777923,0.0
G0-local,72,AU,2,3,750,750,-0.003062204983264295,-0.12210940262746303,0.0
G0-local,72,AU,3,4,750,416,-0.0015461632708852072,0.02973088225197262,0.0
G0-local,72,VA,0,1,750,750,-8.26050139050809e-05,0.05183645234007381,0.0
G0-local,72,VA,1,2,750,750,-4.731466839095646e-05,-0.010363227439350899,0.0
G0-local,72,VA,2,3,750,750,-0.000156458697715571,-0.17139323982759533,0.0
G0-local,72,VA,3,4,750,416,-0.0003091242001915087,-0.20624848630476655,0.0
G0-local,72,expression,0,1,750,750,-0.0003640739665190189,0.19736523354085575,0.0
G0-local,72,expression,1,2,750,750,-0.0005188298687414775,-0.1155013459178953,0.0
G0-local,72,expression,2,3,750,750,-0.0013054691603188145,-0.031855508344934266,0.0
G0-local,72,expression,3,4,750,416,-0.001483101906791825,-0.1652179134471299,0.0
G1-shared,72,AU,0,1,750,750,0.019909234576655218,0.8344767282752306,0.0
G1-shared,72,AU,1,2,750,750,0.025817347124259978,0.9137668957148936,0.0
G1-shared,72,AU,2,3,750,750,0.022816832040421123,0.8283956429287158,0.0
G1-shared,72,AU,3,4,750,416,0.022178161947433713,0.7755251990181031,0.0
G1-shared,72,VA,0,1,750,750,0.015564281855047542,0.9676240839312003,0.0
G1-shared,72,VA,1,2,750,750,0.016835075967466688,0.9840507988803674,0.0
G1-shared,72,VA,2,3,750,750,0.014424995145558102,0.9764823362229196,0.0
G1-shared,72,VA,3,4,750,416,0.013527044819402052,0.9444538604879049,0.0
G1-shared,72,expression,0,1,750,750,0.014562929257279332,0.9144020106268962,0.0
G1-shared,72,expression,1,2,750,750,0.014481806665962918,0.9337926689879907,0.0
G1-shared,72,expression,2,3,750,750,0.013132260711797506,0.9119405533802409,0.0
G1-shared,72,expression,3,4,750,416,0.015622369028376893,0.9048863022317122,0.0
T0,73,AU,0,1,750,750,0.0005414472872580926,0.1626460530382624,0.0
T0,73,AU,1,2,750,750,0.0006866501218193401,0.057583477073409516,0.0
T0,73,AU,2,3,750,750,-0.0011251900396387904,-0.09952842155176747,0.0
T0,73,AU,3,4,750,596,0.00020384219112422162,0.25347117272877967,0.0
T0,73,VA,0,1,750,750,0.00046998203262294767,0.2183008306410578,0.0
T0,73,VA,1,2,750,750,0.0010861924058818073,0.38944667030511776,0.0
T0,73,VA,2,3,750,750,-3.1114040384355284e-05,0.0870714132329747,0.0
T0,73,VA,3,4,750,596,-0.0003625533919956748,-0.19188172810390536,0.0
T0,73,expression,0,1,750,750,0.00230643404247816,0.13259921205665398,0.0
T0,73,expression,1,2,750,750,0.00028365562034210484,0.15714714626080958,0.0
T0,73,expression,2,3,750,750,0.0013889471088032153,-0.050836429253789506,0.0
T0,73,expression,3,4,750,596,-0.0009395753274348681,-0.008672651207237342,0.0
G0-local,73,AU,0,1,750,750,-0.000787313213902478,-0.01224012394507897,0.0
G0-local,73,AU,1,2,750,750,0.0007842903743986759,0.06790549490489203,0.0
G0-local,73,AU,2,3,750,750,-0.0012385180622536492,-0.045917656654181196,0.0
G0-local,73,AU,3,4,750,596,0.0006969973083675476,0.15615340225787963,0.0
G0-local,73,VA,0,1,750,750,-0.00011972000141303128,-0.09406756821799118,0.0
G0-local,73,VA,1,2,750,750,0.0003129235641779256,0.39152610024052814,0.0
G0-local,73,VA,2,3,750,750,2.0771548766526186e-05,0.09980928782112608,0.0
G0-local,73,VA,3,4,750,596,-6.92893047920194e-05,-0.04372087741062921,0.0
G0-local,73,expression,0,1,750,750,0.001511087456551775,0.1583114505939324,0.0
G0-local,73,expression,1,2,750,750,0.0007643247487485805,0.19563275449478046,0.0
G0-local,73,expression,2,3,750,750,0.0005021868399900368,-0.04772284533022728,0.0
G0-local,73,expression,3,4,750,596,-0.000950689081343023,-0.12261136378472368,0.0
G1-shared,73,AU,0,1,750,750,0.020251855085197477,0.7289743403930131,0.0
G1-shared,73,AU,1,2,750,750,0.021412244394730405,0.7825609997124211,0.0
G1-shared,73,AU,2,3,750,750,0.021133433497780685,0.635612777563949,0.0
G1-shared,73,AU,3,4,750,596,0.023636822271803103,0.8467014385133353,0.0
G1-shared,73,VA,0,1,750,750,0.009120360277873975,0.9820132304175682,0.0
G1-shared,73,VA,1,2,750,750,0.009981120340237678,0.983115857887847,0.0
G1-shared,73,VA,2,3,750,750,0.01047506431736922,0.9759902057829735,0.0
G1-shared,73,VA,3,4,750,596,0.010398298998048602,0.9490940995607364,0.0
G1-shared,73,expression,0,1,750,750,0.023172300424508397,0.9550189904550761,0.0
G1-shared,73,expression,1,2,750,750,0.02692793678665903,0.9847398145958124,0.0
G1-shared,73,expression,2,3,750,750,0.027861320304285408,0.9399827062111528,0.0
G1-shared,73,expression,3,4,750,596,0.03009137796272769,0.9719437682504966,0.0
T0,74,AU,0,1,750,750,0.00026774666376679627,0.11400827492318485,0.0
T0,74,AU,1,2,750,750,0.0013612013893954014,0.03087571354812761,0.0
T0,74,AU,2,3,750,750,-0.001881795062505037,-0.15998387806786019,0.0
T0,74,AU,3,4,750,750,-0.0006929470951461959,-0.11495280460478803,0.0
T0,74,AU,4,5,750,750,0.0003187168156367829,0.08919548265232861,0.0
T0,74,AU,5,6,750,750,0.0008319428099149669,-0.016512952514892345,0.0
T0,74,AU,6,7,750,29,0.0011003637155428407,0.09143872022344005,0.0
T0,74,VA,0,1,750,750,0.0006425478753426155,0.36636922567238717,0.0
T0,74,VA,1,2,750,750,0.0005221520421618323,0.4176517582914905,0.0
T0,74,VA,2,3,750,750,-0.0006682806932744149,-0.012384597115397411,0.0
T0,74,VA,3,4,750,750,-0.0003396979422026903,-0.12060526189282728,0.0
T0,74,VA,4,5,750,750,-0.000827200632496618,-0.3456571446926525,0.0
T0,74,VA,5,6,750,750,-0.0006478653062805385,-0.4937601958939293,0.0
T0,74,VA,6,7,750,29,-0.001135430379111513,-0.14653918357860174,0.0
T0,74,expression,0,1,750,750,0.0012750326195517074,0.1583135042904414,0.0
T0,74,expression,1,2,750,750,0.00046075602281927196,0.0010526442624731874,0.0
T0,74,expression,2,3,750,750,-0.0019926545674959343,-0.13887294367082145,0.0
T0,74,expression,3,4,750,750,-0.0002472589841430032,0.1268451969010479,0.0
T0,74,expression,4,5,750,750,0.0008810686120454043,0.03286729120052038,0.0
T0,74,expression,5,6,750,750,-0.00043192769036591507,-0.07152790370113839,0.0
T0,74,expression,6,7,750,29,0.0016295790575684699,-0.06727788946726558,0.0
G0-local,74,AU,0,1,750,750,0.0014141971918181684,0.226732051033178,0.0
G0-local,74,AU,1,2,750,750,-0.0023631044109852254,-0.1885476671415615,0.0
G0-local,74,AU,2,3,750,750,-0.0011416965121830906,-0.22520333608505594,0.0
G0-local,74,AU,3,4,750,750,0.00011410793840620719,0.031208088973916154,0.0
G0-local,74,AU,4,5,750,750,-0.0008186585988979334,-0.04495791160613392,0.0
G0-local,74,AU,5,6,750,750,0.0021896167981040274,0.12270525231197557,0.0
G0-local,74,AU,6,7,750,29,0.0010899551850869903,0.09815457679661216,0.0
G0-local,74,VA,0,1,750,750,0.0004727940904321173,0.43581351158658743,0.0
G0-local,74,VA,1,2,750,750,0.00026741884098551203,0.3702125780180198,0.0
G0-local,74,VA,2,3,750,750,-0.00030721585055594735,-0.19034412229072717,0.0
G0-local,74,VA,3,4,750,750,-9.449162328647345e-05,-0.11105585246608436,0.0
G0-local,74,VA,4,5,750,750,-0.0003812529857345094,-0.27837018399111335,0.0
G0-local,74,VA,5,6,750,750,-0.000436890340486741,-0.4558373440503983,0.0
G0-local,74,VA,6,7,750,29,-0.001475661711661648,-0.2912435677663309,0.0
G0-local,74,expression,0,1,750,750,0.0002549199937684886,0.18618166077639936,0.0
G0-local,74,expression,1,2,750,750,-0.00035569397742999965,0.0030565751991052936,0.0
G0-local,74,expression,2,3,750,750,-0.0013406220954604816,-0.1453924886718125,0.0
G0-local,74,expression,3,4,750,750,0.0019039928599587565,0.23898982209809294,0.0
G0-local,74,expression,4,5,750,750,-0.0005922667375929154,-0.016771663536133817,0.0
G0-local,74,expression,5,6,750,750,-0.0006752361187161892,0.03180761618042612,0.0
G0-local,74,expression,6,7,750,29,-0.0002015622502062596,-0.017765799222285668,0.0
G1-shared,74,AU,0,1,750,750,0.01698097405644106,0.8436077998121578,0.0
G1-shared,74,AU,1,2,750,750,0.015637502534430994,0.6565123664788732,0.0
G1-shared,74,AU,2,3,750,750,0.015310182056764033,0.5876620154111168,0.0
G1-shared,74,AU,3,4,750,750,0.020800968686183263,0.6982271208657639,0.0
G1-shared,74,AU,4,5,750,750,0.019964577051904422,0.8416347853441715,0.0
G1-shared,74,AU,5,6,750,750,0.01752754958654832,0.7282057690605427,0.0
G1-shared,74,AU,6,7,750,29,0.010358924322388696,0.4284182715246912,0.0
G1-shared,74,VA,0,1,750,750,0.005770662682641243,0.9672300165456714,0.0
G1-shared,74,VA,1,2,750,750,0.005855636020235628,0.9668270730385029,0.0
G1-shared,74,VA,2,3,750,750,0.005932464203217189,0.9347604306050028,0.0
G1-shared,74,VA,3,4,750,750,0.005789003851114187,0.9121246456233791,0.0
G1-shared,74,VA,4,5,750,750,0.006065363457405201,0.9210983933658918,0.0
G1-shared,74,VA,5,6,750,750,0.0058528564687512245,0.864406824388672,0.0
G1-shared,74,VA,6,7,750,29,0.006678598630586329,0.6769390163607135,0.0
G1-shared,74,expression,0,1,750,750,0.01407029299502616,0.8222996973373349,0.0
G1-shared,74,expression,1,2,750,750,0.01598160011469603,0.7595585249648524,0.0
G1-shared,74,expression,2,3,750,750,0.009647960352499655,0.8376848711932624,0.0
G1-shared,74,expression,3,4,750,750,0.009835313172949677,0.8069597496013435,0.0
G1-shared,74,expression,4,5,750,750,0.009446038820223282,0.9195471987590415,0.0
G1-shared,74,expression,5,6,750,750,0.00855229570241442,0.8140795449311147,0.0
G1-shared,74,expression,6,7,750,29,0.0038220194748964493,0.1821750960089301,0.0
T0,75,AU,0,1,750,750,0.0003849671268139037,0.06404271522130693,0.0
T0,75,AU,1,2,750,750,0.0004496009693673291,0.003030438033172122,0.0
T0,75,AU,2,3,750,750,0.0008221376137908501,0.011846885533193055,0.0
T0,75,AU,3,4,750,750,0.0006931255248122887,0.0794916949594111,0.0
T0,75,AU,4,5,750,750,-0.0006084949345698878,0.061253493916989886,0.0
T0,75,AU,5,6,750,750,-0.0031843423892401477,0.025940229749902167,0.0
T0,75,AU,6,7,750,206,-0.0015798726811725018,0.010044137816638843,0.0
T0,75,VA,0,1,750,750,-0.00012660258158575337,-0.09089374251135768,0.0
T0,75,VA,1,2,750,750,0.0004650116394323031,0.30967805149702293,0.0
T0,75,VA,2,3,750,750,-1.0426983382338164e-05,0.012729538595764367,0.0
T0,75,VA,3,4,750,750,-0.00024243042616082174,-0.19328326749324728,0.0
T0,75,VA,4,5,750,750,-0.0011274956847268035,-0.5282235734540499,0.0
T0,75,VA,5,6,750,750,0.000433709670248152,0.19579984686775243,0.0
T0,75,VA,6,7,750,206,-0.0026026225369059426,-0.5182049354522067,0.0
T0,75,expression,0,1,750,750,0.0012744329912896305,0.15303244013596956,0.0
T0,75,expression,1,2,750,750,0.0034369755846027457,0.09462994381876415,0.0
T0,75,expression,2,3,750,750,0.0010133272340493344,-0.10950168645388302,0.0
T0,75,expression,3,4,750,750,0.0009479419921096496,0.041263421659741534,0.0
T0,75,expression,4,5,750,750,0.00010246103607840186,-0.16722666446343953,0.0
T0,75,expression,5,6,750,750,0.0007767491494468893,0.015077347052223133,0.0
T0,75,expression,6,7,750,206,-0.0012848662729082274,0.07995876723904266,0.0
G0-local,75,AU,0,1,750,750,0.0005945723986701193,0.013065976282400193,0.0
G0-local,75,AU,1,2,750,750,0.0012898189128769538,0.07720782158202567,0.0
G0-local,75,AU,2,3,750,750,0.0030134855142190512,-0.002949849205989186,0.0
G0-local,75,AU,3,4,750,750,-0.0002024532231051328,-0.002592953083985903,0.0
G0-local,75,AU,4,5,750,750,-0.0002564842904240951,0.040268893080382104,0.0
G0-local,75,AU,5,6,750,750,-0.0005020047679490552,0.04543090500592641,0.0
G0-local,75,AU,6,7,750,206,-0.002712780182455326,-0.014003854588195997,0.0
G0-local,75,VA,0,1,750,750,-0.00015681248872656282,-0.2692133505355911,0.0
G0-local,75,VA,1,2,750,750,0.0001598764590591862,0.1996485383263226,0.0
G0-local,75,VA,2,3,750,750,0.00027583269492500415,0.36580230879880293,0.0
G0-local,75,VA,3,4,750,750,-0.00018596766248972892,-0.20466770042660481,0.0
G0-local,75,VA,4,5,750,750,-0.0006235680601659019,-0.5897753214302774,0.0
G0-local,75,VA,5,6,750,750,0.00022598223661100337,0.1027066480910397,0.0
G0-local,75,VA,6,7,750,206,-0.000829185566470337,-0.3212789650554349,0.0
G0-local,75,expression,0,1,750,750,-0.00017819824444245303,-0.054125732324930544,0.0
G0-local,75,expression,1,2,750,750,0.001570756958623046,0.13455681131820663,0.0
G0-local,75,expression,2,3,750,750,-0.00011681825831741216,0.002736729375247873,0.0
G0-local,75,expression,3,4,750,750,-0.0005138178181975954,-0.07111974414964432,0.0
G0-local,75,expression,4,5,750,750,-0.0003103576313414766,0.025337874972521462,0.0
G0-local,75,expression,5,6,750,750,0.0007228131646881446,0.08029533749649834,0.0
G0-local,75,expression,6,7,750,206,0.000814557826130211,0.06334947555894344,0.0
G1-shared,75,AU,0,1,750,750,0.016636434876677555,0.7723337194069207,0.0
G1-shared,75,AU,1,2,750,750,0.023350458787303095,0.8724079024819692,0.0
G1-shared,75,AU,2,3,750,750,0.02484994571898847,0.882603897205596,0.0
G1-shared,75,AU,3,4,750,750,0.021557621325262448,0.8879225819306207,0.0
G1-shared,75,AU,4,5,750,750,0.022741486592164205,0.9256259340146266,0.0
G1-shared,75,AU,5,6,750,750,0.026130276064265757,0.9484777010199427,0.0
G1-shared,75,AU,6,7,750,206,0.028410398095061108,0.7098513492339112,0.0
G1-shared,75,VA,0,1,750,750,0.012643930611955505,0.9507106214314285,0.0
G1-shared,75,VA,1,2,750,750,0.012602320773316451,0.9773692811585794,0.0
G1-shared,75,VA,2,3,750,750,0.015181939013780704,0.9598347071250342,0.0
G1-shared,75,VA,3,4,750,750,0.015598830730094484,0.9658117850391439,0.0
G1-shared,75,VA,4,5,750,750,0.012747364619060056,0.968398623856967,0.0
G1-shared,75,VA,5,6,750,750,0.013770485813181906,0.972988573357445,0.0
G1-shared,75,VA,6,7,750,206,0.020276954713780965,0.9379298365931086,0.0
G1-shared,75,expression,0,1,750,750,0.014227146255871459,0.8858309447224282,0.0
G1-shared,75,expression,1,2,750,750,0.021011116196648288,0.9616069897401074,0.0
G1-shared,75,expression,2,3,750,750,0.022987743489729085,0.9080679305527899,0.0
G1-shared,75,expression,3,4,750,750,0.02174285830584457,0.8893852342197421,0.0
G1-shared,75,expression,4,5,750,750,0.021212118928659807,0.9694691902413641,0.0
G1-shared,75,expression,5,6,750,750,0.023045902792344534,0.9134999889403979,0.0
G1-shared,75,expression,6,7,750,206,0.02468969138819522,0.781338083218623,0.0
T0,76,AU,0,1,750,750,0.0014382322274741025,0.12945785601887325,0.0
T0,76,AU,1,2,750,750,-0.0007117975260979083,-0.09561732067650093,0.0
T0,76,AU,2,3,750,750,-0.0008031133218183856,-0.06843917990408879,0.0
T0,76,AU,3,4,750,209,0.0027864317248809797,-0.008434420256179362,0.0
T0,76,VA,0,1,750,750,-0.0011066180584024259,-0.3644840031443177,0.0
T0,76,VA,1,2,750,750,-0.0006635301013495715,-0.23958651508523543,0.0
T0,76,VA,2,3,750,750,-0.0018695876214075246,-0.10092566502946096,0.0
T0,76,VA,3,4,750,209,-0.0009599984704923247,-0.15599626627494628,0.0
T0,76,expression,0,1,750,750,-0.0009463546321216938,0.004243050906775785,0.0
T0,76,expression,1,2,750,750,-0.004678192590383848,-0.06964205573631202,0.0
T0,76,expression,2,3,750,750,-0.0017892974665230368,0.007821330893857698,0.0
T0,76,expression,3,4,750,209,-0.0021008559581418584,-0.019404828496108563,0.0
G0-local,76,AU,0,1,750,750,0.0011279276941722966,0.07315058561679127,0.0
G0-local,76,AU,1,2,750,750,-0.0006102872317038774,0.03745738192700876,0.0
G0-local,76,AU,2,3,750,750,-0.0015291036435302117,-0.11893402224546192,0.0
G0-local,76,AU,3,4,750,209,-0.00026236922967435645,-0.054689070416972844,0.0
G0-local,76,VA,0,1,750,750,-0.0001017804500950429,-0.10478536219613438,0.0
G0-local,76,VA,1,2,750,750,-0.0003818690617289969,-0.2141995044238734,0.0
G0-local,76,VA,2,3,750,750,-0.0010448744232945191,-0.22594008809261115,0.0
G0-local,76,VA,3,4,750,209,-0.0005715998992869523,-0.23220928678278105,0.0
G0-local,76,expression,0,1,750,750,-1.0401830825244334e-05,0.16115390710896482,0.0
G0-local,76,expression,1,2,750,750,-0.0003268211589642486,0.02151952959273913,0.0
G0-local,76,expression,2,3,750,750,-0.002576791737955076,-0.07524006161949877,0.0
G0-local,76,expression,3,4,750,209,-0.0013539321234219263,0.016386182220692908,0.0
G1-shared,76,AU,0,1,750,750,0.012656216435748392,0.722251313891648,0.0
G1-shared,76,AU,1,2,750,750,0.016676941192825905,0.627489881051042,0.0
G1-shared,76,AU,2,3,750,750,0.016395291897746564,0.7588798595654969,0.0
G1-shared,76,AU,3,4,750,209,0.01961725404822794,0.7202917752350096,0.0
G1-shared,76,VA,0,1,750,750,0.0038600366305937724,0.9293877686346641,0.0
G1-shared,76,VA,1,2,750,750,0.004271365909736376,0.9339293977520007,0.0
G1-shared,76,VA,2,3,750,750,0.004869534263359088,0.915556275189339,0.0
G1-shared,76,VA,3,4,750,209,0.0042002753721064445,0.9287896511468178,0.0
G1-shared,76,expression,0,1,750,750,0.015119643584085322,0.7585702194573236,0.0
G1-shared,76,expression,1,2,750,750,0.017496539556157396,0.8465972548674173,0.0
G1-shared,76,expression,2,3,750,750,0.014971713343955514,0.7382203610833254,0.0
G1-shared,76,expression,3,4,750,209,0.01754478522803231,0.6813974758404782,0.0
T0,77,AU,0,1,750,750,-0.002557802112354313,-0.32736373045738304,0.0
T0,77,AU,1,2,750,683,-0.000959044057849326,-0.20625851574396015,0.0
T0,77,VA,0,1,750,750,0.00018407309961722586,-0.02773956150701709,0.0
T0,77,VA,1,2,750,683,-0.0012299431155026734,-0.3660647281239804,0.0
T0,77,expression,0,1,750,750,0.0013659326700545715,-0.01678851740808269,0.0
T0,77,expression,1,2,750,683,0.0007928963239777608,-0.1323779339007551,0.0
G0-local,77,AU,0,1,750,750,-0.001264870352663986,-0.17868449164559566,0.0
G0-local,77,AU,1,2,750,683,-0.0015131716756037515,-0.12722822654391577,0.0
G0-local,77,VA,0,1,750,750,6.016731810233107e-05,0.043563670762112816,0.0
G0-local,77,VA,1,2,750,683,-8.298444805777018e-05,-0.01557447776873578,0.0
G0-local,77,expression,0,1,750,750,-2.42315933841874e-05,-0.06737888041773259,0.0
G0-local,77,expression,1,2,750,683,-0.000602703256567541,-0.03748985512749508,0.0
G1-shared,77,AU,0,1,750,750,0.020353981921034252,0.751998964298802,0.0
G1-shared,77,AU,1,2,750,683,0.022575122124211262,0.739368775879598,0.0
G1-shared,77,VA,0,1,750,750,0.011973591613105471,0.9758472456947689,0.0
G1-shared,77,VA,1,2,750,683,0.012423654610382518,0.9755524017386853,0.0
G1-shared,77,expression,0,1,750,750,0.01444680271772819,0.9078094870595319,0.0
G1-shared,77,expression,1,2,750,683,0.018446096663920497,0.8591598274129841,0.0
T0,78,AU,0,1,750,750,0.0005449108985087623,0.03926278379076467,0.0
T0,78,AU,1,2,750,750,-0.0029496836951728475,-0.2329912314684712,0.0
T0,78,AU,2,3,750,750,0.0005590851535993812,0.06785621551146555,0.0
T0,78,AU,3,4,750,750,0.0006297542415975063,0.15071461336517444,0.0
T0,78,AU,4,5,750,750,-0.0043950123871192796,-0.09078791668804596,0.0
T0,78,AU,5,6,750,750,-0.002075201397281979,-0.10797861672411092,0.0
T0,78,AU,6,7,750,750,0.0005988781707545119,0.01547318643050536,0.0
T0,78,AU,7,8,750,750,-0.002813126972595403,-0.19171656380746313,0.0
T0,78,AU,8,9,750,31,0.0026125833954267442,0.03936469208071359,0.0
T0,78,VA,0,1,750,750,-4.361031153058929e-05,-0.07607615116479922,0.0
T0,78,VA,1,2,750,750,-0.0007864316125139742,-0.08138138449518531,0.0
T0,78,VA,2,3,750,750,-0.000502779360019523,-0.13704753628083988,0.0
T0,78,VA,3,4,750,750,-7.008097936412943e-05,-0.010186608313304535,0.0
T0,78,VA,4,5,750,750,0.0004091187176313485,0.28549514971136986,0.0
T0,78,VA,5,6,750,750,-0.00027008989229945036,-0.15942098178385528,0.0
T0,78,VA,6,7,750,750,-0.00017856556994910825,-0.1280928578718394,0.0
T0,78,VA,7,8,750,750,-0.0006916480668061149,-0.03990069654223871,0.0
T0,78,VA,8,9,750,31,0.00443874690325414,0.462782476568319,0.0
T0,78,expression,0,1,750,750,0.0003390353645347199,-0.10129271341484691,0.0
T0,78,expression,1,2,750,750,-0.002102601828211133,-0.0015554860710071117,0.0
T0,78,expression,2,3,750,750,0.0016148473351066334,-0.05069444414952787,0.0
T0,78,expression,3,4,750,750,0.002417986021382098,0.22974905895701303,0.0
T0,78,expression,4,5,750,750,0.0010028665598181435,0.1943238005347757,0.0
T0,78,expression,5,6,750,750,0.0004511843985260614,-0.047715650964568,0.0
T0,78,expression,6,7,750,750,0.0004514658048829231,0.07421495846457132,0.0
T0,78,expression,7,8,750,750,-0.0005871568187900318,-0.013129972930750008,0.0
T0,78,expression,8,9,750,31,0.0006685409893432322,0.12057804933811696,0.0
G0-local,78,AU,0,1,750,750,0.0011990415799090933,0.0791879131029762,0.0
G0-local,78,AU,1,2,750,750,-0.004697782294702669,-0.16458623606523978,0.0
G0-local,78,AU,2,3,750,750,0.0007871759815611959,0.0764743870365444,0.0
G0-local,78,AU,3,4,750,750,0.0013122411438012938,0.12718258826421003,0.0
G0-local,78,AU,4,5,750,750,-0.0001921493962158077,0.02112873324096265,0.0
G0-local,78,AU,5,6,750,750,-0.003202763718245037,-0.11904562634322632,0.0
G0-local,78,AU,6,7,750,750,0.00023827015377116822,0.11756260214627919,0.0
G0-local,78,AU,7,8,750,750,-0.004385021192947175,-0.25404933417475034,0.0
G0-local,78,AU,8,9,750,31,0.0036180212296976254,0.06559127855549945,0.0
G0-local,78,VA,0,1,750,750,-0.00011209980343568017,-0.15199151975672825,0.0
G0-local,78,VA,1,2,750,750,-0.0004872727276821745,-0.19176961388630342,0.0
G0-local,78,VA,2,3,750,750,-0.0003623909656818069,-0.19071141298323496,0.0
G0-local,78,VA,3,4,750,750,0.00021375947051481043,0.09807723323531939,0.0
G0-local,78,VA,4,5,750,750,0.00022837637965011728,0.3686426943573416,0.0
G0-local,78,VA,5,6,750,750,-6.727930146787863e-05,-0.12351366752719384,0.0
G0-local,78,VA,6,7,750,750,9.942443510241462e-06,0.033459036374574466,0.0
G0-local,78,VA,7,8,750,750,-0.00046219332044008144,-0.12831372013189793,0.0
G0-local,78,VA,8,9,750,31,0.002548614909675452,0.31037385052367616,0.0
G0-local,78,expression,0,1,750,750,-0.001896286821676445,-0.1880055253488538,0.0
G0-local,78,expression,1,2,750,750,-0.00013611265334019762,-0.02927518462645541,0.0
G0-local,78,expression,2,3,750,750,-0.0022273023417959522,-0.1534575492121058,0.0
G0-local,78,expression,3,4,750,750,0.0007154014624558338,0.17238978318804019,0.0
G0-local,78,expression,4,5,750,750,-0.00021600970322080247,0.05157518070851634,0.0
G0-local,78,expression,5,6,750,750,-1.5673089767552885e-05,0.1159994571546376,0.0
G0-local,78,expression,6,7,750,750,0.0003996831392935571,0.0057255301998239624,0.0
G0-local,78,expression,7,8,750,750,5.676037799549427e-05,0.11113848627824136,0.0
G0-local,78,expression,8,9,750,31,0.0011772232532477726,0.027198936384927895,0.0
G1-shared,78,AU,0,1,750,750,0.012311023172041469,0.8041182501862099,0.0
G1-shared,78,AU,1,2,750,750,0.007325390025615611,0.6319797976561499,0.0
G1-shared,78,AU,2,3,750,750,0.0118916366695977,0.7244765228588099,0.0
G1-shared,78,AU,3,4,750,750,0.015470748485167895,0.8268548598305988,0.0
G1-shared,78,AU,4,5,750,750,0.01639937039890661,0.8024503121057782,0.0
G1-shared,78,AU,5,6,750,750,0.014837188935953365,0.6686869228435942,0.0
G1-shared,78,AU,6,7,750,750,0.01563712696182637,0.87051687754636,0.0
G1-shared,78,AU,7,8,750,750,0.013797630684729745,0.6287440658514653,0.0
G1-shared,78,AU,8,9,750,31,0.007864680218930145,0.5322048921681113,0.0
G1-shared,78,VA,0,1,750,750,0.005538554603959624,0.9552126692038072,0.0
G1-shared,78,VA,1,2,750,750,0.0053560575610247345,0.9362239641286151,0.0
G1-shared,78,VA,2,3,750,750,0.005694645446331225,0.9091470090048379,0.0
G1-shared,78,VA,3,4,750,750,0.006103289790725601,0.942947749972952,0.0
G1-shared,78,VA,4,5,750,750,0.006452523562393874,0.954113612278914,0.0
G1-shared,78,VA,5,6,750,750,0.0058870198064997735,0.8897243983597077,0.0
G1-shared,78,VA,6,7,750,750,0.006061553103919733,0.8874654113539713,0.0
G1-shared,78,VA,7,8,750,750,0.0064295171402565885,0.8419799294729606,0.0
G1-shared,78,VA,8,9,750,31,0.0065980382469984535,0.7601078283765033,0.0
G1-shared,78,expression,0,1,750,750,0.014873840180610151,0.758542009358778,0.0
G1-shared,78,expression,1,2,750,750,0.01770671568949461,0.7155409339813559,0.0
G1-shared,78,expression,2,3,750,750,0.021963877024843544,0.9023193868585293,0.0
G1-shared,78,expression,3,4,750,750,0.019706196671881906,0.9473710982360912,0.0
G1-shared,78,expression,4,5,750,750,0.021770700027133442,0.8911240947398578,0.0
G1-shared,78,expression,5,6,750,750,0.018031039371358713,0.7919343599221473,0.0
G1-shared,78,expression,6,7,750,750,0.017232965872465485,0.9138644155722673,0.0
G1-shared,78,expression,7,8,750,750,0.016008274420534534,0.8756798917132206,0.0
G1-shared,78,expression,8,9,750,31,0.01082004278130764,0.377881641404771,0.0
T0,79,AU,0,1,750,750,0.0001858939987411362,-0.04503184214046304,0.0
T0,79,AU,1,2,750,154,-7.511635221573086e-05,0.02024164111560972,0.0
T0,79,VA,0,1,750,750,-0.0007901123215662771,-0.18220873331490461,0.0
T0,79,VA,1,2,750,154,0.0002255950237441066,-0.14438163861292688,0.0
T0,79,expression,0,1,750,750,0.0009609942742418126,0.01782602657929294,0.0
T0,79,expression,1,2,750,154,-0.00030132010647120457,-0.03350401052433134,0.0
G0-local,79,AU,0,1,750,750,-0.00023255113525064795,-0.04594342350847079,0.0
G0-local,79,AU,1,2,750,154,0.0015377077656518383,0.1766940370337404,0.0
G0-local,79,VA,0,1,750,750,2.2663913890589273e-05,0.054626563248515066,0.0
G0-local,79,VA,1,2,750,154,0.0003845860329813356,0.16186777881651318,0.0
G0-local,79,expression,0,1,750,750,0.001638760873528699,0.12296361258164087,0.0
G0-local,79,expression,1,2,750,154,0.00016395259877944923,-0.010530519139073297,0.0
G1-shared,79,AU,0,1,750,750,0.024014659665932882,0.7426189888745209,0.0
G1-shared,79,AU,1,2,750,154,0.023299782374810615,0.7792183737685636,0.0
G1-shared,79,VA,0,1,750,750,0.008935129721706715,0.9588536000599369,0.0
G1-shared,79,VA,1,2,750,154,0.009688486415097952,0.9132239622749563,0.0
G1-shared,79,expression,0,1,750,750,0.02117782809494677,0.8670689690337794,0.0
G1-shared,79,expression,1,2,750,154,0.019206436015890838,0.7856787395127129,0.0
