pairing,model_minus_G0,source,group,r_contribution,scale_contribution,mean_contribution
A_native,T0,0,AU,0.0005661639846089931,-3.966671507261467e-05,0.0036205558749801063
A_native,T0,1,AU,-0.021893740354718163,-0.005616252926984588,0.006332776816966855
A_native,T0,2,AU,0.0009123905272284829,0.0014284857423612408,0.006978288308012921
A_native,T0,3,AU,-0.020865526440663123,-0.0072764646676981865,0.010413780280051108
A_native,T0,4,AU,0.00445142177586841,0.004198291781656396,0.0007019191328207057
A_native,T0,5,AU,0.0014686062602161758,0.008204856160683786,0.000123383564353335
A_native,T0,6,AU,0.0021670338353459197,-0.0011507253374015332,0.0027523522144438334
A_native,T0,7,AU,0.007252911502058583,0.0035808233938881113,0.002829925878387003
A_native,T0,8,AU,-0.008375536718491094,0.0028240822924371655,0.0018728286373418809
A_native,T0,9,AU,0.016224221753856658,0.013330281681571679,0.010129634017103985
A_native,T0,10,AU,0.01785155809976479,0.0026415472203559095,0.007129327530524033
A_native,T0,11,AU,-0.016689032600746913,-0.004594774473273612,0.0022596057411895733
A_native,T0,12,AU,-0.00935955398690646,0.0007268478401314593,0.0015668569035431823
A_native,T0,13,AU,0.0001331153951704476,0.002661232335221817,0.002588565776311211
A_native,T0,14,AU,-0.0047702871606519065,0.0011035590147301785,0.0008047552652224238
A_native,T0,15,AU,0.0016601336432664005,0.007529786211549657,0.004699560741649275
A_native,T0,16,AU,-0.011869515941220689,0.0005739845768130943,-0.0028384835800804456
A_native,T0,17,AU,-0.010339822525656015,0.003091552288514789,0.005162550939868139
A_native,T0,18,AU,-0.01872254837344024,0.0037093416606875113,-0.000271683178149427
A_native,T0,19,AU,-0.006877887696154348,-0.00200542060454631,-0.0009200965691081262
A_native,T0,20,AU,0.012997176847450638,0.003592056211384834,0.0038624806855047876
A_native,T0,21,AU,0.017554538392238205,0.004223603895360233,0.011807746611717119
A_native,T0,22,AU,-0.020715903680631347,0.0005231437182456312,-0.0023013649579916714
A_native,T0,23,AU,0.021077364306093672,0.003419289830662267,0.003434448500225361
A_native,T0,24,AU,-0.013660126387789585,-0.00455765013913014,-0.011658645405701665
A_native,T0,25,AU,0.012947631621145345,-0.005408353646928643,-0.015358653682269555
A_native,T0,26,AU,-0.018069432582227537,0.00010280578589420395,-0.005681803272664788
A_native,T0,27,AU,-0.027584786449401807,-0.0052665073014983976,-0.0028393992146454085
A_native,T0,28,AU,-0.023075063404253526,0.001780684708862388,-0.005587521394635446
A_native,T0,29,AU,-0.043946254578418144,-0.027349029342018927,-0.0044379868390980355
A_native,T0,30,AU,-0.06193176194925288,-0.02317127824464377,-0.0044430500718288905
A_native,T0,31,AU,-0.009095125365956313,-0.0023511998466177932,-0.006338362070938719
A_native,T0,32,AU,-0.001768787070642291,-0.00019635532488465021,0.004473506098357305
A_native,T0,33,AU,-0.09605895054103279,-0.025312786082358065,-0.012432761124235829
A_native,T0,34,AU,-0.009008082856651415,0.00813674816671608,0.005318205544776708
A_native,T0,35,AU,-0.04313906387948872,-0.0066500251494963775,0.003953805699724664
A_native,T0,36,AU,-0.056842212651198334,-0.0117775509687655,-0.0006751967230139244
A_native,T0,37,AU,-0.00577364142417043,0.009825820081334924,0.007442598721317536
A_native,T0,38,AU,-0.08366823344937112,-0.011240640403354308,-0.011578570200894645
A_native,T0,39,AU,-0.07137959093415772,-0.0020530875515074516,0.002035180812347661
A_native,T0,40,AU,-0.017530914172984677,0.02096385342170713,0.006204145846471753
A_native,T0,41,AU,-0.02870510839855422,-0.007269050197649112,-0.004911332129479481
A_native,T0,42,AU,-0.02686084706224338,-0.008661244080601729,-0.0003064091594196174
A_native,T0,43,AU,0.015877340971591138,0.017721542826141974,0.011481225472660542
A_native,T0,44,AU,-0.0035018287706764907,0.006801041990832708,0.00915152053643937
A_native,T0,45,AU,-0.07392357334438136,-0.004165563782415598,-0.007684806441806771
A_native,T0,46,AU,0.011512642051804347,0.014727362573908429,0.009265337230213827
A_native,T0,47,AU,-0.0011928970699882147,0.004846682866866797,-3.074858414737036e-05
A_native,T0,48,AU,-0.005865889585138307,0.004633291513954123,0.0050158005503830915
A_native,T0,49,AU,0.0385573135920632,0.00625787825882401,0.015188310837864283
A_native,T0,50,AU,-0.06588712874832994,-0.0007259617582733596,0.005531558507340577
A_native,T0,51,AU,0.008741149704100334,0.007799215505447106,0.0037317688171888785
A_native,T0,52,AU,-0.05241722205952303,-0.002937932228610805,-0.0008493662180811813
A_native,T0,53,AU,-0.05480704819627628,0.002230075525776875,0.002027317229729346
A_native,T0,54,AU,-0.03837919824091745,0.0016691265286833301,0.005324180117974583
A_native,T0,55,AU,-0.07450448325880851,0.0028797340920510427,0.0038743290118010455
A_native,T0,56,AU,0.001508548039964189,0.0073723747937274615,0.0002307258245349636
A_native,T0,57,AU,-0.03742985358942837,-0.004570636363838724,-0.010416481024098144
A_native,T0,58,AU,-7.042707451360078e-05,0.015865390817052953,-0.004179062976319782
A_native,T0,59,AU,-0.005558462822536151,0.01117203132379518,0.003232545137392297
A_native,T0,60,AU,-0.009548521964108644,-0.00014985720610164496,-0.0008132400254943058
A_native,T0,61,AU,-0.024988536142994743,-0.0028259409526092696,-0.005043658225645344
A_native,T0,62,AU,-0.004378816028651174,-0.006199950597588198,0.0018938844776206273
A_native,T0,63,AU,-0.037561375327627655,-0.003506419247035332,-0.0031204503172663775
A_native,T0,64,AU,0.007043781913658583,0.003784525108339903,0.0031275611993498
A_native,T0,65,AU,0.009451236275243708,0.004485696102752273,-6.309575362364632e-05
A_native,T0,66,AU,0.013462804226962711,0.001045295408110482,-0.00038955520298181623
A_native,T0,67,AU,-0.004563622582740767,0.003824711894001304,0.006479683414574625
A_native,T0,68,AU,-0.003955002282344393,-0.0028209789180646916,0.0004104473015119663
A_native,T0,69,AU,-0.008210875819189924,-0.007016257638348271,-0.0005571037405979675
A_native,T0,70,AU,-0.004776474096813379,-0.013161938121891058,-0.0010560978594196474
A_native,T0,71,AU,-0.012057143519298848,-0.009276269625940504,-0.0016087936628199444
A_native,T0,72,AU,-0.010493439368998655,0.000379117962381319,-0.002794539932734923
A_native,T0,73,AU,0.013795651892723235,0.003352693360707934,-0.00010242903778798995
A_native,T0,74,AU,-0.0010082571326928032,-0.0019125128114518804,-0.006805031962928068
A_native,T0,75,AU,-0.012614190137249239,-3.7926840818490736e-05,-0.0017740171565714831
A_native,T0,76,AU,-0.029916084255747002,0.005453911912459163,0.003078610000236797
A_native,T0,77,AU,-0.033722899267895644,0.00027751571649702506,-0.0003830581351358059
A_native,T0,78,AU,-0.0027090576423346737,0.0008545535325874912,0.0006896033844418153
A_native,T0,79,AU,-0.0030941807598505733,0.0032276905265144176,0.0049945074947936015
A_native,T0,0,VA,0.022167132828955237,0.002032718815978887,0.01575656427510947
A_native,T0,1,VA,-0.08438989126792291,0.01713011718828103,-0.06333032395865111
A_native,T0,2,VA,-0.03424255035397065,-0.003407714520898998,0.004828243854525155
A_native,T0,3,VA,-0.08665904038661913,0.002969084298182886,-0.06727387896490727
A_native,T0,4,VA,0.03676354116272586,0.0036247229525982042,0.023693951705160973
A_native,T0,5,VA,0.06573559824586246,-0.010070427508841509,0.003834956605444505
A_native,T0,6,VA,0.007942153804357697,0.003949727268197498,-0.012806844240110356
A_native,T0,7,VA,-0.01741334684127032,0.0068051466027440905,0.005026273826312598
A_native,T0,8,VA,-0.04111508292207945,-0.0003258581786178811,-0.012539866481530226
A_native,T0,9,VA,-0.05746745870105861,0.003270359213668298,-0.013590410697966617
A_native,T0,10,VA,0.009213603362866979,0.023109946514399408,0.006195484507245014
A_native,T0,11,VA,-0.05010194621078349,0.013204464291330778,-0.02635942569093568
A_native,T0,12,VA,0.011886285477012967,0.004043028401982258,0.006507209292660518
A_native,T0,13,VA,-0.02450400337764604,0.0028402459408678514,0.01669227631713991
A_native,T0,14,VA,-0.017420853093252663,0.016517093267635403,-0.003679051160629593
A_native,T0,15,VA,0.008746646095542534,0.0007849096921225521,0.0019160145022519138
A_native,T0,16,VA,0.012619596546145057,0.009628900633457109,-0.007022596377740248
A_native,T0,17,VA,-0.005729817168433886,0.006879953887763522,-0.006292484972933598
A_native,T0,18,VA,-0.03468570771270889,0.0015160131392799887,0.003438286719173082
A_native,T0,19,VA,0.01912047786310299,0.01258710153364397,-0.006295632544775029
A_native,T0,20,VA,0.03759696709771089,0.0009262003953779385,0.023472254442637557
A_native,T0,21,VA,-0.01947758727910021,-0.0037537140323330763,0.016896272352920617
A_native,T0,22,VA,0.018975403764996866,-0.0046627231631467215,0.019354477968753413
A_native,T0,23,VA,-0.0673070463881815,-0.004049833690007471,0.010431723101061144
A_native,T0,24,VA,0.008852986554204297,0.0024485973484321567,-0.025754928226215022
A_native,T0,25,VA,0.023687144221897754,0.01118689937944129,-0.05414190639073276
A_native,T0,26,VA,-0.04974329590894354,0.011899461382734886,-0.038837513173122326
A_native,T0,27,VA,-0.08285416095877111,-0.00327080626397874,-0.008939171411869626
A_native,T0,28,VA,-0.04608206502297537,0.00244291363491688,0.004642233737316567
A_native,T0,29,VA,-0.06402044252738316,-0.0013238231141110366,0.010902013236093664
A_native,T0,30,VA,-0.03596316015184943,0.01306198093195785,-0.0066940178434255395
A_native,T0,31,VA,-0.009173466614531108,0.004140173784454407,0.003344982183587704
A_native,T0,32,VA,-0.23009236691016094,0.008483523320219125,-0.0013126189926465155
A_native,T0,33,VA,-0.10754699214680674,0.0005731826562690865,-0.040517900991116
A_native,T0,34,VA,-0.05173738370246437,0.01849161616565121,0.010053568442969731
A_native,T0,35,VA,-0.009971036799791338,0.002518434669210229,0.03079424516921473
A_native,T0,36,VA,-0.11872299910181379,0.01741487328329278,-0.009036087645964246
A_native,T0,37,VA,-0.08594954105803232,-0.008026801464899203,-0.014450677369363252
A_native,T0,38,VA,-0.10750568226494928,0.006782890039066817,-0.04368566853162327
A_native,T0,39,VA,-0.07111646026418043,0.054433060697428315,-0.005600281779407671
A_native,T0,40,VA,-0.013146710804190664,0.005009001190881263,-0.00018222991069984773
A_native,T0,41,VA,-0.0014152521593025565,0.005247956979446815,-0.01894411341559037
A_native,T0,42,VA,-0.0009614350035569708,-0.0014354829029238061,-0.00015580031475562114
A_native,T0,43,VA,-0.06204843297540783,-0.002575173627326007,0.04756626307109053
A_native,T0,44,VA,-0.053744477789510234,0.009083779189725402,-0.001632761400016658
A_native,T0,45,VA,-0.10042441248151306,0.011079685339006249,0.018136715835571384
A_native,T0,46,VA,-0.016100113899408037,0.019437871499281993,0.012500421885051882
A_native,T0,47,VA,-0.028919717401834532,0.019690745106946513,0.019932909536077327
A_native,T0,48,VA,0.016784583723176837,0.0015230653596104,0.011549278773031196
A_native,T0,49,VA,0.008252791549164905,0.008577596517160672,-0.02620185070083042
A_native,T0,50,VA,0.014664918834655125,-0.004270852478407033,0.04124640829766289
A_native,T0,51,VA,0.0927805630580347,0.009430887590062002,-0.013741088298451207
A_native,T0,52,VA,-0.04974305809126896,0.00456964803849606,-0.003133508959762326
A_native,T0,53,VA,-0.0501269779211003,0.018171117292226265,0.00992657005875367
A_native,T0,54,VA,-0.029288770809719773,0.0015352413468438144,-0.018648017426080632
A_native,T0,55,VA,-0.08849629638416018,0.009516052799256393,0.01554721374454246
A_native,T0,56,VA,-0.023413525729992484,0.009977369064796534,0.03080777554663064
A_native,T0,57,VA,-0.004848461759031831,0.0035172410471755373,-0.005501987103558028
A_native,T0,58,VA,-0.015930914150633513,0.007206114036715235,-0.02248413120687465
A_native,T0,59,VA,-0.02575627014062303,-0.001909043179679683,-0.0032534835327969213
A_native,T0,60,VA,-0.014288711487507483,0.003306826338490594,0.009138329193881918
A_native,T0,61,VA,-0.029626084988704622,0.0031678950750283165,-0.010771187116949141
A_native,T0,62,VA,-0.03164480424525594,0.0038061076550893374,-0.0019984932215823016
A_native,T0,63,VA,-0.014686451116977944,0.014556207667909674,0.005278023439086765
A_native,T0,64,VA,0.06705314430016197,0.0033158681306949536,0.007827169378882573
A_native,T0,65,VA,0.017737288709199373,0.002532875635409686,-0.00504068431764707
A_native,T0,66,VA,-0.026430794392922445,0.001597981968196474,0.005623485901653378
A_native,T0,67,VA,0.012124630955718993,0.0031728709625024423,0.013508100995914384
A_native,T0,68,VA,-0.022228214377746892,0.0011986045496222356,0.0013643205878021245
A_native,T0,69,VA,-0.0288292471044087,0.002490499088045002,0.007421179640219269
A_native,T0,70,VA,-0.07014227661892494,0.0015629742663878573,-0.0026766755426223545
A_native,T0,71,VA,-0.07151228457994083,0.004954094672902108,0.011331278597632239
A_native,T0,72,VA,0.001048227325323929,0.006222971128184711,-0.010656933615983735
A_native,T0,73,VA,0.023310891325999807,0.01822448377151075,-0.0008983897425686646
A_native,T0,74,VA,-0.005850884926330524,-0.0005702938539475822,-0.006156299332623989
A_native,T0,75,VA,-0.009748270911756934,0.0017837946088393726,-0.002132664959184417
A_native,T0,76,VA,-0.06764105083932956,0.013369056309489235,-0.0003795153566148407
A_native,T0,77,VA,-0.051728270904746264,0.0185475725162051,-0.0021405903279314094
A_native,T0,78,VA,-0.028845235786350825,0.002189992892243547,-0.009234908746553902
A_native,T0,79,VA,-0.01666403032293395,-0.004892917776627972,0.015856216156355154
A_native,T0,0,expression,0.015459197599507285,0.00440296329125975,-0.0011005251490048408
A_native,T0,1,expression,-0.03068821907817393,-0.016725863472030016,-0.0006572566233948884
A_native,T0,2,expression,-0.00048719594772216046,0.006567624812856783,0.005193357834275332
A_native,T0,3,expression,0.001798358569636141,-0.004419107365498806,0.0011208424723808045
A_native,T0,4,expression,-0.015543863121194596,0.0026614872807233596,0.0018780396179181869
A_native,T0,5,expression,-0.02878221436894075,0.0028340712281517072,-0.006366428044023734
A_native,T0,6,expression,-0.002584066359375023,0.0010923111596559155,-0.0003721883481380351
A_native,T0,7,expression,-0.003118559722189439,0.0072862023752895385,0.0002145559126287177
A_native,T0,8,expression,-0.01787853999866891,-0.003158334270076459,0.0018519103652226462
A_native,T0,9,expression,-0.03629518348105022,0.006872967694832819,0.005209467053261005
A_native,T0,10,expression,0.017121521798322634,0.00727059011089021,0.004150251373616909
A_native,T0,11,expression,-0.033712903027268745,-0.004498277462420203,-0.00251172655170792
A_native,T0,12,expression,-0.004067615770678682,0.011911602189373259,0.010098335324869341
A_native,T0,13,expression,0.010632931444106182,0.00197757718593335,0.0031469233937018266
A_native,T0,14,expression,-0.013604524286121338,0.006134140080267277,0.0005586269549218068
A_native,T0,15,expression,0.001290508604323077,0.003887932522777199,0.0030678997989678847
A_native,T0,16,expression,-0.011335617878146728,0.003618618734936048,-0.006976717718636
A_native,T0,17,expression,-0.006138807285768402,-0.004471807404654811,3.06748896811676e-05
A_native,T0,18,expression,-0.024690609196039548,-0.0011493808185837706,-0.004676313665598971
A_native,T0,19,expression,-0.019628680203824724,-0.0004957347964571209,-0.0008310277955148368
A_native,T0,20,expression,0.008253287424788104,0.0028490508461314424,0.0003671129727371598
A_native,T0,21,expression,0.02283751333317621,0.005280517419006536,0.003920585584945895
A_native,T0,22,expression,-0.01688936785831609,-0.0008954330761167569,0.0050157617998584075
A_native,T0,23,expression,-0.007471191080937273,0.009791547474408257,0.003970473488475189
A_native,T0,24,expression,0.01741330330450206,-0.003281920112392607,0.005285325473910855
A_native,T0,25,expression,0.005116223507333989,0.004560380298225075,-0.0044526740545432
A_native,T0,26,expression,-0.019789260771228483,0.0023255953520554306,-0.00610355140241417
A_native,T0,27,expression,-0.010781126147851136,-0.0014835445898182358,-0.005285472944537195
A_native,T0,28,expression,-0.03212787126746291,0.027000169217729787,-0.005338417047471062
A_native,T0,29,expression,0.009749307544507905,0.013010373710080203,-0.014515937922886041
A_native,T0,30,expression,-0.032595190898025525,0.0011677980851672715,0.0036545692238383228
A_native,T0,31,expression,-0.00960511839345464,-0.0031346081852736004,-0.00270068101296283
A_native,T0,32,expression,-0.05493142299543572,0.014580482437806935,0.012844740312465987
A_native,T0,33,expression,-0.04592097817318018,-0.004808830059236165,-0.0020067872940186856
A_native,T0,34,expression,0.015173630925408133,0.0034222779199835685,0.005368348999369798
A_native,T0,35,expression,0.009885440949765468,0.008961233045751416,0.013724476753122725
A_native,T0,36,expression,-0.07050262529673017,0.026772630434192767,0.012228192466238668
A_native,T0,37,expression,0.0050588475893707545,0.004290096860866591,0.0065652602727814
A_native,T0,38,expression,-0.04157284950256347,0.006822405478419727,-0.013847926130810975
A_native,T0,39,expression,-0.07111066915942024,0.023613059805508752,0.01847589159266868
A_native,T0,40,expression,-0.024021411896608186,0.0007200888016704043,0.005536194961394047
A_native,T0,41,expression,-0.009587004616631572,0.0003328316234736298,-0.004599452164102206
A_native,T0,42,expression,-0.024482655280607037,-0.004141990743913018,-0.0007564199330129358
A_native,T0,43,expression,-0.007973982374750745,0.015869188855010614,0.013110953230550088
A_native,T0,44,expression,-0.024754291667843993,-0.005893304434745722,-0.001220161417366027
A_native,T0,45,expression,-0.02679207290140123,0.003996936269238717,0.0022466886263216154
A_native,T0,46,expression,0.015427770316101352,0.006908812230038313,0.004515963185203216
A_native,T0,47,expression,0.0044535215312145136,0.008474666551056461,0.00757076486997525
A_native,T0,48,expression,0.008444185628419584,0.007586400732803851,0.002365014873685377
A_native,T0,49,expression,0.018066047147763838,0.000977896059374368,0.009827480692299963
A_native,T0,50,expression,-0.03864792552309115,-0.0013865638493280332,-0.015129354299405862
A_native,T0,51,expression,0.02400146077368471,0.003726521809469202,0.0029549445700422887
A_native,T0,52,expression,-0.0395817058170676,0.004162447707122441,-0.0026191179259114385
A_native,T0,53,expression,-0.04780506981375953,0.005091520589415402,0.004545094439931714
A_native,T0,54,expression,-0.02453825511854756,-0.004354694122043411,-0.005167108053570717
A_native,T0,55,expression,-0.025447564446534315,0.0012919253766685063,0.007546513253995422
A_native,T0,56,expression,0.012271502017469575,0.0028114668059112343,-0.0007159184504339088
A_native,T0,57,expression,-0.029720424937584845,0.02237838897673435,-0.005430492212521082
A_native,T0,58,expression,0.023150874678154357,0.009004001602473782,0.0031693949205891013
A_native,T0,59,expression,-0.0015922319747532388,0.020030070629649087,0.010020859797577487
A_native,T0,60,expression,-0.0063073239628468475,0.0030851469816219616,0.007069826956181779
A_native,T0,61,expression,-0.010177964178794888,0.005998185696568918,-0.0018048179784074109
A_native,T0,62,expression,-0.007407189444865318,-6.779257529473948e-05,-0.0031908002291681594
A_native,T0,63,expression,-0.02611635611425046,0.00223255693644809,-0.001080964638842382
A_native,T0,64,expression,-0.006492666470815503,0.00046441592910510305,-0.0012690540562758583
A_native,T0,65,expression,-0.0013696727045706728,-0.00014425912323484002,-0.0028892500029740254
A_native,T0,66,expression,-0.0038642607266959283,-0.0019911330157541124,4.980184871118342e-05
A_native,T0,67,expression,0.002844953088247517,6.244583775409582e-05,0.0038399048496104288
A_native,T0,68,expression,0.0008391026411410585,-0.0018147296653969768,0.005412647163414236
A_native,T0,69,expression,-0.026966837060113456,-0.01965836186162416,0.0025510672327108555
A_native,T0,70,expression,-0.008104144451446976,0.02241650476666735,0.011976377581616227
A_native,T0,71,expression,-0.03913473614379274,-0.0032521620212294282,0.0033330034203651417
A_native,T0,72,expression,0.001830295706593124,0.008317867554441041,0.0001881011417747415
A_native,T0,73,expression,0.005027043031133965,-4.115006268819144e-05,0.0015028337841112975
A_native,T0,74,expression,0.0032956992279977657,0.0032020690009711833,0.0027133335043464076
A_native,T0,75,expression,0.009338876421622634,-0.0008694196406689046,-0.0027004408419152933
A_native,T0,76,expression,-0.020760484077820655,0.011262231267861045,0.00670559839459382
A_native,T0,77,expression,-0.0008182158451382711,0.0070418357189961115,0.005323818374988856
A_native,T0,78,expression,-0.0009022442317019576,0.000980960527242372,-0.000688022067725738
A_native,T0,79,expression,-0.037257881583446485,0.003886507283025091,0.0005345688241730487
A_native,T0,0,all,0.007060012248924146,0.001547765729437862,0.0030806906193152728
A_native,T0,1,all,-0.029707665619280392,-0.007351618692177876,-0.0014770819459983394
A_native,T0,2,all,-0.0023478724152516534,0.0026861142238589954,0.0062351070001378725
A_native,T0,3,all,-0.01887656435304384,-0.005542466413723899,0.001225027441999941
A_native,T0,4,all,0.0006379001597568399,0.003660628835033169,0.002917640293839121
A_native,T0,5,all,-0.003070296982262341,0.005024182288711497,-0.0016564303070400333
A_native,T0,6,all,0.0011086913705561608,-2.4917449895226652e-05,0.0005077635180533
A_native,T0,7,all,0.001960740042832904,0.005024490524645046,0.0021687153251783993
A_native,T0,8,all,-0.014035661464435065,0.0006577137547484017,0.0007131191807539572
A_native,T0,9,all,-0.006477322357706765,0.010459147408382972,0.006657577011468584
A_native,T0,10,all,0.016926910104351475,0.005760312888850365,0.006101315718451432
A_native,T0,11,all,-0.02480970422603683,-0.0031399563286321703,-0.001556743107107645
A_native,T0,12,all,-0.005966466600600019,0.0045712636768369,0.00469215818949694
A_native,T0,13,all,0.0015220870290045627,0.00245678377590119,0.003895537057142504
A_native,T0,14,all,-0.008609288315410184,0.003946427695934468,0.0003672896918580653
A_native,T0,15,all,0.0021087746269866283,0.005824802909588304,0.003954745540839441
A_native,T0,16,all,-0.009739539562047764,0.0022726607919439615,-0.004497447528231007
A_native,T0,17,all,-0.008626697220314207,0.0009743493146404163,0.002603947730784169
A_native,T0,18,all,-0.021909380583813507,0.0019790841856081,-0.0013843673423474803
A_native,T0,19,all,-0.008878272053868281,-0.0003549193749025477,-0.001321637439611626
A_native,T0,20,all,0.013447115452219448,0.003141026029223198,0.004312744917989767
A_native,T0,21,all,0.016282520319631292,0.0039236307887115865,0.009690937142446607
A_native,T0,22,all,-0.01631610762184021,-0.00034567020646172176,0.0017725830386599608
A_native,T0,23,all,0.004871073726701755,0.004860882395007404,0.004165758464532168
A_native,T0,24,all,-0.0019155798508967469,-0.003588916731569147,-0.007364277349866728
A_native,T0,25,all,0.011300742032785902,-0.0008907385423698597,-0.014971400418074179
A_native,T0,26,all,-0.02115368666884512,0.001757830894813051,-0.008469219466221194
A_native,T0,27,all,-0.026629165113655134,-0.0038963031507591736,-0.0041101245839887165
A_native,T0,28,all,-0.027812522049978285,0.009903898065784315,-0.004689427592986682
A_native,T0,29,all,-0.02836960973499901,-0.012352003867114577,-0.006435731179894862
A_native,T0,30,all,-0.05046657106906785,-0.012484113084976106,-0.0020318893189431152
A_native,T0,31,all,-0.009264590434641761,-0.0020825806245018752,-0.00439963659202432
A_native,T0,32,all,-0.03704671695373767,0.00522662305078496,0.006689411039591777
A_native,T0,33,all,-0.08093384271178186,-0.016680642655868883,-0.011343260687916756
A_native,T0,34,all,-0.0046882785140574,0.007456507127676488,0.005713080482101938
A_native,T0,35,all,-0.023517780167751592,-0.0009209457415205549,0.00922765559437125
A_native,T0,36,all,-0.06616400761381776,0.002893901020345811,0.0027850165437108784
A_native,T0,37,all,-0.0087213169105462,0.006626178927086327,0.005410388330531509
A_native,T0,38,all,-0.07210470649163893,-0.004018583285792928,-0.014873331964926158
A_native,T0,39,all,-0.07127248551264354,0.010678971462652594,0.00668537125470996
A_native,T0,40,all,-0.01925713717504068,0.013209460564829306,0.00547949150267316
A_native,T0,41,all,-0.02040412668919884,-0.0038350874407221598,-0.005934153043447623
A_native,T0,42,all,-0.02402787272742484,-0.006637022118647108,-0.0004383638993963596
A_native,T0,43,all,0.002010855585001817,0.015505052239102497,0.014889541363059594
A_native,T0,44,all,-0.014322028819276791,0.002921470110559026,0.004969839756305161
A_native,T0,45,all,-0.060961560333598265,-0.0003339438361724694,-0.002441006237815435
A_native,T0,46,all,0.0105564626202824,0.012602267177899876,0.008004344308197478
A_native,T0,47,all,-0.0016041887441510508,0.007195162625013867,0.0039988283707898436
A_native,T0,48,all,0.0005253723478654298,0.005329468371638538,0.004690227391651671
A_native,T0,49,all,0.029575746566455542,0.004753861415667057,0.010161632268188125
A_native,T0,50,all,-0.050726419909614726,-0.0012209456850215494,0.0017772543924075021
A_native,T0,51,all,0.020347602314682082,0.006626487289503367,0.002085356488850762
A_native,T0,52,all,-0.048095923744476965,-6.520422780761742e-05,-0.0015984181839213552
A_native,T0,53,all,-0.05219200949185684,0.004421021287457156,0.003464946163316049
A_native,T0,54,all,-0.033222862247263264,-0.00026920689409638853,4.919209955566994e-05
A_native,T0,55,all,-0.059925614288908906,0.0029025407997050594,0.005983258747922561
A_native,T0,56,all,0.0029589274111693773,0.006121283779311796,0.0023739636343125792
A_native,T0,57,all,-0.03235632507440672,0.0047000819380257994,-0.008427805090750274
A_native,T0,58,all,0.006091550520250553,0.012977004125960602,-0.0032919619077533286
A_native,T0,59,all,-0.005905093536692571,0.012960117941390441,0.004885923535036421
A_native,T0,60,all,-0.008890553765576776,0.0011618788175372877,0.002505466946192139
A_native,T0,61,all,-0.020620157022107576,0.0004772864573387575,-0.004465431657833508
A_native,T0,62,all,-0.007529174579168084,-0.0034371753702400892,-4.4604844488018714e-05
A_native,T0,63,all,-0.03206897524249498,-0.00022493671512503673,-0.0017959369996624474
A_native,T0,64,all,0.007512867421547147,0.002684597612773171,0.0020966129719122107
A_native,T0,65,all,0.006651429596419561,0.0028478847930489895,-0.0013656721985376408
A_native,T0,66,all,0.004726655552201135,0.00011785323728069108,0.0002320823419307587
A_native,T0,67,all,-0.0008578180849477358,0.0025686394814822882,0.006197227680293262
A_native,T0,68,all,-0.0038827456744612485,-0.0021774124797960684,0.002087461120223905
A_native,T0,69,all,-0.015862253119102956,-0.010301190451685092,0.0010757736413262347
A_native,T0,70,all,-0.011070592812065055,-0.0005988434064900527,0.002984648067055617
A_native,T0,71,all,-0.025478384443988252,-0.0062101260485255515,0.0010077871846354582
A_native,T0,72,all,-0.005626510809263479,0.0033870260851047006,-0.002469086283551735
A_native,T0,73,all,0.011750916211676796,0.003456406698085399,0.0003475782088373282
A_native,T0,74,all,-1.8401320762840624e-05,-0.00016846911487615633,-0.003707256402975909
A_native,T0,75,all,-0.005359935300370855,-0.00015826682079799425,-0.002099164560090537
A_native,T0,76,all,-0.030004289525497177,0.00794578565795017,0.003962596257882914
A_native,T0,77,all,-0.024633830303561335,0.00390370266127338,0.001302539772680438
A_native,T0,78,all,-0.004221771602453497,0.0010018389196495374,-0.0005451977307314596
A_native,T0,79,all,-0.015112152988447935,0.002788863224346442,0.004436263813119949
A_native,G1-shared,0,AU,0.002772558853597127,-0.001091734466314848,-0.0020082659017496337
A_native,G1-shared,1,AU,-0.037305785100268135,-0.012397218109957064,0.003113145168736475
A_native,G1-shared,2,AU,-0.0012345196037748156,-0.006236345608059823,0.001611187825778733
A_native,G1-shared,3,AU,-0.03233993284046492,-0.011361855113440435,0.005674523433838509
A_native,G1-shared,4,AU,-0.018910044073019883,-0.007226309259517558,0.00047559715714274014
A_native,G1-shared,5,AU,-0.045567906606619864,0.0017188759478194862,-0.005393372512962347
A_native,G1-shared,6,AU,0.0033648084398035824,-0.0031817848153050444,0.0015291335228939495
A_native,G1-shared,7,AU,-0.01332620674792956,-0.005734927222720591,-0.0064778242579236365
A_native,G1-shared,8,AU,-0.02561920755866487,-0.012019579517652297,0.0014363996118983149
A_native,G1-shared,9,AU,-0.016248763983441723,-0.006581774472578708,0.0023589359567468523
A_native,G1-shared,10,AU,0.005187119401036206,0.0019402620578598672,0.003606257324693188
A_native,G1-shared,11,AU,-0.04096675315474832,-0.018592031277085846,0.0026474869612814695
A_native,G1-shared,12,AU,-0.014560315444146198,-0.003549228094138126,-0.004231035019466058
A_native,G1-shared,13,AU,-0.016829675858211265,-0.002139647196282992,-0.001188347886510073
A_native,G1-shared,14,AU,-0.011176699014467693,0.0024383834418632558,-0.002827910687221246
A_native,G1-shared,15,AU,-0.020888679150899668,-0.0030022766266241526,0.000532024420177753
A_native,G1-shared,16,AU,-0.043873292481357025,-0.0032650569508562784,-0.004667653404456843
A_native,G1-shared,17,AU,-0.03489533127075477,-0.004245388395917742,0.0022390532550590177
A_native,G1-shared,18,AU,-0.032519403397624706,-0.0013715834203530523,-0.002810839725455648
A_native,G1-shared,19,AU,-0.01565783735200144,-0.00824593578880733,-0.0032103804443111626
A_native,G1-shared,20,AU,-0.027628260951261616,-0.009796595347516191,-0.001724067716913863
A_native,G1-shared,21,AU,-0.01805239142249097,-0.004891024286341656,0.0010553205306605114
A_native,G1-shared,22,AU,-0.0796478569285804,-0.027987507750962357,-0.004975849619910382
A_native,G1-shared,23,AU,-0.014254541280667965,-0.01836666146876659,-0.00020228769092470864
A_native,G1-shared,24,AU,-0.052770904287029706,-0.012674914704500564,-0.026078160657100388
A_native,G1-shared,25,AU,-0.014755817374000875,-0.009560716410964008,-0.023047317825502543
A_native,G1-shared,26,AU,-0.041340017834529355,-0.007627378397222558,-0.017625963274864046
A_native,G1-shared,27,AU,-0.01687689171585593,-0.014744836199691918,-0.007738654768944248
A_native,G1-shared,28,AU,-0.0274420011742821,-0.014513005116541893,-0.001234981330060577
A_native,G1-shared,29,AU,-0.039695790860612444,-0.029725259895827964,-0.004640077015025768
A_native,G1-shared,30,AU,-0.0476479589536844,-0.04661222349850745,-0.006297085421113637
A_native,G1-shared,31,AU,-0.033339025079410646,-0.014856843984117267,-0.012359756395267636
A_native,G1-shared,32,AU,-0.00935385153054455,-0.00522965964908602,-0.001219644558252739
A_native,G1-shared,33,AU,-0.09279238161134491,-0.027605044515150202,-0.011809486286375978
A_native,G1-shared,34,AU,-0.014896233887027824,-0.002986976464276893,1.9133210139943662e-05
A_native,G1-shared,35,AU,-0.039401718942412796,-0.014000212152492881,0.003276531697978251
A_native,G1-shared,36,AU,-0.039161586474282195,-0.003425056085043569,0.007020944873097486
A_native,G1-shared,37,AU,-0.01135036108148062,9.529431782213734e-05,0.005109534757771289
A_native,G1-shared,38,AU,-0.07549110737174947,-0.03046011232785403,-0.008671117144484937
A_native,G1-shared,39,AU,-0.021203693480999496,0.0011403181794469777,0.008026398903922576
A_native,G1-shared,40,AU,-0.025099537564822277,0.017970121646531563,0.004292027475045744
A_native,G1-shared,41,AU,-0.04545561654336413,-0.02491611191327886,-0.008893738125057454
A_native,G1-shared,42,AU,-0.029357835618340093,0.0014068694859242226,-0.007684391944684617
A_native,G1-shared,43,AU,-0.007515662635345512,0.000994370847514509,0.0038211070818692625
A_native,G1-shared,44,AU,-0.009766275617242656,-0.009598624976701133,0.007718869806432463
A_native,G1-shared,45,AU,-0.06980896760255449,-0.014345671235185804,-0.008225522722844885
A_native,G1-shared,46,AU,-0.02178461959284708,0.00215000490006096,0.0038638220236672126
A_native,G1-shared,47,AU,-0.03490631099135963,-0.0108276759284399,-0.008678833614538825
A_native,G1-shared,48,AU,-0.026689602625433437,-0.04353216983037032,0.000823308778035942
A_native,G1-shared,49,AU,0.023707010838305648,-0.0007688273168334129,0.013127869154314721
A_native,G1-shared,50,AU,-0.04625644138552622,-0.0303202310924217,0.0029475642128179015
A_native,G1-shared,51,AU,-0.007385548604484223,-0.0025252235238177605,-0.005153675065092318
A_native,G1-shared,52,AU,-0.06999604629885085,-0.0176350869634449,-0.004222136981325449
A_native,G1-shared,53,AU,-0.03204474927244993,-0.014628383274653283,0.0030360960739281755
A_native,G1-shared,54,AU,-0.025534663832303545,-0.010689880599357047,0.0012696757231679004
A_native,G1-shared,55,AU,-0.05038160240270135,-0.006973524673577692,0.0022500346561123126
A_native,G1-shared,56,AU,-0.0337641607924282,-0.01365443767618762,-0.014610400830384803
A_native,G1-shared,57,AU,-0.07092628127537408,-0.017013588742707378,-0.021205784359990383
A_native,G1-shared,58,AU,-0.07541724024984865,0.007707989524889746,-0.030700653427344234
A_native,G1-shared,59,AU,-0.04310789733079976,-0.009177705335068538,-0.028119972289303283
A_native,G1-shared,60,AU,-0.017362338160230664,-0.007000513731410022,-0.0081490424177815
A_native,G1-shared,61,AU,-0.026241976406092854,-0.010078688150134114,-0.006954795100743399
A_native,G1-shared,62,AU,-0.01401367795910061,-0.008323978166890707,-0.003604686731380703
A_native,G1-shared,63,AU,-0.034217150669767576,-0.018883482705911843,-0.010726091615477516
A_native,G1-shared,64,AU,0.013931316458818704,0.003263927291281598,0.004045810265940512
A_native,G1-shared,65,AU,-0.01880452332573984,-0.0025425887574538216,-0.0033794011192262025
A_native,G1-shared,66,AU,0.0024018010984902904,-0.00636943909797139,0.0001372834666941089
A_native,G1-shared,67,AU,-0.009918269379927496,0.005625665526803239,0.0085178792053389
A_native,G1-shared,68,AU,-0.008537088156524668,-0.0016215890149567798,-0.0014378395955239418
A_native,G1-shared,69,AU,-0.007257359117962093,-0.011355590398023842,-0.0018141233720368702
A_native,G1-shared,70,AU,-0.010400936732872158,-0.012670508824867819,-0.00038566730629606747
A_native,G1-shared,71,AU,-0.01639159776101689,-0.0157793886982162,-0.0022996652247588337
A_native,G1-shared,72,AU,-0.018616984321658238,-0.01080343158500168,-0.004453503950810232
A_native,G1-shared,73,AU,-0.00022960598195890543,0.0015058112937492926,-0.001467796446168482
A_native,G1-shared,74,AU,-0.007800428835834859,-0.007119067408083755,-0.011780128843079374
A_native,G1-shared,75,AU,-0.01072628715462739,-0.0037242349595534214,-0.006203603862171646
A_native,G1-shared,76,AU,-0.027074997765083684,-0.008617453563185497,-0.00045342008833525275
A_native,G1-shared,77,AU,-0.027212188235959237,-0.006115418588208886,-0.0020808745371736085
A_native,G1-shared,78,AU,-0.017710671653487983,-0.01040170870980288,-0.005314704779247541
A_native,G1-shared,79,AU,-0.019893786095716834,-0.0005191289534677188,0.0048386560426756315
A_native,G1-shared,0,VA,0.05012727854658746,0.0031412890767140134,-0.0047213818408747745
A_native,G1-shared,1,VA,-0.126729749391494,0.0009484137156375975,-0.02153585912841679
A_native,G1-shared,2,VA,0.015446077249442598,-0.01644878522564596,-0.0020766688438637036
A_native,G1-shared,3,VA,-0.11929413019087917,0.0035046482771107354,-0.049031899093417895
A_native,G1-shared,4,VA,-0.00778977434997784,-0.005307967544356962,0.042228880255321476
A_native,G1-shared,5,VA,-0.01091690087202599,-0.004035546635077206,-0.011104195649941553
A_native,G1-shared,6,VA,-0.005113340423560608,-0.005761488403264608,0.0025986367423563783
A_native,G1-shared,7,VA,-0.03878595662719246,-6.237016446270184e-05,-0.005782225724604074
A_native,G1-shared,8,VA,-0.0179317905052685,0.005385335728048434,-0.020956617084001032
A_native,G1-shared,9,VA,-0.030551203091760314,0.007789168202553204,-0.0070185884700389636
A_native,G1-shared,10,VA,-0.004751183395393194,0.021601910432370874,0.013982255513274266
A_native,G1-shared,11,VA,-0.11962446947785202,0.013537165344802196,-0.03609673191940486
A_native,G1-shared,12,VA,-0.011513702586550411,0.002623231798465234,0.00738563186069824
A_native,G1-shared,13,VA,-0.046560398352289215,0.006682662358814338,0.0063564438297006726
A_native,G1-shared,14,VA,-0.033615853723242495,0.006711436409025748,-0.01989625967836241
A_native,G1-shared,15,VA,0.022300440710068106,0.0030861831476172255,0.0011690451241788019
A_native,G1-shared,16,VA,0.022659385552704903,0.016535295354477945,0.006894686254004677
A_native,G1-shared,17,VA,0.009860809748070014,0.0031868510618966056,0.0038162692039320585
A_native,G1-shared,18,VA,-0.039092875580596986,0.008287046566458754,-0.004619767195656642
A_native,G1-shared,19,VA,0.01604650386945384,0.011015093220197574,-0.02599658707156957
A_native,G1-shared,20,VA,0.012137720925346387,0.002413326339806,0.0191671511837476
A_native,G1-shared,21,VA,-0.035868761931069804,0.0069857723746482095,0.010557446813336946
A_native,G1-shared,22,VA,0.020974119531867806,0.019558027203145253,-0.009723998206853848
A_native,G1-shared,23,VA,-0.014234806415691864,0.010824035265174493,-0.01235849847830055
A_native,G1-shared,24,VA,0.00935333184720745,-0.0006839149442674366,-0.012919973373919428
A_native,G1-shared,25,VA,0.023682101622920965,0.00015734017424818837,-0.012876964943084563
A_native,G1-shared,26,VA,-0.028374542625670053,-0.006906675815673564,-0.0008679876063773115
A_native,G1-shared,27,VA,0.02195305087818352,-0.020182129114552704,-0.012106919627136956
A_native,G1-shared,28,VA,0.0010385665022936944,0.0015963438401926024,-0.017180904697417544
A_native,G1-shared,29,VA,-0.04580308840849579,-0.001965005071304391,0.02061474169144962
A_native,G1-shared,30,VA,-0.08496659505544012,0.020778761750443485,-0.046735308072834304
A_native,G1-shared,31,VA,0.003077774282249058,-0.006411344548127823,0.027793790451828494
A_native,G1-shared,32,VA,-0.10254517381635615,0.008705891594519021,-0.05145240528872578
A_native,G1-shared,33,VA,-0.0899665488954815,0.00503306533959827,-0.021152892121625015
A_native,G1-shared,34,VA,-0.040738509831680064,0.0030428040936920594,0.015451943557648572
A_native,G1-shared,35,VA,-0.006887651830020219,-0.00030996836385052353,0.041733205043981786
A_native,G1-shared,36,VA,-0.034543951086647706,-0.0009686416841680329,-0.04289720796421765
A_native,G1-shared,37,VA,-0.02740417354412928,-0.00036868876028020684,-0.012584026011404504
A_native,G1-shared,38,VA,-0.08386279241730027,-0.0044049512559060575,0.016400336922563243
A_native,G1-shared,39,VA,-0.0030793984527696995,-0.00034615324782343655,0.015963695689906125
A_native,G1-shared,40,VA,-0.011218674155447873,0.006138555818474721,-0.0015000257139882495
A_native,G1-shared,41,VA,0.03798359200742227,-0.021802723523771193,-0.042966655999664885
A_native,G1-shared,42,VA,0.0076257115510540655,-0.020311723136952353,-0.01647373893709493
A_native,G1-shared,43,VA,-0.10159806882906439,0.004232451492719941,0.018040602460172677
A_native,G1-shared,44,VA,-0.011526758247353665,-0.008450801524492551,-0.012907460097653487
A_native,G1-shared,45,VA,-0.08197752425537058,0.007033932326589792,-0.007194371479598771
A_native,G1-shared,46,VA,-0.0697787983677257,0.011111894429588565,-0.006508634158280705
A_native,G1-shared,47,VA,-0.049664074261481714,0.014154776011180908,-0.008812953380146643
A_native,G1-shared,48,VA,-0.04769280478763809,0.0005917464993958243,0.0033241092400392554
A_native,G1-shared,49,VA,-0.002175310976887884,0.00470372082780701,-0.041981081705619164
A_native,G1-shared,50,VA,-0.02673982356234241,-0.013099082487438735,0.01824085751070682
A_native,G1-shared,51,VA,-0.015182464706933166,0.0012155957678990858,-0.02178098092331027
A_native,G1-shared,52,VA,-0.025003629073409212,0.02248619406544564,0.007490363800249124
A_native,G1-shared,53,VA,-0.034776557442776065,0.005163691604865219,0.001596370488252286
A_native,G1-shared,54,VA,-0.026481204273020316,-0.0074473073191998525,-0.014919922408968384
A_native,G1-shared,55,VA,-0.024669688938703704,-0.004224122230263444,0.007093943566944881
A_native,G1-shared,56,VA,-0.061329405372580505,0.006945187100361934,0.024196172209099275
A_native,G1-shared,57,VA,-0.019506184198050534,-0.0005197216307582574,0.01971768814608124
A_native,G1-shared,58,VA,-0.017718352597187122,-0.0025993963611547813,-0.004551289757436192
A_native,G1-shared,59,VA,-0.020689783670995998,-0.016355444313203616,-0.012183249506193147
A_native,G1-shared,60,VA,-0.011073771828415395,-0.003868606615940848,-0.010408962306436498
A_native,G1-shared,61,VA,-0.045763853233024676,-0.000655837258317234,-0.03430569836500207
A_native,G1-shared,62,VA,-0.017990283914742604,-0.00814571019670272,-0.008879843427891106
A_native,G1-shared,63,VA,-0.03687147919573758,0.007403258543373162,-0.020736257754565224
A_native,G1-shared,64,VA,0.09612168887633316,0.001118570901835386,0.03271017675001518
A_native,G1-shared,65,VA,-0.03259856560637283,-0.0020169681762136973,-0.0048543143230958255
A_native,G1-shared,66,VA,-0.023757055456104254,-0.0013397153302626083,-0.0013594276778008901
A_native,G1-shared,67,VA,0.02251111437509913,0.0018051028604668326,0.004452613385391436
A_native,G1-shared,68,VA,-0.04070243169083212,-0.0012588925831067176,0.005024785662736212
A_native,G1-shared,69,VA,-0.017261733064750266,0.014778789427824799,-0.013042860651453974
A_native,G1-shared,70,VA,-0.018377324920099518,0.0008685916975739377,-0.004334930084954138
A_native,G1-shared,71,VA,-0.07482213250290651,0.008296862767677732,-0.01207321572596402
A_native,G1-shared,72,VA,-0.0317644252825005,0.002879013708276171,-0.00829353234151164
A_native,G1-shared,73,VA,-0.02373734923764343,0.010831170877197132,-0.012572568601765463
A_native,G1-shared,74,VA,-0.01585137521543884,0.00026724644992577216,-0.011630970672959512
A_native,G1-shared,75,VA,-0.003906707928981171,-0.0005358080281397164,-0.014153949824280213
A_native,G1-shared,76,VA,-0.06365053485516639,0.024696865410922093,0.0023376933935931963
A_native,G1-shared,77,VA,-0.0499017371168781,0.0032176632181258177,-0.014035278335997681
A_native,G1-shared,78,VA,-0.03452848946430179,0.0001235181533660131,-0.012767347454749728
A_native,G1-shared,79,VA,0.007093770163575179,0.003330414921794972,0.02341176223843692
A_native,G1-shared,0,expression,0.015468300177231692,-0.003601212624941805,-0.002911587177711732
A_native,G1-shared,1,expression,-0.040577404823849604,-0.011151893489697392,-0.006176858586105089
A_native,G1-shared,2,expression,-0.0012944679861237815,0.005550818032705461,-0.006314519876739184
A_native,G1-shared,3,expression,-0.013247888129111296,-0.005977130753697718,6.254116958156856e-05
A_native,G1-shared,4,expression,-0.03900234315847497,-0.004377697122047379,-0.0032537022632238392
A_native,G1-shared,5,expression,-0.03794289802072905,-0.0013321068597377881,-0.007884103707424572
A_native,G1-shared,6,expression,0.008046994163141353,0.003333035269294313,0.0010097222869958852
A_native,G1-shared,7,expression,-0.0020265852006329773,0.007137484700794857,-0.00011624483687307021
A_native,G1-shared,8,expression,-0.012415368265524977,-0.0022030335766857756,0.0005255405885824665
A_native,G1-shared,9,expression,-0.024855661405179214,0.010786389738467642,0.003528349371590466
A_native,G1-shared,10,expression,0.012435014497214384,-0.001471240394973164,0.0009717639435759538
A_native,G1-shared,11,expression,-0.016915066626283875,-0.007425553302384387,-0.003264821235770957
A_native,G1-shared,12,expression,-0.005502151020385742,0.005951842313591952,0.005153275214605291
A_native,G1-shared,13,expression,-0.008075322989814157,-0.004385296825958229,-0.0018159316162961008
A_native,G1-shared,14,expression,-0.014226692965258973,-0.003537285210744235,-0.00584595016135714
A_native,G1-shared,15,expression,0.0031863626574020567,0.010556174463529985,0.005414646695924359
A_native,G1-shared,16,expression,-0.020132468315751082,0.00189688439834204,-0.01912198450039487
A_native,G1-shared,17,expression,-0.00023154110007755495,0.002459893635872584,0.0013181048445702886
A_native,G1-shared,18,expression,-0.01625906134341935,0.0028590767275556545,-0.00664100402971361
A_native,G1-shared,19,expression,-0.03156748196629211,-0.00463715263075503,-0.0047755795748579575
A_native,G1-shared,20,expression,0.007511684818443604,0.0017155262632585146,-0.01173388258823009
A_native,G1-shared,21,expression,0.0015190308334186633,0.007797059286534053,-0.004316085128593051
A_native,G1-shared,22,expression,-0.012831759815096405,-0.008371034340170674,-0.0020197127382086616
A_native,G1-shared,23,expression,0.005861037837584835,0.011974569696252274,0.0035055496828436173
A_native,G1-shared,24,expression,0.002817972607589858,0.008944373616582737,-0.004566789641762046
A_native,G1-shared,25,expression,-0.008191586675965342,-0.005866701133410992,-0.00852442617247012
A_native,G1-shared,26,expression,-0.024145848598221283,0.006635787659021075,-0.00897472972051123
A_native,G1-shared,27,expression,-0.0017501734480038326,-0.006170795848680168,-0.018412374638716738
A_native,G1-shared,28,expression,-0.015029731079531997,0.01712280861317505,-0.003743556794237562
A_native,G1-shared,29,expression,0.001600195144309232,0.004722183267921406,-0.009062443980215959
A_native,G1-shared,30,expression,-0.015922735823777893,-0.01057550184784976,-0.009736760831002262
A_native,G1-shared,31,expression,-0.007342803324479004,0.012997513835602872,-0.001516398503664943
A_native,G1-shared,32,expression,-0.0511489965641333,0.009721444085272191,0.008932760689730118
A_native,G1-shared,33,expression,-0.05357110847238431,-0.0072077759849504194,-0.0018741716756926479
A_native,G1-shared,34,expression,-0.005052569018494929,0.002777239480967006,-0.004801108759758428
A_native,G1-shared,35,expression,-0.004036564853811081,-0.0033850791958030305,0.007325745229673797
A_native,G1-shared,36,expression,-0.04036958288818078,0.013778738777147543,0.01206836016971383
A_native,G1-shared,37,expression,0.04305248473995698,-0.005484388980797408,0.013226851276152512
A_native,G1-shared,38,expression,-0.06878173279440039,0.004965993368875362,-0.009621600304464822
A_native,G1-shared,39,expression,-0.053195540509656546,0.01988559935980288,0.012772698350083836
A_native,G1-shared,40,expression,-0.026841276981998546,-0.006968990709705222,0.003820277473989933
A_native,G1-shared,41,expression,-0.017740707358817324,-0.0037597306516685067,-0.01908790574167356
A_native,G1-shared,42,expression,-0.025715872286409158,-0.009233832140313942,-0.00852422869505148
A_native,G1-shared,43,expression,-0.01635992628275539,0.001659475705413014,0.008236295529089591
A_native,G1-shared,44,expression,-0.008227496662021556,-6.235898061870884e-05,-0.0022528910622836456
A_native,G1-shared,45,expression,-0.025870584407670788,-0.0041662127795637615,-0.002874054032325259
A_native,G1-shared,46,expression,0.004159465699748735,0.004025783163632118,-0.005607804526516269
A_native,G1-shared,47,expression,-0.003083661959135043,-0.004032722802388009,-0.0017905157732810103
A_native,G1-shared,48,expression,-0.0049470708917265125,-0.000539466097785099,-0.0010222830092069535
A_native,G1-shared,49,expression,0.02235895795163094,-0.005078028571499483,-0.0003622137547402489
A_native,G1-shared,50,expression,-0.029434088239682726,-0.00866637207958724,-0.0023187902725118016
A_native,G1-shared,51,expression,0.014447644211815805,0.0059656011375153455,-0.004798174532492237
A_native,G1-shared,52,expression,-0.02284424266699838,0.008096171332968458,-0.006559840928015254
A_native,G1-shared,53,expression,-0.011612104487798236,0.001149274487366514,-0.0028458492768637586
A_native,G1-shared,54,expression,-0.011637919325238819,-0.0046575672586184474,-0.006875457026316549
A_native,G1-shared,55,expression,-0.015479080438094104,-0.0018363653016145454,0.007638801941377703
A_native,G1-shared,56,expression,-0.0030929276462486,0.0056754625528550855,-0.007783000786605135
A_native,G1-shared,57,expression,-0.025371746744816553,0.0215471047098112,-0.014627104187979101
A_native,G1-shared,58,expression,-0.03766131269820542,0.015627892636930638,-0.011224180843625479
A_native,G1-shared,59,expression,-0.004179234211512318,0.015998067052235297,-0.00834875506421107
A_native,G1-shared,60,expression,-0.006799414921748734,-0.008857227752512048,0.001136508676708788
A_native,G1-shared,61,expression,-0.020585690929569543,-0.004492571274364334,-0.011013389114679773
A_native,G1-shared,62,expression,-0.013503612546021842,-0.0010741226219592038,-0.0014362876733533718
A_native,G1-shared,63,expression,-0.03846646245028225,-0.003697810474922441,-0.005761355096183295
A_native,G1-shared,64,expression,-0.0036841843107354804,0.003092340049126655,0.0027856018165196344
A_native,G1-shared,65,expression,-0.03929013137596911,-0.007690238304690016,-0.006899281694447831
A_native,G1-shared,66,expression,0.001008390784457546,-0.004306619181274557,-0.011038876929441497
A_native,G1-shared,67,expression,0.011071503726509264,-0.002390355061059853,0.004323100915311474
A_native,G1-shared,68,expression,-0.0063306173712506615,-0.007139239849802775,0.00454935404521904
A_native,G1-shared,69,expression,0.009223780941425588,-0.036837904764206085,0.010567464652211039
A_native,G1-shared,70,expression,0.01449409923105785,0.003725945220023753,0.010392298479926499
A_native,G1-shared,71,expression,-0.0019346178341843976,-0.011481209380151304,0.005281466698612278
A_native,G1-shared,72,expression,-0.027101032296463816,-0.007723017521348223,-0.0014814574481597765
A_native,G1-shared,73,expression,0.0009021379387332013,0.001751817794899905,0.0005106649231446013
A_native,G1-shared,74,expression,0.0028970120682312015,-0.002821442481826933,-0.0021869885527792533
A_native,G1-shared,75,expression,-0.0011604403239933163,-0.003377850841001498,-0.0013096734610956618
A_native,G1-shared,76,expression,0.001890071538588601,0.005512444710853078,0.0017005888281752548
A_native,G1-shared,77,expression,-0.01445256260833611,-0.008183189913976398,-0.004361020005996419
A_native,G1-shared,78,expression,-0.003608708505945206,-0.006766618775416615,-0.0037477088093967174
A_native,G1-shared,79,expression,-0.01778121302184822,0.0014712342762191175,-0.0009090099909259533
A_native,G1-shared,0,all,0.010623573652599414,-0.0015561255936331658,-0.002514377985187516
A_native,G1-shared,1,all,-0.04550662055511227,-0.010931063685426396,-0.0018315763765850868
A_native,G1-shared,2,all,8.074466213090825e-05,-0.003281448412421823,-0.0012200671725983955
A_native,G1-shared,3,all,-0.033186814320864906,-0.008449423047078674,-0.0004978246929042251
A_native,G1-shared,4,all,-0.024449958202522142,-0.006161286038314254,0.0026224839904797344
A_native,G1-shared,5,all,-0.0403558234003673,0.00028220764276942333,-0.006647272346148594
A_native,G1-shared,6,all,0.004184855962202531,-0.0013034186752700152,0.0014484821849635636
A_native,G1-shared,7,all,-0.01174710784313569,-0.0011619508425350156,-0.00438647096052189
A_native,G1-shared,8,all,-0.020778985620588396,-0.007485891596886951,-0.0006465166112347044
A_native,G1-shared,9,all,-0.020147166287063208,0.000125713488966676,0.0019829462953539437
A_native,G1-shared,10,all,0.006711381608098872,0.0024215131429141776,0.0035932992978221587
A_native,G1-shared,11,all,-0.03956283077148799,-0.012448422595430338,-0.0023439891722302143
A_native,G1-shared,12,all,-0.011417973799935189,-1.5088772256232175e-05,-0.0002987223941500833
A_native,G1-shared,13,all,-0.016406740739850427,-0.002152470313371282,-0.0007855913427447421
A_native,G1-shared,14,all,-0.013947829455422887,0.0008680137104018579,-0.005159151238236024
A_native,G1-shared,15,all,-0.009729536183365693,0.0018235045041644828,0.0021454252047367504
A_native,G1-shared,16,all,-0.030953614505638164,-2.9207534686079395e-05,-0.008368052182480091
A_native,G1-shared,17,all,-0.02022242713463208,-0.0015051189891196902,0.002070527039612468
A_native,G1-shared,18,all,-0.027841971714916775,0.0007549182259226793,-0.004181206500434274
A_native,G1-shared,19,all,-0.01821257633085803,-0.005550242857510202,-0.00553414069626681
A_native,G1-shared,20,all,-0.013202199754827303,-0.00513592269708251,-0.0032559109636821387
A_native,G1-shared,21,all,-0.013214845941286198,0.00011930618985776098,9.664082231348581e-05
A_native,G1-shared,22,all,-0.05021694773542967,-0.017906593463180406,-0.0044097377047213095
A_native,G1-shared,23,all,-0.00781597717362898,-0.006322211757245268,1.1723405691087985e-05
A_native,G1-shared,24,all,-0.030012524790012478,-0.004797462460935258,-0.018141866949537643
A_native,G1-shared,25,all,-0.009580230030875757,-0.0076011869953300695,-0.017586364265938726
A_native,G1-shared,26,all,-0.03480064566220203,-0.003005509052700676,-0.013516930483992207
A_native,G1-shared,27,all,-0.008929946462620105,-0.01243612672055702,-0.011503706315926863
A_native,G1-shared,28,all,-0.021191629329836,-0.003100796806493709,-0.0033133993479857685
A_native,G1-shared,29,all,-0.026969659142868186,-0.01648125769746628,-0.004034848947368599
A_native,G1-shared,30,all,-0.04048137844025478,-0.029689193750380916,-0.010632839364415649
A_native,G1-shared,31,all,-0.022106890168899742,-0.0052678095269276665,-0.005677598122187084
A_native,G1-shared,32,all,-0.030183603724157876,0.0006695376453970101,-0.0019894957373360676
A_native,G1-shared,33,all,-0.08001550758960843,-0.018466869797106395,-0.009377658077777233
A_native,G1-shared,34,all,-0.013813643204669476,-0.0006600449171613295,-0.00028871939242684454
A_native,G1-shared,35,all,-0.025483744265068838,-0.00950815010326074,0.007648813895801107
A_native,G1-shared,36,all,-0.03917873449571898,0.002276671422927629,0.0046426655410295075
A_native,G1-shared,37,all,0.004774244584367521,-0.0017273229839843056,0.0062915911821192156
A_native,G1-shared,38,all,-0.07401384231064183,-0.01703934561914478,-0.006969555430314646
A_native,G1-shared,39,all,-0.029991140927911365,0.007019890442979232,0.010180198469572865
A_native,G1-shared,40,all,-0.024546425105568734,0.009043080426291244,0.003677703219585165
A_native,G1-shared,41,all,-0.029911708920246242,-0.017896998838402935,-0.014881705192343202
A_native,G1-shared,42,all,-0.02523372357857066,-0.0037356424443021155,-0.00865628746419484
A_native,G1-shared,43,all,-0.017872419498014182,0.0014662508536584652,0.006371527015244041
A_native,G1-shared,44,all,-0.009414704961980784,-0.00645519398177807,0.002877799936116432
A_native,G1-shared,45,all,-0.05672216951241699,-0.0093778762444447,-0.006430560642418916
A_native,G1-shared,46,all,-0.017322046601206707,0.003467205106765939,3.1050330526649628e-06
A_native,G1-shared,47,all,-0.02590368436265753,-0.006654694772933631,-0.006485301486584949
A_native,G1-shared,48,all,-0.021412248643623594,-0.026244591329561757,0.00043278344307848103
A_native,G1-shared,49,all,0.021205048169354257,-0.001709967866755322,0.00440232655462242
A_native,G1-shared,50,all,-0.039311958953001595,-0.022013304319916036,0.00248579424134351
A_native,G1-shared,51,all,-0.0010226801914641284,0.0004911059111461809,-0.006370099363317728
A_native,G1-shared,52,all,-0.051308075758622736,-0.006191381826281383,-0.004033202181740221
A_native,G1-shared,53,all,-0.02572484759498748,-0.007996166800445468,0.0010386955148206855
A_native,G1-shared,54,all,-0.021163428825300177,-0.008500134467908118,-0.0026319346072380253
A_native,G1-shared,55,all,-0.037155842296907216,-0.005109681479084344,0.004361952900263842
A_native,G1-shared,56,all,-0.026154585752062913,-0.00582089962076999,-0.009321106973216583
A_native,G1-shared,57,all,-0.05223522245940979,-0.0033546574689455023,-0.015826728904461042
A_native,G1-shared,58,all,-0.05871943242110989,0.009417767649859271,-0.022376233106961588
A_native,G1-shared,59,all,-0.028857276039843484,-0.001695677289382115,-0.02051824495462496
A_native,G1-shared,60,all,-0.013479117417371221,-0.0073441096489251356,-0.005358459658637007
A_native,G1-shared,61,all,-0.02599371519975994,-0.007537302678542435,-0.010441617446343733
A_native,G1-shared,62,all,-0.014168585503366764,-0.005989762954897587,-0.0033328115685327896
A_native,G1-shared,63,all,-0.035789276721609864,-0.011921128292052437,-0.009938189220430384
A_native,G1-shared,64,all,0.014869586005962521,0.0030373908626363183,0.005935692880851805
A_native,G1-shared,65,all,-0.026463441284263842,-0.004147786966070194,-0.004623755959606694
A_native,G1-shared,66,all,-0.00013679872636775348,-0.005306958823211701,-0.003558824751628885
A_native,G1-shared,67,all,-0.0006071912854656043,0.002754893925380137,0.006850328886934327
A_native,G1-shared,68,all,-0.010404244987981582,-0.0033582215675594935,0.0009950723901746244
A_native,G1-shared,69,all,-0.0027837442147010897,-0.01741918060913427,0.0012496858133690934
A_native,G1-shared,70,all,-0.0030726362793927447,-0.006340515488707175,0.002747340723002508
A_native,G1-shared,71,all,-0.01643980696378166,-0.012477871199163921,-0.000655587049376493
A_native,G1-shared,72,all,-0.0223836749504634,-0.008723103461170344,-0.0038096513412181985
A_native,G1-shared,73,all,-0.0017480673877921936,0.002330562140793316,-0.0017230705804360542
A_native,G1-shared,74,all,-0.005021323456902039,-0.00515292232304081,-0.008698391296573746
A_native,G1-shared,75,all,-0.007119649830772788,-0.003358317887103709,-0.005273573810796016
A_native,G1-shared,76,all,-0.02073221855511517,-0.0014307405975645456,0.0004591518435023854
A_native,G1-shared,77,all,-0.024944271945593344,-0.0060304588679477135,-0.003766873391102834
A_native,G1-shared,78,all,-0.0145434688711394,-0.008396461781745763,-0.005409477482935451
A_native,G1-shared,79,all,-0.017058758211335515,0.0004257507900530846,0.004485251407584028
B_fixed_G0,T0,0,AU,-0.002683416282153634,0.00029819963338183935,0.0032382652613313864
B_fixed_G0,T0,1,AU,-0.12016660785612311,-0.0036942032253815043,0.0001601406259965584
B_fixed_G0,T0,2,AU,-0.02290600249007724,-0.0006178435414247505,0.002852920511639155
B_fixed_G0,T0,3,AU,-0.10050280770365168,-0.006968765454348529,0.0028039928194094274
B_fixed_G0,T0,4,AU,-0.024678852029626358,0.005425814880050523,-0.001841383952235069
B_fixed_G0,T0,5,AU,-0.018044287014206684,0.006061823934882663,-0.0017147116108349337
B_fixed_G0,T0,6,AU,-0.012420403769876217,7.559511355614029e-05,0.0004788461694240601
B_fixed_G0,T0,7,AU,-0.00643726212914082,0.0024420655604572928,-0.0007532377801199932
B_fixed_G0,T0,8,AU,-0.01687919187849243,7.630237827193076e-05,0.0019493351847061037
B_fixed_G0,T0,9,AU,0.000641448160012394,0.005083646207612256,0.0024285043658072254
B_fixed_G0,T0,10,AU,0.006204809989957657,0.000993412171743221,0.0027099946344638142
B_fixed_G0,T0,11,AU,-0.05223414902000759,0.003678707719315161,0.0045770482018576975
B_fixed_G0,T0,12,AU,-0.007217233356753064,0.0014100580849196666,-0.0008490980923967599
B_fixed_G0,T0,13,AU,-0.008308833079329891,0.001506946703215325,0.0008935677651564452
B_fixed_G0,T0,14,AU,-0.007139032838038865,0.0017062493521854138,9.066099974617788e-05
B_fixed_G0,T0,15,AU,-0.005665588332838657,0.0020852309751425067,0.0003416365126999053
B_fixed_G0,T0,16,AU,-0.017603907002617884,0.004747247100619707,-0.002076023753660925
B_fixed_G0,T0,17,AU,-0.013227335746886726,0.000546737615175657,0.0010176455514309898
B_fixed_G0,T0,18,AU,-0.025467708097477112,-0.002432848773546775,-0.002322483577399507
B_fixed_G0,T0,19,AU,-0.011539158685199743,-0.0005429372740463292,-0.001931308855971603
B_fixed_G0,T0,20,AU,0.01324487413687096,-0.0009062625448931827,-0.0012195712244982438
B_fixed_G0,T0,21,AU,-0.00165718408510876,0.0018952487273533943,0.006878141643631177
B_fixed_G0,T0,22,AU,-0.033747398138008255,-0.0018112963683676046,-0.004192147376030261
B_fixed_G0,T0,23,AU,-0.025585971908460396,0.001122668819445696,-0.002875582966746792
B_fixed_G0,T0,24,AU,-0.06872761899349963,-0.0009933463025022752,-0.004732521925464046
B_fixed_G0,T0,25,AU,-0.046899243129074744,-0.001902645561866702,0.001572227396867399
B_fixed_G0,T0,26,AU,-0.0453627854237497,0.00024316845460908252,-0.0010844657981804152
B_fixed_G0,T0,27,AU,-0.038565742712053916,-0.003928786565896088,-0.0013667832371548735
B_fixed_G0,T0,28,AU,-0.04165170361072974,0.0007169037580993494,-0.0022121809178172885
B_fixed_G0,T0,29,AU,-0.04460249909119467,-0.03095638019911663,-0.007500441854886426
B_fixed_G0,T0,30,AU,-0.0811695284737452,-0.016975697324674684,-0.005851865286743376
B_fixed_G0,T0,31,AU,-0.034636529027709424,-0.004305393419670023,-0.0038574040154910625
B_fixed_G0,T0,32,AU,-0.08698970537404484,-0.00036609666866309066,-0.0037024247118684047
B_fixed_G0,T0,33,AU,-0.08264313911957484,-0.02283943511046889,-0.025740446726293133
B_fixed_G0,T0,34,AU,-0.01529626769492307,0.0074807318300915615,0.004415306338994045
B_fixed_G0,T0,35,AU,-0.03287800327198218,-0.004542644696545097,-0.010436772836780305
B_fixed_G0,T0,36,AU,-0.08361988894211819,-0.009324887858033148,-0.0022154568529747813
B_fixed_G0,T0,37,AU,-0.028603602548145594,0.005378782843246704,0.004824355358253356
B_fixed_G0,T0,38,AU,-0.08068695019883461,-0.012648119738493935,-0.015101450415724263
B_fixed_G0,T0,39,AU,-0.1336860670442353,-0.0025073371343999904,0.00037558201870329007
B_fixed_G0,T0,40,AU,-0.030420166358124022,0.016516637944950386,0.00013763510354847797
B_fixed_G0,T0,41,AU,-0.02870510839855422,-0.007269050197649112,-0.004911332129479481
B_fixed_G0,T0,42,AU,-0.03972384966515412,-0.002291502282361589,0.0011301565156933342
B_fixed_G0,T0,43,AU,-0.014042146216264104,0.00262818466141257,0.0019180389363793893
B_fixed_G0,T0,44,AU,-0.0586960774087028,0.005570032602645263,0.004150559360517677
B_fixed_G0,T0,45,AU,-0.11245449893548491,-0.0036443505944908374,-0.003296399796971306
B_fixed_G0,T0,46,AU,-0.025663307080613814,0.010605405274393256,0.003643432779883536
B_fixed_G0,T0,47,AU,-0.05985993711619711,0.002475442939803877,0.00020574504194535603
B_fixed_G0,T0,48,AU,-0.01927496608055679,0.0028083692212536597,0.0009169541065349203
B_fixed_G0,T0,49,AU,-0.0003148121749507952,-0.0010389527189860817,0.00862125042413403
B_fixed_G0,T0,50,AU,-0.09295550288753479,-0.00606192702445087,-0.004350776524263419
B_fixed_G0,T0,51,AU,-0.004456631828984743,0.0016436515261669968,-0.0019557778626168687
B_fixed_G0,T0,52,AU,-0.05745803452254511,-0.0020080128352431836,-0.0011456185400556772
B_fixed_G0,T0,53,AU,-0.06719295990019719,0.0002803737734955551,0.0013901459047102394
B_fixed_G0,T0,54,AU,-0.04523017400980742,0.0023033215743681846,0.006979504714577519
B_fixed_G0,T0,55,AU,-0.09214158745930301,0.004708596709175591,0.006088810541398166
B_fixed_G0,T0,56,AU,0.0002726360946078382,0.005561747228281949,-0.0030499430890066188
B_fixed_G0,T0,57,AU,-0.045007828165020275,-0.000874991978109924,-0.01105700961147544
B_fixed_G0,T0,58,AU,-0.007558750096406277,0.015145773515137743,-0.0054449258822104
B_fixed_G0,T0,59,AU,-0.036085970652709236,0.009230436820042561,-0.007869773983357708
B_fixed_G0,T0,60,AU,-0.02092984873743072,-0.00048104115291919416,0.0008101467728609923
B_fixed_G0,T0,61,AU,-0.03460529026990587,-0.0032263595140996936,-0.005101215793125965
B_fixed_G0,T0,62,AU,-0.011075090341735528,-0.0063245852265508985,-0.0006435017163306064
B_fixed_G0,T0,63,AU,-0.04857761556950326,-0.0018435375681134306,-0.0014639643799113922
B_fixed_G0,T0,64,AU,-0.01331004365022764,0.00023625059887018453,0.0014565967200568513
B_fixed_G0,T0,65,AU,0.005861744640399904,0.002546450257413514,-0.0023260135425646413
B_fixed_G0,T0,66,AU,-0.0012458397718625718,-0.0014527741629767783,-0.0016754196768679404
B_fixed_G0,T0,67,AU,-0.032774585248568786,0.007311902142919983,0.00856502461061485
B_fixed_G0,T0,68,AU,-0.009038679827205449,-0.0013310313814609716,0.0001043978056603823
B_fixed_G0,T0,69,AU,-0.009734273454453279,-0.008125357756593853,-0.0008903210073022568
B_fixed_G0,T0,70,AU,-0.018377794704134948,-0.011742384272656663,-0.0006746487839025605
B_fixed_G0,T0,71,AU,-0.026150155591209187,-0.006835773639274236,0.00026198810787680954
B_fixed_G0,T0,72,AU,-0.013750349305803218,0.002684356020211693,-0.001053474110768789
B_fixed_G0,T0,73,AU,0.00910571251564959,0.0034670390767398205,0.0005241498355456556
B_fixed_G0,T0,74,AU,-0.018744304528431285,-0.0027130315763780393,0.0001903799586484516
B_fixed_G0,T0,75,AU,-0.012065151960791332,-0.00019501522901677653,-0.0032909430246572825
B_fixed_G0,T0,76,AU,-0.038457405451099935,0.005997845263395951,0.004200693442928153
B_fixed_G0,T0,77,AU,-0.034267986041401126,-0.0035267366723863865,-0.0015489404576637656
B_fixed_G0,T0,78,AU,-0.01038395759850964,0.0003749213608121329,-2.16066766579547e-05
B_fixed_G0,T0,79,AU,-0.0437434441598599,0.0018690443176835614,0.002657365516802278
B_fixed_G0,T0,0,VA,0.03903282633474121,0.0015413736611080012,0.015759193247800913
B_fixed_G0,T0,1,VA,-0.17855713826553263,-0.002589460414427855,-0.010349237032873012
B_fixed_G0,T0,2,VA,-0.022298077178999308,-0.004861587436418069,-0.007985740299774832
B_fixed_G0,T0,3,VA,-0.1762739888477638,-0.012601011636697107,0.00044243793297099295
B_fixed_G0,T0,4,VA,0.007721931157485279,0.012509292896173443,-0.017568317922323395
B_fixed_G0,T0,5,VA,0.01472221214678096,0.0033421019129459425,-0.006281664601378851
B_fixed_G0,T0,6,VA,-0.006293729134089293,0.006017553343064759,-0.011348634405398114
B_fixed_G0,T0,7,VA,-0.009235999305408105,0.011852847825577047,0.001011775514171507
B_fixed_G0,T0,8,VA,-0.019838524629416432,0.0017611892344776212,-0.003097795512441523
B_fixed_G0,T0,9,VA,-0.09304197174730237,0.004038945595823178,0.0069690927768339865
B_fixed_G0,T0,10,VA,0.005253290884416898,0.01267834519386952,0.007349335542692006
B_fixed_G0,T0,11,VA,-0.07138434263313921,-0.0012439204995803362,-0.014068268002629485
B_fixed_G0,T0,12,VA,-0.00823796054912174,0.0049461844046759795,0.0016730970521437196
B_fixed_G0,T0,13,VA,-0.011158054931332886,0.010106986581501092,-0.003907083380950522
B_fixed_G0,T0,14,VA,-0.026611339921031478,0.007887775843734256,-0.0035117012617367806
B_fixed_G0,T0,15,VA,-0.009924875391604707,0.0067850385746820435,-0.0003166068570590317
B_fixed_G0,T0,16,VA,-0.020265094496655194,0.003886202016955749,-0.0009694230024195388
B_fixed_G0,T0,17,VA,-0.0009515234832835988,0.007801709864017707,0.005354437316014514
B_fixed_G0,T0,18,VA,-0.024500781911631526,0.0026358099453683195,-0.001021038235113082
B_fixed_G0,T0,19,VA,-0.011883262676904514,0.010631321857482678,7.75623451290796e-05
B_fixed_G0,T0,20,VA,0.0407415866492705,-0.000157802905075116,0.00221065679964899
B_fixed_G0,T0,21,VA,0.003508070036904812,0.005671018573167782,-0.008753247478349479
B_fixed_G0,T0,22,VA,-0.014113240994978538,0.0067529910971708615,-0.011176922432703795
B_fixed_G0,T0,23,VA,-0.0041433476795447325,0.009535308315451524,-0.008563211276133787
B_fixed_G0,T0,24,VA,-0.039942837534629544,0.004590143970646653,-0.0001810698576273046
B_fixed_G0,T0,25,VA,-0.0636309968286742,0.005881071617305909,0.0034817511769263424
B_fixed_G0,T0,26,VA,-0.07619665852085224,0.00804492435668573,-0.01236725504188375
B_fixed_G0,T0,27,VA,-0.0723976169807396,0.0025096991986026523,-0.0008943801642294601
B_fixed_G0,T0,28,VA,-0.025673095352909108,0.0010958959228614816,-0.009236720251884491
B_fixed_G0,T0,29,VA,-0.025114037591590192,-0.004212961592196636,-0.010123878050903645
B_fixed_G0,T0,30,VA,-0.050163650565929696,-0.001716389737558259,-0.0009526108295556931
B_fixed_G0,T0,31,VA,-0.01907368479689519,0.005829949641114136,-0.014045244623876643
B_fixed_G0,T0,32,VA,-0.13549989928538198,0.0027463416358912496,0.004173627540617208
B_fixed_G0,T0,33,VA,-0.10834461833793255,-0.01379119097000359,-0.022337901751346565
B_fixed_G0,T0,34,VA,-0.09181706969102885,0.016783434794523246,0.006005278833855466
B_fixed_G0,T0,35,VA,0.004967797882847159,0.0035053091676456533,0.008252584828152611
B_fixed_G0,T0,36,VA,-0.12161084020201955,-0.016603697128614037,-0.0013669367207811481
B_fixed_G0,T0,37,VA,-0.09437330532127947,-0.001711241060959576,-0.006837545487688982
B_fixed_G0,T0,38,VA,-0.07844514478198393,-0.001241830351245108,-0.05927109066417002
B_fixed_G0,T0,39,VA,-0.08492259491393488,-0.020547921591941087,-0.0028164602558275716
B_fixed_G0,T0,40,VA,-0.0010470178225556153,0.0008774491809136482,-0.004414479889704023
B_fixed_G0,T0,41,VA,-0.0014152521593025565,0.005247956979446815,-0.01894411341559037
B_fixed_G0,T0,42,VA,-0.06374485916804513,-0.0019130122310898965,-0.007089825463839218
B_fixed_G0,T0,43,VA,-0.034903778666312196,-0.0003911143066317983,-0.014130022090448469
B_fixed_G0,T0,44,VA,-0.07942302663533339,0.002599365306947713,-0.003454302510098866
B_fixed_G0,T0,45,VA,-0.10683542887269779,0.0019554261901329082,-0.00010713778080478865
B_fixed_G0,T0,46,VA,-0.02612649218712837,0.011388488348104634,0.004013330603960006
B_fixed_G0,T0,47,VA,-0.0658932619839536,0.0037730654923778064,0.0004901572402397029
B_fixed_G0,T0,48,VA,-0.008428491727279375,0.002643561829453917,0.005651981089662415
B_fixed_G0,T0,49,VA,0.018988273786201854,0.0003912901848202147,-0.003712411532516461
B_fixed_G0,T0,50,VA,-0.07542455103650139,0.005411822006889352,-0.0050601697769022715
B_fixed_G0,T0,51,VA,0.08598363810627199,-0.001034042159968131,-0.007563212044810369
B_fixed_G0,T0,52,VA,-0.057250535857844044,0.0008862309159663988,-0.007785104494711055
B_fixed_G0,T0,53,VA,-0.05720309362682496,0.005215536759052272,-0.015433276279335528
B_fixed_G0,T0,54,VA,-0.10771383814377491,0.00029633844272642485,0.0016784761387378861
B_fixed_G0,T0,55,VA,-0.10079441476454706,0.004560374310583639,0.010101786924730459
B_fixed_G0,T0,56,VA,-0.030496188965083056,0.011870107955000347,-0.008555006381173166
B_fixed_G0,T0,57,VA,-0.04470909854182391,0.002168707954775072,-0.025993035800734865
B_fixed_G0,T0,58,VA,-0.012507153751191064,0.009135329726057292,-0.010135772642469476
B_fixed_G0,T0,59,VA,-0.046414823444482556,0.00024562568919763686,-0.007969196636060383
B_fixed_G0,T0,60,VA,-0.01761683218667645,0.003797136958181071,0.004307391663046525
B_fixed_G0,T0,61,VA,-0.043626126130580874,0.007031743971483126,-0.006215770453065942
B_fixed_G0,T0,62,VA,-0.02403910988873318,0.004424643622105262,0.0007543439601617101
B_fixed_G0,T0,63,VA,-0.03752970633291502,0.008489167004326687,-0.0011673187090143636
B_fixed_G0,T0,64,VA,0.015239313789231362,0.0005731411552647471,-0.0021097429421120632
B_fixed_G0,T0,65,VA,-0.017468731571198395,0.0022266095738831585,-0.001617671916616647
B_fixed_G0,T0,66,VA,-0.005310352985244198,0.0006599593314068837,-0.007308765362380091
B_fixed_G0,T0,67,VA,-0.022830732403077706,0.0006138275900281984,0.005543769639380336
B_fixed_G0,T0,68,VA,-0.01755227116618788,0.003124566128233543,-0.0006928112947713575
B_fixed_G0,T0,69,VA,-0.03953219004809252,0.003815818762478026,0.012741328587030773
B_fixed_G0,T0,70,VA,-0.07134725000785369,-4.7599226196081996e-05,0.004220556018980874
B_fixed_G0,T0,71,VA,-0.05958415944581744,0.007184943094140186,0.0046399892812176696
B_fixed_G0,T0,72,VA,-0.03134387880293818,0.00689933565481783,-0.0014354065491112014
B_fixed_G0,T0,73,VA,0.004699366328663542,0.011207335169227433,-0.004222358753744921
B_fixed_G0,T0,74,VA,-0.04417087296075529,0.0016145600514775294,0.007664846841670384
B_fixed_G0,T0,75,VA,-0.006517809854345665,0.0012246846634974618,-0.0038727322979275136
B_fixed_G0,T0,76,VA,-0.06328927374520177,0.0038413116571354073,-0.009987604591120199
B_fixed_G0,T0,77,VA,-0.028432423849639028,0.01489829031858179,-0.00357426566265919
B_fixed_G0,T0,78,VA,-0.01595656373391004,0.007652121522464016,-0.003955447291456917
B_fixed_G0,T0,79,VA,-0.048821246613799135,0.007412567473829404,0.01011960125148362
B_fixed_G0,T0,0,expression,0.0010508659567866007,0.002998739282668065,-0.0015987052793331683
B_fixed_G0,T0,1,expression,-0.1101055853872303,-0.004699834123669836,-0.006116323491419185
B_fixed_G0,T0,2,expression,-0.013016834484368018,0.0031983772080117685,0.0014760148667902482
B_fixed_G0,T0,3,expression,-0.06721621915858238,-0.0020167855157767985,-0.002869471484668708
B_fixed_G0,T0,4,expression,-0.03332349130904859,0.0029680772148276613,-0.0004655763024491586
B_fixed_G0,T0,5,expression,-0.03369459911290016,0.0034958154098885933,-0.001012920320616693
B_fixed_G0,T0,6,expression,-0.013293210469949523,0.0014409200064810852,-0.0019228499414680861
B_fixed_G0,T0,7,expression,0.004018269764644323,0.0059681441647321705,0.001267864769404803
B_fixed_G0,T0,8,expression,-0.02490565035656392,-0.0053688967453218465,0.0029746917077060854
B_fixed_G0,T0,9,expression,-0.03307990531216027,0.0074901944442269455,0.005667188764738487
B_fixed_G0,T0,10,expression,0.009528979434096998,0.0019266406621972724,0.0018789022025538192
B_fixed_G0,T0,11,expression,-0.038074745978736266,0.0026895582321550394,-0.005666508479516208
B_fixed_G0,T0,12,expression,-0.012138268676632775,-0.0022233820210254274,0.00014818991751421718
B_fixed_G0,T0,13,expression,0.0006503720036451797,0.004553383477491584,0.0021844358154243138
B_fixed_G0,T0,14,expression,-0.02213440934937728,0.0012584835880196188,0.00019862918440266778
B_fixed_G0,T0,15,expression,-0.002615266928877847,0.000325554445046123,-0.0003706701500432453
B_fixed_G0,T0,16,expression,-0.02715167135861569,0.003658958404193576,-0.0035359690906735216
B_fixed_G0,T0,17,expression,-0.007721715326262338,-0.003170006108974032,-0.0013774549156294828
B_fixed_G0,T0,18,expression,-0.019972185627386865,0.001687596405751178,-0.008044293001692043
B_fixed_G0,T0,19,expression,-0.030809889064189598,0.0010413249173084748,-0.001272577201214298
B_fixed_G0,T0,20,expression,0.012272287802792072,-0.004497083194642199,-0.0011942430042977917
B_fixed_G0,T0,21,expression,0.012745485770052401,-0.00206284130874744,0.0017734711704994524
B_fixed_G0,T0,22,expression,-0.02465883307917016,-0.0005021006482740138,0.0003610928331370616
B_fixed_G0,T0,23,expression,-0.011523287097310866,0.012860116022567388,0.00035048394127407676
B_fixed_G0,T0,24,expression,-0.025153505045574853,-8.966256415942342e-05,0.0022854656239538564
B_fixed_G0,T0,25,expression,-0.03769833783335968,0.005549604435217223,0.003032665238973526
B_fixed_G0,T0,26,expression,-0.037119919650906566,0.00430114733698217,-0.0007987700704640657
B_fixed_G0,T0,27,expression,-0.030633476956276894,0.00025360066953343215,-0.0034157381424102413
B_fixed_G0,T0,28,expression,-0.042800864706678744,0.021380455647094156,-0.007567814900191272
B_fixed_G0,T0,29,expression,-0.01649482763340595,0.010583346562146084,-0.014162228042703373
B_fixed_G0,T0,30,expression,-0.053338701862208314,0.0060863461430749844,0.008843452598528898
B_fixed_G0,T0,31,expression,-0.0074598558723891015,-0.0007828180632015548,0.002646936324439771
B_fixed_G0,T0,32,expression,-0.07620624357421865,0.005386654963096967,0.0045376914683423536
B_fixed_G0,T0,33,expression,-0.06607131750616757,-0.01215010885031449,-0.011592576028182052
B_fixed_G0,T0,34,expression,0.005052550301077708,0.006084066851931679,0.004081810894935945
B_fixed_G0,T0,35,expression,-0.008972545168410463,-0.002435287601623519,0.00862115748618261
B_fixed_G0,T0,36,expression,-0.07929717142402437,0.017807921873822467,0.007723343734466906
B_fixed_G0,T0,37,expression,0.01114936105283212,0.0018167819867387094,0.007621456265540977
B_fixed_G0,T0,38,expression,-0.05260973485292434,0.003273878891258497,-0.030082364931571272
B_fixed_G0,T0,39,expression,-0.13406331452043424,0.015098400097152706,0.007007090091354545
B_fixed_G0,T0,40,expression,-0.019588930115346386,0.0052195079753553026,-0.0006547852536854367
B_fixed_G0,T0,41,expression,-0.009587004616631572,0.0003328316234736298,-0.004599452164102206
B_fixed_G0,T0,42,expression,-0.04288758069591849,0.0003934032000100306,-0.0008396099333128158
B_fixed_G0,T0,43,expression,-0.032407420813886714,0.003277930806873311,0.002955287598649815
B_fixed_G0,T0,44,expression,-0.04089928601717136,-0.0001384374994435337,0.0018958237402584455
B_fixed_G0,T0,45,expression,-0.03829658113609856,-0.003344718898753997,-0.0014547420565047984
B_fixed_G0,T0,46,expression,-0.003966243712898265,0.002753477097202625,0.004390058380324306
B_fixed_G0,T0,47,expression,-0.03848769454275121,0.00425874624852208,0.0006148543073642168
B_fixed_G0,T0,48,expression,-0.0016121873857619553,0.0032110126613094175,0.00029377669429122877
B_fixed_G0,T0,49,expression,0.022027436098328603,6.281527640056989e-07,0.0045766639610416784
B_fixed_G0,T0,50,expression,-0.06521839845446423,0.003355000600847356,0.002971244312498538
B_fixed_G0,T0,51,expression,0.017071747366326013,0.0022375836741672494,0.0014024347934331646
B_fixed_G0,T0,52,expression,-0.04180876775540772,0.003648148725723852,-0.0022472335466984066
B_fixed_G0,T0,53,expression,-0.04300369844647022,0.00019382507555930532,0.0027217294435134603
B_fixed_G0,T0,54,expression,-0.04110042148341156,0.0018396099259438859,0.0010346871228220857
B_fixed_G0,T0,55,expression,-0.04886892289548834,0.002787457218134546,0.007020044970875464
B_fixed_G0,T0,56,expression,0.014279549722295773,0.0062419294056675675,-0.0009556557414233665
B_fixed_G0,T0,57,expression,-0.041938756033144585,0.02561972806398933,-0.0044602373656337495
B_fixed_G0,T0,58,expression,0.02771583791024069,0.009836527981287894,0.003272812240177883
B_fixed_G0,T0,59,expression,-0.017901427782176703,0.020649785545317316,0.007199911751374385
B_fixed_G0,T0,60,expression,-0.017108300184859416,0.0036634109052597758,0.005323690181566367
B_fixed_G0,T0,61,expression,-0.009498434816970774,0.005462749325667518,-0.0017595674773136674
B_fixed_G0,T0,62,expression,-0.00522082540431465,0.0011415988664433391,-0.004917108966051134
B_fixed_G0,T0,63,expression,-0.025928884063107872,0.000810053822872738,-0.0019605538230522755
B_fixed_G0,T0,64,expression,-0.0024149254652010774,0.0006999602805730154,-0.003003658215492554
B_fixed_G0,T0,65,expression,0.001307600986962227,-0.00017197582307522407,-0.002862075608990913
B_fixed_G0,T0,66,expression,-0.00577542664813596,-0.0011794480652707385,-0.0012314481339906933
B_fixed_G0,T0,67,expression,0.0003365307845807367,-0.004188220888002823,0.0037943533276089147
B_fixed_G0,T0,68,expression,-0.014610959912060845,-0.00032344456832165416,0.004644494391502529
B_fixed_G0,T0,69,expression,-0.03006457430847066,-0.020579218611070593,0.004697443639753618
B_fixed_G0,T0,70,expression,-0.011676867329092273,0.012623196468960613,0.01187104341654108
B_fixed_G0,T0,71,expression,-0.03607181767307663,-0.004947082746362866,0.0032047854150398665
B_fixed_G0,T0,72,expression,-0.013155856184073588,0.006738296405067233,-0.0010615359680067782
B_fixed_G0,T0,73,expression,0.0034528403706003156,-0.0007499411831319591,0.0009975143499593169
B_fixed_G0,T0,74,expression,-0.006217951025898302,0.0003369184283261859,0.004379830230877454
B_fixed_G0,T0,75,expression,0.005309215338075079,0.0009432041487699762,-0.003371191239126131
B_fixed_G0,T0,76,expression,-0.037337470514422946,0.004358928299642404,0.007518081259504648
B_fixed_G0,T0,77,expression,-0.014226434041804518,0.008799164164141346,0.003316140694597057
B_fixed_G0,T0,78,expression,-0.0035788349936422435,0.00155063598060687,7.458262778638264e-05
B_fixed_G0,T0,79,expression,-0.04151896778475761,0.0023260490936526323,0.0013044117866496594
B_fixed_G0,T0,0,all,0.0018488534436588275,0.0012618262433715239,0.002692108927236291
B_fixed_G0,T0,1,all,-0.1216183230988302,-0.003927625687957478,-0.0026890781042860456
B_fixed_G0,T0,2,all,-0.019692834703364057,0.00026384758679547007,0.0015452178403743862
B_fixed_G0,T0,3,all,-0.09591279386075846,-0.005834711568593461,0.0007995598511893492
B_fixed_G0,T0,4,all,-0.024853073944072542,0.005206017068469041,-0.0026592802219106435
B_fixed_G0,T0,5,all,-0.020431066952909586,0.005023123445129624,-0.00185549463720861
B_fixed_G0,T0,6,all,-0.012209567943036721,0.000987855737652812,-0.0012358950320472007
B_fixed_G0,T0,7,all,-0.003315390897230958,0.004323273295034834,3.47160992712614e-05
B_fixed_G0,T0,8,all,-0.019684405211549225,-0.001531370392781623,0.0018736788162942877
B_fixed_G0,T0,9,all,-0.01764405854366804,0.0057701655943858295,0.0038281304463473704
B_fixed_G0,T0,10,all,0.007192422683638983,0.002226839930458621,0.0028151923289108714
B_fixed_G0,T0,11,all,-0.04923515553585129,0.002968369625912282,-0.00019251523254092706
B_fixed_G0,T0,12,all,-0.008873622834504064,0.0005302473565977416,-0.0003281903176620092
B_fixed_G0,T0,13,all,-0.005669825200938108,0.0031698096612465883,0.0009225934495536057
B_fixed_G0,T0,14,all,-0.013495337888306565,0.0020574864269762667,-0.00016297816208238203
B_fixed_G0,T0,15,all,-0.005030228448272481,0.0018981190934748268,6.103891104138298e-05
B_fixed_G0,T0,16,all,-0.020872086596060168,0.004330111111070228,-0.0024546782014056453
B_fixed_G0,T0,17,all,-0.010483472231198672,-6.222259664487973e-05,0.0005981567431383206
B_fixed_G0,T0,18,all,-0.023631786812180585,-0.0007088136186582226,-0.004049346965790204
B_fixed_G0,T0,19,all,-0.017733320725812882,0.0008579673577095284,-0.001559805030361211
B_fixed_G0,T0,20,all,0.015133383510957677,-0.001995448381627422,-0.0009370479521023205
B_fixed_G0,T0,21,all,0.0033648905983038953,0.000930721503466278,0.003994135962470572
B_fixed_G0,T0,22,all,-0.029268324747737686,-0.0007072107406945777,-0.0032938925136306
B_fixed_G0,T0,23,all,-0.01937050283057929,0.005551663084125103,-0.002298251820931073
B_fixed_G0,T0,24,all,-0.052481120013454105,-0.00025748828438064924,-0.002122649744223378
B_fixed_G0,T0,25,all,-0.045293493730413886,0.0011047718115339627,0.0021923294087460746
B_fixed_G0,T0,26,all,-0.0451917782242081,0.0021658621691346028,-0.0018956663048074506
B_fixed_G0,T0,27,all,-0.038733967611700115,-0.002075343789398743,-0.001984656561002558
B_fixed_G0,T0,28,all,-0.040741146500807776,0.007359559735758658,-0.00448794693890234
B_fixed_G0,T0,29,all,-0.03404896730473392,-0.015524194146958964,-0.009842088330669225
B_fixed_G0,T0,30,all,-0.06978319372542816,-0.008375098808025474,-0.0007574232068812333
B_fixed_G0,T0,31,all,-0.024694966079541778,-0.002367341860737381,-0.002591042355384043
B_fixed_G0,T0,32,all,-0.08741981311100742,0.001723778917864475,-0.00043550335400211246
B_fixed_G0,T0,33,all,-0.07939627454075313,-0.01869499117598226,-0.02094092450490187
B_fixed_G0,T0,34,all,-0.014906310095891287,0.007778015274234935,0.004435785596484365
B_fixed_G0,T0,35,all,-0.022200592586452884,-0.003224454117034932,-0.0028430865202375387
B_fixed_G0,T0,36,all,-0.08527589543712029,-0.0012246934854858236,0.00103284094558205
B_fixed_G0,T0,37,all,-0.02114423041768344,0.003671740656827644,0.004786475580910008
B_fixed_G0,T0,38,all,-0.07152289685479528,-0.006640577025993254,-0.023428914280670968
B_fixed_G0,T0,39,all,-0.12990570846619492,0.0016832520230935827,0.0022423012199892242
B_fixed_G0,T0,40,all,-0.024604318877589706,0.01165042125355702,-0.0004801086102265744
B_fixed_G0,T0,41,all,-0.02040412668919884,-0.0038350874407221598,-0.005934153043447623
B_fixed_G0,T0,42,all,-0.04265792435522999,-0.0014020533239009353,-0.0001577673063512386
B_fixed_G0,T0,43,all,-0.021587964683507183,0.002594559510516457,0.0009661136261596967
B_fixed_G0,T0,44,all,-0.0546592601015432,0.0035056687863210443,0.002820655012385399
B_fixed_G0,T0,45,all,-0.08827443963465831,-0.0031004863090851485,-0.0024519283587287025
B_fixed_G0,T0,46,all,-0.018757301611466003,0.008155434903589163,0.003911944797950699
B_fixed_G0,T0,47,all,-0.05350348548211494,0.003149909802799617,0.0003594129827429389
B_fixed_G0,T0,48,all,-0.01275515894996025,0.0029240305307275233,0.0010963394932671387
B_fixed_G0,T0,49,all,0.008378954149390824,-0.0005918674077215496,0.006340289799412439
B_fixed_G0,T0,50,all,-0.08267715332086954,-0.0021306102618482196,-0.0020644813167107015
B_fixed_G0,T0,51,all,0.009667671108335238,0.0016194943186362675,-0.0013297445472563382
B_fixed_G0,T0,52,all,-0.05243366926388505,3.3498364363034214e-05,-0.0020292942185537806
B_fixed_G0,T0,53,all,-0.05865320693313478,0.0006474912290004928,0.00047037886240360917
B_fixed_G0,T0,54,all,-0.04890734633207814,0.0019943751963410676,0.00465308079914861
B_fixed_G0,T0,55,all,-0.07898656098330184,0.004081974280155101,0.006707843669497485
B_fixed_G0,T0,56,all,0.0022933424506927052,0.006284074383182819,-0.0028201762011533017
B_fixed_G0,T0,57,all,-0.04400182671296435,0.007846814429992638,-0.010140924587946852
B_fixed_G0,T0,58,all,0.0033332457733379686,0.012965979441179354,-0.003030517423866875
B_fixed_G0,T0,59,all,-0.031093225157480687,0.012165843521662889,-0.0030554283604596532
B_fixed_G0,T0,60,all,-0.019441911876547563,0.0011874377545860973,0.002534260254861555
B_fixed_G0,T0,61,all,-0.027292763393820644,0.00037480359347243975,-0.004121052704861228
B_fixed_G0,T0,62,all,-0.01023884712552066,-0.0030754680089002495,-0.0018992283821217901
B_fixed_G0,T0,63,all,-0.04044618874852968,-0.00016777195720264727,-0.0015991413480447125
B_fixed_G0,T0,64,all,-0.00753965723586242,0.0004115889415266555,-0.0002559920322924717
B_fixed_G0,T0,65,all,0.002537980574371983,0.0016509666569746902,-0.0024408860737452093
B_fixed_G0,T0,66,all,-0.0030204686293405854,-0.0011962911321601525,-0.0019840164379881934
B_fixed_G0,T0,67,all,-0.02138351989032165,0.003096016808793343,0.00679670940235419
B_fixed_G0,T0,68,all,-0.011502896761477768,-0.0006521558004808293,0.0014934519850953293
B_fixed_G0,T0,69,all,-0.018623803055229978,-0.01115529910850066,0.001988295647302265
B_fixed_G0,T0,70,all,-0.020471054368418798,-0.003009815631622288,0.0037315891044700784
B_fixed_G0,T0,71,all,-0.03199980776577543,-0.005109735214869442,0.0015539233400362566
B_fixed_G0,T0,72,all,-0.014967593866620537,0.004318815314133957,-0.0010866085001523386
B_fixed_G0,T0,73,all,0.006944285734274938,0.0027368290809798605,0.000295905793014781
B_fixed_G0,T0,74,all,-0.01676999688220665,-0.0013908402446442417,0.002128961396403487
B_fixed_G0,T0,75,all,-0.006061567056638426,0.0002827909632761233,-0.0033631655951489323
B_fixed_G0,T0,76,all,-0.04008557573489145,0.005300869146493972,0.004127193701508762
B_fixed_G0,T0,77,all,-0.02738784442618925,0.0018915537545799426,-0.00015414050533993628
B_fixed_G0,T0,78,all,-0.008652126855784106,0.0013333260520785996,-0.0003055333484196836
B_fixed_G0,T0,79,all,-0.0434378359161423,0.0024587676984853314,0.0028213991819279476
B_fixed_G0,G1-shared,0,AU,-0.006148215527924619,-0.0026725088367516316,-0.00278174546504627
B_fixed_G0,G1-shared,1,AU,-0.07196986395729787,-0.01835845837484263,-0.0035926179958956127
B_fixed_G0,G1-shared,2,AU,-0.016939570892627234,-0.005183336633609615,-0.002076413628856866
B_fixed_G0,G1-shared,3,AU,-0.07886947708396203,-0.010409908803547452,0.0032926281165132996
B_fixed_G0,G1-shared,4,AU,-0.04661350896300975,-0.009236674236005703,-0.008121919010289871
B_fixed_G0,G1-shared,5,AU,-0.06088174472298957,-0.0009876681297773244,-0.010961211800014168
B_fixed_G0,G1-shared,6,AU,-0.011441796233617381,-0.0023393562144114464,-0.0029138232915300387
B_fixed_G0,G1-shared,7,AU,-0.024085877465100082,-0.006028310211615381,-0.010976219038374029
B_fixed_G0,G1-shared,8,AU,-0.03391483701402613,-0.015118736164276267,0.0027891503379984975
B_fixed_G0,G1-shared,9,AU,-0.016028970842132614,-0.008778313605287564,0.0007522489080123347
B_fixed_G0,G1-shared,10,AU,-0.0020370033824718588,-0.0011923947676695094,0.002343476920006645
B_fixed_G0,G1-shared,11,AU,-0.06929391926009577,-0.012583872345740117,-0.0036427571930955694
B_fixed_G0,G1-shared,12,AU,-0.02273447796149688,-0.005481915864097417,-0.006536740995401007
B_fixed_G0,G1-shared,13,AU,-0.023426523523053907,-0.0028030886761052265,-0.002119032170893534
B_fixed_G0,G1-shared,14,AU,-0.013890079225051076,0.0006610522416167305,-0.004401337462387353
B_fixed_G0,G1-shared,15,AU,-0.03220913856594321,-0.002314284219523437,-0.005703358352573817
B_fixed_G0,G1-shared,16,AU,-0.045536196068696674,-0.00025058890755877715,-0.011469466520638544
B_fixed_G0,G1-shared,17,AU,-0.03096315943486808,-0.005076526395396294,-0.0041281623701525825
B_fixed_G0,G1-shared,18,AU,-0.034765620320779095,-0.003804898291283671,-0.006091792970233604
B_fixed_G0,G1-shared,19,AU,-0.02906113148795325,-0.00836056605907003,-0.005084003168192703
B_fixed_G0,G1-shared,20,AU,-0.02462558948245661,-0.017492274211329897,-0.010895619530826467
B_fixed_G0,G1-shared,21,AU,-0.025410621428598908,-0.007774474082257864,-0.004146615585018395
B_fixed_G0,G1-shared,22,AU,-0.0657601795329728,-0.030813872166972955,-0.016494179501728268
B_fixed_G0,G1-shared,23,AU,-0.036918984188438114,-0.012297483201507827,-0.012262130023995713
B_fixed_G0,G1-shared,24,AU,-0.06683705936625542,-0.011732216059280747,-0.027870766531169728
B_fixed_G0,G1-shared,25,AU,-0.036998048792233805,-0.013977770897028752,-0.010093687490859959
B_fixed_G0,G1-shared,26,AU,-0.04904611822101211,-0.009996607122096959,-0.013620348473708107
B_fixed_G0,G1-shared,27,AU,-0.02313486078601949,-0.015578597603764814,-0.009568204499235075
B_fixed_G0,G1-shared,28,AU,-0.030840169310710444,-0.011984700102192727,-0.0019166749027397104
B_fixed_G0,G1-shared,29,AU,-0.036534545172617075,-0.025375451007239286,-0.008301614345891006
B_fixed_G0,G1-shared,30,AU,-0.07680051231988498,-0.038999768036184254,-0.005032343994872632
B_fixed_G0,G1-shared,31,AU,-0.04744148867437375,-0.008915290131139338,-0.011440646051284477
B_fixed_G0,G1-shared,32,AU,-0.028226912880036016,-0.005539864569474712,-0.002448174885429885
B_fixed_G0,G1-shared,33,AU,-0.08123121791753642,-0.02493836380815641,-0.030189770787295053
B_fixed_G0,G1-shared,34,AU,-0.026515156689304438,0.00018040583383141536,-0.003995172315477335
B_fixed_G0,G1-shared,35,AU,-0.04053860453876079,-0.012646120540265619,-0.013053673873744015
B_fixed_G0,G1-shared,36,AU,-0.047541717880951045,-0.005360627756519737,-0.0026358410241503973
B_fixed_G0,G1-shared,37,AU,-0.015675399102093746,0.0005064226257912344,0.00310349371122967
B_fixed_G0,G1-shared,38,AU,-0.06414184121702018,-0.03233121302846568,-0.018465407222954956
B_fixed_G0,G1-shared,39,AU,-0.03947039628220436,-0.0035508704806529803,0.00255196068421674
B_fixed_G0,G1-shared,40,AU,-0.03339588486206653,0.014890441705810714,-0.0012956320547631718
B_fixed_G0,G1-shared,41,AU,-0.04545561654336413,-0.02491611191327886,-0.008893738125057454
B_fixed_G0,G1-shared,42,AU,-0.048021969707328346,0.004303145837456643,-0.0014089323891062363
B_fixed_G0,G1-shared,43,AU,-0.025667152177864225,-0.007682082416086327,-0.005938553428062404
B_fixed_G0,G1-shared,44,AU,-0.03224245408381625,-0.0102071269411424,0.0013202047520679758
B_fixed_G0,G1-shared,45,AU,-0.09090105452424178,-0.018969088588792184,-0.009855704441243975
B_fixed_G0,G1-shared,46,AU,-0.031153519646797457,-0.0001187884967654157,-0.0027179966584431124
B_fixed_G0,G1-shared,47,AU,-0.05514308018290786,-0.010755343587855805,-0.006203347172073747
B_fixed_G0,G1-shared,48,AU,-0.028442274279054727,-0.055277087346676364,-0.0025771691204469873
B_fixed_G0,G1-shared,49,AU,0.0033823585673323315,-0.012924085762572207,0.007851633591161934
B_fixed_G0,G1-shared,50,AU,-0.06465198820286905,-0.031285392917129964,-0.001787109742875003
B_fixed_G0,G1-shared,51,AU,-0.015091584665058472,-0.007537089057757602,-0.007511704914028751
B_fixed_G0,G1-shared,52,AU,-0.0640157056660887,-0.01890846884312908,-0.009046032039203409
B_fixed_G0,G1-shared,53,AU,-0.03930532443467933,-0.015688513270597813,-4.502804049752414e-05
B_fixed_G0,G1-shared,54,AU,-0.02485124301374683,-0.012655814336444355,0.0003080560844734753
B_fixed_G0,G1-shared,55,AU,-0.05567470720405235,-0.00904775063203553,0.0014808300555720225
B_fixed_G0,G1-shared,56,AU,-0.03481046445985884,-0.013275884295354493,-0.012701366908634422
B_fixed_G0,G1-shared,57,AU,-0.06894223660876196,-0.013705294151986095,-0.027853500612010956
B_fixed_G0,G1-shared,58,AU,-0.0676611106740959,0.007352258160024758,-0.04544959511581752
B_fixed_G0,G1-shared,59,AU,-0.06142920784048959,-0.0095169162374798,-0.026647502673673648
B_fixed_G0,G1-shared,60,AU,-0.031967863972252056,-0.010883419422449369,-0.006649083867244105
B_fixed_G0,G1-shared,61,AU,-0.02815425464247534,-0.010711879349631227,-0.008401697242339851
B_fixed_G0,G1-shared,62,AU,-0.018081541214563436,-0.013758769297646542,-0.003360302842581042
B_fixed_G0,G1-shared,63,AU,-0.05117806756575471,-0.018297692133475065,-0.007252000946277698
B_fixed_G0,G1-shared,64,AU,-0.03380441074806793,-0.009245956560919373,-0.0016326029823518135
B_fixed_G0,G1-shared,65,AU,-0.021833219213582965,-0.001779704666694669,-0.005918731155177532
B_fixed_G0,G1-shared,66,AU,-0.011552357457932564,-0.005843146328348283,-0.0015146593143880226
B_fixed_G0,G1-shared,67,AU,-0.03236829939129984,0.0069467879699157764,0.008325660423591976
B_fixed_G0,G1-shared,68,AU,-0.011966184817755281,-0.0034244527437999484,-0.0022538181155036525
B_fixed_G0,G1-shared,69,AU,-0.008548725749815586,-0.01100844166190966,-0.0017833120125007134
B_fixed_G0,G1-shared,70,AU,-0.01718985313508745,-0.010896336859968736,-0.0016564037108101593
B_fixed_G0,G1-shared,71,AU,-0.014801670123273125,-0.019302470163782736,-0.0010043991482162158
B_fixed_G0,G1-shared,72,AU,-0.023142115361885224,-0.015873086376957904,-0.005463832483442654
B_fixed_G0,G1-shared,73,AU,-0.002995504129681374,0.0012774737122015418,-0.0016739512924142663
B_fixed_G0,G1-shared,74,AU,-0.03193869780383467,-0.009081583962663608,-0.000791731941564523
B_fixed_G0,G1-shared,75,AU,-0.01533036076102516,-0.005656146667782869,-0.007828409215184653
B_fixed_G0,G1-shared,76,AU,-0.0257733240659857,-0.011601976089824315,-0.0005586672826239406
B_fixed_G0,G1-shared,77,AU,-0.03385947839316876,-0.011791327491865131,-0.006043286795482546
B_fixed_G0,G1-shared,78,AU,-0.014734604086538984,-0.011010734780917832,-0.005805694474075085
B_fixed_G0,G1-shared,79,AU,-0.030034281237682224,0.0003734706386851651,0.002555156071093431
B_fixed_G0,G1-shared,0,VA,0.055168736476166935,0.0033296245849182894,-0.0003459262103339122
B_fixed_G0,G1-shared,1,VA,-0.10356362490443663,-0.01800094850589275,-0.013377632460637908
B_fixed_G0,G1-shared,2,VA,0.0264371089164114,-0.012761294137768938,-0.024508177799637352
B_fixed_G0,G1-shared,3,VA,-0.0892424643612697,-0.015850568533779245,0.0021599793704339893
B_fixed_G0,G1-shared,4,VA,-0.039332336222252254,-0.0011907956922017117,-0.0037912598955817276
B_fixed_G0,G1-shared,5,VA,-0.06602733468232225,-0.0009410778826697651,-0.018471279707707705
B_fixed_G0,G1-shared,6,VA,-0.005737771320650321,-0.00393576315480333,-0.0200651767608174
B_fixed_G0,G1-shared,7,VA,-0.04270055005254958,0.0003025631293799338,-0.013589874826935088
B_fixed_G0,G1-shared,8,VA,-0.03391623175802901,0.0043150865877936454,-0.020816991955963333
B_fixed_G0,G1-shared,9,VA,-0.045019681634420376,0.003653514448517988,-0.005304694525612746
B_fixed_G0,G1-shared,10,VA,-0.02329553741942991,0.008157743246159423,-0.00030791218604548276
B_fixed_G0,G1-shared,11,VA,-0.11715013368019436,-0.005479042341976682,-0.017739879749324772
B_fixed_G0,G1-shared,12,VA,-0.0319808736533442,0.003773349303807551,0.0025165034639747265
B_fixed_G0,G1-shared,13,VA,-0.027129244165750948,0.0033605017308817016,-0.003744969325804842
B_fixed_G0,G1-shared,14,VA,-0.04326433612019606,0.0025691486674848246,-0.016147871038248166
B_fixed_G0,G1-shared,15,VA,-0.014483835048020362,0.009950553362389241,-0.0010102650727893728
B_fixed_G0,G1-shared,16,VA,-0.03225359645712552,-0.0027787767063201384,-0.022182468907793074
B_fixed_G0,G1-shared,17,VA,-0.033197684770502625,0.004274645660459554,-0.00028709487853273224
B_fixed_G0,G1-shared,18,VA,-0.026398434798230695,0.004431401909227081,-0.010934548019836586
B_fixed_G0,G1-shared,19,VA,-0.022334656416741323,-0.004887312411678544,-0.01640572277598413
B_fixed_G0,G1-shared,20,VA,0.011444483854389403,-0.0008324313421953537,-0.003783978863343767
B_fixed_G0,G1-shared,21,VA,-0.053424297834602466,-9.350361722090563e-05,-0.016890459582907573
B_fixed_G0,G1-shared,22,VA,-0.056742547536309765,-0.005934958731363562,-0.0046660233267371365
B_fixed_G0,G1-shared,23,VA,-0.04799914300064688,0.0013914729831458665,-0.023953095731348163
B_fixed_G0,G1-shared,24,VA,-0.0009296756588152453,-0.001542522255397108,0.0032012625244284914
B_fixed_G0,G1-shared,25,VA,0.007258083358333119,-0.005865779996686509,0.0023168669008385525
B_fixed_G0,G1-shared,26,VA,-0.03754592153920989,-0.01646840855261953,-0.01286189546136599
B_fixed_G0,G1-shared,27,VA,0.01697424248081182,-0.019086786705047046,-0.010746112058327439
B_fixed_G0,G1-shared,28,VA,-0.020420558684050655,-0.0011162976723230696,0.00495398406834033
B_fixed_G0,G1-shared,29,VA,-0.0352456327346358,-0.009574176506810559,-0.021732989170879756
B_fixed_G0,G1-shared,30,VA,-0.10028371989639591,-0.011995042309723241,-0.011672401385783147
B_fixed_G0,G1-shared,31,VA,-0.04419032864880181,-0.0015227497512923106,-0.007699307787657662
B_fixed_G0,G1-shared,32,VA,-0.052466223067883636,0.004227769046313666,-0.013871523545678036
B_fixed_G0,G1-shared,33,VA,-0.11706928223216195,-0.012800297744144883,0.0340369917143447
B_fixed_G0,G1-shared,34,VA,-0.05254221673876206,-0.003836791598796827,0.008466297594833447
B_fixed_G0,G1-shared,35,VA,-0.035949920146425465,-0.006444583151082253,0.011521103956738924
B_fixed_G0,G1-shared,36,VA,-0.033377884607836604,-0.031754911446996666,-0.018088979825278774
B_fixed_G0,G1-shared,37,VA,-0.06449524835696906,-0.003932211406298553,-0.010104608571550938
B_fixed_G0,G1-shared,38,VA,-0.06398505264663476,-0.015990405672194043,0.036124602205293024
B_fixed_G0,G1-shared,39,VA,0.006854501320076802,-0.03861617217414475,-0.0013541997472436905
B_fixed_G0,G1-shared,40,VA,-0.02201137156436806,0.0013086852723210424,-0.003077936287105625
B_fixed_G0,G1-shared,41,VA,0.03798359200742227,-0.021802723523771193,-0.042966655999664885
B_fixed_G0,G1-shared,42,VA,-0.04072609316231248,-0.013236850504335318,-0.03222314390347649
B_fixed_G0,G1-shared,43,VA,-0.04193349264007289,-0.003257435533051057,0.008332812139996367
B_fixed_G0,G1-shared,44,VA,-0.026623320160000623,-0.011739816446202842,-0.01356370682688145
B_fixed_G0,G1-shared,45,VA,-0.09715551286965107,-0.008153868510647885,-0.011102390789361347
B_fixed_G0,G1-shared,46,VA,-0.05248782899435027,0.005827878867259028,-0.013702720116968497
B_fixed_G0,G1-shared,47,VA,-0.055741824113190584,-0.002667631502577198,-0.0040841640942706845
B_fixed_G0,G1-shared,48,VA,-0.06969170029766494,0.004491095873067398,0.001488616303347446
B_fixed_G0,G1-shared,49,VA,-0.0007052102460600405,-0.002326618441368412,-0.01945561849004255
B_fixed_G0,G1-shared,50,VA,-0.07137187304544147,-0.0024829414340290018,0.018517750954360358
B_fixed_G0,G1-shared,51,VA,-0.013836131170157648,-0.0032893572516527704,-0.01871430491269869
B_fixed_G0,G1-shared,52,VA,-0.01765130870923681,0.007993277403846647,0.0008431861713440375
B_fixed_G0,G1-shared,53,VA,-0.03460741026157903,-0.00890465739488892,-0.02222312074423
B_fixed_G0,G1-shared,54,VA,-0.047760146457359424,-0.006372843441269727,-0.012696336073866613
B_fixed_G0,G1-shared,55,VA,-0.03702360769996181,-0.005653672578521877,-0.0010380256687775344
B_fixed_G0,G1-shared,56,VA,-0.07344618775671138,0.007124402510599757,0.02033081612983989
B_fixed_G0,G1-shared,57,VA,-0.06047411088106702,-0.004291400483934773,0.0028025919860446185
B_fixed_G0,G1-shared,58,VA,-0.027809846098564163,-0.010389653439464446,-0.038997021346055635
B_fixed_G0,G1-shared,59,VA,-0.01888520022876909,-0.02765745156150994,0.005196248022331539
B_fixed_G0,G1-shared,60,VA,-0.005404896758033272,-0.014356553091119278,0.01336116152431153
B_fixed_G0,G1-shared,61,VA,-0.04709072173209913,0.0047172732214616955,-0.03871568925977021
B_fixed_G0,G1-shared,62,VA,-0.028535539669205735,-0.003128103519000655,-0.008849942466348602
B_fixed_G0,G1-shared,63,VA,-0.04878041735169778,-0.007368708267673713,-0.011468969102127757
B_fixed_G0,G1-shared,64,VA,0.006871235741371,0.001404881221610933,-0.00600183571005398
B_fixed_G0,G1-shared,65,VA,-0.060017738078524986,-0.0004484363626882379,-0.005701056487462617
B_fixed_G0,G1-shared,66,VA,-0.031291158711667946,-0.0017693021315425127,-0.0130754707861958
B_fixed_G0,G1-shared,67,VA,0.009398330211514382,0.0017276985386960233,0.0018865472146050752
B_fixed_G0,G1-shared,68,VA,-0.03828432105610273,-0.0026366841352496195,-0.007459888452439676
B_fixed_G0,G1-shared,69,VA,-0.025473196924308182,-0.006101362695621193,0.0026372095248023046
B_fixed_G0,G1-shared,70,VA,-0.016394805872061196,-0.0024783535194944388,-0.0074633249049001595
B_fixed_G0,G1-shared,71,VA,-0.03530070545977159,-0.008240053801238911,-0.022962511574443095
B_fixed_G0,G1-shared,72,VA,-0.031156352015418616,-0.0005990689457287833,-0.01168731279582522
B_fixed_G0,G1-shared,73,VA,-0.0476294990366239,0.007649148212740951,-0.01653698512284791
B_fixed_G0,G1-shared,74,VA,-0.05777636531193607,0.0012741541762107094,0.003111090393091441
B_fixed_G0,G1-shared,75,VA,-0.0168550921619996,0.0001349982768668201,0.0022272166671554595
B_fixed_G0,G1-shared,76,VA,-0.059065109105610934,0.003699877783578706,-0.038568455475234575
B_fixed_G0,G1-shared,77,VA,-0.03730613051908106,-0.0038852241127748425,-0.019806883158511885
B_fixed_G0,G1-shared,78,VA,-0.02991271637215086,-0.0037134924976305406,-0.02218314609197355
B_fixed_G0,G1-shared,79,VA,-0.014020877632219684,0.007324496387449239,0.02520097941380802
B_fixed_G0,G1-shared,0,expression,-0.0003623045289402896,-0.0005475685765064454,-0.0009643458563480267
B_fixed_G0,G1-shared,1,expression,-0.0657505500320543,-0.009770292544989933,-0.00792724623256826
B_fixed_G0,G1-shared,2,expression,-0.004078437687578223,0.004075759265927498,-0.007868676673582367
B_fixed_G0,G1-shared,3,expression,-0.042704405680585575,-0.004140708895610024,-0.005640437146342355
B_fixed_G0,G1-shared,4,expression,-0.03670024989108259,-0.01297060783317098,-0.011718155326502572
B_fixed_G0,G1-shared,5,expression,-0.044179303325522036,-0.00847721221213438,-0.014629895228178891
B_fixed_G0,G1-shared,6,expression,-0.010484311883119154,-0.0001254166672981463,-0.006429946533659067
B_fixed_G0,G1-shared,7,expression,-0.014891402852719888,0.0026774150500919846,-0.006768691703127558
B_fixed_G0,G1-shared,8,expression,-0.009835386750870766,-0.004879292303830139,0.0005651378964017604
B_fixed_G0,G1-shared,9,expression,-0.025739532100146463,0.009249018725920412,0.0029331978122824317
B_fixed_G0,G1-shared,10,expression,-0.002207714940783067,-0.0032906468869054128,-0.0016011516183295435
B_fixed_G0,G1-shared,11,expression,-0.03965350334761432,-0.007118392299922843,-0.012716406742004463
B_fixed_G0,G1-shared,12,expression,-0.007555963039625727,-0.0025636327009991586,-0.0005799907930289583
B_fixed_G0,G1-shared,13,expression,-0.010264849573226053,-0.0032274978178224783,-0.001977114415930515
B_fixed_G0,G1-shared,14,expression,-0.01936036900987479,-0.002520145709371753,-0.006518676889608392
B_fixed_G0,G1-shared,15,expression,-0.016300271229596573,-0.0006090600624357835,-0.00451734916822262
B_fixed_G0,G1-shared,16,expression,-0.04013773040130109,-0.004352356825510089,-0.020597225523807945
B_fixed_G0,G1-shared,17,expression,-0.013909087093707445,0.0006097512792477527,-0.001637093623729579
B_fixed_G0,G1-shared,18,expression,-0.028798353355518908,-0.0014835251783036076,-0.009499906028921198
B_fixed_G0,G1-shared,19,expression,-0.03769441177376075,-0.01269342904142835,-0.005907076363637722
B_fixed_G0,G1-shared,20,expression,-0.00015930294787013522,0.0018909434166011888,-0.017104692732613606
B_fixed_G0,G1-shared,21,expression,-0.02000423083052964,0.003982416693985214,-0.005662326826584413
B_fixed_G0,G1-shared,22,expression,-0.04228192516122142,-0.015016093309077832,-0.005178910192131632
B_fixed_G0,G1-shared,23,expression,-0.029188529659090308,0.0010918448375333868,-0.0059866383551698665
B_fixed_G0,G1-shared,24,expression,-0.020823967271826813,-0.0015009196776490721,-0.012584762798588691
B_fixed_G0,G1-shared,25,expression,-0.025870695226311323,-0.0032505324833063494,-0.01181898123935872
B_fixed_G0,G1-shared,26,expression,-0.03223606386790682,-0.0033341690315256745,-0.012312922488289118
B_fixed_G0,G1-shared,27,expression,-0.002120092790983792,-0.005369202369202869,-0.018467532482143504
B_fixed_G0,G1-shared,28,expression,-0.03917025722094748,0.013586235253250534,-0.0048752151947842
B_fixed_G0,G1-shared,29,expression,-0.032620276214447144,0.0022453576258210234,-0.016138313188705653
B_fixed_G0,G1-shared,30,expression,-0.06591640893539127,-0.0009568968157777746,-0.0017123129969235536
B_fixed_G0,G1-shared,31,expression,-0.017983291068215067,0.007649040199980259,-0.007509029755119643
B_fixed_G0,G1-shared,32,expression,-0.06542929085256984,0.011506716892337983,0.005102872815909898
B_fixed_G0,G1-shared,33,expression,-0.06527796710733764,-0.012634617817453796,-0.009615460445086677
B_fixed_G0,G1-shared,34,expression,-0.021559440626303238,-0.0011561571230556944,-0.004555108919397763
B_fixed_G0,G1-shared,35,expression,-0.009353533271216786,-0.004407054018967514,0.002845275753459363
B_fixed_G0,G1-shared,36,expression,-0.040012547853947214,0.006335893763500652,0.0077706416425263655
B_fixed_G0,G1-shared,37,expression,0.016477924307658064,-0.006611935631520805,0.011477551888140819
B_fixed_G0,G1-shared,38,expression,-0.08542689426580627,-0.0031564617716330406,-0.03452837198883242
B_fixed_G0,G1-shared,39,expression,-0.05489004862543122,0.018629233933493687,0.009434545421037614
B_fixed_G0,G1-shared,40,expression,-0.03198916229474694,-0.00433982034659143,-0.004507936472016538
B_fixed_G0,G1-shared,41,expression,-0.017740707358817324,-0.0037597306516685067,-0.01908790574167356
B_fixed_G0,G1-shared,42,expression,-0.02854019000770185,-0.009551880636406334,-0.006426875339222618
B_fixed_G0,G1-shared,43,expression,-0.02276432735638841,-0.00037512592098664434,0.011287543762334202
B_fixed_G0,G1-shared,44,expression,-0.02546928154824777,0.00035598485636677594,-0.005099423509808921
B_fixed_G0,G1-shared,45,expression,-0.04232587232628055,-0.005550645228451074,-0.0065601217123802055
B_fixed_G0,G1-shared,46,expression,-0.012120591804643184,0.0015541226661238419,-0.006398409202303973
B_fixed_G0,G1-shared,47,expression,-0.02492036075836587,-0.0038658593743609608,-0.0024452282780556014
B_fixed_G0,G1-shared,48,expression,-0.022455425178663866,-0.008890041919377766,-0.006109177206919022
B_fixed_G0,G1-shared,49,expression,0.00909136911839004,-0.006392516970527345,-1.2749545829150722e-05
B_fixed_G0,G1-shared,50,expression,-0.03021322255702958,-0.004438314523115787,0.0036865017928182087
B_fixed_G0,G1-shared,51,expression,0.009736395090538665,0.0027498164205592966,-0.006324547748470586
B_fixed_G0,G1-shared,52,expression,-0.0320674971899647,4.675027351535069e-05,-0.010190401302598653
B_fixed_G0,G1-shared,53,expression,-0.02282477252883661,-0.008576072595793075,-0.0006715393577688505
B_fixed_G0,G1-shared,54,expression,-0.02287561969401081,-0.0052127973288291305,-0.00592793634339939
B_fixed_G0,G1-shared,55,expression,-0.018658008339355873,-0.00215668684731581,0.003474425113358163
B_fixed_G0,G1-shared,56,expression,-0.0049239705401864274,0.001613887976148827,-0.008371266510057023
B_fixed_G0,G1-shared,57,expression,-0.03563454594031956,0.01980713927404774,-0.015205924250019464
B_fixed_G0,G1-shared,58,expression,-0.029821425603742145,0.00714269860418115,-0.01705600351380851
B_fixed_G0,G1-shared,59,expression,-0.017236131577323673,0.010099208725992495,-0.006062782832551816
B_fixed_G0,G1-shared,60,expression,-0.01643216491926264,-0.005062333800420549,-0.000298864229545338
B_fixed_G0,G1-shared,61,expression,-0.02502208686676043,-0.004822896151682283,-0.01038249711534972
B_fixed_G0,G1-shared,62,expression,-0.01131035888939209,-0.001976626693576757,-0.00302062759514314
B_fixed_G0,G1-shared,63,expression,-0.028406114076228894,-0.004431276889014325,-0.007582025565609915
B_fixed_G0,G1-shared,64,expression,-0.007886553028825525,-0.004380678660880111,-0.004399629529410944
B_fixed_G0,G1-shared,65,expression,-0.039680620156705745,-0.004637568184312409,-0.006652880188403741
B_fixed_G0,G1-shared,66,expression,0.0008350487322229882,-0.004033980383309217,-0.013541841690180967
B_fixed_G0,G1-shared,67,expression,-0.002488453376837395,-0.0030535697181764544,0.0044844539439068635
B_fixed_G0,G1-shared,68,expression,-0.022931586634518813,-0.009107860488974388,0.002274192169494132
B_fixed_G0,G1-shared,69,expression,0.0019529858776054967,-0.04010634794550669,0.0074233104907287795
B_fixed_G0,G1-shared,70,expression,-0.0005539070975381644,-0.002681804276367603,0.009609669936746057
B_fixed_G0,G1-shared,71,expression,-0.021267131918204497,-0.02732296862505541,-0.0007505370831804165
B_fixed_G0,G1-shared,72,expression,-0.03085233088843904,-0.011594639770808771,-0.005469545718427248
B_fixed_G0,G1-shared,73,expression,-0.01000728011710423,0.0014374580193922822,0.000852191678930318
B_fixed_G0,G1-shared,74,expression,-0.0031218276886322053,-0.004969715076878645,-0.00018413101370075256
B_fixed_G0,G1-shared,75,expression,-0.0098178774586905,-0.003907985020426659,-0.0034341068478071918
B_fixed_G0,G1-shared,76,expression,-0.018529144560146503,-0.0006349094335560022,0.0025836926207032235
B_fixed_G0,G1-shared,77,expression,-0.017054021063308646,-0.0024116456391525096,-0.007783627449616501
B_fixed_G0,G1-shared,78,expression,-0.008194907957761219,-0.00807983864456529,-0.003347323761179637
B_fixed_G0,G1-shared,79,expression,-0.027105364034134265,-0.0004457823959561029,-0.0030318428968668485
B_fixed_G0,G1-shared,0,all,0.0006086321520776892,-0.0015123572797395783,-0.0020053120498858437
B_fixed_G0,G1-shared,1,all,-0.07250718437699104,-0.015581644519773775,-0.005762500188810243
B_fixed_G0,G1-shared,2,all,-0.009353873882288458,-0.002826662546090484,-0.005724478936831465
B_fixed_G0,G1-shared,3,all,-0.06812649321706617,-0.008839017611426017,0.0003434353327131454
B_fixed_G0,G1-shared,4,all,-0.042858772240732465,-0.009787862703594273,-0.008926261902301285
B_fixed_G0,G1-shared,5,all,-0.05594861067254656,-0.0033805950163629784,-0.012735995929642361
B_fixed_G0,G1-shared,6,all,-0.010679079248420585,-0.0017586081145665412,-0.005411091006554316
B_fixed_G0,G1-shared,7,all,-0.02263281939613438,-0.002736008260589398,-0.009838902754180043
B_fixed_G0,G1-shared,8,all,-0.026209524509336647,-0.010287408308767912,0.00018897497317059498
B_fixed_G0,G1-shared,9,all,-0.021455607308080066,-0.0020150210149965666,0.0009655970826887594
B_fixed_G0,G1-shared,10,all,-0.0037923138040880894,-0.0011158244047186838,0.0008690846592548948
B_fixed_G0,G1-shared,11,all,-0.06363748332170958,-0.010266532330777515,-0.007674094853244751
B_fixed_G0,G1-shared,12,all,-0.018617064841845894,-0.0038076440384735765,-0.003906321373891894
B_fixed_G0,G1-shared,13,all,-0.019511005510524752,-0.002445812368895793,-0.002203693461698273
B_fixed_G0,G1-shared,14,all,-0.017990512507806266,-0.00020428338863013673,-0.006018608765166951
B_fixed_G0,G1-shared,15,all,-0.025700276736878455,-0.000787425482702373,-0.004948387951198678
B_fixed_G0,G1-shared,16,all,-0.0427460790862044,-0.0017654096652041065,-0.015247389592625112
B_fixed_G0,G1-shared,17,all,-0.02568461831254744,-0.002508823775041731,-0.003023734971967633
B_fixed_G0,G1-shared,18,all,-0.03218672005009196,-0.00240315487908919,-0.007569809552981873
B_fixed_G0,G1-shared,19,all,-0.031285663173714694,-0.009469221921633374,-0.006253124159358423
B_fixed_G0,G1-shared,20,all,-0.013910771924441257,-0.009956857140861185,-0.012313591701999737
B_fixed_G0,G1-shared,21,all,-0.025921670549697025,-0.0033977913966571223,-0.005651150702150655
B_fixed_G0,G1-shared,22,all,-0.057525727574279324,-0.023768269857597765,-0.01192704082865805
B_fixed_G0,G1-shared,23,all,-0.03533165144402352,-0.006917781734242344,-0.011189249946559638
B_fixed_G0,G1-shared,24,all,-0.046840279199443044,-0.007643025712847919,-0.02049348301229594
B_fixed_G0,G1-shared,25,all,-0.029896805079093255,-0.009896095332610206,-0.00965293713904368
B_fixed_G0,G1-shared,26,all,-0.04274688509347425,-0.008382371047555954,-0.01314129591738666
B_fixed_G0,G1-shared,27,all,-0.013201406766261563,-0.012592246256807571,-0.01251022205849316
B_fixed_G0,G1-shared,28,all,-0.03267222859185351,-0.002932528594061311,-0.002313755078507544
B_fixed_G0,G1-shared,29,all,-0.03517886611096419,-0.015272690284625686,-0.011883867961590792
B_fixed_G0,G1-shared,30,all,-0.07519625584296784,-0.024665671187537302,-0.004501138666801768
B_fixed_G0,G1-shared,31,all,-0.03775477263835723,-0.0030233011947933047,-0.009883221775421584
B_fixed_G0,G1-shared,32,all,-0.04207081864627465,0.0006964521875684202,-0.0009457075138210063
B_fixed_G0,G1-shared,33,all,-0.07899322280344284,-0.02003011980601065,-0.018467850477657193
B_fixed_G0,G1-shared,34,all,-0.027011492353100672,-0.0005686701069827194,-0.0031774344359070095
B_fixed_G0,G1-shared,35,all,-0.030192286981759884,-0.009513496262315558,-0.006000027766600297
B_fixed_G0,G1-shared,36,all,-0.043999276810460654,-0.0037292835653513663,-0.0005420176749041028
B_fixed_G0,G1-shared,37,all,-0.009291923551363192,-0.002126542739115802,0.0047265441452187884
B_fixed_G0,G1-shared,38,all,-0.0709405151070009,-0.021688028037777505,-0.01923835519377591
B_fixed_G0,G1-shared,39,all,-0.040698693223854464,0.0007415387963946106,0.004441894965482585
B_fixed_G0,G1-shared,40,all,-0.032034972576708384,0.0076502173343628525,-0.002466153806871645
B_fixed_G0,G1-shared,41,all,-0.029911708920246242,-0.017896998838402935,-0.014881705192343202
B_fixed_G0,G1-shared,42,all,-0.0412041300798466,-0.0015336623415228667,-0.0054798110542931
B_fixed_G0,G1-shared,43,all,-0.026039555471968654,-0.004989884587011605,0.0007155069183092111
B_fixed_G0,G1-shared,44,all,-0.029625508158529084,-0.006949546326344299,-0.0019247892180485854
B_fixed_G0,G1-shared,45,all,-0.07585735288852694,-0.013809969107231488,-0.008900852875856959
B_fixed_G0,G1-shared,46,all,-0.02676972748511231,0.0008922764644811023,-0.004774506549160619
B_fixed_G0,G1-shared,47,all,-0.045519709481477044,-0.007903691672715166,-0.004831214479763695
B_fixed_G0,G1-shared,48,all,-0.02982643664841847,-0.035651778152361306,-0.0033821488742144844
B_fixed_G0,G1-shared,49,all,0.004882236438599407,-0.009986186363421549,0.0031504508208284286
B_fixed_G0,G1-shared,50,all,-0.05416917398360621,-0.020390131712397352,0.001588834804325653
B_fixed_G0,G1-shared,51,all,-0.00704619486367532,-0.0039054607602078085,-0.008028022620943733
B_fixed_G0,G1-shared,52,all,-0.050083127197180874,-0.010690659026044809,-0.00862109274664609
B_fixed_G0,G1-shared,53,all,-0.03365571469096164,-0.012869823784603586,-0.002019759078322947
B_fixed_G0,G1-shared,54,all,-0.026051755826920313,-0.009771411222393512,-0.0027278128651130485
B_fixed_G0,G1-shared,55,all,-0.04233727560702223,-0.006571083976644127,0.0019172720161156234
B_fixed_G0,G1-shared,56,all,-0.028337644269311874,-0.006879134223997092,-0.008673160138011709
B_fixed_G0,G1-shared,57,all,-0.057606325536644805,-0.0022282039622111625,-0.02135378876832924
B_fixed_G0,G1-shared,58,all,-0.05236431028554015,0.005865846174195669,-0.03584743990159368
B_fixed_G0,G1-shared,59,all,-0.04388390282733886,-0.004690999075091078,-0.017512892268834245
B_fixed_G0,G1-shared,60,all,-0.024871402898157938,-0.009298522716893739,-0.0030161939518560488
B_fixed_G0,G1-shared,61,all,-0.02866687832141647,-0.007593072520600131,-0.01146067256309744
B_fixed_G0,G1-shared,62,all,-0.01675108274687999,-0.009138030402052539,-0.003690777933302319
B_fixed_G0,G1-shared,63,all,-0.04369923043198189,-0.012986120545983519,-0.007694966276932012
B_fixed_G0,G1-shared,64,all,-0.02225664455875525,-0.0068370006103043845,-0.0028675900956269085
B_fixed_G0,G1-shared,65,all,-0.030599149024577613,-0.002587719528011831,-0.0061362448723927265
B_fixed_G0,G1-shared,66,all,-0.009167491577381618,-0.0049383056901913195,-0.006288222592386388
B_fixed_G0,G1-shared,67,all,-0.01946541829844672,0.0033291463552286822,0.0065813452933737885
B_fixed_G0,G1-shared,68,all,-0.01758056429818741,-0.005180121733571743,-0.0012213404512592437
B_fixed_G0,G1-shared,69,all,-0.006542135723000247,-0.01992720535535763,0.001516448911516966
B_fixed_G0,G1-shared,70,all,-0.011802746622029577,-0.007594247765978428,0.0014841861608806304
B_fixed_G0,G1-shared,71,all,-0.018510540724571044,-0.02098403636238649,-0.00267981228150291
B_fixed_G0,G1-shared,72,all,-0.02625052326266512,-0.013282062068491854,-0.005963539143628329
B_fixed_G0,G1-shared,73,all,-0.008809992038212089,0.0018384026505457315,-0.002054628248018691
B_fixed_G0,G1-shared,74,all,-0.024784312767617993,-0.006937326868102473,-0.00028507385787563945
B_fixed_G0,G1-shared,75,all,-0.013688344616356027,-0.004633443345056907,-0.005617782387036657
B_fixed_G0,G1-shared,76,all,-0.02611852942728718,-0.006868366449946211,-0.0025938951689680996
B_fixed_G0,G1-shared,77,all,-0.028757464217686504,-0.008157341028669869,-0.007701283513847761
B_fixed_G0,G1-shared,78,all,-0.013856150308179051,-0.009489068634622035,-0.006329211975380418
B_fixed_G0,G1-shared,79,all,-0.02781595544410987,0.0006673917275010854,0.0025789822687633085
