pairing,model,source,candidate,target,target_switched,ccc
A_native,T0,0,0,0,0,0.028638588984521797
A_native,T0,0,1,0,1,0.018439172349271907
A_native,T0,0,2,4,0,0.01890421957242769
A_native,T0,0,3,4,0,0.04152361212256844
A_native,T0,0,4,4,0,0.027938321283136783
A_native,T0,0,5,4,0,0.0654467674837425
A_native,T0,0,6,4,0,0.042381512870277784
A_native,T0,0,7,4,0,0.045627363402383915
A_native,T0,0,8,4,1,0.03134043419958147
A_native,T0,0,9,6,1,0.028594831091455452
B_fixed_G0,T0,0,0,0,0,0.028638588984521797
B_fixed_G0,T0,0,1,1,1,0.008788367418473178
B_fixed_G0,T0,0,2,4,0,0.01890421957242769
B_fixed_G0,T0,0,3,4,0,0.04152361212256844
B_fixed_G0,T0,0,4,4,0,0.027938321283136783
B_fixed_G0,T0,0,5,4,0,0.0654467674837425
B_fixed_G0,T0,0,6,4,0,0.042381512870277784
B_fixed_G0,T0,0,7,4,0,0.045627363402383915
B_fixed_G0,T0,0,8,0,1,0.013620671410633516
B_fixed_G0,T0,0,9,1,1,-0.0028914010229042315
A_native,G0-local,0,0,0,0,0.012805877494406958
A_native,G0-local,0,1,1,0,0.03001164279463945
A_native,G0-local,0,2,4,0,0.01775761039726832
A_native,G0-local,0,3,4,0,0.01917506282082164
A_native,G0-local,0,4,4,0,0.013839923384944637
A_native,G0-local,0,5,4,0,0.045810661013135065
A_native,G0-local,0,6,4,0,0.027051076080309638
A_native,G0-local,0,7,4,0,0.030109359022063274
A_native,G0-local,0,8,0,0,0.011269450132134292
A_native,G0-local,0,9,1,0,0.024119474242871662
B_fixed_G0,G0-local,0,0,0,0,0.012805877494406958
B_fixed_G0,G0-local,0,1,1,0,0.03001164279463945
B_fixed_G0,G0-local,0,2,4,0,0.01775761039726832
B_fixed_G0,G0-local,0,3,4,0,0.01917506282082164
B_fixed_G0,G0-local,0,4,4,0,0.013839923384944637
B_fixed_G0,G0-local,0,5,4,0,0.045810661013135065
B_fixed_G0,G0-local,0,6,4,0,0.027051076080309638
B_fixed_G0,G0-local,0,7,4,0,0.030109359022063274
B_fixed_G0,G0-local,0,8,0,0,0.011269450132134292
B_fixed_G0,G0-local,0,9,1,0,0.024119474242871662
A_native,G1-shared,0,0,1,1,0.017711738922062938
A_native,G1-shared,0,1,4,1,0.02963747652646075
A_native,G1-shared,0,2,4,0,0.021580921802422673
A_native,G1-shared,0,3,0,1,0.030453884729483505
A_native,G1-shared,0,4,4,0,0.038781372534548816
A_native,G1-shared,0,5,4,0,0.05167555330312192
A_native,G1-shared,0,6,4,0,0.04502240843358173
A_native,G1-shared,0,7,4,0,0.038843530046113864
A_native,G1-shared,0,8,4,1,0.013521751272717247
A_native,G1-shared,0,9,0,1,0.010252200549868824
B_fixed_G0,G1-shared,0,0,0,1,-0.0027590134549669797
B_fixed_G0,G1-shared,0,1,1,1,-0.010634424080319718
B_fixed_G0,G1-shared,0,2,4,0,0.021580921802422673
B_fixed_G0,G1-shared,0,3,4,1,0.022935556059793905
B_fixed_G0,G1-shared,0,4,4,0,0.038781372534548816
B_fixed_G0,G1-shared,0,5,4,0,0.05167555330312192
B_fixed_G0,G1-shared,0,6,4,0,0.04502240843358173
B_fixed_G0,G1-shared,0,7,4,0,0.038843530046113864
B_fixed_G0,G1-shared,0,8,0,1,0.00673026202524674
B_fixed_G0,G1-shared,0,9,1,1,-0.00931640106242535
A_native,T0,1,0,2,1,0.04799454604763215
A_native,T0,1,1,2,1,0.03185242572186624
A_native,T0,1,2,3,1,0.08921753335646987
A_native,T0,1,3,3,1,0.03143919710573772
A_native,T0,1,4,3,1,0.06992627968083816
A_native,T0,1,5,3,1,0.06158386329879509
A_native,T0,1,6,3,1,0.134763339919184
A_native,T0,1,7,2,1,0.019150909216943294
A_native,T0,1,8,3,1,0.05374857642505018
A_native,T0,1,9,3,1,0.05325777220050716
B_fixed_G0,T0,1,0,4,1,-0.04643882580640012
B_fixed_G0,T0,1,1,4,1,0.020259380997038882
B_fixed_G0,T0,1,2,1,1,-0.019664587933316144
B_fixed_G0,T0,1,3,1,1,0.017127902624344844
B_fixed_G0,T0,1,4,8,1,-0.050282925293024
B_fixed_G0,T0,1,5,8,1,-0.061502741501746463
B_fixed_G0,T0,1,6,0,1,-0.04690408034110041
B_fixed_G0,T0,1,7,4,1,0.00850632056816484
B_fixed_G0,T0,1,8,4,1,-0.056230915410949905
B_fixed_G0,T0,1,9,4,1,-0.06892169126615878
A_native,G0-local,1,0,4,0,0.06634662000096354
A_native,G0-local,1,1,4,0,0.18578654332876166
A_native,G0-local,1,2,1,0,0.038300279448676464
A_native,G0-local,1,3,1,0,0.09451450564415781
A_native,G0-local,1,4,8,0,0.11597574848968571
A_native,G0-local,1,5,8,0,0.09683915996520366
A_native,G0-local,1,6,0,0,0.042123140820155607
A_native,G0-local,1,7,4,0,0.16358314744618188
A_native,G0-local,1,8,4,0,0.11366714821197549
A_native,G0-local,1,9,4,0,0.06116181219182795
B_fixed_G0,G0-local,1,0,4,0,0.06634662000096354
B_fixed_G0,G0-local,1,1,4,0,0.18578654332876166
B_fixed_G0,G0-local,1,2,1,0,0.038300279448676464
B_fixed_G0,G0-local,1,3,1,0,0.09451450564415781
B_fixed_G0,G0-local,1,4,8,0,0.11597574848968571
B_fixed_G0,G0-local,1,5,8,0,0.09683915996520366
B_fixed_G0,G0-local,1,6,0,0,0.042123140820155607
B_fixed_G0,G0-local,1,7,4,0,0.16358314744618188
B_fixed_G0,G0-local,1,8,4,0,0.11366714821197549
B_fixed_G0,G0-local,1,9,4,0,0.06116181219182795
A_native,G1-shared,1,0,7,1,0.025897686478375453
A_native,G1-shared,1,1,4,0,0.09150604232101525
A_native,G1-shared,1,2,3,1,0.07263452268415162
A_native,G1-shared,1,3,2,1,0.019071692767332015
A_native,G1-shared,1,4,3,1,0.02832772528962029
A_native,G1-shared,1,5,3,1,0.04085065604172694
A_native,G1-shared,1,6,2,1,0.04634094416945347
A_native,G1-shared,1,7,4,0,0.010923610607553319
A_native,G1-shared,1,8,0,1,0.04965737674967073
A_native,G1-shared,1,9,2,1,0.010395242267453213
B_fixed_G0,G1-shared,1,0,4,1,-0.01425723689413616
B_fixed_G0,G1-shared,1,1,4,0,0.09150604232101525
B_fixed_G0,G1-shared,1,2,1,1,0.01282875487265444
B_fixed_G0,G1-shared,1,3,1,1,-0.0038240328171349402
B_fixed_G0,G1-shared,1,4,8,1,-0.014661304082863223
B_fixed_G0,G1-shared,1,5,8,1,-0.02169166706008574
B_fixed_G0,G1-shared,1,6,0,1,-0.024724457081844516
B_fixed_G0,G1-shared,1,7,4,0,0.010923610607553319
B_fixed_G0,G1-shared,1,8,4,1,0.02037946451141827
B_fixed_G0,G1-shared,1,9,4,1,-0.016694359684737405
A_native,T0,2,0,0,1,0.046369096176389686
A_native,T0,2,1,0,1,0.03307425697816604
A_native,T0,2,2,1,1,0.033442940437952484
A_native,T0,2,3,5,1,0.05626406642768637
A_native,T0,2,4,1,1,0.036670603071049454
A_native,T0,2,5,0,1,0.02768826259081051
A_native,T0,2,6,5,1,0.08395051620577246
A_native,T0,2,7,5,0,0.11702475755652833
A_native,T0,2,8,5,0,0.08468013557393103
A_native,T0,2,9,5,1,0.04273862218879715
B_fixed_G0,T0,2,0,5,1,0.03751460552136555
B_fixed_G0,T0,2,1,8,1,0.008547674656442926
B_fixed_G0,T0,2,2,6,1,0.017222730202624152
B_fixed_G0,T0,2,3,0,1,0.05474173827420978
B_fixed_G0,T0,2,4,5,1,-0.022404608007256785
B_fixed_G0,T0,2,5,5,1,-0.016796598778555293
B_fixed_G0,T0,2,6,0,1,0.06818037632900512
B_fixed_G0,T0,2,7,5,0,0.11702475755652833
B_fixed_G0,T0,2,8,5,0,0.08468013557393103
B_fixed_G0,T0,2,9,6,1,-0.03137873497060545
A_native,G0-local,2,0,5,0,0.017810886199240147
A_native,G0-local,2,1,8,0,0.016886867645757742
A_native,G0-local,2,2,6,0,0.0495342741147243
A_native,G0-local,2,3,0,0,0.08105083447359593
A_native,G0-local,2,4,5,0,0.03543435268222031
A_native,G0-local,2,5,5,0,0.014986507138399982
A_native,G0-local,2,6,0,0,0.06710822897018746
A_native,G0-local,2,7,5,0,0.13408885086418681
A_native,G0-local,2,8,5,0,0.05210014734805865
A_native,G0-local,2,9,6,0,0.027168819683259966
B_fixed_G0,G0-local,2,0,5,0,0.017810886199240147
B_fixed_G0,G0-local,2,1,8,0,0.016886867645757742
B_fixed_G0,G0-local,2,2,6,0,0.0495342741147243
B_fixed_G0,G0-local,2,3,0,0,0.08105083447359593
B_fixed_G0,G0-local,2,4,5,0,0.03543435268222031
B_fixed_G0,G0-local,2,5,5,0,0.014986507138399982
B_fixed_G0,G0-local,2,6,0,0,0.06710822897018746
B_fixed_G0,G0-local,2,7,5,0,0.13408885086418681
B_fixed_G0,G0-local,2,8,5,0,0.05210014734805865
B_fixed_G0,G0-local,2,9,6,0,0.027168819683259966
A_native,G1-shared,2,0,5,0,0.0626402207812038
A_native,G1-shared,2,1,5,1,0.05180949284807546
A_native,G1-shared,2,2,6,0,0.02396861886352194
A_native,G1-shared,2,3,5,1,0.04552014683129128
A_native,G1-shared,2,4,5,0,0.03664442108155861
A_native,G1-shared,2,5,5,0,0.05216037826444425
A_native,G1-shared,2,6,5,1,0.060089457171753666
A_native,G1-shared,2,7,5,0,0.04209349160115243
A_native,G1-shared,2,8,5,0,0.03031002699104952
A_native,G1-shared,2,9,5,1,0.046725805456687246
B_fixed_G0,G1-shared,2,0,5,0,0.0626402207812038
B_fixed_G0,G1-shared,2,1,8,1,0.004980793695619486
B_fixed_G0,G1-shared,2,2,6,0,0.02396861886352194
B_fixed_G0,G1-shared,2,3,0,1,0.023425134128727668
B_fixed_G0,G1-shared,2,4,5,0,0.03664442108155861
B_fixed_G0,G1-shared,2,5,5,0,0.05216037826444425
B_fixed_G0,G1-shared,2,6,0,1,0.04668087635080954
B_fixed_G0,G1-shared,2,7,5,0,0.04209349160115243
B_fixed_G0,G1-shared,2,8,5,0,0.03031002699104952
B_fixed_G0,G1-shared,2,9,6,1,-0.005784346290559997
A_native,T0,3,0,4,1,0.0992687672349072
A_native,T0,3,1,1,1,0.048485875677936455
A_native,T0,3,2,4,1,0.024986955831951776
A_native,T0,3,3,4,1,0.07625563821709434
A_native,T0,3,4,4,1,0.029396899908806676
A_native,T0,3,5,6,1,0.048614954753216234
A_native,T0,3,6,4,0,0.08779274022903753
A_native,T0,3,7,4,1,0.0270623275189673
A_native,T0,3,8,1,1,0.049174177961990216
A_native,T0,3,9,4,1,0.04281122172482292
B_fixed_G0,T0,3,0,6,1,0.05581366090728051
B_fixed_G0,T0,3,1,9,1,-0.07982958157589479
B_fixed_G0,T0,3,2,5,1,-0.05952584214599286
B_fixed_G0,T0,3,3,5,1,-0.07801249164913013
B_fixed_G0,T0,3,4,0,1,-0.03797651176108526
B_fixed_G0,T0,3,5,0,1,-0.05131998647171103
B_fixed_G0,T0,3,6,4,0,0.08779274022903753
B_fixed_G0,T0,3,7,9,1,-0.0413420583460163
B_fixed_G0,T0,3,8,5,1,-0.054397909513153736
B_fixed_G0,T0,3,9,0,1,0.015108116851448937
A_native,G0-local,3,0,6,0,0.04438939583632756
A_native,G0-local,3,1,9,0,0.07513208091719079
A_native,G0-local,3,2,5,0,0.10281825771203437
A_native,G0-local,3,3,5,0,0.0894136235534468
A_native,G0-local,3,4,0,0,0.10255341082988409
A_native,G0-local,3,5,0,0,0.03013617047617754
A_native,G0-local,3,6,4,0,0.056998680076233564
A_native,G0-local,3,7,9,0,0.12156608521867321
A_native,G0-local,3,8,5,0,0.06291706967997039
A_native,G0-local,3,9,0,0,0.07986481800647022
B_fixed_G0,G0-local,3,0,6,0,0.04438939583632756
B_fixed_G0,G0-local,3,1,9,0,0.07513208091719079
B_fixed_G0,G0-local,3,2,5,0,0.10281825771203437
B_fixed_G0,G0-local,3,3,5,0,0.0894136235534468
B_fixed_G0,G0-local,3,4,0,0,0.10255341082988409
B_fixed_G0,G0-local,3,5,0,0,0.03013617047617754
B_fixed_G0,G0-local,3,6,4,0,0.056998680076233564
B_fixed_G0,G0-local,3,7,9,0,0.12156608521867321
B_fixed_G0,G0-local,3,8,5,0,0.06291706967997039
B_fixed_G0,G0-local,3,9,0,0,0.07986481800647022
A_native,G1-shared,3,0,1,1,0.03387320391240306
A_native,G1-shared,3,1,1,1,0.04728917827394815
A_native,G1-shared,3,2,8,1,0.021087219520795963
A_native,G1-shared,3,3,2,1,0.013887634735460975
A_native,G1-shared,3,4,6,1,0.01122481525217474
A_native,G1-shared,3,5,1,1,0.028859162054478086
A_native,G1-shared,3,6,4,0,0.0356839513171419
A_native,G1-shared,3,7,8,1,0.06797266929806392
A_native,G1-shared,3,8,1,1,0.04736375060985965
A_native,G1-shared,3,9,7,1,0.037207386723604144
B_fixed_G0,G1-shared,3,0,6,1,0.023185104915666693
B_fixed_G0,G1-shared,3,1,9,1,-0.0360700901725138
B_fixed_G0,G1-shared,3,2,5,1,-0.016353485057246694
B_fixed_G0,G1-shared,3,3,5,1,-0.02898273677113125
B_fixed_G0,G1-shared,3,4,0,1,-0.005966133231322398
B_fixed_G0,G1-shared,3,5,0,1,-0.009906329990338834
B_fixed_G0,G1-shared,3,6,4,0,0.0356839513171419
B_fixed_G0,G1-shared,3,7,9,1,0.04465955113929414
B_fixed_G0,G1-shared,3,8,5,1,-0.040318543201176074
B_fixed_G0,G1-shared,3,9,0,1,0.03363754840024442
A_native,T0,4,0,7,0,0.13945386840061927
A_native,T0,4,1,5,0,0.09761557945269139
A_native,T0,4,2,0,0,0.13971871380445816
A_native,T0,4,3,7,0,0.09123959477540161
A_native,T0,4,4,5,0,0.07851989196500501
A_native,T0,4,5,0,1,0.1539279943121682
A_native,T0,4,6,7,1,0.05863010405149021
A_native,T0,4,7,0,1,0.11087140618867379
A_native,T0,4,8,3,0,0.16592573505281802
A_native,T0,4,9,0,1,0.15945573056956747
B_fixed_G0,T0,4,0,7,0,0.13945386840061927
B_fixed_G0,T0,4,1,5,0,0.09761557945269139
B_fixed_G0,T0,4,2,0,0,0.13971871380445816
B_fixed_G0,T0,4,3,7,0,0.09123959477540161
B_fixed_G0,T0,4,4,5,0,0.07851989196500501
B_fixed_G0,T0,4,5,6,1,0.040975686282026746
B_fixed_G0,T0,4,6,5,1,0.047040475714152256
B_fixed_G0,T0,4,7,6,1,0.03560965615670869
B_fixed_G0,T0,4,8,3,0,0.16592573505281802
B_fixed_G0,T0,4,9,6,1,0.06403435310757921
A_native,G0-local,4,0,7,0,0.14756301504128355
A_native,G0-local,4,1,5,0,0.09166205342760722
A_native,G0-local,4,2,0,0,0.12264010929428587
A_native,G0-local,4,3,7,0,0.07865733803248519
A_native,G0-local,4,4,5,0,0.08340520038562767
A_native,G0-local,4,5,6,0,0.1402148947519547
A_native,G0-local,4,6,5,0,0.07336723774252951
A_native,G0-local,4,7,6,0,0.09308526865735961
A_native,G0-local,4,8,3,0,0.16102940316810055
A_native,G0-local,4,9,6,0,0.1315724051853678
B_fixed_G0,G0-local,4,0,7,0,0.14756301504128355
B_fixed_G0,G0-local,4,1,5,0,0.09166205342760722
B_fixed_G0,G0-local,4,2,0,0,0.12264010929428587
B_fixed_G0,G0-local,4,3,7,0,0.07865733803248519
B_fixed_G0,G0-local,4,4,5,0,0.08340520038562767
B_fixed_G0,G0-local,4,5,6,0,0.1402148947519547
B_fixed_G0,G0-local,4,6,5,0,0.07336723774252951
B_fixed_G0,G0-local,4,7,6,0,0.09308526865735961
B_fixed_G0,G0-local,4,8,3,0,0.16102940316810055
B_fixed_G0,G0-local,4,9,6,0,0.1315724051853678
A_native,G1-shared,4,0,7,0,0.10902029518592261
A_native,G1-shared,4,1,7,1,0.11816791138122294
A_native,G1-shared,4,2,3,1,0.09786322597612943
A_native,G1-shared,4,3,0,1,0.07164500611999641
A_native,G1-shared,4,4,7,1,0.05627617485470957
A_native,G1-shared,4,5,0,1,0.05561114901369029
A_native,G1-shared,4,6,7,1,0.04176369579898707
A_native,G1-shared,4,7,0,1,0.08775031006482521
A_native,G1-shared,4,8,0,1,0.13864882933531228
A_native,G1-shared,4,9,3,1,0.06656272545223932
B_fixed_G0,G1-shared,4,0,7,0,0.10902029518592261
B_fixed_G0,G1-shared,4,1,5,1,0.03446575841970359
B_fixed_G0,G1-shared,4,2,0,1,0.09384173982252744
B_fixed_G0,G1-shared,4,3,7,1,0.05562114261461649
B_fixed_G0,G1-shared,4,4,5,1,0.028760229061296983
B_fixed_G0,G1-shared,4,5,6,1,0.038820846216959116
B_fixed_G0,G1-shared,4,6,5,1,0.002991747808503257
B_fixed_G0,G1-shared,4,7,6,1,0.01062514355850843
B_fixed_G0,G1-shared,4,8,3,1,0.12157016440206073
B_fixed_G0,G1-shared,4,9,6,1,0.01175089013022292
A_native,T0,5,0,0,1,0.10612472254905674
A_native,T0,5,1,0,1,0.13072463715249585
A_native,T0,5,2,7,0,0.1030813604086337
A_native,T0,5,3,1,1,0.12835782470308532
A_native,T0,5,4,0,0,0.16138648494433358
A_native,T0,5,5,7,1,0.09974454077741225
A_native,T0,5,6,0,0,0.11469399526205123
A_native,T0,5,7,7,0,0.12867963662982962
A_native,T0,5,8,0,1,0.09189112574679711
A_native,T0,5,9,0,1,0.13063888341622268
B_fixed_G0,T0,5,0,7,1,0.09406112331745009
B_fixed_G0,T0,5,1,7,1,0.06500539743825026
B_fixed_G0,T0,5,2,7,0,0.1030813604086337
B_fixed_G0,T0,5,3,2,1,0.10993972827949204
B_fixed_G0,T0,5,4,0,0,0.16138648494433358
B_fixed_G0,T0,5,5,2,1,0.09400509680760233
B_fixed_G0,T0,5,6,0,0,0.11469399526205123
B_fixed_G0,T0,5,7,7,0,0.12867963662982962
B_fixed_G0,T0,5,8,7,1,0.06510879674006116
B_fixed_G0,T0,5,9,7,1,0.08375266031823714
A_native,G0-local,5,0,7,0,0.11985464139266284
A_native,G0-local,5,1,7,0,0.12929163306949623
A_native,G0-local,5,2,7,0,0.10608418731779494
A_native,G0-local,5,3,2,0,0.13286460075138926
A_native,G0-local,5,4,0,0,0.14468054502675923
A_native,G0-local,5,5,2,0,0.13740471586062317
A_native,G0-local,5,6,0,0,0.13217870729380846
A_native,G0-local,5,7,7,0,0.13084497774749398
A_native,G0-local,5,8,7,0,0.025622931078448333
A_native,G0-local,5,9,7,0,0.13352172205735047
B_fixed_G0,G0-local,5,0,7,0,0.11985464139266284
B_fixed_G0,G0-local,5,1,7,0,0.12929163306949623
B_fixed_G0,G0-local,5,2,7,0,0.10608418731779494
B_fixed_G0,G0-local,5,3,2,0,0.13286460075138926
B_fixed_G0,G0-local,5,4,0,0,0.14468054502675923
B_fixed_G0,G0-local,5,5,2,0,0.13740471586062317
B_fixed_G0,G0-local,5,6,0,0,0.13217870729380846
B_fixed_G0,G0-local,5,7,7,0,0.13084497774749398
B_fixed_G0,G0-local,5,8,7,0,0.025622931078448333
B_fixed_G0,G0-local,5,9,7,0,0.13352172205735047
A_native,G1-shared,5,0,0,1,0.0700904165284784
A_native,G1-shared,5,1,0,1,0.0910509399106058
A_native,G1-shared,5,2,7,0,0.07186592355691418
A_native,G1-shared,5,3,1,1,0.08379316721247865
A_native,G1-shared,5,4,4,1,0.039500246309340216
A_native,G1-shared,5,5,7,1,0.10230240305234943
A_native,G1-shared,5,6,7,1,0.031859983962846464
A_native,G1-shared,5,7,7,0,0.045000988429109136
A_native,G1-shared,5,8,0,1,0.11897924892796632
A_native,G1-shared,5,9,1,1,0.0706964626682736
B_fixed_G0,G1-shared,5,0,7,1,0.05344792347772941
B_fixed_G0,G1-shared,5,1,7,1,0.06501864586916822
B_fixed_G0,G1-shared,5,2,7,0,0.07186592355691418
B_fixed_G0,G1-shared,5,3,2,1,0.03489986153310724
B_fixed_G0,G1-shared,5,4,0,1,0.022818436220365237
B_fixed_G0,G1-shared,5,5,2,1,0.06718880729016348
B_fixed_G0,G1-shared,5,6,0,1,-0.0030961038729226146
B_fixed_G0,G1-shared,5,7,7,0,0.045000988429109136
B_fixed_G0,G1-shared,5,8,7,1,0.06328691048870805
B_fixed_G0,G1-shared,5,9,7,1,0.051265252417965375
A_native,T0,6,0,7,0,0.09735202351826619
A_native,T0,6,1,9,0,0.09532295851081558
A_native,T0,6,2,1,0,0.07692068648786435
A_native,T0,6,3,9,1,0.0961088586252695
A_native,T0,6,4,3,0,0.09783868082421904
A_native,T0,6,5,4,1,0.06529093279805803
A_native,T0,6,6,0,0,0.08971382297314566
A_native,T0,6,7,9,1,0.061598899373172554
A_native,T0,6,8,4,1,0.0794529499307124
A_native,T0,6,9,0,0,0.0695908257836609
B_fixed_G0,T0,6,0,7,0,0.09735202351826619
B_fixed_G0,T0,6,1,9,0,0.09532295851081558
B_fixed_G0,T0,6,2,1,0,0.07692068648786435
B_fixed_G0,T0,6,3,3,1,0.051397333169258944
B_fixed_G0,T0,6,4,3,0,0.09783868082421904
B_fixed_G0,T0,6,5,7,1,0.03814865090795994
B_fixed_G0,T0,6,6,0,0,0.08971382297314566
B_fixed_G0,T0,6,7,7,1,0.06115095948136316
B_fixed_G0,T0,6,8,3,1,0.011263250407176994
B_fixed_G0,T0,6,9,0,0,0.0695908257836609
A_native,G0-local,6,0,7,0,0.11087921360139687
A_native,G0-local,6,1,9,0,0.11393537092162166
A_native,G0-local,6,2,1,0,0.07567843613068105
A_native,G0-local,6,3,3,0,0.07478834741829803
A_native,G0-local,6,4,3,0,0.08339031014735054
A_native,G0-local,6,5,7,0,0.0758083394298366
A_native,G0-local,6,6,0,0,0.07596291595285011
A_native,G0-local,6,7,7,0,0.06018629416914015
A_native,G0-local,6,8,3,0,0.052545426775254686
A_native,G0-local,6,9,0,0,0.0901006098916122
B_fixed_G0,G0-local,6,0,7,0,0.11087921360139687
B_fixed_G0,G0-local,6,1,9,0,0.11393537092162166
B_fixed_G0,G0-local,6,2,1,0,0.07567843613068105
B_fixed_G0,G0-local,6,3,3,0,0.07478834741829803
B_fixed_G0,G0-local,6,4,3,0,0.08339031014735054
B_fixed_G0,G0-local,6,5,7,0,0.0758083394298366
B_fixed_G0,G0-local,6,6,0,0,0.07596291595285011
B_fixed_G0,G0-local,6,7,7,0,0.06018629416914015
B_fixed_G0,G0-local,6,8,3,0,0.052545426775254686
B_fixed_G0,G0-local,6,9,0,0,0.0901006098916122
A_native,G1-shared,6,0,7,0,0.08719746062734092
A_native,G1-shared,6,1,9,0,0.09705370949459428
A_native,G1-shared,6,2,9,1,0.061982452802053695
A_native,G1-shared,6,3,9,1,0.09184852600610867
A_native,G1-shared,6,4,3,0,0.10085721683469769
A_native,G1-shared,6,5,9,1,0.059537522860858436
A_native,G1-shared,6,6,9,1,0.08394491289492406
A_native,G1-shared,6,7,9,1,0.1453670677304656
A_native,G1-shared,6,8,0,1,0.05594141909677932
A_native,G1-shared,6,9,0,0,0.07284417080917999
B_fixed_G0,G1-shared,6,0,7,0,0.08719746062734092
B_fixed_G0,G1-shared,6,1,9,0,0.09705370949459428
B_fixed_G0,G1-shared,6,2,1,1,0.05539842539285242
B_fixed_G0,G1-shared,6,3,3,1,0.05896874127830507
B_fixed_G0,G1-shared,6,4,3,0,0.10085721683469769
B_fixed_G0,G1-shared,6,5,7,1,0.031502614571016864
B_fixed_G0,G1-shared,6,6,0,1,0.0626943729062306
B_fixed_G0,G1-shared,6,7,7,1,0.02709169950168343
B_fixed_G0,G1-shared,6,8,3,1,0.041179069326726124
B_fixed_G0,G1-shared,6,9,0,0,0.07284417080917999
A_native,T0,7,0,8,0,0.0956456320621703
A_native,T0,7,1,8,0,0.12975012372436573
A_native,T0,7,2,8,1,0.08386425754314064
A_native,T0,7,3,8,0,0.09882937395001232
A_native,T0,7,4,0,0,0.1151785017230877
A_native,T0,7,5,8,1,0.07867941216250063
A_native,T0,7,6,1,1,0.09981150213006279
A_native,T0,7,7,2,0,0.09722505387655833
A_native,T0,7,8,8,0,0.1506817962320051
A_native,T0,7,9,2,0,0.11339158073791257
B_fixed_G0,T0,7,0,8,0,0.0956456320621703
B_fixed_G0,T0,7,1,8,0,0.12975012372436573
B_fixed_G0,T0,7,2,5,1,0.06762639980278538
B_fixed_G0,T0,7,3,8,0,0.09882937395001232
B_fixed_G0,T0,7,4,0,0,0.1151785017230877
B_fixed_G0,T0,7,5,3,1,0.043129143468359776
B_fixed_G0,T0,7,6,2,1,0.07048615460874676
B_fixed_G0,T0,7,7,2,0,0.09722505387655833
B_fixed_G0,T0,7,8,8,0,0.1506817962320051
B_fixed_G0,T0,7,9,2,0,0.11339158073791257
A_native,G0-local,7,0,8,0,0.09186504292713563
A_native,G0-local,7,1,8,0,0.11360536968227816
A_native,G0-local,7,2,5,0,0.06803929349226465
A_native,G0-local,7,3,8,0,0.09332501618255674
A_native,G0-local,7,4,0,0,0.11988258061585755
A_native,G0-local,7,5,3,0,0.08453826367070605
A_native,G0-local,7,6,2,0,0.09912208423638795
A_native,G0-local,7,7,2,0,0.09055467298560826
A_native,G0-local,7,8,8,0,0.13655862792352516
A_native,G0-local,7,9,2,0,0.07402682349893251
B_fixed_G0,G0-local,7,0,8,0,0.09186504292713563
B_fixed_G0,G0-local,7,1,8,0,0.11360536968227816
B_fixed_G0,G0-local,7,2,5,0,0.06803929349226465
B_fixed_G0,G0-local,7,3,8,0,0.09332501618255674
B_fixed_G0,G0-local,7,4,0,0,0.11988258061585755
B_fixed_G0,G0-local,7,5,3,0,0.08453826367070605
B_fixed_G0,G0-local,7,6,2,0,0.09912208423638795
B_fixed_G0,G0-local,7,7,2,0,0.09055467298560826
B_fixed_G0,G0-local,7,8,8,0,0.13655862792352516
B_fixed_G0,G0-local,7,9,2,0,0.07402682349893251
A_native,G1-shared,7,0,8,0,0.08222642202532607
A_native,G1-shared,7,1,5,1,0.04275350757797242
A_native,G1-shared,7,2,0,1,0.07411361901947564
A_native,G1-shared,7,3,1,1,0.08460964548523195
A_native,G1-shared,7,4,0,0,0.12741519036277033
A_native,G1-shared,7,5,2,1,0.06130532479689951
A_native,G1-shared,7,6,2,0,0.05340099024504414
A_native,G1-shared,7,7,8,1,0.0862789522601519
A_native,G1-shared,7,8,8,0,0.10116323716843388
A_native,G1-shared,7,9,2,0,0.08529558981202082
B_fixed_G0,G1-shared,7,0,8,0,0.08222642202532607
B_fixed_G0,G1-shared,7,1,8,1,0.008066156380299864
B_fixed_G0,G1-shared,7,2,5,1,0.02151710743540423
B_fixed_G0,G1-shared,7,3,8,1,0.020160456287728577
B_fixed_G0,G1-shared,7,4,0,0,0.12741519036277033
B_fixed_G0,G1-shared,7,5,3,1,0.04757472142463672
B_fixed_G0,G1-shared,7,6,2,0,0.05340099024504414
B_fixed_G0,G1-shared,7,7,2,1,0.07262059996454974
B_fixed_G0,G1-shared,7,8,8,0,0.10116323716843388
B_fixed_G0,G1-shared,7,9,2,0,0.08529558981202082
A_native,T0,8,0,8,1,0.04947468553432881
A_native,T0,8,1,1,0,0.05282283733237944
A_native,T0,8,2,1,0,0.07264892447694124
A_native,T0,8,3,3,1,0.06081252255629624
A_native,T0,8,4,1,0,0.0804984694032224
A_native,T0,8,5,3,1,0.05846269090718382
A_native,T0,8,6,8,1,0.05545454363353665
A_native,T0,8,7,1,0,0.07149621545105106
A_native,T0,8,8,1,1,0.09433374133561312
A_native,T0,8,9,0,0,0.05882774147760105
B_fixed_G0,T0,8,0,0,1,0.03761689131442702
B_fixed_G0,T0,8,1,1,0,0.05282283733237944
B_fixed_G0,T0,8,2,1,0,0.07264892447694124
B_fixed_G0,T0,8,3,5,1,0.0548006073264087
B_fixed_G0,T0,8,4,1,0,0.0804984694032224
B_fixed_G0,T0,8,5,1,1,0.021688471583648443
B_fixed_G0,T0,8,6,7,1,0.05522834186198074
B_fixed_G0,T0,8,7,1,0,0.07149621545105106
B_fixed_G0,T0,8,8,5,1,0.0824311892894552
B_fixed_G0,T0,8,9,0,0,0.05882774147760105
A_native,G0-local,8,0,0,0,0.0672308042369323
A_native,G0-local,8,1,1,0,0.0634330718524847
A_native,G0-local,8,2,1,0,0.0867283811821154
A_native,G0-local,8,3,5,0,0.07270969412928711
A_native,G0-local,8,4,1,0,0.09276362734046038
A_native,G0-local,8,5,1,0,0.06107924461309833
A_native,G0-local,8,6,7,0,0.051626027727775366
A_native,G0-local,8,7,1,0,0.08588712897545758
A_native,G0-local,8,8,5,0,0.11070213198804417
A_native,G0-local,8,9,0,0,0.08932054535182551
B_fixed_G0,G0-local,8,0,0,0,0.0672308042369323
B_fixed_G0,G0-local,8,1,1,0,0.0634330718524847
B_fixed_G0,G0-local,8,2,1,0,0.0867283811821154
B_fixed_G0,G0-local,8,3,5,0,0.07270969412928711
B_fixed_G0,G0-local,8,4,1,0,0.09276362734046038
B_fixed_G0,G0-local,8,5,1,0,0.06107924461309833
B_fixed_G0,G0-local,8,6,7,0,0.051626027727775366
B_fixed_G0,G0-local,8,7,1,0,0.08588712897545758
B_fixed_G0,G0-local,8,8,5,0,0.11070213198804417
B_fixed_G0,G0-local,8,9,0,0,0.08932054535182551
A_native,G1-shared,8,0,0,0,0.041328002595857255
A_native,G1-shared,8,1,8,1,0.05363678110151579
A_native,G1-shared,8,2,1,0,0.07523934969733506
A_native,G1-shared,8,3,1,1,0.03733058436378526
A_native,G1-shared,8,4,1,0,0.04981740382113445
A_native,G1-shared,8,5,5,1,0.045438411548439195
A_native,G1-shared,8,6,5,1,0.03478779471135529
A_native,G1-shared,8,7,8,1,0.026560797014489025
A_native,G1-shared,8,8,5,0,0.06794936466494393
A_native,G1-shared,8,9,0,0,0.060278229591525116
B_fixed_G0,G1-shared,8,0,0,0,0.041328002595857255
B_fixed_G0,G1-shared,8,1,1,1,0.02275436103612375
B_fixed_G0,G1-shared,8,2,1,0,0.07523934969733506
B_fixed_G0,G1-shared,8,3,5,1,0.03352597663512736
B_fixed_G0,G1-shared,8,4,1,0,0.04981740382113445
B_fixed_G0,G1-shared,8,5,1,1,0.031177239995543483
B_fixed_G0,G1-shared,8,6,7,1,0.03133782279630493
B_fixed_G0,G1-shared,8,7,1,1,0.004993328114245937
B_fixed_G0,G1-shared,8,8,5,0,0.06794936466494393
B_fixed_G0,G1-shared,8,9,0,0,0.060278229591525116
A_native,T0,9,0,0,1,0.08581419776219792
A_native,T0,9,1,7,0,0.07787738780182596
A_native,T0,9,2,7,1,0.10846382635212892
A_native,T0,9,3,0,1,0.06476765273913135
A_native,T0,9,4,0,1,0.07985836398749942
A_native,T0,9,5,1,0,0.07253931848099703
A_native,T0,9,6,0,1,0.07745583358036633
A_native,T0,9,7,1,0,0.0827130539052848
A_native,T0,9,8,7,0,0.05627484377417771
A_native,T0,9,9,7,0,0.06432334686412372
B_fixed_G0,T0,9,0,1,1,0.0455478969914914
B_fixed_G0,T0,9,1,7,0,0.07787738780182596
B_fixed_G0,T0,9,2,1,1,0.0574127314700979
B_fixed_G0,T0,9,3,1,1,0.026224612613872197
B_fixed_G0,T0,9,4,7,1,0.06666840933652464
B_fixed_G0,T0,9,5,1,0,0.07253931848099703
B_fixed_G0,T0,9,6,1,1,0.033654578358541486
B_fixed_G0,T0,9,7,1,0,0.0827130539052848
B_fixed_G0,T0,9,8,7,0,0.05627484377417771
B_fixed_G0,T0,9,9,7,0,0.06432334686412372
A_native,G0-local,9,0,1,0,0.06423082095382675
A_native,G0-local,9,1,7,0,0.053893022971015704
A_native,G0-local,9,2,1,0,0.08289412529291797
A_native,G0-local,9,3,1,0,0.059264324775448796
A_native,G0-local,9,4,7,0,0.05200687061081962
A_native,G0-local,9,5,1,0,0.09437024471954591
A_native,G0-local,9,6,1,0,0.049219289281150914
A_native,G0-local,9,7,1,0,0.09027917184773931
A_native,G0-local,9,8,7,0,0.05081772916688971
A_native,G0-local,9,9,7,0,0.06671820500693054
B_fixed_G0,G0-local,9,0,1,0,0.06423082095382675
B_fixed_G0,G0-local,9,1,7,0,0.053893022971015704
B_fixed_G0,G0-local,9,2,1,0,0.08289412529291797
B_fixed_G0,G0-local,9,3,1,0,0.059264324775448796
B_fixed_G0,G0-local,9,4,7,0,0.05200687061081962
B_fixed_G0,G0-local,9,5,1,0,0.09437024471954591
B_fixed_G0,G0-local,9,6,1,0,0.049219289281150914
B_fixed_G0,G0-local,9,7,1,0,0.09027917184773931
B_fixed_G0,G0-local,9,8,7,0,0.05081772916688971
B_fixed_G0,G0-local,9,9,7,0,0.06671820500693054
A_native,G1-shared,9,0,1,0,0.03873102224150997
A_native,G1-shared,9,1,2,1,0.03192585795146899
A_native,G1-shared,9,2,1,0,0.05694796807009487
A_native,G1-shared,9,3,1,0,0.03424163589838427
A_native,G1-shared,9,4,0,1,0.03633587949153713
A_native,G1-shared,9,5,1,0,0.09358788394596672
A_native,G1-shared,9,6,1,0,0.043839796232883005
A_native,G1-shared,9,7,1,0,0.056563252941783076
A_native,G1-shared,9,8,1,1,0.04720869420066824
A_native,G1-shared,9,9,1,1,0.043926748624563104
B_fixed_G0,G1-shared,9,0,1,0,0.03873102224150997
B_fixed_G0,G1-shared,9,1,7,1,0.023598655778847677
B_fixed_G0,G1-shared,9,2,1,0,0.05694796807009487
B_fixed_G0,G1-shared,9,3,1,0,0.03424163589838427
B_fixed_G0,G1-shared,9,4,7,1,0.029448947929827895
B_fixed_G0,G1-shared,9,5,1,0,0.09358788394596672
B_fixed_G0,G1-shared,9,6,1,0,0.043839796232883005
B_fixed_G0,G1-shared,9,7,1,0,0.056563252941783076
B_fixed_G0,G1-shared,9,8,7,1,0.022204469129589507
B_fixed_G0,G1-shared,9,9,7,1,0.03947986005351955
A_native,T0,10,0,4,0,0.0633472476827957
A_native,T0,10,1,0,1,0.07677451136396665
A_native,T0,10,2,4,0,0.09659325246996935
A_native,T0,10,3,0,0,0.06485428084326247
A_native,T0,10,4,0,0,0.036086284770053455
A_native,T0,10,5,4,1,0.04879195804909568
A_native,T0,10,6,4,1,0.06754046984089764
A_native,T0,10,7,0,1,0.05484254617042116
A_native,T0,10,8,6,1,0.1061462530992853
A_native,T0,10,9,6,0,0.04286314699644993
B_fixed_G0,T0,10,0,4,0,0.0633472476827957
B_fixed_G0,T0,10,1,8,1,0.06236556948951537
B_fixed_G0,T0,10,2,4,0,0.09659325246996935
B_fixed_G0,T0,10,3,0,0,0.06485428084326247
B_fixed_G0,T0,10,4,0,0,0.036086284770053455
B_fixed_G0,T0,10,5,9,1,0.0037153613969448367
B_fixed_G0,T0,10,6,8,1,0.020476585092192284
B_fixed_G0,T0,10,7,8,1,0.04712719106015546
B_fixed_G0,T0,10,8,0,1,0.054870193798410544
B_fixed_G0,T0,10,9,6,0,0.04286314699644993
A_native,G0-local,10,0,4,0,0.01691700128463767
A_native,G0-local,10,1,8,0,0.048645249446506805
A_native,G0-local,10,2,4,0,0.025237808846015876
A_native,G0-local,10,3,0,0,0.052852811111559456
A_native,G0-local,10,4,0,0,0.039835468231181004
A_native,G0-local,10,5,9,0,0.010218928422033733
A_native,G0-local,10,6,8,0,0.020016875463711826
A_native,G0-local,10,7,8,0,0.03698007816646223
A_native,G0-local,10,8,0,0,0.07596416693797406
A_native,G0-local,10,9,6,0,0.04328617625958194
B_fixed_G0,G0-local,10,0,4,0,0.01691700128463767
B_fixed_G0,G0-local,10,1,8,0,0.048645249446506805
B_fixed_G0,G0-local,10,2,4,0,0.025237808846015876
B_fixed_G0,G0-local,10,3,0,0,0.052852811111559456
B_fixed_G0,G0-local,10,4,0,0,0.039835468231181004
B_fixed_G0,G0-local,10,5,9,0,0.010218928422033733
B_fixed_G0,G0-local,10,6,8,0,0.020016875463711826
B_fixed_G0,G0-local,10,7,8,0,0.03698007816646223
B_fixed_G0,G0-local,10,8,0,0,0.07596416693797406
B_fixed_G0,G0-local,10,9,6,0,0.04328617625958194
A_native,G1-shared,10,0,0,1,0.046395609118046945
A_native,G1-shared,10,1,6,1,0.05712754631493108
A_native,G1-shared,10,2,7,1,0.046789482454050776
A_native,G1-shared,10,3,6,1,0.04473812480506858
A_native,G1-shared,10,4,0,0,0.03370786913729943
A_native,G1-shared,10,5,0,1,0.021531118075311165
A_native,G1-shared,10,6,4,1,0.0481973226646676
A_native,G1-shared,10,7,0,1,0.0527570246501322
A_native,G1-shared,10,8,6,1,0.08274333634308782
A_native,G1-shared,10,9,0,1,0.06322907109542107
B_fixed_G0,G1-shared,10,0,4,1,0.013790776463974624
B_fixed_G0,G1-shared,10,1,8,1,0.006374722523295381
B_fixed_G0,G1-shared,10,2,4,1,0.03464617179506567
B_fixed_G0,G1-shared,10,3,0,1,0.04455468158350603
B_fixed_G0,G1-shared,10,4,0,0,0.03370786913729943
B_fixed_G0,G1-shared,10,5,9,1,0.0028163039294546695
B_fixed_G0,G1-shared,10,6,8,1,0.040231866035555085
B_fixed_G0,G1-shared,10,7,8,1,0.03599175091966387
B_fixed_G0,G1-shared,10,8,0,1,0.06032632369460934
B_fixed_G0,G1-shared,10,9,6,1,0.05712356259172172
A_native,T0,11,0,8,1,0.10963821863861273
A_native,T0,11,1,8,0,0.11862102128953632
A_native,T0,11,2,5,0,0.14653509972843076
A_native,T0,11,3,8,1,0.067294316477867
A_native,T0,11,4,4,1,0.10664028221968984
A_native,T0,11,5,3,1,0.057116289116774806
A_native,T0,11,6,8,1,0.09111724557463384
A_native,T0,11,7,0,1,0.06119241136690258
A_native,T0,11,8,8,1,0.14983033291454723
A_native,T0,11,9,4,0,0.0996329443545244
B_fixed_G0,T0,11,0,5,1,0.07413898215203388
B_fixed_G0,T0,11,1,8,0,0.11862102128953632
B_fixed_G0,T0,11,2,5,0,0.14653509972843076
B_fixed_G0,T0,11,3,5,1,0.03774849451879183
B_fixed_G0,T0,11,4,5,1,0.07547585096045441
B_fixed_G0,T0,11,5,5,1,0.05539541624397799
B_fixed_G0,T0,11,6,5,1,0.062319256374715054
B_fixed_G0,T0,11,7,5,1,0.053608194146008835
B_fixed_G0,T0,11,8,5,1,0.11461392710601302
B_fixed_G0,T0,11,9,4,0,0.0996329443545244
A_native,G0-local,11,0,5,0,0.10637802874425283
A_native,G0-local,11,1,8,0,0.12077918225302861
A_native,G0-local,11,2,5,0,0.146096980125031
A_native,G0-local,11,3,5,0,0.1334980658551216
A_native,G0-local,11,4,5,0,0.13843250596426818
A_native,G0-local,11,5,5,0,0.12130728093748105
A_native,G0-local,11,6,5,0,0.12984443260803366
A_native,G0-local,11,7,5,0,0.1476163243373768
A_native,G0-local,11,8,5,0,0.15885298970830317
A_native,G0-local,11,9,4,0,0.099876407766389
B_fixed_G0,G0-local,11,0,5,0,0.10637802874425283
B_fixed_G0,G0-local,11,1,8,0,0.12077918225302861
B_fixed_G0,G0-local,11,2,5,0,0.146096980125031
B_fixed_G0,G0-local,11,3,5,0,0.1334980658551216
B_fixed_G0,G0-local,11,4,5,0,0.13843250596426818
B_fixed_G0,G0-local,11,5,5,0,0.12130728093748105
B_fixed_G0,G0-local,11,6,5,0,0.12984443260803366
B_fixed_G0,G0-local,11,7,5,0,0.1476163243373768
B_fixed_G0,G0-local,11,8,5,0,0.15885298970830317
B_fixed_G0,G0-local,11,9,4,0,0.099876407766389
A_native,G1-shared,11,0,3,1,0.05561482232682456
A_native,G1-shared,11,1,3,1,0.11822599828963645
A_native,G1-shared,11,2,3,1,0.08375289035892106
A_native,G1-shared,11,3,5,0,0.0535922462658501
A_native,G1-shared,11,4,8,1,0.06974034663435594
A_native,G1-shared,11,5,0,1,0.046435176012034125
A_native,G1-shared,11,6,4,1,0.048856751942046577
A_native,G1-shared,11,7,3,1,0.08156963784808269
A_native,G1-shared,11,8,8,1,0.12060353135290289
A_native,G1-shared,11,9,4,0,0.08073837187714603
B_fixed_G0,G1-shared,11,0,5,1,0.039663484593578026
B_fixed_G0,G1-shared,11,1,8,1,0.0755525050318188
B_fixed_G0,G1-shared,11,2,5,1,0.05997457993469069
B_fixed_G0,G1-shared,11,3,5,0,0.0535922462658501
B_fixed_G0,G1-shared,11,4,5,1,0.038619407689438175
B_fixed_G0,G1-shared,11,5,5,1,0.03823986322626218
B_fixed_G0,G1-shared,11,6,5,1,0.014988273357674782
B_fixed_G0,G1-shared,11,7,5,1,0.02340369036502943
B_fixed_G0,G1-shared,11,8,5,1,0.062128670900479105
B_fixed_G0,G1-shared,11,9,4,0,0.08073837187714603
A_native,T0,12,0,4,1,0.03682054219143662
A_native,T0,12,1,0,1,0.03732202045237992
A_native,T0,12,2,0,1,0.038701080482627916
A_native,T0,12,3,5,0,0.05582654658665466
A_native,T0,12,4,0,1,0.05705036324430599
A_native,T0,12,5,0,1,0.05089628529606057
A_native,T0,12,6,4,1,0.044247564866824456
A_native,T0,12,7,5,0,0.04672177155252045
A_native,T0,12,8,0,1,0.060107162938301845
A_native,T0,12,9,5,0,0.04344444042515055
B_fixed_G0,T0,12,0,2,1,0.015382197191711555
B_fixed_G0,T0,12,1,2,1,0.0024437951951809538
B_fixed_G0,T0,12,2,2,1,0.019246030517009773
B_fixed_G0,T0,12,3,5,0,0.05582654658665466
B_fixed_G0,T0,12,4,5,1,0.04544716147571605
B_fixed_G0,T0,12,5,5,1,0.04105427019865588
B_fixed_G0,T0,12,6,0,1,0.039318370315621534
B_fixed_G0,T0,12,7,5,0,0.04672177155252045
B_fixed_G0,T0,12,8,5,1,0.04256798396501999
B_fixed_G0,T0,12,9,5,0,0.04344444042515055
A_native,G0-local,12,0,2,0,0.031129262018123792
A_native,G0-local,12,1,2,0,0.025512312976604692
A_native,G0-local,12,2,2,0,0.03341154905324935
A_native,G0-local,12,3,5,0,0.0661597990253215
A_native,G0-local,12,4,5,0,0.05924976253445403
A_native,G0-local,12,5,5,0,0.047275972941221454
A_native,G0-local,12,6,0,0,0.04434362972230449
A_native,G0-local,12,7,5,0,0.03995840213803267
A_native,G0-local,12,8,5,0,0.04419236856837288
A_native,G0-local,12,9,5,0,0.04693516640123991
B_fixed_G0,G0-local,12,0,2,0,0.031129262018123792
B_fixed_G0,G0-local,12,1,2,0,0.025512312976604692
B_fixed_G0,G0-local,12,2,2,0,0.03341154905324935
B_fixed_G0,G0-local,12,3,5,0,0.0661597990253215
B_fixed_G0,G0-local,12,4,5,0,0.05924976253445403
B_fixed_G0,G0-local,12,5,5,0,0.047275972941221454
B_fixed_G0,G0-local,12,6,0,0,0.04434362972230449
B_fixed_G0,G0-local,12,7,5,0,0.03995840213803267
B_fixed_G0,G0-local,12,8,5,0,0.04419236856837288
B_fixed_G0,G0-local,12,9,5,0,0.04693516640123991
A_native,G1-shared,12,0,6,1,0.03593207662779727
A_native,G1-shared,12,1,0,1,0.031127451115406057
A_native,G1-shared,12,2,0,1,0.026525844615631743
A_native,G1-shared,12,3,1,1,0.019838680927381513
A_native,G1-shared,12,4,0,1,0.048861126048302415
A_native,G1-shared,12,5,0,1,0.03127400967336159
A_native,G1-shared,12,6,4,1,0.029148861770152638
A_native,G1-shared,12,7,6,1,0.029839173385110936
A_native,G1-shared,12,8,5,0,0.040119054628953654
A_native,G1-shared,12,9,5,0,0.02818409692341188
B_fixed_G0,G1-shared,12,0,2,1,0.007070816515469655
B_fixed_G0,G1-shared,12,1,2,1,0.0024514887578411565
B_fixed_G0,G1-shared,12,2,2,1,0.012817352783400304
B_fixed_G0,G1-shared,12,3,5,1,0.0028861853111029883
B_fixed_G0,G1-shared,12,4,5,1,0.032086635111489833
B_fixed_G0,G1-shared,12,5,5,1,0.012335973008949824
B_fixed_G0,G1-shared,12,6,0,1,0.011113755919951968
B_fixed_G0,G1-shared,12,7,5,1,0.02579256387623983
B_fixed_G0,G1-shared,12,8,5,0,0.040119054628953654
B_fixed_G0,G1-shared,12,9,5,0,0.02818409692341188
A_native,T0,13,0,8,0,0.08212251718086679
A_native,T0,13,1,8,1,0.030043230019716885
A_native,T0,13,2,1,1,0.06726844249201103
A_native,T0,13,3,8,1,0.06062939378592195
A_native,T0,13,4,5,0,0.060603084926174285
A_native,T0,13,5,8,0,0.06346138308664115
A_native,T0,13,6,1,1,0.04321288107617829
A_native,T0,13,7,8,0,0.07891126045355863
A_native,T0,13,8,1,1,0.02858747306536263
A_native,T0,13,9,8,1,0.07661548960841404
B_fixed_G0,T0,13,0,8,0,0.08212251718086679
B_fixed_G0,T0,13,1,9,1,0.019360300155033736
B_fixed_G0,T0,13,2,8,1,0.06568663447750672
B_fixed_G0,T0,13,3,4,1,0.02562922844972291
B_fixed_G0,T0,13,4,5,0,0.060603084926174285
B_fixed_G0,T0,13,5,8,0,0.06346138308664115
B_fixed_G0,T0,13,6,7,1,0.024653439861490965
B_fixed_G0,T0,13,7,8,0,0.07891126045355863
B_fixed_G0,T0,13,8,5,1,0.028201888506928938
B_fixed_G0,T0,13,9,5,1,0.04830711907505983
A_native,G0-local,13,0,8,0,0.06569189315596072
A_native,G0-local,13,1,9,0,0.025713714282242738
A_native,G0-local,13,2,8,0,0.0630864221023307
A_native,G0-local,13,3,4,0,0.033079786177576384
A_native,G0-local,13,4,5,0,0.06052934385631913
A_native,G0-local,13,5,8,0,0.06087232369588201
A_native,G0-local,13,6,7,0,0.03120832070951266
A_native,G0-local,13,7,8,0,0.059247107443757
A_native,G0-local,13,8,5,0,0.04119431541005784
A_native,G0-local,13,9,5,0,0.07208785024072394
B_fixed_G0,G0-local,13,0,8,0,0.06569189315596072
B_fixed_G0,G0-local,13,1,9,0,0.025713714282242738
B_fixed_G0,G0-local,13,2,8,0,0.0630864221023307
B_fixed_G0,G0-local,13,3,4,0,0.033079786177576384
B_fixed_G0,G0-local,13,4,5,0,0.06052934385631913
B_fixed_G0,G0-local,13,5,8,0,0.06087232369588201
B_fixed_G0,G0-local,13,6,7,0,0.03120832070951266
B_fixed_G0,G0-local,13,7,8,0,0.059247107443757
B_fixed_G0,G0-local,13,8,5,0,0.04119431541005784
B_fixed_G0,G0-local,13,9,5,0,0.07208785024072394
A_native,G1-shared,13,0,5,1,0.021097222412158917
A_native,G1-shared,13,1,6,1,0.018016977101007803
A_native,G1-shared,13,2,1,1,0.03919929486720214
A_native,G1-shared,13,3,8,1,0.028138718895878892
A_native,G1-shared,13,4,5,0,0.03741063634305165
A_native,G1-shared,13,5,5,1,0.025283149256238088
A_native,G1-shared,13,6,9,1,0.02420868239984999
A_native,G1-shared,13,7,8,0,0.06473465212893145
A_native,G1-shared,13,8,9,1,0.04035100966985871
A_native,G1-shared,13,9,4,1,0.020822710040521022
B_fixed_G0,G1-shared,13,0,8,1,0.018459283655172663
B_fixed_G0,G1-shared,13,1,9,1,0.016750285036231213
B_fixed_G0,G1-shared,13,2,8,1,0.032851645046262985
B_fixed_G0,G1-shared,13,3,4,1,0.021915237677456793
B_fixed_G0,G1-shared,13,4,5,0,0.03741063634305165
B_fixed_G0,G1-shared,13,5,8,1,0.018203754348478395
B_fixed_G0,G1-shared,13,6,7,1,0.011215727178466339
B_fixed_G0,G1-shared,13,7,8,0,0.06473465212893145
B_fixed_G0,G1-shared,13,8,5,1,0.030124248188536207
B_fixed_G0,G1-shared,13,9,5,1,0.019440494060587208
A_native,T0,14,0,6,1,0.03493431725156288
A_native,T0,14,1,0,1,0.01620928019442469
A_native,T0,14,2,5,1,0.024478323285515597
A_native,T0,14,3,7,0,0.045754468387891274
A_native,T0,14,4,1,1,0.04235123622328794
A_native,T0,14,5,1,1,0.021519789064970242
A_native,T0,14,6,4,0,0.04093804285903006
A_native,T0,14,7,4,0,0.04455466666333936
A_native,T0,14,8,1,1,0.03037157307640472
A_native,T0,14,9,7,1,0.0310584316148573
B_fixed_G0,T0,14,0,7,1,0.023610286609861718
B_fixed_G0,T0,14,1,6,1,0.006936235540377656
B_fixed_G0,T0,14,2,9,1,0.012937906113517186
B_fixed_G0,T0,14,3,7,0,0.045754468387891274
B_fixed_G0,T0,14,4,9,1,0.030289314264104698
B_fixed_G0,T0,14,5,7,1,0.019500774177046317
B_fixed_G0,T0,14,6,4,0,0.04093804285903006
B_fixed_G0,T0,14,7,4,0,0.04455466666333936
B_fixed_G0,T0,14,8,4,1,0.019718961193706815
B_fixed_G0,T0,14,9,9,1,0.014876885854458679
A_native,G0-local,14,0,7,0,0.03103948073423678
A_native,G0-local,14,1,6,0,0.021833503845271388
A_native,G0-local,14,2,9,0,0.028245857201975255
A_native,G0-local,14,3,7,0,0.03966573264703641
A_native,G0-local,14,4,9,0,0.040933421012359916
A_native,G0-local,14,5,7,0,0.014814904089969215
A_native,G0-local,14,6,4,0,0.058009787867679574
A_native,G0-local,14,7,4,0,0.048248537587525966
A_native,G0-local,14,8,4,0,0.03838672363546908
A_native,G0-local,14,9,9,0,0.05394788927593701
B_fixed_G0,G0-local,14,0,7,0,0.03103948073423678
B_fixed_G0,G0-local,14,1,6,0,0.021833503845271388
B_fixed_G0,G0-local,14,2,9,0,0.028245857201975255
B_fixed_G0,G0-local,14,3,7,0,0.03966573264703641
B_fixed_G0,G0-local,14,4,9,0,0.040933421012359916
B_fixed_G0,G0-local,14,5,7,0,0.014814904089969215
B_fixed_G0,G0-local,14,6,4,0,0.058009787867679574
B_fixed_G0,G0-local,14,7,4,0,0.048248537587525966
B_fixed_G0,G0-local,14,8,4,0,0.03838672363546908
B_fixed_G0,G0-local,14,9,9,0,0.05394788927593701
A_native,G1-shared,14,0,7,0,0.01787956779816542
A_native,G1-shared,14,1,9,1,0.01649112949970971
A_native,G1-shared,14,2,3,1,0.013129224560504853
A_native,G1-shared,14,3,4,1,0.019036607925407692
A_native,G1-shared,14,4,4,1,0.025341933479963257
A_native,G1-shared,14,5,3,1,0.013632156708544
A_native,G1-shared,14,6,4,0,0.01547817486623066
A_native,G1-shared,14,7,5,1,0.019131506811919153
A_native,G1-shared,14,8,4,0,0.021793227108328827
A_native,G1-shared,14,9,7,1,0.030822639306116485
B_fixed_G0,G1-shared,14,0,7,0,0.01787956779816542
B_fixed_G0,G1-shared,14,1,6,1,0.0036023070287687755
B_fixed_G0,G1-shared,14,2,9,1,0.008528763585579689
B_fixed_G0,G1-shared,14,3,7,1,0.017726013206436367
B_fixed_G0,G1-shared,14,4,9,1,0.020221917217083902
B_fixed_G0,G1-shared,14,5,7,1,0.010415650662047986
B_fixed_G0,G1-shared,14,6,4,0,0.01547817486623066
B_fixed_G0,G1-shared,14,7,4,1,0.008282211831229713
B_fixed_G0,G1-shared,14,8,4,0,0.021793227108328827
B_fixed_G0,G1-shared,14,9,9,1,0.009063957977555732
A_native,T0,15,0,6,1,0.07610959151614428
A_native,T0,15,1,5,1,0.059962185491725224
A_native,T0,15,2,3,1,0.051091289697949946
A_native,T0,15,3,5,1,0.07307513379034432
A_native,T0,15,4,3,0,0.08655989788256344
A_native,T0,15,5,3,0,0.07164023856051807
A_native,T0,15,6,3,1,0.05610101948988237
A_native,T0,15,7,3,0,0.08530303818040684
A_native,T0,15,8,6,0,0.08788251771125939
A_native,T0,15,9,5,1,0.07485989446557807
B_fixed_G0,T0,15,0,2,1,0.055524105116978105
B_fixed_G0,T0,15,1,3,1,0.04877113212500245
B_fixed_G0,T0,15,2,2,1,0.0173856308079206
B_fixed_G0,T0,15,3,3,1,0.06773284259645418
B_fixed_G0,T0,15,4,3,0,0.08655989788256344
B_fixed_G0,T0,15,5,3,0,0.07164023856051807
B_fixed_G0,T0,15,6,0,1,0.0030353631601515757
B_fixed_G0,T0,15,7,3,0,0.08530303818040684
B_fixed_G0,T0,15,8,6,0,0.08788251771125939
B_fixed_G0,T0,15,9,2,1,0.04915610543341086
A_native,G0-local,15,0,2,0,0.05758640044624063
A_native,G0-local,15,1,3,0,0.06956183925945353
A_native,G0-local,15,2,2,0,0.021636781190413665
A_native,G0-local,15,3,3,0,0.07144831302933176
A_native,G0-local,15,4,3,0,0.07944889006045931
A_native,G0-local,15,5,3,0,0.09452294037153594
A_native,G0-local,15,6,0,0,-0.0014342921674176383
A_native,G0-local,15,7,3,0,0.09105775513268428
A_native,G0-local,15,8,6,0,0.06051895470689375
A_native,G0-local,15,9,2,0,0.059353993982632997
B_fixed_G0,G0-local,15,0,2,0,0.05758640044624063
B_fixed_G0,G0-local,15,1,3,0,0.06956183925945353
B_fixed_G0,G0-local,15,2,2,0,0.021636781190413665
B_fixed_G0,G0-local,15,3,3,0,0.07144831302933176
B_fixed_G0,G0-local,15,4,3,0,0.07944889006045931
B_fixed_G0,G0-local,15,5,3,0,0.09452294037153594
B_fixed_G0,G0-local,15,6,0,0,-0.0014342921674176383
B_fixed_G0,G0-local,15,7,3,0,0.09105775513268428
B_fixed_G0,G0-local,15,8,6,0,0.06051895470689375
B_fixed_G0,G0-local,15,9,2,0,0.059353993982632997
A_native,G1-shared,15,0,9,1,0.046851267034081975
A_native,G1-shared,15,1,2,1,0.0561635114925525
A_native,G1-shared,15,2,6,1,0.033569219358657205
A_native,G1-shared,15,3,5,1,0.08829248643384979
A_native,G1-shared,15,4,8,1,0.03275641456843959
A_native,G1-shared,15,5,5,1,0.09267065330025828
A_native,G1-shared,15,6,3,1,0.02325458504887825
A_native,G1-shared,15,7,5,1,0.06804096305797822
A_native,G1-shared,15,8,3,1,0.04550386413859889
A_native,G1-shared,15,9,8,1,0.058992546834288964
B_fixed_G0,G1-shared,15,0,2,1,0.02224353621327124
B_fixed_G0,G1-shared,15,1,3,1,0.042592125408087635
B_fixed_G0,G1-shared,15,2,2,1,0.011070804123176015
B_fixed_G0,G1-shared,15,3,3,1,0.05014698885703866
B_fixed_G0,G1-shared,15,4,3,1,0.030033845712870738
B_fixed_G0,G1-shared,15,5,3,1,0.005270512794057667
B_fixed_G0,G1-shared,15,6,0,1,-0.007186736198355803
B_fixed_G0,G1-shared,15,7,3,1,0.06327115279724725
B_fixed_G0,G1-shared,15,8,6,1,0.03093557720143958
B_fixed_G0,G1-shared,15,9,2,1,0.04096286739560022
A_native,T0,16,0,7,1,0.09500610097277144
A_native,T0,16,1,1,0,0.0969405695518832
A_native,T0,16,2,9,0,0.09620085909199767
A_native,T0,16,3,9,0,0.1107239731675111
A_native,T0,16,4,7,1,0.0836779399869662
A_native,T0,16,5,7,0,0.10659702966389142
A_native,T0,16,6,9,0,0.05514841815318861
A_native,T0,16,7,7,1,0.11513061295720854
A_native,T0,16,8,9,0,0.08680885055012348
A_native,T0,16,9,1,1,0.08782929574854224
B_fixed_G0,T0,16,0,9,1,0.07675299669854502
B_fixed_G0,T0,16,1,1,0,0.0969405695518832
B_fixed_G0,T0,16,2,9,0,0.09620085909199767
B_fixed_G0,T0,16,3,9,0,0.1107239731675111
B_fixed_G0,T0,16,4,1,1,0.07507665752983207
B_fixed_G0,T0,16,5,7,0,0.10659702966389142
B_fixed_G0,T0,16,6,9,0,0.05514841815318861
B_fixed_G0,T0,16,7,9,1,0.09095984168715382
B_fixed_G0,T0,16,8,9,0,0.08680885055012348
B_fixed_G0,T0,16,9,3,1,0.06853117986934971
A_native,G0-local,16,0,9,0,0.11765010177379802
A_native,G0-local,16,1,1,0,0.11282548458358045
A_native,G0-local,16,2,9,0,0.10680514712706739
A_native,G0-local,16,3,9,0,0.10299907483898481
A_native,G0-local,16,4,1,0,0.09168633852848544
A_native,G0-local,16,5,7,0,0.11675779084279388
A_native,G0-local,16,6,9,0,0.07096716704256584
A_native,G0-local,16,7,9,0,0.10212460485917868
A_native,G0-local,16,8,9,0,0.09613705766231517
A_native,G0-local,16,9,3,0,0.13575414556866228
B_fixed_G0,G0-local,16,0,9,0,0.11765010177379802
B_fixed_G0,G0-local,16,1,1,0,0.11282548458358045
B_fixed_G0,G0-local,16,2,9,0,0.10680514712706739
B_fixed_G0,G0-local,16,3,9,0,0.10299907483898481
B_fixed_G0,G0-local,16,4,1,0,0.09168633852848544
B_fixed_G0,G0-local,16,5,7,0,0.11675779084279388
B_fixed_G0,G0-local,16,6,9,0,0.07096716704256584
B_fixed_G0,G0-local,16,7,9,0,0.10212460485917868
B_fixed_G0,G0-local,16,8,9,0,0.09613705766231517
B_fixed_G0,G0-local,16,9,3,0,0.13575414556866228
A_native,G1-shared,16,0,7,1,0.03809750220276513
A_native,G1-shared,16,1,3,1,0.06445952965676437
A_native,G1-shared,16,2,7,1,0.06161580488534593
A_native,G1-shared,16,3,7,1,0.04847156214985323
A_native,G1-shared,16,4,1,0,0.05966924184167389
A_native,G1-shared,16,5,7,0,0.06838950604807639
A_native,G1-shared,16,6,7,1,0.0828109256862978
A_native,G1-shared,16,7,7,1,0.055571353519694
A_native,G1-shared,16,8,7,1,0.08691611181765463
A_native,G1-shared,16,9,1,1,0.09419663279126324
B_fixed_G0,G1-shared,16,0,9,1,0.024667388549937552
B_fixed_G0,G1-shared,16,1,1,1,0.05247587623829141
B_fixed_G0,G1-shared,16,2,9,1,0.0321758805233442
B_fixed_G0,G1-shared,16,3,9,1,0.042803790261554286
B_fixed_G0,G1-shared,16,4,1,0,0.05966924184167389
B_fixed_G0,G1-shared,16,5,7,0,0.06838950604807639
B_fixed_G0,G1-shared,16,6,9,1,0.03480271554474549
B_fixed_G0,G1-shared,16,7,9,1,0.04222676023962891
B_fixed_G0,G1-shared,16,8,9,1,0.07526350656651842
B_fixed_G0,G1-shared,16,9,3,1,0.02364346357332525
A_native,T0,17,0,5,0,0.04558099037421925
A_native,T0,17,1,5,1,0.03748455120786159
A_native,T0,17,2,2,0,0.054861408098858845
A_native,T0,17,3,0,0,0.06880552914551266
A_native,T0,17,4,0,1,0.0438439654827868
A_native,T0,17,5,0,1,0.04165649251520832
A_native,T0,17,6,0,1,0.04885857567305551
A_native,T0,17,7,0,0,0.0566373523107628
A_native,T0,17,8,4,0,0.0638533282588069
A_native,T0,17,9,0,1,0.0599788861020955
B_fixed_G0,T0,17,0,5,0,0.04558099037421925
B_fixed_G0,T0,17,1,0,1,0.03246845725489963
B_fixed_G0,T0,17,2,2,0,0.054861408098858845
B_fixed_G0,T0,17,3,0,0,0.06880552914551266
B_fixed_G0,T0,17,4,2,1,0.024328773268830164
B_fixed_G0,T0,17,5,5,1,0.041171799350023346
B_fixed_G0,T0,17,6,7,1,0.03647868747732816
B_fixed_G0,T0,17,7,0,0,0.0566373523107628
B_fixed_G0,T0,17,8,4,0,0.0638533282588069
B_fixed_G0,T0,17,9,2,1,0.04838337453177036
A_native,G0-local,17,0,5,0,0.04395163725911118
A_native,G0-local,17,1,0,0,0.047551421035616964
A_native,G0-local,17,2,2,0,0.06296035004980904
A_native,G0-local,17,3,0,0,0.07377350866454772
A_native,G0-local,17,4,2,0,0.04679769305572351
A_native,G0-local,17,5,5,0,0.03561073614897379
A_native,G0-local,17,6,7,0,0.06209222840581365
A_native,G0-local,17,7,0,0,0.05485595227918766
A_native,G0-local,17,8,4,0,0.07104905062377646
A_native,G0-local,17,9,2,0,0.07340250339550444
B_fixed_G0,G0-local,17,0,5,0,0.04395163725911118
B_fixed_G0,G0-local,17,1,0,0,0.047551421035616964
B_fixed_G0,G0-local,17,2,2,0,0.06296035004980904
B_fixed_G0,G0-local,17,3,0,0,0.07377350866454772
B_fixed_G0,G0-local,17,4,2,0,0.04679769305572351
B_fixed_G0,G0-local,17,5,5,0,0.03561073614897379
B_fixed_G0,G0-local,17,6,7,0,0.06209222840581365
B_fixed_G0,G0-local,17,7,0,0,0.05485595227918766
B_fixed_G0,G0-local,17,8,4,0,0.07104905062377646
B_fixed_G0,G0-local,17,9,2,0,0.07340250339550444
A_native,G1-shared,17,0,5,0,0.0307679694390344
A_native,G1-shared,17,1,9,1,0.04152504087830861
A_native,G1-shared,17,2,1,1,0.03530329904371449
A_native,G1-shared,17,3,5,1,0.05064901965322721
A_native,G1-shared,17,4,9,1,0.030099964346909928
A_native,G1-shared,17,5,5,0,0.03510086060925079
A_native,G1-shared,17,6,5,1,0.0331272897543095
A_native,G1-shared,17,7,1,1,0.03317131807300088
A_native,G1-shared,17,8,6,1,0.03970869436360434
A_native,G1-shared,17,9,0,1,0.04602143391531123
B_fixed_G0,G1-shared,17,0,5,0,0.0307679694390344
B_fixed_G0,G1-shared,17,1,0,1,0.01662674354726583
B_fixed_G0,G1-shared,17,2,2,1,0.026734305229152697
B_fixed_G0,G1-shared,17,3,0,1,0.03853660911422303
B_fixed_G0,G1-shared,17,4,2,1,0.006305439825727939
B_fixed_G0,G1-shared,17,5,5,0,0.03510086060925079
B_fixed_G0,G1-shared,17,6,7,1,0.012548260800577022
B_fixed_G0,G1-shared,17,7,0,1,0.025551820293430793
B_fixed_G0,G1-shared,17,8,4,1,0.02870460766026527
B_fixed_G0,G1-shared,17,9,2,1,0.038996693803568586
A_native,T0,18,0,5,1,0.05039404409562847
A_native,T0,18,1,5,1,0.06005090245538841
A_native,T0,18,2,5,1,0.07223515509838467
A_native,T0,18,3,6,1,0.07887295847225259
A_native,T0,18,4,9,0,0.03972110365112191
A_native,T0,18,5,9,0,0.0703205059326972
A_native,T0,18,6,3,0,0.07046691039590093
A_native,T0,18,7,0,0,0.06064630764467524
A_native,T0,18,8,4,1,0.04961142707695159
A_native,T0,18,9,3,1,0.033314696161226794
B_fixed_G0,T0,18,0,7,1,0.04356810632375359
B_fixed_G0,T0,18,1,0,1,0.04060785515626931
B_fixed_G0,T0,18,2,0,1,0.06417063450133689
B_fixed_G0,T0,18,3,0,1,0.054137317783551867
B_fixed_G0,T0,18,4,9,0,0.03972110365112191
B_fixed_G0,T0,18,5,9,0,0.0703205059326972
B_fixed_G0,T0,18,6,3,0,0.07046691039590093
B_fixed_G0,T0,18,7,0,0,0.06064630764467524
B_fixed_G0,T0,18,8,3,1,0.045614343975695595
B_fixed_G0,T0,18,9,0,1,0.025628089058464074
A_native,G0-local,18,0,7,0,0.09229671276516355
A_native,G0-local,18,1,0,0,0.0629235590106411
A_native,G0-local,18,2,0,0,0.08872040450855449
A_native,G0-local,18,3,0,0,0.08348276162509198
A_native,G0-local,18,4,9,0,0.0733241262469769
A_native,G0-local,18,5,9,0,0.10544229392861654
A_native,G0-local,18,6,3,0,0.08344740022340993
A_native,G0-local,18,7,0,0,0.08574024845417844
A_native,G0-local,18,8,3,0,0.060287259495602236
A_native,G0-local,18,9,0,0,0.0631158821315215
B_fixed_G0,G0-local,18,0,7,0,0.09229671276516355
B_fixed_G0,G0-local,18,1,0,0,0.0629235590106411
B_fixed_G0,G0-local,18,2,0,0,0.08872040450855449
B_fixed_G0,G0-local,18,3,0,0,0.08348276162509198
B_fixed_G0,G0-local,18,4,9,0,0.0733241262469769
B_fixed_G0,G0-local,18,5,9,0,0.10544229392861654
B_fixed_G0,G0-local,18,6,3,0,0.08344740022340993
B_fixed_G0,G0-local,18,7,0,0,0.08574024845417844
B_fixed_G0,G0-local,18,8,3,0,0.060287259495602236
B_fixed_G0,G0-local,18,9,0,0,0.0631158821315215
A_native,G1-shared,18,0,9,1,0.03993128422212868
A_native,G1-shared,18,1,0,0,0.05003969403432881
A_native,G1-shared,18,2,0,0,0.0532200559718845
A_native,G1-shared,18,3,6,1,0.058278729938429336
A_native,G1-shared,18,4,9,0,0.05464016305732355
A_native,G1-shared,18,5,7,1,0.045829531708946734
A_native,G1-shared,18,6,3,0,0.06069648974296259
A_native,G1-shared,18,7,3,1,0.03547061162915261
A_native,G1-shared,18,8,5,1,0.05215577640668649
A_native,G1-shared,18,9,7,1,0.03583571178362972
B_fixed_G0,G1-shared,18,0,7,1,0.029366812973680753
B_fixed_G0,G1-shared,18,1,0,0,0.05003969403432881
B_fixed_G0,G1-shared,18,2,0,0,0.0532200559718845
B_fixed_G0,G1-shared,18,3,0,1,0.031005549795922512
B_fixed_G0,G1-shared,18,4,9,0,0.05464016305732355
B_fixed_G0,G1-shared,18,5,9,1,0.02689865704275283
B_fixed_G0,G1-shared,18,6,3,0,0.06069648974296259
B_fixed_G0,G1-shared,18,7,0,1,0.026379851746880085
B_fixed_G0,G1-shared,18,8,3,1,0.02058930693984004
B_fixed_G0,G1-shared,18,9,0,1,0.024347222262550768
A_native,T0,19,0,9,0,0.052108099940491204
A_native,T0,19,1,9,1,0.044213902722103446
A_native,T0,19,2,0,1,0.04859416149024241
A_native,T0,19,3,0,0,0.052122757008556155
A_native,T0,19,4,9,0,0.037852903466306896
A_native,T0,19,5,9,0,0.053989303055201804
A_native,T0,19,6,0,0,0.05909385753800894
A_native,T0,19,7,6,1,0.05187630844049892
A_native,T0,19,8,0,0,0.06397055922521927
A_native,T0,19,9,2,1,0.05754236109577409
B_fixed_G0,T0,19,0,9,0,0.052108099940491204
B_fixed_G0,T0,19,1,4,1,0.02656937262104907
B_fixed_G0,T0,19,2,4,1,0.0019365761666821132
B_fixed_G0,T0,19,3,0,0,0.052122757008556155
B_fixed_G0,T0,19,4,9,0,0.037852903466306896
B_fixed_G0,T0,19,5,9,0,0.053989303055201804
B_fixed_G0,T0,19,6,0,0,0.05909385753800894
B_fixed_G0,T0,19,7,0,1,0.04838591016091478
B_fixed_G0,T0,19,8,0,0,0.06397055922521927
B_fixed_G0,T0,19,9,0,1,0.04653157949915182
A_native,G0-local,19,0,9,0,0.06147850678245157
A_native,G0-local,19,1,4,0,0.06406060981334533
A_native,G0-local,19,2,4,0,0.04575661268009768
A_native,G0-local,19,3,0,0,0.06267167765259629
A_native,G0-local,19,4,9,0,0.03991787993510389
A_native,G0-local,19,5,9,0,0.07534131277406475
A_native,G0-local,19,6,0,0,0.06647433417902653
A_native,G0-local,19,7,0,0,0.07477369564595307
A_native,G0-local,19,8,0,0,0.0735175277138308
A_native,G0-local,19,9,0,0,0.0629203454897578
B_fixed_G0,G0-local,19,0,9,0,0.06147850678245157
B_fixed_G0,G0-local,19,1,4,0,0.06406060981334533
B_fixed_G0,G0-local,19,2,4,0,0.04575661268009768
B_fixed_G0,G0-local,19,3,0,0,0.06267167765259629
B_fixed_G0,G0-local,19,4,9,0,0.03991787993510389
B_fixed_G0,G0-local,19,5,9,0,0.07534131277406475
B_fixed_G0,G0-local,19,6,0,0,0.06647433417902653
B_fixed_G0,G0-local,19,7,0,0,0.07477369564595307
B_fixed_G0,G0-local,19,8,0,0,0.0735175277138308
B_fixed_G0,G0-local,19,9,0,0,0.0629203454897578
A_native,G1-shared,19,0,1,1,0.05164133032888213
A_native,G1-shared,19,1,0,1,0.02979581093609611
A_native,G1-shared,19,2,0,1,0.022165392031220067
A_native,G1-shared,19,3,1,1,0.026938231328831375
A_native,G1-shared,19,4,1,1,0.028147078708520873
A_native,G1-shared,19,5,0,1,0.03649239393281322
A_native,G1-shared,19,6,5,1,0.016993347599844937
A_native,G1-shared,19,7,1,1,0.04451647775867146
A_native,G1-shared,19,8,8,1,0.04248014041941661
A_native,G1-shared,19,9,2,1,0.034772700775580485
B_fixed_G0,G1-shared,19,0,9,1,0.017347728888904228
B_fixed_G0,G1-shared,19,1,4,1,0.015620137567004715
B_fixed_G0,G1-shared,19,2,4,1,0.000962221142068845
B_fixed_G0,G1-shared,19,3,0,1,0.012838155500311359
B_fixed_G0,G1-shared,19,4,9,1,0.013456524813612189
B_fixed_G0,G1-shared,19,5,9,1,0.03192480790280295
B_fixed_G0,G1-shared,19,6,0,1,0.0016775999846265783
B_fixed_G0,G1-shared,19,7,0,1,0.017272885331454494
B_fixed_G0,G1-shared,19,8,0,1,0.015335176105512834
B_fixed_G0,G1-shared,19,9,0,1,0.03039717288286457
A_native,T0,20,0,4,0,0.14554933237850678
A_native,T0,20,1,1,1,0.07393570299056719
A_native,T0,20,2,4,0,0.12294374089657042
A_native,T0,20,3,4,0,0.08351071343977454
A_native,T0,20,4,0,1,0.06859381600960958
A_native,T0,20,5,4,0,0.14216699383746453
A_native,T0,20,6,4,0,0.1289840182369793
A_native,T0,20,7,4,0,0.11515898697840125
A_native,T0,20,8,1,0,0.1271638791322023
A_native,T0,20,9,4,0,0.20350608390915925
B_fixed_G0,T0,20,0,4,0,0.14554933237850678
B_fixed_G0,T0,20,1,9,1,0.033640035076995214
B_fixed_G0,T0,20,2,4,0,0.12294374089657042
B_fixed_G0,T0,20,3,4,0,0.08351071343977454
B_fixed_G0,T0,20,4,2,1,0.02188949170113679
B_fixed_G0,T0,20,5,4,0,0.14216699383746453
B_fixed_G0,T0,20,6,4,0,0.1289840182369793
B_fixed_G0,T0,20,7,4,0,0.11515898697840125
B_fixed_G0,T0,20,8,1,0,0.1271638791322023
B_fixed_G0,T0,20,9,4,0,0.20350608390915925
A_native,G0-local,20,0,4,0,0.10069101330337389
A_native,G0-local,20,1,9,0,0.11837128392242853
A_native,G0-local,20,2,4,0,0.09767564626944628
A_native,G0-local,20,3,4,0,0.0962551691257939
A_native,G0-local,20,4,2,0,0.03923824194993636
A_native,G0-local,20,5,4,0,0.11770980962374508
A_native,G0-local,20,6,4,0,0.10232138827700826
A_native,G0-local,20,7,4,0,0.08488132755641674
A_native,G0-local,20,8,1,0,0.11963077929001527
A_native,G0-local,20,9,4,0,0.12572974449674665
B_fixed_G0,G0-local,20,0,4,0,0.10069101330337389
B_fixed_G0,G0-local,20,1,9,0,0.11837128392242853
B_fixed_G0,G0-local,20,2,4,0,0.09767564626944628
B_fixed_G0,G0-local,20,3,4,0,0.0962551691257939
B_fixed_G0,G0-local,20,4,2,0,0.03923824194993636
B_fixed_G0,G0-local,20,5,4,0,0.11770980962374508
B_fixed_G0,G0-local,20,6,4,0,0.10232138827700826
B_fixed_G0,G0-local,20,7,4,0,0.08488132755641674
B_fixed_G0,G0-local,20,8,1,0,0.11963077929001527
B_fixed_G0,G0-local,20,9,4,0,0.12572974449674665
A_native,G1-shared,20,0,2,1,0.07978705345636512
A_native,G1-shared,20,1,2,1,0.07786340999275286
A_native,G1-shared,20,2,4,0,0.0719402839223317
A_native,G1-shared,20,3,1,1,0.06621875707790224
A_native,G1-shared,20,4,0,1,0.07874237790769921
A_native,G1-shared,20,5,4,0,0.10815038214566507
A_native,G1-shared,20,6,4,0,0.056011735025522265
A_native,G1-shared,20,7,4,0,0.08304838671238426
A_native,G1-shared,20,8,4,1,0.056409944494840165
A_native,G1-shared,20,9,4,0,0.1083917389235286
B_fixed_G0,G1-shared,20,0,4,1,0.07504505433154837
B_fixed_G0,G1-shared,20,1,9,1,0.037373459807439516
B_fixed_G0,G1-shared,20,2,4,0,0.0719402839223317
B_fixed_G0,G1-shared,20,3,4,1,0.04728298694312782
B_fixed_G0,G1-shared,20,4,2,1,0.03008284903038394
B_fixed_G0,G1-shared,20,5,4,0,0.10815038214566507
B_fixed_G0,G1-shared,20,6,4,0,0.056011735025522265
B_fixed_G0,G1-shared,20,7,4,0,0.08304838671238426
B_fixed_G0,G1-shared,20,8,1,1,0.02336531929995767
B_fixed_G0,G1-shared,20,9,4,0,0.1083917389235286
A_native,T0,21,0,4,1,0.12832860872515647
A_native,T0,21,1,0,0,0.10755983084364469
A_native,T0,21,2,4,1,0.13623274803773505
A_native,T0,21,3,4,0,0.16727562434153959
A_native,T0,21,4,6,0,0.15854272377386705
A_native,T0,21,5,8,0,0.09374562999666695
A_native,T0,21,6,6,0,0.16590644073852467
A_native,T0,21,7,6,0,0.11985641580965709
A_native,T0,21,8,6,0,0.13253798635817307
A_native,T0,21,9,4,1,0.1469237943824285
B_fixed_G0,T0,21,0,7,1,0.04180539715625265
B_fixed_G0,T0,21,1,0,0,0.10755983084364469
B_fixed_G0,T0,21,2,6,1,0.11554874428985207
B_fixed_G0,T0,21,3,4,0,0.16727562434153959
B_fixed_G0,T0,21,4,6,0,0.15854272377386705
B_fixed_G0,T0,21,5,8,0,0.09374562999666695
B_fixed_G0,T0,21,6,6,0,0.16590644073852467
B_fixed_G0,T0,21,7,6,0,0.11985641580965709
B_fixed_G0,T0,21,8,6,0,0.13253798635817307
B_fixed_G0,T0,21,9,7,1,0.03805760783372789
A_native,G0-local,21,0,7,0,0.07066055802023137
A_native,G0-local,21,1,0,0,0.0812331912489383
A_native,G0-local,21,2,6,0,0.07661753508602594
A_native,G0-local,21,3,4,0,0.18125345542508103
A_native,G0-local,21,4,6,0,0.126425671987206
A_native,G0-local,21,5,8,0,0.04139999165485096
A_native,G0-local,21,6,6,0,0.07582215242557978
A_native,G0-local,21,7,6,0,0.1285906728730935
A_native,G0-local,21,8,6,0,0.16268500861369542
A_native,G0-local,21,9,7,0,0.113250683164796
B_fixed_G0,G0-local,21,0,7,0,0.07066055802023137
B_fixed_G0,G0-local,21,1,0,0,0.0812331912489383
B_fixed_G0,G0-local,21,2,6,0,0.07661753508602594
B_fixed_G0,G0-local,21,3,4,0,0.18125345542508103
B_fixed_G0,G0-local,21,4,6,0,0.126425671987206
B_fixed_G0,G0-local,21,5,8,0,0.04139999165485096
B_fixed_G0,G0-local,21,6,6,0,0.07582215242557978
B_fixed_G0,G0-local,21,7,6,0,0.1285906728730935
B_fixed_G0,G0-local,21,8,6,0,0.16268500861369542
B_fixed_G0,G0-local,21,9,7,0,0.113250683164796
A_native,G1-shared,21,0,8,1,0.10173208012145568
A_native,G1-shared,21,1,8,1,0.05371943021378819
A_native,G1-shared,21,2,6,0,0.10688987766010516
A_native,G1-shared,21,3,6,1,0.11936339278112783
A_native,G1-shared,21,4,6,0,0.11993013453588298
A_native,G1-shared,21,5,8,0,0.039771093936196746
A_native,G1-shared,21,6,8,1,0.048137445802293774
A_native,G1-shared,21,7,6,0,0.12067424135591352
A_native,G1-shared,21,8,6,0,0.10902536008948598
A_native,G1-shared,21,9,8,1,0.10870687471209886
B_fixed_G0,G1-shared,21,0,7,1,0.021822969148000443
B_fixed_G0,G1-shared,21,1,0,1,0.013586537263107639
B_fixed_G0,G1-shared,21,2,6,0,0.10688987766010516
B_fixed_G0,G1-shared,21,3,4,1,0.07688489294129258
B_fixed_G0,G1-shared,21,4,6,0,0.11993013453588298
B_fixed_G0,G1-shared,21,5,8,0,0.039771093936196746
B_fixed_G0,G1-shared,21,6,6,1,0.037508718163946186
B_fixed_G0,G1-shared,21,7,6,0,0.12067424135591352
B_fixed_G0,G1-shared,21,8,6,0,0.10902536008948598
B_fixed_G0,G1-shared,21,9,7,1,0.062138968920518935
A_native,T0,22,0,5,0,0.09945477690446541
A_native,T0,22,1,5,0,0.18498861803152444
A_native,T0,22,2,2,0,0.10400573036558418
A_native,T0,22,3,5,1,0.17570102595182324
A_native,T0,22,4,5,1,0.10220649869404635
A_native,T0,22,5,5,0,0.22245420687444395
A_native,T0,22,6,5,0,0.1693664810702896
A_native,T0,22,7,0,1,0.07534713177716564
A_native,T0,22,8,5,0,0.10589521650511574
A_native,T0,22,9,9,1,0.09415991332055741
B_fixed_G0,T0,22,0,5,0,0.09945477690446541
B_fixed_G0,T0,22,1,5,0,0.18498861803152444
B_fixed_G0,T0,22,2,2,0,0.10400573036558418
B_fixed_G0,T0,22,3,2,1,0.106561735008457
B_fixed_G0,T0,22,4,6,1,0.07952268329556536
B_fixed_G0,T0,22,5,5,0,0.22245420687444395
B_fixed_G0,T0,22,6,5,0,0.1693664810702896
B_fixed_G0,T0,22,7,6,1,-0.00014221988879291217
B_fixed_G0,T0,22,8,5,0,0.10589521650511574
B_fixed_G0,T0,22,9,5,1,0.07767003920415413
A_native,G0-local,22,0,5,0,0.1847646625489155
A_native,G0-local,22,1,5,0,0.16420247796876575
A_native,G0-local,22,2,2,0,0.12686233438298328
A_native,G0-local,22,3,2,0,0.18493619848865972
A_native,G0-local,22,4,6,0,0.10731027535573577
A_native,G0-local,22,5,5,0,0.19279826496036356
A_native,G0-local,22,6,5,0,0.19363787579024347
A_native,G0-local,22,7,6,0,0.07914180000680632
A_native,G0-local,22,8,5,0,0.13956376273748622
A_native,G0-local,22,9,5,0,0.10925389515147606
B_fixed_G0,G0-local,22,0,5,0,0.1847646625489155
B_fixed_G0,G0-local,22,1,5,0,0.16420247796876575
B_fixed_G0,G0-local,22,2,2,0,0.12686233438298328
B_fixed_G0,G0-local,22,3,2,0,0.18493619848865972
B_fixed_G0,G0-local,22,4,6,0,0.10731027535573577
B_fixed_G0,G0-local,22,5,5,0,0.19279826496036356
B_fixed_G0,G0-local,22,6,5,0,0.19363787579024347
B_fixed_G0,G0-local,22,7,6,0,0.07914180000680632
B_fixed_G0,G0-local,22,8,5,0,0.13956376273748622
B_fixed_G0,G0-local,22,9,5,0,0.10925389515147606
A_native,G1-shared,22,0,6,1,0.13632364186622983
A_native,G1-shared,22,1,7,1,0.07465081623556859
A_native,G1-shared,22,2,7,1,0.026241148521424295
A_native,G1-shared,22,3,0,1,0.07131798936110995
A_native,G1-shared,22,4,6,0,0.0628815008408918
A_native,G1-shared,22,5,5,0,0.046322666658095535
A_native,G1-shared,22,6,5,0,0.12830429609362312
A_native,G1-shared,22,7,5,1,0.048235524650149866
A_native,G1-shared,22,8,6,1,0.0669825017311972
A_native,G1-shared,22,9,9,1,0.09587867239983154
B_fixed_G0,G1-shared,22,0,5,1,0.03339315115494208
B_fixed_G0,G1-shared,22,1,5,1,0.05507571391307145
B_fixed_G0,G1-shared,22,2,2,1,0.010337229819054964
B_fixed_G0,G1-shared,22,3,2,1,0.05092270784374693
B_fixed_G0,G1-shared,22,4,6,0,0.0628815008408918
B_fixed_G0,G1-shared,22,5,5,0,0.046322666658095535
B_fixed_G0,G1-shared,22,6,5,0,0.12830429609362312
B_fixed_G0,G1-shared,22,7,6,1,0.016610031357680754
B_fixed_G0,G1-shared,22,8,5,1,0.059302583096753264
B_fixed_G0,G1-shared,22,9,5,1,0.0871112840082243
A_native,T0,23,0,4,0,0.08240999895340143
A_native,T0,23,1,9,1,0.08522001260752937
A_native,T0,23,2,9,0,0.121084566065143
A_native,T0,23,3,9,1,0.10566956598880836
A_native,T0,23,4,1,0,0.09085150437035691
A_native,T0,23,5,9,1,0.12832999769329057
A_native,T0,23,6,7,1,0.11095830106555513
A_native,T0,23,7,1,1,0.11987545521593851
A_native,T0,23,8,9,1,0.06235674888050673
A_native,T0,23,9,1,0,0.140256884551705
B_fixed_G0,T0,23,0,4,0,0.08240999895340143
B_fixed_G0,T0,23,1,2,1,0.021645418862438506
B_fixed_G0,T0,23,2,9,0,0.121084566065143
B_fixed_G0,T0,23,3,0,1,0.03725056966812652
B_fixed_G0,T0,23,4,1,0,0.09085150437035691
B_fixed_G0,T0,23,5,1,1,0.11777248435056582
B_fixed_G0,T0,23,6,8,1,0.0655988172501571
B_fixed_G0,T0,23,7,2,1,0.035101076591885084
B_fixed_G0,T0,23,8,0,1,0.03489365319218973
B_fixed_G0,T0,23,9,1,0,0.140256884551705
A_native,G0-local,23,0,4,0,0.06790956481251165
A_native,G0-local,23,1,2,0,0.03416509004642487
A_native,G0-local,23,2,9,0,0.08720249952112764
A_native,G0-local,23,3,0,0,0.04827940603952948
A_native,G0-local,23,4,1,0,0.12006770262848397
A_native,G0-local,23,5,1,0,0.11323492709479728
A_native,G0-local,23,6,8,0,0.14329403511258929
A_native,G0-local,23,7,2,0,0.07180462387347307
A_native,G0-local,23,8,0,0,0.08179913130544968
A_native,G0-local,23,9,1,0,0.14027890909543478
B_fixed_G0,G0-local,23,0,4,0,0.06790956481251165
B_fixed_G0,G0-local,23,1,2,0,0.03416509004642487
B_fixed_G0,G0-local,23,2,9,0,0.08720249952112764
B_fixed_G0,G0-local,23,3,0,0,0.04827940603952948
B_fixed_G0,G0-local,23,4,1,0,0.12006770262848397
B_fixed_G0,G0-local,23,5,1,0,0.11323492709479728
B_fixed_G0,G0-local,23,6,8,0,0.14329403511258929
B_fixed_G0,G0-local,23,7,2,0,0.07180462387347307
B_fixed_G0,G0-local,23,8,0,0,0.08179913130544968
B_fixed_G0,G0-local,23,9,1,0,0.14027890909543478
A_native,G1-shared,23,0,5,1,0.09853353070253469
A_native,G1-shared,23,1,6,1,0.0926708206024167
A_native,G1-shared,23,2,4,1,0.07839194128370958
A_native,G1-shared,23,3,1,1,0.08232026187151416
A_native,G1-shared,23,4,4,1,0.032450068648015175
A_native,G1-shared,23,5,1,0,0.12624188451024687
A_native,G1-shared,23,6,6,1,0.052984179284508263
A_native,G1-shared,23,7,1,1,0.09153286805163774
A_native,G1-shared,23,8,1,1,0.06843950244269005
A_native,G1-shared,23,9,6,1,0.04320617688071687
B_fixed_G0,G1-shared,23,0,4,1,0.07341524938064135
B_fixed_G0,G1-shared,23,1,2,1,0.012427915022598436
B_fixed_G0,G1-shared,23,2,9,1,0.03253726557426515
B_fixed_G0,G1-shared,23,3,0,1,0.005259970736011208
B_fixed_G0,G1-shared,23,4,1,1,0.013822733310394845
B_fixed_G0,G1-shared,23,5,1,0,0.12624188451024687
B_fixed_G0,G1-shared,23,6,8,1,0.04274174966732614
B_fixed_G0,G1-shared,23,7,2,1,0.03401090991668171
B_fixed_G0,G1-shared,23,8,0,1,0.0178763249121156
B_fixed_G0,G1-shared,23,9,1,1,0.015315055251285337
A_native,T0,24,0,7,1,0.12938865672645294
A_native,T0,24,1,7,0,0.1388441866917934
A_native,T0,24,2,7,1,0.16453619005342557
A_native,T0,24,3,7,0,0.20346219319962158
A_native,T0,24,4,7,1,0.1910220106071058
A_native,T0,24,5,7,1,0.1578058553382478
A_native,T0,24,6,7,1,0.14089241134940372
A_native,T0,24,7,5,0,0.15457678336726344
A_native,T0,24,8,7,0,0.12741697108355454
A_native,T0,24,9,7,0,0.17570571460750448
B_fixed_G0,T0,24,0,5,1,0.07033964908992926
B_fixed_G0,T0,24,1,7,0,0.1388441866917934
B_fixed_G0,T0,24,2,5,1,0.08636241672939912
B_fixed_G0,T0,24,3,7,0,0.20346219319962158
B_fixed_G0,T0,24,4,5,1,0.06345201066472853
B_fixed_G0,T0,24,5,0,1,0.03358733074799738
B_fixed_G0,T0,24,6,0,1,0.10997887574532651
B_fixed_G0,T0,24,7,5,0,0.15457678336726344
B_fixed_G0,T0,24,8,7,0,0.12741697108355454
B_fixed_G0,T0,24,9,7,0,0.17570571460750448
A_native,G0-local,24,0,5,0,0.178500717802729
A_native,G0-local,24,1,7,0,0.19103922878445329
A_native,G0-local,24,2,5,0,0.1838007764159978
A_native,G0-local,24,3,7,0,0.2229289457018875
A_native,G0-local,24,4,5,0,0.17889699967367936
A_native,G0-local,24,5,0,0,0.09027056177963232
A_native,G0-local,24,6,0,0,0.1439656380883346
A_native,G0-local,24,7,5,0,0.20708902803727075
A_native,G0-local,24,8,7,0,0.14722714967570755
A_native,G0-local,24,9,7,0,0.1686196663880074
B_fixed_G0,G0-local,24,0,5,0,0.178500717802729
B_fixed_G0,G0-local,24,1,7,0,0.19103922878445329
B_fixed_G0,G0-local,24,2,5,0,0.1838007764159978
B_fixed_G0,G0-local,24,3,7,0,0.2229289457018875
B_fixed_G0,G0-local,24,4,5,0,0.17889699967367936
B_fixed_G0,G0-local,24,5,0,0,0.09027056177963232
B_fixed_G0,G0-local,24,6,0,0,0.1439656380883346
B_fixed_G0,G0-local,24,7,5,0,0.20708902803727075
B_fixed_G0,G0-local,24,8,7,0,0.14722714967570755
B_fixed_G0,G0-local,24,9,7,0,0.1686196663880074
A_native,G1-shared,24,0,7,1,0.1340022277015337
A_native,G1-shared,24,1,7,0,0.13724811172660314
A_native,G1-shared,24,2,2,1,0.08966392509203785
A_native,G1-shared,24,3,2,1,0.11034533275398677
A_native,G1-shared,24,4,7,1,0.146018426247024
A_native,G1-shared,24,5,7,1,0.11305364337269351
A_native,G1-shared,24,6,7,1,0.12560131024952845
A_native,G1-shared,24,7,5,0,0.071819856778612
A_native,G1-shared,24,8,7,0,0.11341908016067105
A_native,G1-shared,24,9,5,1,0.1416482562601553
B_fixed_G0,G1-shared,24,0,5,1,0.11668605991633547
B_fixed_G0,G1-shared,24,1,7,0,0.13724811172660314
B_fixed_G0,G1-shared,24,2,5,1,0.07355735914487975
B_fixed_G0,G1-shared,24,3,7,1,0.08054905595023745
B_fixed_G0,G1-shared,24,4,5,1,0.11301281331097962
B_fixed_G0,G1-shared,24,5,0,1,0.06389222893782058
B_fixed_G0,G1-shared,24,6,0,1,0.08208022242112145
B_fixed_G0,G1-shared,24,7,5,0,0.071819856778612
B_fixed_G0,G1-shared,24,8,7,0,0.11341908016067105
B_fixed_G0,G1-shared,24,9,7,1,0.11030604475456984
A_native,T0,25,0,3,1,0.13785544198780822
A_native,T0,25,1,4,1,0.08701234596799338
A_native,T0,25,2,4,1,0.17669609753892448
A_native,T0,25,3,4,1,0.18383265453062184
A_native,T0,25,4,1,1,0.09835043846945758
A_native,T0,25,5,4,1,0.16029577478485493
A_native,T0,25,6,4,1,0.11913172982524625
A_native,T0,25,7,4,1,0.2031217162589631
A_native,T0,25,8,4,1,0.1184554944138622
A_native,T0,25,9,4,0,0.18253444157934243
B_fixed_G0,T0,25,0,2,1,0.11291432531830195
B_fixed_G0,T0,25,1,3,1,0.08582476878903351
B_fixed_G0,T0,25,2,2,1,0.13720099304774613
B_fixed_G0,T0,25,3,2,1,0.12794338320359128
B_fixed_G0,T0,25,4,3,1,0.04616098147670522
B_fixed_G0,T0,25,5,2,1,0.09129792549055683
B_fixed_G0,T0,25,6,2,1,0.08725761934122298
B_fixed_G0,T0,25,7,2,1,0.11520852346061547
B_fixed_G0,T0,25,8,2,1,0.10659321782520148
B_fixed_G0,T0,25,9,4,0,0.18253444157934243
A_native,G0-local,25,0,2,0,0.15273117350651394
A_native,G0-local,25,1,3,0,0.06782600680903954
A_native,G0-local,25,2,2,0,0.1583628764109773
A_native,G0-local,25,3,2,0,0.17855491276047497
A_native,G0-local,25,4,3,0,0.10824558382943567
A_native,G0-local,25,5,2,0,0.1825300787454762
A_native,G0-local,25,6,2,0,0.16326925324109048
A_native,G0-local,25,7,2,0,0.18288526862984011
A_native,G0-local,25,8,2,0,0.16050037876992232
A_native,G0-local,25,9,4,0,0.15799457193088526
B_fixed_G0,G0-local,25,0,2,0,0.15273117350651394
B_fixed_G0,G0-local,25,1,3,0,0.06782600680903954
B_fixed_G0,G0-local,25,2,2,0,0.1583628764109773
B_fixed_G0,G0-local,25,3,2,0,0.17855491276047497
B_fixed_G0,G0-local,25,4,3,0,0.10824558382943567
B_fixed_G0,G0-local,25,5,2,0,0.1825300787454762
B_fixed_G0,G0-local,25,6,2,0,0.16326925324109048
B_fixed_G0,G0-local,25,7,2,0,0.18288526862984011
B_fixed_G0,G0-local,25,8,2,0,0.16050037876992232
B_fixed_G0,G0-local,25,9,4,0,0.15799457193088526
A_native,G1-shared,25,0,2,0,0.13797516309255242
A_native,G1-shared,25,1,3,0,0.11091291804521104
A_native,G1-shared,25,2,4,1,0.15627269307047897
A_native,G1-shared,25,3,4,1,0.030420286042901142
A_native,G1-shared,25,4,2,1,0.07653350026342026
A_native,G1-shared,25,5,4,1,0.12811357168550389
A_native,G1-shared,25,6,4,1,0.10019060839132568
A_native,G1-shared,25,7,2,0,0.14380849233875945
A_native,G1-shared,25,8,4,1,0.16012575791435682
A_native,G1-shared,25,9,4,0,0.12086930086770044
B_fixed_G0,G1-shared,25,0,2,0,0.13797516309255242
B_fixed_G0,G1-shared,25,1,3,0,0.11091291804521104
B_fixed_G0,G1-shared,25,2,2,1,0.11693855617416515
B_fixed_G0,G1-shared,25,3,2,1,0.018183881269583806
B_fixed_G0,G1-shared,25,4,3,1,0.05371031207646262
B_fixed_G0,G1-shared,25,5,2,1,0.11570375530948171
B_fixed_G0,G1-shared,25,6,2,1,0.07724417592630883
B_fixed_G0,G1-shared,25,7,2,0,0.14380849233875945
B_fixed_G0,G1-shared,25,8,2,1,0.12309517402595882
B_fixed_G0,G1-shared,25,9,4,0,0.12086930086770044
A_native,T0,26,0,5,1,0.05181396569299967
A_native,T0,26,1,5,1,0.14263629133732925
A_native,T0,26,2,0,0,0.148696957955828
A_native,T0,26,3,0,0,0.11409592961342321
A_native,T0,26,4,9,1,0.11947374166937971
A_native,T0,26,5,9,0,0.10093238434420516
A_native,T0,26,6,9,0,0.10246972334118784
A_native,T0,26,7,9,1,0.0703544457270155
A_native,T0,26,8,5,0,0.10546960731839622
A_native,T0,26,9,0,1,0.08685805190421365
B_fixed_G0,T0,26,0,2,1,-0.011563813322038461
B_fixed_G0,T0,26,1,0,1,0.09774359561713951
B_fixed_G0,T0,26,2,0,0,0.148696957955828
B_fixed_G0,T0,26,3,0,0,0.11409592961342321
B_fixed_G0,T0,26,4,0,1,0.09969321777765902
B_fixed_G0,T0,26,5,9,0,0.10093238434420516
B_fixed_G0,T0,26,6,9,0,0.10246972334118784
B_fixed_G0,T0,26,7,0,1,0.037336049841497805
B_fixed_G0,T0,26,8,5,0,0.10546960731839622
B_fixed_G0,T0,26,9,9,1,0.07736237522040307
A_native,G0-local,26,0,2,0,0.06031586516655756
A_native,G0-local,26,1,0,0,0.13973204641623757
A_native,G0-local,26,2,0,0,0.19174894436686785
A_native,G0-local,26,3,0,0,0.14406636823095398
A_native,G0-local,26,4,0,0,0.17737482949607902
A_native,G0-local,26,5,9,0,0.1254397425111219
A_native,G0-local,26,6,9,0,0.13548450423792002
A_native,G0-local,26,7,0,0,0.08718241619217448
A_native,G0-local,26,8,5,0,0.15324458221307982
A_native,G0-local,26,9,9,0,0.10686255247551861
B_fixed_G0,G0-local,26,0,2,0,0.06031586516655756
B_fixed_G0,G0-local,26,1,0,0,0.13973204641623757
B_fixed_G0,G0-local,26,2,0,0,0.19174894436686785
B_fixed_G0,G0-local,26,3,0,0,0.14406636823095398
B_fixed_G0,G0-local,26,4,0,0,0.17737482949607902
B_fixed_G0,G0-local,26,5,9,0,0.1254397425111219
B_fixed_G0,G0-local,26,6,9,0,0.13548450423792002
B_fixed_G0,G0-local,26,7,0,0,0.08718241619217448
B_fixed_G0,G0-local,26,8,5,0,0.15324458221307982
B_fixed_G0,G0-local,26,9,9,0,0.10686255247551861
A_native,G1-shared,26,0,5,1,0.06630408172142067
A_native,G1-shared,26,1,0,0,0.09650524148955184
A_native,G1-shared,26,2,0,0,0.09475977820374867
A_native,G1-shared,26,3,9,1,0.05091389450506316
A_native,G1-shared,26,4,1,1,0.0693819097916313
A_native,G1-shared,26,5,5,1,0.07944331290332932
A_native,G1-shared,26,6,9,0,0.06693089750069704
A_native,G1-shared,26,7,0,0,0.09891876753534413
A_native,G1-shared,26,8,9,1,0.10775509021732382
A_native,G1-shared,26,9,9,0,0.07730802544945176
B_fixed_G0,G1-shared,26,0,2,1,-0.000767722757139884
B_fixed_G0,G1-shared,26,1,0,0,0.09650524148955184
B_fixed_G0,G1-shared,26,2,0,0,0.09475977820374867
B_fixed_G0,G1-shared,26,3,0,1,0.04989568984131036
B_fixed_G0,G1-shared,26,4,0,1,0.037561667614689244
B_fixed_G0,G1-shared,26,5,9,1,0.07717633342198248
B_fixed_G0,G1-shared,26,6,9,0,0.06693089750069704
B_fixed_G0,G1-shared,26,7,0,0,0.09891876753534413
B_fixed_G0,G1-shared,26,8,5,1,0.0804576524227066
B_fixed_G0,G1-shared,26,9,9,0,0.07730802544945176
A_native,T0,27,0,6,0,0.10870505002050988
A_native,T0,27,1,9,1,0.07164811520102848
A_native,T0,27,2,6,0,0.08328539867357306
A_native,T0,27,3,8,0,0.11946724722396587
A_native,T0,27,4,6,0,0.08931476403094113
A_native,T0,27,5,6,0,0.10629881010759477
A_native,T0,27,6,5,1,0.07870389190326613
A_native,T0,27,7,8,1,0.06030526139409011
A_native,T0,27,8,6,0,0.08435476050223994
A_native,T0,27,9,8,1,0.12074952331394816
B_fixed_G0,T0,27,0,6,0,0.10870505002050988
B_fixed_G0,T0,27,1,6,1,0.059041450143946815
B_fixed_G0,T0,27,2,6,0,0.08328539867357306
B_fixed_G0,T0,27,3,8,0,0.11946724722396587
B_fixed_G0,T0,27,4,6,0,0.08931476403094113
B_fixed_G0,T0,27,5,6,0,0.10629881010759477
B_fixed_G0,T0,27,6,6,1,0.0714759425181709
B_fixed_G0,T0,27,7,6,1,0.045001140156344495
B_fixed_G0,T0,27,8,6,0,0.08435476050223994
B_fixed_G0,T0,27,9,4,1,0.07430450785688668
A_native,G0-local,27,0,6,0,0.12974706973107816
A_native,G0-local,27,1,6,0,0.13606702712103902
A_native,G0-local,27,2,6,0,0.16689124263074043
A_native,G0-local,27,3,8,0,0.09498823527399834
A_native,G0-local,27,4,6,0,0.13956448396303772
A_native,G0-local,27,5,6,0,0.12491409743301025
A_native,G0-local,27,6,6,0,0.12576666763812924
A_native,G0-local,27,7,6,0,0.11465721052987643
A_native,G0-local,27,8,6,0,0.1261821351351785
A_native,G0-local,27,9,4,0,0.11041058139909969
B_fixed_G0,G0-local,27,0,6,0,0.12974706973107816
B_fixed_G0,G0-local,27,1,6,0,0.13606702712103902
B_fixed_G0,G0-local,27,2,6,0,0.16689124263074043
B_fixed_G0,G0-local,27,3,8,0,0.09498823527399834
B_fixed_G0,G0-local,27,4,6,0,0.13956448396303772
B_fixed_G0,G0-local,27,5,6,0,0.12491409743301025
B_fixed_G0,G0-local,27,6,6,0,0.12576666763812924
B_fixed_G0,G0-local,27,7,6,0,0.11465721052987643
B_fixed_G0,G0-local,27,8,6,0,0.1261821351351785
B_fixed_G0,G0-local,27,9,4,0,0.11041058139909969
A_native,G1-shared,27,0,6,0,0.08549483843283447
A_native,G1-shared,27,1,6,0,0.08726135166166285
A_native,G1-shared,27,2,6,0,0.07020342750631228
A_native,G1-shared,27,3,6,1,0.03711427619756693
A_native,G1-shared,27,4,6,0,0.10258403669863808
A_native,G1-shared,27,5,6,0,0.15297770127055263
A_native,G1-shared,27,6,6,0,0.10065575486384279
A_native,G1-shared,27,7,6,0,0.07254428313550519
A_native,G1-shared,27,8,6,0,0.13650392989527213
A_native,G1-shared,27,9,6,1,0.09515135620196052
B_fixed_G0,G1-shared,27,0,6,0,0.08549483843283447
B_fixed_G0,G1-shared,27,1,6,0,0.08726135166166285
B_fixed_G0,G1-shared,27,2,6,0,0.07020342750631228
B_fixed_G0,G1-shared,27,3,8,1,0.021814500969415528
B_fixed_G0,G1-shared,27,4,6,0,0.10258403669863808
B_fixed_G0,G1-shared,27,5,6,0,0.15297770127055263
B_fixed_G0,G1-shared,27,6,6,0,0.10065575486384279
B_fixed_G0,G1-shared,27,7,6,0,0.07254428313550519
B_fixed_G0,G1-shared,27,8,6,0,0.13650392989527213
B_fixed_G0,G1-shared,27,9,4,1,0.05611017560552889
A_native,T0,28,0,6,0,0.19551519919178276
A_native,T0,28,1,5,1,0.15867474624874225
A_native,T0,28,2,6,0,0.0452970047068088
A_native,T0,28,3,6,1,0.04761811757295445
A_native,T0,28,4,4,0,0.06794505934413238
A_native,T0,28,5,4,1,0.09467754501567714
A_native,T0,28,6,6,1,0.1196876664725257
A_native,T0,28,7,5,0,0.19550212395531738
A_native,T0,28,8,5,0,0.15198281181044415
A_native,T0,28,9,3,1,0.04076392045716536
B_fixed_G0,T0,28,0,6,0,0.19551519919178276
B_fixed_G0,T0,28,1,6,1,0.12075650803535455
B_fixed_G0,T0,28,2,6,0,0.0452970047068088
B_fixed_G0,T0,28,3,4,1,0.01694107398428635
B_fixed_G0,T0,28,4,4,0,0.06794505934413238
B_fixed_G0,T0,28,5,6,1,0.057134111848589485
B_fixed_G0,T0,28,6,4,1,0.10178338931411605
B_fixed_G0,T0,28,7,5,0,0.19550212395531738
B_fixed_G0,T0,28,8,5,0,0.15198281181044415
B_fixed_G0,T0,28,9,5,1,0.012092091317010431
A_native,G0-local,28,0,6,0,0.21349801175583566
A_native,G0-local,28,1,6,0,0.13774397597058957
A_native,G0-local,28,2,6,0,0.07475093145530234
A_native,G0-local,28,3,4,0,0.08464059842639404
A_native,G0-local,28,4,4,0,0.12719418078804404
A_native,G0-local,28,5,6,0,0.11949123342580988
A_native,G0-local,28,6,4,0,0.15900743361923245
A_native,G0-local,28,7,5,0,0.1883883424295442
A_native,G0-local,28,8,5,0,0.1337714486217704
A_native,G0-local,28,9,5,0,0.10515855405483436
B_fixed_G0,G0-local,28,0,6,0,0.21349801175583566
B_fixed_G0,G0-local,28,1,6,0,0.13774397597058957
B_fixed_G0,G0-local,28,2,6,0,0.07475093145530234
B_fixed_G0,G0-local,28,3,4,0,0.08464059842639404
B_fixed_G0,G0-local,28,4,4,0,0.12719418078804404
B_fixed_G0,G0-local,28,5,6,0,0.11949123342580988
B_fixed_G0,G0-local,28,6,4,0,0.15900743361923245
B_fixed_G0,G0-local,28,7,5,0,0.1883883424295442
B_fixed_G0,G0-local,28,8,5,0,0.1337714486217704
B_fixed_G0,G0-local,28,9,5,0,0.10515855405483436
A_native,G1-shared,28,0,6,0,0.1749291264358616
A_native,G1-shared,28,1,6,0,0.12522467095749962
A_native,G1-shared,28,2,4,1,0.05881259727064106
A_native,G1-shared,28,3,6,1,0.049701024189317565
A_native,G1-shared,28,4,4,0,0.10045811951466091
A_native,G1-shared,28,5,4,1,0.11215211015328384
A_native,G1-shared,28,6,4,0,0.12770857176622366
A_native,G1-shared,28,7,5,0,0.21425678435772905
A_native,G1-shared,28,8,5,0,0.0561744633011737
A_native,G1-shared,28,9,4,1,0.04816898775781112
B_fixed_G0,G1-shared,28,0,6,0,0.1749291264358616
B_fixed_G0,G1-shared,28,1,6,0,0.12522467095749962
B_fixed_G0,G1-shared,28,2,6,1,0.04926362145164529
B_fixed_G0,G1-shared,28,3,4,1,0.045421661083930365
B_fixed_G0,G1-shared,28,4,4,0,0.10045811951466091
B_fixed_G0,G1-shared,28,5,6,1,0.09249385207783335
B_fixed_G0,G1-shared,28,6,4,0,0.12770857176622366
B_fixed_G0,G1-shared,28,7,5,0,0.21425678435772905
B_fixed_G0,G1-shared,28,8,5,0,0.0561744633011737
B_fixed_G0,G1-shared,28,9,5,1,-0.021471283043424324
A_native,T0,29,0,1,1,0.06570063715686578
A_native,T0,29,1,1,0,0.04374200534024817
A_native,T0,29,2,3,0,0.05268759431880622
A_native,T0,29,3,3,0,0.11479618183932955
A_native,T0,29,4,1,1,0.04886805180756158
A_native,T0,29,5,3,0,0.1055094921159454
A_native,T0,29,6,1,1,0.06403583187907178
A_native,T0,29,7,3,0,0.07260111407200809
A_native,T0,29,8,1,1,0.08053428562920553
A_native,T0,29,9,3,0,0.08635892400121271
B_fixed_G0,T0,29,0,3,1,-0.01054665100692667
B_fixed_G0,T0,29,1,1,0,0.04374200534024817
B_fixed_G0,T0,29,2,3,0,0.05268759431880622
B_fixed_G0,T0,29,3,3,0,0.11479618183932955
B_fixed_G0,T0,29,4,9,1,0.022943028890445902
B_fixed_G0,T0,29,5,3,0,0.1055094921159454
B_fixed_G0,T0,29,6,5,1,0.06224370461827808
B_fixed_G0,T0,29,7,3,0,0.07260111407200809
B_fixed_G0,T0,29,8,5,1,0.061919673967370734
B_fixed_G0,T0,29,9,3,0,0.08635892400121271
A_native,G0-local,29,0,3,0,0.06688672202645085
A_native,G0-local,29,1,1,0,0.08354036978820002
A_native,G0-local,29,2,3,0,0.0821682107163151
A_native,G0-local,29,3,3,0,0.14903639348297198
A_native,G0-local,29,4,9,0,0.047296416823399585
A_native,G0-local,29,5,3,0,0.1666944865425846
A_native,G0-local,29,6,5,0,0.11847155547390269
A_native,G0-local,29,7,3,0,0.15967246927876724
A_native,G0-local,29,8,5,0,0.1698429610430538
A_native,G0-local,29,9,3,0,0.1627979808046934
B_fixed_G0,G0-local,29,0,3,0,0.06688672202645085
B_fixed_G0,G0-local,29,1,1,0,0.08354036978820002
B_fixed_G0,G0-local,29,2,3,0,0.0821682107163151
B_fixed_G0,G0-local,29,3,3,0,0.14903639348297198
B_fixed_G0,G0-local,29,4,9,0,0.047296416823399585
B_fixed_G0,G0-local,29,5,3,0,0.1666944865425846
B_fixed_G0,G0-local,29,6,5,0,0.11847155547390269
B_fixed_G0,G0-local,29,7,3,0,0.15967246927876724
B_fixed_G0,G0-local,29,8,5,0,0.1698429610430538
B_fixed_G0,G0-local,29,9,3,0,0.1627979808046934
A_native,G1-shared,29,0,3,0,0.04561598215598531
A_native,G1-shared,29,1,1,0,0.12282527735376653
A_native,G1-shared,29,2,7,1,0.060066609925540755
A_native,G1-shared,29,3,3,0,0.03861164890188719
A_native,G1-shared,29,4,7,1,0.047317381605299476
A_native,G1-shared,29,5,3,0,0.07922121176315294
A_native,G1-shared,29,6,3,1,0.0765610315722721
A_native,G1-shared,29,7,3,0,0.15149453602033536
A_native,G1-shared,29,8,5,0,0.07182608016856054
A_native,G1-shared,29,9,7,1,0.0380101486365085
B_fixed_G0,G1-shared,29,0,3,0,0.04561598215598531
B_fixed_G0,G1-shared,29,1,1,0,0.12282527735376653
B_fixed_G0,G1-shared,29,2,3,1,0.021878588077681442
B_fixed_G0,G1-shared,29,3,3,0,0.03861164890188719
B_fixed_G0,G1-shared,29,4,9,1,-0.002471698423534593
B_fixed_G0,G1-shared,29,5,3,0,0.07922121176315294
B_fixed_G0,G1-shared,29,6,5,1,0.034976802909679326
B_fixed_G0,G1-shared,29,7,3,0,0.15149453602033536
B_fixed_G0,G1-shared,29,8,5,0,0.07182608016856054
B_fixed_G0,G1-shared,29,9,3,1,0.019074893481018526
A_native,T0,30,0,9,0,0.08416976925727583
A_native,T0,30,1,7,1,0.039351994928895816
A_native,T0,30,2,9,0,0.08770099658800955
A_native,T0,30,3,6,1,0.06355740278149828
A_native,T0,30,4,7,1,0.05342327672595043
A_native,T0,30,5,9,0,0.058291043802548154
A_native,T0,30,6,1,1,0.06641752856147047
A_native,T0,30,7,7,1,0.05492129669466484
A_native,T0,30,8,9,0,0.08388927515975712
A_native,T0,30,9,3,1,0.06470843446593476
B_fixed_G0,T0,30,0,9,0,0.08416976925727583
B_fixed_G0,T0,30,1,6,1,0.021501378844434295
B_fixed_G0,T0,30,2,9,0,0.08770099658800955
B_fixed_G0,T0,30,3,9,1,0.04306635305737958
B_fixed_G0,T0,30,4,9,1,0.038012212843959524
B_fixed_G0,T0,30,5,9,0,0.058291043802548154
B_fixed_G0,T0,30,6,9,1,0.017855528048684562
B_fixed_G0,T0,30,7,9,1,0.04685684356933777
B_fixed_G0,T0,30,8,9,0,0.08388927515975712
B_fixed_G0,T0,30,9,9,1,0.03575619512114103
A_native,G0-local,30,0,9,0,0.128824139078388
A_native,G0-local,30,1,6,0,0.10678191307779306
A_native,G0-local,30,2,9,0,0.1428273751229354
A_native,G0-local,30,3,9,0,0.16504236013043364
A_native,G0-local,30,4,9,0,0.13582545261421855
A_native,G0-local,30,5,9,0,0.12846613899929055
A_native,G0-local,30,6,9,0,0.09227037066776295
A_native,G0-local,30,7,9,0,0.11908199074003793
A_native,G0-local,30,8,9,0,0.12726574517211078
A_native,G0-local,30,9,9,0,0.15987126809290522
B_fixed_G0,G0-local,30,0,9,0,0.128824139078388
B_fixed_G0,G0-local,30,1,6,0,0.10678191307779306
B_fixed_G0,G0-local,30,2,9,0,0.1428273751229354
B_fixed_G0,G0-local,30,3,9,0,0.16504236013043364
B_fixed_G0,G0-local,30,4,9,0,0.13582545261421855
B_fixed_G0,G0-local,30,5,9,0,0.12846613899929055
B_fixed_G0,G0-local,30,6,9,0,0.09227037066776295
B_fixed_G0,G0-local,30,7,9,0,0.11908199074003793
B_fixed_G0,G0-local,30,8,9,0,0.12726574517211078
B_fixed_G0,G0-local,30,9,9,0,0.15987126809290522
A_native,G1-shared,30,0,6,1,0.0640098438109098
A_native,G1-shared,30,1,6,0,0.04974323546237988
A_native,G1-shared,30,2,8,1,0.03596341127465045
A_native,G1-shared,30,3,1,1,0.08086927439047184
A_native,G1-shared,30,4,7,1,0.04707505945807662
A_native,G1-shared,30,5,7,1,0.049701972695701306
A_native,G1-shared,30,6,3,1,0.03626997906137503
A_native,G1-shared,30,7,7,1,0.05259984262948523
A_native,G1-shared,30,8,6,1,0.05559082504500557
A_native,G1-shared,30,9,0,1,0.026399194317306893
B_fixed_G0,G1-shared,30,0,9,1,0.050153275055534595
B_fixed_G0,G1-shared,30,1,6,0,0.04974323546237988
B_fixed_G0,G1-shared,30,2,9,1,0.0008935982140039256
B_fixed_G0,G1-shared,30,3,9,1,0.03653996179822612
B_fixed_G0,G1-shared,30,4,9,1,0.04686963811615476
B_fixed_G0,G1-shared,30,5,9,1,0.019304233173486285
B_fixed_G0,G1-shared,30,6,9,1,0.03552970402938437
B_fixed_G0,G1-shared,30,7,9,1,0.006509330539397801
B_fixed_G0,G1-shared,30,8,9,1,0.000486604875664714
B_fixed_G0,G1-shared,30,9,9,1,0.016596515458574306
A_native,T0,31,0,9,1,0.037307323228033006
A_native,T0,31,1,7,0,0.0725962358400365
A_native,T0,31,2,4,0,0.12455211507059244
A_native,T0,31,3,9,1,0.073575110548254
A_native,T0,31,4,9,1,0.07657986761214317
A_native,T0,31,5,9,0,0.06578083845245188
A_native,T0,31,6,2,1,0.07617491789050292
A_native,T0,31,7,7,0,0.06335241267061381
A_native,T0,31,8,7,1,0.08459886572345234
A_native,T0,31,9,7,1,0.07245596712716754
B_fixed_G0,T0,31,0,7,1,0.035675257340221395
B_fixed_G0,T0,31,1,7,0,0.0725962358400365
B_fixed_G0,T0,31,2,4,0,0.12455211507059244
B_fixed_G0,T0,31,3,4,1,0.03155551396113513
B_fixed_G0,T0,31,4,7,1,0.07098903732036856
B_fixed_G0,T0,31,5,9,0,0.06578083845245188
B_fixed_G0,T0,31,6,9,1,0.04410085710993246
B_fixed_G0,T0,31,7,7,0,0.06335241267061381
B_fixed_G0,T0,31,8,5,1,0.0716582158072918
B_fixed_G0,T0,31,9,4,1,0.027647744145651184
A_native,G0-local,31,0,7,0,0.06554838702273198
A_native,G0-local,31,1,7,0,0.10760088982256909
A_native,G0-local,31,2,4,0,0.12162745820093036
A_native,G0-local,31,3,4,0,0.07697723594546732
A_native,G0-local,31,4,7,0,0.10349379187991861
A_native,G0-local,31,5,9,0,0.09769651750106113
A_native,G0-local,31,6,9,0,0.1029975722986436
A_native,G0-local,31,7,7,0,0.09261232109595122
A_native,G0-local,31,8,5,0,0.06770652385840802
A_native,G0-local,31,9,4,0,0.06818103304924585
B_fixed_G0,G0-local,31,0,7,0,0.06554838702273198
B_fixed_G0,G0-local,31,1,7,0,0.10760088982256909
B_fixed_G0,G0-local,31,2,4,0,0.12162745820093036
B_fixed_G0,G0-local,31,3,4,0,0.07697723594546732
B_fixed_G0,G0-local,31,4,7,0,0.10349379187991861
B_fixed_G0,G0-local,31,5,9,0,0.09769651750106113
B_fixed_G0,G0-local,31,6,9,0,0.1029975722986436
B_fixed_G0,G0-local,31,7,7,0,0.09261232109595122
B_fixed_G0,G0-local,31,8,5,0,0.06770652385840802
B_fixed_G0,G0-local,31,9,4,0,0.06818103304924585
A_native,G1-shared,31,0,6,1,0.039660177978380146
A_native,G1-shared,31,1,7,0,0.05513976442240855
A_native,G1-shared,31,2,4,0,0.06138170978370058
A_native,G1-shared,31,3,5,1,0.07093182027739531
A_native,G1-shared,31,4,9,1,0.06197176550696745
A_native,G1-shared,31,5,9,0,0.06086598497982822
A_native,G1-shared,31,6,9,0,0.04897597318470485
A_native,G1-shared,31,7,6,1,0.05291969196855345
A_native,G1-shared,31,8,7,1,0.0420638136976033
A_native,G1-shared,31,9,9,1,0.08000805069524036
B_fixed_G0,G1-shared,31,0,7,1,0.02971639690190976
B_fixed_G0,G1-shared,31,1,7,0,0.05513976442240855
B_fixed_G0,G1-shared,31,2,4,0,0.06138170978370058
B_fixed_G0,G1-shared,31,3,4,1,0.03208444239701958
B_fixed_G0,G1-shared,31,4,7,1,0.05145250001952793
B_fixed_G0,G1-shared,31,5,9,0,0.06086598497982822
B_fixed_G0,G1-shared,31,6,9,0,0.04897597318470485
B_fixed_G0,G1-shared,31,7,7,1,0.04382896267786886
B_fixed_G0,G1-shared,31,8,5,1,-0.005914839710341599
B_fixed_G0,G1-shared,31,9,4,1,0.02029787993257941
A_native,T0,32,0,9,0,0.09825812056784244
A_native,T0,32,1,1,1,0.09544918433875411
A_native,T0,32,2,4,1,0.12315364519074123
A_native,T0,32,3,3,1,0.07056825822968478
A_native,T0,32,4,1,1,0.1145472173494186
A_native,T0,32,5,4,1,0.1310681978871517
A_native,T0,32,6,1,1,0.10110945984936848
A_native,T0,32,7,1,1,0.09347345815911089
A_native,T0,32,8,4,1,0.1509111689776668
A_native,T0,32,9,4,1,0.08493171061924913
B_fixed_G0,T0,32,0,9,0,0.09825812056784244
B_fixed_G0,T0,32,1,9,1,0.055309536039431915
B_fixed_G0,T0,32,2,2,1,0.033669711604988946
B_fixed_G0,T0,32,3,9,1,0.06269686150480845
B_fixed_G0,T0,32,4,9,1,0.07746183197126331
B_fixed_G0,T0,32,5,9,1,0.03553692833817354
B_fixed_G0,T0,32,6,9,1,0.02562513565299667
B_fixed_G0,T0,32,7,9,1,0.02434364984789155
B_fixed_G0,T0,32,8,9,1,-0.013408766179999511
B_fixed_G0,T0,32,9,9,1,0.05396886498374955
A_native,G0-local,32,0,9,0,0.12717527471148352
A_native,G0-local,32,1,9,0,0.18231128393438897
A_native,G0-local,32,2,2,0,0.08788010152059365
A_native,G0-local,32,3,9,0,0.13775783192824365
A_native,G0-local,32,4,9,0,0.1547170253577139
A_native,G0-local,32,5,9,0,0.11735098404598973
A_native,G0-local,32,6,9,0,0.12254425906922459
A_native,G0-local,32,7,9,0,0.1409951962500348
A_native,G0-local,32,8,9,0,0.1195736422838997
A_native,G0-local,32,9,9,0,0.12447165070102502
B_fixed_G0,G0-local,32,0,9,0,0.12717527471148352
B_fixed_G0,G0-local,32,1,9,0,0.18231128393438897
B_fixed_G0,G0-local,32,2,2,0,0.08788010152059365
B_fixed_G0,G0-local,32,3,9,0,0.13775783192824365
B_fixed_G0,G0-local,32,4,9,0,0.1547170253577139
B_fixed_G0,G0-local,32,5,9,0,0.11735098404598973
B_fixed_G0,G0-local,32,6,9,0,0.12254425906922459
B_fixed_G0,G0-local,32,7,9,0,0.1409951962500348
B_fixed_G0,G0-local,32,8,9,0,0.1195736422838997
B_fixed_G0,G0-local,32,9,9,0,0.12447165070102502
A_native,G1-shared,32,0,9,0,0.112481288518625
A_native,G1-shared,32,1,9,0,0.1152335426905012
A_native,G1-shared,32,2,3,1,0.08566521801391817
A_native,G1-shared,32,3,9,0,0.07620171543962864
A_native,G1-shared,32,4,1,1,0.11352355153929634
A_native,G1-shared,32,5,4,1,0.07286477398511122
A_native,G1-shared,32,6,9,0,0.09036508890113688
A_native,G1-shared,32,7,2,1,0.10721322819404033
A_native,G1-shared,32,8,9,0,0.12240905028013781
A_native,G1-shared,32,9,5,1,0.10378417407923266
B_fixed_G0,G1-shared,32,0,9,0,0.112481288518625
B_fixed_G0,G1-shared,32,1,9,0,0.1152335426905012
B_fixed_G0,G1-shared,32,2,2,1,0.06718270293428504
B_fixed_G0,G1-shared,32,3,9,0,0.07620171543962864
B_fixed_G0,G1-shared,32,4,9,1,0.10563254846138091
B_fixed_G0,G1-shared,32,5,9,1,0.046214827836101445
B_fixed_G0,G1-shared,32,6,9,0,0.09036508890113688
B_fixed_G0,G1-shared,32,7,9,1,0.08535919570819556
B_fixed_G0,G1-shared,32,8,9,0,0.12240905028013781
B_fixed_G0,G1-shared,32,9,9,1,0.07049654930733283
A_native,T0,33,0,7,1,0.06574424548604842
A_native,T0,33,1,6,1,0.12580100372534037
A_native,T0,33,2,3,0,0.14257337020212377
A_native,T0,33,3,3,0,0.17237942510001697
A_native,T0,33,4,3,0,0.12145658444124877
A_native,T0,33,5,3,0,0.1575261725566669
A_native,T0,33,6,7,1,0.11473950481743224
A_native,T0,33,7,1,1,0.06379790151808191
A_native,T0,33,8,3,0,0.1940737767325613
A_native,T0,33,9,1,1,0.03548904177282077
B_fixed_G0,T0,33,0,3,1,0.04466314953214711
B_fixed_G0,T0,33,1,3,1,0.11071721899287854
B_fixed_G0,T0,33,2,3,0,0.14257337020212377
B_fixed_G0,T0,33,3,3,0,0.17237942510001697
B_fixed_G0,T0,33,4,3,0,0.12145658444124877
B_fixed_G0,T0,33,5,3,0,0.1575261725566669
B_fixed_G0,T0,33,6,3,1,0.08592362442614024
B_fixed_G0,T0,33,7,3,1,0.033898309141178105
B_fixed_G0,T0,33,8,3,0,0.1940737767325613
B_fixed_G0,T0,33,9,3,1,0.02962495356668225
A_native,G0-local,33,0,3,0,0.13819059102437165
A_native,G0-local,33,1,3,0,0.26240006711891417
A_native,G0-local,33,2,3,0,0.2436125917490733
A_native,G0-local,33,3,3,0,0.2746569984782883
A_native,G0-local,33,4,3,0,0.27332254059333166
A_native,G0-local,33,5,3,0,0.2505068054632561
A_native,G0-local,33,6,3,0,0.26404986958555005
A_native,G0-local,33,7,3,0,0.16055507319646622
A_native,G0-local,33,8,3,0,0.30276761094263765
A_native,G0-local,33,9,3,0,0.11309633875612755
B_fixed_G0,G0-local,33,0,3,0,0.13819059102437165
B_fixed_G0,G0-local,33,1,3,0,0.26240006711891417
B_fixed_G0,G0-local,33,2,3,0,0.2436125917490733
B_fixed_G0,G0-local,33,3,3,0,0.2746569984782883
B_fixed_G0,G0-local,33,4,3,0,0.27332254059333166
B_fixed_G0,G0-local,33,5,3,0,0.2505068054632561
B_fixed_G0,G0-local,33,6,3,0,0.26404986958555005
B_fixed_G0,G0-local,33,7,3,0,0.16055507319646622
B_fixed_G0,G0-local,33,8,3,0,0.30276761094263765
B_fixed_G0,G0-local,33,9,3,0,0.11309633875612755
A_native,G1-shared,33,0,3,0,0.08400615243434639
A_native,G1-shared,33,1,3,0,0.1545857815676199
A_native,G1-shared,33,2,3,0,0.20131218350161395
A_native,G1-shared,33,3,3,0,0.14495274417346754
A_native,G1-shared,33,4,4,1,0.08895863256121128
A_native,G1-shared,33,5,3,0,0.15975961877029532
A_native,G1-shared,33,6,1,1,0.11167046073948095
A_native,G1-shared,33,7,8,1,0.059816484140748215
A_native,G1-shared,33,8,6,1,0.10994834010919088
A_native,G1-shared,33,9,1,1,0.08954773426512139
B_fixed_G0,G1-shared,33,0,3,0,0.08400615243434639
B_fixed_G0,G1-shared,33,1,3,0,0.1545857815676199
B_fixed_G0,G1-shared,33,2,3,0,0.20131218350161395
B_fixed_G0,G1-shared,33,3,3,0,0.14495274417346754
B_fixed_G0,G1-shared,33,4,3,1,0.07352677460802273
B_fixed_G0,G1-shared,33,5,3,0,0.15975961877029532
B_fixed_G0,G1-shared,33,6,3,1,0.08740994082888454
B_fixed_G0,G1-shared,33,7,3,1,0.0534267454429874
B_fixed_G0,G1-shared,33,8,3,1,0.07903655092517631
B_fixed_G0,G1-shared,33,9,3,1,0.07023006378449548
A_native,T0,34,0,3,0,0.1441590969150311
A_native,T0,34,1,0,0,0.13606477787367705
A_native,T0,34,2,0,0,0.1772112940431964
A_native,T0,34,3,3,0,0.14362923412797352
A_native,T0,34,4,3,0,0.1383385319632615
A_native,T0,34,5,0,1,0.10766315140807167
A_native,T0,34,6,0,1,0.0841713854616096
A_native,T0,34,7,5,1,0.1296943430535425
A_native,T0,34,8,3,0,0.14569831290870291
A_native,T0,34,9,0,0,0.08152906052424637
B_fixed_G0,T0,34,0,3,0,0.1441590969150311
B_fixed_G0,T0,34,1,0,0,0.13606477787367705
B_fixed_G0,T0,34,2,0,0,0.1772112940431964
B_fixed_G0,T0,34,3,3,0,0.14362923412797352
B_fixed_G0,T0,34,4,3,0,0.1383385319632615
B_fixed_G0,T0,34,5,3,1,0.08470241251855867
B_fixed_G0,T0,34,6,4,1,0.05042023433600593
B_fixed_G0,T0,34,7,0,1,0.07466804985972905
B_fixed_G0,T0,34,8,3,0,0.14569831290870291
B_fixed_G0,T0,34,9,0,0,0.08152906052424637
A_native,G0-local,34,0,3,0,0.072043736148449
A_native,G0-local,34,1,0,0,0.09854114250404496
A_native,G0-local,34,2,0,0,0.18183141707292408
A_native,G0-local,34,3,3,0,0.16844443020503608
A_native,G0-local,34,4,3,0,0.12588283407857082
A_native,G0-local,34,5,3,0,0.09389395097069807
A_native,G0-local,34,6,4,0,0.055364212157417124
A_native,G0-local,34,7,0,0,0.11299802456723813
A_native,G0-local,34,8,3,0,0.15851735006488274
A_native,G0-local,34,9,0,0,0.13582899955284133
B_fixed_G0,G0-local,34,0,3,0,0.072043736148449
B_fixed_G0,G0-local,34,1,0,0,0.09854114250404496
B_fixed_G0,G0-local,34,2,0,0,0.18183141707292408
B_fixed_G0,G0-local,34,3,3,0,0.16844443020503608
B_fixed_G0,G0-local,34,4,3,0,0.12588283407857082
B_fixed_G0,G0-local,34,5,3,0,0.09389395097069807
B_fixed_G0,G0-local,34,6,4,0,0.055364212157417124
B_fixed_G0,G0-local,34,7,0,0,0.11299802456723813
B_fixed_G0,G0-local,34,8,3,0,0.15851735006488274
B_fixed_G0,G0-local,34,9,0,0,0.13582899955284133
A_native,G1-shared,34,0,9,1,0.08131630078580887
A_native,G1-shared,34,1,3,1,0.09063531531660972
A_native,G1-shared,34,2,0,0,0.1210576539257835
A_native,G1-shared,34,3,3,0,0.12518298210760878
A_native,G1-shared,34,4,3,0,0.15892838228901218
A_native,G1-shared,34,5,0,1,0.06860350966024807
A_native,G1-shared,34,6,5,1,0.0761695112079617
A_native,G1-shared,34,7,3,1,0.10742158118939935
A_native,G1-shared,34,8,3,0,0.13123673670291747
A_native,G1-shared,34,9,3,1,0.09517004899417617
B_fixed_G0,G1-shared,34,0,3,1,0.06238022613434284
B_fixed_G0,G1-shared,34,1,0,1,0.07993455050649141
B_fixed_G0,G1-shared,34,2,0,0,0.1210576539257835
B_fixed_G0,G1-shared,34,3,3,0,0.12518298210760878
B_fixed_G0,G1-shared,34,4,3,0,0.15892838228901218
B_fixed_G0,G1-shared,34,5,3,1,0.053704006914905185
B_fixed_G0,G1-shared,34,6,4,1,0.028171253541104876
B_fixed_G0,G1-shared,34,7,0,1,0.05878234162275798
B_fixed_G0,G1-shared,34,8,3,0,0.13123673670291747
B_fixed_G0,G1-shared,34,9,0,1,0.07639199461727415
A_native,T0,35,0,4,0,0.13448394159879806
A_native,T0,35,1,0,0,0.10615312023821366
A_native,T0,35,2,5,1,0.13643710888369492
A_native,T0,35,3,5,1,0.07121727860421453
A_native,T0,35,4,7,1,0.09214060929356835
A_native,T0,35,5,2,1,0.11757213200031481
A_native,T0,35,6,4,0,0.2088456006985967
A_native,T0,35,7,5,1,0.09720205867753039
A_native,T0,35,8,4,1,0.1234480499583757
A_native,T0,35,9,5,1,0.11471934163429393
B_fixed_G0,T0,35,0,4,0,0.13448394159879806
B_fixed_G0,T0,35,1,0,0,0.10615312023821366
B_fixed_G0,T0,35,2,4,1,0.11794789284680945
B_fixed_G0,T0,35,3,7,1,0.03859781521829318
B_fixed_G0,T0,35,4,0,1,0.08259536979139194
B_fixed_G0,T0,35,5,4,1,0.09946773032235233
B_fixed_G0,T0,35,6,4,0,0.2088456006985967
B_fixed_G0,T0,35,7,0,1,0.09478193907016692
B_fixed_G0,T0,35,8,0,1,0.10255541793016343
B_fixed_G0,T0,35,9,0,1,0.0862197847845708
A_native,G0-local,35,0,4,0,0.13397433752573457
A_native,G0-local,35,1,0,0,0.11244163459395194
A_native,G0-local,35,2,4,0,0.13271430730960943
A_native,G0-local,35,3,7,0,0.1316302779660954
A_native,G0-local,35,4,0,0,0.12168725779487746
A_native,G0-local,35,5,4,0,0.17220344447906663
A_native,G0-local,35,6,4,0,0.1790531944412319
A_native,G0-local,35,7,0,0,0.12123452335836117
A_native,G0-local,35,8,0,0,0.12827573819446564
A_native,G0-local,35,9,0,0,0.121115229073216
B_fixed_G0,G0-local,35,0,4,0,0.13397433752573457
B_fixed_G0,G0-local,35,1,0,0,0.11244163459395194
B_fixed_G0,G0-local,35,2,4,0,0.13271430730960943
B_fixed_G0,G0-local,35,3,7,0,0.1316302779660954
B_fixed_G0,G0-local,35,4,0,0,0.12168725779487746
B_fixed_G0,G0-local,35,5,4,0,0.17220344447906663
B_fixed_G0,G0-local,35,6,4,0,0.1790531944412319
B_fixed_G0,G0-local,35,7,0,0,0.12123452335836117
B_fixed_G0,G0-local,35,8,0,0,0.12827573819446564
B_fixed_G0,G0-local,35,9,0,0,0.121115229073216
A_native,G1-shared,35,0,0,1,0.10712810991256654
A_native,G1-shared,35,1,4,1,0.11013139117688567
A_native,G1-shared,35,2,5,1,0.14707562170275026
A_native,G1-shared,35,3,5,1,0.11289890400845425
A_native,G1-shared,35,4,0,0,0.1197530488218764
A_native,G1-shared,35,5,4,0,0.1307517967630123
A_native,G1-shared,35,6,5,1,0.10352587612165048
A_native,G1-shared,35,7,5,1,0.10786557031078652
A_native,G1-shared,35,8,7,1,0.01862831563421343
A_native,G1-shared,35,9,5,1,0.12314050555912949
B_fixed_G0,G1-shared,35,0,4,1,0.08641265960921583
B_fixed_G0,G1-shared,35,1,0,1,0.10731500674467202
B_fixed_G0,G1-shared,35,2,4,1,0.10575509079716915
B_fixed_G0,G1-shared,35,3,7,1,0.06473394188915228
B_fixed_G0,G1-shared,35,4,0,0,0.1197530488218764
B_fixed_G0,G1-shared,35,5,4,0,0.1307517967630123
B_fixed_G0,G1-shared,35,6,4,1,0.08283781633665244
B_fixed_G0,G1-shared,35,7,0,1,0.08946643538268426
B_fixed_G0,G1-shared,35,8,0,1,0.004855354118481985
B_fixed_G0,G1-shared,35,9,0,1,0.10539068416693594
A_native,T0,36,0,4,0,0.21636752557143132
A_native,T0,36,1,3,1,0.08577395009161044
A_native,T0,36,2,4,0,0.14860224157832946
A_native,T0,36,3,4,1,0.12918115829395885
A_native,T0,36,4,4,0,0.1568635156818261
A_native,T0,36,5,4,1,0.22709835806183976
A_native,T0,36,6,4,1,0.17028723187104816
A_native,T0,36,7,4,0,0.1646250729750461
A_native,T0,36,8,1,1,0.10006273548666357
A_native,T0,36,9,4,0,0.13479391404079297
B_fixed_G0,T0,36,0,4,0,0.21636752557143132
B_fixed_G0,T0,36,1,7,1,-0.014191266397532605
B_fixed_G0,T0,36,2,4,0,0.14860224157832946
B_fixed_G0,T0,36,3,7,1,0.10164534568709925
B_fixed_G0,T0,36,4,4,0,0.1568635156818261
B_fixed_G0,T0,36,5,7,1,0.1757075535142151
B_fixed_G0,T0,36,6,7,1,0.10631854816114629
B_fixed_G0,T0,36,7,4,0,0.1646250729750461
B_fixed_G0,T0,36,8,4,1,0.09309667356756289
B_fixed_G0,T0,36,9,4,0,0.13479391404079297
A_native,G0-local,36,0,4,0,0.24509459761143762
A_native,G0-local,36,1,7,0,0.20168583608198407
A_native,G0-local,36,2,4,0,0.17402277787474468
A_native,G0-local,36,3,7,0,0.17810930942605602
A_native,G0-local,36,4,4,0,0.17237093008956456
A_native,G0-local,36,5,7,0,0.2624996327998454
A_native,G0-local,36,6,7,0,0.2273032934497272
A_native,G0-local,36,7,4,0,0.273512051652516
A_native,G0-local,36,8,4,0,0.18873457598761914
A_native,G0-local,36,9,4,0,0.2151735991766628
B_fixed_G0,G0-local,36,0,4,0,0.24509459761143762
B_fixed_G0,G0-local,36,1,7,0,0.20168583608198407
B_fixed_G0,G0-local,36,2,4,0,0.17402277787474468
B_fixed_G0,G0-local,36,3,7,0,0.17810930942605602
B_fixed_G0,G0-local,36,4,4,0,0.17237093008956456
B_fixed_G0,G0-local,36,5,7,0,0.2624996327998454
B_fixed_G0,G0-local,36,6,7,0,0.2273032934497272
B_fixed_G0,G0-local,36,7,4,0,0.273512051652516
B_fixed_G0,G0-local,36,8,4,0,0.18873457598761914
B_fixed_G0,G0-local,36,9,4,0,0.2151735991766628
A_native,G1-shared,36,0,4,0,0.24062483372791588
A_native,G1-shared,36,1,4,1,0.1586207546770041
A_native,G1-shared,36,2,4,0,0.2239134541769731
A_native,G1-shared,36,3,4,1,0.13542543279232652
A_native,G1-shared,36,4,7,1,0.15204798672482225
A_native,G1-shared,36,5,4,1,0.22244466113123249
A_native,G1-shared,36,6,1,1,0.1271652048854544
A_native,G1-shared,36,7,4,0,0.23595358311951092
A_native,G1-shared,36,8,7,1,0.16215885323984527
A_native,G1-shared,36,9,4,0,0.1575578643574542
B_fixed_G0,G1-shared,36,0,4,0,0.24062483372791588
B_fixed_G0,G1-shared,36,1,7,1,0.14535049520856838
B_fixed_G0,G1-shared,36,2,4,0,0.2239134541769731
B_fixed_G0,G1-shared,36,3,7,1,0.062281347124269575
B_fixed_G0,G1-shared,36,4,4,1,0.1497473070013208
B_fixed_G0,G1-shared,36,5,7,1,0.22114345847876377
B_fixed_G0,G1-shared,36,6,7,1,0.08834431512295207
B_fixed_G0,G1-shared,36,7,4,0,0.23595358311951092
B_fixed_G0,G1-shared,36,8,4,1,0.13088416532526748
B_fixed_G0,G1-shared,36,9,4,0,0.1575578643574542
A_native,T0,37,0,2,0,0.1075758707299325
A_native,T0,37,1,2,0,0.10617806621665571
A_native,T0,37,2,1,1,0.12505949627068638
A_native,T0,37,3,2,0,0.1192727658456257
A_native,T0,37,4,2,0,0.14975803439344884
A_native,T0,37,5,2,0,0.08709237660456053
A_native,T0,37,6,2,0,0.1910972223663525
A_native,T0,37,7,1,1,0.10356459365367812
A_native,T0,37,8,6,1,0.12865093393651783
A_native,T0,37,9,6,0,0.1295444456641969
B_fixed_G0,T0,37,0,2,0,0.1075758707299325
B_fixed_G0,T0,37,1,2,0,0.10617806621665571
B_fixed_G0,T0,37,2,2,1,0.02271797207450474
B_fixed_G0,T0,37,3,2,0,0.1192727658456257
B_fixed_G0,T0,37,4,2,0,0.14975803439344884
B_fixed_G0,T0,37,5,2,0,0.08709237660456053
B_fixed_G0,T0,37,6,2,0,0.1910972223663525
B_fixed_G0,T0,37,7,5,1,0.05456976093789769
B_fixed_G0,T0,37,8,2,1,0.1199746455783057
B_fixed_G0,T0,37,9,6,0,0.1295444456641969
A_native,G0-local,37,0,2,0,0.11646335315936157
A_native,G0-local,37,1,2,0,0.11922272001515
A_native,G0-local,37,2,2,0,0.06850077544804695
A_native,G0-local,37,3,2,0,0.12849851949744662
A_native,G0-local,37,4,2,0,0.12146044018825958
A_native,G0-local,37,5,2,0,0.12055457421394403
A_native,G0-local,37,6,2,0,0.17360387555978682
A_native,G0-local,37,7,5,0,0.10353179366174478
A_native,G0-local,37,8,2,0,0.1294490441217604
A_native,G0-local,37,9,6,0,0.13335620634543793
B_fixed_G0,G0-local,37,0,2,0,0.11646335315936157
B_fixed_G0,G0-local,37,1,2,0,0.11922272001515
B_fixed_G0,G0-local,37,2,2,0,0.06850077544804695
B_fixed_G0,G0-local,37,3,2,0,0.12849851949744662
B_fixed_G0,G0-local,37,4,2,0,0.12146044018825958
B_fixed_G0,G0-local,37,5,2,0,0.12055457421394403
B_fixed_G0,G0-local,37,6,2,0,0.17360387555978682
B_fixed_G0,G0-local,37,7,5,0,0.10353179366174478
B_fixed_G0,G0-local,37,8,2,0,0.1294490441217604
B_fixed_G0,G0-local,37,9,6,0,0.13335620634543793
A_native,G1-shared,37,0,2,0,0.1789957628395198
A_native,G1-shared,37,1,2,0,0.12115298947430059
A_native,G1-shared,37,2,2,0,0.08091358688433054
A_native,G1-shared,37,3,2,0,0.12401780513973598
A_native,G1-shared,37,4,2,0,0.14828669339398068
A_native,G1-shared,37,5,2,0,0.11209209933183578
A_native,G1-shared,37,6,2,0,0.18199267464011473
A_native,G1-shared,37,7,2,1,0.09290501690423644
A_native,G1-shared,37,8,2,0,0.11752500170466529
A_native,G1-shared,37,9,2,1,0.15014479972324313
B_fixed_G0,G1-shared,37,0,2,0,0.1789957628395198
B_fixed_G0,G1-shared,37,1,2,0,0.12115298947430059
B_fixed_G0,G1-shared,37,2,2,0,0.08091358688433054
B_fixed_G0,G1-shared,37,3,2,0,0.12401780513973598
B_fixed_G0,G1-shared,37,4,2,0,0.14828669339398068
B_fixed_G0,G1-shared,37,5,2,0,0.11209209933183578
B_fixed_G0,G1-shared,37,6,2,0,0.18199267464011473
B_fixed_G0,G1-shared,37,7,5,1,0.022295886436724328
B_fixed_G0,G1-shared,37,8,2,0,0.11752500170466529
B_fixed_G0,G1-shared,37,9,6,1,0.06044958091312888
A_native,T0,38,0,1,1,0.1324663511377835
A_native,T0,38,1,1,1,0.13376862056219982
A_native,T0,38,2,3,0,0.23969251560190455
A_native,T0,38,3,3,0,0.20264662910799308
A_native,T0,38,4,3,0,0.08090170323400345
A_native,T0,38,5,3,0,0.09932807483181957
A_native,T0,38,6,1,1,0.16605580310044932
A_native,T0,38,7,6,1,0.11125324055452661
A_native,T0,38,8,3,0,0.22917332880856064
A_native,T0,38,9,3,0,0.20621053808277223
B_fixed_G0,T0,38,0,3,1,0.10314975600990307
B_fixed_G0,T0,38,1,3,1,0.10148643700339699
B_fixed_G0,T0,38,2,3,0,0.23969251560190455
B_fixed_G0,T0,38,3,3,0,0.20264662910799308
B_fixed_G0,T0,38,4,3,0,0.08090170323400345
B_fixed_G0,T0,38,5,3,0,0.09932807483181957
B_fixed_G0,T0,38,6,3,1,0.14713920149442933
B_fixed_G0,T0,38,7,3,1,0.08581095665621495
B_fixed_G0,T0,38,8,3,0,0.22917332880856064
B_fixed_G0,T0,38,9,3,0,0.20621053808277223
A_native,G0-local,38,0,3,0,0.19625723545551982
A_native,G0-local,38,1,3,0,0.2296885135003885
A_native,G0-local,38,2,3,0,0.3106690045241688
A_native,G0-local,38,3,3,0,0.25406941755543594
A_native,G0-local,38,4,3,0,0.19496053238026556
A_native,G0-local,38,5,3,0,0.23897930256306954
A_native,G0-local,38,6,3,0,0.2589807412106406
A_native,G0-local,38,7,3,0,0.254735582422432
A_native,G0-local,38,8,3,0,0.2788335001053589
A_native,G0-local,38,9,3,0,0.2942891927283131
B_fixed_G0,G0-local,38,0,3,0,0.19625723545551982
B_fixed_G0,G0-local,38,1,3,0,0.2296885135003885
B_fixed_G0,G0-local,38,2,3,0,0.3106690045241688
B_fixed_G0,G0-local,38,3,3,0,0.25406941755543594
B_fixed_G0,G0-local,38,4,3,0,0.19496053238026556
B_fixed_G0,G0-local,38,5,3,0,0.23897930256306954
B_fixed_G0,G0-local,38,6,3,0,0.2589807412106406
B_fixed_G0,G0-local,38,7,3,0,0.254735582422432
B_fixed_G0,G0-local,38,8,3,0,0.2788335001053589
B_fixed_G0,G0-local,38,9,3,0,0.2942891927283131
A_native,G1-shared,38,0,1,1,0.06629039907299539
A_native,G1-shared,38,1,1,1,0.1164585794315396
A_native,G1-shared,38,2,3,0,0.20401754053833634
A_native,G1-shared,38,3,3,0,0.19512817787163605
A_native,G1-shared,38,4,1,1,0.11326355786676161
A_native,G1-shared,38,5,3,0,0.14045158646639053
A_native,G1-shared,38,6,1,1,0.22221103170910086
A_native,G1-shared,38,7,8,1,0.038746945219115245
A_native,G1-shared,38,8,3,0,0.23174920986886952
A_native,G1-shared,38,9,1,1,0.20291856079983506
B_fixed_G0,G1-shared,38,0,3,1,0.05595376977483756
B_fixed_G0,G1-shared,38,1,3,1,0.10176066361766711
B_fixed_G0,G1-shared,38,2,3,0,0.20401754053833634
B_fixed_G0,G1-shared,38,3,3,0,0.19512817787163605
B_fixed_G0,G1-shared,38,4,3,1,0.08192741380835797
B_fixed_G0,G1-shared,38,5,3,0,0.14045158646639053
B_fixed_G0,G1-shared,38,6,3,1,0.16748298817767435
B_fixed_G0,G1-shared,38,7,3,1,0.02920143246029898
B_fixed_G0,G1-shared,38,8,3,0,0.23174920986886952
B_fixed_G0,G1-shared,38,9,3,1,0.1851212564759812
A_native,T0,39,0,0,1,0.13334081359384478
A_native,T0,39,1,0,1,0.17518202056444687
A_native,T0,39,2,0,1,0.13182904192423486
A_native,T0,39,3,8,1,0.10254902045382847
A_native,T0,39,4,9,0,0.21749895928514365
A_native,T0,39,5,0,1,0.1571225665070382
A_native,T0,39,6,0,1,0.15707049328975928
A_native,T0,39,7,8,1,0.12891981085891516
A_native,T0,39,8,7,1,0.07590072365663154
A_native,T0,39,9,6,1,0.11302014370365647
B_fixed_G0,T0,39,0,9,1,0.13321525725589847
B_fixed_G0,T0,39,1,9,1,0.0894441534629045
B_fixed_G0,T0,39,2,9,1,0.08223541219920008
B_fixed_G0,T0,39,3,9,1,-0.019733834579508815
B_fixed_G0,T0,39,4,9,0,0.21749895928514365
B_fixed_G0,T0,39,5,9,1,0.13521976581839004
B_fixed_G0,T0,39,6,9,1,0.09017711927196989
B_fixed_G0,T0,39,7,9,1,-0.03817076039444692
B_fixed_G0,T0,39,8,9,1,0.007191596777692786
B_fixed_G0,T0,39,9,9,1,-0.025364199538055653
A_native,G0-local,39,0,9,0,0.21542550651015321
A_native,G0-local,39,1,9,0,0.20367721466564034
A_native,G0-local,39,2,9,0,0.2758915751868036
A_native,G0-local,39,3,9,0,0.14084396190472562
A_native,G0-local,39,4,9,0,0.22952071713817068
A_native,G0-local,39,5,9,0,0.23389653048989126
A_native,G0-local,39,6,9,0,0.21917999402744026
A_native,G0-local,39,7,9,0,0.12663779477360224
A_native,G0-local,39,8,9,0,0.1140256645082485
A_native,G0-local,39,9,9,0,0.1724160625856334
B_fixed_G0,G0-local,39,0,9,0,0.21542550651015321
B_fixed_G0,G0-local,39,1,9,0,0.20367721466564034
B_fixed_G0,G0-local,39,2,9,0,0.2758915751868036
B_fixed_G0,G0-local,39,3,9,0,0.14084396190472562
B_fixed_G0,G0-local,39,4,9,0,0.22952071713817068
B_fixed_G0,G0-local,39,5,9,0,0.23389653048989126
B_fixed_G0,G0-local,39,6,9,0,0.21917999402744026
B_fixed_G0,G0-local,39,7,9,0,0.12663779477360224
B_fixed_G0,G0-local,39,8,9,0,0.1140256645082485
B_fixed_G0,G0-local,39,9,9,0,0.1724160625856334
A_native,G1-shared,39,0,9,0,0.2582843215881145
A_native,G1-shared,39,1,0,1,0.17397158759905487
A_native,G1-shared,39,2,9,0,0.1903491118662063
A_native,G1-shared,39,3,0,1,0.1472453432941024
A_native,G1-shared,39,4,9,0,0.2180786800380322
A_native,G1-shared,39,5,9,0,0.1975925556262963
A_native,G1-shared,39,6,9,0,0.18417092006577732
A_native,G1-shared,39,7,9,0,0.15001244579065062
A_native,G1-shared,39,8,9,0,0.08084514424576832
A_native,G1-shared,39,9,0,1,0.20305439152271362
B_fixed_G0,G1-shared,39,0,9,0,0.2582843215881145
B_fixed_G0,G1-shared,39,1,9,1,0.13553984235704505
B_fixed_G0,G1-shared,39,2,9,0,0.1903491118662063
B_fixed_G0,G1-shared,39,3,9,1,0.08399185558121564
B_fixed_G0,G1-shared,39,4,9,0,0.2180786800380322
B_fixed_G0,G1-shared,39,5,9,0,0.1975925556262963
B_fixed_G0,G1-shared,39,6,9,0,0.18417092006577732
B_fixed_G0,G1-shared,39,7,9,0,0.15001244579065062
B_fixed_G0,G1-shared,39,8,9,0,0.08084514424576832
B_fixed_G0,G1-shared,39,9,9,1,0.07749755001143019
A_native,T0,40,0,6,0,0.11655434164481251
A_native,T0,40,1,7,0,0.1087244093656718
A_native,T0,40,2,0,1,0.029169179880777385
A_native,T0,40,3,9,1,0.04082363531167678
A_native,T0,40,4,6,0,0.047108942236662885
A_native,T0,40,5,7,0,0.04416605293547353
A_native,T0,40,6,4,1,0.06592143559736795
A_native,T0,40,7,6,1,0.10025817945504764
A_native,T0,40,8,6,0,0.020237879736229387
A_native,T0,40,9,4,0,0.08746844989861614
B_fixed_G0,T0,40,0,6,0,0.11655434164481251
B_fixed_G0,T0,40,1,7,0,0.1087244093656718
B_fixed_G0,T0,40,2,4,1,0.02306219561392282
B_fixed_G0,T0,40,3,7,1,0.019226067686488463
B_fixed_G0,T0,40,4,6,0,0.047108942236662885
B_fixed_G0,T0,40,5,7,0,0.04416605293547353
B_fixed_G0,T0,40,6,8,1,0.011065559459845942
B_fixed_G0,T0,40,7,4,1,0.0541603962174021
B_fixed_G0,T0,40,8,6,0,0.020237879736229387
B_fixed_G0,T0,40,9,4,0,0.08746844989861614
A_native,G0-local,40,0,6,0,0.04974940633219014
A_native,G0-local,40,1,7,0,0.14492050583903424
A_native,G0-local,40,2,4,0,0.03821037407852014
A_native,G0-local,40,3,7,0,0.031025094274509057
A_native,G0-local,40,4,6,0,0.07148390142098959
A_native,G0-local,40,5,7,0,0.07364352389465541
A_native,G0-local,40,6,8,0,0.014381422485350797
A_native,G0-local,40,7,4,0,0.06464919431409967
A_native,G0-local,40,8,6,0,0.026436868529190676
A_native,G0-local,40,9,4,0,0.15161406596917854
B_fixed_G0,G0-local,40,0,6,0,0.04974940633219014
B_fixed_G0,G0-local,40,1,7,0,0.14492050583903424
B_fixed_G0,G0-local,40,2,4,0,0.03821037407852014
B_fixed_G0,G0-local,40,3,7,0,0.031025094274509057
B_fixed_G0,G0-local,40,4,6,0,0.07148390142098959
B_fixed_G0,G0-local,40,5,7,0,0.07364352389465541
B_fixed_G0,G0-local,40,6,8,0,0.014381422485350797
B_fixed_G0,G0-local,40,7,4,0,0.06464919431409967
B_fixed_G0,G0-local,40,8,6,0,0.026436868529190676
B_fixed_G0,G0-local,40,9,4,0,0.15161406596917854
A_native,G1-shared,40,0,6,0,0.10115941887074888
A_native,G1-shared,40,1,7,0,0.0834106450727631
A_native,G1-shared,40,2,0,1,0.026942898663790578
A_native,G1-shared,40,3,9,1,0.03218686982260417
A_native,G1-shared,40,4,6,0,0.04964712959521075
A_native,G1-shared,40,5,6,1,0.028840071757423605
A_native,G1-shared,40,6,6,1,0.05401868411432063
A_native,G1-shared,40,7,6,1,0.09691791025324603
A_native,G1-shared,40,8,7,1,0.040738724962900236
A_native,G1-shared,40,9,4,0,0.03399558942778698
B_fixed_G0,G1-shared,40,0,6,0,0.10115941887074888
B_fixed_G0,G1-shared,40,1,7,0,0.0834106450727631
B_fixed_G0,G1-shared,40,2,4,1,0.02028589911377508
B_fixed_G0,G1-shared,40,3,7,1,0.020079292865931166
B_fixed_G0,G1-shared,40,4,6,0,0.04964712959521075
B_fixed_G0,G1-shared,40,5,7,1,0.01611923144648292
B_fixed_G0,G1-shared,40,6,8,1,0.013142902781294694
B_fixed_G0,G1-shared,40,7,4,1,0.021045979014519423
B_fixed_G0,G1-shared,40,8,6,1,0.03871917845703344
B_fixed_G0,G1-shared,40,9,4,0,0.03399558942778698
A_native,T0,41,0,0,0,0.14230486371266754
A_native,T0,41,1,0,0,0.24505605339503433
A_native,T0,41,2,0,0,0.16273487114592633
A_native,T0,41,3,0,0,0.22800047573433918
A_native,T0,41,4,0,0,0.131692835042551
A_native,T0,41,5,0,0,0.20688392293430777
A_native,T0,41,6,0,0,0.21332086916481333
A_native,T0,41,7,0,0,0.24320835315194334
A_native,T0,41,8,0,0,0.18023817546299714
A_native,T0,41,9,0,0,0.1358975355337465
B_fixed_G0,T0,41,0,0,0,0.14230486371266754
B_fixed_G0,T0,41,1,0,0,0.24505605339503433
B_fixed_G0,T0,41,2,0,0,0.16273487114592633
B_fixed_G0,T0,41,3,0,0,0.22800047573433918
B_fixed_G0,T0,41,4,0,0,0.131692835042551
B_fixed_G0,T0,41,5,0,0,0.20688392293430777
B_fixed_G0,T0,41,6,0,0,0.21332086916481333
B_fixed_G0,T0,41,7,0,0,0.24320835315194334
B_fixed_G0,T0,41,8,0,0,0.18023817546299714
B_fixed_G0,T0,41,9,0,0,0.1358975355337465
A_native,G0-local,41,0,0,0,0.19450313580723358
A_native,G0-local,41,1,0,0,0.2474401104341799
A_native,G0-local,41,2,0,0,0.1727896716077561
A_native,G0-local,41,3,0,0,0.21605914531404924
A_native,G0-local,41,4,0,0,0.1498981027812037
A_native,G0-local,41,5,0,0,0.2290611566437078
A_native,G0-local,41,6,0,0,0.234445235118
A_native,G0-local,41,7,0,0,0.2519468384255921
A_native,G0-local,41,8,0,0,0.2550642236855572
A_native,G0-local,41,9,0,0,0.23986400719473308
B_fixed_G0,G0-local,41,0,0,0,0.19450313580723358
B_fixed_G0,G0-local,41,1,0,0,0.2474401104341799
B_fixed_G0,G0-local,41,2,0,0,0.1727896716077561
B_fixed_G0,G0-local,41,3,0,0,0.21605914531404924
B_fixed_G0,G0-local,41,4,0,0,0.1498981027812037
B_fixed_G0,G0-local,41,5,0,0,0.2290611566437078
B_fixed_G0,G0-local,41,6,0,0,0.234445235118
B_fixed_G0,G0-local,41,7,0,0,0.2519468384255921
B_fixed_G0,G0-local,41,8,0,0,0.2550642236855572
B_fixed_G0,G0-local,41,9,0,0,0.23986400719473308
A_native,G1-shared,41,0,0,0,0.17544448510404995
A_native,G1-shared,41,1,0,0,0.14552643982570074
A_native,G1-shared,41,2,0,0,0.15926100681421598
A_native,G1-shared,41,3,0,0,0.11150506651952329
A_native,G1-shared,41,4,0,0,0.16661472853945064
A_native,G1-shared,41,5,0,0,0.10015352009459191
A_native,G1-shared,41,6,0,0,0.14929442369717516
A_native,G1-shared,41,7,0,0,0.1980677028685207
A_native,G1-shared,41,8,0,0,0.15050054055419004
A_native,G1-shared,41,9,0,0,0.20779958348467045
B_fixed_G0,G1-shared,41,0,0,0,0.17544448510404995
B_fixed_G0,G1-shared,41,1,0,0,0.14552643982570074
B_fixed_G0,G1-shared,41,2,0,0,0.15926100681421598
B_fixed_G0,G1-shared,41,3,0,0,0.11150506651952329
B_fixed_G0,G1-shared,41,4,0,0,0.16661472853945064
B_fixed_G0,G1-shared,41,5,0,0,0.10015352009459191
B_fixed_G0,G1-shared,41,6,0,0,0.14929442369717516
B_fixed_G0,G1-shared,41,7,0,0,0.1980677028685207
B_fixed_G0,G1-shared,41,8,0,0,0.15050054055419004
B_fixed_G0,G1-shared,41,9,0,0,0.20779958348467045
A_native,T0,42,0,5,1,0.033404947174845566
A_native,T0,42,1,3,0,0.04891370481949116
A_native,T0,42,2,6,1,0.06673025994047518
A_native,T0,42,3,4,0,0.03702594036211854
A_native,T0,42,4,2,0,0.0516663387385401
A_native,T0,42,5,3,1,0.018784558713726196
A_native,T0,42,6,2,0,0.07819664190164695
A_native,T0,42,7,3,0,0.07082579472688225
A_native,T0,42,8,6,1,0.06809536002579336
A_native,T0,42,9,5,1,0.046291039127959774
B_fixed_G0,T0,42,0,7,1,0.027412506336419017
B_fixed_G0,T0,42,1,3,0,0.04891370481949116
B_fixed_G0,T0,42,2,2,1,0.01963489205644417
B_fixed_G0,T0,42,3,4,0,0.03702594036211854
B_fixed_G0,T0,42,4,2,0,0.0516663387385401
B_fixed_G0,T0,42,5,2,1,-0.028116570046523074
B_fixed_G0,T0,42,6,2,0,0.07819664190164695
B_fixed_G0,T0,42,7,3,0,0.07082579472688225
B_fixed_G0,T0,42,8,3,1,0.03872808787482681
B_fixed_G0,T0,42,9,6,1,0.044502386361494485
A_native,G0-local,42,0,7,0,0.10607215461465519
A_native,G0-local,42,1,3,0,0.041722593009639625
A_native,G0-local,42,2,2,0,0.09996158902330872
A_native,G0-local,42,3,4,0,0.02504371901437281
A_native,G0-local,42,4,2,0,0.1398317407793079
A_native,G0-local,42,5,2,0,0.10831025501779823
A_native,G0-local,42,6,2,0,0.13120261053796384
A_native,G0-local,42,7,3,0,0.06202616374510664
A_native,G0-local,42,8,3,0,0.06369129253688266
A_native,G0-local,42,9,6,0,0.05310505470712648
B_fixed_G0,G0-local,42,0,7,0,0.10607215461465519
B_fixed_G0,G0-local,42,1,3,0,0.041722593009639625
B_fixed_G0,G0-local,42,2,2,0,0.09996158902330872
B_fixed_G0,G0-local,42,3,4,0,0.02504371901437281
B_fixed_G0,G0-local,42,4,2,0,0.1398317407793079
B_fixed_G0,G0-local,42,5,2,0,0.10831025501779823
B_fixed_G0,G0-local,42,6,2,0,0.13120261053796384
B_fixed_G0,G0-local,42,7,3,0,0.06202616374510664
B_fixed_G0,G0-local,42,8,3,0,0.06369129253688266
B_fixed_G0,G0-local,42,9,6,0,0.05310505470712648
A_native,G1-shared,42,0,0,1,0.040240534138657275
A_native,G1-shared,42,1,3,0,0.03478626776338284
A_native,G1-shared,42,2,3,1,0.07594488483099311
A_native,G1-shared,42,3,4,0,0.01690935432157092
A_native,G1-shared,42,4,2,0,0.07158939432870676
A_native,G1-shared,42,5,0,1,0.008773442661840708
A_native,G1-shared,42,6,3,1,0.06967601140287127
A_native,G1-shared,42,7,3,0,0.052686751781985244
A_native,G1-shared,42,8,6,1,0.04153243667517836
A_native,G1-shared,42,9,4,1,0.042571560210299494
B_fixed_G0,G1-shared,42,0,7,1,0.018023264556177067
B_fixed_G0,G1-shared,42,1,3,0,0.03478626776338284
B_fixed_G0,G1-shared,42,2,2,1,0.06005343789644953
B_fixed_G0,G1-shared,42,3,4,0,0.01690935432157092
B_fixed_G0,G1-shared,42,4,2,0,0.07158939432870676
B_fixed_G0,G1-shared,42,5,2,1,-0.0173690744680689
B_fixed_G0,G1-shared,42,6,2,1,0.04416806602791018
B_fixed_G0,G1-shared,42,7,3,0,0.052686751781985244
B_fixed_G0,G1-shared,42,8,3,1,0.031354370769749694
B_fixed_G0,G1-shared,42,9,6,1,0.03658930525167312
A_native,T0,43,0,0,1,0.19928178757544943
A_native,T0,43,1,0,1,0.15339897543107034
A_native,T0,43,2,0,1,0.14501824256355536
A_native,T0,43,3,0,1,0.11993022043001758
A_native,T0,43,4,0,1,0.15757699375463716
A_native,T0,43,5,0,1,0.17343712422806035
A_native,T0,43,6,0,0,0.1813591582159248
A_native,T0,43,7,0,1,0.13438219955850883
A_native,T0,43,8,0,0,0.15441236214474943
A_native,T0,43,9,0,1,0.17065029739436532
B_fixed_G0,T0,43,0,9,1,0.10593085461135168
B_fixed_G0,T0,43,1,1,1,0.0920810079785193
B_fixed_G0,T0,43,2,1,1,0.07903928654039863
B_fixed_G0,T0,43,3,1,1,0.05717509557942891
B_fixed_G0,T0,43,4,9,1,0.1327151433128791
B_fixed_G0,T0,43,5,9,1,0.08237500324692465
B_fixed_G0,T0,43,6,0,0,0.1813591582159248
B_fixed_G0,T0,43,7,1,1,0.08798705821060493
B_fixed_G0,T0,43,8,0,0,0.15441236214474943
B_fixed_G0,T0,43,9,1,1,0.11204498411560784
A_native,G0-local,43,0,9,0,0.13746412275099393
A_native,G0-local,43,1,1,0,0.08135219664471888
A_native,G0-local,43,2,1,0,0.10685306704309391
A_native,G0-local,43,3,1,0,0.06938806944529528
A_native,G0-local,43,4,9,0,0.12148219149820653
A_native,G0-local,43,5,9,0,0.0996654906194821
A_native,G0-local,43,6,0,0,0.1957360579598793
A_native,G0-local,43,7,1,0,0.14463772625763116
A_native,G0-local,43,8,0,0,0.1551542512651448
A_native,G0-local,43,9,1,0,0.15365969594025364
B_fixed_G0,G0-local,43,0,9,0,0.13746412275099393
B_fixed_G0,G0-local,43,1,1,0,0.08135219664471888
B_fixed_G0,G0-local,43,2,1,0,0.10685306704309391
B_fixed_G0,G0-local,43,3,1,0,0.06938806944529528
B_fixed_G0,G0-local,43,4,9,0,0.12148219149820653
B_fixed_G0,G0-local,43,5,9,0,0.0996654906194821
B_fixed_G0,G0-local,43,6,0,0,0.1957360579598793
B_fixed_G0,G0-local,43,7,1,0,0.14463772625763116
B_fixed_G0,G0-local,43,8,0,0,0.1551542512651448
B_fixed_G0,G0-local,43,9,1,0,0.15365969594025364
A_native,G1-shared,43,0,0,1,0.15692535861745258
A_native,G1-shared,43,1,0,1,0.08327442077232464
A_native,G1-shared,43,2,0,1,0.12169942383939214
A_native,G1-shared,43,3,9,1,0.0732895306662419
A_native,G1-shared,43,4,9,0,0.0874781446409118
A_native,G1-shared,43,5,0,1,0.1353024848933609
A_native,G1-shared,43,6,0,0,0.13910759928736494
A_native,G1-shared,43,7,9,1,0.09680556326307688
A_native,G1-shared,43,8,0,0,0.1507445453836179
A_native,G1-shared,43,9,1,0,0.1204193817698391
B_fixed_G0,G1-shared,43,0,9,1,0.1379897501707547
B_fixed_G0,G1-shared,43,1,1,1,0.04061520170212858
B_fixed_G0,G1-shared,43,2,1,1,0.08705595272381006
B_fixed_G0,G1-shared,43,3,1,1,0.04473918506313038
B_fixed_G0,G1-shared,43,4,9,0,0.0874781446409118
B_fixed_G0,G1-shared,43,5,9,1,0.09772658734081269
B_fixed_G0,G1-shared,43,6,0,0,0.13910759928736494
B_fixed_G0,G1-shared,43,7,1,1,0.056377189935618875
B_fixed_G0,G1-shared,43,8,0,0,0.1507445453836179
B_fixed_G0,G1-shared,43,9,1,0,0.1204193817698391
A_native,T0,44,0,2,0,0.06805710955516726
A_native,T0,44,1,6,0,0.09261352341776982
A_native,T0,44,2,2,1,0.0671460855306857
A_native,T0,44,3,8,1,0.06529680832084486
A_native,T0,44,4,7,1,0.05455885641616143
A_native,T0,44,5,8,1,0.04785076417052164
A_native,T0,44,6,8,1,0.06375402714194586
A_native,T0,44,7,8,1,0.06547950444734824
A_native,T0,44,8,1,0,0.06980330343914248
A_native,T0,44,9,2,1,0.05287984977554624
B_fixed_G0,T0,44,0,2,0,0.06805710955516726
B_fixed_G0,T0,44,1,6,0,0.09261352341776982
B_fixed_G0,T0,44,2,9,1,-0.0437990249860089
B_fixed_G0,T0,44,3,0,1,0.0020571946888457582
B_fixed_G0,T0,44,4,9,1,-0.0007746802688220848
B_fixed_G0,T0,44,5,1,1,0.02398774496038704
B_fixed_G0,T0,44,6,9,1,-0.022851628193022916
B_fixed_G0,T0,44,7,0,1,0.050393328988922834
B_fixed_G0,T0,44,8,1,0,0.06980330343914248
B_fixed_G0,T0,44,9,9,1,-0.011069212891489197
A_native,G0-local,44,0,2,0,0.050846874066644177
A_native,G0-local,44,1,6,0,0.10249646198447586
A_native,G0-local,44,2,9,0,0.06662425046702855
A_native,G0-local,44,3,0,0,0.06145503012886271
A_native,G0-local,44,4,9,0,0.07972686685779905
A_native,G0-local,44,5,1,0,0.0677814239381047
A_native,G0-local,44,6,9,0,0.0948172207844571
A_native,G0-local,44,7,0,0,0.06745473111191147
A_native,G0-local,44,8,1,0,0.07254660838719644
A_native,G0-local,44,9,9,0,0.04799755401277952
B_fixed_G0,G0-local,44,0,2,0,0.050846874066644177
B_fixed_G0,G0-local,44,1,6,0,0.10249646198447586
B_fixed_G0,G0-local,44,2,9,0,0.06662425046702855
B_fixed_G0,G0-local,44,3,0,0,0.06145503012886271
B_fixed_G0,G0-local,44,4,9,0,0.07972686685779905
B_fixed_G0,G0-local,44,5,1,0,0.0677814239381047
B_fixed_G0,G0-local,44,6,9,0,0.0948172207844571
B_fixed_G0,G0-local,44,7,0,0,0.06745473111191147
B_fixed_G0,G0-local,44,8,1,0,0.07254660838719644
B_fixed_G0,G0-local,44,9,9,0,0.04799755401277952
A_native,G1-shared,44,0,3,1,0.058060401017776916
A_native,G1-shared,44,1,6,0,0.08858889283823876
A_native,G1-shared,44,2,2,1,0.038119108929242945
A_native,G1-shared,44,3,8,1,0.04620731596531966
A_native,G1-shared,44,4,0,1,0.043259207450606796
A_native,G1-shared,44,5,2,1,0.05706454353122507
A_native,G1-shared,44,6,2,1,0.05002788047662799
A_native,G1-shared,44,7,0,0,0.07260507696402492
A_native,G1-shared,44,8,0,1,0.08363629010841205
A_native,G1-shared,44,9,8,1,0.044257314381360206
B_fixed_G0,G1-shared,44,0,2,1,0.05019305616155914
B_fixed_G0,G1-shared,44,1,6,0,0.08858889283823876
B_fixed_G0,G1-shared,44,2,9,1,0.005501415761909211
B_fixed_G0,G1-shared,44,3,0,1,0.03217755738111279
B_fixed_G0,G1-shared,44,4,9,1,0.011725454394927249
B_fixed_G0,G1-shared,44,5,1,1,0.02570337430813412
B_fixed_G0,G1-shared,44,6,9,1,0.0014691773564243105
B_fixed_G0,G1-shared,44,7,0,0,0.07260507696402492
B_fixed_G0,G1-shared,44,8,1,1,0.02746142821580669
B_fixed_G0,G1-shared,44,9,9,1,0.011323151327902686
A_native,T0,45,0,0,1,0.08666861634768207
A_native,T0,45,1,2,1,0.07631040530578048
A_native,T0,45,2,3,1,0.06105893236680467
A_native,T0,45,3,5,0,0.11203578617104394
A_native,T0,45,4,5,1,0.08857603542023922
A_native,T0,45,5,8,1,0.07362371117557455
A_native,T0,45,6,7,1,0.04145153351637483
A_native,T0,45,7,9,1,0.06938501582022952
A_native,T0,45,8,0,1,0.05752023509294351
A_native,T0,45,9,3,1,0.0874214561112598
B_fixed_G0,T0,45,0,4,1,0.02701893321193833
B_fixed_G0,T0,45,1,4,1,0.04813877231959298
B_fixed_G0,T0,45,2,4,1,0.0025492806777276094
B_fixed_G0,T0,45,3,5,0,0.11203578617104394
B_fixed_G0,T0,45,4,2,1,0.07085704395894793
B_fixed_G0,T0,45,5,4,1,0.022884157227613472
B_fixed_G0,T0,45,6,0,1,0.02769058655173089
B_fixed_G0,T0,45,7,4,1,0.020533100892148323
B_fixed_G0,T0,45,8,9,1,0.05006336765904217
B_fixed_G0,T0,45,9,2,1,0.07137725970928697
A_native,G0-local,45,0,4,0,0.11938468213620258
A_native,G0-local,45,1,4,0,0.14233206448854463
A_native,G0-local,45,2,4,0,0.1702159108745197
A_native,G0-local,45,3,5,0,0.17124498142601183
A_native,G0-local,45,4,2,0,0.15229993995858057
A_native,G0-local,45,5,4,0,0.1354616929070943
A_native,G0-local,45,6,0,0,0.08439162319635177
A_native,G0-local,45,7,4,0,0.12098379144482854
A_native,G0-local,45,8,9,0,0.12538136885165688
A_native,G0-local,45,9,2,0,0.1697207761200033
B_fixed_G0,G0-local,45,0,4,0,0.11938468213620258
B_fixed_G0,G0-local,45,1,4,0,0.14233206448854463
B_fixed_G0,G0-local,45,2,4,0,0.1702159108745197
B_fixed_G0,G0-local,45,3,5,0,0.17124498142601183
B_fixed_G0,G0-local,45,4,2,0,0.15229993995858057
B_fixed_G0,G0-local,45,5,4,0,0.1354616929070943
B_fixed_G0,G0-local,45,6,0,0,0.08439162319635177
B_fixed_G0,G0-local,45,7,4,0,0.12098379144482854
B_fixed_G0,G0-local,45,8,9,0,0.12538136885165688
B_fixed_G0,G0-local,45,9,2,0,0.1697207761200033
A_native,G1-shared,45,0,3,1,0.05686153008032825
A_native,G1-shared,45,1,2,1,0.0379317310175422
A_native,G1-shared,45,2,3,1,0.05868956993286245
A_native,G1-shared,45,3,5,0,0.06542917292854356
A_native,G1-shared,45,4,3,1,0.06554849769465176
A_native,G1-shared,45,5,4,0,0.07133497509709325
A_native,G1-shared,45,6,0,0,0.04523857024430524
A_native,G1-shared,45,7,0,1,0.07932409249147097
A_native,G1-shared,45,8,3,1,0.08378089809483967
A_native,G1-shared,45,9,3,1,0.10197172982935075
B_fixed_G0,G1-shared,45,0,4,1,0.03259592266814222
B_fixed_G0,G1-shared,45,1,4,1,0.022021703777779504
B_fixed_G0,G1-shared,45,2,4,1,0.03706114750900702
B_fixed_G0,G1-shared,45,3,5,0,0.06542917292854356
B_fixed_G0,G1-shared,45,4,2,1,0.013751756422020199
B_fixed_G0,G1-shared,45,5,4,0,0.07133497509709325
B_fixed_G0,G1-shared,45,6,0,0,0.04523857024430524
B_fixed_G0,G1-shared,45,7,4,1,0.05671263297547245
B_fixed_G0,G1-shared,45,8,9,1,0.009352545412568495
B_fixed_G0,G1-shared,45,9,2,1,0.052236655652708526
A_native,T0,46,0,7,0,0.10901841710160984
A_native,T0,46,1,7,1,0.12950582928940663
A_native,T0,46,2,8,1,0.04348360543372843
A_native,T0,46,3,8,1,0.08077011189592127
A_native,T0,46,4,7,1,0.07759533980731002
A_native,T0,46,5,7,1,0.07478668960211926
A_native,T0,46,6,7,0,0.13528064134453885
A_native,T0,46,7,7,1,0.10072995917986206
A_native,T0,46,8,7,1,0.06072363198923432
A_native,T0,46,9,7,0,0.09404718478804196
B_fixed_G0,T0,46,0,7,0,0.10901841710160984
B_fixed_G0,T0,46,1,0,1,0.04331400554250866
B_fixed_G0,T0,46,2,2,1,0.03245445307437399
B_fixed_G0,T0,46,3,7,1,0.06032502786425753
B_fixed_G0,T0,46,4,0,1,0.007932326642191321
B_fixed_G0,T0,46,5,4,1,0.002474807485858334
B_fixed_G0,T0,46,6,7,0,0.13528064134453885
B_fixed_G0,T0,46,7,0,1,0.0011130118735099034
B_fixed_G0,T0,46,8,5,1,0.04145157455182333
B_fixed_G0,T0,46,9,7,0,0.09404718478804196
A_native,G0-local,46,0,7,0,0.030000486477476645
A_native,G0-local,46,1,0,0,0.11167559751720262
A_native,G0-local,46,2,2,0,0.08011197532887217
A_native,G0-local,46,3,7,0,0.05127336482784908
A_native,G0-local,46,4,0,0,0.07710315890519202
A_native,G0-local,46,5,4,0,0.05522996674548947
A_native,G0-local,46,6,7,0,0.03551549361440868
A_native,G0-local,46,7,0,0,0.08504410132220089
A_native,G0-local,46,8,5,0,0.01919561971267831
A_native,G0-local,46,9,7,0,0.049160904916605255
B_fixed_G0,G0-local,46,0,7,0,0.030000486477476645
B_fixed_G0,G0-local,46,1,0,0,0.11167559751720262
B_fixed_G0,G0-local,46,2,2,0,0.08011197532887217
B_fixed_G0,G0-local,46,3,7,0,0.05127336482784908
B_fixed_G0,G0-local,46,4,0,0,0.07710315890519202
B_fixed_G0,G0-local,46,5,4,0,0.05522996674548947
B_fixed_G0,G0-local,46,6,7,0,0.03551549361440868
B_fixed_G0,G0-local,46,7,0,0,0.08504410132220089
B_fixed_G0,G0-local,46,8,5,0,0.01919561971267831
B_fixed_G0,G0-local,46,9,7,0,0.049160904916605255
A_native,G1-shared,46,0,7,0,0.045456664017232
A_native,G1-shared,46,1,7,1,0.0353434624303617
A_native,G1-shared,46,2,8,1,0.036890829128624826
A_native,G1-shared,46,3,8,1,0.05940570962143988
A_native,G1-shared,46,4,7,1,0.047593819252781874
A_native,G1-shared,46,5,8,1,0.03553176082586494
A_native,G1-shared,46,6,7,0,0.05244666281511424
A_native,G1-shared,46,7,7,1,0.040645552544217214
A_native,G1-shared,46,8,5,0,0.04140760311898392
A_native,G1-shared,46,9,7,0,0.06107124099947349
B_fixed_G0,G1-shared,46,0,7,0,0.045456664017232
B_fixed_G0,G1-shared,46,1,0,1,0.015088807177702824
B_fixed_G0,G1-shared,46,2,2,1,0.007788275135831473
B_fixed_G0,G1-shared,46,3,7,1,0.03156685327029229
B_fixed_G0,G1-shared,46,4,0,1,0.008847855007469178
B_fixed_G0,G1-shared,46,5,4,1,-0.0010102633592543576
B_fixed_G0,G1-shared,46,6,7,0,0.05244666281511424
B_fixed_G0,G1-shared,46,7,0,1,0.02512739548721175
B_fixed_G0,G1-shared,46,8,5,0,0.04140760311898392
B_fixed_G0,G1-shared,46,9,7,0,0.06107124099947349
A_native,T0,47,0,0,1,0.17723928725057042
A_native,T0,47,1,0,1,0.09468032951434202
A_native,T0,47,2,0,1,0.09262221665954015
A_native,T0,47,3,0,1,0.18923251705754435
A_native,T0,47,4,1,0,0.08088109084390417
A_native,T0,47,5,0,1,0.08146569440007081
A_native,T0,47,6,0,0,0.17836309304293052
A_native,T0,47,7,0,1,0.16176169296359458
A_native,T0,47,8,0,1,0.16846903331204557
A_native,T0,47,9,0,1,0.1458457320922018
B_fixed_G0,T0,47,0,3,1,0.07395082970540365
B_fixed_G0,T0,47,1,9,1,0.040616787957061966
B_fixed_G0,T0,47,2,1,1,0.07219848352350257
B_fixed_G0,T0,47,3,3,1,0.11576534141359268
B_fixed_G0,T0,47,4,1,0,0.08088109084390417
B_fixed_G0,T0,47,5,1,1,0.023856947569425448
B_fixed_G0,T0,47,6,0,0,0.17836309304293052
B_fixed_G0,T0,47,7,1,1,0.012280970628098308
B_fixed_G0,T0,47,8,4,1,0.10185327869916862
B_fixed_G0,T0,47,9,9,1,0.07495421427140608
A_native,G0-local,47,0,3,0,0.15448364477148993
A_native,G0-local,47,1,9,0,0.0990243287052899
A_native,G0-local,47,2,1,0,0.15119850797543774
A_native,G0-local,47,3,3,0,0.1633064347507088
A_native,G0-local,47,4,1,0,0.1318206816515528
A_native,G0-local,47,5,1,0,0.11187620393134334
A_native,G0-local,47,6,0,0,0.0964668975947824
A_native,G0-local,47,7,1,0,0.09752884270500452
A_native,G0-local,47,8,4,0,0.12923280994180644
A_native,G0-local,47,9,9,0,0.139724312592802
B_fixed_G0,G0-local,47,0,3,0,0.15448364477148993
B_fixed_G0,G0-local,47,1,9,0,0.0990243287052899
B_fixed_G0,G0-local,47,2,1,0,0.15119850797543774
B_fixed_G0,G0-local,47,3,3,0,0.1633064347507088
B_fixed_G0,G0-local,47,4,1,0,0.1318206816515528
B_fixed_G0,G0-local,47,5,1,0,0.11187620393134334
B_fixed_G0,G0-local,47,6,0,0,0.0964668975947824
B_fixed_G0,G0-local,47,7,1,0,0.09752884270500452
B_fixed_G0,G0-local,47,8,4,0,0.12923280994180644
B_fixed_G0,G0-local,47,9,9,0,0.139724312592802
A_native,G1-shared,47,0,0,1,0.12039276610302883
A_native,G1-shared,47,1,0,1,0.06308920008602144
A_native,G1-shared,47,2,1,0,0.10973381375739592
A_native,G1-shared,47,3,0,1,0.06726631634621211
A_native,G1-shared,47,4,1,0,0.07793281421040821
A_native,G1-shared,47,5,4,1,0.08047321232216915
A_native,G1-shared,47,6,0,0,0.06643207334677345
A_native,G1-shared,47,7,0,1,0.08944487481799411
A_native,G1-shared,47,8,0,1,0.09044646405887768
A_native,G1-shared,47,9,0,1,0.11901432334957587
B_fixed_G0,G1-shared,47,0,3,1,0.10797094624119145
B_fixed_G0,G1-shared,47,1,9,1,0.05227093924515188
B_fixed_G0,G1-shared,47,2,1,0,0.10973381375739592
B_fixed_G0,G1-shared,47,3,3,1,0.04591838865048681
B_fixed_G0,G1-shared,47,4,1,0,0.07793281421040821
B_fixed_G0,G1-shared,47,5,1,1,0.0798908093183966
B_fixed_G0,G1-shared,47,6,0,0,0.06643207334677345
B_fixed_G0,G1-shared,47,7,1,1,0.047691372008586155
B_fixed_G0,G1-shared,47,8,4,1,0.05657583544245113
B_fixed_G0,G1-shared,47,9,9,1,0.04769951605981724
A_native,T0,48,0,2,1,0.07572790381783799
A_native,T0,48,1,2,1,0.06768431471159723
A_native,T0,48,2,2,0,0.1286313179053594
A_native,T0,48,3,2,1,0.14136068747620853
A_native,T0,48,4,7,1,0.05966813873251771
A_native,T0,48,5,2,1,0.16794723241097473
A_native,T0,48,6,2,0,0.1470042657554754
A_native,T0,48,7,2,0,0.12535338450432676
A_native,T0,48,8,2,0,0.19310276732647325
A_native,T0,48,9,6,0,0.056972178722788966
B_fixed_G0,T0,48,0,5,1,0.05771083930959251
B_fixed_G0,T0,48,1,3,1,0.02939532532585072
B_fixed_G0,T0,48,2,2,0,0.1286313179053594
B_fixed_G0,T0,48,3,7,1,0.13422348592336442
B_fixed_G0,T0,48,4,0,1,-0.0356720113917739
B_fixed_G0,T0,48,5,7,1,0.13393206761089013
B_fixed_G0,T0,48,6,2,0,0.1470042657554754
B_fixed_G0,T0,48,7,2,0,0.12535338450432676
B_fixed_G0,T0,48,8,2,0,0.19310276732647325
B_fixed_G0,T0,48,9,6,0,0.056972178722788966
A_native,G0-local,48,0,5,0,0.060878400322105036
A_native,G0-local,48,1,3,0,0.0654899183092859
A_native,G0-local,48,2,2,0,0.12806062373525226
A_native,G0-local,48,3,7,0,0.11935487380885672
A_native,G0-local,48,4,0,0,0.06777893891788495
A_native,G0-local,48,5,7,0,0.15199449878561244
A_native,G0-local,48,6,2,0,0.15724192247830387
A_native,G0-local,48,7,2,0,0.11135889949226285
A_native,G0-local,48,8,2,0,0.14337401944666492
A_native,G0-local,48,9,6,0,0.05246941495577467
B_fixed_G0,G0-local,48,0,5,0,0.060878400322105036
B_fixed_G0,G0-local,48,1,3,0,0.0654899183092859
B_fixed_G0,G0-local,48,2,2,0,0.12806062373525226
B_fixed_G0,G0-local,48,3,7,0,0.11935487380885672
B_fixed_G0,G0-local,48,4,0,0,0.06777893891788495
B_fixed_G0,G0-local,48,5,7,0,0.15199449878561244
B_fixed_G0,G0-local,48,6,2,0,0.15724192247830387
B_fixed_G0,G0-local,48,7,2,0,0.11135889949226285
B_fixed_G0,G0-local,48,8,2,0,0.14337401944666492
B_fixed_G0,G0-local,48,9,6,0,0.05246941495577467
A_native,G1-shared,48,0,2,1,0.0978244295519152
A_native,G1-shared,48,1,5,1,0.03262476946298743
A_native,G1-shared,48,2,2,0,0.08751348291809098
A_native,G1-shared,48,3,2,1,0.047247797682749094
A_native,G1-shared,48,4,2,1,0.059549992857731125
A_native,G1-shared,48,5,7,0,0.09184936882074451
A_native,G1-shared,48,6,6,1,0.04220405277038844
A_native,G1-shared,48,7,2,0,0.07036889805629536
A_native,G1-shared,48,8,4,1,0.026276378303468628
A_native,G1-shared,48,9,4,1,0.030301774526564077
B_fixed_G0,G1-shared,48,0,5,1,0.05805379556149739
B_fixed_G0,G1-shared,48,1,3,1,-0.0026756933832578805
B_fixed_G0,G1-shared,48,2,2,0,0.08751348291809098
B_fixed_G0,G1-shared,48,3,7,1,0.043173676838895086
B_fixed_G0,G1-shared,48,4,0,1,-0.03813323295698287
B_fixed_G0,G1-shared,48,5,7,0,0.09184936882074451
B_fixed_G0,G1-shared,48,6,2,1,0.028618505558900574
B_fixed_G0,G1-shared,48,7,2,0,0.07036889805629536
B_fixed_G0,G1-shared,48,8,2,1,0.009238687180038405
B_fixed_G0,G1-shared,48,9,6,1,0.021390384907839465
A_native,T0,49,0,7,1,0.0459478871646437
A_native,T0,49,1,7,1,0.07443966450294484
A_native,T0,49,2,7,0,0.12053410443811574
A_native,T0,49,3,7,1,0.08509019945186681
A_native,T0,49,4,7,1,0.09884409165262614
A_native,T0,49,5,7,0,0.10203053188541639
A_native,T0,49,6,7,0,0.056851437590047904
A_native,T0,49,7,7,0,0.0902418719742675
A_native,T0,49,8,7,1,0.039734865571136424
A_native,T0,49,9,7,1,0.08714054790619587
B_fixed_G0,T0,49,0,3,1,-0.01829847910706251
B_fixed_G0,T0,49,1,1,1,0.022512332086923333
B_fixed_G0,T0,49,2,7,0,0.12053410443811574
B_fixed_G0,T0,49,3,0,1,0.028540322138829944
B_fixed_G0,T0,49,4,1,1,0.028211716515509345
B_fixed_G0,T0,49,5,7,0,0.10203053188541639
B_fixed_G0,T0,49,6,7,0,0.056851437590047904
B_fixed_G0,T0,49,7,7,0,0.0902418719742675
B_fixed_G0,T0,49,8,1,1,0.019545954608099523
B_fixed_G0,T0,49,9,0,1,0.04704677291482401
A_native,G0-local,49,0,3,0,0.033359299331133324
A_native,G0-local,49,1,1,0,0.02556840501937
A_native,G0-local,49,2,7,0,0.04010417255004347
A_native,G0-local,49,3,0,0,0.05975164345652011
A_native,G0-local,49,4,1,0,0.010300972155783225
A_native,G0-local,49,5,7,0,0.06582422368513006
A_native,G0-local,49,6,7,0,0.027387004685979193
A_native,G0-local,49,7,7,0,0.03902238540948951
A_native,G0-local,49,8,1,0,0.015932758831340474
A_native,G0-local,49,9,0,0,0.038691934509364645
B_fixed_G0,G0-local,49,0,3,0,0.033359299331133324
B_fixed_G0,G0-local,49,1,1,0,0.02556840501937
B_fixed_G0,G0-local,49,2,7,0,0.04010417255004347
B_fixed_G0,G0-local,49,3,0,0,0.05975164345652011
B_fixed_G0,G0-local,49,4,1,0,0.010300972155783225
B_fixed_G0,G0-local,49,5,7,0,0.06582422368513006
B_fixed_G0,G0-local,49,6,7,0,0.027387004685979193
B_fixed_G0,G0-local,49,7,7,0,0.03902238540948951
B_fixed_G0,G0-local,49,8,1,0,0.015932758831340474
B_fixed_G0,G0-local,49,9,0,0,0.038691934509364645
A_native,G1-shared,49,0,7,1,0.039667537461661004
A_native,G1-shared,49,1,4,1,0.01592259457689688
A_native,G1-shared,49,2,7,0,0.08182136967253141
A_native,G1-shared,49,3,7,1,0.10929001111110911
A_native,G1-shared,49,4,7,1,0.08777952015025939
A_native,G1-shared,49,5,3,1,0.0251827028567201
A_native,G1-shared,49,6,7,0,0.09173643449041574
A_native,G1-shared,49,7,8,1,0.03540190085853966
A_native,G1-shared,49,8,7,1,0.0525371586671364
A_native,G1-shared,49,9,7,1,0.05557763836109784
B_fixed_G0,G1-shared,49,0,3,1,0.0017958697994467931
B_fixed_G0,G1-shared,49,1,1,1,0.0035722111234344632
B_fixed_G0,G1-shared,49,2,7,0,0.08182136967253141
B_fixed_G0,G1-shared,49,3,0,1,0.02484966368901065
B_fixed_G0,G1-shared,49,4,1,1,0.03962903911369364
B_fixed_G0,G1-shared,49,5,7,1,0.014485961328812257
B_fixed_G0,G1-shared,49,6,7,0,0.09173643449041574
B_fixed_G0,G1-shared,49,7,7,1,0.020089156974518487
B_fixed_G0,G1-shared,49,8,1,1,0.01874785844945281
B_fixed_G0,G1-shared,49,9,0,1,0.039680243952900644
A_native,T0,50,0,4,1,0.043562856070339606
A_native,T0,50,1,9,1,0.058273018992294465
A_native,T0,50,2,4,1,0.03718311006592086
A_native,T0,50,3,4,1,0.0705864449353911
A_native,T0,50,4,4,1,0.05769773202169013
A_native,T0,50,5,9,1,0.07804103957094227
A_native,T0,50,6,0,1,0.0744710638952062
A_native,T0,50,7,4,1,0.09190378773831284
A_native,T0,50,8,6,0,0.09074282972426116
A_native,T0,50,9,4,1,0.09190453864086384
B_fixed_G0,T0,50,0,1,1,0.03249794321684914
B_fixed_G0,T0,50,1,1,1,-0.0008612231193481443
B_fixed_G0,T0,50,2,1,1,0.0013512231860450022
B_fixed_G0,T0,50,3,1,1,-0.007262130916744819
B_fixed_G0,T0,50,4,1,1,0.05276407033168068
B_fixed_G0,T0,50,5,6,1,0.017468954381538403
B_fixed_G0,T0,50,6,1,1,0.03096019251435459
B_fixed_G0,T0,50,7,1,1,0.033472992291040504
B_fixed_G0,T0,50,8,6,0,0.09074282972426116
B_fixed_G0,T0,50,9,1,1,0.07621023307354914
A_native,G0-local,50,0,1,0,0.11929249303346713
A_native,G0-local,50,1,1,0,0.11190545853950264
A_native,G0-local,50,2,1,0,0.11560861819638964
A_native,G0-local,50,3,1,0,0.0734323784144667
A_native,G0-local,50,4,1,0,0.16251211852921074
A_native,G0-local,50,5,6,0,0.10245218729159764
A_native,G0-local,50,6,1,0,0.12398792408388237
A_native,G0-local,50,7,1,0,0.10787833377882962
A_native,G0-local,50,8,6,0,0.11425468726718593
A_native,G0-local,50,9,1,0,0.16474333454297785
B_fixed_G0,G0-local,50,0,1,0,0.11929249303346713
B_fixed_G0,G0-local,50,1,1,0,0.11190545853950264
B_fixed_G0,G0-local,50,2,1,0,0.11560861819638964
B_fixed_G0,G0-local,50,3,1,0,0.0734323784144667
B_fixed_G0,G0-local,50,4,1,0,0.16251211852921074
B_fixed_G0,G0-local,50,5,6,0,0.10245218729159764
B_fixed_G0,G0-local,50,6,1,0,0.12398792408388237
B_fixed_G0,G0-local,50,7,1,0,0.10787833377882962
B_fixed_G0,G0-local,50,8,6,0,0.11425468726718593
B_fixed_G0,G0-local,50,9,1,0,0.16474333454297785
A_native,G1-shared,50,0,1,0,0.0647367271550605
A_native,G1-shared,50,1,9,1,0.027187316251941162
A_native,G1-shared,50,2,1,0,0.028040468176132732
A_native,G1-shared,50,3,4,1,0.06519534613541822
A_native,G1-shared,50,4,1,0,0.09371533137910396
A_native,G1-shared,50,5,9,1,0.07311009235858003
A_native,G1-shared,50,6,4,1,0.036189682811862564
A_native,G1-shared,50,7,4,1,0.07555664992513224
A_native,G1-shared,50,8,9,1,0.08236870802766734
A_native,G1-shared,50,9,1,0,0.0615725211408703
B_fixed_G0,G1-shared,50,0,1,0,0.0647367271550605
B_fixed_G0,G1-shared,50,1,1,1,0.021408958101665414
B_fixed_G0,G1-shared,50,2,1,0,0.028040468176132732
B_fixed_G0,G1-shared,50,3,1,1,0.032382567705432026
B_fixed_G0,G1-shared,50,4,1,0,0.09371533137910396
B_fixed_G0,G1-shared,50,5,6,1,0.04103309339604296
B_fixed_G0,G1-shared,50,6,1,1,0.02963179504285554
B_fixed_G0,G1-shared,50,7,1,1,0.05028528106676858
B_fixed_G0,G1-shared,50,8,6,1,0.04355608159679909
B_fixed_G0,G1-shared,50,9,1,0,0.0615725211408703
A_native,T0,51,0,7,0,0.10501469954197055
A_native,T0,51,1,7,0,0.0780242709094899
A_native,T0,51,2,7,0,0.11409310306680996
A_native,T0,51,3,7,1,0.11511524432389444
A_native,T0,51,4,2,1,0.08248868325312943
A_native,T0,51,5,7,0,0.09181696453909836
A_native,T0,51,6,7,0,0.1151368853968704
A_native,T0,51,7,2,0,0.17094285661606606
A_native,T0,51,8,7,1,0.08187280156175428
A_native,T0,51,9,2,0,0.11064552261773254
B_fixed_G0,T0,51,0,7,0,0.10501469954197055
B_fixed_G0,T0,51,1,7,0,0.0780242709094899
B_fixed_G0,T0,51,2,7,0,0.11409310306680996
B_fixed_G0,T0,51,3,2,1,0.0642456424190993
B_fixed_G0,T0,51,4,3,1,0.013700309817054055
B_fixed_G0,T0,51,5,7,0,0.09181696453909836
B_fixed_G0,T0,51,6,7,0,0.1151368853968704
B_fixed_G0,T0,51,7,2,0,0.17094285661606606
B_fixed_G0,T0,51,8,9,1,0.01051052476941437
B_fixed_G0,T0,51,9,2,0,0.11064552261773254
A_native,G0-local,51,0,7,0,0.060550277702928985
A_native,G0-local,51,1,7,0,0.03443619356407988
A_native,G0-local,51,2,7,0,0.05049436676125044
A_native,G0-local,51,3,2,0,0.1229743740675464
A_native,G0-local,51,4,3,0,0.014552274654396341
A_native,G0-local,51,5,7,0,0.08565335366110999
A_native,G0-local,51,6,7,0,0.08069978556235519
A_native,G0-local,51,7,2,0,0.16579516057047303
A_native,G0-local,51,8,9,0,0.02555076131500726
A_native,G0-local,51,9,2,0,0.13385002303730636
B_fixed_G0,G0-local,51,0,7,0,0.060550277702928985
B_fixed_G0,G0-local,51,1,7,0,0.03443619356407988
B_fixed_G0,G0-local,51,2,7,0,0.05049436676125044
B_fixed_G0,G0-local,51,3,2,0,0.1229743740675464
B_fixed_G0,G0-local,51,4,3,0,0.014552274654396341
B_fixed_G0,G0-local,51,5,7,0,0.08565335366110999
B_fixed_G0,G0-local,51,6,7,0,0.08069978556235519
B_fixed_G0,G0-local,51,7,2,0,0.16579516057047303
B_fixed_G0,G0-local,51,8,9,0,0.02555076131500726
B_fixed_G0,G0-local,51,9,2,0,0.13385002303730636
A_native,G1-shared,51,0,7,0,0.01829269732716094
A_native,G1-shared,51,1,7,0,0.0630883855512191
A_native,G1-shared,51,2,7,0,0.078729809295722
A_native,G1-shared,51,3,2,0,0.05136510604918394
A_native,G1-shared,51,4,6,1,0.07594739845536216
A_native,G1-shared,51,5,7,0,0.07426131336899693
A_native,G1-shared,51,6,7,0,0.09768600649680032
A_native,G1-shared,51,7,2,0,0.1514512482129604
A_native,G1-shared,51,8,7,1,0.06963725850694502
A_native,G1-shared,51,9,2,0,0.02508061119574626
B_fixed_G0,G1-shared,51,0,7,0,0.01829269732716094
B_fixed_G0,G1-shared,51,1,7,0,0.0630883855512191
B_fixed_G0,G1-shared,51,2,7,0,0.078729809295722
B_fixed_G0,G1-shared,51,3,2,0,0.05136510604918394
B_fixed_G0,G1-shared,51,4,3,1,0.01746771167803133
B_fixed_G0,G1-shared,51,5,7,0,0.07426131336899693
B_fixed_G0,G1-shared,51,6,7,0,0.09768600649680032
B_fixed_G0,G1-shared,51,7,2,0,0.1514512482129604
B_fixed_G0,G1-shared,51,8,9,1,0.007336899272364018
B_fixed_G0,G1-shared,51,9,2,0,0.02508061119574626
A_native,T0,52,0,0,0,0.10843064591218109
A_native,T0,52,1,6,1,0.028383272415383694
A_native,T0,52,2,0,0,0.040827700428448556
A_native,T0,52,3,0,0,0.06784406953646209
A_native,T0,52,4,0,0,0.09838354183885518
A_native,T0,52,5,9,1,0.03007679328834574
A_native,T0,52,6,0,0,0.0780877868813491
A_native,T0,52,7,0,0,0.10698295991636829
A_native,T0,52,8,0,0,0.04891566616698752
A_native,T0,52,9,4,1,0.05099975253716938
B_fixed_G0,T0,52,0,0,0,0.10843064591218109
B_fixed_G0,T0,52,1,0,1,0.02653913490011709
B_fixed_G0,T0,52,2,0,0,0.040827700428448556
B_fixed_G0,T0,52,3,0,0,0.06784406953646209
B_fixed_G0,T0,52,4,0,0,0.09838354183885518
B_fixed_G0,T0,52,5,0,1,-0.004264856658243535
B_fixed_G0,T0,52,6,0,0,0.0780877868813491
B_fixed_G0,T0,52,7,0,0,0.10698295991636829
B_fixed_G0,T0,52,8,0,0,0.04891566616698752
B_fixed_G0,T0,52,9,0,1,0.04048635038032667
A_native,G0-local,52,0,0,0,0.14500286349202537
A_native,G0-local,52,1,0,0,0.0933292316168046
A_native,G0-local,52,2,0,0,0.12008857265754908
A_native,G0-local,52,3,0,0,0.11976582917878943
A_native,G0-local,52,4,0,0,0.14445346959841696
A_native,G0-local,52,5,0,0,0.04755485129493113
A_native,G0-local,52,6,0,0,0.109992041952866
A_native,G0-local,52,7,0,0,0.14351726860889932
A_native,G0-local,52,8,0,0,0.11878678157061458
A_native,G0-local,52,9,0,0,0.1140367405127136
B_fixed_G0,G0-local,52,0,0,0,0.14500286349202537
B_fixed_G0,G0-local,52,1,0,0,0.0933292316168046
B_fixed_G0,G0-local,52,2,0,0,0.12008857265754908
B_fixed_G0,G0-local,52,3,0,0,0.11976582917878943
B_fixed_G0,G0-local,52,4,0,0,0.14445346959841696
B_fixed_G0,G0-local,52,5,0,0,0.04755485129493113
B_fixed_G0,G0-local,52,6,0,0,0.109992041952866
B_fixed_G0,G0-local,52,7,0,0,0.14351726860889932
B_fixed_G0,G0-local,52,8,0,0,0.11878678157061458
B_fixed_G0,G0-local,52,9,0,0,0.1140367405127136
A_native,G1-shared,52,0,0,0,0.09669046710694662
A_native,G1-shared,52,1,6,1,0.03627567763060982
A_native,G1-shared,52,2,6,1,0.056857843784583285
A_native,G1-shared,52,3,6,1,0.05459757451176472
A_native,G1-shared,52,4,0,0,0.08164817954566311
A_native,G1-shared,52,5,6,1,0.0286635363092442
A_native,G1-shared,52,6,6,1,0.044961353457600196
A_native,G1-shared,52,7,6,1,0.07445414660164623
A_native,G1-shared,52,8,6,1,0.03251243771496381
A_native,G1-shared,52,9,6,1,0.03453983615414468
B_fixed_G0,G1-shared,52,0,0,0,0.09669046710694662
B_fixed_G0,G1-shared,52,1,0,1,0.021764069702931165
B_fixed_G0,G1-shared,52,2,0,1,0.055395474670685466
B_fixed_G0,G1-shared,52,3,0,1,0.030400906648494073
B_fixed_G0,G1-shared,52,4,0,0,0.08164817954566311
B_fixed_G0,G1-shared,52,5,0,1,0.026723710467474168
B_fixed_G0,G1-shared,52,6,0,1,0.03360826969258522
B_fixed_G0,G1-shared,52,7,0,1,0.0641988622484205
B_fixed_G0,G1-shared,52,8,0,1,0.02244695585507003
B_fixed_G0,G1-shared,52,9,0,1,0.02970196484662199
A_native,T0,53,0,1,1,0.02954266539267082
A_native,T0,53,1,4,1,0.04056400094791821
A_native,T0,53,2,1,1,0.024538363338278427
A_native,T0,53,3,1,1,0.04426664335973298
A_native,T0,53,4,7,0,0.028200749719364628
A_native,T0,53,5,1,1,0.038421974253054575
A_native,T0,53,6,0,1,0.02246154062702629
A_native,T0,53,7,0,1,0.020072673944879427
A_native,T0,53,8,0,1,0.027690322610007093
A_native,T0,53,9,1,1,0.02245390185542335
B_fixed_G0,T0,53,0,7,1,0.02505654079287352
B_fixed_G0,T0,53,1,7,1,0.03212261184656642
B_fixed_G0,T0,53,2,7,1,0.00925436634317565
B_fixed_G0,T0,53,3,7,1,0.013531524358995415
B_fixed_G0,T0,53,4,7,0,0.028200749719364628
B_fixed_G0,T0,53,5,2,1,0.020831660209331155
B_fixed_G0,T0,53,6,2,1,0.0147851685278585
B_fixed_G0,T0,53,7,2,1,0.009366551602987876
B_fixed_G0,T0,53,8,2,1,0.01817951009267719
B_fixed_G0,T0,53,9,2,1,-0.005408795451945034
A_native,G0-local,53,0,7,0,0.09288861656981409
A_native,G0-local,53,1,7,0,0.08320677161801314
A_native,G0-local,53,2,7,0,0.07223668889399501
A_native,G0-local,53,3,7,0,0.08132631263679296
A_native,G0-local,53,4,7,0,0.07181253510992047
A_native,G0-local,53,5,2,0,0.07742821742838701
A_native,G0-local,53,6,2,0,0.0675738316993638
A_native,G0-local,53,7,2,0,0.06422133179997161
A_native,G0-local,53,8,2,0,0.06922176744524934
A_native,G0-local,53,9,2,0,0.06135718325768471
B_fixed_G0,G0-local,53,0,7,0,0.09288861656981409
B_fixed_G0,G0-local,53,1,7,0,0.08320677161801314
B_fixed_G0,G0-local,53,2,7,0,0.07223668889399501
B_fixed_G0,G0-local,53,3,7,0,0.08132631263679296
B_fixed_G0,G0-local,53,4,7,0,0.07181253510992047
B_fixed_G0,G0-local,53,5,2,0,0.07742821742838701
B_fixed_G0,G0-local,53,6,2,0,0.0675738316993638
B_fixed_G0,G0-local,53,7,2,0,0.06422133179997161
B_fixed_G0,G0-local,53,8,2,0,0.06922176744524934
B_fixed_G0,G0-local,53,9,2,0,0.06135718325768471
A_native,G1-shared,53,0,2,1,0.044707141315353
A_native,G1-shared,53,1,5,1,0.02318712468285108
A_native,G1-shared,53,2,1,1,0.03628725850952261
A_native,G1-shared,53,3,2,1,0.05275204629848283
A_native,G1-shared,53,4,1,1,0.035360846792659516
A_native,G1-shared,53,5,6,1,0.03029897190165232
A_native,G1-shared,53,6,4,1,0.06558179401220282
A_native,G1-shared,53,7,5,1,0.038977896529132354
A_native,G1-shared,53,8,1,1,0.0250011355390183
A_native,G1-shared,53,9,1,1,0.06229585207219467
B_fixed_G0,G1-shared,53,0,7,1,0.015170000363737895
B_fixed_G0,G1-shared,53,1,7,1,0.005300316061250277
B_fixed_G0,G1-shared,53,2,7,1,0.013410029532542767
B_fixed_G0,G1-shared,53,3,7,1,0.028534009908143098
B_fixed_G0,G1-shared,53,4,7,1,0.027107955344993825
B_fixed_G0,G1-shared,53,5,2,1,0.01906688097640146
B_fixed_G0,G1-shared,53,6,2,1,0.0444522220982877
B_fixed_G0,G1-shared,53,7,2,1,0.02328069474905203
B_fixed_G0,G1-shared,53,8,2,1,0.023259562518347283
B_fixed_G0,G1-shared,53,9,2,1,0.056238609367554114
A_native,T0,54,0,6,1,0.039181197333453655
A_native,T0,54,1,2,0,0.07095432125329214
A_native,T0,54,2,7,1,0.03654083654500846
A_native,T0,54,3,6,1,0.031885123982825364
A_native,T0,54,4,6,1,0.05801037739815552
A_native,T0,54,5,2,1,0.03815839812678093
A_native,T0,54,6,1,1,0.02203709963820166
A_native,T0,54,7,4,0,0.065035159253759
A_native,T0,54,8,4,0,0.03968799421530978
A_native,T0,54,9,0,1,0.049342829012106716
B_fixed_G0,T0,54,0,5,1,0.026661049453183545
B_fixed_G0,T0,54,1,2,0,0.07095432125329214
B_fixed_G0,T0,54,2,0,1,0.033004822739802375
B_fixed_G0,T0,54,3,5,1,0.02957931648493066
B_fixed_G0,T0,54,4,4,1,0.04111681634826457
B_fixed_G0,T0,54,5,5,1,0.021893488893581673
B_fixed_G0,T0,54,6,5,1,-0.009387061244655676
B_fixed_G0,T0,54,7,4,0,0.065035159253759
B_fixed_G0,T0,54,8,4,0,0.03968799421530978
B_fixed_G0,T0,54,9,4,1,0.044117296413580434
A_native,G0-local,54,0,5,0,0.07679285534586092
A_native,G0-local,54,1,2,0,0.09447402797468055
A_native,G0-local,54,2,0,0,0.02564411380246655
A_native,G0-local,54,3,5,0,0.10502575462121294
A_native,G0-local,54,4,4,0,0.0702650987573528
A_native,G0-local,54,5,5,0,0.09186175672010842
A_native,G0-local,54,6,5,0,0.06961544817012146
A_native,G0-local,54,7,4,0,0.06767184831282796
A_native,G0-local,54,8,4,0,0.10324148156981196
A_native,G0-local,54,9,4,0,0.08066972190248953
B_fixed_G0,G0-local,54,0,5,0,0.07679285534586092
B_fixed_G0,G0-local,54,1,2,0,0.09447402797468055
B_fixed_G0,G0-local,54,2,0,0,0.02564411380246655
B_fixed_G0,G0-local,54,3,5,0,0.10502575462121294
B_fixed_G0,G0-local,54,4,4,0,0.0702650987573528
B_fixed_G0,G0-local,54,5,5,0,0.09186175672010842
B_fixed_G0,G0-local,54,6,5,0,0.06961544817012146
B_fixed_G0,G0-local,54,7,4,0,0.06767184831282796
B_fixed_G0,G0-local,54,8,4,0,0.10324148156981196
B_fixed_G0,G0-local,54,9,4,0,0.08066972190248953
A_native,G1-shared,54,0,4,1,0.021841138037268153
A_native,G1-shared,54,1,4,1,0.0249613728700619
A_native,G1-shared,54,2,4,1,0.020655359030673077
A_native,G1-shared,54,3,0,1,0.026848658663776805
A_native,G1-shared,54,4,4,0,0.0915257812476522
A_native,G1-shared,54,5,0,1,0.021234497464547527
A_native,G1-shared,54,6,1,1,0.05118259468083522
A_native,G1-shared,54,7,4,0,0.0680865081680406
A_native,G1-shared,54,8,0,1,0.05943854998321763
A_native,G1-shared,54,9,4,0,0.07653266802639674
B_fixed_G0,G1-shared,54,0,5,1,0.015596232377185047
B_fixed_G0,G1-shared,54,1,2,1,0.012308985399180603
B_fixed_G0,G1-shared,54,2,0,1,0.02040907577094734
B_fixed_G0,G1-shared,54,3,5,1,0.024228965418283118
B_fixed_G0,G1-shared,54,4,4,0,0.0915257812476522
B_fixed_G0,G1-shared,54,5,5,1,0.01151166418693457
B_fixed_G0,G1-shared,54,6,5,1,0.021917322094407367
B_fixed_G0,G1-shared,54,7,4,0,0.0680865081680406
B_fixed_G0,G1-shared,54,8,4,1,0.05763510534363675
B_fixed_G0,G1-shared,54,9,4,0,0.07653266802639674
A_native,T0,55,0,8,1,0.06367997596993036
A_native,T0,55,1,8,1,0.06514869779887945
A_native,T0,55,2,0,0,0.03246244733748239
A_native,T0,55,3,4,1,0.056280045142550535
A_native,T0,55,4,8,1,0.0757221232502999
A_native,T0,55,5,0,0,0.08361736642937907
A_native,T0,55,6,0,1,0.04495122683977904
A_native,T0,55,7,8,1,0.08045300652489672
A_native,T0,55,8,0,0,0.07684324537265119
A_native,T0,55,9,2,1,0.05381673706222311
B_fixed_G0,T0,55,0,0,1,0.017841293702187514
B_fixed_G0,T0,55,1,0,1,0.02303577939382788
B_fixed_G0,T0,55,2,0,0,0.03246244733748239
B_fixed_G0,T0,55,3,0,1,0.0352801758291033
B_fixed_G0,T0,55,4,0,1,0.06778266155955838
B_fixed_G0,T0,55,5,0,0,0.08361736642937907
B_fixed_G0,T0,55,6,5,1,0.01973839774583293
B_fixed_G0,T0,55,7,5,1,0.05679827468201716
B_fixed_G0,T0,55,8,0,0,0.07684324537265119
B_fixed_G0,T0,55,9,8,1,0.048005946752352216
A_native,G0-local,55,0,0,0,0.11223713256783982
A_native,G0-local,55,1,0,0,0.11498059446628965
A_native,G0-local,55,2,0,0,0.09655916263566736
A_native,G0-local,55,3,0,0,0.14655538636660956
A_native,G0-local,55,4,0,0,0.13782274591143576
A_native,G0-local,55,5,0,0,0.14324333043810614
A_native,G0-local,55,6,5,0,0.09739440116101739
A_native,G0-local,55,7,5,0,0.1193500268664175
A_native,G0-local,55,8,0,0,0.09852064691241103
A_native,G0-local,55,9,8,0,0.07670959181509036
B_fixed_G0,G0-local,55,0,0,0,0.11223713256783982
B_fixed_G0,G0-local,55,1,0,0,0.11498059446628965
B_fixed_G0,G0-local,55,2,0,0,0.09655916263566736
B_fixed_G0,G0-local,55,3,0,0,0.14655538636660956
B_fixed_G0,G0-local,55,4,0,0,0.13782274591143576
B_fixed_G0,G0-local,55,5,0,0,0.14324333043810614
B_fixed_G0,G0-local,55,6,5,0,0.09739440116101739
B_fixed_G0,G0-local,55,7,5,0,0.1193500268664175
B_fixed_G0,G0-local,55,8,0,0,0.09852064691241103
B_fixed_G0,G0-local,55,9,8,0,0.07670959181509036
A_native,G1-shared,55,0,8,1,0.06528795079573792
A_native,G1-shared,55,1,5,1,0.11907823442316828
A_native,G1-shared,55,2,5,1,0.06410911681964672
A_native,G1-shared,55,3,0,0,0.07936759797835703
A_native,G1-shared,55,4,0,0,0.045868765302499705
A_native,G1-shared,55,5,0,0,0.09550650868554386
A_native,G1-shared,55,6,0,1,0.06395352100972165
A_native,G1-shared,55,7,5,0,0.08429712747377009
A_native,G1-shared,55,8,5,1,0.0836794496019298
A_native,G1-shared,55,9,8,0,0.06318903829323227
B_fixed_G0,G1-shared,55,0,0,1,0.06379134181614025
B_fixed_G0,G1-shared,55,1,0,1,0.08096793253055878
B_fixed_G0,G1-shared,55,2,0,1,0.041294070176314666
B_fixed_G0,G1-shared,55,3,0,0,0.07936759797835703
B_fixed_G0,G1-shared,55,4,0,0,0.045868765302499705
B_fixed_G0,G1-shared,55,5,0,0,0.09550650868554386
B_fixed_G0,G1-shared,55,6,5,1,0.057711349087150754
B_fixed_G0,G1-shared,55,7,5,0,0.08429712747377009
B_fixed_G0,G1-shared,55,8,0,1,0.061468412121809736
B_fixed_G0,G1-shared,55,9,8,0,0.06318903829323227
A_native,T0,56,0,5,0,0.17931395711324355
A_native,T0,56,1,5,1,0.1430588639731141
A_native,T0,56,2,0,0,0.10272651034454895
A_native,T0,56,3,5,1,0.14116577407585262
A_native,T0,56,4,5,0,0.13327430213043687
A_native,T0,56,5,5,0,0.1554809060210055
A_native,T0,56,6,5,1,0.17394589404339056
A_native,T0,56,7,5,0,0.17951471622293347
A_native,T0,56,8,9,0,0.12158758934810404
A_native,T0,56,9,5,0,0.20113640597472668
B_fixed_G0,T0,56,0,5,0,0.17931395711324355
B_fixed_G0,T0,56,1,7,1,0.11104446968318937
B_fixed_G0,T0,56,2,0,0,0.10272651034454895
B_fixed_G0,T0,56,3,7,1,0.13645218535383785
B_fixed_G0,T0,56,4,5,0,0.13327430213043687
B_fixed_G0,T0,56,5,5,0,0.1554809060210055
B_fixed_G0,T0,56,6,7,1,0.1537045351346147
B_fixed_G0,T0,56,7,5,0,0.17951471622293347
B_fixed_G0,T0,56,8,9,0,0.12158758934810404
B_fixed_G0,T0,56,9,5,0,0.20113640597472668
A_native,G0-local,56,0,5,0,0.17742174351617057
A_native,G0-local,56,1,7,0,0.11396806699272634
A_native,G0-local,56,2,0,0,0.06736558378990534
A_native,G0-local,56,3,7,0,0.14650823541765212
A_native,G0-local,56,4,5,0,0.16042466528052213
A_native,G0-local,56,5,5,0,0.13905411808223542
A_native,G0-local,56,6,7,0,0.14703462334360143
A_native,G0-local,56,7,5,0,0.17916713102369397
A_native,G0-local,56,8,9,0,0.14418855944828457
A_native,G0-local,56,9,5,0,0.14153044410462687
B_fixed_G0,G0-local,56,0,5,0,0.17742174351617057
B_fixed_G0,G0-local,56,1,7,0,0.11396806699272634
B_fixed_G0,G0-local,56,2,0,0,0.06736558378990534
B_fixed_G0,G0-local,56,3,7,0,0.14650823541765212
B_fixed_G0,G0-local,56,4,5,0,0.16042466528052213
B_fixed_G0,G0-local,56,5,5,0,0.13905411808223542
B_fixed_G0,G0-local,56,6,7,0,0.14703462334360143
B_fixed_G0,G0-local,56,7,5,0,0.17916713102369397
B_fixed_G0,G0-local,56,8,9,0,0.14418855944828457
B_fixed_G0,G0-local,56,9,5,0,0.14153044410462687
A_native,G1-shared,56,0,5,0,0.0966108658777676
A_native,G1-shared,56,1,5,1,0.050598426886646675
A_native,G1-shared,56,2,0,0,0.09289512968298101
A_native,G1-shared,56,3,7,0,0.07901739796250956
A_native,G1-shared,56,4,5,0,0.07086295594744557
A_native,G1-shared,56,5,5,0,0.13240253249275738
A_native,G1-shared,56,6,7,0,0.11536439537181431
A_native,G1-shared,56,7,5,0,0.17967634051206788
A_native,G1-shared,56,8,7,1,0.11075839647213107
A_native,G1-shared,56,9,5,0,0.07551080633280288
B_fixed_G0,G1-shared,56,0,5,0,0.0966108658777676
B_fixed_G0,G1-shared,56,1,7,1,0.0458520295631202
B_fixed_G0,G1-shared,56,2,0,0,0.09289512968298101
B_fixed_G0,G1-shared,56,3,7,0,0.07901739796250956
B_fixed_G0,G1-shared,56,4,5,0,0.07086295594744557
B_fixed_G0,G1-shared,56,5,5,0,0.13240253249275738
B_fixed_G0,G1-shared,56,6,7,0,0.11536439537181431
B_fixed_G0,G1-shared,56,7,5,0,0.17967634051206788
B_fixed_G0,G1-shared,56,8,9,1,0.08957133094294566
B_fixed_G0,G1-shared,56,9,5,0,0.07551080633280288
A_native,T0,57,0,1,1,0.15998851340869966
A_native,T0,57,1,4,0,0.1371669530368813
A_native,T0,57,2,4,0,0.17902047022151246
A_native,T0,57,3,4,0,0.14196658887014751
A_native,T0,57,4,4,0,0.09673052403230739
A_native,T0,57,5,1,1,0.19190372979586848
A_native,T0,57,6,4,0,0.20217291040922963
A_native,T0,57,7,4,0,0.14376380798788652
A_native,T0,57,8,1,1,0.11109883542496793
A_native,T0,57,9,4,0,0.1737196019258003
B_fixed_G0,T0,57,0,4,1,0.13911146406324407
B_fixed_G0,T0,57,1,4,0,0.1371669530368813
B_fixed_G0,T0,57,2,4,0,0.17902047022151246
B_fixed_G0,T0,57,3,4,0,0.14196658887014751
B_fixed_G0,T0,57,4,4,0,0.09673052403230739
B_fixed_G0,T0,57,5,4,1,0.1710528064021442
B_fixed_G0,T0,57,6,4,0,0.20217291040922963
B_fixed_G0,T0,57,7,4,0,0.14376380798788652
B_fixed_G0,T0,57,8,5,1,0.05070792172627415
B_fixed_G0,T0,57,9,4,0,0.1737196019258003
A_native,G0-local,57,0,4,0,0.195060567269011
A_native,G0-local,57,1,4,0,0.16609690595540136
A_native,G0-local,57,2,4,0,0.23552923121622762
A_native,G0-local,57,3,4,0,0.1903748629800533
A_native,G0-local,57,4,4,0,0.1792795601106601
A_native,G0-local,57,5,4,0,0.20139055299402384
A_native,G0-local,57,6,4,0,0.2510311550202925
A_native,G0-local,57,7,4,0,0.2063643445557971
A_native,G0-local,57,8,5,0,0.14304632635652692
A_native,G0-local,57,9,4,0,0.13019891092661948
B_fixed_G0,G0-local,57,0,4,0,0.195060567269011
B_fixed_G0,G0-local,57,1,4,0,0.16609690595540136
B_fixed_G0,G0-local,57,2,4,0,0.23552923121622762
B_fixed_G0,G0-local,57,3,4,0,0.1903748629800533
B_fixed_G0,G0-local,57,4,4,0,0.1792795601106601
B_fixed_G0,G0-local,57,5,4,0,0.20139055299402384
B_fixed_G0,G0-local,57,6,4,0,0.2510311550202925
B_fixed_G0,G0-local,57,7,4,0,0.2063643445557971
B_fixed_G0,G0-local,57,8,5,0,0.14304632635652692
B_fixed_G0,G0-local,57,9,4,0,0.13019891092661948
A_native,G1-shared,57,0,4,0,0.10837993729680002
A_native,G1-shared,57,1,3,1,0.10638411628755633
A_native,G1-shared,57,2,4,0,0.21912232631753106
A_native,G1-shared,57,3,1,1,0.06362278158550871
A_native,G1-shared,57,4,4,0,0.06610066469735082
A_native,G1-shared,57,5,4,0,0.1845531584614934
A_native,G1-shared,57,6,4,0,0.16986057975119223
A_native,G1-shared,57,7,4,0,0.09247484797117034
A_native,G1-shared,57,8,1,1,0.08829408777490069
A_native,G1-shared,57,9,2,1,0.08541382891294624
B_fixed_G0,G1-shared,57,0,4,0,0.10837993729680002
B_fixed_G0,G1-shared,57,1,4,1,0.07683429787170312
B_fixed_G0,G1-shared,57,2,4,0,0.21912232631753106
B_fixed_G0,G1-shared,57,3,4,1,0.05708894233161612
B_fixed_G0,G1-shared,57,4,4,0,0.06610066469735082
B_fixed_G0,G1-shared,57,5,4,0,0.1845531584614934
B_fixed_G0,G1-shared,57,6,4,0,0.16986057975119223
B_fixed_G0,G1-shared,57,7,4,0,0.09247484797117034
B_fixed_G0,G1-shared,57,8,5,1,0.03697080931466644
B_fixed_G0,G1-shared,57,9,4,1,0.07510367069923758
A_native,T0,58,0,0,1,0.11750080918895069
A_native,T0,58,1,0,0,0.15966558572167286
A_native,T0,58,2,0,0,0.1952165271730046
A_native,T0,58,3,0,0,0.1846414491837671
A_native,T0,58,4,0,0,0.22674181767940318
A_native,T0,58,5,8,0,0.15460691236367718
A_native,T0,58,6,0,0,0.17218352567328737
A_native,T0,58,7,0,0,0.19396191307747643
A_native,T0,58,8,0,0,0.21522316322153084
A_native,T0,58,9,0,0,0.2202778179685022
B_fixed_G0,T0,58,0,5,1,0.0924219597108769
B_fixed_G0,T0,58,1,0,0,0.15966558572167286
B_fixed_G0,T0,58,2,0,0,0.1952165271730046
B_fixed_G0,T0,58,3,0,0,0.1846414491837671
B_fixed_G0,T0,58,4,0,0,0.22674181767940318
B_fixed_G0,T0,58,5,8,0,0.15460691236367718
B_fixed_G0,T0,58,6,0,0,0.17218352567328737
B_fixed_G0,T0,58,7,0,0,0.19396191307747643
B_fixed_G0,T0,58,8,0,0,0.21522316322153084
B_fixed_G0,T0,58,9,0,0,0.2202778179685022
A_native,G0-local,58,0,5,0,0.08282228049915322
A_native,G0-local,58,1,0,0,0.1106500534684425
A_native,G0-local,58,2,0,0,0.17990226217835706
A_native,G0-local,58,3,0,0,0.15174364226073522
A_native,G0-local,58,4,0,0,0.2116835229988712
A_native,G0-local,58,5,8,0,0.20996873029282678
A_native,G0-local,58,6,0,0,0.1608862532215696
A_native,G0-local,58,7,0,0,0.25855312202738484
A_native,G0-local,58,8,0,0,0.0963573660146846
A_native,G0-local,58,9,0,0,0.21968636090466925
B_fixed_G0,G0-local,58,0,5,0,0.08282228049915322
B_fixed_G0,G0-local,58,1,0,0,0.1106500534684425
B_fixed_G0,G0-local,58,2,0,0,0.17990226217835706
B_fixed_G0,G0-local,58,3,0,0,0.15174364226073522
B_fixed_G0,G0-local,58,4,0,0,0.2116835229988712
B_fixed_G0,G0-local,58,5,8,0,0.20996873029282678
B_fixed_G0,G0-local,58,6,0,0,0.1608862532215696
B_fixed_G0,G0-local,58,7,0,0,0.25855312202738484
B_fixed_G0,G0-local,58,8,0,0,0.0963573660146846
B_fixed_G0,G0-local,58,9,0,0,0.21968636090466925
A_native,G1-shared,58,0,0,1,0.08378714314736493
A_native,G1-shared,58,1,0,0,0.09114960959633574
A_native,G1-shared,58,2,5,1,0.10617996191982167
A_native,G1-shared,58,3,5,1,0.08670089294668604
A_native,G1-shared,58,4,7,1,0.08315509892291324
A_native,G1-shared,58,5,0,1,0.1377914231953393
A_native,G1-shared,58,6,8,1,0.08445854865684817
A_native,G1-shared,58,7,0,0,0.10813263030237445
A_native,G1-shared,58,8,7,1,0.07243137546925155
A_native,G1-shared,58,9,0,0,0.11168793092763706
B_fixed_G0,G1-shared,58,0,5,1,0.07862966564675017
B_fixed_G0,G1-shared,58,1,0,0,0.09114960959633574
B_fixed_G0,G1-shared,58,2,0,1,0.08226676344690213
B_fixed_G0,G1-shared,58,3,0,1,0.06205825693999348
B_fixed_G0,G1-shared,58,4,0,1,0.07829148412194395
B_fixed_G0,G1-shared,58,5,8,1,0.13332890980567802
B_fixed_G0,G1-shared,58,6,0,1,0.04952591571084868
B_fixed_G0,G1-shared,58,7,0,0,0.10813263030237445
B_fixed_G0,G1-shared,58,8,0,1,0.06372338723884888
B_fixed_G0,G1-shared,58,9,0,0,0.11168793092763706
A_native,T0,59,0,2,1,0.1203239931781723
A_native,T0,59,1,4,0,0.15554622651467626
A_native,T0,59,2,4,0,0.1819989467315354
A_native,T0,59,3,4,0,0.15891229688314515
A_native,T0,59,4,4,1,0.13798263940759273
A_native,T0,59,5,2,1,0.10702512242384991
A_native,T0,59,6,4,0,0.14753733834031407
A_native,T0,59,7,4,0,0.15102303302134265
A_native,T0,59,8,0,1,0.07055896800888017
A_native,T0,59,9,4,0,0.17269741463358756
B_fixed_G0,T0,59,0,4,1,0.11411420554335595
B_fixed_G0,T0,59,1,4,0,0.15554622651467626
B_fixed_G0,T0,59,2,4,0,0.1819989467315354
B_fixed_G0,T0,59,3,4,0,0.15891229688314515
B_fixed_G0,T0,59,4,8,1,-0.016973429033174822
B_fixed_G0,T0,59,5,8,1,-0.013578794947735917
B_fixed_G0,T0,59,6,4,0,0.14753733834031407
B_fixed_G0,T0,59,7,4,0,0.15102303302134265
B_fixed_G0,T0,59,8,8,1,0.01309116209593246
B_fixed_G0,T0,59,9,4,0,0.17269741463358756
A_native,G0-local,59,0,4,0,0.18299679737700103
A_native,G0-local,59,1,4,0,0.08395787029442872
A_native,G0-local,59,2,4,0,0.2020933113888407
A_native,G0-local,59,3,4,0,0.17542195428688673
A_native,G0-local,59,4,8,0,0.04108337839395558
A_native,G0-local,59,5,8,0,0.07464391252652006
A_native,G0-local,59,6,4,0,0.13718605905520667
A_native,G0-local,59,7,4,0,0.14232357088836461
A_native,G0-local,59,8,8,0,0.08014790774217585
A_native,G0-local,59,9,4,0,0.16434173779237335
B_fixed_G0,G0-local,59,0,4,0,0.18299679737700103
B_fixed_G0,G0-local,59,1,4,0,0.08395787029442872
B_fixed_G0,G0-local,59,2,4,0,0.2020933113888407
B_fixed_G0,G0-local,59,3,4,0,0.17542195428688673
B_fixed_G0,G0-local,59,4,8,0,0.04108337839395558
B_fixed_G0,G0-local,59,5,8,0,0.07464391252652006
B_fixed_G0,G0-local,59,6,4,0,0.13718605905520667
B_fixed_G0,G0-local,59,7,4,0,0.14232357088836461
B_fixed_G0,G0-local,59,8,8,0,0.08014790774217585
B_fixed_G0,G0-local,59,9,4,0,0.16434173779237335
A_native,G1-shared,59,0,4,0,0.07006614489540279
A_native,G1-shared,59,1,4,0,0.077574557041097
A_native,G1-shared,59,2,4,0,0.06273623789523418
A_native,G1-shared,59,3,4,0,0.09526716742785879
A_native,G1-shared,59,4,5,1,0.05092066770890474
A_native,G1-shared,59,5,4,1,0.038932859065255454
A_native,G1-shared,59,6,4,0,0.08594387421236581
A_native,G1-shared,59,7,4,0,0.13405354252557022
A_native,G1-shared,59,8,4,1,0.10225956490426252
A_native,G1-shared,59,9,4,0,0.05572990123129617
B_fixed_G0,G1-shared,59,0,4,0,0.07006614489540279
B_fixed_G0,G1-shared,59,1,4,0,0.077574557041097
B_fixed_G0,G1-shared,59,2,4,0,0.06273623789523418
B_fixed_G0,G1-shared,59,3,4,0,0.09526716742785879
B_fixed_G0,G1-shared,59,4,8,1,0.009511591599074179
B_fixed_G0,G1-shared,59,5,8,1,0.026338752791875163
B_fixed_G0,G1-shared,59,6,4,0,0.08594387421236581
B_fixed_G0,G1-shared,59,7,4,0,0.13405354252557022
B_fixed_G0,G1-shared,59,8,8,1,0.006096788413337185
B_fixed_G0,G1-shared,59,9,4,0,0.05572990123129617
A_native,T0,60,0,8,0,0.05972909833523116
A_native,T0,60,1,9,1,0.04499869795450337
A_native,T0,60,2,8,0,0.0687669402039742
A_native,T0,60,3,8,0,0.0691953248024191
A_native,T0,60,4,4,0,0.1129673269304547
A_native,T0,60,5,1,1,0.08705447904516188
A_native,T0,60,6,5,0,0.05833801828599127
A_native,T0,60,7,5,0,0.07381835750760625
A_native,T0,60,8,6,1,0.04621664572188002
A_native,T0,60,9,8,0,0.09073900330672258
B_fixed_G0,T0,60,0,8,0,0.05972909833523116
B_fixed_G0,T0,60,1,2,1,0.04376878085407672
B_fixed_G0,T0,60,2,8,0,0.0687669402039742
B_fixed_G0,T0,60,3,8,0,0.0691953248024191
B_fixed_G0,T0,60,4,4,0,0.1129673269304547
B_fixed_G0,T0,60,5,2,1,0.024373807113580455
B_fixed_G0,T0,60,6,5,0,0.05833801828599127
B_fixed_G0,T0,60,7,5,0,0.07381835750760625
B_fixed_G0,T0,60,8,9,1,0.005157176101362475
B_fixed_G0,T0,60,9,8,0,0.09073900330672258
A_native,G0-local,60,0,8,0,0.08307434810560793
A_native,G0-local,60,1,2,0,0.0887878273927255
A_native,G0-local,60,2,8,0,0.07566868551560231
A_native,G0-local,60,3,8,0,0.04066037671939344
A_native,G0-local,60,4,4,0,0.1321129766476016
A_native,G0-local,60,5,2,0,0.07500924523401878
A_native,G0-local,60,6,5,0,0.050790849125549695
A_native,G0-local,60,7,5,0,0.09529596411426948
A_native,G0-local,60,8,9,0,0.0492794674485231
A_native,G0-local,60,9,8,0,0.07337623180912617
B_fixed_G0,G0-local,60,0,8,0,0.08307434810560793
B_fixed_G0,G0-local,60,1,2,0,0.0887878273927255
B_fixed_G0,G0-local,60,2,8,0,0.07566868551560231
B_fixed_G0,G0-local,60,3,8,0,0.04066037671939344
B_fixed_G0,G0-local,60,4,4,0,0.1321129766476016
B_fixed_G0,G0-local,60,5,2,0,0.07500924523401878
B_fixed_G0,G0-local,60,6,5,0,0.050790849125549695
B_fixed_G0,G0-local,60,7,5,0,0.09529596411426948
B_fixed_G0,G0-local,60,8,9,0,0.0492794674485231
B_fixed_G0,G0-local,60,9,8,0,0.07337623180912617
A_native,G1-shared,60,0,4,1,0.04201394754640545
A_native,G1-shared,60,1,4,1,0.02436778076560559
A_native,G1-shared,60,2,4,1,0.03770049255041671
A_native,G1-shared,60,3,8,0,0.056526966458094643
A_native,G1-shared,60,4,4,0,0.052043378293575256
A_native,G1-shared,60,5,1,1,0.04866225298874313
A_native,G1-shared,60,6,5,0,0.03348571377364032
A_native,G1-shared,60,7,5,0,0.06210753745849872
A_native,G1-shared,60,8,6,1,0.03484707130577789
A_native,G1-shared,60,9,8,0,0.1104839637223266
B_fixed_G0,G1-shared,60,0,8,1,0.03307524344470348
B_fixed_G0,G1-shared,60,1,2,1,0.02232691543571252
B_fixed_G0,G1-shared,60,2,8,1,0.019634523853801798
B_fixed_G0,G1-shared,60,3,8,0,0.056526966458094643
B_fixed_G0,G1-shared,60,4,4,0,0.052043378293575256
B_fixed_G0,G1-shared,60,5,2,1,0.001503805611866684
B_fixed_G0,G1-shared,60,6,5,0,0.03348571377364032
B_fixed_G0,G1-shared,60,7,5,0,0.06210753745849872
B_fixed_G0,G1-shared,60,8,9,1,0.0010067283911206612
B_fixed_G0,G1-shared,60,9,8,0,0.1104839637223266
A_native,T0,61,0,0,0,0.05240910450334626
A_native,T0,61,1,0,0,0.09454909888711165
A_native,T0,61,2,0,0,0.05610207230859955
A_native,T0,61,3,0,0,0.11160389464913972
A_native,T0,61,4,0,0,0.07273168213893379
A_native,T0,61,5,0,0,0.0532693219698473
A_native,T0,61,6,0,1,0.07252290709744405
A_native,T0,61,7,0,0,0.0972707134279672
A_native,T0,61,8,0,0,0.05972121126759594
A_native,T0,61,9,7,1,0.06964203177134154
B_fixed_G0,T0,61,0,0,0,0.05240910450334626
B_fixed_G0,T0,61,1,0,0,0.09454909888711165
B_fixed_G0,T0,61,2,0,0,0.05610207230859955
B_fixed_G0,T0,61,3,0,0,0.11160389464913972
B_fixed_G0,T0,61,4,0,0,0.07273168213893379
B_fixed_G0,T0,61,5,0,0,0.0532693219698473
B_fixed_G0,T0,61,6,5,1,0.05552140273669836
B_fixed_G0,T0,61,7,0,0,0.0972707134279672
B_fixed_G0,T0,61,8,0,0,0.05972121126759594
B_fixed_G0,T0,61,9,0,1,0.022336433306016187
A_native,G0-local,61,0,0,0,0.09236705513135501
A_native,G0-local,61,1,0,0,0.09610851871528339
A_native,G0-local,61,2,0,0,0.08441946334527455
A_native,G0-local,61,3,0,0,0.15221779504014887
A_native,G0-local,61,4,0,0,0.11726778280772067
A_native,G0-local,61,5,0,0,0.06365796938689189
A_native,G0-local,61,6,5,0,0.08301405673842202
A_native,G0-local,61,7,0,0,0.12753136919191113
A_native,G0-local,61,8,0,0,0.08590990490378315
A_native,G0-local,61,9,0,0,0.08341114498655956
B_fixed_G0,G0-local,61,0,0,0,0.09236705513135501
B_fixed_G0,G0-local,61,1,0,0,0.09610851871528339
B_fixed_G0,G0-local,61,2,0,0,0.08441946334527455
B_fixed_G0,G0-local,61,3,0,0,0.15221779504014887
B_fixed_G0,G0-local,61,4,0,0,0.11726778280772067
B_fixed_G0,G0-local,61,5,0,0,0.06365796938689189
B_fixed_G0,G0-local,61,6,5,0,0.08301405673842202
B_fixed_G0,G0-local,61,7,0,0,0.12753136919191113
B_fixed_G0,G0-local,61,8,0,0,0.08590990490378315
B_fixed_G0,G0-local,61,9,0,0,0.08341114498655956
A_native,G1-shared,61,0,3,1,0.037855399425253136
A_native,G1-shared,61,1,0,0,0.055778185247663245
A_native,G1-shared,61,2,5,1,0.051314591181981284
A_native,G1-shared,61,3,0,0,0.03866725920807522
A_native,G1-shared,61,4,0,0,0.05894369782967458
A_native,G1-shared,61,5,0,0,0.07578034439203349
A_native,G1-shared,61,6,5,0,0.060055054454694744
A_native,G1-shared,61,7,0,0,0.0635010452080787
A_native,G1-shared,61,8,0,0,0.04002180778034185
A_native,G1-shared,61,9,9,1,0.06426132227309295
B_fixed_G0,G1-shared,61,0,0,1,0.026004001845016833
B_fixed_G0,G1-shared,61,1,0,0,0.055778185247663245
B_fixed_G0,G1-shared,61,2,0,1,0.04507334249822198
B_fixed_G0,G1-shared,61,3,0,0,0.03866725920807522
B_fixed_G0,G1-shared,61,4,0,0,0.05894369782967458
B_fixed_G0,G1-shared,61,5,0,0,0.07578034439203349
B_fixed_G0,G1-shared,61,6,5,0,0.060055054454694744
B_fixed_G0,G1-shared,61,7,0,0,0.0635010452080787
B_fixed_G0,G1-shared,61,8,0,0,0.04002180778034185
B_fixed_G0,G1-shared,61,9,0,1,0.04487408773240924
A_native,T0,62,0,3,1,0.02071255989231062
A_native,T0,62,1,7,0,0.02258092742155346
A_native,T0,62,2,8,1,0.025136217396758344
A_native,T0,62,3,3,1,0.043625107317649174
A_native,T0,62,4,3,1,0.02010520149610501
A_native,T0,62,5,7,0,0.03524684334788801
A_native,T0,62,6,1,0,0.029045059079259045
A_native,T0,62,7,3,1,0.022597824827029708
A_native,T0,62,8,3,1,0.018822192994680888
A_native,T0,62,9,7,0,0.020312520721730606
B_fixed_G0,T0,62,0,4,1,0.0022369485773807004
B_fixed_G0,T0,62,1,7,0,0.02258092742155346
B_fixed_G0,T0,62,2,3,1,0.019816560793294528
B_fixed_G0,T0,62,3,2,1,0.03978930424601418
B_fixed_G0,T0,62,4,8,1,0.017995576824195832
B_fixed_G0,T0,62,5,7,0,0.03524684334788801
B_fixed_G0,T0,62,6,1,0,0.029045059079259045
B_fixed_G0,T0,62,7,6,1,0.020884804757942844
B_fixed_G0,T0,62,8,2,1,0.00825002149924056
B_fixed_G0,T0,62,9,7,0,0.020312520721730606
A_native,G0-local,62,0,4,0,0.01801888574840745
A_native,G0-local,62,1,7,0,0.02399392833430898
A_native,G0-local,62,2,3,0,0.06746227451720772
A_native,G0-local,62,3,2,0,0.049956611547843276
A_native,G0-local,62,4,8,0,0.0214793013952319
A_native,G0-local,62,5,7,0,0.04102770346009008
A_native,G0-local,62,6,1,0,0.06962168065584981
A_native,G0-local,62,7,6,0,0.03524618982586901
A_native,G0-local,62,8,2,0,0.020381574228785282
A_native,G0-local,62,9,7,0,0.021105852720333253
B_fixed_G0,G0-local,62,0,4,0,0.01801888574840745
B_fixed_G0,G0-local,62,1,7,0,0.02399392833430898
B_fixed_G0,G0-local,62,2,3,0,0.06746227451720772
B_fixed_G0,G0-local,62,3,2,0,0.049956611547843276
B_fixed_G0,G0-local,62,4,8,0,0.0214793013952319
B_fixed_G0,G0-local,62,5,7,0,0.04102770346009008
B_fixed_G0,G0-local,62,6,1,0,0.06962168065584981
B_fixed_G0,G0-local,62,7,6,0,0.03524618982586901
B_fixed_G0,G0-local,62,8,2,0,0.020381574228785282
B_fixed_G0,G0-local,62,9,7,0,0.021105852720333253
A_native,G1-shared,62,0,3,1,0.013221626800650161
A_native,G1-shared,62,1,3,1,0.011033876792450652
A_native,G1-shared,62,2,4,1,0.012310923508664083
A_native,G1-shared,62,3,8,1,0.010379478777254543
A_native,G1-shared,62,4,1,1,0.01784413772258258
A_native,G1-shared,62,5,7,0,0.01826359371989529
A_native,G1-shared,62,6,9,1,0.013716969329739839
A_native,G1-shared,62,7,3,1,0.013133939721628378
A_native,G1-shared,62,8,8,1,0.007715374279741849
A_native,G1-shared,62,9,7,0,0.015762481513347974
B_fixed_G0,G1-shared,62,0,4,1,0.007267809429163469
B_fixed_G0,G1-shared,62,1,7,1,0.004619769545336907
B_fixed_G0,G1-shared,62,2,3,1,-0.003449773355806364
B_fixed_G0,G1-shared,62,3,2,1,0.003000603806177598
B_fixed_G0,G1-shared,62,4,8,1,0.009885998256065412
B_fixed_G0,G1-shared,62,5,7,0,0.01826359371989529
B_fixed_G0,G1-shared,62,6,1,1,0.006957752095184004
B_fixed_G0,G1-shared,62,7,6,1,0.00832112462634873
B_fixed_G0,G1-shared,62,8,2,1,0.0018657319758652502
B_fixed_G0,G1-shared,62,9,7,0,0.015762481513347974
A_native,T0,63,0,2,0,0.048097654910054535
A_native,T0,63,1,2,0,0.07821983042502621
A_native,T0,63,2,0,1,0.03572725380781288
A_native,T0,63,3,3,1,0.0472908168599342
A_native,T0,63,4,9,1,0.041783260318599476
A_native,T0,63,5,8,1,0.057880696839655375
A_native,T0,63,6,9,1,0.03583832082653159
A_native,T0,63,7,3,0,0.050601018680908466
A_native,T0,63,8,2,0,0.0606040320865081
A_native,T0,63,9,9,0,0.06819726061494459
B_fixed_G0,T0,63,0,2,0,0.048097654910054535
B_fixed_G0,T0,63,1,2,0,0.07821983042502621
B_fixed_G0,T0,63,2,6,1,0.021259315645798617
B_fixed_G0,T0,63,3,2,1,0.03847332547825452
B_fixed_G0,T0,63,4,6,1,0.00713859482924224
B_fixed_G0,T0,63,5,2,1,0.04243030289441488
B_fixed_G0,T0,63,6,6,1,0.027986278839877525
B_fixed_G0,T0,63,7,3,0,0.050601018680908466
B_fixed_G0,T0,63,8,2,0,0.0606040320865081
B_fixed_G0,T0,63,9,9,0,0.06819726061494459
A_native,G0-local,63,0,2,0,0.08442452688599014
A_native,G0-local,63,1,2,0,0.11487989687827606
A_native,G0-local,63,2,6,0,0.08815463872913726
A_native,G0-local,63,3,2,0,0.06012066344959756
A_native,G0-local,63,4,6,0,0.06340802460056025
A_native,G0-local,63,5,2,0,0.06912232023585062
A_native,G0-local,63,6,6,0,0.07590516470125011
A_native,G0-local,63,7,3,0,0.10119976528539748
A_native,G0-local,63,8,2,0,0.08075281832955739
A_native,G0-local,63,9,9,0,0.12717081584718323
B_fixed_G0,G0-local,63,0,2,0,0.08442452688599014
B_fixed_G0,G0-local,63,1,2,0,0.11487989687827606
B_fixed_G0,G0-local,63,2,6,0,0.08815463872913726
B_fixed_G0,G0-local,63,3,2,0,0.06012066344959756
B_fixed_G0,G0-local,63,4,6,0,0.06340802460056025
B_fixed_G0,G0-local,63,5,2,0,0.06912232023585062
B_fixed_G0,G0-local,63,6,6,0,0.07590516470125011
B_fixed_G0,G0-local,63,7,3,0,0.10119976528539748
B_fixed_G0,G0-local,63,8,2,0,0.08075281832955739
B_fixed_G0,G0-local,63,9,9,0,0.12717081584718323
A_native,G1-shared,63,0,9,1,0.023739819104611475
A_native,G1-shared,63,1,9,1,0.0319439025772308
A_native,G1-shared,63,2,9,1,0.022312698764336572
A_native,G1-shared,63,3,9,1,0.039115874704157984
A_native,G1-shared,63,4,3,1,0.016415910478983983
A_native,G1-shared,63,5,8,1,0.036099356657928586
A_native,G1-shared,63,6,6,0,0.026930088500839427
A_native,G1-shared,63,7,3,0,0.023816636449845805
A_native,G1-shared,63,8,0,1,0.023500421685700434
A_native,G1-shared,63,9,9,0,0.04477798367823811
B_fixed_G0,G1-shared,63,0,2,1,0.011170495834499168
B_fixed_G0,G1-shared,63,1,2,1,0.018315022400203152
B_fixed_G0,G1-shared,63,2,6,1,0.012763200740745153
B_fixed_G0,G1-shared,63,3,2,1,0.023114582199683414
B_fixed_G0,G1-shared,63,4,6,1,0.01457008415404871
B_fixed_G0,G1-shared,63,5,2,1,0.03318899535561575
B_fixed_G0,G1-shared,63,6,6,0,0.026930088500839427
B_fixed_G0,G1-shared,63,7,3,0,0.023816636449845805
B_fixed_G0,G1-shared,63,8,2,1,0.012688373080107127
B_fixed_G0,G1-shared,63,9,9,0,0.04477798367823811
A_native,T0,64,0,7,0,0.06922161579352645
A_native,T0,64,1,1,1,0.11040780489734427
A_native,T0,64,2,4,0,0.023811934664250706
A_native,T0,64,3,7,1,0.013777780145764484
A_native,T0,64,4,1,1,0.041643800221046565
A_native,T0,64,5,2,0,0.055755389738368084
A_native,T0,64,6,9,0,0.04742507509951614
A_native,T0,64,7,9,0,0.06719556291851063
A_native,T0,64,8,1,1,0.07504619573713672
A_native,T0,64,9,7,0,0.06811156097091149
B_fixed_G0,T0,64,0,7,0,0.06922161579352645
B_fixed_G0,T0,64,1,4,1,0.021365255643720712
B_fixed_G0,T0,64,2,4,0,0.023811934664250706
B_fixed_G0,T0,64,3,4,1,0.0010593821127556355
B_fixed_G0,T0,64,4,7,1,0.019943054220569394
B_fixed_G0,T0,64,5,2,0,0.055755389738368084
B_fixed_G0,T0,64,6,9,0,0.04742507509951614
B_fixed_G0,T0,64,7,9,0,0.06719556291851063
B_fixed_G0,T0,64,8,0,1,0.0017265056956386616
B_fixed_G0,T0,64,9,7,0,0.06811156097091149
A_native,G0-local,64,0,7,0,0.07613856078615004
A_native,G0-local,64,1,4,0,0.03615159144098141
A_native,G0-local,64,2,4,0,0.03318046420385386
A_native,G0-local,64,3,4,0,0.01646790200315188
A_native,G0-local,64,4,7,0,0.03236998464916545
A_native,G0-local,64,5,2,0,0.06819185435009703
A_native,G0-local,64,6,9,0,0.035337789110152666
A_native,G0-local,64,7,9,0,0.059449483236655346
A_native,G0-local,64,8,0,0,0.04620430608084766
A_native,G0-local,64,9,7,0,0.04596400426299493
B_fixed_G0,G0-local,64,0,7,0,0.07613856078615004
B_fixed_G0,G0-local,64,1,4,0,0.03615159144098141
B_fixed_G0,G0-local,64,2,4,0,0.03318046420385386
B_fixed_G0,G0-local,64,3,4,0,0.01646790200315188
B_fixed_G0,G0-local,64,4,7,0,0.03236998464916545
B_fixed_G0,G0-local,64,5,2,0,0.06819185435009703
B_fixed_G0,G0-local,64,6,9,0,0.035337789110152666
B_fixed_G0,G0-local,64,7,9,0,0.059449483236655346
B_fixed_G0,G0-local,64,8,0,0,0.04620430608084766
B_fixed_G0,G0-local,64,9,7,0,0.04596400426299493
A_native,G1-shared,64,0,7,0,0.04037823897582142
A_native,G1-shared,64,1,1,1,0.10798174654212149
A_native,G1-shared,64,2,1,1,0.01852378987258269
A_native,G1-shared,64,3,1,1,0.06490145900470143
A_native,G1-shared,64,4,1,1,0.06476444800152988
A_native,G1-shared,64,5,1,1,0.09559763483702635
A_native,G1-shared,64,6,1,1,0.021843666619260765
A_native,G1-shared,64,7,1,1,0.17984370130832258
A_native,G1-shared,64,8,1,1,0.0636300751920737
A_native,G1-shared,64,9,1,1,0.030417877265116366
B_fixed_G0,G1-shared,64,0,7,0,0.04037823897582142
B_fixed_G0,G1-shared,64,1,4,1,0.00972851896426063
B_fixed_G0,G1-shared,64,2,4,1,0.010012178315944814
B_fixed_G0,G1-shared,64,3,4,1,-0.005711147201772373
B_fixed_G0,G1-shared,64,4,7,1,0.012352819422226945
B_fixed_G0,G1-shared,64,5,2,1,0.0027860628610344423
B_fixed_G0,G1-shared,64,6,9,1,0.0028832947903846147
B_fixed_G0,G1-shared,64,7,9,1,0.011703227821296689
B_fixed_G0,G1-shared,64,8,0,1,0.021393988039767605
B_fixed_G0,G1-shared,64,9,7,1,0.02431640548822009
A_native,T0,65,0,6,0,0.11480908874346284
A_native,T0,65,1,6,0,0.06439739699926718
A_native,T0,65,2,4,1,0.10828486732134035
A_native,T0,65,3,6,0,0.14604753769839468
A_native,T0,65,4,0,1,0.04079657739711497
A_native,T0,65,5,6,0,0.06048524378560109
A_native,T0,65,6,6,1,0.06043911815937214
A_native,T0,65,7,6,0,0.07685386500536148
A_native,T0,65,8,6,0,0.08902419404403751
A_native,T0,65,9,6,0,0.040300635072986084
B_fixed_G0,T0,65,0,6,0,0.11480908874346284
B_fixed_G0,T0,65,1,6,0,0.06439739699926718
B_fixed_G0,T0,65,2,6,1,0.09292368120320221
B_fixed_G0,T0,65,3,6,0,0.14604753769839468
B_fixed_G0,T0,65,4,6,1,0.03737713255452333
B_fixed_G0,T0,65,5,6,0,0.06048524378560109
B_fixed_G0,T0,65,6,8,1,0.015363938786807484
B_fixed_G0,T0,65,7,6,0,0.07685386500536148
B_fixed_G0,T0,65,8,6,0,0.08902419404403751
B_fixed_G0,T0,65,9,6,0,0.040300635072986084
A_native,G0-local,65,0,6,0,0.12795612413811963
A_native,G0-local,65,1,6,0,0.05725754876658265
A_native,G0-local,65,2,6,0,0.08208901756231009
A_native,G0-local,65,3,6,0,0.1394116140136665
A_native,G0-local,65,4,6,0,0.05982288792393406
A_native,G0-local,65,5,6,0,0.038690652215010155
A_native,G0-local,65,6,8,0,0.03528390022488392
A_native,G0-local,65,7,6,0,0.06897733286575465
A_native,G0-local,65,8,6,0,0.08773863338437948
A_native,G0-local,65,9,6,0,0.022874391222988136
B_fixed_G0,G0-local,65,0,6,0,0.12795612413811963
B_fixed_G0,G0-local,65,1,6,0,0.05725754876658265
B_fixed_G0,G0-local,65,2,6,0,0.08208901756231009
B_fixed_G0,G0-local,65,3,6,0,0.1394116140136665
B_fixed_G0,G0-local,65,4,6,0,0.05982288792393406
B_fixed_G0,G0-local,65,5,6,0,0.038690652215010155
B_fixed_G0,G0-local,65,6,8,0,0.03528390022488392
B_fixed_G0,G0-local,65,7,6,0,0.06897733286575465
B_fixed_G0,G0-local,65,8,6,0,0.08773863338437948
B_fixed_G0,G0-local,65,9,6,0,0.022874391222988136
A_native,G1-shared,65,0,6,0,0.03785885620832178
A_native,G1-shared,65,1,6,0,0.05290078047214715
A_native,G1-shared,65,2,4,1,0.07075289525537883
A_native,G1-shared,65,3,6,0,0.04436467479904027
A_native,G1-shared,65,4,3,1,0.01674760695806389
A_native,G1-shared,65,5,6,0,0.0548355209799532
A_native,G1-shared,65,6,8,0,0.028651618686548218
A_native,G1-shared,65,7,6,0,0.007470777555642525
A_native,G1-shared,65,8,6,0,0.04199956395866419
A_native,G1-shared,65,9,6,0,0.012169965344461868
B_fixed_G0,G1-shared,65,0,6,0,0.03785885620832178
B_fixed_G0,G1-shared,65,1,6,0,0.05290078047214715
B_fixed_G0,G1-shared,65,2,6,1,0.033465938335761745
B_fixed_G0,G1-shared,65,3,6,0,0.04436467479904027
B_fixed_G0,G1-shared,65,4,6,1,0.013153271727266592
B_fixed_G0,G1-shared,65,5,6,0,0.0548355209799532
B_fixed_G0,G1-shared,65,6,8,0,0.028651618686548218
B_fixed_G0,G1-shared,65,7,6,0,0.007470777555642525
B_fixed_G0,G1-shared,65,8,6,0,0.04199956395866419
B_fixed_G0,G1-shared,65,9,6,0,0.012169965344461868
A_native,T0,66,0,0,1,0.05501116286095283
A_native,T0,66,1,2,0,0.034976945704710286
A_native,T0,66,2,0,1,0.09308711586777411
A_native,T0,66,3,0,0,0.04490421816209904
A_native,T0,66,4,0,0,0.05242764274090855
A_native,T0,66,5,0,1,0.04646294878382376
A_native,T0,66,6,0,0,0.03868773851519714
A_native,T0,66,7,4,1,0.05710972854542935
A_native,T0,66,8,4,0,0.08749380030178507
A_native,T0,66,9,0,0,0.08947398945434654
B_fixed_G0,T0,66,0,2,1,0.017132837633699837
B_fixed_G0,T0,66,1,2,0,0.034976945704710286
B_fixed_G0,T0,66,2,4,1,0.0484403060298503
B_fixed_G0,T0,66,3,0,0,0.04490421816209904
B_fixed_G0,T0,66,4,0,0,0.05242764274090855
B_fixed_G0,T0,66,5,2,1,0.027177600660183737
B_fixed_G0,T0,66,6,0,0,0.03868773851519714
B_fixed_G0,T0,66,7,2,1,0.04614653842523102
B_fixed_G0,T0,66,8,4,0,0.08749380030178507
B_fixed_G0,T0,66,9,0,0,0.08947398945434654
A_native,G0-local,66,0,2,0,0.022744440067586427
A_native,G0-local,66,1,2,0,0.05261548886571914
A_native,G0-local,66,2,4,0,0.07187883550998952
A_native,G0-local,66,3,0,0,0.030840135128704652
A_native,G0-local,66,4,0,0,0.04610533607137515
A_native,G0-local,66,5,2,0,0.05124973110988558
A_native,G0-local,66,6,0,0,0.03829488166467002
A_native,G0-local,66,7,2,0,0.06579412366019131
A_native,G0-local,66,8,4,0,0.0918299086231457
A_native,G0-local,66,9,0,0,0.0775164989216333
B_fixed_G0,G0-local,66,0,2,0,0.022744440067586427
B_fixed_G0,G0-local,66,1,2,0,0.05261548886571914
B_fixed_G0,G0-local,66,2,4,0,0.07187883550998952
B_fixed_G0,G0-local,66,3,0,0,0.030840135128704652
B_fixed_G0,G0-local,66,4,0,0,0.04610533607137515
B_fixed_G0,G0-local,66,5,2,0,0.05124973110988558
B_fixed_G0,G0-local,66,6,0,0,0.03829488166467002
B_fixed_G0,G0-local,66,7,2,0,0.06579412366019131
B_fixed_G0,G0-local,66,8,4,0,0.0918299086231457
B_fixed_G0,G0-local,66,9,0,0,0.0775164989216333
A_native,G1-shared,66,0,0,1,0.025721733083461946
A_native,G1-shared,66,1,2,0,0.024701325725868556
A_native,G1-shared,66,2,9,1,0.04861374443093124
A_native,G1-shared,66,3,0,0,0.02964766499236493
A_native,G1-shared,66,4,0,0,0.04557743276532853
A_native,G1-shared,66,5,4,1,0.040617701847694
A_native,G1-shared,66,6,0,0,0.045083791822961974
A_native,G1-shared,66,7,0,1,0.06016413411384318
A_native,G1-shared,66,8,4,0,0.09957804070309315
A_native,G1-shared,66,9,0,0,0.03913798712526992
B_fixed_G0,G1-shared,66,0,2,1,0.01103305539151309
B_fixed_G0,G1-shared,66,1,2,0,0.024701325725868556
B_fixed_G0,G1-shared,66,2,4,1,0.02389606259141365
B_fixed_G0,G1-shared,66,3,0,0,0.02964766499236493
B_fixed_G0,G1-shared,66,4,0,0,0.04557743276532853
B_fixed_G0,G1-shared,66,5,2,1,0.006931758258302564
B_fixed_G0,G1-shared,66,6,0,0,0.045083791822961974
B_fixed_G0,G1-shared,66,7,2,1,0.01934206164719119
B_fixed_G0,G1-shared,66,8,4,0,0.09957804070309315
B_fixed_G0,G1-shared,66,9,0,0,0.03913798712526992
A_native,T0,67,0,0,1,0.045331155646967734
A_native,T0,67,1,0,0,0.09834487889951171
A_native,T0,67,2,1,1,0.01572803325170969
A_native,T0,67,3,1,1,0.04436711958760789
A_native,T0,67,4,0,1,0.044008647581057964
A_native,T0,67,5,0,0,0.026948832694987667
A_native,T0,67,6,0,0,0.05537315794265783
A_native,T0,67,7,1,1,0.027940977908664295
A_native,T0,67,8,1,0,0.06874905859818442
A_native,T0,67,9,0,1,0.034982665842784665
B_fixed_G0,T0,67,0,4,1,0.039854073471754556
B_fixed_G0,T0,67,1,0,0,0.09834487889951171
B_fixed_G0,T0,67,2,4,1,-0.004300006562756725
B_fixed_G0,T0,67,3,0,1,0.013857062895115761
B_fixed_G0,T0,67,4,7,1,-0.07608566814064101
B_fixed_G0,T0,67,5,0,0,0.026948832694987667
B_fixed_G0,T0,67,6,0,0,0.05537315794265783
B_fixed_G0,T0,67,7,0,1,0.018493471549365315
B_fixed_G0,T0,67,8,1,0,0.06874905859818442
B_fixed_G0,T0,67,9,4,1,0.026551239045934986
A_native,G0-local,67,0,4,0,0.03583960696037729
A_native,G0-local,67,1,0,0,0.0708843371158863
A_native,G0-local,67,2,4,0,0.014823586246677532
A_native,G0-local,67,3,0,0,0.03207074587153129
A_native,G0-local,67,4,7,0,0.05643134919957928
A_native,G0-local,67,5,0,0,0.02080689135612794
A_native,G0-local,67,6,0,0,0.03236004860979085
A_native,G0-local,67,7,0,0,0.01615010491117401
A_native,G0-local,67,8,1,0,0.05249395580844082
A_native,G0-local,67,9,4,0,0.050833411106270446
B_fixed_G0,G0-local,67,0,4,0,0.03583960696037729
B_fixed_G0,G0-local,67,1,0,0,0.0708843371158863
B_fixed_G0,G0-local,67,2,4,0,0.014823586246677532
B_fixed_G0,G0-local,67,3,0,0,0.03207074587153129
B_fixed_G0,G0-local,67,4,7,0,0.05643134919957928
B_fixed_G0,G0-local,67,5,0,0,0.02080689135612794
B_fixed_G0,G0-local,67,6,0,0,0.03236004860979085
B_fixed_G0,G0-local,67,7,0,0,0.01615010491117401
B_fixed_G0,G0-local,67,8,1,0,0.05249395580844082
B_fixed_G0,G0-local,67,9,4,0,0.050833411106270446
A_native,G1-shared,67,0,4,0,0.03339906890378062
A_native,G1-shared,67,1,0,0,0.09827432485559068
A_native,G1-shared,67,2,4,0,0.019753947707920484
A_native,G1-shared,67,3,1,1,0.06089341672202336
A_native,G1-shared,67,4,0,1,0.08995718204061498
A_native,G1-shared,67,5,0,0,0.019521588463774414
A_native,G1-shared,67,6,0,0,0.03257450147397825
A_native,G1-shared,67,7,1,1,0.04281951116214284
A_native,G1-shared,67,8,1,0,0.0318389850412646
A_native,G1-shared,67,9,0,1,0.04364182608325407
B_fixed_G0,G1-shared,67,0,4,0,0.03339906890378062
B_fixed_G0,G1-shared,67,1,0,0,0.09827432485559068
B_fixed_G0,G1-shared,67,2,4,0,0.019753947707920484
B_fixed_G0,G1-shared,67,3,0,1,0.02872124070400005
B_fixed_G0,G1-shared,67,4,7,1,-0.03102477742925547
B_fixed_G0,G1-shared,67,5,0,0,0.019521588463774414
B_fixed_G0,G1-shared,67,6,0,0,0.03257450147397825
B_fixed_G0,G1-shared,67,7,0,1,0.0415215797402903
B_fixed_G0,G1-shared,67,8,1,0,0.0318389850412646
B_fixed_G0,G1-shared,67,9,4,1,0.012564311226069276
A_native,T0,68,0,8,0,0.008913541774061099
A_native,T0,68,1,2,0,0.02628450024595928
A_native,T0,68,2,2,0,0.05683219665534542
A_native,T0,68,3,2,1,0.010329305816663794
A_native,T0,68,4,2,1,0.042079979236683204
A_native,T0,68,5,2,0,0.06102282780060845
A_native,T0,68,6,3,0,0.02298971262711415
A_native,T0,68,7,3,1,0.02145024205675467
A_native,T0,68,8,7,1,0.0390785491651448
A_native,T0,68,9,0,0,0.03621530580052682
B_fixed_G0,T0,68,0,8,0,0.008913541774061099
B_fixed_G0,T0,68,1,2,0,0.02628450024595928
B_fixed_G0,T0,68,2,2,0,0.05683219665534542
B_fixed_G0,T0,68,3,7,1,0.010029603639755682
B_fixed_G0,T0,68,4,9,1,-0.0008667652182562163
B_fixed_G0,T0,68,5,2,0,0.06102282780060845
B_fixed_G0,T0,68,6,3,0,0.02298971262711415
B_fixed_G0,T0,68,7,2,1,0.017299964458201592
B_fixed_G0,T0,68,8,9,1,0.019586237967246838
B_fixed_G0,T0,68,9,0,0,0.03621530580052682
A_native,G0-local,68,0,8,0,0.010281636685014368
A_native,G0-local,68,1,2,0,0.013922748751633358
A_native,G0-local,68,2,2,0,0.058780785988098404
A_native,G0-local,68,3,7,0,0.035486469890269545
A_native,G0-local,68,4,9,0,0.03507422812977671
A_native,G0-local,68,5,2,0,0.046673536484148695
A_native,G0-local,68,6,3,0,0.02581708298789295
A_native,G0-local,68,7,2,0,0.04134038382374761
A_native,G0-local,68,8,9,0,0.05926048062147806
A_native,G0-local,68,9,0,0,0.03828577815713609
B_fixed_G0,G0-local,68,0,8,0,0.010281636685014368
B_fixed_G0,G0-local,68,1,2,0,0.013922748751633358
B_fixed_G0,G0-local,68,2,2,0,0.058780785988098404
B_fixed_G0,G0-local,68,3,7,0,0.035486469890269545
B_fixed_G0,G0-local,68,4,9,0,0.03507422812977671
B_fixed_G0,G0-local,68,5,2,0,0.046673536484148695
B_fixed_G0,G0-local,68,6,3,0,0.02581708298789295
B_fixed_G0,G0-local,68,7,2,0,0.04134038382374761
B_fixed_G0,G0-local,68,8,9,0,0.05926048062147806
B_fixed_G0,G0-local,68,9,0,0,0.03828577815713609
A_native,G1-shared,68,0,3,1,0.0174483479716384
A_native,G1-shared,68,1,2,0,0.010881352787395855
A_native,G1-shared,68,2,7,1,0.025084180655066905
A_native,G1-shared,68,3,8,1,0.004812535614023738
A_native,G1-shared,68,4,2,1,0.03447525562843353
A_native,G1-shared,68,5,2,0,0.026343300632424863
A_native,G1-shared,68,6,9,1,0.007857923345662442
A_native,G1-shared,68,7,3,1,0.009153586715945709
A_native,G1-shared,68,8,7,1,0.08553208798330093
A_native,G1-shared,68,9,7,1,0.015660618531638873
B_fixed_G0,G1-shared,68,0,8,1,0.006592435448244141
B_fixed_G0,G1-shared,68,1,2,0,0.010881352787395855
B_fixed_G0,G1-shared,68,2,2,1,0.016568741013174137
B_fixed_G0,G1-shared,68,3,7,1,-0.002948340202877355
B_fixed_G0,G1-shared,68,4,9,1,0.016918532265696395
B_fixed_G0,G1-shared,68,5,2,0,0.026343300632424863
B_fixed_G0,G1-shared,68,6,3,1,0.0005683791814492823
B_fixed_G0,G1-shared,68,7,2,1,0.0051771571526243254
B_fixed_G0,G1-shared,68,8,9,1,0.04047818657840968
B_fixed_G0,G1-shared,68,9,0,1,0.004523121832470525
A_native,T0,69,0,9,1,0.03682175907766317
A_native,T0,69,1,3,1,0.02093664165225877
A_native,T0,69,2,1,0,0.016558931343305796
A_native,T0,69,3,5,0,0.028854289747857895
A_native,T0,69,4,1,0,0.03584124181845256
A_native,T0,69,5,5,0,0.0307265864932889
A_native,T0,69,6,1,0,0.03982443423347714
A_native,T0,69,7,5,1,0.06627472726217355
A_native,T0,69,8,1,1,0.022518056427983484
A_native,T0,69,9,0,1,0.01756466006822793
B_fixed_G0,T0,69,0,1,1,0.027918453351112343
B_fixed_G0,T0,69,1,5,1,0.02042599706876385
B_fixed_G0,T0,69,2,1,0,0.016558931343305796
B_fixed_G0,T0,69,3,5,0,0.028854289747857895
B_fixed_G0,T0,69,4,1,0,0.03584124181845256
B_fixed_G0,T0,69,5,5,0,0.0307265864932889
B_fixed_G0,T0,69,6,1,0,0.03982443423347714
B_fixed_G0,T0,69,7,1,1,0.05923433094799102
B_fixed_G0,T0,69,8,8,1,0.019299370956489356
B_fixed_G0,T0,69,9,1,1,0.010206326294284716
A_native,G0-local,69,0,1,0,0.03973780622313423
A_native,G0-local,69,1,5,0,0.05000313802514717
A_native,G0-local,69,2,1,0,0.03449211576388839
A_native,G0-local,69,3,5,0,0.03832462251039403
A_native,G0-local,69,4,1,0,0.07495177721287802
A_native,G0-local,69,5,5,0,0.06111677542404024
A_native,G0-local,69,6,1,0,0.043715397839613576
A_native,G0-local,69,7,1,0,0.0736665912077573
A_native,G0-local,69,8,8,0,0.11382446697582607
A_native,G0-local,69,9,1,0,0.03696533623662829
B_fixed_G0,G0-local,69,0,1,0,0.03973780622313423
B_fixed_G0,G0-local,69,1,5,0,0.05000313802514717
B_fixed_G0,G0-local,69,2,1,0,0.03449211576388839
B_fixed_G0,G0-local,69,3,5,0,0.03832462251039403
B_fixed_G0,G0-local,69,4,1,0,0.07495177721287802
B_fixed_G0,G0-local,69,5,5,0,0.06111677542404024
B_fixed_G0,G0-local,69,6,1,0,0.043715397839613576
B_fixed_G0,G0-local,69,7,1,0,0.0736665912077573
B_fixed_G0,G0-local,69,8,8,0,0.11382446697582607
B_fixed_G0,G0-local,69,9,1,0,0.03696533623662829
A_native,G1-shared,69,0,5,1,0.010756556401160366
A_native,G1-shared,69,1,5,0,0.06278883842212793
A_native,G1-shared,69,2,5,1,0.016182037243728728
A_native,G1-shared,69,3,5,0,0.047751363958437355
A_native,G1-shared,69,4,1,0,0.07305958444953865
A_native,G1-shared,69,5,5,0,0.04897126965135732
A_native,G1-shared,69,6,5,1,0.04729632426460999
A_native,G1-shared,69,7,5,1,0.029921057800989245
A_native,G1-shared,69,8,5,1,0.024626260076743053
A_native,G1-shared,69,9,0,1,0.01591234504595202
B_fixed_G0,G1-shared,69,0,1,1,0.008562650665105434
B_fixed_G0,G1-shared,69,1,5,0,0.06278883842212793
B_fixed_G0,G1-shared,69,2,1,1,0.0053645598039793845
B_fixed_G0,G1-shared,69,3,5,0,0.047751363958437355
B_fixed_G0,G1-shared,69,4,1,0,0.07305958444953865
B_fixed_G0,G1-shared,69,5,5,0,0.04897126965135732
B_fixed_G0,G1-shared,69,6,1,1,0.04437565366892237
B_fixed_G0,G1-shared,69,7,1,1,0.01300126470902603
B_fixed_G0,G1-shared,69,8,8,1,0.007672945944561843
B_fixed_G0,G1-shared,69,9,1,1,0.005720974477841902
A_native,T0,70,0,2,0,0.038656225178577044
A_native,T0,70,1,4,1,0.05523245594560735
A_native,T0,70,2,4,1,0.028196698394022474
A_native,T0,70,3,4,1,0.02903388050572191
A_native,T0,70,4,2,1,0.04298612904210515
A_native,T0,70,5,4,0,0.031646869003525806
A_native,T0,70,6,0,1,0.0021830927611842287
A_native,T0,70,7,2,0,0.03358172107013715
A_native,T0,70,8,2,0,0.01955685866141193
A_native,T0,70,9,2,1,0.01157859589252614
B_fixed_G0,T0,70,0,2,0,0.038656225178577044
B_fixed_G0,T0,70,1,3,1,0.019673134119959655
B_fixed_G0,T0,70,2,2,1,0.022765270313188056
B_fixed_G0,T0,70,3,2,1,0.02297303879229766
B_fixed_G0,T0,70,4,3,1,-0.001787630610940162
B_fixed_G0,T0,70,5,4,0,0.031646869003525806
B_fixed_G0,T0,70,6,3,1,-0.01349516934384146
B_fixed_G0,T0,70,7,2,0,0.03358172107013715
B_fixed_G0,T0,70,8,2,0,0.01955685866141193
B_fixed_G0,T0,70,9,3,1,0.008437281829788371
A_native,G0-local,70,0,2,0,0.033530270360243294
A_native,G0-local,70,1,3,0,0.05427665403606504
A_native,G0-local,70,2,2,0,0.03166316074932226
A_native,G0-local,70,3,2,0,0.03572851336019696
A_native,G0-local,70,4,3,0,0.019064436430774552
A_native,G0-local,70,5,4,0,0.01765188135229456
A_native,G0-local,70,6,3,0,0.06140443866912083
A_native,G0-local,70,7,2,0,0.01517577857197591
A_native,G0-local,70,8,2,0,0.01689476522760699
A_native,G0-local,70,9,3,0,0.09411050921221366
B_fixed_G0,G0-local,70,0,2,0,0.033530270360243294
B_fixed_G0,G0-local,70,1,3,0,0.05427665403606504
B_fixed_G0,G0-local,70,2,2,0,0.03166316074932226
B_fixed_G0,G0-local,70,3,2,0,0.03572851336019696
B_fixed_G0,G0-local,70,4,3,0,0.019064436430774552
B_fixed_G0,G0-local,70,5,4,0,0.01765188135229456
B_fixed_G0,G0-local,70,6,3,0,0.06140443866912083
B_fixed_G0,G0-local,70,7,2,0,0.01517577857197591
B_fixed_G0,G0-local,70,8,2,0,0.01689476522760699
B_fixed_G0,G0-local,70,9,3,0,0.09411050921221366
A_native,G1-shared,70,0,4,1,0.03339879569401158
A_native,G1-shared,70,1,2,1,0.02963827669144898
A_native,G1-shared,70,2,4,1,0.024712911167765226
A_native,G1-shared,70,3,2,0,0.011931999425917389
A_native,G1-shared,70,4,2,1,0.05295893595982438
A_native,G1-shared,70,5,2,1,0.013384314017309072
A_native,G1-shared,70,6,3,0,0.03432680381749619
A_native,G1-shared,70,7,4,1,0.044244132569198215
A_native,G1-shared,70,8,2,0,0.039278184383505776
A_native,G1-shared,70,9,2,1,0.028967943792363116
B_fixed_G0,G1-shared,70,0,2,1,0.027397664440672743
B_fixed_G0,G1-shared,70,1,3,1,0.02139724867363288
B_fixed_G0,G1-shared,70,2,2,1,0.01342142461807057
B_fixed_G0,G1-shared,70,3,2,0,0.011931999425917389
B_fixed_G0,G1-shared,70,4,3,1,0.0038029237070735635
B_fixed_G0,G1-shared,70,5,4,1,0.007380236954358704
B_fixed_G0,G1-shared,70,6,3,0,0.03432680381749619
B_fixed_G0,G1-shared,70,7,2,1,0.031549985411139764
B_fixed_G0,G1-shared,70,8,2,0,0.039278184383505776
B_fixed_G0,G1-shared,70,9,3,1,0.009885854266672704
A_native,T0,71,0,1,1,0.019748401282349656
A_native,T0,71,1,5,0,0.017820817020437994
A_native,T0,71,2,4,0,0.044236087941078875
A_native,T0,71,3,4,1,0.030149847234042196
A_native,T0,71,4,4,0,0.027813221478646125
A_native,T0,71,5,3,1,0.024556320250040394
A_native,T0,71,6,4,0,0.019605842345151774
A_native,T0,71,7,4,0,0.027463878908407867
A_native,T0,71,8,4,1,0.02305447104376672
A_native,T0,71,9,4,1,0.03551422175800447
B_fixed_G0,T0,71,0,4,1,0.018976501628743536
B_fixed_G0,T0,71,1,5,0,0.017820817020437994
B_fixed_G0,T0,71,2,4,0,0.044236087941078875
B_fixed_G0,T0,71,3,1,1,0.007032246327007096
B_fixed_G0,T0,71,4,4,0,0.027813221478646125
B_fixed_G0,T0,71,5,4,1,0.021480226670900215
B_fixed_G0,T0,71,6,4,0,0.019605842345151774
B_fixed_G0,T0,71,7,4,0,0.027463878908407867
B_fixed_G0,T0,71,8,1,1,0.019192998302719116
B_fixed_G0,T0,71,9,1,1,0.017592325311530745
A_native,G0-local,71,0,4,0,0.039601820511150666
A_native,G0-local,71,1,5,0,0.029795894062797434
A_native,G0-local,71,2,4,0,0.06395786043489492
A_native,G0-local,71,3,1,0,0.0752805824078258
A_native,G0-local,71,4,4,0,0.04998320438613342
A_native,G0-local,71,5,4,0,0.03965459707001355
A_native,G0-local,71,6,4,0,0.03132650226658955
A_native,G0-local,71,7,4,0,0.08119566681527847
A_native,G0-local,71,8,1,0,0.09002819790081204
A_native,G0-local,71,9,1,0,0.07594601648521365
B_fixed_G0,G0-local,71,0,4,0,0.039601820511150666
B_fixed_G0,G0-local,71,1,5,0,0.029795894062797434
B_fixed_G0,G0-local,71,2,4,0,0.06395786043489492
B_fixed_G0,G0-local,71,3,1,0,0.0752805824078258
B_fixed_G0,G0-local,71,4,4,0,0.04998320438613342
B_fixed_G0,G0-local,71,5,4,0,0.03965459707001355
B_fixed_G0,G0-local,71,6,4,0,0.03132650226658955
B_fixed_G0,G0-local,71,7,4,0,0.08119566681527847
B_fixed_G0,G0-local,71,8,1,0,0.09002819790081204
B_fixed_G0,G0-local,71,9,1,0,0.07594601648521365
A_native,G1-shared,71,0,8,1,0.011592736746801629
A_native,G1-shared,71,1,9,1,0.011452150014643328
A_native,G1-shared,71,2,9,1,0.03211500999909799
A_native,G1-shared,71,3,4,1,0.027710264356301844
A_native,G1-shared,71,4,3,1,0.023503504180127487
A_native,G1-shared,71,5,9,1,0.020020175388513764
A_native,G1-shared,71,6,9,1,0.022212810237393313
A_native,G1-shared,71,7,3,1,0.05884709051542151
A_native,G1-shared,71,8,3,1,0.04868560321979601
A_native,G1-shared,71,9,9,1,0.024898345559391903
B_fixed_G0,G1-shared,71,0,4,1,-0.00036249875595216626
B_fixed_G0,G1-shared,71,1,5,1,0.006549214129577667
B_fixed_G0,G1-shared,71,2,4,1,0.011586471196707963
B_fixed_G0,G1-shared,71,3,1,1,0.02711503447884863
B_fixed_G0,G1-shared,71,4,4,1,0.022413811847602876
B_fixed_G0,G1-shared,71,5,4,1,0.004234044213892235
B_fixed_G0,G1-shared,71,6,4,1,0.015886612618039853
B_fixed_G0,G1-shared,71,7,4,1,0.04322138801425839
B_fixed_G0,G1-shared,71,8,1,1,0.02578758350418127
B_fixed_G0,G1-shared,71,9,1,1,-0.0014052125910515973
A_native,T0,72,0,0,0,0.06458831190951365
A_native,T0,72,1,1,1,0.05471871859448061
A_native,T0,72,2,3,1,0.053137949712429515
A_native,T0,72,3,1,1,0.07358048721845163
A_native,T0,72,4,2,0,0.07794738122370784
A_native,T0,72,5,0,1,0.03538283454237651
A_native,T0,72,6,2,0,0.06677005141180241
A_native,T0,72,7,3,1,0.0630301818961356
A_native,T0,72,8,2,0,0.08637175244902678
A_native,T0,72,9,2,0,0.0765050685985188
B_fixed_G0,T0,72,0,0,0,0.06458831190951365
B_fixed_G0,T0,72,1,2,1,0.02746506296001676
B_fixed_G0,T0,72,2,4,1,0.03176465061842081
B_fixed_G0,T0,72,3,2,1,0.0682686093528579
B_fixed_G0,T0,72,4,2,0,0.07794738122370784
B_fixed_G0,T0,72,5,7,1,0.03140585904694706
B_fixed_G0,T0,72,6,2,0,0.06677005141180241
B_fixed_G0,T0,72,7,1,1,0.050677829536347335
B_fixed_G0,T0,72,8,2,0,0.08637175244902678
B_fixed_G0,T0,72,9,2,0,0.0765050685985188
A_native,G0-local,72,0,0,0,0.06738460156114966
A_native,G0-local,72,1,2,0,0.05753116250318332
A_native,G0-local,72,2,4,0,0.06462280137516166
A_native,G0-local,72,3,2,0,0.06861618341448787
A_native,G0-local,72,4,2,0,0.08110076136607335
A_native,G0-local,72,5,7,0,0.046186469718623474
A_native,G0-local,72,6,2,0,0.0697025880301902
A_native,G0-local,72,7,1,0,0.0486725136430967
A_native,G0-local,72,8,2,0,0.11263297918886765
A_native,G0-local,72,9,2,0,0.08266838683271463
B_fixed_G0,G0-local,72,0,0,0,0.06738460156114966
B_fixed_G0,G0-local,72,1,2,0,0.05753116250318332
B_fixed_G0,G0-local,72,2,4,0,0.06462280137516166
B_fixed_G0,G0-local,72,3,2,0,0.06861618341448787
B_fixed_G0,G0-local,72,4,2,0,0.08110076136607335
B_fixed_G0,G0-local,72,5,7,0,0.046186469718623474
B_fixed_G0,G0-local,72,6,2,0,0.0697025880301902
B_fixed_G0,G0-local,72,7,1,0,0.0486725136430967
B_fixed_G0,G0-local,72,8,2,0,0.11263297918886765
B_fixed_G0,G0-local,72,9,2,0,0.08266838683271463
A_native,G1-shared,72,0,2,1,0.03782042540085613
A_native,G1-shared,72,1,2,0,0.028642784478729144
A_native,G1-shared,72,2,1,1,0.0405040109997822
A_native,G1-shared,72,3,0,1,0.0634792569129247
A_native,G1-shared,72,4,2,0,0.021122206172229013
A_native,G1-shared,72,5,7,0,0.04544794011283075
A_native,G1-shared,72,6,7,1,0.03281477911547691
A_native,G1-shared,72,7,7,1,0.02255036829946292
A_native,G1-shared,72,8,2,0,0.034559369774974334
A_native,G1-shared,72,9,6,1,0.023013008837762926
B_fixed_G0,G1-shared,72,0,0,1,0.02805654708226389
B_fixed_G0,G1-shared,72,1,2,0,0.028642784478729144
B_fixed_G0,G1-shared,72,2,4,1,0.03229050593478242
B_fixed_G0,G1-shared,72,3,2,1,0.017015014758886275
B_fixed_G0,G1-shared,72,4,2,0,0.021122206172229013
B_fixed_G0,G1-shared,72,5,7,0,0.04544794011283075
B_fixed_G0,G1-shared,72,6,2,1,0.008358220790785211
B_fixed_G0,G1-shared,72,7,1,1,0.012535095368500502
B_fixed_G0,G1-shared,72,8,2,0,0.034559369774974334
B_fixed_G0,G1-shared,72,9,2,1,0.01612951841171397
A_native,T0,73,0,2,1,0.03467488799488383
A_native,T0,73,1,1,1,0.033960471524714285
A_native,T0,73,2,1,0,0.03768499078543136
A_native,T0,73,3,1,0,0.038331348347827324
A_native,T0,73,4,1,0,0.04496471611673619
A_native,T0,73,5,0,0,0.05973215121809005
A_native,T0,73,6,1,0,0.03624939066182148
A_native,T0,73,7,6,1,0.035659414888943454
A_native,T0,73,8,1,1,0.03086090089261944
A_native,T0,73,9,8,1,0.024480764358109107
B_fixed_G0,T0,73,0,8,1,0.028692669088763063
B_fixed_G0,T0,73,1,8,1,0.017621517590745258
B_fixed_G0,T0,73,2,1,0,0.03768499078543136
B_fixed_G0,T0,73,3,1,0,0.038331348347827324
B_fixed_G0,T0,73,4,1,0,0.04496471611673619
B_fixed_G0,T0,73,5,0,0,0.05973215121809005
B_fixed_G0,T0,73,6,1,0,0.03624939066182148
B_fixed_G0,T0,73,7,8,1,0.02539541563137263
B_fixed_G0,T0,73,8,8,1,0.019048701849203924
B_fixed_G0,T0,73,9,5,1,0.013099330395885822
A_native,G0-local,73,0,8,0,0.02771992311199356
A_native,G0-local,73,1,8,0,-0.0018951797394341113
A_native,G0-local,73,2,1,0,0.033611570017078776
A_native,G0-local,73,3,1,0,0.029863838175472255
A_native,G0-local,73,4,1,0,0.022696470349231692
A_native,G0-local,73,5,0,0,0.014987219450886153
A_native,G0-local,73,6,1,0,0.03290820428310996
A_native,G0-local,73,7,8,0,0.04546756537772405
A_native,G0-local,73,8,8,0,0.006830129261568824
A_native,G0-local,73,9,5,0,0.00886028531555014
B_fixed_G0,G0-local,73,0,8,0,0.02771992311199356
B_fixed_G0,G0-local,73,1,8,0,-0.0018951797394341113
B_fixed_G0,G0-local,73,2,1,0,0.033611570017078776
B_fixed_G0,G0-local,73,3,1,0,0.029863838175472255
B_fixed_G0,G0-local,73,4,1,0,0.022696470349231692
B_fixed_G0,G0-local,73,5,0,0,0.014987219450886153
B_fixed_G0,G0-local,73,6,1,0,0.03290820428310996
B_fixed_G0,G0-local,73,7,8,0,0.04546756537772405
B_fixed_G0,G0-local,73,8,8,0,0.006830129261568824
B_fixed_G0,G0-local,73,9,5,0,0.00886028531555014
A_native,G1-shared,73,0,9,1,0.024741356863677108
A_native,G1-shared,73,1,0,1,0.02133482667378269
A_native,G1-shared,73,2,9,1,0.01017519625510431
A_native,G1-shared,73,3,7,1,0.012061093098845944
A_native,G1-shared,73,4,4,1,0.016745268343556052
A_native,G1-shared,73,5,0,0,0.03734499155451347
A_native,G1-shared,73,6,1,0,0.020683053528215437
A_native,G1-shared,73,7,6,1,0.03858613659546937
A_native,G1-shared,73,8,5,1,0.013728078403990223
A_native,G1-shared,73,9,1,1,0.014244266011677388
B_fixed_G0,G1-shared,73,0,8,1,0.014566205021265868
B_fixed_G0,G1-shared,73,1,8,1,0.01740189709721263
B_fixed_G0,G1-shared,73,2,1,1,-0.001989875106216066
B_fixed_G0,G1-shared,73,3,1,1,0.00362229875844952
B_fixed_G0,G1-shared,73,4,1,1,0.013296926813626235
B_fixed_G0,G1-shared,73,5,0,0,0.03734499155451347
B_fixed_G0,G1-shared,73,6,1,0,0.020683053528215437
B_fixed_G0,G1-shared,73,7,8,1,0.014158629976121195
B_fixed_G0,G1-shared,73,8,8,1,0.007876647773575263
B_fixed_G0,G1-shared,73,9,5,1,0.0038270738295672567
A_native,T0,74,0,6,1,0.035656075913962006
A_native,T0,74,1,4,0,0.042685342444334
A_native,T0,74,2,6,1,0.038611133245452296
A_native,T0,74,3,4,0,0.06114216808200707
A_native,T0,74,4,6,1,0.02704072042951419
A_native,T0,74,5,9,1,0.04077387481927225
A_native,T0,74,6,6,1,0.017313135367172272
A_native,T0,74,7,6,1,0.011036944093878034
A_native,T0,74,8,0,0,0.06472683666540419
A_native,T0,74,9,6,1,0.026823604048689057
B_fixed_G0,T0,74,0,4,1,0.02247696810023574
B_fixed_G0,T0,74,1,4,0,0.042685342444334
B_fixed_G0,T0,74,2,4,1,0.02196547505558449
B_fixed_G0,T0,74,3,4,0,0.06114216808200707
B_fixed_G0,T0,74,4,4,1,0.017513859282205883
B_fixed_G0,T0,74,5,4,1,-0.0005280373744501727
B_fixed_G0,T0,74,6,4,1,0.003372655665395633
B_fixed_G0,T0,74,7,4,1,0.0051468410289395436
B_fixed_G0,T0,74,8,0,0,0.06472683666540419
B_fixed_G0,T0,74,9,2,1,0.005930237241703972
A_native,G0-local,74,0,4,0,0.05403255896215747
A_native,G0-local,74,1,4,0,0.07802384338653325
A_native,G0-local,74,2,4,0,0.03797678902325903
A_native,G0-local,74,3,4,0,0.07183539654320184
A_native,G0-local,74,4,4,0,0.0349563023095214
A_native,G0-local,74,5,4,0,0.021922507813504313
A_native,G0-local,74,6,4,0,0.015469946635376975
A_native,G0-local,74,7,4,0,0.028830237962004304
A_native,G0-local,74,8,0,0,0.04095514157300092
A_native,G0-local,74,9,2,0,0.02074837928727492
B_fixed_G0,G0-local,74,0,4,0,0.05403255896215747
B_fixed_G0,G0-local,74,1,4,0,0.07802384338653325
B_fixed_G0,G0-local,74,2,4,0,0.03797678902325903
B_fixed_G0,G0-local,74,3,4,0,0.07183539654320184
B_fixed_G0,G0-local,74,4,4,0,0.0349563023095214
B_fixed_G0,G0-local,74,5,4,0,0.021922507813504313
B_fixed_G0,G0-local,74,6,4,0,0.015469946635376975
B_fixed_G0,G0-local,74,7,4,0,0.028830237962004304
B_fixed_G0,G0-local,74,8,0,0,0.04095514157300092
B_fixed_G0,G0-local,74,9,2,0,0.02074837928727492
A_native,G1-shared,74,0,6,1,0.035586148687621055
A_native,G1-shared,74,1,6,1,0.019834978316513402
A_native,G1-shared,74,2,6,1,0.0191494306799286
A_native,G1-shared,74,3,4,0,0.03910610127843652
A_native,G1-shared,74,4,6,1,0.024314556850429568
A_native,G1-shared,74,5,6,1,0.01569088615636593
A_native,G1-shared,74,6,3,1,0.008242857236518015
A_native,G1-shared,74,7,6,1,0.025630581917404912
A_native,G1-shared,74,8,2,1,0.017033923039810137
A_native,G1-shared,74,9,5,1,0.011435268567640346
B_fixed_G0,G1-shared,74,0,4,1,0.020037590525053318
B_fixed_G0,G1-shared,74,1,4,1,-0.0011376282793586464
B_fixed_G0,G1-shared,74,2,4,1,0.014433799235845611
B_fixed_G0,G1-shared,74,3,4,0,0.03910610127843652
B_fixed_G0,G1-shared,74,4,4,1,0.012686150646805228
B_fixed_G0,G1-shared,74,5,4,1,-0.0007163556128780868
B_fixed_G0,G1-shared,74,6,4,1,0.0024266000578816527
B_fixed_G0,G1-shared,74,7,4,1,-0.009632683898845909
B_fixed_G0,G1-shared,74,8,0,1,0.008746727876414723
B_fixed_G0,G1-shared,74,9,2,1,-0.0012663332694810502
A_native,T0,75,0,1,1,0.05311183833698172
A_native,T0,75,1,6,1,0.017238065678504846
A_native,T0,75,2,1,0,0.03712740689945062
A_native,T0,75,3,6,0,0.018961531281525747
A_native,T0,75,4,5,0,0.04789219366431438
A_native,T0,75,5,9,1,0.02923531401620253
A_native,T0,75,6,4,1,0.015577203317809202
A_native,T0,75,7,9,0,0.06932070330500967
A_native,T0,75,8,9,0,0.04527651242990313
A_native,T0,75,9,9,0,0.029560611607724295
B_fixed_G0,T0,75,0,9,1,0.04667517258571622
B_fixed_G0,T0,75,1,3,1,0.012850185308750981
B_fixed_G0,T0,75,2,1,0,0.03712740689945062
B_fixed_G0,T0,75,3,6,0,0.018961531281525747
B_fixed_G0,T0,75,4,5,0,0.04789219366431438
B_fixed_G0,T0,75,5,1,1,0.025127651962765892
B_fixed_G0,T0,75,6,9,1,0.015263661419746697
B_fixed_G0,T0,75,7,9,0,0.06932070330500967
B_fixed_G0,T0,75,8,9,0,0.04527651242990313
B_fixed_G0,T0,75,9,9,0,0.029560611607724295
A_native,G0-local,75,0,9,0,0.04897137109959163
A_native,G0-local,75,1,3,0,0.022129096129821935
A_native,G0-local,75,2,1,0,0.04385765565627297
A_native,G0-local,75,3,6,0,0.039679165401200985
A_native,G0-local,75,4,5,0,0.06002983126100718
A_native,G0-local,75,5,1,0,0.032710253936974625
A_native,G0-local,75,6,9,0,0.0339595949038092
A_native,G0-local,75,7,9,0,0.07768357698658174
A_native,G0-local,75,8,9,0,0.04964373449316036
A_native,G0-local,75,9,9,0,0.030810767481599385
B_fixed_G0,G0-local,75,0,9,0,0.04897137109959163
B_fixed_G0,G0-local,75,1,3,0,0.022129096129821935
B_fixed_G0,G0-local,75,2,1,0,0.04385765565627297
B_fixed_G0,G0-local,75,3,6,0,0.039679165401200985
B_fixed_G0,G0-local,75,4,5,0,0.06002983126100718
B_fixed_G0,G0-local,75,5,1,0,0.032710253936974625
B_fixed_G0,G0-local,75,6,9,0,0.0339595949038092
B_fixed_G0,G0-local,75,7,9,0,0.07768357698658174
B_fixed_G0,G0-local,75,8,9,0,0.04964373449316036
B_fixed_G0,G0-local,75,9,9,0,0.030810767481599385
A_native,G1-shared,75,0,6,1,0.02527491246302799
A_native,G1-shared,75,1,6,1,0.029959586384769334
A_native,G1-shared,75,2,6,1,0.017381495218442518
A_native,G1-shared,75,3,3,1,0.029301901859214077
A_native,G1-shared,75,4,9,1,0.049282649222699544
A_native,G1-shared,75,5,1,0,0.03146038908374733
A_native,G1-shared,75,6,7,1,0.02609230701121032
A_native,G1-shared,75,7,9,0,0.028407539617301657
A_native,G1-shared,75,8,9,0,0.032682129219147316
A_native,G1-shared,75,9,4,1,0.012116721983734768
B_fixed_G0,G1-shared,75,0,9,1,0.019379841847700773
B_fixed_G0,G1-shared,75,1,3,1,0.024794997002122097
B_fixed_G0,G1-shared,75,2,1,1,0.011963502681469024
B_fixed_G0,G1-shared,75,3,6,1,0.018083843974759088
B_fixed_G0,G1-shared,75,4,5,1,0.007593946654249371
B_fixed_G0,G1-shared,75,5,1,0,0.03146038908374733
B_fixed_G0,G1-shared,75,6,9,1,0.020698527434968264
B_fixed_G0,G1-shared,75,7,9,0,0.028407539617301657
B_fixed_G0,G1-shared,75,8,9,0,0.032682129219147316
B_fixed_G0,G1-shared,75,9,9,1,0.005014626350059194
A_native,T0,76,0,1,1,0.06267633314770356
A_native,T0,76,1,8,1,0.0663997477294665
A_native,T0,76,2,0,0,0.0584766251371018
A_native,T0,76,3,6,0,0.11154045485902024
A_native,T0,76,4,8,1,0.049126567284667785
A_native,T0,76,5,6,1,0.09968391470049029
A_native,T0,76,6,1,0,0.07366579329755231
A_native,T0,76,7,1,0,0.051876078854143894
A_native,T0,76,8,6,1,0.05972383968430355
A_native,T0,76,9,7,0,0.06591646151788279
B_fixed_G0,T0,76,0,7,1,0.0417554012871008
B_fixed_G0,T0,76,1,7,1,0.04630768177885527
B_fixed_G0,T0,76,2,0,0,0.0584766251371018
B_fixed_G0,T0,76,3,6,0,0.11154045485902024
B_fixed_G0,T0,76,4,7,1,0.020170739356504562
B_fixed_G0,T0,76,5,0,1,0.054896994716335835
B_fixed_G0,T0,76,6,1,0,0.07366579329755231
B_fixed_G0,T0,76,7,1,0,0.051876078854143894
B_fixed_G0,T0,76,8,7,1,0.04886353263558903
B_fixed_G0,T0,76,9,7,0,0.06591646151788279
A_native,G0-local,76,0,7,0,0.09850865213234622
A_native,G0-local,76,1,7,0,0.08846186945156789
A_native,G0-local,76,2,0,0,0.0959968797965036
A_native,G0-local,76,3,6,0,0.10803990242110276
A_native,G0-local,76,4,7,0,0.08384631384319562
A_native,G0-local,76,5,0,0,0.08315205923062609
A_native,G0-local,76,6,1,0,0.10231726705135838
A_native,G0-local,76,7,1,0,0.0519126804445165
A_native,G0-local,76,8,7,0,0.06573040489457821
A_native,G0-local,76,9,7,0,0.10207886304317836
B_fixed_G0,G0-local,76,0,7,0,0.09850865213234622
B_fixed_G0,G0-local,76,1,7,0,0.08846186945156789
B_fixed_G0,G0-local,76,2,0,0,0.0959968797965036
B_fixed_G0,G0-local,76,3,6,0,0.10803990242110276
B_fixed_G0,G0-local,76,4,7,0,0.08384631384319562
B_fixed_G0,G0-local,76,5,0,0,0.08315205923062609
B_fixed_G0,G0-local,76,6,1,0,0.10231726705135838
B_fixed_G0,G0-local,76,7,1,0,0.0519126804445165
B_fixed_G0,G0-local,76,8,7,0,0.06573040489457821
B_fixed_G0,G0-local,76,9,7,0,0.10207886304317836
A_native,G1-shared,76,0,1,1,0.06288569534496041
A_native,G1-shared,76,1,3,1,0.04668181137668693
A_native,G1-shared,76,2,3,1,0.06251382038689997
A_native,G1-shared,76,3,6,0,0.09185900579340384
A_native,G1-shared,76,4,3,1,0.061506855029656145
A_native,G1-shared,76,5,6,1,0.06119057873552957
A_native,G1-shared,76,6,3,1,0.0784004534660737
A_native,G1-shared,76,7,3,1,0.10576756643239364
A_native,G1-shared,76,8,6,1,0.06541349585611496
A_native,G1-shared,76,9,8,1,0.026787536795481216
B_fixed_G0,G1-shared,76,0,7,1,0.04456409914906095
B_fixed_G0,G1-shared,76,1,7,1,0.02510689840067429
B_fixed_G0,G1-shared,76,2,0,1,0.048308375806621416
B_fixed_G0,G1-shared,76,3,6,0,0.09185900579340384
B_fixed_G0,G1-shared,76,4,7,1,0.04920529212440031
B_fixed_G0,G1-shared,76,5,0,1,0.05271852631350448
B_fixed_G0,G1-shared,76,6,1,1,0.06483092561179143
B_fixed_G0,G1-shared,76,7,1,1,0.0639241710922163
B_fixed_G0,G1-shared,76,8,7,1,0.05811573749170774
B_fixed_G0,G1-shared,76,9,7,1,0.02560395006357802
A_native,T0,77,0,3,1,0.06947017452311703
A_native,T0,77,1,4,0,0.1234223358202327
A_native,T0,77,2,5,0,0.08384902372270858
A_native,T0,77,3,6,1,0.0394932233297704
A_native,T0,77,4,3,1,0.12295687464732247
A_native,T0,77,5,5,0,0.03634507077035665
A_native,T0,77,6,4,0,0.11349441923183971
A_native,T0,77,7,4,1,0.0663536985904805
A_native,T0,77,8,5,0,0.06941987311299833
A_native,T0,77,9,7,0,0.05404748993842262
B_fixed_G0,T0,77,0,7,1,0.06525469893600773
B_fixed_G0,T0,77,1,4,0,0.1234223358202327
B_fixed_G0,T0,77,2,5,0,0.08384902372270858
B_fixed_G0,T0,77,3,4,1,0.028830304865446566
B_fixed_G0,T0,77,4,5,1,0.0844506079715048
B_fixed_G0,T0,77,5,5,0,0.03634507077035665
B_fixed_G0,T0,77,6,4,0,0.11349441923183971
B_fixed_G0,T0,77,7,7,1,0.0575099262443141
B_fixed_G0,T0,77,8,5,0,0.06941987311299833
B_fixed_G0,T0,77,9,7,0,0.05404748993842262
A_native,G0-local,77,0,7,0,0.1008171053822365
A_native,G0-local,77,1,4,0,0.11020936460860964
A_native,G0-local,77,2,5,0,0.11352984616413485
A_native,G0-local,77,3,4,0,0.13510792228676874
A_native,G0-local,77,4,5,0,0.07012490628085669
A_native,G0-local,77,5,5,0,0.0679370031622359
A_native,G0-local,77,6,4,0,0.11081634956180884
A_native,G0-local,77,7,7,0,0.07937091367881434
A_native,G0-local,77,8,5,0,0.11373596609030867
A_native,G0-local,77,9,7,0,0.0714786851675499
B_fixed_G0,G0-local,77,0,7,0,0.1008171053822365
B_fixed_G0,G0-local,77,1,4,0,0.11020936460860964
B_fixed_G0,G0-local,77,2,5,0,0.11352984616413485
B_fixed_G0,G0-local,77,3,4,0,0.13510792228676874
B_fixed_G0,G0-local,77,4,5,0,0.07012490628085669
B_fixed_G0,G0-local,77,5,5,0,0.0679370031622359
B_fixed_G0,G0-local,77,6,4,0,0.11081634956180884
B_fixed_G0,G0-local,77,7,7,0,0.07937091367881434
B_fixed_G0,G0-local,77,8,5,0,0.11373596609030867
B_fixed_G0,G0-local,77,9,7,0,0.0714786851675499
A_native,G1-shared,77,0,5,1,0.07602141635724052
A_native,G1-shared,77,1,7,1,0.08615313683831272
A_native,G1-shared,77,2,5,0,0.07034080934544751
A_native,G1-shared,77,3,8,1,0.0454740193276318
A_native,G1-shared,77,4,3,1,0.07246595882579286
A_native,G1-shared,77,5,5,0,0.0626878077869494
A_native,G1-shared,77,6,1,1,0.03995099378045758
A_native,G1-shared,77,7,6,1,0.03264247693619235
A_native,G1-shared,77,8,6,1,0.06606546202636293
A_native,G1-shared,77,9,7,0,0.07390993911249752
B_fixed_G0,G1-shared,77,0,7,1,0.06545468898588024
B_fixed_G0,G1-shared,77,1,4,1,0.08480798515971634
B_fixed_G0,G1-shared,77,2,5,0,0.07034080934544751
B_fixed_G0,G1-shared,77,3,4,1,0.013035285437264255
B_fixed_G0,G1-shared,77,4,5,1,0.06499268630370153
B_fixed_G0,G1-shared,77,5,5,0,0.0626878077869494
B_fixed_G0,G1-shared,77,6,4,1,0.030827601437883875
B_fixed_G0,G1-shared,77,7,7,1,0.012836247460333265
B_fixed_G0,G1-shared,77,8,5,1,0.04807412375160887
B_fixed_G0,G1-shared,77,9,7,0,0.07390993911249752
A_native,T0,78,0,9,1,0.04459298458243805
A_native,T0,78,1,6,0,0.06710238792811313
A_native,T0,78,2,0,0,0.056500323932281084
A_native,T0,78,3,0,0,0.06646151888624288
A_native,T0,78,4,0,1,0.043600835627955116
A_native,T0,78,5,9,1,0.07025564377171445
A_native,T0,78,6,0,0,0.05299111444359372
A_native,T0,78,7,9,1,0.043800518561283856
A_native,T0,78,8,0,0,0.05499850072145843
A_native,T0,78,9,0,1,0.041628697834968705
B_fixed_G0,T0,78,0,0,1,0.032868286758307386
B_fixed_G0,T0,78,1,6,0,0.06710238792811313
B_fixed_G0,T0,78,2,0,0,0.056500323932281084
B_fixed_G0,T0,78,3,0,0,0.06646151888624288
B_fixed_G0,T0,78,4,6,1,0.036189989974186376
B_fixed_G0,T0,78,5,6,1,0.0650494031363729
B_fixed_G0,T0,78,6,0,0,0.05299111444359372
B_fixed_G0,T0,78,7,6,1,0.030513867851873072
B_fixed_G0,T0,78,8,0,0,0.05499850072145843
B_fixed_G0,T0,78,9,5,1,0.040665095271722775
A_native,G0-local,78,0,0,0,0.0338812754318747
A_native,G0-local,78,1,6,0,0.09207048814524445
A_native,G0-local,78,2,0,0,0.04172694198506917
A_native,G0-local,78,3,0,0,0.04535164085611961
A_native,G0-local,78,4,6,0,0.055358279126117405
A_native,G0-local,78,5,6,0,0.07502588326847834
A_native,G0-local,78,6,0,0,0.0758298385440138
A_native,G0-local,78,7,6,0,0.04116708823579323
A_native,G0-local,78,8,0,0,0.07350733305640053
A_native,G0-local,78,9,5,0,0.04566506177629239
B_fixed_G0,G0-local,78,0,0,0,0.0338812754318747
B_fixed_G0,G0-local,78,1,6,0,0.09207048814524445
B_fixed_G0,G0-local,78,2,0,0,0.04172694198506917
B_fixed_G0,G0-local,78,3,0,0,0.04535164085611961
B_fixed_G0,G0-local,78,4,6,0,0.055358279126117405
B_fixed_G0,G0-local,78,5,6,0,0.07502588326847834
B_fixed_G0,G0-local,78,6,0,0,0.0758298385440138
B_fixed_G0,G0-local,78,7,6,0,0.04116708823579323
B_fixed_G0,G0-local,78,8,0,0,0.07350733305640053
B_fixed_G0,G0-local,78,9,5,0,0.04566506177629239
A_native,G1-shared,78,0,0,0,0.02389857559897771
A_native,G1-shared,78,1,5,1,0.037332330179391034
A_native,G1-shared,78,2,6,1,0.02252371844699313
A_native,G1-shared,78,3,0,0,0.03851589382049885
A_native,G1-shared,78,4,6,0,0.034982154461987776
A_native,G1-shared,78,5,6,0,0.03170826813293493
A_native,G1-shared,78,6,0,0,0.008564111963319394
A_native,G1-shared,78,7,6,0,0.028873885691949028
A_native,G1-shared,78,8,0,0,0.04025007263736682
A_native,G1-shared,78,9,5,0,0.029440738133778798
B_fixed_G0,G1-shared,78,0,0,0,0.02389857559897771
B_fixed_G0,G1-shared,78,1,6,1,0.032499549605655535
B_fixed_G0,G1-shared,78,2,0,1,0.014106271197119748
B_fixed_G0,G1-shared,78,3,0,0,0.03851589382049885
B_fixed_G0,G1-shared,78,4,6,0,0.034982154461987776
B_fixed_G0,G1-shared,78,5,6,0,0.03170826813293493
B_fixed_G0,G1-shared,78,6,0,0,0.008564111963319394
B_fixed_G0,G1-shared,78,7,6,0,0.028873885691949028
B_fixed_G0,G1-shared,78,8,0,0,0.04025007263736682
B_fixed_G0,G1-shared,78,9,5,0,0.029440738133778798
A_native,T0,79,0,8,0,0.08210276337006867
A_native,T0,79,1,1,1,0.06667992830172899
A_native,T0,79,2,2,1,0.047809304432192876
A_native,T0,79,3,9,1,0.10651387577258972
A_native,T0,79,4,2,0,0.1154642765114428
A_native,T0,79,5,9,1,0.06406236925058938
A_native,T0,79,6,1,1,0.06632479357649124
A_native,T0,79,7,9,1,0.1345569170457117
A_native,T0,79,8,1,0,0.10925933581735087
A_native,T0,79,9,2,0,0.0769833844490853
B_fixed_G0,T0,79,0,8,0,0.08210276337006867
B_fixed_G0,T0,79,1,0,1,0.04386049035410854
B_fixed_G0,T0,79,2,1,1,0.01920066204691867
B_fixed_G0,T0,79,3,2,1,0.01526958260804439
B_fixed_G0,T0,79,4,2,0,0.1154642765114428
B_fixed_G0,T0,79,5,2,1,0.01490733072548451
B_fixed_G0,T0,79,6,2,1,0.025799583599398414
B_fixed_G0,T0,79,7,4,1,0.06420310819787461
B_fixed_G0,T0,79,8,1,0,0.10925933581735087
B_fixed_G0,T0,79,9,2,0,0.0769833844490853
A_native,G0-local,79,0,8,0,0.06935589138319595
A_native,G0-local,79,1,0,0,0.06806111890929434
A_native,G0-local,79,2,1,0,0.07906284723981725
A_native,G0-local,79,3,2,0,0.12045264123302407
A_native,G0-local,79,4,2,0,0.1535847062888027
A_native,G0-local,79,5,2,0,0.06701345572449345
A_native,G0-local,79,6,2,0,0.049703721624437654
A_native,G0-local,79,7,4,0,0.1041088352348903
A_native,G0-local,79,8,1,0,0.1257113085017773
A_native,G0-local,79,9,2,0,0.11157268189733399
B_fixed_G0,G0-local,79,0,8,0,0.06935589138319595
B_fixed_G0,G0-local,79,1,0,0,0.06806111890929434
B_fixed_G0,G0-local,79,2,1,0,0.07906284723981725
B_fixed_G0,G0-local,79,3,2,0,0.12045264123302407
B_fixed_G0,G0-local,79,4,2,0,0.1535847062888027
B_fixed_G0,G0-local,79,5,2,0,0.06701345572449345
B_fixed_G0,G0-local,79,6,2,0,0.049703721624437654
B_fixed_G0,G0-local,79,7,4,0,0.1041088352348903
B_fixed_G0,G0-local,79,8,1,0,0.1257113085017773
B_fixed_G0,G0-local,79,9,2,0,0.11157268189733399
A_native,G1-shared,79,0,2,1,0.0302374503493563
A_native,G1-shared,79,1,1,1,0.05661420471448043
A_native,G1-shared,79,2,2,1,0.09248257751147258
A_native,G1-shared,79,3,2,0,0.09832620536462665
A_native,G1-shared,79,4,2,0,0.12854533588152478
A_native,G1-shared,79,5,2,0,0.1093948839602355
A_native,G1-shared,79,6,5,1,0.04637979370238263
A_native,G1-shared,79,7,2,1,0.08019491024126468
A_native,G1-shared,79,8,1,0,0.09026967041221594
A_native,G1-shared,79,9,2,0,0.09470461576252348
B_fixed_G0,G1-shared,79,0,8,1,0.020311358355747693
B_fixed_G0,G1-shared,79,1,0,1,0.033222880671027806
B_fixed_G0,G1-shared,79,2,1,1,0.05193359501301925
B_fixed_G0,G1-shared,79,3,2,0,0.09832620536462665
B_fixed_G0,G1-shared,79,4,2,0,0.12854533588152478
B_fixed_G0,G1-shared,79,5,2,0,0.1093948839602355
B_fixed_G0,G1-shared,79,6,2,1,0.04619733958596742
B_fixed_G0,G1-shared,79,7,4,1,0.030025508551723704
B_fixed_G0,G1-shared,79,8,1,0,0.09026967041221594
B_fixed_G0,G1-shared,79,9,2,0,0.09470461576252348
