pairing,model,source,group,ccc,GT_zero_mean_ccc,mean_mismatch,mean_fraction,std_ratio,scale_factor,mean_factor,pearson_r,constant_p,constant_y,pearson_undefined_fraction,pearson_r_within_q10,pearson_r_within_q50,pearson_r_within_q90,std_ratio_within_q10,std_ratio_within_q50,std_ratio_within_q90
A_native,T0,0,AU,0.04801957337140645,0.046701892723471576,0.07989967240053732,0.2507373596954395,1.3110192962637597,0.3674235764940707,0.7492626403045605,0.09083492471443533,0.0,0.5133333333333333,0.5133333333333333,-0.2012891807775874,0.019793572600136058,0.45136671793144584,0.2848113179206848,0.8768688440322876,3.4341854572296135
A_native,T0,0,VA,-0.07201644838354679,-0.10867681720111051,0.0732310336474449,0.5591750363292226,1.7026193022727967,0.8458914760257998,0.4408249636707774,-0.118671790684584,0.0,0.0,0.0,-0.34308860291198245,-0.13083452785911556,0.17015403429558973,0.7948912978172302,1.2069416642189026,2.8119212388992314
A_native,T0,0,expression,0.036978294324302025,0.03623966141713523,0.023464129618194076,0.16244446582518426,50.003578423615544,0.6148757395543425,0.8375555341748158,0.03426522515094894,0.0,0.0,0.0,-0.11072586184961059,-0.007846193630212982,0.25187112535917483,0.6043511033058167,1.6730785965919495,51.08934631347753
A_native,T0,0,all,0.03488348233593678,0.030923681911477378,0.06130680760994008,0.24715864778766045,23.873081321167366,0.484885700635896,0.7528413522123396,0.04045509654646251,0.0,0.308,0.30800000000000005,-0.20906624840800453,-0.005876364065852766,0.3279129691672825,0.4507876932621002,1.2342251539230347,19.362915992736884
B_fixed_G0,T0,0,AU,0.04472556883944955,0.04399426791827853,0.0742266817682815,0.24548685728374575,1.4183189121451123,0.37527151410681353,0.7545131427162541,0.08256834628028513,0.0,0.49333333333333335,0.4933333333333333,-0.13348338507121188,-0.004964354155376332,0.4408084837178821,0.3005319982767105,0.8627636730670929,3.477901816368103
B_fixed_G0,T0,0,VA,-0.05563947105994025,-0.08627791913210053,0.08896877628549442,0.617094136699359,1.6307231456041336,0.84993707816526,0.382905863300641,-0.09224075674018276,0.0,0.0,0.0,-0.34308860291198245,-0.06415944824337734,0.1750365145510826,0.7827185332775116,1.2069416642189026,2.8119212388992314
B_fixed_G0,T0,0,expression,0.020667558542661328,0.019986740378613088,0.027752722411727954,0.170495180612565,59.321050440799446,0.6067416907223782,0.829504819387435,0.030613130781663046,0.0,0.0,0.0,-0.1048482251349596,-0.010004302787847065,0.27665936313508716,0.6404897391796113,1.7853097915649414,107.3301017761242
B_fixed_G0,T0,0,all,0.028997802352526136,0.025890084141555265,0.0605343823355614,0.251218103102217,27.76187917897197,0.48731521574847,0.748781896897783,0.03908766843767647,0.0,0.296,0.29600000000000004,-0.15969501031689348,-0.0066117770469297284,0.3243768042370267,0.38875943422317505,1.2789273858070374,17.590819835662842
A_native,G0-local,0,AU,0.04387252022688996,0.04688709537036867,0.09970445456617794,0.3197715227640489,1.2830997418108694,0.3394984223183726,0.6802284772359511,0.08996036930995557,0.0,0.49333333333333335,0.4933333333333333,-0.16614593328598765,0.008023898929267968,0.45202263935254294,0.00014808843843638897,0.8303199708461761,3.45097815990448
A_native,G0-local,0,VA,-0.11197286430359037,-0.15002578279719542,0.08808466031011174,0.5681938940676751,1.5274278655648232,0.8606667264604251,0.43180610593232494,-0.1556957090882321,0.0,0.0,0.0,-0.544570027260123,-0.09108844621096278,0.21090453429770073,0.7696207880973817,1.0591146349906921,2.756931638717652
A_native,G0-local,0,expression,0.01821665858253983,0.012473615762434578,0.03781002539624487,0.2778262089194161,20.382759568846087,0.4944930183548394,0.7221737910805839,0.023246243215314065,0.0,0.0,0.0,-0.15861749071020262,-0.025834035833584214,0.2782157701215562,0.06888618618249893,0.8294824957847595,35.539668273925784
A_native,G0-local,0,all,0.0231950137382595,0.020121751642424638,0.07896865369131406,0.3262228120380565,9.992527859071645,0.4307901573814062,0.6737771879619434,0.031720303085324475,0.0,0.296,0.29600000000000004,-0.18556211097546893,-0.019322874862410976,0.2953232412356392,0.033554557710886,0.8719628155231476,3.911962151527405
B_fixed_G0,G0-local,0,AU,0.04387252022688996,0.04688709537036867,0.09970445456617794,0.3197715227640489,1.2830997418108694,0.3394984223183726,0.6802284772359511,0.08996036930995557,0.0,0.49333333333333335,0.4933333333333333,-0.16614593328598765,0.008023898929267968,0.45202263935254294,0.00014808843843638897,0.8303199708461761,3.45097815990448
B_fixed_G0,G0-local,0,VA,-0.11197286430359037,-0.15002578279719542,0.08808466031011174,0.5681938940676751,1.5274278655648232,0.8606667264604251,0.43180610593232494,-0.1556957090882321,0.0,0.0,0.0,-0.544570027260123,-0.09108844621096278,0.21090453429770073,0.7696207880973817,1.0591146349906921,2.756931638717652
B_fixed_G0,G0-local,0,expression,0.01821665858253983,0.012473615762434578,0.03781002539624487,0.2778262089194161,20.382759568846087,0.4944930183548394,0.7221737910805839,0.023246243215314065,0.0,0.0,0.0,-0.15861749071020262,-0.025834035833584214,0.2782157701215562,0.06888618618249893,0.8294824957847595,35.539668273925784
B_fixed_G0,G0-local,0,all,0.0231950137382595,0.020121751642424638,0.07896865369131406,0.3262228120380565,9.992527859071645,0.4307901573814062,0.6737771879619434,0.031720303085324475,0.0,0.296,0.29600000000000004,-0.18556211097546893,-0.019322874862410976,0.2953232412356392,0.033554557710886,0.8719628155231476,3.911962151527405
A_native,G1-shared,0,AU,0.04354507871242261,0.0540919452890799,0.061892442565610134,0.2446812733524401,1.1155572234220141,0.32545205506824393,0.75531872664756,0.11758958009297076,0.0,0.5133333333333333,0.5133333333333333,-0.09351877958302623,0.025697394934507456,0.4722081007439075,0.0001975923136342317,0.8935786485671997,3.0414654254913325
A_native,G1-shared,0,VA,-0.06342567852116368,-0.09131625233515003,0.09083204568188621,0.5123214563384321,1.4600166708230973,0.8868052859767003,0.4876785436615679,-0.09259574649023292,0.0,0.0,0.0,-0.3207057160681637,-0.0986726298162705,0.10124731331391917,0.816864401102066,1.3896907567977905,2.2310318231582653
A_native,G1-shared,0,expression,0.02717215895711799,0.03419553732549909,0.03545004363558883,0.23871505375869165,35.156825395234044,0.46309171461851123,0.7612849462413085,0.05139034800817566,0.0,0.0,0.0,-0.0660182619341025,0.032987486335483686,0.18907144213303864,0.047978379577398304,1.2048003673553467,39.5120365142823
A_native,G1-shared,0,all,0.029748083812038226,0.03609243893079565,0.05574604315730541,0.26418329772131993,16.897006025115566,0.41440500459700597,0.73581670227868,0.06267833674934252,0.0,0.308,0.30800000000000005,-0.10516328874367803,0.02386219505137662,0.29997081862783825,0.03541761711239814,1.0627968311309814,6.825206470489513
B_fixed_G0,G1-shared,0,AU,0.032270050397167446,0.03754121765745598,0.06537235862933659,0.24835407926486083,1.1306702500964045,0.3126844820784901,0.7516459207351391,0.07475988867506217,0.0,0.49333333333333335,0.4933333333333333,-0.12448605248702443,-0.01674129554876312,0.4638161713661767,0.00017816328181652352,0.7127969264984131,3.1054283380508423
B_fixed_G0,G1-shared,0,VA,-0.05382042945283908,-0.06156220834723804,0.11538661928786116,0.4742490011482853,1.457986232638359,0.8595683550522345,0.5257509988517148,-0.061714269939681966,0.0,0.0,0.0,-0.3130886052786566,-0.041083611023725014,0.15302175266394613,0.5990685224533081,1.3896907567977905,2.7973008632659915
B_fixed_G0,G1-shared,0,expression,0.01634243962074507,0.015982276388221132,0.047133443706421564,0.24183164650002276,62.642584898514905,0.4527467415124599,0.7581683534999772,0.03012428729515898,0.0,0.0,0.0,-0.0945963781182666,0.030073735429717623,0.13961818980506202,0.07011181972920895,1.2684120535850525,39.5120365142823
B_fixed_G0,G1-shared,0,all,0.020285976560711762,0.022714082370925308,0.06353704670668574,0.2643384945307866,29.12782645193913,0.40125511493526,0.7356615054692135,0.03896255184161252,0.0,0.296,0.29600000000000004,-0.12808222285415538,-0.0009430713081445231,0.24852272818947732,0.01603402616456151,1.0407159924507141,13.724298000335693
A_native,T0,1,AU,0.06462469241790217,0.07211906113875019,0.03358646115353863,0.21480974253407822,0.8408761490966505,0.41272398667161253,0.7851902574659217,0.142349241975295,0.0,0.41333333333333333,0.41333333333333333,-0.11399418937176499,0.05421305713644478,0.5046354633867947,0.00031609526777174327,0.7259669899940491,1.5280673265457152
A_native,T0,1,VA,0.05061565859262923,0.17881301178563808,0.05242825279341089,0.5338870855224436,1.0628846257925033,0.9164576085605936,0.46611291447755654,0.18571840675795165,0.0,0.0,0.0,-0.21978885755484998,0.21970669493135392,0.48253347735902846,0.685589325428009,0.7653162181377411,1.9582331061363223
A_native,T0,1,expression,0.051466800497346074,0.05490369640313927,0.01501817842108084,0.13805051572042887,273.0888483480667,0.4957892342364203,0.861949484279571,0.07939754637394532,0.0,0.0,0.0,-0.12156049401568407,0.023688550089025096,0.3845741963443671,0.39382368922233585,1.5255604982376099,1088.6435119628995
A_native,T0,1,all,0.059293444297302385,0.07514566047510571,0.029151954010341923,0.21577297739277965,116.71469500788133,0.47960355564346946,0.7842270226072203,0.12017502733457774,0.0,0.248,0.248,-0.1269446932944814,0.043816646632045445,0.46602164502173654,0.14839565753936768,0.8754642009735107,28.195874214172377
B_fixed_G0,T0,1,AU,-0.03789876157287002,-0.048357208735428404,0.04957412682300439,0.23566485838211174,0.7564335238914045,0.44114440587426695,0.7643351416178882,-0.10241386757998219,0.0,0.38666666666666666,0.3866666666666667,-0.2858784107137059,-0.08610692365364701,0.02087651628974169,0.03215580359101294,0.701204925775528,1.1800711870193483
B_fixed_G0,T0,1,VA,-0.010290079081911298,-0.0227068892271158,0.06211946160984699,0.31446700286015333,0.6965757220983505,0.858671658416595,0.6855329971398467,-0.02885333270962758,0.0,0.0,0.0,-0.23524038990782226,-0.03021491165288067,0.2064777339647507,0.4293173342943192,0.604746550321579,1.0834789156913764
B_fixed_G0,T0,1,expression,-0.021383603331374422,-0.019887816967754383,0.030352814147008217,0.15226517148534188,40.62095364141278,0.5936201496731772,0.8477348285146581,-0.012436781596534411,0.0,0.0,0.0,-0.2467592911262993,-0.005201585319384528,0.16846690955532873,0.09862919077277184,1.0423381328582764,57.868836975097864
B_fixed_G0,T0,1,all,-0.03040521633631472,-0.037194977809107715,0.04442693354963302,0.2152811301333887,17.360415051838533,0.5233388240933045,0.7847188698666114,-0.05726085937121702,0.0,0.232,0.23199999999999998,-0.26362548507593647,-0.042318499273072366,0.16528482314568166,0.09625053107738496,0.7600578367710114,3.658447647094727
A_native,G0-local,1,AU,0.08580190888263806,0.10351348481129093,0.06103888256114742,0.2744567938854108,0.6956495161280837,0.37391391019008136,0.7255432061145893,0.18686014849085647,0.0,0.38666666666666666,0.3866666666666667,-0.06420152215055759,0.16034733530675976,0.46447791235494457,6.670589427812955e-05,0.7641982138156891,1.2564166307449343
A_native,G0-local,1,VA,0.18120575663092223,0.20939731685936738,0.042303491417807516,0.2595554642931042,0.5715139418840408,0.8169753011019723,0.7404445357068958,0.26369441539791316,0.0,0.0,0.0,-0.01537069059628299,0.32387168058210203,0.5082940932144928,0.375173282623291,0.5694412887096405,0.785993850231171
A_native,G0-local,1,expression,0.09953813967094491,0.11230223161876399,0.017116659012595858,0.13599025404360532,14.9120168583926,0.4959945570770595,0.8640097459563947,0.12801349020545788,0.0,0.0,0.0,-0.08997195287361129,0.0920668468872761,0.428959868125959,0.002075365744531155,0.6761221587657928,16.601091575622608
A_native,G0-local,1,all,0.09782981055475898,0.11479659035352842,0.04548493973414373,0.22895539476864848,6.606205119754544,0.44842462846686554,0.7710446052313515,0.1703442770080921,0.0,0.232,0.23199999999999998,-0.08619381837248548,0.15471149696600128,0.47176498570363096,0.0002557303407229483,0.6358236074447632,1.4523249506950382
B_fixed_G0,G0-local,1,AU,0.08580190888263806,0.10351348481129093,0.06103888256114742,0.2744567938854108,0.6956495161280837,0.37391391019008136,0.7255432061145893,0.18686014849085647,0.0,0.38666666666666666,0.3866666666666667,-0.06420152215055759,0.16034733530675976,0.46447791235494457,6.670589427812955e-05,0.7641982138156891,1.2564166307449343
B_fixed_G0,G0-local,1,VA,0.18120575663092223,0.20939731685936738,0.042303491417807516,0.2595554642931042,0.5715139418840408,0.8169753011019723,0.7404445357068958,0.26369441539791316,0.0,0.0,0.0,-0.01537069059628299,0.32387168058210203,0.5082940932144928,0.375173282623291,0.5694412887096405,0.785993850231171
B_fixed_G0,G0-local,1,expression,0.09953813967094491,0.11230223161876399,0.017116659012595858,0.13599025404360532,14.9120168583926,0.4959945570770595,0.8640097459563947,0.12801349020545788,0.0,0.0,0.0,-0.08997195287361129,0.0920668468872761,0.428959868125959,0.002075365744531155,0.6761221587657928,16.601091575622608
B_fixed_G0,G0-local,1,all,0.09782981055475898,0.11479659035352842,0.04548493973414373,0.22895539476864848,6.606205119754544,0.44842462846686554,0.7710446052313515,0.1703442770080921,0.0,0.232,0.23199999999999998,-0.08619381837248548,0.15471149696600128,0.47176498570363096,0.0002557303407229483,0.6358236074447632,1.4523249506950382
A_native,G1-shared,1,AU,0.039212050841149336,0.043711986481433526,0.05278090581563294,0.2692252408093592,0.6277492029429823,0.31376911704183313,0.7307747591906407,0.07620637488645075,0.0,0.43333333333333335,0.43333333333333335,-0.17605384929490298,0.06170403490330067,0.3281150079668533,7.243175059556962e-05,0.5948148965835571,1.3391336917877197
A_native,G1-shared,1,VA,0.033888561826649025,0.06791483688883952,0.03291418209137006,0.3702942771025469,0.8232709467411041,0.8705714906358223,0.6297057228974532,0.08536030096003422,0.0,0.0,0.0,-0.3070894538493521,0.13653582993027225,0.3514019867313542,0.4008196473121643,0.7104914486408234,1.2717150449752814
A_native,G1-shared,1,expression,0.041631982771292826,0.04907207995405375,0.03150386385961164,0.18128557754621058,80.95840621937796,0.4676302157732394,0.8187144224537896,0.06601114871285721,0.0,0.0,0.0,-0.061648156366815546,0.04298939660219699,0.2200876252469692,0.014359952695667744,0.8794687688350677,25.289690971374558
A_native,G1-shared,1,all,0.039560549937635234,0.047363444425264474,0.044382914491765096,0.24917007146860665,35.38646810127142,0.4075488585234023,0.7508299285313933,0.07278724206258148,0.0,0.26,0.26,-0.10299315922872102,0.05702024702056982,0.29774041643430954,0.0002634889708133418,0.7382988929748535,6.1983616828918455
B_fixed_G0,G1-shared,1,AU,-0.008119031445398064,-0.0102426808953185,0.05776065888444252,0.2670616094015884,0.6045663946490513,0.35360142549324797,0.7329383905984116,-0.02155107925902661,0.0,0.38666666666666666,0.3866666666666667,-0.19184359370291967,-0.02188146808299538,0.14190220367859568,0.0001050323546223808,0.5281392335891724,1.1533921957015991
B_fixed_G0,G1-shared,1,VA,0.04626355075995491,0.05358911347391264,0.05990030820202328,0.2993585115171583,0.5655037790536881,0.7549758703829369,0.7006414884828418,0.08042504176405325,0.0,0.0,0.0,-0.11539296562099038,0.06600352338132964,0.33221422587686733,0.2927236557006836,0.49755115807056427,1.0396467804908756
B_fixed_G0,G1-shared,1,expression,0.016090050861332417,0.015566933899554459,0.04998402375161165,0.18324912480855482,20.84765688258749,0.44552970272893483,0.8167508751914452,0.021294743540707345,0.0,0.0,0.0,-0.10526184560627787,-0.010973728231200356,0.18333693418328864,0.017681576125323773,0.8067636787891388,28.3386318206789
B_fixed_G0,G1-shared,1,all,0.003978481469183929,0.0031229393885793383,0.0554433075873431,0.2428253665010633,9.035118408832217,0.4151284297998428,0.7571746334989368,0.0069238595141000265,0.0,0.232,0.23199999999999998,-0.14083345303182293,-0.01223802731983585,0.17033238288802827,0.00024883131991373404,0.5436915159225464,4.461640024185188
A_native,T0,2,AU,0.05531469387604368,0.0604394832080227,0.026118339800518392,0.17315250698395582,0.7913457145815282,0.449786436482988,0.8268474930160442,0.08777627566260937,0.0,0.32,0.31999999999999995,-0.06683306254371021,0.04890448915773031,0.28605740765240095,0.00026690742524806423,0.9372389912605286,1.2546257376670846
A_native,T0,2,VA,0.03817098683277438,0.05481715092951681,0.038284458797534525,0.26731584280341625,0.6884052574634552,0.9102450276028305,0.7326841571965838,0.06205935020656249,0.0,0.0,0.0,-0.22926669846724254,0.07987812726380261,0.28306962330489066,0.49963569939136504,0.680773913860321,0.8309557676315309
A_native,T0,2,expression,0.062336970151438076,0.06363175244839024,0.007587831861943893,0.09549761043165786,46.15049698872026,0.5082144116754843,0.9045023895683422,0.06949502466796463,0.0,0.0,0.0,-0.05002046501237314,0.006907258087995513,0.29342170807508944,0.03266464229673147,0.9537449479103088,37.38249168395996
A_native,T0,2,all,0.056190325720708346,0.061011222782659844,0.021161866779935846,0.15583600695277733,18.74517389670399,0.5053200758341742,0.8441639930472227,0.07798994601561672,0.0,0.192,0.19199999999999995,-0.07043365465546261,0.03146730328451642,0.2918666558702784,0.00362644996494055,0.8948571979999542,5.174132251739503
B_fixed_G0,T0,2,AU,0.025324603778578206,0.02757406062354569,0.046578507815968694,0.20055772073525235,0.9067975353745422,0.41850761893014954,0.7994422792647476,0.03975870911561874,0.0,0.35333333333333333,0.3533333333333334,-0.12151996513669597,-0.00557154926927718,0.2532154332113344,0.0002029496477916837,0.9380393624305725,1.3838478803634662
B_fixed_G0,T0,2,VA,0.035847602937926666,0.07413677835539424,0.0810175960395543,0.34627614349686536,0.8105010852217674,0.9126264970632031,0.6537238565031347,0.08839261196073497,0.0,0.0,0.0,-0.13390875825615461,0.04895213723331458,0.33979151004464014,0.5710630893707276,0.6871674656867981,0.9860868811607368
B_fixed_G0,T0,2,expression,0.04272074104246211,0.04538057186597224,0.019021597563262316,0.13153754903262005,69.24173087841773,0.5093719462816694,0.86846245096738,0.039017770082025185,0.0,0.0,0.0,-0.11878013820307225,0.0076452452335276505,0.27197900448969864,0.05584556087851525,1.0151978135108948,100.10562744140633
B_fixed_G0,T0,2,all,0.03173320763576893,0.036997161639670074,0.0405154235929895,0.19012873961133903,28.64724798431058,0.4871137139332801,0.809871260388661,0.04439527223346058,0.0,0.212,0.21199999999999997,-0.12809388982537154,-0.002105769732879862,0.2901788616389018,0.004858739860355858,0.9326196908950806,6.052326965332032
A_native,G0-local,2,AU,0.045995529298441036,0.05718865133175233,0.07921567365295724,0.26652031783685054,0.6462723625462664,0.35209825854473964,0.7334796821631494,0.10122064649967438,0.0,0.35333333333333333,0.3533333333333334,-0.080389249928302,0.08815252627492845,0.3102661389387712,8.047034207265825e-05,0.5386496186256409,1.0309447050094604
A_native,G0-local,2,VA,0.07099300785311888,0.10661864283006062,0.066401676487341,0.329107628000542,0.6937857136130333,0.8526489401697891,0.670892371999458,0.11691052569691116,0.0,0.0,0.0,-0.21798551078657555,0.15010997651471744,0.40210281290313055,0.42318437099456785,0.5879406034946442,0.9455565810203554
A_native,G0-local,2,expression,0.051063183452028114,0.056011727799905285,0.019915223154484,0.14462049284975356,38.58425859904255,0.4550494011533721,0.8553795071502464,0.08271541982537331,0.0,0.0,0.0,-0.0830649081632886,0.021789336803022766,0.3362358684931546,0.003135739010758698,0.6710483133792877,21.026875495910737
A_native,G0-local,2,all,0.04961697691196314,0.06076643512142594,0.0592144097201965,0.23251935865407483,16.057384880013466,0.425086678709506,0.7674806413459252,0.09529871477378936,0.0,0.212,0.21199999999999997,-0.08969933093117301,0.060745465313497844,0.3331537641317606,0.00017553529760334645,0.6004472374916077,2.173021650314331
B_fixed_G0,G0-local,2,AU,0.045995529298441036,0.05718865133175233,0.07921567365295724,0.26652031783685054,0.6462723625462664,0.35209825854473964,0.7334796821631494,0.10122064649967438,0.0,0.35333333333333333,0.3533333333333334,-0.080389249928302,0.08815252627492845,0.3102661389387712,8.047034207265825e-05,0.5386496186256409,1.0309447050094604
B_fixed_G0,G0-local,2,VA,0.07099300785311888,0.10661864283006062,0.066401676487341,0.329107628000542,0.6937857136130333,0.8526489401697891,0.670892371999458,0.11691052569691116,0.0,0.0,0.0,-0.21798551078657555,0.15010997651471744,0.40210281290313055,0.42318437099456785,0.5879406034946442,0.9455565810203554
B_fixed_G0,G0-local,2,expression,0.051063183452028114,0.056011727799905285,0.019915223154484,0.14462049284975356,38.58425859904255,0.4550494011533721,0.8553795071502464,0.08271541982537331,0.0,0.0,0.0,-0.0830649081632886,0.021789336803022766,0.3362358684931546,0.003135739010758698,0.6710483133792877,21.026875495910737
B_fixed_G0,G0-local,2,all,0.04961697691196314,0.06076643512142594,0.0592144097201965,0.23251935865407483,16.057384880013466,0.425086678709506,0.7674806413459252,0.09529871477378936,0.0,0.212,0.21199999999999997,-0.08969933093117301,0.060745465313497844,0.3331537641317606,0.00017553529760334645,0.6004472374916077,2.173021650314331
A_native,G1-shared,2,AU,0.04013585191238514,0.04564765411194591,0.0571139483962443,0.24096636840658628,0.7273598831782904,0.3942449635800687,0.7590336315934139,0.08545959101674572,0.0,0.34,0.33999999999999997,-0.0551049645948158,0.07329475982559298,0.27145019260866293,7.423644710797818e-05,0.5776808857917786,1.4659978151321413
A_native,G1-shared,2,VA,0.06791363103305181,0.10189743744844164,0.03499214409098491,0.23122899016156273,0.5579963743686676,0.8149379753977515,0.7687710098384373,0.13464575821919447,0.0,0.0,0.0,-0.12470054635593608,0.16778219767963032,0.33390956570623276,0.39373435378074645,0.5244812071323395,0.7318077921867372
A_native,G1-shared,2,expression,0.04900501362187061,0.0640444303772191,0.030365884328071725,0.1648037727454227,7.657215623093362,0.5654674578691194,0.8351962272545773,0.07593522926388245,0.0,0.0,0.0,-0.04219919766453551,0.049200885120652016,0.23120537119457849,0.020963231101632118,0.7113976776599884,2.3989740133285564
A_native,G1-shared,2,all,0.04519620598907382,0.05603460518375299,0.04678482355000833,0.21581534753541207,3.4962100792436837,0.48269160269797956,0.784184652464588,0.08657403525704678,0.0,0.204,0.20399999999999996,-0.04891031383478721,0.0588228098727435,0.27944272125959363,0.0016722183441743258,0.6071926951408386,1.5631734371185306
B_fixed_G0,G1-shared,2,AU,0.021796208143347335,0.027332461766731105,0.07845650148443029,0.26621217384092927,0.6998437791331038,0.3729193943075151,0.7337878261590707,0.055499970628883635,0.0,0.35333333333333333,0.3533333333333334,-0.06806403384113022,0.02756775524361539,0.20735881703042947,0.00010332508827559653,0.5750659704208374,1.4813731908798222
B_fixed_G0,G1-shared,2,VA,0.06016064483212399,0.12216128311747587,0.09605039776355015,0.41883597086764335,0.6628962844610214,0.8495241590288952,0.5811640291323567,0.15243596200807635,0.0,0.0,0.0,-0.004015538519258143,0.16987772199258855,0.3087850048785637,0.4060367405414581,0.5940944254398346,1.0233569383621217
B_fixed_G0,G1-shared,2,expression,0.04319182835679503,0.05732972699136598,0.04675835684304651,0.22295601828187736,46.598238072729146,0.4833655771744373,0.7770439817181226,0.07316192236021217,0.0,0.0,0.0,-0.04238370148997712,0.028652935005495584,0.24615513851161253,0.03294654861092568,0.809117317199707,53.38475799560547
B_fixed_G0,G1-shared,2,all,0.03171196154675273,0.044517892346673846,0.06972060690151706,0.2645801078241698,19.335034609560726,0.4463905540026406,0.7354198921758303,0.07251355421309753,0.0,0.212,0.21199999999999997,-0.06097873741150476,0.041223597834445805,0.2600310100132513,0.0013795454055070878,0.6832625269889832,5.210178089141849
A_native,T0,3,AU,0.05713469157230935,0.05855138555951111,0.0514295802870456,0.23912705353151067,0.7158389267150528,0.39235037963858704,0.7608729464684894,0.09056790495175955,0.0,0.38,0.38,-0.20764851329244988,0.03889649205899285,0.45247000594659315,7.031791465124116e-05,0.7211869955062866,1.2703270673751832
A_native,T0,3,VA,0.008793897436378388,0.10770441674382566,0.10064969539146067,0.6201309276461681,0.8217130869626998,0.9110846968339515,0.3798690723538318,0.11691822788724468,0.0,0.0,0.0,-0.23466144566051297,0.14115672547287222,0.41651455424953976,0.46294284164905547,0.7491464912891388,1.2363506197929386
A_native,T0,3,expression,0.05750196614867871,0.06065509696523288,0.04435150603448803,0.24589238335710278,290.589837724145,0.3995305937514123,0.7541076166428973,0.058339714214217055,0.0,0.0,0.0,-0.14224657948194336,-0.02547449467323924,0.3944777268835485,0.1285406578332186,1.9201035499572754,1754.6614624023464
A_native,T0,3,all,0.05338495590587307,0.06315681570408724,0.053102205734580396,0.2717722690048728,120.88183575054589,0.4361467935303203,0.7282277309951272,0.07993967282588546,0.0,0.228,0.22799999999999998,-0.17384298276934676,0.018112429791635444,0.42152003659308207,0.0003477706108242286,0.7995044589042664,28.760993194580106
B_fixed_G0,T0,3,AU,-0.029804677937971227,-0.03701282332183979,0.07307122523463468,0.2675366817030353,0.7268219778085256,0.39834048198983096,0.7324633182969648,-0.04795659695713029,0.0,0.32666666666666666,0.32666666666666666,-0.30465453625687766,-0.03567632066749267,0.22755176031747246,5.0540980737423524e-05,0.6045989394187927,1.3444492816925049
B_fixed_G0,T0,3,VA,-0.02867483006176798,-0.02504347688823701,0.0409609573687412,0.32478673731369523,0.6682116344571114,0.8437909262546486,0.6752132626863047,-0.037719830956214895,0.0,0.0,0.0,-0.4575184811310799,0.00494477940581606,0.252739657350025,0.3839632123708725,0.6021762192249298,1.1066477417945864
B_fixed_G0,T0,3,expression,-0.013100603686867312,-0.013004299276281318,0.04687978172365055,0.22723634985815067,67.69898821792158,0.5043921131023689,0.7727636501418493,-0.02246939904092663,0.0,0.0,0.0,-0.2457654967120995,-0.028610237772896598,0.2296221843452623,0.1427881717681885,0.8436784446239471,33.82198638916018
B_fixed_G0,T0,3,all,-0.024368986347521715,-0.028372547912572856,0.06212114188184827,0.259220579961525,27.376578656127013,0.4679130394870285,0.740779420038475,-0.03679385490083875,0.0,0.196,0.19599999999999995,-0.3000818745018798,-0.031068638738669142,0.23364006703627652,0.00014697117148898542,0.692492663860321,4.127673625946045
A_native,G0-local,3,AU,0.07486290240061953,0.08945340987943538,0.08098293034734427,0.2892322103138228,0.6332930213163741,0.37828519315945425,0.7107677896861772,0.16037748195077062,0.0,0.32666666666666666,0.32666666666666666,-0.1400435809462968,0.18935853152840715,0.4073406658091297,2.277753628732171e-05,0.6519707441329956,1.1376221179962158
A_native,G0-local,3,VA,0.15975773248972194,0.19609278739873953,0.04539897951800513,0.3278550726454005,0.591128695756197,0.8292147843375661,0.6721449273545994,0.2303464723820062,0.0,0.0,0.0,0.031118645126749434,0.13436466274217274,0.44401380245370803,0.39357309341430663,0.5869915783405304,0.7733518898487092
A_native,G0-local,3,expression,0.05900187247216056,0.06576068481166103,0.03362935254291475,0.18443198940439048,44.432668179482064,0.44503988835208946,0.8155680105956096,0.07182500502188402,0.0,0.0,0.0,-0.11691714696800505,0.012453378105489906,0.4081369908401014,0.009075539628975096,0.45322586596012115,4.77529897689821
A_native,G0-local,3,all,0.07657895923064086,0.0904028880592919,0.06298306938357968,0.2587859686093307,18.06168469366489,0.43572106291534646,0.7412140313906693,0.1320948036140233,0.0,0.196,0.19599999999999995,-0.11671285868737592,0.10229673719928546,0.4214094962510555,8.517882815795019e-05,0.5910727977752686,1.5298042297363281
B_fixed_G0,G0-local,3,AU,0.07486290240061953,0.08945340987943538,0.08098293034734427,0.2892322103138228,0.6332930213163741,0.37828519315945425,0.7107677896861772,0.16037748195077062,0.0,0.32666666666666666,0.32666666666666666,-0.1400435809462968,0.18935853152840715,0.4073406658091297,2.277753628732171e-05,0.6519707441329956,1.1376221179962158
B_fixed_G0,G0-local,3,VA,0.15975773248972194,0.19609278739873953,0.04539897951800513,0.3278550726454005,0.591128695756197,0.8292147843375661,0.6721449273545994,0.2303464723820062,0.0,0.0,0.0,0.031118645126749434,0.13436466274217274,0.44401380245370803,0.39357309341430663,0.5869915783405304,0.7733518898487092
B_fixed_G0,G0-local,3,expression,0.05900187247216056,0.06576068481166103,0.03362935254291475,0.18443198940439048,44.432668179482064,0.44503988835208946,0.8155680105956096,0.07182500502188402,0.0,0.0,0.0,-0.11691714696800505,0.012453378105489906,0.4081369908401014,0.009075539628975096,0.45322586596012115,4.77529897689821
B_fixed_G0,G0-local,3,all,0.07657895923064086,0.0904028880592919,0.06298306938357968,0.2587859686093307,18.06168469366489,0.43572106291534646,0.7412140313906693,0.1320948036140233,0.0,0.196,0.19599999999999995,-0.11671285868737592,0.10229673719928546,0.4214094962510555,8.517882815795019e-05,0.5910727977752686,1.5298042297363281
A_native,G1-shared,3,AU,0.03683563788055269,0.041594299161222203,0.06295455413610669,0.26889476871098517,0.8261619266695902,0.26371013768931967,0.731105231289015,0.09179273429491919,0.0,0.4666666666666667,0.4666666666666667,-0.13479261119711503,0.05644163654217189,0.3994890274281637,3.104313400399405e-05,0.48519526422023773,1.9245205998420734
A_native,G1-shared,3,VA,-0.005063648517464421,0.05007399910216868,0.04737587162146452,0.4237497382655778,0.9085978418588638,0.9305316583360757,0.5762502617344221,0.05622981674383941,0.0,0.0,0.0,-0.16428880452939232,0.08346961688778103,0.3085050678086795,0.4848728388547897,0.9076105058193207,1.3408262610435489
A_native,G1-shared,3,expression,0.039839394758933125,0.044264830029692094,0.036665772946952134,0.19755667747786687,66.74903345639468,0.4805796369910462,0.802443322522133,0.05082550694262228,0.0,0.0,0.0,-0.10699175502570579,0.02529232688152052,0.27099738173609894,0.03348326534032822,0.971204400062561,22.278605842590334
A_native,G1-shared,3,all,0.03444489716979306,0.04312724503440829,0.05329584955440585,0.2584549770807547,30.134375486012882,0.3864540991176127,0.7415450229192452,0.06963364241044503,0.0,0.28,0.28,-0.13189856547418885,0.053695809115926516,0.320572314123814,7.418652894557454e-05,0.8449609279632568,5.192338085174557
B_fixed_G0,G1-shared,3,AU,-0.011123855370376632,-0.013722035648154206,0.06657996524376587,0.2681729259198829,0.5589656265163303,0.343392734181331,0.731827074080117,-0.018620230237869455,0.0,0.32666666666666666,0.32666666666666666,-0.2162674958814009,-0.0408901515271253,0.23359323680369834,3.255374758737162e-05,0.3962477445602417,1.1291612386703491
B_fixed_G0,G1-shared,3,VA,0.056824678965106935,0.057200912925648675,0.03590613702452454,0.29041892884781884,0.6382186882197857,0.8210248295292951,0.7095810711521812,0.06811738084979954,0.0,0.0,0.0,-0.10577426451942082,0.08994602780836339,0.27192171300007645,0.329559126496315,0.5962412059307098,1.0368449091911316
B_fixed_G0,G1-shared,3,expression,0.006516320749622606,0.011050595975778423,0.06416569822418569,0.26942722927513146,79.50128764702313,0.5031410631663029,0.7305727707248686,0.005837998481172335,0.0,0.0,0.0,-0.1656114081927496,-0.01866038724331994,0.22125391097834762,0.01961830481886864,0.8391036093235016,14.785526180267446
B_fixed_G0,G1-shared,3,all,-4.311626513819e-05,-0.0001209576425915353,0.06335349353996092,0.27035398322779736,31.986681163205947,0.43272276708435914,0.7296460167722026,-0.0002550037738061534,0.0,0.196,0.19599999999999995,-0.19213678784102242,-0.02307650616154027,0.24029636605382032,7.719938002992421e-05,0.6143645644187927,4.2665791511535645
A_native,T0,4,AU,0.11975943830841733,0.1344615134835899,0.043638469915866104,0.18459527425446998,0.9418389525158697,0.5443105446578202,0.81540472574553,0.18045321380697257,0.0,0.2,0.19999999999999996,-0.03555413107584046,0.11793332205232288,0.5566238894174328,0.0001266989333089441,0.7990737855434418,1.419990110397339
A_native,T0,4,VA,0.20739325372604847,0.2513201694110051,0.025513256417234304,0.20553773898935232,0.6323194891214371,0.860469836625,0.7944622610106477,0.30242503717405744,0.0,0.0,0.0,0.02608692957269608,0.3361470222096143,0.5064051652459454,0.45487399101257325,0.565199077129364,0.9401224792003632
A_native,T0,4,expression,0.09715230804423446,0.10684058210773235,0.02308785978795408,0.11398587558515164,1.2679656538137352,0.5707666171019263,0.8860141244148483,0.13004973383391044,0.0,0.0,0.0,-0.05479791031726256,0.06498846147374679,0.4141244170662352,0.026627630181610584,0.7142224311828613,3.998470926284795
A_native,T0,4,all,0.1195358618572893,0.1349715079175087,0.03561225759504372,0.16367566385907867,1.0322923472246905,0.5780692311973085,0.8363243361409214,0.17321302321377585,0.0,0.12,0.12,-0.04408957896526883,0.10980266668493946,0.5105119669349562,0.0023445917875505994,0.7341123521327972,1.7059912562370299
B_fixed_G0,T0,4,AU,0.08931338451626095,0.10441234249516053,0.04614618877105707,0.19056620548468853,0.838527558995136,0.561163154346663,0.8094337945153115,0.13634981573961763,0.0,0.22,0.21999999999999997,-0.0705715148254263,0.13637458772434244,0.37717200038583476,0.00016515535535290837,0.8155670166015625,1.4529457569122317
B_fixed_G0,T0,4,VA,0.14597394403689878,0.21123571011136325,0.05172939651106382,0.39442763132876024,0.7459762260317803,0.9106219846343899,0.6055723686712396,0.24652642269631214,0.0,0.0,0.0,0.0057823626176129374,0.25560775198094854,0.5064051652459454,0.45487399101257325,0.7422863841056824,0.9943154871463779
B_fixed_G0,T0,4,expression,0.07733565387011743,0.08863329921977728,0.026604689573983598,0.1391730378495372,4.42762247799983,0.5644934914731132,0.860826962150463,0.11119606327312062,0.0,0.0,0.0,-0.0760400127962798,0.06342028870630136,0.37616044141515415,0.03226981479674578,0.8631903529167175,7.317467927932751
B_fixed_G0,T0,4,all,0.09001335547114604,0.10790891805633411,0.0403395656471941,0.19042930590896584,2.1531661159587694,0.5901855686501453,0.8095706940910341,0.13723106892770118,0.0,0.132,0.132,-0.07176817771420958,0.10008398482814614,0.39046199456894853,0.0049129726365208645,0.8155670166015625,2.831498193740848
A_native,G0-local,4,AU,0.11040780561807181,0.12472409564614241,0.04527042894524288,0.19973698316268876,0.6795336279357767,0.4672204263112178,0.8002630168373113,0.170961208984909,0.0,0.22,0.21999999999999997,-0.0769816080312253,0.13465383819928506,0.4930113279547809,4.3605008977465344e-05,0.7119253873825073,1.2752173900604251
A_native,G0-local,4,VA,0.14331103790556346,0.19963293119115763,0.03658834388487494,0.3548819173121366,0.6556766957044602,0.8673775167062535,0.6451180826878633,0.2451281597309914,0.0,0.0,0.0,-0.1390190204612494,0.28272594912416493,0.5678843188384058,0.3977315366268158,0.6829341053962708,0.9118884086608887
A_native,G0-local,4,expression,0.1081566442667875,0.12185390187617529,0.026280655075689486,0.15657886142234212,3.1869011383430914,0.501766088199301,0.8434211385776578,0.15334743403911588,0.0,0.0,0.0,-0.09029292916168583,0.09872308266792681,0.51986990265519,0.0006191753142047675,0.5562402606010437,5.71787734031678
A_native,G0-local,4,all,0.11231969256866017,0.12979834048335417,0.03849913450215637,0.19833797893773364,1.6017099513825916,0.5102876053470073,0.8016620210622664,0.17130331506443988,0.0,0.132,0.132,-0.08780233527953052,0.12241480065849238,0.5298284977629998,0.00011036577488994226,0.6217520833015442,1.492206645011902
B_fixed_G0,G0-local,4,AU,0.11040780561807181,0.12472409564614241,0.04527042894524288,0.19973698316268876,0.6795336279357767,0.4672204263112178,0.8002630168373113,0.170961208984909,0.0,0.22,0.21999999999999997,-0.0769816080312253,0.13465383819928506,0.4930113279547809,4.3605008977465344e-05,0.7119253873825073,1.2752173900604251
B_fixed_G0,G0-local,4,VA,0.14331103790556346,0.19963293119115763,0.03658834388487494,0.3548819173121366,0.6556766957044602,0.8673775167062535,0.6451180826878633,0.2451281597309914,0.0,0.0,0.0,-0.1390190204612494,0.28272594912416493,0.5678843188384058,0.3977315366268158,0.6829341053962708,0.9118884086608887
B_fixed_G0,G0-local,4,expression,0.1081566442667875,0.12185390187617529,0.026280655075689486,0.15657886142234212,3.1869011383430914,0.501766088199301,0.8434211385776578,0.15334743403911588,0.0,0.0,0.0,-0.09029292916168583,0.09872308266792681,0.51986990265519,0.0006191753142047675,0.5562402606010437,5.71787734031678
B_fixed_G0,G0-local,4,all,0.11231969256866017,0.12979834048335417,0.03849913450215637,0.19833797893773364,1.6017099513825916,0.5102876053470073,0.8016620210622664,0.17130331506443988,0.0,0.132,0.132,-0.08780233527953052,0.12241480065849238,0.5298284977629998,0.00011036577488994226,0.6217520833015442,1.492206645011902
A_native,G1-shared,4,AU,0.08474704944267715,0.0971435715157174,0.04612939487635741,0.20648959725636498,0.7014586861137575,0.42855966566447895,0.7935104027436352,0.15228974484566662,0.0,0.22666666666666666,0.22666666666666668,-0.061458311073666075,0.12384781780678185,0.4216982202390014,3.7807145417900756e-05,0.5319832861423492,1.3093928098678589
A_native,G1-shared,4,VA,0.1724421762665501,0.18707972491701602,0.012239961250025192,0.10403863307870173,0.47806798070669176,0.7434303572384267,0.8959613669212981,0.22707970767008182,0.0,0.0,0.0,0.03284820127243321,0.24382063248203015,0.3981488463724162,0.28389383256435397,0.43708981573581696,0.7057448983192444
A_native,G1-shared,4,expression,0.06152290172304131,0.07477208264195431,0.05520193679182184,0.1677226468522777,2.9021572173471215,0.5166966223204099,0.8322773531477223,0.09966664226503982,0.0,0.0,0.0,-0.040732789628681466,0.04601239420646846,0.328236930806501,0.007394511764869095,0.48285338282585144,3.9148095607757636
A_native,G1-shared,4,all,0.0843309323183035,0.09717958734821708,0.04632145359919945,0.185888095992844,1.4958478916254603,0.4819531471202927,0.814111904007156,0.13972470341065812,0.0,0.136,0.136,-0.05405909378121161,0.09988720617653263,0.37023962565543145,8.918942330637947e-05,0.5024409294128418,1.3401563167572021
B_fixed_G0,G1-shared,4,AU,0.04643570340876651,0.05735854238491858,0.06743918443835259,0.21980807627031454,0.5560281459495069,0.4350791214534678,0.7801919237296855,0.07632446722427613,0.0,0.22,0.21999999999999997,-0.0810219065535449,0.0366548098176555,0.3197862520902333,6.646169349551202e-05,0.5025882720947266,1.2710786581039433
B_fixed_G0,G1-shared,4,VA,0.09899664609552776,0.12132561933627148,0.04770280229264219,0.37517459780097384,0.6657894030213356,0.843180999396559,0.6248254021990263,0.16298321357226725,0.0,0.0,0.0,-0.1509345649810374,0.20787816259057107,0.49397059250577496,0.3325903326272965,0.611401230096817,0.9476578116416933
B_fixed_G0,G1-shared,4,expression,0.046767631216031356,0.058190333690997534,0.040879805455802755,0.16866782191662516,5.666726878938698,0.4882411168950075,0.831332178083375,0.08755574648846066,0.0,0.0,0.0,-0.0741122360048316,0.02438691581393413,0.3690002986751304,0.009413062315434218,0.65265092253685,10.287019443511973
B_fixed_G0,G1-shared,4,all,0.05074679572203216,0.06274208175897208,0.05736127259227981,0.21587251659958667,2.450272955998225,0.48473911023020777,0.7841274834004135,0.08845201223853688,0.0,0.132,0.132,-0.08822457475419146,0.03546825554213721,0.3509868349426696,0.00010537540656514468,0.5577870607376099,2.413908338546757
A_native,T0,5,AU,0.13056218523748092,0.1467167474856816,0.03662027708576242,0.17066135908420957,0.7287779319663167,0.5206509538484615,0.8293386409157903,0.16948328285674094,0.0,0.15333333333333332,0.15333333333333332,-0.10203395427155537,0.16305834936523717,0.448935800531294,5.142696390976198e-05,0.8517246246337891,1.4267408370971684
A_native,T0,5,VA,0.1986447643935515,0.2540600156488524,0.061841527120896654,0.2556986665197007,0.6630910784006119,0.851175146370224,0.7443013334802994,0.3061188984900257,0.0,0.0,0.0,0.10769966690407984,0.2971450208697003,0.5544968400838931,0.42555082142353057,0.561534196138382,1.0693829655647278
A_native,T0,5,expression,0.0790732152031848,0.09490874662471895,0.03748746380435147,0.1386858176093489,1.8739897925319382,0.5372774894314681,0.8613141823906509,0.12388858182122386,0.0,0.0,0.0,-0.05181281568914279,0.06679755329392544,0.40105624380177063,0.023873523436486722,0.7691232860088348,6.462827348709108
A_native,T0,5,all,0.1195323211589918,0.1387256486632272,0.03891547683852165,0.1672321704070934,1.1265894375783678,0.5524133806367646,0.8327678295929065,0.16545304598372035,0.0,0.092,0.09199999999999997,-0.07267530714951362,0.1353359921782083,0.448935800531294,0.00017897875222843142,0.8091131448745728,1.7105535507202156
B_fixed_G0,T0,5,AU,0.10706816456206866,0.11962367499014301,0.043959288460813095,0.19177338088083856,0.8837705923479902,0.4927352241146022,0.8082266191191614,0.1514014565978446,0.0,0.18666666666666668,0.18666666666666665,-0.08986267281263233,0.10406419899052144,0.4390210783263905,0.00010011690828832797,0.8991647660732269,1.568432891368866
B_fixed_G0,T0,5,VA,0.15092728650943407,0.21503106778389877,0.040131437685618464,0.3154076403673599,0.8709245443344116,0.9351508362784171,0.6845923596326401,0.236981551837611,0.0,0.0,0.0,0.02640074995879039,0.21929432457862186,0.4463822697342518,0.4697184681892395,0.9488485157489777,1.1563345551490785
B_fixed_G0,T0,5,expression,0.08017608236436932,0.09165446872949126,0.018349798640880866,0.10834967527164348,15.200062265445013,0.5532557523614322,0.8916503247283567,0.11594420065133111,0.0,0.0,0.0,-0.07028673785082293,0.06743584142649099,0.39978626031043635,0.023695491626858713,0.9689536094665527,7.347219610214244
B_fixed_G0,T0,5,all,0.1019714280145941,0.11830612041023493,0.035458023656419216,0.1749685358448179,6.041637317066415,0.547495042126693,0.8250314641551822,0.1463339855576385,0.0,0.112,0.11199999999999999,-0.07627205169357955,0.10758664700655313,0.4220194812333339,0.00019076993630733345,0.9350671768188477,3.147947883605958
A_native,G0-local,5,AU,0.12076533925222761,0.13263592538524158,0.04647167639718137,0.19848120461857988,0.7421934229948539,0.42613425107292896,0.8015187953814201,0.18763800163450858,0.0,0.18666666666666668,0.18666666666666665,-0.14162215466511022,0.16464004825075937,0.5234513226651281,3.302345685369801e-05,0.5844263136386871,1.4718621015548707
A_native,G0-local,5,VA,0.13914463705108598,0.17753052204279524,0.03331977397959738,0.290120012593516,0.7778425738215446,0.913052387351305,0.709879987406484,0.2038374535330294,0.0,0.0,0.0,-0.09187294884174702,0.23082467933710177,0.5051446192958168,0.4600021690130234,0.9280809164047241,1.0135947465896606
A_native,G0-local,5,expression,0.1113877863879976,0.12337335109092182,0.017424777664426107,0.13934202030702353,13.382860935817007,0.5038574427917197,0.8606579796929765,0.15492599524313605,0.0,0.0,0.0,-0.08840082200476407,0.08498168342902503,0.5742677304969127,0.0017628871661145244,0.6298700869083405,2.7328157186508184
A_native,G0-local,5,all,0.11923486615958268,0.13326346934366357,0.036124516609292966,0.18688777027687675,5.300600558320557,0.4899591233252121,0.8131122297231232,0.177309301304151,0.0,0.112,0.11199999999999999,-0.1299737770548689,0.1345192115841624,0.5292364895443054,6.273353938013317e-05,0.6539245545864105,2.1244943380355834
B_fixed_G0,G0-local,5,AU,0.12076533925222761,0.13263592538524158,0.04647167639718137,0.19848120461857988,0.7421934229948539,0.42613425107292896,0.8015187953814201,0.18763800163450858,0.0,0.18666666666666668,0.18666666666666665,-0.14162215466511022,0.16464004825075937,0.5234513226651281,3.302345685369801e-05,0.5844263136386871,1.4718621015548707
B_fixed_G0,G0-local,5,VA,0.13914463705108598,0.17753052204279524,0.03331977397959738,0.290120012593516,0.7778425738215446,0.913052387351305,0.709879987406484,0.2038374535330294,0.0,0.0,0.0,-0.09187294884174702,0.23082467933710177,0.5051446192958168,0.4600021690130234,0.9280809164047241,1.0135947465896606
B_fixed_G0,G0-local,5,expression,0.1113877863879976,0.12337335109092182,0.017424777664426107,0.13934202030702353,13.382860935817007,0.5038574427917197,0.8606579796929765,0.15492599524313605,0.0,0.0,0.0,-0.08840082200476407,0.08498168342902503,0.5742677304969127,0.0017628871661145244,0.6298700869083405,2.7328157186508184
B_fixed_G0,G0-local,5,all,0.11923486615958268,0.13326346934366357,0.036124516609292966,0.18688777027687675,5.300600558320557,0.4899591233252121,0.8131122297231232,0.177309301304151,0.0,0.112,0.11199999999999999,-0.1299737770548689,0.1345192115841624,0.5292364895443054,6.273353938013317e-05,0.6539245545864105,2.1244943380355834
A_native,G1-shared,5,AU,0.0715229360804649,0.08260154480549171,0.06791276958883095,0.215092520294221,0.6284813641959008,0.45712490361716507,0.784907479705779,0.11534306141163757,0.0,0.20666666666666667,0.20666666666666667,-0.1062297266556481,0.0889516601036606,0.38181330099148875,3.638484631665051e-05,0.7282976508140564,1.2669724702835083
A_native,G1-shared,5,VA,0.11308799389404127,0.1418285792624776,0.07101309039515179,0.4014220550425417,0.7210740342736244,0.8788229602436954,0.5985779449574584,0.17161118033852565,0.0,0.0,0.0,-0.1262117801916566,0.18354131171436322,0.4917929678119697,0.43092547059059144,0.6699709296226501,1.0197596669197084
A_native,G1-shared,5,expression,0.06422867780010617,0.07698828270592048,0.05006924399461101,0.15317441637750986,40.44617766516367,0.538844912220513,0.8468255836224902,0.09192747626745773,0.0,0.0,0.0,-0.09276492332043058,0.02098523752506074,0.35500183464994023,0.020718718133866786,0.8005017042160034,3.6978259325027647
A_native,G1-shared,5,all,0.07251397805583622,0.08554346369018781,0.062450867063186234,0.2101850898207391,15.182214503369307,0.5170111509003588,0.7898149101792609,0.11192806400069408,0.0,0.124,0.124,-0.1062297266556481,0.07710931991708521,0.3851343580233546,6.721084500895813e-05,0.72552889585495,1.5557502508163465
B_fixed_G0,G1-shared,5,AU,0.047934714599446565,0.06074781396165126,0.06803485028225192,0.21544306296187388,0.7133749425531173,0.4504090358578251,0.7845569370381261,0.09287375174654054,0.0,0.18666666666666668,0.18666666666666665,-0.09648366846014168,0.07127269281474624,0.32693063779442844,4.614766621671152e-05,0.6273691952228546,1.5307814955711367
B_fixed_G0,G1-shared,5,VA,0.0537049447783863,0.07600285656350182,0.06325881046543137,0.46158862777071324,0.8059642598032951,0.9018141271413178,0.5384113722292867,0.08825454934884791,0.0,0.0,0.0,-0.15352355502762238,0.12199626527570337,0.30031243616538994,0.4558588951826096,0.7973262369632721,1.2490967631340029
B_fixed_G0,G1-shared,5,expression,0.04410137562216228,0.05889025863033868,0.049694753305647224,0.17631532340448186,7.9241302690979865,0.4907945329424198,0.8236846765955181,0.06616699868028968,0.0,0.0,0.0,-0.09855875388931876,4.212906347755927e-07,0.35477444798936714,0.018728351406753066,0.6880432665348053,8.780309581756592
B_fixed_G0,G1-shared,5,all,0.04716966454103077,0.06137379966377928,0.06178393606439277,0.22261383148821556,3.3201867104296627,0.49944480222757487,0.7773861685117844,0.08283355222737872,0.0,0.112,0.11199999999999999,-0.10857677728645175,0.047929423697909465,0.3388493827624402,9.865067768259907e-05,0.7088519036769867,2.234932017326355
A_native,T0,6,AU,0.09358885999674402,0.10429824745935629,0.029965425260462045,0.13236535438219116,0.9392491480954177,0.571878690616605,0.8676346456178088,0.15008323241817628,0.0,0.24,0.24,-0.033701952898631864,0.13407220756241386,0.3979363591180497,0.0027984493994154076,0.858845978975296,1.81729873418808
A_native,T0,6,VA,0.15413713275241228,0.224855755624188,0.06722472004878408,0.28867898389250746,0.8169616386294365,0.9107011408670582,0.7113210161074925,0.24184132923421015,0.0,0.0,0.0,0.061402771381599504,0.2459499678145594,0.4319330839091204,0.4956147402524948,0.7908113896846771,1.0555990815162664
A_native,T0,6,expression,0.045108678950871985,0.05071367358355668,0.02839861163211211,0.144316180320566,129.9705233368717,0.5589044995880167,0.8556838196794342,0.055504581481190175,0.0,0.0,0.0,-0.07010881973767515,0.012297414856661517,0.24831125639420015,0.13626604825258257,1.0856721997261047,26.637473869323852
A_native,T0,6,all,0.08291906388251842,0.09679578447228696,0.032444788482455834,0.14869470904329643,49.163810759837396,0.594832745507493,0.8513052909567036,0.12330225046192297,0.0,0.144,0.14400000000000002,-0.03690860511325324,0.0803565087578391,0.36061936865871874,0.11657960861921311,0.8972010612487793,6.001315975189215
B_fixed_G0,T0,6,AU,0.07795423679745977,0.08773527839965256,0.03259291348669822,0.13828384937802946,0.8125835673905832,0.5763928560321008,0.8617161506219706,0.11812865937547307,0.0,0.24,0.24,-0.04435824182566015,0.06820761325887045,0.36237325009588595,0.0006188590661622586,0.8535951673984528,1.499060893058777
B_fixed_G0,T0,6,VA,0.14342728572354477,0.21069886093532042,0.058853904437526104,0.26560692125351004,0.8219802603125572,0.9435528927860245,0.7343930787464901,0.2230558580135819,0.0,0.0,0.0,0.08072337935756144,0.19525448977335144,0.4319330839091204,0.5418412327766419,0.8119029402732849,1.0172398090362549
B_fixed_G0,T0,6,expression,0.0331974820937926,0.03589717453497089,0.02060355876300147,0.11885708236457385,132.3300697398663,0.581537130116145,0.8811429176354262,0.047725538305303315,0.0,0.0,0.0,-0.09683573463058322,0.006235329038145611,0.24831125639420015,0.27179993838071825,1.1562183499336243,48.41240997314461
B_fixed_G0,T0,6,all,0.06886991920637309,0.08098417176580784,0.03085719925118149,0.14225312968376214,49.978877154570476,0.6074118266793088,0.8577468703162379,0.10161601585747587,0.0,0.144,0.14400000000000002,-0.053441998841808544,0.05133918857873354,0.36216921768408994,0.12511241137981416,0.9212066233158112,6.925118398666382
A_native,G0-local,6,AU,0.08982019928435579,0.1028540728002722,0.0323270360042602,0.1631676996389669,0.7392897918530013,0.5252589231955733,0.8368323003610331,0.13520776351016775,0.0,0.24,0.24,-0.07330415901045513,0.14874184154096126,0.3810076571192222,0.00015038633719086648,0.7980558574199677,1.3355287194252015
A_native,G0-local,6,VA,0.15505209591996744,0.19964163756999334,0.04627821814249896,0.23004818581999914,0.7278294622898102,0.9134128890740177,0.7699518141800009,0.22044697209770692,0.0,0.0,0.0,0.004659231411673388,0.24472770285691586,0.40690451956076223,0.44332084953784945,0.7319068908691406,0.9617376387119294
A_native,G0-local,6,expression,0.04697262249872912,0.049758810153026356,0.023136131166651218,0.16818515565796835,58.02106877636688,0.5512971456328122,0.8318148443420317,0.0654568833828634,0.0,0.0,0.0,-0.055361075316443104,0.018107806767141847,0.29036577142296527,0.02173116067424417,0.8962469100952148,40.70136833190926
A_native,G0-local,6,all,0.08132752644380419,0.09360659393473122,0.03050204102728443,0.17012372445952997,22.15196788610462,0.5646434716457653,0.82987627554047,0.11709894931188007,0.0,0.144,0.14400000000000002,-0.05640011438526743,0.07651825442738866,0.3631649115640588,0.0003683255839860067,0.7983172833919525,2.1113028287887587
B_fixed_G0,G0-local,6,AU,0.08982019928435579,0.1028540728002722,0.0323270360042602,0.1631676996389669,0.7392897918530013,0.5252589231955733,0.8368323003610331,0.13520776351016775,0.0,0.24,0.24,-0.07330415901045513,0.14874184154096126,0.3810076571192222,0.00015038633719086648,0.7980558574199677,1.3355287194252015
B_fixed_G0,G0-local,6,VA,0.15505209591996744,0.19964163756999334,0.04627821814249896,0.23004818581999914,0.7278294622898102,0.9134128890740177,0.7699518141800009,0.22044697209770692,0.0,0.0,0.0,0.004659231411673388,0.24472770285691586,0.40690451956076223,0.44332084953784945,0.7319068908691406,0.9617376387119294
B_fixed_G0,G0-local,6,expression,0.04697262249872912,0.049758810153026356,0.023136131166651218,0.16818515565796835,58.02106877636688,0.5512971456328122,0.8318148443420317,0.0654568833828634,0.0,0.0,0.0,-0.055361075316443104,0.018107806767141847,0.29036577142296527,0.02173116067424417,0.8962469100952148,40.70136833190926
B_fixed_G0,G0-local,6,all,0.08132752644380419,0.09360659393473122,0.03050204102728443,0.17012372445952997,22.15196788610462,0.5646434716457653,0.82987627554047,0.11709894931188007,0.0,0.144,0.14400000000000002,-0.05640011438526743,0.07651825442738866,0.3631649115640588,0.0003683255839860067,0.7983172833919525,2.1113028287887587
A_native,G1-shared,6,AU,0.09153235643174827,0.10403092200653738,0.043964084004185826,0.20189935624029118,0.8270718985320588,0.48170552144577283,0.7981006437597087,0.15400540603555804,0.0,0.2733333333333333,0.2733333333333333,-0.04245383927375074,0.14985101230409284,0.37806469171476964,9.724989795358852e-05,0.7837680578231812,1.7742094278335572
A_native,G1-shared,6,VA,0.1467759038354986,0.1792176238446243,0.05604529901488292,0.2191638745153115,0.610085466504097,0.8470385434885446,0.7808361254846885,0.2043317611375311,0.0,0.0,0.0,0.00019163041235736086,0.20982511172330243,0.38623941554576624,0.42943036258220674,0.5758771002292633,0.7007352948188782
A_native,G1-shared,6,expression,0.05936237421816067,0.06505545138007413,0.03023258055737816,0.14151222834264185,70.32743215424416,0.47749708968768656,0.858487771657358,0.0671484659871746,0.0,0.0,0.0,-0.0442529465950304,0.004979402722783349,0.3065314135102089,0.009194169705733658,0.9151299595832825,15.320782470703229
A_native,G1-shared,6,all,0.08565744591570026,0.09757370755311609,0.04053650010206314,0.18395663677504498,27.409316356983776,0.509585465046607,0.8160433632249551,0.1255746495674661,0.0,0.164,0.16400000000000003,-0.04440182556126514,0.07751358542825666,0.3548225737171113,0.0033193321432918323,0.7174907326698303,3.3086794376373314
B_fixed_G0,G1-shared,6,AU,0.07312522354479692,0.08658441385811667,0.054462121786838034,0.19655292089597992,0.6982818410720268,0.487564163860845,0.80344707910402,0.12095575549336376,0.0,0.24,0.24,-0.04642238961750324,0.07749115855224475,0.34843994436268927,9.485860355198384e-05,0.5979662537574768,1.3165185689926147
B_fixed_G0,G1-shared,6,VA,0.12531338468369638,0.1823364181464195,0.060573398821702276,0.31037613001238373,0.723233924806118,0.8933023388546214,0.6896238699876163,0.20570553745384,0.0,0.0,0.0,0.00021166069797545414,0.21005938987599773,0.3664932982795194,0.43093818724155425,0.6780415177345276,1.0655595779418947
B_fixed_G0,G1-shared,6,expression,0.029932947414652755,0.04125396337285096,0.039151281988945595,0.17738424382213988,16.35246587310248,0.5105589965199989,0.82261575617786,0.04260005818016757,0.0,0.0,0.0,-0.06515867563413681,-0.004974702039541306,0.23550361461259103,0.033966530859470365,1.0517511367797852,30.72152709960946
B_fixed_G0,G1-shared,6,all,0.06347874807426274,0.07973883004589587,0.050051555214301595,0.19952480096166342,6.552645225357626,0.5273815643112764,0.8004751990383366,0.09958444640062467,0.0,0.144,0.14400000000000002,-0.05327743290475224,0.03731324902758683,0.32924004745036156,0.0003452385484706611,0.717158854007721,3.8234249114990333
A_native,T0,7,AU,0.11829778251232814,0.12608842748784152,0.024526524390445937,0.1049469705875553,0.7290847604612296,0.5887643393394262,0.8950530294124447,0.1469740631859702,0.0,0.15333333333333332,0.15333333333333332,-0.08964898661577007,0.06542808668133043,0.4744252531605297,5.950219347141685e-05,0.7676929235458374,1.3717809677124027
A_native,T0,7,VA,0.15824553417749232,0.18117954341364287,0.03912600250836271,0.24060074994525932,0.598240365087986,0.8391630719013767,0.7593992500547406,0.22127658759617597,0.0,0.0,0.0,-0.022801045569241674,0.2586646602427942,0.5080489126934788,0.4065188765525818,0.5549046397209167,0.9125069677829744
A_native,T0,7,expression,0.07083565991432916,0.08352911346568988,0.030710782440677774,0.14501578392707434,4.618798846332356,0.6435106864334988,0.8549842160729257,0.09793916268566565,0.0,0.0,0.0,-0.04770022280872315,0.03195537376667744,0.31462238862842024,0.18040245324373244,1.193167269229889,8.267845153808603
A_native,T0,7,all,0.10630572341418161,0.1168767362748171,0.027673445215953472,0.12862129320481774,2.088380967343279,0.6263150690144855,0.8713787067951824,0.13623951890482372,0.0,0.092,0.09199999999999997,-0.0734563124945674,0.08055690702607009,0.43682609565404007,0.0394507832825184,0.8487434387207031,2.3030646324157726
B_fixed_G0,T0,7,AU,0.09988568738919094,0.11019233290049951,0.03648753606877274,0.134607931144424,0.7463819101516265,0.5694162281488159,0.865392068855576,0.13271955337201047,0.0,0.14666666666666667,0.1466666666666666,-0.07392257521733404,0.056656846778301115,0.44192324968159896,0.00018369047320447864,0.7118343412876129,1.4124845027923583
B_fixed_G0,T0,7,VA,0.16745608462404643,0.21126517953805607,0.05674594760592237,0.24996062531843824,0.6572066739201545,0.8758315985784396,0.7500393746815617,0.24532340181150364,0.0,0.0,0.0,0.07390731066027892,0.2392155013993225,0.3995508522896048,0.49798829257488253,0.6250733733177185,0.9125069677829744
B_fixed_G0,T0,7,expression,0.07770774004738164,0.08885028832697242,0.03412151487840544,0.15389551515974353,10.665517876390368,0.6314320220167018,0.8461044848402566,0.10170052926610484,0.0,0.0,0.0,-0.04386112749565063,0.045109686401006766,0.31838843917178966,0.18040245324373244,1.0986143350601196,10.999206352233887
B_fixed_G0,T0,7,all,0.09819437601860041,0.11144870636797538,0.037351082210827176,0.15000817356324736,4.218958105653687,0.6137745118209094,0.8499918264367526,0.13171321582954298,0.0,0.088,0.08799999999999997,-0.052705312178883454,0.07963693581607512,0.3897808821114612,0.04029775969684127,0.799336314201355,2.317055463790895
A_native,G0-local,7,AU,0.10463412173799445,0.11526366966656183,0.027699379007803393,0.14088930298795627,0.6311786752656445,0.5127784953473175,0.8591106970120438,0.14765145239153052,0.0,0.14666666666666667,0.1466666666666666,-0.11038244391017471,0.07095155193816191,0.4520635924684917,3.0826460897515065e-05,0.6752464175224304,1.2035947561264035
A_native,G0-local,7,VA,0.16382746058970593,0.2037869624673901,0.06372987218128894,0.28018627458717027,0.5905934236943722,0.8328473334909663,0.7198137254128298,0.25066773468426345,0.0,0.0,0.0,0.10608318044880066,0.23055543288557653,0.488653715137182,0.37486483454704284,0.5719183683395386,0.7403532326221468
A_native,G0-local,7,expression,0.06645346134860033,0.07854738144018365,0.024557736314683602,0.17405013499620672,4.766925150110183,0.5035248617397533,0.8259498650037933,0.10831652997681909,0.0,0.0,0.0,-0.0688910737710814,0.0717897238974146,0.3588183026515867,0.005193162453360856,0.728346049785614,4.903993034362794
A_native,G0-local,7,all,0.09715177752152525,0.11059632085818709,0.0295764927998839,0.16264452695853351,2.0787576794592306,0.5354228396443889,0.8373554730414664,0.14288624121906449,0.0,0.088,0.08799999999999997,-0.06352806804658298,0.10463676875245408,0.4393019206716139,6.617314211325723e-05,0.6679264605045319,1.5216000318527225
B_fixed_G0,G0-local,7,AU,0.10463412173799445,0.11526366966656183,0.027699379007803393,0.14088930298795627,0.6311786752656445,0.5127784953473175,0.8591106970120438,0.14765145239153052,0.0,0.14666666666666667,0.1466666666666666,-0.11038244391017471,0.07095155193816191,0.4520635924684917,3.0826460897515065e-05,0.6752464175224304,1.2035947561264035
B_fixed_G0,G0-local,7,VA,0.16382746058970593,0.2037869624673901,0.06372987218128894,0.28018627458717027,0.5905934236943722,0.8328473334909663,0.7198137254128298,0.25066773468426345,0.0,0.0,0.0,0.10608318044880066,0.23055543288557653,0.488653715137182,0.37486483454704284,0.5719183683395386,0.7403532326221468
B_fixed_G0,G0-local,7,expression,0.06645346134860033,0.07854738144018365,0.024557736314683602,0.17405013499620672,4.766925150110183,0.5035248617397533,0.8259498650037933,0.10831652997681909,0.0,0.0,0.0,-0.0688910737710814,0.0717897238974146,0.3588183026515867,0.005193162453360856,0.728346049785614,4.903993034362794
B_fixed_G0,G0-local,7,all,0.09715177752152525,0.11059632085818709,0.0295764927998839,0.16264452695853351,2.0787576794592306,0.5354228396443889,0.8373554730414664,0.14288624121906449,0.0,0.088,0.08799999999999997,-0.06352806804658298,0.10463676875245408,0.4393019206716139,6.617314211325723e-05,0.6679264605045319,1.5216000318527225
A_native,G1-shared,7,AU,0.07909516350942068,0.08743783726058119,0.06327645528381742,0.17494368218870343,0.665806829664739,0.5042613998239838,0.8250563178112965,0.11304368419839536,0.0,0.15333333333333332,0.15333333333333332,-0.06459662438058776,0.05160829283028328,0.35171068348549805,7.15196176315658e-05,0.5734881162643433,1.2357445955276491
A_native,G1-shared,7,VA,0.11919690807344674,0.1450730643405225,0.03662592679945629,0.2459468435852586,0.5745903469622136,0.8012219731580419,0.7540531564147412,0.18649032194912207,0.0,0.0,0.0,-0.06212077794332132,0.26060095397923944,0.3626842177661747,0.33495608121156695,0.5205286741256714,0.8497321605682374
A_native,G1-shared,7,expression,0.07144811601188916,0.0798515143023611,0.03926503112672142,0.15850814963950083,1.693950324950856,0.5671317675041863,0.8414918503604991,0.10120615172667136,0.0,0.0,0.0,-0.02487854911677785,0.03565193855408272,0.32678624218773483,0.012797161191701888,0.8890938758850098,6.105959463119507
A_native,G1-shared,7,all,0.07985624787533266,0.08962103208034607,0.0534607572747978,0.17536456468468298,1.020111455078126,0.5481367633483732,0.8246354353153169,0.11534293599256545,0.0,0.092,0.09199999999999997,-0.058550791273116035,0.050610016485568836,0.3518173729097088,0.00020609480561688544,0.6089221835136414,1.7728317022323616
B_fixed_G0,G1-shared,7,AU,0.06354371502290497,0.0753892485252288,0.06687312673550636,0.17617405553079749,0.6159975435160447,0.4953008589121141,0.8238259444692025,0.10456227070300328,0.0,0.14666666666666667,0.1466666666666666,-0.05887404454546346,0.06429005661761551,0.337327903858819,4.1925161713152197e-05,0.5353505909442902,1.3308668375015258
B_fixed_G0,G1-shared,7,VA,0.10783959883960123,0.13949960996012983,0.08258251114389287,0.3450676095091137,0.5660003259778023,0.7967390354735293,0.6549323904908861,0.1711240422492118,0.0,0.0,0.0,-0.013996079224484037,0.17194392047376472,0.3344418148869507,0.30907630920410156,0.5356855690479279,0.828649401664734
B_fixed_G0,G1-shared,7,expression,0.04747078184284488,0.0580350937502539,0.05331765245645148,0.20077059913262874,12.295655671248095,0.564305718571883,0.7992294008673713,0.08133170513609092,0.0,0.0,0.0,-0.04606168735318307,0.03149724924140544,0.27702970639742186,0.03236524518579245,0.8804881572723389,6.411725282669069
B_fixed_G0,G1-shared,7,all,0.06194404711062143,0.07496474791202891,0.0637921257188797,0.19755643380164878,4.709737481532708,0.5414974681281534,0.8024435661983511,0.10224994695550844,0.0,0.088,0.08799999999999997,-0.05775944968142288,0.05899942640441339,0.32181078723756273,0.00014872124156681824,0.5948739349842072,1.8858228683471683
A_native,T0,8,AU,0.06900962574457246,0.0795457503990555,0.02394007431500996,0.13559994464246672,0.9531621899013395,0.5346993498483399,0.8644000553575334,0.11586390634435444,0.0,0.19333333333333333,0.19333333333333336,-0.056088906156184205,0.06048006130755146,0.3411874514682843,0.0001435644517187029,0.7457188963890076,2.4823291301727295
A_native,T0,8,VA,0.09891739067639922,0.1171132404541834,0.011471871372498069,0.19491943436699902,0.9826109021902084,0.8908574279052631,0.8050805656330009,0.1355286223603465,0.0,0.0,0.0,0.058798488034923206,0.13788773557753817,0.22545407580067245,0.47918290495872495,0.9738505780696869,1.5224811792373658
A_native,T0,8,expression,0.05051272034362488,0.05610542832390021,0.01595665501712871,0.0874502584356381,2.6921270922168334,0.7086367078155356,0.9125497415643619,0.058118453310845454,0.0,0.0,0.0,-0.07018331303610371,0.03282799911906166,0.25033218367101606,0.16608275473117828,0.9381319582462311,3.1621290445327763
A_native,T0,8,all,0.06548323721081539,0.07505024653941604,0.020387923904287005,0.12493760423424413,1.58531678913671,0.6188519506423963,0.8750623957657558,0.0967401872386491,0.0,0.116,0.11599999999999999,-0.05964472599343759,0.05502808935460057,0.3044383818730112,0.0028424656484276056,0.8334270715713501,2.4823291301727295
B_fixed_G0,T0,8,AU,0.057834697217770126,0.0662072703937937,0.02254072408813568,0.14878593606403864,1.0185787980705672,0.5036843614344662,0.8512140639359613,0.09927565861373651,0.0,0.26666666666666666,0.2666666666666667,-0.08607976710666808,0.031620036499422355,0.3930922634432943,0.0005147689778823406,0.8322288990020752,2.4709460496902467
B_fixed_G0,T0,8,VA,0.13172306735124645,0.1459352593214996,0.005111498186354647,0.09293400028174262,0.8148352518677712,0.8998691650124038,0.9070659997182574,0.16637264995094275,0.0,0.0,0.0,0.03693206362451279,0.1389916363939287,0.3592188076923971,0.46186445355415345,0.816434919834137,1.1732784390449524
B_fixed_G0,T0,8,expression,0.042397828852967924,0.04662220825915688,0.010097823070692149,0.06959924241272172,2.29444001085576,0.7179693768571547,0.9304007575872782,0.055400277263789564,0.0,0.0,0.0,-0.06415015324854334,-0.0005761908375094202,0.24329030001358376,0.21509154289960863,0.8779950737953186,3.282764768600465
B_fixed_G0,T0,8,all,0.058805968951711536,0.06631828962492639,0.017164657690411266,0.11897803923303354,1.4852170175884696,0.6039503506559614,0.8810219607669665,0.08895141727444303,0.0,0.16,0.16000000000000003,-0.07310492565529261,0.03289912106914164,0.31447561580401584,0.09196869358420376,0.8654012680053711,2.50320770740509
A_native,G0-local,8,AU,0.07268825153328451,0.08393974332145628,0.02811503120898899,0.17898812264171957,0.8873540180752157,0.4105968290603493,0.8210118773582803,0.1269922681324345,0.0,0.26666666666666666,0.2666666666666667,-0.09192930357544457,0.08721582896220394,0.41611696821941385,4.279487293388229e-05,0.6459938287734985,2.3893894672393805
A_native,G0-local,8,VA,0.15289819825862677,0.16854647729338895,0.005144026937919807,0.09395891908038642,0.7581762567162513,0.8850117846326396,0.9060410809196136,0.1898227290631677,0.0,0.0,0.0,-0.008580088259068358,0.18309356850559133,0.456750251698999,0.3808445602655411,0.7065185606479645,1.1351491212844849
A_native,G0-local,8,expression,0.0696976842471476,0.07963818181050568,0.013156115820171154,0.10874454401731301,0.8481848554535645,0.5940034527798479,0.891255455982687,0.09068959782123746,0.0,0.0,0.0,-0.06855944729067327,0.023532107156825112,0.3349730107932942,0.008761832490563393,0.7161639630794525,1.8404445409774794
A_native,G0-local,8,all,0.07814806573974808,0.0893317823557067,0.02149049794288175,0.1497078411970028,0.8601297883756377,0.507240145096372,0.8502921588029971,0.11914653286442926,0.0,0.16,0.16000000000000003,-0.08241344638605147,0.07690610776353525,0.38460088993169034,0.00021020643616793686,0.6942490041255951,2.2202268838882446
B_fixed_G0,G0-local,8,AU,0.07268825153328451,0.08393974332145628,0.02811503120898899,0.17898812264171957,0.8873540180752157,0.4105968290603493,0.8210118773582803,0.1269922681324345,0.0,0.26666666666666666,0.2666666666666667,-0.09192930357544457,0.08721582896220394,0.41611696821941385,4.279487293388229e-05,0.6459938287734985,2.3893894672393805
B_fixed_G0,G0-local,8,VA,0.15289819825862677,0.16854647729338895,0.005144026937919807,0.09395891908038642,0.7581762567162513,0.8850117846326396,0.9060410809196136,0.1898227290631677,0.0,0.0,0.0,-0.008580088259068358,0.18309356850559133,0.456750251698999,0.3808445602655411,0.7065185606479645,1.1351491212844849
B_fixed_G0,G0-local,8,expression,0.0696976842471476,0.07963818181050568,0.013156115820171154,0.10874454401731301,0.8481848554535645,0.5940034527798479,0.891255455982687,0.09068959782123746,0.0,0.0,0.0,-0.06855944729067327,0.023532107156825112,0.3349730107932942,0.008761832490563393,0.7161639630794525,1.8404445409774794
B_fixed_G0,G0-local,8,all,0.07814806573974808,0.0893317823557067,0.02149049794288175,0.1497078411970028,0.8601297883756377,0.507240145096372,0.8502921588029971,0.11914653286442926,0.0,0.16,0.16000000000000003,-0.08241344638605147,0.07690610776353525,0.38460088993169034,0.00021020643616793686,0.6942490041255951,2.2202268838882446
A_native,G1-shared,8,AU,0.03648586406886566,0.04047345594439295,0.0243768497771992,0.17123774322229965,0.5982211159164477,0.3816411187442885,0.8287622567777003,0.061648435946117006,0.0,0.28,0.28,-0.06692320492104212,-0.0024045023356004773,0.26182839790983514,5.6544998005847444e-05,0.4456332176923752,1.3586951017379758
A_native,G1-shared,8,VA,0.11939512639740565,0.1537635277530669,0.014207212651303609,0.2246720642980927,0.8547275781631469,0.9198120317320987,0.7753279357019073,0.16788213896593024,0.0,0.0,0.0,0.005935661106172302,0.1718833686233864,0.3633347523509102,0.5670584142208099,0.753697395324707,1.231269276142121
A_native,G1-shared,8,expression,0.05560482299351932,0.06232797665311649,0.025849194824351485,0.12613221684420567,2.511566599745129,0.5926026218033285,0.8738677831557944,0.07228130863379538,0.0,0.0,0.0,-0.045891636923582176,0.03473525344814483,0.22354950729983908,0.035651223547756676,0.6166461706161499,3.680648756027227
A_native,G1-shared,8,all,0.04923667191103804,0.056530108315878395,0.024034429222216283,0.16107872046737304,1.3587873079896615,0.49220247276220613,0.838921279532627,0.07595278150097536,0.0,0.168,0.16800000000000004,-0.06377398740241154,0.029979841557878757,0.29367826387859214,0.00048499598051421366,0.586950033903122,1.8016413927078252
B_fixed_G0,G1-shared,8,AU,0.02644382869298062,0.027926606546600213,0.02971107766790249,0.18738595587855486,0.5651226014174179,0.3844151538762223,0.8126140441214452,0.04502210732362745,0.0,0.26666666666666666,0.2666666666666667,-0.09357000610972559,-0.005040977682962662,0.2074118400045677,5.442773290269543e-05,0.41774529218673706,1.307070624828339
B_fixed_G0,G1-shared,8,VA,0.1024800611324281,0.13210619608520308,0.013712764696554558,0.2078883701756052,0.6980802997946739,0.9063541289212473,0.7921116298243948,0.14598043876737055,0.0,0.0,0.0,0.030231724719307084,0.08597744733995671,0.35112789411506257,0.5095992088317871,0.7359184324741364,0.8638969719409942
B_fixed_G0,G1-shared,8,expression,0.05554814308884846,0.06173854051067055,0.014548021954629817,0.09976716541463898,5.1994126196696016,0.5887678461718789,0.9002328345853611,0.07039441885904589,0.0,0.0,0.0,-0.04444709532756694,0.019777326266850373,0.2614370945861755,0.020535162836313247,0.5251224040985107,2.5915529727935853
B_fixed_G0,G1-shared,8,all,0.041840107894814134,0.04708079257819095,0.0235790348019474,0.1609881360738658,2.343229055835131,0.49156313341443447,0.8390118639261342,0.06430282899842905,0.0,0.16,0.16000000000000003,-0.0642060152198605,0.01808863457550846,0.2743904094545703,0.0005744510330259801,0.5406205952167511,1.4975585103034972
A_native,T0,9,AU,0.10089934121578992,0.10608370893289845,0.018237654752099333,0.1274123912134693,1.0331024480577176,0.47561148427233113,0.8725876087865306,0.13287229753137086,0.0,0.18666666666666668,0.18666666666666665,-0.049207128829565155,0.07733041357433929,0.4404086612183328,7.049686755635778e-05,0.8162231147289276,2.6976084232330333
A_native,T0,9,VA,0.05863106810991011,0.08840402921612203,0.04157367047424312,0.29470486928511885,0.619894377887249,0.8081870928825952,0.705295130714881,0.11932639157650163,0.0,0.0,0.0,-0.08183981504331236,0.12915206016567804,0.2762386284894055,0.27801560759544375,0.5504592955112457,0.961946773529053
A_native,T0,9,expression,0.036808413582833,0.04173051344870349,0.023643875501968115,0.11708884586021413,0.9455622229521395,0.5647290668694721,0.8829111541397857,0.06480248342820352,0.0,0.0,0.0,-0.05333161732809021,0.00972269411690983,0.263798691676765,0.015469758678227665,0.5561063289642334,2.1108201742172246
A_native,T0,9,all,0.0770087825247733,0.08407631200061393,0.021834526649828847,0.13749225494615963,0.9643304687250346,0.5307351593922374,0.8625077450538404,0.1071222829036647,0.0,0.112,0.11199999999999999,-0.053155297148313,0.05838886355191154,0.3912093422208476,0.00014139681879896674,0.6470178961753845,2.131801962852478
B_fixed_G0,T0,9,AU,0.06936880249668947,0.0785896818047951,0.03171487108550738,0.18567390394484273,1.365957432544051,0.40180934917698824,0.8143260960551574,0.12349898089939533,0.0,0.32,0.31999999999999995,-0.07247656189500383,0.07882990049784322,0.42871248256089256,4.111124871997163e-05,0.8839259147644043,4.336401271820069
B_fixed_G0,T0,9,VA,0.044384644920621844,0.050369940592167164,0.012066440122477956,0.16242888842446748,0.714481258392334,0.8108106299179301,0.8375711115755327,0.06781191150102779,0.0,0.0,0.0,-0.08452910200849659,0.07135863160107898,0.22574659104706699,0.2899425238370895,0.6455812007188797,1.1825384616851808
B_fixed_G0,T0,9,expression,0.04109864021259456,0.0449219952920767,0.01880707524995445,0.11842164194395417,1.028206322521146,0.5558139961075524,0.8815783580560458,0.06398774076784748,0.0,0.0,0.0,-0.05871021876482344,0.017139472239576445,0.2659783130479576,0.020940376445651058,0.5439632833003998,2.3043763637542725
B_fixed_G0,T0,9,all,0.05832361795969368,0.06555844282371498,0.02601250194108809,0.16229357886292836,1.1676920251932255,0.48381093865404423,0.8377064211370716,0.09441660169894396,0.0,0.192,0.19199999999999995,-0.06600543136092984,0.0469744827074765,0.3671118402404786,0.0003460130625171587,0.7526358366012573,2.7754338741302496
A_native,G0-local,9,AU,0.061215203763257585,0.0692085595783587,0.05371125027579562,0.23045603664017236,1.309417657490806,0.3122259145259694,0.7695439633598276,0.10748622408704424,0.0,0.32,0.31999999999999995,-0.11685350594736807,0.03439483179867889,0.4153526353157116,2.6670744591683616e-05,0.6277247667312622,4.215532922744751
A_native,G0-local,9,VA,0.12641857829526706,0.16183993064293076,0.015286646594402969,0.20402724104427125,0.7044051453471184,0.7841813996909557,0.7959727589557288,0.22343950978088264,0.0,0.0,0.0,0.006607984729390058,0.24996401006927438,0.37850208222797693,0.28593064546585084,0.6558089256286621,1.168628263473511
A_native,G0-local,9,expression,0.0610211623157894,0.07561317484867443,0.02976951838626004,0.18120240121918277,0.6755570788725891,0.4207419589016902,0.8187975987808173,0.1215944827436612,0.0,0.0,0.0,-0.09533757438177766,0.10826232931038882,0.3832937360233341,0.00023731762339593843,0.20287922024726868,2.199863433837892
A_native,G0-local,9,all,0.06636938046262852,0.0786685461500255,0.042975927776632825,0.2125805696577836,0.9984815360436223,0.38470748753939893,0.7874194303422164,0.12455417659400525,0.0,0.192,0.19199999999999995,-0.1095854017595437,0.09782685903645376,0.40123849414599,3.809553745668382e-05,0.3916288763284683,2.5245100736618045
B_fixed_G0,G0-local,9,AU,0.061215203763257585,0.0692085595783587,0.05371125027579562,0.23045603664017236,1.309417657490806,0.3122259145259694,0.7695439633598276,0.10748622408704424,0.0,0.32,0.31999999999999995,-0.11685350594736807,0.03439483179867889,0.4153526353157116,2.6670744591683616e-05,0.6277247667312622,4.215532922744751
B_fixed_G0,G0-local,9,VA,0.12641857829526706,0.16183993064293076,0.015286646594402969,0.20402724104427125,0.7044051453471184,0.7841813996909557,0.7959727589557288,0.22343950978088264,0.0,0.0,0.0,0.006607984729390058,0.24996401006927438,0.37850208222797693,0.28593064546585084,0.6558089256286621,1.168628263473511
B_fixed_G0,G0-local,9,expression,0.0610211623157894,0.07561317484867443,0.02976951838626004,0.18120240121918277,0.6755570788725891,0.4207419589016902,0.8187975987808173,0.1215944827436612,0.0,0.0,0.0,-0.09533757438177766,0.10826232931038882,0.3832937360233341,0.00023731762339593843,0.20287922024726868,2.199863433837892
B_fixed_G0,G0-local,9,all,0.06636938046262852,0.0786685461500255,0.042975927776632825,0.2125805696577836,0.9984815360436223,0.38470748753939893,0.7874194303422164,0.12455417659400525,0.0,0.192,0.19199999999999995,-0.1095854017595437,0.09782685903645376,0.40123849414599,3.809553745668382e-05,0.3916288763284683,2.5245100736618045
A_native,G1-shared,9,AU,0.04074360126398401,0.045092567840255005,0.021442058275030464,0.17981560856351958,0.5524520197467684,0.36811328907254115,0.8201843914364804,0.08612034483464641,0.0,0.3466666666666667,0.3466666666666667,-0.07540656587850736,0.07569087731335263,0.2632310808988968,2.9027287382632494e-05,0.5281830132007599,1.1380598664283752
A_native,G1-shared,9,VA,0.09663795493602097,0.131197819711744,0.03328386427055985,0.30251834145002676,0.6120460450649261,0.8339751688894111,0.6974816585499732,0.15796947027462113,0.0,0.0,0.0,0.03482242597782611,0.17508530888060952,0.266030322686807,0.37371212542057036,0.5653254687786102,0.9519293725490572
A_native,G1-shared,9,expression,0.05048024002066829,0.058902693963219246,0.031878360992474916,0.14206769896808993,0.9085952825244021,0.516343832730783,0.8579323010319101,0.09262235334152637,0.0,0.0,0.0,-0.04456848932269873,0.0465813354250105,0.3072102279288224,0.011794530600309373,0.3608486205339432,1.8527007699012779
A_native,G1-shared,9,all,0.048330873959885945,0.05640022834932268,0.02572901962425504,0.17755249612390264,0.702367886052697,0.4528160134285281,0.8224475038760972,0.09600490639701958,0.0,0.208,0.20799999999999996,-0.05305929903957342,0.07668941914219582,0.2753301038226224,5.440294989966788e-05,0.5015507340431213,1.3190377354621894
B_fixed_G0,G1-shared,9,AU,0.037160168223849745,0.040552690943762196,0.023840485609512335,0.17843586026816388,0.9563564866220986,0.35753108815670537,0.8215641397318361,0.0835697371126516,0.0,0.32,0.31999999999999995,-0.03978737347761405,0.056929478926506356,0.2625055988377809,3.061661536776229e-05,0.6334519684314728,1.9969153642654427
B_fixed_G0,G1-shared,9,VA,0.0797477165837519,0.10854236848642976,0.03192410211227342,0.2970485827694055,0.5956687696278096,0.8096045084063235,0.7029514172305944,0.15061815905079706,0.0,0.0,0.0,-0.003686763393499836,0.17325798737227704,0.28041661140742125,0.31931335330009464,0.5887346267700195,0.9016992032527924
B_fixed_G0,G1-shared,9,expression,0.04746384675384578,0.055602608440166054,0.02558849227271932,0.13230105694603272,0.9259019024992086,0.47547306384505533,0.8676989430539674,0.07710752313453142,0.0,0.0,0.0,-0.030985156957918057,0.026891324805007874,0.2766340158784557,0.003681739210151137,0.31387554109096527,1.8542753577232385
B_fixed_G0,G1-shared,9,all,0.043864349222240646,0.05080783874602484,0.02504653706195946,0.17316174100518122,0.9085836100393412,0.4314383939969467,0.8268382589948187,0.08764890206568772,0.0,0.192,0.19199999999999995,-0.03487254281696836,0.05582288040251014,0.2730577720888475,7.485320093110206e-05,0.5142718553543091,1.821986758708954
A_native,T0,10,AU,0.06363347922371705,0.06818506139259886,0.035012755161704066,0.16709695539816335,1.1171957606614873,0.44450822665666256,0.8329030446018367,0.10678196572801632,0.0,0.29333333333333333,0.29333333333333333,-0.04365692811269167,0.03733404614917485,0.3478423133719951,0.00038035465695429593,0.8588911294937134,2.1539303064346313
A_native,T0,10,VA,0.1283776100108732,0.15714226930315206,0.019986977140317663,0.24746356376894546,1.0990725308656693,0.8424284968546866,0.7525364362310546,0.18045391294358032,0.0,0.0,0.0,-0.0450891306023301,0.16008491969917849,0.4232784880080756,0.4736723393201828,0.7615240812301636,1.9042438268661501
A_native,T0,10,expression,0.05416780872974887,0.06546294152748247,0.04051905087469336,0.15962229451827245,215.97585467896715,0.5378366166489854,0.8403777054817276,0.07490123991102389,0.0,0.0,0.0,-0.05071216332239442,0.010795924165606487,0.2938416118505978,0.026736361812800175,1.003870576620102,72.52259006500643
A_native,T0,10,all,0.06578399512861972,0.07443055966860587,0.03557270754814973,0.1711343925862608,84.55569211439224,0.5062069330700477,0.8288656074137392,0.10155371756758859,0.0,0.176,0.17600000000000005,-0.050316224550831956,0.03812709983344478,0.3433231575458199,0.004567904397845268,0.8718182742595673,4.256141185760498
B_fixed_G0,T0,10,AU,0.045919263169237015,0.05369554075529815,0.0575750750752474,0.20970067545072335,0.9553129043350789,0.4101097916957962,0.7902993245492766,0.07830660500640531,0.0,0.2733333333333333,0.2733333333333333,-0.07218019364987327,0.03684078774881959,0.25700019990725526,9.56358839175664e-05,0.6054143309593201,1.9365221977233893
B_fixed_G0,T0,10,VA,0.11513954724734025,0.12870690576977875,0.026166700307310508,0.30178721141591397,0.9291597560048104,0.8268925793967454,0.6982127885840861,0.15568488875713601,0.0,0.0,0.0,-0.11857508207890362,0.13383011257409164,0.4180271069152511,0.3195163071155548,0.7615240812301636,1.760303568840027
B_fixed_G0,T0,10,expression,0.03895996774576721,0.0458754226877286,0.0482563317363057,0.16858243208691248,95.7403650487031,0.49516435937605474,0.8314175679130876,0.05245373056004321,0.0,0.0,0.0,-0.05573348033001368,0.01420973859687056,0.23580864910056748,0.017669301759451632,0.8738063871860504,31.665934562683322
B_fixed_G0,T0,10,all,0.04922991135997493,0.05719401217483434,0.0520804072253511,0.20390976045151915,37.23416988320032,0.4706698763695548,0.7960902395484809,0.07581538835236534,0.0,0.164,0.16400000000000003,-0.07498211956619678,0.03238046508112495,0.28373080682506213,0.001678969222120941,0.7800958752632141,4.745681571960452
A_native,G0-local,10,AU,0.03601104637307233,0.04416267246069166,0.06955892592410431,0.24816868736244474,0.7305259320081684,0.32644380290322145,0.7518313126375552,0.06701851618392882,0.0,0.2733333333333333,0.2733333333333333,-0.11586201734810965,0.023206792804234808,0.2651156802968948,4.588051815517247e-05,0.19993694126605988,1.4099464654922502
A_native,G0-local,10,VA,0.08985857562636185,0.12050302422836794,0.035848423159594314,0.33931492168509714,0.8639329858124256,0.7470715969501366,0.6606850783149028,0.17775995540024772,0.0,0.0,0.0,0.008207494715609462,0.16993843304738204,0.4589636851588032,0.20951718240976333,0.6723906844854355,1.746024513244629
A_native,G0-local,10,expression,0.02562544544691912,0.03338933079650282,0.04630015225619528,0.23486762755623083,49.37999359830992,0.43908765763879387,0.7651323724437692,0.05300376671325198,0.0,0.0,0.0,-0.07098399871611503,0.009867145596559686,0.28746784403483877,0.0010480693425051868,0.6704734563827515,16.337309837341333
A_native,G0-local,10,all,0.036995456416966464,0.046822431269565326,0.05941927812921261,0.25120404697026844,19.36509796253556,0.3961400599423579,0.7487959530297316,0.07225128568953759,0.0,0.164,0.16400000000000003,-0.09362195642095163,0.02529864671694634,0.3044520195585446,8.486956940032542e-05,0.4970610737800598,3.1490149497985844
B_fixed_G0,G0-local,10,AU,0.03601104637307233,0.04416267246069166,0.06955892592410431,0.24816868736244474,0.7305259320081684,0.32644380290322145,0.7518313126375552,0.06701851618392882,0.0,0.2733333333333333,0.2733333333333333,-0.11586201734810965,0.023206792804234808,0.2651156802968948,4.588051815517247e-05,0.19993694126605988,1.4099464654922502
B_fixed_G0,G0-local,10,VA,0.08985857562636185,0.12050302422836794,0.035848423159594314,0.33931492168509714,0.8639329858124256,0.7470715969501366,0.6606850783149028,0.17775995540024772,0.0,0.0,0.0,0.008207494715609462,0.16993843304738204,0.4589636851588032,0.20951718240976333,0.6723906844854355,1.746024513244629
B_fixed_G0,G0-local,10,expression,0.02562544544691912,0.03338933079650282,0.04630015225619528,0.23486762755623083,49.37999359830992,0.43908765763879387,0.7651323724437692,0.05300376671325198,0.0,0.0,0.0,-0.07098399871611503,0.009867145596559686,0.28746784403483877,0.0010480693425051868,0.6704734563827515,16.337309837341333
B_fixed_G0,G0-local,10,all,0.036995456416966464,0.046822431269565326,0.05941927812921261,0.25120404697026844,19.36509796253556,0.3961400599423579,0.7487959530297316,0.07225128568953759,0.0,0.164,0.16400000000000003,-0.09362195642095163,0.02529864671694634,0.3044520195585446,8.486956940032542e-05,0.4970610737800598,3.1490149497985844
A_native,G1-shared,10,AU,0.046744685156661595,0.05131730593279509,0.07586128081267418,0.21555994381303137,1.0914582263595736,0.4060981122888414,0.7844400561869687,0.07749188999090971,0.0,0.22666666666666666,0.22666666666666668,-0.03417169061407453,0.02764960182865336,0.30577038218601604,0.00010524625031393953,0.6652413308620453,2.443076968193054
A_native,G1-shared,10,VA,0.12069155817661378,0.14539990375832693,0.04251907190202516,0.3515046770706035,0.9235007911920547,0.8484590415559863,0.6484953229293965,0.18132313473910983,0.0,0.0,0.0,-0.0034756181660595526,0.15813284199503505,0.40263338930537607,0.4191684037446976,0.6842391192913055,1.6770932435989383
A_native,G1-shared,10,expression,0.0375609834927363,0.04426468500836878,0.07211638592723348,0.2136974326311556,182.18685584901468,0.4203241027366055,0.7863025673688444,0.05885387985061297,0.0,0.0,0.0,-0.03183997004672959,0.008017203826243428,0.24290571392814972,0.020014738570898773,0.8891125917434692,361.61162719726616
A_native,G1-shared,10,all,0.049721650465801674,0.056587075063021214,0.07199553773648124,0.2258395188954369,68.14827610186447,0.44603930357349747,0.7741604811045631,0.08020292741563313,0.0,0.136,0.136,-0.03417169061407453,0.028322665932126345,0.2966681618628903,0.0003011291701113805,0.7101201415061951,5.67912483215332
B_fixed_G0,G1-shared,10,AU,0.0351251251429376,0.04006546630485075,0.08968075785044446,0.25792169813440663,0.9083309252253441,0.3712225236428848,0.7420783018655933,0.05760063373446738,0.0,0.2733333333333333,0.2733333333333333,-0.10946680658673279,0.028540183428791784,0.25613781424017174,5.14799525262788e-05,0.4877467155456543,1.9425266265869143
B_fixed_G0,G1-shared,10,VA,0.07441286926704588,0.10208403970984883,0.047792756759103036,0.4023132574224825,0.7795845404267311,0.8184939367070638,0.5976867425775175,0.1413719770404337,0.0,0.0,0.0,-0.05168545463547847,0.1462651548167221,0.4113955318291306,0.3195664346218109,0.5576661229133606,1.4757094383239748
B_fixed_G0,G1-shared,10,expression,0.0185259320009011,0.02254770858611701,0.06932655781299579,0.21580714461522357,96.30872545710444,0.3895422283382943,0.7841928553847765,0.04303544398343413,0.0,0.0,0.0,-0.03399250737910444,0.013923310948031115,0.1539870878845516,0.010026956535875799,0.6191011667251587,19.19674339294438
B_fixed_G0,G1-shared,10,all,0.03295640286741458,0.0394212697072558,0.07981637375115358,0.2559963657513141,37.41290812548542,0.41286654219055013,0.7440036342486858,0.06004183797387727,0.0,0.164,0.16400000000000003,-0.052180862613711715,0.02916924611299472,0.24091817470724186,0.00015647150576114657,0.5125865936279297,4.422291374206544
A_native,T0,11,AU,0.11348610690896194,0.12396697841286776,0.026685241768433243,0.1542060811116961,1.0247328492666183,0.5058342405936576,0.8457939188883039,0.16667931320596724,0.0,0.21333333333333335,0.21333333333333337,-0.06254574944719142,0.10533471818145523,0.5085697906299438,0.00010956976111629047,0.959881067276001,2.1330798864364624
A_native,T0,11,VA,0.19090574828648432,0.22378679385663286,0.009654457014349268,0.1510030894918651,0.7841211304068565,0.8861204314815192,0.848996910508135,0.2647813458766398,0.0,0.0,0.0,-0.006624679137549423,0.2731686156713464,0.5268183885654275,0.4429993391036987,0.7695282995700836,1.1987398505210876
A_native,T0,11,expression,0.05436778799955011,0.058418948658117587,0.014497641394278244,0.10372891257993118,2.039413267544296,0.5929805710850993,0.8962710874200688,0.06270015849218055,0.0,0.0,0.0,-0.0741779424090045,0.01943763965215036,0.2612646749369734,0.02245554346591234,0.7241866588592529,3.0410384416580207
A_native,T0,11,all,0.10076181616815195,0.11097719412684891,0.021422746868376925,0.13779714785194486,1.375018166170375,0.5641439616219477,0.8622028521480551,0.13752201172115308,0.0,0.128,0.128,-0.07048012976444734,0.057056068614576246,0.5004586415158007,0.0002432324792607688,0.8403507769107819,2.5117712736129767
B_fixed_G0,T0,11,AU,0.08853191514295816,0.09294971249042684,0.017843542329002572,0.17083310546796043,1.109777634727449,0.5198281698040744,0.8291668945320396,0.12361571305874856,0.0,0.26,0.26,-0.07119111206669511,0.09047404318380278,0.34443938448323785,0.0002518731344025582,0.9666286706924438,2.92922043800354
B_fixed_G0,T0,11,VA,0.16746612476152367,0.19117383953158604,0.007797296752865296,0.08737445840890154,0.614778283238411,0.8375242545569822,0.9126255415910984,0.22919920665138385,0.0,0.0,0.0,0.028441913141520375,0.20403516431382196,0.507924080995801,0.44413126111030576,0.5364282727241516,0.852951467037201
B_fixed_G0,T0,11,expression,0.05403899881484954,0.05908616661832857,0.02059757406531489,0.13102821381805052,1.3738808033944223,0.5226229022069238,0.8689717861819496,0.05703383595144622,0.0,0.0,0.0,-0.0741779424090045,0.02488217457781532,0.23847541357176893,0.005492202378809452,0.4821995496749878,2.9470299959182755
B_fixed_G0,T0,11,all,0.08380891868744865,0.08997130797464814,0.017921132838531532,0.15141884837526454,1.1629921677301842,0.5461381709532188,0.8485811516247355,0.10837931354817282,0.0,0.156,0.15600000000000003,-0.07342397281845446,0.05138907639903435,0.34443938448323785,0.002360239392146468,0.7825290560722351,2.7374107837677
A_native,G0-local,11,AU,0.13251030824179286,0.14540221770513,0.02360338113999941,0.19516694182922933,0.8400974017632334,0.4746527837594046,0.8048330581707707,0.19782803634768334,0.0,0.26,0.26,-0.09918071731165919,0.1819520009531576,0.5504415399487611,4.691666254075244e-05,0.855267345905304,1.5916244983673096
A_native,G0-local,11,VA,0.2541626558968727,0.26827005852640784,0.0051695349822564966,0.07289537519296015,0.5920871660113335,0.8341463212811906,0.9271046248070398,0.3251371214445701,0.0,0.0,0.0,0.15366785211250797,0.2609709251675818,0.5790173301800154,0.42179028391838075,0.551849752664566,0.7975485622882844
A_native,G0-local,11,expression,0.09509069504094698,0.10141349716185326,0.014429699926297593,0.13563210344142138,0.6361658784931933,0.4256538196017695,0.8643678965585785,0.11482831995318629,0.0,0.0,0.0,-0.08738982394071347,0.05798291732869039,0.4411882167196138,0.00027391191688366236,0.16020259261131287,2.3850380659103396
A_native,G0-local,11,all,0.13026821982992856,0.14115525439698365,0.019193095458995398,0.16633406821422925,0.7392693137222799,0.4877325982307043,0.8336659317857706,0.1784261614205647,0.0,0.156,0.15600000000000003,-0.09443856978808429,0.11651460519628128,0.4996370364589927,8.18032058305107e-05,0.5708538293838501,1.5916244983673096
B_fixed_G0,G0-local,11,AU,0.13251030824179286,0.14540221770513,0.02360338113999941,0.19516694182922933,0.8400974017632334,0.4746527837594046,0.8048330581707707,0.19782803634768334,0.0,0.26,0.26,-0.09918071731165919,0.1819520009531576,0.5504415399487611,4.691666254075244e-05,0.855267345905304,1.5916244983673096
B_fixed_G0,G0-local,11,VA,0.2541626558968727,0.26827005852640784,0.0051695349822564966,0.07289537519296015,0.5920871660113335,0.8341463212811906,0.9271046248070398,0.3251371214445701,0.0,0.0,0.0,0.15366785211250797,0.2609709251675818,0.5790173301800154,0.42179028391838075,0.551849752664566,0.7975485622882844
B_fixed_G0,G0-local,11,expression,0.09509069504094698,0.10141349716185326,0.014429699926297593,0.13563210344142138,0.6361658784931933,0.4256538196017695,0.8643678965585785,0.11482831995318629,0.0,0.0,0.0,-0.08738982394071347,0.05798291732869039,0.4411882167196138,0.00027391191688366236,0.16020259261131287,2.3850380659103396
B_fixed_G0,G0-local,11,all,0.13026821982992856,0.14115525439698365,0.019193095458995398,0.16633406821422925,0.7392693137222799,0.4877325982307043,0.8336659317857706,0.1784261614205647,0.0,0.156,0.15600000000000003,-0.09443856978808429,0.11651460519628128,0.4996370364589927,8.18032058305107e-05,0.5708538293838501,1.5916244983673096
A_native,G1-shared,11,AU,0.07559901077124019,0.08279092547445055,0.04378511432269686,0.18003849341321465,0.7206637539317244,0.41618021514255543,0.8199615065867853,0.11765322267985978,0.0,0.2733333333333333,0.2733333333333333,-0.06882865312971495,0.05191019973607163,0.4271078839037123,4.542197129921988e-05,0.6427136063575745,1.8963699817657471
A_native,G1-shared,11,VA,0.11197861984441804,0.13820301806311602,0.013968462038451474,0.2606643858774743,0.7177290752530098,0.9007064367331872,0.7393356141225257,0.16239961326964636,0.0,0.0,0.0,-0.0655230718080834,0.099190299927654,0.41844510796396933,0.47508821785449984,0.669784277677536,0.9293940126895907
A_native,G1-shared,11,expression,0.06748525387650775,0.07707013015656623,0.01514149310665156,0.1066249453103052,6.789812477016676,0.5725119029411815,0.8933750546896947,0.09833806921381319,0.0,0.0,0.0,-0.07109026766773192,0.047951367620815144,0.3142025949222812,0.007997389463707805,0.8451365232467651,6.298169708251961
A_native,G1-shared,11,all,0.07591297729078005,0.08539323837982081,0.032233823350822734,0.16299622941742442,3.043502051889724,0.5049684529653663,0.8370037705825755,0.11454181375407989,0.0,0.164,0.16400000000000003,-0.07123806243146602,0.05153765968033409,0.3994540581420343,0.00029070654418319466,0.6812002062797546,2.2476175308227564
B_fixed_G0,G1-shared,11,AU,0.04698975944286145,0.053998213802900895,0.04702682953470946,0.20661434472562518,0.7225487345321534,0.4375547623548214,0.7933856552743748,0.07184324301451944,0.0,0.26,0.26,-0.06554821003648258,0.014582837863905391,0.27937227355859623,6.274220504565164e-05,0.635509192943573,1.5664209127426147
B_fixed_G0,G1-shared,11,VA,0.11379360012537691,0.12597775222567914,0.017048566249380934,0.16651568544664935,0.5492544651031495,0.7978423398778843,0.8334843145533505,0.14947210849386225,0.0,0.0,0.0,-0.08855897166279678,0.1150175447056317,0.3879188389828118,0.3885209709405899,0.47280603647232056,0.6936036348342898
B_fixed_G0,G1-shared,11,expression,0.035602392651405364,0.04490647460326992,0.030849547227819712,0.16432166787863328,3.9814474694991078,0.479242052924167,0.8356783321213669,0.05020608991025414,0.0,0.0,0.0,-0.0944104940915876,0.0405042380405915,0.24435886722026992,0.003248700499534607,0.41662904620170593,3.436351490020754
B_fixed_G0,G1-shared,11,all,0.048690109324196734,0.05684722033284124,0.03945183813367847,0.18987279539226973,1.941724153531093,0.479717701538857,0.8101272046077302,0.07099776937113382,0.0,0.156,0.15600000000000003,-0.07836810309291127,0.03234482193150535,0.26078176832137584,0.00041056261397898197,0.48570647835731506,1.8488948345184326
A_native,T0,12,AU,0.04787585048883,0.05057215726027986,0.029770844927889093,0.1138072613637965,1.3011285765256986,0.5204205265873806,0.8861927386362034,0.06785454982752662,0.0,0.14666666666666667,0.1466666666666666,-0.048289386358337134,0.011806541806474037,0.26192112089784697,0.00019635008648037912,0.7103125751018524,2.670903277397155
A_native,T0,12,VA,0.08256656740601587,0.14849413734346423,0.06690697343851466,0.4206158836741083,0.7584864795207977,0.7991531214593331,0.5793841163258917,0.176494741910098,0.0,0.0,0.0,0.05883394737229884,0.17321554251877144,0.3271049258732404,0.28088390827178955,0.6431474983692169,1.6415918350219731
A_native,T0,12,expression,0.03682169411827195,0.039320043541037894,0.040450207570114416,0.16294645289586415,472.7992974771012,0.5828988753116422,0.8370535471041357,0.04153541094616828,0.0,0.0,0.0,-0.045477069064506985,0.00029379008574049835,0.2002276123348267,0.15554802343249322,0.9029815793037415,19.569451904296976
A_native,T0,12,all,0.0471137778036263,0.05480523927677718,0.036159131254251235,0.15407649243888313,166.69148239277982,0.5627122057689005,0.8459235075611168,0.06814960566587207,0.0,0.088,0.08799999999999997,-0.04254870592674509,0.011806541806474037,0.24063232080881025,0.04274432994425298,0.746130496263504,4.688975048065188
B_fixed_G0,T0,12,AU,0.04828542636783167,0.05323227259058441,0.018848481617652492,0.10278515102940905,1.5232352319019036,0.4902662003884829,0.897214848970591,0.07287310848212913,0.0,0.19333333333333333,0.19333333333333336,-0.036469923628402665,-0.002739367181647496,0.2899872511489929,0.00014040835958439857,0.8196806907653809,3.3490312099456787
B_fixed_G0,T0,12,VA,0.05851136514205808,0.11048731186245278,0.07422976610868738,0.4783780526152356,1.0369406923651696,0.8244352692322835,0.5216219473847644,0.12484042449264052,0.0,0.0,0.0,0.012760698273769189,0.10049151322921732,0.24504754843934937,0.3885833263397217,0.7034300565719604,2.126557993888855
B_fixed_G0,T0,12,expression,0.004665911594564055,0.007814418997033935,0.0514973621617437,0.23766307679250684,83.08192920530564,0.4867475687208477,0.7623369232074932,0.022880087137139755,0.0,0.0,0.0,-0.07263399531163482,0.0014693841616484364,0.16086131426724198,0.15638101622462275,1.081730604171753,27.26554126739505
B_fixed_G0,T0,12,all,0.035145256742324146,0.043278962582397724,0.03372662615104447,0.17599351940046648,31.002735806931607,0.5158737637623436,0.8240064805995335,0.05947901170661365,0.0,0.116,0.11599999999999999,-0.04495147582573894,0.003935953831898166,0.24797124076751542,0.05936645716428757,0.8536384701728821,10.441404342651367
A_native,G0-local,12,AU,0.054941699732061824,0.05930138981761987,0.025634553248584754,0.1687497651848868,1.6131174359438887,0.3863150519107807,0.8312502348151132,0.08738324641410164,0.0,0.19333333333333333,0.19333333333333336,-0.06516729903675969,0.012968041526163421,0.33181127807528316,7.017152529442683e-05,0.6877084970474243,3.4421257972717285
A_native,G0-local,12,VA,0.060130044234360136,0.10870336716969183,0.0864486902339773,0.48679592722681575,1.041994920372963,0.7687153821476025,0.5132040727731844,0.14345473906238415,0.0,0.0,0.0,0.05004799463575138,0.12536041960818725,0.27686177927993183,0.3176862716674805,0.6696602404117584,2.131353831291199
A_native,G0-local,12,expression,0.01887937237470804,0.029018481258940916,0.04484935676355298,0.26798728619474993,41.90171339984263,0.37941083935092157,0.7320127138052501,0.04275443606295979,0.0,0.0,0.0,-0.06707029294991017,0.005934961463659983,0.19946215548310062,0.0012703947955742478,0.6621730327606201,17.170088958740237
A_native,G0-local,12,all,0.04381682253789248,0.05356301726700837,0.03664842133220599,0.2259494648713973,16.145539276670046,0.41469773031057144,0.7740505351286027,0.07630236417371387,0.0,0.116,0.11599999999999999,-0.06354400308528398,0.02706139493679197,0.2823673628810114,9.91264168987982e-05,0.6877084970474243,10.357682228088379
B_fixed_G0,G0-local,12,AU,0.054941699732061824,0.05930138981761987,0.025634553248584754,0.1687497651848868,1.6131174359438887,0.3863150519107807,0.8312502348151132,0.08738324641410164,0.0,0.19333333333333333,0.19333333333333336,-0.06516729903675969,0.012968041526163421,0.33181127807528316,7.017152529442683e-05,0.6877084970474243,3.4421257972717285
B_fixed_G0,G0-local,12,VA,0.060130044234360136,0.10870336716969183,0.0864486902339773,0.48679592722681575,1.041994920372963,0.7687153821476025,0.5132040727731844,0.14345473906238415,0.0,0.0,0.0,0.05004799463575138,0.12536041960818725,0.27686177927993183,0.3176862716674805,0.6696602404117584,2.131353831291199
B_fixed_G0,G0-local,12,expression,0.01887937237470804,0.029018481258940916,0.04484935676355298,0.26798728619474993,41.90171339984263,0.37941083935092157,0.7320127138052501,0.04275443606295979,0.0,0.0,0.0,-0.06707029294991017,0.005934961463659983,0.19946215548310062,0.0012703947955742478,0.6621730327606201,17.170088958740237
B_fixed_G0,G0-local,12,all,0.04381682253789248,0.05356301726700837,0.03664842133220599,0.2259494648713973,16.145539276670046,0.41469773031057144,0.7740505351286027,0.07630236417371387,0.0,0.116,0.11599999999999999,-0.06354400308528398,0.02706139493679197,0.2823673628810114,9.91264168987982e-05,0.6877084970474243,10.357682228088379
A_native,G1-shared,12,AU,0.03260112117431144,0.03800911215473741,0.04807344741129832,0.16281787434770945,0.6554159927382649,0.4151543062804213,0.8371821256522904,0.05219446976964438,0.0,0.17333333333333334,0.17333333333333334,-0.04791282678716131,0.025281584912477,0.1918554081877051,6.0739869513781745e-05,0.34209105372428894,1.5558245897293093
A_native,G1-shared,12,VA,0.0586252053069732,0.09092558152916044,0.06497223074039173,0.44062356687262527,0.6678613752126694,0.8069827601226051,0.5593764331273746,0.11502107240472,0.0,0.0,0.0,0.019191940969076244,0.09393351386524802,0.25311462337956947,0.3055549383163452,0.5902104377746582,1.0655927300453192
A_native,G1-shared,12,expression,0.02448233888251954,0.027559692746504875,0.061869929522331314,0.19716548194443032,85.08205041402834,0.4703859705260049,0.8028345180555696,0.03496853299975958,0.0,0.0,0.0,-0.027635130886617742,0.011867600299635715,0.1600219837818875,0.027745570801198483,0.6041266620159149,8.405138587951663
A_native,G1-shared,12,all,0.03208503757155097,0.03889861549405684,0.053840224353156343,0.1960335641806534,30.80889662377708,0.4641747151463827,0.8039664358193466,0.05165186758710299,0.0,0.104,0.10399999999999998,-0.036705132775972066,0.02218405809470908,0.1891193837522697,0.00010797558134072462,0.5243498682975769,2.5365619897842455
B_fixed_G0,G1-shared,12,AU,0.020188564911066516,0.025659265793188335,0.03686522361635777,0.15256745684960454,1.231260294364328,0.382276141962647,0.8474325431503954,0.048154190509469785,0.0,0.19333333333333333,0.19333333333333336,-0.04269937094297778,-0.0006302217878741722,0.20454106205141073,7.12399123585783e-05,0.5499849319458008,3.2764132022857666
B_fixed_G0,G1-shared,12,VA,0.03443902334879821,0.06647365320291188,0.06380726539165711,0.4679259317545025,0.8672570340335369,0.8314054091287526,0.5320740682454975,0.08088456734736241,0.0,0.0,0.0,-0.011464088992239187,0.06663059678981192,0.18630375087527645,0.40218240916728976,0.6686236560344696,1.5750427126884463
B_fixed_G0,G1-shared,12,expression,0.008179785841054197,0.011382170236110756,0.06658472368195847,0.26286663567900737,63.01958563503577,0.4196044670420852,0.7371333643209926,0.023943133826538548,0.0,0.0,0.0,-0.03481689767808706,0.004548929421473639,0.12280481823950246,0.04512539468705654,0.5973388254642487,11.227324104309124
B_fixed_G0,G1-shared,12,all,0.01748579228368111,0.024355746207701395,0.04853082697937394,0.2130918720674053,23.565133425799164,0.43015154736135564,0.7869081279325947,0.042352032148037,0.0,0.116,0.11599999999999999,-0.03814946190626652,0.006452565244770935,0.17527423235999467,0.00011349801206961274,0.5654911994934082,5.147918701171875
A_native,T0,13,AU,0.06300354806475805,0.06445860583151523,0.029346007719977685,0.11539884384403773,0.8507147758054472,0.5643169816115252,0.8846011561559624,0.08089062316730533,0.0,0.19333333333333333,0.19333333333333336,-0.047055203948444785,0.022702913517665742,0.3139237299548664,0.00042377665522508323,0.774847686290741,1.6445159912109375
A_native,T0,13,VA,0.07352017430473684,0.10707580428935118,0.053315978521872164,0.4006853988194955,0.6451948493719101,0.8484238104671714,0.5993146011805045,0.12868141300973285,0.0,0.0,0.0,-0.15516900173360826,0.1800340041921495,0.2807878024859086,0.3433709055185318,0.6794591844081879,0.9539520621299744
A_native,T0,13,expression,0.04831803995703371,0.053532902185743636,0.0332920131181351,0.15122236891978189,21.29123725700192,0.598063425674597,0.8487776310802179,0.06304512520176063,0.0,0.0,0.0,-0.0371192121270707,0.02623510601003018,0.20773602414193948,0.2511529564857483,0.9979371726512909,35.13382987976076
A_native,T0,13,all,0.05914551556948457,0.0643717565414952,0.03252632711153962,0.1496852962663125,8.231399843529642,0.59784439002016,0.8503147037336876,0.07875567275827806,0.0,0.116,0.11599999999999999,-0.04463179226897166,0.027583023726998463,0.27502977970805514,0.0631231814622879,0.8328688740730286,4.071409702301025
B_fixed_G0,T0,13,AU,0.05171231594709646,0.055170193488885626,0.03685786592322972,0.12354781243297938,0.9135155803364178,0.5624364048596804,0.8764521875670206,0.07336836512813026,0.0,0.16666666666666666,0.16666666666666663,-0.03585012366861388,0.033368656147245955,0.2483648853343775,0.00023202833544928582,0.652540385723114,1.5566805362701417
B_fixed_G0,T0,13,VA,0.07353350369359281,0.13554827612563305,0.0554543048486129,0.43933971833803165,0.7420968979597091,0.8750154109558725,0.5606602816619684,0.15687042211422894,0.0,0.0,0.0,0.05694104508228051,0.13997205560899711,0.2586667454735785,0.35549743473529816,0.6916830837726593,1.1015919804573064
B_fixed_G0,T0,13,expression,0.039948799229853435,0.04329167808384708,0.042606343878160174,0.16299242831315866,13.307241082983092,0.6496765093623404,0.8370075716868414,0.04926728926770874,0.0,0.0,0.0,-0.026301281940429636,0.026831231068830237,0.15866608495816736,0.24159940630197527,0.9655255079269409,8.756762504577642
B_fixed_G0,T0,13,all,0.0496936856172984,0.057799315170213084,0.04018509398283813,0.16143344198704093,5.30493632062175,0.615359558788227,0.838566558012959,0.07222149877652248,0.0,0.1,0.09999999999999998,-0.027868435966713304,0.041186708385840196,0.2340298912695759,0.08658734261989597,0.756341278553009,3.4767122268676753
A_native,G0-local,13,AU,0.05762063455805458,0.06349036254660531,0.03318029348889124,0.13939526407737826,0.9019319984315225,0.5005198004821502,0.860604735922622,0.08463422631283143,0.0,0.16666666666666666,0.16666666666666663,-0.044422565173745605,0.05029032277512009,0.27147609270530826,6.126610169303604e-05,0.6625485420227051,1.8046953678131104
A_native,G0-local,13,VA,0.07849165542437513,0.12809561553087723,0.05579241511241827,0.42075352394814763,0.6523833252489567,0.8112807052035919,0.5792464760518524,0.1684292014129321,0.0,0.0,0.0,0.0508590530886856,0.18050667405714005,0.2509592080091047,0.2528953477740288,0.5697343647480011,1.0166278481483462
A_native,G0-local,13,expression,0.03256060793329235,0.03662678336560652,0.03687317522569581,0.19763968352088304,6.691854384429462,0.465662381498098,0.8023603164791169,0.04615301816237732,0.0,0.0,0.0,-0.044192681842128406,0.026049521243552348,0.16857460046238995,0.00723392004147172,0.6866255402565002,8.285798454284672
A_native,G0-local,13,all,0.051271107707436314,0.06006243744742746,0.036170985374550865,0.18054213908896133,2.938388964725673,0.5142262987849687,0.8194578609110387,0.07840046120156778,0.0,0.1,0.09999999999999998,-0.04205567284253752,0.05097762873100702,0.24066765340076474,0.00030839045066386475,0.6625485420227051,3.0944678306579583
B_fixed_G0,G0-local,13,AU,0.05762063455805458,0.06349036254660531,0.03318029348889124,0.13939526407737826,0.9019319984315225,0.5005198004821502,0.860604735922622,0.08463422631283143,0.0,0.16666666666666666,0.16666666666666663,-0.044422565173745605,0.05029032277512009,0.27147609270530826,6.126610169303604e-05,0.6625485420227051,1.8046953678131104
B_fixed_G0,G0-local,13,VA,0.07849165542437513,0.12809561553087723,0.05579241511241827,0.42075352394814763,0.6523833252489567,0.8112807052035919,0.5792464760518524,0.1684292014129321,0.0,0.0,0.0,0.0508590530886856,0.18050667405714005,0.2509592080091047,0.2528953477740288,0.5697343647480011,1.0166278481483462
B_fixed_G0,G0-local,13,expression,0.03256060793329235,0.03662678336560652,0.03687317522569581,0.19763968352088304,6.691854384429462,0.465662381498098,0.8023603164791169,0.04615301816237732,0.0,0.0,0.0,-0.044192681842128406,0.026049521243552348,0.16857460046238995,0.00723392004147172,0.6866255402565002,8.285798454284672
B_fixed_G0,G0-local,13,all,0.051271107707436314,0.06006243744742746,0.036170985374550865,0.18054213908896133,2.938388964725673,0.5142262987849687,0.8194578609110387,0.07840046120156778,0.0,0.1,0.09999999999999998,-0.04205567284253752,0.05097762873100702,0.24066765340076474,0.00030839045066386475,0.6625485420227051,3.0944678306579583
A_native,G1-shared,13,AU,0.03746296361705025,0.0404541531155866,0.05082470099479328,0.16922106048706542,0.6422087568305614,0.43278036894468236,0.8307789395129347,0.06064766253337615,0.0,0.24,0.24,-0.05080070352902077,0.012730170513894662,0.2345250012871338,8.22210276965052e-05,0.462307333946228,1.355309534072876
A_native,G1-shared,13,VA,0.04497036326060093,0.06260188275582454,0.0395558105015056,0.3308652188203713,0.6058860860764981,0.834393237049793,0.6691347811796287,0.07951391135436105,0.0,0.0,0.0,-0.03030593884001923,0.07523378712984335,0.19496613570735763,0.3210847079753876,0.6026398837566376,0.8091802239418033
A_native,G1-shared,13,expression,0.018284056501223868,0.0200720789334059,0.06402836382934726,0.1939956478058543,2.93737548172212,0.46250410931244323,0.8060043521941458,0.032263761030150724,0.0,0.0,0.0,-0.02998753476851341,0.008038518530830095,0.14483742041277667,0.02116577196866274,0.47340166568756104,5.746450805664077
A_native,G1-shared,13,all,0.031926305311469866,0.03570370774850781,0.05414836186238754,0.19008046109574234,1.4968203669999232,0.4744209953107747,0.8099195389042576,0.05180005905749607,0.0,0.144,0.14400000000000002,-0.046238417148404515,0.0141856283866739,0.2095984722659273,0.00036177225119899965,0.4998655617237091,1.8278637647628815
B_fixed_G0,G1-shared,13,AU,0.029271990188001914,0.0329351425975533,0.05130539446868783,0.166611991344515,0.6472990313069895,0.4306132956812734,0.833388008655485,0.04382103506421247,0.0,0.16666666666666666,0.16666666666666663,-0.04407987077917236,0.010166861067098801,0.21359804268004237,5.4872916371095934e-05,0.3403199017047882,1.2580473661422733
B_fixed_G0,G1-shared,13,VA,0.05097794366370103,0.08051146041136165,0.05176864435480425,0.4165180135612703,0.5842138461768627,0.8113275780716742,0.5834819864387298,0.10438421935487299,0.0,0.0,0.0,0.014420991494435445,0.11201236883985706,0.1941932814210478,0.32702196538448336,0.5695649683475494,0.8146314024925236
B_fixed_G0,G1-shared,13,expression,0.017091146126313305,0.019822848107927525,0.07109003380480372,0.1939269515958923,3.1880210893359617,0.5206211765599036,0.8060730484041077,0.02797048045803424,0.0,0.0,0.0,-0.02424343119784172,0.014007778616452478,0.10664714478230132,0.04050904586911202,0.46276623010635376,4.169171762466433
B_fixed_G0,G1-shared,13,all,0.02711059636631749,0.03254531378597772,0.05767353904713423,0.19534526040229616,1.5450593021501684,0.4898729601536671,0.804654739597704,0.04356867647451892,0.0,0.1,0.09999999999999998,-0.03130304996266757,0.017085275040276456,0.1712069594606713,0.00018734363839030272,0.44710198044776917,1.6494142055511472
A_native,T0,14,AU,0.02897600871356661,0.03179723955303819,0.04596038627749643,0.13693749842987588,1.223302211739822,0.5007280214354085,0.8630625015701241,0.04373108024876768,0.0,0.18666666666666668,0.18666666666666665,-0.04192823696204031,0.002518817886463511,0.1724894233634151,0.00044752055255230526,0.7668549120426178,2.64033341407776
A_native,T0,14,VA,0.08171619899184188,0.10439857864582511,0.043724890387351036,0.2920350354661411,0.9001420274376869,0.8968280919885412,0.7079649645338588,0.11825517451347674,0.0,0.0,0.0,0.027042933867427635,0.13972246449665632,0.21549660847082716,0.5072096318006516,0.8700336515903473,1.2431724905967714
A_native,T0,14,expression,0.029044099108253407,0.03033562424719368,0.03552065763236069,0.14861659809218486,837.5983319121412,0.6217976801771347,0.8513834019078151,0.0344146888659963,0.0,0.0,0.0,-0.030070816101734153,0.019904196074952765,0.11802103770322962,0.2583957940340042,0.9645104706287384,61.82664566040139
A_native,T0,14,all,0.03321701286212841,0.0371376297825909,0.042440833439841355,0.15308261328471598,302.5905957808663,0.5711583178770115,0.846917386715284,0.04708770445900403,0.0,0.112,0.11199999999999999,-0.0375092033457884,0.01937887494439009,0.17113421941250515,0.042732521146535876,0.865887463092804,6.10946207046509
B_fixed_G0,T0,14,AU,0.02649585910815864,0.029661955060615086,0.04220990340679993,0.14356794802287112,1.0373499875372207,0.5289618653374759,0.8564320519771288,0.03871892484956245,0.0,0.19333333333333333,0.19333333333333336,-0.07425411768488523,0.0015345440282230405,0.18424362821419496,0.0012802192941308022,0.7577256560325623,2.015026807785034
B_fixed_G0,T0,14,VA,0.06406374463905473,0.08468322295610244,0.034942602810459064,0.29882071633227514,0.7226098880171776,0.8623111552312397,0.7011792836677249,0.1043275537460431,0.0,0.0,0.0,-0.04268158822650879,0.08822196148165737,0.2768559225603915,0.2871561527252197,0.6479476094245911,1.1603098750114442
B_fixed_G0,T0,14,expression,0.015278559782230666,0.01703580086747205,0.032005779146417244,0.13153947714793243,10.124351474549622,0.6481598219467067,0.8684605228520675,0.022103079357813308,0.0,0.0,0.0,-0.06642899215733922,-0.003313657632860534,0.1312286497643499,0.139984430372715,0.8902584612369537,8.615440273284918
B_fixed_G0,T0,14,all,0.025911754166333373,0.03002328715044831,0.0383631995957702,0.15213905880764308,4.298279023603244,0.5937731546439309,0.8478609411923569,0.03864157163051123,0.0,0.116,0.11599999999999999,-0.06530556789001705,0.005115546930017669,0.16329967557072048,0.07397794723510742,0.7794238328933716,2.2901833057403564
A_native,G0-local,14,AU,0.031837981594265916,0.037230520053127124,0.04543958840243237,0.20429677420187814,1.1032886947129652,0.4518863105157353,0.7957032257981219,0.051376867099118186,0.0,0.19333333333333333,0.19333333333333336,-0.09447052733563688,0.017932836185409865,0.22114600778181864,4.820149115403183e-05,0.6156495809555054,2.0682122707366943
A_native,G0-local,14,VA,0.08629900997808873,0.11264446188805341,0.03585547306272821,0.28229606486959685,0.6737022928893566,0.8009658766510481,0.7177039351304032,0.1473029824380394,0.0,0.0,0.0,0.046861606238094544,0.14761138440169666,0.32363369027750394,0.20866696089506148,0.5500588119029999,1.2164482831954957
A_native,G0-local,14,expression,0.03595585635918565,0.03800675404717418,0.031563402584559294,0.15805724182086395,3.7461445373897733,0.5285621974698175,0.8419427581791361,0.04795272220170023,0.0,0.0,0.0,-0.08927718360363296,0.02265290862295828,0.19753620137671757,0.0013217169092968107,0.6157352328300476,3.5622030258178716
A_native,G0-local,14,all,0.03751258378974606,0.043512030278016284,0.04023247971353665,0.19574006709337113,2.0211019950644245,0.5043489596318665,0.8042599329066288,0.058818454044751625,0.0,0.116,0.11599999999999999,-0.08808604100852421,0.043448531006440715,0.2242813598735269,0.0002692507114261389,0.6123538613319397,2.3360214233398438
B_fixed_G0,G0-local,14,AU,0.031837981594265916,0.037230520053127124,0.04543958840243237,0.20429677420187814,1.1032886947129652,0.4518863105157353,0.7957032257981219,0.051376867099118186,0.0,0.19333333333333333,0.19333333333333336,-0.09447052733563688,0.017932836185409865,0.22114600778181864,4.820149115403183e-05,0.6156495809555054,2.0682122707366943
B_fixed_G0,G0-local,14,VA,0.08629900997808873,0.11264446188805341,0.03585547306272821,0.28229606486959685,0.6737022928893566,0.8009658766510481,0.7177039351304032,0.1473029824380394,0.0,0.0,0.0,0.046861606238094544,0.14761138440169666,0.32363369027750394,0.20866696089506148,0.5500588119029999,1.2164482831954957
B_fixed_G0,G0-local,14,expression,0.03595585635918565,0.03800675404717418,0.031563402584559294,0.15805724182086395,3.7461445373897733,0.5285621974698175,0.8419427581791361,0.04795272220170023,0.0,0.0,0.0,-0.08927718360363296,0.02265290862295828,0.19753620137671757,0.0013217169092968107,0.6157352328300476,3.5622030258178716
B_fixed_G0,G0-local,14,all,0.03751258378974606,0.043512030278016284,0.04023247971353665,0.19574006709337113,2.0211019950644245,0.5043489596318665,0.8042599329066288,0.058818454044751625,0.0,0.116,0.11599999999999999,-0.08808604100852421,0.043448531006440715,0.2242813598735269,0.0002692507114261389,0.6123538613319397,2.3360214233398438
A_native,G1-shared,14,AU,0.020271755334440235,0.024440211843463733,0.055480908449522776,0.16220316649799799,0.6359772160368625,0.43397422621563386,0.8377968335020021,0.026601648620811335,0.0,0.14,0.14,-0.057955402652005286,0.0016294047904199314,0.15213511211239117,5.676552827935666e-05,0.3990488052368164,1.4136455535888672
A_native,G1-shared,14,VA,0.039498332985509574,0.07092406668193123,0.060194449481113375,0.4607859088517599,0.6392451077699661,0.8583403481043728,0.5392140911482401,0.0862955253873039,0.0,0.0,0.0,0.026709864029468306,0.0820886813207781,0.16421144989767644,0.39957423508167267,0.5951255261898041,0.9226698875427247
A_native,G1-shared,14,expression,0.012345928021825311,0.013411869734194084,0.08805875708111781,0.21364051140881757,2.091502873363788,0.44719435425875415,0.7863594885911824,0.019647538397958148,0.0,0.0,0.0,-0.024019658271309228,0.005735980324086893,0.10801101636240648,0.009357785526663066,0.3474317342042923,4.037093496322635
A_native,G1-shared,14,all,0.019273616806489004,0.024629850755574847,0.06628290329416044,0.2025497362577612,1.1447432004072386,0.4721539569405314,0.7974502637422388,0.0293857041557528,0.0,0.084,0.08399999999999996,-0.03747641635169942,0.006802746363766765,0.13878831660061483,0.0001163950830232352,0.42298680543899536,2.042535305023194
B_fixed_G0,G1-shared,14,AU,0.014207617148444216,0.017300281725624072,0.05925198960592151,0.18229376058033553,0.6600852407079199,0.4146729719209679,0.8177062394196644,0.02641109651286373,0.0,0.19333333333333333,0.19333333333333336,-0.05170877994071969,0.006776894527619605,0.14565809142870625,4.442582940100692e-05,0.36429575085639954,1.4474878311157227
B_fixed_G0,G1-shared,14,VA,0.029455951487129328,0.05756786736191651,0.0644944134974311,0.4716107182908263,0.5946218147873878,0.8157766455119789,0.5283892817091738,0.06950177827251561,0.0,0.0,0.0,-7.474474963967527e-05,0.07017189013356906,0.13755715077700242,0.3172981172800064,0.5497494637966156,0.9706672787666322
B_fixed_G0,G1-shared,14,expression,0.007556664750330719,0.009893568326175002,0.07190397531712558,0.20220397164226403,3.7201924074965063,0.4769727584989637,0.797796028357736,0.01471669319533896,0.0,0.0,0.0,-0.043916225283883906,0.007029853963175311,0.08459523730104618,0.007832514215260744,0.33045296370983124,2.359021306037916
B_fixed_G0,G1-shared,14,all,0.013299179128142708,0.018151540288703763,0.06372001894482758,0.21181038473699187,1.7618920498693509,0.4666971975132075,0.7881896152630081,0.026077437552642257,0.0,0.116,0.11599999999999999,-0.04384221329100453,0.010422035696209322,0.12863812243139577,0.00013191257312428206,0.3874480426311493,1.4877742528915405
A_native,T0,15,AU,0.08732155679477732,0.09500001253237322,0.039363847345008515,0.17849155678358378,1.0572410184930825,0.5018417096715942,0.8215084432164164,0.12353507956155572,0.0,0.18666666666666668,0.18666666666666665,-0.041269159570619815,0.10691548588435698,0.368637576455349,7.104906471795402e-05,0.7091515958309174,1.228619158267975
A_native,T0,15,VA,0.08190460572701995,0.09860661275398641,0.03350092009597455,0.2679693620208607,0.6503180742263794,0.8111537244026884,0.7320306379791393,0.12439834389807718,0.0,0.0,0.0,-0.07245455885700333,0.11662018319330797,0.26819443742686605,0.274492022395134,0.5571019947528839,1.1678085446357727
A_native,T0,15,expression,0.04160368169877876,0.0460726874591041,0.03374715654274247,0.14738599297416066,8.911587534705177,0.596516650496943,0.8526140070258392,0.054520191594118285,0.0,0.0,0.0,-0.05774801550365931,0.019235994030400896,0.22283662417046804,0.033007224649190904,0.8115871250629425,4.102051210403445
A_native,T0,15,all,0.0722584806786372,0.07963179652665614,0.03709747210836066,0.17569600078355055,3.850976434761702,0.5568826519141935,0.8243039992164495,0.09874262122522885,0.0,0.112,0.11199999999999999,-0.05489057076000947,0.04630123727100596,0.3229851895083631,0.0002464627890731209,0.7091515958309174,1.4975162982940677
B_fixed_G0,T0,15,AU,0.07019335535331575,0.07786000831374582,0.03542769466148275,0.16422380711751433,0.9155156344595884,0.5066386690961036,0.8357761928824857,0.10097325440786116,0.0,0.15333333333333332,0.15333333333333332,-0.08192447175521866,0.06190543538454484,0.3672872061372266,4.5564235915662724e-05,0.7529784440994263,1.6717578172683725
B_fixed_G0,T0,15,VA,0.06700059176312124,0.09000212334217197,0.05770839801396419,0.32984976870117183,0.6478282049298286,0.8455170706450585,0.6701502312988281,0.10888499040527437,0.0,0.0,0.0,-0.05952267364735619,0.07921967237026627,0.2620613189072114,0.4126873850822449,0.5361868143081665,1.015355920791626
B_fixed_G0,T0,15,expression,0.030696958138835634,0.03474428660343101,0.037604383860228,0.16910256829087497,6.211130903978483,0.5734691795201703,0.8308974317091252,0.03945076253557433,0.0,0.0,0.0,-0.07004785849035541,0.00018903162629671207,0.2192243965906897,0.03650524765253067,0.7623965740203857,5.088373422622683
B_fixed_G0,T0,15,all,0.05729908715746655,0.06503434656871918,0.03790669147327974,0.17903508761968234,2.758226969133229,0.5551347045557213,0.8209649123803178,0.07998838819713569,0.0,0.092,0.09199999999999997,-0.07728310972369164,0.0456787238143183,0.31538798840986954,9.413069201400504e-05,0.7453100681304932,2.354692792892457
A_native,G0-local,15,AU,0.073432076198312,0.08353850830486453,0.05257783078136933,0.20922644144706692,0.8241589885217792,0.4392826625853589,0.790773558552933,0.10247477694620429,0.0,0.15333333333333332,0.15333333333333332,-0.13937694118024235,0.06849797093913329,0.42241017566566846,3.08718612359371e-05,0.6059325337409973,1.576878166198731
A_native,G0-local,15,VA,0.07045703543710295,0.08062123377961689,0.08919798373472207,0.38744780556057223,0.6627325341105461,0.8018271020441212,0.6125521944394278,0.11297706393254887,0.0,0.0,0.0,-0.07081365108761685,0.05270551463499555,0.333060488747208,0.29266999661922455,0.5680707544088364,1.0974382400512697
A_native,G0-local,15,expression,0.033357340772710596,0.03939691585604503,0.044675075833721996,0.19084554636853834,3.6424347105587005,0.42171653775246903,0.8091544536314619,0.06167769688593274,0.0,0.0,0.0,-0.054157884087288166,0.03795228194037243,0.21931767914801126,0.0010360628075432032,0.307144358754158,3.3021304368972797
A_native,G0-local,15,all,0.06037015760122283,0.06917981675922248,0.0529785614343904,0.21760226415101824,1.8031613174853431,0.46266505779553513,0.7823977358489818,0.08902226300305525,0.0,0.092,0.09199999999999997,-0.09368314690719355,0.05526801860812173,0.37719878587521144,4.61825831735041e-05,0.4658113420009613,2.0474296092987068
B_fixed_G0,G0-local,15,AU,0.073432076198312,0.08353850830486453,0.05257783078136933,0.20922644144706692,0.8241589885217792,0.4392826625853589,0.790773558552933,0.10247477694620429,0.0,0.15333333333333332,0.15333333333333332,-0.13937694118024235,0.06849797093913329,0.42241017566566846,3.08718612359371e-05,0.6059325337409973,1.576878166198731
B_fixed_G0,G0-local,15,VA,0.07045703543710295,0.08062123377961689,0.08919798373472207,0.38744780556057223,0.6627325341105461,0.8018271020441212,0.6125521944394278,0.11297706393254887,0.0,0.0,0.0,-0.07081365108761685,0.05270551463499555,0.333060488747208,0.29266999661922455,0.5680707544088364,1.0974382400512697
B_fixed_G0,G0-local,15,expression,0.033357340772710596,0.03939691585604503,0.044675075833721996,0.19084554636853834,3.6424347105587005,0.42171653775246903,0.8091544536314619,0.06167769688593274,0.0,0.0,0.0,-0.054157884087288166,0.03795228194037243,0.21931767914801126,0.0010360628075432032,0.307144358754158,3.3021304368972797
B_fixed_G0,G0-local,15,all,0.06037015760122283,0.06917981675922248,0.0529785614343904,0.21760226415101824,1.8031613174853431,0.46266505779553513,0.7823977358489818,0.08902226300305525,0.0,0.092,0.09199999999999997,-0.09368314690719355,0.05526801860812173,0.37719878587521144,4.61825831735041e-05,0.4658113420009613,2.0474296092987068
A_native,G1-shared,15,AU,0.05007314484096594,0.057660504842587654,0.04396548991590183,0.19808640542839617,0.8854851905109585,0.3986428575708143,0.8019135945716038,0.09876280629912418,0.0,0.26666666666666666,0.2666666666666667,-0.04370832900634676,0.052212329888995615,0.3387927120733954,5.617879833152983e-05,0.5506913959980011,1.6365616440773012
A_native,G1-shared,15,VA,0.09701270441896706,0.11122774472504213,0.0405802989299733,0.2841309392401357,0.5995988190174103,0.8152475362031322,0.7158690607598643,0.15560108445328003,0.0,0.0,0.0,-0.015329318932041478,0.16321660023480847,0.36226892678355777,0.3410867154598236,0.6367340683937073,0.8457363605499271
A_native,G1-shared,15,expression,0.052514524589567,0.052992316525872364,0.038507643141152646,0.1421699674793095,6.174778667050123,0.5071634210095531,0.8578300325206903,0.07200899224998815,0.0,0.0,0.0,-0.07100566463592935,0.02097794507677539,0.33853272110884336,0.00919642262160778,0.5597688555717468,3.8838478803634695
A_native,G1-shared,15,all,0.05460955112675836,0.06045206377183512,0.0419481636691078,0.1870767079896276,2.8732268604788738,0.46669781216179607,0.8129232920103723,0.09398404648556341,0.0,0.16,0.16000000000000003,-0.057407529041948166,0.04078078130347838,0.34200857841065835,0.00018502350430935622,0.579594761133194,1.9705783247947692
B_fixed_G0,G1-shared,15,AU,0.03320529506027154,0.03857263325455563,0.05174409276091611,0.1983728591551927,0.6560637594011711,0.43081419152984257,0.8016271408448074,0.0386117734391039,0.0,0.15333333333333332,0.15333333333333332,-0.08785264335537447,0.01222939516104745,0.2503095040229647,2.650078386068344e-05,0.42492878437042236,1.3385816335678107
B_fixed_G0,G1-shared,15,VA,0.06491348867868245,0.07774264775644892,0.06921851468605587,0.41269013415763184,0.5996524371206761,0.837088349901214,0.5873098658423681,0.09832969396411964,0.0,0.0,0.0,-0.10191200989980466,0.09832308455800012,0.24844173237618195,0.3844067454338074,0.6304179728031158,0.8505491077899934
B_fixed_G0,G1-shared,15,expression,0.011930660312455628,0.014703526741930612,0.08337868133726684,0.22926202967368559,7.945929604998673,0.5118235370325087,0.7707379703263144,0.018869871995982064,0.0,0.0,0.0,-0.06150533095905038,0.0010255739033440095,0.13659009522675009,0.01035130238160491,0.5377180278301239,2.954953765869144
B_fixed_G0,G1-shared,15,all,0.02893406743044332,0.034068120330667084,0.06326511485935953,0.22540277572130554,3.2202093153579563,0.48923911476040544,0.7745972242786945,0.03691576592831345,0.0,0.092,0.09199999999999997,-0.07745208890765194,0.01222939516104745,0.21188465755903502,4.3891938548767936e-05,0.49831128120422363,1.8878942251205453
A_native,T0,16,AU,0.10115668078571324,0.11086585922001314,0.05165164596281623,0.19338707652801987,0.9254334619706652,0.4252630480003969,0.8066129234719802,0.17399162973551727,0.0,0.32,0.31999999999999995,-0.05515671751288574,0.09092153562188601,0.5826853330301796,0.0001027694197546225,0.8274320662021637,1.455198609828949
A_native,T0,16,VA,0.11829831636046843,0.16092334969158117,0.10810842477645788,0.43650232051909577,0.840018992125988,0.8371064049910082,0.5634976794809042,0.20038199311134655,0.0,0.0,0.0,-0.08930214390922876,0.2526708746674903,0.41611049271029704,0.3494633108377457,0.6843296587467194,1.5297884702682496
A_native,T0,16,expression,0.07265153501294677,0.08557173411448829,0.04019600187623858,0.188207360268633,72.44995375288636,0.5297962910576471,0.8117926397313671,0.10330815696417525,0.0,0.0,0.0,-0.10866828744246369,0.04785349887833297,0.35547680922763336,0.05508865080773831,1.0763370990753174,111.58296203613305
A_native,T0,16,all,0.0934063649844084,0.10677633842397063,0.05250238216020272,0.21117878684430216,29.243519273239784,0.49166115433796587,0.7888212131556979,0.1486110824375431,0.0,0.192,0.19199999999999995,-0.0763662114049736,0.08488170560760591,0.4550500072396227,0.001067534013418486,0.8977455794811249,4.177701377868654
B_fixed_G0,T0,16,AU,0.10035801207454216,0.10969060565745072,0.04715776011209262,0.18897062236949802,1.0474419226563358,0.4715976075054533,0.811029377630502,0.17216651747147335,0.0,0.26666666666666666,0.2666666666666667,-0.0593145277527397,0.08599098674823394,0.5817566870050991,0.00011278067177045159,0.8274320662021637,1.6041502118110664
B_fixed_G0,T0,16,VA,0.08572410007648754,0.13962675540848793,0.12604344999694495,0.43599110498266713,0.7186360687017441,0.8245726375688243,0.5640088950173329,0.1717789642785802,0.0,0.0,0.0,-0.018765004132714393,0.15510079139302513,0.3670149343279647,0.3185821264982224,0.5432778000831604,1.2886082053184513
B_fixed_G0,T0,16,expression,0.06031656982969783,0.0679387988538962,0.03860900257470668,0.1880044863115925,112.4882047989835,0.4781111112207535,0.8119955136884076,0.08426010563770898,0.0,0.0,0.0,-0.11268881526412972,0.024849694687695885,0.3297290486752931,0.03748719170689583,1.2185227274894714,281.37873840332037
B_fixed_G0,T0,16,all,0.08637403759634762,0.09872491946039626,0.050733012890917306,0.20842309744002177,43.469751032309105,0.501919931099419,0.7915769025599781,0.13864145075452566,0.0,0.16,0.16000000000000003,-0.09033970085893232,0.07372142732023795,0.43188925936659944,0.004512462951242924,0.9009169638156891,7.966723775863646
A_native,G0-local,16,AU,0.11529069573020129,0.12414110662607086,0.04658571943978448,0.2030723255082063,0.9424293759135914,0.4037569218482804,0.7969276744917937,0.2007842166134139,0.0,0.26666666666666666,0.2666666666666667,-0.053673013598598676,0.14319584634041232,0.5618040668613382,2.7004336516256444e-05,0.7743827700614929,1.332663762569428
A_native,G0-local,16,VA,0.10307241555860654,0.1703549336848667,0.11618064623350008,0.43185065427811564,0.7042259752750397,0.8088097153299781,0.5681493457218846,0.2110052979528339,0.0,0.0,0.0,-0.022877510021592634,0.19930111624899888,0.4410843137949496,0.32545540034770964,0.5668514966964722,1.4018217325210574
A_native,G0-local,16,expression,0.08734525187479344,0.09488947876365018,0.03427842561391133,0.2093699214860031,73.10242490174724,0.42768863118790545,0.7906300785139967,0.12839864587521185,0.0,0.0,0.0,-0.08658175376092886,0.07836010634807698,0.3918188068633579,0.0007922428485471757,0.8372898995876312,217.3398422241212
A_native,G0-local,16,all,0.10537069128274319,0.11847769187479994,0.04821497955900232,0.22338982252269404,28.40926544283702,0.4438192923154962,0.7766101774773059,0.17418219741213883,0.0,0.16,0.16000000000000003,-0.06382373944815162,0.11972099725956396,0.5176934172630654,4.739295691251756e-05,0.7743209898471832,4.703177690505972
B_fixed_G0,G0-local,16,AU,0.11529069573020129,0.12414110662607086,0.04658571943978448,0.2030723255082063,0.9424293759135914,0.4037569218482804,0.7969276744917937,0.2007842166134139,0.0,0.26666666666666666,0.2666666666666667,-0.053673013598598676,0.14319584634041232,0.5618040668613382,2.7004336516256444e-05,0.7743827700614929,1.332663762569428
B_fixed_G0,G0-local,16,VA,0.10307241555860654,0.1703549336848667,0.11618064623350008,0.43185065427811564,0.7042259752750397,0.8088097153299781,0.5681493457218846,0.2110052979528339,0.0,0.0,0.0,-0.022877510021592634,0.19930111624899888,0.4410843137949496,0.32545540034770964,0.5668514966964722,1.4018217325210574
B_fixed_G0,G0-local,16,expression,0.08734525187479344,0.09488947876365018,0.03427842561391133,0.2093699214860031,73.10242490174724,0.42768863118790545,0.7906300785139967,0.12839864587521185,0.0,0.0,0.0,-0.08658175376092886,0.07836010634807698,0.3918188068633579,0.0007922428485471757,0.8372898995876312,217.3398422241212
B_fixed_G0,G0-local,16,all,0.10537069128274319,0.11847769187479994,0.04821497955900232,0.22338982252269404,28.40926544283702,0.4438192923154962,0.7766101774773059,0.17418219741213883,0.0,0.16,0.16000000000000003,-0.06382373944815162,0.11972099725956396,0.5176934172630654,4.739295691251756e-05,0.7743209898471832,4.703177690505972
A_native,G1-shared,16,AU,0.06348469289353115,0.06700195374592595,0.04327619545742129,0.19959338802053353,0.5377355462376133,0.349144014125762,0.8004066119794665,0.12773346264092908,0.0,0.3466666666666667,0.3466666666666667,-0.08436102820392492,0.08994577001283582,0.42729052192735967,5.990572753944435e-05,0.4864617735147476,1.159678542613983
A_native,G1-shared,16,VA,0.14916178271979402,0.16581654742189889,0.0430222168454229,0.3592652465100911,0.8038149580359459,0.8911734649598946,0.6407347534899087,0.2012715829244403,0.0,0.0,0.0,-0.09147913471366154,0.22579356153082147,0.44491614365049814,0.4351163923740387,0.6312247216701508,1.2574583530426027
A_native,G1-shared,16,expression,0.049987683456989535,0.07441719233178187,0.061858215740014356,0.22067024391312437,1.5020431593860848,0.48753454280068154,0.7793297560868757,0.09573371859074387,0.0,0.0,0.0,-0.07641216942361209,0.06234679882598741,0.2789646537887416,0.01936280466616154,0.48950454592704773,3.7387716770172124
A_native,G1-shared,16,all,0.06601981705993885,0.07727999758747767,0.04920212365889121,0.21911173058532724,0.9542314921358173,0.4367913393684669,0.7808882694146728,0.12223236608363315,0.0,0.208,0.20799999999999996,-0.081678433416275,0.09586737795529973,0.39253766289235625,0.00014696493744850174,0.5686149895191193,1.6252332210540774
B_fixed_G0,G1-shared,16,AU,0.05803444423330729,0.0703154994495736,0.06392294875406837,0.24938241248673051,0.7461104276957733,0.4093071445987706,0.7506175875132695,0.10215404409745171,0.0,0.26666666666666666,0.2666666666666667,-0.0955901570611586,0.04948301950005427,0.39911162327634486,1.97908520931378e-05,0.5478946268558502,1.4139377236366282
B_fixed_G0,G1-shared,16,VA,0.04585757348736778,0.09677300469754142,0.1640497442800946,0.5576354183581622,0.6199674680829048,0.818624603120201,0.4423645816418379,0.12193736641551696,0.0,0.0,0.0,-0.09627424122495684,0.08343660798404023,0.3912372341737205,0.3904530555009842,0.5089423358440399,1.07796847820282
B_fixed_G0,G1-shared,16,expression,0.02225793912417433,0.038037419217879585,0.06893894304211737,0.24755482275852075,47.47697875172016,0.43956079333179277,0.7524451772414793,0.04759274969625364,0.0,0.0,0.0,-0.11778618993323253,0.0023191660408276985,0.2647933576359838,0.014947538543492556,1.016788810491562,133.72048797607428
B_fixed_G0,G1-shared,16,all,0.045611812938709584,0.062103114195268934,0.07353821056832616,0.2734578242434179,18.53633236450384,0.45173370887505215,0.7265421757565821,0.08325291502252534,0.0,0.16,0.16000000000000003,-0.09940059537592881,0.038272401950771806,0.3346239192196374,5.0169989845016974e-05,0.6419203877449036,5.437290334701536
A_native,T0,17,AU,0.06496574160548006,0.06996881449712967,0.024608010702929846,0.08792446625805375,0.8111914793296959,0.5966472177557784,0.9120755337419464,0.08753683708584281,0.0,0.13333333333333333,0.1333333333333333,-0.029716534122295055,0.041448319346920434,0.30852592464371065,0.002660967153497041,0.6774425804615021,1.6724309206008914
A_native,T0,17,VA,0.0780504312817043,0.11096571841520372,0.06053951223885316,0.39006812495730203,1.0377591520547866,0.881876929890321,0.609931875042698,0.12528733709464918,0.0,0.0,0.0,0.010444153769875942,0.10275049497747615,0.2868944570417048,0.5064889311790466,0.8924844861030579,1.4329474806785585
A_native,T0,17,expression,0.021664463909663853,0.023493654204787485,0.04876144662331723,0.16711715290656853,3.9291003276593983,0.6256118362284669,0.8328828470934313,0.032383958131262346,0.0,0.0,0.0,-0.032202870643652536,0.001331947723959853,0.1672913955642497,0.22569169849157333,1.6054234504699707,5.049026298522954
A_native,T0,17,all,0.05215610791691682,0.0583765155170261,0.035211630320327675,0.13743761868151835,1.915383050290035,0.6287342726378021,0.8625623813184816,0.0716358791893632,0.0,0.08,0.07999999999999996,-0.029467600538126977,0.02359173397071994,0.25213058187519827,0.06190207861363889,0.8621174395084381,3.6760201215744015
B_fixed_G0,T0,17,AU,0.05538850832247307,0.06054899559556238,0.02739651315193483,0.10334260576727144,0.95499587380569,0.5621392802832689,0.8966573942327284,0.08086679184924145,0.0,0.21333333333333335,0.21333333333333337,-0.04875307142256458,0.010390680751378927,0.3172734251675978,0.04723738748580221,0.866174578666687,1.9642648339271545
B_fixed_G0,T0,17,VA,0.09539740323205688,0.12010590377139388,0.03557547715269329,0.2638301543855138,1.0528122380375862,0.9066231755313566,0.7361698456144861,0.13242826591415166,0.0,0.0,0.0,-0.048545122109231446,0.1272554041380222,0.2940157588180694,0.5146201699972153,0.9474301338195801,1.4687531471252442
B_fixed_G0,T0,17,expression,0.019975227359540042,0.02075784791637805,0.03230270624339677,0.1292970328306771,4.885309340502135,0.6580725373304002,0.8707029671693229,0.033455044098697685,0.0,0.0,0.0,-0.03405126795752522,0.008694471747342118,0.17509938569949868,0.3425730586051941,1.6154658794403076,7.50175938606264
B_fixed_G0,T0,17,all,0.04725697000710121,0.052580380992289906,0.02962081206126333,0.12448702631702065,2.406286720688046,0.6203966341581979,0.8755129736829794,0.0681983957999511,0.0,0.128,0.128,-0.04503643943893044,0.013980375419495141,0.2907421190906545,0.12643279582262043,0.9992904365062714,3.1245419502258303
A_native,G0-local,17,AU,0.06705146090275316,0.07522763919464999,0.048298052002496414,0.17734595963968705,0.8974712649568558,0.4533372510196845,0.822654040360313,0.09743953882001383,0.0,0.21333333333333335,0.21333333333333337,-0.055549603044920466,0.03779811301059004,0.3849331867725836,0.00013593988405773418,0.5858505368232727,2.491964769363403
A_native,G0-local,17,VA,0.08319277953530826,0.10585304555235164,0.04361679551796462,0.2933328758065674,0.9208019867539405,0.8634589689041687,0.7066671241934326,0.1332918325692357,0.0,0.0,0.0,-0.04532330177393612,0.16367982803537126,0.28958944783592194,0.3315916061401367,0.8328906297683716,1.3383692383766175
A_native,G0-local,17,expression,0.0322444037104059,0.03700176685124151,0.03913783588186396,0.20319047182633682,1.9733579048868706,0.5500883191979392,0.7968095281736632,0.04718538277654576,0.0,0.0,0.0,-0.04953916884212177,0.04289574241014804,0.15563723111624175,0.0034999739378690723,0.7360953092575073,3.0501695156097415
A_native,G0-local,17,all,0.057204508091806446,0.06544539255337542,0.044992282325131486,0.19489515683276545,1.2944324834446672,0.5171073302674847,0.8051048431672345,0.082286847955367,0.0,0.128,0.128,-0.04987534456565108,0.044602908775972755,0.2915571421685717,0.0005290428729495037,0.7236765027046204,2.5221412181854252
B_fixed_G0,G0-local,17,AU,0.06705146090275316,0.07522763919464999,0.048298052002496414,0.17734595963968705,0.8974712649568558,0.4533372510196845,0.822654040360313,0.09743953882001383,0.0,0.21333333333333335,0.21333333333333337,-0.055549603044920466,0.03779811301059004,0.3849331867725836,0.00013593988405773418,0.5858505368232727,2.491964769363403
B_fixed_G0,G0-local,17,VA,0.08319277953530826,0.10585304555235164,0.04361679551796462,0.2933328758065674,0.9208019867539405,0.8634589689041687,0.7066671241934326,0.1332918325692357,0.0,0.0,0.0,-0.04532330177393612,0.16367982803537126,0.28958944783592194,0.3315916061401367,0.8328906297683716,1.3383692383766175
B_fixed_G0,G0-local,17,expression,0.0322444037104059,0.03700176685124151,0.03913783588186396,0.20319047182633682,1.9733579048868706,0.5500883191979392,0.7968095281736632,0.04718538277654576,0.0,0.0,0.0,-0.04953916884212177,0.04289574241014804,0.15563723111624175,0.0034999739378690723,0.7360953092575073,3.0501695156097415
B_fixed_G0,G0-local,17,all,0.057204508091806446,0.06544539255337542,0.044992282325131486,0.19489515683276545,1.2944324834446672,0.5171073302674847,0.8051048431672345,0.082286847955367,0.0,0.128,0.128,-0.04987534456565108,0.044602908775972755,0.2915571421685717,0.0005290428729495037,0.7236765027046204,2.5221412181854252
A_native,G1-shared,17,AU,0.030149794491139657,0.033518883961004574,0.0259219758505775,0.149537627105926,0.8017644366036277,0.4183666210797755,0.850462372894074,0.046190479102575836,0.0,0.29333333333333333,0.29333333333333333,-0.03642515704922669,0.0022053566753220265,0.17195518148994415,9.179851622320712e-05,0.576257973909378,1.563941776752472
A_native,G1-shared,17,VA,0.10005670954920694,0.12257762686592155,0.02565578866504863,0.24880225923169386,0.6406339347362519,0.8705963807598034,0.751197740768306,0.14492259683564418,0.0,0.0,0.0,0.03267547125994945,0.16305029901528906,0.24880700847468773,0.4381635457277298,0.5966172814369202,0.875545030832291
A_native,G1-shared,17,expression,0.03579086109077122,0.04113276771741704,0.0404501072133154,0.1529137538494742,1.7398542069015093,0.557867899196553,0.847086246150526,0.04976082375583414,0.0,0.0,0.0,-0.02172260916220962,0.018101716134620527,0.17427363151191547,0.011838135216385128,0.7121674120426178,4.327820777893067
A_native,G1-shared,17,all,0.03754748900766714,0.04308002619544993,0.030549682911811323,0.15855915823392286,1.15042740547005,0.49918541085154655,0.8414408417660771,0.05716266321384783,0.0,0.176,0.17600000000000005,-0.026706262487553464,0.019200232952537914,0.1895992282761954,0.002850847551599145,0.6294628381729126,2.5310689210891724
B_fixed_G0,G1-shared,17,AU,0.026883612702336197,0.03331188431520962,0.049728135959761444,0.1752710171047839,0.6476467351486286,0.39198802841140934,0.8247289828952161,0.044588906525655184,0.0,0.21333333333333335,0.21333333333333337,-0.042338830757055745,0.0015303692109354889,0.20996789240974145,8.895026476238855e-05,0.2868001163005829,1.2629911899566646
B_fixed_G0,G1-shared,17,VA,0.053982645546732454,0.07531876417559832,0.030036990242059202,0.3084125331296951,0.8120022267103195,0.875666980333271,0.6915874668703049,0.08965929155032398,0.0,0.0,0.0,-0.08577277556979947,0.09848677368975757,0.20908031630270255,0.44741700291633607,0.6451630592346191,1.0592831611633302
B_fixed_G0,G1-shared,17,expression,0.017307974272216628,0.020455982841088217,0.045241985849555154,0.17161228993160446,2.1477733334664664,0.5493117302216814,0.8283877100683956,0.02684405894446521,0.0,0.0,0.0,-0.03586549524753037,0.0019509903053874446,0.13367331777482644,0.023908092454075814,0.7121674120426178,3.6081560611724854
B_fixed_G0,G1-shared,17,all,0.025987331032249636,0.03255854623232187,0.04671727626707925,0.18475154569135935,1.2132303943076232,0.48102592914444536,0.8152484543086407,0.04221193356234407,0.0,0.128,0.128,-0.04266111001601767,0.0033387692558221257,0.18071834593489922,0.00020654774125432595,0.5204901993274689,2.1854075670242312
A_native,T0,18,AU,0.0699638370438122,0.07304407026396714,0.02632262129565485,0.12921988831244594,0.7315481501124598,0.45339148796968703,0.870780111687554,0.09915997743340996,0.0,0.20666666666666667,0.20666666666666667,-0.07627551617324292,0.04089696316878951,0.3982063939035519,5.0399985775584354e-05,0.5680042505264282,1.2317593812942507
A_native,T0,18,VA,0.09780933614218348,0.12095888039396303,0.09656599317315132,0.42120323067860044,0.7809477061033249,0.8614766654573094,0.5787967693213996,0.15147324318809757,0.0,0.0,0.0,-0.11501479429237677,0.18216070921365546,0.3864090648134029,0.4181034445762634,0.6373134851455688,1.3018470287322998
A_native,T0,18,expression,0.027376099939877406,0.03620211074023554,0.0553542973615231,0.2123450095090469,30.873511371115455,0.5305735672663024,0.7876549904909531,0.04161103335667167,0.0,0.0,0.0,-0.0486538768621649,0.008471210055265145,0.2057321940770589,0.09146055802702904,1.0949124097824097,23.593586730957128
A_native,T0,18,all,0.05856340109842278,0.0650878280267727,0.041232227386932406,0.17917859448465057,11.74682234554651,0.5107365675436137,0.8208214055153494,0.08291499930078297,0.0,0.124,0.124,-0.0713791092206584,0.022975207889784424,0.3569745994446884,0.00013028272951487452,0.7340194582939148,4.443984985351566
B_fixed_G0,T0,18,AU,0.055025686486290984,0.057099477150442085,0.026934340045341804,0.15437602960448668,0.6923471730200754,0.4102003558978996,0.8456239703955134,0.08513132333380755,0.0,0.29333333333333333,0.29333333333333333,-0.06730857037809934,0.02100416048768014,0.36383415058575397,0.00015554546553175896,0.5570080578327179,1.1402475833892822
B_fixed_G0,T0,18,VA,0.104654733795063,0.13988413108203596,0.06722775610705727,0.31145223788213505,0.6859437942504882,0.8644957383075859,0.6885477621178648,0.16966050592869136,0.0,0.0,0.0,-0.02008811985233472,0.19319970040940015,0.28038241462486,0.4181034445762634,0.6017001271247864,0.9751526057720186
B_fixed_G0,T0,18,expression,0.031563521396771974,0.04673071949545858,0.03822891161414478,0.1816950214307267,23.54910218284349,0.6563393000022536,0.8183049785692734,0.053224867680894114,0.0,0.0,0.0,-0.051433548190183954,0.011678717234950741,0.21857632099539775,0.11876252070069314,1.0042605996131897,8.595885181427011
B_fixed_G0,T0,18,all,0.051488117442346666,0.06040424701537488,0.033772076232295986,0.17568420365109536,9.568135198313675,0.5253084486040678,0.8243157963489046,0.08094718352635416,0.0,0.176,0.17600000000000005,-0.061657819771409966,0.022904149892593855,0.323516048141269,0.0003187060938216746,0.7099596560001373,2.083197236061096
A_native,G0-local,18,AU,0.08524872693471437,0.08847451652011121,0.04012732033859703,0.18704426125607568,0.7374961734999316,0.38328062502793103,0.8129557387439245,0.1261695812892072,0.0,0.29333333333333333,0.29333333333333333,-0.07067977049678231,0.027372984124793998,0.4828770403323771,3.1464719540963415e-05,0.5970329642295837,1.282737135887146
A_native,G0-local,18,VA,0.1275407439964393,0.1621309864530027,0.0693704146672037,0.33069100350911,0.7049780145287514,0.8561927662208303,0.66930899649089,0.20284967382457503,0.0,0.0,0.0,0.04197696356490772,0.23183308653215612,0.35807606566389366,0.43220320641994475,0.5527043342590332,1.0668636441230774
A_native,G0-local,18,expression,0.05789240362009969,0.07009420555046234,0.027323145175021733,0.16204889495480326,11.864796296411805,0.5212590189245253,0.8379511050451967,0.09345203816893066,0.0,0.0,0.0,-0.05406696904738311,0.028833607274694025,0.3077956769777529,0.006823104410432281,0.5771220028400421,2.6480236530304
A_native,G0-local,18,all,0.07987806483897567,0.08848533460445489,0.038369431832541476,0.19053748341991128,5.05562067181802,0.46526668237027313,0.8094625165800887,0.12090840847894135,0.0,0.176,0.17600000000000005,-0.06161429479841121,0.05112676947831217,0.4046385617301362,0.00013121980737196282,0.5777981877326965,1.5884737372398376
B_fixed_G0,G0-local,18,AU,0.08524872693471437,0.08847451652011121,0.04012732033859703,0.18704426125607568,0.7374961734999316,0.38328062502793103,0.8129557387439245,0.1261695812892072,0.0,0.29333333333333333,0.29333333333333333,-0.07067977049678231,0.027372984124793998,0.4828770403323771,3.1464719540963415e-05,0.5970329642295837,1.282737135887146
B_fixed_G0,G0-local,18,VA,0.1275407439964393,0.1621309864530027,0.0693704146672037,0.33069100350911,0.7049780145287514,0.8561927662208303,0.66930899649089,0.20284967382457503,0.0,0.0,0.0,0.04197696356490772,0.23183308653215612,0.35807606566389366,0.43220320641994475,0.5527043342590332,1.0668636441230774
B_fixed_G0,G0-local,18,expression,0.05789240362009969,0.07009420555046234,0.027323145175021733,0.16204889495480326,11.864796296411805,0.5212590189245253,0.8379511050451967,0.09345203816893066,0.0,0.0,0.0,-0.05406696904738311,0.028833607274694025,0.3077956769777529,0.006823104410432281,0.5771220028400421,2.6480236530304
B_fixed_G0,G0-local,18,all,0.07987806483897567,0.08848533460445489,0.038369431832541476,0.19053748341991128,5.05562067181802,0.46526668237027313,0.8094625165800887,0.12090840847894135,0.0,0.176,0.17600000000000005,-0.06161429479841121,0.05112676947831217,0.4046385617301362,0.00013121980737196282,0.5777981877326965,1.5884737372398376
A_native,G1-shared,18,AU,0.04854690039128097,0.05284076168776409,0.03567151877377351,0.17133852787502016,0.5260216427105868,0.38930574351826447,0.8286614721249799,0.06507838493737247,0.0,0.24,0.24,-0.08582188316283122,0.007603253482566005,0.34194047607527567,4.586226932588034e-05,0.3001810163259506,1.1506046175956728
A_native,G1-shared,18,VA,0.09211514778664441,0.11009526637021469,0.07278287288625974,0.3867736073427718,0.6249615132808686,0.8480282611774996,0.6132263926572283,0.13026040837074343,0.0,0.0,0.0,-0.10401811657779399,0.10298136523719859,0.3215664437243407,0.3513497233390808,0.6147092878818512,0.8977067470550538
A_native,G1-shared,18,expression,0.03785141497452239,0.0496567583438288,0.0492991587739179,0.17802943559692236,25.391093676974926,0.5367799835134885,0.8219705644030777,0.052705581391455904,0.0,0.0,0.0,-0.04278588692079914,0.006074446404353142,0.2180041346984324,0.018105290271341803,0.6307062804698944,4.828222608566286
A_native,G1-shared,18,all,0.0486098048495473,0.056402240992300845,0.04300127190281861,0.19071442470344896,9.830622391087001,0.473195301729475,0.8092855752965511,0.06654481570837291,0.0,0.144,0.14400000000000002,-0.07699596500795725,0.013887077903814358,0.30244879908043726,0.0001278522991924547,0.5009181499481201,1.4240943312644962
B_fixed_G0,G1-shared,18,AU,0.040586415352418005,0.044545517632540214,0.03757962761084951,0.17253228342060842,0.5748261865827652,0.33603039387723893,0.8274677165793916,0.058925625838519846,0.0,0.29333333333333333,0.29333333333333333,-0.09019873085692447,0.007436708851161546,0.2976528146372497,3.4555341699160635e-05,0.20537757873535156,1.123149037361145
B_fixed_G0,G1-shared,18,VA,0.09463916308759909,0.12735729519359812,0.07611309912111484,0.34487319521254667,0.582222543656826,0.8345876571575486,0.6551268047874534,0.15664856819936668,0.0,0.0,0.0,0.0004253462221708443,0.15570563108246158,0.32607732401642225,0.31925809681415557,0.5991697311401367,0.7902845084667207
B_fixed_G0,G1-shared,18,expression,0.018110619057355982,0.0295605182003005,0.055671832763583395,0.177754163058129,15.734516390407588,0.5417859545335542,0.8222458369418708,0.032644689229767355,0.0,0.0,0.0,-0.04561978296876231,-0.004808797972138642,0.17539489694597235,0.03127506673336029,0.5910198092460632,1.9842367768287816
B_fixed_G0,G1-shared,18,all,0.037718380356812645,0.04637526001910814,0.04645181098054557,0.18799055784797006,6.462802611085032,0.4417567543496846,0.81200944215203,0.05820710117112537,0.0,0.176,0.17600000000000005,-0.06164064339936135,0.008289461278118972,0.26790170516179523,0.0001590217580087483,0.49751830101013184,1.4120244979858398
A_native,T0,19,AU,0.04932490972903242,0.05502720495648828,0.05433602805635797,0.16854477134128046,0.794711095853584,0.5597125652153094,0.8314552286587196,0.07295613626914785,0.0,0.18666666666666668,0.18666666666666665,-0.04658925457776875,0.020704124930533814,0.31145429619928644,0.00048083999718073766,0.6656683683395386,1.5785035371780396
A_native,T0,19,VA,0.11325131544269573,0.15161670746368375,0.10917437431399421,0.3736073469228832,0.827142371237278,0.859131039331754,0.6263926530771169,0.17223872694156506,0.0,0.0,0.0,0.0626429938904838,0.1318487336190109,0.3910044367760085,0.426209369301796,0.6566610038280487,1.3559241890907288
A_native,T0,19,expression,0.04212928226689126,0.04784118099470945,0.04455914088503109,0.16939569306459665,30.0684824754484,0.6279521596284485,0.8306043069354032,0.05338285977108472,0.0,0.0,0.0,-0.04290804488195322,0.0020925442701867037,0.2088473575271723,0.23959891498088837,1.005772441625595,9.266152286529573
A_native,T0,19,all,0.05213642139824032,0.0604548374892947,0.05559449186214427,0.18522207233926985,11.346739635832229,0.6055027133568295,0.81477792766073,0.07484708083492844,0.0,0.112,0.11199999999999999,-0.042730658691302846,0.026982908769577922,0.25884645825254005,0.06515543162822725,0.7696451544761658,3.162730360031131
B_fixed_G0,T0,19,AU,0.04511490978362352,0.0504684747936905,0.062102253793785894,0.16495037179039873,0.6357629763082321,0.576803986055829,0.8350496282096013,0.06301187954204644,0.0,0.12,0.12,-0.04617082334185954,0.005999296633001023,0.216281923832883,0.0001830683570005932,0.5389556586742401,1.278502202033997
B_fixed_G0,T0,19,VA,0.08666499011643106,0.10203024750517624,0.09393915074693261,0.3249009941613764,0.6809431299567222,0.8677635147966173,0.6750990058386236,0.1159257015251443,0.0,0.0,0.0,-0.08261348390758279,0.10867073952022169,0.33140297281939163,0.4399473786354065,0.5815180242061615,1.0616741299629213
B_fixed_G0,T0,19,expression,0.032043583714592525,0.0356996724789033,0.0462950672448646,0.15620924127782912,25.084862591302954,0.6325145384064292,0.8437907587221709,0.041519542084230796,0.0,0.0,0.0,-0.046332018241990715,0.001239948329790865,0.16661408325848784,0.17326409220695496,0.7987947762012482,4.8761269092559925
B_fixed_G0,T0,19,all,0.0442560918681582,0.049867399869877455,0.05959090585438282,0.17494925981605466,9.070381822310592,0.6179081251072842,0.8250507401839452,0.06016226507237706,0.0,0.072,0.07199999999999995,-0.047957132315403904,0.007539420410418192,0.22901219020526237,0.021213373914361015,0.5999951958656311,2.078439855575562
A_native,G0-local,19,AU,0.05912831459884119,0.0680767404160792,0.0410294354975755,0.15135807888836306,0.5405925983444845,0.49781843601194226,0.8486419211116369,0.076579278133143,0.0,0.12,0.12,-0.09537535520917768,0.02510261947633341,0.29509952738296313,4.5719371337327173e-05,0.4977005273103714,1.2185769319534303
A_native,G0-local,19,VA,0.08783936859072382,0.10239821541626226,0.0882294755996355,0.3456468282419336,0.6187787488102913,0.8198799959247483,0.6543531717580664,0.12943553003156366,0.0,0.0,0.0,-0.09348282101744396,0.11797227605904906,0.4190732177793988,0.3697639137506485,0.5074827075004578,1.0580754518508912
A_native,G0-local,19,expression,0.06308472506268795,0.07262764695544977,0.02971162611811249,0.16676207943119184,12.36967064026685,0.48863162062438514,0.8332379205688081,0.0881028035393552,0.0,0.0,0.0,-0.05353179436789203,0.044093516425623154,0.2705865608648684,0.001435459847562015,0.5593174397945404,4.149706745147706
A_native,G0-local,19,all,0.06269125026662277,0.07227874850869241,0.04118373970431214,0.17183045901035393,4.62632521197856,0.5206435798809484,0.828169540989646,0.08510948102308002,0.0,0.072,0.07199999999999995,-0.07507138486854094,0.04440032287602422,0.29509952738296313,0.00011099584880867042,0.5173305869102478,1.5905630946159368
B_fixed_G0,G0-local,19,AU,0.05912831459884119,0.0680767404160792,0.0410294354975755,0.15135807888836306,0.5405925983444845,0.49781843601194226,0.8486419211116369,0.076579278133143,0.0,0.12,0.12,-0.09537535520917768,0.02510261947633341,0.29509952738296313,4.5719371337327173e-05,0.4977005273103714,1.2185769319534303
B_fixed_G0,G0-local,19,VA,0.08783936859072382,0.10239821541626226,0.0882294755996355,0.3456468282419336,0.6187787488102913,0.8198799959247483,0.6543531717580664,0.12943553003156366,0.0,0.0,0.0,-0.09348282101744396,0.11797227605904906,0.4190732177793988,0.3697639137506485,0.5074827075004578,1.0580754518508912
B_fixed_G0,G0-local,19,expression,0.06308472506268795,0.07262764695544977,0.02971162611811249,0.16676207943119184,12.36967064026685,0.48863162062438514,0.8332379205688081,0.0881028035393552,0.0,0.0,0.0,-0.05353179436789203,0.044093516425623154,0.2705865608648684,0.001435459847562015,0.5593174397945404,4.149706745147706
B_fixed_G0,G0-local,19,all,0.06269125026662277,0.07227874850869241,0.04118373970431214,0.17183045901035393,4.62632521197856,0.5206435798809484,0.828169540989646,0.08510948102308002,0.0,0.072,0.07199999999999995,-0.07507138486854094,0.04440032287602422,0.29509952738296313,0.00011099584880867042,0.5173305869102478,1.5905630946159368
A_native,G1-shared,19,AU,0.03201416101372127,0.037283853390160514,0.04763730921497537,0.1782354353612206,0.4507987473298048,0.34446154516942407,0.8217645646387793,0.05663338019719268,0.0,0.18666666666666668,0.18666666666666665,-0.054616593567849855,0.012257939308859725,0.2321281345709563,3.282870457042009e-05,0.17367443442344666,1.1799651026725768
A_native,G1-shared,19,VA,0.08890437860880565,0.12725970101387798,0.055653889036854344,0.43910391050417674,0.6894908457994461,0.8691315657199675,0.5608960894958233,0.15472622211346726,0.0,0.0,0.0,-0.04869315247205351,0.1639366362170846,0.29160431469926085,0.36036037504673,0.6478498578071594,1.116089642047882
A_native,G1-shared,19,expression,0.022104510890782848,0.025792134886350397,0.08101236210471842,0.21683562566439568,1.2119941865257715,0.42469385385064706,0.7831643743356043,0.03957162492350604,0.0,0.0,0.0,-0.028003719764213956,0.002443196471004062,0.1570628038351902,0.006894537573680283,0.24818428605794907,3.9690410137176535
A_native,G1-shared,19,all,0.03339429038198773,0.04080457127883868,0.05895865252544345,0.21145697426967314,0.7466072027580488,0.4121094855914589,0.7885430257303269,0.05932219288381682,0.0,0.112,0.11199999999999999,-0.048952702687115886,0.015256720166624,0.247723256990229,6.001783876854462e-05,0.23315870761871338,1.5214549779891968
B_fixed_G0,G1-shared,19,AU,0.016622613883625216,0.01834940436012107,0.07353629230887347,0.20937515552311883,0.3929481097150556,0.34933109239530374,0.7906248444768812,0.032670918568318705,0.0,0.12,0.12,-0.07831738278608084,0.005681029714785959,0.15747843111129492,2.8989004204049713e-05,0.10930297151207924,1.1316338181495667
B_fixed_G0,G1-shared,19,VA,0.04421167698631982,0.06332867754449858,0.1036320472958232,0.43951734276138943,0.5101304098963737,0.7604212359612081,0.5604826572386106,0.08978198223053507,0.0,0.0,0.0,-0.08588532112476589,0.11004393240973989,0.24503096361376875,0.2954766482114792,0.4952920228242874,0.767566901445389
B_fixed_G0,G1-shared,19,expression,0.006789807883861127,0.006945198111841726,0.08738043826847541,0.22008376727957701,24.570395401841598,0.39729624727334745,0.7799162327204229,0.016638876603986694,0.0,0.0,0.0,-0.05175356858682919,0.0011255424427336607,0.10676944931047962,0.002973964111879468,0.2637519836425781,5.403745555877688
B_fixed_G0,G1-shared,19,all,0.015683241011916278,0.01829840021542188,0.08037407941490207,0.2312132862642471,8.740100822532941,0.39756715344155,0.7687867137357529,0.03206599579287804,0.0,0.072,0.07199999999999995,-0.06473021759621797,0.007240903245762736,0.15747843111129492,7.127801218302921e-05,0.2133488580584526,1.4617425918579103
A_native,T0,20,AU,0.14964936109634705,0.1601705931755747,0.03679012884837252,0.20109025772329642,0.893113233950691,0.5457964575393769,0.7989097422767037,0.24488574028955057,0.0,0.32,0.31999999999999995,-0.030393904636920387,0.24132591266411899,0.5680065269693486,0.06418530680239207,0.9314887821674347,1.5465761780738831
A_native,T0,20,VA,0.09485684176288524,0.08936900771772202,0.03175855648650898,0.2673643703966317,0.5743864357471467,0.8078051471624075,0.7326356296033684,0.10664822287036783,0.0,0.0,0.0,-0.18891060412788233,0.12465749732824982,0.42032531437630566,0.38448603451251984,0.5044020414352417,0.9721656084060671
A_native,T0,20,expression,0.074291133694014,0.0784815364019799,0.024969518782376954,0.13838767274180294,10.883928994648159,0.6004162494732501,0.8616123272581969,0.08898728591614843,0.0,0.0,0.0,-0.07166387943592475,0.056501877210814205,0.339514423298905,0.22763802260160448,1.3133530020713806,16.597920989990243
A_native,T0,20,all,0.12115132678092351,0.12836596817139612,0.032605007838304854,0.18632735954308532,4.818314842325575,0.5842354861280589,0.8136726404569147,0.16945689524868016,0.0,0.192,0.19199999999999995,-0.07071183951875214,0.11776934123745289,0.5110908174390355,0.19433845132589342,0.9390204846858978,3.441524434089661
B_fixed_G0,T0,20,AU,0.1403166877194863,0.15127516632610236,0.047480212749893495,0.21087588090466777,0.8726677301172532,0.514372692585023,0.7891241190953323,0.2412077355929857,0.0,0.34,0.33999999999999997,-0.02963213820409538,0.2341048170382367,0.5598829201280304,0.02614884702488782,0.9018154740333557,1.559863376617432
B_fixed_G0,T0,20,VA,0.07565586037100323,0.09268032544179713,0.07546132514619305,0.3783687835080937,0.6927922829985619,0.8087219606656155,0.6216312164919063,0.11120227290476233,0.0,0.0,0.0,-0.18891060412788233,0.13782726528068612,0.33529924950202256,0.38448603451251984,0.5241381525993347,1.157090568542481
B_fixed_G0,T0,20,expression,0.06940264405420939,0.07383022768592762,0.03572525483594483,0.17891368986120745,23.951495951972902,0.5221507436956004,0.8210863101387925,0.0919141404546471,0.0,0.0,0.0,-0.08578815822123251,0.05022937890588757,0.37156381997345994,0.23050784766674043,1.5764960050582886,26.544016075134287
B_fixed_G0,T0,20,all,0.11245132755871905,0.121805198690502,0.045957115209133884,0.2140474119790345,10.132510688941766,0.5404096103868552,0.7859525880209655,0.16812433426217385,0.0,0.204,0.20399999999999996,-0.07996469531153824,0.13686779400574067,0.49164295495249455,0.17181384265422822,0.9528230428695679,9.68643074035647
A_native,G0-local,20,AU,0.12919764735200673,0.1393642994235068,0.046502309806485516,0.22509123756901847,0.6783955602164184,0.44798813023483625,0.7749087624309815,0.2235220431252522,0.0,0.34,0.33999999999999997,-0.11651741513759468,0.24367431681656798,0.5849877875109455,5.5816719395807026e-05,0.8415094017982483,1.1266813993453981
A_native,G0-local,20,VA,0.03286141982715886,0.05947427327014958,0.05910476337200251,0.35270792622744385,0.6175714716315269,0.7403408901760807,0.6472920737725562,0.057433070841719946,0.0,0.0,0.0,-0.19046944702519092,0.05461477159197428,0.3987386651804341,0.35043473839759826,0.4147579222917557,0.9150733828544618
A_native,G0-local,20,expression,0.06282168245035728,0.06303241140245217,0.026917339114784423,0.16045386681306237,4.435448073555017,0.5220939711272358,0.8395461331869377,0.08406745759619876,0.0,0.0,0.0,-0.11072394542951439,0.05757704108403523,0.3207350478561516,0.07671167477965356,0.7210666239261627,9.042031574249272
A_native,G0-local,20,all,0.1002504403814911,0.10854689316450072,0.04124331547038252,0.21461661401978657,2.182655456173152,0.4950902201157037,0.7853833859802134,0.15076753916547872,0.0,0.204,0.20399999999999996,-0.15218277310053038,0.11522247539650138,0.48685325622875086,0.00018009495979640636,0.7460619211196899,2.044390583038335
B_fixed_G0,G0-local,20,AU,0.12919764735200673,0.1393642994235068,0.046502309806485516,0.22509123756901847,0.6783955602164184,0.44798813023483625,0.7749087624309815,0.2235220431252522,0.0,0.34,0.33999999999999997,-0.11651741513759468,0.24367431681656798,0.5849877875109455,5.5816719395807026e-05,0.8415094017982483,1.1266813993453981
B_fixed_G0,G0-local,20,VA,0.03286141982715886,0.05947427327014958,0.05910476337200251,0.35270792622744385,0.6175714716315269,0.7403408901760807,0.6472920737725562,0.057433070841719946,0.0,0.0,0.0,-0.19046944702519092,0.05461477159197428,0.3987386651804341,0.35043473839759826,0.4147579222917557,0.9150733828544618
B_fixed_G0,G0-local,20,expression,0.06282168245035728,0.06303241140245217,0.026917339114784423,0.16045386681306237,4.435448073555017,0.5220939711272358,0.8395461331869377,0.08406745759619876,0.0,0.0,0.0,-0.11072394542951439,0.05757704108403523,0.3207350478561516,0.07671167477965356,0.7210666239261627,9.042031574249272
B_fixed_G0,G0-local,20,all,0.1002504403814911,0.10854689316450072,0.04124331547038252,0.21461661401978657,2.182655456173152,0.4950902201157037,0.7853833859802134,0.15076753916547872,0.0,0.204,0.20399999999999996,-0.15218277310053038,0.11522247539650138,0.48685325622875086,0.00018009495979640636,0.7460619211196899,2.044390583038335
A_native,G1-shared,20,AU,0.09004872333631508,0.10009713487462946,0.036521841908328814,0.21775828090469665,0.6624975965347655,0.3765122971752745,0.7822417190953034,0.15946548862536866,0.0,0.37333333333333335,0.3733333333333333,-0.09567413800216763,0.1705601004872383,0.45297776374621446,0.000118029960867716,0.6305320262908936,1.2116958141326903
A_native,G1-shared,20,VA,0.06657961827605885,0.09404698729148117,0.0397003819336583,0.2966652360251576,0.6853699073195457,0.7404425522258526,0.7033347639748424,0.09975228350019796,0.0,0.0,0.0,-0.07806895544980433,0.04989984226318865,0.4553000797879949,0.28518241047859194,0.4628140479326248,1.2760483145713815
A_native,G1-shared,20,expression,0.060315010943829316,0.0767155462998363,0.032407483534037336,0.17370164755324172,4.4702496762969535,0.5781534438151786,0.8262983524467582,0.09928798766631139,0.0,0.0,0.0,-0.0895310590348189,0.046555329785683774,0.3710508044597779,0.1112535260617733,0.9312485456466675,8.782497978210452
A_native,G1-shared,20,all,0.07865640696589915,0.09213101472404378,0.035459530430581906,0.20997271464186792,2.2350626099196655,0.4701518845040901,0.790027285358132,0.12849402378398725,0.0,0.224,0.22399999999999998,-0.0886648800821613,0.09952942753888012,0.43708200518067297,0.005366689548827712,0.6567008197307587,3.2141103267669826
B_fixed_G0,G1-shared,20,AU,0.07618416412739379,0.08512119082168042,0.06330855778893811,0.23982500603470064,0.5668014605721372,0.3639202474230951,0.7601749939652994,0.14889636928604405,0.0,0.34,0.33999999999999997,-0.0983181244208521,0.1533199151473464,0.4393027377427042,8.522077841917053e-05,0.5410865545272827,1.1776787281036376
B_fixed_G0,G1-shared,20,VA,0.03968949347600913,0.0650307985318199,0.07191102280754973,0.34131679843810014,0.5603811219334602,0.7354852834952453,0.6586832015618997,0.07094383476335094,0.0,0.0,0.0,-0.07806895544980433,0.0402353276793585,0.2810269594572837,0.28518241047859194,0.4655412286520004,0.9156607985496522
B_fixed_G0,G1-shared,20,expression,0.04744863018647474,0.0597208508534538,0.05736740599112376,0.2304721853345048,5.034180532896426,0.5929601544963262,0.7695278146654954,0.07235912520654698,0.0,0.0,0.0,-0.1093003264213647,0.008980051909288859,0.30224707367989156,0.1978584572672844,1.0542890429496765,11.87847814559939
B_fixed_G0,G1-shared,20,all,0.06406921961418892,0.07538585064865906,0.062095586415126455,0.24495144680290992,2.362087485763944,0.466938220572301,0.7550485531970901,0.1102932023673826,0.0,0.204,0.20399999999999996,-0.10481674211761517,0.06882647664893546,0.4138103016949875,0.00019020904146600518,0.6439186930656433,4.253236198425302
A_native,T0,21,AU,0.15869823187879575,0.16730972769156774,0.025815955497263954,0.19676130292771513,0.7437871485408223,0.4801497985046289,0.8032386970722848,0.2875093982715314,0.0,0.3933333333333333,0.3933333333333333,-0.03514194915367327,0.34516712917511033,0.6187932870973105,0.029998505488038063,0.8316701054573059,1.1200684309005737
A_native,T0,21,VA,0.16432165762487524,0.18779874401831703,0.024599129840964094,0.19470993597086886,0.6201643854379654,0.8323215023389865,0.8052900640291313,0.21044662018608226,0.0,0.0,0.0,-0.1422468239390216,0.2722831342886491,0.4562618972834061,0.394181090593338,0.5004818439483643,0.9213341534137729
A_native,T0,21,expression,0.08539471426084948,0.09079347202635027,0.011005584439203285,0.127211320102193,6.411183014884591,0.5789570405323203,0.872788679897807,0.10936720989869693,0.0,0.0,0.0,-0.08987195599831732,0.06975846785261322,0.38998039831426595,0.059111787006258965,0.9560530483722687,10.685219001770031
A_native,T0,21,all,0.1356909803007393,0.14446364718483806,0.020979290706180553,0.17434119906700032,3.1046207299305832,0.5399418522602387,0.8256588009329996,0.2048254682634909,0.0,0.236,0.236,-0.07280235649669578,0.17144218918563403,0.5377468453020212,0.0628833919763565,0.867821216583252,3.1243951320648193
B_fixed_G0,T0,21,AU,0.13222854926535602,0.1421964371425039,0.027269642420710585,0.1871987656683131,0.7254898784809852,0.45339212876963797,0.8128012343316869,0.243732393352125,0.0,0.4066666666666667,0.4066666666666666,-0.04228270136982329,0.20306117918559163,0.6151585632971844,0.0006670542643405498,0.8539601564407349,1.1209866523742675
B_fixed_G0,T0,21,VA,0.17108252771511107,0.22434830248733933,0.07524762643340144,0.2420067835582874,0.7408765703439713,0.9033487692194683,0.7579932164417127,0.24637310586325709,0.0,0.0,0.0,0.002839606831065274,0.2637272135639188,0.4562618972834061,0.4668050557374954,0.7138771116733551,1.0845227003097535
B_fixed_G0,T0,21,expression,0.06581221355552527,0.06997487357924112,0.012739059828009904,0.15300176249025127,28.757206209888682,0.5342232691389122,0.8469982375097487,0.0781593404103855,0.0,0.0,0.0,-0.09704260923495799,0.03936110224997404,0.3778975981696694,0.06256996020674706,1.1351717114448547,27.773002433776927
B_fixed_G0,T0,21,all,0.11408364011419056,0.12565768602984667,0.026458094712061637,0.18064036608253128,12.59239485387715,0.5152546249237921,0.8193596339174687,0.17392800189648205,0.0,0.244,0.244,-0.07396538060008088,0.12563969176501333,0.508514964495639,0.05286676064133644,0.8970368504524231,5.757899188995366
A_native,G0-local,21,AU,0.1251123429794802,0.14214429192943034,0.035549046223502155,0.2322129980984163,0.5600617692878566,0.38060201709839836,0.7677870019015838,0.2362320533974287,0.0,0.4066666666666667,0.4066666666666666,-0.13103262060931478,0.3284534660437935,0.6136185859938433,7.256864191731439e-05,0.7912604212760925,1.0216538906097412
A_native,G0-local,21,VA,0.17065668658338792,0.2394406333105179,0.05767371009117872,0.24094605390481744,0.6223235622048378,0.8540779698047987,0.7590539460951826,0.2681652140111478,0.0,0.0,0.0,0.015491263385794422,0.2854325454910813,0.4984493758024905,0.44020366072654726,0.5710836350917816,0.9204674899578096
A_native,G0-local,21,expression,0.05335609792372085,0.05872051600078063,0.013907096958981666,0.176520893688668,9.31489617447878,0.49142106200247204,0.823479106311332,0.054596627156455815,0.0,0.0,0.0,-0.20511162245899675,0.019665688365330752,0.36344660167625886,0.0023441858706064523,0.8120344877243042,6.24007692337037
A_native,G0-local,21,all,0.10579389204994982,0.12323239094274945,0.030393595568269725,0.2150901691518089,4.272400331582109,0.45394218768421396,0.7849098308481912,0.1627285037307438,0.0,0.244,0.244,-0.14726200763670935,0.1422179839160332,0.5175588569784508,0.0004949364811182023,0.7309069037437439,2.2803991794586205
B_fixed_G0,G0-local,21,AU,0.1251123429794802,0.14214429192943034,0.035549046223502155,0.2322129980984163,0.5600617692878566,0.38060201709839836,0.7677870019015838,0.2362320533974287,0.0,0.4066666666666667,0.4066666666666666,-0.13103262060931478,0.3284534660437935,0.6136185859938433,7.256864191731439e-05,0.7912604212760925,1.0216538906097412
B_fixed_G0,G0-local,21,VA,0.17065668658338792,0.2394406333105179,0.05767371009117872,0.24094605390481744,0.6223235622048378,0.8540779698047987,0.7590539460951826,0.2681652140111478,0.0,0.0,0.0,0.015491263385794422,0.2854325454910813,0.4984493758024905,0.44020366072654726,0.5710836350917816,0.9204674899578096
B_fixed_G0,G0-local,21,expression,0.05335609792372085,0.05872051600078063,0.013907096958981666,0.176520893688668,9.31489617447878,0.49142106200247204,0.823479106311332,0.054596627156455815,0.0,0.0,0.0,-0.20511162245899675,0.019665688365330752,0.36344660167625886,0.0023441858706064523,0.8120344877243042,6.24007692337037
B_fixed_G0,G0-local,21,all,0.10579389204994982,0.12323239094274945,0.030393595568269725,0.2150901691518089,4.272400331582109,0.45394218768421396,0.7849098308481912,0.1627285037307438,0.0,0.244,0.244,-0.14726200763670935,0.1422179839160332,0.5175588569784508,0.0004949364811182023,0.7309069037437439,2.2803991794586205
A_native,G1-shared,21,AU,0.10322424780130808,0.11674435958481534,0.03753215877354221,0.22685510784195848,0.552483255598773,0.4217448780267344,0.7731448921580416,0.22339710060500112,0.0,0.36666666666666664,0.3666666666666667,-0.05857387609956336,0.26782686615221074,0.48480660570776185,0.00010123584361281248,0.6128617525100708,1.0252730369567873
A_native,G1-shared,21,VA,0.1523311438403033,0.21051556107180014,0.018596672067661156,0.2518103586982905,0.7827703282237053,0.9139671510822044,0.7481896413017095,0.22374864043114023,0.0,0.0,0.0,0.060227563861050076,0.23114149222142916,0.3666361332371268,0.48360416293144226,0.7716578245162964,1.0756564617156985
A_native,G1-shared,21,expression,0.05835610291508051,0.06869863998312306,0.036320169622073885,0.21167686434032582,6.854636801594097,0.5959865213294032,0.7883231356596742,0.11561026173272695,0.0,0.0,0.0,-0.09261690294053182,0.08593504360725543,0.37775098728551254,0.043859834596514706,0.7919874787330627,5.959002447128299
A_native,G1-shared,21,all,0.09279499312083488,0.10887142543123261,0.03562948330860186,0.2239944899899426,3.1616013331994117,0.516879985728026,0.7760055100100574,0.1792129143831593,0.0,0.22,0.21999999999999997,-0.0725310057409173,0.16963297608327804,0.45791563091057363,0.0006784779368899764,0.7081901431083679,1.484426641464233
B_fixed_G0,G1-shared,21,AU,0.08778063188360503,0.10131369503373232,0.0441108415953478,0.23253720931355445,0.6802550217636165,0.39582407567031824,0.7674627906864454,0.19860521190760702,0.0,0.4066666666666667,0.4066666666666666,-0.04708716978285561,0.20352894015524348,0.46597956101159377,0.00021591306431218983,0.6248162388801575,1.1016927003860475
B_fixed_G0,G1-shared,21,VA,0.10024842554865698,0.15540516843570126,0.07737158201106963,0.3043251830208253,0.6662696376442909,0.8545548305179687,0.6956748169791747,0.16684017637222684,0.0,0.0,0.0,0.0003911021303493866,0.1392657473804577,0.3383433701618013,0.36162893772125243,0.5897442996501923,0.9650239527225496
B_fixed_G0,G1-shared,21,expression,0.031671956960592,0.04082142354788078,0.054284997290391046,0.22937971296572562,29.623913487701792,0.5211441842112018,0.7706202870342744,0.05102828129010045,0.0,0.0,0.0,-0.10367494638046101,0.037364032196635935,0.24529848661441167,0.03135925680398941,0.803716391324997,12.641896915435796
B_fixed_G0,G1-shared,21,all,0.07082327940144502,0.08628348603041734,0.05002743065101938,0.23726984837883092,12.930059093682493,0.472624970791213,0.7627301516211692,0.13277740682766984,0.0,0.244,0.244,-0.06465073631140383,0.09310408256733875,0.40586948310647447,0.009015876427292827,0.6710339188575745,2.194982576370249
A_native,T0,22,AU,0.16187368589375037,0.1746882926480123,0.05322006619032441,0.21352593734502526,0.7432473255857568,0.5245640358052198,0.7864740626549747,0.24922799210385468,0.0,0.2733333333333333,0.2733333333333333,-0.10003919635106492,0.19686912389747138,0.6343127377739795,0.00023755588044878096,0.8080951571464539,1.4071122646331788
A_native,T0,22,VA,0.12929881855451666,0.1427066795674989,0.04122140954611196,0.2877911474938294,0.48843646943569186,0.7554054992187392,0.7122088525061705,0.17775928327033813,0.0,0.0,0.0,-0.1580286481185979,0.1677586810698745,0.5476589103049402,0.3195282548666,0.44937482476234436,0.6838023066520692
A_native,T0,22,expression,0.08090575915278135,0.08816245735814968,0.04079319247451515,0.2038183531800549,14.812984234036412,0.5325718564652298,0.7961816468199451,0.09859231611070081,0.0,0.0,0.0,-0.12123852670739584,0.02387434391218495,0.37645158782439175,0.1095577970147133,1.1395277380943298,16.468257522583034
A_native,T0,22,all,0.1333579599495016,0.1444414963088152,0.04828357406972845,0.21636072722413904,6.104408739715188,0.5455938554895045,0.783639272775861,0.1847292923137942,0.0,0.164,0.16400000000000003,-0.1148127950709687,0.1047556882268775,0.5974986136825747,0.029953690245747566,0.796718180179596,3.050279712677004
B_fixed_G0,T0,22,AU,0.14461696893172163,0.155928096165221,0.06012946385689692,0.23095173876704347,0.7553908920732489,0.5140380235070876,0.7690482612329566,0.22074372799584183,0.0,0.29333333333333333,0.29333333333333333,-0.11527024248820444,0.16768828739577885,0.6396301955175161,0.00024726020637899637,0.8102717697620392,1.330782413482666
B_fixed_G0,T0,22,VA,0.07709448765340166,0.10385447747567915,0.05207853565385273,0.3231685565188311,0.6179322808980942,0.7792259258580456,0.676831443481169,0.11420641607615853,0.0,0.0,0.0,-0.2836415450908987,0.1264171490932601,0.6257684232415006,0.3195282548666,0.49678656458854675,1.2553496956825256
B_fixed_G0,T0,22,expression,0.06887495739304869,0.08015931386944977,0.04366476614230561,0.226470747201046,5.959905137808528,0.5766245336184849,0.773529252798954,0.10150400722515981,0.0,0.0,0.0,-0.1598771832232269,0.08107546818682415,0.3663163045513292,0.1790987566113472,1.1395277380943298,12.18365840911869
B_fixed_G0,T0,22,all,0.11497772673708069,0.12751619633541086,0.05421668633198416,0.2368951668860673,2.763215976710721,0.5552807389308113,0.7631048331139326,0.16409361197619024,0.0,0.176,0.17600000000000005,-0.12887325069695627,0.09959545091892187,0.5898354060573631,0.06466490030288696,0.8502756357192993,2.9389150142669678
A_native,G0-local,22,AU,0.18436781081412776,0.19778179349558053,0.05081638338280476,0.2239557247954641,0.6129209155464677,0.4676132929790104,0.7760442752045359,0.29015599498599076,0.0,0.29333333333333333,0.29333333333333333,-0.16362762246675755,0.3843865149957726,0.686467362332829,2.698847856663633e-05,0.7493066787719727,1.1022486686706543
A_native,G0-local,22,VA,0.09563165998391313,0.1308220837050755,0.038451427685680974,0.25289546927685363,0.5514197446405887,0.7480045208871504,0.7471045307231463,0.1527584734861071,0.0,0.0,0.0,-0.3180699400043382,0.16363394235240347,0.56922818931312,0.2769563853740692,0.4388570785522461,1.023730492591858
A_native,G0-local,22,expression,0.09367479828735584,0.11049863957281145,0.03433100367682006,0.2076115900181324,2.1853249611587673,0.5190962862325238,0.7923884099818677,0.153112762933026,0.0,0.0,0.0,-0.13438514569996848,0.12788618034226718,0.5276132042471713,0.02627605423331261,0.5377523303031921,4.192711210250856
A_native,G0-local,22,all,0.14824715473914354,0.16449440745705401,0.044551865421119746,0.22104078122522913,1.2175922758904791,0.5065191490527859,0.7789592187747709,0.2235957571498992,0.0,0.176,0.17600000000000005,-0.17399435608452452,0.2075344064320146,0.6091905522691723,9.458687782171182e-05,0.6221116781234741,1.6947941184043884
B_fixed_G0,G0-local,22,AU,0.18436781081412776,0.19778179349558053,0.05081638338280476,0.2239557247954641,0.6129209155464677,0.4676132929790104,0.7760442752045359,0.29015599498599076,0.0,0.29333333333333333,0.29333333333333333,-0.16362762246675755,0.3843865149957726,0.686467362332829,2.698847856663633e-05,0.7493066787719727,1.1022486686706543
B_fixed_G0,G0-local,22,VA,0.09563165998391313,0.1308220837050755,0.038451427685680974,0.25289546927685363,0.5514197446405887,0.7480045208871504,0.7471045307231463,0.1527584734861071,0.0,0.0,0.0,-0.3180699400043382,0.16363394235240347,0.56922818931312,0.2769563853740692,0.4388570785522461,1.023730492591858
B_fixed_G0,G0-local,22,expression,0.09367479828735584,0.11049863957281145,0.03433100367682006,0.2076115900181324,2.1853249611587673,0.5190962862325238,0.7923884099818677,0.153112762933026,0.0,0.0,0.0,-0.13438514569996848,0.12788618034226718,0.5276132042471713,0.02627605423331261,0.5377523303031921,4.192711210250856
B_fixed_G0,G0-local,22,all,0.14824715473914354,0.16449440745705401,0.044551865421119746,0.22104078122522913,1.2175922758904791,0.5065191490527859,0.7789592187747709,0.2235957571498992,0.0,0.176,0.17600000000000005,-0.17399435608452452,0.2075344064320146,0.6091905522691723,9.458687782171182e-05,0.6221116781234741,1.6947941184043884
A_native,G1-shared,22,AU,0.07175659651467459,0.07786425398368171,0.047425301869287534,0.22361310301844217,0.5673629045524332,0.41572818608746626,0.7763868969815578,0.13145173273792998,0.0,0.2733333333333333,0.2733333333333333,-0.08305873933633424,0.061057911671042735,0.47248889735682287,8.933910430641846e-05,0.43297073245048523,1.2111371278762817
A_native,G1-shared,22,VA,0.12643980851207232,0.1695860330954674,0.036146596351636404,0.3749969245401491,0.7204201050102711,0.8340586983713434,0.625003075459851,0.17437997471590894,0.0,0.0,0.0,-0.29512046089247007,0.21285732038999478,0.48260392061471424,0.2981684893369675,0.6937916278839111,1.0709100961685187
A_native,G1-shared,22,expression,0.07045229139388007,0.08733303595793382,0.04255587724310738,0.24379360699412436,25.838482332520652,0.4963619007102066,0.7562063930058758,0.1286103902003359,0.0,0.0,0.0,-0.1019055744436976,0.06152262253660211,0.4411002018573634,0.0648473344743252,0.6968235075473785,9.016823673248306
A_native,G1-shared,22,all,0.07571387583581216,0.08823200654438526,0.044964789547497795,0.24218157001239707,10.255165288507525,0.47499741574945337,0.7578184299876031,0.13447210324774844,0.0,0.164,0.16400000000000003,-0.10341135565894449,0.08332516384159144,0.47472381723246143,0.0008927390445023775,0.621679961681366,2.6171986103057963
B_fixed_G0,G1-shared,22,AU,0.07129957961245371,0.07943973190622558,0.08487382970452721,0.2821568742649987,0.5194157874055939,0.3760200657042741,0.7178431257350012,0.13013738391532165,0.0,0.29333333333333333,0.29333333333333333,-0.09035596254613619,0.07187149887809749,0.44853131653671197,8.831683589960448e-05,0.3719886690378189,1.0680767893791199
B_fixed_G0,G1-shared,22,VA,0.028288130389502664,0.048930729651439665,0.04165697871043674,0.29612597705001426,0.535144704580307,0.7114721211770707,0.7038740229499858,0.045513679450116445,0.0,0.0,0.0,-0.3195452085642664,0.08550562900869993,0.4455095174989354,0.22131445854902268,0.4285411685705185,0.9424664556980134
B_fixed_G0,G1-shared,22,expression,0.031197869624924924,0.04193218982871101,0.07427599521716215,0.267176510937387,8.389537696109619,0.4959030848770082,0.7328234890626131,0.060371007330641005,0.0,0.0,0.0,-0.15954019639041858,0.05606948268660529,0.32898827823176946,0.04047329276800156,1.0895591974258423,12.147079944610654
B_fixed_G0,G1-shared,22,all,0.055026116478608424,0.06499659826103803,0.07802517458904316,0.2784806862229643,3.5773008895406244,0.44121879627737276,0.7215193137770358,0.09482775179843544,0.0,0.176,0.17600000000000005,-0.12944243400453592,0.06557451057165423,0.3911374264447194,0.0006575533625436947,0.5281827449798584,3.660520315170288
A_native,T0,23,AU,0.13388293662687556,0.14459465404306385,0.035099465166971246,0.19606430737073569,0.7820392448282595,0.5074771475541504,0.8039356926292645,0.22626489383221884,0.0,0.36,0.36,-0.046343836627827456,0.270067017032668,0.5106114108733957,0.12036949396133423,0.7716814279556274,1.3220238089561462
A_native,T0,23,VA,0.08773218100010241,0.10614931577213374,0.04635187198835492,0.2805267266444969,0.6789127714931965,0.7894906391926568,0.7194732733555032,0.12067150137077731,0.0,0.0,0.0,-0.20257175015700385,0.1752076009111165,0.39372214530620375,0.35379530787467955,0.4772677421569824,1.4002109169960022
A_native,T0,23,expression,0.05422802213465615,0.06241584482500192,0.03122414433417957,0.16855987166796876,17.71903097622562,0.6396464291123889,0.8314401283320313,0.08038708032856345,0.0,0.0,0.0,-0.10456970041113703,0.068086123094237,0.3067000300844746,0.22026660144329072,1.1082926392555237,17.70047988891603
A_native,T0,23,all,0.10470130353922351,0.11522180803160961,0.034759555046188606,0.19401988148775115,7.684573984854217,0.5723323969838673,0.8059801185122488,0.15594809317139607,0.0,0.216,0.21599999999999997,-0.09803913993717875,0.1322227381138415,0.4657107068530149,0.19904109090566635,0.8258576095104218,2.4437530040740967
B_fixed_G0,T0,23,AU,0.07861294793413277,0.08854955270509983,0.04499674793972163,0.1880923152077897,0.6908123147675316,0.4801452931768313,0.8119076847922103,0.13241884866677542,0.0,0.3466666666666667,0.3466666666666667,-0.0652872919269588,0.07903755976228524,0.39745879421961605,0.002661913033807653,0.7456746101379395,1.0008023500442504
B_fixed_G0,T0,23,VA,0.14548608733700324,0.21163110380104339,0.12058638853759103,0.3113218335375122,0.797819721698761,0.8900944244743098,0.6886781664624878,0.2250726861005417,0.0,0.0,0.0,0.052669089093291835,0.1983390450913363,0.4101398199561475,0.44544850885868076,0.7010477781295776,1.4002109169960022
B_fixed_G0,T0,23,expression,0.04962450511924057,0.05891794673569835,0.048689488195608976,0.18627456304191997,44.51310259529855,0.5802193676858034,0.81372543695808,0.06891809961873212,0.0,0.0,0.0,-0.11344540547316408,0.06040053574027658,0.27604548892377717,0.21968086808919907,1.2656083703041077,39.38641548156752
B_fixed_G0,T0,23,all,0.0746864973855969,0.08891396288256684,0.05222559606943513,0.1973689959810892,18.40759701467211,0.5449649275235006,0.8026310040189109,0.11612095384269391,0.0,0.208,0.20799999999999996,-0.08269628956533893,0.08801595465558049,0.38594448252978447,0.11992874071002006,0.865338146686554,4.235273170471195
A_native,G0-local,23,AU,0.10595183398989427,0.11670888476011186,0.03150508987321337,0.18000842228329839,0.5645699271309259,0.40591496221194523,0.8199915777167015,0.18375501910446085,0.0,0.3466666666666667,0.3466666666666667,-0.1048626503888786,0.14399996629319312,0.5222650446521129,3.8194126682356e-05,0.6445028781890869,0.9604395747184753
A_native,G0-local,23,VA,0.14865733797723024,0.21222455169938348,0.09176896364741323,0.2940450006579694,0.6334032475948334,0.841997989376692,0.7059549993420307,0.23827663874833357,0.0,0.0,0.0,0.053344821009804325,0.26000861141915654,0.3928260356260877,0.3392850041389465,0.6109923422336578,0.8815155506134035
A_native,G0-local,23,expression,0.047937192252709974,0.05908965721867181,0.030872530134648857,0.20510214805232074,16.231594049578415,0.44551148915930083,0.7948978519476794,0.11460425374242438,0.0,0.0,0.0,-0.08868121327344718,0.08085088550738381,0.38872407516965973,0.0034410100430250167,0.8746631741523743,12.530059909820602
A_native,G0-local,23,all,0.09080358895298218,0.10591198530199279,0.03612378065880871,0.1971613407993592,6.901633544328287,0.4534724930082788,0.8028386592006407,0.16132255023534237,0.0,0.208,0.20799999999999996,-0.09234769192723155,0.11629683167155362,0.4875055678778911,0.00018508899229345845,0.725509911775589,2.549739146232614
B_fixed_G0,G0-local,23,AU,0.10595183398989427,0.11670888476011186,0.03150508987321337,0.18000842228329839,0.5645699271309259,0.40591496221194523,0.8199915777167015,0.18375501910446085,0.0,0.3466666666666667,0.3466666666666667,-0.1048626503888786,0.14399996629319312,0.5222650446521129,3.8194126682356e-05,0.6445028781890869,0.9604395747184753
B_fixed_G0,G0-local,23,VA,0.14865733797723024,0.21222455169938348,0.09176896364741323,0.2940450006579694,0.6334032475948334,0.841997989376692,0.7059549993420307,0.23827663874833357,0.0,0.0,0.0,0.053344821009804325,0.26000861141915654,0.3928260356260877,0.3392850041389465,0.6109923422336578,0.8815155506134035
B_fixed_G0,G0-local,23,expression,0.047937192252709974,0.05908965721867181,0.030872530134648857,0.20510214805232074,16.231594049578415,0.44551148915930083,0.7948978519476794,0.11460425374242438,0.0,0.0,0.0,-0.08868121327344718,0.08085088550738381,0.38872407516965973,0.0034410100430250167,0.8746631741523743,12.530059909820602
B_fixed_G0,G0-local,23,all,0.09080358895298218,0.10591198530199279,0.03612378065880871,0.1971613407993592,6.901633544328287,0.4534724930082788,0.8028386592006407,0.16132255023534237,0.0,0.208,0.20799999999999996,-0.09234769192723155,0.11629683167155362,0.4875055678778911,0.00018508899229345845,0.725509911775589,2.549739146232614
A_native,G1-shared,23,AU,0.073128343549535,0.08100933579474692,0.03628392532887947,0.2214004774058308,0.6278370548572049,0.3166708365689802,0.7785995225941692,0.18149068276139735,0.0,0.5066666666666667,0.5066666666666666,-0.052669452359847546,0.16360180914556086,0.41972211333283316,0.00027926285110879695,0.6592229604721069,1.065540635585785
A_native,G1-shared,23,VA,0.13288806834841232,0.20014528609405052,0.05061305144784846,0.404245985589064,0.9709644138813018,0.8585503921455,0.595754014410936,0.21261573554997737,0.0,0.0,0.0,0.04600150684243367,0.1851302678245043,0.4432880259116582,0.40605972707271576,0.8867644369602203,2.0636380910873418
A_native,G1-shared,23,expression,0.06927834946939071,0.08651752610463727,0.03117411425340457,0.22233300743475368,4.773952533720876,0.5745259210432838,0.7776669925652464,0.13017811054913567,0.0,0.0,0.0,-0.10980116229112874,0.10342360904305917,0.4337541599405095,0.04837135411798954,0.7924288511276245,5.412987804412842
A_native,G1-shared,23,all,0.07667712342779902,0.09230283271785612,0.03579511587424501,0.23632652766974477,2.5735369714639615,0.4425348280468789,0.7636734723302552,0.16147628781191842,0.0,0.304,0.30400000000000005,-0.06567384167618666,0.13966081006273104,0.43509685458750885,0.017214280553162098,0.7371596097946167,2.58727355003357
B_fixed_G0,G1-shared,23,AU,0.044473236575952604,0.054526540735732876,0.07321950412936401,0.2602239781483751,0.452425821749766,0.3401552724576453,0.7397760218516248,0.0880849235067273,0.0,0.3466666666666667,0.3466666666666667,-0.0669005682425622,0.06484001415897098,0.31975043606966885,4.726251827378292e-05,0.331657275557518,0.9786043047904968
B_fixed_G0,G1-shared,23,VA,0.07809657222838108,0.1452071946130548,0.12856511715726823,0.375749492872097,0.5774241022765636,0.7833126244270637,0.624250507127903,0.15660423798054493,0.0,0.0,0.0,-0.13056621922571307,0.15855356760846537,0.4109754607775353,0.3124788522720337,0.4964944124221802,0.9565712153911594
B_fixed_G0,G1-shared,23,expression,0.013853869075983183,0.023268923146856645,0.07000047070340329,0.2691703757352131,21.70798701608437,0.4748921625501323,0.7308296242647869,0.03922435477923786,0.0,0.0,0.0,-0.13777083312589578,0.023809142796864198,0.19634000370003382,0.014765750896185639,0.7938308119773865,10.782494449615518
B_fixed_G0,G1-shared,23,all,0.037364905828156665,0.05177855541747823,0.07661706247528892,0.2723288665540611,9.053157443756353,0.4187236654447946,0.727671133445939,0.07526442245257174,0.0,0.208,0.20799999999999996,-0.1218279925132152,0.05924681418046773,0.30748596058302907,0.00035943440452683716,0.53097003698349,3.679596209526065
A_native,T0,24,AU,0.17713259238263793,0.2024523272809256,0.048027688993594754,0.20661309028428837,0.6631852813608538,0.48229441751698005,0.7933869097157117,0.31332196501080667,0.0,0.32,0.31999999999999995,-0.012898890042832964,0.3125095398861589,0.6842391553311307,0.00010542358941165731,0.7932640910148621,1.1089004516601564
A_native,T0,24,VA,0.11720568485137953,0.2202154491917947,0.13059501817546743,0.5105341665593807,0.630668631196022,0.8890125489484004,0.4894658334406192,0.2534411376619116,0.0,0.0,0.0,-0.10216300751658793,0.18102094797869392,0.6251691471938378,0.5011195123195649,0.6304943263530731,0.7697462975978852
A_native,T0,24,expression,0.13346589713982565,0.1469105796359549,0.022852947716744988,0.1206132475513759,4.481390283693327,0.5036219029961878,0.879386752448624,0.17266415569882693,0.0,0.0,0.0,-0.07482985266262795,0.08878636925770152,0.5551393348753108,0.018046285025775433,0.9729156494140625,12.64515466690066
A_native,T0,24,all,0.15836509730243734,0.18610001778740448,0.04657715811955264,0.20340682671176374,2.1721262080108596,0.5216566633848402,0.7965931732882362,0.251687107129934,0.0,0.192,0.19199999999999995,-0.050025796750339135,0.2230460325158653,0.6214071414753517,0.002083582221530379,0.7885852158069611,5.189200210571289
B_fixed_G0,T0,24,AU,0.1325555270937934,0.14852166293933752,0.04198844181216845,0.18477027929465303,0.7108549554358043,0.5048808010672029,0.815229720705347,0.21532058742225985,0.0,0.25333333333333335,0.2533333333333333,-0.04827003767321906,0.20855015471651644,0.5637990124595154,6.95380658726208e-05,0.8310998976230621,1.2639107584953315
B_fixed_G0,T0,24,VA,0.09612526575334789,0.15846182567292907,0.07350990669347648,0.3048475952020612,0.6199942126870155,0.8424523176719019,0.6951524047979388,0.18576218604650047,0.0,0.0,0.0,-0.028667605197676166,0.14724975485314257,0.4241915701082968,0.394081124663353,0.5495644807815552,0.8529683113098149
B_fixed_G0,T0,24,expression,0.09109148648802491,0.10166825401292427,0.022415867693720525,0.10680944541269419,2.8956806280111778,0.50793571534633,0.8931905545873058,0.12152563288719356,0.0,0.0,0.0,-0.06034497306212347,0.04936508364667738,0.4220082812587388,0.0133475037291646,0.7663472592830658,5.486484289169314
B_fixed_G0,T0,24,all,0.11637261319271182,0.1343237851015726,0.03824693528476976,0.16942899772501885,1.5267457052049274,0.5328640949648994,0.830571002274981,0.17713773652452167,0.0,0.152,0.15200000000000002,-0.0519468181571933,0.11871014668226093,0.5069517609640195,0.000364707806147635,0.7637019455432892,2.341990065574646
A_native,G0-local,24,AU,0.20700901431525934,0.22268488779578727,0.03032861936223617,0.1741362949731173,0.6501375737873251,0.49086206061475934,0.8258637050268828,0.3181397744448766,0.0,0.25333333333333335,0.2533333333333333,-0.037128302152333544,0.3627136263908467,0.6522486984462038,2.9176524367358077e-05,0.859974205493927,1.0805695056915283
A_native,G0-local,24,VA,0.13165902917495811,0.20050997177812807,0.07053583372763497,0.3014186371169208,0.5643280245363712,0.8064045282244198,0.6985813628830791,0.2421960782757145,0.0,0.0,0.0,0.06884403322162959,0.23478802907307214,0.3912214890227198,0.38091814517974854,0.5329843461513519,0.8162647187709812
A_native,G0-local,24,expression,0.11404918847380534,0.13301629339305937,0.02364531589490475,0.14041488735800248,2.9703137677724953,0.4484594356293675,0.8595851126419974,0.15248436156754908,0.0,0.0,0.0,-0.06041792827054263,0.09194738813901027,0.5181872069696194,0.0013158607413060964,0.5372766852378845,4.1735867977142345
A_native,G0-local,24,all,0.17123387123476994,0.1922169443055016,0.03140653940192202,0.17352803190778485,1.5175805197014502,0.5025366180282067,0.8264719680922152,0.24846379824879433,0.0,0.152,0.15200000000000002,-0.050730448509129736,0.23584413035868385,0.617461627902597,9.246039116987959e-05,0.6599780917167664,1.544291889667512
B_fixed_G0,G0-local,24,AU,0.20700901431525934,0.22268488779578727,0.03032861936223617,0.1741362949731173,0.6501375737873251,0.49086206061475934,0.8258637050268828,0.3181397744448766,0.0,0.25333333333333335,0.2533333333333333,-0.037128302152333544,0.3627136263908467,0.6522486984462038,2.9176524367358077e-05,0.859974205493927,1.0805695056915283
B_fixed_G0,G0-local,24,VA,0.13165902917495811,0.20050997177812807,0.07053583372763497,0.3014186371169208,0.5643280245363712,0.8064045282244198,0.6985813628830791,0.2421960782757145,0.0,0.0,0.0,0.06884403322162959,0.23478802907307214,0.3912214890227198,0.38091814517974854,0.5329843461513519,0.8162647187709812
B_fixed_G0,G0-local,24,expression,0.11404918847380534,0.13301629339305937,0.02364531589490475,0.14041488735800248,2.9703137677724953,0.4484594356293675,0.8595851126419974,0.15248436156754908,0.0,0.0,0.0,-0.06041792827054263,0.09194738813901027,0.5181872069696194,0.0013158607413060964,0.5372766852378845,4.1735867977142345
B_fixed_G0,G0-local,24,all,0.17123387123476994,0.1922169443055016,0.03140653940192202,0.17352803190778485,1.5175805197014502,0.5025366180282067,0.8264719680922152,0.24846379824879433,0.0,0.152,0.15200000000000002,-0.050730448509129736,0.23584413035868385,0.617461627902597,9.246039116987959e-05,0.6599780917167664,1.544291889667512
A_native,G1-shared,24,AU,0.11548503466662867,0.147153497095297,0.0741224637612825,0.22933785208543764,0.7819954103717044,0.46749303114333673,0.7706621479145623,0.21803788024559173,0.0,0.30666666666666664,0.30666666666666664,-0.04914346796677509,0.25175121012413804,0.5286254263316468,5.066029261797666e-05,0.8367332518100739,1.3358119368553163
A_native,G1-shared,24,VA,0.12740847270397868,0.20088958795365586,0.10655674908861026,0.3667029376616874,0.6936992034316063,0.8584055201622274,0.6332970623383127,0.24314766197424859,0.0,0.0,0.0,0.047677108031467484,0.2470203303141835,0.4099679183920923,0.41687323451042174,0.563093364238739,1.0680017948150635
A_native,G1-shared,24,expression,0.12124474505621592,0.14334452914907675,0.04037229496208643,0.15244469666092336,3.887361856250209,0.578467852426902,0.8475553033390767,0.16233936940833626,0.0,0.0,0.0,-0.04364671050346873,0.07597304148969011,0.5306922123682568,0.0314714564010501,0.9755626916885376,6.8063234329223645
A_native,G1-shared,24,all,0.11828201703428458,0.15023351462117518,0.06591715257172596,0.21572124919569305,1.9911296825848337,0.534277973075589,0.7842787508043068,0.19865707028281085,0.0,0.184,0.18400000000000005,-0.043535933055034164,0.17299845849168494,0.5173357974330131,0.00016408040246460595,0.8664534389972687,4.019631600379944
B_fixed_G0,G1-shared,24,AU,0.10056897235855343,0.12870477721355025,0.08063317351573879,0.24760766145892646,0.8033425051445826,0.4798764451697406,0.7523923385410736,0.19449220469229406,0.0,0.25333333333333335,0.2533333333333333,-0.03195004997236247,0.17377134721370696,0.4641574031894773,2.9973624077683797e-05,0.7159108817577362,1.3215203166007996
B_fixed_G0,G1-shared,24,VA,0.1323880937851742,0.17768530353149686,0.09911987198563145,0.31795725470846503,0.6336293578147888,0.8428039678017042,0.682042745291535,0.21501693043589562,0.0,0.0,0.0,0.05685648606258523,0.2214094504058005,0.40722379962124683,0.3949056088924408,0.5568120777606964,1.0479495048522949
B_fixed_G0,G1-shared,24,expression,0.07913953872574078,0.10378553460546876,0.05508486199141395,0.16608091706945927,3.4817967784940267,0.5278186159279956,0.8339190829305408,0.11709737184392817,0.0,0.0,0.0,-0.0724514142167147,0.04380326310464283,0.41251090714436484,0.0320455526933074,0.7891705334186554,6.8063234329223645
B_fixed_G0,G1-shared,24,all,0.09625708331018304,0.1246490616843999,0.07393664970554625,0.22714707071426002,1.7980692925094865,0.5242521416229392,0.7728529292857399,0.16722290227249573,0.0,0.152,0.15200000000000002,-0.055158068671600745,0.11799805226504721,0.46284114742139326,0.00025990845897467835,0.7030413746833801,2.31472716331482
A_native,T0,25,AU,0.1642357994668994,0.19063502719567557,0.04395294315313026,0.20529266322763265,0.7763182574063103,0.5085633172501522,0.7947073367723673,0.30639730004252547,0.0,0.3333333333333333,0.33333333333333337,-0.0158870003992287,0.382482924838591,0.6176072090255035,0.00024333138862857597,0.9686874747276306,1.1234926104545593
A_native,T0,25,VA,0.10714699636279756,0.21374615109740863,0.14361534296099604,0.5263455809251801,0.7127232104539871,0.8951957348741209,0.47365441907481987,0.2456976216348114,0.0,0.0,0.0,0.006531304303660548,0.24589284775567144,0.49047680026405044,0.48682538866996766,0.6206180155277252,0.9833983182907107
A_native,T0,25,expression,0.12379804420795,0.14136776465656842,0.03201949166724379,0.13844801120034603,7.352512976445723,0.5313812047082547,0.8615519887996541,0.17083757399178431,0.0,0.0,0.0,-0.08450699774621862,0.09495907388320625,0.5272701067371189,0.14406521096825603,1.009846806526184,15.25219411849977
A_native,T0,25,all,0.14672861353570743,0.1767183930952999,0.04810723066227585,0.20958660799470474,3.400436640326843,0.5467956346466624,0.7904133920052953,0.2461034417814576,0.0,0.2,0.19999999999999996,-0.042213109012778485,0.20437744321363488,0.5881538878089195,0.04036339148879054,0.9336771070957184,6.335225391387938
B_fixed_G0,T0,25,AU,0.12482551388087818,0.13252726594023878,0.0259713940508939,0.15866652619995458,0.7395040924169669,0.5316159058822062,0.8413334738000453,0.1940086291690189,0.0,0.25333333333333335,0.2533333333333333,-0.07141171050983469,0.21041186496709613,0.4894076914023955,5.035419126215857e-05,0.9404818713665009,1.2224614858627325
B_fixed_G0,T0,25,VA,0.07214668511774935,0.0919679148317015,0.03301108330407947,0.1368123111936134,0.5666121795773507,0.8191884372554759,0.8631876888063866,0.10898265279679378,0.0,0.0,0.0,-0.07084011844444628,0.07990472521673529,0.31972457024552375,0.3853973537683487,0.5346410870552063,0.7054736375808717
B_fixed_G0,T0,25,expression,0.08945804629776519,0.09987384111257062,0.016764616829157426,0.08714870740460272,2.409465029969579,0.6159063997171479,0.9128512925953973,0.10474941300908962,0.0,0.0,0.0,-0.07228533055808298,0.0035076696200684408,0.4562101546608565,0.0755335807800293,0.7459810972213745,3.771227002143861
B_fixed_G0,T0,25,all,0.10929361795323173,0.118833421906702,0.023588400480193072,0.1340324869849347,1.3533674733010075,0.5815946664192493,0.8659675130150654,0.1523045875641187,0.0,0.152,0.15200000000000002,-0.07281769250546297,0.09723777778094225,0.48357300056688907,0.009304608404636398,0.8093656599521637,1.4137333035469057
A_native,G0-local,25,AU,0.17205517517495225,0.18270171736224314,0.026833203223697037,0.16941993552137946,0.6187018950724743,0.4885719392243695,0.8305800644786204,0.2696325376179857,0.0,0.25333333333333335,0.2533333333333333,-0.08225227742485025,0.3314146196974337,0.5610858135561464,2.1568599549937065e-05,0.8510179817676544,1.029582667350769
A_native,G0-local,25,VA,0.1264148591521913,0.16160514131723724,0.03828256848592494,0.15035287447241039,0.49347926676273346,0.7811178071804632,0.8496471255275896,0.20778975652716108,0.0,0.0,0.0,-0.01875996393166952,0.20396488685784137,0.41857081097992915,0.44260151982307433,0.47841863334178925,0.5356318950653078
A_native,G0-local,25,expression,0.11857411445693411,0.13702526152026068,0.0203558609252233,0.10542675946042017,0.9888693985559257,0.5762392127409693,0.8945732405395799,0.17539804990213675,0.0,0.0,0.0,-0.03847606968973603,0.11681836938774831,0.4796876518192512,0.0050863755284808595,0.5643320977687836,1.7191744685173058
A_native,G0-local,25,all,0.15129001046336554,0.16639752540920824,0.025676402909163676,0.14741675429795498,0.7465742899426691,0.5400291361861689,0.852583245702045,0.22823812894305928,0.0,0.152,0.15200000000000002,-0.05462184464130882,0.2233028932547522,0.528891192675005,6.768836683477276e-05,0.5765734016895294,1.1080493807792664
B_fixed_G0,G0-local,25,AU,0.17205517517495225,0.18270171736224314,0.026833203223697037,0.16941993552137946,0.6187018950724743,0.4885719392243695,0.8305800644786204,0.2696325376179857,0.0,0.25333333333333335,0.2533333333333333,-0.08225227742485025,0.3314146196974337,0.5610858135561464,2.1568599549937065e-05,0.8510179817676544,1.029582667350769
B_fixed_G0,G0-local,25,VA,0.1264148591521913,0.16160514131723724,0.03828256848592494,0.15035287447241039,0.49347926676273346,0.7811178071804632,0.8496471255275896,0.20778975652716108,0.0,0.0,0.0,-0.01875996393166952,0.20396488685784137,0.41857081097992915,0.44260151982307433,0.47841863334178925,0.5356318950653078
B_fixed_G0,G0-local,25,expression,0.11857411445693411,0.13702526152026068,0.0203558609252233,0.10542675946042017,0.9888693985559257,0.5762392127409693,0.8945732405395799,0.17539804990213675,0.0,0.0,0.0,-0.03847606968973603,0.11681836938774831,0.4796876518192512,0.0050863755284808595,0.5643320977687836,1.7191744685173058
B_fixed_G0,G0-local,25,all,0.15129001046336554,0.16639752540920824,0.025676402909163676,0.14741675429795498,0.7465742899426691,0.5400291361861689,0.852583245702045,0.22823812894305928,0.0,0.152,0.15200000000000002,-0.05462184464130882,0.2233028932547522,0.528891192675005,6.768836683477276e-05,0.5765734016895294,1.1080493807792664
A_native,G1-shared,25,AU,0.12469132356448483,0.14920150854265615,0.07738022980705411,0.23990599420843522,0.7169739728057071,0.4938319309968995,0.7600940057915647,0.23134587321421493,0.0,0.3,0.30000000000000004,-0.0351683769562722,0.2475036144178445,0.502335277630619,5.3425375517690556e-05,0.8486917614936829,1.1365788221359254
A_native,G1-shared,25,VA,0.13737733600627586,0.1876840000091171,0.10367689161782774,0.25688436079074994,0.6312279686331749,0.8246831583626573,0.7431156392092501,0.23844028290898897,0.0,0.0,0.0,0.10400622041455432,0.23596437701645345,0.37710756097046366,0.3976902037858963,0.5051049590110779,1.0359728813171387
A_native,G1-shared,25,expression,0.09599140047508765,0.1162987805487534,0.03788960968316914,0.13905318606488654,6.941601734678261,0.49965285383924574,0.8609468139351136,0.15203891432447142,0.0,0.0,0.0,-0.037866307146793,0.08143714616459705,0.4282647203131169,0.02251349408179522,0.7616665661334991,12.385786151885998
A_native,G1-shared,25,all,0.11652222917122101,0.14175123490192412,0.0668469643122728,0.2089913649290848,3.1377315380074324,0.5221627244957109,0.7910086350709151,0.20108895361770762,0.0,0.18,0.18000000000000005,-0.0351683769562722,0.20346333687463744,0.47904745039579383,0.007587687205523255,0.7791666388511658,2.8074535369873015
B_fixed_G0,G1-shared,25,AU,0.11098566799482974,0.1232144444662606,0.05547260154847785,0.20769274141496002,0.6342803554311202,0.4868251488206108,0.7923072585850399,0.18847944934781793,0.0,0.25333333333333335,0.2533333333333333,-0.03823864267240023,0.22342928715153004,0.44629554763466306,3.646872173703743e-05,0.769437164068222,1.0530576586723328
B_fixed_G0,G1-shared,25,VA,0.13012402941467643,0.16056496608506005,0.04090057625944438,0.19212661419492302,0.5406536929309368,0.7984117799013754,0.807873385805077,0.21181567223581452,0.0,0.0,0.0,0.07033998881309561,0.20190233516676787,0.3760045583222657,0.3999773770570755,0.5007942914962769,0.7190989971160889
B_fixed_G0,G1-shared,25,expression,0.07763390550795775,0.09776235736933334,0.05845388703819623,0.16394594866739878,2.857235174563539,0.5482596932123391,0.8360540513326011,0.11979626933340977,0.0,0.0,0.0,-0.07717799221700962,0.028534167985558405,0.4019752996476795,0.021694572269916536,0.5536555647850037,3.1128186702728344
B_fixed_G0,G1-shared,25,all,0.10184417291261844,0.1180578183247478,0.05526085088206506,0.1924484775581375,1.4642985265659778,0.5314111335124251,0.8075515224418626,0.1647627986714372,0.0,0.152,0.15200000000000002,-0.057356095671921674,0.15323244862142615,0.42922582257680514,0.00153894639806822,0.6013884544372559,1.4754392147064213
A_native,T0,26,AU,0.11041780855411562,0.1307411431403981,0.05906156217619722,0.19035412933020804,0.6978672938142024,0.5045059667607408,0.809645870669792,0.18381850657748183,0.0,0.25333333333333335,0.2533333333333333,-0.0222978250552344,0.19783337970302278,0.4428234551003276,0.0001762723913998343,0.779166042804718,1.118805205821991
A_native,T0,26,VA,0.13423488775546136,0.23864310886814777,0.09483674124781913,0.41780739157858804,0.6915064498782157,0.8972985976761951,0.582192608421412,0.26461139633245256,0.0,0.0,0.0,0.023534315211610857,0.28879283330622674,0.4789318242454997,0.5045135676860809,0.643977165222168,0.9315682888031007
A_native,T0,26,expression,0.08528323042966106,0.10104555187656498,0.022362940841421125,0.12190555350196167,15.34948752373457,0.5827872252366048,0.8780944464980383,0.11033207238950626,0.0,0.0,0.0,-0.07329948744525927,0.042023282379168504,0.37737021853154984,0.28866046667099005,1.133417546749115,18.442524147033726
A_native,T0,26,all,0.10428010989039782,0.12987071119419147,0.05018001767479862,0.1866468460450396,6.226180508507173,0.5609793799462535,0.8133531539549603,0.16370974742682795,0.0,0.152,0.15200000000000002,-0.05722134520291472,0.13508602409099885,0.4313966459159242,0.008569953124970197,0.8891589641571045,5.889479494094851
B_fixed_G0,T0,26,AU,0.08786215585579271,0.10193106335888975,0.04851135700901876,0.16895922428895135,0.7482252885145708,0.5136652395352661,0.8310407757110486,0.14189887700017614,0.0,0.24666666666666667,0.2466666666666667,-0.038966818440340764,0.08844547783090803,0.3884130823527972,0.0001700668886769563,0.8175650835037231,1.2177451610565184
B_fixed_G0,T0,26,VA,0.1303972462487421,0.20060047735923564,0.06652517411972882,0.2829055436880184,0.6883469983935356,0.8748316756022616,0.7170944563119817,0.22154539145616475,0.0,0.0,0.0,-0.008712195167625524,0.24733680715975048,0.4712322761441577,0.503534796833992,0.5798307359218597,0.9514742672443396
B_fixed_G0,T0,26,expression,0.07523290486685981,0.08538441559643009,0.01698537389205937,0.10491327460180935,15.075986222783104,0.5987577713122082,0.8950867253981907,0.09678747289287526,0.0,0.0,0.0,-0.055881899071509714,0.04142683368253587,0.35047342341389437,0.18014208376407623,0.9658221900463104,25.42331752777108
B_fixed_G0,T0,26,all,0.08722360277077013,0.10452968919493033,0.03986414778044856,0.15758022594099128,6.123921574613453,0.5697881645892472,0.8424197740590088,0.13243417258954562,0.0,0.148,0.14800000000000002,-0.04675952948548879,0.06801117387200657,0.3762246587117006,0.015257842838764286,0.8510116934776306,5.588208103179932
A_native,G0-local,26,AU,0.13406623862311373,0.1546266062590486,0.030726313123570465,0.17107416459308178,0.5737794190295022,0.45795577876666377,0.8289258354069182,0.21934714990267096,0.0,0.24666666666666667,0.2466666666666667,-0.05512275415279264,0.2431310866461677,0.4857178998855822,5.7369150454178466e-05,0.76325923204422,1.009768509864807
A_native,G0-local,26,VA,0.21091623545479235,0.2828872128257865,0.05299181190694626,0.24629889599137395,0.589531035721302,0.835394658791048,0.753701104008626,0.33219557855716675,0.0,0.0,0.0,0.12452437185573725,0.31991903243817027,0.5732779212359166,0.46139141619205476,0.5225440561771393,0.8104747831821446
A_native,G0-local,26,expression,0.10885044725124826,0.12111483193760471,0.014546901170089365,0.15539416032326697,5.262653548628077,0.5063910542840692,0.8446058396767331,0.1351065048907782,0.0,0.0,0.0,-0.06369176329729326,0.06564343049335644,0.4709671882284041,0.004904026305302978,0.7927550375461578,5.089544868469239
A_native,G0-local,26,all,0.1321451851306511,0.15416368700152558,0.027330141201126572,0.1720745417386044,2.336337929366225,0.5036501773341842,0.8279254582613956,0.19830356761224133,0.0,0.148,0.14800000000000002,-0.05516896947783193,0.17166748046949357,0.4866582637040837,0.0001438577863154933,0.7066130042076111,2.1343227386474624
B_fixed_G0,G0-local,26,AU,0.13406623862311373,0.1546266062590486,0.030726313123570465,0.17107416459308178,0.5737794190295022,0.45795577876666377,0.8289258354069182,0.21934714990267096,0.0,0.24666666666666667,0.2466666666666667,-0.05512275415279264,0.2431310866461677,0.4857178998855822,5.7369150454178466e-05,0.76325923204422,1.009768509864807
B_fixed_G0,G0-local,26,VA,0.21091623545479235,0.2828872128257865,0.05299181190694626,0.24629889599137395,0.589531035721302,0.835394658791048,0.753701104008626,0.33219557855716675,0.0,0.0,0.0,0.12452437185573725,0.31991903243817027,0.5732779212359166,0.46139141619205476,0.5225440561771393,0.8104747831821446
B_fixed_G0,G0-local,26,expression,0.10885044725124826,0.12111483193760471,0.014546901170089365,0.15539416032326697,5.262653548628077,0.5063910542840692,0.8446058396767331,0.1351065048907782,0.0,0.0,0.0,-0.06369176329729326,0.06564343049335644,0.4709671882284041,0.004904026305302978,0.7927550375461578,5.089544868469239
B_fixed_G0,G0-local,26,all,0.1321451851306511,0.15416368700152558,0.027330141201126572,0.1720745417386044,2.336337929366225,0.5036501773341842,0.8279254582613956,0.19830356761224133,0.0,0.148,0.14800000000000002,-0.05516896947783193,0.17166748046949357,0.4866582637040837,0.0001438577863154933,0.7066130042076111,2.1343227386474624
A_native,G1-shared,26,AU,0.06747287911649778,0.08870587901099465,0.09843817461596295,0.2688861159341418,0.6240606508531485,0.4577237044621491,0.7311138840658582,0.13727927163850515,0.0,0.2733333333333333,0.2733333333333333,-0.017822536869795104,0.13443154241927055,0.32856304004212866,0.00011244927591178568,0.5858443975448608,1.212431836128235
A_native,G1-shared,26,VA,0.17476702940707137,0.2207970552709691,0.10452018944314885,0.2965403398011782,0.6005456432700157,0.8233622653982133,0.7034596601988217,0.2671128046368855,0.0,0.0,0.0,0.047665126569582134,0.2994245527879539,0.450262862143496,0.35506677329540254,0.5314537882804871,0.9037200033664704
A_native,G1-shared,26,expression,0.08236565659153684,0.10042470140580287,0.05299444983834204,0.17597243992733688,6.526484793524287,0.5576627097347465,0.8240275600726632,0.11053350629461192,0.0,0.0,0.0,-0.05742250320494155,0.05935591437047157,0.36126055554986036,0.016510242130607367,0.770513117313385,10.978023242950444
A_native,G1-shared,26,all,0.08082209993175617,0.10302319627813124,0.08438274387329914,0.24136607752132716,2.8811115181355813,0.5189552710242654,0.7586339224786729,0.13946591964068766,0.0,0.164,0.16400000000000003,-0.03140435622859721,0.122938702588761,0.3592801374316088,0.002349890535697342,0.6550670266151428,1.746624231338504
B_fixed_G0,G1-shared,26,AU,0.061403164806296574,0.07907403461484937,0.08595901760513665,0.23624248900584774,0.650788456006519,0.43878321505233636,0.7637575109941521,0.12899588799689019,0.0,0.24666666666666667,0.2466666666666667,-0.031090934991793162,0.1117392629227076,0.3456193688729733,0.00010424625506857412,0.5325980186462402,1.0837579488754272
B_fixed_G0,G1-shared,26,VA,0.1440400099015969,0.2038596926584606,0.09712713016711426,0.3114372146922623,0.5799544289708137,0.8021381222360955,0.6885627853077377,0.25930862101791063,0.0,0.0,0.0,0.013074301044070674,0.2994245527879539,0.45522089228416607,0.349488827586174,0.5085215866565704,0.9627751469612124
B_fixed_G0,G1-shared,26,expression,0.060967291863526674,0.07831556037152533,0.05410491885887536,0.18581364376491885,7.338174922327016,0.5016005292131275,0.8141863562350814,0.09027383902294214,0.0,0.0,0.0,-0.06386945406424062,0.03794322304058789,0.36957517357890124,0.01679500583559275,0.699684202671051,10.32764348983765
B_fixed_G0,G1-shared,26,all,0.06787463307223422,0.08881417550047459,0.07665915501129124,0.22612083658366366,3.1558318211000667,0.4879531481584902,0.7738791634163362,0.12668833279738112,0.0,0.148,0.14800000000000002,-0.03778531176100223,0.08090982681502801,0.37239329721464587,0.0006525711622089158,0.5647573471069336,2.371370697021486
A_native,T0,27,AU,0.11007010302384633,0.11885385180211372,0.031223447926238965,0.1746521832731596,0.8458719160639621,0.5133744996873688,0.8253478167268404,0.1664944347382282,0.0,0.26666666666666666,0.2666666666666667,-0.08690719035748118,0.14778175689298417,0.44847563692964587,0.00029922900430392476,0.7912879586219788,1.4695205807685874
A_native,T0,27,VA,0.09438214116048024,0.10644623303232896,0.02833511897932812,0.1352568197654796,0.8587482362985611,0.8614246655303781,0.8647431802345202,0.11115208138729182,0.0,0.0,0.0,-0.0806760569848518,0.06547634367364127,0.29859682057943643,0.4085763067007065,0.6914798319339752,1.0101288139820104
A_native,T0,27,expression,0.05840827853115482,0.06792689792807598,0.018963983676365252,0.09424895043374745,10.13767621173174,0.6720735153747276,0.9057510495662525,0.08013696238788333,0.0,0.0,0.0,-0.06228170675153705,0.05419502850855054,0.305192779610522,0.23688337355852127,1.0037494897842407,12.72252445220949
A_native,T0,27,all,0.09228328223711574,0.10156461706083889,0.027069353050526507,0.14577151968393331,4.386833202054983,0.5920021979747644,0.8542284803160667,0.12832564971419816,0.0,0.16,0.16000000000000003,-0.07144979769586077,0.08137725899936188,0.39544961576924115,0.06694451048970224,0.8372337222099304,3.4491130828857415
B_fixed_G0,T0,27,AU,0.10189948347428705,0.11017748293649698,0.026938605597690023,0.1690333830765227,1.025502919433219,0.4903859310715696,0.8309666169234773,0.17014510297712754,0.0,0.32,0.31999999999999995,-0.06407303445285184,0.14070187298192055,0.4579538496101061,0.0003040627838345245,0.8089017570018768,1.39766560792923
B_fixed_G0,T0,27,VA,0.11866398184873331,0.12776368274490899,0.027385468945433578,0.11409622051753628,0.722999082505703,0.901304756965404,0.8859037794824637,0.13326948807587807,0.0,0.0,0.0,-0.05977345460032317,0.12360226101881895,0.30066541700846844,0.4085763067007065,0.7615275979042053,0.9768813192844391
B_fixed_G0,T0,27,expression,0.04216280778420769,0.04687094455784976,0.01448193778277827,0.07004016501486135,12.401793830370298,0.7099018734813948,0.9299598349851387,0.05088991206267511,0.0,0.0,0.0,-0.06814834504698403,0.02816672061770157,0.2641427646470172,0.3694167718291283,1.0297015309333801,29.748918914794945
B_fixed_G0,T0,27,all,0.08412490712341736,0.09132628664000282,0.022988220964737745,0.13296058029207217,5.501013791395675,0.5935045387142204,0.8670394197079277,0.11926427341682463,0.0,0.192,0.19199999999999995,-0.06626047481517686,0.07674709883788687,0.4111337010976863,0.15012924522161486,0.8830606639385223,3.151706981658936
A_native,G0-local,27,AU,0.14576079598939193,0.15541887201625385,0.01526626943941053,0.1679342412998111,0.9129094215045103,0.509508624904909,0.8320657587001891,0.22146181061332876,0.0,0.32,0.31999999999999995,-0.07299117740507605,0.26306932326252896,0.5119790612427617,6.760880205547441e-05,0.9013479650020599,1.2397498726844791
A_native,G0-local,27,VA,0.18944627979509973,0.21048540197717358,0.018571127299303207,0.10724387323707459,0.6824068978428841,0.882972739509117,0.8927561267629255,0.23521351687870945,0.0,0.0,0.0,0.04884417331590048,0.2727444928862848,0.42045107874989895,0.41952302157878874,0.6529211699962616,0.9749670565128327
A_native,G0-local,27,expression,0.07595842221336138,0.07978390667691015,0.007009893364935666,0.09056781062679992,1.1016009251928154,0.6137390158926815,0.9094321893732001,0.08582993944556176,0.0,0.0,0.0,-0.10039151643144971,0.04757837361072778,0.36183213818837634,0.0014345889445394279,0.8209122717380524,2.710235118865968
A_native,G0-local,27,all,0.12691887508551877,0.13562100550453743,0.012888617724369987,0.1383217540394286,0.9648166978502126,0.5727394791893328,0.8616782459605714,0.16910777314741912,0.0,0.192,0.19199999999999995,-0.08960684586381994,0.10531294369378291,0.47660187691993744,0.0002824888622853907,0.8476671278476715,1.7545985698699953
B_fixed_G0,G0-local,27,AU,0.14576079598939193,0.15541887201625385,0.01526626943941053,0.1679342412998111,0.9129094215045103,0.509508624904909,0.8320657587001891,0.22146181061332876,0.0,0.32,0.31999999999999995,-0.07299117740507605,0.26306932326252896,0.5119790612427617,6.760880205547441e-05,0.9013479650020599,1.2397498726844791
B_fixed_G0,G0-local,27,VA,0.18944627979509973,0.21048540197717358,0.018571127299303207,0.10724387323707459,0.6824068978428841,0.882972739509117,0.8927561267629255,0.23521351687870945,0.0,0.0,0.0,0.04884417331590048,0.2727444928862848,0.42045107874989895,0.41952302157878874,0.6529211699962616,0.9749670565128327
B_fixed_G0,G0-local,27,expression,0.07595842221336138,0.07978390667691015,0.007009893364935666,0.09056781062679992,1.1016009251928154,0.6137390158926815,0.9094321893732001,0.08582993944556176,0.0,0.0,0.0,-0.10039151643144971,0.04757837361072778,0.36183213818837634,0.0014345889445394279,0.8209122717380524,2.710235118865968
B_fixed_G0,G0-local,27,all,0.12691887508551877,0.13562100550453743,0.012888617724369987,0.1383217540394286,0.9648166978502126,0.5727394791893328,0.8616782459605714,0.16910777314741912,0.0,0.192,0.19199999999999995,-0.08960684586381994,0.10531294369378291,0.47660187691993744,0.0002824888622853907,0.8476671278476715,1.7545985698699953
A_native,G1-shared,27,AU,0.10640041330489984,0.11805689954978177,0.03318501889509707,0.19170185380355848,0.7021016023622179,0.4333721859564243,0.8082981461964415,0.20810893671074815,0.0,0.3333333333333333,0.33333333333333337,-0.020786518540360812,0.19589585511969138,0.4938879730218279,0.00040037567669060087,0.6327812671661377,1.0988084554672253
A_native,G1-shared,27,VA,0.1791102819315936,0.2083418170270556,0.028845713427941788,0.16638532492728494,0.6042002268135548,0.7903182567972707,0.8336146750727149,0.26075291473141704,0.0,0.0,0.0,0.1649368524079002,0.2737879057948961,0.35447361394315674,0.3040557414293289,0.48394715785980225,0.9843625783920288
A_native,G1-shared,27,expression,0.049625078277960644,0.06874633103657404,0.047330222427740896,0.18672398021299128,7.50442396911094,0.5660604054597953,0.8132760197870088,0.07895080917959892,0.0,0.0,0.0,-0.0648084770619867,0.037493989921151244,0.2805061881448459,0.026377341430634266,0.7224963307380676,7.944302368164076
A_native,G1-shared,27,all,0.09404909558641478,0.1095003110237372,0.037364339588170675,0.1880836119444751,3.41324041150684,0.5043881018647708,0.811916388055525,0.16171008350035534,0.0,0.2,0.19999999999999996,-0.03420237588602433,0.13156360318752158,0.42989503510773713,0.0012834341381676502,0.6655832827091217,2.612064933776855
B_fixed_G0,G1-shared,27,AU,0.09747913310037255,0.10978018850994693,0.04142219122699804,0.20146125296406203,0.8106041155915502,0.4235681574562008,0.798538747035938,0.19049856985906072,0.0,0.32,0.31999999999999995,-0.032519488528406984,0.19280558229290673,0.4922356178450056,0.00014835489273536955,0.568491131067276,1.2077050924301156
B_fixed_G0,G1-shared,27,VA,0.17658762351253707,0.20698982731826376,0.02235034863503479,0.1546789637428499,0.6044779174029827,0.7992702085793864,0.84532103625715,0.25964519110512596,0.0,0.0,0.0,0.15856326004719415,0.2737879057948961,0.3804445476998052,0.3040557414293289,0.5909075736999512,0.9384616374969483
B_fixed_G0,G1-shared,27,expression,0.05000159457103122,0.06957442896455379,0.046147844185148265,0.1805969350098847,5.73518772342104,0.5572052139932872,0.8194030649901153,0.07372920269470604,0.0,0.0,0.0,-0.06702934335062077,0.03465890596826504,0.2947693195759996,0.017756885942071678,0.6894165277481079,6.135338020324714
B_fixed_G0,G1-shared,27,all,0.08861500000395649,0.10469111656008646,0.041408652766249054,0.19104208808102832,2.7405257228320843,0.4963881796379233,0.8089579119189716,0.15109947605595644,0.0,0.192,0.19199999999999995,-0.05696636622403402,0.12440704998707103,0.41623005860430146,0.0005644128075800838,0.6277724802494049,2.09903075695038
A_native,T0,28,AU,0.10874252447847707,0.12417180556977361,0.06239758244233689,0.23311623242521043,0.9174483102636906,0.4351510165153968,0.7668837675747895,0.20637115702883635,0.0,0.35333333333333333,0.3533333333333334,-0.062114534252333,0.19020866193414504,0.5233837470275637,8.291532867588106e-05,0.7771602869033813,1.391938614845276
A_native,T0,28,VA,0.16748015294549945,0.22589728747798068,0.07689868025768555,0.3828249544060174,0.8025446608662605,0.8584605180073295,0.6171750455939826,0.26571921165940693,0.0,0.0,0.0,-0.19850575863894096,0.3014395797534315,0.6716344239361903,0.3238527476787567,0.828447550535202,1.3689866185188293
A_native,T0,28,expression,0.10350778923384014,0.12462975047569624,0.0336120283814591,0.18691757594275202,28.45797241101973,0.5681042007753506,0.813082424057248,0.14484365591389528,0.0,0.0,0.0,-0.08135841372789626,0.1039515290403876,0.4549293598873318,0.4115995824337006,1.212227702140808,44.83426322937014
A_native,T0,28,all,0.11176641947755504,0.1324563864923254,0.054346292968083895,0.23030936010928832,12.089752143119195,0.5115607955979367,0.7696906398907117,0.18741055298526338,0.0,0.212,0.21199999999999997,-0.08549527890684833,0.1535171828208757,0.5233837470275637,0.00037787984474562135,0.9521999359130859,9.347928810119631
B_fixed_G0,T0,28,AU,0.09247744379805599,0.10337572865960763,0.05254322481491063,0.2224895340482207,1.0024717084910024,0.4326443216460073,0.7775104659517793,0.1754248876525132,0.0,0.35333333333333333,0.3533333333333334,-0.0632027830849664,0.15416813364713958,0.5471065684746049,6.879015563754365e-05,0.804256021976471,3.0190096855163575
B_fixed_G0,T0,28,VA,0.17266315091430925,0.2685595442168761,0.08074077068429633,0.4072642544797696,0.7882001772522926,0.8976422961415095,0.5927357455202305,0.3184413743207196,0.0,0.0,0.0,-0.09164502184920126,0.23452885099718207,0.7082997968746791,0.44964772164821626,0.8192062973976135,1.245112371444702
B_fixed_G0,T0,28,expression,0.08498568437126848,0.10717312796192605,0.03003621267868168,0.19042311670368428,40.688610046193936,0.5428106341233584,0.8095768832963156,0.13085524794215186,0.0,0.0,0.0,-0.09590102870469694,0.07261747352028794,0.4729213511449484,0.385208734869957,1.3576632142066956,104.7719230651856
B_fixed_G0,T0,28,all,0.09649493735078424,0.117805601680931,0.04759678460086823,0.22701025813249293,17.09691656326999,0.5050973795983998,0.772989741867507,0.1718449818481235,0.0,0.212,0.21199999999999997,-0.08701711624538208,0.13244970479047194,0.5846969883908519,0.0006472319946624343,0.9053840041160583,8.860024642944339
A_native,G0-local,28,AU,0.13562442456850365,0.15140541990405879,0.05292988364052952,0.24660487216844654,0.7784988602261833,0.3906893670960654,0.7533951278315535,0.24666288169956763,0.0,0.35333333333333333,0.3533333333333334,-0.06809251901151271,0.1871323612827968,0.688769878147491,2.7016879539587544e-05,0.7477234601974487,1.322341632843018
A_native,G0-local,28,VA,0.20647707059624137,0.30761606641258676,0.05292050982897575,0.39006848159421514,0.6146463036537171,0.845235218593601,0.6099315184057849,0.370894631812911,0.0,0.0,0.0,-0.13202576567196297,0.3628788194208249,0.8330985103184901,0.36761465966701506,0.5804916322231293,0.8553630828857424
A_native,G0-local,28,expression,0.11397390833104434,0.13398538620791442,0.018977636970217197,0.17508702541690177,8.532859844533231,0.5189203023099657,0.8249129745830983,0.2328031915492021,0.0,0.0,0.0,-0.09916842226657487,0.21162848127206754,0.5791610732616366,0.09178535491228104,0.6946093440055847,24.253024673461965
A_native,G0-local,28,all,0.1343644710547357,0.15832786084197484,0.042064414801105274,0.23519624996201366,3.9108431628308256,0.4680869344843163,0.7648037500379864,0.25364694154848955,0.0,0.212,0.21199999999999997,-0.09768262342537767,0.20741684078479433,0.6764391246433851,7.350570813287049e-05,0.6677719950675964,1.8462269306182872
B_fixed_G0,G0-local,28,AU,0.13562442456850365,0.15140541990405879,0.05292988364052952,0.24660487216844654,0.7784988602261833,0.3906893670960654,0.7533951278315535,0.24666288169956763,0.0,0.35333333333333333,0.3533333333333334,-0.06809251901151271,0.1871323612827968,0.688769878147491,2.7016879539587544e-05,0.7477234601974487,1.322341632843018
B_fixed_G0,G0-local,28,VA,0.20647707059624137,0.30761606641258676,0.05292050982897575,0.39006848159421514,0.6146463036537171,0.845235218593601,0.6099315184057849,0.370894631812911,0.0,0.0,0.0,-0.13202576567196297,0.3628788194208249,0.8330985103184901,0.36761465966701506,0.5804916322231293,0.8553630828857424
B_fixed_G0,G0-local,28,expression,0.11397390833104434,0.13398538620791442,0.018977636970217197,0.17508702541690177,8.532859844533231,0.5189203023099657,0.8249129745830983,0.2328031915492021,0.0,0.0,0.0,-0.09916842226657487,0.21162848127206754,0.5791610732616366,0.09178535491228104,0.6946093440055847,24.253024673461965
B_fixed_G0,G0-local,28,all,0.1343644710547357,0.15832786084197484,0.042064414801105274,0.23519624996201366,3.9108431628308256,0.4680869344843163,0.7648037500379864,0.25364694154848955,0.0,0.212,0.21199999999999997,-0.09768262342537767,0.20741684078479433,0.6764391246433851,7.350570813287049e-05,0.6677719950675964,1.8462269306182872
A_native,G1-shared,28,AU,0.09243443694761909,0.10161725640566098,0.04926063098708826,0.222117293197668,1.0140288511783613,0.3851804019567723,0.7778827068023321,0.20070294931609112,0.0,0.36666666666666664,0.3666666666666667,-0.07360773953821767,0.1519965355847256,0.5975604255687994,5.243810082902201e-05,0.6854759454727173,3.31449522972107
A_native,G1-shared,28,VA,0.1919310762413101,0.3269801269253343,0.08388604134130526,0.3900002487399492,0.8067709177732467,0.8673492079555059,0.6099997512600508,0.3818351626570717,0.0,0.0,0.0,0.1504547324805983,0.34303438120584745,0.6611665056067965,0.3832443356513977,0.7419041991233826,1.292056262493134
A_native,G1-shared,28,expression,0.11232342907044982,0.13985829303974487,0.022976291056737114,0.1840092474884363,30.3350131789688,0.5657662903227848,0.8159907525115637,0.1800226779344687,0.0,0.0,0.0,-0.08958326332609222,0.11224779883173241,0.5393388896976232,0.3792691946029663,1.264289379119873,60.96189002990737
A_native,G1-shared,28,all,0.10675864557042021,0.13188341777014168,0.043619675037713246,0.22335335501409634,13.021893402743146,0.481541390713795,0.7766466449859036,0.21079639832270552,0.0,0.22,0.21999999999999997,-0.07360773953821767,0.1550681169282623,0.6094302154979124,0.001137793494854124,0.8884810209274292,7.210432052612304
B_fixed_G0,G1-shared,28,AU,0.09088288025286079,0.10154808328593283,0.05132379248603784,0.2169037911916706,0.8652867723007355,0.3815435433765569,0.7830962088083294,0.19399668931694142,0.0,0.35333333333333333,0.3533333333333334,-0.07811261108156521,0.1560363804624103,0.5848495863590588,4.5508565381169316e-05,0.6658064723014832,2.902830362319947
B_fixed_G0,G1-shared,28,VA,0.18989419830820795,0.28691328433889346,0.05437840968629508,0.31449387569306086,0.7293987676501275,0.8585000069377013,0.6855061243069392,0.34647967830404075,0.0,0.0,0.0,-0.05455884767522205,0.34303438120584745,0.7497065391613752,0.38060242533683775,0.6853569746017456,1.172613048553467
B_fixed_G0,G1-shared,28,expression,0.08351467116856319,0.1063958071218849,0.028735907513954873,0.18482412924761754,16.593170907022433,0.5941679077823993,0.8151758707523825,0.13052270038260466,0.0,0.0,0.0,-0.1731116115827845,0.06154941101414548,0.4880873505033295,0.3792691946029663,1.2080349922180176,49.556578063964906
B_fixed_G0,G1-shared,28,all,0.09644595879031331,0.11792857099767436,0.044340038670991865,0.21444550612968488,7.238449060040449,0.48773985707131806,0.7855544938703152,0.18370095665194167,0.0,0.212,0.21199999999999997,-0.1213136804380775,0.12530479952693468,0.5768764225569302,0.00013651981134898963,0.8132391571998596,6.532571601867683
A_native,T0,29,AU,0.05032277051040011,0.05189027340903431,0.024750746222315406,0.21568981112593352,0.6373751500401054,0.2685801700183665,0.7843101888740663,0.1405604959493475,0.0,0.36666666666666664,0.3666666666666667,-0.14009418458594733,0.07049781627903016,0.596953521449139,6.195918176672421e-05,0.07139915227890015,1.3489095687866215
A_native,T0,29,VA,0.08126123662199583,0.23026448945967126,0.09415922563057168,0.37238207970178194,0.9480975240468978,0.871894587360592,0.6276179202982181,0.25067967863002805,0.0,0.0,0.0,-0.22370276709580192,0.23612209408920148,0.7054177016576183,0.3557681828737259,0.9428304731845856,1.7001472234725954
A_native,T0,29,expression,0.11496515806258048,0.14662846445692232,0.05136451115153453,0.2501098530696483,40.9246610849339,0.4557039284437542,0.7498901469303517,0.22568593264103054,0.0,0.0,0.0,-0.07697920461903295,0.201949449476516,0.5617136449869556,0.13221267610788345,1.187632441520691,168.09901123046876
A_native,T0,29,all,0.0734834118160255,0.09647643182840943,0.03881982935232602,0.23923960603399017,17.197361418099796,0.37672492610186864,0.7607603939660098,0.18677802717472314,0.0,0.22,0.21999999999999997,-0.12173015057991399,0.1520794342364535,0.6184938746306413,0.00011523220891831442,0.7570613622665405,25.836754989623966
B_fixed_G0,T0,29,AU,0.04299672012473749,0.04604039210483585,0.037494731067627136,0.25096185660785864,0.5806201121437645,0.2578256814980582,0.7490381433921413,0.14103369509644434,0.0,0.4066666666666667,0.4066666666666666,-0.1371599176669316,0.08346633585218066,0.5007562485376084,7.93851533671841e-05,0.07139915227890015,1.2392776966094972
B_fixed_G0,T0,29,VA,0.0962526117927059,0.2709910766292541,0.1257560319937598,0.4675887319169771,0.8645207703113555,0.8568487569744583,0.5324112680830229,0.30725311473781175,0.0,0.0,0.0,-0.1560665569782242,0.31249269370838384,0.7054177016576183,0.354679474234581,0.7904055714607239,1.2676330208778388
B_fixed_G0,T0,29,expression,0.08664770561691516,0.1169974480773021,0.035529077751853634,0.2283512551147095,39.52641882400785,0.4700307486355941,0.7716487448852906,0.1667574492424536,0.0,0.0,0.0,-0.10010485714254266,0.10905958278951015,0.5406210499170184,0.13506460338830947,1.2350128293037415,102.72644424438482
B_fixed_G0,T0,29,all,0.06122550681567182,0.0867427047779785,0.04392662608067023,0.2610566141547804,17.095656673585452,0.37365314902018165,0.7389433858452196,0.16951141321553473,0.0,0.244,0.244,-0.13384920251224608,0.12234127704529026,0.5598922086663924,0.00017549196782056244,0.7803627252578735,15.753429794311542
A_native,G0-local,29,AU,0.12605604126993522,0.1360910240011703,0.030148487978946717,0.24161851930741524,0.5032640353750016,0.3145021875321932,0.7583814806925847,0.2698672779088012,0.0,0.4066666666666667,0.4066666666666666,-0.058686127804537754,0.1748037825422463,0.7795016152476211,4.5470362238120294e-05,0.5148696899414062,0.996700978279114
A_native,G0-local,29,VA,0.1357034890273964,0.3092440145561856,0.10013776667630503,0.49830626783912335,0.6730871647596359,0.8773669897147812,0.5016937321608766,0.3417714411533831,0.0,0.0,0.0,-0.1538514792904502,0.25793657019220184,0.8067072831052087,0.48292703032493595,0.6223383247852325,0.9470270752906802
A_native,G0-local,29,expression,0.1067214147308784,0.1260263758521192,0.02259511488460405,0.22461331572223192,21.220127411211525,0.4518582096766681,0.7753866842777681,0.219450651852948,0.0,0.0,0.0,-0.07643976469925501,0.18307360535554834,0.5951108600458419,0.04805973926559092,0.7928516268730164,50.44805221557619
A_native,G0-local,29,all,0.12064075659803392,0.14672257583787518,0.03333055088454573,0.25671187404269324,9.290277435663967,0.40348529879303224,0.7432881259573069,0.25613581325495666,0.0,0.244,0.244,-0.07445546816951042,0.18009416655830235,0.7428191475099585,8.89405986526981e-05,0.6287676692008972,3.4191575527191245
B_fixed_G0,G0-local,29,AU,0.12605604126993522,0.1360910240011703,0.030148487978946717,0.24161851930741524,0.5032640353750016,0.3145021875321932,0.7583814806925847,0.2698672779088012,0.0,0.4066666666666667,0.4066666666666666,-0.058686127804537754,0.1748037825422463,0.7795016152476211,4.5470362238120294e-05,0.5148696899414062,0.996700978279114
B_fixed_G0,G0-local,29,VA,0.1357034890273964,0.3092440145561856,0.10013776667630503,0.49830626783912335,0.6730871647596359,0.8773669897147812,0.5016937321608766,0.3417714411533831,0.0,0.0,0.0,-0.1538514792904502,0.25793657019220184,0.8067072831052087,0.48292703032493595,0.6223383247852325,0.9470270752906802
B_fixed_G0,G0-local,29,expression,0.1067214147308784,0.1260263758521192,0.02259511488460405,0.22461331572223192,21.220127411211525,0.4518582096766681,0.7753866842777681,0.219450651852948,0.0,0.0,0.0,-0.07643976469925501,0.18307360535554834,0.5951108600458419,0.04805973926559092,0.7928516268730164,50.44805221557619
B_fixed_G0,G0-local,29,all,0.12064075659803392,0.14672257583787518,0.03333055088454573,0.25671187404269324,9.290277435663967,0.40348529879303224,0.7432881259573069,0.25613581325495666,0.0,0.244,0.244,-0.07445546816951042,0.18009416655830235,0.7428191475099585,8.89405986526981e-05,0.6287676692008972,3.4191575527191245
A_native,G1-shared,29,AU,0.05199491349846904,0.057119923806520125,0.02820307892165117,0.2650787123345827,0.6485001137454431,0.2503662366019439,0.7349212876654172,0.1706545030722283,0.0,0.5,0.5,-0.08641504322968131,0.11076765301878559,0.5228642888754187,6.272388272918761e-05,0.4178311228752136,1.1845844507217427
A_native,G1-shared,29,VA,0.1085501372390458,0.23799622345532617,0.10855318682965458,0.3207029658963672,0.7058097034692764,0.8633845236370566,0.6792970341036327,0.27438659095107953,0.0,0.0,0.0,-0.16095583261036378,0.28169854444881515,0.7056723437184034,0.3356440633535385,0.6625673472881317,1.075391483306885
A_native,G1-shared,29,expression,0.10398134916289306,0.13372766072484837,0.03358772907051437,0.22561869214016333,24.983844200423484,0.5120859542748807,0.7743813078598366,0.18583197360123554,0.0,0.0,0.0,-0.1419242117008355,0.1242785323991615,0.6041671836086201,0.0346941214054823,0.9323601722717285,19.16210613250735
A_native,G1-shared,29,all,0.07315499081033087,0.09610450359228964,0.03635417560192767,0.2569014461573113,11.779778506480985,0.3831580092200927,0.7430985538426887,0.18944787107164318,0.0,0.3,0.30000000000000004,-0.11719029083297994,0.12810661629324258,0.6078148286722261,0.00016637599037494516,0.6990832090377808,4.374908638000486
B_fixed_G0,G1-shared,29,AU,0.05584443074418786,0.0615197057517383,0.04504499424099899,0.2678413833693967,0.534508297377818,0.2576160065618465,0.7321586166306032,0.15495634201430222,0.0,0.4066666666666667,0.4066666666666666,-0.10816949154057905,0.11008990292996733,0.5216689113872978,4.1277327545685695e-05,0.22225312888622284,1.0834159374237065
B_fixed_G0,G1-shared,29,VA,0.06915069061507025,0.2253859282872097,0.14397474103742391,0.3922948524250765,0.670833507925272,0.8335828819353045,0.6077051475749236,0.26885139250793,0.0,0.0,0.0,-0.11979665757251032,0.192388920934186,0.7347509234081908,0.3747617036104202,0.6511729061603546,1.064808237552643
B_fixed_G0,G1-shared,29,expression,0.060208182953546616,0.08381193035520593,0.05051412649725508,0.27087817036343964,21.977696820638084,0.4765608287596665,0.7291218296365604,0.10506950821947161,0.0,0.0,0.0,-0.1820127077116655,0.0524101161943456,0.5396821439712448,0.022651751339435578,0.903683066368103,37.312853240966916
B_fixed_G0,G1-shared,29,all,0.058305332240853255,0.08176251542768566,0.05470949630671494,0.27876943273194477,9.625416160191419,0.37375569969502553,0.7212305672680552,0.1458926081851282,0.0,0.244,0.244,-0.14158435218045182,0.08640696860143399,0.5635762413295422,0.00010072002332890407,0.6120908856391907,4.486841773986818
A_native,T0,30,AU,0.04683889363126496,0.05222436578911097,0.043009016013815064,0.20373355302892818,0.7733372494055758,0.3742866039508969,0.7962664469710717,0.08982992598609896,0.0,0.38666666666666666,0.3866666666666667,-0.09200013971288128,0.033048908316009415,0.38661347550761316,0.00016806730418466028,0.5987166464328766,1.681051290035248
A_native,T0,30,VA,0.16039309348985437,0.20534483281083857,0.019563918441206828,0.17619463129796822,0.9221254885196686,0.8712085618386516,0.8238053687020319,0.2358800425008075,0.0,0.0,0.0,0.08805736824040504,0.23954421617736488,0.3964242169481751,0.42324515283107755,0.8581197559833527,1.652379083633423
A_native,T0,30,expression,0.07721349449579126,0.08836555970545208,0.012699873708216153,0.14653124847788251,13.661066499282606,0.6103223651111344,0.8534687515221174,0.129130873640407,0.0,0.0,0.0,-0.06598947576708891,0.0943877629977658,0.3965619666911078,0.3244846522808075,1.5567691326141357,21.37242946624758
A_native,T0,30,all,0.06564310189660054,0.07603918520407835,0.03143448267021476,0.18322570183411677,6.158723211762056,0.4895718041531932,0.8167742981658832,0.12141887464567612,0.0,0.232,0.23199999999999998,-0.0731926655699242,0.08970981538516189,0.39152075584871115,0.00471573723480106,0.8909565806388855,6.185537385940553
B_fixed_G0,T0,30,AU,0.03238789281182726,0.03844428228996404,0.034572349185451046,0.17307894965208911,0.49775405991880317,0.455913801846822,0.826921050347911,0.04805187588361895,0.0,0.22,0.21999999999999997,-0.1339697864582539,0.002356352717015369,0.3575226318390507,0.00014203954197000715,0.44172969460487366,1.0000139236450196
B_fixed_G0,T0,30,VA,0.13715563942012782,0.16711855057726152,0.015570248399371534,0.11606321116273632,0.6036925300955772,0.799386540768076,0.8839367888372637,0.20780348265859266,0.0,0.0,0.0,0.0643005961200251,0.21736893434414128,0.329730425381655,0.3189795076847076,0.4615843594074249,0.9422114551067355
B_fixed_G0,T0,30,expression,0.06657741496420676,0.07274817484809389,0.0055582390686303666,0.09246746872841524,14.86983831524849,0.6718937982406716,0.9075325312715847,0.09060960366510455,0.0,0.0,0.0,-0.09340038419952504,0.08900638292152407,0.31426779977356456,0.5255529463291169,1.338971197605133,19.25355472564699
B_fixed_G0,T0,30,all,0.05170995962925275,0.05971546937154939,0.02376766588518207,0.14272201667736528,5.805982215817008,0.5525052198065541,0.8572779833226348,0.07846501117402598,0.0,0.132,0.132,-0.10637928693844242,0.04838142968158084,0.32724098173884697,0.000353602645918727,0.7224008440971375,3.322809457778931
A_native,G0-local,30,AU,0.1363849838969905,0.1442285369694234,0.027980126425008914,0.16117010116603123,0.5638688112431605,0.4552266368716363,0.8388298988339687,0.17804229575303313,0.0,0.22,0.21999999999999997,-0.17287334410182165,0.17609881798223842,0.5552438023444294,3.1828397186473016e-05,0.5921759605407715,1.0313308715820313
A_native,G0-local,30,VA,0.1899882905531715,0.2343109738658568,0.014757861771437782,0.12097252431059402,0.5548304840922356,0.8079153327405267,0.8790274756894059,0.29123541364922173,0.0,0.0,0.0,0.0803339007934764,0.3075323317206561,0.46094944934387033,0.3534871727228165,0.5251429080963135,0.7823501110076906
A_native,G0-local,30,expression,0.10498631808481118,0.12368551581867418,0.01273653115128805,0.16348497775468668,3.4576985355459326,0.5737874878007168,0.8365150222453133,0.21641285492399912,0.0,0.0,0.0,-0.10261339543447547,0.19325137066843306,0.5358667513343752,0.05730785839259625,0.6462606489658356,5.107033014297485
A_native,G0-local,30,all,0.13062567536958758,0.14486136515289835,0.02204439476513255,0.15869505552596602,1.629885453645019,0.5213812048384533,0.8413049444740338,0.20262066944704715,0.0,0.132,0.132,-0.12723780139855775,0.20242887071417923,0.5464195289942294,0.0001442568755010143,0.6135091185569763,1.161310362815857
B_fixed_G0,G0-local,30,AU,0.1363849838969905,0.1442285369694234,0.027980126425008914,0.16117010116603123,0.5638688112431605,0.4552266368716363,0.8388298988339687,0.17804229575303313,0.0,0.22,0.21999999999999997,-0.17287334410182165,0.17609881798223842,0.5552438023444294,3.1828397186473016e-05,0.5921759605407715,1.0313308715820313
B_fixed_G0,G0-local,30,VA,0.1899882905531715,0.2343109738658568,0.014757861771437782,0.12097252431059402,0.5548304840922356,0.8079153327405267,0.8790274756894059,0.29123541364922173,0.0,0.0,0.0,0.0803339007934764,0.3075323317206561,0.46094944934387033,0.3534871727228165,0.5251429080963135,0.7823501110076906
B_fixed_G0,G0-local,30,expression,0.10498631808481118,0.12368551581867418,0.01273653115128805,0.16348497775468668,3.4576985355459326,0.5737874878007168,0.8365150222453133,0.21641285492399912,0.0,0.0,0.0,-0.10261339543447547,0.19325137066843306,0.5358667513343752,0.05730785839259625,0.6462606489658356,5.107033014297485
B_fixed_G0,G0-local,30,all,0.13062567536958758,0.14486136515289835,0.02204439476513255,0.15869505552596602,1.629885453645019,0.5213812048384533,0.8413049444740338,0.20262066944704715,0.0,0.132,0.132,-0.12723780139855775,0.20242887071417923,0.5464195289942294,0.0001442568755010143,0.6135091185569763,1.161310362815857
A_native,G1-shared,30,AU,0.035827716023685015,0.03901741164970636,0.06902828413093233,0.2592229895886118,0.664042833524347,0.20570946942249158,0.7407770104113883,0.11312213684892743,0.0,0.49333333333333335,0.4933333333333333,-0.06715655339430666,0.07565023885838526,0.4019686428683491,7.379594535450451e-05,0.1854182332754135,2.3892881870269775
A_native,G1-shared,30,VA,0.07906514917534055,0.16799839594520102,0.05938939062835384,0.34485703037663684,0.996407973766327,0.912726394315729,0.655142969623363,0.18180311660502252,0.0,0.0,0.0,-0.023926970770634402,0.13032697024879775,0.5487050684838229,0.5398043990135193,0.9123207032680511,1.4479597210884094
A_native,G1-shared,30,expression,0.06875131958218127,0.08666325888593918,0.03860087818408624,0.23345147296494972,24.225383109660832,0.4713558259372478,0.7665485270350503,0.11159363201898995,0.0,0.0,0.0,-0.09756569428804404,0.079912341502714,0.3766858247383936,0.09233663827180863,1.3392381072044373,38.33725128173843
A_native,G1-shared,30,all,0.049822263814536256,0.06458256150894044,0.0585204027477353,0.2578268275320819,11.41151172497752,0.3472776574986726,0.742173172467918,0.12023201871669392,0.0,0.296,0.29600000000000004,-0.07859585385375503,0.08346852852999198,0.4019686428683491,0.0005050155887147412,0.7854249179363251,13.166299819946289
B_fixed_G0,G1-shared,30,AU,0.015552359546048647,0.0177343070046642,0.039098099135133964,0.20744861556130081,0.3622158209553233,0.3074626102361182,0.7925513844386992,0.03002917883251028,0.0,0.22,0.21999999999999997,-0.13880663080571543,-0.00483495865603762,0.23826201231250976,6.056525307940321e-05,0.11713587492704391,0.9180101990699768
B_fixed_G0,G1-shared,30,VA,0.0660371269612692,0.11133969464259039,0.017763134444525104,0.17118424723763448,0.5527468904852867,0.7475705502408537,0.8288157527623655,0.12478346514546276,0.0,0.0,0.0,-0.10657941189493504,0.09595513939427394,0.34231665469354183,0.2553037166595459,0.45937271416187286,0.8960749506950378
B_fixed_G0,G1-shared,30,expression,0.03640069933671859,0.042523381596884624,0.017461470085424525,0.16012011835314596,15.381687289233378,0.5634706760382434,0.8398798816468542,0.060751580857337964,0.0,0.0,0.0,-0.10866710580924134,0.020510221720355583,0.2684863222351518,0.13754433691501616,0.7773460447788239,29.357842254638687
B_fixed_G0,G1-shared,30,all,0.026262609672280675,0.03315524188520883,0.03046758066397823,0.18940234698879793,5.916908626728796,0.4245938264931772,0.810597653011202,0.050088523939631306,0.0,0.132,0.132,-0.115755020662373,0.013507235772099948,0.2817108575092984,0.00014866169949527832,0.4053834080696106,2.2581837654113794
A_native,T0,31,AU,0.08804632441507353,0.10612059402301535,0.07488074623693643,0.21044272578884826,0.8417851686686348,0.5304725965868341,0.7895572742111517,0.13093869690482207,0.0,0.19333333333333333,0.19333333333333336,-0.05041779230817592,0.08185399658302524,0.39857781513244844,0.00022546277614310384,0.7976114749908447,1.6536502838134766
A_native,T0,31,VA,0.12212401722637459,0.17388524373137906,0.050848374933868325,0.33980141370361777,0.7769743800163269,0.9051129724815565,0.6601985862963822,0.18663227242084296,0.0,0.0,0.0,-0.11348342739341541,0.18205780499133062,0.5393760814937556,0.5153497099876404,0.6684806942939758,1.0691518664360047
A_native,T0,31,expression,0.037811404341158386,0.04420595118276399,0.05555992864715501,0.19360706707267594,26.593345688309636,0.4977462002908715,0.806392932927324,0.05999616619357069,0.0,0.0,0.0,-0.16601940020137482,0.03217422578081451,0.29078576454167815,0.17649087756872178,1.6316223740577698,41.86058998107912
A_native,T0,31,all,0.07469736541632474,0.09172908029080401,0.06677549490396092,0.21540401003285467,10.15775180123983,0.5499713798437038,0.7845959899671452,0.11029828538183703,0.0,0.116,0.11599999999999999,-0.06987444166537274,0.07302540658258515,0.38514062247895675,0.00559214036911726,0.9050727486610413,5.626716136932373
B_fixed_G0,T0,31,AU,0.06303168523571585,0.07491333615698269,0.07122361758260523,0.22064001170471162,1.083868796649079,0.4984205752068762,0.7793599882952884,0.10371146469884922,0.0,0.26,0.26,-0.06773925348380949,0.037148378866347746,0.39697470182545125,0.000605554785579443,0.810538113117218,1.9056577682495117
B_fixed_G0,T0,31,VA,0.09652334809320587,0.17764096606791133,0.07263964522810715,0.41238355471195415,1.0058906093239783,0.9003514846309237,0.5876164452880459,0.19111150472667587,0.0,0.0,0.0,-0.05107154227578403,0.17821196860535543,0.5275732699179237,0.5163190186023712,0.9952522218227386,1.6535248756408696
B_fixed_G0,T0,31,expression,0.04765607432169856,0.05445310867603117,0.049349817636482204,0.18131906392476024,38.564256998544444,0.48596194634685946,0.8186809360752398,0.0864439718810553,0.0,0.0,0.0,-0.133977864810202,0.06018515086790952,0.3318657506643237,0.2398706167936325,1.8937132954597473,79.18620834350631
B_fixed_G0,T0,31,all,0.06079082277182951,0.07658427375595249,0.064337283811486,0.22339679185570663,15.287051225109398,0.5265882867255947,0.7766032081442934,0.10544891197436117,0.0,0.156,0.15600000000000003,-0.07585014382006106,0.06272077396833978,0.3988949130665059,0.07079136371612549,1.028232216835022,8.885782241821289
A_native,G0-local,31,AU,0.10583101169858636,0.12496341722348817,0.05020695683947068,0.21637736672988875,1.0182252826265015,0.44427010166075304,0.7836226332701112,0.1668703494664571,0.0,0.26,0.26,-0.06574792530192508,0.13963835532910865,0.44912313989499913,3.597494651330635e-05,0.8828620314598083,1.7528856992721558
A_native,G0-local,31,VA,0.12381232787286353,0.19741513819316878,0.047614010102171755,0.34550943119790867,0.8602812886238098,0.8991549708806051,0.6544905688020912,0.21733080472267777,0.0,0.0,0.0,-0.07773261608777236,0.168093502536308,0.6578357449508009,0.4578164041042328,0.7967042326927185,1.4152365803718572
A_native,G0-local,31,expression,0.05325181193284945,0.059175435185849265,0.027808509223173537,0.2519051087524119,13.522977757834633,0.46655710508322573,0.7480948912475881,0.11314914062469797,0.0,0.0,0.0,-0.13727454605017247,0.09155013213379647,0.43195428866117386,0.001031654642429203,1.1431999206542969,23.679676818847856
A_native,G0-local,31,all,0.09044417306749272,0.10970740064901816,0.04283201786327169,0.23807680933453776,5.744392667160135,0.48779273229353237,0.7619231906654622,0.1512851001668537,0.0,0.156,0.15600000000000003,-0.09322760919042093,0.10246729004549406,0.45210668457205067,7.314442336792126e-05,0.8990300893783569,4.164501667022705
B_fixed_G0,G0-local,31,AU,0.10583101169858636,0.12496341722348817,0.05020695683947068,0.21637736672988875,1.0182252826265015,0.44427010166075304,0.7836226332701112,0.1668703494664571,0.0,0.26,0.26,-0.06574792530192508,0.13963835532910865,0.44912313989499913,3.597494651330635e-05,0.8828620314598083,1.7528856992721558
B_fixed_G0,G0-local,31,VA,0.12381232787286353,0.19741513819316878,0.047614010102171755,0.34550943119790867,0.8602812886238098,0.8991549708806051,0.6544905688020912,0.21733080472267777,0.0,0.0,0.0,-0.07773261608777236,0.168093502536308,0.6578357449508009,0.4578164041042328,0.7967042326927185,1.4152365803718572
B_fixed_G0,G0-local,31,expression,0.05325181193284945,0.059175435185849265,0.027808509223173537,0.2519051087524119,13.522977757834633,0.46655710508322573,0.7480948912475881,0.11314914062469797,0.0,0.0,0.0,-0.13727454605017247,0.09155013213379647,0.43195428866117386,0.001031654642429203,1.1431999206542969,23.679676818847856
B_fixed_G0,G0-local,31,all,0.09044417306749272,0.10970740064901816,0.04283201786327169,0.23807680933453776,5.744392667160135,0.48779273229353237,0.7619231906654622,0.1512851001668537,0.0,0.156,0.15600000000000003,-0.09322760919042093,0.10246729004549406,0.45210668457205067,7.314442336792126e-05,0.8990300893783569,4.164501667022705
A_native,G1-shared,31,AU,0.0452753862397908,0.06032054109306283,0.10550457433824287,0.2753480018063658,0.9665428395121393,0.3874008730399558,0.7246519981936342,0.09317005856346218,0.0,0.2733333333333333,0.2733333333333333,-0.07746175125048206,0.06121331891499257,0.3246099112195526,3.9066652971087026e-05,0.7235651612281799,2.3722153186798103
A_native,G1-shared,31,VA,0.1482725480588133,0.17986319479948584,0.04687841120672892,0.21946430327254843,0.7434677600860595,0.8625619379563476,0.7805356967274516,0.19876050681123145,0.0,0.0,0.0,-0.08210091038681114,0.21807374259603074,0.4213183608229249,0.42282889783382416,0.6046210527420044,1.1108853340148928
A_native,G1-shared,31,expression,0.05739012394030837,0.06493987645746974,0.06501124342897545,0.21103375470631747,9.401039933523862,0.5172965343237338,0.7889662452936826,0.07691021947878147,0.0,0.0,0.0,-0.09029165613866466,0.06801820846363639,0.28633414983301125,0.018034573178738356,0.8326705694198608,8.273381137847908
A_native,G1-shared,31,all,0.05739187524947822,0.07136214070618686,0.08785661539675618,0.25029674685164494,4.173711576030877,0.4669803698440761,0.7497032531483551,0.09705054582748576,0.0,0.164,0.16400000000000003,-0.08131018691012117,0.0743833940538122,0.3442549054862642,0.0001146629365393892,0.7323063015937805,3.6182215213775635
B_fixed_G0,G1-shared,31,AU,0.038033586841788786,0.052867243629780625,0.1054878747029873,0.2672005174527138,0.9277643944824049,0.40311708108314953,0.7327994825472862,0.0757405071427025,0.0,0.26,0.26,-0.10426657247470117,0.05492233904833008,0.2674398155661903,6.557374581461772e-05,0.6389111876487732,1.9431785345077515
B_fixed_G0,G1-shared,31,VA,0.07039994168511178,0.126126286415456,0.07524580253099765,0.3744816771709163,0.8648186549544334,0.8404953080659465,0.6255183228290837,0.13350919732694919,0.0,0.0,0.0,-0.16573775293052428,0.11504832908243291,0.392283904740523,0.4170835793018341,0.7724686563014984,1.7648162245750427
B_fixed_G0,G1-shared,31,expression,0.035408531309495,0.04740082908845349,0.08205670777588356,0.2690647237854824,30.34665133087692,0.5055039668295856,0.7309352762145175,0.048244486535023785,0.0,0.0,0.0,-0.12213017006029189,0.03398403094658513,0.3298417490520257,0.05256343297660351,1.10140860080719,16.154996013641455
B_fixed_G0,G1-shared,31,all,0.03978287745892062,0.05697871439940998,0.09557053551255493,0.2763795562566559,12.075878328705162,0.47087114268063285,0.7236204437433441,0.07079118086341643,0.0,0.156,0.15600000000000003,-0.1147193795713932,0.0514593438448113,0.30172375404748547,0.00013862746709492058,0.779639720916748,4.529512882232666
A_native,T0,32,AU,0.10609675555684293,0.11033708390292968,0.03435152937550113,0.20257444794522808,0.7922621186907588,0.4484960757966106,0.7974255520547718,0.1688680488928098,0.0,0.3466666666666667,0.3466666666666667,-0.13002707067566158,0.059514550122080095,0.6306015595915584,0.00028282175480853766,0.8665916621685028,1.4424914240837097
A_native,T0,32,VA,0.15238818181068076,0.14716418051090363,0.03516333073455352,0.3254348354656965,0.8129648342728615,0.9261731550139707,0.6745651645343036,0.16301443957720207,0.0,0.0,0.0,-0.1709645141848302,0.16641814602795751,0.5191464146165563,0.5504971265792846,0.7702614068984985,1.2057353854179385
A_native,T0,32,expression,0.09530604449355813,0.10227481214607341,0.026528766846458142,0.13315293251027102,8.167236673951265,0.5946362994423662,0.866847067489729,0.10756569461983032,0.0,0.0,0.0,-0.12739681373698697,0.057316888850860157,0.40148421615908597,0.08642187789082528,0.8034162521362305,18.00625076293947
A_native,T0,32,all,0.10634704211689881,0.11070332466937359,0.03191318947493156,0.19018839400767934,3.7741410011780445,0.5334751137006413,0.8098116059923207,0.14350814723548397,0.0,0.208,0.20799999999999996,-0.13772013070561753,0.061657556237248265,0.5762396671589342,0.0013394689594861135,0.8108338117599487,2.0561216473579447
B_fixed_G0,T0,32,AU,0.012530165099436231,0.011577358971099544,0.06879911640454897,0.2089275105721038,0.9792737398435026,0.42643093964148093,0.7910724894278962,-0.006886085545870278,0.0,0.22666666666666666,0.22666666666666668,-0.19892744553937397,-0.029812914087556125,0.21421301355214034,7.463336078217253e-05,0.8329678475856781,2.8528283834457397
B_fixed_G0,T0,32,VA,0.2467297142843956,0.2833710653518786,0.029722420533847417,0.15579665909089216,0.8564305931329728,0.9207543349350971,0.8442033409091078,0.3142472244381279,0.0,0.0,0.0,0.1164401861680437,0.3072674265496484,0.5599720016904719,0.4685873568058014,0.7800727486610413,1.462795889377594
B_fixed_G0,T0,32,expression,0.056530347595941555,0.06054307667050544,0.031624919720388354,0.19225491925757265,48.15022778711282,0.5331518236108785,0.8077450807424273,0.05955407476304153,0.0,0.0,0.0,-0.25642445960180515,0.03723216431129493,0.3395731859203801,0.20607673227787018,0.9428078234195709,88.1166877746582
B_fixed_G0,T0,32,all,0.045346187433114686,0.04898988514537176,0.05377723779596146,0.19934181323295688,18.4386230956182,0.5001274941351774,0.8006581867670431,0.047455946974467256,0.0,0.136,0.136,-0.20487820379822347,-0.0044805594565380785,0.3540580552706461,0.0002797290071612224,0.878281980752945,5.798974990844727
A_native,G0-local,32,AU,0.10358839185401256,0.10561577467584579,0.055550161914713896,0.21057060699197466,0.7772620435277868,0.3929550778142382,0.7894293930080253,0.10196291383294714,0.0,0.22666666666666666,0.22666666666666668,-0.17503270324420475,-0.034177601496171724,0.5443483054834083,3.0873914511175826e-05,0.6502412557601929,2.488553285598755
A_native,G0-local,32,VA,0.3753096443932692,0.44516710888945743,0.03427991910748255,0.14758774900063693,0.6576535657048226,0.8756762909455903,0.8524122509993631,0.4988548247416074,0.0,0.0,0.0,0.1615715017047729,0.549201676168144,0.78696571043516,0.46445640325546267,0.6338129341602325,0.8145061254501347
A_native,G0-local,32,expression,0.1228122447387209,0.14168470426967483,0.022839576814733635,0.24807054142934284,28.36345704982523,0.4305926341115006,0.7519294585706572,0.22798099124007348,0.0,0.0,0.0,-0.22441665664962243,0.2621302254978538,0.5967912248113852,0.041141106933355334,0.43223732709884644,24.803962326050026
A_native,G0-local,32,all,0.13147772498025975,0.14432193888296002,0.04338115525814171,0.21753195737262548,10.98329644606175,0.4436167928798703,0.7824680426273746,0.18538552684564766,0.0,0.136,0.136,-0.1771924969949094,0.15325620683265784,0.65491103986021,4.650803020922467e-05,0.5612647831439972,2.6919777393341064
B_fixed_G0,G0-local,32,AU,0.10358839185401256,0.10561577467584579,0.055550161914713896,0.21057060699197466,0.7772620435277868,0.3929550778142382,0.7894293930080253,0.10196291383294714,0.0,0.22666666666666666,0.22666666666666668,-0.17503270324420475,-0.034177601496171724,0.5443483054834083,3.0873914511175826e-05,0.6502412557601929,2.488553285598755
B_fixed_G0,G0-local,32,VA,0.3753096443932692,0.44516710888945743,0.03427991910748255,0.14758774900063693,0.6576535657048226,0.8756762909455903,0.8524122509993631,0.4988548247416074,0.0,0.0,0.0,0.1615715017047729,0.549201676168144,0.78696571043516,0.46445640325546267,0.6338129341602325,0.8145061254501347
B_fixed_G0,G0-local,32,expression,0.1228122447387209,0.14168470426967483,0.022839576814733635,0.24807054142934284,28.36345704982523,0.4305926341115006,0.7519294585706572,0.22798099124007348,0.0,0.0,0.0,-0.22441665664962243,0.2621302254978538,0.5967912248113852,0.041141106933355334,0.43223732709884644,24.803962326050026
B_fixed_G0,G0-local,32,all,0.13147772498025975,0.14432193888296002,0.04338115525814171,0.21753195737262548,10.98329644606175,0.4436167928798703,0.7824680426273746,0.18538552684564766,0.0,0.136,0.136,-0.1771924969949094,0.15325620683265784,0.65491103986021,4.650803020922467e-05,0.5612647831439972,2.6919777393341064
A_native,G1-shared,32,AU,0.08778523611612926,0.09453613166924142,0.07363633282152927,0.24124424881187384,0.9903453780593948,0.4353448265558552,0.7587557511881261,0.13062928617626404,0.0,0.2866666666666667,0.2866666666666666,-0.11558522187542891,0.08992815158967063,0.5090225389997944,5.8172378339804714e-05,0.8675829172134399,2.5737960338592534
A_native,G1-shared,32,VA,0.23001795688270618,0.29522721423279985,0.03413517989136207,0.28211958756996347,0.890873858332634,0.931917196224676,0.7178804124300365,0.3225148723723681,0.0,0.0,0.0,-0.056487625506081024,0.307765938072981,0.7259121438364005,0.5268877148628235,0.8721728622913361,1.269830584526062
A_native,G1-shared,32,expression,0.0903174529495899,0.09613149945196911,0.03968178828623244,0.19729880900305244,39.63111238663623,0.5421427456268695,0.8027011909969476,0.1176527980434342,0.0,0.0,0.0,-0.12838939678073513,0.05071231164275343,0.5671959506965171,0.1223253145813942,0.9493532478809357,93.21241683959967
A_native,G1-shared,32,all,0.09997416316416283,0.11110193596479895,0.05961078633582092,0.23045173517369816,15.914364364975393,0.5092459502320854,0.7695482648263019,0.14415388846271668,0.0,0.172,0.17200000000000004,-0.12107176156150275,0.07910467511202293,0.5663483943193992,0.0002223178540589288,0.8958871960639954,4.425780773162847
B_fixed_G0,G1-shared,32,AU,0.06737343951907195,0.07035165221093863,0.10234646813792568,0.2613538314169149,1.0855957822923927,0.4026929625614934,0.7386461685830851,0.07493130276597165,0.0,0.22666666666666666,0.22666666666666668,-0.1286396442858435,-0.022699485887645397,0.4231783495389322,5.366465302358847e-05,0.7222836315631866,3.028260827064514
B_fixed_G0,G1-shared,32,VA,0.31319966682602113,0.3812612923047726,0.03172224638674679,0.23343881375717396,0.8520787417888641,0.9310492688981347,0.7665611862428261,0.4231081313233136,0.0,0.0,0.0,0.040976638700588694,0.5056449193500956,0.7256738180263657,0.5268877148628235,0.7358058989048004,1.2478213071823123
B_fixed_G0,G1-shared,32,expression,0.07399254359439894,0.07735194454295982,0.05080392305421995,0.24070768147615698,62.189600674366375,0.5132586525345093,0.7592923185238429,0.0887576611848621,0.0,0.0,0.0,-0.16565734811457306,0.042093534006105215,0.4936571525844179,0.13047488406300545,0.9493532478809357,103.3120643615723
B_fixed_G0,G1-shared,32,all,0.08915765100773253,0.09746451696469213,0.08020291597104554,0.25251386202309306,23.695086757087985,0.4803424878597898,0.747486137976907,0.11229077149124052,0.0,0.136,0.136,-0.15923249022552383,0.033826907959825674,0.5325440287826553,0.00010114812903339043,0.8047577738761902,5.621272563934326
A_native,T0,33,AU,0.11411855510129243,0.13161875188682,0.07124992324213489,0.2726274152842523,0.5827937021954988,0.3997240673945138,0.7273725847157477,0.23154795940700607,0.0,0.32666666666666666,0.32666666666666666,-0.09119841569174957,0.2008521657005491,0.69220935959413,7.282417209353298e-05,0.5863231420516968,1.0915443897247314
A_native,T0,33,VA,0.20342491395291257,0.29284311900951354,0.01956647682195846,0.33007992939838354,0.739894700050354,0.8409752248274011,0.6699200706016164,0.35270371230843506,0.0,0.0,0.0,-0.04622555642874405,0.438394243664493,0.678710204722803,0.41032512187957765,0.5346056520938873,1.1538285970687867
A_native,T0,33,expression,0.10816555143195525,0.12566241484299406,0.048413549282582194,0.197138781054426,6.1599789691215845,0.5441467261924539,0.8028612189455739,0.17442826100330794,0.0,0.0,0.0,-0.07865897844909296,0.1277179907418777,0.6158548306257685,0.055753846094012266,0.9010989964008331,7.074746322631837
A_native,T0,33,all,0.11935810263523415,0.14261067340261122,0.05980760786146392,0.2530672534598384,2.8182008728979064,0.4812394108044856,0.7469327465401617,0.22086904988328832,0.0,0.196,0.19599999999999995,-0.09118056895217595,0.16148512473676163,0.6675893930661315,0.0002228846278740093,0.6849389672279358,2.154179096221924
B_fixed_G0,T0,33,AU,0.11670003189258223,0.1407158240988768,0.10729550073534919,0.2787932244499307,0.439246455207607,0.4230372263556602,0.7212067755500694,0.20479472922939124,0.0,0.13333333333333333,0.1333333333333333,-0.1144640195465283,0.18217923986375822,0.5991958024943831,4.776743699039798e-05,0.27811703085899353,0.9893176257610321
B_fixed_G0,T0,33,VA,0.2064429133752835,0.2814499121270634,0.0173768781212973,0.25006718476185624,0.519408568739891,0.7621719513762738,0.7499328152381437,0.33258968516601745,0.0,0.0,0.0,-0.10082995019861316,0.41964692955818955,0.6079698324238703,0.30561024844646456,0.4847128838300705,0.737438809871674
B_fixed_G0,T0,33,expression,0.07108814457372616,0.09411513993404054,0.06149093322358219,0.22772668989511158,9.60810186881572,0.5176426065440369,0.7722733101048884,0.14749437620195419,0.0,0.0,0.0,-0.10747034744110093,0.09621572222351969,0.5275597536596212,0.03858803845942021,0.7846734821796417,4.5651180267334
B_fixed_G0,T0,33,all,0.10928365846916438,0.1370623322083841,0.08544454932245961,0.26015385021734255,3.635384174161062,0.4804417260175899,0.7398461497826573,0.19597677651868498,0.0,0.08,0.07999999999999996,-0.1135313424603894,0.14183533047781888,0.5991958024943831,6.460631411755457e-05,0.4696367681026459,2.222523260116576
A_native,G0-local,33,AU,0.2479230528489191,0.2799363269608168,0.06275140972216697,0.21535206790409656,0.4759897751666463,0.47852727631152997,0.7846479320959034,0.3491427361726035,0.0,0.13333333333333333,0.1333333333333333,-0.1374028498309937,0.45812857058266665,0.8011695905134407,2.7895692619495092e-05,0.47711072862148285,0.9861110746860504
A_native,G0-local,33,VA,0.3509166244345663,0.43070594016898234,0.008843290032929274,0.17500285386927455,0.5456763595342636,0.809512985664053,0.8249971461307256,0.5231558311757791,0.0,0.0,0.0,0.31911327036870196,0.5385386681716443,0.677509979898804,0.38462670743465427,0.541522204875946,0.736137092113495
A_native,G0-local,33,expression,0.16090214695839028,0.19531955399388973,0.03715523343571023,0.2010212391443727,0.9778713685373077,0.45511221197207047,0.7989787608556274,0.24881738047264568,0.0,0.0,0.0,-0.14889487426710948,0.21879220920586312,0.6565222341532041,0.005452584940940142,0.3924943059682846,2.949635386466982
A_native,G0-local,33,all,0.22831584869080165,0.2649205286680533,0.050247983735361795,0.20753826557819918,0.6566169888927561,0.4975133124711047,0.7924617344218009,0.32937853375550297,0.0,0.08,0.07999999999999996,-0.13702081948670466,0.42983387256037264,0.775145237277122,3.946536235162058e-05,0.49463407695293427,1.0912229537963865
B_fixed_G0,G0-local,33,AU,0.2479230528489191,0.2799363269608168,0.06275140972216697,0.21535206790409656,0.4759897751666463,0.47852727631152997,0.7846479320959034,0.3491427361726035,0.0,0.13333333333333333,0.1333333333333333,-0.1374028498309937,0.45812857058266665,0.8011695905134407,2.7895692619495092e-05,0.47711072862148285,0.9861110746860504
B_fixed_G0,G0-local,33,VA,0.3509166244345663,0.43070594016898234,0.008843290032929274,0.17500285386927455,0.5456763595342636,0.809512985664053,0.8249971461307256,0.5231558311757791,0.0,0.0,0.0,0.31911327036870196,0.5385386681716443,0.677509979898804,0.38462670743465427,0.541522204875946,0.736137092113495
B_fixed_G0,G0-local,33,expression,0.16090214695839028,0.19531955399388973,0.03715523343571023,0.2010212391443727,0.9778713685373077,0.45511221197207047,0.7989787608556274,0.24881738047264568,0.0,0.0,0.0,-0.14889487426710948,0.21879220920586312,0.6565222341532041,0.005452584940940142,0.3924943059682846,2.949635386466982
B_fixed_G0,G0-local,33,all,0.22831584869080165,0.2649205286680533,0.050247983735361795,0.20753826557819918,0.6566169888927561,0.4975133124711047,0.7924617344218009,0.32937853375550297,0.0,0.08,0.07999999999999996,-0.13702081948670466,0.42983387256037264,0.775145237277122,3.946536235162058e-05,0.49463407695293427,1.0912229537963865
A_native,G1-shared,33,AU,0.11571614043604804,0.1328270143477218,0.06051401824231737,0.2779338953019608,0.6459891555706417,0.40995442049723074,0.7220661046980393,0.24479902491232758,0.0,0.3333333333333333,0.33333333333333337,-0.06195390312182262,0.2142821786488275,0.6575592114905179,7.06193364749197e-05,0.6922875940799713,1.631311917304993
A_native,G1-shared,33,VA,0.244830248757058,0.3074296202835399,0.03222623799886071,0.3209914847334553,0.8222062662243843,0.8593617413464438,0.6790085152665448,0.3555203647836622,0.0,0.0,0.0,-0.010174854466846798,0.3467914655190556,0.724328880321297,0.41005776822566986,0.7272854745388031,1.0639833092689523
A_native,G1-shared,33,expression,0.0982490908253629,0.11929639048116217,0.05051319698035468,0.2012360438210387,12.82836923063005,0.5397786673891607,0.7987639561789613,0.16830388844985816,0.0,0.0,0.0,-0.06844743891800656,0.11689930650799576,0.4683710995923578,0.042918240651488304,0.7745631635189056,6.587603044509891
A_native,G1-shared,33,all,0.12045581322630958,0.14246542318528815,0.05505073301901278,0.25683518998258525,5.536562896659779,0.4874507651705854,0.7431648100174147,0.22527310431447325,0.0,0.2,0.19999999999999996,-0.0640624223893388,0.18669662136557513,0.6445686964329614,0.0007068241044180478,0.7098385989665985,2.1232803583145095
B_fixed_G0,G1-shared,33,AU,0.11156370033593123,0.13907675731308075,0.1076546219402664,0.2885765932428747,0.47432381277701025,0.43375653220517774,0.7114234067571252,0.2031176998884805,0.0,0.13333333333333333,0.1333333333333333,-0.08235145670902257,0.17398623190977386,0.589389291660984,4.0110111513058655e-05,0.3647875487804413,1.0411249041557313
B_fixed_G0,G1-shared,33,VA,0.25508403617260406,0.2853711050661438,0.009182159878671619,0.11279777947425136,0.5572041392326355,0.7922722993066911,0.8872022205257485,0.33351000241338424,0.0,0.0,0.0,0.004679986238294699,0.3516996328794684,0.6728300955046648,0.2981590822339058,0.5239921510219574,0.8400785446166993
B_fixed_G0,G1-shared,33,expression,0.07337410158851218,0.08757587413279463,0.07266342674176067,0.21555398538651974,6.5831337988624,0.5372282128182932,0.7844460146134803,0.11434832875566428,0.0,0.0,0.0,-0.12773482900761687,0.054483005113312076,0.4422939873058479,0.04273348450660706,0.5681024491786957,4.312647581100465
B_fixed_G0,G1-shared,33,all,0.11082465560369097,0.13430002251563425,0.08857964251181699,0.25114705362735124,2.6063342711072,0.49554873136949584,0.7488529463726488,0.18357985797488388,0.0,0.08,0.07999999999999996,-0.10826081311666706,0.13653284082394307,0.5357946013215708,6.78240234265104e-05,0.46226730942726135,1.6996211528778074
A_native,T0,34,AU,0.12745174041786597,0.13765970852046427,0.049863912639950325,0.19421654422248424,0.84844266185819,0.5662758622485597,0.8057834557775158,0.16974439958875254,0.0,0.18,0.18000000000000005,-0.06428181058725027,0.09242970629338762,0.5157769854052121,7.08270003087819e-05,0.8478051424026489,1.3608521223068235
A_native,T0,34,VA,0.22642142320392078,0.2729105384065219,0.023960984987296676,0.22273092467108618,0.624826043844223,0.8673330577966455,0.7772690753289139,0.31150836688599126,0.0,0.0,0.0,0.13564791869373932,0.3366965642597909,0.4987902824917448,0.4595135897397995,0.603176087141037,0.8119708716869356
A_native,T0,34,expression,0.10697237725280626,0.1130146983951565,0.022899022807165624,0.10663349913222639,1.205795083893463,0.6477802334789947,0.8933665008677736,0.12694360358680776,0.0,0.0,0.0,-0.04834365972152983,0.028000721645699257,0.45416677533510513,0.0621247947216034,0.9502084851264954,2.9107508182525637
A_native,T0,34,all,0.12881591882793125,0.14059337167125038,0.039162913681246934,0.16847112022948987,0.9565855381027752,0.6164418366861458,0.8315288797705103,0.16710411109453366,0.0,0.108,0.10799999999999998,-0.057837624315925,0.09907038887846609,0.5111017613112193,0.0201118852943182,0.8295913338661194,2.1385215759277347
B_fixed_G0,T0,34,AU,0.11960464003718715,0.13016876208680728,0.05080859879928981,0.1938277610170402,0.9000871301487868,0.572638715181825,0.8061722389829599,0.16325862676105443,0.0,0.17333333333333334,0.17333333333333334,-0.06413822787399492,0.10234343296895378,0.5153181554326203,8.737737953197211e-05,0.8708685338497162,1.4545607566833498
B_fixed_G0,T0,34,VA,0.1805852662351141,0.21947959864942274,0.026787506563473052,0.22394955784036755,0.6450516879558563,0.8680147590919214,0.7760504421596324,0.25284681458059266,0.0,0.0,0.0,0.005993418290693985,0.24699621890699505,0.4344339363322237,0.4595135897397995,0.6188443303108215,0.7873761296272278
B_fixed_G0,T0,34,expression,0.09822654745599008,0.10474402984958235,0.02209801566303727,0.12205538963922255,1.767153262370266,0.6409481986427817,0.8779446103607775,0.10965771716379555,0.0,0.0,0.0,-0.05855186740095826,0.022418039005815526,0.45416677533510513,0.07883214913308621,0.9241404235363007,3.039449667930606
B_fixed_G0,T0,34,all,0.11764210050703824,0.1291777146959045,0.03969952481682366,0.17327034592200471,1.1869825843178035,0.6181278334021387,0.8267296540779953,0.15211439010306357,0.0,0.104,0.10399999999999998,-0.06223280181749358,0.07979507079040982,0.5105994691545904,0.020205502025783063,0.8406536877155304,2.252618551254274
A_native,G0-local,34,AU,0.12300486956302459,0.14005027420814134,0.038793751808408695,0.18358167458013702,0.661524845302016,0.4904190207115379,0.816418325419863,0.18488695930962254,0.0,0.17333333333333334,0.17333333333333334,-0.06876623050950281,0.18728300294617817,0.48174625025363926,2.3972292001417373e-05,0.7806386947631836,1.233542835712433
A_native,G0-local,34,VA,0.2496136222977642,0.31000583936546755,0.03836449490049794,0.2444151408052012,0.5346936196088791,0.8103313834150818,0.7555848591947989,0.3822103821995654,0.0,0.0,0.0,0.1248665381927955,0.4020925504051244,0.6177499953566118,0.38938446044921876,0.5192728340625763,0.6568019390106203
A_native,G0-local,34,expression,0.08300811940804476,0.09458234752121408,0.023244220775690834,0.14475467994192134,0.7019659066423628,0.5111857799403178,0.8552453200580785,0.12496330096553909,0.0,0.0,0.0,-0.07701059634157272,0.07213538257745446,0.43344561719659136,0.0024865243816748262,0.30182814598083496,1.5036591768264784
A_native,G0-local,34,all,0.12033460973221023,0.13909698288091074,0.033783561325306126,0.1760237135939131,0.6646438649152527,0.5226573726810309,0.823976286406087,0.18110381551619478,0.0,0.104,0.10399999999999998,-0.06876623050950281,0.13049663976998166,0.4774424736123193,5.177870261832141e-05,0.5608678460121155,1.2458649754524231
B_fixed_G0,G0-local,34,AU,0.12300486956302459,0.14005027420814134,0.038793751808408695,0.18358167458013702,0.661524845302016,0.4904190207115379,0.816418325419863,0.18488695930962254,0.0,0.17333333333333334,0.17333333333333334,-0.06876623050950281,0.18728300294617817,0.48174625025363926,2.3972292001417373e-05,0.7806386947631836,1.233542835712433
B_fixed_G0,G0-local,34,VA,0.2496136222977642,0.31000583936546755,0.03836449490049794,0.2444151408052012,0.5346936196088791,0.8103313834150818,0.7555848591947989,0.3822103821995654,0.0,0.0,0.0,0.1248665381927955,0.4020925504051244,0.6177499953566118,0.38938446044921876,0.5192728340625763,0.6568019390106203
B_fixed_G0,G0-local,34,expression,0.08300811940804476,0.09458234752121408,0.023244220775690834,0.14475467994192134,0.7019659066423628,0.5111857799403178,0.8552453200580785,0.12496330096553909,0.0,0.0,0.0,-0.07701059634157272,0.07213538257745446,0.43344561719659136,0.0024865243816748262,0.30182814598083496,1.5036591768264784
B_fixed_G0,G0-local,34,all,0.12033460973221023,0.13909698288091074,0.033783561325306126,0.1760237135939131,0.6646438649152527,0.5226573726810309,0.823976286406087,0.18110381551619478,0.0,0.104,0.10399999999999998,-0.06876623050950281,0.13049663976998166,0.4774424736123193,5.177870261832141e-05,0.5608678460121155,1.2458649754524231
A_native,G1-shared,34,AU,0.10514079242185985,0.1187284145958972,0.04680999892640527,0.17244258925720607,0.782847964432719,0.49180954817293404,0.8275574107427938,0.17103951296475106,0.0,0.22,0.21999999999999997,-0.04566773018959526,0.18453340566808138,0.43937062554231626,6.500911404145883e-05,0.7428892850875854,1.7940937757492068
A_native,G1-shared,34,VA,0.22736986011742477,0.25885043721155865,0.037481722356546995,0.1885215039070786,0.5546471446752548,0.8080070965949485,0.8114784960929213,0.30675837204320117,0.0,0.0,0.0,0.04218841222927321,0.3388186124704965,0.5586979951877453,0.3321937948465347,0.5337722599506378,0.7243610680103302
A_native,G1-shared,34,expression,0.0759316811107584,0.08905929295327997,0.04095917301152076,0.15292853694017805,0.9489380843850086,0.5592412844836223,0.847071463059822,0.09952978923137606,0.0,0.0,0.0,-0.05277353015054253,0.029920713119282193,0.39222003702283076,0.039452971518039705,0.4389665573835373,2.4889404773712163
A_native,G1-shared,34,all,0.10557220221795258,0.12044405747951259,0.04419147250805356,0.16748440568774692,0.8230470114420917,0.5386835076661154,0.8325155943122531,0.15718513177995383,0.0,0.132,0.132,-0.048499810439675835,0.1096100824506391,0.45030766208889134,0.0009662572992965592,0.5924071073532104,1.7940937757492068
B_fixed_G0,G1-shared,34,AU,0.09267494639207426,0.10695782673375234,0.06477919283840826,0.19989175610282842,0.8180402945522987,0.5195765439324181,0.8001082438971716,0.14775483265902892,0.0,0.17333333333333334,0.17333333333333334,-0.038209920061391706,0.10032319117528657,0.43496183067004396,7.209281830000692e-05,0.7233071625232697,1.838531339168549
B_fixed_G0,G1-shared,34,VA,0.20170091155503883,0.24111424765302042,0.03044158051003264,0.19703715174926834,0.6086877048015594,0.7833033075682968,0.8029628482507316,0.2963862396695642,0.0,0.0,0.0,0.05249817168997564,0.27375765159790433,0.5577416390157302,0.3321937948465347,0.5173785090446472,0.732104253768921
B_fixed_G0,G1-shared,34,expression,0.05573741273928806,0.06450658515056167,0.05804585542256298,0.18260343313534036,1.790316069997789,0.5106106073732629,0.8173965668646597,0.07291131726620696,0.0,0.0,0.0,-0.07230955093754377,0.008765009431972733,0.3360530927507132,0.019229706563055515,0.42642147839069366,3.4939227104187025
B_fixed_G0,G1-shared,34,all,0.08957701283621984,0.10410594310067275,0.059877515879067714,0.19413112440494742,1.1465894474122291,0.5378055853243586,0.8058688755950525,0.13429566707324744,0.0,0.104,0.10399999999999998,-0.04405767436197782,0.08218398698077972,0.43682601464508947,0.0016863159369677307,0.5939815044403076,2.0691895246505743
A_native,T0,35,AU,0.11556719294444025,0.1312301510009624,0.06295544647642624,0.24354343928377897,0.6320491172374838,0.4247575920013935,0.756456560716221,0.21769498392787426,0.0,0.25333333333333335,0.2533333333333333,-0.07784085710403664,0.19173190075345256,0.581043204480821,3.277204305049963e-05,0.6982744336128235,1.3033833861351014
A_native,T0,35,VA,0.1963635849159718,0.2729577016445112,0.04963417339811747,0.30762549270650175,0.7168634727597236,0.8741104414900974,0.6923745072934981,0.3087145635726224,0.0,0.0,0.0,0.017996379069996567,0.3008247988102896,0.6194874079956258,0.47922348082065586,0.6057466864585876,1.2947443366050722
A_native,T0,35,expression,0.10991412999630687,0.12597715866788936,0.036240871714436004,0.155359997576293,495.09866921883656,0.5599124045791996,0.844640002423707,0.13526498599596248,0.0,0.0,0.0,-0.11749650056777255,0.030443123460883917,0.5362184281446517,0.05237280726432801,0.7865869998931885,7.094692420959493
A_native,T0,35,all,0.12022192415876008,0.1408873975058629,0.05334108070632468,0.22045130221120127,187.23122786836188,0.5039553599853878,0.7795486977887988,0.19517607712760077,0.0,0.152,0.15200000000000002,-0.09081348920964134,0.14102234633198002,0.581043204480821,6.143018981674686e-05,0.6692728996276855,1.723214757442475
B_fixed_G0,T0,35,AU,0.11354505546839311,0.13784479712061076,0.1349953301912765,0.32783016935342446,0.5279533420196199,0.3891225841553577,0.6721698306465755,0.20868648689591401,0.0,0.3,0.30000000000000004,-0.08638352099310406,0.23837878635151466,0.62311453459988,3.379572881385684e-05,0.6008516550064087,1.1066806316375732
B_fixed_G0,T0,35,VA,0.1897476337559836,0.3190229342882276,0.07364463933105447,0.3391350973542811,0.7595759615302086,0.8798127224500691,0.6608649026457191,0.3576672740598106,0.0,0.0,0.0,-0.006120585719382406,0.3649064638328986,0.6716796518004232,0.4776750445365906,0.6518609523773193,1.0065656781196595
B_fixed_G0,T0,35,expression,0.0745563039638159,0.08175094745336482,0.054942675794254936,0.2356619514284377,2640.943316801102,0.48321812039093126,0.7643380485715623,0.1020848648327087,0.0,0.0,0.0,-0.11314524203420823,-0.004264424426381016,0.515812975977056,0.10870036035776139,1.163127601146698,5501.731103515663
B_fixed_G0,T0,35,all,0.10716486124993564,0.1343890162005014,0.10447042551541182,0.2992407338574972,1030.9565461669795,0.45848836681431815,0.7007592661425027,0.18162056483845793,0.0,0.18,0.18000000000000005,-0.10417649005589251,0.13483851315234374,0.6097569123058957,5.4749465925851835e-05,0.7507609724998474,13.666837692260712
A_native,G0-local,35,AU,0.1614024762737007,0.18985788736038905,0.09871543872963894,0.2895145194939197,0.5538887413803206,0.40545898795697877,0.7104854805060804,0.2705130120384789,0.0,0.3,0.30000000000000004,-0.22335985612543138,0.33198586854349815,0.6887428662276895,1.533092017780291e-05,0.7468530535697937,1.1038432598114014
A_native,G0-local,35,VA,0.17302194187733821,0.3145533070014207,0.10021744154604058,0.3986977449033425,0.6803907200694084,0.853464111668122,0.6013022550966576,0.3543957197132581,0.0,0.0,0.0,-0.1182368719825635,0.408632344532012,0.7254273165489933,0.4354245036840439,0.5748420655727386,0.812434959411622
A_native,G0-local,35,expression,0.07734297924766728,0.1025059689513241,0.04192414310676385,0.2429820015818814,1515.1252701174387,0.4148876190197644,0.7570179984181186,0.08721027304341679,0.0,0.0,0.0,-0.25611741057563286,-0.0427744867109046,0.5265760260401624,0.009733290784060955,0.8079575896263123,3131.402124023447
A_native,G0-local,35,all,0.135432994473661,0.1718809070407708,0.08066238435563104,0.2833587717948212,591.6184767884947,0.44431655979396156,0.7166412282051787,0.20716391464282335,0.0,0.18,0.18000000000000005,-0.24953706636319778,0.2883477465883762,0.6748656672543685,2.5016252766363327e-05,0.725850522518158,1.8381766796112058
B_fixed_G0,G0-local,35,AU,0.1614024762737007,0.18985788736038905,0.09871543872963894,0.2895145194939197,0.5538887413803206,0.40545898795697877,0.7104854805060804,0.2705130120384789,0.0,0.3,0.30000000000000004,-0.22335985612543138,0.33198586854349815,0.6887428662276895,1.533092017780291e-05,0.7468530535697937,1.1038432598114014
B_fixed_G0,G0-local,35,VA,0.17302194187733821,0.3145533070014207,0.10021744154604058,0.3986977449033425,0.6803907200694084,0.853464111668122,0.6013022550966576,0.3543957197132581,0.0,0.0,0.0,-0.1182368719825635,0.408632344532012,0.7254273165489933,0.4354245036840439,0.5748420655727386,0.812434959411622
B_fixed_G0,G0-local,35,expression,0.07734297924766728,0.1025059689513241,0.04192414310676385,0.2429820015818814,1515.1252701174387,0.4148876190197644,0.7570179984181186,0.08721027304341679,0.0,0.0,0.0,-0.25611741057563286,-0.0427744867109046,0.5265760260401624,0.009733290784060955,0.8079575896263123,3131.402124023447
B_fixed_G0,G0-local,35,all,0.135432994473661,0.1718809070407708,0.08066238435563104,0.2833587717948212,591.6184767884947,0.44431655979396156,0.7166412282051787,0.20716391464282335,0.0,0.18,0.18000000000000005,-0.24953706636319778,0.2883477465883762,0.6748656672543685,2.5016252766363327e-05,0.725850522518158,1.8381766796112058
A_native,G1-shared,35,AU,0.11127707687677327,0.12569909065379198,0.09659642469699146,0.2591952082556165,0.6401588608844528,0.429257975749262,0.7408047917443836,0.2124712567433851,0.0,0.25333333333333335,0.2533333333333333,-0.07956922397839701,0.20931011115044673,0.5297652182112822,1.3836796370014781e-05,0.7338698506355286,1.4168784976005555
A_native,G1-shared,35,VA,0.2075575267274492,0.27221543668091386,0.06475512013399355,0.2928354085678766,0.6498408824205398,0.8661819689310338,0.7071645914321233,0.3173222225204567,0.0,0.0,0.0,0.06157975910429335,0.374415815982671,0.5970053225611663,0.43688441812992096,0.5939965546131134,0.9057044386863711
A_native,G1-shared,35,expression,0.07724708042772696,0.0906185860704094,0.04947578016075959,0.2006311524807233,1118.7032591386637,0.4426363834288516,0.7993688475192766,0.11340858174681108,0.0,0.0,0.0,-0.12061684511350103,0.027864391832707072,0.4397495793052308,0.011152316816151142,0.3871237486600876,4.766989803314239
A_native,G1-shared,35,all,0.10808991400113253,0.1261946368692793,0.07897051408035742,0.24314592643263142,422.5516761375498,0.46849298566127245,0.7568540735673684,0.18498071578025072,0.0,0.152,0.15200000000000002,-0.09531041853343873,0.14098033910511332,0.5054895932909755,2.9302800976438453e-05,0.6148239374160767,1.684448349475861
B_fixed_G0,G1-shared,35,AU,0.09516407732093027,0.12014467286725207,0.15406910925631057,0.3372561977541899,0.5903809493796092,0.3988835254105408,0.6627438022458101,0.21439919194261214,0.0,0.3,0.30000000000000004,-0.08206628361068422,0.23575364077854388,0.5856079495508185,2.3386935572489166e-05,0.6928867101669312,1.2287013530731203
B_fixed_G0,G1-shared,35,VA,0.14214854253656942,0.227033647991155,0.10630877308429479,0.43636666181944195,0.6973844602704048,0.8559909698461242,0.5636333381805579,0.2629550419280769,0.0,0.0,0.0,-0.21216919272376403,0.3051181483881111,0.5824997457462826,0.3568865776062012,0.6506068706512451,0.9365879178047181
B_fixed_G0,G1-shared,35,expression,0.06642766771094236,0.06990764853411975,0.08848299192807627,0.2544914841812329,2312.204094081199,0.46989550242131906,0.7455085158187671,0.10866265375868482,0.0,0.0,0.0,-0.16455232600711178,0.025926496681705585,0.4737371891378178,0.11434852033853532,1.1304808259010315,991.9531677246312
B_fixed_G0,G1-shared,35,all,0.08972718346298526,0.11261994309056197,0.12926072481751433,0.31870032653606384,902.6939766604204,0.4581759536088365,0.6812996734639362,0.17787330874746632,0.0,0.18,0.18000000000000005,-0.13301199515286297,0.14869956914194876,0.5479958537250607,3.8419382326537745e-05,0.753222644329071,3.1453422546386713
A_native,T0,36,AU,0.16492366566540076,0.17698540732413992,0.1473129673102338,0.33063907967951855,0.5738891560344184,0.41678077252374446,0.6693609203204814,0.24231934303475025,0.0,0.24666666666666667,0.2466666666666667,-0.18635285988520484,0.15281639355095952,0.769105294761783,5.4538017866434533e-05,0.6064943075180054,1.1865444421768188
A_native,T0,36,VA,0.2061872051349683,0.20000097689057825,0.006448364055283434,0.15697790923529117,0.6723206251859665,0.8880862032683096,0.8430220907647088,0.2272070441003376,0.0,0.0,0.0,-0.35433285039410295,0.1939103372506509,0.8248923925477576,0.4624235510826111,0.6235978305339813,0.9462543845176697
A_native,T0,36,expression,0.1184887329850524,0.12913799838310097,0.02948898045917815,0.18676688213420517,9.00951804854849,0.5782186731362838,0.813233117865795,0.14579677977079994,0.0,0.0,0.0,-0.11683917623116459,0.06510974633372978,0.594558704952642,0.15310240834951402,1.001608520746231,31.301281738281453
A_native,T0,36,all,0.15336557036525472,0.1635154820283225,0.09834012325749998,0.2707070828294801,3.7514428686360928,0.5061453351793223,0.72929291717052,0.20464774190890855,0.0,0.148,0.14800000000000002,-0.168807361021198,0.11008260612519216,0.7691052947617834,9.76110677584075e-05,0.7760521173477173,3.4696545124053975
B_fixed_G0,T0,36,AU,0.13905839235525236,0.15007746614018874,0.10734896368588229,0.29304312867275567,0.522953099557425,0.41641816594622394,0.7069568713272444,0.22309414690148374,0.0,0.28,0.28,-0.1954078651008259,0.1781175959802242,0.6716074461660075,5.8947001525666566e-05,0.635735422372818,1.1264578580856324
B_fixed_G0,T0,36,VA,0.17694994454803883,0.23757485902516673,0.0293248184475694,0.2594099008902103,0.7847445517778396,0.821092643040912,0.7405900991097896,0.29364265280740265,0.0,0.0,0.0,-0.4663883384353938,0.4370786756654972,0.7903178199728994,0.44210298359394073,0.5297077894210815,1.6847044825553896
B_fixed_G0,T0,36,expression,0.09622462956561617,0.10709461953638347,0.02669426735380049,0.1715118434256906,8.157785028079525,0.5725267894411272,0.8284881565743094,0.1485601229248566,0.0,0.0,0.0,-0.173250134803376,0.10094295546478552,0.6058291212627883,0.14604953974485396,0.8816688656806946,29.025068283081062
B_fixed_G0,T0,36,all,0.12838291243799171,0.1433227466577693,0.07529752924055108,0.2514624591710912,3.484599173240965,0.49874688363216796,0.7485375408289088,0.2012107247860424,0.0,0.168,0.16800000000000004,-0.2119582973236446,0.1343646218126367,0.687824017590503,0.00011374515524948948,0.7176194787025452,3.2464844465255824
A_native,G0-local,36,AU,0.23421862600837856,0.25055698286320294,0.10935275080090273,0.2972293100908549,0.4750336512674191,0.36589188768166203,0.7027706899091453,0.36427952382801326,0.0,0.28,0.28,-0.2720588621243629,0.45434110233145464,0.9362599535074495,3.313564156997018e-05,0.2057918980717659,1.045752215385437
A_native,G0-local,36,VA,0.3165314185994536,0.29612560909131563,0.018086894694731598,0.2516403008266355,0.565024796128273,0.786800351713077,0.7483596991733644,0.37801725190612523,0.0,0.0,0.0,-0.4011982919287529,0.6692449629274577,0.8819669774309936,0.3305127501487732,0.49805334210395813,1.0021199584007263
A_native,G0-local,36,expression,0.14999053538135115,0.1748458342708085,0.03539578720453397,0.23569993558972424,4.624029377789702,0.4263202384837845,0.7643000644102758,0.27631542757737654,0.0,0.0,0.0,-0.16650697563395925,0.27665231057989836,0.7759423554166933,0.04777491576969624,0.3618060201406479,13.902085685729988
A_native,G0-local,36,all,0.21385066041501577,0.22997490541188573,0.07838525396157103,0.2738927895093555,2.079454233089533,0.4189016370608545,0.7261072104906444,0.331768114508356,0.0,0.168,0.16800000000000004,-0.24150958234396255,0.35743057865718675,0.894735001756665,5.742305038438645e-05,0.4125615209341049,1.127705550193787
B_fixed_G0,G0-local,36,AU,0.23421862600837856,0.25055698286320294,0.10935275080090273,0.2972293100908549,0.4750336512674191,0.36589188768166203,0.7027706899091453,0.36427952382801326,0.0,0.28,0.28,-0.2720588621243629,0.45434110233145464,0.9362599535074495,3.313564156997018e-05,0.2057918980717659,1.045752215385437
B_fixed_G0,G0-local,36,VA,0.3165314185994536,0.29612560909131563,0.018086894694731598,0.2516403008266355,0.565024796128273,0.786800351713077,0.7483596991733644,0.37801725190612523,0.0,0.0,0.0,-0.4011982919287529,0.6692449629274577,0.8819669774309936,0.3305127501487732,0.49805334210395813,1.0021199584007263
B_fixed_G0,G0-local,36,expression,0.14999053538135115,0.1748458342708085,0.03539578720453397,0.23569993558972424,4.624029377789702,0.4263202384837845,0.7643000644102758,0.27631542757737654,0.0,0.0,0.0,-0.16650697563395925,0.27665231057989836,0.7759423554166933,0.04777491576969624,0.3618060201406479,13.902085685729988
B_fixed_G0,G0-local,36,all,0.21385066041501577,0.22997490541188573,0.07838525396157103,0.2738927895093555,2.079454233089533,0.4189016370608545,0.7261072104906444,0.331768114508356,0.0,0.168,0.16800000000000004,-0.24150958234396255,0.35743057865718675,0.894735001756665,5.742305038438645e-05,0.4125615209341049,1.127705550193787
A_native,G1-shared,36,AU,0.19865292832215023,0.21380667102032921,0.10599182510818679,0.29608836985792997,0.6427586582882222,0.46690232381622554,0.7039116301420701,0.2947791005267847,0.0,0.2733333333333333,0.2733333333333333,-0.23149912749770293,0.27454273552047265,0.8553182174582061,2.9869844729546462e-05,0.6726117134094238,1.1559002876281739
A_native,G1-shared,36,VA,0.23812161786442024,0.2633795364681001,0.01925148314353716,0.19375152604772078,0.7076307401061058,0.8130093229119464,0.8062484739522793,0.32863151139971036,0.0,0.0,0.0,-0.23380548366039713,0.3889852005115451,0.8435699817623117,0.4159440666437149,0.5248079299926758,1.1182448744773872
A_native,G1-shared,36,expression,0.13546805144003174,0.14469100325567708,0.033436319417390205,0.1912694498684427,8.3528417884605,0.5420332575892907,0.8087305501315573,0.18652584193225,0.0,0.0,0.0,-0.1088677517207187,0.13203365769580871,0.5986426876671148,0.06187437362968922,0.8036426305770874,34.203165817260825
A_native,G1-shared,36,all,0.18159126288325392,0.1956554865714622,0.07583483592995992,0.2543593679564773,3.600194505418078,0.5186327825512641,0.7456406320435227,0.2565819116746112,0.0,0.164,0.16400000000000003,-0.15983810777488164,0.16464353678645566,0.8384255545564974,7.555179472547024e-05,0.6883760094642639,2.1922188758850107
B_fixed_G0,G1-shared,36,AU,0.1786804393467573,0.19782203512030233,0.09572601780112044,0.29582551766540705,0.5719164297155557,0.46131001944222416,0.704174482334593,0.2748988313375019,0.0,0.28,0.28,-0.24795411638054832,0.2676041970001553,0.8155438545756243,3.296002869319637e-05,0.5974790155887604,1.1234290599822998
B_fixed_G0,G1-shared,36,VA,0.23330964271934151,0.28399993233969345,0.03473956368302899,0.18534147862554945,0.7087910234928131,0.8218518726728528,0.8146585213744505,0.3761818607497208,0.0,0.0,0.0,-0.3012022781150244,0.5394311327216028,0.7994657091122727,0.3570814222097397,0.5874744057655334,1.2445895910263063
B_fixed_G0,G1-shared,36,expression,0.12408452293343095,0.1347972068691919,0.03419037778510629,0.17767344969922222,8.342686611157841,0.5168740367106321,0.8223265503007777,0.18764341328497455,0.0,0.0,0.0,-0.11564458040862341,0.11921864782436786,0.6508515265554058,0.07095614187419416,0.7795771360397339,24.04242420196551
B_fixed_G0,G1-shared,36,all,0.1655800823642996,0.18454832185749828,0.0711556966665486,0.24917813279303924,3.5738352104411715,0.507933853226565,0.7508218672069608,0.2510778079915509,0.0,0.168,0.16800000000000004,-0.1657783316536319,0.21275265523295167,0.7899784165707758,8.437437718384902e-05,0.6326405107975006,3.1771406412124663
A_native,T0,37,AU,0.10897625671262096,0.11919137843127807,0.043351163092228154,0.23359610564602762,1.386614185970701,0.4324425119724225,0.7664038943539725,0.1941516497887078,0.0,0.3466666666666667,0.3466666666666667,-0.06885168590263363,0.12723815559373897,0.6322390499227651,0.00013325735562830238,0.8696313500404358,3.8465239286422728
A_native,T0,37,VA,0.2095530074153423,0.2515459541957866,0.02505015986674556,0.286720911051801,0.7952376991510391,0.9256181137034087,0.713279088948199,0.2680140306955242,0.0,0.0,0.0,-0.021601726493595482,0.2719998990053793,0.5137038098583288,0.49044830799102784,0.7178494036197662,1.1144996881484985
A_native,T0,37,expression,0.1332168310855173,0.15600861209241265,0.03155057453586438,0.18823336410871022,9.923941382567865,0.63376019771057,0.81176663589129,0.19046508793419537,0.0,0.0,0.0,-0.07073231187566592,0.11869492357519021,0.5750974451424994,0.1633959338068962,1.0649462938308716,6.132578039169319
A_native,T0,37,all,0.12477938056816551,0.14156125926400182,0.03811089449615314,0.2233300127865479,4.776304317240296,0.5363182195471086,0.7766699872134522,0.20012297640373478,0.0,0.208,0.20799999999999996,-0.06880997599908273,0.13119319603902044,0.5812472158252541,0.03285077661275867,0.8988778591156006,4.278137969970704
B_fixed_G0,T0,37,AU,0.07908101498749341,0.08479525351843795,0.03987204577735065,0.23993604751456757,1.6822238273467902,0.4096752877133267,0.7600639524854325,0.14204250604739002,0.0,0.36666666666666664,0.3666666666666667,-0.08994349327500922,0.032543665043271074,0.6255932549960058,0.00012181346683064477,0.9713671803474426,4.2611514091491705
B_fixed_G0,T0,37,VA,0.21505793543770907,0.24368057713072372,0.011163516071667939,0.24034767483880612,0.85364029109478,0.9481240564466031,0.759652325161194,0.25717499846911024,0.0,0.0,0.0,-0.032433739232986605,0.2677358550291233,0.5190395429116377,0.6546395689249039,0.7617637515068054,1.1681495904922485
B_fixed_G0,T0,37,expression,0.13789022566761036,0.15867228789758303,0.024469642759682657,0.1721416025237666,3.7492961544543504,0.6292395839714388,0.8278583974762335,0.20133416930963918,0.0,0.0,0.0,-0.06415217055243232,0.14283870830064527,0.5750974451424994,0.15870072692632675,1.0021724700927734,6.946753501892095
B_fixed_G0,T0,37,all,0.10877811604114808,0.12114673040874725,0.03264659443524228,0.21827475530345034,2.445270573211224,0.5230117640145847,0.7817252446965497,0.17817575173669434,0.0,0.22,0.21999999999999997,-0.08594886574689124,0.09628844618290051,0.5971896250452299,0.07807245254516608,0.9537910223007202,4.725661659240721
A_native,G0-local,37,AU,0.09748147933413896,0.10793400826909919,0.04734024808835832,0.2727979899246828,1.4640490963820603,0.3743646848932329,0.7272020100753173,0.2398011327805173,0.0,0.36666666666666664,0.3666666666666667,-0.10485324991458105,0.29447619766784994,0.6279523168122427,2.811282392940484e-05,0.9304239153862,3.7023692607879646
A_native,G0-local,37,VA,0.3179800273076371,0.3400170570642866,0.010206187628411367,0.20389598312158758,0.7010338574647903,0.8799250778808201,0.7961040168784124,0.3496612346402881,0.0,0.0,0.0,-0.12674370595615467,0.2851821436004296,0.7650892378701993,0.4285708725452423,0.6392877399921417,1.0051798224449158
A_native,G0-local,37,expression,0.11730262636249855,0.13789228685319668,0.029625659765777024,0.15190093781782923,1.0657296114222845,0.6079582673792236,0.8480990621821707,0.18195573533619003,0.0,0.0,0.0,-0.1439618526458609,0.09671490289376103,0.615830586202257,0.01077875867486,0.675512284040451,1.8204545736312874
A_native,G0-local,37,all,0.12146413022109387,0.13608730131962538,0.03870085498833656,0.22859877270624201,1.2223780011249965,0.4895594627277569,0.7714012272937579,0.22733739043000054,0.0,0.22,0.21999999999999997,-0.12065663011766299,0.16153150871280245,0.6789032452440298,0.0019319174578413384,0.7582878470420837,3.125775003433227
B_fixed_G0,G0-local,37,AU,0.09748147933413896,0.10793400826909919,0.04734024808835832,0.2727979899246828,1.4640490963820603,0.3743646848932329,0.7272020100753173,0.2398011327805173,0.0,0.36666666666666664,0.3666666666666667,-0.10485324991458105,0.29447619766784994,0.6279523168122427,2.811282392940484e-05,0.9304239153862,3.7023692607879646
B_fixed_G0,G0-local,37,VA,0.3179800273076371,0.3400170570642866,0.010206187628411367,0.20389598312158758,0.7010338574647903,0.8799250778808201,0.7961040168784124,0.3496612346402881,0.0,0.0,0.0,-0.12674370595615467,0.2851821436004296,0.7650892378701993,0.4285708725452423,0.6392877399921417,1.0051798224449158
B_fixed_G0,G0-local,37,expression,0.11730262636249855,0.13789228685319668,0.029625659765777024,0.15190093781782923,1.0657296114222845,0.6079582673792236,0.8480990621821707,0.18195573533619003,0.0,0.0,0.0,-0.1439618526458609,0.09671490289376103,0.615830586202257,0.01077875867486,0.675512284040451,1.8204545736312874
B_fixed_G0,G0-local,37,all,0.12146413022109387,0.13608730131962538,0.03870085498833656,0.22859877270624201,1.2223780011249965,0.4895594627277569,0.7714012272937579,0.22733739043000054,0.0,0.22,0.21999999999999997,-0.12065663011766299,0.16153150871280245,0.6789032452440298,0.0019319174578413384,0.7582878470420837,3.125775003433227
A_native,G1-shared,37,AU,0.09133594732825173,0.09482416049779722,0.024949860965188152,0.23813813328914246,1.5741999903757662,0.36814219478883187,0.7618618667108575,0.1858752021486316,0.0,0.4,0.4,-0.10669123162589086,0.07982336298532067,0.7537160039862709,0.00019613211625255648,1.06739741563797,3.733848834037781
A_native,G1-shared,37,VA,0.27762313899182306,0.31466099015797727,0.011780157808320523,0.21138496098504325,0.7940183818340302,0.9520075244334626,0.7886150390149567,0.3294340550418889,0.0,0.0,0.0,-0.042011850078894714,0.379831918949875,0.669829342505752,0.594854211807251,0.793449342250824,1.0080114960670472
A_native,G1-shared,37,expression,0.16809757339781065,0.1843712560210849,0.016919617527568744,0.15762543569773446,6.967343144577171,0.5346185607342393,0.8423745643022655,0.2565919899525088,0.0,0.0,0.0,-0.03428670317815959,0.15095321705906334,0.6835163128622178,0.03982661124318839,1.0001397728919983,11.028472328186048
A_native,G1-shared,37,all,0.13080264300359631,0.14106617743806368,0.02132660681260053,0.21023381627556398,3.762872728087754,0.4681238582629328,0.7897661837244361,0.23076214994955435,0.0,0.24,0.24,-0.06751322298736132,0.12761451884269437,0.7291918096109878,0.010137774283066399,0.9664600193500519,4.745028114318846
B_fixed_G0,G1-shared,37,AU,0.08541599656906611,0.09026578186756176,0.03536257723303622,0.24197194517595583,1.3655052607440283,0.3698306306902916,0.7580280548240441,0.16023705195438492,0.0,0.36666666666666664,0.3666666666666667,-0.11408216666513968,0.07966373080564837,0.7348113226449368,5.407355929492042e-05,0.8689318299293518,3.7069975376129154
B_fixed_G0,G1-shared,37,VA,0.2394479589728185,0.2615626726392101,0.013777790056599726,0.19851672851007937,0.7331962347030639,0.9202936056267322,0.8014832714899207,0.27425849952325887,0.0,0.0,0.0,-0.11897494982632655,0.21022209500949812,0.669829342505752,0.5013918161392212,0.7051076591014862,0.9304196715354921
B_fixed_G0,G1-shared,37,expression,0.13864616692677664,0.15447234834621243,0.01755438007147668,0.15625503617603492,6.919808433913568,0.5188803054413729,0.8437449638239652,0.2244298843461673,0.0,0.0,0.0,-0.06182060963579442,0.13789941501201647,0.6346047523146535,0.04435953199863434,0.9406037032604218,11.028472328186048
B_fixed_G0,G1-shared,37,all,0.11477220807583366,0.12451563440246183,0.027937171167222247,0.21106611696271102,3.579341534245279,0.4615635646055528,0.788933883037289,0.19826708037859042,0.0,0.22,0.21999999999999997,-0.10735686520348037,0.11335675904942304,0.6850087830019319,0.0036454333458095793,0.8651406764984131,4.885597801208495
A_native,T0,38,AU,0.18909068701176535,0.20048186162217385,0.06385399500712378,0.24753345265859422,0.6147694540731048,0.4581489901215851,0.7524665473414057,0.3023576704142921,0.0,0.32,0.31999999999999995,-0.1221856957739864,0.2995933532960513,0.7562154352448209,5.7533736617187975e-05,0.7691203951835632,1.0636198043823242
A_native,T0,38,VA,0.22927912239341616,0.37163251418638094,0.03693040277939942,0.360095200801069,0.7612299397587776,0.8879991997460234,0.639904799198931,0.41478441501867785,0.0,0.0,0.0,0.14545183391054844,0.47591271878357194,0.6615718796039309,0.4459624528884888,0.6829369366168976,1.0919757485389712
A_native,T0,38,expression,0.08860293282396489,0.11090026023337976,0.02912484094297964,0.18819517918686376,29.704931212533847,0.5621261151263921,0.8118048208131363,0.1370322492989425,0.0,0.0,0.0,-0.16379220875155842,0.07747388349909687,0.488821958890234,0.22396139055490497,1.608468234539032,83.9924240112306
A_native,T0,38,all,0.16014968050220124,0.18550780138289633,0.05058677832837971,0.23755014499903848,12.150126634224456,0.5258096868930784,0.7624498550009614,0.24801361696310278,0.0,0.192,0.19199999999999995,-0.13725374029889845,0.22981281072144083,0.6680219479701062,0.0001214015523146374,0.913787841796875,3.44602394104004
B_fixed_G0,T0,38,AU,0.1871416107123326,0.20202506562666192,0.0656712770674406,0.2784513841124777,0.5905284278379945,0.4218104908714126,0.7215486158875223,0.34072137973915234,0.0,0.4,0.4,-0.07076593922438165,0.35876085054303186,0.7587133213804473,5.536352109629661e-05,0.7336656153202057,0.9864512860774994
B_fixed_G0,T0,38,VA,0.2347295173535228,0.4141394912358913,0.045062281547575946,0.4111571195873818,0.7317768514156342,0.8670084314389929,0.5888428804126181,0.4589746680550323,0.0,0.0,0.0,0.1677711094000302,0.5190174704459387,0.6763202392677993,0.4056206613779068,0.6340420544147491,1.0854053854942323
B_fixed_G0,T0,38,expression,0.05778308208568249,0.08756743140843401,0.04715421257274685,0.24472090899534527,29.139459928116413,0.5211825422526211,0.7552790910046547,0.11348447734910819,0.0,0.0,0.0,-0.1388817577894166,0.03508789840642314,0.4477634320841036,0.27593713551759724,1.8187242150306702,87.93690719604501
B_fixed_G0,T0,38,all,0.14955391408309981,0.18236777672556737,0.05809709678754943,0.27827409091298766,12.625999419910764,0.48922538255880565,0.7217259090870123,0.2574903985555422,0.0,0.24,0.24,-0.10767465439364425,0.28557646696774097,0.6749000205543794,0.007774798013269912,0.895411342382431,18.469989776611307
A_native,G0-local,38,AU,0.29557813106538544,0.3073503036792255,0.04662673059398834,0.24137475679966286,0.6588852616602834,0.45461042525021916,0.7586252432003372,0.46721846756314844,0.0,0.4,0.4,-0.10720008179123618,0.658040522686239,0.897321326675042,1.659212111917441e-05,0.8536555171012878,0.9482042849063874
A_native,G0-local,38,VA,0.37368758315092193,0.5124087517829509,0.016092779203401596,0.27865832013652897,0.6857091873884201,0.8747996878827615,0.7213416798634709,0.5883930712012951,0.0,0.0,0.0,0.4142753098976886,0.5869595735518854,0.7936557547405134,0.4328226387500763,0.5670150518417358,1.0328114271163942
A_native,G0-local,38,expression,0.13720130297891958,0.15516692190341536,0.01067144635031465,0.13070888743374975,7.521362775145098,0.5240025273169268,0.8692911125662504,0.20749972366657224,0.0,0.0,0.0,-0.10979067360011838,0.17109494967101185,0.5322322588985683,0.05903483256697655,0.7808946967124939,21.957537651062058
A_native,G0-local,38,all,0.2511463022445593,0.27505629735926435,0.032678323524765816,0.20894436366951993,3.5511730489936935,0.510431038922169,0.79105563633048,0.37061842841071074,0.0,0.24,0.24,-0.10192387821971621,0.42747057584129805,0.8214263727048288,0.024281020462512976,0.8095196187496185,1.1868427515029902
B_fixed_G0,G0-local,38,AU,0.29557813106538544,0.3073503036792255,0.04662673059398834,0.24137475679966286,0.6588852616602834,0.45461042525021916,0.7586252432003372,0.46721846756314844,0.0,0.4,0.4,-0.10720008179123618,0.658040522686239,0.897321326675042,1.659212111917441e-05,0.8536555171012878,0.9482042849063874
B_fixed_G0,G0-local,38,VA,0.37368758315092193,0.5124087517829509,0.016092779203401596,0.27865832013652897,0.6857091873884201,0.8747996878827615,0.7213416798634709,0.5883930712012951,0.0,0.0,0.0,0.4142753098976886,0.5869595735518854,0.7936557547405134,0.4328226387500763,0.5670150518417358,1.0328114271163942
B_fixed_G0,G0-local,38,expression,0.13720130297891958,0.15516692190341536,0.01067144635031465,0.13070888743374975,7.521362775145098,0.5240025273169268,0.8692911125662504,0.20749972366657224,0.0,0.0,0.0,-0.10979067360011838,0.17109494967101185,0.5322322588985683,0.05903483256697655,0.7808946967124939,21.957537651062058
B_fixed_G0,G0-local,38,all,0.2511463022445593,0.27505629735926435,0.032678323524765816,0.20894436366951993,3.5511730489936935,0.510431038922169,0.79105563633048,0.37061842841071074,0.0,0.24,0.24,-0.10192387821971621,0.42747057584129805,0.8214263727048288,0.024281020462512976,0.8095196187496185,1.1868427515029902
A_native,G1-shared,38,AU,0.18095579422129704,0.1878126374093261,0.05454381050303558,0.22102162365792982,0.5344971466914796,0.39835454533995635,0.7789783763420701,0.2668274565804453,0.0,0.3,0.30000000000000004,-0.1596929803489484,0.20696812345284135,0.8014171107736167,3.107021002506372e-05,0.6335242390632629,1.0652252197265626
A_native,G1-shared,38,VA,0.3018201764002788,0.40939483604561006,0.03747987049614978,0.2605660306387112,0.7446066983044147,0.8642884131190964,0.7394339693612888,0.4600152291663825,0.0,0.0,0.0,0.24483791659517157,0.52293650306408,0.6391622448909483,0.42143439054489135,0.6636066138744354,1.1170150756835941
A_native,G1-shared,38,expression,0.06376396324892973,0.08144611734165799,0.024330856552132515,0.155881646521754,8.712308501126245,0.5983681067577843,0.844118353478246,0.07445079980348787,0.0,0.0,0.0,-0.16504521143297043,-0.0013845199416183942,0.45520211372842595,0.15289875119924545,1.1867664456367493,16.80788936615001
A_native,G1-shared,38,all,0.15312355888445803,0.17150192687857505,0.04351055003819573,0.20334038353281608,3.7463366558965525,0.4996335944159924,0.796659616467184,0.2106012268709924,0.0,0.18,0.18000000000000005,-0.15119516066527836,0.16876670400968655,0.7106020696366845,0.00015509919030591858,0.8080393075942993,3.3328392028808587
B_fixed_G0,G1-shared,38,AU,0.18063966959694458,0.19476889044415346,0.07980134689986522,0.2868251466102341,0.5156451188563981,0.3678913193788525,0.7131748533897659,0.36024815449536846,0.0,0.4,0.4,-0.0320128832362531,0.3368634232679262,0.7803650707216524,3.101154961768771e-05,0.6533313095569611,0.9779287874698639
B_fixed_G0,G1-shared,38,VA,0.3298367270373861,0.4257441486558114,0.02867774431820508,0.2348091149696782,0.6641467496752739,0.8372783491981398,0.7651908850303218,0.48617526347095374,0.0,0.0,0.0,0.15916005923928842,0.52293650306408,0.6607575863115269,0.3158872663974762,0.6162475347518921,1.0447164416313173
B_fixed_G0,G1-shared,38,expression,0.014089574952647854,0.039724257177885205,0.06512114801856733,0.2439029208852082,10.212259040633217,0.595877321776013,0.7560970791147918,0.024805402981574097,0.0,0.0,0.0,-0.20126402596949453,-0.05338763155310435,0.39450335484595994,0.32493164837360383,1.7096779942512512,29.7147987365723
B_fixed_G0,G1-shared,38,all,0.13927940390600496,0.16363262845588025,0.0710137950513171,0.2689287518469813,4.614061678638098,0.47839780253148684,0.7310712481530186,0.23226458638172714,0.0,0.24,0.24,-0.13100354769962597,0.17995352826423827,0.692027318404492,0.00045112264342606084,0.8176650106906891,3.831392168998717
A_native,T0,39,AU,0.12373565608716615,0.13468803260755546,0.04016739956742106,0.2126145106441003,0.9474683117244967,0.4556639042541237,0.7873854893558997,0.22685980046671614,0.0,0.3333333333333333,0.33333333333333337,-0.0497417247810751,0.17435363290006167,0.6004583369639546,7.075779139995575e-05,0.9230275750160217,1.896671903133393
A_native,T0,39,VA,0.23483004031871788,0.2910363543108588,0.027422064170337285,0.27921541092205876,0.8019898116588593,0.9009051890469776,0.7207845890779413,0.3147515014281184,0.0,0.0,0.0,-0.06779580141287098,0.38883094603371626,0.559194450508243,0.47077105939388275,0.7126592695713043,1.102845120429993
A_native,T0,39,expression,0.14442363283110254,0.15874304226849228,0.014459627600827151,0.12221266330415473,119.55874821637845,0.5608220099081516,0.8777873366958453,0.1838944599958967,0.0,0.0,0.0,-0.09925384761201081,0.09835269989220127,0.6116492512386248,0.14397592395544054,1.197215974330902,45.51553459167486
A_native,T0,39,all,0.13924335938374993,0.15489350143531952,0.030921285706344306,0.1890139915175544,48.37743242357951,0.5249338008468407,0.8109860084824456,0.21846283437452862,0.0,0.2,0.19999999999999996,-0.0893721955265609,0.1701571872432907,0.6028357318957296,0.005886235169600707,0.9526639580726624,4.679161500930782
B_fixed_G0,T0,39,AU,0.05931533160055166,0.06255982282814707,0.020516576747651324,0.1840468036765064,0.9063164099540881,0.4504171729540617,0.8159531963234936,0.10860356642346881,0.0,0.3333333333333333,0.33333333333333337,-0.13856164895919,-0.003392256241860933,0.48064092385273477,0.0004440992401214316,0.7614987790584564,1.1807238578796388
B_fixed_G0,T0,39,VA,0.1488267449031741,0.24970037192843214,0.041233803095667,0.43787615590994455,1.137918722629547,0.7630636158147424,0.5621238440900554,0.3436526426329453,0.0,0.0,0.0,-0.0919370140982356,0.4226019112240794,0.6783686557818903,0.360428187251091,0.6840040981769562,2.366925644874573
B_fixed_G0,T0,39,expression,0.061487526260418354,0.06724972039641766,0.01751683143025208,0.15372507589009732,8.928037368110381,0.5002387069326926,0.8462749241099028,0.13154794235878947,0.0,0.0,0.0,-0.15723911667602994,0.10504038194961937,0.5334179003835968,0.1508127346634865,0.955710232257843,20.736332511901857
B_fixed_G0,T0,39,all,0.06717134695591881,0.07903183397801647,0.021214036353924826,0.19465019896353056,4.1381650244841515,0.49137177925607795,0.8053498010364695,0.14128622441854474,0.0,0.2,0.19999999999999996,-0.14374218832510818,0.08092705615882434,0.5400033525894192,0.036920732818543946,0.8186225593090057,9.985937118530272
A_native,G0-local,39,AU,0.19513315376048368,0.2158262456045767,0.02385305678207405,0.19113323584211728,0.7463444818077459,0.4537867784368937,0.8088667641578827,0.3268475095554204,0.0,0.3333333333333333,0.33333333333333337,-0.21107556311738299,0.44379846814443696,0.83761929541851,0.00011126207755296492,0.8825127482414246,1.0809261560440064
A_native,G0-local,39,VA,0.25711372166487767,0.2022756723051223,0.01890040475412085,0.3811254529147753,0.8672563284635544,0.8156685751525133,0.6188745470852247,0.28628735836942687,0.0,0.0,0.0,-0.5647242913406362,0.5637193882369484,0.8775447298866396,0.41304188370704653,0.5502732396125793,1.7452174901962283
A_native,G0-local,39,expression,0.17344535059234537,0.2031378456056435,0.02520880011931943,0.2538943480787528,2.607427710085176,0.4425229017862232,0.7461056519212472,0.3645604263960922,0.0,0.0,0.0,-0.0742096736873732,0.3443990250057288,0.7967927503270692,0.015775576699525118,0.6612471342086792,10.628326416015636
A_native,G0-local,39,all,0.1931515021790309,0.2106819117409617,0.023890682487756314,0.22641616912365328,1.5028689577842989,0.47913288164592877,0.7735838308763467,0.3378766611730898,0.0,0.2,0.19999999999999996,-0.19606466602785877,0.4093728028765027,0.83761929541851,0.0065365134738385716,0.7786831855773926,2.9371120452880857
B_fixed_G0,G0-local,39,AU,0.19513315376048368,0.2158262456045767,0.02385305678207405,0.19113323584211728,0.7463444818077459,0.4537867784368937,0.8088667641578827,0.3268475095554204,0.0,0.3333333333333333,0.33333333333333337,-0.21107556311738299,0.44379846814443696,0.83761929541851,0.00011126207755296492,0.8825127482414246,1.0809261560440064
B_fixed_G0,G0-local,39,VA,0.25711372166487767,0.2022756723051223,0.01890040475412085,0.3811254529147753,0.8672563284635544,0.8156685751525133,0.6188745470852247,0.28628735836942687,0.0,0.0,0.0,-0.5647242913406362,0.5637193882369484,0.8775447298866396,0.41304188370704653,0.5502732396125793,1.7452174901962283
B_fixed_G0,G0-local,39,expression,0.17344535059234537,0.2031378456056435,0.02520880011931943,0.2538943480787528,2.607427710085176,0.4425229017862232,0.7461056519212472,0.3645604263960922,0.0,0.0,0.0,-0.0742096736873732,0.3443990250057288,0.7967927503270692,0.015775576699525118,0.6612471342086792,10.628326416015636
B_fixed_G0,G0-local,39,all,0.1931515021790309,0.2106819117409617,0.023890682487756314,0.22641616912365328,1.5028689577842989,0.47913288164592877,0.7735838308763467,0.3378766611730898,0.0,0.2,0.19999999999999996,-0.19606466602785877,0.4093728028765027,0.83761929541851,0.0065365134738385716,0.7786831855773926,2.9371120452880857
A_native,G1-shared,39,AU,0.18309617736285372,0.1933009812529309,0.025618090094775125,0.19559400450071052,0.8553593458374738,0.4653037965108259,0.8044059954992895,0.31097649761959323,0.0,0.35333333333333333,0.3533333333333334,-0.06781779862597237,0.3266168540849052,0.7485157059676775,0.0002539800363592804,0.8450616002082825,1.4973362684249878
A_native,G1-shared,39,VA,0.26965186565419064,0.2660734595726083,0.0356637307601644,0.2782466672866012,0.9659122839570046,0.8112664942431913,0.7217533327133988,0.35566780702720907,0.0,0.0,0.0,-0.22403479473627286,0.5164732962198082,0.7479679585146698,0.3713129907846451,0.6218849718570709,2.1574097871780396
A_native,G1-shared,39,expression,0.15290810779257552,0.16738063586594495,0.024654876920901105,0.1394099461422887,23.42479937892349,0.518810740950287,0.8605900538577114,0.20705922063552493,0.0,0.0,0.0,-0.08160188663800762,0.09392887240554809,0.6108377301735817,0.11065182760357857,0.9279159307479858,14.343307304382327
A_native,G1-shared,39,all,0.18036045016367167,0.1908282689946696,0.026113513132366584,0.1842273188488868,10.031837830148499,0.5101030345500427,0.8157726811511131,0.2733137769567854,0.0,0.212,0.21199999999999997,-0.09470163472475325,0.22678961668539088,0.7372579091665308,0.014951128512620935,0.8711727261543274,5.689021396636967
B_fixed_G0,G1-shared,39,AU,0.15466384768184302,0.16743010183868293,0.02970007107482658,0.2048058922359668,0.8011031021383315,0.4555381596503788,0.7951941077640332,0.26939992962638426,0.0,0.3333333333333333,0.33333333333333337,-0.04923437293727953,0.24064304431759168,0.6784838219189163,0.0002456571237416938,0.7325110733509064,1.1117587804794313
B_fixed_G0,G1-shared,39,VA,0.22399785106356593,0.2545233845055598,0.04554669082318648,0.37109131345205887,1.0540604047477244,0.7476587993822705,0.628908686547941,0.3827170851675067,0.0,0.0,0.0,-0.22403479473627286,0.5437488775479393,0.7479679585146698,0.3188766539096832,0.8255890309810638,2.1574097871780396
B_fixed_G0,G1-shared,39,expression,0.1466190813214454,0.1599074396286256,0.027530135724940306,0.15616065930245332,4.397202378860674,0.5101741912298972,0.8438393406975464,0.2052085018900315,0.0,0.0,0.0,-0.11996574257911445,0.19703050329652277,0.6108377301735817,0.11144240200519562,0.9064119756221771,14.587509918212897
B_fixed_G0,G1-shared,39,all,0.15763624271705365,0.17199031254481473,0.030273421342731765,0.20254225139452983,2.2648385430882083,0.496391340934376,0.7974577486054703,0.2550550740859554,0.0,0.2,0.19999999999999996,-0.10814783025374111,0.24300238619180528,0.679852501963696,0.03042069561779501,0.8337922096252441,5.489711332321163
A_native,T0,40,AU,0.07285985846571236,0.08074129717470444,0.05763777740991503,0.3038765023601241,0.6824879626587282,0.262576267284568,0.6961234976398759,0.2331510483414823,0.0,0.56,0.56,-0.03566156863023881,0.23186041329609194,0.5678004552578012,0.0001571211832924746,0.7992647290229797,1.2996588945388794
A_native,T0,40,VA,0.04678529974952565,0.0877250679336991,0.03436757258787858,0.350991144986567,0.9677087813615799,0.8520836487276796,0.649008855013433,0.10355721941911593,0.0,0.0,0.0,-0.19796705924939023,0.1249391931064533,0.32951870402530614,0.4461864143610001,0.6884437501430511,1.6894022464752207
A_native,T0,40,expression,0.05807659858388792,0.07035329782360997,0.031410973041701894,0.19395516134382312,11.705566895743322,0.49665093112135883,0.8060448386561768,0.11849551357603624,0.0,0.0,0.0,-0.10633144686163461,0.03547997036986108,0.4516606055723779,0.0328295461833477,0.9156553745269775,25.68079147338876
A_native,T0,40,all,0.06604325060623362,0.07797583904307377,0.04738358362632391,0.27247084464502325,6.029179113386587,0.38464075022779004,0.7275291553549769,0.1622816546084521,0.0,0.336,0.33599999999999997,-0.07665385938501948,0.10065294330531213,0.47010957500643996,0.00181094667641446,0.8192237019538879,4.156404495239258
B_fixed_G0,T0,40,AU,0.049456880060893,0.058527285720681166,0.08647085538282316,0.33902236373163375,0.5609677117698002,0.28325346419589065,0.6609776362683661,0.15228256589144937,0.0,0.5533333333333333,0.5533333333333333,-0.14114897228638082,0.12714971850542112,0.4663627799152126,0.00018722813983913512,0.6953813433647156,1.0397026062011718
B_fixed_G0,T0,40,VA,0.050521190742188915,0.08419706287362118,0.055006285281883116,0.35906362236355105,1.1538648366928101,0.8226113202144607,0.640936377636449,0.12051570591126834,0.0,0.0,0.0,-0.12054221479112322,0.12484221818217117,0.37026496012393706,0.3768086373806,0.7137156426906586,1.423577487468722
B_fixed_G0,T0,40,expression,0.06081751932375514,0.0773573504339232,0.05513675354675631,0.23460079494666058,13.45373521192414,0.48484212267596405,0.7653992050533394,0.14470561364729523,0.0,0.0,0.0,-0.07055062535274487,0.08046256693497694,0.47641867318504766,0.04681258276104928,0.9411335587501526,25.68079147338876
B_fixed_G0,T0,40,all,0.05317742947951257,0.06660648860115381,0.07392677718720657,0.30721076241099576,6.8081494034512815,0.3909104633909997,0.6927892375890043,0.14484847380081492,0.0,0.332,0.33199999999999996,-0.11117608101889255,0.10769576064418382,0.4709139348784202,0.005203032493591314,0.788396954536438,6.688203144073488
A_native,G0-local,40,AU,0.06322277337051815,0.07802292250893585,0.08858374062618331,0.36640563949750776,0.43182606163664694,0.22794945266420807,0.6335943605024922,0.2812063885948117,0.0,0.5533333333333333,0.5533333333333333,-0.13637867477086937,0.3350903247415013,0.6939986142291643,5.318707990227269e-05,0.26863473653793335,0.9554079294204711
A_native,G0-local,40,VA,0.0551052392735349,0.09510959605230204,0.03537768289493922,0.29930100609714916,1.0164723165333271,0.766345988141892,0.700698993902851,0.13817382928005273,0.0,0.0,0.0,-0.07286439703771849,0.1305212144766542,0.41364060634663496,0.26731503903865816,0.6764779984951019,1.417878234386446
A_native,G0-local,40,expression,0.07584172671743165,0.09911384601204196,0.048158187172284664,0.23782752457134163,5.894128608396795,0.4561996331165384,0.7621724754286584,0.18858703567342858,0.0,0.0,0.0,-0.15123425999022916,0.16693802783863326,0.5675788776003383,0.0087680131662637,0.4865456223487854,5.497684764862066
A_native,G0-local,40,all,0.06661143571377182,0.0861389519133991,0.0713910789024362,0.3198922720491059,3.118515455880632,0.3440612332471684,0.680107727950894,0.21970818847501628,0.0,0.332,0.33199999999999996,-0.15022591551265552,0.2350444705815863,0.5921507139155997,0.0003007993276696654,0.4931849241256714,2.1756996631622325
B_fixed_G0,G0-local,40,AU,0.06322277337051815,0.07802292250893585,0.08858374062618331,0.36640563949750776,0.43182606163664694,0.22794945266420807,0.6335943605024922,0.2812063885948117,0.0,0.5533333333333333,0.5533333333333333,-0.13637867477086937,0.3350903247415013,0.6939986142291643,5.318707990227269e-05,0.26863473653793335,0.9554079294204711
B_fixed_G0,G0-local,40,VA,0.0551052392735349,0.09510959605230204,0.03537768289493922,0.29930100609714916,1.0164723165333271,0.766345988141892,0.700698993902851,0.13817382928005273,0.0,0.0,0.0,-0.07286439703771849,0.1305212144766542,0.41364060634663496,0.26731503903865816,0.6764779984951019,1.417878234386446
B_fixed_G0,G0-local,40,expression,0.07584172671743165,0.09911384601204196,0.048158187172284664,0.23782752457134163,5.894128608396795,0.4561996331165384,0.7621724754286584,0.18858703567342858,0.0,0.0,0.0,-0.15123425999022916,0.16693802783863326,0.5675788776003383,0.0087680131662637,0.4865456223487854,5.497684764862066
B_fixed_G0,G0-local,40,all,0.06661143571377182,0.0861389519133991,0.0713910789024362,0.3198922720491059,3.118515455880632,0.3440612332471684,0.680107727950894,0.21970818847501628,0.0,0.332,0.33199999999999996,-0.15022591551265552,0.2350444705815863,0.5921507139155997,0.0003007993276696654,0.4931849241256714,2.1756996631622325
A_native,G1-shared,40,AU,0.060385384927273196,0.07028597771083916,0.06260380895822848,0.3047551591148467,0.6085858143095619,0.2512965387677276,0.6952448408851534,0.20176217138636712,0.0,0.58,0.5800000000000001,-0.031959526357969205,0.20912134882600383,0.48907537358387787,3.6088083288632336e-05,0.6383052468299866,1.065147614479065
A_native,G1-shared,40,VA,0.04852509522257351,0.09622860885889953,0.025878704389570163,0.3508526673086647,0.8811229124665261,0.8479001598837723,0.6491473326913352,0.11269837804580854,0.0,0.0,0.0,-0.16121130013149532,0.13778365198606018,0.3856579052120403,0.3690850853919983,0.7330746948719025,1.4646705627441408
A_native,G1-shared,40,expression,0.04585173649971782,0.05910892694843313,0.028819534329729658,0.17019975596764408,9.472221414443993,0.48529033320569664,0.829800244032356,0.09772605117652713,0.0,0.0,0.0,-0.10336987504334334,0.04682537104577561,0.37448474647446695,0.020025063678622244,0.7363313138484955,16.67626018524172
A_native,G1-shared,40,all,0.054785794254079506,0.06878473195871408,0.04885483271161618,0.2653852307632473,4.9922765503457205,0.3739028426771613,0.7346147692367526,0.1397734260882176,0.0,0.348,0.348,-0.09535170849942136,0.11830784247024574,0.44367543999995673,0.001750427670776844,0.6960675716400146,5.1739251136779805
B_fixed_G0,G1-shared,40,AU,0.04342169815949917,0.05308045550271495,0.08299234665025296,0.3279952922396044,0.49785972120775007,0.25795749002672624,0.6720047077603956,0.1569850199465429,0.0,0.5533333333333333,0.5533333333333333,-0.0761093444411678,0.16716336419810057,0.4538609458148538,3.227252600481734e-05,0.5683756470680237,1.0364535570144653
B_fixed_G0,G1-shared,40,VA,0.03132461669438226,0.06928161869456595,0.041956109763565994,0.35996399338332,0.9316745869815349,0.8020101843754446,0.6400360066166799,0.1070571777981277,0.0,0.0,0.0,-0.1063529489158832,0.09207995978249237,0.3856579052120403,0.31477923691272736,0.6538144648075104,1.3026581645011905
B_fixed_G0,G1-shared,40,expression,0.03500480760407676,0.052264175262195,0.07665744705292152,0.22424056608731258,25.539730827430684,0.48202613910776104,0.7757594339126874,0.1083799255054366,0.0,0.0,0.0,-0.10595480331259118,0.0629379632169022,0.43777035911993606,0.029763991944491863,0.8280729651451111,20.83138866424563
B_fixed_G0,G1-shared,40,all,0.039760526664554645,0.05411533888109665,0.07768227982817193,0.2973512759623682,12.545919516497035,0.37318367328055485,0.7026487240376317,0.12772176007674166,0.0,0.332,0.33199999999999996,-0.10381016843237605,0.1010317871144063,0.43848016017293046,0.0009770933538675308,0.6509301662445068,5.178701114654542
A_native,T0,41,AU,0.2159706391840955,0.2312719875134578,0.03052416465251054,0.19888951230581908,0.6872287688388679,0.4818782328936036,0.8011104876941808,0.3665975312962784,0.0,0.3333333333333333,0.33333333333333337,-0.010782180300817042,0.38284778119875795,0.7187738716946452,7.198728271760047e-05,0.8497802913188934,1.186057996749878
A_native,T0,41,VA,0.22681343620282926,0.21899756076260007,0.04169463148207649,0.46737273270475715,0.907702474296093,0.9579945271950538,0.5326272672952428,0.23792774300648917,0.0,0.0,0.0,-0.360461363570673,0.32509867433723527,0.7709054342069804,0.6579990744590759,0.8456907868385315,1.1990211963653565
A_native,T0,41,expression,0.12876980350359057,0.1389729863190075,0.010867419548482294,0.195378881781906,325094.75059447,0.4067727023553419,0.804621118218094,0.17674074671336887,0.0,0.0,0.0,-0.07852816327131887,0.06856917520865505,0.606481628255967,0.40712225437164307,8.447525024414062,62984.60703125006
A_native,T0,41,all,0.18893379552783268,0.2007543529911651,0.025127643565586773,0.21924476817008196,130038.33462241985,0.4959337666654759,0.7807552318299181,0.2777878386341357,0.0,0.2,0.19999999999999996,-0.08034487514591633,0.2267144708367887,0.7043660473815477,0.015758992545306688,0.9349629580974579,59.75538482666006
B_fixed_G0,T0,41,AU,0.2159706391840955,0.2312719875134578,0.03052416465251054,0.19888951230581908,0.6872287688388679,0.4818782328936036,0.8011104876941808,0.3665975312962784,0.0,0.3333333333333333,0.33333333333333337,-0.010782180300817042,0.38284778119875795,0.7187738716946452,7.198728271760047e-05,0.8497802913188934,1.186057996749878
B_fixed_G0,T0,41,VA,0.22681343620282926,0.21899756076260007,0.04169463148207649,0.46737273270475715,0.907702474296093,0.9579945271950538,0.5326272672952428,0.23792774300648917,0.0,0.0,0.0,-0.360461363570673,0.32509867433723527,0.7709054342069804,0.6579990744590759,0.8456907868385315,1.1990211963653565
B_fixed_G0,T0,41,expression,0.12876980350359057,0.1389729863190075,0.010867419548482294,0.195378881781906,325094.75059447,0.4067727023553419,0.804621118218094,0.17674074671336887,0.0,0.0,0.0,-0.07852816327131887,0.06856917520865505,0.606481628255967,0.40712225437164307,8.447525024414062,62984.60703125006
B_fixed_G0,T0,41,all,0.18893379552783268,0.2007543529911651,0.025127643565586773,0.21924476817008196,130038.33462241985,0.4959337666654759,0.7807552318299181,0.2777878386341357,0.0,0.2,0.19999999999999996,-0.08034487514591633,0.2267144708367887,0.7043660473815477,0.015758992545306688,0.9349629580974579,59.75538482666006
A_native,G0-local,41,AU,0.25685612990977835,0.2722464076648538,0.026422792843507743,0.18351869662169007,0.6741607468175789,0.4772514298652535,0.81648130337831,0.45212113558692957,0.0,0.3333333333333333,0.33333333333333337,0.0748743121859573,0.49741479835660185,0.7914329571451602,5.079550537629985e-05,0.8596491515636444,1.1540623664855958
A_native,G0-local,41,VA,0.24192484479827542,0.18747699190511,0.03236949296749658,0.4437708297610269,0.8297709673643112,0.9438613390258024,0.556229170238973,0.21166505214643724,0.0,0.0,0.0,-0.43755193931162445,0.33278827712647646,0.781570987172726,0.5915189206600189,0.7225823402404785,1.205784273147583
A_native,G0-local,41,expression,0.14262342866085073,0.15088186557318295,0.005929620137389575,0.16469607364113065,20994.95021861181,0.3746260368850412,0.8353039263588695,0.2083744439131355,0.0,0.0,0.0,-0.056109094543257285,0.14763059712459004,0.6534245461323009,0.0760724201798439,1.3094839453697205,15003.356835937502
A_native,G0-local,41,all,0.21910716270120129,0.2266282009347396,0.020340713587469035,0.198315627919058,8398.40014491487,0.4817400968444294,0.801684372080942,0.3305768505733627,0.0,0.2,0.19999999999999996,-0.05653654149497258,0.3179420452080738,0.7581199136003575,0.0049173506689840114,0.8502649068832397,14.833441352844238
B_fixed_G0,G0-local,41,AU,0.25685612990977835,0.2722464076648538,0.026422792843507743,0.18351869662169007,0.6741607468175789,0.4772514298652535,0.81648130337831,0.45212113558692957,0.0,0.3333333333333333,0.33333333333333337,0.0748743121859573,0.49741479835660185,0.7914329571451602,5.079550537629985e-05,0.8596491515636444,1.1540623664855958
B_fixed_G0,G0-local,41,VA,0.24192484479827542,0.18747699190511,0.03236949296749658,0.4437708297610269,0.8297709673643112,0.9438613390258024,0.556229170238973,0.21166505214643724,0.0,0.0,0.0,-0.43755193931162445,0.33278827712647646,0.781570987172726,0.5915189206600189,0.7225823402404785,1.205784273147583
B_fixed_G0,G0-local,41,expression,0.14262342866085073,0.15088186557318295,0.005929620137389575,0.16469607364113065,20994.95021861181,0.3746260368850412,0.8353039263588695,0.2083744439131355,0.0,0.0,0.0,-0.056109094543257285,0.14763059712459004,0.6534245461323009,0.0760724201798439,1.3094839453697205,15003.356835937502
B_fixed_G0,G0-local,41,all,0.21910716270120129,0.2266282009347396,0.020340713587469035,0.198315627919058,8398.40014491487,0.4817400968444294,0.801684372080942,0.3305768505733627,0.0,0.2,0.19999999999999996,-0.05653654149497258,0.3179420452080738,0.7581199136003575,0.0049173506689840114,0.8502649068832397,14.833441352844238
A_native,G1-shared,41,AU,0.1775906633280779,0.1906293733978093,0.02974178488746314,0.2237416183926929,0.5811240824990898,0.4375580691260567,0.7762583816073071,0.329098142084973,0.0,0.3333333333333333,0.33333333333333337,-0.013145885654107268,0.3435736593793684,0.6721570212412324,5.055828078184277e-05,0.7189913094043732,1.0648020386695862
A_native,G1-shared,41,VA,0.21513905728226163,0.29519326313170086,0.05600920997476562,0.4742866158344555,0.7507900968194008,0.8981816072321755,0.5257133841655444,0.3526517688272802,0.0,0.0,0.0,-0.15448814446580703,0.42396645230594476,0.7343236965231995,0.45003513097763065,0.7195969521999359,1.0854107618331912
A_native,G1-shared,41,expression,0.10203508490869136,0.12245160291808029,0.03744249567937837,0.22170944822344843,268091.2520706671,0.40819005351138393,0.7782905517765515,0.13292541937146432,0.0,0.0,0.0,-0.12161757068917232,0.025756799581789024,0.589557472425729,0.2060082018375397,2.782519817352295,25575.418554687545
A_native,G1-shared,41,all,0.15641674975020892,0.17717759802300737,0.03430740634786021,0.2431349237338757,107236.86646931777,0.465010187177851,0.7568650762661243,0.2529844156738002,0.0,0.2,0.19999999999999996,-0.09325716798369868,0.2157721672312014,0.6663462367730191,0.00030986397759988907,0.8324054181575775,57.35323181152326
B_fixed_G0,G1-shared,41,AU,0.1775906633280779,0.1906293733978093,0.02974178488746314,0.2237416183926929,0.5811240824990898,0.4375580691260567,0.7762583816073071,0.329098142084973,0.0,0.3333333333333333,0.33333333333333337,-0.013145885654107268,0.3435736593793684,0.6721570212412324,5.055828078184277e-05,0.7189913094043732,1.0648020386695862
B_fixed_G0,G1-shared,41,VA,0.21513905728226163,0.29519326313170086,0.05600920997476562,0.4742866158344555,0.7507900968194008,0.8981816072321755,0.5257133841655444,0.3526517688272802,0.0,0.0,0.0,-0.15448814446580703,0.42396645230594476,0.7343236965231995,0.45003513097763065,0.7195969521999359,1.0854107618331912
B_fixed_G0,G1-shared,41,expression,0.10203508490869136,0.12245160291808029,0.03744249567937837,0.22170944822344843,268091.2520706671,0.40819005351138393,0.7782905517765515,0.13292541937146432,0.0,0.0,0.0,-0.12161757068917232,0.025756799581789024,0.589557472425729,0.2060082018375397,2.782519817352295,25575.418554687545
B_fixed_G0,G1-shared,41,all,0.15641674975020892,0.17717759802300737,0.03430740634786021,0.2431349237338757,107236.86646931777,0.465010187177851,0.7568650762661243,0.2529844156738002,0.0,0.2,0.19999999999999996,-0.09325716798369868,0.2157721672312014,0.6663462367730191,0.00030986397759988907,0.8324054181575775,57.35323181152326
A_native,T0,42,AU,0.036572610751172296,0.04118363503714772,0.04191014596192646,0.21619332017972803,1.240725108945642,0.4279056670383297,0.7838066798202719,0.07418346581137367,0.0,0.4,0.4,-0.1125182254755344,0.03337063102506017,0.28243710030972546,0.0043121783179231,0.9336496889591217,2.1564258337020883
A_native,T0,42,VA,0.14355560625986988,0.17448294157702024,0.008007009048601776,0.15705524697370996,1.1936458632349969,0.9050198399862074,0.8429447530262901,0.19845850917130237,0.0,0.0,0.0,-0.05019268759011232,0.219234137315232,0.44579411556102655,0.5685515165328979,0.9736649394035339,1.664733159542084
A_native,T0,42,expression,0.05801701125517167,0.07078196682001218,0.019155144713237843,0.2107553106413102,3.0557650019647555,0.5782012641130972,0.7892446893586899,0.09159596381610806,0.0,0.0,0.0,-0.12760956923489616,0.07614155334951243,0.29955732994149775,0.11909918040037155,1.5572910904884338,6.909008646011353
A_native,T0,42,all,0.0519934585531479,0.06131904573085416,0.03191629460928013,0.2097221112709529,1.999996722247306,0.5141693919380855,0.7902778887290471,0.0945966274302017,0.0,0.24,0.24,-0.12057217853015606,0.06988144925829412,0.3471356075884353,0.06734002791345121,1.028835654258728,4.552191114425659
B_fixed_G0,T0,42,AU,0.03151591562161465,0.03500023743066722,0.029836446066435644,0.18162349475016543,1.0078863728714864,0.4837879014472177,0.8183765052498345,0.05736299646354789,0.0,0.32,0.31999999999999995,-0.10848535617263305,0.01857424745288515,0.2634826387829252,0.00043872746755369067,0.8033038377761841,1.571166491508484
B_fixed_G0,T0,42,VA,0.07336062761813203,0.09461949014070395,0.011353653951709064,0.14992928543325515,1.097150719165802,0.9009149280124638,0.8500707145667448,0.1165881934893505,0.0,0.0,0.0,-0.20118197508218927,0.1351194892538054,0.3997870957587295,0.5685515165328979,0.7813173234462738,1.62282009124756
B_fixed_G0,T0,42,expression,0.04406428978348338,0.05421739376055064,0.020887680691150417,0.18330356622023763,9.361158471507952,0.6324297950234453,0.8166964337797623,0.0724574763722488,0.0,0.0,0.0,-0.09398554485769038,0.06988144925829412,0.26347985707462374,0.1812605068087578,1.5705953240394592,6.711448526382455
B_fixed_G0,T0,42,all,0.03887897231313404,0.04591926767303286,0.025494217777166248,0.1796255808752357,4.324951000677444,0.5647234695168303,0.8203744191247643,0.06920488920222177,0.0,0.192,0.19199999999999995,-0.10848535617263305,0.04401170901284432,0.2768143734974572,0.058233661949634634,0.9501358866691589,4.048829698562623
A_native,G0-local,42,AU,0.07240111105343704,0.08416855592301,0.04694231248191028,0.22613044875425078,0.8587020089851506,0.4015697150338751,0.7738695512457491,0.13118667799135147,0.0,0.32,0.31999999999999995,-0.12289740184102269,0.09180134263549447,0.46361565352224426,6.666434273938648e-05,0.7290746867656708,1.4954954147338868
A_native,G0-local,42,VA,0.14610832448110628,0.16919179434042395,0.006428291660957543,0.15921465786730077,0.9380984678864479,0.8944867754284912,0.8407853421326994,0.19323047060890522,0.0,0.0,0.0,-0.13055323258096663,0.25122334025299004,0.4057727733080484,0.5453348100185395,0.6677730977535248,1.1820748090744029
A_native,G0-local,42,expression,0.08739807721270466,0.10115008723071126,0.01721826429808727,0.26239143016026684,1.3439497753892282,0.5163311508171888,0.7376085698397331,0.13509601047159422,0.0,0.0,0.0,-0.15414773588462347,0.10803934414156317,0.43966344433331095,0.004976455704309047,0.6113885045051575,2.665449452400209
A_native,G0-local,42,all,0.0830967172986162,0.09640450501486753,0.0341894953974107,0.23238069953321994,1.0587403777492703,0.47772673931610476,0.7676193004667802,0.13887787824269054,0.0,0.192,0.19199999999999995,-0.14389359183503783,0.11429940445086474,0.44309983162130284,0.0001179664264782332,0.6811739206314087,1.786650705337525
B_fixed_G0,G0-local,42,AU,0.07240111105343704,0.08416855592301,0.04694231248191028,0.22613044875425078,0.8587020089851506,0.4015697150338751,0.7738695512457491,0.13118667799135147,0.0,0.32,0.31999999999999995,-0.12289740184102269,0.09180134263549447,0.46361565352224426,6.666434273938648e-05,0.7290746867656708,1.4954954147338868
B_fixed_G0,G0-local,42,VA,0.14610832448110628,0.16919179434042395,0.006428291660957543,0.15921465786730077,0.9380984678864479,0.8944867754284912,0.8407853421326994,0.19323047060890522,0.0,0.0,0.0,-0.13055323258096663,0.25122334025299004,0.4057727733080484,0.5453348100185395,0.6677730977535248,1.1820748090744029
B_fixed_G0,G0-local,42,expression,0.08739807721270466,0.10115008723071126,0.01721826429808727,0.26239143016026684,1.3439497753892282,0.5163311508171888,0.7376085698397331,0.13509601047159422,0.0,0.0,0.0,-0.15414773588462347,0.10803934414156317,0.43966344433331095,0.004976455704309047,0.6113885045051575,2.665449452400209
B_fixed_G0,G0-local,42,all,0.0830967172986162,0.09640450501486753,0.0341894953974107,0.23238069953321994,1.0587403777492703,0.47772673931610476,0.7676193004667802,0.13887787824269054,0.0,0.192,0.19199999999999995,-0.14389359183503783,0.11429940445086474,0.44309983162130284,0.0001179664264782332,0.6811739206314087,1.786650705337525
A_native,G1-shared,42,AU,0.036765752976336545,0.04712678229639471,0.06271475019632382,0.22902740010425504,0.858216450457637,0.3612186750763702,0.7709725998957451,0.07658393322546858,0.0,0.38,0.38,-0.10710768352884585,0.08431639658941077,0.27411647086612323,7.062720105750486e-05,0.6690077185630798,1.4127167463302612
A_native,G1-shared,42,VA,0.11694857395811305,0.15425918578507403,0.014057382468236049,0.24117471217566727,0.9390070751309395,0.8267548933222247,0.7588252878243329,0.19327739063652943,0.0,0.0,0.0,-0.061772146853964385,0.2375959815268098,0.40291732940386277,0.3742082625627518,0.6525245606899261,1.594353461265565
A_native,G1-shared,42,expression,0.043924144090930074,0.055935763651073375,0.05092679095518142,0.3009036036285131,3.137402375705733,0.5260654806530873,0.6990963963714869,0.09157258905463093,0.0,0.0,0.0,-0.07966163431347498,0.05671758943630113,0.30871164777463744,0.017834029439836745,0.8060053884983063,3.2434692144393944
A_native,G1-shared,42,all,0.04547106381154859,0.05851624860898623,0.05505001382091123,0.2529995701977306,1.811328815811594,0.45121255032058805,0.7470004298022693,0.09488943381901367,0.0,0.228,0.22799999999999998,-0.08618041730068207,0.08183831283899244,0.308210402167123,0.00013755360268987723,0.6780648231506348,2.208866405487061
B_fixed_G0,G1-shared,42,AU,0.02727335479445909,0.03171503392183146,0.041784921214574,0.19729373962306895,0.7679117236633223,0.4098741077927846,0.802706260376931,0.038912350643265155,0.0,0.32,0.31999999999999995,-0.10684599042162363,-0.004598046684142706,0.21423357672562354,0.00011036017313017511,0.6070003807544708,1.1887152433395392
B_fixed_G0,G1-shared,42,VA,0.05992223691098196,0.09572606410240578,0.030637599440205804,0.3776575891898506,0.9422482490539551,0.8612104769369424,0.6223424108101494,0.12538156312533816,0.0,0.0,0.0,-0.09363332790465546,0.1469343368093493,0.3045789219469254,0.46721898913383486,0.7288937270641327,1.5518242597579959
B_fixed_G0,G1-shared,42,expression,0.04287913122937386,0.05401043947496907,0.05255742203935583,0.295179881249444,7.156092261487811,0.5223666018856533,0.7048201187505561,0.09299645939823144,0.0,0.0,0.0,-0.08067759991139296,0.07822717490787492,0.3248893745825228,0.028196447528898716,0.8856812119483948,5.673296260833751
B_fixed_G0,G1-shared,42,all,0.034879113822953646,0.04397044611328144,0.04434033573655473,0.24304641290885146,3.315145256008727,0.48197861543403525,0.7569535870911483,0.06889310782167488,0.0,0.192,0.19199999999999995,-0.10253302166752085,0.05458925271395823,0.27581199411516005,0.00024405777076026437,0.7273514866828918,2.2082034349441533
A_native,T0,43,AU,0.1749713280063587,0.18188696039341062,0.016828593720898812,0.0949484461850143,0.5699805641162898,0.5419113584656068,0.9050515538149856,0.20730997736981951,0.0,0.13333333333333333,0.1333333333333333,-0.06698309254380606,0.14373771391622245,0.579569467712572,0.00013662643905263395,0.7167231440544128,1.0529868960380555
A_native,T0,43,VA,0.16311426111771038,0.20327328139178888,0.015187788096420041,0.09289318152197157,0.6696700021624565,0.9126787346252202,0.9071068184780285,0.2232767258369181,0.0,0.0,0.0,-0.15324873298003747,0.3001882188094395,0.5769498395274769,0.5162541449069977,0.662134438753128,0.8022614300251008
A_native,T0,43,expression,0.12785249511375568,0.14070725971866493,0.0128829631668629,0.10284227375380557,1.333721586196043,0.7222989848907169,0.8971577262461945,0.15317657720707084,0.0,0.0,0.0,-0.028079200973003357,0.05128689060413451,0.4611125514406112,0.08462336733937266,0.8557104766368866,2.2245874166488684
A_native,T0,43,all,0.15894473612963386,0.17042036185736226,0.015434727493649018,0.0973100498339841,0.844298262061088,0.629296789014411,0.9026899501660159,0.18986938152774158,0.0,0.08,0.07999999999999996,-0.05888745828127597,0.12840997542660929,0.5569766127670431,0.00020974047802155838,0.7531274557113647,1.3583200097084043
B_fixed_G0,T0,43,AU,0.12039529611749292,0.12940065702968828,0.033472729674910516,0.18416153207723868,0.81258166227537,0.44494122042254325,0.8158384679227614,0.20283636230191912,0.0,0.3333333333333333,0.33333333333333337,-0.09750926095395976,0.13600108989485749,0.6063428436905223,0.00010762835154309869,0.8743744492530823,1.6878123521804813
B_fixed_G0,T0,43,VA,0.13074668958596125,0.25571906758298957,0.022944871363912968,0.3865756542479587,1.3510942578315734,0.9024911174236241,0.6134243457520413,0.2857265071594999,0.0,0.0,0.0,-0.09185205338174131,0.2890714218724983,0.5885703792754453,0.6796029925346374,1.174437165260315,2.294172787666321
B_fixed_G0,T0,43,expression,0.08067213299458212,0.10126291685867814,0.024449623807636024,0.21376405085495143,28.13287201609928,0.5064870155924848,0.7862359491450486,0.1589924244763211,0.0,0.0,0.0,-0.04708451360828415,0.15076329865128651,0.40983099244492815,0.2537411212921143,1.8462955951690674,66.52925033569342
B_fixed_G0,T0,43,all,0.10851199539563894,0.13050205301922915,0.029743107132502878,0.20982746785976433,11.794549063360556,0.501239866637011,0.7901725321402356,0.193587801657438,0.0,0.2,0.19999999999999996,-0.08843404526517057,0.17159640561459882,0.5719111417573981,0.0004613394936313859,1.0680316090583801,14.311872386932357
A_native,G0-local,43,AU,0.12989121873596507,0.14405129564327232,0.03502059904922118,0.20000149125786815,0.734432666618386,0.4162119652724,0.799998508742132,0.2241024518117203,0.0,0.3333333333333333,0.33333333333333337,-0.12711437888952584,0.21361692217993966,0.5875688553956537,5.059220784460195e-05,0.8384610712528229,1.5121197104454043
A_native,G0-local,43,VA,0.1801716046493537,0.3043310988066959,0.018624995666058474,0.3459191686005696,1.2970690816640853,0.9200693951844185,0.6540808313994304,0.3297096643851026,0.0,0.0,0.0,-0.11763609294173509,0.4077766016748744,0.5485304155898277,0.677608746290207,1.2377851009368896,1.988773536682129
A_native,G0-local,43,expression,0.1068463354029457,0.13253483730011156,0.023045958987782077,0.2326699202953467,9.087497559015173,0.4853906185891514,0.7673300797046533,0.22302580471499772,0.0,0.0,0.0,-0.04995916714480875,0.18606246300289847,0.5396992108826426,0.00858701653778553,1.1502070426940918,39.16718597412115
A_native,G0-local,43,all,0.12653928694246996,0.15318841322653476,0.02987706595890765,0.2221288027372774,4.131922265081671,0.4786577287267219,0.7778711972627226,0.23423251423036948,0.0,0.2,0.19999999999999996,-0.0949097440058097,0.23572526996570953,0.5778826878064782,9.535012068226934e-05,0.955263078212738,3.429730677604675
B_fixed_G0,G0-local,43,AU,0.12989121873596507,0.14405129564327232,0.03502059904922118,0.20000149125786815,0.734432666618386,0.4162119652724,0.799998508742132,0.2241024518117203,0.0,0.3333333333333333,0.33333333333333337,-0.12711437888952584,0.21361692217993966,0.5875688553956537,5.059220784460195e-05,0.8384610712528229,1.5121197104454043
B_fixed_G0,G0-local,43,VA,0.1801716046493537,0.3043310988066959,0.018624995666058474,0.3459191686005696,1.2970690816640853,0.9200693951844185,0.6540808313994304,0.3297096643851026,0.0,0.0,0.0,-0.11763609294173509,0.4077766016748744,0.5485304155898277,0.677608746290207,1.2377851009368896,1.988773536682129
B_fixed_G0,G0-local,43,expression,0.1068463354029457,0.13253483730011156,0.023045958987782077,0.2326699202953467,9.087497559015173,0.4853906185891514,0.7673300797046533,0.22302580471499772,0.0,0.0,0.0,-0.04995916714480875,0.18606246300289847,0.5396992108826426,0.00858701653778553,1.1502070426940918,39.16718597412115
B_fixed_G0,G0-local,43,all,0.12653928694246996,0.15318841322653476,0.02987706595890765,0.2221288027372774,4.131922265081671,0.4786577287267219,0.7778711972627226,0.23423251423036948,0.0,0.2,0.19999999999999996,-0.0949097440058097,0.23572526996570953,0.5778826878064782,9.535012068226934e-05,0.955263078212738,3.429730677604675
A_native,G1-shared,43,AU,0.1271910340300033,0.13601193986613613,0.02820659880896881,0.16718431317898758,0.5974572795281736,0.4743746208013279,0.8328156868210125,0.18758447677710782,0.0,0.25333333333333335,0.2533333333333333,-0.08072501279115697,0.1614439245227023,0.49001874919203336,9.696049746708014e-05,0.7120247781276703,1.0911532044410706
A_native,G1-shared,43,VA,0.10084658977318192,0.13739834471630943,0.02547321543674481,0.3149431162385924,0.8933514952659607,0.9408870030289516,0.6850568837614076,0.15014118715158745,0.0,0.0,0.0,-0.13596587374500596,0.14653755859394962,0.3722747207503612,0.6067074596881866,0.8079549670219421,1.1314078450202942
A_native,G1-shared,43,expression,0.10038218035469293,0.11487122263440042,0.025670312740016094,0.16215071103319664,14.002341071027331,0.5538272519093098,0.8378492889668034,0.16508557946127472,0.0,0.0,0.0,-0.03531216806660895,0.10715621980170505,0.4850011498124214,0.05148389488458634,1.2026075720787048,14.357504749298117
A_native,G1-shared,43,all,0.1165046453133583,0.12935782273999455,0.02717631659712602,0.17739426473710287,5.683818541955949,0.5371204533340921,0.8226057352628972,0.1755619410328764,0.0,0.152,0.15200000000000002,-0.06530972296251385,0.12805417967792926,0.4806577677224569,0.0002097853313898668,0.8400450944900513,2.236822009086609
B_fixed_G0,G1-shared,43,AU,0.09060343071395212,0.10399592891376554,0.04758049642327036,0.21652162691331409,0.7214942875494308,0.4196126679830967,0.7834783730866858,0.17836945606316867,0.0,0.3333333333333333,0.33333333333333337,-0.07431551518019583,0.13412854295820623,0.5062513815782087,6.898881620145404e-05,0.7707064747810364,1.6615851998329165
B_fixed_G0,G1-shared,43,VA,0.1433134886162261,0.2456167272413655,0.03905995215916271,0.35199483939517423,1.3633330374956132,0.8967696524631062,0.6480051606048258,0.2819785454036664,0.0,0.0,0.0,-0.0280842753270534,0.3342939898425157,0.5093422142268527,0.7174332082271576,0.9806022644042969,2.6716428995132446
B_fixed_G0,G1-shared,43,expression,0.09499442588790487,0.10683734298318752,0.01717289111389903,0.20140877675798552,45.98893142302986,0.5150696443110737,0.7985912232420145,0.18807221650098188,0.0,0.0,0.0,-0.03531407631076868,0.19552758729481862,0.45153662779186904,0.21813833564519883,1.852109968662262,105.07262954711918
B_fixed_G0,G1-shared,43,all,0.0962253538017989,0.11623484528218858,0.03716841918314293,0.2225233718621578,18.892653016736222,0.48833145916645015,0.7774766281378422,0.1926114691723437,0.0,0.2,0.19999999999999996,-0.0688748128080457,0.16980130854082137,0.4844682090748049,0.00018476154946256434,0.9973228275775909,5.845998716354369
A_native,T0,44,AU,0.08603521679039379,0.09305018123539992,0.02537918292544277,0.12860648873441002,0.7481983489436724,0.5832368254710688,0.8713935112655898,0.12505835576720792,0.0,0.21333333333333335,0.21333333333333337,-0.032448040707689745,0.05341015386570422,0.39341049833265124,0.04752320721745494,0.8153436481952667,1.1695248365402222
A_native,T0,44,VA,0.049540853397971714,0.0732816894549838,0.0742804092444831,0.3359803454360007,0.6823855891823769,0.9077555839190152,0.6640196545639994,0.07123742262073053,0.0,0.0,0.0,-0.23230800323190884,0.06117501258265616,0.3579044819637839,0.5132229775190353,0.6411270797252655,0.8897707164287568
A_native,T0,44,expression,0.028623702735747943,0.03338583509955413,0.03968350751754601,0.1499326433777816,11.0567726832669,0.6076772092474182,0.8500673566222183,0.04712985488143797,0.0,0.0,0.0,-0.09420365595144986,0.0028201020106087644,0.26062068193438664,0.10972666889429092,1.0304037928581238,10.355277252197272
A_native,T0,44,all,0.06474398322151335,0.07237611112949596,0.033868664900439036,0.15202076675641618,4.525123539542903,0.6170192489553363,0.8479792332435838,0.09152304047458797,0.0,0.128,0.128,-0.0792146076259253,0.028091247276618124,0.3461077909415673,0.10902016311883928,0.8282866477966309,2.2244750738143937
B_fixed_G0,T0,44,AU,0.024608997588258342,0.025304116070313232,0.023220568460304788,0.11794429637508791,1.172686119602169,0.5742100211657224,0.882055703624912,0.034625944948586035,0.0,0.21333333333333335,0.21333333333333337,-0.1041653328526503,-0.002307096317211621,0.24383618714146044,0.05270380899310112,0.8782436847686768,2.179729795455928
B_fixed_G0,T0,44,VA,0.01555634955928864,0.007675436912849392,0.058791277295791186,0.32136339691329374,0.5966338291764259,0.8656078953883599,0.6786366030867064,0.0049049677421746036,0.0,0.0,0.0,-0.16130128558405998,-0.0067200055210884105,0.180029895045446,0.5008126050233841,0.5520444810390472,0.7477443158626557
B_fixed_G0,T0,44,expression,0.021349560479347225,0.02568091432391064,0.025317246417017852,0.13443172246559248,28.965190618229098,0.5819226092993064,0.8655682775344073,0.02357472845948395,0.0,0.0,0.0,-0.09266180438267554,-0.005091826096754942,0.179190447043468,0.10865170881152153,0.9754390120506287,63.241524124146665
B_fixed_G0,T0,44,all,0.02284176587108921,0.024014397178867296,0.02673716211329188,0.13949380076710585,11.318921505297762,0.5999898793062802,0.8605061992328941,0.027843757502455782,0.0,0.128,0.128,-0.1066648054047421,-0.002480966914251405,0.21414968926329722,0.09318505898118022,0.8570125997066498,4.355462980270391
A_native,G0-local,44,AU,0.0735844830337982,0.08928006418901475,0.04754945640811213,0.17979198140471447,0.6457518872143814,0.46627524857261465,0.8202080185952855,0.12435633028252492,0.0,0.21333333333333335,0.21333333333333337,-0.08049407145005631,0.09952010127435895,0.37241795171901587,0.00014363064838107675,0.6530120670795441,1.3441866397857665
A_native,G0-local,44,VA,0.09583431339777321,0.12589144122289767,0.0570380455193201,0.3360278038071027,0.4894748955965042,0.7745746656522419,0.6639721961928973,0.149504445528072,0.0,0.0,0.0,-0.09770609717062521,0.18589796429492628,0.34780627590034274,0.34448258876800536,0.488142728805542,0.5911216318607331
A_native,G0-local,44,expression,0.06049146025570369,0.07005326746083054,0.023970490444526774,0.18591285567308924,17.482718391516393,0.46191711056216167,0.8140871443269108,0.06557173188806184,0.0,0.0,0.0,-0.08528002506809335,0.03509186276169718,0.2999004762417037,0.0037960184272378683,0.5279081016778946,26.205446815490983
A_native,G0-local,44,all,0.07117470217392596,0.08605639939870642,0.04076327442866146,0.19424952696278547,6.810117852864855,0.4895445977756399,0.8057504730372146,0.10509116713277217,0.0,0.128,0.128,-0.08705707649574713,0.06354624177020024,0.3432618274044133,0.00038568301824852845,0.5783117413520813,1.6328674554824834
B_fixed_G0,G0-local,44,AU,0.0735844830337982,0.08928006418901475,0.04754945640811213,0.17979198140471447,0.6457518872143814,0.46627524857261465,0.8202080185952855,0.12435633028252492,0.0,0.21333333333333335,0.21333333333333337,-0.08049407145005631,0.09952010127435895,0.37241795171901587,0.00014363064838107675,0.6530120670795441,1.3441866397857665
B_fixed_G0,G0-local,44,VA,0.09583431339777321,0.12589144122289767,0.0570380455193201,0.3360278038071027,0.4894748955965042,0.7745746656522419,0.6639721961928973,0.149504445528072,0.0,0.0,0.0,-0.09770609717062521,0.18589796429492628,0.34780627590034274,0.34448258876800536,0.488142728805542,0.5911216318607331
B_fixed_G0,G0-local,44,expression,0.06049146025570369,0.07005326746083054,0.023970490444526774,0.18591285567308924,17.482718391516393,0.46191711056216167,0.8140871443269108,0.06557173188806184,0.0,0.0,0.0,-0.08528002506809335,0.03509186276169718,0.2999004762417037,0.0037960184272378683,0.5279081016778946,26.205446815490983
B_fixed_G0,G0-local,44,all,0.07117470217392596,0.08605639939870642,0.04076327442866146,0.19424952696278547,6.810117852864855,0.4895445977756399,0.8057504730372146,0.10509116713277217,0.0,0.128,0.128,-0.08705707649574713,0.06354624177020024,0.3432618274044133,0.00038568301824852845,0.5783117413520813,1.6328674554824834
A_native,G1-shared,44,AU,0.061938452246286885,0.06754454150693524,0.03398161510759621,0.162193610887155,0.5286132592776719,0.4277496820485614,0.837806389112845,0.10363382434200653,0.0,0.20666666666666667,0.20666666666666667,-0.03935612462927096,0.03722896206666561,0.3479228850859178,6.120141333667562e-05,0.4898917078971863,1.0660908460617067
A_native,G1-shared,44,VA,0.06294929352827351,0.10654577756117264,0.08686886759930616,0.39026695702217246,0.5108551815152168,0.7664706912819694,0.6097330429778275,0.1336752093381737,0.0,0.0,0.0,-0.12196382520736844,0.16398433731919082,0.38424602574511246,0.3662914603948593,0.42517322301864624,0.8448583126068115
A_native,G1-shared,44,expression,0.049948713550779754,0.05693352625019819,0.07426901524726084,0.1959011744510672,4.596707370152581,0.5416904012575525,0.8040988255489327,0.06849829426876067,0.0,0.0,0.0,-0.05196810455598711,0.012795692388182244,0.283584888847112,0.022811608761548995,0.7851577997207642,4.335483169555671
A_native,G1-shared,44,all,0.058182603166283535,0.06726911550911836,0.051104563351625686,0.1912258989184083,2.0130532926783276,0.4913083929341112,0.8087741010815916,0.0935424329906991,0.0,0.124,0.124,-0.052371451857965115,0.031087166559539803,0.3468638523816879,0.00019771911611314862,0.537804901599884,1.7776135683059728
B_fixed_G0,G1-shared,44,AU,0.032455106760907536,0.03702009698512557,0.04719919594625678,0.19932272111117855,0.7256109300583761,0.4129595073882537,0.8006772788888216,0.05973810764249984,0.0,0.21333333333333335,0.21333333333333337,-0.05822077464405115,0.01199873776668653,0.23966070441203374,8.96497804205865e-05,0.46059155464172363,1.6114750266075133
B_fixed_G0,G1-shared,44,VA,0.04390746996468827,0.07043853503159012,0.07556951188912926,0.40850238953464146,0.46736760139465333,0.7360636884259275,0.5914976104653588,0.1013008689036126,0.0,0.0,0.0,-0.07979841502847095,0.10512217515794614,0.263320380399355,0.29081064760684966,0.43510738015174866,0.6612107574939728
B_fixed_G0,G1-shared,44,expression,0.030278740054013764,0.03845852396346562,0.06184440349608007,0.20780469428935655,17.091929714093567,0.5305399386837861,0.7921953057106433,0.0467998177767542,0.0,0.0,0.0,-0.052136182743561514,0.011641945382690245,0.17365522318844884,0.02621609475463629,0.7179755866527557,15.592399787902881
B_fixed_G0,G1-shared,44,all,0.03267485847100399,0.040153868661911556,0.05415528763763003,0.21877132600207252,6.707907426157187,0.476433579885838,0.7812286739979274,0.05880320872489711,0.0,0.128,0.128,-0.05822077464405115,0.017705266653887698,0.23469766920920226,0.0003325507015688345,0.5427020192146301,2.5350420236587525
A_native,T0,45,AU,0.08117269056179684,0.08764265985436627,0.04370447625726512,0.1423216623791266,0.7393673824987672,0.5926071236312899,0.8576783376208734,0.11562753431539817,0.0,0.2,0.19999999999999996,-0.06167505855720767,0.05619241737065369,0.3870573604183102,0.023966465791454547,0.7239596247673035,1.3757352113723755
A_native,T0,45,VA,0.10132087609467624,0.1356061961946819,0.03960572966354407,0.22249850447288524,0.731775714457035,0.913089531569591,0.7775014955271148,0.1425893543686796,0.0,0.0,0.0,-0.11959218417979425,0.0993385818834317,0.3792636300329102,0.4821401059627533,0.787164956331253,0.9811462283134461
A_native,T0,45,expression,0.0581121509629408,0.06650202497943711,0.028844514491438718,0.1214694847076327,9.67339078671066,0.6644656349557726,0.8785305152923673,0.0748206506657467,0.0,0.0,0.0,-0.07251672829462227,0.025005262912022628,0.26160381594908655,0.3070763528347015,1.188785433769226,19.19724636077885
A_native,T0,45,all,0.07540517273279326,0.0847147396016142,0.03862138876470299,0.14206311289174925,3.9874130142083892,0.6412404398901885,0.8579368871082508,0.10323974208400505,0.0,0.12,0.12,-0.06794802726898248,0.04511804820667614,0.37039838801728847,0.13688914477825168,0.8791768252849579,2.2067323923110935
B_fixed_G0,T0,45,AU,0.04755138480345351,0.051712943142987744,0.030753503153423976,0.1049698086337206,0.705924164581423,0.612953784830991,0.8950301913662793,0.062121351819778264,0.0,0.14,0.14,-0.07926026223906212,-0.0005772264434049816,0.26519456443561507,0.0008441490877885376,0.8091568946838379,1.2072286128997805
B_fixed_G0,T0,45,VA,0.06754174693824198,0.08403864919842088,0.044955458971318016,0.25521558211130096,0.6376888945698738,0.8803357740779836,0.7447844178886991,0.09875925789830542,0.0,0.0,0.0,-0.016215480251055705,0.12196344635941994,0.2614642135017718,0.4496318757534027,0.619160383939743,0.8461553514003755
B_fixed_G0,T0,45,expression,0.035564556877424346,0.04338081522053143,0.04228024135899848,0.15074966005438833,11.807362915878183,0.6148221650168779,0.8492503399456115,0.06132844388453392,0.0,0.0,0.0,-0.06750502364247836,0.029918741127865665,0.23086926801242133,0.34727439582347874,1.30680650472641,15.579887580871587
B_fixed_G0,T0,45,all,0.04531482883790726,0.051632718692236367,0.03557821584463934,0.13163902296654073,4.578196630535615,0.6349422256302343,0.8683609770334593,0.06504417053921492,0.0,0.084,0.08399999999999996,-0.07078738853043946,0.019692251930601493,0.25235919518918176,0.05455725267529488,0.8329319357872009,2.8363380432128906
A_native,G0-local,45,AU,0.1669466341304006,0.17707747429709764,0.022449871752037668,0.09842256675188357,0.6140409675616294,0.5342352290578114,0.9015774332481166,0.20907968980725544,0.0,0.14,0.14,-0.04691242571923848,0.17055591754897004,0.5947764995644875,6.299299857346343e-05,0.7783746719360352,1.1552517414093018
A_native,G0-local,45,VA,0.17252888740161162,0.23843539006407713,0.05617438584248282,0.2547533414197617,0.5537065908312797,0.834106459665507,0.7452466585802384,0.2802075080401568,0.0,0.0,0.0,0.09269690034986926,0.26637058976131,0.48402003420830786,0.4392957776784897,0.5259684324264526,0.6955006361007691
A_native,G0-local,45,expression,0.0786605989687817,0.09371710417667842,0.028838173822557312,0.16368478366527883,2.9091279965814465,0.48276935705397345,0.8363152163347211,0.10825472285248972,0.0,0.0,0.0,-0.09417926317426042,0.07121894258405523,0.3708596795197651,0.0026182962348684667,0.478994682431221,3.3180974483490235
A_native,G0-local,45,all,0.13914168314037942,0.15531078911992183,0.02719208954183957,0.13181293813760034,1.410548717723107,0.5417558484651989,0.8681870618623997,0.18006903045475223,0.0,0.084,0.08399999999999996,-0.07075182679462487,0.15042658386977278,0.5088319319919914,0.00021330054732970896,0.6178812384605408,1.3489140748977662
B_fixed_G0,G0-local,45,AU,0.1669466341304006,0.17707747429709764,0.022449871752037668,0.09842256675188357,0.6140409675616294,0.5342352290578114,0.9015774332481166,0.20907968980725544,0.0,0.14,0.14,-0.04691242571923848,0.17055591754897004,0.5947764995644875,6.299299857346343e-05,0.7783746719360352,1.1552517414093018
B_fixed_G0,G0-local,45,VA,0.17252888740161162,0.23843539006407713,0.05617438584248282,0.2547533414197617,0.5537065908312797,0.834106459665507,0.7452466585802384,0.2802075080401568,0.0,0.0,0.0,0.09269690034986926,0.26637058976131,0.48402003420830786,0.4392957776784897,0.5259684324264526,0.6955006361007691
B_fixed_G0,G0-local,45,expression,0.0786605989687817,0.09371710417667842,0.028838173822557312,0.16368478366527883,2.9091279965814465,0.48276935705397345,0.8363152163347211,0.10825472285248972,0.0,0.0,0.0,-0.09417926317426042,0.07121894258405523,0.3708596795197651,0.0026182962348684667,0.478994682431221,3.3180974483490235
B_fixed_G0,G0-local,45,all,0.13914168314037942,0.15531078911992183,0.02719208954183957,0.13181293813760034,1.410548717723107,0.5417558484651989,0.8681870618623997,0.18006903045475223,0.0,0.084,0.08399999999999996,-0.07075182679462487,0.15042658386977278,0.5088319319919914,0.00021330054732970896,0.6178812384605408,1.3489140748977662
A_native,G1-shared,45,AU,0.0745664725698154,0.0840768138620751,0.0464203375670632,0.15538092038689985,0.5423786001827362,0.46414475901728347,0.8446190796131,0.11537375770092491,0.0,0.18,0.18000000000000005,-0.03179107900998446,0.06895849911855627,0.3515518023606824,7.129763835109771e-05,0.4871422350406647,1.0746760606765746
A_native,G1-shared,45,VA,0.09039092399323208,0.12577726131325445,0.037227157570546975,0.3033611773028879,0.67635987251997,0.8688811134309038,0.6966388226971121,0.13546271309576782,0.0,0.0,0.0,-0.04438973663483072,0.13342522481586228,0.3636943077219877,0.3611669033765793,0.6536832749843597,0.9316261708736421
A_native,G1-shared,45,expression,0.0457497477492219,0.05464769269434757,0.044994717858387566,0.1928724978537241,2.8609397981643268,0.4939486395342674,0.807127502146276,0.07760437664304276,0.0,0.0,0.0,-0.06872831193829071,0.03640311617649819,0.2714637738818094,0.01170743089169264,0.6676056683063507,9.422159385681157
A_native,G1-shared,45,all,0.06661107674109881,0.07799553088449665,0.045228684860565714,0.1792166457295627,1.3861656911480813,0.506060909135808,0.8207833542704374,0.10362590399359883,0.0,0.108,0.10799999999999998,-0.05590671253634094,0.06895849911855627,0.34046438418524144,0.0003737123392056674,0.6278879046440125,1.5138638973236096
B_fixed_G0,G1-shared,45,AU,0.047220786576122636,0.05316853284442041,0.059438806299119115,0.16341785594607708,0.48781099333584366,0.43779374128659904,0.8365821440539228,0.06977381748047957,0.0,0.14,0.14,-0.05502236875697969,0.028983251335964924,0.23436073704691993,6.930337767698803e-05,0.317335844039917,1.2188424587249755
B_fixed_G0,G1-shared,45,VA,0.056117115231951356,0.0843540586743519,0.05559187476724172,0.34839675375951035,0.5357813745737076,0.7822623257204878,0.6516032462404898,0.10589703386067584,0.0,0.0,0.0,-0.10647800156690922,0.10014704127067021,0.26182090201100244,0.3383892893791199,0.49201805889606476,0.8343122243881226
B_fixed_G0,G1-shared,45,expression,0.02422395970166987,0.028205559400496006,0.07894616456170228,0.21194318637715712,5.057770444987545,0.5568471394009575,0.7880568136228429,0.03833764387721027,0.0,0.0,0.0,-0.07552207091937863,0.004771557971039524,0.20312069222024012,0.01736669419333339,0.6474938094615936,6.526612806320211
B_fixed_G0,G1-shared,45,all,0.04057350826876405,0.047675223408759126,0.06537340642059553,0.19374427350909734,2.088492931138872,0.5034483154379049,0.8062557264909026,0.06194661415883058,0.0,0.084,0.08399999999999996,-0.06876067223003582,0.025302248949474127,0.23160506131557518,0.0002670140296686441,0.5044308304786682,1.6862373590469373
A_native,T0,46,AU,0.10112648626984236,0.10693767661800535,0.016866141898756272,0.13135023663835657,0.8974141023025813,0.5641056141203407,0.8686497633616433,0.16301059984201363,0.0,0.29333333333333333,0.29333333333333333,-0.0033142886350935674,0.0921693618577467,0.3402938050673272,0.09296490624547005,0.975112795829773,1.6053680777549744
A_native,T0,46,VA,0.11263293435154895,0.11643603034492893,0.0032007129771287083,0.056057007785821525,0.8683530807495117,0.9827583240385446,0.9439429922141784,0.1184124067693206,0.0,0.0,0.0,-0.09584545803391013,0.1113583780697073,0.3081658113186116,0.7421627223491669,0.8527829945087433,1.003027993440628
A_native,T0,46,expression,0.06533629541608729,0.0734155198255679,0.00911303330397325,0.16378700713455824,1.7488160565728321,0.7748312505168631,0.8362129928654418,0.08722070393297654,0.0,0.0,0.0,-0.04102332051551174,0.07493933649324636,0.2583864553865637,0.3062887191772461,1.128370463848114,2.1349674224853534
A_native,T0,46,all,0.09059414104317727,0.09697045474257926,0.013291912834695498,0.13570654488893832,1.225234179538303,0.665030034560684,0.8642934551110617,0.12924770889940765,0.0,0.176,0.17600000000000005,-0.023646243789098027,0.08626873219380189,0.32438988632501475,0.2661253362894058,0.9537070095539093,1.7449753880500793
B_fixed_G0,T0,46,AU,0.05420667538757873,0.0576818718015198,0.047672831250004766,0.14861094489647675,0.93108984528623,0.5525761963689909,0.8513890551035233,0.08455219019941479,0.0,0.2,0.19999999999999996,-0.047815791161293066,0.02980009117475071,0.24915034715408643,0.0001923493196954951,0.7928970754146576,1.5298661112785346
B_fixed_G0,T0,46,VA,0.08607008163155938,0.08320008859903186,0.05673602589434853,0.22180179703617423,0.7470987349748611,0.9027830202288175,0.7781982029638258,0.08683360405746103,0.0,0.0,0.0,-0.1003678069500338,0.11053837600380356,0.21025134452960278,0.4430703639984131,0.6934005618095398,1.003027993440628
B_fixed_G0,T0,46,expression,0.04166104144937307,0.04668686340846595,0.017430627873483366,0.13808372698967553,22.940267581562512,0.7084506437960193,0.8619162730103245,0.0562339198475055,0.0,0.0,0.0,-0.046686515696977904,0.015350706123623702,0.21227208211628804,0.18950763642787935,0.942160427570343,3.6519858598709263
B_fixed_G0,T0,46,all,0.052741145026871376,0.05620492645954353,0.038720381741065416,0.15109750333747615,8.91770073935839,0.6304725654544262,0.8489024966625238,0.07446203860399743,0.0,0.12,0.12,-0.05244625239691961,0.02980009117475071,0.2457616332292159,0.03271209187805653,0.8355982601642609,1.7998902916908264
A_native,G0-local,46,AU,0.06562114441391577,0.07909275606238704,0.05844380469200738,0.19243583109817,0.6497189845473107,0.4327987666194759,0.80756416890183,0.11336753521823165,0.0,0.2,0.19999999999999996,-0.050398690632160376,0.07742096562283046,0.3372798260282032,7.438231041305699e-05,0.49573178589344025,1.311793434619904
A_native,G0-local,46,VA,0.0967947548666231,0.11200429673372472,0.05517408198372788,0.2828812897985537,0.6193271547555923,0.8265789104512612,0.7171187102014462,0.13850411278857053,0.0,0.0,0.0,-0.004314606340366287,0.14809858100087703,0.26409551072167053,0.3984504848718643,0.5228106677532196,0.933743214607239
A_native,G0-local,46,expression,0.03848374968474442,0.04448249822558029,0.022518643737580127,0.2035950650898854,8.163372728575268,0.5216181815186646,0.7964049349101145,0.05510411125259126,0.0,0.0,0.0,-0.07455753538133933,0.0031903190100691457,0.2558890975664681,0.005214159330353141,0.5408185720443726,2.364696550369271
A_native,G0-local,46,all,0.059431066936797505,0.0706503968083159,0.04668617536992829,0.2032424226715496,3.3791938160309574,0.49272339089375905,0.7967575773284503,0.09446597900984778,0.0,0.12,0.12,-0.06188210642750616,0.05275740367368428,0.3221969891906933,0.00021913920791121207,0.5089045464992523,1.5545418620109557
B_fixed_G0,G0-local,46,AU,0.06562114441391577,0.07909275606238704,0.05844380469200738,0.19243583109817,0.6497189845473107,0.4327987666194759,0.80756416890183,0.11336753521823165,0.0,0.2,0.19999999999999996,-0.050398690632160376,0.07742096562283046,0.3372798260282032,7.438231041305699e-05,0.49573178589344025,1.311793434619904
B_fixed_G0,G0-local,46,VA,0.0967947548666231,0.11200429673372472,0.05517408198372788,0.2828812897985537,0.6193271547555923,0.8265789104512612,0.7171187102014462,0.13850411278857053,0.0,0.0,0.0,-0.004314606340366287,0.14809858100087703,0.26409551072167053,0.3984504848718643,0.5228106677532196,0.933743214607239
B_fixed_G0,G0-local,46,expression,0.03848374968474442,0.04448249822558029,0.022518643737580127,0.2035950650898854,8.163372728575268,0.5216181815186646,0.7964049349101145,0.05510411125259126,0.0,0.0,0.0,-0.07455753538133933,0.0031903190100691457,0.2558890975664681,0.005214159330353141,0.5408185720443726,2.364696550369271
B_fixed_G0,G0-local,46,all,0.059431066936797505,0.0706503968083159,0.04668617536992829,0.2032424226715496,3.3791938160309574,0.49272339089375905,0.7967575773284503,0.09446597900984778,0.0,0.12,0.12,-0.06188210642750616,0.05275740367368428,0.3221969891906933,0.00021913920791121207,0.5089045464992523,1.5545418620109557
A_native,G1-shared,46,AU,0.04985035174479685,0.05507080204890482,0.040398615054447556,0.16981790550800588,0.8081356507770865,0.4785148629947524,0.8301820944919942,0.09209492792462012,0.0,0.28,0.28,-0.02030408142741494,0.04650963834656653,0.2571084344051808,0.0003056590969208629,0.6838447153568268,1.4046103596687316
A_native,G1-shared,46,VA,0.03161921677020525,0.04621266931265323,0.021243962117626573,0.21440718958417046,0.7700506135821342,0.9270535418292047,0.7855928104158296,0.04586928441733605,0.0,0.0,0.0,-0.11773132159769535,0.04715435892781661,0.21605532799452187,0.5307186663150787,0.747230052947998,0.9775446534156804
A_native,G1-shared,46,expression,0.04106119402160898,0.0558908543716732,0.03463341869283307,0.2613994118229921,30.942464477627073,0.6240506899667739,0.7386005881770078,0.06713788891862106,0.0,0.0,0.0,-0.0462642139766011,0.052393533291311745,0.18513229468973771,0.05807446613907815,0.9724193513393402,15.108301162719728
A_native,G1-shared,46,all,0.04557933047540941,0.054624568173290575,0.03702137998378525,0.20269113025489463,12.394600099835259,0.5609694219325554,0.7973088697451054,0.07805129335430472,0.0,0.168,0.16800000000000004,-0.045905885206602555,0.05109806024270634,0.23387234713278335,0.014073200616985585,0.7555025517940521,1.7765825152397157
B_fixed_G0,G1-shared,46,AU,0.031630839611909774,0.03486472626834452,0.07380493530161385,0.19768182610022028,0.7935557536674802,0.47125794810391086,0.8023181738997797,0.049622627807221625,0.0,0.2,0.19999999999999996,-0.06155483358086972,0.00444515651738089,0.1799658430286551,0.00013643975398736075,0.5059044808149338,1.2190209507942216
B_fixed_G0,G1-shared,46,VA,0.03643208462256335,0.047718064208869454,0.07578487184236614,0.3502029921220021,0.647227980196476,0.8622756615608459,0.6497970078779979,0.051627343012979686,0.0,0.0,0.0,-0.11773132159769535,0.04605689006504908,0.2198978491690219,0.3959516227245331,0.6120617687702179,0.9305640995502472
B_fixed_G0,G1-shared,46,expression,0.02151887134392109,0.0318751789855735,0.05022598929477866,0.23974825832092433,28.674127936427247,0.6225231764871649,0.7602517416790757,0.035495879909619575,0.0,0.0,0.0,-0.047415776207557166,0.014145468241014442,0.15355065771544313,0.057707144320011144,0.7889817953109741,5.558680820465103
B_fixed_G0,G1-shared,46,all,0.028779109367005676,0.03493633817309978,0.06641806750268676,0.22334477769258812,10.918643113446395,0.5509442382631071,0.7766552223074119,0.044667875408617067,0.0,0.12,0.12,-0.06155483358086971,0.01169968853010926,0.1792091593929504,0.00039421409601345667,0.6146783530712128,1.8995506882667532
A_native,T0,47,AU,0.15027759301556515,0.16110735942726861,0.030613567920640142,0.1397977974874325,0.649261348773149,0.598394311899231,0.8602022025125674,0.19333026541163487,0.0,0.15333333333333332,0.15333333333333332,-0.054520989696177115,0.17834734211579173,0.5283587155028963,0.00026337526505813006,0.743130087852478,1.1455511808395387
A_native,T0,47,VA,0.1559839380592584,0.16529344230553764,0.005630774600383905,0.09257922551305052,0.5620793730020524,0.8438569358624501,0.9074207744869496,0.1990925850842932,0.0,0.0,0.0,-0.07985036876414922,0.18840096626080782,0.48954556079895384,0.4356716573238373,0.5608199536800385,0.6615690469741822
A_native,T0,47,expression,0.10753374331123333,0.11052293469672074,0.013923714083764823,0.10490508033899104,2.7842028047016356,0.5794380960696546,0.895094919661009,0.11994660550143052,0.0,0.0,0.0,-0.05699662177563452,0.030096737430133982,0.43147498885549257,0.03645816873759032,0.7028183341026306,14.50074615478516
A_native,T0,47,all,0.13705606871367446,0.14525523014375483,0.023274191227219538,0.1248546422419807,1.3939823926447656,0.611965332750824,0.8751453577580193,0.16797587598712746,0.0,0.092,0.09199999999999997,-0.06250750456125971,0.10883300061491955,0.5210810126881679,0.00768802333623171,0.6895079016685486,1.4003914594650282
B_fixed_G0,T0,47,AU,0.08947580666838609,0.09553661662693573,0.03224400588623169,0.15809818009620946,0.7192972869590704,0.5829774966525124,0.8419018199037905,0.13081065774605824,0.0,0.24,0.24,-0.05723128379439529,0.08538880250141383,0.4278478777993166,0.0004764232144225391,0.8120076954364777,1.1869205713272095
B_fixed_G0,T0,47,VA,0.08364996156673302,0.11117731970819007,0.037294900990380186,0.1550064407869712,0.48979694992303846,0.7742340369097598,0.8449935592130288,0.14646219863901028,0.0,0.0,0.0,-0.04852801637897339,0.1298522920192238,0.3746721215478452,0.4006700426340103,0.46070700883865356,0.6537741363048554
B_fixed_G0,T0,47,expression,0.053420696372122226,0.058933924659085715,0.0236264917763425,0.12204722178670142,43.85716433288762,0.6672127518603682,0.8779527782132985,0.06409366245146886,0.0,0.0,0.0,-0.05773780254163259,0.008623588087362619,0.24968596496409345,0.15955079048871995,0.848972886800766,7.877909469604559
B_fixed_G0,T0,47,all,0.0774721037654494,0.08507501144372406,0.029890472979399032,0.14631453429242783,16.824154095059836,0.625233301539606,0.8536854657075721,0.10733248575676801,0.0,0.144,0.14400000000000002,-0.057776054667717125,0.054139494668095575,0.38571821217467345,0.0806441999971867,0.771541565656662,1.6686226367950443
A_native,G0-local,47,AU,0.14665455580283399,0.1555193818527571,0.031187489870048307,0.17153368509821676,0.5820184536424405,0.4896590817357196,0.8284663149017831,0.20814679127847507,0.0,0.24,0.24,-0.09972173859270012,0.14809937569239107,0.692464728869052,4.1548061562934894e-05,0.6632726788520813,1.0760043859481812
A_native,G0-local,47,VA,0.14528000081806908,0.16890447036883538,0.04000902095067059,0.14489005266685653,0.4400143831968307,0.7218233354026453,0.8551099473331435,0.23619810155304757,0.0,0.0,0.0,0.010256537734274963,0.24961031945105128,0.56109444353427,0.3199083209037781,0.4505378007888794,0.5168713152408602
A_native,G0-local,47,expression,0.08703479035898712,0.09503807781037539,0.017119164608073188,0.11760282174642171,22.59440221743116,0.5354600746923495,0.8823971782535782,0.10853939706059423,0.0,0.0,0.0,-0.07153943471441,0.037731509981314124,0.36211064248121844,0.002284440223593265,0.5820188224315643,2.12235908508301
A_native,G0-local,47,all,0.1274662664620218,0.13723617164048119,0.027391348272666042,0.15214431823113353,8.79767555501714,0.5228885397751952,0.8478556817688666,0.173532000007732,0.0,0.144,0.14400000000000002,-0.08688962023242154,0.1101106798385203,0.5660999145471198,0.00017668102955212817,0.5960926413536072,1.113763070106507
B_fixed_G0,G0-local,47,AU,0.14665455580283399,0.1555193818527571,0.031187489870048307,0.17153368509821676,0.5820184536424405,0.4896590817357196,0.8284663149017831,0.20814679127847507,0.0,0.24,0.24,-0.09972173859270012,0.14809937569239107,0.692464728869052,4.1548061562934894e-05,0.6632726788520813,1.0760043859481812
B_fixed_G0,G0-local,47,VA,0.14528000081806908,0.16890447036883538,0.04000902095067059,0.14489005266685653,0.4400143831968307,0.7218233354026453,0.8551099473331435,0.23619810155304757,0.0,0.0,0.0,0.010256537734274963,0.24961031945105128,0.56109444353427,0.3199083209037781,0.4505378007888794,0.5168713152408602
B_fixed_G0,G0-local,47,expression,0.08703479035898712,0.09503807781037539,0.017119164608073188,0.11760282174642171,22.59440221743116,0.5354600746923495,0.8823971782535782,0.10853939706059423,0.0,0.0,0.0,-0.07153943471441,0.037731509981314124,0.36211064248121844,0.002284440223593265,0.5820188224315643,2.12235908508301
B_fixed_G0,G0-local,47,all,0.1274662664620218,0.13723617164048119,0.027391348272666042,0.15214431823113353,8.79767555501714,0.5228885397751952,0.8478556817688666,0.173532000007732,0.0,0.144,0.14400000000000002,-0.08688962023242154,0.1101106798385203,0.5660999145471198,0.00017668102955212817,0.5960926413536072,1.113763070106507
A_native,G1-shared,47,AU,0.09224173526849562,0.10466047315467214,0.05588116493124004,0.19911646597552404,0.5730259188182117,0.45423430365221124,0.800883534024476,0.13864079286520692,0.0,0.2,0.19999999999999996,-0.061406496887794426,0.12864322640103193,0.3977968993874301,4.940506623825058e-05,0.44602295756340027,1.1629040002822877
A_native,G1-shared,47,VA,0.10095774918762164,0.11666870879627336,0.028856639859922224,0.12783586176509415,0.549000172317028,0.8075843054115657,0.8721641382349059,0.1354781742676439,0.0,0.0,0.0,-0.06929638799468324,0.1545368396102948,0.32344206555718286,0.345025834441185,0.5131461024284363,0.7785001754760743
A_native,G1-shared,47,expression,0.07812788982418306,0.08955210139407596,0.026721142944909227,0.1402575713182263,75.16128841894388,0.4744377535998677,0.8597424286817738,0.10375134414773338,0.0,0.0,0.0,-0.041152847710415455,0.03905006660874587,0.36798873629874623,0.020210309699177746,0.6692782044410706,19.241779136657954
A_native,G1-shared,47,all,0.08842258583984568,0.10078645304260946,0.04438799588990875,0.1745791713483544,27.69384630554562,0.4889674077762098,0.8254208286516457,0.12566620982271082,0.0,0.12,0.12,-0.05329545835972375,0.09701206379413604,0.3693747378171555,0.00015240164502756674,0.5557401478290558,2.159350490570067
B_fixed_G0,G1-shared,47,AU,0.07455278485999656,0.08204917645307272,0.042669915786274805,0.17523163889137963,0.5742342137710981,0.4401342281091926,0.8247683611086203,0.11808319653489037,0.0,0.24,0.24,-0.05372525032361455,0.08969583380881059,0.35888982069051034,6.585176961380058e-05,0.4901674687862396,1.1432727694511415
B_fixed_G0,G1-shared,47,VA,0.08278638110803063,0.09623227098182824,0.034542759154481115,0.1654190305959273,0.4804177418351173,0.7477541955052852,0.8345809694040728,0.13800831970186694,0.0,0.0,0.0,-0.10096019168520766,0.18602893988689295,0.33870615530170634,0.3389100790023804,0.417128786444664,0.6941984057426452
B_fixed_G0,G1-shared,47,expression,0.05580334194820469,0.06334587842777907,0.043102887525412394,0.1632270911767436,36.50287820437516,0.526350455575699,0.8367729088232563,0.07158904622992283,0.0,0.0,0.0,-0.052944524152696334,0.024513435467491893,0.2895884029173756,0.06013418398797512,0.7437897026538849,11.646691513061569
B_fixed_G0,G1-shared,47,all,0.06921165082806588,0.07719876864727919,0.04215829421225534,0.1706051749590599,13.99673510073187,0.49233301829016207,0.8293948250409401,0.1025643668103209,0.0,0.144,0.14400000000000002,-0.05613872665603281,0.0679505921831898,0.3359245853492377,0.00030335774354171006,0.564169317483902,1.6739801406860366
A_native,T0,48,AU,0.13330704516931316,0.15323328149897994,0.0781297409733916,0.260466181382896,0.6235143212151657,0.4489049619844814,0.7395338186171041,0.2435849847514107,0.0,0.2866666666666667,0.2866666666666666,-0.06828627192789902,0.2072361314366383,0.6199512055265096,5.998374108457939e-05,0.690318763256073,1.346292543411255
A_native,T0,48,VA,0.08410202848363799,0.13145039496965452,0.014654933206006578,0.33260703298206795,0.9019857421517372,0.9653265181735161,0.6673929670179319,0.13232496973651453,0.0,0.0,0.0,-0.2737571675698976,0.18358809890236225,0.38323823387902556,0.7155451238155365,0.9497219026088715,1.1120364546775818
A_native,T0,48,expression,0.09260259298774084,0.11342653566970747,0.03256096484698463,0.162524826727912,5.845194224957959,0.65544991512447,0.8374751732720881,0.13029199190265553,0.0,0.0,0.0,-0.09831284493794575,0.04874943051091458,0.5168546649165244,0.05961345247924328,1.0089210271835327,4.108856153488174
A_native,T0,48,all,0.116345219136356,0.1387524919112667,0.05846974799155056,0.23489621602123487,2.6684603150226773,0.5563130714844006,0.7651037839787651,0.189050493310839,0.0,0.172,0.17200000000000004,-0.09762612830912729,0.16026230388499837,0.5568118838620594,0.00012378047103993596,0.8130534291267395,1.7220258474349976
B_fixed_G0,T0,48,AU,0.11397419993734602,0.13072081387442552,0.06874061757643869,0.26013686764543875,0.654512783073524,0.45230850511192455,0.7398631323545612,0.2048253557831605,0.0,0.28,0.28,-0.09159051278990757,0.15320967554096998,0.6209304357494085,8.30158853204921e-05,0.6579083502292633,1.400077688694
B_fixed_G0,T0,48,VA,0.05411215181965651,0.0759229911675547,0.02747781354123082,0.37198323039780445,0.8244721621274949,0.9150925702187507,0.6280167696021955,0.07667857136115233,0.0,0.0,0.0,-0.16888838202738402,0.11263487910080447,0.300204882437263,0.4551087558269501,0.8210071623325348,1.1120364546775818
B_fixed_G0,T0,48,expression,0.07609959372267074,0.09133421223518837,0.033921869109637445,0.16147837809832716,9.928418996099207,0.5917392024674546,0.838521621901673,0.11029972345962955,0.0,0.0,0.0,-0.1013294267806109,0.04874943051091458,0.4023589297620866,0.19141708314418796,1.10293710231781,20.800580596923872
B_fixed_G0,T0,48,all,0.09706536209923476,0.11373327553331997,0.05429759374424568,0.23751386001055233,4.237742036069362,0.5339490534742402,0.7624861399894478,0.15614753715660934,0.0,0.168,0.16800000000000004,-0.1020437310434564,0.11263487910080447,0.5481654047956723,0.00022735289094271145,0.8295531868934631,2.6563086271286016
A_native,G0-local,48,AU,0.12952384269011422,0.14784980117900787,0.07555264152038786,0.27161037453659975,0.5145848880315834,0.38592211853189146,0.7283896254634002,0.24026636154069317,0.0,0.28,0.28,-0.16302077787984381,0.2651869674733638,0.6417043970281654,1.8757509678835053e-05,0.4580826014280319,1.1484433889389039
A_native,G0-local,48,VA,0.05424510062781955,0.08191719340774198,0.030384123992539792,0.41578903342412515,0.6885864228010178,0.8942335565217399,0.5842109665758748,0.09180834736726938,0.0,0.0,0.0,-0.1375324105962813,0.15542668691646105,0.3564411472476211,0.4879806995391846,0.6767351627349854,0.857207077741623
A_native,G0-local,48,expression,0.07420699175283203,0.0894922685282227,0.028068674663807698,0.1955641408138853,3.3802932141572457,0.5256976254791693,0.8044358591861147,0.11583594212888829,0.0,0.0,0.0,-0.1667332600098435,0.08664817152777099,0.45499807310261076,0.03221926726400852,0.6736466586589813,2.2325456619262716
A_native,G0-local,48,all,0.10580015102520036,0.12390078210905534,0.05674429072405436,0.25880987245633313,1.6335113148846683,0.4713151957942083,0.7411901275436669,0.17813369886563132,0.0,0.168,0.16800000000000004,-0.1630207778798438,0.17264392329245232,0.5392456651818383,4.158285482844804e-05,0.6240219473838806,1.3897693514823921
B_fixed_G0,G0-local,48,AU,0.12952384269011422,0.14784980117900787,0.07555264152038786,0.27161037453659975,0.5145848880315834,0.38592211853189146,0.7283896254634002,0.24026636154069317,0.0,0.28,0.28,-0.16302077787984381,0.2651869674733638,0.6417043970281654,1.8757509678835053e-05,0.4580826014280319,1.1484433889389039
B_fixed_G0,G0-local,48,VA,0.05424510062781955,0.08191719340774198,0.030384123992539792,0.41578903342412515,0.6885864228010178,0.8942335565217399,0.5842109665758748,0.09180834736726938,0.0,0.0,0.0,-0.1375324105962813,0.15542668691646105,0.3564411472476211,0.4879806995391846,0.6767351627349854,0.857207077741623
B_fixed_G0,G0-local,48,expression,0.07420699175283203,0.0894922685282227,0.028068674663807698,0.1955641408138853,3.3802932141572457,0.5256976254791693,0.8044358591861147,0.11583594212888829,0.0,0.0,0.0,-0.1667332600098435,0.08664817152777099,0.45499807310261076,0.03221926726400852,0.6736466586589813,2.2325456619262716
B_fixed_G0,G0-local,48,all,0.10580015102520036,0.12390078210905534,0.05674429072405436,0.25880987245633313,1.6335113148846683,0.4713151957942083,0.7411901275436669,0.17813369886563132,0.0,0.168,0.16800000000000004,-0.1630207778798438,0.17264392329245232,0.5392456651818383,4.158285482844804e-05,0.6240219473838806,1.3897693514823921
A_native,G1-shared,48,AU,0.06012537901234642,0.06927780159298198,0.06458793895170617,0.26908305579191355,0.35442644008186497,0.2779512246843237,0.7309169442080865,0.14047479331479426,0.0,0.3,0.30000000000000004,-0.16142289829123513,0.09897020674742324,0.4718981251121834,2.349551214138046e-05,0.06489013880491257,1.0227390050888066
A_native,G1-shared,48,VA,0.010468151579616513,0.02419817957831209,0.032744305301502005,0.39909283145124047,0.7133469983935357,0.9207263229966195,0.6009071685487595,0.019213953739646926,0.0,0.0,0.0,-0.283252188064741,0.06164695879008665,0.31455410125325545,0.5545254349708557,0.6990399658679962,0.8844742953777314
A_native,G1-shared,48,expression,0.06769817175411347,0.08211751647680941,0.04193140087206257,0.20066943989304664,26.36451548195,0.5041584083420645,0.7993305601069534,0.11989125113892345,0.0,0.0,0.0,-0.06701588644855963,0.07579655107420688,0.3758906894492017,0.04715415015816689,0.6749673187732697,32.08886775970462
A_native,G1-shared,48,all,0.058576094495093475,0.06978014059463317,0.054790356074203884,0.25759148075702226,10.539721730402277,0.4017595313197845,0.7424085192429777,0.12061186567785469,0.0,0.18,0.18000000000000005,-0.16142289829123513,0.08336864773153735,0.43431630405310945,4.015263330074959e-05,0.4409835636615753,1.9450350999832153
B_fixed_G0,G1-shared,48,AU,0.04322731194393617,0.05409787352857672,0.0693701909980238,0.2658704488400038,0.3410406040340269,0.2684303860922888,0.7341295511599962,0.16650350626866792,0.0,0.28,0.28,-0.12197259323515613,0.11528538609661196,0.5268375073092947,2.0976628547941804e-05,0.03085656836628914,0.9428259849548339
B_fixed_G0,G1-shared,48,VA,-0.009466887493430543,-0.011177678749202603,0.032871341365452354,0.41177395277174905,0.6401410669088363,0.865627366018562,0.5882260472282509,-0.023285417802366017,0.0,0.0,0.0,-0.2833627023932875,0.045739963287947244,0.23386658825137072,0.42597919404506684,0.5829914808273315,0.8672843039035797
B_fixed_G0,G1-shared,48,expression,0.03675234744787139,0.04909891506164581,0.052464520136349245,0.21637154128795077,8.834713258412375,0.5063952521687117,0.7836284587120492,0.08102113178947445,0.0,0.0,0.0,-0.10420663886898984,0.044598768642801954,0.28354688943848516,0.035104095190763476,0.6888455450534821,22.625617980957088
B_fixed_G0,G1-shared,48,all,0.0369397873502061,0.04727616263693649,0.061040468351682226,0.26170307873788645,3.636597438686739,0.392354901630846,0.7382969212621135,0.1153767349236864,0.0,0.168,0.16800000000000004,-0.14453713856780498,0.0763641856157759,0.43190890174528435,3.523962368490175e-05,0.4201223999261856,1.81445006132126
A_native,T0,49,AU,0.09807377127222378,0.11801256554160508,0.07874683310301377,0.2663962472303299,1.0212024880350874,0.4545826269694904,0.7336037527696702,0.1824206975112322,0.0,0.3333333333333333,0.33333333333333337,-0.04942909335085311,0.16905413371091915,0.44720109305761635,0.003375439103547252,1.0587206482887268,1.8130389213562084
A_native,T0,49,VA,0.07963040431308488,0.12632154787191668,0.021086865247361614,0.25653272926005244,0.9533142983913422,0.969970264307619,0.7434672707399477,0.12951459045078934,0.0,0.0,0.0,-0.06655399550882964,0.1404190126380096,0.36294256672884134,0.6488406121730804,0.9344362318515778,1.2424656867980957
A_native,T0,49,expression,0.04647132845420335,0.05187517876757288,0.010967185273414925,0.143527118294546,34.401447419989566,0.5295562310604145,0.856472881705454,0.06502312603313601,0.0,0.0,0.0,-0.061127084862038564,-0.0001258454158077711,0.2534263561187424,0.019024263694882394,0.8903783559799194,156.75587615966805
A_native,T0,49,all,0.08008552021372613,0.09751332036033969,0.052444548369089974,0.22628904453325685,14.366511641852503,0.5198051912656363,0.7737109554667432,0.13017105821394945,0.0,0.2,0.19999999999999996,-0.06154140943751602,0.12110165078108187,0.40125218208085883,0.013445002306252722,0.9357116520404816,3.393039417266845
B_fixed_G0,T0,49,AU,0.045337754113669436,0.05539046113197069,0.08304037772584454,0.2554286665341154,0.9310852137645674,0.4129525195284024,0.7445713334658846,0.08466155892084719,0.0,0.34,0.33999999999999997,-0.12671779803647928,0.023089759289120788,0.4259056061001149,0.00010515626199776308,0.7698865532875061,1.9192962169647236
B_fixed_G0,T0,49,VA,0.10466901938609532,0.1308544618401289,0.00986228479303251,0.1591979798839344,1.186319848895073,0.9088735153773001,0.8408020201160656,0.14403861455144024,0.0,0.0,0.0,-0.08161501247037517,0.17092947969962174,0.34069777062510576,0.6095683336257934,1.004542976617813,1.8294152140617381
B_fixed_G0,T0,49,expression,0.04420463276689947,0.0578832616478309,0.023001332177960458,0.1748495683022489,24.7436332108693,0.5037651343507366,0.8251504316977512,0.07635683710368077,0.0,0.0,0.0,-0.04028170174128504,0.013008565493462108,0.2821964556085493,0.014021973591297867,1.1187394261360168,61.33721618652348
B_fixed_G0,T0,49,all,0.04972165650449712,0.06222527735369861,0.05797363571589668,0.2219449001679036,10.529620552814762,0.4816862359394611,0.7780550998320964,0.087290520565262,0.0,0.204,0.20399999999999996,-0.0888333792698107,0.03127724188991815,0.3382509145085092,0.003466059360653163,0.900852620601654,5.4013125419617
A_native,G0-local,49,AU,0.038070268583472275,0.05670034176919672,0.12370464446066218,0.321191111845707,0.74615087104487,0.3904591535753636,0.678808888154293,0.0920224675506571,0.0,0.34,0.33999999999999997,-0.11186830780880753,0.0857917757984345,0.3026277460323698,3.299402160337195e-05,0.7216969728469849,1.4941272258758547
A_native,G0-local,49,VA,0.08900186694758974,0.10268162830274616,0.005955675045830675,0.11720820893420705,1.1320245072245598,0.8864306411773579,0.8827917910657931,0.12204086983278868,0.0,0.0,0.0,-0.03939118326079934,0.08266154133791803,0.3592552591364168,0.526735070347786,1.0718879699707031,2.1787209272384653
A_native,G0-local,49,expression,0.017599904554765178,0.029395450638402987,0.03949542883278691,0.18609618089774976,15.787357473115298,0.42445649092716786,0.8139038191022504,0.018567274059596458,0.0,0.0,0.0,-0.09196291798970212,0.006322080283199996,0.1747274447475264,0.000649428489850834,0.6810997426509857,9.964567661285445
A_native,G0-local,49,all,0.0355942799634154,0.05164127953002668,0.08733777790655557,0.26164210170944074,6.8316483629505385,0.44101602053610056,0.7383578982905592,0.0655096663765756,0.0,0.204,0.20399999999999996,-0.09494212241418187,0.042248068380687336,0.27874146031530395,8.23020047391765e-05,0.7459205389022827,2.3100227832794205
B_fixed_G0,G0-local,49,AU,0.038070268583472275,0.05670034176919672,0.12370464446066218,0.321191111845707,0.74615087104487,0.3904591535753636,0.678808888154293,0.0920224675506571,0.0,0.34,0.33999999999999997,-0.11186830780880753,0.0857917757984345,0.3026277460323698,3.299402160337195e-05,0.7216969728469849,1.4941272258758547
B_fixed_G0,G0-local,49,VA,0.08900186694758974,0.10268162830274616,0.005955675045830675,0.11720820893420705,1.1320245072245598,0.8864306411773579,0.8827917910657931,0.12204086983278868,0.0,0.0,0.0,-0.03939118326079934,0.08266154133791803,0.3592552591364168,0.526735070347786,1.0718879699707031,2.1787209272384653
B_fixed_G0,G0-local,49,expression,0.017599904554765178,0.029395450638402987,0.03949542883278691,0.18609618089774976,15.787357473115298,0.42445649092716786,0.8139038191022504,0.018567274059596458,0.0,0.0,0.0,-0.09196291798970212,0.006322080283199996,0.1747274447475264,0.000649428489850834,0.6810997426509857,9.964567661285445
B_fixed_G0,G0-local,49,all,0.0355942799634154,0.05164127953002668,0.08733777790655557,0.26164210170944074,6.8316483629505385,0.44101602053610056,0.7383578982905592,0.0655096663765756,0.0,0.204,0.20399999999999996,-0.09494212241418187,0.042248068380687336,0.27874146031530395,8.23020047391765e-05,0.7459205389022827,2.3100227832794205
A_native,G1-shared,49,AU,0.07413632125925922,0.08795017068242254,0.07336940856775612,0.2675909762236403,0.6046444409889368,0.3552218054246364,0.7324090237763596,0.1306581053069184,0.0,0.32666666666666666,0.32666666666666666,-0.12856887161167047,0.11042881826702002,0.41635120110352414,3.394436862436123e-05,0.4757848381996155,1.3998870849609375
A_native,G1-shared,49,VA,0.049549195092889686,0.09978032889174766,0.04560077913562519,0.415652395731993,0.7512338191270829,0.9329167800772341,0.584347604268007,0.10864343230193955,0.0,0.0,0.0,-0.062298345233753286,0.10049971737866727,0.2756843834134626,0.5790557622909546,0.7194030582904816,0.9730606257915497
A_native,G1-shared,49,expression,0.03451862018015638,0.049591440923355934,0.07609635101968089,0.23887730638232205,18.69711281209111,0.39219210210247196,0.7611226936176779,0.053077064115278204,0.0,0.0,0.0,-0.06528081522443419,0.0010439911616728819,0.26016189415964713,0.004745565401390195,0.40923450887203217,7.967200088500991
A_native,G1-shared,49,all,0.05949168682063675,0.07662178981626724,0.07202053979780157,0.27024751543508674,7.820212885023448,0.41326789833375155,0.7297524845649133,0.09758956423512341,0.0,0.196,0.19599999999999995,-0.08772740073874528,0.061011675923451844,0.34726715610068,6.21125363977626e-05,0.5778236985206604,2.0416386127471924
B_fixed_G0,G1-shared,49,AU,0.03638017497939433,0.04565944223092443,0.0674986396107542,0.24591879117793933,0.537967036775369,0.29546844396018646,0.7540812088220606,0.10569513402053825,0.0,0.34,0.33999999999999997,-0.13934136054719726,0.062285959410248504,0.37285322512756236,3.5477031633490694e-05,0.22057798504829407,1.223077702522278
B_fixed_G0,G1-shared,49,VA,0.06651441977011871,0.10487129548332412,0.019466661860111933,0.3479755911543398,0.9232469722628593,0.8761892939483633,0.6520244088456602,0.1221458032800556,0.0,0.0,0.0,-0.06084895969590341,0.09973931972494074,0.2652111423726999,0.475937208533287,0.7038437724113464,1.549791252613068
B_fixed_G0,G1-shared,49,expression,0.020286007156798718,0.032526387161440726,0.06075672114951919,0.23535138982062423,22.59326317224186,0.3636457159078352,0.7646486101793759,0.04892491227809839,0.0,0.0,0.0,-0.05402902400895773,0.0010439911616728819,0.2621043135230889,0.0035784645704552533,0.439990371465683,27.51907920837408
B_fixed_G0,G1-shared,49,all,0.03364078085942169,0.04619381286888162,0.061498667483107616,0.2507017667417105,9.443139346057123,0.36374283898248827,0.7492982332582895,0.08452626791900636,0.0,0.204,0.20399999999999996,-0.08698631016240824,0.04282776381236064,0.2943358860193364,6.354592769639567e-05,0.4401048421859741,2.65380129814148
A_native,T0,50,AU,0.07637644328234737,0.08495933337789632,0.06202020077827842,0.17477701779720278,0.6855502494718465,0.47858678351610345,0.8252229822027971,0.11426843659624945,0.0,0.18666666666666668,0.18666666666666665,-0.11699745959607337,0.0700907046955572,0.4428965943629721,5.5452423839597036e-05,0.6339552700519562,1.3956533074378967
A_native,T0,50,VA,0.15968680805003097,0.19826935429544185,0.07549502133631748,0.3059409614217776,0.691319377720356,0.8740553920634371,0.6940590385782224,0.23992876167283797,0.0,0.0,0.0,0.07889454560807412,0.23621584593589517,0.3850752075329509,0.3944415271282196,0.6853910088539124,0.9845993161201477
A_native,T0,50,expression,0.033861973600347976,0.0387194688456592,0.07106780855378089,0.23868632070413137,6.236865642936027,0.5069291656296335,0.7613136792958686,0.047082747625160105,0.0,0.0,0.0,-0.20364373373835593,0.06128791074544154,0.2782704043429175,0.05664910040795804,1.0869178771972656,13.614729881286634
A_native,T0,50,all,0.06943664216552224,0.0792273784009841,0.06599342091108236,0.2057211102173859,2.6865440064182637,0.5192938344762198,0.7942788897826141,0.10137812751446848,0.0,0.112,0.11199999999999999,-0.1373960464700134,0.08168612845598816,0.38901891101227537,9.016542826429942e-05,0.789394736289978,5.323911666870122
B_fixed_G0,T0,50,AU,0.034089768845360996,0.04884124544611942,0.06285556005262885,0.21022659874706837,0.9602457808620783,0.48434274323838084,0.7897734012529315,0.06958109757439021,0.0,0.2,0.19999999999999996,-0.08577675008164748,0.03514278011315554,0.2630937665236587,9.582529528415762e-05,0.7243906259536743,1.9634023904800417
B_fixed_G0,T0,50,VA,0.03297343458960568,0.03695123572849085,0.03492953999928731,0.45764944142555775,0.8591497838497162,0.9479711124042373,0.5423505585744423,0.04271129068329382,0.0,0.0,0.0,-0.1271772896864225,0.03502923739937616,0.23221461665332693,0.5556774497032165,0.8460986912250519,1.1657674431800842
B_fixed_G0,T0,50,expression,0.030133663731054722,0.03624938472713767,0.027048855337330435,0.1551404556593135,6.655188768162043,0.5723928642392442,0.8448595443406864,0.05122841232806408,0.0,0.0,0.0,-0.06843087866250377,0.005106989508342208,0.23188931939130566,0.08532491251826287,0.8294319212436676,14.6704796791077
B_fixed_G0,T0,50,all,0.03273450846832257,0.043860649238634974,0.049163332939466044,0.212392860373266,3.0219435946973054,0.5496090514919256,0.787607139626734,0.06046468413108104,0.0,0.12,0.12,-0.08789207723488233,0.025651801326582985,0.2518414906693758,0.00013603339320980012,0.794690877199173,4.381199789047237
A_native,G0-local,50,AU,0.1374579752816101,0.16509770582641187,0.05757269887479988,0.21175257880227508,0.9444353652146219,0.4298087926887257,0.788247421197725,0.22781275533302567,0.0,0.2,0.19999999999999996,-0.05333572006081102,0.19904521357019828,0.5122445210164238,3.921796633221675e-05,0.6706670522689819,1.7842029809951785
A_native,G0-local,50,VA,0.10804633339611999,0.2002205413895652,0.020488743068678476,0.37220965395235855,0.788495959341526,0.8871536066959953,0.6277903460476415,0.22519082242352803,0.0,0.0,0.0,0.03592809959795819,0.22636749444841014,0.4506017300787596,0.4624894022941589,0.629055917263031,1.1815370917320254
A_native,G0-local,50,expression,0.08902581727217304,0.1104734289651594,0.03158897405285258,0.17171116598402564,2.589917776412585,0.43161144372126137,0.8282888340159744,0.12640092643678574,0.0,0.0,0.0,-0.09960258919268523,0.05775746740615312,0.49640329337804806,0.002160742855630815,0.6045452356338501,8.28694696426392
A_native,G0-local,50,all,0.11960675336775103,0.15042776407586333,0.04629119046728703,0.21177589271244196,1.5286162960254182,0.46697322613971876,0.788224107287558,0.19069736910625684,0.0,0.12,0.12,-0.06704622963358794,0.1343519196991147,0.5030015825849212,5.4938933681114575e-05,0.6625019013881683,4.701394176483154
B_fixed_G0,G0-local,50,AU,0.1374579752816101,0.16509770582641187,0.05757269887479988,0.21175257880227508,0.9444353652146219,0.4298087926887257,0.788247421197725,0.22781275533302567,0.0,0.2,0.19999999999999996,-0.05333572006081102,0.19904521357019828,0.5122445210164238,3.921796633221675e-05,0.6706670522689819,1.7842029809951785
B_fixed_G0,G0-local,50,VA,0.10804633339611999,0.2002205413895652,0.020488743068678476,0.37220965395235855,0.788495959341526,0.8871536066959953,0.6277903460476415,0.22519082242352803,0.0,0.0,0.0,0.03592809959795819,0.22636749444841014,0.4506017300787596,0.4624894022941589,0.629055917263031,1.1815370917320254
B_fixed_G0,G0-local,50,expression,0.08902581727217304,0.1104734289651594,0.03158897405285258,0.17171116598402564,2.589917776412585,0.43161144372126137,0.8282888340159744,0.12640092643678574,0.0,0.0,0.0,-0.09960258919268523,0.05775746740615312,0.49640329337804806,0.002160742855630815,0.6045452356338501,8.28694696426392
B_fixed_G0,G0-local,50,all,0.11960675336775103,0.15042776407586333,0.04629119046728703,0.21177589271244196,1.5286162960254182,0.46697322613971876,0.788224107287558,0.19069736910625684,0.0,0.12,0.12,-0.06704622963358794,0.1343519196991147,0.5030015825849212,5.4938933681114575e-05,0.6625019013881683,4.701394176483154
A_native,G1-shared,50,AU,0.06382886701648006,0.0729983246944462,0.0712213738308096,0.21337427405127238,0.4593850866067282,0.3579521323387128,0.7866257259487276,0.13326886946880256,0.0,0.24,0.24,-0.06272154596382802,0.08978423799777227,0.41037743466965143,3.650672770163511e-05,0.21458138525485992,1.2775783181190492
A_native,G1-shared,50,VA,0.0864482848570457,0.144033473637398,0.049244814184292066,0.3487540295207977,0.6455285765230656,0.8268272181705745,0.6512459704792023,0.18984320214301206,0.0,0.0,0.0,0.017009350673865893,0.24011792824667877,0.32362327912034355,0.24478037804365158,0.5988949537277222,0.9772199749946595
A_native,G1-shared,50,expression,0.048606566680391275,0.053705744404036304,0.04722617854547421,0.1875859261985525,7.171240484235204,0.43509565838503284,0.8124140738014475,0.0915379763005559,0.0,0.0,0.0,-0.10467603061677867,0.03644086908679187,0.33073229891058553,0.004154460690915585,0.8356460630893707,11.376585865020758
A_native,G1-shared,50,all,0.0607672843361769,0.07250751091695118,0.061784786567780886,0.21595238317596405,2.985886495992732,0.42014806754008416,0.7840476168240359,0.12295585638480469,0.0,0.144,0.14400000000000002,-0.0801635287518975,0.08978423799777227,0.38835104829545786,6.97658586432226e-05,0.5037907660007477,4.215483856201177
B_fixed_G0,G1-shared,50,AU,0.039733484418736066,0.05084691370749977,0.05927087506707525,0.19510612158816276,0.48723315392776384,0.3718020705751358,0.8048938784118372,0.09228717255992697,0.0,0.2,0.19999999999999996,-0.058134358597103655,0.05387961083130374,0.2880955777464576,5.120208843436558e-05,0.23047979921102524,1.2182580232620246
B_fixed_G0,G1-shared,50,VA,0.05270926987100988,0.06412586719025806,0.02313049919484728,0.3286957372077858,0.7052044183015823,0.8809894840866586,0.6713042627922142,0.07974911343389748,0.0,0.0,0.0,-0.09902556218201097,0.12029657542596378,0.2142826140401751,0.43776061236858366,0.6601033210754395,1.1264153361320495
B_fixed_G0,G1-shared,50,expression,0.05806078198484588,0.06736547212355351,0.021856846334214815,0.12485445752097864,5.248331064494778,0.511443518150149,0.8751455424790215,0.09114426211865045,0.0,0.0,0.0,-0.044596016335972426,0.011704201605044413,0.3285159924130762,0.04979817662388088,0.5871281325817108,9.049172401428224
B_fixed_G0,G1-shared,50,all,0.04663628247607311,0.057195168679257634,0.04440715580278166,0.18331275833623367,2.2383570545315705,0.4572223268800618,0.8166872416637664,0.09073174520618736,0.0,0.12,0.12,-0.06086896339427456,0.04234553688010123,0.2947415436022214,8.274133069789969e-05,0.4910675287246704,1.624585175514221
A_native,T0,51,AU,0.12367431632798917,0.13800660460866118,0.04069499644191658,0.21185043468267273,0.7640445317954304,0.5156517970756024,0.7881495653173272,0.2002440827261711,0.0,0.26666666666666666,0.2666666666666667,-0.04335003420041024,0.17208216545838995,0.5180267482497319,0.0005800476967124269,0.8382532000541687,1.5779587745666508
A_native,T0,51,VA,0.1185818114883107,0.18750897360333738,0.037961420311100245,0.3610916134465286,0.9290974691510201,0.952230897376106,0.6389083865534715,0.19492919528168778,0.0,0.0,0.0,-0.2696881733707906,0.1690319592741471,0.6061743807368164,0.650212162733078,0.8774459958076477,1.3131859779357913
A_native,T0,51,expression,0.0713249014588226,0.0774941243093116,0.03353835109207983,0.169537452119379,26.368824062649946,0.4860464748213375,0.830462547880621,0.07360799584576348,0.0,0.0,0.0,-0.12666724727739687,0.0010217110419810148,0.3574644118338748,0.21035454422235492,1.2912283539772034,51.07839889526372
A_native,T0,51,all,0.10651510318268159,0.1226028004324434,0.038186183839503514,0.21024957456352722,10.533965585202445,0.541104421978278,0.7897504254364727,0.15149558415796982,0.0,0.16,0.16000000000000003,-0.11455128037409414,0.10941371392965754,0.49312225584246394,0.01591290924698115,0.9127295613288879,16.43575363159178
B_fixed_G0,T0,51,AU,0.09863342413581824,0.11157891869565442,0.047190475769987736,0.2273102069596194,0.9164518762371517,0.4620758290870295,0.7726897930403805,0.18095512021786064,0.0,0.3333333333333333,0.33333333333333337,-0.0752875098732239,0.14530095555951528,0.5121269076564557,0.0005800476967124269,0.8614346385002136,2.0378248453140264
B_fixed_G0,T0,51,VA,0.1074978330401587,0.18552847001772682,0.03346087124800914,0.35595004458730095,1.3434628710150718,0.8789306641681668,0.6440499554126992,0.19688233376898545,0.0,0.0,0.0,-0.06830075596984517,0.14372240513543852,0.5339416967596625,0.6054998099803924,0.8774459958076477,1.9645013093948382
B_fixed_G0,T0,51,expression,0.06135374013955284,0.06830138904188468,0.036154558664549405,0.16505729025702073,30.871283347326973,0.48725303303387013,0.8349427097429792,0.07598747378786345,0.0,0.0,0.0,-0.12413906307752871,0.014131045537068945,0.3574644118338748,0.14849537909030916,1.7383148074150085,60.955186462402395
B_fixed_G0,T0,51,all,0.08741307796936056,0.1036460733122139,0.04256061393448918,0.21768046062500238,12.941085564150871,0.5034809211565094,0.7823195393749977,0.14056078300097424,0.0,0.2,0.19999999999999996,-0.10233455719529515,0.09665335521190827,0.47542621842859445,0.024746946059167402,0.955013245344162,15.054596519470207
A_native,G0-local,51,AU,0.10340218230125285,0.11530820520038172,0.04690183184524243,0.23574681935189024,0.6885835886961195,0.39756774895147323,0.7642531806481098,0.17946267564869264,0.0,0.3333333333333333,0.33333333333333337,-0.12740998340405568,0.1389974107716337,0.5474674955182108,4.375956596049946e-05,0.7248248755931854,1.5498612403869643
A_native,G0-local,51,VA,0.030111449138665213,0.027802069385898482,0.027572533346165152,0.3736303902852571,1.1800254806876183,0.8740973160715537,0.6263696097147429,0.03531532297782595,0.0,0.0,0.0,-0.4494269410936089,0.08412295633633443,0.4333421476143529,0.4677495211362839,0.8808048665523529,1.6355066418647781
A_native,G0-local,51,expression,0.04064197430562641,0.04902521445105605,0.04069028732212657,0.23713415810592386,25.133069750390632,0.41684147762126267,0.7628658418940761,0.05776133561580499,0.0,0.0,0.0,-0.18598363795522516,0.02462202603292826,0.34562368185161857,0.03738713739439846,0.819914847612381,54.88710632324225
A_native,G0-local,51,all,0.07745565708964539,0.08709715729543885,0.04336779371791917,0.24722145342785035,10.515522242573075,0.4418577074954123,0.7527785465721497,0.11636740436845089,0.0,0.2,0.19999999999999996,-0.1835023789316196,0.09294599536359127,0.4773346734527442,0.00020779137994395575,0.7775430083274841,3.2804501295089707
B_fixed_G0,G0-local,51,AU,0.10340218230125285,0.11530820520038172,0.04690183184524243,0.23574681935189024,0.6885835886961195,0.39756774895147323,0.7642531806481098,0.17946267564869264,0.0,0.3333333333333333,0.33333333333333337,-0.12740998340405568,0.1389974107716337,0.5474674955182108,4.375956596049946e-05,0.7248248755931854,1.5498612403869643
B_fixed_G0,G0-local,51,VA,0.030111449138665213,0.027802069385898482,0.027572533346165152,0.3736303902852571,1.1800254806876183,0.8740973160715537,0.6263696097147429,0.03531532297782595,0.0,0.0,0.0,-0.4494269410936089,0.08412295633633443,0.4333421476143529,0.4677495211362839,0.8808048665523529,1.6355066418647781
B_fixed_G0,G0-local,51,expression,0.04064197430562641,0.04902521445105605,0.04069028732212657,0.23713415810592386,25.133069750390632,0.41684147762126267,0.7628658418940761,0.05776133561580499,0.0,0.0,0.0,-0.18598363795522516,0.02462202603292826,0.34562368185161857,0.03738713739439846,0.819914847612381,54.88710632324225
B_fixed_G0,G0-local,51,all,0.07745565708964539,0.08709715729543885,0.04336779371791917,0.24722145342785035,10.515522242573075,0.4418577074954123,0.7527785465721497,0.11636740436845089,0.0,0.2,0.19999999999999996,-0.1835023789316196,0.09294599536359127,0.4773346734527442,0.00020779137994395575,0.7775430083274841,3.2804501295089707
A_native,G1-shared,51,AU,0.08833773510785856,0.10338691395341361,0.07770959251411388,0.2815598255836157,0.6199385726309983,0.43975213014061787,0.7184401744163843,0.15983702909248126,0.0,0.28,0.28,-0.04337923314751214,0.13122202775713931,0.46925810306131,5.8590653861756446e-05,0.570989578962326,1.3628818154335016
A_native,G1-shared,51,VA,-0.005636400723679132,0.02122375963732691,0.05405270693886176,0.44641482638205854,0.7362205311655998,0.878870309872241,0.5535851736179416,0.026767947823111267,0.0,0.0,0.0,-0.3402690777204303,0.019492181809530197,0.34768858282731907,0.4425419896841049,0.650528222322464,1.3625927329063416
A_native,G1-shared,51,expression,0.05625704512246532,0.07087186662177788,0.06909618012149085,0.23201108148438282,22.122922151286183,0.41622270866804323,0.7679889185156172,0.08054805743810174,0.0,0.0,0.0,-0.08075725060526252,0.023763910829692456,0.31169281304280244,0.017308429256081583,0.7672239542007446,44.22433967590334
A_native,G1-shared,51,all,0.07055398344600972,0.08640904646200323,0.07306074970245434,0.27889262753573657,8.901497829665166,0.4673521696479238,0.7211073724642635,0.11654616679566508,0.0,0.168,0.16800000000000004,-0.09170582766246063,0.08841663764926537,0.3957294456436319,0.0004467183025553825,0.6041750013828278,3.4891004323959414
B_fixed_G0,G1-shared,51,AU,0.07326180366440804,0.08695744824784692,0.08307242019597816,0.29183661336789657,0.7352008066449617,0.39027782889798995,0.7081633866321034,0.14962800763454664,0.0,0.3333333333333333,0.33333333333333337,-0.06236183559520449,0.12654072158837418,0.46459270892835813,6.0546794338733895e-05,0.5550759434700012,1.8067399859428408
B_fixed_G0,G1-shared,51,VA,-0.0057283441958438895,0.020997213935967922,0.045598028117780944,0.4131113288695533,1.0105850160121919,0.8595984467039817,0.5868886711304466,0.03183559754932702,0.0,0.0,0.0,-0.3402690777204303,-0.008900899781834167,0.3197883121745307,0.45019161999225615,0.7194742560386658,1.695762193202973
B_fixed_G0,G1-shared,51,expression,0.04680363806825379,0.06135628765502042,0.06323339617532733,0.2381810366874725,22.466843235643317,0.4562119216784922,0.7618189633125275,0.07606404730708911,0.0,0.0,0.0,-0.08075725060526252,0.032515442664207694,0.31169281304280244,0.032283547148108487,0.8492048978805542,44.22433967590334
B_fixed_G0,G1-shared,51,all,0.058475978844818526,0.07348825811319214,0.07372598114311411,0.2843688060702934,9.455396199181028,0.44892238801223006,0.7156311939297065,0.10842318249504165,0.0,0.2,0.19999999999999996,-0.09471361235262513,0.08130338723483839,0.3828015546480123,0.00046606053365394495,0.6639013290405273,3.881473207473755
A_native,T0,52,AU,0.08179786182332435,0.08681006406320177,0.02011543139313535,0.08143691625686818,0.5697780196769993,0.5135005643898926,0.9185630837431319,0.09748078569515421,0.0,0.07333333333333333,0.07333333333333336,-0.03634905642635363,0.030964342058026065,0.32751536860826597,0.00019263744179625066,0.4516019821166992,1.0615041732788086
A_native,T0,52,VA,0.04792060028611647,0.09335719477762522,0.08017043049714549,0.31890093401146913,0.44329657703638076,0.7176114311978852,0.681099065988531,0.12442889308319446,0.0,0.0,0.0,-0.010582493467941727,0.11437627974335332,0.32886598226127534,0.3345612108707428,0.4286581575870514,0.5645676732063295
A_native,T0,52,expression,0.040565168047722276,0.04461812355563033,0.02044013688910957,0.14117178075309172,822.5460367499967,0.5374046769526555,0.8588282192469082,0.057240671030915305,0.0,0.0,0.0,-0.02463517822509764,0.026380729907451047,0.1915557647623446,0.061506222933530814,0.6217692196369171,8.557439327239994
A_native,T0,52,all,0.06589321889215506,0.0738324135579328,0.02502373708016791,0.11954919431602778,275.69769044466767,0.5374787497546162,0.8804508056839723,0.08626636299482655,0.0,0.044,0.04400000000000004,-0.03217680174517102,0.03375339573537571,0.300183222368566,0.00029295073472894727,0.5002734065055847,1.45727803707123
B_fixed_G0,T0,52,AU,0.0773907164316954,0.08162032377975337,0.02107842575967571,0.07363375616092796,0.44552532538664913,0.5301379842808848,0.9263662438390721,0.08649229495680336,0.0,0.0,0.0,-0.052087825301403004,0.02310857624866982,0.33301802231593797,0.00019268559844931588,0.36864031851291656,1.0764448761940002
B_fixed_G0,T0,52,VA,0.032078109862062984,0.07648905744369866,0.10468970763239163,0.34179092865070915,0.3804336413741112,0.6583832270080495,0.658209071349291,0.10177729399721964,0.0,0.0,0.0,-0.09796012559149773,0.10854965694082272,0.32886598226127534,0.3009034991264343,0.36600081622600555,0.4516567617654801
B_fixed_G0,T0,52,expression,0.038195691507196615,0.04235567741183702,0.018511027837420726,0.1416034707355721,1074.356531108194,0.4455595771687846,0.858396529264428,0.05392375223359781,0.0,0.0,0.0,-0.019723531462726245,0.025898173904522453,0.1915557647623446,0.029723088629543787,0.6003658771514893,6776.53491210938
B_fixed_G0,T0,52,all,0.061223299930285205,0.06864513563513575,0.02694576097437139,0.11683663862399658,344.091839841164,0.513332513423186,0.8831633613760034,0.07729316120861088,0.0,0.0,0.0,-0.03781796790162742,0.026264513873569078,0.30134500206917514,0.00022823140898253771,0.4067339599132538,1.2988125920295712
A_native,G0-local,52,AU,0.1380023823295394,0.14739612511345002,0.017525886593302193,0.0631739205059637,0.438010547367982,0.5137896399344195,0.9368260794940363,0.15490175516747542,0.0,0.0,0.0,-0.03347434498991768,0.05406333901572073,0.4590434262291832,0.0001258384574612137,0.42586079239845276,1.0303759932518004
A_native,G0-local,52,VA,0.0962275192986517,0.1577641771060383,0.07641032277190649,0.30061985520873513,0.3761137008666992,0.6435118266778852,0.6993801447912649,0.23135775552935142,0.0,0.0,0.0,0.06557865090257833,0.2354741135911606,0.3699892189549558,0.24987072944641114,0.3732102960348129,0.4997085928916931
A_native,G0-local,52,expression,0.07860354408357888,0.08309773417035272,0.01743385144095335,0.15578896545821172,476.063807338394,0.35696566762865534,0.8442110345417884,0.11185214708552742,0.0,0.0,0.0,-0.020032371267619604,0.06488749953687054,0.35807676067818384,0.0009821695042774082,0.5027737617492676,2833.713232421876
A_native,G0-local,52,all,0.115652765048361,0.12765008417106594,0.02220719023883891,0.11180640966690479,152.6333137727762,0.47398374373605234,0.8881935903330952,0.14724236061020213,0.0,0.0,0.0,-0.027977340566225854,0.0675224710332053,0.43119501272555627,0.00015293203468900174,0.44197195768356323,1.2249570488929746
B_fixed_G0,G0-local,52,AU,0.1380023823295394,0.14739612511345002,0.017525886593302193,0.0631739205059637,0.438010547367982,0.5137896399344195,0.9368260794940363,0.15490175516747542,0.0,0.0,0.0,-0.03347434498991768,0.05406333901572073,0.4590434262291832,0.0001258384574612137,0.42586079239845276,1.0303759932518004
B_fixed_G0,G0-local,52,VA,0.0962275192986517,0.1577641771060383,0.07641032277190649,0.30061985520873513,0.3761137008666992,0.6435118266778852,0.6993801447912649,0.23135775552935142,0.0,0.0,0.0,0.06557865090257833,0.2354741135911606,0.3699892189549558,0.24987072944641114,0.3732102960348129,0.4997085928916931
B_fixed_G0,G0-local,52,expression,0.07860354408357888,0.08309773417035272,0.01743385144095335,0.15578896545821172,476.063807338394,0.35696566762865534,0.8442110345417884,0.11185214708552742,0.0,0.0,0.0,-0.020032371267619604,0.06488749953687054,0.35807676067818384,0.0009821695042774082,0.5027737617492676,2833.713232421876
B_fixed_G0,G0-local,52,all,0.115652765048361,0.12765008417106594,0.02220719023883891,0.11180640966690479,152.6333137727762,0.47398374373605234,0.8881935903330952,0.14724236061020213,0.0,0.0,0.0,-0.027977340566225854,0.0675224710332053,0.43119501272555627,0.00015293203468900174,0.44197195768356323,1.2249570488929746
A_native,G1-shared,52,AU,0.046149112085918174,0.05103313721552451,0.03234577213935631,0.1309988666587538,0.6203772477862112,0.4407045986550818,0.8690011333412463,0.06575093649577651,0.0,0.10666666666666667,0.10666666666666669,-0.03433765538697224,0.04197507107748709,0.2023996294406429,6.735184942954221e-05,0.3147062659263611,1.2623208284378056
A_native,G1-shared,52,VA,0.10120044809093724,0.14202830101167205,0.049832032081969825,0.2787381866843626,0.5300155833363533,0.8122006412909586,0.7212618133156374,0.17479138531893373,0.0,0.0,0.0,0.06723661763123667,0.1644906927776183,0.2811972289938508,0.4239160865545273,0.5019393265247345,0.6872654438018799
A_native,G1-shared,52,expression,0.05729563182153371,0.06489173077059975,0.03444378192599392,0.1325344755884598,116.14469986364129,0.6487401031065194,0.8674655244115401,0.06977485956195809,0.0,0.0,0.0,-0.020982056897367932,0.015770408784565385,0.29072785831529524,0.04189868420362473,0.7183123528957367,1.2546051263809208
A_native,G1-shared,52,all,0.054120105281716666,0.06274750025684038,0.03441603606648942,0.1433094071183084,40.10814894000591,0.5369956434904121,0.8566905928816916,0.07644633316995458,0.0,0.064,0.06399999999999995,-0.026044476827889414,0.03827135561199799,0.2174726151620313,0.00016327298508258536,0.4766163229942322,1.2370076656341558
B_fixed_G0,G1-shared,52,AU,0.04603217578111818,0.05183119728345842,0.0412231172814286,0.11638797781235015,0.4665231190603663,0.44874538621344867,0.88361202218765,0.05458260322235935,0.0,0.0,0.0,-0.05520478556408902,0.01788430059399106,0.20149727920829746,0.00011375186586519704,0.21785732358694077,1.0351615428924559
B_fixed_G0,G1-shared,52,VA,0.08741267416460556,0.12150342788039133,0.11417377662135213,0.32629159151635184,0.3990561991930008,0.6738153487667892,0.6737084084836482,0.17464311563774979,0.0,0.0,0.0,0.08127726575169088,0.16884837394660956,0.2621320047153555,0.31670323610305784,0.39251570403575897,0.4764372646808625
B_fixed_G0,G1-shared,52,expression,0.03639239586453088,0.04517320958453218,0.04158756354481373,0.1541962132283951,322.81193913987664,0.40719566489881326,0.8458037867716047,0.05697089796185576,0.0,0.0,0.0,-0.014136989803356766,0.010331813332297737,0.20727076957927235,0.016038093622773888,0.44823478162288666,155.35948028564755
B_fixed_G0,G1-shared,52,all,0.046257886078489234,0.05527441966755665,0.047175792832905725,0.1452789022418047,103.61165889213218,0.4534550723970326,0.8547210977581953,0.06495169853222944,0.0,0.0,0.0,-0.03748920001552481,0.02507579015238917,0.2088849674850317,0.00014406024856725708,0.3281017988920212,1.5929191946983334
A_native,T0,53,AU,0.027093671467807556,0.028961253583604823,0.02465384555318305,0.09545114339159806,0.7638614013281528,0.5998358213070719,0.904548856608402,0.03757805915182345,0.0,0.18666666666666668,0.18666666666666665,-0.04881162546049808,0.0057274636779069,0.1513561558581547,0.04702849760651589,0.7337526679039001,1.4419707894325258
A_native,T0,53,VA,0.11277372095604868,0.13475062576626157,0.03503404348409543,0.2044343975598509,0.6289513602852821,0.887128747688581,0.795565602440149,0.15320236579480195,0.0,0.0,0.0,0.055672368372339555,0.14512536995551678,0.2562252000927787,0.47306024134159086,0.6372005343437195,0.7307979047298432
A_native,T0,53,expression,0.014197447023959853,0.014683395382591719,0.02242777198934484,0.097035990799232,4.639345973927993,0.7162074590936147,0.9029640092007678,0.014366582216018008,0.0,0.0,0.0,-0.0480774668421352,0.0021197433533211222,0.08474070084171093,0.18510439619421962,0.9762616753578186,2.982275319099431
A_native,T0,53,all,0.029821283604835578,0.03285548873389317,0.024771917847227813,0.10467695489550115,2.1482783607296385,0.6600581795092865,0.8953230451044989,0.03963016716081053,0.0,0.112,0.11199999999999999,-0.047423522570981466,0.014292604514555109,0.15610158932195017,0.09899277687072755,0.7376669347286224,1.6243176460266113
B_fixed_G0,T0,53,AU,0.012120886686586212,0.013068786374131107,0.017844956202817626,0.07445176695138202,0.761695156438621,0.5999864068913303,0.9255482330486181,0.015424042309247061,0.0,0.13333333333333333,0.1333333333333333,-0.059650226122579864,-0.0027491924308690316,0.11503102379276829,0.08646007513161752,0.6406963467597961,1.644611978530884
B_fixed_G0,T0,53,VA,0.06738217837906084,0.10416590520466304,0.07138112691076551,0.3329870044250748,0.5950096517801284,0.8240280912828346,0.6670129955749254,0.1266477161032599,0.0,0.0,0.0,-0.01763467795312093,0.11486584189576551,0.23641870457037056,0.3816496074199677,0.503491684794426,0.9549145817756653
B_fixed_G0,T0,53,expression,0.012277757880974807,0.014024059991506665,0.023628815760153025,0.12401405772092251,14.487886896985582,0.602635401458742,0.8759859422790776,0.01402521563299793,0.0,0.0,0.0,-0.040427673411099534,0.00023542777408198717,0.08842765585240069,0.12010370269417762,0.829511433839798,10.070725917816164
B_fixed_G0,T0,53,all,0.01659198880418853,0.020662243438133842,0.023978684917800783,0.1109945189955304,5.521528326658565,0.6187574199042224,0.8890054810044696,0.024609117708291956,0.0,0.08,0.07999999999999996,-0.04993379327926058,-0.0003565130938963974,0.13534781128303128,0.11286935284733773,0.6494505107402802,2.4373989343643174
A_native,G0-local,53,AU,0.07764332690857761,0.08854705613177094,0.022985153415499195,0.11416973841689516,0.6655760841048994,0.5251241482677294,0.885830261583105,0.1114689103373513,0.0,0.13333333333333333,0.1333333333333333,-0.01693922061574269,0.07240346525989519,0.3199464727025314,0.0002710877830395475,0.5343494117259979,1.5281293988227844
A_native,G0-local,53,VA,0.13480301152616905,0.1762216531888047,0.048042318521662485,0.2574821553368522,0.5438295170664788,0.7710299328292327,0.742517844663148,0.2224874929550109,0.0,0.0,0.0,0.06173984955937596,0.23809541546567312,0.33388995509501357,0.3119211733341217,0.44780677556991577,0.9316481411457063
A_native,G0-local,53,expression,0.05236590180837227,0.06519434457709308,0.03627432378337745,0.1711446609557502,6.730934121074097,0.4302028070231033,0.8288553390442498,0.07731501433935614,0.0,0.0,0.0,-0.03348085911402495,0.024351365256955176,0.2849203179353271,0.0025448488770052793,0.5753054618835449,8.289477729797369
A_native,G0-local,53,all,0.0741273256459192,0.08808815619883673,0.0292422611417133,0.14386670698292534,2.7646791780908444,0.5144217818343693,0.8561332930170747,0.10924308413088861,0.0,0.08,0.07999999999999996,-0.02722754083035133,0.056440147805940546,0.3179493576219617,0.0010437309159897269,0.5195868015289307,1.9145193815231323
B_fixed_G0,G0-local,53,AU,0.07764332690857761,0.08854705613177094,0.022985153415499195,0.11416973841689516,0.6655760841048994,0.5251241482677294,0.885830261583105,0.1114689103373513,0.0,0.13333333333333333,0.1333333333333333,-0.01693922061574269,0.07240346525989519,0.3199464727025314,0.0002710877830395475,0.5343494117259979,1.5281293988227844
B_fixed_G0,G0-local,53,VA,0.13480301152616905,0.1762216531888047,0.048042318521662485,0.2574821553368522,0.5438295170664788,0.7710299328292327,0.742517844663148,0.2224874929550109,0.0,0.0,0.0,0.06173984955937596,0.23809541546567312,0.33388995509501357,0.3119211733341217,0.44780677556991577,0.9316481411457063
B_fixed_G0,G0-local,53,expression,0.05236590180837227,0.06519434457709308,0.03627432378337745,0.1711446609557502,6.730934121074097,0.4302028070231033,0.8288553390442498,0.07731501433935614,0.0,0.0,0.0,-0.03348085911402495,0.024351365256955176,0.2849203179353271,0.0025448488770052793,0.5753054618835449,8.289477729797369
B_fixed_G0,G0-local,53,all,0.0741273256459192,0.08808815619883673,0.0292422611417133,0.14386670698292534,2.7646791780908444,0.5144217818343693,0.8561332930170747,0.10924308413088861,0.0,0.08,0.07999999999999996,-0.02722754083035133,0.056440147805940546,0.3179493576219617,0.0010437309159897269,0.5195868015289307,1.9145193815231323
A_native,G1-shared,53,AU,0.03400629043540257,0.0362621264590005,0.03337292908193026,0.1562550039451967,0.5654056684639743,0.3734459221317572,0.8437449960548032,0.058698284172067156,0.0,0.24666666666666667,0.2466666666666667,-0.03778981934448534,0.024028585152659744,0.24058088584312795,0.00032893411698751155,0.29003095626831055,1.3172029018402098
A_native,G1-shared,53,VA,0.10678651617651047,0.14523744599965208,0.031217972078714785,0.2504342721814164,0.6747616156935692,0.8318096908954906,0.7495657278185835,0.16901626041529788,0.0,0.0,0.0,0.033405195724508126,0.19722044874197264,0.2771186423844745,0.4108604729175568,0.5527958571910858,0.9176234602928167
A_native,G1-shared,53,expression,0.039057222531076775,0.04508074132425064,0.05977806398741444,0.18872310056459515,12.684519080698374,0.49039441703505426,0.8112768994354049,0.05556143324342697,0.0,0.0,0.0,-0.02773606090500941,0.031170179771613613,0.16999997470940892,0.012064173445105552,0.3958123177289963,5.30174131393434
A_native,G1-shared,53,all,0.041445006765306956,0.04780210877913266,0.04165017569142796,0.17417913632230175,5.127453517869345,0.44753854200191096,0.8258208636776982,0.06787861962076856,0.0,0.148,0.14800000000000002,-0.0317795413498384,0.032730870792151014,0.24058088584312803,0.0007180018234066666,0.4445430040359497,1.7670798540115367
B_fixed_G0,G1-shared,53,AU,0.02260446116280294,0.02450828571475078,0.03500342916402612,0.13493423650449438,0.5035797910281452,0.345847795810658,0.8650657634955055,0.03210026737852978,0.0,0.13333333333333333,0.1333333333333333,-0.037844859007621884,0.004675888325668803,0.1535761741838587,0.0001962981841643341,0.12083672359585762,1.2069362878799441
B_fixed_G0,G1-shared,53,VA,0.06906782312547109,0.1086243058737106,0.07116643066731468,0.3160337516729098,0.44231027364730835,0.7137545708106949,0.6839662483270902,0.1490886039075075,0.0,0.0,0.0,0.07437696073442734,0.12964576687669738,0.24245719335772797,0.26161113679409026,0.43593592941761017,0.6067141711711884
B_fixed_G0,G1-shared,53,expression,0.020293517325973724,0.023912658401751788,0.02765102634258324,0.1351779902200508,11.876689354397968,0.4016875528179941,0.8648220097799492,0.03655346010183207,0.0,0.0,0.0,-0.027957643411004422,0.012728886027637729,0.13819208030662744,0.007073217909783125,0.3340882360935211,6.798132801055909
B_fixed_G0,G1-shared,53,all,0.025582028092031046,0.031046966587307885,0.03554370038142749,0.14950019890694569,4.454116202862793,0.3931490600530085,0.8504998010930545,0.04382210280654604,0.0,0.08,0.07999999999999996,-0.033955767296526766,0.009078852419035836,0.16552926102345272,0.00029953050834592433,0.25416983664035797,1.765926527976989
A_native,T0,54,AU,0.04799360849156016,0.05237693013585789,0.02943070603548135,0.13398986834215834,0.6537282307220859,0.5546722025390047,0.8660101316578418,0.07096027309573019,0.0,0.16,0.16000000000000003,-0.05241308605850864,0.04922985617258298,0.2112054474942373,0.00029963950510136783,0.6358141005039215,1.3814400434494019
A_native,T0,54,VA,0.07131072899797819,0.10571043073699873,0.0470294067571843,0.3473578929454243,0.6909251347184181,0.8398737070529354,0.6526421070545758,0.12704146719733653,0.0,0.0,0.0,-0.004134614858229099,0.10827009706381457,0.25245693860222507,0.3864204615354538,0.5713008940219879,1.3150795221328735
A_native,T0,54,expression,0.03306971956598429,0.0400669392520049,0.04299129765470159,0.16571546175123303,1.0979439780989195,0.6225204931012689,0.834284538248767,0.04832315445144067,0.0,0.0,0.0,-0.05619341688044891,0.0035300548204038346,0.18869827850848755,0.028672434389591217,0.7266642153263092,2.6401628494262703
A_native,T0,54,all,0.04508333367588932,0.0527044131011162,0.03517799141136806,0.16121150020132352,0.8142645044834723,0.5991997758800437,0.8387884997986765,0.06791007128373444,0.0,0.096,0.09599999999999997,-0.050843653614690745,0.04462966437617979,0.22156292168687156,0.012224182486534119,0.6454474925994873,1.7026676535606384
B_fixed_G0,T0,54,AU,0.04343215236495799,0.04520156470838847,0.022749935420567358,0.13611275165234754,0.6436472490485342,0.5485873843797519,0.8638872483476526,0.05982103863323273,0.0,0.21333333333333335,0.21333333333333337,-0.041805248585232976,0.0320007303070609,0.19702674828475059,0.0006257320812437685,0.7735898196697235,1.1752630352973938
B_fixed_G0,T0,54,VA,0.011973252324624165,0.01982665020862682,0.03314702472217862,0.2034652321684786,0.5706849291920661,0.8457265319866222,0.7965347678315216,0.025065426757203968,0.0,0.0,0.0,-0.10290898963901464,0.021265614541432276,0.19410265540724506,0.43839972615242007,0.5914908945560455,0.6687918722629548
B_fixed_G0,T0,54,expression,0.02890365242550038,0.03345713051992107,0.01833818611160134,0.10044125113508295,1.6716934931639116,0.6590100763957198,0.8995587488649172,0.041219373254945554,0.0,0.0,0.0,-0.03086819050855595,0.01058292881100965,0.14157722444065063,0.034042843244969846,0.7935383915901184,2.4874729871749888
B_fixed_G0,T0,54,all,0.03626632038110485,0.03941335260809797,0.02216994278582713,0.13008606992811333,1.0142181349756023,0.6076937776334111,0.8699139300718867,0.0498061511663357,0.0,0.128,0.128,-0.049348597371001696,0.022364683208498125,0.1845563754754238,0.023673982731997972,0.7199164927005768,1.343683004379273
A_native,G0-local,54,AU,0.07937950008581969,0.09235112904160159,0.04272552150700136,0.18559300391819686,0.5541568561305104,0.4290985160515127,0.8144069960818031,0.11451800976424226,0.0,0.21333333333333335,0.21333333333333337,-0.07988563388768978,0.10149911118014535,0.3248417483918938,5.850615198141896e-05,0.44695858657360077,1.2343839287757874
A_native,G0-local,54,VA,0.11771227588693478,0.146537986281567,0.04526896668747636,0.23197636640854769,0.5669791236519813,0.8223891730337464,0.7680236335914523,0.17553909410893132,0.0,0.0,0.0,0.038004131300568476,0.18557576849361201,0.3009166429286403,0.3805708229541779,0.5992519557476044,0.7439613163471224
A_native,G0-local,54,expression,0.06712977686014597,0.07518621788659452,0.019889194032400366,0.0984157726152816,0.6026724203091363,0.5745342933853085,0.9015842273847184,0.08681865499311431,0.0,0.0,0.0,-0.0379529574879234,0.03997073138724515,0.28603017691760985,0.0020964629249647262,0.5324343144893646,1.0970845580101016
A_native,G0-local,54,all,0.0785262107176933,0.09119330605119655,0.03562137232956704,0.16140695890049198,0.5731370877117924,0.507101217356906,0.8385930410995079,0.10995137354957961,0.0,0.128,0.128,-0.058578919996844454,0.08949603213218105,0.308724984663112,0.00014080364053370436,0.5135493278503418,1.2137314200401306
B_fixed_G0,G0-local,54,AU,0.07937950008581969,0.09235112904160159,0.04272552150700136,0.18559300391819686,0.5541568561305104,0.4290985160515127,0.8144069960818031,0.11451800976424226,0.0,0.21333333333333335,0.21333333333333337,-0.07988563388768978,0.10149911118014535,0.3248417483918938,5.850615198141896e-05,0.44695858657360077,1.2343839287757874
B_fixed_G0,G0-local,54,VA,0.11771227588693478,0.146537986281567,0.04526896668747636,0.23197636640854769,0.5669791236519813,0.8223891730337464,0.7680236335914523,0.17553909410893132,0.0,0.0,0.0,0.038004131300568476,0.18557576849361201,0.3009166429286403,0.3805708229541779,0.5992519557476044,0.7439613163471224
B_fixed_G0,G0-local,54,expression,0.06712977686014597,0.07518621788659452,0.019889194032400366,0.0984157726152816,0.6026724203091363,0.5745342933853085,0.9015842273847184,0.08681865499311431,0.0,0.0,0.0,-0.0379529574879234,0.03997073138724515,0.28603017691760985,0.0020964629249647262,0.5324343144893646,1.0970845580101016
B_fixed_G0,G0-local,54,all,0.0785262107176933,0.09119330605119655,0.03562137232956704,0.16140695890049198,0.5731370877117924,0.507101217356906,0.8385930410995079,0.10995137354957961,0.0,0.128,0.128,-0.058578919996844454,0.08949603213218105,0.308724984663112,0.00014080364053370436,0.5135493278503418,1.2137314200401306
A_native,G1-shared,54,AU,0.044424631377327,0.051041485374138905,0.044013129954249657,0.1858233810176769,0.3682210274018589,0.3597242244403336,0.8141766189823231,0.07488052640875065,0.0,0.14,0.14,-0.06217927980945712,0.02905784426137639,0.2452704734665789,2.232653023384046e-05,0.14622868597507477,1.0919644355773925
A_native,G1-shared,54,VA,0.06886384188574622,0.10394634499582853,0.04844627929089468,0.3345141063312505,0.523558358848095,0.7778902273551165,0.6654858936687497,0.14188006539648498,0.0,0.0,0.0,0.04893250906727112,0.17150072883873524,0.23530056183411235,0.328556153178215,0.4763624519109726,0.6717916965484622
A_native,G1-shared,54,expression,0.04395883324997215,0.056963695605415324,0.054322291283402616,0.17026388500296036,0.6221065126934263,0.4829715855969104,0.8297361149970396,0.06980327181535714,0.0,0.0,0.0,-0.03792619064772757,0.014067703984590441,0.2974583220873924,0.013487910386174919,0.28237566351890564,1.277120816707615
A_native,G1-shared,54,all,0.04623071281724698,0.05716898141788253,0.04766671352651021,0.1927396003180535,0.47048122588330044,0.4326166602436208,0.8072603996819464,0.0789583011348782,0.0,0.084,0.08399999999999996,-0.047512159832219805,0.03690341037725126,0.25313434349643077,4.838466411456466e-05,0.29464730620384216,1.1496801614761352
B_fixed_G0,G1-shared,54,AU,0.04218049882010199,0.047728320767694954,0.04832303441229984,0.22049246587878235,0.37829071742877296,0.3397003925746048,0.7795075341212176,0.07436124999916949,0.0,0.21333333333333335,0.21333333333333337,-0.051412473329949644,0.04943522566635756,0.2398695100671661,2.7920532920688858e-05,0.20720887929201126,1.1023159265518188
B_fixed_G0,G1-shared,54,VA,0.050882949914439014,0.0782466292778263,0.0469183979960493,0.33905246833398744,0.5003800511360168,0.7747414444595526,0.6609475316660125,0.10521090023403339,0.0,0.0,0.0,0.027844062946292304,0.09020570658806948,0.22493348389768433,0.348779433965683,0.46220070123672485,0.675037080049515
B_fixed_G0,G1-shared,54,expression,0.03311342349390665,0.0419995621685122,0.039346108066703175,0.15718990460666324,0.49736925179240643,0.5064063343832261,0.8428100953933366,0.05898253950009343,0.0,0.0,0.0,-0.0269520992456711,0.02759624550771539,0.21257844949934582,0.01022702269256115,0.3072117120027542,1.1884547233581555
B_fixed_G0,G1-shared,54,all,0.03997523080326643,0.04833658269676698,0.04533804706840887,0.20972044646812063,0.43319011845278926,0.4278495781041594,0.7902795535318793,0.07154792965408321,0.0,0.128,0.128,-0.036642723756923214,0.04943522566635756,0.22702656044559888,7.462081703124569e-05,0.29467324912548065,1.1023159265518194
A_native,T0,55,AU,0.062217509616463836,0.06611473848360758,0.03010007494156378,0.1311040859083805,0.615693912905003,0.589497410003132,0.8688959140916194,0.07969209347347102,0.0,0.12,0.12,-0.03619069170796344,0.048299189007513545,0.26707848234869086,0.0002545729046687484,0.6422630250453949,1.0726714491844178
A_native,T0,55,VA,0.12135827382075268,0.15202872030440728,0.028100892739212104,0.2163588726329015,0.5673143789172173,0.8325811788930395,0.7836411273670986,0.18260423989390728,0.0,0.0,0.0,0.02505639657827785,0.1683200184186046,0.3855376769302677,0.4441522300243378,0.5549641847610474,0.6740648448467256
A_native,T0,55,expression,0.05080724842896456,0.05600110859384042,0.021305465147936152,0.10475835456396135,0.9854182910756208,0.6661275873349043,0.8952416454360387,0.06122979656348106,0.0,0.0,0.0,-0.043613026995498405,0.024087000734280876,0.21956204533037982,0.0814132571220398,0.6418931186199188,1.9443123102188118
A_native,T0,55,all,0.06329748717280718,0.06975149546454605,0.027125865231414803,0.12949383481612806,0.7390144283097172,0.6334657682604918,0.870506165183872,0.08219752095454658,0.0,0.072,0.07199999999999995,-0.03619069170796344,0.04789900403712587,0.27163431168530255,0.01632575858384371,0.6141622364521027,1.314443290233612
B_fixed_G0,T0,55,AU,0.04862374956269099,0.05036649180548565,0.02213770207788242,0.11387034304171642,0.6669875325806487,0.6048851738236382,0.8861296569582836,0.052880917945832974,0.0,0.14666666666666667,0.1466666666666666,-0.07335269561666512,0.029931157315787906,0.22388560862801749,0.00012928430951433256,0.7285453677177429,1.037123191356659
B_fixed_G0,T0,55,VA,0.0986590501318811,0.13201849754396103,0.0323429582513102,0.21577546602952338,0.5335760101675987,0.8178580298658057,0.7842245339704766,0.15889721172369636,0.0,0.0,0.0,0.02147402884350894,0.16034185220092978,0.3437535263899536,0.43382947742938993,0.5139373242855072,0.6517993509769442
B_fixed_G0,T0,55,expression,0.02835495353835662,0.03149152914918783,0.01751930954524355,0.0946574958347826,0.894844458613079,0.7007213880157508,0.9053425041652176,0.03581766417353348,0.0,0.0,0.0,-0.05849175145962433,0.0034940433887634885,0.19686312475345286,0.07949980422854423,0.6781880855560303,2.03774573802948
B_fixed_G0,T0,55,all,0.0461405588804392,0.050858664214548384,0.021476236961312203,0.11587464177452216,0.7352345660645673,0.6525905908484876,0.8841253582254779,0.05619348625185626,0.0,0.088,0.08799999999999997,-0.0705843656483037,0.025368388504495576,0.23060834674306555,0.02078502168878915,0.6639442145824432,1.3097028970718385
A_native,G0-local,55,AU,0.12996792977142024,0.14435827865316853,0.03050113734140553,0.14901591957329413,0.5886342081177673,0.48995326046673277,0.850984080426706,0.17208467998913635,0.0,0.14666666666666667,0.1466666666666666,-0.044191330981955504,0.18107295910521765,0.45530428491536157,2.8532487158372535e-05,0.6412404477596283,1.24400132894516
A_native,G0-local,55,VA,0.18479130366111404,0.261485090790292,0.04952529634252294,0.26450430566441063,0.5405208051204682,0.8003540519557071,0.7354956943355895,0.3221050877883981,0.0,0.0,0.0,0.23221164478708664,0.31640115122503665,0.4454961713134925,0.3655116856098175,0.540383368730545,0.7152631342411044
A_native,G0-local,55,expression,0.06741637424483496,0.08549083170225345,0.023756330102942834,0.11226926951333942,0.5907399629919382,0.5211873777188158,0.8877307304866606,0.09478409138297943,0.0,0.0,0.0,-0.030369081879434993,0.02020436643665445,0.31695389290554166,0.0014800298027694227,0.4265875518321991,1.4309211730957034
A_native,G0-local,55,all,0.11433730191408847,0.13489084059984557,0.029864731745186862,0.14649606244139796,0.585152595529994,0.5247802413065173,0.8535039375586021,0.15812135133778843,0.0,0.088,0.08799999999999997,-0.03798182034803872,0.10941463530749676,0.4370639403459343,0.00014653305988758812,0.4997750371694565,1.2714605331420898
B_fixed_G0,G0-local,55,AU,0.12996792977142024,0.14435827865316853,0.03050113734140553,0.14901591957329413,0.5886342081177673,0.48995326046673277,0.850984080426706,0.17208467998913635,0.0,0.14666666666666667,0.1466666666666666,-0.044191330981955504,0.18107295910521765,0.45530428491536157,2.8532487158372535e-05,0.6412404477596283,1.24400132894516
B_fixed_G0,G0-local,55,VA,0.18479130366111404,0.261485090790292,0.04952529634252294,0.26450430566441063,0.5405208051204682,0.8003540519557071,0.7354956943355895,0.3221050877883981,0.0,0.0,0.0,0.23221164478708664,0.31640115122503665,0.4454961713134925,0.3655116856098175,0.540383368730545,0.7152631342411044
B_fixed_G0,G0-local,55,expression,0.06741637424483496,0.08549083170225345,0.023756330102942834,0.11226926951333942,0.5907399629919382,0.5211873777188158,0.8877307304866606,0.09478409138297943,0.0,0.0,0.0,-0.030369081879434993,0.02020436643665445,0.31695389290554166,0.0014800298027694227,0.4265875518321991,1.4309211730957034
B_fixed_G0,G0-local,55,all,0.11433730191408847,0.13489084059984557,0.029864731745186862,0.14649606244139796,0.585152595529994,0.5247802413065173,0.8535039375586021,0.15812135133778843,0.0,0.088,0.08799999999999997,-0.03798182034803872,0.10941463530749676,0.4370639403459343,0.00014653305988758812,0.4997750371694565,1.2714605331420898
A_native,G1-shared,55,AU,0.07486283735125353,0.08095602707758275,0.03267460675893662,0.1470202612739185,0.495226352848101,0.48440812360922136,0.8529797387260816,0.11124362063781622,0.0,0.16,0.16000000000000003,-0.017859682754933156,0.07296966132087679,0.3027820002544259,7.012525747995824e-05,0.45453502237796783,1.0193477272987366
A_native,G1-shared,55,VA,0.16299143605909178,0.21643157810432828,0.02580790152246477,0.2512214058514846,0.4867919787764549,0.7684378713196452,0.7487785941485152,0.2787748002254668,0.0,0.0,0.0,0.15240825503977884,0.26769836100617683,0.3955052382480821,0.3600512742996216,0.44837845861911774,0.6438653171062471
A_native,G1-shared,55,expression,0.057739730446504,0.0646660244787026,0.023557720795279107,0.10884462649878116,0.6968569944914634,0.5314111071125746,0.8911553735012188,0.07462095300945867,0.0,0.0,0.0,-0.03394492369536795,0.024895143652568185,0.27128437403338357,0.015127910673618317,0.39750902354717255,1.5521603822708137
A_native,G1-shared,55,all,0.07643373103836075,0.08658127032808073,0.029207866831648468,0.14314014971207983,0.565853626520827,0.5221714581471283,0.8568598502879201,0.11310561259128704,0.0,0.096,0.09599999999999997,-0.02216880056464797,0.06948728182837396,0.3209384863156594,0.0001947399796335958,0.4458722770214081,1.1677739024162292
B_fixed_G0,G1-shared,55,AU,0.06672630199090439,0.07259329194319729,0.041407811734273,0.1623562028808666,0.5157263887503731,0.47439937283277195,0.8376437971191334,0.09725395625761174,0.0,0.14666666666666667,0.1466666666666666,-0.03853533355329637,0.08035229412925887,0.2838642782111221,4.4126231296104384e-05,0.4478558897972107,1.0178340792655944
B_fixed_G0,G1-shared,55,VA,0.14107599771385282,0.19409737808290428,0.031792685976332835,0.2617679103901168,0.4787470161914825,0.7587313341743924,0.7382320896098832,0.2538308046083967,0.0,0.0,0.0,0.15240825503977884,0.25478052854180344,0.3907343820556203,0.3821163147687912,0.42892567813396454,0.667005217075348
B_fixed_G0,G1-shared,55,expression,0.05007610417152143,0.05978064132881224,0.04191844398190381,0.14800434641307078,0.6862653744785348,0.5334034280020177,0.8519956535869293,0.06659736472734643,0.0,0.0,0.0,-0.041044894954410806,0.00935839176720157,0.25572190211197515,0.01457570316269994,0.30559465289115906,1.359679627418518
B_fixed_G0,G1-shared,55,all,0.06734621434653772,0.07821357063777061,0.04080200399287965,0.16571654541191197,0.5723208247463166,0.5160272273942602,0.8342834545880881,0.10023206873390328,0.0,0.088,0.08799999999999997,-0.03605860506766914,0.07094960552392265,0.3001235406895004,0.00016371679230360318,0.42892567813396454,1.1359279751777651
A_native,T0,56,AU,0.16959787522122038,0.1830229507437852,0.024558092877769444,0.14905713296064144,0.753334418593344,0.5247740672041807,0.8509428670393586,0.23250795784502168,0.0,0.21333333333333335,0.21333333333333337,-0.07746662063829829,0.17588989217301831,0.6174324130674131,0.0001355262560537085,0.8409905433654785,1.1957605004310607
A_native,T0,56,VA,0.2749542133618149,0.3361650216833427,0.02083993510559231,0.25015892407239326,0.6011839225888252,0.8589459725801228,0.7498410759276066,0.3937540478453406,0.0,0.0,0.0,0.10675489734881975,0.3913784910172764,0.6404118632765462,0.45891873836517333,0.5772045850753784,0.7904163956642152
A_native,T0,56,expression,0.0917669678845569,0.09886544062004046,0.03823507149227789,0.1528897321065507,7.086477618967183,0.5655586527401765,0.8471102678934492,0.1282911099881357,0.0,0.0,0.0,-0.06578746824822772,0.06725493582584768,0.4754467569081891,0.10252115726470948,1.0695908069610596,12.538686370849641
A_native,T0,56,all,0.15312049192473562,0.1683439131793515,0.02863727341263798,0.15837170797627256,3.0634649053356227,0.5645588870057747,0.8416282920237275,0.20905646230123956,0.0,0.128,0.128,-0.06308493495162468,0.11488634674392295,0.61821717235313,0.0002904710854636507,0.835355818271637,2.9687564134597846
B_fixed_G0,T0,56,AU,0.1632706667968769,0.1774317908555754,0.03167005760144486,0.14613800934857732,0.7097973312169322,0.48764964920462317,0.8538619906514227,0.2258370581706779,0.0,0.21333333333333335,0.21333333333333337,-0.0945312797441243,0.14065484600659506,0.6090855259556532,9.167616008198821e-05,0.7966516315937042,1.1957605004310607
B_fixed_G0,T0,56,VA,0.23040150708912438,0.3311303929842187,0.06301172433627386,0.3448543915822477,0.6113256201148033,0.8673069556238403,0.6551456084177523,0.38261753674299576,0.0,0.0,0.0,0.06422195856287359,0.38653553910021915,0.6329445524277107,0.45891873836517333,0.5772045850753784,0.8138224124908447
B_fixed_G0,T0,56,expression,0.09696574089814998,0.10900990308749699,0.03391788961053915,0.15859467666462096,39.72214559885615,0.5322445146094842,0.8414053233353791,0.12937693510182463,0.0,0.0,0.0,-0.08956214580357022,0.0529890494017019,0.4806805918590382,0.15314928293228153,1.0982854962348938,120.9174179077149
B_fixed_G0,T0,56,all,0.1474235577326641,0.16783267494008175,0.034896697183141354,0.16602145346840494,15.01722130914856,0.532292590647716,0.8339785465315951,0.20482237801443065,0.0,0.128,0.128,-0.0870059964399615,0.11232221652700676,0.5997257715143436,0.00020138736872468146,0.8079326748847961,3.828988313674927
A_native,G0-local,56,AU,0.16048622656299377,0.17419617692276446,0.02598460536864236,0.16338214075909596,0.6512776209550123,0.436121138185242,0.8366178592409039,0.2380121474901604,0.0,0.21333333333333335,0.21333333333333337,-0.13340078009343334,0.17937414395489848,0.6184748307663452,4.534931977104862e-05,0.692592442035675,1.200751709938049
A_native,G0-local,56,VA,0.2575825944803802,0.3668410691468746,0.04824939458018721,0.30631544835417823,0.5436597630381584,0.8264883917243505,0.6936845516458219,0.44205048239007727,0.0,0.0,0.0,0.25342217519434074,0.4767468862599107,0.6234319358550849,0.4308978468179703,0.5309723615646362,0.6552784323692322
A_native,G0-local,56,expression,0.07739991751160999,0.08670199071480397,0.023908447484588962,0.16070832989216777,15.450371727609673,0.48826312757105994,0.8392916701078322,0.11897865884354393,0.0,0.0,0.0,-0.14493618213337658,0.06969435402692792,0.4464401715418897,0.011094193533062935,0.617274135351181,10.294125556946042
A_native,G0-local,56,all,0.14166631709994187,0.16160962871414591,0.027101417982668862,0.1739611858892855,6.072264645606552,0.48403595507183245,0.8260388141107143,0.21304924660148616,0.0,0.128,0.128,-0.12441194562235601,0.1656203289969524,0.5935847869013893,6.018256462994032e-05,0.601150244474411,2.349890613555912
B_fixed_G0,G0-local,56,AU,0.16048622656299377,0.17419617692276446,0.02598460536864236,0.16338214075909596,0.6512776209550123,0.436121138185242,0.8366178592409039,0.2380121474901604,0.0,0.21333333333333335,0.21333333333333337,-0.13340078009343334,0.17937414395489848,0.6184748307663452,4.534931977104862e-05,0.692592442035675,1.200751709938049
B_fixed_G0,G0-local,56,VA,0.2575825944803802,0.3668410691468746,0.04824939458018721,0.30631544835417823,0.5436597630381584,0.8264883917243505,0.6936845516458219,0.44205048239007727,0.0,0.0,0.0,0.25342217519434074,0.4767468862599107,0.6234319358550849,0.4308978468179703,0.5309723615646362,0.6552784323692322
B_fixed_G0,G0-local,56,expression,0.07739991751160999,0.08670199071480397,0.023908447484588962,0.16070832989216777,15.450371727609673,0.48826312757105994,0.8392916701078322,0.11897865884354393,0.0,0.0,0.0,-0.14493618213337658,0.06969435402692792,0.4464401715418897,0.011094193533062935,0.617274135351181,10.294125556946042
B_fixed_G0,G0-local,56,all,0.14166631709994187,0.16160962871414591,0.027101417982668862,0.1739611858892855,6.072264645606552,0.48403595507183245,0.8260388141107143,0.21304924660148616,0.0,0.128,0.128,-0.12441194562235601,0.1656203289969524,0.5935847869013893,6.018256462994032e-05,0.601150244474411,2.349890613555912
A_native,G1-shared,56,AU,0.09845722726399314,0.11577668946359922,0.06618298330919255,0.21961341886822297,0.8250701269985257,0.4290112754322145,0.780386581131777,0.1650462876813253,0.0,0.2,0.19999999999999996,-0.09043524402847289,0.11452420239232389,0.5128878414273051,5.382078379625455e-05,0.5297437906265259,2.414019727706909
A_native,G1-shared,56,VA,0.2273945484172609,0.29459219340443266,0.07650523122064286,0.2655362621583719,0.5967526480555534,0.8459575341419641,0.7344637378416282,0.33729808261014743,0.0,0.0,0.0,0.10571619435778852,0.3180595706608035,0.5623467371358076,0.3770718902349472,0.5957596004009247,0.8082988142967225
A_native,G1-shared,56,expression,0.07219945163161134,0.0881564046984747,0.05385037323330113,0.19577594031187776,29.983615494657716,0.5789707603788569,0.8042240596881222,0.11141520402822394,0.0,0.0,0.0,-0.049396617819064174,0.046939799734640866,0.36150597773946824,0.1354442246258259,0.9668389856815338,42.36875457763672
A_native,G1-shared,56,all,0.10036972475389239,0.12124343865402605,0.06306232791782332,0.21565925319340443,11.407421398970689,0.5103540113119199,0.7843407468065956,0.16120332952827224,0.0,0.12,0.12,-0.06995560867709215,0.11227008872445916,0.48458863607024455,0.00013667750099557457,0.6765865981578827,4.100826597213744
B_fixed_G0,G1-shared,56,AU,0.09969851089914601,0.11588539463852066,0.06027312700017676,0.2160317224997046,0.7742382663644372,0.431301795937202,0.7839682775002954,0.1634087638699918,0.0,0.21333333333333335,0.21333333333333337,-0.09559695609855279,0.1308670146737007,0.5001393970352409,4.4010798228555364e-05,0.5508642196655273,1.733543252944946
B_fixed_G0,G1-shared,56,VA,0.21159162536410844,0.26431374652933404,0.09061489136732312,0.27924527746295336,0.5844569459557534,0.8376734901995183,0.7207547225370468,0.3002978828870223,0.0,0.0,0.0,0.09628611536759957,0.28391552789913355,0.5623467371358076,0.3822763621807098,0.5331832766532898,0.8082988142967225
B_fixed_G0,G1-shared,56,expression,0.06571856843751536,0.08213350825974139,0.050337941203416336,0.1966329841284103,28.028302674909355,0.5581957199093696,0.8033670158715897,0.1042249344098672,0.0,0.0,0.0,-0.052799443408406886,0.04826479660105726,0.3279593086520765,0.1354442246258259,0.8753339350223541,44.11551284790049
B_fixed_G0,G1-shared,56,all,0.09777637846862121,0.11695905914857636,0.05952120869458513,0.21488121061795032,10.758318662123243,0.504417587149281,0.7851187893820497,0.15424856214306815,0.0,0.128,0.128,-0.08951095978247771,0.11227008872445916,0.4760613500323019,0.000133115202334011,0.684474527835846,4.245276832580568
A_native,T0,57,AU,0.16642070069589895,0.19437139641987525,0.051979905952556485,0.1868882588310441,0.7461792122496991,0.49374225318045634,0.8131117411689559,0.29374123257015294,0.0,0.3333333333333333,0.33333333333333337,-0.027410727255706025,0.32455118386078186,0.650295742518251,0.00013743488088948652,0.8568589985370636,1.1068530321121217
A_native,T0,57,VA,0.17254761847125383,0.2718405267750097,0.07043943074206134,0.43705741316559027,0.8444908827543258,0.8894695645590515,0.5629425868344098,0.30891556221099814,0.0,0.0,0.0,0.06005818398741579,0.33567537040735496,0.5410823880019617,0.4751507222652435,0.7008378505706787,1.4695990562438965
A_native,T0,57,expression,0.1253030113002826,0.13796455638727406,0.031932542415432266,0.13646656639453647,7.292332981806249,0.6248796353242498,0.8635334336054636,0.14968107452944165,0.0,0.0,0.0,-0.14517872463900788,0.08380212354666575,0.6228842724694557,0.45006620287895205,1.6664689779281616,14.402831268310576
A_native,T0,57,all,0.15375319351133013,0.18251873803785362,0.04704151160383712,0.19076684959812534,3.3744718871227817,0.5673644003767578,0.8092331504018746,0.23763460231795291,0.0,0.2,0.19999999999999996,-0.09756960551617118,0.2287179625157535,0.6181035632184821,0.06353693753480921,0.9098236560821533,5.08108820915222
B_fixed_G0,T0,57,AU,0.16189784191865858,0.19134404940939645,0.0519635106350948,0.1957949241200527,0.7237303648658417,0.523442673707266,0.8042050758799474,0.2943451366910491,0.0,0.3333333333333333,0.33333333333333337,-0.014385076609230312,0.32455118386078186,0.61152757528345,0.0001696672785328701,0.8482528626918793,1.0809383392333984
B_fixed_G0,T0,57,VA,0.11084739989888445,0.21293310301523533,0.08881469782123289,0.5054301319838765,0.8755379617214203,0.8893077676876942,0.49456986801612357,0.2439273179652751,0.0,0.0,0.0,-0.04156294560091306,0.27608028827084774,0.43766101584816947,0.4751507222652435,0.6679394543170929,1.4695990562438965
B_fixed_G0,T0,57,expression,0.11729627413886519,0.13246896295035568,0.025028605380877512,0.1163175205730824,7.509586636535824,0.624489931182098,0.8836824794269177,0.1506187510266754,0.0,0.0,0.0,-0.15363960553231085,0.09322586043872555,0.552203395897879,0.5726825714111328,1.8784162402153015,17.144253158569338
B_fixed_G0,T0,57,all,0.14354130486754274,0.1742311460309705,0.04629243592863631,0.1951329716141281,3.453253633219392,0.5850470036176466,0.8048670283858719,0.2318128005527222,0.0,0.2,0.19999999999999996,-0.09342012111213445,0.2287179625157535,0.5865064065500365,0.20024654716253285,0.9214169979095459,5.266088724136352
A_native,G0-local,57,AU,0.21883767167326415,0.24671734166272746,0.029612233651524496,0.16830678488232176,0.680189194677605,0.49035753510377217,0.8316932151176782,0.3852138081005584,0.0,0.3333333333333333,0.33333333333333337,-0.012448167119635065,0.45587139534315957,0.7112523740220591,8.487421291647479e-05,0.8600306212902069,1.0251052498817443
A_native,G0-local,57,VA,0.17938082628666813,0.29360965308562215,0.054370129815854304,0.39322668857374665,0.7519535630941391,0.875063511083489,0.6067733114262532,0.3416447078343509,0.0,0.0,0.0,0.08094435769445654,0.3581136400314133,0.5469713837464152,0.4510054707527161,0.5913378894329071,1.2338882088661194
A_native,G0-local,57,expression,0.1380755394736542,0.1510743202014317,0.010853113255553765,0.16091071563211895,2.6745011450522727,0.5323591994900809,0.839089284367881,0.2359638280648924,0.0,0.0,0.0,-0.2518799710508155,0.20488357208504782,0.6991409439700391,0.0328121654689312,0.7734896838665009,7.141324806213379
A_native,G0-local,57,all,0.18983724173846134,0.21986295970894434,0.025589946817960247,0.18393363501757085,1.4850904116691255,0.5345745457857685,0.8160663649824291,0.32115690605967123,0.0,0.2,0.19999999999999996,-0.08270086901799294,0.3801911416446228,0.6949024878901098,0.0002590705160400831,0.8230463266372681,2.089347052574157
B_fixed_G0,G0-local,57,AU,0.21883767167326415,0.24671734166272746,0.029612233651524496,0.16830678488232176,0.680189194677605,0.49035753510377217,0.8316932151176782,0.3852138081005584,0.0,0.3333333333333333,0.33333333333333337,-0.012448167119635065,0.45587139534315957,0.7112523740220591,8.487421291647479e-05,0.8600306212902069,1.0251052498817443
B_fixed_G0,G0-local,57,VA,0.17938082628666813,0.29360965308562215,0.054370129815854304,0.39322668857374665,0.7519535630941391,0.875063511083489,0.6067733114262532,0.3416447078343509,0.0,0.0,0.0,0.08094435769445654,0.3581136400314133,0.5469713837464152,0.4510054707527161,0.5913378894329071,1.2338882088661194
B_fixed_G0,G0-local,57,expression,0.1380755394736542,0.1510743202014317,0.010853113255553765,0.16091071563211895,2.6745011450522727,0.5323591994900809,0.839089284367881,0.2359638280648924,0.0,0.0,0.0,-0.2518799710508155,0.20488357208504782,0.6991409439700391,0.0328121654689312,0.7734896838665009,7.141324806213379
B_fixed_G0,G0-local,57,all,0.18983724173846134,0.21986295970894434,0.025589946817960247,0.18393363501757085,1.4850904116691255,0.5345745457857685,0.8160663649824291,0.32115690605967123,0.0,0.2,0.19999999999999996,-0.08270086901799294,0.3801911416446228,0.6949024878901098,0.0002590705160400831,0.8230463266372681,2.089347052574157
A_native,G1-shared,57,AU,0.10969201729519235,0.13572553667373286,0.07072900939269851,0.22981914282697943,0.6449263235139882,0.4429737747504641,0.7701808571730204,0.21999319239609338,0.0,0.31333333333333335,0.31333333333333335,-0.03480664610637663,0.19971519068521293,0.524750938960207,7.114139007171617e-05,0.5459105968475342,1.2423962116241452
A_native,G1-shared,57,VA,0.17907260860394064,0.24572656821102767,0.07210513989753242,0.35611126036183993,0.7096127271652222,0.8603590739143547,0.6438887396381601,0.28004470023075767,0.0,0.0,0.0,0.029687231151861535,0.30069432734042467,0.48708292648958945,0.36289496123790743,0.656155526638031,1.0574778676033023
A_native,G1-shared,57,expression,0.11962379325066977,0.14072218357722358,0.050028343345129414,0.18026129604356747,7.757628109911456,0.6363018320393092,0.8197387039564326,0.17737973032175164,0.0,0.0,0.0,-0.05901658063584886,0.13561923843617096,0.47988330257217815,0.20019193738698962,0.9442937970161438,11.217937374114996
A_native,G1-shared,57,all,0.11842063290564497,0.14612454620583346,0.06421488669786311,0.22406400125907647,3.454334554966314,0.5382295770160058,0.7759359987409236,0.20911611451799458,0.0,0.188,0.18799999999999994,-0.03694467015031781,0.19282008509215973,0.5228554807482304,0.0006197382695972949,0.6937285661697388,2.2148758888244644
B_fixed_G0,G1-shared,57,AU,0.10833664030050513,0.13778812179563182,0.08835212273784862,0.2534543826774815,0.5945880251300696,0.43883078803509695,0.7465456173225185,0.22910620788623057,0.0,0.3333333333333333,0.33333333333333337,-0.022289908008224443,0.200445909869148,0.5357965240868362,7.700955466134473e-05,0.5407979786396027,1.0383514642715455
B_fixed_G0,G1-shared,57,VA,0.11741790690771095,0.1768675419055647,0.09522227198388647,0.40575903812510405,0.7630023121833801,0.8409143577506215,0.5942409618748958,0.20476831630725284,0.0,0.0,0.0,-0.04017636552577346,0.2061893790218076,0.4075122445137376,0.37506130039691926,0.6130974292755127,1.3809917330741883
B_fixed_G0,G1-shared,57,expression,0.10704220855736293,0.12818343161037613,0.04072358776177552,0.16596059589959025,4.410851651104167,0.6238376351545922,0.8340394041004098,0.1671182369853696,0.0,0.0,0.0,-0.09972542389343443,0.13622611595576078,0.4965930319853385,0.20337708294391632,0.8747116029262543,9.640670108795181
B_fixed_G0,G1-shared,57,all,0.10864892347127611,0.13784097454514463,0.07366060348518826,0.2376407433443661,2.1379349042250397,0.5301996646905774,0.7623592566556339,0.2018772303679884,0.0,0.2,0.19999999999999996,-0.04017636552577344,0.18173307125273405,0.5208553304414139,0.001303362204635053,0.6602390706539154,2.7459841489791867
A_native,T0,58,AU,0.2082486179166114,0.2242658386481301,0.019637367546997405,0.12815050295491257,0.6267353244618478,0.48841362735451116,0.8718494970450873,0.3175178575307145,0.0,0.26,0.26,-0.021835931360035102,0.33581701879298786,0.7010682866407318,0.00012791273184120655,0.8614740967750549,1.0613654851913452
A_native,T0,58,VA,0.12800830961428925,0.25734314480404663,0.1187266894474122,0.5246596200720337,0.6474006563425064,0.8987518802553508,0.47534037992796635,0.2930562322490416,0.0,0.0,0.0,-0.05360342300325665,0.27908306838162433,0.6614735318273297,0.5494064092636108,0.6137998402118683,0.7626144468784334
A_native,T0,58,expression,0.15253786439380398,0.16356415664474522,0.008894618137706901,0.12494019646612305,159.50670991498046,0.4749459351173398,0.8750598035338768,0.20971184200254514,0.0,0.0,0.0,-0.022593870643092446,0.08133085868696878,0.7342566434911169,0.11710830703377724,0.9823981523513794,329.5231994628919
A_native,T0,58,all,0.18400195212512724,0.20748748489952026,0.02412683348805763,0.15884393424786963,60.86754704900736,0.5169310260706835,0.8411560657521304,0.2743249013795912,0.0,0.156,0.15600000000000003,-0.02357277212343833,0.1602714013134796,0.7102209390302952,0.00020094781939405948,0.8614740967750549,36.27781677246094
B_fixed_G0,T0,58,AU,0.19877481468691288,0.21434013799889765,0.02000600038550271,0.13472298905406527,0.6412613081795246,0.4963474060850784,0.8652770109459346,0.30288160955909077,0.0,0.26666666666666666,0.2666666666666667,-0.02553142033019996,0.31002590688038884,0.701380284303658,0.00012617552420124412,0.8807730078697205,1.0614043474197388
B_fixed_G0,T0,58,VA,0.14570964426747893,0.2657752234893603,0.10386679274996657,0.4700517266993415,0.636864286661148,0.8976019852044189,0.5299482733006586,0.3011999165003602,0.0,0.0,0.0,-0.05360342300325665,0.2776137871305018,0.6614735318273297,0.5494064092636108,0.616272360086441,0.7535343527793885
B_fixed_G0,T0,58,expression,0.1580387713242932,0.16920679863692706,0.008184116009885344,0.11471657794286365,121.89840727704578,0.49701041251023204,0.8852834220571364,0.2129884854718124,0.0,0.0,0.0,-0.02202917183660983,0.08374794195512078,0.7342566434911169,0.11710830703377724,0.9482362568378448,241.4099502563478
B_fixed_G0,T0,58,all,0.1814940671773199,0.20401227624230403,0.022931860774462264,0.15514723651010293,46.834041008555396,0.5286599344706747,0.8448527634898971,0.2684764486631056,0.0,0.16,0.16000000000000003,-0.02577966319128708,0.15764499965526968,0.7111011341947837,0.000199607880495023,0.8423136472702026,33.061117172241204
A_native,G0-local,58,AU,0.1966327171503918,0.2066212794874834,0.015380268677644308,0.13023364407668428,0.46282633014082175,0.3906477576926604,0.8697663559233159,0.32151278054762406,0.0,0.26666666666666666,0.2666666666666667,-0.028042595825375306,0.3225677791643534,0.754792011891866,5.858261210960336e-05,0.4684047996997833,0.9810463309288024
A_native,G0-local,58,VA,0.15921724093508216,0.24461329764863046,0.08248764422708413,0.45500461787753343,0.5328181818127632,0.8169009334426016,0.5449953821224667,0.28945336630379626,0.0,0.0,0.0,-0.1808510832682009,0.3350711595096004,0.6672760824056818,0.39496071040630343,0.5588781237602234,0.6102427124977112
A_native,G0-local,58,expression,0.11721359319258673,0.1298888836826319,0.009593543499236886,0.10598316290491963,95.53651761919427,0.40787385259892506,0.8940168370950804,0.18326713641033834,0.0,0.0,0.0,-0.009192491423153232,0.06495085099211789,0.549652104138489,0.003530342737212778,0.7754377126693726,50.98156013488925
A_native,G0-local,58,all,0.16822535938666944,0.18510627428282264,0.018897106664509118,0.14845516800578754,36.688041283272796,0.4302603621226604,0.8515448319942125,0.2657944957101982,0.0,0.16,0.16000000000000003,-0.03169363229872799,0.17636956834539236,0.701050046321139,0.000100966366881039,0.5842921435832977,7.078048038482647
B_fixed_G0,G0-local,58,AU,0.1966327171503918,0.2066212794874834,0.015380268677644308,0.13023364407668428,0.46282633014082175,0.3906477576926604,0.8697663559233159,0.32151278054762406,0.0,0.26666666666666666,0.2666666666666667,-0.028042595825375306,0.3225677791643534,0.754792011891866,5.858261210960336e-05,0.4684047996997833,0.9810463309288024
B_fixed_G0,G0-local,58,VA,0.15921724093508216,0.24461329764863046,0.08248764422708413,0.45500461787753343,0.5328181818127632,0.8169009334426016,0.5449953821224667,0.28945336630379626,0.0,0.0,0.0,-0.1808510832682009,0.3350711595096004,0.6672760824056818,0.39496071040630343,0.5588781237602234,0.6102427124977112
B_fixed_G0,G0-local,58,expression,0.11721359319258673,0.1298888836826319,0.009593543499236886,0.10598316290491963,95.53651761919427,0.40787385259892506,0.8940168370950804,0.18326713641033834,0.0,0.0,0.0,-0.009192491423153232,0.06495085099211789,0.549652104138489,0.003530342737212778,0.7754377126693726,50.98156013488925
B_fixed_G0,G0-local,58,all,0.16822535938666944,0.18510627428282264,0.018897106664509118,0.14845516800578754,36.688041283272796,0.4302603621226604,0.8515448319942125,0.2657944957101982,0.0,0.16,0.16000000000000003,-0.03169363229872799,0.17636956834539236,0.701050046321139,0.000100966366881039,0.5842921435832977,7.078048038482647
A_native,G1-shared,58,AU,0.09822281299808869,0.12438563509250831,0.06967411287330165,0.21671947998570298,0.5855377976194168,0.4652367297886957,0.783280520014297,0.17610385163133346,0.0,0.2733333333333333,0.2733333333333333,-0.07766557744000002,0.1624952089721626,0.48849171677754494,6.805400917073712e-05,0.6529421210289001,1.081032204627991
A_native,G1-shared,58,VA,0.13434820221930405,0.21475659518252913,0.10399604885568561,0.38130206640293607,0.678852553665638,0.8687148174155757,0.6186979335970639,0.2615507006515401,0.0,0.0,0.0,0.0016127045453705909,0.21285562071023906,0.5417687404581658,0.40748170018196106,0.5863968729972839,1.0137395024299622
A_native,G1-shared,58,expression,0.08395599228768648,0.10407377121302912,0.03992638304687306,0.14454548689558394,202.8664696199703,0.525015924135851,0.8554545131044161,0.11715457986019961,0.0,0.0,0.0,-0.04639211591724488,0.02064493488003076,0.43362377500118077,0.023577759228646758,0.8024449050426483,153.4329299926758
A_native,G1-shared,58,all,0.09654746150845721,0.12511551545827665,0.06290059420743523,0.20679040911024354,78.0225753139304,0.5166443189899359,0.7932095908897564,0.16171626904144557,0.0,0.164,0.16400000000000003,-0.048673172940336136,0.11708199864366271,0.4573257278742986,0.00014271616528276353,0.6900986433029175,2.1196834564208995
B_fixed_G0,G1-shared,58,AU,0.09087426952050319,0.12534622824577293,0.08958959281028371,0.23659678799884618,0.5447431826248166,0.43785001618842007,0.7634032120011538,0.18324415199884492,0.0,0.26666666666666666,0.2666666666666667,-0.03133599139546163,0.18615558221302325,0.43207602594243566,5.749486881541088e-05,0.5660526752471924,1.0498481631278993
B_fixed_G0,G1-shared,58,VA,0.0820207200509979,0.17482913010061357,0.15463365241605115,0.42695827986908874,0.627558882534504,0.8430494723016354,0.5730417201309113,0.23481495048920045,0.0,0.0,0.0,-0.09337866903651285,0.3158001171612734,0.47556870290104813,0.3877843379974365,0.5537389814853668,0.928592097759247
B_fixed_G0,G1-shared,58,expression,0.07747886267921725,0.10080565257246074,0.044951567653787536,0.15704286212664295,392.2940576712834,0.4344994200091253,0.8429571378733571,0.1100276107288547,0.0,0.0,0.0,-0.04449282247605251,0.010529444430052624,0.47312333631355313,0.03462064117193222,0.7993151247501373,512.4490783691438
B_fixed_G0,G1-shared,58,all,0.08587945537373125,0.12145187617870028,0.08050894952866633,0.22636845106936057,149.79046448305755,0.46919378190010297,0.7736315489306393,0.16026364089507297,0.0,0.16,0.16000000000000003,-0.043255490406293534,0.06493445647004958,0.46794895932480285,0.00011092397471657023,0.6557788848876953,16.56313457489013
A_native,T0,59,AU,0.15111804018271485,0.16877394496778395,0.0326789493848298,0.17132246635631693,0.7464146356114904,0.5103922679804557,0.828677533643683,0.254569604046843,0.0,0.32,0.31999999999999995,-0.025820716827300572,0.21660378426717095,0.6189618846039169,0.00830643391236663,0.8056723177433014,1.041721558570862
A_native,T0,59,VA,0.1188502972797107,0.20858042157152407,0.06329556620406605,0.4218270119038624,0.7607593193650246,0.8779418277936042,0.5781729880961376,0.23390536117419064,0.0,0.0,0.0,0.010300760384251905,0.2375476842768284,0.3960909277551364,0.4292849898338318,0.6936042904853821,1.2467546582221984
A_native,T0,59,expression,0.12556796881969953,0.13807106617904835,0.015786746923400936,0.09266071651463086,219.0992055216804,0.624479142869611,0.9073392834853692,0.14711244855179356,0.0,0.0,0.0,-0.17374068844118676,0.13978790247223363,0.5582261416789347,0.49037640988826753,1.455249547958374,14.36617622375498
A_native,T0,59,all,0.1403605979143096,0.1621335418836878,0.029722773942711462,0.16619107005078104,87.22418772749558,0.5763040327300373,0.833808929949219,0.20996635010101625,0.0,0.192,0.19199999999999995,-0.06354046533065287,0.17804642666269785,0.5976587355617561,0.19529555290937425,0.8974355161190033,4.945492696762085
B_fixed_G0,T0,59,AU,0.10754661872803915,0.12085474943742198,0.043316657087703436,0.18590589336662722,0.7692750186491973,0.5032059525599787,0.8140941066333729,0.1915544056004145,0.0,0.35333333333333333,0.3533333333333334,-0.11398685984067149,0.11038216629231506,0.6310028063762926,0.018354478478431725,0.914612352848053,1.2668025016784668
B_fixed_G0,T0,59,VA,0.095630699741465,0.18731363367201032,0.0647723340112648,0.41120050146951315,0.8001399666070939,0.8843411707578352,0.5887994985304869,0.21226860940913275,0.0,0.0,0.0,-0.014050931370058214,0.22916125470832577,0.45209021626905,0.43294876515865327,0.6936042904853821,1.2680533885955811
B_fixed_G0,T0,59,expression,0.10705753988174119,0.1184331242999133,0.016861466747076843,0.09802493679376321,6.457127960785874,0.6077478903517616,0.9019750632062369,0.1273716686650288,0.0,0.0,0.0,-0.18218343737032724,0.12543108528862912,0.5596051727180894,0.4969721734523773,1.5078288316726685,18.660330390930223
B_fixed_G0,T0,59,all,0.10643683997829788,0.1253965401321863,0.03656745033258784,0.17580755591154162,3.0821965127105786,0.5671501901091779,0.8241924440884584,0.167593314845813,0.0,0.212,0.21199999999999997,-0.12849201332597365,0.1374279083529543,0.5983126479066787,0.18734895288944248,0.9664183855056763,5.502082061767583
A_native,G0-local,59,AU,0.1422719265440635,0.1601510834156885,0.04881160460224949,0.21949070384527658,0.5552197395676389,0.397849722798153,0.7805092961547234,0.29041408964189896,0.0,0.35333333333333333,0.3533333333333334,-0.04689882628720958,0.23156294430519303,0.7486089222124349,0.00011227546056034045,0.6604228615760803,1.1268251180648805
A_native,G0-local,59,VA,0.14976909413281028,0.24209062622870023,0.04050006255092029,0.3772974448205906,0.6108285829424858,0.8630683136519748,0.6227025551794094,0.2854637974517693,0.0,0.0,0.0,0.0952637546613699,0.2393745686387937,0.5574181988391348,0.4527170091867447,0.5817224681377411,0.7698784768581391
A_native,G0-local,59,expression,0.0971092703672262,0.11375035992006521,0.024733422315377757,0.16488736660668807,1.792050866566933,0.5731223144185831,0.835112633393312,0.17734108423696288,0.0,0.0,0.0,-0.13093322993714454,0.16373813381133312,0.45739697408877733,0.03527760328724981,0.7614718079566956,4.813379621505742
A_native,G0-local,59,all,0.12841964997457533,0.15185801532213,0.04044166290634419,0.21464217520695336,1.063131754935357,0.4911544393849964,0.7853578247930467,0.2439935501688153,0.0,0.212,0.21199999999999997,-0.05569818128507187,0.20379207861940668,0.6562433926350135,0.0004517490044236185,0.6543749570846558,1.7795016050338746
B_fixed_G0,G0-local,59,AU,0.1422719265440635,0.1601510834156885,0.04881160460224949,0.21949070384527658,0.5552197395676389,0.397849722798153,0.7805092961547234,0.29041408964189896,0.0,0.35333333333333333,0.3533333333333334,-0.04689882628720958,0.23156294430519303,0.7486089222124349,0.00011227546056034045,0.6604228615760803,1.1268251180648805
B_fixed_G0,G0-local,59,VA,0.14976909413281028,0.24209062622870023,0.04050006255092029,0.3772974448205906,0.6108285829424858,0.8630683136519748,0.6227025551794094,0.2854637974517693,0.0,0.0,0.0,0.0952637546613699,0.2393745686387937,0.5574181988391348,0.4527170091867447,0.5817224681377411,0.7698784768581391
B_fixed_G0,G0-local,59,expression,0.0971092703672262,0.11375035992006521,0.024733422315377757,0.16488736660668807,1.792050866566933,0.5731223144185831,0.835112633393312,0.17734108423696288,0.0,0.0,0.0,-0.13093322993714454,0.16373813381133312,0.45739697408877733,0.03527760328724981,0.7614718079566956,4.813379621505742
B_fixed_G0,G0-local,59,all,0.12841964997457533,0.15185801532213,0.04044166290634419,0.21464217520695336,1.063131754935357,0.4911544393849964,0.7853578247930467,0.2439935501688153,0.0,0.212,0.21199999999999997,-0.05569818128507187,0.20379207861940668,0.6562433926350135,0.0004517490044236185,0.6543749570846558,1.7795016050338746
A_native,G1-shared,59,AU,0.06186635158889195,0.08462806575453305,0.10127904371659618,0.28866667735253143,0.391986714570287,0.34398946596028507,0.7113333226474685,0.14203567064867273,0.0,0.32666666666666666,0.32666666666666666,-0.041126946430346464,0.1083648202922455,0.42061070219557334,8.218221773859113e-05,0.2928163707256317,0.9144295454025269
A_native,G1-shared,59,VA,0.10054061664241751,0.16845188044339224,0.09683073185285569,0.43364388663614967,0.6773256585001945,0.7982677654992096,0.5663561133638504,0.20790424898315166,0.0,0.0,0.0,0.04359319940239806,0.20526457047109897,0.4150377596619793,0.3257549822330475,0.4976845979690552,1.2958421349525453
A_native,G1-shared,59,expression,0.10057934814373812,0.12422972427045656,0.04506271926649137,0.1692051114424973,4.603527879982721,0.6484928169321,0.8307948885575026,0.17053834681963498,0.0,0.0,0.0,-0.06843191810780112,0.1560899059810405,0.43189506374440895,0.25188883394002914,1.0492507815361023,8.896602630615238
A_native,G1-shared,59,all,0.07734845169072477,0.1040065016547373,0.08293395494346341,0.2620371530040099,2.0966139390060725,0.4777728022343798,0.73796284699599,0.15993410676989941,0.0,0.196,0.19599999999999995,-0.04569413956396589,0.14632168856975197,0.43123029368613314,0.0002442188560962677,0.5658411979675293,2.848479747772217
B_fixed_G0,G1-shared,59,AU,0.0446782997924205,0.06005263393731603,0.07715871009356341,0.2673084016952505,0.42280734265993497,0.3485723634979831,0.7326915983047494,0.10666012943771931,0.0,0.35333333333333333,0.3533333333333334,-0.09109252773015226,0.05464724088938734,0.42691101077731197,8.582587179262191e-05,0.35403797030448914,0.9184623241424561
B_fixed_G0,G1-shared,59,VA,0.10842269036486278,0.16636034261670557,0.07758263830762621,0.3347050931299728,0.6432769641280174,0.7690753801236774,0.6652949068700272,0.22669994457200698,0.0,0.0,0.0,-0.028226432169181925,0.22834440629887875,0.4601240250881619,0.3116249740123749,0.4843481779098511,1.2958421349525453
B_fixed_G0,G1-shared,59,expression,0.08390956468334321,0.10492019302627809,0.031125202903135984,0.15259608922123286,4.653832268886617,0.5909965983416475,0.8474039107787672,0.1395327366079257,0.0,0.0,0.0,-0.07774800976139133,0.10042146770853266,0.4300654747771102,0.09351248666644096,0.8483688235282898,8.896602630615238
B_fixed_G0,G1-shared,59,all,0.06233185580331115,0.08291486954013505,0.06246190204975167,0.23599219701834262,2.1633727565050935,0.45978835997801126,0.7640078029816573,0.13219619479965974,0.0,0.212,0.21199999999999997,-0.08214580887035446,0.09606507852320065,0.4379697754750331,0.00029176699463278065,0.5520627498626709,2.716659975051881
A_native,T0,60,AU,0.07471106698369771,0.08437543840138377,0.05558408061464551,0.18105392164877254,0.6134196684785074,0.5247760206623713,0.8189460783512275,0.10756888896249032,0.0,0.18,0.18000000000000005,-0.05973509978203981,0.10343517652901016,0.295562834868064,0.00010609317832859235,0.5999928712844849,1.1846748828887939
A_native,T0,60,VA,0.1181746074810873,0.13962838254647714,0.0374321343342288,0.30775922503954395,0.7183506831526756,0.8825714493068288,0.6922407749604561,0.15625334669722252,0.0,0.0,0.0,0.007088253105611153,0.13892838939665714,0.38802375024822927,0.490230455994606,0.5998503863811493,1.0505020022392275
A_native,T0,60,expression,0.05281806381465263,0.059910908493498914,0.03711120877722221,0.16297422365425906,15.603741895753775,0.5563433650410183,0.8370257763457409,0.06914346117587654,0.0,0.0,0.0,-0.04518833425310257,0.030967249201131603,0.251168261990039,0.015344024356454612,0.9334199726581573,8.66504573822022
A_native,T0,60,all,0.07118238920939446,0.08096702436246808,0.048220605924236715,0.18540484256178993,6.000524594377631,0.5635012051550949,0.8145951574382101,0.09815030121256002,0.0,0.108,0.10799999999999998,-0.047525501210685495,0.06892552694755263,0.2982110478347291,0.00033431084593758126,0.6592737436294556,2.6056889057159456
B_fixed_G0,T0,60,AU,0.06462194306191338,0.07236968909782504,0.039042219070396005,0.1553144051004109,0.6190614850890604,0.5400266443383382,0.8446855948995892,0.0905189377451098,0.0,0.15333333333333332,0.15333333333333332,-0.07804016562756226,0.06927500054490922,0.29331639915132157,0.00013301711005624385,0.5999928712844849,1.2333064079284668
B_fixed_G0,T0,60,VA,0.11050585987077341,0.14056156555703808,0.02601729503056218,0.31594215456784586,0.6562997177243233,0.8840974248562048,0.6840578454321542,0.15826940731954042,0.0,0.0,0.0,0.016376859115268524,0.15391805737213532,0.38802375024822927,0.48400320708751676,0.5998503863811493,0.9137635767459872
B_fixed_G0,T0,60,expression,0.04084921474166246,0.04804078452510578,0.037303676921862934,0.16671479910876283,2.969400837176363,0.5728154009043696,0.8332852008912373,0.052973754348260946,0.0,0.0,0.0,-0.054493852704560704,0.026286884863244903,0.21036263154431314,0.01080138497054577,0.9644635617733002,5.440172481536871
B_fixed_G0,T0,60,all,0.060685383344141884,0.07003978975129192,0.037443891659678714,0.17181275114047834,1.4506558146912167,0.5780447088808975,0.8281872488595217,0.08325635941797634,0.0,0.092,0.09199999999999997,-0.06722865961427284,0.057073155286446145,0.28276928673113677,0.0002946982800494881,0.6697365045547485,1.9081019163131718
A_native,G0-local,60,AU,0.0852226861794023,0.0956762500246833,0.0317768979748325,0.15448175947362922,0.5562700731918343,0.4912748055310209,0.8455182405263709,0.12110986854009828,0.0,0.15333333333333332,0.15333333333333332,-0.10993300883656372,0.09606661845876895,0.36831930517612194,2.9976929363328966e-05,0.6438001990318298,1.231294679641724
A_native,G0-local,60,VA,0.12001816343622229,0.1700603415607798,0.030624678536938087,0.34413953452216567,0.5920430019497871,0.8469097015199963,0.6558604654778344,0.19503543652565974,0.0,0.0,0.0,-0.05574637148792421,0.18859503632044305,0.38217884520432555,0.440143683552742,0.5903805196285248,0.8159371554851532
A_native,G0-local,60,expression,0.048970413839695734,0.06412528666210571,0.03630952824289664,0.19713149987832096,1.5088783784034603,0.49266653457002557,0.802868500121679,0.07261730996127107,0.0,0.0,0.0,-0.09577316261307355,0.03953058261407224,0.2968257557129084,0.0005052044027252123,0.45563194155693054,3.892660307884217
A_native,G0-local,60,all,0.0764055972112418,0.09153066907154618,0.03313516210558146,0.1833022984070135,0.8951428617032402,0.5201709505026204,0.8166977015929865,0.11053324595597955,0.0,0.092,0.09199999999999997,-0.095921618918152,0.08007396436501978,0.36065808415813755,9.078743314603344e-05,0.5924395322799683,1.34908926486969
B_fixed_G0,G0-local,60,AU,0.0852226861794023,0.0956762500246833,0.0317768979748325,0.15448175947362922,0.5562700731918343,0.4912748055310209,0.8455182405263709,0.12110986854009828,0.0,0.15333333333333332,0.15333333333333332,-0.10993300883656372,0.09606661845876895,0.36831930517612194,2.9976929363328966e-05,0.6438001990318298,1.231294679641724
B_fixed_G0,G0-local,60,VA,0.12001816343622229,0.1700603415607798,0.030624678536938087,0.34413953452216567,0.5920430019497871,0.8469097015199963,0.6558604654778344,0.19503543652565974,0.0,0.0,0.0,-0.05574637148792421,0.18859503632044305,0.38217884520432555,0.440143683552742,0.5903805196285248,0.8159371554851532
B_fixed_G0,G0-local,60,expression,0.048970413839695734,0.06412528666210571,0.03630952824289664,0.19713149987832096,1.5088783784034603,0.49266653457002557,0.802868500121679,0.07261730996127107,0.0,0.0,0.0,-0.09577316261307355,0.03953058261407224,0.2968257557129084,0.0005052044027252123,0.45563194155693054,3.892660307884217
B_fixed_G0,G0-local,60,all,0.0764055972112418,0.09153066907154618,0.03313516210558146,0.1833022984070135,0.8951428617032402,0.5201709505026204,0.8166977015929865,0.11053324595597955,0.0,0.092,0.09199999999999997,-0.095921618918152,0.08007396436501978,0.36065808415813755,9.078743314603344e-05,0.5924395322799683,1.34908926486969
A_native,G1-shared,60,AU,0.05271079186998013,0.06088068299356188,0.09182056762017714,0.25140956289744737,0.41122744431693153,0.3788553373954088,0.7485904371025527,0.08610713154974142,0.0,0.18666666666666668,0.18666666666666665,-0.10390457057957955,0.05137190123453516,0.3088005254242634,4.551884339889512e-05,0.24703826010227203,1.0846848785877234
A_native,G1-shared,60,VA,0.09466682268542953,0.12131341957345373,0.056206958871062904,0.39855458707145647,0.6328084096312523,0.8384233778418361,0.6014454129285436,0.14576804417232625,0.0,0.0,0.0,-0.011898008695198652,0.15769382954392333,0.33419529819738514,0.4010395407676697,0.5515881478786469,1.1589989304542543
A_native,G1-shared,60,expression,0.03445027984214374,0.04422478999596039,0.06511636480210659,0.2003665188147147,7.598438503127727,0.41892872267976927,0.7996334811852853,0.05854252332955492,0.0,0.0,0.0,-0.0391572660882767,0.023325969712786464,0.20249349235111241,0.0015292337164282798,0.48040178418159485,6.693633317947413
A_native,G1-shared,60,all,0.050223910486308435,0.060385416160720747,0.08042613401846542,0.24684739072489362,3.0211756605833733,0.4284442639221184,0.7531526092751063,0.08154879639134852,0.0,0.112,0.11199999999999999,-0.06161675162443369,0.048688746009931755,0.2740628803334868,7.760767693980597e-05,0.40932896733283997,1.4666173100471498
B_fixed_G0,G1-shared,60,AU,0.035722318917456766,0.04263223577292356,0.07167389653247098,0.21553825186336634,0.4164528888812587,0.3824542304734861,0.7844617481366336,0.06700193546599005,0.0,0.15333333333333332,0.15333333333333332,-0.06343354946182457,0.034528123533993954,0.2925481919000053,4.515367400017567e-05,0.19491852819919586,1.1685996294021606
B_fixed_G0,G1-shared,60,VA,0.11361787511138126,0.13702205103753468,0.019277409109204665,0.21497219349467933,0.5549615755677223,0.7859900928398561,0.7850278065053208,0.18020457181594918,0.0,0.0,0.0,0.05502047693124742,0.20771313742097025,0.3117269892817738,0.3376363694667816,0.48900163173675537,0.7540192484855658
B_fixed_G0,G1-shared,60,expression,0.027177050890467208,0.03715862615518552,0.06827555244401953,0.21993015800212765,3.4744360236567444,0.4383137020382759,0.7800698419978723,0.05070294401530053,0.0,0.0,0.0,-0.04701712782784161,0.025717537579820607,0.20249349235111241,0.003237831220030785,0.42865994572639465,6.1498855590820325
B_fixed_G0,G1-shared,60,all,0.03921947764433407,0.04843186591641629,0.06639470743030522,0.21689837715827498,1.5063596048097527,0.43261213036352836,0.7831016228417251,0.07123159806926767,0.0,0.092,0.09199999999999997,-0.06110861508710035,0.03736295999413902,0.266084882505325,7.302929443540052e-05,0.40139999985694885,1.458259963989258
A_native,T0,61,AU,0.0779945413538127,0.08578356820868348,0.06014610139786958,0.14294120120413367,0.5609826390310765,0.6579136862560993,0.8570587987958663,0.09435488564309939,0.0,0.013333333333333334,0.013333333333333308,-0.0370684937397543,0.04315268460454408,0.33350127913908667,0.00040319202526006853,0.5995818376541138,1.0259510159492493
A_native,T0,61,VA,0.1453328226451032,0.17282526262055278,0.020259224567030377,0.21744466726061368,0.817985512316227,0.9579572868808756,0.7825553327393863,0.1813552056715088,0.0,0.0,0.0,0.04066980241663781,0.21842124816800673,0.2770919473466883,0.6745565533638,0.794731855392456,1.0226552605628967
A_native,T0,61,expression,0.04862141618199005,0.05260264875467903,0.024028921136202166,0.1152914838754094,1.2436108356574551,0.6521743902034103,0.8847085161245906,0.04845883260104457,0.0,0.0,0.0,-0.05682489341277402,0.011471871943264156,0.23511173718991615,0.026562098786234858,0.6993626952171326,3.6574439048767107
A_native,T0,61,all,0.0739822038021327,0.0821290095363516,0.045397653567668866,0.1400535689434603,0.8019113212722592,0.6800805995692208,0.8599464310565397,0.0865658620834373,0.0,0.008,0.008000000000000007,-0.04685188327648492,0.039977978769907135,0.2786937281760152,0.007140136696398267,0.673810213804245,1.0701793789863587
B_fixed_G0,T0,61,AU,0.06791981109793052,0.07528086958092578,0.0610095406083346,0.14478476842392926,0.5345850736366441,0.6487644561795075,0.8552152315760708,0.08555802901150801,0.0,0.03333333333333333,0.033333333333333326,-0.042669787457215703,0.035507548414493884,0.2814038266960606,0.0003921043826267123,0.5766155123710632,0.9947270750999451
B_fixed_G0,T0,61,VA,0.1397520470635649,0.16107816513018322,0.018028260207898737,0.1914911799315803,0.8403309643268585,0.9745621013628369,0.8085088200684197,0.1655262968355722,0.0,0.0,0.0,0.04066980241663781,0.1803666005029998,0.2770919473466883,0.718544739484787,0.794731855392456,0.984525752067566
B_fixed_G0,T0,61,expression,0.04881075967400651,0.05268688534481154,0.020910247341215858,0.10186389603637344,0.996827358903829,0.6724345483318752,0.8981361039636265,0.051676710096624355,0.0,0.0,0.0,-0.0555890261151353,0.013329877721941191,0.23529504412990832,0.03397304974496365,0.7136538326740265,3.5567247867584237
B_fixed_G0,T0,61,all,0.0675514935195256,0.07491457826930982,0.04473926433082174,0.1347866021805235,0.7104801782700281,0.6824026972829315,0.8652133978194766,0.08102276306575532,0.0,0.02,0.020000000000000018,-0.04768577913596503,0.036196410631341304,0.2699160988281489,0.006165239773690707,0.6834657192230225,1.0686959505081177
A_native,G0-local,61,AU,0.11085267667506206,0.1188218512319915,0.032497201415916804,0.09792686543834181,0.4646593722612532,0.5708678629258965,0.9020731345616582,0.12154719049408919,0.0,0.03333333333333333,0.033333333333333326,-0.0709206657001548,0.05162087150863365,0.3917049398885017,9.145392832579092e-05,0.5774545073509216,0.8770822644233703
A_native,G0-local,61,VA,0.1825621996757286,0.20570698020591868,0.012350472546933717,0.14931331945336976,0.738319244980812,0.9396769517514434,0.8506866805466302,0.22063993083496336,0.0,0.0,0.0,0.03407502029419196,0.2346545364394525,0.3301468267709584,0.5721322238445282,0.7938595712184906,0.8589498281478882
A_native,G0-local,61,expression,0.054606012642623436,0.05916816577119018,0.025080078205677835,0.14220149479116317,0.7450750117424831,0.4969585886103488,0.8577985052088369,0.0710379013297667,0.0,0.0,0.0,-0.05783464276360704,0.051361645819921906,0.26440748379121237,0.0009230581868905574,0.4180011749267578,3.097888922691346
A_native,G0-local,61,all,0.09859050602473501,0.10668348220244926,0.02851198367912169,0.11620566315244688,0.5785632441505983,0.576721622250965,0.8837943368475533,0.11314356467234095,0.0,0.02,0.020000000000000018,-0.05945638526445195,0.057438527077141886,0.3548573057078125,0.0003018514893483371,0.5774550437927246,0.962222933769226
B_fixed_G0,G0-local,61,AU,0.11085267667506206,0.1188218512319915,0.032497201415916804,0.09792686543834181,0.4646593722612532,0.5708678629258965,0.9020731345616582,0.12154719049408919,0.0,0.03333333333333333,0.033333333333333326,-0.0709206657001548,0.05162087150863365,0.3917049398885017,9.145392832579092e-05,0.5774545073509216,0.8770822644233703
B_fixed_G0,G0-local,61,VA,0.1825621996757286,0.20570698020591868,0.012350472546933717,0.14931331945336976,0.738319244980812,0.9396769517514434,0.8506866805466302,0.22063993083496336,0.0,0.0,0.0,0.03407502029419196,0.2346545364394525,0.3301468267709584,0.5721322238445282,0.7938595712184906,0.8589498281478882
B_fixed_G0,G0-local,61,expression,0.054606012642623436,0.05916816577119018,0.025080078205677835,0.14220149479116317,0.7450750117424831,0.4969585886103488,0.8577985052088369,0.0710379013297667,0.0,0.0,0.0,-0.05783464276360704,0.051361645819921906,0.26440748379121237,0.0009230581868905574,0.4180011749267578,3.097888922691346
B_fixed_G0,G0-local,61,all,0.09859050602473501,0.10668348220244926,0.02851198367912169,0.11620566315244688,0.5785632441505983,0.576721622250965,0.8837943368475533,0.11314356467234095,0.0,0.02,0.020000000000000018,-0.05945638526445195,0.057438527077141886,0.3548573057078125,0.0003018514893483371,0.5774550437927246,0.962222933769226
A_native,G1-shared,61,AU,0.0675772170180917,0.07565074918709255,0.06290394218445679,0.17538286641082373,0.4779166056029263,0.48626792845088074,0.8246171335891762,0.09261242988316737,0.0,0.11333333333333333,0.11333333333333329,-0.035446333882193856,0.036113245562412764,0.2810074203293011,0.00011211977398488672,0.40112388134002686,1.0433053255081175
A_native,G1-shared,61,VA,0.10183681081938463,0.1405761459164472,0.03869036200703281,0.30533212401948423,0.6829641401767731,0.890309035037198,0.6946678759805158,0.15147253660955287,0.0,0.0,0.0,0.06113353239108215,0.11983475274371293,0.2827587821346909,0.48563893139362335,0.7337377965450287,0.8582107603549958
A_native,G1-shared,61,expression,0.018514361324009784,0.02771634782423636,0.0432445546058836,0.1640411950856538,0.9020212719857227,0.5414495040751033,0.8359588049143462,0.0304818320891845,0.0,0.0,0.0,-0.03711149135921121,0.0012219708208725509,0.15734220282190392,0.0070853644981980326,0.4370856285095215,2.199141120910646
A_native,G1-shared,61,all,0.054617870700088916,0.06550577248932694,0.05467585174511946,0.18214947219546218,0.64113258844456,0.5362493211775373,0.8178505278045377,0.07633240546689732,0.0,0.068,0.06799999999999995,-0.03582658063684167,0.027230102888342197,0.23948485000946196,0.00028815312543883925,0.47561126947402954,1.1126581430435183
B_fixed_G0,G1-shared,61,AU,0.06358484544061564,0.07162669749633481,0.06777556475412579,0.16514494405719526,0.4286158961109573,0.499909084271142,0.8348550559428046,0.07976789321256789,0.0,0.03333333333333333,0.033333333333333326,-0.04494059201219704,0.0225903920598712,0.2704681058208263,9.192470170091838e-05,0.36632123589515686,1.0156311750411986
B_fixed_G0,G1-shared,61,VA,0.10147306190532095,0.14349892898419536,0.03288644626239591,0.3419892777000842,0.7309729933738709,0.9353719592689445,0.6580107222999156,0.1502160291931251,0.0,0.0,0.0,0.05229353180972626,0.13200219657624235,0.2625497279665503,0.5707741022109986,0.7501081228256226,0.8582107603549958
B_fixed_G0,G1-shared,61,expression,0.014378532508831005,0.021621622073215635,0.04294240323578206,0.16208828050095617,0.7012381916400046,0.49706522184381763,0.8379117194990439,0.023721663065639352,0.0,0.0,0.0,-0.037260671088800455,0.00034169801360850536,0.1151887149474543,0.006549533735960723,0.3280673772096634,1.565597355365754
B_fixed_G0,G1-shared,61,all,0.05086988261962098,0.06137485187996552,0.057037823588917395,0.1783143584106299,0.542317633203129,0.5338360782942224,0.8216856415893701,0.06721795161198364,0.0,0.02,0.020000000000000018,-0.039459919710095034,0.022394232456059045,0.2335571247648254,0.00020552768837660558,0.4336775243282318,1.0867455959320067
A_native,T0,62,AU,0.030906412880531586,0.03526179706583633,0.04964226750505926,0.16421937858588634,0.36319084263247103,0.34522728700892924,0.8357806214141137,0.05534377521429793,0.0,0.19333333333333333,0.19333333333333336,-0.025617025139982246,0.01026214143924997,0.19219889100198623,0.0001493390154791996,0.19820906221866608,0.8769983053207397
A_native,T0,62,VA,0.024104753053084158,0.011823815273801172,0.042100171139874853,0.3813447219657918,0.4809413380920887,0.7151680117050025,0.6186552780342082,0.014291974223612022,0.0,0.0,0.0,-0.17374392195776805,0.0020806458788560443,0.21608971388588097,0.23435317426919938,0.44446174800395966,0.680092477798462
A_native,T0,62,expression,0.016706929615408768,0.02316107063010735,0.04389029573234533,0.20704268894297542,4.056569282028067,0.4719271551977095,0.7929573110570246,0.03236663195391802,0.0,0.0,0.0,-0.060434332385486185,0.01073364898704894,0.15836754970541858,0.014873252995312215,0.49377936124801636,5.738298606872562
A_native,T0,62,all,0.025818445449496488,0.029514526063040242,0.04719826882857606,0.19529286537054727,1.710816566889666,0.41536650280502474,0.8047071346294528,0.04331116217970919,0.0,0.116,0.11599999999999999,-0.05449524134600408,0.01026214143924997,0.19555262519778188,0.0002467234153300524,0.3320469558238983,2.062748432159424
B_fixed_G0,T0,62,AU,0.02154811774453329,0.024695038067918708,0.09769847711047594,0.23780109787672743,0.4565738188095717,0.325728399158438,0.7621989021232726,0.04295852026483,0.0,0.2,0.19999999999999996,-0.04055309591634757,0.011460680337181554,0.15872823473545644,0.0001465718451072462,0.16157764196395874,0.927825349569321
B_fixed_G0,T0,62,VA,0.035081820558366845,0.028778284353590165,0.07183277135941434,0.43584945048529705,0.5381171345710755,0.7642478136448602,0.5641505495147029,0.040151966043956495,0.0,0.0,0.0,-0.17374392195776805,0.042043549765714235,0.2765377557085501,0.2512953758239746,0.5066220313310623,0.7056143581867219
B_fixed_G0,T0,62,expression,0.018376376360814538,0.026969812767674444,0.06626976791021788,0.21955345414353777,49.066726915939945,0.47291527998199445,0.7804465458564622,0.04178339568016205,0.0,0.0,0.0,-0.04445886321360315,0.011037437087977395,0.18438560729607414,0.02162356767803431,0.666195422410965,35.33452224731453
B_fixed_G0,T0,62,all,0.021615856726849975,0.025749625674694257,0.08557203370630843,0.24780572009079233,18.14040615556257,0.40790975418088987,0.7521942799092077,0.04227606094123497,0.0,0.12,0.12,-0.05005423047291082,0.011450045046055974,0.18619441679513327,0.00023340863408520817,0.39701393246650696,3.3870433330535796
A_native,G0-local,62,AU,0.039591295029150333,0.047807929736766765,0.09129739776065036,0.24091332024710188,0.3625385167751915,0.36546459982309265,0.7590866797528981,0.07909219624836306,0.0,0.2,0.19999999999999996,-0.05341613725765771,0.05375140891937487,0.25748032081445116,5.873667359992396e-05,0.2180674821138382,0.8722177088260651
A_native,G0-local,62,VA,0.053941942864833045,0.06078809454913727,0.07040564770823159,0.44256026487895495,0.4706401079893112,0.7057812044971761,0.557439735121045,0.09094985291924827,0.0,0.0,0.0,-0.09393773068138979,0.06839847012240109,0.2462057821469715,0.2688573613762856,0.4076297879219055,0.6115870237350465
A_native,G0-local,62,expression,0.027372711864736988,0.03657984196066229,0.03985062316913104,0.20418280054643628,30.02977904245963,0.44986409235958896,0.7958171994535637,0.05770502405018661,0.0,0.0,0.0,-0.0400086940211707,0.024272963375258298,0.1924891839740769,0.0021579434629529714,0.5600765347480774,16.902651596069457
A_native,G0-local,62,all,0.03682940024339268,0.045253354833402974,0.07316308988717068,0.2452913095134371,11.160453398043543,0.4196977658086981,0.7547086904865627,0.07239301151001575,0.0,0.12,0.12,-0.052920018471481936,0.04096122775826962,0.23941708168614967,9.762215777300299e-05,0.38942818343639374,1.558093166351318
B_fixed_G0,G0-local,62,AU,0.039591295029150333,0.047807929736766765,0.09129739776065036,0.24091332024710188,0.3625385167751915,0.36546459982309265,0.7590866797528981,0.07909219624836306,0.0,0.2,0.19999999999999996,-0.05341613725765771,0.05375140891937487,0.25748032081445116,5.873667359992396e-05,0.2180674821138382,0.8722177088260651
B_fixed_G0,G0-local,62,VA,0.053941942864833045,0.06078809454913727,0.07040564770823159,0.44256026487895495,0.4706401079893112,0.7057812044971761,0.557439735121045,0.09094985291924827,0.0,0.0,0.0,-0.09393773068138979,0.06839847012240109,0.2462057821469715,0.2688573613762856,0.4076297879219055,0.6115870237350465
B_fixed_G0,G0-local,62,expression,0.027372711864736988,0.03657984196066229,0.03985062316913104,0.20418280054643628,30.02977904245963,0.44986409235958896,0.7958171994535637,0.05770502405018661,0.0,0.0,0.0,-0.0400086940211707,0.024272963375258298,0.1924891839740769,0.0021579434629529714,0.5600765347480774,16.902651596069457
B_fixed_G0,G0-local,62,all,0.03682940024339268,0.045253354833402974,0.07316308988717068,0.2452913095134371,11.160453398043543,0.4196977658086981,0.7547086904865627,0.07239301151001575,0.0,0.12,0.12,-0.052920018471481936,0.04096122775826962,0.23941708168614967,9.762215777300299e-05,0.38942818343639374,1.558093166351318
A_native,G1-shared,62,AU,0.013648952171778304,0.015058161795655481,0.07427740927335671,0.2576150719597533,0.30208169560259607,0.20541209671858565,0.7423849280402467,0.0044475888675135555,0.0,0.20666666666666667,0.20666666666666667,-0.12986022972239805,-0.0057890567365176835,0.13012529927063843,2.8064330035704187e-05,0.00034866484929807484,0.8206237912178039
A_native,G1-shared,62,VA,0.018926105325496625,0.021503967711705277,0.05684244891782566,0.47847128090260266,0.4034696608781815,0.6389647905388537,0.5215287190973974,0.037349558950592165,0.0,0.0,0.0,-0.15960203559443653,0.026261252232415266,0.2672633367521464,0.21938669681549072,0.35017403960227966,0.5471848905086524
A_native,G1-shared,62,expression,0.011358689023402566,0.012187506155217982,0.0788519166644087,0.2486346351172032,1.0130571909923674,0.44107366529668524,0.7513653648827968,0.022078388576126096,0.0,0.0,0.0,-0.07039504509149265,-0.0011749820683631456,0.1498717318446262,0.0015891109593212606,0.3023107051849365,2.9114702939987245
A_native,G1-shared,62,all,0.013338240216595533,0.014655216463999468,0.07434645481005087,0.2724098288855652,0.5710579464550775,0.31550801416919894,0.7275901711144348,0.013892809773223947,0.0,0.124,0.124,-0.12376124646171226,-0.002383036721625137,0.14484866501333546,7.011441775830463e-05,0.1253199726343155,1.0026932477951052
B_fixed_G0,G1-shared,62,AU,0.004390681674359306,0.006019663045822552,0.1177422041274204,0.29004642751704923,0.26981658582138457,0.20465268302956324,0.7099535724829508,0.0088404644376364,0.0,0.2,0.19999999999999996,-0.08098687884506454,-0.0004358048180444482,0.11586764046465955,3.091792495979462e-05,0.0003397202817723155,0.9728011190891268
B_fixed_G0,G1-shared,62,VA,0.01342835721027806,0.012435253637062512,0.08642545480561084,0.5551429998229717,0.42450029477477075,0.6639993099465099,0.44485700017702834,0.023506157452946336,0.0,0.0,0.0,-0.16542313931321262,0.026474164024403307,0.20039177541096975,0.22410719096660614,0.4203779697418213,0.5307080805301667
B_fixed_G0,G1-shared,62,expression,0.011065098686624994,0.015985544259531744,0.08471253531401896,0.21795937329692983,14.177716034489276,0.3713124825466025,0.7820406267030702,0.030329557958212648,0.0,0.0,0.0,-0.04037708293981954,0.007601030846553858,0.11696815094461975,0.0017344887368381024,0.2911805808544159,36.65039100646977
B_fixed_G0,G1-shared,62,all,0.007249509161157826,0.00972199228150869,0.10466737016138718,0.28818629595108486,5.341296722514562,0.29473154902837156,0.7118137040489152,0.017987925082874123,0.0,0.12,0.12,-0.07378310994517602,0.005206271398146834,0.12743184930185716,5.3283805391401985e-05,0.1205410361289978,1.3689201116561884
A_native,T0,63,AU,0.05412795756486415,0.060685687265193924,0.05461533980157969,0.15086157787411159,0.7461155840122896,0.5600356521082704,0.8491384221258886,0.07731913815772849,0.0,0.18666666666666668,0.18666666666666665,-0.04635828405007033,0.04034056201848058,0.24615871256080937,0.0002466885183821434,0.652094304561615,1.2410444617271426
A_native,T0,63,VA,0.12580836385243843,0.12717533234656955,0.02314113877661477,0.12819507278766346,0.6680755972862243,0.8899455037395263,0.8718049272123366,0.14844012939802526,0.0,0.0,0.0,-0.02771772211466921,0.1786946518415897,0.2855553299158778,0.5048885494470596,0.6012444198131561,0.937590265274048
A_native,T0,63,expression,0.030883034030887456,0.03387746092693156,0.021460046404465763,0.10956759546412886,47.584653561282906,0.649407805606317,0.8904324045358714,0.03633734009860819,0.0,0.0,0.0,-0.05066191689056038,-0.0018693225938015159,0.2288455901363197,0.14344913959503175,0.8613269329071045,9.068505191802984
A_native,T0,63,all,0.05242401453699755,0.05742622644346001,0.04148770983250604,0.13583418309600126,17.61783737881917,0.6150275293581458,0.8641658169039989,0.06895821914906322,0.0,0.112,0.11199999999999999,-0.04965880135513385,0.03200624380702016,0.24155728632876755,0.03525651879608632,0.7060875296592712,2.2132246017456056
B_fixed_G0,T0,63,AU,0.04643108493926542,0.05063602151238,0.037622136522863024,0.12026533925339261,0.6949182305530602,0.5847782253121864,0.8797346607466076,0.06174711430518613,0.0,0.17333333333333334,0.17333333333333334,-0.053002080165083044,0.03438819182918519,0.20814146642591405,0.00031718735990580175,0.6928558051586151,1.2380988597869873
B_fixed_G0,T0,63,VA,0.09045272582481724,0.09436646269129159,0.015880494427075856,0.17253007251423785,0.5764687567949295,0.8458422890808788,0.8274699274857621,0.1144530948747744,0.0,0.0,0.0,-0.0928958334463572,0.16546677254989745,0.24526855977573167,0.45271805822849276,0.5443236827850342,0.6731136560440065
B_fixed_G0,T0,63,expression,0.028768413784244808,0.03302919868293847,0.021806131032028515,0.11833075366987815,3.0834442345949356,0.6353924127723607,0.8816692463301219,0.037651508654091906,0.0,0.0,0.0,-0.06115741354832432,0.007506410629633151,0.18098890454669594,0.1857542008161545,0.9305277764797211,7.252290678024302
B_fixed_G0,T0,63,all,0.04430076144050297,0.04850027350127164,0.030821683398133005,0.1238274505275356,1.5373873861253256,0.6218598904009375,0.8761725494724645,0.05784743198065143,0.0,0.104,0.10399999999999998,-0.05671433452699547,0.023504670128202863,0.2151070809581984,0.01945276223123074,0.7186543345451355,2.2650968313217175
A_native,G0-local,63,AU,0.09831620245679351,0.10732223891906813,0.026078718118854458,0.13718791579252265,0.5853113378445503,0.5189168507283585,0.8628120842074775,0.1285090351539137,0.0,0.17333333333333334,0.17333333333333334,-0.04725710723647229,0.13738631238214516,0.3228831253439674,4.225108750688378e-05,0.7324119210243225,1.1500209093093872
A_native,G0-local,63,VA,0.12066058386241993,0.13819530589361434,0.01678567549194108,0.1678896909290815,0.5118115812540054,0.7915886640359858,0.8321103090709185,0.1762336985622129,0.0,0.0,0.0,0.07449262697895524,0.18849556259338118,0.26070929685985084,0.41440061032772063,0.4724384844303131,0.6691878318786623
A_native,G0-local,63,expression,0.05584779784753222,0.0616545816516119,0.015748697490603158,0.11076022165201929,0.9151922402475975,0.565324448719305,0.8892397783479808,0.07239464322008633,0.0,0.0,0.0,-0.046200718540353874,0.030545700660605662,0.2131909008389507,0.000389106958755292,0.7046138346195221,1.7167232155799892
A_native,G0-local,63,all,0.08651386349428,0.09517843395144585,0.022029668107660973,0.1311871956784863,0.6965634675786256,0.5555810271500716,0.8688128043215138,0.11272931155328779,0.0,0.104,0.10399999999999998,-0.04116339335430638,0.09607335090444284,0.29332788843792484,0.00011494661739561707,0.660416454076767,1.2030493617057803
B_fixed_G0,G0-local,63,AU,0.09831620245679351,0.10732223891906813,0.026078718118854458,0.13718791579252265,0.5853113378445503,0.5189168507283585,0.8628120842074775,0.1285090351539137,0.0,0.17333333333333334,0.17333333333333334,-0.04725710723647229,0.13738631238214516,0.3228831253439674,4.225108750688378e-05,0.7324119210243225,1.1500209093093872
B_fixed_G0,G0-local,63,VA,0.12066058386241993,0.13819530589361434,0.01678567549194108,0.1678896909290815,0.5118115812540054,0.7915886640359858,0.8321103090709185,0.1762336985622129,0.0,0.0,0.0,0.07449262697895524,0.18849556259338118,0.26070929685985084,0.41440061032772063,0.4724384844303131,0.6691878318786623
B_fixed_G0,G0-local,63,expression,0.05584779784753222,0.0616545816516119,0.015748697490603158,0.11076022165201929,0.9151922402475975,0.565324448719305,0.8892397783479808,0.07239464322008633,0.0,0.0,0.0,-0.046200718540353874,0.030545700660605662,0.2131909008389507,0.000389106958755292,0.7046138346195221,1.7167232155799892
B_fixed_G0,G0-local,63,all,0.08651386349428,0.09517843395144585,0.022029668107660973,0.1311871956784863,0.6965634675786256,0.5555810271500716,0.8688128043215138,0.11272931155328779,0.0,0.104,0.10399999999999998,-0.04116339335430638,0.09607335090444284,0.29332788843792484,0.00011494661739561707,0.660416454076767,1.2030493617057803
A_native,G1-shared,63,AU,0.03448947746563656,0.04077354985912125,0.10591621473820287,0.24060410359853146,0.4352165024958997,0.3352078379955928,0.7593958964014685,0.05121531421216033,0.0,0.12666666666666668,0.1266666666666667,-0.05425042705484622,0.03821107511203851,0.17669539304207427,4.316948979976587e-05,0.13863442838191986,0.993590772151947
A_native,G1-shared,63,VA,0.07045610545549028,0.09109974085347339,0.03625495823548837,0.3320363066853404,0.6127966195344925,0.8485562695626113,0.6679636933146597,0.1063603968079218,0.0,0.0,0.0,-0.002922026768429702,0.12031696529910899,0.18959033087379817,0.36529138386249543,0.5931753218173981,0.8388799488544465
A_native,G1-shared,63,expression,0.00792216982614424,0.010985559798230488,0.046589062614467006,0.18001198256659004,8.31802170838164,0.5075225047548619,0.8199880174334101,0.015818764257949407,0.0,0.0,0.0,-0.04181098115208838,-0.0006278497048000683,0.0930415421534509,0.0058629205916076906,0.4072815775871277,2.7615699052810743
A_native,G1-shared,63,all,0.02886526926018732,0.03526748831918438,0.08135862553839024,0.22852920111525493,3.180567233282181,0.43141640588392044,0.7714707988847451,0.043731234799079616,0.0,0.076,0.07599999999999996,-0.04601124962475406,0.024014951889493288,0.16849666673367758,6.620247586397454e-05,0.3026142418384552,1.1217619180679321
B_fixed_G0,G1-shared,63,AU,0.02158844181128603,0.02600615545032011,0.07540429171909795,0.21372697555172426,0.4085590772369136,0.3667128039979484,0.7862730244482756,0.04251937771065996,0.0,0.17333333333333334,0.17333333333333334,-0.04632277045031837,0.029830514465856314,0.15192107671128116,4.9251526797888806e-05,0.22531873732805252,1.0256795763969422
B_fixed_G0,G1-shared,63,VA,0.05304248914092069,0.06953683837344556,0.024420557173389573,0.23068190638603628,0.4699230663478374,0.7364178875695548,0.7693180936139639,0.0927429124843788,0.0,0.0,0.0,-0.006130199113793068,0.1130063905005309,0.1810431481465833,0.2743742257356644,0.43235792219638824,0.6802185475826266
B_fixed_G0,G1-shared,63,expression,0.015428381316679087,0.018669003789158985,0.05810550445091143,0.19905716228118683,1.5595017489453311,0.48663800115963907,0.8009428377188131,0.01833180234138347,0.0,0.0,0.0,-0.04423048139275907,0.009963557764787918,0.09693515481135098,0.009994481364265085,0.3674493432044983,3.6315928220748974
B_fixed_G0,G1-shared,63,all,0.022133546239382584,0.027140721552598588,0.0657899810296216,0.2103890297718973,0.825088959017681,0.43466527377541797,0.7896109702281028,0.03836520211214325,0.0,0.104,0.10399999999999998,-0.04400641274315523,0.01787667612721005,0.14755951863017927,0.00010213958667009138,0.32229019701480865,1.2324089169502264
A_native,T0,64,AU,0.07226559430975611,0.07684074498115304,0.0459514074482651,0.17052029936028476,1.0094601979188444,0.4328419112826816,0.8294797006397152,0.13353232871200718,0.0,0.32666666666666666,0.32666666666666666,-0.030579990300303693,0.06372290929057046,0.39132407509931444,0.0009891727240756154,0.6744709014892578,2.5168347358703613
A_native,T0,64,VA,0.07952395562823518,0.13604846272820195,0.06347187186793135,0.4810031080846631,0.8961656033992768,0.9443449735199183,0.518996891915337,0.14652910102985114,0.0,0.0,0.0,-0.024449861828742814,0.10731061955427096,0.3899666247286096,0.5856984615325928,0.8228360414505005,1.2743787646293643
A_native,T0,64,expression,0.023494996820390857,0.03240691666741029,0.0469653304263921,0.1695767742818309,468.87941618985496,0.6001613999625418,0.8304232257181692,0.05006295093323412,0.0,0.0,0.0,-0.05229958782047587,0.021527163708143712,0.1899356461216231,0.28893770426511767,1.4405367970466614,17.449770355224647
A_native,T0,64,all,0.057239672018637555,0.06735853734051926,0.04767749995483903,0.1950569960331298,187.21508501117506,0.5273043926392158,0.8049430039668701,0.10160389699088794,0.0,0.196,0.19599999999999995,-0.04063840244794855,0.042848501538370984,0.3483793602474594,0.10025209188461304,0.9511271715164185,4.123378753662109
B_fixed_G0,T0,64,AU,0.04669252975710723,0.05049756152116076,0.04208389200164331,0.1573615961324883,0.6900085710641383,0.38979294262868247,0.8426384038675117,0.0813825864375303,0.0,0.3466666666666667,0.3466666666666667,-0.057889022290711585,0.019073210651598158,0.3230137056044619,0.00020247776701580735,0.530312716960907,1.5971196889877317
B_fixed_G0,T0,64,VA,0.01503048582087973,0.0548776978722685,0.08314113304374493,0.5833251605361156,0.8526558890938759,0.9127323300185619,0.41667483946388445,0.05663832791993101,0.0,0.0,0.0,-0.16041576010161762,0.03868916567680321,0.2595897516285926,0.53669875562191,0.8089992105960846,1.2787553787231447
B_fixed_G0,T0,64,expression,0.026073678018256496,0.035766550921223335,0.05866504140482629,0.19357171352769914,466.1001085815718,0.5937196006331514,0.8064282864723008,0.04292938588109892,0.0,0.0,0.0,-0.05371146720625271,0.005600708543316994,0.18731140567339347,0.2435059115290642,1.0967557430267334,14.089909648895263
B_fixed_G0,T0,64,all,0.0375615336857768,0.046134049037269406,0.05067443909403,0.20302591885124593,188.75092244581768,0.4968846241813029,0.7969740811487541,0.06334651969578033,0.0,0.208,0.20799999999999996,-0.06197793576360198,0.013824236126264353,0.27401544766684116,0.03168781697750093,0.7664559781551361,4.1665102958679325
A_native,G0-local,64,AU,0.05830972608840783,0.06775595636830331,0.05307257432468365,0.21166268868811666,0.6788799666455073,0.3592470886559023,0.7883373113118833,0.11630021573754572,0.0,0.3466666666666667,0.3466666666666667,-0.06082397121493197,0.0909703683050171,0.34056455437371974,5.662452094838955e-05,0.6078701317310333,1.432858443260193
A_native,G0-local,64,VA,0.0013277738184956835,0.00019843028805827494,0.09196927380988534,0.5902904052629666,0.8694061458110809,0.8830899329572157,0.4097095947370333,0.003883794448950218,0.0,0.0,0.0,-0.16122953089286593,-0.02267045305488522,0.2003570569055421,0.5128099262714386,0.657099187374115,1.5281994700431825
A_native,G0-local,64,expression,0.030792301418377115,0.03669058578351793,0.047461213216390324,0.20782867901905452,202.78545735662573,0.48710690127809714,0.7921713209809456,0.04057271598397786,0.0,0.0,0.0,-0.10482249423814101,0.006121784872081032,0.21487129465211058,0.00496826027520001,0.7358153462409973,10.386030006408761
A_native,G0-local,64,all,0.04494559401240503,0.052410435694752386,0.05438867472884593,0.2407260229200048,82.35734822311889,0.44206965623910977,0.7592739770799951,0.07434805207058945,0.0,0.208,0.20799999999999996,-0.10402382204491073,0.0449557265964452,0.2771122681812347,9.800810876186006e-05,0.6510946154594421,2.5183851480484063
B_fixed_G0,G0-local,64,AU,0.05830972608840783,0.06775595636830331,0.05307257432468365,0.21166268868811666,0.6788799666455073,0.3592470886559023,0.7883373113118833,0.11630021573754572,0.0,0.3466666666666667,0.3466666666666667,-0.06082397121493197,0.0909703683050171,0.34056455437371974,5.662452094838955e-05,0.6078701317310333,1.432858443260193
B_fixed_G0,G0-local,64,VA,0.0013277738184956835,0.00019843028805827494,0.09196927380988534,0.5902904052629666,0.8694061458110809,0.8830899329572157,0.4097095947370333,0.003883794448950218,0.0,0.0,0.0,-0.16122953089286593,-0.02267045305488522,0.2003570569055421,0.5128099262714386,0.657099187374115,1.5281994700431825
B_fixed_G0,G0-local,64,expression,0.030792301418377115,0.03669058578351793,0.047461213216390324,0.20782867901905452,202.78545735662573,0.48710690127809714,0.7921713209809456,0.04057271598397786,0.0,0.0,0.0,-0.10482249423814101,0.006121784872081032,0.21487129465211058,0.00496826027520001,0.7358153462409973,10.386030006408761
B_fixed_G0,G0-local,64,all,0.04494559401240503,0.052410435694752386,0.05438867472884593,0.2407260229200048,82.35734822311889,0.44206965623910977,0.7592739770799951,0.07434805207058945,0.0,0.208,0.20799999999999996,-0.10402382204491073,0.0449557265964452,0.2771122681812347,9.800810876186006e-05,0.6510946154594421,2.5183851480484063
A_native,G1-shared,64,AU,0.07955078010444865,0.08333420488757347,0.044511493321592065,0.21807935231057476,1.334891925773583,0.35819649354549943,0.7819206476894253,0.18521659438269497,0.0,0.3933333333333333,0.3933333333333333,-0.007127008380203277,0.07861432029704646,0.5695207232365082,0.0003095954889431596,1.011074423789978,3.5560598373413086
A_native,G1-shared,64,VA,0.13127821034667939,0.1666897469391578,0.018566880079250288,0.2820390339740687,0.8961074918508529,0.9491307884716411,0.7179609660259312,0.18290983927344256,0.0,0.0,0.0,-0.015462328993140697,0.1355281430063762,0.447474794956669,0.5462139129638672,0.8639695048332214,1.2383156299591065
A_native,G1-shared,64,expression,0.03298605897328792,0.03502069317155091,0.032724647177692766,0.16380283431271683,4.741100512625417,0.6568679394356313,0.8361971656872832,0.04949154010795159,0.0,0.0,0.0,-0.10762812292935153,0.0004424473380329754,0.2555167372980175,0.09457525610923767,1.2318782806396484,3.656641268730174
A_native,G1-shared,64,all,0.06878826376185568,0.07454232450257299,0.03866413349615695,0.20582764108433968,2.715630136609667,0.5010460998244329,0.7941723589156603,0.12812685907293309,0.0,0.236,0.236,-0.06623355906174964,0.04417563712056383,0.43474173042122527,0.014260671101510525,1.0490269660949707,3.4491841793060303
B_fixed_G0,G1-shared,64,AU,0.013626755797068709,0.015459993903768865,0.050881577313847993,0.19921841218866015,0.6432938356752597,0.3189227679708757,0.8007815878113398,0.048625258529098464,0.0,0.3466666666666667,0.3466666666666667,-0.060627054614872174,0.021947083978807125,0.1905470538464726,5.793060117866844e-05,0.292453408241272,1.8593212127685543
B_fixed_G0,G1-shared,64,VA,0.003602055071423635,0.017366735731237877,0.08085998977058578,0.540609408192094,0.8035471752285958,0.912763774594643,0.45939059180790603,0.01745358241158406,0.0,0.0,0.0,-0.23354251443488222,0.04352370371559272,0.22403711690652064,0.4883966088294983,0.7578497231006622,1.1729482412338257
B_fixed_G0,G1-shared,64,expression,0.014125440199260536,0.021754098158996277,0.06496807060362479,0.22153305226381007,185.45739956915494,0.4684011410449447,0.7784669477361901,0.030493275008787558,0.0,0.0,0.0,-0.06678452481063447,-0.007161543318852347,0.20069000740310972,0.022975341230630875,0.8602240085601807,10.847519016265876
B_fixed_G0,G1-shared,64,all,0.012984358747718487,0.01762664661163916,0.05778752816311559,0.23367037669298282,75.33184699461184,0.4142631278844792,0.7663296233070171,0.03815055042821381,0.0,0.208,0.20799999999999996,-0.07975917390050286,0.009547805562012863,0.20479601577666237,0.0001958081527845936,0.6102213859558105,3.2248586893081677
A_native,T0,65,AU,0.096703876981914,0.11089044877010343,0.045877441616423625,0.18470923767188135,0.678175481769522,0.5279377759937575,0.8152907623281186,0.15726090976488458,0.0,0.26,0.26,-0.032649036735755144,0.14302811992016207,0.3996548788042441,0.00089843082241714,0.6644770503044128,1.1885038614273071
A_native,T0,65,VA,0.06977499833541702,0.11217515588345069,0.04015402306411261,0.35786440684945964,0.6769926875829697,0.9057041387139207,0.6421355931505406,0.12736258510584195,0.0,0.0,0.0,-0.11508135305940786,0.13698786581862207,0.381074710241051,0.5254626035690307,0.6403523087501526,0.873520600795746
A_native,T0,65,expression,0.05168601989597523,0.058629481632168454,0.02781817346990285,0.11502721986122189,3.918539992012666,0.6174630308652216,0.8849727801387781,0.0759074425875905,0.0,0.0,0.0,-0.051587989655671296,0.03922160860877276,0.28548914512985485,0.14650980830192567,0.7956053614616394,8.857822895050054
A_native,T0,65,all,0.08014385242269384,0.094269715855032,0.03964060232535209,0.1762634055066766,1.906637590469619,0.586807166570239,0.8237365944933235,0.12358202887690173,0.0,0.156,0.15600000000000003,-0.044060427648803746,0.08849148507733105,0.3604584662406771,0.08784521371126175,0.7140730023384094,2.4580066204071045
B_fixed_G0,T0,65,AU,0.08891222171279045,0.10394526062616626,0.059238743275774525,0.20479624498405608,0.6745725008860344,0.5011220404950419,0.7952037550159439,0.15128417073667325,0.0,0.2866666666666667,0.2866666666666666,-0.04265831821338137,0.14302811992016207,0.3640219375588296,0.0011124100536108023,0.6473597288131714,1.1154565572738648
B_fixed_G0,T0,65,VA,0.03768572439452316,0.046265045662598626,0.047595452945108176,0.34173642961203926,0.8717115059494972,0.8771598715612228,0.6582635703879608,0.047782374701132384,0.0,0.0,0.0,-0.15727519204604695,-0.003443846788914179,0.381074710241051,0.48303367793560026,0.6616431176662445,0.8788818061351779
B_fixed_G0,T0,65,expression,0.05436275128165084,0.06256622295217848,0.022806805638860745,0.12474272884998734,69.36796661366535,0.5648157672098553,0.8752572711500125,0.07420276163157777,0.0,0.0,0.0,-0.06101319729213064,0.018559936541000598,0.302965281600804,0.11983744502067566,0.8141753673553467,21.216295242309684
B_fixed_G0,T0,65,all,0.0737582713893644,0.08608955137340477,0.0466490600055088,0.19013433459139276,27.241791385541173,0.5515870595290768,0.8098656654086073,0.11149408064431356,0.0,0.172,0.17200000000000004,-0.0732258910033422,0.07270704288594472,0.3500233267021124,0.08036819249391557,0.7108646631240845,5.534136295318604
A_native,G0-local,65,AU,0.08283004035754167,0.09510159970223148,0.04989949583465822,0.2344184505965481,0.7062119690866401,0.44246100958744117,0.765581549403452,0.1266339423972519,0.0,0.2866666666666667,0.2866666666666666,-0.09701063158407176,0.14348600658061295,0.4170494679345166,3.529799432726577e-05,0.7636083364486694,1.3151762723922729
A_native,G0-local,65,VA,0.05454551830845504,0.06748532758508854,0.04234871020277416,0.336639995365452,0.8210994735360145,0.8339776937940867,0.6633600046345479,0.07722590617278696,0.0,0.0,0.0,-0.08998252951397205,0.028950052224412888,0.2853052922578286,0.440238019824028,0.6089063286781311,0.7270237028598786
A_native,G0-local,65,expression,0.056089201726754766,0.062364806888979295,0.018514718856752026,0.16529687389533002,40.72146609274982,0.47437095646504607,0.8347031261046702,0.07507811300251208,0.0,0.0,0.0,-0.0973899963164618,0.0009487261541384182,0.3419259759071526,0.0031215461262036124,0.6961813271045685,6.530787706375124
A_native,G0-local,65,all,0.07201021023176292,0.08241652423261933,0.03925230435117751,0.22047726963367056,16.182144722623075,0.4839935273248064,0.7795227303663294,0.10193526087035099,0.0,0.172,0.17200000000000004,-0.0974432343657424,0.06641706806697074,0.35836053867941065,0.00015622565988451247,0.6664771437644958,2.763952112197877
B_fixed_G0,G0-local,65,AU,0.08283004035754167,0.09510159970223148,0.04989949583465822,0.2344184505965481,0.7062119690866401,0.44246100958744117,0.765581549403452,0.1266339423972519,0.0,0.2866666666666667,0.2866666666666666,-0.09701063158407176,0.14348600658061295,0.4170494679345166,3.529799432726577e-05,0.7636083364486694,1.3151762723922729
B_fixed_G0,G0-local,65,VA,0.05454551830845504,0.06748532758508854,0.04234871020277416,0.336639995365452,0.8210994735360145,0.8339776937940867,0.6633600046345479,0.07722590617278696,0.0,0.0,0.0,-0.08998252951397205,0.028950052224412888,0.2853052922578286,0.440238019824028,0.6089063286781311,0.7270237028598786
B_fixed_G0,G0-local,65,expression,0.056089201726754766,0.062364806888979295,0.018514718856752026,0.16529687389533002,40.72146609274982,0.47437095646504607,0.8347031261046702,0.07507811300251208,0.0,0.0,0.0,-0.0973899963164618,0.0009487261541384182,0.3419259759071526,0.0031215461262036124,0.6961813271045685,6.530787706375124
B_fixed_G0,G0-local,65,all,0.07201021023176292,0.08241652423261933,0.03925230435117751,0.22047726963367056,16.182144722623075,0.4839935273248064,0.7795227303663294,0.10193526087035099,0.0,0.172,0.17200000000000004,-0.0974432343657424,0.06641706806697074,0.35836053867941065,0.00015622565988451247,0.6664771437644958,2.763952112197877
A_native,G1-shared,65,AU,0.05810352715512181,0.0670170311421242,0.07446938887123335,0.26139448982290586,0.5679761306337241,0.3995480005469793,0.738605510177094,0.09663548715042176,0.0,0.31333333333333335,0.31333333333333335,-0.09335195520057664,0.040529532508962386,0.3694101920386941,6.651185976807028e-05,0.5098734498023987,1.0607083320617674
A_native,G1-shared,65,VA,0.015075670202772692,0.00880246462832488,0.06341598870624417,0.471631516459864,0.7411322459578514,0.822239667872022,0.528368483540136,0.009436313051197114,0.0,0.0,0.0,-0.17418610581697178,-0.012215621095123334,0.17677126441897345,0.44458635747432707,0.5596308708190918,0.749931299686432
A_native,G1-shared,65,expression,0.002209550351647805,0.0037972628557331654,0.04114838628201373,0.1613317740228068,17.694789045817743,0.48735355352584975,0.8386682259771933,0.015208422936659685,0.0,0.0,0.0,-0.0862950434006855,-0.00955138992782361,0.14898521706331885,0.011046388745307922,0.6188662052154541,7.45763969421387
A_native,G1-shared,65,all,0.03677522602182219,0.04212953996937513,0.06292239602948393,0.24619338289783083,7.334518768669212,0.46146111088622127,0.7538066171021692,0.05595495208103527,0.0,0.188,0.18799999999999994,-0.09627914018188165,0.005476445348563856,0.30801914076276926,0.00028773790691047926,0.5467217564582825,2.005498886108399
B_fixed_G0,G1-shared,65,AU,0.0532983853220865,0.06409797348590274,0.07708341848649351,0.26938978815651343,0.49716010103628977,0.41245808876051704,0.7306102118434865,0.09523977464488609,0.0,0.2866666666666667,0.2866666666666666,-0.08214998304052473,0.05728937273156187,0.3493705254266155,6.540663016494364e-05,0.48810863494873047,1.0047528147697449
B_fixed_G0,G1-shared,65,VA,-0.011621712620220779,-0.026767240285091996,0.06334844374426088,0.5053593137254009,0.7262856423854828,0.8078443555306312,0.49464068627459906,-0.036252595560853654,0.0,0.0,0.0,-0.19439140142888464,-0.018300954793780265,0.10907906477253725,0.41688490808010104,0.5368465483188629,0.749931299686432
B_fixed_G0,G1-shared,65,expression,0.005118133197332865,0.006474959585977842,0.04254109988617508,0.16245703314774357,18.128053143430588,0.469887385276922,0.8375429668522564,0.017669060818313806,0.0,0.0,0.0,-0.07084163964313847,-0.008809900038399016,0.14793709951659445,0.009921204345300796,0.6217733025550842,7.065871191024784
B_fixed_G0,G1-shared,65,all,0.03268709680678076,0.03838939193624719,0.064931078555013,0.2540488685992181,7.333169541705506,0.46246636498737576,0.7459511314007818,0.052556177977057215,0.0,0.172,0.17200000000000004,-0.08768862379909241,-0.002125804670458311,0.2663513239178513,0.0002904826018493623,0.5166253447532654,2.2026792049407984
A_native,T0,66,AU,0.06526344955615895,0.07305912967451493,0.04342939555067448,0.16149426098240538,0.7601800388418165,0.5506833550694875,0.8385057390175946,0.09557878886999557,0.0,0.18,0.18000000000000005,-0.030608050633474222,0.049926772894102314,0.30871776459689804,0.002110800705850125,0.6378769278526306,1.5557680130004883
A_native,T0,66,VA,0.06131415667229172,0.10672268133884852,0.048139209435536956,0.31848082963223007,0.8064692676067352,0.9518222251348174,0.6815191703677699,0.11358402637698797,0.0,0.0,0.0,-0.1030549685623731,0.13897349959723654,0.2717592759253775,0.6178934156894684,0.7489807307720184,1.0250067472457887
A_native,T0,66,expression,0.049688521331949884,0.05668665399024834,0.024575984719991232,0.12738876423421408,9.079686215374386,0.6310931758754864,0.8726112357657859,0.06777941491499186,0.0,0.0,0.0,-0.04405682178890037,0.018739703148312584,0.30002217613150434,0.16527344286441803,0.8560343682765961,7.661967086791996
A_native,T0,66,all,0.059963529093702665,0.0705130215886963,0.03777308919564484,0.16313942751497015,3.748907746007305,0.6085056073326336,0.8368605724850299,0.08722073879707878,0.0,0.108,0.10799999999999998,-0.0431712953981225,0.04947810331016491,0.3023114128474462,0.04298797920346261,0.6912867426872253,2.137251329421998
B_fixed_G0,T0,66,AU,0.046770871512360285,0.052516486332494894,0.04623753473422512,0.16588398143525182,1.2205441427274613,0.509768608085697,0.8341160185647482,0.07211891310010517,0.0,0.2,0.19999999999999996,-0.04472650321239431,0.02016288386241126,0.2475880139148124,0.0003006430866662413,0.69581738114357,2.0414084672927864
B_fixed_G0,T0,66,VA,0.0685643241791469,0.12416176442662333,0.08365880876094797,0.42516277337921055,0.8143753200769425,0.9466272488282559,0.5748372266207895,0.13244926394930615,0.0,0.0,0.0,0.009647284844348406,0.1300353965943537,0.28178572910053246,0.5927422344684601,0.7603532671928406,1.0523441433906555
B_fixed_G0,T0,66,expression,0.047307790378291345,0.05514492163287734,0.02906326871151136,0.13409822124190426,21.602720589417732,0.6366526258499066,0.8659017787580957,0.05846512355008361,0.0,0.0,0.0,-0.053501577003954345,0.008191112747265233,0.29423458360549665,0.2464766338467598,0.930836945772171,45.66597175598145
B_fixed_G0,T0,66,all,0.04868616176280115,0.05908920787614755,0.04373547152909454,0.17645484152889732,8.595320230373876,0.5853201850296488,0.8235451584711028,0.07263847606820652,0.0,0.12,0.12,-0.04848912536099843,0.02027552206592917,0.2729241264985727,0.03826195970177654,0.7521591484546661,6.061848831176755
A_native,G0-local,66,AU,0.05114490512406757,0.056397565849111354,0.03745850858176735,0.17192821151525053,1.215065495144654,0.47647044630958174,0.8280717884847495,0.07893073205153842,0.0,0.2,0.19999999999999996,-0.0849872206635694,0.023948089245408914,0.30251702219136933,6.64333078020718e-05,0.7880330681800842,2.0535554885864262
A_native,G0-local,66,VA,0.0805234831953643,0.13288022590567297,0.0591371792410183,0.3870123822594578,0.7140733599662781,0.9277740434474353,0.6129876177405421,0.14229041642984153,0.0,0.0,0.0,-0.01061818308255235,0.09773839499883022,0.3260265030429527,0.6013635218143463,0.6627324819564819,0.9901234745979309
A_native,G0-local,66,expression,0.055494113225688736,0.06327717558730037,0.022054982047644292,0.15675378392074527,9.573661899452054,0.49169212679283303,0.8432462160792547,0.06732501007512276,0.0,0.0,0.0,-0.05045118445065881,0.02374638101186293,0.2727253856938493,0.0036557086743414405,0.7006446719169617,32.78843688964846
A_native,G0-local,66,all,0.054886937962290085,0.06471765376985676,0.034263673743588054,0.18427912834454543,4.209010357149311,0.5174456718352506,0.8157208716554545,0.08047044082177846,0.0,0.12,0.12,-0.06095926253043395,0.03640444743785634,0.29933728025737366,0.0001281420307350345,0.7179367542266846,2.843570375442502
B_fixed_G0,G0-local,66,AU,0.05114490512406757,0.056397565849111354,0.03745850858176735,0.17192821151525053,1.215065495144654,0.47647044630958174,0.8280717884847495,0.07893073205153842,0.0,0.2,0.19999999999999996,-0.0849872206635694,0.023948089245408914,0.30251702219136933,6.64333078020718e-05,0.7880330681800842,2.0535554885864262
B_fixed_G0,G0-local,66,VA,0.0805234831953643,0.13288022590567297,0.0591371792410183,0.3870123822594578,0.7140733599662781,0.9277740434474353,0.6129876177405421,0.14229041642984153,0.0,0.0,0.0,-0.01061818308255235,0.09773839499883022,0.3260265030429527,0.6013635218143463,0.6627324819564819,0.9901234745979309
B_fixed_G0,G0-local,66,expression,0.055494113225688736,0.06327717558730037,0.022054982047644292,0.15675378392074527,9.573661899452054,0.49169212679283303,0.8432462160792547,0.06732501007512276,0.0,0.0,0.0,-0.05045118445065881,0.02374638101186293,0.2727253856938493,0.0036557086743414405,0.7006446719169617,32.78843688964846
B_fixed_G0,G0-local,66,all,0.054886937962290085,0.06471765376985676,0.034263673743588054,0.18427912834454543,4.209010357149311,0.5174456718352506,0.8157208716554545,0.08047044082177846,0.0,0.12,0.12,-0.06095926253043395,0.03640444743785634,0.29933728025737366,0.0001281420307350345,0.7179367542266846,2.843570375442502
A_native,G1-shared,66,AU,0.04731455059128058,0.05363156641698282,0.041079373449347506,0.16669108869962193,0.6087178979886478,0.4281894249161339,0.833308911300378,0.0766656232316434,0.0,0.2,0.19999999999999996,-0.027837852748050593,0.02523399804499652,0.2350004083773072,9.346985534648412e-05,0.3654187172651291,1.042604207992554
A_native,G1-shared,66,VA,0.054067284731196555,0.09285681476607585,0.04591250247433959,0.4390285651702581,0.7168897032737732,0.9274255738168373,0.5609714348297419,0.10047600167874109,0.0,0.0,0.0,-0.020300278073775203,0.0954062791271305,0.2927296534563886,0.5384897768497467,0.7296012043952942,0.8670534908771514
A_native,G1-shared,66,expression,0.04115700789943023,0.05842680143624589,0.05483436220765294,0.18468093005982733,1.7988755976395623,0.5016853124550306,0.8153190699401727,0.07287839785676645,0.0,0.0,0.0,-0.029362657309004857,0.02294115666508271,0.2837576345706596,0.0187299482524395,0.3984443247318268,4.558285284042362
A_native,G1-shared,66,all,0.04588435566108174,0.05830406149107444,0.045867620174004614,0.19423483605253855,1.0513363165239917,0.4916470008406371,0.8057651639474613,0.07745303022687887,0.0,0.12,0.12,-0.029306001533424837,0.030497731824041457,0.2795993325702245,0.00029537834925577047,0.4996451586484909,1.6718776345252986
B_fixed_G0,G1-shared,66,AU,0.0322347420233987,0.036547634107045715,0.04968806648452203,0.17721276299413702,0.9947618175622817,0.4201124088651641,0.822787237005863,0.059212812143882854,0.0,0.2,0.19999999999999996,-0.03740556856303648,0.01113041403145609,0.20610840435592945,6.0328137624310334e-05,0.39272189140319824,1.8442376494407655
B_fixed_G0,G1-shared,66,VA,0.034387551565958026,0.08461165612241643,0.06907460614639944,0.4372972955478855,0.698672604560852,0.9091648785838327,0.5627027044521146,0.09595030819640316,0.0,0.0,0.0,-0.08438584981140858,0.07488090894448994,0.3011960791884861,0.5376481235027313,0.692344456911087,0.8743213176727295
B_fixed_G0,G1-shared,66,expression,0.03875333988442155,0.05899879605975017,0.04608760844711215,0.1849301672415513,11.459455200467346,0.5016134664167503,0.8150698327584488,0.06637634110919903,0.0,0.0,0.0,-0.047102214617022194,0.015228184221346598,0.2821793994342764,0.024909683503210545,0.5229372382164001,7.341532707214383
B_fixed_G0,G1-shared,66,all,0.03449291810233075,0.0475771276931408,0.050086843085501064,0.20048909495760947,4.7731876647094476,0.48531694485916516,0.7995109050423905,0.06515750413604512,0.0,0.12,0.12,-0.0394279766496602,0.017682863789840648,0.246869142989506,0.00029537834925577047,0.5382628738880157,2.381614589691162
A_native,T0,67,AU,0.052482199499002166,0.06589180463304899,0.0864968642408999,0.27018504233573326,1.0187543055626689,0.46048522775290734,0.7298149576642669,0.11386923221315295,0.0,0.28,0.28,-0.028944971764848424,0.07835088443466404,0.3253632279916918,0.0011245007568504667,0.9494063258171082,2.2902119398117065
A_native,T0,67,VA,0.07124261369160116,0.08356386391569283,0.033504336465581444,0.3588358416984733,0.8701774522662162,0.9233693205061885,0.6411641583015266,0.09379213041174898,0.0,0.0,0.0,-0.12713969545440165,0.10900666282512621,0.3487884091409335,0.5372868567705155,0.7900014221668243,1.356776189804077
A_native,T0,67,expression,0.02808976250213749,0.03411367783052681,0.028972843812979383,0.13299570099415287,2.181814159618807,0.6675281185926416,0.867004299005847,0.042996403104562986,0.0,0.0,0.0,-0.043439557986338403,0.004838720316635028,0.2069554753122901,0.14433941841125492,0.7473856210708618,5.042669391632089
A_native,T0,67,all,0.04617745279541339,0.05713656879885339,0.06384977548193985,0.2333765170554467,1.4517987827672938,0.5637696802418848,0.7666234829445533,0.0846799612289449,0.0,0.168,0.16800000000000004,-0.07833614649345058,0.04063968565929278,0.30194478772281613,0.036829786747694035,0.8351468145847321,2.3515901803970336
B_fixed_G0,T0,67,AU,0.029843768278133058,0.03614198683177332,0.06504443136483194,0.21923848193943163,0.9043241001541691,0.44555971119676135,0.7807615180605683,0.06287644608244038,0.0,0.30666666666666664,0.30666666666666664,-0.11690593511122421,0.028751133654895934,0.3427946874938639,0.0001530582259874791,0.837841659784317,2.144015383720398
B_fixed_G0,T0,67,VA,0.025763875603796182,0.009884164138377708,0.08096821399964382,0.4760376663852317,0.9696168079972267,0.8968915233138434,0.5239623336147682,0.006219830707618579,0.0,0.0,0.0,-0.2298586405062783,0.005842110748349184,0.1864895400126973,0.5651550471782685,0.7121723592281342,1.5958391904830935
B_fixed_G0,T0,67,expression,0.021285121950712273,0.027821854064557984,0.054975057881244904,0.17220028009520374,4.160931074555265,0.6124785427401289,0.8277997199047963,0.03477031477457236,0.0,0.0,0.0,-0.04167421529654178,-0.0084091487781791,0.18385725040388143,0.1500882372260094,1.214100420475006,11.006899929046632
B_fixed_G0,T0,67,all,0.026778610039411448,0.03137891853079276,0.06309613446086904,0.22473019210494272,2.187826120296075,0.5350802822600056,0.7752698078950573,0.04629986367005862,0.0,0.184,0.18400000000000005,-0.10972308054196528,0.00682156992754195,0.2728773396068529,0.021492221765220164,0.9816993474960327,2.6571548461914065
A_native,G0-local,67,AU,0.04674142677316701,0.06825291478132756,0.10701695756201748,0.30423853103067167,0.7454172313901188,0.3538440999812991,0.6957614689693283,0.12608098503446613,0.0,0.30666666666666664,0.30666666666666664,-0.05912135027884142,0.13032931812290716,0.32074120865199945,5.808881905977614e-05,0.4186094403266907,2.2271873712539674
A_native,G0-local,67,VA,0.04243701077746535,0.060477843612621006,0.09284425414089945,0.5188946577729092,0.8827143415808678,0.8600346365086781,0.4811053422270907,0.06615960961066675,0.0,0.0,0.0,-0.09014405099397486,0.10894470138304727,0.21249113123808586,0.4591435045003891,0.6359049379825592,1.5518116354942322
A_native,G0-local,67,expression,0.02134245872652545,0.032131884494576726,0.06620134887020813,0.19592890924444295,1.665786598640625,0.5117506449229664,0.804071090755557,0.03638155323821653,0.0,0.0,0.0,-0.12146923805546445,0.004553268382418618,0.21557672729461974,0.004223793186247349,0.37015022337436676,2.165857744216926
A_native,G0-local,67,all,0.03826940371858557,0.056072179396070766,0.09282214650694906,0.2867519421984575,1.1198068960168615,0.444869437284823,0.7132480578015424,0.08503009262183889,0.0,0.184,0.18400000000000005,-0.08829746414994553,0.056337098787758444,0.29116087315124445,0.0001218141354911495,0.5075052380561829,2.099033856391907
B_fixed_G0,G0-local,67,AU,0.04674142677316701,0.06825291478132756,0.10701695756201748,0.30423853103067167,0.7454172313901188,0.3538440999812991,0.6957614689693283,0.12608098503446613,0.0,0.30666666666666664,0.30666666666666664,-0.05912135027884142,0.13032931812290716,0.32074120865199945,5.808881905977614e-05,0.4186094403266907,2.2271873712539674
B_fixed_G0,G0-local,67,VA,0.04243701077746535,0.060477843612621006,0.09284425414089945,0.5188946577729092,0.8827143415808678,0.8600346365086781,0.4811053422270907,0.06615960961066675,0.0,0.0,0.0,-0.09014405099397486,0.10894470138304727,0.21249113123808586,0.4591435045003891,0.6359049379825592,1.5518116354942322
B_fixed_G0,G0-local,67,expression,0.02134245872652545,0.032131884494576726,0.06620134887020813,0.19592890924444295,1.665786598640625,0.5117506449229664,0.804071090755557,0.03638155323821653,0.0,0.0,0.0,-0.12146923805546445,0.004553268382418618,0.21557672729461974,0.004223793186247349,0.37015022337436676,2.165857744216926
B_fixed_G0,G0-local,67,all,0.03826940371858557,0.056072179396070766,0.09282214650694906,0.2867519421984575,1.1198068960168615,0.444869437284823,0.7132480578015424,0.08503009262183889,0.0,0.184,0.18400000000000005,-0.08829746414994553,0.056337098787758444,0.29116087315124445,0.0001218141354911495,0.5075052380561829,2.099033856391907
A_native,G1-shared,67,AU,0.050966702125381645,0.05777820559961988,0.06026523902881853,0.2390275992252468,0.743567761225385,0.4172927514144673,0.7609724007747533,0.09941410994269208,0.0,0.29333333333333333,0.29333333333333333,-0.057300701163398415,0.06652951564956251,0.33453426320173835,6.662054875050671e-05,0.6338017880916595,1.801231563091278
A_native,G1-shared,67,VA,0.07120584139842275,0.11635456887338858,0.048600696860594574,0.4098751375502904,0.7719462633132934,0.8951937799762858,0.5901248624497095,0.12595967726217866,0.0,0.0,0.0,-0.09547376173978384,0.13646638815827572,0.2977743186930188,0.426975417137146,0.6815141141414642,1.279382860660553
A_native,G1-shared,67,expression,0.03434670830728633,0.04335261340319803,0.04046875206430605,0.1539327465532605,1.2301513705344405,0.6124573338064575,0.8460672534467395,0.05288074804152887,0.0,0.0,0.0,-0.06463143119488776,0.005714323361752974,0.2445183711133332,0.01719064451754093,0.573169469833374,2.4424078464508057
A_native,G1-shared,67,all,0.047267435245434426,0.05784812515866638,0.05299719982671662,0.22546504943621465,0.935287464072388,0.5179775000648497,0.7745349505637853,0.0839201409829672,0.0,0.176,0.17600000000000005,-0.06580280626804227,0.04439597068299697,0.3011390761892392,0.0001613966014701873,0.6013727784156799,1.9242929816246033
B_fixed_G0,G1-shared,67,AU,0.029645575775374914,0.032759200740215884,0.05862494934314505,0.21854458025294202,0.7053633347424186,0.40279060578726805,0.781455419747058,0.06455984277059171,0.0,0.30666666666666664,0.30666666666666664,-0.08289206724189159,0.03550856703482588,0.3093482760564606,7.526286208303647e-05,0.5881054401397705,1.5631198525428776
B_fixed_G0,G1-shared,67,VA,0.05544958674228082,0.10480325458406306,0.05629937165918547,0.455630807970515,0.7841608211398124,0.9123627597315597,0.5443691920294851,0.10890228866970839,0.0,0.0,0.0,-0.15873884602604182,0.12283393184303844,0.29283752528000323,0.43444245159626005,0.7458601891994476,1.1307357311248782
B_fixed_G0,G1-shared,67,expression,0.02028488957541846,0.027951260966059648,0.04971455968499908,0.15243593685542706,1.6630992536665872,0.6188984359900717,0.847564063144573,0.03907088254633116,0.0,0.0,0.0,-0.08118679595490742,-0.0014134808981287707,0.22568655636798343,0.0233563082292676,0.7415828108787537,3.2763368368148824
B_fixed_G0,G1-shared,67,all,0.02871447706874132,0.03698418431999366,0.05558757843782156,0.21635671258314307,1.0886712918104644,0.5127108837677086,0.783643287416857,0.05891147071197155,0.0,0.184,0.18400000000000005,-0.0885763169354129,0.013368637703060243,0.27654185878586074,0.0001405564500601031,0.7222882509231567,2.066868948936463
A_native,T0,68,AU,0.01615642482992426,0.01699394245465022,0.03772833816691653,0.17395064066154925,1.9282208355270996,0.26454845633262486,0.8260493593384508,0.048658990483726426,0.0,0.5866666666666667,0.5866666666666667,-0.025706138252019624,-0.0010937540634585168,0.2793373737631264,0.0051578486105427306,0.7044170796871185,4.166726756095886
A_native,T0,68,VA,0.07677753227971833,0.09729867002723613,0.033287281650079825,0.3314587066331589,0.8534181833267211,0.9193276727758338,0.6685412933668412,0.10887565280316243,0.0,0.0,0.0,-0.0074173502395474215,0.1234098046060548,0.2366229718231092,0.5131890863180161,0.7558856904506683,1.3731508612632752
A_native,T0,68,expression,0.0521361207423567,0.05892480093566934,0.015097780839875096,0.1371887254721697,27.549082304618786,0.5806590763779468,0.8628112745278302,0.07000959156854411,0.0,0.0,0.0,-0.033686647962410395,0.02382293460968623,0.23195912600498084,0.07677503228187561,0.8529648184776306,17.49160480499271
A_native,T0,68,all,0.03251961611788617,0.03683619537438321,0.030131275300916333,0.17478747307867656,14.447806418757516,0.4180861920625845,0.8252125269213234,0.06663665303418406,0.0,0.352,0.352,-0.026567506842249428,0.02166920661848033,0.2514664034138618,0.0785013481974602,0.7961294054985046,10.147772979736333
B_fixed_G0,T0,68,AU,0.012256645325815343,0.011933874621869948,0.037874063913429824,0.17807235340762187,1.6667807502086083,0.2703147184163446,0.8219276465923782,0.03144244853570071,0.0,0.5666666666666667,0.5666666666666667,-0.04136062234212767,-0.003022266654982201,0.18383999971809387,0.06134018972516063,0.6263572573661804,3.9057027816772467
B_fixed_G0,T0,68,VA,0.08132230518731516,0.10538021689324281,0.028768232400225524,0.31950934027807143,0.8475957930088043,0.9158192804813025,0.6804906597219286,0.11621633410091632,0.0,0.0,0.0,-0.07455109298645736,0.15240012829865385,0.249777776679365,0.5130982965230941,0.7558856904506683,1.2279847741127021
B_fixed_G0,T0,68,expression,0.037409190514318395,0.04213228195538575,0.011752050007610978,0.12178214110713745,40.441120654222324,0.5254898170698844,0.8782178588928626,0.04268008891415246,0.0,0.0,0.0,-0.05482995487486118,0.009938056772781447,0.19763741682876715,0.08515546768903733,0.9009930193424225,41.96581840515145
B_fixed_G0,T0,68,all,0.02583071257505631,0.02907307235030483,0.028786552942511444,0.17137444442110283,20.367165557342553,0.4036111149506739,0.828625555578897,0.0471666239392186,0.0,0.34,0.33999999999999997,-0.056150149718806,0.006170216527279673,0.22191659865215557,0.09696564078330996,0.7737245559692383,15.252340507507315
A_native,G0-local,68,AU,0.022521958728821383,0.02335407048923375,0.02407657844041738,0.1996077911814503,1.6253359623391588,0.268438461945907,0.8003922088185497,0.06750401266468226,0.0,0.5666666666666667,0.5666666666666667,-0.0579928624693458,0.0006318587441333037,0.3207352738311381,0.00028804457688238474,0.788631021976471,3.0213311672210694
A_native,G0-local,68,VA,0.09644282152004087,0.1229032387452447,0.03535236082971793,0.3676330015887433,0.7654583513736725,0.8808022979656212,0.6323669984112567,0.13855309312716718,0.0,0.0,0.0,-0.0889585940431683,0.15447744013342282,0.3478133420637915,0.4531965106725693,0.6012385189533234,1.2374148368835451
A_native,G0-local,68,expression,0.047699100603198374,0.059775039359678206,0.01589495666581421,0.15933355030815233,14.865071457376326,0.5384237453854459,0.8406664496918477,0.0669741488666636,0.0,0.0,0.0,-0.06479159936604854,0.021588981720403033,0.27187755515752987,0.009763564914464952,0.8301152288913727,28.724918746948255
A_native,G0-local,68,all,0.03649231315191957,0.04297271398825685,0.022360522063688413,0.2001620509345784,7.9403740676946954,0.40382285952813657,0.7998379490654216,0.07585911875806532,0.0,0.34,0.33999999999999997,-0.062192026607383266,0.014980683765206244,0.3207352738311379,0.011688066087663181,0.7913084030151367,7.640052795410153
B_fixed_G0,G0-local,68,AU,0.022521958728821383,0.02335407048923375,0.02407657844041738,0.1996077911814503,1.6253359623391588,0.268438461945907,0.8003922088185497,0.06750401266468226,0.0,0.5666666666666667,0.5666666666666667,-0.0579928624693458,0.0006318587441333037,0.3207352738311381,0.00028804457688238474,0.788631021976471,3.0213311672210694
B_fixed_G0,G0-local,68,VA,0.09644282152004087,0.1229032387452447,0.03535236082971793,0.3676330015887433,0.7654583513736725,0.8808022979656212,0.6323669984112567,0.13855309312716718,0.0,0.0,0.0,-0.0889585940431683,0.15447744013342282,0.3478133420637915,0.4531965106725693,0.6012385189533234,1.2374148368835451
B_fixed_G0,G0-local,68,expression,0.047699100603198374,0.059775039359678206,0.01589495666581421,0.15933355030815233,14.865071457376326,0.5384237453854459,0.8406664496918477,0.0669741488666636,0.0,0.0,0.0,-0.06479159936604854,0.021588981720403033,0.27187755515752987,0.009763564914464952,0.8301152288913727,28.724918746948255
B_fixed_G0,G0-local,68,all,0.03649231315191957,0.04297271398825685,0.022360522063688413,0.2001620509345784,7.9403740676946954,0.40382285952813657,0.7998379490654216,0.07585911875806532,0.0,0.34,0.33999999999999997,-0.062192026607383266,0.014980683765206244,0.3207352738311379,0.011688066087663181,0.7913084030151367,7.640052795410153
A_native,G1-shared,68,AU,0.01092544196181599,0.011270162911866501,0.025960769674596474,0.1927175095194879,1.1987988810632746,0.1701650414578465,0.807282490480512,0.021560438609621084,0.0,0.6266666666666667,0.6266666666666667,-0.10963901654849739,0.00048790182255506974,0.10161545552449155,0.00024147048679878935,0.30170582234859467,2.483502507209778
A_native,G1-shared,68,VA,0.05950628290883823,0.07726870151363223,0.03757467628831786,0.4735445465977516,0.8868785127997398,0.932704749662148,0.5264554534022484,0.08775789732499202,0.0,0.0,0.0,-0.03438789531135587,0.05282565100971612,0.31062143033830425,0.5275868117809296,0.8766763508319855,1.2251784801483157
A_native,G1-shared,68,expression,0.038778597427363976,0.04213652161741702,0.05127009725662977,0.16299752788884841,35.56318695141199,0.42261600994232273,0.8370024721111516,0.06012464083821574,0.0,0.0,0.0,-0.04570900881019295,0.012399143251453647,0.17089090132352028,0.027046974748373035,0.9639472961425781,57.46022758483889
A_native,G1-shared,68,all,0.02372491898655313,0.02642728078578393,0.03498886702994484,0.20567327836394436,18.7815722032596,0.3119525280292231,0.7943267216360556,0.04982380625446077,0.0,0.376,0.376,-0.05091485743171254,0.010411010169304905,0.19511451111532607,0.003574745263904333,0.7748947739601135,13.004212379455566
B_fixed_G0,G1-shared,68,AU,0.004877503051762501,0.005356973946009291,0.030885372369024774,0.209321134024758,1.3371921776148576,0.20057735296925847,0.7906788659752421,0.015738666628889578,0.0,0.5666666666666667,0.5666666666666667,-0.026828873310132253,-0.00307654512744604,0.09253410047258051,0.0006110571441240609,0.3265443444252014,3.2094888210296633
B_fixed_G0,G1-shared,68,VA,0.04806192787624884,0.06907822369361084,0.03381954773686644,0.49558141263311484,0.7458404570817947,0.8962906070015679,0.5044185873668852,0.07979519071955496,0.0,0.0,0.0,-0.12794198178078464,0.06264096034078112,0.26177594525224845,0.46162844300270084,0.6522512435913086,1.1590862274169922
B_fixed_G0,G1-shared,68,expression,0.017933845649199302,0.018909228634669116,0.03648319054986782,0.15506273994479663,65.13932939920596,0.42575415956107837,0.8449372600552033,0.025095810620679677,0.0,0.0,0.0,-0.04809033404863683,0.005998059463623336,0.0978180084856119,0.009053914155811072,0.7334459125995636,70.127067184449
B_fixed_G0,G1-shared,68,all,0.012510286668901185,0.014791395426188557,0.03291140821632187,0.2148592702078389,32.19988274317017,0.3282909914012256,0.785140729792161,0.028039890878323002,0.0,0.34,0.33999999999999997,-0.046248992498043866,0.000607271946723919,0.12700362073317326,0.003783578099682929,0.5705235004425049,11.843241691589322
A_native,T0,69,AU,0.016354930723218142,0.01772776799407363,0.031569939792527986,0.2996703483632267,0.7012151565679726,0.18621392787980143,0.7003296516367733,0.06639449288508939,0.0,0.6066666666666667,0.6066666666666667,-0.0618824056795547,0.01631328237890823,0.2655104085405652,0.00010545537079451606,0.18319447338581085,1.2677183151245117
A_native,T0,69,VA,0.10700100508477095,0.13531827844084574,0.025864467890765647,0.25834801731819673,0.8486465021967888,0.8455046541890237,0.7416519826818032,0.1622494822695298,0.0,0.0,0.0,0.00609363930996055,0.18515473149745978,0.2876717948548248,0.38908417522907257,0.6422265768051147,1.8219741940498353
A_native,T0,69,expression,0.041309668661738616,0.04868602311537741,0.027103084465249876,0.20044595655510405,505.2569882030351,0.47109343567350626,0.799554043444896,0.0710606466777027,0.0,0.0,0.0,-0.04276546787231371,0.03014413134955713,0.1769713470049397,0.004098034114576876,0.8241665661334991,30.636592483520758
A_native,T0,69,all,0.03159213281246892,0.0370416504686326,0.029684108335658006,0.264612756501025,254.58429987751106,0.33011862847852474,0.735387243498975,0.08079947459010746,0.0,0.364,0.364,-0.051911774907069774,0.0324052214266608,0.2739474618557816,0.0011379197472706436,0.6641167402267456,4.120886898040776
B_fixed_G0,T0,69,AU,0.013389215703004916,0.015221017630382451,0.027062099821346237,0.28507039138483253,0.7473602947950825,0.18953509145202527,0.7149296086151673,0.060014139018582886,0.0,0.5666666666666667,0.5666666666666667,-0.055920703712589184,0.006036217603948149,0.21068325535269716,0.00014630977238994092,0.18319447338581085,1.6513617038726807
B_fixed_G0,T0,69,VA,0.10294353076233165,0.12274010607336354,0.004054382659426209,0.1656012997967384,0.7577814862132073,0.8413614541486025,0.8343987002032615,0.14943134530493415,0.0,0.0,0.0,-0.07839223499175106,0.1767503582021977,0.2883776991056245,0.3858598381280899,0.639067143201828,1.1564089179039012
B_fixed_G0,T0,69,expression,0.03943745107097774,0.04509653377805119,0.021058597861460242,0.1564721568401558,7.861785968013282,0.4675224470715019,0.8435278431598441,0.07644855552256138,0.0,0.0,0.0,-0.033609189930705025,0.035667716746104944,0.21452632537643274,0.0036952541209757327,0.7157102525234222,6.785511684417726
B_fixed_G0,T0,69,all,0.02888899622550236,0.03338270987307493,0.023300361821229118,0.23436142900348847,4.198041977739437,0.3306371542659839,0.7656385709965116,0.07882079020673624,0.0,0.34,0.33999999999999997,-0.05101816246049625,0.03849443619898044,0.2528451734366478,0.0008472088607959451,0.5314740538597107,3.7612790107727
A_native,G0-local,69,AU,0.0321391679213543,0.03396231657204348,0.017726246952889803,0.26280581485848126,0.6531636601265256,0.22294501744730374,0.7371941851415188,0.14281364621954165,0.0,0.5666666666666667,0.5666666666666667,-0.04813549296784659,0.017975030648127246,0.412482360149466,2.891487347369548e-05,0.4781191647052765,1.3038352012634278
A_native,G0-local,69,VA,0.12591857346091537,0.1728257272540416,0.009382820555568178,0.2907696755219437,0.6223220273852348,0.7843690188988282,0.7092303244780562,0.21269575914951325,0.0,0.0,0.0,0.08456282445636737,0.21979387523180963,0.3732482559746073,0.32201407551765443,0.4341838210821152,1.14108225107193
A_native,G0-local,69,expression,0.08538380035076537,0.09955194207934408,0.024715978475561194,0.22792655849507173,6.870402107496193,0.47261904467481564,0.7720734415049282,0.13398492332770068,0.0,0.0,0.0,-0.04131586787937846,0.051383872748702306,0.5290930962143064,0.0004408837907249108,0.6668772399425507,2.795445060729982
A_native,G0-local,69,all,0.05667980274193073,0.06606006958893954,0.019295486928358918,0.2538815616752672,3.663843921549238,0.3477546262762295,0.7461184383247328,0.14700361244531227,0.0,0.34,0.33999999999999997,-0.040961293096496924,0.06295551417291705,0.4105628366812433,0.00029164074803702535,0.5402193069458008,2.307002258300781
B_fixed_G0,G0-local,69,AU,0.0321391679213543,0.03396231657204348,0.017726246952889803,0.26280581485848126,0.6531636601265256,0.22294501744730374,0.7371941851415188,0.14281364621954165,0.0,0.5666666666666667,0.5666666666666667,-0.04813549296784659,0.017975030648127246,0.412482360149466,2.891487347369548e-05,0.4781191647052765,1.3038352012634278
B_fixed_G0,G0-local,69,VA,0.12591857346091537,0.1728257272540416,0.009382820555568178,0.2907696755219437,0.6223220273852348,0.7843690188988282,0.7092303244780562,0.21269575914951325,0.0,0.0,0.0,0.08456282445636737,0.21979387523180963,0.3732482559746073,0.32201407551765443,0.4341838210821152,1.14108225107193
B_fixed_G0,G0-local,69,expression,0.08538380035076537,0.09955194207934408,0.024715978475561194,0.22792655849507173,6.870402107496193,0.47261904467481564,0.7720734415049282,0.13398492332770068,0.0,0.0,0.0,-0.04131586787937846,0.051383872748702306,0.5290930962143064,0.0004408837907249108,0.6668772399425507,2.795445060729982
B_fixed_G0,G0-local,69,all,0.05667980274193073,0.06606006958893954,0.019295486928358918,0.2538815616752672,3.663843921549238,0.3477546262762295,0.7461184383247328,0.14700361244531227,0.0,0.34,0.33999999999999997,-0.040961293096496924,0.06295551417291705,0.4105628366812433,0.00029164074803702535,0.5402193069458008,2.307002258300781
A_native,G1-shared,69,AU,0.011712095033331494,0.012389717905749836,0.04355481665830103,0.3355178194407485,0.30236031280979814,0.11976067493829383,0.6644821805592515,0.09758305241414857,0.0,0.6866666666666666,0.6866666666666666,-0.07330089652258642,0.06370208977004374,0.2896927154177427,4.259310517227278e-05,0.03325115516781807,0.8745751857757568
A_native,G1-shared,69,VA,0.1103927691725359,0.16571790113656026,0.018629431976201413,0.3513193520893076,0.7978835016489029,0.9252943721170535,0.6486806479106922,0.17678729752691674,0.0,0.0,0.0,0.017320717005537646,0.16566285892096794,0.35020380895460357,0.48955823183059693,0.7745911180973053,1.0563993215560914
A_native,G1-shared,69,expression,0.06833714118019593,0.0725323825914437,0.011768045675800457,0.16102286012916395,496.40876806856215,0.4062138200197712,0.8389771398708362,0.11970730218080436,0.0,0.0,0.0,-0.06399784584470924,0.014757806053534618,0.45549133514574003,0.004170607426203787,0.393736332654953,6.171554088592536
A_native,G1-shared,69,all,0.03772656373146446,0.043901625263636716,0.03138901916933288,0.2809435550729262,270.3596602055783,0.2758683771386673,0.7190564449270739,0.12039954822086849,0.0,0.412,0.41200000000000003,-0.06602743367183166,0.04911052886889327,0.3813011463228623,0.0002450191765092314,0.396528959274292,2.2548172235488932
B_fixed_G0,G1-shared,69,AU,0.010798688497128343,0.011705806837420575,0.03395009143222238,0.2863405146415242,0.4668887665274794,0.15046250413266268,0.7136594853584758,0.0820647424395258,0.0,0.5666666666666667,0.5666666666666667,-0.04292174993358107,0.024377473912328206,0.2696251454241509,9.537908481433989e-05,0.02115173637866974,1.4147254943847658
B_fixed_G0,G1-shared,69,VA,0.09698122336578832,0.12862457883931866,0.01456189029117636,0.32412211362049703,0.6075718238949775,0.7740455862930766,0.675877886379503,0.16414167152760936,0.0,0.0,0.0,0.029277860312655106,0.15607331875476882,0.3301805962723768,0.2777938634157181,0.42590591311454773,1.0563993215560914
B_fixed_G0,G1-shared,69,expression,0.05465374877359298,0.058100118889576356,0.03279227338749531,0.1778409857812118,3.568028212754234,0.3346335905595493,0.8221590142187882,0.11104166256425743,0.0,0.0,0.0,-0.02784753912744084,0.015169427530577647,0.44557341408388373,0.0006082080653868616,0.20723606646060944,4.581484127044685
B_fixed_G0,G1-shared,69,all,0.03172691057508983,0.03590548845426227,0.03202853356662603,0.25464319332454205,1.9875240201365119,0.25928389836209953,0.745356806675458,0.10606287693492095,0.0,0.34,0.33999999999999997,-0.03929072213545879,0.03324335062417282,0.3337212489656655,0.0002675844356417656,0.24546630680561066,1.8938776254653917
A_native,T0,70,AU,0.012144416347038764,0.013007450651649932,0.030619118309003806,0.2787729032221238,0.7633860770883709,0.13776454833166094,0.7212270967778761,0.10156451034290485,0.0,0.78,0.78,-0.15853456525534282,0.09784874376711263,0.3287643964182632,6.614699377678336e-05,0.6171314716339111,2.3281198024749763
A_native,T0,70,VA,0.03686509197819239,0.037172652668118054,0.013550198336225863,0.42177277041771777,1.1119556844234466,0.9549218372488246,0.5782272295822821,0.03785962582664629,0.0,0.0,0.0,-0.16070073127188206,0.07558565188106686,0.20881773457312228,0.6923489153385163,1.1163902282714844,1.5085292935371402
A_native,T0,70,expression,0.059466860871885206,0.0630906880254801,0.023268683832341253,0.16666158881016285,867795.8997550901,0.5516643973614539,0.8333384111898372,0.06390544608540887,0.0,0.0,0.0,-0.1259405706327884,-0.013850281709513544,0.375140799315813,0.22659826576709746,1.1638954281806946,65.92953643798845
A_native,T0,70,all,0.02926525264548192,0.030967302772593033,0.02690146567864955,0.2543372719859438,521982.8527162515,0.33558508313456775,0.7456627280140563,0.06933275973444733,0.0,0.468,0.46799999999999997,-0.1534612924689004,0.006726556444406111,0.322858416193352,0.2017452210187912,0.9872472882270813,9.409660148620599
B_fixed_G0,T0,70,AU,0.000344098664468677,0.00035628796098025143,0.02326319031331402,0.2335672130764172,0.30292224031859816,0.14581539786450998,0.7664327869235827,0.009777049993478773,0.0,0.6333333333333333,0.6333333333333333,-0.2174514050690078,0.01140779385864392,0.22421146615827048,0.00012415245728334413,0.10761676728725433,0.7860341906547548
B_fixed_G0,T0,70,VA,0.04094677665828292,0.04033577734547226,0.008475907920572828,0.3508226379155865,0.9755578577518463,0.929820143218927,0.6491773620844135,0.037757173652534205,0.0,0.0,0.0,-0.1779520508945649,0.0857151614362529,0.20881773457312228,0.5803401827812195,1.052307665348053,1.5637386322021485
B_fixed_G0,T0,70,expression,0.04599549553145801,0.04840578536510069,0.008392297359400464,0.13181724939411116,10.710436615603976,0.5316346571734277,0.8681827506058889,0.049974593998470894,0.0,0.0,0.0,-0.11512298858731876,-0.021347044629952048,0.3560849462914359,0.17435101717710497,1.2009544968605042,24.116903877258313
B_fixed_G0,T0,70,all,0.018200759901410405,0.018930486281058156,0.017321521976642388,0.21038765868521284,5.761334255618567,0.33199794047171705,0.7896123413147873,0.034134508016578635,0.0,0.38,0.38,-0.15420369742293233,-0.010179343507909892,0.3139020783959526,0.00047825759393163033,0.6632009744644165,10.209447669982906
A_native,G0-local,70,AU,0.031138926425162847,0.034622529364418425,0.014728570028074955,0.17962287781434053,0.45720791558203266,0.20648910903245818,0.8203771221856596,0.1617813722301831,0.0,0.6333333333333333,0.6333333333333333,-0.1979029066910723,0.15962586127686929,0.459662678289314,0.00017847694980446251,0.3943291902542114,0.8233849287033081
A_native,G0-local,70,VA,0.10812106987335182,0.15182108486501492,0.008857345063485868,0.40400558629055183,0.8997403398156166,0.9371455838923619,0.595994413709448,0.1590228462807642,0.0,0.0,0.0,-0.054535662905487364,0.1851819367929723,0.3427251162235554,0.5022297292947769,0.9432899355888367,1.209617340564728
A_native,G0-local,70,expression,0.0331781229750486,0.047293682096293914,0.026606874218888986,0.246230206508098,10.903258520785311,0.47206272651394154,0.753769793491902,0.07409577543679396,0.0,0.0,0.0,-0.14688717439052026,0.011379468176388931,0.3868903537887841,0.0233026597648859,0.7450324296951294,19.120432281494146
A_native,G0-local,70,all,0.0379500407969814,0.048053182678666304,0.01805992937196832,0.2188878396744398,5.905818863329994,0.3499251846153252,0.7811121603255602,0.11616835118205722,0.0,0.38,0.38,-0.14572592588593417,0.08419124550808897,0.41397380148635404,0.008179073128849268,0.675581157207489,4.58074913024902
B_fixed_G0,G0-local,70,AU,0.031138926425162847,0.034622529364418425,0.014728570028074955,0.17962287781434053,0.45720791558203266,0.20648910903245818,0.8203771221856596,0.1617813722301831,0.0,0.6333333333333333,0.6333333333333333,-0.1979029066910723,0.15962586127686929,0.459662678289314,0.00017847694980446251,0.3943291902542114,0.8233849287033081
B_fixed_G0,G0-local,70,VA,0.10812106987335182,0.15182108486501492,0.008857345063485868,0.40400558629055183,0.8997403398156166,0.9371455838923619,0.595994413709448,0.1590228462807642,0.0,0.0,0.0,-0.054535662905487364,0.1851819367929723,0.3427251162235554,0.5022297292947769,0.9432899355888367,1.209617340564728
B_fixed_G0,G0-local,70,expression,0.0331781229750486,0.047293682096293914,0.026606874218888986,0.246230206508098,10.903258520785311,0.47206272651394154,0.753769793491902,0.07409577543679396,0.0,0.0,0.0,-0.14688717439052026,0.011379468176388931,0.3868903537887841,0.0233026597648859,0.7450324296951294,19.120432281494146
B_fixed_G0,G0-local,70,all,0.0379500407969814,0.048053182678666304,0.01805992937196832,0.2188878396744398,5.905818863329994,0.3499251846153252,0.7811121603255602,0.11616835118205722,0.0,0.38,0.38,-0.14572592588593417,0.08419124550808897,0.41397380148635404,0.008179073128849268,0.675581157207489,4.58074913024902
A_native,G1-shared,70,AU,0.007681813561126803,0.00830069460558962,0.03512678546651393,0.3190345103003789,0.4120344501650088,0.12387426477622097,0.680965489699621,0.08011794170496216,0.0,0.74,0.74,-0.06933286227102911,0.040509487557340074,0.2532813581667777,6.15433069469873e-05,0.27100270986557007,1.0130316257476806
A_native,G1-shared,70,VA,0.0862774065658721,0.13156988723083637,0.011118474809449289,0.3972140027005551,0.9489844411611557,0.9675540531467149,0.6027859972994449,0.13534045968395314,0.0,0.0,0.0,-0.0508541054288925,0.12850009230481468,0.3092149308308215,0.7161162614822387,0.903972715139389,1.3505426883697509
A_native,G1-shared,70,expression,0.061790465906056705,0.06930381770555455,0.03291178710869466,0.17673987047296494,8.266492534021745,0.4869749535887301,0.823260129527035,0.08510976602689671,0.0,0.0,0.0,-0.10951650165025194,-0.009197646517109331,0.36237492105235697,0.05321826227009297,0.8785095512866974,33.404272079467816
A_native,G1-shared,70,all,0.031284229751883996,0.037683229407598134,0.03249732113944659,0.2797545849476205,5.00984485684459,0.30756086826586343,0.7202454150523795,0.09093662016060665,0.0,0.444,0.44399999999999995,-0.09683151747158764,0.03116961840319,0.319224648409718,0.0015578296268358828,0.7806232571601868,3.4137242317199714
B_fixed_G0,G1-shared,70,AU,0.0013963327192965064,0.00057175137048535,0.046763062320109336,0.3134428997398534,0.25358828751466883,0.1214703052059663,0.6865571002601466,0.040548686373603,0.0,0.6333333333333333,0.6333333333333333,-0.15376342020635594,0.035497079159168776,0.2201806052721346,0.00010846895893337206,0.00752396322786808,0.8748386025428773
B_fixed_G0,G1-shared,70,VA,0.08178458557689602,0.1229927505178529,0.013644475333807077,0.3699648052372161,0.8582483485341073,0.9215633652153672,0.6300351947627839,0.1298988208884786,0.0,0.0,0.0,-0.04066676810790601,0.07123596440713267,0.3276878300353021,0.48624340891838075,0.8192289173603058,1.1899803519248966
B_fixed_G0,G1-shared,70,expression,0.03955208153788888,0.043677744823207264,0.03713967289071514,0.15778324440382954,7.362956173213751,0.451823311410345,0.8422167555961704,0.05552523444237335,0.0,0.0,0.0,-0.11730426037455165,-0.012394157220458968,0.33906390150960813,0.0655922967940569,0.6450660228729248,25.282659912109377
B_fixed_G0,G1-shared,70,all,0.020037232569854027,0.02415934920714577,0.041034090743799004,0.2681535624721148,4.000960107361865,0.29119071199211954,0.7318464375278853,0.05980756724972648,0.0,0.38,0.38,-0.1239176385689797,0.007674712465107005,0.3037693534909433,0.0005148996191564948,0.4953956604003906,5.9166909217834425
A_native,T0,71,AU,0.017429299709641067,0.020169873090345406,0.030281159826375657,0.1510091315443123,1.9193329671457284,0.278271612301168,0.8489908684556876,0.05140253730934237,0.0,0.58,0.5800000000000001,-0.019266573593521175,-0.002142793622919391,0.22416986291636287,0.03270401209592821,0.7998765707015991,5.717998313903827
A_native,T0,71,VA,0.07638297362481342,0.07957251812576764,0.010156681610650314,0.1899963450614096,0.8416572481393814,0.9089344160346263,0.8100036549385905,0.08579002784238723,0.0,0.0,0.0,-0.03014410989029512,0.09294285599227659,0.24904597009691087,0.5182934075593948,0.7245339751243591,1.3002546787261964
A_native,T0,71,expression,0.03258779128257154,0.03742114992279051,0.013453447253872746,0.10923343348234596,20.837041785818293,0.5633144199966481,0.890766566517654,0.04415553792004306,0.0,0.0,0.0,-0.036051305485807594,0.0012787680283398765,0.17420486313929273,0.06414754167199135,0.8716780841350555,27.602575683593763
A_native,T0,71,all,0.026996310926192608,0.030442493279561625,0.023286333545916697,0.14075988524585084,11.071867881953569,0.4199383350623983,0.8592401147541492,0.052065051784906495,0.0,0.348,0.348,-0.03223872132503676,-0.0003237573574293953,0.22242149652914436,0.06469405591487884,0.8374605774879456,8.458557701110859
B_fixed_G0,T0,71,AU,0.007647565395093749,0.007774795334698791,0.02990026391876274,0.15461448731876493,1.5032778885013778,0.30054326929175984,0.8453855126812351,0.016456298973395362,0.0,0.56,0.56,-0.09281237385078024,-0.006684426269410593,0.13326193829423782,0.1650487780570984,0.6761523187160492,2.204839825630188
B_fixed_G0,T0,71,VA,0.08385065786376032,0.09631710725738321,0.012771967114742872,0.23232700190900654,0.823173500597477,0.9065362221422018,0.7676729980909935,0.10249515476253128,0.0,0.0,0.0,-0.01731758148255903,0.09417743656696131,0.2552594041728981,0.4874237835407257,0.7245339751243591,1.1867449522018434
B_fixed_G0,T0,71,expression,0.03382757102282895,0.03984099902818616,0.01481605820192756,0.11772045458720011,20.42813868887024,0.5667834396043201,0.8822795454127998,0.03963495474761742,0.0,0.0,0.0,-0.038894513745437495,0.00040357729348742535,0.1547800586367848,0.09574774503707886,0.8771965205669403,27.393833923339862
B_fixed_G0,T0,71,all,0.022121414593462334,0.0251193654704295,0.02370305434505389,0.1490253980118835,10.54175244435337,0.43421956001981443,0.8509746019881165,0.03799286269460309,0.0,0.336,0.33599999999999997,-0.047310674264459465,-0.0022317461687997274,0.19629285675880276,0.1650487780570984,0.8208573162555695,13.594886779785156
A_native,G0-local,71,AU,0.04037150651770036,0.041779844978822055,0.01953053460807942,0.16352515099020778,1.461996933694591,0.2911490976816475,0.8364748490097923,0.11139726421283147,0.0,0.56,0.56,-0.027879860527992805,0.017595993227566734,0.4557423471612112,0.042880941182374954,0.6780331432819366,1.4494046568870544
A_native,G0-local,71,VA,0.1316098849342199,0.17064379206581584,0.01674197843999468,0.2706980162121746,0.6895744666457176,0.8517207248792781,0.7293019837878254,0.19642774350869868,0.0,0.0,0.0,0.05971603438723581,0.19719447234947218,0.3511033597742327,0.43964854180812835,0.579476535320282,0.9773952186107637
A_native,G0-local,71,expression,0.07164168602722856,0.08533156348043479,0.015447800633259836,0.16413806861932143,22.358667398894614,0.5693812096012881,0.8358619313806785,0.08544224626365263,0.0,0.0,0.0,-0.040323368601301916,0.01566933600246102,0.3563295339307607,0.0034957339521497492,0.8809920847415924,7.561099529266369
A_native,G0-local,71,all,0.05767703423407096,0.06602551066629764,0.018000975242690374,0.17229511384928148,11.439618547399556,0.42502910367174296,0.8277048861507185,0.10913345788742808,0.0,0.336,0.33599999999999997,-0.03329873305660626,0.038585511952232185,0.37679335796469626,0.008299673208966851,0.766345351934433,4.092107534408569
B_fixed_G0,G0-local,71,AU,0.04037150651770036,0.041779844978822055,0.01953053460807942,0.16352515099020778,1.461996933694591,0.2911490976816475,0.8364748490097923,0.11139726421283147,0.0,0.56,0.56,-0.027879860527992805,0.017595993227566734,0.4557423471612112,0.042880941182374954,0.6780331432819366,1.4494046568870544
B_fixed_G0,G0-local,71,VA,0.1316098849342199,0.17064379206581584,0.01674197843999468,0.2706980162121746,0.6895744666457176,0.8517207248792781,0.7293019837878254,0.19642774350869868,0.0,0.0,0.0,0.05971603438723581,0.19719447234947218,0.3511033597742327,0.43964854180812835,0.579476535320282,0.9773952186107637
B_fixed_G0,G0-local,71,expression,0.07164168602722856,0.08533156348043479,0.015447800633259836,0.16413806861932143,22.358667398894614,0.5693812096012881,0.8358619313806785,0.08544224626365263,0.0,0.0,0.0,-0.040323368601301916,0.01566933600246102,0.3563295339307607,0.0034957339521497492,0.8809920847415924,7.561099529266369
B_fixed_G0,G0-local,71,all,0.05767703423407096,0.06602551066629764,0.018000975242690374,0.17229511384928148,11.439618547399556,0.42502910367174296,0.8277048861507185,0.10913345788742808,0.0,0.336,0.33599999999999997,-0.03329873305660626,0.038585511952232185,0.37679335796469626,0.008299673208966851,0.766345351934433,4.092107534408569
A_native,G1-shared,71,AU,0.005900854833708443,0.006179278062262088,0.042215159792869536,0.2851153530462211,0.649405599501754,0.12166578225466208,0.7148846469537788,0.05755960572213359,0.0,0.7066666666666667,0.7066666666666667,-0.047499709135895636,0.007846588834070472,0.23470132568361335,5.168142743059434e-05,0.16859783977270126,1.7506226539611829
A_native,G1-shared,71,VA,0.0530113994730271,0.06559791947910318,0.03555605740570008,0.45413859758611314,0.8512536138296127,0.958663746969,0.5458614024138868,0.06897196394182885,0.0,0.0,0.0,-0.027850555145435003,0.05173698934824879,0.23371835924681164,0.6158064663410187,0.8496717214584351,1.055899775028229
A_native,G1-shared,71,expression,0.06350732551150515,0.06644434078552951,0.023368844953537277,0.19991469830372707,6.22561043316382,0.48607927739973544,0.8000853016962729,0.08208288759227039,0.0,0.0,0.0,-0.04197254637429223,0.016222134094968647,0.3484118860206417,0.04365504421293735,0.48011718690395355,8.43389625549318
A_native,G1-shared,71,all,0.028103769021748878,0.03021758944705495,0.03565161085330966,0.27137300309181445,3.775331620192882,0.3052379378782326,0.7286269969081856,0.07276870095827838,0.0,0.424,0.42400000000000004,-0.0432567480471142,0.017884297783284053,0.27153906640209174,0.02130916677415371,0.4957750141620636,3.2437541723251346
B_fixed_G0,G1-shared,71,AU,0.005262967082428287,0.005429070544563237,0.029418203930834583,0.23730452526864695,0.45031789090331364,0.16304134120401878,0.7626954747313529,0.0473427080665128,0.0,0.56,0.56,-0.030142015762844865,-0.0016318302276900544,0.2150823745514786,0.00029086584981996566,0.06801929511129856,1.3429877758026123
B_fixed_G0,G1-shared,71,VA,0.06510661409876631,0.10587080962539677,0.02933756861222771,0.4380421882673281,0.5898492068052292,0.7875118563549272,0.5619578117326718,0.13309702211752833,0.0,0.0,0.0,0.014580440681421277,0.1092765337185366,0.3005161687396842,0.3590289503335953,0.46672359108924866,0.8895092189311982
B_fixed_G0,G1-shared,71,expression,0.022301048400788243,0.023408831126975727,0.03803456195510742,0.18573981191924943,5.6798270741535815,0.3815739893747873,0.8142601880807506,0.042596805640128035,0.0,0.0,0.0,-0.03685126383069247,-0.0025198190528168143,0.1964340871438275,0.002090026182122529,0.37083272635936737,8.754350662231456
B_fixed_G0,G1-shared,71,all,0.015502644865610515,0.01921793305740192,0.03216898767311334,0.23686283003673425,2.9873742823374085,0.2829294298307374,0.7631371699632657,0.05538737124066658,0.0,0.336,0.33599999999999997,-0.033888720430158614,0.0015365417470665566,0.22259135195101198,0.0005507604219019413,0.34110085666179657,2.5592844486236572
A_native,T0,72,AU,0.05950221264103565,0.06843498109409701,0.04486962775778411,0.14874043893008787,0.7179932110527167,0.5645840773952361,0.8512595610699123,0.09723924502397492,0.0,0.22666666666666666,0.22666666666666668,-0.01920424644965146,0.08017379275526948,0.2681573915002754,0.06087726540863514,0.6832662224769592,1.4100883603096008
A_native,T0,72,VA,0.0895732070011355,0.13904724296674933,0.044239391459474156,0.33383398652193763,0.7612037628889083,0.9059424051514208,0.6661660134780624,0.15402672910881074,0.0,0.0,0.0,0.03685737023335463,0.11479379744289517,0.3524542403489125,0.48106761276721954,0.7011521756649017,1.0365953207015997
A_native,T0,72,expression,0.06980028003416283,0.08004350223335982,0.020831271742149167,0.12459401932699274,11.773111660126597,0.6491814039027957,0.8754059806730072,0.08861843063043925,0.0,0.0,0.0,-0.029538685968643775,0.02950142874965376,0.312557558949449,0.26333025097846985,1.0331352949142456,49.51498641967774
A_native,T0,72,all,0.06520327375564433,0.0777986888084733,0.037126934928916125,0.15582106846444543,4.8164825025463935,0.61896388809815,0.8441789315355547,0.09930445118237244,0.0,0.136,0.136,-0.021046465068798405,0.07067582530667704,0.2868137935785625,0.13694458454847336,0.8020750880241394,2.2926926612854004
B_fixed_G0,T0,72,AU,0.06029160658402759,0.0669051817448948,0.03234604297232619,0.126666275483002,0.5947457486183848,0.6055353731971141,0.873333724516998,0.08657207770130644,0.0,0.16666666666666666,0.16666666666666663,-0.02437706528558517,0.061733077100936236,0.25867298037959463,0.07478624284267425,0.6107116937637329,1.0068127155303956
B_fixed_G0,T0,72,VA,0.06707899246637904,0.09114820634932454,0.0540344242406078,0.2912765155308406,0.7192285418510437,0.9268286757325905,0.7087234844691593,0.10091261513011607,0.0,0.0,0.0,-0.026259580383009497,0.08723451796569498,0.25683502348951875,0.5251779079437255,0.7451682388782501,0.8753296613693239
B_fixed_G0,T0,72,expression,0.0519849198843408,0.05865492799935881,0.021471995362096076,0.10765713066788825,7.718655874067918,0.6613431805072657,0.8923428693321117,0.05881639570804313,0.0,0.0,0.0,-0.03518405844750092,0.018336580364916925,0.2126350904717189,0.17279878854751587,0.7937869131565094,42.1301971435547
B_fixed_G0,T0,72,all,0.05817645771071593,0.06620454251467767,0.03060141823851508,0.13375216834599268,3.138756708176677,0.6490973357392006,0.8662478316540073,0.0779781052084848,0.0,0.1,0.09999999999999998,-0.029979715960867015,0.04571645884895976,0.24986230857343872,0.10502148866653442,0.7371622323989868,1.3073438644409179
A_native,G0-local,72,AU,0.07241107398038792,0.07948350277820092,0.023762244969862536,0.1457594270754223,0.49424518692071434,0.4955776273550888,0.8542405729245779,0.09847302260935382,0.0,0.16666666666666666,0.16666666666666663,-0.054519892138808,0.06498385727888842,0.29827470407816276,5.8236648328602314e-05,0.5081241726875305,0.9808292746543885
A_native,G0-local,72,VA,0.09295894216361059,0.12392061295520382,0.049208901053042306,0.27647025528831143,0.6060909301042556,0.8641351901035816,0.7235297447116886,0.14760235671152924,0.0,0.0,0.0,-0.01458975497282447,0.13186630155659063,0.33967787428851454,0.4829912543296814,0.5910452604293823,0.7419272243976593
A_native,G0-local,72,expression,0.05946401563135393,0.06556197768172747,0.0221233790078639,0.13476317449890374,5.054890368679116,0.4996229311921411,0.8652368255010963,0.08100050781749105,0.0,0.0,0.0,-0.044255731335391645,0.05943716835334667,0.2631230267454159,0.0017123187659308316,0.5459304451942444,3.3285942077636888
A_native,G0-local,72,all,0.06991184476335485,0.07858358356148963,0.02527354034867735,0.15269749250796746,2.1257497620511274,0.526356729602825,0.8473025074920324,0.09662762482577376,0.0,0.1,0.09999999999999998,-0.050533484226394025,0.0779630683357472,0.2951681874266223,0.00018053012317977856,0.5455107688903809,1.1190417051315305
B_fixed_G0,G0-local,72,AU,0.07241107398038792,0.07948350277820092,0.023762244969862536,0.1457594270754223,0.49424518692071434,0.4955776273550888,0.8542405729245779,0.09847302260935382,0.0,0.16666666666666666,0.16666666666666663,-0.054519892138808,0.06498385727888842,0.29827470407816276,5.8236648328602314e-05,0.5081241726875305,0.9808292746543885
B_fixed_G0,G0-local,72,VA,0.09295894216361059,0.12392061295520382,0.049208901053042306,0.27647025528831143,0.6060909301042556,0.8641351901035816,0.7235297447116886,0.14760235671152924,0.0,0.0,0.0,-0.01458975497282447,0.13186630155659063,0.33967787428851454,0.4829912543296814,0.5910452604293823,0.7419272243976593
B_fixed_G0,G0-local,72,expression,0.05946401563135393,0.06556197768172747,0.0221233790078639,0.13476317449890374,5.054890368679116,0.4996229311921411,0.8652368255010963,0.08100050781749105,0.0,0.0,0.0,-0.044255731335391645,0.05943716835334667,0.2631230267454159,0.0017123187659308316,0.5459304451942444,3.3285942077636888
B_fixed_G0,G0-local,72,all,0.06991184476335485,0.07858358356148963,0.02527354034867735,0.15269749250796746,2.1257497620511274,0.526356729602825,0.8473025074920324,0.09662762482577376,0.0,0.1,0.09999999999999998,-0.050533484226394025,0.0779630683357472,0.2951681874266223,0.00018053012317977856,0.5455107688903809,1.1190417051315305
A_native,G1-shared,72,AU,0.03853715412291776,0.042878445873467404,0.060782868080157565,0.21648523186654245,0.4252250074940943,0.37637860356716024,0.7835147681334574,0.06519018755042492,0.0,0.18666666666666668,0.18666666666666665,-0.06689449653591473,0.0358376914554456,0.23947665182747904,6.182183278724551e-05,0.16163469105958939,0.989045798778534
A_native,G1-shared,72,VA,0.05577999824787463,0.0735476977865834,0.047967280513555054,0.3665633683959127,0.588114607334137,0.8255049026995097,0.6334366316040873,0.0787320015193228,0.0,0.0,0.0,-0.04590478516321918,0.07750132278428092,0.25944993833702384,0.36737715899944307,0.5268286764621735,0.8842020213603974
A_native,G1-shared,72,expression,0.023158508365382115,0.02680186729815261,0.03700401738122881,0.15210800669917934,3.549938943212328,0.5017704741350378,0.8478919933008207,0.03411728677094942,0.0,0.0,0.0,-0.029060231801026837,0.00761286272027854,0.1613508328761607,0.014622526615858078,0.5850623846054077,5.998108959198
A_native,G1-shared,72,all,0.034995415010502906,0.04018748088241596,0.052148388851172164,0.20789077073533588,1.5659227861168852,0.45243410607946905,0.7921092292646641,0.05521272906853266,0.0,0.112,0.11199999999999999,-0.04280603651690916,0.021681842586577165,0.2098677778489679,9.204647940350697e-05,0.429586797952652,1.374634420871735
B_fixed_G0,G1-shared,72,AU,0.027932039758102125,0.03149735877085162,0.0725678443127142,0.22503053732501974,0.3682860828643461,0.35972051425936014,0.7749694626749802,0.06260580546566412,0.0,0.16666666666666666,0.16666666666666663,-0.039151613768003406,0.037710069880289285,0.21983778625011555,4.746160338982008e-05,0.12154112011194229,1.043210339546204
B_fixed_G0,G1-shared,72,VA,0.04951620840663797,0.06622525035155767,0.08974673588527485,0.4287556744364808,0.5826171770691871,0.8132211418243782,0.5712443255635191,0.07184780113226454,0.0,0.0,0.0,-0.058805101143007805,0.07750132278428092,0.1862483654845867,0.36052567064762114,0.5612967312335968,0.7898492574691774
B_fixed_G0,G1-shared,72,expression,0.011547499253678872,0.015957014042576417,0.046121082509944136,0.166327958303234,8.554651223744804,0.42915799137650296,0.8336720416967662,0.02574162848151359,0.0,0.0,0.0,-0.047758348114062814,0.001514466036309644,0.14398847311549334,0.014966083317995073,0.3729805052280426,23.854836273193374
B_fixed_G0,G1-shared,72,all,0.024415720288569552,0.02930267978426004,0.06547919186163262,0.2225437230069652,3.2980453413289395,0.41822055714204726,0.7774562769930348,0.05032005326388619,0.0,0.1,0.09999999999999998,-0.04915476540856088,0.021703490563524275,0.190377629617869,8.41123692225665e-05,0.3187355697154999,1.1689694404602051
A_native,T0,73,AU,0.03761386941651734,0.04030272546938304,0.0897298257604788,0.24242100676504066,0.6274766856333371,0.4886104829811554,0.7575789932349595,0.05303718705681617,0.0,0.2,0.19999999999999996,-0.05381364041646158,0.01581393733496238,0.20721464952107085,0.0006732198351528496,0.46823492646217346,1.3378780961036687
A_native,T0,73,VA,0.11558494457329524,0.13180287534459761,0.02071394931397166,0.19335003667886216,0.6952401012182235,0.8982099135448065,0.8066499633211377,0.13919025504482446,0.0,0.0,0.0,0.024142019142315056,0.10131019714923822,0.3094837931171924,0.4721080780029297,0.670248806476593,0.8820427834987641
A_native,T0,73,expression,0.01826495769732384,0.022431154261471836,0.036112347717173345,0.1644129991928455,4.806093436235097,0.7055851207957625,0.8355870008071544,0.027084166453694568,0.0,0.0,0.0,-0.0572009286314439,0.005039284687025918,0.17186877175334778,0.2598903998732567,0.8542735278606415,7.419277620315604
A_native,T0,73,all,0.03765990367891766,0.04190383467286863,0.0670509626709005,0.21353276673504387,2.1531339963598755,0.5908103215269218,0.7864672332649562,0.051431822109136334,0.0,0.12,0.12,-0.05381364041646158,0.017934677965231856,0.20705118837423167,0.04693692233413463,0.6026778817176819,2.006906461715698
B_fixed_G0,T0,73,AU,0.03366485462880923,0.033754591423850934,0.08962339245025869,0.21790361077135023,0.6829119748116803,0.474955958778908,0.7820963892286498,0.04222354781744457,0.0,0.15333333333333332,0.15333333333333332,-0.06694166893632834,-0.0006986429445931004,0.17515359166663938,0.00011135233653476461,0.44074776768684387,1.110302090644837
B_fixed_G0,T0,73,VA,0.08663230196249941,0.09323497235239343,0.023268957743861098,0.23757643471330087,0.6442030370235443,0.8634387785508777,0.7624235652866991,0.10209846812848078,0.0,0.0,0.0,0.005410801754682001,0.08912083315605313,0.286840557639166,0.4692913144826889,0.5623551607131958,0.8618393123149872
B_fixed_G0,T0,73,expression,0.01547664448219444,0.019413275001296946,0.04236839913772994,0.18158983482046298,5.180512225974235,0.6791164547716173,0.818410165179537,0.022356738855101914,0.0,0.0,0.0,-0.043681889955838805,0.0011359567303178071,0.14260723010231202,0.22940192222595215,0.9723297357559204,4.079285645485004
B_fixed_G0,T0,73,all,0.03208202316858771,0.03392380064291706,0.06919343981373768,0.20785702838242234,2.2645588529493086,0.5713659430783325,0.7921429716175776,0.0404973526158292,0.0,0.092,0.09199999999999997,-0.05712987212674192,0.005180313264417437,0.17897057829011584,0.0007700494374148549,0.5680269598960876,2.186083316802979
A_native,G0-local,73,AU,0.02056795320087416,0.02161710049334354,0.05809778007393111,0.19647073517929622,0.5317235806252695,0.39339199322617674,0.8035292648207037,0.025698687142088228,0.0,0.15333333333333332,0.15333333333333332,-0.09702018740342395,-0.003563015882053366,0.17609602373157962,4.0238835208583626e-05,0.28311753273010254,0.9324774861335755
A_native,G0-local,73,VA,0.07494795921835336,0.07454473688731995,0.020111402248362144,0.2207603628661265,0.5295334249734879,0.7870557138899863,0.7792396371338735,0.09565741178422257,0.0,0.0,0.0,-0.05700480253558322,0.04868815573978486,0.30199044090296584,0.3424199879169464,0.5316691994667053,0.6201550602912904
A_native,G0-local,73,expression,0.011776230944766772,0.014882328720915886,0.034830577442330875,0.17196764027104958,2.0047891763375447,0.5627632839513256,0.8280323597289504,0.01851948768315539,0.0,0.0,0.0,-0.06713251189312507,-0.004094944788241623,0.13088402735941554,0.002694065822288394,0.5493566691875458,1.3751109123229999
A_native,G0-local,73,all,0.02210500256031813,0.023696184437684807,0.04761336500577352,0.19057291502360374,1.0506726755325222,0.4790839039113291,0.8094270849763961,0.029332337080978356,0.0,0.092,0.09199999999999997,-0.08241318385011921,-0.0018056788998386643,0.17324273061398207,6.0099241090938454e-05,0.4168877601623535,1.1172138690948488
B_fixed_G0,G0-local,73,AU,0.02056795320087416,0.02161710049334354,0.05809778007393111,0.19647073517929622,0.5317235806252695,0.39339199322617674,0.8035292648207037,0.025698687142088228,0.0,0.15333333333333332,0.15333333333333332,-0.09702018740342395,-0.003563015882053366,0.17609602373157962,4.0238835208583626e-05,0.28311753273010254,0.9324774861335755
B_fixed_G0,G0-local,73,VA,0.07494795921835336,0.07454473688731995,0.020111402248362144,0.2207603628661265,0.5295334249734879,0.7870557138899863,0.7792396371338735,0.09565741178422257,0.0,0.0,0.0,-0.05700480253558322,0.04868815573978486,0.30199044090296584,0.3424199879169464,0.5316691994667053,0.6201550602912904
B_fixed_G0,G0-local,73,expression,0.011776230944766772,0.014882328720915886,0.034830577442330875,0.17196764027104958,2.0047891763375447,0.5627632839513256,0.8280323597289504,0.01851948768315539,0.0,0.0,0.0,-0.06713251189312507,-0.004094944788241623,0.13088402735941554,0.002694065822288394,0.5493566691875458,1.3751109123229999
B_fixed_G0,G0-local,73,all,0.02210500256031813,0.023696184437684807,0.04761336500577352,0.19057291502360374,1.0506726755325222,0.4790839039113291,0.8094270849763961,0.029332337080978356,0.0,0.092,0.09199999999999997,-0.08241318385011921,-0.0018056788998386643,0.17324273061398207,6.0099241090938454e-05,0.4168877601623535,1.1172138690948488
A_native,G1-shared,73,AU,0.020376362066496068,0.02279307525808816,0.07000182490762903,0.21054105310534174,0.5436234343312526,0.3322402057562142,0.7894589468946583,0.029345538828185334,0.0,0.22,0.21999999999999997,-0.05159566053040906,-0.00011551756385569382,0.11998643128446461,8.258289017248901e-05,0.17132055759429932,1.145988154411316
A_native,G1-shared,73,VA,0.049469212256141606,0.0706183181041524,0.04248228072844303,0.3282798032109918,0.6575604274868965,0.8487817196506857,0.6717201967890082,0.07199644203933106,0.0,0.0,0.0,-0.08143112526002441,0.09011794949308666,0.21814719312698624,0.3896748095750809,0.5970689356327057,0.9721171557903292
A_native,G1-shared,73,expression,0.014940851601544475,0.01859598176076713,0.057500876333708775,0.22152179999849442,8.093189077945862,0.5137721805888786,0.7784782000015056,0.02217116844617309,0.0,0.0,0.0,-0.05226062199604044,0.0045820943435915485,0.10934444124745442,0.021397791709750893,0.537818193435669,20.690892028808605
A_native,G1-shared,73,all,0.020964426732883196,0.025276024766630576,0.06379995782963967,0.2234739921196026,3.337374546553749,0.43165375881422446,0.7765260078803974,0.030631568476397013,0.0,0.132,0.132,-0.05324422096036276,0.007364744156658957,0.12706741358499052,0.0002245508570922539,0.42718735337257385,1.8755380630493168
B_fixed_G0,G1-shared,73,AU,0.017175971490980057,0.01627895527874881,0.09902349280396215,0.23903095149630318,0.47218408048065325,0.3481683490349964,0.7609690485036967,0.015731025978474276,0.0,0.15333333333333332,0.15333333333333332,-0.07085271656485341,-0.005789636901641938,0.1479016207628206,4.7550142335239796e-05,0.14565767347812653,1.2478761672973635
B_fixed_G0,G1-shared,73,VA,0.01843062327162251,0.024834684722396957,0.03355662651727241,0.3270249474062163,0.5960082471370697,0.8311182392327598,0.6729750525937838,0.021828929781412494,0.0,0.0,0.0,-0.13272297563309343,0.0465911027218074,0.18625142262375793,0.39727351665496824,0.5564032196998596,0.8708574175834658
B_fixed_G0,G1-shared,73,expression,0.004058600525985141,0.0050626241219197355,0.06528543887161138,0.23707139055772722,3.777770342668009,0.5556038863465641,0.7629286094422728,0.0004484394751479437,0.0,0.0,0.0,-0.05766831570656444,-0.009971906127157298,0.08598180716442715,0.008720254944637419,0.5124399811029434,5.004684209823609
B_fixed_G0,G1-shared,73,all,0.013078784924633081,0.013374187664055357,0.08298996624267474,0.2454434116687519,1.6480580201639872,0.4531837121905192,0.7545565883312482,0.010882352655974972,0.0,0.092,0.09199999999999997,-0.08121699553174033,-0.006245355195816078,0.12193515594377496,0.00010046908137155697,0.35663583874702454,1.755135250091553
A_native,T0,74,AU,0.03347238072360338,0.0439694925692219,0.07628171205955715,0.19584071131896982,0.639805103645234,0.5521842583514461,0.8041592886810301,0.06707932530834741,0.0,0.26666666666666666,0.2666666666666667,-0.027866225892099725,0.023413092959880956,0.21104624563990326,0.17857591956853866,0.5816765129566193,1.0650707602500917
A_native,T0,74,VA,0.07429449955028018,0.11915004249378343,0.06016741217938121,0.3927386669110806,0.6941501766443252,0.89287438639439,0.6072613330889194,0.13227938030501102,0.0,0.0,0.0,-0.015074711999767157,0.13052315746977122,0.2643322027693746,0.4251571327447891,0.6662664413452148,0.9290867567062379
A_native,T0,74,expression,0.032981234727450286,0.04038605078990666,0.025554681609432816,0.14269020135957394,112.20333651376423,0.6814875822631494,0.857309798640426,0.041078617798569216,0.0,0.0,0.0,-0.050895142226447074,0.018862279647985397,0.14780250120036695,0.4991653263568878,1.2551623582839966,30.270200920105
A_native,T0,74,all,0.036580983510968536,0.04883723519380594,0.05875991832510329,0.19458438457933197,43.14537374302381,0.6208165322466267,0.805415615420668,0.06338382292335225,0.0,0.16,0.16000000000000003,-0.03938531694179753,0.03284727818370736,0.21295560310681091,0.2790026336908341,0.7295266091823578,2.6848732233047485
B_fixed_G0,T0,74,AU,0.021931226484515266,0.025053081184531336,0.043339682857063536,0.13943045274555665,0.6030806115290667,0.558204573303428,0.8605695472544433,0.03536245129791562,0.0,0.23333333333333334,0.23333333333333328,-0.0742272694064075,0.001091307702198052,0.17578582397170536,0.07472329288721084,0.5413125157356262,1.1145971775054933
B_fixed_G0,T0,74,VA,0.05198051159557491,0.06899448453686083,0.02754903950962321,0.2806329757322628,0.7678143471479416,0.9502465054875879,0.7193670242677371,0.07445930394145274,0.0,0.0,0.0,-0.050017659455023095,0.051771403550270566,0.22476915930272387,0.651638126373291,0.7114059627056122,0.9140771985054017
B_fixed_G0,T0,74,expression,0.022268930627440266,0.024567076375822956,0.015731383359634317,0.10425676397527683,132.16007369058207,0.7483791781183824,0.8957432360247232,0.020704567700522418,0.0,0.0,0.0,-0.06707983311582785,-0.004703189367158641,0.1360839537262117,0.566837352514267,1.0932090878486633,22.857372093200752
B_fixed_G0,T0,74,all,0.024443234619136035,0.028412871913931007,0.03324177555009095,0.13947107417800358,49.56984396518775,0.6504238014189461,0.8605289258219965,0.03354527160060998,0.0,0.14,0.14,-0.07422726940640749,0.001091307702198052,0.18353846905821855,0.2351709604263306,0.7131963968276978,1.9903812170028685
A_native,G0-local,74,AU,0.04319818263067614,0.050466688919590386,0.03630571894112737,0.1434610752908901,0.6372351046316275,0.5169073661986616,0.8565389247091099,0.06495183500562185,0.0,0.23333333333333334,0.23333333333333328,-0.10991398200984892,0.02866782874094596,0.2993328921122487,0.0004626982263289392,0.6932479739189148,1.1584072113037112
A_native,G0-local,74,VA,0.08687197766318226,0.12667479513362304,0.039522186454826524,0.3502853651230999,0.7573775947093964,0.931839147141784,0.6497146348769001,0.1395824818376658,0.0,0.0,0.0,0.015317951270901992,0.13733901919736216,0.3163232284105181,0.5387743532657623,0.7778710126876831,0.9288069486618042
A_native,G0-local,74,expression,0.023770132994134933,0.031103753464986394,0.02644486073641425,0.1609836109870517,21.601678885161526,0.6497688068557868,0.8390163890129483,0.02670945032305703,0.0,0.0,0.0,-0.0784681527582116,0.003482752479672586,0.14776817544178728,0.0362139318138361,0.880342960357666,2.0715230822563355
A_native,G0-local,74,all,0.04047511034958344,0.05036719807123971,0.033407561716715106,0.1656142299002386,8.449134417394173,0.5926175696843916,0.8343857700997614,0.05766449622439252,0.0,0.14,0.14,-0.08804474045556622,0.02611213552046289,0.25843347797210775,0.01568707935512066,0.7646954655647278,1.5004048347473145
B_fixed_G0,G0-local,74,AU,0.04319818263067614,0.050466688919590386,0.03630571894112737,0.1434610752908901,0.6372351046316275,0.5169073661986616,0.8565389247091099,0.06495183500562185,0.0,0.23333333333333334,0.23333333333333328,-0.10991398200984892,0.02866782874094596,0.2993328921122487,0.0004626982263289392,0.6932479739189148,1.1584072113037112
B_fixed_G0,G0-local,74,VA,0.08687197766318226,0.12667479513362304,0.039522186454826524,0.3502853651230999,0.7573775947093964,0.931839147141784,0.6497146348769001,0.1395824818376658,0.0,0.0,0.0,0.015317951270901992,0.13733901919736216,0.3163232284105181,0.5387743532657623,0.7778710126876831,0.9288069486618042
B_fixed_G0,G0-local,74,expression,0.023770132994134933,0.031103753464986394,0.02644486073641425,0.1609836109870517,21.601678885161526,0.6497688068557868,0.8390163890129483,0.02670945032305703,0.0,0.0,0.0,-0.0784681527582116,0.003482752479672586,0.14776817544178728,0.0362139318138361,0.880342960357666,2.0715230822563355
B_fixed_G0,G0-local,74,all,0.04047511034958344,0.05036719807123971,0.033407561716715106,0.1656142299002386,8.449134417394173,0.5926175696843916,0.8343857700997614,0.05766449622439252,0.0,0.14,0.14,-0.08804474045556622,0.02611213552046289,0.25843347797210775,0.01568707935512066,0.7646954655647278,1.5004048347473145
A_native,G1-shared,74,AU,0.016498557543678148,0.025312925659168154,0.1395119853549526,0.2892273538445869,0.3696542126612697,0.36631216420681123,0.710772646155413,0.03884224645215803,0.0,0.22666666666666666,0.22666666666666668,-0.02915439404481345,0.012481840418257745,0.16970767443063167,0.00030481399153359234,0.19896919280290604,1.0053650736808777
A_native,G1-shared,74,VA,0.059656878224709706,0.09188984333196795,0.12310306892472904,0.45590777444367425,0.6749083012342453,0.8512342762790548,0.5440922255563257,0.10719771855530533,0.0,0.0,0.0,-0.03238070739444334,0.1211974544316374,0.1756615017219874,0.34698096513748167,0.7042432725429535,1.0106272101402283
A_native,G1-shared,74,expression,0.021658714027759946,0.027602549894699534,0.07783252242719932,0.22149601764102958,19.504733753742038,0.597527093899586,0.7785039823589704,0.039768700810444,0.0,0.0,0.0,-0.02754636933083127,0.007174350177546517,0.1581139079436726,0.17340564727783206,0.8852921724319458,22.224767112732046
A_native,G1-shared,74,all,0.021602473273066847,0.031371758828362184,0.11846184390365368,0.2808877599073755,7.484984976818311,0.47909471067427856,0.7191122400926244,0.04551458807588869,0.0,0.136,0.136,-0.02782172000085005,0.015670410721958836,0.165363380921081,0.0005358557973522693,0.4627711921930313,1.9565111994743347
B_fixed_G0,G1-shared,74,AU,0.0013861689226133407,0.001615129373452795,0.0529384709663562,0.20265263351008422,0.43354289763314147,0.3892153497332068,0.7973473664899157,0.004314651959755032,0.0,0.23333333333333334,0.23333333333333328,-0.07758967951604769,-0.007553957627323488,0.1023083547329625,0.0003901769407093525,0.28414803743362427,1.0566147327423097
B_fixed_G0,G1-shared,74,VA,0.03348085692054835,0.043725513014588525,0.021346582581540655,0.2560574885764606,0.7122978329658508,0.9167034269265619,0.7439425114235394,0.048061529864065054,0.0,0.0,0.0,-0.056869129878016775,0.062483098376089174,0.14391136247677333,0.5580015301704406,0.6610214412212372,0.9557868301868441
B_fixed_G0,G1-shared,74,expression,0.015494459214923328,0.01999751863359773,0.017403563765517115,0.1335248605231853,1487.7498788925527,0.6913606196938094,0.8664751394768146,0.023306895769623102,0.0,0.0,0.0,-0.03774808745220749,-0.002152542892499004,0.1490671923716217,0.1082573026418686,0.8746857047080994,2.8240098476409936
B_fixed_G0,G1-shared,74,all,0.008468396855987336,0.010866324627990033,0.03903994959130246,0.1848041345595867,553.8795055874017,0.528100882296068,0.8151958654404134,0.015451010391734785,0.0,0.14,0.14,-0.06251554826038362,-0.00330447332462801,0.11953401991380642,0.013431209139525915,0.5291235446929932,1.4090197086334224
A_native,T0,75,AU,0.039345543087496125,0.04925134150277367,0.07963717137356544,0.170463745551654,0.6500775743474368,0.5939356293598818,0.829536254448346,0.06200396368209148,0.0,0.16666666666666666,0.16666666666666663,-0.03895708626233654,0.022938395384073853,0.23025990194275492,0.017934571951627738,0.641599714756012,1.1889541625976565
A_native,T0,75,VA,0.03670519555433192,0.05969854018305583,0.07593555991457704,0.37151089750656363,0.7753928616642952,0.9305780889795756,0.6284891024934364,0.06503206959778354,0.0,0.0,0.0,-0.028707851818787752,0.0810090786911302,0.14274206518423,0.508070296049118,0.7360251247882843,1.0588016629219057
A_native,T0,75,expression,0.03058248924030746,0.03679532165473134,0.03487522718398688,0.14896561333485897,7.3397556312615055,0.6386730682042089,0.8510343866651411,0.03760867598005899,0.0,0.0,0.0,-0.049352033477853115,0.00741752741846532,0.16246905540816084,0.3364986091852188,1.5549288392066956,17.670832443237313
A_native,T0,75,all,0.03633013805374261,0.04610119104582269,0.06501722031618122,0.17966811539867236,3.0397689090117153,0.6351830065596419,0.8203318846013276,0.05359924858054144,0.0,0.1,0.09999999999999998,-0.044382033533470144,0.016289453187464623,0.1815580041441208,0.12776156216859821,0.7813020944595337,3.283981657028197
B_fixed_G0,T0,75,AU,0.038220567007669945,0.04866346044223217,0.0978351770572077,0.2041096709799989,0.6782728558090072,0.5757213369503225,0.7958903290200011,0.06339493956029309,0.0,0.22,0.21999999999999997,-0.05533646899687435,0.024936576457722175,0.2408232669411556,0.06445169597864155,0.6698211431503296,1.1433646202087404
B_fixed_G0,T0,75,VA,0.03763647932765817,0.06178293692354914,0.07083227505395513,0.3934824486523508,0.8441551744937896,0.9289761869799029,0.6065175513476491,0.06919343097590759,0.0,0.0,0.0,-0.08832952270837126,0.08914453806138439,0.16081385415665417,0.4992713361978531,0.8062206506729126,1.216427981853485
B_fixed_G0,T0,75,expression,0.027694701548987948,0.03670735021952225,0.03244402100044465,0.13979401421415766,29.37677596246358,0.5995486421133797,0.8602059857858425,0.035834212124613636,0.0,0.0,0.0,-0.051690175197949266,0.009708587954336673,0.17501770368700736,0.5470935285091401,1.7257760167121887,37.41092491149902
B_fixed_G0,T0,75,all,0.03480556304649077,0.045887063289470356,0.07474977495878332,0.19867848302871785,11.273654859984406,0.6116064626048673,0.8013215169712821,0.05376872588959232,0.0,0.132,0.132,-0.055330496406534514,0.016289453187464623,0.2164093223962721,0.14273491501808167,0.8261637091636658,6.038355445861835
A_native,G0-local,75,AU,0.05377167722213533,0.06688608492144717,0.06435308707689226,0.19491043319795648,0.5788059422202656,0.5006085003649954,0.8050895668020435,0.08529425480888435,0.0,0.22,0.21999999999999997,-0.06807662535988203,0.0390273461413445,0.29669081662666597,0.00030509295174852014,0.6506832242012024,0.9917271852493287
A_native,G0-local,75,VA,0.04680233681643388,0.06656502391942169,0.06391108009113389,0.3800453379271274,0.6945134490728379,0.899937247811071,0.6199546620728726,0.07491581849160203,0.0,0.0,0.0,-0.06508288598409172,0.09826966848908614,0.17852426832223178,0.45777353942394255,0.6850917637348175,0.9312785983085632
A_native,G0-local,75,expression,0.02481347330126902,0.029226669081060197,0.021626131380744946,0.15630932906227357,13.957150026712043,0.5841047948786792,0.8436906709377265,0.019781917627732,0.0,0.0,0.0,-0.0837392442207371,0.002532875182236552,0.1371789250176986,0.028616547025740145,0.8972232639789581,41.56940040588379
A_native,G0-local,75,all,0.043947504735002,0.0548093869723613,0.05064510069526444,0.19736887225287164,5.521578646811942,0.5592736144050603,0.8026311277471283,0.06018570319212014,0.0,0.132,0.132,-0.07083354718709829,0.026423952589354663,0.2410624257262174,0.0005628216080367566,0.7082791328430176,1.5562694311141971
B_fixed_G0,G0-local,75,AU,0.05377167722213533,0.06688608492144717,0.06435308707689226,0.19491043319795648,0.5788059422202656,0.5006085003649954,0.8050895668020435,0.08529425480888435,0.0,0.22,0.21999999999999997,-0.06807662535988203,0.0390273461413445,0.29669081662666597,0.00030509295174852014,0.6506832242012024,0.9917271852493287
B_fixed_G0,G0-local,75,VA,0.04680233681643388,0.06656502391942169,0.06391108009113389,0.3800453379271274,0.6945134490728379,0.899937247811071,0.6199546620728726,0.07491581849160203,0.0,0.0,0.0,-0.06508288598409172,0.09826966848908614,0.17852426832223178,0.45777353942394255,0.6850917637348175,0.9312785983085632
B_fixed_G0,G0-local,75,expression,0.02481347330126902,0.029226669081060197,0.021626131380744946,0.15630932906227357,13.957150026712043,0.5841047948786792,0.8436906709377265,0.019781917627732,0.0,0.0,0.0,-0.0837392442207371,0.002532875182236552,0.1371789250176986,0.028616547025740145,0.8972232639789581,41.56940040588379
B_fixed_G0,G0-local,75,all,0.043947504735002,0.0548093869723613,0.05064510069526444,0.19736887225287164,5.521578646811942,0.5592736144050603,0.8026311277471283,0.06018570319212014,0.0,0.132,0.132,-0.07083354718709829,0.026423952589354663,0.2410624257262174,0.0005628216080367566,0.7082791328430176,1.5562694311141971
A_native,G1-shared,75,AU,0.03311755124578288,0.041237943856866285,0.12150144890422612,0.23494784761154477,0.447284918867264,0.39613018128339905,0.7650521523884553,0.05373082921356573,0.0,0.15333333333333332,0.15333333333333332,-0.05628058320232698,0.031136285471014033,0.19677984998757783,9.288035653298723e-05,0.2262524962425232,1.0875655174255374
A_native,G1-shared,75,VA,0.028205871035032786,0.05430351636417045,0.10740659260758907,0.44710550493138124,0.6539884150028229,0.8594887770893639,0.5528944950686187,0.05529626338840856,0.0,0.0,0.0,-0.04322244204749494,0.06553429471022144,0.17957284170749485,0.4135378926992416,0.5759395658969879,0.922398179769516
A_native,G1-shared,75,expression,0.018965508675178547,0.022523195683129958,0.07712039160240772,0.23157639589740758,14.300071383282193,0.4497878934310976,0.7684236041025925,0.026597881523614704,0.0,0.0,0.0,-0.03735414171588005,0.020813909659755023,0.10714492147010944,0.012615967355668545,0.7519232034683228,8.681271314621036
A_native,G1-shared,75,all,0.028195963206329486,0.036294470241855,0.10617192206391327,0.25084159564860775,5.347535963254513,0.45036933683513986,0.7491584043513921,0.04430648061577178,0.0,0.092,0.09199999999999997,-0.054311169189606885,0.029754179087603715,0.17383536418671164,0.00015889130299910902,0.4175064265727997,2.3991612911224376
B_fixed_G0,G1-shared,75,AU,0.024956760578142653,0.03365395372743045,0.12800515836458853,0.2658709495347003,0.4709560473552107,0.3820080134979227,0.7341290504652999,0.04845750881153687,0.0,0.22,0.21999999999999997,-0.04513324174490864,0.0206243966544867,0.18154452556899509,0.0001489234593464062,0.33042827248573303,1.1195129394531251
B_fixed_G0,G1-shared,75,VA,0.03230945959845657,0.03659162680305918,0.0794321436519245,0.4003741167543762,0.6775687307119369,0.8680863525067709,0.5996258832456237,0.037170308020115284,0.0,0.0,0.0,-0.09458489378996669,0.02284182301588291,0.14425170060365847,0.3739923596382141,0.6238294839859009,0.9385277330875398
B_fixed_G0,G1-shared,75,expression,0.007653503974344669,0.010866829910313498,0.06795662342652253,0.20780123218745591,9.62542722945509,0.4706330705205276,0.7921987678125441,0.016814847660566866,0.0,0.0,0.0,-0.03869866525987739,0.010842993387826589,0.09040429913864727,0.020882732793688775,0.7806538939476013,17.105799674987804
B_fixed_G0,G1-shared,75,all,0.020007934386552413,0.02659708795200333,0.1049037860073943,0.25804889336115616,3.864918942447952,0.44925429886586415,0.7419511066388439,0.03575171660920492,0.0,0.132,0.132,-0.04351792471689572,0.015849563709383677,0.14332185557578103,0.0002792942395899445,0.46948033571243286,1.938494396209719
A_native,T0,76,AU,0.0709440624309095,0.0767338063835855,0.03589963191137194,0.1652953594201977,0.8364127627571503,0.5771371959870276,0.8347046405798022,0.09822655201805522,0.0,0.19333333333333333,0.19333333333333336,-0.02786849539429662,0.0675132933060599,0.3299186081378881,0.0009947034996002913,0.7762781977653503,1.5379879474639893
A_native,T0,76,VA,0.10407680775038304,0.14380910465490673,0.030127181583078512,0.24834992012246815,1.0735318645834924,0.8830396509217635,0.7516500798775317,0.15615343192315134,0.0,0.0,0.0,0.032894813179668095,0.15134655495484584,0.25701177381034135,0.47561647891998293,1.0697689652442932,1.736302137374878
A_native,T0,76,expression,0.05942499857080288,0.06403538771718187,0.0234091696156643,0.13965495442686238,8.119307082000887,0.6198471167655498,0.8603450455731376,0.06903197489764369,0.0,0.0,0.0,-0.03148012607452037,0.029376221006064407,0.26292320137672204,0.11312419399619103,0.945917159318924,11.276967525482199
A_native,T0,76,all,0.06990858162123327,0.07803633627204204,0.03144088795048202,0.16373479467851207,3.4942133400242352,0.6152765670309336,0.836265205321488,0.0929006308799059,0.0,0.116,0.11599999999999999,-0.031085798139704756,0.05185758210303285,0.2982080072208047,0.056097645312547684,0.8477341532707214,2.437359094619751
B_fixed_G0,T0,76,AU,0.06406875802918471,0.0717145050329011,0.03531378634975871,0.16600648431130297,0.834703910470952,0.5705119409654593,0.833993515688697,0.10120296877468078,0.0,0.19333333333333333,0.19333333333333336,-0.009482610642690889,0.06378964567231053,0.30209405921127913,0.001018721261061728,0.7553379535675049,1.8327828645706177
B_fixed_G0,T0,76,VA,0.08929275095765168,0.1288960836903831,0.06743424027984689,0.29096440641832777,0.7625906318426132,0.8017737481474281,0.7090355935816721,0.143756497372744,0.0,0.0,0.0,0.019433530993198243,0.14795173517882299,0.25701177381034135,0.25121980905532837,0.7127180695533752,1.327686774730683
B_fixed_G0,T0,76,expression,0.03675719203089278,0.03934012782763376,0.02500291608474999,0.12780805106313892,26.482399500568864,0.5932330663203838,0.8721919489368611,0.046783613244625634,0.0,0.0,0.0,-0.06307514738739538,0.02671077561397183,0.19521946876071078,0.11543973684310913,0.8590849936008453,24.230570220947435
B_fixed_G0,T0,76,all,0.057346976344008656,0.06592923061981412,0.034583944179362974,0.16377961944045247,10.1124115196803,0.5962836456535927,0.8362203805595475,0.08535465261882944,0.0,0.116,0.11599999999999999,-0.025459508227098627,0.05286202314777455,0.25590800429761396,0.10159913450479507,0.776636004447937,2.9168505668640137
A_native,G0-local,76,AU,0.09232762477396057,0.10298811467860704,0.04018875662749004,0.18263906463767265,0.5763055246436786,0.4301082524505381,0.8173609353623273,0.14448318518546427,0.0,0.19333333333333333,0.19333333333333336,-0.03274541754522067,0.08611346991508655,0.4149547026931584,8.577592961955816e-05,0.4082680344581604,1.264432430267334
A_native,G0-local,76,VA,0.15872831763683826,0.22891161280007646,0.05026322331535189,0.2579372843676532,0.7030891112983226,0.765970159426769,0.7420627156323468,0.28125397310046163,0.0,0.0,0.0,0.18515566701454078,0.26979999896318807,0.42363215655322467,0.19821435511112215,0.6937039494514465,1.2491989016532905
A_native,G0-local,76,expression,0.06221765298616868,0.0743659091561997,0.04270470884185921,0.1926990994306566,9.697981286299456,0.4465849361473362,0.8073009005693432,0.09494435089785484,0.0,0.0,0.0,-0.03791467854011266,0.02668113729650612,0.3231674705741065,0.004095673072151841,0.5706834197044373,17.259383201599128
A_native,G0-local,76,all,0.08800448923089738,0.10390288876115424,0.041799818671117116,0.19188213334982596,3.889743229012706,0.46224974379161193,0.8081178666501739,0.13892802235872756,0.0,0.116,0.11599999999999999,-0.03179682519061092,0.08611346991508655,0.40274558757205026,0.0001966588170034811,0.6262373924255371,1.9121724367141724
B_fixed_G0,G0-local,76,AU,0.09232762477396057,0.10298811467860704,0.04018875662749004,0.18263906463767265,0.5763055246436786,0.4301082524505381,0.8173609353623273,0.14448318518546427,0.0,0.19333333333333333,0.19333333333333336,-0.03274541754522067,0.08611346991508655,0.4149547026931584,8.577592961955816e-05,0.4082680344581604,1.264432430267334
B_fixed_G0,G0-local,76,VA,0.15872831763683826,0.22891161280007646,0.05026322331535189,0.2579372843676532,0.7030891112983226,0.765970159426769,0.7420627156323468,0.28125397310046163,0.0,0.0,0.0,0.18515566701454078,0.26979999896318807,0.42363215655322467,0.19821435511112215,0.6937039494514465,1.2491989016532905
B_fixed_G0,G0-local,76,expression,0.06221765298616868,0.0743659091561997,0.04270470884185921,0.1926990994306566,9.697981286299456,0.4465849361473362,0.8073009005693432,0.09494435089785484,0.0,0.0,0.0,-0.03791467854011266,0.02668113729650612,0.3231674705741065,0.004095673072151841,0.5706834197044373,17.259383201599128
B_fixed_G0,G0-local,76,all,0.08800448923089738,0.10390288876115424,0.041799818671117116,0.19188213334982596,3.889743229012706,0.46224974379161193,0.8081178666501739,0.13892802235872756,0.0,0.116,0.11599999999999999,-0.03179682519061092,0.08611346991508655,0.40274558757205026,0.0001966588170034811,0.6262373924255371,1.9121724367141724
A_native,G1-shared,76,AU,0.05618175335735613,0.06299860285823475,0.051528135335363295,0.20236820137875644,0.9004288585256135,0.4668125745812502,0.7976317986212436,0.09540385834302857,0.0,0.22,0.21999999999999997,-0.03571189855973829,0.03764080400442021,0.29776192219440656,0.0001410246273735538,0.5207498669624329,1.5559030055999765
A_native,G1-shared,76,VA,0.12211234158618711,0.1645478641210268,0.016891612082598505,0.263925247314449,0.8638076156377792,0.9337251656480048,0.736074752685551,0.17769469712424485,0.0,0.0,0.0,0.07155903316951454,0.14789690994911509,0.29729558960487706,0.5696052491664887,0.8040228486061096,1.2641891837120056
A_native,G1-shared,76,expression,0.07132075806378561,0.08371701767401882,0.044898628861485684,0.18031989075523763,1.9489976564516838,0.5932652591454411,0.8196801092447625,0.10194736881007505,0.0,0.0,0.0,-0.024860288321993263,0.04256966768663174,0.32735324579796726,0.02567639481276274,0.7642894983291626,4.553795194625857
A_native,G1-shared,76,all,0.06630068192172005,0.07775243650030902,0.046635771403501274,0.20023730565408582,1.2836227708589265,0.5446304409271318,0.7997626943459142,0.10540062153652187,0.0,0.132,0.132,-0.02756500195822112,0.05501377798066538,0.3143836166323707,0.0037277340423315765,0.661205530166626,1.640791416168213
B_fixed_G0,G1-shared,76,AU,0.054393657335526605,0.06205497685185257,0.04591556816212536,0.1863785881555943,0.6357221805701556,0.4459951040004891,0.8136214118444058,0.1091267485317229,0.0,0.19333333333333333,0.19333333333333336,-0.016296979046334373,0.09606340307343919,0.2597986389870162,4.281185465515591e-05,0.41058263182640076,1.4285706281661987
B_fixed_G0,G1-shared,76,VA,0.06479463083957146,0.13605603220035575,0.1050341817853814,0.42684964746825405,0.6311726957559586,0.7952818881520427,0.573150352531746,0.1545778806906654,0.0,0.0,0.0,0.01682998987711471,0.16835968630054882,0.29564084033638355,0.3080525755882263,0.5539831519126892,1.1126251697540286
B_fixed_G0,G1-shared,76,expression,0.04563729161316939,0.05180845262163949,0.0437060931224535,0.13751654733216104,4.847860810790735,0.6015870746304015,0.862483452667839,0.0643128688837769,0.0,0.0,0.0,-0.022457389021397094,0.027658483574522157,0.24309376812942088,0.05021051205694676,0.9426857829093933,7.682762670517033
B_fixed_G0,G1-shared,76,all,0.05242369818469588,0.06469617352606465,0.049938025239290855,0.18998041983710842,2.1600665277256414,0.5237274773341853,0.8100195801628916,0.09701775428440694,0.0,0.116,0.11599999999999999,-0.02161367510335732,0.05684518134587744,0.2597986389870162,0.0004058310587424785,0.5597842931747437,2.494471549987793
A_native,T0,77,AU,0.06049929415661428,0.06681261649486399,0.03732639484598715,0.17057050237114169,0.838175669812856,0.48665907781506423,0.8294294976288584,0.09814410064076108,0.0,0.22666666666666666,0.22666666666666668,-0.03830102106113621,0.04228065185179087,0.34564098747364647,0.00023735774448141456,0.5773862302303314,1.4373090863227844
A_native,T0,77,VA,0.13398465864832965,0.16074196705291152,0.026602755688260503,0.2993053102160169,0.8419421315193176,0.9467029836697002,0.7006946897839831,0.171716016076548,0.0,0.0,0.0,-0.09340827192873585,0.169886666880562,0.4468688562295042,0.6283895790576934,0.7984649240970612,1.1113555788993839
A_native,T0,77,expression,0.09645896619653113,0.1045221490914039,0.025822093728602495,0.1111711944131333,3.0451906968606637,0.6650863377108269,0.8888288055868667,0.12228074510917944,0.0,0.0,0.0,-0.03779697492617212,0.09295698445025424,0.3098444193612603,0.11067080311477187,0.9236800670623779,5.822614765167237
A_native,T0,77,all,0.07788521836872489,0.08639401497040056,0.03278712735580593,0.161861508452169,1.6559373892478275,0.5805593134500792,0.838138491547831,0.11389581298422964,0.0,0.136,0.136,-0.0384952618483361,0.060980465865957956,0.34564098747364647,0.019707581028342247,0.6973524689674377,2.877472162246704
B_fixed_G0,T0,77,AU,0.05498407267169743,0.061097870434616154,0.041936943378055286,0.19202604066675774,0.8646379796022468,0.45786286724402375,0.8079739593332422,0.09800873212173844,0.0,0.26666666666666666,0.2666666666666667,-0.038509867722375433,0.044575146902678185,0.34292614832382334,0.00025963038060581315,0.5444183647632599,1.5344263315200826
B_fixed_G0,T0,77,VA,0.15219754817108577,0.18457549550719404,0.02691294024823283,0.29242956732870784,0.7399946749210358,0.9156039242992453,0.7075704326712922,0.20429955035272548,0.0,0.0,0.0,-0.08746992988307635,0.21701554192522876,0.4468688562295042,0.5161398947238922,0.6721098721027374,1.0250330805778507
B_fixed_G0,T0,77,expression,0.08280039876461831,0.09070929059260156,0.03142362845792704,0.1209924225133566,1.4780259079532698,0.718614394822903,0.8790075774866434,0.10455053692694212,0.0,0.0,0.0,-0.04004568600424044,0.046422103882523956,0.3098444193612603,0.13916880637407303,0.8534360229969025,3.326377487182626
B_fixed_G0,T0,77,all,0.07166237506138318,0.08045173489097772,0.03737076235322845,0.17732756499062538,1.0864387804329974,0.5779226406336827,0.8226724350093746,0.11062378330762432,0.0,0.16,0.16000000000000003,-0.043222341981626215,0.05695405101031925,0.35164308833733804,0.038087712042033706,0.6620247662067413,2.839838027954101
A_native,G0-local,77,AU,0.0943277358431487,0.1046062674204673,0.022995932409629005,0.18063972441045315,0.7186028857882278,0.4620505264728189,0.8193602755895468,0.15002291310712382,0.0,0.26666666666666666,0.2666666666666667,-0.06903800397776112,0.15308998101030236,0.4189849897281492,4.378748235467356e-05,0.6467317938804626,1.6005009174346925
A_native,G0-local,77,VA,0.1693059473648022,0.20882792843211528,0.028693837897480173,0.30477521011493475,0.6774614885449409,0.8618067520568102,0.6952247898850653,0.25423787094905603,0.0,0.0,0.0,-0.027447843675024633,0.2848472934049794,0.45844283387428403,0.4706950306892395,0.5375213623046875,1.120818912982941
A_native,G0-local,77,expression,0.08491152794768442,0.09904004498245939,0.02783911052860768,0.15987586662945655,0.7425127788288591,0.530142335895974,0.8401241333705436,0.13879805518340693,0.0,0.0,0.0,-0.03917559359019321,0.09871082077345467,0.3483627377790715,0.0014103750116191804,0.4535275101661682,2.214432692527772
A_native,G0-local,77,all,0.0973128062383324,0.11116280912123662,0.025001581846730268,0.18392612877689274,0.7237931881614886,0.5158204035349478,0.8160738712231072,0.15567201083541568,0.0,0.16,0.16000000000000003,-0.04365669358355128,0.14786252481721013,0.41898498972814907,6.587492025573739e-05,0.5815531611442566,1.624689185619354
B_fixed_G0,G0-local,77,AU,0.0943277358431487,0.1046062674204673,0.022995932409629005,0.18063972441045315,0.7186028857882278,0.4620505264728189,0.8193602755895468,0.15002291310712382,0.0,0.26666666666666666,0.2666666666666667,-0.06903800397776112,0.15308998101030236,0.4189849897281492,4.378748235467356e-05,0.6467317938804626,1.6005009174346925
B_fixed_G0,G0-local,77,VA,0.1693059473648022,0.20882792843211528,0.028693837897480173,0.30477521011493475,0.6774614885449409,0.8618067520568102,0.6952247898850653,0.25423787094905603,0.0,0.0,0.0,-0.027447843675024633,0.2848472934049794,0.45844283387428403,0.4706950306892395,0.5375213623046875,1.120818912982941
B_fixed_G0,G0-local,77,expression,0.08491152794768442,0.09904004498245939,0.02783911052860768,0.15987586662945655,0.7425127788288591,0.530142335895974,0.8401241333705436,0.13879805518340693,0.0,0.0,0.0,-0.03917559359019321,0.09871082077345467,0.3483627377790715,0.0014103750116191804,0.4535275101661682,2.214432692527772
B_fixed_G0,G0-local,77,all,0.0973128062383324,0.11116280912123662,0.025001581846730268,0.18392612877689274,0.7237931881614886,0.5158204035349478,0.8160738712231072,0.15567201083541568,0.0,0.16,0.16000000000000003,-0.04365669358355128,0.14786252481721013,0.41898498972814907,6.587492025573739e-05,0.5815531611442566,1.624689185619354
A_native,G1-shared,77,AU,0.05891925448180698,0.06528034704599017,0.03708216793959,0.17200755067801798,0.5026457388526496,0.3946080772873965,0.827992449321982,0.09704421748773988,0.0,0.22,0.21999999999999997,-0.035529932531789155,0.04041790014490662,0.2860150924873045,8.955689700087536e-05,0.2506276071071625,1.1530635595321657
A_native,G1-shared,77,VA,0.10858659513005224,0.15968081273825255,0.05091902374253697,0.3451250223794097,0.7371169596910476,0.8628134024253578,0.6548749776205902,0.19297016171979992,0.0,0.0,0.0,0.07329396485478787,0.1880026948738789,0.3723488031917556,0.42186691164970397,0.6450905203819275,1.1230688691139226
A_native,G1-shared,77,expression,0.057914755419375484,0.0682993207305043,0.054297486045279196,0.17573360642789077,3.1088699350546447,0.4937143348358749,0.8242663935721094,0.0904735629163422,0.0,0.0,0.0,-0.027824120256172123,0.026458250171755016,0.30610307629101563,0.011673512402921915,0.6453581154346466,5.814497470855717
A_native,G1-shared,77,all,0.06257120203368852,0.07379845588041567,0.0436980181976463,0.1870492862540886,1.4850759697877998,0.46377850571394647,0.8129507137459113,0.10346295720630849,0.0,0.132,0.132,-0.029817976687952965,0.05462915102612607,0.3168249223866886,0.0007589821703732014,0.45973169803619385,1.5604163169860845
B_fixed_G0,G1-shared,77,AU,0.04263364316263227,0.050197295683031114,0.041797359604135734,0.19815005948766723,0.5720687009360765,0.3718549161265459,0.8018499405123327,0.08167054842302865,0.0,0.26666666666666666,0.2666666666666667,-0.047135148606903016,0.029746466965890672,0.2698393575535398,5.3832652338314804e-05,0.3369910567998886,1.4087353944778447
B_fixed_G0,G1-shared,77,VA,0.1083077095744344,0.14738742125214227,0.03500076842490995,0.35208054269673317,0.5865473374724388,0.8417810291390246,0.6479194573032668,0.18616221847991546,0.0,0.0,0.0,0.009510257368655831,0.19717939501838905,0.35286399824262005,0.42667527198791505,0.5459132790565491,0.8211276233196259
B_fixed_G0,G1-shared,77,expression,0.05766223379560677,0.06934352801812477,0.06322968996076071,0.19390002152917235,0.7568844216997604,0.5226872873031213,0.8060999784708276,0.0986380678970445,0.0,0.0,0.0,-0.02900634184029385,0.03383070560250681,0.3362427752634034,0.009359128260985018,0.36204133927822113,1.6488137125968954
B_fixed_G0,G1-shared,77,all,0.05269671747812828,0.06409930007578997,0.04811197802391767,0.20910448599767414,0.6438536075638002,0.4577153639440484,0.7908955140023258,0.09808595298997627,0.0,0.16,0.16000000000000003,-0.04084813757214936,0.041654391585132705,0.33503504523863614,0.0003028944760444576,0.428633913397789,1.330771160125732
A_native,T0,78,AU,0.05668233624200833,0.05722061411377451,0.030543865817946495,0.10570755977442041,0.9644118139269153,0.5815320902431813,0.8942924402255797,0.07171388519235178,0.0,0.14666666666666667,0.1466666666666666,-0.01647513504877973,0.033435797327512964,0.24862098635508678,0.07575379312038423,0.6258344352245331,1.7091999530792237
A_native,T0,78,VA,0.09462241134909986,0.14445568907713133,0.09633482362935705,0.40031253066675515,0.6150527700781823,0.8345549495683798,0.5996874693332448,0.18077973461864252,0.0,0.0,0.0,0.07071417209068677,0.1829538877257093,0.28184486251750135,0.33824777901172637,0.5813767910003662,0.8909298658370972
A_native,T0,78,expression,0.039418931174599894,0.04631171439871877,0.039652650595297725,0.18464450077680664,95.34473026311025,0.6104092323996965,0.8153554992231934,0.05812100901883206,0.0,0.0,0.0,-0.015421692014813764,0.024604625758070216,0.1751723735253557,0.13254269808530808,0.8781532347202301,13.859733676910404
A_native,T0,78,all,0.05419325262900494,0.060708572202025225,0.038721953571611734,0.1545357785665708,34.04966749400451,0.611014604479282,0.8454642214334293,0.0765116347302651,0.0,0.088,0.08799999999999997,-0.013502401970805378,0.03796870786890215,0.2439449231507041,0.11304506734013557,0.6758018732070923,3.6931534290313803
B_fixed_G0,T0,78,AU,0.047816594052958225,0.05032286017340875,0.027527937938322627,0.10984920142887569,0.9312021303596338,0.5687577933955552,0.8901507985711244,0.06430461018305385,0.0,0.2,0.19999999999999996,-0.020231070304018103,0.015949123863937292,0.23411816263427587,0.1132862001657486,0.6312550902366638,1.7129272460937501
B_fixed_G0,T0,78,VA,0.11825267348685811,0.17037186209438618,0.08831616990397531,0.36383629815519003,0.6185779288411141,0.8407501571074463,0.6361637018448099,0.20255336859355294,0.0,0.0,0.0,0.11058676236461314,0.20862801433887893,0.2852789140870672,0.3325201362371445,0.5991295874118805,0.9057518362998963
B_fixed_G0,T0,78,expression,0.038074620561536224,0.042395078311601705,0.023305304113543982,0.12794759453048812,81.34701996571384,0.6677681094830448,0.8720524054695119,0.04853091828658966,0.0,0.0,0.0,-0.023864260311295633,0.016991994892645593,0.2048642098844445,0.13254269808530808,0.989990770816803,13.398865127563479
B_fixed_G0,T0,78,all,0.05033404889041518,0.05738989013130869,0.031039753671645676,0.13595965495949683,30.144897324895844,0.6222004836405032,0.8640403450405032,0.07113679116711225,0.0,0.12,0.12,-0.020084170048408158,0.024080947585566816,0.2397369014914423,0.12203851416707039,0.7257201075553894,2.5047395944595334
A_native,G0-local,78,AU,0.05784723696731369,0.06022761556837303,0.022532333425041684,0.11943225820830534,0.8196893454620294,0.5327160891485586,0.8805677417916947,0.08045567292193852,0.0,0.2,0.19999999999999996,-0.032737569500310336,0.047996335490115574,0.27069072382845827,0.005680114077404143,0.6447119414806366,1.7280591487884525
A_native,G0-local,78,VA,0.13051256298976105,0.18941363475916545,0.07014746957243172,0.3436143177736362,0.5816351681947708,0.8159939639410283,0.6563856822263638,0.23082747818704036,0.0,0.0,0.0,0.1281109497281873,0.23977921007436453,0.32335404434688153,0.28066131472587585,0.6243292391300201,0.7635571420192719
A_native,G0-local,78,expression,0.040028236946785214,0.043706426000949025,0.03375911250961232,0.18723417150594562,36.61301926324086,0.5307392678162214,0.8127658284940544,0.05299519450519683,0.0,0.0,0.0,-0.016979657404436282,0.018711779531903578,0.19558570549686563,0.027521490678191186,0.6574160158634186,14.115237140655518
A_native,G0-local,78,all,0.05795838304254036,0.06527571644206075,0.029934113623895493,0.15906343522877672,13.813804390357307,0.5547457363056083,0.8409365647712234,0.08414020852176897,0.0,0.12,0.12,-0.02553256486544896,0.03734775816413784,0.27584984183867844,0.026890848577022553,0.6439613401889801,2.082348275184631
B_fixed_G0,G0-local,78,AU,0.05784723696731369,0.06022761556837303,0.022532333425041684,0.11943225820830534,0.8196893454620294,0.5327160891485586,0.8805677417916947,0.08045567292193852,0.0,0.2,0.19999999999999996,-0.032737569500310336,0.047996335490115574,0.27069072382845827,0.005680114077404143,0.6447119414806366,1.7280591487884525
B_fixed_G0,G0-local,78,VA,0.13051256298976105,0.18941363475916545,0.07014746957243172,0.3436143177736362,0.5816351681947708,0.8159939639410283,0.6563856822263638,0.23082747818704036,0.0,0.0,0.0,0.1281109497281873,0.23977921007436453,0.32335404434688153,0.28066131472587585,0.6243292391300201,0.7635571420192719
B_fixed_G0,G0-local,78,expression,0.040028236946785214,0.043706426000949025,0.03375911250961232,0.18723417150594562,36.61301926324086,0.5307392678162214,0.8127658284940544,0.05299519450519683,0.0,0.0,0.0,-0.016979657404436282,0.018711779531903578,0.19558570549686563,0.027521490678191186,0.6574160158634186,14.115237140655518
B_fixed_G0,G0-local,78,all,0.05795838304254036,0.06527571644206075,0.029934113623895493,0.15906343522877672,13.813804390357307,0.5547457363056083,0.8409365647712234,0.08414020852176897,0.0,0.12,0.12,-0.02553256486544896,0.03734775816413784,0.27584984183867844,0.026890848577022553,0.6439613401889801,2.082348275184631
A_native,G1-shared,78,AU,0.024420151824775277,0.028696034646723944,0.04536253384372011,0.1905966379919377,0.571737872974077,0.3654046805398731,0.8094033620080623,0.041976030525908425,0.0,0.21333333333333335,0.21333333333333337,-0.02553952651215032,0.007334594428142662,0.15156878813806207,0.0004441477794898675,0.25856341421604156,1.1941418290138244
A_native,G1-shared,78,VA,0.08334024422407554,0.13341762580243155,0.10786431814081973,0.4374683580148867,0.5227579236030578,0.7883023926584742,0.5625316419851133,0.16707258363931937,0.0,0.0,0.0,0.08923930708740704,0.17214069128086468,0.20733157307620229,0.31936360597610475,0.5263389050960541,0.7235779225826263
A_native,G1-shared,78,expression,0.025905200856026676,0.03279678868654866,0.04193715866162472,0.17605611633595303,6.594758387676848,0.5239249121722321,0.823943883664047,0.04824717009662404,0.0,0.0,0.0,-0.008916574843018448,0.02174670445216291,0.13470766155373853,0.04647292494773865,0.6163558959960938,4.479324102401742
A_native,G1-shared,78,all,0.029608974906719748,0.03838600323192446,0.049266556529217555,0.20569340866385852,2.777527057326376,0.44996297163171606,0.7943065913361416,0.05575411414024545,0.0,0.128,0.128,-0.018722920085492138,0.021796787521568668,0.1737123600950548,0.001228757610078901,0.42485325038433075,2.0966081619262695
B_fixed_G0,G1-shared,78,AU,0.02629620362578178,0.03112724205880512,0.045106302748456464,0.1876605185504389,0.5276313078622934,0.3644936377283828,0.8123394814495611,0.04724819612362343,0.0,0.2,0.19999999999999996,-0.0253639973054014,0.009937863964322328,0.15882237583001027,0.000305324955843389,0.23457322269678116,1.1886367678642276
B_fixed_G0,G1-shared,78,VA,0.07470320802800609,0.12923770110468896,0.1251589885775637,0.4817252107401794,0.49346782714128495,0.7555502118781344,0.5182747892598206,0.16797775717215038,0.0,0.0,0.0,0.08923930708740704,0.18237996879045704,0.20888430371567965,0.3076733499765396,0.47319643199443817,0.7235779225826263
B_fixed_G0,G1-shared,78,expression,0.020406166583279074,0.02634857747071815,0.04977920312747142,0.1829458627676908,8.808095801497984,0.4971546847313416,0.8170541372323091,0.04186548330439595,0.0,0.0,0.0,-0.011540541510408849,0.01356931267377631,0.13470766155373853,0.04318320080637932,0.5607675611972809,8.393132019042984
B_fixed_G0,G1-shared,78,all,0.028283952124358858,0.037446906114288,0.05300584573606983,0.2096770040751387,3.535603534573362,0.43822969870130973,0.7903229959248613,0.0562662606483159,0.0,0.12,0.12,-0.018089866339343876,0.020456926967365043,0.18031831777541055,0.0010327101335860789,0.38090865314006805,2.340409922599792
A_native,T0,79,AU,0.09710682195518705,0.1047657818683127,0.031101795170633516,0.1589950848001997,0.7507616794088486,0.5116741325601943,0.8410049151998003,0.14085809536918598,0.0,0.2,0.19999999999999996,-0.040188531676909445,0.0894729084020624,0.42889428664483353,0.00011439300506026484,0.5529523193836212,1.2026605248451254
A_native,T0,79,VA,0.1191911475777633,0.1692334449745381,0.052945627042436605,0.2531824248887308,0.6251226782798767,0.8405781764696094,0.7468175751112691,0.20328508410617352,0.0,0.0,0.0,-0.0590524682120692,0.21655882395592796,0.4790362666069033,0.29357986748218534,0.5665913820266724,0.9555654346942902
A_native,T0,79,expression,0.05992596835434957,0.06621093728250338,0.04434855055807437,0.16283013406070468,15.29252765858546,0.5882481365293253,0.8371698659392954,0.08047754984086078,0.0,0.0,0.0,-0.051116803816337125,0.01217158509859438,0.30025719827812186,0.11832493245601654,0.8822422921657562,27.458222198486368
A_native,T0,79,all,0.08697569485272516,0.09758564464935175,0.03708826344435884,0.16775728777064375,6.027254853552255,0.5624901373430696,0.8322427122293561,0.12457671415315749,0.0,0.12,0.12,-0.046928320010335756,0.06525966129920305,0.42433419435848035,0.020095614902675155,0.6645388901233673,3.701693964004515
B_fixed_G0,T0,79,AU,0.052761770368355554,0.0577138533779671,0.030633857090225463,0.16768176937706775,0.8877174699636382,0.5080852873680827,0.8323182306229323,0.08371256541823438,0.0,0.24,0.24,-0.05337365288338658,0.018386966945053818,0.34394246397012956,0.0008725430001504722,0.6011817753314972,1.6018910050392152
B_fixed_G0,T0,79,VA,0.09360280163248398,0.14455808201029902,0.04441351430011785,0.23475162182269566,0.7745240703225136,0.8731451061177207,0.7652483781773043,0.1587784653268422,0.0,0.0,0.0,-0.036548409579808074,0.13125452995665768,0.45053240977982767,0.3605494171380997,0.7204810976982117,1.2309413552284243
B_fixed_G0,T0,79,expression,0.05487426692614259,0.06246923123492877,0.028967214781911953,0.14879211816624896,18.904620495834386,0.632540224120971,0.8512078818337511,0.07706478678220083,0.0,0.0,0.0,-0.0538223644736067,0.026054737177343322,0.28078857641145455,0.1628087401390076,0.8822422921657562,39.43840866088869
B_fixed_G0,T0,79,all,0.05670505176797768,0.0661831125827814,0.031202904128356537,0.16700266918525597,7.612429498360075,0.577115652628978,0.832997330814744,0.0882429191906151,0.0,0.144,0.14400000000000002,-0.05422150586727113,0.02742972851072849,0.319388629653046,0.10531336441636086,0.7520536780357361,3.4593863964080853
A_native,G0-local,79,AU,0.0919788046937296,0.10467425084062394,0.03318971846276977,0.20128370398657827,0.9299100975171026,0.4564832826708895,0.7987162960134218,0.16696311565822536,0.0,0.24,0.24,-0.05344312890766594,0.15362658007530589,0.41062706553951106,7.544073232566007e-05,0.7153180837631226,1.9892348051071167
A_native,G0-local,79,VA,0.12489187952097007,0.20544437004025112,0.040903194319157996,0.3199414434426138,0.6797470182180405,0.8306618773326937,0.6800585565573861,0.23989659786631332,0.0,0.0,0.0,0.00027872163460702796,0.2545565667713537,0.5036715615982356,0.3478386163711548,0.5617116689682007,1.048761594295502
A_native,G0-local,79,expression,0.09276277383059792,0.1082098374117598,0.025791716325667145,0.15848106155970748,8.025412543871061,0.523356733469759,0.8415189384402926,0.13723275555019349,0.0,0.0,0.0,-0.03738359331298022,0.08454478936794069,0.4662073356264124,0.003810650296509266,0.673221230506897,17.91804714202884
A_native,G0-local,79,all,0.09486272080370671,0.11386724807935761,0.03143943584740798,0.19707947756646246,3.559054649490633,0.5078170744994721,0.8029205224335375,0.16266517563728708,0.0,0.144,0.14400000000000002,-0.04931666110415086,0.13691479549205918,0.4310751563953127,0.00028801898297388113,0.673221230506897,2.6335744142532396
B_fixed_G0,G0-local,79,AU,0.0919788046937296,0.10467425084062394,0.03318971846276977,0.20128370398657827,0.9299100975171026,0.4564832826708895,0.7987162960134218,0.16696311565822536,0.0,0.24,0.24,-0.05344312890766594,0.15362658007530589,0.41062706553951106,7.544073232566007e-05,0.7153180837631226,1.9892348051071167
B_fixed_G0,G0-local,79,VA,0.12489187952097007,0.20544437004025112,0.040903194319157996,0.3199414434426138,0.6797470182180405,0.8306618773326937,0.6800585565573861,0.23989659786631332,0.0,0.0,0.0,0.00027872163460702796,0.2545565667713537,0.5036715615982356,0.3478386163711548,0.5617116689682007,1.048761594295502
B_fixed_G0,G0-local,79,expression,0.09276277383059792,0.1082098374117598,0.025791716325667145,0.15848106155970748,8.025412543871061,0.523356733469759,0.8415189384402926,0.13723275555019349,0.0,0.0,0.0,-0.03738359331298022,0.08454478936794069,0.4662073356264124,0.003810650296509266,0.673221230506897,17.91804714202884
B_fixed_G0,G0-local,79,all,0.09486272080370671,0.11386724807935761,0.03143943584740798,0.19707947756646246,3.559054649490633,0.5078170744994721,0.8029205224335375,0.16266517563728708,0.0,0.144,0.14400000000000002,-0.04931666110415086,0.13691479549205918,0.4310751563953127,0.00028801898297388113,0.673221230506897,2.6335744142532396
A_native,G1-shared,79,AU,0.07640454568722069,0.08114104781067286,0.03095412997222728,0.17328365455527717,0.7641862119395588,0.48848783978325666,0.8267163454447229,0.12413936214074046,0.0,0.26,0.26,-0.0228717277401982,0.07286378400793171,0.34072991166081623,0.00027021003188565373,0.642059326171875,1.5793097019195557
A_native,G1-shared,79,VA,0.15872782684477715,0.2110411274414444,0.04346648583513148,0.274581511039035,0.6451677262783051,0.862876915323031,0.7254184889609651,0.24297570749416292,0.0,0.0,0.0,0.0828150274558002,0.24689660150222925,0.39312253681798137,0.40992524921894075,0.6341623067855835,0.9033814072608948
A_native,G1-shared,79,expression,0.07554378509404286,0.08991248185195151,0.032975416097595814,0.15835581741167662,11.778135026036761,0.5596993278310267,0.8416441825883234,0.10407890094476499,0.0,0.0,0.0,-0.02579557058616365,0.039450955404278905,0.3079074999179117,0.03267574943602085,0.7477186918258667,11.053083610534673
A_native,G1-shared,79,all,0.08271496479000831,0.09433991307434375,0.032601930001377545,0.17661057518802561,4.9288096025298485,0.5412266420017251,0.8233894248119744,0.1277976086402211,0.0,0.156,0.15600000000000003,-0.0228717277401982,0.07584459120107698,0.3455257039523499,0.008820461109280586,0.6632829308509827,1.742005467414856
B_fixed_G0,G1-shared,79,AU,0.064873150165826,0.0698439060886984,0.04294725482449546,0.19272997722586624,0.9735256146565613,0.4773177252791938,0.8072700227741338,0.09654228225384771,0.0,0.24,0.24,-0.05022905870371132,0.01821036733987201,0.3400015058608138,0.0003465383575530723,0.6219608187675476,1.6458693146705627
B_fixed_G0,G1-shared,79,VA,0.14339647769000768,0.17999471725177157,0.047520005669948906,0.2585584827660218,0.7039769634604454,0.8575924747319977,0.7414415172339783,0.2065671976925497,0.0,0.0,0.0,0.01749696843090712,0.23175414866823246,0.36028984236537576,0.3456429183483124,0.7164778411388397,0.9884485721588138
B_fixed_G0,G1-shared,79,expression,0.0621797845036407,0.07578400421347482,0.04000252497172489,0.1668398776577645,7.218483022128931,0.5551297458272951,0.8331601223422354,0.09057652263523303,0.0,0.0,0.0,-0.031674829585518496,0.038592554366038576,0.25678515445186784,0.029425653629004955,0.860037237405777,11.873336410522484
B_fixed_G0,G1-shared,79,all,0.07029313935586123,0.08055680238167269,0.042370761339245167,0.18971142580728614,3.282897668740053,0.5326395518108107,0.8102885741927139,0.10459479411966484,0.0,0.144,0.14400000000000002,-0.04400614895774834,0.038592554366038576,0.3400015058608138,0.0066690743900835545,0.7280848920345306,2.438118195533753
