model,source,candidate,best_CCC
MAM,0,0,0.12010140327200222
MAM,0,1,0.04777425055295355
MAM,0,2,0.14358523179077423
MAM,0,3,0.0413817329431743
MAM,0,4,0.06409824864928435
MAM,0,5,0.05052784856974066
MAM,0,6,0.10211702560816822
MAM,0,7,0.02026823767463097
MAM,0,8,0.028142420691626042
MAM,0,9,0.12813484926869914
MAM,1,0,0.15964101968434055
MAM,1,1,0.037647186056168624
MAM,1,2,0.08349007471847086
MAM,1,3,0.039436787016742886
MAM,1,4,0.08245816284617889
MAM,1,5,0.04093678405990706
MAM,1,6,0.061308793568243564
MAM,1,7,0.02651545936823597
MAM,1,8,0.028562579779987565
MAM,1,9,0.1586501371813582
MAM,2,0,0.20612648113479476
MAM,2,1,0.13488687253894732
MAM,2,2,0.18081346604750909
MAM,2,3,0.09572929341354758
MAM,2,4,0.13583987523058505
MAM,2,5,0.1145443990808373
MAM,2,6,0.1237103017072685
MAM,2,7,0.08697219285645791
MAM,2,8,0.1041369092242392
MAM,2,9,0.23458168679048932
MAM,3,0,0.09808196389091144
MAM,3,1,0.061919780777869624
MAM,3,2,0.14748507598439795
MAM,3,3,0.06360912854948934
MAM,3,4,0.07093314473715559
MAM,3,5,0.06143893456305196
MAM,3,6,0.0663759076719633
MAM,3,7,0.04821960702172072
MAM,3,8,0.08130207969929706
MAM,3,9,0.11066074031435415
MAM,4,0,0.14036545236297968
MAM,4,1,0.05499486133933403
MAM,4,2,0.16830643021462854
MAM,4,3,0.06049958118200971
MAM,4,4,0.09366880744203336
MAM,4,5,0.09914215129876718
MAM,4,6,0.07526023216590899
MAM,4,7,0.05337444296831493
MAM,4,8,0.0819349473974655
MAM,4,9,0.15724132732795704
MAM,5,0,0.13097636499971313
MAM,5,1,0.1346310859421075
MAM,5,2,0.13910771406595593
MAM,5,3,0.14220250500392495
MAM,5,4,0.14973061251006073
MAM,5,5,0.16647143959257205
MAM,5,6,0.1874027814846926
MAM,5,7,0.1470260665816055
MAM,5,8,0.10733694162268163
MAM,5,9,0.13292910918217987
MAM,6,0,0.19145083635140753
MAM,6,1,0.0706553060535961
MAM,6,2,0.175806328885021
MAM,6,3,0.08183192774605788
MAM,6,4,0.0913390544714678
MAM,6,5,0.09548635113219554
MAM,6,6,0.11167851614388391
MAM,6,7,0.038731381691617515
MAM,6,8,0.07648585306473288
MAM,6,9,0.21586607389761614
MAM,7,0,0.07968326137739731
MAM,7,1,0.05536067115870251
MAM,7,2,0.04521328053817753
MAM,7,3,0.04045342187681103
MAM,7,4,0.039767593277970054
MAM,7,5,0.035328558363825015
MAM,7,6,0.029517155351375973
MAM,7,7,0.038205303061097394
MAM,7,8,0.04789952277246135
MAM,7,9,0.06321258550815628
MAM,8,0,0.09492173976215876
MAM,8,1,0.03273714036313273
MAM,8,2,0.07732972745602254
MAM,8,3,0.0313435374529127
MAM,8,4,0.0758619781407254
MAM,8,5,0.09329775756705933
MAM,8,6,0.0850950944299137
MAM,8,7,0.05273784307274073
MAM,8,8,0.038467406425087364
MAM,8,9,0.1123485438253792
MAM,9,0,0.1161971477823433
MAM,9,1,0.05109930270364923
MAM,9,2,0.03670842769050018
MAM,9,3,0.04998607613248252
MAM,9,4,0.0841132952028906
MAM,9,5,0.07903654033962523
MAM,9,6,0.05935237133172116
MAM,9,7,0.07306068945996888
MAM,9,8,0.05489793332539015
MAM,9,9,0.11578172881015851
MAM,10,0,0.010214588005238839
MAM,10,1,0.022125554218215646
MAM,10,2,0.007872154578313258
MAM,10,3,0.023405458434269527
MAM,10,4,0.02287794167355738
MAM,10,5,0.02872967853698711
MAM,10,6,0.02361307909368701
MAM,10,7,0.01804171074454601
MAM,10,8,-0.0021851638553050377
MAM,10,9,0.024686587982481255
MAM,11,0,0.1074443426306512
MAM,11,1,0.030876936818907293
MAM,11,2,0.10427133894274981
MAM,11,3,0.02231326005467117
MAM,11,4,0.10291976052931108
MAM,11,5,0.06257928468786807
MAM,11,6,0.11770726526602879
MAM,11,7,0.041084130519316815
MAM,11,8,0.04397362709118182
MAM,11,9,0.1315290536359886
MAM,12,0,0.08878139805515589
MAM,12,1,0.09753485370041765
MAM,12,2,0.027115277187603093
MAM,12,3,0.08612165867597892
MAM,12,4,0.0889197430339953
MAM,12,5,0.12452654816248714
MAM,12,6,0.04183474138799642
MAM,12,7,0.10151508002114962
MAM,12,8,0.0764760313198894
MAM,12,9,0.10159595502230555
MAM,13,0,0.06550133314753732
MAM,13,1,0.03492583799619567
MAM,13,2,0.03373235542924515
MAM,13,3,0.019807926477442995
MAM,13,4,0.049547322946203114
MAM,13,5,0.040473885075089984
MAM,13,6,0.0321154885553107
MAM,13,7,0.011529519646285472
MAM,13,8,0.014076673164371542
MAM,13,9,0.05856739763317714
MAM,14,0,0.02635527107827537
MAM,14,1,0.017481516422834388
MAM,14,2,0.017910990825698348
MAM,14,3,0.02283835389433233
MAM,14,4,0.019095922297396897
MAM,14,5,0.02813453388867228
MAM,14,6,0.01885395083768004
MAM,14,7,0.023422727953319747
MAM,14,8,0.022684891396752747
MAM,14,9,0.037820418781909004
MAM,15,0,0.12385975027667062
MAM,15,1,0.054685691437119315
MAM,15,2,0.07654244700700512
MAM,15,3,0.06789816460937359
MAM,15,4,0.10901248224910841
MAM,15,5,0.13102637162663816
MAM,15,6,0.11919642056465608
MAM,15,7,0.09484225203001398
MAM,15,8,0.0532090395213877
MAM,15,9,0.13220512353046052
MAM,16,0,0.10320407209060674
MAM,16,1,0.07703777857401778
MAM,16,2,0.08637505862365359
MAM,16,3,0.05661918824663775
MAM,16,4,0.1486259069509183
MAM,16,5,0.1521133875079999
MAM,16,6,0.11851350977987686
MAM,16,7,0.06325471962138532
MAM,16,8,0.07410490125298443
MAM,16,9,0.11097596871214219
MAM,17,0,0.07594553341093815
MAM,17,1,0.07375905474023735
MAM,17,2,0.041408540519492394
MAM,17,3,0.054197378710460986
MAM,17,4,0.04531774023695322
MAM,17,5,0.04767723866614518
MAM,17,6,0.04930200959122384
MAM,17,7,0.06473118867383637
MAM,17,8,0.04813774791109778
MAM,17,9,0.08157608602949985
MAM,18,0,0.07534497548358476
MAM,18,1,0.03401101712482004
MAM,18,2,0.06075907968744535
MAM,18,3,0.049759052242773286
MAM,18,4,0.055184042923433665
MAM,18,5,0.06084756726730081
MAM,18,6,0.07354195597750887
MAM,18,7,0.0332397324745416
MAM,18,8,0.04843028001579148
MAM,18,9,0.06022715088962916
MAM,19,0,0.05409424227533119
MAM,19,1,0.05586293111828371
MAM,19,2,0.06875824851616953
MAM,19,3,0.02556213252239259
MAM,19,4,0.06983748957307603
MAM,19,5,0.05630279752503469
MAM,19,6,0.039034748809672
MAM,19,7,0.020791951216069932
MAM,19,8,0.025543327627256564
MAM,19,9,0.07101739299516191
MAM,20,0,0.11240287127433503
MAM,20,1,0.09458466306707931
MAM,20,2,0.07749272756733844
MAM,20,3,0.06022468281207585
MAM,20,4,0.06594377169094023
MAM,20,5,0.057937180583285126
MAM,20,6,0.05365490067689284
MAM,20,7,0.11711525957819857
MAM,20,8,0.07039046307758444
MAM,20,9,0.09703910384611499
MAM,21,0,0.09947359315768903
MAM,21,1,0.04176058813263414
MAM,21,2,0.10030448038652978
MAM,21,3,0.05752288366649202
MAM,21,4,0.09431099135706095
MAM,21,5,0.0984521485861137
MAM,21,6,0.10440564712607645
MAM,21,7,0.08226119909844452
MAM,21,8,0.04901868594022897
MAM,21,9,0.12782712204324853
MAM,22,0,0.04950713129719795
MAM,22,1,0.07475665369157546
MAM,22,2,0.06297089467068372
MAM,22,3,0.06600702671149156
MAM,22,4,0.03262155970774128
MAM,22,5,0.04742580547489184
MAM,22,6,0.039656426012701466
MAM,22,7,0.06891845045502282
MAM,22,8,0.06305204007004486
MAM,22,9,0.09386144603583942
MAM,23,0,0.09148293967272615
MAM,23,1,0.07562762037190286
MAM,23,2,0.08247281113279586
MAM,23,3,0.07275227434298048
MAM,23,4,0.07943340478532661
MAM,23,5,0.09882544132516889
MAM,23,6,0.08012828200719195
MAM,23,7,0.0844577008953535
MAM,23,8,0.08485781847826501
MAM,23,9,0.10380854538909666
MAM,24,0,0.12695420550696268
MAM,24,1,0.0587805446232613
MAM,24,2,0.2625857124417362
MAM,24,3,0.06389092011690581
MAM,24,4,0.07240674245820168
MAM,24,5,0.05812651075870478
MAM,24,6,0.10675921047684861
MAM,24,7,0.0652445653864751
MAM,24,8,0.056810201621278325
MAM,24,9,0.1338599270003854
MAM,25,0,0.12442016002799117
MAM,25,1,0.07171169730281615
MAM,25,2,0.09711736194738271
MAM,25,3,0.05408243036909497
MAM,25,4,0.1398605734273949
MAM,25,5,0.08172108725539952
MAM,25,6,0.07943500436966229
MAM,25,7,0.08090230006463027
MAM,25,8,0.06754039436062363
MAM,25,9,0.10878799620352776
MAM,26,0,0.10247891545798915
MAM,26,1,0.004785292104008545
MAM,26,2,0.13344639676425532
MAM,26,3,0.01536942429270459
MAM,26,4,0.0653744296848377
MAM,26,5,0.0659644777905692
MAM,26,6,0.07221661874501019
MAM,26,7,0.026231781159090875
MAM,26,8,0.014005249374685813
MAM,26,9,0.11438138749281285
MAM,27,0,0.07643247522708778
MAM,27,1,0.05155341586858777
MAM,27,2,0.08033616674821342
MAM,27,3,0.06443183213698171
MAM,27,4,0.06603406176560145
MAM,27,5,0.060471263158047545
MAM,27,6,0.05839103309221089
MAM,27,7,0.057651581585697685
MAM,27,8,0.07094597534056445
MAM,27,9,0.09400234141245693
MAM,28,0,0.16531902438158602
MAM,28,1,0.19447489718346714
MAM,28,2,0.1597954918790363
MAM,28,3,0.17801363345556884
MAM,28,4,0.11922377248762467
MAM,28,5,0.14061340458649113
MAM,28,6,0.09836532516835005
MAM,28,7,0.15855922689349966
MAM,28,8,0.19901151601421002
MAM,28,9,0.15085004175303351
MAM,29,0,0.09492069008162413
MAM,29,1,0.032206404943992024
MAM,29,2,0.10349130476570613
MAM,29,3,0.055267620244231326
MAM,29,4,0.05554001748620838
MAM,29,5,0.07984387959830781
MAM,29,6,0.08981706846776184
MAM,29,7,0.025089932669512902
MAM,29,8,0.05106944511715199
MAM,29,9,0.11550228908307864
MAM,30,0,0.01973440919821842
MAM,30,1,0.012614611342585543
MAM,30,2,0.059076488732877123
MAM,30,3,0.006512942847828433
MAM,30,4,0.03924444332791046
MAM,30,5,0.033021022851621
MAM,30,6,0.05304443634837321
MAM,30,7,0.0037340058030982293
MAM,30,8,0.006432575058553237
MAM,30,9,0.01697539574852716
MAM,31,0,0.04324805282053181
MAM,31,1,0.05511262558751299
MAM,31,2,0.054128695139800086
MAM,31,3,0.04302981064610964
MAM,31,4,0.06522740304360446
MAM,31,5,0.05429383351540901
MAM,31,6,0.04393246848174827
MAM,31,7,0.03794090754527417
MAM,31,8,0.050681473165749204
MAM,31,9,0.05519151332215025
MAM,32,0,0.12127795121591
MAM,32,1,0.09108929603289105
MAM,32,2,0.09246371230558399
MAM,32,3,0.08661238989832869
MAM,32,4,0.09361619565016331
MAM,32,5,0.1197644291318512
MAM,32,6,0.09397657527823006
MAM,32,7,0.12063902153404223
MAM,32,8,0.09356396628410632
MAM,32,9,0.10710211389089574
MAM,33,0,0.06382457332552716
MAM,33,1,0.07775769849171271
MAM,33,2,0.06555994340581947
MAM,33,3,0.06164816971431332
MAM,33,4,0.07998507111769838
MAM,33,5,0.07244328179337066
MAM,33,6,0.06863487160345168
MAM,33,7,0.07544466050614264
MAM,33,8,0.06255045373401957
MAM,33,9,0.07340483050852836
MAM,34,0,0.17142572660659208
MAM,34,1,0.12380015493548813
MAM,34,2,0.13961292537902414
MAM,34,3,0.1299200079366117
MAM,34,4,0.11750664682998412
MAM,34,5,0.1268649444725597
MAM,34,6,0.10641613817890053
MAM,34,7,0.11777096991140372
MAM,34,8,0.11991139838731728
MAM,34,9,0.15629656494598138
MAM,35,0,0.09377781443569373
MAM,35,1,0.11015641393548464
MAM,35,2,0.07779704876995475
MAM,35,3,0.11098964364618669
MAM,35,4,0.08028207952429577
MAM,35,5,0.09917865360714323
MAM,35,6,0.07255863505337987
MAM,35,7,0.10251123177521361
MAM,35,8,0.11520873644160465
MAM,35,9,0.112468434893301
MAM,36,0,0.12565889491780838
MAM,36,1,0.19863161210786168
MAM,36,2,0.1287291083802145
MAM,36,3,0.16773288132008696
MAM,36,4,0.14594179716292188
MAM,36,5,0.16366677442360839
MAM,36,6,0.12769781875484373
MAM,36,7,0.18332612823415786
MAM,36,8,0.18934672614290832
MAM,36,9,0.13266838067167405
MAM,37,0,0.07901549850095538
MAM,37,1,0.12059743785060334
MAM,37,2,0.06364951380635751
MAM,37,3,0.06408569201869187
MAM,37,4,0.0501579440293494
MAM,37,5,0.0685990995473549
MAM,37,6,0.054606008856367655
MAM,37,7,0.06948104837868936
MAM,37,8,0.08360312076851754
MAM,37,9,0.05364776512661955
MAM,38,0,0.10560753465998522
MAM,38,1,0.18026892397818528
MAM,38,2,0.09067762392008204
MAM,38,3,0.18677397087337744
MAM,38,4,0.13061001361480346
MAM,38,5,0.16747036808828475
MAM,38,6,0.11962351465465293
MAM,38,7,0.19925960663626516
MAM,38,8,0.16905883635290547
MAM,38,9,0.12326310225885768
MAM,39,0,0.15366576744033358
MAM,39,1,0.2085057324782418
MAM,39,2,0.11984435424859105
MAM,39,3,0.17632735619148174
MAM,39,4,0.16256819699118621
MAM,39,5,0.14661261952861449
MAM,39,6,0.1449320371226247
MAM,39,7,0.1431836169664674
MAM,39,8,0.1789970312379554
MAM,39,9,0.174405614831034
MAM,40,0,0.11084042665275301
MAM,40,1,0.03594737176557703
MAM,40,2,0.0646404248441766
MAM,40,3,0.052852323816876885
MAM,40,4,0.07632893101768463
MAM,40,5,0.07788489183454768
MAM,40,6,0.056510242246936286
MAM,40,7,0.07018418968463358
MAM,40,8,0.020283942674634067
MAM,40,9,0.15993117559656575
MAM,41,0,0.19518719132032877
MAM,41,1,0.1787123892237892
MAM,41,2,0.14607301289079502
MAM,41,3,0.14835830080594323
MAM,41,4,0.12177703105212943
MAM,41,5,0.14476317199879035
MAM,41,6,0.09297871137168787
MAM,41,7,0.12193610178300972
MAM,41,8,0.14204933745981332
MAM,41,9,0.1819180112924978
MAM,42,0,0.0835022313861316
MAM,42,1,0.02969213372897082
MAM,42,2,0.043565500837575086
MAM,42,3,0.05157621464919728
MAM,42,4,0.09096334204709844
MAM,42,5,0.10154760560761313
MAM,42,6,0.08545871478999309
MAM,42,7,0.052206518703257744
MAM,42,8,0.05255425020394796
MAM,42,9,0.105429658740696
MAM,43,0,0.2619535764201627
MAM,43,1,0.1689375512840038
MAM,43,2,0.18227871564298184
MAM,43,3,0.1578653986316742
MAM,43,4,0.13888397966464677
MAM,43,5,0.12666843301712002
MAM,43,6,0.11046757957439109
MAM,43,7,0.12390649376932748
MAM,43,8,0.16827212984412154
MAM,43,9,0.2339098590877638
MAM,44,0,0.1101004704877757
MAM,44,1,0.07797603287963216
MAM,44,2,0.11666193350114579
MAM,44,3,0.0754391970633349
MAM,44,4,0.07041473383254705
MAM,44,5,0.09211313361600273
MAM,44,6,0.07629942366002399
MAM,44,7,0.0563781744829384
MAM,44,8,0.06911073101067963
MAM,44,9,0.1267920863894387
MAM,45,0,0.042961262701302586
MAM,45,1,0.04428399613566903
MAM,45,2,0.029932783752055804
MAM,45,3,0.04800863905022974
MAM,45,4,0.012720713252151739
MAM,45,5,0.04949135317502215
MAM,45,6,0.024906733809512957
MAM,45,7,0.03894185775208739
MAM,45,8,0.04317551584469264
MAM,45,9,0.07493577505179988
MAM,46,0,0.0677578579232903
MAM,46,1,0.05970535660551279
MAM,46,2,0.05936693851811351
MAM,46,3,0.05577304169345694
MAM,46,4,0.050035382715550386
MAM,46,5,0.05464076641559604
MAM,46,6,0.04326814379351252
MAM,46,7,0.053420792052010294
MAM,46,8,0.04893348939424129
MAM,46,9,0.06428342418769982
MAM,47,0,0.16569172706328486
MAM,47,1,0.08634946078991775
MAM,47,2,0.1262425345100411
MAM,47,3,0.07229049803440976
MAM,47,4,0.08985422078509098
MAM,47,5,0.09478549166408388
MAM,47,6,0.07229638989191944
MAM,47,7,0.08372893382326209
MAM,47,8,0.0829384308185168
MAM,47,9,0.1828565432023281
MAM,48,0,0.11339897988185077
MAM,48,1,0.07711096969232671
MAM,48,2,0.08577857276827712
MAM,48,3,0.0786685509997137
MAM,48,4,0.10681469955450572
MAM,48,5,0.09701377255408039
MAM,48,6,0.06692759119715781
MAM,48,7,0.11259428661985611
MAM,48,8,0.06941116863535886
MAM,48,9,0.15174722960045275
MAM,49,0,0.025383686392902692
MAM,49,1,0.02705776730333557
MAM,49,2,0.05044744863588739
MAM,49,3,0.01881137542856308
MAM,49,4,0.024281209811789262
MAM,49,5,0.02824845595309336
MAM,49,6,0.04730804305668042
MAM,49,7,0.00040381041288567286
MAM,49,8,0.0133593655775192
MAM,49,9,0.04081076587184912
MAM,50,0,0.14355384243364772
MAM,50,1,0.16529612593994372
MAM,50,2,0.09720105226526252
MAM,50,3,0.11979458436874418
MAM,50,4,0.06865404117517587
MAM,50,5,0.0902023988964074
MAM,50,6,0.06069035671600697
MAM,50,7,0.09552454461269398
MAM,50,8,0.1307572204855821
MAM,50,9,0.13066102436690405
MAM,51,0,0.17569623117011549
MAM,51,1,0.13670103674591966
MAM,51,2,0.09008970834329282
MAM,51,3,0.13806003957402055
MAM,51,4,0.13399815887496128
MAM,51,5,0.13267243982244348
MAM,51,6,0.10958445965490221
MAM,51,7,0.16298062683301398
MAM,51,8,0.09539008401318685
MAM,51,9,0.1947681443950953
MAM,52,0,0.14562649392634758
MAM,52,1,0.06251273177194713
MAM,52,2,0.07154873477046328
MAM,52,3,0.06868438015244602
MAM,52,4,0.09206088670689709
MAM,52,5,0.11119965571789515
MAM,52,6,0.07555194121629866
MAM,52,7,0.06193045764591134
MAM,52,8,0.06812771069921707
MAM,52,9,0.1580884544159834
MAM,53,0,0.05439301233130644
MAM,53,1,0.0365249865278733
MAM,53,2,0.046643622245434856
MAM,53,3,0.04432864409575604
MAM,53,4,0.04875896088167984
MAM,53,5,0.06092371762581683
MAM,53,6,0.05200011143864458
MAM,53,7,0.04639247394132231
MAM,53,8,0.040198339918015
MAM,53,9,0.06341233402214844
MAM,54,0,0.15718011108625785
MAM,54,1,0.09248900389689427
MAM,54,2,0.09547386052151496
MAM,54,3,0.08705547209450895
MAM,54,4,0.11930889409718992
MAM,54,5,0.12737493110819428
MAM,54,6,0.12922078044136429
MAM,54,7,0.11566118735284996
MAM,54,8,0.0877010390249069
MAM,54,9,0.14144677862433327
MAM,55,0,0.2015820017940987
MAM,55,1,0.17659284344157022
MAM,55,2,0.09952687097974261
MAM,55,3,0.18761996036333828
MAM,55,4,0.16955525996835866
MAM,55,5,0.20876476710663947
MAM,55,6,0.16722792105506595
MAM,55,7,0.1850726042889103
MAM,55,8,0.14911764813128486
MAM,55,9,0.20670147205141604
MAM,56,0,0.03194074361355305
MAM,56,1,0.05369930577123036
MAM,56,2,0.006961905273823549
MAM,56,3,0.05454166659206273
MAM,56,4,0.05093799844644971
MAM,56,5,0.0884976365762479
MAM,56,6,0.08185056807300711
MAM,56,7,0.1123562096012247
MAM,56,8,0.04278017749726448
MAM,56,9,0.08990114740896356
MAM,57,0,0.19456717708342378
MAM,57,1,0.06556919480713141
MAM,57,2,0.15011686612265085
MAM,57,3,0.047313091885161584
MAM,57,4,0.08257551304362916
MAM,57,5,0.07140305150823735
MAM,57,6,0.06886434710503711
MAM,57,7,0.09715565597705154
MAM,57,8,0.05531570147030496
MAM,57,9,0.21319197417050187
MAM,58,0,0.20994265667775722
MAM,58,1,0.13625541444391698
MAM,58,2,0.22930185881895326
MAM,58,3,0.1306094732441353
MAM,58,4,0.1404739532553004
MAM,58,5,0.1630274094999433
MAM,58,6,0.13403619823270196
MAM,58,7,0.146410408414993
MAM,58,8,0.11878002763974133
MAM,58,9,0.2323418493250211
MAM,59,0,0.10551545975914546
MAM,59,1,0.08255059311359655
MAM,59,2,0.06235291933150969
MAM,59,3,0.07481744231174126
MAM,59,4,0.09875999535390732
MAM,59,5,0.07839262419082196
MAM,59,6,0.06729537425870734
MAM,59,7,0.08776835321589578
MAM,59,8,0.08328841207292735
MAM,59,9,0.14339339550400468
MAM,60,0,0.09348770781020158
MAM,60,1,0.06881285066998949
MAM,60,2,0.08046529695890328
MAM,60,3,0.08812454736514506
MAM,60,4,0.06092946853505946
MAM,60,5,0.07892498474162474
MAM,60,6,0.07752311376044363
MAM,60,7,0.07437521361233175
MAM,60,8,0.0883602007432909
MAM,60,9,0.11399693737365141
MAM,61,0,0.12819809702881182
MAM,61,1,0.03757000082841811
MAM,61,2,0.1323626216719636
MAM,61,3,0.027678941516969226
MAM,61,4,0.07720075396320927
MAM,61,5,0.07500331729597269
MAM,61,6,0.09689434662000129
MAM,61,7,0.024182126139454953
MAM,61,8,0.05502327143459609
MAM,61,9,0.15187086923307516
MAM,62,0,0.02255451906783171
MAM,62,1,0.01095192889494253
MAM,62,2,0.028397581918514915
MAM,62,3,0.0345970183605231
MAM,62,4,0.03078685250482807
MAM,62,5,0.04096344487316163
MAM,62,6,0.03376121098842981
MAM,62,7,0.01993228922404764
MAM,62,8,0.02297509222015599
MAM,62,9,0.044799221061137526
MAM,63,0,0.06935094240090724
MAM,63,1,0.021697261577188636
MAM,63,2,0.07959664564550556
MAM,63,3,0.02845598761068537
MAM,63,4,0.04304551231717995
MAM,63,5,0.04076697150387158
MAM,63,6,0.04900666944143696
MAM,63,7,0.022644112920292024
MAM,63,8,0.029345948377967182
MAM,63,9,0.07899898348326449
MAM,64,0,0.05532905906115177
MAM,64,1,0.05929598624942491
MAM,64,2,0.07837794675015405
MAM,64,3,0.06822678667952496
MAM,64,4,0.03484017006839293
MAM,64,5,0.021907949243868265
MAM,64,6,0.02912280894684397
MAM,64,7,0.03835273286538517
MAM,64,8,0.06523109565348092
MAM,64,9,0.0618520615460021
MAM,65,0,0.047206590163282956
MAM,65,1,0.05039355529963112
MAM,65,2,0.05482769699122718
MAM,65,3,0.048421938582563655
MAM,65,4,0.0349265109163446
MAM,65,5,0.03165315376984201
MAM,65,6,0.028743960446909952
MAM,65,7,0.037732308393103896
MAM,65,8,0.040191881288169265
MAM,65,9,0.03364778373205757
MAM,66,0,0.08392516447380878
MAM,66,1,0.05290739335434955
MAM,66,2,0.07280572297228032
MAM,66,3,0.04796645979633413
MAM,66,4,0.04778896241541048
MAM,66,5,0.055113427734726106
MAM,66,6,0.03928565224349185
MAM,66,7,0.07548262600182236
MAM,66,8,0.05050471226717687
MAM,66,9,0.07853086310446522
MAM,67,0,0.18959796469325904
MAM,67,1,0.17854334619696413
MAM,67,2,0.10010360694373409
MAM,67,3,0.14901959611679194
MAM,67,4,0.11736681377490601
MAM,67,5,0.13351601549862738
MAM,67,6,0.09897073604303895
MAM,67,7,0.1596154320087515
MAM,67,8,0.1710682755041595
MAM,67,9,0.18522765441943065
MAM,68,0,0.012426335179829082
MAM,68,1,0.026850844160520117
MAM,68,2,0.01638179863212373
MAM,68,3,0.029853325415470557
MAM,68,4,0.012900892398112217
MAM,68,5,0.026053380818172607
MAM,68,6,0.01955053409337611
MAM,68,7,0.029285368318965478
MAM,68,8,0.019828147780969047
MAM,68,9,0.017172100467608482
MAM,69,0,0.08222066917492626
MAM,69,1,0.08025570408085059
MAM,69,2,0.026067521258834082
MAM,69,3,0.062308982780200334
MAM,69,4,0.0558823941690719
MAM,69,5,0.0443205248676314
MAM,69,6,0.0482598824115356
MAM,69,7,0.0662750078108226
MAM,69,8,0.049077789308220036
MAM,69,9,0.06317244760050601
MAM,70,0,0.014832103063844256
MAM,70,1,0.015741225348146974
MAM,70,2,0.013147376696254655
MAM,70,3,0.009231237438247141
MAM,70,4,0.02712755567959871
MAM,70,5,0.015036918619105069
MAM,70,6,0.02539451902039452
MAM,70,7,0.011800730795806102
MAM,70,8,0.020507334122342714
MAM,70,9,0.02182274474157067
MAM,71,0,0.035743756836572695
MAM,71,1,0.06261605616595906
MAM,71,2,0.014386129564510805
MAM,71,3,0.06541375280042788
MAM,71,4,0.019095702128337447
MAM,71,5,0.03484657095714196
MAM,71,6,0.03013733912440884
MAM,71,7,0.03772258210871406
MAM,71,8,0.05152069902229164
MAM,71,9,0.04723784276432582
MAM,72,0,0.09411550773644471
MAM,72,1,0.030324531041079412
MAM,72,2,0.02949722526288174
MAM,72,3,0.02758668478343962
MAM,72,4,0.0547117330395063
MAM,72,5,0.06168428545533579
MAM,72,6,0.04036116061753362
MAM,72,7,0.03942762350260469
MAM,72,8,0.03829150948404025
MAM,72,9,0.08572901035665687
MAM,73,0,0.06606996058275062
MAM,73,1,0.016042794783748014
MAM,73,2,0.04709598886374528
MAM,73,3,0.01473264456743863
MAM,73,4,0.03771653584461535
MAM,73,5,0.022065600896636398
MAM,73,6,0.02528672364097881
MAM,73,7,0.015485018561213187
MAM,73,8,0.016384565103184895
MAM,73,9,0.02730741356911587
MAM,74,0,0.04833201164359521
MAM,74,1,0.02705556294435106
MAM,74,2,0.03254990105393774
MAM,74,3,0.0329050747036313
MAM,74,4,0.015909024565802576
MAM,74,5,0.03811916195877873
MAM,74,6,0.020234359512509927
MAM,74,7,0.009373465197547847
MAM,74,8,0.02079666343782218
MAM,74,9,0.037924050786969005
MAM,75,0,0.034973002623440295
MAM,75,1,0.011921834548825647
MAM,75,2,0.040965962743064424
MAM,75,3,0.00508761867183175
MAM,75,4,0.019609747363056634
MAM,75,5,0.01898023570110481
MAM,75,6,0.021719133172115268
MAM,75,7,0.032260050156176875
MAM,75,8,0.011041352814650726
MAM,75,9,0.03968122875021658
MAM,76,0,0.11862450409844319
MAM,76,1,0.06271101952250221
MAM,76,2,0.08163285566694324
MAM,76,3,0.05952380373123685
MAM,76,4,0.13957491475869357
MAM,76,5,0.12345505072404896
MAM,76,6,0.09008178344179449
MAM,76,7,0.07792412502317698
MAM,76,8,0.07493405222288228
MAM,76,9,0.15038543809399804
MAM,77,0,0.1178787231436754
MAM,77,1,0.03822658194979281
MAM,77,2,0.05514424126888681
MAM,77,3,0.05131074206035941
MAM,77,4,0.05902105852102554
MAM,77,5,0.0817228581488197
MAM,77,6,0.04244631215865536
MAM,77,7,0.04914862759575663
MAM,77,8,0.05335624261519528
MAM,77,9,0.1397756530536085
MAM,78,0,0.1484669464493143
MAM,78,1,0.04453253108878729
MAM,78,2,0.07985737051727998
MAM,78,3,0.06491640602069498
MAM,78,4,0.0909670962547649
MAM,78,5,0.1163544071049556
MAM,78,6,0.05454424354797732
MAM,78,7,0.04981917933651632
MAM,78,8,0.06148535373837501
MAM,78,9,0.1498378911288182
MAM,79,0,0.1074136633368822
MAM,79,1,0.0746319102616079
MAM,79,2,0.08609221072298767
MAM,79,3,0.06386532793165516
MAM,79,4,0.07441282446638478
MAM,79,5,0.08179998222450618
MAM,79,6,0.08030024401216944
MAM,79,7,0.1042525747099844
MAM,79,8,0.05590312967748721
MAM,79,9,0.08991415833472205
R2,0,0,0.12094897161534215
R2,0,1,0.09262997356117396
R2,0,2,0.10313628936894519
R2,0,3,0.13945985278714929
R2,0,4,0.08886044418240809
R2,0,5,0.13232968523732674
R2,0,6,0.01892299996317684
R2,0,7,0.0949942171735831
R2,0,8,0.16157343722480427
R2,0,9,0.09719171107439248
R2,1,0,0.18796140669347874
R2,1,1,0.19144437745151874
R2,1,2,0.17860102077742607
R2,1,3,0.18561146880167445
R2,1,4,0.1153053741988199
R2,1,5,0.1756073788965081
R2,1,6,0.052999601032790264
R2,1,7,0.18699560152900108
R2,1,8,0.1568568344852603
R2,1,9,0.16229337795746301
R2,2,0,0.1099358816711442
R2,2,1,0.06659811019227811
R2,2,2,0.09613357238729464
R2,2,3,0.1426762205843952
R2,2,4,0.05329912092129155
R2,2,5,0.15670350430996025
R2,2,6,0.046673597467485
R2,2,7,0.06369849550546824
R2,2,8,0.18316897333522275
R2,2,9,0.06160673017591774
R2,3,0,0.17985841429709676
R2,3,1,0.16954282888150332
R2,3,2,0.16656357795867469
R2,3,3,0.19358612038497275
R2,3,4,0.11457103536478634
R2,3,5,0.19498208431802275
R2,3,6,0.07997313450073083
R2,3,7,0.1724238256089725
R2,3,8,0.1510090143433407
R2,3,9,0.16643338200829763
R2,4,0,0.13861703953263918
R2,4,1,0.19113662966450007
R2,4,2,0.10627926975799414
R2,4,3,0.15655425985411267
R2,4,4,0.1340732176419431
R2,4,5,0.14716702210344626
R2,4,6,0.03317683073747332
R2,4,7,0.17906165092197746
R2,4,8,0.09774022867851748
R2,4,9,0.16490208220445632
R2,5,0,0.17186097926248678
R2,5,1,0.1546912947880899
R2,5,2,0.16804055761848877
R2,5,3,0.16631967044154677
R2,5,4,0.1179199858286554
R2,5,5,0.16204145383550372
R2,5,6,0.07352267972370445
R2,5,7,0.15395199708645532
R2,5,8,0.1624552973725476
R2,5,9,0.15731022167215464
R2,6,0,0.1649096955782296
R2,6,1,0.16187942425282129
R2,6,2,0.15086259508438543
R2,6,3,0.18755621839189893
R2,6,4,0.09596367817928732
R2,6,5,0.19075795988515457
R2,6,6,0.059682698333716935
R2,6,7,0.13941128192429464
R2,6,8,0.16537133768855614
R2,6,9,0.12844920819582223
R2,7,0,0.13829766585184136
R2,7,1,0.10695228202747219
R2,7,2,0.12113710366547879
R2,7,3,0.17009213428584144
R2,7,4,0.07239236311460498
R2,7,5,0.1763198503854439
R2,7,6,0.05460328193247043
R2,7,7,0.08841122235349612
R2,7,8,0.16601874977511635
R2,7,9,0.08422184467498221
R2,8,0,0.11112960114614019
R2,8,1,0.1071462288114994
R2,8,2,0.10011977787217681
R2,8,3,0.11379739006855581
R2,8,4,0.06851671000501885
R2,8,5,0.11044436267016187
R2,8,6,0.04965196875729791
R2,8,7,0.09063669263822426
R2,8,8,0.09734227614922655
R2,8,9,0.08367520042270853
R2,9,0,0.11024243516174925
R2,9,1,0.08494155891858204
R2,9,2,0.11945169691205754
R2,9,3,0.10079994271691342
R2,9,4,0.09469440965526411
R2,9,5,0.0941764088247579
R2,9,6,0.09267845384456713
R2,9,7,0.08738630400258764
R2,9,8,0.09372599831721558
R2,9,9,0.08595579159623006
R2,10,0,0.030355475930890753
R2,10,1,0.04631023307636859
R2,10,2,0.03903273738812759
R2,10,3,0.014083900625243095
R2,10,4,0.03763712778144751
R2,10,5,0.014526758218564344
R2,10,6,0.043628022385731394
R2,10,7,0.044919836213924855
R2,10,8,0.004768674535950826
R2,10,9,0.043703608725855166
R2,11,0,0.1529961686913802
R2,11,1,0.1385183357657423
R2,11,2,0.12291437228373946
R2,11,3,0.1568597023981498
R2,11,4,0.09713356049988425
R2,11,5,0.16315538039740737
R2,11,6,0.04021252166424387
R2,11,7,0.11303583613374137
R2,11,8,0.15189822872369368
R2,11,9,0.09450768014543759
R2,12,0,0.13791885691075792
R2,12,1,0.1120771887870209
R2,12,2,0.12544750314026387
R2,12,3,0.09666625270869839
R2,12,4,0.11855564333924837
R2,12,5,0.0793491730025549
R2,12,6,0.08740167881565993
R2,12,7,0.13065899440047124
R2,12,8,0.06934207944873733
R2,12,9,0.137266785896208
R2,13,0,0.07105537676919274
R2,13,1,0.03643269527881346
R2,13,2,0.0485385613219909
R2,13,3,0.07218716332153786
R2,13,4,0.030131750680226204
R2,13,5,0.06283280225137985
R2,13,6,0.01343564925636332
R2,13,7,0.037020133982503124
R2,13,8,0.07341757363611079
R2,13,9,0.0356755159193191
R2,14,0,0.046463260470943596
R2,14,1,0.03549926074080902
R2,14,2,0.04361828719360349
R2,14,3,0.049749160932476555
R2,14,4,0.031867960821654065
R2,14,5,0.045016303056466825
R2,14,6,0.014222392650522206
R2,14,7,0.030719201573707947
R2,14,8,0.07218194339540823
R2,14,9,0.03131420529552358
R2,15,0,0.127485935216576
R2,15,1,0.11180070298163364
R2,15,2,0.12578434229816313
R2,15,3,0.12656031331090806
R2,15,4,0.10657915812389339
R2,15,5,0.1165698886034531
R2,15,6,0.032742454019075495
R2,15,7,0.11321857822370421
R2,15,8,0.1065853768710432
R2,15,9,0.11132649512092843
R2,16,0,0.12418281757795988
R2,16,1,0.1397817789008482
R2,16,2,0.12071851629049309
R2,16,3,0.12391316450852384
R2,16,4,0.09285507280278192
R2,16,5,0.12954454980847735
R2,16,6,0.03481714413914262
R2,16,7,0.12267350139603785
R2,16,8,0.14110944465656028
R2,16,9,0.1201095742851706
R2,17,0,0.12191918154351107
R2,17,1,0.1220586525229131
R2,17,2,0.07989286948393717
R2,17,3,0.11854919002392267
R2,17,4,0.08495331013786578
R2,17,5,0.10589580777580716
R2,17,6,0.04626400678424629
R2,17,7,0.09506249104376609
R2,17,8,0.07126893232926865
R2,17,9,0.09890927048481615
R2,18,0,0.08599295801139696
R2,18,1,0.09437159823330359
R2,18,2,0.07736853174728552
R2,18,3,0.08552465734459848
R2,18,4,0.0696022762464845
R2,18,5,0.0850680252030277
R2,18,6,0.020399333317443175
R2,18,7,0.09222710353304885
R2,18,8,0.0850029346483859
R2,18,9,0.08644210110225031
R2,19,0,0.10080444565529813
R2,19,1,0.08522819907321579
R2,19,2,0.10080684068790075
R2,19,3,0.09620313609014441
R2,19,4,0.06695107412454863
R2,19,5,0.09556085463783928
R2,19,6,0.04445590901757218
R2,19,7,0.08515756148674448
R2,19,8,0.10255027545259464
R2,19,9,0.07603947781564944
R2,20,0,0.1430799617752004
R2,20,1,0.0878636757141607
R2,20,2,0.10864951763926944
R2,20,3,0.14465785943672718
R2,20,4,0.08573248253535501
R2,20,5,0.13172476201563493
R2,20,6,0.04706580583495246
R2,20,7,0.08809185608877781
R2,20,8,0.08707486980201642
R2,20,9,0.08737228701122263
R2,21,0,0.14700305323456103
R2,21,1,0.15079326050261926
R2,21,2,0.16551759188961065
R2,21,3,0.14620899297839698
R2,21,4,0.12332932031664473
R2,21,5,0.14313200932679218
R2,21,6,0.058954720895855746
R2,21,7,0.14325188327478486
R2,21,8,0.13257668281127274
R2,21,9,0.1457160343305024
R2,22,0,0.10489324573565542
R2,22,1,0.09797045270090654
R2,22,2,0.08590488256235254
R2,22,3,0.10397634127711262
R2,22,4,0.06075639328226793
R2,22,5,0.07513564822396868
R2,22,6,0.02986391723814513
R2,22,7,0.09578286326128733
R2,22,8,0.03936607089580708
R2,22,9,0.0966792092331133
R2,23,0,0.12723112221005917
R2,23,1,0.08336174296024593
R2,23,2,0.11849144968546219
R2,23,3,0.1528347052114929
R2,23,4,0.07187924016330596
R2,23,5,0.1530018009083134
R2,23,6,0.02869364301803041
R2,23,7,0.07857909756544579
R2,23,8,0.15763331387012816
R2,23,9,0.07320020233654746
R2,24,0,0.23420192037916135
R2,24,1,0.19927463953175192
R2,24,2,0.1799346827232046
R2,24,3,0.28910925005302923
R2,24,4,0.1522172970177697
R2,24,5,0.2934145425341075
R2,24,6,0.10387231207748865
R2,24,7,0.18504234208026674
R2,24,8,0.30083052046351283
R2,24,9,0.17240597761381402
R2,25,0,0.21677703440225263
R2,25,1,0.1798116388577311
R2,25,2,0.18523468923184017
R2,25,3,0.280700227386562
R2,25,4,0.13694242922625718
R2,25,5,0.2869614195931447
R2,25,6,0.04258408656332065
R2,25,7,0.16877880928955588
R2,25,8,0.2902861550406886
R2,25,9,0.1577190060212304
R2,26,0,0.18914501001578363
R2,26,1,0.18167761636002294
R2,26,2,0.18839740161689328
R2,26,3,0.18819482521575862
R2,26,4,0.124010305362341
R2,26,5,0.20194404424373502
R2,26,6,0.0340928506113096
R2,26,7,0.1849174004624848
R2,26,8,0.21923909214304854
R2,26,9,0.179522533560952
R2,27,0,0.08011759313372453
R2,27,1,0.07927694662467377
R2,27,2,0.09593093662685744
R2,27,3,0.07932872854578235
R2,27,4,0.05724144399360135
R2,27,5,0.08418943343782966
R2,27,6,0.03443957811158805
R2,27,7,0.07016588350662452
R2,27,8,0.0714092153207731
R2,27,9,0.06994588674124885
R2,28,0,0.20051338889758463
R2,28,1,0.2574058395110319
R2,28,2,0.19040329796876482
R2,28,3,0.17799920936231092
R2,28,4,0.2716413028615217
R2,28,5,0.18527263584035059
R2,28,6,0.15829967168525563
R2,28,7,0.25373706761792186
R2,28,8,0.19047914073363706
R2,28,9,0.26620717873204713
R2,29,0,0.22286413930592022
R2,29,1,0.2219278540680063
R2,29,2,0.17466850084858976
R2,29,3,0.19190341519394746
R2,29,4,0.13826077148504143
R2,29,5,0.15962381708825604
R2,29,6,0.05116021604932231
R2,29,7,0.17801721735934198
R2,29,8,0.15083824164908158
R2,29,9,0.16746594613969917
R2,30,0,0.07302078944834957
R2,30,1,0.06508493847143595
R2,30,2,0.06526128816914291
R2,30,3,0.10968332453185725
R2,30,4,0.07731716198374274
R2,30,5,0.11147922344059641
R2,30,6,0.021173214991958247
R2,30,7,0.07498951623287224
R2,30,8,0.10573717684275499
R2,30,9,0.07441917414671823
R2,31,0,0.12350850228627694
R2,31,1,0.09930513383000768
R2,31,2,0.10204022538532577
R2,31,3,0.1150029735667935
R2,31,4,0.056570917734288996
R2,31,5,0.09401141736810721
R2,31,6,0.005650020462153654
R2,31,7,0.09683185516872704
R2,31,8,0.09051668185422736
R2,31,9,0.09945855553337662
R2,32,0,0.14971424519346008
R2,32,1,0.1602726919802251
R2,32,2,0.15699842214108273
R2,32,3,0.14559968694563255
R2,32,4,0.128983248605147
R2,32,5,0.15277725628455954
R2,32,6,0.11113292298210847
R2,32,7,0.17126183218721505
R2,32,8,0.13804390286294635
R2,32,9,0.15730831957213381
R2,33,0,0.14668200305418033
R2,33,1,0.16889245229874197
R2,33,2,0.09599066624136585
R2,33,3,0.19559188000793504
R2,33,4,0.10036540833516389
R2,33,5,0.17046315571570722
R2,33,6,0.061320956609641944
R2,33,7,0.14486194653070614
R2,33,8,0.2115628067196403
R2,33,9,0.14459603491251227
R2,34,0,0.17894475802752974
R2,34,1,0.16361773662143633
R2,34,2,0.14160963314013242
R2,34,3,0.18466764332812916
R2,34,4,0.1360050616448438
R2,34,5,0.16811866838277945
R2,34,6,0.06451395054944024
R2,34,7,0.15587736298985816
R2,34,8,0.19710890427594868
R2,34,9,0.15592315365807585
R2,35,0,0.17649935586120805
R2,35,1,0.17952791134399834
R2,35,2,0.16486835174506023
R2,35,3,0.15718944130066462
R2,35,4,0.17305991506376256
R2,35,5,0.16017364112196072
R2,35,6,0.05482336128538307
R2,35,7,0.16842062475753816
R2,35,8,0.14452890886810654
R2,35,9,0.16879127419905618
R2,36,0,0.19483986674077872
R2,36,1,0.197058286260873
R2,36,2,0.21213549146883795
R2,36,3,0.24309974165692894
R2,36,4,0.1664905158666611
R2,36,5,0.2670469312226087
R2,36,6,0.1745934809202789
R2,36,7,0.20693258219161606
R2,36,8,0.18637501908155618
R2,36,9,0.18858405882177837
R2,37,0,0.12956410966125226
R2,37,1,0.15419948307378573
R2,37,2,0.13057992970837795
R2,37,3,0.12988198152626737
R2,37,4,0.1483886864394491
R2,37,5,0.12567037140135306
R2,37,6,0.10099915350586931
R2,37,7,0.16188219126019127
R2,37,8,0.15639191810708822
R2,37,9,0.15467330981520522
R2,38,0,0.22528882386024507
R2,38,1,0.2409860372310214
R2,38,2,0.21951823025377262
R2,38,3,0.2556858687357077
R2,38,4,0.11594858186389176
R2,38,5,0.25820053429541906
R2,38,6,0.07601777885963187
R2,38,7,0.2352723400626724
R2,38,8,0.25805532972279377
R2,38,9,0.2306926196590907
R2,39,0,0.26439290003993415
R2,39,1,0.2544130149004312
R2,39,2,0.29222826247016626
R2,39,3,0.2645615003856336
R2,39,4,0.22334083880929864
R2,39,5,0.2901851090689122
R2,39,6,0.14315966921340773
R2,39,7,0.2597123608529339
R2,39,8,0.28032846046188575
R2,39,9,0.24606218939728725
R2,40,0,0.14330486962513717
R2,40,1,0.10769923678081841
R2,40,2,0.13295882987842134
R2,40,3,0.1257175954708673
R2,40,4,0.10339883147038968
R2,40,5,0.1354884752949457
R2,40,6,0.040771785543459976
R2,40,7,0.11061664318317618
R2,40,8,0.13516575996450586
R2,40,9,0.11185978094349251
R2,41,0,0.21944573566903977
R2,41,1,0.21557922166512675
R2,41,2,0.18753230608421045
R2,41,3,0.22833277147867503
R2,41,4,0.140107105988429
R2,41,5,0.2537683950882518
R2,41,6,0.0672348506439114
R2,41,7,0.21228155865719497
R2,41,8,0.2329327736167651
R2,41,9,0.19552937182948818
R2,42,0,0.07027655347216795
R2,42,1,0.1009867029827281
R2,42,2,0.0797038787879299
R2,42,3,0.048809444272983296
R2,42,4,0.07458647013948533
R2,42,5,0.06718132189019385
R2,42,6,0.04246743870219122
R2,42,7,0.10097873732107064
R2,42,8,0.0735882011227146
R2,42,9,0.09925231166355415
R2,43,0,0.22201595399060506
R2,43,1,0.26578472427252625
R2,43,2,0.20335446416462294
R2,43,3,0.2641384465361233
R2,43,4,0.17320904692438246
R2,43,5,0.284379966432706
R2,43,6,0.1108877176181084
R2,43,7,0.24683220754870822
R2,43,8,0.2677059879815837
R2,43,9,0.22958347630814738
R2,44,0,0.12263503052577061
R2,44,1,0.1260366805564468
R2,44,2,0.118893379195642
R2,44,3,0.10508414295686365
R2,44,4,0.12361313598333981
R2,44,5,0.11935042550192355
R2,44,6,0.13237230039801606
R2,44,7,0.14063530602871543
R2,44,8,0.12458019625461081
R2,44,9,0.14239783886585367
R2,45,0,0.09913153344577916
R2,45,1,0.07402621876639462
R2,45,2,0.10121227109762147
R2,45,3,0.11497425373300711
R2,45,4,0.0595887516343692
R2,45,5,0.11991495195790826
R2,45,6,0.028509108747915
R2,45,7,0.06471779836178965
R2,45,8,0.12812807452878175
R2,45,9,0.0638593836152927
R2,46,0,0.09020881511003113
R2,46,1,0.08761575556876934
R2,46,2,0.07787174397253735
R2,46,3,0.09291585992894166
R2,46,4,0.11298031448492521
R2,46,5,0.0893037844451234
R2,46,6,0.08677910530359491
R2,46,7,0.08843009403572717
R2,46,8,0.09461979624255244
R2,46,9,0.0902887423987949
R2,47,0,0.14521091058352745
R2,47,1,0.1304976400200389
R2,47,2,0.1366841490812572
R2,47,3,0.18615148755523359
R2,47,4,0.12751360456409583
R2,47,5,0.19076607814288946
R2,47,6,0.055257391146100066
R2,47,7,0.13226420771756253
R2,47,8,0.18590380708323515
R2,47,9,0.13111861486242432
R2,48,0,0.15392474676141596
R2,48,1,0.15030748181037537
R2,48,2,0.1589357946286376
R2,48,3,0.13127970065052222
R2,48,4,0.14347482019212637
R2,48,5,0.12086359978763601
R2,48,6,0.10006554875134309
R2,48,7,0.15622983418166522
R2,48,8,0.09763423555883369
R2,48,9,0.14464094083040374
R2,49,0,0.06486416841295965
R2,49,1,0.08379284942988098
R2,49,2,0.07029077367119321
R2,49,3,0.08537361179157689
R2,49,4,0.05562103263262164
R2,49,5,0.08672841407350866
R2,49,6,0.02229215977363275
R2,49,7,0.07580638917004506
R2,49,8,0.07838035997095216
R2,49,9,0.07013845175155607
R2,50,0,0.20207093808386944
R2,50,1,0.24618622717687993
R2,50,2,0.15817528000012107
R2,50,3,0.21627169558116674
R2,50,4,0.1733003605923217
R2,50,5,0.19657103798785655
R2,50,6,0.06995795289789958
R2,50,7,0.23668056194032
R2,50,8,0.14719766668776102
R2,50,9,0.23598254607355507
R2,51,0,0.1549849885470015
R2,51,1,0.1326994029718071
R2,51,2,0.15936045069072238
R2,51,3,0.13023026817003847
R2,51,4,0.13513023620341377
R2,51,5,0.11220846247166223
R2,51,6,0.11695325950541417
R2,51,7,0.137083883549818
R2,51,8,0.10944118521871765
R2,51,9,0.13519904535518676
R2,52,0,0.16191826675782153
R2,52,1,0.14758531526856888
R2,52,2,0.1503974812576372
R2,52,3,0.15688723176666888
R2,52,4,0.09960930689442982
R2,52,5,0.15753633131800793
R2,52,6,0.13699407462502258
R2,52,7,0.13742022196353137
R2,52,8,0.11725627083435781
R2,52,9,0.1288510639521025
R2,53,0,0.08157865739982137
R2,53,1,0.08526606217476494
R2,53,2,0.08103838637798857
R2,53,3,0.07560970719170178
R2,53,4,0.09047948481911378
R2,53,5,0.07499507776060944
R2,53,6,0.06302604915339147
R2,53,7,0.09078883367857045
R2,53,8,0.06729832106511646
R2,53,9,0.09081826505935237
R2,54,0,0.16371987319665418
R2,54,1,0.15113041851391723
R2,54,2,0.14717937123288022
R2,54,3,0.14450064851672112
R2,54,4,0.14642848069982894
R2,54,5,0.11921373228591627
R2,54,6,0.14201019089626646
R2,54,7,0.15635444957420513
R2,54,8,0.10573200336660743
R2,54,9,0.15558031485070206
R2,55,0,0.2597188880546038
R2,55,1,0.22235212797378556
R2,55,2,0.2488487468452644
R2,55,3,0.2436681266174442
R2,55,4,0.21046619970176522
R2,55,5,0.22204577317854782
R2,55,6,0.1938985042457427
R2,55,7,0.23329749698920016
R2,55,8,0.1958601994061592
R2,55,9,0.231369074323503
R2,56,0,0.15247582067146953
R2,56,1,0.15244831765630015
R2,56,2,0.1626868895486845
R2,56,3,0.15921109590696308
R2,56,4,0.1271059559084563
R2,56,5,0.18088413641500073
R2,56,6,0.06349101690301923
R2,56,7,0.14452889827817653
R2,56,8,0.15619934225932114
R2,56,9,0.13759165541413443
R2,57,0,0.11484838759037937
R2,57,1,0.0839308714834937
R2,57,2,0.10852789672336872
R2,57,3,0.13105635187656953
R2,57,4,0.08319207466104524
R2,57,5,0.14716353999851964
R2,57,6,0.054240488403850075
R2,57,7,0.0913851167290004
R2,57,8,0.20099110199771286
R2,57,9,0.08935084165308824
R2,58,0,0.21131537457871616
R2,58,1,0.17479567336258597
R2,58,2,0.18683347790637314
R2,58,3,0.23393817261043048
R2,58,4,0.11806750324628426
R2,58,5,0.24248792788779075
R2,58,6,0.10018049921062885
R2,58,7,0.1695464174204407
R2,58,8,0.2445106554751573
R2,58,9,0.16622930040665712
R2,59,0,0.08617203240329487
R2,59,1,0.06776989263545082
R2,59,2,0.09525880782187222
R2,59,3,0.13977003420693948
R2,59,4,0.07413362192181752
R2,59,5,0.16677803476135522
R2,59,6,0.041222441241098834
R2,59,7,0.06278829961781897
R2,59,8,0.14646918258714514
R2,59,9,0.06036984407568882
R2,60,0,0.10618191034154774
R2,60,1,0.11146415912047064
R2,60,2,0.12631883464648977
R2,60,3,0.10686920869131113
R2,60,4,0.07545102426929114
R2,60,5,0.11205720873525678
R2,60,6,0.04648533360392279
R2,60,7,0.10296685014539951
R2,60,8,0.11672962396650051
R2,60,9,0.10402784917589387
R2,61,0,0.14758380049336473
R2,61,1,0.12193017189544435
R2,61,2,0.12562995736200902
R2,61,3,0.16936968581751694
R2,61,4,0.07650562839405776
R2,61,5,0.17710518237880207
R2,61,6,0.015944208748541303
R2,61,7,0.10313034852121764
R2,61,8,0.16036309236994256
R2,61,9,0.09099059940827242
R2,62,0,0.059146477210021225
R2,62,1,0.030634450026774313
R2,62,2,0.039741089946477445
R2,62,3,0.06793740750491058
R2,62,4,0.02393783984321794
R2,62,5,0.07047703875106116
R2,62,6,0.01371934373827999
R2,62,7,0.0250514192467999
R2,62,8,0.03719255230398216
R2,62,9,0.026931750224349203
R2,63,0,0.08689370725207583
R2,63,1,0.0670296403281487
R2,63,2,0.07285451954773889
R2,63,3,0.10589830212908989
R2,63,4,0.044077168957762536
R2,63,5,0.10889946016075207
R2,63,6,0.01924321128916189
R2,63,7,0.05658202615924634
R2,63,8,0.10313680595757209
R2,63,9,0.049877291936628196
R2,64,0,0.07072006198593479
R2,64,1,0.06046932567231835
R2,64,2,0.06048146810791435
R2,64,3,0.07024149027049408
R2,64,4,0.05108005792609991
R2,64,5,0.05846374611872151
R2,64,6,0.0643876069129397
R2,64,7,0.05004241999933882
R2,64,8,0.05441525112649472
R2,64,9,0.047459226410557304
R2,65,0,0.07590405513319005
R2,65,1,0.0650689417480522
R2,65,2,0.06859095149408759
R2,65,3,0.06386463296571657
R2,65,4,0.057412410117028266
R2,65,5,0.06592993942341369
R2,65,6,0.030310193225854105
R2,65,7,0.04955694933440161
R2,65,8,0.08126015998869354
R2,65,9,0.05241790408108942
R2,66,0,0.12240088906396755
R2,66,1,0.12164597759359803
R2,66,2,0.09550822730257291
R2,66,3,0.15747541447866517
R2,66,4,0.043436654516568626
R2,66,5,0.16690123622856626
R2,66,6,0.014263999418946403
R2,66,7,0.09437059024141471
R2,66,8,0.12841035777529503
R2,66,9,0.07913250185205975
R2,67,0,0.12060746075526685
R2,67,1,0.1609977523283142
R2,67,2,0.12248927353730776
R2,67,3,0.11194416223636493
R2,67,4,0.18995661870820327
R2,67,5,0.10142759367308324
R2,67,6,0.1773441239605718
R2,67,7,0.16212914848680654
R2,67,8,0.07215040300541442
R2,67,9,0.16382874570342537
R2,68,0,0.030910734156503264
R2,68,1,0.03143461000457367
R2,68,2,0.03906359773398225
R2,68,3,0.03319300658286637
R2,68,4,0.02587885223561437
R2,68,5,0.042206409396104476
R2,68,6,0.008835796295647114
R2,68,7,0.029725376859416924
R2,68,8,0.017537906192668
R2,68,9,0.025989112064750693
R2,69,0,0.09255038137118196
R2,69,1,0.07804535387854057
R2,69,2,0.07067187370841826
R2,69,3,0.09963889555706752
R2,69,4,0.06479537120264213
R2,69,5,0.0964825295311464
R2,69,6,0.04244747883840016
R2,69,7,0.07343498059561447
R2,69,8,0.08461681995981231
R2,69,9,0.06383799297529306
R2,70,0,0.14402704466328464
R2,70,1,0.06419966527698201
R2,70,2,0.13970270438907784
R2,70,3,0.21811495230157285
R2,70,4,0.0860658150795875
R2,70,5,0.22128407956137386
R2,70,6,0.029947985503220045
R2,70,7,0.06562182867564367
R2,70,8,0.18409408999342272
R2,70,9,0.07649254934140712
R2,71,0,0.028357429222205664
R2,71,1,0.017934982321286
R2,71,2,0.03873436788775122
R2,71,3,0.029507225610439714
R2,71,4,0.021954053424289223
R2,71,5,0.03482554167849687
R2,71,6,0.013959338138243666
R2,71,7,0.01886103122725057
R2,71,8,0.05191678291832884
R2,71,9,0.017943615575622365
R2,72,0,0.1050985612593428
R2,72,1,0.07765971376197499
R2,72,2,0.09569727240525747
R2,72,3,0.09722424082788274
R2,72,4,0.0824643295073739
R2,72,5,0.08881866293636882
R2,72,6,0.05214079557750285
R2,72,7,0.0822354577216693
R2,72,8,0.08740560942434554
R2,72,9,0.08272354778972928
R2,73,0,0.07279300185380298
R2,73,1,0.05898175667822326
R2,73,2,0.06114664008875047
R2,73,3,0.0699656394630254
R2,73,4,0.040962314799460504
R2,73,5,0.06927394774927505
R2,73,6,0.008723410330226937
R2,73,7,0.0544991457516746
R2,73,8,0.049753198858983334
R2,73,9,0.04952865091235001
R2,74,0,0.0603708523221109
R2,74,1,0.05890755679151889
R2,74,2,0.05958055470565004
R2,74,3,0.0514883285668867
R2,74,4,0.04829743479262629
R2,74,5,0.04715047110523476
R2,74,6,0.022593906880517194
R2,74,7,0.06789810380452029
R2,74,8,0.039428351638106936
R2,74,9,0.06689268747746606
R2,75,0,0.06626868778331517
R2,75,1,0.06688221150995942
R2,75,2,0.06749754670321363
R2,75,3,0.05489114855174322
R2,75,4,0.040376146644068835
R2,75,5,0.057377910952524765
R2,75,6,0.060375379215571054
R2,75,7,0.05880878095197183
R2,75,8,0.05623498762298353
R2,75,9,0.05307246431945271
R2,76,0,0.15271434622753366
R2,76,1,0.12320834169099648
R2,76,2,0.1600278250325154
R2,76,3,0.1454124800452023
R2,76,4,0.10342013006379719
R2,76,5,0.14232847013345182
R2,76,6,0.11050221074558894
R2,76,7,0.12990047478903408
R2,76,8,0.13990931466969533
R2,76,9,0.13029523556029587
R2,77,0,0.09379740036031427
R2,77,1,0.07652192915032169
R2,77,2,0.1006887355335211
R2,77,3,0.10854756571279493
R2,77,4,0.06270522106960896
R2,77,5,0.10411363537176467
R2,77,6,0.036191652981896215
R2,77,7,0.07385309814429591
R2,77,8,0.14240712041159267
R2,77,9,0.07369149425992105
R2,78,0,0.15697727798191077
R2,78,1,0.11891954262733934
R2,78,2,0.14670128781019987
R2,78,3,0.13528531625928733
R2,78,4,0.10639312312084508
R2,78,5,0.13176661936194528
R2,78,6,0.06157811331481883
R2,78,7,0.12219043601472832
R2,78,8,0.10633594543811699
R2,78,9,0.12104965645170607
R2,79,0,0.11088581850517615
R2,79,1,0.11602041715261416
R2,79,2,0.1020879480801134
R2,79,3,0.11022127383538458
R2,79,4,0.09546859086080803
R2,79,5,0.11199180651671582
R2,79,6,0.020443009923712004
R2,79,7,0.11503301834669158
R2,79,8,0.08740783940230398
R2,79,9,0.11367254592337081
A12000,0,0,0.029134858709597217
A12000,0,1,0.018802841695565863
A12000,0,2,0.0773476178753367
A12000,0,3,0.023032226138233743
A12000,0,4,0.011120425655616191
A12000,0,5,0.019046863660735512
A12000,0,6,0.011835200987615153
A12000,0,7,0.03306330789588742
A12000,0,8,0.021140268831050673
A12000,0,9,0.022324731169771187
A12000,1,0,0.02056064523729229
A12000,1,1,0.07250390007223491
A12000,1,2,0.024367322850560348
A12000,1,3,0.028836813388288255
A12000,1,4,0.034379108845829884
A12000,1,5,0.05753245216880343
A12000,1,6,0.05348813049330496
A12000,1,7,0.053165381009306484
A12000,1,8,0.038449298989164736
A12000,1,9,0.02079475441383598
A12000,2,0,0.05315282600894969
A12000,2,1,0.03250822987798935
A12000,2,2,0.08081514173550067
A12000,2,3,0.11049263696702777
A12000,2,4,0.049921292254793616
A12000,2,5,0.05905419060294595
A12000,2,6,0.10342602789410484
A12000,2,7,0.12234147092963407
A12000,2,8,0.08837735389269145
A12000,2,9,0.0763753561876538
A12000,3,0,0.021561071576065894
A12000,3,1,0.03281934349263478
A12000,3,2,0.026702907288579714
A12000,3,3,0.022773286661967797
A12000,3,4,0.017456252926211512
A12000,3,5,0.01649202426530482
A12000,3,6,0.019179988444393285
A12000,3,7,0.13977643643502355
A12000,3,8,0.017103740654619972
A12000,3,9,0.06098611351678568
A12000,4,0,0.05705824158126713
A12000,4,1,0.046571316888132756
A12000,4,2,0.06998676323511237
A12000,4,3,0.022516030362559857
A12000,4,4,0.036906872111300594
A12000,4,5,0.021662742196032633
A12000,4,6,-0.0025507044831616756
A12000,4,7,0.01472594134580924
A12000,4,8,0.081744552549861
A12000,4,9,0.07439648884737149
A12000,5,0,0.014494095269232413
A12000,5,1,0.04613401597181154
A12000,5,2,0.0916022324333948
A12000,5,3,0.06811589870774404
A12000,5,4,0.07794731068885659
A12000,5,5,0.06876740196985248
A12000,5,6,0.02430884077534252
A12000,5,7,0.07450208160231116
A12000,5,8,0.014236871951437075
A12000,5,9,0.09220433460616506
A12000,6,0,0.061735165048978476
A12000,6,1,0.060312340204549945
A12000,6,2,0.04583491767800906
A12000,6,3,0.04376652870060388
A12000,6,4,0.06517722826012566
A12000,6,5,0.04542612794336805
A12000,6,6,0.03683269969891929
A12000,6,7,0.0346999655404056
A12000,6,8,0.0598058714865147
A12000,6,9,0.03374749748217829
A12000,7,0,0.010462782654074552
A12000,7,1,0.047994136489898545
A12000,7,2,0.04000248536500135
A12000,7,3,0.024958919973590402
A12000,7,4,0.09239319450017155
A12000,7,5,0.036925272616568215
A12000,7,6,0.03717464967314323
A12000,7,7,0.03781571432760039
A12000,7,8,0.046638000083098034
A12000,7,9,0.054138884993154626
A12000,8,0,0.02398928673841126
A12000,8,1,0.02373075232479026
A12000,8,2,0.025925570263964488
A12000,8,3,0.03873207131586785
A12000,8,4,0.055452623251100085
A12000,8,5,0.045161494056503104
A12000,8,6,0.028356140713151515
A12000,8,7,0.02951650646103459
A12000,8,8,0.059868244272063595
A12000,8,9,0.04284254238323416
A12000,9,0,0.0177519109032966
A12000,9,1,0.02947009894434808
A12000,9,2,0.06540741952544302
A12000,9,3,0.032997245224113556
A12000,9,4,0.04622469335979479
A12000,9,5,0.05490780881691814
A12000,9,6,0.02820850499257786
A12000,9,7,0.09428718658441988
A12000,9,8,0.029680961713547678
A12000,9,9,0.04719742964549603
A12000,10,0,0.02503335943057964
A12000,10,1,0.0456289587221742
A12000,10,2,0.03539650414297666
A12000,10,3,0.028111182922457453
A12000,10,4,0.005978152945071064
A12000,10,5,0.0020928251849633463
A12000,10,6,0.013834908157588373
A12000,10,7,0.022340869729432642
A12000,10,8,0.06491285770984749
A12000,10,9,0.01531644471425227
A12000,11,0,0.04370511702652247
A12000,11,1,0.03917517205049132
A12000,11,2,0.041625097687193635
A12000,11,3,0.014134729299279754
A12000,11,4,0.009760184011117922
A12000,11,5,0.023421327661894663
A12000,11,6,0.03141456259297016
A12000,11,7,0.027911864797404772
A12000,11,8,0.05438835857309532
A12000,11,9,0.03373945671909117
A12000,12,0,0.023381644817609945
A12000,12,1,0.015739010232598712
A12000,12,2,0.010032525070519827
A12000,12,3,0.02681585925551218
A12000,12,4,0.029458245882672426
A12000,12,5,0.012232462265666221
A12000,12,6,0.018932818716003802
A12000,12,7,0.009514211693512674
A12000,12,8,0.003686173098684575
A12000,12,9,0.024188669914212042
A12000,13,0,0.06367698609585075
A12000,13,1,0.013216053201965911
A12000,13,2,0.07468888935629649
A12000,13,3,0.018254807467404627
A12000,13,4,0.0357331081936302
A12000,13,5,0.046072214940510225
A12000,13,6,0.034970442293029626
A12000,13,7,0.08064490962623175
A12000,13,8,0.009434453930242899
A12000,13,9,0.05516678801643735
A12000,14,0,0.011023854547079588
A12000,14,1,0.0042189604608379415
A12000,14,2,0.008857271038530191
A12000,14,3,0.025350721517581852
A12000,14,4,0.02293981019658965
A12000,14,5,0.023885569814703106
A12000,14,6,0.013619410141718434
A12000,14,7,0.010079806088656213
A12000,14,8,0.009886378853022416
A12000,14,9,0.013660049421714055
A12000,15,0,0.029797523264926035
A12000,15,1,0.006301274092992973
A12000,15,2,0.0056823026860962226
A12000,15,3,0.007750491534441667
A12000,15,4,0.01838384543130904
A12000,15,5,0.044052886366327704
A12000,15,6,-0.014133662053014412
A12000,15,7,0.024549518675683623
A12000,15,8,0.05539666206484688
A12000,15,9,0.00798774937228735
A12000,16,0,0.01864457901172799
A12000,16,1,0.01673381239233045
A12000,16,2,0.018945512234859498
A12000,16,3,0.037915433489735556
A12000,16,4,0.036162540527721825
A12000,16,5,0.06661782400339726
A12000,16,6,0.043825460039247005
A12000,16,7,0.04103441475143663
A12000,16,8,0.031965392999379824
A12000,16,9,0.047693689572495174
A12000,17,0,0.001977926039992105
A12000,17,1,0.03259829410274361
A12000,17,2,0.018378046636957378
A12000,17,3,0.026879331568920795
A12000,17,4,0.03093310142677407
A12000,17,5,0.028803447115614625
A12000,17,6,0.018102624808325665
A12000,17,7,0.038326968033376305
A12000,17,8,0.021784968033523415
A12000,17,9,0.019285923672382063
A12000,18,0,0.02091252342028587
A12000,18,1,0.017460316975520907
A12000,18,2,0.031211758322935438
A12000,18,3,0.06837883484065764
A12000,18,4,0.01513665561935195
A12000,18,5,0.008352497964163444
A12000,18,6,0.044874418307343164
A12000,18,7,0.02711932703770195
A12000,18,8,0.06014140839957848
A12000,18,9,0.002151992594627706
A12000,19,0,0.03588421323190052
A12000,19,1,0.02817572348603199
A12000,19,2,0.023303911791421616
A12000,19,3,0.023027638108809062
A12000,19,4,0.029027270661053775
A12000,19,5,0.0323572967829648
A12000,19,6,0.03079067726054958
A12000,19,7,0.02890416060069543
A12000,19,8,0.031205235517211376
A12000,19,9,0.08414576025166981
A12000,20,0,0.0668526241538237
A12000,20,1,0.04346199661010917
A12000,20,2,0.007905901404561731
A12000,20,3,0.04406403264104596
A12000,20,4,0.018783496656341863
A12000,20,5,0.02974932217622625
A12000,20,6,0.04657218200120253
A12000,20,7,0.013061020270148844
A12000,20,8,0.06530525745680965
A12000,20,9,0.07545426214002204
A12000,21,0,0.07658162139341967
A12000,21,1,0.0759737224739084
A12000,21,2,0.053558176250586155
A12000,21,3,0.05416646385054641
A12000,21,4,0.0397072724082908
A12000,21,5,0.06829130943531139
A12000,21,6,0.08545103988789196
A12000,21,7,0.025689808354945266
A12000,21,8,0.03735767390779646
A12000,21,9,0.06222818164466915
A12000,22,0,0.06685533568306723
A12000,22,1,0.004901880956455568
A12000,22,2,0.03896346419105958
A12000,22,3,0.08304293203014858
A12000,22,4,0.04951766455121941
A12000,22,5,0.07923659018685975
A12000,22,6,0.030716880226590266
A12000,22,7,0.041220730945531595
A12000,22,8,0.017087831087354458
A12000,22,9,0.045410894376591536
A12000,23,0,0.029499168232465327
A12000,23,1,0.02551716219956401
A12000,23,2,0.026125295215737632
A12000,23,3,0.015350530875164919
A12000,23,4,0.0351582712768029
A12000,23,5,0.02657157105102974
A12000,23,6,0.05846225915085529
A12000,23,7,0.001523669879304495
A12000,23,8,0.040274579600386634
A12000,23,9,0.015405529301693343
A12000,24,0,0.06394660417382421
A12000,24,1,0.06010307207498862
A12000,24,2,0.0364937341641329
A12000,24,3,0.0886800965871356
A12000,24,4,0.12800817349604784
A12000,24,5,0.12847498203499005
A12000,24,6,0.06914863469908016
A12000,24,7,0.057486641058491966
A12000,24,8,0.03763395788447733
A12000,24,9,0.05483266763435671
A12000,25,0,0.016254425593168698
A12000,25,1,0.016762028064527125
A12000,25,2,0.04162723400146393
A12000,25,3,0.06594094242269537
A12000,25,4,0.01505062030234502
A12000,25,5,0.035436383344690514
A12000,25,6,0.03455725057757634
A12000,25,7,0.053941710355319555
A12000,25,8,0.04119467588482239
A12000,25,9,0.054888776836257105
A12000,26,0,0.05544751346301171
A12000,26,1,0.05162211391820002
A12000,26,2,0.061263466655955216
A12000,26,3,0.016574474732946997
A12000,26,4,0.10587758344681514
A12000,26,5,0.0283066518249115
A12000,26,6,0.04470895053604067
A12000,26,7,0.0684886654444639
A12000,26,8,0.05458412938969106
A12000,26,9,0.030753106579503583
A12000,27,0,0.025078568168150826
A12000,27,1,0.013718033973993356
A12000,27,2,0.01800729255256024
A12000,27,3,0.010352971927387395
A12000,27,4,0.024732542431950017
A12000,27,5,0.029911945158641262
A12000,27,6,0.037633205286507605
A12000,27,7,0.014968905410958848
A12000,27,8,0.03159577635820979
A12000,27,9,0.04347022205821545
A12000,28,0,0.08252274574343302
A12000,28,1,0.03890401559538348
A12000,28,2,0.021214743300726095
A12000,28,3,0.02430020538076814
A12000,28,4,0.041167110916271
A12000,28,5,0.04647785111363623
A12000,28,6,0.10856667209791405
A12000,28,7,0.05662782562117056
A12000,28,8,0.029720190688569268
A12000,28,9,0.0411394005378708
A12000,29,0,0.024703673387071134
A12000,29,1,0.024029045942901003
A12000,29,2,0.059271739008481955
A12000,29,3,0.030981738993847957
A12000,29,4,0.003942263914402983
A12000,29,5,0.06797590144276276
A12000,29,6,0.02498807349187782
A12000,29,7,0.06187786750176192
A12000,29,8,0.023532640902617866
A12000,29,9,0.0796118619765604
A12000,30,0,0.03979459793615675
A12000,30,1,0.02881583630421005
A12000,30,2,0.0685969939184043
A12000,30,3,0.04410838144247609
A12000,30,4,0.037523936068317436
A12000,30,5,0.04986661681012405
A12000,30,6,0.026976917518734645
A12000,30,7,0.02014366437134085
A12000,30,8,0.05022949708778816
A12000,30,9,0.0344039079235555
A12000,31,0,0.036755570640695547
A12000,31,1,0.021332942476304365
A12000,31,2,0.12156486943652894
A12000,31,3,0.053883525398422415
A12000,31,4,0.0693376133324407
A12000,31,5,0.01708025376088449
A12000,31,6,0.061465484877262735
A12000,31,7,0.022215876687482167
A12000,31,8,0.022835417878695755
A12000,31,9,0.03273515730282349
A12000,32,0,0.07366741314409665
A12000,32,1,0.015148682910804543
A12000,32,2,0.03958632596785376
A12000,32,3,0.02616345853570204
A12000,32,4,0.052987189035591145
A12000,32,5,0.03307966588820391
A12000,32,6,0.015528164198227635
A12000,32,7,0.08256700286801796
A12000,32,8,0.057281335236991276
A12000,32,9,0.029536939044208097
A12000,33,0,0.022656936393458945
A12000,33,1,0.09065385588234387
A12000,33,2,0.07471637473273458
A12000,33,3,0.0780990636174003
A12000,33,4,0.07304841997810091
A12000,33,5,0.050010619689134846
A12000,33,6,0.10147581291275441
A12000,33,7,0.020685387921848188
A12000,33,8,0.07244503229096894
A12000,33,9,0.016162989982247425
A12000,34,0,0.025480907509649726
A12000,34,1,0.035839603414502264
A12000,34,2,0.044587109900346034
A12000,34,3,0.025440815476634602
A12000,34,4,0.029180425038687847
A12000,34,5,0.02065344107887359
A12000,34,6,0.03317805626398593
A12000,34,7,0.06628539855004065
A12000,34,8,0.03317972660299044
A12000,34,9,0.03515985112105832
A12000,35,0,0.05748316524212315
A12000,35,1,0.03660927817457909
A12000,35,2,0.019287873685850186
A12000,35,3,0.03975470890906554
A12000,35,4,0.08692065146117318
A12000,35,5,0.04871882332471869
A12000,35,6,0.05545681683901768
A12000,35,7,0.04035586737115215
A12000,35,8,0.04970107428792404
A12000,35,9,0.030291409480972104
A12000,36,0,0.1364695956533184
A12000,36,1,0.028295505722175207
A12000,36,2,0.041960704832867526
A12000,36,3,0.0525760284225667
A12000,36,4,0.0683461925269666
A12000,36,5,0.15813364111274
A12000,36,6,0.06840656763237382
A12000,36,7,0.032615554031533975
A12000,36,8,0.016765608071549924
A12000,36,9,0.04437620470112493
A12000,37,0,0.025040902209145406
A12000,37,1,0.006551074161844048
A12000,37,2,0.058755947396060285
A12000,37,3,0.06353400695894401
A12000,37,4,0.09739328662997028
A12000,37,5,0.05513378636331228
A12000,37,6,0.012956602582555123
A12000,37,7,0.04097432923290872
A12000,37,8,0.10968004732522398
A12000,37,9,0.052221538001560874
A12000,38,0,0.021054945430069118
A12000,38,1,0.03692705192861914
A12000,38,2,0.04896289193893993
A12000,38,3,0.09343596710900327
A12000,38,4,0.013900303165490839
A12000,38,5,0.012787764050470583
A12000,38,6,0.031172968902318493
A12000,38,7,0.054682270232734635
A12000,38,8,0.1293200628274841
A12000,38,9,0.053879223626905136
A12000,39,0,0.14244839166789647
A12000,39,1,0.02549420565916354
A12000,39,2,0.041417320622936245
A12000,39,3,0.04855487638233879
A12000,39,4,0.07885259304877078
A12000,39,5,0.06849976983700105
A12000,39,6,0.003942833477223787
A12000,39,7,0.018671375978346883
A12000,39,8,0.07095304731404056
A12000,39,9,0.0966033788097234
A12000,40,0,0.054172773514865324
A12000,40,1,0.0343360429453925
A12000,40,2,0.05425016291247063
A12000,40,3,0.021916749058888855
A12000,40,4,0.0265311390177303
A12000,40,5,0.02118412082730143
A12000,40,6,0.0558694578952037
A12000,40,7,0.044771985550514905
A12000,40,8,0.019986508386874473
A12000,40,9,0.1744928188167113
A12000,41,0,0.04220499675802465
A12000,41,1,0.10229927642500534
A12000,41,2,0.06636487316099704
A12000,41,3,0.02586116932587117
A12000,41,4,0.0501550351340094
A12000,41,5,0.060776529372434725
A12000,41,6,0.060586945096271626
A12000,41,7,0.12136123650889219
A12000,41,8,0.1308430157233303
A12000,41,9,0.007164901713956989
A12000,42,0,0.03356268583504991
A12000,42,1,0.02757651596483906
A12000,42,2,0.07874650076716434
A12000,42,3,0.03940659874906583
A12000,42,4,0.028075628112665073
A12000,42,5,0.009620892563366755
A12000,42,6,0.06624975097551761
A12000,42,7,0.017947907287723452
A12000,42,8,0.07622768008094916
A12000,42,9,0.037309455587566924
A12000,43,0,0.02016826220956589
A12000,43,1,0.03887267293479501
A12000,43,2,0.053928286542517884
A12000,43,3,0.00631718952030698
A12000,43,4,0.021380256817928406
A12000,43,5,0.07730375364295598
A12000,43,6,0.054681159617645275
A12000,43,7,0.05425379462827186
A12000,43,8,0.02796169322599415
A12000,43,9,0.05721414737871937
A12000,44,0,0.05301304185766854
A12000,44,1,0.09041101215803843
A12000,44,2,0.036381170935105095
A12000,44,3,0.03728547768536417
A12000,44,4,0.04670579216495752
A12000,44,5,0.04193333413416096
A12000,44,6,0.058992184716163576
A12000,44,7,0.06958926813328485
A12000,44,8,0.060786657611053146
A12000,44,9,0.06780024306255475
A12000,45,0,0.06471684170453024
A12000,45,1,0.08719422563482664
A12000,45,2,0.04115726877717865
A12000,45,3,0.055120822765458266
A12000,45,4,0.07612666528831434
A12000,45,5,0.07138533368504618
A12000,45,6,0.05681549570461535
A12000,45,7,0.08330798694342414
A12000,45,8,0.05114683579747975
A12000,45,9,0.10083833772039724
A12000,46,0,0.029868768083574096
A12000,46,1,0.03841533284493768
A12000,46,2,0.03950564450959838
A12000,46,3,0.043200405494995285
A12000,46,4,0.027873126731504966
A12000,46,5,0.021598615820713367
A12000,46,6,0.04082315340433465
A12000,46,7,0.07877810209366137
A12000,46,8,0.06350690830310173
A12000,46,9,0.0368743347176303
A12000,47,0,0.09321753129132049
A12000,47,1,0.07397284641133568
A12000,47,2,0.059709482492469525
A12000,47,3,0.11271669954763208
A12000,47,4,0.05010703711053423
A12000,47,5,0.0953985220690835
A12000,47,6,0.06744105042536813
A12000,47,7,0.0619162778992583
A12000,47,8,0.05676203442214807
A12000,47,9,0.07390069715174699
A12000,48,0,0.03326957302967824
A12000,48,1,0.0051314477867988465
A12000,48,2,0.06818958605956457
A12000,48,3,0.09019646585583124
A12000,48,4,0.029620927926888637
A12000,48,5,0.08779849590834736
A12000,48,6,0.12106200163917706
A12000,48,7,0.01551496392578831
A12000,48,8,0.09796823361995761
A12000,48,9,0.037258143618729346
A12000,49,0,0.016087544372736115
A12000,49,1,0.023156760177681857
A12000,49,2,0.011166386744817151
A12000,49,3,0.018287489529054523
A12000,49,4,0.03542185196055637
A12000,49,5,0.05228184831504046
A12000,49,6,0.041313013196738566
A12000,49,7,0.012027039306075982
A12000,49,8,0.04744313074141965
A12000,49,9,0.057247318574393476
A12000,50,0,0.013004718400263793
A12000,50,1,0.020980520735110676
A12000,50,2,-0.006112468744862265
A12000,50,3,0.03358549117496187
A12000,50,4,0.020702067141604715
A12000,50,5,0.04099354765300185
A12000,50,6,0.019192132963128238
A12000,50,7,0.0642430295136994
A12000,50,8,0.05543708758136552
A12000,50,9,0.057747342527949545
A12000,51,0,0.034665621844621075
A12000,51,1,0.03556686908187264
A12000,51,2,0.04368250360410025
A12000,51,3,0.037400163502971914
A12000,51,4,0.004078398710620306
A12000,51,5,0.028058123546304454
A12000,51,6,0.053963508859960437
A12000,51,7,0.07753858480140342
A12000,51,8,0.027877845613423536
A12000,51,9,0.0077654104469160766
A12000,52,0,0.01785665721864018
A12000,52,1,0.010111564103871989
A12000,52,2,0.021449192748380867
A12000,52,3,0.03524587845215671
A12000,52,4,0.024388960759081854
A12000,52,5,0.0029630693772276094
A12000,52,6,0.033167701681678395
A12000,52,7,0.05652228774126754
A12000,52,8,0.01552507217504838
A12000,52,9,0.00631147950137115
A12000,53,0,0.01438606680473874
A12000,53,1,0.016134385666449244
A12000,53,2,0.013927094215282149
A12000,53,3,0.012105031244249314
A12000,53,4,0.01510673488911904
A12000,53,5,0.01882022683178009
A12000,53,6,0.005067153383111078
A12000,53,7,0.006354566591336276
A12000,53,8,0.0211078690605517
A12000,53,9,0.008069408111066337
A12000,54,0,0.028811641997550253
A12000,54,1,0.012109686237856085
A12000,54,2,0.028831836032217714
A12000,54,3,0.03409138216278764
A12000,54,4,0.023430454518522027
A12000,54,5,0.028009384922447294
A12000,54,6,0.017058122726340916
A12000,54,7,0.061703107039473536
A12000,54,8,0.029634702524176403
A12000,54,9,0.04599220376805077
A12000,55,0,0.014285236552002726
A12000,55,1,0.027242011291812016
A12000,55,2,0.04428284061483918
A12000,55,3,0.027880634364292205
A12000,55,4,0.045153411386137154
A12000,55,5,0.040564096634141664
A12000,55,6,0.011769841458137252
A12000,55,7,0.07416907237773475
A12000,55,8,0.022912869759907716
A12000,55,9,0.05360670327780656
A12000,56,0,0.09254558498394616
A12000,56,1,0.08074131118002834
A12000,56,2,0.060535684611153544
A12000,56,3,0.05631561211258356
A12000,56,4,0.052017776964190104
A12000,56,5,0.06068526309005517
A12000,56,6,0.07503087660698428
A12000,56,7,0.03508122070390409
A12000,56,8,0.04013015527643641
A12000,56,9,0.031643654153518275
A12000,57,0,0.022283644476398058
A12000,57,1,0.03972140896480237
A12000,57,2,0.1265210230955567
A12000,57,3,0.07928553981700066
A12000,57,4,0.030403544459649608
A12000,57,5,0.09118221273364772
A12000,57,6,0.08801501631877028
A12000,57,7,0.07457200133121242
A12000,57,8,0.04002683455140324
A12000,57,9,0.0670974702858123
A12000,58,0,0.05400242904495845
A12000,58,1,0.07137665687344193
A12000,58,2,0.07810818991966119
A12000,58,3,0.03893224590703147
A12000,58,4,0.004392139803009992
A12000,58,5,0.0687911997675961
A12000,58,6,0.06401183182779228
A12000,58,7,0.07919636321316219
A12000,58,8,0.053813753176712636
A12000,58,9,0.07813473217408955
A12000,59,0,0.03193661197433182
A12000,59,1,0.004100546055462101
A12000,59,2,0.06348034236280335
A12000,59,3,0.040342742066270795
A12000,59,4,-0.005572896608828496
A12000,59,5,-0.004278534788054555
A12000,59,6,0.06793187985640274
A12000,59,7,0.06848969375844353
A12000,59,8,0.030245415895395908
A12000,59,9,0.0805035277570433
A12000,60,0,0.03643807803639198
A12000,60,1,0.054088735219796034
A12000,60,2,0.0499559936903644
A12000,60,3,0.042131876609330904
A12000,60,4,0.05660378826117213
A12000,60,5,0.05229793098184857
A12000,60,6,0.01612139699310511
A12000,60,7,0.04030821647458668
A12000,60,8,0.01922312124075322
A12000,60,9,0.053240957608260225
A12000,61,0,0.021290837511085736
A12000,61,1,0.015895935499527645
A12000,61,2,0.0180792156384912
A12000,61,3,0.014074340575385775
A12000,61,4,0.03783688938523719
A12000,61,5,0.04274550960291708
A12000,61,6,0.044808105835324775
A12000,61,7,0.02872755827464986
A12000,61,8,0.04127669714800973
A12000,61,9,0.08983183585282424
A12000,62,0,0.026831207932745817
A12000,62,1,0.011605787386792023
A12000,62,2,0.01735012590666208
A12000,62,3,0.024303070727892565
A12000,62,4,0.026569348245942138
A12000,62,5,0.014746640729733008
A12000,62,6,0.08994146154698454
A12000,62,7,0.024492285742927437
A12000,62,8,0.048804098976874696
A12000,62,9,0.021357567886255552
A12000,63,0,0.01073229700036106
A12000,63,1,0.016029101415975532
A12000,63,2,0.020584149975613128
A12000,63,3,0.038147738384638315
A12000,63,4,0.04781631477664844
A12000,63,5,0.012749184596583103
A12000,63,6,0.023173783325303222
A12000,63,7,0.05047845804088896
A12000,63,8,0.005751633129493815
A12000,63,9,0.028052209984063877
A12000,64,0,0.040339141173763554
A12000,64,1,0.062387543434390125
A12000,64,2,0.01796748061688858
A12000,64,3,0.023731724396681454
A12000,64,4,0.03729171514590798
A12000,64,5,0.04387335063206394
A12000,64,6,0.01753935009296584
A12000,64,7,0.05760465973579881
A12000,64,8,0.08477145084321909
A12000,64,9,0.053982915952089455
A12000,65,0,0.05555239906387187
A12000,65,1,0.02665089879202729
A12000,65,2,0.12075245803020601
A12000,65,3,0.07781643657471884
A12000,65,4,0.01999334911869296
A12000,65,5,0.046938215520671456
A12000,65,6,0.03410867151821781
A12000,65,7,0.03469123890189249
A12000,65,8,0.04312777580042514
A12000,65,9,0.022358862041273967
A12000,66,0,0.01812501549299273
A12000,66,1,0.039298236345698775
A12000,66,2,0.02833537819054544
A12000,66,3,0.021301194544860028
A12000,66,4,0.014297219092006567
A12000,66,5,0.03711313117276044
A12000,66,6,0.02465844528708089
A12000,66,7,0.02646926425158277
A12000,66,8,0.057950922413502505
A12000,66,9,0.026484772008082455
A12000,67,0,0.05343022395977627
A12000,67,1,0.07182753764600312
A12000,67,2,0.024200417819526567
A12000,67,3,0.027132799404955114
A12000,67,4,0.03676871679576522
A12000,67,5,0.030468179718658915
A12000,67,6,0.0364419288520766
A12000,67,7,0.04540957663692079
A12000,67,8,0.061098597758671234
A12000,67,9,0.01948144101400835
A12000,68,0,0.037423263069077964
A12000,68,1,0.046495882411555375
A12000,68,2,0.043631641460818216
A12000,68,3,0.015523489725095756
A12000,68,4,0.06486245248955544
A12000,68,5,0.08889105478426597
A12000,68,6,0.023160696807163914
A12000,68,7,0.053866123398004916
A12000,68,8,0.07490724176513976
A12000,68,9,0.01737708229777056
A12000,69,0,0.016154338162994112
A12000,69,1,0.027099389303591518
A12000,69,2,0.014412589844387227
A12000,69,3,0.042678003879483416
A12000,69,4,0.022761946207291932
A12000,69,5,0.022478727232465197
A12000,69,6,0.017320685478266793
A12000,69,7,0.019387848038438942
A12000,69,8,0.038143997089067044
A12000,69,9,0.026736494272661296
A12000,70,0,0.029676542826334078
A12000,70,1,0.040065299310392224
A12000,70,2,0.030296828944290265
A12000,70,3,0.03358996860952082
A12000,70,4,0.053689343421908495
A12000,70,5,0.026585952701071523
A12000,70,6,0.029349670652074278
A12000,70,7,0.03871035596008439
A12000,70,8,0.012459701441471505
A12000,70,9,0.04754665211542666
A12000,71,0,0.04728520908693922
A12000,71,1,0.03703652526453371
A12000,71,2,0.05547911099040765
A12000,71,3,0.12193415541519938
A12000,71,4,0.05123736293289003
A12000,71,5,0.0427686434345525
A12000,71,6,0.035967709072227246
A12000,71,7,0.045883792597854293
A12000,71,8,0.12656695906417695
A12000,71,9,0.07156171890084878
A12000,72,0,0.055735433213650515
A12000,72,1,0.022515213009519294
A12000,72,2,0.031883041277570065
A12000,72,3,0.015183419115518399
A12000,72,4,0.048506564978217134
A12000,72,5,0.03250333362746469
A12000,72,6,0.037827144263564816
A12000,72,7,0.03927183670490333
A12000,72,8,0.033011614905770884
A12000,72,9,0.016089779184952403
A12000,73,0,0.022918620000999947
A12000,73,1,0.013883627136693341
A12000,73,2,0.013327641841182618
A12000,73,3,0.025583297977969856
A12000,73,4,0.023356663975506425
A12000,73,5,0.009340109852394246
A12000,73,6,0.010943799677537442
A12000,73,7,0.04211597748005603
A12000,73,8,0.030111197740386588
A12000,73,9,0.020797738883482166
A12000,74,0,0.012643843952649165
A12000,74,1,0.02196802559903601
A12000,74,2,0.023977400279006487
A12000,74,3,0.012862362055488337
A12000,74,4,0.003296025271281266
A12000,74,5,0.012243863031532567
A12000,74,6,0.0024309489389249418
A12000,74,7,0.02189561129521609
A12000,74,8,0.021621422016351997
A12000,74,9,0.01287948497503243
A12000,75,0,0.0196361268428064
A12000,75,1,0.006533149400281749
A12000,75,2,0.013426514997741439
A12000,75,3,0.025313883688840896
A12000,75,4,0.02799354469055872
A12000,75,5,0.009724503648497975
A12000,75,6,0.02001253776259653
A12000,75,7,0.018502005079919524
A12000,75,8,0.026528676388542678
A12000,75,9,0.01800882851279303
A12000,76,0,0.04653743393104909
A12000,76,1,0.060153392308750754
A12000,76,2,0.05368950896456874
A12000,76,3,0.05062623537469411
A12000,76,4,0.06081695361648188
A12000,76,5,0.06854125218331138
A12000,76,6,0.049458078160862
A12000,76,7,0.0364069935678641
A12000,76,8,0.05581524708850429
A12000,76,9,0.032532441147835954
A12000,77,0,0.05140214496775172
A12000,77,1,0.09168963540999284
A12000,77,2,0.03727150340350999
A12000,77,3,0.03253639006606265
A12000,77,4,0.02587269563395222
A12000,77,5,0.02369693385867961
A12000,77,6,0.07313910411210396
A12000,77,7,0.03707116759881295
A12000,77,8,0.045268760886795024
A12000,77,9,0.014209493567427482
A12000,78,0,0.014379511206817977
A12000,78,1,0.03572096484827703
A12000,78,2,0.017611978312921814
A12000,78,3,0.05150034481381751
A12000,78,4,0.020068449954858226
A12000,78,5,0.02300539350594325
A12000,78,6,0.02858479674171778
A12000,78,7,0.01165933754980041
A12000,78,8,0.032190087012418246
A12000,78,9,0.03372171156886554
A12000,79,0,0.04433944792909395
A12000,79,1,0.03588099668355487
A12000,79,2,0.013630389208848822
A12000,79,3,0.06833642309277783
A12000,79,4,0.07203252859705164
A12000,79,5,0.010378230911942683
A12000,79,6,0.018552530342066387
A12000,79,7,0.0935574223320856
A12000,79,8,0.06210236911852236
A12000,79,9,0.0463878483447818
T0,0,0,0.028638588984521797
T0,0,1,0.018439172349271917
T0,0,2,0.01890421957242769
T0,0,3,0.04152361212256844
T0,0,4,0.02793832128313679
T0,0,5,0.0654467674837425
T0,0,6,0.042381512870277784
T0,0,7,0.04562736340238391
T0,0,8,0.03134043419958148
T0,0,9,0.028594831091455445
T0,1,0,0.047994546047632126
T0,1,1,0.03185242572186624
T0,1,2,0.08921753335646988
T0,1,3,0.031439197105737705
T0,1,4,0.06992627968083816
T0,1,5,0.06158386329879509
T0,1,6,0.134763339919184
T0,1,7,0.019150909216943287
T0,1,8,0.05374857642505018
T0,1,9,0.05325777220050717
T0,2,0,0.046369096176389686
T0,2,1,0.03307425697816604
T0,2,2,0.03344294043795248
T0,2,3,0.05626406642768637
T0,2,4,0.036670603071049454
T0,2,5,0.027688262590810517
T0,2,6,0.08395051620577243
T0,2,7,0.11702475755652833
T0,2,8,0.08468013557393103
T0,2,9,0.042738622188797155
T0,3,0,0.0992687672349072
T0,3,1,0.048485875677936455
T0,3,2,0.024986955831951776
T0,3,3,0.07625563821709434
T0,3,4,0.029396899908806676
T0,3,5,0.048614954753216234
T0,3,6,0.08779274022903753
T0,3,7,0.0270623275189673
T0,3,8,0.049174177961990216
T0,3,9,0.04281122172482292
T0,4,0,0.13945386840061927
T0,4,1,0.09761557945269139
T0,4,2,0.13971871380445816
T0,4,3,0.09123959477540163
T0,4,4,0.07851989196500501
T0,4,5,0.1539279943121682
T0,4,6,0.05863010405149021
T0,4,7,0.11087140618867379
T0,4,8,0.16592573505281802
T0,4,9,0.1594557305695675
T0,5,0,0.10612472254905674
T0,5,1,0.13072463715249585
T0,5,2,0.1030813604086337
T0,5,3,0.12835782470308532
T0,5,4,0.16138648494433358
T0,5,5,0.09974454077741227
T0,5,6,0.11469399526205123
T0,5,7,0.1286796366298296
T0,5,8,0.09189112574679711
T0,5,9,0.13063888341622268
T0,6,0,0.09735202351826616
T0,6,1,0.09532295851081558
T0,6,2,0.07692068648786436
T0,6,3,0.09610885862526951
T0,6,4,0.09783868082421904
T0,6,5,0.06529093279805803
T0,6,6,0.08971382297314566
T0,6,7,0.06159889937317256
T0,6,8,0.0794529499307124
T0,6,9,0.0695908257836609
T0,7,0,0.0956456320621703
T0,7,1,0.12975012372436573
T0,7,2,0.08386425754314064
T0,7,3,0.09882937395001232
T0,7,4,0.11517850172308773
T0,7,5,0.07867941216250063
T0,7,6,0.09981150213006278
T0,7,7,0.09722505387655833
T0,7,8,0.1506817962320051
T0,7,9,0.11339158073791257
T0,8,0,0.04947468553432881
T0,8,1,0.05282283733237943
T0,8,2,0.07264892447694124
T0,8,3,0.06081252255629624
T0,8,4,0.0804984694032224
T0,8,5,0.05846269090718382
T0,8,6,0.05545454363353665
T0,8,7,0.07149621545105106
T0,8,8,0.09433374133561312
T0,8,9,0.05882774147760105
T0,9,0,0.08581419776219792
T0,9,1,0.07787738780182596
T0,9,2,0.10846382635212892
T0,9,3,0.06476765273913135
T0,9,4,0.07985836398749942
T0,9,5,0.07253931848099704
T0,9,6,0.07745583358036633
T0,9,7,0.08271305390528483
T0,9,8,0.056274843774177706
T0,9,9,0.06432334686412372
T0,10,0,0.0633472476827957
T0,10,1,0.07677451136396665
T0,10,2,0.09659325246996935
T0,10,3,0.06485428084326247
T0,10,4,0.036086284770053455
T0,10,5,0.04879195804909568
T0,10,6,0.06754046984089764
T0,10,7,0.05484254617042116
T0,10,8,0.10614625309928533
T0,10,9,0.04286314699644993
T0,11,0,0.10963821863861273
T0,11,1,0.1186210212895363
T0,11,2,0.14653509972843073
T0,11,3,0.067294316477867
T0,11,4,0.10664028221968984
T0,11,5,0.057116289116774806
T0,11,6,0.09111724557463384
T0,11,7,0.06119241136690258
T0,11,8,0.14983033291454723
T0,11,9,0.0996329443545244
T0,12,0,0.03682054219143662
T0,12,1,0.03732202045237992
T0,12,2,0.038701080482627916
T0,12,3,0.05582654658665465
T0,12,4,0.05705036324430599
T0,12,5,0.05089628529606057
T0,12,6,0.044247564866824456
T0,12,7,0.04672177155252045
T0,12,8,0.060107162938301845
T0,12,9,0.043444440425150554
T0,13,0,0.08212251718086679
T0,13,1,0.03004323001971689
T0,13,2,0.06726844249201103
T0,13,3,0.06062939378592194
T0,13,4,0.0606030849261743
T0,13,5,0.06346138308664115
T0,13,6,0.043212881076178294
T0,13,7,0.07891126045355862
T0,13,8,0.028587473065362638
T0,13,9,0.07661548960841404
T0,14,0,0.03493431725156289
T0,14,1,0.01620928019442469
T0,14,2,0.0244783232855156
T0,14,3,0.045754468387891274
T0,14,4,0.042351236223287944
T0,14,5,0.021519789064970242
T0,14,6,0.04093804285903006
T0,14,7,0.04455466666333936
T0,14,8,0.03037157307640471
T0,14,9,0.0310584316148573
T0,15,0,0.07610959151614427
T0,15,1,0.059962185491725224
T0,15,2,0.05109128969794995
T0,15,3,0.07307513379034432
T0,15,4,0.08655989788256344
T0,15,5,0.07164023856051807
T0,15,6,0.05610101948988237
T0,15,7,0.08530303818040684
T0,15,8,0.0878825177112594
T0,15,9,0.07485989446557809
T0,16,0,0.09500610097277143
T0,16,1,0.0969405695518832
T0,16,2,0.09620085909199767
T0,16,3,0.11072397316751109
T0,16,4,0.0836779399869662
T0,16,5,0.10659702966389142
T0,16,6,0.05514841815318861
T0,16,7,0.11513061295720853
T0,16,8,0.08680885055012348
T0,16,9,0.08782929574854224
T0,17,0,0.045580990374219255
T0,17,1,0.037484551207861594
T0,17,2,0.054861408098858845
T0,17,3,0.06880552914551266
T0,17,4,0.0438439654827868
T0,17,5,0.04165649251520832
T0,17,6,0.04885857567305551
T0,17,7,0.0566373523107628
T0,17,8,0.0638533282588069
T0,17,9,0.0599788861020955
T0,18,0,0.05039404409562846
T0,18,1,0.06005090245538841
T0,18,2,0.07223515509838467
T0,18,3,0.07887295847225259
T0,18,4,0.03972110365112191
T0,18,5,0.0703205059326972
T0,18,6,0.07046691039590092
T0,18,7,0.06064630764467524
T0,18,8,0.04961142707695159
T0,18,9,0.0333146961612268
T0,19,0,0.052108099940491204
T0,19,1,0.04421390272210344
T0,19,2,0.04859416149024241
T0,19,3,0.052122757008556155
T0,19,4,0.037852903466306896
T0,19,5,0.053989303055201804
T0,19,6,0.05909385753800894
T0,19,7,0.05187630844049892
T0,19,8,0.06397055922521927
T0,19,9,0.0575423610957741
T0,20,0,0.14554933237850678
T0,20,1,0.07393570299056719
T0,20,2,0.12294374089657042
T0,20,3,0.08351071343977454
T0,20,4,0.06859381600960958
T0,20,5,0.14216699383746453
T0,20,6,0.1289840182369793
T0,20,7,0.11515898697840127
T0,20,8,0.1271638791322023
T0,20,9,0.20350608390915922
T0,21,0,0.12832860872515647
T0,21,1,0.10755983084364469
T0,21,2,0.13623274803773505
T0,21,3,0.16727562434153959
T0,21,4,0.15854272377386705
T0,21,5,0.09374562999666697
T0,21,6,0.16590644073852467
T0,21,7,0.11985641580965709
T0,21,8,0.13253798635817307
T0,21,9,0.1469237943824285
T0,22,0,0.09945477690446543
T0,22,1,0.18498861803152444
T0,22,2,0.10400573036558418
T0,22,3,0.17570102595182324
T0,22,4,0.10220649869404635
T0,22,5,0.22245420687444395
T0,22,6,0.16936648107028962
T0,22,7,0.07534713177716564
T0,22,8,0.10589521650511574
T0,22,9,0.09415991332055741
T0,23,0,0.0824099989534014
T0,23,1,0.08522001260752937
T0,23,2,0.121084566065143
T0,23,3,0.10566956598880836
T0,23,4,0.0908515043703569
T0,23,5,0.12832999769329057
T0,23,6,0.11095830106555513
T0,23,7,0.11987545521593851
T0,23,8,0.06235674888050673
T0,23,9,0.140256884551705
T0,24,0,0.12938865672645294
T0,24,1,0.13884418669179344
T0,24,2,0.16453619005342557
T0,24,3,0.20346219319962158
T0,24,4,0.19102201060710577
T0,24,5,0.15780585533824784
T0,24,6,0.14089241134940372
T0,24,7,0.15457678336726344
T0,24,8,0.12741697108355451
T0,24,9,0.1757057146075045
T0,25,0,0.13785544198780822
T0,25,1,0.08701234596799338
T0,25,2,0.17669609753892448
T0,25,3,0.18383265453062184
T0,25,4,0.09835043846945758
T0,25,5,0.16029577478485493
T0,25,6,0.11913172982524625
T0,25,7,0.2031217162589631
T0,25,8,0.1184554944138622
T0,25,9,0.18253444157934243
T0,26,0,0.05181396569299967
T0,26,1,0.14263629133732925
T0,26,2,0.148696957955828
T0,26,3,0.11409592961342321
T0,26,4,0.11947374166937968
T0,26,5,0.10093238434420516
T0,26,6,0.10246972334118784
T0,26,7,0.07035444572701549
T0,26,8,0.10546960731839622
T0,26,9,0.08685805190421365
T0,27,0,0.10870505002050988
T0,27,1,0.07164811520102848
T0,27,2,0.08328539867357306
T0,27,3,0.11946724722396587
T0,27,4,0.08931476403094113
T0,27,5,0.10629881010759477
T0,27,6,0.07870389190326613
T0,27,7,0.0603052613940901
T0,27,8,0.08435476050223994
T0,27,9,0.12074952331394811
T0,28,0,0.19551519919178278
T0,28,1,0.15867474624874225
T0,28,2,0.0452970047068088
T0,28,3,0.04761811757295445
T0,28,4,0.06794505934413239
T0,28,5,0.09467754501567714
T0,28,6,0.1196876664725257
T0,28,7,0.1955021239553174
T0,28,8,0.15198281181044415
T0,28,9,0.04076392045716536
T0,29,0,0.06570063715686579
T0,29,1,0.04374200534024817
T0,29,2,0.05268759431880622
T0,29,3,0.11479618183932955
T0,29,4,0.04886805180756158
T0,29,5,0.10550949211594542
T0,29,6,0.06403583187907175
T0,29,7,0.0726011140720081
T0,29,8,0.08053428562920553
T0,29,9,0.08635892400121271
T0,30,0,0.08416976925727583
T0,30,1,0.039351994928895816
T0,30,2,0.08770099658800953
T0,30,3,0.06355740278149828
T0,30,4,0.05342327672595043
T0,30,5,0.058291043802548154
T0,30,6,0.06641752856147047
T0,30,7,0.05492129669466484
T0,30,8,0.08388927515975712
T0,30,9,0.06470843446593476
T0,31,0,0.037307323228033006
T0,31,1,0.07259623584003651
T0,31,2,0.12455211507059247
T0,31,3,0.07357511054825401
T0,31,4,0.07657986761214317
T0,31,5,0.06578083845245188
T0,31,6,0.07617491789050292
T0,31,7,0.06335241267061381
T0,31,8,0.08459886572345234
T0,31,9,0.07245596712716755
T0,32,0,0.09825812056784244
T0,32,1,0.0954491843387541
T0,32,2,0.12315364519074123
T0,32,3,0.07056825822968478
T0,32,4,0.1145472173494186
T0,32,5,0.1310681978871517
T0,32,6,0.10110945984936848
T0,32,7,0.09347345815911089
T0,32,8,0.1509111689776668
T0,32,9,0.08493171061924915
T0,33,0,0.06574424548604842
T0,33,1,0.12580100372534037
T0,33,2,0.14257337020212377
T0,33,3,0.17237942510001694
T0,33,4,0.12145658444124877
T0,33,5,0.1575261725566669
T0,33,6,0.11473950481743224
T0,33,7,0.06379790151808191
T0,33,8,0.1940737767325613
T0,33,9,0.03548904177282077
T0,34,0,0.1441590969150311
T0,34,1,0.13606477787367707
T0,34,2,0.1772112940431964
T0,34,3,0.1436292341279735
T0,34,4,0.13833853196326154
T0,34,5,0.10766315140807169
T0,34,6,0.0841713854616096
T0,34,7,0.1296943430535425
T0,34,8,0.14569831290870291
T0,34,9,0.08152906052424637
T0,35,0,0.13448394159879806
T0,35,1,0.10615312023821363
T0,35,2,0.13643710888369492
T0,35,3,0.07121727860421453
T0,35,4,0.09214060929356835
T0,35,5,0.11757213200031481
T0,35,6,0.2088456006985967
T0,35,7,0.09720205867753039
T0,35,8,0.1234480499583757
T0,35,9,0.11471934163429393
T0,36,0,0.2163675255714313
T0,36,1,0.08577395009161044
T0,36,2,0.14860224157832946
T0,36,3,0.12918115829395882
T0,36,4,0.15686351568182613
T0,36,5,0.2270983580618397
T0,36,6,0.17028723187104816
T0,36,7,0.1646250729750461
T0,36,8,0.10006273548666356
T0,36,9,0.13479391404079294
T0,37,0,0.1075758707299325
T0,37,1,0.10617806621665571
T0,37,2,0.12505949627068638
T0,37,3,0.11927276584562568
T0,37,4,0.14975803439344884
T0,37,5,0.08709237660456051
T0,37,6,0.1910972223663525
T0,37,7,0.1035645936536781
T0,37,8,0.12865093393651783
T0,37,9,0.1295444456641969
T0,38,0,0.13246635113778346
T0,38,1,0.13376862056219982
T0,38,2,0.23969251560190455
T0,38,3,0.20264662910799308
T0,38,4,0.08090170323400345
T0,38,5,0.09932807483181957
T0,38,6,0.16605580310044932
T0,38,7,0.11125324055452661
T0,38,8,0.22917332880856062
T0,38,9,0.20621053808277223
T0,39,0,0.13334081359384478
T0,39,1,0.17518202056444682
T0,39,2,0.13182904192423486
T0,39,3,0.10254902045382847
T0,39,4,0.21749895928514365
T0,39,5,0.1571225665070382
T0,39,6,0.15707049328975928
T0,39,7,0.12891981085891516
T0,39,8,0.07590072365663154
T0,39,9,0.11302014370365647
T0,40,0,0.11655434164481253
T0,40,1,0.1087244093656718
T0,40,2,0.02916917988077739
T0,40,3,0.04082363531167678
T0,40,4,0.047108942236662885
T0,40,5,0.04416605293547353
T0,40,6,0.06592143559736795
T0,40,7,0.10025817945504764
T0,40,8,0.020237879736229387
T0,40,9,0.08746844989861614
T0,41,0,0.1423048637126675
T0,41,1,0.24505605339503433
T0,41,2,0.16273487114592633
T0,41,3,0.22800047573433926
T0,41,4,0.131692835042551
T0,41,5,0.20688392293430777
T0,41,6,0.21332086916481333
T0,41,7,0.24320835315194336
T0,41,8,0.18023817546299714
T0,41,9,0.13589753553374648
T0,42,0,0.03340494717484556
T0,42,1,0.048913704819491144
T0,42,2,0.06673025994047518
T0,42,3,0.03702594036211853
T0,42,4,0.0516663387385401
T0,42,5,0.018784558713726193
T0,42,6,0.07819664190164696
T0,42,7,0.07082579472688226
T0,42,8,0.06809536002579336
T0,42,9,0.046291039127959774
T0,43,0,0.19928178757544943
T0,43,1,0.15339897543107034
T0,43,2,0.1450182425635554
T0,43,3,0.11993022043001758
T0,43,4,0.15757699375463716
T0,43,5,0.17343712422806035
T0,43,6,0.1813591582159248
T0,43,7,0.1343821995585088
T0,43,8,0.15441236214474943
T0,43,9,0.17065029739436532
T0,44,0,0.06805710955516725
T0,44,1,0.09261352341776982
T0,44,2,0.0671460855306857
T0,44,3,0.06529680832084486
T0,44,4,0.05455885641616143
T0,44,5,0.047850764170521635
T0,44,6,0.06375402714194585
T0,44,7,0.06547950444734824
T0,44,8,0.06980330343914248
T0,44,9,0.05287984977554624
T0,45,0,0.08666861634768205
T0,45,1,0.07631040530578048
T0,45,2,0.06105893236680467
T0,45,3,0.11203578617104394
T0,45,4,0.08857603542023922
T0,45,5,0.07362371117557455
T0,45,6,0.041451533516374824
T0,45,7,0.06938501582022952
T0,45,8,0.05752023509294351
T0,45,9,0.0874214561112598
T0,46,0,0.10901841710160984
T0,46,1,0.12950582928940663
T0,46,2,0.04348360543372843
T0,46,3,0.08077011189592127
T0,46,4,0.07759533980731001
T0,46,5,0.07478668960211926
T0,46,6,0.13528064134453885
T0,46,7,0.10072995917986206
T0,46,8,0.060723631989234306
T0,46,9,0.09404718478804196
T0,47,0,0.17723928725057042
T0,47,1,0.094680329514342
T0,47,2,0.09262221665954015
T0,47,3,0.18923251705754435
T0,47,4,0.08088109084390417
T0,47,5,0.08146569440007081
T0,47,6,0.17836309304293052
T0,47,7,0.16176169296359458
T0,47,8,0.16846903331204557
T0,47,9,0.1458457320922018
T0,48,0,0.07572790381783799
T0,48,1,0.06768431471159723
T0,48,2,0.1286313179053594
T0,48,3,0.14136068747620853
T0,48,4,0.059668138732517695
T0,48,5,0.16794723241097476
T0,48,6,0.1470042657554754
T0,48,7,0.12535338450432676
T0,48,8,0.19310276732647325
T0,48,9,0.056972178722788966
T0,49,0,0.04594788716464369
T0,49,1,0.07443966450294484
T0,49,2,0.12053410443811571
T0,49,3,0.08509019945186681
T0,49,4,0.09884409165262614
T0,49,5,0.10203053188541641
T0,49,6,0.056851437590047904
T0,49,7,0.0902418719742675
T0,49,8,0.039734865571136424
T0,49,9,0.08714054790619587
T0,50,0,0.043562856070339606
T0,50,1,0.058273018992294465
T0,50,2,0.03718311006592086
T0,50,3,0.0705864449353911
T0,50,4,0.05769773202169014
T0,50,5,0.07804103957094227
T0,50,6,0.0744710638952062
T0,50,7,0.09190378773831284
T0,50,8,0.09074282972426116
T0,50,9,0.09190453864086384
T0,51,0,0.10501469954197055
T0,51,1,0.0780242709094899
T0,51,2,0.11409310306680996
T0,51,3,0.11511524432389444
T0,51,4,0.08248868325312943
T0,51,5,0.09181696453909836
T0,51,6,0.11513688539687042
T0,51,7,0.17094285661606606
T0,51,8,0.08187280156175428
T0,51,9,0.11064552261773253
T0,52,0,0.10843064591218109
T0,52,1,0.028383272415383683
T0,52,2,0.040827700428448556
T0,52,3,0.06784406953646209
T0,52,4,0.09838354183885518
T0,52,5,0.03007679328834574
T0,52,6,0.07808778688134907
T0,52,7,0.10698295991636829
T0,52,8,0.04891566616698751
T0,52,9,0.05099975253716939
T0,53,0,0.02954266539267082
T0,53,1,0.040564000947918205
T0,53,2,0.024538363338278427
T0,53,3,0.04426664335973298
T0,53,4,0.028200749719364628
T0,53,5,0.038421974253054575
T0,53,6,0.02246154062702629
T0,53,7,0.020072673944879427
T0,53,8,0.027690322610007086
T0,53,9,0.022453901855423345
T0,54,0,0.039181197333453655
T0,54,1,0.07095432125329214
T0,54,2,0.03654083654500846
T0,54,3,0.031885123982825364
T0,54,4,0.05801037739815552
T0,54,5,0.03815839812678093
T0,54,6,0.022037099638201652
T0,54,7,0.065035159253759
T0,54,8,0.03968799421530978
T0,54,9,0.049342829012106716
T0,55,0,0.06367997596993034
T0,55,1,0.06514869779887945
T0,55,2,0.03246244733748239
T0,55,3,0.05628004514255054
T0,55,4,0.0757221232502999
T0,55,5,0.08361736642937907
T0,55,6,0.04495122683977904
T0,55,7,0.08045300652489672
T0,55,8,0.07684324537265119
T0,55,9,0.0538167370622231
T0,56,0,0.17931395711324352
T0,56,1,0.14305886397311407
T0,56,2,0.10272651034454895
T0,56,3,0.14116577407585262
T0,56,4,0.13327430213043687
T0,56,5,0.1554809060210055
T0,56,6,0.17394589404339056
T0,56,7,0.17951471622293347
T0,56,8,0.12158758934810404
T0,56,9,0.20113640597472662
T0,57,0,0.15998851340869966
T0,57,1,0.1371669530368813
T0,57,2,0.17902047022151246
T0,57,3,0.14196658887014751
T0,57,4,0.09673052403230739
T0,57,5,0.19190372979586848
T0,57,6,0.20217291040922958
T0,57,7,0.14376380798788652
T0,57,8,0.11109883542496793
T0,57,9,0.1737196019258003
T0,58,0,0.11750080918895069
T0,58,1,0.15966558572167286
T0,58,2,0.1952165271730046
T0,58,3,0.1846414491837671
T0,58,4,0.22674181767940318
T0,58,5,0.15460691236367718
T0,58,6,0.17218352567328737
T0,58,7,0.1939619130774764
T0,58,8,0.21522316322153084
T0,58,9,0.22027781796850218
T0,59,0,0.1203239931781723
T0,59,1,0.15554622651467626
T0,59,2,0.1819989467315354
T0,59,3,0.15891229688314515
T0,59,4,0.13798263940759276
T0,59,5,0.10702512242384993
T0,59,6,0.14753733834031407
T0,59,7,0.15102303302134262
T0,59,8,0.07055896800888017
T0,59,9,0.17269741463358756
T0,60,0,0.05972909833523117
T0,60,1,0.04499869795450337
T0,60,2,0.0687669402039742
T0,60,3,0.06919532480241909
T0,60,4,0.1129673269304547
T0,60,5,0.08705447904516188
T0,60,6,0.05833801828599127
T0,60,7,0.07381835750760624
T0,60,8,0.04621664572188002
T0,60,9,0.09073900330672256
T0,61,0,0.05240910450334626
T0,61,1,0.09454909888711165
T0,61,2,0.056102072308599545
T0,61,3,0.11160389464913972
T0,61,4,0.07273168213893377
T0,61,5,0.053269321969847294
T0,61,6,0.07252290709744405
T0,61,7,0.0972707134279672
T0,61,8,0.05972121126759594
T0,61,9,0.06964203177134154
T0,62,0,0.020712559892310613
T0,62,1,0.02258092742155346
T0,62,2,0.025136217396758344
T0,62,3,0.04362510731764917
T0,62,4,0.02010520149610501
T0,62,5,0.03524684334788801
T0,62,6,0.029045059079259042
T0,62,7,0.022597824827029708
T0,62,8,0.018822192994680888
T0,62,9,0.020312520721730606
T0,63,0,0.048097654910054535
T0,63,1,0.07821983042502623
T0,63,2,0.03572725380781287
T0,63,3,0.0472908168599342
T0,63,4,0.041783260318599476
T0,63,5,0.057880696839655375
T0,63,6,0.03583832082653159
T0,63,7,0.05060101868090847
T0,63,8,0.0606040320865081
T0,63,9,0.0681972606149446
T0,64,0,0.06922161579352647
T0,64,1,0.11040780489734427
T0,64,2,0.023811934664250706
T0,64,3,0.013777780145764484
T0,64,4,0.041643800221046565
T0,64,5,0.055755389738368084
T0,64,6,0.04742507509951615
T0,64,7,0.06719556291851063
T0,64,8,0.07504619573713674
T0,64,9,0.06811156097091149
T0,65,0,0.11480908874346282
T0,65,1,0.06439739699926718
T0,65,2,0.10828486732134035
T0,65,3,0.14604753769839468
T0,65,4,0.040796577397114966
T0,65,5,0.06048524378560109
T0,65,6,0.06043911815937214
T0,65,7,0.07685386500536148
T0,65,8,0.08902419404403751
T0,65,9,0.040300635072986084
T0,66,0,0.05501116286095283
T0,66,1,0.034976945704710286
T0,66,2,0.09308711586777413
T0,66,3,0.04490421816209904
T0,66,4,0.05242764274090855
T0,66,5,0.04646294878382375
T0,66,6,0.03868773851519714
T0,66,7,0.05710972854542935
T0,66,8,0.08749380030178507
T0,66,9,0.08947398945434654
T0,67,0,0.045331155646967734
T0,67,1,0.09834487889951171
T0,67,2,0.015728033251709694
T0,67,3,0.04436711958760789
T0,67,4,0.044008647581057964
T0,67,5,0.026948832694987667
T0,67,6,0.05537315794265783
T0,67,7,0.027940977908664295
T0,67,8,0.06874905859818442
T0,67,9,0.03498266584278467
T0,68,0,0.008913541774061099
T0,68,1,0.02628450024595928
T0,68,2,0.056832196655345404
T0,68,3,0.010329305816663794
T0,68,4,0.04207997923668319
T0,68,5,0.061022827800608456
T0,68,6,0.02298971262711415
T0,68,7,0.02145024205675467
T0,68,8,0.0390785491651448
T0,68,9,0.03621530580052683
T0,69,0,0.036821759077663156
T0,69,1,0.02093664165225877
T0,69,2,0.016558931343305796
T0,69,3,0.028854289747857895
T0,69,4,0.03584124181845256
T0,69,5,0.0307265864932889
T0,69,6,0.03982443423347714
T0,69,7,0.06627472726217355
T0,69,8,0.022518056427983484
T0,69,9,0.01756466006822793
T0,70,0,0.038656225178577044
T0,70,1,0.05523245594560735
T0,70,2,0.028196698394022474
T0,70,3,0.02903388050572191
T0,70,4,0.04298612904210515
T0,70,5,0.03164686900352581
T0,70,6,0.0021830927611842287
T0,70,7,0.03358172107013715
T0,70,8,0.019556858661411925
T0,70,9,0.01157859589252614
T0,71,0,0.019748401282349653
T0,71,1,0.017820817020437998
T0,71,2,0.044236087941078875
T0,71,3,0.030149847234042206
T0,71,4,0.027813221478646125
T0,71,5,0.024556320250040394
T0,71,6,0.019605842345151774
T0,71,7,0.027463878908407867
T0,71,8,0.02305447104376672
T0,71,9,0.03551422175800447
T0,72,0,0.06458831190951365
T0,72,1,0.05471871859448061
T0,72,2,0.053137949712429515
T0,72,3,0.07358048721845163
T0,72,4,0.07794738122370784
T0,72,5,0.03538283454237651
T0,72,6,0.06677005141180241
T0,72,7,0.0630301818961356
T0,72,8,0.08637175244902678
T0,72,9,0.0765050685985188
T0,73,0,0.03467488799488383
T0,73,1,0.033960471524714285
T0,73,2,0.03768499078543136
T0,73,3,0.03833134834782732
T0,73,4,0.04496471611673619
T0,73,5,0.05973215121809005
T0,73,6,0.03624939066182148
T0,73,7,0.035659414888943454
T0,73,8,0.03086090089261944
T0,73,9,0.024480764358109107
T0,74,0,0.03565607591396201
T0,74,1,0.042685342444334
T0,74,2,0.038611133245452296
T0,74,3,0.06114216808200707
T0,74,4,0.02704072042951419
T0,74,5,0.04077387481927225
T0,74,6,0.017313135367172272
T0,74,7,0.011036944093878032
T0,74,8,0.06472683666540419
T0,74,9,0.02682360404868906
T0,75,0,0.05311183833698172
T0,75,1,0.01723806567850485
T0,75,2,0.03712740689945062
T0,75,3,0.01896153128152575
T0,75,4,0.04789219366431438
T0,75,5,0.029235314016202538
T0,75,6,0.015577203317809206
T0,75,7,0.06932070330500967
T0,75,8,0.04527651242990312
T0,75,9,0.02956061160772429
T0,76,0,0.06267633314770356
T0,76,1,0.0663997477294665
T0,76,2,0.0584766251371018
T0,76,3,0.11154045485902024
T0,76,4,0.049126567284667785
T0,76,5,0.09968391470049032
T0,76,6,0.07366579329755231
T0,76,7,0.051876078854143894
T0,76,8,0.05972383968430355
T0,76,9,0.06591646151788279
T0,77,0,0.06947017452311703
T0,77,1,0.1234223358202327
T0,77,2,0.08384902372270858
T0,77,3,0.0394932233297704
T0,77,4,0.12295687464732245
T0,77,5,0.03634507077035665
T0,77,6,0.11349441923183971
T0,77,7,0.0663536985904805
T0,77,8,0.06941987311299833
T0,77,9,0.05404748993842264
T0,78,0,0.04459298458243805
T0,78,1,0.06710238792811313
T0,78,2,0.05650032393228109
T0,78,3,0.06646151888624288
T0,78,4,0.043600835627955116
T0,78,5,0.07025564377171445
T0,78,6,0.05299111444359372
T0,78,7,0.043800518561283856
T0,78,8,0.05499850072145843
T0,78,9,0.041628697834968705
T0,79,0,0.08210276337006867
T0,79,1,0.066679928301729
T0,79,2,0.047809304432192876
T0,79,3,0.10651387577258972
T0,79,4,0.1154642765114428
T0,79,5,0.06406236925058938
T0,79,6,0.06632479357649124
T0,79,7,0.13455691704571168
T0,79,8,0.10925933581735087
T0,79,9,0.0769833844490853
T1,0,0,0.0359071337031191
T1,0,1,0.02058012192378324
T1,0,2,0.017455016490956276
T1,0,3,0.03885508044558066
T1,0,4,0.03611554297377459
T1,0,5,0.062436981466376267
T1,0,6,0.039814653265329604
T1,0,7,0.04512728388405769
T1,0,8,0.027394861289663577
T1,0,9,0.031085470404250942
T1,1,0,0.049745250820254716
T1,1,1,0.03318125763235352
T1,1,2,0.07982218181916453
T1,1,3,0.031983919700977956
T1,1,4,0.062407981095048026
T1,1,5,0.04135294680134802
T1,1,6,0.1111601704367679
T1,1,7,0.01839095360740748
T1,1,8,0.04922731678690296
T1,1,9,0.04445429578715102
T1,2,0,0.039351221233007674
T1,2,1,0.02260069277248761
T1,2,2,0.03419570810264213
T1,2,3,0.0542319010381606
T1,2,4,0.03533046418027514
T1,2,5,0.011003044080414746
T1,2,6,0.09055701773221218
T1,2,7,0.11714878312187169
T1,2,8,0.08708047405181517
T1,2,9,0.0374873053506162
T1,3,0,0.09374803337364293
T1,3,1,0.04935171272540252
T1,3,2,0.02548454250179568
T1,3,3,0.06797342108243662
T1,3,4,0.026475221308754408
T1,3,5,0.04776389856972964
T1,3,6,0.07933615120423154
T1,3,7,0.02141919922791588
T1,3,8,0.04696193006057053
T1,3,9,0.03482997514004213
T1,4,0,0.1358803628192735
T1,4,1,0.10513158703952237
T1,4,2,0.13759963797991204
T1,4,3,0.0847539840574082
T1,4,4,0.07839945888842642
T1,4,5,0.1490538221493075
T1,4,6,0.06000382734433856
T1,4,7,0.1049891811451967
T1,4,8,0.16477306611189146
T1,4,9,0.1568936002602507
T1,5,0,0.09817543868058694
T1,5,1,0.11926662790928715
T1,5,2,0.10236958744136943
T1,5,3,0.12410739611477045
T1,5,4,0.16533857073548
T1,5,5,0.10038671067279578
T1,5,6,0.10687897262861791
T1,5,7,0.12213198234659155
T1,5,8,0.08737177389475043
T1,5,9,0.12748352250174158
T1,6,0,0.09489588423656105
T1,6,1,0.0884923698765287
T1,6,2,0.07875035105180461
T1,6,3,0.10438233717715352
T1,6,4,0.10419007240686787
T1,6,5,0.05987237849794286
T1,6,6,0.0820118897622671
T1,6,7,0.07157422014344798
T1,6,8,0.08032691070156528
T1,6,9,0.05943075988033236
T1,7,0,0.08373662711169942
T1,7,1,0.12159787103513818
T1,7,2,0.07166501850045924
T1,7,3,0.09051734408967434
T1,7,4,0.12255995401432344
T1,7,5,0.06659667721736907
T1,7,6,0.08523798201912043
T1,7,7,0.08663229135934641
T1,7,8,0.1494542128483257
T1,7,9,0.10936139273175385
T1,8,0,0.04826311901778596
T1,8,1,0.049381262154663465
T1,8,2,0.07502447426472963
T1,8,3,0.04959535591043636
T1,8,4,0.07733152345170267
T1,8,5,0.0516765228810809
T1,8,6,0.05642781526547771
T1,8,7,0.05427328001398405
T1,8,8,0.08615727346634638
T1,8,9,0.0556943433236016
T1,9,0,0.08054413961469795
T1,9,1,0.07263614664334032
T1,9,2,0.11428984911022814
T1,9,3,0.06657865019726314
T1,9,4,0.0777663567501727
T1,9,5,0.07354736912744002
T1,9,6,0.08435952062450297
T1,9,7,0.0911608570473521
T1,9,8,0.06743873452706346
T1,9,9,0.06728861074171522
T1,10,0,0.061528101620460615
T1,10,1,0.07946145994467947
T1,10,2,0.09675350142593525
T1,10,3,0.06800889788424604
T1,10,4,0.0328574037596486
T1,10,5,0.05249642281439276
T1,10,6,0.061227330982057154
T1,10,7,0.055881621885213534
T1,10,8,0.09850443249811189
T1,10,9,0.03730946212838533
T1,11,0,0.1055149486920841
T1,11,1,0.11719399644501767
T1,11,2,0.15012029506450358
T1,11,3,0.06571206229333687
T1,11,4,0.09809082161481669
T1,11,5,0.061283452353943266
T1,11,6,0.08698297535424959
T1,11,7,0.06252508980146802
T1,11,8,0.1409275813151911
T1,11,9,0.09921325656939932
T1,12,0,0.032595549723894036
T1,12,1,0.037593102745571975
T1,12,2,0.03986222425039693
T1,12,3,0.05072058268164303
T1,12,4,0.05844773394722827
T1,12,5,0.05286378762209036
T1,12,6,0.04370559703260818
T1,12,7,0.04299753744954459
T1,12,8,0.05550076111781197
T1,12,9,0.040702234209307984
T1,13,0,0.08426912449594487
T1,13,1,0.037838519101328426
T1,13,2,0.0809285353834205
T1,13,3,0.06038444012373476
T1,13,4,0.060019154251657464
T1,13,5,0.0642734849587833
T1,13,6,0.04160021050626146
T1,13,7,0.07991579397274613
T1,13,8,0.03137368617971263
T1,13,9,0.08052313577381673
T1,14,0,0.038111598388650754
T1,14,1,0.015784000398805148
T1,14,2,0.020818733921369535
T1,14,3,0.050335764814044504
T1,14,4,0.04375421561982828
T1,14,5,0.023905122894729923
T1,14,6,0.03865975596048302
T1,14,7,0.042177130608509826
T1,14,8,0.03030091224741441
T1,14,9,0.03388024769766668
T1,15,0,0.06981855734315082
T1,15,1,0.06308531031032809
T1,15,2,0.045112855857007306
T1,15,3,0.0757861762954846
T1,15,4,0.08187395376660424
T1,15,5,0.07052295436562855
T1,15,6,0.05445635580137109
T1,15,7,0.08330026792757893
T1,15,8,0.07969235961357966
T1,15,9,0.05687941153199291
T1,16,0,0.09119034237047453
T1,16,1,0.09531280440091397
T1,16,2,0.0918778195209189
T1,16,3,0.10059029863204921
T1,16,4,0.0804322299423041
T1,16,5,0.09369960964980219
T1,16,6,0.05440308219717641
T1,16,7,0.11267423555140237
T1,16,8,0.08856019499852222
T1,16,9,0.09029581044803058
T1,17,0,0.04298530844318136
T1,17,1,0.03828102103874079
T1,17,2,0.058892749371643634
T1,17,3,0.05991417348682973
T1,17,4,0.04304980979728082
T1,17,5,0.040867728267270025
T1,17,6,0.04642136040051689
T1,17,7,0.0554426745669811
T1,17,8,0.06724699904832976
T1,17,9,0.05663423167886026
T1,18,0,0.04771297460064247
T1,18,1,0.06266748043680863
T1,18,2,0.07260364265628252
T1,18,3,0.08110851180918159
T1,18,4,0.03439660308455883
T1,18,5,0.06591553230519798
T1,18,6,0.07421782260079515
T1,18,7,0.058333990529667694
T1,18,8,0.05335423194646114
T1,18,9,0.030807523842629223
T1,19,0,0.05181607804060009
T1,19,1,0.044016129152722024
T1,19,2,0.04583687821558879
T1,19,3,0.04803297637525836
T1,19,4,0.036360304172721576
T1,19,5,0.05567903169910646
T1,19,6,0.057861486122756815
T1,19,7,0.05459610832717642
T1,19,8,0.061247439906160876
T1,19,9,0.06212556143591891
T1,20,0,0.1294034769314416
T1,20,1,0.07776340587616688
T1,20,2,0.10495074353842694
T1,20,3,0.07041484091984399
T1,20,4,0.07954043832749981
T1,20,5,0.1241246217119492
T1,20,6,0.11027937095496979
T1,20,7,0.09322043848727615
T1,20,8,0.13600128269924616
T1,20,9,0.1730195435455832
T1,21,0,0.1131185077671711
T1,21,1,0.10897074292019837
T1,21,2,0.11874661840415124
T1,21,3,0.1639920404741368
T1,21,4,0.1559361500160265
T1,21,5,0.10428916180102837
T1,21,6,0.13803358050755163
T1,21,7,0.10388005126403628
T1,21,8,0.11113293799199443
T1,21,9,0.13497918846217566
T1,22,0,0.08243265072518394
T1,22,1,0.17187128360717757
T1,22,2,0.09588276415407496
T1,22,3,0.1548579602993179
T1,22,4,0.08884681383335787
T1,22,5,0.21267906281569413
T1,22,6,0.15749775327703103
T1,22,7,0.07212438790985724
T1,22,8,0.09194303510560793
T1,22,9,0.0931168181465258
T1,23,0,0.08896610522936715
T1,23,1,0.0713355084776782
T1,23,2,0.10501653796823299
T1,23,3,0.09346322207523264
T1,23,4,0.08429800305519407
T1,23,5,0.1137208131025363
T1,23,6,0.11556700659790511
T1,23,7,0.10611187470055843
T1,23,8,0.05817625547921388
T1,23,9,0.13130055786267866
T1,24,0,0.1207844235013552
T1,24,1,0.12696930933370346
T1,24,2,0.16083698354279324
T1,24,3,0.19927688729139845
T1,24,4,0.182225034492136
T1,24,5,0.15025109707115536
T1,24,6,0.13369981697226466
T1,24,7,0.1650701204515373
T1,24,8,0.11898314426911792
T1,24,9,0.17503272876518378
T1,25,0,0.13797103535076205
T1,25,1,0.07861823381219937
T1,25,2,0.1658598235821365
T1,25,3,0.17714483960644642
T1,25,4,0.09380222941533894
T1,25,5,0.146397687792379
T1,25,6,0.11635989709652993
T1,25,7,0.19586104494840073
T1,25,8,0.10756651683443241
T1,25,9,0.17424430349367456
T1,26,0,0.04559313042250899
T1,26,1,0.13509709956079216
T1,26,2,0.1541692121121073
T1,26,3,0.11373759341102954
T1,26,4,0.11869176170988999
T1,26,5,0.09456009420926731
T1,26,6,0.08851242228181634
T1,26,7,0.06327503614656099
T1,26,8,0.10173813020680605
T1,26,9,0.09372761888365017
T1,27,0,0.10120572134360568
T1,27,1,0.07477507323953725
T1,27,2,0.07732096328588015
T1,27,3,0.1120583616283579
T1,27,4,0.0852341384098201
T1,27,5,0.09390559081742315
T1,27,6,0.07843920218955124
T1,27,7,0.057451911757697156
T1,27,8,0.08921183233429819
T1,27,9,0.11468302566492197
T1,28,0,0.2056300924716141
T1,28,1,0.15923863046190923
T1,28,2,0.04714600974478511
T1,28,3,0.0537840095966315
T1,28,4,0.07147589999351403
T1,28,5,0.09719347182242365
T1,28,6,0.11659384103362601
T1,28,7,0.19797872800800814
T1,28,8,0.148219647759541
T1,28,9,0.04054234947973863
T1,29,0,0.060798690930196034
T1,29,1,0.04009685451368157
T1,29,2,0.050478070254825945
T1,29,3,0.11109304707653803
T1,29,4,0.05283837593821656
T1,29,5,0.101613445844676
T1,29,6,0.06314416145073358
T1,29,7,0.07318389185739653
T1,29,8,0.08004552391595522
T1,29,9,0.08672572355541068
T1,30,0,0.08133873169570385
T1,30,1,0.037660765103079766
T1,30,2,0.06696733582899783
T1,30,3,0.06812162645546095
T1,30,4,0.055493831748382565
T1,30,5,0.053907064701357345
T1,30,6,0.07409410555117008
T1,30,7,0.05385434066006642
T1,30,8,0.0670732549809955
T1,30,9,0.058107884163942615
T1,31,0,0.03141133349006861
T1,31,1,0.08326223464408407
T1,31,2,0.1298629389957051
T1,31,3,0.07378658394429002
T1,31,4,0.07487027517379242
T1,31,5,0.05496360141916362
T1,31,6,0.08644379772183519
T1,31,7,0.054048381469387265
T1,31,8,0.07345426864828351
T1,31,9,0.0693386100290862
T1,32,0,0.0980581183345618
T1,32,1,0.09975529007291457
T1,32,2,0.12749205191631108
T1,32,3,0.07416245977721804
T1,32,4,0.11730047683765005
T1,32,5,0.13050738333839237
T1,32,6,0.10298261563758078
T1,32,7,0.10536266511376131
T1,32,8,0.14494723999476342
T1,32,9,0.07703938135159161
T1,33,0,0.06303487542703377
T1,33,1,0.13124110105216252
T1,33,2,0.13197449479945292
T1,33,3,0.15916869368346176
T1,33,4,0.09976948408609462
T1,33,5,0.15785703021225345
T1,33,6,0.11093306514506515
T1,33,7,0.062128110914263006
T1,33,8,0.1665580444286537
T1,33,9,0.03172429324066535
T1,34,0,0.1415883832606438
T1,34,1,0.12258660457232246
T1,34,2,0.1734038516823262
T1,34,3,0.14435976123088387
T1,34,4,0.14243540928919676
T1,34,5,0.1078529153016472
T1,34,6,0.08084112701774243
T1,34,7,0.1268510844567074
T1,34,8,0.14061359642425134
T1,34,9,0.08160344711720587
T1,35,0,0.127346363608995
T1,35,1,0.10643526029067575
T1,35,2,0.14343741730057805
T1,35,3,0.06290794084068639
T1,35,4,0.10287759552337312
T1,35,5,0.11649530841048661
T1,35,6,0.19604633795373602
T1,35,7,0.0911116278264164
T1,35,8,0.1083501955808078
T1,35,9,0.10941736125900285
T1,36,0,0.22083737158676492
T1,36,1,0.07541306834209349
T1,36,2,0.16116510980318208
T1,36,3,0.13621344168809943
T1,36,4,0.16821455796484122
T1,36,5,0.2364867764819113
T1,36,6,0.18076869541528356
T1,36,7,0.16554401362864377
T1,36,8,0.09971541164161322
T1,36,9,0.14307493080729664
T1,37,0,0.11074257869537758
T1,37,1,0.11004109433002723
T1,37,2,0.12247198971607064
T1,37,3,0.12325597473786523
T1,37,4,0.16713860403159375
T1,37,5,0.09586911408565602
T1,37,6,0.1944739031145593
T1,37,7,0.09581742030712322
T1,37,8,0.12531751074587755
T1,37,9,0.11463415709768146
T1,38,0,0.12064339279336546
T1,38,1,0.11314853945478567
T1,38,2,0.23410567638619356
T1,38,3,0.20066095807967652
T1,38,4,0.07068223535566236
T1,38,5,0.08013826793416942
T1,38,6,0.1647136943632384
T1,38,7,0.13664591906634305
T1,38,8,0.22604085272767732
T1,38,9,0.19243857959998467
T1,39,0,0.15225507213932837
T1,39,1,0.15625694842610655
T1,39,2,0.13499397375618652
T1,39,3,0.10911383038040984
T1,39,4,0.21824568891128274
T1,39,5,0.15250072394372727
T1,39,6,0.1602288453510608
T1,39,7,0.13441551083232317
T1,39,8,0.0775174334236808
T1,39,9,0.1000910689569298
T1,40,0,0.09960075351643612
T1,40,1,0.10670903601951062
T1,40,2,0.032285232447878835
T1,40,3,0.04132062051830751
T1,40,4,0.0418103093039292
T1,40,5,0.040205147109901
T1,40,6,0.0669579381246953
T1,40,7,0.10022153878900243
T1,40,8,0.022137416730592864
T1,40,9,0.08396694509649802
T1,41,0,0.13721514872167262
T1,41,1,0.24776578094885765
T1,41,2,0.16592594147534923
T1,41,3,0.2341164258893689
T1,41,4,0.14760969023321466
T1,41,5,0.21638003222435795
T1,41,6,0.21394014317757976
T1,41,7,0.24892528119127472
T1,41,8,0.1768355615168734
T1,41,9,0.11767619124522322
T1,42,0,0.03455028513402289
T1,42,1,0.04208284401492195
T1,42,2,0.06905361126265744
T1,42,3,0.03917494244335121
T1,42,4,0.05571628007634979
T1,42,5,0.018788101707841644
T1,42,6,0.0837059681539837
T1,42,7,0.07578836940331025
T1,42,8,0.06796114270300485
T1,42,9,0.04576492207504085
T1,43,0,0.19745736038829398
T1,43,1,0.1277579629911111
T1,43,2,0.14219326028738147
T1,43,3,0.1044418749280421
T1,43,4,0.14332230101356683
T1,43,5,0.17188127053558422
T1,43,6,0.17991781127548417
T1,43,7,0.12984658916539726
T1,43,8,0.14740514372217906
T1,43,9,0.15695614763947713
T1,44,0,0.06694111684700979
T1,44,1,0.0929240979831813
T1,44,2,0.06801767044367611
T1,44,3,0.0635577919117866
T1,44,4,0.053030472539796474
T1,44,5,0.04684773124879384
T1,44,6,0.06344373736793756
T1,44,7,0.06318578009354613
T1,44,8,0.07092024455228074
T1,44,9,0.046497459414165505
T1,45,0,0.08722214723760686
T1,45,1,0.07104575441192025
T1,45,2,0.061374347769407187
T1,45,3,0.09707013487248714
T1,45,4,0.08865772053079785
T1,45,5,0.07191434150737823
T1,45,6,0.044136054066932655
T1,45,7,0.06663767384809022
T1,45,8,0.05759838156333935
T1,45,9,0.0902765831870037
T1,46,0,0.10684728194372754
T1,46,1,0.12923538704479215
T1,46,2,0.04827296334435346
T1,46,3,0.07981533835724869
T1,46,4,0.07140891979306688
T1,46,5,0.07088721408617428
T1,46,6,0.13293876710029207
T1,46,7,0.09743442187235159
T1,46,8,0.05302302386520748
T1,46,9,0.08891287296101692
T1,47,0,0.17665734150832854
T1,47,1,0.09113450564284309
T1,47,2,0.08877816253631499
T1,47,3,0.180038962435002
T1,47,4,0.08786451922988697
T1,47,5,0.06964010564447362
T1,47,6,0.1491765937348678
T1,47,7,0.1461634604805955
T1,47,8,0.1546394994070288
T1,47,9,0.1463229039695441
T1,48,0,0.0636744311725732
T1,48,1,0.0654206179849811
T1,48,2,0.11677846455535529
T1,48,3,0.132617460657438
T1,48,4,0.05154760463295763
T1,48,5,0.16566944974892098
T1,48,6,0.13900027727963438
T1,48,7,0.1129770160465224
T1,48,8,0.17744114428855415
T1,48,9,0.06223892567124026
T1,49,0,0.028056164635922653
T1,49,1,0.04734020766506352
T1,49,2,0.09656352209330761
T1,49,3,0.07803827119041123
T1,49,4,0.07735236868499736
T1,49,5,0.09774537506133604
T1,49,6,0.028959272474110613
T1,49,7,0.0854325340913173
T1,49,8,0.040497256862773244
T1,49,9,0.08077737722817308
T1,50,0,0.04045587788164168
T1,50,1,0.05786567485929009
T1,50,2,0.03526064808057094
T1,50,3,0.07266296397651764
T1,50,4,0.06973447434639506
T1,50,5,0.07995547841116096
T1,50,6,0.07483888425963
T1,50,7,0.09749449150096094
T1,50,8,0.08935722922547744
T1,50,9,0.0976654881531357
T1,51,0,0.09378145125036162
T1,51,1,0.06501343488155756
T1,51,2,0.09961692204590011
T1,51,3,0.1141330932891967
T1,51,4,0.06667365383870721
T1,51,5,0.07776419413744079
T1,51,6,0.11594106965637836
T1,51,7,0.1575971322185712
T1,51,8,0.06358840333335368
T1,51,9,0.09395234710689655
T1,52,0,0.11128677387071219
T1,52,1,0.03432869513922315
T1,52,2,0.04292499889274429
T1,52,3,0.06537661054918247
T1,52,4,0.10346344897735057
T1,52,5,0.030546458137191063
T1,52,6,0.0833851691405939
T1,52,7,0.11037524879671956
T1,52,8,0.05004493092907338
T1,52,9,0.049324899729058444
T1,53,0,0.029947236350246178
T1,53,1,0.048057710121044386
T1,53,2,0.026262015926699852
T1,53,3,0.043193555577294714
T1,53,4,0.03083121257379659
T1,53,5,0.0423286939822867
T1,53,6,0.02212707108530633
T1,53,7,0.021600368922245657
T1,53,8,0.028400152771100882
T1,53,9,0.02483756579896278
T1,54,0,0.037487933388300455
T1,54,1,0.07364184668428511
T1,54,2,0.0371306579693027
T1,54,3,0.030571600697070666
T1,54,4,0.056619520894125835
T1,54,5,0.037272817512404396
T1,54,6,0.028178914757951968
T1,54,7,0.06971108645568083
T1,54,8,0.03469601988835175
T1,54,9,0.05032720120926246
T1,55,0,0.0654228627882667
T1,55,1,0.06813151331634926
T1,55,2,0.03794624407329784
T1,55,3,0.06085371242574821
T1,55,4,0.07793754670111329
T1,55,5,0.0824983124263259
T1,55,6,0.04220203271311628
T1,55,7,0.07245320543215601
T1,55,8,0.07819096047262636
T1,55,9,0.06052628132831834
T1,56,0,0.17338633716317164
T1,56,1,0.14756536505707515
T1,56,2,0.10585281017792265
T1,56,3,0.13183010145205537
T1,56,4,0.12010961413741919
T1,56,5,0.16606566631549627
T1,56,6,0.17069481174776754
T1,56,7,0.1640580670697275
T1,56,8,0.11189330250355782
T1,56,9,0.18099208064765382
T1,57,0,0.1427861558173987
T1,57,1,0.12399408420168656
T1,57,2,0.17803099683345538
T1,57,3,0.1283889921019398
T1,57,4,0.08313761084987815
T1,57,5,0.19403171420697862
T1,57,6,0.19060153168352695
T1,57,7,0.13339278674999316
T1,57,8,0.10288153904862225
T1,57,9,0.1864786136201595
T1,58,0,0.10748396622402714
T1,58,1,0.15539747858684788
T1,58,2,0.1895900061860085
T1,58,3,0.1813061247196702
T1,58,4,0.22766667962043527
T1,58,5,0.14609341421141553
T1,58,6,0.16748246288034974
T1,58,7,0.1896093348754318
T1,58,8,0.22385363413263806
T1,58,9,0.21804882244094856
T1,59,0,0.11297550024835314
T1,59,1,0.13485247400091863
T1,59,2,0.17056252915139275
T1,59,3,0.14488278486926578
T1,59,4,0.11544457451570292
T1,59,5,0.09226595195073514
T1,59,6,0.15010811551975897
T1,59,7,0.1460496996576796
T1,59,8,0.05030635856924844
T1,59,9,0.15806135919707487
T1,60,0,0.058056393911831074
T1,60,1,0.0567414901992207
T1,60,2,0.0676933163155474
T1,60,3,0.06395296459736648
T1,60,4,0.11269789140388728
T1,60,5,0.08034497976427335
T1,60,6,0.06066674812164322
T1,60,7,0.07194854727795703
T1,60,8,0.035865707873995435
T1,60,9,0.09556571297776988
T1,61,0,0.05762415391903828
T1,61,1,0.09497303553241884
T1,61,2,0.05458651573987047
T1,61,3,0.11265604045723482
T1,61,4,0.06892553652765425
T1,61,5,0.06123662781222397
T1,61,6,0.07169939660676113
T1,61,7,0.09638635451175206
T1,61,8,0.05762414664520587
T1,61,9,0.07487751499647617
T1,62,0,0.018686449500507338
T1,62,1,0.022738787702332616
T1,62,2,0.02761312936047192
T1,62,3,0.04063224791105502
T1,62,4,0.019704667696621696
T1,62,5,0.03375349665582425
T1,62,6,0.03276088146938093
T1,62,7,0.0197413875163995
T1,62,8,0.017377504435162172
T1,62,9,0.022634833667802792
T1,63,0,0.04658808889692866
T1,63,1,0.07410046957426225
T1,63,2,0.04110726424666724
T1,63,3,0.047205683862878836
T1,63,4,0.04405798667095114
T1,63,5,0.048319212811775376
T1,63,6,0.03667188663593242
T1,63,7,0.05382660544378617
T1,63,8,0.05595256665444229
T1,63,9,0.06288977908987943
T1,64,0,0.06876795422177474
T1,64,1,0.12638455997984116
T1,64,2,0.02542980812322723
T1,64,3,0.013688917050246814
T1,64,4,0.040639268668582626
T1,64,5,0.043129095325797576
T1,64,6,0.03172636771230241
T1,64,7,0.060333319082682635
T1,64,8,0.08674889195750927
T1,64,9,0.06653585592463865
T1,65,0,0.10039745719775496
T1,65,1,0.06355662610987445
T1,65,2,0.12103736479792185
T1,65,3,0.13744431842611726
T1,65,4,0.03854152934735891
T1,65,5,0.050676115420387094
T1,65,6,0.05429073000943816
T1,65,7,0.04926815516819452
T1,65,8,0.07775672499645983
T1,65,9,0.032846053656283215
T1,66,0,0.04998719580387369
T1,66,1,0.04043270011114276
T1,66,2,0.08865491553397435
T1,66,3,0.04659837706166952
T1,66,4,0.04567899698898316
T1,66,5,0.04278758410205997
T1,66,6,0.03782371276742567
T1,66,7,0.05752595509877146
T1,66,8,0.08930331024135502
T1,66,9,0.09276519939295985
T1,67,0,0.04980559179979999
T1,67,1,0.10546582665459978
T1,67,2,0.008175899006609741
T1,67,3,0.037876137935790276
T1,67,4,0.048308246197871815
T1,67,5,0.02460346839642109
T1,67,6,0.052189111875106955
T1,67,7,0.030067965284870705
T1,67,8,0.060126450491821325
T1,67,9,0.03600303995955732
T1,68,0,0.010376969862140659
T1,68,1,0.0264915943386262
T1,68,2,0.05604589996253137
T1,68,3,0.010727809271223084
T1,68,4,0.04120126402261736
T1,68,5,0.0641466800660013
T1,68,6,0.026111441505575823
T1,68,7,0.021773728359683657
T1,68,8,0.03936917185468466
T1,68,9,0.036125585162021065
T1,69,0,0.03057949403043846
T1,69,1,0.022762530143421434
T1,69,2,0.014744023945923166
T1,69,3,0.030085362027708687
T1,69,4,0.03621475428352209
T1,69,5,0.027870989044848287
T1,69,6,0.03689227117757353
T1,69,7,0.0722524766108347
T1,69,8,0.050874518293534315
T1,69,9,0.016098738520284758
T1,70,0,0.03955518663516079
T1,70,1,0.056861395955724904
T1,70,2,0.02469926543668254
T1,70,3,0.028367474485137836
T1,70,4,0.0470761872730693
T1,70,5,0.039079565297568335
T1,70,6,0.002243725517186959
T1,70,7,0.03810250995971584
T1,70,8,0.023814887665160663
T1,70,9,0.0179590158776553
T1,71,0,0.020278970324615786
T1,71,1,0.01858683255311495
T1,71,2,0.056043667026868596
T1,71,3,0.03351065982241259
T1,71,4,0.025804425199036727
T1,71,5,0.02861404133578292
T1,71,6,0.019464201449428436
T1,71,7,0.02721011989272546
T1,71,8,0.022850989287128205
T1,71,9,0.038558263972734014
T1,72,0,0.062400553337273346
T1,72,1,0.046702690962276285
T1,72,2,0.04687160342757321
T1,72,3,0.06348629834747706
T1,72,4,0.07923837924883942
T1,72,5,0.036895701122720524
T1,72,6,0.06145434888250843
T1,72,7,0.06005245099657972
T1,72,8,0.07349060380002766
T1,72,9,0.0725969012260635
T1,73,0,0.03276630786415463
T1,73,1,0.030342740603578125
T1,73,2,0.03475270329719835
T1,73,3,0.034086358221529355
T1,73,4,0.043208035567798966
T1,73,5,0.057917461008367026
T1,73,6,0.03406919611165625
T1,73,7,0.03808612130699917
T1,73,8,0.030349703551433217
T1,73,9,0.024578738069427498
T1,74,0,0.032952377116985995
T1,74,1,0.034891401664218426
T1,74,2,0.03686647233414067
T1,74,3,0.05823385921596466
T1,74,4,0.023854987849546358
T1,74,5,0.03399544757461484
T1,74,6,0.01636608425879173
T1,74,7,0.008740664226305825
T1,74,8,0.07362500613359561
T1,74,9,0.02468974203464912
T1,75,0,0.05003125074811001
T1,75,1,0.016036104636757434
T1,75,2,0.03280176459005541
T1,75,3,0.017915418103281823
T1,75,4,0.04706831325490289
T1,75,5,0.024654201612995454
T1,75,6,0.017115722269164416
T1,75,7,0.061912256662429686
T1,75,8,0.03823811792603996
T1,75,9,0.026858239014817705
T1,76,0,0.06776668788814988
T1,76,1,0.06467185235953302
T1,76,2,0.05853573685345888
T1,76,3,0.11618788316034515
T1,76,4,0.04968932892186315
T1,76,5,0.10169582383922716
T1,76,6,0.07720046473735889
T1,76,7,0.06058654180680402
T1,76,8,0.05799828835077823
T1,76,9,0.061805395608038126
T1,77,0,0.06708733471209503
T1,77,1,0.1262876913046888
T1,77,2,0.08628173464601441
T1,77,3,0.03968220832036009
T1,77,4,0.0996234852751136
T1,77,5,0.0350555649342652
T1,77,6,0.11348635560816403
T1,77,7,0.06989297312445564
T1,77,8,0.06102948385037589
T1,77,9,0.05105340664706772
T1,78,0,0.05638126201393321
T1,78,1,0.06966982911566964
T1,78,2,0.05644740030061433
T1,78,3,0.06609385115305198
T1,78,4,0.04628730733131976
T1,78,5,0.0731391078161437
T1,78,6,0.05111263654767008
T1,78,7,0.05226007154039423
T1,78,8,0.050796069685908
T1,78,9,0.04737745670955087
T1,79,0,0.09100131575544786
T1,79,1,0.07578835408483164
T1,79,2,0.05730666227172186
T1,79,3,0.09784526608406793
T1,79,4,0.12494589402763895
T1,79,5,0.05331643705789313
T1,79,6,0.0621345384110694
T1,79,7,0.11664213468723475
T1,79,8,0.08625471758803566
T1,79,9,0.08285486439599316
