seed123_T0-task_step14000 0 0 0 0.8355457030120306
seed123_T0-task_step14000 0 0 1 0.10105438902974129
seed123_T0-task_step14000 0 0 2 0.09038223803509027
seed123_T0-task_step14000 0 0 3 0.11864030896686018
seed123_T0-task_step14000 0 0 4 0.11178868997376412
seed123_T0-task_step14000 0 0 5 0.10275711200665683
seed123_T0-task_step14000 0 0 6 0.09150935697834939
seed123_T0-task_step14000 0 0 7 0.09238324197940528
seed123_T0-task_step14000 0 0 8 0.09330925601534545
seed123_T0-task_step14000 0 0 9 0.09034170996164903
seed123_T0-task_step14000 0 1 0 0.09822759998496622
seed123_T0-task_step14000 0 1 1 0.0926835080026649
seed123_T0-task_step14000 0 1 2 0.09012064599664882
seed123_T0-task_step14000 0 1 3 0.09368946496397257
seed123_T0-task_step14000 0 1 4 0.10609704098897055
seed123_T0-task_step14000 0 1 5 0.09680826199473813
seed123_T0-task_step14000 0 1 6 0.09726655797567219
seed123_T0-task_step14000 0 1 7 0.09641251200810075
seed123_T0-task_step14000 0 1 8 0.09425814403221011
seed123_T0-task_step14000 0 1 9 0.09301952901296318
seed123_T0-task_step14000 0 2 0 0.09045542700914666
seed123_T0-task_step14000 0 2 1 0.09407794801518321
seed123_T0-task_step14000 0 2 2 0.09097100398503244
seed123_T0-task_step14000 0 2 3 0.08880927198333666
seed123_T0-task_step14000 0 2 4 0.09122343803755939
seed123_T0-task_step14000 0 2 5 0.08863164100330323
seed123_T0-task_step14000 0 2 6 0.08970339503139257
seed123_T0-task_step14000 0 2 7 0.08805462496820837
seed123_T0-task_step14000 0 2 8 0.09515564294997603
seed123_T0-task_step14000 0 2 9 0.09613261400954798
seed123_T0-task_step14000 0 3 0 0.09353332297177985
seed123_T0-task_step14000 0 3 1 0.08879321999847889
seed123_T0-task_step14000 0 3 2 0.09268192201852798
seed123_T0-task_step14000 0 3 3 0.09258280199719593
seed123_T0-task_step14000 0 3 4 0.09151983400806785
seed123_T0-task_step14000 0 3 5 0.09250684600556269
seed123_T0-task_step14000 0 3 6 0.09065456700045615
seed123_T0-task_step14000 0 3 7 0.09082104597473517
seed123_T0-task_step14000 0 3 8 0.09020553500158712
seed123_T0-task_step14000 0 3 9 0.09007010597269982
seed123_T0-task_step14000 0 4 0 0.09046179603319615
seed123_T0-task_step14000 0 4 1 0.0914453300065361
seed123_T0-task_step14000 0 4 2 0.09344755799975246
seed123_T0-task_step14000 0 4 3 0.09098928701132536
seed123_T0-task_step14000 0 4 4 0.09407332696719095
seed123_T0-task_step14000 0 4 5 0.09404245699988678
seed123_T0-task_step14000 0 4 6 0.09741798503091559
seed123_T0-task_step14000 0 4 7 0.09186083701206371
seed123_T0-task_step14000 0 4 8 0.09839490795275196
seed123_T0-task_step14000 0 4 9 0.09290773200336844
seed123_T0-task_step14000 0 5 0 0.09469976596301422
seed123_T0-task_step14000 0 5 1 0.09241880499757826
seed123_T0-task_step14000 0 5 2 0.09315854194574058
seed123_T0-task_step14000 0 5 3 0.09286915702978149
seed123_T0-task_step14000 0 5 4 0.09244747000047937
seed123_T0-task_step14000 0 5 5 0.09214256604900584
seed123_T0-task_step14000 0 5 6 0.09011003095656633
seed123_T0-task_step14000 0 5 7 0.08997251698747277
seed123_T0-task_step14000 0 5 8 0.09310059197014198
seed123_T0-task_step14000 0 5 9 0.09141871798783541
seed123_T0-task_step14000 0 6 0 0.09407961601391435
seed123_T0-task_step14000 0 6 1 0.0883773390087299
seed123_T0-task_step14000 0 6 2 0.08816778799518943
seed123_T0-task_step14000 0 6 3 0.08844373602187261
seed123_T0-task_step14000 0 6 4 0.09168134001083672
seed123_T0-task_step14000 0 6 5 0.09291897196089849
seed123_T0-task_step14000 0 6 6 0.08839966199593619
seed123_T0-task_step14000 0 6 7 0.0906754830502905
seed123_T0-task_step14000 0 6 8 0.08815493399742991
seed123_T0-task_step14000 0 6 9 0.0888585009961389
seed123_T0-task_step14000 0 7 0 0.0931856130482629
seed123_T0-task_step14000 0 7 1 0.09041926101781428
seed123_T0-task_step14000 0 7 2 0.0919464870239608
seed123_T0-task_step14000 0 7 3 0.09073664899915457
seed123_T0-task_step14000 0 7 4 0.0940463209990412
seed123_T0-task_step14000 0 7 5 0.09206854103831574
seed123_T0-task_step14000 0 7 6 0.09005364996846765
seed123_T0-task_step14000 0 7 7 0.0878317019669339
seed123_T0-task_step14000 0 7 8 0.08729762904113159
seed123_T0-task_step14000 0 7 9 0.08755248802481219
seed123_T0-task_step14000 0 8 0 0.09313675801968202
seed123_T0-task_step14000 0 8 1 0.08919954299926758
seed123_T0-task_step14000 0 8 2 0.08849488198757172
seed123_T0-task_step14000 0 8 3 0.0882700210204348
seed123_T0-task_step14000 0 8 4 0.08777560398448259
seed123_T0-task_step14000 0 8 5 0.09202152997022495
seed123_T0-task_step14000 0 8 6 0.09194206696702167
seed123_T0-task_step14000 0 8 7 0.09036309196380898
seed123_T0-task_step14000 0 8 8 0.0883401749888435
seed123_T0-task_step14000 0 8 9 0.08792697300668806
seed123_T0-task_step14000 0 9 0 0.0934852350037545
seed123_T0-task_step14000 0 9 1 0.09016528201755136
seed123_T0-task_step14000 0 9 2 0.09139534900896251
seed123_T0-task_step14000 0 9 3 0.09161837602732703
seed123_T0-task_step14000 0 9 4 0.08879487600643188
seed123_T0-task_step14000 0 9 5 0.09459902701200917
seed123_T0-task_step14000 0 9 6 0.08990830898983404
seed123_T0-task_step14000 0 9 7 0.09004277701023966
seed123_T0-task_step14000 0 9 8 0.09009830298600718
seed123_T0-task_step14000 0 9 9 0.09216959198238328
seed123_T0-task_step14000 6 0 0 0.1474841550225392
seed123_T0-task_step14000 6 0 1 0.1407671840279363
seed123_T0-task_step14000 6 0 2 0.14194201299687847
seed123_T0-task_step14000 6 0 3 0.1403886959888041
seed123_T0-task_step14000 6 0 4 0.1417552239727229
seed123_T0-task_step14000 6 0 5 0.14627906400710344
seed123_T0-task_step14000 6 0 6 0.13734265899984166
seed123_T0-task_step14000 6 0 7 0.13832402898697183
seed123_T0-task_step14000 6 0 8 0.14016988704679534
seed123_T0-task_step14000 6 0 9 0.1444128160364926
seed123_T0-task_step14000 6 1 0 0.1400649530114606
seed123_T0-task_step14000 6 1 1 0.1385322569985874
seed123_T0-task_step14000 6 1 2 0.14441117196111009
seed123_T0-task_step14000 6 1 3 0.13867400801973417
seed123_T0-task_step14000 6 1 4 0.13808542100014165
seed123_T0-task_step14000 6 1 5 0.1461644810042344
seed123_T0-task_step14000 6 1 6 0.14201192295877263
seed123_T0-task_step14000 6 1 7 0.1420254179975018
seed123_T0-task_step14000 6 1 8 0.1407709449995309
seed123_T0-task_step14000 6 1 9 0.14386347000254318
seed123_T0-task_step14000 6 2 0 0.14222524204524234
seed123_T0-task_step14000 6 2 1 0.13973956799600273
seed123_T0-task_step14000 6 2 2 0.14490890398155898
seed123_T0-task_step14000 6 2 3 0.14030603202991188
seed123_T0-task_step14000 6 2 4 0.14156229904619977
seed123_T0-task_step14000 6 2 5 0.14532277500256896
seed123_T0-task_step14000 6 2 6 0.14494931901572272
seed123_T0-task_step14000 6 2 7 0.144830840989016
seed123_T0-task_step14000 6 2 8 0.14456499298103154
seed123_T0-task_step14000 6 2 9 0.14092248299857602
seed123_T0-task_step14000 6 3 0 0.14220914704492316
seed123_T0-task_step14000 6 3 1 0.14335139497416094
seed123_T0-task_step14000 6 3 2 0.1390044359723106
seed123_T0-task_step14000 6 3 3 0.1409361669793725
seed123_T0-task_step14000 6 3 4 0.1409052989911288
seed123_T0-task_step14000 6 3 5 0.14708251401316375
seed123_T0-task_step14000 6 3 6 0.14137375599239022
seed123_T0-task_step14000 6 3 7 0.1392363189952448
seed123_T0-task_step14000 6 3 8 0.1426589359762147
seed123_T0-task_step14000 6 3 9 0.1484453430166468
seed123_T0-task_step14000 6 4 0 0.14287392899859697
seed123_T0-task_step14000 6 4 1 0.1438469219719991
seed123_T0-task_step14000 6 4 2 0.14287456002784893
seed123_T0-task_step14000 6 4 3 0.14814236300298944
seed123_T0-task_step14000 6 4 4 0.14384569897083566
seed123_T0-task_step14000 6 4 5 0.14509781904052943
seed123_T0-task_step14000 6 4 6 0.14696784102125093
seed123_T0-task_step14000 6 4 7 0.14510195498587564
seed123_T0-task_step14000 6 4 8 0.14874318201327696
seed123_T0-task_step14000 6 4 9 0.1443914440460503
seed123_T0-task_step14000 6 5 0 0.14333560096565634
seed123_T0-task_step14000 6 5 1 0.14212241501081735
seed123_T0-task_step14000 6 5 2 0.14398602599976584
seed123_T0-task_step14000 6 5 3 0.1392055150354281
seed123_T0-task_step14000 6 5 4 0.14293097401969135
seed123_T0-task_step14000 6 5 5 0.14715793303912506
seed123_T0-task_step14000 6 5 6 0.1404216560185887
seed123_T0-task_step14000 6 5 7 0.13933569402433932
seed123_T0-task_step14000 6 5 8 0.14051564497640356
seed123_T0-task_step14000 6 5 9 0.14876453898614272
seed123_T0-task_step14000 6 6 0 0.13831150101032108
seed123_T0-task_step14000 6 6 1 0.13985260395566002
seed123_T0-task_step14000 6 6 2 0.14205781900091097
seed123_T0-task_step14000 6 6 3 0.14044010901125148
seed123_T0-task_step14000 6 6 4 0.13774623803328723
seed123_T0-task_step14000 6 6 5 0.14739141700556502
seed123_T0-task_step14000 6 6 6 0.13775211799656972
seed123_T0-task_step14000 6 6 7 0.13918981200549752
seed123_T0-task_step14000 6 6 8 0.14424881502054632
seed123_T0-task_step14000 6 6 9 0.14032583800144494
seed123_T0-task_step14000 6 7 0 0.14066253398777917
seed123_T0-task_step14000 6 7 1 0.14307418500538915
seed123_T0-task_step14000 6 7 2 0.14121781603898853
seed123_T0-task_step14000 6 7 3 0.1411903920234181
seed123_T0-task_step14000 6 7 4 0.145912870997563
seed123_T0-task_step14000 6 7 5 0.142003161017783
seed123_T0-task_step14000 6 7 6 0.154217723000329
seed123_T0-task_step14000 6 7 7 0.14620571199338883
seed123_T0-task_step14000 6 7 8 0.14483501604991034
seed123_T0-task_step14000 6 7 9 0.14156654302496463
seed123_T0-task_step14000 6 8 0 0.14026105095399544
seed123_T0-task_step14000 6 8 1 0.1443858640268445
seed123_T0-task_step14000 6 8 2 0.14433298201765865
seed123_T0-task_step14000 6 8 3 0.14505005604587495
seed123_T0-task_step14000 6 8 4 0.14569847896927968
seed123_T0-task_step14000 6 8 5 0.14832929999101907
seed123_T0-task_step14000 6 8 6 0.14186044299276546
seed123_T0-task_step14000 6 8 7 0.1440284870332107
seed123_T0-task_step14000 6 8 8 0.1471092389547266
seed123_T0-task_step14000 6 8 9 0.14159943297272548
seed123_T0-task_step14000 6 9 0 0.13897380197886378
seed123_T0-task_step14000 6 9 1 0.14333950699074194
seed123_T0-task_step14000 6 9 2 0.14264103904133663
seed123_T0-task_step14000 6 9 3 0.1426600129925646
seed123_T0-task_step14000 6 9 4 0.1442006949800998
seed123_T0-task_step14000 6 9 5 0.14117121102754027
seed123_T0-task_step14000 6 9 6 0.1418178400490433
seed123_T0-task_step14000 6 9 7 0.14620700903469697
seed123_T0-task_step14000 6 9 8 0.14838026301003993
seed123_T0-task_step14000 6 9 9 0.1421392449992709
seed123_T0-task_step14000 9 0 0 0.05033245496451855
seed123_T0-task_step14000 9 0 1 0.041322822973597795
seed123_T0-task_step14000 9 0 2 0.04325476399390027
seed123_T0-task_step14000 9 0 3 0.04190643003676087
seed123_T0-task_step14000 9 0 4 0.04223596298834309
seed123_T0-task_step14000 9 0 5 0.0417786969919689
seed123_T0-task_step14000 9 0 6 0.04542760696494952
seed123_T0-task_step14000 9 0 7 0.04241557698696852
seed123_T0-task_step14000 9 0 8 0.041607328050304204
seed123_T0-task_step14000 9 0 9 0.042313179990742356
seed123_T0-task_step14000 9 1 0 0.041773185948841274
seed123_T0-task_step14000 9 1 1 0.041236728022340685
seed123_T0-task_step14000 9 1 2 0.040240680042188615
seed123_T0-task_step14000 9 1 3 0.04158994497265667
seed123_T0-task_step14000 9 1 4 0.04235389898531139
seed123_T0-task_step14000 9 1 5 0.04509160399902612
seed123_T0-task_step14000 9 1 6 0.0426925880019553
seed123_T0-task_step14000 9 1 7 0.04149824898922816
seed123_T0-task_step14000 9 1 8 0.04136128700338304
seed123_T0-task_step14000 9 1 9 0.043143090966623276
seed123_T0-task_step14000 9 2 0 0.04144808300770819
seed123_T0-task_step14000 9 2 1 0.04144745098892599
seed123_T0-task_step14000 9 2 2 0.04182313196361065
seed123_T0-task_step14000 9 2 3 0.04265931301051751
seed123_T0-task_step14000 9 2 4 0.045057467999868095
seed123_T0-task_step14000 9 2 5 0.042496851994656026
seed123_T0-task_step14000 9 2 6 0.0463231040048413
seed123_T0-task_step14000 9 2 7 0.04256052401615307
seed123_T0-task_step14000 9 2 8 0.042058603023178875
seed123_T0-task_step14000 9 2 9 0.040854815975762904
seed123_T0-task_step14000 9 3 0 0.040325131034478545
seed123_T0-task_step14000 9 3 1 0.039685564988758415
seed123_T0-task_step14000 9 3 2 0.04163069202331826
seed123_T0-task_step14000 9 3 3 0.042422419996000826
seed123_T0-task_step14000 9 3 4 0.041508547961711884
seed123_T0-task_step14000 9 3 5 0.04166429600445554
seed123_T0-task_step14000 9 3 6 0.04186431004200131
seed123_T0-task_step14000 9 3 7 0.041992104961536825
seed123_T0-task_step14000 9 3 8 0.04301229998236522
seed123_T0-task_step14000 9 3 9 0.04122816096059978
seed123_T0-task_step14000 9 4 0 0.04255463200388476
seed123_T0-task_step14000 9 4 1 0.04197122500045225
seed123_T0-task_step14000 9 4 2 0.04206544498447329
seed123_T0-task_step14000 9 4 3 0.04233940003905445
seed123_T0-task_step14000 9 4 4 0.0424654419766739
seed123_T0-task_step14000 9 4 5 0.043019323027692735
seed123_T0-task_step14000 9 4 6 0.042076295998413116
seed123_T0-task_step14000 9 4 7 0.04293862800113857
seed123_T0-task_step14000 9 4 8 0.04654653003672138
seed123_T0-task_step14000 9 4 9 0.04434420098550618
seed123_T0-task_step14000 9 5 0 0.041834310977719724
seed123_T0-task_step14000 9 5 1 0.0422484659939073
seed123_T0-task_step14000 9 5 2 0.04272447800030932
seed123_T0-task_step14000 9 5 3 0.04279503197176382
seed123_T0-task_step14000 9 5 4 0.041920527000911534
seed123_T0-task_step14000 9 5 5 0.04217370197875425
seed123_T0-task_step14000 9 5 6 0.04385061503853649
seed123_T0-task_step14000 9 5 7 0.042834247986320406
seed123_T0-task_step14000 9 5 8 0.04288296098820865
seed123_T0-task_step14000 9 5 9 0.04775846196571365
seed123_T0-task_step14000 9 6 0 0.04312626802129671
seed123_T0-task_step14000 9 6 1 0.04280834802193567
seed123_T0-task_step14000 9 6 2 0.04625931003829464
seed123_T0-task_step14000 9 6 3 0.04284820397151634
seed123_T0-task_step14000 9 6 4 0.042684119020123035
seed123_T0-task_step14000 9 6 5 0.04221699497429654
seed123_T0-task_step14000 9 6 6 0.04330717399716377
seed123_T0-task_step14000 9 6 7 0.04461470898240805
seed123_T0-task_step14000 9 6 8 0.0428467919700779
seed123_T0-task_step14000 9 6 9 0.04202512698248029
seed123_T0-task_step14000 9 7 0 0.04622397100320086
seed123_T0-task_step14000 9 7 1 0.045447133015841246
seed123_T0-task_step14000 9 7 2 0.04363141395151615
seed123_T0-task_step14000 9 7 3 0.04241378197912127
seed123_T0-task_step14000 9 7 4 0.04465707903727889
seed123_T0-task_step14000 9 7 5 0.04517925000982359
seed123_T0-task_step14000 9 7 6 0.04286874399986118
seed123_T0-task_step14000 9 7 7 0.04236198298167437
seed123_T0-task_step14000 9 7 8 0.046650528034660965
seed123_T0-task_step14000 9 7 9 0.0442046620300971
seed123_T0-task_step14000 9 8 0 0.046358548977877945
seed123_T0-task_step14000 9 8 1 0.04475394502514973
seed123_T0-task_step14000 9 8 2 0.04257579200202599
seed123_T0-task_step14000 9 8 3 0.04268791695358232
seed123_T0-task_step14000 9 8 4 0.04358383401995525
seed123_T0-task_step14000 9 8 5 0.04149196500657126
seed123_T0-task_step14000 9 8 6 0.04220348899252713
seed123_T0-task_step14000 9 8 7 0.041330987005494535
seed123_T0-task_step14000 9 8 8 0.04142699099611491
seed123_T0-task_step14000 9 8 9 0.04192604700801894
seed123_T0-task_step14000 9 9 0 0.043064999976195395
seed123_T0-task_step14000 9 9 1 0.041913433000445366
seed123_T0-task_step14000 9 9 2 0.04157123604090884
seed123_T0-task_step14000 9 9 3 0.042877100000623614
seed123_T0-task_step14000 9 9 4 0.04259412596002221
seed123_T0-task_step14000 9 9 5 0.042898398998659104
seed123_T0-task_step14000 9 9 6 0.04192952299490571
seed123_T0-task_step14000 9 9 7 0.04167894402053207
seed123_T0-task_step14000 9 9 8 0.04189699998823926
seed123_T0-task_step14000 9 9 9 0.041783614025916904
seed123_T0-task_step14000 12 0 0 0.4479407740291208
seed123_T0-task_step14000 12 0 1 0.43858908402035013
seed123_T0-task_step14000 12 0 2 0.44673750299261883
seed123_T0-task_step14000 12 0 3 0.4538035099976696
seed123_T0-task_step14000 12 0 4 0.43586547701852396
seed123_T0-task_step14000 12 0 5 0.43126244901213795
seed123_T0-task_step14000 12 0 6 0.4406332270009443
seed123_T0-task_step14000 12 0 7 0.4422544320113957
seed123_T0-task_step14000 12 0 8 0.43958148697856814
seed123_T0-task_step14000 12 0 9 0.4302139080245979
seed123_T0-task_step14000 12 1 0 0.4384247560519725
seed123_T0-task_step14000 12 1 1 0.43744632898597047
seed123_T0-task_step14000 12 1 2 0.44404639303684235
seed123_T0-task_step14000 12 1 3 0.4370909230201505
seed123_T0-task_step14000 12 1 4 0.4433552640257403
seed123_T0-task_step14000 12 1 5 0.42883584200171754
seed123_T0-task_step14000 12 1 6 0.4342271899804473
seed123_T0-task_step14000 12 1 7 0.4370830789557658
seed123_T0-task_step14000 12 1 8 0.4450151919736527
seed123_T0-task_step14000 12 1 9 0.443581944971811
seed123_T0-task_step14000 12 2 0 0.4544248729944229
seed123_T0-task_step14000 12 2 1 0.4459255599649623
seed123_T0-task_step14000 12 2 2 0.44394978001946583
seed123_T0-task_step14000 12 2 3 0.43155965296318755
seed123_T0-task_step14000 12 2 4 0.43952791299670935
seed123_T0-task_step14000 12 2 5 0.4450654520187527
seed123_T0-task_step14000 12 2 6 0.4379315010155551
seed123_T0-task_step14000 12 2 7 0.43366159801371396
seed123_T0-task_step14000 12 2 8 0.44336650997865945
seed123_T0-task_step14000 12 2 9 0.4489075200399384
seed123_T0-task_step14000 12 3 0 0.44115275400690734
seed123_T0-task_step14000 12 3 1 0.42967164400033653
seed123_T0-task_step14000 12 3 2 0.44423238799208775
seed123_T0-task_step14000 12 3 3 0.4561670569819398
seed123_T0-task_step14000 12 3 4 0.43754833802813664
seed123_T0-task_step14000 12 3 5 0.43751601298572496
seed123_T0-task_step14000 12 3 6 0.43921307096024975
seed123_T0-task_step14000 12 3 7 0.4355982459965162
seed123_T0-task_step14000 12 3 8 0.4384650819702074
seed123_T0-task_step14000 12 3 9 0.44709917198633775
seed123_T0-task_step14000 12 4 0 0.44902899401495233
seed123_T0-task_step14000 12 4 1 0.4428824799833819
seed123_T0-task_step14000 12 4 2 0.44240875798277557
seed123_T0-task_step14000 12 4 3 0.4341588719980791
seed123_T0-task_step14000 12 4 4 0.43665338901337236
seed123_T0-task_step14000 12 4 5 0.43887085298774764
seed123_T0-task_step14000 12 4 6 0.4422565679997206
seed123_T0-task_step14000 12 4 7 0.4399293650058098
seed123_T0-task_step14000 12 4 8 0.4450392139842734
seed123_T0-task_step14000 12 4 9 0.4349353439756669
seed123_T0-task_step14000 12 5 0 0.4420572560047731
seed123_T0-task_step14000 12 5 1 0.43797986197751015
seed123_T0-task_step14000 12 5 2 0.4449625560082495
seed123_T0-task_step14000 12 5 3 0.4418100039474666
seed123_T0-task_step14000 12 5 4 0.4435332429711707
seed123_T0-task_step14000 12 5 5 0.44411733001470566
seed123_T0-task_step14000 12 5 6 0.4408691939897835
seed123_T0-task_step14000 12 5 7 0.44895348901627585
seed123_T0-task_step14000 12 5 8 0.4495091189746745
seed123_T0-task_step14000 12 5 9 0.43729698401875794
seed123_T0-task_step14000 12 6 0 0.443680839962326
seed123_T0-task_step14000 12 6 1 0.44477968296268955
seed123_T0-task_step14000 12 6 2 0.44421640201471746
seed123_T0-task_step14000 12 6 3 0.4318542380351573
seed123_T0-task_step14000 12 6 4 0.43005082302261144
seed123_T0-task_step14000 12 6 5 0.4566192510537803
seed123_T0-task_step14000 12 6 6 0.45130179601255804
seed123_T0-task_step14000 12 6 7 0.43647317501017824
seed123_T0-task_step14000 12 6 8 0.43985387100838125
seed123_T0-task_step14000 12 6 9 0.42960223997943103
seed123_T0-task_step14000 12 7 0 0.435522528947331
seed123_T0-task_step14000 12 7 1 0.43712028698064387
seed123_T0-task_step14000 12 7 2 0.4440341379959136
seed123_T0-task_step14000 12 7 3 0.4543480330030434
seed123_T0-task_step14000 12 7 4 0.44917708297725767
seed123_T0-task_step14000 12 7 5 0.4481657359865494
seed123_T0-task_step14000 12 7 6 0.42828106303932145
seed123_T0-task_step14000 12 7 7 0.4441920089884661
seed123_T0-task_step14000 12 7 8 0.43157308496301994
seed123_T0-task_step14000 12 7 9 0.43271387700224295
seed123_T0-task_step14000 12 8 0 0.4314280530088581
seed123_T0-task_step14000 12 8 1 0.4314457530272193
seed123_T0-task_step14000 12 8 2 0.4295347319566645
seed123_T0-task_step14000 12 8 3 0.4330978029756807
seed123_T0-task_step14000 12 8 4 0.47372676501981914
seed123_T0-task_step14000 12 8 5 0.4392714839777909
seed123_T0-task_step14000 12 8 6 0.44122336100554094
seed123_T0-task_step14000 12 8 7 0.449780999973882
seed123_T0-task_step14000 12 8 8 0.44126314198365435
seed123_T0-task_step14000 12 8 9 0.44698468898423016
seed123_T0-task_step14000 12 9 0 0.4473016320262104
seed123_T0-task_step14000 12 9 1 0.4749798760167323
seed123_T0-task_step14000 12 9 2 0.4471671400242485
seed123_T0-task_step14000 12 9 3 0.4317383960005827
seed123_T0-task_step14000 12 9 4 0.427156115998514
seed123_T0-task_step14000 12 9 5 0.43669182900339365
seed123_T0-task_step14000 12 9 6 0.42140047799330205
seed123_T0-task_step14000 12 9 7 0.43468064203625545
seed123_T0-task_step14000 12 9 8 0.44086815300397575
seed123_T0-task_step14000 12 9 9 0.4418061439646408
seed123_T0-task_step14000 18 0 0 0.1150804299977608
seed123_T0-task_step14000 18 0 1 0.10225095599889755
seed123_T0-task_step14000 18 0 2 0.1049547650036402
seed123_T0-task_step14000 18 0 3 0.10469984798692167
seed123_T0-task_step14000 18 0 4 0.10819316795095801
seed123_T0-task_step14000 18 0 5 0.1128586430568248
seed123_T0-task_step14000 18 0 6 0.10371253499761224
seed123_T0-task_step14000 18 0 7 0.11863404500763863
seed123_T0-task_step14000 18 0 8 0.10347351600648835
seed123_T0-task_step14000 18 0 9 0.10619725397555158
seed123_T0-task_step14000 18 1 0 0.10489051102194935
seed123_T0-task_step14000 18 1 1 0.10287991998484358
seed123_T0-task_step14000 18 1 2 0.10300872597144917
seed123_T0-task_step14000 18 1 3 0.10496517398860306
seed123_T0-task_step14000 18 1 4 0.1066565919900313
seed123_T0-task_step14000 18 1 5 0.10636100597912446
seed123_T0-task_step14000 18 1 6 0.10250598203856498
seed123_T0-task_step14000 18 1 7 0.10258349200012162
seed123_T0-task_step14000 18 1 8 0.10398069699294865
seed123_T0-task_step14000 18 1 9 0.10668535699369386
seed123_T0-task_step14000 18 2 0 0.10317073500482365
seed123_T0-task_step14000 18 2 1 0.10405155300395563
seed123_T0-task_step14000 18 2 2 0.09942812699591741
seed123_T0-task_step14000 18 2 3 0.09950336103793234
seed123_T0-task_step14000 18 2 4 0.10148085799301043
seed123_T0-task_step14000 18 2 5 0.10342613403918222
seed123_T0-task_step14000 18 2 6 0.10234707698691636
seed123_T0-task_step14000 18 2 7 0.10697641398292035
seed123_T0-task_step14000 18 2 8 0.10916689899750054
seed123_T0-task_step14000 18 2 9 0.10464448697166517
seed123_T0-task_step14000 18 3 0 0.10308516101213172
seed123_T0-task_step14000 18 3 1 0.10359949595294893
seed123_T0-task_step14000 18 3 2 0.10450226394459605
seed123_T0-task_step14000 18 3 3 0.10646774800261483
seed123_T0-task_step14000 18 3 4 0.10403288499219343
seed123_T0-task_step14000 18 3 5 0.1000078950310126
seed123_T0-task_step14000 18 3 6 0.10160004498902708
seed123_T0-task_step14000 18 3 7 0.10560959501890466
seed123_T0-task_step14000 18 3 8 0.10888183198403567
seed123_T0-task_step14000 18 3 9 0.10325782001018524
seed123_T0-task_step14000 18 4 0 0.09991082898341119
seed123_T0-task_step14000 18 4 1 0.10401332698529586
seed123_T0-task_step14000 18 4 2 0.10582827299367636
seed123_T0-task_step14000 18 4 3 0.10587318701436743
seed123_T0-task_step14000 18 4 4 0.10322135902242735
seed123_T0-task_step14000 18 4 5 0.10297235200414434
seed123_T0-task_step14000 18 4 6 0.10561881097964942
seed123_T0-task_step14000 18 4 7 0.10387834702851251
seed123_T0-task_step14000 18 4 8 0.10611398000037298
seed123_T0-task_step14000 18 4 9 0.10584486305015162
seed123_T0-task_step14000 18 5 0 0.1080045310081914
seed123_T0-task_step14000 18 5 1 0.10585028497735038
seed123_T0-task_step14000 18 5 2 0.1061468010302633
seed123_T0-task_step14000 18 5 3 0.11218098900280893
seed123_T0-task_step14000 18 5 4 0.1075248810229823
seed123_T0-task_step14000 18 5 5 0.10420036304276437
seed123_T0-task_step14000 18 5 6 0.10662937501911074
seed123_T0-task_step14000 18 5 7 0.10407730704173446
seed123_T0-task_step14000 18 5 8 0.10273368400521576
seed123_T0-task_step14000 18 5 9 0.10847946803551167
seed123_T0-task_step14000 18 6 0 0.10430370102403685
seed123_T0-task_step14000 18 6 1 0.1041511680232361
seed123_T0-task_step14000 18 6 2 0.10452136700041592
seed123_T0-task_step14000 18 6 3 0.1072531480458565
seed123_T0-task_step14000 18 6 4 0.10163172200554982
seed123_T0-task_step14000 18 6 5 0.10542159102624282
seed123_T0-task_step14000 18 6 6 0.10780239099403843
seed123_T0-task_step14000 18 6 7 0.10560663498472422
seed123_T0-task_step14000 18 6 8 0.10828925296664238
seed123_T0-task_step14000 18 6 9 0.10658092104131356
seed123_T0-task_step14000 18 7 0 0.10425433597993106
seed123_T0-task_step14000 18 7 1 0.10702045098878443
seed123_T0-task_step14000 18 7 2 0.10526389698497951
seed123_T0-task_step14000 18 7 3 0.10939185303868726
seed123_T0-task_step14000 18 7 4 0.10553835303289816
seed123_T0-task_step14000 18 7 5 0.10585598199395463
seed123_T0-task_step14000 18 7 6 0.10635551798623055
seed123_T0-task_step14000 18 7 7 0.104787465010304
seed123_T0-task_step14000 18 7 8 0.10519735002890229
seed123_T0-task_step14000 18 7 9 0.10302799398778006
seed123_T0-task_step14000 18 8 0 0.10623939405195415
seed123_T0-task_step14000 18 8 1 0.10489571199286729
seed123_T0-task_step14000 18 8 2 0.10692466702312231
seed123_T0-task_step14000 18 8 3 0.10215257602976635
seed123_T0-task_step14000 18 8 4 0.10516981600085273
seed123_T0-task_step14000 18 8 5 0.10276405798504129
seed123_T0-task_step14000 18 8 6 0.10392762598348781
seed123_T0-task_step14000 18 8 7 0.10266878601396456
seed123_T0-task_step14000 18 8 8 0.10362604999681935
seed123_T0-task_step14000 18 8 9 0.1038161430042237
seed123_T0-task_step14000 18 9 0 0.10724634199868888
seed123_T0-task_step14000 18 9 1 0.10164958203677088
seed123_T0-task_step14000 18 9 2 0.10598131001461297
seed123_T0-task_step14000 18 9 3 0.10478735098149627
seed123_T0-task_step14000 18 9 4 0.10644624999258667
seed123_T0-task_step14000 18 9 5 0.10623734898399562
seed123_T0-task_step14000 18 9 6 0.10863987100310624
seed123_T0-task_step14000 18 9 7 0.10823667800286785
seed123_T0-task_step14000 18 9 8 0.10439103399403393
seed123_T0-task_step14000 18 9 9 0.1084049100172706
seed123_T0-task_step14000 22 0 0 0.017921293037943542
seed123_T0-task_step14000 22 0 1 0.01548254198860377
seed123_T0-task_step14000 22 0 2 0.015425503021106124
seed123_T0-task_step14000 22 0 3 0.015434540982823819
seed123_T0-task_step14000 22 0 4 0.0154645080328919
seed123_T0-task_step14000 22 0 5 0.015554028970655054
seed123_T0-task_step14000 22 0 6 0.015551964985206723
seed123_T0-task_step14000 22 0 7 0.015478604997042567
seed123_T0-task_step14000 22 0 8 0.015113015018869191
seed123_T0-task_step14000 22 0 9 0.014922679984010756
seed123_T0-task_step14000 22 1 0 0.016915676998905838
seed123_T0-task_step14000 22 1 1 0.01848832896212116
seed123_T0-task_step14000 22 1 2 0.015818667015992105
seed123_T0-task_step14000 22 1 3 0.015520164975896478
seed123_T0-task_step14000 22 1 4 0.015744253993034363
seed123_T0-task_step14000 22 1 5 0.015270375995896757
seed123_T0-task_step14000 22 1 6 0.015254665981046855
seed123_T0-task_step14000 22 1 7 0.01545349700609222
seed123_T0-task_step14000 22 1 8 0.015281557978596538
seed123_T0-task_step14000 22 1 9 0.015302838000934571
seed123_T0-task_step14000 22 2 0 0.015414421970490366
seed123_T0-task_step14000 22 2 1 0.015477592998649925
seed123_T0-task_step14000 22 2 2 0.015489294950384647
seed123_T0-task_step14000 22 2 3 0.015529753000009805
seed123_T0-task_step14000 22 2 4 0.015470578975509852
seed123_T0-task_step14000 22 2 5 0.015477673965506256
seed123_T0-task_step14000 22 2 6 0.01563978398917243
seed123_T0-task_step14000 22 2 7 0.015432726999279112
seed123_T0-task_step14000 22 2 8 0.01549484598217532
seed123_T0-task_step14000 22 2 9 0.01552895101485774
seed123_T0-task_step14000 22 3 0 0.016792331007309258
seed123_T0-task_step14000 22 3 1 0.015500967972911894
seed123_T0-task_step14000 22 3 2 0.015555461985059083
seed123_T0-task_step14000 22 3 3 0.015675771981477737
seed123_T0-task_step14000 22 3 4 0.015406116028316319
seed123_T0-task_step14000 22 3 5 0.01572878402657807
seed123_T0-task_step14000 22 3 6 0.01748837501509115
seed123_T0-task_step14000 22 3 7 0.017130308027844876
seed123_T0-task_step14000 22 3 8 0.01648694695904851
seed123_T0-task_step14000 22 3 9 0.017130818974692374
seed123_T0-task_step14000 22 4 0 0.015969164029229432
seed123_T0-task_step14000 22 4 1 0.01576684700557962
seed123_T0-task_step14000 22 4 2 0.015801503031980246
seed123_T0-task_step14000 22 4 3 0.015809920034371316
seed123_T0-task_step14000 22 4 4 0.016278997994959354
seed123_T0-task_step14000 22 4 5 0.015905011969152838
seed123_T0-task_step14000 22 4 6 0.015726028999779373
seed123_T0-task_step14000 22 4 7 0.015646507032215595
seed123_T0-task_step14000 22 4 8 0.01634504395769909
seed123_T0-task_step14000 22 4 9 0.015607000968884677
seed123_T0-task_step14000 22 5 0 0.015535444021224976
seed123_T0-task_step14000 22 5 1 0.015520213986746967
seed123_T0-task_step14000 22 5 2 0.015419111005030572
seed123_T0-task_step14000 22 5 3 0.015417007030919194
seed123_T0-task_step14000 22 5 4 0.015269152994733304
seed123_T0-task_step14000 22 5 5 0.01526436401763931
seed123_T0-task_step14000 22 5 6 0.01543333800509572
seed123_T0-task_step14000 22 5 7 0.016188946028705686
seed123_T0-task_step14000 22 5 8 0.015477203007321805
seed123_T0-task_step14000 22 5 9 0.015217725012917072
seed123_T0-task_step14000 22 6 0 0.015575490018818527
seed123_T0-task_step14000 22 6 1 0.015470478974748403
seed123_T0-task_step14000 22 6 2 0.01539023604709655
seed123_T0-task_step14000 22 6 3 0.01583027804736048
seed123_T0-task_step14000 22 6 4 0.016074335027951747
seed123_T0-task_step14000 22 6 5 0.015621088037732989
seed123_T0-task_step14000 22 6 6 0.015830368967726827
seed123_T0-task_step14000 22 6 7 0.01790326798800379
seed123_T0-task_step14000 22 6 8 0.016692759993020445
seed123_T0-task_step14000 22 6 9 0.01611024502199143
seed123_T0-task_step14000 22 7 0 0.015646004991140217
seed123_T0-task_step14000 22 7 1 0.015890492999460548
seed123_T0-task_step14000 22 7 2 0.015469036996364594
seed123_T0-task_step14000 22 7 3 0.01544757600640878
seed123_T0-task_step14000 22 7 4 0.015428589016664773
seed123_T0-task_step14000 22 7 5 0.01542197703383863
seed123_T0-task_step14000 22 7 6 0.015445952012669295
seed123_T0-task_step14000 22 7 7 0.01545357599388808
seed123_T0-task_step14000 22 7 8 0.01541021402226761
seed123_T0-task_step14000 22 7 9 0.015445291006471962
seed123_T0-task_step14000 22 8 0 0.01541616499889642
seed123_T0-task_step14000 22 8 1 0.01525901403510943
seed123_T0-task_step14000 22 8 2 0.015401376993395388
seed123_T0-task_step14000 22 8 3 0.015361599973402917
seed123_T0-task_step14000 22 8 4 0.014952256984543055
seed123_T0-task_step14000 22 8 5 0.015070282970555127
seed123_T0-task_step14000 22 8 6 0.014916538028046489
seed123_T0-task_step14000 22 8 7 0.015453557018190622
seed123_T0-task_step14000 22 8 8 0.015360618999693543
seed123_T0-task_step14000 22 8 9 0.015347203006967902
seed123_T0-task_step14000 22 9 0 0.015116239956114441
seed123_T0-task_step14000 22 9 1 0.014894175983499736
seed123_T0-task_step14000 22 9 2 0.016378939035348594
seed123_T0-task_step14000 22 9 3 0.015669800981413573
seed123_T0-task_step14000 22 9 4 0.015236880979500711
seed123_T0-task_step14000 22 9 5 0.015583004977088422
seed123_T0-task_step14000 22 9 6 0.01821877300972119
seed123_T0-task_step14000 22 9 7 0.01563152699964121
seed123_T0-task_step14000 22 9 8 0.015257100982125849
seed123_T0-task_step14000 22 9 9 0.01563765900209546
seed123_T0-task_step14000 24 0 0 0.01788589498028159
seed123_T0-task_step14000 24 0 1 0.016956765961367637
seed123_T0-task_step14000 24 0 2 0.016966253984719515
seed123_T0-task_step14000 24 0 3 0.016983597015496343
seed123_T0-task_step14000 24 0 4 0.016970692959148437
seed123_T0-task_step14000 24 0 5 0.016854299989063293
seed123_T0-task_step14000 24 0 6 0.016679032996762544
seed123_T0-task_step14000 24 0 7 0.01727609703084454
seed123_T0-task_step14000 24 0 8 0.017105760984122753
seed123_T0-task_step14000 24 0 9 0.01663833495695144
seed123_T0-task_step14000 24 1 0 0.017016220022924244
seed123_T0-task_step14000 24 1 1 0.017148974002338946
seed123_T0-task_step14000 24 1 2 0.016399107000324875
seed123_T0-task_step14000 24 1 3 0.01640496903564781
seed123_T0-task_step14000 24 1 4 0.01620985596673563
seed123_T0-task_step14000 24 1 5 0.016069886973127723
seed123_T0-task_step14000 24 1 6 0.016318823967594653
seed123_T0-task_step14000 24 1 7 0.016206338012125343
seed123_T0-task_step14000 24 1 8 0.016813661030028015
seed123_T0-task_step14000 24 1 9 0.017533960985019803
seed123_T0-task_step14000 24 2 0 0.017329820024315268
seed123_T0-task_step14000 24 2 1 0.017464798991568387
seed123_T0-task_step14000 24 2 2 0.017419492010958493
seed123_T0-task_step14000 24 2 3 0.023181918018963188
seed123_T0-task_step14000 24 2 4 0.024127998971380293
seed123_T0-task_step14000 24 2 5 0.019285586022306234
seed123_T0-task_step14000 24 2 6 0.017941802041605115
seed123_T0-task_step14000 24 2 7 0.017853331984952092
seed123_T0-task_step14000 24 2 8 0.017201545007992536
seed123_T0-task_step14000 24 2 9 0.01729603495914489
seed123_T0-task_step14000 24 3 0 0.01701406599022448
seed123_T0-task_step14000 24 3 1 0.01697794598294422
seed123_T0-task_step14000 24 3 2 0.016971834003925323
seed123_T0-task_step14000 24 3 3 0.01696238701697439
seed123_T0-task_step14000 24 3 4 0.016940723988227546
seed123_T0-task_step14000 24 3 5 0.01693821995286271
seed123_T0-task_step14000 24 3 6 0.016951926983892918
seed123_T0-task_step14000 24 3 7 0.01693294901633635
seed123_T0-task_step14000 24 3 8 0.0169561940128915
seed123_T0-task_step14000 24 3 9 0.017004827968776226
seed123_T0-task_step14000 24 4 0 0.01707613398320973
seed123_T0-task_step14000 24 4 1 0.017076054005883634
seed123_T0-task_step14000 24 4 2 0.01681394100887701
seed123_T0-task_step14000 24 4 3 0.016528134990949184
seed123_T0-task_step14000 24 4 4 0.017086344014387578
seed123_T0-task_step14000 24 4 5 0.017036577977705747
seed123_T0-task_step14000 24 4 6 0.016653715982101858
seed123_T0-task_step14000 24 4 7 0.017194050014950335
seed123_T0-task_step14000 24 4 8 0.019476861984003335
seed123_T0-task_step14000 24 4 9 0.018802451028022915
seed123_T0-task_step14000 24 5 0 0.01799324998864904
seed123_T0-task_step14000 24 5 1 0.017189100035466254
seed123_T0-task_step14000 24 5 2 0.017252642021048814
seed123_T0-task_step14000 24 5 3 0.017203598050400615
seed123_T0-task_step14000 24 5 4 0.017172457999549806
seed123_T0-task_step14000 24 5 5 0.017292649019509554
seed123_T0-task_step14000 24 5 6 0.017093448026571423
seed123_T0-task_step14000 24 5 7 0.017046136024873704
seed123_T0-task_step14000 24 5 8 0.0173055530176498
seed123_T0-task_step14000 24 5 9 0.017058890021871775
seed123_T0-task_step14000 24 6 0 0.016636512998957187
seed123_T0-task_step14000 24 6 1 0.017238333995919675
seed123_T0-task_step14000 24 6 2 0.01707291800994426
seed123_T0-task_step14000 24 6 3 0.01653323497157544
seed123_T0-task_step14000 24 6 4 0.016629407997243106
seed123_T0-task_step14000 24 6 5 0.016224292980041355
seed123_T0-task_step14000 24 6 6 0.016589271021075547
seed123_T0-task_step14000 24 6 7 0.017145276011433452
seed123_T0-task_step14000 24 6 8 0.01876996801001951
seed123_T0-task_step14000 24 6 9 0.01746800501132384
seed123_T0-task_step14000 24 7 0 0.017431464977562428
seed123_T0-task_step14000 24 7 1 0.017853572964668274
seed123_T0-task_step14000 24 7 2 0.017274263955187052
seed123_T0-task_step14000 24 7 3 0.017126079997979105
seed123_T0-task_step14000 24 7 4 0.016804263985250145
seed123_T0-task_step14000 24 7 5 0.01709413796197623
seed123_T0-task_step14000 24 7 6 0.02015862800180912
seed123_T0-task_step14000 24 7 7 0.017896575038321316
seed123_T0-task_step14000 24 7 8 0.019145768019370735
seed123_T0-task_step14000 24 7 9 0.01752783899428323
seed123_T0-task_step14000 24 8 0 0.018451898999046534
seed123_T0-task_step14000 24 8 1 0.017442235024645925
seed123_T0-task_step14000 24 8 2 0.016963408968877047
seed123_T0-task_step14000 24 8 3 0.01674233505036682
seed123_T0-task_step14000 24 8 4 0.01705777901224792
seed123_T0-task_step14000 24 8 5 0.017215329979080707
seed123_T0-task_step14000 24 8 6 0.01735797297442332
seed123_T0-task_step14000 24 8 7 0.017537768988404423
seed123_T0-task_step14000 24 8 8 0.016877082991413772
seed123_T0-task_step14000 24 8 9 0.01691772002959624
seed123_T0-task_step14000 24 9 0 0.017114527989178896
seed123_T0-task_step14000 24 9 1 0.01703864202136174
seed123_T0-task_step14000 24 9 2 0.017189370992127806
seed123_T0-task_step14000 24 9 3 0.017191786027979106
seed123_T0-task_step14000 24 9 4 0.01657296100165695
seed123_T0-task_step14000 24 9 5 0.017018462996929884
seed123_T0-task_step14000 24 9 6 0.0172249490278773
seed123_T0-task_step14000 24 9 7 0.0170591720379889
seed123_T0-task_step14000 24 9 8 0.017171877960208803
seed123_T0-task_step14000 24 9 9 0.016798311029560864
seed123_T0-task_step14000 30 0 0 0.028529098024591804
seed123_T0-task_step14000 30 0 1 0.02814962202683091
seed123_T0-task_step14000 30 0 2 0.0274699290166609
seed123_T0-task_step14000 30 0 3 0.027975688979495317
seed123_T0-task_step14000 30 0 4 0.02847465395461768
seed123_T0-task_step14000 30 0 5 0.027469180000480264
seed123_T0-task_step14000 30 0 6 0.027536116016563028
seed123_T0-task_step14000 30 0 7 0.028716216969769448
seed123_T0-task_step14000 30 0 8 0.026518147031310946
seed123_T0-task_step14000 30 0 9 0.026334516005590558
seed123_T0-task_step14000 30 1 0 0.02726304397219792
seed123_T0-task_step14000 30 1 1 0.026800457038916647
seed123_T0-task_step14000 30 1 2 0.02634418400702998
seed123_T0-task_step14000 30 1 3 0.02665696304757148
seed123_T0-task_step14000 30 1 4 0.025847873999737203
seed123_T0-task_step14000 30 1 5 0.0264135769684799
seed123_T0-task_step14000 30 1 6 0.025933307013474405
seed123_T0-task_step14000 30 1 7 0.02669904299546033
seed123_T0-task_step14000 30 1 8 0.026430488971527666
seed123_T0-task_step14000 30 1 9 0.026795538957230747
seed123_T0-task_step14000 30 2 0 0.026731785968877375
seed123_T0-task_step14000 30 2 1 0.030309527995996177
seed123_T0-task_step14000 30 2 2 0.028673143999185413
seed123_T0-task_step14000 30 2 3 0.02733178500784561
seed123_T0-task_step14000 30 2 4 0.029688548995181918
seed123_T0-task_step14000 30 2 5 0.028524730005301535
seed123_T0-task_step14000 30 2 6 0.029124409018550068
seed123_T0-task_step14000 30 2 7 0.027991598995868117
seed123_T0-task_step14000 30 2 8 0.027566955017391592
seed123_T0-task_step14000 30 2 9 0.02697069401619956
seed123_T0-task_step14000 30 3 0 0.026524449000135064
seed123_T0-task_step14000 30 3 1 0.0277798330062069
seed123_T0-task_step14000 30 3 2 0.028522846987470984
seed123_T0-task_step14000 30 3 3 0.028665188990999013
seed123_T0-task_step14000 30 3 4 0.027831072045955807
seed123_T0-task_step14000 30 3 5 0.02667897497303784
seed123_T0-task_step14000 30 3 6 0.026124733965843916
seed123_T0-task_step14000 30 3 7 0.027655854995828122
seed123_T0-task_step14000 30 3 8 0.027178610966075212
seed123_T0-task_step14000 30 3 9 0.030407955986447632
seed123_T0-task_step14000 30 4 0 0.02826745802303776
seed123_T0-task_step14000 30 4 1 0.02751609799452126
seed123_T0-task_step14000 30 4 2 0.02685237699188292
seed123_T0-task_step14000 30 4 3 0.027242914016824216
seed123_T0-task_step14000 30 4 4 0.027189221989829093
seed123_T0-task_step14000 30 4 5 0.028447962016798556
seed123_T0-task_step14000 30 4 6 0.02788736898219213
seed123_T0-task_step14000 30 4 7 0.027882820984814316
seed123_T0-task_step14000 30 4 8 0.0276919340249151
seed123_T0-task_step14000 30 4 9 0.027313690981827676
seed123_T0-task_step14000 30 5 0 0.026832208037376404
seed123_T0-task_step14000 30 5 1 0.026949212013278157
seed123_T0-task_step14000 30 5 2 0.028261877014301717
seed123_T0-task_step14000 30 5 3 0.02873539295978844
seed123_T0-task_step14000 30 5 4 0.02746896696044132
seed123_T0-task_step14000 30 5 5 0.027076396043412387
seed123_T0-task_step14000 30 5 6 0.02679262199671939
seed123_T0-task_step14000 30 5 7 0.02588233898859471
seed123_T0-task_step14000 30 5 8 0.028350064996629953
seed123_T0-task_step14000 30 5 9 0.02858430298510939
seed123_T0-task_step14000 30 6 0 0.028890729998238385
seed123_T0-task_step14000 30 6 1 0.027327836956828833
seed123_T0-task_step14000 30 6 2 0.026811637973878533
seed123_T0-task_step14000 30 6 3 0.027129919035360217
seed123_T0-task_step14000 30 6 4 0.02704216103302315
seed123_T0-task_step14000 30 6 5 0.02756051201140508
seed123_T0-task_step14000 30 6 6 0.027331424003932625
seed123_T0-task_step14000 30 6 7 0.026537242985796183
seed123_T0-task_step14000 30 6 8 0.026745442009996623
seed123_T0-task_step14000 30 6 9 0.02660684601869434
seed123_T0-task_step14000 30 7 0 0.026544005959294736
seed123_T0-task_step14000 30 7 1 0.026523357024416327
seed123_T0-task_step14000 30 7 2 0.02642493904568255
seed123_T0-task_step14000 30 7 3 0.026379110000561923
seed123_T0-task_step14000 30 7 4 0.02835702896118164
seed123_T0-task_step14000 30 7 5 0.02830542001174763
seed123_T0-task_step14000 30 7 6 0.027357133978512138
seed123_T0-task_step14000 30 7 7 0.026742096000816673
seed123_T0-task_step14000 30 7 8 0.026437913009431213
seed123_T0-task_step14000 30 7 9 0.026270673028193414
seed123_T0-task_step14000 30 8 0 0.025765053986106068
seed123_T0-task_step14000 30 8 1 0.026243389991577715
seed123_T0-task_step14000 30 8 2 0.027243735967203975
seed123_T0-task_step14000 30 8 3 0.026158698019571602
seed123_T0-task_step14000 30 8 4 0.026846054010093212
seed123_T0-task_step14000 30 8 5 0.026921960001345724
seed123_T0-task_step14000 30 8 6 0.027202437981031835
seed123_T0-task_step14000 30 8 7 0.026942939963191748
seed123_T0-task_step14000 30 8 8 0.027319751970935613
seed123_T0-task_step14000 30 8 9 0.027093259035609663
seed123_T0-task_step14000 30 9 0 0.027117914985865355
seed123_T0-task_step14000 30 9 1 0.03168827801709995
seed123_T0-task_step14000 30 9 2 0.02844456600723788
seed123_T0-task_step14000 30 9 3 0.028051312023308128
seed123_T0-task_step14000 30 9 4 0.027246701007243246
seed123_T0-task_step14000 30 9 5 0.028236067038960755
seed123_T0-task_step14000 30 9 6 0.02842221298487857
seed123_T0-task_step14000 30 9 7 0.02696024300530553
seed123_T0-task_step14000 30 9 8 0.027171727968379855
seed123_T0-task_step14000 30 9 9 0.026991292950697243
seed123_T0-task_step14000 33 0 0 0.0069376360042952
seed123_T0-task_step14000 33 0 1 0.006090084032621235
seed123_T0-task_step14000 33 0 2 0.006179574993439019
seed123_T0-task_step14000 33 0 3 0.006102957995608449
seed123_T0-task_step14000 33 0 4 0.006079243030399084
seed123_T0-task_step14000 33 0 5 0.006039898027665913
seed123_T0-task_step14000 33 0 6 0.006085675035137683
seed123_T0-task_step14000 33 0 7 0.006060076993890107
seed123_T0-task_step14000 33 0 8 0.006058482977095991
seed123_T0-task_step14000 33 0 9 0.006010119977872819
seed123_T0-task_step14000 33 1 0 0.006371220981236547
seed123_T0-task_step14000 33 1 1 0.006294215039815754
seed123_T0-task_step14000 33 1 2 0.006252925028093159
seed123_T0-task_step14000 33 1 3 0.0061937919817864895
seed123_T0-task_step14000 33 1 4 0.006524305033963174
seed123_T0-task_step14000 33 1 5 0.006366293004248291
seed123_T0-task_step14000 33 1 6 0.006280548986978829
seed123_T0-task_step14000 33 1 7 0.006265067961066961
seed123_T0-task_step14000 33 1 8 0.006270238955039531
seed123_T0-task_step14000 33 1 9 0.006279635999817401
seed123_T0-task_step14000 33 2 0 0.006047542032320052
seed123_T0-task_step14000 33 2 1 0.006072610034607351
seed123_T0-task_step14000 33 2 2 0.006063373002689332
seed123_T0-task_step14000 33 2 3 0.006057420978322625
seed123_T0-task_step14000 33 2 4 0.006061699008569121
seed123_T0-task_step14000 33 2 5 0.006189564010128379
seed123_T0-task_step14000 33 2 6 0.0060875179478898644
seed123_T0-task_step14000 33 2 7 0.00606787099968642
seed123_T0-task_step14000 33 2 8 0.006069935974664986
seed123_T0-task_step14000 33 2 9 0.0060575209790840745
seed123_T0-task_step14000 33 3 0 0.006054705998394638
seed123_T0-task_step14000 33 3 1 0.0061059530125930905
seed123_T0-task_step14000 33 3 2 0.006074242992326617
seed123_T0-task_step14000 33 3 3 0.0060792730073444545
seed123_T0-task_step14000 33 3 4 0.0060194479883648455
seed123_T0-task_step14000 33 3 5 0.005928223021328449
seed123_T0-task_step14000 33 3 6 0.005887595994863659
seed123_T0-task_step14000 33 3 7 0.005765972018707544
seed123_T0-task_step14000 33 3 8 0.005965885997284204
seed123_T0-task_step14000 33 3 9 0.006069955008570105
seed123_T0-task_step14000 33 4 0 0.006553261016961187
seed123_T0-task_step14000 33 4 1 0.008568660006858408
seed123_T0-task_step14000 33 4 2 0.0068609099835157394
seed123_T0-task_step14000 33 4 3 0.006443780963309109
seed123_T0-task_step14000 33 4 4 0.00624024000717327
seed123_T0-task_step14000 33 4 5 0.006260170019231737
seed123_T0-task_step14000 33 4 6 0.0062440879992209375
seed123_T0-task_step14000 33 4 7 0.006260660011321306
seed123_T0-task_step14000 33 4 8 0.0064219089690595865
seed123_T0-task_step14000 33 4 9 0.006260509020648897
seed123_T0-task_step14000 33 5 0 0.00637864600867033
seed123_T0-task_step14000 33 5 1 0.006066268018912524
seed123_T0-task_step14000 33 5 2 0.006074634031392634
seed123_T0-task_step14000 33 5 3 0.006073812022805214
seed123_T0-task_step14000 33 5 4 0.006099992024246603
seed123_T0-task_step14000 33 5 5 0.006063412991352379
seed123_T0-task_step14000 33 5 6 0.0061115139978937805
seed123_T0-task_step14000 33 5 7 0.006084593012928963
seed123_T0-task_step14000 33 5 8 0.0060142179718241096
seed123_T0-task_step14000 33 5 9 0.00578940799459815
seed123_T0-task_step14000 33 6 0 0.005995472020003945
seed123_T0-task_step14000 33 6 1 0.006228707963600755
seed123_T0-task_step14000 33 6 2 0.006262184004299343
seed123_T0-task_step14000 33 6 3 0.0062372449901886284
seed123_T0-task_step14000 33 6 4 0.006203430995810777
seed123_T0-task_step14000 33 6 5 0.006158042990136892
seed123_T0-task_step14000 33 6 6 0.0060312210116535425
seed123_T0-task_step14000 33 6 7 0.005906281003262848
seed123_T0-task_step14000 33 6 8 0.005876965005882084
seed123_T0-task_step14000 33 6 9 0.006178853043820709
seed123_T0-task_step14000 33 7 0 0.006250810984056443
seed123_T0-task_step14000 33 7 1 0.006307509960606694
seed123_T0-task_step14000 33 7 2 0.006272492988500744
seed123_T0-task_step14000 33 7 3 0.006350721989292651
seed123_T0-task_step14000 33 7 4 0.006280237983446568
seed123_T0-task_step14000 33 7 5 0.006242164992727339
seed123_T0-task_step14000 33 7 6 0.006266680953558534
seed123_T0-task_step14000 33 7 7 0.006285117007791996
seed123_T0-task_step14000 33 7 8 0.16726903500966728
seed123_T0-task_step14000 33 7 9 0.006391881965100765
seed123_T0-task_step14000 33 8 0 0.006289665994700044
seed123_T0-task_step14000 33 8 1 0.006301346991676837
seed123_T0-task_step14000 33 8 2 0.006276479980442673
seed123_T0-task_step14000 33 8 3 0.0062526449910365045
seed123_T0-task_step14000 33 8 4 0.006224511016625911
seed123_T0-task_step14000 33 8 5 0.006940041028428823
seed123_T0-task_step14000 33 8 6 0.008106295019388199
seed123_T0-task_step14000 33 8 7 0.007216611003968865
seed123_T0-task_step14000 33 8 8 0.006813438958488405
seed123_T0-task_step14000 33 8 9 0.00657724600750953
seed123_T0-task_step14000 33 9 0 0.0062599689699709415
seed123_T0-task_step14000 33 9 1 0.006295697996392846
seed123_T0-task_step14000 33 9 2 0.0066672880202531815
seed123_T0-task_step14000 33 9 3 0.006955951976124197
seed123_T0-task_step14000 33 9 4 0.006402622035238892
seed123_T0-task_step14000 33 9 5 0.006291589001193643
seed123_T0-task_step14000 33 9 6 0.006263274990487844
seed123_T0-task_step14000 33 9 7 0.006271471036598086
seed123_T0-task_step14000 33 9 8 0.0062964389799162745
seed123_T0-task_step14000 33 9 9 0.006282182002905756
seed123_T0-task_step14000 36 0 0 0.006645716959610581
seed123_T0-task_step14000 36 0 1 0.00655405200086534
seed123_T0-task_step14000 36 0 2 0.0066069430322386324
seed123_T0-task_step14000 36 0 3 0.006827445991802961
seed123_T0-task_step14000 36 0 4 0.006746320985257626
seed123_T0-task_step14000 36 0 5 0.006814460968598723
seed123_T0-task_step14000 36 0 6 0.006668812013231218
seed123_T0-task_step14000 36 0 7 0.006736000010278076
seed123_T0-task_step14000 36 0 8 0.0071812630048953
seed123_T0-task_step14000 36 0 9 0.006667319044936448
seed123_T0-task_step14000 36 1 0 0.006663412030320615
seed123_T0-task_step14000 36 1 1 0.008010450983420014
seed123_T0-task_step14000 36 1 2 0.006828356999903917
seed123_T0-task_step14000 36 1 3 0.006832525017671287
seed123_T0-task_step14000 36 1 4 0.006726482999511063
seed123_T0-task_step14000 36 1 5 0.006689461006317288
seed123_T0-task_step14000 36 1 6 0.006731892004609108
seed123_T0-task_step14000 36 1 7 0.006609277974348515
seed123_T0-task_step14000 36 1 8 0.0066433739848434925
seed123_T0-task_step14000 36 1 9 0.006629114970564842
seed123_T0-task_step14000 36 2 0 0.006760676973499358
seed123_T0-task_step14000 36 2 1 0.006656037992797792
seed123_T0-task_step14000 36 2 2 0.00685926602454856
seed123_T0-task_step14000 36 2 3 0.006619636958930641
seed123_T0-task_step14000 36 2 4 0.006627742957789451
seed123_T0-task_step14000 36 2 5 0.006607303977943957
seed123_T0-task_step14000 36 2 6 0.0066323510254733264
seed123_T0-task_step14000 36 2 7 0.006617072969675064
seed123_T0-task_step14000 36 2 8 0.0065984270186163485
seed123_T0-task_step14000 36 2 9 0.006563590024597943
seed123_T0-task_step14000 36 3 0 0.006659072998445481
seed123_T0-task_step14000 36 3 1 0.006501141004264355
seed123_T0-task_step14000 36 3 2 0.006478628027252853
seed123_T0-task_step14000 36 3 3 0.006599649030249566
seed123_T0-task_step14000 36 3 4 0.006808189034927636
seed123_T0-task_step14000 36 3 5 0.006765978003386408
seed123_T0-task_step14000 36 3 6 0.006788099999539554
seed123_T0-task_step14000 36 3 7 0.006806724995840341
seed123_T0-task_step14000 36 3 8 0.006800433970056474
seed123_T0-task_step14000 36 3 9 0.006761578959412873
seed123_T0-task_step14000 36 4 0 0.006468949024565518
seed123_T0-task_step14000 36 4 1 0.006612263037823141
seed123_T0-task_step14000 36 4 2 0.00658528198255226
seed123_T0-task_step14000 36 4 3 0.006620378990191966
seed123_T0-task_step14000 36 4 4 0.0066132250358350575
seed123_T0-task_step14000 36 4 5 0.006598596984986216
seed123_T0-task_step14000 36 4 6 0.009119104011915624
seed123_T0-task_step14000 36 4 7 0.007340689015109092
seed123_T0-task_step14000 36 4 8 0.006715841998811811
seed123_T0-task_step14000 36 4 9 0.006576513987965882
seed123_T0-task_step14000 36 5 0 0.006771097017917782
seed123_T0-task_step14000 36 5 1 0.006763482990209013
seed123_T0-task_step14000 36 5 2 0.006775216024834663
seed123_T0-task_step14000 36 5 3 0.00674240302760154
seed123_T0-task_step14000 36 5 4 0.006793871987611055
seed123_T0-task_step14000 36 5 5 0.006761990021914244
seed123_T0-task_step14000 36 5 6 0.006838697008788586
seed123_T0-task_step14000 36 5 7 0.006746199040208012
seed123_T0-task_step14000 36 5 8 0.00678025494562462
seed123_T0-task_step14000 36 5 9 0.006752051005605608
seed123_T0-task_step14000 36 6 0 0.006803520023822784
seed123_T0-task_step14000 36 6 1 0.006743064033798873
seed123_T0-task_step14000 36 6 2 0.0066776780295185745
seed123_T0-task_step14000 36 6 3 0.006710511981509626
seed123_T0-task_step14000 36 6 4 0.006707375985570252
seed123_T0-task_step14000 36 6 5 0.006699571036733687
seed123_T0-task_step14000 36 6 6 0.0067721699597314
seed123_T0-task_step14000 36 6 7 0.006773983011953533
seed123_T0-task_step14000 36 6 8 0.006742581957951188
seed123_T0-task_step14000 36 6 9 0.006618143990635872
seed123_T0-task_step14000 36 7 0 0.006796246045269072
seed123_T0-task_step14000 36 7 1 0.006578217959031463
seed123_T0-task_step14000 36 7 2 0.006651378993410617
seed123_T0-task_step14000 36 7 3 0.006484929996076971
seed123_T0-task_step14000 36 7 4 0.006498546048533171
seed123_T0-task_step14000 36 7 5 0.006436455994844437
seed123_T0-task_step14000 36 7 6 0.006512491963803768
seed123_T0-task_step14000 36 7 7 0.006765477010048926
seed123_T0-task_step14000 36 7 8 0.006817396031692624
seed123_T0-task_step14000 36 7 9 0.0068124569952487946
seed123_T0-task_step14000 36 8 0 0.006584830989595503
seed123_T0-task_step14000 36 8 1 0.00659568200353533
seed123_T0-task_step14000 36 8 2 0.006602024019230157
seed123_T0-task_step14000 36 8 3 0.00644218799425289
seed123_T0-task_step14000 36 8 4 0.006580161978490651
seed123_T0-task_step14000 36 8 5 0.006585953000467271
seed123_T0-task_step14000 36 8 6 0.006594780017621815
seed123_T0-task_step14000 36 8 7 0.006600731983780861
seed123_T0-task_step14000 36 8 8 0.006601553002838045
seed123_T0-task_step14000 36 8 9 0.006367194000631571
seed123_T0-task_step14000 36 9 0 0.00654699798906222
seed123_T0-task_step14000 36 9 1 0.006387612957041711
seed123_T0-task_step14000 36 9 2 0.006503264012280852
seed123_T0-task_step14000 36 9 3 0.006525938049890101
seed123_T0-task_step14000 36 9 4 0.006466494989581406
seed123_T0-task_step14000 36 9 5 0.006485170044470578
seed123_T0-task_step14000 36 9 6 0.006404585961718112
seed123_T0-task_step14000 36 9 7 0.0063366449903696775
seed123_T0-task_step14000 36 9 8 0.006272992992307991
seed123_T0-task_step14000 36 9 9 0.006407812004908919
seed123_T0-task_step14000 40 0 0 0.0039575090049766
seed123_T0-task_step14000 40 0 1 0.0038983370177447796
seed123_T0-task_step14000 40 0 2 0.0039100979920476675
seed123_T0-task_step14000 40 0 3 0.003912021988071501
seed123_T0-task_step14000 40 0 4 0.003916619985830039
seed123_T0-task_step14000 40 0 5 0.003929525031708181
seed123_T0-task_step14000 40 0 6 0.003986785013694316
seed123_T0-task_step14000 40 0 7 0.003994870989117771
seed123_T0-task_step14000 40 0 8 0.003977807005867362
seed123_T0-task_step14000 40 0 9 0.0038973339833319187
seed123_T0-task_step14000 40 1 0 0.004049164999742061
seed123_T0-task_step14000 40 1 1 0.004020510008558631
seed123_T0-task_step14000 40 1 2 0.004023245011921972
seed123_T0-task_step14000 40 1 3 0.004025589965749532
seed123_T0-task_step14000 40 1 4 0.004050487012136728
seed123_T0-task_step14000 40 1 5 0.004027472983580083
seed123_T0-task_step14000 40 1 6 0.004038163984660059
seed123_T0-task_step14000 40 1 7 0.004030308977235109
seed123_T0-task_step14000 40 1 8 0.004027002025395632
seed123_T0-task_step14000 40 1 9 0.004023975983727723
seed123_T0-task_step14000 40 2 0 0.004042862972710282
seed123_T0-task_step14000 40 2 1 0.003943763033021241
seed123_T0-task_step14000 40 2 2 0.003904126991983503
seed123_T0-task_step14000 40 2 3 0.003950033977162093
seed123_T0-task_step14000 40 2 4 0.004032461962196976
seed123_T0-task_step14000 40 2 5 0.004027343005873263
seed123_T0-task_step14000 40 2 6 0.0039681289927102625
seed123_T0-task_step14000 40 2 7 0.003810166963376105
seed123_T0-task_step14000 40 2 8 0.003785779990721494
seed123_T0-task_step14000 40 2 9 0.0038912419695407152
seed123_T0-task_step14000 40 3 0 0.003805306972935796
seed123_T0-task_step14000 40 3 1 0.003797723038587719
seed123_T0-task_step14000 40 3 2 0.0038121300167404115
seed123_T0-task_step14000 40 3 3 0.00394386297557503
seed123_T0-task_step14000 40 3 4 0.003932441002689302
seed123_T0-task_step14000 40 3 5 0.003997144987806678
seed123_T0-task_step14000 40 3 6 0.005391646001953632
seed123_T0-task_step14000 40 3 7 0.005938053014688194
seed123_T0-task_step14000 40 3 8 0.0053341659950092435
seed123_T0-task_step14000 40 3 9 0.004032031982205808
seed123_T0-task_step14000 40 4 0 0.004013085970655084
seed123_T0-task_step14000 40 4 1 0.004022273002192378
seed123_T0-task_step14000 40 4 2 0.004039886989630759
seed123_T0-task_step14000 40 4 3 0.004011331999208778
seed123_T0-task_step14000 40 4 4 0.004013605997897685
seed123_T0-task_step14000 40 4 5 0.004052150994539261
seed123_T0-task_step14000 40 4 6 0.004012333985883743
seed123_T0-task_step14000 40 4 7 0.004181758966296911
seed123_T0-task_step14000 40 4 8 0.004066187015268952
seed123_T0-task_step14000 40 4 9 0.004198990995064378
seed123_T0-task_step14000 40 5 0 0.003932551015168428
seed123_T0-task_step14000 40 5 1 0.0040332539938390255
seed123_T0-task_step14000 40 5 2 0.003918644972145557
seed123_T0-task_step14000 40 5 3 0.003918403992429376
seed123_T0-task_step14000 40 5 4 0.003921330033335835
seed123_T0-task_step14000 40 5 5 0.003917992988135666
seed123_T0-task_step14000 40 5 6 0.003922472009435296
seed123_T0-task_step14000 40 5 7 0.003922611998859793
seed123_T0-task_step14000 40 5 8 0.003915059030987322
seed123_T0-task_step14000 40 5 9 0.004163965000770986
seed123_T0-task_step14000 40 6 0 0.004227226017974317
seed123_T0-task_step14000 40 6 1 0.004027513030450791
seed123_T0-task_step14000 40 6 2 0.0039645430515520275
seed123_T0-task_step14000 40 6 3 0.003978007996920496
seed123_T0-task_step14000 40 6 4 0.0040387449553236365
seed123_T0-task_step14000 40 6 5 0.003906440979335457
seed123_T0-task_step14000 40 6 6 0.004060095991007984
seed123_T0-task_step14000 40 6 7 0.003896712965797633
seed123_T0-task_step14000 40 6 8 0.00394182896707207
seed123_T0-task_step14000 40 6 9 0.0039365889970213175
seed123_T0-task_step14000 40 7 0 0.003948171972297132
seed123_T0-task_step14000 40 7 1 0.003926109988242388
seed123_T0-task_step14000 40 7 2 0.003924256016034633
seed123_T0-task_step14000 40 7 3 0.003925186989363283
seed123_T0-task_step14000 40 7 4 0.0039267310057766736
seed123_T0-task_step14000 40 7 5 0.003924727032426745
seed123_T0-task_step14000 40 7 6 0.003925828030332923
seed123_T0-task_step14000 40 7 7 0.003882605000399053
seed123_T0-task_step14000 40 7 8 0.003778226033318788
seed123_T0-task_step14000 40 7 9 0.0037942269700579345
seed123_T0-task_step14000 40 8 0 0.003812671988271177
seed123_T0-task_step14000 40 8 1 0.0038326799985952675
seed123_T0-task_step14000 40 8 2 0.0037904189666733146
seed123_T0-task_step14000 40 8 3 0.0039162299945019186
seed123_T0-task_step14000 40 8 4 0.003870081971399486
seed123_T0-task_step14000 40 8 5 0.00381925399415195
seed123_T0-task_step14000 40 8 6 0.0039133140235207975
seed123_T0-task_step14000 40 8 7 0.003915007982868701
seed123_T0-task_step14000 40 8 8 0.003910258004907519
seed123_T0-task_step14000 40 8 9 0.003991354024037719
seed123_T0-task_step14000 40 9 0 0.0039033759967423975
seed123_T0-task_step14000 40 9 1 0.0038707320345565677
seed123_T0-task_step14000 40 9 2 0.003774037992116064
seed123_T0-task_step14000 40 9 3 0.004867571988143027
seed123_T0-task_step14000 40 9 4 0.004019827989395708
seed123_T0-task_step14000 40 9 5 0.004027302959002554
seed123_T0-task_step14000 40 9 6 0.003962980001233518
seed123_T0-task_step14000 40 9 7 0.003950104000978172
seed123_T0-task_step14000 40 9 8 0.003966506978031248
seed123_T0-task_step14000 40 9 9 0.003970041987486184
seed123_T0-task_step14000 47 0 0 0.06544564699288458
seed123_T0-task_step14000 47 0 1 0.06024469604017213
seed123_T0-task_step14000 47 0 2 0.059395189047791064
seed123_T0-task_step14000 47 0 3 0.06565720203798264
seed123_T0-task_step14000 47 0 4 0.06132451398298144
seed123_T0-task_step14000 47 0 5 0.06185574200935662
seed123_T0-task_step14000 47 0 6 0.06119659898104146
seed123_T0-task_step14000 47 0 7 0.060198427992872894
seed123_T0-task_step14000 47 0 8 0.060402208007872105
seed123_T0-task_step14000 47 0 9 0.06245477800257504
seed123_T0-task_step14000 47 1 0 0.06391987495590001
seed123_T0-task_step14000 47 1 1 0.06456105201505125
seed123_T0-task_step14000 47 1 2 0.062444198003504425
seed123_T0-task_step14000 47 1 3 0.06292873702477664
seed123_T0-task_step14000 47 1 4 0.05986729299183935
seed123_T0-task_step14000 47 1 5 0.06153989600716159
seed123_T0-task_step14000 47 1 6 0.06027471297420561
seed123_T0-task_step14000 47 1 7 0.0596904429839924
seed123_T0-task_step14000 47 1 8 0.06003007403342053
seed123_T0-task_step14000 47 1 9 0.05955778999486938
seed123_T0-task_step14000 47 2 0 0.06097842095186934
seed123_T0-task_step14000 47 2 1 0.06115573999704793
seed123_T0-task_step14000 47 2 2 0.06041582301259041
seed123_T0-task_step14000 47 2 3 0.05998762301169336
seed123_T0-task_step14000 47 2 4 0.062472983030602336
seed123_T0-task_step14000 47 2 5 0.06058170000324026
seed123_T0-task_step14000 47 2 6 0.06322238896973431
seed123_T0-task_step14000 47 2 7 0.06338230398250744
seed123_T0-task_step14000 47 2 8 0.06227279000449926
seed123_T0-task_step14000 47 2 9 0.06066922895843163
seed123_T0-task_step14000 47 3 0 0.0608937080251053
seed123_T0-task_step14000 47 3 1 0.06126038997899741
seed123_T0-task_step14000 47 3 2 0.06012654898222536
seed123_T0-task_step14000 47 3 3 0.06038017402170226
seed123_T0-task_step14000 47 3 4 0.058655322005506605
seed123_T0-task_step14000 47 3 5 0.05882344301789999
seed123_T0-task_step14000 47 3 6 0.06502917798934504
seed123_T0-task_step14000 47 3 7 0.06112786603625864
seed123_T0-task_step14000 47 3 8 0.0597880199784413
seed123_T0-task_step14000 47 3 9 0.059897440019994974
seed123_T0-task_step14000 47 4 0 0.060016417992301285
seed123_T0-task_step14000 47 4 1 0.06095303100300953
seed123_T0-task_step14000 47 4 2 0.060654210043139756
seed123_T0-task_step14000 47 4 3 0.06050341995432973
seed123_T0-task_step14000 47 4 4 0.06133520300500095
seed123_T0-task_step14000 47 4 5 0.0609255789895542
seed123_T0-task_step14000 47 4 6 0.06173494801623747
seed123_T0-task_step14000 47 4 7 0.061074593977537006
seed123_T0-task_step14000 47 4 8 0.06088001001626253
seed123_T0-task_step14000 47 4 9 0.06071653700200841
seed123_T0-task_step14000 47 5 0 0.06709393998607993
seed123_T0-task_step14000 47 5 1 0.062963190022856
seed123_T0-task_step14000 47 5 2 0.06100932799745351
seed123_T0-task_step14000 47 5 3 0.06208659097319469
seed123_T0-task_step14000 47 5 4 0.06414539401885122
seed123_T0-task_step14000 47 5 5 0.062401695002336055
seed123_T0-task_step14000 47 5 6 0.06577093701343983
seed123_T0-task_step14000 47 5 7 0.06469366396777332
seed123_T0-task_step14000 47 5 8 0.06455984897911549
seed123_T0-task_step14000 47 5 9 0.06380870001157746
seed123_T0-task_step14000 47 6 0 0.06236563599668443
seed123_T0-task_step14000 47 6 1 0.06115925498306751
seed123_T0-task_step14000 47 6 2 0.061617943982128054
seed123_T0-task_step14000 47 6 3 0.061238707043230534
seed123_T0-task_step14000 47 6 4 0.061906837043352425
seed123_T0-task_step14000 47 6 5 0.06276267603971064
seed123_T0-task_step14000 47 6 6 0.06176195899024606
seed123_T0-task_step14000 47 6 7 0.06383277499116957
seed123_T0-task_step14000 47 6 8 0.06373687100131065
seed123_T0-task_step14000 47 6 9 0.06445277301827446
seed123_T0-task_step14000 47 7 0 0.06195770401973277
seed123_T0-task_step14000 47 7 1 0.06364808196667582
seed123_T0-task_step14000 47 7 2 0.0627061870181933
seed123_T0-task_step14000 47 7 3 0.06167040398577228
seed123_T0-task_step14000 47 7 4 0.060022366989869624
seed123_T0-task_step14000 47 7 5 0.06171186303254217
seed123_T0-task_step14000 47 7 6 0.06541569600813091
seed123_T0-task_step14000 47 7 7 0.0634432079968974
seed123_T0-task_step14000 47 7 8 0.06177682796260342
seed123_T0-task_step14000 47 7 9 0.06102943600853905
seed123_T0-task_step14000 47 8 0 0.060665728989988565
seed123_T0-task_step14000 47 8 1 0.06443588901311159
seed123_T0-task_step14000 47 8 2 0.06320828897878528
seed123_T0-task_step14000 47 8 3 0.06128190900199115
seed123_T0-task_step14000 47 8 4 0.062023088976275176
seed123_T0-task_step14000 47 8 5 0.06206169299548492
seed123_T0-task_step14000 47 8 6 0.06241964700166136
seed123_T0-task_step14000 47 8 7 0.06303990504238755
seed123_T0-task_step14000 47 8 8 0.062357107992284
seed123_T0-task_step14000 47 8 9 0.060857756005134434
seed123_T0-task_step14000 47 9 0 0.060805476969107985
seed123_T0-task_step14000 47 9 1 0.059627150010783225
seed123_T0-task_step14000 47 9 2 0.06103503704071045
seed123_T0-task_step14000 47 9 3 0.06095459300559014
seed123_T0-task_step14000 47 9 4 0.0599033780163154
seed123_T0-task_step14000 47 9 5 0.06180506997043267
seed123_T0-task_step14000 47 9 6 0.06153363996418193
seed123_T0-task_step14000 47 9 7 0.06386039697099477
seed123_T0-task_step14000 47 9 8 0.06184522697003558
seed123_T0-task_step14000 47 9 9 0.06051128200488165
seed123_T0-task_step14000 51 0 0 0.023833693005144596
seed123_T0-task_step14000 51 0 1 0.02240447502117604
seed123_T0-task_step14000 51 0 2 0.022543813043739647
seed123_T0-task_step14000 51 0 3 0.0221192300086841
seed123_T0-task_step14000 51 0 4 0.022246764041483402
seed123_T0-task_step14000 51 0 5 0.023165252001490444
seed123_T0-task_step14000 51 0 6 0.023698013043031096
seed123_T0-task_step14000 51 0 7 0.022992862039245665
seed123_T0-task_step14000 51 0 8 0.0226468900218606
seed123_T0-task_step14000 51 0 9 0.022995707986410707
seed123_T0-task_step14000 51 1 0 0.022762511973269284
seed123_T0-task_step14000 51 1 1 0.02271654299693182
seed123_T0-task_step14000 51 1 2 0.022194344026502222
seed123_T0-task_step14000 51 1 3 0.022738484956789762
seed123_T0-task_step14000 51 1 4 0.022206135967280716
seed123_T0-task_step14000 51 1 5 0.02295228495495394
seed123_T0-task_step14000 51 1 6 0.02473008999368176
seed123_T0-task_step14000 51 1 7 0.023245596035849303
seed123_T0-task_step14000 51 1 8 0.022991049045231193
seed123_T0-task_step14000 51 1 9 0.022614748973865062
seed123_T0-task_step14000 51 2 0 0.0225815040175803
seed123_T0-task_step14000 51 2 1 0.022545084997545928
seed123_T0-task_step14000 51 2 2 0.022485160967335105
seed123_T0-task_step14000 51 2 3 0.022443390975240618
seed123_T0-task_step14000 51 2 4 0.022822666040156037
seed123_T0-task_step14000 51 2 5 0.022496833000332117
seed123_T0-task_step14000 51 2 6 0.022212037001736462
seed123_T0-task_step14000 51 2 7 0.021778898022603244
seed123_T0-task_step14000 51 2 8 0.02172299998346716
seed123_T0-task_step14000 51 2 9 0.02149503299733624
seed123_T0-task_step14000 51 3 0 0.0217881349963136
seed123_T0-task_step14000 51 3 1 0.022175506979692727
seed123_T0-task_step14000 51 3 2 0.02230506599880755
seed123_T0-task_step14000 51 3 3 0.022345322999171913
seed123_T0-task_step14000 51 3 4 0.021516535023692995
seed123_T0-task_step14000 51 3 5 0.021222733019385487
seed123_T0-task_step14000 51 3 6 0.02115521300584078
seed123_T0-task_step14000 51 3 7 0.024711664009373635
seed123_T0-task_step14000 51 3 8 0.024821233993861824
seed123_T0-task_step14000 51 3 9 0.024186868977267295
seed123_T0-task_step14000 51 4 0 0.022896037029568106
seed123_T0-task_step14000 51 4 1 0.02239476697286591
seed123_T0-task_step14000 51 4 2 0.022173783043399453
seed123_T0-task_step14000 51 4 3 0.02242470398778096
seed123_T0-task_step14000 51 4 4 0.022229108959436417
seed123_T0-task_step14000 51 4 5 0.02194694901118055
seed123_T0-task_step14000 51 4 6 0.022167060989886522
seed123_T0-task_step14000 51 4 7 0.02253641898278147
seed123_T0-task_step14000 51 4 8 0.021746195037849247
seed123_T0-task_step14000 51 4 9 0.02308068098500371
seed123_T0-task_step14000 51 5 0 0.022934431035537273
seed123_T0-task_step14000 51 5 1 0.025853010010905564
seed123_T0-task_step14000 51 5 2 0.02380999701563269
seed123_T0-task_step14000 51 5 3 0.02281169599154964
seed123_T0-task_step14000 51 5 4 0.023264521965757012
seed123_T0-task_step14000 51 5 5 0.023079608974512666
seed123_T0-task_step14000 51 5 6 0.02236992900725454
seed123_T0-task_step14000 51 5 7 0.022307018982246518
seed123_T0-task_step14000 51 5 8 0.02203721198020503
seed123_T0-task_step14000 51 5 9 0.021456860995385796
seed123_T0-task_step14000 51 6 0 0.021897906030062586
seed123_T0-task_step14000 51 6 1 0.022119750967249274
seed123_T0-task_step14000 51 6 2 0.021776893991045654
seed123_T0-task_step14000 51 6 3 0.023293457983527333
seed123_T0-task_step14000 51 6 4 0.022389908030163497
seed123_T0-task_step14000 51 6 5 0.022202357999049127
seed123_T0-task_step14000 51 6 6 0.02320039999904111
seed123_T0-task_step14000 51 6 7 0.02175671502482146
seed123_T0-task_step14000 51 6 8 0.021378940960858017
seed123_T0-task_step14000 51 6 9 0.02144078997662291
seed123_T0-task_step14000 51 7 0 0.02205765200778842
seed123_T0-task_step14000 51 7 1 0.02176461002090946
seed123_T0-task_step14000 51 7 2 0.02212874701945111
seed123_T0-task_step14000 51 7 3 0.021813703002408147
seed123_T0-task_step14000 51 7 4 0.02163435099646449
seed123_T0-task_step14000 51 7 5 0.021339154976885766
seed123_T0-task_step14000 51 7 6 0.021497167006600648
seed123_T0-task_step14000 51 7 7 0.028839298989623785
seed123_T0-task_step14000 51 7 8 0.024755266960710287
seed123_T0-task_step14000 51 7 9 0.022548170993104577
seed123_T0-task_step14000 51 8 0 0.022327948012389243
seed123_T0-task_step14000 51 8 1 0.02225800504675135
seed123_T0-task_step14000 51 8 2 0.021846365998499095
seed123_T0-task_step14000 51 8 3 0.022469461022410542
seed123_T0-task_step14000 51 8 4 0.021674446994438767
seed123_T0-task_step14000 51 8 5 0.021412777015939355
seed123_T0-task_step14000 51 8 6 0.022357595968060195
seed123_T0-task_step14000 51 8 7 0.021840885980054736
seed123_T0-task_step14000 51 8 8 0.02168310497654602
seed123_T0-task_step14000 51 8 9 0.02158104901900515
seed123_T0-task_step14000 51 9 0 0.02273893600795418
seed123_T0-task_step14000 51 9 1 0.022358506044838578
seed123_T0-task_step14000 51 9 2 0.022642992029432207
seed123_T0-task_step14000 51 9 3 0.022562237980309874
seed123_T0-task_step14000 51 9 4 0.022263505030423403
seed123_T0-task_step14000 51 9 5 0.022733305988367647
seed123_T0-task_step14000 51 9 6 0.02255047397920862
seed123_T0-task_step14000 51 9 7 0.024589841021224856
seed123_T0-task_step14000 51 9 8 0.02354865602683276
seed123_T0-task_step14000 51 9 9 0.024408903962466866
seed123_T0-task_step14000 52 0 0 0.7894616900011897
seed123_T0-task_step14000 52 0 1 0.7829687200137414
seed123_T0-task_step14000 52 0 2 0.785329362959601
seed123_T0-task_step14000 52 0 3 0.7759943280252628
seed123_T0-task_step14000 52 0 4 0.7671409380272962
seed123_T0-task_step14000 52 0 5 0.7711186290252954
seed123_T0-task_step14000 52 0 6 0.7679961039684713
seed123_T0-task_step14000 52 0 7 0.800786908948794
seed123_T0-task_step14000 52 0 8 0.8004388349945657
seed123_T0-task_step14000 52 0 9 0.8038691769470461
seed123_T0-task_step14000 52 1 0 0.7840304789715447
seed123_T0-task_step14000 52 1 1 0.7733382890000939
seed123_T0-task_step14000 52 1 2 0.7824169960222207
seed123_T0-task_step14000 52 1 3 0.7785310369799845
seed123_T0-task_step14000 52 1 4 0.7673186309984885
seed123_T0-task_step14000 52 1 5 0.7790059640537947
seed123_T0-task_step14000 52 1 6 0.7631617480074055
seed123_T0-task_step14000 52 1 7 0.7727046739892103
seed123_T0-task_step14000 52 1 8 0.7726896780077368
seed123_T0-task_step14000 52 1 9 0.7650681179948151
seed123_T0-task_step14000 52 2 0 0.7839338170015253
seed123_T0-task_step14000 52 2 1 0.7878163830027916
seed123_T0-task_step14000 52 2 2 0.7882646750076674
seed123_T0-task_step14000 52 2 3 0.7769708730047569
seed123_T0-task_step14000 52 2 4 0.7959463109727949
seed123_T0-task_step14000 52 2 5 0.7845531880157068
seed123_T0-task_step14000 52 2 6 0.789652994950302
seed123_T0-task_step14000 52 2 7 0.7934467130107805
seed123_T0-task_step14000 52 2 8 0.7860032430035062
seed123_T0-task_step14000 52 2 9 0.8012260060058907
seed123_T0-task_step14000 52 3 0 0.7796200380544178
seed123_T0-task_step14000 52 3 1 0.8341592500219122
seed123_T0-task_step14000 52 3 2 0.8012747769826092
seed123_T0-task_step14000 52 3 3 0.7840233989991248
seed123_T0-task_step14000 52 3 4 0.8001388789853081
seed123_T0-task_step14000 52 3 5 0.793140622030478
seed123_T0-task_step14000 52 3 6 0.7844811539980583
seed123_T0-task_step14000 52 3 7 0.7967407509568147
seed123_T0-task_step14000 52 3 8 0.7826695329858921
seed123_T0-task_step14000 52 3 9 0.762825621990487
seed123_T0-task_step14000 52 4 0 0.7868360659922473
seed123_T0-task_step14000 52 4 1 0.7833846019930206
seed123_T0-task_step14000 52 4 2 0.7779666619608179
seed123_T0-task_step14000 52 4 3 0.7774195479578339
seed123_T0-task_step14000 52 4 4 0.7823041339870542
seed123_T0-task_step14000 52 4 5 0.774544820014853
seed123_T0-task_step14000 52 4 6 0.7932156319729984
seed123_T0-task_step14000 52 4 7 0.7806475019897334
seed123_T0-task_step14000 52 4 8 0.7848384300014004
seed123_T0-task_step14000 52 4 9 0.7963538700132631
seed123_T0-task_step14000 52 5 0 0.7924414020380937
seed123_T0-task_step14000 52 5 1 0.7904226399841718
seed123_T0-task_step14000 52 5 2 0.7814158099936321
seed123_T0-task_step14000 52 5 3 0.7859521489590406
seed123_T0-task_step14000 52 5 4 0.7697594389901496
seed123_T0-task_step14000 52 5 5 0.7677936800173484
seed123_T0-task_step14000 52 5 6 0.7724995540338568
seed123_T0-task_step14000 52 5 7 0.7608211790211499
seed123_T0-task_step14000 52 5 8 0.7956701619550586
seed123_T0-task_step14000 52 5 9 0.7827994719846174
seed123_T0-task_step14000 52 6 0 0.7991825329954736
seed123_T0-task_step14000 52 6 1 0.7809947360074148
seed123_T0-task_step14000 52 6 2 0.775579712993931
seed123_T0-task_step14000 52 6 3 0.7815871670027263
seed123_T0-task_step14000 52 6 4 0.7658755709999241
seed123_T0-task_step14000 52 6 5 0.782278769009281
seed123_T0-task_step14000 52 6 6 0.7953244389500469
seed123_T0-task_step14000 52 6 7 0.7947828639880754
seed123_T0-task_step14000 52 6 8 0.8118195419665426
seed123_T0-task_step14000 52 6 9 0.790083653992042
seed123_T0-task_step14000 52 7 0 0.7967208049958572
seed123_T0-task_step14000 52 7 1 0.7978774429648183
seed123_T0-task_step14000 52 7 2 0.7845305749797262
seed123_T0-task_step14000 52 7 3 0.79972250998253
seed123_T0-task_step14000 52 7 4 0.7871182960225269
seed123_T0-task_step14000 52 7 5 0.7821652480051853
seed123_T0-task_step14000 52 7 6 0.7940476590301841
seed123_T0-task_step14000 52 7 7 0.7938337230007164
seed123_T0-task_step14000 52 7 8 0.7758362920139916
seed123_T0-task_step14000 52 7 9 0.8127951179631054
seed123_T0-task_step14000 52 8 0 0.824965930019971
seed123_T0-task_step14000 52 8 1 0.8036688449792564
seed123_T0-task_step14000 52 8 2 0.8120385999791324
seed123_T0-task_step14000 52 8 3 0.796621999994386
seed123_T0-task_step14000 52 8 4 0.7979904940002598
seed123_T0-task_step14000 52 8 5 0.8119395200046711
seed123_T0-task_step14000 52 8 6 0.8149904950405471
seed123_T0-task_step14000 52 8 7 0.7939717330154963
seed123_T0-task_step14000 52 8 8 0.7811258549918421
seed123_T0-task_step14000 52 8 9 0.7922116490080953
seed123_T0-task_step14000 52 9 0 0.783886706980411
seed123_T0-task_step14000 52 9 1 0.7881604029680602
seed123_T0-task_step14000 52 9 2 0.8104572080192156
seed123_T0-task_step14000 52 9 3 0.7941703430260532
seed123_T0-task_step14000 52 9 4 0.7946894820197485
seed123_T0-task_step14000 52 9 5 0.7916204609791748
seed123_T0-task_step14000 52 9 6 0.8008009390323423
seed123_T0-task_step14000 52 9 7 0.7931728799594566
seed123_T0-task_step14000 52 9 8 0.7832186780287884
seed123_T0-task_step14000 52 9 9 0.8043532389565371
seed123_T0-task_step14000 56 0 0 0.018673314014449716
seed123_T0-task_step14000 56 0 1 0.016979101987089962
seed123_T0-task_step14000 56 0 2 0.016778917983174324
seed123_T0-task_step14000 56 0 3 0.017044275999069214
seed123_T0-task_step14000 56 0 4 0.0172475739964284
seed123_T0-task_step14000 56 0 5 0.017196558008436114
seed123_T0-task_step14000 56 0 6 0.017215393017977476
seed123_T0-task_step14000 56 0 7 0.017190445971209556
seed123_T0-task_step14000 56 0 8 0.017261712055187672
seed123_T0-task_step14000 56 0 9 0.017406509025022388
seed123_T0-task_step14000 56 1 0 0.017048412992153317
seed123_T0-task_step14000 56 1 1 0.017346524982713163
seed123_T0-task_step14000 56 1 2 0.019077818957157433
seed123_T0-task_step14000 56 1 3 0.01858543697744608
seed123_T0-task_step14000 56 1 4 0.017008155991788954
seed123_T0-task_step14000 56 1 5 0.01695146900601685
seed123_T0-task_step14000 56 1 6 0.01694252999732271
seed123_T0-task_step14000 56 1 7 0.017024157976265997
seed123_T0-task_step14000 56 1 8 0.01694027701159939
seed123_T0-task_step14000 56 1 9 0.016927062009926885
seed123_T0-task_step14000 56 2 0 0.016935728024691343
seed123_T0-task_step14000 56 2 1 0.016938764019869268
seed123_T0-task_step14000 56 2 2 0.016944525006692857
seed123_T0-task_step14000 56 2 3 0.016948862990830094
seed123_T0-task_step14000 56 2 4 0.016941157984547317
seed123_T0-task_step14000 56 2 5 0.01686311897356063
seed123_T0-task_step14000 56 2 6 0.01694425498135388
seed123_T0-task_step14000 56 2 7 0.01692333398386836
seed123_T0-task_step14000 56 2 8 0.016942330985330045
seed123_T0-task_step14000 56 2 9 0.016933814040385187
seed123_T0-task_step14000 56 3 0 0.01694039802532643
seed123_T0-task_step14000 56 3 1 0.01672439300455153
seed123_T0-task_step14000 56 3 2 0.016814735950902104
seed123_T0-task_step14000 56 3 3 0.01715659099863842
seed123_T0-task_step14000 56 3 4 0.017207077995408326
seed123_T0-task_step14000 56 3 5 0.017164657008834183
seed123_T0-task_step14000 56 3 6 0.017181778035592288
seed123_T0-task_step14000 56 3 7 0.01724038098473102
seed123_T0-task_step14000 56 3 8 0.017190896964166313
seed123_T0-task_step14000 56 3 9 0.018430178984999657
seed123_T0-task_step14000 56 4 0 0.018275210983119905
seed123_T0-task_step14000 56 4 1 0.017003357992507517
seed123_T0-task_step14000 56 4 2 0.01729550596792251
seed123_T0-task_step14000 56 4 3 0.016943002003245056
seed123_T0-task_step14000 56 4 4 0.016962309018708766
seed123_T0-task_step14000 56 4 5 0.01693860301747918
seed123_T0-task_step14000 56 4 6 0.016951638972386718
seed123_T0-task_step14000 56 4 7 0.01693843398243189
seed123_T0-task_step14000 56 4 8 0.01694770104950294
seed123_T0-task_step14000 56 4 9 0.017469429993070662
seed123_T0-task_step14000 56 5 0 0.016939926019404083
seed123_T0-task_step14000 56 5 1 0.016948913980741054
seed123_T0-task_step14000 56 5 2 0.01741365296766162
seed123_T0-task_step14000 56 5 3 0.01747580204391852
seed123_T0-task_step14000 56 5 4 0.01693630905356258
seed123_T0-task_step14000 56 5 5 0.016937631997279823
seed123_T0-task_step14000 56 5 6 0.016937962034717202
seed123_T0-task_step14000 56 5 7 0.017003918008413166
seed123_T0-task_step14000 56 5 8 0.01700074301334098
seed123_T0-task_step14000 56 5 9 0.016966347000561655
seed123_T0-task_step14000 56 6 0 0.016960544977337122
seed123_T0-task_step14000 56 6 1 0.016999491024762392
seed123_T0-task_step14000 56 6 2 0.016943271970376372
seed123_T0-task_step14000 56 6 3 0.01693725003860891
seed123_T0-task_step14000 56 6 4 0.016918374982196838
seed123_T0-task_step14000 56 6 5 0.016538869007490575
seed123_T0-task_step14000 56 6 6 0.016738439968321472
seed123_T0-task_step14000 56 6 7 0.019155978050548583
seed123_T0-task_step14000 56 6 8 0.01751628000056371
seed123_T0-task_step14000 56 6 9 0.01852826599497348
seed123_T0-task_step14000 56 7 0 0.01939841196872294
seed123_T0-task_step14000 56 7 1 0.01822941401042044
seed123_T0-task_step14000 56 7 2 0.01739214302506298
seed123_T0-task_step14000 56 7 3 0.017237274965737015
seed123_T0-task_step14000 56 7 4 0.017226023017428815
seed123_T0-task_step14000 56 7 5 0.017250850971322507
seed123_T0-task_step14000 56 7 6 0.017065546999219805
seed123_T0-task_step14000 56 7 7 0.016858048969879746
seed123_T0-task_step14000 56 7 8 0.017604467982891947
seed123_T0-task_step14000 56 7 9 0.017516369000077248
seed123_T0-task_step14000 56 8 0 0.017113700043410063
seed123_T0-task_step14000 56 8 1 0.01677161396946758
seed123_T0-task_step14000 56 8 2 0.016483952989801764
seed123_T0-task_step14000 56 8 3 0.016745342989452183
seed123_T0-task_step14000 56 8 4 0.01723816798767075
seed123_T0-task_step14000 56 8 5 0.017382664023898542
seed123_T0-task_step14000 56 8 6 0.017963284044526517
seed123_T0-task_step14000 56 8 7 0.01739524700678885
seed123_T0-task_step14000 56 8 8 0.017388704989571124
seed123_T0-task_step14000 56 8 9 0.017519035027362406
seed123_T0-task_step14000 56 9 0 0.01846203999593854
seed123_T0-task_step14000 56 9 1 0.02090302197029814
seed123_T0-task_step14000 56 9 2 0.017569902003742754
seed123_T0-task_step14000 56 9 3 0.017153894994407892
seed123_T0-task_step14000 56 9 4 0.018192212970461696
seed123_T0-task_step14000 56 9 5 0.017502592992968857
seed123_T0-task_step14000 56 9 6 0.016992757038678974
seed123_T0-task_step14000 56 9 7 0.018969591008499265
seed123_T0-task_step14000 56 9 8 0.01836946205003187
seed123_T0-task_step14000 56 9 9 0.01746617304161191
seed123_T0-task_step14000 62 0 0 0.27988634002394974
seed123_T0-task_step14000 62 0 1 0.27795023401267827
seed123_T0-task_step14000 62 0 2 0.28252403798978776
seed123_T0-task_step14000 62 0 3 0.2702273079776205
seed123_T0-task_step14000 62 0 4 0.2772900080308318
seed123_T0-task_step14000 62 0 5 0.2704682999756187
seed123_T0-task_step14000 62 0 6 0.27785112999845296
seed123_T0-task_step14000 62 0 7 0.2724701489787549
seed123_T0-task_step14000 62 0 8 0.284345961001236
seed123_T0-task_step14000 62 0 9 0.275280328001827
seed123_T0-task_step14000 62 1 0 0.27979609998874366
seed123_T0-task_step14000 62 1 1 0.27369215502403677
seed123_T0-task_step14000 62 1 2 0.2782584759988822
seed123_T0-task_step14000 62 1 3 0.2807935579912737
seed123_T0-task_step14000 62 1 4 0.2737388919922523
seed123_T0-task_step14000 62 1 5 0.2794786589802243
seed123_T0-task_step14000 62 1 6 0.27499962702859193
seed123_T0-task_step14000 62 1 7 0.2738813030300662
seed123_T0-task_step14000 62 1 8 0.2730733060161583
seed123_T0-task_step14000 62 1 9 0.27401470800396055
seed123_T0-task_step14000 62 2 0 0.2801577159552835
seed123_T0-task_step14000 62 2 1 0.2855389940086752
seed123_T0-task_step14000 62 2 2 0.285606472985819
seed123_T0-task_step14000 62 2 3 0.2822089390247129
seed123_T0-task_step14000 62 2 4 0.2822279240353964
seed123_T0-task_step14000 62 2 5 0.28022277500713244
seed123_T0-task_step14000 62 2 6 0.28606944700004533
seed123_T0-task_step14000 62 2 7 0.2758479409967549
seed123_T0-task_step14000 62 2 8 0.2754957749857567
seed123_T0-task_step14000 62 2 9 0.2845745619852096
seed123_T0-task_step14000 62 3 0 0.2828622550005093
seed123_T0-task_step14000 62 3 1 0.27844854502473027
seed123_T0-task_step14000 62 3 2 0.28690044197719544
seed123_T0-task_step14000 62 3 3 0.2751572240376845
seed123_T0-task_step14000 62 3 4 0.28520287200808525
seed123_T0-task_step14000 62 3 5 0.2828810350038111
seed123_T0-task_step14000 62 3 6 0.2868412450188771
seed123_T0-task_step14000 62 3 7 0.2921591139747761
seed123_T0-task_step14000 62 3 8 0.2689313229639083
seed123_T0-task_step14000 62 3 9 0.28131509595550597
seed123_T0-task_step14000 62 4 0 0.2739025670452975
seed123_T0-task_step14000 62 4 1 0.27712671901099384
seed123_T0-task_step14000 62 4 2 0.2740715989493765
seed123_T0-task_step14000 62 4 3 0.275978697987739
seed123_T0-task_step14000 62 4 4 0.27878567104926333
seed123_T0-task_step14000 62 4 5 0.2754807739984244
seed123_T0-task_step14000 62 4 6 0.2779874410480261
seed123_T0-task_step14000 62 4 7 0.28832220198819414
seed123_T0-task_step14000 62 4 8 0.284571933967527
seed123_T0-task_step14000 62 4 9 0.28137245803372934
seed123_T0-task_step14000 62 5 0 0.2855861220159568
seed123_T0-task_step14000 62 5 1 0.289256646996364
seed123_T0-task_step14000 62 5 2 0.28372533002402633
seed123_T0-task_step14000 62 5 3 0.2730253280024044
seed123_T0-task_step14000 62 5 4 0.2750368469860405
seed123_T0-task_step14000 62 5 5 0.2761849549715407
seed123_T0-task_step14000 62 5 6 0.28506655304227024
seed123_T0-task_step14000 62 5 7 0.27815621602348983
seed123_T0-task_step14000 62 5 8 0.26873337000142783
seed123_T0-task_step14000 62 5 9 0.2822731250198558
seed123_T0-task_step14000 62 6 0 0.2840846190229058
seed123_T0-task_step14000 62 6 1 0.283795396971982
seed123_T0-task_step14000 62 6 2 0.278487847012002
seed123_T0-task_step14000 62 6 3 0.2815351980389096
seed123_T0-task_step14000 62 6 4 0.2763918839627877
seed123_T0-task_step14000 62 6 5 0.28120823204517365
seed123_T0-task_step14000 62 6 6 0.28271347301779315
seed123_T0-task_step14000 62 6 7 0.28133415000047535
seed123_T0-task_step14000 62 6 8 0.27506756503134966
seed123_T0-task_step14000 62 6 9 0.29282807995332405
seed123_T0-task_step14000 62 7 0 0.28353037202032283
seed123_T0-task_step14000 62 7 1 0.27997831301763654
seed123_T0-task_step14000 62 7 2 0.2862789409700781
seed123_T0-task_step14000 62 7 3 0.2819624900002964
seed123_T0-task_step14000 62 7 4 0.2752407329971902
seed123_T0-task_step14000 62 7 5 0.2797315680072643
seed123_T0-task_step14000 62 7 6 0.27872417896287516
seed123_T0-task_step14000 62 7 7 0.2849796009832062
seed123_T0-task_step14000 62 7 8 0.2869126789737493
seed123_T0-task_step14000 62 7 9 0.2930136459763162
seed123_T0-task_step14000 62 8 0 0.2848159160348587
seed123_T0-task_step14000 62 8 1 0.27589005103800446
seed123_T0-task_step14000 62 8 2 0.28172712202649564
seed123_T0-task_step14000 62 8 3 0.28198548703221604
seed123_T0-task_step14000 62 8 4 0.27771685499465093
seed123_T0-task_step14000 62 8 5 0.27866627101320773
seed123_T0-task_step14000 62 8 6 0.2842988810152747
seed123_T0-task_step14000 62 8 7 0.2822184399701655
seed123_T0-task_step14000 62 8 8 0.2766060160356574
seed123_T0-task_step14000 62 8 9 0.2839028399903327
seed123_T0-task_step14000 62 9 0 0.27960671798791736
seed123_T0-task_step14000 62 9 1 0.28539404401089996
seed123_T0-task_step14000 62 9 2 0.2953391260234639
seed123_T0-task_step14000 62 9 3 0.2832874699961394
seed123_T0-task_step14000 62 9 4 0.2870666329981759
seed123_T0-task_step14000 62 9 5 0.28156677598599344
seed123_T0-task_step14000 62 9 6 0.2879469759645872
seed123_T0-task_step14000 62 9 7 0.28445612400537357
seed123_T0-task_step14000 62 9 8 0.28358687000581995
seed123_T0-task_step14000 62 9 9 0.2838891969877295
seed123_T0-task_step14000 64 0 0 0.1758203330100514
seed123_T0-task_step14000 64 0 1 0.171005587966647
seed123_T0-task_step14000 64 0 2 0.16806835698662326
seed123_T0-task_step14000 64 0 3 0.18459656898630783
seed123_T0-task_step14000 64 0 4 0.16921080101747066
seed123_T0-task_step14000 64 0 5 0.17261300300015137
seed123_T0-task_step14000 64 0 6 0.17409002996282652
seed123_T0-task_step14000 64 0 7 0.1692496559699066
seed123_T0-task_step14000 64 0 8 0.16599193098954856
seed123_T0-task_step14000 64 0 9 0.16835588496178389
seed123_T0-task_step14000 64 1 0 0.17231770599028096
seed123_T0-task_step14000 64 1 1 0.16742489102762192
seed123_T0-task_step14000 64 1 2 0.16900295298546553
seed123_T0-task_step14000 64 1 3 0.16782279399922118
seed123_T0-task_step14000 64 1 4 0.1635593440150842
seed123_T0-task_step14000 64 1 5 0.1719724049908109
seed123_T0-task_step14000 64 1 6 0.16334059298969805
seed123_T0-task_step14000 64 1 7 0.162958252010867
seed123_T0-task_step14000 64 1 8 0.17482774797827005
seed123_T0-task_step14000 64 1 9 0.1680656559765339
seed123_T0-task_step14000 64 2 0 0.17012419598177075
seed123_T0-task_step14000 64 2 1 0.1762924309587106
seed123_T0-task_step14000 64 2 2 0.16549958300311118
seed123_T0-task_step14000 64 2 3 0.16540244803763926
seed123_T0-task_step14000 64 2 4 0.17377935000695288
seed123_T0-task_step14000 64 2 5 0.16732462699292228
seed123_T0-task_step14000 64 2 6 0.16429251403314993
seed123_T0-task_step14000 64 2 7 0.16906373400706798
seed123_T0-task_step14000 64 2 8 0.1603051309939474
seed123_T0-task_step14000 64 2 9 0.17532348399981856
seed123_T0-task_step14000 64 3 0 0.19264020601985976
seed123_T0-task_step14000 64 3 1 0.17200337001122534
seed123_T0-task_step14000 64 3 2 0.1748486559954472
seed123_T0-task_step14000 64 3 3 0.17320651101181284
seed123_T0-task_step14000 64 3 4 0.16798817401286215
seed123_T0-task_step14000 64 3 5 0.16563939797924832
seed123_T0-task_step14000 64 3 6 0.16727416700450704
seed123_T0-task_step14000 64 3 7 0.17567001603310928
seed123_T0-task_step14000 64 3 8 0.17402198095805943
seed123_T0-task_step14000 64 3 9 0.17053686099825427
seed123_T0-task_step14000 64 4 0 0.18229747796431184
seed123_T0-task_step14000 64 4 1 0.1874368640128523
seed123_T0-task_step14000 64 4 2 0.17435668100370094
seed123_T0-task_step14000 64 4 3 0.1684753040317446
seed123_T0-task_step14000 64 4 4 0.16979111201362684
seed123_T0-task_step14000 64 4 5 0.1747798379510641
seed123_T0-task_step14000 64 4 6 0.16872715501813218
seed123_T0-task_step14000 64 4 7 0.16680625802837312
seed123_T0-task_step14000 64 4 8 0.17259461601497605
seed123_T0-task_step14000 64 4 9 0.16757009999128059
seed123_T0-task_step14000 64 5 0 0.16790098301135004
seed123_T0-task_step14000 64 5 1 0.17158718698192388
seed123_T0-task_step14000 64 5 2 0.16569599299691617
seed123_T0-task_step14000 64 5 3 0.1672909240005538
seed123_T0-task_step14000 64 5 4 0.17911070602713153
seed123_T0-task_step14000 64 5 5 0.17169925099005923
seed123_T0-task_step14000 64 5 6 0.1683116279891692
seed123_T0-task_step14000 64 5 7 0.16727818798972294
seed123_T0-task_step14000 64 5 8 0.1762738549732603
seed123_T0-task_step14000 64 5 9 0.1735333189717494
seed123_T0-task_step14000 64 6 0 0.16981071600457653
seed123_T0-task_step14000 64 6 1 0.1708662059972994
seed123_T0-task_step14000 64 6 2 0.18542706000152975
seed123_T0-task_step14000 64 6 3 0.17247361998306587
seed123_T0-task_step14000 64 6 4 0.1749006059835665
seed123_T0-task_step14000 64 6 5 0.16748486302094534
seed123_T0-task_step14000 64 6 6 0.17662539600860327
seed123_T0-task_step14000 64 6 7 0.1787635880173184
seed123_T0-task_step14000 64 6 8 0.18460488598793745
seed123_T0-task_step14000 64 6 9 0.17190129298251122
seed123_T0-task_step14000 64 7 0 0.16919391200644895
seed123_T0-task_step14000 64 7 1 0.17918336996808648
seed123_T0-task_step14000 64 7 2 0.17468336800811812
seed123_T0-task_step14000 64 7 3 0.16680992901092395
seed123_T0-task_step14000 64 7 4 0.16172723099589348
seed123_T0-task_step14000 64 7 5 0.1708490580203943
seed123_T0-task_step14000 64 7 6 0.16968419798649848
seed123_T0-task_step14000 64 7 7 0.17174806899856776
seed123_T0-task_step14000 64 7 8 0.1696523170103319
seed123_T0-task_step14000 64 7 9 0.16716216102940962
seed123_T0-task_step14000 64 8 0 0.166490686009638
seed123_T0-task_step14000 64 8 1 0.16492215398466215
seed123_T0-task_step14000 64 8 2 0.1651909780339338
seed123_T0-task_step14000 64 8 3 0.16857871203683317
seed123_T0-task_step14000 64 8 4 0.1715775210177526
seed123_T0-task_step14000 64 8 5 0.16846720699686557
seed123_T0-task_step14000 64 8 6 0.1716772000072524
seed123_T0-task_step14000 64 8 7 0.16751122701680288
seed123_T0-task_step14000 64 8 8 0.16725283296545967
seed123_T0-task_step14000 64 8 9 0.17427163501270115
seed123_T0-task_step14000 64 9 0 0.16974585398565978
seed123_T0-task_step14000 64 9 1 0.17280886496882886
seed123_T0-task_step14000 64 9 2 0.1684979849960655
seed123_T0-task_step14000 64 9 3 0.16706312802853063
seed123_T0-task_step14000 64 9 4 0.16997198498575017
seed123_T0-task_step14000 64 9 5 0.16965712199453264
seed123_T0-task_step14000 64 9 6 0.17055456002708524
seed123_T0-task_step14000 64 9 7 0.17010828497586772
seed123_T0-task_step14000 64 9 8 0.16303839400643483
seed123_T0-task_step14000 64 9 9 0.16783643601229414
seed123_T0-task_step14000 69 0 0 0.508756220981013
seed123_T0-task_step14000 69 0 1 0.5088948920019902
seed123_T0-task_step14000 69 0 2 0.507638888026122
seed123_T0-task_step14000 69 0 3 0.5094884830177762
seed123_T0-task_step14000 69 0 4 0.5104040760197677
seed123_T0-task_step14000 69 0 5 0.509280199999921
seed123_T0-task_step14000 69 0 6 0.5171106440247968
seed123_T0-task_step14000 69 0 7 0.5117615640047006
seed123_T0-task_step14000 69 0 8 0.5077494350261986
seed123_T0-task_step14000 69 0 9 0.5264852860127576
seed123_T0-task_step14000 69 1 0 0.5064971839892678
seed123_T0-task_step14000 69 1 1 0.519494473002851
seed123_T0-task_step14000 69 1 2 0.5017774070147425
seed123_T0-task_step14000 69 1 3 0.5066831419826485
seed123_T0-task_step14000 69 1 4 0.5003042229800485
seed123_T0-task_step14000 69 1 5 0.4986219509737566
seed123_T0-task_step14000 69 1 6 0.5050245819729753
seed123_T0-task_step14000 69 1 7 0.5027488640043885
seed123_T0-task_step14000 69 1 8 0.5099991179886274
seed123_T0-task_step14000 69 1 9 0.505389361991547
seed123_T0-task_step14000 69 2 0 0.5168918519630097
seed123_T0-task_step14000 69 2 1 0.5161529760225676
seed123_T0-task_step14000 69 2 2 0.5152362089720555
seed123_T0-task_step14000 69 2 3 0.5070222479989752
seed123_T0-task_step14000 69 2 4 0.4994683010154404
seed123_T0-task_step14000 69 2 5 0.5085306109976955
seed123_T0-task_step14000 69 2 6 0.5020728399977088
seed123_T0-task_step14000 69 2 7 0.5014362200163305
seed123_T0-task_step14000 69 2 8 0.5030460989801213
seed123_T0-task_step14000 69 2 9 0.5037290739710443
seed123_T0-task_step14000 69 3 0 0.4940127579611726
seed123_T0-task_step14000 69 3 1 0.4958017999888398
seed123_T0-task_step14000 69 3 2 0.5136113879852928
seed123_T0-task_step14000 69 3 3 0.5044350550160743
seed123_T0-task_step14000 69 3 4 0.5135656659840606
seed123_T0-task_step14000 69 3 5 0.4989436430041678
seed123_T0-task_step14000 69 3 6 0.5034769459743984
seed123_T0-task_step14000 69 3 7 0.4974225669866428
seed123_T0-task_step14000 69 3 8 0.502167965983972
seed123_T0-task_step14000 69 3 9 0.5160620009992272
seed123_T0-task_step14000 69 4 0 0.5179897269699723
seed123_T0-task_step14000 69 4 1 0.4997074310085736
seed123_T0-task_step14000 69 4 2 0.5092831130023114
seed123_T0-task_step14000 69 4 3 0.5050422360072844
seed123_T0-task_step14000 69 4 4 0.5024106170167215
seed123_T0-task_step14000 69 4 5 0.50947275897488
seed123_T0-task_step14000 69 4 6 0.5217765109846368
seed123_T0-task_step14000 69 4 7 0.5103070409968495
seed123_T0-task_step14000 69 4 8 0.5066385979880579
seed123_T0-task_step14000 69 4 9 0.5039212579722516
seed123_T0-task_step14000 69 5 0 0.5056550320005044
seed123_T0-task_step14000 69 5 1 0.49510156601900235
seed123_T0-task_step14000 69 5 2 0.5075665450422093
seed123_T0-task_step14000 69 5 3 0.5180738000199199
seed123_T0-task_step14000 69 5 4 0.5128875729860738
seed123_T0-task_step14000 69 5 5 0.5112823100062087
seed123_T0-task_step14000 69 5 6 0.5105832899571396
seed123_T0-task_step14000 69 5 7 0.49642302200663835
seed123_T0-task_step14000 69 5 8 0.4936225800192915
seed123_T0-task_step14000 69 5 9 0.4996895479853265
seed123_T0-task_step14000 69 6 0 0.4938664129585959
seed123_T0-task_step14000 69 6 1 0.5131087520276196
seed123_T0-task_step14000 69 6 2 0.5058418830158189
seed123_T0-task_step14000 69 6 3 0.5089936929871328
seed123_T0-task_step14000 69 6 4 0.5063039530068636
seed123_T0-task_step14000 69 6 5 0.5057118789991364
seed123_T0-task_step14000 69 6 6 0.512301814975217
seed123_T0-task_step14000 69 6 7 0.5005481439875439
seed123_T0-task_step14000 69 6 8 0.4995338400476612
seed123_T0-task_step14000 69 6 9 0.5017589079798199
seed123_T0-task_step14000 69 7 0 0.5134144750190899
seed123_T0-task_step14000 69 7 1 0.5074342520092614
seed123_T0-task_step14000 69 7 2 0.529260591021739
seed123_T0-task_step14000 69 7 3 0.5054479470127262
seed123_T0-task_step14000 69 7 4 0.517995743022766
seed123_T0-task_step14000 69 7 5 0.502088534005452
seed123_T0-task_step14000 69 7 6 0.5073039199924096
seed123_T0-task_step14000 69 7 7 0.5238438660162501
seed123_T0-task_step14000 69 7 8 0.5159373150090687
seed123_T0-task_step14000 69 7 9 0.5192102859728038
seed123_T0-task_step14000 69 8 0 0.5174274920136668
seed123_T0-task_step14000 69 8 1 0.5229129469953477
seed123_T0-task_step14000 69 8 2 0.5171049300115556
seed123_T0-task_step14000 69 8 3 0.5080332009820268
seed123_T0-task_step14000 69 8 4 0.5082027130411007
seed123_T0-task_step14000 69 8 5 0.5208785149734467
seed123_T0-task_step14000 69 8 6 0.5138718159869313
seed123_T0-task_step14000 69 8 7 0.5151048229890876
seed123_T0-task_step14000 69 8 8 0.5190056939609349
seed123_T0-task_step14000 69 8 9 0.5083460760070011
seed123_T0-task_step14000 69 9 0 0.511610250978265
seed123_T0-task_step14000 69 9 1 0.5144822929869406
seed123_T0-task_step14000 69 9 2 0.5070429270272143
seed123_T0-task_step14000 69 9 3 0.5095308650052175
seed123_T0-task_step14000 69 9 4 0.5205580620095134
seed123_T0-task_step14000 69 9 5 0.5077596610062756
seed123_T0-task_step14000 69 9 6 0.5058671699953265
seed123_T0-task_step14000 69 9 7 0.5112786400131881
seed123_T0-task_step14000 69 9 8 0.5134008890017867
seed123_T0-task_step14000 69 9 9 0.521009353979025
seed123_T0-task_step14000 74 0 0 0.7279133429983631
seed123_T0-task_step14000 74 0 1 0.7115902480436489
seed123_T0-task_step14000 74 0 2 0.7099502740311436
seed123_T0-task_step14000 74 0 3 0.6980249650077894
seed123_T0-task_step14000 74 0 4 0.6996497400105
seed123_T0-task_step14000 74 0 5 0.7114036540151574
seed123_T0-task_step14000 74 0 6 0.6934601490502246
seed123_T0-task_step14000 74 0 7 0.7130392959807068
seed123_T0-task_step14000 74 0 8 0.7049739200156182
seed123_T0-task_step14000 74 0 9 0.6905844749999233
seed123_T0-task_step14000 74 1 0 0.709289639024064
seed123_T0-task_step14000 74 1 1 0.6928158270311542
seed123_T0-task_step14000 74 1 2 0.696960462955758
seed123_T0-task_step14000 74 1 3 0.7405676490161568
seed123_T0-task_step14000 74 1 4 0.7100772809935734
seed123_T0-task_step14000 74 1 5 0.7333718230365776
seed123_T0-task_step14000 74 1 6 0.7131498990347609
seed123_T0-task_step14000 74 1 7 0.6978698130114935
seed123_T0-task_step14000 74 1 8 0.7222290729987435
seed123_T0-task_step14000 74 1 9 0.702748979034368
seed123_T0-task_step14000 74 2 0 0.6998433260014281
seed123_T0-task_step14000 74 2 1 0.6944760750047863
seed123_T0-task_step14000 74 2 2 0.69842307100771
seed123_T0-task_step14000 74 2 3 0.7223394140019082
seed123_T0-task_step14000 74 2 4 0.7020012799766846
seed123_T0-task_step14000 74 2 5 0.7189621240249835
seed123_T0-task_step14000 74 2 6 0.701392246002797
seed123_T0-task_step14000 74 2 7 0.71753699996043
seed123_T0-task_step14000 74 2 8 0.7067447489826009
seed123_T0-task_step14000 74 2 9 0.7075420600012876
seed123_T0-task_step14000 74 3 0 0.6816894570365548
seed123_T0-task_step14000 74 3 1 0.7184833450010046
seed123_T0-task_step14000 74 3 2 0.711622114002239
seed123_T0-task_step14000 74 3 3 0.7054180999984965
seed123_T0-task_step14000 74 3 4 0.7116548100020736
seed123_T0-task_step14000 74 3 5 0.6971704449970275
seed123_T0-task_step14000 74 3 6 0.7132430690107867
seed123_T0-task_step14000 74 3 7 0.6950852180016227
seed123_T0-task_step14000 74 3 8 0.7018340859794989
seed123_T0-task_step14000 74 3 9 0.7187383199925534
seed123_T0-task_step14000 74 4 0 0.722073087003082
seed123_T0-task_step14000 74 4 1 0.6962999369716272
seed123_T0-task_step14000 74 4 2 0.7119804009562358
seed123_T0-task_step14000 74 4 3 0.6917680689948611
seed123_T0-task_step14000 74 4 4 0.6964975530281663
seed123_T0-task_step14000 74 4 5 0.7048889739671722
seed123_T0-task_step14000 74 4 6 0.6929047709563747
seed123_T0-task_step14000 74 4 7 0.7275678609730676
seed123_T0-task_step14000 74 4 8 0.7178404579753987
seed123_T0-task_step14000 74 4 9 0.7002135220100172
seed123_T0-task_step14000 74 5 0 0.6996063769911416
seed123_T0-task_step14000 74 5 1 0.7082316550076939
seed123_T0-task_step14000 74 5 2 0.6815423939842731
seed123_T0-task_step14000 74 5 3 0.7030091570341028
seed123_T0-task_step14000 74 5 4 0.6826639730134048
seed123_T0-task_step14000 74 5 5 0.704510762996506
seed123_T0-task_step14000 74 5 6 0.7199862010311335
seed123_T0-task_step14000 74 5 7 0.6833086849655956
seed123_T0-task_step14000 74 5 8 0.7257468949537724
seed123_T0-task_step14000 74 5 9 0.704266007989645
seed123_T0-task_step14000 74 6 0 0.7016575339948758
seed123_T0-task_step14000 74 6 1 0.6927246929844841
seed123_T0-task_step14000 74 6 2 0.7040753939654678
seed123_T0-task_step14000 74 6 3 0.7285852149943821
seed123_T0-task_step14000 74 6 4 0.7024267319939099
seed123_T0-task_step14000 74 6 5 0.6926240469911136
seed123_T0-task_step14000 74 6 6 0.7274834549752995
seed123_T0-task_step14000 74 6 7 0.6923313370207325
seed123_T0-task_step14000 74 6 8 0.6932118000113405
seed123_T0-task_step14000 74 6 9 0.6949695880175568
seed123_T0-task_step14000 74 7 0 0.726305236981716
seed123_T0-task_step14000 74 7 1 0.712995501991827
seed123_T0-task_step14000 74 7 2 0.7045444750110619
seed123_T0-task_step14000 74 7 3 0.6938923120032996
seed123_T0-task_step14000 74 7 4 0.6962346500367858
seed123_T0-task_step14000 74 7 5 0.710612150025554
seed123_T0-task_step14000 74 7 6 0.7002204870223068
seed123_T0-task_step14000 74 7 7 0.6925628349999897
seed123_T0-task_step14000 74 7 8 0.6948171650292352
seed123_T0-task_step14000 74 7 9 0.7559592979960144
seed123_T0-task_step14000 74 8 0 0.7106443920056336
seed123_T0-task_step14000 74 8 1 0.7156564359902404
seed123_T0-task_step14000 74 8 2 0.6962075700284913
seed123_T0-task_step14000 74 8 3 0.7168483889545314
seed123_T0-task_step14000 74 8 4 0.715812664013356
seed123_T0-task_step14000 74 8 5 0.7152598120155744
seed123_T0-task_step14000 74 8 6 0.7143087500007823
seed123_T0-task_step14000 74 8 7 0.7035034769796766
seed123_T0-task_step14000 74 8 8 0.7195082379621454
seed123_T0-task_step14000 74 8 9 0.7130217680241913
seed123_T0-task_step14000 74 9 0 0.7053458800073713
seed123_T0-task_step14000 74 9 1 0.7075493209995329
seed123_T0-task_step14000 74 9 2 0.7125238640001044
seed123_T0-task_step14000 74 9 3 0.708001910999883
seed123_T0-task_step14000 74 9 4 0.7384469220414758
seed123_T0-task_step14000 74 9 5 0.7178562219487503
seed123_T0-task_step14000 74 9 6 0.7203364330343902
seed123_T0-task_step14000 74 9 7 0.7169766729930416
seed123_T0-task_step14000 74 9 8 0.7248996829730459
seed123_T0-task_step14000 74 9 9 0.7005274110124446
seed123_T0-task_step14000 78 0 0 1.1468598259962164
seed123_T0-task_step14000 78 0 1 1.1682999579934403
seed123_T0-task_step14000 78 0 2 1.1992413810221478
seed123_T0-task_step14000 78 0 3 1.1745099970139563
seed123_T0-task_step14000 78 0 4 1.1728908600052819
seed123_T0-task_step14000 78 0 5 1.1428076489828527
seed123_T0-task_step14000 78 0 6 1.1402911269688047
seed123_T0-task_step14000 78 0 7 1.1594198450329714
seed123_T0-task_step14000 78 0 8 1.1471719589899294
seed123_T0-task_step14000 78 0 9 1.1417113359784707
seed123_T0-task_step14000 78 1 0 1.1484616689849645
seed123_T0-task_step14000 78 1 1 1.1250057649449445
seed123_T0-task_step14000 78 1 2 1.1669589279918
seed123_T0-task_step14000 78 1 3 1.1524415129679255
seed123_T0-task_step14000 78 1 4 1.1631523200194351
seed123_T0-task_step14000 78 1 5 1.1613409669953398
seed123_T0-task_step14000 78 1 6 1.1727433560299687
seed123_T0-task_step14000 78 1 7 1.198518763994798
seed123_T0-task_step14000 78 1 8 1.1928872640128247
seed123_T0-task_step14000 78 1 9 1.1709754649782553
seed123_T0-task_step14000 78 2 0 1.1444795909919776
seed123_T0-task_step14000 78 2 1 1.1694056849810295
seed123_T0-task_step14000 78 2 2 1.150040767970495
seed123_T0-task_step14000 78 2 3 1.1675708569819108
seed123_T0-task_step14000 78 2 4 1.166388297046069
seed123_T0-task_step14000 78 2 5 1.1750951299909502
seed123_T0-task_step14000 78 2 6 1.1843296510051005
seed123_T0-task_step14000 78 2 7 1.161818508990109
seed123_T0-task_step14000 78 2 8 1.149797188991215
seed123_T0-task_step14000 78 2 9 1.1474646890419535
seed123_T0-task_step14000 78 3 0 1.1455006439937279
seed123_T0-task_step14000 78 3 1 1.1558700270252302
seed123_T0-task_step14000 78 3 2 1.1409391930210404
seed123_T0-task_step14000 78 3 3 1.1754544950090349
seed123_T0-task_step14000 78 3 4 1.174318764009513
seed123_T0-task_step14000 78 3 5 1.1666852060006931
seed123_T0-task_step14000 78 3 6 1.177803769998718
seed123_T0-task_step14000 78 3 7 1.1435065389960073
seed123_T0-task_step14000 78 3 8 1.1839650470064953
seed123_T0-task_step14000 78 3 9 1.1419979269849136
seed123_T0-task_step14000 78 4 0 1.1486305429716595
seed123_T0-task_step14000 78 4 1 1.1560730680357665
seed123_T0-task_step14000 78 4 2 1.1539232470095158
seed123_T0-task_step14000 78 4 3 1.1730905949953012
seed123_T0-task_step14000 78 4 4 1.1594689760240726
seed123_T0-task_step14000 78 4 5 1.182272636971902
seed123_T0-task_step14000 78 4 6 1.162122402980458
seed123_T0-task_step14000 78 4 7 1.149811270995997
seed123_T0-task_step14000 78 4 8 1.1700594139983878
seed123_T0-task_step14000 78 4 9 1.164731307013426
seed123_T0-task_step14000 78 5 0 1.1939121730392799
seed123_T0-task_step14000 78 5 1 1.1809876470360905
seed123_T0-task_step14000 78 5 2 1.1695442149648443
seed123_T0-task_step14000 78 5 3 1.1410147179849446
seed123_T0-task_step14000 78 5 4 1.1463591289939359
seed123_T0-task_step14000 78 5 5 1.1827764339977875
seed123_T0-task_step14000 78 5 6 1.1734295699861832
seed123_T0-task_step14000 78 5 7 1.148460544005502
seed123_T0-task_step14000 78 5 8 1.151213529985398
seed123_T0-task_step14000 78 5 9 1.1822856510407291
seed123_T0-task_step14000 78 6 0 1.1882873990107328
seed123_T0-task_step14000 78 6 1 1.1603075449820608
seed123_T0-task_step14000 78 6 2 1.1683028359548189
seed123_T0-task_step14000 78 6 3 1.1529796160175465
seed123_T0-task_step14000 78 6 4 1.1840793080045842
seed123_T0-task_step14000 78 6 5 1.1823926949873567
seed123_T0-task_step14000 78 6 6 1.1743985890061595
seed123_T0-task_step14000 78 6 7 1.1499317240086384
seed123_T0-task_step14000 78 6 8 1.1679745789733715
seed123_T0-task_step14000 78 6 9 1.1614480999996886
seed123_T0-task_step14000 78 7 0 1.1846944839926437
seed123_T0-task_step14000 78 7 1 1.1376275030197576
seed123_T0-task_step14000 78 7 2 1.157685269950889
seed123_T0-task_step14000 78 7 3 1.1358266040333547
seed123_T0-task_step14000 78 7 4 1.1519730009604245
seed123_T0-task_step14000 78 7 5 1.1773906769813038
seed123_T0-task_step14000 78 7 6 1.149894650967326
seed123_T0-task_step14000 78 7 7 1.1646575420163572
seed123_T0-task_step14000 78 7 8 1.1278246730216779
seed123_T0-task_step14000 78 7 9 1.1484208700130694
seed123_T0-task_step14000 78 8 0 1.1449123019701801
seed123_T0-task_step14000 78 8 1 1.1419780440046452
seed123_T0-task_step14000 78 8 2 1.1300711589865386
seed123_T0-task_step14000 78 8 3 1.1276005069958046
seed123_T0-task_step14000 78 8 4 1.1446069389930926
seed123_T0-task_step14000 78 8 5 1.1613740409957245
seed123_T0-task_step14000 78 8 6 1.1451179800205864
seed123_T0-task_step14000 78 8 7 1.145762955013197
seed123_T0-task_step14000 78 8 8 1.1386715180124156
seed123_T0-task_step14000 78 8 9 1.1453749380307272
seed123_T0-task_step14000 78 9 0 1.1498410200001672
seed123_T0-task_step14000 78 9 1 1.152983172039967
seed123_T0-task_step14000 78 9 2 1.1268251159926876
seed123_T0-task_step14000 78 9 3 1.1357939980225638
seed123_T0-task_step14000 78 9 4 1.1454876770148985
seed123_T0-task_step14000 78 9 5 1.1509234819677658
seed123_T0-task_step14000 78 9 6 1.1301301260245964
seed123_T0-task_step14000 78 9 7 1.1846900510136038
seed123_T0-task_step14000 78 9 8 1.1293671440216713
seed123_T0-task_step14000 78 9 9 1.1393683979986235
{'model': 'seed123_T0-task_step14000', 'completed_pairs': 2000, 'requested_pairs': 2000, 'completed': True, 'complete_source_count': 20, 'FRD': 133.87666740682033, 'new_pairs': 2000, 'wall_seconds': 463.51495734095806}
