seed123_T1-task-dynamics_step14000 0 0 0 0.8234357879846357
seed123_T1-task-dynamics_step14000 0 0 1 0.09133499197196215
seed123_T1-task-dynamics_step14000 0 0 2 0.09725535998586565
seed123_T1-task-dynamics_step14000 0 0 3 0.10306026902981102
seed123_T1-task-dynamics_step14000 0 0 4 0.09675088699441403
seed123_T1-task-dynamics_step14000 0 0 5 0.09422617399832234
seed123_T1-task-dynamics_step14000 0 0 6 0.09215782303363085
seed123_T1-task-dynamics_step14000 0 0 7 0.09217502601677552
seed123_T1-task-dynamics_step14000 0 0 8 0.09135328704724088
seed123_T1-task-dynamics_step14000 0 0 9 0.08897152700228617
seed123_T1-task-dynamics_step14000 0 1 0 0.09081617003539577
seed123_T1-task-dynamics_step14000 0 1 1 0.08878375799395144
seed123_T1-task-dynamics_step14000 0 1 2 0.09199751703999937
seed123_T1-task-dynamics_step14000 0 1 3 0.09073212899966165
seed123_T1-task-dynamics_step14000 0 1 4 0.0914215570082888
seed123_T1-task-dynamics_step14000 0 1 5 0.08977391896769404
seed123_T1-task-dynamics_step14000 0 1 6 0.09041636600159109
seed123_T1-task-dynamics_step14000 0 1 7 0.08950267103500664
seed123_T1-task-dynamics_step14000 0 1 8 0.09159819298656657
seed123_T1-task-dynamics_step14000 0 1 9 0.09700362000148743
seed123_T1-task-dynamics_step14000 0 2 0 0.08974296099040657
seed123_T1-task-dynamics_step14000 0 2 1 0.08711813599802554
seed123_T1-task-dynamics_step14000 0 2 2 0.08929558499949053
seed123_T1-task-dynamics_step14000 0 2 3 0.0924754289444536
seed123_T1-task-dynamics_step14000 0 2 4 0.09248327399836853
seed123_T1-task-dynamics_step14000 0 2 5 0.08850526600144804
seed123_T1-task-dynamics_step14000 0 2 6 0.08875839901156723
seed123_T1-task-dynamics_step14000 0 2 7 0.08963866101112217
seed123_T1-task-dynamics_step14000 0 2 8 0.08755436894716695
seed123_T1-task-dynamics_step14000 0 2 9 0.09105014702072367
seed123_T1-task-dynamics_step14000 0 3 0 0.08898205700097606
seed123_T1-task-dynamics_step14000 0 3 1 0.08740179694723338
seed123_T1-task-dynamics_step14000 0 3 2 0.08872684900416061
seed123_T1-task-dynamics_step14000 0 3 3 0.0854460810078308
seed123_T1-task-dynamics_step14000 0 3 4 0.0881152999936603
seed123_T1-task-dynamics_step14000 0 3 5 0.09320846997434273
seed123_T1-task-dynamics_step14000 0 3 6 0.08874054497573525
seed123_T1-task-dynamics_step14000 0 3 7 0.08555489900754765
seed123_T1-task-dynamics_step14000 0 3 8 0.08743591199163347
seed123_T1-task-dynamics_step14000 0 3 9 0.08649375301320106
seed123_T1-task-dynamics_step14000 0 4 0 0.09056572098052129
seed123_T1-task-dynamics_step14000 0 4 1 0.08939758001361042
seed123_T1-task-dynamics_step14000 0 4 2 0.08724769297987223
seed123_T1-task-dynamics_step14000 0 4 3 0.08972915296908468
seed123_T1-task-dynamics_step14000 0 4 4 0.08726969501003623
seed123_T1-task-dynamics_step14000 0 4 5 0.08977904700441286
seed123_T1-task-dynamics_step14000 0 4 6 0.09117741999216378
seed123_T1-task-dynamics_step14000 0 4 7 0.09070874500321224
seed123_T1-task-dynamics_step14000 0 4 8 0.08942933101207018
seed123_T1-task-dynamics_step14000 0 4 9 0.09150396403856575
seed123_T1-task-dynamics_step14000 0 5 0 0.08748786099022254
seed123_T1-task-dynamics_step14000 0 5 1 0.09130949102109298
seed123_T1-task-dynamics_step14000 0 5 2 0.09277182503137738
seed123_T1-task-dynamics_step14000 0 5 3 0.09094902302604169
seed123_T1-task-dynamics_step14000 0 5 4 0.09148974600248039
seed123_T1-task-dynamics_step14000 0 5 5 0.08865699399029836
seed123_T1-task-dynamics_step14000 0 5 6 0.09026331396307796
seed123_T1-task-dynamics_step14000 0 5 7 0.09406735998345539
seed123_T1-task-dynamics_step14000 0 5 8 0.08932745596393943
seed123_T1-task-dynamics_step14000 0 5 9 0.08760412398260087
seed123_T1-task-dynamics_step14000 0 6 0 0.08750758896348998
seed123_T1-task-dynamics_step14000 0 6 1 0.08730464201653376
seed123_T1-task-dynamics_step14000 0 6 2 0.08807982294820249
seed123_T1-task-dynamics_step14000 0 6 3 0.08893183898180723
seed123_T1-task-dynamics_step14000 0 6 4 0.08896074601216242
seed123_T1-task-dynamics_step14000 0 6 5 0.09049142902949825
seed123_T1-task-dynamics_step14000 0 6 6 0.09073051600717008
seed123_T1-task-dynamics_step14000 0 6 7 0.08849953400203958
seed123_T1-task-dynamics_step14000 0 6 8 0.08913810295052826
seed123_T1-task-dynamics_step14000 0 6 9 0.08976434002397582
seed123_T1-task-dynamics_step14000 0 7 0 0.09026019700104371
seed123_T1-task-dynamics_step14000 0 7 1 0.0890063819824718
seed123_T1-task-dynamics_step14000 0 7 2 0.09294683899497613
seed123_T1-task-dynamics_step14000 0 7 3 0.09649789199465886
seed123_T1-task-dynamics_step14000 0 7 4 0.09096367104211822
seed123_T1-task-dynamics_step14000 0 7 5 0.10219815000891685
seed123_T1-task-dynamics_step14000 0 7 6 0.09816319402307272
seed123_T1-task-dynamics_step14000 0 7 7 0.09056532999966294
seed123_T1-task-dynamics_step14000 0 7 8 0.08917821000795811
seed123_T1-task-dynamics_step14000 0 7 9 0.08961358200758696
seed123_T1-task-dynamics_step14000 0 8 0 0.0916102270130068
seed123_T1-task-dynamics_step14000 0 8 1 0.0939639619900845
seed123_T1-task-dynamics_step14000 0 8 2 0.08977907802909613
seed123_T1-task-dynamics_step14000 0 8 3 0.08674730599159375
seed123_T1-task-dynamics_step14000 0 8 4 0.08696469198912382
seed123_T1-task-dynamics_step14000 0 8 5 0.08923128095921129
seed123_T1-task-dynamics_step14000 0 8 6 0.09022831596666947
seed123_T1-task-dynamics_step14000 0 8 7 0.09142109396634623
seed123_T1-task-dynamics_step14000 0 8 8 0.0943478150293231
seed123_T1-task-dynamics_step14000 0 8 9 0.0949829290038906
seed123_T1-task-dynamics_step14000 0 9 0 0.08956702298019081
seed123_T1-task-dynamics_step14000 0 9 1 0.09223626099992543
seed123_T1-task-dynamics_step14000 0 9 2 0.08967761398525909
seed123_T1-task-dynamics_step14000 0 9 3 0.08875900896964595
seed123_T1-task-dynamics_step14000 0 9 4 0.08866818499518558
seed123_T1-task-dynamics_step14000 0 9 5 0.08860024600289762
seed123_T1-task-dynamics_step14000 0 9 6 0.09079491900047287
seed123_T1-task-dynamics_step14000 0 9 7 0.0896424560341984
seed123_T1-task-dynamics_step14000 0 9 8 0.08674196701031178
seed123_T1-task-dynamics_step14000 0 9 9 0.08667588897515088
seed123_T1-task-dynamics_step14000 6 0 0 0.14677851903252304
seed123_T1-task-dynamics_step14000 6 0 1 0.13766897801542655
seed123_T1-task-dynamics_step14000 6 0 2 0.14028565597254783
seed123_T1-task-dynamics_step14000 6 0 3 0.1470901840366423
seed123_T1-task-dynamics_step14000 6 0 4 0.14087909000227228
seed123_T1-task-dynamics_step14000 6 0 5 0.1404337079729885
seed123_T1-task-dynamics_step14000 6 0 6 0.13918917096452788
seed123_T1-task-dynamics_step14000 6 0 7 0.14263318001758307
seed123_T1-task-dynamics_step14000 6 0 8 0.14166646299418062
seed123_T1-task-dynamics_step14000 6 0 9 0.1474088619579561
seed123_T1-task-dynamics_step14000 6 1 0 0.14256057102466002
seed123_T1-task-dynamics_step14000 6 1 1 0.14126381400274113
seed123_T1-task-dynamics_step14000 6 1 2 0.13990908698178828
seed123_T1-task-dynamics_step14000 6 1 3 0.13862178794806823
seed123_T1-task-dynamics_step14000 6 1 4 0.14387478196294978
seed123_T1-task-dynamics_step14000 6 1 5 0.1386261850129813
seed123_T1-task-dynamics_step14000 6 1 6 0.1394772719941102
seed123_T1-task-dynamics_step14000 6 1 7 0.1409088849904947
seed123_T1-task-dynamics_step14000 6 1 8 0.13826347200665623
seed123_T1-task-dynamics_step14000 6 1 9 0.13686872803373262
seed123_T1-task-dynamics_step14000 6 2 0 0.13786552101373672
seed123_T1-task-dynamics_step14000 6 2 1 0.14128260896541178
seed123_T1-task-dynamics_step14000 6 2 2 0.13785525201819837
seed123_T1-task-dynamics_step14000 6 2 3 0.14125388400861993
seed123_T1-task-dynamics_step14000 6 2 4 0.14368625998031348
seed123_T1-task-dynamics_step14000 6 2 5 0.13952754699857906
seed123_T1-task-dynamics_step14000 6 2 6 0.1416394609841518
seed123_T1-task-dynamics_step14000 6 2 7 0.14001775300130248
seed123_T1-task-dynamics_step14000 6 2 8 0.1387947770417668
seed123_T1-task-dynamics_step14000 6 2 9 0.13794626604067162
seed123_T1-task-dynamics_step14000 6 3 0 0.14081179001368582
seed123_T1-task-dynamics_step14000 6 3 1 0.1508043269859627
seed123_T1-task-dynamics_step14000 6 3 2 0.14227814000332728
seed123_T1-task-dynamics_step14000 6 3 3 0.13887751603033394
seed123_T1-task-dynamics_step14000 6 3 4 0.1467852809582837
seed123_T1-task-dynamics_step14000 6 3 5 0.14411951799411327
seed123_T1-task-dynamics_step14000 6 3 6 0.1394654879695736
seed123_T1-task-dynamics_step14000 6 3 7 0.14305771997896954
seed123_T1-task-dynamics_step14000 6 3 8 0.13866713299648836
seed123_T1-task-dynamics_step14000 6 3 9 0.13855453801807016
seed123_T1-task-dynamics_step14000 6 4 0 0.1389615949592553
seed123_T1-task-dynamics_step14000 6 4 1 0.14463929098565131
seed123_T1-task-dynamics_step14000 6 4 2 0.13874278700677678
seed123_T1-task-dynamics_step14000 6 4 3 0.14100307499757037
seed123_T1-task-dynamics_step14000 6 4 4 0.14821922895498574
seed123_T1-task-dynamics_step14000 6 4 5 0.14119663496967405
seed123_T1-task-dynamics_step14000 6 4 6 0.14037738897604868
seed123_T1-task-dynamics_step14000 6 4 7 0.1408229800290428
seed123_T1-task-dynamics_step14000 6 4 8 0.1436568140052259
seed123_T1-task-dynamics_step14000 6 4 9 0.1402508780010976
seed123_T1-task-dynamics_step14000 6 5 0 0.13890617003198713
seed123_T1-task-dynamics_step14000 6 5 1 0.13852003100328147
seed123_T1-task-dynamics_step14000 6 5 2 0.14878629200393334
seed123_T1-task-dynamics_step14000 6 5 3 0.13803984399419278
seed123_T1-task-dynamics_step14000 6 5 4 0.13840778701705858
seed123_T1-task-dynamics_step14000 6 5 5 0.16032602498307824
seed123_T1-task-dynamics_step14000 6 5 6 0.1363033180241473
seed123_T1-task-dynamics_step14000 6 5 7 0.14246306399581954
seed123_T1-task-dynamics_step14000 6 5 8 0.1397895460249856
seed123_T1-task-dynamics_step14000 6 5 9 0.1378656820161268
seed123_T1-task-dynamics_step14000 6 6 0 0.1431794409872964
seed123_T1-task-dynamics_step14000 6 6 1 0.14603360299952328
seed123_T1-task-dynamics_step14000 6 6 2 0.1478332609985955
seed123_T1-task-dynamics_step14000 6 6 3 0.142250357021112
seed123_T1-task-dynamics_step14000 6 6 4 0.14425817097071558
seed123_T1-task-dynamics_step14000 6 6 5 0.1388417260022834
seed123_T1-task-dynamics_step14000 6 6 6 0.14199878502404317
seed123_T1-task-dynamics_step14000 6 6 7 0.1424874400254339
seed123_T1-task-dynamics_step14000 6 6 8 0.14241221599513665
seed123_T1-task-dynamics_step14000 6 6 9 0.14121586096007377
seed123_T1-task-dynamics_step14000 6 7 0 0.1426365430234
seed123_T1-task-dynamics_step14000 6 7 1 0.1449678180506453
seed123_T1-task-dynamics_step14000 6 7 2 0.14174347702646628
seed123_T1-task-dynamics_step14000 6 7 3 0.14171591500053182
seed123_T1-task-dynamics_step14000 6 7 4 0.14034212101250887
seed123_T1-task-dynamics_step14000 6 7 5 0.14192412298871204
seed123_T1-task-dynamics_step14000 6 7 6 0.1394356589880772
seed123_T1-task-dynamics_step14000 6 7 7 0.13957771100103855
seed123_T1-task-dynamics_step14000 6 7 8 0.1362252160324715
seed123_T1-task-dynamics_step14000 6 7 9 0.148608069983311
seed123_T1-task-dynamics_step14000 6 8 0 0.14285745500819758
seed123_T1-task-dynamics_step14000 6 8 1 0.1392674870439805
seed123_T1-task-dynamics_step14000 6 8 2 0.14654500997858122
seed123_T1-task-dynamics_step14000 6 8 3 0.13853446795837954
seed123_T1-task-dynamics_step14000 6 8 4 0.1396587350172922
seed123_T1-task-dynamics_step14000 6 8 5 0.1447216559899971
seed123_T1-task-dynamics_step14000 6 8 6 0.14094641496194527
seed123_T1-task-dynamics_step14000 6 8 7 0.13765132997650653
seed123_T1-task-dynamics_step14000 6 8 8 0.14108286501141265
seed123_T1-task-dynamics_step14000 6 8 9 0.13878278102492914
seed123_T1-task-dynamics_step14000 6 9 0 0.1371753010316752
seed123_T1-task-dynamics_step14000 6 9 1 0.14077436598017812
seed123_T1-task-dynamics_step14000 6 9 2 0.14022605901118368
seed123_T1-task-dynamics_step14000 6 9 3 0.13961696502519771
seed123_T1-task-dynamics_step14000 6 9 4 0.13832301297225058
seed123_T1-task-dynamics_step14000 6 9 5 0.14609443803783506
seed123_T1-task-dynamics_step14000 6 9 6 0.13866914401296526
seed123_T1-task-dynamics_step14000 6 9 7 0.13921491702785715
seed123_T1-task-dynamics_step14000 6 9 8 0.1436815579654649
seed123_T1-task-dynamics_step14000 6 9 9 0.1397763789864257
seed123_T1-task-dynamics_step14000 9 0 0 0.05017621599836275
seed123_T1-task-dynamics_step14000 9 0 1 0.042159411997999996
seed123_T1-task-dynamics_step14000 9 0 2 0.04177348600933328
seed123_T1-task-dynamics_step14000 9 0 3 0.041861573001369834
seed123_T1-task-dynamics_step14000 9 0 4 0.04183415096485987
seed123_T1-task-dynamics_step14000 9 0 5 0.04171850095735863
seed123_T1-task-dynamics_step14000 9 0 6 0.04734036902664229
seed123_T1-task-dynamics_step14000 9 0 7 0.04272980202222243
seed123_T1-task-dynamics_step14000 9 0 8 0.04147786000976339
seed123_T1-task-dynamics_step14000 9 0 9 0.04177900595823303
seed123_T1-task-dynamics_step14000 9 1 0 0.04158046701923013
seed123_T1-task-dynamics_step14000 9 1 1 0.041811757953837514
seed123_T1-task-dynamics_step14000 9 1 2 0.04180609795730561
seed123_T1-task-dynamics_step14000 9 1 3 0.041015987982973456
seed123_T1-task-dynamics_step14000 9 1 4 0.04403232899494469
seed123_T1-task-dynamics_step14000 9 1 5 0.042452322028111666
seed123_T1-task-dynamics_step14000 9 1 6 0.04166477802209556
seed123_T1-task-dynamics_step14000 9 1 7 0.04152333701495081
seed123_T1-task-dynamics_step14000 9 1 8 0.04231036000419408
seed123_T1-task-dynamics_step14000 9 1 9 0.04324334301054478
seed123_T1-task-dynamics_step14000 9 2 0 0.04204844101332128
seed123_T1-task-dynamics_step14000 9 2 1 0.044942588021513075
seed123_T1-task-dynamics_step14000 9 2 2 0.04342238599201664
seed123_T1-task-dynamics_step14000 9 2 3 0.04251039301743731
seed123_T1-task-dynamics_step14000 9 2 4 0.04220678302226588
seed123_T1-task-dynamics_step14000 9 2 5 0.04312476597260684
seed123_T1-task-dynamics_step14000 9 2 6 0.04194598499452695
seed123_T1-task-dynamics_step14000 9 2 7 0.04200680099893361
seed123_T1-task-dynamics_step14000 9 2 8 0.04133136000018567
seed123_T1-task-dynamics_step14000 9 2 9 0.042595364968292415
seed123_T1-task-dynamics_step14000 9 3 0 0.04144147998886183
seed123_T1-task-dynamics_step14000 9 3 1 0.04354946798412129
seed123_T1-task-dynamics_step14000 9 3 2 0.04182260803645477
seed123_T1-task-dynamics_step14000 9 3 3 0.04215690802084282
seed123_T1-task-dynamics_step14000 9 3 4 0.0417193120229058
seed123_T1-task-dynamics_step14000 9 3 5 0.04174424899974838
seed123_T1-task-dynamics_step14000 9 3 6 0.041744190035387874
seed123_T1-task-dynamics_step14000 9 3 7 0.04230988904600963
seed123_T1-task-dynamics_step14000 9 3 8 0.04276300501078367
seed123_T1-task-dynamics_step14000 9 3 9 0.04203956399578601
seed123_T1-task-dynamics_step14000 9 4 0 0.04130062198964879
seed123_T1-task-dynamics_step14000 9 4 1 0.0446238600416109
seed123_T1-task-dynamics_step14000 9 4 2 0.044414289004635066
seed123_T1-task-dynamics_step14000 9 4 3 0.04496077401563525
seed123_T1-task-dynamics_step14000 9 4 4 0.04331989900674671
seed123_T1-task-dynamics_step14000 9 4 5 0.04173700499814004
seed123_T1-task-dynamics_step14000 9 4 6 0.04185103403870016
seed123_T1-task-dynamics_step14000 9 4 7 0.0419464249862358
seed123_T1-task-dynamics_step14000 9 4 8 0.04203095700358972
seed123_T1-task-dynamics_step14000 9 4 9 0.042616927006747574
seed123_T1-task-dynamics_step14000 9 5 0 0.042026809009257704
seed123_T1-task-dynamics_step14000 9 5 1 0.042085019988007843
seed123_T1-task-dynamics_step14000 9 5 2 0.04170830000657588
seed123_T1-task-dynamics_step14000 9 5 3 0.04220910696312785
seed123_T1-task-dynamics_step14000 9 5 4 0.043215869984123856
seed123_T1-task-dynamics_step14000 9 5 5 0.04202633799286559
seed123_T1-task-dynamics_step14000 9 5 6 0.04167454602429643
seed123_T1-task-dynamics_step14000 9 5 7 0.041868246044032276
seed123_T1-task-dynamics_step14000 9 5 8 0.041817880992311984
seed123_T1-task-dynamics_step14000 9 5 9 0.04217088402947411
seed123_T1-task-dynamics_step14000 9 6 0 0.04177138104569167
seed123_T1-task-dynamics_step14000 9 6 1 0.04210638999938965
seed123_T1-task-dynamics_step14000 9 6 2 0.043149522971361876
seed123_T1-task-dynamics_step14000 9 6 3 0.042005778988823295
seed123_T1-task-dynamics_step14000 9 6 4 0.04156499699456617
seed123_T1-task-dynamics_step14000 9 6 5 0.04545177100226283
seed123_T1-task-dynamics_step14000 9 6 6 0.042988475994206965
seed123_T1-task-dynamics_step14000 9 6 7 0.042184691003058106
seed123_T1-task-dynamics_step14000 9 6 8 0.04150322894565761
seed123_T1-task-dynamics_step14000 9 6 9 0.040982334001455456
seed123_T1-task-dynamics_step14000 9 7 0 0.040568904019892216
seed123_T1-task-dynamics_step14000 9 7 1 0.04113990504993126
seed123_T1-task-dynamics_step14000 9 7 2 0.041224445041734725
seed123_T1-task-dynamics_step14000 9 7 3 0.041998213971965015
seed123_T1-task-dynamics_step14000 9 7 4 0.041128592973109335
seed123_T1-task-dynamics_step14000 9 7 5 0.046686127956490964
seed123_T1-task-dynamics_step14000 9 7 6 0.042027521005366
seed123_T1-task-dynamics_step14000 9 7 7 0.04192232002969831
seed123_T1-task-dynamics_step14000 9 7 8 0.04162039200309664
seed123_T1-task-dynamics_step14000 9 7 9 0.04115936200832948
seed123_T1-task-dynamics_step14000 9 8 0 0.04152367799542844
seed123_T1-task-dynamics_step14000 9 8 1 0.04152581101516262
seed123_T1-task-dynamics_step14000 9 8 2 0.042500253999605775
seed123_T1-task-dynamics_step14000 9 8 3 0.04140478098997846
seed123_T1-task-dynamics_step14000 9 8 4 0.04198153200559318
seed123_T1-task-dynamics_step14000 9 8 5 0.04213881300529465
seed123_T1-task-dynamics_step14000 9 8 6 0.04355087998555973
seed123_T1-task-dynamics_step14000 9 8 7 0.043689203972462565
seed123_T1-task-dynamics_step14000 9 8 8 0.04138245800277218
seed123_T1-task-dynamics_step14000 9 8 9 0.04173523199278861
seed123_T1-task-dynamics_step14000 9 9 0 0.041102153016254306
seed123_T1-task-dynamics_step14000 9 9 1 0.04164611198939383
seed123_T1-task-dynamics_step14000 9 9 2 0.0421164509607479
seed123_T1-task-dynamics_step14000 9 9 3 0.04178676998708397
seed123_T1-task-dynamics_step14000 9 9 4 0.04165422701044008
seed123_T1-task-dynamics_step14000 9 9 5 0.04214093700284138
seed123_T1-task-dynamics_step14000 9 9 6 0.04253889701794833
seed123_T1-task-dynamics_step14000 9 9 7 0.042255003994796425
seed123_T1-task-dynamics_step14000 9 9 8 0.04146970500005409
seed123_T1-task-dynamics_step14000 9 9 9 0.041731875971890986
seed123_T1-task-dynamics_step14000 12 0 0 0.437870150024537
seed123_T1-task-dynamics_step14000 12 0 1 0.43313659803243354
seed123_T1-task-dynamics_step14000 12 0 2 0.4451872569625266
seed123_T1-task-dynamics_step14000 12 0 3 0.44508465100079775
seed123_T1-task-dynamics_step14000 12 0 4 0.44442838500253856
seed123_T1-task-dynamics_step14000 12 0 5 0.430143789970316
seed123_T1-task-dynamics_step14000 12 0 6 0.4441944590071216
seed123_T1-task-dynamics_step14000 12 0 7 0.43778184900293127
seed123_T1-task-dynamics_step14000 12 0 8 0.4355143469874747
seed123_T1-task-dynamics_step14000 12 0 9 0.4286690700100735
seed123_T1-task-dynamics_step14000 12 1 0 0.43091936997370794
seed123_T1-task-dynamics_step14000 12 1 1 0.4258823069976643
seed123_T1-task-dynamics_step14000 12 1 2 0.4357227440341376
seed123_T1-task-dynamics_step14000 12 1 3 0.4361514520132914
seed123_T1-task-dynamics_step14000 12 1 4 0.4349565699812956
seed123_T1-task-dynamics_step14000 12 1 5 0.43197413196321577
seed123_T1-task-dynamics_step14000 12 1 6 0.4311909859534353
seed123_T1-task-dynamics_step14000 12 1 7 0.4318782679620199
seed123_T1-task-dynamics_step14000 12 1 8 0.4325402620015666
seed123_T1-task-dynamics_step14000 12 1 9 0.4258179410244338
seed123_T1-task-dynamics_step14000 12 2 0 0.426413138047792
seed123_T1-task-dynamics_step14000 12 2 1 0.4403799260035157
seed123_T1-task-dynamics_step14000 12 2 2 0.4397439410095103
seed123_T1-task-dynamics_step14000 12 2 3 0.43420502997469157
seed123_T1-task-dynamics_step14000 12 2 4 0.43374871899141
seed123_T1-task-dynamics_step14000 12 2 5 0.42561497195856646
seed123_T1-task-dynamics_step14000 12 2 6 0.4248965680017136
seed123_T1-task-dynamics_step14000 12 2 7 0.4332464989856817
seed123_T1-task-dynamics_step14000 12 2 8 0.4365450579789467
seed123_T1-task-dynamics_step14000 12 2 9 0.44116101501276717
seed123_T1-task-dynamics_step14000 12 3 0 0.4473352890345268
seed123_T1-task-dynamics_step14000 12 3 1 0.43269234796753153
seed123_T1-task-dynamics_step14000 12 3 2 0.4347841230337508
seed123_T1-task-dynamics_step14000 12 3 3 0.4338873300002888
seed123_T1-task-dynamics_step14000 12 3 4 0.43049533100565895
seed123_T1-task-dynamics_step14000 12 3 5 0.4325909939943813
seed123_T1-task-dynamics_step14000 12 3 6 0.44511003501247615
seed123_T1-task-dynamics_step14000 12 3 7 0.44357501302147284
seed123_T1-task-dynamics_step14000 12 3 8 0.45043120003538206
seed123_T1-task-dynamics_step14000 12 3 9 0.4312276869895868
seed123_T1-task-dynamics_step14000 12 4 0 0.4365260879858397
seed123_T1-task-dynamics_step14000 12 4 1 0.4381789850303903
seed123_T1-task-dynamics_step14000 12 4 2 0.42868193303002045
seed123_T1-task-dynamics_step14000 12 4 3 0.43428678903728724
seed123_T1-task-dynamics_step14000 12 4 4 0.4425677069812082
seed123_T1-task-dynamics_step14000 12 4 5 0.4394940049969591
seed123_T1-task-dynamics_step14000 12 4 6 0.4421065750066191
seed123_T1-task-dynamics_step14000 12 4 7 0.4454190820106305
seed123_T1-task-dynamics_step14000 12 4 8 0.4387092149700038
seed123_T1-task-dynamics_step14000 12 4 9 0.4329413369996473
seed123_T1-task-dynamics_step14000 12 5 0 0.43727732897968963
seed123_T1-task-dynamics_step14000 12 5 1 0.4320461869938299
seed123_T1-task-dynamics_step14000 12 5 2 0.43665218399837613
seed123_T1-task-dynamics_step14000 12 5 3 0.43631641304818913
seed123_T1-task-dynamics_step14000 12 5 4 0.45286611397750676
seed123_T1-task-dynamics_step14000 12 5 5 0.44539101497503
seed123_T1-task-dynamics_step14000 12 5 6 0.43973070301581174
seed123_T1-task-dynamics_step14000 12 5 7 0.4353649729746394
seed123_T1-task-dynamics_step14000 12 5 8 0.43347086501307786
seed123_T1-task-dynamics_step14000 12 5 9 0.4401554830255918
seed123_T1-task-dynamics_step14000 12 6 0 0.4310806790017523
seed123_T1-task-dynamics_step14000 12 6 1 0.43570903898216784
seed123_T1-task-dynamics_step14000 12 6 2 0.43342223099898547
seed123_T1-task-dynamics_step14000 12 6 3 0.4429293900029734
seed123_T1-task-dynamics_step14000 12 6 4 0.4319447879679501
seed123_T1-task-dynamics_step14000 12 6 5 0.42904045002069324
seed123_T1-task-dynamics_step14000 12 6 6 0.4356194970314391
seed123_T1-task-dynamics_step14000 12 6 7 0.4419530940358527
seed123_T1-task-dynamics_step14000 12 6 8 0.43788304895861074
seed123_T1-task-dynamics_step14000 12 6 9 0.43725985899800435
seed123_T1-task-dynamics_step14000 12 7 0 0.43460003804648295
seed123_T1-task-dynamics_step14000 12 7 1 0.4326800290145911
seed123_T1-task-dynamics_step14000 12 7 2 0.4324483369709924
seed123_T1-task-dynamics_step14000 12 7 3 0.437350761028938
seed123_T1-task-dynamics_step14000 12 7 4 0.4332500369637273
seed123_T1-task-dynamics_step14000 12 7 5 0.43615205999230966
seed123_T1-task-dynamics_step14000 12 7 6 0.4326351030031219
seed123_T1-task-dynamics_step14000 12 7 7 0.4412654059706256
seed123_T1-task-dynamics_step14000 12 7 8 0.43357167101930827
seed123_T1-task-dynamics_step14000 12 7 9 0.4321758539881557
seed123_T1-task-dynamics_step14000 12 8 0 0.434102262952365
seed123_T1-task-dynamics_step14000 12 8 1 0.43176094099180773
seed123_T1-task-dynamics_step14000 12 8 2 0.437917641014792
seed123_T1-task-dynamics_step14000 12 8 3 0.4343321210471913
seed123_T1-task-dynamics_step14000 12 8 4 0.4389470059541054
seed123_T1-task-dynamics_step14000 12 8 5 0.4447457130299881
seed123_T1-task-dynamics_step14000 12 8 6 0.4432459870004095
seed123_T1-task-dynamics_step14000 12 8 7 0.4471876540337689
seed123_T1-task-dynamics_step14000 12 8 8 0.4428509819554165
seed123_T1-task-dynamics_step14000 12 8 9 0.439808789989911
seed123_T1-task-dynamics_step14000 12 9 0 0.44383362802909687
seed123_T1-task-dynamics_step14000 12 9 1 0.4477273939992301
seed123_T1-task-dynamics_step14000 12 9 2 0.4425403070054017
seed123_T1-task-dynamics_step14000 12 9 3 0.44490264798514545
seed123_T1-task-dynamics_step14000 12 9 4 0.4462528969743289
seed123_T1-task-dynamics_step14000 12 9 5 0.4318531620083377
seed123_T1-task-dynamics_step14000 12 9 6 0.4389621799928136
seed123_T1-task-dynamics_step14000 12 9 7 0.42561704001855105
seed123_T1-task-dynamics_step14000 12 9 8 0.4377489920007065
seed123_T1-task-dynamics_step14000 12 9 9 0.427233808033634
seed123_T1-task-dynamics_step14000 18 0 0 0.10677586199017242
seed123_T1-task-dynamics_step14000 18 0 1 0.10245073999976739
seed123_T1-task-dynamics_step14000 18 0 2 0.10418260900769383
seed123_T1-task-dynamics_step14000 18 0 3 0.10334837500704452
seed123_T1-task-dynamics_step14000 18 0 4 0.10575251700356603
seed123_T1-task-dynamics_step14000 18 0 5 0.10317184799350798
seed123_T1-task-dynamics_step14000 18 0 6 0.10389959899475798
seed123_T1-task-dynamics_step14000 18 0 7 0.10252079402562231
seed123_T1-task-dynamics_step14000 18 0 8 0.10195729800034314
seed123_T1-task-dynamics_step14000 18 0 9 0.10460391402011737
seed123_T1-task-dynamics_step14000 18 1 0 0.10147128900280222
seed123_T1-task-dynamics_step14000 18 1 1 0.10340285795973614
seed123_T1-task-dynamics_step14000 18 1 2 0.10336878499947488
seed123_T1-task-dynamics_step14000 18 1 3 0.10210698400624096
seed123_T1-task-dynamics_step14000 18 1 4 0.10164990101475269
seed123_T1-task-dynamics_step14000 18 1 5 0.10075801698258147
seed123_T1-task-dynamics_step14000 18 1 6 0.10097281698836014
seed123_T1-task-dynamics_step14000 18 1 7 0.10141723597189412
seed123_T1-task-dynamics_step14000 18 1 8 0.1017269580042921
seed123_T1-task-dynamics_step14000 18 1 9 0.10481226199772209
seed123_T1-task-dynamics_step14000 18 2 0 0.10348780098138377
seed123_T1-task-dynamics_step14000 18 2 1 0.10401138197630644
seed123_T1-task-dynamics_step14000 18 2 2 0.10657543898560107
seed123_T1-task-dynamics_step14000 18 2 3 0.10280751204118133
seed123_T1-task-dynamics_step14000 18 2 4 0.10384771804092452
seed123_T1-task-dynamics_step14000 18 2 5 0.10293334198649973
seed123_T1-task-dynamics_step14000 18 2 6 0.10332766501232982
seed123_T1-task-dynamics_step14000 18 2 7 0.10392747103469446
seed123_T1-task-dynamics_step14000 18 2 8 0.10784574499120936
seed123_T1-task-dynamics_step14000 18 2 9 0.10703543800627813
seed123_T1-task-dynamics_step14000 18 3 0 0.10362279799301177
seed123_T1-task-dynamics_step14000 18 3 1 0.10503463499480858
seed123_T1-task-dynamics_step14000 18 3 2 0.10403578804107383
seed123_T1-task-dynamics_step14000 18 3 3 0.10789847502019256
seed123_T1-task-dynamics_step14000 18 3 4 0.10288007999770343
seed123_T1-task-dynamics_step14000 18 3 5 0.10234628099715337
seed123_T1-task-dynamics_step14000 18 3 6 0.10259194998070598
seed123_T1-task-dynamics_step14000 18 3 7 0.10837064799852669
seed123_T1-task-dynamics_step14000 18 3 8 0.1017944670165889
seed123_T1-task-dynamics_step14000 18 3 9 0.10335361398756504
seed123_T1-task-dynamics_step14000 18 4 0 0.10445227200398222
seed123_T1-task-dynamics_step14000 18 4 1 0.1027660119580105
seed123_T1-task-dynamics_step14000 18 4 2 0.10430196597008035
seed123_T1-task-dynamics_step14000 18 4 3 0.10753168404335156
seed123_T1-task-dynamics_step14000 18 4 4 0.10639190796064213
seed123_T1-task-dynamics_step14000 18 4 5 0.1035609389655292
seed123_T1-task-dynamics_step14000 18 4 6 0.10477187403012067
seed123_T1-task-dynamics_step14000 18 4 7 0.10493257001508027
seed123_T1-task-dynamics_step14000 18 4 8 0.10845104104373604
seed123_T1-task-dynamics_step14000 18 4 9 0.10632545099360868
seed123_T1-task-dynamics_step14000 18 5 0 0.10340985102811828
seed123_T1-task-dynamics_step14000 18 5 1 0.10277431801659986
seed123_T1-task-dynamics_step14000 18 5 2 0.10500449797837064
seed123_T1-task-dynamics_step14000 18 5 3 0.1034038300276734
seed123_T1-task-dynamics_step14000 18 5 4 0.10353632300393656
seed123_T1-task-dynamics_step14000 18 5 5 0.10406912100734189
seed123_T1-task-dynamics_step14000 18 5 6 0.10842621297342703
seed123_T1-task-dynamics_step14000 18 5 7 0.10322463698685169
seed123_T1-task-dynamics_step14000 18 5 8 0.10388894699281082
seed123_T1-task-dynamics_step14000 18 5 9 0.09969646902754903
seed123_T1-task-dynamics_step14000 18 6 0 0.10443161200964823
seed123_T1-task-dynamics_step14000 18 6 1 0.10302114899968728
seed123_T1-task-dynamics_step14000 18 6 2 0.10804129805183038
seed123_T1-task-dynamics_step14000 18 6 3 0.10270134796155617
seed123_T1-task-dynamics_step14000 18 6 4 0.10299121198477224
seed123_T1-task-dynamics_step14000 18 6 5 0.10467154096113518
seed123_T1-task-dynamics_step14000 18 6 6 0.10433367697987705
seed123_T1-task-dynamics_step14000 18 6 7 0.10035316296853125
seed123_T1-task-dynamics_step14000 18 6 8 0.10302744101500139
seed123_T1-task-dynamics_step14000 18 6 9 0.10226954304380342
seed123_T1-task-dynamics_step14000 18 7 0 0.10455556894885376
seed123_T1-task-dynamics_step14000 18 7 1 0.10507268802030012
seed123_T1-task-dynamics_step14000 18 7 2 0.10244610003428534
seed123_T1-task-dynamics_step14000 18 7 3 0.10267211199970916
seed123_T1-task-dynamics_step14000 18 7 4 0.10362732701469213
seed123_T1-task-dynamics_step14000 18 7 5 0.09816698700888082
seed123_T1-task-dynamics_step14000 18 7 6 0.10268675000406802
seed123_T1-task-dynamics_step14000 18 7 7 0.10035558702656999
seed123_T1-task-dynamics_step14000 18 7 8 0.09925252996617928
seed123_T1-task-dynamics_step14000 18 7 9 0.10524615802569315
seed123_T1-task-dynamics_step14000 18 8 0 0.10142338601872325
seed123_T1-task-dynamics_step14000 18 8 1 0.10262969101313502
seed123_T1-task-dynamics_step14000 18 8 2 0.10449100600089878
seed123_T1-task-dynamics_step14000 18 8 3 0.10480150900548324
seed123_T1-task-dynamics_step14000 18 8 4 0.10112860304070637
seed123_T1-task-dynamics_step14000 18 8 5 0.10066461696987972
seed123_T1-task-dynamics_step14000 18 8 6 0.10467843402875587
seed123_T1-task-dynamics_step14000 18 8 7 0.1021040870109573
seed123_T1-task-dynamics_step14000 18 8 8 0.10426986397942528
seed123_T1-task-dynamics_step14000 18 8 9 0.10429002199089155
seed123_T1-task-dynamics_step14000 18 9 0 0.10195800702786073
seed123_T1-task-dynamics_step14000 18 9 1 0.10690181102836505
seed123_T1-task-dynamics_step14000 18 9 2 0.10432749398751184
seed123_T1-task-dynamics_step14000 18 9 3 0.10743931698380038
seed123_T1-task-dynamics_step14000 18 9 4 0.1010896599618718
seed123_T1-task-dynamics_step14000 18 9 5 0.10680630797287449
seed123_T1-task-dynamics_step14000 18 9 6 0.10487362695857882
seed123_T1-task-dynamics_step14000 18 9 7 0.10201258200686425
seed123_T1-task-dynamics_step14000 18 9 8 0.10127545398427173
seed123_T1-task-dynamics_step14000 18 9 9 0.1001749419956468
seed123_T1-task-dynamics_step14000 22 0 0 0.0168535319971852
seed123_T1-task-dynamics_step14000 22 0 1 0.014870623999740928
seed123_T1-task-dynamics_step14000 22 0 2 0.01484027603873983
seed123_T1-task-dynamics_step14000 22 0 3 0.014655122999101877
seed123_T1-task-dynamics_step14000 22 0 4 0.017039415950421244
seed123_T1-task-dynamics_step14000 22 0 5 0.01672062696889043
seed123_T1-task-dynamics_step14000 22 0 6 0.01570372498827055
seed123_T1-task-dynamics_step14000 22 0 7 0.016185304964892566
seed123_T1-task-dynamics_step14000 22 0 8 0.015939947043079883
seed123_T1-task-dynamics_step14000 22 0 9 0.015575230005197227
seed123_T1-task-dynamics_step14000 22 1 0 0.015563397028017789
seed123_T1-task-dynamics_step14000 22 1 1 0.015468756027985364
seed123_T1-task-dynamics_step14000 22 1 2 0.015209081000648439
seed123_T1-task-dynamics_step14000 22 1 3 0.015365308965556324
seed123_T1-task-dynamics_step14000 22 1 4 0.01550313300685957
seed123_T1-task-dynamics_step14000 22 1 5 0.015360058983787894
seed123_T1-task-dynamics_step14000 22 1 6 0.015285557019524276
seed123_T1-task-dynamics_step14000 22 1 7 0.015412348962854594
seed123_T1-task-dynamics_step14000 22 1 8 0.015440482995472848
seed123_T1-task-dynamics_step14000 22 1 9 0.015329569985624403
seed123_T1-task-dynamics_step14000 22 2 0 0.015330472961068153
seed123_T1-task-dynamics_step14000 22 2 1 0.015457705012522638
seed123_T1-task-dynamics_step14000 22 2 2 0.01495773100759834
seed123_T1-task-dynamics_step14000 22 2 3 0.015292919997591525
seed123_T1-task-dynamics_step14000 22 2 4 0.015452896011993289
seed123_T1-task-dynamics_step14000 22 2 5 0.015204601979348809
seed123_T1-task-dynamics_step14000 22 2 6 0.015219610999338329
seed123_T1-task-dynamics_step14000 22 2 7 0.014828324026893824
seed123_T1-task-dynamics_step14000 22 2 8 0.014622980961576104
seed123_T1-task-dynamics_step14000 22 2 9 0.015255910984706134
seed123_T1-task-dynamics_step14000 22 3 0 0.01706703897798434
seed123_T1-task-dynamics_step14000 22 3 1 0.018331103026866913
seed123_T1-task-dynamics_step14000 22 3 2 0.016604585980530828
seed123_T1-task-dynamics_step14000 22 3 3 0.015918866032734513
seed123_T1-task-dynamics_step14000 22 3 4 0.015701339987572283
seed123_T1-task-dynamics_step14000 22 3 5 0.015690550964791328
seed123_T1-task-dynamics_step14000 22 3 6 0.015699988056439906
seed123_T1-task-dynamics_step14000 22 3 7 0.0155830750009045
seed123_T1-task-dynamics_step14000 22 3 8 0.015517869964241982
seed123_T1-task-dynamics_step14000 22 3 9 0.015707833983469754
seed123_T1-task-dynamics_step14000 22 4 0 0.015714244975242764
seed123_T1-task-dynamics_step14000 22 4 1 0.015564109024126083
seed123_T1-task-dynamics_step14000 22 4 2 0.015524672984611243
seed123_T1-task-dynamics_step14000 22 4 3 0.01570008898852393
seed123_T1-task-dynamics_step14000 22 4 4 0.015439119015354663
seed123_T1-task-dynamics_step14000 22 4 5 0.015779169974848628
seed123_T1-task-dynamics_step14000 22 4 6 0.015805369010195136
seed123_T1-task-dynamics_step14000 22 4 7 0.015380156983155757
seed123_T1-task-dynamics_step14000 22 4 8 0.015533470024820417
seed123_T1-task-dynamics_step14000 22 4 9 0.015602422005031258
seed123_T1-task-dynamics_step14000 22 5 0 0.015468566038180143
seed123_T1-task-dynamics_step14000 22 5 1 0.015205262985546142
seed123_T1-task-dynamics_step14000 22 5 2 0.01511504000518471
seed123_T1-task-dynamics_step14000 22 5 3 0.015119239047635347
seed123_T1-task-dynamics_step14000 22 5 4 0.015163132979068905
seed123_T1-task-dynamics_step14000 22 5 5 0.015454109001439065
seed123_T1-task-dynamics_step14000 22 5 6 0.015485137002542615
seed123_T1-task-dynamics_step14000 22 5 7 0.015412188018672168
seed123_T1-task-dynamics_step14000 22 5 8 0.01674632600042969
seed123_T1-task-dynamics_step14000 22 5 9 0.016225352010224015
seed123_T1-task-dynamics_step14000 22 6 0 0.015525825961958617
seed123_T1-task-dynamics_step14000 22 6 1 0.015429772029165179
seed123_T1-task-dynamics_step14000 22 6 2 0.015489326033275574
seed123_T1-task-dynamics_step14000 22 6 3 0.015435823006555438
seed123_T1-task-dynamics_step14000 22 6 4 0.015450341976247728
seed123_T1-task-dynamics_step14000 22 6 5 0.015166750003118068
seed123_T1-task-dynamics_step14000 22 6 6 0.014693033997900784
seed123_T1-task-dynamics_step14000 22 6 7 0.015250169031787664
seed123_T1-task-dynamics_step14000 22 6 8 0.015472143015358597
seed123_T1-task-dynamics_step14000 22 6 9 0.015451654035132378
seed123_T1-task-dynamics_step14000 22 7 0 0.015402740042190999
seed123_T1-task-dynamics_step14000 22 7 1 0.01544481999007985
seed123_T1-task-dynamics_step14000 22 7 2 0.015454259002581239
seed123_T1-task-dynamics_step14000 22 7 3 0.015145400015171617
seed123_T1-task-dynamics_step14000 22 7 4 0.01843249803641811
seed123_T1-task-dynamics_step14000 22 7 5 0.01671247201738879
seed123_T1-task-dynamics_step14000 22 7 6 0.016386559000238776
seed123_T1-task-dynamics_step14000 22 7 7 0.015614905976690352
seed123_T1-task-dynamics_step14000 22 7 8 0.016241141012869775
seed123_T1-task-dynamics_step14000 22 7 9 0.015435073000844568
seed123_T1-task-dynamics_step14000 22 8 0 0.015783076989464462
seed123_T1-task-dynamics_step14000 22 8 1 0.015462586015928537
seed123_T1-task-dynamics_step14000 22 8 2 0.015439130016602576
seed123_T1-task-dynamics_step14000 22 8 3 0.015424001030623913
seed123_T1-task-dynamics_step14000 22 8 4 0.015407219005282968
seed123_T1-task-dynamics_step14000 22 8 5 0.015115011017769575
seed123_T1-task-dynamics_step14000 22 8 6 0.015509985038079321
seed123_T1-task-dynamics_step14000 22 8 7 0.015470379963517189
seed123_T1-task-dynamics_step14000 22 8 8 0.0154424769571051
seed123_T1-task-dynamics_step14000 22 8 9 0.015592172043398023
seed123_T1-task-dynamics_step14000 22 9 0 0.017810468969400972
seed123_T1-task-dynamics_step14000 22 9 1 0.015676522976718843
seed123_T1-task-dynamics_step14000 22 9 2 0.01616264198673889
seed123_T1-task-dynamics_step14000 22 9 3 0.01602667197585106
seed123_T1-task-dynamics_step14000 22 9 4 0.015440101968124509
seed123_T1-task-dynamics_step14000 22 9 5 0.01574898202670738
seed123_T1-task-dynamics_step14000 22 9 6 0.015472533006686717
seed123_T1-task-dynamics_step14000 22 9 7 0.015134176996070892
seed123_T1-task-dynamics_step14000 22 9 8 0.014859652961604297
seed123_T1-task-dynamics_step14000 22 9 9 0.015555703022982925
seed123_T1-task-dynamics_step14000 24 0 0 0.017642178980167955
seed123_T1-task-dynamics_step14000 24 0 1 0.01795265101827681
seed123_T1-task-dynamics_step14000 24 0 2 0.01719582499936223
seed123_T1-task-dynamics_step14000 24 0 3 0.01659115997608751
seed123_T1-task-dynamics_step14000 24 0 4 0.01638500700937584
seed123_T1-task-dynamics_step14000 24 0 5 0.016605145996436477
seed123_T1-task-dynamics_step14000 24 0 6 0.017021171981468797
seed123_T1-task-dynamics_step14000 24 0 7 0.016693676996510476
seed123_T1-task-dynamics_step14000 24 0 8 0.01640857197344303
seed123_T1-task-dynamics_step14000 24 0 9 0.016632209008093923
seed123_T1-task-dynamics_step14000 24 1 0 0.017042323015630245
seed123_T1-task-dynamics_step14000 24 1 1 0.017257072031497955
seed123_T1-task-dynamics_step14000 24 1 2 0.01689495996106416
seed123_T1-task-dynamics_step14000 24 1 3 0.016945796960499138
seed123_T1-task-dynamics_step14000 24 1 4 0.019236974010709673
seed123_T1-task-dynamics_step14000 24 1 5 0.018571773951407522
seed123_T1-task-dynamics_step14000 24 1 6 0.017386970983352512
seed123_T1-task-dynamics_step14000 24 1 7 0.01720179698895663
seed123_T1-task-dynamics_step14000 24 1 8 0.017224439012352377
seed123_T1-task-dynamics_step14000 24 1 9 0.01721529202768579
seed123_T1-task-dynamics_step14000 24 2 0 0.017171438958030194
seed123_T1-task-dynamics_step14000 24 2 1 0.017197509005200118
seed123_T1-task-dynamics_step14000 24 2 2 0.017219790956005454
seed123_T1-task-dynamics_step14000 24 2 3 0.017233888036571443
seed123_T1-task-dynamics_step14000 24 2 4 0.017191476945299655
seed123_T1-task-dynamics_step14000 24 2 5 0.017112565983552486
seed123_T1-task-dynamics_step14000 24 2 6 0.01701932802097872
seed123_T1-task-dynamics_step14000 24 2 7 0.016852148983161896
seed123_T1-task-dynamics_step14000 24 2 8 0.016820418008137494
seed123_T1-task-dynamics_step14000 24 2 9 0.01781480701174587
seed123_T1-task-dynamics_step14000 24 3 0 0.017383523983880877
seed123_T1-task-dynamics_step14000 24 3 1 0.017244949005544186
seed123_T1-task-dynamics_step14000 24 3 2 0.017266921000555158
seed123_T1-task-dynamics_step14000 24 3 3 0.017224369978066534
seed123_T1-task-dynamics_step14000 24 3 4 0.01726274302927777
seed123_T1-task-dynamics_step14000 24 3 5 0.017207075958140194
seed123_T1-task-dynamics_step14000 24 3 6 0.01713769498746842
seed123_T1-task-dynamics_step14000 24 3 7 0.017136170994490385
seed123_T1-task-dynamics_step14000 24 3 8 0.0169665869907476
seed123_T1-task-dynamics_step14000 24 3 9 0.01697508298093453
seed123_T1-task-dynamics_step14000 24 4 0 0.016882968018762767
seed123_T1-task-dynamics_step14000 24 4 1 0.01638075796654448
seed123_T1-task-dynamics_step14000 24 4 2 0.018881113966926932
seed123_T1-task-dynamics_step14000 24 4 3 0.01902501902077347
seed123_T1-task-dynamics_step14000 24 4 4 0.017530554032418877
seed123_T1-task-dynamics_step14000 24 4 5 0.01722257601795718
seed123_T1-task-dynamics_step14000 24 4 6 0.017480298003647476
seed123_T1-task-dynamics_step14000 24 4 7 0.017422156990505755
seed123_T1-task-dynamics_step14000 24 4 8 0.017524673021398485
seed123_T1-task-dynamics_step14000 24 4 9 0.016739463957492262
seed123_T1-task-dynamics_step14000 24 5 0 0.017739593982696533
seed123_T1-task-dynamics_step14000 24 5 1 0.017198219953570515
seed123_T1-task-dynamics_step14000 24 5 2 0.01727666996885091
seed123_T1-task-dynamics_step14000 24 5 3 0.01673341100104153
seed123_T1-task-dynamics_step14000 24 5 4 0.016472443006932735
seed123_T1-task-dynamics_step14000 24 5 5 0.016746266977861524
seed123_T1-task-dynamics_step14000 24 5 6 0.017154797038529068
seed123_T1-task-dynamics_step14000 24 5 7 0.01759889500681311
seed123_T1-task-dynamics_step14000 24 5 8 0.017553869052790105
seed123_T1-task-dynamics_step14000 24 5 9 0.01721865899162367
seed123_T1-task-dynamics_step14000 24 6 0 0.01750021701445803
seed123_T1-task-dynamics_step14000 24 6 1 0.01757328602252528
seed123_T1-task-dynamics_step14000 24 6 2 0.0172282179701142
seed123_T1-task-dynamics_step14000 24 6 3 0.017220162029843777
seed123_T1-task-dynamics_step14000 24 6 4 0.017191477003507316
seed123_T1-task-dynamics_step14000 24 6 5 0.017213238053955138
seed123_T1-task-dynamics_step14000 24 6 6 0.01728851196821779
seed123_T1-task-dynamics_step14000 24 6 7 0.017159916984383017
seed123_T1-task-dynamics_step14000 24 6 8 0.01733332796720788
seed123_T1-task-dynamics_step14000 24 6 9 0.01674294995609671
seed123_T1-task-dynamics_step14000 24 7 0 0.01695854199351743
seed123_T1-task-dynamics_step14000 24 7 1 0.017560842039529234
seed123_T1-task-dynamics_step14000 24 7 2 0.01987879996886477
seed123_T1-task-dynamics_step14000 24 7 3 0.017954253999050707
seed123_T1-task-dynamics_step14000 24 7 4 0.01721427997108549
seed123_T1-task-dynamics_step14000 24 7 5 0.017218268010765314
seed123_T1-task-dynamics_step14000 24 7 6 0.017235241015441716
seed123_T1-task-dynamics_step14000 24 7 7 0.017225452000275254
seed123_T1-task-dynamics_step14000 24 7 8 0.017249287047889084
seed123_T1-task-dynamics_step14000 24 7 9 0.017238767992239445
seed123_T1-task-dynamics_step14000 24 8 0 0.017483445000834763
seed123_T1-task-dynamics_step14000 24 8 1 0.017328528047073632
seed123_T1-task-dynamics_step14000 24 8 2 0.016948543023318052
seed123_T1-task-dynamics_step14000 24 8 3 0.016715196950826794
seed123_T1-task-dynamics_step14000 24 8 4 0.016880403039976954
seed123_T1-task-dynamics_step14000 24 8 5 0.016852738976012915
seed123_T1-task-dynamics_step14000 24 8 6 0.01647112099453807
seed123_T1-task-dynamics_step14000 24 8 7 0.016655843006446958
seed123_T1-task-dynamics_step14000 24 8 8 0.016493394039571285
seed123_T1-task-dynamics_step14000 24 8 9 0.016679879976436496
seed123_T1-task-dynamics_step14000 24 9 0 0.016786633001174778
seed123_T1-task-dynamics_step14000 24 9 1 0.017081916972529143
seed123_T1-task-dynamics_step14000 24 9 2 0.017098960001021624
seed123_T1-task-dynamics_step14000 24 9 3 0.01721150503726676
seed123_T1-task-dynamics_step14000 24 9 4 0.017231723992154002
seed123_T1-task-dynamics_step14000 24 9 5 0.017207597033120692
seed123_T1-task-dynamics_step14000 24 9 6 0.01711799600161612
seed123_T1-task-dynamics_step14000 24 9 7 0.016996133024804294
seed123_T1-task-dynamics_step14000 24 9 8 0.01725652103777975
seed123_T1-task-dynamics_step14000 24 9 9 0.016875453002285212
seed123_T1-task-dynamics_step14000 30 0 0 0.02674179896712303
seed123_T1-task-dynamics_step14000 30 0 1 0.028858372010290623
seed123_T1-task-dynamics_step14000 30 0 2 0.028794568963348866
seed123_T1-task-dynamics_step14000 30 0 3 0.029376742022577673
seed123_T1-task-dynamics_step14000 30 0 4 0.028343999001663178
seed123_T1-task-dynamics_step14000 30 0 5 0.027659130981191993
seed123_T1-task-dynamics_step14000 30 0 6 0.028241463005542755
seed123_T1-task-dynamics_step14000 30 0 7 0.026788067014422268
seed123_T1-task-dynamics_step14000 30 0 8 0.02675700798863545
seed123_T1-task-dynamics_step14000 30 0 9 0.026572695991490036
seed123_T1-task-dynamics_step14000 30 1 0 0.02684105798834935
seed123_T1-task-dynamics_step14000 30 1 1 0.026947081030812114
seed123_T1-task-dynamics_step14000 30 1 2 0.026709616999141872
seed123_T1-task-dynamics_step14000 30 1 3 0.026497892977204174
seed123_T1-task-dynamics_step14000 30 1 4 0.026251061004586518
seed123_T1-task-dynamics_step14000 30 1 5 0.026450702047441155
seed123_T1-task-dynamics_step14000 30 1 6 0.029473246017005295
seed123_T1-task-dynamics_step14000 30 1 7 0.02823412901489064
seed123_T1-task-dynamics_step14000 30 1 8 0.02806994697311893
seed123_T1-task-dynamics_step14000 30 1 9 0.026722592010628432
seed123_T1-task-dynamics_step14000 30 2 0 0.026905350969173014
seed123_T1-task-dynamics_step14000 30 2 1 0.027167922002263367
seed123_T1-task-dynamics_step14000 30 2 2 0.026695228996686637
seed123_T1-task-dynamics_step14000 30 2 3 0.027078221028205007
seed123_T1-task-dynamics_step14000 30 2 4 0.02684092801064253
seed123_T1-task-dynamics_step14000 30 2 5 0.026699387992266566
seed123_T1-task-dynamics_step14000 30 2 6 0.026783968962263316
seed123_T1-task-dynamics_step14000 30 2 7 0.02679270599037409
seed123_T1-task-dynamics_step14000 30 2 8 0.026779010018799454
seed123_T1-task-dynamics_step14000 30 2 9 0.0278836700017564
seed123_T1-task-dynamics_step14000 30 3 0 0.02696036599809304
seed123_T1-task-dynamics_step14000 30 3 1 0.02693532803095877
seed123_T1-task-dynamics_step14000 30 3 2 0.026852790033444762
seed123_T1-task-dynamics_step14000 30 3 3 0.026999390975106508
seed123_T1-task-dynamics_step14000 30 3 4 0.02856041199993342
seed123_T1-task-dynamics_step14000 30 3 5 0.02795225102454424
seed123_T1-task-dynamics_step14000 30 3 6 0.028478515043389052
seed123_T1-task-dynamics_step14000 30 3 7 0.027140891004819423
seed123_T1-task-dynamics_step14000 30 3 8 0.02678838698193431
seed123_T1-task-dynamics_step14000 30 3 9 0.026619946002028883
seed123_T1-task-dynamics_step14000 30 4 0 0.02614528004778549
seed123_T1-task-dynamics_step14000 30 4 1 0.026668268023058772
seed123_T1-task-dynamics_step14000 30 4 2 0.026724465016741306
seed123_T1-task-dynamics_step14000 30 4 3 0.02665652596624568
seed123_T1-task-dynamics_step14000 30 4 4 0.026642107986845076
seed123_T1-task-dynamics_step14000 30 4 5 0.026303701975848526
seed123_T1-task-dynamics_step14000 30 4 6 0.026335553033277392
seed123_T1-task-dynamics_step14000 30 4 7 0.02662323199911043
seed123_T1-task-dynamics_step14000 30 4 8 0.02587241801666096
seed123_T1-task-dynamics_step14000 30 4 9 0.027833413972985
seed123_T1-task-dynamics_step14000 30 5 0 0.031703255022875965
seed123_T1-task-dynamics_step14000 30 5 1 0.028111955034546554
seed123_T1-task-dynamics_step14000 30 5 2 0.02779962995555252
seed123_T1-task-dynamics_step14000 30 5 3 0.026455010985955596
seed123_T1-task-dynamics_step14000 30 5 4 0.027231463987845927
seed123_T1-task-dynamics_step14000 30 5 5 0.026781363994814456
seed123_T1-task-dynamics_step14000 30 5 6 0.026474707992747426
seed123_T1-task-dynamics_step14000 30 5 7 0.026029909029603004
seed123_T1-task-dynamics_step14000 30 5 8 0.02585551602533087
seed123_T1-task-dynamics_step14000 30 5 9 0.027364237990695983
seed123_T1-task-dynamics_step14000 30 6 0 0.026552987983450294
seed123_T1-task-dynamics_step14000 30 6 1 0.026606008992530406
seed123_T1-task-dynamics_step14000 30 6 2 0.027024558978155255
seed123_T1-task-dynamics_step14000 30 6 3 0.026814887998625636
seed123_T1-task-dynamics_step14000 30 6 4 0.026353396999184042
seed123_T1-task-dynamics_step14000 30 6 5 0.028263635002076626
seed123_T1-task-dynamics_step14000 30 6 6 0.027178032032679766
seed123_T1-task-dynamics_step14000 30 6 7 0.028119771042838693
seed123_T1-task-dynamics_step14000 30 6 8 0.028952101012691855
seed123_T1-task-dynamics_step14000 30 6 9 0.030032182985451072
seed123_T1-task-dynamics_step14000 30 7 0 0.028032804955728352
seed123_T1-task-dynamics_step14000 30 7 1 0.0277266189805232
seed123_T1-task-dynamics_step14000 30 7 2 0.027944315981585532
seed123_T1-task-dynamics_step14000 30 7 3 0.02670993801439181
seed123_T1-task-dynamics_step14000 30 7 4 0.026650344021618366
seed123_T1-task-dynamics_step14000 30 7 5 0.026418210996780545
seed123_T1-task-dynamics_step14000 30 7 6 0.02627655997639522
seed123_T1-task-dynamics_step14000 30 7 7 0.02684149902779609
seed123_T1-task-dynamics_step14000 30 7 8 0.02767014200799167
seed123_T1-task-dynamics_step14000 30 7 9 0.026669931947253644
seed123_T1-task-dynamics_step14000 30 8 0 0.02706281200516969
seed123_T1-task-dynamics_step14000 30 8 1 0.026101224997546524
seed123_T1-task-dynamics_step14000 30 8 2 0.025404384010471404
seed123_T1-task-dynamics_step14000 30 8 3 0.02734807599335909
seed123_T1-task-dynamics_step14000 30 8 4 0.026544712018221617
seed123_T1-task-dynamics_step14000 30 8 5 0.02633506100391969
seed123_T1-task-dynamics_step14000 30 8 6 0.02619878202676773
seed123_T1-task-dynamics_step14000 30 8 7 0.025909278949256986
seed123_T1-task-dynamics_step14000 30 8 8 0.026461903005838394
seed123_T1-task-dynamics_step14000 30 8 9 0.0301485059899278
seed123_T1-task-dynamics_step14000 30 9 0 0.02724885696079582
seed123_T1-task-dynamics_step14000 30 9 1 0.026745715993456542
seed123_T1-task-dynamics_step14000 30 9 2 0.026652416971046478
seed123_T1-task-dynamics_step14000 30 9 3 0.026887055952101946
seed123_T1-task-dynamics_step14000 30 9 4 0.026634725043550134
seed123_T1-task-dynamics_step14000 30 9 5 0.026615718030370772
seed123_T1-task-dynamics_step14000 30 9 6 0.02666298800613731
seed123_T1-task-dynamics_step14000 30 9 7 0.02655547298491001
seed123_T1-task-dynamics_step14000 30 9 8 0.026512179989367723
seed123_T1-task-dynamics_step14000 30 9 9 0.026275387965142727
seed123_T1-task-dynamics_step14000 33 0 0 0.00729803997091949
seed123_T1-task-dynamics_step14000 33 0 1 0.006177930976264179
seed123_T1-task-dynamics_step14000 33 0 2 0.006126902997493744
seed123_T1-task-dynamics_step14000 33 0 3 0.006093808973673731
seed123_T1-task-dynamics_step14000 33 0 4 0.006000651977956295
seed123_T1-task-dynamics_step14000 33 0 5 0.006081075000111014
seed123_T1-task-dynamics_step14000 33 0 6 0.006132052978500724
seed123_T1-task-dynamics_step14000 33 0 7 0.0061186160310171545
seed123_T1-task-dynamics_step14000 33 0 8 0.006110060960054398
seed123_T1-task-dynamics_step14000 33 0 9 0.006105049978941679
seed123_T1-task-dynamics_step14000 33 1 0 0.006417869008146226
seed123_T1-task-dynamics_step14000 33 1 1 0.006343025015667081
seed123_T1-task-dynamics_step14000 33 1 2 0.006316906015854329
seed123_T1-task-dynamics_step14000 33 1 3 0.006347184011247009
seed123_T1-task-dynamics_step14000 33 1 4 0.006294122023973614
seed123_T1-task-dynamics_step14000 33 1 5 0.0063406010158360004
seed123_T1-task-dynamics_step14000 33 1 6 0.006310363998636603
seed123_T1-task-dynamics_step14000 33 1 7 0.006359226012136787
seed123_T1-task-dynamics_step14000 33 1 8 0.0063301510526798666
seed123_T1-task-dynamics_step14000 33 1 9 0.006325230991933495
seed123_T1-task-dynamics_step14000 33 2 0 0.0060898420051671565
seed123_T1-task-dynamics_step14000 33 2 1 0.006118476972915232
seed123_T1-task-dynamics_step14000 33 2 2 0.006150066968984902
seed123_T1-task-dynamics_step14000 33 2 3 0.0063045520219020545
seed123_T1-task-dynamics_step14000 33 2 4 0.008558306959457695
seed123_T1-task-dynamics_step14000 33 2 5 0.007975984015502036
seed123_T1-task-dynamics_step14000 33 2 6 0.006097406963817775
seed123_T1-task-dynamics_step14000 33 2 7 0.006080143968574703
seed123_T1-task-dynamics_step14000 33 2 8 0.006080724997445941
seed123_T1-task-dynamics_step14000 33 2 9 0.006075023033190519
seed123_T1-task-dynamics_step14000 33 3 0 0.006260817986913025
seed123_T1-task-dynamics_step14000 33 3 1 0.006267902033869177
seed123_T1-task-dynamics_step14000 33 3 2 0.006290163961239159
seed123_T1-task-dynamics_step14000 33 3 3 0.006275788007769734
seed123_T1-task-dynamics_step14000 33 3 4 0.0063208420178852975
seed123_T1-task-dynamics_step14000 33 3 5 0.006285445997491479
seed123_T1-task-dynamics_step14000 33 3 6 0.0062995319603942335
seed123_T1-task-dynamics_step14000 33 3 7 0.0063394790049642324
seed123_T1-task-dynamics_step14000 33 3 8 0.006315842969343066
seed123_T1-task-dynamics_step14000 33 3 9 0.006286217016167939
seed123_T1-task-dynamics_step14000 33 4 0 0.0061156610026955605
seed123_T1-task-dynamics_step14000 33 4 1 0.006001122994348407
seed123_T1-task-dynamics_step14000 33 4 2 0.006019077030941844
seed123_T1-task-dynamics_step14000 33 4 3 0.0059527899720706046
seed123_T1-task-dynamics_step14000 33 4 4 0.005859011027496308
seed123_T1-task-dynamics_step14000 33 4 5 0.006123195984400809
seed123_T1-task-dynamics_step14000 33 4 6 0.006120249978266656
seed123_T1-task-dynamics_step14000 33 4 7 0.006143514008726925
seed123_T1-task-dynamics_step14000 33 4 8 0.006168601976241916
seed123_T1-task-dynamics_step14000 33 4 9 0.006134407012723386
seed123_T1-task-dynamics_step14000 33 5 0 0.006312326993793249
seed123_T1-task-dynamics_step14000 33 5 1 0.006332105025649071
seed123_T1-task-dynamics_step14000 33 5 2 0.006332374992780387
seed123_T1-task-dynamics_step14000 33 5 3 0.006307177012786269
seed123_T1-task-dynamics_step14000 33 5 4 0.00649435498053208
seed123_T1-task-dynamics_step14000 33 5 5 0.006309541000518948
seed123_T1-task-dynamics_step14000 33 5 6 0.006320332991890609
seed123_T1-task-dynamics_step14000 33 5 7 0.00629492400912568
seed123_T1-task-dynamics_step14000 33 5 8 0.0064723920077085495
seed123_T1-task-dynamics_step14000 33 5 9 0.006304342008661479
seed123_T1-task-dynamics_step14000 33 6 0 0.006308710027951747
seed123_T1-task-dynamics_step14000 33 6 1 0.006308619980700314
seed123_T1-task-dynamics_step14000 33 6 2 0.00632124301046133
seed123_T1-task-dynamics_step14000 33 6 3 0.006280366040300578
seed123_T1-task-dynamics_step14000 33 6 4 0.006297448999248445
seed123_T1-task-dynamics_step14000 33 6 5 0.0062861969927325845
seed123_T1-task-dynamics_step14000 33 6 6 0.006308209034614265
seed123_T1-task-dynamics_step14000 33 6 7 0.006339660030789673
seed123_T1-task-dynamics_step14000 33 6 8 0.006337374041322619
seed123_T1-task-dynamics_step14000 33 6 9 0.0063252809923142195
seed123_T1-task-dynamics_step14000 33 7 0 0.006139917008113116
seed123_T1-task-dynamics_step14000 33 7 1 0.006125629995949566
seed123_T1-task-dynamics_step14000 33 7 2 0.00610003195470199
seed123_T1-task-dynamics_step14000 33 7 3 0.006124378007370979
seed123_T1-task-dynamics_step14000 33 7 4 0.006128956971224397
seed123_T1-task-dynamics_step14000 33 7 5 0.0061183159705251455
seed123_T1-task-dynamics_step14000 33 7 6 0.006183519959449768
seed123_T1-task-dynamics_step14000 33 7 7 0.0061457579722628
seed123_T1-task-dynamics_step14000 33 7 8 0.006128135020844638
seed123_T1-task-dynamics_step14000 33 7 9 0.006107736029662192
seed123_T1-task-dynamics_step14000 33 8 0 0.006107244989834726
seed123_T1-task-dynamics_step14000 33 8 1 0.006174884038046002
seed123_T1-task-dynamics_step14000 33 8 2 0.006121421989519149
seed123_T1-task-dynamics_step14000 33 8 3 0.006115872005466372
seed123_T1-task-dynamics_step14000 33 8 4 0.006095402990467846
seed123_T1-task-dynamics_step14000 33 8 5 0.00599058298394084
seed123_T1-task-dynamics_step14000 33 8 6 0.0061001519788987935
seed123_T1-task-dynamics_step14000 33 8 7 0.006063721957616508
seed123_T1-task-dynamics_step14000 33 8 8 0.006129056971985847
seed123_T1-task-dynamics_step14000 33 8 9 0.006111112015787512
seed123_T1-task-dynamics_step14000 33 9 0 0.005900049000047147
seed123_T1-task-dynamics_step14000 33 9 1 0.0060299079632386565
seed123_T1-task-dynamics_step14000 33 9 2 0.0061014239909127355
seed123_T1-task-dynamics_step14000 33 9 3 0.006135509989690036
seed123_T1-task-dynamics_step14000 33 9 4 0.006155077018775046
seed123_T1-task-dynamics_step14000 33 9 5 0.1701401780010201
seed123_T1-task-dynamics_step14000 33 9 6 0.006329149007797241
seed123_T1-task-dynamics_step14000 33 9 7 0.006176898023113608
seed123_T1-task-dynamics_step14000 33 9 8 0.006157280004117638
seed123_T1-task-dynamics_step14000 33 9 9 0.006125060026533902
seed123_T1-task-dynamics_step14000 36 0 0 0.006739022035617381
seed123_T1-task-dynamics_step14000 36 0 1 0.006650191964581609
seed123_T1-task-dynamics_step14000 36 0 2 0.0066487889853306115
seed123_T1-task-dynamics_step14000 36 0 3 0.006720617006067187
seed123_T1-task-dynamics_step14000 36 0 4 0.006646314985118806
seed123_T1-task-dynamics_step14000 36 0 5 0.006630325049627572
seed123_T1-task-dynamics_step14000 36 0 6 0.006665341032203287
seed123_T1-task-dynamics_step14000 36 0 7 0.006665962981060147
seed123_T1-task-dynamics_step14000 36 0 8 0.006557033979333937
seed123_T1-task-dynamics_step14000 36 0 9 0.006461101002059877
seed123_T1-task-dynamics_step14000 36 1 0 0.006462263991124928
seed123_T1-task-dynamics_step14000 36 1 1 0.0064653399749659
seed123_T1-task-dynamics_step14000 36 1 2 0.006608121970202774
seed123_T1-task-dynamics_step14000 36 1 3 0.006713644019328058
seed123_T1-task-dynamics_step14000 36 1 4 0.006653538963291794
seed123_T1-task-dynamics_step14000 36 1 5 0.006662786996457726
seed123_T1-task-dynamics_step14000 36 1 6 0.006653377960901707
seed123_T1-task-dynamics_step14000 36 1 7 0.006685390020720661
seed123_T1-task-dynamics_step14000 36 1 8 0.0065766419866122305
seed123_T1-task-dynamics_step14000 36 1 9 0.0066448020515963435
seed123_T1-task-dynamics_step14000 36 2 0 0.006903244997374713
seed123_T1-task-dynamics_step14000 36 2 1 0.006843229988589883
seed123_T1-task-dynamics_step14000 36 2 2 0.006825076998211443
seed123_T1-task-dynamics_step14000 36 2 3 0.0069202479789964855
seed123_T1-task-dynamics_step14000 36 2 4 0.006685250031296164
seed123_T1-task-dynamics_step14000 36 2 5 0.006477692979387939
seed123_T1-task-dynamics_step14000 36 2 6 0.006457134033553302
seed123_T1-task-dynamics_step14000 36 2 7 0.006483763980213553
seed123_T1-task-dynamics_step14000 36 2 8 0.0065755199757404625
seed123_T1-task-dynamics_step14000 36 2 9 0.006641346029937267
seed123_T1-task-dynamics_step14000 36 3 0 0.006614833953790367
seed123_T1-task-dynamics_step14000 36 3 1 0.006610706041101366
seed123_T1-task-dynamics_step14000 36 3 2 0.006455971975810826
seed123_T1-task-dynamics_step14000 36 3 3 0.006542496965266764
seed123_T1-task-dynamics_step14000 36 3 4 0.0064256429905071855
seed123_T1-task-dynamics_step14000 36 3 5 0.006642838008701801
seed123_T1-task-dynamics_step14000 36 3 6 0.00665737601229921
seed123_T1-task-dynamics_step14000 36 3 7 0.006715267023537308
seed123_T1-task-dynamics_step14000 36 3 8 0.006629503041040152
seed123_T1-task-dynamics_step14000 36 3 9 0.006592040997929871
seed123_T1-task-dynamics_step14000 36 4 0 0.006445801991503686
seed123_T1-task-dynamics_step14000 36 4 1 0.006536005006637424
seed123_T1-task-dynamics_step14000 36 4 2 0.006517408008221537
seed123_T1-task-dynamics_step14000 36 4 3 0.0065068789990618825
seed123_T1-task-dynamics_step14000 36 4 4 0.0066420360235497355
seed123_T1-task-dynamics_step14000 36 4 5 0.006693806033581495
seed123_T1-task-dynamics_step14000 36 4 6 0.006655552017036825
seed123_T1-task-dynamics_step14000 36 4 7 0.006495457026176155
seed123_T1-task-dynamics_step14000 36 4 8 0.006406395987141877
seed123_T1-task-dynamics_step14000 36 4 9 0.006567303964402527
seed123_T1-task-dynamics_step14000 36 5 0 0.006481349992100149
seed123_T1-task-dynamics_step14000 36 5 1 0.006647247006185353
seed123_T1-task-dynamics_step14000 36 5 2 0.006405274965800345
seed123_T1-task-dynamics_step14000 36 5 3 0.006522198033053428
seed123_T1-task-dynamics_step14000 36 5 4 0.006598493026103824
seed123_T1-task-dynamics_step14000 36 5 5 0.006671762967016548
seed123_T1-task-dynamics_step14000 36 5 6 0.006642026011832058
seed123_T1-task-dynamics_step14000 36 5 7 0.007065406010951847
seed123_T1-task-dynamics_step14000 36 5 8 0.008595326973591
seed123_T1-task-dynamics_step14000 36 5 9 0.006586451025214046
seed123_T1-task-dynamics_step14000 36 6 0 0.006632809003349394
seed123_T1-task-dynamics_step14000 36 6 1 0.006645602989010513
seed123_T1-task-dynamics_step14000 36 6 2 0.006651113973930478
seed123_T1-task-dynamics_step14000 36 6 3 0.006698824989143759
seed123_T1-task-dynamics_step14000 36 6 4 0.006637047976255417
seed123_T1-task-dynamics_step14000 36 6 5 0.006637277954723686
seed123_T1-task-dynamics_step14000 36 6 6 0.006619694002438337
seed123_T1-task-dynamics_step14000 36 6 7 0.006694366049487144
seed123_T1-task-dynamics_step14000 36 6 8 0.006648319016676396
seed123_T1-task-dynamics_step14000 36 6 9 0.006624153000302613
seed123_T1-task-dynamics_step14000 36 7 0 0.006883136986289173
seed123_T1-task-dynamics_step14000 36 7 1 0.006901432003360242
seed123_T1-task-dynamics_step14000 36 7 2 0.006878799002151936
seed123_T1-task-dynamics_step14000 36 7 3 0.006918114027939737
seed123_T1-task-dynamics_step14000 36 7 4 0.006844022020231932
seed123_T1-task-dynamics_step14000 36 7 5 0.006881312991026789
seed123_T1-task-dynamics_step14000 36 7 6 0.006847309006843716
seed123_T1-task-dynamics_step14000 36 7 7 0.006866424984764308
seed123_T1-task-dynamics_step14000 36 7 8 0.0068356969859451056
seed123_T1-task-dynamics_step14000 36 7 9 0.00685935199726373
seed123_T1-task-dynamics_step14000 36 8 0 0.006605025031603873
seed123_T1-task-dynamics_step14000 36 8 1 0.006601940025575459
seed123_T1-task-dynamics_step14000 36 8 2 0.006586119998246431
seed123_T1-task-dynamics_step14000 36 8 3 0.00669025897514075
seed123_T1-task-dynamics_step14000 36 8 4 0.006478685012552887
seed123_T1-task-dynamics_step14000 36 8 5 0.006675911950878799
seed123_T1-task-dynamics_step14000 36 8 6 0.006686803011689335
seed123_T1-task-dynamics_step14000 36 8 7 0.006674247968476266
seed123_T1-task-dynamics_step14000 36 8 8 0.006646345020271838
seed123_T1-task-dynamics_step14000 36 8 9 0.006662905972916633
seed123_T1-task-dynamics_step14000 36 9 0 0.006694615993183106
seed123_T1-task-dynamics_step14000 36 9 1 0.006649811984971166
seed123_T1-task-dynamics_step14000 36 9 2 0.006613382953219116
seed123_T1-task-dynamics_step14000 36 9 3 0.006706610030960292
seed123_T1-task-dynamics_step14000 36 9 4 0.006657476013060659
seed123_T1-task-dynamics_step14000 36 9 5 0.006650883995462209
seed123_T1-task-dynamics_step14000 36 9 6 0.006668518006335944
seed123_T1-task-dynamics_step14000 36 9 7 0.006683316023554653
seed123_T1-task-dynamics_step14000 36 9 8 0.006669278023764491
seed123_T1-task-dynamics_step14000 36 9 9 0.006655703007709235
seed123_T1-task-dynamics_step14000 40 0 0 0.003971315978560597
seed123_T1-task-dynamics_step14000 40 0 1 0.003944003023207188
seed123_T1-task-dynamics_step14000 40 0 2 0.0039380110101774335
seed123_T1-task-dynamics_step14000 40 0 3 0.003852027002722025
seed123_T1-task-dynamics_step14000 40 0 4 0.003983239002991468
seed123_T1-task-dynamics_step14000 40 0 5 0.00394414400216192
seed123_T1-task-dynamics_step14000 40 0 6 0.003835615993011743
seed123_T1-task-dynamics_step14000 40 0 7 0.003820437006652355
seed123_T1-task-dynamics_step14000 40 0 8 0.0038274910184554756
seed123_T1-task-dynamics_step14000 40 0 9 0.003820197016466409
seed123_T1-task-dynamics_step14000 40 1 0 0.0038303659530356526
seed123_T1-task-dynamics_step14000 40 1 1 0.003866415994707495
seed123_T1-task-dynamics_step14000 40 1 2 0.003929234982933849
seed123_T1-task-dynamics_step14000 40 1 3 0.003899639006704092
seed123_T1-task-dynamics_step14000 40 1 4 0.0038225509924814105
seed123_T1-task-dynamics_step14000 40 1 5 0.0038243349990807474
seed123_T1-task-dynamics_step14000 40 1 6 0.0037065090145915747
seed123_T1-task-dynamics_step14000 40 1 7 0.0038243450107984245
seed123_T1-task-dynamics_step14000 40 1 8 0.0038357360172085464
seed123_T1-task-dynamics_step14000 40 1 9 0.003719274012837559
seed123_T1-task-dynamics_step14000 40 2 0 0.0037313279462978244
seed123_T1-task-dynamics_step14000 40 2 1 0.003816379001364112
seed123_T1-task-dynamics_step14000 40 2 2 0.0037059590104036033
seed123_T1-task-dynamics_step14000 40 2 3 0.0039002089761197567
seed123_T1-task-dynamics_step14000 40 2 4 0.0039262689533643425
seed123_T1-task-dynamics_step14000 40 2 5 0.003962789021898061
seed123_T1-task-dynamics_step14000 40 2 6 0.003852318972349167
seed123_T1-task-dynamics_step14000 40 2 7 0.0038573669735342264
seed123_T1-task-dynamics_step14000 40 2 8 0.003933753992896527
seed123_T1-task-dynamics_step14000 40 2 9 0.0038430800195783377
seed123_T1-task-dynamics_step14000 40 3 0 0.004038904968183488
seed123_T1-task-dynamics_step14000 40 3 1 0.0039545639883726835
seed123_T1-task-dynamics_step14000 40 3 2 0.003975772997364402
seed123_T1-task-dynamics_step14000 40 3 3 0.0039975259569473565
seed123_T1-task-dynamics_step14000 40 3 4 0.003891072003170848
seed123_T1-task-dynamics_step14000 40 3 5 0.003948271041736007
seed123_T1-task-dynamics_step14000 40 3 6 0.0038326100329868495
seed123_T1-task-dynamics_step14000 40 3 7 0.004022623994387686
seed123_T1-task-dynamics_step14000 40 3 8 0.004049203009344637
seed123_T1-task-dynamics_step14000 40 3 9 0.003958631015848368
seed123_T1-task-dynamics_step14000 40 4 0 0.003943572985008359
seed123_T1-task-dynamics_step14000 40 4 1 0.003967177995946258
seed123_T1-task-dynamics_step14000 40 4 2 0.003917783033102751
seed123_T1-task-dynamics_step14000 40 4 3 0.00394153903471306
seed123_T1-task-dynamics_step14000 40 4 4 0.0039385229465551674
seed123_T1-task-dynamics_step14000 40 4 5 0.003945526957977563
seed123_T1-task-dynamics_step14000 40 4 6 0.003986725001595914
seed123_T1-task-dynamics_step14000 40 4 7 0.003845625033136457
seed123_T1-task-dynamics_step14000 40 4 8 0.003906672005541623
seed123_T1-task-dynamics_step14000 40 4 9 0.003931068989913911
seed123_T1-task-dynamics_step14000 40 5 0 0.004072729963809252
seed123_T1-task-dynamics_step14000 40 5 1 0.004004678979981691
seed123_T1-task-dynamics_step14000 40 5 2 0.004092496994417161
seed123_T1-task-dynamics_step14000 40 5 3 0.003954903979320079
seed123_T1-task-dynamics_step14000 40 5 4 0.003976334002800286
seed123_T1-task-dynamics_step14000 40 5 5 0.004057268961332738
seed123_T1-task-dynamics_step14000 40 5 6 0.004017693980131298
seed123_T1-task-dynamics_step14000 40 5 7 0.004065726010594517
seed123_T1-task-dynamics_step14000 40 5 8 0.0038267099880613387
seed123_T1-task-dynamics_step14000 40 5 9 0.003836347023025155
seed123_T1-task-dynamics_step14000 40 6 0 0.003996164014097303
seed123_T1-task-dynamics_step14000 40 6 1 0.004055977042298764
seed123_T1-task-dynamics_step14000 40 6 2 0.004074251977726817
seed123_T1-task-dynamics_step14000 40 6 3 0.004210350976791233
seed123_T1-task-dynamics_step14000 40 6 4 0.005702041962649673
seed123_T1-task-dynamics_step14000 40 6 5 0.0055320459650829434
seed123_T1-task-dynamics_step14000 40 6 6 0.004092817020136863
seed123_T1-task-dynamics_step14000 40 6 7 0.004093758994713426
seed123_T1-task-dynamics_step14000 40 6 8 0.004076437035109848
seed123_T1-task-dynamics_step14000 40 6 9 0.004256140033248812
seed123_T1-task-dynamics_step14000 40 7 0 0.004069192975293845
seed123_T1-task-dynamics_step14000 40 7 1 0.004061607993207872
seed123_T1-task-dynamics_step14000 40 7 2 0.00410634302534163
seed123_T1-task-dynamics_step14000 40 7 3 0.004060316015966237
seed123_T1-task-dynamics_step14000 40 7 4 0.004053573007695377
seed123_T1-task-dynamics_step14000 40 7 5 0.004065655986778438
seed123_T1-task-dynamics_step14000 40 7 6 0.004050096031278372
seed123_T1-task-dynamics_step14000 40 7 7 0.004058061051182449
seed123_T1-task-dynamics_step14000 40 7 8 0.004060656006913632
seed123_T1-task-dynamics_step14000 40 7 9 0.0040484630153514445
seed123_T1-task-dynamics_step14000 40 8 0 0.003950896032620221
seed123_T1-task-dynamics_step14000 40 8 1 0.0039538920391350985
seed123_T1-task-dynamics_step14000 40 8 2 0.00397776800673455
seed123_T1-task-dynamics_step14000 40 8 3 0.0039530699723400176
seed123_T1-task-dynamics_step14000 40 8 4 0.003927672980353236
seed123_T1-task-dynamics_step14000 40 8 5 0.003936058026738465
seed123_T1-task-dynamics_step14000 40 8 6 0.003935728047508746
seed123_T1-task-dynamics_step14000 40 8 7 0.0039512770017609
seed123_T1-task-dynamics_step14000 40 8 8 0.003896402951795608
seed123_T1-task-dynamics_step14000 40 8 9 0.003919596958439797
seed123_T1-task-dynamics_step14000 40 9 0 0.003939155023545027
seed123_T1-task-dynamics_step14000 40 9 1 0.003922973002772778
seed123_T1-task-dynamics_step14000 40 9 2 0.00396425201324746
seed123_T1-task-dynamics_step14000 40 9 3 0.0038470380241051316
seed123_T1-task-dynamics_step14000 40 9 4 0.0038479900103993714
seed123_T1-task-dynamics_step14000 40 9 5 0.0039124429458752275
seed123_T1-task-dynamics_step14000 40 9 6 0.003924736985936761
seed123_T1-task-dynamics_step14000 40 9 7 0.003933984029572457
seed123_T1-task-dynamics_step14000 40 9 8 0.003933964006137103
seed123_T1-task-dynamics_step14000 40 9 9 0.003988648997619748
seed123_T1-task-dynamics_step14000 47 0 0 0.06458501104498282
seed123_T1-task-dynamics_step14000 47 0 1 0.06002185505349189
seed123_T1-task-dynamics_step14000 47 0 2 0.06071798497578129
seed123_T1-task-dynamics_step14000 47 0 3 0.06057179596973583
seed123_T1-task-dynamics_step14000 47 0 4 0.06903274700744078
seed123_T1-task-dynamics_step14000 47 0 5 0.060647589969448745
seed123_T1-task-dynamics_step14000 47 0 6 0.061322740046307445
seed123_T1-task-dynamics_step14000 47 0 7 0.06123497197404504
seed123_T1-task-dynamics_step14000 47 0 8 0.06050359597429633
seed123_T1-task-dynamics_step14000 47 0 9 0.0611818409524858
seed123_T1-task-dynamics_step14000 47 1 0 0.05997948400909081
seed123_T1-task-dynamics_step14000 47 1 1 0.061852201994042844
seed123_T1-task-dynamics_step14000 47 1 2 0.06510527501814067
seed123_T1-task-dynamics_step14000 47 1 3 0.06210535496938974
seed123_T1-task-dynamics_step14000 47 1 4 0.06015961797675118
seed123_T1-task-dynamics_step14000 47 1 5 0.059813978034071624
seed123_T1-task-dynamics_step14000 47 1 6 0.060613606008701026
seed123_T1-task-dynamics_step14000 47 1 7 0.05946166504872963
seed123_T1-task-dynamics_step14000 47 1 8 0.05943972303066403
seed123_T1-task-dynamics_step14000 47 1 9 0.0592023900244385
seed123_T1-task-dynamics_step14000 47 2 0 0.06798222003271803
seed123_T1-task-dynamics_step14000 47 2 1 0.06105556897819042
seed123_T1-task-dynamics_step14000 47 2 2 0.06031399400671944
seed123_T1-task-dynamics_step14000 47 2 3 0.05876695801271126
seed123_T1-task-dynamics_step14000 47 2 4 0.06081094202818349
seed123_T1-task-dynamics_step14000 47 2 5 0.059710410016123205
seed123_T1-task-dynamics_step14000 47 2 6 0.05953092797426507
seed123_T1-task-dynamics_step14000 47 2 7 0.060029140033293515
seed123_T1-task-dynamics_step14000 47 2 8 0.06276588601758704
seed123_T1-task-dynamics_step14000 47 2 9 0.0599237879505381
seed123_T1-task-dynamics_step14000 47 3 0 0.06032580602914095
seed123_T1-task-dynamics_step14000 47 3 1 0.06060400704154745
seed123_T1-task-dynamics_step14000 47 3 2 0.061177662981208414
seed123_T1-task-dynamics_step14000 47 3 3 0.06070585100678727
seed123_T1-task-dynamics_step14000 47 3 4 0.06237537000561133
seed123_T1-task-dynamics_step14000 47 3 5 0.061778831004630774
seed123_T1-task-dynamics_step14000 47 3 6 0.06072001898428425
seed123_T1-task-dynamics_step14000 47 3 7 0.06131096702301875
seed123_T1-task-dynamics_step14000 47 3 8 0.060208772018086165
seed123_T1-task-dynamics_step14000 47 3 9 0.05942164902808145
seed123_T1-task-dynamics_step14000 47 4 0 0.06014705402776599
seed123_T1-task-dynamics_step14000 47 4 1 0.060246134002227336
seed123_T1-task-dynamics_step14000 47 4 2 0.060013300040736794
seed123_T1-task-dynamics_step14000 47 4 3 0.06030410394305363
seed123_T1-task-dynamics_step14000 47 4 4 0.06015222397400066
seed123_T1-task-dynamics_step14000 47 4 5 0.06206661101896316
seed123_T1-task-dynamics_step14000 47 4 6 0.05959388701012358
seed123_T1-task-dynamics_step14000 47 4 7 0.06006154103670269
seed123_T1-task-dynamics_step14000 47 4 8 0.05885642900830135
seed123_T1-task-dynamics_step14000 47 4 9 0.05986531701637432
seed123_T1-task-dynamics_step14000 47 5 0 0.0600734640029259
seed123_T1-task-dynamics_step14000 47 5 1 0.059981778962537646
seed123_T1-task-dynamics_step14000 47 5 2 0.06448432896286249
seed123_T1-task-dynamics_step14000 47 5 3 0.06054459395818412
seed123_T1-task-dynamics_step14000 47 5 4 0.05947215500054881
seed123_T1-task-dynamics_step14000 47 5 5 0.058934587985277176
seed123_T1-task-dynamics_step14000 47 5 6 0.05779858899768442
seed123_T1-task-dynamics_step14000 47 5 7 0.0586706239846535
seed123_T1-task-dynamics_step14000 47 5 8 0.06014126300578937
seed123_T1-task-dynamics_step14000 47 5 9 0.06158832699293271
seed123_T1-task-dynamics_step14000 47 6 0 0.06547568197129294
seed123_T1-task-dynamics_step14000 47 6 1 0.060704299015924335
seed123_T1-task-dynamics_step14000 47 6 2 0.060703598021063954
seed123_T1-task-dynamics_step14000 47 6 3 0.06063916301354766
seed123_T1-task-dynamics_step14000 47 6 4 0.06066438200650737
seed123_T1-task-dynamics_step14000 47 6 5 0.059326977003365755
seed123_T1-task-dynamics_step14000 47 6 6 0.06094627099810168
seed123_T1-task-dynamics_step14000 47 6 7 0.0644039650214836
seed123_T1-task-dynamics_step14000 47 6 8 0.06223257596138865
seed123_T1-task-dynamics_step14000 47 6 9 0.060966909979470074
seed123_T1-task-dynamics_step14000 47 7 0 0.060577166033908725
seed123_T1-task-dynamics_step14000 47 7 1 0.06086384295485914
seed123_T1-task-dynamics_step14000 47 7 2 0.0614824439981021
seed123_T1-task-dynamics_step14000 47 7 3 0.06051594897871837
seed123_T1-task-dynamics_step14000 47 7 4 0.06065655802376568
seed123_T1-task-dynamics_step14000 47 7 5 0.064359370036982
seed123_T1-task-dynamics_step14000 47 7 6 0.06353203003527597
seed123_T1-task-dynamics_step14000 47 7 7 0.06062457599909976
seed123_T1-task-dynamics_step14000 47 7 8 0.05975509597919881
seed123_T1-task-dynamics_step14000 47 7 9 0.05963317200075835
seed123_T1-task-dynamics_step14000 47 8 0 0.059777176997158676
seed123_T1-task-dynamics_step14000 47 8 1 0.0605937970103696
seed123_T1-task-dynamics_step14000 47 8 2 0.06012204702710733
seed123_T1-task-dynamics_step14000 47 8 3 0.05997351300902665
seed123_T1-task-dynamics_step14000 47 8 4 0.05927345500094816
seed123_T1-task-dynamics_step14000 47 8 5 0.06019887299044058
seed123_T1-task-dynamics_step14000 47 8 6 0.06005148199619725
seed123_T1-task-dynamics_step14000 47 8 7 0.05909096699906513
seed123_T1-task-dynamics_step14000 47 8 8 0.05952945398166776
seed123_T1-task-dynamics_step14000 47 8 9 0.06013534200610593
seed123_T1-task-dynamics_step14000 47 9 0 0.06083259399747476
seed123_T1-task-dynamics_step14000 47 9 1 0.062070919026155025
seed123_T1-task-dynamics_step14000 47 9 2 0.06688603496877477
seed123_T1-task-dynamics_step14000 47 9 3 0.05966387101216242
seed123_T1-task-dynamics_step14000 47 9 4 0.05892766499891877
seed123_T1-task-dynamics_step14000 47 9 5 0.06094890501117334
seed123_T1-task-dynamics_step14000 47 9 6 0.06039900495670736
seed123_T1-task-dynamics_step14000 47 9 7 0.059742280980572104
seed123_T1-task-dynamics_step14000 47 9 8 0.060370670980773866
seed123_T1-task-dynamics_step14000 47 9 9 0.05998412304325029
seed123_T1-task-dynamics_step14000 51 0 0 0.02414541901089251
seed123_T1-task-dynamics_step14000 51 0 1 0.023091806971933693
seed123_T1-task-dynamics_step14000 51 0 2 0.02374215895542875
seed123_T1-task-dynamics_step14000 51 0 3 0.026618622010573745
seed123_T1-task-dynamics_step14000 51 0 4 0.023051099036820233
seed123_T1-task-dynamics_step14000 51 0 5 0.023574338003527373
seed123_T1-task-dynamics_step14000 51 0 6 0.02363258000696078
seed123_T1-task-dynamics_step14000 51 0 7 0.022488965012598783
seed123_T1-task-dynamics_step14000 51 0 8 0.023269956989679486
seed123_T1-task-dynamics_step14000 51 0 9 0.02247471804730594
seed123_T1-task-dynamics_step14000 51 1 0 0.022516679018735886
seed123_T1-task-dynamics_step14000 51 1 1 0.021996885014232248
seed123_T1-task-dynamics_step14000 51 1 2 0.021954494004603475
seed123_T1-task-dynamics_step14000 51 1 3 0.021723291953094304
seed123_T1-task-dynamics_step14000 51 1 4 0.021625535970088094
seed123_T1-task-dynamics_step14000 51 1 5 0.02246209396980703
seed123_T1-task-dynamics_step14000 51 1 6 0.022550421999767423
seed123_T1-task-dynamics_step14000 51 1 7 0.022677295026369393
seed123_T1-task-dynamics_step14000 51 1 8 0.022403181006666273
seed123_T1-task-dynamics_step14000 51 1 9 0.022689989011269063
seed123_T1-task-dynamics_step14000 51 2 0 0.022327205981127918
seed123_T1-task-dynamics_step14000 51 2 1 0.022404063027352095
seed123_T1-task-dynamics_step14000 51 2 2 0.02255928999511525
seed123_T1-task-dynamics_step14000 51 2 3 0.02631205803481862
seed123_T1-task-dynamics_step14000 51 2 4 0.023365389031823725
seed123_T1-task-dynamics_step14000 51 2 5 0.022910399013198912
seed123_T1-task-dynamics_step14000 51 2 6 0.022558288008440286
seed123_T1-task-dynamics_step14000 51 2 7 0.022531417023856193
seed123_T1-task-dynamics_step14000 51 2 8 0.022609003994148225
seed123_T1-task-dynamics_step14000 51 2 9 0.02251441398402676
seed123_T1-task-dynamics_step14000 51 3 0 0.022548217966686934
seed123_T1-task-dynamics_step14000 51 3 1 0.02255548199173063
seed123_T1-task-dynamics_step14000 51 3 2 0.02259574900381267
seed123_T1-task-dynamics_step14000 51 3 3 0.02226807305123657
seed123_T1-task-dynamics_step14000 51 3 4 0.024168042989913374
seed123_T1-task-dynamics_step14000 51 3 5 0.02257892698980868
seed123_T1-task-dynamics_step14000 51 3 6 0.023322677006945014
seed123_T1-task-dynamics_step14000 51 3 7 0.022559670032933354
seed123_T1-task-dynamics_step14000 51 3 8 0.0224952669814229
seed123_T1-task-dynamics_step14000 51 3 9 0.02298810798674822
seed123_T1-task-dynamics_step14000 51 4 0 0.022498403035569936
seed123_T1-task-dynamics_step14000 51 4 1 0.022344640048686415
seed123_T1-task-dynamics_step14000 51 4 2 0.023003497975878417
seed123_T1-task-dynamics_step14000 51 4 3 0.022357994981575757
seed123_T1-task-dynamics_step14000 51 4 4 0.022461712011136115
seed123_T1-task-dynamics_step14000 51 4 5 0.024582615005783737
seed123_T1-task-dynamics_step14000 51 4 6 0.02347444702172652
seed123_T1-task-dynamics_step14000 51 4 7 0.02563010499579832
seed123_T1-task-dynamics_step14000 51 4 8 0.02334034099476412
seed123_T1-task-dynamics_step14000 51 4 9 0.02285439398838207
seed123_T1-task-dynamics_step14000 51 5 0 0.022495998011436313
seed123_T1-task-dynamics_step14000 51 5 1 0.02252730802865699
seed123_T1-task-dynamics_step14000 51 5 2 0.022568346990738064
seed123_T1-task-dynamics_step14000 51 5 3 0.022505264962092042
seed123_T1-task-dynamics_step14000 51 5 4 0.022536946984473616
seed123_T1-task-dynamics_step14000 51 5 5 0.022796852979809046
seed123_T1-task-dynamics_step14000 51 5 6 0.02278214500984177
seed123_T1-task-dynamics_step14000 51 5 7 0.02256073203170672
seed123_T1-task-dynamics_step14000 51 5 8 0.022563548001926392
seed123_T1-task-dynamics_step14000 51 5 9 0.02257336600450799
seed123_T1-task-dynamics_step14000 51 6 0 0.02262361196335405
seed123_T1-task-dynamics_step14000 51 6 1 0.02253980201203376
seed123_T1-task-dynamics_step14000 51 6 2 0.022527198016177863
seed123_T1-task-dynamics_step14000 51 6 3 0.024349900020752102
seed123_T1-task-dynamics_step14000 51 6 4 0.02405542798805982
seed123_T1-task-dynamics_step14000 51 6 5 0.02317119698273018
seed123_T1-task-dynamics_step14000 51 6 6 0.022516416967846453
seed123_T1-task-dynamics_step14000 51 6 7 0.022448828036431223
seed123_T1-task-dynamics_step14000 51 6 8 0.022785842011217028
seed123_T1-task-dynamics_step14000 51 6 9 0.023243636009283364
seed123_T1-task-dynamics_step14000 51 7 0 0.022429661999922246
seed123_T1-task-dynamics_step14000 51 7 1 0.02166394900996238
seed123_T1-task-dynamics_step14000 51 7 2 0.021801001043058932
seed123_T1-task-dynamics_step14000 51 7 3 0.022223637031856924
seed123_T1-task-dynamics_step14000 51 7 4 0.022319231007713825
seed123_T1-task-dynamics_step14000 51 7 5 0.022354699030984193
seed123_T1-task-dynamics_step14000 51 7 6 0.02233295701444149
seed123_T1-task-dynamics_step14000 51 7 7 0.021899739978834987
seed123_T1-task-dynamics_step14000 51 7 8 0.021647988993208855
seed123_T1-task-dynamics_step14000 51 7 9 0.021736537979450077
seed123_T1-task-dynamics_step14000 51 8 0 0.022187069000210613
seed123_T1-task-dynamics_step14000 51 8 1 0.02238926402060315
seed123_T1-task-dynamics_step14000 51 8 2 0.0225027019623667
seed123_T1-task-dynamics_step14000 51 8 3 0.022414662002120167
seed123_T1-task-dynamics_step14000 51 8 4 0.0224728140165098
seed123_T1-task-dynamics_step14000 51 8 5 0.02240954403532669
seed123_T1-task-dynamics_step14000 51 8 6 0.022494986013043672
seed123_T1-task-dynamics_step14000 51 8 7 0.02545630297390744
seed123_T1-task-dynamics_step14000 51 8 8 0.023472454049624503
seed123_T1-task-dynamics_step14000 51 8 9 0.023668538022320718
seed123_T1-task-dynamics_step14000 51 9 0 0.023680390033405274
seed123_T1-task-dynamics_step14000 51 9 1 0.022706159972585738
seed123_T1-task-dynamics_step14000 51 9 2 0.022600889031309634
seed123_T1-task-dynamics_step14000 51 9 3 0.02543132402934134
seed123_T1-task-dynamics_step14000 51 9 4 0.02296484395628795
seed123_T1-task-dynamics_step14000 51 9 5 0.023163712990935892
seed123_T1-task-dynamics_step14000 51 9 6 0.022868039028253406
seed123_T1-task-dynamics_step14000 51 9 7 0.02275496401125565
seed123_T1-task-dynamics_step14000 51 9 8 0.02267418900737539
seed123_T1-task-dynamics_step14000 51 9 9 0.02339871198637411
seed123_T1-task-dynamics_step14000 52 0 0 0.8288276279927231
seed123_T1-task-dynamics_step14000 52 0 1 0.8244584810454398
seed123_T1-task-dynamics_step14000 52 0 2 0.8159539970220067
seed123_T1-task-dynamics_step14000 52 0 3 0.8140671419678256
seed123_T1-task-dynamics_step14000 52 0 4 0.8186392529751174
seed123_T1-task-dynamics_step14000 52 0 5 0.8081381940282881
seed123_T1-task-dynamics_step14000 52 0 6 0.8163741650059819
seed123_T1-task-dynamics_step14000 52 0 7 0.82557549898047
seed123_T1-task-dynamics_step14000 52 0 8 0.8174400799907744
seed123_T1-task-dynamics_step14000 52 0 9 0.8254266619915143
seed123_T1-task-dynamics_step14000 52 1 0 0.8178156740032136
seed123_T1-task-dynamics_step14000 52 1 1 0.8426100490032695
seed123_T1-task-dynamics_step14000 52 1 2 0.8342878030380234
seed123_T1-task-dynamics_step14000 52 1 3 0.840175518009346
seed123_T1-task-dynamics_step14000 52 1 4 0.8375158669659868
seed123_T1-task-dynamics_step14000 52 1 5 0.8248062099446543
seed123_T1-task-dynamics_step14000 52 1 6 0.8192268509883434
seed123_T1-task-dynamics_step14000 52 1 7 0.8172319500008598
seed123_T1-task-dynamics_step14000 52 1 8 0.8236969269928522
seed123_T1-task-dynamics_step14000 52 1 9 0.8265367610147223
seed123_T1-task-dynamics_step14000 52 2 0 0.8275149069959298
seed123_T1-task-dynamics_step14000 52 2 1 0.831277061952278
seed123_T1-task-dynamics_step14000 52 2 2 0.8425710430019535
seed123_T1-task-dynamics_step14000 52 2 3 0.8240304379723966
seed123_T1-task-dynamics_step14000 52 2 4 0.8282210610341281
seed123_T1-task-dynamics_step14000 52 2 5 0.8322187660378404
seed123_T1-task-dynamics_step14000 52 2 6 0.8443647039821371
seed123_T1-task-dynamics_step14000 52 2 7 0.8431836260133423
seed123_T1-task-dynamics_step14000 52 2 8 0.8193592199822888
seed123_T1-task-dynamics_step14000 52 2 9 0.8335682899923995
seed123_T1-task-dynamics_step14000 52 3 0 0.834117095975671
seed123_T1-task-dynamics_step14000 52 3 1 0.8379540130263194
seed123_T1-task-dynamics_step14000 52 3 2 0.8419808039907366
seed123_T1-task-dynamics_step14000 52 3 3 0.8291665370343253
seed123_T1-task-dynamics_step14000 52 3 4 0.8239327889750712
seed123_T1-task-dynamics_step14000 52 3 5 0.8293736600317061
seed123_T1-task-dynamics_step14000 52 3 6 0.8356151700136252
seed123_T1-task-dynamics_step14000 52 3 7 0.8426470289705321
seed123_T1-task-dynamics_step14000 52 3 8 0.8255017109913751
seed123_T1-task-dynamics_step14000 52 3 9 0.8385182110359892
seed123_T1-task-dynamics_step14000 52 4 0 0.8240981769631617
seed123_T1-task-dynamics_step14000 52 4 1 0.8218914730241522
seed123_T1-task-dynamics_step14000 52 4 2 0.8286284090136178
seed123_T1-task-dynamics_step14000 52 4 3 0.8355115239974111
seed123_T1-task-dynamics_step14000 52 4 4 0.8221231919596903
seed123_T1-task-dynamics_step14000 52 4 5 0.8294895599829033
seed123_T1-task-dynamics_step14000 52 4 6 0.8205908630043268
seed123_T1-task-dynamics_step14000 52 4 7 0.8290642650099471
seed123_T1-task-dynamics_step14000 52 4 8 0.8390117329545319
seed123_T1-task-dynamics_step14000 52 4 9 0.8389331930084154
seed123_T1-task-dynamics_step14000 52 5 0 0.8250303670065477
seed123_T1-task-dynamics_step14000 52 5 1 0.8360682790516876
seed123_T1-task-dynamics_step14000 52 5 2 0.8444295169902034
seed123_T1-task-dynamics_step14000 52 5 3 0.8408317039720714
seed123_T1-task-dynamics_step14000 52 5 4 0.8268672110280022
seed123_T1-task-dynamics_step14000 52 5 5 0.8382634270237759
seed123_T1-task-dynamics_step14000 52 5 6 0.8497072120080702
seed123_T1-task-dynamics_step14000 52 5 7 0.8274691179976799
seed123_T1-task-dynamics_step14000 52 5 8 0.8240009209839627
seed123_T1-task-dynamics_step14000 52 5 9 0.8214232280151919
seed123_T1-task-dynamics_step14000 52 6 0 0.8408032919978723
seed123_T1-task-dynamics_step14000 52 6 1 0.8331595819909126
seed123_T1-task-dynamics_step14000 52 6 2 0.8281910520163365
seed123_T1-task-dynamics_step14000 52 6 3 0.8110402220045216
seed123_T1-task-dynamics_step14000 52 6 4 0.8425691800075583
seed123_T1-task-dynamics_step14000 52 6 5 0.8343081419588998
seed123_T1-task-dynamics_step14000 52 6 6 0.8359050899744034
seed123_T1-task-dynamics_step14000 52 6 7 0.8541299480129965
seed123_T1-task-dynamics_step14000 52 6 8 0.8435710500343703
seed123_T1-task-dynamics_step14000 52 6 9 0.8288245139992796
seed123_T1-task-dynamics_step14000 52 7 0 0.8204823289997876
seed123_T1-task-dynamics_step14000 52 7 1 0.8201232120045461
seed123_T1-task-dynamics_step14000 52 7 2 0.8421320370398462
seed123_T1-task-dynamics_step14000 52 7 3 0.8220443099853583
seed123_T1-task-dynamics_step14000 52 7 4 0.8418159909779206
seed123_T1-task-dynamics_step14000 52 7 5 0.8357302260119468
seed123_T1-task-dynamics_step14000 52 7 6 0.8301765180076472
seed123_T1-task-dynamics_step14000 52 7 7 0.8470458860392682
seed123_T1-task-dynamics_step14000 52 7 8 0.8237639180151746
seed123_T1-task-dynamics_step14000 52 7 9 0.8201857429812662
seed123_T1-task-dynamics_step14000 52 8 0 0.847720050951466
seed123_T1-task-dynamics_step14000 52 8 1 0.8574462060350925
seed123_T1-task-dynamics_step14000 52 8 2 0.837855258025229
seed123_T1-task-dynamics_step14000 52 8 3 0.8376665349933319
seed123_T1-task-dynamics_step14000 52 8 4 0.8400366110145114
seed123_T1-task-dynamics_step14000 52 8 5 0.8424411430023611
seed123_T1-task-dynamics_step14000 52 8 6 0.8189558269805275
seed123_T1-task-dynamics_step14000 52 8 7 0.821244276012294
seed123_T1-task-dynamics_step14000 52 8 8 0.8536200699745677
seed123_T1-task-dynamics_step14000 52 8 9 0.8350398719776422
seed123_T1-task-dynamics_step14000 52 9 0 0.8200016089831479
seed123_T1-task-dynamics_step14000 52 9 1 0.8337639640085399
seed123_T1-task-dynamics_step14000 52 9 2 0.8370049020159058
seed123_T1-task-dynamics_step14000 52 9 3 0.8384050849708728
seed123_T1-task-dynamics_step14000 52 9 4 0.8307637199759483
seed123_T1-task-dynamics_step14000 52 9 5 0.8210784010007046
seed123_T1-task-dynamics_step14000 52 9 6 0.8394429960171692
seed123_T1-task-dynamics_step14000 52 9 7 0.822567212046124
seed123_T1-task-dynamics_step14000 52 9 8 0.8440126709756441
seed123_T1-task-dynamics_step14000 52 9 9 0.8317114650271833
seed123_T1-task-dynamics_step14000 56 0 0 0.018500083009712398
seed123_T1-task-dynamics_step14000 56 0 1 0.016982375003863126
seed123_T1-task-dynamics_step14000 56 0 2 0.017217192973475903
seed123_T1-task-dynamics_step14000 56 0 3 0.017579465988092124
seed123_T1-task-dynamics_step14000 56 0 4 0.017229004995897412
seed123_T1-task-dynamics_step14000 56 0 5 0.01721940701827407
seed123_T1-task-dynamics_step14000 56 0 6 0.017236700979992747
seed123_T1-task-dynamics_step14000 56 0 7 0.017252069024834782
seed123_T1-task-dynamics_step14000 56 0 8 0.017246199015062302
seed123_T1-task-dynamics_step14000 56 0 9 0.017203818017151207
seed123_T1-task-dynamics_step14000 56 1 0 0.017225479008629918
seed123_T1-task-dynamics_step14000 56 1 1 0.017240527959074825
seed123_T1-task-dynamics_step14000 56 1 2 0.01722541800700128
seed123_T1-task-dynamics_step14000 56 1 3 0.01720236596884206
seed123_T1-task-dynamics_step14000 56 1 4 0.02001125901006162
seed123_T1-task-dynamics_step14000 56 1 5 0.01716662698891014
seed123_T1-task-dynamics_step14000 56 1 6 0.017297336016781628
seed123_T1-task-dynamics_step14000 56 1 7 0.01661999197676778
seed123_T1-task-dynamics_step14000 56 1 8 0.016532426001504064
seed123_T1-task-dynamics_step14000 56 1 9 0.01758843200514093
seed123_T1-task-dynamics_step14000 56 2 0 0.01758173998678103
seed123_T1-task-dynamics_step14000 56 2 1 0.017859420040622354
seed123_T1-task-dynamics_step14000 56 2 2 0.01733065099688247
seed123_T1-task-dynamics_step14000 56 2 3 0.01725932297995314
seed123_T1-task-dynamics_step14000 56 2 4 0.017204519012011588
seed123_T1-task-dynamics_step14000 56 2 5 0.017241380002815276
seed123_T1-task-dynamics_step14000 56 2 6 0.017235818959306926
seed123_T1-task-dynamics_step14000 56 2 7 0.017210880992934108
seed123_T1-task-dynamics_step14000 56 2 8 0.01712435600347817
seed123_T1-task-dynamics_step14000 56 2 9 0.01693549595074728
seed123_T1-task-dynamics_step14000 56 3 0 0.016973216959740967
seed123_T1-task-dynamics_step14000 56 3 1 0.01713619800284505
seed123_T1-task-dynamics_step14000 56 3 2 0.017237442021723837
seed123_T1-task-dynamics_step14000 56 3 3 0.01722021901514381
seed123_T1-task-dynamics_step14000 56 3 4 0.016705025045666844
seed123_T1-task-dynamics_step14000 56 3 5 0.016666691983118653
seed123_T1-task-dynamics_step14000 56 3 6 0.017048039997462183
seed123_T1-task-dynamics_step14000 56 3 7 0.017190462036523968
seed123_T1-task-dynamics_step14000 56 3 8 0.017090922046918422
seed123_T1-task-dynamics_step14000 56 3 9 0.017075423034839332
seed123_T1-task-dynamics_step14000 56 4 0 0.01716148597188294
seed123_T1-task-dynamics_step14000 56 4 1 0.016866753983777016
seed123_T1-task-dynamics_step14000 56 4 2 0.01710839505540207
seed123_T1-task-dynamics_step14000 56 4 3 0.017022160987835377
seed123_T1-task-dynamics_step14000 56 4 4 0.01696375000756234
seed123_T1-task-dynamics_step14000 56 4 5 0.017706927959807217
seed123_T1-task-dynamics_step14000 56 4 6 0.020720775006338954
seed123_T1-task-dynamics_step14000 56 4 7 0.018155755999032408
seed123_T1-task-dynamics_step14000 56 4 8 0.01701838301960379
seed123_T1-task-dynamics_step14000 56 4 9 0.017027621041052043
seed123_T1-task-dynamics_step14000 56 5 0 0.01720180397387594
seed123_T1-task-dynamics_step14000 56 5 1 0.016979918989818543
seed123_T1-task-dynamics_step14000 56 5 2 0.016972164972685277
seed123_T1-task-dynamics_step14000 56 5 3 0.01697019097628072
seed123_T1-task-dynamics_step14000 56 5 4 0.01700734195765108
seed123_T1-task-dynamics_step14000 56 5 5 0.01696025300770998
seed123_T1-task-dynamics_step14000 56 5 6 0.017120528034865856
seed123_T1-task-dynamics_step14000 56 5 7 0.016980060026980937
seed123_T1-task-dynamics_step14000 56 5 8 0.01695799798471853
seed123_T1-task-dynamics_step14000 56 5 9 0.017154934990685433
seed123_T1-task-dynamics_step14000 56 6 0 0.01720656402176246
seed123_T1-task-dynamics_step14000 56 6 1 0.017152158950921148
seed123_T1-task-dynamics_step14000 56 6 2 0.01772916200570762
seed123_T1-task-dynamics_step14000 56 6 3 0.017503659997601062
seed123_T1-task-dynamics_step14000 56 6 4 0.01760513399494812
seed123_T1-task-dynamics_step14000 56 6 5 0.017263220972381532
seed123_T1-task-dynamics_step14000 56 6 6 0.01721213397104293
seed123_T1-task-dynamics_step14000 56 6 7 0.01752783596748486
seed123_T1-task-dynamics_step14000 56 6 8 0.017567923991009593
seed123_T1-task-dynamics_step14000 56 6 9 0.01722334499936551
seed123_T1-task-dynamics_step14000 56 7 0 0.01755814498756081
seed123_T1-task-dynamics_step14000 56 7 1 0.019170413026586175
seed123_T1-task-dynamics_step14000 56 7 2 0.017778926994651556
seed123_T1-task-dynamics_step14000 56 7 3 0.017073339025955647
seed123_T1-task-dynamics_step14000 56 7 4 0.01732888602418825
seed123_T1-task-dynamics_step14000 56 7 5 0.017025918001309037
seed123_T1-task-dynamics_step14000 56 7 6 0.017202615039423108
seed123_T1-task-dynamics_step14000 56 7 7 0.017294922028668225
seed123_T1-task-dynamics_step14000 56 7 8 0.017224797047674656
seed123_T1-task-dynamics_step14000 56 7 9 0.017209197976626456
seed123_T1-task-dynamics_step14000 56 8 0 0.017211110971402377
seed123_T1-task-dynamics_step14000 56 8 1 0.01694925199262798
seed123_T1-task-dynamics_step14000 56 8 2 0.016939793014898896
seed123_T1-task-dynamics_step14000 56 8 3 0.016956606006715447
seed123_T1-task-dynamics_step14000 56 8 4 0.016955523984506726
seed123_T1-task-dynamics_step14000 56 8 5 0.017194340005517006
seed123_T1-task-dynamics_step14000 56 8 6 0.01735146000282839
seed123_T1-task-dynamics_step14000 56 8 7 0.017040656006429344
seed123_T1-task-dynamics_step14000 56 8 8 0.017067577980924398
seed123_T1-task-dynamics_step14000 56 8 9 0.017244795977603644
seed123_T1-task-dynamics_step14000 56 9 0 0.017251027980819345
seed123_T1-task-dynamics_step14000 56 9 1 0.017218575987499207
seed123_T1-task-dynamics_step14000 56 9 2 0.017168389982543886
seed123_T1-task-dynamics_step14000 56 9 3 0.017249205033294857
seed123_T1-task-dynamics_step14000 56 9 4 0.01723708101781085
seed123_T1-task-dynamics_step14000 56 9 5 0.016979280044324696
seed123_T1-task-dynamics_step14000 56 9 6 0.017100209021009505
seed123_T1-task-dynamics_step14000 56 9 7 0.018311233026906848
seed123_T1-task-dynamics_step14000 56 9 8 0.02129743597470224
seed123_T1-task-dynamics_step14000 56 9 9 0.017328245972748846
seed123_T1-task-dynamics_step14000 62 0 0 0.28211627702694386
seed123_T1-task-dynamics_step14000 62 0 1 0.28425738599617034
seed123_T1-task-dynamics_step14000 62 0 2 0.27339094097260386
seed123_T1-task-dynamics_step14000 62 0 3 0.27530622901394963
seed123_T1-task-dynamics_step14000 62 0 4 0.2821178390295245
seed123_T1-task-dynamics_step14000 62 0 5 0.27934738696785644
seed123_T1-task-dynamics_step14000 62 0 6 0.27944312000181526
seed123_T1-task-dynamics_step14000 62 0 7 0.27676236897241324
seed123_T1-task-dynamics_step14000 62 0 8 0.28415236400905997
seed123_T1-task-dynamics_step14000 62 0 9 0.27549719298258424
seed123_T1-task-dynamics_step14000 62 1 0 0.27583701303228736
seed123_T1-task-dynamics_step14000 62 1 1 0.27857101400149986
seed123_T1-task-dynamics_step14000 62 1 2 0.28307048697024584
seed123_T1-task-dynamics_step14000 62 1 3 0.2812121280003339
seed123_T1-task-dynamics_step14000 62 1 4 0.2809145590290427
seed123_T1-task-dynamics_step14000 62 1 5 0.27903024997795
seed123_T1-task-dynamics_step14000 62 1 6 0.28451677900739014
seed123_T1-task-dynamics_step14000 62 1 7 0.2960955639719032
seed123_T1-task-dynamics_step14000 62 1 8 0.28117509599542245
seed123_T1-task-dynamics_step14000 62 1 9 0.2779497860465199
seed123_T1-task-dynamics_step14000 62 2 0 0.2868675280478783
seed123_T1-task-dynamics_step14000 62 2 1 0.28095568798016757
seed123_T1-task-dynamics_step14000 62 2 2 0.2806699720094912
seed123_T1-task-dynamics_step14000 62 2 3 0.2796175009571016
seed123_T1-task-dynamics_step14000 62 2 4 0.28193608904257417
seed123_T1-task-dynamics_step14000 62 2 5 0.2911439649760723
seed123_T1-task-dynamics_step14000 62 2 6 0.27503876603441313
seed123_T1-task-dynamics_step14000 62 2 7 0.2842655680142343
seed123_T1-task-dynamics_step14000 62 2 8 0.28061358304694295
seed123_T1-task-dynamics_step14000 62 2 9 0.2761839730083011
seed123_T1-task-dynamics_step14000 62 3 0 0.2800177240278572
seed123_T1-task-dynamics_step14000 62 3 1 0.28809736599214375
seed123_T1-task-dynamics_step14000 62 3 2 0.2750075649819337
seed123_T1-task-dynamics_step14000 62 3 3 0.2803501089802012
seed123_T1-task-dynamics_step14000 62 3 4 0.2753040509996936
seed123_T1-task-dynamics_step14000 62 3 5 0.27930727700004354
seed123_T1-task-dynamics_step14000 62 3 6 0.2753033399931155
seed123_T1-task-dynamics_step14000 62 3 7 0.29148938303114846
seed123_T1-task-dynamics_step14000 62 3 8 0.2769316090270877
seed123_T1-task-dynamics_step14000 62 3 9 0.2754596989834681
seed123_T1-task-dynamics_step14000 62 4 0 0.2822117729810998
seed123_T1-task-dynamics_step14000 62 4 1 0.2806639170157723
seed123_T1-task-dynamics_step14000 62 4 2 0.27819003199692816
seed123_T1-task-dynamics_step14000 62 4 3 0.27466637297766283
seed123_T1-task-dynamics_step14000 62 4 4 0.27942343801259995
seed123_T1-task-dynamics_step14000 62 4 5 0.28131830698112026
seed123_T1-task-dynamics_step14000 62 4 6 0.27819530200213194
seed123_T1-task-dynamics_step14000 62 4 7 0.27946533798240125
seed123_T1-task-dynamics_step14000 62 4 8 0.28138456301530823
seed123_T1-task-dynamics_step14000 62 4 9 0.2842198680154979
seed123_T1-task-dynamics_step14000 62 5 0 0.27832121297251433
seed123_T1-task-dynamics_step14000 62 5 1 0.2770845399936661
seed123_T1-task-dynamics_step14000 62 5 2 0.2897131689824164
seed123_T1-task-dynamics_step14000 62 5 3 0.2815194909926504
seed123_T1-task-dynamics_step14000 62 5 4 0.2779352339566685
seed123_T1-task-dynamics_step14000 62 5 5 0.282548024028074
seed123_T1-task-dynamics_step14000 62 5 6 0.27671975299017504
seed123_T1-task-dynamics_step14000 62 5 7 0.28158707899274305
seed123_T1-task-dynamics_step14000 62 5 8 0.2839129199855961
seed123_T1-task-dynamics_step14000 62 5 9 0.2801200759713538
seed123_T1-task-dynamics_step14000 62 6 0 0.2879153550020419
seed123_T1-task-dynamics_step14000 62 6 1 0.2789894369780086
seed123_T1-task-dynamics_step14000 62 6 2 0.2756848650169559
seed123_T1-task-dynamics_step14000 62 6 3 0.2818964690086432
seed123_T1-task-dynamics_step14000 62 6 4 0.27903096604859456
seed123_T1-task-dynamics_step14000 62 6 5 0.2764755050302483
seed123_T1-task-dynamics_step14000 62 6 6 0.2907687029801309
seed123_T1-task-dynamics_step14000 62 6 7 0.2742865040199831
seed123_T1-task-dynamics_step14000 62 6 8 0.2809280990040861
seed123_T1-task-dynamics_step14000 62 6 9 0.2812088850187138
seed123_T1-task-dynamics_step14000 62 7 0 0.2789042930235155
seed123_T1-task-dynamics_step14000 62 7 1 0.2827022969722748
seed123_T1-task-dynamics_step14000 62 7 2 0.2856925380183384
seed123_T1-task-dynamics_step14000 62 7 3 0.2839671829715371
seed123_T1-task-dynamics_step14000 62 7 4 0.2902175599592738
seed123_T1-task-dynamics_step14000 62 7 5 0.2878726610215381
seed123_T1-task-dynamics_step14000 62 7 6 0.2774684409960173
seed123_T1-task-dynamics_step14000 62 7 7 0.28374701098073274
seed123_T1-task-dynamics_step14000 62 7 8 0.27722141897538677
seed123_T1-task-dynamics_step14000 62 7 9 0.2859644760028459
seed123_T1-task-dynamics_step14000 62 8 0 0.28319270303472877
seed123_T1-task-dynamics_step14000 62 8 1 0.28804606199264526
seed123_T1-task-dynamics_step14000 62 8 2 0.2841686759493314
seed123_T1-task-dynamics_step14000 62 8 3 0.2766812770278193
seed123_T1-task-dynamics_step14000 62 8 4 0.2788399189594202
seed123_T1-task-dynamics_step14000 62 8 5 0.2723396640503779
seed123_T1-task-dynamics_step14000 62 8 6 0.2844431810081005
seed123_T1-task-dynamics_step14000 62 8 7 0.28419808199396357
seed123_T1-task-dynamics_step14000 62 8 8 0.28488766896771267
seed123_T1-task-dynamics_step14000 62 8 9 0.28225827700225636
seed123_T1-task-dynamics_step14000 62 9 0 0.2804601829848252
seed123_T1-task-dynamics_step14000 62 9 1 0.28358375799143687
seed123_T1-task-dynamics_step14000 62 9 2 0.28178267797920853
seed123_T1-task-dynamics_step14000 62 9 3 0.2682522170362063
seed123_T1-task-dynamics_step14000 62 9 4 0.2766125039779581
seed123_T1-task-dynamics_step14000 62 9 5 0.2777261699666269
seed123_T1-task-dynamics_step14000 62 9 6 0.28238293499452993
seed123_T1-task-dynamics_step14000 62 9 7 0.2803803189890459
seed123_T1-task-dynamics_step14000 62 9 8 0.28931278904201463
seed123_T1-task-dynamics_step14000 62 9 9 0.2793225790373981
seed123_T1-task-dynamics_step14000 64 0 0 0.1714481840026565
seed123_T1-task-dynamics_step14000 64 0 1 0.17060032399604097
seed123_T1-task-dynamics_step14000 64 0 2 0.16752063302556053
seed123_T1-task-dynamics_step14000 64 0 3 0.16825131699442863
seed123_T1-task-dynamics_step14000 64 0 4 0.16099016997031868
seed123_T1-task-dynamics_step14000 64 0 5 0.16748711798572913
seed123_T1-task-dynamics_step14000 64 0 6 0.1654983189655468
seed123_T1-task-dynamics_step14000 64 0 7 0.16597613302292302
seed123_T1-task-dynamics_step14000 64 0 8 0.16491837101057172
seed123_T1-task-dynamics_step14000 64 0 9 0.16503576596733183
seed123_T1-task-dynamics_step14000 64 1 0 0.1663149389787577
seed123_T1-task-dynamics_step14000 64 1 1 0.1765642139944248
seed123_T1-task-dynamics_step14000 64 1 2 0.16893147601513192
seed123_T1-task-dynamics_step14000 64 1 3 0.16786902694730088
seed123_T1-task-dynamics_step14000 64 1 4 0.1737306010327302
seed123_T1-task-dynamics_step14000 64 1 5 0.17955402401275933
seed123_T1-task-dynamics_step14000 64 1 6 0.17512644798262045
seed123_T1-task-dynamics_step14000 64 1 7 0.1685464300098829
seed123_T1-task-dynamics_step14000 64 1 8 0.1703577100415714
seed123_T1-task-dynamics_step14000 64 1 9 0.17112634802469984
seed123_T1-task-dynamics_step14000 64 2 0 0.17036073602503166
seed123_T1-task-dynamics_step14000 64 2 1 0.17206234496552497
seed123_T1-task-dynamics_step14000 64 2 2 0.16750468098325655
seed123_T1-task-dynamics_step14000 64 2 3 0.16449523298069835
seed123_T1-task-dynamics_step14000 64 2 4 0.17140450899023563
seed123_T1-task-dynamics_step14000 64 2 5 0.16703174804570153
seed123_T1-task-dynamics_step14000 64 2 6 0.16816678503528237
seed123_T1-task-dynamics_step14000 64 2 7 0.16830953699536622
seed123_T1-task-dynamics_step14000 64 2 8 0.17361258500022814
seed123_T1-task-dynamics_step14000 64 2 9 0.16911389300366864
seed123_T1-task-dynamics_step14000 64 3 0 0.17400951398303732
seed123_T1-task-dynamics_step14000 64 3 1 0.16330934700090438
seed123_T1-task-dynamics_step14000 64 3 2 0.1650680170278065
seed123_T1-task-dynamics_step14000 64 3 3 0.17085576098179445
seed123_T1-task-dynamics_step14000 64 3 4 0.16480245004640892
seed123_T1-task-dynamics_step14000 64 3 5 0.16978013596963137
seed123_T1-task-dynamics_step14000 64 3 6 0.17053325398592278
seed123_T1-task-dynamics_step14000 64 3 7 0.1705055619822815
seed123_T1-task-dynamics_step14000 64 3 8 0.1754823979572393
seed123_T1-task-dynamics_step14000 64 3 9 0.16805198602378368
seed123_T1-task-dynamics_step14000 64 4 0 0.17185851495014504
seed123_T1-task-dynamics_step14000 64 4 1 0.17522919201292098
seed123_T1-task-dynamics_step14000 64 4 2 0.17359832802321762
seed123_T1-task-dynamics_step14000 64 4 3 0.17604616296011955
seed123_T1-task-dynamics_step14000 64 4 4 0.1664157019695267
seed123_T1-task-dynamics_step14000 64 4 5 0.16796724300365895
seed123_T1-task-dynamics_step14000 64 4 6 0.16702325094956905
seed123_T1-task-dynamics_step14000 64 4 7 0.16579146904405206
seed123_T1-task-dynamics_step14000 64 4 8 0.1637042600195855
seed123_T1-task-dynamics_step14000 64 4 9 0.16761044098529965
seed123_T1-task-dynamics_step14000 64 5 0 0.1667709390167147
seed123_T1-task-dynamics_step14000 64 5 1 0.16463935701176524
seed123_T1-task-dynamics_step14000 64 5 2 0.16725394100649282
seed123_T1-task-dynamics_step14000 64 5 3 0.17290501302341
seed123_T1-task-dynamics_step14000 64 5 4 0.16762797499541193
seed123_T1-task-dynamics_step14000 64 5 5 0.16562983900075778
seed123_T1-task-dynamics_step14000 64 5 6 0.17147577396826819
seed123_T1-task-dynamics_step14000 64 5 7 0.16865013795904815
seed123_T1-task-dynamics_step14000 64 5 8 0.17483915702905506
seed123_T1-task-dynamics_step14000 64 5 9 0.1808005220373161
seed123_T1-task-dynamics_step14000 64 6 0 0.17063621996203437
seed123_T1-task-dynamics_step14000 64 6 1 0.1780380270211026
seed123_T1-task-dynamics_step14000 64 6 2 0.1692064690287225
seed123_T1-task-dynamics_step14000 64 6 3 0.17282620299374685
seed123_T1-task-dynamics_step14000 64 6 4 0.17474486597348005
seed123_T1-task-dynamics_step14000 64 6 5 0.17034280998632312
seed123_T1-task-dynamics_step14000 64 6 6 0.16742644901387393
seed123_T1-task-dynamics_step14000 64 6 7 0.16771962901111692
seed123_T1-task-dynamics_step14000 64 6 8 0.17510840098839253
seed123_T1-task-dynamics_step14000 64 6 9 0.1700467740301974
seed123_T1-task-dynamics_step14000 64 7 0 0.17332735902164131
seed123_T1-task-dynamics_step14000 64 7 1 0.16756716795498505
seed123_T1-task-dynamics_step14000 64 7 2 0.1638768399716355
seed123_T1-task-dynamics_step14000 64 7 3 0.16994684300152585
seed123_T1-task-dynamics_step14000 64 7 4 0.16767031495692208
seed123_T1-task-dynamics_step14000 64 7 5 0.16822501504793763
seed123_T1-task-dynamics_step14000 64 7 6 0.16637756599811837
seed123_T1-task-dynamics_step14000 64 7 7 0.17612706596264616
seed123_T1-task-dynamics_step14000 64 7 8 0.17168141598813236
seed123_T1-task-dynamics_step14000 64 7 9 0.16943813097896054
seed123_T1-task-dynamics_step14000 64 8 0 0.1709680330241099
seed123_T1-task-dynamics_step14000 64 8 1 0.16322251997189596
seed123_T1-task-dynamics_step14000 64 8 2 0.1696545950253494
seed123_T1-task-dynamics_step14000 64 8 3 0.1673345030285418
seed123_T1-task-dynamics_step14000 64 8 4 0.16337020095670596
seed123_T1-task-dynamics_step14000 64 8 5 0.17304889700608328
seed123_T1-task-dynamics_step14000 64 8 6 0.16676996502792463
seed123_T1-task-dynamics_step14000 64 8 7 0.16470419004326686
seed123_T1-task-dynamics_step14000 64 8 8 0.16807549900840968
seed123_T1-task-dynamics_step14000 64 8 9 0.16603057301836088
seed123_T1-task-dynamics_step14000 64 9 0 0.16203945002052933
seed123_T1-task-dynamics_step14000 64 9 1 0.16827370697865263
seed123_T1-task-dynamics_step14000 64 9 2 0.16935695597203448
seed123_T1-task-dynamics_step14000 64 9 3 0.16715584200574085
seed123_T1-task-dynamics_step14000 64 9 4 0.17757620400516316
seed123_T1-task-dynamics_step14000 64 9 5 0.1697678500204347
seed123_T1-task-dynamics_step14000 64 9 6 0.1861559390090406
seed123_T1-task-dynamics_step14000 64 9 7 0.16955877101281658
seed123_T1-task-dynamics_step14000 64 9 8 0.16794605099130422
seed123_T1-task-dynamics_step14000 64 9 9 0.1763784260256216
seed123_T1-task-dynamics_step14000 69 0 0 0.5038023029919714
seed123_T1-task-dynamics_step14000 69 0 1 0.5095892660319805
seed123_T1-task-dynamics_step14000 69 0 2 0.5125203430070542
seed123_T1-task-dynamics_step14000 69 0 3 0.5205812169588171
seed123_T1-task-dynamics_step14000 69 0 4 0.5013981509837322
seed123_T1-task-dynamics_step14000 69 0 5 0.508693843963556
seed123_T1-task-dynamics_step14000 69 0 6 0.5204463179688901
seed123_T1-task-dynamics_step14000 69 0 7 0.5129590390133671
seed123_T1-task-dynamics_step14000 69 0 8 0.5111107089906
seed123_T1-task-dynamics_step14000 69 0 9 0.5157234880025499
seed123_T1-task-dynamics_step14000 69 1 0 0.5236257599899545
seed123_T1-task-dynamics_step14000 69 1 1 0.5188425939995795
seed123_T1-task-dynamics_step14000 69 1 2 0.5094318100018427
seed123_T1-task-dynamics_step14000 69 1 3 0.5046369540505111
seed123_T1-task-dynamics_step14000 69 1 4 0.5195017720106989
seed123_T1-task-dynamics_step14000 69 1 5 0.504461245960556
seed123_T1-task-dynamics_step14000 69 1 6 0.5040250130114146
seed123_T1-task-dynamics_step14000 69 1 7 0.5164432700257748
seed123_T1-task-dynamics_step14000 69 1 8 0.5166157680214383
seed123_T1-task-dynamics_step14000 69 1 9 0.5215599009534344
seed123_T1-task-dynamics_step14000 69 2 0 0.5168215909507126
seed123_T1-task-dynamics_step14000 69 2 1 0.5191218639956787
seed123_T1-task-dynamics_step14000 69 2 2 0.5224762790021487
seed123_T1-task-dynamics_step14000 69 2 3 0.5207670159870759
seed123_T1-task-dynamics_step14000 69 2 4 0.5219383020303212
seed123_T1-task-dynamics_step14000 69 2 5 0.5290764039964415
seed123_T1-task-dynamics_step14000 69 2 6 0.51464984100312
seed123_T1-task-dynamics_step14000 69 2 7 0.508303229988087
seed123_T1-task-dynamics_step14000 69 2 8 0.5049702640390024
seed123_T1-task-dynamics_step14000 69 2 9 0.5076364660053514
seed123_T1-task-dynamics_step14000 69 3 0 0.5071494359872304
seed123_T1-task-dynamics_step14000 69 3 1 0.5262800509808585
seed123_T1-task-dynamics_step14000 69 3 2 0.5222101180115715
seed123_T1-task-dynamics_step14000 69 3 3 0.5132636020425707
seed123_T1-task-dynamics_step14000 69 3 4 0.5169807900092565
seed123_T1-task-dynamics_step14000 69 3 5 0.5121489620069042
seed123_T1-task-dynamics_step14000 69 3 6 0.5130443819798529
seed123_T1-task-dynamics_step14000 69 3 7 0.5260103640030138
seed123_T1-task-dynamics_step14000 69 3 8 0.5204449550365098
seed123_T1-task-dynamics_step14000 69 3 9 0.5139123589615338
seed123_T1-task-dynamics_step14000 69 4 0 0.5133906720438972
seed123_T1-task-dynamics_step14000 69 4 1 0.5076964459731244
seed123_T1-task-dynamics_step14000 69 4 2 0.5216648029745556
seed123_T1-task-dynamics_step14000 69 4 3 0.5121599400299601
seed123_T1-task-dynamics_step14000 69 4 4 0.5119847749592736
seed123_T1-task-dynamics_step14000 69 4 5 0.5169217629591003
seed123_T1-task-dynamics_step14000 69 4 6 0.5188902629888617
seed123_T1-task-dynamics_step14000 69 4 7 0.5111538670025766
seed123_T1-task-dynamics_step14000 69 4 8 0.5133957679499872
seed123_T1-task-dynamics_step14000 69 4 9 0.5128805940039456
seed123_T1-task-dynamics_step14000 69 5 0 0.526579134981148
seed123_T1-task-dynamics_step14000 69 5 1 0.526581518992316
seed123_T1-task-dynamics_step14000 69 5 2 0.5378846559906378
seed123_T1-task-dynamics_step14000 69 5 3 0.525530811981298
seed123_T1-task-dynamics_step14000 69 5 4 0.513666914019268
seed123_T1-task-dynamics_step14000 69 5 5 0.5100696940207854
seed123_T1-task-dynamics_step14000 69 5 6 0.4990247000241652
seed123_T1-task-dynamics_step14000 69 5 7 0.5161670479574241
seed123_T1-task-dynamics_step14000 69 5 8 0.5138358059921302
seed123_T1-task-dynamics_step14000 69 5 9 0.5105669020558707
seed123_T1-task-dynamics_step14000 69 6 0 0.49696604697965086
seed123_T1-task-dynamics_step14000 69 6 1 0.527095569006633
seed123_T1-task-dynamics_step14000 69 6 2 0.5121413479791954
seed123_T1-task-dynamics_step14000 69 6 3 0.5042520510032773
seed123_T1-task-dynamics_step14000 69 6 4 0.5048430790193379
seed123_T1-task-dynamics_step14000 69 6 5 0.5142010899726301
seed123_T1-task-dynamics_step14000 69 6 6 0.518946523021441
seed123_T1-task-dynamics_step14000 69 6 7 0.507963918033056
seed123_T1-task-dynamics_step14000 69 6 8 0.5090934949694201
seed123_T1-task-dynamics_step14000 69 6 9 0.5236150370328687
seed123_T1-task-dynamics_step14000 69 7 0 0.5144810739438981
seed123_T1-task-dynamics_step14000 69 7 1 0.5174817949882708
seed123_T1-task-dynamics_step14000 69 7 2 0.5091422559926286
seed123_T1-task-dynamics_step14000 69 7 3 0.5131883940193802
seed123_T1-task-dynamics_step14000 69 7 4 0.5102515239850618
seed123_T1-task-dynamics_step14000 69 7 5 0.5195375990006141
seed123_T1-task-dynamics_step14000 69 7 6 0.5242285070125945
seed123_T1-task-dynamics_step14000 69 7 7 0.5035785099607892
seed123_T1-task-dynamics_step14000 69 7 8 0.5092884839978069
seed123_T1-task-dynamics_step14000 69 7 9 0.5059589759912342
seed123_T1-task-dynamics_step14000 69 8 0 0.5170510380412452
seed123_T1-task-dynamics_step14000 69 8 1 0.5079926089965738
seed123_T1-task-dynamics_step14000 69 8 2 0.5023983640130609
seed123_T1-task-dynamics_step14000 69 8 3 0.5140760650392622
seed123_T1-task-dynamics_step14000 69 8 4 0.5111976789776236
seed123_T1-task-dynamics_step14000 69 8 5 0.5136978639638983
seed123_T1-task-dynamics_step14000 69 8 6 0.5084731639944948
seed123_T1-task-dynamics_step14000 69 8 7 0.509576381999068
seed123_T1-task-dynamics_step14000 69 8 8 0.5021403899881989
seed123_T1-task-dynamics_step14000 69 8 9 0.5096433089929633
seed123_T1-task-dynamics_step14000 69 9 0 0.5135075889993459
seed123_T1-task-dynamics_step14000 69 9 1 0.5187641369993798
seed123_T1-task-dynamics_step14000 69 9 2 0.5204870660090819
seed123_T1-task-dynamics_step14000 69 9 3 0.5102005120133981
seed123_T1-task-dynamics_step14000 69 9 4 0.5059288730262779
seed123_T1-task-dynamics_step14000 69 9 5 0.5035209149937145
seed123_T1-task-dynamics_step14000 69 9 6 0.5267940399935469
seed123_T1-task-dynamics_step14000 69 9 7 0.5162390120094642
seed123_T1-task-dynamics_step14000 69 9 8 0.5227701750118285
seed123_T1-task-dynamics_step14000 69 9 9 0.513724529009778
seed123_T1-task-dynamics_step14000 74 0 0 0.7218231100123376
seed123_T1-task-dynamics_step14000 74 0 1 0.7194226349820383
seed123_T1-task-dynamics_step14000 74 0 2 0.7105873210239224
seed123_T1-task-dynamics_step14000 74 0 3 0.7263737299945205
seed123_T1-task-dynamics_step14000 74 0 4 0.696475600998383
seed123_T1-task-dynamics_step14000 74 0 5 0.7292073699645698
seed123_T1-task-dynamics_step14000 74 0 6 0.7185719279805198
seed123_T1-task-dynamics_step14000 74 0 7 0.7445848059724085
seed123_T1-task-dynamics_step14000 74 0 8 0.7148840640438721
seed123_T1-task-dynamics_step14000 74 0 9 0.7083893900271505
seed123_T1-task-dynamics_step14000 74 1 0 0.7099346489994787
seed123_T1-task-dynamics_step14000 74 1 1 0.7195136930095032
seed123_T1-task-dynamics_step14000 74 1 2 0.7232493869960308
seed123_T1-task-dynamics_step14000 74 1 3 0.709587746008765
seed123_T1-task-dynamics_step14000 74 1 4 0.7197457550209947
seed123_T1-task-dynamics_step14000 74 1 5 0.7088787300162949
seed123_T1-task-dynamics_step14000 74 1 6 0.7108174129971303
seed123_T1-task-dynamics_step14000 74 1 7 0.7269813200109638
seed123_T1-task-dynamics_step14000 74 1 8 0.7056033239932731
seed123_T1-task-dynamics_step14000 74 1 9 0.7143637030385435
seed123_T1-task-dynamics_step14000 74 2 0 0.7229118070099503
seed123_T1-task-dynamics_step14000 74 2 1 0.7227316429489292
seed123_T1-task-dynamics_step14000 74 2 2 0.7081886589876376
seed123_T1-task-dynamics_step14000 74 2 3 0.7113640119787306
seed123_T1-task-dynamics_step14000 74 2 4 0.71773498802213
seed123_T1-task-dynamics_step14000 74 2 5 0.7017438880284317
seed123_T1-task-dynamics_step14000 74 2 6 0.7073848909931257
seed123_T1-task-dynamics_step14000 74 2 7 0.7127912850119174
seed123_T1-task-dynamics_step14000 74 2 8 0.7104457460227422
seed123_T1-task-dynamics_step14000 74 2 9 0.7294560690061189
seed123_T1-task-dynamics_step14000 74 3 0 0.7067236559814773
seed123_T1-task-dynamics_step14000 74 3 1 0.7085104180150665
seed123_T1-task-dynamics_step14000 74 3 2 0.7081376850255765
seed123_T1-task-dynamics_step14000 74 3 3 0.7222369610099122
seed123_T1-task-dynamics_step14000 74 3 4 0.7119243749766611
seed123_T1-task-dynamics_step14000 74 3 5 0.7176450000260957
seed123_T1-task-dynamics_step14000 74 3 6 0.7064140110160224
seed123_T1-task-dynamics_step14000 74 3 7 0.7072828600066714
seed123_T1-task-dynamics_step14000 74 3 8 0.718462149030529
seed123_T1-task-dynamics_step14000 74 3 9 0.7150302029913291
seed123_T1-task-dynamics_step14000 74 4 0 0.7059157770127058
seed123_T1-task-dynamics_step14000 74 4 1 0.7203194840112701
seed123_T1-task-dynamics_step14000 74 4 2 0.7199524919851683
seed123_T1-task-dynamics_step14000 74 4 3 0.7178245980176143
seed123_T1-task-dynamics_step14000 74 4 4 0.7100176989915781
seed123_T1-task-dynamics_step14000 74 4 5 0.7299058089847676
seed123_T1-task-dynamics_step14000 74 4 6 0.7434455150505528
seed123_T1-task-dynamics_step14000 74 4 7 0.7144427670282312
seed123_T1-task-dynamics_step14000 74 4 8 0.7215752379852347
seed123_T1-task-dynamics_step14000 74 4 9 0.7144794259802438
seed123_T1-task-dynamics_step14000 74 5 0 0.704805561050307
seed123_T1-task-dynamics_step14000 74 5 1 0.7306398670189083
seed123_T1-task-dynamics_step14000 74 5 2 0.7179018299793825
seed123_T1-task-dynamics_step14000 74 5 3 0.7049254779703915
seed123_T1-task-dynamics_step14000 74 5 4 0.726646900002379
seed123_T1-task-dynamics_step14000 74 5 5 0.7014313740073703
seed123_T1-task-dynamics_step14000 74 5 6 0.7153546430054121
seed123_T1-task-dynamics_step14000 74 5 7 0.7242246820242144
seed123_T1-task-dynamics_step14000 74 5 8 0.7112269389908761
seed123_T1-task-dynamics_step14000 74 5 9 0.7143213480012491
seed123_T1-task-dynamics_step14000 74 6 0 0.7039938649977557
seed123_T1-task-dynamics_step14000 74 6 1 0.7061372970347293
seed123_T1-task-dynamics_step14000 74 6 2 0.715695801016409
seed123_T1-task-dynamics_step14000 74 6 3 0.7088271640241146
seed123_T1-task-dynamics_step14000 74 6 4 0.7157190750003792
seed123_T1-task-dynamics_step14000 74 6 5 0.7068444149917923
seed123_T1-task-dynamics_step14000 74 6 6 0.7243671790347435
seed123_T1-task-dynamics_step14000 74 6 7 0.7229605320026167
seed123_T1-task-dynamics_step14000 74 6 8 0.7227437979890965
seed123_T1-task-dynamics_step14000 74 6 9 0.7330272750114091
seed123_T1-task-dynamics_step14000 74 7 0 0.7257136469706893
seed123_T1-task-dynamics_step14000 74 7 1 0.7018047079909593
seed123_T1-task-dynamics_step14000 74 7 2 0.7252010669908486
seed123_T1-task-dynamics_step14000 74 7 3 0.7084363020258024
seed123_T1-task-dynamics_step14000 74 7 4 0.7081471679848619
seed123_T1-task-dynamics_step14000 74 7 5 0.7175806719460525
seed123_T1-task-dynamics_step14000 74 7 6 0.7422346150269732
seed123_T1-task-dynamics_step14000 74 7 7 0.7374798819655553
seed123_T1-task-dynamics_step14000 74 7 8 0.712359580968041
seed123_T1-task-dynamics_step14000 74 7 9 0.720869972021319
seed123_T1-task-dynamics_step14000 74 8 0 0.7072124779806472
seed123_T1-task-dynamics_step14000 74 8 1 0.7189203879679553
seed123_T1-task-dynamics_step14000 74 8 2 0.7218528980156407
seed123_T1-task-dynamics_step14000 74 8 3 0.7221487729693763
seed123_T1-task-dynamics_step14000 74 8 4 0.7040377450175583
seed123_T1-task-dynamics_step14000 74 8 5 0.7154809779603966
seed123_T1-task-dynamics_step14000 74 8 6 0.7307421910227276
seed123_T1-task-dynamics_step14000 74 8 7 0.7163534800056368
seed123_T1-task-dynamics_step14000 74 8 8 0.7074112339760177
seed123_T1-task-dynamics_step14000 74 8 9 0.7277599920053035
seed123_T1-task-dynamics_step14000 74 9 0 0.7249708470189944
seed123_T1-task-dynamics_step14000 74 9 1 0.7181288219871931
seed123_T1-task-dynamics_step14000 74 9 2 0.7171901660040021
seed123_T1-task-dynamics_step14000 74 9 3 0.7160152040305547
seed123_T1-task-dynamics_step14000 74 9 4 0.7148419179720804
seed123_T1-task-dynamics_step14000 74 9 5 0.7235874509788118
seed123_T1-task-dynamics_step14000 74 9 6 0.7227630720008165
seed123_T1-task-dynamics_step14000 74 9 7 0.7028154089930467
seed123_T1-task-dynamics_step14000 74 9 8 0.7189549269969575
seed123_T1-task-dynamics_step14000 74 9 9 0.7030630630324595
seed123_T1-task-dynamics_step14000 78 0 0 1.1984332230058499
seed123_T1-task-dynamics_step14000 78 0 1 1.1985458909766749
seed123_T1-task-dynamics_step14000 78 0 2 1.1869967800448649
seed123_T1-task-dynamics_step14000 78 0 3 1.1896915980032645
seed123_T1-task-dynamics_step14000 78 0 4 1.176953399030026
seed123_T1-task-dynamics_step14000 78 0 5 1.2158338790177368
seed123_T1-task-dynamics_step14000 78 0 6 1.1936330280150287
seed123_T1-task-dynamics_step14000 78 0 7 1.1592864510021172
seed123_T1-task-dynamics_step14000 78 0 8 1.1805209129815921
seed123_T1-task-dynamics_step14000 78 0 9 1.1958507849485613
seed123_T1-task-dynamics_step14000 78 1 0 1.1939668250270188
seed123_T1-task-dynamics_step14000 78 1 1 1.178918886987958
seed123_T1-task-dynamics_step14000 78 1 2 1.1697214979794808
seed123_T1-task-dynamics_step14000 78 1 3 1.1929101530113257
seed123_T1-task-dynamics_step14000 78 1 4 1.1730780570069328
seed123_T1-task-dynamics_step14000 78 1 5 1.1980721129802987
seed123_T1-task-dynamics_step14000 78 1 6 1.2008616410312243
seed123_T1-task-dynamics_step14000 78 1 7 1.183818691992201
seed123_T1-task-dynamics_step14000 78 1 8 1.1938317280146293
seed123_T1-task-dynamics_step14000 78 1 9 1.1823518549790606
seed123_T1-task-dynamics_step14000 78 2 0 1.1789312910404988
seed123_T1-task-dynamics_step14000 78 2 1 1.1636914970004
seed123_T1-task-dynamics_step14000 78 2 2 1.1615211009630002
seed123_T1-task-dynamics_step14000 78 2 3 1.1636562059866264
seed123_T1-task-dynamics_step14000 78 2 4 1.2005537680233829
seed123_T1-task-dynamics_step14000 78 2 5 1.2010019989684224
seed123_T1-task-dynamics_step14000 78 2 6 1.2067725220113061
seed123_T1-task-dynamics_step14000 78 2 7 1.2038465340156108
seed123_T1-task-dynamics_step14000 78 2 8 1.2144297219929285
seed123_T1-task-dynamics_step14000 78 2 9 1.1750645589781925
seed123_T1-task-dynamics_step14000 78 3 0 1.2022813399671577
seed123_T1-task-dynamics_step14000 78 3 1 1.1979382990393788
seed123_T1-task-dynamics_step14000 78 3 2 1.1799477960448712
seed123_T1-task-dynamics_step14000 78 3 3 1.1621497849700972
seed123_T1-task-dynamics_step14000 78 3 4 1.1901406899560243
seed123_T1-task-dynamics_step14000 78 3 5 1.1766908729914576
seed123_T1-task-dynamics_step14000 78 3 6 1.1685140740009956
seed123_T1-task-dynamics_step14000 78 3 7 1.2121930860448629
seed123_T1-task-dynamics_step14000 78 3 8 1.1878048829967156
seed123_T1-task-dynamics_step14000 78 3 9 1.2085376440081745
seed123_T1-task-dynamics_step14000 78 4 0 1.1904389689443633
seed123_T1-task-dynamics_step14000 78 4 1 1.2102029410307296
seed123_T1-task-dynamics_step14000 78 4 2 1.2178449980565347
seed123_T1-task-dynamics_step14000 78 4 3 1.184854362043552
seed123_T1-task-dynamics_step14000 78 4 4 1.2287697729771025
seed123_T1-task-dynamics_step14000 78 4 5 1.1672262019710615
seed123_T1-task-dynamics_step14000 78 4 6 1.1676931810216047
seed123_T1-task-dynamics_step14000 78 4 7 1.1893867619801313
seed123_T1-task-dynamics_step14000 78 4 8 1.198039006034378
seed123_T1-task-dynamics_step14000 78 4 9 1.1729638520046137
seed123_T1-task-dynamics_step14000 78 5 0 1.1761051759822294
seed123_T1-task-dynamics_step14000 78 5 1 1.1806272160029039
seed123_T1-task-dynamics_step14000 78 5 2 1.2215142700006254
seed123_T1-task-dynamics_step14000 78 5 3 1.2138969429652207
seed123_T1-task-dynamics_step14000 78 5 4 1.2078243670403026
seed123_T1-task-dynamics_step14000 78 5 5 1.2031810219632462
seed123_T1-task-dynamics_step14000 78 5 6 1.1788885809946805
seed123_T1-task-dynamics_step14000 78 5 7 1.1981410610023886
seed123_T1-task-dynamics_step14000 78 5 8 1.1844524489715695
seed123_T1-task-dynamics_step14000 78 5 9 1.1650610319920816
seed123_T1-task-dynamics_step14000 78 6 0 1.1702043740078807
seed123_T1-task-dynamics_step14000 78 6 1 1.1628743610344827
seed123_T1-task-dynamics_step14000 78 6 2 1.1730518600088544
seed123_T1-task-dynamics_step14000 78 6 3 1.1911994899855927
seed123_T1-task-dynamics_step14000 78 6 4 1.1874971879879013
seed123_T1-task-dynamics_step14000 78 6 5 1.1904095130157657
seed123_T1-task-dynamics_step14000 78 6 6 1.1866024019545875
seed123_T1-task-dynamics_step14000 78 6 7 1.1677048630081117
seed123_T1-task-dynamics_step14000 78 6 8 1.1692299320129678
seed123_T1-task-dynamics_step14000 78 6 9 1.1639152889838442
seed123_T1-task-dynamics_step14000 78 7 0 1.1909971999702975
seed123_T1-task-dynamics_step14000 78 7 1 1.1842292250366881
seed123_T1-task-dynamics_step14000 78 7 2 1.1954564029583707
seed123_T1-task-dynamics_step14000 78 7 3 1.173347201955039
seed123_T1-task-dynamics_step14000 78 7 4 1.1618782989680767
seed123_T1-task-dynamics_step14000 78 7 5 1.1813589319936
seed123_T1-task-dynamics_step14000 78 7 6 1.176071805995889
seed123_T1-task-dynamics_step14000 78 7 7 1.177559420990292
seed123_T1-task-dynamics_step14000 78 7 8 1.1912193390307948
seed123_T1-task-dynamics_step14000 78 7 9 1.191582200000994
seed123_T1-task-dynamics_step14000 78 8 0 1.1810333489556797
seed123_T1-task-dynamics_step14000 78 8 1 1.1789576780283824
seed123_T1-task-dynamics_step14000 78 8 2 1.1847960890154354
seed123_T1-task-dynamics_step14000 78 8 3 1.185397888009902
seed123_T1-task-dynamics_step14000 78 8 4 1.1924658950301819
seed123_T1-task-dynamics_step14000 78 8 5 1.1721500630374067
seed123_T1-task-dynamics_step14000 78 8 6 1.1721057330141775
seed123_T1-task-dynamics_step14000 78 8 7 1.1754196970141493
seed123_T1-task-dynamics_step14000 78 8 8 1.1814076249720529
seed123_T1-task-dynamics_step14000 78 8 9 1.1829639929928817
seed123_T1-task-dynamics_step14000 78 9 0 1.1960659809992649
seed123_T1-task-dynamics_step14000 78 9 1 1.1727562239975668
seed123_T1-task-dynamics_step14000 78 9 2 1.1783839709823951
seed123_T1-task-dynamics_step14000 78 9 3 1.1771989170229062
seed123_T1-task-dynamics_step14000 78 9 4 1.1785832539899275
seed123_T1-task-dynamics_step14000 78 9 5 1.217781390005257
seed123_T1-task-dynamics_step14000 78 9 6 1.1833281049621291
seed123_T1-task-dynamics_step14000 78 9 7 1.14726396498736
seed123_T1-task-dynamics_step14000 78 9 8 1.164274860988371
seed123_T1-task-dynamics_step14000 78 9 9 1.1599326379946433
{'model': 'seed123_T1-task-dynamics_step14000', 'completed_pairs': 2000, 'requested_pairs': 2000, 'completed': True, 'complete_source_count': 20, 'FRD': 133.43335750461262, 'new_pairs': 2000, 'wall_seconds': 470.78519522899296}
