model,source,population,group,total,DC,slow,fast,identity_error,speed,acceleration
MAM_archive_offline,0,prediction,AU,0.18564055228645054,0.07549836309115518,0.0840431930028412,0.026098996192454132,2.7755575615628914e-17,0.02156190476190476,0.04312543312543313
MAM_archive_offline,0,prediction,VA,0.11325445905145012,0.10299576808152464,0.009673526747819664,0.0005851642221058621,4.163336342344337e-17,0.026215748295109333,0.03721596255182891
MAM_archive_offline,0,prediction,expression,0.11346752221567763,0.08372300121264427,0.027510137172141413,0.002234383830891946,0.0,0.014479136771563088,0.021420060801315286
MAM_archive_offline,0,processed_targets,AU,0.2468928118149302,0.11216488278687899,0.12021416032684741,0.014513768701203801,0.0,0.008509090909090909,0.017027027027027027
MAM_archive_offline,0,processed_targets,VA,0.24093695226099449,0.19306009776514166,0.04615039377131954,0.001726460724533247,2.7755575615628914e-17,0.010503816214378004,0.013521472877569172
MAM_archive_offline,0,processed_targets,expression,0.12673749381976335,0.07379555681778921,0.04845504342045324,0.004486893581520914,0.0,0.007967644879511416,0.011051477896737456
MAM_archive_offline,1,prediction,AU,0.2104541559554413,0.11147023430391605,0.07568470555453709,0.023299216096988165,0.0,0.020005717552887364,0.0399656652360515
MAM_archive_offline,1,prediction,VA,0.11979856678643605,0.11376946063872058,0.005321911237178356,0.0007071949105371107,0.0,0.029965304137006585,0.04531355010582656
MAM_archive_offline,1,prediction,expression,0.11784857432321563,0.1011842800843561,0.014428313696392529,0.0022359805424670203,1.3877787807814457e-17,0.016566201174075913,0.02535334094052223
MAM_archive_offline,1,processed_targets,AU,0.1892513250182488,0.061132759419154276,0.11344620441430828,0.014672361184786206,2.7755575615628914e-17,0.008370497427101201,0.016738197424892704
MAM_archive_offline,1,processed_targets,VA,0.1742168718498816,0.1128612728727193,0.058791764879625424,0.002563834097536901,2.7755575615628914e-17,0.013501502275323147,0.017943337417723283
MAM_archive_offline,1,processed_targets,expression,0.12161621630020142,0.05632616224579112,0.059613184865121,0.005676869189289337,4.163336342344337e-17,0.01016422428356031,0.014294150524274782
MAM_archive_offline,2,prediction,AU,0.14396775006298818,0.04429353475832259,0.07306369208303125,0.026610523221634336,0.0,0.025749943272067165,0.051503178928247045
MAM_archive_offline,2,prediction,VA,0.15145193959243794,0.14422783442256704,0.006681986712797374,0.0005421184570734935,2.7755575615628914e-17,0.0335252265082318,0.049041884260602873
MAM_archive_offline,2,prediction,expression,0.10282426080733774,0.06994672220835094,0.029372698170371282,0.0035048404286155306,0.0,0.017085491126557766,0.02572038970196007
MAM_archive_offline,2,processed_targets,AU,0.2306112370874276,0.10246090740655042,0.11291538385069323,0.015234945830183925,0.0,0.008472884048105287,0.016948228882833788
MAM_archive_offline,2,processed_targets,VA,0.23548525048901126,0.1716122905951991,0.06151040496512763,0.0023625549286846216,1.1102230246251565e-16,0.012909512551358113,0.016411045528516903
MAM_archive_offline,2,processed_targets,expression,0.13513254062236035,0.07374689975273949,0.05646602408697882,0.004919616782642029,2.7755575615628914e-17,0.008316712579856517,0.011016752222447633
MAM_archive_offline,3,prediction,AU,0.17348105330764294,0.08292688684206943,0.06861079245572546,0.021943374009847996,5.551115123125783e-17,0.01801254220935842,0.03596135265700483
MAM_archive_offline,3,prediction,VA,0.10340568429212721,0.0970584395894069,0.0058474932490494595,0.0004997514536708997,4.163336342344337e-17,0.03160651721776373,0.046193376963484044
MAM_archive_offline,3,prediction,expression,0.11118073471389606,0.08804340025928682,0.020620263024084397,0.0025170714305248515,1.3877787807814457e-17,0.017099505378715928,0.025758351895714605
MAM_archive_offline,3,processed_targets,AU,0.23458146007278963,0.0916686002551718,0.12402771744981642,0.018885142367801328,8.326672684688674e-17,0.009541726965750121,0.019091787439613525
MAM_archive_offline,3,processed_targets,VA,0.15235186465804765,0.08861879240567594,0.06033813613623262,0.0033949361161391043,2.7755575615628914e-17,0.015990349836917068,0.02085294084083559
MAM_archive_offline,3,processed_targets,expression,0.1429055755640201,0.06225126594452559,0.07131833616086242,0.009335973458632121,5.551115123125783e-17,0.014654444761840978,0.021052512017408764
MAM_archive_offline,4,prediction,AU,0.21503007280785058,0.10036808864285914,0.09380735365603995,0.020854630508951498,2.7755575615628914e-17,0.016685678073510773,0.03335870599429115
MAM_archive_offline,4,prediction,VA,0.11677251805106093,0.1089611287023478,0.00725928384154444,0.0005521055071687415,4.163336342344337e-17,0.027348002389348584,0.040965387732524144
MAM_archive_offline,4,prediction,expression,0.13224880266621994,0.1044456137599185,0.025480412993719885,0.0023227759125815793,2.7755575615628914e-17,0.014121256425466444,0.021754911369474935
MAM_archive_offline,4,processed_targets,AU,0.24640146319158668,0.08100207085727586,0.14125979119470963,0.024139601139601136,2.7755575615628914e-17,0.013814955640050697,0.02765620044402157
MAM_archive_offline,4,processed_targets,VA,0.19360236403213812,0.11352219916722893,0.07556269530760895,0.004517469557300228,0.0,0.01824695266156454,0.023214877656280823
MAM_archive_offline,4,processed_targets,expression,0.1340029523029475,0.04865275594603006,0.07573195662972171,0.009618239727195775,2.7755575615628914e-17,0.015648573750317654,0.021850090957627855
MAM_archive_offline,5,prediction,AU,0.1091136556403732,0.03317364065160668,0.05903214815246456,0.01690786683630195,1.3877787807814457e-17,0.015504616364215218,0.031032504780114722
MAM_archive_offline,5,prediction,VA,0.11334281532241136,0.10337359322075931,0.009273534780719857,0.0006956873209322188,2.7755575615628914e-17,0.03495882575276698,0.05102617508052545
MAM_archive_offline,5,prediction,expression,0.08276181779789793,0.048847369585444486,0.0307044773813832,0.003209970831070236,1.3877787807814457e-17,0.016157247492799936,0.024417129960819697
MAM_archive_offline,5,processed_targets,AU,0.24642917726887192,0.08574723964976573,0.1383572274127166,0.022324710206389597,0.0,0.01165870741801974,0.023333333333333334
MAM_archive_offline,5,processed_targets,VA,0.27885674537935495,0.18665255156134472,0.0883257386925624,0.003878455125447759,5.551115123125783e-17,0.01702047859735737,0.021201129468695668
MAM_archive_offline,5,processed_targets,expression,0.14896403016229195,0.06554516501261955,0.07563481530672346,0.007784049842948906,2.7755575615628914e-17,0.011935396538145057,0.016182702470542307
MAM_archive_offline,6,prediction,AU,0.22270081669831568,0.10667491659573083,0.09000425528144021,0.02602164482114461,2.7755575615628914e-17,0.020047261606894635,0.040091781393408424
MAM_archive_offline,6,prediction,VA,0.13279403202121348,0.12547059400677946,0.0068484201113151195,0.00047501790311886853,2.7755575615628914e-17,0.027742335713488688,0.03982647592056856
MAM_archive_offline,6,prediction,expression,0.1345072905499239,0.107818525942079,0.024180761540189652,0.002508003067655234,5.551115123125783e-17,0.012997946691874929,0.01915208986038381
MAM_archive_offline,6,processed_targets,AU,0.211271363067945,0.07511827044532157,0.11822504279586576,0.017928049826757622,2.7755575615628914e-17,0.00994161801501251,0.019883187317480185
MAM_archive_offline,6,processed_targets,VA,0.19797022731445676,0.1261020674111879,0.06873852449493535,0.003129635408333557,2.7755575615628914e-17,0.014497756608858941,0.018309952037600885
MAM_archive_offline,6,processed_targets,expression,0.12810459137191682,0.06431396240582568,0.05734538059975054,0.00644524836634058,2.7755575615628914e-17,0.009554063603718133,0.012692947767766787
MAM_archive_offline,7,prediction,AU,0.22091031718503104,0.12270872181735067,0.07487356129823114,0.023328034069449263,2.7755575615628914e-17,0.01860489328474753,0.03715625
MAM_archive_offline,7,prediction,VA,0.11578744319881956,0.10883588364021239,0.00649528012222643,0.00045627943638077697,4.163336342344337e-17,0.02436797500063555,0.035295998032634085
MAM_archive_offline,7,prediction,expression,0.13501428110073516,0.11601596972866798,0.017507579236170003,0.00149073213589718,0.0,0.012063393573754357,0.01829153802452494
MAM_archive_offline,7,processed_targets,AU,0.22865996068909702,0.07449965945549694,0.13199955047243306,0.022160750761166994,2.7755575615628914e-17,0.01213256984209613,0.024277777777777777
MAM_archive_offline,7,processed_targets,VA,0.20827651888695525,0.144447520005743,0.060203520467568675,0.0036254784136435215,5.551115123125783e-17,0.016398092031959816,0.020888497143168934
MAM_archive_offline,7,processed_targets,expression,0.1331097834915702,0.0670354419371489,0.05842728969667339,0.0076470518577479215,0.0,0.012370187643003586,0.017268933034539174
MAM_archive_offline,8,prediction,AU,0.1838433985242496,0.08913062231295492,0.07526170521767048,0.019451070993624187,2.7755575615628914e-17,0.015568456700532172,0.031145530816392385
MAM_archive_offline,8,prediction,VA,0.11384572386967994,0.1061389472349665,0.007395953970842221,0.00031082266387123846,2.7755575615628914e-17,0.020582745206444257,0.029380049126536082
MAM_archive_offline,8,prediction,expression,0.1265295745872109,0.09660326634792926,0.028722698040435733,0.0012036101988459119,0.0,0.009276192885048657,0.01389865712009278
MAM_archive_offline,8,processed_targets,AU,0.19462998782147722,0.07523334016461307,0.09719591694549512,0.02220073071136901,0.0,0.011623931623931624,0.02325588899645047
MAM_archive_offline,8,processed_targets,VA,0.0866439712668548,0.04635103831804331,0.03588662759543508,0.004406305353376384,2.7755575615628914e-17,0.016768143016143905,0.02130357314474585
MAM_archive_offline,8,processed_targets,expression,0.10273221712874835,0.03135929658215694,0.06002398288115241,0.011348937665438997,0.0,0.014715688248037371,0.020458669785061254
MAM_archive_offline,9,prediction,AU,0.16704025334619857,0.05561713529072875,0.08976152326094249,0.02166159479452732,2.7755575615628914e-17,0.017263814616755795,0.034501672240802674
MAM_archive_offline,9,prediction,VA,0.12364803070868853,0.11559642933468649,0.007580207373383342,0.00047139400061875974,5.551115123125783e-17,0.021723740670458354,0.030849550230024433
MAM_archive_offline,9,prediction,expression,0.12349529974809989,0.08870395231316901,0.0333131867338092,0.001478160701121683,0.0,0.010910425188160329,0.016242599918625932
MAM_archive_offline,9,processed_targets,AU,0.18973947895791585,0.041753920270338536,0.11608892591586101,0.031896632771716275,2.7755575615628914e-17,0.016466131907308376,0.0329453734671126
MAM_archive_offline,9,processed_targets,VA,0.10398238615038771,0.0386382146817229,0.05807959558062121,0.007264575888043598,1.3877787807814457e-17,0.02368607656497329,0.02857894695286069
MAM_archive_offline,9,processed_targets,expression,0.13135951953441005,0.036043414789008264,0.07869322155612088,0.016622883189280884,2.7755575615628914e-17,0.01934760192329512,0.026141115362619337
MAM_archive_offline,10,prediction,AU,0.2131754861408263,0.11116714140814361,0.075195201893652,0.026813142839030732,8.326672684688674e-17,0.020496681652751016,0.040955441302485004
MAM_archive_offline,10,prediction,VA,0.061017362724636946,0.05687424826196705,0.003779101568828919,0.00036401289384099323,1.3877787807814457e-17,0.02647165792299261,0.03781074608033756
MAM_archive_offline,10,prediction,expression,0.12329876127930291,0.10919185049786627,0.01200325176408354,0.0021036590173530503,4.163336342344337e-17,0.01415136669152128,0.02111357577046881
MAM_archive_offline,10,processed_targets,AU,0.2128940236770789,0.07846517853508153,0.10386473160612517,0.0305641135358722,0.0,0.01567972596874331,0.03136675235646958
MAM_archive_offline,10,processed_targets,VA,0.10743585254263222,0.06896160660755282,0.032181979315562,0.00629226661951734,5.551115123125783e-17,0.02310721785214107,0.028406574374129447
MAM_archive_offline,10,processed_targets,expression,0.12562751566636932,0.048591395365540455,0.05978073989298181,0.017255380407847073,2.7755575615628914e-17,0.020274011886057302,0.027391085545344702
MAM_archive_offline,11,prediction,AU,0.1662591687041565,0.06392500650011465,0.08287643634452298,0.01945772585951885,0.0,0.01648178357803154,0.03293605442176871
MAM_archive_offline,11,prediction,VA,0.1117073508494332,0.10416758695236059,0.007048994817162987,0.0004907690799096198,0.0,0.021598245485900697,0.032388069792694596
MAM_archive_offline,11,prediction,expression,0.10843397666628342,0.07959940117752329,0.027175357109477223,0.001659218379282903,1.3877787807814457e-17,0.011648704845814964,0.018274951828656235
MAM_archive_offline,11,processed_targets,AU,0.18602191433487275,0.05739826899283807,0.1001674589192631,0.02845618642277159,0.0,0.014926590538336053,0.029866666666666666
MAM_archive_offline,11,processed_targets,VA,0.10403742337182316,0.06448061317298308,0.03472752373196857,0.004829286466871485,2.7755575615628914e-17,0.019446966066564545,0.024512111911436124
MAM_archive_offline,11,processed_targets,expression,0.1302785125211364,0.0625520511452211,0.05420368866978931,0.013522772706126006,0.0,0.016855866612727956,0.02309943875832414
MAM_archive_offline,12,prediction,AU,0.1871300091989747,0.08194855622942399,0.08321104151638066,0.02197041145317007,0.0,0.0170767004341534,0.034156815440289506
MAM_archive_offline,12,prediction,VA,0.1288341019782102,0.12294513925505414,0.005472078498681088,0.00041688422447492743,8.326672684688674e-17,0.02167853747010129,0.02997601141900302
MAM_archive_offline,12,prediction,expression,0.14685632333736504,0.1241561372105483,0.021418888211058206,0.0012812979157585276,0.0,0.008431827872689826,0.01235757325674406
MAM_archive_offline,12,processed_targets,AU,0.17318329180398148,0.05472832406635822,0.09340276578886958,0.025052201948753672,0.0,0.013164495899662326,0.026328910333735425
MAM_archive_offline,12,processed_targets,VA,0.12925485887184238,0.07584398966705361,0.047789019643310386,0.00562184956147837,0.0,0.018295545120814747,0.02225579636919664
MAM_archive_offline,12,processed_targets,expression,0.11557418350758443,0.04808185135437923,0.05580476775163072,0.011687564401574485,0.0,0.013454392281544948,0.018241651579625102
MAM_archive_offline,13,prediction,AU,0.18832030522985296,0.09691350380279917,0.06887582090717041,0.022530980519883365,0.0,0.017422687609075043,0.03483591677140064
MAM_archive_offline,13,prediction,VA,0.08561169386740862,0.08042505752643947,0.004741671009509384,0.0004449653314597496,1.3877787807814457e-17,0.02305073355160183,0.03234620312654432
MAM_archive_offline,13,prediction,expression,0.13470597143940755,0.11637595102683175,0.016846077681017438,0.0014839427315583758,2.7755575615628914e-17,0.0110436111308701,0.016279536241709275
MAM_archive_offline,13,processed_targets,AU,0.20945716235498482,0.0697869770767937,0.10824291001297616,0.031427275265214966,0.0,0.016664572425828972,0.03332914397430527
MAM_archive_offline,13,processed_targets,VA,0.1593148881603869,0.10749029842258206,0.04620577341039,0.00561881632741478,5.551115123125783e-17,0.019371481681564405,0.023205508916296618
MAM_archive_offline,13,processed_targets,expression,0.1311833076118733,0.06605780927022732,0.053911604445000386,0.011213893896645618,2.7755575615628914e-17,0.013136940449993958,0.01749871796942544
MAM_archive_offline,14,prediction,AU,0.21940673553371967,0.1116748814651417,0.08235329523763818,0.025378558830939788,0.0,0.020592726997807516,0.041167574107683
MAM_archive_offline,14,prediction,VA,0.10657640105850917,0.09712238241642825,0.008994877316964852,0.0004591413251160411,2.7755575615628914e-17,0.02572905273768589,0.037500267227914844
MAM_archive_offline,14,prediction,expression,0.13451128408993338,0.1114660198789894,0.02146283665139327,0.0015824275595507332,2.7755575615628914e-17,0.012312450211878065,0.018714855537435515
MAM_archive_offline,14,processed_targets,AU,0.2072061812379273,0.06748104148800976,0.1074540387169117,0.032271101033005796,5.551115123125783e-17,0.01765026083012021,0.035300967937084086
MAM_archive_offline,14,processed_targets,VA,0.1360702987851601,0.09206057312897606,0.03889015961235525,0.005119566043828773,2.7755575615628914e-17,0.018688124917020033,0.02248358901044161
MAM_archive_offline,14,processed_targets,expression,0.12756763751507277,0.06664152136264107,0.04987674273777285,0.01104937341465888,2.7755575615628914e-17,0.013123661503389237,0.017441978016523318
MAM_archive_offline,15,prediction,AU,0.15415787504676398,0.04746640970120208,0.08244511293254278,0.024246352413019083,2.7755575615628914e-17,0.01911066195048004,0.03820020222446916
MAM_archive_offline,15,prediction,VA,0.14365238968976357,0.13666011952203586,0.006489141983452526,0.0005031281842752125,2.7755575615628914e-17,0.025526819498183903,0.03622222100130868
MAM_archive_offline,15,prediction,expression,0.12378364612294514,0.08433802139277546,0.03731627963852717,0.0021293450916424744,2.7755575615628914e-17,0.012519251203629901,0.018771980314392367
MAM_archive_offline,15,processed_targets,AU,0.1945005611672279,0.04312515654109369,0.11812203762276714,0.033253367003367,5.551115123125783e-17,0.016937847397675593,0.03387596899224806
MAM_archive_offline,15,processed_targets,VA,0.1316328889881215,0.07155865080863952,0.05352212251404739,0.006552115665434527,5.551115123125783e-17,0.023029101721776774,0.028492663029479608
MAM_archive_offline,15,processed_targets,expression,0.12687575715812907,0.04183202126579757,0.06928748202068417,0.01575625387164736,2.7755575615628914e-17,0.019624858219690552,0.027130126851084728
MAM_archive_offline,16,prediction,AU,0.17073630312339988,0.0596467430075279,0.08496568232102647,0.026123877794845537,2.7755575615628914e-17,0.02071340713407134,0.04142813173284087
MAM_archive_offline,16,prediction,VA,0.12788055718492217,0.12252928100252511,0.004794704055624305,0.0005565721267727602,0.0,0.02319804551906536,0.03217173613240955
MAM_archive_offline,16,prediction,expression,0.12696984290529031,0.0943448701449767,0.030872866188260826,0.0017521065720528233,2.7755575615628914e-17,0.010662119156515803,0.0161800644765132
MAM_archive_offline,16,processed_targets,AU,0.2012671104284008,0.0541602509983066,0.1190202576209117,0.028086601809182453,2.7755575615628914e-17,0.0138929889298893,0.02778085564789166
MAM_archive_offline,16,processed_targets,VA,0.17404548732732894,0.11847357060056365,0.04961477388318572,0.005957142843579593,2.7755575615628914e-17,0.019805289239612344,0.023070388689245047
MAM_archive_offline,16,processed_targets,expression,0.13573881164485535,0.0526468020952153,0.06957443381604136,0.013517575733598687,0.0,0.016149557639473528,0.021436163318733818
MAM_archive_offline,17,prediction,AU,0.19658712274416906,0.08632323720174787,0.08730069787911218,0.022963187663309,0.0,0.01834763762462072,0.03668921262573708
MAM_archive_offline,17,prediction,VA,0.09017039992311136,0.08452211100075481,0.00518828720360494,0.00046000171875160796,1.3877787807814457e-17,0.02405022415954463,0.03482393686482452
MAM_archive_offline,17,prediction,expression,0.12824959399855654,0.1095761460945684,0.017087678522601207,0.00158576938138694,0.0,0.011680934057047107,0.01763695911500118
MAM_archive_offline,17,processed_targets,AU,0.20866970975135304,0.07764507276810785,0.11011773033660895,0.020906906646636237,0.0,0.011224967490247074,0.02245057232049948
MAM_archive_offline,17,processed_targets,VA,0.09929126538310552,0.0590086892351138,0.03596976331683595,0.004312812831155814,4.163336342344337e-17,0.015847896866897613,0.019791105651450765
MAM_archive_offline,17,processed_targets,expression,0.10677838721111407,0.05227582085383457,0.04506870645124438,0.009433859906035116,1.3877787807814457e-17,0.012249337402954134,0.017038076027889325
MAM_archive_offline,18,prediction,AU,0.17205152979066024,0.08184570381952817,0.07113088710311749,0.019074938868014552,2.7755575615628914e-17,0.014622200741098759,0.029252095422308187
MAM_archive_offline,18,prediction,VA,0.13843820338514598,0.1310387750409941,0.00685136530289661,0.000548063041255279,2.7755575615628914e-17,0.02568979534954403,0.03637035300315145
MAM_archive_offline,18,prediction,expression,0.13819696652239571,0.11129463775023175,0.025294263555209206,0.001608065216954759,0.0,0.009585961589065016,0.014104534948447335
MAM_archive_offline,18,processed_targets,AU,0.23011415280014316,0.07705231238379737,0.12481370419638992,0.028248136219955863,2.7755575615628914e-17,0.014641533752215241,0.02928755641521599
MAM_archive_offline,18,processed_targets,VA,0.19054302888597324,0.13543351519137517,0.04900408820589061,0.006105425488707479,2.7755575615628914e-17,0.02030211714942165,0.02490340477617627
MAM_archive_offline,18,processed_targets,expression,0.1359043907256277,0.06151683351960703,0.06133057804826053,0.013056979157760135,0.0,0.015509365787393047,0.021541623762903098
MAM_archive_offline,19,prediction,AU,0.20569307637401854,0.11631510519915161,0.06937094671388101,0.020007024460985918,0.0,0.0155955441302485,0.03117302471781683
MAM_archive_offline,19,prediction,VA,0.09727777779322178,0.09205237273588181,0.0048235100483311295,0.00040189500900886,2.7755575615628914e-17,0.02332251889339191,0.03358147694076385
MAM_archive_offline,19,prediction,expression,0.14181993054620726,0.1259493783930278,0.014663564436569276,0.0012069877166101723,0.0,0.01008938480974257,0.015194243410775308
MAM_archive_offline,19,processed_targets,AU,0.2346438258386867,0.07892658433874176,0.1285918435415705,0.027125397958374403,2.7755575615628914e-17,0.01479005998286204,0.02958708386912416
MAM_archive_offline,19,processed_targets,VA,0.19257229116277552,0.14098080824914105,0.04641370312185704,0.005177779791777421,0.0,0.018985714478739046,0.023283440873994497
MAM_archive_offline,19,processed_targets,expression,0.1333918669786181,0.06278124990261445,0.05891295662290627,0.011697660453097366,0.0,0.014929781710754458,0.02072338354077576
MAM_archive_offline,20,prediction,AU,0.2207995190862639,0.1300810114510627,0.06324454043084626,0.02747396720435494,0.0,0.023056558363417568,0.04604637157482686
MAM_archive_offline,20,prediction,VA,0.10196243000377186,0.09622273052823378,0.005052075393324482,0.0006876240822135996,0.0,0.03326584173979289,0.049760866339849844
MAM_archive_offline,20,prediction,expression,0.11652954533588714,0.09921281354150088,0.013606538597947542,0.0037101931964387104,0.0,0.02102477353034794,0.032346642938175026
MAM_archive_offline,20,processed_targets,AU,0.21235547540326624,0.08139439446520376,0.11957100646322694,0.011390074474835522,2.7755575615628914e-17,0.006606498194945848,0.0132128876844324
MAM_archive_offline,20,processed_targets,VA,0.21174766731006267,0.1417544823428278,0.06754584040234508,0.002447344564889897,1.3877787807814457e-16,0.011527246631856752,0.015091350102879599
MAM_archive_offline,20,processed_targets,expression,0.12077157030332707,0.05873854572751243,0.05650383528843367,0.005529189287380982,1.3877787807814457e-17,0.009006341831006385,0.01254458764032251
MAM_archive_offline,21,prediction,AU,0.18891212781408862,0.08154262605550572,0.07619284961624447,0.031176652142338415,2.7755575615628914e-17,0.02576382073928688,0.051525867714472824
MAM_archive_offline,21,prediction,VA,0.13670094690373583,0.13260622888842907,0.0035315466539759853,0.0005631713613307738,0.0,0.036349788920820664,0.05383875967773427
MAM_archive_offline,21,prediction,expression,0.11408122390314633,0.0876553804521733,0.023086885698483016,0.0033389577524899866,1.3877787807814457e-17,0.017652650372894735,0.027015549769397715
MAM_archive_offline,21,processed_targets,AU,0.23856354393609297,0.07009898044911501,0.15587051846156036,0.012594045025417572,2.7755575615628914e-17,0.007491004252535165,0.014990176817288802
MAM_archive_offline,21,processed_targets,VA,0.22514086568780659,0.1189727430593367,0.10343673318613276,0.002731389442337112,0.0,0.01183893456707788,0.015675690301926348
MAM_archive_offline,21,processed_targets,expression,0.11365595646202407,0.040198206348910054,0.06738759364600679,0.0060701564671072185,1.3877787807814457e-17,0.010348436666961955,0.014831078346856718
MAM_archive_offline,22,prediction,AU,0.209435531788473,0.11386997202813498,0.06998346429588959,0.025582095464448406,2.7755575615628914e-17,0.02204853675945753,0.04405859235441229
MAM_archive_offline,22,prediction,VA,0.10247105318989085,0.09821433950297406,0.0036005754613433285,0.0006561382255735304,8.326672684688674e-17,0.03171032631346431,0.04748375439328066
MAM_archive_offline,22,prediction,expression,0.1276213031759033,0.11106726615785295,0.013863052505518772,0.002690984512531608,0.0,0.01756992151342889,0.027042652983462347
MAM_archive_offline,22,processed_targets,AU,0.26949336502277677,0.09353136524095947,0.16097348720506946,0.01498851257674787,5.551115123125783e-17,0.008137044967880086,0.016291532690246517
MAM_archive_offline,22,processed_targets,VA,0.24341571424646732,0.15757480594656645,0.08321938076697824,0.002621527532922651,2.7755575615628914e-17,0.012729187003223173,0.01671782831750243
MAM_archive_offline,22,processed_targets,expression,0.13092043086411825,0.05947829241592443,0.06460202181871876,0.0068401166294751,2.7755575615628914e-17,0.010747152036277753,0.015078347196420145
MAM_archive_offline,23,prediction,AU,0.17991471966733624,0.08288170285184593,0.0690400412836629,0.027992975531827415,0.0,0.023796825396825396,0.04757546870034954
MAM_archive_offline,23,prediction,VA,0.12887734005632312,0.12301246473723979,0.005330400907559499,0.0005344744115238075,2.7755575615628914e-17,0.03496932123218929,0.052481553774014415
MAM_archive_offline,23,prediction,expression,0.10708565275949548,0.08687010520427489,0.017439917663632867,0.002775629891587731,1.3877787807814457e-17,0.0176798094930227,0.02717576427939793
MAM_archive_offline,23,processed_targets,AU,0.2507932480530007,0.07423397763167508,0.1626439516772723,0.013915318744053282,0.0,0.008438095238095238,0.016873212583412775
MAM_archive_offline,23,processed_targets,VA,0.2530284007974883,0.14777730366305078,0.10204679938595135,0.0032042977484861928,5.551115123125783e-17,0.013168824201183659,0.01757549013644173
MAM_archive_offline,23,processed_targets,expression,0.12323646016257107,0.055365924907043944,0.062048553743917344,0.005821981511609765,1.3877787807814457e-17,0.009463605825791293,0.013434945874140252
MAM_archive_offline,24,prediction,AU,0.20878862701084927,0.11163694861068599,0.07021028919951479,0.026941389200648463,2.7755575615628914e-17,0.02239298955173576,0.044743589743589746
MAM_archive_offline,24,prediction,VA,0.10466964218393839,0.09545838935672721,0.008618063339394954,0.0005931894878162494,2.7755575615628914e-17,0.03295806527617248,0.04960400486157993
MAM_archive_offline,24,prediction,expression,0.10672658450906711,0.07807646095199337,0.025548787348051178,0.0031013362090225646,0.0,0.01788814237925643,0.02738337675152339
MAM_archive_offline,24,processed_targets,AU,0.27179498690609805,0.09261086888337168,0.16044356433772822,0.018740553684998128,5.551115123125783e-17,0.010711156049882035,0.021437246963562754
MAM_archive_offline,24,processed_targets,VA,0.2494452398422124,0.14968728568123862,0.09685606032335602,0.002901893837617689,5.551115123125783e-17,0.013355852982935216,0.016860789498917547
MAM_archive_offline,24,processed_targets,expression,0.13096644303967833,0.05678711353868336,0.06820164021559728,0.0059776892853976756,0.0,0.009206745087098013,0.012693690286955566
MAM_archive_offline,25,prediction,AU,0.19151610960554052,0.09623761423364006,0.06930683773865742,0.025971657633243002,2.7755575615628914e-17,0.0213157002373686,0.042640868974881195
MAM_archive_offline,25,prediction,VA,0.11142571229289719,0.10191285804989997,0.008834465497922864,0.0006783887450743301,2.7755575615628914e-17,0.03005661669730006,0.04403751623668779
MAM_archive_offline,25,prediction,expression,0.11348291749087441,0.08710885561057669,0.023072260681958567,0.003301801198339168,1.3877787807814457e-17,0.017902191711748432,0.026970265418668343
MAM_archive_offline,25,processed_targets,AU,0.27182174043962665,0.10778624202231181,0.1438284824582663,0.02020701595904848,5.551115123125783e-17,0.010512037978975925,0.021038696537678207
MAM_archive_offline,25,processed_targets,VA,0.2828012951311254,0.19283071416845246,0.0868596977535209,0.003110883209152082,5.551115123125783e-17,0.013629683231440348,0.017387510668069064
MAM_archive_offline,25,processed_targets,expression,0.1252543943817122,0.05879747955019442,0.06042470186524856,0.00603221296626927,2.7755575615628914e-17,0.009468579711873178,0.013321893085708239
MAM_archive_offline,26,prediction,AU,0.20972032187884987,0.10175939342460509,0.08190648689307989,0.02605444156116484,2.7755575615628914e-17,0.02117091595845137,0.04231986770611859
MAM_archive_offline,26,prediction,VA,0.11267321291547906,0.10749862071388303,0.0045374643920849745,0.0006371278095110957,4.163336342344337e-17,0.029675004023524076,0.04325902440839643
MAM_archive_offline,26,prediction,expression,0.12322975518413166,0.10527436213147737,0.015320585526873464,0.0026348075257808393,0.0,0.016551863368083633,0.024998374577948148
MAM_archive_offline,26,processed_targets,AU,0.24096458808419177,0.08890580086434575,0.13589383741512268,0.016164949804723334,2.7755575615628914e-17,0.008748819641170916,0.017495865816206
MAM_archive_offline,26,processed_targets,VA,0.20947185340724098,0.11433469182313374,0.09221941365950481,0.0029177479246024554,2.7755575615628914e-17,0.013024868430812492,0.01673385966753998
MAM_archive_offline,26,processed_targets,expression,0.11726088065006636,0.04617722302031709,0.06555778745250351,0.005525870177245754,0.0,0.0085773309992903,0.011749820982227089
MAM_archive_offline,27,prediction,AU,0.18974168435951877,0.08912384789856999,0.0785688567487525,0.022048979712196274,0.0,0.019314741035856575,0.038617756512493356
MAM_archive_offline,27,prediction,VA,0.13413094220806307,0.12739677454166248,0.006189647560037568,0.0005445201063630181,0.0,0.0268849340236845,0.03855236739487806
MAM_archive_offline,27,prediction,expression,0.10937974495675139,0.08347107237944687,0.023354017876213298,0.002554654701091227,1.3877787807814457e-17,0.01615159013532661,0.02440313141168462
MAM_archive_offline,27,processed_targets,AU,0.2657419202642133,0.11747442424980055,0.13080848445508272,0.017459011559330034,5.551115123125783e-17,0.009837981407702524,0.019670388091440724
MAM_archive_offline,27,processed_targets,VA,0.2003246079105433,0.12084499845587267,0.07646529425281204,0.003014315201858593,2.7755575615628914e-17,0.01305040766488746,0.01678147410002479
MAM_archive_offline,27,processed_targets,expression,0.10875559467550461,0.04849714977011053,0.05497897410492642,0.005279470800467613,4.163336342344337e-17,0.008058316339143314,0.010606889437365041
MAM_archive_offline,28,prediction,AU,0.15066948555320653,0.06629415249898067,0.05672401365872038,0.027651319395505445,2.7755575615628914e-17,0.025211864406779663,0.05048832271762208
MAM_archive_offline,28,prediction,VA,0.11566188712817159,0.10637157504211033,0.008591625227997269,0.0006986868580639911,1.3877787807814457e-17,0.03306291580205868,0.048794484932973906
MAM_archive_offline,28,prediction,expression,0.09199885835625923,0.06521475176427304,0.023470690268364545,0.0033134163236216542,0.0,0.019975216933539812,0.030392543984541803
MAM_archive_offline,28,processed_targets,AU,0.2592811839323467,0.12647209595338804,0.11107547275697134,0.021733615221987312,5.551115123125783e-17,0.010932203389830508,0.0218966737438075
MAM_archive_offline,28,processed_targets,VA,0.21182568803727972,0.1368515421907439,0.07187079767957674,0.0031033481669590908,2.7755575615628914e-17,0.014886630111437102,0.018586591372539284
MAM_archive_offline,28,processed_targets,expression,0.14387483939753906,0.0869448622468369,0.04998968384665655,0.006940293304045569,2.7755575615628914e-17,0.01226225748474701,0.016653176113246806
MAM_archive_offline,29,prediction,AU,0.1794148770619359,0.07946868943655892,0.0766315284283648,0.023314659197012137,2.7755575615628914e-17,0.019326315789473685,0.03860759493670886
MAM_archive_offline,29,prediction,VA,0.13490412994946813,0.13124948862729202,0.0032277849933339026,0.00042685632884215737,5.551115123125783e-17,0.031504360253138367,0.04675144520701196
MAM_archive_offline,29,prediction,expression,0.12825747231567827,0.10254759252797241,0.02344586903260152,0.0022640107551043075,5.551115123125783e-17,0.014793519448540184,0.022608953161604
MAM_archive_offline,29,processed_targets,AU,0.24862745098039218,0.12828182253293471,0.10169250052962361,0.0186531279178338,5.551115123125783e-17,0.009642105263157895,0.01929676511954993
MAM_archive_offline,29,processed_targets,VA,0.18906906112999144,0.13263383071287915,0.053442843038218536,0.0029923873788938035,2.7755575615628914e-17,0.015730845528997874,0.019845596635281914
MAM_archive_offline,29,processed_targets,expression,0.1424045651009162,0.08846158858637794,0.04687387880665628,0.007069097707881997,0.0,0.012107779507703318,0.01609106563640317
MAM_archive_offline,30,prediction,AU,0.16094276094276097,0.07824802016766302,0.056785950491307635,0.025908790283790284,2.7755575615628914e-17,0.023287300297860816,0.04648780487804878
MAM_archive_offline,30,prediction,VA,0.1429321523521945,0.1389596089846339,0.0034638217929143563,0.0005087215746462848,2.7755575615628914e-17,0.032225011094802594,0.048869659420504134
MAM_archive_offline,30,prediction,expression,0.14488258683480953,0.13082034216091143,0.011883613737337173,0.0021786309365609447,2.7755575615628914e-17,0.014375325829947121,0.022063612038520815
MAM_archive_offline,30,processed_targets,AU,0.23743025493025496,0.10952294180987364,0.11521716761773582,0.012690145502645503,0.0,0.006623341456810181,0.013252032520325203
MAM_archive_offline,30,processed_targets,VA,0.1646772637085515,0.09716192439098756,0.06548179557405241,0.0020335437435115063,5.551115123125783e-17,0.010761917334966889,0.01373465528227086
MAM_archive_offline,30,processed_targets,expression,0.11148765095631016,0.06760520579837284,0.03999828047072708,0.0038841646872102334,1.3877787807814457e-17,0.006682865182712328,0.008812656369170925
MAM_archive_offline,31,prediction,AU,0.1884836100468284,0.09351646824523033,0.0683749039698967,0.026592237831701435,5.551115123125783e-17,0.024012274645186037,0.04804915514592934
MAM_archive_offline,31,prediction,VA,0.13974897495089897,0.13521979336812365,0.004111320821135936,0.0004178607616393829,0.0,0.026326574439023327,0.03858421548028744
MAM_archive_offline,31,prediction,expression,0.10935277768470834,0.0875646466999311,0.01891972784760479,0.0028684031371724464,1.3877787807814457e-17,0.01737008910908019,0.02636252709201005
MAM_archive_offline,31,processed_targets,AU,0.2635879097488293,0.14141531686264147,0.10486544090662203,0.017307151979565772,0.0,0.009796701189106253,0.019585253456221197
MAM_archive_offline,31,processed_targets,VA,0.1640721201320926,0.10303531551211119,0.057494697333360024,0.003542107286621403,2.7755575615628914e-17,0.013944843441025022,0.018058831442130326
MAM_archive_offline,31,processed_targets,expression,0.12277153026098651,0.07977099678605074,0.03749406723528712,0.005506466239648654,1.3877787807814457e-17,0.008718460487350874,0.011509564033613903
MAM_archive_offline,32,prediction,AU,0.15353509151174521,0.08212079920463089,0.046554802467079714,0.024859489840034586,2.7755575615628914e-17,0.02198830409356725,0.043984375
MAM_archive_offline,32,prediction,VA,0.11594603300604224,0.11149911319353316,0.003781545504508008,0.0006653743080010619,1.3877787807814457e-17,0.02809856136912797,0.0428208475981819
MAM_archive_offline,32,prediction,expression,0.09611124633838716,0.07176584039643152,0.020557030646876827,0.003788375295078815,1.3877787807814457e-17,0.019913429907758746,0.031310478006955314
MAM_archive_offline,32,processed_targets,AU,0.27253782965845225,0.12226680752729592,0.13054916019139548,0.01972186193976077,5.551115123125783e-17,0.011176088369070825,0.022356770833333334
MAM_archive_offline,32,processed_targets,VA,0.24512656260807542,0.17252385703130488,0.0699590468166696,0.0026436587601009025,2.7755575615628914e-17,0.014278478874347479,0.017988823960331503
MAM_archive_offline,32,processed_targets,expression,0.1457779358136448,0.06810918719593123,0.07104126465936467,0.006627483958348884,0.0,0.010989704857267885,0.01510370547564303
MAM_archive_offline,33,prediction,AU,0.17741216795201367,0.06376515756178858,0.07001776160416401,0.04362924878606113,2.7755575615628914e-17,0.043487972508591065,0.08699397071490095
MAM_archive_offline,33,prediction,VA,0.12990545756412572,0.12412712958808146,0.004857660514646961,0.0009206674613972991,0.0,0.04555986204292456,0.0680314613856196
MAM_archive_offline,33,prediction,expression,0.08408729560698719,0.05233693476785214,0.025315321446468024,0.0064350393926670205,0.0,0.019868407223497347,0.030635032947408734
MAM_archive_offline,33,processed_targets,AU,0.24939921927068462,0.08924921194018015,0.1413326218216022,0.018817385508902218,5.551115123125783e-17,0.008986254295532646,0.01801894918173988
MAM_archive_offline,33,processed_targets,VA,0.17956019031814183,0.1049181615317297,0.07119072098088866,0.0034513078055234763,0.0,0.013660370597385408,0.016701427445499087
MAM_archive_offline,33,processed_targets,expression,0.13282732667082556,0.04747034504163815,0.07935566263374698,0.006001318995440429,0.0,0.009232500664223684,0.012066729587340124
MAM_archive_offline,34,prediction,AU,0.14886906371091288,0.05989810465617367,0.0667844822291707,0.02218647682556847,2.7755575615628914e-17,0.01935064935064935,0.038727321960465744
MAM_archive_offline,34,prediction,VA,0.12553338828860197,0.11805141219201132,0.007042683086356602,0.00043929301023406023,2.7755575615628914e-17,0.028424859657615664,0.04200714575057968
MAM_archive_offline,34,prediction,expression,0.09372303782209769,0.06477806632483578,0.026614230168195082,0.002330741329066857,2.7755575615628914e-17,0.015069682256832514,0.02327792188379291
MAM_archive_offline,34,processed_targets,AU,0.26802078639872645,0.11234410280131192,0.141604862384474,0.014071821212940434,1.1102230246251565e-16,0.008035714285714285,0.016051990251827783
MAM_archive_offline,34,processed_targets,VA,0.21745473910078983,0.13405903862661178,0.08074121615181655,0.0026544843223614235,5.551115123125783e-17,0.012655917684511318,0.01640364477860308
MAM_archive_offline,34,processed_targets,expression,0.11933006164309697,0.04971783408886726,0.06459994027259355,0.005012287281636134,1.3877787807814457e-17,0.009090190196512355,0.012733511197074589
MAM_archive_offline,35,prediction,AU,0.16961350319840884,0.08173537876087375,0.06383039020112163,0.024047734236413484,2.7755575615628914e-17,0.020988372093023257,0.04199902959728287
MAM_archive_offline,35,prediction,VA,0.13778712741290328,0.13183280515787435,0.005429854620688807,0.0005244676343400927,2.7755575615628914e-17,0.026984196283034223,0.038114495293586854
MAM_archive_offline,35,prediction,expression,0.10129584528647487,0.08157342842106506,0.016681014209299513,0.003041402656110298,1.3877787807814457e-17,0.019069579724056356,0.02821267702321339
MAM_archive_offline,35,processed_targets,AU,0.28168789980110737,0.1201117755949752,0.14310329724273912,0.018472826963393002,5.551115123125783e-17,0.011269379844961241,0.022542455118874333
MAM_archive_offline,35,processed_targets,VA,0.2265192974578596,0.13867855763602335,0.08515937190594447,0.00268136791589181,2.7755575615628914e-17,0.013574068503031984,0.017015951462198465
MAM_archive_offline,35,processed_targets,expression,0.14086405343503774,0.06905168107629481,0.06775081984787314,0.004061552510869802,2.7755575615628914e-17,0.007456053338300907,0.009802194669115857
MAM_archive_offline,36,prediction,AU,0.129731369924141,0.04474903308011161,0.05338566444012807,0.031596672403901314,0.0,0.030402576489533012,0.06087167070217918
MAM_archive_offline,36,prediction,VA,0.12463362278299772,0.11666950655047097,0.007084062275723288,0.0008800539568034205,4.163336342344337e-17,0.042448177714359714,0.06593982798649735
MAM_archive_offline,36,prediction,expression,0.09016821489749363,0.057633295375195556,0.027345513948459025,0.005189405573839043,1.3877787807814457e-17,0.020791001551428552,0.03322704420527672
MAM_archive_offline,36,processed_targets,AU,0.30744132083891124,0.183221664166707,0.10982754855720452,0.01439210811499968,5.551115123125783e-17,0.008421900161030596,0.016868442292171104
MAM_archive_offline,36,processed_targets,VA,0.254196325589748,0.18137927479286695,0.07091049257306563,0.0019065582238155065,1.1102230246251565e-16,0.012361690435324603,0.015591654104809784
MAM_archive_offline,36,processed_targets,expression,0.1474228907907764,0.09402613863667676,0.04951965834644386,0.0038770938076557377,2.7755575615628914e-17,0.007518265510166025,0.00970454688781016
MAM_archive_offline,37,prediction,AU,0.1358172839506173,0.056861613168724276,0.05464949794238683,0.024306172839506174,2.7755575615628914e-17,0.020445186421814136,0.04079152731326644
MAM_archive_offline,37,prediction,VA,0.11832989817173506,0.10853620986765632,0.00916388352762829,0.0006298047764504447,1.3877787807814457e-17,0.03375114485051425,0.05006980570148051
MAM_archive_offline,37,prediction,expression,0.08505313351722082,0.05558348139846263,0.026051822802096742,0.003417829316661408,5.551115123125783e-17,0.018919288525000282,0.028387530466106575
MAM_archive_offline,37,processed_targets,AU,0.28193333333333337,0.11582062962962962,0.1486593086419753,0.017453395061728397,5.551115123125783e-17,0.009961046188091262,0.019899665551839463
MAM_archive_offline,37,processed_targets,VA,0.19097583941381632,0.09225232701364572,0.09516260586911073,0.003560906531059864,0.0,0.016978620126134467,0.021471274089392114
MAM_archive_offline,37,processed_targets,expression,0.12953286737459935,0.051108807432887954,0.07252282918546066,0.0059012307562507135,2.7755575615628914e-17,0.010235911526918802,0.013096772199979775
MAM_archive_offline,38,prediction,AU,0.15701793874906217,0.06445408905474906,0.06842751130383104,0.024136338390482036,2.7755575615628914e-17,0.02072570725707257,0.041466420209488604
MAM_archive_offline,38,prediction,VA,0.11587409505634175,0.10820724421460617,0.0071092899046782745,0.0005575609370573075,0.0,0.029061105553216705,0.04290905810032163
MAM_archive_offline,38,prediction,expression,0.09168535250323326,0.06548084312778085,0.023120484164294155,0.003084025211158245,0.0,0.02050990444233731,0.031606382530834067
MAM_archive_offline,38,processed_targets,AU,0.3116676897892368,0.14849822815771488,0.1471604678969296,0.016008993734592265,1.1102230246251565e-16,0.00932349323493235,0.01866913123844732
MAM_archive_offline,38,processed_targets,VA,0.25474567280840915,0.1331709153741478,0.11850067854867147,0.0030740788855899916,5.551115123125783e-17,0.014421248717089202,0.01807807470584037
MAM_archive_offline,38,processed_targets,expression,0.14528141672859599,0.07082133319756105,0.06980082232724157,0.004659261203793373,0.0,0.008986022984099444,0.011555437541104841
MAM_archive_offline,39,prediction,AU,0.1412546655182314,0.06138207840073714,0.056473218756885595,0.023399368360608675,0.0,0.021669902912621358,0.043333333333333335
MAM_archive_offline,39,prediction,VA,0.12383006920329877,0.11473770513048354,0.008447053114013095,0.0006453109588021018,2.7755575615628914e-17,0.036773637803135785,0.055925439037118746
MAM_archive_offline,39,prediction,expression,0.09229832174454392,0.06108326093327588,0.026823117578406264,0.004391943232861774,0.0,0.024063674471759715,0.03838784100003909
MAM_archive_offline,39,processed_targets,AU,0.27595463680735,0.11555021956034515,0.1444612647922245,0.01594315245478036,0.0,0.009320388349514564,0.018651102464332037
MAM_archive_offline,39,processed_targets,VA,0.2563345130507909,0.1357963792730071,0.11793344731176611,0.0026046864660177428,5.551115123125783e-17,0.014812337645483249,0.018768203347660457
MAM_archive_offline,39,processed_targets,expression,0.12856895649522007,0.05806814539294798,0.06625721371769168,0.004243597384580414,0.0,0.008308542377563854,0.010793056303722315
MAM_archive_offline,40,prediction,AU,0.1620882875495422,0.06717325623440737,0.05747130925886662,0.03744372205626818,0.0,0.034,0.0677819083023544
MAM_archive_offline,40,prediction,VA,0.134544053108626,0.1314414942128084,0.00245220314416521,0.0006503557516523641,0.0,0.04219201106483255,0.06529267012361492
MAM_archive_offline,40,prediction,expression,0.1307958236704933,0.10962438330490605,0.01642650578138966,0.004744934584197583,0.0,0.02470099216092669,0.038420532636679654
MAM_archive_offline,40,processed_targets,AU,0.255356020226869,0.17550973394112787,0.06631458906400696,0.013531697221734123,0.0,0.0066172839506172835,0.013258983890954151
MAM_archive_offline,40,processed_targets,VA,0.16593237983658213,0.118619901674809,0.04385689560955917,0.003455582552214035,8.326672684688674e-17,0.015080020387691481,0.01786297818500424
MAM_archive_offline,40,processed_targets,expression,0.14036967731386518,0.09501586365759487,0.03771471734445514,0.0076390963118151784,0.0,0.012237845308300573,0.015774624090780634
MAM_archive_offline,41,prediction,AU,0.14316445604116837,0.05284865949048456,0.06794198858000697,0.022373807970676857,2.7755575615628914e-17,0.019398692810457516,0.03882121807465619
MAM_archive_offline,41,prediction,VA,0.15346581285693928,0.1456513912546068,0.0072626221995261905,0.0005517994028063051,2.7755575615628914e-17,0.03777386298630839,0.05559621859288227
MAM_archive_offline,41,prediction,expression,0.09072715273302058,0.05564567617817836,0.03265052125628675,0.0024309552985554562,1.3877787807814457e-17,0.014208243335217977,0.021392108147344747
MAM_archive_offline,41,processed_targets,AU,0.25408132202652756,0.10678029073225169,0.12601980038486488,0.02128123090941095,0.0,0.011254901960784314,0.022540929927963325
MAM_archive_offline,41,processed_targets,VA,0.1586898264028186,0.09598002349176374,0.0593190779243889,0.0033907249866659546,0.0,0.01648785817455135,0.020836287953530406
MAM_archive_offline,41,processed_targets,expression,0.14683856661761963,0.08503355301081465,0.05415113414160637,0.007653879465198623,2.7755575615628914e-17,0.010847138375846038,0.014141171108561999
MAM_archive_offline,42,prediction,AU,0.19858875171467766,0.10166380165625158,0.06888603830716862,0.028038911751257424,2.7755575615628914e-17,0.02340993328391401,0.046810089020771516
MAM_archive_offline,42,prediction,VA,0.12655876017430262,0.12217194125579854,0.003916912077942354,0.00046990684056173905,2.7755575615628914e-17,0.030187388870810437,0.04454980963970601
MAM_archive_offline,42,prediction,expression,0.11231105653767286,0.09683751447915113,0.012597581573259986,0.0028759604852617512,1.3877787807814457e-17,0.017946114474386463,0.027051877132836872
MAM_archive_offline,42,processed_targets,AU,0.21933936899862827,0.12136344662907078,0.089094989584921,0.008880932784636489,0.0,0.004981467753891772,0.009960435212660731
MAM_archive_offline,42,processed_targets,VA,0.11229469516043401,0.06265223699124067,0.047792382572056674,0.001850075597136656,1.3877787807814457e-17,0.008730122479047486,0.01174975372408724
MAM_archive_offline,42,processed_targets,expression,0.10347256593839793,0.0649861209169443,0.035559889828621405,0.002926555192832197,2.7755575615628914e-17,0.005755895303278983,0.008333601708875852
MAM_archive_offline,43,prediction,AU,0.13745650953984287,0.0561515579298881,0.06326605570647553,0.018038895903479235,0.0,0.016195892575039495,0.03240354206198608
MAM_archive_offline,43,prediction,VA,0.138232286689099,0.13080638372183614,0.006992423439662103,0.000433479527600834,8.326672684688674e-17,0.03196503246807762,0.04786668180679572
MAM_archive_offline,43,prediction,expression,0.11258412940873828,0.07778725358090693,0.032249896309645726,0.002546979518185635,1.3877787807814457e-17,0.014776439268348356,0.022678690761406873
MAM_archive_offline,43,processed_targets,AU,0.2530569584736252,0.14086309884408058,0.10455654902348402,0.007637310606060606,0.0,0.004322274881516588,0.008646426312460468
MAM_archive_offline,43,processed_targets,VA,0.17856045368966378,0.11342380500651213,0.0632389078357489,0.0018977408474027714,2.7755575615628914e-17,0.008954813710603669,0.011529165575726124
MAM_archive_offline,43,processed_targets,expression,0.10571862941515127,0.05918049703670235,0.043485964513873175,0.003052167864575759,0.0,0.005712681507204692,0.008120902152403011
MAM_archive_offline,44,prediction,AU,0.18086342688922802,0.06732236743958464,0.08863746671833526,0.02490359273130809,0.0,0.01970857618651124,0.0394224628626961
MAM_archive_offline,44,prediction,VA,0.12495382102363096,0.11798066982221271,0.006440184868154158,0.0005329663332641765,8.326672684688674e-17,0.02982324426527727,0.04415698066925668
MAM_archive_offline,44,prediction,expression,0.12208572219539277,0.09174140657870203,0.027695793444183242,0.0026485221725075034,1.3877787807814457e-17,0.013633145058846635,0.0206482501628187
MAM_archive_offline,44,processed_targets,AU,0.24933832709113612,0.06489922794279482,0.16904003522104874,0.015399063927292532,2.7755575615628914e-17,0.00832917013599778,0.016654171872830765
MAM_archive_offline,44,processed_targets,VA,0.27001607386550686,0.1523416340679466,0.11409076346179452,0.003583676335765784,5.551115123125783e-17,0.014830115384699081,0.01880028842172986
MAM_archive_offline,44,processed_targets,expression,0.13877408197818972,0.05305368788459392,0.07883849690446046,0.006881897189135363,2.7755575615628914e-17,0.009628511102598889,0.013158392024063248
MAM_archive_offline,45,prediction,AU,0.20492883821182356,0.10097013846900617,0.07488703886233083,0.02907166088048659,2.7755575615628914e-17,0.02522962962962963,0.05036016007114273
MAM_archive_offline,45,prediction,VA,0.12285179187783356,0.11591222759950344,0.006327705188062343,0.0006118590902677443,2.7755575615628914e-17,0.03480139785401342,0.05348421421662984
MAM_archive_offline,45,prediction,expression,0.12333312042316037,0.10103711087365087,0.018761663589518206,0.003534345959991291,0.0,0.020398066262667623,0.0317022635477627
MAM_archive_offline,45,processed_targets,AU,0.26384257202560185,0.08169574512067834,0.16614003157116236,0.016006795333761127,0.0,0.009164444444444444,0.018334074403438566
MAM_archive_offline,45,processed_targets,VA,0.24102641745019374,0.13222533884961127,0.10555573235160304,0.003245346248979422,0.0,0.014378529979205794,0.01853338961061728
MAM_archive_offline,45,processed_targets,expression,0.12788570727289067,0.04521937023705445,0.07638908129830964,0.006277255737526599,2.7755575615628914e-17,0.009976065604089873,0.013670885779821345
MAM_archive_offline,46,prediction,AU,0.1974569307577173,0.08479608589389624,0.08680965600205448,0.025851188861766565,0.0,0.020889853499728703,0.04178199909543193
MAM_archive_offline,46,prediction,VA,0.1263296820038631,0.11955530651909343,0.00626725090378579,0.0005071245809839319,5.551115123125783e-17,0.03044816629137967,0.04442053429088953
MAM_archive_offline,46,prediction,expression,0.1326506626247129,0.10350361130860257,0.02646505880650897,0.0026819925096013175,2.7755575615628914e-17,0.01482657566565629,0.02262919382059212
MAM_archive_offline,46,processed_targets,AU,0.25263257290379615,0.08096336958663775,0.15790095135796528,0.013768251959193104,0.0,0.007495026225357208,0.014986883763003165
MAM_archive_offline,46,processed_targets,VA,0.19730597540419367,0.08785774190462697,0.10649602453698578,0.0029522089625809143,0.0,0.01291601621402843,0.01639627206479193
MAM_archive_offline,46,processed_targets,expression,0.11796381822109307,0.03614433384829856,0.07568104228455548,0.006138442088239021,1.3877787807814457e-17,0.008695193566113882,0.011749878002129496
MAM_archive_offline,47,prediction,AU,0.18853415637860083,0.08775868267032465,0.0756317494284408,0.025143724279835394,0.0,0.02128219381137669,0.04256210604375232
MAM_archive_offline,47,prediction,VA,0.09625079863420971,0.08607216667419915,0.009565559218213986,0.0006130727417966024,2.7755575615628914e-17,0.03182687314948494,0.04727794245386004
MAM_archive_offline,47,prediction,expression,0.11489504666934462,0.0897457343272314,0.02226218252639758,0.0028871298157156305,0.0,0.018078161260514095,0.027553654857558486
MAM_archive_offline,47,processed_targets,AU,0.2625876543209877,0.06163403017832648,0.18281288340192042,0.01814074074074074,5.551115123125783e-17,0.010276079303316657,0.020559881349647757
MAM_archive_offline,47,processed_targets,VA,0.2502907905162813,0.10934916517140972,0.13697308292084248,0.0039685424240291515,5.551115123125783e-17,0.0164097788047383,0.020721238740182196
MAM_archive_offline,47,processed_targets,expression,0.14597247803332733,0.04192667893339087,0.09634933394357512,0.007696465156361343,0.0,0.011567844088691185,0.016262856784407666
MAM_archive_offline,48,prediction,AU,0.17339988116458707,0.0964987528636475,0.054324154076906515,0.022576974224033045,2.7755575615628914e-17,0.020442541042112777,0.04088603072525902
MAM_archive_offline,48,prediction,VA,0.12979696921850947,0.12450335782466822,0.004639828734002374,0.000653782659838908,2.7755575615628914e-17,0.026481674684786086,0.03970952711089555
MAM_archive_offline,48,prediction,expression,0.13183010978000054,0.11189714037229119,0.01763947058145096,0.0022934988262584,0.0,0.014295350872792356,0.021836821521288016
MAM_archive_offline,48,processed_targets,AU,0.25013269954446427,0.07289756366220662,0.15534426640315285,0.021890869479104774,0.0,0.011463240542469664,0.022943908538763845
MAM_archive_offline,48,processed_targets,VA,0.1145934790700125,0.05418823814935363,0.05645635990239257,0.003948881018266288,0.0,0.01729013147331152,0.02217670240382577
MAM_archive_offline,48,processed_targets,expression,0.13165768385343843,0.04501873581200378,0.07552820041810478,0.011110747623329888,2.7755575615628914e-17,0.015414446760540022,0.020969794126428187
MAM_archive_offline,49,prediction,AU,0.17331652560177685,0.07734923705098834,0.06836929347305272,0.027597995077735755,5.551115123125783e-17,0.02199513381995134,0.043977272727272726
MAM_archive_offline,49,prediction,VA,0.1337026294201532,0.12619325789436653,0.0068299730839605464,0.0006793984418261434,2.7755575615628914e-17,0.03288565371945357,0.04966398281356707
MAM_archive_offline,49,prediction,expression,0.1246911494121947,0.10234721049023131,0.01929111599011353,0.003052822931849873,1.3877787807814457e-17,0.017531461565608072,0.026496187633229105
MAM_archive_offline,49,processed_targets,AU,0.22627288552734262,0.1000251201452182,0.10241035017112735,0.02383741521099706,2.7755575615628914e-17,0.013322519599891863,0.02666125541125541
MAM_archive_offline,49,processed_targets,VA,0.1016184139876085,0.06287624617929272,0.03429039793609784,0.004451769872217942,0.0,0.017412558455920542,0.02188900537076769
MAM_archive_offline,49,processed_targets,expression,0.12403406236546552,0.06434370446429029,0.05083681131307719,0.008853546588098046,1.3877787807814457e-17,0.013412978536158837,0.018279092588239253
MAM_archive_offline,50,prediction,AU,0.19218100309895597,0.09277363587265981,0.07833044778625732,0.021076919440038852,0.0,0.016910569105691057,0.033837808516409
MAM_archive_offline,50,prediction,VA,0.10663550509954418,0.10199735802976474,0.004137286379500393,0.0005008606902790272,1.3877787807814457e-17,0.028537466578849032,0.043568811259869764
MAM_archive_offline,50,prediction,expression,0.12719283539182943,0.10624038551971964,0.01866094719777372,0.0022915026743360674,0.0,0.014763109148120013,0.02286666518992082
MAM_archive_offline,50,processed_targets,AU,0.23221831091855463,0.10701451581748751,0.10760196151629284,0.017601833584774282,2.7755575615628914e-17,0.009084010840108401,0.01817195551939246
MAM_archive_offline,50,processed_targets,VA,0.1263945320985581,0.056311272232787354,0.06619011973659061,0.0038931401291801625,2.7755575615628914e-17,0.01630829332320671,0.0205854129831271
MAM_archive_offline,50,processed_targets,expression,0.13474045785646613,0.05977851716044052,0.06501515284175327,0.009946787854272322,0.0,0.014329287209416456,0.019957104581918066
MAM_archive_offline,51,prediction,AU,0.175806388398981,0.08577367718243456,0.06883036836811304,0.021202342848433385,0.0,0.018823183289202707,0.03749705535924617
MAM_archive_offline,51,prediction,VA,0.11540207540156071,0.10962465631564754,0.0053130059988309875,0.0004644130870822021,1.3877787807814457e-17,0.028655295046549335,0.04277892237355718
MAM_archive_offline,51,prediction,expression,0.12482331090020977,0.10227716010517562,0.020293564296716058,0.0022525864983181194,2.7755575615628914e-17,0.014020020823196533,0.02183188513535189
MAM_archive_offline,51,processed_targets,AU,0.22872427983539098,0.09767395877723135,0.11740377327580934,0.013646547782350252,2.7755575615628914e-17,0.008031774051191527,0.01607773851590106
MAM_archive_offline,51,processed_targets,VA,0.11473576822281696,0.06031097495576203,0.05164843331110619,0.0027763599559487416,0.0,0.01300296603068249,0.01698809772624565
MAM_archive_offline,51,processed_targets,expression,0.12175941966489552,0.055520127797046986,0.059068372071073905,0.007170919796774616,1.3877787807814457e-17,0.01112461769503655,0.015658527840400376
MAM_archive_offline,52,prediction,AU,0.19719725343320849,0.08812377497609497,0.08555508998437114,0.023518388472742405,2.7755575615628914e-17,0.018466491074041556,0.036937126800140496
MAM_archive_offline,52,prediction,VA,0.12386756455578607,0.11540875198253031,0.00801655913750054,0.0004422534357551771,4.163336342344337e-17,0.025636620312743698,0.03635669074150474
MAM_archive_offline,52,prediction,expression,0.13872663062873183,0.11300576411214212,0.024149450452746045,0.0015714160638436567,2.7755575615628914e-17,0.010110905866056093,0.014981839023170901
MAM_archive_offline,52,processed_targets,AU,0.19574776321265092,0.037729035223629054,0.13118082354665808,0.02683790444236371,5.551115123125783e-17,0.014622183201638864,0.02924950240018733
MAM_archive_offline,52,processed_targets,VA,0.13333876031960198,0.06528075076432766,0.06299516973261428,0.00506283982266012,5.551115123125783e-17,0.01915316718639487,0.023669197783920903
MAM_archive_offline,52,processed_targets,expression,0.11997573827184331,0.04377654088825772,0.06513721965565834,0.01106197772792725,0.0,0.014716384453887484,0.019807152408931817
MAM_archive_offline,53,prediction,AU,0.2099625454160201,0.0982474881132466,0.08887391744413407,0.02284113985863944,0.0,0.018578480870638393,0.037151994613701396
MAM_archive_offline,53,prediction,VA,0.10639955200294951,0.0997115756975556,0.006185559216774776,0.0005024170886191176,2.7755575615628914e-17,0.026541150820033582,0.039083937837722495
MAM_archive_offline,53,prediction,expression,0.1291805786023117,0.1095784262964858,0.017935148165068634,0.0016670041407572651,0.0,0.012468858428391174,0.018923067854378448
MAM_archive_offline,53,processed_targets,AU,0.2277896809816716,0.054788988713061676,0.14452800598168836,0.02847268628692152,5.551115123125783e-17,0.01556153932458207,0.031124950906132525
MAM_archive_offline,53,processed_targets,VA,0.168096958921856,0.09859821586993227,0.06425573549122612,0.005243007560697624,0.0,0.01962384767501227,0.023975193986104527
MAM_archive_offline,53,processed_targets,expression,0.12421044265566543,0.04370782273152988,0.06810746282060912,0.012395157103526453,1.3877787807814457e-17,0.016381025736623978,0.022103826328683674
MAM_archive_offline,54,prediction,AU,0.16530693912303107,0.06210868209998875,0.08214504288936843,0.021053214133673902,0.0,0.017112196991472647,0.03422465018209699
MAM_archive_offline,54,prediction,VA,0.11842464565632431,0.11105599398857678,0.006937688028234883,0.00043096363951266,1.3877787807814457e-17,0.025188443123843444,0.03610593143972671
MAM_archive_offline,54,prediction,expression,0.1206501789931608,0.09253292994908323,0.02625652968165068,0.0018607193624268748,1.3877787807814457e-17,0.012009475910772463,0.01783312638270758
MAM_archive_offline,54,processed_targets,AU,0.24493316304810564,0.06482393583965787,0.14972108331743025,0.030388143891017457,5.551115123125783e-17,0.016481747628628918,0.032972972972972976
MAM_archive_offline,54,processed_targets,VA,0.12854646541873763,0.05481486890502994,0.06843509991231597,0.00529649660139174,2.7755575615628914e-17,0.02082634162956586,0.02548766677943179
MAM_archive_offline,54,processed_targets,expression,0.12942759822165806,0.041584087981404574,0.07512344746965449,0.012720062770598978,0.0,0.01819583742522635,0.0248664619786948
MAM_archive_offline,55,prediction,AU,0.14998298726686746,0.049256924317749994,0.07974640426047158,0.020979658688645847,2.7755575615628914e-17,0.017433409436834094,0.034865353506518225
MAM_archive_offline,55,prediction,VA,0.11158118909467755,0.10407986013599962,0.007082782760247383,0.00041854619843061086,6.938893903907228e-17,0.026395492378462854,0.038303257072573364
MAM_archive_offline,55,prediction,expression,0.12077483908717367,0.09022934106682638,0.028481563759974883,0.0020639342603724084,1.3877787807814457e-17,0.012421135881790554,0.018819480522597794
MAM_archive_offline,55,processed_targets,AU,0.23105362709357005,0.04232048428126173,0.15474909885394192,0.03398404395836635,5.551115123125783e-17,0.018243911719939117,0.03649062708154915
MAM_archive_offline,55,processed_targets,VA,0.15939464655668906,0.07276581087091961,0.08046117707306057,0.0061676586127089195,5.551115123125783e-17,0.022641458425066992,0.027887052543888832
MAM_archive_offline,55,processed_targets,expression,0.1359012773880777,0.039682914093938364,0.08253263200573273,0.013685731288406616,0.0,0.018485654871919457,0.02516772382071921
MAM_archive_offline,56,prediction,AU,0.1791633898812868,0.0956246896212606,0.059032802046342286,0.02450589821368386,2.7755575615628914e-17,0.022125506072874494,0.04414724755150287
MAM_archive_offline,56,prediction,VA,0.12890669468721408,0.12041586771172688,0.007805314489842906,0.000685512485644299,0.0,0.03030204045829193,0.044411125226692216
MAM_archive_offline,56,prediction,expression,0.1124107866171615,0.08919512410622674,0.020140296790169446,0.0030753657207653277,1.3877787807814457e-17,0.017683179428839714,0.027077036214347084
MAM_archive_offline,56,processed_targets,AU,0.26537243006403777,0.11490845240043959,0.13408997474257806,0.01637400292102011,0.0,0.009021592442645074,0.018061465721040188
MAM_archive_offline,56,processed_targets,VA,0.21248123513188466,0.13094774583869462,0.07820517056940497,0.0033283187237850157,5.551115123125783e-17,0.014086282069263188,0.017837947269612894
MAM_archive_offline,56,processed_targets,expression,0.1361560954913372,0.05564162121758164,0.07345714764886532,0.00705732662489021,2.7755575615628914e-17,0.011024025805057173,0.01508571124216113
MAM_archive_offline,57,prediction,AU,0.20032840722495898,0.1078708681940209,0.06685501602940026,0.025602523001537782,2.7755575615628914e-17,0.022708744247205787,0.04541625534715367
MAM_archive_offline,57,prediction,VA,0.14091484210665506,0.136693052303771,0.0037510393712609945,0.0004707504316230773,2.7755575615628914e-17,0.029644086789015162,0.04458054660205561
MAM_archive_offline,57,prediction,expression,0.11820974522870581,0.10334616459565706,0.012642208687228169,0.002221371945820606,1.3877787807814457e-17,0.016583462986288756,0.025753874916202422
MAM_archive_offline,57,processed_targets,AU,0.2605203430031016,0.09146515602938227,0.1520898782448638,0.016965308728855526,0.0,0.010052596975673898,0.0201250411319513
MAM_archive_offline,57,processed_targets,VA,0.21120555550462594,0.1402520155590763,0.06846312286486829,0.0024904170806813826,0.0,0.012076197247364405,0.015803234577399603
MAM_archive_offline,57,processed_targets,expression,0.12568384200816238,0.049953033436938105,0.07056825633582474,0.00516255223539953,0.0,0.007736090897631992,0.010408479824572102
MAM_archive_offline,58,prediction,AU,0.12840536696964075,0.03676895384184383,0.06981150948180258,0.02182490364599435,0.0,0.019387357282094123,0.03867335562987737
MAM_archive_offline,58,prediction,VA,0.13749300109932946,0.12867321051342032,0.008289688054503568,0.0005301025314055612,2.7755575615628914e-17,0.031583423245848084,0.04695822221613565
MAM_archive_offline,58,prediction,expression,0.09352958733570732,0.055300048976907004,0.03511949055833932,0.003110047800460976,1.3877787807814457e-17,0.015880030878185323,0.02439639390804868
MAM_archive_offline,58,processed_targets,AU,0.2667754900142213,0.11205266883210925,0.13831703169758017,0.016405789484531832,5.551115123125783e-17,0.00883876357560568,0.017681159420289853
MAM_archive_offline,58,processed_targets,VA,0.228658677430574,0.14024306048558563,0.0860503425180764,0.0023652744269119894,0.0,0.012329716937509097,0.015664713619507376
MAM_archive_offline,58,processed_targets,expression,0.1325895602237738,0.052529907046654466,0.0747504452888082,0.005309207888311151,2.7755575615628914e-17,0.00834096726884197,0.010801571160761452
MAM_archive_offline,59,prediction,AU,0.18784515408842642,0.09398768446132359,0.06526639200480883,0.028591077622293987,0.0,0.024640804597701148,0.049241280115066524
MAM_archive_offline,59,prediction,VA,0.13338822840675735,0.12901560974380333,0.0037798886330121487,0.0005927300299418648,0.0,0.03952697503358461,0.059732263308923145
MAM_archive_offline,59,prediction,expression,0.11033829438446849,0.090827238969272,0.016288397843251434,0.0032226575719450294,2.7755575615628914e-17,0.01747485416378044,0.026940929358196794
MAM_archive_offline,59,processed_targets,AU,0.26229876808994146,0.11184467224358725,0.13363533413523507,0.016818761711119085,5.551115123125783e-17,0.008994252873563218,0.017993527508090613
MAM_archive_offline,59,processed_targets,VA,0.20538359761784766,0.11541965640479676,0.08659150287321289,0.0033724383398380654,5.551115123125783e-17,0.013944617794136164,0.018256716951607306
MAM_archive_offline,59,processed_targets,expression,0.13182007328919948,0.05136790014025094,0.07333067957698869,0.007121493571959895,5.551115123125783e-17,0.011215994587299518,0.015643759278239976
MAM_archive_offline,60,prediction,AU,0.16839401769634327,0.07748023195390322,0.06704271065043473,0.023871075092005326,0.0,0.019753216992772785,0.03947442680776014
MAM_archive_offline,60,prediction,VA,0.12335893923069242,0.11410127125574618,0.008674646545886225,0.0005830214290600002,2.7755575615628914e-17,0.02963920014107682,0.04340448549505146
MAM_archive_offline,60,prediction,expression,0.14051214783617458,0.11721841241011964,0.021686139742044266,0.0016075956840106856,2.7755575615628914e-17,0.011243642834487543,0.016688088647804498
MAM_archive_offline,60,processed_targets,AU,0.2678521650614674,0.07472738927038548,0.16428355349055726,0.028841222300524626,5.551115123125783e-17,0.014909219108055703,0.02982716049382716
MAM_archive_offline,60,processed_targets,VA,0.139453971363914,0.07395078037316358,0.06070038880184595,0.0048028021889045,2.7755575615628914e-17,0.019618966360588762,0.024701551146036577
MAM_archive_offline,60,processed_targets,expression,0.13308986879524576,0.04669506876042917,0.07440037887615109,0.011994421158665529,2.7755575615628914e-17,0.01620589155384856,0.021983031397825665
MAM_archive_offline,61,prediction,AU,0.1949861178110093,0.08633462506594212,0.08725757701830048,0.02139391572676667,5.551115123125783e-17,0.0165836711059641,0.033159571387199535
MAM_archive_offline,61,prediction,VA,0.09648127166482724,0.08776663679578267,0.00826566681972142,0.0004489680493231376,1.3877787807814457e-17,0.025430770900831047,0.036118730745889574
MAM_archive_offline,61,prediction,expression,0.1256590761395089,0.09929215732614123,0.02470190801929337,0.001665010794074359,5.551115123125783e-17,0.012528368839806629,0.018746488369347912
MAM_archive_offline,61,processed_targets,AU,0.2568031301924211,0.05989009340453103,0.16696081663306497,0.029952220154825078,5.551115123125783e-17,0.016141671491989962,0.032284969591659426
MAM_archive_offline,61,processed_targets,VA,0.17682027339087783,0.06902851498148381,0.10225102358838958,0.005540734821004467,2.7755575615628914e-17,0.020309556497516545,0.02462245878749202
MAM_archive_offline,61,processed_targets,expression,0.12775616761464456,0.03400474434722023,0.08160010420843065,0.01215131905899365,2.7755575615628914e-17,0.01629075528852561,0.022072525392440413
MAM_archive_offline,62,prediction,AU,0.16028483192250442,0.09577481917467068,0.0504487324113084,0.014061280336525287,5.551115123125783e-17,0.010967096709670967,0.021932773109243697
MAM_archive_offline,62,prediction,VA,0.12300360979960781,0.11811107259872974,0.004515539285303175,0.0003769979155748872,1.3877787807814457e-17,0.019481871646413025,0.026581052720689377
MAM_archive_offline,62,prediction,expression,0.14899547708017216,0.1391773373632247,0.008902562474482666,0.0009155772424647662,0.0,0.008010442537315641,0.011542457407763421
MAM_archive_offline,62,processed_targets,AU,0.26777177897753784,0.08421907126939608,0.15913470242031044,0.02441800528783132,0.0,0.012731273127312731,0.025456182472989197
MAM_archive_offline,62,processed_targets,VA,0.2059571308293925,0.09978977565507594,0.10156720353576697,0.004600151638549633,2.7755575615628914e-17,0.01764596596755872,0.02136391148391534
MAM_archive_offline,62,processed_targets,expression,0.1364024432416998,0.05121471671201763,0.07521211519728785,0.009975611332394316,0.0,0.01280544587225008,0.016949994055153655
MAM_archive_offline,63,prediction,AU,0.19426425035760964,0.09088778055146643,0.08173989674278494,0.021636573063358283,2.7755575615628914e-17,0.01710579951825088,0.03420628301362246
MAM_archive_offline,63,prediction,VA,0.09925162938978548,0.09372109589797045,0.0050731390663448705,0.0004573944254702251,6.938893903907228e-17,0.024791358752309825,0.03613074999286767
MAM_archive_offline,63,prediction,expression,0.13465405007075013,0.11735293255102561,0.015818520364578884,0.0014825971551456257,0.0,0.012028850706124932,0.01823725585454366
MAM_archive_offline,63,processed_targets,AU,0.2661274222263386,0.06839291099476674,0.16997984392980808,0.027754667301763715,5.551115123125783e-17,0.014986103390772651,0.029978685941988693
MAM_archive_offline,63,processed_targets,VA,0.15960327059314647,0.0583540579219521,0.0960909175652267,0.0051582951059676845,0.0,0.01961126160254498,0.023999968979715854
MAM_archive_offline,63,processed_targets,expression,0.1281755099746393,0.043844528106896145,0.07370886132942557,0.010622120538317606,0.0,0.014535243699506678,0.019068463354473836
MAM_archive_offline,64,prediction,AU,0.18578742727401734,0.07946494445885237,0.08062119148552113,0.02570129132964382,2.7755575615628914e-17,0.02217707934074358,0.04436605316973415
MAM_archive_offline,64,prediction,VA,0.12873617561561146,0.11892851917581716,0.009246328250684522,0.0005613281891098005,2.7755575615628914e-17,0.03104487345520246,0.046220154456355564
MAM_archive_offline,64,prediction,expression,0.1347792955301627,0.10445424179007042,0.027743007052523333,0.002582046687568936,2.7755575615628914e-17,0.015158078643523538,0.023294744689542592
MAM_archive_offline,64,processed_targets,AU,0.2289723286504896,0.10197324129666874,0.11260728942562442,0.014391797928196394,5.551115123125783e-17,0.008314807716877476,0.016630879345603273
MAM_archive_offline,64,processed_targets,VA,0.2333626268109342,0.17015496539338168,0.06059451130028246,0.0026131501172699566,1.1102230246251565e-16,0.015031167171786987,0.020231064083268923
MAM_archive_offline,64,processed_targets,expression,0.1384584502938496,0.07523889832510777,0.0570723927297956,0.006147159238946262,2.7755575615628914e-17,0.010834680310961407,0.01533731066162192
MAM_archive_offline,65,prediction,AU,0.21277151335311573,0.11335730883786424,0.07185403306783965,0.0275601714474118,5.551115123125783e-17,0.02340855106888361,0.04680530798177857
MAM_archive_offline,65,prediction,VA,0.12087784540360925,0.11591542356647566,0.004263780051405776,0.0006986417857278297,1.3877787807814457e-17,0.031162727556812243,0.046863766405155244
MAM_archive_offline,65,prediction,expression,0.12483748374487623,0.10893759865629656,0.01318528048430685,0.00271460460427282,0.0,0.018263338872417573,0.02827812388582332
MAM_archive_offline,65,processed_targets,AU,0.25062182657434884,0.11158246769870366,0.1235138945389049,0.015525464336740302,0.0,0.008653998416468725,0.017314319667260845
MAM_archive_offline,65,processed_targets,VA,0.281800884905199,0.2008449766266293,0.07811587580071723,0.002840032477852437,5.551115123125783e-17,0.015133681076505794,0.019737629605588888
MAM_archive_offline,65,processed_targets,expression,0.14689698544754948,0.07299977927747646,0.06737376925465748,0.006523436915415526,2.7755575615628914e-17,0.011033185249993726,0.015104392199283922
MAM_archive_offline,66,prediction,AU,0.18201187793227597,0.09502992461129448,0.0625414209401506,0.024440532380830885,0.0,0.020875446656457377,0.04174390399591472
MAM_archive_offline,66,prediction,VA,0.08031543373995575,0.07257264050532845,0.007280928209970926,0.00046186502465636896,1.3877787807814457e-17,0.029423858419225925,0.04234965200590594
MAM_archive_offline,66,prediction,expression,0.10859430543428919,0.09090309884241665,0.015551042714511425,0.0021401638773611087,0.0,0.015961737990762833,0.02418016597256153
MAM_archive_offline,66,processed_targets,AU,0.20608807812787913,0.08059288104427885,0.11179337854098571,0.013701818542614564,0.0,0.007968351199591628,0.015942806076854336
MAM_archive_offline,66,processed_targets,VA,0.18621374350726602,0.13560766311479602,0.04850079754842487,0.0021052828440451454,2.7755575615628914e-17,0.012230679776325571,0.015493941721543869
MAM_archive_offline,66,processed_targets,expression,0.12147718180217378,0.0640621753292553,0.05162186301759344,0.005793143455325056,1.3877787807814457e-17,0.01025880964846041,0.014023847297370405
MAM_archive_offline,67,prediction,AU,0.16182562902282036,0.07015640631858219,0.06572294699611342,0.02594627570812474,0.0,0.02234192037470726,0.04465534075375903
MAM_archive_offline,67,prediction,VA,0.1246788149666739,0.11999144962081172,0.004156722975397303,0.0005306423704648486,2.7755575615628914e-17,0.03180657442678667,0.04679053449906015
MAM_archive_offline,67,prediction,expression,0.1070778461842363,0.08074757005653992,0.023068171101389066,0.0032621050263073295,1.3877787807814457e-17,0.017870737138871516,0.027591946165100682
MAM_archive_offline,67,processed_targets,AU,0.21069457989294152,0.09544753483228106,0.10021466745192238,0.015032377608738054,2.7755575615628914e-17,0.008938329430132709,0.0178871314196446
MAM_archive_offline,67,processed_targets,VA,0.16068467411887807,0.1063322793161108,0.05204762278382542,0.002304772018941815,2.7755575615628914e-17,0.014461617348977393,0.01885937501288466
MAM_archive_offline,67,processed_targets,expression,0.13619212462609537,0.07065861914762558,0.05819350645533733,0.007339999023132469,2.7755575615628914e-17,0.01270869378248445,0.017814386374349626
MAM_archive_offline,68,prediction,AU,0.15143126452472658,0.07522970657831929,0.05520748430570499,0.020994073640702274,2.7755575615628914e-17,0.016702508960573476,0.033397717295873576
MAM_archive_offline,68,prediction,VA,0.1177199804795547,0.11469598516311316,0.002664398453425834,0.0003595968630157062,0.0,0.020062278352908712,0.027128383811891137
MAM_archive_offline,68,prediction,expression,0.15984657675456973,0.1496736008494224,0.009111599033492174,0.001061376871655102,2.7755575615628914e-17,0.007347556024143205,0.0104756807826989
MAM_archive_offline,68,processed_targets,AU,0.12063510636568997,0.05565136304925605,0.055884073220712906,0.009099670095720994,2.7755575615628914e-17,0.0061209860288201304,0.012244659057652912
MAM_archive_offline,68,processed_targets,VA,0.12783182546423477,0.11044068013083369,0.016197014226906475,0.001194131106494642,2.7755575615628914e-17,0.010653357226904322,0.014237788775436992
MAM_archive_offline,68,processed_targets,expression,0.1311545891845907,0.08391633056328364,0.04242721909343429,0.004811039527872739,2.7755575615628914e-17,0.011407129021508757,0.01610100513316028
MAM_archive_offline,69,prediction,AU,0.1680837287097068,0.08495950080832003,0.06242641965271779,0.02069780824866897,2.7755575615628914e-17,0.015706618962432917,0.03141728174159398
MAM_archive_offline,69,prediction,VA,0.13348357818416057,0.12701448573387683,0.005960650784599617,0.0005084416656841052,0.0,0.02090635001597242,0.027720907095640335
MAM_archive_offline,69,prediction,expression,0.1511707427303518,0.13498958916018886,0.01496223020177529,0.0012189233683876797,2.7755575615628914e-17,0.007547478089659457,0.010511863491349449
MAM_archive_offline,69,processed_targets,AU,0.12176002517160578,0.06352188122825861,0.04947146982456037,0.008766674118786793,1.3877787807814457e-17,0.005499403697078116,0.01100126742712294
MAM_archive_offline,69,processed_targets,VA,0.12840355746402768,0.11146350190873397,0.015672067928702356,0.0012679876265913824,2.7755575615628914e-17,0.011100655186118321,0.014818291918603106
MAM_archive_offline,69,processed_targets,expression,0.12984928115058383,0.08292274071565114,0.04184284511420324,0.005083695320729455,0.0,0.01180221120822753,0.016046099264713964
MAM_archive_offline,70,prediction,AU,0.147189495744068,0.06365486398853193,0.06394165180857382,0.019592979946962248,2.7755575615628914e-17,0.014949928469241773,0.029900724443251946
MAM_archive_offline,70,prediction,VA,0.12254745083226405,0.11630596473510302,0.005829749238023136,0.0004117368591378496,4.163336342344337e-17,0.023931310942543665,0.03330310726733555
MAM_archive_offline,70,prediction,expression,0.14135109853487704,0.12731345503306807,0.012621682610420477,0.0014159608913884916,0.0,0.009233022519799065,0.013025940869843555
MAM_archive_offline,70,processed_targets,AU,0.11702114557571784,0.052184281278417885,0.05514009324359676,0.009696771053703205,1.3877787807814457e-17,0.00674892703862661,0.013499686968965209
MAM_archive_offline,70,processed_targets,VA,0.12491285950752944,0.11041593094248738,0.013362994076085391,0.0011339344889566708,0.0,0.011418246038062218,0.015749439354391225
MAM_archive_offline,70,processed_targets,expression,0.12248982778890247,0.07779569414288347,0.039256390992342384,0.0054377426536766265,1.3877787807814457e-17,0.011991496382060667,0.017125762397559106
MAM_archive_offline,71,prediction,AU,0.22661729477778594,0.12976670653378042,0.07324704938394394,0.023603538860061554,2.7755575615628914e-17,0.018378654970760234,0.03675074943335527
MAM_archive_offline,71,prediction,VA,0.0821515098771718,0.0760420982036838,0.005692471765071814,0.0004169399084161659,2.7755575615628914e-17,0.024000925463976606,0.03446710754456104
MAM_archive_offline,71,prediction,expression,0.14039594467076497,0.12446505868989226,0.014427089910267072,0.001503796070605613,2.7755575615628914e-17,0.011686899965144413,0.01777947844617508
MAM_archive_offline,71,processed_targets,AU,0.1303583522132086,0.0647702324169071,0.05626690206464747,0.009321217731654041,0.0,0.006340643274853801,0.012682605834612854
MAM_archive_offline,71,processed_targets,VA,0.07753270987528177,0.05996923990345727,0.016303396387907683,0.001260073583916804,1.3877787807814457e-17,0.011460401937794431,0.015364455604052649
MAM_archive_offline,71,processed_targets,expression,0.12294499148149404,0.08116920892246833,0.036068751157125364,0.005707031401900325,2.7755575615628914e-17,0.01099823304670219,0.01459763232614562
MAM_archive_offline,72,prediction,AU,0.2174308266111545,0.10625355330402936,0.08611406314145592,0.025063210165669186,5.551115123125783e-17,0.020199121522693996,0.040384690490138646
MAM_archive_offline,72,prediction,VA,0.12035219176161815,0.11249282919571697,0.0072393221847322905,0.0006200403811688816,1.3877787807814457e-17,0.027495270470699457,0.0398045833075736
MAM_archive_offline,72,prediction,expression,0.1327588721705895,0.11226018879306766,0.018845111260357452,0.0016535721171643558,2.7755575615628914e-17,0.012320025855306366,0.01869472929237063
MAM_archive_offline,72,processed_targets,AU,0.26519732847601707,0.08537423980013338,0.15084822095101588,0.02897486772486772,5.551115123125783e-17,0.014912640312347486,0.029834016793595
MAM_archive_offline,72,processed_targets,VA,0.188071359183814,0.11656243236589209,0.06697293639193694,0.004535990425985082,8.326672684688674e-17,0.018113754975608118,0.022733057113326148
MAM_archive_offline,72,processed_targets,expression,0.13715774906556402,0.05989709012972695,0.06709287717095265,0.010167781764884412,0.0,0.013855162354113389,0.01903757398068966
MAM_archive_offline,73,prediction,AU,0.18525604581221936,0.07859808251770152,0.0835698097906246,0.023088153503893215,2.7755575615628914e-17,0.018427445526193787,0.03684845112224077
MAM_archive_offline,73,prediction,VA,0.1068744742471391,0.0976552054964994,0.008739846194850841,0.00047942255578885213,0.0,0.02308978083692439,0.03221745982949131
MAM_archive_offline,73,prediction,expression,0.12765726576010739,0.10496470080862823,0.02104800996767977,0.0016445549837993895,0.0,0.0118612733184572,0.01750092637935111
MAM_archive_offline,73,processed_targets,AU,0.2722749557121081,0.09575823971090436,0.14910261391246318,0.027414102088740577,5.551115123125783e-17,0.01440148354195642,0.028807271378222966
MAM_archive_offline,73,processed_targets,VA,0.168386018705859,0.09702435593489975,0.06686758082246182,0.004494081948497391,2.7755575615628914e-17,0.017866286555815472,0.02198508509523383
MAM_archive_offline,73,processed_targets,expression,0.1312040454064995,0.050577651982917936,0.07032817125229242,0.01029822217128916,0.0,0.014394274666936237,0.019600979065566605
MAM_archive_offline,74,prediction,AU,0.1925897862249444,0.08698727545781108,0.08394272471257552,0.02165978605455779,0.0,0.01697991663508905,0.033946055208135935
MAM_archive_offline,74,prediction,VA,0.13528271863385963,0.12780039246660413,0.0070163056623949276,0.0004660205048606216,2.7755575615628914e-17,0.025442545456264582,0.03615006070502996
MAM_archive_offline,74,prediction,expression,0.13831006974066914,0.11280744671945724,0.02389099173042793,0.001611631290783948,2.7755575615628914e-17,0.010696500884017938,0.01602247890706925
MAM_archive_offline,74,processed_targets,AU,0.25267776585071533,0.09155521283740904,0.13974526795350556,0.021377285059800685,5.551115123125783e-17,0.010977643046608565,0.021955656623081295
MAM_archive_offline,74,processed_targets,VA,0.21561728393276164,0.1651123418335173,0.04774313122959175,0.002761810869652576,0.0,0.012331146603469942,0.014883547554949292
MAM_archive_offline,74,processed_targets,expression,0.12145440462124822,0.06685590012289351,0.048371839468099836,0.006226665030254876,0.0,0.008636482759473258,0.011270023316100086
MAM_archive_offline,75,prediction,AU,0.21539860975344846,0.11052110884727832,0.08103456889791556,0.02384293200825459,2.7755575615628914e-17,0.01872410632447296,0.03744896711893411
MAM_archive_offline,75,prediction,VA,0.0917722389905369,0.08256582075276842,0.0087199671204329,0.0004864511173355813,0.0,0.0249643071129013,0.03552829027775003
MAM_archive_offline,75,prediction,expression,0.12175680314244834,0.09853940019850942,0.02142144590321241,0.0017959570407265202,0.0,0.013037595027346374,0.019293520149778948
MAM_archive_offline,75,processed_targets,AU,0.25322200499619857,0.08050753172312154,0.1490668410367351,0.023647632236341913,0.0,0.012285976168652612,0.024576457645764577
MAM_archive_offline,75,processed_targets,VA,0.21999789596843583,0.1649505789980574,0.051668104799398124,0.0033792121709801783,1.3877787807814457e-16,0.013839251612109072,0.01681188926688827
MAM_archive_offline,75,processed_targets,expression,0.11666747280147925,0.059040371356239,0.05053679437200555,0.007090307073234721,1.3877787807814457e-17,0.010205230162238881,0.013815618104734168
MAM_archive_offline,76,prediction,AU,0.19840956568909204,0.08547728324032912,0.0860135469479146,0.02691873550084831,0.0,0.021674979218620116,0.04335931815819562
MAM_archive_offline,76,prediction,VA,0.12900250832899732,0.12000519264108332,0.00854957072056585,0.00044774496734816476,2.7755575615628914e-17,0.025924541647055547,0.03691960398371417
MAM_archive_offline,76,prediction,expression,0.13015792833320572,0.1055903513284446,0.022368402293541614,0.002199174711219493,0.0,0.01290528616887442,0.019500903105341656
MAM_archive_offline,76,processed_targets,AU,0.1951659106909964,0.0444089073531683,0.12684572371916297,0.023911279618665095,2.7755575615628914e-17,0.012581047381546135,0.025169940754599315
MAM_archive_offline,76,processed_targets,VA,0.16047468313029045,0.11366347554508899,0.04282964530518963,0.003981562280011843,0.0,0.016303449409242783,0.02025227674132368
MAM_archive_offline,76,processed_targets,expression,0.12591563260718128,0.0554576970514845,0.06079695361518346,0.009660981940513316,0.0,0.01287257109698539,0.01757917228132629
MAM_archive_offline,77,prediction,AU,0.21713713713713714,0.12633817323150148,0.06679597786875131,0.02400298603688434,2.7755575615628914e-17,0.019734188817598534,0.03945285037444597
MAM_archive_offline,77,prediction,VA,0.08803124138679794,0.08376456621466843,0.003738845329017285,0.0005278298431122633,5.551115123125783e-17,0.030832197188215293,0.046683548207362736
MAM_archive_offline,77,prediction,expression,0.14221511122413225,0.12788164324468523,0.012278824434169356,0.0020546435452776955,5.551115123125783e-17,0.014407963525620474,0.022350051971307586
MAM_archive_offline,77,processed_targets,AU,0.22744642948032778,0.06322675945042927,0.1373607651201462,0.02685890490975237,5.551115123125783e-17,0.014463794683776352,0.02893779611798869
MAM_archive_offline,77,processed_targets,VA,0.1850329889058728,0.13737162826117094,0.04395023717026308,0.0037111234744386973,8.326672684688674e-17,0.016305418278062485,0.020422593145069726
MAM_archive_offline,77,processed_targets,expression,0.13326484763809684,0.06123962228932845,0.06300751307635154,0.009017712272416838,0.0,0.013062924864681382,0.017810272547244852
MAM_archive_offline,78,prediction,AU,0.20123831839507994,0.09693019525152,0.08115485174799389,0.023153271395566045,0.0,0.01750639134709931,0.035008113291045875
MAM_archive_offline,78,prediction,VA,0.11513394355509976,0.10868357497474025,0.006044285633813046,0.00040608294654649265,2.7755575615628914e-17,0.02314360845713824,0.032421443491421474
MAM_archive_offline,78,prediction,expression,0.15324502979071636,0.13867773348148643,0.013328920821326027,0.0012383754879039053,0.0,0.008519327266765334,0.012359855396852528
MAM_archive_offline,78,processed_targets,AU,0.19647162278042682,0.0583528752519727,0.12106848180778576,0.017050265720668315,5.551115123125783e-17,0.009178957718780727,0.018360623494124012
MAM_archive_offline,78,processed_targets,VA,0.168595770828843,0.12941954873847303,0.036216729988471606,0.002959492101898354,0.0,0.01128951070676379,0.014067207467303324
MAM_archive_offline,78,processed_targets,expression,0.10668786605050498,0.056463628942783006,0.04403457007223312,0.006189667035488838,1.3877787807814457e-17,0.0076852585237447875,0.010333990228687771
MAM_archive_offline,79,prediction,AU,0.20429217609386896,0.10678038325723979,0.07128980200258675,0.02622199083404243,0.0,0.022149626940915507,0.0442816787732042
MAM_archive_offline,79,prediction,VA,0.0912491267048231,0.08673646613601271,0.0038842269127166832,0.0006284336560937329,2.7755575615628914e-17,0.03126733256037715,0.047449299800291445
MAM_archive_offline,79,prediction,expression,0.11744325648010293,0.09769499382439428,0.017759497169866145,0.0019887654858424908,0.0,0.015420427319732309,0.024203167278967385
MAM_archive_offline,79,processed_targets,AU,0.211484616418111,0.04907071413033289,0.13567703543301524,0.026736866854762866,0.0,0.013801169590643274,0.027602905569007265
MAM_archive_offline,79,processed_targets,VA,0.14385898342985481,0.08715318515939612,0.051418691995587046,0.00528710627487166,0.0,0.01977763464657451,0.024595691783231916
MAM_archive_offline,79,processed_targets,expression,0.13032205144367592,0.04302720193476136,0.07482554989881178,0.012469299610102775,2.7755575615628914e-17,0.016397118087912787,0.022354473263436057
seed123_R2_step6000,0,prediction,AU,0.07035036254527492,0.02424409411622347,0.043677679306403774,0.0024285891226476877,1.3877787807814457e-17,0.013278401905682378,0.017845649082101633
seed123_R2_step6000,0,prediction,VA,0.0038678251573772146,0.0011800509517237796,0.0025126049305646634,0.00017516927508877,1.3010426069826053e-18,0.021680554251640116,0.024372181362679286
seed123_R2_step6000,0,prediction,expression,0.025460226585655697,0.01094157325971717,0.01369983394304581,0.0008188193828927196,0.0,0.011634228922956142,0.015306300491985201
seed123_R2_step6000,0,processed_targets,AU,0.2468928118149302,0.11216488278687899,0.12021416032684741,0.014513768701203801,0.0,0.008509090909090909,0.017027027027027027
seed123_R2_step6000,0,processed_targets,VA,0.24093695226099449,0.19306009776514166,0.04615039377131954,0.001726460724533247,2.7755575615628914e-17,0.010503816214378004,0.013521472877569172
seed123_R2_step6000,0,processed_targets,expression,0.12673749381976335,0.07379555681778921,0.04845504342045324,0.004486893581520914,0.0,0.007967644879511416,0.011051477896737456
seed123_R2_step6000,1,prediction,AU,0.05723932172857622,0.01598984266546399,0.038606161793685194,0.0026433172694270367,6.938893903907228e-18,0.01629348340296293,0.023454868862152926
seed123_R2_step6000,1,prediction,VA,0.004042551543943788,0.0009971650734365183,0.002805831728164193,0.00023955474234307685,8.673617379884035e-19,0.025270922940983105,0.03314463882149215
seed123_R2_step6000,1,prediction,expression,0.022495047168247313,0.009127996212773761,0.012557368410045238,0.0008096825454283105,3.469446951953614e-18,0.01265420775281235,0.017896219733246888
seed123_R2_step6000,1,processed_targets,AU,0.1892513250182488,0.061132759419154276,0.11344620441430828,0.014672361184786206,2.7755575615628914e-17,0.008370497427101201,0.016738197424892704
seed123_R2_step6000,1,processed_targets,VA,0.1742168718498816,0.1128612728727193,0.058791764879625424,0.002563834097536901,2.7755575615628914e-17,0.013501502275323147,0.017943337417723283
seed123_R2_step6000,1,processed_targets,expression,0.12161621630020142,0.05632616224579112,0.059613184865121,0.005676869189289337,4.163336342344337e-17,0.01016422428356031,0.014294150524274782
seed123_R2_step6000,2,prediction,AU,0.07317472079775626,0.029890101042487335,0.03934683590421637,0.003937783851052542,0.0,0.01841668618736693,0.02680372033220531
seed123_R2_step6000,2,prediction,VA,0.005854604738000523,0.0029360779790366873,0.0025469762062621366,0.00037155055270169973,8.673617379884035e-19,0.02450609001273339,0.030951726814808164
seed123_R2_step6000,2,prediction,expression,0.030611817220631898,0.015451924808787256,0.013830152047357217,0.001329740364487425,0.0,0.01486633284106017,0.021530175926713573
seed123_R2_step6000,2,processed_targets,AU,0.2306112370874276,0.10246090740655042,0.11291538385069323,0.015234945830183925,0.0,0.008472884048105287,0.016948228882833788
seed123_R2_step6000,2,processed_targets,VA,0.23548525048901126,0.1716122905951991,0.06151040496512763,0.0023625549286846216,1.1102230246251565e-16,0.012909512551358113,0.016411045528516903
seed123_R2_step6000,2,processed_targets,expression,0.13513254062236035,0.07374689975273949,0.05646602408697882,0.004919616782642029,2.7755575615628914e-17,0.008316712579856517,0.011016752222447633
seed123_R2_step6000,3,prediction,AU,0.0784523928431035,0.02648019055795233,0.04688321102793962,0.00508899125721155,1.3877787807814457e-17,0.020561256534527006,0.030502641674582193
seed123_R2_step6000,3,prediction,VA,0.0037320871416937178,0.001131967169245943,0.0022637821377228186,0.0003363378347249557,4.336808689942018e-19,0.025326451779155844,0.03315845410854967
seed123_R2_step6000,3,prediction,expression,0.022783412273963712,0.00960667311446826,0.01154975710713945,0.001626982052356003,3.469446951953614e-18,0.016686025529853807,0.02419552658638204
seed123_R2_step6000,3,processed_targets,AU,0.23458146007278963,0.0916686002551718,0.12402771744981642,0.018885142367801328,8.326672684688674e-17,0.009541726965750121,0.019091787439613525
seed123_R2_step6000,3,processed_targets,VA,0.15235186465804765,0.08861879240567594,0.06033813613623262,0.0033949361161391043,2.7755575615628914e-17,0.015990349836917068,0.02085294084083559
seed123_R2_step6000,3,processed_targets,expression,0.1429055755640201,0.06225126594452559,0.07131833616086242,0.009335973458632121,5.551115123125783e-17,0.014654444761840978,0.021052512017408764
seed123_R2_step6000,4,prediction,AU,0.0840219836247041,0.034071999559333405,0.04595807416794413,0.003991909897426563,0.0,0.018566333214580788,0.02651018324842639
seed123_R2_step6000,4,prediction,VA,0.004781959994570661,0.0017405099409714617,0.002719118081693036,0.0003223319719061635,0.0,0.022575955091446227,0.028148919325015644
seed123_R2_step6000,4,prediction,expression,0.03428772869407384,0.014612754451162004,0.018152435577511464,0.0015225386654003545,1.3877787807814457e-17,0.014173436098118747,0.02008994041428246
seed123_R2_step6000,4,processed_targets,AU,0.24640146319158668,0.08100207085727586,0.14125979119470963,0.024139601139601136,2.7755575615628914e-17,0.013814955640050697,0.02765620044402157
seed123_R2_step6000,4,processed_targets,VA,0.19360236403213812,0.11352219916722893,0.07556269530760895,0.004517469557300228,0.0,0.01824695266156454,0.023214877656280823
seed123_R2_step6000,4,processed_targets,expression,0.1340029523029475,0.04865275594603006,0.07573195662972171,0.009618239727195775,2.7755575615628914e-17,0.015648573750317654,0.021850090957627855
seed123_R2_step6000,5,prediction,AU,0.05273513619410229,0.01489879087299661,0.03585882326080946,0.001977522060296225,0.0,0.014363365528901044,0.020003205986129122
seed123_R2_step6000,5,prediction,VA,0.0035850520034858718,0.0013681099286343731,0.0020191457281436,0.00019779634670789845,0.0,0.024381661361106515,0.03096187150286801
seed123_R2_step6000,5,prediction,expression,0.013608359733261128,0.005320337208269943,0.007655082636836237,0.0006329398881549445,3.469446951953614e-18,0.011386761117926272,0.016005893103009334
seed123_R2_step6000,5,processed_targets,AU,0.24642917726887192,0.08574723964976573,0.1383572274127166,0.022324710206389597,0.0,0.01165870741801974,0.023333333333333334
seed123_R2_step6000,5,processed_targets,VA,0.27885674537935495,0.18665255156134472,0.0883257386925624,0.003878455125447759,5.551115123125783e-17,0.01702047859735737,0.021201129468695668
seed123_R2_step6000,5,processed_targets,expression,0.14896403016229195,0.06554516501261955,0.07563481530672346,0.007784049842948906,2.7755575615628914e-17,0.011935396538145057,0.016182702470542307
seed123_R2_step6000,6,prediction,AU,0.05988951218830362,0.016963577206590467,0.04017356765091795,0.0027523673307952097,6.938893903907228e-18,0.014948153025255784,0.02076401160224695
seed123_R2_step6000,6,prediction,VA,0.0039505038150515846,0.000923158270804347,0.0027593427826577916,0.00026800276158944704,8.673617379884035e-19,0.022980685158313936,0.02790606197623922
seed123_R2_step6000,6,prediction,expression,0.019951238011809883,0.007057655478762394,0.012032834893816024,0.0008607476392314625,3.469446951953614e-18,0.013068261030297401,0.017853018305979088
seed123_R2_step6000,6,processed_targets,AU,0.211271363067945,0.07511827044532157,0.11822504279586576,0.017928049826757622,2.7755575615628914e-17,0.00994161801501251,0.019883187317480185
seed123_R2_step6000,6,processed_targets,VA,0.19797022731445676,0.1261020674111879,0.06873852449493535,0.003129635408333557,2.7755575615628914e-17,0.014497756608858941,0.018309952037600885
seed123_R2_step6000,6,processed_targets,expression,0.12810459137191682,0.06431396240582568,0.05734538059975054,0.00644524836634058,2.7755575615628914e-17,0.009554063603718133,0.012692947767766787
seed123_R2_step6000,7,prediction,AU,0.06346395664032084,0.024569689334338698,0.03686375238075802,0.0020305149252241184,0.0,0.013080243458677684,0.018434894042179715
seed123_R2_step6000,7,prediction,VA,0.002517531054493543,0.0009062370929558705,0.0014743593356176838,0.0001369346259199889,4.336808689942018e-19,0.019799423449172373,0.02391439493548205
seed123_R2_step6000,7,prediction,expression,0.02409186422283199,0.01000888868715723,0.01332582717942095,0.0007571483562538031,6.938893903907228e-18,0.010224324261608622,0.01407270278735852
seed123_R2_step6000,7,processed_targets,AU,0.22865996068909702,0.07449965945549694,0.13199955047243306,0.022160750761166994,2.7755575615628914e-17,0.01213256984209613,0.024277777777777777
seed123_R2_step6000,7,processed_targets,VA,0.20827651888695525,0.144447520005743,0.060203520467568675,0.0036254784136435215,5.551115123125783e-17,0.016398092031959816,0.020888497143168934
seed123_R2_step6000,7,processed_targets,expression,0.1331097834915702,0.0670354419371489,0.05842728969667339,0.0076470518577479215,0.0,0.012370187643003586,0.017268933034539174
seed123_R2_step6000,8,prediction,AU,0.06466267560233603,0.02134162741718441,0.040149449750785576,0.003171598434366037,0.0,0.013953152790936701,0.018637624885948757
seed123_R2_step6000,8,prediction,VA,0.002846128328588216,0.0004957431265427458,0.00212019270064254,0.00023019250140293056,4.336808689942018e-19,0.02220657043268327,0.02595875697809666
seed123_R2_step6000,8,prediction,expression,0.03020936686876624,0.011712315770107704,0.01721712012024344,0.0012799309784151018,3.469446951953614e-18,0.010916370140837513,0.013963850122886078
seed123_R2_step6000,8,processed_targets,AU,0.19462998782147722,0.07523334016461307,0.09719591694549512,0.02220073071136901,0.0,0.011623931623931624,0.02325588899645047
seed123_R2_step6000,8,processed_targets,VA,0.0866439712668548,0.04635103831804331,0.03588662759543508,0.004406305353376384,2.7755575615628914e-17,0.016768143016143905,0.02130357314474585
seed123_R2_step6000,8,processed_targets,expression,0.10273221712874835,0.03135929658215694,0.06002398288115241,0.011348937665438997,0.0,0.014715688248037371,0.020458669785061254
seed123_R2_step6000,9,prediction,AU,0.04656837047062472,0.008561869154144084,0.03633349863311999,0.0016730026833606604,2.0816681711721685e-17,0.011053588280590916,0.015450207821216956
seed123_R2_step6000,9,prediction,VA,0.0021349597420604817,0.0005130635591997312,0.0015188935329784744,0.00010300264988227588,0.0,0.021813608423622222,0.026458042803779946
seed123_R2_step6000,9,prediction,expression,0.0145988918262156,0.003900325309609357,0.010250193037860846,0.00044837347874539517,1.734723475976807e-18,0.007846781469621691,0.010343690238217657
seed123_R2_step6000,9,processed_targets,AU,0.18973947895791585,0.041753920270338536,0.11608892591586101,0.031896632771716275,2.7755575615628914e-17,0.016466131907308376,0.0329453734671126
seed123_R2_step6000,9,processed_targets,VA,0.10398238615038771,0.0386382146817229,0.05807959558062121,0.007264575888043598,1.3877787807814457e-17,0.02368607656497329,0.02857894695286069
seed123_R2_step6000,9,processed_targets,expression,0.13135951953441005,0.036043414789008264,0.07869322155612088,0.016622883189280884,2.7755575615628914e-17,0.01934760192329512,0.026141115362619337
seed123_R2_step6000,10,prediction,AU,0.0803087038142739,0.04728134454630028,0.029637692497637418,0.0033896667703362028,0.0,0.01551223529306931,0.021392604904417977
seed123_R2_step6000,10,prediction,VA,0.0034087897626379356,0.001485805251652236,0.0016779549148126156,0.0002450295961730836,8.673617379884035e-19,0.020952575168779925,0.025886095289841902
seed123_R2_step6000,10,prediction,expression,0.031179352741243713,0.017511907516995117,0.01236009376005069,0.0013073514641979101,3.469446951953614e-18,0.013833060647937635,0.019001432366977235
seed123_R2_step6000,10,processed_targets,AU,0.2128940236770789,0.07846517853508153,0.10386473160612517,0.0305641135358722,0.0,0.01567972596874331,0.03136675235646958
seed123_R2_step6000,10,processed_targets,VA,0.10743585254263222,0.06896160660755282,0.032181979315562,0.00629226661951734,5.551115123125783e-17,0.02310721785214107,0.028406574374129447
seed123_R2_step6000,10,processed_targets,expression,0.12562751566636932,0.048591395365540455,0.05978073989298181,0.017255380407847073,2.7755575615628914e-17,0.020274011886057302,0.027391085545344702
seed123_R2_step6000,11,prediction,AU,0.057086548378098505,0.015175025176074452,0.03955207703326728,0.002359446168756781,1.3877787807814457e-17,0.012081277927587357,0.016991592346119605
seed123_R2_step6000,11,prediction,VA,0.002556450296312042,0.0008314022576618577,0.0015893066229293092,0.00013574141572087557,8.673617379884035e-19,0.022429216427777055,0.028808006873116732
seed123_R2_step6000,11,prediction,expression,0.01888209112382267,0.005767115700092848,0.012515416330257928,0.0005995590934718918,3.469446951953614e-18,0.007825528658140074,0.010765835579358323
seed123_R2_step6000,11,processed_targets,AU,0.18602191433487275,0.05739826899283807,0.1001674589192631,0.02845618642277159,0.0,0.014926590538336053,0.029866666666666666
seed123_R2_step6000,11,processed_targets,VA,0.10403742337182316,0.06448061317298308,0.03472752373196857,0.004829286466871485,2.7755575615628914e-17,0.019446966066564545,0.024512111911436124
seed123_R2_step6000,11,processed_targets,expression,0.1302785125211364,0.0625520511452211,0.05420368866978931,0.013522772706126006,0.0,0.016855866612727956,0.02309943875832414
seed123_R2_step6000,12,prediction,AU,0.06829828301072804,0.02726532572637273,0.0381549339214058,0.0028780233629495207,1.3877787807814457e-17,0.012871775457403957,0.017250705723727177
seed123_R2_step6000,12,prediction,VA,0.003094195465858001,0.0006972166321258835,0.002200182494395523,0.0001967963393365946,0.0,0.019734436288444037,0.02202940383196999
seed123_R2_step6000,12,prediction,expression,0.030196639715929247,0.013955412191371086,0.015248603081134505,0.000992624443423654,3.469446951953614e-18,0.011699754229989735,0.015187647338249967
seed123_R2_step6000,12,processed_targets,AU,0.17318329180398148,0.05472832406635822,0.09340276578886958,0.025052201948753672,0.0,0.013164495899662326,0.026328910333735425
seed123_R2_step6000,12,processed_targets,VA,0.12925485887184238,0.07584398966705361,0.047789019643310386,0.00562184956147837,0.0,0.018295545120814747,0.02225579636919664
seed123_R2_step6000,12,processed_targets,expression,0.11557418350758443,0.04808185135437923,0.05580476775163072,0.011687564401574485,0.0,0.013454392281544948,0.018241651579625102
seed123_R2_step6000,13,prediction,AU,0.061372850044109244,0.02480989065591135,0.03364664557655702,0.0029163138116408797,6.938893903907228e-18,0.012172920619223091,0.016164757739499047
seed123_R2_step6000,13,prediction,VA,0.0022533571204612426,0.00046639853862482343,0.0015660533752528114,0.0002209052065836079,0.0,0.020921456199271618,0.023644714904127406
seed123_R2_step6000,13,prediction,expression,0.030282574579452434,0.015853314047623614,0.013105512683325642,0.0013237478485031776,0.0,0.011929453424562907,0.015226908801479568
seed123_R2_step6000,13,processed_targets,AU,0.20945716235498482,0.0697869770767937,0.10824291001297616,0.031427275265214966,0.0,0.016664572425828972,0.03332914397430527
seed123_R2_step6000,13,processed_targets,VA,0.1593148881603869,0.10749029842258206,0.04620577341039,0.00561881632741478,5.551115123125783e-17,0.019371481681564405,0.023205508916296618
seed123_R2_step6000,13,processed_targets,expression,0.1311833076118733,0.06605780927022732,0.053911604445000386,0.011213893896645618,2.7755575615628914e-17,0.013136940449993958,0.01749871796942544
seed123_R2_step6000,14,prediction,AU,0.05275515513304041,0.020210798066140925,0.030659968375520638,0.0018843886913788444,0.0,0.011101788798880631,0.014913378167276064
seed123_R2_step6000,14,prediction,VA,0.001919718407360457,0.0003638086149266937,0.0014236937165039692,0.00013221607592979392,0.0,0.02032215619895824,0.02299832743280922
seed123_R2_step6000,14,prediction,expression,0.02512673178317432,0.01285216785972671,0.011403429370145133,0.0008711345533024825,3.469446951953614e-18,0.01038947249355256,0.013490649863669567
seed123_R2_step6000,14,processed_targets,AU,0.2072061812379273,0.06748104148800976,0.1074540387169117,0.032271101033005796,5.551115123125783e-17,0.01765026083012021,0.035300967937084086
seed123_R2_step6000,14,processed_targets,VA,0.1360702987851601,0.09206057312897606,0.03889015961235525,0.005119566043828773,2.7755575615628914e-17,0.018688124917020033,0.02248358901044161
seed123_R2_step6000,14,processed_targets,expression,0.12756763751507277,0.06664152136264107,0.04987674273777285,0.01104937341465888,2.7755575615628914e-17,0.013123661503389237,0.017441978016523318
seed123_R2_step6000,15,prediction,AU,0.06790099767621019,0.022104627551187427,0.04272804288697141,0.0030683272380513603,1.3877787807814457e-17,0.018287285194193426,0.025567951473136848
seed123_R2_step6000,15,prediction,VA,0.0054739897333659585,0.001972108710625903,0.0032549383827354134,0.0002469426400046437,1.734723475976807e-18,0.0239529507830049,0.029713058776594546
seed123_R2_step6000,15,prediction,expression,0.030198955352969948,0.012423344333677564,0.016631210398973122,0.0011444006203192706,1.0408340855860843e-17,0.014282226630905474,0.020170217478394155
seed123_R2_step6000,15,processed_targets,AU,0.1945005611672279,0.04312515654109369,0.11812203762276714,0.033253367003367,5.551115123125783e-17,0.016937847397675593,0.03387596899224806
seed123_R2_step6000,15,processed_targets,VA,0.1316328889881215,0.07155865080863952,0.05352212251404739,0.006552115665434527,5.551115123125783e-17,0.023029101721776774,0.028492663029479608
seed123_R2_step6000,15,processed_targets,expression,0.12687575715812907,0.04183202126579757,0.06928748202068417,0.01575625387164736,2.7755575615628914e-17,0.019624858219690552,0.027130126851084728
seed123_R2_step6000,16,prediction,AU,0.05488285528634525,0.017783859274828905,0.0352915327734996,0.0018074632380167413,0.0,0.014768525071190818,0.01950594316212911
seed123_R2_step6000,16,prediction,VA,0.002330455117144312,0.0008797742742745436,0.0013269909113371968,0.00012368993153257196,0.0,0.020624089095256305,0.025131442155021468
seed123_R2_step6000,16,prediction,expression,0.022849129655570767,0.011067276009128477,0.01108036630305504,0.0007014873433872511,0.0,0.012066692490406056,0.016321515883394044
seed123_R2_step6000,16,processed_targets,AU,0.2012671104284008,0.0541602509983066,0.1190202576209117,0.028086601809182453,2.7755575615628914e-17,0.0138929889298893,0.02778085564789166
seed123_R2_step6000,16,processed_targets,VA,0.17404548732732894,0.11847357060056365,0.04961477388318572,0.005957142843579593,2.7755575615628914e-17,0.019805289239612344,0.023070388689245047
seed123_R2_step6000,16,processed_targets,expression,0.13573881164485535,0.0526468020952153,0.06957443381604136,0.013517575733598687,0.0,0.016149557639473528,0.021436163318733818
seed123_R2_step6000,17,prediction,AU,0.06049588005472825,0.023095916482824014,0.03480025930859866,0.0025997042633055813,0.0,0.014125424005229285,0.019451453280072212
seed123_R2_step6000,17,prediction,VA,0.003238501283963645,0.0008373969105932147,0.0021787429720563968,0.0002223614013140333,4.336808689942018e-19,0.022380283591258782,0.026400953535311328
seed123_R2_step6000,17,prediction,expression,0.028921150534862886,0.01428704966157741,0.01355362680801455,0.0010804740652709166,1.0408340855860843e-17,0.012820667691883569,0.017264766303283337
seed123_R2_step6000,17,processed_targets,AU,0.20866970975135304,0.07764507276810785,0.11011773033660895,0.020906906646636237,0.0,0.011224967490247074,0.02245057232049948
seed123_R2_step6000,17,processed_targets,VA,0.09929126538310552,0.0590086892351138,0.03596976331683595,0.004312812831155814,4.163336342344337e-17,0.015847896866897613,0.019791105651450765
seed123_R2_step6000,17,processed_targets,expression,0.10677838721111407,0.05227582085383457,0.04506870645124438,0.009433859906035116,1.3877787807814457e-17,0.012249337402954134,0.017038076027889325
seed123_R2_step6000,18,prediction,AU,0.06523229161608957,0.025735918002424037,0.036846129773164364,0.002650243840501177,1.3877787807814457e-17,0.012776512507415865,0.01665716125723325
seed123_R2_step6000,18,prediction,VA,0.0028216857634282594,0.0005601489747270032,0.002048666734938866,0.00021287005376239022,0.0,0.02163111669157257,0.024070933455945513
seed123_R2_step6000,18,prediction,expression,0.02987281792729176,0.014580184441941991,0.01421209181610724,0.0010805416692425361,1.0408340855860843e-17,0.012630317663907539,0.01627759284356801
seed123_R2_step6000,18,processed_targets,AU,0.23011415280014316,0.07705231238379737,0.12481370419638992,0.028248136219955863,2.7755575615628914e-17,0.014641533752215241,0.02928755641521599
seed123_R2_step6000,18,processed_targets,VA,0.19054302888597324,0.13543351519137517,0.04900408820589061,0.006105425488707479,2.7755575615628914e-17,0.02030211714942165,0.02490340477617627
seed123_R2_step6000,18,processed_targets,expression,0.1359043907256277,0.06151683351960703,0.06133057804826053,0.013056979157760135,0.0,0.015509365787393047,0.021541623762903098
seed123_R2_step6000,19,prediction,AU,0.060630286589234014,0.021980376088030606,0.03599989671038409,0.0026500137908193186,0.0,0.012865721201085409,0.017164758265274305
seed123_R2_step6000,19,prediction,VA,0.002268532609304846,0.0004143154744376884,0.0016842673133071744,0.00016994982155998331,0.0,0.021552519760546576,0.024791131633085065
seed123_R2_step6000,19,prediction,expression,0.028804208040356293,0.012544976302852198,0.015188998598872327,0.0010702331386317732,3.469446951953614e-18,0.011164403549916746,0.01450742579620353
seed123_R2_step6000,19,processed_targets,AU,0.2346438258386867,0.07892658433874176,0.1285918435415705,0.027125397958374403,2.7755575615628914e-17,0.01479005998286204,0.02958708386912416
seed123_R2_step6000,19,processed_targets,VA,0.19257229116277552,0.14098080824914105,0.04641370312185704,0.005177779791777421,0.0,0.018985714478739046,0.023283440873994497
seed123_R2_step6000,19,processed_targets,expression,0.1333918669786181,0.06278124990261445,0.05891295662290627,0.011697660453097366,0.0,0.014929781710754458,0.02072338354077576
seed123_R2_step6000,20,prediction,AU,0.07336377974054596,0.029818913347814512,0.03906891582738596,0.004475950565345498,1.3877787807814457e-17,0.020535800182827732,0.03170681845787768
seed123_R2_step6000,20,prediction,VA,0.006494499054224552,0.002653678419358137,0.0033396184121714397,0.0005012022226949762,8.673617379884035e-19,0.027746238262725226,0.03709093178497018
seed123_R2_step6000,20,prediction,expression,0.033190269911323636,0.018409467239147697,0.013098086393645892,0.0016827162785300537,6.938893903907228e-18,0.016672435062802797,0.02492946053449809
seed123_R2_step6000,20,processed_targets,AU,0.21235547540326624,0.08139439446520376,0.11957100646322694,0.011390074474835522,2.7755575615628914e-17,0.006606498194945848,0.0132128876844324
seed123_R2_step6000,20,processed_targets,VA,0.21174766731006267,0.1417544823428278,0.06754584040234508,0.002447344564889897,1.3877787807814457e-16,0.011527246631856752,0.015091350102879599
seed123_R2_step6000,20,processed_targets,expression,0.12077157030332707,0.05873854572751243,0.05650383528843367,0.005529189287380982,1.3877787807814457e-17,0.009006341831006385,0.01254458764032251
seed123_R2_step6000,21,prediction,AU,0.07175689742706082,0.025697986883375996,0.043033579379006474,0.0030253311646783305,1.3877787807814457e-17,0.018207003646622453,0.025545080399401583
seed123_R2_step6000,21,prediction,VA,0.006645312634762911,0.0031722531914124535,0.0031376992290288053,0.00033536021432165107,8.673617379884035e-19,0.02368308410103151,0.02968218518182734
seed123_R2_step6000,21,prediction,expression,0.028676703083643597,0.013632047905163942,0.014089103073791671,0.0009555521046879855,0.0,0.013735217298269748,0.01900428323759932
seed123_R2_step6000,21,processed_targets,AU,0.23856354393609297,0.07009898044911501,0.15587051846156036,0.012594045025417572,2.7755575615628914e-17,0.007491004252535165,0.014990176817288802
seed123_R2_step6000,21,processed_targets,VA,0.22514086568780659,0.1189727430593367,0.10343673318613276,0.002731389442337112,0.0,0.01183893456707788,0.015675690301926348
seed123_R2_step6000,21,processed_targets,expression,0.11365595646202407,0.040198206348910054,0.06738759364600679,0.0060701564671072185,1.3877787807814457e-17,0.010348436666961955,0.014831078346856718
seed123_R2_step6000,22,prediction,AU,0.08404977890144025,0.044465333031435864,0.03407783849753528,0.005506607372469122,1.3877787807814457e-17,0.02234394787567554,0.03398571724157284
seed123_R2_step6000,22,prediction,VA,0.005839646913369339,0.002859167738747832,0.002448884114820845,0.0005315950598006622,0.0,0.02644537599518064,0.036282381616302095
seed123_R2_step6000,22,prediction,expression,0.03715636761368372,0.02242396584827987,0.012543513061205581,0.0021888887041982574,6.938893903907228e-18,0.01894791719617347,0.0280639894185611
seed123_R2_step6000,22,processed_targets,AU,0.26949336502277677,0.09353136524095947,0.16097348720506946,0.01498851257674787,5.551115123125783e-17,0.008137044967880086,0.016291532690246517
seed123_R2_step6000,22,processed_targets,VA,0.24341571424646732,0.15757480594656645,0.08321938076697824,0.002621527532922651,2.7755575615628914e-17,0.012729187003223173,0.01671782831750243
seed123_R2_step6000,22,processed_targets,expression,0.13092043086411825,0.05947829241592443,0.06460202181871876,0.0068401166294751,2.7755575615628914e-17,0.010747152036277753,0.015078347196420145
seed123_R2_step6000,23,prediction,AU,0.06718015594043668,0.02658012698419845,0.0365402178641571,0.0040598110920811396,1.3877787807814457e-17,0.01866505558379856,0.02740840484882704
seed123_R2_step6000,23,prediction,VA,0.005981523977851003,0.0021645020942388667,0.003437599409592129,0.0003794224740200079,8.673617379884035e-19,0.02421850185305257,0.03118675290677109
seed123_R2_step6000,23,prediction,expression,0.03109149771972045,0.015505677096748844,0.014373648754359722,0.001212171868611884,0.0,0.01289003448122867,0.01830581818311834
seed123_R2_step6000,23,processed_targets,AU,0.2507932480530007,0.07423397763167508,0.1626439516772723,0.013915318744053282,0.0,0.008438095238095238,0.016873212583412775
seed123_R2_step6000,23,processed_targets,VA,0.2530284007974883,0.14777730366305078,0.10204679938595135,0.0032042977484861928,5.551115123125783e-17,0.013168824201183659,0.01757549013644173
seed123_R2_step6000,23,processed_targets,expression,0.12323646016257107,0.055365924907043944,0.062048553743917344,0.005821981511609765,1.3877787807814457e-17,0.009463605825791293,0.013434945874140252
seed123_R2_step6000,24,prediction,AU,0.06881912883611352,0.02349113307510446,0.04286856299879891,0.0024594327622101467,0.0,0.01469304303600217,0.020340094448862582
seed123_R2_step6000,24,prediction,VA,0.0037478089336205607,0.0014374966837821896,0.002119977353841323,0.0001903348959970484,4.336808689942018e-19,0.02305512574624019,0.028280158499038675
seed123_R2_step6000,24,prediction,expression,0.024290448517666076,0.00829906215279897,0.015023246716554525,0.0009681396483125747,6.938893903907228e-18,0.012781954487735718,0.017716084786930656
seed123_R2_step6000,24,processed_targets,AU,0.27179498690609805,0.09261086888337168,0.16044356433772822,0.018740553684998128,5.551115123125783e-17,0.010711156049882035,0.021437246963562754
seed123_R2_step6000,24,processed_targets,VA,0.2494452398422124,0.14968728568123862,0.09685606032335602,0.002901893837617689,5.551115123125783e-17,0.013355852982935216,0.016860789498917547
seed123_R2_step6000,24,processed_targets,expression,0.13096644303967833,0.05678711353868336,0.06820164021559728,0.0059776892853976756,0.0,0.009206745087098013,0.012693690286955566
seed123_R2_step6000,25,prediction,AU,0.07196198896321976,0.026797505459356424,0.04174841863645836,0.003416064867404999,2.7755575615628914e-17,0.016774901375271472,0.023030405033591664
seed123_R2_step6000,25,prediction,VA,0.003421135282967658,0.0010243417401158117,0.0021090803097215485,0.0002877132331302979,0.0,0.02335939305662573,0.02819004217457916
seed123_R2_step6000,25,prediction,expression,0.02760013865077594,0.010464950846836756,0.01570202704851575,0.001433160755423435,3.469446951953614e-18,0.014537837925228697,0.019616906521714616
seed123_R2_step6000,25,processed_targets,AU,0.27182174043962665,0.10778624202231181,0.1438284824582663,0.02020701595904848,5.551115123125783e-17,0.010512037978975925,0.021038696537678207
seed123_R2_step6000,25,processed_targets,VA,0.2828012951311254,0.19283071416845246,0.0868596977535209,0.003110883209152082,5.551115123125783e-17,0.013629683231440348,0.017387510668069064
seed123_R2_step6000,25,processed_targets,expression,0.1252543943817122,0.05879747955019442,0.06042470186524856,0.00603221296626927,2.7755575615628914e-17,0.009468579711873178,0.013321893085708239
seed123_R2_step6000,26,prediction,AU,0.06378772223248677,0.01721063152283111,0.04456306391407293,0.0020140267955827307,0.0,0.012449453999604359,0.01778407979285047
seed123_R2_step6000,26,prediction,VA,0.003425127376504055,0.001051370844423353,0.0022249414556661878,0.0001488150764145138,4.336808689942018e-19,0.02311007635985218,0.027952494753811286
seed123_R2_step6000,26,prediction,expression,0.021194664425661033,0.006802749093681379,0.013658328263970157,0.0007335870680094923,6.938893903907228e-18,0.010933254036043947,0.015186828081509065
seed123_R2_step6000,26,processed_targets,AU,0.24096458808419177,0.08890580086434575,0.13589383741512268,0.016164949804723334,2.7755575615628914e-17,0.008748819641170916,0.017495865816206
seed123_R2_step6000,26,processed_targets,VA,0.20947185340724098,0.11433469182313374,0.09221941365950481,0.0029177479246024554,2.7755575615628914e-17,0.013024868430812492,0.01673385966753998
seed123_R2_step6000,26,processed_targets,expression,0.11726088065006636,0.04617722302031709,0.06555778745250351,0.005525870177245754,0.0,0.0085773309992903,0.011749820982227089
seed123_R2_step6000,27,prediction,AU,0.06324920069419261,0.01955258193719931,0.041263128932680256,0.0024334898243130463,0.0,0.01381563186996693,0.019268205547006555
seed123_R2_step6000,27,prediction,VA,0.0033017489943309142,0.0009745797709540129,0.0021591487951065193,0.00016802042827038254,4.336808689942018e-19,0.02226120015465519,0.02717797223109443
seed123_R2_step6000,27,prediction,expression,0.018836132946325426,0.006932899840940545,0.01124971755267997,0.0006535155527049138,3.469446951953614e-18,0.011302391398670914,0.01521472863517361
seed123_R2_step6000,27,processed_targets,AU,0.2657419202642133,0.11747442424980055,0.13080848445508272,0.017459011559330034,5.551115123125783e-17,0.009837981407702524,0.019670388091440724
seed123_R2_step6000,27,processed_targets,VA,0.2003246079105433,0.12084499845587267,0.07646529425281204,0.003014315201858593,2.7755575615628914e-17,0.01305040766488746,0.01678147410002479
seed123_R2_step6000,27,processed_targets,expression,0.10875559467550461,0.04849714977011053,0.05497897410492642,0.005279470800467613,4.163336342344337e-17,0.008058316339143314,0.010606889437365041
seed123_R2_step6000,28,prediction,AU,0.06726402858096427,0.01928535466682009,0.04462601281358123,0.003352661100562956,1.3877787807814457e-17,0.01791319309746939,0.027347722790117202
seed123_R2_step6000,28,prediction,VA,0.002826903534741261,0.0007939986321414833,0.001833454577972255,0.0001994503246275234,8.673617379884035e-19,0.024151985866688014,0.03226679494698886
seed123_R2_step6000,28,prediction,expression,0.020153584841709912,0.006224331847661364,0.012892392562240503,0.0010368604318080473,3.469446951953614e-18,0.014262891227289453,0.020556442155430135
seed123_R2_step6000,28,processed_targets,AU,0.2592811839323467,0.12647209595338804,0.11107547275697134,0.021733615221987312,5.551115123125783e-17,0.010932203389830508,0.0218966737438075
seed123_R2_step6000,28,processed_targets,VA,0.21182568803727972,0.1368515421907439,0.07187079767957674,0.0031033481669590908,2.7755575615628914e-17,0.014886630111437102,0.018586591372539284
seed123_R2_step6000,28,processed_targets,expression,0.14387483939753906,0.0869448622468369,0.04998968384665655,0.006940293304045569,2.7755575615628914e-17,0.01226225748474701,0.016653176113246806
seed123_R2_step6000,29,prediction,AU,0.05316408524635873,0.013173643408581013,0.0373834343267032,0.0026070075110745253,6.938893903907228e-18,0.016054404521235542,0.023196572578371443
seed123_R2_step6000,29,prediction,VA,0.002401605856028695,0.00041614075958881937,0.0017706793806328799,0.00021478571580699562,4.336808689942018e-19,0.023133406155080975,0.029461080111407984
seed123_R2_step6000,29,prediction,expression,0.015221602808543417,0.006077618051122797,0.008347078730021055,0.0007969060273995686,3.469446951953614e-18,0.012625818802547093,0.017437118855430696
seed123_R2_step6000,29,processed_targets,AU,0.24862745098039218,0.12828182253293471,0.10169250052962361,0.0186531279178338,5.551115123125783e-17,0.009642105263157895,0.01929676511954993
seed123_R2_step6000,29,processed_targets,VA,0.18906906112999144,0.13263383071287915,0.053442843038218536,0.0029923873788938035,2.7755575615628914e-17,0.015730845528997874,0.019845596635281914
seed123_R2_step6000,29,processed_targets,expression,0.1424045651009162,0.08846158858637794,0.04687387880665628,0.007069097707881997,0.0,0.012107779507703318,0.01609106563640317
seed123_R2_step6000,30,prediction,AU,0.044476255797548055,0.01307785227822082,0.02818060414458925,0.0032177993747379906,6.938893903907228e-18,0.016844117807457384,0.02510265662644626
seed123_R2_step6000,30,prediction,VA,0.004007235895310633,0.000835827939020678,0.002820785476413347,0.00035062247987660837,0.0,0.024628428521365226,0.033103379780032416
seed123_R2_step6000,30,prediction,expression,0.015734893433231006,0.005983475823020223,0.008903798453417582,0.0008476191567932033,3.469446951953614e-18,0.013401771227889055,0.019219742878423055
seed123_R2_step6000,30,processed_targets,AU,0.23743025493025496,0.10952294180987364,0.11521716761773582,0.012690145502645503,0.0,0.006623341456810181,0.013252032520325203
seed123_R2_step6000,30,processed_targets,VA,0.1646772637085515,0.09716192439098756,0.06548179557405241,0.0020335437435115063,5.551115123125783e-17,0.010761917334966889,0.01373465528227086
seed123_R2_step6000,30,processed_targets,expression,0.11148765095631016,0.06760520579837284,0.03999828047072708,0.0038841646872102334,1.3877787807814457e-17,0.006682865182712328,0.008812656369170925
seed123_R2_step6000,31,prediction,AU,0.05952018273770387,0.017934058860403997,0.03860462177518975,0.0029815021021101233,6.938893903907228e-18,0.016541882282746286,0.024827662901638563
seed123_R2_step6000,31,prediction,VA,0.003192811142161298,0.0008007346847635193,0.002184309227175381,0.00020776723022239833,4.336808689942018e-19,0.02415410423847529,0.030238853835670168
seed123_R2_step6000,31,prediction,expression,0.021553321263681258,0.00852833610027148,0.012145690465341204,0.0008792946980685734,0.0,0.012769859926108467,0.017945168456354525
seed123_R2_step6000,31,processed_targets,AU,0.2635879097488293,0.14141531686264147,0.10486544090662203,0.017307151979565772,0.0,0.009796701189106253,0.019585253456221197
seed123_R2_step6000,31,processed_targets,VA,0.1640721201320926,0.10303531551211119,0.057494697333360024,0.003542107286621403,2.7755575615628914e-17,0.013944843441025022,0.018058831442130326
seed123_R2_step6000,31,processed_targets,expression,0.12277153026098651,0.07977099678605074,0.03749406723528712,0.005506466239648654,1.3877787807814457e-17,0.008718460487350874,0.011509564033613903
seed123_R2_step6000,32,prediction,AU,0.04975992401632432,0.009390208192173682,0.03667059503970195,0.0036991207844486963,6.938893903907228e-18,0.01749441515457383,0.026735667137295187
seed123_R2_step6000,32,prediction,VA,0.0023010476081678647,0.0004147343077925492,0.0016714815661584084,0.00021483173421690704,4.336808689942018e-19,0.024522528551542973,0.03347687981218996
seed123_R2_step6000,32,prediction,expression,0.018173954080735095,0.005725794519552945,0.011442883352747258,0.0010052762084348905,0.0,0.014362296593765844,0.021267468016896558
seed123_R2_step6000,32,processed_targets,AU,0.27253782965845225,0.12226680752729592,0.13054916019139548,0.01972186193976077,5.551115123125783e-17,0.011176088369070825,0.022356770833333334
seed123_R2_step6000,32,processed_targets,VA,0.24512656260807542,0.17252385703130488,0.0699590468166696,0.0026436587601009025,2.7755575615628914e-17,0.014278478874347479,0.017988823960331503
seed123_R2_step6000,32,processed_targets,expression,0.1457779358136448,0.06810918719593123,0.07104126465936467,0.006627483958348884,0.0,0.010989704857267885,0.01510370547564303
seed123_R2_step6000,33,prediction,AU,0.04343691855661728,0.010402006565926315,0.03067332183222548,0.0023615901584654836,0.0,0.01712854717772718,0.024371858304963523
seed123_R2_step6000,33,prediction,VA,0.001321531241313635,0.00021990088687955876,0.0009605333182137013,0.00014109703622037495,0.0,0.022038355702429305,0.028867684858431497
seed123_R2_step6000,33,prediction,expression,0.010892339619976328,0.004005164119870939,0.006319699371986847,0.0005674761281185426,1.734723475976807e-18,0.013776197521778222,0.01955117698651076
seed123_R2_step6000,33,processed_targets,AU,0.24939921927068462,0.08924921194018015,0.1413326218216022,0.018817385508902218,5.551115123125783e-17,0.008986254295532646,0.01801894918173988
seed123_R2_step6000,33,processed_targets,VA,0.17956019031814183,0.1049181615317297,0.07119072098088866,0.0034513078055234763,0.0,0.013660370597385408,0.016701427445499087
seed123_R2_step6000,33,processed_targets,expression,0.13282732667082556,0.04747034504163815,0.07935566263374698,0.006001318995440429,0.0,0.009232500664223684,0.012066729587340124
seed123_R2_step6000,34,prediction,AU,0.05537754359627893,0.014445870854156927,0.03913367237682859,0.0017980003652934124,0.0,0.011621716963608402,0.015550761973026316
seed123_R2_step6000,34,prediction,VA,0.002761992161904034,0.0007346748166028149,0.0019049664530792524,0.00012235089222196658,0.0,0.02128618731669074,0.02434010166356578
seed123_R2_step6000,34,prediction,expression,0.01815291380111115,0.005390449727297684,0.012200906720773725,0.0005615573530397425,3.469446951953614e-18,0.010273825751091585,0.013477593450755372
seed123_R2_step6000,34,processed_targets,AU,0.26802078639872645,0.11234410280131192,0.141604862384474,0.014071821212940434,1.1102230246251565e-16,0.008035714285714285,0.016051990251827783
seed123_R2_step6000,34,processed_targets,VA,0.21745473910078983,0.13405903862661178,0.08074121615181655,0.0026544843223614235,5.551115123125783e-17,0.012655917684511318,0.01640364477860308
seed123_R2_step6000,34,processed_targets,expression,0.11933006164309697,0.04971783408886726,0.06459994027259355,0.005012287281636134,1.3877787807814457e-17,0.009090190196512355,0.012733511197074589
seed123_R2_step6000,35,prediction,AU,0.052043877405461694,0.013616580763133844,0.036184813421804976,0.0022424832205228747,0.0,0.013588556581435342,0.019563402297923308
seed123_R2_step6000,35,prediction,VA,0.0026998200204200735,0.0006071489130111559,0.001952390415605619,0.00014028069180329892,4.336808689942018e-19,0.023433624136262994,0.029279191457300267
seed123_R2_step6000,35,prediction,expression,0.014444852723646779,0.004351498555193918,0.00948204080136379,0.0006113133670890669,3.469446951953614e-18,0.011079043030746005,0.015168321541606137
seed123_R2_step6000,35,processed_targets,AU,0.28168789980110737,0.1201117755949752,0.14310329724273912,0.018472826963393002,5.551115123125783e-17,0.011269379844961241,0.022542455118874333
seed123_R2_step6000,35,processed_targets,VA,0.2265192974578596,0.13867855763602335,0.08515937190594447,0.00268136791589181,2.7755575615628914e-17,0.013574068503031984,0.017015951462198465
seed123_R2_step6000,35,processed_targets,expression,0.14086405343503774,0.06905168107629481,0.06775081984787314,0.004061552510869802,2.7755575615628914e-17,0.007456053338300907,0.009802194669115857
seed123_R2_step6000,36,prediction,AU,0.05564926492313368,0.02187603124732047,0.030149467503127324,0.0036237661726858956,6.938893903907228e-18,0.019779419402567444,0.02923336017731133
seed123_R2_step6000,36,prediction,VA,0.0044687130951518925,0.0011041048629146205,0.0030380389196272414,0.0003265693126100311,8.673617379884035e-19,0.023551771401984174,0.031667625764039566
seed123_R2_step6000,36,prediction,expression,0.02524655015688338,0.011060996990094094,0.013087623763000922,0.0010979294037883663,0.0,0.01611859340470388,0.02335019996023155
seed123_R2_step6000,36,processed_targets,AU,0.30744132083891124,0.183221664166707,0.10982754855720452,0.01439210811499968,5.551115123125783e-17,0.008421900161030596,0.016868442292171104
seed123_R2_step6000,36,processed_targets,VA,0.254196325589748,0.18137927479286695,0.07091049257306563,0.0019065582238155065,1.1102230246251565e-16,0.012361690435324603,0.015591654104809784
seed123_R2_step6000,36,processed_targets,expression,0.1474228907907764,0.09402613863667676,0.04951965834644386,0.0038770938076557377,2.7755575615628914e-17,0.007518265510166025,0.00970454688781016
seed123_R2_step6000,37,prediction,AU,0.06427806123459026,0.020305657189552222,0.04080664777102595,0.003165756274012099,1.3877787807814457e-17,0.015277228269403913,0.02278846857837792
seed123_R2_step6000,37,prediction,VA,0.0029094748689412033,0.0007786042086378348,0.0019025411690514753,0.00022832949125189332,0.0,0.02445363883094381,0.032174731459094635
seed123_R2_step6000,37,prediction,expression,0.023764723908242944,0.008587754110283225,0.01400095900370077,0.0011760107942589532,0.0,0.013974608122548733,0.020343795998221018
seed123_R2_step6000,37,processed_targets,AU,0.28193333333333337,0.11582062962962962,0.1486593086419753,0.017453395061728397,5.551115123125783e-17,0.009961046188091262,0.019899665551839463
seed123_R2_step6000,37,processed_targets,VA,0.19097583941381632,0.09225232701364572,0.09516260586911073,0.003560906531059864,0.0,0.016978620126134467,0.021471274089392114
seed123_R2_step6000,37,processed_targets,expression,0.12953286737459935,0.051108807432887954,0.07252282918546066,0.0059012307562507135,2.7755575615628914e-17,0.010235911526918802,0.013096772199979775
seed123_R2_step6000,38,prediction,AU,0.05438388039961636,0.014206543014556292,0.037683537501341,0.002493799883719076,0.0,0.013568667111908947,0.0188224535648825
seed123_R2_step6000,38,prediction,VA,0.003655946905990373,0.0006149764233382335,0.0028615734222648356,0.0001793970603873043,0.0,0.023699573083138272,0.029993076995284126
seed123_R2_step6000,38,prediction,expression,0.017582773250064115,0.0060920251870368695,0.010867172478315992,0.0006235755847112545,0.0,0.012049054458358003,0.016589908042781803
seed123_R2_step6000,38,processed_targets,AU,0.3116676897892368,0.14849822815771488,0.1471604678969296,0.016008993734592265,1.1102230246251565e-16,0.00932349323493235,0.01866913123844732
seed123_R2_step6000,38,processed_targets,VA,0.25474567280840915,0.1331709153741478,0.11850067854867147,0.0030740788855899916,5.551115123125783e-17,0.014421248717089202,0.01807807470584037
seed123_R2_step6000,38,processed_targets,expression,0.14528141672859599,0.07082133319756105,0.06980082232724157,0.004659261203793373,0.0,0.008986022984099444,0.011555437541104841
seed123_R2_step6000,39,prediction,AU,0.053583378059665905,0.015791626130904835,0.03581592362567785,0.001975828303083218,0.0,0.015103290186340195,0.02207916493265251
seed123_R2_step6000,39,prediction,VA,0.0023802715766611487,0.0006496472400005081,0.0015869761527667868,0.00014364818389385443,4.336808689942018e-19,0.025091327329621722,0.033056448798284434
seed123_R2_step6000,39,prediction,expression,0.014037246010346102,0.00456157745402035,0.008847463671190423,0.0006282048851353333,3.469446951953614e-18,0.011240554774253878,0.015854170577293457
seed123_R2_step6000,39,processed_targets,AU,0.27595463680735,0.11555021956034515,0.1444612647922245,0.01594315245478036,0.0,0.009320388349514564,0.018651102464332037
seed123_R2_step6000,39,processed_targets,VA,0.2563345130507909,0.1357963792730071,0.11793344731176611,0.0026046864660177428,5.551115123125783e-17,0.014812337645483249,0.018768203347660457
seed123_R2_step6000,39,processed_targets,expression,0.12856895649522007,0.05806814539294798,0.06625721371769168,0.004243597384580414,0.0,0.008308542377563854,0.010793056303722315
seed123_R2_step6000,40,prediction,AU,0.043706210841896576,0.010569195817067887,0.029430783667839,0.0037062313569896877,0.0,0.018628190713565234,0.02543029828836429
seed123_R2_step6000,40,prediction,VA,0.001420756298347144,0.0005522819491127086,0.000693185600033808,0.00017528874920062678,6.505213034913027e-19,0.020962168764359645,0.0271487793055009
seed123_R2_step6000,40,prediction,expression,0.009005944764776331,0.00393132341347223,0.00430085091178493,0.0007737704395191735,1.734723475976807e-18,0.011976888316626067,0.016229105494544704
seed123_R2_step6000,40,processed_targets,AU,0.255356020226869,0.17550973394112787,0.06631458906400696,0.013531697221734123,0.0,0.0066172839506172835,0.013258983890954151
seed123_R2_step6000,40,processed_targets,VA,0.16593237983658213,0.118619901674809,0.04385689560955917,0.003455582552214035,8.326672684688674e-17,0.015080020387691481,0.01786297818500424
seed123_R2_step6000,40,processed_targets,expression,0.14036967731386518,0.09501586365759487,0.03771471734445514,0.0076390963118151784,0.0,0.012237845308300573,0.015774624090780634
seed123_R2_step6000,41,prediction,AU,0.05626056334249365,0.014531271214035362,0.03957329834284551,0.0021559937856127837,6.938893903907228e-18,0.0155123818201688,0.02190134937875702
seed123_R2_step6000,41,prediction,VA,0.0025103645939301557,0.0007275138355340523,0.0016399290836528612,0.00014292167474324203,4.336808689942018e-19,0.022833059176491054,0.028570888681578074
seed123_R2_step6000,41,prediction,expression,0.015220910538402467,0.00631343469797975,0.008315365189906025,0.0005921106505166938,1.734723475976807e-18,0.011242277242369965,0.015478877784275822
seed123_R2_step6000,41,processed_targets,AU,0.25408132202652756,0.10678029073225169,0.12601980038486488,0.02128123090941095,0.0,0.011254901960784314,0.022540929927963325
seed123_R2_step6000,41,processed_targets,VA,0.1586898264028186,0.09598002349176374,0.0593190779243889,0.0033907249866659546,0.0,0.01648785817455135,0.020836287953530406
seed123_R2_step6000,41,processed_targets,expression,0.14683856661761963,0.08503355301081465,0.05415113414160637,0.007653879465198623,2.7755575615628914e-17,0.010847138375846038,0.014141171108561999
seed123_R2_step6000,42,prediction,AU,0.06663583172081292,0.0261772370801673,0.037033732293160204,0.0034248623474854058,1.3877787807814457e-17,0.016761020345081097,0.02407375746421934
seed123_R2_step6000,42,prediction,VA,0.004218570324558512,0.0015607384902365851,0.0023370479493092034,0.0003207838850127227,0.0,0.02407687324774046,0.030950348086480516
seed123_R2_step6000,42,prediction,expression,0.02814464565251128,0.015053927025089462,0.01189945349330894,0.0011912651341128688,1.0408340855860843e-17,0.014696736954536837,0.020472167037437934
seed123_R2_step6000,42,processed_targets,AU,0.21933936899862827,0.12136344662907078,0.089094989584921,0.008880932784636489,0.0,0.004981467753891772,0.009960435212660731
seed123_R2_step6000,42,processed_targets,VA,0.11229469516043401,0.06265223699124067,0.047792382572056674,0.001850075597136656,1.3877787807814457e-17,0.008730122479047486,0.01174975372408724
seed123_R2_step6000,42,processed_targets,expression,0.10347256593839793,0.0649861209169443,0.035559889828621405,0.002926555192832197,2.7755575615628914e-17,0.005755895303278983,0.008333601708875852
seed123_R2_step6000,43,prediction,AU,0.03516299239438821,0.010690795381168744,0.02255927189350912,0.0019129251197103393,0.0,0.015998081958343277,0.02307900182550272
seed123_R2_step6000,43,prediction,VA,0.0013255178511995818,0.0003632929042366076,0.000869983757183385,9.224118977958925e-05,0.0,0.02461568284642406,0.032532432887043675
seed123_R2_step6000,43,prediction,expression,0.013706443177461919,0.005620926017215201,0.0075148555221810015,0.0005706616380657153,1.734723475976807e-18,0.014220515311186281,0.02076371728308954
seed123_R2_step6000,43,processed_targets,AU,0.2530569584736252,0.14086309884408058,0.10455654902348402,0.007637310606060606,0.0,0.004322274881516588,0.008646426312460468
seed123_R2_step6000,43,processed_targets,VA,0.17856045368966378,0.11342380500651213,0.0632389078357489,0.0018977408474027714,2.7755575615628914e-17,0.008954813710603669,0.011529165575726124
seed123_R2_step6000,43,processed_targets,expression,0.10571862941515127,0.05918049703670235,0.043485964513873175,0.003052167864575759,0.0,0.005712681507204692,0.008120902152403011
seed123_R2_step6000,44,prediction,AU,0.05932558733360807,0.01644757881247466,0.039653718140076843,0.0032242903810565746,6.938893903907228e-18,0.017915655693130746,0.025286876513788702
seed123_R2_step6000,44,prediction,VA,0.004048169394891748,0.001467800975087599,0.0023758608168787257,0.0002045076029254225,0.0,0.02376927320251741,0.030057849489649995
seed123_R2_step6000,44,prediction,expression,0.02211179976704101,0.009300210524327071,0.011836121248787147,0.0009754679939267884,0.0,0.012899547490047576,0.017993340165431856
seed123_R2_step6000,44,processed_targets,AU,0.24933832709113612,0.06489922794279482,0.16904003522104874,0.015399063927292532,2.7755575615628914e-17,0.00832917013599778,0.016654171872830765
seed123_R2_step6000,44,processed_targets,VA,0.27001607386550686,0.1523416340679466,0.11409076346179452,0.003583676335765784,5.551115123125783e-17,0.014830115384699081,0.01880028842172986
seed123_R2_step6000,44,processed_targets,expression,0.13877408197818972,0.05305368788459392,0.07883849690446046,0.006881897189135363,2.7755575615628914e-17,0.009628511102598889,0.013158392024063248
seed123_R2_step6000,45,prediction,AU,0.05842170136065271,0.018716119704602876,0.03614444884145279,0.00356113281459705,1.3877787807814457e-17,0.017729605870325064,0.026272631961395454
seed123_R2_step6000,45,prediction,VA,0.00343179761428687,0.0010409588361633105,0.002122746109888065,0.00026809266823549384,8.673617379884035e-19,0.025803863270574302,0.034049105069259136
seed123_R2_step6000,45,prediction,expression,0.022529158605445843,0.00996504069605973,0.011564621239575669,0.0009994966698104466,3.469446951953614e-18,0.011616594871291231,0.016911512904704107
seed123_R2_step6000,45,processed_targets,AU,0.26384257202560185,0.08169574512067834,0.16614003157116236,0.016006795333761127,0.0,0.009164444444444444,0.018334074403438566
seed123_R2_step6000,45,processed_targets,VA,0.24102641745019374,0.13222533884961127,0.10555573235160304,0.003245346248979422,0.0,0.014378529979205794,0.01853338961061728
seed123_R2_step6000,45,processed_targets,expression,0.12788570727289067,0.04521937023705445,0.07638908129830964,0.006277255737526599,2.7755575615628914e-17,0.009976065604089873,0.013670885779821345
seed123_R2_step6000,46,prediction,AU,0.06446566816924111,0.020231911452756813,0.04135028742720162,0.002883469289282683,0.0,0.017103554848606473,0.024029100433281127
seed123_R2_step6000,46,prediction,VA,0.004990596771810322,0.0021167485694911234,0.0026287089009440928,0.00024513930137510636,8.673617379884035e-19,0.024270740233297165,0.03056819671801774
seed123_R2_step6000,46,prediction,expression,0.02267410036073142,0.009503952288288644,0.012218804885711006,0.0009513431867317649,3.469446951953614e-18,0.012502032199712784,0.01747751180814174
seed123_R2_step6000,46,processed_targets,AU,0.25263257290379615,0.08096336958663775,0.15790095135796528,0.013768251959193104,0.0,0.007495026225357208,0.014986883763003165
seed123_R2_step6000,46,processed_targets,VA,0.19730597540419367,0.08785774190462697,0.10649602453698578,0.0029522089625809143,0.0,0.01291601621402843,0.01639627206479193
seed123_R2_step6000,46,processed_targets,expression,0.11796381822109307,0.03614433384829856,0.07568104228455548,0.006138442088239021,1.3877787807814457e-17,0.008695193566113882,0.011749878002129496
seed123_R2_step6000,47,prediction,AU,0.06203270246300795,0.015289232935364345,0.0441086507096032,0.002634818818040397,0.0,0.015250340860140585,0.022020886125488193
seed123_R2_step6000,47,prediction,VA,0.0030796035643860585,0.000665671332951456,0.002227003863516049,0.00018692836791855342,0.0,0.02619024773397432,0.0337416935561125
seed123_R2_step6000,47,prediction,expression,0.016640448232931752,0.004613749759144634,0.011246944581768588,0.0007797538920185265,3.469446951953614e-18,0.010751769275723183,0.01523681632203694
seed123_R2_step6000,47,processed_targets,AU,0.2625876543209877,0.06163403017832648,0.18281288340192042,0.01814074074074074,5.551115123125783e-17,0.010276079303316657,0.020559881349647757
seed123_R2_step6000,47,processed_targets,VA,0.2502907905162813,0.10934916517140972,0.13697308292084248,0.0039685424240291515,5.551115123125783e-17,0.0164097788047383,0.020721238740182196
seed123_R2_step6000,47,processed_targets,expression,0.14597247803332733,0.04192667893339087,0.09634933394357512,0.007696465156361343,0.0,0.011567844088691185,0.016262856784407666
seed123_R2_step6000,48,prediction,AU,0.03994753309741223,0.014252337020460559,0.022601628877921956,0.0030935671990297195,6.938893903907228e-18,0.019971748864341145,0.02958331065094311
seed123_R2_step6000,48,prediction,VA,0.0021312348864661124,0.0005517152502987589,0.001318272000432716,0.0002612476357346379,4.336808689942018e-19,0.024635181625798565,0.033741076139255054
seed123_R2_step6000,48,prediction,expression,0.015407696123276178,0.005685876202436509,0.008711419063470185,0.001010400857369486,1.734723475976807e-18,0.01422778218061032,0.020903823698410814
seed123_R2_step6000,48,processed_targets,AU,0.25013269954446427,0.07289756366220662,0.15534426640315285,0.021890869479104774,0.0,0.011463240542469664,0.022943908538763845
seed123_R2_step6000,48,processed_targets,VA,0.1145934790700125,0.05418823814935363,0.05645635990239257,0.003948881018266288,0.0,0.01729013147331152,0.02217670240382577
seed123_R2_step6000,48,processed_targets,expression,0.13165768385343843,0.04501873581200378,0.07552820041810478,0.011110747623329888,2.7755575615628914e-17,0.015414446760540022,0.020969794126428187
seed123_R2_step6000,49,prediction,AU,0.06947179117596923,0.027809911669659813,0.03830803860882385,0.0033538408974855796,1.3877787807814457e-17,0.016509547211150406,0.0237427433134189
seed123_R2_step6000,49,prediction,VA,0.006036240795018411,0.0027711454717222416,0.0029575117841346126,0.0003075835391615565,0.0,0.02209484879264913,0.02815503927802449
seed123_R2_step6000,49,prediction,expression,0.031713238224492485,0.01641169158291934,0.014072755030840685,0.0012287916107324548,0.0,0.014079578638352927,0.019729567266805203
seed123_R2_step6000,49,processed_targets,AU,0.22627288552734262,0.1000251201452182,0.10241035017112735,0.02383741521099706,2.7755575615628914e-17,0.013322519599891863,0.02666125541125541
seed123_R2_step6000,49,processed_targets,VA,0.1016184139876085,0.06287624617929272,0.03429039793609784,0.004451769872217942,0.0,0.017412558455920542,0.02188900537076769
seed123_R2_step6000,49,processed_targets,expression,0.12403406236546552,0.06434370446429029,0.05083681131307719,0.008853546588098046,1.3877787807814457e-17,0.013412978536158837,0.018279092588239253
seed123_R2_step6000,50,prediction,AU,0.060904951108195236,0.015917230541216257,0.0410126200061853,0.003975100560793688,6.938893903907228e-18,0.019476607259436396,0.03014266899057214
seed123_R2_step6000,50,prediction,VA,0.002855451458734913,0.0008644866642720701,0.0017085202437952481,0.00028244455066759493,4.336808689942018e-19,0.026131500535489845,0.03593086547806402
seed123_R2_step6000,50,prediction,expression,0.017275952056554796,0.006445792308451149,0.009720362253994428,0.0011097974941092184,0.0,0.012780745678223501,0.01938001092972915
seed123_R2_step6000,50,processed_targets,AU,0.23221831091855463,0.10701451581748751,0.10760196151629284,0.017601833584774282,2.7755575615628914e-17,0.009084010840108401,0.01817195551939246
seed123_R2_step6000,50,processed_targets,VA,0.1263945320985581,0.056311272232787354,0.06619011973659061,0.0038931401291801625,2.7755575615628914e-17,0.01630829332320671,0.0205854129831271
seed123_R2_step6000,50,processed_targets,expression,0.13474045785646613,0.05977851716044052,0.06501515284175327,0.009946787854272322,0.0,0.014329287209416456,0.019957104581918066
seed123_R2_step6000,51,prediction,AU,0.03968022856222859,0.013117942700984654,0.023519191759498338,0.0030430941017455942,0.0,0.014586839160534507,0.021028112636166395
seed123_R2_step6000,51,prediction,VA,0.0024001615562783576,0.0003655502599382167,0.0017650451251064265,0.0002695661712337144,0.0,0.022845067917276318,0.029976878830816064
seed123_R2_step6000,51,prediction,expression,0.014701788098411822,0.0052566237361119095,0.008485076884238286,0.000960087478061625,1.734723475976807e-18,0.014122619199194417,0.019608780966755685
seed123_R2_step6000,51,processed_targets,AU,0.22872427983539098,0.09767395877723135,0.11740377327580934,0.013646547782350252,2.7755575615628914e-17,0.008031774051191527,0.01607773851590106
seed123_R2_step6000,51,processed_targets,VA,0.11473576822281696,0.06031097495576203,0.05164843331110619,0.0027763599559487416,0.0,0.01300296603068249,0.01698809772624565
seed123_R2_step6000,51,processed_targets,expression,0.12175941966489552,0.055520127797046986,0.059068372071073905,0.007170919796774616,1.3877787807814457e-17,0.01112461769503655,0.015658527840400376
seed123_R2_step6000,52,prediction,AU,0.06920335011975065,0.028770404765146685,0.03767423341206627,0.0027587119425376834,1.3877787807814457e-17,0.014175710907378894,0.019450256600586333
seed123_R2_step6000,52,prediction,VA,0.005178053258590363,0.0013467450819794938,0.003538983217455092,0.0002923249591557766,8.673617379884035e-19,0.02276089215852045,0.027361309094233514
seed123_R2_step6000,52,prediction,expression,0.028937758774642917,0.013059558994315327,0.014826507545894537,0.0010516922344330428,1.0408340855860843e-17,0.013102678282305371,0.01778144686189324
seed123_R2_step6000,52,processed_targets,AU,0.19574776321265092,0.037729035223629054,0.13118082354665808,0.02683790444236371,5.551115123125783e-17,0.014622183201638864,0.02924950240018733
seed123_R2_step6000,52,processed_targets,VA,0.13333876031960198,0.06528075076432766,0.06299516973261428,0.00506283982266012,5.551115123125783e-17,0.01915316718639487,0.023669197783920903
seed123_R2_step6000,52,processed_targets,expression,0.11997573827184331,0.04377654088825772,0.06513721965565834,0.01106197772792725,0.0,0.014716384453887484,0.019807152408931817
seed123_R2_step6000,53,prediction,AU,0.0542612954614309,0.01589049236791036,0.03610128820968989,0.0022695148838306617,1.3877787807814457e-17,0.012644023729595713,0.017320822313706838
seed123_R2_step6000,53,prediction,VA,0.0029586873381222114,0.0006723098461348367,0.0021041522852396437,0.00018222520674773026,8.673617379884035e-19,0.021640814475164864,0.02571567572237277
seed123_R2_step6000,53,prediction,expression,0.021249714242923233,0.008191330862677445,0.012309999482450618,0.0007483838977951688,0.0,0.010608326802814821,0.014241852599112695
seed123_R2_step6000,53,processed_targets,AU,0.2277896809816716,0.054788988713061676,0.14452800598168836,0.02847268628692152,5.551115123125783e-17,0.01556153932458207,0.031124950906132525
seed123_R2_step6000,53,processed_targets,VA,0.168096958921856,0.09859821586993227,0.06425573549122612,0.005243007560697624,0.0,0.01962384767501227,0.023975193986104527
seed123_R2_step6000,53,processed_targets,expression,0.12421044265566543,0.04370782273152988,0.06810746282060912,0.012395157103526453,1.3877787807814457e-17,0.016381025736623978,0.022103826328683674
seed123_R2_step6000,54,prediction,AU,0.05727352619191646,0.016308226507802816,0.038312112665812456,0.002653187018301201,1.3877787807814457e-17,0.015929223957039895,0.022620517864793094
seed123_R2_step6000,54,prediction,VA,0.004083360771364276,0.0014077241452731992,0.0024719751918448486,0.00020366143424622752,0.0,0.023895031883045578,0.030222469928292386
seed123_R2_step6000,54,prediction,expression,0.026916247591978523,0.010989623021008487,0.015002631262657867,0.0009239933083121777,1.0408340855860843e-17,0.01334220098274232,0.019062991413352413
seed123_R2_step6000,54,processed_targets,AU,0.24493316304810564,0.06482393583965787,0.14972108331743025,0.030388143891017457,5.551115123125783e-17,0.016481747628628918,0.032972972972972976
seed123_R2_step6000,54,processed_targets,VA,0.12854646541873763,0.05481486890502994,0.06843509991231597,0.00529649660139174,2.7755575615628914e-17,0.02082634162956586,0.02548766677943179
seed123_R2_step6000,54,processed_targets,expression,0.12942759822165806,0.041584087981404574,0.07512344746965449,0.012720062770598978,0.0,0.01819583742522635,0.0248664619786948
seed123_R2_step6000,55,prediction,AU,0.05058324106955769,0.014470616466900234,0.03349596886067455,0.002616655741982899,0.0,0.013664031247484219,0.019301033441324212
seed123_R2_step6000,55,prediction,VA,0.0025955836199174627,0.0005205628130453858,0.0018938723423267522,0.0001811484645453245,0.0,0.023138195211195374,0.02841523547516325
seed123_R2_step6000,55,prediction,expression,0.025653925071257556,0.010635348286591134,0.014075709333066934,0.0009428674515994834,3.469446951953614e-18,0.010899870275819156,0.015011711163846149
seed123_R2_step6000,55,processed_targets,AU,0.23105362709357005,0.04232048428126173,0.15474909885394192,0.03398404395836635,5.551115123125783e-17,0.018243911719939117,0.03649062708154915
seed123_R2_step6000,55,processed_targets,VA,0.15939464655668906,0.07276581087091961,0.08046117707306057,0.0061676586127089195,5.551115123125783e-17,0.022641458425066992,0.027887052543888832
seed123_R2_step6000,55,processed_targets,expression,0.1359012773880777,0.039682914093938364,0.08253263200573273,0.013685731288406616,0.0,0.018485654871919457,0.02516772382071921
seed123_R2_step6000,56,prediction,AU,0.08643672636836355,0.043920495421573856,0.03941245328364544,0.003103777663144257,0.0,0.017559044344882833,0.02608863625964935
seed123_R2_step6000,56,prediction,VA,0.0059266140385254695,0.0030170915171527056,0.002619519202710785,0.0002900033186619787,8.673617379884035e-19,0.02503917581560069,0.03279779921133064
seed123_R2_step6000,56,prediction,expression,0.03258186369887465,0.016833982002132767,0.014406804492699432,0.0013410772040424535,6.938893903907228e-18,0.015162696163907013,0.02270266883982553
seed123_R2_step6000,56,processed_targets,AU,0.26537243006403777,0.11490845240043959,0.13408997474257806,0.01637400292102011,0.0,0.009021592442645074,0.018061465721040188
seed123_R2_step6000,56,processed_targets,VA,0.21248123513188466,0.13094774583869462,0.07820517056940497,0.0033283187237850157,5.551115123125783e-17,0.014086282069263188,0.017837947269612894
seed123_R2_step6000,56,processed_targets,expression,0.1361560954913372,0.05564162121758164,0.07345714764886532,0.00705732662489021,2.7755575615628914e-17,0.011024025805057173,0.01508571124216113
seed123_R2_step6000,57,prediction,AU,0.06793941370759299,0.026914929068147197,0.036995894763449354,0.004028589875996439,0.0,0.018961612313870724,0.027974341799472557
seed123_R2_step6000,57,prediction,VA,0.0041795655786665865,0.0014477757292779446,0.002359019037615556,0.00037277081177308584,0.0,0.025931579141947166,0.034218873255314114
seed123_R2_step6000,57,prediction,expression,0.027842638525889075,0.014173913752488271,0.012126655001766838,0.001542069771633967,3.469446951953614e-18,0.01665801477062541,0.024112195526761568
seed123_R2_step6000,57,processed_targets,AU,0.2605203430031016,0.09146515602938227,0.1520898782448638,0.016965308728855526,0.0,0.010052596975673898,0.0201250411319513
seed123_R2_step6000,57,processed_targets,VA,0.21120555550462594,0.1402520155590763,0.06846312286486829,0.0024904170806813826,0.0,0.012076197247364405,0.015803234577399603
seed123_R2_step6000,57,processed_targets,expression,0.12568384200816238,0.049953033436938105,0.07056825633582474,0.00516255223539953,0.0,0.007736090897631992,0.010408479824572102
seed123_R2_step6000,58,prediction,AU,0.05843619778277313,0.01618154591715853,0.04004686361391422,0.002207788251700382,0.0,0.015466890580077174,0.022948371863487374
seed123_R2_step6000,58,prediction,VA,0.004437223955388611,0.0017584001240641813,0.0024801477950374246,0.0001986760362870045,0.0,0.02473043531825499,0.03256540336493028
seed123_R2_step6000,58,prediction,expression,0.01632578358188,0.006431392828741131,0.009175047060640774,0.0007193436924980935,0.0,0.012364159423251907,0.01801288076020557
seed123_R2_step6000,58,processed_targets,AU,0.2667754900142213,0.11205266883210925,0.13831703169758017,0.016405789484531832,5.551115123125783e-17,0.00883876357560568,0.017681159420289853
seed123_R2_step6000,58,processed_targets,VA,0.228658677430574,0.14024306048558563,0.0860503425180764,0.0023652744269119894,0.0,0.012329716937509097,0.015664713619507376
seed123_R2_step6000,58,processed_targets,expression,0.1325895602237738,0.052529907046654466,0.0747504452888082,0.005309207888311151,2.7755575615628914e-17,0.00834096726884197,0.010801571160761452
seed123_R2_step6000,59,prediction,AU,0.07385817124723507,0.03361830975896951,0.03695671209475455,0.0032831493935110015,1.3877787807814457e-17,0.02048367371940872,0.030322436732663237
seed123_R2_step6000,59,prediction,VA,0.0048086736897350445,0.0024470754401265437,0.002058418519773709,0.0003031797298347912,8.673617379884035e-19,0.023959166240864103,0.03190594441540607
seed123_R2_step6000,59,prediction,expression,0.03535886983754086,0.020466497649829347,0.013497036455582567,0.001395335732128949,6.938893903907228e-18,0.01585553519259988,0.023263731731502264
seed123_R2_step6000,59,processed_targets,AU,0.26229876808994146,0.11184467224358725,0.13363533413523507,0.016818761711119085,5.551115123125783e-17,0.008994252873563218,0.017993527508090613
seed123_R2_step6000,59,processed_targets,VA,0.20538359761784766,0.11541965640479676,0.08659150287321289,0.0033724383398380654,5.551115123125783e-17,0.013944617794136164,0.018256716951607306
seed123_R2_step6000,59,processed_targets,expression,0.13182007328919948,0.05136790014025094,0.07333067957698869,0.007121493571959895,5.551115123125783e-17,0.011215994587299518,0.015643759278239976
seed123_R2_step6000,60,prediction,AU,0.06268221787806211,0.018958425364083636,0.04088922920524992,0.0028345633087285497,0.0,0.01604546288968542,0.022035462608421943
seed123_R2_step6000,60,prediction,VA,0.002489199106457027,0.00030673899727533195,0.002002830069848398,0.00017963003933329656,0.0,0.02293365779378681,0.028365621431630596
seed123_R2_step6000,60,prediction,expression,0.02051340473346527,0.007887406143457058,0.011829700550907343,0.0007962980391008649,3.469446951953614e-18,0.013212034941106362,0.01774782652566836
seed123_R2_step6000,60,processed_targets,AU,0.2678521650614674,0.07472738927038548,0.16428355349055726,0.028841222300524626,5.551115123125783e-17,0.014909219108055703,0.02982716049382716
seed123_R2_step6000,60,processed_targets,VA,0.139453971363914,0.07395078037316358,0.06070038880184595,0.0048028021889045,2.7755575615628914e-17,0.019618966360588762,0.024701551146036577
seed123_R2_step6000,60,processed_targets,expression,0.13308986879524576,0.04669506876042917,0.07440037887615109,0.011994421158665529,2.7755575615628914e-17,0.01620589155384856,0.021983031397825665
seed123_R2_step6000,61,prediction,AU,0.06772969333759103,0.0245853302038239,0.04039828414068915,0.002746078993077978,0.0,0.013910774808377187,0.01916151726981341
seed123_R2_step6000,61,prediction,VA,0.0031620129926011992,0.0008731433460382785,0.002079309107792221,0.00020956053877069908,4.336808689942018e-19,0.022478696155359235,0.026788979418465315
seed123_R2_step6000,61,prediction,expression,0.028895400389236135,0.011875992620444259,0.01598049243723538,0.0010389153315564865,1.0408340855860843e-17,0.01193564142484223,0.016131657169931486
seed123_R2_step6000,61,processed_targets,AU,0.2568031301924211,0.05989009340453103,0.16696081663306497,0.029952220154825078,5.551115123125783e-17,0.016141671491989962,0.032284969591659426
seed123_R2_step6000,61,processed_targets,VA,0.17682027339087783,0.06902851498148381,0.10225102358838958,0.005540734821004467,2.7755575615628914e-17,0.020309556497516545,0.02462245878749202
seed123_R2_step6000,61,processed_targets,expression,0.12775616761464456,0.03400474434722023,0.08160010420843065,0.01215131905899365,2.7755575615628914e-17,0.01629075528852561,0.022072525392440413
seed123_R2_step6000,62,prediction,AU,0.0538263958576902,0.014849652198113605,0.03594706404697039,0.003029679612606214,6.938893903907228e-18,0.010698817263181856,0.01411287541729378
seed123_R2_step6000,62,prediction,VA,0.0030785982887766698,0.0008838744498071095,0.0019423263579038772,0.000252397481065684,8.673617379884035e-19,0.017789400471397446,0.019590239393047076
seed123_R2_step6000,62,prediction,expression,0.018711411314485525,0.007127298640977542,0.010618161674627516,0.0009659509988804702,3.469446951953614e-18,0.009958816257176687,0.012240195432311812
seed123_R2_step6000,62,processed_targets,AU,0.26777177897753784,0.08421907126939608,0.15913470242031044,0.02441800528783132,0.0,0.012731273127312731,0.025456182472989197
seed123_R2_step6000,62,processed_targets,VA,0.2059571308293925,0.09978977565507594,0.10156720353576697,0.004600151638549633,2.7755575615628914e-17,0.01764596596755872,0.02136391148391534
seed123_R2_step6000,62,processed_targets,expression,0.1364024432416998,0.05121471671201763,0.07521211519728785,0.009975611332394316,0.0,0.01280544587225008,0.016949994055153655
seed123_R2_step6000,63,prediction,AU,0.06165139709725219,0.019959887369003258,0.039164495383865384,0.0025270143443835383,6.938893903907228e-18,0.013564835883966926,0.019061971974122172
seed123_R2_step6000,63,prediction,VA,0.002861711341119826,0.0006669627689041327,0.001987065148379685,0.00020768342383600816,0.0,0.022834995388189543,0.02806701276967548
seed123_R2_step6000,63,prediction,expression,0.02155550849267185,0.008792795785597121,0.011836740905061587,0.0009259718020131326,6.938893903907228e-18,0.012208891161373157,0.016701252740299478
seed123_R2_step6000,63,processed_targets,AU,0.2661274222263386,0.06839291099476674,0.16997984392980808,0.027754667301763715,5.551115123125783e-17,0.014986103390772651,0.029978685941988693
seed123_R2_step6000,63,processed_targets,VA,0.15960327059314647,0.0583540579219521,0.0960909175652267,0.0051582951059676845,0.0,0.01961126160254498,0.023999968979715854
seed123_R2_step6000,63,processed_targets,expression,0.1281755099746393,0.043844528106896145,0.07370886132942557,0.010622120538317606,0.0,0.014535243699506678,0.019068463354473836
seed123_R2_step6000,64,prediction,AU,0.06741300803245634,0.01948227971954886,0.04426940304512021,0.0036613252677872676,0.0,0.018652846115337827,0.02802432195049772
seed123_R2_step6000,64,prediction,VA,0.006910822469703702,0.0016584310792821947,0.004902303637890584,0.00035008775253092517,2.6020852139652106e-18,0.025238523908670627,0.03345626110281297
seed123_R2_step6000,64,prediction,expression,0.024784547345598693,0.009179087468534967,0.01456291419004957,0.0010425456870141513,3.469446951953614e-18,0.014575284081362667,0.021025948101684375
seed123_R2_step6000,64,processed_targets,AU,0.2289723286504896,0.10197324129666874,0.11260728942562442,0.014391797928196394,5.551115123125783e-17,0.008314807716877476,0.016630879345603273
seed123_R2_step6000,64,processed_targets,VA,0.2333626268109342,0.17015496539338168,0.06059451130028246,0.0026131501172699566,1.1102230246251565e-16,0.015031167171786987,0.020231064083268923
seed123_R2_step6000,64,processed_targets,expression,0.1384584502938496,0.07523889832510777,0.0570723927297956,0.006147159238946262,2.7755575615628914e-17,0.010834680310961407,0.01533731066162192
seed123_R2_step6000,65,prediction,AU,0.0437509727094001,0.014282669741461194,0.026611747165754,0.0028565558021849164,1.3877787807814457e-17,0.01608445156291238,0.024431297543501023
seed123_R2_step6000,65,prediction,VA,0.0019382381418193665,0.00045151099658442557,0.001284054492979682,0.0002026726522552587,2.168404344971009e-19,0.02598430889747739,0.03514138938537043
seed123_R2_step6000,65,prediction,expression,0.011190697683724566,0.003924524899139516,0.006650616777932944,0.0006155560066521067,1.734723475976807e-18,0.010191078054279766,0.015117637843523001
seed123_R2_step6000,65,processed_targets,AU,0.25062182657434884,0.11158246769870366,0.1235138945389049,0.015525464336740302,0.0,0.008653998416468725,0.017314319667260845
seed123_R2_step6000,65,processed_targets,VA,0.281800884905199,0.2008449766266293,0.07811587580071723,0.002840032477852437,5.551115123125783e-17,0.015133681076505794,0.019737629605588888
seed123_R2_step6000,65,processed_targets,expression,0.14689698544754948,0.07299977927747646,0.06737376925465748,0.006523436915415526,2.7755575615628914e-17,0.011033185249993726,0.015104392199283922
seed123_R2_step6000,66,prediction,AU,0.06266822776837642,0.018382696760667974,0.04030854959554062,0.00397698141216783,0.0,0.018087546578558548,0.026048881648785886
seed123_R2_step6000,66,prediction,VA,0.002682083546862267,0.00045222227232114004,0.0019409255337360452,0.0002889357408050817,4.336808689942018e-19,0.026004261984501224,0.033571891506403245
seed123_R2_step6000,66,prediction,expression,0.017533074371521462,0.0057060743805236284,0.010644876753500045,0.001182123237497788,0.0,0.013643008939924654,0.019115773456482316
seed123_R2_step6000,66,processed_targets,AU,0.20608807812787913,0.08059288104427885,0.11179337854098571,0.013701818542614564,0.0,0.007968351199591628,0.015942806076854336
seed123_R2_step6000,66,processed_targets,VA,0.18621374350726602,0.13560766311479602,0.04850079754842487,0.0021052828440451454,2.7755575615628914e-17,0.012230679776325571,0.015493941721543869
seed123_R2_step6000,66,processed_targets,expression,0.12147718180217378,0.0640621753292553,0.05162186301759344,0.005793143455325056,1.3877787807814457e-17,0.01025880964846041,0.014023847297370405
seed123_R2_step6000,67,prediction,AU,0.0559913033306935,0.01654882783813396,0.03530028994298697,0.004142185549572563,6.938893903907228e-18,0.02069915482139968,0.030500120918135126
seed123_R2_step6000,67,prediction,VA,0.004745969049472636,0.0019333145155224325,0.0024294604715526403,0.00038319406239756385,0.0,0.0283918568569371,0.038594057448307906
seed123_R2_step6000,67,prediction,expression,0.02521283069127821,0.011689586312600907,0.012104197293270221,0.0014190470854070804,0.0,0.017203337819160894,0.025015635835853523
seed123_R2_step6000,67,processed_targets,AU,0.21069457989294152,0.09544753483228106,0.10021466745192238,0.015032377608738054,2.7755575615628914e-17,0.008938329430132709,0.0178871314196446
seed123_R2_step6000,67,processed_targets,VA,0.16068467411887807,0.1063322793161108,0.05204762278382542,0.002304772018941815,2.7755575615628914e-17,0.014461617348977393,0.01885937501288466
seed123_R2_step6000,67,processed_targets,expression,0.13619212462609537,0.07065861914762558,0.05819350645533733,0.007339999023132469,2.7755575615628914e-17,0.01270869378248445,0.017814386374349626
seed123_R2_step6000,68,prediction,AU,0.03796262285619763,0.01446730218896325,0.021225869139330417,0.002269451527903959,0.0,0.009553472921371969,0.01317827855543538
seed123_R2_step6000,68,prediction,VA,0.001841249986757902,0.0005975084525776009,0.0010405078683947706,0.0002032336657855307,0.0,0.017532182041956237,0.01975792440656009
seed123_R2_step6000,68,prediction,expression,0.014731710303707879,0.007799348445229268,0.006068185905917168,0.0008641759525614441,1.734723475976807e-18,0.008127636455465014,0.010874618519832778
seed123_R2_step6000,68,processed_targets,AU,0.12063510636568997,0.05565136304925605,0.055884073220712906,0.009099670095720994,2.7755575615628914e-17,0.0061209860288201304,0.012244659057652912
seed123_R2_step6000,68,processed_targets,VA,0.12783182546423477,0.11044068013083369,0.016197014226906475,0.001194131106494642,2.7755575615628914e-17,0.010653357226904322,0.014237788775436992
seed123_R2_step6000,68,processed_targets,expression,0.1311545891845907,0.08391633056328364,0.04242721909343429,0.004811039527872739,2.7755575615628914e-17,0.011407129021508757,0.01610100513316028
seed123_R2_step6000,69,prediction,AU,0.03058118948600513,0.01025839584018015,0.018720321143459607,0.0016024725023653786,3.469446951953614e-18,0.006659112885325388,0.0078860776733662
seed123_R2_step6000,69,prediction,VA,0.0017129736448725863,0.0005602875674130197,0.0010165969980711674,0.00013608907938839862,6.505213034913027e-19,0.014307509390599727,0.014479301767003693
seed123_R2_step6000,69,prediction,expression,0.009833779593857936,0.0049074921701395095,0.004503212177713028,0.00042307524600540146,3.469446951953614e-18,0.00803510778017549,0.008480467673394144
seed123_R2_step6000,69,processed_targets,AU,0.12176002517160578,0.06352188122825861,0.04947146982456037,0.008766674118786793,1.3877787807814457e-17,0.005499403697078116,0.01100126742712294
seed123_R2_step6000,69,processed_targets,VA,0.12840355746402768,0.11146350190873397,0.015672067928702356,0.0012679876265913824,2.7755575615628914e-17,0.011100655186118321,0.014818291918603106
seed123_R2_step6000,69,processed_targets,expression,0.12984928115058383,0.08292274071565114,0.04184284511420324,0.005083695320729455,0.0,0.01180221120822753,0.016046099264713964
seed123_R2_step6000,70,prediction,AU,0.0516717557327248,0.01766655341191863,0.03175625854168392,0.002248943779122243,0.0,0.00846921208851612,0.010534836772317637
seed123_R2_step6000,70,prediction,VA,0.004417552191642197,0.001441332874624203,0.0027285706395543956,0.0002476486774635996,8.673617379884035e-19,0.016073669503262167,0.016689965511220033
seed123_R2_step6000,70,prediction,expression,0.021304064765159763,0.009715448115748709,0.010909083584036229,0.000679533065374814,1.0408340855860843e-17,0.007844569935242462,0.009358928140031359
seed123_R2_step6000,70,processed_targets,AU,0.11702114557571784,0.052184281278417885,0.05514009324359676,0.009696771053703205,1.3877787807814457e-17,0.00674892703862661,0.013499686968965209
seed123_R2_step6000,70,processed_targets,VA,0.12491285950752944,0.11041593094248738,0.013362994076085391,0.0011339344889566708,0.0,0.011418246038062218,0.015749439354391225
seed123_R2_step6000,70,processed_targets,expression,0.12248982778890247,0.07779569414288347,0.039256390992342384,0.0054377426536766265,1.3877787807814457e-17,0.011991496382060667,0.017125762397559106
seed123_R2_step6000,71,prediction,AU,0.043240630540448126,0.021430529754079098,0.020037792073296024,0.0017723087130730073,6.938893903907228e-18,0.007718237726409708,0.009991462477118209
seed123_R2_step6000,71,prediction,VA,0.0019213483018858967,0.0008302983099734459,0.0009550941641661025,0.00013595582774634884,4.336808689942018e-19,0.015817828638829638,0.016789118412397788
seed123_R2_step6000,71,prediction,expression,0.011775911200935484,0.006266492570587199,0.005034916312745299,0.0004745023176029855,0.0,0.00656866482553716,0.007792365092489028
seed123_R2_step6000,71,processed_targets,AU,0.1303583522132086,0.0647702324169071,0.05626690206464747,0.009321217731654041,0.0,0.006340643274853801,0.012682605834612854
seed123_R2_step6000,71,processed_targets,VA,0.07753270987528177,0.05996923990345727,0.016303396387907683,0.001260073583916804,1.3877787807814457e-17,0.011460401937794431,0.015364455604052649
seed123_R2_step6000,71,processed_targets,expression,0.12294499148149404,0.08116920892246833,0.036068751157125364,0.005707031401900325,2.7755575615628914e-17,0.01099823304670219,0.01459763232614562
seed123_R2_step6000,72,prediction,AU,0.0648579238692029,0.031105874578159883,0.03133118279448667,0.0024208664965563427,0.0,0.01258836584116851,0.016881728748211394
seed123_R2_step6000,72,prediction,VA,0.0026378604004313622,0.0006667260370694957,0.0017970557161262983,0.00017407864723556845,0.0,0.020670719177161834,0.023017603928296156
seed123_R2_step6000,72,prediction,expression,0.03356344768818648,0.019109855883895147,0.013404371451387682,0.001049220352903646,6.938893903907228e-18,0.011440693008965669,0.014873102298600196
seed123_R2_step6000,72,processed_targets,AU,0.26519732847601707,0.08537423980013338,0.15084822095101588,0.02897486772486772,5.551115123125783e-17,0.014912640312347486,0.029834016793595
seed123_R2_step6000,72,processed_targets,VA,0.188071359183814,0.11656243236589209,0.06697293639193694,0.004535990425985082,8.326672684688674e-17,0.018113754975608118,0.022733057113326148
seed123_R2_step6000,72,processed_targets,expression,0.13715774906556402,0.05989709012972695,0.06709287717095265,0.010167781764884412,0.0,0.013855162354113389,0.01903757398068966
seed123_R2_step6000,73,prediction,AU,0.07424067042428678,0.040265636177195044,0.03133545649284287,0.0026395777542488666,0.0,0.012378919887721863,0.016385800236732636
seed123_R2_step6000,73,prediction,VA,0.002707725379688791,0.0010107394512420959,0.001527405724255202,0.00016958020419149258,8.673617379884035e-19,0.019547643167061778,0.02166226319521535
seed123_R2_step6000,73,prediction,expression,0.0350680591007595,0.018192105344652477,0.01575907657644242,0.0011168771796646138,6.938893903907228e-18,0.010636206708687939,0.01372063925418874
seed123_R2_step6000,73,processed_targets,AU,0.2722749557121081,0.09575823971090436,0.14910261391246318,0.027414102088740577,5.551115123125783e-17,0.01440148354195642,0.028807271378222966
seed123_R2_step6000,73,processed_targets,VA,0.168386018705859,0.09702435593489975,0.06686758082246182,0.004494081948497391,2.7755575615628914e-17,0.017866286555815472,0.02198508509523383
seed123_R2_step6000,73,processed_targets,expression,0.1312040454064995,0.050577651982917936,0.07032817125229242,0.01029822217128916,0.0,0.014394274666936237,0.019600979065566605
seed123_R2_step6000,74,prediction,AU,0.059027162176304125,0.016610619482278266,0.040022689347275694,0.0023938533467501616,0.0,0.012874257751698034,0.017710003353765935
seed123_R2_step6000,74,prediction,VA,0.0031584362000121736,0.0005884401731995498,0.0023826889504148063,0.00018730707639781768,0.0,0.022911218260437727,0.026893960584454243
seed123_R2_step6000,74,prediction,expression,0.024167592999375598,0.008691710297639916,0.014621991867839584,0.0008538908338960927,3.469446951953614e-18,0.010716997395881826,0.014219804494664416
seed123_R2_step6000,74,processed_targets,AU,0.25267776585071533,0.09155521283740904,0.13974526795350556,0.021377285059800685,5.551115123125783e-17,0.010977643046608565,0.021955656623081295
seed123_R2_step6000,74,processed_targets,VA,0.21561728393276164,0.1651123418335173,0.04774313122959175,0.002761810869652576,0.0,0.012331146603469942,0.014883547554949292
seed123_R2_step6000,74,processed_targets,expression,0.12145440462124822,0.06685590012289351,0.048371839468099836,0.006226665030254876,0.0,0.008636482759473258,0.011270023316100086
seed123_R2_step6000,75,prediction,AU,0.06675983636873653,0.027245358489441776,0.03624042345360257,0.003274054425692177,0.0,0.014287391733636415,0.01952393622195548
seed123_R2_step6000,75,prediction,VA,0.003189621278920803,0.0005719723472539872,0.0023746321731437764,0.00024301675852303928,4.336808689942018e-19,0.022026311670830467,0.02525235188702931
seed123_R2_step6000,75,prediction,expression,0.031165981832499218,0.015341109825392336,0.014503234398707569,0.0013216376083993139,3.469446951953614e-18,0.013387603546580506,0.017698997237852326
seed123_R2_step6000,75,processed_targets,AU,0.25322200499619857,0.08050753172312154,0.1490668410367351,0.023647632236341913,0.0,0.012285976168652612,0.024576457645764577
seed123_R2_step6000,75,processed_targets,VA,0.21999789596843583,0.1649505789980574,0.051668104799398124,0.0033792121709801783,1.3877787807814457e-16,0.013839251612109072,0.01681188926688827
seed123_R2_step6000,75,processed_targets,expression,0.11666747280147925,0.059040371356239,0.05053679437200555,0.007090307073234721,1.3877787807814457e-17,0.010205230162238881,0.013815618104734168
seed123_R2_step6000,76,prediction,AU,0.05740457105340455,0.02018597510761283,0.034879889078003413,0.0023387068677883146,6.938893903907228e-18,0.013432989530225342,0.018380576692864956
seed123_R2_step6000,76,prediction,VA,0.0031013073841712085,0.0010870379349019038,0.0018557934236168685,0.00015847602565243708,8.673617379884035e-19,0.02130529170362548,0.02487296230197507
seed123_R2_step6000,76,prediction,expression,0.029826078175433625,0.013510878300797441,0.015304517288856434,0.0010106825857797508,0.0,0.011656878148958518,0.015606252915536368
seed123_R2_step6000,76,processed_targets,AU,0.1951659106909964,0.0444089073531683,0.12684572371916297,0.023911279618665095,2.7755575615628914e-17,0.012581047381546135,0.025169940754599315
seed123_R2_step6000,76,processed_targets,VA,0.16047468313029045,0.11366347554508899,0.04282964530518963,0.003981562280011843,0.0,0.016303449409242783,0.02025227674132368
seed123_R2_step6000,76,processed_targets,expression,0.12591563260718128,0.0554576970514845,0.06079695361518346,0.009660981940513316,0.0,0.01287257109698539,0.01757917228132629
seed123_R2_step6000,77,prediction,AU,0.052768227999290714,0.01703474923502443,0.03242097250877974,0.0033125062554865397,6.938893903907228e-18,0.015403927966387402,0.02341569298158155
seed123_R2_step6000,77,prediction,VA,0.0021278779631256255,0.0005406048973138583,0.0013215157309210742,0.0002657573348906924,4.336808689942018e-19,0.025108424085441807,0.03249055567692414
seed123_R2_step6000,77,prediction,expression,0.01973911945951021,0.008662025939672939,0.01015923241367873,0.0009178611061585311,1.0408340855860843e-17,0.010422370052171413,0.015036085695034526
seed123_R2_step6000,77,processed_targets,AU,0.22744642948032778,0.06322675945042927,0.1373607651201462,0.02685890490975237,5.551115123125783e-17,0.014463794683776352,0.02893779611798869
seed123_R2_step6000,77,processed_targets,VA,0.1850329889058728,0.13737162826117094,0.04395023717026308,0.0037111234744386973,8.326672684688674e-17,0.016305418278062485,0.020422593145069726
seed123_R2_step6000,77,processed_targets,expression,0.13326484763809684,0.06123962228932845,0.06300751307635154,0.009017712272416838,0.0,0.013062924864681382,0.017810272547244852
seed123_R2_step6000,78,prediction,AU,0.07675382631903692,0.030767198593261175,0.04315885917433807,0.0028277685514376837,1.3877787807814457e-17,0.013410442041831675,0.018574770155629704
seed123_R2_step6000,78,prediction,VA,0.0048456262911025045,0.001459828108144883,0.0031453218898485754,0.0002404762931090476,8.673617379884035e-19,0.021015420141143094,0.02448229396866779
seed123_R2_step6000,78,prediction,expression,0.03376650427785967,0.015745226719643318,0.016975916570149154,0.0010453609880671953,0.0,0.012050928313158973,0.016032639549851842
seed123_R2_step6000,78,processed_targets,AU,0.19647162278042682,0.0583528752519727,0.12106848180778576,0.017050265720668315,5.551115123125783e-17,0.009178957718780727,0.018360623494124012
seed123_R2_step6000,78,processed_targets,VA,0.168595770828843,0.12941954873847303,0.036216729988471606,0.002959492101898354,0.0,0.01128951070676379,0.014067207467303324
seed123_R2_step6000,78,processed_targets,expression,0.10668786605050498,0.056463628942783006,0.04403457007223312,0.006189667035488838,1.3877787807814457e-17,0.0076852585237447875,0.010333990228687771
seed123_R2_step6000,79,prediction,AU,0.04360599620553779,0.010370614549823541,0.030544717779187783,0.0026906638765264532,1.3877787807814457e-17,0.014819438451583669,0.021753941725084543
seed123_R2_step6000,79,prediction,VA,0.001729980051682841,0.00021704916343127318,0.0012681189111198208,0.00024481197713174704,0.0,0.02662667305812405,0.03423879961009803
seed123_R2_step6000,79,prediction,expression,0.013352306813486614,0.0052793356176715905,0.007202572437595884,0.0008703987582191395,0.0,0.011286474313353088,0.016106104974589582
seed123_R2_step6000,79,processed_targets,AU,0.211484616418111,0.04907071413033289,0.13567703543301524,0.026736866854762866,0.0,0.013801169590643274,0.027602905569007265
seed123_R2_step6000,79,processed_targets,VA,0.14385898342985481,0.08715318515939612,0.051418691995587046,0.00528710627487166,0.0,0.01977763464657451,0.024595691783231916
seed123_R2_step6000,79,processed_targets,expression,0.13032205144367592,0.04302720193476136,0.07482554989881178,0.012469299610102775,2.7755575615628914e-17,0.016397118087912787,0.022354473263436057
seed123_A_step12000,0,prediction,AU,0.1707054767721029,0.006226850045745228,0.09782908540149818,0.06664954132485948,0.0,0.08270376693250124,0.16061945048610407
seed123_A_step12000,0,prediction,VA,0.049117301632710025,0.0016303680053037233,0.037951466767106985,0.009535466860299316,0.0,0.07029520689401444,0.1209864229234991
seed123_A_step12000,0,prediction,expression,0.10576391732901014,0.007362266224516859,0.07082640091668377,0.027575250187809514,0.0,0.06512036165319492,0.11660013657539366
seed123_A_step12000,0,processed_targets,AU,0.2468928118149302,0.11216488278687899,0.12021416032684741,0.014513768701203801,0.0,0.008509090909090909,0.017027027027027027
seed123_A_step12000,0,processed_targets,VA,0.24093695226099449,0.19306009776514166,0.04615039377131954,0.001726460724533247,2.7755575615628914e-17,0.010503816214378004,0.013521472877569172
seed123_A_step12000,0,processed_targets,expression,0.12673749381976335,0.07379555681778921,0.04845504342045324,0.004486893581520914,0.0,0.007967644879511416,0.011051477896737456
seed123_A_step12000,1,prediction,AU,0.17184228053351921,0.008764146980995665,0.09666739616137447,0.0664107373911491,2.7755575615628914e-17,0.0825159884195663,0.15986613726472979
seed123_A_step12000,1,prediction,VA,0.06294473959702379,0.00786310206092125,0.04526962266967342,0.009812014866429106,1.3877787807814457e-17,0.07031716358117905,0.1212024353233586
seed123_A_step12000,1,prediction,expression,0.10868962693038829,0.008608429551359455,0.07317010689286436,0.026911090486164448,1.3877787807814457e-17,0.06105717452864885,0.10921832723144537
seed123_A_step12000,1,processed_targets,AU,0.1892513250182488,0.061132759419154276,0.11344620441430828,0.014672361184786206,2.7755575615628914e-17,0.008370497427101201,0.016738197424892704
seed123_A_step12000,1,processed_targets,VA,0.1742168718498816,0.1128612728727193,0.058791764879625424,0.002563834097536901,2.7755575615628914e-17,0.013501502275323147,0.017943337417723283
seed123_A_step12000,1,processed_targets,expression,0.12161621630020142,0.05632616224579112,0.059613184865121,0.005676869189289337,4.163336342344337e-17,0.01016422428356031,0.014294150524274782
seed123_A_step12000,2,prediction,AU,0.24184715131933587,0.013725595924152158,0.14874959472694083,0.07937196066824287,2.7755575615628914e-17,0.09638326626081238,0.18692633292130478
seed123_A_step12000,2,prediction,VA,0.07816125605682518,0.004647293870505098,0.06403687077897845,0.009477091407341619,1.3877787807814457e-17,0.06456688545795192,0.1114663001650737
seed123_A_step12000,2,prediction,expression,0.09659052444081749,0.006059000452139159,0.07396822906469647,0.01656329492398187,0.0,0.04102945336731348,0.07321204402653785
seed123_A_step12000,2,processed_targets,AU,0.2306112370874276,0.10246090740655042,0.11291538385069323,0.015234945830183925,0.0,0.008472884048105287,0.016948228882833788
seed123_A_step12000,2,processed_targets,VA,0.23548525048901126,0.1716122905951991,0.06151040496512763,0.0023625549286846216,1.1102230246251565e-16,0.012909512551358113,0.016411045528516903
seed123_A_step12000,2,processed_targets,expression,0.13513254062236035,0.07374689975273949,0.05646602408697882,0.004919616782642029,2.7755575615628914e-17,0.008316712579856517,0.011016752222447633
seed123_A_step12000,3,prediction,AU,0.12616878621967617,0.02101281264451447,0.06212542084109805,0.043030552734063664,2.7755575615628914e-17,0.05331931172692662,0.1032271274050545
seed123_A_step12000,3,prediction,VA,0.0373953885626382,0.00915219171278442,0.022957166025582634,0.005286030824271146,0.0,0.05259537816178167,0.08967999351208018
seed123_A_step12000,3,prediction,expression,0.05988013970781534,0.009071874505196434,0.037578033507229915,0.013230231695388986,6.938893903907228e-18,0.035601851148579715,0.06324960088265139
seed123_A_step12000,3,processed_targets,AU,0.23458146007278963,0.0916686002551718,0.12402771744981642,0.018885142367801328,8.326672684688674e-17,0.009541726965750121,0.019091787439613525
seed123_A_step12000,3,processed_targets,VA,0.15235186465804765,0.08861879240567594,0.06033813613623262,0.0033949361161391043,2.7755575615628914e-17,0.015990349836917068,0.02085294084083559
seed123_A_step12000,3,processed_targets,expression,0.1429055755640201,0.06225126594452559,0.07131833616086242,0.009335973458632121,5.551115123125783e-17,0.014654444761840978,0.021052512017408764
seed123_A_step12000,4,prediction,AU,0.16103389649086555,0.00943403153223092,0.09082145653871244,0.060778408419922186,0.0,0.07547161119899994,0.14627816458512855
seed123_A_step12000,4,prediction,VA,0.051774553451367916,0.009580940391318741,0.03383738813285965,0.008356224927189524,6.938893903907228e-18,0.0644054660029641,0.1111291626816408
seed123_A_step12000,4,prediction,expression,0.10415783727602113,0.013516189305994075,0.06875191678575579,0.02188973118427125,1.3877787807814457e-17,0.05198380954961347,0.09287479442526787
seed123_A_step12000,4,processed_targets,AU,0.24640146319158668,0.08100207085727586,0.14125979119470963,0.024139601139601136,2.7755575615628914e-17,0.013814955640050697,0.02765620044402157
seed123_A_step12000,4,processed_targets,VA,0.19360236403213812,0.11352219916722893,0.07556269530760895,0.004517469557300228,0.0,0.01824695266156454,0.023214877656280823
seed123_A_step12000,4,processed_targets,expression,0.1340029523029475,0.04865275594603006,0.07573195662972171,0.009618239727195775,2.7755575615628914e-17,0.015648573750317654,0.021850090957627855
seed123_A_step12000,5,prediction,AU,0.253611594182306,0.023570932193019384,0.14563558901683454,0.08440507297245207,0.0,0.10385528409058056,0.20115737246978957
seed123_A_step12000,5,prediction,VA,0.08340791087779084,0.01429305634192799,0.05841882193059027,0.010696032605272588,0.0,0.07051095199269285,0.12145291968416055
seed123_A_step12000,5,prediction,expression,0.08793654895580882,0.009124452899194205,0.06332357479096057,0.015488521265654072,2.7755575615628914e-17,0.039487030719633165,0.07008175376154988
seed123_A_step12000,5,processed_targets,AU,0.24642917726887192,0.08574723964976573,0.1383572274127166,0.022324710206389597,0.0,0.01165870741801974,0.023333333333333334
seed123_A_step12000,5,processed_targets,VA,0.27885674537935495,0.18665255156134472,0.0883257386925624,0.003878455125447759,5.551115123125783e-17,0.01702047859735737,0.021201129468695668
seed123_A_step12000,5,processed_targets,expression,0.14896403016229195,0.06554516501261955,0.07563481530672346,0.007784049842948906,2.7755575615628914e-17,0.011935396538145057,0.016182702470542307
seed123_A_step12000,6,prediction,AU,0.15460782684146895,0.007475577425492368,0.08767652346376227,0.0594557259522143,2.7755575615628914e-17,0.07485656067219783,0.1448133755426747
seed123_A_step12000,6,prediction,VA,0.05028405265206643,0.0030395360066296194,0.03908681345526535,0.008157703190171459,0.0,0.06408531326733226,0.11064638238591198
seed123_A_step12000,6,prediction,expression,0.09266673290433944,0.003089932260051385,0.06780489273864389,0.021771907905644167,0.0,0.0537179104511818,0.09573130881155321
seed123_A_step12000,6,processed_targets,AU,0.211271363067945,0.07511827044532157,0.11822504279586576,0.017928049826757622,2.7755575615628914e-17,0.00994161801501251,0.019883187317480185
seed123_A_step12000,6,processed_targets,VA,0.19797022731445676,0.1261020674111879,0.06873852449493535,0.003129635408333557,2.7755575615628914e-17,0.014497756608858941,0.018309952037600885
seed123_A_step12000,6,processed_targets,expression,0.12810459137191682,0.06431396240582568,0.05734538059975054,0.00644524836634058,2.7755575615628914e-17,0.009554063603718133,0.012692947767766787
seed123_A_step12000,7,prediction,AU,0.1758196875137795,0.007609521343340253,0.09998293794991228,0.06822722822052697,2.7755575615628914e-17,0.08412466409042423,0.16336165275794234
seed123_A_step12000,7,prediction,VA,0.04958005181294388,0.004960468410316346,0.035243003374810705,0.009376580027816826,0.0,0.06819836266176028,0.11763646267539718
seed123_A_step12000,7,prediction,expression,0.08772770334356098,0.008654881023100499,0.056900938262690534,0.022171884057769934,1.3877787807814457e-17,0.051458409488911394,0.09275819310285069
seed123_A_step12000,7,processed_targets,AU,0.22865996068909702,0.07449965945549694,0.13199955047243306,0.022160750761166994,2.7755575615628914e-17,0.01213256984209613,0.024277777777777777
seed123_A_step12000,7,processed_targets,VA,0.20827651888695525,0.144447520005743,0.060203520467568675,0.0036254784136435215,5.551115123125783e-17,0.016398092031959816,0.020888497143168934
seed123_A_step12000,7,processed_targets,expression,0.1331097834915702,0.0670354419371489,0.05842728969667339,0.0076470518577479215,0.0,0.012370187643003586,0.017268933034539174
seed123_A_step12000,8,prediction,AU,0.23008805536322155,0.012194289086647509,0.13064642400360488,0.08724734227296917,2.7755575615628914e-17,0.10681939512579432,0.20769739715448116
seed123_A_step12000,8,prediction,VA,0.08689795451832569,0.007814465697440645,0.0638141901142509,0.01526929870663413,2.7755575615628914e-17,0.08674322211033836,0.1493802327551197
seed123_A_step12000,8,prediction,expression,0.11475044288381617,0.00690360118044709,0.0782351024289876,0.02961173927438147,1.3877787807814457e-17,0.06505515924641568,0.11724487053257623
seed123_A_step12000,8,processed_targets,AU,0.19462998782147722,0.07523334016461307,0.09719591694549512,0.02220073071136901,0.0,0.011623931623931624,0.02325588899645047
seed123_A_step12000,8,processed_targets,VA,0.0866439712668548,0.04635103831804331,0.03588662759543508,0.004406305353376384,2.7755575615628914e-17,0.016768143016143905,0.02130357314474585
seed123_A_step12000,8,processed_targets,expression,0.10273221712874835,0.03135929658215694,0.06002398288115241,0.011348937665438997,0.0,0.014715688248037371,0.020458669785061254
seed123_A_step12000,9,prediction,AU,0.12857194774507644,0.007395271979866285,0.07302933754111701,0.04814733822409315,0.0,0.05959009310241107,0.11583632259007012
seed123_A_step12000,9,prediction,VA,0.05966020258370308,0.008777363343978509,0.042204685038783454,0.008678154200941125,6.938893903907228e-18,0.06672791288044591,0.1151684643340615
seed123_A_step12000,9,prediction,expression,0.08922116573267524,0.009892578871958576,0.05783029349650808,0.02149829336420859,0.0,0.05140017903036021,0.09215661130027844
seed123_A_step12000,9,processed_targets,AU,0.18973947895791585,0.041753920270338536,0.11608892591586101,0.031896632771716275,2.7755575615628914e-17,0.016466131907308376,0.0329453734671126
seed123_A_step12000,9,processed_targets,VA,0.10398238615038771,0.0386382146817229,0.05807959558062121,0.007264575888043598,1.3877787807814457e-17,0.02368607656497329,0.02857894695286069
seed123_A_step12000,9,processed_targets,expression,0.13135951953441005,0.036043414789008264,0.07869322155612088,0.016622883189280884,2.7755575615628914e-17,0.01934760192329512,0.026141115362619337
seed123_A_step12000,10,prediction,AU,0.1322161087901674,0.008109626292599306,0.06709311733462474,0.05701336516294337,0.0,0.07122554170248521,0.13812700727356622
seed123_A_step12000,10,prediction,VA,0.041419783989208696,0.0025295831344172635,0.029567531986787268,0.00932266886800416,6.938893903907228e-18,0.06821628152693195,0.11775000223751622
seed123_A_step12000,10,prediction,expression,0.08441069798492858,0.00740360242148318,0.05296922253697461,0.02403787302647079,0.0,0.056749441443537475,0.1018890478887066
seed123_A_step12000,10,processed_targets,AU,0.2128940236770789,0.07846517853508153,0.10386473160612517,0.0305641135358722,0.0,0.01567972596874331,0.03136675235646958
seed123_A_step12000,10,processed_targets,VA,0.10743585254263222,0.06896160660755282,0.032181979315562,0.00629226661951734,5.551115123125783e-17,0.02310721785214107,0.028406574374129447
seed123_A_step12000,10,processed_targets,expression,0.12562751566636932,0.048591395365540455,0.05978073989298181,0.017255380407847073,2.7755575615628914e-17,0.020274011886057302,0.027391085545344702
seed123_A_step12000,11,prediction,AU,0.1554373358880972,0.010308325260767696,0.08622397359325683,0.05890503703407268,2.7755575615628914e-17,0.07156826837136701,0.13919983991274368
seed123_A_step12000,11,prediction,VA,0.044899926338690534,0.0073675979181091235,0.029624458434128573,0.007907869986452843,0.0,0.06272131766589327,0.10787012643717085
seed123_A_step12000,11,prediction,expression,0.07998300612605914,0.008935917713201654,0.05153113879520666,0.019515949617650852,1.3877787807814457e-17,0.04551353178198338,0.08240581562571292
seed123_A_step12000,11,processed_targets,AU,0.18602191433487275,0.05739826899283807,0.1001674589192631,0.02845618642277159,0.0,0.014926590538336053,0.029866666666666666
seed123_A_step12000,11,processed_targets,VA,0.10403742337182316,0.06448061317298308,0.03472752373196857,0.004829286466871485,2.7755575615628914e-17,0.019446966066564545,0.024512111911436124
seed123_A_step12000,11,processed_targets,expression,0.1302785125211364,0.0625520511452211,0.05420368866978931,0.013522772706126006,0.0,0.016855866612727956,0.02309943875832414
seed123_A_step12000,12,prediction,AU,0.12545187238608757,0.003254413595800944,0.0637964238610951,0.05840103492919154,2.7755575615628914e-17,0.07277885384163886,0.1418177527020219
seed123_A_step12000,12,prediction,VA,0.051033654149273126,0.002716089023688429,0.0363703417933563,0.011947223332228401,6.938893903907228e-18,0.08127004049546564,0.1405422279910416
seed123_A_step12000,12,prediction,expression,0.10170638901473254,0.0025327279099306385,0.06459057794813791,0.03458308315666398,1.3877787807814457e-17,0.07524783503546445,0.13647642821664
seed123_A_step12000,12,processed_targets,AU,0.17318329180398148,0.05472832406635822,0.09340276578886958,0.025052201948753672,0.0,0.013164495899662326,0.026328910333735425
seed123_A_step12000,12,processed_targets,VA,0.12925485887184238,0.07584398966705361,0.047789019643310386,0.00562184956147837,0.0,0.018295545120814747,0.02225579636919664
seed123_A_step12000,12,processed_targets,expression,0.11557418350758443,0.04808185135437923,0.05580476775163072,0.011687564401574485,0.0,0.013454392281544948,0.018241651579625102
seed123_A_step12000,13,prediction,AU,0.15615085314758365,0.002760031633379506,0.07199333937908951,0.08139748213511463,0.0,0.10053998296745434,0.196329173698932
seed123_A_step12000,13,prediction,VA,0.04916844109921379,0.002574249486453567,0.03129398878733734,0.015300202825422878,6.938893903907228e-18,0.0938124914784401,0.16201628783560781
seed123_A_step12000,13,prediction,expression,0.10756034500465085,0.0027412917398142774,0.06039884844308013,0.04442020482175643,1.3877787807814457e-17,0.09538833802745146,0.17315236014446922
seed123_A_step12000,13,processed_targets,AU,0.20945716235498482,0.0697869770767937,0.10824291001297616,0.031427275265214966,0.0,0.016664572425828972,0.03332914397430527
seed123_A_step12000,13,processed_targets,VA,0.1593148881603869,0.10749029842258206,0.04620577341039,0.00561881632741478,5.551115123125783e-17,0.019371481681564405,0.023205508916296618
seed123_A_step12000,13,processed_targets,expression,0.1311833076118733,0.06605780927022732,0.053911604445000386,0.011213893896645618,2.7755575615628914e-17,0.013136940449993958,0.01749871796942544
seed123_A_step12000,14,prediction,AU,0.16948896041256686,0.002526375374424207,0.08509562371139807,0.08186696132674462,2.7755575615628914e-17,0.10148621726295194,0.19794965892482377
seed123_A_step12000,14,prediction,VA,0.05019030877687955,0.0011964778016643823,0.03604766892934391,0.012946162045871254,0.0,0.08490289797194239,0.14673114794574954
seed123_A_step12000,14,prediction,expression,0.1068649415269546,0.0022383348819177825,0.06659207489685355,0.038034531748183276,1.3877787807814457e-17,0.08502776780382189,0.153958936573444
seed123_A_step12000,14,processed_targets,AU,0.2072061812379273,0.06748104148800976,0.1074540387169117,0.032271101033005796,5.551115123125783e-17,0.01765026083012021,0.035300967937084086
seed123_A_step12000,14,processed_targets,VA,0.1360702987851601,0.09206057312897606,0.03889015961235525,0.005119566043828773,2.7755575615628914e-17,0.018688124917020033,0.02248358901044161
seed123_A_step12000,14,processed_targets,expression,0.12756763751507277,0.06664152136264107,0.04987674273777285,0.01104937341465888,2.7755575615628914e-17,0.013123661503389237,0.017441978016523318
seed123_A_step12000,15,prediction,AU,0.21486649345736325,0.013759139143501077,0.12791116535446154,0.07319618895940062,0.0,0.09145146549478578,0.1771733042602595
seed123_A_step12000,15,prediction,VA,0.0728132791151759,0.008178459408068772,0.05613756643298101,0.008497253274126109,1.3877787807814457e-17,0.06237491129121678,0.10740693719788012
seed123_A_step12000,15,prediction,expression,0.11037559179270925,0.008505173385500634,0.08433571389765475,0.017534704509553866,0.0,0.04556351895247032,0.08090067767799725
seed123_A_step12000,15,processed_targets,AU,0.1945005611672279,0.04312515654109369,0.11812203762276714,0.033253367003367,5.551115123125783e-17,0.016937847397675593,0.03387596899224806
seed123_A_step12000,15,processed_targets,VA,0.1316328889881215,0.07155865080863952,0.05352212251404739,0.006552115665434527,5.551115123125783e-17,0.023029101721776774,0.028492663029479608
seed123_A_step12000,15,processed_targets,expression,0.12687575715812907,0.04183202126579757,0.06928748202068417,0.01575625387164736,2.7755575615628914e-17,0.019624858219690552,0.027130126851084728
seed123_A_step12000,16,prediction,AU,0.25130770692904836,0.01973657670657931,0.14970690883081086,0.08186422139165818,0.0,0.10160686436114041,0.19684188747148967
seed123_A_step12000,16,prediction,VA,0.1071053012531646,0.007274267631914211,0.08683431648037615,0.012996717140874234,0.0,0.07674837909224747,0.1325410711833057
seed123_A_step12000,16,prediction,expression,0.09931361361427996,0.0076157882611222584,0.0732954124689528,0.018402412884204924,2.7755575615628914e-17,0.042318433402914246,0.07600880723481226
seed123_A_step12000,16,processed_targets,AU,0.2012671104284008,0.0541602509983066,0.1190202576209117,0.028086601809182453,2.7755575615628914e-17,0.0138929889298893,0.02778085564789166
seed123_A_step12000,16,processed_targets,VA,0.17404548732732894,0.11847357060056365,0.04961477388318572,0.005957142843579593,2.7755575615628914e-17,0.019805289239612344,0.023070388689245047
seed123_A_step12000,16,processed_targets,expression,0.13573881164485535,0.0526468020952153,0.06957443381604136,0.013517575733598687,0.0,0.016149557639473528,0.021436163318733818
seed123_A_step12000,17,prediction,AU,0.18736390898207794,0.00320143058821835,0.102664995719022,0.08149748267483757,0.0,0.0990297400272285,0.193259633507441
seed123_A_step12000,17,prediction,VA,0.06584838778614634,0.002661189321776967,0.047932306341220386,0.015254892123148978,0.0,0.08937007132476651,0.15463987932141368
seed123_A_step12000,17,prediction,expression,0.11220774958781186,0.0034125086953403173,0.07451594232561683,0.03427929856685471,1.3877787807814457e-17,0.07275662576853473,0.1324954525811579
seed123_A_step12000,17,processed_targets,AU,0.20866970975135304,0.07764507276810785,0.11011773033660895,0.020906906646636237,0.0,0.011224967490247074,0.02245057232049948
seed123_A_step12000,17,processed_targets,VA,0.09929126538310552,0.0590086892351138,0.03596976331683595,0.004312812831155814,4.163336342344337e-17,0.015847896866897613,0.019791105651450765
seed123_A_step12000,17,processed_targets,expression,0.10677838721111407,0.05227582085383457,0.04506870645124438,0.009433859906035116,1.3877787807814457e-17,0.012249337402954134,0.017038076027889325
seed123_A_step12000,18,prediction,AU,0.14325066273497855,0.005232327458866898,0.07634987577755882,0.061668459498552805,2.7755575615628914e-17,0.07570557414337321,0.1471532050044706
seed123_A_step12000,18,prediction,VA,0.05997488454175247,0.007360973753982144,0.04276399660392446,0.009849914183845872,0.0,0.07218727163603597,0.12442833572199424
seed123_A_step12000,18,prediction,expression,0.11529612933779569,0.010351399434655592,0.07356763901628077,0.03137709088685931,1.3877787807814457e-17,0.06885749304988661,0.12437024624849802
seed123_A_step12000,18,processed_targets,AU,0.23011415280014316,0.07705231238379737,0.12481370419638992,0.028248136219955863,2.7755575615628914e-17,0.014641533752215241,0.02928755641521599
seed123_A_step12000,18,processed_targets,VA,0.19054302888597324,0.13543351519137517,0.04900408820589061,0.006105425488707479,2.7755575615628914e-17,0.02030211714942165,0.02490340477617627
seed123_A_step12000,18,processed_targets,expression,0.1359043907256277,0.06151683351960703,0.06133057804826053,0.013056979157760135,0.0,0.015509365787393047,0.021541623762903098
seed123_A_step12000,19,prediction,AU,0.14483604268918712,0.003803123331102279,0.07552218786001794,0.06551073149806692,2.7755575615628914e-17,0.08062015946303447,0.15694637294361258
seed123_A_step12000,19,prediction,VA,0.053176578280947004,0.007162929399985586,0.03444163832956044,0.011572010551400978,0.0,0.07932598729775207,0.1374024000104909
seed123_A_step12000,19,prediction,expression,0.10600329524956434,0.005345210058391419,0.06698856790286527,0.03366951728830764,1.3877787807814457e-17,0.07405715509757503,0.13351509332162736
seed123_A_step12000,19,processed_targets,AU,0.2346438258386867,0.07892658433874176,0.1285918435415705,0.027125397958374403,2.7755575615628914e-17,0.01479005998286204,0.02958708386912416
seed123_A_step12000,19,processed_targets,VA,0.19257229116277552,0.14098080824914105,0.04641370312185704,0.005177779791777421,0.0,0.018985714478739046,0.023283440873994497
seed123_A_step12000,19,processed_targets,expression,0.1333918669786181,0.06278124990261445,0.05891295662290627,0.011697660453097366,0.0,0.014929781710754458,0.02072338354077576
seed123_A_step12000,20,prediction,AU,0.19216416299392008,0.009276609604069761,0.11586856769851982,0.06701898569133048,0.0,0.081428289763929,0.1581067330548099
seed123_A_step12000,20,prediction,VA,0.05736112174749716,0.005485420546536606,0.04200058728621879,0.009875113914741765,0.0,0.07013354691253652,0.12037865920965199
seed123_A_step12000,20,prediction,expression,0.10752404542355518,0.007880902000438325,0.07418145710328396,0.025461686319832904,1.3877787807814457e-17,0.059633120982660666,0.10686782063052805
seed123_A_step12000,20,processed_targets,AU,0.21235547540326624,0.08139439446520376,0.11957100646322694,0.011390074474835522,2.7755575615628914e-17,0.006606498194945848,0.0132128876844324
seed123_A_step12000,20,processed_targets,VA,0.21174766731006267,0.1417544823428278,0.06754584040234508,0.002447344564889897,1.3877787807814457e-16,0.011527246631856752,0.015091350102879599
seed123_A_step12000,20,processed_targets,expression,0.12077157030332707,0.05873854572751243,0.05650383528843367,0.005529189287380982,1.3877787807814457e-17,0.009006341831006385,0.01254458764032251
seed123_A_step12000,21,prediction,AU,0.2470063250370245,0.02245606076323455,0.14948671624701684,0.07506354802677312,2.7755575615628914e-17,0.08977133151527063,0.17439923113777162
seed123_A_step12000,21,prediction,VA,0.09285975253995286,0.01724148780125985,0.0643644106153537,0.011253854123339325,1.3877787807814457e-17,0.06973839149340878,0.1197765818477703
seed123_A_step12000,21,prediction,expression,0.11622448259940694,0.014830565213619544,0.0827380213704724,0.018655896015315,0.0,0.04200362153918905,0.07537139383512263
seed123_A_step12000,21,processed_targets,AU,0.23856354393609297,0.07009898044911501,0.15587051846156036,0.012594045025417572,2.7755575615628914e-17,0.007491004252535165,0.014990176817288802
seed123_A_step12000,21,processed_targets,VA,0.22514086568780659,0.1189727430593367,0.10343673318613276,0.002731389442337112,0.0,0.01183893456707788,0.015675690301926348
seed123_A_step12000,21,processed_targets,expression,0.11365595646202407,0.040198206348910054,0.06738759364600679,0.0060701564671072185,1.3877787807814457e-17,0.010348436666961955,0.014831078346856718
seed123_A_step12000,22,prediction,AU,0.16840970204858696,0.013458330893251581,0.09288396175750904,0.06206740939782635,0.0,0.07679918744995255,0.14873252500077677
seed123_A_step12000,22,prediction,VA,0.05326450556367581,0.01207251613899486,0.0334936026466257,0.007698386778055254,0.0,0.0625905000156989,0.10750177838862379
seed123_A_step12000,22,prediction,expression,0.10421789260988164,0.016637244021587946,0.06590878878096944,0.021671859807324265,1.3877787807814457e-17,0.05149850724412192,0.09194874772164616
seed123_A_step12000,22,processed_targets,AU,0.26949336502277677,0.09353136524095947,0.16097348720506946,0.01498851257674787,5.551115123125783e-17,0.008137044967880086,0.016291532690246517
seed123_A_step12000,22,processed_targets,VA,0.24341571424646732,0.15757480594656645,0.08321938076697824,0.002621527532922651,2.7755575615628914e-17,0.012729187003223173,0.01671782831750243
seed123_A_step12000,22,processed_targets,expression,0.13092043086411825,0.05947829241592443,0.06460202181871876,0.0068401166294751,2.7755575615628914e-17,0.010747152036277753,0.015078347196420145
seed123_A_step12000,23,prediction,AU,0.18581738083366822,0.013763481662591942,0.10267490993343865,0.06937898923763763,0.0,0.0847794426732946,0.16481000526472406
seed123_A_step12000,23,prediction,VA,0.06598795075183266,0.009068684536683217,0.047036130834014575,0.009883135381134858,0.0,0.07032565058674213,0.12119057859998705
seed123_A_step12000,23,prediction,expression,0.1080755588329418,0.010867223499000999,0.07172735715896088,0.025480978174979938,1.3877787807814457e-17,0.05851521496752461,0.10513440409186925
seed123_A_step12000,23,processed_targets,AU,0.2507932480530007,0.07423397763167508,0.1626439516772723,0.013915318744053282,0.0,0.008438095238095238,0.016873212583412775
seed123_A_step12000,23,processed_targets,VA,0.2530284007974883,0.14777730366305078,0.10204679938595135,0.0032042977484861928,5.551115123125783e-17,0.013168824201183659,0.01757549013644173
seed123_A_step12000,23,processed_targets,expression,0.12323646016257107,0.055365924907043944,0.062048553743917344,0.005821981511609765,1.3877787807814457e-17,0.009463605825791293,0.013434945874140252
seed123_A_step12000,24,prediction,AU,0.15028672532894688,0.008102246572924415,0.08666333797978538,0.055521140776237085,0.0,0.06999126826093093,0.13540534150590858
seed123_A_step12000,24,prediction,VA,0.044124887161817714,0.00540776748572747,0.031019266327951628,0.007697853348138605,6.938893903907228e-18,0.06170909695407884,0.10585828418099319
seed123_A_step12000,24,prediction,expression,0.08993281377691545,0.014919917263120554,0.056617494508510904,0.018395402005283987,0.0,0.04631000906663464,0.0825754667052373
seed123_A_step12000,24,processed_targets,AU,0.27179498690609805,0.09261086888337168,0.16044356433772822,0.018740553684998128,5.551115123125783e-17,0.010711156049882035,0.021437246963562754
seed123_A_step12000,24,processed_targets,VA,0.2494452398422124,0.14968728568123862,0.09685606032335602,0.002901893837617689,5.551115123125783e-17,0.013355852982935216,0.016860789498917547
seed123_A_step12000,24,processed_targets,expression,0.13096644303967833,0.05678711353868336,0.06820164021559728,0.0059776892853976756,0.0,0.009206745087098013,0.012693690286955566
seed123_A_step12000,25,prediction,AU,0.18475643693359567,0.013227990428973685,0.1065424979484359,0.06498594855618609,0.0,0.08039738825821453,0.15570701284150804
seed123_A_step12000,25,prediction,VA,0.0514402582554222,0.005998369077665439,0.03634917849689506,0.00909271068086169,6.938893903907228e-18,0.06700920895313654,0.11543457058737755
seed123_A_step12000,25,prediction,expression,0.10201432314260817,0.010605130451659596,0.06690563366644414,0.0245035590245044,2.7755575615628914e-17,0.05791841419166533,0.1033684880819458
seed123_A_step12000,25,processed_targets,AU,0.27182174043962665,0.10778624202231181,0.1438284824582663,0.02020701595904848,5.551115123125783e-17,0.010512037978975925,0.021038696537678207
seed123_A_step12000,25,processed_targets,VA,0.2828012951311254,0.19283071416845246,0.0868596977535209,0.003110883209152082,5.551115123125783e-17,0.013629683231440348,0.017387510668069064
seed123_A_step12000,25,processed_targets,expression,0.1252543943817122,0.05879747955019442,0.06042470186524856,0.00603221296626927,2.7755575615628914e-17,0.009468579711873178,0.013321893085708239
seed123_A_step12000,26,prediction,AU,0.17685902336874035,0.011416940598242612,0.10149444738551477,0.06394763538498298,2.7755575615628914e-17,0.07803201821817018,0.15182262628923135
seed123_A_step12000,26,prediction,VA,0.055118940776492084,0.006388346618401094,0.03959076929581325,0.009139824862277747,6.938893903907228e-18,0.06614207741095086,0.11438202847006952
seed123_A_step12000,26,prediction,expression,0.10009665465672966,0.008303816141286436,0.06928873348362827,0.022504105031814974,1.3877787807814457e-17,0.05336734770166152,0.09566522441004387
seed123_A_step12000,26,processed_targets,AU,0.24096458808419177,0.08890580086434575,0.13589383741512268,0.016164949804723334,2.7755575615628914e-17,0.008748819641170916,0.017495865816206
seed123_A_step12000,26,processed_targets,VA,0.20947185340724098,0.11433469182313374,0.09221941365950481,0.0029177479246024554,2.7755575615628914e-17,0.013024868430812492,0.01673385966753998
seed123_A_step12000,26,processed_targets,expression,0.11726088065006636,0.04617722302031709,0.06555778745250351,0.005525870177245754,0.0,0.0085773309992903,0.011749820982227089
seed123_A_step12000,27,prediction,AU,0.1643341597293316,0.010506835078886565,0.09072195316213369,0.06310537148831133,2.7755575615628914e-17,0.07763813402189645,0.15048496147065732
seed123_A_step12000,27,prediction,VA,0.05058090940169785,0.0038603083807935007,0.038561914105978104,0.008158686914926244,0.0,0.0638496915025827,0.11006824107978078
seed123_A_step12000,27,prediction,expression,0.09310592589012859,0.00980370315359987,0.06203246820243697,0.021269754534091745,0.0,0.0492643034601941,0.08829527082181145
seed123_A_step12000,27,processed_targets,AU,0.2657419202642133,0.11747442424980055,0.13080848445508272,0.017459011559330034,5.551115123125783e-17,0.009837981407702524,0.019670388091440724
seed123_A_step12000,27,processed_targets,VA,0.2003246079105433,0.12084499845587267,0.07646529425281204,0.003014315201858593,2.7755575615628914e-17,0.01305040766488746,0.01678147410002479
seed123_A_step12000,27,processed_targets,expression,0.10875559467550461,0.04849714977011053,0.05497897410492642,0.005279470800467613,4.163336342344337e-17,0.008058316339143314,0.010606889437365041
seed123_A_step12000,28,prediction,AU,0.17893287370628905,0.035808200594780355,0.08486380197274024,0.05826087113876845,2.7755575615628914e-17,0.07211073334661981,0.13968223379220165
seed123_A_step12000,28,prediction,VA,0.051968937018465056,0.012722048930740235,0.03131654594743403,0.00793034214029079,0.0,0.060493520848507676,0.10416533423919748
seed123_A_step12000,28,prediction,expression,0.10899075137091406,0.038968989350429584,0.05089338436024978,0.01912837766023467,1.3877787807814457e-17,0.04736532931563381,0.08500270844824262
seed123_A_step12000,28,processed_targets,AU,0.2592811839323467,0.12647209595338804,0.11107547275697134,0.021733615221987312,5.551115123125783e-17,0.010932203389830508,0.0218966737438075
seed123_A_step12000,28,processed_targets,VA,0.21182568803727972,0.1368515421907439,0.07187079767957674,0.0031033481669590908,2.7755575615628914e-17,0.014886630111437102,0.018586591372539284
seed123_A_step12000,28,processed_targets,expression,0.14387483939753906,0.0869448622468369,0.04998968384665655,0.006940293304045569,2.7755575615628914e-17,0.01226225748474701,0.016653176113246806
seed123_A_step12000,29,prediction,AU,0.1440121395099959,0.02210306332138234,0.06856581099981135,0.05334326518880219,0.0,0.066304371191563,0.1281092175361898
seed123_A_step12000,29,prediction,VA,0.05909754363673934,0.01857064860705277,0.03176679434515811,0.008760100684528442,1.3877787807814457e-17,0.06628267102096211,0.11427383341152075
seed123_A_step12000,29,prediction,expression,0.09157050972671935,0.01660794636982885,0.05362273629819624,0.021339827058694246,0.0,0.04954522068939501,0.08896515315210418
seed123_A_step12000,29,processed_targets,AU,0.24862745098039218,0.12828182253293471,0.10169250052962361,0.0186531279178338,5.551115123125783e-17,0.009642105263157895,0.01929676511954993
seed123_A_step12000,29,processed_targets,VA,0.18906906112999144,0.13263383071287915,0.053442843038218536,0.0029923873788938035,2.7755575615628914e-17,0.015730845528997874,0.019845596635281914
seed123_A_step12000,29,processed_targets,expression,0.1424045651009162,0.08846158858637794,0.04687387880665628,0.007069097707881997,0.0,0.012107779507703318,0.01609106563640317
seed123_A_step12000,30,prediction,AU,0.1528927425924724,0.0122955819587964,0.08797849486622532,0.05261866576745069,0.0,0.0636816724077131,0.12362864404075986
seed123_A_step12000,30,prediction,VA,0.049770205886681705,0.0038546325790489444,0.03768626309406741,0.008229310213565356,6.938893903907228e-18,0.06464238326786673,0.1112616625823651
seed123_A_step12000,30,prediction,expression,0.1021832762049275,0.006065421546549082,0.0708511532842003,0.0252667013741781,1.3877787807814457e-17,0.05773413176575504,0.10329366184674327
seed123_A_step12000,30,processed_targets,AU,0.23743025493025496,0.10952294180987364,0.11521716761773582,0.012690145502645503,0.0,0.006623341456810181,0.013252032520325203
seed123_A_step12000,30,processed_targets,VA,0.1646772637085515,0.09716192439098756,0.06548179557405241,0.0020335437435115063,5.551115123125783e-17,0.010761917334966889,0.01373465528227086
seed123_A_step12000,30,processed_targets,expression,0.11148765095631016,0.06760520579837284,0.03999828047072708,0.0038841646872102334,1.3877787807814457e-17,0.006682865182712328,0.008812656369170925
seed123_A_step12000,31,prediction,AU,0.1777633376810143,0.020903322461788977,0.09448130119295027,0.06237871402627503,0.0,0.07667115090192238,0.14885321959744222
seed123_A_step12000,31,prediction,VA,0.06298590785517312,0.0114680082460819,0.04173815283804135,0.009779746771049872,0.0,0.06957288416364177,0.12050946303665862
seed123_A_step12000,31,prediction,expression,0.1047169395000757,0.011179318481180818,0.06758227744968527,0.025955343569209612,1.3877787807814457e-17,0.05818050386510696,0.10476253759419701
seed123_A_step12000,31,processed_targets,AU,0.2635879097488293,0.14141531686264147,0.10486544090662203,0.017307151979565772,0.0,0.009796701189106253,0.019585253456221197
seed123_A_step12000,31,processed_targets,VA,0.1640721201320926,0.10303531551211119,0.057494697333360024,0.003542107286621403,2.7755575615628914e-17,0.013944843441025022,0.018058831442130326
seed123_A_step12000,31,processed_targets,expression,0.12277153026098651,0.07977099678605074,0.03749406723528712,0.005506466239648654,1.3877787807814457e-17,0.008718460487350874,0.011509564033613903
seed123_A_step12000,32,prediction,AU,0.1691948517682325,0.02189673020316702,0.0819487598301408,0.06534936173492469,0.0,0.08156641283485139,0.15810434863616624
seed123_A_step12000,32,prediction,VA,0.053009186146496225,0.01392052996730017,0.030343679823539128,0.008744976355656946,2.0816681711721685e-17,0.06655943864577678,0.11528712757222652
seed123_A_step12000,32,prediction,expression,0.08587695921473469,0.01823069344719515,0.047541679163796216,0.020104586603743285,4.163336342344337e-17,0.04835234770584867,0.08669703548960843
seed123_A_step12000,32,processed_targets,AU,0.27253782965845225,0.12226680752729592,0.13054916019139548,0.01972186193976077,5.551115123125783e-17,0.011176088369070825,0.022356770833333334
seed123_A_step12000,32,processed_targets,VA,0.24512656260807542,0.17252385703130488,0.0699590468166696,0.0026436587601009025,2.7755575615628914e-17,0.014278478874347479,0.017988823960331503
seed123_A_step12000,32,processed_targets,expression,0.1457779358136448,0.06810918719593123,0.07104126465936467,0.006627483958348884,0.0,0.010989704857267885,0.01510370547564303
seed123_A_step12000,33,prediction,AU,0.18042847221328956,0.04215220395502568,0.08143019296281205,0.056846075295451826,0.0,0.07225639316006814,0.13876609272975612
seed123_A_step12000,33,prediction,VA,0.06698641041304694,0.025960826074917634,0.03211197972047762,0.008913604617651677,1.3877787807814457e-17,0.06377526195107383,0.10935761932913772
seed123_A_step12000,33,prediction,expression,0.11449840024260437,0.03604345963124316,0.05883401805350657,0.019620922557854636,0.0,0.05017271784174872,0.08909976333519234
seed123_A_step12000,33,processed_targets,AU,0.24939921927068462,0.08924921194018015,0.1413326218216022,0.018817385508902218,5.551115123125783e-17,0.008986254295532646,0.01801894918173988
seed123_A_step12000,33,processed_targets,VA,0.17956019031814183,0.1049181615317297,0.07119072098088866,0.0034513078055234763,0.0,0.013660370597385408,0.016701427445499087
seed123_A_step12000,33,processed_targets,expression,0.13282732667082556,0.04747034504163815,0.07935566263374698,0.006001318995440429,0.0,0.009232500664223684,0.012066729587340124
seed123_A_step12000,34,prediction,AU,0.15263325930645108,0.010458527959982943,0.08094359010150948,0.06123114124495866,0.0,0.07593402616208628,0.147093683993511
seed123_A_step12000,34,prediction,VA,0.04389001567853069,0.005866171583338819,0.030514929309954628,0.007508914785237236,6.938893903907228e-18,0.061666799394613246,0.10642702094043481
seed123_A_step12000,34,prediction,expression,0.08368841804456228,0.004273823304848014,0.05998899001487336,0.01942560472484091,0.0,0.04881778712234096,0.08724953287180848
seed123_A_step12000,34,processed_targets,AU,0.26802078639872645,0.11234410280131192,0.141604862384474,0.014071821212940434,1.1102230246251565e-16,0.008035714285714285,0.016051990251827783
seed123_A_step12000,34,processed_targets,VA,0.21745473910078983,0.13405903862661178,0.08074121615181655,0.0026544843223614235,5.551115123125783e-17,0.012655917684511318,0.01640364477860308
seed123_A_step12000,34,processed_targets,expression,0.11933006164309697,0.04971783408886726,0.06459994027259355,0.005012287281636134,1.3877787807814457e-17,0.009090190196512355,0.012733511197074589
seed123_A_step12000,35,prediction,AU,0.16394443789359062,0.02124420069355365,0.08669160903002669,0.05600862817001028,0.0,0.0675895729936952,0.13129865652807904
seed123_A_step12000,35,prediction,VA,0.04508908492537123,0.006498295761201487,0.030761820185349915,0.007828968978819828,0.0,0.06260379433495335,0.10788574680959497
seed123_A_step12000,35,prediction,expression,0.08447446540976769,0.01412357872114391,0.05082876148170546,0.01952212520691831,0.0,0.047800810101413155,0.08521441883012737
seed123_A_step12000,35,processed_targets,AU,0.28168789980110737,0.1201117755949752,0.14310329724273912,0.018472826963393002,5.551115123125783e-17,0.011269379844961241,0.022542455118874333
seed123_A_step12000,35,processed_targets,VA,0.2265192974578596,0.13867855763602335,0.08515937190594447,0.00268136791589181,2.7755575615628914e-17,0.013574068503031984,0.017015951462198465
seed123_A_step12000,35,processed_targets,expression,0.14086405343503774,0.06905168107629481,0.06775081984787314,0.004061552510869802,2.7755575615628914e-17,0.007456053338300907,0.009802194669115857
seed123_A_step12000,36,prediction,AU,0.172741666826193,0.0232788784131612,0.09020019380419741,0.059262594608834346,2.7755575615628914e-17,0.07529735143541079,0.1451163948020015
seed123_A_step12000,36,prediction,VA,0.07745691385547043,0.019112535661498085,0.04866022950934198,0.009684148684630361,1.3877787807814457e-17,0.06790778685027068,0.11670595753887786
seed123_A_step12000,36,prediction,expression,0.09939708087634855,0.017081852610521794,0.059765233910377406,0.022549994355449333,2.7755575615628914e-17,0.04940886302368587,0.08875754487238106
seed123_A_step12000,36,processed_targets,AU,0.30744132083891124,0.183221664166707,0.10982754855720452,0.01439210811499968,5.551115123125783e-17,0.008421900161030596,0.016868442292171104
seed123_A_step12000,36,processed_targets,VA,0.254196325589748,0.18137927479286695,0.07091049257306563,0.0019065582238155065,1.1102230246251565e-16,0.012361690435324603,0.015591654104809784
seed123_A_step12000,36,processed_targets,expression,0.1474228907907764,0.09402613863667676,0.04951965834644386,0.0038770938076557377,2.7755575615628914e-17,0.007518265510166025,0.00970454688781016
seed123_A_step12000,37,prediction,AU,0.1732398991046501,0.028072124674725186,0.08681524347853647,0.05835253095138844,0.0,0.07184281258654186,0.13927140443357258
seed123_A_step12000,37,prediction,VA,0.05632242225764359,0.01058297828871038,0.03862879663806634,0.0071106473308668715,6.938893903907228e-18,0.0590954879476724,0.10160004242393264
seed123_A_step12000,37,prediction,expression,0.09097442704667089,0.016037704081082987,0.05725482912622905,0.017681893839358843,0.0,0.042904326326487864,0.07635582028367328
seed123_A_step12000,37,processed_targets,AU,0.28193333333333337,0.11582062962962962,0.1486593086419753,0.017453395061728397,5.551115123125783e-17,0.009961046188091262,0.019899665551839463
seed123_A_step12000,37,processed_targets,VA,0.19097583941381632,0.09225232701364572,0.09516260586911073,0.003560906531059864,0.0,0.016978620126134467,0.021471274089392114
seed123_A_step12000,37,processed_targets,expression,0.12953286737459935,0.051108807432887954,0.07252282918546066,0.0059012307562507135,2.7755575615628914e-17,0.010235911526918802,0.013096772199979775
seed123_A_step12000,38,prediction,AU,0.1766758872988992,0.020267134552954556,0.09631279843611264,0.06009595430983202,2.7755575615628914e-17,0.07266245343979447,0.1410458141971541
seed123_A_step12000,38,prediction,VA,0.05345098506955575,0.013423643496464518,0.030639705803928666,0.009387635769162555,6.938893903907228e-18,0.06688441480809537,0.11447789154774779
seed123_A_step12000,38,prediction,expression,0.09315901836575541,0.013316949503970405,0.05738019830473058,0.022461870557054425,0.0,0.05168641276113208,0.09238638127929655
seed123_A_step12000,38,processed_targets,AU,0.3116676897892368,0.14849822815771488,0.1471604678969296,0.016008993734592265,1.1102230246251565e-16,0.00932349323493235,0.01866913123844732
seed123_A_step12000,38,processed_targets,VA,0.25474567280840915,0.1331709153741478,0.11850067854867147,0.0030740788855899916,5.551115123125783e-17,0.014421248717089202,0.01807807470584037
seed123_A_step12000,38,processed_targets,expression,0.14528141672859599,0.07082133319756105,0.06980082232724157,0.004659261203793373,0.0,0.008986022984099444,0.011555437541104841
seed123_A_step12000,39,prediction,AU,0.19991732773255005,0.02090336054597185,0.11055162549512308,0.06846234169145511,0.0,0.08450162958616364,0.1640714940536327
seed123_A_step12000,39,prediction,VA,0.08278469915375541,0.0247557056549607,0.04697757593764355,0.011051417561151165,0.0,0.07127333835416527,0.12290669707238695
seed123_A_step12000,39,prediction,expression,0.10481670840912939,0.016942122228874493,0.06291775281351349,0.024956833366741427,1.3877787807814457e-17,0.0544927437091886,0.09822145988272797
seed123_A_step12000,39,processed_targets,AU,0.27595463680735,0.11555021956034515,0.1444612647922245,0.01594315245478036,0.0,0.009320388349514564,0.018651102464332037
seed123_A_step12000,39,processed_targets,VA,0.2563345130507909,0.1357963792730071,0.11793344731176611,0.0026046864660177428,5.551115123125783e-17,0.014812337645483249,0.018768203347660457
seed123_A_step12000,39,processed_targets,expression,0.12856895649522007,0.05806814539294798,0.06625721371769168,0.004243597384580414,0.0,0.008308542377563854,0.010793056303722315
seed123_A_step12000,40,prediction,AU,0.26466006720029006,0.06910540788127693,0.1196094357849168,0.07594522353409636,5.551115123125783e-17,0.09155992293184201,0.17719581888294472
seed123_A_step12000,40,prediction,VA,0.10932036123259896,0.03446583133757776,0.061343024030801316,0.013511505864219904,1.3877787807814457e-17,0.07495921146971576,0.1283514536639533
seed123_A_step12000,40,prediction,expression,0.12138211248647428,0.03519446609042723,0.06366581021517394,0.022521836180873105,1.3877787807814457e-17,0.050432077604738175,0.09022791329363063
seed123_A_step12000,40,processed_targets,AU,0.255356020226869,0.17550973394112787,0.06631458906400696,0.013531697221734123,0.0,0.0066172839506172835,0.013258983890954151
seed123_A_step12000,40,processed_targets,VA,0.16593237983658213,0.118619901674809,0.04385689560955917,0.003455582552214035,8.326672684688674e-17,0.015080020387691481,0.01786297818500424
seed123_A_step12000,40,processed_targets,expression,0.14036967731386518,0.09501586365759487,0.03771471734445514,0.0076390963118151784,0.0,0.012237845308300573,0.015774624090780634
seed123_A_step12000,41,prediction,AU,0.1790040775712217,0.030022028131876675,0.0925427803125836,0.05643926912676141,2.7755575615628914e-17,0.07045064858054423,0.13603038239070786
seed123_A_step12000,41,prediction,VA,0.054009526306388694,0.0094052631371649,0.03605441064314809,0.008549852526075716,1.3877787807814457e-17,0.06383564636796894,0.11016288125336535
seed123_A_step12000,41,prediction,expression,0.09808913908313714,0.023258696312834448,0.05511618430543061,0.01971425846487209,1.3877787807814457e-17,0.04728945953704009,0.08466292186973966
seed123_A_step12000,41,processed_targets,AU,0.25408132202652756,0.10678029073225169,0.12601980038486488,0.02128123090941095,0.0,0.011254901960784314,0.022540929927963325
seed123_A_step12000,41,processed_targets,VA,0.1586898264028186,0.09598002349176374,0.0593190779243889,0.0033907249866659546,0.0,0.01648785817455135,0.020836287953530406
seed123_A_step12000,41,processed_targets,expression,0.14683856661761963,0.08503355301081465,0.05415113414160637,0.007653879465198623,2.7755575615628914e-17,0.010847138375846038,0.014141171108561999
seed123_A_step12000,42,prediction,AU,0.159486892976929,0.00834842171257222,0.0887093409604873,0.062429130303869484,0.0,0.07685402703603335,0.14915897371998246
seed123_A_step12000,42,prediction,VA,0.0481635233124495,0.0049622597450914635,0.035269083312471715,0.007932180254886324,6.938893903907228e-18,0.06243800188445086,0.10789079229021803
seed123_A_step12000,42,prediction,expression,0.09194257966481634,0.008635292601660354,0.06441846916776242,0.018888817895393584,1.3877787807814457e-17,0.04554022406965449,0.0815367350650476
seed123_A_step12000,42,processed_targets,AU,0.21933936899862827,0.12136344662907078,0.089094989584921,0.008880932784636489,0.0,0.004981467753891772,0.009960435212660731
seed123_A_step12000,42,processed_targets,VA,0.11229469516043401,0.06265223699124067,0.047792382572056674,0.001850075597136656,1.3877787807814457e-17,0.008730122479047486,0.01174975372408724
seed123_A_step12000,42,processed_targets,expression,0.10347256593839793,0.0649861209169443,0.035559889828621405,0.002926555192832197,2.7755575615628914e-17,0.005755895303278983,0.008333601708875852
seed123_A_step12000,43,prediction,AU,0.17871622496785228,0.01076443589147733,0.1108635156821889,0.057088273394186026,2.7755575615628914e-17,0.07159281807399907,0.1382723419658408
seed123_A_step12000,43,prediction,VA,0.05202902610058138,0.004960638689381944,0.03893700323294242,0.008131384178257012,6.938893903907228e-18,0.060970449543257144,0.10475479799823478
seed123_A_step12000,43,prediction,expression,0.10333506060110743,0.00883182469278825,0.07467989715403602,0.019823338754283184,1.3877787807814457e-17,0.049266608740326685,0.08756911672727284
seed123_A_step12000,43,processed_targets,AU,0.2530569584736252,0.14086309884408058,0.10455654902348402,0.007637310606060606,0.0,0.004322274881516588,0.008646426312460468
seed123_A_step12000,43,processed_targets,VA,0.17856045368966378,0.11342380500651213,0.0632389078357489,0.0018977408474027714,2.7755575615628914e-17,0.008954813710603669,0.011529165575726124
seed123_A_step12000,43,processed_targets,expression,0.10571862941515127,0.05918049703670235,0.043485964513873175,0.003052167864575759,0.0,0.005712681507204692,0.008120902152403011
seed123_A_step12000,44,prediction,AU,0.23749244536092973,0.00910974798356273,0.14907484534997845,0.07930785202738856,0.0,0.09736832341257985,0.1887792753770079
seed123_A_step12000,44,prediction,VA,0.0842300396036202,0.0030624796219081286,0.06937522759900604,0.011792332382706041,0.0,0.07294822674382735,0.12545895219681294
seed123_A_step12000,44,prediction,expression,0.11221458591204875,0.005071156300365868,0.08662052778238478,0.020522901829298085,1.3877787807814457e-17,0.05040995831237614,0.0901259457887282
seed123_A_step12000,44,processed_targets,AU,0.24933832709113612,0.06489922794279482,0.16904003522104874,0.015399063927292532,2.7755575615628914e-17,0.00832917013599778,0.016654171872830765
seed123_A_step12000,44,processed_targets,VA,0.27001607386550686,0.1523416340679466,0.11409076346179452,0.003583676335765784,5.551115123125783e-17,0.014830115384699081,0.01880028842172986
seed123_A_step12000,44,processed_targets,expression,0.13877408197818972,0.05305368788459392,0.07883849690446046,0.006881897189135363,2.7755575615628914e-17,0.009628511102598889,0.013158392024063248
seed123_A_step12000,45,prediction,AU,0.19934628432667256,0.00802154971016953,0.11660345920459604,0.07472127541190701,2.7755575615628914e-17,0.09269177746169463,0.18006633805590866
seed123_A_step12000,45,prediction,VA,0.06706318838426377,0.006061319838080679,0.0497621746141093,0.011239693932073818,2.7755575615628914e-17,0.07406428188924409,0.12747451828323048
seed123_A_step12000,45,prediction,expression,0.10558050961393109,0.006512471582442433,0.07477812108253949,0.024289916948949154,1.3877787807814457e-17,0.056744223487811905,0.10186720259345959
seed123_A_step12000,45,processed_targets,AU,0.26384257202560185,0.08169574512067834,0.16614003157116236,0.016006795333761127,0.0,0.009164444444444444,0.018334074403438566
seed123_A_step12000,45,processed_targets,VA,0.24102641745019374,0.13222533884961127,0.10555573235160304,0.003245346248979422,0.0,0.014378529979205794,0.01853338961061728
seed123_A_step12000,45,processed_targets,expression,0.12788570727289067,0.04521937023705445,0.07638908129830964,0.006277255737526599,2.7755575615628914e-17,0.009976065604089873,0.013670885779821345
seed123_A_step12000,46,prediction,AU,0.20282122767168564,0.006360007240938802,0.12209808929977596,0.07436313113097084,2.7755575615628914e-17,0.09162927416264248,0.17810032171342702
seed123_A_step12000,46,prediction,VA,0.07189712123107882,0.005553301520587973,0.05662558076843057,0.009718238942060265,1.3877787807814457e-17,0.06982005156285749,0.12052950598310146
seed123_A_step12000,46,prediction,expression,0.10178012073837293,0.008110896361742066,0.07246965401445342,0.02119957036217746,1.3877787807814457e-17,0.05193250061057925,0.09279535252975386
seed123_A_step12000,46,processed_targets,AU,0.25263257290379615,0.08096336958663775,0.15790095135796528,0.013768251959193104,0.0,0.007495026225357208,0.014986883763003165
seed123_A_step12000,46,processed_targets,VA,0.19730597540419367,0.08785774190462697,0.10649602453698578,0.0029522089625809143,0.0,0.01291601621402843,0.01639627206479193
seed123_A_step12000,46,processed_targets,expression,0.11796381822109307,0.03614433384829856,0.07568104228455548,0.006138442088239021,1.3877787807814457e-17,0.008695193566113882,0.011749878002129496
seed123_A_step12000,47,prediction,AU,0.17027638422378663,0.005695862670530958,0.09957768328340925,0.06500283826984644,2.7755575615628914e-17,0.08007022916939574,0.15563313477545573
seed123_A_step12000,47,prediction,VA,0.05655810749669527,0.0038172861323481815,0.04378765380271053,0.008953167561636567,1.3877787807814457e-17,0.06700860049018852,0.11525255035134498
seed123_A_step12000,47,prediction,expression,0.09940558932427926,0.00578555774594768,0.0712181705583681,0.022401861019963488,0.0,0.05613773442803009,0.10037537688704244
seed123_A_step12000,47,processed_targets,AU,0.2625876543209877,0.06163403017832648,0.18281288340192042,0.01814074074074074,5.551115123125783e-17,0.010276079303316657,0.020559881349647757
seed123_A_step12000,47,processed_targets,VA,0.2502907905162813,0.10934916517140972,0.13697308292084248,0.0039685424240291515,5.551115123125783e-17,0.0164097788047383,0.020721238740182196
seed123_A_step12000,47,processed_targets,expression,0.14597247803332733,0.04192667893339087,0.09634933394357512,0.007696465156361343,0.0,0.011567844088691185,0.016262856784407666
seed123_A_step12000,48,prediction,AU,0.18715402363173825,0.011817739347358887,0.11426772783023266,0.061068556454146695,0.0,0.07517643495966264,0.14562525927336725
seed123_A_step12000,48,prediction,VA,0.06953947854007336,0.012839578834961148,0.04694705513739626,0.009752844567715961,0.0,0.06623338209336183,0.11393781044900154
seed123_A_step12000,48,prediction,expression,0.09687968250338355,0.009167454445135328,0.06756800181748777,0.020144226240760427,2.7755575615628914e-17,0.047486469925342556,0.08476918034527069
seed123_A_step12000,48,processed_targets,AU,0.25013269954446427,0.07289756366220662,0.15534426640315285,0.021890869479104774,0.0,0.011463240542469664,0.022943908538763845
seed123_A_step12000,48,processed_targets,VA,0.1145934790700125,0.05418823814935363,0.05645635990239257,0.003948881018266288,0.0,0.01729013147331152,0.02217670240382577
seed123_A_step12000,48,processed_targets,expression,0.13165768385343843,0.04501873581200378,0.07552820041810478,0.011110747623329888,2.7755575615628914e-17,0.015414446760540022,0.020969794126428187
seed123_A_step12000,49,prediction,AU,0.2354972307493997,0.015280077006337964,0.14336950920142344,0.07684764454163834,2.7755575615628914e-17,0.09562859995987243,0.18529680192040607
seed123_A_step12000,49,prediction,VA,0.06289528433814756,0.006957912516076783,0.04759913261350529,0.008338239208565494,0.0,0.06186451143279849,0.10602734459749995
seed123_A_step12000,49,prediction,expression,0.10239387812865043,0.01429829045749453,0.06937209723718826,0.018723490433967618,1.3877787807814457e-17,0.04621815963667421,0.08217578446185388
seed123_A_step12000,49,processed_targets,AU,0.22627288552734262,0.1000251201452182,0.10241035017112735,0.02383741521099706,2.7755575615628914e-17,0.013322519599891863,0.02666125541125541
seed123_A_step12000,49,processed_targets,VA,0.1016184139876085,0.06287624617929272,0.03429039793609784,0.004451769872217942,0.0,0.017412558455920542,0.02188900537076769
seed123_A_step12000,49,processed_targets,expression,0.12403406236546552,0.06434370446429029,0.05083681131307719,0.008853546588098046,1.3877787807814457e-17,0.013412978536158837,0.018279092588239253
seed123_A_step12000,50,prediction,AU,0.13323907123994838,0.008022972680522239,0.07554446252756106,0.049671636031865085,0.0,0.06139045428024055,0.11871750859735541
seed123_A_step12000,50,prediction,VA,0.03646611307212509,0.0038650342868019887,0.02652781977467551,0.006073259010647591,6.938893903907228e-18,0.0561878780923613,0.09719716385072028
seed123_A_step12000,50,prediction,expression,0.05068140770215772,0.004463194344189651,0.03577825740485503,0.010439955953113032,0.0,0.026985578315584166,0.04848058371846567
seed123_A_step12000,50,processed_targets,AU,0.23221831091855463,0.10701451581748751,0.10760196151629284,0.017601833584774282,2.7755575615628914e-17,0.009084010840108401,0.01817195551939246
seed123_A_step12000,50,processed_targets,VA,0.1263945320985581,0.056311272232787354,0.06619011973659061,0.0038931401291801625,2.7755575615628914e-17,0.01630829332320671,0.0205854129831271
seed123_A_step12000,50,processed_targets,expression,0.13474045785646613,0.05977851716044052,0.06501515284175327,0.009946787854272322,0.0,0.014329287209416456,0.019957104581918066
seed123_A_step12000,51,prediction,AU,0.167996998158041,0.014046833457651888,0.09460729241869303,0.05934287228169608,0.0,0.07411175228608671,0.14338104606940377
seed123_A_step12000,51,prediction,VA,0.0609753168955601,0.005215998867089465,0.04591431349219922,0.009845004536271417,0.0,0.06935690596733461,0.11921570582974719
seed123_A_step12000,51,prediction,expression,0.10343004343805959,0.013214096020616859,0.06939811669026005,0.020817830727182678,0.0,0.05053143951565394,0.09112114566018509
seed123_A_step12000,51,processed_targets,AU,0.22872427983539098,0.09767395877723135,0.11740377327580934,0.013646547782350252,2.7755575615628914e-17,0.008031774051191527,0.01607773851590106
seed123_A_step12000,51,processed_targets,VA,0.11473576822281696,0.06031097495576203,0.05164843331110619,0.0027763599559487416,0.0,0.01300296603068249,0.01698809772624565
seed123_A_step12000,51,processed_targets,expression,0.12175941966489552,0.055520127797046986,0.059068372071073905,0.007170919796774616,1.3877787807814457e-17,0.01112461769503655,0.015658527840400376
seed123_A_step12000,52,prediction,AU,0.1085492836756356,0.0012007618876699524,0.05431326982767457,0.05303525196029108,0.0,0.06728826019235003,0.13081694463881627
seed123_A_step12000,52,prediction,VA,0.03555810198280994,0.0014489989008451452,0.02612147368774878,0.007987629394216017,0.0,0.06707827437774126,0.11593936059016491
seed123_A_step12000,52,prediction,expression,0.07764058356614668,0.00312250015913515,0.051369215438761544,0.023148867968249987,0.0,0.058456606696352574,0.10509832504503142
seed123_A_step12000,52,processed_targets,AU,0.19574776321265092,0.037729035223629054,0.13118082354665808,0.02683790444236371,5.551115123125783e-17,0.014622183201638864,0.02924950240018733
seed123_A_step12000,52,processed_targets,VA,0.13333876031960198,0.06528075076432766,0.06299516973261428,0.00506283982266012,5.551115123125783e-17,0.01915316718639487,0.023669197783920903
seed123_A_step12000,52,processed_targets,expression,0.11997573827184331,0.04377654088825772,0.06513721965565834,0.01106197772792725,0.0,0.014716384453887484,0.019807152408931817
seed123_A_step12000,53,prediction,AU,0.17755994579019524,0.002150015730850107,0.08798299006774568,0.08742693999159946,0.0,0.1074317248302816,0.21001076828269777
seed123_A_step12000,53,prediction,VA,0.060754229704995104,0.0024243547435988345,0.045636293578676865,0.012693581382719409,0.0,0.08358995969711716,0.14452806519781544
seed123_A_step12000,53,prediction,expression,0.09987268191918938,0.002692867131987161,0.06608979148163882,0.031090023305563395,0.0,0.07047943124409178,0.12733167038251397
seed123_A_step12000,53,processed_targets,AU,0.2277896809816716,0.054788988713061676,0.14452800598168836,0.02847268628692152,5.551115123125783e-17,0.01556153932458207,0.031124950906132525
seed123_A_step12000,53,processed_targets,VA,0.168096958921856,0.09859821586993227,0.06425573549122612,0.005243007560697624,0.0,0.01962384767501227,0.023975193986104527
seed123_A_step12000,53,processed_targets,expression,0.12421044265566543,0.04370782273152988,0.06810746282060912,0.012395157103526453,1.3877787807814457e-17,0.016381025736623978,0.022103826328683674
seed123_A_step12000,54,prediction,AU,0.22321246321894317,0.007969044390710394,0.13666143629313504,0.07858198253509775,0.0,0.0964351022234664,0.1876229953838341
seed123_A_step12000,54,prediction,VA,0.07698394498588018,0.00208032393578978,0.06279463625342978,0.012108984796660617,1.3877787807814457e-17,0.07689000761105728,0.1325791631725687
seed123_A_step12000,54,prediction,expression,0.11015503444113274,0.0041623274143859565,0.08181211126934182,0.02418059575740497,1.3877787807814457e-17,0.05720606912088283,0.10276836901343729
seed123_A_step12000,54,processed_targets,AU,0.24493316304810564,0.06482393583965787,0.14972108331743025,0.030388143891017457,5.551115123125783e-17,0.016481747628628918,0.032972972972972976
seed123_A_step12000,54,processed_targets,VA,0.12854646541873763,0.05481486890502994,0.06843509991231597,0.00529649660139174,2.7755575615628914e-17,0.02082634162956586,0.02548766677943179
seed123_A_step12000,54,processed_targets,expression,0.12942759822165806,0.041584087981404574,0.07512344746965449,0.012720062770598978,0.0,0.01819583742522635,0.0248664619786948
seed123_A_step12000,55,prediction,AU,0.1984134365746629,0.005411551728159147,0.11725224627779955,0.07574963856870422,2.7755575615628914e-17,0.09311171513935253,0.18122602811250543
seed123_A_step12000,55,prediction,VA,0.0641220499399781,0.005544762419490815,0.04813503235444538,0.010442255166041903,0.0,0.07272507963662804,0.12532496677897004
seed123_A_step12000,55,prediction,expression,0.11174123974299718,0.006926112324249551,0.07843739656033968,0.02637773085840794,0.0,0.06411813636948903,0.11465384085175448
seed123_A_step12000,55,processed_targets,AU,0.23105362709357005,0.04232048428126173,0.15474909885394192,0.03398404395836635,5.551115123125783e-17,0.018243911719939117,0.03649062708154915
seed123_A_step12000,55,processed_targets,VA,0.15939464655668906,0.07276581087091961,0.08046117707306057,0.0061676586127089195,5.551115123125783e-17,0.022641458425066992,0.027887052543888832
seed123_A_step12000,55,processed_targets,expression,0.1359012773880777,0.039682914093938364,0.08253263200573273,0.013685731288406616,0.0,0.018485654871919457,0.02516772382071921
seed123_A_step12000,56,prediction,AU,0.16566262619904107,0.016749229685714215,0.08716311262130914,0.06175028389201769,2.7755575615628914e-17,0.07758095175832967,0.15017811483068214
seed123_A_step12000,56,prediction,VA,0.04528196576793041,0.004072015975257314,0.03375809765937176,0.007451852133301335,0.0,0.0613634368467445,0.10508124007237693
seed123_A_step12000,56,prediction,expression,0.09872910775348481,0.008187939742636624,0.06913378800886227,0.021407380001985932,1.3877787807814457e-17,0.05281937139617184,0.093836002611798
seed123_A_step12000,56,processed_targets,AU,0.26537243006403777,0.11490845240043959,0.13408997474257806,0.01637400292102011,0.0,0.009021592442645074,0.018061465721040188
seed123_A_step12000,56,processed_targets,VA,0.21248123513188466,0.13094774583869462,0.07820517056940497,0.0033283187237850157,5.551115123125783e-17,0.014086282069263188,0.017837947269612894
seed123_A_step12000,56,processed_targets,expression,0.1361560954913372,0.05564162121758164,0.07345714764886532,0.00705732662489021,2.7755575615628914e-17,0.011024025805057173,0.01508571124216113
seed123_A_step12000,57,prediction,AU,0.1838160222302241,0.013458096982814258,0.1097531885483314,0.06060473669907842,2.7755575615628914e-17,0.07315293779013396,0.14218638147930684
seed123_A_step12000,57,prediction,VA,0.05279428693061357,0.004595171322563761,0.038560483427382365,0.009638632180667432,6.938893903907228e-18,0.06741066404703422,0.11620716744624607
seed123_A_step12000,57,prediction,expression,0.10624421012048126,0.009042999659319796,0.07256811961788126,0.024633090843280192,1.3877787807814457e-17,0.05721802287667228,0.102220351509733
seed123_A_step12000,57,processed_targets,AU,0.2605203430031016,0.09146515602938227,0.1520898782448638,0.016965308728855526,0.0,0.010052596975673898,0.0201250411319513
seed123_A_step12000,57,processed_targets,VA,0.21120555550462594,0.1402520155590763,0.06846312286486829,0.0024904170806813826,0.0,0.012076197247364405,0.015803234577399603
seed123_A_step12000,57,processed_targets,expression,0.12568384200816238,0.049953033436938105,0.07056825633582474,0.00516255223539953,0.0,0.007736090897631992,0.010408479824572102
seed123_A_step12000,58,prediction,AU,0.240251019190644,0.019322419962153597,0.147738014792411,0.07319058443607938,5.551115123125783e-17,0.08909190912059417,0.1725411324094329
seed123_A_step12000,58,prediction,VA,0.07146649609737207,0.011528924465892295,0.05033872184442336,0.009598849787056421,0.0,0.06606722862614951,0.11349772606040262
seed123_A_step12000,58,prediction,expression,0.10754724922324957,0.009884876541669457,0.07578748801591767,0.02187488466566243,1.3877787807814457e-17,0.05289685162406037,0.09439902005681614
seed123_A_step12000,58,processed_targets,AU,0.2667754900142213,0.11205266883210925,0.13831703169758017,0.016405789484531832,5.551115123125783e-17,0.00883876357560568,0.017681159420289853
seed123_A_step12000,58,processed_targets,VA,0.228658677430574,0.14024306048558563,0.0860503425180764,0.0023652744269119894,0.0,0.012329716937509097,0.015664713619507376
seed123_A_step12000,58,processed_targets,expression,0.1325895602237738,0.052529907046654466,0.0747504452888082,0.005309207888311151,2.7755575615628914e-17,0.00834096726884197,0.010801571160761452
seed123_A_step12000,59,prediction,AU,0.17598821833736203,0.009740904307928244,0.10271034939112701,0.06353696463830678,2.7755575615628914e-17,0.07661847380186572,0.14908891387232606
seed123_A_step12000,59,prediction,VA,0.06129043403295568,0.010354480469233535,0.041438645768247774,0.00949730779547437,0.0,0.06798147421053147,0.11748563275156107
seed123_A_step12000,59,prediction,expression,0.1076639309231303,0.007845755072565836,0.07495288406769468,0.02486529178286977,1.3877787807814457e-17,0.05788761533000283,0.10385329719993948
seed123_A_step12000,59,processed_targets,AU,0.26229876808994146,0.11184467224358725,0.13363533413523507,0.016818761711119085,5.551115123125783e-17,0.008994252873563218,0.017993527508090613
seed123_A_step12000,59,processed_targets,VA,0.20538359761784766,0.11541965640479676,0.08659150287321289,0.0033724383398380654,5.551115123125783e-17,0.013944617794136164,0.018256716951607306
seed123_A_step12000,59,processed_targets,expression,0.13182007328919948,0.05136790014025094,0.07333067957698869,0.007121493571959895,5.551115123125783e-17,0.011215994587299518,0.015643759278239976
seed123_A_step12000,60,prediction,AU,0.1252803294239321,0.004549168856530926,0.06972495645973818,0.05100620410766303,2.7755575615628914e-17,0.06483874361014937,0.12570660436262868
seed123_A_step12000,60,prediction,VA,0.057746308449883654,0.004477016025560508,0.04441426023311892,0.008855032191204228,0.0,0.06898059658239446,0.11874707438280123
seed123_A_step12000,60,prediction,expression,0.10999288902010029,0.009465322082635917,0.07157400992311765,0.028953557014346723,1.3877787807814457e-17,0.06964848596007722,0.12474809291240789
seed123_A_step12000,60,processed_targets,AU,0.2678521650614674,0.07472738927038548,0.16428355349055726,0.028841222300524626,5.551115123125783e-17,0.014909219108055703,0.02982716049382716
seed123_A_step12000,60,processed_targets,VA,0.139453971363914,0.07395078037316358,0.06070038880184595,0.0048028021889045,2.7755575615628914e-17,0.019618966360588762,0.024701551146036577
seed123_A_step12000,60,processed_targets,expression,0.13308986879524576,0.04669506876042917,0.07440037887615109,0.011994421158665529,2.7755575615628914e-17,0.01620589155384856,0.021983031397825665
seed123_A_step12000,61,prediction,AU,0.15916458218232987,0.005274414481655152,0.08486313314439402,0.0690270345562807,0.0,0.08587224144834277,0.1671502171326601
seed123_A_step12000,61,prediction,VA,0.05094476581936236,0.003602016253479687,0.03631755194448756,0.011025197621395106,0.0,0.07730417841392556,0.13362546828055483
seed123_A_step12000,61,prediction,expression,0.09637553744777663,0.004262802424679647,0.06351470533848012,0.028598029684616864,0.0,0.06601327723734231,0.11900492314449475
seed123_A_step12000,61,processed_targets,AU,0.2568031301924211,0.05989009340453103,0.16696081663306497,0.029952220154825078,5.551115123125783e-17,0.016141671491989962,0.032284969591659426
seed123_A_step12000,61,processed_targets,VA,0.17682027339087783,0.06902851498148381,0.10225102358838958,0.005540734821004467,2.7755575615628914e-17,0.020309556497516545,0.02462245878749202
seed123_A_step12000,61,processed_targets,expression,0.12775616761464456,0.03400474434722023,0.08160010420843065,0.01215131905899365,2.7755575615628914e-17,0.01629075528852561,0.022072525392440413
seed123_A_step12000,62,prediction,AU,0.12885250040452798,0.006961447378812959,0.07090878155459485,0.05098227147112019,2.7755575615628914e-17,0.06274997461050254,0.12239977498191974
seed123_A_step12000,62,prediction,VA,0.04572476310418017,0.0033117705483277833,0.03391721720498118,0.008495775350871215,6.938893903907228e-18,0.06696793935762634,0.1155485475098621
seed123_A_step12000,62,prediction,expression,0.100950753831169,0.004857167768345287,0.06911705201260646,0.026976534050217254,0.0,0.06529519147624246,0.11713853724553078
seed123_A_step12000,62,processed_targets,AU,0.26777177897753784,0.08421907126939608,0.15913470242031044,0.02441800528783132,0.0,0.012731273127312731,0.025456182472989197
seed123_A_step12000,62,processed_targets,VA,0.2059571308293925,0.09978977565507594,0.10156720353576697,0.004600151638549633,2.7755575615628914e-17,0.01764596596755872,0.02136391148391534
seed123_A_step12000,62,processed_targets,expression,0.1364024432416998,0.05121471671201763,0.07521211519728785,0.009975611332394316,0.0,0.01280544587225008,0.016949994055153655
seed123_A_step12000,63,prediction,AU,0.16646662556978992,0.003817073874456564,0.08824239750032138,0.074407154195012,2.7755575615628914e-17,0.09153360270968383,0.178283490623095
seed123_A_step12000,63,prediction,VA,0.05697980429835284,0.003130923508229027,0.04311270110302042,0.010736179687103381,6.938893903907228e-18,0.07463668764588906,0.12909837544065242
seed123_A_step12000,63,prediction,expression,0.1053978633965975,0.0038470725156179797,0.07406660008993528,0.027484190791044246,1.3877787807814457e-17,0.06353034016796184,0.11441395148128414
seed123_A_step12000,63,processed_targets,AU,0.2661274222263386,0.06839291099476674,0.16997984392980808,0.027754667301763715,5.551115123125783e-17,0.014986103390772651,0.029978685941988693
seed123_A_step12000,63,processed_targets,VA,0.15960327059314647,0.0583540579219521,0.0960909175652267,0.0051582951059676845,0.0,0.01961126160254498,0.023999968979715854
seed123_A_step12000,63,processed_targets,expression,0.1281755099746393,0.043844528106896145,0.07370886132942557,0.010622120538317606,0.0,0.014535243699506678,0.019068463354473836
seed123_A_step12000,64,prediction,AU,0.12409446998981369,0.0037419675287327435,0.06817505864942167,0.05217744381165927,1.3877787807814457e-17,0.06395945395679642,0.12458386970394032
seed123_A_step12000,64,prediction,VA,0.045470372330188316,0.003410335851152873,0.03388471105788529,0.008175325421150147,6.938893903907228e-18,0.06427896770825434,0.1109651372987564
seed123_A_step12000,64,prediction,expression,0.08787523722176313,0.002564432241954985,0.060345005980919526,0.02496579899888859,2.7755575615628914e-17,0.060909401641750266,0.10950309485383826
seed123_A_step12000,64,processed_targets,AU,0.2289723286504896,0.10197324129666874,0.11260728942562442,0.014391797928196394,5.551115123125783e-17,0.008314807716877476,0.016630879345603273
seed123_A_step12000,64,processed_targets,VA,0.2333626268109342,0.17015496539338168,0.06059451130028246,0.0026131501172699566,1.1102230246251565e-16,0.015031167171786987,0.020231064083268923
seed123_A_step12000,64,processed_targets,expression,0.1384584502938496,0.07523889832510777,0.0570723927297956,0.006147159238946262,2.7755575615628914e-17,0.010834680310961407,0.01533731066162192
seed123_A_step12000,65,prediction,AU,0.16567412771623063,0.009110779857171484,0.09111800576637691,0.0654453420926823,5.551115123125783e-17,0.07995470988087999,0.15570264136890086
seed123_A_step12000,65,prediction,VA,0.05908979521354454,0.008324036372752811,0.04066716289344698,0.010098595947344743,6.938893903907228e-18,0.06939113127036277,0.11939114616452667
seed123_A_step12000,65,prediction,expression,0.09347117077020013,0.005353249536371153,0.06329377450568624,0.02482414672814274,1.3877787807814457e-17,0.05526560087814735,0.09985347401606001
seed123_A_step12000,65,processed_targets,AU,0.25062182657434884,0.11158246769870366,0.1235138945389049,0.015525464336740302,0.0,0.008653998416468725,0.017314319667260845
seed123_A_step12000,65,processed_targets,VA,0.281800884905199,0.2008449766266293,0.07811587580071723,0.002840032477852437,5.551115123125783e-17,0.015133681076505794,0.019737629605588888
seed123_A_step12000,65,processed_targets,expression,0.14689698544754948,0.07299977927747646,0.06737376925465748,0.006523436915415526,2.7755575615628914e-17,0.011033185249993726,0.015104392199283922
seed123_A_step12000,66,prediction,AU,0.15019977663375353,0.007718426764884899,0.0821386392978062,0.060342710571062434,0.0,0.07432100618791673,0.14474930414889886
seed123_A_step12000,66,prediction,VA,0.04363851054942138,0.001925347201920505,0.03317981006546147,0.008533353282039406,6.938893903907228e-18,0.06826002680560982,0.11776428725152104
seed123_A_step12000,66,prediction,expression,0.09442201872089467,0.00406656042368593,0.06439234545437841,0.025963112842830337,0.0,0.06285169254999354,0.11280191749081842
seed123_A_step12000,66,processed_targets,AU,0.20608807812787913,0.08059288104427885,0.11179337854098571,0.013701818542614564,0.0,0.007968351199591628,0.015942806076854336
seed123_A_step12000,66,processed_targets,VA,0.18621374350726602,0.13560766311479602,0.04850079754842487,0.0021052828440451454,2.7755575615628914e-17,0.012230679776325571,0.015493941721543869
seed123_A_step12000,66,processed_targets,expression,0.12147718180217378,0.0640621753292553,0.05162186301759344,0.005793143455325056,1.3877787807814457e-17,0.01025880964846041,0.014023847297370405
seed123_A_step12000,67,prediction,AU,0.21716920126971923,0.011903434319330292,0.13348731199073482,0.07177845495965406,5.551115123125783e-17,0.08847211635057603,0.17146673107842547
seed123_A_step12000,67,prediction,VA,0.06524961227589546,0.0077941569555843694,0.04808502391781612,0.00937043140249498,1.3877787807814457e-17,0.06429987101955555,0.11100551290606339
seed123_A_step12000,67,prediction,expression,0.10006571140490902,0.010898148232390296,0.07234456632163695,0.016822996850881778,0.0,0.04324846945118606,0.07697508487550725
seed123_A_step12000,67,processed_targets,AU,0.21069457989294152,0.09544753483228106,0.10021466745192238,0.015032377608738054,2.7755575615628914e-17,0.008938329430132709,0.0178871314196446
seed123_A_step12000,67,processed_targets,VA,0.16068467411887807,0.1063322793161108,0.05204762278382542,0.002304772018941815,2.7755575615628914e-17,0.014461617348977393,0.01885937501288466
seed123_A_step12000,67,processed_targets,expression,0.13619212462609537,0.07065861914762558,0.05819350645533733,0.007339999023132469,2.7755575615628914e-17,0.01270869378248445,0.017814386374349626
seed123_A_step12000,68,prediction,AU,0.17248646833199896,0.004886451968197875,0.1043641015946749,0.0632359147691262,0.0,0.07961751586374442,0.15452781552585948
seed123_A_step12000,68,prediction,VA,0.05382295993444815,0.005214447505453341,0.0410447628359031,0.007563749593091695,6.938893903907228e-18,0.060422666262605465,0.10417870390845713
seed123_A_step12000,68,prediction,expression,0.09732042876106037,0.006282211023306967,0.07201908243343476,0.019019135304318636,1.3877787807814457e-17,0.05200030608241037,0.09247449592304713
seed123_A_step12000,68,processed_targets,AU,0.12063510636568997,0.05565136304925605,0.055884073220712906,0.009099670095720994,2.7755575615628914e-17,0.0061209860288201304,0.012244659057652912
seed123_A_step12000,68,processed_targets,VA,0.12783182546423477,0.11044068013083369,0.016197014226906475,0.001194131106494642,2.7755575615628914e-17,0.010653357226904322,0.014237788775436992
seed123_A_step12000,68,processed_targets,expression,0.1311545891845907,0.08391633056328364,0.04242721909343429,0.004811039527872739,2.7755575615628914e-17,0.011407129021508757,0.01610100513316028
seed123_A_step12000,69,prediction,AU,0.07320470763431779,0.003150975668748483,0.03877792576978902,0.0312758061957803,1.3877787807814457e-17,0.04159150966447184,0.08019229792011083
seed123_A_step12000,69,prediction,VA,0.0253001344096299,0.0022423398751439203,0.01845747624683577,0.004600318287650212,3.469446951953614e-18,0.051129748590364316,0.08836604529215251
seed123_A_step12000,69,prediction,expression,0.07529200165733982,0.0054316661938302235,0.05110768193133178,0.018752653532177817,0.0,0.05489196427426106,0.097322543894222
seed123_A_step12000,69,processed_targets,AU,0.12176002517160578,0.06352188122825861,0.04947146982456037,0.008766674118786793,1.3877787807814457e-17,0.005499403697078116,0.01100126742712294
seed123_A_step12000,69,processed_targets,VA,0.12840355746402768,0.11146350190873397,0.015672067928702356,0.0012679876265913824,2.7755575615628914e-17,0.011100655186118321,0.014818291918603106
seed123_A_step12000,69,processed_targets,expression,0.12984928115058383,0.08292274071565114,0.04184284511420324,0.005083695320729455,0.0,0.01180221120822753,0.016046099264713964
seed123_A_step12000,70,prediction,AU,0.11810777448198079,0.005299291207385575,0.0632847291158989,0.049523754158696316,0.0,0.06495028175977613,0.12530645518277012
seed123_A_step12000,70,prediction,VA,0.03335355300194606,0.001763198021923842,0.02429142011534911,0.007298934864673119,6.938893903907228e-18,0.06328539616655308,0.10929512359665712
seed123_A_step12000,70,prediction,expression,0.08183848198114206,0.004716577592711125,0.05417783634197231,0.02294406804645864,1.3877787807814457e-17,0.057809387453625974,0.10373682055408669
seed123_A_step12000,70,processed_targets,AU,0.11702114557571784,0.052184281278417885,0.05514009324359676,0.009696771053703205,1.3877787807814457e-17,0.00674892703862661,0.013499686968965209
seed123_A_step12000,70,processed_targets,VA,0.12491285950752944,0.11041593094248738,0.013362994076085391,0.0011339344889566708,0.0,0.011418246038062218,0.015749439354391225
seed123_A_step12000,70,processed_targets,expression,0.12248982778890247,0.07779569414288347,0.039256390992342384,0.0054377426536766265,1.3877787807814457e-17,0.011991496382060667,0.017125762397559106
seed123_A_step12000,71,prediction,AU,0.13802729784168224,0.0036025908305618902,0.0782840769909561,0.0561406300201643,2.7755575615628914e-17,0.07048750582226145,0.13708335874180994
seed123_A_step12000,71,prediction,VA,0.037411872301837415,0.0014541349554231039,0.029290536784820756,0.006667200561593557,0.0,0.057754796462162625,0.09960232369257509
seed123_A_step12000,71,prediction,expression,0.09266117465280088,0.003916224219380659,0.06707998254805925,0.021664967885360965,0.0,0.05886111120378165,0.10447737482326404
seed123_A_step12000,71,processed_targets,AU,0.1303583522132086,0.0647702324169071,0.05626690206464747,0.009321217731654041,0.0,0.006340643274853801,0.012682605834612854
seed123_A_step12000,71,processed_targets,VA,0.07753270987528177,0.05996923990345727,0.016303396387907683,0.001260073583916804,1.3877787807814457e-17,0.011460401937794431,0.015364455604052649
seed123_A_step12000,71,processed_targets,expression,0.12294499148149404,0.08116920892246833,0.036068751157125364,0.005707031401900325,2.7755575615628914e-17,0.01099823304670219,0.01459763232614562
seed123_A_step12000,72,prediction,AU,0.18785207077641142,0.0037343243611551898,0.10206155266598577,0.08205619374927044,2.7755575615628914e-17,0.10113250298217906,0.1967875521080316
seed123_A_step12000,72,prediction,VA,0.056339692996286696,0.0031481910698601626,0.040393520230745966,0.01279798169568056,6.938893903907228e-18,0.08250873216972451,0.14229677084529874
seed123_A_step12000,72,prediction,expression,0.11170776215802207,0.0030673695645185347,0.07484138460436485,0.03379900798913869,1.3877787807814457e-17,0.07450974934650864,0.13481378129342578
seed123_A_step12000,72,processed_targets,AU,0.26519732847601707,0.08537423980013338,0.15084822095101588,0.02897486772486772,5.551115123125783e-17,0.014912640312347486,0.029834016793595
seed123_A_step12000,72,processed_targets,VA,0.188071359183814,0.11656243236589209,0.06697293639193694,0.004535990425985082,8.326672684688674e-17,0.018113754975608118,0.022733057113326148
seed123_A_step12000,72,processed_targets,expression,0.13715774906556402,0.05989709012972695,0.06709287717095265,0.010167781764884412,0.0,0.013855162354113389,0.01903757398068966
seed123_A_step12000,73,prediction,AU,0.1330352229257681,0.0032191237733001626,0.06627166499438474,0.06354443415808318,2.7755575615628914e-17,0.07877816950929352,0.15339622556802743
seed123_A_step12000,73,prediction,VA,0.04406454293496038,0.0017685723087984423,0.032702341293941124,0.009593629332220811,0.0,0.07301635120886761,0.12600279381108548
seed123_A_step12000,73,prediction,expression,0.09430214092934314,0.0035613976199245444,0.0619850078413831,0.028755735468035504,1.3877787807814457e-17,0.06789478865790452,0.12180240211762547
seed123_A_step12000,73,processed_targets,AU,0.2722749557121081,0.09575823971090436,0.14910261391246318,0.027414102088740577,5.551115123125783e-17,0.01440148354195642,0.028807271378222966
seed123_A_step12000,73,processed_targets,VA,0.168386018705859,0.09702435593489975,0.06686758082246182,0.004494081948497391,2.7755575615628914e-17,0.017866286555815472,0.02198508509523383
seed123_A_step12000,73,processed_targets,expression,0.1312040454064995,0.050577651982917936,0.07032817125229242,0.01029822217128916,0.0,0.014394274666936237,0.019600979065566605
seed123_A_step12000,74,prediction,AU,0.12485416845183513,0.002221460068362471,0.06148717382694842,0.061145534556524245,1.3877787807814457e-17,0.07700370364440492,0.14978100242863376
seed123_A_step12000,74,prediction,VA,0.03645521682580053,0.0013072993241288096,0.026056613445028076,0.009091304056643643,6.938893903907228e-18,0.07105374968931655,0.12302844078486176
seed123_A_step12000,74,prediction,expression,0.07637837087433205,0.0015274809288545967,0.04816005658502153,0.026690833360455912,1.3877787807814457e-17,0.06321178505830384,0.11388703308657086
seed123_A_step12000,74,processed_targets,AU,0.25267776585071533,0.09155521283740904,0.13974526795350556,0.021377285059800685,5.551115123125783e-17,0.010977643046608565,0.021955656623081295
seed123_A_step12000,74,processed_targets,VA,0.21561728393276164,0.1651123418335173,0.04774313122959175,0.002761810869652576,0.0,0.012331146603469942,0.014883547554949292
seed123_A_step12000,74,processed_targets,expression,0.12145440462124822,0.06685590012289351,0.048371839468099836,0.006226665030254876,0.0,0.008636482759473258,0.011270023316100086
seed123_A_step12000,75,prediction,AU,0.14736862848447208,0.002822542965532736,0.07047824165507213,0.07406784386386724,2.7755575615628914e-17,0.092710086086661,0.18033699985912668
seed123_A_step12000,75,prediction,VA,0.0424156500762064,0.0014119641791162348,0.02905241601034281,0.011951269886747357,0.0,0.08307069148933273,0.14376408196036114
seed123_A_step12000,75,prediction,expression,0.09441148005865488,0.0037418804254823303,0.055691394548408636,0.03497820508476389,2.7755575615628914e-17,0.077817225555375,0.14085919671901218
seed123_A_step12000,75,processed_targets,AU,0.25322200499619857,0.08050753172312154,0.1490668410367351,0.023647632236341913,0.0,0.012285976168652612,0.024576457645764577
seed123_A_step12000,75,processed_targets,VA,0.21999789596843583,0.1649505789980574,0.051668104799398124,0.0033792121709801783,1.3877787807814457e-16,0.013839251612109072,0.01681188926688827
seed123_A_step12000,75,processed_targets,expression,0.11666747280147925,0.059040371356239,0.05053679437200555,0.007090307073234721,1.3877787807814457e-17,0.010205230162238881,0.013815618104734168
seed123_A_step12000,76,prediction,AU,0.20802524752542895,0.007386370106537734,0.12348861770445298,0.07715025971443826,2.7755575615628914e-17,0.09526898956893882,0.18502174094153148
seed123_A_step12000,76,prediction,VA,0.07536579533242044,0.005473222174887309,0.059220156043616044,0.01067241711391707,1.3877787807814457e-17,0.07328997888413831,0.1263618151455657
seed123_A_step12000,76,prediction,expression,0.11117822886993126,0.006012046962103038,0.08117607916410216,0.023990102743726063,1.3877787807814457e-17,0.05770781937910014,0.103498703286594
seed123_A_step12000,76,processed_targets,AU,0.1951659106909964,0.0444089073531683,0.12684572371916297,0.023911279618665095,2.7755575615628914e-17,0.012581047381546135,0.025169940754599315
seed123_A_step12000,76,processed_targets,VA,0.16047468313029045,0.11366347554508899,0.04282964530518963,0.003981562280011843,0.0,0.016303449409242783,0.02025227674132368
seed123_A_step12000,76,processed_targets,expression,0.12591563260718128,0.0554576970514845,0.06079695361518346,0.009660981940513316,0.0,0.01287257109698539,0.01757917228132629
seed123_A_step12000,77,prediction,AU,0.1611874460465716,0.004772779748940501,0.09030955388923145,0.06610511240839965,0.0,0.08033599441317019,0.1564288467177122
seed123_A_step12000,77,prediction,VA,0.053136795793359184,0.002316050490140195,0.040720575322654225,0.01010016998056477,0.0,0.07166483096360982,0.123610380092716
seed123_A_step12000,77,prediction,expression,0.09861612223957612,0.005830462993238023,0.06457337950797021,0.028212279738367884,0.0,0.06284054441574605,0.11319057516234396
seed123_A_step12000,77,processed_targets,AU,0.22744642948032778,0.06322675945042927,0.1373607651201462,0.02685890490975237,5.551115123125783e-17,0.014463794683776352,0.02893779611798869
seed123_A_step12000,77,processed_targets,VA,0.1850329889058728,0.13737162826117094,0.04395023717026308,0.0037111234744386973,8.326672684688674e-17,0.016305418278062485,0.020422593145069726
seed123_A_step12000,77,processed_targets,expression,0.13326484763809684,0.06123962228932845,0.06300751307635154,0.009017712272416838,0.0,0.013062924864681382,0.017810272547244852
seed123_A_step12000,78,prediction,AU,0.11619391417343854,0.0014336183210918744,0.05287627367806665,0.061884022174280004,1.3877787807814457e-17,0.07881345272458444,0.15315160050277066
seed123_A_step12000,78,prediction,VA,0.03726595549467778,0.0012456277920647593,0.027079622739523728,0.0089407049630893,6.938893903907228e-18,0.0715945395525239,0.1236523737845135
seed123_A_step12000,78,prediction,expression,0.08012231599980862,0.0014598433120798753,0.05197088790103982,0.026691584786688916,1.3877787807814457e-17,0.06510474928708648,0.1169830742713363
seed123_A_step12000,78,processed_targets,AU,0.19647162278042682,0.0583528752519727,0.12106848180778576,0.017050265720668315,5.551115123125783e-17,0.009178957718780727,0.018360623494124012
seed123_A_step12000,78,processed_targets,VA,0.168595770828843,0.12941954873847303,0.036216729988471606,0.002959492101898354,0.0,0.01128951070676379,0.014067207467303324
seed123_A_step12000,78,processed_targets,expression,0.10668786605050498,0.056463628942783006,0.04403457007223312,0.006189667035488838,1.3877787807814457e-17,0.0076852585237447875,0.010333990228687771
seed123_A_step12000,79,prediction,AU,0.16847914567975697,0.005981775366680978,0.09607064924574578,0.06642672106733019,2.7755575615628914e-17,0.08167802198416307,0.15873969163005988
seed123_A_step12000,79,prediction,VA,0.059386548257560706,0.003999413631411731,0.044780812272452425,0.010606322353696553,0.0,0.0731054069703375,0.1260625835674128
seed123_A_step12000,79,prediction,expression,0.10414765097755747,0.007598965656250937,0.06714660837048143,0.02940207695082511,1.3877787807814457e-17,0.06653039603919042,0.11957826896062115
seed123_A_step12000,79,processed_targets,AU,0.211484616418111,0.04907071413033289,0.13567703543301524,0.026736866854762866,0.0,0.013801169590643274,0.027602905569007265
seed123_A_step12000,79,processed_targets,VA,0.14385898342985481,0.08715318515939612,0.051418691995587046,0.00528710627487166,0.0,0.01977763464657451,0.024595691783231916
seed123_A_step12000,79,processed_targets,expression,0.13032205144367592,0.04302720193476136,0.07482554989881178,0.012469299610102775,2.7755575615628914e-17,0.016397118087912787,0.022354473263436057
seed123_A_step2000,0,prediction,AU,0.14341136075136066,0.0020600792675634118,0.030910643072575367,0.1104406384112219,2.7755575615628914e-17,0.16062303338712297,0.3054503042247059
seed123_A_step2000,0,prediction,VA,0.05932292838147803,0.0010692215681453378,0.0173443689612499,0.04090933785208278,0.0,0.15126139252163623,0.2627078374179025
seed123_A_step2000,0,prediction,expression,0.0819033116113345,0.0016739609970846104,0.021981418124595573,0.05824793248965433,1.3877787807814457e-17,0.11538897760375479,0.2115326165271887
seed123_A_step2000,0,processed_targets,AU,0.2468928118149302,0.11216488278687899,0.12021416032684741,0.014513768701203801,0.0,0.008509090909090909,0.017027027027027027
seed123_A_step2000,0,processed_targets,VA,0.24093695226099449,0.19306009776514166,0.04615039377131954,0.001726460724533247,2.7755575615628914e-17,0.010503816214378004,0.013521472877569172
seed123_A_step2000,0,processed_targets,expression,0.12673749381976335,0.07379555681778921,0.04845504342045324,0.004486893581520914,0.0,0.007967644879511416,0.011051477896737456
seed123_A_step2000,1,prediction,AU,0.09345505326937369,0.0020607221852281215,0.022724928613178146,0.06866940247096742,0.0,0.10215947614854544,0.1952989789620444
seed123_A_step2000,1,prediction,VA,0.04002533540086356,0.0022231855563090417,0.013921144091066703,0.023881005753487814,0.0,0.11562581824288248,0.2020699243927758
seed123_A_step2000,1,prediction,expression,0.06749064433766801,0.002437719778046825,0.021969043443318927,0.04308388111630225,0.0,0.09880231930898113,0.181057301069546
seed123_A_step2000,1,processed_targets,AU,0.1892513250182488,0.061132759419154276,0.11344620441430828,0.014672361184786206,2.7755575615628914e-17,0.008370497427101201,0.016738197424892704
seed123_A_step2000,1,processed_targets,VA,0.1742168718498816,0.1128612728727193,0.058791764879625424,0.002563834097536901,2.7755575615628914e-17,0.013501502275323147,0.017943337417723283
seed123_A_step2000,1,processed_targets,expression,0.12161621630020142,0.05632616224579112,0.059613184865121,0.005676869189289337,4.163336342344337e-17,0.01016422428356031,0.014294150524274782
seed123_A_step2000,2,prediction,AU,0.12831063674368723,0.0031208895550535925,0.03260070012414012,0.09258904706449352,0.0,0.13693437312653847,0.26009075388995095
seed123_A_step2000,2,prediction,VA,0.06467460491558136,0.0017119970329691025,0.025665901309026334,0.037296706573585914,0.0,0.13629340354346137,0.2368450664224428
seed123_A_step2000,2,prediction,expression,0.06185583306526991,0.002294891570925022,0.019596388962396086,0.039964552531948805,0.0,0.08353494248700016,0.1550287715902236
seed123_A_step2000,2,processed_targets,AU,0.2306112370874276,0.10246090740655042,0.11291538385069323,0.015234945830183925,0.0,0.008472884048105287,0.016948228882833788
seed123_A_step2000,2,processed_targets,VA,0.23548525048901126,0.1716122905951991,0.06151040496512763,0.0023625549286846216,1.1102230246251565e-16,0.012909512551358113,0.016411045528516903
seed123_A_step2000,2,processed_targets,expression,0.13513254062236035,0.07374689975273949,0.05646602408697882,0.004919616782642029,2.7755575615628914e-17,0.008316712579856517,0.011016752222447633
seed123_A_step2000,3,prediction,AU,0.18156097353667613,0.009794360637378423,0.05662005988579853,0.11514655301349919,0.0,0.16770790526161924,0.3190275492729904
seed123_A_step2000,3,prediction,VA,0.07244495133701316,0.006786164853430698,0.02926573768193129,0.03639304880165117,0.0,0.14050223983122465,0.2457662248375825
seed123_A_step2000,3,prediction,expression,0.1024131196108466,0.007324706729663888,0.04124326633427213,0.05384514654691061,1.3877787807814457e-17,0.12070254892036396,0.21965872792001268
seed123_A_step2000,3,processed_targets,AU,0.23458146007278963,0.0916686002551718,0.12402771744981642,0.018885142367801328,8.326672684688674e-17,0.009541726965750121,0.019091787439613525
seed123_A_step2000,3,processed_targets,VA,0.15235186465804765,0.08861879240567594,0.06033813613623262,0.0033949361161391043,2.7755575615628914e-17,0.015990349836917068,0.02085294084083559
seed123_A_step2000,3,processed_targets,expression,0.1429055755640201,0.06225126594452559,0.07131833616086242,0.009335973458632121,5.551115123125783e-17,0.014654444761840978,0.021052512017408764
seed123_A_step2000,4,prediction,AU,0.20431995821121898,0.004945185758385338,0.048721946065823495,0.15065282638701016,2.7755575615628914e-17,0.21268638890006994,0.4053610340037547
seed123_A_step2000,4,prediction,VA,0.10034951837475371,0.006641433747510249,0.03129305767829014,0.06241502694895333,1.3877787807814457e-17,0.18450499435749432,0.32126042636307756
seed123_A_step2000,4,prediction,expression,0.09298439794013674,0.004975329475311419,0.029075080441760166,0.05893398802306515,0.0,0.12052831921849431,0.22162081560535116
seed123_A_step2000,4,processed_targets,AU,0.24640146319158668,0.08100207085727586,0.14125979119470963,0.024139601139601136,2.7755575615628914e-17,0.013814955640050697,0.02765620044402157
seed123_A_step2000,4,processed_targets,VA,0.19360236403213812,0.11352219916722893,0.07556269530760895,0.004517469557300228,0.0,0.01824695266156454,0.023214877656280823
seed123_A_step2000,4,processed_targets,expression,0.1340029523029475,0.04865275594603006,0.07573195662972171,0.009618239727195775,2.7755575615628914e-17,0.015648573750317654,0.021850090957627855
seed123_A_step2000,5,prediction,AU,0.07803049279980684,0.0026523131474967612,0.026553408093702446,0.04882477155860764,1.3877787807814457e-17,0.07576475894221062,0.1440878074456004
seed123_A_step2000,5,prediction,VA,0.03504661925780012,0.002853974709744947,0.010872128095142274,0.021320516452912903,0.0,0.10513238849110618,0.18344355158892092
seed123_A_step2000,5,prediction,expression,0.07000154597530467,0.006029222785808947,0.022733055866043118,0.041239267323452615,1.3877787807814457e-17,0.10430984103236181,0.1883831079105204
seed123_A_step2000,5,processed_targets,AU,0.24642917726887192,0.08574723964976573,0.1383572274127166,0.022324710206389597,0.0,0.01165870741801974,0.023333333333333334
seed123_A_step2000,5,processed_targets,VA,0.27885674537935495,0.18665255156134472,0.0883257386925624,0.003878455125447759,5.551115123125783e-17,0.01702047859735737,0.021201129468695668
seed123_A_step2000,5,processed_targets,expression,0.14896403016229195,0.06554516501261955,0.07563481530672346,0.007784049842948906,2.7755575615628914e-17,0.011935396538145057,0.016182702470542307
seed123_A_step2000,6,prediction,AU,0.12043829947417994,0.002382190537594255,0.026422017232711262,0.0916340917038744,2.7755575615628914e-17,0.1367981921590039,0.2604150641894148
seed123_A_step2000,6,prediction,VA,0.05637593306824196,0.0013114157427367287,0.01997416446820127,0.03509035285730395,1.3877787807814457e-17,0.13879737866463931,0.24104501898151373
seed123_A_step2000,6,prediction,expression,0.08073168229751555,0.0027878137052601763,0.02592151365719325,0.052022354935062125,0.0,0.11163367411801503,0.20317579455729656
seed123_A_step2000,6,processed_targets,AU,0.211271363067945,0.07511827044532157,0.11822504279586576,0.017928049826757622,2.7755575615628914e-17,0.00994161801501251,0.019883187317480185
seed123_A_step2000,6,processed_targets,VA,0.19797022731445676,0.1261020674111879,0.06873852449493535,0.003129635408333557,2.7755575615628914e-17,0.014497756608858941,0.018309952037600885
seed123_A_step2000,6,processed_targets,expression,0.12810459137191682,0.06431396240582568,0.05734538059975054,0.00644524836634058,2.7755575615628914e-17,0.009554063603718133,0.012692947767766787
seed123_A_step2000,7,prediction,AU,0.14072855594244094,0.002344268753413952,0.034599581838576456,0.10378470535045055,2.7755575615628914e-17,0.15348011704484313,0.29194787419068813
seed123_A_step2000,7,prediction,VA,0.06660984937193236,0.001801171041153345,0.021489976784170917,0.0433187015466081,0.0,0.15062971170240613,0.2615054781281961
seed123_A_step2000,7,prediction,expression,0.083363702956704,0.0024881436134746742,0.027535871060162365,0.05333968828306697,0.0,0.1125765058592889,0.20623561975964383
seed123_A_step2000,7,processed_targets,AU,0.22865996068909702,0.07449965945549694,0.13199955047243306,0.022160750761166994,2.7755575615628914e-17,0.01213256984209613,0.024277777777777777
seed123_A_step2000,7,processed_targets,VA,0.20827651888695525,0.144447520005743,0.060203520467568675,0.0036254784136435215,5.551115123125783e-17,0.016398092031959816,0.020888497143168934
seed123_A_step2000,7,processed_targets,expression,0.1331097834915702,0.0670354419371489,0.05842728969667339,0.0076470518577479215,0.0,0.012370187643003586,0.017268933034539174
seed123_A_step2000,8,prediction,AU,0.11184879446857202,0.002184568525569843,0.024043546302842753,0.08562067964015943,1.3877787807814457e-17,0.12155027694279058,0.23348417119669834
seed123_A_step2000,8,prediction,VA,0.052026670010511075,0.0019480745073410524,0.012316195622461355,0.03776239988070867,0.0,0.14601944977026743,0.25462796155004774
seed123_A_step2000,8,prediction,expression,0.08030593948992337,0.0021061880441878107,0.019957430539500953,0.0582423209062346,0.0,0.12404954630716565,0.22798826309557407
seed123_A_step2000,8,processed_targets,AU,0.19462998782147722,0.07523334016461307,0.09719591694549512,0.02220073071136901,0.0,0.011623931623931624,0.02325588899645047
seed123_A_step2000,8,processed_targets,VA,0.0866439712668548,0.04635103831804331,0.03588662759543508,0.004406305353376384,2.7755575615628914e-17,0.016768143016143905,0.02130357314474585
seed123_A_step2000,8,processed_targets,expression,0.10273221712874835,0.03135929658215694,0.06002398288115241,0.011348937665438997,0.0,0.014715688248037371,0.020458669785061254
seed123_A_step2000,9,prediction,AU,0.11825651917111171,0.0028920927559974736,0.03149645286965765,0.08386797354545658,0.0,0.12149066148121701,0.2320098433644312
seed123_A_step2000,9,prediction,VA,0.06858374264002895,0.003269399748178048,0.02596923583916264,0.03934510705268826,0.0,0.14437357767564632,0.2521567474123425
seed123_A_step2000,9,prediction,expression,0.09134139539481032,0.003790734501474077,0.030048342473198916,0.057502318420137304,2.7755575615628914e-17,0.10974172479196112,0.20288558919992158
seed123_A_step2000,9,processed_targets,AU,0.18973947895791585,0.041753920270338536,0.11608892591586101,0.031896632771716275,2.7755575615628914e-17,0.016466131907308376,0.0329453734671126
seed123_A_step2000,9,processed_targets,VA,0.10398238615038771,0.0386382146817229,0.05807959558062121,0.007264575888043598,1.3877787807814457e-17,0.02368607656497329,0.02857894695286069
seed123_A_step2000,9,processed_targets,expression,0.13135951953441005,0.036043414789008264,0.07869322155612088,0.016622883189280884,2.7755575615628914e-17,0.01934760192329512,0.026141115362619337
seed123_A_step2000,10,prediction,AU,0.17421873138547708,0.0024984359794758887,0.031922190830356544,0.13979810457564465,0.0,0.2119314453347619,0.4000808117639738
seed123_A_step2000,10,prediction,VA,0.0823560978193034,0.0011206882429792978,0.019666749652255653,0.061568659924068465,1.3877787807814457e-17,0.1893157454595774,0.32849416413074767
seed123_A_step2000,10,prediction,expression,0.07296019579173466,0.0013104511439925286,0.016365053585822922,0.0552846910619192,0.0,0.11619879226925285,0.21108742311716935
seed123_A_step2000,10,processed_targets,AU,0.2128940236770789,0.07846517853508153,0.10386473160612517,0.0305641135358722,0.0,0.01567972596874331,0.03136675235646958
seed123_A_step2000,10,processed_targets,VA,0.10743585254263222,0.06896160660755282,0.032181979315562,0.00629226661951734,5.551115123125783e-17,0.02310721785214107,0.028406574374129447
seed123_A_step2000,10,processed_targets,expression,0.12562751566636932,0.048591395365540455,0.05978073989298181,0.017255380407847073,2.7755575615628914e-17,0.020274011886057302,0.027391085545344702
seed123_A_step2000,11,prediction,AU,0.12201951657623523,0.004101508756106182,0.03304359428382179,0.08487441353630727,1.3877787807814457e-17,0.12496591903095701,0.23810226562120881
seed123_A_step2000,11,prediction,VA,0.05740085872035956,0.004724454290449783,0.017181695170449644,0.035494709259460126,1.3877787807814457e-17,0.13496406636166025,0.23551747075395543
seed123_A_step2000,11,prediction,expression,0.09528001833016146,0.007520017537748128,0.031077971135214637,0.056682029657198714,1.3877787807814457e-17,0.11695177758078479,0.21470533640018127
seed123_A_step2000,11,processed_targets,AU,0.18602191433487275,0.05739826899283807,0.1001674589192631,0.02845618642277159,0.0,0.014926590538336053,0.029866666666666666
seed123_A_step2000,11,processed_targets,VA,0.10403742337182316,0.06448061317298308,0.03472752373196857,0.004829286466871485,2.7755575615628914e-17,0.019446966066564545,0.024512111911436124
seed123_A_step2000,11,processed_targets,expression,0.1302785125211364,0.0625520511452211,0.05420368866978931,0.013522772706126006,0.0,0.016855866612727956,0.02309943875832414
seed123_A_step2000,12,prediction,AU,0.1353151991587009,0.0015634950797441777,0.026575858858025818,0.10717584522093092,0.0,0.15722376755505812,0.2992230146954534
seed123_A_step2000,12,prediction,VA,0.05981667948486688,0.0009763740263988474,0.016360488119284967,0.04247981733918306,6.938893903907228e-18,0.15663055429415135,0.27167675675422437
seed123_A_step2000,12,prediction,expression,0.07193221090836817,0.0015662998877014678,0.01868103159172849,0.05168487942893819,2.7755575615628914e-17,0.10677640942322235,0.19597750324595378
seed123_A_step2000,12,processed_targets,AU,0.17318329180398148,0.05472832406635822,0.09340276578886958,0.025052201948753672,0.0,0.013164495899662326,0.026328910333735425
seed123_A_step2000,12,processed_targets,VA,0.12925485887184238,0.07584398966705361,0.047789019643310386,0.00562184956147837,0.0,0.018295545120814747,0.02225579636919664
seed123_A_step2000,12,processed_targets,expression,0.11557418350758443,0.04808185135437923,0.05580476775163072,0.011687564401574485,0.0,0.013454392281544948,0.018241651579625102
seed123_A_step2000,13,prediction,AU,0.09505615695008367,0.0008503920078795441,0.019778957118275074,0.07442680782392906,1.3877787807814457e-17,0.1095157652205737,0.21024109973256308
seed123_A_step2000,13,prediction,VA,0.03271533606219983,0.0008725761365298284,0.008520022792838878,0.023322737132831128,0.0,0.12078484896902963,0.20985165369832867
seed123_A_step2000,13,prediction,expression,0.07145432755305366,0.0006396963595682074,0.01627324517675221,0.054541386016733244,0.0,0.11992645805468621,0.21881961643024705
seed123_A_step2000,13,processed_targets,AU,0.20945716235498482,0.0697869770767937,0.10824291001297616,0.031427275265214966,0.0,0.016664572425828972,0.03332914397430527
seed123_A_step2000,13,processed_targets,VA,0.1593148881603869,0.10749029842258206,0.04620577341039,0.00561881632741478,5.551115123125783e-17,0.019371481681564405,0.023205508916296618
seed123_A_step2000,13,processed_targets,expression,0.1311833076118733,0.06605780927022732,0.053911604445000386,0.011213893896645618,2.7755575615628914e-17,0.013136940449993958,0.01749871796942544
seed123_A_step2000,14,prediction,AU,0.10835044613875108,0.0010694206367669176,0.021439246838413282,0.08584177866357087,1.3877787807814457e-17,0.1259653674801412,0.24138266230696945
seed123_A_step2000,14,prediction,VA,0.040277522058170825,0.00015347500582453424,0.011430732418465664,0.028693314633880633,6.938893903907228e-18,0.13211284526879374,0.22959801277518246
seed123_A_step2000,14,prediction,expression,0.07759631970942177,0.0006844609985709002,0.018159277173797523,0.058752581537053344,0.0,0.12295180527700263,0.22484678621051893
seed123_A_step2000,14,processed_targets,AU,0.2072061812379273,0.06748104148800976,0.1074540387169117,0.032271101033005796,5.551115123125783e-17,0.01765026083012021,0.035300967937084086
seed123_A_step2000,14,processed_targets,VA,0.1360702987851601,0.09206057312897606,0.03889015961235525,0.005119566043828773,2.7755575615628914e-17,0.018688124917020033,0.02248358901044161
seed123_A_step2000,14,processed_targets,expression,0.12756763751507277,0.06664152136264107,0.04987674273777285,0.01104937341465888,2.7755575615628914e-17,0.013123661503389237,0.017441978016523318
seed123_A_step2000,15,prediction,AU,0.09886022338316656,0.0038991284208429546,0.024469228861428004,0.07049186610089561,1.3877787807814457e-17,0.10415812393499048,0.19816866735737843
seed123_A_step2000,15,prediction,VA,0.04421842698667448,0.0015319955935931987,0.016289005344141613,0.02639742604893967,0.0,0.11926021985265522,0.2078903458349868
seed123_A_step2000,15,prediction,expression,0.08417413897759388,0.0035641055935960292,0.027814635709394193,0.052795397674603665,1.3877787807814457e-17,0.11734877008626333,0.21361432462263322
seed123_A_step2000,15,processed_targets,AU,0.1945005611672279,0.04312515654109369,0.11812203762276714,0.033253367003367,5.551115123125783e-17,0.016937847397675593,0.03387596899224806
seed123_A_step2000,15,processed_targets,VA,0.1316328889881215,0.07155865080863952,0.05352212251404739,0.006552115665434527,5.551115123125783e-17,0.023029101721776774,0.028492663029479608
seed123_A_step2000,15,processed_targets,expression,0.12687575715812907,0.04183202126579757,0.06928748202068417,0.01575625387164736,2.7755575615628914e-17,0.019624858219690552,0.027130126851084728
seed123_A_step2000,16,prediction,AU,0.13680162383479375,0.00389951188490713,0.043269977953004225,0.0896321339968824,0.0,0.13428263154412964,0.2542153732509908
seed123_A_step2000,16,prediction,VA,0.07643607203280381,0.00231230762043819,0.028980390307375453,0.04514337410499016,0.0,0.14939385866100657,0.26125624656259405
seed123_A_step2000,16,prediction,expression,0.0969035574067611,0.0033719907650898205,0.03680457104021053,0.05672699560146075,0.0,0.12393548794325722,0.22576836219368077
seed123_A_step2000,16,processed_targets,AU,0.2012671104284008,0.0541602509983066,0.1190202576209117,0.028086601809182453,2.7755575615628914e-17,0.0138929889298893,0.02778085564789166
seed123_A_step2000,16,processed_targets,VA,0.17404548732732894,0.11847357060056365,0.04961477388318572,0.005957142843579593,2.7755575615628914e-17,0.019805289239612344,0.023070388689245047
seed123_A_step2000,16,processed_targets,expression,0.13573881164485535,0.0526468020952153,0.06957443381604136,0.013517575733598687,0.0,0.016149557639473528,0.021436163318733818
seed123_A_step2000,17,prediction,AU,0.10503342512893091,0.0009593655196867842,0.019110453204968167,0.08496360640427597,1.3877787807814457e-17,0.12163134132771096,0.23301542718401866
seed123_A_step2000,17,prediction,VA,0.036709965959459925,0.00051649917950747,0.008326050501154612,0.027867416278797838,6.938893903907228e-18,0.1273286612949345,0.2213388894641557
seed123_A_step2000,17,prediction,expression,0.07368997252081477,0.0010063481843290575,0.015388308965013751,0.057295315371471964,0.0,0.11767877813855845,0.21566773227836464
seed123_A_step2000,17,processed_targets,AU,0.20866970975135304,0.07764507276810785,0.11011773033660895,0.020906906646636237,0.0,0.011224967490247074,0.02245057232049948
seed123_A_step2000,17,processed_targets,VA,0.09929126538310552,0.0590086892351138,0.03596976331683595,0.004312812831155814,4.163336342344337e-17,0.015847896866897613,0.019791105651450765
seed123_A_step2000,17,processed_targets,expression,0.10677838721111407,0.05227582085383457,0.04506870645124438,0.009433859906035116,1.3877787807814457e-17,0.012249337402954134,0.017038076027889325
seed123_A_step2000,18,prediction,AU,0.15636232148093945,0.002442870399941485,0.03226255016374004,0.1216569009172579,2.7755575615628914e-17,0.17562857175772686,0.3354907831308357
seed123_A_step2000,18,prediction,VA,0.07087440624159037,0.0016873365104760143,0.020723789193087816,0.04846328053802653,1.3877787807814457e-17,0.16657716757538868,0.28921129449429334
seed123_A_step2000,18,prediction,expression,0.07711142404246837,0.0020890480470085434,0.020116694409446474,0.05490568158601335,1.3877787807814457e-17,0.10856929583961455,0.20002415092071316
seed123_A_step2000,18,processed_targets,AU,0.23011415280014316,0.07705231238379737,0.12481370419638992,0.028248136219955863,2.7755575615628914e-17,0.014641533752215241,0.02928755641521599
seed123_A_step2000,18,processed_targets,VA,0.19054302888597324,0.13543351519137517,0.04900408820589061,0.006105425488707479,2.7755575615628914e-17,0.02030211714942165,0.02490340477617627
seed123_A_step2000,18,processed_targets,expression,0.1359043907256277,0.06151683351960703,0.06133057804826053,0.013056979157760135,0.0,0.015509365787393047,0.021541623762903098
seed123_A_step2000,19,prediction,AU,0.15530826347653873,0.002027295123799246,0.033684876233744485,0.11959609211899501,2.7755575615628914e-17,0.17345389671073486,0.33134826315382876
seed123_A_step2000,19,prediction,VA,0.07124368458288244,0.004368526101641303,0.01920738658911246,0.04766777189212868,0.0,0.16487634460258807,0.28645988091877733
seed123_A_step2000,19,prediction,expression,0.08524237832953233,0.0029488029599798356,0.022484509686061027,0.05980906568349146,0.0,0.12247467613767368,0.22372667388336062
seed123_A_step2000,19,processed_targets,AU,0.2346438258386867,0.07892658433874176,0.1285918435415705,0.027125397958374403,2.7755575615628914e-17,0.01479005998286204,0.02958708386912416
seed123_A_step2000,19,processed_targets,VA,0.19257229116277552,0.14098080824914105,0.04641370312185704,0.005177779791777421,0.0,0.018985714478739046,0.023283440873994497
seed123_A_step2000,19,processed_targets,expression,0.1333918669786181,0.06278124990261445,0.05891295662290627,0.011697660453097366,0.0,0.014929781710754458,0.02072338354077576
seed123_A_step2000,20,prediction,AU,0.14420398592873773,0.0034439096850338775,0.03687858552058452,0.10388149072311935,0.0,0.15253356788092956,0.28962669005918007
seed123_A_step2000,20,prediction,VA,0.06234780207509964,0.0020563253311428765,0.020304807990923823,0.039986668753032945,0.0,0.14622261944290427,0.2541161661988055
seed123_A_step2000,20,prediction,expression,0.08969631720002211,0.0032619268862504186,0.031083794365426232,0.055350595948345446,1.3877787807814457e-17,0.12082406682708878,0.22025274753616364
seed123_A_step2000,20,processed_targets,AU,0.21235547540326624,0.08139439446520376,0.11957100646322694,0.011390074474835522,2.7755575615628914e-17,0.006606498194945848,0.0132128876844324
seed123_A_step2000,20,processed_targets,VA,0.21174766731006267,0.1417544823428278,0.06754584040234508,0.002447344564889897,1.3877787807814457e-16,0.011527246631856752,0.015091350102879599
seed123_A_step2000,20,processed_targets,expression,0.12077157030332707,0.05873854572751243,0.05650383528843367,0.005529189287380982,1.3877787807814457e-17,0.009006341831006385,0.01254458764032251
seed123_A_step2000,21,prediction,AU,0.1270666213379764,0.005601322724029193,0.034248619529057486,0.08721667908488971,0.0,0.12798047337071866,0.24368408905965538
seed123_A_step2000,21,prediction,VA,0.07254953791334369,0.006442481915762446,0.02593210455004634,0.04017495144753491,1.3877787807814457e-17,0.14428180538532748,0.2518694782472567
seed123_A_step2000,21,prediction,expression,0.09774411489692968,0.005439187268391808,0.03714077835888626,0.05516414926965162,1.3877787807814457e-17,0.11625930111015835,0.21356382571487825
seed123_A_step2000,21,processed_targets,AU,0.23856354393609297,0.07009898044911501,0.15587051846156036,0.012594045025417572,2.7755575615628914e-17,0.007491004252535165,0.014990176817288802
seed123_A_step2000,21,processed_targets,VA,0.22514086568780659,0.1189727430593367,0.10343673318613276,0.002731389442337112,0.0,0.01183893456707788,0.015675690301926348
seed123_A_step2000,21,processed_targets,expression,0.11365595646202407,0.040198206348910054,0.06738759364600679,0.0060701564671072185,1.3877787807814457e-17,0.010348436666961955,0.014831078346856718
seed123_A_step2000,22,prediction,AU,0.15817800530164003,0.0068696282316477114,0.03498441910789205,0.11632395796210027,0.0,0.17082381713596867,0.3248676153857268
seed123_A_step2000,22,prediction,VA,0.07243577495388076,0.005509458660615673,0.022357591605995816,0.04456872468726928,0.0,0.15171747866140792,0.265063800243529
seed123_A_step2000,22,prediction,expression,0.09238158014389183,0.004951116365264514,0.02615308205576301,0.0612773817228643,0.0,0.1337401611609676,0.24384107010417727
seed123_A_step2000,22,processed_targets,AU,0.26949336502277677,0.09353136524095947,0.16097348720506946,0.01498851257674787,5.551115123125783e-17,0.008137044967880086,0.016291532690246517
seed123_A_step2000,22,processed_targets,VA,0.24341571424646732,0.15757480594656645,0.08321938076697824,0.002621527532922651,2.7755575615628914e-17,0.012729187003223173,0.01671782831750243
seed123_A_step2000,22,processed_targets,expression,0.13092043086411825,0.05947829241592443,0.06460202181871876,0.0068401166294751,2.7755575615628914e-17,0.010747152036277753,0.015078347196420145
seed123_A_step2000,23,prediction,AU,0.12405657125806356,0.004274151796575593,0.030308083598027006,0.08947433586346094,1.3877787807814457e-17,0.12794812352365934,0.24544196129396606
seed123_A_step2000,23,prediction,VA,0.067054435163177,0.003949449542145544,0.021293269463140148,0.04181171615789131,0.0,0.1476683483457243,0.2598614098030362
seed123_A_step2000,23,prediction,expression,0.1012851669502283,0.00413247068614846,0.03431101563612355,0.06284168062795628,0.0,0.13060259537621918,0.24006597910636426
seed123_A_step2000,23,processed_targets,AU,0.2507932480530007,0.07423397763167508,0.1626439516772723,0.013915318744053282,0.0,0.008438095238095238,0.016873212583412775
seed123_A_step2000,23,processed_targets,VA,0.2530284007974883,0.14777730366305078,0.10204679938595135,0.0032042977484861928,5.551115123125783e-17,0.013168824201183659,0.01757549013644173
seed123_A_step2000,23,processed_targets,expression,0.12323646016257107,0.055365924907043944,0.062048553743917344,0.005821981511609765,1.3877787807814457e-17,0.009463605825791293,0.013434945874140252
seed123_A_step2000,24,prediction,AU,0.21052346868938082,0.007453162825767704,0.050619565020825326,0.15245074084278776,2.7755575615628914e-17,0.22195978853634152,0.4216676336888947
seed123_A_step2000,24,prediction,VA,0.115646762899599,0.0047475813286686755,0.03887491911360404,0.07202426245732631,1.3877787807814457e-17,0.20194595271822335,0.35119956003698605
seed123_A_step2000,24,prediction,expression,0.06361385531617471,0.0026094001482411576,0.019197011213232595,0.04180744395470096,0.0,0.0868086560986799,0.16156301079820862
seed123_A_step2000,24,processed_targets,AU,0.27179498690609805,0.09261086888337168,0.16044356433772822,0.018740553684998128,5.551115123125783e-17,0.010711156049882035,0.021437246963562754
seed123_A_step2000,24,processed_targets,VA,0.2494452398422124,0.14968728568123862,0.09685606032335602,0.002901893837617689,5.551115123125783e-17,0.013355852982935216,0.016860789498917547
seed123_A_step2000,24,processed_targets,expression,0.13096644303967833,0.05678711353868336,0.06820164021559728,0.0059776892853976756,0.0,0.009206745087098013,0.012693690286955566
seed123_A_step2000,25,prediction,AU,0.19986912420315492,0.005298143553705624,0.04627005406678535,0.14830092658266394,0.0,0.2175847783256563,0.4117855855557778
seed123_A_step2000,25,prediction,VA,0.10909782868514133,0.0034124321860343454,0.03529876603995391,0.07038663045915308,1.3877787807814457e-17,0.2026818288125712,0.35157767716123356
seed123_A_step2000,25,prediction,expression,0.07330964706842161,0.0029328540610293295,0.023657400550947442,0.046719392456444825,1.3877787807814457e-17,0.09786516018268322,0.18080985387211504
seed123_A_step2000,25,processed_targets,AU,0.27182174043962665,0.10778624202231181,0.1438284824582663,0.02020701595904848,5.551115123125783e-17,0.010512037978975925,0.021038696537678207
seed123_A_step2000,25,processed_targets,VA,0.2828012951311254,0.19283071416845246,0.0868596977535209,0.003110883209152082,5.551115123125783e-17,0.013629683231440348,0.017387510668069064
seed123_A_step2000,25,processed_targets,expression,0.1252543943817122,0.05879747955019442,0.06042470186524856,0.00603221296626927,2.7755575615628914e-17,0.009468579711873178,0.013321893085708239
seed123_A_step2000,26,prediction,AU,0.16592170689232077,0.004742840470177063,0.04137153685032678,0.1198073295718169,2.7755575615628914e-17,0.17136329323002067,0.32776297594847614
seed123_A_step2000,26,prediction,VA,0.09574875256346639,0.002963574325275834,0.03541546464032636,0.05736971359786419,0.0,0.17963156279010864,0.31309532400868795
seed123_A_step2000,26,prediction,expression,0.09159403349361939,0.0025586102240252317,0.02952966858529053,0.05950575468430361,1.3877787807814457e-17,0.11968179038367671,0.22060514816325924
seed123_A_step2000,26,processed_targets,AU,0.24096458808419177,0.08890580086434575,0.13589383741512268,0.016164949804723334,2.7755575615628914e-17,0.008748819641170916,0.017495865816206
seed123_A_step2000,26,processed_targets,VA,0.20947185340724098,0.11433469182313374,0.09221941365950481,0.0029177479246024554,2.7755575615628914e-17,0.013024868430812492,0.01673385966753998
seed123_A_step2000,26,processed_targets,expression,0.11726088065006636,0.04617722302031709,0.06555778745250351,0.005525870177245754,0.0,0.0085773309992903,0.011749820982227089
seed123_A_step2000,27,prediction,AU,0.1708846778582299,0.0037898754318446528,0.0434535700246502,0.12364123240173502,0.0,0.18475862300113507,0.35070651563608474
seed123_A_step2000,27,prediction,VA,0.09347050297241458,0.0018601834101547863,0.038480060057785925,0.05313025950447386,0.0,0.17306099869519642,0.3018817785354914
seed123_A_step2000,27,prediction,expression,0.07255153621483887,0.0018164455934084301,0.02588809092313659,0.04484699969829386,1.3877787807814457e-17,0.09772161245794722,0.18032105419641029
seed123_A_step2000,27,processed_targets,AU,0.2657419202642133,0.11747442424980055,0.13080848445508272,0.017459011559330034,5.551115123125783e-17,0.009837981407702524,0.019670388091440724
seed123_A_step2000,27,processed_targets,VA,0.2003246079105433,0.12084499845587267,0.07646529425281204,0.003014315201858593,2.7755575615628914e-17,0.01305040766488746,0.01678147410002479
seed123_A_step2000,27,processed_targets,expression,0.10875559467550461,0.04849714977011053,0.05497897410492642,0.005279470800467613,4.163336342344337e-17,0.008058316339143314,0.010606889437365041
seed123_A_step2000,28,prediction,AU,0.19429282539457648,0.012792962912324927,0.03885449464443447,0.1426453678378171,0.0,0.20861834958409461,0.39680806354117937
seed123_A_step2000,28,prediction,VA,0.10526429381414205,0.011659191476223907,0.02731762822788551,0.06628747411003263,0.0,0.19839960012947072,0.34281352314284724
seed123_A_step2000,28,prediction,expression,0.0882973490620805,0.00912154921070257,0.019565560908038685,0.05961023894333924,0.0,0.11989939881794119,0.2201198976824913
seed123_A_step2000,28,processed_targets,AU,0.2592811839323467,0.12647209595338804,0.11107547275697134,0.021733615221987312,5.551115123125783e-17,0.010932203389830508,0.0218966737438075
seed123_A_step2000,28,processed_targets,VA,0.21182568803727972,0.1368515421907439,0.07187079767957674,0.0031033481669590908,2.7755575615628914e-17,0.014886630111437102,0.018586591372539284
seed123_A_step2000,28,processed_targets,expression,0.14387483939753906,0.0869448622468369,0.04998968384665655,0.006940293304045569,2.7755575615628914e-17,0.01226225748474701,0.016653176113246806
seed123_A_step2000,29,prediction,AU,0.10133638037967285,0.006949865402967956,0.02488996632083793,0.06949654865586698,0.0,0.10166466196201572,0.1950504044452854
seed123_A_step2000,29,prediction,VA,0.05610087933341163,0.007147078859481583,0.01917602906758589,0.029777771406344154,6.938893903907228e-18,0.12447460742181399,0.21698144443121803
seed123_A_step2000,29,prediction,expression,0.09850472225393804,0.013638893835228231,0.02956487155799884,0.055300956860710966,0.0,0.11893114744555154,0.21634394089177417
seed123_A_step2000,29,processed_targets,AU,0.24862745098039218,0.12828182253293471,0.10169250052962361,0.0186531279178338,5.551115123125783e-17,0.009642105263157895,0.01929676511954993
seed123_A_step2000,29,processed_targets,VA,0.18906906112999144,0.13263383071287915,0.053442843038218536,0.0029923873788938035,2.7755575615628914e-17,0.015730845528997874,0.019845596635281914
seed123_A_step2000,29,processed_targets,expression,0.1424045651009162,0.08846158858637794,0.04687387880665628,0.007069097707881997,0.0,0.012107779507703318,0.01609106563640317
seed123_A_step2000,30,prediction,AU,0.08137057998644531,0.002503914610124503,0.022713536672394046,0.05615312870392677,0.0,0.08792383734282874,0.16618939777950123
seed123_A_step2000,30,prediction,VA,0.03681940731098625,0.0012823671848629344,0.015123367781495029,0.02041367234462829,0.0,0.10803828083424305,0.18680319193494016
seed123_A_step2000,30,prediction,expression,0.0752132344706417,0.0031755885114410232,0.026387586782965242,0.045650059176235436,1.3877787807814457e-17,0.10673296121977596,0.19225174119745014
seed123_A_step2000,30,processed_targets,AU,0.23743025493025496,0.10952294180987364,0.11521716761773582,0.012690145502645503,0.0,0.006623341456810181,0.013252032520325203
seed123_A_step2000,30,processed_targets,VA,0.1646772637085515,0.09716192439098756,0.06548179557405241,0.0020335437435115063,5.551115123125783e-17,0.010761917334966889,0.01373465528227086
seed123_A_step2000,30,processed_targets,expression,0.11148765095631016,0.06760520579837284,0.03999828047072708,0.0038841646872102334,1.3877787807814457e-17,0.006682865182712328,0.008812656369170925
seed123_A_step2000,31,prediction,AU,0.17860906552158534,0.00512723344254866,0.04649995042594575,0.12698188165309096,2.7755575615628914e-17,0.18280802614872632,0.34877999799431264
seed123_A_step2000,31,prediction,VA,0.09304016847201213,0.002457064015007587,0.03482382992177613,0.055759274535228415,0.0,0.17916974629745902,0.3121125245191432
seed123_A_step2000,31,prediction,expression,0.09873910236679831,0.0035868996729605477,0.03157615382910488,0.06357604886473288,0.0,0.12645019211596684,0.2334324958436069
seed123_A_step2000,31,processed_targets,AU,0.2635879097488293,0.14141531686264147,0.10486544090662203,0.017307151979565772,0.0,0.009796701189106253,0.019585253456221197
seed123_A_step2000,31,processed_targets,VA,0.1640721201320926,0.10303531551211119,0.057494697333360024,0.003542107286621403,2.7755575615628914e-17,0.013944843441025022,0.018058831442130326
seed123_A_step2000,31,processed_targets,expression,0.12277153026098651,0.07977099678605074,0.03749406723528712,0.005506466239648654,1.3877787807814457e-17,0.008718460487350874,0.011509564033613903
seed123_A_step2000,32,prediction,AU,0.22018702120619357,0.005636320343443001,0.04872338252193201,0.16582731834081854,2.7755575615628914e-17,0.23606211578572125,0.44977391303144315
seed123_A_step2000,32,prediction,VA,0.11806661966865983,0.006445367414607972,0.03870151053370239,0.0729197417203495,2.7755575615628914e-17,0.20194563847539382,0.3515436160572619
seed123_A_step2000,32,prediction,expression,0.08324623520074553,0.0037057383209357477,0.024084543672025737,0.055455953207784056,0.0,0.10937600954401226,0.2030340999652421
seed123_A_step2000,32,processed_targets,AU,0.27253782965845225,0.12226680752729592,0.13054916019139548,0.01972186193976077,5.551115123125783e-17,0.011176088369070825,0.022356770833333334
seed123_A_step2000,32,processed_targets,VA,0.24512656260807542,0.17252385703130488,0.0699590468166696,0.0026436587601009025,2.7755575615628914e-17,0.014278478874347479,0.017988823960331503
seed123_A_step2000,32,processed_targets,expression,0.1457779358136448,0.06810918719593123,0.07104126465936467,0.006627483958348884,0.0,0.010989704857267885,0.01510370547564303
seed123_A_step2000,33,prediction,AU,0.16654176981234978,0.011812568111439284,0.029381920662276156,0.12534728103863432,2.7755575615628914e-17,0.1836160181272905,0.34953923332968806
seed123_A_step2000,33,prediction,VA,0.11088359086614145,0.011771378508430061,0.022204666171275807,0.07690754618643558,0.0,0.1987460473825682,0.34450596333091066
seed123_A_step2000,33,prediction,expression,0.060660668671060285,0.005182899001320312,0.00992688239525212,0.045550887274487854,6.938893903907228e-18,0.08794590718557291,0.16417231273003874
seed123_A_step2000,33,processed_targets,AU,0.24939921927068462,0.08924921194018015,0.1413326218216022,0.018817385508902218,5.551115123125783e-17,0.008986254295532646,0.01801894918173988
seed123_A_step2000,33,processed_targets,VA,0.17956019031814183,0.1049181615317297,0.07119072098088866,0.0034513078055234763,0.0,0.013660370597385408,0.016701427445499087
seed123_A_step2000,33,processed_targets,expression,0.13282732667082556,0.04747034504163815,0.07935566263374698,0.006001318995440429,0.0,0.009232500664223684,0.012066729587340124
seed123_A_step2000,34,prediction,AU,0.22077984392428182,0.004725569841868888,0.050461937356747526,0.1655923367256654,2.7755575615628914e-17,0.2357021681365145,0.4495021378723852
seed123_A_step2000,34,prediction,VA,0.11419856781242553,0.004317781627119185,0.035311525912433674,0.07456926027287271,4.163336342344337e-17,0.20675903477741905,0.360518353746188
seed123_A_step2000,34,prediction,expression,0.07446890482798453,0.0014321003002113926,0.020271182067096532,0.05276562246067657,4.163336342344337e-17,0.1021252068971317,0.1895999616191743
seed123_A_step2000,34,processed_targets,AU,0.26802078639872645,0.11234410280131192,0.141604862384474,0.014071821212940434,1.1102230246251565e-16,0.008035714285714285,0.016051990251827783
seed123_A_step2000,34,processed_targets,VA,0.21745473910078983,0.13405903862661178,0.08074121615181655,0.0026544843223614235,5.551115123125783e-17,0.012655917684511318,0.01640364477860308
seed123_A_step2000,34,processed_targets,expression,0.11933006164309697,0.04971783408886726,0.06459994027259355,0.005012287281636134,1.3877787807814457e-17,0.009090190196512355,0.012733511197074589
seed123_A_step2000,35,prediction,AU,0.1537346101491336,0.008492299823326081,0.03743558985870303,0.10780672046710447,0.0,0.16068354136682297,0.30555001552913125
seed123_A_step2000,35,prediction,VA,0.0814840026206042,0.0030215811570066136,0.029019539473949373,0.04944288198964822,0.0,0.1689423378666689,0.29372653003023136
seed123_A_step2000,35,prediction,expression,0.06986291694954787,0.004856913987685871,0.020984948897336445,0.044021054064525555,0.0,0.09470656749420918,0.17398838909361017
seed123_A_step2000,35,processed_targets,AU,0.28168789980110737,0.1201117755949752,0.14310329724273912,0.018472826963393002,5.551115123125783e-17,0.011269379844961241,0.022542455118874333
seed123_A_step2000,35,processed_targets,VA,0.2265192974578596,0.13867855763602335,0.08515937190594447,0.00268136791589181,2.7755575615628914e-17,0.013574068503031984,0.017015951462198465
seed123_A_step2000,35,processed_targets,expression,0.14086405343503774,0.06905168107629481,0.06775081984787314,0.004061552510869802,2.7755575615628914e-17,0.007456053338300907,0.009802194669115857
seed123_A_step2000,36,prediction,AU,0.171792808793481,0.00749029439962156,0.030379920113080536,0.1339225942807789,0.0,0.19577615745931667,0.3729151878000983
seed123_A_step2000,36,prediction,VA,0.1320060799799047,0.00858172802319428,0.03382195002504691,0.08960240193166355,2.7755575615628914e-17,0.22852056713171617,0.3975746918000456
seed123_A_step2000,36,prediction,expression,0.05867930616595531,0.0036264763357204497,0.012740685603900735,0.04231214422633413,0.0,0.08050334629102858,0.15193342006034366
seed123_A_step2000,36,processed_targets,AU,0.30744132083891124,0.183221664166707,0.10982754855720452,0.01439210811499968,5.551115123125783e-17,0.008421900161030596,0.016868442292171104
seed123_A_step2000,36,processed_targets,VA,0.254196325589748,0.18137927479286695,0.07091049257306563,0.0019065582238155065,1.1102230246251565e-16,0.012361690435324603,0.015591654104809784
seed123_A_step2000,36,processed_targets,expression,0.1474228907907764,0.09402613863667676,0.04951965834644386,0.0038770938076557377,2.7755575615628914e-17,0.007518265510166025,0.00970454688781016
seed123_A_step2000,37,prediction,AU,0.20715216840745124,0.008980706863456216,0.04574611157369594,0.15242534997029908,0.0,0.22024492633828946,0.4179345025105682
seed123_A_step2000,37,prediction,VA,0.09906501005858863,0.006179939229139735,0.03697618789110646,0.05590888293834244,1.3877787807814457e-17,0.18161568487300955,0.3149655550889096
seed123_A_step2000,37,prediction,expression,0.09021069123302579,0.0031636228896213766,0.02777561273353382,0.05927145560987059,0.0,0.12611103192271197,0.2313466312482076
seed123_A_step2000,37,processed_targets,AU,0.28193333333333337,0.11582062962962962,0.1486593086419753,0.017453395061728397,5.551115123125783e-17,0.009961046188091262,0.019899665551839463
seed123_A_step2000,37,processed_targets,VA,0.19097583941381632,0.09225232701364572,0.09516260586911073,0.003560906531059864,0.0,0.016978620126134467,0.021471274089392114
seed123_A_step2000,37,processed_targets,expression,0.12953286737459935,0.051108807432887954,0.07252282918546066,0.0059012307562507135,2.7755575615628914e-17,0.010235911526918802,0.013096772199979775
seed123_A_step2000,38,prediction,AU,0.13933502210963372,0.007803195252328141,0.03310558570343731,0.09842624115386829,2.7755575615628914e-17,0.14849560057163888,0.28209026885811217
seed123_A_step2000,38,prediction,VA,0.07140120314933056,0.006949457178168225,0.017938153850313256,0.04651359212084907,0.0,0.15789023971979504,0.2747611151234437
seed123_A_step2000,38,prediction,expression,0.0853366981160861,0.007360932498785502,0.01873352643942575,0.05924223917787484,0.0,0.12701388327208818,0.23227637289286712
seed123_A_step2000,38,processed_targets,AU,0.3116676897892368,0.14849822815771488,0.1471604678969296,0.016008993734592265,1.1102230246251565e-16,0.00932349323493235,0.01866913123844732
seed123_A_step2000,38,processed_targets,VA,0.25474567280840915,0.1331709153741478,0.11850067854867147,0.0030740788855899916,5.551115123125783e-17,0.014421248717089202,0.01807807470584037
seed123_A_step2000,38,processed_targets,expression,0.14528141672859599,0.07082133319756105,0.06980082232724157,0.004659261203793373,0.0,0.008986022984099444,0.011555437541104841
seed123_A_step2000,39,prediction,AU,0.18977927044446466,0.010388599194554015,0.04893897111758972,0.13045170013232094,2.7755575615628914e-17,0.1812574183939036,0.34646202706420465
seed123_A_step2000,39,prediction,VA,0.10249627221615358,0.010030613774576537,0.029649208025530362,0.06281645041604668,0.0,0.1820441001449549,0.31809285290320194
seed123_A_step2000,39,prediction,expression,0.09161644169508021,0.0074497137674516215,0.02627647916737456,0.05789024876025403,0.0,0.11180802676423275,0.2071297799517843
seed123_A_step2000,39,processed_targets,AU,0.27595463680735,0.11555021956034515,0.1444612647922245,0.01594315245478036,0.0,0.009320388349514564,0.018651102464332037
seed123_A_step2000,39,processed_targets,VA,0.2563345130507909,0.1357963792730071,0.11793344731176611,0.0026046864660177428,5.551115123125783e-17,0.014812337645483249,0.018768203347660457
seed123_A_step2000,39,processed_targets,expression,0.12856895649522007,0.05806814539294798,0.06625721371769168,0.004243597384580414,0.0,0.008308542377563854,0.010793056303722315
seed123_A_step2000,40,prediction,AU,0.1511852476062077,0.01308459154187546,0.03126470233817778,0.10683595372615445,0.0,0.15109143668703,0.28859816707006125
seed123_A_step2000,40,prediction,VA,0.08012377155481437,0.011081847742933571,0.015886358118676204,0.053155565693204586,1.3877787807814457e-17,0.16970345565754408,0.29651275428595536
seed123_A_step2000,40,prediction,expression,0.11755758292425628,0.01607761207350942,0.02366224158259256,0.07781772926815433,4.163336342344337e-17,0.14669468318807263,0.27142915819859054
seed123_A_step2000,40,processed_targets,AU,0.255356020226869,0.17550973394112787,0.06631458906400696,0.013531697221734123,0.0,0.0066172839506172835,0.013258983890954151
seed123_A_step2000,40,processed_targets,VA,0.16593237983658213,0.118619901674809,0.04385689560955917,0.003455582552214035,8.326672684688674e-17,0.015080020387691481,0.01786297818500424
seed123_A_step2000,40,processed_targets,expression,0.14036967731386518,0.09501586365759487,0.03771471734445514,0.0076390963118151784,0.0,0.012237845308300573,0.015774624090780634
seed123_A_step2000,41,prediction,AU,0.13156802548583024,0.016707434519922345,0.034147315984709686,0.08071327498119824,2.7755575615628914e-17,0.12355190140993061,0.23313549066343123
seed123_A_step2000,41,prediction,VA,0.06971528726673422,0.006522477916062102,0.02758475653321942,0.0356080528174527,0.0,0.13852136675961466,0.24186472893002453
seed123_A_step2000,41,prediction,expression,0.08707467165863166,0.01217481764534348,0.027195683980612055,0.0477041700326761,1.3877787807814457e-17,0.11111307500714318,0.20023361562661218
seed123_A_step2000,41,processed_targets,AU,0.25408132202652756,0.10678029073225169,0.12601980038486488,0.02128123090941095,0.0,0.011254901960784314,0.022540929927963325
seed123_A_step2000,41,processed_targets,VA,0.1586898264028186,0.09598002349176374,0.0593190779243889,0.0033907249866659546,0.0,0.01648785817455135,0.020836287953530406
seed123_A_step2000,41,processed_targets,expression,0.14683856661761963,0.08503355301081465,0.05415113414160637,0.007653879465198623,2.7755575615628914e-17,0.010847138375846038,0.014141171108561999
seed123_A_step2000,42,prediction,AU,0.11578151825375897,0.0035831899967655417,0.0293860008868514,0.08281232737014205,1.3877787807814457e-17,0.12124950322771534,0.23200986834311774
seed123_A_step2000,42,prediction,VA,0.0524045087785851,0.002170730679691284,0.018403605219645888,0.03183017287924793,0.0,0.13252521201693815,0.23230522950133334
seed123_A_step2000,42,prediction,expression,0.08929565305221747,0.00590841204057256,0.028616945796249182,0.054770295215395726,0.0,0.11821415872637546,0.2157113871447498
seed123_A_step2000,42,processed_targets,AU,0.21933936899862827,0.12136344662907078,0.089094989584921,0.008880932784636489,0.0,0.004981467753891772,0.009960435212660731
seed123_A_step2000,42,processed_targets,VA,0.11229469516043401,0.06265223699124067,0.047792382572056674,0.001850075597136656,1.3877787807814457e-17,0.008730122479047486,0.01174975372408724
seed123_A_step2000,42,processed_targets,expression,0.10347256593839793,0.0649861209169443,0.035559889828621405,0.002926555192832197,2.7755575615628914e-17,0.005755895303278983,0.008333601708875852
seed123_A_step2000,43,prediction,AU,0.15362052590008346,0.003744772819381266,0.0460803980118476,0.10379535506885464,5.551115123125783e-17,0.15684968529226417,0.29543430152019057
seed123_A_step2000,43,prediction,VA,0.07887278441128387,0.0023086998905371054,0.029562867594721667,0.04700121692602511,1.3877787807814457e-17,0.15403162623819375,0.26704798351212
seed123_A_step2000,43,prediction,expression,0.068404598858112,0.00259808424247735,0.02477698220063603,0.04102953241499861,0.0,0.09142149813731858,0.16724093130813442
seed123_A_step2000,43,processed_targets,AU,0.2530569584736252,0.14086309884408058,0.10455654902348402,0.007637310606060606,0.0,0.004322274881516588,0.008646426312460468
seed123_A_step2000,43,processed_targets,VA,0.17856045368966378,0.11342380500651213,0.0632389078357489,0.0018977408474027714,2.7755575615628914e-17,0.008954813710603669,0.011529165575726124
seed123_A_step2000,43,processed_targets,expression,0.10571862941515127,0.05918049703670235,0.043485964513873175,0.003052167864575759,0.0,0.005712681507204692,0.008120902152403011
seed123_A_step2000,44,prediction,AU,0.08690362954848584,0.0019067865747621725,0.019327400143511173,0.06566944283021249,0.0,0.09864817795725495,0.18664117621180876
seed123_A_step2000,44,prediction,VA,0.03147207630428653,0.00048270497518215717,0.008867107341874582,0.022122263987229787,0.0,0.10970770443217136,0.19120561166266956
seed123_A_step2000,44,prediction,expression,0.06416072488545356,0.0010064676438534064,0.016674785270418553,0.046479471971181595,1.3877787807814457e-17,0.10315605931118682,0.18749924733710807
seed123_A_step2000,44,processed_targets,AU,0.24933832709113612,0.06489922794279482,0.16904003522104874,0.015399063927292532,2.7755575615628914e-17,0.00832917013599778,0.016654171872830765
seed123_A_step2000,44,processed_targets,VA,0.27001607386550686,0.1523416340679466,0.11409076346179452,0.003583676335765784,5.551115123125783e-17,0.014830115384699081,0.01880028842172986
seed123_A_step2000,44,processed_targets,expression,0.13877408197818972,0.05305368788459392,0.07883849690446046,0.006881897189135363,2.7755575615628914e-17,0.009628511102598889,0.013158392024063248
seed123_A_step2000,45,prediction,AU,0.08678881567899466,0.0024875090803073386,0.01983371721020275,0.06446758938848458,1.3877787807814457e-17,0.09461219116691433,0.1801065396849828
seed123_A_step2000,45,prediction,VA,0.0296835364098347,0.0009874506772745543,0.009437910724207165,0.019258175008352987,6.938893903907228e-18,0.10419695314136189,0.18106307644764372
seed123_A_step2000,45,prediction,expression,0.06645983144329426,0.0018792535285305223,0.01894895396276545,0.045631623951998275,1.3877787807814457e-17,0.10492101137284861,0.19001766945184345
seed123_A_step2000,45,processed_targets,AU,0.26384257202560185,0.08169574512067834,0.16614003157116236,0.016006795333761127,0.0,0.009164444444444444,0.018334074403438566
seed123_A_step2000,45,processed_targets,VA,0.24102641745019374,0.13222533884961127,0.10555573235160304,0.003245346248979422,0.0,0.014378529979205794,0.01853338961061728
seed123_A_step2000,45,processed_targets,expression,0.12788570727289067,0.04521937023705445,0.07638908129830964,0.006277255737526599,2.7755575615628914e-17,0.009976065604089873,0.013670885779821345
seed123_A_step2000,46,prediction,AU,0.08560845794367408,0.001170983108729992,0.01798308689551423,0.06645438793942987,1.3877787807814457e-17,0.09790262141625986,0.18678705063739626
seed123_A_step2000,46,prediction,VA,0.03161969327937287,0.0005957093430492433,0.008897290932932837,0.022126693003390784,6.938893903907228e-18,0.1122451382849744,0.19520958871513588
seed123_A_step2000,46,prediction,expression,0.06077171137217201,0.001510351776346699,0.01426686077420307,0.04499449882162224,6.938893903907228e-18,0.09995160451286383,0.1830345846695516
seed123_A_step2000,46,processed_targets,AU,0.25263257290379615,0.08096336958663775,0.15790095135796528,0.013768251959193104,0.0,0.007495026225357208,0.014986883763003165
seed123_A_step2000,46,processed_targets,VA,0.19730597540419367,0.08785774190462697,0.10649602453698578,0.0029522089625809143,0.0,0.01291601621402843,0.01639627206479193
seed123_A_step2000,46,processed_targets,expression,0.11796381822109307,0.03614433384829856,0.07568104228455548,0.006138442088239021,1.3877787807814457e-17,0.008695193566113882,0.011749878002129496
seed123_A_step2000,47,prediction,AU,0.12154358344063981,0.0023610293077223742,0.02674079761602647,0.09244175651689099,2.7755575615628914e-17,0.1323792692068551,0.25261130090468353
seed123_A_step2000,47,prediction,VA,0.047831424917648954,0.0010589401091828795,0.014997203528878242,0.031775281279587834,0.0,0.12795512620614574,0.2225651465066469
seed123_A_step2000,47,prediction,expression,0.08081220535277309,0.0027167462923994644,0.025546829710868885,0.05254862934950475,1.3877787807814457e-17,0.11394196013857322,0.2077016026708221
seed123_A_step2000,47,processed_targets,AU,0.2625876543209877,0.06163403017832648,0.18281288340192042,0.01814074074074074,5.551115123125783e-17,0.010276079303316657,0.020559881349647757
seed123_A_step2000,47,processed_targets,VA,0.2502907905162813,0.10934916517140972,0.13697308292084248,0.0039685424240291515,5.551115123125783e-17,0.0164097788047383,0.020721238740182196
seed123_A_step2000,47,processed_targets,expression,0.14597247803332733,0.04192667893339087,0.09634933394357512,0.007696465156361343,0.0,0.011567844088691185,0.016262856784407666
seed123_A_step2000,48,prediction,AU,0.08123951603995987,0.0026375446467564335,0.024323883841111348,0.054278087552092076,1.3877787807814457e-17,0.0830039912108142,0.15747216084202942
seed123_A_step2000,48,prediction,VA,0.03243156598210001,0.001815526347045428,0.01080202833528467,0.019814011299769913,0.0,0.10407341037979982,0.18175582647334873
seed123_A_step2000,48,prediction,expression,0.06928839384328708,0.003429315558046695,0.020228450683702777,0.04563062760153761,0.0,0.10416573824917723,0.1887846229159662
seed123_A_step2000,48,processed_targets,AU,0.25013269954446427,0.07289756366220662,0.15534426640315285,0.021890869479104774,0.0,0.011463240542469664,0.022943908538763845
seed123_A_step2000,48,processed_targets,VA,0.1145934790700125,0.05418823814935363,0.05645635990239257,0.003948881018266288,0.0,0.01729013147331152,0.02217670240382577
seed123_A_step2000,48,processed_targets,expression,0.13165768385343843,0.04501873581200378,0.07552820041810478,0.011110747623329888,2.7755575615628914e-17,0.015414446760540022,0.020969794126428187
seed123_A_step2000,49,prediction,AU,0.11770819326072098,0.004194745436618503,0.03198179429620627,0.08153165352789621,1.3877787807814457e-17,0.12293279691756825,0.23349071636107366
seed123_A_step2000,49,prediction,VA,0.04153289610420158,0.0016584398542027145,0.015410219530279714,0.024464236719719146,0.0,0.11703331768665297,0.20406015326397972
seed123_A_step2000,49,prediction,expression,0.08689180706186836,0.005450805385373648,0.031241755936402726,0.050199245740091984,0.0,0.11461270166039861,0.20897890152745446
seed123_A_step2000,49,processed_targets,AU,0.22627288552734262,0.1000251201452182,0.10241035017112735,0.02383741521099706,2.7755575615628914e-17,0.013322519599891863,0.02666125541125541
seed123_A_step2000,49,processed_targets,VA,0.1016184139876085,0.06287624617929272,0.03429039793609784,0.004451769872217942,0.0,0.017412558455920542,0.02188900537076769
seed123_A_step2000,49,processed_targets,expression,0.12403406236546552,0.06434370446429029,0.05083681131307719,0.008853546588098046,1.3877787807814457e-17,0.013412978536158837,0.018279092588239253
seed123_A_step2000,50,prediction,AU,0.13218305094436578,0.004352586840377323,0.034076918840817746,0.09375354526317073,2.7755575615628914e-17,0.1386878114421954,0.26338395605822934
seed123_A_step2000,50,prediction,VA,0.07047771331275161,0.0011264935980195288,0.029821353894413687,0.03952986582031838,1.3877787807814457e-17,0.14221106334528494,0.2477436690229828
seed123_A_step2000,50,prediction,expression,0.0769047158281985,0.0037058995929304564,0.027495608094677368,0.04570320814059068,1.3877787807814457e-17,0.09659067090949665,0.17852267455591903
seed123_A_step2000,50,processed_targets,AU,0.23221831091855463,0.10701451581748751,0.10760196151629284,0.017601833584774282,2.7755575615628914e-17,0.009084010840108401,0.01817195551939246
seed123_A_step2000,50,processed_targets,VA,0.1263945320985581,0.056311272232787354,0.06619011973659061,0.0038931401291801625,2.7755575615628914e-17,0.01630829332320671,0.0205854129831271
seed123_A_step2000,50,processed_targets,expression,0.13474045785646613,0.05977851716044052,0.06501515284175327,0.009946787854272322,0.0,0.014329287209416456,0.019957104581918066
seed123_A_step2000,51,prediction,AU,0.12439318282406485,0.006711110641300916,0.03476537760667617,0.08291669457608775,1.3877787807814457e-17,0.1214324414335421,0.23208573846642122
seed123_A_step2000,51,prediction,VA,0.06807906144761933,0.0030573478409239387,0.025226660845775458,0.03979505276091993,0.0,0.14222225046965348,0.24829132936365522
seed123_A_step2000,51,prediction,expression,0.0895270973420525,0.005410844860700864,0.03383192819234016,0.05028432428901146,1.3877787807814457e-17,0.10549494211094455,0.19364852115587886
seed123_A_step2000,51,processed_targets,AU,0.22872427983539098,0.09767395877723135,0.11740377327580934,0.013646547782350252,2.7755575615628914e-17,0.008031774051191527,0.01607773851590106
seed123_A_step2000,51,processed_targets,VA,0.11473576822281696,0.06031097495576203,0.05164843331110619,0.0027763599559487416,0.0,0.01300296603068249,0.01698809772624565
seed123_A_step2000,51,processed_targets,expression,0.12175941966489552,0.055520127797046986,0.059068372071073905,0.007170919796774616,1.3877787807814457e-17,0.01112461769503655,0.015658527840400376
seed123_A_step2000,52,prediction,AU,0.09763340100007409,0.0005281150245958119,0.018893740555898993,0.07821154541957925,2.7755575615628914e-17,0.11988955270702883,0.2276325707737585
seed123_A_step2000,52,prediction,VA,0.04186520954191303,0.0005744298184115061,0.012118004814867888,0.02917277490863364,6.938893903907228e-18,0.1306582679359873,0.22681272992367027
seed123_A_step2000,52,prediction,expression,0.06812880959471342,0.0011446992452497971,0.018098170032532977,0.04888594031693064,0.0,0.10605550977024708,0.19251050724547175
seed123_A_step2000,52,processed_targets,AU,0.19574776321265092,0.037729035223629054,0.13118082354665808,0.02683790444236371,5.551115123125783e-17,0.014622183201638864,0.02924950240018733
seed123_A_step2000,52,processed_targets,VA,0.13333876031960198,0.06528075076432766,0.06299516973261428,0.00506283982266012,5.551115123125783e-17,0.01915316718639487,0.023669197783920903
seed123_A_step2000,52,processed_targets,expression,0.11997573827184331,0.04377654088825772,0.06513721965565834,0.01106197772792725,0.0,0.014716384453887484,0.019807152408931817
seed123_A_step2000,53,prediction,AU,0.07751504480522294,0.000604429311383519,0.01407250410157985,0.06283811139225956,0.0,0.0937635914705355,0.17862971862744037
seed123_A_step2000,53,prediction,VA,0.028400442721950234,0.00033690600590079807,0.0073828119893242445,0.02068072472672519,0.0,0.11330983864198096,0.19665979897912914
seed123_A_step2000,53,prediction,expression,0.0577112771393167,0.00040047704347446203,0.012082758777585705,0.045228041318256536,0.0,0.10018391150650806,0.1829864866443265
seed123_A_step2000,53,processed_targets,AU,0.2277896809816716,0.054788988713061676,0.14452800598168836,0.02847268628692152,5.551115123125783e-17,0.01556153932458207,0.031124950906132525
seed123_A_step2000,53,processed_targets,VA,0.168096958921856,0.09859821586993227,0.06425573549122612,0.005243007560697624,0.0,0.01962384767501227,0.023975193986104527
seed123_A_step2000,53,processed_targets,expression,0.12421044265566543,0.04370782273152988,0.06810746282060912,0.012395157103526453,1.3877787807814457e-17,0.016381025736623978,0.022103826328683674
seed123_A_step2000,54,prediction,AU,0.10557274272080061,0.00100300214142215,0.023142620066820285,0.08142712051255817,0.0,0.11730368020745194,0.22462686160768455
seed123_A_step2000,54,prediction,VA,0.041548786772399995,0.00026091954034229513,0.011920441393579409,0.029367425838478282,6.938893903907228e-18,0.1253147239663488,0.21856666323658935
seed123_A_step2000,54,prediction,expression,0.08257352345492693,0.001059443033865498,0.023583011483527323,0.0579310689375341,0.0,0.12324723665482393,0.2250814590108174
seed123_A_step2000,54,processed_targets,AU,0.24493316304810564,0.06482393583965787,0.14972108331743025,0.030388143891017457,5.551115123125783e-17,0.016481747628628918,0.032972972972972976
seed123_A_step2000,54,processed_targets,VA,0.12854646541873763,0.05481486890502994,0.06843509991231597,0.00529649660139174,2.7755575615628914e-17,0.02082634162956586,0.02548766677943179
seed123_A_step2000,54,processed_targets,expression,0.12942759822165806,0.041584087981404574,0.07512344746965449,0.012720062770598978,0.0,0.01819583742522635,0.0248664619786948
seed123_A_step2000,55,prediction,AU,0.09078641341959849,0.000929049011756186,0.017683640897814528,0.07217372351002777,1.3877787807814457e-17,0.10589915455749646,0.2016487576337179
seed123_A_step2000,55,prediction,VA,0.02960062404274916,0.00068402989548467,0.0069536656714525285,0.021962928475811955,6.938893903907228e-18,0.11266036320426051,0.19582092308515067
seed123_A_step2000,55,prediction,expression,0.061183891960254026,0.0011305211771137557,0.012464055617692761,0.04758931516544751,0.0,0.1035311033360995,0.19008280143155631
seed123_A_step2000,55,processed_targets,AU,0.23105362709357005,0.04232048428126173,0.15474909885394192,0.03398404395836635,5.551115123125783e-17,0.018243911719939117,0.03649062708154915
seed123_A_step2000,55,processed_targets,VA,0.15939464655668906,0.07276581087091961,0.08046117707306057,0.0061676586127089195,5.551115123125783e-17,0.022641458425066992,0.027887052543888832
seed123_A_step2000,55,processed_targets,expression,0.1359012773880777,0.039682914093938364,0.08253263200573273,0.013685731288406616,0.0,0.018485654871919457,0.02516772382071921
seed123_A_step2000,56,prediction,AU,0.18820776931389627,0.004299486728640712,0.044785519361832574,0.13912276322342298,0.0,0.20568563175375948,0.38964877509491663
seed123_A_step2000,56,prediction,VA,0.09245431924944542,0.001967990107141908,0.032410446132999954,0.058075883009303546,0.0,0.18542138843999587,0.32168589027275785
seed123_A_step2000,56,prediction,expression,0.08487326679886054,0.002768501238852665,0.02542597505566014,0.056678790504347744,1.3877787807814457e-17,0.12010310981341533,0.22065474924604728
seed123_A_step2000,56,processed_targets,AU,0.26537243006403777,0.11490845240043959,0.13408997474257806,0.01637400292102011,0.0,0.009021592442645074,0.018061465721040188
seed123_A_step2000,56,processed_targets,VA,0.21248123513188466,0.13094774583869462,0.07820517056940497,0.0033283187237850157,5.551115123125783e-17,0.014086282069263188,0.017837947269612894
seed123_A_step2000,56,processed_targets,expression,0.1361560954913372,0.05564162121758164,0.07345714764886532,0.00705732662489021,2.7755575615628914e-17,0.011024025805057173,0.01508571124216113
seed123_A_step2000,57,prediction,AU,0.1323112512902517,0.003777552891330824,0.035391089007773456,0.09314260939114741,2.7755575615628914e-17,0.1400073912727497,0.2657236836025008
seed123_A_step2000,57,prediction,VA,0.07275326088751131,0.0024182167676807184,0.02624900500292245,0.04408603911690814,0.0,0.1524565270614295,0.26511485409549373
seed123_A_step2000,57,prediction,expression,0.08147683008333466,0.0028761834869387415,0.02991219878511632,0.04868844781127959,1.3877787807814457e-17,0.10921860499484826,0.19859725299641534
seed123_A_step2000,57,processed_targets,AU,0.2605203430031016,0.09146515602938227,0.1520898782448638,0.016965308728855526,0.0,0.010052596975673898,0.0201250411319513
seed123_A_step2000,57,processed_targets,VA,0.21120555550462594,0.1402520155590763,0.06846312286486829,0.0024904170806813826,0.0,0.012076197247364405,0.015803234577399603
seed123_A_step2000,57,processed_targets,expression,0.12568384200816238,0.049953033436938105,0.07056825633582474,0.00516255223539953,0.0,0.007736090897631992,0.010408479824572102
seed123_A_step2000,58,prediction,AU,0.11371096596029057,0.004357796971240839,0.0305029944078564,0.07885017458119331,1.3877787807814457e-17,0.11871244601279146,0.22559507141754107
seed123_A_step2000,58,prediction,VA,0.0560656067190346,0.003714131956651038,0.018982083132959744,0.033369391629423824,6.938893903907228e-18,0.13288750223189524,0.23096585338019998
seed123_A_step2000,58,prediction,expression,0.07880908179813421,0.004530387462138581,0.0268327433640681,0.04744595097192752,1.3877787807814457e-17,0.10385841906425024,0.1894158390039466
seed123_A_step2000,58,processed_targets,AU,0.2667754900142213,0.11205266883210925,0.13831703169758017,0.016405789484531832,5.551115123125783e-17,0.00883876357560568,0.017681159420289853
seed123_A_step2000,58,processed_targets,VA,0.228658677430574,0.14024306048558563,0.0860503425180764,0.0023652744269119894,0.0,0.012329716937509097,0.015664713619507376
seed123_A_step2000,58,processed_targets,expression,0.1325895602237738,0.052529907046654466,0.0747504452888082,0.005309207888311151,2.7755575615628914e-17,0.00834096726884197,0.010801571160761452
seed123_A_step2000,59,prediction,AU,0.15148502838750108,0.003874344870363199,0.0410781760415351,0.10653250747560279,2.7755575615628914e-17,0.15305961192215875,0.2924515475199023
seed123_A_step2000,59,prediction,VA,0.08303828002122049,0.0062684441114722505,0.029419041641089945,0.04735079426865829,0.0,0.1622426196045165,0.2825419368110326
seed123_A_step2000,59,prediction,expression,0.10121051031562588,0.004425575221334055,0.036012074224538435,0.0607728608697534,1.3877787807814457e-17,0.12033329408367925,0.22097642141986998
seed123_A_step2000,59,processed_targets,AU,0.26229876808994146,0.11184467224358725,0.13363533413523507,0.016818761711119085,5.551115123125783e-17,0.008994252873563218,0.017993527508090613
seed123_A_step2000,59,processed_targets,VA,0.20538359761784766,0.11541965640479676,0.08659150287321289,0.0033724383398380654,5.551115123125783e-17,0.013944617794136164,0.018256716951607306
seed123_A_step2000,59,processed_targets,expression,0.13182007328919948,0.05136790014025094,0.07333067957698869,0.007121493571959895,5.551115123125783e-17,0.011215994587299518,0.015643759278239976
seed123_A_step2000,60,prediction,AU,0.116864308719343,0.0018175458190965413,0.028279036831660553,0.0867677260685859,0.0,0.13175631864640847,0.25042666683965004
seed123_A_step2000,60,prediction,VA,0.07103953602816032,0.0015887438219291895,0.02408747156979259,0.045363320636438546,0.0,0.15700261701183751,0.2728137812820542
seed123_A_step2000,60,prediction,expression,0.06876832495066788,0.00241842756464389,0.02536863120551602,0.04098126618050797,0.0,0.08780353925585337,0.16213143329456076
seed123_A_step2000,60,processed_targets,AU,0.2678521650614674,0.07472738927038548,0.16428355349055726,0.028841222300524626,5.551115123125783e-17,0.014909219108055703,0.02982716049382716
seed123_A_step2000,60,processed_targets,VA,0.139453971363914,0.07395078037316358,0.06070038880184595,0.0048028021889045,2.7755575615628914e-17,0.019618966360588762,0.024701551146036577
seed123_A_step2000,60,processed_targets,expression,0.13308986879524576,0.04669506876042917,0.07440037887615109,0.011994421158665529,2.7755575615628914e-17,0.01620589155384856,0.021983031397825665
seed123_A_step2000,61,prediction,AU,0.15180596663551696,0.001609357961092864,0.030191811918096334,0.12000479675632773,2.7755575615628914e-17,0.171921951781285,0.3277650064288913
seed123_A_step2000,61,prediction,VA,0.0557184309442572,0.001274394328863179,0.014502075069075766,0.039941961546318246,1.3877787807814457e-17,0.14971882576228973,0.26068673093967787
seed123_A_step2000,61,prediction,expression,0.0760826832023443,0.0008454658087357172,0.01821054610955598,0.057026671284052616,1.3877787807814457e-17,0.12026571924283612,0.22083091470699084
seed123_A_step2000,61,processed_targets,AU,0.2568031301924211,0.05989009340453103,0.16696081663306497,0.029952220154825078,5.551115123125783e-17,0.016141671491989962,0.032284969591659426
seed123_A_step2000,61,processed_targets,VA,0.17682027339087783,0.06902851498148381,0.10225102358838958,0.005540734821004467,2.7755575615628914e-17,0.020309556497516545,0.02462245878749202
seed123_A_step2000,61,processed_targets,expression,0.12775616761464456,0.03400474434722023,0.08160010420843065,0.01215131905899365,2.7755575615628914e-17,0.01629075528852561,0.022072525392440413
seed123_A_step2000,62,prediction,AU,0.05255667516192341,0.0005566059549674082,0.010363734410020992,0.041636334796934994,1.3877787807814457e-17,0.06519276403563283,0.12382802797626995
seed123_A_step2000,62,prediction,VA,0.027093287200559518,0.00040359381971583167,0.007054511777468027,0.019635181603375653,6.938893903907228e-18,0.10821153804642542,0.18737816674067448
seed123_A_step2000,62,prediction,expression,0.05994490562918557,0.0007916407403213673,0.014677491168291685,0.044475773720572515,0.0,0.09850174846971238,0.1793371344205539
seed123_A_step2000,62,processed_targets,AU,0.26777177897753784,0.08421907126939608,0.15913470242031044,0.02441800528783132,0.0,0.012731273127312731,0.025456182472989197
seed123_A_step2000,62,processed_targets,VA,0.2059571308293925,0.09978977565507594,0.10156720353576697,0.004600151638549633,2.7755575615628914e-17,0.01764596596755872,0.02136391148391534
seed123_A_step2000,62,processed_targets,expression,0.1364024432416998,0.05121471671201763,0.07521211519728785,0.009975611332394316,0.0,0.01280544587225008,0.016949994055153655
seed123_A_step2000,63,prediction,AU,0.09877394682078809,0.0007965056973907408,0.02107491116314097,0.0769025299602564,1.3877787807814457e-17,0.11247465492654675,0.2155197330524635
seed123_A_step2000,63,prediction,VA,0.04356174665422751,0.0005921143696308697,0.013409868870535665,0.029559763414060986,6.938893903907228e-18,0.12783063271483044,0.22258583724595815
seed123_A_step2000,63,prediction,expression,0.07680878364699983,0.0008101969587369632,0.020941364841009304,0.05505722184725356,0.0,0.11426883753516902,0.208565807689409
seed123_A_step2000,63,processed_targets,AU,0.2661274222263386,0.06839291099476674,0.16997984392980808,0.027754667301763715,5.551115123125783e-17,0.014986103390772651,0.029978685941988693
seed123_A_step2000,63,processed_targets,VA,0.15960327059314647,0.0583540579219521,0.0960909175652267,0.0051582951059676845,0.0,0.01961126160254498,0.023999968979715854
seed123_A_step2000,63,processed_targets,expression,0.1281755099746393,0.043844528106896145,0.07370886132942557,0.010622120538317606,0.0,0.014535243699506678,0.019068463354473836
seed123_A_step2000,64,prediction,AU,0.09412602699104838,0.0013212788307216945,0.021753252148576752,0.07105149601174995,1.3877787807814457e-17,0.10741757836786484,0.20463915158536378
seed123_A_step2000,64,prediction,VA,0.045254852338629956,0.0014750765022031158,0.015616106283225711,0.028163669553201133,0.0,0.12311213977769155,0.21397656462305195
seed123_A_step2000,64,prediction,expression,0.06826878387106877,0.0013222282754330932,0.019001050615119724,0.04794550498051595,0.0,0.10132159251127194,0.18385508928029132
seed123_A_step2000,64,processed_targets,AU,0.2289723286504896,0.10197324129666874,0.11260728942562442,0.014391797928196394,5.551115123125783e-17,0.008314807716877476,0.016630879345603273
seed123_A_step2000,64,processed_targets,VA,0.2333626268109342,0.17015496539338168,0.06059451130028246,0.0026131501172699566,1.1102230246251565e-16,0.015031167171786987,0.020231064083268923
seed123_A_step2000,64,processed_targets,expression,0.1384584502938496,0.07523889832510777,0.0570723927297956,0.006147159238946262,2.7755575615628914e-17,0.010834680310961407,0.01533731066162192
seed123_A_step2000,65,prediction,AU,0.07592629956423472,0.0017807478975376979,0.018045862532848737,0.05609968913384828,0.0,0.08250722399162151,0.15767090482796467
seed123_A_step2000,65,prediction,VA,0.036725669431604366,0.0024449177299566242,0.012050457169474971,0.022230294532172772,0.0,0.10715419087294836,0.18626622040192672
seed123_A_step2000,65,prediction,expression,0.06705041618260309,0.0015507571624506188,0.02075257482256399,0.04474708419758848,0.0,0.09756275312616755,0.17755028599535191
seed123_A_step2000,65,processed_targets,AU,0.25062182657434884,0.11158246769870366,0.1235138945389049,0.015525464336740302,0.0,0.008653998416468725,0.017314319667260845
seed123_A_step2000,65,processed_targets,VA,0.281800884905199,0.2008449766266293,0.07811587580071723,0.002840032477852437,5.551115123125783e-17,0.015133681076505794,0.019737629605588888
seed123_A_step2000,65,processed_targets,expression,0.14689698544754948,0.07299977927747646,0.06737376925465748,0.006523436915415526,2.7755575615628914e-17,0.011033185249993726,0.015104392199283922
seed123_A_step2000,66,prediction,AU,0.11325764672449835,0.0016262787446517939,0.024181861558035717,0.08744950642181086,1.3877787807814457e-17,0.12861147064283587,0.24504884127084026
seed123_A_step2000,66,prediction,VA,0.04186006656789335,0.0004221472490049524,0.011432492049877412,0.030005427269010978,6.938893903907228e-18,0.1312094120733399,0.22779153495529075
seed123_A_step2000,66,prediction,expression,0.08065946371514543,0.0019005227888498307,0.018878699883816956,0.05988024104247866,1.3877787807814457e-17,0.12902827671542327,0.23467330577526083
seed123_A_step2000,66,processed_targets,AU,0.20608807812787913,0.08059288104427885,0.11179337854098571,0.013701818542614564,0.0,0.007968351199591628,0.015942806076854336
seed123_A_step2000,66,processed_targets,VA,0.18621374350726602,0.13560766311479602,0.04850079754842487,0.0021052828440451454,2.7755575615628914e-17,0.012230679776325571,0.015493941721543869
seed123_A_step2000,66,processed_targets,expression,0.12147718180217378,0.0640621753292553,0.05162186301759344,0.005793143455325056,1.3877787807814457e-17,0.01025880964846041,0.014023847297370405
seed123_A_step2000,67,prediction,AU,0.10150138574192015,0.003132303372109651,0.025305746748228723,0.07306333562158178,0.0,0.10615741237915616,0.20226355465657445
seed123_A_step2000,67,prediction,VA,0.039267149132899054,0.001347355659609077,0.011565280047868507,0.026354513425421472,0.0,0.11164260750581961,0.1947124582246809
seed123_A_step2000,67,prediction,expression,0.06411628215976355,0.0022504717674617543,0.019772160802741794,0.04209364958956001,1.3877787807814457e-17,0.09335259459090428,0.171227435639692
seed123_A_step2000,67,processed_targets,AU,0.21069457989294152,0.09544753483228106,0.10021466745192238,0.015032377608738054,2.7755575615628914e-17,0.008938329430132709,0.0178871314196446
seed123_A_step2000,67,processed_targets,VA,0.16068467411887807,0.1063322793161108,0.05204762278382542,0.002304772018941815,2.7755575615628914e-17,0.014461617348977393,0.01885937501288466
seed123_A_step2000,67,processed_targets,expression,0.13619212462609537,0.07065861914762558,0.05819350645533733,0.007339999023132469,2.7755575615628914e-17,0.01270869378248445,0.017814386374349626
seed123_A_step2000,68,prediction,AU,0.04831745672834823,0.0005052954699692193,0.009680962024194877,0.038131199234184135,0.0,0.05943620399310961,0.11343850287512407
seed123_A_step2000,68,prediction,VA,0.020653639481582935,0.0005761849648266451,0.0052356367746242,0.014841817742132087,3.469446951953614e-18,0.09626743488336756,0.1669066556974084
seed123_A_step2000,68,prediction,expression,0.06004443472767637,0.0005772807821518393,0.014548925490787219,0.044918228454737315,0.0,0.09720549636697642,0.17624412828022368
seed123_A_step2000,68,processed_targets,AU,0.12063510636568997,0.05565136304925605,0.055884073220712906,0.009099670095720994,2.7755575615628914e-17,0.0061209860288201304,0.012244659057652912
seed123_A_step2000,68,processed_targets,VA,0.12783182546423477,0.11044068013083369,0.016197014226906475,0.001194131106494642,2.7755575615628914e-17,0.010653357226904322,0.014237788775436992
seed123_A_step2000,68,processed_targets,expression,0.1311545891845907,0.08391633056328364,0.04242721909343429,0.004811039527872739,2.7755575615628914e-17,0.011407129021508757,0.01610100513316028
seed123_A_step2000,69,prediction,AU,0.053575511885643405,0.0005536538468754098,0.009888985763919587,0.04313287227484841,0.0,0.0727539093188046,0.13740337395953597
seed123_A_step2000,69,prediction,VA,0.026575902060674794,0.0004535283519855287,0.005956078825666318,0.020166294883022944,3.469446951953614e-18,0.11443192428152209,0.19843897727799548
seed123_A_step2000,69,prediction,expression,0.059583342560367764,0.0007111344549697775,0.01194133434215838,0.046930873763239594,1.3877787807814457e-17,0.1047922790413809,0.18917681120247132
seed123_A_step2000,69,processed_targets,AU,0.12176002517160578,0.06352188122825861,0.04947146982456037,0.008766674118786793,1.3877787807814457e-17,0.005499403697078116,0.01100126742712294
seed123_A_step2000,69,processed_targets,VA,0.12840355746402768,0.11146350190873397,0.015672067928702356,0.0012679876265913824,2.7755575615628914e-17,0.011100655186118321,0.014818291918603106
seed123_A_step2000,69,processed_targets,expression,0.12984928115058383,0.08292274071565114,0.04184284511420324,0.005083695320729455,0.0,0.01180221120822753,0.016046099264713964
seed123_A_step2000,70,prediction,AU,0.070519705701407,0.0008821890778232659,0.014705144752869355,0.05493237187071437,1.3877787807814457e-17,0.09030258783516824,0.16968619510256944
seed123_A_step2000,70,prediction,VA,0.02753254162776185,0.0004910491944305044,0.007562255117990322,0.019479237315341024,0.0,0.1110901423471382,0.1927415207656732
seed123_A_step2000,70,prediction,expression,0.05510075577507101,0.0005288267165202647,0.01370477148775071,0.04086715757080003,0.0,0.09585741602287115,0.17361029424416866
seed123_A_step2000,70,processed_targets,AU,0.11702114557571784,0.052184281278417885,0.05514009324359676,0.009696771053703205,1.3877787807814457e-17,0.00674892703862661,0.013499686968965209
seed123_A_step2000,70,processed_targets,VA,0.12491285950752944,0.11041593094248738,0.013362994076085391,0.0011339344889566708,0.0,0.011418246038062218,0.015749439354391225
seed123_A_step2000,70,processed_targets,expression,0.12248982778890247,0.07779569414288347,0.039256390992342384,0.0054377426536766265,1.3877787807814457e-17,0.011991496382060667,0.017125762397559106
seed123_A_step2000,71,prediction,AU,0.0412490677406765,0.0004310758818644974,0.007741145714943954,0.03307684614386805,0.0,0.05264349720605896,0.10080057722945551
seed123_A_step2000,71,prediction,VA,0.02095601070811896,0.0003416293769196269,0.005252238675962007,0.015362142655237327,0.0,0.10042433331536897,0.1742882555293416
seed123_A_step2000,71,prediction,expression,0.05660006634252521,0.00037001385987323916,0.01245542240405163,0.04377463007860032,1.3877787807814457e-17,0.09736209131427762,0.17624585383859348
seed123_A_step2000,71,processed_targets,AU,0.1303583522132086,0.0647702324169071,0.05626690206464747,0.009321217731654041,0.0,0.006340643274853801,0.012682605834612854
seed123_A_step2000,71,processed_targets,VA,0.07753270987528177,0.05996923990345727,0.016303396387907683,0.001260073583916804,1.3877787807814457e-17,0.011460401937794431,0.015364455604052649
seed123_A_step2000,71,processed_targets,expression,0.12294499148149404,0.08116920892246833,0.036068751157125364,0.005707031401900325,2.7755575615628914e-17,0.01099823304670219,0.01459763232614562
seed123_A_step2000,72,prediction,AU,0.14424866765410033,0.0015286606089640734,0.02891178900755875,0.11380821803757753,2.7755575615628914e-17,0.16266733893950291,0.31137504919732323
seed123_A_step2000,72,prediction,VA,0.04944600546531475,0.0011429638602086373,0.012230093409432184,0.03607294819567393,6.938893903907228e-18,0.1459451246138945,0.2538686344642854
seed123_A_step2000,72,prediction,expression,0.08012510675883558,0.0019201682707379246,0.01928466637217733,0.05892027211592034,1.3877787807814457e-17,0.11834060270647011,0.21687089424827966
seed123_A_step2000,72,processed_targets,AU,0.26519732847601707,0.08537423980013338,0.15084822095101588,0.02897486772486772,5.551115123125783e-17,0.014912640312347486,0.029834016793595
seed123_A_step2000,72,processed_targets,VA,0.188071359183814,0.11656243236589209,0.06697293639193694,0.004535990425985082,8.326672684688674e-17,0.018113754975608118,0.022733057113326148
seed123_A_step2000,72,processed_targets,expression,0.13715774906556402,0.05989709012972695,0.06709287717095265,0.010167781764884412,0.0,0.013855162354113389,0.01903757398068966
seed123_A_step2000,73,prediction,AU,0.15706538178852308,0.001541909010575367,0.02951044722376491,0.1260130255541828,0.0,0.18193374522201378,0.3467438382902509
seed123_A_step2000,73,prediction,VA,0.058113269344619814,0.00021524191837562305,0.01670604471847735,0.04119198270776684,0.0,0.15635562808674416,0.2720362282848526
seed123_A_step2000,73,prediction,expression,0.07593992820332765,0.0005056494779403808,0.016745271227460383,0.05868900749792688,0.0,0.12231227514559992,0.2249665778346774
seed123_A_step2000,73,processed_targets,AU,0.2722749557121081,0.09575823971090436,0.14910261391246318,0.027414102088740577,5.551115123125783e-17,0.01440148354195642,0.028807271378222966
seed123_A_step2000,73,processed_targets,VA,0.168386018705859,0.09702435593489975,0.06686758082246182,0.004494081948497391,2.7755575615628914e-17,0.017866286555815472,0.02198508509523383
seed123_A_step2000,73,processed_targets,expression,0.1312040454064995,0.050577651982917936,0.07032817125229242,0.01029822217128916,0.0,0.014394274666936237,0.019600979065566605
seed123_A_step2000,74,prediction,AU,0.10074097407819074,0.0006478800371553349,0.02041679196216984,0.07967630207886557,0.0,0.11839875581972556,0.22598714787724689
seed123_A_step2000,74,prediction,VA,0.04772422550845964,0.0007473483373706606,0.013342829677012061,0.03363404749407692,6.938893903907228e-18,0.13500537403963983,0.2345152394289731
seed123_A_step2000,74,prediction,expression,0.06827006644705308,0.001115288057529063,0.017510670360071708,0.04964410802945229,2.7755575615628914e-17,0.10592408289722713,0.19307672088932226
seed123_A_step2000,74,processed_targets,AU,0.25267776585071533,0.09155521283740904,0.13974526795350556,0.021377285059800685,5.551115123125783e-17,0.010977643046608565,0.021955656623081295
seed123_A_step2000,74,processed_targets,VA,0.21561728393276164,0.1651123418335173,0.04774313122959175,0.002761810869652576,0.0,0.012331146603469942,0.014883547554949292
seed123_A_step2000,74,processed_targets,expression,0.12145440462124822,0.06685590012289351,0.048371839468099836,0.006226665030254876,0.0,0.008636482759473258,0.011270023316100086
seed123_A_step2000,75,prediction,AU,0.12194585095705088,0.0008834018694646632,0.02409806580876432,0.0969643832788219,0.0,0.14268833720362978,0.27199067338418775
seed123_A_step2000,75,prediction,VA,0.04753286650127417,0.00036591672132860203,0.01232742928512747,0.034839520494818095,0.0,0.1449200447735575,0.25158681519080267
seed123_A_step2000,75,prediction,expression,0.07072887303264477,0.00044276895628433114,0.015564230024171363,0.05472187405218908,0.0,0.11625848507833528,0.21313201552678557
seed123_A_step2000,75,processed_targets,AU,0.25322200499619857,0.08050753172312154,0.1490668410367351,0.023647632236341913,0.0,0.012285976168652612,0.024576457645764577
seed123_A_step2000,75,processed_targets,VA,0.21999789596843583,0.1649505789980574,0.051668104799398124,0.0033792121709801783,1.3877787807814457e-16,0.013839251612109072,0.01681188926688827
seed123_A_step2000,75,processed_targets,expression,0.11666747280147925,0.059040371356239,0.05053679437200555,0.007090307073234721,1.3877787807814457e-17,0.010205230162238881,0.013815618104734168
seed123_A_step2000,76,prediction,AU,0.12827938813425604,0.0013707667988415956,0.025178246889327224,0.10173037444608721,2.7755575615628914e-17,0.14553438055548495,0.2775327433726035
seed123_A_step2000,76,prediction,VA,0.061082371988837585,0.0012960468360649726,0.018440182729100158,0.041346142423672454,0.0,0.15218668232569363,0.2637375469497178
seed123_A_step2000,76,prediction,expression,0.08537634873207048,0.0012253520190769057,0.021476278372703588,0.06267471834028997,1.3877787807814457e-17,0.12213757642427896,0.22495625021076332
seed123_A_step2000,76,processed_targets,AU,0.1951659106909964,0.0444089073531683,0.12684572371916297,0.023911279618665095,2.7755575615628914e-17,0.012581047381546135,0.025169940754599315
seed123_A_step2000,76,processed_targets,VA,0.16047468313029045,0.11366347554508899,0.04282964530518963,0.003981562280011843,0.0,0.016303449409242783,0.02025227674132368
seed123_A_step2000,76,processed_targets,expression,0.12591563260718128,0.0554576970514845,0.06079695361518346,0.009660981940513316,0.0,0.01287257109698539,0.01757917228132629
seed123_A_step2000,77,prediction,AU,0.08303989629789789,0.0016053607895564427,0.01968922606315412,0.06174530944518733,0.0,0.09159561082171878,0.17505903353640112
seed123_A_step2000,77,prediction,VA,0.027883577141130475,0.0007436312488574848,0.00888426493846872,0.018255680953804268,0.0,0.10252312292674967,0.1784354822460823
seed123_A_step2000,77,prediction,expression,0.06097745504337176,0.0010584272643280005,0.016655295637392164,0.0432637321416516,6.938893903907228e-18,0.09577217326006328,0.17524411796368974
seed123_A_step2000,77,processed_targets,AU,0.22744642948032778,0.06322675945042927,0.1373607651201462,0.02685890490975237,5.551115123125783e-17,0.014463794683776352,0.02893779611798869
seed123_A_step2000,77,processed_targets,VA,0.1850329889058728,0.13737162826117094,0.04395023717026308,0.0037111234744386973,8.326672684688674e-17,0.016305418278062485,0.020422593145069726
seed123_A_step2000,77,processed_targets,expression,0.13326484763809684,0.06123962228932845,0.06300751307635154,0.009017712272416838,0.0,0.013062924864681382,0.017810272547244852
seed123_A_step2000,78,prediction,AU,0.11616980872775651,0.0005359665135595984,0.021406889691132594,0.0942269525230643,1.3877787807814457e-17,0.1429314586253494,0.2712863348849595
seed123_A_step2000,78,prediction,VA,0.04918499943205447,0.0005062380927433809,0.012068042143186299,0.036610719196124776,1.3877787807814457e-17,0.14812261952502506,0.25685819328561615
seed123_A_step2000,78,prediction,expression,0.06491159709185318,0.0007426505378629786,0.01597394741302565,0.04819499914096455,0.0,0.10471411385083926,0.19073689298458818
seed123_A_step2000,78,processed_targets,AU,0.19647162278042682,0.0583528752519727,0.12106848180778576,0.017050265720668315,5.551115123125783e-17,0.009178957718780727,0.018360623494124012
seed123_A_step2000,78,processed_targets,VA,0.168595770828843,0.12941954873847303,0.036216729988471606,0.002959492101898354,0.0,0.01128951070676379,0.014067207467303324
seed123_A_step2000,78,processed_targets,expression,0.10668786605050498,0.056463628942783006,0.04403457007223312,0.006189667035488838,1.3877787807814457e-17,0.0076852585237447875,0.010333990228687771
seed123_A_step2000,79,prediction,AU,0.08158442898715287,0.0017246046515213681,0.0223218938219514,0.057537930513680106,0.0,0.08501870884704696,0.16245689493511306
seed123_A_step2000,79,prediction,VA,0.03938954111234129,0.0015996923651697568,0.014693947700855707,0.02309590104631582,0.0,0.1062195505703732,0.18471603794683825
seed123_A_step2000,79,prediction,expression,0.06991054628368765,0.004039164323150203,0.02234347144185349,0.04352791051868397,1.3877787807814457e-17,0.1002655431915024,0.18149089627111495
seed123_A_step2000,79,processed_targets,AU,0.211484616418111,0.04907071413033289,0.13567703543301524,0.026736866854762866,0.0,0.013801169590643274,0.027602905569007265
seed123_A_step2000,79,processed_targets,VA,0.14385898342985481,0.08715318515939612,0.051418691995587046,0.00528710627487166,0.0,0.01977763464657451,0.024595691783231916
seed123_A_step2000,79,processed_targets,expression,0.13032205144367592,0.04302720193476136,0.07482554989881178,0.012469299610102775,2.7755575615628914e-17,0.016397118087912787,0.022354473263436057
seed123_A_step6000,0,prediction,AU,0.17302176297350838,0.006345511559517023,0.06238851956921935,0.10428773184477198,2.7755575615628914e-17,0.1320418754906023,0.2583211996452545
seed123_A_step6000,0,prediction,VA,0.061839174917142824,0.000979444726577073,0.03624573783291729,0.024613992357648464,6.938893903907228e-18,0.1223683657710922,0.21166645390563538
seed123_A_step6000,0,prediction,expression,0.09202817593797356,0.0018663707254045812,0.04459731444225062,0.045564490770318364,0.0,0.09260510167727345,0.16963787345438824
seed123_A_step6000,0,processed_targets,AU,0.2468928118149302,0.11216488278687899,0.12021416032684741,0.014513768701203801,0.0,0.008509090909090909,0.017027027027027027
seed123_A_step6000,0,processed_targets,VA,0.24093695226099449,0.19306009776514166,0.04615039377131954,0.001726460724533247,2.7755575615628914e-17,0.010503816214378004,0.013521472877569172
seed123_A_step6000,0,processed_targets,expression,0.12673749381976335,0.07379555681778921,0.04845504342045324,0.004486893581520914,0.0,0.007967644879511416,0.011051477896737456
seed123_A_step6000,1,prediction,AU,0.16575659054630668,0.006253084491941797,0.06904688641656972,0.09045661963779518,2.7755575615628914e-17,0.1182181024377062,0.22986483512340694
seed123_A_step6000,1,prediction,VA,0.06108273235882242,0.003998634372256174,0.03809548757045943,0.01898861041610681,6.938893903907228e-18,0.10694956081218247,0.18546907305786542
seed123_A_step6000,1,prediction,expression,0.09389994422001464,0.0027838454036283548,0.05068094032650082,0.04043515848988547,0.0,0.08490683712330674,0.155029534254147
seed123_A_step6000,1,processed_targets,AU,0.1892513250182488,0.061132759419154276,0.11344620441430828,0.014672361184786206,2.7755575615628914e-17,0.008370497427101201,0.016738197424892704
seed123_A_step6000,1,processed_targets,VA,0.1742168718498816,0.1128612728727193,0.058791764879625424,0.002563834097536901,2.7755575615628914e-17,0.013501502275323147,0.017943337417723283
seed123_A_step6000,1,processed_targets,expression,0.12161621630020142,0.05632616224579112,0.059613184865121,0.005676869189289337,4.163336342344337e-17,0.01016422428356031,0.014294150524274782
seed123_A_step6000,2,prediction,AU,0.20468705359625122,0.005460478901029392,0.08263644723420717,0.11659012746101467,0.0,0.15147582372061294,0.2947226392443373
seed123_A_step6000,2,prediction,VA,0.06786208274277629,0.0012729094009165769,0.04468272661338931,0.02190644672847039,1.3877787807814457e-17,0.11288657023559366,0.19603731932837518
seed123_A_step6000,2,prediction,expression,0.09714844852804738,0.0019100987765672487,0.05508954758099615,0.040148802170484,1.3877787807814457e-17,0.087150124672764,0.15850331633267936
seed123_A_step6000,2,processed_targets,AU,0.2306112370874276,0.10246090740655042,0.11291538385069323,0.015234945830183925,0.0,0.008472884048105287,0.016948228882833788
seed123_A_step6000,2,processed_targets,VA,0.23548525048901126,0.1716122905951991,0.06151040496512763,0.0023625549286846216,1.1102230246251565e-16,0.012909512551358113,0.016411045528516903
seed123_A_step6000,2,processed_targets,expression,0.13513254062236035,0.07374689975273949,0.05646602408697882,0.004919616782642029,2.7755575615628914e-17,0.008316712579856517,0.011016752222447633
seed123_A_step6000,3,prediction,AU,0.1845740040435774,0.016728946109585516,0.07894761159132342,0.08889744634266845,2.7755575615628914e-17,0.11427588566681554,0.22317464257204192
seed123_A_step6000,3,prediction,VA,0.08205408055547855,0.009171478662149795,0.05174407889130128,0.02113852300202747,0.0,0.11126133707489863,0.19223918634527196
seed123_A_step6000,3,prediction,expression,0.10413519489660038,0.010688187746641249,0.05471558471039317,0.03873142243956594,1.3877787807814457e-17,0.0809144606959398,0.1476308906960041
seed123_A_step6000,3,processed_targets,AU,0.23458146007278963,0.0916686002551718,0.12402771744981642,0.018885142367801328,8.326672684688674e-17,0.009541726965750121,0.019091787439613525
seed123_A_step6000,3,processed_targets,VA,0.15235186465804765,0.08861879240567594,0.06033813613623262,0.0033949361161391043,2.7755575615628914e-17,0.015990349836917068,0.02085294084083559
seed123_A_step6000,3,processed_targets,expression,0.1429055755640201,0.06225126594452559,0.07131833616086242,0.009335973458632121,5.551115123125783e-17,0.014654444761840978,0.021052512017408764
seed123_A_step6000,4,prediction,AU,0.18175819695049994,0.007429099993425588,0.06793537943525219,0.10639371752182217,0.0,0.13511992113070337,0.26381649356303905
seed123_A_step6000,4,prediction,VA,0.07344499301904396,0.004496454065582953,0.04041140316123891,0.028537135792222085,1.3877787807814457e-17,0.13037467438288436,0.22590801665063157
seed123_A_step6000,4,prediction,expression,0.10336798792501764,0.003760236071642131,0.049035725682402116,0.05057202617097339,0.0,0.09828389922209885,0.1804721748055125
seed123_A_step6000,4,processed_targets,AU,0.24640146319158668,0.08100207085727586,0.14125979119470963,0.024139601139601136,2.7755575615628914e-17,0.013814955640050697,0.02765620044402157
seed123_A_step6000,4,processed_targets,VA,0.19360236403213812,0.11352219916722893,0.07556269530760895,0.004517469557300228,0.0,0.01824695266156454,0.023214877656280823
seed123_A_step6000,4,processed_targets,expression,0.1340029523029475,0.04865275594603006,0.07573195662972171,0.009618239727195775,2.7755575615628914e-17,0.015648573750317654,0.021850090957627855
seed123_A_step6000,5,prediction,AU,0.2118472115251398,0.013907999589288747,0.08375816153219688,0.11418105040365414,2.7755575615628914e-17,0.14711625075477727,0.2862963555993482
seed123_A_step6000,5,prediction,VA,0.07532773637396298,0.008974700133109392,0.042973052771432214,0.02337998346942137,0.0,0.11664888408476559,0.20240772988310296
seed123_A_step6000,5,prediction,expression,0.11666423582242345,0.007087980157371508,0.06398401653942035,0.04559223912563159,1.3877787807814457e-17,0.09734765955155078,0.178030621507265
seed123_A_step6000,5,processed_targets,AU,0.24642917726887192,0.08574723964976573,0.1383572274127166,0.022324710206389597,0.0,0.01165870741801974,0.023333333333333334
seed123_A_step6000,5,processed_targets,VA,0.27885674537935495,0.18665255156134472,0.0883257386925624,0.003878455125447759,5.551115123125783e-17,0.01702047859735737,0.021201129468695668
seed123_A_step6000,5,processed_targets,expression,0.14896403016229195,0.06554516501261955,0.07563481530672346,0.007784049842948906,2.7755575615628914e-17,0.011935396538145057,0.016182702470542307
seed123_A_step6000,6,prediction,AU,0.20781141146600104,0.005730305277423347,0.0774282912539544,0.1246528149346233,0.0,0.1580748553514641,0.30872719660098047
seed123_A_step6000,6,prediction,VA,0.06817660721761343,0.0018019725362281758,0.040462887631303235,0.025911747050082007,0.0,0.12332615626207717,0.21408274250636022
seed123_A_step6000,6,prediction,expression,0.0989018809672964,0.0018241253285418574,0.051471663358286214,0.0456060922804683,1.3877787807814457e-17,0.09498882654278211,0.17407647618164107
seed123_A_step6000,6,processed_targets,AU,0.211271363067945,0.07511827044532157,0.11822504279586576,0.017928049826757622,2.7755575615628914e-17,0.00994161801501251,0.019883187317480185
seed123_A_step6000,6,processed_targets,VA,0.19797022731445676,0.1261020674111879,0.06873852449493535,0.003129635408333557,2.7755575615628914e-17,0.014497756608858941,0.018309952037600885
seed123_A_step6000,6,processed_targets,expression,0.12810459137191682,0.06431396240582568,0.05734538059975054,0.00644524836634058,2.7755575615628914e-17,0.009554063603718133,0.012692947767766787
seed123_A_step6000,7,prediction,AU,0.15929134227114158,0.006458928418670555,0.05511561313418641,0.09771680071828463,2.7755575615628914e-17,0.12540467157418625,0.2448815360361548
seed123_A_step6000,7,prediction,VA,0.056805465123706954,0.002838265104944427,0.0292924406443429,0.02467475937441962,6.938893903907228e-18,0.12186252342569982,0.21189887619361647
seed123_A_step6000,7,prediction,expression,0.09480961143532052,0.005197781510069087,0.042178314526491706,0.04743351539875973,0.0,0.09315629672697814,0.17167993019197594
seed123_A_step6000,7,processed_targets,AU,0.22865996068909702,0.07449965945549694,0.13199955047243306,0.022160750761166994,2.7755575615628914e-17,0.01213256984209613,0.024277777777777777
seed123_A_step6000,7,processed_targets,VA,0.20827651888695525,0.144447520005743,0.060203520467568675,0.0036254784136435215,5.551115123125783e-17,0.016398092031959816,0.020888497143168934
seed123_A_step6000,7,processed_targets,expression,0.1331097834915702,0.0670354419371489,0.05842728969667339,0.0076470518577479215,0.0,0.012370187643003586,0.017268933034539174
seed123_A_step6000,8,prediction,AU,0.18020567739011578,0.007437650029520069,0.06182016152522523,0.11094786583537045,5.551115123125783e-17,0.1427112213565459,0.2786962913728699
seed123_A_step6000,8,prediction,VA,0.07232345456395804,0.003708357158123143,0.03493358097916264,0.03368151642667226,0.0,0.1436621883746709,0.24886397139041488
seed123_A_step6000,8,prediction,expression,0.10644559172201531,0.003381777950216622,0.0435239104443776,0.05953990332742113,4.163336342344337e-17,0.11688071047183385,0.21479664863677722
seed123_A_step6000,8,processed_targets,AU,0.19462998782147722,0.07523334016461307,0.09719591694549512,0.02220073071136901,0.0,0.011623931623931624,0.02325588899645047
seed123_A_step6000,8,processed_targets,VA,0.0866439712668548,0.04635103831804331,0.03588662759543508,0.004406305353376384,2.7755575615628914e-17,0.016768143016143905,0.02130357314474585
seed123_A_step6000,8,processed_targets,expression,0.10273221712874835,0.03135929658215694,0.06002398288115241,0.011348937665438997,0.0,0.014715688248037371,0.020458669785061254
seed123_A_step6000,9,prediction,AU,0.159557577997246,0.006168980511166901,0.06280501972252915,0.09058357776354993,0.0,0.1179217754968515,0.22985790681950843
seed123_A_step6000,9,prediction,VA,0.07629929610675794,0.005992387788391316,0.04560159673016302,0.02470531158820361,1.3877787807814457e-17,0.12353597213518405,0.21418695932752124
seed123_A_step6000,9,prediction,expression,0.10848671601796739,0.004190318928335519,0.05233263607029157,0.05196376101934028,2.7755575615628914e-17,0.10152345041196516,0.1856015340011695
seed123_A_step6000,9,processed_targets,AU,0.18973947895791585,0.041753920270338536,0.11608892591586101,0.031896632771716275,2.7755575615628914e-17,0.016466131907308376,0.0329453734671126
seed123_A_step6000,9,processed_targets,VA,0.10398238615038771,0.0386382146817229,0.05807959558062121,0.007264575888043598,1.3877787807814457e-17,0.02368607656497329,0.02857894695286069
seed123_A_step6000,9,processed_targets,expression,0.13135951953441005,0.036043414789008264,0.07869322155612088,0.016622883189280884,2.7755575615628914e-17,0.01934760192329512,0.026141115362619337
seed123_A_step6000,10,prediction,AU,0.15675461124399268,0.007563613150865164,0.05944517512051972,0.08974582297260777,2.7755575615628914e-17,0.116455337929373,0.22675387287541257
seed123_A_step6000,10,prediction,VA,0.06621653446277527,0.0013522186215220696,0.038810100464906135,0.02605421537634705,1.3877787807814457e-17,0.1196529253977379,0.20765279886367807
seed123_A_step6000,10,prediction,expression,0.07077288765813693,0.0014731223960832004,0.0354033208709655,0.03389644439108824,1.3877787807814457e-17,0.07222690002467842,0.13219488141961622
seed123_A_step6000,10,processed_targets,AU,0.2128940236770789,0.07846517853508153,0.10386473160612517,0.0305641135358722,0.0,0.01567972596874331,0.03136675235646958
seed123_A_step6000,10,processed_targets,VA,0.10743585254263222,0.06896160660755282,0.032181979315562,0.00629226661951734,5.551115123125783e-17,0.02310721785214107,0.028406574374129447
seed123_A_step6000,10,processed_targets,expression,0.12562751566636932,0.048591395365540455,0.05978073989298181,0.017255380407847073,2.7755575615628914e-17,0.020274011886057302,0.027391085545344702
seed123_A_step6000,11,prediction,AU,0.15460332102483312,0.008486703325318234,0.06037614741208388,0.08574047028743102,2.7755575615628914e-17,0.1105922244402359,0.21570312854390533
seed123_A_step6000,11,prediction,VA,0.06303314486116034,0.005632714523025501,0.03502465206088466,0.022375778277250166,1.3877787807814457e-17,0.11574164170337838,0.20132930830748696
seed123_A_step6000,11,prediction,expression,0.1037915171203073,0.005586521877851542,0.05201162372523787,0.046193371517217884,1.3877787807814457e-17,0.09033123671929587,0.16578871323591943
seed123_A_step6000,11,processed_targets,AU,0.18602191433487275,0.05739826899283807,0.1001674589192631,0.02845618642277159,0.0,0.014926590538336053,0.029866666666666666
seed123_A_step6000,11,processed_targets,VA,0.10403742337182316,0.06448061317298308,0.03472752373196857,0.004829286466871485,2.7755575615628914e-17,0.019446966066564545,0.024512111911436124
seed123_A_step6000,11,processed_targets,expression,0.1302785125211364,0.0625520511452211,0.05420368866978931,0.013522772706126006,0.0,0.016855866612727956,0.02309943875832414
seed123_A_step6000,12,prediction,AU,0.18102941469003583,0.0018586556393348943,0.05000943207764014,0.1291613269730608,2.7755575615628914e-17,0.16135294227384486,0.31637111603606616
seed123_A_step6000,12,prediction,VA,0.06055696653200692,0.0008660593909045097,0.025421438542022026,0.03426946859908039,0.0,0.14448822266624284,0.25040051600815455
seed123_A_step6000,12,prediction,expression,0.09471765405602854,0.0011540968843579242,0.03386969244867208,0.059693864722998535,0.0,0.11377284230429661,0.20953340476357205
seed123_A_step6000,12,processed_targets,AU,0.17318329180398148,0.05472832406635822,0.09340276578886958,0.025052201948753672,0.0,0.013164495899662326,0.026328910333735425
seed123_A_step6000,12,processed_targets,VA,0.12925485887184238,0.07584398966705361,0.047789019643310386,0.00562184956147837,0.0,0.018295545120814747,0.02225579636919664
seed123_A_step6000,12,processed_targets,expression,0.11557418350758443,0.04808185135437923,0.05580476775163072,0.011687564401574485,0.0,0.013454392281544948,0.018241651579625102
seed123_A_step6000,13,prediction,AU,0.136596779524054,0.001363200860716085,0.03523535762969459,0.09999822103364334,2.7755575615628914e-17,0.1279251642056261,0.2502577984739051
seed123_A_step6000,13,prediction,VA,0.04352358004498799,0.0009685991143068129,0.01763647326226252,0.02491850766841866,0.0,0.12883502630127852,0.22301803378251733
seed123_A_step6000,13,prediction,expression,0.08795587483734557,0.0009602098468689107,0.02858449824406819,0.05841116674640847,0.0,0.10707736901897473,0.19714566785888551
seed123_A_step6000,13,processed_targets,AU,0.20945716235498482,0.0697869770767937,0.10824291001297616,0.031427275265214966,0.0,0.016664572425828972,0.03332914397430527
seed123_A_step6000,13,processed_targets,VA,0.1593148881603869,0.10749029842258206,0.04620577341039,0.00561881632741478,5.551115123125783e-17,0.019371481681564405,0.023205508916296618
seed123_A_step6000,13,processed_targets,expression,0.1311833076118733,0.06605780927022732,0.053911604445000386,0.011213893896645618,2.7755575615628914e-17,0.013136940449993958,0.01749871796942544
seed123_A_step6000,14,prediction,AU,0.12271117846279221,0.0013213021653178693,0.03343695659641292,0.08795291970106145,2.7755575615628914e-17,0.11352068823484886,0.2218641623442097
seed123_A_step6000,14,prediction,VA,0.03881555095262941,0.0003380580414357954,0.016841529436086345,0.021635963475107278,6.938893903907228e-18,0.1198065866468194,0.20780498347645135
seed123_A_step6000,14,prediction,expression,0.08653616709811615,0.0004037934834337455,0.031163525327727648,0.05496884828695475,0.0,0.10456032354244606,0.19240266937003436
seed123_A_step6000,14,processed_targets,AU,0.2072061812379273,0.06748104148800976,0.1074540387169117,0.032271101033005796,5.551115123125783e-17,0.01765026083012021,0.035300967937084086
seed123_A_step6000,14,processed_targets,VA,0.1360702987851601,0.09206057312897606,0.03889015961235525,0.005119566043828773,2.7755575615628914e-17,0.018688124917020033,0.02248358901044161
seed123_A_step6000,14,processed_targets,expression,0.12756763751507277,0.06664152136264107,0.04987674273777285,0.01104937341465888,2.7755575615628914e-17,0.013123661503389237,0.017441978016523318
seed123_A_step6000,15,prediction,AU,0.20348162930700506,0.007891965380221768,0.07725783031825795,0.11833183360852531,2.7755575615628914e-17,0.1535852233374257,0.29877539869829994
seed123_A_step6000,15,prediction,VA,0.0802976814542569,0.005016809514045431,0.04684431922625269,0.02843655271395879,0.0,0.13018413850940136,0.22585465692051365
seed123_A_step6000,15,prediction,expression,0.10506453008831794,0.00457165518419031,0.05288359543569303,0.047609279468434594,1.3877787807814457e-17,0.09717614300526577,0.17750888897544115
seed123_A_step6000,15,processed_targets,AU,0.1945005611672279,0.04312515654109369,0.11812203762276714,0.033253367003367,5.551115123125783e-17,0.016937847397675593,0.03387596899224806
seed123_A_step6000,15,processed_targets,VA,0.1316328889881215,0.07155865080863952,0.05352212251404739,0.006552115665434527,5.551115123125783e-17,0.023029101721776774,0.028492663029479608
seed123_A_step6000,15,processed_targets,expression,0.12687575715812907,0.04183202126579757,0.06928748202068417,0.01575625387164736,2.7755575615628914e-17,0.019624858219690552,0.027130126851084728
seed123_A_step6000,16,prediction,AU,0.20033040079219958,0.009643939454683283,0.0826305101359428,0.10805595120157348,2.7755575615628914e-17,0.14170682658483766,0.27518038772189646
seed123_A_step6000,16,prediction,VA,0.08684855429179653,0.004642677235286036,0.055237966756258305,0.02696791030025218,0.0,0.12436023673797877,0.21546159577457666
seed123_A_step6000,16,prediction,expression,0.11241231399676993,0.004252254722421711,0.0627337568504681,0.04542630242388012,0.0,0.09381788342448837,0.17207547997375955
seed123_A_step6000,16,processed_targets,AU,0.2012671104284008,0.0541602509983066,0.1190202576209117,0.028086601809182453,2.7755575615628914e-17,0.0138929889298893,0.02778085564789166
seed123_A_step6000,16,processed_targets,VA,0.17404548732732894,0.11847357060056365,0.04961477388318572,0.005957142843579593,2.7755575615628914e-17,0.019805289239612344,0.023070388689245047
seed123_A_step6000,16,processed_targets,expression,0.13573881164485535,0.0526468020952153,0.06957443381604136,0.013517575733598687,0.0,0.016149557639473528,0.021436163318733818
seed123_A_step6000,17,prediction,AU,0.14373261509549926,0.001241119467729773,0.041656366412535686,0.10083512921523384,2.7755575615628914e-17,0.12747785017208244,0.2496605154394298
seed123_A_step6000,17,prediction,VA,0.046995597080704554,0.0011307056391758644,0.0207757580556164,0.025089133385912284,6.938893903907228e-18,0.1269413903036209,0.22010489661275337
seed123_A_step6000,17,prediction,expression,0.09753511728559154,0.0017493598420705758,0.036013624851509926,0.059772132592011036,0.0,0.11155093855460325,0.2052950337171099
seed123_A_step6000,17,processed_targets,AU,0.20866970975135304,0.07764507276810785,0.11011773033660895,0.020906906646636237,0.0,0.011224967490247074,0.02245057232049948
seed123_A_step6000,17,processed_targets,VA,0.09929126538310552,0.0590086892351138,0.03596976331683595,0.004312812831155814,4.163336342344337e-17,0.015847896866897613,0.019791105651450765
seed123_A_step6000,17,processed_targets,expression,0.10677838721111407,0.05227582085383457,0.04506870645124438,0.009433859906035116,1.3877787807814457e-17,0.012249337402954134,0.017038076027889325
seed123_A_step6000,18,prediction,AU,0.16220589601846946,0.004270536820003974,0.0536750908891754,0.10426026830929006,2.7755575615628914e-17,0.1327777399095846,0.2594373891851444
seed123_A_step6000,18,prediction,VA,0.057025572560323805,0.002636942512190587,0.03114641582769623,0.02324221422043699,6.938893903907228e-18,0.1213642704440755,0.21013085198162676
seed123_A_step6000,18,prediction,expression,0.0896558012305982,0.002593119287243731,0.03982351105256112,0.04723917089079334,1.3877787807814457e-17,0.09056301025849084,0.16684494804520555
seed123_A_step6000,18,processed_targets,AU,0.23011415280014316,0.07705231238379737,0.12481370419638992,0.028248136219955863,2.7755575615628914e-17,0.014641533752215241,0.02928755641521599
seed123_A_step6000,18,processed_targets,VA,0.19054302888597324,0.13543351519137517,0.04900408820589061,0.006105425488707479,2.7755575615628914e-17,0.02030211714942165,0.02490340477617627
seed123_A_step6000,18,processed_targets,expression,0.1359043907256277,0.06151683351960703,0.06133057804826053,0.013056979157760135,0.0,0.015509365787393047,0.021541623762903098
seed123_A_step6000,19,prediction,AU,0.15144448289424467,0.0030706045104707653,0.05083531867129374,0.09753855971248016,0.0,0.12644482604251356,0.24590069421466468
seed123_A_step6000,19,prediction,VA,0.06436338220542052,0.004505475946443242,0.03084809779922998,0.029009808459747294,1.3877787807814457e-17,0.1334145271175661,0.2316013818259934
seed123_A_step6000,19,prediction,expression,0.09607484972250757,0.002127810232345566,0.04130908781810232,0.052637951672059674,0.0,0.10225559146593374,0.18781713208331885
seed123_A_step6000,19,processed_targets,AU,0.2346438258386867,0.07892658433874176,0.1285918435415705,0.027125397958374403,2.7755575615628914e-17,0.01479005998286204,0.02958708386912416
seed123_A_step6000,19,processed_targets,VA,0.19257229116277552,0.14098080824914105,0.04641370312185704,0.005177779791777421,0.0,0.018985714478739046,0.023283440873994497
seed123_A_step6000,19,processed_targets,expression,0.1333918669786181,0.06278124990261445,0.05891295662290627,0.011697660453097366,0.0,0.014929781710754458,0.02072338354077576
seed123_A_step6000,20,prediction,AU,0.18375379806756148,0.007093534755650869,0.07421285623224541,0.10244740707966524,5.551115123125783e-17,0.1304632720675039,0.25460895532603045
seed123_A_step6000,20,prediction,VA,0.05638205855486317,0.00350558195807569,0.03226620547274195,0.020610271124045527,0.0,0.11017844900898782,0.19108175556903137
seed123_A_step6000,20,prediction,expression,0.09403657389181017,0.005660139971319067,0.0478914918134032,0.04048494210708788,1.3877787807814457e-17,0.08117445333470137,0.14892063239618814
seed123_A_step6000,20,processed_targets,AU,0.21235547540326624,0.08139439446520376,0.11957100646322694,0.011390074474835522,2.7755575615628914e-17,0.006606498194945848,0.0132128876844324
seed123_A_step6000,20,processed_targets,VA,0.21174766731006267,0.1417544823428278,0.06754584040234508,0.002447344564889897,1.3877787807814457e-16,0.011527246631856752,0.015091350102879599
seed123_A_step6000,20,processed_targets,expression,0.12077157030332707,0.05873854572751243,0.05650383528843367,0.005529189287380982,1.3877787807814457e-17,0.009006341831006385,0.01254458764032251
seed123_A_step6000,21,prediction,AU,0.2108450885815852,0.017824393706776277,0.08932511079361584,0.10369558408119306,2.7755575615628914e-17,0.13351885381966097,0.2604910519219897
seed123_A_step6000,21,prediction,VA,0.08940579126806286,0.011252173099101695,0.05537719740170325,0.0227764207672579,1.3877787807814457e-17,0.11432648707762064,0.1978548403006742
seed123_A_step6000,21,prediction,expression,0.11214185868407152,0.008578461073942084,0.06758911639732773,0.03597428121280169,1.3877787807814457e-17,0.0800468458378449,0.14610979305781852
seed123_A_step6000,21,processed_targets,AU,0.23856354393609297,0.07009898044911501,0.15587051846156036,0.012594045025417572,2.7755575615628914e-17,0.007491004252535165,0.014990176817288802
seed123_A_step6000,21,processed_targets,VA,0.22514086568780659,0.1189727430593367,0.10343673318613276,0.002731389442337112,0.0,0.01183893456707788,0.015675690301926348
seed123_A_step6000,21,processed_targets,expression,0.11365595646202407,0.040198206348910054,0.06738759364600679,0.0060701564671072185,1.3877787807814457e-17,0.010348436666961955,0.014831078346856718
seed123_A_step6000,22,prediction,AU,0.18752356783440755,0.011185758566655808,0.07123917656830098,0.10509863269945073,2.7755575615628914e-17,0.13440743940673225,0.26185779528661074
seed123_A_step6000,22,prediction,VA,0.07659064592942033,0.009023977722619302,0.04483266841565161,0.022733999791149415,0.0,0.11540384811681352,0.19975180051917338
seed123_A_step6000,22,prediction,expression,0.09284268758496987,0.006686915859585417,0.04630295259826142,0.03985281912712304,1.3877787807814457e-17,0.08105779059344413,0.1485311601200713
seed123_A_step6000,22,processed_targets,AU,0.26949336502277677,0.09353136524095947,0.16097348720506946,0.01498851257674787,5.551115123125783e-17,0.008137044967880086,0.016291532690246517
seed123_A_step6000,22,processed_targets,VA,0.24341571424646732,0.15757480594656645,0.08321938076697824,0.002621527532922651,2.7755575615628914e-17,0.012729187003223173,0.01671782831750243
seed123_A_step6000,22,processed_targets,expression,0.13092043086411825,0.05947829241592443,0.06460202181871876,0.0068401166294751,2.7755575615628914e-17,0.010747152036277753,0.015078347196420145
seed123_A_step6000,23,prediction,AU,0.15315831200681584,0.008021290461198516,0.05810674023389647,0.08703028131172084,0.0,0.11230180439179441,0.21903959139597523
seed123_A_step6000,23,prediction,VA,0.05742962814726911,0.005537838924206154,0.032916840692694016,0.018974948530368938,0.0,0.10629127815300862,0.18453791934389735
seed123_A_step6000,23,prediction,expression,0.08699455444266259,0.004556283749774303,0.04274890374249804,0.03968936695039026,1.3877787807814457e-17,0.08280220507072422,0.15170328487317322
seed123_A_step6000,23,processed_targets,AU,0.2507932480530007,0.07423397763167508,0.1626439516772723,0.013915318744053282,0.0,0.008438095238095238,0.016873212583412775
seed123_A_step6000,23,processed_targets,VA,0.2530284007974883,0.14777730366305078,0.10204679938595135,0.0032042977484861928,5.551115123125783e-17,0.013168824201183659,0.01757549013644173
seed123_A_step6000,23,processed_targets,expression,0.12323646016257107,0.055365924907043944,0.062048553743917344,0.005821981511609765,1.3877787807814457e-17,0.009463605825791293,0.013434945874140252
seed123_A_step6000,24,prediction,AU,0.17847589107899203,0.01798648272356186,0.0731073468689483,0.0873820614864819,2.7755575615628914e-17,0.1114945949997439,0.21784918252777452
seed123_A_step6000,24,prediction,VA,0.06997565122562661,0.003545365533763504,0.04202085287990306,0.024409432811960046,0.0,0.11650874768961611,0.20179750136961264
seed123_A_step6000,24,prediction,expression,0.0922737971159421,0.007468173881601931,0.0459953186903005,0.038810304544039644,1.3877787807814457e-17,0.08064970601345621,0.14760126299076387
seed123_A_step6000,24,processed_targets,AU,0.27179498690609805,0.09261086888337168,0.16044356433772822,0.018740553684998128,5.551115123125783e-17,0.010711156049882035,0.021437246963562754
seed123_A_step6000,24,processed_targets,VA,0.2494452398422124,0.14968728568123862,0.09685606032335602,0.002901893837617689,5.551115123125783e-17,0.013355852982935216,0.016860789498917547
seed123_A_step6000,24,processed_targets,expression,0.13096644303967833,0.05678711353868336,0.06820164021559728,0.0059776892853976756,0.0,0.009206745087098013,0.012693690286955566
seed123_A_step6000,25,prediction,AU,0.19377432329396896,0.007340764276394307,0.08152398468339181,0.10490957433418288,2.7755575615628914e-17,0.1341875414641943,0.2618950278649101
seed123_A_step6000,25,prediction,VA,0.07871791012299698,0.003905977151081206,0.04641984626011319,0.028392086711802572,0.0,0.12908171602415314,0.22391061802415463
seed123_A_step6000,25,prediction,expression,0.09062210620036437,0.004426418794503183,0.04721085700823393,0.03898483039762725,1.3877787807814457e-17,0.07975178468871642,0.14693070134999897
seed123_A_step6000,25,processed_targets,AU,0.27182174043962665,0.10778624202231181,0.1438284824582663,0.02020701595904848,5.551115123125783e-17,0.010512037978975925,0.021038696537678207
seed123_A_step6000,25,processed_targets,VA,0.2828012951311254,0.19283071416845246,0.0868596977535209,0.003110883209152082,5.551115123125783e-17,0.013629683231440348,0.017387510668069064
seed123_A_step6000,25,processed_targets,expression,0.1252543943817122,0.05879747955019442,0.06042470186524856,0.00603221296626927,2.7755575615628914e-17,0.009468579711873178,0.013321893085708239
seed123_A_step6000,26,prediction,AU,0.17107279034361178,0.006649978736641627,0.06526831214888064,0.09915449945808953,0.0,0.12644200985892043,0.2473027503757571
seed123_A_step6000,26,prediction,VA,0.05926332129046764,0.0021704473113384297,0.03561558054196188,0.02147729343716733,0.0,0.11252309415574789,0.19563318219885753
seed123_A_step6000,26,prediction,expression,0.10010680942238546,0.002800271606560581,0.05165250916752612,0.04565402864829878,1.3877787807814457e-17,0.09404719130246433,0.1718760745930848
seed123_A_step6000,26,processed_targets,AU,0.24096458808419177,0.08890580086434575,0.13589383741512268,0.016164949804723334,2.7755575615628914e-17,0.008748819641170916,0.017495865816206
seed123_A_step6000,26,processed_targets,VA,0.20947185340724098,0.11433469182313374,0.09221941365950481,0.0029177479246024554,2.7755575615628914e-17,0.013024868430812492,0.01673385966753998
seed123_A_step6000,26,processed_targets,expression,0.11726088065006636,0.04617722302031709,0.06555778745250351,0.005525870177245754,0.0,0.0085773309992903,0.011749820982227089
seed123_A_step6000,27,prediction,AU,0.19215854590009768,0.008765745418769155,0.07441158260808337,0.10898121787324516,0.0,0.13920336659221902,0.2716428273739639
seed123_A_step6000,27,prediction,VA,0.07526324340963915,0.0014393992621356386,0.049180978127592666,0.024642866019910833,1.3877787807814457e-17,0.11999064157172769,0.20844542415078976
seed123_A_step6000,27,prediction,expression,0.10411365234215932,0.003957513301396038,0.05776252485767433,0.04239361418308897,1.3877787807814457e-17,0.08653466446674071,0.15894048388026624
seed123_A_step6000,27,processed_targets,AU,0.2657419202642133,0.11747442424980055,0.13080848445508272,0.017459011559330034,5.551115123125783e-17,0.009837981407702524,0.019670388091440724
seed123_A_step6000,27,processed_targets,VA,0.2003246079105433,0.12084499845587267,0.07646529425281204,0.003014315201858593,2.7755575615628914e-17,0.01305040766488746,0.01678147410002479
seed123_A_step6000,27,processed_targets,expression,0.10875559467550461,0.04849714977011053,0.05497897410492642,0.005279470800467613,4.163336342344337e-17,0.008058316339143314,0.010606889437365041
seed123_A_step6000,28,prediction,AU,0.1990754180462562,0.023978579347104383,0.07795185141303644,0.0971449872861154,2.7755575615628914e-17,0.12663013452450408,0.24681632938056774
seed123_A_step6000,28,prediction,VA,0.0894877998659467,0.013006687819314806,0.0536480673224574,0.022833044724174495,1.3877787807814457e-17,0.11353437796724597,0.19493874162556746
seed123_A_step6000,28,prediction,expression,0.10639060101238071,0.012065089960140853,0.05793924476833979,0.03638626628390006,1.3877787807814457e-17,0.07748658532099273,0.1414408714569353
seed123_A_step6000,28,processed_targets,AU,0.2592811839323467,0.12647209595338804,0.11107547275697134,0.021733615221987312,5.551115123125783e-17,0.010932203389830508,0.0218966737438075
seed123_A_step6000,28,processed_targets,VA,0.21182568803727972,0.1368515421907439,0.07187079767957674,0.0031033481669590908,2.7755575615628914e-17,0.014886630111437102,0.018586591372539284
seed123_A_step6000,28,processed_targets,expression,0.14387483939753906,0.0869448622468369,0.04998968384665655,0.006940293304045569,2.7755575615628914e-17,0.01226225748474701,0.016653176113246806
seed123_A_step6000,29,prediction,AU,0.1582551294224307,0.018430751392348014,0.05889564562657737,0.0809287324035053,0.0,0.10586779970441096,0.20566931058656618
seed123_A_step6000,29,prediction,VA,0.056231627143800804,0.010816057063366781,0.028327905017728493,0.017087665062705537,6.938893903907228e-18,0.09873086021952698,0.17114064751269922
seed123_A_step6000,29,prediction,expression,0.09890476099933627,0.011966563265333756,0.04718189247577032,0.039756305258232205,1.3877787807814457e-17,0.08242765720064703,0.1504503517848887
seed123_A_step6000,29,processed_targets,AU,0.24862745098039218,0.12828182253293471,0.10169250052962361,0.0186531279178338,5.551115123125783e-17,0.009642105263157895,0.01929676511954993
seed123_A_step6000,29,processed_targets,VA,0.18906906112999144,0.13263383071287915,0.053442843038218536,0.0029923873788938035,2.7755575615628914e-17,0.015730845528997874,0.019845596635281914
seed123_A_step6000,29,processed_targets,expression,0.1424045651009162,0.08846158858637794,0.04687387880665628,0.007069097707881997,0.0,0.012107779507703318,0.01609106563640317
seed123_A_step6000,30,prediction,AU,0.14853680200922617,0.007773234357166857,0.06111696788744495,0.0796465997646144,2.7755575615628914e-17,0.10299289136087394,0.20075445035906436
seed123_A_step6000,30,prediction,VA,0.04317673838271182,0.0012379271879018414,0.028338163849345583,0.0136006473454644,6.938893903907228e-18,0.09005647998322508,0.1556719185021436
seed123_A_step6000,30,prediction,expression,0.08600573157042123,0.0033153635112245883,0.0491087432161915,0.033581624843005156,1.3877787807814457e-17,0.07238049311461214,0.13191912524952637
seed123_A_step6000,30,processed_targets,AU,0.23743025493025496,0.10952294180987364,0.11521716761773582,0.012690145502645503,0.0,0.006623341456810181,0.013252032520325203
seed123_A_step6000,30,processed_targets,VA,0.1646772637085515,0.09716192439098756,0.06548179557405241,0.0020335437435115063,5.551115123125783e-17,0.010761917334966889,0.01373465528227086
seed123_A_step6000,30,processed_targets,expression,0.11148765095631016,0.06760520579837284,0.03999828047072708,0.0038841646872102334,1.3877787807814457e-17,0.006682865182712328,0.008812656369170925
seed123_A_step6000,31,prediction,AU,0.1793923937883745,0.009304898176066846,0.07343743251316068,0.09665006309914695,2.7755575615628914e-17,0.12384030018217848,0.24187968704813242
seed123_A_step6000,31,prediction,VA,0.07243849935385233,0.006046438119509999,0.04301727330826876,0.023374787926073556,1.3877787807814457e-17,0.11611073277037327,0.20194395981647353
seed123_A_step6000,31,prediction,expression,0.10107872284368437,0.005662345405455879,0.05465909927118076,0.04075727816704774,1.3877787807814457e-17,0.08281849790690052,0.1523535085263133
seed123_A_step6000,31,processed_targets,AU,0.2635879097488293,0.14141531686264147,0.10486544090662203,0.017307151979565772,0.0,0.009796701189106253,0.019585253456221197
seed123_A_step6000,31,processed_targets,VA,0.1640721201320926,0.10303531551211119,0.057494697333360024,0.003542107286621403,2.7755575615628914e-17,0.013944843441025022,0.018058831442130326
seed123_A_step6000,31,processed_targets,expression,0.12277153026098651,0.07977099678605074,0.03749406723528712,0.005506466239648654,1.3877787807814457e-17,0.008718460487350874,0.011509564033613903
seed123_A_step6000,32,prediction,AU,0.14430706124473802,0.015563192617001658,0.05665180287641249,0.07209206575132385,2.7755575615628914e-17,0.09195667493861202,0.17989062846548093
seed123_A_step6000,32,prediction,VA,0.06390556861568052,0.011909714478274441,0.03455928395596477,0.017436570181441315,1.3877787807814457e-17,0.10025797853695993,0.1741486020048427
seed123_A_step6000,32,prediction,expression,0.1112139270705316,0.015392941631953911,0.05867756993706027,0.0371434155015174,2.7755575615628914e-17,0.08149913051461022,0.14862832709708856
seed123_A_step6000,32,processed_targets,AU,0.27253782965845225,0.12226680752729592,0.13054916019139548,0.01972186193976077,5.551115123125783e-17,0.011176088369070825,0.022356770833333334
seed123_A_step6000,32,processed_targets,VA,0.24512656260807542,0.17252385703130488,0.0699590468166696,0.0026436587601009025,2.7755575615628914e-17,0.014278478874347479,0.017988823960331503
seed123_A_step6000,32,processed_targets,expression,0.1457779358136448,0.06810918719593123,0.07104126465936467,0.006627483958348884,0.0,0.010989704857267885,0.01510370547564303
seed123_A_step6000,33,prediction,AU,0.22311314670320787,0.03261998022296459,0.0824705800288242,0.10802258645141913,5.551115123125783e-17,0.14028014869313835,0.2730400433805534
seed123_A_step6000,33,prediction,VA,0.09594341196057829,0.020895398353120914,0.04477326239933988,0.030274751208117484,1.3877787807814457e-17,0.12737459700895754,0.22058505803726863
seed123_A_step6000,33,prediction,expression,0.1146510650434811,0.015574948667759892,0.055363986084085236,0.04371213029163596,2.7755575615628914e-17,0.08622661405138933,0.15809230179854492
seed123_A_step6000,33,processed_targets,AU,0.24939921927068462,0.08924921194018015,0.1413326218216022,0.018817385508902218,5.551115123125783e-17,0.008986254295532646,0.01801894918173988
seed123_A_step6000,33,processed_targets,VA,0.17956019031814183,0.1049181615317297,0.07119072098088866,0.0034513078055234763,0.0,0.013660370597385408,0.016701427445499087
seed123_A_step6000,33,processed_targets,expression,0.13282732667082556,0.04747034504163815,0.07935566263374698,0.006001318995440429,0.0,0.009232500664223684,0.012066729587340124
seed123_A_step6000,34,prediction,AU,0.15093060418850693,0.0050928921408160445,0.0532457318643622,0.09259198018332866,2.7755575615628914e-17,0.1184598585534563,0.23138740380497835
seed123_A_step6000,34,prediction,VA,0.0595336061900623,0.004593656421095891,0.03408272796081159,0.02085722180815482,0.0,0.11193647542019801,0.1941308284885539
seed123_A_step6000,34,prediction,expression,0.08936932341145377,0.004038626971560197,0.04291900870787556,0.04241168773201802,0.0,0.08420964438589033,0.15482559063254986
seed123_A_step6000,34,processed_targets,AU,0.26802078639872645,0.11234410280131192,0.141604862384474,0.014071821212940434,1.1102230246251565e-16,0.008035714285714285,0.016051990251827783
seed123_A_step6000,34,processed_targets,VA,0.21745473910078983,0.13405903862661178,0.08074121615181655,0.0026544843223614235,5.551115123125783e-17,0.012655917684511318,0.01640364477860308
seed123_A_step6000,34,processed_targets,expression,0.11933006164309697,0.04971783408886726,0.06459994027259355,0.005012287281636134,1.3877787807814457e-17,0.009090190196512355,0.012733511197074589
seed123_A_step6000,35,prediction,AU,0.16204665271490795,0.011910577552800774,0.05976411313662911,0.09037196202547806,0.0,0.11498904841135223,0.22499597218636427
seed123_A_step6000,35,prediction,VA,0.05875066679804246,0.0032724719376778007,0.03626181110394426,0.0192163837564204,0.0,0.10732904889152853,0.18590519148778875
seed123_A_step6000,35,prediction,expression,0.08995521790743603,0.005270160617609623,0.04544953924611929,0.03923551804370712,0.0,0.07993446247724416,0.14645088288406027
seed123_A_step6000,35,processed_targets,AU,0.28168789980110737,0.1201117755949752,0.14310329724273912,0.018472826963393002,5.551115123125783e-17,0.011269379844961241,0.022542455118874333
seed123_A_step6000,35,processed_targets,VA,0.2265192974578596,0.13867855763602335,0.08515937190594447,0.00268136791589181,2.7755575615628914e-17,0.013574068503031984,0.017015951462198465
seed123_A_step6000,35,processed_targets,expression,0.14086405343503774,0.06905168107629481,0.06775081984787314,0.004061552510869802,2.7755575615628914e-17,0.007456053338300907,0.009802194669115857
seed123_A_step6000,36,prediction,AU,0.2181243456380899,0.024796935831847795,0.08032120810187632,0.11300620170436582,0.0,0.14473369385596094,0.2819978664702332
seed123_A_step6000,36,prediction,VA,0.10627247740371705,0.014069075851494677,0.06276916181520811,0.029434239737014287,2.7755575615628914e-17,0.12869028255464984,0.22379183663635105
seed123_A_step6000,36,prediction,expression,0.11928149126068076,0.013542520347139377,0.06835842971111751,0.03738054120242387,0.0,0.0755767400372805,0.1397654521287015
seed123_A_step6000,36,processed_targets,AU,0.30744132083891124,0.183221664166707,0.10982754855720452,0.01439210811499968,5.551115123125783e-17,0.008421900161030596,0.016868442292171104
seed123_A_step6000,36,processed_targets,VA,0.254196325589748,0.18137927479286695,0.07091049257306563,0.0019065582238155065,1.1102230246251565e-16,0.012361690435324603,0.015591654104809784
seed123_A_step6000,36,processed_targets,expression,0.1474228907907764,0.09402613863667676,0.04951965834644386,0.0038770938076557377,2.7755575615628914e-17,0.007518265510166025,0.00970454688781016
seed123_A_step6000,37,prediction,AU,0.1997299724265771,0.01654556784449692,0.08129915671615527,0.10188524786592491,2.7755575615628914e-17,0.13093627936082225,0.25608259382764825
seed123_A_step6000,37,prediction,VA,0.08991513424482137,0.007546198267745693,0.06190724511707933,0.02046169085999635,0.0,0.10842029916122058,0.1881386923222115
seed123_A_step6000,37,prediction,expression,0.09926225086880072,0.007825950772547656,0.05878707564403155,0.032649224452221536,2.7755575615628914e-17,0.07204634461858181,0.13182039497443623
seed123_A_step6000,37,processed_targets,AU,0.28193333333333337,0.11582062962962962,0.1486593086419753,0.017453395061728397,5.551115123125783e-17,0.009961046188091262,0.019899665551839463
seed123_A_step6000,37,processed_targets,VA,0.19097583941381632,0.09225232701364572,0.09516260586911073,0.003560906531059864,0.0,0.016978620126134467,0.021471274089392114
seed123_A_step6000,37,processed_targets,expression,0.12953286737459935,0.051108807432887954,0.07252282918546066,0.0059012307562507135,2.7755575615628914e-17,0.010235911526918802,0.013096772199979775
seed123_A_step6000,38,prediction,AU,0.218448057560543,0.013298615786073047,0.09561960846522047,0.1095298333092495,2.7755575615628914e-17,0.13864076221520535,0.2705915268036229
seed123_A_step6000,38,prediction,VA,0.07559374949248794,0.00969812773512205,0.041316757533110496,0.024578864224255394,0.0,0.11563540944552292,0.20087641220992344
seed123_A_step6000,38,prediction,expression,0.10011641242034307,0.0061051322589185655,0.05122781047538969,0.042783469686034796,1.3877787807814457e-17,0.08537770076652462,0.15723925592080445
seed123_A_step6000,38,processed_targets,AU,0.3116676897892368,0.14849822815771488,0.1471604678969296,0.016008993734592265,1.1102230246251565e-16,0.00932349323493235,0.01866913123844732
seed123_A_step6000,38,processed_targets,VA,0.25474567280840915,0.1331709153741478,0.11850067854867147,0.0030740788855899916,5.551115123125783e-17,0.014421248717089202,0.01807807470584037
seed123_A_step6000,38,processed_targets,expression,0.14528141672859599,0.07082133319756105,0.06980082232724157,0.004659261203793373,0.0,0.008986022984099444,0.011555437541104841
seed123_A_step6000,39,prediction,AU,0.20421167509283344,0.0166862371445764,0.08544302805341886,0.10208240989483819,0.0,0.13004421428389043,0.2540612227714211
seed123_A_step6000,39,prediction,VA,0.08042554036589775,0.013156841339082709,0.043933114535112616,0.023335584491702425,0.0,0.11775922833475651,0.20430450495306432
seed123_A_step6000,39,prediction,expression,0.12318087392671313,0.013840394861113587,0.058286525074325586,0.05105395399127396,1.3877787807814457e-17,0.09940202264160651,0.1826661358740941
seed123_A_step6000,39,processed_targets,AU,0.27595463680735,0.11555021956034515,0.1444612647922245,0.01594315245478036,0.0,0.009320388349514564,0.018651102464332037
seed123_A_step6000,39,processed_targets,VA,0.2563345130507909,0.1357963792730071,0.11793344731176611,0.0026046864660177428,5.551115123125783e-17,0.014812337645483249,0.018768203347660457
seed123_A_step6000,39,processed_targets,expression,0.12856895649522007,0.05806814539294798,0.06625721371769168,0.004243597384580414,0.0,0.008308542377563854,0.010793056303722315
seed123_A_step6000,40,prediction,AU,0.14882084012683586,0.02895656547743566,0.05360208070545879,0.06626219394394141,0.0,0.0866981106606245,0.16862774562548977
seed123_A_step6000,40,prediction,VA,0.06147584736834756,0.01487907145437289,0.02797905651035789,0.018617719403616787,0.0,0.09648283784950898,0.16761360712137682
seed123_A_step6000,40,prediction,expression,0.11018984770510595,0.032342007613340336,0.04223371515581578,0.03561412493594985,0.0,0.07750549024494362,0.14151584679783683
seed123_A_step6000,40,processed_targets,AU,0.255356020226869,0.17550973394112787,0.06631458906400696,0.013531697221734123,0.0,0.0066172839506172835,0.013258983890954151
seed123_A_step6000,40,processed_targets,VA,0.16593237983658213,0.118619901674809,0.04385689560955917,0.003455582552214035,8.326672684688674e-17,0.015080020387691481,0.01786297818500424
seed123_A_step6000,40,processed_targets,expression,0.14036967731386518,0.09501586365759487,0.03771471734445514,0.0076390963118151784,0.0,0.012237845308300573,0.015774624090780634
seed123_A_step6000,41,prediction,AU,0.20251405307164655,0.028395439649590227,0.0766083694289164,0.09751024399313998,5.551115123125783e-17,0.1278463023099022,0.2480978758107319
seed123_A_step6000,41,prediction,VA,0.0889118197149637,0.010870075424962173,0.05579189522555451,0.022249849064447023,0.0,0.11060044853554156,0.19245586400112297
seed123_A_step6000,41,prediction,expression,0.10516235296450314,0.012617558712507668,0.05880170737923766,0.03374308687275781,1.3877787807814457e-17,0.07441159063029965,0.13548734091500744
seed123_A_step6000,41,processed_targets,AU,0.25408132202652756,0.10678029073225169,0.12601980038486488,0.02128123090941095,0.0,0.011254901960784314,0.022540929927963325
seed123_A_step6000,41,processed_targets,VA,0.1586898264028186,0.09598002349176374,0.0593190779243889,0.0033907249866659546,0.0,0.01648785817455135,0.020836287953530406
seed123_A_step6000,41,processed_targets,expression,0.14683856661761963,0.08503355301081465,0.05415113414160637,0.007653879465198623,2.7755575615628914e-17,0.010847138375846038,0.014141171108561999
seed123_A_step6000,42,prediction,AU,0.1547663677901105,0.005299326628578171,0.05862545399818244,0.09084158716334986,0.0,0.1161231741303299,0.22662352289312174
seed123_A_step6000,42,prediction,VA,0.05128845392016383,0.0018537290806325795,0.03059438896103971,0.01884033587849154,0.0,0.10770297595212161,0.1876734517446746
seed123_A_step6000,42,prediction,expression,0.0920076239575377,0.002806686474791675,0.0468800355758044,0.042320901906941634,0.0,0.08611024254297223,0.15799498556497268
seed123_A_step6000,42,processed_targets,AU,0.21933936899862827,0.12136344662907078,0.089094989584921,0.008880932784636489,0.0,0.004981467753891772,0.009960435212660731
seed123_A_step6000,42,processed_targets,VA,0.11229469516043401,0.06265223699124067,0.047792382572056674,0.001850075597136656,1.3877787807814457e-17,0.008730122479047486,0.01174975372408724
seed123_A_step6000,42,processed_targets,expression,0.10347256593839793,0.0649861209169443,0.035559889828621405,0.002926555192832197,2.7755575615628914e-17,0.005755895303278983,0.008333601708875852
seed123_A_step6000,43,prediction,AU,0.15879436743905678,0.007961457723599616,0.06885320654413492,0.08197970317132224,0.0,0.10643922276293023,0.2070051546706369
seed123_A_step6000,43,prediction,VA,0.07004937530358524,0.0045714689488129,0.046593822500607326,0.01888408385416501,0.0,0.10281058845914248,0.17790609950192435
seed123_A_step6000,43,prediction,expression,0.10055613981446335,0.004757388672042404,0.06219021155067379,0.033608539591747165,0.0,0.07701014354042855,0.1392122171639997
seed123_A_step6000,43,processed_targets,AU,0.2530569584736252,0.14086309884408058,0.10455654902348402,0.007637310606060606,0.0,0.004322274881516588,0.008646426312460468
seed123_A_step6000,43,processed_targets,VA,0.17856045368966378,0.11342380500651213,0.0632389078357489,0.0018977408474027714,2.7755575615628914e-17,0.008954813710603669,0.011529165575726124
seed123_A_step6000,43,processed_targets,expression,0.10571862941515127,0.05918049703670235,0.043485964513873175,0.003052167864575759,0.0,0.005712681507204692,0.008120902152403011
seed123_A_step6000,44,prediction,AU,0.19882828654419657,0.0038562205090020797,0.07484289634327945,0.12012916969191503,0.0,0.15562700508400956,0.3028758205952419
seed123_A_step6000,44,prediction,VA,0.07180712070647298,0.0018773064657692145,0.042410945699060565,0.027518868541643187,1.3877787807814457e-17,0.12899443946631342,0.22347390726937244
seed123_A_step6000,44,prediction,expression,0.1071879398507655,0.0033826247123935086,0.051233111368383835,0.05257220376998815,0.0,0.10529977358506501,0.19262212177125163
seed123_A_step6000,44,processed_targets,AU,0.24933832709113612,0.06489922794279482,0.16904003522104874,0.015399063927292532,2.7755575615628914e-17,0.00832917013599778,0.016654171872830765
seed123_A_step6000,44,processed_targets,VA,0.27001607386550686,0.1523416340679466,0.11409076346179452,0.003583676335765784,5.551115123125783e-17,0.014830115384699081,0.01880028842172986
seed123_A_step6000,44,processed_targets,expression,0.13877408197818972,0.05305368788459392,0.07883849690446046,0.006881897189135363,2.7755575615628914e-17,0.009628511102598889,0.013158392024063248
seed123_A_step6000,45,prediction,AU,0.139016069172776,0.0028547811031499185,0.04616991104456542,0.08999137702506066,0.0,0.11667311924097837,0.22768143353868622
seed123_A_step6000,45,prediction,VA,0.05037742811779181,0.0023646072201922628,0.028037587956835256,0.01997523294076429,6.938893903907228e-18,0.11279318812414228,0.19556643587326422
seed123_A_step6000,45,prediction,expression,0.09350257064303262,0.0022288925905521815,0.04359906698980704,0.0476746110626734,0.0,0.09357933224088394,0.17160878033110408
seed123_A_step6000,45,processed_targets,AU,0.26384257202560185,0.08169574512067834,0.16614003157116236,0.016006795333761127,0.0,0.009164444444444444,0.018334074403438566
seed123_A_step6000,45,processed_targets,VA,0.24102641745019374,0.13222533884961127,0.10555573235160304,0.003245346248979422,0.0,0.014378529979205794,0.01853338961061728
seed123_A_step6000,45,processed_targets,expression,0.12788570727289067,0.04521937023705445,0.07638908129830964,0.006277255737526599,2.7755575615628914e-17,0.009976065604089873,0.013670885779821345
seed123_A_step6000,46,prediction,AU,0.2045045353450678,0.0023795668424872658,0.06701439157489697,0.13511057692768355,0.0,0.17073628226998408,0.33378149479965863
seed123_A_step6000,46,prediction,VA,0.06565774857434054,0.0025309966926516337,0.035377320765894234,0.027749431115794684,1.3877787807814457e-17,0.13173493616986293,0.22810532025683794
seed123_A_step6000,46,prediction,expression,0.10733781032248595,0.0024977605289364666,0.0456700156220978,0.059170034171451696,1.3877787807814457e-17,0.11593049517788954,0.21324466929166852
seed123_A_step6000,46,processed_targets,AU,0.25263257290379615,0.08096336958663775,0.15790095135796528,0.013768251959193104,0.0,0.007495026225357208,0.014986883763003165
seed123_A_step6000,46,processed_targets,VA,0.19730597540419367,0.08785774190462697,0.10649602453698578,0.0029522089625809143,0.0,0.01291601621402843,0.01639627206479193
seed123_A_step6000,46,processed_targets,expression,0.11796381822109307,0.03614433384829856,0.07568104228455548,0.006138442088239021,1.3877787807814457e-17,0.008695193566113882,0.011749878002129496
seed123_A_step6000,47,prediction,AU,0.16507715334673853,0.0042984711726646255,0.06055226304063877,0.10022641913343512,2.7755575615628914e-17,0.12859588677883851,0.25088821145487145
seed123_A_step6000,47,prediction,VA,0.05657891585191831,0.0019357802931480553,0.03233207890198366,0.022311056656786586,6.938893903907228e-18,0.11581730725619657,0.2007052158683179
seed123_A_step6000,47,prediction,expression,0.10244150882052787,0.0021187750916702394,0.04838200058957191,0.05194073313928574,1.3877787807814457e-17,0.10270964523973514,0.18799094814642273
seed123_A_step6000,47,processed_targets,AU,0.2625876543209877,0.06163403017832648,0.18281288340192042,0.01814074074074074,5.551115123125783e-17,0.010276079303316657,0.020559881349647757
seed123_A_step6000,47,processed_targets,VA,0.2502907905162813,0.10934916517140972,0.13697308292084248,0.0039685424240291515,5.551115123125783e-17,0.0164097788047383,0.020721238740182196
seed123_A_step6000,47,processed_targets,expression,0.14597247803332733,0.04192667893339087,0.09634933394357512,0.007696465156361343,0.0,0.011567844088691185,0.016262856784407666
seed123_A_step6000,48,prediction,AU,0.18152803867422426,0.008693512962755195,0.07983689822563188,0.09299762748583719,0.0,0.11789958830163914,0.23047774833013474
seed123_A_step6000,48,prediction,VA,0.08382591371363395,0.008668263897927684,0.054855654476322784,0.020301995339383476,1.3877787807814457e-17,0.10431434916533014,0.18132950438331757
seed123_A_step6000,48,prediction,expression,0.1012808838491913,0.00660698812875457,0.06235610066465395,0.03231779505578278,1.3877787807814457e-17,0.07382485235000572,0.13371313172857782
seed123_A_step6000,48,processed_targets,AU,0.25013269954446427,0.07289756366220662,0.15534426640315285,0.021890869479104774,0.0,0.011463240542469664,0.022943908538763845
seed123_A_step6000,48,processed_targets,VA,0.1145934790700125,0.05418823814935363,0.05645635990239257,0.003948881018266288,0.0,0.01729013147331152,0.02217670240382577
seed123_A_step6000,48,processed_targets,expression,0.13165768385343843,0.04501873581200378,0.07552820041810478,0.011110747623329888,2.7755575615628914e-17,0.015414446760540022,0.020969794126428187
seed123_A_step6000,49,prediction,AU,0.13830324045156633,0.005342632025680281,0.05328039434823366,0.07968021407765238,0.0,0.10472624606353612,0.20381613927250525
seed123_A_step6000,49,prediction,VA,0.046196909811931114,0.0015055817440612778,0.030129444988038104,0.014561883079831741,1.3877787807814457e-17,0.09365641556747314,0.1625450432728095
seed123_A_step6000,49,prediction,expression,0.08965206735268207,0.004499676468610659,0.049637469340470676,0.035514921543600746,1.3877787807814457e-17,0.07937610168106808,0.14411373111409406
seed123_A_step6000,49,processed_targets,AU,0.22627288552734262,0.1000251201452182,0.10241035017112735,0.02383741521099706,2.7755575615628914e-17,0.013322519599891863,0.02666125541125541
seed123_A_step6000,49,processed_targets,VA,0.1016184139876085,0.06287624617929272,0.03429039793609784,0.004451769872217942,0.0,0.017412558455920542,0.02188900537076769
seed123_A_step6000,49,processed_targets,expression,0.12403406236546552,0.06434370446429029,0.05083681131307719,0.008853546588098046,1.3877787807814457e-17,0.013412978536158837,0.018279092588239253
seed123_A_step6000,50,prediction,AU,0.17699027113587576,0.006259901248493585,0.07548811537964592,0.09524225450773628,2.7755575615628914e-17,0.1209196701012922,0.23619608300484618
seed123_A_step6000,50,prediction,VA,0.10050187990629378,0.00640476945320049,0.07047311859464096,0.023623991858452337,1.3877787807814457e-17,0.11639921955954534,0.20270884104488504
seed123_A_step6000,50,prediction,expression,0.11755340044759632,0.0065700472625136504,0.07151740705286315,0.03946594613221952,0.0,0.08262953956105497,0.1510451730358754
seed123_A_step6000,50,processed_targets,AU,0.23221831091855463,0.10701451581748751,0.10760196151629284,0.017601833584774282,2.7755575615628914e-17,0.009084010840108401,0.01817195551939246
seed123_A_step6000,50,processed_targets,VA,0.1263945320985581,0.056311272232787354,0.06619011973659061,0.0038931401291801625,2.7755575615628914e-17,0.01630829332320671,0.0205854129831271
seed123_A_step6000,50,processed_targets,expression,0.13474045785646613,0.05977851716044052,0.06501515284175327,0.009946787854272322,0.0,0.014329287209416456,0.019957104581918066
seed123_A_step6000,51,prediction,AU,0.16968121141907117,0.007879070727098194,0.07285692679288783,0.08894521389908512,2.7755575615628914e-17,0.11675726033498054,0.22672497174830483
seed123_A_step6000,51,prediction,VA,0.0802917714437227,0.0036534390095733617,0.052512360620411015,0.024125971813738337,1.3877787807814457e-17,0.11661117408233211,0.20144345042666323
seed123_A_step6000,51,prediction,expression,0.10911968347837255,0.0045563298941593625,0.06404267834489362,0.04052067523931957,1.3877787807814457e-17,0.08432612694574425,0.15383751400697257
seed123_A_step6000,51,processed_targets,AU,0.22872427983539098,0.09767395877723135,0.11740377327580934,0.013646547782350252,2.7755575615628914e-17,0.008031774051191527,0.01607773851590106
seed123_A_step6000,51,processed_targets,VA,0.11473576822281696,0.06031097495576203,0.05164843331110619,0.0027763599559487416,0.0,0.01300296603068249,0.01698809772624565
seed123_A_step6000,51,processed_targets,expression,0.12175941966489552,0.055520127797046986,0.059068372071073905,0.007170919796774616,1.3877787807814457e-17,0.01112461769503655,0.015658527840400376
seed123_A_step6000,52,prediction,AU,0.17161217364679118,0.0018838946559348092,0.048324312625211176,0.12140396636564521,2.7755575615628914e-17,0.15472580229263286,0.301840710743388
seed123_A_step6000,52,prediction,VA,0.05124148554815079,0.0010096352642752218,0.0219795663467204,0.028252283937155166,0.0,0.12954098538553874,0.22457558909374714
seed123_A_step6000,52,prediction,expression,0.08732459173990902,0.001574168024550785,0.03370157475304539,0.05204884896231285,1.3877787807814457e-17,0.10252293492440162,0.18851121281098207
seed123_A_step6000,52,processed_targets,AU,0.19574776321265092,0.037729035223629054,0.13118082354665808,0.02683790444236371,5.551115123125783e-17,0.014622183201638864,0.02924950240018733
seed123_A_step6000,52,processed_targets,VA,0.13333876031960198,0.06528075076432766,0.06299516973261428,0.00506283982266012,5.551115123125783e-17,0.01915316718639487,0.023669197783920903
seed123_A_step6000,52,processed_targets,expression,0.11997573827184331,0.04377654088825772,0.06513721965565834,0.01106197772792725,0.0,0.014716384453887484,0.019807152408931817
seed123_A_step6000,53,prediction,AU,0.14531998792148504,0.001259274516270483,0.03764920793461209,0.1064115054706025,5.551115123125783e-17,0.13722648939884605,0.2678853597290446
seed123_A_step6000,53,prediction,VA,0.04235588115352561,0.001072020963480855,0.018277127040060327,0.023006733149984436,1.3877787807814457e-17,0.1219796314536162,0.2115507606864743
seed123_A_step6000,53,prediction,expression,0.07865882274762061,0.0014261647821923616,0.0263089361836181,0.050923721781810156,1.3877787807814457e-17,0.09779869359643932,0.18014680491941892
seed123_A_step6000,53,processed_targets,AU,0.2277896809816716,0.054788988713061676,0.14452800598168836,0.02847268628692152,5.551115123125783e-17,0.01556153932458207,0.031124950906132525
seed123_A_step6000,53,processed_targets,VA,0.168096958921856,0.09859821586993227,0.06425573549122612,0.005243007560697624,0.0,0.01962384767501227,0.023975193986104527
seed123_A_step6000,53,processed_targets,expression,0.12421044265566543,0.04370782273152988,0.06810746282060912,0.012395157103526453,1.3877787807814457e-17,0.016381025736623978,0.022103826328683674
seed123_A_step6000,54,prediction,AU,0.2152888801338269,0.005206491121271111,0.07218017461987426,0.13790221439268155,0.0,0.17679247271293447,0.3445229401989377
seed123_A_step6000,54,prediction,VA,0.06888025543583727,0.0011097756505687394,0.03868738472012345,0.02908309506514509,1.3877787807814457e-17,0.13227024477440216,0.2289724083395095
seed123_A_step6000,54,prediction,expression,0.09479401668679464,0.0017518987337418167,0.04366658273572907,0.049375535217323754,0.0,0.10222254138423494,0.18730606164957106
seed123_A_step6000,54,processed_targets,AU,0.24493316304810564,0.06482393583965787,0.14972108331743025,0.030388143891017457,5.551115123125783e-17,0.016481747628628918,0.032972972972972976
seed123_A_step6000,54,processed_targets,VA,0.12854646541873763,0.05481486890502994,0.06843509991231597,0.00529649660139174,2.7755575615628914e-17,0.02082634162956586,0.02548766677943179
seed123_A_step6000,54,processed_targets,expression,0.12942759822165806,0.041584087981404574,0.07512344746965449,0.012720062770598978,0.0,0.01819583742522635,0.0248664619786948
seed123_A_step6000,55,prediction,AU,0.18335426773265012,0.003621240992989605,0.061690346226523946,0.11804268051313661,5.551115123125783e-17,0.15002633301192078,0.2930461763724291
seed123_A_step6000,55,prediction,VA,0.056344200008149645,0.002606637309107077,0.028676661511806787,0.02506090118723579,1.3877787807814457e-17,0.125445872307574,0.217399824009898
seed123_A_step6000,55,prediction,expression,0.10519888950111474,0.002433983434014674,0.04366701899497821,0.05909788707212185,0.0,0.11609362538464377,0.2129252788802611
seed123_A_step6000,55,processed_targets,AU,0.23105362709357005,0.04232048428126173,0.15474909885394192,0.03398404395836635,5.551115123125783e-17,0.018243911719939117,0.03649062708154915
seed123_A_step6000,55,processed_targets,VA,0.15939464655668906,0.07276581087091961,0.08046117707306057,0.0061676586127089195,5.551115123125783e-17,0.022641458425066992,0.027887052543888832
seed123_A_step6000,55,processed_targets,expression,0.1359012773880777,0.039682914093938364,0.08253263200573273,0.013685731288406616,0.0,0.018485654871919457,0.02516772382071921
seed123_A_step6000,56,prediction,AU,0.19833802393937974,0.008113974330706748,0.07917837575344554,0.11104567385522746,0.0,0.14206758855275858,0.27721971303563137
seed123_A_step6000,56,prediction,VA,0.07129128479764064,0.0026593193695747027,0.04778171715716338,0.020850248270902552,1.3877787807814457e-17,0.11076148480161807,0.19243828519497597
seed123_A_step6000,56,prediction,expression,0.08638484809936493,0.0037249616737431925,0.05005720396951042,0.032602682456111344,1.3877787807814457e-17,0.07136766145992052,0.13079173811801298
seed123_A_step6000,56,processed_targets,AU,0.26537243006403777,0.11490845240043959,0.13408997474257806,0.01637400292102011,0.0,0.009021592442645074,0.018061465721040188
seed123_A_step6000,56,processed_targets,VA,0.21248123513188466,0.13094774583869462,0.07820517056940497,0.0033283187237850157,5.551115123125783e-17,0.014086282069263188,0.017837947269612894
seed123_A_step6000,56,processed_targets,expression,0.1361560954913372,0.05564162121758164,0.07345714764886532,0.00705732662489021,2.7755575615628914e-17,0.011024025805057173,0.01508571124216113
seed123_A_step6000,57,prediction,AU,0.1770329804453005,0.009797638026340708,0.07664752143202673,0.09058782098693305,2.7755575615628914e-17,0.11707707459638612,0.2281175968944465
seed123_A_step6000,57,prediction,VA,0.062440915719534494,0.0027032700227147197,0.03699478863156857,0.02274285706525121,6.938893903907228e-18,0.1132382114255986,0.19713561349797318
seed123_A_step6000,57,prediction,expression,0.09663879346907196,0.005611996913165803,0.05039298051429565,0.0406338160416105,1.3877787807814457e-17,0.08155698949527967,0.14976101066765687
seed123_A_step6000,57,processed_targets,AU,0.2605203430031016,0.09146515602938227,0.1520898782448638,0.016965308728855526,0.0,0.010052596975673898,0.0201250411319513
seed123_A_step6000,57,processed_targets,VA,0.21120555550462594,0.1402520155590763,0.06846312286486829,0.0024904170806813826,0.0,0.012076197247364405,0.015803234577399603
seed123_A_step6000,57,processed_targets,expression,0.12568384200816238,0.049953033436938105,0.07056825633582474,0.00516255223539953,0.0,0.007736090897631992,0.010408479824572102
seed123_A_step6000,58,prediction,AU,0.2139415629233117,0.01101013097484166,0.08540817041343322,0.11752326153503681,2.7755575615628914e-17,0.15278752769857082,0.29648243098513816
seed123_A_step6000,58,prediction,VA,0.08158776126036131,0.006826582621133965,0.04974424392633071,0.02501693471289663,0.0,0.11913304129650705,0.20579704930719253
seed123_A_step6000,58,prediction,expression,0.10365683359151681,0.005795446417763086,0.05699623678450813,0.04086515038924558,1.3877787807814457e-17,0.08698594918063192,0.1583836543083323
seed123_A_step6000,58,processed_targets,AU,0.2667754900142213,0.11205266883210925,0.13831703169758017,0.016405789484531832,5.551115123125783e-17,0.00883876357560568,0.017681159420289853
seed123_A_step6000,58,processed_targets,VA,0.228658677430574,0.14024306048558563,0.0860503425180764,0.0023652744269119894,0.0,0.012329716937509097,0.015664713619507376
seed123_A_step6000,58,processed_targets,expression,0.1325895602237738,0.052529907046654466,0.0747504452888082,0.005309207888311151,2.7755575615628914e-17,0.00834096726884197,0.010801571160761452
seed123_A_step6000,59,prediction,AU,0.1695707573935957,0.006495991352927827,0.0723957098630086,0.09067905617765927,0.0,0.11696861259676665,0.2278773737316251
seed123_A_step6000,59,prediction,VA,0.05923641701539134,0.004036839335523443,0.03663576562372006,0.01856381205614785,1.3877787807814457e-17,0.1048339057349117,0.18212743478583152
seed123_A_step6000,59,prediction,expression,0.07737049145868093,0.0024570806803549242,0.04205529462183509,0.032858116156490924,1.3877787807814457e-17,0.06924993632707147,0.12661702108058911
seed123_A_step6000,59,processed_targets,AU,0.26229876808994146,0.11184467224358725,0.13363533413523507,0.016818761711119085,5.551115123125783e-17,0.008994252873563218,0.017993527508090613
seed123_A_step6000,59,processed_targets,VA,0.20538359761784766,0.11541965640479676,0.08659150287321289,0.0033724383398380654,5.551115123125783e-17,0.013944617794136164,0.018256716951607306
seed123_A_step6000,59,processed_targets,expression,0.13182007328919948,0.05136790014025094,0.07333067957698869,0.007121493571959895,5.551115123125783e-17,0.011215994587299518,0.015643759278239976
seed123_A_step6000,60,prediction,AU,0.17769001016020236,0.004684205916219771,0.06373591299418599,0.1092698912497966,0.0,0.1405488845881189,0.2739516350921749
seed123_A_step6000,60,prediction,VA,0.07200174721192353,0.004027738528093066,0.041059856527095755,0.026914152156734716,1.3877787807814457e-17,0.1260138916963129,0.21820966598080005
seed123_A_step6000,60,prediction,expression,0.09430940320533021,0.003895056547505682,0.046215842271711154,0.044198504386113384,0.0,0.08933474080260602,0.16439594414694486
seed123_A_step6000,60,processed_targets,AU,0.2678521650614674,0.07472738927038548,0.16428355349055726,0.028841222300524626,5.551115123125783e-17,0.014909219108055703,0.02982716049382716
seed123_A_step6000,60,processed_targets,VA,0.139453971363914,0.07395078037316358,0.06070038880184595,0.0048028021889045,2.7755575615628914e-17,0.019618966360588762,0.024701551146036577
seed123_A_step6000,60,processed_targets,expression,0.13308986879524576,0.04669506876042917,0.07440037887615109,0.011994421158665529,2.7755575615628914e-17,0.01620589155384856,0.021983031397825665
seed123_A_step6000,61,prediction,AU,0.17359344628613363,0.002747574771270012,0.053749132157563176,0.11709673935730047,2.7755575615628914e-17,0.14802206540427962,0.28993957177150753
seed123_A_step6000,61,prediction,VA,0.057220853455080906,0.0016709664872471793,0.024892918662774013,0.03065696830505971,0.0,0.13796211839934452,0.23963336609452485
seed123_A_step6000,61,prediction,expression,0.10042822000217574,0.0012749397626885192,0.0382877792714283,0.060865500968058914,1.3877787807814457e-17,0.11349338366251578,0.20948367185997133
seed123_A_step6000,61,processed_targets,AU,0.2568031301924211,0.05989009340453103,0.16696081663306497,0.029952220154825078,5.551115123125783e-17,0.016141671491989962,0.032284969591659426
seed123_A_step6000,61,processed_targets,VA,0.17682027339087783,0.06902851498148381,0.10225102358838958,0.005540734821004467,2.7755575615628914e-17,0.020309556497516545,0.02462245878749202
seed123_A_step6000,61,processed_targets,expression,0.12775616761464456,0.03400474434722023,0.08160010420843065,0.01215131905899365,2.7755575615628914e-17,0.01629075528852561,0.022072525392440413
seed123_A_step6000,62,prediction,AU,0.17045584390149102,0.004186068045023738,0.058327998595200735,0.10794177726126655,2.7755575615628914e-17,0.13764905107354095,0.26881437279468384
seed123_A_step6000,62,prediction,VA,0.051090935014200055,0.0014256532246631317,0.027262075041750565,0.022403206747786363,6.938893903907228e-18,0.11558206009861605,0.20070265013603342
seed123_A_step6000,62,prediction,expression,0.09209784625169858,0.0024830923929836765,0.04334182509479986,0.04627292876391505,1.3877787807814457e-17,0.0891540057602363,0.16393671485487588
seed123_A_step6000,62,processed_targets,AU,0.26777177897753784,0.08421907126939608,0.15913470242031044,0.02441800528783132,0.0,0.012731273127312731,0.025456182472989197
seed123_A_step6000,62,processed_targets,VA,0.2059571308293925,0.09978977565507594,0.10156720353576697,0.004600151638549633,2.7755575615628914e-17,0.01764596596755872,0.02136391148391534
seed123_A_step6000,62,processed_targets,expression,0.1364024432416998,0.05121471671201763,0.07521211519728785,0.009975611332394316,0.0,0.01280544587225008,0.016949994055153655
seed123_A_step6000,63,prediction,AU,0.1779541543012775,0.002423161292439712,0.05312230777961248,0.12240868522922535,2.7755575615628914e-17,0.15280373443385387,0.2995215464366929
seed123_A_step6000,63,prediction,VA,0.059771645972034514,0.0014287907151657139,0.027843826772212275,0.030499028484656524,0.0,0.1354483036786275,0.2350580754774564
seed123_A_step6000,63,prediction,expression,0.09944876612872675,0.00218672504260858,0.03916979442894187,0.05809224665717629,0.0,0.10962915206633783,0.20205431768473342
seed123_A_step6000,63,processed_targets,AU,0.2661274222263386,0.06839291099476674,0.16997984392980808,0.027754667301763715,5.551115123125783e-17,0.014986103390772651,0.029978685941988693
seed123_A_step6000,63,processed_targets,VA,0.15960327059314647,0.0583540579219521,0.0960909175652267,0.0051582951059676845,0.0,0.01961126160254498,0.023999968979715854
seed123_A_step6000,63,processed_targets,expression,0.1281755099746393,0.043844528106896145,0.07370886132942557,0.010622120538317606,0.0,0.014535243699506678,0.019068463354473836
seed123_A_step6000,64,prediction,AU,0.16382900394916555,0.0029526618845589978,0.06089952666651296,0.0999768153980936,0.0,0.12824800921581112,0.25035618192928205
seed123_A_step6000,64,prediction,VA,0.05592866248708227,0.0024869172367105105,0.03485505255140204,0.01858669269896971,6.938893903907228e-18,0.10682194687403777,0.18559680546358728
seed123_A_step6000,64,prediction,expression,0.09138629910138073,0.002203395489664718,0.04637928619315291,0.04280361741856309,1.3877787807814457e-17,0.0869791819518168,0.15947462500721726
seed123_A_step6000,64,processed_targets,AU,0.2289723286504896,0.10197324129666874,0.11260728942562442,0.014391797928196394,5.551115123125783e-17,0.008314807716877476,0.016630879345603273
seed123_A_step6000,64,processed_targets,VA,0.2333626268109342,0.17015496539338168,0.06059451130028246,0.0026131501172699566,1.1102230246251565e-16,0.015031167171786987,0.020231064083268923
seed123_A_step6000,64,processed_targets,expression,0.1384584502938496,0.07523889832510777,0.0570723927297956,0.006147159238946262,2.7755575615628914e-17,0.010834680310961407,0.01533731066162192
seed123_A_step6000,65,prediction,AU,0.13063605184040603,0.0044407720583481336,0.04735894559232174,0.07883633418973615,0.0,0.10341833121514224,0.20144161966520166
seed123_A_step6000,65,prediction,VA,0.047357353708887884,0.0042792685144705704,0.02555752940043044,0.01752055579398687,0.0,0.10527499066679541,0.18232547200860694
seed123_A_step6000,65,prediction,expression,0.09793758171488282,0.004610331470034877,0.048083655196910435,0.045243595047937485,2.7755575615628914e-17,0.08998948457728641,0.16469437517030028
seed123_A_step6000,65,processed_targets,AU,0.25062182657434884,0.11158246769870366,0.1235138945389049,0.015525464336740302,0.0,0.008653998416468725,0.017314319667260845
seed123_A_step6000,65,processed_targets,VA,0.281800884905199,0.2008449766266293,0.07811587580071723,0.002840032477852437,5.551115123125783e-17,0.015133681076505794,0.019737629605588888
seed123_A_step6000,65,processed_targets,expression,0.14689698544754948,0.07299977927747646,0.06737376925465748,0.006523436915415526,2.7755575615628914e-17,0.011033185249993726,0.015104392199283922
seed123_A_step6000,66,prediction,AU,0.18251394802301307,0.004967372710798482,0.06220527419166659,0.11534130112054801,0.0,0.1448243650396445,0.2834581936321956
seed123_A_step6000,66,prediction,VA,0.053866340556759866,0.0006482154162039318,0.02760429817174598,0.02561382696880995,0.0,0.12484141384134906,0.21642871843635486
seed123_A_step6000,66,prediction,expression,0.08558915821543192,0.001737320181796795,0.03695705853093415,0.046894779502700976,0.0,0.09015228830858646,0.1666422503251154
seed123_A_step6000,66,processed_targets,AU,0.20608807812787913,0.08059288104427885,0.11179337854098571,0.013701818542614564,0.0,0.007968351199591628,0.015942806076854336
seed123_A_step6000,66,processed_targets,VA,0.18621374350726602,0.13560766311479602,0.04850079754842487,0.0021052828440451454,2.7755575615628914e-17,0.012230679776325571,0.015493941721543869
seed123_A_step6000,66,processed_targets,expression,0.12147718180217378,0.0640621753292553,0.05162186301759344,0.005793143455325056,1.3877787807814457e-17,0.01025880964846041,0.014023847297370405
seed123_A_step6000,67,prediction,AU,0.20860657053155868,0.009282185622541978,0.08524398001004524,0.11408040489897145,0.0,0.1470586917566294,0.2861759295669037
seed123_A_step6000,67,prediction,VA,0.07402802545603786,0.004562619223505332,0.04552023720999349,0.02394516902253904,0.0,0.11587675978163982,0.20080937163823812
seed123_A_step6000,67,prediction,expression,0.09659530560740545,0.005547078093623825,0.05369964852521161,0.037348578988570004,0.0,0.08309586672119343,0.15140384678356408
seed123_A_step6000,67,processed_targets,AU,0.21069457989294152,0.09544753483228106,0.10021466745192238,0.015032377608738054,2.7755575615628914e-17,0.008938329430132709,0.0178871314196446
seed123_A_step6000,67,processed_targets,VA,0.16068467411887807,0.1063322793161108,0.05204762278382542,0.002304772018941815,2.7755575615628914e-17,0.014461617348977393,0.01885937501288466
seed123_A_step6000,67,processed_targets,expression,0.13619212462609537,0.07065861914762558,0.05819350645533733,0.007339999023132469,2.7755575615628914e-17,0.01270869378248445,0.017814386374349626
seed123_A_step6000,68,prediction,AU,0.13903270471835658,0.002373523577527099,0.050212070046566394,0.08644711109426306,2.7755575615628914e-17,0.11488203221489039,0.22295726977492483
seed123_A_step6000,68,prediction,VA,0.03308829809112692,0.0018729597189863446,0.017685548893030267,0.013529789479110304,6.938893903907228e-18,0.09117837548448038,0.15832996259463467
seed123_A_step6000,68,prediction,expression,0.08019690764132395,0.0027730461868834154,0.03959203887981165,0.03783182257462889,0.0,0.08355079052642954,0.15209184495937844
seed123_A_step6000,68,processed_targets,AU,0.12063510636568997,0.05565136304925605,0.055884073220712906,0.009099670095720994,2.7755575615628914e-17,0.0061209860288201304,0.012244659057652912
seed123_A_step6000,68,processed_targets,VA,0.12783182546423477,0.11044068013083369,0.016197014226906475,0.001194131106494642,2.7755575615628914e-17,0.010653357226904322,0.014237788775436992
seed123_A_step6000,68,processed_targets,expression,0.1311545891845907,0.08391633056328364,0.04242721909343429,0.004811039527872739,2.7755575615628914e-17,0.011407129021508757,0.01610100513316028
seed123_A_step6000,69,prediction,AU,0.1991851872506044,0.004559940847896141,0.07171735026025448,0.12290789614245376,2.7755575615628914e-17,0.16038572487890757,0.3119424525036337
seed123_A_step6000,69,prediction,VA,0.05065192705026577,0.002554579586264045,0.028695236796232877,0.019402110667768837,6.938893903907228e-18,0.10872530546671937,0.18883039928957182
seed123_A_step6000,69,prediction,expression,0.07991880938963458,0.002698528467421586,0.04006879495819259,0.03715148596402039,1.3877787807814457e-17,0.07603032236278479,0.13921577644053929
seed123_A_step6000,69,processed_targets,AU,0.12176002517160578,0.06352188122825861,0.04947146982456037,0.008766674118786793,1.3877787807814457e-17,0.005499403697078116,0.01100126742712294
seed123_A_step6000,69,processed_targets,VA,0.12840355746402768,0.11146350190873397,0.015672067928702356,0.0012679876265913824,2.7755575615628914e-17,0.011100655186118321,0.014818291918603106
seed123_A_step6000,69,processed_targets,expression,0.12984928115058383,0.08292274071565114,0.04184284511420324,0.005083695320729455,0.0,0.01180221120822753,0.016046099264713964
seed123_A_step6000,70,prediction,AU,0.13319769418744312,0.002315685760138113,0.0501165914268325,0.08076541700047252,0.0,0.10761149922486055,0.20844815666946367
seed123_A_step6000,70,prediction,VA,0.02714998004492527,0.0009420505791372285,0.01523279012399211,0.010975139341795925,6.938893903907228e-18,0.08344597039028892,0.14484338674615913
seed123_A_step6000,70,prediction,expression,0.07041547246770562,0.0022305715812264734,0.03676921574264923,0.031415685143829926,1.3877787807814457e-17,0.06890101228493657,0.12540367735962174
seed123_A_step6000,70,processed_targets,AU,0.11702114557571784,0.052184281278417885,0.05514009324359676,0.009696771053703205,1.3877787807814457e-17,0.00674892703862661,0.013499686968965209
seed123_A_step6000,70,processed_targets,VA,0.12491285950752944,0.11041593094248738,0.013362994076085391,0.0011339344889566708,0.0,0.011418246038062218,0.015749439354391225
seed123_A_step6000,70,processed_targets,expression,0.12248982778890247,0.07779569414288347,0.039256390992342384,0.0054377426536766265,1.3877787807814457e-17,0.011991496382060667,0.017125762397559106
seed123_A_step6000,71,prediction,AU,0.157068644065606,0.002303852133713587,0.04934795259996168,0.10541683933193072,2.7755575615628914e-17,0.13951658539136985,0.27040148534685154
seed123_A_step6000,71,prediction,VA,0.03825818030201027,0.0012998015172925163,0.02001684576534778,0.01694153301936998,1.3877787807814457e-17,0.10362951728669255,0.1797993301709776
seed123_A_step6000,71,prediction,expression,0.06516458897253448,0.0015283634799421258,0.028449670164057146,0.0351865553285352,1.3877787807814457e-17,0.07229907852341215,0.1330363564515487
seed123_A_step6000,71,processed_targets,AU,0.1303583522132086,0.0647702324169071,0.05626690206464747,0.009321217731654041,0.0,0.006340643274853801,0.012682605834612854
seed123_A_step6000,71,processed_targets,VA,0.07753270987528177,0.05996923990345727,0.016303396387907683,0.001260073583916804,1.3877787807814457e-17,0.011460401937794431,0.015364455604052649
seed123_A_step6000,71,processed_targets,expression,0.12294499148149404,0.08116920892246833,0.036068751157125364,0.005707031401900325,2.7755575615628914e-17,0.01099823304670219,0.01459763232614562
seed123_A_step6000,72,prediction,AU,0.16787746863547887,0.0018985847681880007,0.05080054761825276,0.11517833624903809,0.0,0.14610095264328068,0.28574822449209486
seed123_A_step6000,72,prediction,VA,0.04661729965880286,0.0013249214184482948,0.019826950440608213,0.025465427799746344,6.938893903907228e-18,0.12907296792458403,0.2236142564569357
seed123_A_step6000,72,prediction,expression,0.09437322704691284,0.001232632052024474,0.03295781590313095,0.0601827790917574,1.3877787807814457e-17,0.1138706306846802,0.20977178797602045
seed123_A_step6000,72,processed_targets,AU,0.26519732847601707,0.08537423980013338,0.15084822095101588,0.02897486772486772,5.551115123125783e-17,0.014912640312347486,0.029834016793595
seed123_A_step6000,72,processed_targets,VA,0.188071359183814,0.11656243236589209,0.06697293639193694,0.004535990425985082,8.326672684688674e-17,0.018113754975608118,0.022733057113326148
seed123_A_step6000,72,processed_targets,expression,0.13715774906556402,0.05989709012972695,0.06709287717095265,0.010167781764884412,0.0,0.013855162354113389,0.01903757398068966
seed123_A_step6000,73,prediction,AU,0.17119499897233495,0.0026211087016636244,0.04778105286721755,0.12079283740345377,0.0,0.1512097430160434,0.29654160688045
seed123_A_step6000,73,prediction,VA,0.062019829629284366,0.0008267348368961427,0.029189672257170562,0.032003422535217665,6.938893903907228e-18,0.14379814730446475,0.24967341858070602
seed123_A_step6000,73,prediction,expression,0.10076632937211309,0.0014010862559032,0.036279710475771325,0.06308553264043859,1.3877787807814457e-17,0.11699065150312311,0.21607577944740394
seed123_A_step6000,73,processed_targets,AU,0.2722749557121081,0.09575823971090436,0.14910261391246318,0.027414102088740577,5.551115123125783e-17,0.01440148354195642,0.028807271378222966
seed123_A_step6000,73,processed_targets,VA,0.168386018705859,0.09702435593489975,0.06686758082246182,0.004494081948497391,2.7755575615628914e-17,0.017866286555815472,0.02198508509523383
seed123_A_step6000,73,processed_targets,expression,0.1312040454064995,0.050577651982917936,0.07032817125229242,0.01029822217128916,0.0,0.014394274666936237,0.019600979065566605
seed123_A_step6000,74,prediction,AU,0.15755531866876996,0.0018585903540088932,0.04580288838987197,0.1098938399248891,0.0,0.14053313577763743,0.27424280747572305
seed123_A_step6000,74,prediction,VA,0.04470265735680685,0.000594692080427878,0.01993439558641229,0.02417356968996668,0.0,0.12258654519951225,0.21285961355400346
seed123_A_step6000,74,prediction,expression,0.0852622029435206,0.0006434203130064892,0.030173934344168967,0.05444484828634517,2.7755575615628914e-17,0.10737438291677599,0.19698525832274727
seed123_A_step6000,74,processed_targets,AU,0.25267776585071533,0.09155521283740904,0.13974526795350556,0.021377285059800685,5.551115123125783e-17,0.010977643046608565,0.021955656623081295
seed123_A_step6000,74,processed_targets,VA,0.21561728393276164,0.1651123418335173,0.04774313122959175,0.002761810869652576,0.0,0.012331146603469942,0.014883547554949292
seed123_A_step6000,74,processed_targets,expression,0.12145440462124822,0.06685590012289351,0.048371839468099836,0.006226665030254876,0.0,0.008636482759473258,0.011270023316100086
seed123_A_step6000,75,prediction,AU,0.15568716665264193,0.0022617664097608807,0.04407516107326704,0.10935023916961402,0.0,0.14066650528402275,0.27436065854958624
seed123_A_step6000,75,prediction,VA,0.04549038403007683,0.0004976686053556685,0.018448282529665433,0.02654443289505574,6.938893903907228e-18,0.13126047309039432,0.2277937308830905
seed123_A_step6000,75,prediction,expression,0.0890068892886456,0.0011306811850985905,0.029929616480171048,0.05794659162337595,1.3877787807814457e-17,0.10822205373099753,0.19900834898431566
seed123_A_step6000,75,processed_targets,AU,0.25322200499619857,0.08050753172312154,0.1490668410367351,0.023647632236341913,0.0,0.012285976168652612,0.024576457645764577
seed123_A_step6000,75,processed_targets,VA,0.21999789596843583,0.1649505789980574,0.051668104799398124,0.0033792121709801783,1.3877787807814457e-16,0.013839251612109072,0.01681188926688827
seed123_A_step6000,75,processed_targets,expression,0.11666747280147925,0.059040371356239,0.05053679437200555,0.007090307073234721,1.3877787807814457e-17,0.010205230162238881,0.013815618104734168
seed123_A_step6000,76,prediction,AU,0.18672450251509043,0.0032530881835136287,0.06070441957846263,0.1227669947531142,2.7755575615628914e-17,0.15768485114166897,0.30749934501150816
seed123_A_step6000,76,prediction,VA,0.07108973015331092,0.0022642051148661184,0.03864024453536163,0.03018528050308319,1.3877787807814457e-17,0.13718375084984238,0.237696995814219
seed123_A_step6000,76,prediction,expression,0.10122801702966074,0.0029649016857627784,0.04153686058805904,0.05672625475583894,1.3877787807814457e-17,0.10888458271475746,0.20028315801403032
seed123_A_step6000,76,processed_targets,AU,0.1951659106909964,0.0444089073531683,0.12684572371916297,0.023911279618665095,2.7755575615628914e-17,0.012581047381546135,0.025169940754599315
seed123_A_step6000,76,processed_targets,VA,0.16047468313029045,0.11366347554508899,0.04282964530518963,0.003981562280011843,0.0,0.016303449409242783,0.02025227674132368
seed123_A_step6000,76,processed_targets,expression,0.12591563260718128,0.0554576970514845,0.06079695361518346,0.009660981940513316,0.0,0.01287257109698539,0.01757917228132629
seed123_A_step6000,77,prediction,AU,0.11862657299524115,0.002914471458714799,0.03611324234911266,0.0795988591874137,0.0,0.10296225530793301,0.20117921438379674
seed123_A_step6000,77,prediction,VA,0.0411677236681771,0.0007758947095245297,0.021883016645749986,0.01850881231290259,0.0,0.10824739734886689,0.1879239472807897
seed123_A_step6000,77,prediction,expression,0.09335346960822494,0.0012047926998225223,0.041993799531075134,0.0501548773773273,2.7755575615628914e-17,0.09572414476377278,0.17612598980628347
seed123_A_step6000,77,processed_targets,AU,0.22744642948032778,0.06322675945042927,0.1373607651201462,0.02685890490975237,5.551115123125783e-17,0.014463794683776352,0.02893779611798869
seed123_A_step6000,77,processed_targets,VA,0.1850329889058728,0.13737162826117094,0.04395023717026308,0.0037111234744386973,8.326672684688674e-17,0.016305418278062485,0.020422593145069726
seed123_A_step6000,77,processed_targets,expression,0.13326484763809684,0.06123962228932845,0.06300751307635154,0.009017712272416838,0.0,0.013062924864681382,0.017810272547244852
seed123_A_step6000,78,prediction,AU,0.18502043564041065,0.0009616422130069466,0.047912820869038246,0.13614597255836547,0.0,0.17492340463582245,0.3411462631972889
seed123_A_step6000,78,prediction,VA,0.05942343916702206,0.0006362051355407325,0.02582722223337588,0.03296001179810546,1.3877787807814457e-17,0.14406762519265998,0.24981007352664
seed123_A_step6000,78,prediction,expression,0.09490184718533722,0.0007289828717260903,0.033150340475185607,0.061022523838425505,1.3877787807814457e-17,0.11912050490643081,0.21919861835671547
seed123_A_step6000,78,processed_targets,AU,0.19647162278042682,0.0583528752519727,0.12106848180778576,0.017050265720668315,5.551115123125783e-17,0.009178957718780727,0.018360623494124012
seed123_A_step6000,78,processed_targets,VA,0.168595770828843,0.12941954873847303,0.036216729988471606,0.002959492101898354,0.0,0.01128951070676379,0.014067207467303324
seed123_A_step6000,78,processed_targets,expression,0.10668786605050498,0.056463628942783006,0.04403457007223312,0.006189667035488838,1.3877787807814457e-17,0.0076852585237447875,0.010333990228687771
seed123_A_step6000,79,prediction,AU,0.13344689838568413,0.0033365553116657086,0.05183402764625727,0.07827631542776117,0.0,0.10135867096815677,0.19782707976325925
seed123_A_step6000,79,prediction,VA,0.04708250466323322,0.0015929449538873263,0.027227195511795074,0.018262364197550816,6.938893903907228e-18,0.1037540963915774,0.17943255953337767
seed123_A_step6000,79,prediction,expression,0.09494444771229817,0.0017722328915121411,0.04785622632317369,0.04531598849761232,1.3877787807814457e-17,0.0893899699422097,0.16306131056646864
seed123_A_step6000,79,processed_targets,AU,0.211484616418111,0.04907071413033289,0.13567703543301524,0.026736866854762866,0.0,0.013801169590643274,0.027602905569007265
seed123_A_step6000,79,processed_targets,VA,0.14385898342985481,0.08715318515939612,0.051418691995587046,0.00528710627487166,0.0,0.01977763464657451,0.024595691783231916
seed123_A_step6000,79,processed_targets,expression,0.13032205144367592,0.04302720193476136,0.07482554989881178,0.012469299610102775,2.7755575615628914e-17,0.016397118087912787,0.022354473263436057
