seed123_P0-null_step15000 0 0 0 0.8242427200311795
seed123_P0-null_step15000 0 0 1 0.08594255207572132
seed123_P0-null_step15000 0 0 2 0.09660535398870707
seed123_P0-null_step15000 0 0 3 0.09208941203542054
seed123_P0-null_step15000 0 0 4 0.09858644206542522
seed123_P0-null_step15000 0 0 5 0.09443822200410068
seed123_P0-null_step15000 0 0 6 0.0939802770735696
seed123_P0-null_step15000 0 0 7 0.09399097692221403
seed123_P0-null_step15000 0 0 8 0.09927526803221554
seed123_P0-null_step15000 0 0 9 0.09240658895578235
seed123_P0-null_step15000 0 1 0 0.09086828795261681
seed123_P0-null_step15000 0 1 1 0.09351797203999013
seed123_P0-null_step15000 0 1 2 0.09101888607256114
seed123_P0-null_step15000 0 1 3 0.09894980594981462
seed123_P0-null_step15000 0 1 4 0.09994502796325833
seed123_P0-null_step15000 0 1 5 0.09260262199677527
seed123_P0-null_step15000 0 1 6 0.09420774097088724
seed123_P0-null_step15000 0 1 7 0.08685560699086636
seed123_P0-null_step15000 0 1 8 0.08744040608871728
seed123_P0-null_step15000 0 1 9 0.0899497220525518
seed123_P0-null_step15000 0 2 0 0.09047526598442346
seed123_P0-null_step15000 0 2 1 0.09028842893894762
seed123_P0-null_step15000 0 2 2 0.08786907407920808
seed123_P0-null_step15000 0 2 3 0.08669197396375239
seed123_P0-null_step15000 0 2 4 0.08496678597293794
seed123_P0-null_step15000 0 2 5 0.09007374907378107
seed123_P0-null_step15000 0 2 6 0.08606843301095068
seed123_P0-null_step15000 0 2 7 0.09088267595507205
seed123_P0-null_step15000 0 2 8 0.09047486598137766
seed123_P0-null_step15000 0 2 9 0.08622778696008027
seed123_P0-null_step15000 0 3 0 0.08753283089026809
seed123_P0-null_step15000 0 3 1 0.08345078898128122
seed123_P0-null_step15000 0 3 2 0.08973265707027167
seed123_P0-null_step15000 0 3 3 0.08609869994688779
seed123_P0-null_step15000 0 3 4 0.08406428107991815
seed123_P0-null_step15000 0 3 5 0.08480379404500127
seed123_P0-null_step15000 0 3 6 0.08345510705839843
seed123_P0-null_step15000 0 3 7 0.0909273810684681
seed123_P0-null_step15000 0 3 8 0.08669114299118519
seed123_P0-null_step15000 0 3 9 0.09372015797998756
seed123_P0-null_step15000 0 4 0 0.08806374599225819
seed123_P0-null_step15000 0 4 1 0.08455423801206052
seed123_P0-null_step15000 0 4 2 0.08777755999471992
seed123_P0-null_step15000 0 4 3 0.08924239897169173
seed123_P0-null_step15000 0 4 4 0.09395594999659806
seed123_P0-null_step15000 0 4 5 0.08803313702810556
seed123_P0-null_step15000 0 4 6 0.08627457602415234
seed123_P0-null_step15000 0 4 7 0.08485940110404044
seed123_P0-null_step15000 0 4 8 0.08543194504454732
seed123_P0-null_step15000 0 4 9 0.08575541409663856
seed123_P0-null_step15000 0 5 0 0.0835509899770841
seed123_P0-null_step15000 0 5 1 0.08614189201034606
seed123_P0-null_step15000 0 5 2 0.08586186706088483
seed123_P0-null_step15000 0 5 3 0.08318882808089256
seed123_P0-null_step15000 0 5 4 0.08439823007211089
seed123_P0-null_step15000 0 5 5 0.08777964394539595
seed123_P0-null_step15000 0 5 6 0.0889025890501216
seed123_P0-null_step15000 0 5 7 0.08403515489771962
seed123_P0-null_step15000 0 5 8 0.08684944501146674
seed123_P0-null_step15000 0 5 9 0.08704946690704674
seed123_P0-null_step15000 0 6 0 0.0858886280329898
seed123_P0-null_step15000 0 6 1 0.08453787595499307
seed123_P0-null_step15000 0 6 2 0.08388727309647948
seed123_P0-null_step15000 0 6 3 0.08832967397756875
seed123_P0-null_step15000 0 6 4 0.0891402339329943
seed123_P0-null_step15000 0 6 5 0.09221025207079947
seed123_P0-null_step15000 0 6 6 0.08748140302486718
seed123_P0-null_step15000 0 6 7 0.08653766801580787
seed123_P0-null_step15000 0 6 8 0.08638608898036182
seed123_P0-null_step15000 0 6 9 0.08526071696542203
seed123_P0-null_step15000 0 7 0 0.08660879405215383
seed123_P0-null_step15000 0 7 1 0.08448381198104471
seed123_P0-null_step15000 0 7 2 0.08913598605431616
seed123_P0-null_step15000 0 7 3 0.08652574592269957
seed123_P0-null_step15000 0 7 4 0.08771353599149734
seed123_P0-null_step15000 0 7 5 0.0875558250118047
seed123_P0-null_step15000 0 7 6 0.0855396909173578
seed123_P0-null_step15000 0 7 7 0.09218291891738772
seed123_P0-null_step15000 0 7 8 0.09011422505136579
seed123_P0-null_step15000 0 7 9 0.08808941394090652
seed123_P0-null_step15000 0 8 0 0.08427496301010251
seed123_P0-null_step15000 0 8 1 0.08511608105618507
seed123_P0-null_step15000 0 8 2 0.08769437903538346
seed123_P0-null_step15000 0 8 3 0.0837300909915939
seed123_P0-null_step15000 0 8 4 0.08866131806280464
seed123_P0-null_step15000 0 8 5 0.08775068796239793
seed123_P0-null_step15000 0 8 6 0.08849465998355299
seed123_P0-null_step15000 0 8 7 0.0850530609022826
seed123_P0-null_step15000 0 8 8 0.08587505202740431
seed123_P0-null_step15000 0 8 9 0.09196826897095889
seed123_P0-null_step15000 0 9 0 0.08671471604611725
seed123_P0-null_step15000 0 9 1 0.08644104399718344
seed123_P0-null_step15000 0 9 2 0.08704601891804487
seed123_P0-null_step15000 0 9 3 0.08632860891520977
seed123_P0-null_step15000 0 9 4 0.09186353895347565
seed123_P0-null_step15000 0 9 5 0.10286353505216539
seed123_P0-null_step15000 0 9 6 0.08633111289236695
seed123_P0-null_step15000 0 9 7 0.08608328900299966
seed123_P0-null_step15000 0 9 8 0.08693411701824516
seed123_P0-null_step15000 0 9 9 0.09105098492000252
seed123_P0-null_step15000 6 0 0 0.1377731750253588
seed123_P0-null_step15000 6 0 1 0.13832196407020092
seed123_P0-null_step15000 6 0 2 0.13988194707781076
seed123_P0-null_step15000 6 0 3 0.135896057006903
seed123_P0-null_step15000 6 0 4 0.1339728710008785
seed123_P0-null_step15000 6 0 5 0.13557352090720087
seed123_P0-null_step15000 6 0 6 0.1439933649962768
seed123_P0-null_step15000 6 0 7 0.13944736495614052
seed123_P0-null_step15000 6 0 8 0.14049011806491762
seed123_P0-null_step15000 6 0 9 0.13682471204083413
seed123_P0-null_step15000 6 1 0 0.13865505100693554
seed123_P0-null_step15000 6 1 1 0.1364352380624041
seed123_P0-null_step15000 6 1 2 0.1404016090091318
seed123_P0-null_step15000 6 1 3 0.13787345704622567
seed123_P0-null_step15000 6 1 4 0.1451951819472015
seed123_P0-null_step15000 6 1 5 0.139188991044648
seed123_P0-null_step15000 6 1 6 0.13483462703879923
seed123_P0-null_step15000 6 1 7 0.14119827200192958
seed123_P0-null_step15000 6 1 8 0.14119883195962757
seed123_P0-null_step15000 6 1 9 0.14142200909554958
seed123_P0-null_step15000 6 2 0 0.14145965094212443
seed123_P0-null_step15000 6 2 1 0.1370224899146706
seed123_P0-null_step15000 6 2 2 0.13740250607952476
seed123_P0-null_step15000 6 2 3 0.13809635292273015
seed123_P0-null_step15000 6 2 4 0.1370879349997267
seed123_P0-null_step15000 6 2 5 0.1436991220107302
seed123_P0-null_step15000 6 2 6 0.14236908999737352
seed123_P0-null_step15000 6 2 7 0.1376717600505799
seed123_P0-null_step15000 6 2 8 0.1397533289855346
seed123_P0-null_step15000 6 2 9 0.1404450109694153
seed123_P0-null_step15000 6 3 0 0.1382083159405738
seed123_P0-null_step15000 6 3 1 0.13735259999521077
seed123_P0-null_step15000 6 3 2 0.138631003908813
seed123_P0-null_step15000 6 3 3 0.14140955498442054
seed123_P0-null_step15000 6 3 4 0.13925628899596632
seed123_P0-null_step15000 6 3 5 0.13876156392507255
seed123_P0-null_step15000 6 3 6 0.13635622500441968
seed123_P0-null_step15000 6 3 7 0.1369183890055865
seed123_P0-null_step15000 6 3 8 0.13603797706309706
seed123_P0-null_step15000 6 3 9 0.13729738490656018
seed123_P0-null_step15000 6 4 0 0.13714944093953818
seed123_P0-null_step15000 6 4 1 0.13419864105526358
seed123_P0-null_step15000 6 4 2 0.13918364001438022
seed123_P0-null_step15000 6 4 3 0.1388486089417711
seed123_P0-null_step15000 6 4 4 0.13788454595487565
seed123_P0-null_step15000 6 4 5 0.14058957702945918
seed123_P0-null_step15000 6 4 6 0.13780928298365325
seed123_P0-null_step15000 6 4 7 0.13672544108703732
seed123_P0-null_step15000 6 4 8 0.139354906976223
seed123_P0-null_step15000 6 4 9 0.13732087891548872
seed123_P0-null_step15000 6 5 0 0.14001011895015836
seed123_P0-null_step15000 6 5 1 0.13759873004164547
seed123_P0-null_step15000 6 5 2 0.14035771402996033
seed123_P0-null_step15000 6 5 3 0.13655861106235534
seed123_P0-null_step15000 6 5 4 0.13878968602512032
seed123_P0-null_step15000 6 5 5 0.1381463969592005
seed123_P0-null_step15000 6 5 6 0.13765173102729023
seed123_P0-null_step15000 6 5 7 0.1453257700195536
seed123_P0-null_step15000 6 5 8 0.14144070295151323
seed123_P0-null_step15000 6 5 9 0.14188609400298446
seed123_P0-null_step15000 6 6 0 0.13675536797381938
seed123_P0-null_step15000 6 6 1 0.14053434995003045
seed123_P0-null_step15000 6 6 2 0.1393290269188583
seed123_P0-null_step15000 6 6 3 0.13554231799207628
seed123_P0-null_step15000 6 6 4 0.13365923904348165
seed123_P0-null_step15000 6 6 5 0.13753166107926518
seed123_P0-null_step15000 6 6 6 0.14396372600458562
seed123_P0-null_step15000 6 6 7 0.14446966303512454
seed123_P0-null_step15000 6 6 8 0.13691770797595382
seed123_P0-null_step15000 6 6 9 0.13479623198509216
seed123_P0-null_step15000 6 7 0 0.14035177102778107
seed123_P0-null_step15000 6 7 1 0.13978177204262465
seed123_P0-null_step15000 6 7 2 0.13826051400974393
seed123_P0-null_step15000 6 7 3 0.13872544304467738
seed123_P0-null_step15000 6 7 4 0.1364001170732081
seed123_P0-null_step15000 6 7 5 0.13880741002503783
seed123_P0-null_step15000 6 7 6 0.13271821988746524
seed123_P0-null_step15000 6 7 7 0.13551040703896433
seed123_P0-null_step15000 6 7 8 0.1430908270413056
seed123_P0-null_step15000 6 7 9 0.1377591850468889
seed123_P0-null_step15000 6 8 0 0.13635846704710275
seed123_P0-null_step15000 6 8 1 0.13810287206433713
seed123_P0-null_step15000 6 8 2 0.13795187301002443
seed123_P0-null_step15000 6 8 3 0.13754450506530702
seed123_P0-null_step15000 6 8 4 0.1369040699210018
seed123_P0-null_step15000 6 8 5 0.1387908780016005
seed123_P0-null_step15000 6 8 6 0.1366914139362052
seed123_P0-null_step15000 6 8 7 0.13607528596185148
seed123_P0-null_step15000 6 8 8 0.1356891980394721
seed123_P0-null_step15000 6 8 9 0.1394907240755856
seed123_P0-null_step15000 6 9 0 0.14235418802127242
seed123_P0-null_step15000 6 9 1 0.14287118706852198
seed123_P0-null_step15000 6 9 2 0.1361518019111827
seed123_P0-null_step15000 6 9 3 0.14218548510689288
seed123_P0-null_step15000 6 9 4 0.14406482805497944
seed123_P0-null_step15000 6 9 5 0.1401945900870487
seed123_P0-null_step15000 6 9 6 0.13675279100425541
seed123_P0-null_step15000 6 9 7 0.13557300600223243
seed123_P0-null_step15000 6 9 8 0.14057790290098637
seed123_P0-null_step15000 6 9 9 0.13523880706634372
seed123_P0-null_step15000 9 0 0 0.04813856608234346
seed123_P0-null_step15000 9 0 1 0.042461475008167326
seed123_P0-null_step15000 9 0 2 0.04682084696833044
seed123_P0-null_step15000 9 0 3 0.04293142294045538
seed123_P0-null_step15000 9 0 4 0.041548268985934556
seed123_P0-null_step15000 9 0 5 0.043390590930357575
seed123_P0-null_step15000 9 0 6 0.041037832968868315
seed123_P0-null_step15000 9 0 7 0.04234007198829204
seed123_P0-null_step15000 9 0 8 0.04240337305236608
seed123_P0-null_step15000 9 0 9 0.0448158549843356
seed123_P0-null_step15000 9 1 0 0.04166638490278274
seed123_P0-null_step15000 9 1 1 0.04138966603204608
seed123_P0-null_step15000 9 1 2 0.04236077098175883
seed123_P0-null_step15000 9 1 3 0.042805701959878206
seed123_P0-null_step15000 9 1 4 0.040983067941851914
seed123_P0-null_step15000 9 1 5 0.04045004991348833
seed123_P0-null_step15000 9 1 6 0.04333397303707898
seed123_P0-null_step15000 9 1 7 0.04192256403621286
seed123_P0-null_step15000 9 1 8 0.04138171998783946
seed123_P0-null_step15000 9 1 9 0.04329275293275714
seed123_P0-null_step15000 9 2 0 0.04102134192362428
seed123_P0-null_step15000 9 2 1 0.0409524500137195
seed123_P0-null_step15000 9 2 2 0.04133579309564084
seed123_P0-null_step15000 9 2 3 0.044536049012094736
seed123_P0-null_step15000 9 2 4 0.040967287961393595
seed123_P0-null_step15000 9 2 5 0.040845253970474005
seed123_P0-null_step15000 9 2 6 0.04225445899646729
seed123_P0-null_step15000 9 2 7 0.042172141023911536
seed123_P0-null_step15000 9 2 8 0.04049777006730437
seed123_P0-null_step15000 9 2 9 0.04099369898904115
seed123_P0-null_step15000 9 3 0 0.04423094599042088
seed123_P0-null_step15000 9 3 1 0.04141756903845817
seed123_P0-null_step15000 9 3 2 0.04219880304299295
seed123_P0-null_step15000 9 3 3 0.042494507040828466
seed123_P0-null_step15000 9 3 4 0.041240609949454665
seed123_P0-null_step15000 9 3 5 0.04093206999823451
seed123_P0-null_step15000 9 3 6 0.04101980896666646
seed123_P0-null_step15000 9 3 7 0.04447835905011743
seed123_P0-null_step15000 9 3 8 0.04086209705565125
seed123_P0-null_step15000 9 3 9 0.040913084987550974
seed123_P0-null_step15000 9 4 0 0.04351667198352516
seed123_P0-null_step15000 9 4 1 0.04086415097117424
seed123_P0-null_step15000 9 4 2 0.040854022023268044
seed123_P0-null_step15000 9 4 3 0.04035813396330923
seed123_P0-null_step15000 9 4 4 0.045248230919241905
seed123_P0-null_step15000 9 4 5 0.04120171593967825
seed123_P0-null_step15000 9 4 6 0.04085043491795659
seed123_P0-null_step15000 9 4 7 0.04328368592541665
seed123_P0-null_step15000 9 4 8 0.041687555029056966
seed123_P0-null_step15000 9 4 9 0.040644029970280826
seed123_P0-null_step15000 9 5 0 0.039624301018193364
seed123_P0-null_step15000 9 5 1 0.042685311986133456
seed123_P0-null_step15000 9 5 2 0.040642887935973704
seed123_P0-null_step15000 9 5 3 0.04089442896656692
seed123_P0-null_step15000 9 5 4 0.04001843393780291
seed123_P0-null_step15000 9 5 5 0.042807204998098314
seed123_P0-null_step15000 9 5 6 0.040770431980490685
seed123_P0-null_step15000 9 5 7 0.041101714014075696
seed123_P0-null_step15000 9 5 8 0.04129571607336402
seed123_P0-null_step15000 9 5 9 0.040922251995652914
seed123_P0-null_step15000 9 6 0 0.04056630202103406
seed123_P0-null_step15000 9 6 1 0.04098886903375387
seed123_P0-null_step15000 9 6 2 0.04443212109617889
seed123_P0-null_step15000 9 6 3 0.0407254759920761
seed123_P0-null_step15000 9 6 4 0.040552294929511845
seed123_P0-null_step15000 9 6 5 0.04184212989639491
seed123_P0-null_step15000 9 6 6 0.04109971097204834
seed123_P0-null_step15000 9 6 7 0.040965383988805115
seed123_P0-null_step15000 9 6 8 0.04144383897073567
seed123_P0-null_step15000 9 6 9 0.04515702708158642
seed123_P0-null_step15000 9 7 0 0.04165377002209425
seed123_P0-null_step15000 9 7 1 0.040981604950502515
seed123_P0-null_step15000 9 7 2 0.041705560055561364
seed123_P0-null_step15000 9 7 3 0.04218383296392858
seed123_P0-null_step15000 9 7 4 0.040957488934509456
seed123_P0-null_step15000 9 7 5 0.04098792700096965
seed123_P0-null_step15000 9 7 6 0.04202056094072759
seed123_P0-null_step15000 9 7 7 0.04106511396821588
seed123_P0-null_step15000 9 7 8 0.040897364960983396
seed123_P0-null_step15000 9 7 9 0.04114455706439912
seed123_P0-null_step15000 9 8 0 0.04474414698779583
seed123_P0-null_step15000 9 8 1 0.04259641200769693
seed123_P0-null_step15000 9 8 2 0.04454344394616783
seed123_P0-null_step15000 9 8 3 0.04180268500931561
seed123_P0-null_step15000 9 8 4 0.042066819965839386
seed123_P0-null_step15000 9 8 5 0.040936298901215196
seed123_P0-null_step15000 9 8 6 0.040913315024226904
seed123_P0-null_step15000 9 8 7 0.04434916202444583
seed123_P0-null_step15000 9 8 8 0.04104180994909257
seed123_P0-null_step15000 9 8 9 0.04047442600131035
seed123_P0-null_step15000 9 9 0 0.044692247989587486
seed123_P0-null_step15000 9 9 1 0.04216346505563706
seed123_P0-null_step15000 9 9 2 0.043454822967760265
seed123_P0-null_step15000 9 9 3 0.04196984402369708
seed123_P0-null_step15000 9 9 4 0.04609665204770863
seed123_P0-null_step15000 9 9 5 0.042357255006209016
seed123_P0-null_step15000 9 9 6 0.04287299094721675
seed123_P0-null_step15000 9 9 7 0.042767990031279624
seed123_P0-null_step15000 9 9 8 0.04381669394206256
seed123_P0-null_step15000 9 9 9 0.040958891971968114
seed123_P0-null_step15000 12 0 0 0.4112925051013008
seed123_P0-null_step15000 12 0 1 0.4186300910077989
seed123_P0-null_step15000 12 0 2 0.4105694910977036
seed123_P0-null_step15000 12 0 3 0.41076459491159767
seed123_P0-null_step15000 12 0 4 0.4051629869500175
seed123_P0-null_step15000 12 0 5 0.42273347300942987
seed123_P0-null_step15000 12 0 6 0.4127258629305288
seed123_P0-null_step15000 12 0 7 0.4211071429308504
seed123_P0-null_step15000 12 0 8 0.41678347799461335
seed123_P0-null_step15000 12 0 9 0.4040864979615435
seed123_P0-null_step15000 12 1 0 0.4087705999845639
seed123_P0-null_step15000 12 1 1 0.41813759494107217
seed123_P0-null_step15000 12 1 2 0.4153952229535207
seed123_P0-null_step15000 12 1 3 0.40885932999663055
seed123_P0-null_step15000 12 1 4 0.414058766909875
seed123_P0-null_step15000 12 1 5 0.41873298201244324
seed123_P0-null_step15000 12 1 6 0.4181487549794838
seed123_P0-null_step15000 12 1 7 0.41056930692866445
seed123_P0-null_step15000 12 1 8 0.42102313810028136
seed123_P0-null_step15000 12 1 9 0.42788036505226046
seed123_P0-null_step15000 12 2 0 0.41932545194868
seed123_P0-null_step15000 12 2 1 0.4041048679500818
seed123_P0-null_step15000 12 2 2 0.4185623530065641
seed123_P0-null_step15000 12 2 3 0.4141173060052097
seed123_P0-null_step15000 12 2 4 0.40990490396507084
seed123_P0-null_step15000 12 2 5 0.40359516290482134
seed123_P0-null_step15000 12 2 6 0.40783575805835426
seed123_P0-null_step15000 12 2 7 0.40684453397989273
seed123_P0-null_step15000 12 2 8 0.40281164506450295
seed123_P0-null_step15000 12 2 9 0.40861893398687243
seed123_P0-null_step15000 12 3 0 0.40926513902377337
seed123_P0-null_step15000 12 3 1 0.4106888599926606
seed123_P0-null_step15000 12 3 2 0.42056437593419105
seed123_P0-null_step15000 12 3 3 0.4161168849095702
seed123_P0-null_step15000 12 3 4 0.41166542493738234
seed123_P0-null_step15000 12 3 5 0.4128069069702178
seed123_P0-null_step15000 12 3 6 0.4117553969845176
seed123_P0-null_step15000 12 3 7 0.4135750650893897
seed123_P0-null_step15000 12 3 8 0.4203096670098603
seed123_P0-null_step15000 12 3 9 0.42322146298829466
seed123_P0-null_step15000 12 4 0 0.4090825269231573
seed123_P0-null_step15000 12 4 1 0.4136119040194899
seed123_P0-null_step15000 12 4 2 0.40593005099799484
seed123_P0-null_step15000 12 4 3 0.4217419429915026
seed123_P0-null_step15000 12 4 4 0.4067653260426596
seed123_P0-null_step15000 12 4 5 0.4191013959934935
seed123_P0-null_step15000 12 4 6 0.4146095491014421
seed123_P0-null_step15000 12 4 7 0.4078462809557095
seed123_P0-null_step15000 12 4 8 0.41365727805532515
seed123_P0-null_step15000 12 4 9 0.4204651800682768
seed123_P0-null_step15000 12 5 0 0.432323015993461
seed123_P0-null_step15000 12 5 1 0.4084397639380768
seed123_P0-null_step15000 12 5 2 0.4156500450335443
seed123_P0-null_step15000 12 5 3 0.41191952500957996
seed123_P0-null_step15000 12 5 4 0.40993925905786455
seed123_P0-null_step15000 12 5 5 0.403214844991453
seed123_P0-null_step15000 12 5 6 0.4127665220294148
seed123_P0-null_step15000 12 5 7 0.417459863005206
seed123_P0-null_step15000 12 5 8 0.416018738062121
seed123_P0-null_step15000 12 5 9 0.4073237580014393
seed123_P0-null_step15000 12 6 0 0.42288329801522195
seed123_P0-null_step15000 12 6 1 0.40818287001457065
seed123_P0-null_step15000 12 6 2 0.4124713659984991
seed123_P0-null_step15000 12 6 3 0.4154119259910658
seed123_P0-null_step15000 12 6 4 0.4177365800132975
seed123_P0-null_step15000 12 6 5 0.41446883301250637
seed123_P0-null_step15000 12 6 6 0.404818628099747
seed123_P0-null_step15000 12 6 7 0.41932758991606534
seed123_P0-null_step15000 12 6 8 0.4163326040143147
seed123_P0-null_step15000 12 6 9 0.4148285690462217
seed123_P0-null_step15000 12 7 0 0.41739155701361597
seed123_P0-null_step15000 12 7 1 0.43203837401233613
seed123_P0-null_step15000 12 7 2 0.42841391498222947
seed123_P0-null_step15000 12 7 3 0.4352409749990329
seed123_P0-null_step15000 12 7 4 0.41938398499041796
seed123_P0-null_step15000 12 7 5 0.4131790039828047
seed123_P0-null_step15000 12 7 6 0.42828196298796684
seed123_P0-null_step15000 12 7 7 0.4224464369472116
seed123_P0-null_step15000 12 7 8 0.42046278598718345
seed123_P0-null_step15000 12 7 9 0.40838842594530433
seed123_P0-null_step15000 12 8 0 0.4140554979676381
seed123_P0-null_step15000 12 8 1 0.4187691370025277
seed123_P0-null_step15000 12 8 2 0.4170927519444376
seed123_P0-null_step15000 12 8 3 0.42025137005839497
seed123_P0-null_step15000 12 8 4 0.4183628490427509
seed123_P0-null_step15000 12 8 5 0.4065198330208659
seed123_P0-null_step15000 12 8 6 0.4179811190115288
seed123_P0-null_step15000 12 8 7 0.42753130302298814
seed123_P0-null_step15000 12 8 8 0.4223255719989538
seed123_P0-null_step15000 12 8 9 0.42541700100991875
seed123_P0-null_step15000 12 9 0 0.41780952003318816
seed123_P0-null_step15000 12 9 1 0.4262399839935824
seed123_P0-null_step15000 12 9 2 0.41816637094598264
seed123_P0-null_step15000 12 9 3 0.4127529729157686
seed123_P0-null_step15000 12 9 4 0.4163021179847419
seed123_P0-null_step15000 12 9 5 0.4299326599575579
seed123_P0-null_step15000 12 9 6 0.42628267395775765
seed123_P0-null_step15000 12 9 7 0.41735444695223123
seed123_P0-null_step15000 12 9 8 0.4096057260176167
seed123_P0-null_step15000 12 9 9 0.41628479200880975
seed123_P0-null_step15000 18 0 0 0.10259798495098948
seed123_P0-null_step15000 18 0 1 0.09992975497152656
seed123_P0-null_step15000 18 0 2 0.0998794479528442
seed123_P0-null_step15000 18 0 3 0.10210795805323869
seed123_P0-null_step15000 18 0 4 0.10287868091836572
seed123_P0-null_step15000 18 0 5 0.10146687098313123
seed123_P0-null_step15000 18 0 6 0.10116951400414109
seed123_P0-null_step15000 18 0 7 0.10295380500610918
seed123_P0-null_step15000 18 0 8 0.10011123097501695
seed123_P0-null_step15000 18 0 9 0.10021590208634734
seed123_P0-null_step15000 18 1 0 0.09828474000096321
seed123_P0-null_step15000 18 1 1 0.10304005001671612
seed123_P0-null_step15000 18 1 2 0.09872908901888877
seed123_P0-null_step15000 18 1 3 0.10435023298487067
seed123_P0-null_step15000 18 1 4 0.10505330702289939
seed123_P0-null_step15000 18 1 5 0.09772854705806822
seed123_P0-null_step15000 18 1 6 0.10225233295932412
seed123_P0-null_step15000 18 1 7 0.10364136891439557
seed123_P0-null_step15000 18 1 8 0.09939633507747203
seed123_P0-null_step15000 18 1 9 0.10078467801213264
seed123_P0-null_step15000 18 2 0 0.10066386696416885
seed123_P0-null_step15000 18 2 1 0.09592351701576263
seed123_P0-null_step15000 18 2 2 0.10187072504777461
seed123_P0-null_step15000 18 2 3 0.10537856793962419
seed123_P0-null_step15000 18 2 4 0.10075414995662868
seed123_P0-null_step15000 18 2 5 0.09798839304130524
seed123_P0-null_step15000 18 2 6 0.10372692195232958
seed123_P0-null_step15000 18 2 7 0.10012763203121722
seed123_P0-null_step15000 18 2 8 0.09889989590737969
seed123_P0-null_step15000 18 2 9 0.10109743592329323
seed123_P0-null_step15000 18 3 0 0.0999663450056687
seed123_P0-null_step15000 18 3 1 0.10305817401967943
seed123_P0-null_step15000 18 3 2 0.1019977469695732
seed123_P0-null_step15000 18 3 3 0.10583050199784338
seed123_P0-null_step15000 18 3 4 0.10575094004161656
seed123_P0-null_step15000 18 3 5 0.10219614498782903
seed123_P0-null_step15000 18 3 6 0.10381943907123059
seed123_P0-null_step15000 18 3 7 0.10366795910522342
seed123_P0-null_step15000 18 3 8 0.10264401196036488
seed123_P0-null_step15000 18 3 9 0.102157382061705
seed123_P0-null_step15000 18 4 0 0.10502411099150777
seed123_P0-null_step15000 18 4 1 0.10101955593563616
seed123_P0-null_step15000 18 4 2 0.10274562600534409
seed123_P0-null_step15000 18 4 3 0.10115839203353971
seed123_P0-null_step15000 18 4 4 0.10931829793844372
seed123_P0-null_step15000 18 4 5 0.10524775902740657
seed123_P0-null_step15000 18 4 6 0.10448228591121733
seed123_P0-null_step15000 18 4 7 0.09870841901283711
seed123_P0-null_step15000 18 4 8 0.11107626906596124
seed123_P0-null_step15000 18 4 9 0.10475524701178074
seed123_P0-null_step15000 18 5 0 0.1050088219344616
seed123_P0-null_step15000 18 5 1 0.105408756993711
seed123_P0-null_step15000 18 5 2 0.10175103403162211
seed123_P0-null_step15000 18 5 3 0.10013443394564092
seed123_P0-null_step15000 18 5 4 0.10193854407407343
seed123_P0-null_step15000 18 5 5 0.10075187496840954
seed123_P0-null_step15000 18 5 6 0.09861704392824322
seed123_P0-null_step15000 18 5 7 0.1035715639591217
seed123_P0-null_step15000 18 5 8 0.10144527000375092
seed123_P0-null_step15000 18 5 9 0.10139543400146067
seed123_P0-null_step15000 18 6 0 0.10244649299420416
seed123_P0-null_step15000 18 6 1 0.09959523391444236
seed123_P0-null_step15000 18 6 2 0.10032726300414652
seed123_P0-null_step15000 18 6 3 0.10579114698339254
seed123_P0-null_step15000 18 6 4 0.10292256402317435
seed123_P0-null_step15000 18 6 5 0.10146380600053817
seed123_P0-null_step15000 18 6 6 0.10103008698206395
seed123_P0-null_step15000 18 6 7 0.10317399504128844
seed123_P0-null_step15000 18 6 8 0.10446492198389024
seed123_P0-null_step15000 18 6 9 0.10265343892388046
seed123_P0-null_step15000 18 7 0 0.10421254904940724
seed123_P0-null_step15000 18 7 1 0.09934502490796149
seed123_P0-null_step15000 18 7 2 0.10087856592144817
seed123_P0-null_step15000 18 7 3 0.10627362900413573
seed123_P0-null_step15000 18 7 4 0.0996372940717265
seed123_P0-null_step15000 18 7 5 0.10198710591066629
seed123_P0-null_step15000 18 7 6 0.1001649119425565
seed123_P0-null_step15000 18 7 7 0.09912025602534413
seed123_P0-null_step15000 18 7 8 0.10532024595886469
seed123_P0-null_step15000 18 7 9 0.1015152430627495
seed123_P0-null_step15000 18 8 0 0.09810509497765452
seed123_P0-null_step15000 18 8 1 0.09850941901095212
seed123_P0-null_step15000 18 8 2 0.09999813395552337
seed123_P0-null_step15000 18 8 3 0.10009580908808857
seed123_P0-null_step15000 18 8 4 0.10011230199597776
seed123_P0-null_step15000 18 8 5 0.11514714802615345
seed123_P0-null_step15000 18 8 6 0.09786001802422106
seed123_P0-null_step15000 18 8 7 0.09895672195125371
seed123_P0-null_step15000 18 8 8 0.10499118804000318
seed123_P0-null_step15000 18 8 9 0.09851126198191196
seed123_P0-null_step15000 18 9 0 0.1027041160268709
seed123_P0-null_step15000 18 9 1 0.10515075305011123
seed123_P0-null_step15000 18 9 2 0.1001980850705877
seed123_P0-null_step15000 18 9 3 0.10216202004812658
seed123_P0-null_step15000 18 9 4 0.1078388390596956
seed123_P0-null_step15000 18 9 5 0.10081403295043856
seed123_P0-null_step15000 18 9 6 0.09951584204100072
seed123_P0-null_step15000 18 9 7 0.10405985708348453
seed123_P0-null_step15000 18 9 8 0.09878393297549337
seed123_P0-null_step15000 18 9 9 0.10112266195937991
seed123_P0-null_step15000 22 0 0 0.017419815063476562
seed123_P0-null_step15000 22 0 1 0.01637113105971366
seed123_P0-null_step15000 22 0 2 0.016006184043362737
seed123_P0-null_step15000 22 0 3 0.01535581098869443
seed123_P0-null_step15000 22 0 4 0.015256391023285687
seed123_P0-null_step15000 22 0 5 0.015210562967695296
seed123_P0-null_step15000 22 0 6 0.015193070052191615
seed123_P0-null_step15000 22 0 7 0.015270247007720172
seed123_P0-null_step15000 22 0 8 0.015524281887337565
seed123_P0-null_step15000 22 0 9 0.015400705975480378
seed123_P0-null_step15000 22 1 0 0.01765947404783219
seed123_P0-null_step15000 22 1 1 0.01652724901214242
seed123_P0-null_step15000 22 1 2 0.015264044981449842
seed123_P0-null_step15000 22 1 3 0.015230039949528873
seed123_P0-null_step15000 22 1 4 0.015604485990479589
seed123_P0-null_step15000 22 1 5 0.015209541074000299
seed123_P0-null_step15000 22 1 6 0.01525826402939856
seed123_P0-null_step15000 22 1 7 0.015424180892296135
seed123_P0-null_step15000 22 1 8 0.015202327980659902
seed123_P0-null_step15000 22 1 9 0.01556195504963398
seed123_P0-null_step15000 22 2 0 0.01759474992286414
seed123_P0-null_step15000 22 2 1 0.015389975975267589
seed123_P0-null_step15000 22 2 2 0.015452114981599152
seed123_P0-null_step15000 22 2 3 0.015421967022120953
seed123_P0-null_step15000 22 2 4 0.015412779059261084
seed123_P0-null_step15000 22 2 5 0.01538678992073983
seed123_P0-null_step15000 22 2 6 0.01687241904437542
seed123_P0-null_step15000 22 2 7 0.016280177980661392
seed123_P0-null_step15000 22 2 8 0.015670761931687593
seed123_P0-null_step15000 22 2 9 0.01663555600680411
seed123_P0-null_step15000 22 3 0 0.016447145957499743
seed123_P0-null_step15000 22 3 1 0.015516989049501717
seed123_P0-null_step15000 22 3 2 0.01547419698908925
seed123_P0-null_step15000 22 3 3 0.015466692042537034
seed123_P0-null_step15000 22 3 4 0.015285896952264011
seed123_P0-null_step15000 22 3 5 0.015226582996547222
seed123_P0-null_step15000 22 3 6 0.01521096401847899
seed123_P0-null_step15000 22 3 7 0.01522523001767695
seed123_P0-null_step15000 22 3 8 0.015360840014182031
seed123_P0-null_step15000 22 3 9 0.01569206395652145
seed123_P0-null_step15000 22 4 0 0.01539382291957736
seed123_P0-null_step15000 22 4 1 0.015218317974358797
seed123_P0-null_step15000 22 4 2 0.015181627939455211
seed123_P0-null_step15000 22 4 3 0.015193701023235917
seed123_P0-null_step15000 22 4 4 0.015202737995423377
seed123_P0-null_step15000 22 4 5 0.015277069993317127
seed123_P0-null_step15000 22 4 6 0.015211966005153954
seed123_P0-null_step15000 22 4 7 0.015187828917987645
seed123_P0-null_step15000 22 4 8 0.015341544058173895
seed123_P0-null_step15000 22 4 9 0.01683466706890613
seed123_P0-null_step15000 22 5 0 0.015205343021079898
seed123_P0-null_step15000 22 5 1 0.015217976993881166
seed123_P0-null_step15000 22 5 2 0.015203169081360102
seed123_P0-null_step15000 22 5 3 0.01522258692421019
seed123_P0-null_step15000 22 5 4 0.015213088016025722
seed123_P0-null_step15000 22 5 5 0.015289554023183882
seed123_P0-null_step15000 22 5 6 0.015502661000937223
seed123_P0-null_step15000 22 5 7 0.01521825697273016
seed123_P0-null_step15000 22 5 8 0.01594253198709339
seed123_P0-null_step15000 22 5 9 0.018430306925438344
seed123_P0-null_step15000 22 6 0 0.015623011044226587
seed123_P0-null_step15000 22 6 1 0.015525395050644875
seed123_P0-null_step15000 22 6 2 0.015376499970443547
seed123_P0-null_step15000 22 6 3 0.015395145979709923
seed123_P0-null_step15000 22 6 4 0.015637068077921867
seed123_P0-null_step15000 22 6 5 0.015280426014214754
seed123_P0-null_step15000 22 6 6 0.015746808028779924
seed123_P0-null_step15000 22 6 7 0.01625530992168933
seed123_P0-null_step15000 22 6 8 0.015983341028913856
seed123_P0-null_step15000 22 6 9 0.015216473955661058
seed123_P0-null_step15000 22 7 0 0.01554798788856715
seed123_P0-null_step15000 22 7 1 0.01544875802937895
seed123_P0-null_step15000 22 7 2 0.015425532939843833
seed123_P0-null_step15000 22 7 3 0.015426886966452003
seed123_P0-null_step15000 22 7 4 0.01540609693620354
seed123_P0-null_step15000 22 7 5 0.015408260049298406
seed123_P0-null_step15000 22 7 6 0.015815619030036032
seed123_P0-null_step15000 22 7 7 0.017750707920640707
seed123_P0-null_step15000 22 7 8 0.015207457006908953
seed123_P0-null_step15000 22 7 9 0.01535702298860997
seed123_P0-null_step15000 22 8 0 0.015195103944279253
seed123_P0-null_step15000 22 8 1 0.015192920109257102
seed123_P0-null_step15000 22 8 2 0.015200302936136723
seed123_P0-null_step15000 22 8 3 0.015187117969617248
seed123_P0-null_step15000 22 8 4 0.015203129034489393
seed123_P0-null_step15000 22 8 5 0.01518749794922769
seed123_P0-null_step15000 22 8 6 0.016906654927879572
seed123_P0-null_step15000 22 8 7 0.01675689802505076
seed123_P0-null_step15000 22 8 8 0.016270226915366948
seed123_P0-null_step15000 22 8 9 0.015400775941088796
seed123_P0-null_step15000 22 9 0 0.015509274089708924
seed123_P0-null_step15000 22 9 1 0.015435882960446179
seed123_P0-null_step15000 22 9 2 0.015419131959788501
seed123_P0-null_step15000 22 9 3 0.015520134940743446
seed123_P0-null_step15000 22 9 4 0.015205422998405993
seed123_P0-null_step15000 22 9 5 0.017204714938998222
seed123_P0-null_step15000 22 9 6 0.018370943958871067
seed123_P0-null_step15000 22 9 7 0.015463286079466343
seed123_P0-null_step15000 22 9 8 0.015458597103133798
seed123_P0-null_step15000 22 9 9 0.015264977002516389
seed123_P0-null_step15000 24 0 0 0.017556125996634364
seed123_P0-null_step15000 24 0 1 0.017025222070515156
seed123_P0-null_step15000 24 0 2 0.016978452098555863
seed123_P0-null_step15000 24 0 3 0.01696067804004997
seed123_P0-null_step15000 24 0 4 0.01697164901997894
seed123_P0-null_step15000 24 0 5 0.01836747699417174
seed123_P0-null_step15000 24 0 6 0.016976918908767402
seed123_P0-null_step15000 24 0 7 0.01697679900098592
seed123_P0-null_step15000 24 0 8 0.01704543991945684
seed123_P0-null_step15000 24 0 9 0.01694988796953112
seed123_P0-null_step15000 24 1 0 0.017055178992450237
seed123_P0-null_step15000 24 1 1 0.016982419998385012
seed123_P0-null_step15000 24 1 2 0.016960307955741882
seed123_P0-null_step15000 24 1 3 0.016988330986350775
seed123_P0-null_step15000 24 1 4 0.01932385505642742
seed123_P0-null_step15000 24 1 5 0.016975918086245656
seed123_P0-null_step15000 24 1 6 0.01695166004355997
seed123_P0-null_step15000 24 1 7 0.016938294982537627
seed123_P0-null_step15000 24 1 8 0.016987690003588796
seed123_P0-null_step15000 24 1 9 0.017269348027184606
seed123_P0-null_step15000 24 2 0 0.017727122060023248
seed123_P0-null_step15000 24 2 1 0.01733517402317375
seed123_P0-null_step15000 24 2 2 0.01829576992895454
seed123_P0-null_step15000 24 2 3 0.01910858298651874
seed123_P0-null_step15000 24 2 4 0.01764392398763448
seed123_P0-null_step15000 24 2 5 0.01711077499203384
seed123_P0-null_step15000 24 2 6 0.017042333958670497
seed123_P0-null_step15000 24 2 7 0.020024935016408563
seed123_P0-null_step15000 24 2 8 0.017326406086795032
seed123_P0-null_step15000 24 2 9 0.017199374036863446
seed123_P0-null_step15000 24 3 0 0.017210855963639915
seed123_P0-null_step15000 24 3 1 0.01942827505990863
seed123_P0-null_step15000 24 3 2 0.017102610087022185
seed123_P0-null_step15000 24 3 3 0.017220073961652815
seed123_P0-null_step15000 24 3 4 0.017145260935649276
seed123_P0-null_step15000 24 3 5 0.017148477025330067
seed123_P0-null_step15000 24 3 6 0.01702241599559784
seed123_P0-null_step15000 24 3 7 0.017206798074766994
seed123_P0-null_step15000 24 3 8 0.017199865076690912
seed123_P0-null_step15000 24 3 9 0.01719480601605028
seed123_P0-null_step15000 24 4 0 0.021011951030232012
seed123_P0-null_step15000 24 4 1 0.01733806903939694
seed123_P0-null_step15000 24 4 2 0.01724874891806394
seed123_P0-null_step15000 24 4 3 0.017448619939386845
seed123_P0-null_step15000 24 4 4 0.01711658702697605
seed123_P0-null_step15000 24 4 5 0.017124842037446797
seed123_P0-null_step15000 24 4 6 0.018049838952720165
seed123_P0-null_step15000 24 4 7 0.018383407033979893
seed123_P0-null_step15000 24 4 8 0.017984764999710023
seed123_P0-null_step15000 24 4 9 0.018937256070785224
seed123_P0-null_step15000 24 5 0 0.017753473948687315
seed123_P0-null_step15000 24 5 1 0.017379008000716567
seed123_P0-null_step15000 24 5 2 0.018194266012869775
seed123_P0-null_step15000 24 5 3 0.017023188062012196
seed123_P0-null_step15000 24 5 4 0.016986747970804572
seed123_P0-null_step15000 24 5 5 0.01697689900174737
seed123_P0-null_step15000 24 5 6 0.017232849029824138
seed123_P0-null_step15000 24 5 7 0.02003791998140514
seed123_P0-null_step15000 24 5 8 0.01729203201830387
seed123_P0-null_step15000 24 5 9 0.01705421705264598
seed123_P0-null_step15000 24 6 0 0.01700485299807042
seed123_P0-null_step15000 24 6 1 0.017275569960474968
seed123_P0-null_step15000 24 6 2 0.017150240018963814
seed123_P0-null_step15000 24 6 3 0.016995575046166778
seed123_P0-null_step15000 24 6 4 0.016971317934803665
seed123_P0-null_step15000 24 6 5 0.01993476296775043
seed123_P0-null_step15000 24 6 6 0.01857161708176136
seed123_P0-null_step15000 24 6 7 0.017490461003035307
seed123_P0-null_step15000 24 6 8 0.017099302960559726
seed123_P0-null_step15000 24 6 9 0.019126759027130902
seed123_P0-null_step15000 24 7 0 0.019004013971425593
seed123_P0-null_step15000 24 7 1 0.01764887396711856
seed123_P0-null_step15000 24 7 2 0.01707042707130313
seed123_P0-null_step15000 24 7 3 0.0182015000609681
seed123_P0-null_step15000 24 7 4 0.018528945976868272
seed123_P0-null_step15000 24 7 5 0.017420436954125762
seed123_P0-null_step15000 24 7 6 0.017776858061552048
seed123_P0-null_step15000 24 7 7 0.01792668492998928
seed123_P0-null_step15000 24 7 8 0.017036432051099837
seed123_P0-null_step15000 24 7 9 0.018123529967851937
seed123_P0-null_step15000 24 8 0 0.017331146053038538
seed123_P0-null_step15000 24 8 1 0.017860156949609518
seed123_P0-null_step15000 24 8 2 0.01960902998689562
seed123_P0-null_step15000 24 8 3 0.016994082019664347
seed123_P0-null_step15000 24 8 4 0.01701881899498403
seed123_P0-null_step15000 24 8 5 0.017547489027492702
seed123_P0-null_step15000 24 8 6 0.01697354204952717
seed123_P0-null_step15000 24 8 7 0.016999371931888163
seed123_P0-null_step15000 24 8 8 0.0183046170277521
seed123_P0-null_step15000 24 8 9 0.016986286966130137
seed123_P0-null_step15000 24 9 0 0.018461546977050602
seed123_P0-null_step15000 24 9 1 0.01772190199699253
seed123_P0-null_step15000 24 9 2 0.01720097695942968
seed123_P0-null_step15000 24 9 3 0.017225684016011655
seed123_P0-null_step15000 24 9 4 0.017198232002556324
seed123_P0-null_step15000 24 9 5 0.01719407399650663
seed123_P0-null_step15000 24 9 6 0.017187090939842165
seed123_P0-null_step15000 24 9 7 0.017207679920829833
seed123_P0-null_step15000 24 9 8 0.017212459002621472
seed123_P0-null_step15000 24 9 9 0.01802716706879437
seed123_P0-null_step15000 30 0 0 0.030244438908994198
seed123_P0-null_step15000 30 0 1 0.026652522967197
seed123_P0-null_step15000 30 0 2 0.026605662889778614
seed123_P0-null_step15000 30 0 3 0.026853726943954825
seed123_P0-null_step15000 30 0 4 0.028312845970503986
seed123_P0-null_step15000 30 0 5 0.030627681058831513
seed123_P0-null_step15000 30 0 6 0.026653002947568893
seed123_P0-null_step15000 30 0 7 0.026600282988511026
seed123_P0-null_step15000 30 0 8 0.02626931096892804
seed123_P0-null_step15000 30 0 9 0.026202252949588
seed123_P0-null_step15000 30 1 0 0.028164672083221376
seed123_P0-null_step15000 30 1 1 0.027200040058232844
seed123_P0-null_step15000 30 1 2 0.02667852200102061
seed123_P0-null_step15000 30 1 3 0.026380854076705873
seed123_P0-null_step15000 30 1 4 0.02657532400917262
seed123_P0-null_step15000 30 1 5 0.026689053047448397
seed123_P0-null_step15000 30 1 6 0.02840290905442089
seed123_P0-null_step15000 30 1 7 0.026915785972960293
seed123_P0-null_step15000 30 1 8 0.02702618599869311
seed123_P0-null_step15000 30 1 9 0.027442221995443106
seed123_P0-null_step15000 30 2 0 0.027607328025624156
seed123_P0-null_step15000 30 2 1 0.030914398026652634
seed123_P0-null_step15000 30 2 2 0.029778297059237957
seed123_P0-null_step15000 30 2 3 0.02865503099747002
seed123_P0-null_step15000 30 2 4 0.027073496021330357
seed123_P0-null_step15000 30 2 5 0.02617987000849098
seed123_P0-null_step15000 30 2 6 0.027496726950630546
seed123_P0-null_step15000 30 2 7 0.029186244937591255
seed123_P0-null_step15000 30 2 8 0.02881768101360649
seed123_P0-null_step15000 30 2 9 0.02691797004081309
seed123_P0-null_step15000 30 3 0 0.02937395393382758
seed123_P0-null_step15000 30 3 1 0.027282306109555066
seed123_P0-null_step15000 30 3 2 0.03040675795637071
seed123_P0-null_step15000 30 3 3 0.02677716000471264
seed123_P0-null_step15000 30 3 4 0.026257848017849028
seed123_P0-null_step15000 30 3 5 0.027330357930622995
seed123_P0-null_step15000 30 3 6 0.030000080005265772
seed123_P0-null_step15000 30 3 7 0.030355139984749258
seed123_P0-null_step15000 30 3 8 0.027808703016489744
seed123_P0-null_step15000 30 3 9 0.02697786397766322
seed123_P0-null_step15000 30 4 0 0.02881189004983753
seed123_P0-null_step15000 30 4 1 0.027725562918931246
seed123_P0-null_step15000 30 4 2 0.03009835898410529
seed123_P0-null_step15000 30 4 3 0.026936845970340073
seed123_P0-null_step15000 30 4 4 0.02685142308473587
seed123_P0-null_step15000 30 4 5 0.026975139044225216
seed123_P0-null_step15000 30 4 6 0.028184882015921175
seed123_P0-null_step15000 30 4 7 0.026635971036739647
seed123_P0-null_step15000 30 4 8 0.029765603016130626
seed123_P0-null_step15000 30 4 9 0.02703555498737842
seed123_P0-null_step15000 30 5 0 0.026616143062710762
seed123_P0-null_step15000 30 5 1 0.0281986870104447
seed123_P0-null_step15000 30 5 2 0.03044737596064806
seed123_P0-null_step15000 30 5 3 0.0304415849968791
seed123_P0-null_step15000 30 5 4 0.027916347957216203
seed123_P0-null_step15000 30 5 5 0.026674855034798384
seed123_P0-null_step15000 30 5 6 0.026324745966121554
seed123_P0-null_step15000 30 5 7 0.02621970500331372
seed123_P0-null_step15000 30 5 8 0.02775739401113242
seed123_P0-null_step15000 30 5 9 0.02898477006237954
seed123_P0-null_step15000 30 6 0 0.02725365199148655
seed123_P0-null_step15000 30 6 1 0.028180403052829206
seed123_P0-null_step15000 30 6 2 0.026380012976005673
seed123_P0-null_step15000 30 6 3 0.026456327992491424
seed123_P0-null_step15000 30 6 4 0.030080003081820905
seed123_P0-null_step15000 30 6 5 0.02773677499499172
seed123_P0-null_step15000 30 6 6 0.026551919989287853
seed123_P0-null_step15000 30 6 7 0.026500863023102283
seed123_P0-null_step15000 30 6 8 0.026559064048342407
seed123_P0-null_step15000 30 6 9 0.028023974038660526
seed123_P0-null_step15000 30 7 0 0.026735770981758833
seed123_P0-null_step15000 30 7 1 0.03103335597552359
seed123_P0-null_step15000 30 7 2 0.027690485934726894
seed123_P0-null_step15000 30 7 3 0.027073335950262845
seed123_P0-null_step15000 30 7 4 0.02702037594281137
seed123_P0-null_step15000 30 7 5 0.02814922307152301
seed123_P0-null_step15000 30 7 6 0.027065341011621058
seed123_P0-null_step15000 30 7 7 0.02616764500271529
seed123_P0-null_step15000 30 7 8 0.026317973039112985
seed123_P0-null_step15000 30 7 9 0.02601031505037099
seed123_P0-null_step15000 30 8 0 0.02720480808056891
seed123_P0-null_step15000 30 8 1 0.027189858024939895
seed123_P0-null_step15000 30 8 2 0.026543946005403996
seed123_P0-null_step15000 30 8 3 0.025945110013708472
seed123_P0-null_step15000 30 8 4 0.026270844042301178
seed123_P0-null_step15000 30 8 5 0.026060019969008863
seed123_P0-null_step15000 30 8 6 0.028817890910431743
seed123_P0-null_step15000 30 8 7 0.026564734987914562
seed123_P0-null_step15000 30 8 8 0.026737094041891396
seed123_P0-null_step15000 30 8 9 0.028751555015332997
seed123_P0-null_step15000 30 9 0 0.02768190996721387
seed123_P0-null_step15000 30 9 1 0.02858033694792539
seed123_P0-null_step15000 30 9 2 0.028092695050872862
seed123_P0-null_step15000 30 9 3 0.027208284940570593
seed123_P0-null_step15000 30 9 4 0.028092595050111413
seed123_P0-null_step15000 30 9 5 0.026161362999118865
seed123_P0-null_step15000 30 9 6 0.026174869970418513
seed123_P0-null_step15000 30 9 7 0.029342924943193793
seed123_P0-null_step15000 30 9 8 0.02668665803503245
seed123_P0-null_step15000 30 9 9 0.026063586003147066
seed123_P0-null_step15000 33 0 0 0.007033874047920108
seed123_P0-null_step15000 33 0 1 0.006226702011190355
seed123_P0-null_step15000 33 0 2 0.006122311926446855
seed123_P0-null_step15000 33 0 3 0.006128002889454365
seed123_P0-null_step15000 33 0 4 0.0061050200602039695
seed123_P0-null_step15000 33 0 5 0.0061062409076839685
seed123_P0-null_step15000 33 0 6 0.006103125982917845
seed123_P0-null_step15000 33 0 7 0.0061539619928225875
seed123_P0-null_step15000 33 0 8 0.006076473975554109
seed123_P0-null_step15000 33 0 9 0.006084499997086823
seed123_P0-null_step15000 33 1 0 0.006090741022489965
seed123_P0-null_step15000 33 1 1 0.007223736960440874
seed123_P0-null_step15000 33 1 2 0.0061381119303405285
seed123_P0-null_step15000 33 1 3 0.006128092994913459
seed123_P0-null_step15000 33 1 4 0.006085771950893104
seed123_P0-null_step15000 33 1 5 0.006109747919254005
seed123_P0-null_step15000 33 1 6 0.006130828056484461
seed123_P0-null_step15000 33 1 7 0.006122592021711171
seed123_P0-null_step15000 33 1 8 0.006092404946684837
seed123_P0-null_step15000 33 1 9 0.006110940012149513
seed123_P0-null_step15000 33 2 0 0.006103455903939903
seed123_P0-null_step15000 33 2 1 0.006114216987043619
seed123_P0-null_step15000 33 2 2 0.006086222012527287
seed123_P0-null_step15000 33 2 3 0.0061345750000327826
seed123_P0-null_step15000 33 2 4 0.006067265989258885
seed123_P0-null_step15000 33 2 5 0.006132221082225442
seed123_P0-null_step15000 33 2 6 0.007131460006348789
seed123_P0-null_step15000 33 2 7 0.00843376002740115
seed123_P0-null_step15000 33 2 8 0.007181908003985882
seed123_P0-null_step15000 33 2 9 0.006114798015914857
seed123_P0-null_step15000 33 3 0 0.006091011920943856
seed123_P0-null_step15000 33 3 1 0.006099738995544612
seed123_P0-null_step15000 33 3 2 0.0060985160525888205
seed123_P0-null_step15000 33 3 3 0.006127911969088018
seed123_P0-null_step15000 33 3 4 0.007520723971538246
seed123_P0-null_step15000 33 3 5 0.006131300004199147
seed123_P0-null_step15000 33 3 6 0.006074459990486503
seed123_P0-null_step15000 33 3 7 0.006128684966824949
seed123_P0-null_step15000 33 3 8 0.0060821749502792954
seed123_P0-null_step15000 33 3 9 0.006101372069679201
seed123_P0-null_step15000 33 4 0 0.006092355004511774
seed123_P0-null_step15000 33 4 1 0.006135337054729462
seed123_P0-null_step15000 33 4 2 0.006093316012993455
seed123_P0-null_step15000 33 4 3 0.006115668918937445
seed123_P0-null_step15000 33 4 4 0.0060873349430039525
seed123_P0-null_step15000 33 4 5 0.006106471992097795
seed123_P0-null_step15000 33 4 6 0.0060849899891763926
seed123_P0-null_step15000 33 4 7 0.006079370039515197
seed123_P0-null_step15000 33 4 8 0.006074921926483512
seed123_P0-null_step15000 33 4 9 0.006105801090598106
seed123_P0-null_step15000 33 5 0 0.0063731009140610695
seed123_P0-null_step15000 33 5 1 0.006280705099925399
seed123_P0-null_step15000 33 5 2 0.006284231087192893
seed123_P0-null_step15000 33 5 3 0.006293650018051267
seed123_P0-null_step15000 33 5 4 0.006272459984757006
seed123_P0-null_step15000 33 5 5 0.006279882974922657
seed123_P0-null_step15000 33 5 6 0.0075303640915080905
seed123_P0-null_step15000 33 5 7 0.0064134589629247785
seed123_P0-null_step15000 33 5 8 0.006281706970185041
seed123_P0-null_step15000 33 5 9 0.006259314017370343
seed123_P0-null_step15000 33 6 0 0.0061072229873389006
seed123_P0-null_step15000 33 6 1 0.006107973982580006
seed123_P0-null_step15000 33 6 2 0.006071203970350325
seed123_P0-null_step15000 33 6 3 0.006118213990703225
seed123_P0-null_step15000 33 6 4 0.006087746005505323
seed123_P0-null_step15000 33 6 5 0.006112723029218614
seed123_P0-null_step15000 33 6 6 0.0060936270747333765
seed123_P0-null_step15000 33 6 7 0.006081603933125734
seed123_P0-null_step15000 33 6 8 0.0060665050987154245
seed123_P0-null_step15000 33 6 9 0.006129064015112817
seed123_P0-null_step15000 33 7 0 0.006095730932429433
seed123_P0-null_step15000 33 7 1 0.006103846011683345
seed123_P0-null_step15000 33 7 2 0.006126038962975144
seed123_P0-null_step15000 33 7 3 0.006111791008152068
seed123_P0-null_step15000 33 7 4 0.0061775268986821175
seed123_P0-null_step15000 33 7 5 0.00599586998578161
seed123_P0-null_step15000 33 7 6 0.006023002089932561
seed123_P0-null_step15000 33 7 7 0.006012973026372492
seed123_P0-null_step15000 33 7 8 0.006008684053085744
seed123_P0-null_step15000 33 7 9 0.006448614993132651
seed123_P0-null_step15000 33 8 0 0.007043032092042267
seed123_P0-null_step15000 33 8 1 0.006106871995143592
seed123_P0-null_step15000 33 8 2 0.006112523027695715
seed123_P0-null_step15000 33 8 3 0.006117352982982993
seed123_P0-null_step15000 33 8 4 0.0061037769773975015
seed123_P0-null_step15000 33 8 5 0.006122792954556644
seed123_P0-null_step15000 33 8 6 0.006079770973883569
seed123_P0-null_step15000 33 8 7 0.006100569968111813
seed123_P0-null_step15000 33 8 8 0.0060846899868920445
seed123_P0-null_step15000 33 8 9 0.0060945089207962155
seed123_P0-null_step15000 33 9 0 0.006123844999819994
seed123_P0-null_step15000 33 9 1 0.17306831502355635
seed123_P0-null_step15000 33 9 2 0.006391637027263641
seed123_P0-null_step15000 33 9 3 0.006315862061455846
seed123_P0-null_step15000 33 9 4 0.006294430932030082
seed123_P0-null_step15000 33 9 5 0.006315510952845216
seed123_P0-null_step15000 33 9 6 0.006291375029832125
seed123_P0-null_step15000 33 9 7 0.006379061960615218
seed123_P0-null_step15000 33 9 8 0.006282779038883746
seed123_P0-null_step15000 33 9 9 0.008333037025295198
seed123_P0-null_step15000 36 0 0 0.00921654689591378
seed123_P0-null_step15000 36 0 1 0.007818204001523554
seed123_P0-null_step15000 36 0 2 0.006757445051334798
seed123_P0-null_step15000 36 0 3 0.006777414004318416
seed123_P0-null_step15000 36 0 4 0.006782243028283119
seed123_P0-null_step15000 36 0 5 0.006798856076784432
seed123_P0-null_step15000 36 0 6 0.006758639006875455
seed123_P0-null_step15000 36 0 7 0.006993587943725288
seed123_P0-null_step15000 36 0 8 0.00676085299346596
seed123_P0-null_step15000 36 0 9 0.00680879398714751
seed123_P0-null_step15000 36 1 0 0.006651083007454872
seed123_P0-null_step15000 36 1 1 0.006877225008793175
seed123_P0-null_step15000 36 1 2 0.006603752030059695
seed123_P0-null_step15000 36 1 3 0.006619001040235162
seed123_P0-null_step15000 36 1 4 0.006579855922609568
seed123_P0-null_step15000 36 1 5 0.006612719036638737
seed123_P0-null_step15000 36 1 6 0.006568373995833099
seed123_P0-null_step15000 36 1 7 0.006635202094912529
seed123_P0-null_step15000 36 1 8 0.00657908502034843
seed123_P0-null_step15000 36 1 9 0.006621025037020445
seed123_P0-null_step15000 36 2 0 0.006573805003426969
seed123_P0-null_step15000 36 2 1 0.00871238298714161
seed123_P0-null_step15000 36 2 2 0.007116061053238809
seed123_P0-null_step15000 36 2 3 0.006634681019932032
seed123_P0-null_step15000 36 2 4 0.006869929959066212
seed123_P0-null_step15000 36 2 5 0.006789247039705515
seed123_P0-null_step15000 36 2 6 0.006668907008133829
seed123_P0-null_step15000 36 2 7 0.006623619934543967
seed123_P0-null_step15000 36 2 8 0.006665128981694579
seed123_P0-null_step15000 36 2 9 0.0066265660570934415
seed123_P0-null_step15000 36 3 0 0.006598893087357283
seed123_P0-null_step15000 36 3 1 0.006626946036703885
seed123_P0-null_step15000 36 3 2 0.00695979199372232
seed123_P0-null_step15000 36 3 3 0.006660610903054476
seed123_P0-null_step15000 36 3 4 0.006582411006093025
seed123_P0-null_step15000 36 3 5 0.006639790954068303
seed123_P0-null_step15000 36 3 6 0.006627878989093006
seed123_P0-null_step15000 36 3 7 0.006639930885285139
seed123_P0-null_step15000 36 3 8 0.0066548800095915794
seed123_P0-null_step15000 36 3 9 0.006645190995186567
seed123_P0-null_step15000 36 4 0 0.006756764021702111
seed123_P0-null_step15000 36 4 1 0.0067941959714517
seed123_P0-null_step15000 36 4 2 0.006758498027920723
seed123_P0-null_step15000 36 4 3 0.007339288014918566
seed123_P0-null_step15000 36 4 4 0.009099042043089867
seed123_P0-null_step15000 36 4 5 0.007063910947181284
seed123_P0-null_step15000 36 4 6 0.006883235997520387
seed123_P0-null_step15000 36 4 7 0.006907323026098311
seed123_P0-null_step15000 36 4 8 0.006751855951733887
seed123_P0-null_step15000 36 4 9 0.006784667959436774
seed123_P0-null_step15000 36 5 0 0.006611617049202323
seed123_P0-null_step15000 36 5 1 0.006600735941901803
seed123_P0-null_step15000 36 5 2 0.0065913189901039
seed123_P0-null_step15000 36 5 3 0.006646001944318414
seed123_P0-null_step15000 36 5 4 0.006598902051337063
seed123_P0-null_step15000 36 5 5 0.0066163570154458284
seed123_P0-null_step15000 36 5 6 0.006570087047293782
seed123_P0-null_step15000 36 5 7 0.006633088109083474
seed123_P0-null_step15000 36 5 8 0.006572252023033798
seed123_P0-null_step15000 36 5 9 0.006607850082218647
seed123_P0-null_step15000 36 6 0 0.006586989038623869
seed123_P0-null_step15000 36 6 1 0.0066173679661005735
seed123_P0-null_step15000 36 6 2 0.008986155968159437
seed123_P0-null_step15000 36 6 3 0.007349787978455424
seed123_P0-null_step15000 36 6 4 0.00658436503726989
seed123_P0-null_step15000 36 6 5 0.006619742955081165
seed123_P0-null_step15000 36 6 6 0.007615126087330282
seed123_P0-null_step15000 36 6 7 0.00836543901823461
seed123_P0-null_step15000 36 6 8 0.006579546025022864
seed123_P0-null_step15000 36 6 9 0.006589755066670477
seed123_P0-null_step15000 36 7 0 0.006996032083407044
seed123_P0-null_step15000 36 7 1 0.006834733998402953
seed123_P0-null_step15000 36 7 2 0.006807571044191718
seed123_P0-null_step15000 36 7 3 0.006834754021838307
seed123_P0-null_step15000 36 7 4 0.006815004977397621
seed123_P0-null_step15000 36 7 5 0.007080133073031902
seed123_P0-null_step15000 36 7 6 0.007114829029887915
seed123_P0-null_step15000 36 7 7 0.006950264913029969
seed123_P0-null_step15000 36 7 8 0.0068080429919064045
seed123_P0-null_step15000 36 7 9 0.006813884014263749
seed123_P0-null_step15000 36 8 0 0.006588874035514891
seed123_P0-null_step15000 36 8 1 0.006628438946790993
seed123_P0-null_step15000 36 8 2 0.006583063048310578
seed123_P0-null_step15000 36 8 3 0.006613911013118923
seed123_P0-null_step15000 36 8 4 0.006589644937776029
seed123_P0-null_step15000 36 8 5 0.006640492007136345
seed123_P0-null_step15000 36 8 6 0.006583865033462644
seed123_P0-null_step15000 36 8 7 0.006645612069405615
seed123_P0-null_step15000 36 8 8 0.006583323003724217
seed123_P0-null_step15000 36 8 9 0.006622849032282829
seed123_P0-null_step15000 36 9 0 0.00863725901581347
seed123_P0-null_step15000 36 9 1 0.007280535995960236
seed123_P0-null_step15000 36 9 2 0.006714443909004331
seed123_P0-null_step15000 36 9 3 0.006721777957864106
seed123_P0-null_step15000 36 9 4 0.00691053899936378
seed123_P0-null_step15000 36 9 5 0.006759739946573973
seed123_P0-null_step15000 36 9 6 0.006617018021643162
seed123_P0-null_step15000 36 9 7 0.0066607610788196325
seed123_P0-null_step15000 36 9 8 0.006808873964473605
seed123_P0-null_step15000 36 9 9 0.00664190505631268
seed123_P0-null_step15000 40 0 0 0.004002601024694741
seed123_P0-null_step15000 40 0 1 0.003937485977075994
seed123_P0-null_step15000 40 0 2 0.003931715036742389
seed123_P0-null_step15000 40 0 3 0.003963235067203641
seed123_P0-null_step15000 40 0 4 0.003923087962903082
seed123_P0-null_step15000 40 0 5 0.00392783700954169
seed123_P0-null_step15000 40 0 6 0.003938117064535618
seed123_P0-null_step15000 40 0 7 0.003923840005882084
seed123_P0-null_step15000 40 0 8 0.003933749045245349
seed123_P0-null_step15000 40 0 9 0.003928828984498978
seed123_P0-null_step15000 40 1 0 0.0040182400261983275
seed123_P0-null_step15000 40 1 1 0.004002440022304654
seed123_P0-null_step15000 40 1 2 0.004006927949376404
seed123_P0-null_step15000 40 1 3 0.004021025961264968
seed123_P0-null_step15000 40 1 4 0.004024341935291886
seed123_P0-null_step15000 40 1 5 0.0038736939895898104
seed123_P0-null_step15000 40 1 6 0.00397894496563822
seed123_P0-null_step15000 40 1 7 0.003892479930073023
seed123_P0-null_step15000 40 1 8 0.0041596610099077225
seed123_P0-null_step15000 40 1 9 0.0038930410519242287
seed123_P0-null_step15000 40 2 0 0.003955901018343866
seed123_P0-null_step15000 40 2 1 0.003982080961577594
seed123_P0-null_step15000 40 2 2 0.0040349430637434125
seed123_P0-null_step15000 40 2 3 0.003998883999884129
seed123_P0-null_step15000 40 2 4 0.004195438930764794
seed123_P0-null_step15000 40 2 5 0.004153639078140259
seed123_P0-null_step15000 40 2 6 0.004012729972600937
seed123_P0-null_step15000 40 2 7 0.004023279063403606
seed123_P0-null_step15000 40 2 8 0.004009934025816619
seed123_P0-null_step15000 40 2 9 0.004010024946182966
seed123_P0-null_step15000 40 3 0 0.005096451030112803
seed123_P0-null_step15000 40 3 1 0.004337289952673018
seed123_P0-null_step15000 40 3 2 0.004030883894301951
seed123_P0-null_step15000 40 3 3 0.004027207964099944
seed123_P0-null_step15000 40 3 4 0.004033128963783383
seed123_P0-null_step15000 40 3 5 0.004022959969006479
seed123_P0-null_step15000 40 3 6 0.004045131034217775
seed123_P0-null_step15000 40 3 7 0.004019442014396191
seed123_P0-null_step15000 40 3 8 0.004224073956720531
seed123_P0-null_step15000 40 3 9 0.0040242120157927275
seed123_P0-null_step15000 40 4 0 0.004028410068713129
seed123_P0-null_step15000 40 4 1 0.004008061019703746
seed123_P0-null_step15000 40 4 2 0.00402672600466758
seed123_P0-null_step15000 40 4 3 0.0040107559179887176
seed123_P0-null_step15000 40 4 4 0.004034541896544397
seed123_P0-null_step15000 40 4 5 0.004003863083198667
seed123_P0-null_step15000 40 4 6 0.004028409020975232
seed123_P0-null_step15000 40 4 7 0.004019743064418435
seed123_P0-null_step15000 40 4 8 0.0040249929297715425
seed123_P0-null_step15000 40 4 9 0.00402661703992635
seed123_P0-null_step15000 40 5 0 0.004037676961161196
seed123_P0-null_step15000 40 5 1 0.004018340026959777
seed123_P0-null_step15000 40 5 2 0.004145683022215962
seed123_P0-null_step15000 40 5 3 0.004031245014630258
seed123_P0-null_step15000 40 5 4 0.004041765001602471
seed123_P0-null_step15000 40 5 5 0.004018490086309612
seed123_P0-null_step15000 40 5 6 0.004027107963338494
seed123_P0-null_step15000 40 5 7 0.003991769975982606
seed123_P0-null_step15000 40 5 8 0.004029791918583214
seed123_P0-null_step15000 40 5 9 0.003999204025603831
seed123_P0-null_step15000 40 6 0 0.003939911024644971
seed123_P0-null_step15000 40 6 1 0.003927496960386634
seed123_P0-null_step15000 40 6 2 0.0038941219681873918
seed123_P0-null_step15000 40 6 3 0.0038456800393760204
seed123_P0-null_step15000 40 6 4 0.003921625087969005
seed123_P0-null_step15000 40 6 5 0.0041067099664360285
seed123_P0-null_step15000 40 6 6 0.0051188640063628554
seed123_P0-null_step15000 40 6 7 0.003929159953258932
seed123_P0-null_step15000 40 6 8 0.004116388037800789
seed123_P0-null_step15000 40 6 9 0.003950380953028798
seed123_P0-null_step15000 40 7 0 0.004025754984468222
seed123_P0-null_step15000 40 7 1 0.004036235040985048
seed123_P0-null_step15000 40 7 2 0.004027367918752134
seed123_P0-null_step15000 40 7 3 0.004044730914756656
seed123_P0-null_step15000 40 7 4 0.004018340026959777
seed123_P0-null_step15000 40 7 5 0.004016026039607823
seed123_P0-null_step15000 40 7 6 0.004038688959553838
seed123_P0-null_step15000 40 7 7 0.004024352063424885
seed123_P0-null_step15000 40 7 8 0.004020083928480744
seed123_P0-null_step15000 40 7 9 0.004029402043670416
seed123_P0-null_step15000 40 8 0 0.003937216009944677
seed123_P0-null_step15000 40 8 1 0.003908821032382548
seed123_P0-null_step15000 40 8 2 0.00393308699131012
seed123_P0-null_step15000 40 8 3 0.003921984927728772
seed123_P0-null_step15000 40 8 4 0.003923949901945889
seed123_P0-null_step15000 40 8 5 0.003959388006478548
seed123_P0-null_step15000 40 8 6 0.003916114917956293
seed123_P0-null_step15000 40 8 7 0.0039215360302478075
seed123_P0-null_step15000 40 8 8 0.003934961976483464
seed123_P0-null_step15000 40 8 9 0.003929471014998853
seed123_P0-null_step15000 40 9 0 0.003931403975002468
seed123_P0-null_step15000 40 9 1 0.003924601944163442
seed123_P0-null_step15000 40 9 2 0.003945450996980071
seed123_P0-null_step15000 40 9 3 0.003952304017730057
seed123_P0-null_step15000 40 9 4 0.003943896968849003
seed123_P0-null_step15000 40 9 5 0.003940302063710988
seed123_P0-null_step15000 40 9 6 0.00395327596925199
seed123_P0-null_step15000 40 9 7 0.003939068992622197
seed123_P0-null_step15000 40 9 8 0.00395442801527679
seed123_P0-null_step15000 40 9 9 0.003929381025955081
seed123_P0-null_step15000 47 0 0 0.06723927799612284
seed123_P0-null_step15000 47 0 1 0.061561906011775136
seed123_P0-null_step15000 47 0 2 0.0633122120052576
seed123_P0-null_step15000 47 0 3 0.06110407202504575
seed123_P0-null_step15000 47 0 4 0.06204266590066254
seed123_P0-null_step15000 47 0 5 0.059784799930639565
seed123_P0-null_step15000 47 0 6 0.06070417701266706
seed123_P0-null_step15000 47 0 7 0.06427310907747597
seed123_P0-null_step15000 47 0 8 0.059413640992715955
seed123_P0-null_step15000 47 0 9 0.05957420798949897
seed123_P0-null_step15000 47 1 0 0.05927559593692422
seed123_P0-null_step15000 47 1 1 0.06182460905984044
seed123_P0-null_step15000 47 1 2 0.0627974180970341
seed123_P0-null_step15000 47 1 3 0.06026755296625197
seed123_P0-null_step15000 47 1 4 0.06094101897906512
seed123_P0-null_step15000 47 1 5 0.059915811056271195
seed123_P0-null_step15000 47 1 6 0.059399463003501296
seed123_P0-null_step15000 47 1 7 0.0649058980634436
seed123_P0-null_step15000 47 1 8 0.06200276000890881
seed123_P0-null_step15000 47 1 9 0.06401185900904238
seed123_P0-null_step15000 47 2 0 0.06038549798540771
seed123_P0-null_step15000 47 2 1 0.06280976091511548
seed123_P0-null_step15000 47 2 2 0.060880303964950144
seed123_P0-null_step15000 47 2 3 0.05959591793362051
seed123_P0-null_step15000 47 2 4 0.06379036593716592
seed123_P0-null_step15000 47 2 5 0.06099207792431116
seed123_P0-null_step15000 47 2 6 0.0661138960858807
seed123_P0-null_step15000 47 2 7 0.061802344978787005
seed123_P0-null_step15000 47 2 8 0.06096526701003313
seed123_P0-null_step15000 47 2 9 0.06652936001773924
seed123_P0-null_step15000 47 3 0 0.0597855809610337
seed123_P0-null_step15000 47 3 1 0.059039785992354155
seed123_P0-null_step15000 47 3 2 0.06479457498062402
seed123_P0-null_step15000 47 3 3 0.06086391198914498
seed123_P0-null_step15000 47 3 4 0.06789526098873466
seed123_P0-null_step15000 47 3 5 0.06025947700254619
seed123_P0-null_step15000 47 3 6 0.0619476439896971
seed123_P0-null_step15000 47 3 7 0.06056439003441483
seed123_P0-null_step15000 47 3 8 0.06043385900557041
seed123_P0-null_step15000 47 3 9 0.06114273495040834
seed123_P0-null_step15000 47 4 0 0.060329181025736034
seed123_P0-null_step15000 47 4 1 0.06710439000744373
seed123_P0-null_step15000 47 4 2 0.0603047430049628
seed123_P0-null_step15000 47 4 3 0.06320239196065813
seed123_P0-null_step15000 47 4 4 0.06352817500010133
seed123_P0-null_step15000 47 4 5 0.06252142996527255
seed123_P0-null_step15000 47 4 6 0.06564425793476403
seed123_P0-null_step15000 47 4 7 0.05982425494585186
seed123_P0-null_step15000 47 4 8 0.06455343298148364
seed123_P0-null_step15000 47 4 9 0.06263886392116547
seed123_P0-null_step15000 47 5 0 0.06201289803721011
seed123_P0-null_step15000 47 5 1 0.06357721798121929
seed123_P0-null_step15000 47 5 2 0.06131847098004073
seed123_P0-null_step15000 47 5 3 0.06496148405130953
seed123_P0-null_step15000 47 5 4 0.06067215604707599
seed123_P0-null_step15000 47 5 5 0.06227685301564634
seed123_P0-null_step15000 47 5 6 0.06297881505452096
seed123_P0-null_step15000 47 5 7 0.06181704404298216
seed123_P0-null_step15000 47 5 8 0.0628543469356373
seed123_P0-null_step15000 47 5 9 0.05970890400931239
seed123_P0-null_step15000 47 6 0 0.06482625508215278
seed123_P0-null_step15000 47 6 1 0.05995730892755091
seed123_P0-null_step15000 47 6 2 0.06271456903778017
seed123_P0-null_step15000 47 6 3 0.06579011806752533
seed123_P0-null_step15000 47 6 4 0.06411772198043764
seed123_P0-null_step15000 47 6 5 0.06415959098376334
seed123_P0-null_step15000 47 6 6 0.05987759702838957
seed123_P0-null_step15000 47 6 7 0.06328020000364631
seed123_P0-null_step15000 47 6 8 0.06069175305310637
seed123_P0-null_step15000 47 6 9 0.06372010102495551
seed123_P0-null_step15000 47 7 0 0.060133195016533136
seed123_P0-null_step15000 47 7 1 0.0631683359388262
seed123_P0-null_step15000 47 7 2 0.061286549898795784
seed123_P0-null_step15000 47 7 3 0.06122423999477178
seed123_P0-null_step15000 47 7 4 0.060710819088853896
seed123_P0-null_step15000 47 7 5 0.0631916910642758
seed123_P0-null_step15000 47 7 6 0.06099095498211682
seed123_P0-null_step15000 47 7 7 0.0645574409281835
seed123_P0-null_step15000 47 7 8 0.06604188890196383
seed123_P0-null_step15000 47 7 9 0.061668368987739086
seed123_P0-null_step15000 47 8 0 0.06592108798213303
seed123_P0-null_step15000 47 8 1 0.062442107941024005
seed123_P0-null_step15000 47 8 2 0.06639867008198053
seed123_P0-null_step15000 47 8 3 0.06179277703631669
seed123_P0-null_step15000 47 8 4 0.06328417791519314
seed123_P0-null_step15000 47 8 5 0.06073643791023642
seed123_P0-null_step15000 47 8 6 0.06383485102560371
seed123_P0-null_step15000 47 8 7 0.06149575999006629
seed123_P0-null_step15000 47 8 8 0.06369237799663097
seed123_P0-null_step15000 47 8 9 0.06551873905118555
seed123_P0-null_step15000 47 9 0 0.060180496075190604
seed123_P0-null_step15000 47 9 1 0.06073647807352245
seed123_P0-null_step15000 47 9 2 0.06335606495849788
seed123_P0-null_step15000 47 9 3 0.06520079099573195
seed123_P0-null_step15000 47 9 4 0.06151765096001327
seed123_P0-null_step15000 47 9 5 0.061214152025058866
seed123_P0-null_step15000 47 9 6 0.0646190089173615
seed123_P0-null_step15000 47 9 7 0.06121666601393372
seed123_P0-null_step15000 47 9 8 0.06193318497389555
seed123_P0-null_step15000 47 9 9 0.06316597200930119
seed123_P0-null_step15000 51 0 0 0.025503596058115363
seed123_P0-null_step15000 51 0 1 0.023981267004273832
seed123_P0-null_step15000 51 0 2 0.023171168053522706
seed123_P0-null_step15000 51 0 3 0.022995282080955803
seed123_P0-null_step15000 51 0 4 0.022707992000505328
seed123_P0-null_step15000 51 0 5 0.022598493029363453
seed123_P0-null_step15000 51 0 6 0.02244589093606919
seed123_P0-null_step15000 51 0 7 0.02258966607041657
seed123_P0-null_step15000 51 0 8 0.022454738966189325
seed123_P0-null_step15000 51 0 9 0.02604057197459042
seed123_P0-null_step15000 51 1 0 0.022224397980608046
seed123_P0-null_step15000 51 1 1 0.022120430949144065
seed123_P0-null_step15000 51 1 2 0.02257442695554346
seed123_P0-null_step15000 51 1 3 0.02265962993260473
seed123_P0-null_step15000 51 1 4 0.022105381009168923
seed123_P0-null_step15000 51 1 5 0.022364857024513185
seed123_P0-null_step15000 51 1 6 0.023259597015567124
seed123_P0-null_step15000 51 1 7 0.02228239900432527
seed123_P0-null_step15000 51 1 8 0.02212411700747907
seed123_P0-null_step15000 51 1 9 0.022093117935582995
seed123_P0-null_step15000 51 2 0 0.022062779986299574
seed123_P0-null_step15000 51 2 1 0.022153011988848448
seed123_P0-null_step15000 51 2 2 0.024667377932928503
seed123_P0-null_step15000 51 2 3 0.02314961701631546
seed123_P0-null_step15000 51 2 4 0.02316529699601233
seed123_P0-null_step15000 51 2 5 0.02326257200911641
seed123_P0-null_step15000 51 2 6 0.022408759919926524
seed123_P0-null_step15000 51 2 7 0.022728912997990847
seed123_P0-null_step15000 51 2 8 0.02394727198407054
seed123_P0-null_step15000 51 2 9 0.024232696974650025
seed123_P0-null_step15000 51 3 0 0.02347068104427308
seed123_P0-null_step15000 51 3 1 0.02216306107584387
seed123_P0-null_step15000 51 3 2 0.02211432799231261
seed123_P0-null_step15000 51 3 3 0.02208181598689407
seed123_P0-null_step15000 51 3 4 0.022092525963671505
seed123_P0-null_step15000 51 3 5 0.02580249705351889
seed123_P0-null_step15000 51 3 6 0.023124868981540203
seed123_P0-null_step15000 51 3 7 0.0234892750158906
seed123_P0-null_step15000 51 3 8 0.02252523391507566
seed123_P0-null_step15000 51 3 9 0.02237788203638047
seed123_P0-null_step15000 51 4 0 0.023148684995248914
seed123_P0-null_step15000 51 4 1 0.02376543392892927
seed123_P0-null_step15000 51 4 2 0.0232714400626719
seed123_P0-null_step15000 51 4 3 0.022133084014058113
seed123_P0-null_step15000 51 4 4 0.022125249030068517
seed123_P0-null_step15000 51 4 5 0.02353935199789703
seed123_P0-null_step15000 51 4 6 0.02338245208375156
seed123_P0-null_step15000 51 4 7 0.022551213041879237
seed123_P0-null_step15000 51 4 8 0.025083443033508956
seed123_P0-null_step15000 51 4 9 0.022290955996140838
seed123_P0-null_step15000 51 5 0 0.022091624909080565
seed123_P0-null_step15000 51 5 1 0.022032190929166973
seed123_P0-null_step15000 51 5 2 0.022420894005335867
seed123_P0-null_step15000 51 5 3 0.022395776002667844
seed123_P0-null_step15000 51 5 4 0.023566453950479627
seed123_P0-null_step15000 51 5 5 0.02309698599856347
seed123_P0-null_step15000 51 5 6 0.022162690060213208
seed123_P0-null_step15000 51 5 7 0.022258282988332212
seed123_P0-null_step15000 51 5 8 0.02213585888966918
seed123_P0-null_step15000 51 5 9 0.02243331796489656
seed123_P0-null_step15000 51 6 0 0.022528018918819726
seed123_P0-null_step15000 51 6 1 0.024163423920981586
seed123_P0-null_step15000 51 6 2 0.022777566104196012
seed123_P0-null_step15000 51 6 3 0.02211522893048823
seed123_P0-null_step15000 51 6 4 0.02209643309470266
seed123_P0-null_step15000 51 6 5 0.02209159405902028
seed123_P0-null_step15000 51 6 6 0.022092666011303663
seed123_P0-null_step15000 51 6 7 0.022153892903588712
seed123_P0-null_step15000 51 6 8 0.02434751600958407
seed123_P0-null_step15000 51 6 9 0.02281443600077182
seed123_P0-null_step15000 51 7 0 0.025260891998186707
seed123_P0-null_step15000 51 7 1 0.02589466399513185
seed123_P0-null_step15000 51 7 2 0.02377642400097102
seed123_P0-null_step15000 51 7 3 0.02248959499411285
seed123_P0-null_step15000 51 7 4 0.02446789701934904
seed123_P0-null_step15000 51 7 5 0.022809006040915847
seed123_P0-null_step15000 51 7 6 0.023417138028889894
seed123_P0-null_step15000 51 7 7 0.022229638998396695
seed123_P0-null_step15000 51 7 8 0.022124427021481097
seed123_P0-null_step15000 51 7 9 0.02213783306069672
seed123_P0-null_step15000 51 8 0 0.02358387701679021
seed123_P0-null_step15000 51 8 1 0.027186993043869734
seed123_P0-null_step15000 51 8 2 0.022171446005813777
seed123_P0-null_step15000 51 8 3 0.022086575045250356
seed123_P0-null_step15000 51 8 4 0.022250788984820247
seed123_P0-null_step15000 51 8 5 0.022649841965176165
seed123_P0-null_step15000 51 8 6 0.022119687986560166
seed123_P0-null_step15000 51 8 7 0.02368437801487744
seed123_P0-null_step15000 51 8 8 0.022167079034261405
seed123_P0-null_step15000 51 8 9 0.0221750030759722
seed123_P0-null_step15000 51 9 0 0.022158653009682894
seed123_P0-null_step15000 51 9 1 0.024630227009765804
seed123_P0-null_step15000 51 9 2 0.022803695988841355
seed123_P0-null_step15000 51 9 3 0.024018067051656544
seed123_P0-null_step15000 51 9 4 0.02346858603414148
seed123_P0-null_step15000 51 9 5 0.023182739969342947
seed123_P0-null_step15000 51 9 6 0.022132262005470693
seed123_P0-null_step15000 51 9 7 0.022095932974480093
seed123_P0-null_step15000 51 9 8 0.022228025016374886
seed123_P0-null_step15000 51 9 9 0.021929012960754335
seed123_P0-null_step15000 52 0 0 0.772902166005224
seed123_P0-null_step15000 52 0 1 0.7742802889551967
seed123_P0-null_step15000 52 0 2 0.7683282109210268
seed123_P0-null_step15000 52 0 3 0.7812328549334779
seed123_P0-null_step15000 52 0 4 0.7771908480208367
seed123_P0-null_step15000 52 0 5 0.7657390800304711
seed123_P0-null_step15000 52 0 6 0.7697818739106879
seed123_P0-null_step15000 52 0 7 0.7741095140809193
seed123_P0-null_step15000 52 0 8 0.7838196629891172
seed123_P0-null_step15000 52 0 9 0.7794001960428432
seed123_P0-null_step15000 52 1 0 0.8003512669820338
seed123_P0-null_step15000 52 1 1 0.7852024730527773
seed123_P0-null_step15000 52 1 2 0.7851388599956408
seed123_P0-null_step15000 52 1 3 0.7975600089412183
seed123_P0-null_step15000 52 1 4 0.7842879310483113
seed123_P0-null_step15000 52 1 5 0.7998305869987234
seed123_P0-null_step15000 52 1 6 0.7783847969258204
seed123_P0-null_step15000 52 1 7 0.7970366959925741
seed123_P0-null_step15000 52 1 8 0.7967187860049307
seed123_P0-null_step15000 52 1 9 0.7585223299684003
seed123_P0-null_step15000 52 2 0 0.7832127000438049
seed123_P0-null_step15000 52 2 1 0.7657350540393963
seed123_P0-null_step15000 52 2 2 0.7811093269847333
seed123_P0-null_step15000 52 2 3 0.7775531089864671
seed123_P0-null_step15000 52 2 4 0.7755750869400799
seed123_P0-null_step15000 52 2 5 0.7755082689691335
seed123_P0-null_step15000 52 2 6 0.7907528249779716
seed123_P0-null_step15000 52 2 7 0.7631374020129442
seed123_P0-null_step15000 52 2 8 0.7767734240042046
seed123_P0-null_step15000 52 2 9 0.7809322309913114
seed123_P0-null_step15000 52 3 0 0.7749433330027387
seed123_P0-null_step15000 52 3 1 0.7767303079599515
seed123_P0-null_step15000 52 3 2 0.7900606950279325
seed123_P0-null_step15000 52 3 3 0.7698073639767244
seed123_P0-null_step15000 52 3 4 0.7781273139407858
seed123_P0-null_step15000 52 3 5 0.7765043219551444
seed123_P0-null_step15000 52 3 6 0.7703019760083407
seed123_P0-null_step15000 52 3 7 0.7736350559862331
seed123_P0-null_step15000 52 3 8 0.7813689870527014
seed123_P0-null_step15000 52 3 9 0.7762948770541698
seed123_P0-null_step15000 52 4 0 0.7712950700661168
seed123_P0-null_step15000 52 4 1 0.7864318590145558
seed123_P0-null_step15000 52 4 2 0.7844670130871236
seed123_P0-null_step15000 52 4 3 0.7730115980375558
seed123_P0-null_step15000 52 4 4 0.7753505960572511
seed123_P0-null_step15000 52 4 5 0.784393077949062
seed123_P0-null_step15000 52 4 6 0.7716736170696095
seed123_P0-null_step15000 52 4 7 0.787574436981231
seed123_P0-null_step15000 52 4 8 0.7866273360559717
seed123_P0-null_step15000 52 4 9 0.7735050240298733
seed123_P0-null_step15000 52 5 0 0.7667691889218986
seed123_P0-null_step15000 52 5 1 0.7771095320349559
seed123_P0-null_step15000 52 5 2 0.7849549250677228
seed123_P0-null_step15000 52 5 3 0.7635989870177582
seed123_P0-null_step15000 52 5 4 0.7690205479739234
seed123_P0-null_step15000 52 5 5 0.7867342930985615
seed123_P0-null_step15000 52 5 6 0.7723086200421676
seed123_P0-null_step15000 52 5 7 0.7904845279408619
seed123_P0-null_step15000 52 5 8 0.7766124940244481
seed123_P0-null_step15000 52 5 9 0.7861029820051044
seed123_P0-null_step15000 52 6 0 0.780711206025444
seed123_P0-null_step15000 52 6 1 0.7687018819851801
seed123_P0-null_step15000 52 6 2 0.7999851700151339
seed123_P0-null_step15000 52 6 3 0.7847677960526198
seed123_P0-null_step15000 52 6 4 0.7895848210901022
seed123_P0-null_step15000 52 6 5 0.7969107819953933
seed123_P0-null_step15000 52 6 6 0.7966218889923766
seed123_P0-null_step15000 52 6 7 0.8046989350114018
seed123_P0-null_step15000 52 6 8 0.8142797050531954
seed123_P0-null_step15000 52 6 9 0.8136119670234621
seed123_P0-null_step15000 52 7 0 0.8349998230114579
seed123_P0-null_step15000 52 7 1 0.8161064820596948
seed123_P0-null_step15000 52 7 2 0.8079393020598218
seed123_P0-null_step15000 52 7 3 0.8151027630083263
seed123_P0-null_step15000 52 7 4 0.829278304008767
seed123_P0-null_step15000 52 7 5 0.8143262059893459
seed123_P0-null_step15000 52 7 6 0.8076018729479983
seed123_P0-null_step15000 52 7 7 0.8091384379658848
seed123_P0-null_step15000 52 7 8 0.810595832997933
seed123_P0-null_step15000 52 7 9 0.8157560939434916
seed123_P0-null_step15000 52 8 0 0.8065420929342508
seed123_P0-null_step15000 52 8 1 0.8404356100363657
seed123_P0-null_step15000 52 8 2 0.8178086429834366
seed123_P0-null_step15000 52 8 3 0.7988716999534518
seed123_P0-null_step15000 52 8 4 0.8075767960399389
seed123_P0-null_step15000 52 8 5 0.8087667890358716
seed123_P0-null_step15000 52 8 6 0.825791566981934
seed123_P0-null_step15000 52 8 7 0.8048549810191616
seed123_P0-null_step15000 52 8 8 0.8292772260028869
seed123_P0-null_step15000 52 8 9 0.8116531119449064
seed123_P0-null_step15000 52 9 0 0.8266449230723083
seed123_P0-null_step15000 52 9 1 0.8116195049369708
seed123_P0-null_step15000 52 9 2 0.8271166930207983
seed123_P0-null_step15000 52 9 3 0.8128338529495522
seed123_P0-null_step15000 52 9 4 0.8251682670088485
seed123_P0-null_step15000 52 9 5 0.7984066479839385
seed123_P0-null_step15000 52 9 6 0.8141112020239234
seed123_P0-null_step15000 52 9 7 0.8168913939734921
seed123_P0-null_step15000 52 9 8 0.8081190569791943
seed123_P0-null_step15000 52 9 9 0.8115501030115411
seed123_P0-null_step15000 56 0 0 0.018608283950015903
seed123_P0-null_step15000 56 0 1 0.017288672039285302
seed123_P0-null_step15000 56 0 2 0.017160336952656507
seed123_P0-null_step15000 56 0 3 0.017179752932861447
seed123_P0-null_step15000 56 0 4 0.01717854104936123
seed123_P0-null_step15000 56 0 5 0.017175626009702682
seed123_P0-null_step15000 56 0 6 0.017172049032524228
seed123_P0-null_step15000 56 0 7 0.01717732904944569
seed123_P0-null_step15000 56 0 8 0.01714871497824788
seed123_P0-null_step15000 56 0 9 0.01720003306400031
seed123_P0-null_step15000 56 1 0 0.017158432980068028
seed123_P0-null_step15000 56 1 1 0.017177590052597225
seed123_P0-null_step15000 56 1 2 0.01726819307077676
seed123_P0-null_step15000 56 1 3 0.01750633807387203
seed123_P0-null_step15000 56 1 4 0.01716141903307289
seed123_P0-null_step15000 56 1 5 0.017183281015604734
seed123_P0-null_step15000 56 1 6 0.017155337030999362
seed123_P0-null_step15000 56 1 7 0.01737208105623722
seed123_P0-null_step15000 56 1 8 0.017201806069351733
seed123_P0-null_step15000 56 1 9 0.01752743893302977
seed123_P0-null_step15000 56 2 0 0.01719535398297012
seed123_P0-null_step15000 56 2 1 0.017165236989967525
seed123_P0-null_step15000 56 2 2 0.017283992958255112
seed123_P0-null_step15000 56 2 3 0.017167349928058684
seed123_P0-null_step15000 56 2 4 0.017454328015446663
seed123_P0-null_step15000 56 2 5 0.017166417906992137
seed123_P0-null_step15000 56 2 6 0.017461201990954578
seed123_P0-null_step15000 56 2 7 0.01716402405872941
seed123_P0-null_step15000 56 2 8 0.017169383936561644
seed123_P0-null_step15000 56 2 9 0.017174434033222497
seed123_P0-null_step15000 56 3 0 0.017162039992399514
seed123_P0-null_step15000 56 3 1 0.01717164891306311
seed123_P0-null_step15000 56 3 2 0.017159434966742992
seed123_P0-null_step15000 56 3 3 0.017169254017062485
seed123_P0-null_step15000 56 3 4 0.017183511052280664
seed123_P0-null_step15000 56 3 5 0.01737893500830978
seed123_P0-null_step15000 56 3 6 0.01777476107235998
seed123_P0-null_step15000 56 3 7 0.017538229003548622
seed123_P0-null_step15000 56 3 8 0.017738271970301867
seed123_P0-null_step15000 56 3 9 0.0173845449462533
seed123_P0-null_step15000 56 4 0 0.017352774972096086
seed123_P0-null_step15000 56 4 1 0.018045507953502238
seed123_P0-null_step15000 56 4 2 0.01815452694427222
seed123_P0-null_step15000 56 4 3 0.02180314005818218
seed123_P0-null_step15000 56 4 4 0.01902969996444881
seed123_P0-null_step15000 56 4 5 0.01904826401732862
seed123_P0-null_step15000 56 4 6 0.018946730997413397
seed123_P0-null_step15000 56 4 7 0.0175756310345605
seed123_P0-null_step15000 56 4 8 0.017666422994807363
seed123_P0-null_step15000 56 4 9 0.01757306605577469
seed123_P0-null_step15000 56 5 0 0.017268082010559738
seed123_P0-null_step15000 56 5 1 0.01899854000657797
seed123_P0-null_step15000 56 5 2 0.01725136989261955
seed123_P0-null_step15000 56 5 3 0.01721363898832351
seed123_P0-null_step15000 56 5 4 0.017357522970996797
seed123_P0-null_step15000 56 5 5 0.017181347007863224
seed123_P0-null_step15000 56 5 6 0.017086014966480434
seed123_P0-null_step15000 56 5 7 0.017272721976041794
seed123_P0-null_step15000 56 5 8 0.01693793199956417
seed123_P0-null_step15000 56 5 9 0.016941749025136232
seed123_P0-null_step15000 56 6 0 0.0213308670790866
seed123_P0-null_step15000 56 6 1 0.01725187199190259
seed123_P0-null_step15000 56 6 2 0.017938062897883356
seed123_P0-null_step15000 56 6 3 0.017935949028469622
seed123_P0-null_step15000 56 6 4 0.017499194014817476
seed123_P0-null_step15000 56 6 5 0.016966486000455916
seed123_P0-null_step15000 56 6 6 0.017225070972926915
seed123_P0-null_step15000 56 6 7 0.01699665398336947
seed123_P0-null_step15000 56 6 8 0.018596712965518236
seed123_P0-null_step15000 56 6 9 0.018603796022944152
seed123_P0-null_step15000 56 7 0 0.01791635202243924
seed123_P0-null_step15000 56 7 1 0.017195013002492487
seed123_P0-null_step15000 56 7 2 0.017412619083188474
seed123_P0-null_step15000 56 7 3 0.017170035978779197
seed123_P0-null_step15000 56 7 4 0.017189972917549312
seed123_P0-null_step15000 56 7 5 0.01720689598005265
seed123_P0-null_step15000 56 7 6 0.01717045600526035
seed123_P0-null_step15000 56 7 7 0.01869122206699103
seed123_P0-null_step15000 56 7 8 0.017161588999442756
seed123_P0-null_step15000 56 7 9 0.017211834900081158
seed123_P0-null_step15000 56 8 0 0.016940486966632307
seed123_P0-null_step15000 56 8 1 0.01695072604343295
seed123_P0-null_step15000 56 8 2 0.016956647974438965
seed123_P0-null_step15000 56 8 3 0.016955836093984544
seed123_P0-null_step15000 56 8 4 0.01697114505805075
seed123_P0-null_step15000 56 8 5 0.017037832993082702
seed123_P0-null_step15000 56 8 6 0.018984933965839446
seed123_P0-null_step15000 56 8 7 0.01746867597103119
seed123_P0-null_step15000 56 8 8 0.017308730049990118
seed123_P0-null_step15000 56 8 9 0.01695038506295532
seed123_P0-null_step15000 56 9 0 0.01697392005007714
seed123_P0-null_step15000 56 9 1 0.017276238999329507
seed123_P0-null_step15000 56 9 2 0.016959202010184526
seed123_P0-null_step15000 56 9 3 0.017102906946092844
seed123_P0-null_step15000 56 9 4 0.01717135705985129
seed123_P0-null_step15000 56 9 5 0.02002858801279217
seed123_P0-null_step15000 56 9 6 0.0170438940403983
seed123_P0-null_step15000 56 9 7 0.01710045395884663
seed123_P0-null_step15000 56 9 8 0.017118416959419847
seed123_P0-null_step15000 56 9 9 0.0169354269746691
seed123_P0-null_step15000 62 0 0 0.295257554971613
seed123_P0-null_step15000 62 0 1 0.29504200199153274
seed123_P0-null_step15000 62 0 2 0.2858581499895081
seed123_P0-null_step15000 62 0 3 0.28881344804540277
seed123_P0-null_step15000 62 0 4 0.28613274404779077
seed123_P0-null_step15000 62 0 5 0.28426377405412495
seed123_P0-null_step15000 62 0 6 0.29531186795793474
seed123_P0-null_step15000 62 0 7 0.28499791491776705
seed123_P0-null_step15000 62 0 8 0.2889495879644528
seed123_P0-null_step15000 62 0 9 0.2970074280165136
seed123_P0-null_step15000 62 1 0 0.2981829649070278
seed123_P0-null_step15000 62 1 1 0.2913417490199208
seed123_P0-null_step15000 62 1 2 0.2887192970374599
seed123_P0-null_step15000 62 1 3 0.2917401510057971
seed123_P0-null_step15000 62 1 4 0.27452838607132435
seed123_P0-null_step15000 62 1 5 0.28930158901493996
seed123_P0-null_step15000 62 1 6 0.28600497893057764
seed123_P0-null_step15000 62 1 7 0.28887416201177984
seed123_P0-null_step15000 62 1 8 0.29810524405911565
seed123_P0-null_step15000 62 1 9 0.28829551592934877
seed123_P0-null_step15000 62 2 0 0.290045139961876
seed123_P0-null_step15000 62 2 1 0.2850198349915445
seed123_P0-null_step15000 62 2 2 0.29197228408884257
seed123_P0-null_step15000 62 2 3 0.2897085970034823
seed123_P0-null_step15000 62 2 4 0.291511001996696
seed123_P0-null_step15000 62 2 5 0.2905478699831292
seed123_P0-null_step15000 62 2 6 0.28384838602505624
seed123_P0-null_step15000 62 2 7 0.28236582304816693
seed123_P0-null_step15000 62 2 8 0.29496136598754674
seed123_P0-null_step15000 62 2 9 0.2863282850012183
seed123_P0-null_step15000 62 3 0 0.2845951330382377
seed123_P0-null_step15000 62 3 1 0.29272606305312365
seed123_P0-null_step15000 62 3 2 0.2850679459515959
seed123_P0-null_step15000 62 3 3 0.29418042197357863
seed123_P0-null_step15000 62 3 4 0.2854295469587669
seed123_P0-null_step15000 62 3 5 0.2909673519898206
seed123_P0-null_step15000 62 3 6 0.27942454093135893
seed123_P0-null_step15000 62 3 7 0.27435045200400054
seed123_P0-null_step15000 62 3 8 0.28275680798105896
seed123_P0-null_step15000 62 3 9 0.31059915001969784
seed123_P0-null_step15000 62 4 0 0.29855407995637506
seed123_P0-null_step15000 62 4 1 0.3055981530342251
seed123_P0-null_step15000 62 4 2 0.297670079045929
seed123_P0-null_step15000 62 4 3 0.3017636330332607
seed123_P0-null_step15000 62 4 4 0.28579989296849817
seed123_P0-null_step15000 62 4 5 0.29308108892291784
seed123_P0-null_step15000 62 4 6 0.29296040802728385
seed123_P0-null_step15000 62 4 7 0.3046274959342554
seed123_P0-null_step15000 62 4 8 0.2907658040057868
seed123_P0-null_step15000 62 4 9 0.3006599829532206
seed123_P0-null_step15000 62 5 0 0.303762151976116
seed123_P0-null_step15000 62 5 1 0.29375615902245045
seed123_P0-null_step15000 62 5 2 0.3021088920067996
seed123_P0-null_step15000 62 5 3 0.28996076493058354
seed123_P0-null_step15000 62 5 4 0.28461497800890356
seed123_P0-null_step15000 62 5 5 0.28030565194785595
seed123_P0-null_step15000 62 5 6 0.3018360099522397
seed123_P0-null_step15000 62 5 7 0.2852363439742476
seed123_P0-null_step15000 62 5 8 0.2904951759846881
seed123_P0-null_step15000 62 5 9 0.28042081103194505
seed123_P0-null_step15000 62 6 0 0.2930702269077301
seed123_P0-null_step15000 62 6 1 0.3088192050345242
seed123_P0-null_step15000 62 6 2 0.3041633570101112
seed123_P0-null_step15000 62 6 3 0.28589571500197053
seed123_P0-null_step15000 62 6 4 0.2938635409809649
seed123_P0-null_step15000 62 6 5 0.30960829299874604
seed123_P0-null_step15000 62 6 6 0.30840206798166037
seed123_P0-null_step15000 62 6 7 0.28419594501610845
seed123_P0-null_step15000 62 6 8 0.27851238299626857
seed123_P0-null_step15000 62 6 9 0.2749820250319317
seed123_P0-null_step15000 62 7 0 0.27550900203641504
seed123_P0-null_step15000 62 7 1 0.2766361370449886
seed123_P0-null_step15000 62 7 2 0.28042437590193003
seed123_P0-null_step15000 62 7 3 0.2858831490157172
seed123_P0-null_step15000 62 7 4 0.2976680720457807
seed123_P0-null_step15000 62 7 5 0.31002750305924565
seed123_P0-null_step15000 62 7 6 0.3370885599870235
seed123_P0-null_step15000 62 7 7 0.31957188306842
seed123_P0-null_step15000 62 7 8 0.3131970090325922
seed123_P0-null_step15000 62 7 9 0.3193753769155592
seed123_P0-null_step15000 62 8 0 0.3197615050012246
seed123_P0-null_step15000 62 8 1 0.35025025403592736
seed123_P0-null_step15000 62 8 2 0.31408156000543386
seed123_P0-null_step15000 62 8 3 0.3059208329068497
seed123_P0-null_step15000 62 8 4 0.3044600610155612
seed123_P0-null_step15000 62 8 5 0.30492116196546704
seed123_P0-null_step15000 62 8 6 0.3065080449450761
seed123_P0-null_step15000 62 8 7 0.2952430449659005
seed123_P0-null_step15000 62 8 8 0.280140403076075
seed123_P0-null_step15000 62 8 9 0.28282007307279855
seed123_P0-null_step15000 62 9 0 0.2779550140257925
seed123_P0-null_step15000 62 9 1 0.2927254840033129
seed123_P0-null_step15000 62 9 2 0.2906211910303682
seed123_P0-null_step15000 62 9 3 0.2802888849982992
seed123_P0-null_step15000 62 9 4 0.2777565959841013
seed123_P0-null_step15000 62 9 5 0.2859030239051208
seed123_P0-null_step15000 62 9 6 0.27676843595691025
seed123_P0-null_step15000 62 9 7 0.2729699370684102
seed123_P0-null_step15000 62 9 8 0.2749975819606334
seed123_P0-null_step15000 62 9 9 0.2763135270215571
seed123_P0-null_step15000 64 0 0 0.1764657129533589
seed123_P0-null_step15000 64 0 1 0.1717532059410587
seed123_P0-null_step15000 64 0 2 0.17102668702136725
seed123_P0-null_step15000 64 0 3 0.1742306809173897
seed123_P0-null_step15000 64 0 4 0.17023556597996503
seed123_P0-null_step15000 64 0 5 0.17144645890221
seed123_P0-null_step15000 64 0 6 0.17852717195637524
seed123_P0-null_step15000 64 0 7 0.17271411197725683
seed123_P0-null_step15000 64 0 8 0.1717501289676875
seed123_P0-null_step15000 64 0 9 0.17490351607557386
seed123_P0-null_step15000 64 1 0 0.16914526105392724
seed123_P0-null_step15000 64 1 1 0.1752556680003181
seed123_P0-null_step15000 64 1 2 0.16977968404535204
seed123_P0-null_step15000 64 1 3 0.1690201919991523
seed123_P0-null_step15000 64 1 4 0.18252072401810437
seed123_P0-null_step15000 64 1 5 0.17880736698862165
seed123_P0-null_step15000 64 1 6 0.17284520203247666
seed123_P0-null_step15000 64 1 7 0.17491089005488902
seed123_P0-null_step15000 64 1 8 0.17098909395281225
seed123_P0-null_step15000 64 1 9 0.17524227406829596
seed123_P0-null_step15000 64 2 0 0.1703999190358445
seed123_P0-null_step15000 64 2 1 0.17254897602833807
seed123_P0-null_step15000 64 2 2 0.17574760899879038
seed123_P0-null_step15000 64 2 3 0.17347558704204857
seed123_P0-null_step15000 64 2 4 0.17090998392086476
seed123_P0-null_step15000 64 2 5 0.17264310596510768
seed123_P0-null_step15000 64 2 6 0.16958838806021959
seed123_P0-null_step15000 64 2 7 0.17113830894231796
seed123_P0-null_step15000 64 2 8 0.18021087895613164
seed123_P0-null_step15000 64 2 9 0.17479433701373637
seed123_P0-null_step15000 64 3 0 0.17987838201224804
seed123_P0-null_step15000 64 3 1 0.17439760908018798
seed123_P0-null_step15000 64 3 2 0.1690023080445826
seed123_P0-null_step15000 64 3 3 0.176048852968961
seed123_P0-null_step15000 64 3 4 0.16574932006187737
seed123_P0-null_step15000 64 3 5 0.17072194395586848
seed123_P0-null_step15000 64 3 6 0.17840322200208902
seed123_P0-null_step15000 64 3 7 0.17022005305625498
seed123_P0-null_step15000 64 3 8 0.1812949589220807
seed123_P0-null_step15000 64 3 9 0.17205047397874296
seed123_P0-null_step15000 64 4 0 0.17425027606077492
seed123_P0-null_step15000 64 4 1 0.17471325199585408
seed123_P0-null_step15000 64 4 2 0.16453752398956567
seed123_P0-null_step15000 64 4 3 0.1667196840280667
seed123_P0-null_step15000 64 4 4 0.17773222993128002
seed123_P0-null_step15000 64 4 5 0.16930130904074758
seed123_P0-null_step15000 64 4 6 0.17148131504654884
seed123_P0-null_step15000 64 4 7 0.17408219492062926
seed123_P0-null_step15000 64 4 8 0.16834987001493573
seed123_P0-null_step15000 64 4 9 0.17389688093680888
seed123_P0-null_step15000 64 5 0 0.16512518702074885
seed123_P0-null_step15000 64 5 1 0.16772595793008804
seed123_P0-null_step15000 64 5 2 0.17477059992961586
seed123_P0-null_step15000 64 5 3 0.17854401201475412
seed123_P0-null_step15000 64 5 4 0.17069225595332682
seed123_P0-null_step15000 64 5 5 0.1803605230525136
seed123_P0-null_step15000 64 5 6 0.17534382606390864
seed123_P0-null_step15000 64 5 7 0.17112109495792538
seed123_P0-null_step15000 64 5 8 0.17706434393767267
seed123_P0-null_step15000 64 5 9 0.17150682292412966
seed123_P0-null_step15000 64 6 0 0.1645205810200423
seed123_P0-null_step15000 64 6 1 0.17784800194203854
seed123_P0-null_step15000 64 6 2 0.16909961204510182
seed123_P0-null_step15000 64 6 3 0.17561147594824433
seed123_P0-null_step15000 64 6 4 0.17772120900917798
seed123_P0-null_step15000 64 6 5 0.1703944659093395
seed123_P0-null_step15000 64 6 6 0.1722456250572577
seed123_P0-null_step15000 64 6 7 0.17413305107038468
seed123_P0-null_step15000 64 6 8 0.17444757197517902
seed123_P0-null_step15000 64 6 9 0.16868150292430073
seed123_P0-null_step15000 64 7 0 0.1710523630026728
seed123_P0-null_step15000 64 7 1 0.1659881150117144
seed123_P0-null_step15000 64 7 2 0.1726101509993896
seed123_P0-null_step15000 64 7 3 0.17257037502713501
seed123_P0-null_step15000 64 7 4 0.17344812105875462
seed123_P0-null_step15000 64 7 5 0.1775081509258598
seed123_P0-null_step15000 64 7 6 0.17139704199507833
seed123_P0-null_step15000 64 7 7 0.1673881799215451
seed123_P0-null_step15000 64 7 8 0.17736425693146884
seed123_P0-null_step15000 64 7 9 0.172592265997082
seed123_P0-null_step15000 64 8 0 0.16627172695007175
seed123_P0-null_step15000 64 8 1 0.16975885105784982
seed123_P0-null_step15000 64 8 2 0.16795744805131108
seed123_P0-null_step15000 64 8 3 0.16971923504024744
seed123_P0-null_step15000 64 8 4 0.17232296196743846
seed123_P0-null_step15000 64 8 5 0.17426371993497014
seed123_P0-null_step15000 64 8 6 0.17644252500031143
seed123_P0-null_step15000 64 8 7 0.17291046294849366
seed123_P0-null_step15000 64 8 8 0.17517702595796436
seed123_P0-null_step15000 64 8 9 0.16965026303660125
seed123_P0-null_step15000 64 9 0 0.17001168406568468
seed123_P0-null_step15000 64 9 1 0.16815613699145615
seed123_P0-null_step15000 64 9 2 0.16982289298903197
seed123_P0-null_step15000 64 9 3 0.16649585391860455
seed123_P0-null_step15000 64 9 4 0.17367336200550199
seed123_P0-null_step15000 64 9 5 0.17721193400211632
seed123_P0-null_step15000 64 9 6 0.18011027295142412
seed123_P0-null_step15000 64 9 7 0.17134740599431098
seed123_P0-null_step15000 64 9 8 0.1746904149185866
seed123_P0-null_step15000 64 9 9 0.17254833097103983
seed123_P0-null_step15000 69 0 0 0.4945241060340777
seed123_P0-null_step15000 69 0 1 0.4892850440228358
seed123_P0-null_step15000 69 0 2 0.5007691809441894
seed123_P0-null_step15000 69 0 3 0.49050952307879925
seed123_P0-null_step15000 69 0 4 0.48600039491429925
seed123_P0-null_step15000 69 0 5 0.4888678550487384
seed123_P0-null_step15000 69 0 6 0.5043030929518864
seed123_P0-null_step15000 69 0 7 0.4963281019590795
seed123_P0-null_step15000 69 0 8 0.48935870302375406
seed123_P0-null_step15000 69 0 9 0.4904979490675032
seed123_P0-null_step15000 69 1 0 0.5029864959651604
seed123_P0-null_step15000 69 1 1 0.491218205075711
seed123_P0-null_step15000 69 1 2 0.4934760899050161
seed123_P0-null_step15000 69 1 3 0.49662665999494493
seed123_P0-null_step15000 69 1 4 0.479298903956078
seed123_P0-null_step15000 69 1 5 0.48402963497210294
seed123_P0-null_step15000 69 1 6 0.4865890459623188
seed123_P0-null_step15000 69 1 7 0.48937339696567506
seed123_P0-null_step15000 69 1 8 0.48143381299450994
seed123_P0-null_step15000 69 1 9 0.4928995550144464
seed123_P0-null_step15000 69 2 0 0.4942954529542476
seed123_P0-null_step15000 69 2 1 0.49087418406270444
seed123_P0-null_step15000 69 2 2 0.5010169469751418
seed123_P0-null_step15000 69 2 3 0.49593878199812025
seed123_P0-null_step15000 69 2 4 0.5071843429468572
seed123_P0-null_step15000 69 2 5 0.5089638830395415
seed123_P0-null_step15000 69 2 6 0.490840918966569
seed123_P0-null_step15000 69 2 7 0.4857029099948704
seed123_P0-null_step15000 69 2 8 0.4898028140887618
seed123_P0-null_step15000 69 2 9 0.5109384460374713
seed123_P0-null_step15000 69 3 0 0.49449847696814686
seed123_P0-null_step15000 69 3 1 0.5040100240148604
seed123_P0-null_step15000 69 3 2 0.5022167071001604
seed123_P0-null_step15000 69 3 3 0.5120778019772843
seed123_P0-null_step15000 69 3 4 0.4893091790145263
seed123_P0-null_step15000 69 3 5 0.4934740470489487
seed123_P0-null_step15000 69 3 6 0.49665909400209785
seed123_P0-null_step15000 69 3 7 0.4901524600572884
seed123_P0-null_step15000 69 3 8 0.49497840099502355
seed123_P0-null_step15000 69 3 9 0.49141155497636646
seed123_P0-null_step15000 69 4 0 0.48452579404693097
seed123_P0-null_step15000 69 4 1 0.4934585459996015
seed123_P0-null_step15000 69 4 2 0.5028160579968244
seed123_P0-null_step15000 69 4 3 0.49689564399886876
seed123_P0-null_step15000 69 4 4 0.490632853936404
seed123_P0-null_step15000 69 4 5 0.5058623000513762
seed123_P0-null_step15000 69 4 6 0.4945990029955283
seed123_P0-null_step15000 69 4 7 0.49214594496879727
seed123_P0-null_step15000 69 4 8 0.490922195953317
seed123_P0-null_step15000 69 4 9 0.492578792036511
seed123_P0-null_step15000 69 5 0 0.49662437301594764
seed123_P0-null_step15000 69 5 1 0.5009753570193425
seed123_P0-null_step15000 69 5 2 0.4916641330346465
seed123_P0-null_step15000 69 5 3 0.49908998399041593
seed123_P0-null_step15000 69 5 4 0.48580304195638746
seed123_P0-null_step15000 69 5 5 0.4980379230109975
seed123_P0-null_step15000 69 5 6 0.4875098920892924
seed123_P0-null_step15000 69 5 7 0.5047217860119417
seed123_P0-null_step15000 69 5 8 0.5097096170065925
seed123_P0-null_step15000 69 5 9 0.4986216869438067
seed123_P0-null_step15000 69 6 0 0.4861775749595836
seed123_P0-null_step15000 69 6 1 0.5072649440262467
seed123_P0-null_step15000 69 6 2 0.4905448310310021
seed123_P0-null_step15000 69 6 3 0.49352557596284896
seed123_P0-null_step15000 69 6 4 0.49949794996064156
seed123_P0-null_step15000 69 6 5 0.4895020159892738
seed123_P0-null_step15000 69 6 6 0.4860225359443575
seed123_P0-null_step15000 69 6 7 0.4899682169780135
seed123_P0-null_step15000 69 6 8 0.49162250699009746
seed123_P0-null_step15000 69 6 9 0.5016646289732307
seed123_P0-null_step15000 69 7 0 0.5082154779229313
seed123_P0-null_step15000 69 7 1 0.5174013620708138
seed123_P0-null_step15000 69 7 2 0.520481538027525
seed123_P0-null_step15000 69 7 3 0.5081140520051122
seed123_P0-null_step15000 69 7 4 0.5060416921041906
seed123_P0-null_step15000 69 7 5 0.5010914109880105
seed123_P0-null_step15000 69 7 6 0.5031408180948347
seed123_P0-null_step15000 69 7 7 0.5096763769397512
seed123_P0-null_step15000 69 7 8 0.4964075490133837
seed123_P0-null_step15000 69 7 9 0.49844180699437857
seed123_P0-null_step15000 69 8 0 0.4933774680830538
seed123_P0-null_step15000 69 8 1 0.5013579990481958
seed123_P0-null_step15000 69 8 2 0.49707887996919453
seed123_P0-null_step15000 69 8 3 0.5015049281064421
seed123_P0-null_step15000 69 8 4 0.49575119209475815
seed123_P0-null_step15000 69 8 5 0.5012010469799861
seed123_P0-null_step15000 69 8 6 0.5000280849635601
seed123_P0-null_step15000 69 8 7 0.5056265649618581
seed123_P0-null_step15000 69 8 8 0.50291651498992
seed123_P0-null_step15000 69 8 9 0.5025610760785639
seed123_P0-null_step15000 69 9 0 0.498868698021397
seed123_P0-null_step15000 69 9 1 0.5008213500259444
seed123_P0-null_step15000 69 9 2 0.5024639079347253
seed123_P0-null_step15000 69 9 3 0.510067087947391
seed123_P0-null_step15000 69 9 4 0.503104250994511
seed123_P0-null_step15000 69 9 5 0.5088294820161536
seed123_P0-null_step15000 69 9 6 0.5012944920454174
seed123_P0-null_step15000 69 9 7 0.5022837519645691
seed123_P0-null_step15000 69 9 8 0.5046738499077037
seed123_P0-null_step15000 69 9 9 0.4979871710529551
seed123_P0-null_step15000 74 0 0 0.701809374964796
seed123_P0-null_step15000 74 0 1 0.6908883539726958
seed123_P0-null_step15000 74 0 2 0.7003219620091841
seed123_P0-null_step15000 74 0 3 0.6874843079131097
seed123_P0-null_step15000 74 0 4 0.6928661919664592
seed123_P0-null_step15000 74 0 5 0.7118620239198208
seed123_P0-null_step15000 74 0 6 0.6857164879329503
seed123_P0-null_step15000 74 0 7 0.696968229021877
seed123_P0-null_step15000 74 0 8 0.7067736079916358
seed123_P0-null_step15000 74 0 9 0.69758985505905
seed123_P0-null_step15000 74 1 0 0.7009307909756899
seed123_P0-null_step15000 74 1 1 0.684255923028104
seed123_P0-null_step15000 74 1 2 0.7008110400056466
seed123_P0-null_step15000 74 1 3 0.7025272990576923
seed123_P0-null_step15000 74 1 4 0.718742475961335
seed123_P0-null_step15000 74 1 5 0.7029581710230559
seed123_P0-null_step15000 74 1 6 0.6961975009180605
seed123_P0-null_step15000 74 1 7 0.7122129959752783
seed123_P0-null_step15000 74 1 8 0.697481331997551
seed123_P0-null_step15000 74 1 9 0.7118006070377305
seed123_P0-null_step15000 74 2 0 0.6914919560076669
seed123_P0-null_step15000 74 2 1 0.7231994790490717
seed123_P0-null_step15000 74 2 2 0.6917013139463961
seed123_P0-null_step15000 74 2 3 0.697847209055908
seed123_P0-null_step15000 74 2 4 0.6997892590006813
seed123_P0-null_step15000 74 2 5 0.6946405400522053
seed123_P0-null_step15000 74 2 6 0.6942255570320413
seed123_P0-null_step15000 74 2 7 0.6912859169533476
seed123_P0-null_step15000 74 2 8 0.7017256879480556
seed123_P0-null_step15000 74 2 9 0.7044485310325399
seed123_P0-null_step15000 74 3 0 0.6876290170475841
seed123_P0-null_step15000 74 3 1 0.6931582140969113
seed123_P0-null_step15000 74 3 2 0.6945443709846586
seed123_P0-null_step15000 74 3 3 0.7044671640032902
seed123_P0-null_step15000 74 3 4 0.6902011100901291
seed123_P0-null_step15000 74 3 5 0.699716783943586
seed123_P0-null_step15000 74 3 6 0.6891684959409758
seed123_P0-null_step15000 74 3 7 0.7035988009301946
seed123_P0-null_step15000 74 3 8 0.684472439927049
seed123_P0-null_step15000 74 3 9 0.6938123779837042
seed123_P0-null_step15000 74 4 0 0.678870594012551
seed123_P0-null_step15000 74 4 1 0.7006922740256414
seed123_P0-null_step15000 74 4 2 0.6839281769935042
seed123_P0-null_step15000 74 4 3 0.6866639349609613
seed123_P0-null_step15000 74 4 4 0.7078518039779738
seed123_P0-null_step15000 74 4 5 0.7128048799932003
seed123_P0-null_step15000 74 4 6 0.7054499929072335
seed123_P0-null_step15000 74 4 7 0.6859351899474859
seed123_P0-null_step15000 74 4 8 0.6960768299177289
seed123_P0-null_step15000 74 4 9 0.7019840870052576
seed123_P0-null_step15000 74 5 0 0.7022081660106778
seed123_P0-null_step15000 74 5 1 0.6975875949719921
seed123_P0-null_step15000 74 5 2 0.6947004980174825
seed123_P0-null_step15000 74 5 3 0.6905614970019087
seed123_P0-null_step15000 74 5 4 0.6922421680064872
seed123_P0-null_step15000 74 5 5 0.6891080689383671
seed123_P0-null_step15000 74 5 6 0.7034817759413272
seed123_P0-null_step15000 74 5 7 0.7034501350717619
seed123_P0-null_step15000 74 5 8 0.6981469000456855
seed123_P0-null_step15000 74 5 9 0.687466319068335
seed123_P0-null_step15000 74 6 0 0.7033288109814748
seed123_P0-null_step15000 74 6 1 0.6897792769595981
seed123_P0-null_step15000 74 6 2 0.6949914169963449
seed123_P0-null_step15000 74 6 3 0.7002145879669115
seed123_P0-null_step15000 74 6 4 0.7221069539664313
seed123_P0-null_step15000 74 6 5 0.7163842379814014
seed123_P0-null_step15000 74 6 6 0.7085602260194719
seed123_P0-null_step15000 74 6 7 0.7092568150255829
seed123_P0-null_step15000 74 6 8 0.6912303969729692
seed123_P0-null_step15000 74 6 9 0.6955899170134217
seed123_P0-null_step15000 74 7 0 0.7012900600675493
seed123_P0-null_step15000 74 7 1 0.7025387960020453
seed123_P0-null_step15000 74 7 2 0.6992900859331712
seed123_P0-null_step15000 74 7 3 0.714755589957349
seed123_P0-null_step15000 74 7 4 0.6918941020267084
seed123_P0-null_step15000 74 7 5 0.6897727679461241
seed123_P0-null_step15000 74 7 6 0.6898958330275491
seed123_P0-null_step15000 74 7 7 0.7073408169671893
seed123_P0-null_step15000 74 7 8 0.6996506319846958
seed123_P0-null_step15000 74 7 9 0.6892529210308567
seed123_P0-null_step15000 74 8 0 0.7051846260437742
seed123_P0-null_step15000 74 8 1 0.699265283998102
seed123_P0-null_step15000 74 8 2 0.688985047978349
seed123_P0-null_step15000 74 8 3 0.6962866509566084
seed123_P0-null_step15000 74 8 4 0.6895617480622604
seed123_P0-null_step15000 74 8 5 0.7108656299533322
seed123_P0-null_step15000 74 8 6 0.7113622380420566
seed123_P0-null_step15000 74 8 7 0.6878361499402672
seed123_P0-null_step15000 74 8 8 0.6946463428903371
seed123_P0-null_step15000 74 8 9 0.6867324990453199
seed123_P0-null_step15000 74 9 0 0.6954544449690729
seed123_P0-null_step15000 74 9 1 0.6872961249900982
seed123_P0-null_step15000 74 9 2 0.691822153981775
seed123_P0-null_step15000 74 9 3 0.6864712979877368
seed123_P0-null_step15000 74 9 4 0.6954492939403281
seed123_P0-null_step15000 74 9 5 0.6909778589615598
seed123_P0-null_step15000 74 9 6 0.6870283910539001
seed123_P0-null_step15000 74 9 7 0.6931095210602507
seed123_P0-null_step15000 74 9 8 0.6961452419636771
seed123_P0-null_step15000 74 9 9 0.7014229069463909
seed123_P0-null_step15000 78 0 0 1.1452028750209138
seed123_P0-null_step15000 78 0 1 1.1431241210084409
seed123_P0-null_step15000 78 0 2 1.1264539930270985
seed123_P0-null_step15000 78 0 3 1.131191925960593
seed123_P0-null_step15000 78 0 4 1.1532077859155834
seed123_P0-null_step15000 78 0 5 1.1347909709438682
seed123_P0-null_step15000 78 0 6 1.1478627489414066
seed123_P0-null_step15000 78 0 7 1.1112186609534547
seed123_P0-null_step15000 78 0 8 1.1382725490257144
seed123_P0-null_step15000 78 0 9 1.1159286089241505
seed123_P0-null_step15000 78 1 0 1.1256342050619423
seed123_P0-null_step15000 78 1 1 1.1229807030176744
seed123_P0-null_step15000 78 1 2 1.1437393799424171
seed123_P0-null_step15000 78 1 3 1.1147765229688957
seed123_P0-null_step15000 78 1 4 1.1112251349259168
seed123_P0-null_step15000 78 1 5 1.112278726999648
seed123_P0-null_step15000 78 1 6 1.1292125639738515
seed123_P0-null_step15000 78 1 7 1.1558153489604592
seed123_P0-null_step15000 78 1 8 1.1315945939859375
seed123_P0-null_step15000 78 1 9 1.1258236540015787
seed123_P0-null_step15000 78 2 0 1.16735454602167
seed123_P0-null_step15000 78 2 1 1.13490586692933
seed123_P0-null_step15000 78 2 2 1.1261131929932162
seed123_P0-null_step15000 78 2 3 1.1274268219713122
seed123_P0-null_step15000 78 2 4 1.1278326560277492
seed123_P0-null_step15000 78 2 5 1.1210344140417874
seed123_P0-null_step15000 78 2 6 1.1248415580485016
seed123_P0-null_step15000 78 2 7 1.1267483599949628
seed123_P0-null_step15000 78 2 8 1.1191089999629185
seed123_P0-null_step15000 78 2 9 1.1273468809667975
seed123_P0-null_step15000 78 3 0 1.1131678740493953
seed123_P0-null_step15000 78 3 1 1.1339246280258521
seed123_P0-null_step15000 78 3 2 1.1516105020418763
seed123_P0-null_step15000 78 3 3 1.1547382980352268
seed123_P0-null_step15000 78 3 4 1.1300716310506687
seed123_P0-null_step15000 78 3 5 1.1154581339797005
seed123_P0-null_step15000 78 3 6 1.1129386289976537
seed123_P0-null_step15000 78 3 7 1.1285327860387042
seed123_P0-null_step15000 78 3 8 1.1114475659560412
seed123_P0-null_step15000 78 3 9 1.1252782950177789
seed123_P0-null_step15000 78 4 0 1.1270775109296665
seed123_P0-null_step15000 78 4 1 1.12208430794999
seed123_P0-null_step15000 78 4 2 1.1371401270153
seed123_P0-null_step15000 78 4 3 1.129032584023662
seed123_P0-null_step15000 78 4 4 1.1577728519914672
seed123_P0-null_step15000 78 4 5 1.1212307820096612
seed123_P0-null_step15000 78 4 6 1.1201319810934365
seed123_P0-null_step15000 78 4 7 1.1392037239857018
seed123_P0-null_step15000 78 4 8 1.106071820948273
seed123_P0-null_step15000 78 4 9 1.1186606149422005
seed123_P0-null_step15000 78 5 0 1.1301099319243804
seed123_P0-null_step15000 78 5 1 1.1388110889820382
seed123_P0-null_step15000 78 5 2 1.1678538550622761
seed123_P0-null_step15000 78 5 3 1.1308329600142315
seed123_P0-null_step15000 78 5 4 1.1260077989427373
seed123_P0-null_step15000 78 5 5 1.1292971729999408
seed123_P0-null_step15000 78 5 6 1.1273719319142401
seed123_P0-null_step15000 78 5 7 1.118705942062661
seed123_P0-null_step15000 78 5 8 1.1219651279971004
seed123_P0-null_step15000 78 5 9 1.140636526979506
seed123_P0-null_step15000 78 6 0 1.1477060440229252
seed123_P0-null_step15000 78 6 1 1.1395287460181862
seed123_P0-null_step15000 78 6 2 1.1385675080819055
seed123_P0-null_step15000 78 6 3 1.1362096020020545
seed123_P0-null_step15000 78 6 4 1.15461279603187
seed123_P0-null_step15000 78 6 5 1.1460696200374514
seed123_P0-null_step15000 78 6 6 1.149116070009768
seed123_P0-null_step15000 78 6 7 1.1394200919894502
seed123_P0-null_step15000 78 6 8 1.1149512219708413
seed123_P0-null_step15000 78 6 9 1.1193823689827695
seed123_P0-null_step15000 78 7 0 1.112845194991678
seed123_P0-null_step15000 78 7 1 1.141022538067773
seed123_P0-null_step15000 78 7 2 1.1336817390983924
seed123_P0-null_step15000 78 7 3 1.119224511901848
seed123_P0-null_step15000 78 7 4 1.1276512530166656
seed123_P0-null_step15000 78 7 5 1.1269676450174302
seed123_P0-null_step15000 78 7 6 1.1302465100307018
seed123_P0-null_step15000 78 7 7 1.1204173670848832
seed123_P0-null_step15000 78 7 8 1.1264422970125452
seed123_P0-null_step15000 78 7 9 1.1175499650416896
seed123_P0-null_step15000 78 8 0 1.1464889521012083
seed123_P0-null_step15000 78 8 1 1.1185238139005378
seed123_P0-null_step15000 78 8 2 1.144453740096651
seed123_P0-null_step15000 78 8 3 1.136439225054346
seed123_P0-null_step15000 78 8 4 1.1093294499441981
seed123_P0-null_step15000 78 8 5 1.1258443269180134
seed123_P0-null_step15000 78 8 6 1.1299184210365638
seed123_P0-null_step15000 78 8 7 1.1708133629290387
seed123_P0-null_step15000 78 8 8 1.1535576289752498
seed123_P0-null_step15000 78 8 9 1.1601840399671346
seed123_P0-null_step15000 78 9 0 1.1453815340064466
seed123_P0-null_step15000 78 9 1 1.1196490610018373
seed123_P0-null_step15000 78 9 2 1.1198726670118049
seed123_P0-null_step15000 78 9 3 1.1155805840389803
seed123_P0-null_step15000 78 9 4 1.1525786519050598
seed123_P0-null_step15000 78 9 5 1.1350922260899097
seed123_P0-null_step15000 78 9 6 1.1360589620890096
seed123_P0-null_step15000 78 9 7 1.1598457440268248
seed123_P0-null_step15000 78 9 8 1.1435685890028253
seed123_P0-null_step15000 78 9 9 1.1282176349777728
{'model': 'seed123_P0-null_step15000', 'completed_pairs': 2000, 'requested_pairs': 2000, 'completed': True, 'complete_source_count': 20, 'FRD': 130.9861032882161, 'new_pairs': 2000, 'wall_seconds': 456.9446275139926}
