seed123_P1-byte_step15000 0 0 0 0.8226400630082935
seed123_P1-byte_step15000 0 0 1 0.09219112398568541
seed123_P1-byte_step15000 0 0 2 0.09952807589434087
seed123_P1-byte_step15000 0 0 3 0.09598473401274532
seed123_P1-byte_step15000 0 0 4 0.092706975992769
seed123_P1-byte_step15000 0 0 5 0.0907675459748134
seed123_P1-byte_step15000 0 0 6 0.0906671549892053
seed123_P1-byte_step15000 0 0 7 0.09197993203997612
seed123_P1-byte_step15000 0 0 8 0.09296138992067426
seed123_P1-byte_step15000 0 0 9 0.09162494691554457
seed123_P1-byte_step15000 0 1 0 0.08904264401644468
seed123_P1-byte_step15000 0 1 1 0.09200613293796778
seed123_P1-byte_step15000 0 1 2 0.09311420109588653
seed123_P1-byte_step15000 0 1 3 0.0931230679852888
seed123_P1-byte_step15000 0 1 4 0.09242484997957945
seed123_P1-byte_step15000 0 1 5 0.09631362091749907
seed123_P1-byte_step15000 0 1 6 0.09212030097842216
seed123_P1-byte_step15000 0 1 7 0.09783325099851936
seed123_P1-byte_step15000 0 1 8 0.0936065890127793
seed123_P1-byte_step15000 0 1 9 0.0915189660154283
seed123_P1-byte_step15000 0 2 0 0.096111846040003
seed123_P1-byte_step15000 0 2 1 0.09470992896240205
seed123_P1-byte_step15000 0 2 2 0.08940271998289973
seed123_P1-byte_step15000 0 2 3 0.09267028793692589
seed123_P1-byte_step15000 0 2 4 0.09050767298322171
seed123_P1-byte_step15000 0 2 5 0.09443768102210015
seed123_P1-byte_step15000 0 2 6 0.09297744208015501
seed123_P1-byte_step15000 0 2 7 0.09105758799705654
seed123_P1-byte_step15000 0 2 8 0.09129193495027721
seed123_P1-byte_step15000 0 2 9 0.0908931459998712
seed123_P1-byte_step15000 0 3 0 0.09537844196893275
seed123_P1-byte_step15000 0 3 1 0.09343706700019538
seed123_P1-byte_step15000 0 3 2 0.09346464090049267
seed123_P1-byte_step15000 0 3 3 0.09334945003502071
seed123_P1-byte_step15000 0 3 4 0.08904476906172931
seed123_P1-byte_step15000 0 3 5 0.09829430095851421
seed123_P1-byte_step15000 0 3 6 0.09489310905337334
seed123_P1-byte_step15000 0 3 7 0.09091952699236572
seed123_P1-byte_step15000 0 3 8 0.09507972397841513
seed123_P1-byte_step15000 0 3 9 0.09181275707669556
seed123_P1-byte_step15000 0 4 0 0.09499282797332853
seed123_P1-byte_step15000 0 4 1 0.0943778280634433
seed123_P1-byte_step15000 0 4 2 0.0892101339995861
seed123_P1-byte_step15000 0 4 3 0.09192722500301898
seed123_P1-byte_step15000 0 4 4 0.09337025100830942
seed123_P1-byte_step15000 0 4 5 0.09291306103114039
seed123_P1-byte_step15000 0 4 6 0.09207428502850235
seed123_P1-byte_step15000 0 4 7 0.09325449098832905
seed123_P1-byte_step15000 0 4 8 0.09087504295166582
seed123_P1-byte_step15000 0 4 9 0.09583797701634467
seed123_P1-byte_step15000 0 5 0 0.0950237080687657
seed123_P1-byte_step15000 0 5 1 0.09420298703480512
seed123_P1-byte_step15000 0 5 2 0.09547871397808194
seed123_P1-byte_step15000 0 5 3 0.10135790205094963
seed123_P1-byte_step15000 0 5 4 0.11034569493494928
seed123_P1-byte_step15000 0 5 5 0.09171612397767603
seed123_P1-byte_step15000 0 5 6 0.09146241098642349
seed123_P1-byte_step15000 0 5 7 0.09398469200823456
seed123_P1-byte_step15000 0 5 8 0.09137738891877234
seed123_P1-byte_step15000 0 5 9 0.09065979404840618
seed123_P1-byte_step15000 0 6 0 0.09081021102610976
seed123_P1-byte_step15000 0 6 1 0.09186173195485026
seed123_P1-byte_step15000 0 6 2 0.09305863990448415
seed123_P1-byte_step15000 0 6 3 0.08834104205016047
seed123_P1-byte_step15000 0 6 4 0.09101033105980605
seed123_P1-byte_step15000 0 6 5 0.09539708902593702
seed123_P1-byte_step15000 0 6 6 0.08878905605524778
seed123_P1-byte_step15000 0 6 7 0.08996743697207421
seed123_P1-byte_step15000 0 6 8 0.08998736506327987
seed123_P1-byte_step15000 0 6 9 0.09157629904802889
seed123_P1-byte_step15000 0 7 0 0.089754702989012
seed123_P1-byte_step15000 0 7 1 0.09621212095953524
seed123_P1-byte_step15000 0 7 2 0.0951405509840697
seed123_P1-byte_step15000 0 7 3 0.09056154894642532
seed123_P1-byte_step15000 0 7 4 0.09156718209851533
seed123_P1-byte_step15000 0 7 5 0.09282757993787527
seed123_P1-byte_step15000 0 7 6 0.09041773492936045
seed123_P1-byte_step15000 0 7 7 0.09008328907657415
seed123_P1-byte_step15000 0 7 8 0.08738920208998024
seed123_P1-byte_step15000 0 7 9 0.09557673300150782
seed123_P1-byte_step15000 0 8 0 0.08839881303720176
seed123_P1-byte_step15000 0 8 1 0.09119101602118462
seed123_P1-byte_step15000 0 8 2 0.09167011803947389
seed123_P1-byte_step15000 0 8 3 0.09036660706624389
seed123_P1-byte_step15000 0 8 4 0.09306394099257886
seed123_P1-byte_step15000 0 8 5 0.09126805304549634
seed123_P1-byte_step15000 0 8 6 0.09382434701547027
seed123_P1-byte_step15000 0 8 7 0.0948481570230797
seed123_P1-byte_step15000 0 8 8 0.09135222400072962
seed123_P1-byte_step15000 0 8 9 0.09051851800177246
seed123_P1-byte_step15000 0 9 0 0.09064287401270121
seed123_P1-byte_step15000 0 9 1 0.09029310895130038
seed123_P1-byte_step15000 0 9 2 0.09710811800323427
seed123_P1-byte_step15000 0 9 3 0.09261913504451513
seed123_P1-byte_step15000 0 9 4 0.09342471801210195
seed123_P1-byte_step15000 0 9 5 0.09300334693398327
seed123_P1-byte_step15000 0 9 6 0.09370850794948637
seed123_P1-byte_step15000 0 9 7 0.09545016195625067
seed123_P1-byte_step15000 0 9 8 0.0904869579244405
seed123_P1-byte_step15000 0 9 9 0.08924698899500072
seed123_P1-byte_step15000 6 0 0 0.14778792299330235
seed123_P1-byte_step15000 6 0 1 0.14359258802141994
seed123_P1-byte_step15000 6 0 2 0.14346519694663584
seed123_P1-byte_step15000 6 0 3 0.14572160004172474
seed123_P1-byte_step15000 6 0 4 0.1437780320411548
seed123_P1-byte_step15000 6 0 5 0.15021429990883917
seed123_P1-byte_step15000 6 0 6 0.14400144794490188
seed123_P1-byte_step15000 6 0 7 0.14510089007671922
seed123_P1-byte_step15000 6 0 8 0.14581104193348438
seed123_P1-byte_step15000 6 0 9 0.14145549293607473
seed123_P1-byte_step15000 6 1 0 0.14219265710562468
seed123_P1-byte_step15000 6 1 1 0.14271191402804106
seed123_P1-byte_step15000 6 1 2 0.1451746110105887
seed123_P1-byte_step15000 6 1 3 0.1447979740332812
seed123_P1-byte_step15000 6 1 4 0.14249540399760008
seed123_P1-byte_step15000 6 1 5 0.14159086206927896
seed123_P1-byte_step15000 6 1 6 0.14345517999026924
seed123_P1-byte_step15000 6 1 7 0.14378689997829497
seed123_P1-byte_step15000 6 1 8 0.14907096698880196
seed123_P1-byte_step15000 6 1 9 0.14475509291514754
seed123_P1-byte_step15000 6 2 0 0.14754828007426113
seed123_P1-byte_step15000 6 2 1 0.14760754292365164
seed123_P1-byte_step15000 6 2 2 0.14696506992913783
seed123_P1-byte_step15000 6 2 3 0.14155001600738615
seed123_P1-byte_step15000 6 2 4 0.14137594401836395
seed123_P1-byte_step15000 6 2 5 0.14432046795263886
seed123_P1-byte_step15000 6 2 6 0.14443662902340293
seed123_P1-byte_step15000 6 2 7 0.14501179393846542
seed123_P1-byte_step15000 6 2 8 0.14586716191843152
seed123_P1-byte_step15000 6 2 9 0.14193632209207863
seed123_P1-byte_step15000 6 3 0 0.14302770793437958
seed123_P1-byte_step15000 6 3 1 0.1422340580029413
seed123_P1-byte_step15000 6 3 2 0.14315854699816555
seed123_P1-byte_step15000 6 3 3 0.14444085792638361
seed123_P1-byte_step15000 6 3 4 0.14542584295850247
seed123_P1-byte_step15000 6 3 5 0.14598918589763343
seed123_P1-byte_step15000 6 3 6 0.1426371659617871
seed123_P1-byte_step15000 6 3 7 0.14887821301817894
seed123_P1-byte_step15000 6 3 8 0.14411051000934094
seed123_P1-byte_step15000 6 3 9 0.14432468789163977
seed123_P1-byte_step15000 6 4 0 0.14376749796792865
seed123_P1-byte_step15000 6 4 1 0.15068744705058634
seed123_P1-byte_step15000 6 4 2 0.14935763704124838
seed123_P1-byte_step15000 6 4 3 0.15171736804768443
seed123_P1-byte_step15000 6 4 4 0.14734552800655365
seed123_P1-byte_step15000 6 4 5 0.14483211503829807
seed123_P1-byte_step15000 6 4 6 0.1439034369541332
seed123_P1-byte_step15000 6 4 7 0.1492706110002473
seed123_P1-byte_step15000 6 4 8 0.14787909493315965
seed123_P1-byte_step15000 6 4 9 0.15283548703882843
seed123_P1-byte_step15000 6 5 0 0.14373607002198696
seed123_P1-byte_step15000 6 5 1 0.14277673501055688
seed123_P1-byte_step15000 6 5 2 0.14498600899241865
seed123_P1-byte_step15000 6 5 3 0.14802530291490257
seed123_P1-byte_step15000 6 5 4 0.14838634990155697
seed123_P1-byte_step15000 6 5 5 0.14749870100058615
seed123_P1-byte_step15000 6 5 6 0.1479754690080881
seed123_P1-byte_step15000 6 5 7 0.14583689905703068
seed123_P1-byte_step15000 6 5 8 0.14285474398639053
seed123_P1-byte_step15000 6 5 9 0.14742814796045423
seed123_P1-byte_step15000 6 6 0 0.1468368920031935
seed123_P1-byte_step15000 6 6 1 0.14300009096041322
seed123_P1-byte_step15000 6 6 2 0.1430198890157044
seed123_P1-byte_step15000 6 6 3 0.15097782399971038
seed123_P1-byte_step15000 6 6 4 0.14911985700018704
seed123_P1-byte_step15000 6 6 5 0.14498137205373496
seed123_P1-byte_step15000 6 6 6 0.14940791600383818
seed123_P1-byte_step15000 6 6 7 0.14353349595330656
seed123_P1-byte_step15000 6 6 8 0.1475009280256927
seed123_P1-byte_step15000 6 6 9 0.1438210749765858
seed123_P1-byte_step15000 6 7 0 0.14638146804645658
seed123_P1-byte_step15000 6 7 1 0.14736196398735046
seed123_P1-byte_step15000 6 7 2 0.14508421905338764
seed123_P1-byte_step15000 6 7 3 0.1464642760111019
seed123_P1-byte_step15000 6 7 4 0.14892271405551583
seed123_P1-byte_step15000 6 7 5 0.1469906090060249
seed123_P1-byte_step15000 6 7 6 0.14540692407172173
seed123_P1-byte_step15000 6 7 7 0.1457909350283444
seed123_P1-byte_step15000 6 7 8 0.1446657939814031
seed123_P1-byte_step15000 6 7 9 0.14392953307833523
seed123_P1-byte_step15000 6 8 0 0.1468111869180575
seed123_P1-byte_step15000 6 8 1 0.151070163003169
seed123_P1-byte_step15000 6 8 2 0.14201716403476894
seed123_P1-byte_step15000 6 8 3 0.14478840900119394
seed123_P1-byte_step15000 6 8 4 0.14299073698930442
seed123_P1-byte_step15000 6 8 5 0.14805579697713256
seed123_P1-byte_step15000 6 8 6 0.15276126097887754
seed123_P1-byte_step15000 6 8 7 0.14447153499349952
seed123_P1-byte_step15000 6 8 8 0.14503054996021092
seed123_P1-byte_step15000 6 8 9 0.1469437109772116
seed123_P1-byte_step15000 6 9 0 0.1486751768970862
seed123_P1-byte_step15000 6 9 1 0.1478713769465685
seed123_P1-byte_step15000 6 9 2 0.14934240595903248
seed123_P1-byte_step15000 6 9 3 0.14870574499946088
seed123_P1-byte_step15000 6 9 4 0.14929788105655462
seed123_P1-byte_step15000 6 9 5 0.14314078399911523
seed123_P1-byte_step15000 6 9 6 0.1487550400197506
seed123_P1-byte_step15000 6 9 7 0.14733747101854533
seed123_P1-byte_step15000 6 9 8 0.1459325880277902
seed123_P1-byte_step15000 6 9 9 0.14484066097065806
seed123_P1-byte_step15000 9 0 0 0.05180681496858597
seed123_P1-byte_step15000 9 0 1 0.04130946705117822
seed123_P1-byte_step15000 9 0 2 0.04305963800288737
seed123_P1-byte_step15000 9 0 3 0.043921638978645205
seed123_P1-byte_step15000 9 0 4 0.042345828958787024
seed123_P1-byte_step15000 9 0 5 0.04194056708365679
seed123_P1-byte_step15000 9 0 6 0.04308757104445249
seed123_P1-byte_step15000 9 0 7 0.04334624402690679
seed123_P1-byte_step15000 9 0 8 0.04208315000869334
seed123_P1-byte_step15000 9 0 9 0.041890764026902616
seed123_P1-byte_step15000 9 1 0 0.04289815097581595
seed123_P1-byte_step15000 9 1 1 0.04200093308463693
seed123_P1-byte_step15000 9 1 2 0.04573035996872932
seed123_P1-byte_step15000 9 1 3 0.04292034299578518
seed123_P1-byte_step15000 9 1 4 0.04452323401346803
seed123_P1-byte_step15000 9 1 5 0.0435767819872126
seed123_P1-byte_step15000 9 1 6 0.041985593969002366
seed123_P1-byte_step15000 9 1 7 0.04277984600048512
seed123_P1-byte_step15000 9 1 8 0.04417647409718484
seed123_P1-byte_step15000 9 1 9 0.04212315601762384
seed123_P1-byte_step15000 9 2 0 0.04240870999637991
seed123_P1-byte_step15000 9 2 1 0.04310085601173341
seed123_P1-byte_step15000 9 2 2 0.042621815111488104
seed123_P1-byte_step15000 9 2 3 0.041890904074534774
seed123_P1-byte_step15000 9 2 4 0.0431602499447763
seed123_P1-byte_step15000 9 2 5 0.044524535071104765
seed123_P1-byte_step15000 9 2 6 0.04225717100780457
seed123_P1-byte_step15000 9 2 7 0.04274439800065011
seed123_P1-byte_step15000 9 2 8 0.04454967402853072
seed123_P1-byte_step15000 9 2 9 0.044590451987460256
seed123_P1-byte_step15000 9 3 0 0.044652309035882354
seed123_P1-byte_step15000 9 3 1 0.04200415895320475
seed123_P1-byte_step15000 9 3 2 0.04327383590862155
seed123_P1-byte_step15000 9 3 3 0.04242398892529309
seed123_P1-byte_step15000 9 3 4 0.04262161499354988
seed123_P1-byte_step15000 9 3 5 0.04470637300983071
seed123_P1-byte_step15000 9 3 6 0.042484222911298275
seed123_P1-byte_step15000 9 3 7 0.04323928104713559
seed123_P1-byte_step15000 9 3 8 0.041339664021506906
seed123_P1-byte_step15000 9 3 9 0.04360492597334087
seed123_P1-byte_step15000 9 4 0 0.042744018021039665
seed123_P1-byte_step15000 9 4 1 0.04277586890384555
seed123_P1-byte_step15000 9 4 2 0.042343304958194494
seed123_P1-byte_step15000 9 4 3 0.043924925033934414
seed123_P1-byte_step15000 9 4 4 0.04219798801932484
seed123_P1-byte_step15000 9 4 5 0.0452786119421944
seed123_P1-byte_step15000 9 4 6 0.042796127032488585
seed123_P1-byte_step15000 9 4 7 0.04399912606459111
seed123_P1-byte_step15000 9 4 8 0.042349537019617856
seed123_P1-byte_step15000 9 4 9 0.042138976976275444
seed123_P1-byte_step15000 9 5 0 0.04370090796146542
seed123_P1-byte_step15000 9 5 1 0.04280606599058956
seed123_P1-byte_step15000 9 5 2 0.04284449003171176
seed123_P1-byte_step15000 9 5 3 0.04275495803449303
seed123_P1-byte_step15000 9 5 4 0.04304206604138017
seed123_P1-byte_step15000 9 5 5 0.04393037594854832
seed123_P1-byte_step15000 9 5 6 0.043664449942298234
seed123_P1-byte_step15000 9 5 7 0.04514683096203953
seed123_P1-byte_step15000 9 5 8 0.043894857983104885
seed123_P1-byte_step15000 9 5 9 0.041855928022414446
seed123_P1-byte_step15000 9 6 0 0.04360938398167491
seed123_P1-byte_step15000 9 6 1 0.044782598968595266
seed123_P1-byte_step15000 9 6 2 0.043344211066141725
seed123_P1-byte_step15000 9 6 3 0.043656143941916525
seed123_P1-byte_step15000 9 6 4 0.043654149980284274
seed123_P1-byte_step15000 9 6 5 0.04321802104823291
seed123_P1-byte_step15000 9 6 6 0.04558867204468697
seed123_P1-byte_step15000 9 6 7 0.04484220105223358
seed123_P1-byte_step15000 9 6 8 0.04368151305243373
seed123_P1-byte_step15000 9 6 9 0.0422012850176543
seed123_P1-byte_step15000 9 7 0 0.041970696998760104
seed123_P1-byte_step15000 9 7 1 0.04337106097955257
seed123_P1-byte_step15000 9 7 2 0.044625769020058215
seed123_P1-byte_step15000 9 7 3 0.041992788086645305
seed123_P1-byte_step15000 9 7 4 0.04272524197585881
seed123_P1-byte_step15000 9 7 5 0.04435912310145795
seed123_P1-byte_step15000 9 7 6 0.04196296201553196
seed123_P1-byte_step15000 9 7 7 0.044085031026043
seed123_P1-byte_step15000 9 7 8 0.04617630096618086
seed123_P1-byte_step15000 9 7 9 0.043437107000499964
seed123_P1-byte_step15000 9 8 0 0.043195008067414165
seed123_P1-byte_step15000 9 8 1 0.04183173191267997
seed123_P1-byte_step15000 9 8 2 0.04809096397366375
seed123_P1-byte_step15000 9 8 3 0.04510728595778346
seed123_P1-byte_step15000 9 8 4 0.04197835107333958
seed123_P1-byte_step15000 9 8 5 0.04340611898805946
seed123_P1-byte_step15000 9 8 6 0.04167090600822121
seed123_P1-byte_step15000 9 8 7 0.04199948103632778
seed123_P1-byte_step15000 9 8 8 0.04181372793391347
seed123_P1-byte_step15000 9 8 9 0.042332765995524824
seed123_P1-byte_step15000 9 9 0 0.04207778093405068
seed123_P1-byte_step15000 9 9 1 0.041854836978018284
seed123_P1-byte_step15000 9 9 2 0.045616624993272126
seed123_P1-byte_step15000 9 9 3 0.04257658903952688
seed123_P1-byte_step15000 9 9 4 0.04324426001403481
seed123_P1-byte_step15000 9 9 5 0.04253793600946665
seed123_P1-byte_step15000 9 9 6 0.045516996062360704
seed123_P1-byte_step15000 9 9 7 0.042144828010350466
seed123_P1-byte_step15000 9 9 8 0.041833656025119126
seed123_P1-byte_step15000 9 9 9 0.04254537110682577
seed123_P1-byte_step15000 12 0 0 0.46200949989724904
seed123_P1-byte_step15000 12 0 1 0.44729178794659674
seed123_P1-byte_step15000 12 0 2 0.4490788431139663
seed123_P1-byte_step15000 12 0 3 0.4494444290176034
seed123_P1-byte_step15000 12 0 4 0.4532019729958847
seed123_P1-byte_step15000 12 0 5 0.46386363497003913
seed123_P1-byte_step15000 12 0 6 0.46179500001017004
seed123_P1-byte_step15000 12 0 7 0.4590532029978931
seed123_P1-byte_step15000 12 0 8 0.46454668999649584
seed123_P1-byte_step15000 12 0 9 0.43675402691587806
seed123_P1-byte_step15000 12 1 0 0.439248385024257
seed123_P1-byte_step15000 12 1 1 0.43230950098950416
seed123_P1-byte_step15000 12 1 2 0.4398878540378064
seed123_P1-byte_step15000 12 1 3 0.45259678491856903
seed123_P1-byte_step15000 12 1 4 0.4523141380632296
seed123_P1-byte_step15000 12 1 5 0.44090118806343526
seed123_P1-byte_step15000 12 1 6 0.4430694959592074
seed123_P1-byte_step15000 12 1 7 0.44590170797891915
seed123_P1-byte_step15000 12 1 8 0.4487629160284996
seed123_P1-byte_step15000 12 1 9 0.4470070139504969
seed123_P1-byte_step15000 12 2 0 0.45487161504570395
seed123_P1-byte_step15000 12 2 1 0.4776738330256194
seed123_P1-byte_step15000 12 2 2 0.45385980198625475
seed123_P1-byte_step15000 12 2 3 0.4481889200396836
seed123_P1-byte_step15000 12 2 4 0.45201423298567533
seed123_P1-byte_step15000 12 2 5 0.45489224104676396
seed123_P1-byte_step15000 12 2 6 0.46607458603102714
seed123_P1-byte_step15000 12 2 7 0.46780740504618734
seed123_P1-byte_step15000 12 2 8 0.4620440569706261
seed123_P1-byte_step15000 12 2 9 0.460690492996946
seed123_P1-byte_step15000 12 3 0 0.45139881898649037
seed123_P1-byte_step15000 12 3 1 0.4755542759085074
seed123_P1-byte_step15000 12 3 2 0.4597838220652193
seed123_P1-byte_step15000 12 3 3 0.45209049188997597
seed123_P1-byte_step15000 12 3 4 0.4533328659599647
seed123_P1-byte_step15000 12 3 5 0.45789776800666004
seed123_P1-byte_step15000 12 3 6 0.45758167607709765
seed123_P1-byte_step15000 12 3 7 0.4458949160762131
seed123_P1-byte_step15000 12 3 8 0.4527326899114996
seed123_P1-byte_step15000 12 3 9 0.4480510220164433
seed123_P1-byte_step15000 12 4 0 0.446005892008543
seed123_P1-byte_step15000 12 4 1 0.47026857105083764
seed123_P1-byte_step15000 12 4 2 0.4394057820318267
seed123_P1-byte_step15000 12 4 3 0.4474070119904354
seed123_P1-byte_step15000 12 4 4 0.4412981770001352
seed123_P1-byte_step15000 12 4 5 0.4478796540061012
seed123_P1-byte_step15000 12 4 6 0.45223870407789946
seed123_P1-byte_step15000 12 4 7 0.4593882120680064
seed123_P1-byte_step15000 12 4 8 0.44915392401162535
seed123_P1-byte_step15000 12 4 9 0.4628325910307467
seed123_P1-byte_step15000 12 5 0 0.43674220400862396
seed123_P1-byte_step15000 12 5 1 0.4441754330182448
seed123_P1-byte_step15000 12 5 2 0.44735439389478415
seed123_P1-byte_step15000 12 5 3 0.4535816299030557
seed123_P1-byte_step15000 12 5 4 0.4514531079912558
seed123_P1-byte_step15000 12 5 5 0.4569147570291534
seed123_P1-byte_step15000 12 5 6 0.45083800109568983
seed123_P1-byte_step15000 12 5 7 0.4522956080036238
seed123_P1-byte_step15000 12 5 8 0.455910658929497
seed123_P1-byte_step15000 12 5 9 0.4482251829467714
seed123_P1-byte_step15000 12 6 0 0.43653615505900234
seed123_P1-byte_step15000 12 6 1 0.4410134380450472
seed123_P1-byte_step15000 12 6 2 0.4413270869990811
seed123_P1-byte_step15000 12 6 3 0.44212105905171484
seed123_P1-byte_step15000 12 6 4 0.4576677019940689
seed123_P1-byte_step15000 12 6 5 0.464423993951641
seed123_P1-byte_step15000 12 6 6 0.4537156129954383
seed123_P1-byte_step15000 12 6 7 0.4538663310231641
seed123_P1-byte_step15000 12 6 8 0.45958171191159636
seed123_P1-byte_step15000 12 6 9 0.464336521923542
seed123_P1-byte_step15000 12 7 0 0.4558624658966437
seed123_P1-byte_step15000 12 7 1 0.4584133819444105
seed123_P1-byte_step15000 12 7 2 0.4597513390472159
seed123_P1-byte_step15000 12 7 3 0.4562081779586151
seed123_P1-byte_step15000 12 7 4 0.44575868896208704
seed123_P1-byte_step15000 12 7 5 0.4434781610034406
seed123_P1-byte_step15000 12 7 6 0.4455594220198691
seed123_P1-byte_step15000 12 7 7 0.4362233340507373
seed123_P1-byte_step15000 12 7 8 0.43575115606654435
seed123_P1-byte_step15000 12 7 9 0.44611609703861177
seed123_P1-byte_step15000 12 8 0 0.43233449605759233
seed123_P1-byte_step15000 12 8 1 0.4494478910928592
seed123_P1-byte_step15000 12 8 2 0.4536085519939661
seed123_P1-byte_step15000 12 8 3 0.46305048489011824
seed123_P1-byte_step15000 12 8 4 0.4538973750313744
seed123_P1-byte_step15000 12 8 5 0.453125226078555
seed123_P1-byte_step15000 12 8 6 0.4490317270392552
seed123_P1-byte_step15000 12 8 7 0.440456373966299
seed123_P1-byte_step15000 12 8 8 0.4426258458988741
seed123_P1-byte_step15000 12 8 9 0.4375579209299758
seed123_P1-byte_step15000 12 9 0 0.4447792780119926
seed123_P1-byte_step15000 12 9 1 0.4496603299630806
seed123_P1-byte_step15000 12 9 2 0.45486014906782657
seed123_P1-byte_step15000 12 9 3 0.4574444299796596
seed123_P1-byte_step15000 12 9 4 0.4522986450465396
seed123_P1-byte_step15000 12 9 5 0.45639264199417084
seed123_P1-byte_step15000 12 9 6 0.460123632918112
seed123_P1-byte_step15000 12 9 7 0.451366167049855
seed123_P1-byte_step15000 12 9 8 0.4439338290831074
seed123_P1-byte_step15000 12 9 9 0.4614083139458671
seed123_P1-byte_step15000 18 0 0 0.1076934429584071
seed123_P1-byte_step15000 18 0 1 0.10331863502506167
seed123_P1-byte_step15000 18 0 2 0.10597224603407085
seed123_P1-byte_step15000 18 0 3 0.10254518396686763
seed123_P1-byte_step15000 18 0 4 0.1033404569607228
seed123_P1-byte_step15000 18 0 5 0.10472344001755118
seed123_P1-byte_step15000 18 0 6 0.10515893890988082
seed123_P1-byte_step15000 18 0 7 0.10350494098383933
seed123_P1-byte_step15000 18 0 8 0.10554681799840182
seed123_P1-byte_step15000 18 0 9 0.10437547799665481
seed123_P1-byte_step15000 18 1 0 0.1051890259841457
seed123_P1-byte_step15000 18 1 1 0.10229804390110075
seed123_P1-byte_step15000 18 1 2 0.10363257396966219
seed123_P1-byte_step15000 18 1 3 0.10382525098975748
seed123_P1-byte_step15000 18 1 4 0.10325487598311156
seed123_P1-byte_step15000 18 1 5 0.10340908891521394
seed123_P1-byte_step15000 18 1 6 0.10256017302162945
seed123_P1-byte_step15000 18 1 7 0.10753284895326942
seed123_P1-byte_step15000 18 1 8 0.10401739692315459
seed123_P1-byte_step15000 18 1 9 0.10548495105467737
seed123_P1-byte_step15000 18 2 0 0.10446591000072658
seed123_P1-byte_step15000 18 2 1 0.10494960204232484
seed123_P1-byte_step15000 18 2 2 0.10199623997323215
seed123_P1-byte_step15000 18 2 3 0.10427803290076554
seed123_P1-byte_step15000 18 2 4 0.10264426295179874
seed123_P1-byte_step15000 18 2 5 0.10144517093431205
seed123_P1-byte_step15000 18 2 6 0.10206996102351695
seed123_P1-byte_step15000 18 2 7 0.10634196200408041
seed123_P1-byte_step15000 18 2 8 0.101725836051628
seed123_P1-byte_step15000 18 2 9 0.10455002100206912
seed123_P1-byte_step15000 18 3 0 0.10282173193991184
seed123_P1-byte_step15000 18 3 1 0.10263442597351968
seed123_P1-byte_step15000 18 3 2 0.10235696705058217
seed123_P1-byte_step15000 18 3 3 0.10541122104041278
seed123_P1-byte_step15000 18 3 4 0.10798917803913355
seed123_P1-byte_step15000 18 3 5 0.1052869149716571
seed123_P1-byte_step15000 18 3 6 0.10401038592681289
seed123_P1-byte_step15000 18 3 7 0.10526936093810946
seed123_P1-byte_step15000 18 3 8 0.10860954993404448
seed123_P1-byte_step15000 18 3 9 0.1038465138990432
seed123_P1-byte_step15000 18 4 0 0.10570136399473995
seed123_P1-byte_step15000 18 4 1 0.10264725098386407
seed123_P1-byte_step15000 18 4 2 0.10588060494046658
seed123_P1-byte_step15000 18 4 3 0.10421384300570935
seed123_P1-byte_step15000 18 4 4 0.10499389807227999
seed123_P1-byte_step15000 18 4 5 0.103062140988186
seed123_P1-byte_step15000 18 4 6 0.10297847201582044
seed123_P1-byte_step15000 18 4 7 0.10644752497319132
seed123_P1-byte_step15000 18 4 8 0.1056240169564262
seed123_P1-byte_step15000 18 4 9 0.10361399198882282
seed123_P1-byte_step15000 18 5 0 0.10350702796131372
seed123_P1-byte_step15000 18 5 1 0.11001620790921152
seed123_P1-byte_step15000 18 5 2 0.10292789503000677
seed123_P1-byte_step15000 18 5 3 0.10488445102237165
seed123_P1-byte_step15000 18 5 4 0.10604925698135048
seed123_P1-byte_step15000 18 5 5 0.10524377401452512
seed123_P1-byte_step15000 18 5 6 0.10464384302031249
seed123_P1-byte_step15000 18 5 7 0.10294972802512348
seed123_P1-byte_step15000 18 5 8 0.11297660402487963
seed123_P1-byte_step15000 18 5 9 0.10262854595202953
seed123_P1-byte_step15000 18 6 0 0.10411884204950184
seed123_P1-byte_step15000 18 6 1 0.11114589008502662
seed123_P1-byte_step15000 18 6 2 0.10125564399641007
seed123_P1-byte_step15000 18 6 3 0.10292060195934027
seed123_P1-byte_step15000 18 6 4 0.10185265995096415
seed123_P1-byte_step15000 18 6 5 0.10596890596207231
seed123_P1-byte_step15000 18 6 6 0.10214430501218885
seed123_P1-byte_step15000 18 6 7 0.10955189599189907
seed123_P1-byte_step15000 18 6 8 0.10198860801756382
seed123_P1-byte_step15000 18 6 9 0.10181406699120998
seed123_P1-byte_step15000 18 7 0 0.10030925297178328
seed123_P1-byte_step15000 18 7 1 0.10117430903483182
seed123_P1-byte_step15000 18 7 2 0.10533333593048155
seed123_P1-byte_step15000 18 7 3 0.1040089949965477
seed123_P1-byte_step15000 18 7 4 0.10308113903738558
seed123_P1-byte_step15000 18 7 5 0.10314182506408542
seed123_P1-byte_step15000 18 7 6 0.1011444719042629
seed123_P1-byte_step15000 18 7 7 0.10669323499314487
seed123_P1-byte_step15000 18 7 8 0.10711600002832711
seed123_P1-byte_step15000 18 7 9 0.10931799199897796
seed123_P1-byte_step15000 18 8 0 0.10253268503583968
seed123_P1-byte_step15000 18 8 1 0.1092387099051848
seed123_P1-byte_step15000 18 8 2 0.10828133800532669
seed123_P1-byte_step15000 18 8 3 0.10857067001052201
seed123_P1-byte_step15000 18 8 4 0.10642383410595357
seed123_P1-byte_step15000 18 8 5 0.10374137701001018
seed123_P1-byte_step15000 18 8 6 0.10267167096026242
seed123_P1-byte_step15000 18 8 7 0.10638240491971374
seed123_P1-byte_step15000 18 8 8 0.10503614193294197
seed123_P1-byte_step15000 18 8 9 0.1063024119939655
seed123_P1-byte_step15000 18 9 0 0.11024624900892377
seed123_P1-byte_step15000 18 9 1 0.10376875894144177
seed123_P1-byte_step15000 18 9 2 0.10500849899835885
seed123_P1-byte_step15000 18 9 3 0.10399672400671989
seed123_P1-byte_step15000 18 9 4 0.10813039203640074
seed123_P1-byte_step15000 18 9 5 0.10843302798457444
seed123_P1-byte_step15000 18 9 6 0.10510735702700913
seed123_P1-byte_step15000 18 9 7 0.1081028199987486
seed123_P1-byte_step15000 18 9 8 0.10468013491481543
seed123_P1-byte_step15000 18 9 9 0.10949973796959966
seed123_P1-byte_step15000 22 0 0 0.01738699700217694
seed123_P1-byte_step15000 22 0 1 0.01842531398870051
seed123_P1-byte_step15000 22 0 2 0.015577964019030333
seed123_P1-byte_step15000 22 0 3 0.01562030497007072
seed123_P1-byte_step15000 22 0 4 0.015455521061085165
seed123_P1-byte_step15000 22 0 5 0.015866521978750825
seed123_P1-byte_step15000 22 0 6 0.015563906985335052
seed123_P1-byte_step15000 22 0 7 0.015585097018629313
seed123_P1-byte_step15000 22 0 8 0.015478304005227983
seed123_P1-byte_step15000 22 0 9 0.01546212297398597
seed123_P1-byte_step15000 22 1 0 0.0155241210013628
seed123_P1-byte_step15000 22 1 1 0.015967556042596698
seed123_P1-byte_step15000 22 1 2 0.01599764300044626
seed123_P1-byte_step15000 22 1 3 0.01574040192645043
seed123_P1-byte_step15000 22 1 4 0.015466321026906371
seed123_P1-byte_step15000 22 1 5 0.015480307047255337
seed123_P1-byte_step15000 22 1 6 0.015244528069160879
seed123_P1-byte_step15000 22 1 7 0.015244990005157888
seed123_P1-byte_step15000 22 1 8 0.015247925999574363
seed123_P1-byte_step15000 22 1 9 0.01523296709638089
seed123_P1-byte_step15000 22 2 0 0.015254438039846718
seed123_P1-byte_step15000 22 2 1 0.015265248017385602
seed123_P1-byte_step15000 22 2 2 0.015546364011242986
seed123_P1-byte_step15000 22 2 3 0.015598051017150283
seed123_P1-byte_step15000 22 2 4 0.015300406026653945
seed123_P1-byte_step15000 22 2 5 0.015861241961829364
seed123_P1-byte_step15000 22 2 6 0.015434090048074722
seed123_P1-byte_step15000 22 2 7 0.016022328985854983
seed123_P1-byte_step15000 22 2 8 0.015528760966844857
seed123_P1-byte_step15000 22 2 9 0.016035223961807787
seed123_P1-byte_step15000 22 3 0 0.0152748660184443
seed123_P1-byte_step15000 22 3 1 0.01528665004298091
seed123_P1-byte_step15000 22 3 2 0.015426635975018144
seed123_P1-byte_step15000 22 3 3 0.015392379951663315
seed123_P1-byte_step15000 22 3 4 0.016033000079914927
seed123_P1-byte_step15000 22 3 5 0.015207348042167723
seed123_P1-byte_step15000 22 3 6 0.0152785440441221
seed123_P1-byte_step15000 22 3 7 0.015214902930893004
seed123_P1-byte_step15000 22 3 8 0.015218889922834933
seed123_P1-byte_step15000 22 3 9 0.015550030046142638
seed123_P1-byte_step15000 22 4 0 0.015230230987071991
seed123_P1-byte_step15000 22 4 1 0.015258866013027728
seed123_P1-byte_step15000 22 4 2 0.015313429990783334
seed123_P1-byte_step15000 22 4 3 0.015499513945542276
seed123_P1-byte_step15000 22 4 4 0.016384187969379127
seed123_P1-byte_step15000 22 4 5 0.015458586975000799
seed123_P1-byte_step15000 22 4 6 0.01527030800934881
seed123_P1-byte_step15000 22 4 7 0.015357663971371949
seed123_P1-byte_step15000 22 4 8 0.015224831993691623
seed123_P1-byte_step15000 22 4 9 0.015291788964532316
seed123_P1-byte_step15000 22 5 0 0.015253906953148544
seed123_P1-byte_step15000 22 5 1 0.015231564990244806
seed123_P1-byte_step15000 22 5 2 0.015261400956660509
seed123_P1-byte_step15000 22 5 3 0.015494836028665304
seed123_P1-byte_step15000 22 5 4 0.015234349993988872
seed123_P1-byte_step15000 22 5 5 0.015287260990589857
seed123_P1-byte_step15000 22 5 6 0.015211866004392505
seed123_P1-byte_step15000 22 5 7 0.016794288996607065
seed123_P1-byte_step15000 22 5 8 0.018690388067625463
seed123_P1-byte_step15000 22 5 9 0.015986651997081935
seed123_P1-byte_step15000 22 6 0 0.01683358394075185
seed123_P1-byte_step15000 22 6 1 0.015911999042145908
seed123_P1-byte_step15000 22 6 2 0.01591002498753369
seed123_P1-byte_step15000 22 6 3 0.015597771038301289
seed123_P1-byte_step15000 22 6 4 0.015216525993309915
seed123_P1-byte_step15000 22 6 5 0.015283062006346881
seed123_P1-byte_step15000 22 6 6 0.015255369944497943
seed123_P1-byte_step15000 22 6 7 0.01536147203296423
seed123_P1-byte_step15000 22 6 8 0.01547170092817396
seed123_P1-byte_step15000 22 6 9 0.015833109035156667
seed123_P1-byte_step15000 22 7 0 0.015225974027998745
seed123_P1-byte_step15000 22 7 1 0.01523295696824789
seed123_P1-byte_step15000 22 7 2 0.015288563095964491
seed123_P1-byte_step15000 22 7 3 0.015224550967104733
seed123_P1-byte_step15000 22 7 4 0.015272993012331426
seed123_P1-byte_step15000 22 7 5 0.01523525093216449
seed123_P1-byte_step15000 22 7 6 0.01523877796716988
seed123_P1-byte_step15000 22 7 7 0.015246171969920397
seed123_P1-byte_step15000 22 7 8 0.015698101953603327
seed123_P1-byte_step15000 22 7 9 0.015849009971134365
seed123_P1-byte_step15000 22 8 0 0.015263114008121192
seed123_P1-byte_step15000 22 8 1 0.01585024199448526
seed123_P1-byte_step15000 22 8 2 0.015686689992435277
seed123_P1-byte_step15000 22 8 3 0.015481981914490461
seed123_P1-byte_step15000 22 8 4 0.015537275932729244
seed123_P1-byte_step15000 22 8 5 0.015444589895196259
seed123_P1-byte_step15000 22 8 6 0.015316284960135818
seed123_P1-byte_step15000 22 8 7 0.019039422972127795
seed123_P1-byte_step15000 22 8 8 0.02039261907339096
seed123_P1-byte_step15000 22 8 9 0.01711638201959431
seed123_P1-byte_step15000 22 9 0 0.01597908593248576
seed123_P1-byte_step15000 22 9 1 0.015858627972193062
seed123_P1-byte_step15000 22 9 2 0.015720504918135703
seed123_P1-byte_step15000 22 9 3 0.015787853044457734
seed123_P1-byte_step15000 22 9 4 0.015445632045157254
seed123_P1-byte_step15000 22 9 5 0.015476219938136637
seed123_P1-byte_step15000 22 9 6 0.015481360023841262
seed123_P1-byte_step15000 22 9 7 0.01634006400126964
seed123_P1-byte_step15000 22 9 8 0.015203410992398858
seed123_P1-byte_step15000 22 9 9 0.015508821932598948
seed123_P1-byte_step15000 24 0 0 0.018466902896761894
seed123_P1-byte_step15000 24 0 1 0.017245477996766567
seed123_P1-byte_step15000 24 0 2 0.017221973044797778
seed123_P1-byte_step15000 24 0 3 0.01724212197586894
seed123_P1-byte_step15000 24 0 4 0.017218066030181944
seed123_P1-byte_step15000 24 0 5 0.0174041100544855
seed123_P1-byte_step15000 24 0 6 0.01798977400176227
seed123_P1-byte_step15000 24 0 7 0.017163220094516873
seed123_P1-byte_step15000 24 0 8 0.017537244013510644
seed123_P1-byte_step15000 24 0 9 0.017370907007716596
seed123_P1-byte_step15000 24 1 0 0.017796447034925222
seed123_P1-byte_step15000 24 1 1 0.017300912993960083
seed123_P1-byte_step15000 24 1 2 0.017220200039446354
seed123_P1-byte_step15000 24 1 3 0.017059553996659815
seed123_P1-byte_step15000 24 1 4 0.017075634910725057
seed123_P1-byte_step15000 24 1 5 0.0170421110233292
seed123_P1-byte_step15000 24 1 6 0.01710722502321005
seed123_P1-byte_step15000 24 1 7 0.020016573020257056
seed123_P1-byte_step15000 24 1 8 0.017458413960412145
seed123_P1-byte_step15000 24 1 9 0.018263624981045723
seed123_P1-byte_step15000 24 2 0 0.0182160260155797
seed123_P1-byte_step15000 24 2 1 0.017028374946676195
seed123_P1-byte_step15000 24 2 2 0.017366998945362866
seed123_P1-byte_step15000 24 2 3 0.017614190001040697
seed123_P1-byte_step15000 24 2 4 0.01703870389610529
seed123_P1-byte_step15000 24 2 5 0.017076627002097666
seed123_P1-byte_step15000 24 2 6 0.016991544980555773
seed123_P1-byte_step15000 24 2 7 0.017067238921299577
seed123_P1-byte_step15000 24 2 8 0.01719645399134606
seed123_P1-byte_step15000 24 2 9 0.017240968998521566
seed123_P1-byte_step15000 24 3 0 0.017252050922252238
seed123_P1-byte_step15000 24 3 1 0.01723518909420818
seed123_P1-byte_step15000 24 3 2 0.017205241951160133
seed123_P1-byte_step15000 24 3 3 0.017568623065017164
seed123_P1-byte_step15000 24 3 4 0.01724428590387106
seed123_P1-byte_step15000 24 3 5 0.017241520923562348
seed123_P1-byte_step15000 24 3 6 0.01720505196135491
seed123_P1-byte_step15000 24 3 7 0.01723134098574519
seed123_P1-byte_step15000 24 3 8 0.01720077299978584
seed123_P1-byte_step15000 24 3 9 0.017508047982119024
seed123_P1-byte_step15000 24 4 0 0.017266537994146347
seed123_P1-byte_step15000 24 4 1 0.01723132107872516
seed123_P1-byte_step15000 24 4 2 0.017262249952182174
seed123_P1-byte_step15000 24 4 3 0.018163455999456346
seed123_P1-byte_step15000 24 4 4 0.020356670022010803
seed123_P1-byte_step15000 24 4 5 0.017655397998169065
seed123_P1-byte_step15000 24 4 6 0.017270145006477833
seed123_P1-byte_step15000 24 4 7 0.017314990982413292
seed123_P1-byte_step15000 24 4 8 0.018061931943520904
seed123_P1-byte_step15000 24 4 9 0.01702619099523872
seed123_P1-byte_step15000 24 5 0 0.01704013696871698
seed123_P1-byte_step15000 24 5 1 0.017224487964995205
seed123_P1-byte_step15000 24 5 2 0.017054253956303
seed123_P1-byte_step15000 24 5 3 0.017016040976159275
seed123_P1-byte_step15000 24 5 4 0.017092637019231915
seed123_P1-byte_step15000 24 5 5 0.01683572807814926
seed123_P1-byte_step15000 24 5 6 0.017216903972439468
seed123_P1-byte_step15000 24 5 7 0.017090413020923734
seed123_P1-byte_step15000 24 5 8 0.01716186897829175
seed123_P1-byte_step15000 24 5 9 0.017302275984548032
seed123_P1-byte_step15000 24 6 0 0.017005761968903244
seed123_P1-byte_step15000 24 6 1 0.01703746197745204
seed123_P1-byte_step15000 24 6 2 0.017258272040635347
seed123_P1-byte_step15000 24 6 3 0.01713083009235561
seed123_P1-byte_step15000 24 6 4 0.017008197028189898
seed123_P1-byte_step15000 24 6 5 0.01708571403287351
seed123_P1-byte_step15000 24 6 6 0.01729925104882568
seed123_P1-byte_step15000 24 6 7 0.0172808060888201
seed123_P1-byte_step15000 24 6 8 0.01727396296337247
seed123_P1-byte_step15000 24 6 9 0.017287058057263494
seed123_P1-byte_step15000 24 7 0 0.017206855001859367
seed123_P1-byte_step15000 24 7 1 0.017610643059015274
seed123_P1-byte_step15000 24 7 2 0.017555607948452234
seed123_P1-byte_step15000 24 7 3 0.018429021001793444
seed123_P1-byte_step15000 24 7 4 0.0195012919139117
seed123_P1-byte_step15000 24 7 5 0.017636391916312277
seed123_P1-byte_step15000 24 7 6 0.018578525981865823
seed123_P1-byte_step15000 24 7 7 0.017961711040697992
seed123_P1-byte_step15000 24 7 8 0.017379583092406392
seed123_P1-byte_step15000 24 7 9 0.017245547962374985
seed123_P1-byte_step15000 24 8 0 0.017211504047736526
seed123_P1-byte_step15000 24 8 1 0.01786926598288119
seed123_P1-byte_step15000 24 8 2 0.01780548505485058
seed123_P1-byte_step15000 24 8 3 0.0173143899301067
seed123_P1-byte_step15000 24 8 4 0.017675846931524575
seed123_P1-byte_step15000 24 8 5 0.01754162204451859
seed123_P1-byte_step15000 24 8 6 0.01699289702810347
seed123_P1-byte_step15000 24 8 7 0.017116612987592816
seed123_P1-byte_step15000 24 8 8 0.017262561013922095
seed123_P1-byte_step15000 24 8 9 0.017974286107346416
seed123_P1-byte_step15000 24 9 0 0.017235569073818624
seed123_P1-byte_step15000 24 9 1 0.01719786797184497
seed123_P1-byte_step15000 24 9 2 0.017112785950303078
seed123_P1-byte_step15000 24 9 3 0.01720352901611477
seed123_P1-byte_step15000 24 9 4 0.017890857066959143
seed123_P1-byte_step15000 24 9 5 0.017392948968335986
seed123_P1-byte_step15000 24 9 6 0.017652192967943847
seed123_P1-byte_step15000 24 9 7 0.01790883089415729
seed123_P1-byte_step15000 24 9 8 0.01922950497828424
seed123_P1-byte_step15000 24 9 9 0.019809169112704694
seed123_P1-byte_step15000 30 0 0 0.02777645504102111
seed123_P1-byte_step15000 30 0 1 0.02952616603579372
seed123_P1-byte_step15000 30 0 2 0.02919593604747206
seed123_P1-byte_step15000 30 0 3 0.028887338936328888
seed123_P1-byte_step15000 30 0 4 0.02762598800472915
seed123_P1-byte_step15000 30 0 5 0.027703074971213937
seed123_P1-byte_step15000 30 0 6 0.02784768003039062
seed123_P1-byte_step15000 30 0 7 0.02803488599602133
seed123_P1-byte_step15000 30 0 8 0.027455213014036417
seed123_P1-byte_step15000 30 0 9 0.03061181295197457
seed123_P1-byte_step15000 30 1 0 0.027541556977666914
seed123_P1-byte_step15000 30 1 1 0.026743238093331456
seed123_P1-byte_step15000 30 1 2 0.026362442993558943
seed123_P1-byte_step15000 30 1 3 0.02638579800259322
seed123_P1-byte_step15000 30 1 4 0.027466305065900087
seed123_P1-byte_step15000 30 1 5 0.02685910789296031
seed123_P1-byte_step15000 30 1 6 0.026641695061698556
seed123_P1-byte_step15000 30 1 7 0.029285667929798365
seed123_P1-byte_step15000 30 1 8 0.029034681036137044
seed123_P1-byte_step15000 30 1 9 0.028633806970901787
seed123_P1-byte_step15000 30 2 0 0.027615026920102537
seed123_P1-byte_step15000 30 2 1 0.027162867016158998
seed123_P1-byte_step15000 30 2 2 0.02772316406480968
seed123_P1-byte_step15000 30 2 3 0.026726986980065703
seed123_P1-byte_step15000 30 2 4 0.028740409994497895
seed123_P1-byte_step15000 30 2 5 0.029873245977796614
seed123_P1-byte_step15000 30 2 6 0.026430221972987056
seed123_P1-byte_step15000 30 2 7 0.026784747024066746
seed123_P1-byte_step15000 30 2 8 0.02648043807130307
seed123_P1-byte_step15000 30 2 9 0.026371109997853637
seed123_P1-byte_step15000 30 3 0 0.027411189978010952
seed123_P1-byte_step15000 30 3 1 0.027137377997860312
seed123_P1-byte_step15000 30 3 2 0.02633055194746703
seed123_P1-byte_step15000 30 3 3 0.026231594965793192
seed123_P1-byte_step15000 30 3 4 0.02543288399465382
seed123_P1-byte_step15000 30 3 5 0.027180499979294837
seed123_P1-byte_step15000 30 3 6 0.027874169987626374
seed123_P1-byte_step15000 30 3 7 0.03169209905900061
seed123_P1-byte_step15000 30 3 8 0.02883868699427694
seed123_P1-byte_step15000 30 3 9 0.02753573702648282
seed123_P1-byte_step15000 30 4 0 0.02751406596507877
seed123_P1-byte_step15000 30 4 1 0.029820536961779
seed123_P1-byte_step15000 30 4 2 0.027566584991291165
seed123_P1-byte_step15000 30 4 3 0.0267780750291422
seed123_P1-byte_step15000 30 4 4 0.027056043967604637
seed123_P1-byte_step15000 30 4 5 0.026571921072900295
seed123_P1-byte_step15000 30 4 6 0.028095292043872178
seed123_P1-byte_step15000 30 4 7 0.027709638001397252
seed123_P1-byte_step15000 30 4 8 0.028872090042568743
seed123_P1-byte_step15000 30 4 9 0.02807479293551296
seed123_P1-byte_step15000 30 5 0 0.026352284010499716
seed123_P1-byte_step15000 30 5 1 0.027408323949202895
seed123_P1-byte_step15000 30 5 2 0.026697060093283653
seed123_P1-byte_step15000 30 5 3 0.029361653025262058
seed123_P1-byte_step15000 30 5 4 0.030103003955446184
seed123_P1-byte_step15000 30 5 5 0.027670594048686326
seed123_P1-byte_step15000 30 5 6 0.02964139508549124
seed123_P1-byte_step15000 30 5 7 0.02794172998983413
seed123_P1-byte_step15000 30 5 8 0.027465022052638233
seed123_P1-byte_step15000 30 5 9 0.029658096958883107
seed123_P1-byte_step15000 30 6 0 0.0265763410134241
seed123_P1-byte_step15000 30 6 1 0.02619888202752918
seed123_P1-byte_step15000 30 6 2 0.030053119058720767
seed123_P1-byte_step15000 30 6 3 0.0275569970253855
seed123_P1-byte_step15000 30 6 4 0.0263541080057621
seed123_P1-byte_step15000 30 6 5 0.02602165495045483
seed123_P1-byte_step15000 30 6 6 0.02542877697851509
seed123_P1-byte_step15000 30 6 7 0.028001462924294174
seed123_P1-byte_step15000 30 6 8 0.02898609801195562
seed123_P1-byte_step15000 30 6 9 0.02785679791122675
seed123_P1-byte_step15000 30 7 0 0.027409847010858357
seed123_P1-byte_step15000 30 7 1 0.027251795982010663
seed123_P1-byte_step15000 30 7 2 0.02740429702680558
seed123_P1-byte_step15000 30 7 3 0.030198234948329628
seed123_P1-byte_step15000 30 7 4 0.028927877079695463
seed123_P1-byte_step15000 30 7 5 0.027875583968125284
seed123_P1-byte_step15000 30 7 6 0.026732748025096953
seed123_P1-byte_step15000 30 7 7 0.027316458988934755
seed123_P1-byte_step15000 30 7 8 0.029002398950979114
seed123_P1-byte_step15000 30 7 9 0.027544472948648036
seed123_P1-byte_step15000 30 8 0 0.027297624037601054
seed123_P1-byte_step15000 30 8 1 0.02662957098800689
seed123_P1-byte_step15000 30 8 2 0.026687912992201746
seed123_P1-byte_step15000 30 8 3 0.028339056065306067
seed123_P1-byte_step15000 30 8 4 0.02721995604224503
seed123_P1-byte_step15000 30 8 5 0.026707560988143086
seed123_P1-byte_step15000 30 8 6 0.026637336006388068
seed123_P1-byte_step15000 30 8 7 0.026592131005600095
seed123_P1-byte_step15000 30 8 8 0.02625385590363294
seed123_P1-byte_step15000 30 8 9 0.02874602098017931
seed123_P1-byte_step15000 30 9 0 0.026693512918427587
seed123_P1-byte_step15000 30 9 1 0.02720558794680983
seed123_P1-byte_step15000 30 9 2 0.027690532035194337
seed123_P1-byte_step15000 30 9 3 0.026658245944418013
seed123_P1-byte_step15000 30 9 4 0.027746778912842274
seed123_P1-byte_step15000 30 9 5 0.028309480054304004
seed123_P1-byte_step15000 30 9 6 0.02866541699040681
seed123_P1-byte_step15000 30 9 7 0.026991090970113873
seed123_P1-byte_step15000 30 9 8 0.026348356972448528
seed123_P1-byte_step15000 30 9 9 0.026620646007359028
seed123_P1-byte_step15000 33 0 0 0.008452449925243855
seed123_P1-byte_step15000 33 0 1 0.007064247969537973
seed123_P1-byte_step15000 33 0 2 0.00672443094663322
seed123_P1-byte_step15000 33 0 3 0.006371689029037952
seed123_P1-byte_step15000 33 0 4 0.006335219950415194
seed123_P1-byte_step15000 33 0 5 0.0063031879253685474
seed123_P1-byte_step15000 33 0 6 0.006315542967058718
seed123_P1-byte_step15000 33 0 7 0.006289832992479205
seed123_P1-byte_step15000 33 0 8 0.006410774076357484
seed123_P1-byte_step15000 33 0 9 0.006302868016064167
seed123_P1-byte_step15000 33 1 0 0.006446791929192841
seed123_P1-byte_step15000 33 1 1 0.006307858042418957
seed123_P1-byte_step15000 33 1 2 0.00635229202453047
seed123_P1-byte_step15000 33 1 3 0.0064069569343701005
seed123_P1-byte_step15000 33 1 4 0.006305983988568187
seed123_P1-byte_step15000 33 1 5 0.0062894230941310525
seed123_P1-byte_step15000 33 1 6 0.006385224056430161
seed123_P1-byte_step15000 33 1 7 0.006314150057733059
seed123_P1-byte_step15000 33 1 8 0.006294571910984814
seed123_P1-byte_step15000 33 1 9 0.006419609999284148
seed123_P1-byte_step15000 33 2 0 0.0061065140180289745
seed123_P1-byte_step15000 33 2 1 0.006231792038306594
seed123_P1-byte_step15000 33 2 2 0.006179383024573326
seed123_P1-byte_step15000 33 2 3 0.006534989923238754
seed123_P1-byte_step15000 33 2 4 0.006083420943468809
seed123_P1-byte_step15000 33 2 5 0.0060913460329174995
seed123_P1-byte_step15000 33 2 6 0.006084623048081994
seed123_P1-byte_step15000 33 2 7 0.006070867064408958
seed123_P1-byte_step15000 33 2 8 0.006126262014731765
seed123_P1-byte_step15000 33 2 9 0.006095874006859958
seed123_P1-byte_step15000 33 3 0 0.006328798015601933
seed123_P1-byte_step15000 33 3 1 0.006287468015216291
seed123_P1-byte_step15000 33 3 2 0.006300111999735236
seed123_P1-byte_step15000 33 3 3 0.006316283950582147
seed123_P1-byte_step15000 33 3 4 0.006320221000351012
seed123_P1-byte_step15000 33 3 5 0.006306665018200874
seed123_P1-byte_step15000 33 3 6 0.006299591972492635
seed123_P1-byte_step15000 33 3 7 0.006459636031650007
seed123_P1-byte_step15000 33 3 8 0.006444628001190722
seed123_P1-byte_step15000 33 3 9 0.006279683904722333
seed123_P1-byte_step15000 33 4 0 0.006106574088335037
seed123_P1-byte_step15000 33 4 1 0.006105902954004705
seed123_P1-byte_step15000 33 4 2 0.0062081480864435434
seed123_P1-byte_step15000 33 4 3 0.0060825980035588145
seed123_P1-byte_step15000 33 4 4 0.006151390029117465
seed123_P1-byte_step15000 33 4 5 0.006085113971494138
seed123_P1-byte_step15000 33 4 6 0.006123014958575368
seed123_P1-byte_step15000 33 4 7 0.0060984790325164795
seed123_P1-byte_step15000 33 4 8 0.006079543032683432
seed123_P1-byte_step15000 33 4 9 0.006128665991127491
seed123_P1-byte_step15000 33 5 0 0.0063772499561309814
seed123_P1-byte_step15000 33 5 1 0.006299993023276329
seed123_P1-byte_step15000 33 5 2 0.006301605957560241
seed123_P1-byte_step15000 33 5 3 0.006332924938760698
seed123_P1-byte_step15000 33 5 4 0.006639479077421129
seed123_P1-byte_step15000 33 5 5 0.006264274939894676
seed123_P1-byte_step15000 33 5 6 0.006261829985305667
seed123_P1-byte_step15000 33 5 7 0.00640090589877218
seed123_P1-byte_step15000 33 5 8 0.00632868695538491
seed123_P1-byte_step15000 33 5 9 0.006263602990657091
seed123_P1-byte_step15000 33 6 0 0.006255888962186873
seed123_P1-byte_step15000 33 6 1 0.006272591068409383
seed123_P1-byte_step15000 33 6 2 0.006238947040401399
seed123_P1-byte_step15000 33 6 3 0.006291646976023912
seed123_P1-byte_step15000 33 6 4 0.006237452966161072
seed123_P1-byte_step15000 33 6 5 0.0062414821004495025
seed123_P1-byte_step15000 33 6 6 0.00623932690359652
seed123_P1-byte_step15000 33 6 7 0.006242432980798185
seed123_P1-byte_step15000 33 6 8 0.006248102989047766
seed123_P1-byte_step15000 33 6 9 0.006225480930879712
seed123_P1-byte_step15000 33 7 0 0.006274032988585532
seed123_P1-byte_step15000 33 7 1 0.0062755459221079946
seed123_P1-byte_step15000 33 7 2 0.006275285966694355
seed123_P1-byte_step15000 33 7 3 0.006280784960836172
seed123_P1-byte_step15000 33 7 4 0.006289312965236604
seed123_P1-byte_step15000 33 7 5 0.00627165799960494
seed123_P1-byte_step15000 33 7 6 0.006278432090766728
seed123_P1-byte_step15000 33 7 7 0.006303920061327517
seed123_P1-byte_step15000 33 7 8 0.006301234941929579
seed123_P1-byte_step15000 33 7 9 0.006272920989431441
seed123_P1-byte_step15000 33 8 0 0.006082108011469245
seed123_P1-byte_step15000 33 8 1 0.00607325101736933
seed123_P1-byte_step15000 33 8 2 0.006058953935280442
seed123_P1-byte_step15000 33 8 3 0.005909989937208593
seed123_P1-byte_step15000 33 8 4 0.0059749140636995435
seed123_P1-byte_step15000 33 8 5 0.1697737310314551
seed123_P1-byte_step15000 33 8 6 0.00609315896872431
seed123_P1-byte_step15000 33 8 7 0.006106824963353574
seed123_P1-byte_step15000 33 8 8 0.006055266014300287
seed123_P1-byte_step15000 33 8 9 0.006067860987968743
seed123_P1-byte_step15000 33 9 0 0.006501966970972717
seed123_P1-byte_step15000 33 9 1 0.00622559105977416
seed123_P1-byte_step15000 33 9 2 0.006276987958699465
seed123_P1-byte_step15000 33 9 3 0.006247492972761393
seed123_P1-byte_step15000 33 9 4 0.006300363107584417
seed123_P1-byte_step15000 33 9 5 0.0062361410818994045
seed123_P1-byte_step15000 33 9 6 0.006249156082049012
seed123_P1-byte_step15000 33 9 7 0.006260307040065527
seed123_P1-byte_step15000 33 9 8 0.006237393012270331
seed123_P1-byte_step15000 33 9 9 0.00626551709137857
seed123_P1-byte_step15000 36 0 0 0.006887500989250839
seed123_P1-byte_step15000 36 0 1 0.00667535699903965
seed123_P1-byte_step15000 36 0 2 0.006566349999047816
seed123_P1-byte_step15000 36 0 3 0.006509209983050823
seed123_P1-byte_step15000 36 0 4 0.006505212979391217
seed123_P1-byte_step15000 36 0 5 0.006382660008966923
seed123_P1-byte_step15000 36 0 6 0.006399492034688592
seed123_P1-byte_step15000 36 0 7 0.006668976042419672
seed123_P1-byte_step15000 36 0 8 0.0067064560716971755
seed123_P1-byte_step15000 36 0 9 0.006666661007329822
seed123_P1-byte_step15000 36 1 0 0.006539277965202928
seed123_P1-byte_step15000 36 1 1 0.006566841038875282
seed123_P1-byte_step15000 36 1 2 0.006666911067441106
seed123_P1-byte_step15000 36 1 3 0.006698630983009934
seed123_P1-byte_step15000 36 1 4 0.006653165095485747
seed123_P1-byte_step15000 36 1 5 0.00664500892162323
seed123_P1-byte_step15000 36 1 6 0.006636022008024156
seed123_P1-byte_step15000 36 1 7 0.006678924080915749
seed123_P1-byte_step15000 36 1 8 0.006515583023428917
seed123_P1-byte_step15000 36 1 9 0.006616885075345635
seed123_P1-byte_step15000 36 2 0 0.006565909017808735
seed123_P1-byte_step15000 36 2 1 0.006507878075353801
seed123_P1-byte_step15000 36 2 2 0.006435621064156294
seed123_P1-byte_step15000 36 2 3 0.006454286980442703
seed123_P1-byte_step15000 36 2 4 0.0063576019601896405
seed123_P1-byte_step15000 36 2 5 0.006443435908295214
seed123_P1-byte_step15000 36 2 6 0.006429879926145077
seed123_P1-byte_step15000 36 2 7 0.006406766013242304
seed123_P1-byte_step15000 36 2 8 0.006365836947225034
seed123_P1-byte_step15000 36 2 9 0.006490997038781643
seed123_P1-byte_step15000 36 3 0 0.0065197700168937445
seed123_P1-byte_step15000 36 3 1 0.006568955024704337
seed123_P1-byte_step15000 36 3 2 0.006794894929043949
seed123_P1-byte_step15000 36 3 3 0.006630693096667528
seed123_P1-byte_step15000 36 3 4 0.006770899053663015
seed123_P1-byte_step15000 36 3 5 0.006789695005863905
seed123_P1-byte_step15000 36 3 6 0.00681497307959944
seed123_P1-byte_step15000 36 3 7 0.006783804972656071
seed123_P1-byte_step15000 36 3 8 0.006757472991012037
seed123_P1-byte_step15000 36 3 9 0.0067964179906994104
seed123_P1-byte_step15000 36 4 0 0.006955980905331671
seed123_P1-byte_step15000 36 4 1 0.007745514041744173
seed123_P1-byte_step15000 36 4 2 0.006634179037064314
seed123_P1-byte_step15000 36 4 3 0.006645711022429168
seed123_P1-byte_step15000 36 4 4 0.006630331976339221
seed123_P1-byte_step15000 36 4 5 0.0066262929467484355
seed123_P1-byte_step15000 36 4 6 0.006616755970753729
seed123_P1-byte_step15000 36 4 7 0.006654217024333775
seed123_P1-byte_step15000 36 4 8 0.006628158036619425
seed123_P1-byte_step15000 36 4 9 0.006610484095290303
seed123_P1-byte_step15000 36 5 0 0.006635171012021601
seed123_P1-byte_step15000 36 5 1 0.006640310981310904
seed123_P1-byte_step15000 36 5 2 0.006633878918364644
seed123_P1-byte_step15000 36 5 3 0.006678171921521425
seed123_P1-byte_step15000 36 5 4 0.006653606076724827
seed123_P1-byte_step15000 36 5 5 0.006649967981502414
seed123_P1-byte_step15000 36 5 6 0.006597769912332296
seed123_P1-byte_step15000 36 5 7 0.006616474944166839
seed123_P1-byte_step15000 36 5 8 0.0066446890123188496
seed123_P1-byte_step15000 36 5 9 0.0066296199802309275
seed123_P1-byte_step15000 36 6 0 0.0067870100028812885
seed123_P1-byte_step15000 36 6 1 0.006865639006718993
seed123_P1-byte_step15000 36 6 2 0.006812768988311291
seed123_P1-byte_step15000 36 6 3 0.00693750602658838
seed123_P1-byte_step15000 36 6 4 0.0067831320920959115
seed123_P1-byte_step15000 36 6 5 0.006782000069506466
seed123_P1-byte_step15000 36 6 6 0.006800506031140685
seed123_P1-byte_step15000 36 6 7 0.006771820015273988
seed123_P1-byte_step15000 36 6 8 0.006775488029234111
seed123_P1-byte_step15000 36 6 9 0.0067762399557977915
seed123_P1-byte_step15000 36 7 0 0.006725752959027886
seed123_P1-byte_step15000 36 7 1 0.0067206029780209064
seed123_P1-byte_step15000 36 7 2 0.00679131702054292
seed123_P1-byte_step15000 36 7 3 0.006609551957808435
seed123_P1-byte_step15000 36 7 4 0.006746732979081571
seed123_P1-byte_step15000 36 7 5 0.006818560999818146
seed123_P1-byte_step15000 36 7 6 0.00683776696678251
seed123_P1-byte_step15000 36 7 7 0.00684528099372983
seed123_P1-byte_step15000 36 7 8 0.006860649911686778
seed123_P1-byte_step15000 36 7 9 0.006817028042860329
seed123_P1-byte_step15000 36 8 0 0.006619369960390031
seed123_P1-byte_step15000 36 8 1 0.006631092983298004
seed123_P1-byte_step15000 36 8 2 0.0066297800512984395
seed123_P1-byte_step15000 36 8 3 0.006632135948166251
seed123_P1-byte_step15000 36 8 4 0.006638557068072259
seed123_P1-byte_step15000 36 8 5 0.006611506105400622
seed123_P1-byte_step15000 36 8 6 0.006593511090613902
seed123_P1-byte_step15000 36 8 7 0.006627646973356605
seed123_P1-byte_step15000 36 8 8 0.006664406042546034
seed123_P1-byte_step15000 36 8 9 0.006595165003091097
seed123_P1-byte_step15000 36 9 0 0.006840300979092717
seed123_P1-byte_step15000 36 9 1 0.006886678980663419
seed123_P1-byte_step15000 36 9 2 0.006824590964242816
seed123_P1-byte_step15000 36 9 3 0.006792690954171121
seed123_P1-byte_step15000 36 9 4 0.00682625500485301
seed123_P1-byte_step15000 36 9 5 0.006692709983326495
seed123_P1-byte_step15000 36 9 6 0.0067812890047207475
seed123_P1-byte_step15000 36 9 7 0.006839370005764067
seed123_P1-byte_step15000 36 9 8 0.006701678037643433
seed123_P1-byte_step15000 36 9 9 0.006668003974482417
seed123_P1-byte_step15000 40 0 0 0.004183953977189958
seed123_P1-byte_step15000 40 0 1 0.004251042031683028
seed123_P1-byte_step15000 40 0 2 0.004252595012076199
seed123_P1-byte_step15000 40 0 3 0.005545696942135692
seed123_P1-byte_step15000 40 0 4 0.004088914021849632
seed123_P1-byte_step15000 40 0 5 0.004033998935483396
seed123_P1-byte_step15000 40 0 6 0.004012027056887746
seed123_P1-byte_step15000 40 0 7 0.004363246029242873
seed123_P1-byte_step15000 40 0 8 0.00406210299115628
seed123_P1-byte_step15000 40 0 9 0.004027336020953953
seed123_P1-byte_step15000 40 1 0 0.004022527951747179
seed123_P1-byte_step15000 40 1 1 0.004085137043148279
seed123_P1-byte_step15000 40 1 2 0.004029010073281825
seed123_P1-byte_step15000 40 1 3 0.004031395073980093
seed123_P1-byte_step15000 40 1 4 0.004039699910208583
seed123_P1-byte_step15000 40 1 5 0.004047334077768028
seed123_P1-byte_step15000 40 1 6 0.0040243209805339575
seed123_P1-byte_step15000 40 1 7 0.004068645997904241
seed123_P1-byte_step15000 40 1 8 0.0040540259797126055
seed123_P1-byte_step15000 40 1 9 0.004035552032291889
seed123_P1-byte_step15000 40 2 0 0.0039281880017369986
seed123_P1-byte_step15000 40 2 1 0.003935071057640016
seed123_P1-byte_step15000 40 2 2 0.003945601056329906
seed123_P1-byte_step15000 40 2 3 0.003944378928281367
seed123_P1-byte_step15000 40 2 4 0.0039154429687187076
seed123_P1-byte_step15000 40 2 5 0.003935410990379751
seed123_P1-byte_step15000 40 2 6 0.0039198920130729675
seed123_P1-byte_step15000 40 2 7 0.003932715975679457
seed123_P1-byte_step15000 40 2 8 0.0039309830171987414
seed123_P1-byte_step15000 40 2 9 0.00393156404606998
seed123_P1-byte_step15000 40 3 0 0.004033308010548353
seed123_P1-byte_step15000 40 3 1 0.004055539960972965
seed123_P1-byte_step15000 40 3 2 0.004032345954328775
seed123_P1-byte_step15000 40 3 3 0.004110735026188195
seed123_P1-byte_step15000 40 3 4 0.004035511985421181
seed123_P1-byte_step15000 40 3 5 0.004624553956091404
seed123_P1-byte_step15000 40 3 6 0.004072573035955429
seed123_P1-byte_step15000 40 3 7 0.004171259934082627
seed123_P1-byte_step15000 40 3 8 0.004011787939816713
seed123_P1-byte_step15000 40 3 9 0.004024602007120848
seed123_P1-byte_step15000 40 4 0 0.00406029901932925
seed123_P1-byte_step15000 40 4 1 0.0040526550728827715
seed123_P1-byte_step15000 40 4 2 0.004028799012303352
seed123_P1-byte_step15000 40 4 3 0.00408011709805578
seed123_P1-byte_step15000 40 4 4 0.004032616037875414
seed123_P1-byte_step15000 40 4 5 0.004022488021291792
seed123_P1-byte_step15000 40 4 6 0.004020422929897904
seed123_P1-byte_step15000 40 4 7 0.004086788976565003
seed123_P1-byte_step15000 40 4 8 0.0041880219941958785
seed123_P1-byte_step15000 40 4 9 0.004016675986349583
seed123_P1-byte_step15000 40 5 0 0.004029360017739236
seed123_P1-byte_step15000 40 5 1 0.004077823017723858
seed123_P1-byte_step15000 40 5 2 0.004019200918264687
seed123_P1-byte_step15000 40 5 3 0.004111846908926964
seed123_P1-byte_step15000 40 5 4 0.004154548980295658
seed123_P1-byte_step15000 40 5 5 0.004027516930364072
seed123_P1-byte_step15000 40 5 6 0.0040431160014122725
seed123_P1-byte_step15000 40 5 7 0.004018248990178108
seed123_P1-byte_step15000 40 5 8 0.004029890988022089
seed123_P1-byte_step15000 40 5 9 0.004031574004329741
seed123_P1-byte_step15000 40 6 0 0.004031423944979906
seed123_P1-byte_step15000 40 6 1 0.004014302045106888
seed123_P1-byte_step15000 40 6 2 0.004022247041575611
seed123_P1-byte_step15000 40 6 3 0.004018420004285872
seed123_P1-byte_step15000 40 6 4 0.0039922199212014675
seed123_P1-byte_step15000 40 6 5 0.0040177779737859964
seed123_P1-byte_step15000 40 6 6 0.004025814007036388
seed123_P1-byte_step15000 40 6 7 0.004029340925626457
seed123_P1-byte_step15000 40 6 8 0.004080057027749717
seed123_P1-byte_step15000 40 6 9 0.004097771015949547
seed123_P1-byte_step15000 40 7 0 0.004065458895638585
seed123_P1-byte_step15000 40 7 1 0.004016204969957471
seed123_P1-byte_step15000 40 7 2 0.004003030015155673
seed123_P1-byte_step15000 40 7 3 0.004009512020274997
seed123_P1-byte_step15000 40 7 4 0.004028309020213783
seed123_P1-byte_step15000 40 7 5 0.004041592939756811
seed123_P1-byte_step15000 40 7 6 0.004015584010630846
seed123_P1-byte_step15000 40 7 7 0.004297791048884392
seed123_P1-byte_step15000 40 7 8 0.004079705919139087
seed123_P1-byte_step15000 40 7 9 0.004066020017489791
seed123_P1-byte_step15000 40 8 0 0.003952985047362745
seed123_P1-byte_step15000 40 8 1 0.0038927100831642747
seed123_P1-byte_step15000 40 8 2 0.0038945940323174
seed123_P1-byte_step15000 40 8 3 0.0039023490389809012
seed123_P1-byte_step15000 40 8 4 0.003948907018639147
seed123_P1-byte_step15000 40 8 5 0.004038457991555333
seed123_P1-byte_step15000 40 8 6 0.004013249999843538
seed123_P1-byte_step15000 40 8 7 0.003948686993680894
seed123_P1-byte_step15000 40 8 8 0.003933526924811304
seed123_P1-byte_step15000 40 8 9 0.003955519990995526
seed123_P1-byte_step15000 40 9 0 0.0039462430868297815
seed123_P1-byte_step15000 40 9 1 0.003909101011231542
seed123_P1-byte_step15000 40 9 2 0.0039519231067970395
seed123_P1-byte_step15000 40 9 3 0.0038086400600150228
seed123_P1-byte_step15000 40 9 4 0.003954116953536868
seed123_P1-byte_step15000 40 9 5 0.0038349099922925234
seed123_P1-byte_step15000 40 9 6 0.0037951950216665864
seed123_P1-byte_step15000 40 9 7 0.0037889420054852962
seed123_P1-byte_step15000 40 9 8 0.0038282469613477588
seed123_P1-byte_step15000 40 9 9 0.0038084499537944794
seed123_P1-byte_step15000 47 0 0 0.06470432097557932
seed123_P1-byte_step15000 47 0 1 0.06300131103489548
seed123_P1-byte_step15000 47 0 2 0.06125692999921739
seed123_P1-byte_step15000 47 0 3 0.0634704539552331
seed123_P1-byte_step15000 47 0 4 0.06056475196965039
seed123_P1-byte_step15000 47 0 5 0.06223961093928665
seed123_P1-byte_step15000 47 0 6 0.06047172495163977
seed123_P1-byte_step15000 47 0 7 0.06179680803325027
seed123_P1-byte_step15000 47 0 8 0.060329523985274136
seed123_P1-byte_step15000 47 0 9 0.06201646593399346
seed123_P1-byte_step15000 47 1 0 0.06350854493211955
seed123_P1-byte_step15000 47 1 1 0.0635329430224374
seed123_P1-byte_step15000 47 1 2 0.05957112100441009
seed123_P1-byte_step15000 47 1 3 0.06014518300071359
seed123_P1-byte_step15000 47 1 4 0.05813978600781411
seed123_P1-byte_step15000 47 1 5 0.06183062097989023
seed123_P1-byte_step15000 47 1 6 0.058895775000564754
seed123_P1-byte_step15000 47 1 7 0.06042565801180899
seed123_P1-byte_step15000 47 1 8 0.06211244803853333
seed123_P1-byte_step15000 47 1 9 0.06396380392834544
seed123_P1-byte_step15000 47 2 0 0.05949248094111681
seed123_P1-byte_step15000 47 2 1 0.06370961002539843
seed123_P1-byte_step15000 47 2 2 0.061820051982067525
seed123_P1-byte_step15000 47 2 3 0.06229709996841848
seed123_P1-byte_step15000 47 2 4 0.06097220804076642
seed123_P1-byte_step15000 47 2 5 0.06184938794467598
seed123_P1-byte_step15000 47 2 6 0.06352907500695437
seed123_P1-byte_step15000 47 2 7 0.06085669796448201
seed123_P1-byte_step15000 47 2 8 0.06223965098615736
seed123_P1-byte_step15000 47 2 9 0.0614463509991765
seed123_P1-byte_step15000 47 3 0 0.06577944906894118
seed123_P1-byte_step15000 47 3 1 0.06399905995931476
seed123_P1-byte_step15000 47 3 2 0.061756971990689635
seed123_P1-byte_step15000 47 3 3 0.0636591239599511
seed123_P1-byte_step15000 47 3 4 0.06275277805980295
seed123_P1-byte_step15000 47 3 5 0.062649862957187
seed123_P1-byte_step15000 47 3 6 0.06025210698135197
seed123_P1-byte_step15000 47 3 7 0.062441053916700184
seed123_P1-byte_step15000 47 3 8 0.0636473709018901
seed123_P1-byte_step15000 47 3 9 0.05903395893983543
seed123_P1-byte_step15000 47 4 0 0.060839815996587276
seed123_P1-byte_step15000 47 4 1 0.06368811801075935
seed123_P1-byte_step15000 47 4 2 0.06615781993605196
seed123_P1-byte_step15000 47 4 3 0.06533978297375143
seed123_P1-byte_step15000 47 4 4 0.06365870300214738
seed123_P1-byte_step15000 47 4 5 0.0649313050089404
seed123_P1-byte_step15000 47 4 6 0.06041899498086423
seed123_P1-byte_step15000 47 4 7 0.062428451026789844
seed123_P1-byte_step15000 47 4 8 0.06877560308203101
seed123_P1-byte_step15000 47 4 9 0.06650755694136024
seed123_P1-byte_step15000 47 5 0 0.06528124096803367
seed123_P1-byte_step15000 47 5 1 0.06457746191881597
seed123_P1-byte_step15000 47 5 2 0.06464247591793537
seed123_P1-byte_step15000 47 5 3 0.06387939304113388
seed123_P1-byte_step15000 47 5 4 0.06304657808504999
seed123_P1-byte_step15000 47 5 5 0.061442264006473124
seed123_P1-byte_step15000 47 5 6 0.06516662298236042
seed123_P1-byte_step15000 47 5 7 0.0614823600044474
seed123_P1-byte_step15000 47 5 8 0.06156068900600076
seed123_P1-byte_step15000 47 5 9 0.06398129602894187
seed123_P1-byte_step15000 47 6 0 0.06296444195322692
seed123_P1-byte_step15000 47 6 1 0.061531102983281016
seed123_P1-byte_step15000 47 6 2 0.060037369024939835
seed123_P1-byte_step15000 47 6 3 0.060857640113681555
seed123_P1-byte_step15000 47 6 4 0.06312709208577871
seed123_P1-byte_step15000 47 6 5 0.06010164099279791
seed123_P1-byte_step15000 47 6 6 0.06118047598283738
seed123_P1-byte_step15000 47 6 7 0.061758746043778956
seed123_P1-byte_step15000 47 6 8 0.062035773997195065
seed123_P1-byte_step15000 47 6 9 0.06108599598519504
seed123_P1-byte_step15000 47 7 0 0.06306214700452983
seed123_P1-byte_step15000 47 7 1 0.06213514297269285
seed123_P1-byte_step15000 47 7 2 0.06021986703854054
seed123_P1-byte_step15000 47 7 3 0.060133482911624014
seed123_P1-byte_step15000 47 7 4 0.0601266089361161
seed123_P1-byte_step15000 47 7 5 0.06123085203580558
seed123_P1-byte_step15000 47 7 6 0.06041151098906994
seed123_P1-byte_step15000 47 7 7 0.05974459205754101
seed123_P1-byte_step15000 47 7 8 0.06287037394940853
seed123_P1-byte_step15000 47 7 9 0.05919797206297517
seed123_P1-byte_step15000 47 8 0 0.06074556801468134
seed123_P1-byte_step15000 47 8 1 0.05910925299394876
seed123_P1-byte_step15000 47 8 2 0.06249222299084067
seed123_P1-byte_step15000 47 8 3 0.0650024120695889
seed123_P1-byte_step15000 47 8 4 0.06355075794272125
seed123_P1-byte_step15000 47 8 5 0.05973455298226327
seed123_P1-byte_step15000 47 8 6 0.06198970694094896
seed123_P1-byte_step15000 47 8 7 0.0619232690660283
seed123_P1-byte_step15000 47 8 8 0.06167247297707945
seed123_P1-byte_step15000 47 8 9 0.06224589399062097
seed123_P1-byte_step15000 47 9 0 0.06150751898530871
seed123_P1-byte_step15000 47 9 1 0.06019267602823675
seed123_P1-byte_step15000 47 9 2 0.0634318720549345
seed123_P1-byte_step15000 47 9 3 0.058420282090082765
seed123_P1-byte_step15000 47 9 4 0.05984479305334389
seed123_P1-byte_step15000 47 9 5 0.06452485301997513
seed123_P1-byte_step15000 47 9 6 0.06129828002303839
seed123_P1-byte_step15000 47 9 7 0.06358832004480064
seed123_P1-byte_step15000 47 9 8 0.06083005899563432
seed123_P1-byte_step15000 47 9 9 0.06420712906401604
seed123_P1-byte_step15000 51 0 0 0.025260127033106983
seed123_P1-byte_step15000 51 0 1 0.023097279015928507
seed123_P1-byte_step15000 51 0 2 0.026590458932332695
seed123_P1-byte_step15000 51 0 3 0.02367904596030712
seed123_P1-byte_step15000 51 0 4 0.022306613973341882
seed123_P1-byte_step15000 51 0 5 0.02228340902365744
seed123_P1-byte_step15000 51 0 6 0.022648925078101456
seed123_P1-byte_step15000 51 0 7 0.02225905389059335
seed123_P1-byte_step15000 51 0 8 0.02255160000640899
seed123_P1-byte_step15000 51 0 9 0.022282287012785673
seed123_P1-byte_step15000 51 1 0 0.02236527600325644
seed123_P1-byte_step15000 51 1 1 0.02227408206090331
seed123_P1-byte_step15000 51 1 2 0.023345172055996954
seed123_P1-byte_step15000 51 1 3 0.02224904508329928
seed123_P1-byte_step15000 51 1 4 0.02228067396208644
seed123_P1-byte_step15000 51 1 5 0.022192687960341573
seed123_P1-byte_step15000 51 1 6 0.02199653396382928
seed123_P1-byte_step15000 51 1 7 0.022234966978430748
seed123_P1-byte_step15000 51 1 8 0.021667537977918983
seed123_P1-byte_step15000 51 1 9 0.022292657988145947
seed123_P1-byte_step15000 51 2 0 0.022225128952413797
seed123_P1-byte_step15000 51 2 1 0.021870955009944737
seed123_P1-byte_step15000 51 2 2 0.021581083070486784
seed123_P1-byte_step15000 51 2 3 0.021644774940796196
seed123_P1-byte_step15000 51 2 4 0.023199714021757245
seed123_P1-byte_step15000 51 2 5 0.025238204980269074
seed123_P1-byte_step15000 51 2 6 0.023375389049760997
seed123_P1-byte_step15000 51 2 7 0.025070755975320935
seed123_P1-byte_step15000 51 2 8 0.023270910023711622
seed123_P1-byte_step15000 51 2 9 0.023640592931769788
seed123_P1-byte_step15000 51 3 0 0.022562451078556478
seed123_P1-byte_step15000 51 3 1 0.023215264081954956
seed123_P1-byte_step15000 51 3 2 0.02328760107047856
seed123_P1-byte_step15000 51 3 3 0.022502396954223514
seed123_P1-byte_step15000 51 3 4 0.02184177003800869
seed123_P1-byte_step15000 51 3 5 0.021448911051265895
seed123_P1-byte_step15000 51 3 6 0.02153338200878352
seed123_P1-byte_step15000 51 3 7 0.02175060601439327
seed123_P1-byte_step15000 51 3 8 0.02267656906042248
seed123_P1-byte_step15000 51 3 9 0.022829950088635087
seed123_P1-byte_step15000 51 4 0 0.022553735063411295
seed123_P1-byte_step15000 51 4 1 0.021617411985062063
seed123_P1-byte_step15000 51 4 2 0.021342649939469993
seed123_P1-byte_step15000 51 4 3 0.02217202796600759
seed123_P1-byte_step15000 51 4 4 0.02257807191926986
seed123_P1-byte_step15000 51 4 5 0.024015817907638848
seed123_P1-byte_step15000 51 4 6 0.02256273094099015
seed123_P1-byte_step15000 51 4 7 0.02228908089455217
seed123_P1-byte_step15000 51 4 8 0.021697253920137882
seed123_P1-byte_step15000 51 4 9 0.021695059956982732
seed123_P1-byte_step15000 51 5 0 0.024532541981898248
seed123_P1-byte_step15000 51 5 1 0.023502300959080458
seed123_P1-byte_step15000 51 5 2 0.023424612008966506
seed123_P1-byte_step15000 51 5 3 0.022244567051529884
seed123_P1-byte_step15000 51 5 4 0.022646370925940573
seed123_P1-byte_step15000 51 5 5 0.022250748006626964
seed123_P1-byte_step15000 51 5 6 0.022274472983554006
seed123_P1-byte_step15000 51 5 7 0.02230862807482481
seed123_P1-byte_step15000 51 5 8 0.023724543978460133
seed123_P1-byte_step15000 51 5 9 0.022870147018693388
seed123_P1-byte_step15000 51 6 0 0.022233214927837253
seed123_P1-byte_step15000 51 6 1 0.022283160011284053
seed123_P1-byte_step15000 51 6 2 0.022221502964384854
seed123_P1-byte_step15000 51 6 3 0.022208398091606796
seed123_P1-byte_step15000 51 6 4 0.022118696942925453
seed123_P1-byte_step15000 51 6 5 0.023739652941003442
seed123_P1-byte_step15000 51 6 6 0.024959804955869913
seed123_P1-byte_step15000 51 6 7 0.022793209995143116
seed123_P1-byte_step15000 51 6 8 0.022400954039767385
seed123_P1-byte_step15000 51 6 9 0.02269403205718845
seed123_P1-byte_step15000 51 7 0 0.022627455065958202
seed123_P1-byte_step15000 51 7 1 0.024278677999973297
seed123_P1-byte_step15000 51 7 2 0.024467278039082885
seed123_P1-byte_step15000 51 7 3 0.022663644049316645
seed123_P1-byte_step15000 51 7 4 0.023024561000056565
seed123_P1-byte_step15000 51 7 5 0.022674614912830293
seed123_P1-byte_step15000 51 7 6 0.022285243030637503
seed123_P1-byte_step15000 51 7 7 0.022097204928286374
seed123_P1-byte_step15000 51 7 8 0.02251641300972551
seed123_P1-byte_step15000 51 7 9 0.02220346697140485
seed123_P1-byte_step15000 51 8 0 0.0225721700116992
seed123_P1-byte_step15000 51 8 1 0.022224428947083652
seed123_P1-byte_step15000 51 8 2 0.02224522700998932
seed123_P1-byte_step15000 51 8 3 0.022267088992521167
seed123_P1-byte_step15000 51 8 4 0.022249766043387353
seed123_P1-byte_step15000 51 8 5 0.022245808970183134
seed123_P1-byte_step15000 51 8 6 0.023380078026093543
seed123_P1-byte_step15000 51 8 7 0.022250708076171577
seed123_P1-byte_step15000 51 8 8 0.022206623922102153
seed123_P1-byte_step15000 51 8 9 0.022524758940562606
seed123_P1-byte_step15000 51 9 0 0.024857672047801316
seed123_P1-byte_step15000 51 9 1 0.024339754949323833
seed123_P1-byte_step15000 51 9 2 0.022657372057437897
seed123_P1-byte_step15000 51 9 3 0.0242330419132486
seed123_P1-byte_step15000 51 9 4 0.02319600700866431
seed123_P1-byte_step15000 51 9 5 0.022225650027394295
seed123_P1-byte_step15000 51 9 6 0.02228518296033144
seed123_P1-byte_step15000 51 9 7 0.023452295106835663
seed123_P1-byte_step15000 51 9 8 0.022566700004972517
seed123_P1-byte_step15000 51 9 9 0.022232001996599138
seed123_P1-byte_step15000 52 0 0 0.8194340320769697
seed123_P1-byte_step15000 52 0 1 0.8167987200431526
seed123_P1-byte_step15000 52 0 2 0.8334437320008874
seed123_P1-byte_step15000 52 0 3 0.8414255708921701
seed123_P1-byte_step15000 52 0 4 0.8252514350460842
seed123_P1-byte_step15000 52 0 5 0.8562511840136722
seed123_P1-byte_step15000 52 0 6 0.8351885310839862
seed123_P1-byte_step15000 52 0 7 0.842330452054739
seed123_P1-byte_step15000 52 0 8 0.8265980869764462
seed123_P1-byte_step15000 52 0 9 0.8350010790163651
seed123_P1-byte_step15000 52 1 0 0.8289098270470276
seed123_P1-byte_step15000 52 1 1 0.8080140519887209
seed123_P1-byte_step15000 52 1 2 0.8244975749403238
seed123_P1-byte_step15000 52 1 3 0.8259172820253298
seed123_P1-byte_step15000 52 1 4 0.8210135119734332
seed123_P1-byte_step15000 52 1 5 0.8264994099736214
seed123_P1-byte_step15000 52 1 6 0.8490322610596195
seed123_P1-byte_step15000 52 1 7 0.85671390988864
seed123_P1-byte_step15000 52 1 8 0.844772350974381
seed123_P1-byte_step15000 52 1 9 0.8351525199832395
seed123_P1-byte_step15000 52 2 0 0.8440886470489204
seed123_P1-byte_step15000 52 2 1 0.84954184491653
seed123_P1-byte_step15000 52 2 2 0.8623394130263478
seed123_P1-byte_step15000 52 2 3 0.8754828689852729
seed123_P1-byte_step15000 52 2 4 0.8454900439828634
seed123_P1-byte_step15000 52 2 5 0.8570115030743182
seed123_P1-byte_step15000 52 2 6 0.8313508350402117
seed123_P1-byte_step15000 52 2 7 0.8543157799867913
seed123_P1-byte_step15000 52 2 8 0.8507902029668912
seed123_P1-byte_step15000 52 2 9 0.8615156570449471
seed123_P1-byte_step15000 52 3 0 0.8416413130471483
seed123_P1-byte_step15000 52 3 1 0.8458190319361165
seed123_P1-byte_step15000 52 3 2 0.865279676974751
seed123_P1-byte_step15000 52 3 3 0.8694375159684569
seed123_P1-byte_step15000 52 3 4 0.8743743899976835
seed123_P1-byte_step15000 52 3 5 0.8652391030918807
seed123_P1-byte_step15000 52 3 6 0.8790560839697719
seed123_P1-byte_step15000 52 3 7 0.8553120220312849
seed123_P1-byte_step15000 52 3 8 0.8624875979730859
seed123_P1-byte_step15000 52 3 9 0.8731724160024896
seed123_P1-byte_step15000 52 4 0 0.8505005759652704
seed123_P1-byte_step15000 52 4 1 0.8511505270143971
seed123_P1-byte_step15000 52 4 2 0.8663238699082285
seed123_P1-byte_step15000 52 4 3 0.8669462199322879
seed123_P1-byte_step15000 52 4 4 0.8931105090305209
seed123_P1-byte_step15000 52 4 5 0.8415904840221629
seed123_P1-byte_step15000 52 4 6 0.8500776370055974
seed123_P1-byte_step15000 52 4 7 0.8591819560388103
seed123_P1-byte_step15000 52 4 8 0.8547155560227111
seed123_P1-byte_step15000 52 4 9 0.8233161789830774
seed123_P1-byte_step15000 52 5 0 0.8322894769953564
seed123_P1-byte_step15000 52 5 1 0.8254889539675787
seed123_P1-byte_step15000 52 5 2 0.8212451980216429
seed123_P1-byte_step15000 52 5 3 0.8619357340503484
seed123_P1-byte_step15000 52 5 4 0.831344824982807
seed123_P1-byte_step15000 52 5 5 0.8642691660206765
seed123_P1-byte_step15000 52 5 6 0.8681374560110271
seed123_P1-byte_step15000 52 5 7 0.848558051045984
seed123_P1-byte_step15000 52 5 8 0.8679604569915682
seed123_P1-byte_step15000 52 5 9 0.8790342970751226
seed123_P1-byte_step15000 52 6 0 0.8736332070548087
seed123_P1-byte_step15000 52 6 1 0.8669582920847461
seed123_P1-byte_step15000 52 6 2 0.8647060490911826
seed123_P1-byte_step15000 52 6 3 0.8531934230122715
seed123_P1-byte_step15000 52 6 4 0.8722764019621536
seed123_P1-byte_step15000 52 6 5 0.8399323339108378
seed123_P1-byte_step15000 52 6 6 0.8422445999458432
seed123_P1-byte_step15000 52 6 7 0.8672691509127617
seed123_P1-byte_step15000 52 6 8 0.8588791199726984
seed123_P1-byte_step15000 52 6 9 0.8444466950604692
seed123_P1-byte_step15000 52 7 0 0.8441237140214071
seed123_P1-byte_step15000 52 7 1 0.8535023559816182
seed123_P1-byte_step15000 52 7 2 0.870947627001442
seed123_P1-byte_step15000 52 7 3 0.8527904179645702
seed123_P1-byte_step15000 52 7 4 0.849220164003782
seed123_P1-byte_step15000 52 7 5 0.8576127790147439
seed123_P1-byte_step15000 52 7 6 0.856414349982515
seed123_P1-byte_step15000 52 7 7 0.8753844159655273
seed123_P1-byte_step15000 52 7 8 0.85887363308575
seed123_P1-byte_step15000 52 7 9 0.8551494459388778
seed123_P1-byte_step15000 52 8 0 0.8586231530644
seed123_P1-byte_step15000 52 8 1 0.8689566340763122
seed123_P1-byte_step15000 52 8 2 0.8668729509226978
seed123_P1-byte_step15000 52 8 3 0.8421901270048693
seed123_P1-byte_step15000 52 8 4 0.8450143879745156
seed123_P1-byte_step15000 52 8 5 0.8857630629790947
seed123_P1-byte_step15000 52 8 6 0.8614486500155181
seed123_P1-byte_step15000 52 8 7 0.8415287029929459
seed123_P1-byte_step15000 52 8 8 0.8610820090398192
seed123_P1-byte_step15000 52 8 9 0.8411659609992057
seed123_P1-byte_step15000 52 9 0 0.9272999159293249
seed123_P1-byte_step15000 52 9 1 0.9419103610562161
seed123_P1-byte_step15000 52 9 2 0.8648852789774537
seed123_P1-byte_step15000 52 9 3 0.8788367289816961
seed123_P1-byte_step15000 52 9 4 0.8616664089495316
seed123_P1-byte_step15000 52 9 5 0.8828111559851095
seed123_P1-byte_step15000 52 9 6 0.8884697440080345
seed123_P1-byte_step15000 52 9 7 0.8586294379783794
seed123_P1-byte_step15000 52 9 8 0.8786193759879097
seed123_P1-byte_step15000 52 9 9 0.8568031180184335
seed123_P1-byte_step15000 56 0 0 0.018343458999879658
seed123_P1-byte_step15000 56 0 1 0.01690026093274355
seed123_P1-byte_step15000 56 0 2 0.017536884057335556
seed123_P1-byte_step15000 56 0 3 0.01769179804250598
seed123_P1-byte_step15000 56 0 4 0.017005872912704945
seed123_P1-byte_step15000 56 0 5 0.017416434013284743
seed123_P1-byte_step15000 56 0 6 0.017260076012462378
seed123_P1-byte_step15000 56 0 7 0.01694549690000713
seed123_P1-byte_step15000 56 0 8 0.016889361082576215
seed123_P1-byte_step15000 56 0 9 0.016809207969345152
seed123_P1-byte_step15000 56 1 0 0.016480832011438906
seed123_P1-byte_step15000 56 1 1 0.016121138003654778
seed123_P1-byte_step15000 56 1 2 0.017931394977495074
seed123_P1-byte_step15000 56 1 3 0.02276825497392565
seed123_P1-byte_step15000 56 1 4 0.017485987045802176
seed123_P1-byte_step15000 56 1 5 0.01841842196881771
seed123_P1-byte_step15000 56 1 6 0.01749074598774314
seed123_P1-byte_step15000 56 1 7 0.01709719595964998
seed123_P1-byte_step15000 56 1 8 0.017191115068271756
seed123_P1-byte_step15000 56 1 9 0.018719997024163604
seed123_P1-byte_step15000 56 2 0 0.0182403230573982
seed123_P1-byte_step15000 56 2 1 0.01802186598069966
seed123_P1-byte_step15000 56 2 2 0.018026766018010676
seed123_P1-byte_step15000 56 2 3 0.017844049027189612
seed123_P1-byte_step15000 56 2 4 0.018665503012016416
seed123_P1-byte_step15000 56 2 5 0.017314710072241724
seed123_P1-byte_step15000 56 2 6 0.017610693932510912
seed123_P1-byte_step15000 56 2 7 0.017852553981356323
seed123_P1-byte_step15000 56 2 8 0.017484894022345543
seed123_P1-byte_step15000 56 2 9 0.016937321983277798
seed123_P1-byte_step15000 56 3 0 0.01694696000777185
seed123_P1-byte_step15000 56 3 1 0.016951879020780325
seed123_P1-byte_step15000 56 3 2 0.016937731998041272
seed123_P1-byte_step15000 56 3 3 0.016950246994383633
seed123_P1-byte_step15000 56 3 4 0.0169609870063141
seed123_P1-byte_step15000 56 3 5 0.016939184977672994
seed123_P1-byte_step15000 56 3 6 0.01683754101395607
seed123_P1-byte_step15000 56 3 7 0.017640139907598495
seed123_P1-byte_step15000 56 3 8 0.0181672329781577
seed123_P1-byte_step15000 56 3 9 0.02042995300143957
seed123_P1-byte_step15000 56 4 0 0.017374885035678744
seed123_P1-byte_step15000 56 4 1 0.01696143695153296
seed123_P1-byte_step15000 56 4 2 0.017106864950619638
seed123_P1-byte_step15000 56 4 3 0.017367750988341868
seed123_P1-byte_step15000 56 4 4 0.01692443701904267
seed123_P1-byte_step15000 56 4 5 0.01696429296862334
seed123_P1-byte_step15000 56 4 6 0.0184130520792678
seed123_P1-byte_step15000 56 4 7 0.017585354973562062
seed123_P1-byte_step15000 56 4 8 0.018365261028520763
seed123_P1-byte_step15000 56 4 9 0.01727768999990076
seed123_P1-byte_step15000 56 5 0 0.01717393205035478
seed123_P1-byte_step15000 56 5 1 0.016973441001027822
seed123_P1-byte_step15000 56 5 2 0.017067559994757175
seed123_P1-byte_step15000 56 5 3 0.016977429040707648
seed123_P1-byte_step15000 56 5 4 0.017181396018713713
seed123_P1-byte_step15000 56 5 5 0.017901738989166915
seed123_P1-byte_step15000 56 5 6 0.019036508980207145
seed123_P1-byte_step15000 56 5 7 0.017442023032344878
seed123_P1-byte_step15000 56 5 8 0.017862793989479542
seed123_P1-byte_step15000 56 5 9 0.018066731980070472
seed123_P1-byte_step15000 56 6 0 0.017692849971354008
seed123_P1-byte_step15000 56 6 1 0.019443335011601448
seed123_P1-byte_step15000 56 6 2 0.018410046002827585
seed123_P1-byte_step15000 56 6 3 0.020381128997541964
seed123_P1-byte_step15000 56 6 4 0.020751234027557075
seed123_P1-byte_step15000 56 6 5 0.017336302087642252
seed123_P1-byte_step15000 56 6 6 0.017471579019911587
seed123_P1-byte_step15000 56 6 7 0.016974602942354977
seed123_P1-byte_step15000 56 6 8 0.017209921963512897
seed123_P1-byte_step15000 56 6 9 0.01763593195937574
seed123_P1-byte_step15000 56 7 0 0.017542594927363098
seed123_P1-byte_step15000 56 7 1 0.017264083959162235
seed123_P1-byte_step15000 56 7 2 0.017771329963579774
seed123_P1-byte_step15000 56 7 3 0.017087418003939092
seed123_P1-byte_step15000 56 7 4 0.016935808933340013
seed123_P1-byte_step15000 56 7 5 0.016969765070825815
seed123_P1-byte_step15000 56 7 6 0.016897095018066466
seed123_P1-byte_step15000 56 7 7 0.0175790541106835
seed123_P1-byte_step15000 56 7 8 0.01720481098163873
seed123_P1-byte_step15000 56 7 9 0.016941378940828145
seed123_P1-byte_step15000 56 8 0 0.018353417981415987
seed123_P1-byte_step15000 56 8 1 0.01835333905182779
seed123_P1-byte_step15000 56 8 2 0.01783968007657677
seed123_P1-byte_step15000 56 8 3 0.017117816023528576
seed123_P1-byte_step15000 56 8 4 0.01696488494053483
seed123_P1-byte_step15000 56 8 5 0.016950607066974044
seed123_P1-byte_step15000 56 8 6 0.01720661495346576
seed123_P1-byte_step15000 56 8 7 0.020753559074364603
seed123_P1-byte_step15000 56 8 8 0.017022734973579645
seed123_P1-byte_step15000 56 8 9 0.017500684945844114
seed123_P1-byte_step15000 56 9 0 0.01761448197066784
seed123_P1-byte_step15000 56 9 1 0.01692262408323586
seed123_P1-byte_step15000 56 9 2 0.01788159995339811
seed123_P1-byte_step15000 56 9 3 0.018419353989884257
seed123_P1-byte_step15000 56 9 4 0.017877200967632234
seed123_P1-byte_step15000 56 9 5 0.018566212966106832
seed123_P1-byte_step15000 56 9 6 0.019108696025796235
seed123_P1-byte_step15000 56 9 7 0.01764272607397288
seed123_P1-byte_step15000 56 9 8 0.01815240492578596
seed123_P1-byte_step15000 56 9 9 0.0184706220170483
seed123_P1-byte_step15000 62 0 0 0.2877813210943714
seed123_P1-byte_step15000 62 0 1 0.2881977860815823
seed123_P1-byte_step15000 62 0 2 0.2889980690088123
seed123_P1-byte_step15000 62 0 3 0.2929944690549746
seed123_P1-byte_step15000 62 0 4 0.2867992239771411
seed123_P1-byte_step15000 62 0 5 0.3063520169816911
seed123_P1-byte_step15000 62 0 6 0.30358769197482616
seed123_P1-byte_step15000 62 0 7 0.2800112790428102
seed123_P1-byte_step15000 62 0 8 0.2887115570483729
seed123_P1-byte_step15000 62 0 9 0.28652745799627155
seed123_P1-byte_step15000 62 1 0 0.2873199670575559
seed123_P1-byte_step15000 62 1 1 0.28812077397014946
seed123_P1-byte_step15000 62 1 2 0.2889199950732291
seed123_P1-byte_step15000 62 1 3 0.2973750460660085
seed123_P1-byte_step15000 62 1 4 0.2814625760074705
seed123_P1-byte_step15000 62 1 5 0.2867494340753183
seed123_P1-byte_step15000 62 1 6 0.2880605000536889
seed123_P1-byte_step15000 62 1 7 0.2775061420397833
seed123_P1-byte_step15000 62 1 8 0.29539119196124375
seed123_P1-byte_step15000 62 1 9 0.2893793029943481
seed123_P1-byte_step15000 62 2 0 0.2948303730227053
seed123_P1-byte_step15000 62 2 1 0.30089545401278883
seed123_P1-byte_step15000 62 2 2 0.28839895804412663
seed123_P1-byte_step15000 62 2 3 0.30238539108540863
seed123_P1-byte_step15000 62 2 4 0.2861018950352445
seed123_P1-byte_step15000 62 2 5 0.29210120905190706
seed123_P1-byte_step15000 62 2 6 0.2931328739505261
seed123_P1-byte_step15000 62 2 7 0.2864596259314567
seed123_P1-byte_step15000 62 2 8 0.28158126899506897
seed123_P1-byte_step15000 62 2 9 0.2923321109265089
seed123_P1-byte_step15000 62 3 0 0.2893204359570518
seed123_P1-byte_step15000 62 3 1 0.28500503895338625
seed123_P1-byte_step15000 62 3 2 0.3201493640663102
seed123_P1-byte_step15000 62 3 3 0.3044145500753075
seed123_P1-byte_step15000 62 3 4 0.29129622993059456
seed123_P1-byte_step15000 62 3 5 0.2839371969457716
seed123_P1-byte_step15000 62 3 6 0.29392786300741136
seed123_P1-byte_step15000 62 3 7 0.29359135206323117
seed123_P1-byte_step15000 62 3 8 0.29979018797166646
seed123_P1-byte_step15000 62 3 9 0.2962584620108828
seed123_P1-byte_step15000 62 4 0 0.2893698050174862
seed123_P1-byte_step15000 62 4 1 0.28873393405228853
seed123_P1-byte_step15000 62 4 2 0.28784582403022796
seed123_P1-byte_step15000 62 4 3 0.2884411070263013
seed123_P1-byte_step15000 62 4 4 0.2805945959407836
seed123_P1-byte_step15000 62 4 5 0.2877310559852049
seed123_P1-byte_step15000 62 4 6 0.2950966330245137
seed123_P1-byte_step15000 62 4 7 0.29212808003649116
seed123_P1-byte_step15000 62 4 8 0.2973703040042892
seed123_P1-byte_step15000 62 4 9 0.2890320570440963
seed123_P1-byte_step15000 62 5 0 0.2897943779826164
seed123_P1-byte_step15000 62 5 1 0.29077185899950564
seed123_P1-byte_step15000 62 5 2 0.3019433639710769
seed123_P1-byte_step15000 62 5 3 0.2971145890187472
seed123_P1-byte_step15000 62 5 4 0.30210483097471297
seed123_P1-byte_step15000 62 5 5 0.30091911496128887
seed123_P1-byte_step15000 62 5 6 0.2869065209524706
seed123_P1-byte_step15000 62 5 7 0.28294207202270627
seed123_P1-byte_step15000 62 5 8 0.28760927997063845
seed123_P1-byte_step15000 62 5 9 0.2884112390456721
seed123_P1-byte_step15000 62 6 0 0.28832618601154536
seed123_P1-byte_step15000 62 6 1 0.29198109603021294
seed123_P1-byte_step15000 62 6 2 0.281876515946351
seed123_P1-byte_step15000 62 6 3 0.28503596200607717
seed123_P1-byte_step15000 62 6 4 0.2807822119211778
seed123_P1-byte_step15000 62 6 5 0.29293118801433593
seed123_P1-byte_step15000 62 6 6 0.28808732505422086
seed123_P1-byte_step15000 62 6 7 0.2819225250277668
seed123_P1-byte_step15000 62 6 8 0.2951284929877147
seed123_P1-byte_step15000 62 6 9 0.28636795200873166
seed123_P1-byte_step15000 62 7 0 0.2902948899427429
seed123_P1-byte_step15000 62 7 1 0.282736768014729
seed123_P1-byte_step15000 62 7 2 0.28119739599060267
seed123_P1-byte_step15000 62 7 3 0.2859681319678202
seed123_P1-byte_step15000 62 7 4 0.29354804602917284
seed123_P1-byte_step15000 62 7 5 0.2890378780430183
seed123_P1-byte_step15000 62 7 6 0.2858620409388095
seed123_P1-byte_step15000 62 7 7 0.2938224709359929
seed123_P1-byte_step15000 62 7 8 0.2951805969933048
seed123_P1-byte_step15000 62 7 9 0.2922495360253379
seed123_P1-byte_step15000 62 8 0 0.2874067140510306
seed123_P1-byte_step15000 62 8 1 0.2910334509797394
seed123_P1-byte_step15000 62 8 2 0.28717088606208563
seed123_P1-byte_step15000 62 8 3 0.2948973709717393
seed123_P1-byte_step15000 62 8 4 0.29241577605716884
seed123_P1-byte_step15000 62 8 5 0.2816877360455692
seed123_P1-byte_step15000 62 8 6 0.28449638502206653
seed123_P1-byte_step15000 62 8 7 0.28928704804275185
seed123_P1-byte_step15000 62 8 8 0.29514277004636824
seed123_P1-byte_step15000 62 8 9 0.2926156980684027
seed123_P1-byte_step15000 62 9 0 0.29260961804538965
seed123_P1-byte_step15000 62 9 1 0.2827173989498988
seed123_P1-byte_step15000 62 9 2 0.2888574419775978
seed123_P1-byte_step15000 62 9 3 0.28362889599520713
seed123_P1-byte_step15000 62 9 4 0.2876222520135343
seed123_P1-byte_step15000 62 9 5 0.2931831219466403
seed123_P1-byte_step15000 62 9 6 0.2788688619621098
seed123_P1-byte_step15000 62 9 7 0.2866332189878449
seed123_P1-byte_step15000 62 9 8 0.28928481007460505
seed123_P1-byte_step15000 62 9 9 0.2947886099573225
seed123_P1-byte_step15000 64 0 0 0.17230168299283832
seed123_P1-byte_step15000 64 0 1 0.17857861693482846
seed123_P1-byte_step15000 64 0 2 0.17733426799532026
seed123_P1-byte_step15000 64 0 3 0.1806923319818452
seed123_P1-byte_step15000 64 0 4 0.17713178100530058
seed123_P1-byte_step15000 64 0 5 0.1707532840082422
seed123_P1-byte_step15000 64 0 6 0.1756359039572999
seed123_P1-byte_step15000 64 0 7 0.1782815009355545
seed123_P1-byte_step15000 64 0 8 0.17850751196965575
seed123_P1-byte_step15000 64 0 9 0.17344759602565318
seed123_P1-byte_step15000 64 1 0 0.17451670207083225
seed123_P1-byte_step15000 64 1 1 0.16908156301360577
seed123_P1-byte_step15000 64 1 2 0.170596688054502
seed123_P1-byte_step15000 64 1 3 0.17317020893096924
seed123_P1-byte_step15000 64 1 4 0.17924961703829467
seed123_P1-byte_step15000 64 1 5 0.17472068197093904
seed123_P1-byte_step15000 64 1 6 0.1842391169629991
seed123_P1-byte_step15000 64 1 7 0.18046349799260497
seed123_P1-byte_step15000 64 1 8 0.17085411003790796
seed123_P1-byte_step15000 64 1 9 0.18473772797733545
seed123_P1-byte_step15000 64 2 0 0.17260250903200358
seed123_P1-byte_step15000 64 2 1 0.1737270300509408
seed123_P1-byte_step15000 64 2 2 0.17265903600491583
seed123_P1-byte_step15000 64 2 3 0.16819407395087183
seed123_P1-byte_step15000 64 2 4 0.1782884979620576
seed123_P1-byte_step15000 64 2 5 0.16881884401664138
seed123_P1-byte_step15000 64 2 6 0.16939638392068446
seed123_P1-byte_step15000 64 2 7 0.17182230309117585
seed123_P1-byte_step15000 64 2 8 0.17179769603535533
seed123_P1-byte_step15000 64 2 9 0.17022379103582352
seed123_P1-byte_step15000 64 3 0 0.1726025800453499
seed123_P1-byte_step15000 64 3 1 0.17436183104291558
seed123_P1-byte_step15000 64 3 2 0.17662874807137996
seed123_P1-byte_step15000 64 3 3 0.1697787429438904
seed123_P1-byte_step15000 64 3 4 0.1694454289972782
seed123_P1-byte_step15000 64 3 5 0.17662102507892996
seed123_P1-byte_step15000 64 3 6 0.17629432305693626
seed123_P1-byte_step15000 64 3 7 0.17232930101454258
seed123_P1-byte_step15000 64 3 8 0.17554579710122198
seed123_P1-byte_step15000 64 3 9 0.1716974580194801
seed123_P1-byte_step15000 64 4 0 0.17661183699965477
seed123_P1-byte_step15000 64 4 1 0.17659982503391802
seed123_P1-byte_step15000 64 4 2 0.1732561580138281
seed123_P1-byte_step15000 64 4 3 0.17617247195448726
seed123_P1-byte_step15000 64 4 4 0.16976714204065502
seed123_P1-byte_step15000 64 4 5 0.17275517294183373
seed123_P1-byte_step15000 64 4 6 0.1700748789589852
seed123_P1-byte_step15000 64 4 7 0.17660600796807557
seed123_P1-byte_step15000 64 4 8 0.17161149601452053
seed123_P1-byte_step15000 64 4 9 0.17145162203814834
seed123_P1-byte_step15000 64 5 0 0.18117513903416693
seed123_P1-byte_step15000 64 5 1 0.17892940202727914
seed123_P1-byte_step15000 64 5 2 0.17342218500562012
seed123_P1-byte_step15000 64 5 3 0.17262318392749876
seed123_P1-byte_step15000 64 5 4 0.17138338193763047
seed123_P1-byte_step15000 64 5 5 0.1730211810208857
seed123_P1-byte_step15000 64 5 6 0.17427480802871287
seed123_P1-byte_step15000 64 5 7 0.1773955220123753
seed123_P1-byte_step15000 64 5 8 0.17595261498354375
seed123_P1-byte_step15000 64 5 9 0.171199643984437
seed123_P1-byte_step15000 64 6 0 0.1721766049740836
seed123_P1-byte_step15000 64 6 1 0.17403871100395918
seed123_P1-byte_step15000 64 6 2 0.17627143301069736
seed123_P1-byte_step15000 64 6 3 0.1779487580060959
seed123_P1-byte_step15000 64 6 4 0.17734561895485967
seed123_P1-byte_step15000 64 6 5 0.17383449198678136
seed123_P1-byte_step15000 64 6 6 0.1772163730347529
seed123_P1-byte_step15000 64 6 7 0.17593166697770357
seed123_P1-byte_step15000 64 6 8 0.1713339400012046
seed123_P1-byte_step15000 64 6 9 0.17000413802452385
seed123_P1-byte_step15000 64 7 0 0.1729419130133465
seed123_P1-byte_step15000 64 7 1 0.176099086063914
seed123_P1-byte_step15000 64 7 2 0.18042686709668487
seed123_P1-byte_step15000 64 7 3 0.18124740105122328
seed123_P1-byte_step15000 64 7 4 0.17632563691586256
seed123_P1-byte_step15000 64 7 5 0.17605303903110325
seed123_P1-byte_step15000 64 7 6 0.1773913069628179
seed123_P1-byte_step15000 64 7 7 0.17342412297148257
seed123_P1-byte_step15000 64 7 8 0.18268096097745
seed123_P1-byte_step15000 64 7 9 0.18640862102620304
seed123_P1-byte_step15000 64 8 0 0.1783635999308899
seed123_P1-byte_step15000 64 8 1 0.17535148398019373
seed123_P1-byte_step15000 64 8 2 0.17640749493148178
seed123_P1-byte_step15000 64 8 3 0.18276360002346337
seed123_P1-byte_step15000 64 8 4 0.1803348029498011
seed123_P1-byte_step15000 64 8 5 0.1755421570269391
seed123_P1-byte_step15000 64 8 6 0.17511827102862298
seed123_P1-byte_step15000 64 8 7 0.17478960403241217
seed123_P1-byte_step15000 64 8 8 0.1747022479539737
seed123_P1-byte_step15000 64 8 9 0.1790695560630411
seed123_P1-byte_step15000 64 9 0 0.1737221119692549
seed123_P1-byte_step15000 64 9 1 0.17439141601789743
seed123_P1-byte_step15000 64 9 2 0.17256242397706956
seed123_P1-byte_step15000 64 9 3 0.1746071180095896
seed123_P1-byte_step15000 64 9 4 0.17718918493483216
seed123_P1-byte_step15000 64 9 5 0.17176813096739352
seed123_P1-byte_step15000 64 9 6 0.17316188593395054
seed123_P1-byte_step15000 64 9 7 0.17083167796954513
seed123_P1-byte_step15000 64 9 8 0.1780078449519351
seed123_P1-byte_step15000 64 9 9 0.17327762697823346
seed123_P1-byte_step15000 69 0 0 0.530158014036715
seed123_P1-byte_step15000 69 0 1 0.5246191680198535
seed123_P1-byte_step15000 69 0 2 0.5146797200432047
seed123_P1-byte_step15000 69 0 3 0.5372045390540734
seed123_P1-byte_step15000 69 0 4 0.5181871820241213
seed123_P1-byte_step15000 69 0 5 0.5302059630630538
seed123_P1-byte_step15000 69 0 6 0.5432756450027227
seed123_P1-byte_step15000 69 0 7 0.527954638004303
seed123_P1-byte_step15000 69 0 8 0.5554578989977017
seed123_P1-byte_step15000 69 0 9 0.5278968010097742
seed123_P1-byte_step15000 69 1 0 0.5548071719240397
seed123_P1-byte_step15000 69 1 1 0.5281831589527428
seed123_P1-byte_step15000 69 1 2 0.5218752970686182
seed123_P1-byte_step15000 69 1 3 0.5294761540135369
seed123_P1-byte_step15000 69 1 4 0.5340168330585584
seed123_P1-byte_step15000 69 1 5 0.5413583159679547
seed123_P1-byte_step15000 69 1 6 0.5306316199712455
seed123_P1-byte_step15000 69 1 7 0.5248681829543784
seed123_P1-byte_step15000 69 1 8 0.5283603080315515
seed123_P1-byte_step15000 69 1 9 0.5382173589896411
seed123_P1-byte_step15000 69 2 0 0.5291345330188051
seed123_P1-byte_step15000 69 2 1 0.5380475900601596
seed123_P1-byte_step15000 69 2 2 0.5350754010723904
seed123_P1-byte_step15000 69 2 3 0.528292613918893
seed123_P1-byte_step15000 69 2 4 0.521928614936769
seed123_P1-byte_step15000 69 2 5 0.5580971300369129
seed123_P1-byte_step15000 69 2 6 0.5356267458992079
seed123_P1-byte_step15000 69 2 7 0.5184651740128174
seed123_P1-byte_step15000 69 2 8 0.5356563839595765
seed123_P1-byte_step15000 69 2 9 0.5282080819597468
seed123_P1-byte_step15000 69 3 0 0.5158326029777527
seed123_P1-byte_step15000 69 3 1 0.521239202003926
seed123_P1-byte_step15000 69 3 2 0.5356704180594534
seed123_P1-byte_step15000 69 3 3 0.5406663750763983
seed123_P1-byte_step15000 69 3 4 0.5338063889648765
seed123_P1-byte_step15000 69 3 5 0.5422385210404173
seed123_P1-byte_step15000 69 3 6 0.5496178379980847
seed123_P1-byte_step15000 69 3 7 0.525161340017803
seed123_P1-byte_step15000 69 3 8 0.5350150079466403
seed123_P1-byte_step15000 69 3 9 0.5231039139907807
seed123_P1-byte_step15000 69 4 0 0.5414120340719819
seed123_P1-byte_step15000 69 4 1 0.5171911759534851
seed123_P1-byte_step15000 69 4 2 0.5693748639896512
seed123_P1-byte_step15000 69 4 3 0.6102156679844484
seed123_P1-byte_step15000 69 4 4 0.5722993570379913
seed123_P1-byte_step15000 69 4 5 0.5224189579021186
seed123_P1-byte_step15000 69 4 6 0.5348761859349906
seed123_P1-byte_step15000 69 4 7 0.533274385961704
seed123_P1-byte_step15000 69 4 8 0.5341234039515257
seed123_P1-byte_step15000 69 4 9 0.5414713500067592
seed123_P1-byte_step15000 69 5 0 0.5450334560591727
seed123_P1-byte_step15000 69 5 1 0.5321461430285126
seed123_P1-byte_step15000 69 5 2 0.5458764228969812
seed123_P1-byte_step15000 69 5 3 0.5481808739714324
seed123_P1-byte_step15000 69 5 4 0.5181801459984854
seed123_P1-byte_step15000 69 5 5 0.5151442469796166
seed123_P1-byte_step15000 69 5 6 0.5234899920178577
seed123_P1-byte_step15000 69 5 7 0.520429614931345
seed123_P1-byte_step15000 69 5 8 0.5217894359957427
seed123_P1-byte_step15000 69 5 9 0.514878205023706
seed123_P1-byte_step15000 69 6 0 0.5120309519115835
seed123_P1-byte_step15000 69 6 1 0.5030756390187889
seed123_P1-byte_step15000 69 6 2 0.5088243270292878
seed123_P1-byte_step15000 69 6 3 0.5208276209887117
seed123_P1-byte_step15000 69 6 4 0.5200073689920828
seed123_P1-byte_step15000 69 6 5 0.5256395789328963
seed123_P1-byte_step15000 69 6 6 0.5223856619559228
seed123_P1-byte_step15000 69 6 7 0.5322856900747865
seed123_P1-byte_step15000 69 6 8 0.5214102680329233
seed123_P1-byte_step15000 69 6 9 0.5155128960032016
seed123_P1-byte_step15000 69 7 0 0.5177084979368374
seed123_P1-byte_step15000 69 7 1 0.5349541269242764
seed123_P1-byte_step15000 69 7 2 0.5202519660815597
seed123_P1-byte_step15000 69 7 3 0.528537095990032
seed123_P1-byte_step15000 69 7 4 0.538380145910196
seed123_P1-byte_step15000 69 7 5 0.5305295550497249
seed123_P1-byte_step15000 69 7 6 0.5273526950040832
seed123_P1-byte_step15000 69 7 7 0.5255767840426415
seed123_P1-byte_step15000 69 7 8 0.5192674390273169
seed123_P1-byte_step15000 69 7 9 0.5322146889520809
seed123_P1-byte_step15000 69 8 0 0.5249974050093442
seed123_P1-byte_step15000 69 8 1 0.5352743389084935
seed123_P1-byte_step15000 69 8 2 0.5152683870401233
seed123_P1-byte_step15000 69 8 3 0.526644075056538
seed123_P1-byte_step15000 69 8 4 0.5323407360119745
seed123_P1-byte_step15000 69 8 5 0.5213386620162055
seed123_P1-byte_step15000 69 8 6 0.5166312070796266
seed123_P1-byte_step15000 69 8 7 0.51484962599352
seed123_P1-byte_step15000 69 8 8 0.5169404679909348
seed123_P1-byte_step15000 69 8 9 0.519118066993542
seed123_P1-byte_step15000 69 9 0 0.5243179629324004
seed123_P1-byte_step15000 69 9 1 0.5210222869645804
seed123_P1-byte_step15000 69 9 2 0.5248438369017094
seed123_P1-byte_step15000 69 9 3 0.5137767500709742
seed123_P1-byte_step15000 69 9 4 0.5157506800023839
seed123_P1-byte_step15000 69 9 5 0.5311532190535218
seed123_P1-byte_step15000 69 9 6 0.5273955020820722
seed123_P1-byte_step15000 69 9 7 0.521217086003162
seed123_P1-byte_step15000 69 9 8 0.5241998980054632
seed123_P1-byte_step15000 69 9 9 0.5302922839764506
seed123_P1-byte_step15000 74 0 0 0.7351326029747725
seed123_P1-byte_step15000 74 0 1 0.7380867120809853
seed123_P1-byte_step15000 74 0 2 0.7181921430164948
seed123_P1-byte_step15000 74 0 3 0.7033026140416041
seed123_P1-byte_step15000 74 0 4 0.7141288960119709
seed123_P1-byte_step15000 74 0 5 0.7247378770262003
seed123_P1-byte_step15000 74 0 6 0.7358756639296189
seed123_P1-byte_step15000 74 0 7 0.7292705939617008
seed123_P1-byte_step15000 74 0 8 0.7105935619911179
seed123_P1-byte_step15000 74 0 9 0.7417181000346318
seed123_P1-byte_step15000 74 1 0 0.7124287229962647
seed123_P1-byte_step15000 74 1 1 0.7161519560031593
seed123_P1-byte_step15000 74 1 2 0.7106665900209919
seed123_P1-byte_step15000 74 1 3 0.7342354159336537
seed123_P1-byte_step15000 74 1 4 0.7322305990383029
seed123_P1-byte_step15000 74 1 5 0.7416313469875604
seed123_P1-byte_step15000 74 1 6 0.7358007449656725
seed123_P1-byte_step15000 74 1 7 0.7233604619977996
seed123_P1-byte_step15000 74 1 8 0.7098170060198754
seed123_P1-byte_step15000 74 1 9 0.734011693042703
seed123_P1-byte_step15000 74 2 0 0.7286618159851059
seed123_P1-byte_step15000 74 2 1 0.7302412970457226
seed123_P1-byte_step15000 74 2 2 0.7059275779174641
seed123_P1-byte_step15000 74 2 3 0.7410031700273976
seed123_P1-byte_step15000 74 2 4 0.7338487260276452
seed123_P1-byte_step15000 74 2 5 0.7313471010420471
seed123_P1-byte_step15000 74 2 6 0.7195986859733239
seed123_P1-byte_step15000 74 2 7 0.7222526549594477
seed123_P1-byte_step15000 74 2 8 0.7354518889915198
seed123_P1-byte_step15000 74 2 9 0.7165787710109726
seed123_P1-byte_step15000 74 3 0 0.7278709330130368
seed123_P1-byte_step15000 74 3 1 0.7353605510434136
seed123_P1-byte_step15000 74 3 2 0.7341164338868111
seed123_P1-byte_step15000 74 3 3 0.7474677180871367
seed123_P1-byte_step15000 74 3 4 0.7328605550574139
seed123_P1-byte_step15000 74 3 5 0.7249379879795015
seed123_P1-byte_step15000 74 3 6 0.7116732730064541
seed123_P1-byte_step15000 74 3 7 0.7206663551041856
seed123_P1-byte_step15000 74 3 8 0.7209311419865116
seed123_P1-byte_step15000 74 3 9 0.7333422449883074
seed123_P1-byte_step15000 74 4 0 0.7316441829316318
seed123_P1-byte_step15000 74 4 1 0.7426781529793516
seed123_P1-byte_step15000 74 4 2 0.7470571680460125
seed123_P1-byte_step15000 74 4 3 0.747352531994693
seed123_P1-byte_step15000 74 4 4 0.7468394360039383
seed123_P1-byte_step15000 74 4 5 0.7273463769815862
seed123_P1-byte_step15000 74 4 6 0.7398031490156427
seed123_P1-byte_step15000 74 4 7 0.7510502249933779
seed123_P1-byte_step15000 74 4 8 0.733455011039041
seed123_P1-byte_step15000 74 4 9 0.7313639089697972
seed123_P1-byte_step15000 74 5 0 0.7342197420075536
seed123_P1-byte_step15000 74 5 1 0.7352436449145898
seed123_P1-byte_step15000 74 5 2 0.712600564933382
seed123_P1-byte_step15000 74 5 3 0.7314089450519532
seed123_P1-byte_step15000 74 5 4 0.727599852019921
seed123_P1-byte_step15000 74 5 5 0.7425510740140453
seed123_P1-byte_step15000 74 5 6 0.7250175359658897
seed123_P1-byte_step15000 74 5 7 0.7293168089818209
seed123_P1-byte_step15000 74 5 8 0.7150330620352179
seed123_P1-byte_step15000 74 5 9 0.729104247991927
seed123_P1-byte_step15000 74 6 0 0.7187268220586702
seed123_P1-byte_step15000 74 6 1 0.7198973649647087
seed123_P1-byte_step15000 74 6 2 0.7276546530192718
seed123_P1-byte_step15000 74 6 3 0.7296233039814979
seed123_P1-byte_step15000 74 6 4 0.7449251268990338
seed123_P1-byte_step15000 74 6 5 0.7509188159601763
seed123_P1-byte_step15000 74 6 6 0.7244829300325364
seed123_P1-byte_step15000 74 6 7 0.7133939389605075
seed123_P1-byte_step15000 74 6 8 0.7280791349476203
seed123_P1-byte_step15000 74 6 9 0.7336478560464457
seed123_P1-byte_step15000 74 7 0 0.7189695060951635
seed123_P1-byte_step15000 74 7 1 0.7192055580671877
seed123_P1-byte_step15000 74 7 2 0.71671832294669
seed123_P1-byte_step15000 74 7 3 0.7332396369893104
seed123_P1-byte_step15000 74 7 4 0.7215807179454714
seed123_P1-byte_step15000 74 7 5 0.7286119459895417
seed123_P1-byte_step15000 74 7 6 0.7092804220737889
seed123_P1-byte_step15000 74 7 7 0.7349066409515217
seed123_P1-byte_step15000 74 7 8 0.7167282939190045
seed123_P1-byte_step15000 74 7 9 0.7210896039614454
seed123_P1-byte_step15000 74 8 0 0.7163418009877205
seed123_P1-byte_step15000 74 8 1 0.7143634050153196
seed123_P1-byte_step15000 74 8 2 0.752972916001454
seed123_P1-byte_step15000 74 8 3 0.7339289609808475
seed123_P1-byte_step15000 74 8 4 0.7181692220037803
seed123_P1-byte_step15000 74 8 5 0.7326599180232733
seed123_P1-byte_step15000 74 8 6 0.7460845629684627
seed123_P1-byte_step15000 74 8 7 0.7490875270450488
seed123_P1-byte_step15000 74 8 8 0.7227988500380889
seed123_P1-byte_step15000 74 8 9 0.7153262759093195
seed123_P1-byte_step15000 74 9 0 0.7240411710226908
seed123_P1-byte_step15000 74 9 1 0.7336509190499783
seed123_P1-byte_step15000 74 9 2 0.7372695140074939
seed123_P1-byte_step15000 74 9 3 0.7423348149750382
seed123_P1-byte_step15000 74 9 4 0.7390134809538722
seed123_P1-byte_step15000 74 9 5 0.7320227060699835
seed123_P1-byte_step15000 74 9 6 0.707694833050482
seed123_P1-byte_step15000 74 9 7 0.7249844720354304
seed123_P1-byte_step15000 74 9 8 0.7251573129324242
seed123_P1-byte_step15000 74 9 9 0.7427085309755057
seed123_P1-byte_step15000 78 0 0 1.1642627670662478
seed123_P1-byte_step15000 78 0 1 1.1641607349738479
seed123_P1-byte_step15000 78 0 2 1.177076235995628
seed123_P1-byte_step15000 78 0 3 1.1882428548997268
seed123_P1-byte_step15000 78 0 4 1.1756577061023563
seed123_P1-byte_step15000 78 0 5 1.2325289510190487
seed123_P1-byte_step15000 78 0 6 1.1864835789892823
seed123_P1-byte_step15000 78 0 7 1.1484289799118415
seed123_P1-byte_step15000 78 0 8 1.1778455940075219
seed123_P1-byte_step15000 78 0 9 1.192900941008702
seed123_P1-byte_step15000 78 1 0 1.198447111994028
seed123_P1-byte_step15000 78 1 1 1.1696384958922863
seed123_P1-byte_step15000 78 1 2 1.1563190569868311
seed123_P1-byte_step15000 78 1 3 1.1586180119775236
seed123_P1-byte_step15000 78 1 4 1.1777508750092238
seed123_P1-byte_step15000 78 1 5 1.1990179580170661
seed123_P1-byte_step15000 78 1 6 1.17282171593979
seed123_P1-byte_step15000 78 1 7 1.1488416369538754
seed123_P1-byte_step15000 78 1 8 1.1928265469614416
seed123_P1-byte_step15000 78 1 9 1.2126675710314885
seed123_P1-byte_step15000 78 2 0 1.1850212179124355
seed123_P1-byte_step15000 78 2 1 1.172268228023313
seed123_P1-byte_step15000 78 2 2 1.190843662014231
seed123_P1-byte_step15000 78 2 3 1.1753754070959985
seed123_P1-byte_step15000 78 2 4 1.1940357820130885
seed123_P1-byte_step15000 78 2 5 1.1930511220125481
seed123_P1-byte_step15000 78 2 6 1.174681590986438
seed123_P1-byte_step15000 78 2 7 1.164964254014194
seed123_P1-byte_step15000 78 2 8 1.1668265559710562
seed123_P1-byte_step15000 78 2 9 1.1845035690348595
seed123_P1-byte_step15000 78 3 0 1.1937146820127964
seed123_P1-byte_step15000 78 3 1 1.1815015499014407
seed123_P1-byte_step15000 78 3 2 1.1676592930452898
seed123_P1-byte_step15000 78 3 3 1.2249084670329466
seed123_P1-byte_step15000 78 3 4 1.2393043480115011
seed123_P1-byte_step15000 78 3 5 1.170127070043236
seed123_P1-byte_step15000 78 3 6 1.175652822945267
seed123_P1-byte_step15000 78 3 7 1.1918238759972155
seed123_P1-byte_step15000 78 3 8 1.1784614340867847
seed123_P1-byte_step15000 78 3 9 1.207644758047536
seed123_P1-byte_step15000 78 4 0 1.2000331720337272
seed123_P1-byte_step15000 78 4 1 1.1720883179223165
seed123_P1-byte_step15000 78 4 2 1.1992744270246476
seed123_P1-byte_step15000 78 4 3 1.2046428200555965
seed123_P1-byte_step15000 78 4 4 1.1820950160035864
seed123_P1-byte_step15000 78 4 5 1.179552036919631
seed123_P1-byte_step15000 78 4 6 1.170744240982458
seed123_P1-byte_step15000 78 4 7 1.186350369011052
seed123_P1-byte_step15000 78 4 8 1.1986817480064929
seed123_P1-byte_step15000 78 4 9 1.1754995350493118
seed123_P1-byte_step15000 78 5 0 1.206031330046244
seed123_P1-byte_step15000 78 5 1 1.2017507799901068
seed123_P1-byte_step15000 78 5 2 1.1989784530596808
seed123_P1-byte_step15000 78 5 3 1.188032545032911
seed123_P1-byte_step15000 78 5 4 1.2171603140886873
seed123_P1-byte_step15000 78 5 5 1.1732751569943503
seed123_P1-byte_step15000 78 5 6 1.183030197978951
seed123_P1-byte_step15000 78 5 7 1.156890339916572
seed123_P1-byte_step15000 78 5 8 1.1802181890234351
seed123_P1-byte_step15000 78 5 9 1.1985197139438242
seed123_P1-byte_step15000 78 6 0 1.2046996130375192
seed123_P1-byte_step15000 78 6 1 1.1851735250093043
seed123_P1-byte_step15000 78 6 2 1.2187957189744338
seed123_P1-byte_step15000 78 6 3 1.1963818500516936
seed123_P1-byte_step15000 78 6 4 1.199441313976422
seed123_P1-byte_step15000 78 6 5 1.1965892760781571
seed123_P1-byte_step15000 78 6 6 1.1751066490542144
seed123_P1-byte_step15000 78 6 7 1.1652229820610955
seed123_P1-byte_step15000 78 6 8 1.1882241920102388
seed123_P1-byte_step15000 78 6 9 1.2064425679855049
seed123_P1-byte_step15000 78 7 0 1.1991262830561027
seed123_P1-byte_step15000 78 7 1 1.1730419889790937
seed123_P1-byte_step15000 78 7 2 1.2096123410155997
seed123_P1-byte_step15000 78 7 3 1.2015389439184219
seed123_P1-byte_step15000 78 7 4 1.1778630090411752
seed123_P1-byte_step15000 78 7 5 1.1730896979570389
seed123_P1-byte_step15000 78 7 6 1.1929972330108285
seed123_P1-byte_step15000 78 7 7 1.1960384320700541
seed123_P1-byte_step15000 78 7 8 1.1927036640699953
seed123_P1-byte_step15000 78 7 9 1.1773562860907987
seed123_P1-byte_step15000 78 8 0 1.2115524869877845
seed123_P1-byte_step15000 78 8 1 1.2041752740042284
seed123_P1-byte_step15000 78 8 2 1.195314076030627
seed123_P1-byte_step15000 78 8 3 1.1803837119368836
seed123_P1-byte_step15000 78 8 4 1.1942032079678029
seed123_P1-byte_step15000 78 8 5 1.1727176749845967
seed123_P1-byte_step15000 78 8 6 1.160829036962241
seed123_P1-byte_step15000 78 8 7 1.1772263849852607
seed123_P1-byte_step15000 78 8 8 1.1802112070145085
seed123_P1-byte_step15000 78 8 9 1.1851840150775388
seed123_P1-byte_step15000 78 9 0 1.2267286489950493
seed123_P1-byte_step15000 78 9 1 1.1871406430145726
seed123_P1-byte_step15000 78 9 2 1.1811383509775624
seed123_P1-byte_step15000 78 9 3 1.2023097849451005
seed123_P1-byte_step15000 78 9 4 1.1760260399896652
seed123_P1-byte_step15000 78 9 5 1.1840291520347819
seed123_P1-byte_step15000 78 9 6 1.18951003998518
seed123_P1-byte_step15000 78 9 7 1.1805964099476114
seed123_P1-byte_step15000 78 9 8 1.1789873100351542
seed123_P1-byte_step15000 78 9 9 1.1939170400146395
{'model': 'seed123_P1-byte_step15000', 'completed_pairs': 2000, 'requested_pairs': 2000, 'completed': True, 'complete_source_count': 20, 'FRD': 129.5713342443523, 'new_pairs': 2000, 'wall_seconds': 480.12856920599006}
