seed123_P2-bert_step15000 0 0 0 0.8019807069795206
seed123_P2-bert_step15000 0 0 1 0.09121662704274058
seed123_P2-bert_step15000 0 0 2 0.09159513807389885
seed123_P2-bert_step15000 0 0 3 0.09750847495160997
seed123_P2-bert_step15000 0 0 4 0.0945407300023362
seed123_P2-bert_step15000 0 0 5 0.09824101091362536
seed123_P2-bert_step15000 0 0 6 0.09620493196416646
seed123_P2-bert_step15000 0 0 7 0.09803865605499595
seed123_P2-bert_step15000 0 0 8 0.09303130500484258
seed123_P2-bert_step15000 0 0 9 0.09752826404292136
seed123_P2-bert_step15000 0 1 0 0.10537112795282155
seed123_P2-bert_step15000 0 1 1 0.09489078796468675
seed123_P2-bert_step15000 0 1 2 0.09399869805201888
seed123_P2-bert_step15000 0 1 3 0.10928158892784268
seed123_P2-bert_step15000 0 1 4 0.09406851103994995
seed123_P2-bert_step15000 0 1 5 0.09302659600507468
seed123_P2-bert_step15000 0 1 6 0.09508261305745691
seed123_P2-bert_step15000 0 1 7 0.09464183391537517
seed123_P2-bert_step15000 0 1 8 0.09254056005738676
seed123_P2-bert_step15000 0 1 9 0.09524408099241555
seed123_P2-bert_step15000 0 2 0 0.09712737996596843
seed123_P2-bert_step15000 0 2 1 0.08970807294826955
seed123_P2-bert_step15000 0 2 2 0.09003232000395656
seed123_P2-bert_step15000 0 2 3 0.09337882709223777
seed123_P2-bert_step15000 0 2 4 0.09142379194963723
seed123_P2-bert_step15000 0 2 5 0.09386302996426821
seed123_P2-bert_step15000 0 2 6 0.08896370499860495
seed123_P2-bert_step15000 0 2 7 0.09193393401801586
seed123_P2-bert_step15000 0 2 8 0.09133900096639991
seed123_P2-bert_step15000 0 2 9 0.09288047801237553
seed123_P2-bert_step15000 0 3 0 0.09153631702065468
seed123_P2-bert_step15000 0 3 1 0.0901366900652647
seed123_P2-bert_step15000 0 3 2 0.1022592990193516
seed123_P2-bert_step15000 0 3 3 0.09775286202784628
seed123_P2-bert_step15000 0 3 4 0.09193071897607297
seed123_P2-bert_step15000 0 3 5 0.09448996500577778
seed123_P2-bert_step15000 0 3 6 0.09363671904429793
seed123_P2-bert_step15000 0 3 7 0.10269298497587442
seed123_P2-bert_step15000 0 3 8 0.0923856160370633
seed123_P2-bert_step15000 0 3 9 0.08874327596276999
seed123_P2-bert_step15000 0 4 0 0.09082934004254639
seed123_P2-bert_step15000 0 4 1 0.09069128695409745
seed123_P2-bert_step15000 0 4 2 0.09125066292472184
seed123_P2-bert_step15000 0 4 3 0.09889293496962637
seed123_P2-bert_step15000 0 4 4 0.09203108900692314
seed123_P2-bert_step15000 0 4 5 0.09457931504584849
seed123_P2-bert_step15000 0 4 6 0.09228618605993688
seed123_P2-bert_step15000 0 4 7 0.09004350297618657
seed123_P2-bert_step15000 0 4 8 0.09582137200050056
seed123_P2-bert_step15000 0 4 9 0.09353157901205122
seed123_P2-bert_step15000 0 5 0 0.0900059409905225
seed123_P2-bert_step15000 0 5 1 0.09008307906333357
seed123_P2-bert_step15000 0 5 2 0.0907535949954763
seed123_P2-bert_step15000 0 5 3 0.09065083006862551
seed123_P2-bert_step15000 0 5 4 0.09533424500841647
seed123_P2-bert_step15000 0 5 5 0.0907886530039832
seed123_P2-bert_step15000 0 5 6 0.08930504601448774
seed123_P2-bert_step15000 0 5 7 0.09365744900424033
seed123_P2-bert_step15000 0 5 8 0.09066833392716944
seed123_P2-bert_step15000 0 5 9 0.09424016904085875
seed123_P2-bert_step15000 0 6 0 0.09013652103021741
seed123_P2-bert_step15000 0 6 1 0.09169344801921397
seed123_P2-bert_step15000 0 6 2 0.08986022300086915
seed123_P2-bert_step15000 0 6 3 0.09295397892128676
seed123_P2-bert_step15000 0 6 4 0.09138011001050472
seed123_P2-bert_step15000 0 6 5 0.0916567170061171
seed123_P2-bert_step15000 0 6 6 0.09410439094062895
seed123_P2-bert_step15000 0 6 7 0.09154586598742753
seed123_P2-bert_step15000 0 6 8 0.09063549106940627
seed123_P2-bert_step15000 0 6 9 0.09108655096497387
seed123_P2-bert_step15000 0 7 0 0.09222239500377327
seed123_P2-bert_step15000 0 7 1 0.09073382802307606
seed123_P2-bert_step15000 0 7 2 0.09092389000579715
seed123_P2-bert_step15000 0 7 3 0.09163446491584182
seed123_P2-bert_step15000 0 7 4 0.0916949410457164
seed123_P2-bert_step15000 0 7 5 0.08999159396626055
seed123_P2-bert_step15000 0 7 6 0.0896824860246852
seed123_P2-bert_step15000 0 7 7 0.09273228701204062
seed123_P2-bert_step15000 0 7 8 0.09406079794280231
seed123_P2-bert_step15000 0 7 9 0.09869602997787297
seed123_P2-bert_step15000 0 8 0 0.09228974406141788
seed123_P2-bert_step15000 0 8 1 0.09331387502606958
seed123_P2-bert_step15000 0 8 2 0.09450291097164154
seed123_P2-bert_step15000 0 8 3 0.09192317491397262
seed123_P2-bert_step15000 0 8 4 0.09207453404087573
seed123_P2-bert_step15000 0 8 5 0.09439876291435212
seed123_P2-bert_step15000 0 8 6 0.09389523300342262
seed123_P2-bert_step15000 0 8 7 0.09414147201459855
seed123_P2-bert_step15000 0 8 8 0.09963923902250826
seed123_P2-bert_step15000 0 8 9 0.10185183398425579
seed123_P2-bert_step15000 0 9 0 0.09742430807091296
seed123_P2-bert_step15000 0 9 1 0.0919234660686925
seed123_P2-bert_step15000 0 9 2 0.09508135309442878
seed123_P2-bert_step15000 0 9 3 0.09531970706302673
seed123_P2-bert_step15000 0 9 4 0.09656025201547891
seed123_P2-bert_step15000 0 9 5 0.09619237098377198
seed123_P2-bert_step15000 0 9 6 0.09308610099833459
seed123_P2-bert_step15000 0 9 7 0.09477611200418323
seed123_P2-bert_step15000 0 9 8 0.0929801999591291
seed123_P2-bert_step15000 0 9 9 0.09741120296530426
seed123_P2-bert_step15000 6 0 0 0.1451975570525974
seed123_P2-bert_step15000 6 0 1 0.16482134105172008
seed123_P2-bert_step15000 6 0 2 0.14354326599277556
seed123_P2-bert_step15000 6 0 3 0.1455522630130872
seed123_P2-bert_step15000 6 0 4 0.1549904780695215
seed123_P2-bert_step15000 6 0 5 0.1504339249804616
seed123_P2-bert_step15000 6 0 6 0.14734761498402804
seed123_P2-bert_step15000 6 0 7 0.14148955303244293
seed123_P2-bert_step15000 6 0 8 0.1466524510178715
seed123_P2-bert_step15000 6 0 9 0.1447904739761725
seed123_P2-bert_step15000 6 1 0 0.14668326906394213
seed123_P2-bert_step15000 6 1 1 0.1399250520626083
seed123_P2-bert_step15000 6 1 2 0.14163646299857646
seed123_P2-bert_step15000 6 1 3 0.14402713801246136
seed123_P2-bert_step15000 6 1 4 0.1489745449507609
seed123_P2-bert_step15000 6 1 5 0.1376148200361058
seed123_P2-bert_step15000 6 1 6 0.13876643509138376
seed123_P2-bert_step15000 6 1 7 0.1440393419470638
seed123_P2-bert_step15000 6 1 8 0.1453837329754606
seed123_P2-bert_step15000 6 1 9 0.14202168805059046
seed123_P2-bert_step15000 6 2 0 0.1458495520055294
seed123_P2-bert_step15000 6 2 1 0.14493046898860484
seed123_P2-bert_step15000 6 2 2 0.14658281905576587
seed123_P2-bert_step15000 6 2 3 0.14434034598525614
seed123_P2-bert_step15000 6 2 4 0.1465599749935791
seed123_P2-bert_step15000 6 2 5 0.14550544694066048
seed123_P2-bert_step15000 6 2 6 0.14206968003418297
seed123_P2-bert_step15000 6 2 7 0.14363828802015632
seed123_P2-bert_step15000 6 2 8 0.15688730590045452
seed123_P2-bert_step15000 6 2 9 0.15511221101041883
seed123_P2-bert_step15000 6 3 0 0.15237489598803222
seed123_P2-bert_step15000 6 3 1 0.14359770098235458
seed123_P2-bert_step15000 6 3 2 0.147414693958126
seed123_P2-bert_step15000 6 3 3 0.1461847519967705
seed123_P2-bert_step15000 6 3 4 0.1482307199621573
seed123_P2-bert_step15000 6 3 5 0.14233614702243358
seed123_P2-bert_step15000 6 3 6 0.14412032801192254
seed123_P2-bert_step15000 6 3 7 0.14239745505619794
seed123_P2-bert_step15000 6 3 8 0.14715390896890312
seed123_P2-bert_step15000 6 3 9 0.14702918101102114
seed123_P2-bert_step15000 6 4 0 0.14730002591386437
seed123_P2-bert_step15000 6 4 1 0.14862359897233546
seed123_P2-bert_step15000 6 4 2 0.14004003396257758
seed123_P2-bert_step15000 6 4 3 0.1411261319881305
seed123_P2-bert_step15000 6 4 4 0.14171093795448542
seed123_P2-bert_step15000 6 4 5 0.1365952390478924
seed123_P2-bert_step15000 6 4 6 0.1370534219313413
seed123_P2-bert_step15000 6 4 7 0.1436458140378818
seed123_P2-bert_step15000 6 4 8 0.14166830596514046
seed123_P2-bert_step15000 6 4 9 0.13867097499314696
seed123_P2-bert_step15000 6 5 0 0.1427594560664147
seed123_P2-bert_step15000 6 5 1 0.1367961730575189
seed123_P2-bert_step15000 6 5 2 0.13794965005945414
seed123_P2-bert_step15000 6 5 3 0.139746064087376
seed123_P2-bert_step15000 6 5 4 0.13907872198615223
seed123_P2-bert_step15000 6 5 5 0.1385997390607372
seed123_P2-bert_step15000 6 5 6 0.13882782496511936
seed123_P2-bert_step15000 6 5 7 0.13946151197887957
seed123_P2-bert_step15000 6 5 8 0.14088211895432323
seed123_P2-bert_step15000 6 5 9 0.13954237499274313
seed123_P2-bert_step15000 6 6 0 0.1393684750655666
seed123_P2-bert_step15000 6 6 1 0.1388168940320611
seed123_P2-bert_step15000 6 6 2 0.13980364392045885
seed123_P2-bert_step15000 6 6 3 0.1403061110759154
seed123_P2-bert_step15000 6 6 4 0.14052846597041935
seed123_P2-bert_step15000 6 6 5 0.13854596705641598
seed123_P2-bert_step15000 6 6 6 0.13879416091367602
seed123_P2-bert_step15000 6 6 7 0.1417617549886927
seed123_P2-bert_step15000 6 6 8 0.1391682829707861
seed123_P2-bert_step15000 6 6 9 0.13812785095069557
seed123_P2-bert_step15000 6 7 0 0.1420428609708324
seed123_P2-bert_step15000 6 7 1 0.1450222390703857
seed123_P2-bert_step15000 6 7 2 0.15141508996021003
seed123_P2-bert_step15000 6 7 3 0.14747591398190707
seed123_P2-bert_step15000 6 7 4 0.14993576100096107
seed123_P2-bert_step15000 6 7 5 0.14665922801941633
seed123_P2-bert_step15000 6 7 6 0.14608666696585715
seed123_P2-bert_step15000 6 7 7 0.14682806003838778
seed123_P2-bert_step15000 6 7 8 0.14916733803693205
seed123_P2-bert_step15000 6 7 9 0.15273766999598593
seed123_P2-bert_step15000 6 8 0 0.15065401105675846
seed123_P2-bert_step15000 6 8 1 0.14732758095487952
seed123_P2-bert_step15000 6 8 2 0.14304628293029964
seed123_P2-bert_step15000 6 8 3 0.14846119307912886
seed123_P2-bert_step15000 6 8 4 0.1454180129803717
seed123_P2-bert_step15000 6 8 5 0.14463698607869446
seed123_P2-bert_step15000 6 8 6 0.1427634849678725
seed123_P2-bert_step15000 6 8 7 0.1464569829404354
seed123_P2-bert_step15000 6 8 8 0.14487733296118677
seed123_P2-bert_step15000 6 8 9 0.1427696580067277
seed123_P2-bert_step15000 6 9 0 0.14469404495321214
seed123_P2-bert_step15000 6 9 1 0.14803045196458697
seed123_P2-bert_step15000 6 9 2 0.14646657195407897
seed123_P2-bert_step15000 6 9 3 0.14495541295036674
seed123_P2-bert_step15000 6 9 4 0.14707936893682927
seed123_P2-bert_step15000 6 9 5 0.15056541294325143
seed123_P2-bert_step15000 6 9 6 0.1452314790803939
seed123_P2-bert_step15000 6 9 7 0.14589054498355836
seed123_P2-bert_step15000 6 9 8 0.14523311203811318
seed123_P2-bert_step15000 6 9 9 0.14410004299134016
seed123_P2-bert_step15000 9 0 0 0.051650531007908285
seed123_P2-bert_step15000 9 0 1 0.05770057893823832
seed123_P2-bert_step15000 9 0 2 0.05246129503939301
seed123_P2-bert_step15000 9 0 3 0.04474054300226271
seed123_P2-bert_step15000 9 0 4 0.04326836799737066
seed123_P2-bert_step15000 9 0 5 0.04387057607527822
seed123_P2-bert_step15000 9 0 6 0.04344253009185195
seed123_P2-bert_step15000 9 0 7 0.041658660979010165
seed123_P2-bert_step15000 9 0 8 0.04341771197505295
seed123_P2-bert_step15000 9 0 9 0.042208457947708666
seed123_P2-bert_step15000 9 1 0 0.04220600298140198
seed123_P2-bert_step15000 9 1 1 0.04130962595809251
seed123_P2-bert_step15000 9 1 2 0.04253267589956522
seed123_P2-bert_step15000 9 1 3 0.04310683091171086
seed123_P2-bert_step15000 9 1 4 0.043036937015131116
seed123_P2-bert_step15000 9 1 5 0.0420896919677034
seed123_P2-bert_step15000 9 1 6 0.045614397968165576
seed123_P2-bert_step15000 9 1 7 0.04471891198772937
seed123_P2-bert_step15000 9 1 8 0.0423093200661242
seed123_P2-bert_step15000 9 1 9 0.04417576699052006
seed123_P2-bert_step15000 9 2 0 0.04333386302459985
seed123_P2-bert_step15000 9 2 1 0.04403273400384933
seed123_P2-bert_step15000 9 2 2 0.04057637799996883
seed123_P2-bert_step15000 9 2 3 0.043057615985162556
seed123_P2-bert_step15000 9 2 4 0.045372677966952324
seed123_P2-bert_step15000 9 2 5 0.04288628092035651
seed123_P2-bert_step15000 9 2 6 0.04551651200745255
seed123_P2-bert_step15000 9 2 7 0.04329131101258099
seed123_P2-bert_step15000 9 2 8 0.043894671951420605
seed123_P2-bert_step15000 9 2 9 0.04187499301042408
seed123_P2-bert_step15000 9 3 0 0.044309252058155835
seed123_P2-bert_step15000 9 3 1 0.04354633798357099
seed123_P2-bert_step15000 9 3 2 0.042802360956557095
seed123_P2-bert_step15000 9 3 3 0.045130435959436
seed123_P2-bert_step15000 9 3 4 0.04313234903384
seed123_P2-bert_step15000 9 3 5 0.04393039003480226
seed123_P2-bert_step15000 9 3 6 0.04412236495409161
seed123_P2-bert_step15000 9 3 7 0.04348181502427906
seed123_P2-bert_step15000 9 3 8 0.04302970296703279
seed123_P2-bert_step15000 9 3 9 0.044617770006880164
seed123_P2-bert_step15000 9 4 0 0.043028281070291996
seed123_P2-bert_step15000 9 4 1 0.041860546101816
seed123_P2-bert_step15000 9 4 2 0.04187667602673173
seed123_P2-bert_step15000 9 4 3 0.04193441697861999
seed123_P2-bert_step15000 9 4 4 0.043727271957322955
seed123_P2-bert_step15000 9 4 5 0.045607205014675856
seed123_P2-bert_step15000 9 4 6 0.04798354301601648
seed123_P2-bert_step15000 9 4 7 0.04414687294047326
seed123_P2-bert_step15000 9 4 8 0.042844610987231135
seed123_P2-bert_step15000 9 4 9 0.04343689908273518
seed123_P2-bert_step15000 9 5 0 0.044153615017421544
seed123_P2-bert_step15000 9 5 1 0.043383368058130145
seed123_P2-bert_step15000 9 5 2 0.04449750005733222
seed123_P2-bert_step15000 9 5 3 0.042664738022722304
seed123_P2-bert_step15000 9 5 4 0.042204941040836275
seed123_P2-bert_step15000 9 5 5 0.04327741602901369
seed123_P2-bert_step15000 9 5 6 0.04481212899554521
seed123_P2-bert_step15000 9 5 7 0.043863071012310684
seed123_P2-bert_step15000 9 5 8 0.04321742104366422
seed123_P2-bert_step15000 9 5 9 0.04207091603893787
seed123_P2-bert_step15000 9 6 0 0.044338447973132133
seed123_P2-bert_step15000 9 6 1 0.04409788898192346
seed123_P2-bert_step15000 9 6 2 0.04563861503265798
seed123_P2-bert_step15000 9 6 3 0.051632214919663966
seed123_P2-bert_step15000 9 6 4 0.04336507304105908
seed123_P2-bert_step15000 9 6 5 0.04392546007875353
seed123_P2-bert_step15000 9 6 6 0.045198225998319685
seed123_P2-bert_step15000 9 6 7 0.04520310496445745
seed123_P2-bert_step15000 9 6 8 0.04187381197698414
seed123_P2-bert_step15000 9 6 9 0.04353446501772851
seed123_P2-bert_step15000 9 7 0 0.04538481100462377
seed123_P2-bert_step15000 9 7 1 0.04304290795698762
seed123_P2-bert_step15000 9 7 2 0.043931892956607044
seed123_P2-bert_step15000 9 7 3 0.045344745041802526
seed123_P2-bert_step15000 9 7 4 0.042213639011606574
seed123_P2-bert_step15000 9 7 5 0.045032680965960026
seed123_P2-bert_step15000 9 7 6 0.042966102017089725
seed123_P2-bert_step15000 9 7 7 0.04382231389172375
seed123_P2-bert_step15000 9 7 8 0.04554111906327307
seed123_P2-bert_step15000 9 7 9 0.042991922004148364
seed123_P2-bert_step15000 9 8 0 0.044647837057709694
seed123_P2-bert_step15000 9 8 1 0.04474177595693618
seed123_P2-bert_step15000 9 8 2 0.042607328039593995
seed123_P2-bert_step15000 9 8 3 0.04239404306281358
seed123_P2-bert_step15000 9 8 4 0.04355145699810237
seed123_P2-bert_step15000 9 8 5 0.04272711800877005
seed123_P2-bert_step15000 9 8 6 0.043606591993011534
seed123_P2-bert_step15000 9 8 7 0.04334566602483392
seed123_P2-bert_step15000 9 8 8 0.04485717602074146
seed123_P2-bert_step15000 9 8 9 0.04140552901662886
seed123_P2-bert_step15000 9 9 0 0.04146203596610576
seed123_P2-bert_step15000 9 9 1 0.04248195991385728
seed123_P2-bert_step15000 9 9 2 0.0436380630126223
seed123_P2-bert_step15000 9 9 3 0.04305666498839855
seed123_P2-bert_step15000 9 9 4 0.04178419092204422
seed123_P2-bert_step15000 9 9 5 0.04489760298747569
seed123_P2-bert_step15000 9 9 6 0.04443360900040716
seed123_P2-bert_step15000 9 9 7 0.04359160491731018
seed123_P2-bert_step15000 9 9 8 0.04362701205536723
seed123_P2-bert_step15000 9 9 9 0.04167396994307637
seed123_P2-bert_step15000 12 0 0 0.4277999789919704
seed123_P2-bert_step15000 12 0 1 0.4292945379856974
seed123_P2-bert_step15000 12 0 2 0.4303952360060066
seed123_P2-bert_step15000 12 0 3 0.4416163188870996
seed123_P2-bert_step15000 12 0 4 0.4391071379650384
seed123_P2-bert_step15000 12 0 5 0.44361444807145745
seed123_P2-bert_step15000 12 0 6 0.4399929370265454
seed123_P2-bert_step15000 12 0 7 0.45427900995127857
seed123_P2-bert_step15000 12 0 8 0.4404083900153637
seed123_P2-bert_step15000 12 0 9 0.4287786199711263
seed123_P2-bert_step15000 12 1 0 0.43469880206976086
seed123_P2-bert_step15000 12 1 1 0.43241187394596636
seed123_P2-bert_step15000 12 1 2 0.4300514069618657
seed123_P2-bert_step15000 12 1 3 0.43371791299432516
seed123_P2-bert_step15000 12 1 4 0.4414459699764848
seed123_P2-bert_step15000 12 1 5 0.4276632680557668
seed123_P2-bert_step15000 12 1 6 0.43356496398337185
seed123_P2-bert_step15000 12 1 7 0.4245640919543803
seed123_P2-bert_step15000 12 1 8 0.4321824900107458
seed123_P2-bert_step15000 12 1 9 0.4361769430106506
seed123_P2-bert_step15000 12 2 0 0.4241998300421983
seed123_P2-bert_step15000 12 2 1 0.43323129101190716
seed123_P2-bert_step15000 12 2 2 0.4456078939838335
seed123_P2-bert_step15000 12 2 3 0.4441446880809963
seed123_P2-bert_step15000 12 2 4 0.44704729004297405
seed123_P2-bert_step15000 12 2 5 0.4367223250446841
seed123_P2-bert_step15000 12 2 6 0.4345274339430034
seed123_P2-bert_step15000 12 2 7 0.4337260560132563
seed123_P2-bert_step15000 12 2 8 0.4339266800088808
seed123_P2-bert_step15000 12 2 9 0.43403939495328814
seed123_P2-bert_step15000 12 3 0 0.4387630670098588
seed123_P2-bert_step15000 12 3 1 0.4326530440011993
seed123_P2-bert_step15000 12 3 2 0.4477850190596655
seed123_P2-bert_step15000 12 3 3 0.4505533160408959
seed123_P2-bert_step15000 12 3 4 0.4378565610386431
seed123_P2-bert_step15000 12 3 5 0.43313707993365824
seed123_P2-bert_step15000 12 3 6 0.429359660949558
seed123_P2-bert_step15000 12 3 7 0.43150586099363863
seed123_P2-bert_step15000 12 3 8 0.44514258799608797
seed123_P2-bert_step15000 12 3 9 0.4361588089959696
seed123_P2-bert_step15000 12 4 0 0.45487234904430807
seed123_P2-bert_step15000 12 4 1 0.45446037501096725
seed123_P2-bert_step15000 12 4 2 0.43956199602689594
seed123_P2-bert_step15000 12 4 3 0.44349777593743056
seed123_P2-bert_step15000 12 4 4 0.442928662057966
seed123_P2-bert_step15000 12 4 5 0.43730203004088253
seed123_P2-bert_step15000 12 4 6 0.4428601829567924
seed123_P2-bert_step15000 12 4 7 0.43884966999758035
seed123_P2-bert_step15000 12 4 8 0.4470987910171971
seed123_P2-bert_step15000 12 4 9 0.4389426890993491
seed123_P2-bert_step15000 12 5 0 0.4324305009795353
seed123_P2-bert_step15000 12 5 1 0.42921622504945844
seed123_P2-bert_step15000 12 5 2 0.43910678394604474
seed123_P2-bert_step15000 12 5 3 0.42887015803717077
seed123_P2-bert_step15000 12 5 4 0.4175836000358686
seed123_P2-bert_step15000 12 5 5 0.4273369360016659
seed123_P2-bert_step15000 12 5 6 0.43118951888754964
seed123_P2-bert_step15000 12 5 7 0.43303137097973377
seed123_P2-bert_step15000 12 5 8 0.44206398201640695
seed123_P2-bert_step15000 12 5 9 0.42798642709385604
seed123_P2-bert_step15000 12 6 0 0.44476191501598805
seed123_P2-bert_step15000 12 6 1 0.43762666801922023
seed123_P2-bert_step15000 12 6 2 0.43170990294311196
seed123_P2-bert_step15000 12 6 3 0.4341045069741085
seed123_P2-bert_step15000 12 6 4 0.4350169259123504
seed123_P2-bert_step15000 12 6 5 0.4387100350577384
seed123_P2-bert_step15000 12 6 6 0.44300340698100626
seed123_P2-bert_step15000 12 6 7 0.4375618379563093
seed123_P2-bert_step15000 12 6 8 0.4373772559920326
seed123_P2-bert_step15000 12 6 9 0.42522858700249344
seed123_P2-bert_step15000 12 7 0 0.4284230039920658
seed123_P2-bert_step15000 12 7 1 0.43116477003786713
seed123_P2-bert_step15000 12 7 2 0.4311605909606442
seed123_P2-bert_step15000 12 7 3 0.44553855201229453
seed123_P2-bert_step15000 12 7 4 0.4580023830058053
seed123_P2-bert_step15000 12 7 5 0.4406729300972074
seed123_P2-bert_step15000 12 7 6 0.42748453898821026
seed123_P2-bert_step15000 12 7 7 0.42266826098784804
seed123_P2-bert_step15000 12 7 8 0.42727196507621557
seed123_P2-bert_step15000 12 7 9 0.44030006194952875
seed123_P2-bert_step15000 12 8 0 0.43311827699653804
seed123_P2-bert_step15000 12 8 1 0.44477660302072763
seed123_P2-bert_step15000 12 8 2 0.46514706092420965
seed123_P2-bert_step15000 12 8 3 0.4361876880284399
seed123_P2-bert_step15000 12 8 4 0.4589321899693459
seed123_P2-bert_step15000 12 8 5 0.4382066670805216
seed123_P2-bert_step15000 12 8 6 0.4399976789718494
seed123_P2-bert_step15000 12 8 7 0.43226068606600165
seed123_P2-bert_step15000 12 8 8 0.4483295779209584
seed123_P2-bert_step15000 12 8 9 0.45180380903184414
seed123_P2-bert_step15000 12 9 0 0.4398307038936764
seed123_P2-bert_step15000 12 9 1 0.4399837260134518
seed123_P2-bert_step15000 12 9 2 0.42458292795345187
seed123_P2-bert_step15000 12 9 3 0.4358461919473484
seed123_P2-bert_step15000 12 9 4 0.4332524499623105
seed123_P2-bert_step15000 12 9 5 0.43966852698940784
seed123_P2-bert_step15000 12 9 6 0.44362654897850007
seed123_P2-bert_step15000 12 9 7 0.43823501700535417
seed123_P2-bert_step15000 12 9 8 0.4514897959306836
seed123_P2-bert_step15000 12 9 9 0.42517827602569014
seed123_P2-bert_step15000 18 0 0 0.1069753960473463
seed123_P2-bert_step15000 18 0 1 0.1064155789790675
seed123_P2-bert_step15000 18 0 2 0.10639754496514797
seed123_P2-bert_step15000 18 0 3 0.11067338299471885
seed123_P2-bert_step15000 18 0 4 0.10876471700612456
seed123_P2-bert_step15000 18 0 5 0.10569755197502673
seed123_P2-bert_step15000 18 0 6 0.10556371591519564
seed123_P2-bert_step15000 18 0 7 0.11015865299850702
seed123_P2-bert_step15000 18 0 8 0.11027505504898727
seed123_P2-bert_step15000 18 0 9 0.10541820898652077
seed123_P2-bert_step15000 18 1 0 0.1071858269860968
seed123_P2-bert_step15000 18 1 1 0.10947027208749205
seed123_P2-bert_step15000 18 1 2 0.1076542210066691
seed123_P2-bert_step15000 18 1 3 0.10440221300814301
seed123_P2-bert_step15000 18 1 4 0.10346552799455822
seed123_P2-bert_step15000 18 1 5 0.10378268302883953
seed123_P2-bert_step15000 18 1 6 0.10458354896400124
seed123_P2-bert_step15000 18 1 7 0.10999562195502222
seed123_P2-bert_step15000 18 1 8 0.11055500898510218
seed123_P2-bert_step15000 18 1 9 0.10599845496471971
seed123_P2-bert_step15000 18 2 0 0.10351874900516123
seed123_P2-bert_step15000 18 2 1 0.10502338805235922
seed123_P2-bert_step15000 18 2 2 0.10222775000147521
seed123_P2-bert_step15000 18 2 3 0.10834929498378187
seed123_P2-bert_step15000 18 2 4 0.10438623302616179
seed123_P2-bert_step15000 18 2 5 0.10440844506956637
seed123_P2-bert_step15000 18 2 6 0.10374290694016963
seed123_P2-bert_step15000 18 2 7 0.10389256302732974
seed123_P2-bert_step15000 18 2 8 0.10685340501368046
seed123_P2-bert_step15000 18 2 9 0.10093633900396526
seed123_P2-bert_step15000 18 3 0 0.10887580807320774
seed123_P2-bert_step15000 18 3 1 0.10770132101606578
seed123_P2-bert_step15000 18 3 2 0.1103320550173521
seed123_P2-bert_step15000 18 3 3 0.10611614095978439
seed123_P2-bert_step15000 18 3 4 0.10701873002108186
seed123_P2-bert_step15000 18 3 5 0.1063799629919231
seed123_P2-bert_step15000 18 3 6 0.11032069299835712
seed123_P2-bert_step15000 18 3 7 0.11431655706837773
seed123_P2-bert_step15000 18 3 8 0.10982571798376739
seed123_P2-bert_step15000 18 3 9 0.10534656303934753
seed123_P2-bert_step15000 18 4 0 0.10725022200495005
seed123_P2-bert_step15000 18 4 1 0.1187844320666045
seed123_P2-bert_step15000 18 4 2 0.11662708094809204
seed123_P2-bert_step15000 18 4 3 0.10493798495735973
seed123_P2-bert_step15000 18 4 4 0.1041600430617109
seed123_P2-bert_step15000 18 4 5 0.10706802399363369
seed123_P2-bert_step15000 18 4 6 0.10546020104084164
seed123_P2-bert_step15000 18 4 7 0.10293703200295568
seed123_P2-bert_step15000 18 4 8 0.1058132239850238
seed123_P2-bert_step15000 18 4 9 0.10514525999315083
seed123_P2-bert_step15000 18 5 0 0.10777102503925562
seed123_P2-bert_step15000 18 5 1 0.11140553001314402
seed123_P2-bert_step15000 18 5 2 0.10818481200840324
seed123_P2-bert_step15000 18 5 3 0.10936278791632503
seed123_P2-bert_step15000 18 5 4 0.1052273369859904
seed123_P2-bert_step15000 18 5 5 0.10788959998171777
seed123_P2-bert_step15000 18 5 6 0.1088781040161848
seed123_P2-bert_step15000 18 5 7 0.1082119639031589
seed123_P2-bert_step15000 18 5 8 0.1114618779392913
seed123_P2-bert_step15000 18 5 9 0.10663564095739275
seed123_P2-bert_step15000 18 6 0 0.10517902497667819
seed123_P2-bert_step15000 18 6 1 0.10870582598727196
seed123_P2-bert_step15000 18 6 2 0.10492135304957628
seed123_P2-bert_step15000 18 6 3 0.10652148397639394
seed123_P2-bert_step15000 18 6 4 0.1084832219639793
seed123_P2-bert_step15000 18 6 5 0.1050405710702762
seed123_P2-bert_step15000 18 6 6 0.10645797301549464
seed123_P2-bert_step15000 18 6 7 0.10449418995995075
seed123_P2-bert_step15000 18 6 8 0.10658619599416852
seed123_P2-bert_step15000 18 6 9 0.10708479804452509
seed123_P2-bert_step15000 18 7 0 0.10750896495301276
seed123_P2-bert_step15000 18 7 1 0.11270217201672494
seed123_P2-bert_step15000 18 7 2 0.10996041703037918
seed123_P2-bert_step15000 18 7 3 0.10283440793864429
seed123_P2-bert_step15000 18 7 4 0.10602350404951721
seed123_P2-bert_step15000 18 7 5 0.10741203196812421
seed123_P2-bert_step15000 18 7 6 0.11194169207010418
seed123_P2-bert_step15000 18 7 7 0.11041995196137577
seed123_P2-bert_step15000 18 7 8 0.10512038390152156
seed123_P2-bert_step15000 18 7 9 0.10515113291330636
seed123_P2-bert_step15000 18 8 0 0.1069089419906959
seed123_P2-bert_step15000 18 8 1 0.10940220393240452
seed123_P2-bert_step15000 18 8 2 0.10707832500338554
seed123_P2-bert_step15000 18 8 3 0.1033640269888565
seed123_P2-bert_step15000 18 8 4 0.1074636799748987
seed123_P2-bert_step15000 18 8 5 0.10572512599173933
seed123_P2-bert_step15000 18 8 6 0.10619087296072394
seed123_P2-bert_step15000 18 8 7 0.10542471404187381
seed123_P2-bert_step15000 18 8 8 0.10652111400850117
seed123_P2-bert_step15000 18 8 9 0.10542448400519788
seed123_P2-bert_step15000 18 9 0 0.10587599396239966
seed123_P2-bert_step15000 18 9 1 0.1114842010429129
seed123_P2-bert_step15000 18 9 2 0.10517785302363336
seed123_P2-bert_step15000 18 9 3 0.11187061795499176
seed123_P2-bert_step15000 18 9 4 0.11016915598884225
seed123_P2-bert_step15000 18 9 5 0.10924945306032896
seed123_P2-bert_step15000 18 9 6 0.1070425370708108
seed123_P2-bert_step15000 18 9 7 0.10552927397657186
seed123_P2-bert_step15000 18 9 8 0.1069407929899171
seed123_P2-bert_step15000 18 9 9 0.10466209100559354
seed123_P2-bert_step15000 22 0 0 0.016932717990130186
seed123_P2-bert_step15000 22 0 1 0.016316293040290475
seed123_P2-bert_step15000 22 0 2 0.01690362300723791
seed123_P2-bert_step15000 22 0 3 0.016699142986908555
seed123_P2-bert_step15000 22 0 4 0.01814955798909068
seed123_P2-bert_step15000 22 0 5 0.018340660957619548
seed123_P2-bert_step15000 22 0 6 0.01562116900458932
seed123_P2-bert_step15000 22 0 7 0.015310185961425304
seed123_P2-bert_step15000 22 0 8 0.016130169038660824
seed123_P2-bert_step15000 22 0 9 0.015338059980422258
seed123_P2-bert_step15000 22 1 0 0.01629829895682633
seed123_P2-bert_step15000 22 1 1 0.016117393970489502
seed123_P2-bert_step15000 22 1 2 0.0153718440560624
seed123_P2-bert_step15000 22 1 3 0.015912404051050544
seed123_P2-bert_step15000 22 1 4 0.016028294921852648
seed123_P2-bert_step15000 22 1 5 0.015622902079485357
seed123_P2-bert_step15000 22 1 6 0.015578447026200593
seed123_P2-bert_step15000 22 1 7 0.015618854900822043
seed123_P2-bert_step15000 22 1 8 0.015624625026248395
seed123_P2-bert_step15000 22 1 9 0.01591648196335882
seed123_P2-bert_step15000 22 2 0 0.01808937208261341
seed123_P2-bert_step15000 22 2 1 0.016810254892334342
seed123_P2-bert_step15000 22 2 2 0.0180046510649845
seed123_P2-bert_step15000 22 2 3 0.01735479198396206
seed123_P2-bert_step15000 22 2 4 0.0179080170346424
seed123_P2-bert_step15000 22 2 5 0.016967364004813135
seed123_P2-bert_step15000 22 2 6 0.015465993084944785
seed123_P2-bert_step15000 22 2 7 0.015507931937463582
seed123_P2-bert_step15000 22 2 8 0.016603650990873575
seed123_P2-bert_step15000 22 2 9 0.016373101039789617
seed123_P2-bert_step15000 22 3 0 0.01704900001641363
seed123_P2-bert_step15000 22 3 1 0.016763295978307724
seed123_P2-bert_step15000 22 3 2 0.015987196005880833
seed123_P2-bert_step15000 22 3 3 0.015524093993008137
seed123_P2-bert_step15000 22 3 4 0.016282599070109427
seed123_P2-bert_step15000 22 3 5 0.01591966801788658
seed123_P2-bert_step15000 22 3 6 0.01580374699551612
seed123_P2-bert_step15000 22 3 7 0.01650025404524058
seed123_P2-bert_step15000 22 3 8 0.015802875044755638
seed123_P2-bert_step15000 22 3 9 0.015312800998799503
seed123_P2-bert_step15000 22 4 0 0.01557177398353815
seed123_P2-bert_step15000 22 4 1 0.015973080066032708
seed123_P2-bert_step15000 22 4 2 0.01550474704708904
seed123_P2-bert_step15000 22 4 3 0.020711007993668318
seed123_P2-bert_step15000 22 4 4 0.01648333203047514
seed123_P2-bert_step15000 22 4 5 0.0155551329953596
seed123_P2-bert_step15000 22 4 6 0.01610684406477958
seed123_P2-bert_step15000 22 4 7 0.015964793041348457
seed123_P2-bert_step15000 22 4 8 0.015503335045650601
seed123_P2-bert_step15000 22 4 9 0.015895450953394175
seed123_P2-bert_step15000 22 5 0 0.01818796992301941
seed123_P2-bert_step15000 22 5 1 0.016654769075103104
seed123_P2-bert_step15000 22 5 2 0.017246667062863708
seed123_P2-bert_step15000 22 5 3 0.017191271064803004
seed123_P2-bert_step15000 22 5 4 0.0164767790120095
seed123_P2-bert_step15000 22 5 5 0.01617990294471383
seed123_P2-bert_step15000 22 5 6 0.016266206977888942
seed123_P2-bert_step15000 22 5 7 0.016228004940785468
seed123_P2-bert_step15000 22 5 8 0.016066035954281688
seed123_P2-bert_step15000 22 5 9 0.016839570947922766
seed123_P2-bert_step15000 22 6 0 0.01592538901604712
seed123_P2-bert_step15000 22 6 1 0.01519772200845182
seed123_P2-bert_step15000 22 6 2 0.015241265064105392
seed123_P2-bert_step15000 22 6 3 0.015505718998610973
seed123_P2-bert_step15000 22 6 4 0.016035318025387824
seed123_P2-bert_step15000 22 6 5 0.018310092971660197
seed123_P2-bert_step15000 22 6 6 0.015641939011402428
seed123_P2-bert_step15000 22 6 7 0.015607643057592213
seed123_P2-bert_step15000 22 6 8 0.015681182965636253
seed123_P2-bert_step15000 22 6 9 0.015456674969755113
seed123_P2-bert_step15000 22 7 0 0.015291971969418228
seed123_P2-bert_step15000 22 7 1 0.015203713090158999
seed123_P2-bert_step15000 22 7 2 0.01535006205085665
seed123_P2-bert_step15000 22 7 3 0.01522050506900996
seed123_P2-bert_step15000 22 7 4 0.01579989993479103
seed123_P2-bert_step15000 22 7 5 0.01549149106722325
seed123_P2-bert_step15000 22 7 6 0.01520398398861289
seed123_P2-bert_step15000 22 7 7 0.015240062028169632
seed123_P2-bert_step15000 22 7 8 0.01521193899679929
seed123_P2-bert_step15000 22 7 9 0.015299765975214541
seed123_P2-bert_step15000 22 8 0 0.015245352988131344
seed123_P2-bert_step15000 22 8 1 0.015316548990085721
seed123_P2-bert_step15000 22 8 2 0.015251333941705525
seed123_P2-bert_step15000 22 8 3 0.015282142092473805
seed123_P2-bert_step15000 22 8 4 0.0167374259326607
seed123_P2-bert_step15000 22 8 5 0.01653573091607541
seed123_P2-bert_step15000 22 8 6 0.01641111494973302
seed123_P2-bert_step15000 22 8 7 0.016192517010495067
seed123_P2-bert_step15000 22 8 8 0.015327770030125976
seed123_P2-bert_step15000 22 8 9 0.015468157012946904
seed123_P2-bert_step15000 22 9 0 0.015454571112059057
seed123_P2-bert_step15000 22 9 1 0.015438240021467209
seed123_P2-bert_step15000 22 9 2 0.015425727004185319
seed123_P2-bert_step15000 22 9 3 0.016325040021911263
seed123_P2-bert_step15000 22 9 4 0.01592835399787873
seed123_P2-bert_step15000 22 9 5 0.015619284939020872
seed123_P2-bert_step15000 22 9 6 0.01614694099407643
seed123_P2-bert_step15000 22 9 7 0.01541958493180573
seed123_P2-bert_step15000 22 9 8 0.01540018804371357
seed123_P2-bert_step15000 22 9 9 0.015847350005060434
seed123_P2-bert_step15000 24 0 0 0.017653371091000736
seed123_P2-bert_step15000 24 0 1 0.016974537982605398
seed123_P2-bert_step15000 24 0 2 0.017425165977329016
seed123_P2-bert_step15000 24 0 3 0.017938344040885568
seed123_P2-bert_step15000 24 0 4 0.016974347992800176
seed123_P2-bert_step15000 24 0 5 0.01701314200181514
seed123_P2-bert_step15000 24 0 6 0.016980550019070506
seed123_P2-bert_step15000 24 0 7 0.016967433970421553
seed123_P2-bert_step15000 24 0 8 0.017286141985096037
seed123_P2-bert_step15000 24 0 9 0.017273366916924715
seed123_P2-bert_step15000 24 1 0 0.017188656027428806
seed123_P2-bert_step15000 24 1 1 0.017906603985466063
seed123_P2-bert_step15000 24 1 2 0.01785197004210204
seed123_P2-bert_step15000 24 1 3 0.016985528985969722
seed123_P2-bert_step15000 24 1 4 0.017596933990716934
seed123_P2-bert_step15000 24 1 5 0.017410589032806456
seed123_P2-bert_step15000 24 1 6 0.018673576065339148
seed123_P2-bert_step15000 24 1 7 0.019278988940641284
seed123_P2-bert_step15000 24 1 8 0.017591083073057234
seed123_P2-bert_step15000 24 1 9 0.01862699701450765
seed123_P2-bert_step15000 24 2 0 0.018404984031803906
seed123_P2-bert_step15000 24 2 1 0.016978595056571066
seed123_P2-bert_step15000 24 2 2 0.016981731983833015
seed123_P2-bert_step15000 24 2 3 0.016980338958092034
seed123_P2-bert_step15000 24 2 4 0.016984908026643097
seed123_P2-bert_step15000 24 2 5 0.01695529103744775
seed123_P2-bert_step15000 24 2 6 0.01712318102363497
seed123_P2-bert_step15000 24 2 7 0.017788288998417556
seed123_P2-bert_step15000 24 2 8 0.01818036602344364
seed123_P2-bert_step15000 24 2 9 0.01743221003562212
seed123_P2-bert_step15000 24 3 0 0.016977893887087703
seed123_P2-bert_step15000 24 3 1 0.017065963009372354
seed123_P2-bert_step15000 24 3 2 0.017216628999449313
seed123_P2-bert_step15000 24 3 3 0.01721817208454013
seed123_P2-bert_step15000 24 3 4 0.017156816087663174
seed123_P2-bert_step15000 24 3 5 0.017026816960424185
seed123_P2-bert_step15000 24 3 6 0.01774120901245624
seed123_P2-bert_step15000 24 3 7 0.01764832204207778
seed123_P2-bert_step15000 24 3 8 0.017202312010340393
seed123_P2-bert_step15000 24 3 9 0.017291270894929767
seed123_P2-bert_step15000 24 4 0 0.0172835870180279
seed123_P2-bert_step15000 24 4 1 0.017122369958087802
seed123_P2-bert_step15000 24 4 2 0.01927200600039214
seed123_P2-bert_step15000 24 4 3 0.01987498509697616
seed123_P2-bert_step15000 24 4 4 0.01840891200117767
seed123_P2-bert_step15000 24 4 5 0.017327400972135365
seed123_P2-bert_step15000 24 4 6 0.01698738196864724
seed123_P2-bert_step15000 24 4 7 0.017706934013403952
seed123_P2-bert_step15000 24 4 8 0.017415538080967963
seed123_P2-bert_step15000 24 4 9 0.016984076006338
seed123_P2-bert_step15000 24 5 0 0.017046765075065196
seed123_P2-bert_step15000 24 5 1 0.01775751996319741
seed123_P2-bert_step15000 24 5 2 0.020544510916806757
seed123_P2-bert_step15000 24 5 3 0.02020700799766928
seed123_P2-bert_step15000 24 5 4 0.020765983033925295
seed123_P2-bert_step15000 24 5 5 0.020324202021583915
seed123_P2-bert_step15000 24 5 6 0.023013946949504316
seed123_P2-bert_step15000 24 5 7 0.017589650000445545
seed123_P2-bert_step15000 24 5 8 0.017369720968417823
seed123_P2-bert_step15000 24 5 9 0.017563681001774967
seed123_P2-bert_step15000 24 6 0 0.017531969933770597
seed123_P2-bert_step15000 24 6 1 0.020465760957449675
seed123_P2-bert_step15000 24 6 2 0.017198974965140224
seed123_P2-bert_step15000 24 6 3 0.0172451640246436
seed123_P2-bert_step15000 24 6 4 0.01723498501814902
seed123_P2-bert_step15000 24 6 5 0.017272374941967428
seed123_P2-bert_step15000 24 6 6 0.017239312990568578
seed123_P2-bert_step15000 24 6 7 0.017919277888722718
seed123_P2-bert_step15000 24 6 8 0.018030259991064668
seed123_P2-bert_step15000 24 6 9 0.018591369036585093
seed123_P2-bert_step15000 24 7 0 0.019512404105626047
seed123_P2-bert_step15000 24 7 1 0.01764775102492422
seed123_P2-bert_step15000 24 7 2 0.017224855022504926
seed123_P2-bert_step15000 24 7 3 0.017219354049302638
seed123_P2-bert_step15000 24 7 4 0.017196772038005292
seed123_P2-bert_step15000 24 7 5 0.017496573040261865
seed123_P2-bert_step15000 24 7 6 0.017225946998223662
seed123_P2-bert_step15000 24 7 7 0.01777716795913875
seed123_P2-bert_step15000 24 7 8 0.020261441939510405
seed123_P2-bert_step15000 24 7 9 0.01817746995948255
seed123_P2-bert_step15000 24 8 0 0.017043558997102082
seed123_P2-bert_step15000 24 8 1 0.017012431053444743
seed123_P2-bert_step15000 24 8 2 0.019952883012592793
seed123_P2-bert_step15000 24 8 3 0.020881833974272013
seed123_P2-bert_step15000 24 8 4 0.017271242919377983
seed123_P2-bert_step15000 24 8 5 0.01729602098930627
seed123_P2-bert_step15000 24 8 6 0.019605961977504194
seed123_P2-bert_step15000 24 8 7 0.01854388799984008
seed123_P2-bert_step15000 24 8 8 0.017134703928604722
seed123_P2-bert_step15000 24 8 9 0.016998634091578424
seed123_P2-bert_step15000 24 9 0 0.017018682090565562
seed123_P2-bert_step15000 24 9 1 0.017375732073560357
seed123_P2-bert_step15000 24 9 2 0.016989436000585556
seed123_P2-bert_step15000 24 9 3 0.016991540091112256
seed123_P2-bert_step15000 24 9 4 0.018269135034643114
seed123_P2-bert_step15000 24 9 5 0.020156251033768058
seed123_P2-bert_step15000 24 9 6 0.01838353299535811
seed123_P2-bert_step15000 24 9 7 0.01785105897579342
seed123_P2-bert_step15000 24 9 8 0.017111007939092815
seed123_P2-bert_step15000 24 9 9 0.01699328306131065
seed123_P2-bert_step15000 30 0 0 0.028610612964257598
seed123_P2-bert_step15000 30 0 1 0.030000602011568844
seed123_P2-bert_step15000 30 0 2 0.03266006999183446
seed123_P2-bert_step15000 30 0 3 0.02894356695469469
seed123_P2-bert_step15000 30 0 4 0.03027895197737962
seed123_P2-bert_step15000 30 0 5 0.028571979026310146
seed123_P2-bert_step15000 30 0 6 0.026989663019776344
seed123_P2-bert_step15000 30 0 7 0.028056978015229106
seed123_P2-bert_step15000 30 0 8 0.0294307159492746
seed123_P2-bert_step15000 30 0 9 0.02798169502057135
seed123_P2-bert_step15000 30 1 0 0.02740201004780829
seed123_P2-bert_step15000 30 1 1 0.026920281001366675
seed123_P2-bert_step15000 30 1 2 0.029289846890605986
seed123_P2-bert_step15000 30 1 3 0.030502898967824876
seed123_P2-bert_step15000 30 1 4 0.029687945963814855
seed123_P2-bert_step15000 30 1 5 0.02948902698699385
seed123_P2-bert_step15000 30 1 6 0.027230802923440933
seed123_P2-bert_step15000 30 1 7 0.026880325051024556
seed123_P2-bert_step15000 30 1 8 0.029111025971360505
seed123_P2-bert_step15000 30 1 9 0.028789583942852914
seed123_P2-bert_step15000 30 2 0 0.028955508954823017
seed123_P2-bert_step15000 30 2 1 0.02771670906804502
seed123_P2-bert_step15000 30 2 2 0.02765724598430097
seed123_P2-bert_step15000 30 2 3 0.030206092982552946
seed123_P2-bert_step15000 30 2 4 0.029556214925833046
seed123_P2-bert_step15000 30 2 5 0.03017637599259615
seed123_P2-bert_step15000 30 2 6 0.029350192053243518
seed123_P2-bert_step15000 30 2 7 0.02824353298638016
seed123_P2-bert_step15000 30 2 8 0.026691435021348298
seed123_P2-bert_step15000 30 2 9 0.029210214968770742
seed123_P2-bert_step15000 30 3 0 0.02951205091085285
seed123_P2-bert_step15000 30 3 1 0.027121484046801925
seed123_P2-bert_step15000 30 3 2 0.026637080940417945
seed123_P2-bert_step15000 30 3 3 0.026392546016722918
seed123_P2-bert_step15000 30 3 4 0.029791492968797684
seed123_P2-bert_step15000 30 3 5 0.02934557292610407
seed123_P2-bert_step15000 30 3 6 0.029978649923577905
seed123_P2-bert_step15000 30 3 7 0.029597533051855862
seed123_P2-bert_step15000 30 3 8 0.028891426976770163
seed123_P2-bert_step15000 30 3 9 0.027392441988922656
seed123_P2-bert_step15000 30 4 0 0.03135902096983045
seed123_P2-bert_step15000 30 4 1 0.02791371406055987
seed123_P2-bert_step15000 30 4 2 0.027795849950052798
seed123_P2-bert_step15000 30 4 3 0.02767398697324097
seed123_P2-bert_step15000 30 4 4 0.02674029895570129
seed123_P2-bert_step15000 30 4 5 0.030741802998818457
seed123_P2-bert_step15000 30 4 6 0.029639953980222344
seed123_P2-bert_step15000 30 4 7 0.03166906093247235
seed123_P2-bert_step15000 30 4 8 0.029367474955506623
seed123_P2-bert_step15000 30 4 9 0.030849360045976937
seed123_P2-bert_step15000 30 5 0 0.03099484706763178
seed123_P2-bert_step15000 30 5 1 0.03005848196335137
seed123_P2-bert_step15000 30 5 2 0.029417210025712848
seed123_P2-bert_step15000 30 5 3 0.029587914934381843
seed123_P2-bert_step15000 30 5 4 0.027814536006189883
seed123_P2-bert_step15000 30 5 5 0.028070283005945385
seed123_P2-bert_step15000 30 5 6 0.030383331002667546
seed123_P2-bert_step15000 30 5 7 0.02785246807616204
seed123_P2-bert_step15000 30 5 8 0.028500291984528303
seed123_P2-bert_step15000 30 5 9 0.031629344914108515
seed123_P2-bert_step15000 30 6 0 0.03131048893555999
seed123_P2-bert_step15000 30 6 1 0.030249295057728887
seed123_P2-bert_step15000 30 6 2 0.027712261071428657
seed123_P2-bert_step15000 30 6 3 0.027872976032085717
seed123_P2-bert_step15000 30 6 4 0.030485655064694583
seed123_P2-bert_step15000 30 6 5 0.029843622935004532
seed123_P2-bert_step15000 30 6 6 0.03148195403628051
seed123_P2-bert_step15000 30 6 7 0.03112806100398302
seed123_P2-bert_step15000 30 6 8 0.02810689201578498
seed123_P2-bert_step15000 30 6 9 0.02741862100083381
seed123_P2-bert_step15000 30 7 0 0.028324879007413983
seed123_P2-bert_step15000 30 7 1 0.030036860960535705
seed123_P2-bert_step15000 30 7 2 0.02821191307157278
seed123_P2-bert_step15000 30 7 3 0.028793409932404757
seed123_P2-bert_step15000 30 7 4 0.02774637599941343
seed123_P2-bert_step15000 30 7 5 0.02809449890628457
seed123_P2-bert_step15000 30 7 6 0.029930397984571755
seed123_P2-bert_step15000 30 7 7 0.028295832918956876
seed123_P2-bert_step15000 30 7 8 0.027516989037394524
seed123_P2-bert_step15000 30 7 9 0.02740569703746587
seed123_P2-bert_step15000 30 8 0 0.028055705945007503
seed123_P2-bert_step15000 30 8 1 0.02965189702808857
seed123_P2-bert_step15000 30 8 2 0.029567104997113347
seed123_P2-bert_step15000 30 8 3 0.029206458013504744
seed123_P2-bert_step15000 30 8 4 0.028833547024987638
seed123_P2-bert_step15000 30 8 5 0.027343168039806187
seed123_P2-bert_step15000 30 8 6 0.02748367504682392
seed123_P2-bert_step15000 30 8 7 0.0293895669747144
seed123_P2-bert_step15000 30 8 8 0.02877315296791494
seed123_P2-bert_step15000 30 8 9 0.027700057020410895
seed123_P2-bert_step15000 30 9 0 0.029035271960310638
seed123_P2-bert_step15000 30 9 1 0.02867524593602866
seed123_P2-bert_step15000 30 9 2 0.030815555015578866
seed123_P2-bert_step15000 30 9 3 0.03149678301997483
seed123_P2-bert_step15000 30 9 4 0.02870737703051418
seed123_P2-bert_step15000 30 9 5 0.030292456969618797
seed123_P2-bert_step15000 30 9 6 0.027379207080230117
seed123_P2-bert_step15000 30 9 7 0.03059571608901024
seed123_P2-bert_step15000 30 9 8 0.03013584902510047
seed123_P2-bert_step15000 30 9 9 0.02958949899766594
seed123_P2-bert_step15000 33 0 0 0.007081503979861736
seed123_P2-bert_step15000 33 0 1 0.006277904030866921
seed123_P2-bert_step15000 33 0 2 0.006316638085991144
seed123_P2-bert_step15000 33 0 3 0.006711079040542245
seed123_P2-bert_step15000 33 0 4 0.0061193209839984775
seed123_P2-bert_step15000 33 0 5 0.006121104932390153
seed123_P2-bert_step15000 33 0 6 0.0061393099604174495
seed123_P2-bert_step15000 33 0 7 0.0061461919685825706
seed123_P2-bert_step15000 33 0 8 0.006067772977985442
seed123_P2-bert_step15000 33 0 9 0.006107209017500281
seed123_P2-bert_step15000 33 1 0 0.006124743027612567
seed123_P2-bert_step15000 33 1 1 0.006317127961665392
seed123_P2-bert_step15000 33 1 2 0.006564249051734805
seed123_P2-bert_step15000 33 1 3 0.006189635023474693
seed123_P2-bert_step15000 33 1 4 0.00613899901509285
seed123_P2-bert_step15000 33 1 5 0.006150820991024375
seed123_P2-bert_step15000 33 1 6 0.006121254991739988
seed123_P2-bert_step15000 33 1 7 0.00611286994535476
seed123_P2-bert_step15000 33 1 8 0.00610998400952667
seed123_P2-bert_step15000 33 1 9 0.006148004904389381
seed123_P2-bert_step15000 33 2 0 0.0061086410423740745
seed123_P2-bert_step15000 33 2 1 0.006147565087303519
seed123_P2-bert_step15000 33 2 2 0.00607790204230696
seed123_P2-bert_step15000 33 2 3 0.006124702049419284
seed123_P2-bert_step15000 33 2 4 0.006168936030007899
seed123_P2-bert_step15000 33 2 5 0.006153946975246072
seed123_P2-bert_step15000 33 2 6 0.006141032907180488
seed123_P2-bert_step15000 33 2 7 0.006018079002387822
seed123_P2-bert_step15000 33 2 8 0.006029078969731927
seed123_P2-bert_step15000 33 2 9 0.005942263989709318
seed123_P2-bert_step15000 33 3 0 0.006149498978629708
seed123_P2-bert_step15000 33 3 1 0.006164788035675883
seed123_P2-bert_step15000 33 3 2 0.006119921919889748
seed123_P2-bert_step15000 33 3 3 0.006395117030479014
seed123_P2-bert_step15000 33 3 4 0.006435864022932947
seed123_P2-bert_step15000 33 3 5 0.006293202983215451
seed123_P2-bert_step15000 33 3 6 0.006515446933917701
seed123_P2-bert_step15000 33 3 7 0.006205244921147823
seed123_P2-bert_step15000 33 3 8 0.006349278963170946
seed123_P2-bert_step15000 33 3 9 0.0061656300676986575
seed123_P2-bert_step15000 33 4 0 0.006215104018338025
seed123_P2-bert_step15000 33 4 1 0.0062951360596343875
seed123_P2-bert_step15000 33 4 2 0.006196537986397743
seed123_P2-bert_step15000 33 4 3 0.006215876084752381
seed123_P2-bert_step15000 33 4 4 0.006217128015123308
seed123_P2-bert_step15000 33 4 5 0.006128559005446732
seed123_P2-bert_step15000 33 4 6 0.006166351027786732
seed123_P2-bert_step15000 33 4 7 0.0062627349980175495
seed123_P2-bert_step15000 33 4 8 0.006170297972857952
seed123_P2-bert_step15000 33 4 9 0.006209884071722627
seed123_P2-bert_step15000 33 5 0 0.006405788008123636
seed123_P2-bert_step15000 33 5 1 0.006364527973346412
seed123_P2-bert_step15000 33 5 2 0.00632110598962754
seed123_P2-bert_step15000 33 5 3 0.006323931971564889
seed123_P2-bert_step15000 33 5 4 0.006294977036304772
seed123_P2-bert_step15000 33 5 5 0.006541876937262714
seed123_P2-bert_step15000 33 5 6 0.007309249020181596
seed123_P2-bert_step15000 33 5 7 0.006301720044575632
seed123_P2-bert_step15000 33 5 8 0.006285669049248099
seed123_P2-bert_step15000 33 5 9 0.006297549931332469
seed123_P2-bert_step15000 33 6 0 0.006034560967236757
seed123_P2-bert_step15000 33 6 1 0.006102420040406287
seed123_P2-bert_step15000 33 6 2 0.007376897963695228
seed123_P2-bert_step15000 33 6 3 0.008291460922919214
seed123_P2-bert_step15000 33 6 4 0.0061583350179716945
seed123_P2-bert_step15000 33 6 5 0.006037265062332153
seed123_P2-bert_step15000 33 6 6 0.006200245930813253
seed123_P2-bert_step15000 33 6 7 0.0061218260088935494
seed123_P2-bert_step15000 33 6 8 0.006337478058412671
seed123_P2-bert_step15000 33 6 9 0.006256683962419629
seed123_P2-bert_step15000 33 7 0 0.006247225916013122
seed123_P2-bert_step15000 33 7 1 0.0065152059542015195
seed123_P2-bert_step15000 33 7 2 0.006648809998296201
seed123_P2-bert_step15000 33 7 3 0.006288042990490794
seed123_P2-bert_step15000 33 7 4 0.006396220065653324
seed123_P2-bert_step15000 33 7 5 0.006254059029743075
seed123_P2-bert_step15000 33 7 6 0.006392151000909507
seed123_P2-bert_step15000 33 7 7 0.14967441197950393
seed123_P2-bert_step15000 33 7 8 0.0063636970007792115
seed123_P2-bert_step15000 33 7 9 0.006264788913540542
seed123_P2-bert_step15000 33 8 0 0.007886127918027341
seed123_P2-bert_step15000 33 8 1 0.006237606983631849
seed123_P2-bert_step15000 33 8 2 0.006241554976440966
seed123_P2-bert_step15000 33 8 3 0.006195907015353441
seed123_P2-bert_step15000 33 8 4 0.006106618093326688
seed123_P2-bert_step15000 33 8 5 0.0063434080220758915
seed123_P2-bert_step15000 33 8 6 0.0060336379101499915
seed123_P2-bert_step15000 33 8 7 0.0062765011098235846
seed123_P2-bert_step15000 33 8 8 0.006166881998069584
seed123_P2-bert_step15000 33 8 9 0.0060439580120146275
seed123_P2-bert_step15000 33 9 0 0.006113720941357315
seed123_P2-bert_step15000 33 9 1 0.006069906987249851
seed123_P2-bert_step15000 33 9 2 0.006046792957931757
seed123_P2-bert_step15000 33 9 3 0.00612808798905462
seed123_P2-bert_step15000 33 9 4 0.006025643087923527
seed123_P2-bert_step15000 33 9 5 0.006044988986104727
seed123_P2-bert_step15000 33 9 6 0.00611765799112618
seed123_P2-bert_step15000 33 9 7 0.006070398958399892
seed123_P2-bert_step15000 33 9 8 0.006061021005734801
seed123_P2-bert_step15000 33 9 9 0.006157825002446771
seed123_P2-bert_step15000 36 0 0 0.006597763975150883
seed123_P2-bert_step15000 36 0 1 0.007358211907558143
seed123_P2-bert_step15000 36 0 2 0.007034315029159188
seed123_P2-bert_step15000 36 0 3 0.00685827003326267
seed123_P2-bert_step15000 36 0 4 0.00662409292999655
seed123_P2-bert_step15000 36 0 5 0.006625827983953059
seed123_P2-bert_step15000 36 0 6 0.0065620249370113015
seed123_P2-bert_step15000 36 0 7 0.006581291905604303
seed123_P2-bert_step15000 36 0 8 0.006583195994608104
seed123_P2-bert_step15000 36 0 9 0.006614214973524213
seed123_P2-bert_step15000 36 1 0 0.006750925094820559
seed123_P2-bert_step15000 36 1 1 0.0067263380624353886
seed123_P2-bert_step15000 36 1 2 0.006743300007656217
seed123_P2-bert_step15000 36 1 3 0.006782384938560426
seed123_P2-bert_step15000 36 1 4 0.006779909948818386
seed123_P2-bert_step15000 36 1 5 0.006776294088922441
seed123_P2-bert_step15000 36 1 6 0.006794648012146354
seed123_P2-bert_step15000 36 1 7 0.006784599972888827
seed123_P2-bert_step15000 36 1 8 0.0068848199443891644
seed123_P2-bert_step15000 36 1 9 0.009178141015581787
seed123_P2-bert_step15000 36 2 0 0.007920404081232846
seed123_P2-bert_step15000 36 2 1 0.006556734093464911
seed123_P2-bert_step15000 36 2 2 0.006944573950022459
seed123_P2-bert_step15000 36 2 3 0.007576960022561252
seed123_P2-bert_step15000 36 2 4 0.00661298306658864
seed123_P2-bert_step15000 36 2 5 0.00675234803929925
seed123_P2-bert_step15000 36 2 6 0.00654025305993855
seed123_P2-bert_step15000 36 2 7 0.006703324965201318
seed123_P2-bert_step15000 36 2 8 0.006640856037847698
seed123_P2-bert_step15000 36 2 9 0.00673835095949471
seed123_P2-bert_step15000 36 3 0 0.006702853017486632
seed123_P2-bert_step15000 36 3 1 0.006556976004503667
seed123_P2-bert_step15000 36 3 2 0.006537548033520579
seed123_P2-bert_step15000 36 3 3 0.006583515903912485
seed123_P2-bert_step15000 36 3 4 0.006701831938698888
seed123_P2-bert_step15000 36 3 5 0.0065675260266289115
seed123_P2-bert_step15000 36 3 6 0.006618694053031504
seed123_P2-bert_step15000 36 3 7 0.006632299046032131
seed123_P2-bert_step15000 36 3 8 0.006609556032344699
seed123_P2-bert_step15000 36 3 9 0.006566353957168758
seed123_P2-bert_step15000 36 4 0 0.006566533003933728
seed123_P2-bert_step15000 36 4 1 0.006557506043463945
seed123_P2-bert_step15000 36 4 2 0.006581853027455509
seed123_P2-bert_step15000 36 4 3 0.006567835924215615
seed123_P2-bert_step15000 36 4 4 0.006564288982190192
seed123_P2-bert_step15000 36 4 5 0.00776528799906373
seed123_P2-bert_step15000 36 4 6 0.007450828910805285
seed123_P2-bert_step15000 36 4 7 0.0069545230362564325
seed123_P2-bert_step15000 36 4 8 0.007067678961902857
seed123_P2-bert_step15000 36 4 9 0.007292536902241409
seed123_P2-bert_step15000 36 5 0 0.007334908004850149
seed123_P2-bert_step15000 36 5 1 0.006818243069574237
seed123_P2-bert_step15000 36 5 2 0.0066047669388353825
seed123_P2-bert_step15000 36 5 3 0.00658909697085619
seed123_P2-bert_step15000 36 5 4 0.006641475949436426
seed123_P2-bert_step15000 36 5 5 0.006607291055843234
seed123_P2-bert_step15000 36 5 6 0.006595748942345381
seed123_P2-bert_step15000 36 5 7 0.006632799981161952
seed123_P2-bert_step15000 36 5 8 0.006756716989912093
seed123_P2-bert_step15000 36 5 9 0.006702243001200259
seed123_P2-bert_step15000 36 6 0 0.006586502073332667
seed123_P2-bert_step15000 36 6 1 0.006586872972548008
seed123_P2-bert_step15000 36 6 2 0.006553548970259726
seed123_P2-bert_step15000 36 6 3 0.006568858050741255
seed123_P2-bert_step15000 36 6 4 0.006585329072549939
seed123_P2-bert_step15000 36 6 5 0.007265895954333246
seed123_P2-bert_step15000 36 6 6 0.006933381897397339
seed123_P2-bert_step15000 36 6 7 0.010172696085646749
seed123_P2-bert_step15000 36 6 8 0.011328437947668135
seed123_P2-bert_step15000 36 6 9 0.010619517997838557
seed123_P2-bert_step15000 36 7 0 0.009569245972670615
seed123_P2-bert_step15000 36 7 1 0.008112970041111112
seed123_P2-bert_step15000 36 7 2 0.006796422065235674
seed123_P2-bert_step15000 36 7 3 0.006782234995625913
seed123_P2-bert_step15000 36 7 4 0.006766304024495184
seed123_P2-bert_step15000 36 7 5 0.006783006014302373
seed123_P2-bert_step15000 36 7 6 0.006819515954703093
seed123_P2-bert_step15000 36 7 7 0.006777114933356643
seed123_P2-bert_step15000 36 7 8 0.006788066006265581
seed123_P2-bert_step15000 36 7 9 0.006816300097852945
seed123_P2-bert_step15000 36 8 0 0.006609645904973149
seed123_P2-bert_step15000 36 8 1 0.006551283993758261
seed123_P2-bert_step15000 36 8 2 0.006606339011341333
seed123_P2-bert_step15000 36 8 3 0.006553318002261221
seed123_P2-bert_step15000 36 8 4 0.00655729603022337
seed123_P2-bert_step15000 36 8 5 0.006631677038967609
seed123_P2-bert_step15000 36 8 6 0.008250242099165916
seed123_P2-bert_step15000 36 8 7 0.007518387981690466
seed123_P2-bert_step15000 36 8 8 0.006615587044507265
seed123_P2-bert_step15000 36 8 9 0.006643841043114662
seed123_P2-bert_step15000 36 9 0 0.006961476057767868
seed123_P2-bert_step15000 36 9 1 0.006829134072177112
seed123_P2-bert_step15000 36 9 2 0.006796672008931637
seed123_P2-bert_step15000 36 9 3 0.006891242926940322
seed123_P2-bert_step15000 36 9 4 0.0068985369289293885
seed123_P2-bert_step15000 36 9 5 0.006988067063502967
seed123_P2-bert_step15000 36 9 6 0.006767195998691022
seed123_P2-bert_step15000 36 9 7 0.0067381709814071655
seed123_P2-bert_step15000 36 9 8 0.006793636013753712
seed123_P2-bert_step15000 36 9 9 0.006763258017599583
seed123_P2-bert_step15000 40 0 0 0.004031372955068946
seed123_P2-bert_step15000 40 0 1 0.004027365008369088
seed123_P2-bert_step15000 40 0 2 0.00400852900929749
seed123_P2-bert_step15000 40 0 3 0.003997537889517844
seed123_P2-bert_step15000 40 0 4 0.004031181917525828
seed123_P2-bert_step15000 40 0 5 0.004041512031108141
seed123_P2-bert_step15000 40 0 6 0.004015151993371546
seed123_P2-bert_step15000 40 0 7 0.004012787016108632
seed123_P2-bert_step15000 40 0 8 0.004011204000562429
seed123_P2-bert_step15000 40 0 9 0.004031413001939654
seed123_P2-bert_step15000 40 1 0 0.003999942098744214
seed123_P2-bert_step15000 40 1 1 0.004114731913432479
seed123_P2-bert_step15000 40 1 2 0.00576068798545748
seed123_P2-bert_step15000 40 1 3 0.00522539799567312
seed123_P2-bert_step15000 40 1 4 0.004252023063600063
seed123_P2-bert_step15000 40 1 5 0.004055749042890966
seed123_P2-bert_step15000 40 1 6 0.004134037997573614
seed123_P2-bert_step15000 40 1 7 0.004230702994391322
seed123_P2-bert_step15000 40 1 8 0.004264916991814971
seed123_P2-bert_step15000 40 1 9 0.004087699926458299
seed123_P2-bert_step15000 40 2 0 0.004029859905131161
seed123_P2-bert_step15000 40 2 1 0.00401772593613714
seed123_P2-bert_step15000 40 2 2 0.003998960950411856
seed123_P2-bert_step15000 40 2 3 0.004134158021770418
seed123_P2-bert_step15000 40 2 4 0.004157052026130259
seed123_P2-bert_step15000 40 2 5 0.003994502010755241
seed123_P2-bert_step15000 40 2 6 0.003998278989456594
seed123_P2-bert_step15000 40 2 7 0.00400446099229157
seed123_P2-bert_step15000 40 2 8 0.003994081052951515
seed123_P2-bert_step15000 40 2 9 0.0039822489488869905
seed123_P2-bert_step15000 40 3 0 0.003993420046754181
seed123_P2-bert_step15000 40 3 1 0.004002036061137915
seed123_P2-bert_step15000 40 3 2 0.00401121296454221
seed123_P2-bert_step15000 40 3 3 0.003994903061538935
seed123_P2-bert_step15000 40 3 4 0.003996875951997936
seed123_P2-bert_step15000 40 3 5 0.0039996219566091895
seed123_P2-bert_step15000 40 3 6 0.004023256944492459
seed123_P2-bert_step15000 40 3 7 0.00459843291901052
seed123_P2-bert_step15000 40 3 8 0.005636201007291675
seed123_P2-bert_step15000 40 3 9 0.005625399993732572
seed123_P2-bert_step15000 40 4 0 0.0055563789792358875
seed123_P2-bert_step15000 40 4 1 0.004838290042243898
seed123_P2-bert_step15000 40 4 2 0.004030420910567045
seed123_P2-bert_step15000 40 4 3 0.004032425000332296
seed123_P2-bert_step15000 40 4 4 0.004027935094200075
seed123_P2-bert_step15000 40 4 5 0.004033647011965513
seed123_P2-bert_step15000 40 4 6 0.004180687014013529
seed123_P2-bert_step15000 40 4 7 0.004238288034684956
seed123_P2-bert_step15000 40 4 8 0.005570405977778137
seed123_P2-bert_step15000 40 4 9 0.005430229008197784
seed123_P2-bert_step15000 40 5 0 0.004058794933371246
seed123_P2-bert_step15000 40 5 1 0.004115944029763341
seed123_P2-bert_step15000 40 5 2 0.004126963904127479
seed123_P2-bert_step15000 40 5 3 0.004253375926055014
seed123_P2-bert_step15000 40 5 4 0.004066930036060512
seed123_P2-bert_step15000 40 5 5 0.004058795049786568
seed123_P2-bert_step15000 40 5 6 0.004048494971357286
seed123_P2-bert_step15000 40 5 7 0.004111655056476593
seed123_P2-bert_step15000 40 5 8 0.003993399906903505
seed123_P2-bert_step15000 40 5 9 0.004004942951723933
seed123_P2-bert_step15000 40 6 0 0.003993951017037034
seed123_P2-bert_step15000 40 6 1 0.004000293090939522
seed123_P2-bert_step15000 40 6 2 0.004020972992293537
seed123_P2-bert_step15000 40 6 3 0.004028857918456197
seed123_P2-bert_step15000 40 6 4 0.004039929015561938
seed123_P2-bert_step15000 40 6 5 0.004031994030810893
seed123_P2-bert_step15000 40 6 6 0.0040183080127462745
seed123_P2-bert_step15000 40 6 7 0.004024429013952613
seed123_P2-bert_step15000 40 6 8 0.004035710939206183
seed123_P2-bert_step15000 40 6 9 0.004029719973914325
seed123_P2-bert_step15000 40 7 0 0.004033637000247836
seed123_P2-bert_step15000 40 7 1 0.004000863991677761
seed123_P2-bert_step15000 40 7 2 0.004037974984385073
seed123_P2-bert_step15000 40 7 3 0.004018306965008378
seed123_P2-bert_step15000 40 7 4 0.004025632049888372
seed123_P2-bert_step15000 40 7 5 0.004025531001389027
seed123_P2-bert_step15000 40 7 6 0.004028446972370148
seed123_P2-bert_step15000 40 7 7 0.004059685976244509
seed123_P2-bert_step15000 40 7 8 0.0040021659806370735
seed123_P2-bert_step15000 40 7 9 0.0040229459991678596
seed123_P2-bert_step15000 40 8 0 0.003920941962860525
seed123_P2-bert_step15000 40 8 1 0.0038907239213585854
seed123_P2-bert_step15000 40 8 2 0.0038860359927639365
seed123_P2-bert_step15000 40 8 3 0.0038799640024080873
seed123_P2-bert_step15000 40 8 4 0.004181608906947076
seed123_P2-bert_step15000 40 8 5 0.0051683689234778285
seed123_P2-bert_step15000 40 8 6 0.004964841995388269
seed123_P2-bert_step15000 40 8 7 0.003917024936527014
seed123_P2-bert_step15000 40 8 8 0.0038757460424676538
seed123_P2-bert_step15000 40 8 9 0.0039016760420054197
seed123_P2-bert_step15000 40 9 0 0.0038837420288473368
seed123_P2-bert_step15000 40 9 1 0.004292669938877225
seed123_P2-bert_step15000 40 9 2 0.005491205025464296
seed123_P2-bert_step15000 40 9 3 0.005335227935574949
seed123_P2-bert_step15000 40 9 4 0.003954175976105034
seed123_P2-bert_step15000 40 9 5 0.0038798139430582523
seed123_P2-bert_step15000 40 9 6 0.003906504018232226
seed123_P2-bert_step15000 40 9 7 0.0039885001024231315
seed123_P2-bert_step15000 40 9 8 0.003911523963324726
seed123_P2-bert_step15000 40 9 9 0.003999312059022486
seed123_P2-bert_step15000 47 0 0 0.07205007399898022
seed123_P2-bert_step15000 47 0 1 0.06967609107960016
seed123_P2-bert_step15000 47 0 2 0.06272891093976796
seed123_P2-bert_step15000 47 0 3 0.06179304898250848
seed123_P2-bert_step15000 47 0 4 0.06115584401413798
seed123_P2-bert_step15000 47 0 5 0.06220827007200569
seed123_P2-bert_step15000 47 0 6 0.06528281909413636
seed123_P2-bert_step15000 47 0 7 0.06410553492605686
seed123_P2-bert_step15000 47 0 8 0.06509472103789449
seed123_P2-bert_step15000 47 0 9 0.06275601300876588
seed123_P2-bert_step15000 47 1 0 0.06321637099608779
seed123_P2-bert_step15000 47 1 1 0.06144293106626719
seed123_P2-bert_step15000 47 1 2 0.06118782504927367
seed123_P2-bert_step15000 47 1 3 0.06590410193894058
seed123_P2-bert_step15000 47 1 4 0.06078970700036734
seed123_P2-bert_step15000 47 1 5 0.06368711800314486
seed123_P2-bert_step15000 47 1 6 0.06662500696256757
seed123_P2-bert_step15000 47 1 7 0.06235667294822633
seed123_P2-bert_step15000 47 1 8 0.06248684099409729
seed123_P2-bert_step15000 47 1 9 0.061636380036361516
seed123_P2-bert_step15000 47 2 0 0.06653839093632996
seed123_P2-bert_step15000 47 2 1 0.060603981954045594
seed123_P2-bert_step15000 47 2 2 0.0631496439455077
seed123_P2-bert_step15000 47 2 3 0.05974500603042543
seed123_P2-bert_step15000 47 2 4 0.06528185796923935
seed123_P2-bert_step15000 47 2 5 0.06622827996034175
seed123_P2-bert_step15000 47 2 6 0.061729548033326864
seed123_P2-bert_step15000 47 2 7 0.06322547805029899
seed123_P2-bert_step15000 47 2 8 0.06095485098194331
seed123_P2-bert_step15000 47 2 9 0.06206639902666211
seed123_P2-bert_step15000 47 3 0 0.06164095795247704
seed123_P2-bert_step15000 47 3 1 0.06325517501682043
seed123_P2-bert_step15000 47 3 2 0.06677617505192757
seed123_P2-bert_step15000 47 3 3 0.06530985003337264
seed123_P2-bert_step15000 47 3 4 0.06146208895370364
seed123_P2-bert_step15000 47 3 5 0.06350247492082417
seed123_P2-bert_step15000 47 3 6 0.061417654040269554
seed123_P2-bert_step15000 47 3 7 0.06834413402248174
seed123_P2-bert_step15000 47 3 8 0.05980702396482229
seed123_P2-bert_step15000 47 3 9 0.06201469199731946
seed123_P2-bert_step15000 47 4 0 0.06845623604021966
seed123_P2-bert_step15000 47 4 1 0.06255081202834845
seed123_P2-bert_step15000 47 4 2 0.06422461301553994
seed123_P2-bert_step15000 47 4 3 0.06072193698491901
seed123_P2-bert_step15000 47 4 4 0.06430573808029294
seed123_P2-bert_step15000 47 4 5 0.06228877301327884
seed123_P2-bert_step15000 47 4 6 0.06488483096472919
seed123_P2-bert_step15000 47 4 7 0.06399053707718849
seed123_P2-bert_step15000 47 4 8 0.062470680102705956
seed123_P2-bert_step15000 47 4 9 0.06592819909565151
seed123_P2-bert_step15000 47 5 0 0.061192363034933805
seed123_P2-bert_step15000 47 5 1 0.065232302993536
seed123_P2-bert_step15000 47 5 2 0.06721164495684206
seed123_P2-bert_step15000 47 5 3 0.06263122602831572
seed123_P2-bert_step15000 47 5 4 0.06192401796579361
seed123_P2-bert_step15000 47 5 5 0.06633189902640879
seed123_P2-bert_step15000 47 5 6 0.06462135899346322
seed123_P2-bert_step15000 47 5 7 0.06548008497338742
seed123_P2-bert_step15000 47 5 8 0.0639244420453906
seed123_P2-bert_step15000 47 5 9 0.06771089602261782
seed123_P2-bert_step15000 47 6 0 0.06176583794876933
seed123_P2-bert_step15000 47 6 1 0.06486958207096905
seed123_P2-bert_step15000 47 6 2 0.06912042200565338
seed123_P2-bert_step15000 47 6 3 0.07177713606506586
seed123_P2-bert_step15000 47 6 4 0.08995379507541656
seed123_P2-bert_step15000 47 6 5 0.07368587306700647
seed123_P2-bert_step15000 47 6 6 0.07047917193267494
seed123_P2-bert_step15000 47 6 7 0.06059195997659117
seed123_P2-bert_step15000 47 6 8 0.06568730005528778
seed123_P2-bert_step15000 47 6 9 0.065156718948856
seed123_P2-bert_step15000 47 7 0 0.06211304001044482
seed123_P2-bert_step15000 47 7 1 0.06854478607419878
seed123_P2-bert_step15000 47 7 2 0.06713215401396155
seed123_P2-bert_step15000 47 7 3 0.06548687804024667
seed123_P2-bert_step15000 47 7 4 0.0606385690625757
seed123_P2-bert_step15000 47 7 5 0.06224024202674627
seed123_P2-bert_step15000 47 7 6 0.06205548997968435
seed123_P2-bert_step15000 47 7 7 0.06296091398689896
seed123_P2-bert_step15000 47 7 8 0.06506946193985641
seed123_P2-bert_step15000 47 7 9 0.06523606099653989
seed123_P2-bert_step15000 47 8 0 0.06284216896165162
seed123_P2-bert_step15000 47 8 1 0.061099917977117
seed123_P2-bert_step15000 47 8 2 0.0641374581027776
seed123_P2-bert_step15000 47 8 3 0.06337127694860101
seed123_P2-bert_step15000 47 8 4 0.06039308093022555
seed123_P2-bert_step15000 47 8 5 0.06347189901862293
seed123_P2-bert_step15000 47 8 6 0.06085407000500709
seed123_P2-bert_step15000 47 8 7 0.06860580306965858
seed123_P2-bert_step15000 47 8 8 0.06300723308231682
seed123_P2-bert_step15000 47 8 9 0.06245240499265492
seed123_P2-bert_step15000 47 9 0 0.06466338003519922
seed123_P2-bert_step15000 47 9 1 0.06150221498683095
seed123_P2-bert_step15000 47 9 2 0.0642428380670026
seed123_P2-bert_step15000 47 9 3 0.060837317956611514
seed123_P2-bert_step15000 47 9 4 0.06130055000539869
seed123_P2-bert_step15000 47 9 5 0.07644410897046328
seed123_P2-bert_step15000 47 9 6 0.06753422098699957
seed123_P2-bert_step15000 47 9 7 0.06650507904123515
seed123_P2-bert_step15000 47 9 8 0.06065348791889846
seed123_P2-bert_step15000 47 9 9 0.0630624289624393
seed123_P2-bert_step15000 51 0 0 0.027297409949824214
seed123_P2-bert_step15000 51 0 1 0.0239540800685063
seed123_P2-bert_step15000 51 0 2 0.02484274306334555
seed123_P2-bert_step15000 51 0 3 0.026072546956129372
seed123_P2-bert_step15000 51 0 4 0.02546963805798441
seed123_P2-bert_step15000 51 0 5 0.02490339905489236
seed123_P2-bert_step15000 51 0 6 0.02361448190640658
seed123_P2-bert_step15000 51 0 7 0.0229904429288581
seed123_P2-bert_step15000 51 0 8 0.023560359026305377
seed123_P2-bert_step15000 51 0 9 0.023010481032542884
seed123_P2-bert_step15000 51 1 0 0.022922332980670035
seed123_P2-bert_step15000 51 1 1 0.025076557998545468
seed123_P2-bert_step15000 51 1 2 0.02363289799541235
seed123_P2-bert_step15000 51 1 3 0.022234361968003213
seed123_P2-bert_step15000 51 1 4 0.023340590065345168
seed123_P2-bert_step15000 51 1 5 0.022872016998007894
seed123_P2-bert_step15000 51 1 6 0.022275040042586625
seed123_P2-bert_step15000 51 1 7 0.023939681937918067
seed123_P2-bert_step15000 51 1 8 0.024116298998706043
seed123_P2-bert_step15000 51 1 9 0.022687384975142777
seed123_P2-bert_step15000 51 2 0 0.022481032996438444
seed123_P2-bert_step15000 51 2 1 0.022446946939453483
seed123_P2-bert_step15000 51 2 2 0.026942235068418086
seed123_P2-bert_step15000 51 2 3 0.026281764963641763
seed123_P2-bert_step15000 51 2 4 0.027408541995100677
seed123_P2-bert_step15000 51 2 5 0.02747491910122335
seed123_P2-bert_step15000 51 2 6 0.023771902080625296
seed123_P2-bert_step15000 51 2 7 0.023792720981873572
seed123_P2-bert_step15000 51 2 8 0.02314869500696659
seed123_P2-bert_step15000 51 2 9 0.02386693295557052
seed123_P2-bert_step15000 51 3 0 0.02663971809670329
seed123_P2-bert_step15000 51 3 1 0.02490582305472344
seed123_P2-bert_step15000 51 3 2 0.023346991976723075
seed123_P2-bert_step15000 51 3 3 0.023401536978781223
seed123_P2-bert_step15000 51 3 4 0.023102386039681733
seed123_P2-bert_step15000 51 3 5 0.025791811989620328
seed123_P2-bert_step15000 51 3 6 0.024522333056665957
seed123_P2-bert_step15000 51 3 7 0.02596290793735534
seed123_P2-bert_step15000 51 3 8 0.024570724926888943
seed123_P2-bert_step15000 51 3 9 0.023364827036857605
seed123_P2-bert_step15000 51 4 0 0.023983185063116252
seed123_P2-bert_step15000 51 4 1 0.026444885996170342
seed123_P2-bert_step15000 51 4 2 0.025461682002060115
seed123_P2-bert_step15000 51 4 3 0.025980620994232595
seed123_P2-bert_step15000 51 4 4 0.022826740983873606
seed123_P2-bert_step15000 51 4 5 0.02264852193184197
seed123_P2-bert_step15000 51 4 6 0.022362726973369718
seed123_P2-bert_step15000 51 4 7 0.024079808965325356
seed123_P2-bert_step15000 51 4 8 0.023644068045541644
seed123_P2-bert_step15000 51 4 9 0.022977428045123816
seed123_P2-bert_step15000 51 5 0 0.023736574919894338
seed123_P2-bert_step15000 51 5 1 0.022857521078549325
seed123_P2-bert_step15000 51 5 2 0.022775643039494753
seed123_P2-bert_step15000 51 5 3 0.025107005960308015
seed123_P2-bert_step15000 51 5 4 0.024455185048282146
seed123_P2-bert_step15000 51 5 5 0.023520493996329606
seed123_P2-bert_step15000 51 5 6 0.02255323901772499
seed123_P2-bert_step15000 51 5 7 0.023806768003851175
seed123_P2-bert_step15000 51 5 8 0.024894322035834193
seed123_P2-bert_step15000 51 5 9 0.024727964075282216
seed123_P2-bert_step15000 51 6 0 0.024359532981179655
seed123_P2-bert_step15000 51 6 1 0.02259067096747458
seed123_P2-bert_step15000 51 6 2 0.023546201991848648
seed123_P2-bert_step15000 51 6 3 0.02523181401193142
seed123_P2-bert_step15000 51 6 4 0.026688751066103578
seed123_P2-bert_step15000 51 6 5 0.02514782501384616
seed123_P2-bert_step15000 51 6 6 0.024837322998791933
seed123_P2-bert_step15000 51 6 7 0.023480116040445864
seed123_P2-bert_step15000 51 6 8 0.023706358042545617
seed123_P2-bert_step15000 51 6 9 0.0225436519831419
seed123_P2-bert_step15000 51 7 0 0.02348578698001802
seed123_P2-bert_step15000 51 7 1 0.024423153954558074
seed123_P2-bert_step15000 51 7 2 0.02483911591116339
seed123_P2-bert_step15000 51 7 3 0.023602540022693574
seed123_P2-bert_step15000 51 7 4 0.022777036065235734
seed123_P2-bert_step15000 51 7 5 0.02237700403202325
seed123_P2-bert_step15000 51 7 6 0.02296052605379373
seed123_P2-bert_step15000 51 7 7 0.02557182207237929
seed123_P2-bert_step15000 51 7 8 0.024689942016266286
seed123_P2-bert_step15000 51 7 9 0.023557715001516044
seed123_P2-bert_step15000 51 8 0 0.02305890410207212
seed123_P2-bert_step15000 51 8 1 0.023883254965767264
seed123_P2-bert_step15000 51 8 2 0.02318617608398199
seed123_P2-bert_step15000 51 8 3 0.025690559996291995
seed123_P2-bert_step15000 51 8 4 0.02658809896092862
seed123_P2-bert_step15000 51 8 5 0.026101231924258173
seed123_P2-bert_step15000 51 8 6 0.02373504196293652
seed123_P2-bert_step15000 51 8 7 0.02304640004877001
seed123_P2-bert_step15000 51 8 8 0.0225790380500257
seed123_P2-bert_step15000 51 8 9 0.022322661010548472
seed123_P2-bert_step15000 51 9 0 0.025649489951319993
seed123_P2-bert_step15000 51 9 1 0.024329034029506147
seed123_P2-bert_step15000 51 9 2 0.022749373922124505
seed123_P2-bert_step15000 51 9 3 0.02225113392341882
seed123_P2-bert_step15000 51 9 4 0.022702314076013863
seed123_P2-bert_step15000 51 9 5 0.022924326010979712
seed123_P2-bert_step15000 51 9 6 0.02292499889153987
seed123_P2-bert_step15000 51 9 7 0.027757326955907047
seed123_P2-bert_step15000 51 9 8 0.025557034998200834
seed123_P2-bert_step15000 51 9 9 0.02345407591201365
seed123_P2-bert_step15000 52 0 0 0.8084552239160985
seed123_P2-bert_step15000 52 0 1 0.8118188160005957
seed123_P2-bert_step15000 52 0 2 0.7914075679145753
seed123_P2-bert_step15000 52 0 3 0.7922872370108962
seed123_P2-bert_step15000 52 0 4 0.8010947229340672
seed123_P2-bert_step15000 52 0 5 0.8206624059239402
seed123_P2-bert_step15000 52 0 6 0.8059133589267731
seed123_P2-bert_step15000 52 0 7 0.7988733049714938
seed123_P2-bert_step15000 52 0 8 0.8241457779658958
seed123_P2-bert_step15000 52 0 9 0.8481385940685868
seed123_P2-bert_step15000 52 1 0 0.7920326539315283
seed123_P2-bert_step15000 52 1 1 0.7920732119819149
seed123_P2-bert_step15000 52 1 2 0.7856743989977986
seed123_P2-bert_step15000 52 1 3 0.7975178410997614
seed123_P2-bert_step15000 52 1 4 0.8075364551041275
seed123_P2-bert_step15000 52 1 5 0.8347615120001137
seed123_P2-bert_step15000 52 1 6 0.8037634680513293
seed123_P2-bert_step15000 52 1 7 0.8098607889842242
seed123_P2-bert_step15000 52 1 8 0.8092999130021781
seed123_P2-bert_step15000 52 1 9 0.8142353100702167
seed123_P2-bert_step15000 52 2 0 0.7992010100279003
seed123_P2-bert_step15000 52 2 1 0.8028884589439258
seed123_P2-bert_step15000 52 2 2 0.8260066689690575
seed123_P2-bert_step15000 52 2 3 0.8143872660584748
seed123_P2-bert_step15000 52 2 4 0.809733729925938
seed123_P2-bert_step15000 52 2 5 0.8209477920318022
seed123_P2-bert_step15000 52 2 6 0.8278821490239352
seed123_P2-bert_step15000 52 2 7 0.8364211339503527
seed123_P2-bert_step15000 52 2 8 0.8340311819920316
seed123_P2-bert_step15000 52 2 9 0.8335078150266781
seed123_P2-bert_step15000 52 3 0 0.8254703100537881
seed123_P2-bert_step15000 52 3 1 0.822313976008445
seed123_P2-bert_step15000 52 3 2 0.83424971497152
seed123_P2-bert_step15000 52 3 3 0.8020596189890057
seed123_P2-bert_step15000 52 3 4 0.8017038020770997
seed123_P2-bert_step15000 52 3 5 0.8176964529557154
seed123_P2-bert_step15000 52 3 6 0.8283082080306485
seed123_P2-bert_step15000 52 3 7 0.829231298994273
seed123_P2-bert_step15000 52 3 8 0.7819539089687169
seed123_P2-bert_step15000 52 3 9 0.8202401170274243
seed123_P2-bert_step15000 52 4 0 0.8038247040240094
seed123_P2-bert_step15000 52 4 1 0.8079757869709283
seed123_P2-bert_step15000 52 4 2 0.8335137480171397
seed123_P2-bert_step15000 52 4 3 0.8065652709919959
seed123_P2-bert_step15000 52 4 4 0.8008842159761116
seed123_P2-bert_step15000 52 4 5 0.8031982970423996
seed123_P2-bert_step15000 52 4 6 0.7868697709636763
seed123_P2-bert_step15000 52 4 7 0.8213448940077797
seed123_P2-bert_step15000 52 4 8 0.8144640530226752
seed123_P2-bert_step15000 52 4 9 0.8012854380067438
seed123_P2-bert_step15000 52 5 0 0.8281042509479448
seed123_P2-bert_step15000 52 5 1 0.7961125420406461
seed123_P2-bert_step15000 52 5 2 0.8097927459748462
seed123_P2-bert_step15000 52 5 3 0.8326614539837465
seed123_P2-bert_step15000 52 5 4 0.820165065000765
seed123_P2-bert_step15000 52 5 5 0.831007903907448
seed123_P2-bert_step15000 52 5 6 0.8154074340127409
seed123_P2-bert_step15000 52 5 7 0.8326085190055892
seed123_P2-bert_step15000 52 5 8 0.8050396670587361
seed123_P2-bert_step15000 52 5 9 0.8113353669177741
seed123_P2-bert_step15000 52 6 0 0.8276799279265106
seed123_P2-bert_step15000 52 6 1 0.815318692009896
seed123_P2-bert_step15000 52 6 2 0.8377401740290225
seed123_P2-bert_step15000 52 6 3 0.8186259680660442
seed123_P2-bert_step15000 52 6 4 0.826212830026634
seed123_P2-bert_step15000 52 6 5 0.8219173930119723
seed123_P2-bert_step15000 52 6 6 0.8337453779531643
seed123_P2-bert_step15000 52 6 7 0.8301021060906351
seed123_P2-bert_step15000 52 6 8 0.8166898160707206
seed123_P2-bert_step15000 52 6 9 0.8157164220465347
seed123_P2-bert_step15000 52 7 0 0.8270593009656295
seed123_P2-bert_step15000 52 7 1 0.8176280689658597
seed123_P2-bert_step15000 52 7 2 0.8320779890054837
seed123_P2-bert_step15000 52 7 3 0.8272471739910543
seed123_P2-bert_step15000 52 7 4 0.8297707650344819
seed123_P2-bert_step15000 52 7 5 0.8015970819396898
seed123_P2-bert_step15000 52 7 6 0.8109553680988029
seed123_P2-bert_step15000 52 7 7 0.8137886699987575
seed123_P2-bert_step15000 52 7 8 0.81350901897531
seed123_P2-bert_step15000 52 7 9 0.8251253500347957
seed123_P2-bert_step15000 52 8 0 0.8340984230162576
seed123_P2-bert_step15000 52 8 1 0.8230797640280798
seed123_P2-bert_step15000 52 8 2 0.8559414260089397
seed123_P2-bert_step15000 52 8 3 0.830626099021174
seed123_P2-bert_step15000 52 8 4 0.844277448952198
seed123_P2-bert_step15000 52 8 5 0.8140992739936337
seed123_P2-bert_step15000 52 8 6 0.8300362499430776
seed123_P2-bert_step15000 52 8 7 0.8133261530892923
seed123_P2-bert_step15000 52 8 8 0.8289022620301694
seed123_P2-bert_step15000 52 8 9 0.8052888190140948
seed123_P2-bert_step15000 52 9 0 0.831258223974146
seed123_P2-bert_step15000 52 9 1 0.8061750599881634
seed123_P2-bert_step15000 52 9 2 0.8154587760800496
seed123_P2-bert_step15000 52 9 3 0.8055230199825019
seed123_P2-bert_step15000 52 9 4 0.827280699973926
seed123_P2-bert_step15000 52 9 5 0.8152738870121539
seed123_P2-bert_step15000 52 9 6 0.8211387870833278
seed123_P2-bert_step15000 52 9 7 0.8232552020344883
seed123_P2-bert_step15000 52 9 8 0.8119752749335021
seed123_P2-bert_step15000 52 9 9 0.82653563702479
seed123_P2-bert_step15000 56 0 0 0.01859965897165239
seed123_P2-bert_step15000 56 0 1 0.017191946040838957
seed123_P2-bert_step15000 56 0 2 0.019943038932979107
seed123_P2-bert_step15000 56 0 3 0.017184691969305277
seed123_P2-bert_step15000 56 0 4 0.017185995006002486
seed123_P2-bert_step15000 56 0 5 0.018083214992657304
seed123_P2-bert_step15000 56 0 6 0.01835510297678411
seed123_P2-bert_step15000 56 0 7 0.01928876305464655
seed123_P2-bert_step15000 56 0 8 0.01795519096776843
seed123_P2-bert_step15000 56 0 9 0.017177239060401917
seed123_P2-bert_step15000 56 1 0 0.017624511034227908
seed123_P2-bert_step15000 56 1 1 0.01720236602704972
seed123_P2-bert_step15000 56 1 2 0.017202386050485075
seed123_P2-bert_step15000 56 1 3 0.018191320006735623
seed123_P2-bert_step15000 56 1 4 0.018989451928064227
seed123_P2-bert_step15000 56 1 5 0.01859775499906391
seed123_P2-bert_step15000 56 1 6 0.017395835020579398
seed123_P2-bert_step15000 56 1 7 0.01888428197707981
seed123_P2-bert_step15000 56 1 8 0.01765532896388322
seed123_P2-bert_step15000 56 1 9 0.018565563950687647
seed123_P2-bert_step15000 56 2 0 0.018840558012016118
seed123_P2-bert_step15000 56 2 1 0.01960705895908177
seed123_P2-bert_step15000 56 2 2 0.019863547990098596
seed123_P2-bert_step15000 56 2 3 0.019553877995349467
seed123_P2-bert_step15000 56 2 4 0.019089984009042382
seed123_P2-bert_step15000 56 2 5 0.018760134931653738
seed123_P2-bert_step15000 56 2 6 0.018485671025700867
seed123_P2-bert_step15000 56 2 7 0.017208387958817184
seed123_P2-bert_step15000 56 2 8 0.017192546976730227
seed123_P2-bert_step15000 56 2 9 0.01723341492470354
seed123_P2-bert_step15000 56 3 0 0.017936185002326965
seed123_P2-bert_step15000 56 3 1 0.018482816056348383
seed123_P2-bert_step15000 56 3 2 0.01787007797975093
seed123_P2-bert_step15000 56 3 3 0.017645069980062544
seed123_P2-bert_step15000 56 3 4 0.01723416696768254
seed123_P2-bert_step15000 56 3 5 0.017109910026192665
seed123_P2-bert_step15000 56 3 6 0.017008226015605032
seed123_P2-bert_step15000 56 3 7 0.01712093991227448
seed123_P2-bert_step15000 56 3 8 0.017062358907423913
seed123_P2-bert_step15000 56 3 9 0.018666556919924915
seed123_P2-bert_step15000 56 4 0 0.018627320998348296
seed123_P2-bert_step15000 56 4 1 0.017579545034095645
seed123_P2-bert_step15000 56 4 2 0.017251048935577273
seed123_P2-bert_step15000 56 4 3 0.0180573450634256
seed123_P2-bert_step15000 56 4 4 0.017363143037073314
seed123_P2-bert_step15000 56 4 5 0.017223746981471777
seed123_P2-bert_step15000 56 4 6 0.017462693038396537
seed123_P2-bert_step15000 56 4 7 0.017204580013640225
seed123_P2-bert_step15000 56 4 8 0.01900655496865511
seed123_P2-bert_step15000 56 4 9 0.018412763951346278
seed123_P2-bert_step15000 56 5 0 0.018536759074777365
seed123_P2-bert_step15000 56 5 1 0.018018672009930015
seed123_P2-bert_step15000 56 5 2 0.01872259401716292
seed123_P2-bert_step15000 56 5 3 0.01854049600660801
seed123_P2-bert_step15000 56 5 4 0.017274413956329226
seed123_P2-bert_step15000 56 5 5 0.01701971795409918
seed123_P2-bert_step15000 56 5 6 0.01695922203361988
seed123_P2-bert_step15000 56 5 7 0.01703711098525673
seed123_P2-bert_step15000 56 5 8 0.017229067045263946
seed123_P2-bert_step15000 56 5 9 0.01719698600936681
seed123_P2-bert_step15000 56 6 0 0.01695031498093158
seed123_P2-bert_step15000 56 6 1 0.0169835789129138
seed123_P2-bert_step15000 56 6 2 0.016942271031439304
seed123_P2-bert_step15000 56 6 3 0.01692561898380518
seed123_P2-bert_step15000 56 6 4 0.01692906499374658
seed123_P2-bert_step15000 56 6 5 0.016940586967393756
seed123_P2-bert_step15000 56 6 6 0.016963090049102902
seed123_P2-bert_step15000 56 6 7 0.017034066026099026
seed123_P2-bert_step15000 56 6 8 0.016998638049699366
seed123_P2-bert_step15000 56 6 9 0.016928252996876836
seed123_P2-bert_step15000 56 7 0 0.016975603997707367
seed123_P2-bert_step15000 56 7 1 0.016957959975115955
seed123_P2-bert_step15000 56 7 2 0.017296405043452978
seed123_P2-bert_step15000 56 7 3 0.01704277202952653
seed123_P2-bert_step15000 56 7 4 0.01760970300529152
seed123_P2-bert_step15000 56 7 5 0.0178150039864704
seed123_P2-bert_step15000 56 7 6 0.018705009948462248
seed123_P2-bert_step15000 56 7 7 0.017830763943493366
seed123_P2-bert_step15000 56 7 8 0.01730488205794245
seed123_P2-bert_step15000 56 7 9 0.01767609897069633
seed123_P2-bert_step15000 56 8 0 0.019640443031676114
seed123_P2-bert_step15000 56 8 1 0.017255316954106092
seed123_P2-bert_step15000 56 8 2 0.017185142962262034
seed123_P2-bert_step15000 56 8 3 0.017210340942256153
seed123_P2-bert_step15000 56 8 4 0.01743511890526861
seed123_P2-bert_step15000 56 8 5 0.01806512998882681
seed123_P2-bert_step15000 56 8 6 0.01753989001736045
seed123_P2-bert_step15000 56 8 7 0.017192546976730227
seed123_P2-bert_step15000 56 8 8 0.017414349946193397
seed123_P2-bert_step15000 56 8 9 0.017833599005825818
seed123_P2-bert_step15000 56 9 0 0.017285533947870135
seed123_P2-bert_step15000 56 9 1 0.017205471987836063
seed123_P2-bert_step15000 56 9 2 0.017020027968101203
seed123_P2-bert_step15000 56 9 3 0.017093478003516793
seed123_P2-bert_step15000 56 9 4 0.018265892984345555
seed123_P2-bert_step15000 56 9 5 0.0179752690019086
seed123_P2-bert_step15000 56 9 6 0.017964659025892615
seed123_P2-bert_step15000 56 9 7 0.017470366088673472
seed123_P2-bert_step15000 56 9 8 0.017381798941642046
seed123_P2-bert_step15000 56 9 9 0.017192938015796244
seed123_P2-bert_step15000 62 0 0 0.29853395803365856
seed123_P2-bert_step15000 62 0 1 0.30689423298463225
seed123_P2-bert_step15000 62 0 2 0.2928089280612767
seed123_P2-bert_step15000 62 0 3 0.2986658309819177
seed123_P2-bert_step15000 62 0 4 0.28965324291493744
seed123_P2-bert_step15000 62 0 5 0.28701047599315643
seed123_P2-bert_step15000 62 0 6 0.31138611503411084
seed123_P2-bert_step15000 62 0 7 0.29275923303794116
seed123_P2-bert_step15000 62 0 8 0.2866994849173352
seed123_P2-bert_step15000 62 0 9 0.28789648599922657
seed123_P2-bert_step15000 62 1 0 0.2905113799497485
seed123_P2-bert_step15000 62 1 1 0.2913645070511848
seed123_P2-bert_step15000 62 1 2 0.29550972708966583
seed123_P2-bert_step15000 62 1 3 0.29364398098550737
seed123_P2-bert_step15000 62 1 4 0.3054609540849924
seed123_P2-bert_step15000 62 1 5 0.2875055109616369
seed123_P2-bert_step15000 62 1 6 0.2963636158965528
seed123_P2-bert_step15000 62 1 7 0.28880198299884796
seed123_P2-bert_step15000 62 1 8 0.2923927978845313
seed123_P2-bert_step15000 62 1 9 0.30469987296964973
seed123_P2-bert_step15000 62 2 0 0.2901882060104981
seed123_P2-bert_step15000 62 2 1 0.2955661970190704
seed123_P2-bert_step15000 62 2 2 0.28877242701128125
seed123_P2-bert_step15000 62 2 3 0.2932526469230652
seed123_P2-bert_step15000 62 2 4 0.2958440959919244
seed123_P2-bert_step15000 62 2 5 0.285802487982437
seed123_P2-bert_step15000 62 2 6 0.2972555470187217
seed123_P2-bert_step15000 62 2 7 0.2908844950143248
seed123_P2-bert_step15000 62 2 8 0.29104709392413497
seed123_P2-bert_step15000 62 2 9 0.28270621702540666
seed123_P2-bert_step15000 62 3 0 0.28462366305757314
seed123_P2-bert_step15000 62 3 1 0.2842957270331681
seed123_P2-bert_step15000 62 3 2 0.2887520210351795
seed123_P2-bert_step15000 62 3 3 0.2893399619497359
seed123_P2-bert_step15000 62 3 4 0.29916017898358405
seed123_P2-bert_step15000 62 3 5 0.3061326069291681
seed123_P2-bert_step15000 62 3 6 0.28580343106295913
seed123_P2-bert_step15000 62 3 7 0.28879500401671976
seed123_P2-bert_step15000 62 3 8 0.27889542595949024
seed123_P2-bert_step15000 62 3 9 0.30259234097320586
seed123_P2-bert_step15000 62 4 0 0.29594461095985025
seed123_P2-bert_step15000 62 4 1 0.3061951990239322
seed123_P2-bert_step15000 62 4 2 0.2891547699691728
seed123_P2-bert_step15000 62 4 3 0.2842048369348049
seed123_P2-bert_step15000 62 4 4 0.291480373009108
seed123_P2-bert_step15000 62 4 5 0.28728054801467806
seed123_P2-bert_step15000 62 4 6 0.2939836750738323
seed123_P2-bert_step15000 62 4 7 0.28681870899163187
seed123_P2-bert_step15000 62 4 8 0.28988853900227696
seed123_P2-bert_step15000 62 4 9 0.28607272694353014
seed123_P2-bert_step15000 62 5 0 0.2871288900496438
seed123_P2-bert_step15000 62 5 1 0.29291949793696404
seed123_P2-bert_step15000 62 5 2 0.3047211599769071
seed123_P2-bert_step15000 62 5 3 0.29173688299488276
seed123_P2-bert_step15000 62 5 4 0.2911920449696481
seed123_P2-bert_step15000 62 5 5 0.2916651569539681
seed123_P2-bert_step15000 62 5 6 0.2939799290616065
seed123_P2-bert_step15000 62 5 7 0.28169183898717165
seed123_P2-bert_step15000 62 5 8 0.29183117393404245
seed123_P2-bert_step15000 62 5 9 0.28318131796550006
seed123_P2-bert_step15000 62 6 0 0.2882148319622502
seed123_P2-bert_step15000 62 6 1 0.29871937399730086
seed123_P2-bert_step15000 62 6 2 0.3040825050557032
seed123_P2-bert_step15000 62 6 3 0.3024367680773139
seed123_P2-bert_step15000 62 6 4 0.2892992290435359
seed123_P2-bert_step15000 62 6 5 0.2989656339632347
seed123_P2-bert_step15000 62 6 6 0.29289448296185583
seed123_P2-bert_step15000 62 6 7 0.29116835293825716
seed123_P2-bert_step15000 62 6 8 0.2964149920735508
seed123_P2-bert_step15000 62 6 9 0.2889211199944839
seed123_P2-bert_step15000 62 7 0 0.29478104901500046
seed123_P2-bert_step15000 62 7 1 0.28126572899054736
seed123_P2-bert_step15000 62 7 2 0.29016277694609016
seed123_P2-bert_step15000 62 7 3 0.28553751204162836
seed123_P2-bert_step15000 62 7 4 0.28349091997370124
seed123_P2-bert_step15000 62 7 5 0.2874846128979698
seed123_P2-bert_step15000 62 7 6 0.28525055607315153
seed123_P2-bert_step15000 62 7 7 0.295487295021303
seed123_P2-bert_step15000 62 7 8 0.2884520979132503
seed123_P2-bert_step15000 62 7 9 0.291256272001192
seed123_P2-bert_step15000 62 8 0 0.28723300399724394
seed123_P2-bert_step15000 62 8 1 0.2882780870422721
seed123_P2-bert_step15000 62 8 2 0.2894353020237759
seed123_P2-bert_step15000 62 8 3 0.28858707600738853
seed123_P2-bert_step15000 62 8 4 0.28693170100450516
seed123_P2-bert_step15000 62 8 5 0.2837670890148729
seed123_P2-bert_step15000 62 8 6 0.28601230902131647
seed123_P2-bert_step15000 62 8 7 0.2916388129815459
seed123_P2-bert_step15000 62 8 8 0.2948053190484643
seed123_P2-bert_step15000 62 8 9 0.29558697796892375
seed123_P2-bert_step15000 62 9 0 0.29217854200396687
seed123_P2-bert_step15000 62 9 1 0.2859508420806378
seed123_P2-bert_step15000 62 9 2 0.28740124707110226
seed123_P2-bert_step15000 62 9 3 0.2962123709730804
seed123_P2-bert_step15000 62 9 4 0.2829349439125508
seed123_P2-bert_step15000 62 9 5 0.29720656597055495
seed123_P2-bert_step15000 62 9 6 0.28776565205771476
seed123_P2-bert_step15000 62 9 7 0.2967986789299175
seed123_P2-bert_step15000 62 9 8 0.28871241596061736
seed123_P2-bert_step15000 62 9 9 0.29055674304254353
seed123_P2-bert_step15000 64 0 0 0.18520202999934554
seed123_P2-bert_step15000 64 0 1 0.16990488290321082
seed123_P2-bert_step15000 64 0 2 0.16990266903303564
seed123_P2-bert_step15000 64 0 3 0.1765898650046438
seed123_P2-bert_step15000 64 0 4 0.16834952996578068
seed123_P2-bert_step15000 64 0 5 0.17293219396378845
seed123_P2-bert_step15000 64 0 6 0.17873509402852505
seed123_P2-bert_step15000 64 0 7 0.17536168498918414
seed123_P2-bert_step15000 64 0 8 0.17136387596838176
seed123_P2-bert_step15000 64 0 9 0.17056104401126504
seed123_P2-bert_step15000 64 1 0 0.17762174201197922
seed123_P2-bert_step15000 64 1 1 0.17368822603020817
seed123_P2-bert_step15000 64 1 2 0.17187059100251645
seed123_P2-bert_step15000 64 1 3 0.17260802607052028
seed123_P2-bert_step15000 64 1 4 0.17826097109355032
seed123_P2-bert_step15000 64 1 5 0.17275765200611204
seed123_P2-bert_step15000 64 1 6 0.17011531593743712
seed123_P2-bert_step15000 64 1 7 0.17833626503124833
seed123_P2-bert_step15000 64 1 8 0.17229764501098543
seed123_P2-bert_step15000 64 1 9 0.16987773298751563
seed123_P2-bert_step15000 64 2 0 0.1763391379499808
seed123_P2-bert_step15000 64 2 1 0.17419858905486763
seed123_P2-bert_step15000 64 2 2 0.17541693104431033
seed123_P2-bert_step15000 64 2 3 0.17578821803908795
seed123_P2-bert_step15000 64 2 4 0.16848587105050683
seed123_P2-bert_step15000 64 2 5 0.17597605695482343
seed123_P2-bert_step15000 64 2 6 0.17912278498988599
seed123_P2-bert_step15000 64 2 7 0.17051599000114948
seed123_P2-bert_step15000 64 2 8 0.1750584279652685
seed123_P2-bert_step15000 64 2 9 0.17378600302617997
seed123_P2-bert_step15000 64 3 0 0.16954967798665166
seed123_P2-bert_step15000 64 3 1 0.18036266800481826
seed123_P2-bert_step15000 64 3 2 0.16943642299156636
seed123_P2-bert_step15000 64 3 3 0.1740331839537248
seed123_P2-bert_step15000 64 3 4 0.17080747592262924
seed123_P2-bert_step15000 64 3 5 0.167832215083763
seed123_P2-bert_step15000 64 3 6 0.17199312592856586
seed123_P2-bert_step15000 64 3 7 0.1702924850396812
seed123_P2-bert_step15000 64 3 8 0.16992186894640326
seed123_P2-bert_step15000 64 3 9 0.17584300402086228
seed123_P2-bert_step15000 64 4 0 0.16852287203073502
seed123_P2-bert_step15000 64 4 1 0.17464881693013012
seed123_P2-bert_step15000 64 4 2 0.1716105769155547
seed123_P2-bert_step15000 64 4 3 0.17179773398675025
seed123_P2-bert_step15000 64 4 4 0.1735537110362202
seed123_P2-bert_step15000 64 4 5 0.17004675697535276
seed123_P2-bert_step15000 64 4 6 0.17088399303611368
seed123_P2-bert_step15000 64 4 7 0.17544975492637604
seed123_P2-bert_step15000 64 4 8 0.17618019704241306
seed123_P2-bert_step15000 64 4 9 0.18395979492925107
seed123_P2-bert_step15000 64 5 0 0.17495394905563444
seed123_P2-bert_step15000 64 5 1 0.17154059489257634
seed123_P2-bert_step15000 64 5 2 0.18278383393771946
seed123_P2-bert_step15000 64 5 3 0.1745196229312569
seed123_P2-bert_step15000 64 5 4 0.1759461909532547
seed123_P2-bert_step15000 64 5 5 0.17573989904485643
seed123_P2-bert_step15000 64 5 6 0.17692291305866092
seed123_P2-bert_step15000 64 5 7 0.17807334591634572
seed123_P2-bert_step15000 64 5 8 0.17452332994434983
seed123_P2-bert_step15000 64 5 9 0.17489738296717405
seed123_P2-bert_step15000 64 6 0 0.17549614398740232
seed123_P2-bert_step15000 64 6 1 0.17282597394660115
seed123_P2-bert_step15000 64 6 2 0.1775507499696687
seed123_P2-bert_step15000 64 6 3 0.17032015905715525
seed123_P2-bert_step15000 64 6 4 0.17075638100504875
seed123_P2-bert_step15000 64 6 5 0.172965802019462
seed123_P2-bert_step15000 64 6 6 0.17186594591476023
seed123_P2-bert_step15000 64 6 7 0.167927528033033
seed123_P2-bert_step15000 64 6 8 0.17473720794077963
seed123_P2-bert_step15000 64 6 9 0.17091887001879513
seed123_P2-bert_step15000 64 7 0 0.17470428498927504
seed123_P2-bert_step15000 64 7 1 0.17605297593399882
seed123_P2-bert_step15000 64 7 2 0.17516334098763764
seed123_P2-bert_step15000 64 7 3 0.18151746201328933
seed123_P2-bert_step15000 64 7 4 0.17400292796082795
seed123_P2-bert_step15000 64 7 5 0.1726950870361179
seed123_P2-bert_step15000 64 7 6 0.1742108950857073
seed123_P2-bert_step15000 64 7 7 0.17163322202395648
seed123_P2-bert_step15000 64 7 8 0.18138794507831335
seed123_P2-bert_step15000 64 7 9 0.1748922849074006
seed123_P2-bert_step15000 64 8 0 0.17292580602224916
seed123_P2-bert_step15000 64 8 1 0.17431239900179207
seed123_P2-bert_step15000 64 8 2 0.17057878302875906
seed123_P2-bert_step15000 64 8 3 0.17395879502873868
seed123_P2-bert_step15000 64 8 4 0.18189544207416475
seed123_P2-bert_step15000 64 8 5 0.17225128004793078
seed123_P2-bert_step15000 64 8 6 0.17205100995488465
seed123_P2-bert_step15000 64 8 7 0.1731434209505096
seed123_P2-bert_step15000 64 8 8 0.17042501003015786
seed123_P2-bert_step15000 64 8 9 0.1762448319932446
seed123_P2-bert_step15000 64 9 0 0.16921484400518239
seed123_P2-bert_step15000 64 9 1 0.16815724805928767
seed123_P2-bert_step15000 64 9 2 0.1725235799094662
seed123_P2-bert_step15000 64 9 3 0.1732713459059596
seed123_P2-bert_step15000 64 9 4 0.1720116250216961
seed123_P2-bert_step15000 64 9 5 0.17023146199062467
seed123_P2-bert_step15000 64 9 6 0.17638368799816817
seed123_P2-bert_step15000 64 9 7 0.1759098949842155
seed123_P2-bert_step15000 64 9 8 0.16811015806160867
seed123_P2-bert_step15000 64 9 9 0.17332673096098006
seed123_P2-bert_step15000 69 0 0 0.5075082529801875
seed123_P2-bert_step15000 69 0 1 0.5046673800097778
seed123_P2-bert_step15000 69 0 2 0.5286347219953313
seed123_P2-bert_step15000 69 0 3 0.5180561090819538
seed123_P2-bert_step15000 69 0 4 0.5169891259865835
seed123_P2-bert_step15000 69 0 5 0.503496851073578
seed123_P2-bert_step15000 69 0 6 0.5116564530180767
seed123_P2-bert_step15000 69 0 7 0.5088926759781316
seed123_P2-bert_step15000 69 0 8 0.517906526918523
seed123_P2-bert_step15000 69 0 9 0.5174519709544256
seed123_P2-bert_step15000 69 1 0 0.5141189689747989
seed123_P2-bert_step15000 69 1 1 0.5095835550455377
seed123_P2-bert_step15000 69 1 2 0.5478629861027002
seed123_P2-bert_step15000 69 1 3 0.5363061790121719
seed123_P2-bert_step15000 69 1 4 0.546953163924627
seed123_P2-bert_step15000 69 1 5 0.5148946599802002
seed123_P2-bert_step15000 69 1 6 0.5196071430109441
seed123_P2-bert_step15000 69 1 7 0.522570640896447
seed123_P2-bert_step15000 69 1 8 0.502273965976201
seed123_P2-bert_step15000 69 1 9 0.5138276489451528
seed123_P2-bert_step15000 69 2 0 0.5061480610165745
seed123_P2-bert_step15000 69 2 1 0.508515894995071
seed123_P2-bert_step15000 69 2 2 0.5035706600174308
seed123_P2-bert_step15000 69 2 3 0.5078494959743693
seed123_P2-bert_step15000 69 2 4 0.5159703239332885
seed123_P2-bert_step15000 69 2 5 0.5025614179903641
seed123_P2-bert_step15000 69 2 6 0.5056482719955966
seed123_P2-bert_step15000 69 2 7 0.5043345380108804
seed123_P2-bert_step15000 69 2 8 0.5004559860099107
seed123_P2-bert_step15000 69 2 9 0.5055865159956738
seed123_P2-bert_step15000 69 3 0 0.509220011997968
seed123_P2-bert_step15000 69 3 1 0.5301975460024551
seed123_P2-bert_step15000 69 3 2 0.5226538979914039
seed123_P2-bert_step15000 69 3 3 0.5139874999877065
seed123_P2-bert_step15000 69 3 4 0.5164419179782271
seed123_P2-bert_step15000 69 3 5 0.5097729780245572
seed123_P2-bert_step15000 69 3 6 0.5177512249210849
seed123_P2-bert_step15000 69 3 7 0.5032490940066054
seed123_P2-bert_step15000 69 3 8 0.5253299010219052
seed123_P2-bert_step15000 69 3 9 0.513896469026804
seed123_P2-bert_step15000 69 4 0 0.5287147640483454
seed123_P2-bert_step15000 69 4 1 0.5274087260477245
seed123_P2-bert_step15000 69 4 2 0.5095106199150905
seed123_P2-bert_step15000 69 4 3 0.5080208729486912
seed123_P2-bert_step15000 69 4 4 0.5129249899182469
seed123_P2-bert_step15000 69 4 5 0.5150487489299849
seed123_P2-bert_step15000 69 4 6 0.5205647730035707
seed123_P2-bert_step15000 69 4 7 0.5185737389838323
seed123_P2-bert_step15000 69 4 8 0.5107066640630364
seed123_P2-bert_step15000 69 4 9 0.5054804329993203
seed123_P2-bert_step15000 69 5 0 0.5177888439502567
seed123_P2-bert_step15000 69 5 1 0.5108932020375505
seed123_P2-bert_step15000 69 5 2 0.5248130830004811
seed123_P2-bert_step15000 69 5 3 0.5242303429404274
seed123_P2-bert_step15000 69 5 4 0.5130018820054829
seed123_P2-bert_step15000 69 5 5 0.5215422509936616
seed123_P2-bert_step15000 69 5 6 0.5075124900322407
seed123_P2-bert_step15000 69 5 7 0.5114825570490211
seed123_P2-bert_step15000 69 5 8 0.5051538449479267
seed123_P2-bert_step15000 69 5 9 0.5177405269350857
seed123_P2-bert_step15000 69 6 0 0.508360918960534
seed123_P2-bert_step15000 69 6 1 0.5102254730882123
seed123_P2-bert_step15000 69 6 2 0.5035267659695819
seed123_P2-bert_step15000 69 6 3 0.5240627190796658
seed123_P2-bert_step15000 69 6 4 0.5130384369986132
seed123_P2-bert_step15000 69 6 5 0.4983705789782107
seed123_P2-bert_step15000 69 6 6 0.5180640970356762
seed123_P2-bert_step15000 69 6 7 0.5325509100221097
seed123_P2-bert_step15000 69 6 8 0.525133651914075
seed123_P2-bert_step15000 69 6 9 0.5267818249994889
seed123_P2-bert_step15000 69 7 0 0.5350513480370864
seed123_P2-bert_step15000 69 7 1 0.524763799039647
seed123_P2-bert_step15000 69 7 2 0.5356622739927843
seed123_P2-bert_step15000 69 7 3 0.5258717819815502
seed123_P2-bert_step15000 69 7 4 0.5292791579850018
seed123_P2-bert_step15000 69 7 5 0.5297234850004315
seed123_P2-bert_step15000 69 7 6 0.5124542789999396
seed123_P2-bert_step15000 69 7 7 0.5243076720507815
seed123_P2-bert_step15000 69 7 8 0.5378939900547266
seed123_P2-bert_step15000 69 7 9 0.5309858130058274
seed123_P2-bert_step15000 69 8 0 0.5285275980131701
seed123_P2-bert_step15000 69 8 1 0.5094185050111264
seed123_P2-bert_step15000 69 8 2 0.5186642869375646
seed123_P2-bert_step15000 69 8 3 0.5189517859835178
seed123_P2-bert_step15000 69 8 4 0.5344459509942681
seed123_P2-bert_step15000 69 8 5 0.5133542589610443
seed123_P2-bert_step15000 69 8 6 0.5083452119724825
seed123_P2-bert_step15000 69 8 7 0.5337974550202489
seed123_P2-bert_step15000 69 8 8 0.5244238999439403
seed123_P2-bert_step15000 69 8 9 0.517131790984422
seed123_P2-bert_step15000 69 9 0 0.5200352460378781
seed123_P2-bert_step15000 69 9 1 0.5203106419648975
seed123_P2-bert_step15000 69 9 2 0.5201831080485135
seed123_P2-bert_step15000 69 9 3 0.5189687140518799
seed123_P2-bert_step15000 69 9 4 0.5246787490323186
seed123_P2-bert_step15000 69 9 5 0.5141225180123001
seed123_P2-bert_step15000 69 9 6 0.5195291939890012
seed123_P2-bert_step15000 69 9 7 0.5149762668879703
seed123_P2-bert_step15000 69 9 8 0.5281666989903897
seed123_P2-bert_step15000 69 9 9 0.5176000089850277
seed123_P2-bert_step15000 74 0 0 0.7109860420459881
seed123_P2-bert_step15000 74 0 1 0.698542375001125
seed123_P2-bert_step15000 74 0 2 0.7057178119430318
seed123_P2-bert_step15000 74 0 3 0.6911320619983599
seed123_P2-bert_step15000 74 0 4 0.7081661699339747
seed123_P2-bert_step15000 74 0 5 0.7081743680173531
seed123_P2-bert_step15000 74 0 6 0.7053283639252186
seed123_P2-bert_step15000 74 0 7 0.718921224004589
seed123_P2-bert_step15000 74 0 8 0.7097181619610637
seed123_P2-bert_step15000 74 0 9 0.7017310010269284
seed123_P2-bert_step15000 74 1 0 0.7111674270126969
seed123_P2-bert_step15000 74 1 1 0.6977030939888209
seed123_P2-bert_step15000 74 1 2 0.707181210978888
seed123_P2-bert_step15000 74 1 3 0.6927580590127036
seed123_P2-bert_step15000 74 1 4 0.7153382009128109
seed123_P2-bert_step15000 74 1 5 0.724685127963312
seed123_P2-bert_step15000 74 1 6 0.7120185850653797
seed123_P2-bert_step15000 74 1 7 0.71331184101291
seed123_P2-bert_step15000 74 1 8 0.7211885360302404
seed123_P2-bert_step15000 74 1 9 0.7387790470384061
seed123_P2-bert_step15000 74 2 0 0.7191240929532796
seed123_P2-bert_step15000 74 2 1 0.6911254751030356
seed123_P2-bert_step15000 74 2 2 0.7192922550020739
seed123_P2-bert_step15000 74 2 3 0.7150516830151901
seed123_P2-bert_step15000 74 2 4 0.7193300690269098
seed123_P2-bert_step15000 74 2 5 0.7151895669521764
seed123_P2-bert_step15000 74 2 6 0.7394528279546648
seed123_P2-bert_step15000 74 2 7 0.711606229073368
seed123_P2-bert_step15000 74 2 8 0.7120825879974291
seed123_P2-bert_step15000 74 2 9 0.7133574789622799
seed123_P2-bert_step15000 74 3 0 0.7097825449891388
seed123_P2-bert_step15000 74 3 1 0.7311937290942296
seed123_P2-bert_step15000 74 3 2 0.7359127859817818
seed123_P2-bert_step15000 74 3 3 0.7333825229434296
seed123_P2-bert_step15000 74 3 4 0.7075371590908617
seed123_P2-bert_step15000 74 3 5 0.7067894040374085
seed123_P2-bert_step15000 74 3 6 0.7135017999680713
seed123_P2-bert_step15000 74 3 7 0.7166013090172783
seed123_P2-bert_step15000 74 3 8 0.724888697033748
seed123_P2-bert_step15000 74 3 9 0.6860196669586003
seed123_P2-bert_step15000 74 4 0 0.6798797650262713
seed123_P2-bert_step15000 74 4 1 0.7001756830140948
seed123_P2-bert_step15000 74 4 2 0.6978136709658429
seed123_P2-bert_step15000 74 4 3 0.6976008960045874
seed123_P2-bert_step15000 74 4 4 0.6874386869603768
seed123_P2-bert_step15000 74 4 5 0.6813035029917955
seed123_P2-bert_step15000 74 4 6 0.6796171789756045
seed123_P2-bert_step15000 74 4 7 0.6796362859895453
seed123_P2-bert_step15000 74 4 8 0.6935527840396389
seed123_P2-bert_step15000 74 4 9 0.691506233997643
seed123_P2-bert_step15000 74 5 0 0.7154147978872061
seed123_P2-bert_step15000 74 5 1 0.6959790909895673
seed123_P2-bert_step15000 74 5 2 0.7138867869507521
seed123_P2-bert_step15000 74 5 3 0.7310649430146441
seed123_P2-bert_step15000 74 5 4 0.7080811620689929
seed123_P2-bert_step15000 74 5 5 0.7088389480486512
seed123_P2-bert_step15000 74 5 6 0.7220266869990155
seed123_P2-bert_step15000 74 5 7 0.7254079120466486
seed123_P2-bert_step15000 74 5 8 0.7332946870010346
seed123_P2-bert_step15000 74 5 9 0.7375520729692653
seed123_P2-bert_step15000 74 6 0 0.7360047840047628
seed123_P2-bert_step15000 74 6 1 0.7130262149730697
seed123_P2-bert_step15000 74 6 2 0.7052186330547556
seed123_P2-bert_step15000 74 6 3 0.7204440060304478
seed123_P2-bert_step15000 74 6 4 0.7191546789836138
seed123_P2-bert_step15000 74 6 5 0.7314592549810186
seed123_P2-bert_step15000 74 6 6 0.7113208580994979
seed123_P2-bert_step15000 74 6 7 0.7151700060348958
seed123_P2-bert_step15000 74 6 8 0.7195123549317941
seed123_P2-bert_step15000 74 6 9 0.7224161199992523
seed123_P2-bert_step15000 74 7 0 0.7215014169923961
seed123_P2-bert_step15000 74 7 1 0.7230200830381364
seed123_P2-bert_step15000 74 7 2 0.7113120669964701
seed123_P2-bert_step15000 74 7 3 0.7378947489196435
seed123_P2-bert_step15000 74 7 4 0.7333251989912242
seed123_P2-bert_step15000 74 7 5 0.7432604390196502
seed123_P2-bert_step15000 74 7 6 0.717103288974613
seed123_P2-bert_step15000 74 7 7 0.7186236770357937
seed123_P2-bert_step15000 74 7 8 0.7145015000132844
seed123_P2-bert_step15000 74 7 9 0.7311518209753558
seed123_P2-bert_step15000 74 8 0 0.7491390180075541
seed123_P2-bert_step15000 74 8 1 0.7262597170192748
seed123_P2-bert_step15000 74 8 2 0.7222605450078845
seed123_P2-bert_step15000 74 8 3 0.7326889740070328
seed123_P2-bert_step15000 74 8 4 0.7285683701047674
seed123_P2-bert_step15000 74 8 5 0.7290748769883066
seed123_P2-bert_step15000 74 8 6 0.7269793229643255
seed123_P2-bert_step15000 74 8 7 0.7381431850371882
seed123_P2-bert_step15000 74 8 8 0.7588701540371403
seed123_P2-bert_step15000 74 8 9 0.7523314720019698
seed123_P2-bert_step15000 74 9 0 0.7312611780362204
seed123_P2-bert_step15000 74 9 1 0.7415628060698509
seed123_P2-bert_step15000 74 9 2 0.7293966059805825
seed123_P2-bert_step15000 74 9 3 0.7241228439379483
seed123_P2-bert_step15000 74 9 4 0.7246907770168036
seed123_P2-bert_step15000 74 9 5 0.71839240193367
seed123_P2-bert_step15000 74 9 6 0.7210287769557908
seed123_P2-bert_step15000 74 9 7 0.7337954549584538
seed123_P2-bert_step15000 74 9 8 0.7244221690343693
seed123_P2-bert_step15000 74 9 9 0.725915506016463
seed123_P2-bert_step15000 78 0 0 1.17976145807188
seed123_P2-bert_step15000 78 0 1 1.2107754000462592
seed123_P2-bert_step15000 78 0 2 1.185371618019417
seed123_P2-bert_step15000 78 0 3 1.1411328200483695
seed123_P2-bert_step15000 78 0 4 1.1572024050401524
seed123_P2-bert_step15000 78 0 5 1.1527174080256373
seed123_P2-bert_step15000 78 0 6 1.1455676991026849
seed123_P2-bert_step15000 78 0 7 1.2046748839784414
seed123_P2-bert_step15000 78 0 8 1.1608534019906074
seed123_P2-bert_step15000 78 0 9 1.1858603439759463
seed123_P2-bert_step15000 78 1 0 1.183508503017947
seed123_P2-bert_step15000 78 1 1 1.1806338150054216
seed123_P2-bert_step15000 78 1 2 1.1637990549206734
seed123_P2-bert_step15000 78 1 3 1.1924017510609701
seed123_P2-bert_step15000 78 1 4 1.174269228009507
seed123_P2-bert_step15000 78 1 5 1.2009280890924856
seed123_P2-bert_step15000 78 1 6 1.2124885389348492
seed123_P2-bert_step15000 78 1 7 1.191721955081448
seed123_P2-bert_step15000 78 1 8 1.1903260149993002
seed123_P2-bert_step15000 78 1 9 1.182545997085981
seed123_P2-bert_step15000 78 2 0 1.1606362719321623
seed123_P2-bert_step15000 78 2 1 1.164286614046432
seed123_P2-bert_step15000 78 2 2 1.1922320270678028
seed123_P2-bert_step15000 78 2 3 1.1644433559849858
seed123_P2-bert_step15000 78 2 4 1.1605092589743435
seed123_P2-bert_step15000 78 2 5 1.1908416729420424
seed123_P2-bert_step15000 78 2 6 1.1928183230338618
seed123_P2-bert_step15000 78 2 7 1.1815860739443451
seed123_P2-bert_step15000 78 2 8 1.1845121840015054
seed123_P2-bert_step15000 78 2 9 1.1951961319427937
seed123_P2-bert_step15000 78 3 0 1.2498190499609336
seed123_P2-bert_step15000 78 3 1 1.1972158160060644
seed123_P2-bert_step15000 78 3 2 1.195590169983916
seed123_P2-bert_step15000 78 3 3 1.2108874019468203
seed123_P2-bert_step15000 78 3 4 1.2004503579810262
seed123_P2-bert_step15000 78 3 5 1.1765284179709852
seed123_P2-bert_step15000 78 3 6 1.225952396984212
seed123_P2-bert_step15000 78 3 7 1.191034424933605
seed123_P2-bert_step15000 78 3 8 1.2369744810275733
seed123_P2-bert_step15000 78 3 9 1.2270891800289974
seed123_P2-bert_step15000 78 4 0 1.1704292909707874
seed123_P2-bert_step15000 78 4 1 1.1738033359870315
seed123_P2-bert_step15000 78 4 2 1.22764931502752
seed123_P2-bert_step15000 78 4 3 1.144511981983669
seed123_P2-bert_step15000 78 4 4 1.1354462709277868
seed123_P2-bert_step15000 78 4 5 1.162918964982964
seed123_P2-bert_step15000 78 4 6 1.1429752570111305
seed123_P2-bert_step15000 78 4 7 1.1723757849540561
seed123_P2-bert_step15000 78 4 8 1.2447594939731061
seed123_P2-bert_step15000 78 4 9 1.2244680230505764
seed123_P2-bert_step15000 78 5 0 1.2035914090229198
seed123_P2-bert_step15000 78 5 1 1.1780262549873441
seed123_P2-bert_step15000 78 5 2 1.181831951951608
seed123_P2-bert_step15000 78 5 3 1.1654998499434441
seed123_P2-bert_step15000 78 5 4 1.1755355629138649
seed123_P2-bert_step15000 78 5 5 1.1715178550221026
seed123_P2-bert_step15000 78 5 6 1.171366328955628
seed123_P2-bert_step15000 78 5 7 1.1814916729927063
seed123_P2-bert_step15000 78 5 8 1.1594419709872454
seed123_P2-bert_step15000 78 5 9 1.1545938199851662
seed123_P2-bert_step15000 78 6 0 1.1812274149851874
seed123_P2-bert_step15000 78 6 1 1.178718604031019
seed123_P2-bert_step15000 78 6 2 1.1840376950567588
seed123_P2-bert_step15000 78 6 3 1.1597603659611195
seed123_P2-bert_step15000 78 6 4 1.1978357930202037
seed123_P2-bert_step15000 78 6 5 1.1575678910594434
seed123_P2-bert_step15000 78 6 6 1.1685641360236332
seed123_P2-bert_step15000 78 6 7 1.1727488239994273
seed123_P2-bert_step15000 78 6 8 1.1873109759762883
seed123_P2-bert_step15000 78 6 9 1.1874525480670854
seed123_P2-bert_step15000 78 7 0 1.168989654048346
seed123_P2-bert_step15000 78 7 1 1.168500792933628
seed123_P2-bert_step15000 78 7 2 1.1538661670638248
seed123_P2-bert_step15000 78 7 3 1.1616349979303777
seed123_P2-bert_step15000 78 7 4 1.2172918319702148
seed123_P2-bert_step15000 78 7 5 1.1871507950127125
seed123_P2-bert_step15000 78 7 6 1.2019734929781407
seed123_P2-bert_step15000 78 7 7 1.2086720950901508
seed123_P2-bert_step15000 78 7 8 1.209604674950242
seed123_P2-bert_step15000 78 7 9 1.2143844889942557
seed123_P2-bert_step15000 78 8 0 1.1981275390135124
seed123_P2-bert_step15000 78 8 1 1.2030235540587455
seed123_P2-bert_step15000 78 8 2 1.2188981589861214
seed123_P2-bert_step15000 78 8 3 1.2227160489419475
seed123_P2-bert_step15000 78 8 4 1.2388346890220419
seed123_P2-bert_step15000 78 8 5 1.2291971179656684
seed123_P2-bert_step15000 78 8 6 1.193675842951052
seed123_P2-bert_step15000 78 8 7 1.2148586879484355
seed123_P2-bert_step15000 78 8 8 1.2139851639512926
seed123_P2-bert_step15000 78 8 9 1.20321911200881
seed123_P2-bert_step15000 78 9 0 1.2036953819915652
seed123_P2-bert_step15000 78 9 1 1.2039498289814219
seed123_P2-bert_step15000 78 9 2 1.1936417799443007
seed123_P2-bert_step15000 78 9 3 1.212224627030082
seed123_P2-bert_step15000 78 9 4 1.201806769007817
seed123_P2-bert_step15000 78 9 5 1.1900111340219155
seed123_P2-bert_step15000 78 9 6 1.20439439592883
seed123_P2-bert_step15000 78 9 7 1.2320949250133708
seed123_P2-bert_step15000 78 9 8 1.2157262220280245
seed123_P2-bert_step15000 78 9 9 1.217194322962314
{'model': 'seed123_P2-bert_step15000', 'completed_pairs': 2000, 'requested_pairs': 2000, 'completed': True, 'complete_source_count': 20, 'FRD': 130.6886747400594, 'new_pairs': 2000, 'wall_seconds': 473.5399062539218}
