seed123_P3-bert-time_step15000 0 0 0 0.87133413401898
seed123_P3-bert-time_step15000 0 0 1 0.09930311993230134
seed123_P3-bert-time_step15000 0 0 2 0.10677723900880665
seed123_P3-bert-time_step15000 0 0 3 0.09554540703538805
seed123_P3-bert-time_step15000 0 0 4 0.09479834197554737
seed123_P3-bert-time_step15000 0 0 5 0.09813312999904156
seed123_P3-bert-time_step15000 0 0 6 0.0956049800151959
seed123_P3-bert-time_step15000 0 0 7 0.09547660709358752
seed123_P3-bert-time_step15000 0 0 8 0.09504379995632917
seed123_P3-bert-time_step15000 0 0 9 0.09647327591665089
seed123_P3-bert-time_step15000 0 1 0 0.09961124800611287
seed123_P3-bert-time_step15000 0 1 1 0.09585869405418634
seed123_P3-bert-time_step15000 0 1 2 0.09351560706272721
seed123_P3-bert-time_step15000 0 1 3 0.09704362310003489
seed123_P3-bert-time_step15000 0 1 4 0.09357717505190521
seed123_P3-bert-time_step15000 0 1 5 0.09321007505059242
seed123_P3-bert-time_step15000 0 1 6 0.09378169500268996
seed123_P3-bert-time_step15000 0 1 7 0.09703124896623194
seed123_P3-bert-time_step15000 0 1 8 0.09801298100501299
seed123_P3-bert-time_step15000 0 1 9 0.09633390000090003
seed123_P3-bert-time_step15000 0 2 0 0.09480472595896572
seed123_P3-bert-time_step15000 0 2 1 0.09720140299759805
seed123_P3-bert-time_step15000 0 2 2 0.09652927296701819
seed123_P3-bert-time_step15000 0 2 3 0.10145312000531703
seed123_P3-bert-time_step15000 0 2 4 0.103998280945234
seed123_P3-bert-time_step15000 0 2 5 0.09420751594007015
seed123_P3-bert-time_step15000 0 2 6 0.09571044100448489
seed123_P3-bert-time_step15000 0 2 7 0.08942404703702778
seed123_P3-bert-time_step15000 0 2 8 0.09368673397693783
seed123_P3-bert-time_step15000 0 2 9 0.09534871100913733
seed123_P3-bert-time_step15000 0 3 0 0.09862313501071185
seed123_P3-bert-time_step15000 0 3 1 0.09432202507741749
seed123_P3-bert-time_step15000 0 3 2 0.09289596695452929
seed123_P3-bert-time_step15000 0 3 3 0.0932335399556905
seed123_P3-bert-time_step15000 0 3 4 0.08943422697484493
seed123_P3-bert-time_step15000 0 3 5 0.09684142807964236
seed123_P3-bert-time_step15000 0 3 6 0.09082658204715699
seed123_P3-bert-time_step15000 0 3 7 0.09064665902405977
seed123_P3-bert-time_step15000 0 3 8 0.09329263295512646
seed123_P3-bert-time_step15000 0 3 9 0.09401405905373394
seed123_P3-bert-time_step15000 0 4 0 0.0912229479290545
seed123_P3-bert-time_step15000 0 4 1 0.09062961605377495
seed123_P3-bert-time_step15000 0 4 2 0.08927971194498241
seed123_P3-bert-time_step15000 0 4 3 0.10058622702490538
seed123_P3-bert-time_step15000 0 4 4 0.09475625201594085
seed123_P3-bert-time_step15000 0 4 5 0.09740685601718724
seed123_P3-bert-time_step15000 0 4 6 0.09237141697667539
seed123_P3-bert-time_step15000 0 4 7 0.08884572505485266
seed123_P3-bert-time_step15000 0 4 8 0.09505204705055803
seed123_P3-bert-time_step15000 0 4 9 0.09273409808520228
seed123_P3-bert-time_step15000 0 5 0 0.09446900605689734
seed123_P3-bert-time_step15000 0 5 1 0.09280500293243676
seed123_P3-bert-time_step15000 0 5 2 0.09361116006039083
seed123_P3-bert-time_step15000 0 5 3 0.09515167796052992
seed123_P3-bert-time_step15000 0 5 4 0.09472158702556044
seed123_P3-bert-time_step15000 0 5 5 0.09217285795602947
seed123_P3-bert-time_step15000 0 5 6 0.09306524903513491
seed123_P3-bert-time_step15000 0 5 7 0.09143558295909315
seed123_P3-bert-time_step15000 0 5 8 0.09391844598576427
seed123_P3-bert-time_step15000 0 5 9 0.09228878899011761
seed123_P3-bert-time_step15000 0 6 0 0.09482655697502196
seed123_P3-bert-time_step15000 0 6 1 0.09264838497620076
seed123_P3-bert-time_step15000 0 6 2 0.09186587308067828
seed123_P3-bert-time_step15000 0 6 3 0.09239692497067153
seed123_P3-bert-time_step15000 0 6 4 0.09179655101615936
seed123_P3-bert-time_step15000 0 6 5 0.09212851396296173
seed123_P3-bert-time_step15000 0 6 6 0.09293280693236738
seed123_P3-bert-time_step15000 0 6 7 0.09361750294920057
seed123_P3-bert-time_step15000 0 6 8 0.09388911002315581
seed123_P3-bert-time_step15000 0 6 9 0.09604083199519664
seed123_P3-bert-time_step15000 0 7 0 0.09086149896029383
seed123_P3-bert-time_step15000 0 7 1 0.09382250299677253
seed123_P3-bert-time_step15000 0 7 2 0.09318163094576448
seed123_P3-bert-time_step15000 0 7 3 0.09737961401697248
seed123_P3-bert-time_step15000 0 7 4 0.0932613939512521
seed123_P3-bert-time_step15000 0 7 5 0.09191341395489872
seed123_P3-bert-time_step15000 0 7 6 0.09380616201087832
seed123_P3-bert-time_step15000 0 7 7 0.09114537993445992
seed123_P3-bert-time_step15000 0 7 8 0.09464946901425719
seed123_P3-bert-time_step15000 0 7 9 0.09518830699380487
seed123_P3-bert-time_step15000 0 8 0 0.09343374206218868
seed123_P3-bert-time_step15000 0 8 1 0.09663628705311567
seed123_P3-bert-time_step15000 0 8 2 0.09270819998346269
seed123_P3-bert-time_step15000 0 8 3 0.09432760591153055
seed123_P3-bert-time_step15000 0 8 4 0.09927293402142823
seed123_P3-bert-time_step15000 0 8 5 0.09586029907222837
seed123_P3-bert-time_step15000 0 8 6 0.09365726809483021
seed123_P3-bert-time_step15000 0 8 7 0.0916826439788565
seed123_P3-bert-time_step15000 0 8 8 0.0939128550235182
seed123_P3-bert-time_step15000 0 8 9 0.09020870400127023
seed123_P3-bert-time_step15000 0 9 0 0.09062457701656967
seed123_P3-bert-time_step15000 0 9 1 0.09109389106743038
seed123_P3-bert-time_step15000 0 9 2 0.09191230207215995
seed123_P3-bert-time_step15000 0 9 3 0.0904175320174545
seed123_P3-bert-time_step15000 0 9 4 0.09315193491056561
seed123_P3-bert-time_step15000 0 9 5 0.09608452604152262
seed123_P3-bert-time_step15000 0 9 6 0.08907704602461308
seed123_P3-bert-time_step15000 0 9 7 0.09397369204089046
seed123_P3-bert-time_step15000 0 9 8 0.09019185206852853
seed123_P3-bert-time_step15000 0 9 9 0.08927798003423959
seed123_P3-bert-time_step15000 6 0 0 0.15258314495440573
seed123_P3-bert-time_step15000 6 0 1 0.14748973492532969
seed123_P3-bert-time_step15000 6 0 2 0.13998931599780917
seed123_P3-bert-time_step15000 6 0 3 0.14428926294203848
seed123_P3-bert-time_step15000 6 0 4 0.14133005205076188
seed123_P3-bert-time_step15000 6 0 5 0.14532325498294085
seed123_P3-bert-time_step15000 6 0 6 0.14066582499071956
seed123_P3-bert-time_step15000 6 0 7 0.1523852690588683
seed123_P3-bert-time_step15000 6 0 8 0.14144680509343743
seed123_P3-bert-time_step15000 6 0 9 0.14336732600349933
seed123_P3-bert-time_step15000 6 1 0 0.1459695469820872
seed123_P3-bert-time_step15000 6 1 1 0.14863185200374573
seed123_P3-bert-time_step15000 6 1 2 0.14555693103466183
seed123_P3-bert-time_step15000 6 1 3 0.14891279803123325
seed123_P3-bert-time_step15000 6 1 4 0.14297239296138287
seed123_P3-bert-time_step15000 6 1 5 0.14689759502653033
seed123_P3-bert-time_step15000 6 1 6 0.14790428604464978
seed123_P3-bert-time_step15000 6 1 7 0.14379296801052988
seed123_P3-bert-time_step15000 6 1 8 0.14941645809449255
seed123_P3-bert-time_step15000 6 1 9 0.14139581797644496
seed123_P3-bert-time_step15000 6 2 0 0.14036981097888201
seed123_P3-bert-time_step15000 6 2 1 0.14029662311077118
seed123_P3-bert-time_step15000 6 2 2 0.1429409539559856
seed123_P3-bert-time_step15000 6 2 3 0.1426602789433673
seed123_P3-bert-time_step15000 6 2 4 0.14018199301790446
seed123_P3-bert-time_step15000 6 2 5 0.14409449300728738
seed123_P3-bert-time_step15000 6 2 6 0.14684643992222846
seed123_P3-bert-time_step15000 6 2 7 0.14136629097629339
seed123_P3-bert-time_step15000 6 2 8 0.13880542991682887
seed123_P3-bert-time_step15000 6 2 9 0.13905693893320858
seed123_P3-bert-time_step15000 6 3 0 0.13890517002437264
seed123_P3-bert-time_step15000 6 3 1 0.1406663979869336
seed123_P3-bert-time_step15000 6 3 2 0.1485032180789858
seed123_P3-bert-time_step15000 6 3 3 0.145010148989968
seed123_P3-bert-time_step15000 6 3 4 0.15051881002727896
seed123_P3-bert-time_step15000 6 3 5 0.14175603503827006
seed123_P3-bert-time_step15000 6 3 6 0.14085335505660623
seed123_P3-bert-time_step15000 6 3 7 0.1403453660896048
seed123_P3-bert-time_step15000 6 3 8 0.14012015599291772
seed123_P3-bert-time_step15000 6 3 9 0.1441967779537663
seed123_P3-bert-time_step15000 6 4 0 0.14190715295262635
seed123_P3-bert-time_step15000 6 4 1 0.1423830899875611
seed123_P3-bert-time_step15000 6 4 2 0.1413183700060472
seed123_P3-bert-time_step15000 6 4 3 0.1398219979600981
seed123_P3-bert-time_step15000 6 4 4 0.1428610309958458
seed123_P3-bert-time_step15000 6 4 5 0.14193998603150249
seed123_P3-bert-time_step15000 6 4 6 0.14480317500419915
seed123_P3-bert-time_step15000 6 4 7 0.14531890710350126
seed123_P3-bert-time_step15000 6 4 8 0.145978405023925
seed123_P3-bert-time_step15000 6 4 9 0.13966387696564198
seed123_P3-bert-time_step15000 6 5 0 0.13863148796372116
seed123_P3-bert-time_step15000 6 5 1 0.1381498200353235
seed123_P3-bert-time_step15000 6 5 2 0.1402987480396405
seed123_P3-bert-time_step15000 6 5 3 0.1422574210446328
seed123_P3-bert-time_step15000 6 5 4 0.14567165996413678
seed123_P3-bert-time_step15000 6 5 5 0.14849361998494714
seed123_P3-bert-time_step15000 6 5 6 0.13835079409182072
seed123_P3-bert-time_step15000 6 5 7 0.1410095519386232
seed123_P3-bert-time_step15000 6 5 8 0.14654908410739154
seed123_P3-bert-time_step15000 6 5 9 0.14632149890530854
seed123_P3-bert-time_step15000 6 6 0 0.1456198509549722
seed123_P3-bert-time_step15000 6 6 1 0.1476387510774657
seed123_P3-bert-time_step15000 6 6 2 0.14472944498993456
seed123_P3-bert-time_step15000 6 6 3 0.14338532090187073
seed123_P3-bert-time_step15000 6 6 4 0.1404150890884921
seed123_P3-bert-time_step15000 6 6 5 0.1465664260322228
seed123_P3-bert-time_step15000 6 6 6 0.14801458700094372
seed123_P3-bert-time_step15000 6 6 7 0.14472958410624415
seed123_P3-bert-time_step15000 6 6 8 0.14184739999473095
seed123_P3-bert-time_step15000 6 6 9 0.14681861794088036
seed123_P3-bert-time_step15000 6 7 0 0.14046508399769664
seed123_P3-bert-time_step15000 6 7 1 0.14340486901346594
seed123_P3-bert-time_step15000 6 7 2 0.1445620550075546
seed123_P3-bert-time_step15000 6 7 3 0.1393782120430842
seed123_P3-bert-time_step15000 6 7 4 0.14156115509103984
seed123_P3-bert-time_step15000 6 7 5 0.14120553596876562
seed123_P3-bert-time_step15000 6 7 6 0.1423887920100242
seed123_P3-bert-time_step15000 6 7 7 0.1438431650167331
seed123_P3-bert-time_step15000 6 7 8 0.1448796410113573
seed123_P3-bert-time_step15000 6 7 9 0.1484147700248286
seed123_P3-bert-time_step15000 6 8 0 0.1413506930693984
seed123_P3-bert-time_step15000 6 8 1 0.14670719497371465
seed123_P3-bert-time_step15000 6 8 2 0.14116811600979418
seed123_P3-bert-time_step15000 6 8 3 0.15120128192938864
seed123_P3-bert-time_step15000 6 8 4 0.14121336198877543
seed123_P3-bert-time_step15000 6 8 5 0.13872984796762466
seed123_P3-bert-time_step15000 6 8 6 0.14378516399301589
seed123_P3-bert-time_step15000 6 8 7 0.1389456590404734
seed123_P3-bert-time_step15000 6 8 8 0.13969534705393016
seed123_P3-bert-time_step15000 6 8 9 0.1465022739721462
seed123_P3-bert-time_step15000 6 9 0 0.14669252699241042
seed123_P3-bert-time_step15000 6 9 1 0.14469244400970638
seed123_P3-bert-time_step15000 6 9 2 0.14706534903962165
seed123_P3-bert-time_step15000 6 9 3 0.14442282996606082
seed123_P3-bert-time_step15000 6 9 4 0.1439601379679516
seed123_P3-bert-time_step15000 6 9 5 0.15211116697173566
seed123_P3-bert-time_step15000 6 9 6 0.1496931780129671
seed123_P3-bert-time_step15000 6 9 7 0.14926074305549264
seed123_P3-bert-time_step15000 6 9 8 0.14759769302327186
seed123_P3-bert-time_step15000 6 9 9 0.14919295511208475
seed123_P3-bert-time_step15000 9 0 0 0.049357326002791524
seed123_P3-bert-time_step15000 9 0 1 0.042796698049642146
seed123_P3-bert-time_step15000 9 0 2 0.04121329996269196
seed123_P3-bert-time_step15000 9 0 3 0.04103399789892137
seed123_P3-bert-time_step15000 9 0 4 0.043304756982252
seed123_P3-bert-time_step15000 9 0 5 0.04128561797551811
seed123_P3-bert-time_step15000 9 0 6 0.040348440990783274
seed123_P3-bert-time_step15000 9 0 7 0.044716538046486676
seed123_P3-bert-time_step15000 9 0 8 0.04076704999897629
seed123_P3-bert-time_step15000 9 0 9 0.04237214894965291
seed123_P3-bert-time_step15000 9 1 0 0.041082330979406834
seed123_P3-bert-time_step15000 9 1 1 0.04317016096320003
seed123_P3-bert-time_step15000 9 1 2 0.04136166302487254
seed123_P3-bert-time_step15000 9 1 3 0.04128208104521036
seed123_P3-bert-time_step15000 9 1 4 0.041421406087465584
seed123_P3-bert-time_step15000 9 1 5 0.04297985904850066
seed123_P3-bert-time_step15000 9 1 6 0.042718920041806996
seed123_P3-bert-time_step15000 9 1 7 0.04185395094100386
seed123_P3-bert-time_step15000 9 1 8 0.04482493596151471
seed123_P3-bert-time_step15000 9 1 9 0.04297788406256586
seed123_P3-bert-time_step15000 9 2 0 0.04999460105318576
seed123_P3-bert-time_step15000 9 2 1 0.04576694103889167
seed123_P3-bert-time_step15000 9 2 2 0.04141395294573158
seed123_P3-bert-time_step15000 9 2 3 0.04285765497479588
seed123_P3-bert-time_step15000 9 2 4 0.0423166430555284
seed123_P3-bert-time_step15000 9 2 5 0.04706470493692905
seed123_P3-bert-time_step15000 9 2 6 0.049833734054118395
seed123_P3-bert-time_step15000 9 2 7 0.041526697925291955
seed123_P3-bert-time_step15000 9 2 8 0.04288477706722915
seed123_P3-bert-time_step15000 9 2 9 0.04026342905126512
seed123_P3-bert-time_step15000 9 3 0 0.045810854993760586
seed123_P3-bert-time_step15000 9 3 1 0.04297070007305592
seed123_P3-bert-time_step15000 9 3 2 0.04179658193606883
seed123_P3-bert-time_step15000 9 3 3 0.042447522981092334
seed123_P3-bert-time_step15000 9 3 4 0.04193479602690786
seed123_P3-bert-time_step15000 9 3 5 0.0420666269492358
seed123_P3-bert-time_step15000 9 3 6 0.04473933205008507
seed123_P3-bert-time_step15000 9 3 7 0.04158176202327013
seed123_P3-bert-time_step15000 9 3 8 0.041149999015033245
seed123_P3-bert-time_step15000 9 3 9 0.04289482603780925
seed123_P3-bert-time_step15000 9 4 0 0.04123081301804632
seed123_P3-bert-time_step15000 9 4 1 0.041212640004232526
seed123_P3-bert-time_step15000 9 4 2 0.04374166997149587
seed123_P3-bert-time_step15000 9 4 3 0.04385136894416064
seed123_P3-bert-time_step15000 9 4 4 0.041704325936734676
seed123_P3-bert-time_step15000 9 4 5 0.04015409096609801
seed123_P3-bert-time_step15000 9 4 6 0.042127774097025394
seed123_P3-bert-time_step15000 9 4 7 0.041155789978802204
seed123_P3-bert-time_step15000 9 4 8 0.03992268000729382
seed123_P3-bert-time_step15000 9 4 9 0.04043655900750309
seed123_P3-bert-time_step15000 9 5 0 0.04363673005718738
seed123_P3-bert-time_step15000 9 5 1 0.041008197935298085
seed123_P3-bert-time_step15000 9 5 2 0.04034795006737113
seed123_P3-bert-time_step15000 9 5 3 0.04128898400813341
seed123_P3-bert-time_step15000 9 5 4 0.04172433400526643
seed123_P3-bert-time_step15000 9 5 5 0.04183431400451809
seed123_P3-bert-time_step15000 9 5 6 0.04010712099261582
seed123_P3-bert-time_step15000 9 5 7 0.04507864895276725
seed123_P3-bert-time_step15000 9 5 8 0.04309498704969883
seed123_P3-bert-time_step15000 9 5 9 0.04128105996642262
seed123_P3-bert-time_step15000 9 6 0 0.04319652006961405
seed123_P3-bert-time_step15000 9 6 1 0.04327044100500643
seed123_P3-bert-time_step15000 9 6 2 0.04156736494041979
seed123_P3-bert-time_step15000 9 6 3 0.04065397393424064
seed123_P3-bert-time_step15000 9 6 4 0.04088915104512125
seed123_P3-bert-time_step15000 9 6 5 0.042849960969761014
seed123_P3-bert-time_step15000 9 6 6 0.04332120798062533
seed123_P3-bert-time_step15000 9 6 7 0.04220557201188058
seed123_P3-bert-time_step15000 9 6 8 0.043755606980994344
seed123_P3-bert-time_step15000 9 6 9 0.04107005801051855
seed123_P3-bert-time_step15000 9 7 0 0.04099800006952137
seed123_P3-bert-time_step15000 9 7 1 0.042813330073840916
seed123_P3-bert-time_step15000 9 7 2 0.04356125497724861
seed123_P3-bert-time_step15000 9 7 3 0.04149615904316306
seed123_P3-bert-time_step15000 9 7 4 0.040873771999031305
seed123_P3-bert-time_step15000 9 7 5 0.042689274065196514
seed123_P3-bert-time_step15000 9 7 6 0.04068014398217201
seed123_P3-bert-time_step15000 9 7 7 0.04066739894915372
seed123_P3-bert-time_step15000 9 7 8 0.04395876394119114
seed123_P3-bert-time_step15000 9 7 9 0.04180252295918763
seed123_P3-bert-time_step15000 9 8 0 0.04252784699201584
seed123_P3-bert-time_step15000 9 8 1 0.042327555012889206
seed123_P3-bert-time_step15000 9 8 2 0.04314286808948964
seed123_P3-bert-time_step15000 9 8 3 0.04133765702135861
seed123_P3-bert-time_step15000 9 8 4 0.04179389600176364
seed123_P3-bert-time_step15000 9 8 5 0.04247883299831301
seed123_P3-bert-time_step15000 9 8 6 0.04146614205092192
seed123_P3-bert-time_step15000 9 8 7 0.04121106502134353
seed123_P3-bert-time_step15000 9 8 8 0.040066343965008855
seed123_P3-bert-time_step15000 9 8 9 0.0421404680237174
seed123_P3-bert-time_step15000 9 9 0 0.04366634599864483
seed123_P3-bert-time_step15000 9 9 1 0.041116426000371575
seed123_P3-bert-time_step15000 9 9 2 0.04107287200167775
seed123_P3-bert-time_step15000 9 9 3 0.04347541299648583
seed123_P3-bert-time_step15000 9 9 4 0.04261204693466425
seed123_P3-bert-time_step15000 9 9 5 0.04233729303814471
seed123_P3-bert-time_step15000 9 9 6 0.04172640899196267
seed123_P3-bert-time_step15000 9 9 7 0.04508399893529713
seed123_P3-bert-time_step15000 9 9 8 0.044683056068606675
seed123_P3-bert-time_step15000 9 9 9 0.04112473095301539
seed123_P3-bert-time_step15000 12 0 0 0.44746403698809445
seed123_P3-bert-time_step15000 12 0 1 0.44650947698391974
seed123_P3-bert-time_step15000 12 0 2 0.45180758798960596
seed123_P3-bert-time_step15000 12 0 3 0.44556483591441065
seed123_P3-bert-time_step15000 12 0 4 0.45186200202442706
seed123_P3-bert-time_step15000 12 0 5 0.4463638209272176
seed123_P3-bert-time_step15000 12 0 6 0.4671784419333562
seed123_P3-bert-time_step15000 12 0 7 0.4529886009404436
seed123_P3-bert-time_step15000 12 0 8 0.44176866102498025
seed123_P3-bert-time_step15000 12 0 9 0.42236734298057854
seed123_P3-bert-time_step15000 12 1 0 0.43898463307414204
seed123_P3-bert-time_step15000 12 1 1 0.44401595706585795
seed123_P3-bert-time_step15000 12 1 2 0.4433844519080594
seed123_P3-bert-time_step15000 12 1 3 0.43972410389687866
seed123_P3-bert-time_step15000 12 1 4 0.42499059496913105
seed123_P3-bert-time_step15000 12 1 5 0.42349021590780467
seed123_P3-bert-time_step15000 12 1 6 0.4183457780163735
seed123_P3-bert-time_step15000 12 1 7 0.4230085469316691
seed123_P3-bert-time_step15000 12 1 8 0.4248027780558914
seed123_P3-bert-time_step15000 12 1 9 0.4170560899656266
seed123_P3-bert-time_step15000 12 2 0 0.4195474700536579
seed123_P3-bert-time_step15000 12 2 1 0.42768496298231184
seed123_P3-bert-time_step15000 12 2 2 0.43117343401536345
seed123_P3-bert-time_step15000 12 2 3 0.4218420849647373
seed123_P3-bert-time_step15000 12 2 4 0.42598939198069274
seed123_P3-bert-time_step15000 12 2 5 0.4239670969545841
seed123_P3-bert-time_step15000 12 2 6 0.4429107620380819
seed123_P3-bert-time_step15000 12 2 7 0.44090267398860306
seed123_P3-bert-time_step15000 12 2 8 0.4289792930940166
seed123_P3-bert-time_step15000 12 2 9 0.42998488002922386
seed123_P3-bert-time_step15000 12 3 0 0.4425492730224505
seed123_P3-bert-time_step15000 12 3 1 0.4376905410317704
seed123_P3-bert-time_step15000 12 3 2 0.44443752407096326
seed123_P3-bert-time_step15000 12 3 3 0.4415687049040571
seed123_P3-bert-time_step15000 12 3 4 0.43785858200863004
seed123_P3-bert-time_step15000 12 3 5 0.4218320979271084
seed123_P3-bert-time_step15000 12 3 6 0.4297899999655783
seed123_P3-bert-time_step15000 12 3 7 0.44164303794968873
seed123_P3-bert-time_step15000 12 3 8 0.4303957049269229
seed123_P3-bert-time_step15000 12 3 9 0.4467616470064968
seed123_P3-bert-time_step15000 12 4 0 0.44151473289821297
seed123_P3-bert-time_step15000 12 4 1 0.45110502699390054
seed123_P3-bert-time_step15000 12 4 2 0.42963333206716925
seed123_P3-bert-time_step15000 12 4 3 0.4439815969672054
seed123_P3-bert-time_step15000 12 4 4 0.44219468103256077
seed123_P3-bert-time_step15000 12 4 5 0.43618901108857244
seed123_P3-bert-time_step15000 12 4 6 0.44976570503786206
seed123_P3-bert-time_step15000 12 4 7 0.4425419429317117
seed123_P3-bert-time_step15000 12 4 8 0.44719773007091135
seed123_P3-bert-time_step15000 12 4 9 0.438666655914858
seed123_P3-bert-time_step15000 12 5 0 0.436214181012474
seed123_P3-bert-time_step15000 12 5 1 0.4367905289400369
seed123_P3-bert-time_step15000 12 5 2 0.43229611101560295
seed123_P3-bert-time_step15000 12 5 3 0.43162491195835173
seed123_P3-bert-time_step15000 12 5 4 0.4327143389964476
seed123_P3-bert-time_step15000 12 5 5 0.4300979409599677
seed123_P3-bert-time_step15000 12 5 6 0.43213449406903237
seed123_P3-bert-time_step15000 12 5 7 0.43353617598768324
seed123_P3-bert-time_step15000 12 5 8 0.43086392199620605
seed123_P3-bert-time_step15000 12 5 9 0.4370685210451484
seed123_P3-bert-time_step15000 12 6 0 0.4253234500065446
seed123_P3-bert-time_step15000 12 6 1 0.4417887709569186
seed123_P3-bert-time_step15000 12 6 2 0.4394461039919406
seed123_P3-bert-time_step15000 12 6 3 0.446329457918182
seed123_P3-bert-time_step15000 12 6 4 0.4331769730197266
seed123_P3-bert-time_step15000 12 6 5 0.4286613749573007
seed123_P3-bert-time_step15000 12 6 6 0.42537090205587447
seed123_P3-bert-time_step15000 12 6 7 0.4269423079676926
seed123_P3-bert-time_step15000 12 6 8 0.4305262310663238
seed123_P3-bert-time_step15000 12 6 9 0.4344004560261965
seed123_P3-bert-time_step15000 12 7 0 0.42984501202590764
seed123_P3-bert-time_step15000 12 7 1 0.43043912400025874
seed123_P3-bert-time_step15000 12 7 2 0.4124510010005906
seed123_P3-bert-time_step15000 12 7 3 0.436948876013048
seed123_P3-bert-time_step15000 12 7 4 0.4199746149824932
seed123_P3-bert-time_step15000 12 7 5 0.4214179270202294
seed123_P3-bert-time_step15000 12 7 6 0.4155838550068438
seed123_P3-bert-time_step15000 12 7 7 0.4278940939111635
seed123_P3-bert-time_step15000 12 7 8 0.43792122101876885
seed123_P3-bert-time_step15000 12 7 9 0.4391013700515032
seed123_P3-bert-time_step15000 12 8 0 0.42525317100808024
seed123_P3-bert-time_step15000 12 8 1 0.4318653449881822
seed123_P3-bert-time_step15000 12 8 2 0.4320823699235916
seed123_P3-bert-time_step15000 12 8 3 0.420909579959698
seed123_P3-bert-time_step15000 12 8 4 0.4107668320648372
seed123_P3-bert-time_step15000 12 8 5 0.41496581805404276
seed123_P3-bert-time_step15000 12 8 6 0.4195264829322696
seed123_P3-bert-time_step15000 12 8 7 0.41846569103654474
seed123_P3-bert-time_step15000 12 8 8 0.4126928559271619
seed123_P3-bert-time_step15000 12 8 9 0.42154665500856936
seed123_P3-bert-time_step15000 12 9 0 0.41497023799456656
seed123_P3-bert-time_step15000 12 9 1 0.4284799430752173
seed123_P3-bert-time_step15000 12 9 2 0.41675314703024924
seed123_P3-bert-time_step15000 12 9 3 0.42127103090751916
seed123_P3-bert-time_step15000 12 9 4 0.4247958209598437
seed123_P3-bert-time_step15000 12 9 5 0.4170789889758453
seed123_P3-bert-time_step15000 12 9 6 0.4225089820101857
seed123_P3-bert-time_step15000 12 9 7 0.4103389889933169
seed123_P3-bert-time_step15000 12 9 8 0.4221413910854608
seed123_P3-bert-time_step15000 12 9 9 0.41835526295471936
seed123_P3-bert-time_step15000 18 0 0 0.1022952520288527
seed123_P3-bert-time_step15000 18 0 1 0.09848433802835643
seed123_P3-bert-time_step15000 18 0 2 0.09974373900331557
seed123_P3-bert-time_step15000 18 0 3 0.10448709200136364
seed123_P3-bert-time_step15000 18 0 4 0.10142094606999308
seed123_P3-bert-time_step15000 18 0 5 0.09851500589866191
seed123_P3-bert-time_step15000 18 0 6 0.10018870700150728
seed123_P3-bert-time_step15000 18 0 7 0.09924271400086582
seed123_P3-bert-time_step15000 18 0 8 0.10036111599765718
seed123_P3-bert-time_step15000 18 0 9 0.09544325002934784
seed123_P3-bert-time_step15000 18 1 0 0.10675835201982409
seed123_P3-bert-time_step15000 18 1 1 0.10187083401251584
seed123_P3-bert-time_step15000 18 1 2 0.10395399492699653
seed123_P3-bert-time_step15000 18 1 3 0.09873813204467297
seed123_P3-bert-time_step15000 18 1 4 0.10059768601786345
seed123_P3-bert-time_step15000 18 1 5 0.10123556305188686
seed123_P3-bert-time_step15000 18 1 6 0.09931837697513402
seed123_P3-bert-time_step15000 18 1 7 0.10212473897263408
seed123_P3-bert-time_step15000 18 1 8 0.10535955405794084
seed123_P3-bert-time_step15000 18 1 9 0.10054525802843273
seed123_P3-bert-time_step15000 18 2 0 0.09940300998277962
seed123_P3-bert-time_step15000 18 2 1 0.10092045192141086
seed123_P3-bert-time_step15000 18 2 2 0.09857400902546942
seed123_P3-bert-time_step15000 18 2 3 0.09942333796061575
seed123_P3-bert-time_step15000 18 2 4 0.09881345508620143
seed123_P3-bert-time_step15000 18 2 5 0.09979122993536294
seed123_P3-bert-time_step15000 18 2 6 0.09886544395703822
seed123_P3-bert-time_step15000 18 2 7 0.09913081000559032
seed123_P3-bert-time_step15000 18 2 8 0.10233396699186414
seed123_P3-bert-time_step15000 18 2 9 0.09922374796587974
seed123_P3-bert-time_step15000 18 3 0 0.1038218840258196
seed123_P3-bert-time_step15000 18 3 1 0.10622367297764868
seed123_P3-bert-time_step15000 18 3 2 0.10617355594877154
seed123_P3-bert-time_step15000 18 3 3 0.10145200602710247
seed123_P3-bert-time_step15000 18 3 4 0.09670300304424018
seed123_P3-bert-time_step15000 18 3 5 0.09880037105176598
seed123_P3-bert-time_step15000 18 3 6 0.10109606699552387
seed123_P3-bert-time_step15000 18 3 7 0.09860490798018873
seed123_P3-bert-time_step15000 18 3 8 0.10031139105558395
seed123_P3-bert-time_step15000 18 3 9 0.09869396698195487
seed123_P3-bert-time_step15000 18 4 0 0.0985357960453257
seed123_P3-bert-time_step15000 18 4 1 0.10145101393572986
seed123_P3-bert-time_step15000 18 4 2 0.1009540770901367
seed123_P3-bert-time_step15000 18 4 3 0.10288755304645747
seed123_P3-bert-time_step15000 18 4 4 0.10140265105292201
seed123_P3-bert-time_step15000 18 4 5 0.10410049604251981
seed123_P3-bert-time_step15000 18 4 6 0.10026571399066597
seed123_P3-bert-time_step15000 18 4 7 0.1048224619589746
seed123_P3-bert-time_step15000 18 4 8 0.1012463339138776
seed123_P3-bert-time_step15000 18 4 9 0.09969695005565882
seed123_P3-bert-time_step15000 18 5 0 0.09821414295583963
seed123_P3-bert-time_step15000 18 5 1 0.10177811805624515
seed123_P3-bert-time_step15000 18 5 2 0.09925489709712565
seed123_P3-bert-time_step15000 18 5 3 0.10024660790804774
seed123_P3-bert-time_step15000 18 5 4 0.1014353740029037
seed123_P3-bert-time_step15000 18 5 5 0.10067651700228453
seed123_P3-bert-time_step15000 18 5 6 0.09789546602405608
seed123_P3-bert-time_step15000 18 5 7 0.09856988093815744
seed123_P3-bert-time_step15000 18 5 8 0.09465040906798095
seed123_P3-bert-time_step15000 18 5 9 0.10283765802159905
seed123_P3-bert-time_step15000 18 6 0 0.10195551603101194
seed123_P3-bert-time_step15000 18 6 1 0.0988804129883647
seed123_P3-bert-time_step15000 18 6 2 0.09660314198117703
seed123_P3-bert-time_step15000 18 6 3 0.1041209539398551
seed123_P3-bert-time_step15000 18 6 4 0.1063114000717178
seed123_P3-bert-time_step15000 18 6 5 0.11347932706121355
seed123_P3-bert-time_step15000 18 6 6 0.09839653095696121
seed123_P3-bert-time_step15000 18 6 7 0.10310147202108055
seed123_P3-bert-time_step15000 18 6 8 0.11140559194609523
seed123_P3-bert-time_step15000 18 6 9 0.10659831704106182
seed123_P3-bert-time_step15000 18 7 0 0.10744261706713587
seed123_P3-bert-time_step15000 18 7 1 0.1036284159636125
seed123_P3-bert-time_step15000 18 7 2 0.10994551796466112
seed123_P3-bert-time_step15000 18 7 3 0.10515541699714959
seed123_P3-bert-time_step15000 18 7 4 0.10936937993392348
seed123_P3-bert-time_step15000 18 7 5 0.10361382807604969
seed123_P3-bert-time_step15000 18 7 6 0.10671010101214051
seed123_P3-bert-time_step15000 18 7 7 0.10993135208263993
seed123_P3-bert-time_step15000 18 7 8 0.10446785599924624
seed123_P3-bert-time_step15000 18 7 9 0.11031955201178789
seed123_P3-bert-time_step15000 18 8 0 0.10427346604410559
seed123_P3-bert-time_step15000 18 8 1 0.10769120103213936
seed123_P3-bert-time_step15000 18 8 2 0.10387846198864281
seed123_P3-bert-time_step15000 18 8 3 0.10739682102575898
seed123_P3-bert-time_step15000 18 8 4 0.10737001802772284
seed123_P3-bert-time_step15000 18 8 5 0.10516919405199587
seed123_P3-bert-time_step15000 18 8 6 0.10512590105645359
seed123_P3-bert-time_step15000 18 8 7 0.10648964100982994
seed123_P3-bert-time_step15000 18 8 8 0.10326043504755944
seed123_P3-bert-time_step15000 18 8 9 0.10514450597111136
seed123_P3-bert-time_step15000 18 9 0 0.10486481303814799
seed123_P3-bert-time_step15000 18 9 1 0.1008368139155209
seed123_P3-bert-time_step15000 18 9 2 0.10655880300328135
seed123_P3-bert-time_step15000 18 9 3 0.10327545297332108
seed123_P3-bert-time_step15000 18 9 4 0.10238264000508934
seed123_P3-bert-time_step15000 18 9 5 0.10168312699533999
seed123_P3-bert-time_step15000 18 9 6 0.09978339506778866
seed123_P3-bert-time_step15000 18 9 7 0.10377628693822771
seed123_P3-bert-time_step15000 18 9 8 0.10472735099028796
seed123_P3-bert-time_step15000 18 9 9 0.10282060597091913
seed123_P3-bert-time_step15000 22 0 0 0.017721054959110916
seed123_P3-bert-time_step15000 22 0 1 0.015252879005856812
seed123_P3-bert-time_step15000 22 0 2 0.015228683012537658
seed123_P3-bert-time_step15000 22 0 3 0.01565080799628049
seed123_P3-bert-time_step15000 22 0 4 0.015269770985469222
seed123_P3-bert-time_step15000 22 0 5 0.015762762050144374
seed123_P3-bert-time_step15000 22 0 6 0.01547516300342977
seed123_P3-bert-time_step15000 22 0 7 0.015379991964437068
seed123_P3-bert-time_step15000 22 0 8 0.015670514898374677
seed123_P3-bert-time_step15000 22 0 9 0.017040938953869045
seed123_P3-bert-time_step15000 22 1 0 0.015516462037339807
seed123_P3-bert-time_step15000 22 1 1 0.015516052022576332
seed123_P3-bert-time_step15000 22 1 2 0.015776627929881215
seed123_P3-bert-time_step15000 22 1 3 0.015658303047530353
seed123_P3-bert-time_step15000 22 1 4 0.015327392029576004
seed123_P3-bert-time_step15000 22 1 5 0.015279478975571692
seed123_P3-bert-time_step15000 22 1 6 0.015267718001268804
seed123_P3-bert-time_step15000 22 1 7 0.015234453952871263
seed123_P3-bert-time_step15000 22 1 8 0.01574835495557636
seed123_P3-bert-time_step15000 22 1 9 0.01590442203450948
seed123_P3-bert-time_step15000 22 2 0 0.015831633005291224
seed123_P3-bert-time_step15000 22 2 1 0.017826005001552403
seed123_P3-bert-time_step15000 22 2 2 0.015238502062857151
seed123_P3-bert-time_step15000 22 2 3 0.015503917005844414
seed123_P3-bert-time_step15000 22 2 4 0.016170307993888855
seed123_P3-bert-time_step15000 22 2 5 0.015436700079590082
seed123_P3-bert-time_step15000 22 2 6 0.016124852001667023
seed123_P3-bert-time_step15000 22 2 7 0.017559858039021492
seed123_P3-bert-time_step15000 22 2 8 0.02367136999964714
seed123_P3-bert-time_step15000 22 2 9 0.015982750919647515
seed123_P3-bert-time_step15000 22 3 0 0.015575234079733491
seed123_P3-bert-time_step15000 22 3 1 0.015599008998833597
seed123_P3-bert-time_step15000 22 3 2 0.015574112068861723
seed123_P3-bert-time_step15000 22 3 3 0.01547207694966346
seed123_P3-bert-time_step15000 22 3 4 0.015487766941078007
seed123_P3-bert-time_step15000 22 3 5 0.0155342360958457
seed123_P3-bert-time_step15000 22 3 6 0.01676423999015242
seed123_P3-bert-time_step15000 22 3 7 0.015734677901491523
seed123_P3-bert-time_step15000 22 3 8 0.015535458107478917
seed123_P3-bert-time_step15000 22 3 9 0.01580797811038792
seed123_P3-bert-time_step15000 22 4 0 0.015783731010742486
seed123_P3-bert-time_step15000 22 4 1 0.015687488950788975
seed123_P3-bert-time_step15000 22 4 2 0.015594711061567068
seed123_P3-bert-time_step15000 22 4 3 0.015479551977477968
seed123_P3-bert-time_step15000 22 4 4 0.015370905050076544
seed123_P3-bert-time_step15000 22 4 5 0.01527011301368475
seed123_P3-bert-time_step15000 22 4 6 0.01887979405000806
seed123_P3-bert-time_step15000 22 4 7 0.02496518602129072
seed123_P3-bert-time_step15000 22 4 8 0.016038045985624194
seed123_P3-bert-time_step15000 22 4 9 0.017198748886585236
seed123_P3-bert-time_step15000 22 5 0 0.020038602990098298
seed123_P3-bert-time_step15000 22 5 1 0.018815911025740206
seed123_P3-bert-time_step15000 22 5 2 0.015879363985732198
seed123_P3-bert-time_step15000 22 5 3 0.015653030946850777
seed123_P3-bert-time_step15000 22 5 4 0.015953004942275584
seed123_P3-bert-time_step15000 22 5 5 0.016888045938685536
seed123_P3-bert-time_step15000 22 5 6 0.016160740982741117
seed123_P3-bert-time_step15000 22 5 7 0.01546298002358526
seed123_P3-bert-time_step15000 22 5 8 0.015434436034411192
seed123_P3-bert-time_step15000 22 5 9 0.01584543799981475
seed123_P3-bert-time_step15000 22 6 0 0.015246015973389149
seed123_P3-bert-time_step15000 22 6 1 0.01538255694322288
seed123_P3-bert-time_step15000 22 6 2 0.015504930051974952
seed123_P3-bert-time_step15000 22 6 3 0.015464492957107723
seed123_P3-bert-time_step15000 22 6 4 0.015630698995664716
seed123_P3-bert-time_step15000 22 6 5 0.01694161898922175
seed123_P3-bert-time_step15000 22 6 6 0.015502404072321951
seed123_P3-bert-time_step15000 22 6 7 0.01573306496720761
seed123_P3-bert-time_step15000 22 6 8 0.016266081016510725
seed123_P3-bert-time_step15000 22 6 9 0.01624761603306979
seed123_P3-bert-time_step15000 22 7 0 0.01527921890374273
seed123_P3-bert-time_step15000 22 7 1 0.016421086969785392
seed123_P3-bert-time_step15000 22 7 2 0.01539628196042031
seed123_P3-bert-time_step15000 22 7 3 0.015939789940603077
seed123_P3-bert-time_step15000 22 7 4 0.017756502027623355
seed123_P3-bert-time_step15000 22 7 5 0.01646461896598339
seed123_P3-bert-time_step15000 22 7 6 0.0169176219496876
seed123_P3-bert-time_step15000 22 7 7 0.01839354692492634
seed123_P3-bert-time_step15000 22 7 8 0.016547336941584945
seed123_P3-bert-time_step15000 22 7 9 0.015702888020314276
seed123_P3-bert-time_step15000 22 8 0 0.015454935026355088
seed123_P3-bert-time_step15000 22 8 1 0.015870396979153156
seed123_P3-bert-time_step15000 22 8 2 0.016635886044241488
seed123_P3-bert-time_step15000 22 8 3 0.016232358058914542
seed123_P3-bert-time_step15000 22 8 4 0.015467869001440704
seed123_P3-bert-time_step15000 22 8 5 0.01583825598936528
seed123_P3-bert-time_step15000 22 8 6 0.015240013948641717
seed123_P3-bert-time_step15000 22 8 7 0.016051913029514253
seed123_P3-bert-time_step15000 22 8 8 0.015436228946782649
seed123_P3-bert-time_step15000 22 8 9 0.015510029974393547
seed123_P3-bert-time_step15000 22 9 0 0.015717283939011395
seed123_P3-bert-time_step15000 22 9 1 0.015574501943774521
seed123_P3-bert-time_step15000 22 9 2 0.016349198995158076
seed123_P3-bert-time_step15000 22 9 3 0.015751951024867594
seed123_P3-bert-time_step15000 22 9 4 0.015831572003662586
seed123_P3-bert-time_step15000 22 9 5 0.01547525404021144
seed123_P3-bert-time_step15000 22 9 6 0.016105734976008534
seed123_P3-bert-time_step15000 22 9 7 0.015512273996137083
seed123_P3-bert-time_step15000 22 9 8 0.015450716018676758
seed123_P3-bert-time_step15000 22 9 9 0.015590333030559123
seed123_P3-bert-time_step15000 24 0 0 0.018686856026761234
seed123_P3-bert-time_step15000 24 0 1 0.017931376001797616
seed123_P3-bert-time_step15000 24 0 2 0.018511231057345867
seed123_P3-bert-time_step15000 24 0 3 0.01726154994685203
seed123_P3-bert-time_step15000 24 0 4 0.017296544974669814
seed123_P3-bert-time_step15000 24 0 5 0.019925647997297347
seed123_P3-bert-time_step15000 24 0 6 0.018088927026838064
seed123_P3-bert-time_step15000 24 0 7 0.020119125954806805
seed123_P3-bert-time_step15000 24 0 8 0.017920054960995913
seed123_P3-bert-time_step15000 24 0 9 0.018289949977770448
seed123_P3-bert-time_step15000 24 1 0 0.018557650037109852
seed123_P3-bert-time_step15000 24 1 1 0.018476805998943746
seed123_P3-bert-time_step15000 24 1 2 0.017352080903947353
seed123_P3-bert-time_step15000 24 1 3 0.01733128202613443
seed123_P3-bert-time_step15000 24 1 4 0.01702303404454142
seed123_P3-bert-time_step15000 24 1 5 0.01704293303191662
seed123_P3-bert-time_step15000 24 1 6 0.01704112801235169
seed123_P3-bert-time_step15000 24 1 7 0.017580467043444514
seed123_P3-bert-time_step15000 24 1 8 0.01842213107738644
seed123_P3-bert-time_step15000 24 1 9 0.01704137900378555
seed123_P3-bert-time_step15000 24 2 0 0.017110880929976702
seed123_P3-bert-time_step15000 24 2 1 0.01726835104636848
seed123_P3-bert-time_step15000 24 2 2 0.017054465017281473
seed123_P3-bert-time_step15000 24 2 3 0.01701180194504559
seed123_P3-bert-time_step15000 24 2 4 0.01700209395494312
seed123_P3-bert-time_step15000 24 2 5 0.017019868013449013
seed123_P3-bert-time_step15000 24 2 6 0.017852875986136496
seed123_P3-bert-time_step15000 24 2 7 0.01792017393745482
seed123_P3-bert-time_step15000 24 2 8 0.017218347056768835
seed123_P3-bert-time_step15000 24 2 9 0.017955522052943707
seed123_P3-bert-time_step15000 24 3 0 0.022373043932020664
seed123_P3-bert-time_step15000 24 3 1 0.01987769699189812
seed123_P3-bert-time_step15000 24 3 2 0.01790310093201697
seed123_P3-bert-time_step15000 24 3 3 0.017827398027293384
seed123_P3-bert-time_step15000 24 3 4 0.01958699303213507
seed123_P3-bert-time_step15000 24 3 5 0.01852006698027253
seed123_P3-bert-time_step15000 24 3 6 0.017887151916511357
seed123_P3-bert-time_step15000 24 3 7 0.01733765401877463
seed123_P3-bert-time_step15000 24 3 8 0.01730412000324577
seed123_P3-bert-time_step15000 24 3 9 0.017668063985183835
seed123_P3-bert-time_step15000 24 4 0 0.01728773897048086
seed123_P3-bert-time_step15000 24 4 1 0.017269082949496806
seed123_P3-bert-time_step15000 24 4 2 0.018317893031053245
seed123_P3-bert-time_step15000 24 4 3 0.01843604806344956
seed123_P3-bert-time_step15000 24 4 4 0.017235848936252296
seed123_P3-bert-time_step15000 24 4 5 0.01801514602266252
seed123_P3-bert-time_step15000 24 4 6 0.017278601066209376
seed123_P3-bert-time_step15000 24 4 7 0.017345570027828217
seed123_P3-bert-time_step15000 24 4 8 0.017293469980359077
seed123_P3-bert-time_step15000 24 4 9 0.01728238898795098
seed123_P3-bert-time_step15000 24 5 0 0.017288860981352627
seed123_P3-bert-time_step15000 24 5 1 0.018285099999047816
seed123_P3-bert-time_step15000 24 5 2 0.017287447932176292
seed123_P3-bert-time_step15000 24 5 3 0.017274984042160213
seed123_P3-bert-time_step15000 24 5 4 0.017899314989335835
seed123_P3-bert-time_step15000 24 5 5 0.01730014302302152
seed123_P3-bert-time_step15000 24 5 6 0.01728472299873829
seed123_P3-bert-time_step15000 24 5 7 0.017292178003117442
seed123_P3-bert-time_step15000 24 5 8 0.017248844960704446
seed123_P3-bert-time_step15000 24 5 9 0.019169075996614993
seed123_P3-bert-time_step15000 24 6 0 0.02271843294147402
seed123_P3-bert-time_step15000 24 6 1 0.019727639970369637
seed123_P3-bert-time_step15000 24 6 2 0.017926387023180723
seed123_P3-bert-time_step15000 24 6 3 0.017709041945636272
seed123_P3-bert-time_step15000 24 6 4 0.017030187998898327
seed123_P3-bert-time_step15000 24 6 5 0.017800747067667544
seed123_P3-bert-time_step15000 24 6 6 0.017652773996815085
seed123_P3-bert-time_step15000 24 6 7 0.01999813597649336
seed123_P3-bert-time_step15000 24 6 8 0.019355730968527496
seed123_P3-bert-time_step15000 24 6 9 0.017795194988138974
seed123_P3-bert-time_step15000 24 7 0 0.01729467196855694
seed123_P3-bert-time_step15000 24 7 1 0.01718650502152741
seed123_P3-bert-time_step15000 24 7 2 0.01762476097792387
seed123_P3-bert-time_step15000 24 7 3 0.018774723052047193
seed123_P3-bert-time_step15000 24 7 4 0.017808501957915723
seed123_P3-bert-time_step15000 24 7 5 0.019237266038544476
seed123_P3-bert-time_step15000 24 7 6 0.019753569969907403
seed123_P3-bert-time_step15000 24 7 7 0.018537221010774374
seed123_P3-bert-time_step15000 24 7 8 0.02179442101623863
seed123_P3-bert-time_step15000 24 7 9 0.018109355005435646
seed123_P3-bert-time_step15000 24 8 0 0.01861454895697534
seed123_P3-bert-time_step15000 24 8 1 0.017219078028574586
seed123_P3-bert-time_step15000 24 8 2 0.01873312401585281
seed123_P3-bert-time_step15000 24 8 3 0.01944395003374666
seed123_P3-bert-time_step15000 24 8 4 0.018282525008544326
seed123_P3-bert-time_step15000 24 8 5 0.0172867780784145
seed123_P3-bert-time_step15000 24 8 6 0.018836401985026896
seed123_P3-bert-time_step15000 24 8 7 0.017271767952479422
seed123_P3-bert-time_step15000 24 8 8 0.01887198002077639
seed123_P3-bert-time_step15000 24 8 9 0.017540920991450548
seed123_P3-bert-time_step15000 24 9 0 0.017846834962256253
seed123_P3-bert-time_step15000 24 9 1 0.020244155079126358
seed123_P3-bert-time_step15000 24 9 2 0.01916330400854349
seed123_P3-bert-time_step15000 24 9 3 0.017601356958039105
seed123_P3-bert-time_step15000 24 9 4 0.017567371018230915
seed123_P3-bert-time_step15000 24 9 5 0.0173551170155406
seed123_P3-bert-time_step15000 24 9 6 0.017335940967313945
seed123_P3-bert-time_step15000 24 9 7 0.01763773604761809
seed123_P3-bert-time_step15000 24 9 8 0.017537645064294338
seed123_P3-bert-time_step15000 24 9 9 0.020260354969650507
seed123_P3-bert-time_step15000 30 0 0 0.03473938105162233
seed123_P3-bert-time_step15000 30 0 1 0.028384395060129464
seed123_P3-bert-time_step15000 30 0 2 0.029598389053717256
seed123_P3-bert-time_step15000 30 0 3 0.028083571000024676
seed123_P3-bert-time_step15000 30 0 4 0.02947101602330804
seed123_P3-bert-time_step15000 30 0 5 0.02841447200626135
seed123_P3-bert-time_step15000 30 0 6 0.0292973950272426
seed123_P3-bert-time_step15000 30 0 7 0.02701017400249839
seed123_P3-bert-time_step15000 30 0 8 0.028667775099165738
seed123_P3-bert-time_step15000 30 0 9 0.032249292940832675
seed123_P3-bert-time_step15000 30 1 0 0.02814196201507002
seed123_P3-bert-time_step15000 30 1 1 0.02705781499389559
seed123_P3-bert-time_step15000 30 1 2 0.027620407985523343
seed123_P3-bert-time_step15000 30 1 3 0.02862242900300771
seed123_P3-bert-time_step15000 30 1 4 0.02786652697250247
seed123_P3-bert-time_step15000 30 1 5 0.028264416032470763
seed123_P3-bert-time_step15000 30 1 6 0.028227525064721704
seed123_P3-bert-time_step15000 30 1 7 0.03502277994994074
seed123_P3-bert-time_step15000 30 1 8 0.02774809196125716
seed123_P3-bert-time_step15000 30 1 9 0.02713503292761743
seed123_P3-bert-time_step15000 30 2 0 0.027761196019127965
seed123_P3-bert-time_step15000 30 2 1 0.02721826103515923
seed123_P3-bert-time_step15000 30 2 2 0.03222245199140161
seed123_P3-bert-time_step15000 30 2 3 0.0287059280090034
seed123_P3-bert-time_step15000 30 2 4 0.02921227307524532
seed123_P3-bert-time_step15000 30 2 5 0.029448402929119766
seed123_P3-bert-time_step15000 30 2 6 0.028950945008546114
seed123_P3-bert-time_step15000 30 2 7 0.028621446923352778
seed123_P3-bert-time_step15000 30 2 8 0.028585858992300928
seed123_P3-bert-time_step15000 30 2 9 0.027971497969701886
seed123_P3-bert-time_step15000 30 3 0 0.02895836904644966
seed123_P3-bert-time_step15000 30 3 1 0.029687387985177338
seed123_P3-bert-time_step15000 30 3 2 0.02842814801260829
seed123_P3-bert-time_step15000 30 3 3 0.02778362890239805
seed123_P3-bert-time_step15000 30 3 4 0.026545247994363308
seed123_P3-bert-time_step15000 30 3 5 0.028111244086176157
seed123_P3-bert-time_step15000 30 3 6 0.0284459819085896
seed123_P3-bert-time_step15000 30 3 7 0.027664121007546782
seed123_P3-bert-time_step15000 30 3 8 0.03242291393689811
seed123_P3-bert-time_step15000 30 3 9 0.029932847013697028
seed123_P3-bert-time_step15000 30 4 0 0.030959704075939953
seed123_P3-bert-time_step15000 30 4 1 0.02942338597495109
seed123_P3-bert-time_step15000 30 4 2 0.028611368034034967
seed123_P3-bert-time_step15000 30 4 3 0.027344892965629697
seed123_P3-bert-time_step15000 30 4 4 0.027313282946124673
seed123_P3-bert-time_step15000 30 4 5 0.02735505299642682
seed123_P3-bert-time_step15000 30 4 6 0.030177714070305228
seed123_P3-bert-time_step15000 30 4 7 0.03208473906852305
seed123_P3-bert-time_step15000 30 4 8 0.0297714089974761
seed123_P3-bert-time_step15000 30 4 9 0.029669916024431586
seed123_P3-bert-time_step15000 30 5 0 0.028812760952860117
seed123_P3-bert-time_step15000 30 5 1 0.028497569961473346
seed123_P3-bert-time_step15000 30 5 2 0.02760193299036473
seed123_P3-bert-time_step15000 30 5 3 0.028105131932534277
seed123_P3-bert-time_step15000 30 5 4 0.028540892992168665
seed123_P3-bert-time_step15000 30 5 5 0.0289970429148525
seed123_P3-bert-time_step15000 30 5 6 0.03132887801621109
seed123_P3-bert-time_step15000 30 5 7 0.02976769197266549
seed123_P3-bert-time_step15000 30 5 8 0.028927749954164028
seed123_P3-bert-time_step15000 30 5 9 0.028235079953446984
seed123_P3-bert-time_step15000 30 6 0 0.02688747097272426
seed123_P3-bert-time_step15000 30 6 1 0.02884611499030143
seed123_P3-bert-time_step15000 30 6 2 0.02864953991957009
seed123_P3-bert-time_step15000 30 6 3 0.028044617036357522
seed123_P3-bert-time_step15000 30 6 4 0.028283621999435127
seed123_P3-bert-time_step15000 30 6 5 0.0273777759866789
seed123_P3-bert-time_step15000 30 6 6 0.026809050934389234
seed123_P3-bert-time_step15000 30 6 7 0.030181000009179115
seed123_P3-bert-time_step15000 30 6 8 0.027312531019560993
seed123_P3-bert-time_step15000 30 6 9 0.028455919935368
seed123_P3-bert-time_step15000 30 7 0 0.026984194992110133
seed123_P3-bert-time_step15000 30 7 1 0.026961912983097136
seed123_P3-bert-time_step15000 30 7 2 0.030866755987517536
seed123_P3-bert-time_step15000 30 7 3 0.029602676979266107
seed123_P3-bert-time_step15000 30 7 4 0.028552485979162157
seed123_P3-bert-time_step15000 30 7 5 0.02805753191933036
seed123_P3-bert-time_step15000 30 7 6 0.027660634950734675
seed123_P3-bert-time_step15000 30 7 7 0.02991595398634672
seed123_P3-bert-time_step15000 30 7 8 0.029852463048882782
seed123_P3-bert-time_step15000 30 7 9 0.02742958499584347
seed123_P3-bert-time_step15000 30 8 0 0.026570345973595977
seed123_P3-bert-time_step15000 30 8 1 0.02670550299808383
seed123_P3-bert-time_step15000 30 8 2 0.028529450995847583
seed123_P3-bert-time_step15000 30 8 3 0.028782963985577226
seed123_P3-bert-time_step15000 30 8 4 0.030760584981180727
seed123_P3-bert-time_step15000 30 8 5 0.029180011013522744
seed123_P3-bert-time_step15000 30 8 6 0.028084121993742883
seed123_P3-bert-time_step15000 30 8 7 0.03077012300491333
seed123_P3-bert-time_step15000 30 8 8 0.02965919498819858
seed123_P3-bert-time_step15000 30 8 9 0.027830528910271823
seed123_P3-bert-time_step15000 30 9 0 0.02960310794878751
seed123_P3-bert-time_step15000 30 9 1 0.027713185059837997
seed123_P3-bert-time_step15000 30 9 2 0.027230264036916196
seed123_P3-bert-time_step15000 30 9 3 0.030631658039055765
seed123_P3-bert-time_step15000 30 9 4 0.02837016701232642
seed123_P3-bert-time_step15000 30 9 5 0.02656400401610881
seed123_P3-bert-time_step15000 30 9 6 0.02698643004987389
seed123_P3-bert-time_step15000 30 9 7 0.02732059604022652
seed123_P3-bert-time_step15000 30 9 8 0.028945944970473647
seed123_P3-bert-time_step15000 30 9 9 0.027877046959474683
seed123_P3-bert-time_step15000 33 0 0 0.007180479005910456
seed123_P3-bert-time_step15000 33 0 1 0.006400043028406799
seed123_P3-bert-time_step15000 33 0 2 0.006057568942196667
seed123_P3-bert-time_step15000 33 0 3 0.006219938048161566
seed123_P3-bert-time_step15000 33 0 4 0.006477279006503522
seed123_P3-bert-time_step15000 33 0 5 0.006510622915811837
seed123_P3-bert-time_step15000 33 0 6 0.006532112951390445
seed123_P3-bert-time_step15000 33 0 7 0.006170472945086658
seed123_P3-bert-time_step15000 33 0 8 0.006160093937069178
seed123_P3-bert-time_step15000 33 0 9 0.006158281001262367
seed123_P3-bert-time_step15000 33 1 0 0.006145636085420847
seed123_P3-bert-time_step15000 33 1 1 0.006120688980445266
seed123_P3-bert-time_step15000 33 1 2 0.0062071740394458175
seed123_P3-bert-time_step15000 33 1 3 0.006125298095867038
seed123_P3-bert-time_step15000 33 1 4 0.00610716303344816
seed123_P3-bert-time_step15000 33 1 5 0.006093997973948717
seed123_P3-bert-time_step15000 33 1 6 0.0076808229787275195
seed123_P3-bert-time_step15000 33 1 7 0.008446704014204443
seed123_P3-bert-time_step15000 33 1 8 0.006498889997601509
seed123_P3-bert-time_step15000 33 1 9 0.00612281309440732
seed123_P3-bert-time_step15000 33 2 0 0.006073007942177355
seed123_P3-bert-time_step15000 33 2 1 0.0063487429870292544
seed123_P3-bert-time_step15000 33 2 2 0.006549096084199846
seed123_P3-bert-time_step15000 33 2 3 0.0061053900280967355
seed123_P3-bert-time_step15000 33 2 4 0.006078317994251847
seed123_P3-bert-time_step15000 33 2 5 0.006099910009652376
seed123_P3-bert-time_step15000 33 2 6 0.0061002400470897555
seed123_P3-bert-time_step15000 33 2 7 0.006538063986226916
seed123_P3-bert-time_step15000 33 2 8 0.006717046024277806
seed123_P3-bert-time_step15000 33 2 9 0.0061268709832802415
seed123_P3-bert-time_step15000 33 3 0 0.006801577052101493
seed123_P3-bert-time_step15000 33 3 1 0.00807550607714802
seed123_P3-bert-time_step15000 33 3 2 0.0061195880407467484
seed123_P3-bert-time_step15000 33 3 3 0.006207905011251569
seed123_P3-bert-time_step15000 33 3 4 0.00633445696439594
seed123_P3-bert-time_step15000 33 3 5 0.006263791001401842
seed123_P3-bert-time_step15000 33 3 6 0.006142230937257409
seed123_P3-bert-time_step15000 33 3 7 0.0062693419167771935
seed123_P3-bert-time_step15000 33 3 8 0.006061405991204083
seed123_P3-bert-time_step15000 33 3 9 0.0060993279330432415
seed123_P3-bert-time_step15000 33 4 0 0.006218515918590128
seed123_P3-bert-time_step15000 33 4 1 0.006116981967352331
seed123_P3-bert-time_step15000 33 4 2 0.006236399989575148
seed123_P3-bert-time_step15000 33 4 3 0.006128754001110792
seed123_P3-bert-time_step15000 33 4 4 0.006091965013183653
seed123_P3-bert-time_step15000 33 4 5 0.006114326999522746
seed123_P3-bert-time_step15000 33 4 6 0.006107253022491932
seed123_P3-bert-time_step15000 33 4 7 0.00611139100510627
seed123_P3-bert-time_step15000 33 4 8 0.006155365030281246
seed123_P3-bert-time_step15000 33 4 9 0.006129547022283077
seed123_P3-bert-time_step15000 33 5 0 0.0065630319295451045
seed123_P3-bert-time_step15000 33 5 1 0.006099158083088696
seed123_P3-bert-time_step15000 33 5 2 0.0060961320996284485
seed123_P3-bert-time_step15000 33 5 3 0.007656457019038498
seed123_P3-bert-time_step15000 33 5 4 0.009304218925535679
seed123_P3-bert-time_step15000 33 5 5 0.006620631902478635
seed123_P3-bert-time_step15000 33 5 6 0.006050024996511638
seed123_P3-bert-time_step15000 33 5 7 0.006090280949138105
seed123_P3-bert-time_step15000 33 5 8 0.006079921033233404
seed123_P3-bert-time_step15000 33 5 9 0.006080892984755337
seed123_P3-bert-time_step15000 33 6 0 0.006112504051998258
seed123_P3-bert-time_step15000 33 6 1 0.006109067006036639
seed123_P3-bert-time_step15000 33 6 2 0.0060976449167355895
seed123_P3-bert-time_step15000 33 6 3 0.006088207010179758
seed123_P3-bert-time_step15000 33 6 4 0.0060946299927309155
seed123_P3-bert-time_step15000 33 6 5 0.006096302065998316
seed123_P3-bert-time_step15000 33 6 6 0.006111301016062498
seed123_P3-bert-time_step15000 33 6 7 0.006112462957389653
seed123_P3-bert-time_step15000 33 6 8 0.006087095011025667
seed123_P3-bert-time_step15000 33 6 9 0.006097524892538786
seed123_P3-bert-time_step15000 33 7 0 0.006108946981839836
seed123_P3-bert-time_step15000 33 7 1 0.00612328399438411
seed123_P3-bert-time_step15000 33 7 2 0.0061276929918676615
seed123_P3-bert-time_step15000 33 7 3 0.006131169036962092
seed123_P3-bert-time_step15000 33 7 4 0.006067556911148131
seed123_P3-bert-time_step15000 33 7 5 0.006086254026740789
seed123_P3-bert-time_step15000 33 7 6 0.00613908504601568
seed123_P3-bert-time_step15000 33 7 7 0.006222872994840145
seed123_P3-bert-time_step15000 33 7 8 0.006118333898484707
seed123_P3-bert-time_step15000 33 7 9 0.006155525101348758
seed123_P3-bert-time_step15000 33 8 0 0.1950243019964546
seed123_P3-bert-time_step15000 33 8 1 0.006320599932223558
seed123_P3-bert-time_step15000 33 8 2 0.006275824038311839
seed123_P3-bert-time_step15000 33 8 3 0.006169973057694733
seed123_P3-bert-time_step15000 33 8 4 0.006069722003303468
seed123_P3-bert-time_step15000 33 8 5 0.00606202706694603
seed123_P3-bert-time_step15000 33 8 6 0.006047650007531047
seed123_P3-bert-time_step15000 33 8 7 0.006032059900462627
seed123_P3-bert-time_step15000 33 8 8 0.00619825697503984
seed123_P3-bert-time_step15000 33 8 9 0.006032580975443125
seed123_P3-bert-time_step15000 33 9 0 0.006273970939218998
seed123_P3-bert-time_step15000 33 9 1 0.006248513935133815
seed123_P3-bert-time_step15000 33 9 2 0.006222301977686584
seed123_P3-bert-time_step15000 33 9 3 0.006214457098394632
seed123_P3-bert-time_step15000 33 9 4 0.006210530060343444
seed123_P3-bert-time_step15000 33 9 5 0.006420210003852844
seed123_P3-bert-time_step15000 33 9 6 0.006185041973367333
seed123_P3-bert-time_step15000 33 9 7 0.0062067629769444466
seed123_P3-bert-time_step15000 33 9 8 0.006220579030923545
seed123_P3-bert-time_step15000 33 9 9 0.006194118992425501
seed123_P3-bert-time_step15000 36 0 0 0.006650319090113044
seed123_P3-bert-time_step15000 36 0 1 0.006613609031774104
seed123_P3-bert-time_step15000 36 0 2 0.006591986981220543
seed123_P3-bert-time_step15000 36 0 3 0.006751360953785479
seed123_P3-bert-time_step15000 36 0 4 0.0066355710150673985
seed123_P3-bert-time_step15000 36 0 5 0.006591266021132469
seed123_P3-bert-time_step15000 36 0 6 0.006949919043108821
seed123_P3-bert-time_step15000 36 0 7 0.006747444975189865
seed123_P3-bert-time_step15000 36 0 8 0.006696657044813037
seed123_P3-bert-time_step15000 36 0 9 0.0068785540061071515
seed123_P3-bert-time_step15000 36 1 0 0.007090206956490874
seed123_P3-bert-time_step15000 36 1 1 0.006957064033485949
seed123_P3-bert-time_step15000 36 1 2 0.006939960992895067
seed123_P3-bert-time_step15000 36 1 3 0.006849949015304446
seed123_P3-bert-time_step15000 36 1 4 0.007238380960188806
seed123_P3-bert-time_step15000 36 1 5 0.006817777059040964
seed123_P3-bert-time_step15000 36 1 6 0.006781960022635758
seed123_P3-bert-time_step15000 36 1 7 0.006852985010482371
seed123_P3-bert-time_step15000 36 1 8 0.006796908914111555
seed123_P3-bert-time_step15000 36 1 9 0.006807158002629876
seed123_P3-bert-time_step15000 36 2 0 0.006876580999232829
seed123_P3-bert-time_step15000 36 2 1 0.006907679955475032
seed123_P3-bert-time_step15000 36 2 2 0.006628717062994838
seed123_P3-bert-time_step15000 36 2 3 0.006662762025371194
seed123_P3-bert-time_step15000 36 2 4 0.006605413043871522
seed123_P3-bert-time_step15000 36 2 5 0.00664879591204226
seed123_P3-bert-time_step15000 36 2 6 0.006644457927905023
seed123_P3-bert-time_step15000 36 2 7 0.006628686911426485
seed123_P3-bert-time_step15000 36 2 8 0.006663582986220717
seed123_P3-bert-time_step15000 36 2 9 0.008210093015804887
seed123_P3-bert-time_step15000 36 3 0 0.008618540945462883
seed123_P3-bert-time_step15000 36 3 1 0.006637142971158028
seed123_P3-bert-time_step15000 36 3 2 0.006622196058742702
seed123_P3-bert-time_step15000 36 3 3 0.006924100918695331
seed123_P3-bert-time_step15000 36 3 4 0.006607135990634561
seed123_P3-bert-time_step15000 36 3 5 0.006634628982283175
seed123_P3-bert-time_step15000 36 3 6 0.006747634033672512
seed123_P3-bert-time_step15000 36 3 7 0.006604301044717431
seed123_P3-bert-time_step15000 36 3 8 0.006615331978537142
seed123_P3-bert-time_step15000 36 3 9 0.006663754000328481
seed123_P3-bert-time_step15000 36 4 0 0.006580926012247801
seed123_P3-bert-time_step15000 36 4 1 0.006625350913964212
seed123_P3-bert-time_step15000 36 4 2 0.006593920988962054
seed123_P3-bert-time_step15000 36 4 3 0.006592689082026482
seed123_P3-bert-time_step15000 36 4 4 0.006601175060495734
seed123_P3-bert-time_step15000 36 4 5 0.006710121990181506
seed123_P3-bert-time_step15000 36 4 6 0.006603830028325319
seed123_P3-bert-time_step15000 36 4 7 0.006622735993005335
seed123_P3-bert-time_step15000 36 4 8 0.006593751022592187
seed123_P3-bert-time_step15000 36 4 9 0.006602788111194968
seed123_P3-bert-time_step15000 36 5 0 0.0065991709707304835
seed123_P3-bert-time_step15000 36 5 1 0.00660041393712163
seed123_P3-bert-time_step15000 36 5 2 0.006597538013011217
seed123_P3-bert-time_step15000 36 5 3 0.006643224973231554
seed123_P3-bert-time_step15000 36 5 4 0.006611976074054837
seed123_P3-bert-time_step15000 36 5 5 0.006603971007280052
seed123_P3-bert-time_step15000 36 5 6 0.0066090699983760715
seed123_P3-bert-time_step15000 36 5 7 0.006592288031242788
seed123_P3-bert-time_step15000 36 5 8 0.006672441028058529
seed123_P3-bert-time_step15000 36 5 9 0.006784864934161305
seed123_P3-bert-time_step15000 36 6 0 0.006865178933367133
seed123_P3-bert-time_step15000 36 6 1 0.006767622893676162
seed123_P3-bert-time_step15000 36 6 2 0.006741152028553188
seed123_P3-bert-time_step15000 36 6 3 0.00678488495759666
seed123_P3-bert-time_step15000 36 6 4 0.0067534950794652104
seed123_P3-bert-time_step15000 36 6 5 0.006716995965689421
seed123_P3-bert-time_step15000 36 6 6 0.006748746964149177
seed123_P3-bert-time_step15000 36 6 7 0.006917839054949582
seed123_P3-bert-time_step15000 36 6 8 0.0070481570437550545
seed123_P3-bert-time_step15000 36 6 9 0.006920835003256798
seed123_P3-bert-time_step15000 36 7 0 0.0069631950464099646
seed123_P3-bert-time_step15000 36 7 1 0.006827695993706584
seed123_P3-bert-time_step15000 36 7 2 0.006923650042153895
seed123_P3-bert-time_step15000 36 7 3 0.006766719976440072
seed123_P3-bert-time_step15000 36 7 4 0.00692153605632484
seed123_P3-bert-time_step15000 36 7 5 0.006816625944338739
seed123_P3-bert-time_step15000 36 7 6 0.006777861970476806
seed123_P3-bert-time_step15000 36 7 7 0.006812397972680628
seed123_P3-bert-time_step15000 36 7 8 0.0068051539128646255
seed123_P3-bert-time_step15000 36 7 9 0.006805213983170688
seed123_P3-bert-time_step15000 36 8 0 0.0066016759956255555
seed123_P3-bert-time_step15000 36 8 1 0.006611674907617271
seed123_P3-bert-time_step15000 36 8 2 0.006609280942939222
seed123_P3-bert-time_step15000 36 8 3 0.006611324963159859
seed123_P3-bert-time_step15000 36 8 4 0.006624929956160486
seed123_P3-bert-time_step15000 36 8 5 0.006775706890039146
seed123_P3-bert-time_step15000 36 8 6 0.006690295063890517
seed123_P3-bert-time_step15000 36 8 7 0.006720331963151693
seed123_P3-bert-time_step15000 36 8 8 0.006593129015527666
seed123_P3-bert-time_step15000 36 8 9 0.007167144096456468
seed123_P3-bert-time_step15000 36 9 0 0.006963687017560005
seed123_P3-bert-time_step15000 36 9 1 0.006963514955714345
seed123_P3-bert-time_step15000 36 9 2 0.006677321041934192
seed123_P3-bert-time_step15000 36 9 3 0.006643234984949231
seed123_P3-bert-time_step15000 36 9 4 0.006652393029071391
seed123_P3-bert-time_step15000 36 9 5 0.00658715795725584
seed123_P3-bert-time_step15000 36 9 6 0.006696798023767769
seed123_P3-bert-time_step15000 36 9 7 0.0067352899350225925
seed123_P3-bert-time_step15000 36 9 8 0.006669826107099652
seed123_P3-bert-time_step15000 36 9 9 0.006622135057114065
seed123_P3-bert-time_step15000 40 0 0 0.004253339022397995
seed123_P3-bert-time_step15000 40 0 1 0.005749181029386818
seed123_P3-bert-time_step15000 40 0 2 0.005645422963425517
seed123_P3-bert-time_step15000 40 0 3 0.005103981005959213
seed123_P3-bert-time_step15000 40 0 4 0.004021797911264002
seed123_P3-bert-time_step15000 40 0 5 0.003988462965935469
seed123_P3-bert-time_step15000 40 0 6 0.004005677066743374
seed123_P3-bert-time_step15000 40 0 7 0.004107180051505566
seed123_P3-bert-time_step15000 40 0 8 0.004052125965245068
seed123_P3-bert-time_step15000 40 0 9 0.004207261023111641
seed123_P3-bert-time_step15000 40 1 0 0.004006718983873725
seed123_P3-bert-time_step15000 40 1 1 0.004015055019408464
seed123_P3-bert-time_step15000 40 1 2 0.004016157006844878
seed123_P3-bert-time_step15000 40 1 3 0.004076181096024811
seed123_P3-bert-time_step15000 40 1 4 0.00400355295278132
seed123_P3-bert-time_step15000 40 1 5 0.006464455043897033
seed123_P3-bert-time_step15000 40 1 6 0.004018520936369896
seed123_P3-bert-time_step15000 40 1 7 0.004163507022894919
seed123_P3-bert-time_step15000 40 1 8 0.004098664969205856
seed123_P3-bert-time_step15000 40 1 9 0.0040001560701057315
seed123_P3-bert-time_step15000 40 2 0 0.004203743999823928
seed123_P3-bert-time_step15000 40 2 1 0.004115856951102614
seed123_P3-bert-time_step15000 40 2 2 0.004251956008374691
seed123_P3-bert-time_step15000 40 2 3 0.004415136994794011
seed123_P3-bert-time_step15000 40 2 4 0.004566996940411627
seed123_P3-bert-time_step15000 40 2 5 0.004182213102467358
seed123_P3-bert-time_step15000 40 2 6 0.0041026019025594
seed123_P3-bert-time_step15000 40 2 7 0.0040571249555796385
seed123_P3-bert-time_step15000 40 2 8 0.003994664992205799
seed123_P3-bert-time_step15000 40 2 9 0.003994595957919955
seed123_P3-bert-time_step15000 40 3 0 0.003939079004339874
seed123_P3-bert-time_step15000 40 3 1 0.004021135973744094
seed123_P3-bert-time_step15000 40 3 2 0.003924382035620511
seed123_P3-bert-time_step15000 40 3 3 0.003898211056366563
seed123_P3-bert-time_step15000 40 3 4 0.003930313047021627
seed123_P3-bert-time_step15000 40 3 5 0.003914654022082686
seed123_P3-bert-time_step15000 40 3 6 0.004043628927320242
seed123_P3-bert-time_step15000 40 3 7 0.003919784096069634
seed123_P3-bert-time_step15000 40 3 8 0.003936805995181203
seed123_P3-bert-time_step15000 40 3 9 0.003919012029655278
seed123_P3-bert-time_step15000 40 4 0 0.004044080036692321
seed123_P3-bert-time_step15000 40 4 1 0.0039157450664788485
seed123_P3-bert-time_step15000 40 4 2 0.003925104043446481
seed123_P3-bert-time_step15000 40 4 3 0.0039305329555645585
seed123_P3-bert-time_step15000 40 4 4 0.003933659987524152
seed123_P3-bert-time_step15000 40 4 5 0.00390692800283432
seed123_P3-bert-time_step15000 40 4 6 0.003958867979235947
seed123_P3-bert-time_step15000 40 4 7 0.003936434048227966
seed123_P3-bert-time_step15000 40 4 8 0.003939752001315355
seed123_P3-bert-time_step15000 40 4 9 0.0039459229446947575
seed123_P3-bert-time_step15000 40 5 0 0.0040251140017062426
seed123_P3-bert-time_step15000 40 5 1 0.004034952959045768
seed123_P3-bert-time_step15000 40 5 2 0.004033849923871458
seed123_P3-bert-time_step15000 40 5 3 0.004223842988722026
seed123_P3-bert-time_step15000 40 5 4 0.004030584008432925
seed123_P3-bert-time_step15000 40 5 5 0.004200718947686255
seed123_P3-bert-time_step15000 40 5 6 0.004218723042868078
seed123_P3-bert-time_step15000 40 5 7 0.004031936987303197
seed123_P3-bert-time_step15000 40 5 8 0.004037417937070131
seed123_P3-bert-time_step15000 40 5 9 0.004038059036247432
seed123_P3-bert-time_step15000 40 6 0 0.00405839690938592
seed123_P3-bert-time_step15000 40 6 1 0.004024763009510934
seed123_P3-bert-time_step15000 40 6 2 0.004026447073556483
seed123_P3-bert-time_step15000 40 6 3 0.0042382110841572285
seed123_P3-bert-time_step15000 40 6 4 0.004029823001474142
seed123_P3-bert-time_step15000 40 6 5 0.0040554809384047985
seed123_P3-bert-time_step15000 40 6 6 0.004042407032102346
seed123_P3-bert-time_step15000 40 6 7 0.004120695986784995
seed123_P3-bert-time_step15000 40 6 8 0.004029721952974796
seed123_P3-bert-time_step15000 40 6 9 0.004023510962724686
seed123_P3-bert-time_step15000 40 7 0 0.004035142948850989
seed123_P3-bert-time_step15000 40 7 1 0.004062645952217281
seed123_P3-bert-time_step15000 40 7 2 0.004002871923148632
seed123_P3-bert-time_step15000 40 7 3 0.004013841971755028
seed123_P3-bert-time_step15000 40 7 4 0.004161934019066393
seed123_P3-bert-time_step15000 40 7 5 0.0041331700049340725
seed123_P3-bert-time_step15000 40 7 6 0.004025214002467692
seed123_P3-bert-time_step15000 40 7 7 0.00400109903421253
seed123_P3-bert-time_step15000 40 7 8 0.004033038974739611
seed123_P3-bert-time_step15000 40 7 9 0.004132549045607448
seed123_P3-bert-time_step15000 40 8 0 0.003925955039449036
seed123_P3-bert-time_step15000 40 8 1 0.003922538016922772
seed123_P3-bert-time_step15000 40 8 2 0.0038996239891275764
seed123_P3-bert-time_step15000 40 8 3 0.0038992739282548428
seed123_P3-bert-time_step15000 40 8 4 0.003927698009647429
seed123_P3-bert-time_step15000 40 8 5 0.003910564933903515
seed123_P3-bert-time_step15000 40 8 6 0.004130574990995228
seed123_P3-bert-time_step15000 40 8 7 0.003909092978574336
seed123_P3-bert-time_step15000 40 8 8 0.003905495977960527
seed123_P3-bert-time_step15000 40 8 9 0.003925625002011657
seed123_P3-bert-time_step15000 40 9 0 0.003940031980164349
seed123_P3-bert-time_step15000 40 9 1 0.003933178959414363
seed123_P3-bert-time_step15000 40 9 2 0.0039244520012289286
seed123_P3-bert-time_step15000 40 9 3 0.003903161035850644
seed123_P3-bert-time_step15000 40 9 4 0.004085878957994282
seed123_P3-bert-time_step15000 40 9 5 0.003969677956774831
seed123_P3-bert-time_step15000 40 9 6 0.004207661957480013
seed123_P3-bert-time_step15000 40 9 7 0.00390704907476902
seed123_P3-bert-time_step15000 40 9 8 0.004280620953068137
seed123_P3-bert-time_step15000 40 9 9 0.003917247988283634
seed123_P3-bert-time_step15000 47 0 0 0.07643242704216391
seed123_P3-bert-time_step15000 47 0 1 0.06804313405882567
seed123_P3-bert-time_step15000 47 0 2 0.06263674597721547
seed123_P3-bert-time_step15000 47 0 3 0.0619300490943715
seed123_P3-bert-time_step15000 47 0 4 0.06131490599364042
seed123_P3-bert-time_step15000 47 0 5 0.06079062703065574
seed123_P3-bert-time_step15000 47 0 6 0.06699205900076777
seed123_P3-bert-time_step15000 47 0 7 0.06753570702858269
seed123_P3-bert-time_step15000 47 0 8 0.06816364300902933
seed123_P3-bert-time_step15000 47 0 9 0.06503194302786142
seed123_P3-bert-time_step15000 47 1 0 0.06199635600205511
seed123_P3-bert-time_step15000 47 1 1 0.06361502211075276
seed123_P3-bert-time_step15000 47 1 2 0.06256615195889026
seed123_P3-bert-time_step15000 47 1 3 0.06288147298619151
seed123_P3-bert-time_step15000 47 1 4 0.06968984298873693
seed123_P3-bert-time_step15000 47 1 5 0.06469782593194395
seed123_P3-bert-time_step15000 47 1 6 0.06431521696504205
seed123_P3-bert-time_step15000 47 1 7 0.06292903400026262
seed123_P3-bert-time_step15000 47 1 8 0.06437283603008837
seed123_P3-bert-time_step15000 47 1 9 0.061441328027285635
seed123_P3-bert-time_step15000 47 2 0 0.06254422001075
seed123_P3-bert-time_step15000 47 2 1 0.06717605097219348
seed123_P3-bert-time_step15000 47 2 2 0.06269031798001379
seed123_P3-bert-time_step15000 47 2 3 0.06519211898557842
seed123_P3-bert-time_step15000 47 2 4 0.06204021000303328
seed123_P3-bert-time_step15000 47 2 5 0.0627888769377023
seed123_P3-bert-time_step15000 47 2 6 0.06406536896247417
seed123_P3-bert-time_step15000 47 2 7 0.06471544003579766
seed123_P3-bert-time_step15000 47 2 8 0.0655961389420554
seed123_P3-bert-time_step15000 47 2 9 0.06120751204434782
seed123_P3-bert-time_step15000 47 3 0 0.06128003995399922
seed123_P3-bert-time_step15000 47 3 1 0.06180749507620931
seed123_P3-bert-time_step15000 47 3 2 0.06280954601243138
seed123_P3-bert-time_step15000 47 3 3 0.06071056495420635
seed123_P3-bert-time_step15000 47 3 4 0.06482911598868668
seed123_P3-bert-time_step15000 47 3 5 0.06756051408592612
seed123_P3-bert-time_step15000 47 3 6 0.06270022701937705
seed123_P3-bert-time_step15000 47 3 7 0.06317595508880913
seed123_P3-bert-time_step15000 47 3 8 0.06096888706088066
seed123_P3-bert-time_step15000 47 3 9 0.06163831299636513
seed123_P3-bert-time_step15000 47 4 0 0.06105223495978862
seed123_P3-bert-time_step15000 47 4 1 0.06288917805068195
seed123_P3-bert-time_step15000 47 4 2 0.06819789903238416
seed123_P3-bert-time_step15000 47 4 3 0.06452355405781418
seed123_P3-bert-time_step15000 47 4 4 0.06698817294090986
seed123_P3-bert-time_step15000 47 4 5 0.06541134603321552
seed123_P3-bert-time_step15000 47 4 6 0.06501758599188179
seed123_P3-bert-time_step15000 47 4 7 0.061456396942958236
seed123_P3-bert-time_step15000 47 4 8 0.06293383298907429
seed123_P3-bert-time_step15000 47 4 9 0.0635810160310939
seed123_P3-bert-time_step15000 47 5 0 0.06300536904018372
seed123_P3-bert-time_step15000 47 5 1 0.06393479101825505
seed123_P3-bert-time_step15000 47 5 2 0.0633355180034414
seed123_P3-bert-time_step15000 47 5 3 0.062116374960169196
seed123_P3-bert-time_step15000 47 5 4 0.06402491393964738
seed123_P3-bert-time_step15000 47 5 5 0.0616647939896211
seed123_P3-bert-time_step15000 47 5 6 0.06347487401217222
seed123_P3-bert-time_step15000 47 5 7 0.059930547955445945
seed123_P3-bert-time_step15000 47 5 8 0.06327809998765588
seed123_P3-bert-time_step15000 47 5 9 0.061501771910116076
seed123_P3-bert-time_step15000 47 6 0 0.06272849102970213
seed123_P3-bert-time_step15000 47 6 1 0.06355220195837319
seed123_P3-bert-time_step15000 47 6 2 0.06375215295702219
seed123_P3-bert-time_step15000 47 6 3 0.06295582500752062
seed123_P3-bert-time_step15000 47 6 4 0.060529017937369645
seed123_P3-bert-time_step15000 47 6 5 0.062026522937230766
seed123_P3-bert-time_step15000 47 6 6 0.060791749972850084
seed123_P3-bert-time_step15000 47 6 7 0.06119257304817438
seed123_P3-bert-time_step15000 47 6 8 0.06518094695638865
seed123_P3-bert-time_step15000 47 6 9 0.06919803598430008
seed123_P3-bert-time_step15000 47 7 0 0.06335295201279223
seed123_P3-bert-time_step15000 47 7 1 0.061689159949310124
seed123_P3-bert-time_step15000 47 7 2 0.06196116900537163
seed123_P3-bert-time_step15000 47 7 3 0.0646611669799313
seed123_P3-bert-time_step15000 47 7 4 0.06402676703874022
seed123_P3-bert-time_step15000 47 7 5 0.0636061750119552
seed123_P3-bert-time_step15000 47 7 6 0.06422098795883358
seed123_P3-bert-time_step15000 47 7 7 0.06038839998655021
seed123_P3-bert-time_step15000 47 7 8 0.06250578700564802
seed123_P3-bert-time_step15000 47 7 9 0.06072854809463024
seed123_P3-bert-time_step15000 47 8 0 0.06281722197309136
seed123_P3-bert-time_step15000 47 8 1 0.06064805400092155
seed123_P3-bert-time_step15000 47 8 2 0.06159164407290518
seed123_P3-bert-time_step15000 47 8 3 0.06612612993922085
seed123_P3-bert-time_step15000 47 8 4 0.06253392098005861
seed123_P3-bert-time_step15000 47 8 5 0.0627065000589937
seed123_P3-bert-time_step15000 47 8 6 0.060919062001630664
seed123_P3-bert-time_step15000 47 8 7 0.06418745394330472
seed123_P3-bert-time_step15000 47 8 8 0.06028006400447339
seed123_P3-bert-time_step15000 47 8 9 0.06189180596265942
seed123_P3-bert-time_step15000 47 9 0 0.06329727591946721
seed123_P3-bert-time_step15000 47 9 1 0.06487760902382433
seed123_P3-bert-time_step15000 47 9 2 0.0652336779749021
seed123_P3-bert-time_step15000 47 9 3 0.06113408098462969
seed123_P3-bert-time_step15000 47 9 4 0.06083638407289982
seed123_P3-bert-time_step15000 47 9 5 0.06060704693663865
seed123_P3-bert-time_step15000 47 9 6 0.06617481203284115
seed123_P3-bert-time_step15000 47 9 7 0.0635926389368251
seed123_P3-bert-time_step15000 47 9 8 0.067622632952407
seed123_P3-bert-time_step15000 47 9 9 0.06538056791760027
seed123_P3-bert-time_step15000 51 0 0 0.024726911913603544
seed123_P3-bert-time_step15000 51 0 1 0.022765552974306047
seed123_P3-bert-time_step15000 51 0 2 0.02271070796996355
seed123_P3-bert-time_step15000 51 0 3 0.022767666028812528
seed123_P3-bert-time_step15000 51 0 4 0.02430657099466771
seed123_P3-bert-time_step15000 51 0 5 0.023502827971242368
seed123_P3-bert-time_step15000 51 0 6 0.022364878095686436
seed123_P3-bert-time_step15000 51 0 7 0.022374958032742143
seed123_P3-bert-time_step15000 51 0 8 0.022364287986420095
seed123_P3-bert-time_step15000 51 0 9 0.022380888927727938
seed123_P3-bert-time_step15000 51 1 0 0.024835068034008145
seed123_P3-bert-time_step15000 51 1 1 0.025511016021482646
seed123_P3-bert-time_step15000 51 1 2 0.024852851987816393
seed123_P3-bert-time_step15000 51 1 3 0.024942602962255478
seed123_P3-bert-time_step15000 51 1 4 0.025364988017827272
seed123_P3-bert-time_step15000 51 1 5 0.023784635006450117
seed123_P3-bert-time_step15000 51 1 6 0.024674432002939284
seed123_P3-bert-time_step15000 51 1 7 0.02311568008735776
seed123_P3-bert-time_step15000 51 1 8 0.02276307705324143
seed123_P3-bert-time_step15000 51 1 9 0.02263067604508251
seed123_P3-bert-time_step15000 51 2 0 0.02260411495808512
seed123_P3-bert-time_step15000 51 2 1 0.02200549398548901
seed123_P3-bert-time_step15000 51 2 2 0.022322398028336465
seed123_P3-bert-time_step15000 51 2 3 0.024959787027910352
seed123_P3-bert-time_step15000 51 2 4 0.023153953021392226
seed123_P3-bert-time_step15000 51 2 5 0.024960497044958174
seed123_P3-bert-time_step15000 51 2 6 0.026315180002711713
seed123_P3-bert-time_step15000 51 2 7 0.023011861951090395
seed123_P3-bert-time_step15000 51 2 8 0.026243702974170446
seed123_P3-bert-time_step15000 51 2 9 0.023074310971423984
seed123_P3-bert-time_step15000 51 3 0 0.023939741076901555
seed123_P3-bert-time_step15000 51 3 1 0.02271210099570453
seed123_P3-bert-time_step15000 51 3 2 0.022113349055871367
seed123_P3-bert-time_step15000 51 3 3 0.022300294949673116
seed123_P3-bert-time_step15000 51 3 4 0.02218352199997753
seed123_P3-bert-time_step15000 51 3 5 0.024014864000491798
seed123_P3-bert-time_step15000 51 3 6 0.026000579935498536
seed123_P3-bert-time_step15000 51 3 7 0.02283410297241062
seed123_P3-bert-time_step15000 51 3 8 0.02202579192817211
seed123_P3-bert-time_step15000 51 3 9 0.022023366997018456
seed123_P3-bert-time_step15000 51 4 0 0.022048386046662927
seed123_P3-bert-time_step15000 51 4 1 0.02203244506381452
seed123_P3-bert-time_step15000 51 4 2 0.023529277998022735
seed123_P3-bert-time_step15000 51 4 3 0.02237922593485564
seed123_P3-bert-time_step15000 51 4 4 0.022039227071218193
seed123_P3-bert-time_step15000 51 4 5 0.022040299023501575
seed123_P3-bert-time_step15000 51 4 6 0.02247693296521902
seed123_P3-bert-time_step15000 51 4 7 0.02219575608614832
seed123_P3-bert-time_step15000 51 4 8 0.02241584495641291
seed123_P3-bert-time_step15000 51 4 9 0.022432878031395376
seed123_P3-bert-time_step15000 51 5 0 0.022021062904968858
seed123_P3-bert-time_step15000 51 5 1 0.02358957298565656
seed123_P3-bert-time_step15000 51 5 2 0.023723879945464432
seed123_P3-bert-time_step15000 51 5 3 0.02360896999016404
seed123_P3-bert-time_step15000 51 5 4 0.022832170012407005
seed123_P3-bert-time_step15000 51 5 5 0.023310901946388185
seed123_P3-bert-time_step15000 51 5 6 0.022064085002057254
seed123_P3-bert-time_step15000 51 5 7 0.02242286899127066
seed123_P3-bert-time_step15000 51 5 8 0.022025601007044315
seed123_P3-bert-time_step15000 51 5 9 0.022029059007763863
seed123_P3-bert-time_step15000 51 6 0 0.022349930019117892
seed123_P3-bert-time_step15000 51 6 1 0.023385363980196416
seed123_P3-bert-time_step15000 51 6 2 0.02219279098790139
seed123_P3-bert-time_step15000 51 6 3 0.02314635901711881
seed123_P3-bert-time_step15000 51 6 4 0.02321106195449829
seed123_P3-bert-time_step15000 51 6 5 0.02295475301798433
seed123_P3-bert-time_step15000 51 6 6 0.022180336993187666
seed123_P3-bert-time_step15000 51 6 7 0.022011614055372775
seed123_P3-bert-time_step15000 51 6 8 0.023537914967164397
seed123_P3-bert-time_step15000 51 6 9 0.0237553589977324
seed123_P3-bert-time_step15000 51 7 0 0.022612120024859905
seed123_P3-bert-time_step15000 51 7 1 0.024214735021814704
seed123_P3-bert-time_step15000 51 7 2 0.02440387604292482
seed123_P3-bert-time_step15000 51 7 3 0.025151451001875103
seed123_P3-bert-time_step15000 51 7 4 0.024250513059087098
seed123_P3-bert-time_step15000 51 7 5 0.024427621043287218
seed123_P3-bert-time_step15000 51 7 6 0.02339040406513959
seed123_P3-bert-time_step15000 51 7 7 0.022414211998693645
seed123_P3-bert-time_step15000 51 7 8 0.02239438402466476
seed123_P3-bert-time_step15000 51 7 9 0.022354337968863547
seed123_P3-bert-time_step15000 51 8 0 0.023965780972503126
seed123_P3-bert-time_step15000 51 8 1 0.02250632899813354
seed123_P3-bert-time_step15000 51 8 2 0.02234764490276575
seed123_P3-bert-time_step15000 51 8 3 0.02231830998789519
seed123_P3-bert-time_step15000 51 8 4 0.02232528303284198
seed123_P3-bert-time_step15000 51 8 5 0.02317970199510455
seed123_P3-bert-time_step15000 51 8 6 0.02325209998525679
seed123_P3-bert-time_step15000 51 8 7 0.02366359403822571
seed123_P3-bert-time_step15000 51 8 8 0.022353286971338093
seed123_P3-bert-time_step15000 51 8 9 0.022343868971802294
seed123_P3-bert-time_step15000 51 9 0 0.022340402007102966
seed123_P3-bert-time_step15000 51 9 1 0.02230659790802747
seed123_P3-bert-time_step15000 51 9 2 0.025999126955866814
seed123_P3-bert-time_step15000 51 9 3 0.024235534947365522
seed123_P3-bert-time_step15000 51 9 4 0.02322176203597337
seed123_P3-bert-time_step15000 51 9 5 0.02399802196305245
seed123_P3-bert-time_step15000 51 9 6 0.022392180981114507
seed123_P3-bert-time_step15000 51 9 7 0.022411728044971824
seed123_P3-bert-time_step15000 51 9 8 0.022338879061862826
seed123_P3-bert-time_step15000 51 9 9 0.024017188930884004
seed123_P3-bert-time_step15000 52 0 0 0.8390934529015794
seed123_P3-bert-time_step15000 52 0 1 0.8296198620228097
seed123_P3-bert-time_step15000 52 0 2 0.846016914001666
seed123_P3-bert-time_step15000 52 0 3 0.8509740360314026
seed123_P3-bert-time_step15000 52 0 4 0.85444616607856
seed123_P3-bert-time_step15000 52 0 5 0.8423138069920242
seed123_P3-bert-time_step15000 52 0 6 0.8276754780672491
seed123_P3-bert-time_step15000 52 0 7 0.8303140900097787
seed123_P3-bert-time_step15000 52 0 8 0.8271785540273413
seed123_P3-bert-time_step15000 52 0 9 0.8366369360592216
seed123_P3-bert-time_step15000 52 1 0 0.8296265919925645
seed123_P3-bert-time_step15000 52 1 1 0.856513972976245
seed123_P3-bert-time_step15000 52 1 2 0.8314867499284446
seed123_P3-bert-time_step15000 52 1 3 0.8186915750848129
seed123_P3-bert-time_step15000 52 1 4 0.8311783730750903
seed123_P3-bert-time_step15000 52 1 5 0.8427557450486347
seed123_P3-bert-time_step15000 52 1 6 0.8438790480140597
seed123_P3-bert-time_step15000 52 1 7 0.8305617889855057
seed123_P3-bert-time_step15000 52 1 8 0.8297205260023475
seed123_P3-bert-time_step15000 52 1 9 0.8361851410008967
seed123_P3-bert-time_step15000 52 2 0 0.8342432199278846
seed123_P3-bert-time_step15000 52 2 1 0.8554749289760366
seed123_P3-bert-time_step15000 52 2 2 0.8485501680988818
seed123_P3-bert-time_step15000 52 2 3 0.840172495925799
seed123_P3-bert-time_step15000 52 2 4 0.85044582397677
seed123_P3-bert-time_step15000 52 2 5 0.8727646050974727
seed123_P3-bert-time_step15000 52 2 6 0.8443901890423149
seed123_P3-bert-time_step15000 52 2 7 0.8322109100408852
seed123_P3-bert-time_step15000 52 2 8 0.8480281460797414
seed123_P3-bert-time_step15000 52 2 9 0.8620013180188835
seed123_P3-bert-time_step15000 52 3 0 0.8355244779959321
seed123_P3-bert-time_step15000 52 3 1 0.8728762220125645
seed123_P3-bert-time_step15000 52 3 2 0.8355842359596863
seed123_P3-bert-time_step15000 52 3 3 0.8247933120001107
seed123_P3-bert-time_step15000 52 3 4 0.8431849139742553
seed123_P3-bert-time_step15000 52 3 5 0.8701340639963746
seed123_P3-bert-time_step15000 52 3 6 0.8607058840570971
seed123_P3-bert-time_step15000 52 3 7 0.8740063649602234
seed123_P3-bert-time_step15000 52 3 8 0.861561979050748
seed123_P3-bert-time_step15000 52 3 9 0.8449019170366228
seed123_P3-bert-time_step15000 52 4 0 0.8714761439478025
seed123_P3-bert-time_step15000 52 4 1 0.8559390380978584
seed123_P3-bert-time_step15000 52 4 2 0.8360388020519167
seed123_P3-bert-time_step15000 52 4 3 0.8562842110404745
seed123_P3-bert-time_step15000 52 4 4 0.8712974570225924
seed123_P3-bert-time_step15000 52 4 5 0.86110992601607
seed123_P3-bert-time_step15000 52 4 6 0.8423465749947354
seed123_P3-bert-time_step15000 52 4 7 0.8478636379586533
seed123_P3-bert-time_step15000 52 4 8 0.8556851139292121
seed123_P3-bert-time_step15000 52 4 9 0.8441117519978434
seed123_P3-bert-time_step15000 52 5 0 0.848685439908877
seed123_P3-bert-time_step15000 52 5 1 0.8748673250665888
seed123_P3-bert-time_step15000 52 5 2 0.8449451359920204
seed123_P3-bert-time_step15000 52 5 3 0.8243211479857564
seed123_P3-bert-time_step15000 52 5 4 0.8245533569715917
seed123_P3-bert-time_step15000 52 5 5 0.8350347039522603
seed123_P3-bert-time_step15000 52 5 6 0.8429161199601367
seed123_P3-bert-time_step15000 52 5 7 0.8420697450637817
seed123_P3-bert-time_step15000 52 5 8 0.8852662129793316
seed123_P3-bert-time_step15000 52 5 9 0.8483574719866738
seed123_P3-bert-time_step15000 52 6 0 0.8264950440498069
seed123_P3-bert-time_step15000 52 6 1 0.856593775912188
seed123_P3-bert-time_step15000 52 6 2 0.8599575239932165
seed123_P3-bert-time_step15000 52 6 3 0.8498257859610021
seed123_P3-bert-time_step15000 52 6 4 0.8340848110383376
seed123_P3-bert-time_step15000 52 6 5 0.818859769962728
seed123_P3-bert-time_step15000 52 6 6 0.8351893880171701
seed123_P3-bert-time_step15000 52 6 7 0.8301289459923282
seed123_P3-bert-time_step15000 52 6 8 0.8368186680600047
seed123_P3-bert-time_step15000 52 6 9 0.8349957509199157
seed123_P3-bert-time_step15000 52 7 0 0.8549629240296781
seed123_P3-bert-time_step15000 52 7 1 0.843495188979432
seed123_P3-bert-time_step15000 52 7 2 0.8485543210990727
seed123_P3-bert-time_step15000 52 7 3 0.8440112139796838
seed123_P3-bert-time_step15000 52 7 4 0.8484157179482281
seed123_P3-bert-time_step15000 52 7 5 0.8473918619565666
seed123_P3-bert-time_step15000 52 7 6 0.8445856289472431
seed123_P3-bert-time_step15000 52 7 7 0.859821513062343
seed123_P3-bert-time_step15000 52 7 8 0.847838511923328
seed123_P3-bert-time_step15000 52 7 9 0.8523939159931615
seed123_P3-bert-time_step15000 52 8 0 0.8420321570010856
seed123_P3-bert-time_step15000 52 8 1 0.8801718889735639
seed123_P3-bert-time_step15000 52 8 2 0.8531432260060683
seed123_P3-bert-time_step15000 52 8 3 0.836612120969221
seed123_P3-bert-time_step15000 52 8 4 0.8579889150569215
seed123_P3-bert-time_step15000 52 8 5 0.8446176931029186
seed123_P3-bert-time_step15000 52 8 6 0.8276766130002216
seed123_P3-bert-time_step15000 52 8 7 0.852416523033753
seed123_P3-bert-time_step15000 52 8 8 0.8391316499328241
seed123_P3-bert-time_step15000 52 8 9 0.8385384150315076
seed123_P3-bert-time_step15000 52 9 0 0.8385710959555581
seed123_P3-bert-time_step15000 52 9 1 0.8466605709400028
seed123_P3-bert-time_step15000 52 9 2 0.8409386859275401
seed123_P3-bert-time_step15000 52 9 3 0.8454387219389901
seed123_P3-bert-time_step15000 52 9 4 0.8478199290111661
seed123_P3-bert-time_step15000 52 9 5 0.8344004260143265
seed123_P3-bert-time_step15000 52 9 6 0.8526730400044471
seed123_P3-bert-time_step15000 52 9 7 0.8355494940187782
seed123_P3-bert-time_step15000 52 9 8 0.8464326109969988
seed123_P3-bert-time_step15000 52 9 9 0.8553508879849687
seed123_P3-bert-time_step15000 56 0 0 0.01993689697701484
seed123_P3-bert-time_step15000 56 0 1 0.01699120702687651
seed123_P3-bert-time_step15000 56 0 2 0.017759973998181522
seed123_P3-bert-time_step15000 56 0 3 0.017361834063194692
seed123_P3-bert-time_step15000 56 0 4 0.016846777987666428
seed123_P3-bert-time_step15000 56 0 5 0.016857487964443862
seed123_P3-bert-time_step15000 56 0 6 0.017380389967001975
seed123_P3-bert-time_step15000 56 0 7 0.017816593986935914
seed123_P3-bert-time_step15000 56 0 8 0.019274874939583242
seed123_P3-bert-time_step15000 56 0 9 0.019440996926277876
seed123_P3-bert-time_step15000 56 1 0 0.018092917976900935
seed123_P3-bert-time_step15000 56 1 1 0.0167809899430722
seed123_P3-bert-time_step15000 56 1 2 0.01677631097845733
seed123_P3-bert-time_step15000 56 1 3 0.01720050093717873
seed123_P3-bert-time_step15000 56 1 4 0.01714523497503251
seed123_P3-bert-time_step15000 56 1 5 0.018117837025783956
seed123_P3-bert-time_step15000 56 1 6 0.019074246985837817
seed123_P3-bert-time_step15000 56 1 7 0.017029381007887423
seed123_P3-bert-time_step15000 56 1 8 0.017789531033486128
seed123_P3-bert-time_step15000 56 1 9 0.017357725999318063
seed123_P3-bert-time_step15000 56 2 0 0.017503098002634943
seed123_P3-bert-time_step15000 56 2 1 0.01817001693416387
seed123_P3-bert-time_step15000 56 2 2 0.017831714008934796
seed123_P3-bert-time_step15000 56 2 3 0.0177194660063833
seed123_P3-bert-time_step15000 56 2 4 0.016774016083218157
seed123_P3-bert-time_step15000 56 2 5 0.01696039701346308
seed123_P3-bert-time_step15000 56 2 6 0.017186344019137323
seed123_P3-bert-time_step15000 56 2 7 0.017166805919259787
seed123_P3-bert-time_step15000 56 2 8 0.01701422198675573
seed123_P3-bert-time_step15000 56 2 9 0.017022056970745325
seed123_P3-bert-time_step15000 56 3 0 0.017058928031474352
seed123_P3-bert-time_step15000 56 3 1 0.017404617043212056
seed123_P3-bert-time_step15000 56 3 2 0.01824450201820582
seed123_P3-bert-time_step15000 56 3 3 0.01778965105768293
seed123_P3-bert-time_step15000 56 3 4 0.017374348011799157
seed123_P3-bert-time_step15000 56 3 5 0.018947412027046084
seed123_P3-bert-time_step15000 56 3 6 0.018224993953481317
seed123_P3-bert-time_step15000 56 3 7 0.01800647098571062
seed123_P3-bert-time_step15000 56 3 8 0.01798666303511709
seed123_P3-bert-time_step15000 56 3 9 0.019268793053925037
seed123_P3-bert-time_step15000 56 4 0 0.017938207951374352
seed123_P3-bert-time_step15000 56 4 1 0.017658055992797017
seed123_P3-bert-time_step15000 56 4 2 0.01743753906339407
seed123_P3-bert-time_step15000 56 4 3 0.019327046000398695
seed123_P3-bert-time_step15000 56 4 4 0.01928252901416272
seed123_P3-bert-time_step15000 56 4 5 0.01815689099021256
seed123_P3-bert-time_step15000 56 4 6 0.017957074916921556
seed123_P3-bert-time_step15000 56 4 7 0.01734464999753982
seed123_P3-bert-time_step15000 56 4 8 0.018247887957841158
seed123_P3-bert-time_step15000 56 4 9 0.01717703591566533
seed123_P3-bert-time_step15000 56 5 0 0.016805015970021486
seed123_P3-bert-time_step15000 56 5 1 0.017503747018054128
seed123_P3-bert-time_step15000 56 5 2 0.01881744002457708
seed123_P3-bert-time_step15000 56 5 3 0.017302448046393692
seed123_P3-bert-time_step15000 56 5 4 0.01738320500589907
seed123_P3-bert-time_step15000 56 5 5 0.017953227972611785
seed123_P3-bert-time_step15000 56 5 6 0.018471730989404023
seed123_P3-bert-time_step15000 56 5 7 0.02028036001138389
seed123_P3-bert-time_step15000 56 5 8 0.01856358803343028
seed123_P3-bert-time_step15000 56 5 9 0.017852972960099578
seed123_P3-bert-time_step15000 56 6 0 0.01716387993656099
seed123_P3-bert-time_step15000 56 6 1 0.017067773966118693
seed123_P3-bert-time_step15000 56 6 2 0.017032917006872594
seed123_P3-bert-time_step15000 56 6 3 0.017070197965949774
seed123_P3-bert-time_step15000 56 6 4 0.017040941980667412
seed123_P3-bert-time_step15000 56 6 5 0.01786107907537371
seed123_P3-bert-time_step15000 56 6 6 0.018578727962449193
seed123_P3-bert-time_step15000 56 6 7 0.020129657932557166
seed123_P3-bert-time_step15000 56 6 8 0.016975495032966137
seed123_P3-bert-time_step15000 56 6 9 0.016816838993690908
seed123_P3-bert-time_step15000 56 7 0 0.017718172050081193
seed123_P3-bert-time_step15000 56 7 1 0.017330984002910554
seed123_P3-bert-time_step15000 56 7 2 0.017705418053083122
seed123_P3-bert-time_step15000 56 7 3 0.01850195904262364
seed123_P3-bert-time_step15000 56 7 4 0.019843976013362408
seed123_P3-bert-time_step15000 56 7 5 0.01689274504315108
seed123_P3-bert-time_step15000 56 7 6 0.017636475036852062
seed123_P3-bert-time_step15000 56 7 7 0.017143992008641362
seed123_P3-bert-time_step15000 56 7 8 0.01778678596019745
seed123_P3-bert-time_step15000 56 7 9 0.01680275099352002
seed123_P3-bert-time_step15000 56 8 0 0.017688335035927594
seed123_P3-bert-time_step15000 56 8 1 0.01723595999646932
seed123_P3-bert-time_step15000 56 8 2 0.01776126609183848
seed123_P3-bert-time_step15000 56 8 3 0.01867108594160527
seed123_P3-bert-time_step15000 56 8 4 0.017564074019901454
seed123_P3-bert-time_step15000 56 8 5 0.017098614014685154
seed123_P3-bert-time_step15000 56 8 6 0.0176427069818601
seed123_P3-bert-time_step15000 56 8 7 0.01718835800420493
seed123_P3-bert-time_step15000 56 8 8 0.017213404993526638
seed123_P3-bert-time_step15000 56 8 9 0.01708807295653969
seed123_P3-bert-time_step15000 56 9 0 0.017103753983974457
seed123_P3-bert-time_step15000 56 9 1 0.017518055043183267
seed123_P3-bert-time_step15000 56 9 2 0.01682529493700713
seed123_P3-bert-time_step15000 56 9 3 0.017644108971580863
seed123_P3-bert-time_step15000 56 9 4 0.017672133049927652
seed123_P3-bert-time_step15000 56 9 5 0.018414248013868928
seed123_P3-bert-time_step15000 56 9 6 0.018234701943583786
seed123_P3-bert-time_step15000 56 9 7 0.018616859917528927
seed123_P3-bert-time_step15000 56 9 8 0.016990534029901028
seed123_P3-bert-time_step15000 56 9 9 0.01872197398915887
seed123_P3-bert-time_step15000 62 0 0 0.2809617960592732
seed123_P3-bert-time_step15000 62 0 1 0.28436095197685063
seed123_P3-bert-time_step15000 62 0 2 0.28822809492703527
seed123_P3-bert-time_step15000 62 0 3 0.2856837899889797
seed123_P3-bert-time_step15000 62 0 4 0.29075564292725176
seed123_P3-bert-time_step15000 62 0 5 0.295490923919715
seed123_P3-bert-time_step15000 62 0 6 0.29214638704434037
seed123_P3-bert-time_step15000 62 0 7 0.2909447050187737
seed123_P3-bert-time_step15000 62 0 8 0.28854181501083076
seed123_P3-bert-time_step15000 62 0 9 0.2749696470564231
seed123_P3-bert-time_step15000 62 1 0 0.2824939830461517
seed123_P3-bert-time_step15000 62 1 1 0.28503154101781547
seed123_P3-bert-time_step15000 62 1 2 0.2832510069711134
seed123_P3-bert-time_step15000 62 1 3 0.29595630103722215
seed123_P3-bert-time_step15000 62 1 4 0.28633475000970066
seed123_P3-bert-time_step15000 62 1 5 0.29338280600495636
seed123_P3-bert-time_step15000 62 1 6 0.28458026598673314
seed123_P3-bert-time_step15000 62 1 7 0.28269711998291314
seed123_P3-bert-time_step15000 62 1 8 0.28249021898955107
seed123_P3-bert-time_step15000 62 1 9 0.2865495729492977
seed123_P3-bert-time_step15000 62 2 0 0.28465465107001364
seed123_P3-bert-time_step15000 62 2 1 0.30174615897703916
seed123_P3-bert-time_step15000 62 2 2 0.28857082105241716
seed123_P3-bert-time_step15000 62 2 3 0.28111321199685335
seed123_P3-bert-time_step15000 62 2 4 0.2889967819210142
seed123_P3-bert-time_step15000 62 2 5 0.2793852180475369
seed123_P3-bert-time_step15000 62 2 6 0.2927254450041801
seed123_P3-bert-time_step15000 62 2 7 0.286073548020795
seed123_P3-bert-time_step15000 62 2 8 0.2884994470514357
seed123_P3-bert-time_step15000 62 2 9 0.2938588539836928
seed123_P3-bert-time_step15000 62 3 0 0.28635968605522066
seed123_P3-bert-time_step15000 62 3 1 0.2848282220074907
seed123_P3-bert-time_step15000 62 3 2 0.2823542059632018
seed123_P3-bert-time_step15000 62 3 3 0.28561932302545756
seed123_P3-bert-time_step15000 62 3 4 0.28454622894059867
seed123_P3-bert-time_step15000 62 3 5 0.3029534399975091
seed123_P3-bert-time_step15000 62 3 6 0.28323439706582576
seed123_P3-bert-time_step15000 62 3 7 0.2824240669142455
seed123_P3-bert-time_step15000 62 3 8 0.2866916819475591
seed123_P3-bert-time_step15000 62 3 9 0.30489065509755164
seed123_P3-bert-time_step15000 62 4 0 0.2756398239871487
seed123_P3-bert-time_step15000 62 4 1 0.28435927105601877
seed123_P3-bert-time_step15000 62 4 2 0.30378248705528677
seed123_P3-bert-time_step15000 62 4 3 0.27940214902628213
seed123_P3-bert-time_step15000 62 4 4 0.2862113770097494
seed123_P3-bert-time_step15000 62 4 5 0.2856433279812336
seed123_P3-bert-time_step15000 62 4 6 0.28532396093942225
seed123_P3-bert-time_step15000 62 4 7 0.2922718689078465
seed123_P3-bert-time_step15000 62 4 8 0.2896381070604548
seed123_P3-bert-time_step15000 62 4 9 0.2838643449358642
seed123_P3-bert-time_step15000 62 5 0 0.28359060594812036
seed123_P3-bert-time_step15000 62 5 1 0.2899244240252301
seed123_P3-bert-time_step15000 62 5 2 0.2913069379283115
seed123_P3-bert-time_step15000 62 5 3 0.29607477004174143
seed123_P3-bert-time_step15000 62 5 4 0.28702882293146104
seed123_P3-bert-time_step15000 62 5 5 0.28510507103055716
seed123_P3-bert-time_step15000 62 5 6 0.2874662869144231
seed123_P3-bert-time_step15000 62 5 7 0.284789270022884
seed123_P3-bert-time_step15000 62 5 8 0.28074502293020487
seed123_P3-bert-time_step15000 62 5 9 0.27591190696693957
seed123_P3-bert-time_step15000 62 6 0 0.279330910067074
seed123_P3-bert-time_step15000 62 6 1 0.2803916719276458
seed123_P3-bert-time_step15000 62 6 2 0.28058948495890945
seed123_P3-bert-time_step15000 62 6 3 0.28880679490976036
seed123_P3-bert-time_step15000 62 6 4 0.28737014601938426
seed123_P3-bert-time_step15000 62 6 5 0.28846381802577525
seed123_P3-bert-time_step15000 62 6 6 0.2828949789982289
seed123_P3-bert-time_step15000 62 6 7 0.2809349079616368
seed123_P3-bert-time_step15000 62 6 8 0.27908187499269843
seed123_P3-bert-time_step15000 62 6 9 0.2857738659949973
seed123_P3-bert-time_step15000 62 7 0 0.280552426003851
seed123_P3-bert-time_step15000 62 7 1 0.28337815101258457
seed123_P3-bert-time_step15000 62 7 2 0.28620217891875654
seed123_P3-bert-time_step15000 62 7 3 0.273457553004846
seed123_P3-bert-time_step15000 62 7 4 0.2861391688929871
seed123_P3-bert-time_step15000 62 7 5 0.28381299995817244
seed123_P3-bert-time_step15000 62 7 6 0.2872656279942021
seed123_P3-bert-time_step15000 62 7 7 0.28274788800626993
seed123_P3-bert-time_step15000 62 7 8 0.28635840001516044
seed123_P3-bert-time_step15000 62 7 9 0.28277079993858933
seed123_P3-bert-time_step15000 62 8 0 0.28502573107834905
seed123_P3-bert-time_step15000 62 8 1 0.28170583001337945
seed123_P3-bert-time_step15000 62 8 2 0.2892078689765185
seed123_P3-bert-time_step15000 62 8 3 0.282900482066907
seed123_P3-bert-time_step15000 62 8 4 0.28257697308436036
seed123_P3-bert-time_step15000 62 8 5 0.28237993200309575
seed123_P3-bert-time_step15000 62 8 6 0.2784344309475273
seed123_P3-bert-time_step15000 62 8 7 0.2944509719964117
seed123_P3-bert-time_step15000 62 8 8 0.2890878110192716
seed123_P3-bert-time_step15000 62 8 9 0.2802617138950154
seed123_P3-bert-time_step15000 62 9 0 0.2847449149703607
seed123_P3-bert-time_step15000 62 9 1 0.29385595908388495
seed123_P3-bert-time_step15000 62 9 2 0.3032746210228652
seed123_P3-bert-time_step15000 62 9 3 0.27960647200234234
seed123_P3-bert-time_step15000 62 9 4 0.2856435460271314
seed123_P3-bert-time_step15000 62 9 5 0.28717551892623305
seed123_P3-bert-time_step15000 62 9 6 0.2872137320227921
seed123_P3-bert-time_step15000 62 9 7 0.2864594960119575
seed123_P3-bert-time_step15000 62 9 8 0.2887912199366838
seed123_P3-bert-time_step15000 62 9 9 0.28927259100601077
seed123_P3-bert-time_step15000 64 0 0 0.17392276891041547
seed123_P3-bert-time_step15000 64 0 1 0.1750132009619847
seed123_P3-bert-time_step15000 64 0 2 0.17364901199471205
seed123_P3-bert-time_step15000 64 0 3 0.1757604560116306
seed123_P3-bert-time_step15000 64 0 4 0.1692932000150904
seed123_P3-bert-time_step15000 64 0 5 0.1775812959531322
seed123_P3-bert-time_step15000 64 0 6 0.17032011598348618
seed123_P3-bert-time_step15000 64 0 7 0.17143954301718622
seed123_P3-bert-time_step15000 64 0 8 0.1819721480133012
seed123_P3-bert-time_step15000 64 0 9 0.17282155493739992
seed123_P3-bert-time_step15000 64 1 0 0.1761085808975622
seed123_P3-bert-time_step15000 64 1 1 0.1703444749582559
seed123_P3-bert-time_step15000 64 1 2 0.1780809119809419
seed123_P3-bert-time_step15000 64 1 3 0.17496248695533723
seed123_P3-bert-time_step15000 64 1 4 0.16843560803681612
seed123_P3-bert-time_step15000 64 1 5 0.17098416609223932
seed123_P3-bert-time_step15000 64 1 6 0.18290431308560073
seed123_P3-bert-time_step15000 64 1 7 0.1741033459547907
seed123_P3-bert-time_step15000 64 1 8 0.17419210297521204
seed123_P3-bert-time_step15000 64 1 9 0.1803400870412588
seed123_P3-bert-time_step15000 64 2 0 0.16793857095763087
seed123_P3-bert-time_step15000 64 2 1 0.16693040099926293
seed123_P3-bert-time_step15000 64 2 2 0.17944515799172223
seed123_P3-bert-time_step15000 64 2 3 0.17315108701586723
seed123_P3-bert-time_step15000 64 2 4 0.1750325079774484
seed123_P3-bert-time_step15000 64 2 5 0.17161796696018428
seed123_P3-bert-time_step15000 64 2 6 0.1829426910262555
seed123_P3-bert-time_step15000 64 2 7 0.1760090069146827
seed123_P3-bert-time_step15000 64 2 8 0.1704807881033048
seed123_P3-bert-time_step15000 64 2 9 0.16956326202489436
seed123_P3-bert-time_step15000 64 3 0 0.17079273506533355
seed123_P3-bert-time_step15000 64 3 1 0.1730896639637649
seed123_P3-bert-time_step15000 64 3 2 0.17526723502669483
seed123_P3-bert-time_step15000 64 3 3 0.17558903608005494
seed123_P3-bert-time_step15000 64 3 4 0.17334798304364085
seed123_P3-bert-time_step15000 64 3 5 0.1683339870069176
seed123_P3-bert-time_step15000 64 3 6 0.17750987294130027
seed123_P3-bert-time_step15000 64 3 7 0.17554051603656262
seed123_P3-bert-time_step15000 64 3 8 0.1747080460190773
seed123_P3-bert-time_step15000 64 3 9 0.17169223492965102
seed123_P3-bert-time_step15000 64 4 0 0.17735042399726808
seed123_P3-bert-time_step15000 64 4 1 0.17908463208004832
seed123_P3-bert-time_step15000 64 4 2 0.18848565500229597
seed123_P3-bert-time_step15000 64 4 3 0.1784977960633114
seed123_P3-bert-time_step15000 64 4 4 0.17187333898618817
seed123_P3-bert-time_step15000 64 4 5 0.17056800494901836
seed123_P3-bert-time_step15000 64 4 6 0.17559798806905746
seed123_P3-bert-time_step15000 64 4 7 0.1736297969473526
seed123_P3-bert-time_step15000 64 4 8 0.16794617008417845
seed123_P3-bert-time_step15000 64 4 9 0.17424321291036904
seed123_P3-bert-time_step15000 64 5 0 0.1813329190481454
seed123_P3-bert-time_step15000 64 5 1 0.17551863996777683
seed123_P3-bert-time_step15000 64 5 2 0.18018978496547788
seed123_P3-bert-time_step15000 64 5 3 0.17617912800051272
seed123_P3-bert-time_step15000 64 5 4 0.1674589499598369
seed123_P3-bert-time_step15000 64 5 5 0.17429022607393563
seed123_P3-bert-time_step15000 64 5 6 0.16949054796714336
seed123_P3-bert-time_step15000 64 5 7 0.1718868410680443
seed123_P3-bert-time_step15000 64 5 8 0.1760386120295152
seed123_P3-bert-time_step15000 64 5 9 0.17373914399649948
seed123_P3-bert-time_step15000 64 6 0 0.1774784829467535
seed123_P3-bert-time_step15000 64 6 1 0.16888363799080253
seed123_P3-bert-time_step15000 64 6 2 0.17512750707101077
seed123_P3-bert-time_step15000 64 6 3 0.1745877240318805
seed123_P3-bert-time_step15000 64 6 4 0.17430641397368163
seed123_P3-bert-time_step15000 64 6 5 0.1702463849214837
seed123_P3-bert-time_step15000 64 6 6 0.1718484420562163
seed123_P3-bert-time_step15000 64 6 7 0.17018431494943798
seed123_P3-bert-time_step15000 64 6 8 0.1708046040730551
seed123_P3-bert-time_step15000 64 6 9 0.17489401809871197
seed123_P3-bert-time_step15000 64 7 0 0.17390077200252563
seed123_P3-bert-time_step15000 64 7 1 0.171554847038351
seed123_P3-bert-time_step15000 64 7 2 0.173906993935816
seed123_P3-bert-time_step15000 64 7 3 0.1672341750236228
seed123_P3-bert-time_step15000 64 7 4 0.17894613509997725
seed123_P3-bert-time_step15000 64 7 5 0.17664300999604166
seed123_P3-bert-time_step15000 64 7 6 0.17299713799729943
seed123_P3-bert-time_step15000 64 7 7 0.1705970090115443
seed123_P3-bert-time_step15000 64 7 8 0.16890156094450504
seed123_P3-bert-time_step15000 64 7 9 0.18444443598855287
seed123_P3-bert-time_step15000 64 8 0 0.17459290195256472
seed123_P3-bert-time_step15000 64 8 1 0.18375767301768064
seed123_P3-bert-time_step15000 64 8 2 0.17075176001526415
seed123_P3-bert-time_step15000 64 8 3 0.17359576793387532
seed123_P3-bert-time_step15000 64 8 4 0.17377918295096606
seed123_P3-bert-time_step15000 64 8 5 0.17086819594260305
seed123_P3-bert-time_step15000 64 8 6 0.17505944694858044
seed123_P3-bert-time_step15000 64 8 7 0.17160982300993055
seed123_P3-bert-time_step15000 64 8 8 0.170071818982251
seed123_P3-bert-time_step15000 64 8 9 0.16943866503424942
seed123_P3-bert-time_step15000 64 9 0 0.16954148502554744
seed123_P3-bert-time_step15000 64 9 1 0.1731578439939767
seed123_P3-bert-time_step15000 64 9 2 0.17179653095081449
seed123_P3-bert-time_step15000 64 9 3 0.17521385091822594
seed123_P3-bert-time_step15000 64 9 4 0.17298056499566883
seed123_P3-bert-time_step15000 64 9 5 0.17480746598448604
seed123_P3-bert-time_step15000 64 9 6 0.17185191297903657
seed123_P3-bert-time_step15000 64 9 7 0.1729746439959854
seed123_P3-bert-time_step15000 64 9 8 0.17623473098501563
seed123_P3-bert-time_step15000 64 9 9 0.1751693479018286
seed123_P3-bert-time_step15000 69 0 0 0.5174162139883265
seed123_P3-bert-time_step15000 69 0 1 0.5199698669603094
seed123_P3-bert-time_step15000 69 0 2 0.5231593640055507
seed123_P3-bert-time_step15000 69 0 3 0.5254461889853701
seed123_P3-bert-time_step15000 69 0 4 0.5184132480062544
seed123_P3-bert-time_step15000 69 0 5 0.5150303750997409
seed123_P3-bert-time_step15000 69 0 6 0.5206935239257291
seed123_P3-bert-time_step15000 69 0 7 0.5081137840170413
seed123_P3-bert-time_step15000 69 0 8 0.5137923849979416
seed123_P3-bert-time_step15000 69 0 9 0.5158109699841589
seed123_P3-bert-time_step15000 69 1 0 0.5066546789603308
seed123_P3-bert-time_step15000 69 1 1 0.5015357680385932
seed123_P3-bert-time_step15000 69 1 2 0.5214967239880934
seed123_P3-bert-time_step15000 69 1 3 0.5169503970537335
seed123_P3-bert-time_step15000 69 1 4 0.5426927939988673
seed123_P3-bert-time_step15000 69 1 5 0.5300405418965966
seed123_P3-bert-time_step15000 69 1 6 0.5143940419657156
seed123_P3-bert-time_step15000 69 1 7 0.5175437809666619
seed123_P3-bert-time_step15000 69 1 8 0.5181341179413721
seed123_P3-bert-time_step15000 69 1 9 0.5095694599440321
seed123_P3-bert-time_step15000 69 2 0 0.5029745099600405
seed123_P3-bert-time_step15000 69 2 1 0.5102050779387355
seed123_P3-bert-time_step15000 69 2 2 0.5252112980233505
seed123_P3-bert-time_step15000 69 2 3 0.5258383060572669
seed123_P3-bert-time_step15000 69 2 4 0.5182574999053031
seed123_P3-bert-time_step15000 69 2 5 0.506846455973573
seed123_P3-bert-time_step15000 69 2 6 0.5037055800203234
seed123_P3-bert-time_step15000 69 2 7 0.5040798600530252
seed123_P3-bert-time_step15000 69 2 8 0.5006493839900941
seed123_P3-bert-time_step15000 69 2 9 0.52228550799191
seed123_P3-bert-time_step15000 69 3 0 0.5241257429588586
seed123_P3-bert-time_step15000 69 3 1 0.5266900579445064
seed123_P3-bert-time_step15000 69 3 2 0.50963977095671
seed123_P3-bert-time_step15000 69 3 3 0.5140318589983508
seed123_P3-bert-time_step15000 69 3 4 0.5134239320177585
seed123_P3-bert-time_step15000 69 3 5 0.5236844790633768
seed123_P3-bert-time_step15000 69 3 6 0.5139599649701267
seed123_P3-bert-time_step15000 69 3 7 0.5113008019980043
seed123_P3-bert-time_step15000 69 3 8 0.505219847895205
seed123_P3-bert-time_step15000 69 3 9 0.5092648880090564
seed123_P3-bert-time_step15000 69 4 0 0.5174325510160998
seed123_P3-bert-time_step15000 69 4 1 0.5296133620431647
seed123_P3-bert-time_step15000 69 4 2 0.5506931390846148
seed123_P3-bert-time_step15000 69 4 3 0.5160966559778899
seed123_P3-bert-time_step15000 69 4 4 0.5183562219608575
seed123_P3-bert-time_step15000 69 4 5 0.5091543219750747
seed123_P3-bert-time_step15000 69 4 6 0.5056097770575434
seed123_P3-bert-time_step15000 69 4 7 0.5236187749542296
seed123_P3-bert-time_step15000 69 4 8 0.519490342005156
seed123_P3-bert-time_step15000 69 4 9 0.5280974350171164
seed123_P3-bert-time_step15000 69 5 0 0.5161302218912169
seed123_P3-bert-time_step15000 69 5 1 0.5247561979340389
seed123_P3-bert-time_step15000 69 5 2 0.5353078879415989
seed123_P3-bert-time_step15000 69 5 3 0.5357516149524599
seed123_P3-bert-time_step15000 69 5 4 0.5216019409708679
seed123_P3-bert-time_step15000 69 5 5 0.5349606239469722
seed123_P3-bert-time_step15000 69 5 6 0.5293362310621887
seed123_P3-bert-time_step15000 69 5 7 0.5327193510020152
seed123_P3-bert-time_step15000 69 5 8 0.5268021650845185
seed123_P3-bert-time_step15000 69 5 9 0.5290863109985366
seed123_P3-bert-time_step15000 69 6 0 0.5245031539816409
seed123_P3-bert-time_step15000 69 6 1 0.524974605999887
seed123_P3-bert-time_step15000 69 6 2 0.514432841911912
seed123_P3-bert-time_step15000 69 6 3 0.522778472979553
seed123_P3-bert-time_step15000 69 6 4 0.5410023700678721
seed123_P3-bert-time_step15000 69 6 5 0.5228275769622996
seed123_P3-bert-time_step15000 69 6 6 0.5296309440163895
seed123_P3-bert-time_step15000 69 6 7 0.5219365160446614
seed123_P3-bert-time_step15000 69 6 8 0.5211732869502157
seed123_P3-bert-time_step15000 69 6 9 0.5115798430051655
seed123_P3-bert-time_step15000 69 7 0 0.5044889609562233
seed123_P3-bert-time_step15000 69 7 1 0.5360662270104513
seed123_P3-bert-time_step15000 69 7 2 0.5274340549949557
seed123_P3-bert-time_step15000 69 7 3 0.5180063060251996
seed123_P3-bert-time_step15000 69 7 4 0.521913951030001
seed123_P3-bert-time_step15000 69 7 5 0.516249532927759
seed123_P3-bert-time_step15000 69 7 6 0.5217123520560563
seed123_P3-bert-time_step15000 69 7 7 0.5105546750128269
seed123_P3-bert-time_step15000 69 7 8 0.514169993926771
seed123_P3-bert-time_step15000 69 7 9 0.5245163890067488
seed123_P3-bert-time_step15000 69 8 0 0.5102423980133608
seed123_P3-bert-time_step15000 69 8 1 0.5204072439810261
seed123_P3-bert-time_step15000 69 8 2 0.510942509979941
seed123_P3-bert-time_step15000 69 8 3 0.5095930199604481
seed123_P3-bert-time_step15000 69 8 4 0.5194496279582381
seed123_P3-bert-time_step15000 69 8 5 0.5151504119858146
seed123_P3-bert-time_step15000 69 8 6 0.5176101450342685
seed123_P3-bert-time_step15000 69 8 7 0.5184021119493991
seed123_P3-bert-time_step15000 69 8 8 0.5225229510106146
seed123_P3-bert-time_step15000 69 8 9 0.5135557430330664
seed123_P3-bert-time_step15000 69 9 0 0.5063070080941543
seed123_P3-bert-time_step15000 69 9 1 0.5169181959936395
seed123_P3-bert-time_step15000 69 9 2 0.5278771599987522
seed123_P3-bert-time_step15000 69 9 3 0.523968948982656
seed123_P3-bert-time_step15000 69 9 4 0.5156970209209248
seed123_P3-bert-time_step15000 69 9 5 0.52547725092154
seed123_P3-bert-time_step15000 69 9 6 0.522943633957766
seed123_P3-bert-time_step15000 69 9 7 0.5239849080098793
seed123_P3-bert-time_step15000 69 9 8 0.5361100779846311
seed123_P3-bert-time_step15000 69 9 9 0.5304729039780796
seed123_P3-bert-time_step15000 74 0 0 0.7343449660111219
seed123_P3-bert-time_step15000 74 0 1 0.7180656570708379
seed123_P3-bert-time_step15000 74 0 2 0.7352567929774523
seed123_P3-bert-time_step15000 74 0 3 0.7335972499568015
seed123_P3-bert-time_step15000 74 0 4 0.7315145699540153
seed123_P3-bert-time_step15000 74 0 5 0.7211320099886507
seed123_P3-bert-time_step15000 74 0 6 0.7518393590580672
seed123_P3-bert-time_step15000 74 0 7 0.7414436700055376
seed123_P3-bert-time_step15000 74 0 8 0.7419959149556234
seed123_P3-bert-time_step15000 74 0 9 0.7355640449095517
seed123_P3-bert-time_step15000 74 1 0 0.7384258121019229
seed123_P3-bert-time_step15000 74 1 1 0.7376879010116681
seed123_P3-bert-time_step15000 74 1 2 0.7268016999587417
seed123_P3-bert-time_step15000 74 1 3 0.7304325610166416
seed123_P3-bert-time_step15000 74 1 4 0.7572314069839194
seed123_P3-bert-time_step15000 74 1 5 0.7482009549858049
seed123_P3-bert-time_step15000 74 1 6 0.7377633729483932
seed123_P3-bert-time_step15000 74 1 7 0.7572220250731334
seed123_P3-bert-time_step15000 74 1 8 0.7325163569767028
seed123_P3-bert-time_step15000 74 1 9 0.7361625669291243
seed123_P3-bert-time_step15000 74 2 0 0.7376256759744138
seed123_P3-bert-time_step15000 74 2 1 0.7289055059663951
seed123_P3-bert-time_step15000 74 2 2 0.7393444390036166
seed123_P3-bert-time_step15000 74 2 3 0.731293932069093
seed123_P3-bert-time_step15000 74 2 4 0.7359500539023429
seed123_P3-bert-time_step15000 74 2 5 0.7246419310104102
seed123_P3-bert-time_step15000 74 2 6 0.7328712780727074
seed123_P3-bert-time_step15000 74 2 7 0.7294948409544304
seed123_P3-bert-time_step15000 74 2 8 0.7112378620076925
seed123_P3-bert-time_step15000 74 2 9 0.7417819070396945
seed123_P3-bert-time_step15000 74 3 0 0.7343118030112237
seed123_P3-bert-time_step15000 74 3 1 0.7421791439410299
seed123_P3-bert-time_step15000 74 3 2 0.736667326069437
seed123_P3-bert-time_step15000 74 3 3 0.7649255850119516
seed123_P3-bert-time_step15000 74 3 4 0.747795929084532
seed123_P3-bert-time_step15000 74 3 5 0.7512890850193799
seed123_P3-bert-time_step15000 74 3 6 0.7470125729450956
seed123_P3-bert-time_step15000 74 3 7 0.7382309479871765
seed123_P3-bert-time_step15000 74 3 8 0.73041588999331
seed123_P3-bert-time_step15000 74 3 9 0.7365606350358576
seed123_P3-bert-time_step15000 74 4 0 0.7821656320011243
seed123_P3-bert-time_step15000 74 4 1 0.7457098539453
seed123_P3-bert-time_step15000 74 4 2 0.7416984550654888
seed123_P3-bert-time_step15000 74 4 3 0.7310408659977838
seed123_P3-bert-time_step15000 74 4 4 0.732197348959744
seed123_P3-bert-time_step15000 74 4 5 0.7478459289995953
seed123_P3-bert-time_step15000 74 4 6 0.7537763540167361
seed123_P3-bert-time_step15000 74 4 7 0.7510993339819834
seed123_P3-bert-time_step15000 74 4 8 0.7347972400020808
seed123_P3-bert-time_step15000 74 4 9 0.7245297330664471
seed123_P3-bert-time_step15000 74 5 0 0.74331194604747
seed123_P3-bert-time_step15000 74 5 1 0.7338589220307767
seed123_P3-bert-time_step15000 74 5 2 0.739139343961142
seed123_P3-bert-time_step15000 74 5 3 0.7184863780857995
seed123_P3-bert-time_step15000 74 5 4 0.7217789340065792
seed123_P3-bert-time_step15000 74 5 5 0.7118716379627585
seed123_P3-bert-time_step15000 74 5 6 0.7441586860222742
seed123_P3-bert-time_step15000 74 5 7 0.7075062550138682
seed123_P3-bert-time_step15000 74 5 8 0.70231955696363
seed123_P3-bert-time_step15000 74 5 9 0.7147970038931817
seed123_P3-bert-time_step15000 74 6 0 0.7189341299235821
seed123_P3-bert-time_step15000 74 6 1 0.7208684540819377
seed123_P3-bert-time_step15000 74 6 2 0.733311005984433
seed123_P3-bert-time_step15000 74 6 3 0.734144599060528
seed123_P3-bert-time_step15000 74 6 4 0.7243044200586155
seed123_P3-bert-time_step15000 74 6 5 0.7158538670046255
seed123_P3-bert-time_step15000 74 6 6 0.7136539350030944
seed123_P3-bert-time_step15000 74 6 7 0.7185966749675572
seed123_P3-bert-time_step15000 74 6 8 0.7305624519940466
seed123_P3-bert-time_step15000 74 6 9 0.7509879489662126
seed123_P3-bert-time_step15000 74 7 0 0.7405648169806227
seed123_P3-bert-time_step15000 74 7 1 0.7526868330314755
seed123_P3-bert-time_step15000 74 7 2 0.7339668560307473
seed123_P3-bert-time_step15000 74 7 3 0.7240543520310894
seed123_P3-bert-time_step15000 74 7 4 0.7385776509763673
seed123_P3-bert-time_step15000 74 7 5 0.7155767179792747
seed123_P3-bert-time_step15000 74 7 6 0.7261456759879366
seed123_P3-bert-time_step15000 74 7 7 0.7282967859646305
seed123_P3-bert-time_step15000 74 7 8 0.7381004689959809
seed123_P3-bert-time_step15000 74 7 9 0.721294500050135
seed123_P3-bert-time_step15000 74 8 0 0.7252707460429519
seed123_P3-bert-time_step15000 74 8 1 0.7253719749860466
seed123_P3-bert-time_step15000 74 8 2 0.7206778549589217
seed123_P3-bert-time_step15000 74 8 3 0.7020193840144202
seed123_P3-bert-time_step15000 74 8 4 0.7322118440642953
seed123_P3-bert-time_step15000 74 8 5 0.7227994659915566
seed123_P3-bert-time_step15000 74 8 6 0.7307568469550461
seed123_P3-bert-time_step15000 74 8 7 0.7307252970058471
seed123_P3-bert-time_step15000 74 8 8 0.7163869750220329
seed123_P3-bert-time_step15000 74 8 9 0.7096836740383878
seed123_P3-bert-time_step15000 74 9 0 0.7199441660195589
seed123_P3-bert-time_step15000 74 9 1 0.7165806170087308
seed123_P3-bert-time_step15000 74 9 2 0.7117973380954936
seed123_P3-bert-time_step15000 74 9 3 0.7168534760130569
seed123_P3-bert-time_step15000 74 9 4 0.7178553090197966
seed123_P3-bert-time_step15000 74 9 5 0.7643317650072277
seed123_P3-bert-time_step15000 74 9 6 0.7178506150376052
seed123_P3-bert-time_step15000 74 9 7 0.7250095050549135
seed123_P3-bert-time_step15000 74 9 8 0.719113125000149
seed123_P3-bert-time_step15000 74 9 9 0.7000438970280811
seed123_P3-bert-time_step15000 78 0 0 1.1521907380083576
seed123_P3-bert-time_step15000 78 0 1 1.1944059659726918
seed123_P3-bert-time_step15000 78 0 2 1.1837022709660232
seed123_P3-bert-time_step15000 78 0 3 1.1888662009732798
seed123_P3-bert-time_step15000 78 0 4 1.1687513829674572
seed123_P3-bert-time_step15000 78 0 5 1.1649305030005053
seed123_P3-bert-time_step15000 78 0 6 1.165169632062316
seed123_P3-bert-time_step15000 78 0 7 1.195932241040282
seed123_P3-bert-time_step15000 78 0 8 1.175492764916271
seed123_P3-bert-time_step15000 78 0 9 1.1750985010294244
seed123_P3-bert-time_step15000 78 1 0 1.1793640840332955
seed123_P3-bert-time_step15000 78 1 1 1.1585521979723126
seed123_P3-bert-time_step15000 78 1 2 1.1668611239874735
seed123_P3-bert-time_step15000 78 1 3 1.1475034760078415
seed123_P3-bert-time_step15000 78 1 4 1.1576327299699187
seed123_P3-bert-time_step15000 78 1 5 1.165307360002771
seed123_P3-bert-time_step15000 78 1 6 1.1692595779895782
seed123_P3-bert-time_step15000 78 1 7 1.1784559439402074
seed123_P3-bert-time_step15000 78 1 8 1.174047735054046
seed123_P3-bert-time_step15000 78 1 9 1.1974366379436105
seed123_P3-bert-time_step15000 78 2 0 1.184439427102916
seed123_P3-bert-time_step15000 78 2 1 1.1740499589359388
seed123_P3-bert-time_step15000 78 2 2 1.188797982991673
seed123_P3-bert-time_step15000 78 2 3 1.1569781210273504
seed123_P3-bert-time_step15000 78 2 4 1.1853955530095845
seed123_P3-bert-time_step15000 78 2 5 1.1732383470516652
seed123_P3-bert-time_step15000 78 2 6 1.2024095569504425
seed123_P3-bert-time_step15000 78 2 7 1.1832843429874629
seed123_P3-bert-time_step15000 78 2 8 1.1899390679318458
seed123_P3-bert-time_step15000 78 2 9 1.1705844450043514
seed123_P3-bert-time_step15000 78 3 0 1.1925663580186665
seed123_P3-bert-time_step15000 78 3 1 1.1870759200537577
seed123_P3-bert-time_step15000 78 3 2 1.181900005089119
seed123_P3-bert-time_step15000 78 3 3 1.2075347040081397
seed123_P3-bert-time_step15000 78 3 4 1.1752572320401669
seed123_P3-bert-time_step15000 78 3 5 1.197579888976179
seed123_P3-bert-time_step15000 78 3 6 1.1773127079941332
seed123_P3-bert-time_step15000 78 3 7 1.2190851300256327
seed123_P3-bert-time_step15000 78 3 8 1.1834562639705837
seed123_P3-bert-time_step15000 78 3 9 1.1907713999971747
seed123_P3-bert-time_step15000 78 4 0 1.1802925469819456
seed123_P3-bert-time_step15000 78 4 1 1.1728340040426701
seed123_P3-bert-time_step15000 78 4 2 1.1707326440373436
seed123_P3-bert-time_step15000 78 4 3 1.1889143559383228
seed123_P3-bert-time_step15000 78 4 4 1.1793871890986338
seed123_P3-bert-time_step15000 78 4 5 1.2397879620548338
seed123_P3-bert-time_step15000 78 4 6 1.2008135380456224
seed123_P3-bert-time_step15000 78 4 7 1.1802548049017787
seed123_P3-bert-time_step15000 78 4 8 1.1912680940004066
seed123_P3-bert-time_step15000 78 4 9 1.1652257229434326
seed123_P3-bert-time_step15000 78 5 0 1.1701320270076394
seed123_P3-bert-time_step15000 78 5 1 1.1899474520469084
seed123_P3-bert-time_step15000 78 5 2 1.170575789990835
seed123_P3-bert-time_step15000 78 5 3 1.1904010019497946
seed123_P3-bert-time_step15000 78 5 4 1.2063293759711087
seed123_P3-bert-time_step15000 78 5 5 1.174005892011337
seed123_P3-bert-time_step15000 78 5 6 1.188939530053176
seed123_P3-bert-time_step15000 78 5 7 1.1941533209756017
seed123_P3-bert-time_step15000 78 5 8 1.2171041780384257
seed123_P3-bert-time_step15000 78 5 9 1.2028202640358359
seed123_P3-bert-time_step15000 78 6 0 1.1866096899611875
seed123_P3-bert-time_step15000 78 6 1 1.1953979299869388
seed123_P3-bert-time_step15000 78 6 2 1.174394893925637
seed123_P3-bert-time_step15000 78 6 3 1.1811276520602405
seed123_P3-bert-time_step15000 78 6 4 1.1728240309748799
seed123_P3-bert-time_step15000 78 6 5 1.200771510018967
seed123_P3-bert-time_step15000 78 6 6 1.205767794046551
seed123_P3-bert-time_step15000 78 6 7 1.1893547039944679
seed123_P3-bert-time_step15000 78 6 8 1.186304296948947
seed123_P3-bert-time_step15000 78 6 9 1.1892228099750355
seed123_P3-bert-time_step15000 78 7 0 1.1745156380347908
seed123_P3-bert-time_step15000 78 7 1 1.1756534930318594
seed123_P3-bert-time_step15000 78 7 2 1.1849713509436697
seed123_P3-bert-time_step15000 78 7 3 1.2144481749273837
seed123_P3-bert-time_step15000 78 7 4 1.1652975749457255
seed123_P3-bert-time_step15000 78 7 5 1.166645945981145
seed123_P3-bert-time_step15000 78 7 6 1.166327135055326
seed123_P3-bert-time_step15000 78 7 7 1.1582495160400867
seed123_P3-bert-time_step15000 78 7 8 1.1878729030722752
seed123_P3-bert-time_step15000 78 7 9 1.1925423010252416
seed123_P3-bert-time_step15000 78 8 0 1.1758510560030118
seed123_P3-bert-time_step15000 78 8 1 1.2022178079932928
seed123_P3-bert-time_step15000 78 8 2 1.1629226000513881
seed123_P3-bert-time_step15000 78 8 3 1.1939985189819708
seed123_P3-bert-time_step15000 78 8 4 1.1978059890680015
seed123_P3-bert-time_step15000 78 8 5 1.168468966963701
seed123_P3-bert-time_step15000 78 8 6 1.187170738936402
seed123_P3-bert-time_step15000 78 8 7 1.218730113003403
seed123_P3-bert-time_step15000 78 8 8 1.2002160309348255
seed123_P3-bert-time_step15000 78 8 9 1.2092340119415894
seed123_P3-bert-time_step15000 78 9 0 1.1758521279552951
seed123_P3-bert-time_step15000 78 9 1 1.1898164849262685
seed123_P3-bert-time_step15000 78 9 2 1.2228784180479124
seed123_P3-bert-time_step15000 78 9 3 1.1758789320010692
seed123_P3-bert-time_step15000 78 9 4 1.2110547909978777
seed123_P3-bert-time_step15000 78 9 5 1.177237682044506
seed123_P3-bert-time_step15000 78 9 6 1.1910935699706897
seed123_P3-bert-time_step15000 78 9 7 1.2099022209877148
seed123_P3-bert-time_step15000 78 9 8 1.174922980950214
seed123_P3-bert-time_step15000 78 9 9 1.1774217360652983
{'model': 'seed123_P3-bert-time_step15000', 'completed_pairs': 2000, 'requested_pairs': 2000, 'completed': True, 'complete_source_count': 20, 'FRD': 130.24197014764383, 'new_pairs': 2000, 'wall_seconds': 475.9977081880206}
