arm,step,index,max_chunk_error,old_strict_pass,fp64_chunk_max,fp32_to_fp64_max,multi_FRC_chunk_error,single_FRC_chunk_error,boundary_abs_change,interior_abs_change
C1,500,0,1.7508864402770996e-06,True,,,,,0.03874058648943901,0.030976274982094765
C1,500,1,1.3634562492370605e-06,True,,,,,0.04243355616927147,0.05466290935873985
C1,500,2,1.3709068298339844e-06,True,,,,,0.025003500282764435,0.0405249260365963
C1,500,3,1.2516975402832031e-06,True,,,,,,0.05042967572808266
C1,500,4,1.4007091522216797e-06,True,,,,,0.07395776361227036,0.03352119401097298
C1,500,5,1.1920928955078125e-06,True,,,,,0.04403081163764,0.04367932677268982
C1,500,6,1.4863908290863037e-06,True,,,,,0.09126000851392746,0.03708508610725403
C1,500,7,1.695007085800171e-06,True,,,,,0.05365552753210068,0.03535015136003494
C1,500,8,1.3373792171478271e-06,True,,,,,0.051696598529815674,0.0230562724173069
C1,500,9,1.3709068298339844e-06,True,,,,,0.0779479593038559,0.03535987064242363
C1,500,10,1.341104507446289e-06,True,,,,,0.04540948197245598,0.034390274435281754
C1,500,11,1.5124678611755371e-06,True,,,,,0.11130417883396149,0.036299221217632294
C1,500,12,1.341104507446289e-06,True,,,,,0.0478985533118248,0.02017674595117569
C1,500,13,1.4975666999816895e-06,True,,,,,0.04840332642197609,0.017462417483329773
C1,500,14,1.3336539268493652e-06,True,,,,,0.07652030140161514,0.018755681812763214
C1,500,15,1.4454126358032227e-06,True,,,,,0.07907716184854507,0.03307458385825157
C1,500,16,1.4081597328186035e-06,True,,,,,0.08084805309772491,0.028895962983369827
C1,500,17,1.695007085800171e-06,True,,,,,0.07755570858716965,0.032311417162418365
C1,500,18,1.959502696990967e-06,True,,,,,0.042869895696640015,0.021214662119746208
C1,500,19,1.7210841178894043e-06,True,,,,,0.09242560714483261,0.02330377697944641
C1,500,20,1.5012919902801514e-06,True,,,,,0.05174989253282547,0.05984318628907204
C1,500,21,1.385807991027832e-06,True,,,,,0.034873198717832565,0.04602266848087311
C1,500,22,1.4528632164001465e-06,True,,,,,0.0753668025135994,0.05627942457795143
C1,500,23,1.2665987014770508e-06,True,,,,,0.03378492593765259,0.0553511381149292
C1,500,24,1.2516975402832031e-06,True,,,,,0.04265589267015457,0.034600675106048584
C1,500,25,1.3560056686401367e-06,True,,,,,0.1270008534193039,0.03876065835356712
C1,500,26,1.2740492820739746e-06,True,,,,,0.033746618777513504,0.03842797502875328
C1,500,27,1.341104507446289e-06,True,,,,,0.022241873666644096,0.03986309468746185
C1,500,28,1.385807991027832e-06,True,,,,,,0.050560880452394485
C1,500,29,1.1175870895385742e-06,True,,,,,,0.043723560869693756
C1,500,30,1.519918441772461e-06,True,,,,,0.04983322322368622,0.04885350540280342
C1,500,31,1.296401023864746e-06,True,,,,,0.07995195686817169,0.04950768128037453
C1,500,32,1.4379620552062988e-06,True,,,,,,0.05460910126566887
C1,500,33,1.0728836059570312e-06,True,,,,,,0.04947483912110329
C1,500,34,1.4603137969970703e-06,True,,,,,0.03721527010202408,0.037247683852910995
C1,500,35,1.7881393432617188e-06,True,,,,,,0.04763767868280411
C1,500,36,1.2665987014770508e-06,True,,,,,,0.04720703139901161
C1,500,37,1.3932585716247559e-06,True,,,,,,0.055914539843797684
C1,500,38,1.2516975402832031e-06,True,,,,,,0.042916275560855865
C1,500,39,1.6391277313232422e-06,True,,,,,,0.052574124187231064
C1,500,40,1.2218952178955078e-06,True,,,,,,0.03817375749349594
C1,500,41,1.0132789611816406e-06,True,,,,,,0.03431401774287224
C1,500,42,1.4379620552062988e-06,True,,,,,0.12181491404771805,0.04322817921638489
C1,500,43,1.4156103134155273e-06,True,,,,,0.10180922597646713,0.04523162916302681
C1,500,44,1.8775463104248047e-06,True,,,,,0.05028294399380684,0.03618444874882698
C1,500,45,1.6242265701293945e-06,True,,,,,0.05665548890829086,0.0466233566403389
C1,500,46,1.5497207641601562e-06,True,,,,,0.05784865841269493,0.033928681164979935
C1,500,47,1.3709068298339844e-06,True,,,,,0.047343894839286804,0.045824889093637466
C1,500,48,1.2218952178955078e-06,True,,,,,0.057437583804130554,0.04952094331383705
C1,500,49,1.1138617992401123e-06,True,,,,,0.0426294319331646,0.043346043676137924
C1,500,50,1.341104507446289e-06,True,,,,,0.09053267538547516,0.04997086524963379
C1,500,51,1.4510005712509155e-06,True,,,,,0.05544336140155792,0.051398761570453644
C1,500,52,2.0638108253479004e-06,True,,,,,0.075661800801754,0.034288011491298676
C1,500,53,2.263113856315613e-06,True,,,,,0.06414323300123215,0.03363705798983574
C1,500,54,1.3709068298339844e-06,True,,,,,0.07385121285915375,0.03729850426316261
C1,500,55,1.3709068298339844e-06,True,,,,,0.04871879145503044,0.02830490656197071
C1,500,56,1.2665987014770508e-06,True,,,,,0.07356332242488861,0.04865598306059837
C1,500,57,1.4379620552062988e-06,True,,,,,0.15022172033786774,0.05464935302734375
C1,500,58,1.2218952178955078e-06,True,,,,,0.034181512892246246,0.04680633544921875
C1,500,59,1.2218952178955078e-06,True,,,,,0.1766444891691208,0.05173387750983238
C1,500,60,1.5497207641601562e-06,True,,,,,0.05971147119998932,0.03422652184963226
C1,500,61,1.7583370208740234e-06,True,,,,,0.03764311596751213,0.03059523180127144
C1,500,62,1.2665987014770508e-06,True,,,,,0.03336135298013687,0.015385729260742664
C1,500,63,1.6987323760986328e-06,True,,,,,0.07336269319057465,0.03519768640398979
C1,500,64,1.426786184310913e-06,True,,,,,0.05139271914958954,0.0448421835899353
C1,500,65,1.2367963790893555e-06,True,,,,,0.018195785582065582,0.052265916019678116
C1,500,66,1.4454126358032227e-06,True,,,,,0.04587245360016823,0.04595495015382767
C1,500,67,1.4528632164001465e-06,True,,,,,0.03300509601831436,0.048644546419382095
C1,500,68,1.3262033462524414e-06,True,,,,,0.03783944249153137,0.018480144441127777
C1,500,69,1.4156103134155273e-06,True,,,,,0.016629839316010475,0.007838452234864235
C1,500,70,1.1026859283447266e-06,True,,,,,0.019477689638733864,0.008570182137191296
C1,500,71,1.3113021850585938e-06,True,,,,,0.02058425173163414,0.009561573155224323
C1,500,72,1.4454126358032227e-06,True,,,,,0.04485560208559036,0.02002890035510063
C1,500,73,1.5869736671447754e-06,True,,,,,0.042312901467084885,0.022589534521102905
C1,500,74,1.6689300537109375e-06,True,,,,,0.048921819776296616,0.030431844294071198
C1,500,75,1.996755599975586e-06,True,,,,,0.053791653364896774,0.025203388184309006
C1,500,76,1.7136335372924805e-06,True,,,,,0.04015205800533295,0.024545444175601006
C1,500,77,1.4640390872955322e-06,True,,,,,0.06854134052991867,0.03728092089295387
C1,500,78,1.8142163753509521e-06,True,,,,,0.05507856234908104,0.024571646004915237
C1,500,79,1.4007091522216797e-06,True,,,,,0.05254681408405304,0.04173076152801514
C0,500,0,2.175569534301758e-06,True,,,,,0.0281070526689291,0.017164111137390137
C0,500,1,1.9669532775878906e-06,True,,,,,0.036582279950380325,0.032906968146562576
C0,500,2,1.9371509552001953e-06,True,,,,,0.041985299438238144,0.02366255596280098
C0,500,3,2.473592758178711e-06,True,,,,,,0.02813093550503254
C0,500,4,1.817941665649414e-06,True,,,,,0.11011803895235062,0.017910685390233994
C0,500,5,1.430511474609375e-06,True,,,,,0.052992288023233414,0.027927866205573082
C0,500,6,2.168118953704834e-06,True,,,,,0.05733035132288933,0.02186458744108677
C0,500,7,2.3245811462402344e-06,True,,,,,0.08363795280456543,0.019575148820877075
C0,500,8,1.471489667892456e-06,True,,,,,0.0835515707731247,0.01637101173400879
C0,500,9,1.5348196029663086e-06,True,,,,,0.1377602070569992,0.019060874357819557
C0,500,10,1.5422701835632324e-06,True,,,,,0.10721918195486069,0.019275352358818054
C0,500,11,1.6391277313232422e-06,True,,,,,0.16775135695934296,0.021884439513087273
C0,500,12,1.6652047634124756e-06,True,,,,,0.0744849145412445,0.012128294445574284
C0,500,13,1.5497207641601562e-06,True,,,,,0.06869624555110931,0.009976315312087536
C0,500,14,1.7881393432617188e-06,True,,,,,0.06510420143604279,0.011054063215851784
C0,500,15,1.7825514078140259e-06,True,,,,,0.044194404035806656,0.01826505921781063
C0,500,16,1.6987323760986328e-06,True,,,,,0.05992759019136429,0.014925623312592506
C0,500,17,1.6987323760986328e-06,True,,,,,0.07854581624269485,0.016688168048858643
C0,500,18,1.7434358596801758e-06,True,,,,,0.05193639546632767,0.011994175612926483
C0,500,19,1.6093254089355469e-06,True,,,,,0.09875001013278961,0.013645831495523453
C0,500,20,2.3245811462402344e-06,True,,,,,0.050585776567459106,0.03256131336092949
C0,500,21,1.7061829566955566e-06,True,,,,,0.06682225316762924,0.029568102210760117
C0,500,22,1.8477439880371094e-06,True,,,,,0.11905501037836075,0.03253438323736191
C0,500,23,1.9371509552001953e-06,True,,,,,0.04665139690041542,0.030290408059954643
C0,500,24,1.6838312149047852e-06,True,,,,,0.07069560140371323,0.019795510917901993
C0,500,25,2.419576048851013e-06,True,,,,,0.10412353277206421,0.024590667337179184
C0,500,26,1.6540288925170898e-06,True,,,,,0.05699930712580681,0.02208440564572811
C0,500,27,1.9371509552001953e-06,True,,,,,0.014733823016285896,0.022586639970541
C0,500,28,1.6093254089355469e-06,True,,,,,,0.03106866590678692
C0,500,29,1.5944242477416992e-06,True,,,,,,0.024576427415013313
C0,500,30,1.5050172805786133e-06,True,,,,,0.0917869508266449,0.03306243196129799
C0,500,31,1.6689300537109375e-06,True,,,,,0.04595765843987465,0.027117596939206123
C0,500,32,1.7881393432617188e-06,True,,,,,,0.030882062390446663
C0,500,33,1.8477439880371094e-06,True,,,,,,0.027780868113040924
C0,500,34,2.078711986541748e-06,True,,,,,0.029325364157557487,0.02140289545059204
C0,500,35,1.6689300537109375e-06,True,,,,,,0.02907167188823223
C0,500,36,1.3969838619232178e-06,True,,,,,,0.030673975124955177
C0,500,37,1.6689300537109375e-06,True,,,,,,0.03204650431871414
C0,500,38,1.7583370208740234e-06,True,,,,,,0.02971719764173031
C0,500,39,1.691281795501709e-06,True,,,,,,0.033385828137397766
C0,500,40,1.341104507446289e-06,True,,,,,,0.024770120158791542
C0,500,41,1.6242265701293945e-06,True,,,,,,0.024410536512732506
C0,500,42,2.034008502960205e-06,True,,,,,0.047316111624240875,0.02560637891292572
C0,500,43,1.5795230865478516e-06,True,,,,,0.04766562208533287,0.028973372653126717
C0,500,44,1.6391277313232422e-06,True,,,,,0.06021822243928909,0.023538954555988312
C0,500,45,1.6391277313232422e-06,True,,,,,0.08271617442369461,0.030120020732283592
C0,500,46,1.959502696990967e-06,True,,,,,0.07982730120420456,0.022407514974474907
C0,500,47,2.6226043701171875e-06,True,,,,,0.06446034461259842,0.0272471085190773
C0,500,48,1.9669532775878906e-06,True,,,,,0.07829728722572327,0.03436950966715813
C0,500,49,2.3245811462402344e-06,True,,,,,0.07069995999336243,0.027747521176934242
C0,500,50,2.4428591132164e-06,True,,,,,0.05204948037862778,0.03340210020542145
C0,500,51,2.201646566390991e-06,True,,,,,0.08997175097465515,0.02907576411962509
C0,500,52,1.9371509552001953e-06,True,,,,,0.0853460356593132,0.01964825764298439
C0,500,53,1.996755599975586e-06,True,,,,,0.059393398463726044,0.017648756504058838
C0,500,54,1.9669532775878906e-06,True,,,,,0.08302358537912369,0.021500837057828903
C0,500,55,1.9744038581848145e-06,True,,,,,0.0726730152964592,0.017517173662781715
C0,500,56,1.8775463104248047e-06,True,,,,,0.10746891051530838,0.026915019378066063
C0,500,57,2.6598572731018066e-06,True,,,,,0.12257026880979538,0.029151765629649162
C0,500,58,2.0638108253479004e-06,True,,,,,0.04439681023359299,0.027791710570454597
C0,500,59,1.9371509552001953e-06,True,,,,,0.08082793653011322,0.030675102025270462
C0,500,60,2.0712614059448242e-06,True,,,,,0.06433515250682831,0.01962057128548622
C0,500,61,1.7136335372924805e-06,True,,,,,0.06612291932106018,0.015421118587255478
C0,500,62,1.7285346984863281e-06,True,,,,,0.05738039314746857,0.010163015685975552
C0,500,63,1.6987323760986328e-06,True,,,,,0.08023200929164886,0.018417049199342728
C0,500,64,2.343207597732544e-06,True,,,,,0.05193590372800827,0.028287814930081367
C0,500,65,1.989305019378662e-06,True,,,,,0.030262161046266556,0.02799658104777336
C0,500,66,1.9799917936325073e-06,True,,,,,0.07454874366521835,0.02735193632543087
C0,500,67,1.862645149230957e-06,True,,,,,0.07726877927780151,0.030385205522179604
C0,500,68,1.3373792171478271e-06,True,,,,,0.04050206020474434,0.01087172795087099
C0,500,69,2.078711986541748e-06,True,,,,,0.030889416113495827,0.007452548015862703
C0,500,70,1.6242265701293945e-06,True,,,,,0.03223602473735809,0.006047343835234642
C0,500,71,1.564621925354004e-06,True,,,,,0.03739478439092636,0.007449750788509846
C0,500,72,1.9297003746032715e-06,True,,,,,0.04439631476998329,0.012783150188624859
C0,500,73,2.473592758178711e-06,True,,,,,0.05949002131819725,0.013428227975964546
C0,500,74,2.16066837310791e-06,True,,,,,0.08087505400180817,0.018503841012716293
C0,500,75,1.9650906324386597e-06,True,,,,,0.05624537542462349,0.014670013450086117
C0,500,76,1.8402934074401855e-06,True,,,,,0.06777606904506683,0.01576453074812889
C0,500,77,1.519918441772461e-06,True,,,,,0.07899255305528641,0.02046111784875393
C0,500,78,2.3692846298217773e-06,True,,,,,0.0740068331360817,0.0155989034101367
C0,500,79,1.8738210201263428e-06,True,,,,,0.10192212462425232,0.02181708812713623
C1,2000,0,9.238719940185547e-07,True,,,,,0.05093114450573921,0.025440720841288567
C1,2000,1,9.5367431640625e-07,True,,,,,0.03543601930141449,0.034740325063467026
C1,2000,2,1.0132789611816406e-06,True,,,,,0.031752925366163254,0.027816085144877434
C1,2000,3,1.341104507446289e-06,True,,,,,,0.03328345715999603
C1,2000,4,7.748603820800781e-07,True,,,,,0.07324197888374329,0.025501711294054985
C1,2000,5,8.940696716308594e-07,True,,,,,0.03506951034069061,0.02945294976234436
C1,2000,6,1.0132789611816406e-06,True,,,,,0.07265909761190414,0.02546137012541294
C1,2000,7,1.0132789611816406e-06,True,,,,,0.0449204221367836,0.025482604280114174
C1,2000,8,1.0728836059570312e-06,True,,,,,0.028117792680859566,0.015218041837215424
C1,2000,9,1.1622905731201172e-06,True,,,,,0.039797186851501465,0.025672554969787598
C1,2000,10,1.0728836059570312e-06,True,,,,,0.04583054408431053,0.026239000260829926
C1,2000,11,9.5367431640625e-07,True,,,,,0.07330094277858734,0.021968437358736992
C1,2000,12,1.1771917343139648e-06,True,,,,,0.05157181993126869,0.01597975566983223
C1,2000,13,1.043081283569336e-06,True,,,,,0.04040294513106346,0.015517928637564182
C1,2000,14,1.2516975402832031e-06,True,,,,,0.06980340927839279,0.016504157334566116
C1,2000,15,1.2218952178955078e-06,True,,,,,0.10444705933332443,0.027934681624174118
C1,2000,16,8.940696716308594e-07,True,,,,,0.11220285296440125,0.02427997812628746
C1,2000,17,1.1473894119262695e-06,True,,,,,0.07860599458217621,0.024691132828593254
C1,2000,18,1.0132789611816406e-06,True,,,,,0.03466097265481949,0.017023658379912376
C1,2000,19,1.996755599975586e-06,True,,,,,0.08318500965833664,0.017816603183746338
C1,2000,20,9.238719940185547e-07,True,,,,,0.03137228637933731,0.0393657460808754
C1,2000,21,7.748603820800781e-07,True,,,,,0.02375904843211174,0.029082028195261955
C1,2000,22,9.238719940185547e-07,True,,,,,0.0904160737991333,0.03548614680767059
C1,2000,23,8.791685104370117e-07,True,,,,,0.0360872857272625,0.03540056571364403
C1,2000,24,1.3932585716247559e-06,True,,,,,0.04178967326879501,0.027369631454348564
C1,2000,25,8.940696716308594e-07,True,,,,,0.10708442330360413,0.03000875562429428
C1,2000,26,1.0728836059570312e-06,True,,,,,0.048102330416440964,0.02831731177866459
C1,2000,27,1.1175870895385742e-06,True,,,,,0.035901814699172974,0.027700012549757957
C1,2000,28,1.5348196029663086e-06,True,,,,,,0.03267447650432587
C1,2000,29,8.642673492431641e-07,True,,,,,,0.02721729502081871
C1,2000,30,9.238719940185547e-07,True,,,,,0.023552220314741135,0.025940872728824615
C1,2000,31,9.5367431640625e-07,True,,,,,0.09341892600059509,0.033217791467905045
C1,2000,32,7.003545761108398e-07,True,,,,,,0.03821739926934242
C1,2000,33,1.0728836059570312e-06,True,,,,,,0.03238852694630623
C1,2000,34,1.1920928955078125e-06,True,,,,,0.03343699872493744,0.027748120948672295
C1,2000,35,1.3709068298339844e-06,True,,,,,,0.03138536959886551
C1,2000,36,8.791685104370117e-07,True,,,,,,0.031103720888495445
C1,2000,37,9.685754776000977e-07,True,,,,,,0.03619160130620003
C1,2000,38,8.046627044677734e-07,True,,,,,,0.028063463047146797
C1,2000,39,7.450580596923828e-07,True,,,,,,0.036722615361213684
C1,2000,40,8.642673492431641e-07,True,,,,,,0.023587359115481377
C1,2000,41,9.5367431640625e-07,True,,,,,,0.023683074861764908
C1,2000,42,9.5367431640625e-07,True,,,,,0.08800037950277328,0.03029274009168148
C1,2000,43,8.568167686462402e-07,True,,,,,0.07010336965322495,0.029037849977612495
C1,2000,44,9.834766387939453e-07,True,,,,,0.043627746403217316,0.02498086355626583
C1,2000,45,1.1995434761047363e-06,True,,,,,0.0311310775578022,0.02907155267894268
C1,2000,46,1.2218952178955078e-06,True,,,,,0.053019557148218155,0.023829210549592972
C1,2000,47,1.1026859283447266e-06,True,,,,,0.04121273010969162,0.03325572609901428
C1,2000,48,8.344650268554688e-07,True,,,,,0.05902669206261635,0.02834894508123398
C1,2000,49,9.5367431640625e-07,True,,,,,0.029293281957507133,0.02735108695924282
C1,2000,50,9.238719940185547e-07,True,,,,,0.04396282508969307,0.02967410907149315
C1,2000,51,9.238719940185547e-07,True,,,,,0.03918841481208801,0.030854089185595512
C1,2000,52,1.2814998626708984e-06,True,,,,,0.053728457540273666,0.023839227855205536
C1,2000,53,1.1324882507324219e-06,True,,,,,0.05710260570049286,0.02418011799454689
C1,2000,54,1.2814998626708984e-06,True,,,,,0.06105136498808861,0.027170591056346893
C1,2000,55,1.5720725059509277e-06,True,,,,,0.04140552505850792,0.019994687288999557
C1,2000,56,8.344650268554688e-07,True,,,,,0.05953759700059891,0.03565270081162453
C1,2000,57,1.0281801223754883e-06,True,,,,,0.1441648155450821,0.03786906972527504
C1,2000,58,1.043081283569336e-06,True,,,,,0.02691570669412613,0.03302020952105522
C1,2000,59,1.1920928955078125e-06,True,,,,,0.08943074196577072,0.03348435461521149
C1,2000,60,1.218169927597046e-06,True,,,,,0.04261782765388489,0.02317821979522705
C1,2000,61,1.0132789611816406e-06,True,,,,,0.0446624830365181,0.027357695624232292
C1,2000,62,9.5367431640625e-07,True,,,,,0.03097488544881344,0.011730145663022995
C1,2000,63,1.1026859283447266e-06,True,,,,,0.07321654260158539,0.02597218193113804
C1,2000,64,9.5367431640625e-07,True,,,,,0.030729124322533607,0.02692338079214096
C1,2000,65,1.1026859283447266e-06,True,,,,,0.029134584590792656,0.029236560687422752
C1,2000,66,9.834766387939453e-07,True,,,,,0.047464776784181595,0.031144948676228523
C1,2000,67,9.98377799987793e-07,True,,,,,0.03722868114709854,0.030408456921577454
C1,2000,68,9.5367431640625e-07,True,,,,,0.04418943449854851,0.014359764754772186
C1,2000,69,9.238719940185547e-07,True,,,,,0.021348776295781136,0.004716853145509958
C1,2000,70,8.642673492431641e-07,True,,,,,0.021511487662792206,0.006299202796071768
C1,2000,71,8.940696716308594e-07,True,,,,,0.025393249467015266,0.007114070001989603
C1,2000,72,1.043081283569336e-06,True,,,,,0.0434563048183918,0.017954489216208458
C1,2000,73,1.3709068298339844e-06,True,,,,,0.04660152271389961,0.01974578946828842
C1,2000,74,1.1324882507324219e-06,True,,,,,0.044709499925374985,0.020485764369368553
C1,2000,75,1.1622905731201172e-06,True,,,,,0.05512386932969093,0.020841825753450394
C1,2000,76,1.4007091522216797e-06,True,,,,,0.046562422066926956,0.019307082518935204
C1,2000,77,1.0710209608078003e-06,True,,,,,0.04088779538869858,0.025317752733826637
C1,2000,78,1.2516975402832031e-06,True,,,,,0.052629489451646805,0.016928354278206825
C1,2000,79,8.940696716308594e-07,True,,,,,0.0341792032122612,0.027927428483963013
C2,500,0,1.3969838619232178e-06,True,,,,,0.06499327719211578,0.04234058037400246
C2,500,1,1.1920928955078125e-06,True,,,,,0.06936150789260864,0.077381931245327
C2,500,2,1.087784767150879e-06,True,,,,,0.03193223103880882,0.05465143918991089
C2,500,3,1.1324882507324219e-06,True,,,,,,0.07158929854631424
C2,500,4,1.1622905731201172e-06,True,,,,,0.08286578208208084,0.045339178293943405
C2,500,5,1.2218952178955078e-06,True,,,,,0.03883451223373413,0.05755253881216049
C2,500,6,1.2069940567016602e-06,True,,,,,0.13069863617420197,0.05009209364652634
C2,500,7,1.0728836059570312e-06,True,,,,,0.0703604593873024,0.04822099581360817
C2,500,8,1.0654330253601074e-06,True,,,,,0.06571534276008606,0.02524186298251152
C2,500,9,1.259148120880127e-06,True,,,,,0.08999429643154144,0.043428853154182434
C2,500,10,1.296401023864746e-06,True,,,,,0.07102152705192566,0.044761475175619125
C2,500,11,9.760260581970215e-07,True,,,,,0.1218516007065773,0.04196171090006828
C2,500,12,1.2665987014770508e-06,True,,,,,0.0653291717171669,0.025587070733308792
C2,500,13,1.3262033462524414e-06,True,,,,,0.06786750257015228,0.021307915449142456
C2,500,14,1.3709068298339844e-06,True,,,,,0.10109449177980423,0.02332802303135395
C2,500,15,1.2218952178955078e-06,True,,,,,0.11453527957201004,0.04323417320847511
C2,500,16,9.238719940185547e-07,True,,,,,0.08112423121929169,0.035565126687288284
C2,500,17,1.2367963790893555e-06,True,,,,,0.1094202771782875,0.041250668466091156
C2,500,18,1.1473894119262695e-06,True,,,,,0.053352147340774536,0.02495029754936695
C2,500,19,1.1771917343139648e-06,True,,,,,0.1379174143075943,0.028255369514226913
C2,500,20,1.1902302503585815e-06,True,,,,,0.09781476110219955,0.08470092713832855
C2,500,21,1.1175870895385742e-06,True,,,,,0.05069657787680626,0.06288318336009979
C2,500,22,1.3709068298339844e-06,True,,,,,0.11642242968082428,0.07950195670127869
C2,500,23,1.1473894119262695e-06,True,,,,,0.08487904816865921,0.07962662726640701
C2,500,24,1.1436641216278076e-06,True,,,,,0.04706183820962906,0.04541217163205147
C2,500,25,1.385807991027832e-06,True,,,,,0.1575223058462143,0.05034352093935013
C2,500,26,1.1026859283447266e-06,True,,,,,0.05591466650366783,0.05140642821788788
C2,500,27,1.3113021850585938e-06,True,,,,,0.03295102342963219,0.054739970713853836
C2,500,28,1.1324882507324219e-06,True,,,,,,0.06817292422056198
C2,500,29,1.0132789611816406e-06,True,,,,,,0.055818695574998856
C2,500,30,9.98377799987793e-07,True,,,,,0.10016706585884094,0.05969939008355141
C2,500,31,1.1846423149108887e-06,True,,,,,0.13303178548812866,0.06763771176338196
C2,500,32,1.2367963790893555e-06,True,,,,,,0.07420939207077026
C2,500,33,8.642673492431641e-07,True,,,,,,0.06593926250934601
C2,500,34,1.0356307029724121e-06,True,,,,,0.05312500149011612,0.04926607385277748
C2,500,35,8.270144462585449e-07,True,,,,,,0.06337030231952667
C2,500,36,9.834766387939453e-07,True,,,,,,0.06111137941479683
C2,500,37,1.0505318641662598e-06,True,,,,,,0.0771782398223877
C2,500,38,9.164214134216309e-07,True,,,,,,0.05723951384425163
C2,500,39,1.2516975402832031e-06,True,,,,,,0.06971441209316254
C2,500,40,1.043081283569336e-06,True,,,,,,0.04579249024391174
C2,500,41,1.0728836059570312e-06,True,,,,,,0.04036857932806015
C2,500,42,1.0505318641662598e-06,True,,,,,0.19135203957557678,0.06083162501454353
C2,500,43,1.0933727025985718e-06,True,,,,,0.14444822072982788,0.05713560804724693
C2,500,44,1.085922122001648e-06,True,,,,,0.06820238381624222,0.04550362750887871
C2,500,45,1.1026859283447266e-06,True,,,,,0.06450138241052628,0.06123301759362221
C2,500,46,1.2479722499847412e-06,True,,,,,0.07549917697906494,0.04374315217137337
C2,500,47,1.3560056686401367e-06,True,,,,,0.053722161799669266,0.06105341762304306
C2,500,48,1.087784767150879e-06,True,,,,,0.0916924849152565,0.06415708363056183
C2,500,49,1.2665987014770508e-06,True,,,,,0.05507830157876015,0.060011617839336395
C2,500,50,1.1324882507324219e-06,True,,,,,0.14912725985050201,0.06437937915325165
C2,500,51,1.0281801223754883e-06,True,,,,,0.07736534625291824,0.06780015677213669
C2,500,52,1.1324882507324219e-06,True,,,,,0.10803402960300446,0.045282993465662
C2,500,53,1.475214958190918e-06,True,,,,,0.09163272380828857,0.0453578345477581
C2,500,54,1.1920928955078125e-06,True,,,,,0.10279827564954758,0.04839814826846123
C2,500,55,1.3187527656555176e-06,True,,,,,0.07062594592571259,0.034911952912807465
C2,500,56,1.1026859283447266e-06,True,,,,,0.07137009501457214,0.06669510155916214
C2,500,57,1.0132789611816406e-06,True,,,,,0.20240198075771332,0.07517900317907333
C2,500,58,1.087784767150879e-06,True,,,,,0.05253364518284798,0.06377330422401428
C2,500,59,1.2740492820739746e-06,True,,,,,0.2649649381637573,0.07190269976854324
C2,500,60,1.087784767150879e-06,True,,,,,0.08673272281885147,0.04383892938494682
C2,500,61,1.5869736671447754e-06,True,,,,,0.06569160521030426,0.039897024631500244
C2,500,62,1.2740492820739746e-06,True,,,,,0.05519741773605347,0.018130594864487648
C2,500,63,1.043081283569336e-06,True,,,,,0.1082090362906456,0.04459206387400627
C2,500,64,1.2218952178955078e-06,True,,,,,0.07723769545555115,0.05601520463824272
C2,500,65,1.1175870895385742e-06,True,,,,,0.03722655028104782,0.06628825515508652
C2,500,66,1.341104507446289e-06,True,,,,,0.0673627257347107,0.06108367070555687
C2,500,67,1.1920928955078125e-06,True,,,,,0.08143891394138336,0.06373642385005951
C2,500,68,9.760260581970215e-07,True,,,,,0.07010069489479065,0.02174714021384716
C2,500,69,1.043081283569336e-06,True,,,,,0.04578503593802452,0.007863655686378479
C2,500,70,9.387731552124023e-07,True,,,,,0.03424552083015442,0.010166097432374954
C2,500,71,9.387731552124023e-07,True,,,,,0.04743216931819916,0.010785762220621109
C2,500,72,1.2516975402832031e-06,True,,,,,0.0583229698240757,0.024585051462054253
C2,500,73,1.3709068298339844e-06,True,,,,,0.05112491920590401,0.028244325891137123
C2,500,74,1.4603137969970703e-06,True,,,,,0.06857894361019135,0.03880222141742706
C2,500,75,1.3150274753570557e-06,True,,,,,0.0721464529633522,0.03255287930369377
C2,500,76,1.1473894119262695e-06,True,,,,,0.0552435964345932,0.03035900928080082
C2,500,77,1.1995434761047363e-06,True,,,,,0.09203082323074341,0.04688302427530289
C2,500,78,1.5795230865478516e-06,True,,,,,0.0777282565832138,0.03338901326060295
C2,500,79,1.2069940567016602e-06,True,,,,,0.07236577570438385,0.0521077886223793
C2,128,0,3.5762786865234375e-07,True,,,,,0.025451328605413437,0.020376332104206085
C2,128,1,3.2782554626464844e-07,True,,,,,0.03928237035870552,0.037713486701250076
C2,128,2,3.725290298461914e-07,True,,,,,0.034049492329359055,0.02841760776937008
C2,128,3,2.980232238769531e-07,True,,,,,,0.03309459611773491
C2,128,4,2.980232238769531e-07,True,,,,,0.04430004581809044,0.02156318537890911
C2,128,5,4.023313522338867e-07,True,,,,,0.021893322467803955,0.03060399740934372
C2,128,6,2.980232238769531e-07,True,,,,,0.05589096620678902,0.025313643738627434
C2,128,7,3.5762786865234375e-07,True,,,,,0.03598042204976082,0.02325712889432907
C2,128,8,4.172325134277344e-07,True,,,,,0.021257752552628517,0.015936847776174545
C2,128,9,4.76837158203125e-07,True,,,,,0.03378836810588837,0.022037053480744362
C2,128,10,4.023313522338867e-07,True,,,,,0.038995400071144104,0.023297563195228577
C2,128,11,3.5762786865234375e-07,True,,,,,0.05431905388832092,0.02459445223212242
C2,128,12,2.980232238769531e-07,True,,,,,0.034034598618745804,0.013639610260725021
C2,128,13,3.8743019104003906e-07,True,,,,,0.02461518533527851,0.011632638983428478
C2,128,14,3.5762786865234375e-07,True,,,,,0.04341438040137291,0.012388036586344242
C2,128,15,4.6193599700927734e-07,True,,,,,0.03940752148628235,0.022539682686328888
C2,128,16,4.76837158203125e-07,True,,,,,0.04003161936998367,0.019303303211927414
C2,128,17,4.172325134277344e-07,True,,,,,0.05860485881567001,0.021548893302679062
C2,128,18,3.5762786865234375e-07,True,,,,,0.022094016894698143,0.013689017854630947
C2,128,19,3.5762786865234375e-07,True,,,,,0.04055752977728844,0.01539444550871849
C2,128,20,4.172325134277344e-07,True,,,,,0.040208425372838974,0.039763305336236954
C2,128,21,3.427267074584961e-07,True,,,,,0.020337305963039398,0.03332537040114403
C2,128,22,3.2782554626464844e-07,True,,,,,0.04905639588832855,0.03841451182961464
C2,128,23,3.2782554626464844e-07,True,,,,,0.030422138050198555,0.038126781582832336
C2,128,24,3.427267074584961e-07,True,,,,,0.02814747951924801,0.022521132603287697
C2,128,25,2.980232238769531e-07,True,,,,,0.06581839174032211,0.02493222989141941
C2,128,26,3.2782554626464844e-07,True,,,,,0.017699601128697395,0.02519126981496811
C2,128,27,2.384185791015625e-07,True,,,,,0.014782465063035488,0.02592363767325878
C2,128,28,2.980232238769531e-07,True,,,,,,0.03334531933069229
C2,128,29,3.2782554626464844e-07,True,,,,,,0.028644926846027374
C2,128,30,4.172325134277344e-07,True,,,,,0.05756860971450806,0.03399230167269707
C2,128,31,2.980232238769531e-07,True,,,,,0.0447661429643631,0.032250452786684036
C2,128,32,2.682209014892578e-07,True,,,,,,0.036725323647260666
C2,128,33,2.682209014892578e-07,True,,,,,,0.03290664404630661
C2,128,34,2.980232238769531e-07,True,,,,,0.026898177340626717,0.024424364790320396
C2,128,35,3.5762786865234375e-07,True,,,,,,0.032405439764261246
C2,128,36,2.384185791015625e-07,True,,,,,,0.031172210350632668
C2,128,37,2.980232238769531e-07,True,,,,,,0.03779200091958046
C2,128,38,2.980232238769531e-07,True,,,,,,0.030206048861145973
C2,128,39,3.2782554626464844e-07,True,,,,,,0.03481140732765198
C2,128,40,3.2782554626464844e-07,True,,,,,,0.027322210371494293
C2,128,41,3.8743019104003906e-07,True,,,,,,0.023573322221636772
C2,128,42,3.8743019104003906e-07,True,,,,,0.06668118387460709,0.02953694388270378
C2,128,43,3.8743019104003906e-07,True,,,,,0.08635781705379486,0.03323889523744583
C2,128,44,4.172325134277344e-07,True,,,,,0.03660965710878372,0.024982506409287453
C2,128,45,3.8743019104003906e-07,True,,,,,0.030089246109128,0.031793829053640366
C2,128,46,5.811452865600586e-07,True,,,,,0.03413824364542961,0.023540755733847618
C2,128,47,3.5762786865234375e-07,True,,,,,0.03073941357433796,0.03026100993156433
C2,128,48,3.5762786865234375e-07,True,,,,,0.032053638249635696,0.037235669791698456
C2,128,49,2.980232238769531e-07,True,,,,,0.025641674175858498,0.03033464401960373
C2,128,50,3.2782554626464844e-07,True,,,,,0.048860251903533936,0.03328143432736397
C2,128,51,3.2782554626464844e-07,True,,,,,0.042950719594955444,0.033213332295417786
C2,128,52,3.5762786865234375e-07,True,,,,,0.05218071490526199,0.023423196747899055
C2,128,53,4.76837158203125e-07,True,,,,,0.04496520385146141,0.023732660338282585
C2,128,54,4.172325134277344e-07,True,,,,,0.04809916019439697,0.026644954457879066
C2,128,55,4.544854164123535e-07,True,,,,,0.03229779750108719,0.020185772329568863
C2,128,56,2.980232238769531e-07,True,,,,,0.04449816793203354,0.0319119468331337
C2,128,57,3.5762786865234375e-07,True,,,,,0.09645045548677444,0.0370531864464283
C2,128,58,4.172325134277344e-07,True,,,,,0.021324502304196358,0.03239591792225838
C2,128,59,3.5762786865234375e-07,True,,,,,0.11246190965175629,0.0347876101732254
C2,128,60,3.2782554626464844e-07,True,,,,,0.0328330360352993,0.022288044914603233
C2,128,61,3.2782554626464844e-07,True,,,,,0.02995232306420803,0.01920698583126068
C2,128,62,4.172325134277344e-07,True,,,,,0.020857231691479683,0.011188102886080742
C2,128,63,3.5762786865234375e-07,True,,,,,0.056686773896217346,0.02345491200685501
C2,128,64,3.8743019104003906e-07,True,,,,,0.03413492441177368,0.03042333759367466
C2,128,65,4.172325134277344e-07,True,,,,,0.0236832145601511,0.03554929420351982
C2,128,66,3.2782554626464844e-07,True,,,,,0.03042331524193287,0.031032292172312737
C2,128,67,4.172325134277344e-07,True,,,,,0.03605030104517937,0.035029638558626175
C2,128,68,4.172325134277344e-07,True,,,,,0.0273277685046196,0.014018025249242783
C2,128,69,3.5762786865234375e-07,True,,,,,0.016101891174912453,0.006281563546508551
C2,128,70,4.76837158203125e-07,True,,,,,0.016915645450353622,0.006852283142507076
C2,128,71,3.2782554626464844e-07,True,,,,,0.018678853288292885,0.007533171214163303
C2,128,72,3.2782554626464844e-07,True,,,,,0.02535220980644226,0.012980942614376545
C2,128,73,3.5762786865234375e-07,True,,,,,0.0262391846626997,0.013784630224108696
C2,128,74,4.172325134277344e-07,True,,,,,0.036158930510282516,0.02026052586734295
C2,128,75,3.5762786865234375e-07,True,,,,,0.027721626684069633,0.016444262117147446
C2,128,76,3.8743019104003906e-07,True,,,,,0.02090611308813095,0.01685146428644657
C2,128,77,4.172325134277344e-07,True,,,,,0.039784446358680725,0.025192933157086372
C2,128,78,3.5762786865234375e-07,True,,,,,0.03616359457373619,0.01711302250623703
C2,128,79,4.172325134277344e-07,True,,,,,0.0271700918674469,0.027934247627854347
C1,4000,0,1.8440186977386475e-06,True,,,,,0.08117204904556274,0.03357219696044922
C1,4000,1,1.0989606380462646e-06,True,,,,,0.08942601084709167,0.04547341167926788
C1,4000,2,1.1324882507324219e-06,True,,,,,0.05615098401904106,0.034017499536275864
C1,4000,3,1.1473894119262695e-06,True,,,,,,0.040894996374845505
C1,4000,4,1.2814998626708984e-06,True,,,,,0.11611008644104004,0.03313986212015152
C1,4000,5,9.834766387939453e-07,True,,,,,0.0844217985868454,0.03601948171854019
C1,4000,6,1.4156103134155273e-06,True,,,,,0.12876111268997192,0.033225104212760925
C1,4000,7,1.043081283569336e-06,True,,,,,0.09807136654853821,0.032737474888563156
C1,4000,8,2.294778823852539e-06,True,,,,,0.10842571407556534,0.027242373675107956
C1,4000,9,1.5459954738616943e-06,True,,,,,0.11768565326929092,0.03271755576133728
C1,4000,10,1.5944242477416992e-06,True,,,,,0.06619518995285034,0.034748539328575134
C1,4000,11,1.562759280204773e-06,True,,,,,0.11670303344726562,0.02858732081949711
C1,4000,12,1.989305019378662e-06,True,,,,,0.10289250314235687,0.023971403017640114
C1,4000,13,1.9371509552001953e-06,True,,,,,0.11063431948423386,0.026761844754219055
C1,4000,14,2.1979212760925293e-06,True,,,,,0.12822291254997253,0.02764231339097023
C1,4000,15,1.341104507446289e-06,True,,,,,0.1901313215494156,0.037551552057266235
C1,4000,16,1.1622905731201172e-06,True,,,,,0.10367216169834137,0.03552950173616409
C1,4000,17,1.7508864402770996e-06,True,,,,,0.1298190951347351,0.035423241555690765
C1,4000,18,1.6093254089355469e-06,True,,,,,0.08202443271875381,0.02891448885202408
C1,4000,19,1.6242265701293945e-06,True,,,,,0.1574610322713852,0.025639038532972336
C1,4000,20,1.4007091522216797e-06,True,,,,,0.09908808767795563,0.046710748225450516
C1,4000,21,9.201467037200928e-07,True,,,,,0.07534991949796677,0.03502218797802925
C1,4000,22,1.1175870895385742e-06,True,,,,,0.14331510663032532,0.04326574504375458
C1,4000,23,1.5795230865478516e-06,True,,,,,0.09705992043018341,0.04407861828804016
C1,4000,24,1.3113021850585938e-06,True,,,,,0.1164172813296318,0.031400199979543686
C1,4000,25,1.2814998626708984e-06,True,,,,,0.09563209116458893,0.03668222576379776
C1,4000,26,1.5795230865478516e-06,True,,,,,0.08529458940029144,0.03696274757385254
C1,4000,27,1.2516975402832031e-06,True,,,,,0.08374311774969101,0.0344521664083004
C1,4000,28,1.3560056686401367e-06,True,,,,,,0.0379493273794651
C1,4000,29,1.2516975402832031e-06,True,,,,,,0.03740526735782623
C1,4000,30,1.1846423149108887e-06,True,,,,,0.06328675150871277,0.033633582293987274
C1,4000,31,1.1175870895385742e-06,True,,,,,0.12541906535625458,0.03725101053714752
C1,4000,32,1.2218952178955078e-06,True,,,,,,0.041635796427726746
C1,4000,33,1.0132789611816406e-06,True,,,,,,0.04269487038254738
C1,4000,34,1.0132789611816406e-06,True,,,,,0.07931140065193176,0.03109017014503479
C1,4000,35,1.5832483768463135e-06,True,,,,,,0.036650270223617554
C1,4000,36,1.1324882507324219e-06,True,,,,,,0.03432132303714752
C1,4000,37,1.043081283569336e-06,True,,,,,,0.04276207834482193
C1,4000,38,9.760260581970215e-07,True,,,,,,0.03400743752717972
C1,4000,39,8.046627044677734e-07,True,,,,,,0.0430639423429966
C1,4000,40,1.1399388313293457e-06,True,,,,,,0.02999568171799183
C1,4000,41,1.2367963790893555e-06,True,,,,,,0.030748538672924042
C1,4000,42,1.0095536708831787e-06,True,,,,,0.17050471901893616,0.036597248166799545
C1,4000,43,1.5720725059509277e-06,True,,,,,0.1134825199842453,0.03421049192547798
C1,4000,44,2.384185791015625e-06,True,,,,,0.09780022501945496,0.03373769670724869
C1,4000,45,1.6242265701293945e-06,True,,,,,0.09637416899204254,0.037703987210989
C1,4000,46,1.3485550880432129e-06,True,,,,,0.10235978662967682,0.029817841947078705
C1,4000,47,1.5497207641601562e-06,True,,,,,0.10483957827091217,0.04252507537603378
C1,4000,48,1.1622905731201172e-06,True,,,,,0.14522060751914978,0.03713903948664665
C1,4000,49,1.3560056686401367e-06,True,,,,,0.10055968910455704,0.03601815924048424
C1,4000,50,1.519918441772461e-06,True,,,,,0.061885274946689606,0.0359841026365757
C1,4000,51,1.0952353477478027e-06,True,,,,,0.09547924250364304,0.03909369558095932
C1,4000,52,1.7881393432617188e-06,True,,,,,0.09780777245759964,0.03306439891457558
C1,4000,53,1.7881393432617188e-06,True,,,,,0.10392075031995773,0.03552814945578575
C1,4000,54,1.3709068298339844e-06,True,,,,,0.11588439345359802,0.03575260192155838
C1,4000,55,1.989305019378662e-06,True,,,,,0.09580027312040329,0.030547119677066803
C1,4000,56,1.2442469596862793e-06,True,,,,,0.10282032191753387,0.0396001935005188
C1,4000,57,1.2516975402832031e-06,True,,,,,0.1388826221227646,0.04675135016441345
C1,4000,58,1.214444637298584e-06,True,,,,,0.0710420235991478,0.036482375115156174
C1,4000,59,1.087784767150879e-06,True,,,,,0.11275527626276016,0.042321790009737015
C1,4000,60,2.0116567611694336e-06,True,,,,,0.09752627462148666,0.03535269573330879
C1,4000,61,1.5310943126678467e-06,True,,,,,0.10856625437736511,0.03663850948214531
C1,4000,62,1.7434358596801758e-06,True,,,,,0.0693010687828064,0.018022196367383003
C1,4000,63,1.4863908290863037e-06,True,,,,,0.13461218774318695,0.036724887788295746
C1,4000,64,1.430511474609375e-06,True,,,,,0.07384238392114639,0.036225564777851105
C1,4000,65,1.3997778296470642e-06,True,,,,,0.08473877608776093,0.03996776416897774
C1,4000,66,1.5329569578170776e-06,True,,,,,0.10624253004789352,0.0409412682056427
C1,4000,67,1.2814998626708984e-06,True,,,,,0.1055392399430275,0.038345612585544586
C1,4000,68,1.959502696990967e-06,True,,,,,0.11271648108959198,0.026187047362327576
C1,4000,69,2.034008502960205e-06,True,,,,,0.0523901991546154,0.007741703186184168
C1,4000,70,1.5757977962493896e-06,True,,,,,0.057367198169231415,0.010411885567009449
C1,4000,71,1.9818544387817383e-06,True,,,,,0.0694035068154335,0.012934189289808273
C1,4000,72,2.384185791015625e-06,True,,,,,0.09182107448577881,0.029624274000525475
C1,4000,73,1.9669532775878906e-06,True,,,,,0.09599683433771133,0.0272618867456913
C1,4000,74,1.6689300537109375e-06,True,,,,,0.08588171750307083,0.02889919839799404
C1,4000,75,1.7583370208740234e-06,True,,,,,0.12217855453491211,0.031929049640893936
C1,4000,76,1.7881393432617188e-06,True,,,,,0.11655217409133911,0.02715059369802475
C1,4000,77,1.4603137969970703e-06,True,,,,,0.10213218629360199,0.0352003239095211
C1,4000,78,1.9073486328125e-06,True,,,,,0.10056254267692566,0.024833204224705696
C1,4000,79,2.0265579223632812e-06,True,,,,,0.09008702635765076,0.03990953415632248
C0,1000,0,2.7418136596679688e-06,True,,,,,0.0339278019964695,0.02270015887916088
C0,1000,1,3.933906555175781e-06,True,,,,,0.038741204887628555,0.04867985472083092
C0,1000,2,2.9169023036956787e-06,True,,,,,0.04403190687298775,0.03349953517317772
C0,1000,3,2.8312206268310547e-06,True,,,,,,0.0368783064186573
C0,1000,4,2.0265579223632812e-06,True,,,,,0.12083283066749573,0.021200181916356087
C0,1000,5,4.26173210144043e-06,True,,,,,0.04937215894460678,0.03813792020082474
C0,1000,6,3.159046173095703e-06,True,,,,,0.09120616316795349,0.028099536895751953
C0,1000,7,3.3080577850341797e-06,True,,,,,0.10433235764503479,0.024678194895386696
C0,1000,8,2.9727816581726074e-06,True,,,,,0.09018125385046005,0.0232551209628582
C0,1000,9,2.205371856689453e-06,True,,,,,0.12871026992797852,0.03063005581498146
C0,1000,10,3.4570693969726562e-06,True,,,,,0.09695962816476822,0.03036634437739849
C0,1000,11,2.5704503059387207e-06,True,,,,,0.16188861429691315,0.030304687097668648
C0,1000,12,1.9073486328125e-06,True,,,,,0.08792972564697266,0.016978364437818527
C0,1000,13,2.559274435043335e-06,True,,,,,0.0831325575709343,0.014017363078892231
C0,1000,14,2.9206275939941406e-06,True,,,,,0.08312145620584488,0.015168171375989914
C0,1000,15,2.4437904357910156e-06,True,,,,,0.04425887390971184,0.03069906309247017
C0,1000,16,2.0563602447509766e-06,True,,,,,0.09758508205413818,0.024697763845324516
C0,1000,17,2.8386712074279785e-06,True,,,,,0.1235969141125679,0.02440076507627964
C0,1000,18,2.4139881134033203e-06,True,,,,,0.058918584138154984,0.01723833568394184
C0,1000,19,2.6226043701171875e-06,True,,,,,0.09470835328102112,0.01824314519762993
C0,1000,20,3.330409526824951e-06,True,,,,,0.03972635790705681,0.04742523282766342
C0,1000,21,2.2351741790771484e-06,True,,,,,0.06904292106628418,0.04126770794391632
C0,1000,22,2.86102294921875e-06,True,,,,,0.13885851204395294,0.0421120785176754
C0,1000,23,2.5029294192790985e-06,True,,,,,0.047693196684122086,0.04257410392165184
C0,1000,24,2.205371856689453e-06,True,,,,,0.09458761662244797,0.02269270271062851
C0,1000,25,1.6093254089355469e-06,True,,,,,0.11157005280256271,0.029269380494952202
C0,1000,26,2.4586915969848633e-06,True,,,,,0.052997391670942307,0.028486961498856544
C0,1000,27,2.3543834686279297e-06,True,,,,,0.018375063315033913,0.02751156874001026
C0,1000,28,2.0852312445640564e-06,True,,,,,,0.04121463745832443
C0,1000,29,1.6763806343078613e-06,True,,,,,,0.03585666045546532
C0,1000,30,2.1979212760925293e-06,True,,,,,0.07498332858085632,0.04705214872956276
C0,1000,31,2.8461217880249023e-06,True,,,,,0.057286832481622696,0.03618985414505005
C0,1000,32,2.2351741790771484e-06,True,,,,,,0.03919679671525955
C0,1000,33,2.1904706954956055e-06,True,,,,,,0.0381917841732502
C0,1000,34,2.8908252716064453e-06,True,,,,,0.02959710918366909,0.02691565454006195
C0,1000,35,1.8738210201263428e-06,True,,,,,,0.033836375921964645
C0,1000,36,2.2277235984802246e-06,True,,,,,,0.03722280263900757
C0,1000,37,1.959502696990967e-06,True,,,,,,0.03893810138106346
C0,1000,38,1.996755599975586e-06,True,,,,,,0.03617177531123161
C0,1000,39,1.996755599975586e-06,True,,,,,,0.041840702295303345
C0,1000,40,2.2426247596740723e-06,True,,,,,,0.035325098782777786
C0,1000,41,1.996755599975586e-06,True,,,,,,0.03457503765821457
C0,1000,42,2.592802047729492e-06,True,,,,,0.0566985048353672,0.032724570482969284
C0,1000,43,2.637505531311035e-06,True,,,,,0.047896042466163635,0.03950677439570427
C0,1000,44,3.2782554626464844e-06,True,,,,,0.07140859961509705,0.03671389818191528
C0,1000,45,3.7178397178649902e-06,True,,,,,0.10800807923078537,0.04201604053378105
C0,1000,46,3.248453140258789e-06,True,,,,,0.09275995939970016,0.032518185675144196
C0,1000,47,2.7418136596679688e-06,True,,,,,0.07707056403160095,0.037452492862939835
C0,1000,48,2.816319465637207e-06,True,,,,,0.10121487826108932,0.044990018010139465
C0,1000,49,1.9222497940063477e-06,True,,,,,0.07289167493581772,0.03565068542957306
C0,1000,50,2.3245811462402344e-06,True,,,,,0.07641227543354034,0.04458394646644592
C0,1000,51,2.4437904357910156e-06,True,,,,,0.08858966082334518,0.03947899863123894
C0,1000,52,2.6226043701171875e-06,True,,,,,0.10863837599754333,0.027375807985663414
C0,1000,53,3.0510127544403076e-06,True,,,,,0.07187620550394058,0.02606174349784851
C0,1000,54,2.8461217880249023e-06,True,,,,,0.11136014759540558,0.0340842567384243
C0,1000,55,3.129243850708008e-06,True,,,,,0.08180781453847885,0.02713228203356266
C0,1000,56,2.9206275939941406e-06,True,,,,,0.12627992033958435,0.034351252019405365
C0,1000,57,3.039836883544922e-06,True,,,,,0.1490100771188736,0.041957058012485504
C0,1000,58,2.4139881134033203e-06,True,,,,,0.041872140020132065,0.03780205547809601
C0,1000,59,3.904104232788086e-06,True,,,,,0.08799593895673752,0.04065919294953346
C0,1000,60,3.084540367126465e-06,True,,,,,0.05998629704117775,0.029027491807937622
C0,1000,61,2.3171305656433105e-06,True,,,,,0.08433607220649719,0.020601926371455193
C0,1000,62,1.5869736671447754e-06,True,,,,,0.06691236793994904,0.012937655672430992
C0,1000,63,3.0249357223510742e-06,True,,,,,0.11337286978960037,0.02596397139132023
C0,1000,64,3.300607204437256e-06,True,,,,,0.0774209126830101,0.040867049247026443
C0,1000,65,2.473592758178711e-06,True,,,,,0.03893919661641121,0.04282345250248909
C0,1000,66,3.6656856536865234e-06,True,,,,,0.07955073565244675,0.038783423602581024
C0,1000,67,2.682209014892578e-06,True,,,,,0.05497024580836296,0.04579123482108116
C0,1000,68,1.9669532775878906e-06,True,,,,,0.06228809058666229,0.014588644728064537
C0,1000,69,2.650544047355652e-06,True,,,,,0.049027763307094574,0.008713648654520512
C0,1000,70,1.8477439880371094e-06,True,,,,,0.038062937557697296,0.008451527915894985
C0,1000,71,1.6614794731140137e-06,True,,,,,0.049944717437028885,0.009210489690303802
C0,1000,72,1.9669532775878906e-06,True,,,,,0.06290079653263092,0.016560707241296768
C0,1000,73,2.5033950805664062e-06,True,,,,,0.08687781542539597,0.017210541293025017
C0,1000,74,2.9206275939941406e-06,True,,,,,0.09858620166778564,0.025355923920869827
C0,1000,75,2.592802047729492e-06,True,,,,,0.06539364904165268,0.02041039802134037
C0,1000,76,2.473592758178711e-06,True,,,,,0.08586350828409195,0.023036779835820198
C0,1000,77,2.1532177925109863e-06,True,,,,,0.0779552236199379,0.029726240783929825
C0,1000,78,2.9206275939941406e-06,True,,,,,0.08122321218252182,0.02136574685573578
C0,1000,79,2.115964889526367e-06,True,,,,,0.09488615393638611,0.0320076160132885
C2,6000,0,2.428889274597168e-06,True,,,,,0.21801166236400604,0.040698155760765076
C2,6000,1,1.996755599975586e-06,True,,,,,0.19791744649410248,0.05402391031384468
C2,6000,2,2.205371856689453e-06,True,,,,,0.16722427308559418,0.03942733630537987
C2,6000,3,2.652406692504883e-06,True,,,,,,0.059002820402383804
C2,6000,4,2.16066837310791e-06,True,,,,,0.19577734172344208,0.049893468618392944
C2,6000,5,2.115964889526367e-06,True,,,,,0.17914249002933502,0.039998609572649
C2,6000,6,2.950429916381836e-06,True,,,,,0.2299540638923645,0.041100047528743744
C2,6000,7,2.621673047542572e-06,True,,,,,0.19849741458892822,0.03761957958340645
C2,6000,8,2.3543834686279297e-06,True,,,,,0.16242843866348267,0.02452273666858673
C2,6000,9,1.7881393432617188e-06,True,,,,,0.17231515049934387,0.04209420084953308
C2,6000,10,1.430511474609375e-06,True,,,,,0.18122932314872742,0.041781190782785416
C2,6000,11,2.4139881134033203e-06,True,,,,,0.17714378237724304,0.028999490663409233
C2,6000,12,2.205371856689453e-06,True,,,,,0.20778857171535492,0.032261766493320465
C2,6000,13,2.384185791015625e-06,True,,,,,0.1902628242969513,0.03367675840854645
C2,6000,14,2.5331974029541016e-06,True,,,,,0.23064042627811432,0.03799901902675629
C2,6000,15,2.0563602447509766e-06,True,,,,,0.18297524750232697,0.05292746424674988
C2,6000,16,1.9371509552001953e-06,True,,,,,0.19534863531589508,0.044251665472984314
C2,6000,17,2.473592758178711e-06,True,,,,,0.22316651046276093,0.04698517546057701
C2,6000,18,2.1457672119140625e-06,True,,,,,0.1713716983795166,0.040923334658145905
C2,6000,19,2.1979212760925293e-06,True,,,,,0.22836007177829742,0.03200514614582062
C2,6000,20,2.7008354663848877e-06,True,,,,,0.20681338012218475,0.05391710251569748
C2,6000,21,2.8908252716064453e-06,True,,,,,0.18270543217658997,0.03929142281413078
C2,6000,22,2.4139881134033203e-06,True,,,,,0.24977801740169525,0.05190849304199219
C2,6000,23,2.2649765014648438e-06,True,,,,,0.19597554206848145,0.05252514407038689
C2,6000,24,2.1457672119140625e-06,True,,,,,0.1930253654718399,0.042571552097797394
C2,6000,25,2.205371856689453e-06,True,,,,,0.19616340100765228,0.05154998600482941
C2,6000,26,2.294778823852539e-06,True,,,,,0.19043585658073425,0.04324502870440483
C2,6000,27,2.175569534301758e-06,True,,,,,0.22307088971138,0.04352831095457077
C2,6000,28,1.2218952178955078e-06,True,,,,,,0.05013258010149002
C2,6000,29,1.817941665649414e-06,True,,,,,,0.03884154558181763
C2,6000,30,2.205371856689453e-06,True,,,,,0.1383780688047409,0.03463041037321091
C2,6000,31,2.2640451788902283e-06,True,,,,,0.2811001241207123,0.050833333283662796
C2,6000,32,2.078711986541748e-06,True,,,,,,0.04990413412451744
C2,6000,33,1.6689300537109375e-06,True,,,,,,0.05790020897984505
C2,6000,34,1.7583370208740234e-06,True,,,,,0.19964483380317688,0.036111753433942795
C2,6000,35,2.3543834686279297e-06,True,,,,,,0.0450974777340889
C2,6000,36,1.6838312149047852e-06,True,,,,,,0.04526526480913162
C2,6000,37,2.205371856689453e-06,True,,,,,,0.05892981216311455
C2,6000,38,2.205371856689453e-06,True,,,,,,0.041732385754585266
C2,6000,39,1.7881393432617188e-06,True,,,,,,0.051697906106710434
C2,6000,40,1.0132789611816406e-06,True,,,,,,0.023493211716413498
C2,6000,41,1.6316771507263184e-06,True,,,,,,0.032639551907777786
C2,6000,42,2.678483724594116e-06,True,,,,,0.22358836233615875,0.045003265142440796
C2,6000,43,1.6987323760986328e-06,True,,,,,0.1447150856256485,0.03566066920757294
C2,6000,44,2.2649765014648438e-06,True,,,,,0.1782878190279007,0.04071919247508049
C2,6000,45,2.16066837310791e-06,True,,,,,0.15090037882328033,0.04338967800140381
C2,6000,46,2.466142177581787e-06,True,,,,,0.1784086674451828,0.03530189022421837
C2,6000,47,2.3208558559417725e-06,True,,,,,0.19346773624420166,0.05395851656794548
C2,6000,48,1.860782504081726e-06,True,,,,,0.23779915273189545,0.038893260061740875
C2,6000,49,2.816319465637207e-06,True,,,,,0.217450812458992,0.0392802357673645
C2,6000,50,2.436339855194092e-06,True,,,,,0.1653914749622345,0.042161308228969574
C2,6000,51,2.678483724594116e-06,True,,,,,0.20912103354930878,0.04382907226681709
C2,6000,52,2.294778823852539e-06,True,,,,,0.21765507757663727,0.04373707249760628
C2,6000,53,3.293156623840332e-06,True,,,,,0.19385957717895508,0.04122958704829216
C2,6000,54,3.337860107421875e-06,True,,,,,0.17332716286182404,0.04205740988254547
C2,6000,55,2.5406479835510254e-06,True,,,,,0.18144746124744415,0.03274998441338539
C2,6000,56,2.4586915969848633e-06,True,,,,,0.1914302110671997,0.06004201993346214
C2,6000,57,1.817941665649414e-06,True,,,,,0.24300524592399597,0.057782404124736786
C2,6000,58,1.7657876014709473e-06,True,,,,,0.1775008589029312,0.041802749037742615
C2,6000,59,2.034008502960205e-06,True,,,,,0.23670348525047302,0.049505703151226044
C2,6000,60,2.0563602447509766e-06,True,,,,,0.2022624909877777,0.04879085347056389
C2,6000,61,1.9744038581848145e-06,True,,,,,0.2037118673324585,0.05592934414744377
C2,6000,62,1.8477439880371094e-06,True,,,,,0.1251075267791748,0.01827780157327652
C2,6000,63,1.996755599975586e-06,True,,,,,0.2155618518590927,0.049721114337444305
C2,6000,64,2.0563602447509766e-06,True,,,,,0.1802947223186493,0.048612385988235474
C2,6000,65,2.436339855194092e-06,True,,,,,0.15017886459827423,0.03979446366429329
C2,6000,66,2.9802322387695312e-06,True,,,,,0.19482700526714325,0.05418187007308006
C2,6000,67,2.086162567138672e-06,True,,,,,0.16295911371707916,0.040927670896053314
C2,6000,68,2.2798776626586914e-06,True,,,,,0.16516605019569397,0.02731478400528431
C2,6000,69,1.862645149230957e-06,True,,,,,0.11088510602712631,0.006540506612509489
C2,6000,70,1.6093254089355469e-06,True,,,,,0.0912717655301094,0.007968354038894176
C2,6000,71,1.9371509552001953e-06,True,,,,,0.11715356260538101,0.010860167443752289
C2,6000,72,2.3245811462402344e-06,True,,,,,0.20818465948104858,0.035758309066295624
C2,6000,73,2.9206275939941406e-06,True,,,,,0.18559011816978455,0.037247899919748306
C2,6000,74,2.0489096641540527e-06,True,,,,,0.19170838594436646,0.036011215299367905
C2,6000,75,2.294778823852539e-06,True,,,,,0.22616931796073914,0.044348083436489105
C2,6000,76,2.382323145866394e-06,True,,,,,0.18630880117416382,0.030513694509863853
C2,6000,77,2.086162567138672e-06,True,,,,,0.1591743528842926,0.045085176825523376
C2,6000,78,2.2649765014648438e-06,True,,,,,0.2151494175195694,0.02875250205397606
C2,6000,79,2.205371856689453e-06,True,,,,,0.17157568037509918,0.052884217351675034
C2,1000,0,1.0728836059570312e-06,True,,,,,0.08711496740579605,0.04558809474110603
C2,1000,1,1.519918441772461e-06,True,,,,,0.04649661108851433,0.07253387570381165
C2,1000,2,1.0728836059570312e-06,True,,,,,0.051534220576286316,0.05194110423326492
C2,1000,3,1.2218952178955078e-06,True,,,,,,0.07024605572223663
C2,1000,4,1.3671815395355225e-06,True,,,,,0.07078740745782852,0.04608063027262688
C2,1000,5,9.5367431640625e-07,True,,,,,0.0362229123711586,0.05287475883960724
C2,1000,6,1.3113021850585938e-06,True,,,,,0.12958894670009613,0.05053068324923515
C2,1000,7,1.3113021850585938e-06,True,,,,,0.06307639926671982,0.04877248778939247
C2,1000,8,1.5795230865478516e-06,True,,,,,0.07548368722200394,0.02298830822110176
C2,1000,9,1.7583370208740234e-06,True,,,,,0.07385501265525818,0.04686608538031578
C2,1000,10,1.3075768947601318e-06,True,,,,,0.07683297246694565,0.04282901808619499
C2,1000,11,1.1920928955078125e-06,True,,,,,0.11737548559904099,0.039077430963516235
C2,1000,12,1.475214958190918e-06,True,,,,,0.08429239690303802,0.02751239947974682
C2,1000,13,1.601874828338623e-06,True,,,,,0.098586305975914,0.02347584255039692
C2,1000,14,1.4565885066986084e-06,True,,,,,0.12773747742176056,0.02656698226928711
C2,1000,15,1.519918441772461e-06,True,,,,,0.13917788863182068,0.0436747670173645
C2,1000,16,1.471489667892456e-06,True,,,,,0.09476960450410843,0.03583844378590584
C2,1000,17,1.4044344425201416e-06,True,,,,,0.11827684193849564,0.04196678474545479
C2,1000,18,1.430511474609375e-06,True,,,,,0.07290108501911163,0.026249580085277557
C2,1000,19,1.2814998626708984e-06,True,,,,,0.16340190172195435,0.029431531205773354
C2,1000,20,1.4603137969970703e-06,True,,,,,0.07958152145147324,0.08146688342094421
C2,1000,21,1.1324882507324219e-06,True,,,,,0.047513697296381,0.056479424238204956
C2,1000,22,8.940696716308594e-07,True,,,,,0.10877998173236847,0.07613343745470047
C2,1000,23,1.341104507446289e-06,True,,,,,0.05593833327293396,0.07580587267875671
C2,1000,24,1.2516975402832031e-06,True,,,,,0.0547054149210453,0.04619196429848671
C2,1000,25,1.1771917343139648e-06,True,,,,,0.15772555768489838,0.05153239145874977
C2,1000,26,1.5497207641601562e-06,True,,,,,0.056996628642082214,0.05220850184559822
C2,1000,27,1.4007091522216797e-06,True,,,,,0.04371257498860359,0.05334647744894028
C2,1000,28,1.1026859283447266e-06,True,,,,,,0.06422042846679688
C2,1000,29,1.6242265701293945e-06,True,,,,,,0.049730464816093445
C2,1000,30,1.1771917343139648e-06,True,,,,,0.08199873566627502,0.05317855253815651
C2,1000,31,1.1920928955078125e-06,True,,,,,0.18560375273227692,0.06483177840709686
C2,1000,32,1.2069940567016602e-06,True,,,,,,0.07120779901742935
C2,1000,33,9.685754776000977e-07,True,,,,,,0.062034931033849716
C2,1000,34,1.4901161193847656e-06,True,,,,,0.06990154087543488,0.049206849187612534
C2,1000,35,1.7583370208740234e-06,True,,,,,,0.06240040063858032
C2,1000,36,9.238719940185547e-07,True,,,,,,0.057341862469911575
C2,1000,37,1.2889504432678223e-06,True,,,,,,0.07517240196466446
C2,1000,38,1.1324882507324219e-06,True,,,,,,0.055556755512952805
C2,1000,39,1.1026859283447266e-06,True,,,,,,0.0679701492190361
C2,1000,40,1.2516975402832031e-06,True,,,,,,0.04361153021454811
C2,1000,41,1.2814998626708984e-06,True,,,,,,0.0401725098490715
C2,1000,42,8.940696716308594e-07,True,,,,,0.14893437922000885,0.059600211679935455
C2,1000,43,1.1166557669639587e-06,True,,,,,0.13442960381507874,0.051340531557798386
C2,1000,44,1.0579824447631836e-06,True,,,,,0.07667499780654907,0.04326789453625679
C2,1000,45,1.7136335372924805e-06,True,,,,,0.06673407554626465,0.05963444337248802
C2,1000,46,1.5795230865478516e-06,True,,,,,0.07930689305067062,0.041749585419893265
C2,1000,47,1.2479722499847412e-06,True,,,,,0.05146151781082153,0.06314787268638611
C2,1000,48,1.0728836059570312e-06,True,,,,,0.08813843876123428,0.059956759214401245
C2,1000,49,1.1920928955078125e-06,True,,,,,0.05155058950185776,0.05539759248495102
C2,1000,50,1.3113021850585938e-06,True,,,,,0.09150923788547516,0.05862410366535187
C2,1000,51,2.0563602447509766e-06,True,,,,,0.053536396473646164,0.06860345602035522
C2,1000,52,1.426786184310913e-06,True,,,,,0.11222530901432037,0.04620268568396568
C2,1000,53,1.959502696990967e-06,True,,,,,0.10608735680580139,0.04583128169178963
C2,1000,54,1.5925616025924683e-06,True,,,,,0.10441309958696365,0.04664795473217964
C2,1000,55,1.3262033462524414e-06,True,,,,,0.08060842007398605,0.033569611608982086
C2,1000,56,1.2367963790893555e-06,True,,,,,0.06910759955644608,0.06672626733779907
C2,1000,57,1.1622905731201172e-06,True,,,,,0.22992660105228424,0.07626241445541382
C2,1000,58,9.5367431640625e-07,True,,,,,0.037030335515737534,0.05843120440840721
C2,1000,59,1.1324882507324219e-06,True,,,,,0.22626455128192902,0.0670001283288002
C2,1000,60,1.4901161193847656e-06,True,,,,,0.07360003888607025,0.045646216720342636
C2,1000,61,1.6763806343078613e-06,True,,,,,0.07973025739192963,0.04547898471355438
C2,1000,62,1.341104507446289e-06,True,,,,,0.07067394256591797,0.018024535849690437
C2,1000,63,1.430511474609375e-06,True,,,,,0.12133323401212692,0.04895913600921631
C2,1000,64,1.4007091522216797e-06,True,,,,,0.06975163519382477,0.053710345178842545
C2,1000,65,1.473352313041687e-06,True,,,,,0.048996832221746445,0.06149577349424362
C2,1000,66,1.5497207641601562e-06,True,,,,,0.07452904433012009,0.05985722318291664
C2,1000,67,1.1622905731201172e-06,True,,,,,0.05722630023956299,0.058281295001506805
C2,1000,68,1.5124678611755371e-06,True,,,,,0.07284962385892868,0.02268165536224842
C2,1000,69,1.1771917343139648e-06,True,,,,,0.052001845091581345,0.00824020802974701
C2,1000,70,1.2665987014770508e-06,True,,,,,0.04200919717550278,0.009248052723705769
C2,1000,71,1.516193151473999e-06,True,,,,,0.059715647250413895,0.011677619069814682
C2,1000,72,1.6093254089355469e-06,True,,,,,0.08363119512796402,0.028824977576732635
C2,1000,73,1.4882534742355347e-06,True,,,,,0.08105002343654633,0.033184714615345
C2,1000,74,1.5720725059509277e-06,True,,,,,0.07768765836954117,0.039520327001810074
C2,1000,75,1.341104507446289e-06,True,,,,,0.09816676378250122,0.03631892427802086
C2,1000,76,1.341104507446289e-06,True,,,,,0.07926986366510391,0.030901992693543434
C2,1000,77,1.817941665649414e-06,True,,,,,0.09597009420394897,0.048113662749528885
C2,1000,78,1.646578311920166e-06,True,,,,,0.09655413776636124,0.03359615057706833
C2,1000,79,1.5348196029663086e-06,True,,,,,0.06949994713068008,0.05120185762643814
C2,4000,0,1.959502696990967e-06,True,,,,,0.1345711350440979,0.0421183705329895
C2,4000,1,2.205371856689453e-06,True,,,,,0.11909966915845871,0.050448667258024216
C2,4000,2,1.8142163753509521e-06,True,,,,,0.08076784759759903,0.03533611446619034
C2,4000,3,1.519918441772461e-06,True,,,,,,0.05720482021570206
C2,4000,4,1.5795230865478516e-06,True,,,,,0.1310233622789383,0.04174988716840744
C2,4000,5,1.2218952178955078e-06,True,,,,,0.11175217479467392,0.033169593662023544
C2,4000,6,1.9818544387817383e-06,True,,,,,0.16666468977928162,0.039383769035339355
C2,4000,7,2.1383166313171387e-06,True,,,,,0.12244822084903717,0.03745415806770325
C2,4000,8,1.5348196029663086e-06,True,,,,,0.13393303751945496,0.017552461475133896
C2,4000,9,1.8775463104248047e-06,True,,,,,0.1337192952632904,0.03547383099794388
C2,4000,10,1.4603137969970703e-06,True,,,,,0.10947008430957794,0.04070538654923439
C2,4000,11,1.475214958190918e-06,True,,,,,0.17207728326320648,0.022259335964918137
C2,4000,12,2.16066837310791e-06,True,,,,,0.14067229628562927,0.025458427146077156
C2,4000,13,2.1010637283325195e-06,True,,,,,0.1520916074514389,0.027857143431901932
C2,4000,14,2.0563602447509766e-06,True,,,,,0.14853374660015106,0.030816374346613884
C2,4000,15,2.246350049972534e-06,True,,,,,0.15783041715621948,0.03791927546262741
C2,4000,16,1.6540288925170898e-06,True,,,,,0.0908433049917221,0.0352657251060009
C2,4000,17,1.8700957298278809e-06,True,,,,,0.1686883121728897,0.04049105942249298
C2,4000,18,2.1457672119140625e-06,True,,,,,0.14546352624893188,0.030016930773854256
C2,4000,19,2.115964889526367e-06,True,,,,,0.1936837136745453,0.027895690873265266
C2,4000,20,2.115964889526367e-06,True,,,,,0.13105782866477966,0.058076027780771255
C2,4000,21,1.6354024410247803e-06,True,,,,,0.100684255361557,0.035611413419246674
C2,4000,22,2.2649765014648438e-06,True,,,,,0.19051316380500793,0.055996086448431015
C2,4000,23,1.7583370208740234e-06,True,,,,,0.12692490220069885,0.0526668019592762
C2,4000,24,1.6987323760986328e-06,True,,,,,0.15140531957149506,0.042234472930431366
C2,4000,25,1.996755599975586e-06,True,,,,,0.15296368300914764,0.046842947602272034
C2,4000,26,1.8402934074401855e-06,True,,,,,0.1263578236103058,0.040996577590703964
C2,4000,27,1.5050172805786133e-06,True,,,,,0.11776599287986755,0.04093928635120392
C2,4000,28,1.8030405044555664e-06,True,,,,,,0.04957297816872597
C2,4000,29,1.5422701835632324e-06,True,,,,,,0.0353655070066452
C2,4000,30,1.4901161193847656e-06,True,,,,,0.09149947762489319,0.02778201550245285
C2,4000,31,1.816079020500183e-06,True,,,,,0.2548416554927826,0.05045304447412491
C2,4000,32,1.4156103134155273e-06,True,,,,,,0.050321195274591446
C2,4000,33,1.9222497940063477e-06,True,,,,,,0.04817274212837219
C2,4000,34,1.7881393432617188e-06,True,,,,,0.1206091120839119,0.033778343349695206
C2,4000,35,2.2426247596740723e-06,True,,,,,,0.04374731332063675
C2,4000,36,1.519918441772461e-06,True,,,,,,0.03646436706185341
C2,4000,37,2.384185791015625e-06,True,,,,,,0.058808501809835434
C2,4000,38,1.7136335372924805e-06,True,,,,,,0.037516575306653976
C2,4000,39,1.519918441772461e-06,True,,,,,,0.0501582995057106
C2,4000,40,1.2218952178955078e-06,True,,,,,,0.01941724680364132
C2,4000,41,1.5720725059509277e-06,True,,,,,,0.028334565460681915
C2,4000,42,1.9650906324386597e-06,True,,,,,0.21831457316875458,0.04311295598745346
C2,4000,43,1.430511474609375e-06,True,,,,,0.1479003131389618,0.03453421592712402
C2,4000,44,1.6093254089355469e-06,True,,,,,0.13086672127246857,0.03288029506802559
C2,4000,45,2.086162567138672e-06,True,,,,,0.12127256393432617,0.04007287323474884
C2,4000,46,1.8477439880371094e-06,True,,,,,0.11171434074640274,0.02881638891994953
C2,4000,47,2.1457672119140625e-06,True,,,,,0.1287345439195633,0.052650436758995056
C2,4000,48,1.2814998626708984e-06,True,,,,,0.14701314270496368,0.03246027231216431
C2,4000,49,1.8849968910217285e-06,True,,,,,0.1148652732372284,0.035759370774030685
C2,4000,50,1.3336539268493652e-06,True,,,,,0.08616690337657928,0.0397743321955204
C2,4000,51,1.4156103134155273e-06,True,,,,,0.10987739264965057,0.042741093784570694
C2,4000,52,2.7120113372802734e-06,True,,,,,0.14177164435386658,0.037127867341041565
C2,4000,53,2.1122395992279053e-06,True,,,,,0.1390814185142517,0.03618725389242172
C2,4000,54,1.6391277313232422e-06,True,,,,,0.14349007606506348,0.03652985766530037
C2,4000,55,2.130866050720215e-06,True,,,,,0.12228217720985413,0.029064053669571877
C2,4000,56,1.9669532775878906e-06,True,,,,,0.11954735964536667,0.0591391921043396
C2,4000,57,1.959502696990967e-06,True,,,,,0.24685907363891602,0.06097738444805145
C2,4000,58,1.8477439880371094e-06,True,,,,,0.09043821692466736,0.03511446341872215
C2,4000,59,2.1457672119140625e-06,True,,,,,0.17971910536289215,0.04801895469427109
C2,4000,60,2.261251211166382e-06,True,,,,,0.13896901905536652,0.04175204783678055
C2,4000,61,1.9222497940063477e-06,True,,,,,0.15500208735466003,0.04952263459563255
C2,4000,62,1.8738210201263428e-06,True,,,,,0.10393493622541428,0.018821340054273605
C2,4000,63,1.8328428268432617e-06,True,,,,,0.18225349485874176,0.045357923954725266
C2,4000,64,2.2202730178833008e-06,True,,,,,0.11946774274110794,0.038446150720119476
C2,4000,65,1.7583370208740234e-06,True,,,,,0.11712833493947983,0.03879646584391594
C2,4000,66,2.1010637283325195e-06,True,,,,,0.14934232831001282,0.05185240879654884
C2,4000,67,1.6987323760986328e-06,True,,,,,0.10974376648664474,0.04233727604150772
C2,4000,68,2.3692846298217773e-06,True,,,,,0.14866502583026886,0.031575098633766174
C2,4000,69,1.952052116394043e-06,True,,,,,0.08797356486320496,0.006936858873814344
C2,4000,70,1.6689300537109375e-06,True,,,,,0.06295757740736008,0.008403480984270573
C2,4000,71,1.8477439880371094e-06,True,,,,,0.09612137824296951,0.011640657670795918
C2,4000,72,2.2798776626586914e-06,True,,,,,0.12963640689849854,0.030847560614347458
C2,4000,73,2.0265579223632812e-06,True,,,,,0.13638290762901306,0.036344170570373535
C2,4000,74,2.16066837310791e-06,True,,,,,0.12908408045768738,0.030769748613238335
C2,4000,75,2.3692846298217773e-06,True,,,,,0.15805014967918396,0.03853282332420349
C2,4000,76,1.862645149230957e-06,True,,,,,0.1431867480278015,0.02358824945986271
C2,4000,77,1.9073486328125e-06,True,,,,,0.1366967260837555,0.038933757692575455
C2,4000,78,2.428889274597168e-06,True,,,,,0.1467854231595993,0.026127533987164497
C2,4000,79,2.637505531311035e-06,True,,,,,0.10614833980798721,0.04605767875909805
C1,1000,0,1.9222497940063477e-06,True,,,,,0.062004365026950836,0.033827848732471466
C1,1000,1,1.4081597328186035e-06,True,,,,,0.05503872036933899,0.057959966361522675
C1,1000,2,1.5795230865478516e-06,True,,,,,0.03696558251976967,0.041090354323387146
C1,1000,3,1.6391277313232422e-06,True,,,,,,0.05107514187693596
C1,1000,4,1.6614794731140137e-06,True,,,,,0.06574256718158722,0.03495846688747406
C1,1000,5,1.4603137969970703e-06,True,,,,,0.04488357901573181,0.04431123659014702
C1,1000,6,1.4603137969970703e-06,True,,,,,0.09794209152460098,0.03847718983888626
C1,1000,7,2.33575701713562e-06,True,,,,,0.0521702840924263,0.037190038710832596
C1,1000,8,1.6093254089355469e-06,True,,,,,0.04400433599948883,0.023429501801729202
C1,1000,9,1.9073486328125e-06,True,,,,,0.038077376782894135,0.037118732929229736
C1,1000,10,1.4901161193847656e-06,True,,,,,0.06233050674200058,0.0366741344332695
C1,1000,11,1.996755599975586e-06,True,,,,,0.05927933007478714,0.03665074706077576
C1,1000,12,1.9073486328125e-06,True,,,,,0.05969269946217537,0.022413795813918114
C1,1000,13,1.7955899238586426e-06,True,,,,,0.04684709757566452,0.019175773486495018
C1,1000,14,1.9818544387817383e-06,True,,,,,0.08729804307222366,0.02131897211074829
C1,1000,15,1.4901161193847656e-06,True,,,,,0.12696194648742676,0.03712956979870796
C1,1000,16,1.475214958190918e-06,True,,,,,0.09883441776037216,0.03280337527394295
C1,1000,17,1.8477439880371094e-06,True,,,,,0.0867641270160675,0.035582803189754486
C1,1000,18,1.5720725059509277e-06,True,,,,,0.044129401445388794,0.022545624524354935
C1,1000,19,1.8104910850524902e-06,True,,,,,0.1037529706954956,0.024862011894583702
C1,1000,20,1.2814998626708984e-06,True,,,,,0.04503386840224266,0.06185965612530708
C1,1000,21,1.3709068298339844e-06,True,,,,,0.04534192010760307,0.04657304286956787
C1,1000,22,1.6093254089355469e-06,True,,,,,0.053534794598817825,0.057932049036026
C1,1000,23,1.4603137969970703e-06,True,,,,,0.0335555374622345,0.05760126933455467
C1,1000,24,1.475214958190918e-06,True,,,,,0.04388301074504852,0.035128671675920486
C1,1000,25,1.5720725059509277e-06,True,,,,,0.1454155594110489,0.04004043713212013
C1,1000,26,1.6838312149047852e-06,True,,,,,0.03538328409194946,0.03969242796301842
C1,1000,27,1.4156103134155273e-06,True,,,,,0.030500102788209915,0.04073311761021614
C1,1000,28,1.564621925354004e-06,True,,,,,,0.04880799353122711
C1,1000,29,1.4491379261016846e-06,True,,,,,,0.04309835284948349
C1,1000,30,1.3113021850585938e-06,True,,,,,0.04708326235413551,0.04741707816720009
C1,1000,31,1.6083940863609314e-06,True,,,,,0.10720814019441605,0.04930715635418892
C1,1000,32,1.2218952178955078e-06,True,,,,,,0.05465551093220711
C1,1000,33,1.2218952178955078e-06,True,,,,,,0.05038502812385559
C1,1000,34,1.341104507446289e-06,True,,,,,0.04700646176934242,0.037830762565135956
C1,1000,35,1.3709068298339844e-06,True,,,,,,0.04699469357728958
C1,1000,36,1.4007091522216797e-06,True,,,,,,0.04703475534915924
C1,1000,37,1.1771917343139648e-06,True,,,,,,0.055630143731832504
C1,1000,38,1.296401023864746e-06,True,,,,,,0.04371655359864235
C1,1000,39,1.1324882507324219e-06,True,,,,,,0.053239479660987854
C1,1000,40,1.2312084436416626e-06,True,,,,,,0.03911363333463669
C1,1000,41,1.296401023864746e-06,True,,,,,,0.036420926451683044
C1,1000,42,1.475214958190918e-06,True,,,,,0.1377798169851303,0.04513248801231384
C1,1000,43,1.4603137969970703e-06,True,,,,,0.10752634704113007,0.046581897884607315
C1,1000,44,1.6391277313232422e-06,True,,,,,0.06069808825850487,0.0380888506770134
C1,1000,45,1.341104507446289e-06,True,,,,,0.0518379770219326,0.047998830676078796
C1,1000,46,1.6689300537109375e-06,True,,,,,0.07153680175542831,0.03507658839225769
C1,1000,47,1.5720725059509277e-06,True,,,,,0.04947425052523613,0.04783829674124718
C1,1000,48,1.430511474609375e-06,True,,,,,0.07717270404100418,0.05187465623021126
C1,1000,49,1.1324882507324219e-06,True,,,,,0.03397282212972641,0.04351712018251419
C1,1000,50,1.6093254089355469e-06,True,,,,,0.08171088248491287,0.04896616190671921
C1,1000,51,1.4379620552062988e-06,True,,,,,0.03897633031010628,0.05167187377810478
C1,1000,52,1.7434358596801758e-06,True,,,,,0.08263468742370605,0.03620786592364311
C1,1000,53,1.5497207641601562e-06,True,,,,,0.08285657316446304,0.03719566389918327
C1,1000,54,1.4901161193847656e-06,True,,,,,0.0878426730632782,0.040594469755887985
C1,1000,55,1.6838312149047852e-06,True,,,,,0.06348362565040588,0.030104871839284897
C1,1000,56,1.5497207641601562e-06,True,,,,,0.05935102701187134,0.050406020134687424
C1,1000,57,1.344829797744751e-06,True,,,,,0.18161892890930176,0.05836892127990723
C1,1000,58,1.2814998626708984e-06,True,,,,,0.038140784949064255,0.048389989882707596
C1,1000,59,1.430511474609375e-06,True,,,,,0.17089727520942688,0.05350561439990997
C1,1000,60,1.914799213409424e-06,True,,,,,0.056342776864767075,0.036263301968574524
C1,1000,61,2.2314488887786865e-06,True,,,,,0.05337861180305481,0.03399305418133736
C1,1000,62,1.4603137969970703e-06,True,,,,,0.03718554228544235,0.01616000011563301
C1,1000,63,1.7881393432617188e-06,True,,,,,0.08634433895349503,0.03782099485397339
C1,1000,64,2.175569534301758e-06,True,,,,,0.05591055378317833,0.04498797655105591
C1,1000,65,1.3113021850585938e-06,True,,,,,0.03529965877532959,0.05240826681256294
C1,1000,66,1.5348196029663086e-06,True,,,,,0.056327760219573975,0.0478535033762455
C1,1000,67,1.2814998626708984e-06,True,,,,,0.05651860684156418,0.0500272698700428
C1,1000,68,1.430511474609375e-06,True,,,,,0.062092844396829605,0.020598921924829483
C1,1000,69,1.6689300537109375e-06,True,,,,,0.032268207520246506,0.008117150515317917
C1,1000,70,1.4118850231170654e-06,True,,,,,0.027332313358783722,0.00905274972319603
C1,1000,71,1.4007091522216797e-06,True,,,,,0.036316659301519394,0.010160175152122974
C1,1000,72,1.9669532775878906e-06,True,,,,,0.0537797249853611,0.023682283237576485
C1,1000,73,2.0116567611694336e-06,True,,,,,0.051133815199136734,0.025706831365823746
C1,1000,74,2.16066837310791e-06,True,,,,,0.06057140976190567,0.031797245144844055
C1,1000,75,1.862645149230957e-06,True,,,,,0.06956598162651062,0.02853775955736637
C1,1000,76,1.6093254089355469e-06,True,,,,,0.05636908486485481,0.027464885264635086
C1,1000,77,1.519918441772461e-06,True,,,,,0.057743825018405914,0.03933171555399895
C1,1000,78,2.0563602447509766e-06,True,,,,,0.0740835964679718,0.026392895728349686
C1,1000,79,1.4379620552062988e-06,True,,,,,0.03483454883098602,0.0429866649210453
C0,128,0,7.599592208862305e-07,True,,,,,0.022318093106150627,0.009369289502501488
C0,128,1,7.450580596923828e-07,True,,,,,0.03466642275452614,0.013980532065033913
C0,128,2,6.556510925292969e-07,True,,,,,0.027092082425951958,0.012012979947030544
C0,128,3,7.301568984985352e-07,True,,,,,,0.012720482423901558
C0,128,4,7.301568984985352e-07,True,,,,,0.04256219416856766,0.009918308816850185
C0,128,5,7.897615432739258e-07,True,,,,,0.025978541001677513,0.012875577434897423
C0,128,6,7.897615432739258e-07,True,,,,,0.030658749863505363,0.010721989907324314
C0,128,7,9.238719940185547e-07,True,,,,,0.024706926196813583,0.010488517582416534
C0,128,8,7.748603820800781e-07,True,,,,,0.024212751537561417,0.008605357259511948
C0,128,9,9.760260581970215e-07,True,,,,,0.03790738806128502,0.0101386196911335
C0,128,10,8.344650268554688e-07,True,,,,,0.03955759480595589,0.010335071943700314
C0,128,11,7.450580596923828e-07,True,,,,,0.05353885889053345,0.01141278725117445
C0,128,12,7.301568984985352e-07,True,,,,,0.030995288863778114,0.007603563368320465
C0,128,13,8.642673492431641e-07,True,,,,,0.02500404603779316,0.007325171492993832
C0,128,14,8.195638656616211e-07,True,,,,,0.02709556184709072,0.00779233081266284
C0,128,15,8.642673492431641e-07,True,,,,,0.020256781950592995,0.010198813863098621
C0,128,16,8.344650268554688e-07,True,,,,,0.034431230276823044,0.009309942834079266
C0,128,17,8.344650268554688e-07,True,,,,,0.039911914616823196,0.009981394745409489
C0,128,18,6.854534149169922e-07,True,,,,,0.019204232841730118,0.007783979643136263
C0,128,19,7.152557373046875e-07,True,,,,,0.03343300521373749,0.008417179808020592
C0,128,20,7.078051567077637e-07,True,,,,,0.029232073575258255,0.01431286334991455
C0,128,21,8.046627044677734e-07,True,,,,,0.020637651905417442,0.013423520140349865
C0,128,22,7.599592208862305e-07,True,,,,,0.03769546002149582,0.014130910858511925
C0,128,23,7.748603820800781e-07,True,,,,,0.022906474769115448,0.013854648917913437
C0,128,24,6.556510925292969e-07,True,,,,,0.03387109190225601,0.010631885379552841
C0,128,25,7.897615432739258e-07,True,,,,,0.04384800046682358,0.011473994702100754
C0,128,26,8.195638656616211e-07,True,,,,,0.021761232987046242,0.010969510301947594
C0,128,27,7.152557373046875e-07,True,,,,,0.017049510031938553,0.01154477708041668
C0,128,28,7.152557373046875e-07,True,,,,,,0.013341577723622322
C0,128,29,7.674098014831543e-07,True,,,,,,0.011208080686628819
C0,128,30,8.475035429000854e-07,True,,,,,0.022678520530462265,0.013570751063525677
C0,128,31,6.258487701416016e-07,True,,,,,0.02676289714872837,0.012682749889791012
C0,128,32,6.92903995513916e-07,True,,,,,,0.014337913133203983
C0,128,33,6.705522537231445e-07,True,,,,,,0.01330624334514141
C0,128,34,7.152557373046875e-07,True,,,,,0.01921186037361622,0.01114728581160307
C0,128,35,6.258487701416016e-07,True,,,,,,0.012836598791182041
C0,128,36,7.748603820800781e-07,True,,,,,,0.013849946670234203
C0,128,37,7.152557373046875e-07,True,,,,,,0.013765924610197544
C0,128,38,7.897615432739258e-07,True,,,,,,0.012612082995474339
C0,128,39,7.37607479095459e-07,True,,,,,,0.01428594347089529
C0,128,40,5.960464477539062e-07,True,,,,,,0.012433748692274094
C0,128,41,9.834766387939453e-07,True,,,,,,0.010735834948718548
C0,128,42,8.009374141693115e-07,True,,,,,0.023335620760917664,0.01184203289449215
C0,128,43,7.37607479095459e-07,True,,,,,0.04406632483005524,0.013387174345552921
C0,128,44,7.599592208862305e-07,True,,,,,0.03234522044658661,0.011223534122109413
C0,128,45,8.344650268554688e-07,True,,,,,0.028268564492464066,0.013308694586157799
C0,128,46,7.450580596923828e-07,True,,,,,0.021769218146800995,0.011034590192139149
C0,128,47,8.195638656616211e-07,True,,,,,0.029693832620978355,0.012964257039129734
C0,128,48,8.642673492431641e-07,True,,,,,0.02189919725060463,0.014339904300868511
C0,128,49,9.387731552124023e-07,True,,,,,0.029568910598754883,0.01262726541608572
C0,128,50,7.450580596923828e-07,True,,,,,0.03442036733031273,0.013953099958598614
C0,128,51,7.450580596923828e-07,True,,,,,0.04067352041602135,0.01273751724511385
C0,128,52,8.344650268554688e-07,True,,,,,0.03450324013829231,0.01024133525788784
C0,128,53,7.897615432739258e-07,True,,,,,0.025241533294320107,0.010295355692505836
C0,128,54,8.866190910339355e-07,True,,,,,0.026699768379330635,0.01117002498358488
C0,128,55,8.419156074523926e-07,True,,,,,0.02239696867763996,0.009518168866634369
C0,128,56,8.344650268554688e-07,True,,,,,0.05206428840756416,0.012408928945660591
C0,128,57,7.152557373046875e-07,True,,,,,0.045628029853105545,0.013713349588215351
C0,128,58,8.270144462585449e-07,True,,,,,0.021321726962924004,0.012765288352966309
C0,128,59,8.856877684593201e-07,True,,,,,0.027310192584991455,0.01320974063128233
C0,128,60,8.866190910339355e-07,True,,,,,0.02997273951768875,0.010230371728539467
C0,128,61,7.972121238708496e-07,True,,,,,0.02584448643028736,0.009425632655620575
C0,128,62,8.642673492431641e-07,True,,,,,0.020256303250789642,0.006803576368838549
C0,128,63,8.493661880493164e-07,True,,,,,0.035474516451358795,0.01064322330057621
C0,128,64,7.860362529754639e-07,True,,,,,0.02214600332081318,0.012683434411883354
C0,128,65,9.5367431640625e-07,True,,,,,0.019089406356215477,0.013490661978721619
C0,128,66,7.301568984985352e-07,True,,,,,0.02834506705403328,0.012447569519281387
C0,128,67,8.270144462585449e-07,True,,,,,0.026926808059215546,0.013651599176228046
C0,128,68,8.642673492431641e-07,True,,,,,0.018855517730116844,0.007353189866989851
C0,128,69,7.674098014831543e-07,True,,,,,0.015369264408946037,0.005903976503759623
C0,128,70,7.897615432739258e-07,True,,,,,0.016396913677453995,0.005737392697483301
C0,128,71,8.642673492431641e-07,True,,,,,0.01731453649699688,0.006209497340023518
C0,128,72,7.599592208862305e-07,True,,,,,0.020261818543076515,0.007949779741466045
C0,128,73,8.046627044677734e-07,True,,,,,0.023911364376544952,0.007858909666538239
C0,128,74,9.5367431640625e-07,True,,,,,0.029091116040945053,0.009617630392313004
C0,128,75,8.344650268554688e-07,True,,,,,0.022200727835297585,0.008699865080416203
C0,128,76,8.046627044677734e-07,True,,,,,0.020230507478117943,0.008923734538257122
C0,128,77,8.046627044677734e-07,True,,,,,0.0277829859405756,0.01108525600284338
C0,128,78,8.791685104370117e-07,True,,,,,0.024813394993543625,0.008527153171598911
C0,128,79,7.525086402893066e-07,True,,,,,0.02424183301627636,0.012024435214698315
C1,128,0,8.940696716308594e-07,True,,,,,0.03203180432319641,0.018924769014120102
C1,128,1,5.364418029785156e-07,True,,,,,0.030222328379750252,0.03411657735705376
C1,128,2,7.450580596923828e-07,True,,,,,0.026343196630477905,0.02745082788169384
C1,128,3,5.811452865600586e-07,True,,,,,,0.030377808958292007
C1,128,4,7.674098014831543e-07,True,,,,,0.04998970776796341,0.02029215171933174
C1,128,5,7.003545761108398e-07,True,,,,,0.029109032824635506,0.029989581555128098
C1,128,6,7.748603820800781e-07,True,,,,,0.05612185597419739,0.023510687053203583
C1,128,7,7.450580596923828e-07,True,,,,,0.04539843276143074,0.02189226634800434
C1,128,8,8.642673492431641e-07,True,,,,,0.035409726202487946,0.01648678071796894
C1,128,9,8.642673492431641e-07,True,,,,,0.0464676208794117,0.021368062123656273
C1,128,10,1.2516975402832031e-06,True,,,,,0.04451397806406021,0.022008314728736877
C1,128,11,8.791685104370117e-07,True,,,,,0.0762486383318901,0.024043016135692596
C1,128,12,1.043081283569336e-06,True,,,,,0.043325260281562805,0.013273072429001331
C1,128,13,1.1399388313293457e-06,True,,,,,0.03558068349957466,0.011802942492067814
C1,128,14,9.238719940185547e-07,True,,,,,0.042791057378053665,0.012272878549993038
C1,128,15,9.369105100631714e-07,True,,,,,0.041782841086387634,0.022171301767230034
C1,128,16,6.854534149169922e-07,True,,,,,0.036141425371170044,0.018789660185575485
C1,128,17,7.748603820800781e-07,True,,,,,0.05572277680039406,0.02024686709046364
C1,128,18,8.344650268554688e-07,True,,,,,0.03254055231809616,0.013459837064146996
C1,128,19,9.98377799987793e-07,True,,,,,0.04615766555070877,0.015213320031762123
C1,128,20,5.960464477539062e-07,True,,,,,0.03909337893128395,0.036354031413793564
C1,128,21,6.854534149169922e-07,True,,,,,0.023262128233909607,0.03190676122903824
C1,128,22,5.960464477539062e-07,True,,,,,0.05320030823349953,0.03484286740422249
C1,128,23,5.811452865600586e-07,True,,,,,0.02711988240480423,0.034679166972637177
C1,128,24,6.556510925292969e-07,True,,,,,0.04071884974837303,0.02178257144987583
C1,128,25,7.152557373046875e-07,True,,,,,0.06705939024686813,0.024240359663963318
C1,128,26,7.450580596923828e-07,True,,,,,0.021486766636371613,0.02347119152545929
C1,128,27,6.556510925292969e-07,True,,,,,0.02039705216884613,0.024479711428284645
C1,128,28,4.76837158203125e-07,True,,,,,,0.03145560249686241
C1,128,29,4.76837158203125e-07,True,,,,,,0.026359260082244873
C1,128,30,6.258487701416016e-07,True,,,,,0.049090392887592316,0.032690223306417465
C1,128,31,6.556510925292969e-07,True,,,,,0.044598449021577835,0.02975316345691681
C1,128,32,5.960464477539062e-07,True,,,,,,0.0343979187309742
C1,128,33,6.109476089477539e-07,True,,,,,,0.030559338629245758
C1,128,34,7.450580596923828e-07,True,,,,,0.026898570358753204,0.023518914356827736
C1,128,35,5.960464477539062e-07,True,,,,,,0.030660726130008698
C1,128,36,6.854534149169922e-07,True,,,,,,0.03075277805328369
C1,128,37,5.662441253662109e-07,True,,,,,,0.03509579226374626
C1,128,38,4.172325134277344e-07,True,,,,,,0.02903851866722107
C1,128,39,6.407499313354492e-07,True,,,,,,0.034160058945417404
C1,128,40,8.344650268554688e-07,True,,,,,,0.02670038305222988
C1,128,41,7.599592208862305e-07,True,,,,,,0.025043493136763573
C1,128,42,8.046627044677734e-07,True,,,,,0.05249409377574921,0.0272197388112545
C1,128,43,7.152557373046875e-07,True,,,,,0.07605884224176407,0.03133118525147438
C1,128,44,8.046627044677734e-07,True,,,,,0.04701044037938118,0.02502071112394333
C1,128,45,6.407499313354492e-07,True,,,,,0.04461626335978508,0.030721990391612053
C1,128,46,1.0281801223754883e-06,True,,,,,0.034241966903209686,0.023627493530511856
C1,128,47,6.854534149169922e-07,True,,,,,0.026912499219179153,0.029552539810538292
C1,128,48,4.76837158203125e-07,True,,,,,0.03032984584569931,0.034200433641672134
C1,128,49,7.450580596923828e-07,True,,,,,0.0354795940220356,0.029444808140397072
C1,128,50,5.364418029785156e-07,True,,,,,0.04005420580506325,0.03138062730431557
C1,128,51,5.364418029785156e-07,True,,,,,0.039976928383111954,0.030599430203437805
C1,128,52,9.238719940185547e-07,True,,,,,0.054070983082056046,0.021952105686068535
C1,128,53,8.940696716308594e-07,True,,,,,0.04787684977054596,0.021488679572939873
C1,128,54,8.046627044677734e-07,True,,,,,0.053288932889699936,0.025460246950387955
C1,128,55,1.039355993270874e-06,True,,,,,0.04415590688586235,0.020044857636094093
C1,128,56,7.450580596923828e-07,True,,,,,0.06151615083217621,0.030130932107567787
C1,128,57,5.364418029785156e-07,True,,,,,0.08416542410850525,0.0337693877518177
C1,128,58,9.238719940185547e-07,True,,,,,0.023491794243454933,0.031030848622322083
C1,128,59,4.6193599700927734e-07,True,,,,,0.10553806275129318,0.031550269573926926
C1,128,60,1.0132789611816406e-06,True,,,,,0.03626663610339165,0.02130972407758236
C1,128,61,8.046627044677734e-07,True,,,,,0.027334064245224,0.018434952944517136
C1,128,62,8.791685104370117e-07,True,,,,,0.026429003104567528,0.01058034598827362
C1,128,63,7.748603820800781e-07,True,,,,,0.05479138717055321,0.02234688028693199
C1,128,64,8.940696716308594e-07,True,,,,,0.03242325037717819,0.02936258353292942
C1,128,65,5.364418029785156e-07,True,,,,,0.027577711269259453,0.03264205902814865
C1,128,66,8.642673492431641e-07,True,,,,,0.032741621136665344,0.029445111751556396
C1,128,67,6.556510925292969e-07,True,,,,,0.027534006163477898,0.033630505204200745
C1,128,68,8.642673492431641e-07,True,,,,,0.0299223680049181,0.013609177432954311
C1,128,69,6.705522537231445e-07,True,,,,,0.018969399854540825,0.006376109551638365
C1,128,70,4.917383193969727e-07,True,,,,,0.019376853480935097,0.007062993478029966
C1,128,71,7.450580596923828e-07,True,,,,,0.020692164078354836,0.007643026765435934
C1,128,72,9.238719940185547e-07,True,,,,,0.02998221479356289,0.01261722669005394
C1,128,73,8.493661880493164e-07,True,,,,,0.03411736711859703,0.013646973296999931
C1,128,74,9.201467037200928e-07,True,,,,,0.043093591928482056,0.019420120865106583
C1,128,75,9.238719940185547e-07,True,,,,,0.03694859519600868,0.01603720150887966
C1,128,76,9.238719940185547e-07,True,,,,,0.028510987758636475,0.017202751711010933
C1,128,77,8.568167686462402e-07,True,,,,,0.049691587686538696,0.02396339364349842
C1,128,78,1.1026859283447266e-06,True,,,,,0.04118969291448593,0.016056345775723457
C1,128,79,8.046627044677734e-07,True,,,,,0.040876246988773346,0.026365550234913826
C2,2000,0,1.471489667892456e-06,True,,,,,0.13681207597255707,0.049600522965192795
C2,2000,1,1.4379620552062988e-06,True,,,,,0.07709565758705139,0.059510789811611176
C2,2000,2,1.087784767150879e-06,True,,,,,0.08239467442035675,0.046812351793050766
C2,2000,3,1.4603137969970703e-06,True,,,,,,0.065249003469944
C2,2000,4,1.4454126358032227e-06,True,,,,,0.10977751761674881,0.04974793270230293
C2,2000,5,1.1622905731201172e-06,True,,,,,0.06654955446720123,0.04454624652862549
C2,2000,6,1.7434358596801758e-06,True,,,,,0.14604686200618744,0.04724346473813057
C2,2000,7,1.5944242477416992e-06,True,,,,,0.09784480184316635,0.04581953585147858
C2,2000,8,1.5273690223693848e-06,True,,,,,0.07311294227838516,0.01849164254963398
C2,2000,9,1.4081597328186035e-06,True,,,,,0.07451576739549637,0.045345183461904526
C2,2000,10,1.5869736671447754e-06,True,,,,,0.1040930300951004,0.044740334153175354
C2,2000,11,1.5255063772201538e-06,True,,,,,0.11929371953010559,0.029987873509526253
C2,2000,12,1.430511474609375e-06,True,,,,,0.10931914299726486,0.029694857075810432
C2,2000,13,1.296401023864746e-06,True,,,,,0.10421468317508698,0.02770082838833332
C2,2000,14,1.55717134475708e-06,True,,,,,0.14260366559028625,0.03292953595519066
C2,2000,15,1.5273690223693848e-06,True,,,,,0.20070447027683258,0.05994361639022827
C2,2000,16,1.2218952178955078e-06,True,,,,,0.13121728599071503,0.045396383851766586
C2,2000,17,1.996755599975586e-06,True,,,,,0.1452711820602417,0.04516211897134781
C2,2000,18,1.3075768947601318e-06,True,,,,,0.10269041359424591,0.0304116141051054
C2,2000,19,1.519918441772461e-06,True,,,,,0.16296251118183136,0.029153816401958466
C2,2000,20,1.430511474609375e-06,True,,,,,0.0753769502043724,0.06975989788770676
C2,2000,21,1.1920928955078125e-06,True,,,,,0.06619434803724289,0.045778997242450714
C2,2000,22,1.6093254089355469e-06,True,,,,,0.13829182088375092,0.06344911456108093
C2,2000,23,1.430511474609375e-06,True,,,,,0.0868176743388176,0.06407608836889267
C2,2000,24,1.5944242477416992e-06,True,,,,,0.09163276106119156,0.04887993261218071
C2,2000,25,1.4975666999816895e-06,True,,,,,0.15582339465618134,0.05451031029224396
C2,2000,26,1.4677643775939941e-06,True,,,,,0.09466169774532318,0.0515868179500103
C2,2000,27,1.817941665649414e-06,True,,,,,0.08854123204946518,0.050555940717458725
C2,2000,28,1.519918441772461e-06,True,,,,,,0.05116624757647514
C2,2000,29,1.1324882507324219e-06,True,,,,,,0.04160644859075546
C2,2000,30,1.5944242477416992e-06,True,,,,,0.08869612216949463,0.03683002293109894
C2,2000,31,1.5050172805786133e-06,True,,,,,0.2796340584754944,0.06081901118159294
C2,2000,32,1.2665987014770508e-06,True,,,,,,0.05993650481104851
C2,2000,33,1.2516975402832031e-06,True,,,,,,0.05681353807449341
C2,2000,34,1.4901161193847656e-06,True,,,,,0.09411261230707169,0.04575870558619499
C2,2000,35,1.3969838619232178e-06,True,,,,,,0.056896891444921494
C2,2000,36,1.4603137969970703e-06,True,,,,,,0.04493320733308792
C2,2000,37,1.1324882507324219e-06,True,,,,,,0.06225090101361275
C2,2000,38,1.5497207641601562e-06,True,,,,,,0.04285487160086632
C2,2000,39,1.218169927597046e-06,True,,,,,,0.05447355657815933
C2,2000,40,1.1026859283447266e-06,True,,,,,,0.032399870455265045
C2,2000,41,9.238719940185547e-07,True,,,,,,0.039786022156476974
C2,2000,42,1.3969838619232178e-06,True,,,,,0.15584604442119598,0.05430786311626434
C2,2000,43,1.0132789611816406e-06,True,,,,,0.12242397665977478,0.04454422742128372
C2,2000,44,1.2516975402832031e-06,True,,,,,0.11009702831506729,0.044036779552698135
C2,2000,45,1.6093254089355469e-06,True,,,,,0.09263480454683304,0.04845135286450386
C2,2000,46,1.5422701835632324e-06,True,,,,,0.10474053770303726,0.03976495936512947
C2,2000,47,1.6540288925170898e-06,True,,,,,0.09135876595973969,0.059637364000082016
C2,2000,48,1.1622905731201172e-06,True,,,,,0.12980788946151733,0.05376008152961731
C2,2000,49,1.2516975402832031e-06,True,,,,,0.07640549540519714,0.046313583850860596
C2,2000,50,1.5795230865478516e-06,True,,,,,0.08423247188329697,0.04595229774713516
C2,2000,51,1.4156103134155273e-06,True,,,,,0.08141084015369415,0.060796212404966354
C2,2000,52,1.8104910850524902e-06,True,,,,,0.13446670770645142,0.04524460434913635
C2,2000,53,1.773238182067871e-06,True,,,,,0.13226494193077087,0.046522486954927444
C2,2000,54,1.3262033462524414e-06,True,,,,,0.12330227345228195,0.04880955070257187
C2,2000,55,1.6689300537109375e-06,True,,,,,0.10371500253677368,0.03521621972322464
C2,2000,56,1.3560056686401367e-06,True,,,,,0.09918159246444702,0.0637882873415947
C2,2000,57,1.1473894119262695e-06,True,,,,,0.31479790806770325,0.07162608951330185
C2,2000,58,1.3262033462524414e-06,True,,,,,0.07102567702531815,0.05067690089344978
C2,2000,59,1.3485550880432129e-06,True,,,,,0.18197834491729736,0.053709134459495544
C2,2000,60,1.7434358596801758e-06,True,,,,,0.1077549085021019,0.04345127195119858
C2,2000,61,1.6242265701293945e-06,True,,,,,0.10877706855535507,0.05453583970665932
C2,2000,62,1.2814998626708984e-06,True,,,,,0.0629018098115921,0.02039063163101673
C2,2000,63,1.4901161193847656e-06,True,,,,,0.15309372544288635,0.04918690398335457
C2,2000,64,1.341104507446289e-06,True,,,,,0.09742897748947144,0.047544531524181366
C2,2000,65,1.8998980522155762e-06,True,,,,,0.06972158700227737,0.04719824343919754
C2,2000,66,1.3522803783416748e-06,True,,,,,0.11315680295228958,0.05461486056447029
C2,2000,67,1.2367963790893555e-06,True,,,,,0.07608851045370102,0.05078144371509552
C2,2000,68,1.430511474609375e-06,True,,,,,0.10787975043058395,0.030416997149586678
C2,2000,69,1.4901161193847656e-06,True,,,,,0.04796864837408066,0.006556689273566008
C2,2000,70,1.430511474609375e-06,True,,,,,0.034164849668741226,0.008564588613808155
C2,2000,71,1.4603137969970703e-06,True,,,,,0.06056419014930725,0.010108716785907745
C2,2000,72,1.4081597328186035e-06,True,,,,,0.1110704094171524,0.03421986848115921
C2,2000,73,1.6987323760986328e-06,True,,,,,0.11683749407529831,0.04011872410774231
C2,2000,74,1.7657876014709473e-06,True,,,,,0.10918523371219635,0.038238659501075745
C2,2000,75,1.6968697309494019e-06,True,,,,,0.12432533502578735,0.04065822437405586
C2,2000,76,1.3709068298339844e-06,True,,,,,0.10910294204950333,0.03257960453629494
C2,2000,77,1.5790574252605438e-06,True,,,,,0.08282993733882904,0.04287528991699219
C2,2000,78,1.6540288925170898e-06,True,,,,,0.12496035546064377,0.031100310385227203
C2,2000,79,1.2665987014770508e-06,True,,,,,0.0685562863945961,0.046982597559690475
C1,6000,0,2.4065375328063965e-06,True,,,,,0.1691456139087677,0.034581076353788376
C1,6000,1,2.6971101760864258e-06,True,,,,,0.11421339958906174,0.042333684861660004
C1,6000,2,2.3990869522094727e-06,True,,,,,0.06949800997972488,0.036097411066293716
C1,6000,3,2.8759241104125977e-06,True,,,,,,0.04129291698336601
C1,6000,4,1.9669532775878906e-06,True,,,,,0.1782502382993698,0.037224482744932175
C1,6000,5,1.7285346984863281e-06,True,,,,,0.1293782889842987,0.04225347936153412
C1,6000,6,2.4586915969848633e-06,True,,,,,0.1729900985956192,0.03301260992884636
C1,6000,7,2.1439045667648315e-06,True,,,,,0.16824060678482056,0.035418178886175156
C1,6000,8,2.376735210418701e-06,True,,,,,0.16090750694274902,0.03132224455475807
C1,6000,9,1.7583370208740234e-06,True,,,,,0.18518467247486115,0.03674156218767166
C1,6000,10,1.952052116394043e-06,True,,,,,0.152847558259964,0.0355185829102993
C1,6000,11,1.4957040548324585e-06,True,,,,,0.14349491894245148,0.03470196947455406
C1,6000,12,2.5331974029541016e-06,True,,,,,0.1719476878643036,0.027217183262109756
C1,6000,13,2.2351741790771484e-06,True,,,,,0.15401946008205414,0.029214484617114067
C1,6000,14,2.2202730178833008e-06,True,,,,,0.20002353191375732,0.03079981356859207
C1,6000,15,2.0116567611694336e-06,True,,,,,0.23085908591747284,0.046038947999477386
C1,6000,16,1.6540288925170898e-06,True,,,,,0.1261669099330902,0.04243123531341553
C1,6000,17,1.944601535797119e-06,True,,,,,0.19274230301380157,0.035991158336400986
C1,6000,18,2.2202730178833008e-06,True,,,,,0.17343977093696594,0.030841318890452385
C1,6000,19,2.1904706954956055e-06,True,,,,,0.21361686289310455,0.027449823915958405
C1,6000,20,2.16066837310791e-06,True,,,,,0.15409307181835175,0.04500280320644379
C1,6000,21,1.3113021850585938e-06,True,,,,,0.08635810762643814,0.039283957332372665
C1,6000,22,1.862645149230957e-06,True,,,,,0.191757470369339,0.041814785450696945
C1,6000,23,2.384185791015625e-06,True,,,,,0.1675422042608261,0.04398173838853836
C1,6000,24,3.0994415283203125e-06,True,,,,,0.1908419132232666,0.03641769289970398
C1,6000,25,2.1439045667648315e-06,True,,,,,0.1778058260679245,0.0414087250828743
C1,6000,26,2.337619662284851e-06,True,,,,,0.15493199229240417,0.03637750446796417
C1,6000,27,2.384185791015625e-06,True,,,,,0.1293061524629593,0.03612954914569855
C1,6000,28,1.5497207641601562e-06,True,,,,,,0.03937062248587608
C1,6000,29,1.3709068298339844e-06,True,,,,,,0.03743939474225044
C1,6000,30,1.8775463104248047e-06,True,,,,,0.1348579376935959,0.03276530280709267
C1,6000,31,2.1457672119140625e-06,True,,,,,0.20325805246829987,0.03879674896597862
C1,6000,32,1.8440186977386475e-06,True,,,,,,0.04336902126669884
C1,6000,33,2.391636371612549e-06,True,,,,,,0.04656048119068146
C1,6000,34,2.175569534301758e-06,True,,,,,0.14291830360889435,0.03377421945333481
C1,6000,35,2.1904706954956055e-06,True,,,,,,0.037716273218393326
C1,6000,36,1.646578311920166e-06,True,,,,,,0.044316694140434265
C1,6000,37,2.0116567611694336e-06,True,,,,,,0.04290732741355896
C1,6000,38,1.6987323760986328e-06,True,,,,,,0.037386681884527206
C1,6000,39,1.7397105693817139e-06,True,,,,,,0.04462966322898865
C1,6000,40,1.4230608940124512e-06,True,,,,,,0.03656559810042381
C1,6000,41,1.3262033462524414e-06,True,,,,,,0.034863363951444626
C1,6000,42,2.0042061805725098e-06,True,,,,,0.23479126393795013,0.04034535586833954
C1,6000,43,1.7434358596801758e-06,True,,,,,0.10913863033056259,0.035368870943784714
C1,6000,44,2.6971101760864258e-06,True,,,,,0.14813271164894104,0.03776467964053154
C1,6000,45,1.8030405044555664e-06,True,,,,,0.12872426211833954,0.03570723533630371
C1,6000,46,2.5331974029541016e-06,True,,,,,0.16966259479522705,0.036236412823200226
C1,6000,47,2.853572368621826e-06,True,,,,,0.1806185394525528,0.04208666458725929
C1,6000,48,1.862645149230957e-06,True,,,,,0.1667919009923935,0.04108309745788574
C1,6000,49,1.5497207641601562e-06,True,,,,,0.14733943343162537,0.04059869796037674
C1,6000,50,2.130866050720215e-06,True,,,,,0.14794379472732544,0.03902548924088478
C1,6000,51,1.8998980522155762e-06,True,,,,,0.14096641540527344,0.04006311669945717
C1,6000,52,2.5331974029541016e-06,True,,,,,0.1652490347623825,0.03515057638287544
C1,6000,53,2.2351741790771484e-06,True,,,,,0.17254649102687836,0.03436818718910217
C1,6000,54,2.294778823852539e-06,True,,,,,0.14617589116096497,0.03768616542220116
C1,6000,55,2.8908252716064453e-06,True,,,,,0.16294753551483154,0.03426133096218109
C1,6000,56,1.9669532775878906e-06,True,,,,,0.15368525683879852,0.04471811652183533
C1,6000,57,1.6093254089355469e-06,True,,,,,0.15175572037696838,0.04709655046463013
C1,6000,58,2.175569534301758e-06,True,,,,,0.08755136281251907,0.042196620255708694
C1,6000,59,1.2516975402832031e-06,True,,,,,0.1403324455022812,0.04158550873398781
C1,6000,60,2.115964889526367e-06,True,,,,,0.16832409799098969,0.03781773895025253
C1,6000,61,2.339482307434082e-06,True,,,,,0.182083398103714,0.037390630692243576
C1,6000,62,1.7434358596801758e-06,True,,,,,0.13196556270122528,0.015819163993000984
C1,6000,63,2.3543834686279297e-06,True,,,,,0.19012010097503662,0.03743390738964081
C1,6000,64,1.8030405044555664e-06,True,,,,,0.1542179137468338,0.03751235082745552
C1,6000,65,1.3709068298339844e-06,True,,,,,0.14681321382522583,0.03353572264313698
C1,6000,66,2.205371856689453e-06,True,,,,,0.17268583178520203,0.04006628319621086
C1,6000,67,1.8030405044555664e-06,True,,,,,0.12542080879211426,0.039074983447790146
C1,6000,68,1.9371509552001953e-06,True,,,,,0.15595564246177673,0.022567788138985634
C1,6000,69,1.6689300537109375e-06,True,,,,,0.12213721871376038,0.005916318390518427
C1,6000,70,1.385807991027832e-06,True,,,,,0.1179947555065155,0.008214888162910938
C1,6000,71,2.5704503059387207e-06,True,,,,,0.12078128755092621,0.010480103082954884
C1,6000,72,2.7418136596679688e-06,True,,,,,0.16835230588912964,0.03079272247850895
C1,6000,73,2.115964889526367e-06,True,,,,,0.16729670763015747,0.030300965532660484
C1,6000,74,2.1532177925109863e-06,True,,,,,0.16410034894943237,0.03033129684627056
C1,6000,75,2.4884939193725586e-06,True,,,,,0.20325222611427307,0.03451647236943245
C1,6000,76,2.4884939193725586e-06,True,,,,,0.182747945189476,0.03253236785531044
C1,6000,77,1.7136335372924805e-06,True,,,,,0.1493433117866516,0.033899422734975815
C1,6000,78,2.7120113372802734e-06,True,,,,,0.17702965438365936,0.027094686403870583
C1,6000,79,1.8775463104248047e-06,True,,,,,0.1542893946170807,0.03855283185839653
C0,2000,0,4.082918167114258e-06,True,,,,,0.05235825106501579,0.024643177166581154
C0,2000,1,3.1962990760803223e-06,True,,,,,0.05873529985547066,0.04371153935790062
C0,2000,2,4.470348358154297e-06,True,,,,,0.0342629998922348,0.03271370008587837
C0,2000,3,3.874301910400391e-06,True,,,,,,0.0371188148856163
C0,2000,4,2.4810433387756348e-06,True,,,,,0.16487811505794525,0.022286338731646538
C0,2000,5,3.933906555175781e-06,True,,,,,0.02837028168141842,0.035489555448293686
C0,2000,6,5.736947059631348e-06,True,,,,,0.12496037781238556,0.0271125640720129
C0,2000,7,3.7923455238342285e-06,True,,,,,0.10123796761035919,0.024140870198607445
C0,2000,8,3.2186508178710938e-06,True,,,,,0.053861115127801895,0.018258247524499893
C0,2000,9,3.159046173095703e-06,True,,,,,0.1101229190826416,0.027049435302615166
C0,2000,10,2.9206275939941406e-06,True,,,,,0.08630646020174026,0.027764810249209404
C0,2000,11,2.562999725341797e-06,True,,,,,0.1538669914007187,0.023279516026377678
C0,2000,12,4.127621650695801e-06,True,,,,,0.10236242413520813,0.015956643968820572
C0,2000,13,2.6673078536987305e-06,True,,,,,0.060624293982982635,0.012965408153831959
C0,2000,14,3.859400749206543e-06,True,,,,,0.07935503870248795,0.015017246827483177
C0,2000,15,5.103647708892822e-06,True,,,,,0.04528174549341202,0.02716204710304737
C0,2000,16,3.21120023727417e-06,True,,,,,0.10829010605812073,0.023781541734933853
C0,2000,17,3.7103891372680664e-06,True,,,,,0.12237890809774399,0.022280696779489517
C0,2000,18,2.7418136596679688e-06,True,,,,,0.06488920748233795,0.015776053071022034
C0,2000,19,2.9802322387695312e-06,True,,,,,0.08914674073457718,0.015508043579757214
C0,2000,20,3.7178397178649902e-06,True,,,,,0.08406636118888855,0.04212820157408714
C0,2000,21,3.4421682357788086e-06,True,,,,,0.0811375230550766,0.03847057744860649
C0,2000,22,2.0265579223632812e-06,True,,,,,0.16360461711883545,0.04069424793124199
C0,2000,23,3.9637088775634766e-06,True,,,,,0.046046365052461624,0.043073102831840515
C0,2000,24,4.202127456665039e-06,True,,,,,0.13283772766590118,0.02551782876253128
C0,2000,25,5.02169132232666e-06,True,,,,,0.1366514265537262,0.0309730377048254
C0,2000,26,3.5315752029418945e-06,True,,,,,0.06428772956132889,0.031448766589164734
C0,2000,27,3.1739473342895508e-06,True,,,,,0.02663344144821167,0.031352367252111435
C0,2000,28,2.518296241760254e-06,True,,,,,,0.04055127874016762
C0,2000,29,2.4437904357910156e-06,True,,,,,,0.03085906244814396
C0,2000,30,3.3676624298095703e-06,True,,,,,0.08971380442380905,0.03563082963228226
C0,2000,31,3.3974647521972656e-06,True,,,,,0.0768713504076004,0.04038120433688164
C0,2000,32,2.8312206268310547e-06,True,,,,,,0.04134527966380119
C0,2000,33,2.6226043701171875e-06,True,,,,,,0.04053250700235367
C0,2000,34,4.172325134277344e-06,True,,,,,0.03110007755458355,0.02977977693080902
C0,2000,35,4.26173210144043e-06,True,,,,,,0.03934592753648758
C0,2000,36,5.379319190979004e-06,True,,,,,,0.038176946341991425
C0,2000,37,4.1425228118896484e-06,True,,,,,,0.042026761919260025
C0,2000,38,2.9206275939941406e-06,True,,,,,,0.03798297420144081
C0,2000,39,3.1739473342895508e-06,True,,,,,,0.04016605019569397
C0,2000,40,4.157423973083496e-06,True,,,,,,0.027642473578453064
C0,2000,41,2.8014183044433594e-06,True,,,,,,0.03212711215019226
C0,2000,42,3.159046173095703e-06,True,,,,,0.06513505429029465,0.03297823667526245
C0,2000,43,2.950429916381836e-06,True,,,,,0.08234944194555283,0.038772642612457275
C0,2000,44,3.0249357223510742e-06,True,,,,,0.07808230072259903,0.03209642320871353
C0,2000,45,2.7120113372802734e-06,True,,,,,0.08816487342119217,0.03598741441965103
C0,2000,46,3.993511199951172e-06,True,,,,,0.0906921997666359,0.030984876677393913
C0,2000,47,3.471970558166504e-06,True,,,,,0.09635544568300247,0.03508026897907257
C0,2000,48,3.4868717193603516e-06,True,,,,,0.13303562998771667,0.04416472092270851
C0,2000,49,4.5299530029296875e-06,True,,,,,0.09197898954153061,0.031217627227306366
C0,2000,50,3.606081008911133e-06,True,,,,,0.06600485742092133,0.03490113094449043
C0,2000,51,4.023313522338867e-06,True,,,,,0.06121603026986122,0.03671111539006233
C0,2000,52,4.231929779052734e-06,True,,,,,0.11413995921611786,0.025545885786414146
C0,2000,53,4.0531158447265625e-06,True,,,,,0.07770596444606781,0.024455808103084564
C0,2000,54,3.5017728805541992e-06,True,,,,,0.09817452728748322,0.03230830654501915
C0,2000,55,3.6954879760742188e-06,True,,,,,0.07180517166852951,0.022299252450466156
C0,2000,56,3.0100345611572266e-06,True,,,,,0.1712981015443802,0.037360258400440216
C0,2000,57,3.3676624298095703e-06,True,,,,,0.20158760249614716,0.04133927449584007
C0,2000,58,2.7865171432495117e-06,True,,,,,0.10180020332336426,0.03671155124902725
C0,2000,59,3.7401914596557617e-06,True,,,,,0.08950988203287125,0.04203477129340172
C0,2000,60,3.2782554626464844e-06,True,,,,,0.05101262032985687,0.026092518121004105
C0,2000,61,5.174428224563599e-06,True,,,,,0.08003900945186615,0.020743336528539658
C0,2000,62,2.909451723098755e-06,True,,,,,0.04680926352739334,0.009805440902709961
C0,2000,63,3.7401914596557617e-06,True,,,,,0.11658883094787598,0.024256868287920952
C0,2000,64,4.0531158447265625e-06,True,,,,,0.07194784283638,0.03336571902036667
C0,2000,65,2.562999725341797e-06,True,,,,,0.041848037391901016,0.03470339626073837
C0,2000,66,4.380941390991211e-06,True,,,,,0.10214218497276306,0.034473247826099396
C0,2000,67,4.023313522338867e-06,True,,,,,0.11542501300573349,0.042796049267053604
C0,2000,68,3.1739473342895508e-06,True,,,,,0.04533141478896141,0.010925869457423687
C0,2000,69,3.5762786865234375e-06,True,,,,,0.03463025018572807,0.006443516351282597
C0,2000,70,2.518296241760254e-06,True,,,,,0.033706046640872955,0.007029784843325615
C0,2000,71,2.5406479835510254e-06,True,,,,,0.0344405323266983,0.007314292713999748
C0,2000,72,5.125068128108978e-06,True,,,,,0.06508032977581024,0.015928788110613823
C0,2000,73,4.617264494299889e-06,True,,,,,0.08374255895614624,0.017191696912050247
C0,2000,74,3.825873136520386e-06,True,,,,,0.10750208050012589,0.022377632558345795
C0,2000,75,4.172325134277344e-06,True,,,,,0.06882235407829285,0.019906798377633095
C0,2000,76,3.039836883544922e-06,True,,,,,0.07278667390346527,0.020813308656215668
C0,2000,77,3.129243850708008e-06,True,,,,,0.06137387454509735,0.024060718715190887
C0,2000,78,4.0531158447265625e-06,True,,,,,0.0789647251367569,0.019968723878264427
C0,2000,79,3.0621886253356934e-06,True,,,,,0.062272828072309494,0.027941839769482613
C0,6000,0,7.398426532745361e-06,True,,,,,0.13163496553897858,0.03581404313445091
C0,6000,1,1.1786818504333496e-05,False,9.825473767932635e-15,3.1305985490143184e-05,2.437977375535638e-09,4.618053606186834e-09,0.10385902971029282,0.05633944645524025
C0,6000,2,5.990266799926758e-06,True,,,,,0.0751299113035202,0.04233437404036522
C0,6000,3,5.3942203521728516e-06,True,,,,,,0.04965951666235924
C0,6000,4,7.510185241699219e-06,True,,,,,0.14171968400478363,0.03827082738280296
C0,6000,5,5.6549906730651855e-06,True,,,,,0.14524394273757935,0.044581808149814606
C0,6000,6,8.091330528259277e-06,True,,,,,0.13740649819374084,0.03910594433546066
C0,6000,7,7.508322596549988e-06,True,,,,,0.13399189710617065,0.039342910051345825
C0,6000,8,8.344650268554688e-06,True,,,,,0.13531748950481415,0.029871178790926933
C0,6000,9,6.128102540969849e-06,True,,,,,0.15224586427211761,0.03806629031896591
C0,6000,10,8.061528205871582e-06,True,,,,,0.1199050024151802,0.031807225197553635
C0,6000,11,6.094574928283691e-06,True,,,,,0.19951309263706207,0.03552830591797829
C0,6000,12,8.635222911834717e-06,True,,,,,0.15348419547080994,0.02595233917236328
C0,6000,13,1.0170042514801025e-05,False,2.0483614804334138e-14,2.9643488261781037e-05,2.6439234135366974e-09,2.725654889290663e-09,0.13557346165180206,0.026189887896180153
C0,6000,14,9.12696123123169e-06,True,,,,,0.12172456085681915,0.028123460710048676
C0,6000,15,6.4373016357421875e-06,True,,,,,0.13168244063854218,0.04074994474649429
C0,6000,16,6.9588422775268555e-06,True,,,,,0.14113259315490723,0.03698880597949028
C0,6000,17,1.029670238494873e-05,False,2.0039525594484076e-14,2.7377022912139504e-05,3.3859439696470872e-09,3.3859439696470872e-09,0.1502160280942917,0.031136522069573402
C0,6000,18,1.0356307029724121e-05,False,1.3433698597964394e-14,3.028308451036299e-05,4.9872080909452166e-09,5.509768752354205e-10,0.13697336614131927,0.030419092625379562
C0,6000,19,7.778406143188477e-06,True,,,,,0.13477446138858795,0.024963149800896645
C0,6000,20,7.82310962677002e-06,True,,,,,0.17088532447814941,0.06426478922367096
C0,6000,21,7.152557373046875e-06,True,,,,,0.1230071410536766,0.048170141875743866
C0,6000,22,1.1198222637176514e-05,False,1.3530843112619095e-14,2.570179827744712e-05,1.1793859666653361e-08,4.6639934969672225e-09,0.17870637774467468,0.05790061503648758
C0,6000,23,7.241964340209961e-06,True,,,,,0.048873160034418106,0.06377105414867401
C0,6000,24,5.4836273193359375e-06,True,,,,,0.17215046286582947,0.03192523866891861
C0,6000,25,1.3321638107299805e-05,False,1.4876988529977098e-14,2.4062395044238682e-05,1.379274694457422e-09,2.350850736299037e-09,0.17041738331317902,0.03867527097463608
C0,6000,26,7.554888725280762e-06,True,,,,,0.133304163813591,0.04319092631340027
C0,6000,27,9.171664714813232e-06,True,,,,,0.0990380197763443,0.042563360184431076
C0,6000,28,8.463859558105469e-06,True,,,,,,0.05007392168045044
C0,6000,29,5.632638931274414e-06,True,,,,,,0.047603216022253036
C0,6000,30,8.359551429748535e-06,True,,,,,0.09768662601709366,0.05494004860520363
C0,6000,31,7.62939453125e-06,True,,,,,0.19821114838123322,0.051362425088882446
C0,6000,32,8.195638656616211e-06,True,,,,,,0.054479651153087616
C0,6000,33,5.163252353668213e-06,True,,,,,,0.058749523013830185
C0,6000,34,6.996095180511475e-06,True,,,,,0.1331506371498108,0.03650284558534622
C0,6000,35,7.018446922302246e-06,True,,,,,,0.05018975958228111
C0,6000,36,4.991888999938965e-06,True,,,,,,0.05484810471534729
C0,6000,37,8.020550012588501e-06,True,,,,,,0.055698711425065994
C0,6000,38,6.616115570068359e-06,True,,,,,,0.05765565484762192
C0,6000,39,6.317161023616791e-06,True,,,,,,0.06993291527032852
C0,6000,40,6.318092346191406e-06,True,,,,,,0.038754597306251526
C0,6000,41,4.842877388000488e-06,True,,,,,,0.043369632214307785
C0,6000,42,8.553266525268555e-06,True,,,,,0.1549534648656845,0.05059824883937836
C0,6000,43,5.945563316345215e-06,True,,,,,0.17655214667320251,0.04247264191508293
C0,6000,44,6.079673767089844e-06,True,,,,,0.14995107054710388,0.04277922958135605
C0,6000,45,8.910894393920898e-06,True,,,,,0.12700927257537842,0.056545887142419815
C0,6000,46,6.943941116333008e-06,True,,,,,0.11848961561918259,0.03976339101791382
C0,6000,47,7.614493370056152e-06,True,,,,,0.16696293652057648,0.05139809474349022
C0,6000,48,9.924173355102539e-06,True,,,,,0.1326814740896225,0.05397987365722656
C0,6000,49,7.286667823791504e-06,True,,,,,0.1505509912967682,0.04922542721033096
C0,6000,50,7.568858563899994e-06,True,,,,,0.1861296445131302,0.04732546955347061
C0,6000,51,6.8247318267822266e-06,True,,,,,0.19711749255657196,0.04728066548705101
C0,6000,52,8.922070264816284e-06,True,,,,,0.15434013307094574,0.037652913480997086
C0,6000,53,8.717179298400879e-06,True,,,,,0.13613630831241608,0.03906097635626793
C0,6000,54,9.626150131225586e-06,True,,,,,0.11257380247116089,0.04428019002079964
C0,6000,55,9.894371032714844e-06,True,,,,,0.14298301935195923,0.03450487554073334
C0,6000,56,8.001923561096191e-06,True,,,,,0.19442932307720184,0.04622218385338783
C0,6000,57,6.794929504394531e-06,True,,,,,0.20084795355796814,0.05634874850511551
C0,6000,58,6.495974957942963e-06,True,,,,,0.09995242208242416,0.044848907738924026
C0,6000,59,5.707144737243652e-06,True,,,,,0.16708651185035706,0.053694941103458405
C0,6000,60,7.37607479095459e-06,True,,,,,0.1142597496509552,0.04008318856358528
C0,6000,61,7.778406143188477e-06,True,,,,,0.13024267554283142,0.03380082920193672
C0,6000,62,8.717179298400879e-06,True,,,,,0.1263219565153122,0.019735872745513916
C0,6000,63,8.456408977508545e-06,True,,,,,0.1711854189634323,0.04321989044547081
C0,6000,64,1.0475516319274902e-05,False,1.715294573045867e-14,3.0804029507409264e-05,4.1517761451004276e-10,2.0518609034070323e-09,0.12443889677524567,0.050878237932920456
C0,6000,65,5.707144737243652e-06,True,,,,,0.1258699893951416,0.05237434059381485
C0,6000,66,9.417533874511719e-06,True,,,,,0.17241546511650085,0.04732433333992958
C0,6000,67,7.569789886474609e-06,True,,,,,0.14080457389354706,0.05512021854519844
C0,6000,68,1.1116266250610352e-05,False,1.6042722705833512e-14,5.682618510336607e-05,7.179087602171563e-10,1.4788577445967732e-09,0.16098813712596893,0.02687869779765606
C0,6000,69,9.268522262573242e-06,True,,,,,0.09850466996431351,0.01562967710196972
C0,6000,70,8.046627044677734e-06,True,,,,,0.1036260798573494,0.014845434576272964
C0,6000,71,6.884336471557617e-06,True,,,,,0.12014339864253998,0.02146594226360321
C0,6000,72,1.0341405868530273e-05,False,1.7073148450563735e-14,2.9085752395019426e-05,4.334191894272976e-10,7.97692134568706e-10,0.12039517611265182,0.02687753364443779
C0,6000,73,1.0862946510314941e-05,False,2.0872192862952943e-14,3.279618993523581e-05,2.429663026326523e-09,3.961775851824001e-09,0.1410640925168991,0.020947812125086784
C0,6000,74,1.0453164577484131e-05,False,1.6986412276764895e-14,6.360955477335839e-05,2.4522469055376916e-09,2.207586391467231e-09,0.1405075490474701,0.032717932015657425
C0,6000,75,1.187250018119812e-05,False,2.1038726316646716e-14,4.7271504555301824e-05,1.2483464262302846e-09,1.4975720663557013e-09,0.14602993428707123,0.031055590137839317
C0,6000,76,7.510185241699219e-06,True,,,,,0.13558490574359894,0.029403597116470337
C0,6000,77,6.8247318267822266e-06,True,,,,,0.14661632478237152,0.03939186409115791
C0,6000,78,1.1533498764038086e-05,False,2.8754776337791554e-14,3.0487049303418168e-05,9.860200433919886e-10,9.860200433919886e-10,0.14795252680778503,0.02931908331811428
C0,6000,79,7.033348083496094e-06,True,,,,,0.09709219634532928,0.045761045068502426
C0,4000,0,1.0341405868530273e-05,False,1.7479073743942308e-14,2.8875948912210347e-05,2.9955934399694684e-09,1.926618420355908e-09,0.10722211003303528,0.028309257701039314
C0,4000,1,1.4029443264007568e-05,False,1.582067810090848e-14,3.235596088304454e-05,2.6464726521346904e-09,3.593592035056048e-09,0.1212330013513565,0.041370291262865067
C0,4000,2,8.597970008850098e-06,True,,,,,0.08104651421308517,0.02972405031323433
C0,4000,3,6.943941116333008e-06,True,,,,,,0.038518115878105164
C0,4000,4,5.8710575103759766e-06,True,,,,,0.13525378704071045,0.029641875997185707
C0,4000,5,7.331371307373047e-06,True,,,,,0.085686594247818,0.033940620720386505
C0,4000,6,9.037554264068604e-06,True,,,,,0.08803395926952362,0.030142007395625114
C0,4000,7,8.553266525268555e-06,True,,,,,0.07983513176441193,0.02895193360745907
C0,4000,8,9.268522262573242e-06,True,,,,,0.11936494708061218,0.024953775107860565
C0,4000,9,9.417533874511719e-06,True,,,,,0.10180186480283737,0.027556488290429115
C0,4000,10,6.303191184997559e-06,True,,,,,0.11721433699131012,0.03387843444943428
C0,4000,11,1.519918441772461e-05,False,2.4591439995447217e-14,3.2898660214025766e-05,4.913639495285338e-09,7.944052304864613e-09,0.23349523544311523,0.028572551906108856
C0,4000,12,1.2159347534179688e-05,False,1.9262369477246466e-14,3.586639094899091e-05,2.500880613709455e-10,1.677741279237921e-10,0.13690085709095,0.021962523460388184
C0,4000,13,1.099705696105957e-05,False,3.108624468950438e-14,4.797470857999253e-05,2.1765247937288734e-10,2.986706392621441e-09,0.13203728199005127,0.028816241770982742
C0,4000,14,1.0818243026733398e-05,False,4.321543123353422e-14,4.210490117509402e-05,5.786865153734055e-10,5.786865153734055e-10,0.09657842665910721,0.025017352774739265
C0,4000,15,5.632638931274414e-06,True,,,,,0.11314205080270767,0.03363547846674919
C0,4000,16,9.357929229736328e-06,True,,,,,0.11975447088479996,0.03140107914805412
C0,4000,17,1.3485550880432129e-05,False,2.8754776337791554e-14,4.947984217701373e-05,3.784494495562285e-09,2.9681485047561296e-09,0.11910352855920792,0.026228182017803192
C0,4000,18,7.808208465576172e-06,True,,,,,0.06020535156130791,0.02892477810382843
C0,4000,19,1.0207295417785645e-05,False,2.105260410445453e-14,3.2597829420930036e-05,6.2223924901516625e-09,6.001154573276324e-09,0.117079958319664,0.02451079897582531
C0,4000,20,1.1324882507324219e-05,False,1.509903313490213e-14,1.951857006793345e-05,4.4799730591904563e-10,4.4799730591904563e-10,0.09538622200489044,0.04864279180765152
C0,4000,21,5.230307579040527e-06,True,,,,,0.057670123875141144,0.03273256868124008
C0,4000,22,1.1548399925231934e-05,False,1.2503886814840826e-14,1.7799588471055505e-05,1.4979031903727957e-09,9.701067726908263e-11,0.1195015236735344,0.043405503034591675
C0,4000,23,7.227063179016113e-06,True,,,,,0.08652659505605698,0.04569729045033455
C0,4000,24,9.164214134216309e-06,True,,,,,0.1624661386013031,0.02503141574561596
C0,4000,25,7.696449756622314e-06,True,,,,,0.11925778537988663,0.03033427894115448
C0,4000,26,1.0034069418907166e-05,False,1.2184697695261093e-14,2.7196820777480868e-05,2.9537772228138692e-09,5.1263943645629695e-09,0.11247746646404266,0.03389422222971916
C0,4000,27,8.016824722290039e-06,True,,,,,0.037185922265052795,0.03288384526968002
C0,4000,28,6.258487701416016e-06,True,,,,,,0.036788180470466614
C0,4000,29,6.616115570068359e-06,True,,,,,,0.04004364460706711
C0,4000,30,1.5810132026672363e-05,False,2.0372592501871623e-14,2.810628204544252e-05,1.4391345337649852e-09,7.957895471061294e-10,0.11446581780910492,0.04492368549108505
C0,4000,31,8.68178904056549e-06,True,,,,,0.14811839163303375,0.03573336824774742
C0,4000,32,5.498528480529785e-06,True,,,,,,0.043657757341861725
C0,4000,33,7.0035457611083984e-06,True,,,,,,0.045121729373931885
C0,4000,34,7.510185241699219e-06,True,,,,,0.05182318016886711,0.03301651403307915
C0,4000,35,6.198883056640625e-06,True,,,,,,0.03679068014025688
C0,4000,36,6.586313247680664e-06,True,,,,,,0.03864433616399765
C0,4000,37,7.4356794357299805e-06,True,,,,,,0.042815785855054855
C0,4000,38,6.973743438720703e-06,True,,,,,,0.03892374783754349
C0,4000,39,6.8675726652145386e-06,True,,,,,,0.048732053488492966
C0,4000,40,7.748603820800781e-06,True,,,,,,0.03923643007874489
C0,4000,41,4.351139068603516e-06,True,,,,,,0.03532934933900833
C0,4000,42,8.754432201385498e-06,True,,,,,0.1708434522151947,0.0368666909635067
C0,4000,43,4.880130290985107e-06,True,,,,,0.09427930414676666,0.03227952867746353
C0,4000,44,6.936490535736084e-06,True,,,,,0.1447344720363617,0.03592206910252571
C0,4000,45,9.134411811828613e-06,True,,,,,0.1083885207772255,0.044512610882520676
C0,4000,46,9.287148714065552e-06,True,,,,,0.11566079407930374,0.03176785632967949
C0,4000,47,1.4822930097579956e-05,False,2.1926904736346842e-14,4.051249059452977e-05,2.7226308985106584e-09,4.565771982711908e-09,0.10107017308473587,0.04201928898692131
C0,4000,48,6.318092346191406e-06,True,,,,,0.1380404531955719,0.036338064819574356
C0,4000,49,7.793307304382324e-06,True,,,,,0.053291406482458115,0.03721119835972786
C0,4000,50,1.019984483718872e-05,False,1.9317880628477724e-14,2.696410744401634e-05,1.2472963772935941e-09,5.240283346141794e-10,0.11794021725654602,0.03455270826816559
C0,4000,51,8.415430784225464e-06,True,,,,,0.08465777337551117,0.04246669262647629
C0,4000,52,1.0952353477478027e-05,False,2.167710455580618e-14,2.483018990115382e-05,1.8259233014461529e-09,1.8259233014461529e-09,0.13334102928638458,0.030754631385207176
C0,4000,53,1.475214958190918e-05,False,2.90878432451791e-14,3.0468477408401515e-05,2.68058297780982e-10,2.68058297780982e-10,0.11440472304821014,0.03165668994188309
C0,4000,54,7.361173629760742e-06,True,,,,,0.09371981769800186,0.03408191725611687
C0,4000,55,8.404254913330078e-06,True,,,,,0.10535334795713425,0.028878383338451385
C0,4000,56,4.947185516357422e-06,True,,,,,0.13875912129878998,0.03422756865620613
C0,4000,57,6.690621376037598e-06,True,,,,,0.18558011949062347,0.04182123765349388
C0,4000,58,4.798173904418945e-06,True,,,,,0.09924197196960449,0.031234407797455788
C0,4000,59,6.087124347686768e-06,True,,,,,0.1944708377122879,0.04131735488772392
C0,4000,60,1.5564262866973877e-05,False,2.070565940925917e-14,4.866860509514237e-05,2.323150782856942e-09,5.699432870098775e-10,0.04239813983440399,0.03363244980573654
C0,4000,61,1.290440559387207e-05,False,2.425837308805967e-14,2.8015448424817402e-05,6.1662022154962415e-09,6.1662022154962415e-09,0.13606742024421692,0.029008708894252777
C0,4000,62,1.5076249837875366e-05,False,2.708944180085382e-14,3.9350367601574676e-05,1.7649463279756361e-09,1.2682569716648828e-09,0.08745784312486649,0.021837085485458374
C0,4000,63,7.331371307373047e-06,True,,,,,0.14655175805091858,0.03726637735962868
C0,4000,64,1.0401010513305664e-05,False,2.2870594307278225e-14,5.0906025871245986e-05,2.749026561943424e-10,4.993837010580648e-10,0.10559660196304321,0.04076484218239784
C0,4000,65,1.0251998901367188e-05,False,2.2662427490161008e-14,3.409664045180005e-05,3.0950687568420676e-09,2.4340323645510864e-09,0.1024879589676857,0.046936217695474625
C0,4000,66,1.7687678337097168e-05,False,2.8449465006019636e-14,4.196990637111986e-05,7.271112600903962e-10,2.4281429644723573e-09,0.14578719437122345,0.04206133633852005
C0,4000,67,6.92903995513916e-06,True,,,,,0.0941232219338417,0.04328789561986923
C0,4000,68,9.18656587600708e-06,True,,,,,0.11601976305246353,0.02243666909635067
C0,4000,69,1.1160969734191895e-05,False,1.8707257964933888e-14,3.64373055843914e-05,3.981915908113365e-10,3.981915908113365e-10,0.07884322851896286,0.019979294389486313
C0,4000,70,1.11311674118042e-05,False,1.426636586643326e-14,3.13991470045627e-05,5.539538827648016e-10,2.4202384540927824e-10,0.0655752569437027,0.013043119572103024
C0,4000,71,1.1220574378967285e-05,False,2.42861286636753e-14,3.6117480488775944e-05,5.143561687681597e-10,5.89219083246828e-10,0.09611263126134872,0.02231067605316639
C0,4000,72,1.1771917343139648e-05,False,2.142730437526552e-14,3.043216372305979e-05,2.845884639057772e-10,5.46378553512028e-10,0.08154179900884628,0.024625608697533607
C0,4000,73,8.702278137207031e-06,True,,,,,0.10029304772615433,0.01866815984249115
C0,4000,74,1.2576580047607422e-05,False,2.3037127760971998e-14,4.1402181931092866e-05,1.312469993797194e-09,7.80735337491123e-11,0.1083851307630539,0.029074393212795258
C0,4000,75,1.3484619557857513e-05,False,2.1864454691211677e-14,3.9078180738033597e-05,6.775209282494643e-10,5.278525394558642e-10,0.0863276943564415,0.02960404008626938
C0,4000,76,6.556510925292969e-06,True,,,,,0.13581988215446472,0.026032937690615654
C0,4000,77,1.1302530765533447e-05,False,1.6542323066914832e-14,3.509093124574869e-05,4.77875905513514e-10,9.053033322992121e-10,0.11578631401062012,0.035492610186338425
C0,4000,78,1.0520219802856445e-05,False,2.606248550307555e-14,3.379304812722861e-05,2.038126667436302e-09,2.038126667436302e-09,0.10961630195379257,0.023931123316287994
C0,4000,79,1.0162591934204102e-05,False,2.6451063561694355e-14,2.811097717403399e-05,4.010609289117895e-09,1.4831449124397267e-09,0.08018618822097778,0.04001016542315483
