arm,step,index,session,FRC,single_FRC,generated_side_mean,target_side_mean,one_to_one_mean
C1,500,0,session0,0.3498412169779457,0.2105377531275219,0.034984121697794565,-0.002243322134388518,-0.006425637313063261
C1,500,1,session0,0.603623597285822,0.603623597285822,0.060362359728582206,0.012059223304398247,0.011509375857925594
C1,500,2,session0,0.7816285422733614,0.5860208725156386,0.07816285422733614,0.025734072000288304,0.02461839755846241
C1,500,3,session0,0.28888524810846405,0.2881507460467554,0.028888524810846406,0.009169731421864502,0.008538765167465528
C1,500,4,session1,1.0184871663697912,1.006367269985261,0.10184871663697911,0.0550285574999308,0.05346658426149502
C1,500,5,session1,0.5943217320040047,0.5943217320040047,0.05943217320040047,0.03310431820848205,0.03222511811131096
C1,500,6,session1,0.7019019910290059,0.7019019910290059,0.07019019910290059,0.03232319309723487,0.031159062339535182
C1,500,7,session1,0.7184008479875326,0.26530061337753263,0.07184008479875326,0.031182880113259436,0.030875661860618814
C1,500,8,session10,0.6790517688158826,0.45537191860359877,0.06790517688158826,0.04384888766359151,0.041082565534123906
C1,500,9,session10,0.5333081059477842,-0.03283814810403669,0.05333081059477842,0.021815765713221955,0.020541100624506516
C1,500,10,session10,0.6102808563649567,0.3282278623035463,0.061028085636495664,0.03382461491001898,0.032988652496156026
C1,500,11,session10,0.7135620822015987,0.6521685710809755,0.07135620822015987,0.03998760731896852,0.03681293700970357
C1,500,12,session11,0.7496567014111695,0.7496567014111695,0.07496567014111695,0.025483689285683474,0.024696075074735358
C1,500,13,session11,0.2474535024469624,0.08139138658703475,0.02474535024469624,0.018218924699085388,0.01655368642008447
C1,500,14,session11,0.2802585047686106,0.2506119105532328,0.02802585047686106,0.015240372370774255,0.014257926904797985
C1,500,15,session11,0.5587960760132566,0.5587960760132566,0.05587960760132567,0.018803890399315966,0.016845483437851375
C1,500,16,session12,0.33146009792344566,0.2542704575691197,0.03314600979234457,0.02507776571785384,0.023479127074662397
C1,500,17,session12,0.8920492360701566,0.8920492360701566,0.08920492360701567,0.03230141573735945,0.03165792445637089
C1,500,18,session12,0.3741348740797421,0.3723662356062503,0.03741348740797421,0.023105780989984,0.022151720462042855
C1,500,19,session12,0.4692590311301837,0.46175530175647,0.04692590311301837,0.03182394066752751,0.030846217926053153
C1,500,20,session13,0.5620137722713875,0.5620137722713875,0.05620137722713875,0.025617580726687406,0.02375262722687003
C1,500,21,session13,0.5728086338643471,0.5665743791844895,0.05728086338643471,0.027635457674221965,0.026869060772185
C1,500,22,session13,0.4471519237432656,0.26419551914828276,0.044715192374326564,0.021930224219222246,0.01992043971471366
C1,500,23,session13,0.6077578264009271,0.5916193123679735,0.060775782640092715,0.030884796149913584,0.028721980377858874
C1,500,24,session14,1.1281984214141092,0.2189238743103216,0.11281984214141091,0.03624383450025619,0.034488415159346156
C1,500,25,session14,0.6210636275027374,0.6044405508777582,0.06210636275027374,0.0360827017806353,0.035011260753794446
C1,500,26,session14,0.5815030586921054,0.5815030586921054,0.058150305869210536,0.023932198979186615,0.023767511599878947
C1,500,27,session14,0.35839063932741855,0.24376733942379547,0.03583906393274185,0.017966539079195966,0.016048448370094694
C1,500,28,session15,0.8691675267148726,0.6608574338596759,0.08691675267148727,0.035213693041371716,0.03509478716665284
C1,500,29,session15,0.23398892259919446,0.08113688621040474,0.023398892259919445,0.01247426482268318,0.011995940912920985
C1,500,30,session15,0.12969857791553568,-0.009898194581024646,0.012969857791553569,0.005665615885173789,0.004554630530111797
C1,500,31,session15,0.3381585539148695,0.287757744250292,0.033815855391486946,0.010578286820271197,0.010388871170166108
C1,500,32,session16,0.3377910412190974,-0.09562922336814919,0.033779104121909743,0.016301582621361284,0.015021911687863598
C1,500,33,session16,0.2576849715641929,0.015668854015589186,0.02576849715641929,0.012374468518508229,0.011090502387981826
C1,500,34,session16,0.5129111692286309,0.5044305222696476,0.05129111692286309,0.020925547517805024,0.019118651850528297
C1,500,35,session16,0.5626780883894426,0.5324791490842264,0.05626780883894426,0.015225879845645843,0.01101134019137234
C1,500,36,session17,0.5750122563318741,-0.17935271356581445,0.057501225633187415,0.01764637866437203,0.01733135304146597
C1,500,37,session17,0.26749776730517844,0.017371424464503453,0.026749776730517844,0.0034395017064553376,0.00042975547746746496
C1,500,38,session17,0.9643986837241938,0.6728599079201517,0.09643986837241939,0.03315492475711845,0.03040511377737139
C1,500,39,session17,0.6946807666384243,0.6578141150436321,0.06946807666384243,0.02719660896103121,0.02420807152805641
C1,500,40,session18,0.5996795497414045,0.04425343392245604,0.059967954974140446,0.02725273266917764,0.02476546316048491
C1,500,41,session18,0.2216058366470892,0.14538378183520279,0.022160583664708917,0.017937094482578242,0.015710604084028437
C1,500,42,session18,0.2744157527769409,0.1957306402612841,0.027441575277694093,0.010318229297359939,0.008183743447791
C1,500,43,session18,0.9440375489106152,0.9440375489106152,0.09440375489106152,0.029682910609715906,0.028488002492124277
C1,500,44,session19,0.4463419204113339,0.44570047188572554,0.04463419204113339,0.02539755882438579,0.024442114404820605
C1,500,45,session19,0.396209610791554,0.396209610791554,0.0396209610791554,0.016555201479785196,0.01494508136734043
C1,500,46,session19,0.4761657435430472,0.18947987241603764,0.04761657435430472,0.019343097438432842,0.017498495327263983
C1,500,47,session19,0.921484332272809,0.9185163583260662,0.0921484332272809,0.04887970959105696,0.045127759825454514
C1,500,48,session2,0.10770373183814398,-0.045522305019909635,0.010770373183814397,0.003919659291131161,0.003249051921847644
C1,500,49,session2,0.10793555597974658,-0.29287052939867064,0.010793555597974657,-0.00026860292705172364,-0.0015859371909616136
C1,500,50,session2,0.7050075118502014,-0.17043410711297222,0.07050075118502014,0.02510450315065809,0.024414387713292553
C1,500,51,session2,0.7925783233507908,0.7771803382118357,0.07925783233507908,0.022027451015491264,0.020580870642748335
C1,500,52,session21,0.8778031865875359,0.8778031865875359,0.08778031865875359,0.028009909646224785,0.02741514677881317
C1,500,53,session21,0.6256160001867088,0.6256160001867088,0.06256160001867088,0.03040607916857017,0.029553866597702656
C1,500,54,session21,0.8662207210054724,0.8662207210054724,0.08662207210054725,0.036202768675507015,0.035398866578050435
C1,500,55,session21,1.1158273108285117,1.1158273108285117,0.11158273108285117,0.047940876663568444,0.04469929773081013
C1,500,56,session3,0.7373734025556212,0.6116888475992905,0.07373734025556213,0.026682769916911774,0.025670273095944107
C1,500,57,session3,0.7755570783869419,0.3444558468211221,0.07755570783869419,0.042488979153553944,0.04073199039920813
C1,500,58,session3,0.6203218521022056,0.5343739121611344,0.06203218521022056,0.028680616435875154,0.0274891208948085
C1,500,59,session3,0.6420389186365306,0.6420389186365306,0.06420389186365306,0.018722679466535774,0.017814270509909785
C1,500,60,session4,0.5429688834751637,0.21747066538010776,0.05429688834751637,0.020876793975593312,0.019540246300459595
C1,500,61,session4,0.7641599312970397,0.7641599312970397,0.07641599312970397,0.00681814328117455,0.0018763154830041986
C1,500,62,session4,0.15957028865084738,-0.069612200664024,0.015957028865084738,0.007690396732146311,0.007162811930037097
C1,500,63,session4,0.6163602603923513,0.6163602603923513,0.061636026039235126,0.004979140231749541,0.0021997236345191544
C1,500,64,session5,0.18064172884215085,0.0018479109542959729,0.018064172884215086,0.0039049601418104096,0.002674565147492191
C1,500,65,session5,0.3058185102530758,0.3030822170888206,0.030581851025307583,0.013362673504829193,0.012999061417247127
C1,500,66,session5,0.5477485610063759,0.4948673291267858,0.05477485610063759,0.028907496284258392,0.028010270299389704
C1,500,67,session5,0.6832961587055116,0.6832961587055116,0.06832961587055117,0.013475945655827184,0.01302603061208124
C1,500,68,session6,0.05131773214368847,0.011819540472484291,0.0051317732143688465,0.0025686874972337824,0.0023367517258521845
C1,500,69,session6,0.4187507704015624,0.4056757233206473,0.041875077040156236,0.016517940625977952,0.015012646718025529
C1,500,70,session6,0.11975701318854028,-0.02920997906063066,0.011975701318854028,0.0060373058888160665,0.00537042872086177
C1,500,71,session6,0.10040471304058966,-0.011420370107551418,0.010040471304058966,0.004964660479740766,0.0042890789100830514
C1,500,72,session7,0.3661429051661688,0.3661429051661688,0.03661429051661688,0.007263193413768644,0.006618340186475844
C1,500,73,session7,0.2509103568675913,0.2474784021026631,0.025091035686759126,0.0051033035405242295,0.0035984696673071062
C1,500,74,session7,0.21413458837873403,0.14022666546089954,0.021413458837873402,0.004999091372564879,0.0037782123218914206
C1,500,75,session7,0.23271471289099332,0.2008583114480663,0.023271471289099333,0.009454483925834688,0.008651792203395191
C1,500,76,session9,0.48737727913025636,0.38664917884328776,0.048737727913025636,0.031130101417860923,0.030122854746977318
C1,500,77,session9,0.434049474689539,0.17949327353337596,0.0434049474689539,0.03392274181831586,0.02952984192253664
C1,500,78,session9,0.6289625922175941,0.6289625922175941,0.06289625922175941,0.02191681438110466,0.021111565936417935
C1,500,79,session9,0.30695631512279103,0.3032115138732555,0.030695631512279102,0.02418333552818691,0.021458954370654714
C0,500,0,session0,0.22909723364201628,0.21727267717040238,0.022909723364201627,-0.00029500318617359624,-0.001460609848075501
C0,500,1,session0,0.4338236527422281,0.4338236527422281,0.04338236527422281,0.011401491980994098,0.010476980194842802
C0,500,2,session0,0.9102717931667172,0.6498117197678922,0.09102717931667173,0.026506409734267006,0.025624939247771056
C0,500,3,session0,0.21610294574934572,0.14930827018375578,0.02161029457493457,0.01223272826074443,0.010228088478625878
C0,500,4,session1,0.7635373446063166,0.7459744132042998,0.07635373446063166,0.0459281223088996,0.03946203102317415
C0,500,5,session1,0.5141867700575582,0.5122087751579508,0.05141867700575582,0.027619226096138715,0.026633180649242146
C0,500,6,session1,0.6822952352687498,0.6822952352687498,0.06822952352687497,0.03378268285239431,0.032042485550467535
C0,500,7,session1,0.5875673336505666,0.3345776273454154,0.05875673336505666,0.027834804759286718,0.026890217855278276
C0,500,8,session10,0.6562967834726681,0.4609889220777469,0.06562967834726681,0.041920317922526776,0.039223450487198525
C0,500,9,session10,0.49683385398196483,0.022548862212726502,0.049683385398196486,0.021943072280130767,0.020294247542601136
C0,500,10,session10,0.610550898047571,0.41321126386709517,0.0610550898047571,0.034676127478269585,0.03139408815624285
C0,500,11,session10,0.669029985967774,0.6178688440394509,0.0669029985967774,0.037570413989687204,0.035881038453484386
C0,500,12,session11,0.6790058865849106,0.6790058865849106,0.06790058865849105,0.026499635555990463,0.026022927830528286
C0,500,13,session11,0.24430807761946124,0.09626986247735922,0.024430807761946123,0.014951283401998227,0.013781855186148282
C0,500,14,session11,0.20585909534543453,0.19587800051704007,0.020585909534543454,0.011238504967756103,0.010258243746767124
C0,500,15,session11,0.40776763473253524,0.40776763473253524,0.04077676347325353,0.015983854176259436,0.015285446235797437
C0,500,16,session12,0.2594065996848505,0.1314701105272025,0.025940659968485054,0.02047796990825728,0.018902971479528394
C0,500,17,session12,0.8504595900598549,0.8504595900598549,0.0850459590059855,0.03720426312681102,0.036279120636853276
C0,500,18,session12,0.32487170275044847,0.29904330592156403,0.032487170275044844,0.01824349020616546,0.017715671411246657
C0,500,19,session12,0.49967532579532936,0.48910453127645415,0.04996753257953294,0.029143320558356955,0.02858649295188867
C0,500,20,session13,0.540940715363886,0.540940715363886,0.0540940715363886,0.025422343216606403,0.023721825298561965
C0,500,21,session13,0.46957261875372935,0.46957261875372935,0.046957261875372934,0.021914332631902674,0.02138175164442396
C0,500,22,session13,0.4743549982076963,0.24065916014177136,0.047435499820769625,0.02332863048093891,0.020820604354196953
C0,500,23,session13,0.5137377791137233,0.5085409773370926,0.051373777911372334,0.024518917737649797,0.02375629450444321
C0,500,24,session14,0.8150583213801204,0.2568670427106978,0.08150583213801203,0.03152082125444468,0.02759119369920664
C0,500,25,session14,0.48689087601049486,0.44873460216269045,0.04868908760104949,0.02896558873464326,0.0265905697107008
C0,500,26,session14,0.36567196241519423,0.3506829198847593,0.036567196241519426,0.022200784082808605,0.02163913514633372
C0,500,27,session14,0.2649082536230794,0.14491366127815714,0.02649082536230794,0.01571272142248498,0.014386047965460327
C0,500,28,session15,0.7272034376320536,0.49909627066996826,0.07272034376320537,0.032806259651078445,0.02922222758155042
C0,500,29,session15,0.15359978406611266,0.07384974716615562,0.015359978406611265,0.009492084883088319,0.00857093308126673
C0,500,30,session15,0.08356616783944279,-0.012005459169378271,0.008356616783944278,0.005601436386626999,0.004921798978132314
C0,500,31,session15,0.2889532556450382,0.1597642479647688,0.02889532556450382,0.007870445846890815,0.006799806104655831
C0,500,32,session16,0.3196567020896632,-0.024006417190771387,0.03196567020896632,0.013994442545924721,0.011233667676927506
C0,500,33,session16,0.181879077258574,-0.00720036800518635,0.018187907725857398,0.010085814312652683,0.009070366011640157
C0,500,34,session16,0.40614969884249275,0.40614969884249275,0.04061496988424927,0.017474554381520787,0.01500467944985289
C0,500,35,session16,0.4036413036735465,0.3801210327493439,0.04036413036735465,0.010509097988434215,0.0075043723915201215
C0,500,36,session17,0.5213822067153837,-0.15786620316489128,0.05213822067153837,0.020815931385416996,0.019382686755014835
C0,500,37,session17,0.2570869081176782,0.035114494922147486,0.02570869081176782,0.004900895782394452,0.003249843231484103
C0,500,38,session17,0.7278012411075183,0.46727798488772604,0.07278012411075183,0.0263104284498075,0.022949006251254546
C0,500,39,session17,0.5750811217704004,0.5750811217704004,0.057508112177040036,0.021492240325376742,0.017333075232426474
C0,500,40,session18,0.42036392909233167,0.018891110060703136,0.04203639290923317,0.02110911121147729,0.019405267893876334
C0,500,41,session18,0.18360241783957298,0.1051796156809513,0.018360241783957298,0.016014712087409025,0.01368191365350305
C0,500,42,session18,0.3914890842082814,0.21744339749463035,0.03914890842082814,0.01593057068525378,0.014231189000916699
C0,500,43,session18,0.8644154564159167,0.8644154564159167,0.08644154564159166,0.025059246512873855,0.024189622997473258
C0,500,44,session19,0.44374083995788194,0.4140454454346255,0.0443740839957882,0.024644423607109077,0.02418352714052511
C0,500,45,session19,0.4220305521588725,0.41706300479180713,0.04220305521588725,0.017136195215901814,0.016311837359215587
C0,500,46,session19,0.42469192188742816,0.11323117210866185,0.042469192188742816,0.015355755787881115,0.014580007941293069
C0,500,47,session19,0.946195755667813,0.946195755667813,0.0946195755667813,0.04253818695045372,0.0413115878442636
C0,500,48,session2,0.13052415394929617,-0.05740002088351798,0.013052415394929618,0.004934784511156511,0.004207078430882231
C0,500,49,session2,0.0731983738163844,-0.2883604924908271,0.0073198373816384405,-0.0007934766297333,-0.003106182880360854
C0,500,50,session2,0.6082815700325318,-0.15180301066982926,0.06082815700325318,0.023489396246907462,0.02249371990517427
C0,500,51,session2,0.7653681857270686,0.7231712658962571,0.07653681857270686,0.020508452255348968,0.019368033922910012
C0,500,52,session21,0.85102516696856,0.85102516696856,0.085102516696856,0.023787021134800582,0.021142690413883152
C0,500,53,session21,0.6174463802013355,0.6174463802013355,0.061744638020133545,0.03185898598754082,0.031206799056054123
C0,500,54,session21,0.8305576195444747,0.8305576195444747,0.08305576195444747,0.037063887330862154,0.03642578143309958
C0,500,55,session21,1.1156364875264422,1.1156364875264422,0.11156364875264421,0.04478347936111078,0.04442365707141317
C0,500,56,session3,0.6480592546256482,0.5972852887768307,0.06480592546256482,0.029143184389933748,0.027884492959549294
C0,500,57,session3,0.8354940445475747,0.2719017384906759,0.08354940445475748,0.04159270531825185,0.040273903048801483
C0,500,58,session3,0.5185877250286389,0.38114631446153147,0.051858772502863894,0.02577670602062851,0.02525809230841904
C0,500,59,session3,0.6785341588985544,0.6785341588985544,0.06785341588985544,0.017412941029271295,0.01732952722582462
C0,500,60,session4,0.4236353592882828,0.14582862772483296,0.04236353592882828,0.01957819867455182,0.018310184888613946
C0,500,61,session4,0.7383567527720994,0.7383567527720994,0.07383567527720994,0.0010104669693678232,-0.002626164987189828
C0,500,62,session4,0.19796302878556074,-0.03802856070465377,0.019796302878556073,0.008469609330672537,0.007179372142591423
C0,500,63,session4,0.47054946387264024,0.47054946387264024,0.04705494638726403,-0.0015237740214755584,-0.004058406145385009
C0,500,64,session5,0.14657887037220274,0.05700970908808407,0.014657887037220273,0.0008769834154204329,-0.0006050346987059212
C0,500,65,session5,0.27313690886181097,0.27313690886181097,0.027313690886181095,0.009065081979975615,0.008382578110322442
C0,500,66,session5,0.6265695882089837,0.4969443271132918,0.06265695882089836,0.030695551677975618,0.02865738119586065
C0,500,67,session5,0.6574514541516944,0.6574514541516944,0.06574514541516943,0.01301706177629861,0.011604502571038344
C0,500,68,session6,0.05978329798472271,0.00021527004518921743,0.005978329798472271,0.0011891961024830674,0.0007776486265299428
C0,500,69,session6,0.4322905884282563,0.4322905884282563,0.04322905884282563,0.01652135267264484,0.015052292318043942
C0,500,70,session6,0.11578870709158284,-0.007037366428787396,0.011578870709158284,0.004110913649787942,0.003720541510495465
C0,500,71,session6,0.117101335581203,-0.024852208245289453,0.011710133558120301,0.00399574158423062,0.0035963539072984643
C0,500,72,session7,0.28080830021815867,0.28080830021815867,0.028080830021815866,0.005387692768224877,0.0042144673436324024
C0,500,73,session7,0.244811971578272,0.15219849993465773,0.0244811971578272,0.0022849725236736606,0.0013816757901571552
C0,500,74,session7,0.23094558182665878,0.12570892929774355,0.023094558182665877,0.0049190094393340884,0.0036414909767033903
C0,500,75,session7,0.2164433727246055,0.18436576663154336,0.02164433727246055,0.008314113524818038,0.0068000061745472
C0,500,76,session9,0.45636054727577724,0.41111265345044884,0.04563605472757772,0.03042679015730553,0.0293545211416055
C0,500,77,session9,0.43840527100110993,0.25491816724534994,0.04384052710011099,0.0342933480023136,0.032798648466345295
C0,500,78,session9,0.5894725510551646,0.5894725510551646,0.05894725510551646,0.0196856525335261,0.018650095955653083
C0,500,79,session9,0.3716310693136163,0.2981990684880837,0.03716310693136163,0.024873267889833975,0.024110500936422273
C1,2000,0,session0,0.2969664320673814,0.267492795902227,0.02969664320673814,-0.005042498654765735,-0.007438514105610269
C1,2000,1,session0,0.4178298252226323,0.4178298252226323,0.04178298252226323,0.01321278030566297,0.011878552058150135
C1,2000,2,session0,0.6874079981114725,0.4987554275600044,0.06874079981114725,0.02426002642825047,0.023559790789876266
C1,2000,3,session0,0.33319290541557905,0.3272524216727356,0.033319290541557904,0.01366980676466406,0.011943021619665843
C1,2000,4,session1,1.0265005948545043,1.0265005948545043,0.10265005948545043,0.055154824152650016,0.05053174257230646
C1,2000,5,session1,0.6610879209820831,0.6576697078631689,0.06610879209820832,0.03582509703576868,0.029423841574004093
C1,2000,6,session1,0.7068365603674763,0.6613778327956862,0.07068365603674763,0.036175880953037226,0.032435496447678056
C1,2000,7,session1,0.750547895755284,0.2791770591846672,0.0750547895755284,0.035148630019376466,0.032471092465649685
C1,2000,8,session10,0.47692310487335915,0.20256257524558713,0.047692310487335916,0.032895374488216333,0.023572932201972846
C1,2000,9,session10,0.41889173058188955,-0.22294100212701357,0.041889173058188955,0.019180130730609174,0.01621054139157168
C1,2000,10,session10,0.46279386306318265,0.24885174178859473,0.04627938630631827,0.02477000885241456,0.0234145985594159
C1,2000,11,session10,0.628705860961131,0.6031406868519607,0.0628705860961131,0.03806607517677979,0.0339898281789182
C1,2000,12,session11,0.7145254554589842,0.7145254554589842,0.07145254554589842,0.023803787648519613,0.02097148390446794
C1,2000,13,session11,0.1488860424464581,0.030340439926274047,0.014888604244645809,0.007860724497638357,0.006721124450383124
C1,2000,14,session11,0.18910306920209635,0.17355848222296524,0.018910306920209636,0.011346070372462002,0.009454129083693663
C1,2000,15,session11,0.42238150234544874,0.3954819830998484,0.04223815023454487,0.01732172603796047,0.01581560364308547
C1,2000,16,session12,0.3171875426693324,0.1109800422235537,0.03171875426693324,0.02072013589184533,0.019718168198813238
C1,2000,17,session12,0.7095235692189827,0.7095235692189827,0.07095235692189827,0.03556685160413759,0.033199464739404716
C1,2000,18,session12,0.35090037580757305,0.3467138732083541,0.03509003758075731,0.021455691400027226,0.018691392683884124
C1,2000,19,session12,0.4265597570428617,0.4172886013127021,0.04265597570428617,0.03003016541975296,0.026189009425027533
C1,2000,20,session13,0.6612121854510626,0.6612121854510626,0.06612121854510626,0.03370735697322924,0.02889957683957568
C1,2000,21,session13,0.49356536370180487,0.49356536370180487,0.04935653637018049,0.02213240335483547,0.01888984048735522
C1,2000,22,session13,0.5575049263440652,0.3922720099421713,0.055750492634406526,0.026995284671503868,0.021924704085672698
C1,2000,23,session13,0.5495962653167846,0.549033982047628,0.05495962653167846,0.03987961731114868,0.03144363683271616
C1,2000,24,session14,0.8268855864124534,0.3321299014695782,0.08268855864124533,0.03967150027049497,0.034331873120305965
C1,2000,25,session14,0.5662653859508455,0.5213303607173554,0.056626538595084555,0.039255027449300414,0.031375124777077115
C1,2000,26,session14,0.44086683589664216,0.42134861012402797,0.044086683589664215,0.027979394847084255,0.024062423875782935
C1,2000,27,session14,0.2676571117888309,0.22153694907936428,0.02676571117888309,0.016641233053826414,0.014348487612370394
C1,2000,28,session15,0.8352990690503135,0.7384246568880763,0.08352990690503134,0.03931435447074844,0.03447647088148085
C1,2000,29,session15,0.19544682570471533,0.056926031110173345,0.019544682570471532,0.01060071958113958,0.008989382798940059
C1,2000,30,session15,0.1603816682869489,-0.0019794418977706683,0.01603816682869489,0.007931979247606758,0.005881190886142121
C1,2000,31,session15,0.40433784740444556,0.23740980351793892,0.04043378474044455,0.01488978465084494,0.01252611662182429
C1,2000,32,session16,0.4203563430361517,-0.12945508622018664,0.04203563430361517,0.017027036205487994,0.014886200282267819
C1,2000,33,session16,0.2231136111179874,0.12538097341206567,0.02231136111179874,0.014859902576613815,0.013527583441121949
C1,2000,34,session16,0.5462827385246142,0.5462827385246142,0.05462827385246142,0.021092048259134355,0.01890580921631464
C1,2000,35,session16,0.5692101418376952,0.5166018748438719,0.056921014183769526,0.016414995635825158,0.013664920321153459
C1,2000,36,session17,0.5215016309059858,-0.1420689920063452,0.05215016309059858,0.02158775356540424,0.01915757667877534
C1,2000,37,session17,0.33759250307416205,0.014290370718632331,0.03375925030741621,0.005819922277568733,0.0035667412860827656
C1,2000,38,session17,0.9527421291171949,0.6149955233283787,0.09527421291171949,0.030952806824152402,0.025536699539165063
C1,2000,39,session17,0.6331123886804682,0.6205415776759017,0.06331123886804682,0.01808884962271368,0.01590856328069519
C1,2000,40,session18,0.40128617341052913,0.0018829943600462097,0.04012861734105291,0.018893558664755474,0.017846461380968064
C1,2000,41,session18,0.28038246376661996,0.2657982687521031,0.028038246376661996,0.01706886554817854,0.013975737535525359
C1,2000,42,session18,0.23022224001670294,0.12226687802985398,0.023022224001670293,0.012938105688917317,0.006134253443378113
C1,2000,43,session18,0.7232399141644195,0.7232399141644195,0.07232399141644194,0.029005284028290564,0.01931625198053187
C1,2000,44,session19,0.42266165299610997,0.39283661035082057,0.042266165299611,0.02477825430133872,0.019938025970953538
C1,2000,45,session19,0.39883885178984646,0.3732434502014925,0.03988388517898465,0.020182345294449323,0.016526264898376282
C1,2000,46,session19,0.44387393099080374,0.1012572574108352,0.04438739309908037,0.020739870742119235,0.017244016569654404
C1,2000,47,session19,0.830936115937847,0.830936115937847,0.0830936115937847,0.048271668561877604,0.039549433541482715
C1,2000,48,session2,0.2565934752310568,-0.08637232117022549,0.02565934752310568,0.010835087608594387,0.009018582468088933
C1,2000,49,session2,0.11817542959775536,-0.1950771990276135,0.011817542959775535,0.00011678974871530897,-0.002817565598184473
C1,2000,50,session2,0.6288836252996031,-0.1224795691315156,0.0628883625299603,0.025385289821261127,0.022576763828355644
C1,2000,51,session2,0.7580493505233777,0.7476511851469804,0.07580493505233778,0.02171668959820184,0.016137682639515684
C1,2000,52,session21,0.8283840687513178,0.8283840687513178,0.08283840687513178,0.023888643038871477,0.022939216525219436
C1,2000,53,session21,0.44609894796807636,0.44609894796807636,0.04460989479680764,0.023548208565405578,0.020846744154234237
C1,2000,54,session21,0.7438040327565023,0.7438040327565023,0.07438040327565024,0.03175511604616756,0.029635706479045686
C1,2000,55,session21,1.0141207904021605,1.0141207904021605,0.10141207904021605,0.041874617833622604,0.03903152837681451
C1,2000,56,session3,0.6737805951971523,0.4881926702708198,0.06737805951971523,0.029953537467664142,0.02194660459590641
C1,2000,57,session3,0.6689003757209958,0.2526271258468564,0.06689003757209958,0.04919942009524737,0.036840868327219785
C1,2000,58,session3,0.5902026485057208,0.5607232486936825,0.05902026485057208,0.031055307612711296,0.02834028940092557
C1,2000,59,session3,0.4550161848811597,0.4550161848811597,0.04550161848811597,0.014491654354837968,0.011088480679978332
C1,2000,60,session4,0.4420068902557842,0.15802597502367485,0.04420068902557842,0.01804565206347609,0.016769107884701866
C1,2000,61,session4,0.5523143516658591,0.5523143516658591,0.05523143516658591,0.004294927079089978,0.0036213148996273605
C1,2000,62,session4,0.11570052255296807,0.03688215435726504,0.011570052255296807,0.0074001656534829156,0.006440404312463505
C1,2000,63,session4,0.4791657431331628,0.4791657431331628,0.04791657431331628,0.002199154870149399,-0.00027411872266773984
C1,2000,64,session5,0.1531687392563153,0.016883685764772633,0.01531687392563153,0.0035165343068306086,0.0025128218918475695
C1,2000,65,session5,0.2643178372459019,0.2584386808116757,0.02643178372459019,0.013605682582465774,0.01079899332933572
C1,2000,66,session5,0.5117364142752482,0.4664224118669724,0.05117364142752482,0.029623954784606443,0.027731479340394417
C1,2000,67,session5,0.7851330079924077,0.7851330079924077,0.07851330079924076,0.015673972787989363,0.014129503451949747
C1,2000,68,session6,0.06321868989163283,0.04358277324874814,0.006321868989163283,0.0032946429893421017,0.0014488035445739903
C1,2000,69,session6,0.29256874515380654,0.29256874515380654,0.029256874515380654,0.0133293510127033,0.0106127771060454
C1,2000,70,session6,0.06060520883046505,0.010667324268545046,0.0060605208830465055,0.005953219561852894,0.002799279806295557
C1,2000,71,session6,0.11849612961180264,0.003842455665789242,0.011849612961180265,0.005717534912283137,0.004230700387915476
C1,2000,72,session7,0.3027131342468674,0.3027131342468674,0.03027131342468674,0.008440679941695325,0.006280605070755426
C1,2000,73,session7,0.23064698493672073,0.16579932825238744,0.023064698493672074,0.0022855064802751643,0.0013407471700818984
C1,2000,74,session7,0.18192390273172268,0.14360379328532916,0.01819239027317227,0.0060058187933502375,0.004868356547103906
C1,2000,75,session7,0.270383993328018,0.15192940426299847,0.027038399332801798,0.01139061094566764,0.009889027417336873
C1,2000,76,session9,0.5464545346946587,0.4275552115941808,0.054645453469465866,0.03258017287306203,0.03141390184190348
C1,2000,77,session9,0.3958447886259746,0.11946977070360877,0.03958447886259746,0.027934627589337246,0.02534529454279909
C1,2000,78,session9,0.5049804878212666,0.5049804878212666,0.05049804878212666,0.018276658141573435,0.017295010541678996
C1,2000,79,session9,0.28145858779553257,0.2768642345604296,0.028145858779553258,0.019836219264663772,0.01844429029121689
C2,500,0,session0,0.38238863640098664,0.38238863640098664,0.038238863640098666,-0.009123323253885679,-0.009870559017820768
C2,500,1,session0,0.6040196242050229,0.6040196242050229,0.06040196242050229,0.008211169131696231,0.007818929325139489
C2,500,2,session0,0.9999117222400825,0.7774784989425481,0.09999117222400825,0.029038148803514796,0.028191191733207575
C2,500,3,session0,0.24986547882378143,0.24820861894698526,0.024986547882378144,0.0076712412460042696,0.007438216011788283
C2,500,4,session1,0.9130194055388123,0.9130194055388123,0.09130194055388123,0.04610555430647244,0.04298534087199906
C2,500,5,session1,0.535064338959979,0.535064338959979,0.05350643389599789,0.029010665795470857,0.02785907043182493
C2,500,6,session1,0.7970253076380174,0.7970253076380174,0.07970253076380174,0.029306900840608375,0.028495790761060395
C2,500,7,session1,0.6831838433915369,0.3617433105471376,0.06831838433915369,0.025493612792060926,0.023671179544012173
C2,500,8,session10,0.7487818909739752,0.48488581900865624,0.07487818909739752,0.03978672718414008,0.03919968455994174
C2,500,9,session10,0.6836269514740051,-0.07019135932171938,0.06836269514740051,0.021507241217352917,0.02086774381109046
C2,500,10,session10,0.7790015879716189,0.2407181225198391,0.07790015879716189,0.03280592222532833,0.0324020758391083
C2,500,11,session10,0.7642499348718522,0.7290259167765135,0.07642499348718522,0.037547736235677885,0.03753179636065794
C2,500,12,session11,0.9666032438552153,0.9666032438552153,0.09666032438552154,0.025753110515614734,0.025131926970527057
C2,500,13,session11,0.2672656692247088,0.17610924102732298,0.026726566922470878,0.014261675764657722,0.013131425872099964
C2,500,14,session11,0.31010912088457965,0.31010912088457965,0.031010912088457965,0.013419301421783974,0.01111844205009645
C2,500,15,session11,0.5828430201686721,0.5828430201686721,0.058284302016867205,0.016798884769323195,0.01599349685208264
C2,500,16,session12,0.366834172555892,0.3072341688741227,0.0366834172555892,0.025346140086102826,0.024574189842904753
C2,500,17,session12,0.8492804583672356,0.8492804583672356,0.08492804583672356,0.030450992874921663,0.028801650312503913
C2,500,18,session12,0.4038804372314587,0.4038804372314587,0.040388043723145875,0.01947602356730275,0.01898318739489393
C2,500,19,session12,0.49760132377477995,0.49760132377477995,0.04976013237747799,0.02966901236985544,0.028599878124828094
C2,500,20,session13,0.687644076771842,0.687644076771842,0.0687644076771842,0.02271955156939209,0.021048393265675872
C2,500,21,session13,0.687929712772544,0.687929712772544,0.0687929712772544,0.02576195131376009,0.024908486612560326
C2,500,22,session13,0.4343048181016323,0.31438142470894587,0.04343048181016323,0.019627945811068578,0.017853749559593304
C2,500,23,session13,0.7238465515676292,0.7238465515676292,0.07238465515676293,0.02405757727292116,0.022621666134915727
C2,500,24,session14,1.2410761027705048,0.30458826227715474,0.12410761027705049,0.03529682949199888,0.034559745849811675
C2,500,25,session14,0.707018464043323,0.707018464043323,0.0707018464043323,0.032110972710959085,0.031686836314589184
C2,500,26,session14,0.5769968688306208,0.5769968688306208,0.05769968688306208,0.021998222236852195,0.02116721690356762
C2,500,27,session14,0.329248636381513,0.20164909674156328,0.0329248636381513,0.013824586239766627,0.013227387786077682
C2,500,28,session15,0.9957032201948572,0.6668133703583977,0.09957032201948572,0.04162995417050827,0.038202599453766875
C2,500,29,session15,0.21438294136324387,0.16812438271961375,0.021438294136324386,0.01341616270172355,0.012586310787709065
C2,500,30,session15,0.13327345528231518,-0.02858417091331032,0.013327345528231518,0.006456609999613984,0.006320258145946246
C2,500,31,session15,0.366445292788624,0.27141209276651346,0.0366445292788624,0.011624103038991983,0.010264740999775927
C2,500,32,session16,0.47923850981093435,-0.10266592132931511,0.04792385098109343,0.01544730887031781,0.014833048950101912
C2,500,33,session16,0.22282862078639892,-0.09279092764258752,0.022282862078639894,0.009026539307258625,0.008138024059227273
C2,500,34,session16,0.5281214732180427,0.5281214732180427,0.05281214732180427,0.016217427361737043,0.015046271077579864
C2,500,35,session16,0.5763015559977986,0.5499679139040867,0.05763015559977987,0.012100018395744538,0.00886786330329076
C2,500,36,session17,0.7455206779964767,-0.30680022030409543,0.07455206779964767,0.018411170155274735,0.018076092153568184
C2,500,37,session17,0.31941448190540217,0.08195307218358006,0.03194144819054022,0.0016840943982505483,-0.0008706745516749031
C2,500,38,session17,1.010291764539391,0.7308855268168368,0.10102917645393909,0.03432699111612759,0.030979413842040292
C2,500,39,session17,0.7081678658103827,0.673412774470564,0.07081678658103827,0.027666760957204172,0.025153872036670476
C2,500,40,session18,0.7376421257971221,0.08282005599714443,0.0737642125797122,0.02935976069439326,0.028482041972515602
C2,500,41,session18,0.32409393533739345,0.12322033087342751,0.032409393533739346,0.015376196066562204,0.014549611782494577
C2,500,42,session18,0.3279119341294022,0.2773507928697175,0.03279119341294022,0.012142030527504857,0.011410535617758155
C2,500,43,session18,1.1424158600348642,1.1424158600348642,0.11424158600348641,0.029979245250233082,0.02922728164252858
C2,500,44,session19,0.4908048407514966,0.4908048407514966,0.04908048407514966,0.02535088591982307,0.024884082384756857
C2,500,45,session19,0.5236069832102968,0.5236069832102968,0.05236069832102967,0.014882362818168349,0.013222045824357504
C2,500,46,session19,0.5353948357876521,0.17044277088047313,0.053539483578765215,0.01944978118943499,0.018473476951140533
C2,500,47,session19,1.1317288638840348,1.1317288638840348,0.11317288638840348,0.051095997787855896,0.047780817714844125
C2,500,48,session2,0.16193393020751431,-0.1233500209410886,0.016193393020751432,0.0020998147857916845,0.0015133890148996323
C2,500,49,session2,0.12376931202730251,-0.23351120743578507,0.012376931202730252,-0.0012324753732245162,-0.0017101715125222839
C2,500,50,session2,0.7474805712244033,-0.16929965413597037,0.07474805712244033,0.024282166146943743,0.023515234981074662
C2,500,51,session2,0.9673660464177652,0.9673660464177652,0.09673660464177652,0.02318702095800524,0.02199591290456957
C2,500,52,session21,1.0971206048770596,1.0971206048770596,0.10971206048770596,0.027148909198845838,0.02673151320978782
C2,500,53,session21,0.6710953212147448,0.6710953212147448,0.06710953212147448,0.029694513946726703,0.02905840703380605
C2,500,54,session21,1.0044762568423298,1.0044762568423298,0.10044762568423297,0.03614648682040001,0.03435081938754701
C2,500,55,session21,1.2436398045172812,1.2436398045172812,0.12436398045172811,0.046588957456741284,0.044773356292555605
C2,500,56,session3,0.8006081330364018,0.7856746804185211,0.08006081330364018,0.024738500601634884,0.023707817949687657
C2,500,57,session3,0.9598232113578777,0.3696045540466729,0.09598232113578778,0.04792681455626314,0.04690830431636274
C2,500,58,session3,0.7620163666136821,0.6454488794569028,0.07620163666136821,0.032062642103051125,0.03150063401602646
C2,500,59,session3,0.8068032794759608,0.8068032794759608,0.08068032794759608,0.01848551945191679,0.017115256109523504
C2,500,60,session4,0.569172963454194,0.22028699382767977,0.0569172963454194,0.017943412047563757,0.016099658993156418
C2,500,61,session4,0.9434029520388362,0.9434029520388362,0.09434029520388362,-0.0011621667473642775,-0.0031194324615840775
C2,500,62,session4,0.19019948718779128,-0.14075089215782427,0.01901994871877913,0.007557981994924502,0.0071106549214847315
C2,500,63,session4,0.6178528967797675,0.6178528967797675,0.06178528967797675,-0.003293840769652657,-0.004926978010921702
C2,500,64,session5,0.11027361354870605,0.05752185074302312,0.011027361354870605,-0.00031134069469084127,-0.0006486584344699434
C2,500,65,session5,0.23472789489997295,0.23133910889896114,0.023472789489997294,0.010841456080906578,0.010479151609550302
C2,500,66,session5,0.6974010752814089,0.5845539258915409,0.06974010752814089,0.028668126494282707,0.028371155521054438
C2,500,67,session5,0.7409411610107128,0.7409411610107128,0.07409411610107128,0.011693597426537514,0.011277596840572337
C2,500,68,session6,0.05292475054634106,0.02992352858072695,0.005292475054634106,0.0019989157972272564,0.0007118698942824665
C2,500,69,session6,0.4786696841231927,0.4670102567814158,0.04786696841231927,0.01860020480893105,0.01825378459574293
C2,500,70,session6,0.09344033706201718,0.019584412418174973,0.009344033706201718,0.005131157092959893,0.004748534251721173
C2,500,71,session6,0.08092732728264718,-0.042431147039831356,0.008092732728264718,0.002218099073287415,0.0013209086275117556
C2,500,72,session7,0.4076525931599584,0.4076525931599584,0.04076525931599584,0.00515205634055356,0.004569713477334876
C2,500,73,session7,0.24843778988123222,0.23168990107469417,0.024843778988123223,0.0007372134980566039,2.3472696170804413e-05
C2,500,74,session7,0.19753669074694385,0.18132587906177136,0.019753669074694384,0.002247917431132459,0.0018236314091041328
C2,500,75,session7,0.2656275715590974,0.24951397459996055,0.02656275715590974,0.008035391277069715,0.007678956021437191
C2,500,76,session9,0.561961606245717,0.44598438476885444,0.0561961606245717,0.03140075447744036,0.028836358549487802
C2,500,77,session9,0.45017192983431786,0.15709541700986795,0.045017192983431785,0.030579711902605843,0.030006309433029517
C2,500,78,session9,0.8185144591679263,0.8185144591679263,0.08185144591679264,0.018457257185647336,0.01720812950540326
C2,500,79,session9,0.38063563925057103,0.3673402264677363,0.0380635639250571,0.02220346797643404,0.021229727888600097
C2,128,0,session0,0.2798994702630336,0.2798994702630336,0.027989947026303356,-0.007614909160304509,-0.007769849238859738
C2,128,1,session0,0.4319598791728305,0.4319598791728305,0.04319598791728305,0.004450892766220229,0.004304334862747706
C2,128,2,session0,0.6935199588946424,0.4761276714034655,0.06935199588946424,0.016947256413687516,0.016512925438422078
C2,128,3,session0,0.1686336277824795,0.16852572366485408,0.016863362778247952,0.002622930841446498,0.0025490534672330833
C2,128,4,session1,0.7432568866126129,0.7432568866126129,0.0743256886612613,0.034287811139298914,0.03366082285658155
C2,128,5,session1,0.36522935478613505,0.36522935478613505,0.0365229354786135,0.020495515130044033,0.018523835882968482
C2,128,6,session1,0.45515580948088735,0.45515580948088735,0.04551558094808873,0.02058716064169335,0.02038222568603347
C2,128,7,session1,0.5615894830325655,0.3158001999241818,0.05615894830325655,0.017651288202404768,0.01700404787902719
C2,128,8,session10,0.38836066597075575,0.22949966227448937,0.03883606659707557,0.022753887107449827,0.020782714746996694
C2,128,9,session10,0.40819385357597027,0.03084796980513807,0.04081938535759703,0.012984183537463561,0.012458914733210908
C2,128,10,session10,0.46673492275437206,0.12762637184346343,0.046673492275437205,0.019840477536875678,0.01773119717102738
C2,128,11,session10,0.4703519188710841,0.4430791452491645,0.047035191887108405,0.02338417727986974,0.0229425221588827
C2,128,12,session11,0.6811711613923829,0.6811711613923829,0.06811711613923829,0.01859798021415375,0.018187317509812957
C2,128,13,session11,0.13782970419517787,0.03588414228387299,0.013782970419517787,0.005530644443770445,0.0053118960941486455
C2,128,14,session11,0.1694412592221371,0.11859429474734258,0.01694412592221371,0.007832811258556099,0.0074545048488622425
C2,128,15,session11,0.4127116474772288,0.4127116474772288,0.04127116474772288,0.011657843794404406,0.00975893136635469
C2,128,16,session12,0.2701231709977253,0.2076890566225151,0.02701231709977253,0.01639829814329733,0.014483084324760236
C2,128,17,session12,0.6205645349236348,0.487515574470692,0.06205645349236348,0.024426570379532397,0.023989087154710764
C2,128,18,session12,0.28724877793717124,0.28724877793717124,0.028724877793717123,0.01136722512876663,0.010753909037866877
C2,128,19,session12,0.229011613102311,0.229011613102311,0.0229011613102311,0.013714211065355284,0.013252715556763092
C2,128,20,session13,0.38455108618745804,0.38455108618745804,0.038455108618745806,0.013983817440909074,0.01375364347327332
C2,128,21,session13,0.4189545759972941,0.4189545759972941,0.04189545759972941,0.019436553288889657,0.01835892085157672
C2,128,22,session13,0.3016093744246504,0.215400574467312,0.030160937442465043,0.012736508456415708,0.012435339804776119
C2,128,23,session13,0.41322088686846997,0.36037013004329227,0.041322088686846996,0.016367462531700887,0.01580865184098592
C2,128,24,session14,0.7100915392638982,0.14706880459569543,0.07100915392638982,0.013674482050503511,0.013501803726594364
C2,128,25,session14,0.42307268252026753,0.3838939552696172,0.042307268252026756,0.017711724534286415,0.017570928474811613
C2,128,26,session14,0.4176959703220649,0.4176959703220649,0.04176959703220649,0.011088364409820747,0.01080645010995437
C2,128,27,session14,0.23076294772896974,0.18130876085529546,0.023076294772896973,0.0060863086579050945,0.005915617117617471
C2,128,28,session15,0.5441026486613869,0.3867070392234578,0.05441026486613869,0.016427343660490788,0.016207004334147415
C2,128,29,session15,0.14980185633959212,0.09468920882777272,0.014980185633959212,0.0040460738172290785,0.0038814908653628127
C2,128,30,session15,0.065774554233945,-0.05770746272602299,0.0065774554233945,0.0003108952020723828,0.00011579937780084567
C2,128,31,session15,0.22438376466874904,0.17240506028990785,0.022438376466874903,0.0036852550157198357,0.0035601808995655076
C2,128,32,session16,0.22507137428355145,-0.14194631453582632,0.022507137428355146,0.004908003476279032,0.004759128275016287
C2,128,33,session16,0.19379101838476082,0.06767638991968296,0.019379101838476083,0.004745237990716228,0.00459957188615105
C2,128,34,session16,0.40315253803765566,0.3869959479590881,0.04031525380376556,0.010130386362533744,0.010016561335111415
C2,128,35,session16,0.3308879515588597,0.32956710879784507,0.03308879515588597,0.006334143350708102,0.006174017041516539
C2,128,36,session17,0.31709841249660364,-0.06378681573352174,0.031709841249660364,0.007719506960329951,0.007668944276247103
C2,128,37,session17,0.18668397518633997,0.022937973409410648,0.018668397518633997,-0.0029126230928751833,-0.0031668983277886075
C2,128,38,session17,0.55431716264686,0.4386289189634278,0.055431716264686,0.014770740838588309,0.014590057802234796
C2,128,39,session17,0.4412067209055541,0.4412067209055541,0.04412067209055541,0.012431967315350661,0.012336283565103906
C2,128,40,session18,0.5041337972999321,0.17662596791761054,0.05041337972999321,0.01629524078163338,0.01596788696772287
C2,128,41,session18,0.1677100539048581,0.11389917007332372,0.01677100539048581,0.013686434912327242,0.010873712966574908
C2,128,42,session18,0.1934516974421498,0.16002235322143998,0.01934516974421498,0.0015133421475009262,0.0013568905591354948
C2,128,43,session18,0.6393788523502226,0.6393788523502226,0.06393788523502227,0.02220104058535711,0.021194059457686876
C2,128,44,session19,0.3505421538263614,0.3505421538263614,0.03505421538263614,0.01536431938234667,0.01442859704482304
C2,128,45,session19,0.2823861939674366,0.2823861939674366,0.02823861939674366,0.005324627590025744,0.005189466371777525
C2,128,46,session19,0.5238659344357256,0.11814138835535756,0.05238659344357256,0.013098136683331226,0.012757900426715967
C2,128,47,session19,0.7390913495632412,0.7390913495632412,0.07390913495632412,0.024258561988256815,0.02411101028068003
C2,128,48,session2,0.0632409000084906,0.011411222712836054,0.00632409000084906,-0.005008547899862646,-0.005197835598591773
C2,128,49,session2,0.12207759985248533,-0.22398850509506202,0.012207759985248532,-0.004019183577016004,-0.004154567992521568
C2,128,50,session2,0.42667032073654276,-0.09104412712299866,0.04266703207365428,0.011426768529916172,0.011132027371564535
C2,128,51,session2,0.44768542778193515,0.4471924171515776,0.04476854277819352,0.008977964025026158,0.008618033912334266
C2,128,52,session21,0.6991438081727384,0.6991438081727384,0.06991438081727383,0.017418862745755527,0.01731773900358348
C2,128,53,session21,0.36147252218957043,0.36147252218957043,0.036147252218957045,0.01938198023082867,0.018743661933158785
C2,128,54,session21,0.6210088806398899,0.6210088806398899,0.06210088806398899,0.02467137327596383,0.022922492094470302
C2,128,55,session21,0.7875318473256957,0.7875318473256957,0.07875318473256956,0.030775012236837263,0.027848152493618532
C2,128,56,session3,0.4703120848451983,0.4219039342485539,0.04703120848451983,0.010959834009128588,0.010771768812896505
C2,128,57,session3,0.5835527795275712,0.2193818512062554,0.05835527795275712,0.02818801064574908,0.027461131349494083
C2,128,58,session3,0.4414098834787325,0.3719226274506598,0.04414098834787325,0.01794189766340954,0.017039744969229192
C2,128,59,session3,0.46517194160332337,0.46517194160332337,0.046517194160332336,0.0035832370754567008,0.003143706602340736
C2,128,60,session4,0.5731652048559857,0.18389515903645548,0.057316520485598564,0.012331838915920209,0.011897537854637813
C2,128,61,session4,0.5180257752530553,0.5180257752530553,0.051802577525305524,-0.002129414078324129,-0.002379802763285522
C2,128,62,session4,0.09917563169989503,-0.03976764350613394,0.009917563169989502,0.0012187723217163778,0.0011326398267886228
C2,128,63,session4,0.3946911243160519,0.3946911243160519,0.03946911243160519,-0.004708176465632319,-0.005027895519323933
C2,128,64,session5,0.1556011284920516,0.02658646977503889,0.01556011284920516,-0.001041698657538745,-0.0011917841265195336
C2,128,65,session5,0.1623404445814731,0.1623404445814731,0.016234044458147308,0.004907094081092923,0.0047213329130570995
C2,128,66,session5,0.42707680655177815,0.3882338565947874,0.04270768065517781,0.0185235685192301,0.01845554304913463
C2,128,67,session5,0.5576373979581508,0.5576373979581508,0.05576373979581508,0.007404452758949817,0.007190532787722892
C2,128,68,session6,0.09880446312795825,0.01618546219996318,0.009880446312795825,0.0016537341234296285,0.001475836067933073
C2,128,69,session6,0.2449046820506355,0.2449046820506355,0.02449046820506355,0.006199654235052163,0.006043468121684837
C2,128,70,session6,0.09474684219618304,-0.007764788779785024,0.009474684219618303,0.0018801177761631816,0.0016593884179646277
C2,128,71,session6,0.0776706988761061,-0.014209328248656212,0.00776706988761061,0.0005537695832758445,0.0004903884757579803
C2,128,72,session7,0.22522504610474506,0.22522504610474506,0.022522504610474506,0.0013632153094116784,0.0012536209011003007
C2,128,73,session7,0.21945330444997968,0.09882227060949432,0.021945330444997968,0.00011703040542787946,-5.486318067910584e-06
C2,128,74,session7,0.18213070399844614,0.11173589313563058,0.018213070399844614,0.0033932385044899383,0.0032698125928691405
C2,128,75,session7,0.3205801738081423,0.19683712644203533,0.03205801738081423,0.006345818403520613,0.006175768286856351
C2,128,76,session9,0.2891879718154044,0.20776025118759184,0.02891879718154044,0.016647694599482968,0.015812962348467293
C2,128,77,session9,0.19703861595807481,-0.002350635723136477,0.019703861595807483,0.01155509037801011,0.011164390069869004
C2,128,78,session9,0.43798722151502706,0.43798722151502706,0.043798722151502704,0.011659318165879508,0.011435709198631374
C2,128,79,session9,0.18503946422327794,0.18455810202960643,0.018503946422327795,0.011827984465620164,0.010958051162090148
C1,4000,0,session0,0.3980530737495785,0.1844311440177234,0.03980530737495785,0.0048184485852404025,-0.0003634377308345853
C1,4000,1,session0,0.5033573878427174,0.4820537375553666,0.05033573878427174,0.030067004840293003,0.023859140912569743
C1,4000,2,session0,0.8138584811208979,0.7975138943828812,0.08138584811208979,0.029153971508209853,0.025567975527519653
C1,4000,3,session0,0.45067312539217214,0.4232684458018395,0.04506731253921721,0.030097811821040023,0.0225148062115969
C1,4000,4,session1,0.7328315960175902,0.7202511302685078,0.07328315960175902,0.05272597929308559,0.0472243826863366
C1,4000,5,session1,0.734191726216691,0.6699765319468081,0.07341917262166911,0.051056217361220305,0.04848233674675582
C1,4000,6,session1,0.7748337664815763,0.7687267464672773,0.07748337664815763,0.04232150090834853,0.04048489250868755
C1,4000,7,session1,0.7866704711221337,0.252770077409504,0.07866704711221337,0.03889040261766343,0.037163765632701844
C1,4000,8,session10,0.524645237386279,0.512217357462644,0.0524645237386279,0.043908178971823655,0.037038780977683115
C1,4000,9,session10,0.5590589660254418,-0.14513360044235618,0.05590589660254418,0.02690208478651272,0.023285022433544394
C1,4000,10,session10,0.3596190390966752,0.12801835867038047,0.03596190390966752,0.028536691660598912,0.024831487416709683
C1,4000,11,session10,0.7399431737236303,0.6831575941895726,0.07399431737236303,0.044949533905001185,0.04186711706877229
C1,4000,12,session11,0.6065480603545036,0.6065480603545036,0.06065480603545036,0.02473113697047141,0.02387301695470358
C1,4000,13,session11,0.17453823949069758,0.050656182140168385,0.017453823949069757,0.00997756196844191,0.008701909216833687
C1,4000,14,session11,0.25651880721461845,0.25192149332726826,0.025651880721461844,0.01241374039963666,0.011230273047893877
C1,4000,15,session11,0.3466198599851769,0.24842518073690537,0.03466198599851769,0.018040250366919898,0.017100903054345334
C1,4000,16,session12,0.48509651629090206,0.12440034670352977,0.048509651629090204,0.035851151506499104,0.03376022843720229
C1,4000,17,session12,0.7913992057216954,0.7913992057216954,0.07913992057216954,0.038165694104406074,0.03744069294215159
C1,4000,18,session12,0.398198435973747,0.397266217146032,0.0398198435973747,0.02430813956173671,0.021629413658588736
C1,4000,19,session12,0.48239787325556255,0.4043332454670535,0.048239787325556255,0.034915088859488186,0.03237569598770475
C1,4000,20,session13,0.800192557320456,0.7618711773713815,0.0800192557320456,0.037062572970684944,0.03241007719935495
C1,4000,21,session13,0.5634405992365303,0.49115037954721136,0.05634405992365303,0.04396426016816239,0.03628424575065457
C1,4000,22,session13,0.5469371694023473,0.36998789632304824,0.05469371694023473,0.033287815464637896,0.0314976292557219
C1,4000,23,session13,0.6918372042899128,0.4981080079279899,0.06918372042899128,0.04800826918669042,0.04237464137964657
C1,4000,24,session14,1.216146253002206,0.21994575805561734,0.1216146253002206,0.05188961373239005,0.04640437882106557
C1,4000,25,session14,0.7102823469528751,0.4737566268767111,0.0710282346952875,0.05074517951673156,0.0429992534400445
C1,4000,26,session14,0.605566812245677,0.4968392081465405,0.0605566812245677,0.03938715360378574,0.034819391182245654
C1,4000,27,session14,0.39290053572860784,0.27676345505860345,0.039290053572860785,0.025560696817150917,0.02296518146690091
C1,4000,28,session15,0.9951950431496582,0.7298534881888786,0.09951950431496583,0.06026457004452031,0.05796736730891985
C1,4000,29,session15,0.25043025858600576,0.0677549806169459,0.025043025858600576,0.019298598543014373,0.013688843958250272
C1,4000,30,session15,0.26514988212295115,0.019715415319857554,0.026514988212295115,0.019898649186203054,0.012818533528237391
C1,4000,31,session15,0.5544606826248809,0.26100135757311244,0.05544606826248809,0.02330544781933885,0.020702442710123392
C1,4000,32,session16,0.49827638479873293,-0.08063718562396538,0.049827638479873294,0.025513483609936494,0.024762132757339413
C1,4000,33,session16,0.29730803654883414,-0.03001892251466141,0.029730803654883415,0.02281739627836809,0.018536124675990136
C1,4000,34,session16,0.7767421657749092,0.7767421657749092,0.07767421657749092,0.02613146036364935,0.02463405704756961
C1,4000,35,session16,0.6658700712543488,0.5477007118301084,0.06658700712543489,0.03119872515913687,0.02834508298815262
C1,4000,36,session17,0.7336148369193125,-0.278054964673799,0.07336148369193125,0.031828838174470034,0.030009419917034947
C1,4000,37,session17,0.3058453722399165,0.04401196078848052,0.030584537223991647,0.0194011015673849,0.013751404239567064
C1,4000,38,session17,0.9891365253442123,0.817371503362182,0.09891365253442122,0.048143865912640554,0.04215721901887595
C1,4000,39,session17,0.9383122900398105,0.6283685658196575,0.09383122900398105,0.036504511285202934,0.034127049694449144
C1,4000,40,session18,0.3511410662724199,0.07504916249019485,0.035114106627241994,0.0179765803269644,0.0166117811619624
C1,4000,41,session18,0.773192313404967,0.7111680477961801,0.0773192313404967,0.042822656833732264,0.03804233894127808
C1,4000,42,session18,0.289381256510855,0.028747314880732767,0.0289381256510855,0.010212672883634049,0.004580155762589963
C1,4000,43,session18,1.0367064861133457,1.0367064861133457,0.10367064861133457,0.04421279173007459,0.03686222209891323
C1,4000,44,session19,0.5609351407179757,0.3824082752658335,0.056093514071797565,0.03518463444957036,0.029481094554366725
C1,4000,45,session19,0.6257000941177685,0.5340314716956867,0.06257000941177684,0.032518141698178585,0.027050612286783588
C1,4000,46,session19,0.4378243530208878,0.19641064554606652,0.04378243530208878,0.029481102287263212,0.028131829625125126
C1,4000,47,session19,0.9117648837856862,0.8639905142601374,0.09117648837856862,0.05791398344110009,0.05171697330822267
C1,4000,48,session2,0.3410758834608357,-0.10490665698967395,0.03410758834608357,0.019694356734427855,0.017454549256302222
C1,4000,49,session2,0.22849737716520846,-0.3216565297434385,0.022849737716520845,0.011389448118584175,0.00904773770322386
C1,4000,50,session2,0.8336669307688385,-0.20823601408691067,0.08336669307688385,0.034742459594964845,0.03248652585939067
C1,4000,51,session2,0.87532015988933,0.8080738709416366,0.087532015988933,0.03473544299179003,0.02863144657315267
C1,4000,52,session21,0.9455599188814346,0.9455599188814346,0.09455599188814347,0.027654470304150795,0.025523678561913295
C1,4000,53,session21,0.4253434370598115,0.4253434370598115,0.04253434370598115,0.02243868464360016,0.019215991334901254
C1,4000,54,session21,0.6076473205119928,0.6076473205119928,0.060764732051199276,0.03432176283406185,0.033576443696869955
C1,4000,55,session21,1.1137159867537187,1.1137159867537187,0.11137159867537187,0.04801115050285736,0.045875800176726836
C1,4000,56,session3,0.734536338465679,0.5715669785096944,0.0734536338465679,0.038689395152053704,0.029865994109128553
C1,4000,57,session3,1.0526412804249394,0.2558103578352577,0.10526412804249394,0.07403878426292701,0.06149956099693858
C1,4000,58,session3,0.888318742460822,0.8558697170083601,0.0888318742460822,0.03817578624117046,0.037081254977804005
C1,4000,59,session3,0.5283292292306041,0.4889820429665017,0.05283292292306041,0.030506049462368047,0.024575849035312354
C1,4000,60,session4,0.5044978820024264,0.10562886219992716,0.05044978820024264,0.02207988397609263,0.01919643634949294
C1,4000,61,session4,0.6915510063020102,0.6915510063020102,0.06915510063020101,0.008183732615831187,0.00630155093582116
C1,4000,62,session4,0.1838801772934676,-0.08848675539461193,0.01838801772934676,0.008550523117500035,0.00804156485630106
C1,4000,63,session4,0.48237240537990916,0.48237240537990916,0.048237240537990916,0.005765831133942507,0.004000575885837607
C1,4000,64,session5,0.3069294602427075,0.18980062388716884,0.03069294602427075,0.013284415054964433,0.008894390353897904
C1,4000,65,session5,0.2917933599829528,0.283501099179504,0.02917933599829528,0.012756626875403104,0.011616385904028716
C1,4000,66,session5,0.6053303444624144,0.5612396798517709,0.06053303444624144,0.03504750124499235,0.0322480914443453
C1,4000,67,session5,0.7445620443330111,0.7445620443330111,0.07445620443330112,0.021019805204720757,0.017228041952550118
C1,4000,68,session6,0.06854017749172672,-0.009495037233149605,0.006854017749172672,-0.0004811278679359203,-0.0010489789467550653
C1,4000,69,session6,0.5419806488491172,0.5419806488491172,0.054198064884911724,0.022244562075702055,0.02072855180800277
C1,4000,70,session6,0.22624057743496667,0.0025503610106638675,0.022624057743496667,0.011500170762620979,0.009141817395132255
C1,4000,71,session6,0.08502068330265374,-0.045074785898817644,0.008502068330265374,0.004403746106600584,0.0034754427202530586
C1,4000,72,session7,0.38995120074388046,0.381976527414547,0.038995120074388046,0.01617260183395717,0.012687636675049418
C1,4000,73,session7,0.2643696155481017,0.15177195078530753,0.02643696155481017,0.008236013762743641,0.006037220427034992
C1,4000,74,session7,0.23026727924446105,0.20793094446755264,0.023026727924446107,0.007247018001745671,0.005670366875735156
C1,4000,75,session7,0.34871096154138603,0.18955152698214608,0.0348710961541386,0.016443457200315207,0.012909517776449974
C1,4000,76,session9,0.5291056734208279,0.47526648668220656,0.05291056734208279,0.028897776990157185,0.026008381341754472
C1,4000,77,session9,0.41503218465800706,0.22950438860437275,0.041503218465800705,0.033730479047478605,0.03305810232647132
C1,4000,78,session9,0.599849977196764,0.599849977196764,0.0599849977196764,0.01995088750057019,0.019275052364996503
C1,4000,79,session9,0.4982587265357374,0.36826052569462353,0.04982587265357374,0.03172959792575917,0.02984348078113041
C0,1000,0,session0,0.18245896412106857,0.168034763676542,0.018245896412106857,-0.0030139214297505734,-0.004308256925639487
C0,1000,1,session0,0.3185900793467327,0.3185900793467327,0.03185900793467327,0.006910119486447141,0.0064355111521720645
C0,1000,2,session0,0.7968736697309377,0.6882238910507991,0.07968736697309377,0.025274656103288558,0.02410213264498904
C0,1000,3,session0,0.1782039030138963,0.07196253970549257,0.01782039030138963,0.013606646623701688,0.00964904533351438
C0,1000,4,session1,0.8104822780047882,0.8104822780047882,0.08104822780047882,0.043598836386084305,0.040843076011775156
C0,1000,5,session1,0.5686650471757566,0.5686650471757566,0.056866504717575664,0.02788380199615424,0.026410128841844276
C0,1000,6,session1,0.6269191834657631,0.6269191834657631,0.06269191834657631,0.03147852792014101,0.028774985229958583
C0,1000,7,session1,0.6084779512102113,0.29248324493302924,0.060847795121021134,0.026631165478830106,0.02538144512646547
C0,1000,8,session10,0.5663724440171556,0.35158515631020804,0.05663724440171556,0.03422229212584376,0.03284687511971785
C0,1000,9,session10,0.45109913876542135,-0.20647710127568059,0.04510991387654213,0.02022601632417599,0.018651370969385562
C0,1000,10,session10,0.5522745103796447,0.17811925391192288,0.05522745103796447,0.030861867959930907,0.02646086522078857
C0,1000,11,session10,0.688909036454902,0.5280449205838964,0.06889090364549019,0.03785862595950044,0.03520583146750791
C0,1000,12,session11,0.6820870502850447,0.6820870502850447,0.06820870502850447,0.023116544352446228,0.022130314262385122
C0,1000,13,session11,0.17293871793539084,0.021304962439152534,0.017293871793539084,0.008250954593226096,0.007865594539657288
C0,1000,14,session11,0.23374422868739847,0.22084150606832126,0.023374422868739846,0.00924861787222744,0.008301746643153383
C0,1000,15,session11,0.39041564606144924,0.39041564606144924,0.03904156460614493,0.01306770282683962,0.012084622572244378
C0,1000,16,session12,0.3180068201741387,0.10665905238988568,0.03180068201741387,0.02327003782755518,0.02181387637671535
C0,1000,17,session12,0.8452681805052842,0.8452681805052842,0.08452681805052842,0.03653097529277523,0.036284955917898334
C0,1000,18,session12,0.3310904398152415,0.3269838395406732,0.03310904398152415,0.019769357332571836,0.018917884164226403
C0,1000,19,session12,0.5683804541572052,0.5635786476360495,0.05683804541572052,0.02956048045176301,0.02891129770891478
C0,1000,20,session13,0.4820953103479951,0.4820953103479951,0.04820953103479951,0.02133029004510499,0.019063786872060746
C0,1000,21,session13,0.4629672327494152,0.4601300981326323,0.04629672327494152,0.01753222565687784,0.015326436882001027
C0,1000,22,session13,0.48181430347292376,0.19807616992333205,0.04818143034729237,0.023421337970141527,0.022270285812836695
C0,1000,23,session13,0.5386384415909973,0.5348453504116862,0.05386384415909973,0.021411671429273138,0.02036932115770172
C0,1000,24,session14,0.9146931918499316,0.2135387524281161,0.09146931918499315,0.033055215818593886,0.030133443941264788
C0,1000,25,session14,0.4724304352811994,0.3608999751112884,0.047243043528119935,0.031089272100912828,0.02793622697986197
C0,1000,26,session14,0.40091409366665265,0.32712975847301784,0.04009140936666526,0.02537868749838318,0.02435477519823815
C0,1000,27,session14,0.24347953903916858,0.09600975570626122,0.024347953903916857,0.016281391968176226,0.012492840491724208
C0,1000,28,session15,0.7596698000929859,0.5724944017252601,0.0759669800092986,0.03899659524652485,0.03635447628247971
C0,1000,29,session15,0.27646847101615557,0.036496091997261386,0.02764684710161556,0.013612242496240245,0.011595342398031576
C0,1000,30,session15,0.15348094670403312,0.0005748530548015862,0.015348094670403312,0.00964224777413927,0.008264440168791264
C0,1000,31,session15,0.36161511530881363,0.18531445236509766,0.03616151153088136,0.01179235160561939,0.010301046707309977
C0,1000,32,session16,0.3065523503063603,-0.0352232946602283,0.03065523503063603,0.016626793123870047,0.012423185044260451
C0,1000,33,session16,0.1619726320727086,0.03627925514131809,0.01619726320727086,0.013490318236427237,0.011789014771965698
C0,1000,34,session16,0.5236883595752623,0.5236883595752623,0.05236883595752623,0.022781182304708998,0.017202049736990167
C0,1000,35,session16,0.4100030535054516,0.3529881781377647,0.041000305350545156,0.015605233289429265,0.01014326291649775
C0,1000,36,session17,0.508665974269724,-0.1945784954982536,0.0508665974269724,0.02411859128700583,0.020822560249915398
C0,1000,37,session17,0.21097955234147056,0.0729926117933133,0.021097955234147057,0.011979174568639454,0.00760263291675105
C0,1000,38,session17,0.7923881690455541,0.5161323051062213,0.0792388169045554,0.03135872546608255,0.02430954381769356
C0,1000,39,session17,0.5941707085204316,0.4742767075051705,0.05941707085204316,0.023154579446601424,0.01845392499308332
C0,1000,40,session18,0.6027946949737841,0.08118844678513358,0.06027946949737841,0.025221157402268213,0.024667876236534814
C0,1000,41,session18,0.29445219102834674,0.265467607956306,0.029445219102834673,0.01752685179678913,0.016100815336223994
C0,1000,42,session18,0.3102959012201178,0.2753906975974317,0.03102959012201178,0.019357143144280796,0.012847128497484539
C0,1000,43,session18,0.9984888766582711,0.9984888766582711,0.09984888766582711,0.027763018030868364,0.024711701120661112
C0,1000,44,session19,0.43425805398875367,0.40855912352286666,0.04342580539887537,0.026375711981601675,0.02520421835133609
C0,1000,45,session19,0.6225232998612055,0.6225232998612055,0.06225232998612055,0.022806138926296772,0.020883367887731936
C0,1000,46,session19,0.3850510297254318,0.17556660738590277,0.038505102972543184,0.01809231505216244,0.01607575645245976
C0,1000,47,session19,0.9340808977218706,0.9258078605235462,0.09340808977218706,0.04472376490704204,0.04331624324567522
C0,1000,48,session2,0.15244319967921555,-0.01824441440011349,0.015244319967921555,0.0026102428751274198,0.0013642700520973704
C0,1000,49,session2,0.05834792421736203,-0.21023728415684906,0.0058347924217362025,0.0023158628184516703,-0.0010270762620704223
C0,1000,50,session2,0.5238448476870077,-0.06761801439111989,0.052384484768700765,0.024118484912728506,0.023026091078244732
C0,1000,51,session2,0.7662178171550857,0.6664504476228725,0.07662178171550857,0.02517800913449717,0.022184629600967697
C0,1000,52,session21,0.9733072907396033,0.9733072907396033,0.09733072907396033,0.022316629504512818,0.019416199870272474
C0,1000,53,session21,0.6120342102005587,0.6120342102005587,0.06120342102005587,0.030509947002701855,0.029498650698807242
C0,1000,54,session21,0.6558595947699773,0.6558595947699773,0.06558595947699773,0.031029337027141262,0.030344775230398986
C0,1000,55,session21,1.090120007693331,1.090120007693331,0.10901200076933311,0.04219152284150502,0.04169733104282457
C0,1000,56,session3,0.611173705583482,0.5601698979638686,0.061117370558348205,0.028598423944933025,0.02564007686941131
C0,1000,57,session3,0.9611183709007929,0.24626412199741904,0.09611183709007928,0.05104705014006929,0.04883749227377727
C0,1000,58,session3,0.5700520436720388,0.5647907388197432,0.057005204367203875,0.0261301728586043,0.024647534474445593
C0,1000,59,session3,0.7355167212952636,0.7355167212952636,0.07355167212952636,0.019629573772972343,0.017895090297705037
C0,1000,60,session4,0.6484701122619659,0.14749697327792768,0.0648470112261966,0.015809228935132202,0.015122075579282487
C0,1000,61,session4,0.8366702393912286,0.8366702393912286,0.08366702393912287,-0.0014199112411390814,-0.004743221647120381
C0,1000,62,session4,0.1918603564030404,-0.03599673382523387,0.01918603564030404,0.010297557343910156,0.010094097505161945
C0,1000,63,session4,0.5330871126533551,0.5330871126533551,0.053308711265335505,-0.001762917664126723,-0.002748431425072562
C0,1000,64,session5,0.1848418932368326,0.12417261200591383,0.01848418932368326,0.003713197283056735,0.0003842332473309607
C0,1000,65,session5,0.23141020791424166,0.23114536499123992,0.023141020791424168,0.00952782419522324,0.007447631934516053
C0,1000,66,session5,0.6156259788804674,0.5712360942253141,0.061562597888046744,0.029829505187693638,0.028946674277650308
C0,1000,67,session5,0.5917233300562862,0.5917233300562862,0.059172333005628616,0.012620647326684655,0.012203387570504962
C0,1000,68,session6,0.05582697681851056,0.018886314759816804,0.005582697681851056,0.0030564332485165857,0.0027577366450680513
C0,1000,69,session6,0.5679435862584487,0.5679435862584487,0.056794358625844865,0.018577578230201112,0.016084112497139695
C0,1000,70,session6,0.13693090544389147,0.009717921767674591,0.013693090544389146,0.0058536786476678536,0.005546541049399719
C0,1000,71,session6,0.0841922922678475,-0.004292482885703108,0.00841922922678475,0.005220921404303342,0.004983982975070703
C0,1000,72,session7,0.4077438085801425,0.4077438085801425,0.04077438085801425,0.006793458335748842,0.005957769931354217
C0,1000,73,session7,0.2727002500018253,0.17439373232672387,0.02727002500018253,-0.00024270625792977615,-0.0014059384970695934
C0,1000,74,session7,0.2663830026069386,0.1296774935757041,0.02663830026069386,0.008391684059332754,0.006307321339680552
C0,1000,75,session7,0.31627837814620197,0.20013081380510267,0.0316278378146202,0.011878351388440714,0.01109383673987015
C0,1000,76,session9,0.5938517752418484,0.49013906256362566,0.05938517752418484,0.0334160664493791,0.03216525330418444
C0,1000,77,session9,0.341472242451062,0.06239493755552002,0.0341472242451062,0.027327163225266286,0.02460220831928824
C0,1000,78,session9,0.5427272934376489,0.5427272934376489,0.05427272934376489,0.017549119358597962,0.015146301239468746
C0,1000,79,session9,0.3504082954452905,0.3309723137309214,0.03504082954452905,0.02109681485649074,0.019652488859159434
C2,6000,0,session0,0.5740202488363436,0.3760556577969185,0.05740202488363436,0.004805598465261152,0.003649294840708113
C2,6000,1,session0,0.6148309897385942,0.37052187585526974,0.06148309897385942,0.03740721794532103,0.033377342680362194
C2,6000,2,session0,1.0377387578709718,0.9735637577495043,0.10377387578709718,0.042760790011380556,0.040830496326923274
C2,6000,3,session0,0.5484303029237778,0.45835170405699804,0.05484303029237778,0.04337353759953065,0.03575287243523441
C2,6000,4,session1,0.5290562750589032,0.13758174740171136,0.05290562750589032,0.03192016928133738,0.02921512507675495
C2,6000,5,session1,0.8432639414073143,0.6952520744362249,0.08432639414073143,0.07113844378486917,0.06998774628981055
C2,6000,6,session1,0.9120857604840256,0.9120857604840256,0.09120857604840256,0.0469148703849801,0.044838152121970454
C2,6000,7,session1,0.8920615408061309,0.42994094813802974,0.08920615408061308,0.05668006456399756,0.051926474399430655
C2,6000,8,session10,0.658870521311695,0.6141551509915247,0.0658870521311695,0.049352973192208646,0.04675300183768474
C2,6000,9,session10,0.7062633286767444,-0.2516238556853247,0.07062633286767443,0.02720988492630793,0.024886671040736757
C2,6000,10,session10,0.3806315879179536,0.12039512409066433,0.03806315879179536,0.02318894959258943,0.021235521079119316
C2,6000,11,session10,0.9541567139034088,0.7391343285926022,0.09541567139034088,0.05157658390173971,0.05014434774905824
C2,6000,12,session11,0.7828793648631867,0.7828793648631867,0.07828793648631867,0.028133804359435126,0.027288366692929278
C2,6000,13,session11,0.2176696594052919,0.049959697135178185,0.02176696594052919,0.012788384817631348,0.012214220211083253
C2,6000,14,session11,0.27246048340628265,0.27246048340628265,0.027246048340628264,0.015048792067462045,0.01492979930632662
C2,6000,15,session11,0.37652048519670167,0.18364325702061826,0.03765204851967017,0.023640722760168688,0.02147812198750646
C2,6000,16,session12,0.734522182019832,0.06019375851482804,0.0734522182019832,0.03633340989781201,0.03495393055570535
C2,6000,17,session12,0.8921799485212608,0.8921799485212608,0.08921799485212609,0.040360981399994514,0.04002108214445024
C2,6000,18,session12,0.3997982343525193,0.3678551363115721,0.03997982343525193,0.02370830416886826,0.02195603283660818
C2,6000,19,session12,0.46205605978831704,0.386433781606324,0.04620560597883171,0.030879738000240152,0.029161541727843493
C2,6000,20,session13,0.8387409461149726,0.7977173918575853,0.08387409461149727,0.045258089597251604,0.0370887774528572
C2,6000,21,session13,0.6761096772962911,0.4848588244261555,0.06761096772962912,0.04930399272467241,0.04557209152434214
C2,6000,22,session13,0.6308916541570577,0.43894295430189956,0.06308916541570578,0.0344157184256145,0.03237436006265869
C2,6000,23,session13,0.6296880685527634,0.35104019759282434,0.06296880685527634,0.041223310257857124,0.03959531473191186
C2,6000,24,session14,1.0508766970511547,0.5032387637290292,0.10508766970511547,0.05292856339668252,0.05210486895759524
C2,6000,25,session14,0.8439827817224093,0.626959713865822,0.08439827817224092,0.05791281233463454,0.051843559340934944
C2,6000,26,session14,0.6382367152015707,0.6382367152015707,0.06382367152015707,0.039894776769115556,0.034152051319297425
C2,6000,27,session14,0.45770285114887443,0.27878841353688366,0.04577028511488744,0.039726635014825804,0.039513677939179384
C2,6000,28,session15,0.8833423080215161,0.5349450122977373,0.08833423080215161,0.05539673408264582,0.05268494486437063
C2,6000,29,session15,0.33213551923937673,0.16560737690593386,0.03321355192393767,0.023770140604316477,0.02148471413915101
C2,6000,30,session15,0.19715645085087763,0.044724958077683646,0.019715645085087764,0.01741975017002753,0.01529487793368719
C2,6000,31,session15,0.47150916231996937,0.2377423559231853,0.04715091623199694,0.02593835313713269,0.02314544399904243
C2,6000,32,session16,0.7666977494689213,0.07609819319167492,0.07666977494689213,0.04039386738619011,0.03688997503858307
C2,6000,33,session16,0.4272064800081956,-0.0071524774470937205,0.04272064800081956,0.03686250108056826,0.032253545447069445
C2,6000,34,session16,0.9014505374257888,0.9014505374257888,0.09014505374257889,0.042390017326699156,0.038776974056279806
C2,6000,35,session16,0.6844362749405906,0.5852442439623469,0.06844362749405905,0.04983347622899557,0.04470952167993391
C2,6000,36,session17,0.8734598755071525,-0.48111322366260867,0.08734598755071525,0.039492870145259304,0.0360809231463224
C2,6000,37,session17,0.3954904176140689,0.027931589204475096,0.03954904176140689,0.027129562666360508,0.01967004234849654
C2,6000,38,session17,0.9958031446937624,0.7559145166231933,0.09958031446937624,0.05612646713118713,0.05175135672648601
C2,6000,39,session17,0.9345925528474939,0.6561043344819627,0.09345925528474938,0.04454758829727655,0.0381215638312889
C2,6000,40,session18,0.21999809777584017,0.1288350148147278,0.021999809777584017,0.02197495306665783,0.01799785208603987
C2,6000,41,session18,0.8184394230955332,0.8183534401451953,0.08184394230955332,0.04287217098209532,0.03954248656838472
C2,6000,42,session18,0.4079778712776588,0.09196667291651271,0.040797787127765876,0.02697341645761121,0.024035624354296622
C2,6000,43,session18,0.7913657844211871,0.7905791925070919,0.07913657844211872,0.03394563355846588,0.03185581777971917
C2,6000,44,session19,0.7603342402684791,0.5208082357264364,0.0760334240268479,0.05014541155749128,0.04582412676912775
C2,6000,45,session19,0.6474502510680316,0.5833987663858257,0.06474502510680316,0.03415183590962217,0.030615751011861737
C2,6000,46,session19,0.5547212237133635,0.3616828677885774,0.05547212237133635,0.039152972126264306,0.03567075804328732
C2,6000,47,session19,1.00961020784315,0.9745603092224198,0.10096102078431499,0.07205536405033813,0.06255011605984034
C2,6000,48,session2,0.41622754669591694,-0.13545883485324645,0.04162275466959169,0.02991490162982688,0.027791434825021777
C2,6000,49,session2,0.27190395330321826,-0.4176411470022248,0.027190395330321825,0.018318025897873833,0.01456371671598199
C2,6000,50,session2,0.7756557175917392,-0.09379153761102742,0.07756557175917392,0.049480230388932664,0.04875485155230444
C2,6000,51,session2,0.7451128367986337,0.6517043295376923,0.07451128367986337,0.03395674779380024,0.02883496429567519
C2,6000,52,session21,0.9770083799484397,0.9770083799484397,0.09770083799484397,0.0377223253669388,0.03558816783878945
C2,6000,53,session21,0.4781981809163536,0.47789702791353683,0.04781981809163536,0.02816197784917913,0.027753124033581666
C2,6000,54,session21,0.8009183035165022,0.8009183035165022,0.08009183035165021,0.04077399008371081,0.038375781188294524
C2,6000,55,session21,1.3054564503006993,1.3054564503006993,0.13054564503006993,0.054332746433089496,0.0531398178849525
C2,6000,56,session3,0.8571855559492796,0.7069676771352912,0.08571855559492796,0.048602280155983245,0.04142481924924724
C2,6000,57,session3,1.1506594333087323,0.2512811366511837,0.11506594333087324,0.06461761060115456,0.06257684080143235
C2,6000,58,session3,1.1612738991475797,1.1532434555573148,0.11612738991475798,0.052307622071403936,0.05068901504762974
C2,6000,59,session3,0.5098151885112265,0.4092061733021669,0.050981518851122655,0.03520213437626784,0.03233352488719643
C2,6000,60,session4,0.5615493758162873,0.15330507667099558,0.056154937581628726,0.019904026973812255,0.01698504455925579
C2,6000,61,session4,0.6072263670898669,0.6072263670898669,0.060722636708986685,0.0120062527713692,0.010549777841183421
C2,6000,62,session4,0.2728270368096918,-0.12922056668135778,0.02728270368096918,0.010838944188197105,0.010070315615773182
C2,6000,63,session4,0.5542747716880485,0.5542747716880485,0.05542747716880485,0.010373340404612333,0.00947710144306228
C2,6000,64,session5,0.3731183160080409,0.21859121751442634,0.03731183160080409,0.01127727334161643,0.00875015837219513
C2,6000,65,session5,0.31541554261233695,0.20073386728599457,0.031541554261233694,0.018471319226018166,0.016429189089865785
C2,6000,66,session5,0.6530669846759919,0.5888777506266193,0.06530669846759919,0.03774748275034777,0.035267482030335154
C2,6000,67,session5,0.841142638048439,0.841142638048439,0.08411426380484391,0.026517642957998334,0.025707183313953497
C2,6000,68,session6,0.11340409141366024,0.01915496200843637,0.011340409141366024,0.00411267787258396,0.0025073438746147994
C2,6000,69,session6,0.6056340011450393,0.6056340011450393,0.06056340011450393,0.025080023039222854,0.021731546187769214
C2,6000,70,session6,0.20677705663648532,0.009841595549708978,0.020677705663648533,0.01638827392532505,0.014617623141074277
C2,6000,71,session6,0.12793307611237967,-0.06481518568770084,0.012793307611237967,0.008903061874793707,0.00728421230703593
C2,6000,72,session7,0.33972839863235876,0.33972839863235876,0.033972839863235876,0.01542940986682828,0.014036822330090635
C2,6000,73,session7,0.21528384878989146,0.15319441939863784,0.021528384878989146,0.011157440942124109,0.010292603751614438
C2,6000,74,session7,0.19995623676287155,0.13167928360717018,0.019995623676287155,0.007198588557666474,0.0059421096587628204
C2,6000,75,session7,0.36844145234877523,0.29253612851695926,0.03684414523487752,0.02287302278185282,0.0207867847750795
C2,6000,76,session9,0.9054068973549914,0.8248044139202049,0.09054068973549914,0.04176295027735473,0.04048909021000545
C2,6000,77,session9,0.5213664276193936,0.27705634833619447,0.052136642761939356,0.039721593801773813,0.03844147817337895
C2,6000,78,session9,0.763161546013469,0.763161546013469,0.0763161546013469,0.030531862343291406,0.028345084259434872
C2,6000,79,session9,0.42883366024060776,0.30927139519978697,0.04288336602406077,0.030121960059729846,0.027644218884373316
C2,1000,0,session0,0.3228044784523269,0.2837823284721317,0.03228044784523269,-0.008396385574111351,-0.008595971535669062
C2,1000,1,session0,0.4383917668372428,0.4383917668372428,0.04383917668372428,0.005702446993983406,0.005241653272375082
C2,1000,2,session0,0.7962572100712756,0.7792581700485032,0.07962572100712756,0.026921605316104956,0.024806123427283455
C2,1000,3,session0,0.21412213711147446,0.18611390440046796,0.021412213711147446,0.008799410542422531,0.007611475109838772
C2,1000,4,session1,0.8686738101910775,0.8686738101910775,0.08686738101910775,0.044733542288911604,0.040044849833274186
C2,1000,5,session1,0.5850564921124057,0.5850564921124057,0.058505649211240573,0.0350778292549614,0.03226455585484265
C2,1000,6,session1,0.7089667056509744,0.7089667056509744,0.07089667056509744,0.031288118196504795,0.028448653423318714
C2,1000,7,session1,0.7261174066808568,0.3596711229857791,0.07261174066808568,0.02464007451326381,0.02071358142583765
C2,1000,8,session10,0.6494008871856491,0.36766632571635177,0.06494008871856491,0.037090164964688074,0.03551777771829377
C2,1000,9,session10,0.5087704310229781,-0.2196007244795471,0.05087704310229781,0.018346439892735704,0.015986938573069456
C2,1000,10,session10,0.5595125462686275,0.123869684391785,0.05595125462686275,0.032665091786673726,0.030130435856573757
C2,1000,11,session10,0.7953136424059328,0.7587404099212096,0.07953136424059329,0.03976566295628285,0.038361257800475
C2,1000,12,session11,0.8732259795393769,0.8732259795393769,0.08732259795393768,0.023270030201344414,0.020146878879876273
C2,1000,13,session11,0.18440662922419299,0.05159956404671588,0.018440662922419297,0.009992186793964828,0.00785024844791752
C2,1000,14,session11,0.31599819616003527,0.31599819616003527,0.03159981961600353,0.01402278961077717,0.009532411651564232
C2,1000,15,session11,0.48487653166857925,0.48487653166857925,0.04848765316685792,0.018282897785306684,0.015520631102313737
C2,1000,16,session12,0.3849911796831802,0.20414065583978394,0.03849911796831802,0.027812117573477103,0.025850069977771967
C2,1000,17,session12,0.908580003205426,0.908580003205426,0.0908580003205426,0.03221360869552807,0.02814411297177971
C2,1000,18,session12,0.3572594162055618,0.3572594162055618,0.03572594162055618,0.02044032812556847,0.017629683963121697
C2,1000,19,session12,0.5762879141067118,0.5651053533824197,0.057628791410671176,0.029926531487579965,0.027386670585777338
C2,1000,20,session13,0.5108122187479441,0.5108122187479441,0.051081221874794414,0.02018071561833896,0.01744142464228025
C2,1000,21,session13,0.5962154680890285,0.5962154680890285,0.059621546808902845,0.02910267290464444,0.02344134847768986
C2,1000,22,session13,0.37374135198144326,0.27350120005447565,0.03737413519814432,0.020613462559261005,0.017151624728931798
C2,1000,23,session13,0.6612110024097806,0.6612110024097806,0.06612110024097806,0.024253250724651967,0.02025962711439145
C2,1000,24,session14,1.3568069320559195,0.3559678522395432,0.13568069320559195,0.04100206420964869,0.0391427740390373
C2,1000,25,session14,0.6353169154451725,0.426552223105648,0.06353169154451725,0.03377171875876133,0.031222905916915566
C2,1000,26,session14,0.5331983256162149,0.528064945700483,0.0533198325616215,0.026217486996926838,0.022705050353664148
C2,1000,27,session14,0.2940803364437761,0.1425923321804042,0.029408033644377614,0.013197198796002738,0.012877135671748901
C2,1000,28,session15,0.9368346472421103,0.6819110074102263,0.09368346472421103,0.042212051915250445,0.03663890403218981
C2,1000,29,session15,0.26433653538482,0.11770524940314753,0.026433653538482,0.01660795744955413,0.014084518149614672
C2,1000,30,session15,0.1927374725857457,0.006025414424829849,0.01927374725857457,0.011522500420041434,0.009031058243187572
C2,1000,31,session15,0.4387087341331217,0.30876421801605114,0.043870873413312174,0.011610882557038849,0.009960565663183093
C2,1000,32,session16,0.48671744585516136,-0.15500730591672635,0.04867174458551614,0.01995110502905654,0.017497542785118766
C2,1000,33,session16,0.24447058907601163,-0.008786200324613821,0.02444705890760116,0.01344985167074918,0.012111221109694878
C2,1000,34,session16,0.6062289441515969,0.6062289441515969,0.06062289441515969,0.02169144787200325,0.020935690632895687
C2,1000,35,session16,0.6242423483693226,0.6242423483693226,0.062424234836932255,0.01477868209257999,0.013025619719944264
C2,1000,36,session17,0.6952528083529799,-0.3021929376258655,0.06952528083529799,0.021420736621566388,0.020863667332776222
C2,1000,37,session17,0.29171544478986294,0.06675875245900989,0.029171544478986296,0.005440247433790844,0.0025837816708888803
C2,1000,38,session17,1.132918486678884,0.7359740313097621,0.1132918486678884,0.0352381686141763,0.03190651713304254
C2,1000,39,session17,0.6146551323761523,0.584771392905254,0.06146551323761523,0.023854706541140303,0.018326863748719287
C2,1000,40,session18,0.6964931055939243,0.1039698673332498,0.06964931055939243,0.03480832145094355,0.031216182463617827
C2,1000,41,session18,0.3133539210841676,0.290082256506662,0.03133539210841676,0.01900715887396226,0.017153079711914068
C2,1000,42,session18,0.35818078278614696,0.3068696378453316,0.0358180782786147,0.016826363342758745,0.015717094578199333
C2,1000,43,session18,1.1516508761560331,1.1516508761560331,0.11516508761560332,0.0382369194555328,0.03577548005788161
C2,1000,44,session19,0.39202720871331176,0.3261126727070334,0.03920272087133118,0.025950944063099234,0.023660162336706786
C2,1000,45,session19,0.7494276529672037,0.7494276529672037,0.07494276529672037,0.022556506618403693,0.018512983166028337
C2,1000,46,session19,0.5272589669531347,0.20243521516933022,0.05272589669531347,0.01864928389183578,0.01691859016990399
C2,1000,47,session19,0.9607784602902687,0.9577258570234661,0.09607784602902687,0.050862588633881475,0.043705279952316455
C2,1000,48,session2,0.2469507544902354,-0.15313656889112137,0.02469507544902354,0.0013484692059767744,0.00037093295132680805
C2,1000,49,session2,0.1204143354324832,-0.11379028625104329,0.01204143354324832,0.0013132739150241049,0.0007453146879368944
C2,1000,50,session2,0.7285440068794391,-0.022442072325865904,0.07285440068794391,0.03167249599417128,0.02924549099682421
C2,1000,51,session2,0.8254789975289505,0.8254789975289505,0.08254789975289505,0.030387747344970222,0.025492059159792503
C2,1000,52,session21,0.9617871032024272,0.9617871032024272,0.09617871032024272,0.02158823180685453,0.021111479588955418
C2,1000,53,session21,0.6705174060574177,0.6705174060574177,0.06705174060574177,0.02668632016889789,0.024290555427259563
C2,1000,54,session21,0.850043446656804,0.850043446656804,0.0850043446656804,0.03231091797666631,0.030530341863063238
C2,1000,55,session21,1.1815301133439762,1.1815301133439762,0.11815301133439762,0.04544445298084234,0.043881482857493825
C2,1000,56,session3,0.736020429918028,0.6674600094042976,0.0736020429918028,0.028889269329339808,0.027495978530703864
C2,1000,57,session3,1.0466781491862927,0.35679565825789555,0.10466781491862927,0.056697705244916005,0.04910107930931447
C2,1000,58,session3,0.8323347725134604,0.8224344212754249,0.08323347725134604,0.03640331453098763,0.03282637196799394
C2,1000,59,session3,0.8716559953796343,0.8716559953796343,0.08716559953796343,0.021747409505886516,0.01794192238702171
C2,1000,60,session4,0.6246467151886097,0.18844927259359007,0.06246467151886097,0.016603356104164708,0.013719857359142437
C2,1000,61,session4,0.7698357817243606,0.7698357817243606,0.07698357817243606,-0.0012932161098918413,-0.0037754345331968016
C2,1000,62,session4,0.21294978362342842,-0.0835386758278959,0.021294978362342842,0.008572498314033599,0.007704890448746801
C2,1000,63,session4,0.6217929855874974,0.6217929855874974,0.06217929855874974,-0.0019914517872731212,-0.003838230240301965
C2,1000,64,session5,0.16463544974267053,0.08602239939583502,0.016463544974267053,-0.0011174216207593308,-0.0024196108930132597
C2,1000,65,session5,0.25230860463036775,0.25230860463036775,0.025230860463036776,0.011856365349095352,0.010444499143933385
C2,1000,66,session5,0.6548891482515086,0.594024624089754,0.06548891482515086,0.028406848643708422,0.026518614639026623
C2,1000,67,session5,0.7830529435610194,0.7830529435610194,0.07830529435610194,0.011957585784878506,0.011721216259828759
C2,1000,68,session6,0.06423044269201734,0.010959187469557298,0.006423044269201735,0.000984300375227228,-0.00022144768565243714
C2,1000,69,session6,0.5826914866865253,0.5826914866865253,0.05826914866865253,0.01957182734927327,0.01866989096193588
C2,1000,70,session6,0.17624453869498435,0.01562130233931764,0.017624453869498437,0.007206545346957567,0.006668652269349258
C2,1000,71,session6,0.0753363315755942,-0.03153368909962071,0.00753363315755942,0.0028901553066854446,0.0021741994465583918
C2,1000,72,session7,0.3978385775521895,0.3978385775521895,0.03978385775521895,0.009230788911609467,0.008924823076478391
C2,1000,73,session7,0.2435404251716324,0.19685726852706667,0.024354042517163242,-0.001175578744053924,-0.0017971254267360776
C2,1000,74,session7,0.22617729382503052,0.10214588013393794,0.022617729382503053,0.004799387571576439,0.00376387750537823
C2,1000,75,session7,0.33636443587239895,0.18036362860837257,0.0336364435872399,0.01036646587656258,0.009837432874180065
C2,1000,76,session9,0.6074281344030904,0.49218669888594746,0.06074281344030904,0.033261734008186945,0.029310530442494997
C2,1000,77,session9,0.4067178876086988,0.05304492957056939,0.04067178876086988,0.027515266839921754,0.02593739207216164
C2,1000,78,session9,0.6794584963365222,0.6794584963365222,0.06794584963365222,0.015603360284579903,0.014615698001456933
C2,1000,79,session9,0.3120576213026129,0.30587132892346913,0.03120576213026129,0.02262942906499727,0.01909105336896781
C2,4000,0,session0,0.47995323353636865,0.2576157628945801,0.04799532335363686,-0.0018153893068848224,-0.00641058128497647
C2,4000,1,session0,0.6450457378735565,0.6450457378735565,0.06450457378735565,0.021497472301283606,0.02037277231183098
C2,4000,2,session0,0.6356469277553296,0.6356469277553296,0.06356469277553296,0.019046990108539493,0.017714505366424972
C2,4000,3,session0,0.4648237667810557,0.3754314827227657,0.04648237667810557,0.024457861919817876,0.02374785526728266
C2,4000,4,session1,0.6473817024342342,0.5338012979627079,0.06473817024342342,0.03622511742173113,0.03397152311589125
C2,4000,5,session1,0.7934699356382249,0.7370715065123974,0.0793469935638225,0.04764566034278579,0.04445858970631743
C2,4000,6,session1,0.9324868277763078,0.9228727487629521,0.09324868277763078,0.04221290789885635,0.040635524605062597
C2,4000,7,session1,0.8340675463933485,0.29341025278816923,0.08340675463933485,0.036206050764752556,0.034994121317016944
C2,4000,8,session10,0.647919539630667,0.5715295468166504,0.0647919539630667,0.04843641633324883,0.04111575979902421
C2,4000,9,session10,0.7220385773184554,-0.32656947889456844,0.07220385773184554,0.019693625239167917,0.017553500980780228
C2,4000,10,session10,0.29424218505534483,-0.023203400300638704,0.029424218505534484,0.019819807431697554,0.01677990381985727
C2,4000,11,session10,0.976481129286222,0.8052445091656598,0.0976481129286222,0.04950636593662923,0.04798377460089111
C2,4000,12,session11,0.7767950247602918,0.7767950247602918,0.07767950247602919,0.026187350124271692,0.02591823570736266
C2,4000,13,session11,0.19505127049282522,0.15695862796719384,0.019505127049282523,0.010959884256792198,0.010069313688084416
C2,4000,14,session11,0.27859666191156246,0.27859666191156246,0.027859666191156245,0.01284993958745414,0.012285346386823529
C2,4000,15,session11,0.27727739849162775,0.19975512912329038,0.027727739849162776,0.015198884151174855,0.014230395051240819
C2,4000,16,session12,0.5453468739635859,0.12102502779226137,0.0545346873963586,0.03277495016948985,0.031024492680620935
C2,4000,17,session12,0.8968185739483666,0.8968185739483666,0.08968185739483667,0.035484252487897425,0.034635474534817086
C2,4000,18,session12,0.4493043046260723,0.4412452596495642,0.04493043046260723,0.023243786719304955,0.02173433293109183
C2,4000,19,session12,0.503446494829929,0.48260036298348,0.0503446494829929,0.03203687279566666,0.03091843836588381
C2,4000,20,session13,0.7736402475079621,0.7736402475079621,0.0773640247507962,0.028172911442357507,0.02657990206446672
C2,4000,21,session13,0.5363570023830988,0.48806315627507113,0.05363570023830988,0.028011863759894635,0.026315731957222137
C2,4000,22,session13,0.5592730493462739,0.40504102516488283,0.055927304934627387,0.03150168808182172,0.02672222160749733
C2,4000,23,session13,0.6016119166133932,0.5437435760250261,0.06016119166133932,0.041676408655915514,0.038157465683303034
C2,4000,24,session14,1.4069588730283298,0.30077139799455616,0.14069588730283297,0.05047737345075579,0.04331034822657298
C2,4000,25,session14,0.8700316235816845,0.5020921023025193,0.08700316235816845,0.0520526107759262,0.046325353596470775
C2,4000,26,session14,0.6879247805108878,0.6646164716163,0.06879247805108878,0.036144702772842444,0.03253384394659502
C2,4000,27,session14,0.5104141868584848,0.21416620909652515,0.05104141868584848,0.02804253461611205,0.02336974122946708
C2,4000,28,session15,1.001667420099677,0.6852509516418357,0.1001667420099677,0.054883904533973925,0.0529089710733492
C2,4000,29,session15,0.4187227126947067,0.05575028737897166,0.04187227126947067,0.024029591661864618,0.022256744749476608
C2,4000,30,session15,0.26128751957867224,0.025198327697055337,0.026128751957867225,0.01785365843073603,0.015440223344404796
C2,4000,31,session15,0.6800035428240814,0.39462353510171544,0.06800035428240814,0.024380825966665347,0.02168045528930031
C2,4000,32,session16,0.4478084627659988,-0.0715284736415268,0.04478084627659988,0.022619078695923826,0.020081239883557686
C2,4000,33,session16,0.44226179785282443,-0.06838767037478077,0.04422617978528244,0.030989314128777045,0.0288197489144283
C2,4000,34,session16,1.0245023265170077,1.0245023265170077,0.10245023265170076,0.02741725214812878,0.025496045299791416
C2,4000,35,session16,0.6861669748935002,0.6665801412924023,0.06861669748935002,0.02932516504877134,0.026258538145847794
C2,4000,36,session17,0.8234353381424501,-0.3816540382431149,0.082343533814245,0.0336658824302315,0.03153806151722989
C2,4000,37,session17,0.3103615530796546,0.0629729415649091,0.031036155307965458,0.018646546012509445,0.017303667809547486
C2,4000,38,session17,1.305689383682112,0.8642762693846706,0.1305689383682112,0.048891670475206164,0.04454801386044805
C2,4000,39,session17,0.9695931381493028,0.5527079008414117,0.09695931381493028,0.044344445454301995,0.0396481017357142
C2,4000,40,session18,0.27403231619138146,0.07987428711158351,0.027403231619138147,0.01654615630301626,0.014839464627564376
C2,4000,41,session18,0.7374014301045492,0.7374014301045492,0.07374014301045492,0.031108412146727816,0.028717585764449126
C2,4000,42,session18,0.41469089991047436,0.1646794370052939,0.04146908999104744,0.012701533542788917,0.008862763531010853
C2,4000,43,session18,1.0020778298959352,1.0020778298959352,0.10020778298959351,0.03614142858357323,0.03362820376604083
C2,4000,44,session19,0.5528681405015028,0.20381149515773503,0.055286814050150276,0.02922328329150282,0.028371901783554542
C2,4000,45,session19,0.769056433001693,0.769056433001693,0.0769056433001693,0.019837940352799253,0.018339531451681608
C2,4000,46,session19,0.44114035548136743,0.33103873967499653,0.04411403554813674,0.028023028473388324,0.027494268308615937
C2,4000,47,session19,1.0795669816001063,0.9745166365658884,0.10795669816001063,0.06099868443118115,0.06005844658911088
C2,4000,48,session2,0.26413424255807727,-0.18123237289566155,0.026413424255807727,0.01474149686273753,0.011314254103756406
C2,4000,49,session2,0.351585129685421,-0.24696761721786267,0.0351585129685421,0.012815159257879802,0.009828885593042652
C2,4000,50,session2,0.8702035913908616,-0.1762850696476986,0.08702035913908615,0.04254433477874133,0.03857288464920448
C2,4000,51,session2,0.9596130896287706,0.944089842123397,0.09596130896287705,0.03232858924280517,0.030706841039856277
C2,4000,52,session21,1.1713401632568587,1.1713401632568587,0.11713401632568587,0.0234598877376506,0.02278722201889443
C2,4000,53,session21,0.47515197394914993,0.47515197394914993,0.04751519739491499,0.019378154021530664,0.018905042070800418
C2,4000,54,session21,0.6510689139304093,0.6466185338662698,0.06510689139304093,0.0324060831679334,0.03164581751865939
C2,4000,55,session21,1.1703594851466639,1.1703594851466639,0.1170359485146664,0.048115738641466434,0.04660013269515843
C2,4000,56,session3,0.8590452360187781,0.7342553525090666,0.08590452360187781,0.04075635812141694,0.04023230540952976
C2,4000,57,session3,1.5434349433929422,0.12659251900205876,0.15434349433929423,0.0726867301670948,0.07036148635688048
C2,4000,58,session3,1.134522757172544,1.134522757172544,0.1134522757172544,0.041681197057360606,0.04031741458500431
C2,4000,59,session3,0.9201354419707779,0.9201354419707779,0.09201354419707779,0.028879928678344036,0.026669769030677797
C2,4000,60,session4,0.6162129961588836,0.10325624081406698,0.06162129961588836,0.018017582063045993,0.016816803616291846
C2,4000,61,session4,0.8531821288987007,0.8531821288987007,0.08531821288987007,0.0022789961708169102,0.0014820638140971038
C2,4000,62,session4,0.1500125585970005,-0.1753648441691758,0.015001255859700049,0.008730881029397718,0.007930187963203791
C2,4000,63,session4,0.5700747643305092,0.5700747643305092,0.057007476433050916,0.0017481943991338501,0.0008917670290836379
C2,4000,64,session5,0.3944539500335324,0.17427391116751853,0.03944539500335324,0.003645665610723506,0.002589630581259009
C2,4000,65,session5,0.36751521147448274,0.35930923784954355,0.03675152114744827,0.016742564698661734,0.015647438837781143
C2,4000,66,session5,0.7163616713025229,0.7163616713025229,0.0716361671302523,0.03557385523637832,0.03467448624226776
C2,4000,67,session5,0.7531384623613632,0.7531384623613632,0.07531384623613632,0.014807589429782558,0.013501553395231356
C2,4000,68,session6,0.05697819495712536,0.004859949271447072,0.005697819495712536,-0.002786312694846506,-0.0031652273190350155
C2,4000,69,session6,0.970900169594066,0.970900169594066,0.0970900169594066,0.020095757193730045,0.018685486638724748
C2,4000,70,session6,0.18267273870180123,0.019732044659693915,0.018267273870180123,0.00861528690477866,0.007784587277045686
C2,4000,71,session6,0.11465486626991103,-0.04423270973127594,0.011465486626991104,0.004533641096304096,0.003932456660600388
C2,4000,72,session7,0.35236245197289584,0.35236245197289584,0.03523624519728959,0.01266718326770959,0.011328916955152576
C2,4000,73,session7,0.24911479134674558,0.21536531003555473,0.024911479134674556,0.004921006633251126,0.004156809975782597
C2,4000,74,session7,0.2235346673757437,0.12063676783511203,0.022353466737574372,0.006269019910481533,0.005644945555815897
C2,4000,75,session7,0.41926971881953284,0.2420938551448883,0.04192697188195328,0.016174506846940134,0.01358032916583583
C2,4000,76,session9,0.6074490131497148,0.5937475301338887,0.060744901314971476,0.028927406837071123,0.028374582083740246
C2,4000,77,session9,0.44174777154435907,0.2368891260340187,0.04417477715443591,0.03311905409694617,0.031284036630223555
C2,4000,78,session9,0.7856089501670441,0.7856089501670441,0.07856089501670441,0.02041865223896646,0.01891300022466295
C2,4000,79,session9,0.5451000176353356,0.370877795079261,0.05451000176353356,0.034160096458465974,0.0335768497502182
C1,1000,0,session0,0.321838658699435,0.21876024006322659,0.0321838658699435,-0.007368364945762086,-0.009940185388845373
C1,1000,1,session0,0.556985545916203,0.556985545916203,0.0556985545916203,0.01258292683463561,0.0113324980703813
C1,1000,2,session0,0.8806339817898795,0.7748390784068824,0.08806339817898795,0.026837930656290827,0.02605626807323258
C1,1000,3,session0,0.20770939789016868,0.17845338202135722,0.020770939789016868,0.009680441667257973,0.008349487197250163
C1,1000,4,session1,1.028379848230812,1.027975475093475,0.1028379848230812,0.05221606177812384,0.05022440284348282
C1,1000,5,session1,0.7663161105300151,0.7663161105300151,0.07663161105300151,0.03642784396546671,0.03346978073356725
C1,1000,6,session1,0.7923726542080342,0.7923726542080342,0.07923726542080342,0.034987395228156554,0.03433300754345627
C1,1000,7,session1,0.8622328837951285,0.29766373678914004,0.08622328837951285,0.03237295427638086,0.03155647773113148
C1,1000,8,session10,0.5328076975973339,0.24130341945716527,0.05328076975973339,0.03331828398305249,0.02845352813364489
C1,1000,9,session10,0.3934328394904305,-0.3159902936634938,0.03934328394904305,0.016536354950041382,0.0157472642274618
C1,1000,10,session10,0.4305367488666496,0.04643361763359194,0.043053674886664964,0.02524836235910219,0.024137417461174385
C1,1000,11,session10,0.7325853056832667,0.6626990927711214,0.07325853056832668,0.03769684909860212,0.03706973602963148
C1,1000,12,session11,0.7228878076556446,0.7228878076556446,0.07228878076556447,0.02456111778926304,0.023567160244601457
C1,1000,13,session11,0.18071684175920308,0.1239820583917799,0.018071684175920307,0.010497769763368326,0.009715252126097747
C1,1000,14,session11,0.29243851339670474,0.29243851339670474,0.029243851339670474,0.011471033746085182,0.010476456311459676
C1,1000,15,session11,0.4597930677054603,0.4249283441325976,0.04597930677054603,0.015827598710633405,0.013472425854610892
C1,1000,16,session12,0.3189205012247154,0.19890493996857597,0.03189205012247154,0.0279442385587886,0.025776985166452677
C1,1000,17,session12,0.922593809255243,0.922593809255243,0.0922593809255243,0.035495146593309206,0.03351331328278194
C1,1000,18,session12,0.43596031533598684,0.4317551042681528,0.043596031533598686,0.0196614748049558,0.019233172539592912
C1,1000,19,session12,0.47291684877886797,0.45907813201591513,0.0472916848778868,0.029547090181028423,0.0271910560037145
C1,1000,20,session13,0.5519683934825452,0.514835829321457,0.05519683934825452,0.02418442618325276,0.022128642796690703
C1,1000,21,session13,0.7234549827245629,0.7204628324746842,0.07234549827245629,0.031776318344982936,0.029465891391982836
C1,1000,22,session13,0.5211636034468141,0.2868537105228616,0.05211636034468141,0.02716563010576693,0.02308252034963175
C1,1000,23,session13,0.7353715469624228,0.7158828481651555,0.07353715469624228,0.03352114264357246,0.031307204469913565
C1,1000,24,session14,1.3580291640115871,0.34302751118196523,0.1358029164011587,0.04073727338696796,0.039119870360845244
C1,1000,25,session14,0.6496495323357713,0.5516836550761958,0.06496495323357712,0.03705011709853752,0.03602954308839473
C1,1000,26,session14,0.6053918451638891,0.5978881783496247,0.060539184516388914,0.028948369047755506,0.02823677653941547
C1,1000,27,session14,0.3639815631502958,0.22108554433871713,0.03639815631502958,0.01609331522704108,0.01562738778987413
C1,1000,28,session15,1.04465225372667,0.8103965569222132,0.104465225372667,0.04307212087006803,0.04181548636895482
C1,1000,29,session15,0.35874115341488133,0.02975840893870257,0.035874115341488134,0.01538090271901466,0.014890320193297033
C1,1000,30,session15,0.23594380574886875,-0.022161691021174806,0.023594380574886876,0.011822033741751888,0.010589331357688771
C1,1000,31,session15,0.5054087769459147,0.353927463111093,0.050540877694591466,0.01711170829898545,0.01522866413417134
C1,1000,32,session16,0.4100853518835674,-0.11938731361484778,0.04100853518835674,0.018673813596762602,0.017560178820156418
C1,1000,33,session16,0.23788666045910026,0.0368144340925055,0.023788666045910026,0.013528205948569943,0.012010889573438361
C1,1000,34,session16,0.782160345052225,0.782160345052225,0.07821603450522249,0.024268832883255723,0.021436847918333272
C1,1000,35,session16,0.6851816187507743,0.6785085498203507,0.06851816187507744,0.020283529459675542,0.01753145240083789
C1,1000,36,session17,0.6864775618886079,-0.30043813579540346,0.06864775618886079,0.02109861942122313,0.020021618061880082
C1,1000,37,session17,0.2835488635323412,0.03444366859692616,0.028354886353234122,0.012596745059704484,0.007541308905123706
C1,1000,38,session17,1.1543090584102895,0.8856611509267005,0.11543090584102896,0.03702451572639482,0.03386496624038945
C1,1000,39,session17,0.7161830377499745,0.6049823806851702,0.07161830377499745,0.024802580227203656,0.02116730766577737
C1,1000,40,session18,0.8447731228271642,0.03938733569790154,0.08447731228271642,0.030484503161314364,0.02912652670595216
C1,1000,41,session18,0.30656172991995023,0.30460633731255005,0.030656172991995023,0.019058358384927403,0.016491267389422786
C1,1000,42,session18,0.3236787593434857,0.3128535705264445,0.032367875934348575,0.015674330189448547,0.01103202153816221
C1,1000,43,session18,1.1717957853897683,1.1717957853897683,0.11717957853897683,0.032056727460031756,0.03164662010449077
C1,1000,44,session19,0.4925546724111862,0.4639388382987707,0.04925546724111862,0.0321464016718218,0.028142868448048225
C1,1000,45,session19,0.6089272478855293,0.6089272478855293,0.060892724788552934,0.02524620826946858,0.0212899976655025
C1,1000,46,session19,0.5041423654652801,0.17955913246489325,0.05041423654652801,0.02599968686023969,0.024934262718538866
C1,1000,47,session19,0.9644613256241791,0.9141848790740692,0.09644613256241791,0.056086348232011016,0.04975714453489707
C1,1000,48,session2,0.2609563253447183,-0.15004877969436625,0.02609563253447183,0.006412726862047623,0.004717005108069424
C1,1000,49,session2,0.11372418270957152,-0.22972697903071726,0.011372418270957151,0.003518680459904771,-5.849666006605535e-05
C1,1000,50,session2,0.7341369956272814,-0.11736565535644293,0.07341369956272814,0.02967236497413574,0.028708882927840556
C1,1000,51,session2,0.9803449156488907,0.9330181891922846,0.09803449156488907,0.028295485753685123,0.025650184349368037
C1,1000,52,session21,0.9925469410718182,0.9925469410718182,0.09925469410718182,0.024908604237136055,0.02451839543088726
C1,1000,53,session21,0.6744942150956537,0.6744942150956537,0.06744942150956537,0.029809214916172423,0.028033507710808203
C1,1000,54,session21,0.8041695609779387,0.8041695609779387,0.08041695609779387,0.037961669481098984,0.037042495885518285
C1,1000,55,session21,1.1181709025487079,1.1181709025487079,0.11181709025487079,0.045802291888640274,0.045342458582327515
C1,1000,56,session3,0.7621090018865962,0.6243527832786493,0.07621090018865963,0.03202851985012797,0.03066778827191192
C1,1000,57,session3,1.0011546043528596,0.3427484840400241,0.10011546043528596,0.054016567339842766,0.05191727056941908
C1,1000,58,session3,0.8135245295240163,0.7975490124498975,0.08135245295240164,0.034154492990017146,0.03368396912961533
C1,1000,59,session3,0.9108144424426403,0.9108144424426403,0.09108144424426404,0.0226225890432604,0.020406045526812404
C1,1000,60,session4,0.6771357640749571,0.21180755082366304,0.06771357640749572,0.02133520178176523,0.02034377449832745
C1,1000,61,session4,0.7977396577513366,0.7977396577513366,0.07977396577513365,0.0059281693561435604,0.002805946222206231
C1,1000,62,session4,0.15023993429294685,-0.03874578618196039,0.015023993429294686,0.007257127768491878,0.006905228201655278
C1,1000,63,session4,0.6360766537843963,0.6360766537843963,0.06360766537843962,0.004065327617795965,0.0017400224864924697
C1,1000,64,session5,0.2092691794165652,0.051685653925059645,0.02092691794165652,0.0020245487524911945,0.0009787819958296778
C1,1000,65,session5,0.2906692124659901,0.2805815766071208,0.029066921246599008,0.011972229331002419,0.010426970104201412
C1,1000,66,session5,0.5624970237608513,0.5372114714093069,0.056249702376085134,0.0270623458696272,0.02613251755276615
C1,1000,67,session5,0.7088885460796167,0.7088885460796167,0.07088885460796167,0.016181172630411012,0.014368204613272689
C1,1000,68,session6,0.04545412901979505,0.010420934698991191,0.004545412901979505,0.002419034656518173,0.002159849329744347
C1,1000,69,session6,0.5484794203285589,0.5484794203285589,0.05484794203285589,0.016167147439492928,0.014258691020546591
C1,1000,70,session6,0.15118555634021313,0.014522148640596338,0.015118555634021313,0.007138695800247572,0.004730272676281412
C1,1000,71,session6,0.10703109736598695,-0.0039420147039300356,0.010703109736598696,0.005867069020443228,0.005200051474449554
C1,1000,72,session7,0.4025410677740407,0.4025410677740407,0.04025410677740407,0.009180746312814129,0.008179736909464075
C1,1000,73,session7,0.26409505030011315,0.23319974079215106,0.026409505030011316,0.004113529109426953,0.0015443438388720245
C1,1000,74,session7,0.22410206867223464,0.13457671563895737,0.022410206867223465,0.007778973180101084,0.006786919919511051
C1,1000,75,session7,0.27810224874201994,0.1750113230060639,0.027810224874201993,0.01335661939699249,0.011788720609066492
C1,1000,76,session9,0.5904747510295406,0.41211771428215993,0.059047475102954064,0.03285566706034672,0.031331461647334385
C1,1000,77,session9,0.3060379501067333,0.03236687054560071,0.03060379501067333,0.02453951631286587,0.022349140092162486
C1,1000,78,session9,0.565235409889895,0.565235409889895,0.0565235409889895,0.016752473352395693,0.015399861046705387
C1,1000,79,session9,0.3414991374694568,0.25297070235033986,0.03414991374694568,0.025252250388817038,0.022958312209316368
C0,128,0,session0,0.12385059270593138,0.11357370401716424,0.012385059270593139,-0.003608246371610689,-0.0036942928366491003
C0,128,1,session0,0.2291149729896803,0.2291149729896803,0.02291149729896803,0.005152548326412797,0.004897574093252753
C0,128,2,session0,0.46045221892101085,0.3642746489211949,0.046045221892101085,0.01588332515112163,0.015217828645813456
C0,128,3,session0,0.13411104371445723,0.10860442461201289,0.013411104371445723,0.0038831140637760587,0.0031438945202909114
C0,128,4,session1,0.5566441880049939,0.5566441880049939,0.055664418800499396,0.031405017830370495,0.030347005232613817
C0,128,5,session1,0.2949825317049583,0.2943168833905216,0.02949825317049583,0.01708663002236609,0.016508009085008258
C0,128,6,session1,0.3863787808695153,0.3582453484002823,0.03863787808695153,0.020037730947422186,0.01911669779878471
C0,128,7,session1,0.3629936815793401,0.2236321062752455,0.03629936815793401,0.014399600306586352,0.013797668382196584
C0,128,8,session10,0.32086233064987485,0.23991191948889082,0.032086233064987486,0.02053380548223983,0.019879771467509445
C0,128,9,session10,0.31256629051929485,0.0030207092224597467,0.03125662905192948,0.009696646767438418,0.009272354224397721
C0,128,10,session10,0.39455907168826576,0.19336345338490743,0.039455907168826576,0.018446691820358057,0.01792190391553025
C0,128,11,session10,0.41347985151174227,0.41325461626699217,0.04134798515117423,0.01872190542900179,0.017915469376440923
C0,128,12,session11,0.4632449605161174,0.4632449605161174,0.04632449605161174,0.013839806608694216,0.013617125346947302
C0,128,13,session11,0.1500733926580848,-0.007608629375695201,0.015007339265808481,0.00664467057095249,0.006266443320096705
C0,128,14,session11,0.10750160152415983,0.06492373628034337,0.010750160152415983,0.0048577879536943775,0.004646057209858505
C0,128,15,session11,0.3086268370400688,0.3086268370400688,0.030862683704006882,0.00979612742800425,0.009546746604970851
C0,128,16,session12,0.20570947436539178,0.12051597400744263,0.02057094743653918,0.013655510804965635,0.013059530590200713
C0,128,17,session12,0.39928348389343987,0.35184961074424226,0.03992834838934399,0.017893438338818755,0.01736889321104781
C0,128,18,session12,0.1907557150880387,0.17208313069767223,0.01907557150880387,0.008984366708026301,0.008594488744744073
C0,128,19,session12,0.19398614631338593,0.19398614631338593,0.019398614631338594,0.011726292315122178,0.011409153284698857
C0,128,20,session13,0.33134623409630837,0.3098040068205599,0.03313462340963084,0.016299018199076958,0.015830703967757286
C0,128,21,session13,0.31730880655254434,0.25655556659492407,0.03173088065525444,0.018978398253546063,0.018498822036199535
C0,128,22,session13,0.25844203257802145,0.22758017555208354,0.025844203257802144,0.015516473075755155,0.014957943208020704
C0,128,23,session13,0.32119678287723374,0.19567402957680796,0.03211967828772337,0.020327713882262226,0.019429449446656467
C0,128,24,session14,0.46065543191151537,0.09040518788051302,0.04606554319115154,0.013110465613754303,0.01249060723546487
C0,128,25,session14,0.34215649249188657,0.2913169432153967,0.03421564924918866,0.01796835204456474,0.01775720266513496
C0,128,26,session14,0.23135509607069465,0.23135509607069465,0.023135509607069466,0.008490101433264993,0.008043282627467068
C0,128,27,session14,0.1710810143737707,0.1710810143737707,0.017108101437377073,0.007128587716891581,0.0066197786892093925
C0,128,28,session15,0.23752548106038754,0.23595044293239156,0.023752548106038752,0.011215861624994425,0.011100898366004109
C0,128,29,session15,0.10165112444742971,0.048086825160286194,0.010165112444742972,0.000872952675339092,0.0004988578372377899
C0,128,30,session15,0.07014499760798319,0.01608851040033261,0.007014499760798319,0.0020184221112483293,0.0014331577035192216
C0,128,31,session15,0.14383420235711836,0.12685234496189435,0.014383420235711836,0.001997894370176609,0.0017998843877939403
C0,128,32,session16,0.1882912353384875,-0.05338771993163252,0.01882912353384875,0.010621207184534949,0.008700871709823213
C0,128,33,session16,0.12901389660672893,0.08923614293583976,0.012901389660672894,0.006188280376810339,0.0058350822608595875
C0,128,34,session16,0.19646588208741056,0.16567254008083804,0.019646588208741055,0.008727799047288699,0.00825940477240365
C0,128,35,session16,0.3203267358781373,0.3190552468048573,0.03203267358781373,0.008996163112266432,0.008697929821908786
C0,128,36,session17,0.2455523284832101,-0.07713324104920889,0.02455523284832101,0.00869057092986891,0.00837601051100958
C0,128,37,session17,0.14214305693720927,0.0114197001869414,0.014214305693720928,0.0007439033019164984,0.00011251701158759321
C0,128,38,session17,0.3281281518843782,0.3240057567607592,0.03281281518843782,0.011613753519478397,0.011504113655688635
C0,128,39,session17,0.3578454057590136,0.3452649629453407,0.03578454057590136,0.013046989487049628,0.012292464654303274
C0,128,40,session18,0.3274979480394945,0.10911459449324457,0.03274979480394945,0.012286045628907,0.01170055888726763
C0,128,41,session18,0.13475674152396358,-0.004060497233035287,0.013475674152396358,0.007856165495380896,0.00743539833174498
C0,128,42,session18,0.29233484602367116,0.01868333741046294,0.029233484602367115,0.0063490882554064956,0.005836131610396493
C0,128,43,session18,0.5210075733061946,0.5210075733061946,0.05210075733061946,0.017709139865281397,0.016689259760109876
C0,128,44,session19,0.29774744896696903,0.290933079825325,0.029774744896696903,0.013345777458513758,0.012874441654947505
C0,128,45,session19,0.20469788456490434,0.20469788456490434,0.020469788456490435,0.004246124818470941,0.0037582311453697023
C0,128,46,session19,0.3828819667244604,0.11510909519108407,0.03828819667244604,0.011033867167246759,0.010624683306104178
C0,128,47,session19,0.4279057559786997,0.405013389362812,0.042790575597869966,0.017490475615066732,0.01672656568184077
C0,128,48,session2,0.07320373335330214,-0.03942977740492073,0.007320373335330215,0.004012770075572358,0.0030749093771335113
C0,128,49,session2,0.06169932296769085,-0.20299595599286957,0.006169932296769085,-0.002638459798124356,-0.003276728743185757
C0,128,50,session2,0.264080662661902,-0.04019156691931522,0.0264080662661902,0.009755455887753308,0.008564606787181812
C0,128,51,session2,0.32030614925267187,0.30146070636074523,0.03203061492526719,0.009851615142165551,0.009242673621839264
C0,128,52,session21,0.5062955727841127,0.5062955727841127,0.05062955727841127,0.013658520906992665,0.013259129565854521
C0,128,53,session21,0.2852668093338457,0.2351077052467483,0.02852668093338457,0.013570971070010967,0.012728178904291777
C0,128,54,session21,0.5622412339216251,0.5622412339216251,0.056224123392162505,0.018907405224503238,0.018234765641388002
C0,128,55,session21,0.6109601523462413,0.6109601523462413,0.061096015234624136,0.025790436671761934,0.02506895319306627
C0,128,56,session3,0.526190466560563,0.2955901477224757,0.0526190466560563,0.017877634833439234,0.017051545158618762
C0,128,57,session3,0.48488001886459897,0.1795577135996675,0.048488001886459894,0.02234143547261991,0.02178272633519101
C0,128,58,session3,0.2950471513872615,0.2754293014904668,0.02950471513872615,0.012871245346614647,0.01260600691979068
C0,128,59,session3,0.2953454872569868,0.2953454872569868,0.02953454872569868,0.0068530247730899845,0.006467892757790616
C0,128,60,session4,0.3286416801068992,0.12024614754146044,0.03286416801068992,0.00994364078217329,0.009470391801328141
C0,128,61,session4,0.3351961205165754,0.3351961205165754,0.03351961205165754,0.0013166237344817357,0.0011334493118508294
C0,128,62,session4,0.059814083005613146,-0.051057887931728205,0.005981408300561314,0.001831521531947786,0.0016136986628360554
C0,128,63,session4,0.3228412486015375,0.3228412486015375,0.03228412486015375,-0.001644315607465659,-0.0019430308630710533
C0,128,64,session5,0.11149018212029153,-0.03751189139903589,0.011149018212029153,0.00014176413291272163,-0.0002850136887721631
C0,128,65,session5,0.15831139575604156,0.15831139575604156,0.015831139575604156,0.005946323221014639,0.005801149692979391
C0,128,66,session5,0.37741800704153783,0.2471708883223794,0.03774180070415378,0.01591924729934682,0.015714972199676082
C0,128,67,session5,0.44678041925826556,0.44678041925826556,0.044678041925826556,0.008438202775819614,0.00813630027458483
C0,128,68,session6,0.048571801748649,0.04383435912917935,0.0048571801748649,0.0006263173145740306,0.0005579842277031099
C0,128,69,session6,0.19307955782459066,0.19307955782459066,0.019307955782459064,0.0053287504219314205,0.0052714080756331595
C0,128,70,session6,0.05538472456175065,-0.021848909899966934,0.005538472456175065,0.001989180841742212,0.0017151221949936416
C0,128,71,session6,0.0681802230517042,-0.0007889290681271754,0.006818022305170419,0.0016805539184065656,0.0014666364602651004
C0,128,72,session7,0.14649503952943616,0.14649503952943616,0.014649503952943616,0.0012825948853132985,0.0010521797613924002
C0,128,73,session7,0.14086497958425792,0.08789359604361888,0.014086497958425792,0.0013599151306143528,0.001151398568459772
C0,128,74,session7,0.1466792553472611,0.08098248621613087,0.014667925534726109,0.0031446845529112485,0.0026011694776664008
C0,128,75,session7,0.16615082766627276,0.09827762141823443,0.016615082766627275,0.004178323127262432,0.004048335139805623
C0,128,76,session9,0.18921706719918285,0.14433508738288525,0.018921706719918285,0.012475719721376356,0.012177811316658963
C0,128,77,session9,0.2451057265436359,0.06942980897752639,0.024510572654363592,0.012873254614216376,0.012212177440839984
C0,128,78,session9,0.33608171054348945,0.33608171054348945,0.03360817105434895,0.009685381341776683,0.00922842496501627
C0,128,79,session9,0.2080488666622289,0.18924684619662693,0.02080488666622289,0.01494627071647589,0.013672724187344462
C1,128,0,session0,0.2814095321914705,0.23283288503238556,0.02814095321914705,2.5460208810371836e-05,-0.0007947368795735877
C1,128,1,session0,0.2783325691982897,0.2783325691982897,0.02783325691982897,0.007539678603943894,0.006709451363267423
C1,128,2,session0,0.39500586963477474,0.3199744893949257,0.039500586963477476,0.014695079005695421,0.01342389341341994
C1,128,3,session0,0.26384008549438664,0.13074506865947738,0.026384008549438665,0.005173961819696651,0.003844281112474952
C1,128,4,session1,0.4140726264666992,0.3930754377964102,0.04140726264666992,0.03123823582671049,0.0268242967986697
C1,128,5,session1,0.27396628759959873,0.25300234253521553,0.027396628759959872,0.016838016276162535,0.015769598550573114
C1,128,6,session1,0.2945065866089884,0.29026254841128796,0.029450658660898837,0.019937959637897806,0.018020648389057318
C1,128,7,session1,0.3546443607908532,0.20181126034099472,0.035464436079085324,0.01728157614569524,0.015362469319914435
C1,128,8,session10,0.3370692705593571,0.13668186649542224,0.03370692705593571,0.021511259161942797,0.02029199102323818
C1,128,9,session10,0.311904183825169,0.05566766642370316,0.031190418382516898,0.014938339792905559,0.012762783421574313
C1,128,10,session10,0.36472450243088345,0.10582911324517302,0.036472450243088345,0.017596421690574116,0.01556765937430396
C1,128,11,session10,0.44342859301186033,0.42816551589853574,0.04434285930118603,0.02150068960144113,0.020138634168622976
C1,128,12,session11,0.519325820312616,0.519325820312616,0.051932582031261595,0.01739309146825981,0.01523620000784195
C1,128,13,session11,0.15223441826728448,0.03459293857489361,0.015223441826728449,0.00838123377255787,0.008079900497257052
C1,128,14,session11,0.16409196335243476,0.09448530436866834,0.016409196335243476,0.00873348631946317,0.00837688594946766
C1,128,15,session11,0.30700348981187614,0.30700348981187614,0.030700348981187613,0.011747643854232137,0.010523907007698573
C1,128,16,session12,0.2607368397981237,0.21849247122138404,0.026073683979812367,0.016678593182640457,0.015835374970139898
C1,128,17,session12,0.3885913478796793,0.36879177305530897,0.03885913478796793,0.02185717030560856,0.02126144622550482
C1,128,18,session12,0.2590298917117177,0.1802807289509296,0.02590298917117177,0.01305647286085999,0.012421842863357133
C1,128,19,session12,0.20704788765664567,0.17242907153549902,0.020704788765664568,0.015117187861088326,0.014563206975891219
C1,128,20,session13,0.26596621639977863,0.24887119492115978,0.026596621639977863,0.015291407626506492,0.014299851936487437
C1,128,21,session13,0.36235292865966573,0.3496585803080246,0.03623529286596657,0.020705734235567538,0.018510835845423606
C1,128,22,session13,0.18695931745477076,0.09215949761454616,0.018695931745477075,0.011522898963177024,0.008756174615259512
C1,128,23,session13,0.30074595552974676,0.16755121194915393,0.030074595552974676,0.015991132880988256,0.013759060847986896
C1,128,24,session14,0.5747379178964771,0.15311914112617364,0.05747379178964771,0.019959751791088116,0.019422154616484374
C1,128,25,session14,0.35334040830309577,0.2769284618643477,0.035334040830309575,0.01761258284771345,0.016537474854866945
C1,128,26,session14,0.306187560120119,0.306187560120119,0.0306187560120119,0.01241791322377207,0.011785026732241442
C1,128,27,session14,0.24423316899633823,0.15705416075676537,0.024423316899633823,0.009509622759322494,0.009117072284835563
C1,128,28,session15,0.3629021679313838,0.28461702403172934,0.03629021679313838,0.014354538992528185,0.013409073320649592
C1,128,29,session15,0.13501323574325688,0.09626092058325031,0.013501323574325689,0.0062037148033397,0.005136847264678326
C1,128,30,session15,0.053430294702595,-0.012938901670386463,0.0053430294702595,0.002718443426459184,0.0022342769204160406
C1,128,31,session15,0.12999003730954514,0.11154818297516803,0.012999003730954514,0.0066996235300782105,0.005815122628392315
C1,128,32,session16,0.185300154428204,-0.1326251474902866,0.0185300154428204,0.009128010874085556,0.008011744635287445
C1,128,33,session16,0.19547051335508608,0.06839139388125823,0.01954705133550861,0.007870926631919956,0.006893031617473582
C1,128,34,session16,0.2769416138770076,0.2568055972614766,0.027694161387700762,0.011913369527818945,0.009890929455101907
C1,128,35,session16,0.31141114467634456,0.24698983928620508,0.031141114467634456,0.009075602023438852,0.007625473519853323
C1,128,36,session17,0.25560779705438996,-0.0873516083608159,0.025560779705438998,0.008154215616130576,0.00781856696139533
C1,128,37,session17,0.13720767560170513,-0.010357383494148631,0.013720767560170512,0.0014674543560886085,0.0008837995928902803
C1,128,38,session17,0.4083188342514441,0.29123591076552496,0.04083188342514441,0.013447626673965287,0.01298640666238223
C1,128,39,session17,0.3953885332867103,0.39525662121743504,0.039538853328671034,0.013900242715943312,0.013214507515376806
C1,128,40,session18,0.45123961825827863,0.16476089055009263,0.04512396182582786,0.015344880478123124,0.014887543286013893
C1,128,41,session18,0.19236112371375325,0.1344354162173378,0.019236112371375326,0.01350615890694388,0.01289076022371711
C1,128,42,session18,0.13431458005519437,0.10911739074311627,0.013431458005519436,0.004836740535606072,0.004053664136286612
C1,128,43,session18,0.41197936737900953,0.40394875505291916,0.04119793673790095,0.020380797134744062,0.01933048366012664
C1,128,44,session19,0.3478659418111899,0.3300090944997162,0.03478659418111899,0.01739185596844928,0.016813208857697083
C1,128,45,session19,0.21575971190830656,0.21575971190830656,0.021575971190830656,0.007780410463228396,0.007275177293880568
C1,128,46,session19,0.3970031467485521,0.056157177333133926,0.03970031467485521,0.01545098951302169,0.014039183392779635
C1,128,47,session19,0.4149649428760951,0.4149649428760951,0.04149649428760951,0.02041188703291982,0.01944223908639759
C1,128,48,session2,0.06945809401965813,-0.01958393039399389,0.006945809401965814,0.003095054713288696,0.0009645001176889833
C1,128,49,session2,0.05986798565654258,-0.14357969656420616,0.0059867985656542584,-0.00016228747542898093,-0.0016287331692530112
C1,128,50,session2,0.33089787820037236,-0.052557835372099466,0.033089787820037235,0.01150627194932734,0.011015978561776406
C1,128,51,session2,0.2676866690415975,0.2672270495254169,0.02676866690415975,0.008637903776254155,0.008344605788493645
C1,128,52,session21,0.43598862608913463,0.43598862608913463,0.04359886260891346,0.015128496966991662,0.014667964946829698
C1,128,53,session21,0.251721459747844,0.2453844150488449,0.0251721459747844,0.01597535905912011,0.015181927866006117
C1,128,54,session21,0.4681885791282303,0.4681885791282303,0.04681885791282303,0.022410764217965444,0.021577360577285036
C1,128,55,session21,0.6362760402590311,0.6362760402590311,0.0636276040259031,0.027834079468767252,0.026898385979483918
C1,128,56,session3,0.4204236119913393,0.23066666196208999,0.04204236119913393,0.016661483214203868,0.013336717651140226
C1,128,57,session3,0.42829035706846225,0.16985219699500875,0.04282903570684622,0.0206131023292462,0.01966359971825664
C1,128,58,session3,0.3372716721724818,0.27984950838571104,0.03372716721724818,0.01635477657266307,0.014873492919243909
C1,128,59,session3,0.20874226061280038,0.20874226061280038,0.02087422606128004,0.006635273778006462,0.005952502938908284
C1,128,60,session4,0.4708506371954357,0.15200819224245918,0.04708506371954357,0.01465452416807062,0.013357978103766922
C1,128,61,session4,0.3074543906690907,0.3074543906690907,0.030745439066909068,0.00452333265632564,0.0038233121574196907
C1,128,62,session4,0.0780436884627592,-0.042823546182601605,0.007804368846275921,0.005403004957491445,0.00498661822227346
C1,128,63,session4,0.2673425160409493,0.2673425160409493,0.026734251604094927,0.0028463964879883044,0.0026572937833989523
C1,128,64,session5,0.05965650813205841,-0.023536356584637035,0.005965650813205841,0.0007931318672760084,-0.00010516627089865311
C1,128,65,session5,0.15712857910165434,0.11842510773989363,0.015712857910165433,0.0067280197120013485,0.005811846522504166
C1,128,66,session5,0.29957714033834365,0.21111461060870565,0.029957714033834366,0.01762625476414282,0.01581763754025716
C1,128,67,session5,0.39584856494493537,0.39584856494493537,0.03958485649449354,0.006771400066181389,0.006513386294219897
C1,128,68,session6,0.03945310754659777,0.01907140608389231,0.003945310754659777,0.0024760203630339447,0.0019266741242564885
C1,128,69,session6,0.18145617414032175,0.18145617414032175,0.018145617414032176,0.005541612835850836,0.00447864509421812
C1,128,70,session6,0.11652267280248033,-0.030509034858397534,0.011652267280248032,0.003592429245061147,0.00330585477155631
C1,128,71,session6,0.19743168510718634,0.014599302921203532,0.019743168510718632,0.007862580612690623,0.0069149751868684455
C1,128,72,session7,0.1685930484229009,0.1685930484229009,0.01685930484229009,0.004489846927518609,0.003921492173169403
C1,128,73,session7,0.11241524799559718,0.048940347419132446,0.011241524799559718,0.0031419766280776466,0.002294185740237484
C1,128,74,session7,0.20004808874013502,0.14568973478743066,0.020004808874013503,0.006704218027527529,0.0059587860530576535
C1,128,75,session7,0.2472385481823306,0.14296672179698527,0.02472385481823306,0.008220486538946182,0.008037944455510444
C1,128,76,session9,0.24253673340504783,0.16075966881478232,0.024253673340504784,0.018538866243564357,0.017547793782460984
C1,128,77,session9,0.292336806483513,-0.03701584764966787,0.0292336806483513,0.019288029541933965,0.01485922560822229
C1,128,78,session9,0.32808045563026994,0.32808045563026994,0.032808045563026994,0.013863857519698658,0.012979349125245444
C1,128,79,session9,0.232409804594509,0.17478362791770133,0.0232409804594509,0.017047824446524314,0.012999088062076624
C2,2000,0,session0,0.3868722420262787,0.2868774770769837,0.038687224202627865,-0.006465381030165865,-0.007988310942718999
C2,2000,1,session0,0.3850155271356884,0.3850155271356884,0.03850155271356884,0.01072312878466851,0.007532620194005588
C2,2000,2,session0,0.8108627431251623,0.8108627431251623,0.08108627431251622,0.02006559516737044,0.01941867211461253
C2,2000,3,session0,0.24248583799170698,0.24248583799170698,0.0242485837991707,0.014217269025143902,0.012042097413475648
C2,2000,4,session1,1.0873075474064666,1.0873075474064666,0.10873075474064667,0.052174107987927466,0.050192719091017
C2,2000,5,session1,0.6780624563487705,0.6767218682825785,0.06780624563487705,0.04344997160872271,0.04258642759738799
C2,2000,6,session1,0.875668110807883,0.875668110807883,0.0875668110807883,0.03857797499425909,0.03584166597868895
C2,2000,7,session1,0.9307441768675312,0.32679637257034716,0.09307441768675312,0.03368190865651319,0.030516468363577093
C2,2000,8,session10,0.6700588429387054,0.47194759162877564,0.06700588429387054,0.049913748158006796,0.04330610027241842
C2,2000,9,session10,0.535765572892992,-0.3213931798944012,0.0535765572892992,0.018707567881615716,0.01665921459413837
C2,2000,10,session10,0.5921456436188772,0.10333537504015655,0.059214564361887725,0.0320526229724189,0.030019189905674863
C2,2000,11,session10,0.8961279372558483,0.8930140635761187,0.08961279372558482,0.04132288442176807,0.04020174932830175
C2,2000,12,session11,0.8256860574025175,0.8256860574025175,0.08256860574025175,0.02154512944798872,0.020486137858474467
C2,2000,13,session11,0.14580800709153413,0.08963656627737908,0.014580800709153413,0.00858821418283361,0.007791074943395945
C2,2000,14,session11,0.31771332447984063,0.31771332447984063,0.031771332447984066,0.009392077632852897,0.008836933192924955
C2,2000,15,session11,0.42683545978111215,0.3622657674867785,0.04268354597811121,0.015437502991608195,0.01490330476877746
C2,2000,16,session12,0.4868873495232261,0.1992274576723347,0.04868873495232261,0.02919947239897309,0.02817285619685892
C2,2000,17,session12,0.8762126681186921,0.8762126681186921,0.08762126681186921,0.031290125990648995,0.03040862766103896
C2,2000,18,session12,0.3236816740552477,0.30958663608566683,0.03236816740552477,0.01817605661897053,0.01647998358236408
C2,2000,19,session12,0.5704183279841822,0.5704183279841822,0.05704183279841822,0.028900608203974915,0.027532928944436874
C2,2000,20,session13,0.6956580879863258,0.6956580879863258,0.06956580879863258,0.022964273471188772,0.021364521764763188
C2,2000,21,session13,0.5979857355467264,0.5979857355467264,0.05979857355467264,0.020806074103233405,0.01991282707774049
C2,2000,22,session13,0.5836231908825323,0.2919838541688532,0.058362319088253234,0.022201862816281247,0.021963613505922134
C2,2000,23,session13,0.7313529622532399,0.7313529622532399,0.07313529622532398,0.028033675890518937,0.027334474592513043
C2,2000,24,session14,1.4428345270446188,0.48796252552445624,0.14428345270446188,0.0467156015366743,0.04601418649036116
C2,2000,25,session14,0.7755780530555709,0.4555759843391894,0.07755780530555709,0.04110965296257278,0.03941886508005076
C2,2000,26,session14,0.6985968620704882,0.5902755833505479,0.06985968620704883,0.02979879297840346,0.02891208190053287
C2,2000,27,session14,0.3395122982044291,0.20868138118673651,0.03395122982044291,0.021139744704620368,0.020694886743692905
C2,2000,28,session15,1.1048873017615541,0.8524272654413823,0.11048873017615542,0.043101957520963366,0.04176838598599433
C2,2000,29,session15,0.15387962499214508,0.10821861989261865,0.015387962499214508,0.008768860114610295,0.0071182827347567295
C2,2000,30,session15,0.17761652955379184,0.039033565997090076,0.017761652955379185,0.006318271882540812,0.005584066437700627
C2,2000,31,session15,0.4604385796046607,0.37203651212269245,0.046043857960466075,0.012522726310181993,0.011426942492754387
C2,2000,32,session16,0.540267128035807,-0.29920014066828116,0.0540267128035807,0.020367520535637628,0.02017786421979489
C2,2000,33,session16,0.275453380689214,0.025267258578327415,0.0275453380689214,0.017837069778317085,0.016301721131267342
C2,2000,34,session16,0.7192858463930807,0.7192858463930807,0.07192858463930807,0.025262396832142892,0.024114273706269247
C2,2000,35,session16,0.7476713901466429,0.7476713901466429,0.07476713901466428,0.014341646772894881,0.01288156068391105
C2,2000,36,session17,0.714943831562942,-0.3343815654106166,0.0714943831562942,0.02288518903724419,0.021102867837372863
C2,2000,37,session17,0.2779966298282949,0.027737521385248487,0.027799662982829494,0.007500202991095618,0.006733781818438889
C2,2000,38,session17,1.3198999872691344,0.7488851768692314,0.13198999872691344,0.035710835643953845,0.03355954286305563
C2,2000,39,session17,0.729381679923415,0.6513375006632174,0.0729381679923415,0.023339154388174372,0.020996247107041212
C2,2000,40,session18,0.5506560804545375,0.02004895494739074,0.055065608045453754,0.022510010407862803,0.02174385184761266
C2,2000,41,session18,0.5187132620157328,0.5187132620157328,0.051871326201573274,0.023373473052133845,0.02147664963509089
C2,2000,42,session18,0.30204678591676865,0.277187368994382,0.030204678591676866,0.016881208116004583,0.01657881831480989
C2,2000,43,session18,1.108936615788088,1.108936615788088,0.1108936615788088,0.030626545500194242,0.030224768026457977
C2,2000,44,session19,0.38209697424975064,0.3251763772096057,0.03820969742497506,0.022086646417587973,0.02121773234803661
C2,2000,45,session19,0.7668861416918543,0.7668861416918543,0.07668861416918543,0.01908619936198774,0.016969721032153016
C2,2000,46,session19,0.46001760587031254,0.1650856881742588,0.04600176058703125,0.020709415873930933,0.019941564815185754
C2,2000,47,session19,1.0878488750131992,1.0878488750131992,0.10878488750131991,0.051815367955304316,0.05046776308619048
C2,2000,48,session2,0.36279115555189406,-0.31262913755016325,0.03627911555518941,0.013585387179423921,0.011023861016148885
C2,2000,49,session2,0.18783942522047983,-0.16053214314904762,0.018783942522047983,0.0025052910496165355,0.0018556365727402265
C2,2000,50,session2,0.893684636098674,-0.05711120143685846,0.0893684636098674,0.03728017562810326,0.03693507895807031
C2,2000,51,session2,0.8891950669238456,0.858064886362659,0.08891950669238456,0.02663264456985894,0.02629521593085371
C2,2000,52,session21,1.0655033676870163,1.0655033676870163,0.10655033676870163,0.02379917032820537,0.022975538064085615
C2,2000,53,session21,0.5800972721976363,0.5800972721976363,0.05800972721976363,0.023496550565608433,0.02242987140669953
C2,2000,54,session21,0.7004059600103464,0.7004059600103464,0.07004059600103464,0.033422024050492105,0.03195402261307004
C2,2000,55,session21,1.2835056758390688,1.2835056758390688,0.1283505675839069,0.04740980033738622,0.04625278148098052
C2,2000,56,session3,0.833152367991777,0.632153687656731,0.08331523679917771,0.03188535054435452,0.03043537160643312
C2,2000,57,session3,1.2593994116986647,0.3400055138008352,0.12593994116986645,0.05287268144155397,0.05156674111913032
C2,2000,58,session3,1.1190033253245317,1.1190033253245317,0.11190033253245317,0.03625574941490585,0.03559989959630589
C2,2000,59,session3,0.8055388402978195,0.8055388402978195,0.08055388402978195,0.017098266085948888,0.01619766057283484
C2,2000,60,session4,0.6357314264345335,0.15556280348650164,0.06357314264345335,0.014044304263419457,0.013776865707613767
C2,2000,61,session4,0.66772500807795,0.66772500807795,0.066772500807795,-0.0012185963709611032,-0.0016374774975688269
C2,2000,62,session4,0.19735089811002077,-0.07652593859880887,0.019735089811002075,0.006571288647419157,0.006150259631352577
C2,2000,63,session4,0.6620989676719441,0.6620989676719441,0.06620989676719441,-0.0018692339756691302,-0.00251567942279686
C2,2000,64,session5,0.22923179009294567,0.024477795175854678,0.022923179009294567,-0.00029656423421353304,-0.00282602778469874
C2,2000,65,session5,0.3409902299838704,0.3408315900542693,0.03409902299838704,0.010744291908370885,0.010147931931983205
C2,2000,66,session5,0.7013763141816964,0.6402014712152931,0.07013763141816964,0.031309982991909666,0.03010086801984126
C2,2000,67,session5,0.7813809766792934,0.7813809766792934,0.07813809766792934,0.013823620765904435,0.012477302396330797
C2,2000,68,session6,0.18509270343240322,0.007959904441669734,0.018509270343240323,-0.0009619397121966826,-0.0014665814117130343
C2,2000,69,session6,0.7733389251433316,0.7733389251433316,0.07733389251433316,0.016654673837480517,0.015341584332343195
C2,2000,70,session6,0.10927804210803001,0.018930543638912632,0.010927804210803001,0.006561139596059066,0.006122364718384737
C2,2000,71,session6,0.07918513561973867,-0.047736673374161154,0.007918513561973867,0.0026728003088619485,0.0024564623986642014
C2,2000,72,session7,0.38017953555985406,0.38017953555985406,0.038017953555985404,0.010635030846970804,0.01002331837689753
C2,2000,73,session7,0.28777088500169096,0.11002526606327084,0.028777088500169096,-0.0022323837028700097,-0.0025255015778169495
C2,2000,74,session7,0.2483718184383037,0.07764989096142491,0.02483718184383037,0.0016988330777726747,0.001098046808926927
C2,2000,75,session7,0.3653936654088709,0.24715768618842113,0.03653936654088709,0.012109334247667889,0.011479965161979652
C2,2000,76,session9,0.6202756350840117,0.5885593851530427,0.062027563508401176,0.033234540577721336,0.03214210896098058
C2,2000,77,session9,0.4176735077143748,0.08450333909184067,0.04176735077143748,0.02940114461745668,0.02842282698670734
C2,2000,78,session9,0.6970667024954262,0.6970667024954262,0.06970667024954262,0.015407531792236926,0.01338285610126276
C2,2000,79,session9,0.3265485068611536,0.32521410994841043,0.03265485068611536,0.020832870066645214,0.0188971189254975
C1,6000,0,session0,0.6027759690072401,0.39174559651772517,0.060277596900724005,0.002304020154910741,-0.0005772512456059014
C1,6000,1,session0,0.5840818842661937,0.5589300260940975,0.058408188426619365,0.03164160099078574,0.02657490257595153
C1,6000,2,session0,1.1429288697828655,0.9990395920883819,0.11429288697828655,0.04005039660072872,0.03628887608322045
C1,6000,3,session0,0.5319813433230628,0.425151557986451,0.05319813433230628,0.04074287694326099,0.03406442510795293
C1,6000,4,session1,0.6690128631173474,0.5614384395438958,0.06690128631173474,0.05082925969236457,0.04435554619555249
C1,6000,5,session1,0.9031313904137391,0.672985347765509,0.09031313904137392,0.07767524095625154,0.07611046776777344
C1,6000,6,session1,1.0278701650018802,1.0278701650018802,0.10278701650018802,0.04681880028078432,0.044851564746035445
C1,6000,7,session1,0.9236647588078541,0.5034080275855949,0.09236647588078542,0.05200420829835515,0.049788492460170516
C1,6000,8,session10,0.5870213079209916,0.5597978300531558,0.05870213079209916,0.04800219160274351,0.03739114157875086
C1,6000,9,session10,0.6860269379299989,-0.14018057976396417,0.0686026937929999,0.030399853129091603,0.026662944567709977
C1,6000,10,session10,0.3696636864521864,0.003919638895105847,0.03696636864521864,0.02276782708431988,0.020575625130653412
C1,6000,11,session10,0.7661669482810891,0.6510712191597074,0.07661669482810891,0.04673875187941381,0.043955432018743294
C1,6000,12,session11,0.7275968400464093,0.7275968400464093,0.07275968400464093,0.028336462164267183,0.02537026769410486
C1,6000,13,session11,0.2059808479918682,0.06710695809101662,0.02059808479918682,0.0104201129791734,0.00886865226267131
C1,6000,14,session11,0.2610174383583658,0.2610174383583658,0.026101743835836584,0.016164480495629262,0.014037626473704545
C1,6000,15,session11,0.557787982996629,0.3128580491413176,0.0557787982996629,0.0272489007998734,0.025883305155165143
C1,6000,16,session12,0.6996351103867854,0.20530462913460856,0.06996351103867854,0.044591631433825836,0.041670066368697474
C1,6000,17,session12,0.7787778606215906,0.7787778606215906,0.07787778606215906,0.03760195941353331,0.03673652099033321
C1,6000,18,session12,0.42074469321641034,0.3830253486897686,0.042074469321641036,0.025031764962407,0.023013483706677475
C1,6000,19,session12,0.49653548543712966,0.41211369350587185,0.04965354854371297,0.031233705828147152,0.027960124379700503
C1,6000,20,session13,1.0155957823819868,1.0155957823819868,0.10155957823819868,0.04792637797104619,0.042480288423018694
C1,6000,21,session13,0.7864881157792419,0.6960348749108101,0.0786488115779242,0.04917962810560726,0.04580122328588147
C1,6000,22,session13,0.8677545850357836,0.48424877451657417,0.08677545850357836,0.043016515755390866,0.03908080697945932
C1,6000,23,session13,0.558591603955354,0.31079438087009575,0.0558591603955354,0.0362786696478111,0.03212675869959818
C1,6000,24,session14,1.1194029584236658,0.5797259959043676,0.11194029584236657,0.054784558996816946,0.05237131655939551
C1,6000,25,session14,0.8174367219043617,0.559269887091542,0.08174367219043617,0.0480330512126878,0.042703411123254556
C1,6000,26,session14,0.6442592674549275,0.6442592674549275,0.06442592674549275,0.03481458282193045,0.03258546878631065
C1,6000,27,session14,0.5522105037178595,0.26244054511352216,0.05522105037178595,0.03505357225082334,0.030499891011621975
C1,6000,28,session15,1.1875693352011112,0.8772171381505196,0.11875693352011112,0.06797807889309136,0.06667683401858433
C1,6000,29,session15,0.5288021253150783,0.21150075028891363,0.052880212531507834,0.03353030774265743,0.03071238378687654
C1,6000,30,session15,0.17676843463444342,-0.009188900250097226,0.017676843463444343,0.01593072947877013,0.010849063859180883
C1,6000,31,session15,0.5380224387193646,0.28777188858224595,0.05380224387193646,0.02294599245046425,0.021574822675670267
C1,6000,32,session16,0.8579632210754629,-0.06258014795983347,0.08579632210754629,0.037870859264791105,0.03736429108755686
C1,6000,33,session16,0.45577707199107204,0.013901620113619596,0.045577707199107205,0.02598299384689126,0.024208407505228652
C1,6000,34,session16,0.8634045738399104,0.8634045738399104,0.08634045738399104,0.03336211292759972,0.03065157549245216
C1,6000,35,session16,0.7813021818895414,0.6221600486376595,0.07813021818895413,0.041728713026857725,0.03909990743184828
C1,6000,36,session17,1.138170950178227,-0.4189310555653448,0.1138170950178227,0.05916905622820153,0.056742975090666906
C1,6000,37,session17,0.48125930933778194,0.05053646628164193,0.04812593093377819,0.023012732500822537,0.018058651004111893
C1,6000,38,session17,1.1398030341345164,0.6384555681487799,0.11398030341345164,0.057322794042272286,0.054635380823811676
C1,6000,39,session17,1.0337210995974786,0.8031214865498044,0.10337210995974785,0.04404619000595452,0.040534033877182775
C1,6000,40,session18,0.40000345779126995,-0.0022165527910180446,0.04000034577912699,0.02337318289858554,0.021783804413221267
C1,6000,41,session18,1.2115196769088878,1.2115196769088878,0.12115196769088879,0.06183196606150666,0.05971302505065505
C1,6000,42,session18,0.4584970682820279,-0.024462316316680062,0.04584970682820279,0.022469610510827596,0.019221550689498258
C1,6000,43,session18,1.0032575204015217,1.0032575204015217,0.10032575204015218,0.03987497963440324,0.03534935940069812
C1,6000,44,session19,0.6885094729871124,0.5333491753871683,0.06885094729871125,0.037618072849709125,0.03521854435882275
C1,6000,45,session19,0.47772209808037897,0.38684065310796684,0.047772209808037897,0.029768460092622885,0.021582303202133855
C1,6000,46,session19,0.495815813009976,0.22455644602591018,0.0495815813009976,0.0306156865215823,0.028741678936435443
C1,6000,47,session19,1.0301379040762337,1.0301379040762337,0.10301379040762337,0.05774744212476812,0.050984961409103954
C1,6000,48,session2,0.36532685271561893,0.00680402076597969,0.03653268527156189,0.025650615143464957,0.02217916999178003
C1,6000,49,session2,0.27859040748649994,-0.23562357013077606,0.027859040748649994,0.018494962345478257,0.017434836377472795
C1,6000,50,session2,0.6713653428130648,-0.19175967844997058,0.06713653428130648,0.035471890223782596,0.03313767215163595
C1,6000,51,session2,0.9527217086565714,0.9225096911520182,0.09527217086565713,0.03025840324263885,0.02946518119696276
C1,6000,52,session21,0.964665703363299,0.964665703363299,0.09646657033632991,0.03489908394075525,0.03302616903015547
C1,6000,53,session21,0.4606889482049878,0.44679940107871446,0.04606889482049878,0.024794613004911217,0.02397704264860358
C1,6000,54,session21,0.8894242168450914,0.8894242168450914,0.08894242168450914,0.04438509879714918,0.04168439457379057
C1,6000,55,session21,1.4547359682215504,1.4547359682215504,0.14547359682215505,0.06071357731081887,0.05920153248923704
C1,6000,56,session3,1.0583157292227972,0.7693968506252321,0.10583157292227971,0.0547336810514774,0.045644190383826534
C1,6000,57,session3,0.8728349445187907,0.2022177132608814,0.08728349445187908,0.06548481379412746,0.061983968764564024
C1,6000,58,session3,1.1272267857286675,1.1268951415905493,0.11272267857286675,0.050228854287587055,0.04765945576560626
C1,6000,59,session3,0.5640198009810893,0.400945174147873,0.05640198009810893,0.03761942355674707,0.033961614259651836
C1,6000,60,session4,0.6049382643025357,0.13183842586731406,0.06049382643025357,0.025188533596914763,0.022722318050211767
C1,6000,61,session4,0.6818519472909204,0.6818519472909204,0.06818519472909204,0.01158604873571158,0.009936622351753131
C1,6000,62,session4,0.19868971692899126,-0.07771613922531571,0.019868971692899126,0.011831649609158421,0.009887470139606568
C1,6000,63,session4,0.5661977944507708,0.5661977944507708,0.05661977944507708,0.007149585260314924,0.006917151998908776
C1,6000,64,session5,0.31654071569497955,0.14861827205217884,0.031654071569497955,0.016136365907944247,0.011055501177453604
C1,6000,65,session5,0.310191439196384,0.2880125744104794,0.0310191439196384,0.014559207655181556,0.012903414428117868
C1,6000,66,session5,0.6535769344686868,0.54649363470324,0.06535769344686868,0.034670739547627644,0.0332662637918041
C1,6000,67,session5,0.8840923540786636,0.8840923540786636,0.08840923540786635,0.024097434255464352,0.02066479470907544
C1,6000,68,session6,0.060850594819874475,-0.022642927297144066,0.006085059481987448,0.0019799810370920287,0.000656988077429067
C1,6000,69,session6,0.5856384185789606,0.5856384185789606,0.05856384185789606,0.02090197352547605,0.01863054563496578
C1,6000,70,session6,0.17899167435300317,0.012173782258477572,0.017899167435300317,0.009467115111239582,0.007976881505832034
C1,6000,71,session6,0.13351424510198334,-0.05550271487763274,0.013351424510198334,0.006547114085488377,0.005194236003739562
C1,6000,72,session7,0.4210672404493089,0.4210672404493089,0.04210672404493089,0.014532658987482436,0.013540739028242326
C1,6000,73,session7,0.2319444971350521,0.157302061246917,0.023194449713505212,0.008766544911973744,0.00822205685590763
C1,6000,74,session7,0.21364870297100033,0.1850223285471905,0.021364870297100033,0.003913688633143901,0.0035281121877085812
C1,6000,75,session7,0.2897551207092899,0.20798013115154937,0.028975512070928987,0.014607538234888492,0.013335994980400844
C1,6000,76,session9,0.7963643616806365,0.7522430229258152,0.07963643616806365,0.03978646700661835,0.03928210735828841
C1,6000,77,session9,0.5159761938178101,0.2459039439172639,0.051597619381781014,0.03774500449000114,0.034490084485112885
C1,6000,78,session9,0.686103867770571,0.686103867770571,0.0686103867770571,0.028258271875721396,0.026115506565575163
C1,6000,79,session9,0.4536311342686863,0.37345791342801854,0.04536311342686863,0.030244179098606543,0.027252593837049914
C0,2000,0,session0,0.26920231991779775,0.22458298862836107,0.026920231991779776,0.00011550732801036758,-0.0034339410839497953
C0,2000,1,session0,0.32547075968435357,0.32547075968435357,0.032547075968435354,0.011502017034041336,0.010590310240605215
C0,2000,2,session0,0.7580285029948659,0.5991196041380976,0.0758028502994866,0.027843497420932267,0.026774374247612847
C0,2000,3,session0,0.2518289678687603,0.21233072883079382,0.02518289678687603,0.017131589468591807,0.014271118742190933
C0,2000,4,session1,0.9538941869916135,0.9522355791036518,0.09538941869916136,0.05291411768188241,0.051650497406663165
C0,2000,5,session1,0.48696785852943314,0.48696785852943314,0.04869678585294331,0.03149404978935484,0.028386560031065988
C0,2000,6,session1,0.7098987744186618,0.707398762768237,0.07098987744186618,0.04290328241619393,0.038522501183063475
C0,2000,7,session1,0.6407368248924812,0.3476497645083395,0.06407368248924812,0.03721278815646459,0.03338108733219021
C0,2000,8,session10,0.49750597638521443,0.40651264470936027,0.049750597638521445,0.042417840573779605,0.03957075354923043
C0,2000,9,session10,0.46326726936517626,-0.1892954463440161,0.046326726936517626,0.02135810190641204,0.018726889808816996
C0,2000,10,session10,0.48332236956500957,0.2866598200540812,0.048332236956500955,0.030325271647545816,0.028871888380117155
C0,2000,11,session10,0.6910821992509818,0.603583951851078,0.06910821992509818,0.04149964260283788,0.03862561596590258
C0,2000,12,session11,0.68964757716163,0.68964757716163,0.068964757716163,0.02247615544005775,0.020467191303801518
C0,2000,13,session11,0.13464126279553573,-0.01163521430956935,0.013464126279553573,0.010042573049177245,0.007965292860365139
C0,2000,14,session11,0.18530412255038825,0.1746928455940209,0.018530412255038826,0.010240301204053604,0.008830472797486992
C0,2000,15,session11,0.34062911562966774,0.32839970768455756,0.03406291156296677,0.01872308299742855,0.014528994194129202
C0,2000,16,session12,0.4444156755625939,0.1258158620080651,0.044441567556259394,0.026326056122641172,0.021568449170222444
C0,2000,17,session12,0.678716488973093,0.6387383764585293,0.0678716488973093,0.039195133116855185,0.036640811846878354
C0,2000,18,session12,0.25977968262902373,0.2199694009220193,0.025977968262902374,0.021726473230873504,0.019201246442601842
C0,2000,19,session12,0.4189864177596996,0.4189864177596996,0.041898641775969955,0.03042913254180778,0.026462185834221903
C0,2000,20,session13,0.770035561895755,0.770035561895755,0.0770035561895755,0.03285877209101548,0.030503874582558765
C0,2000,21,session13,0.466238702236668,0.466238702236668,0.046623870223666805,0.022885559086342853,0.020213409667828648
C0,2000,22,session13,0.5865997547145432,0.33395144325855747,0.058659975471454316,0.029385464029958085,0.02728345587071025
C0,2000,23,session13,0.45342690169783817,0.41485053611136286,0.04534269016978382,0.031934067765901165,0.02731221562426256
C0,2000,24,session14,0.820507097534249,0.1988741214394395,0.0820507097534249,0.03596372383172204,0.03217894397399901
C0,2000,25,session14,0.5332674508657516,0.4667045669713219,0.05332674508657516,0.03910425655407347,0.03288302496073485
C0,2000,26,session14,0.41359042700951193,0.2548128202614639,0.04135904270095119,0.028210797194947318,0.02334402126079347
C0,2000,27,session14,0.2527933381210644,0.1761769384553718,0.025279333812106442,0.018892022993794534,0.015920925593467798
C0,2000,28,session15,0.7663269636527749,0.6103755848707205,0.07663269636527749,0.03917121164963387,0.034519059341417385
C0,2000,29,session15,0.10533099218165394,0.028279955966807428,0.010533099218165394,0.0085878855514937,0.007266146544559936
C0,2000,30,session15,0.12208615331325132,0.02437619687322788,0.012208615331325131,0.011846618340468257,0.009169484465149763
C0,2000,31,session15,0.3566241230142454,0.19821196109058456,0.03566241230142454,0.014418666220911727,0.010494442652639635
C0,2000,32,session16,0.3222280856115932,-0.13636441594721138,0.03222280856115932,0.01896538451330649,0.016717936418533023
C0,2000,33,session16,0.21972066099131932,0.07157282155744,0.02197206609913193,0.02077644302995844,0.01692286492879049
C0,2000,34,session16,0.4200692745593779,0.4166527410303856,0.042006927455937794,0.026967297925792354,0.024285893499125806
C0,2000,35,session16,0.4759334691495405,0.41187956870201037,0.04759334691495405,0.020961950280437566,0.01790407851931728
C0,2000,36,session17,0.42747736261648345,-0.14304843643572507,0.04274773626164834,0.025392827295305002,0.02230901366899725
C0,2000,37,session17,0.2526376250952431,-0.0030801254323162977,0.025263762509524314,0.010969067192412882,0.006623802879567492
C0,2000,38,session17,0.805956557978099,0.5241578127436635,0.08059565579780989,0.037041095455065044,0.029863420786794947
C0,2000,39,session17,0.5066305479492623,0.46900045253639416,0.050663054794926235,0.022882878842210658,0.02011015835356618
C0,2000,40,session18,0.26203496614707783,0.09481957503086771,0.026203496614707784,0.017724838134050912,0.015750734125171476
C0,2000,41,session18,0.2712752856046299,0.19109964612350883,0.027127528560462986,0.022420400147692268,0.020159352091735017
C0,2000,42,session18,0.2690039459410894,0.12708523233019436,0.02690039459410894,0.022709148848605556,0.016678373154287173
C0,2000,43,session18,0.6857901611002112,0.6857901611002112,0.06857901611002112,0.02964383334219716,0.02639299103341287
C0,2000,44,session19,0.44526053734362614,0.44526053734362614,0.044526053734362615,0.028975012469956242,0.025130593050733296
C0,2000,45,session19,0.38940482198174264,0.3544251530544461,0.03894048219817427,0.02192425687607702,0.018083742355625803
C0,2000,46,session19,0.40601937764907836,0.1175251071078267,0.040601937764907836,0.01853033733515766,0.01767989124974479
C0,2000,47,session19,1.0418801057584564,1.0418801057584564,0.10418801057584563,0.04770320769064947,0.04256481982505965
C0,2000,48,session2,0.1997825694850542,-0.009086310707301766,0.01997825694850542,0.01197890855059231,0.008481631536395204
C0,2000,49,session2,0.12074560878843298,-0.20319067182295075,0.012074560878843298,0.0035937100158331737,0.0015313549957101133
C0,2000,50,session2,0.5928180007300174,-0.09738027985394142,0.059281800073001746,0.029515960488726144,0.02692304356951338
C0,2000,51,session2,0.6423887545755753,0.622175058788385,0.06423887545755753,0.022447211956816645,0.020509921377153798
C0,2000,52,session21,0.9570109404630543,0.9570109404630543,0.09570109404630543,0.024490031576038438,0.02321630268767135
C0,2000,53,session21,0.4225689399914783,0.39825186337790464,0.04225689399914783,0.024951460045654718,0.022885532956555717
C0,2000,54,session21,0.6271070723384076,0.6271070723384076,0.06271070723384076,0.031859987328326275,0.029466287050238783
C0,2000,55,session21,1.0132806067226652,1.0132806067226652,0.10132806067226652,0.04743445217809007,0.04178476080766233
C0,2000,56,session3,0.7038703944072073,0.625508396923885,0.07038703944072074,0.027170818269478692,0.02301939411591921
C0,2000,57,session3,0.7807179297221511,0.27124595911895505,0.07807179297221511,0.0450209935853794,0.04094038641677937
C0,2000,58,session3,0.5701204013232437,0.5484839186008749,0.057012040132324374,0.031007690194945637,0.02835951790099787
C0,2000,59,session3,0.5137160203078671,0.5137160203078671,0.05137160203078671,0.014580412952800988,0.013299362377844525
C0,2000,60,session4,0.4792460294644991,0.0723119177616993,0.047924602946449915,0.014992700734560754,0.013022165582288654
C0,2000,61,session4,0.5821128224217688,0.5821128224217688,0.05821128224217688,0.0031226888684027084,0.000742420783998847
C0,2000,62,session4,0.19088489249576265,-0.016106120178707377,0.019088489249576266,0.010681037995309017,0.010195498885023996
C0,2000,63,session4,0.48034540036227924,0.48034540036227924,0.048034540036227924,0.0017475862433730133,2.374136826155601e-05
C0,2000,64,session5,0.17446921605202856,0.05100243470414889,0.017446921605202857,0.006756653057256838,0.005370028035917839
C0,2000,65,session5,0.1748747990410741,0.1748747990410741,0.01748747990410741,0.010730871554698443,0.008227582331285038
C0,2000,66,session5,0.7256401397296978,0.5840000821386567,0.07256401397296977,0.03752201256244228,0.03542910212627769
C0,2000,67,session5,0.6921794220288098,0.6921794220288098,0.06921794220288098,0.016563120986016495,0.015345774405217357
C0,2000,68,session6,0.13559833330969912,-0.0006123610376847926,0.013559833330969912,0.0030362439109147114,0.002359493158558277
C0,2000,69,session6,0.3371136250936625,0.3371136250936625,0.03371136250936625,0.013257173562254074,0.011284826989345425
C0,2000,70,session6,0.04753622937577096,-0.0008431739185895005,0.004753622937577097,0.005266252035810594,0.0034804873045300153
C0,2000,71,session6,0.07335172294930965,-0.007926119132049499,0.007335172294930965,0.004769080732186083,0.0037420685863888636
C0,2000,72,session7,0.3274487048147956,0.3274487048147956,0.03274487048147956,0.008495729336267948,0.007267971235361928
C0,2000,73,session7,0.2187670112046546,0.1272881661912593,0.021876701120465462,0.0013938170176998363,0.00020782317340561438
C0,2000,74,session7,0.15212247493534473,0.060076207411051866,0.015212247493534472,0.0037291752193849134,0.002873761386242987
C0,2000,75,session7,0.2380248129067228,0.18616865934368124,0.02380248129067228,0.011801130118129277,0.009812052140616912
C0,2000,76,session9,0.55538376230414,0.383293151408575,0.055538376230414,0.0322154357423735,0.028954956210225237
C0,2000,77,session9,0.37799674173179804,0.14811985024222474,0.0377996741731798,0.03703570409842121,0.028613140586359203
C0,2000,78,session9,0.5415862164933413,0.5415862164933413,0.054158621649334125,0.015794124298709716,0.013271974909332431
C0,2000,79,session9,0.28359010230983744,0.26930698584439766,0.028359010230983743,0.02473915477603868,0.019382483743179406
C0,6000,0,session0,0.5570546879189124,0.32773563409502826,0.05570546879189124,0.002311801086305796,0.0005821647443516375
C0,6000,1,session0,0.4616754268137996,0.4592045846193934,0.04616754268137996,0.02531946376255013,0.022082443963590763
C0,6000,2,session0,0.7905382607124221,0.7901464100838709,0.0790538260712422,0.030472084981402785,0.028079266905290272
C0,6000,3,session0,0.35540710011569354,0.24168178276120392,0.03554071001156935,0.02258913765765889,0.021579359048241542
C0,6000,4,session1,0.5615940474009986,0.42613423655704286,0.05615940474009986,0.03628317836968846,0.0326177946096068
C0,6000,5,session1,0.6084159758420331,0.5550354286234409,0.06084159758420331,0.04970311462130571,0.0436802438289069
C0,6000,6,session1,1.0102986182215816,1.0102986182215816,0.10102986182215816,0.0518082265358328,0.04908199668721703
C0,6000,7,session1,0.8470187559281497,0.49797803985044414,0.08470187559281497,0.054052128083609444,0.05159698185760551
C0,6000,8,session10,0.6885509614719184,0.6679802340936449,0.06885509614719185,0.05219725851014641,0.04896402963252836
C0,6000,9,session10,0.650066007070214,-0.2973914895797348,0.0650066007070214,0.02356044523389008,0.021736569254509695
C0,6000,10,session10,0.3035889739734527,0.10984246128536866,0.03035889739734527,0.017260548242497366,0.015879541857424004
C0,6000,11,session10,0.7692164220233526,0.666253937192395,0.07692164220233526,0.04532724545297785,0.04413630573954377
C0,6000,12,session11,0.7377179785960961,0.7377179785960961,0.0737717978596096,0.03202282037762301,0.028261753711883907
C0,6000,13,session11,0.2577244391670652,0.055318622693608675,0.025772443916706522,0.015119979806084987,0.014078510590409399
C0,6000,14,session11,0.3009609416315154,0.3009609416315154,0.030096094163151538,0.016122434982473018,0.014307996869632444
C0,6000,15,session11,0.3635539923253468,0.18675317509230682,0.03635539923253468,0.022015997797218627,0.019814585740784214
C0,6000,16,session12,0.5861279860544302,0.09312148199528564,0.058612798605443016,0.026851660599634525,0.025523627513920587
C0,6000,17,session12,0.8585539179113723,0.8585539179113723,0.08585539179113723,0.04201994103253355,0.04085287093801982
C0,6000,18,session12,0.4923185748730521,0.33170453385326115,0.04923185748730521,0.029351252356221925,0.028039182610547463
C0,6000,19,session12,0.4587666563855056,0.4532968196947097,0.045876665638550564,0.0318199579869287,0.02937957347974927
C0,6000,20,session13,0.7790029475013511,0.7661903448503271,0.07790029475013512,0.03934318709665726,0.0371714537696569
C0,6000,21,session13,0.5052472053280661,0.48346727815058793,0.05052472053280661,0.03456174708019601,0.03106230791225368
C0,6000,22,session13,0.4489712910445259,0.2464879374220231,0.044897129104452586,0.0201889913537421,0.01808554150687063
C0,6000,23,session13,0.4416131219866604,0.3540045032591421,0.04416131219866604,0.030589278051615192,0.026979297578866978
C0,6000,24,session14,1.014546623286253,0.36981602966104465,0.1014546623286253,0.05189032044479739,0.044968071751592786
C0,6000,25,session14,0.7604214756767975,0.6131124264501476,0.07604214756767975,0.04592603869455169,0.04246606627803921
C0,6000,26,session14,0.4505867800239473,0.4242450557844974,0.04505867800239473,0.02725704279869636,0.024994786264422253
C0,6000,27,session14,0.401273199195135,0.19831848732004445,0.0401273199195135,0.028148243332546646,0.02456492894986275
C0,6000,28,session15,0.6474330730378436,0.33542620684959434,0.06474330730378436,0.04228001198881491,0.03914332183009618
C0,6000,29,session15,0.22655755190200538,0.05364305633884056,0.02265575519020054,0.019008380238729344,0.017037218385358287
C0,6000,30,session15,0.14642049023763665,0.01212556221534055,0.014642049023763665,0.012801165459079228,0.010705492450093834
C0,6000,31,session15,0.4339320156721649,0.20520596527595616,0.04339320156721649,0.020255089643189558,0.016142208941012055
C0,6000,32,session16,0.6591730909519906,0.09757277424370737,0.06591730909519906,0.03287903408890841,0.030076669820561813
C0,6000,33,session16,0.33012597093703844,-0.08912505197725201,0.03301259709370384,0.030025269168480452,0.023752766130700747
C0,6000,34,session16,0.7190505602013255,0.7190505602013255,0.07190505602013256,0.0276477859749021,0.024611734414580453
C0,6000,35,session16,0.5898218736108313,0.4560279696690552,0.05898218736108313,0.03157907033967858,0.029882128638943756
C0,6000,36,session17,0.557111622549118,-0.20618785727801286,0.055711162254911795,0.03683880937502484,0.031518682645839104
C0,6000,37,session17,0.3146951466637198,0.016898564510791216,0.031469514666371975,0.014870678170205414,0.013003767691963
C0,6000,38,session17,0.8016678138790865,0.5957843977086974,0.08016678138790864,0.03680812620336053,0.0307395673632719
C0,6000,39,session17,0.8146490339999033,0.4126999869761244,0.08146490339999032,0.030891992658714385,0.028956493634389006
C0,6000,40,session18,0.20371069655406082,0.11644571682042738,0.020371069655406082,0.01540301623639046,0.013021159030265772
C0,6000,41,session18,0.7880975468611953,0.772755204281353,0.07880975468611953,0.044785797379846906,0.0426652441576794
C0,6000,42,session18,0.28697305658668537,0.12852366797715725,0.028697305658668536,0.02510394448038228,0.018797054114245038
C0,6000,43,session18,1.4117162798594707,1.4117162798594707,0.14117162798594707,0.03238814587267343,0.02845089022518178
C0,6000,44,session19,0.6628961688798107,0.31959078929649964,0.06628961688798107,0.02968717396898754,0.028504270633846907
C0,6000,45,session19,0.5683189274789076,0.4809384786469187,0.05683189274789076,0.02760283114921109,0.025444360544216726
C0,6000,46,session19,0.33267010752550413,0.292230925688073,0.03326701075255041,0.023363237264995056,0.02083656697997003
C0,6000,47,session19,0.9992970126620061,0.9992970126620061,0.09992970126620061,0.05144596064538094,0.05007565092886105
C0,6000,48,session2,0.13392424005045175,0.033241396228317524,0.013392424005045176,0.0132300609246261,0.010492056417288809
C0,6000,49,session2,0.1506657961910311,-0.22244432067700237,0.01506657961910311,0.006775942931682,0.004624390487968759
C0,6000,50,session2,0.6091777628170563,-0.1729399089646815,0.060917776281705624,0.03650410489945381,0.03345102835564864
C0,6000,51,session2,0.7123504665045849,0.6776953526932576,0.07123504665045849,0.02210207383715552,0.019112552060246497
C0,6000,52,session21,1.1124878432971435,1.1124878432971435,0.11124878432971434,0.0309916700359053,0.029116051355696903
C0,6000,53,session21,0.42028550697158257,0.42028550697158257,0.04202855069715826,0.018858728568808884,0.0169453168043955
C0,6000,54,session21,0.5553081051606611,0.5553081051606611,0.055530810516066106,0.030505444934914583,0.028264303047108676
C0,6000,55,session21,1.149736721185702,1.149736721185702,0.1149736721185702,0.050886574650967575,0.04939866821180147
C0,6000,56,session3,0.8279009902316424,0.7160059720066507,0.08279009902316424,0.0379375507954903,0.03455743756314561
C0,6000,57,session3,1.0753765018702761,0.2930802673160585,0.10753765018702761,0.06367313665186737,0.058228901373707974
C0,6000,58,session3,0.9964059400925104,0.9768620050888798,0.09964059400925104,0.043798370148477477,0.039542502399901494
C0,6000,59,session3,0.44588054437236296,0.385935631544204,0.0445880544372363,0.024384913444229914,0.02160265368286104
C0,6000,60,session4,0.6633901573778941,0.07208113484809749,0.06633901573778941,0.021231988122931107,0.01987430901837323
C0,6000,61,session4,0.6804691411655754,0.6804691411655754,0.06804691411655754,0.0034996528212780805,0.0022641636127975233
C0,6000,62,session4,0.4213583922696215,-0.15415123973903047,0.04213583922696215,0.011197534823149271,0.010161720393025807
C0,6000,63,session4,0.6129952750221764,0.6129952750221764,0.06129952750221764,0.0021923677320139874,0.0010596609844019168
C0,6000,64,session5,0.328215273794664,0.2528198897081227,0.0328215273794664,0.011542320671466579,0.010726128110432723
C0,6000,65,session5,0.3034787507322838,0.28860358758359606,0.03034787507322838,0.015805073193199962,0.01492634171612232
C0,6000,66,session5,0.5313979621201055,0.4337327682131189,0.05313979621201055,0.029694176693550362,0.02822828389994354
C0,6000,67,session5,0.5508614006888716,0.5508614006888716,0.05508614006888716,0.02120409509444413,0.019202016962538208
C0,6000,68,session6,0.10141471510029569,-0.024488137741926798,0.01014147151002957,0.00013635667534097167,-0.00106536570417465
C0,6000,69,session6,0.6715276998139672,0.6715276998139672,0.06715276998139671,0.01659926684295095,0.015117050981125896
C0,6000,70,session6,0.19294968975671556,-0.015822387247687773,0.019294968975671557,0.012196674750320418,0.010989585883487803
C0,6000,71,session6,0.1527534663895984,-0.02475737254763371,0.015275346638959842,0.00738962567084687,0.006183614031699145
C0,6000,72,session7,0.26215354594883805,0.2557829527467219,0.026215354594883805,0.01495629944248322,0.013517145238917963
C0,6000,73,session7,0.2192809412123441,0.2048823488886588,0.02192809412123441,0.01183523419966964,0.009777728911954994
C0,6000,74,session7,0.17541581286071015,0.12826554713569058,0.017541581286071015,0.0024799825918013526,0.0012197295254084846
C0,6000,75,session7,0.392023782476871,0.2658889437590394,0.039202378247687096,0.01863544715215234,0.017055624657849325
C0,6000,76,session9,0.6567128992669915,0.5050673788526363,0.06567128992669916,0.03454541654044006,0.03143980604673139
C0,6000,77,session9,0.5203806666581634,0.26600570488124764,0.05203806666581634,0.04231866263324415,0.037756765823142927
C0,6000,78,session9,0.7865202177389987,0.7865202177389987,0.07865202177389988,0.02726508993410725,0.02610522400700121
C0,6000,79,session9,0.4375187838696497,0.2384165665820219,0.04375187838696497,0.027530406165204392,0.02549399016026705
C0,4000,0,session0,0.3725908682161096,0.19438274408974798,0.03725908682161096,0.005294802897831339,0.0017629989564916127
C0,4000,1,session0,0.4129443253247618,0.4066632695067087,0.04129443253247618,0.02559662310835841,0.023644356165110157
C0,4000,2,session0,0.6157358554159021,0.6157358554159021,0.06157358554159022,0.024581273416883775,0.023837708422555025
C0,4000,3,session0,0.37305982315381236,0.26957782090244425,0.037305982315381236,0.026528348032449706,0.02329371502517123
C0,4000,4,session1,0.73053544884521,0.6542067391768747,0.07305354488452101,0.0485607023165956,0.04546079264778839
C0,4000,5,session1,0.5388590428036657,0.4681148664375076,0.05388590428036657,0.04826267623290857,0.04307716271628494
C0,4000,6,session1,0.7801806006465998,0.765100199566699,0.07801806006465997,0.04553093433783535,0.042983408369442484
C0,4000,7,session1,0.5179014575938727,0.2419615058326781,0.05179014575938727,0.03611453862400933,0.03138164615990922
C0,4000,8,session10,0.7105112697574106,0.655531790783045,0.07105112697574106,0.05362764024185823,0.051415591165328754
C0,4000,9,session10,0.6761657692528318,-0.1516324336528918,0.06761657692528318,0.027102597592816958,0.02467422725597803
C0,4000,10,session10,0.3074279745517576,0.14916105941099414,0.030742797455175757,0.020752801916051073,0.020376938816996655
C0,4000,11,session10,0.7576242889389149,0.6888664013358646,0.07576242889389148,0.045173033344852,0.043688420809397444
C0,4000,12,session11,0.5117295052449418,0.5093922445780581,0.05117295052449418,0.027588620700307608,0.026048550118171275
C0,4000,13,session11,0.17741160560236174,-0.010182634573497853,0.017741160560236176,0.01070442472145905,0.009777768742843748
C0,4000,14,session11,0.24286913801153745,0.24286913801153745,0.024286913801153744,0.011842524074227565,0.010505479467388773
C0,4000,15,session11,0.23668494584446054,0.1574356803110863,0.023668494584446052,0.014437817483423663,0.012834924281016489
C0,4000,16,session12,0.49828564637862127,0.07972467725653173,0.04982856463786213,0.024305227552721465,0.02165625165553137
C0,4000,17,session12,0.7681350091809087,0.764133005133907,0.07681350091809087,0.04025252864013862,0.03757750343546056
C0,4000,18,session12,0.37740566991604474,0.26399938124254707,0.037740566991604475,0.025698094359680006,0.023219274293627717
C0,4000,19,session12,0.5292756824340116,0.5244415520468426,0.052927568243401155,0.034752276182542244,0.03340724452437101
C0,4000,20,session13,0.6901260718721034,0.6901260718721034,0.06901260718721033,0.03860651524948705,0.03449902950841528
C0,4000,21,session13,0.38768524941232135,0.30417537706414116,0.03876852494123213,0.03295516024536382,0.02823933384383165
C0,4000,22,session13,0.34210284955931886,0.2070546361384798,0.03421028495593188,0.026202551986539674,0.020005453720804194
C0,4000,23,session13,0.6206853727091136,0.4060304380226629,0.06206853727091136,0.04824252323461681,0.04270906354143954
C0,4000,24,session14,0.9209195969581384,0.18755650176813152,0.09209195969581384,0.04811869594129319,0.04404022047003546
C0,4000,25,session14,0.6317530677290486,0.3190511634678208,0.06317530677290487,0.04746220114911678,0.04221900683769998
C0,4000,26,session14,0.381586925104589,0.2614126174810832,0.038158692510458905,0.026376296187344366,0.02508244681454041
C0,4000,27,session14,0.33713625029141303,0.217724972383848,0.033713625029141304,0.024701523583056117,0.022377203004739044
C0,4000,28,session15,0.6227379070368839,0.37542340417845643,0.062273790703688395,0.04415286242038697,0.03827153288840627
C0,4000,29,session15,0.30928145123941664,0.020225188550349948,0.030928145123941663,0.025227584790022572,0.021535764408782247
C0,4000,30,session15,0.15485909451438917,-0.010232134663357288,0.015485909451438917,0.01396829391666186,0.010796531003797582
C0,4000,31,session15,0.4244022072731054,0.22914156108128153,0.04244022072731054,0.020795832704208875,0.01806499921263067
C0,4000,32,session16,0.42429785497490596,-0.04920774794173934,0.042429785497490595,0.028522127565129667,0.027757278358499872
C0,4000,33,session16,0.26579408105513613,-0.013738109488286677,0.026579408105513614,0.026596791659877318,0.024309879886552973
C0,4000,34,session16,0.422735146919472,0.39850745120394415,0.0422735146919472,0.022357147211280036,0.01899972834817869
C0,4000,35,session16,0.49894779838333475,0.382183670079141,0.04989477983833347,0.025441978133751864,0.023558607468094732
C0,4000,36,session17,0.4328498824199856,-0.20979274748265647,0.043284988241998563,0.029479779207432638,0.024863087253333714
C0,4000,37,session17,0.21847121881616974,0.0677544164230577,0.021847121881616974,0.02070828855981375,0.013274619514712805
C0,4000,38,session17,0.734138007013679,0.5278196259133962,0.07341380070136791,0.03407524556729483,0.03112027338411185
C0,4000,39,session17,0.5151403003711248,0.27913391254449643,0.05151403003711248,0.029039840913824822,0.024592510073263203
C0,4000,40,session18,0.24521676164351403,0.16278974546222252,0.024521676164351403,0.01982308367892826,0.016539036428752395
C0,4000,41,session18,0.4109973663797619,0.3566204276363544,0.04109973663797619,0.0336544757608903,0.030665924717231396
C0,4000,42,session18,0.4334285524661634,0.005527399780306225,0.04334285524661634,0.01648058682691499,0.012603895614856508
C0,4000,43,session18,0.8798527628473178,0.8798527628473178,0.08798527628473178,0.02639702551357722,0.02416912964907859
C0,4000,44,session19,0.6179766916933567,0.27619623625041245,0.06179766916933567,0.033900256239171186,0.030794112557164154
C0,4000,45,session19,0.5106572058109483,0.44748681741537344,0.051065720581094834,0.025794521501450417,0.024723256619566914
C0,4000,46,session19,0.3454654017416083,0.20592338386973305,0.034546540174160825,0.022583935423055482,0.021325244931733107
C0,4000,47,session19,0.8170083101024118,0.7624119321027263,0.08170083101024118,0.0501508726332057,0.04880531722737856
C0,4000,48,session2,0.13324417661662305,0.06821007595100423,0.013324417661662305,0.010332742807810458,0.00838895384853331
C0,4000,49,session2,0.16694348651581387,-0.25478111124169384,0.016694348651581387,0.009626163317629124,0.0066606417748709176
C0,4000,50,session2,0.7392838658820274,-0.08367018822971768,0.07392838658820275,0.03590103085297373,0.032697388077329886
C0,4000,51,session2,0.6390989286722522,0.5741930424248393,0.06390989286722522,0.02940130594595644,0.025700700623549167
C0,4000,52,session21,0.8447338528677104,0.8447338528677104,0.08447338528677104,0.021321960351206794,0.020183494643578943
C0,4000,53,session21,0.3762207394926024,0.3762207394926024,0.03762207394926024,0.019522374132983987,0.018313771098519737
C0,4000,54,session21,0.5285947408604094,0.5245881414497355,0.052859474086040935,0.03197507335097863,0.029923859065964304
C0,4000,55,session21,1.0233453455504233,1.0233453455504233,0.10233453455504234,0.0511514683119912,0.04808778790660369
C0,4000,56,session3,0.6696236843994012,0.5696049227813428,0.06696236843994012,0.03833506929661813,0.030020265976945255
C0,4000,57,session3,0.9743105989763919,0.21282826575744285,0.0974310598976392,0.06255274908411283,0.05867867182932768
C0,4000,58,session3,0.7634360980355351,0.6857480565926037,0.07634360980355351,0.03922142763195732,0.03521425115500493
C0,4000,59,session3,0.6643809737334583,0.6643809737334583,0.06643809737334583,0.027555123247585966,0.02111318978546648
C0,4000,60,session4,0.4319515055492449,0.043347564700466495,0.04319515055492449,0.01984228532250879,0.01903705895530481
C0,4000,61,session4,0.5958387463950015,0.5958387463950015,0.05958387463950014,0.007539667555532791,0.006973564014517371
C0,4000,62,session4,0.23032310953624566,-0.1566787143919687,0.023032310953624565,0.008661925303165676,0.007715783712843177
C0,4000,63,session4,0.45156912349999007,0.45156912349999007,0.04515691234999901,0.0015304999269201295,0.00032929047435513735
C0,4000,64,session5,0.3787510647627201,0.2581632685872463,0.03787510647627201,0.014475849777054536,0.012172531543009303
C0,4000,65,session5,0.32842109815328846,0.3165567671232201,0.03284210981532885,0.018100439716923825,0.01727862932449233
C0,4000,66,session5,0.5595936595731272,0.47478897909377143,0.055959365957312726,0.031949030121199276,0.030580514990183445
C0,4000,67,session5,0.5040883211756851,0.4846270732035559,0.05040883211756851,0.020035323534046835,0.018908208889130508
C0,4000,68,session6,0.10981624480432464,0.018213763582606398,0.010981624480432464,0.00353079166671087,0.0018225802778018396
C0,4000,69,session6,0.5911870480881593,0.5911870480881593,0.059118704808815925,0.01535726110884,0.014666247057271422
C0,4000,70,session6,0.16606304129776403,0.009029697393422489,0.016606304129776404,0.006120603559126286,0.005629323276256771
C0,4000,71,session6,0.1592192544459747,-0.031414697869244085,0.01592192544459747,0.007412742255479344,0.006078078443773946
C0,4000,72,session7,0.2723653899942363,0.26295052532554253,0.027236538999423632,0.011848090317759383,0.011119880705365081
C0,4000,73,session7,0.23394760071272422,0.19932910241122673,0.023394760071272423,0.009023901833502292,0.00879829832616318
C0,4000,74,session7,0.21368021013035887,0.10868330681063705,0.021368021013035886,0.00794341459864722,0.00696623333671838
C0,4000,75,session7,0.3548357240495681,0.13464937788854783,0.03548357240495681,0.016044468694391082,0.014617824630540338
C0,4000,76,session9,0.4735025812068905,0.4274074993231588,0.04735025812068905,0.03033901797965215,0.028852483624858132
C0,4000,77,session9,0.4746105696797716,0.29181495644054156,0.04746105696797716,0.040422117895467014,0.037086533784171635
C0,4000,78,session9,0.5868869351850531,0.5868869351850531,0.05868869351850531,0.022022606606801116,0.019390980154046528
C0,4000,79,session9,0.5187207257840991,0.19320427448990343,0.05187207257840991,0.031200230539479335,0.0289117673734695
