seed123_B1-ratio_step18000 0 0 0 0.7939499560161494
seed123_B1-ratio_step18000 0 0 1 0.09063403500476852
seed123_B1-ratio_step18000 0 0 2 0.0854339569923468
seed123_B1-ratio_step18000 0 0 3 0.08578928303904831
seed123_B1-ratio_step18000 0 0 4 0.08919612900353968
seed123_B1-ratio_step18000 0 0 5 0.09307594801066443
seed123_B1-ratio_step18000 0 0 6 0.08638397697359324
seed123_B1-ratio_step18000 0 0 7 0.08562955097295344
seed123_B1-ratio_step18000 0 0 8 0.08582870400277898
seed123_B1-ratio_step18000 0 0 9 0.08683951501734555
seed123_B1-ratio_step18000 0 1 0 0.08858998498180881
seed123_B1-ratio_step18000 0 1 1 0.0884557850076817
seed123_B1-ratio_step18000 0 1 2 0.08638789399992675
seed123_B1-ratio_step18000 0 1 3 0.08663651405368
seed123_B1-ratio_step18000 0 1 4 0.08639142103493214
seed123_B1-ratio_step18000 0 1 5 0.08520435000536963
seed123_B1-ratio_step18000 0 1 6 0.08540108898887411
seed123_B1-ratio_step18000 0 1 7 0.08847923896973953
seed123_B1-ratio_step18000 0 1 8 0.08861232397612184
seed123_B1-ratio_step18000 0 1 9 0.0899476720369421
seed123_B1-ratio_step18000 0 2 0 0.08724188897758722
seed123_B1-ratio_step18000 0 2 1 0.08788860699860379
seed123_B1-ratio_step18000 0 2 2 0.087434469955042
seed123_B1-ratio_step18000 0 2 3 0.08843689499190077
seed123_B1-ratio_step18000 0 2 4 0.08678725099889562
seed123_B1-ratio_step18000 0 2 5 0.08698713796911761
seed123_B1-ratio_step18000 0 2 6 0.08573662297567353
seed123_B1-ratio_step18000 0 2 7 0.08453243802068755
seed123_B1-ratio_step18000 0 2 8 0.09715655498439446
seed123_B1-ratio_step18000 0 2 9 0.08958974701818079
seed123_B1-ratio_step18000 0 3 0 0.08760310098296031
seed123_B1-ratio_step18000 0 3 1 0.08782439900096506
seed123_B1-ratio_step18000 0 3 2 0.08986259298399091
seed123_B1-ratio_step18000 0 3 3 0.09174176002852619
seed123_B1-ratio_step18000 0 3 4 0.08820324001135305
seed123_B1-ratio_step18000 0 3 5 0.09002745104953647
seed123_B1-ratio_step18000 0 3 6 0.086131711024791
seed123_B1-ratio_step18000 0 3 7 0.08662169799208641
seed123_B1-ratio_step18000 0 3 8 0.08520313899498433
seed123_B1-ratio_step18000 0 3 9 0.08835475199157372
seed123_B1-ratio_step18000 0 4 0 0.08694139000726864
seed123_B1-ratio_step18000 0 4 1 0.08518097299383953
seed123_B1-ratio_step18000 0 4 2 0.08528390096034855
seed123_B1-ratio_step18000 0 4 3 0.08510798099450767
seed123_B1-ratio_step18000 0 4 4 0.09100619703531265
seed123_B1-ratio_step18000 0 4 5 0.08569023496238515
seed123_B1-ratio_step18000 0 4 6 0.08471005299361423
seed123_B1-ratio_step18000 0 4 7 0.0852873979602009
seed123_B1-ratio_step18000 0 4 8 0.08609276299830526
seed123_B1-ratio_step18000 0 4 9 0.08814500295557082
seed123_B1-ratio_step18000 0 5 0 0.08584254898596555
seed123_B1-ratio_step18000 0 5 1 0.08509596600197256
seed123_B1-ratio_step18000 0 5 2 0.09029568999540061
seed123_B1-ratio_step18000 0 5 3 0.0852009059744887
seed123_B1-ratio_step18000 0 5 4 0.08574735198635608
seed123_B1-ratio_step18000 0 5 5 0.08638543303823099
seed123_B1-ratio_step18000 0 5 6 0.0868269859929569
seed123_B1-ratio_step18000 0 5 7 0.08493689697934315
seed123_B1-ratio_step18000 0 5 8 0.08534036600030959
seed123_B1-ratio_step18000 0 5 9 0.08580977196106687
seed123_B1-ratio_step18000 0 6 0 0.08778871095273644
seed123_B1-ratio_step18000 0 6 1 0.09108910203212872
seed123_B1-ratio_step18000 0 6 2 0.09107363200746477
seed123_B1-ratio_step18000 0 6 3 0.08590499201091006
seed123_B1-ratio_step18000 0 6 4 0.08703104604501277
seed123_B1-ratio_step18000 0 6 5 0.0852862480096519
seed123_B1-ratio_step18000 0 6 6 0.08700917201349512
seed123_B1-ratio_step18000 0 6 7 0.08858701796270907
seed123_B1-ratio_step18000 0 6 8 0.085009363014251
seed123_B1-ratio_step18000 0 6 9 0.08341577800456434
seed123_B1-ratio_step18000 0 7 0 0.08358532399870455
seed123_B1-ratio_step18000 0 7 1 0.09077081299619749
seed123_B1-ratio_step18000 0 7 2 0.08645950199570507
seed123_B1-ratio_step18000 0 7 3 0.08597114897565916
seed123_B1-ratio_step18000 0 7 4 0.08568626700434834
seed123_B1-ratio_step18000 0 7 5 0.090888757025823
seed123_B1-ratio_step18000 0 7 6 0.08884786802809685
seed123_B1-ratio_step18000 0 7 7 0.09164948400575668
seed123_B1-ratio_step18000 0 7 8 0.08611256902804598
seed123_B1-ratio_step18000 0 7 9 0.08534389402484521
seed123_B1-ratio_step18000 0 8 0 0.0847957679652609
seed123_B1-ratio_step18000 0 8 1 0.08622863196069375
seed123_B1-ratio_step18000 0 8 2 0.08540934196207672
seed123_B1-ratio_step18000 0 8 3 0.09641598397865891
seed123_B1-ratio_step18000 0 8 4 0.08697715698508546
seed123_B1-ratio_step18000 0 8 5 0.0855253940098919
seed123_B1-ratio_step18000 0 8 6 0.08541448699543253
seed123_B1-ratio_step18000 0 8 7 0.08769512799335644
seed123_B1-ratio_step18000 0 8 8 0.08811730303568766
seed123_B1-ratio_step18000 0 8 9 0.09297527902526781
seed123_B1-ratio_step18000 0 9 0 0.08717293100198731
seed123_B1-ratio_step18000 0 9 1 0.09100609796587378
seed123_B1-ratio_step18000 0 9 2 0.09008107299450785
seed123_B1-ratio_step18000 0 9 3 0.08733615605160594
seed123_B1-ratio_step18000 0 9 4 0.09060192899778485
seed123_B1-ratio_step18000 0 9 5 0.08899459597887471
seed123_B1-ratio_step18000 0 9 6 0.08664950000820681
seed123_B1-ratio_step18000 0 9 7 0.08697075600503013
seed123_B1-ratio_step18000 0 9 8 0.09039395296713337
seed123_B1-ratio_step18000 0 9 9 0.0902938800281845
seed123_B1-ratio_step18000 6 0 0 0.13927988801151514
seed123_B1-ratio_step18000 6 0 1 0.1382179000065662
seed123_B1-ratio_step18000 6 0 2 0.13873880496248603
seed123_B1-ratio_step18000 6 0 3 0.1417887110146694
seed123_B1-ratio_step18000 6 0 4 0.13843006902607158
seed123_B1-ratio_step18000 6 0 5 0.13907832495169714
seed123_B1-ratio_step18000 6 0 6 0.14049955602968112
seed123_B1-ratio_step18000 6 0 7 0.14208897401113063
seed123_B1-ratio_step18000 6 0 8 0.13906607002718374
seed123_B1-ratio_step18000 6 0 9 0.13612727902363986
seed123_B1-ratio_step18000 6 1 0 0.1454741059569642
seed123_B1-ratio_step18000 6 1 1 0.13594366505276412
seed123_B1-ratio_step18000 6 1 2 0.13570680300472304
seed123_B1-ratio_step18000 6 1 3 0.13907503098016605
seed123_B1-ratio_step18000 6 1 4 0.13930499396519735
seed123_B1-ratio_step18000 6 1 5 0.1366254329914227
seed123_B1-ratio_step18000 6 1 6 0.13642696995520964
seed123_B1-ratio_step18000 6 1 7 0.13615362194832414
seed123_B1-ratio_step18000 6 1 8 0.13764831802109256
seed123_B1-ratio_step18000 6 1 9 0.14291910699103028
seed123_B1-ratio_step18000 6 2 0 0.14434561500092968
seed123_B1-ratio_step18000 6 2 1 0.13552930200239643
seed123_B1-ratio_step18000 6 2 2 0.14134741900488734
seed123_B1-ratio_step18000 6 2 3 0.13814276602352038
seed123_B1-ratio_step18000 6 2 4 0.14172877604141831
seed123_B1-ratio_step18000 6 2 5 0.14546082803281024
seed123_B1-ratio_step18000 6 2 6 0.1390046370215714
seed123_B1-ratio_step18000 6 2 7 0.13939905300503597
seed123_B1-ratio_step18000 6 2 8 0.13962320500286296
seed123_B1-ratio_step18000 6 2 9 0.14573960902635008
seed123_B1-ratio_step18000 6 3 0 0.14155712799401954
seed123_B1-ratio_step18000 6 3 1 0.14210923400241882
seed123_B1-ratio_step18000 6 3 2 0.1405721660121344
seed123_B1-ratio_step18000 6 3 3 0.14089172199601308
seed123_B1-ratio_step18000 6 3 4 0.14586761000100523
seed123_B1-ratio_step18000 6 3 5 0.13920614501694217
seed123_B1-ratio_step18000 6 3 6 0.14031257899478078
seed123_B1-ratio_step18000 6 3 7 0.14040200196905062
seed123_B1-ratio_step18000 6 3 8 0.13960170798236504
seed123_B1-ratio_step18000 6 3 9 0.1399766610120423
seed123_B1-ratio_step18000 6 4 0 0.13987277902197093
seed123_B1-ratio_step18000 6 4 1 0.14216235297499225
seed123_B1-ratio_step18000 6 4 2 0.1368295320426114
seed123_B1-ratio_step18000 6 4 3 0.13791783200576901
seed123_B1-ratio_step18000 6 4 4 0.13800679403357208
seed123_B1-ratio_step18000 6 4 5 0.13571108400356025
seed123_B1-ratio_step18000 6 4 6 0.13754084496758878
seed123_B1-ratio_step18000 6 4 7 0.1398405420477502
seed123_B1-ratio_step18000 6 4 8 0.13643556501483545
seed123_B1-ratio_step18000 6 4 9 0.13687817001482472
seed123_B1-ratio_step18000 6 5 0 0.13538287399569526
seed123_B1-ratio_step18000 6 5 1 0.13819753500865772
seed123_B1-ratio_step18000 6 5 2 0.1369675530004315
seed123_B1-ratio_step18000 6 5 3 0.1439103889861144
seed123_B1-ratio_step18000 6 5 4 0.1474701879778877
seed123_B1-ratio_step18000 6 5 5 0.13706312101567164
seed123_B1-ratio_step18000 6 5 6 0.14649862598162144
seed123_B1-ratio_step18000 6 5 7 0.1427308059646748
seed123_B1-ratio_step18000 6 5 8 0.14000380400102586
seed123_B1-ratio_step18000 6 5 9 0.1411851739976555
seed123_B1-ratio_step18000 6 6 0 0.13761657901341096
seed123_B1-ratio_step18000 6 6 1 0.1364240570110269
seed123_B1-ratio_step18000 6 6 2 0.13761789601994678
seed123_B1-ratio_step18000 6 6 3 0.1430992300156504
seed123_B1-ratio_step18000 6 6 4 0.14088780398014933
seed123_B1-ratio_step18000 6 6 5 0.1455085690249689
seed123_B1-ratio_step18000 6 6 6 0.146153845009394
seed123_B1-ratio_step18000 6 6 7 0.1384231190313585
seed123_B1-ratio_step18000 6 6 8 0.13918652100255713
seed123_B1-ratio_step18000 6 6 9 0.14115444401977584
seed123_B1-ratio_step18000 6 7 0 0.13744123798096552
seed123_B1-ratio_step18000 6 7 1 0.1391541319899261
seed123_B1-ratio_step18000 6 7 2 0.142027435998898
seed123_B1-ratio_step18000 6 7 3 0.1464136199792847
seed123_B1-ratio_step18000 6 7 4 0.14658041100483388
seed123_B1-ratio_step18000 6 7 5 0.1456983889802359
seed123_B1-ratio_step18000 6 7 6 0.1384689859696664
seed123_B1-ratio_step18000 6 7 7 0.13632416602922603
seed123_B1-ratio_step18000 6 7 8 0.14026006899075583
seed123_B1-ratio_step18000 6 7 9 0.14394198398804292
seed123_B1-ratio_step18000 6 8 0 0.1405181169975549
seed123_B1-ratio_step18000 6 8 1 0.13929547899169847
seed123_B1-ratio_step18000 6 8 2 0.14043332502478734
seed123_B1-ratio_step18000 6 8 3 0.1390079500270076
seed123_B1-ratio_step18000 6 8 4 0.1401435680454597
seed123_B1-ratio_step18000 6 8 5 0.14625352702569216
seed123_B1-ratio_step18000 6 8 6 0.14623553201090544
seed123_B1-ratio_step18000 6 8 7 0.13794499699724838
seed123_B1-ratio_step18000 6 8 8 0.13873818796128035
seed123_B1-ratio_step18000 6 8 9 0.14107738999882713
seed123_B1-ratio_step18000 6 9 0 0.1397334940265864
seed123_B1-ratio_step18000 6 9 1 0.1408982279826887
seed123_B1-ratio_step18000 6 9 2 0.1416235479991883
seed123_B1-ratio_step18000 6 9 3 0.1404204560094513
seed123_B1-ratio_step18000 6 9 4 0.1429369609686546
seed123_B1-ratio_step18000 6 9 5 0.138480925001204
seed123_B1-ratio_step18000 6 9 6 0.14213828096399084
seed123_B1-ratio_step18000 6 9 7 0.14106450602412224
seed123_B1-ratio_step18000 6 9 8 0.15495064301649109
seed123_B1-ratio_step18000 6 9 9 0.15452988201286644
seed123_B1-ratio_step18000 9 0 0 0.0520321240182966
seed123_B1-ratio_step18000 9 0 1 0.04125816799933091
seed123_B1-ratio_step18000 9 0 2 0.041496958991046995
seed123_B1-ratio_step18000 9 0 3 0.04146739200223237
seed123_B1-ratio_step18000 9 0 4 0.042395011987537146
seed123_B1-ratio_step18000 9 0 5 0.04223838000325486
seed123_B1-ratio_step18000 9 0 6 0.04185385798336938
seed123_B1-ratio_step18000 9 0 7 0.04511949798325077
seed123_B1-ratio_step18000 9 0 8 0.041964870993979275
seed123_B1-ratio_step18000 9 0 9 0.042277955973986536
seed123_B1-ratio_step18000 9 1 0 0.041500996972899884
seed123_B1-ratio_step18000 9 1 1 0.042023535002954304
seed123_B1-ratio_step18000 9 1 2 0.04439954902045429
seed123_B1-ratio_step18000 9 1 3 0.042406694032251835
seed123_B1-ratio_step18000 9 1 4 0.04177292896201834
seed123_B1-ratio_step18000 9 1 5 0.04134794999845326
seed123_B1-ratio_step18000 9 1 6 0.04331922304118052
seed123_B1-ratio_step18000 9 1 7 0.04134839097969234
seed123_B1-ratio_step18000 9 1 8 0.04387799103278667
seed123_B1-ratio_step18000 9 1 9 0.041906747967004776
seed123_B1-ratio_step18000 9 2 0 0.043428834003861994
seed123_B1-ratio_step18000 9 2 1 0.042598864005412906
seed123_B1-ratio_step18000 9 2 2 0.04197957896394655
seed123_B1-ratio_step18000 9 2 3 0.04182456899434328
seed123_B1-ratio_step18000 9 2 4 0.042317470011767
seed123_B1-ratio_step18000 9 2 5 0.04245256102876738
seed123_B1-ratio_step18000 9 2 6 0.04161213000770658
seed123_B1-ratio_step18000 9 2 7 0.042309565003961325
seed123_B1-ratio_step18000 9 2 8 0.04308875696733594
seed123_B1-ratio_step18000 9 2 9 0.044713762996252626
seed123_B1-ratio_step18000 9 3 0 0.041321530006825924
seed123_B1-ratio_step18000 9 3 1 0.04163478396367282
seed123_B1-ratio_step18000 9 3 2 0.04171665100147948
seed123_B1-ratio_step18000 9 3 3 0.040379911952186376
seed123_B1-ratio_step18000 9 3 4 0.04116530797909945
seed123_B1-ratio_step18000 9 3 5 0.0415635560057126
seed123_B1-ratio_step18000 9 3 6 0.0414102990180254
seed123_B1-ratio_step18000 9 3 7 0.04114241304341704
seed123_B1-ratio_step18000 9 3 8 0.04164125496754423
seed123_B1-ratio_step18000 9 3 9 0.0424483009846881
seed123_B1-ratio_step18000 9 4 0 0.04138113104272634
seed123_B1-ratio_step18000 9 4 1 0.041858110984321684
seed123_B1-ratio_step18000 9 4 2 0.04175497399410233
seed123_B1-ratio_step18000 9 4 3 0.042952111980412155
seed123_B1-ratio_step18000 9 4 4 0.04103071603458375
seed123_B1-ratio_step18000 9 4 5 0.04074673797003925
seed123_B1-ratio_step18000 9 4 6 0.04107596300309524
seed123_B1-ratio_step18000 9 4 7 0.0411887809750624
seed123_B1-ratio_step18000 9 4 8 0.04120809800224379
seed123_B1-ratio_step18000 9 4 9 0.042865113995503634
seed123_B1-ratio_step18000 9 5 0 0.04185315204085782
seed123_B1-ratio_step18000 9 5 1 0.041181555949151516
seed123_B1-ratio_step18000 9 5 2 0.04260649502975866
seed123_B1-ratio_step18000 9 5 3 0.04540220997296274
seed123_B1-ratio_step18000 9 5 4 0.04188031505327672
seed123_B1-ratio_step18000 9 5 5 0.04027423699153587
seed123_B1-ratio_step18000 9 5 6 0.03976659697946161
seed123_B1-ratio_step18000 9 5 7 0.040361965948250145
seed123_B1-ratio_step18000 9 5 8 0.04520310502266511
seed123_B1-ratio_step18000 9 5 9 0.04446630401071161
seed123_B1-ratio_step18000 9 6 0 0.04196377599146217
seed123_B1-ratio_step18000 9 6 1 0.04168769298121333
seed123_B1-ratio_step18000 9 6 2 0.04170751996571198
seed123_B1-ratio_step18000 9 6 3 0.04113606701139361
seed123_B1-ratio_step18000 9 6 4 0.04075589403510094
seed123_B1-ratio_step18000 9 6 5 0.04116225801408291
seed123_B1-ratio_step18000 9 6 6 0.04177304601762444
seed123_B1-ratio_step18000 9 6 7 0.04142268100986257
seed123_B1-ratio_step18000 9 6 8 0.04259796702535823
seed123_B1-ratio_step18000 9 6 9 0.04268679901724681
seed123_B1-ratio_step18000 9 7 0 0.0427322470350191
seed123_B1-ratio_step18000 9 7 1 0.042172015993855894
seed123_B1-ratio_step18000 9 7 2 0.04207570996368304
seed123_B1-ratio_step18000 9 7 3 0.04245846898993477
seed123_B1-ratio_step18000 9 7 4 0.04263535898644477
seed123_B1-ratio_step18000 9 7 5 0.042738739983178675
seed123_B1-ratio_step18000 9 7 6 0.043402159004472196
seed123_B1-ratio_step18000 9 7 7 0.041557801014278084
seed123_B1-ratio_step18000 9 7 8 0.041452047997154295
seed123_B1-ratio_step18000 9 7 9 0.04131937102647498
seed123_B1-ratio_step18000 9 8 0 0.0411605040426366
seed123_B1-ratio_step18000 9 8 1 0.04095093999058008
seed123_B1-ratio_step18000 9 8 2 0.04137595102656633
seed123_B1-ratio_step18000 9 8 3 0.041434853977989405
seed123_B1-ratio_step18000 9 8 4 0.04159448202699423
seed123_B1-ratio_step18000 9 8 5 0.04123405599966645
seed123_B1-ratio_step18000 9 8 6 0.041745701048057526
seed123_B1-ratio_step18000 9 8 7 0.04537482204614207
seed123_B1-ratio_step18000 9 8 8 0.04164411500096321
seed123_B1-ratio_step18000 9 8 9 0.041629437007941306
seed123_B1-ratio_step18000 9 9 0 0.04215650400146842
seed123_B1-ratio_step18000 9 9 1 0.04121442703763023
seed123_B1-ratio_step18000 9 9 2 0.041421555972192436
seed123_B1-ratio_step18000 9 9 3 0.041209356975741684
seed123_B1-ratio_step18000 9 9 4 0.041158198029734194
seed123_B1-ratio_step18000 9 9 5 0.04107914603082463
seed123_B1-ratio_step18000 9 9 6 0.04160330700688064
seed123_B1-ratio_step18000 9 9 7 0.04188444901956245
seed123_B1-ratio_step18000 9 9 8 0.042534072999842465
seed123_B1-ratio_step18000 9 9 9 0.041605009988415986
seed123_B1-ratio_step18000 12 0 0 0.4319068680051714
seed123_B1-ratio_step18000 12 0 1 0.41846989997429773
seed123_B1-ratio_step18000 12 0 2 0.424781667010393
seed123_B1-ratio_step18000 12 0 3 0.4212827020091936
seed123_B1-ratio_step18000 12 0 4 0.43038243101909757
seed123_B1-ratio_step18000 12 0 5 0.4171714700059965
seed123_B1-ratio_step18000 12 0 6 0.4155444299685769
seed123_B1-ratio_step18000 12 0 7 0.41923880600370467
seed123_B1-ratio_step18000 12 0 8 0.42033391899894923
seed123_B1-ratio_step18000 12 0 9 0.42338159802602604
seed123_B1-ratio_step18000 12 1 0 0.4255885939928703
seed123_B1-ratio_step18000 12 1 1 0.42407799302600324
seed123_B1-ratio_step18000 12 1 2 0.43120792001718655
seed123_B1-ratio_step18000 12 1 3 0.4211416310281493
seed123_B1-ratio_step18000 12 1 4 0.4209758209763095
seed123_B1-ratio_step18000 12 1 5 0.4192127219866961
seed123_B1-ratio_step18000 12 1 6 0.4182200159993954
seed123_B1-ratio_step18000 12 1 7 0.42345991398906335
seed123_B1-ratio_step18000 12 1 8 0.4321051089791581
seed123_B1-ratio_step18000 12 1 9 0.43092760298168287
seed123_B1-ratio_step18000 12 2 0 0.4164720780099742
seed123_B1-ratio_step18000 12 2 1 0.420829722948838
seed123_B1-ratio_step18000 12 2 2 0.4206050439970568
seed123_B1-ratio_step18000 12 2 3 0.42603455303469673
seed123_B1-ratio_step18000 12 2 4 0.4259131499566138
seed123_B1-ratio_step18000 12 2 5 0.4313429419999011
seed123_B1-ratio_step18000 12 2 6 0.42039991402998567
seed123_B1-ratio_step18000 12 2 7 0.4256047960370779
seed123_B1-ratio_step18000 12 2 8 0.4257242669700645
seed123_B1-ratio_step18000 12 2 9 0.43830683798296377
seed123_B1-ratio_step18000 12 3 0 0.4181154840043746
seed123_B1-ratio_step18000 12 3 1 0.41858292801771313
seed123_B1-ratio_step18000 12 3 2 0.41667223296826705
seed123_B1-ratio_step18000 12 3 3 0.4378546510124579
seed123_B1-ratio_step18000 12 3 4 0.43323237099684775
seed123_B1-ratio_step18000 12 3 5 0.41353343200171366
seed123_B1-ratio_step18000 12 3 6 0.430450591025874
seed123_B1-ratio_step18000 12 3 7 0.422057160991244
seed123_B1-ratio_step18000 12 3 8 0.4225905920029618
seed123_B1-ratio_step18000 12 3 9 0.42299601301783696
seed123_B1-ratio_step18000 12 4 0 0.4226387729868293
seed123_B1-ratio_step18000 12 4 1 0.433496012003161
seed123_B1-ratio_step18000 12 4 2 0.4231126299710013
seed123_B1-ratio_step18000 12 4 3 0.430279285996221
seed123_B1-ratio_step18000 12 4 4 0.43245479598408565
seed123_B1-ratio_step18000 12 4 5 0.41953705000923946
seed123_B1-ratio_step18000 12 4 6 0.42704127804609016
seed123_B1-ratio_step18000 12 4 7 0.4265253920457326
seed123_B1-ratio_step18000 12 4 8 0.42428582796128467
seed123_B1-ratio_step18000 12 4 9 0.4127192249870859
seed123_B1-ratio_step18000 12 5 0 0.42112312698736787
seed123_B1-ratio_step18000 12 5 1 0.4317854989785701
seed123_B1-ratio_step18000 12 5 2 0.4210135340108536
seed123_B1-ratio_step18000 12 5 3 0.4248516220250167
seed123_B1-ratio_step18000 12 5 4 0.4237998540047556
seed123_B1-ratio_step18000 12 5 5 0.42580697598168626
seed123_B1-ratio_step18000 12 5 6 0.422734271036461
seed123_B1-ratio_step18000 12 5 7 0.44555902597494423
seed123_B1-ratio_step18000 12 5 8 0.43595868902048096
seed123_B1-ratio_step18000 12 5 9 0.4185579359764233
seed123_B1-ratio_step18000 12 6 0 0.4321516110212542
seed123_B1-ratio_step18000 12 6 1 0.42511683894554153
seed123_B1-ratio_step18000 12 6 2 0.4171297330176458
seed123_B1-ratio_step18000 12 6 3 0.4314118369948119
seed123_B1-ratio_step18000 12 6 4 0.4195985300466418
seed123_B1-ratio_step18000 12 6 5 0.42302906699478626
seed123_B1-ratio_step18000 12 6 6 0.41664979403140023
seed123_B1-ratio_step18000 12 6 7 0.4215370619785972
seed123_B1-ratio_step18000 12 6 8 0.4221737300395034
seed123_B1-ratio_step18000 12 6 9 0.426206459000241
seed123_B1-ratio_step18000 12 7 0 0.4315187780302949
seed123_B1-ratio_step18000 12 7 1 0.4379028349649161
seed123_B1-ratio_step18000 12 7 2 0.42226454900810495
seed123_B1-ratio_step18000 12 7 3 0.4265901349717751
seed123_B1-ratio_step18000 12 7 4 0.43668785598129034
seed123_B1-ratio_step18000 12 7 5 0.43425717001082376
seed123_B1-ratio_step18000 12 7 6 0.42668625904479995
seed123_B1-ratio_step18000 12 7 7 0.4301629500114359
seed123_B1-ratio_step18000 12 7 8 0.4163274880265817
seed123_B1-ratio_step18000 12 7 9 0.42681949597317725
seed123_B1-ratio_step18000 12 8 0 0.417814004002139
seed123_B1-ratio_step18000 12 8 1 0.42311940697254613
seed123_B1-ratio_step18000 12 8 2 0.426323683001101
seed123_B1-ratio_step18000 12 8 3 0.4249529460212216
seed123_B1-ratio_step18000 12 8 4 0.4376878500333987
seed123_B1-ratio_step18000 12 8 5 0.42571397102437913
seed123_B1-ratio_step18000 12 8 6 0.41760078305378556
seed123_B1-ratio_step18000 12 8 7 0.422073952970095
seed123_B1-ratio_step18000 12 8 8 0.43032503203721717
seed123_B1-ratio_step18000 12 8 9 0.4236742120119743
seed123_B1-ratio_step18000 12 9 0 0.42216985998675227
seed123_B1-ratio_step18000 12 9 1 0.42282609100220725
seed123_B1-ratio_step18000 12 9 2 0.42117713403422385
seed123_B1-ratio_step18000 12 9 3 0.432865112030413
seed123_B1-ratio_step18000 12 9 4 0.42577864200575277
seed123_B1-ratio_step18000 12 9 5 0.43667575798463076
seed123_B1-ratio_step18000 12 9 6 0.426746099954471
seed123_B1-ratio_step18000 12 9 7 0.4488231149734929
seed123_B1-ratio_step18000 12 9 8 0.43126430100528523
seed123_B1-ratio_step18000 12 9 9 0.4280007529887371
seed123_B1-ratio_step18000 18 0 0 0.10338340501766652
seed123_B1-ratio_step18000 18 0 1 0.10308789601549506
seed123_B1-ratio_step18000 18 0 2 0.10239462996833026
seed123_B1-ratio_step18000 18 0 3 0.1035022140131332
seed123_B1-ratio_step18000 18 0 4 0.10432029096409678
seed123_B1-ratio_step18000 18 0 5 0.10651482996763662
seed123_B1-ratio_step18000 18 0 6 0.10284071997739375
seed123_B1-ratio_step18000 18 0 7 0.10214543697657064
seed123_B1-ratio_step18000 18 0 8 0.10268048697616905
seed123_B1-ratio_step18000 18 0 9 0.10391064698342234
seed123_B1-ratio_step18000 18 1 0 0.10323507501743734
seed123_B1-ratio_step18000 18 1 1 0.10309531597886235
seed123_B1-ratio_step18000 18 1 2 0.1013306140084751
seed123_B1-ratio_step18000 18 1 3 0.1039450240205042
seed123_B1-ratio_step18000 18 1 4 0.10354000300867483
seed123_B1-ratio_step18000 18 1 5 0.1039989980054088
seed123_B1-ratio_step18000 18 1 6 0.1047876970260404
seed123_B1-ratio_step18000 18 1 7 0.10488193499622867
seed123_B1-ratio_step18000 18 1 8 0.1031492060283199
seed123_B1-ratio_step18000 18 1 9 0.10825390298850834
seed123_B1-ratio_step18000 18 2 0 0.10258956695906818
seed123_B1-ratio_step18000 18 2 1 0.10448297596303746
seed123_B1-ratio_step18000 18 2 2 0.10294495103880763
seed123_B1-ratio_step18000 18 2 3 0.10246570903109387
seed123_B1-ratio_step18000 18 2 4 0.10468355298507959
seed123_B1-ratio_step18000 18 2 5 0.10874706303002313
seed123_B1-ratio_step18000 18 2 6 0.10645145695889369
seed123_B1-ratio_step18000 18 2 7 0.10644027398666367
seed123_B1-ratio_step18000 18 2 8 0.10387751500820741
seed123_B1-ratio_step18000 18 2 9 0.10283709003124386
seed123_B1-ratio_step18000 18 3 0 0.10323912400053814
seed123_B1-ratio_step18000 18 3 1 0.10198784398380667
seed123_B1-ratio_step18000 18 3 2 0.10682300996268168
seed123_B1-ratio_step18000 18 3 3 0.10318337799981236
seed123_B1-ratio_step18000 18 3 4 0.10329811798874289
seed123_B1-ratio_step18000 18 3 5 0.10592890804400668
seed123_B1-ratio_step18000 18 3 6 0.1020064860349521
seed123_B1-ratio_step18000 18 3 7 0.10864996700547636
seed123_B1-ratio_step18000 18 3 8 0.10421661398140714
seed123_B1-ratio_step18000 18 3 9 0.10162058100104332
seed123_B1-ratio_step18000 18 4 0 0.10153843299485743
seed123_B1-ratio_step18000 18 4 1 0.10363166697788984
seed123_B1-ratio_step18000 18 4 2 0.10617934598121792
seed123_B1-ratio_step18000 18 4 3 0.10491768503561616
seed123_B1-ratio_step18000 18 4 4 0.10360423300880939
seed123_B1-ratio_step18000 18 4 5 0.10690808901563287
seed123_B1-ratio_step18000 18 4 6 0.10691435902845114
seed123_B1-ratio_step18000 18 4 7 0.10611229302594438
seed123_B1-ratio_step18000 18 4 8 0.10357024404220283
seed123_B1-ratio_step18000 18 4 9 0.10128915903624147
seed123_B1-ratio_step18000 18 5 0 0.10293999902205542
seed123_B1-ratio_step18000 18 5 1 0.10067624796647578
seed123_B1-ratio_step18000 18 5 2 0.1038802019902505
seed123_B1-ratio_step18000 18 5 3 0.10446828498970717
seed123_B1-ratio_step18000 18 5 4 0.10330216697184369
seed123_B1-ratio_step18000 18 5 5 0.1033384949550964
seed123_B1-ratio_step18000 18 5 6 0.10708077601157129
seed123_B1-ratio_step18000 18 5 7 0.10306350298924372
seed123_B1-ratio_step18000 18 5 8 0.10501188796479255
seed123_B1-ratio_step18000 18 5 9 0.10248474800027907
seed123_B1-ratio_step18000 18 6 0 0.10136263602180406
seed123_B1-ratio_step18000 18 6 1 0.10271815798478201
seed123_B1-ratio_step18000 18 6 2 0.10316676198272035
seed123_B1-ratio_step18000 18 6 3 0.10491520201321691
seed123_B1-ratio_step18000 18 6 4 0.10736559302313253
seed123_B1-ratio_step18000 18 6 5 0.10359171603340656
seed123_B1-ratio_step18000 18 6 6 0.10552619595546275
seed123_B1-ratio_step18000 18 6 7 0.1050103610032238
seed123_B1-ratio_step18000 18 6 8 0.10665307700401172
seed123_B1-ratio_step18000 18 6 9 0.10715734801487997
seed123_B1-ratio_step18000 18 7 0 0.10459964897017926
seed123_B1-ratio_step18000 18 7 1 0.10596131399506703
seed123_B1-ratio_step18000 18 7 2 0.10973845201078802
seed123_B1-ratio_step18000 18 7 3 0.10249024402583018
seed123_B1-ratio_step18000 18 7 4 0.10482946899719536
seed123_B1-ratio_step18000 18 7 5 0.10502729896688834
seed123_B1-ratio_step18000 18 7 6 0.10406317200977355
seed123_B1-ratio_step18000 18 7 7 0.10298522398807108
seed123_B1-ratio_step18000 18 7 8 0.10836070199729875
seed123_B1-ratio_step18000 18 7 9 0.10517608502414078
seed123_B1-ratio_step18000 18 8 0 0.1034915610216558
seed123_B1-ratio_step18000 18 8 1 0.10290348704438657
seed123_B1-ratio_step18000 18 8 2 0.10278528899652883
seed123_B1-ratio_step18000 18 8 3 0.10365884198108688
seed123_B1-ratio_step18000 18 8 4 0.10759676602901891
seed123_B1-ratio_step18000 18 8 5 0.1034102090052329
seed123_B1-ratio_step18000 18 8 6 0.10279453202383593
seed123_B1-ratio_step18000 18 8 7 0.10332206898601726
seed123_B1-ratio_step18000 18 8 8 0.10762521100696176
seed123_B1-ratio_step18000 18 8 9 0.10626285499893129
seed123_B1-ratio_step18000 18 9 0 0.10650471202097833
seed123_B1-ratio_step18000 18 9 1 0.10539150703698397
seed123_B1-ratio_step18000 18 9 2 0.1046827009995468
seed123_B1-ratio_step18000 18 9 3 0.10571071901358664
seed123_B1-ratio_step18000 18 9 4 0.10532039502868429
seed123_B1-ratio_step18000 18 9 5 0.10735925403423607
seed123_B1-ratio_step18000 18 9 6 0.10395519499434158
seed123_B1-ratio_step18000 18 9 7 0.10422628704691306
seed123_B1-ratio_step18000 18 9 8 0.10268151998752728
seed123_B1-ratio_step18000 18 9 9 0.10930502298288047
seed123_B1-ratio_step18000 22 0 0 0.017970685963518918
seed123_B1-ratio_step18000 22 0 1 0.015984249010216445
seed123_B1-ratio_step18000 22 0 2 0.01578961400082335
seed123_B1-ratio_step18000 22 0 3 0.015493472979869694
seed123_B1-ratio_step18000 22 0 4 0.015228723990730941
seed123_B1-ratio_step18000 22 0 5 0.015463545976672322
seed123_B1-ratio_step18000 22 0 6 0.01571730396244675
seed123_B1-ratio_step18000 22 0 7 0.015457573987077922
seed123_B1-ratio_step18000 22 0 8 0.015556034981273115
seed123_B1-ratio_step18000 22 0 9 0.015542156994342804
seed123_B1-ratio_step18000 22 1 0 0.01544520998140797
seed123_B1-ratio_step18000 22 1 1 0.015513963007833809
seed123_B1-ratio_step18000 22 1 2 0.015460709983017296
seed123_B1-ratio_step18000 22 1 3 0.015443336975295097
seed123_B1-ratio_step18000 22 1 4 0.015626569977030158
seed123_B1-ratio_step18000 22 1 5 0.01565756998024881
seed123_B1-ratio_step18000 22 1 6 0.015583097003400326
seed123_B1-ratio_step18000 22 1 7 0.015445831988472492
seed123_B1-ratio_step18000 22 1 8 0.015864218003116548
seed123_B1-ratio_step18000 22 1 9 0.016235902963671833
seed123_B1-ratio_step18000 22 2 0 0.01552009501028806
seed123_B1-ratio_step18000 22 2 1 0.0155907699954696
seed123_B1-ratio_step18000 22 2 2 0.01595186599297449
seed123_B1-ratio_step18000 22 2 3 0.01544332702178508
seed123_B1-ratio_step18000 22 2 4 0.015466128999833018
seed123_B1-ratio_step18000 22 2 5 0.01606445194920525
seed123_B1-ratio_step18000 22 2 6 0.015437143971212208
seed123_B1-ratio_step18000 22 2 7 0.015458604961168021
seed123_B1-ratio_step18000 22 2 8 0.015525794995483011
seed123_B1-ratio_step18000 22 2 9 0.015469817037228495
seed123_B1-ratio_step18000 22 3 0 0.015495726955123246
seed123_B1-ratio_step18000 22 3 1 0.015438717033248395
seed123_B1-ratio_step18000 22 3 2 0.01544386800378561
seed123_B1-ratio_step18000 22 3 3 0.015448125021066517
seed123_B1-ratio_step18000 22 3 4 0.015481500013265759
seed123_B1-ratio_step18000 22 3 5 0.015425521996803582
seed123_B1-ratio_step18000 22 3 6 0.015450479986611754
seed123_B1-ratio_step18000 22 3 7 0.015459828020539135
seed123_B1-ratio_step18000 22 3 8 0.015458815963938832
seed123_B1-ratio_step18000 22 3 9 0.015454777982085943
seed123_B1-ratio_step18000 22 4 0 0.015458766021765769
seed123_B1-ratio_step18000 22 4 1 0.01544080104213208
seed123_B1-ratio_step18000 22 4 2 0.015435651002917439
seed123_B1-ratio_step18000 22 4 3 0.015611470967996866
seed123_B1-ratio_step18000 22 4 4 0.01549198996508494
seed123_B1-ratio_step18000 22 4 5 0.015649243025109172
seed123_B1-ratio_step18000 22 4 6 0.015577625017613173
seed123_B1-ratio_step18000 22 4 7 0.015913491020910442
seed123_B1-ratio_step18000 22 4 8 0.015554499987047166
seed123_B1-ratio_step18000 22 4 9 0.016167101974133402
seed123_B1-ratio_step18000 22 5 0 0.016204232000745833
seed123_B1-ratio_step18000 22 5 1 0.01574120100121945
seed123_B1-ratio_step18000 22 5 2 0.015495687024667859
seed123_B1-ratio_step18000 22 5 3 0.015891199000179768
seed123_B1-ratio_step18000 22 5 4 0.01722952799173072
seed123_B1-ratio_step18000 22 5 5 0.018251015979330987
seed123_B1-ratio_step18000 22 5 6 0.015984106983523816
seed123_B1-ratio_step18000 22 5 7 0.01578591699944809
seed123_B1-ratio_step18000 22 5 8 0.015877403027843684
seed123_B1-ratio_step18000 22 5 9 0.016848183004185557
seed123_B1-ratio_step18000 22 6 0 0.01612886699149385
seed123_B1-ratio_step18000 22 6 1 0.016417422972153872
seed123_B1-ratio_step18000 22 6 2 0.015617643017321825
seed123_B1-ratio_step18000 22 6 3 0.015507338976021856
seed123_B1-ratio_step18000 22 6 4 0.015552497003227472
seed123_B1-ratio_step18000 22 6 5 0.015573327022138983
seed123_B1-ratio_step18000 22 6 6 0.015488042030483484
seed123_B1-ratio_step18000 22 6 7 0.01528729498386383
seed123_B1-ratio_step18000 22 6 8 0.01568807801231742
seed123_B1-ratio_step18000 22 6 9 0.015493000973947346
seed123_B1-ratio_step18000 22 7 0 0.01526370900683105
seed123_B1-ratio_step18000 22 7 1 0.01544685399858281
seed123_B1-ratio_step18000 22 7 2 0.015692426008172333
seed123_B1-ratio_step18000 22 7 3 0.015459006011951715
seed123_B1-ratio_step18000 22 7 4 0.017707357998006046
seed123_B1-ratio_step18000 22 7 5 0.01564232900273055
seed123_B1-ratio_step18000 22 7 6 0.01555709500098601
seed123_B1-ratio_step18000 22 7 7 0.015604678017552942
seed123_B1-ratio_step18000 22 7 8 0.015574507997371256
seed123_B1-ratio_step18000 22 7 9 0.015436153043992817
seed123_B1-ratio_step18000 22 8 0 0.015746028977446258
seed123_B1-ratio_step18000 22 8 1 0.015907820023130625
seed123_B1-ratio_step18000 22 8 2 0.01573324401397258
seed123_B1-ratio_step18000 22 8 3 0.015583446016535163
seed123_B1-ratio_step18000 22 8 4 0.0161714680143632
seed123_B1-ratio_step18000 22 8 5 0.016048211022280157
seed123_B1-ratio_step18000 22 8 6 0.015441511990502477
seed123_B1-ratio_step18000 22 8 7 0.015420401003211737
seed123_B1-ratio_step18000 22 8 8 0.015530173026490957
seed123_B1-ratio_step18000 22 8 9 0.01578429201617837
seed123_B1-ratio_step18000 22 9 0 0.016686421004123986
seed123_B1-ratio_step18000 22 9 1 0.015660753997508436
seed123_B1-ratio_step18000 22 9 2 0.01544003002345562
seed123_B1-ratio_step18000 22 9 3 0.015493562037590891
seed123_B1-ratio_step18000 22 9 4 0.015446612029336393
seed123_B1-ratio_step18000 22 9 5 0.015436804038472474
seed123_B1-ratio_step18000 22 9 6 0.015435158973559737
seed123_B1-ratio_step18000 22 9 7 0.01546384603716433
seed123_B1-ratio_step18000 22 9 8 0.015433035034220666
seed123_B1-ratio_step18000 22 9 9 0.015435611014254391
seed123_B1-ratio_step18000 24 0 0 0.01736247300868854
seed123_B1-ratio_step18000 24 0 1 0.017222272988874465
seed123_B1-ratio_step18000 24 0 2 0.01719824696192518
seed123_B1-ratio_step18000 24 0 3 0.017207303957547992
seed123_B1-ratio_step18000 24 0 4 0.01721125200856477
seed123_B1-ratio_step18000 24 0 5 0.017212935024872422
seed123_B1-ratio_step18000 24 0 6 0.0172553570009768
seed123_B1-ratio_step18000 24 0 7 0.0172067130333744
seed123_B1-ratio_step18000 24 0 8 0.017294963006861508
seed123_B1-ratio_step18000 24 0 9 0.0172351979999803
seed123_B1-ratio_step18000 24 1 0 0.01690099498955533
seed123_B1-ratio_step18000 24 1 1 0.016973904974292964
seed123_B1-ratio_step18000 24 1 2 0.019127675041090697
seed123_B1-ratio_step18000 24 1 3 0.021409712033346295
seed123_B1-ratio_step18000 24 1 4 0.018277175026014447
seed123_B1-ratio_step18000 24 1 5 0.018523790990002453
seed123_B1-ratio_step18000 24 1 6 0.018012826039921492
seed123_B1-ratio_step18000 24 1 7 0.017844051006250083
seed123_B1-ratio_step18000 24 1 8 0.0172208109870553
seed123_B1-ratio_step18000 24 1 9 0.01766454498283565
seed123_B1-ratio_step18000 24 2 0 0.01738069800194353
seed123_B1-ratio_step18000 24 2 1 0.017248192976694554
seed123_B1-ratio_step18000 24 2 2 0.017215950996614993
seed123_B1-ratio_step18000 24 2 3 0.017216311010997742
seed123_B1-ratio_step18000 24 2 4 0.017240327957551926
seed123_B1-ratio_step18000 24 2 5 0.01723086996935308
seed123_B1-ratio_step18000 24 2 6 0.017173258995171636
seed123_B1-ratio_step18000 24 2 7 0.01681779295904562
seed123_B1-ratio_step18000 24 2 8 0.01729119598167017
seed123_B1-ratio_step18000 24 2 9 0.017229106975719333
seed123_B1-ratio_step18000 24 3 0 0.017229416989721358
seed123_B1-ratio_step18000 24 3 1 0.017226662021130323
seed123_B1-ratio_step18000 24 3 2 0.017226981988642365
seed123_B1-ratio_step18000 24 3 3 0.01721957797417417
seed123_B1-ratio_step18000 24 3 4 0.017217555025126785
seed123_B1-ratio_step18000 24 3 5 0.017209508048836142
seed123_B1-ratio_step18000 24 3 6 0.01725573797011748
seed123_B1-ratio_step18000 24 3 7 0.017156946996692568
seed123_B1-ratio_step18000 24 3 8 0.01646799995796755
seed123_B1-ratio_step18000 24 3 9 0.017134604044258595
seed123_B1-ratio_step18000 24 4 0 0.01727782899979502
seed123_B1-ratio_step18000 24 4 1 0.017202603979967535
seed123_B1-ratio_step18000 24 4 2 0.017269634001422673
seed123_B1-ratio_step18000 24 4 3 0.017941489000804722
seed123_B1-ratio_step18000 24 4 4 0.020507811976131052
seed123_B1-ratio_step18000 24 4 5 0.017794855986721814
seed123_B1-ratio_step18000 24 4 6 0.017659455013927072
seed123_B1-ratio_step18000 24 4 7 0.01756008295342326
seed123_B1-ratio_step18000 24 4 8 0.017596322984900326
seed123_B1-ratio_step18000 24 4 9 0.01862369303125888
seed123_B1-ratio_step18000 24 5 0 0.01786470995284617
seed123_B1-ratio_step18000 24 5 1 0.01756707701133564
seed123_B1-ratio_step18000 24 5 2 0.018106987001374364
seed123_B1-ratio_step18000 24 5 3 0.017802841030061245
seed123_B1-ratio_step18000 24 5 4 0.017114224028773606
seed123_B1-ratio_step18000 24 5 5 0.01707073097350076
seed123_B1-ratio_step18000 24 5 6 0.01799024100182578
seed123_B1-ratio_step18000 24 5 7 0.018046390963718295
seed123_B1-ratio_step18000 24 5 8 0.017503754002973437
seed123_B1-ratio_step18000 24 5 9 0.017580652958713472
seed123_B1-ratio_step18000 24 6 0 0.01732164400164038
seed123_B1-ratio_step18000 24 6 1 0.017349287983961403
seed123_B1-ratio_step18000 24 6 2 0.017462636053096503
seed123_B1-ratio_step18000 24 6 3 0.01723339396994561
seed123_B1-ratio_step18000 24 6 4 0.017549863026943058
seed123_B1-ratio_step18000 24 6 5 0.017407510022167116
seed123_B1-ratio_step18000 24 6 6 0.017273491015657783
seed123_B1-ratio_step18000 24 6 7 0.01737296301871538
seed123_B1-ratio_step18000 24 6 8 0.01751665899064392
seed123_B1-ratio_step18000 24 6 9 0.017097402014769614
seed123_B1-ratio_step18000 24 7 0 0.01751568802865222
seed123_B1-ratio_step18000 24 7 1 0.01723554899217561
seed123_B1-ratio_step18000 24 7 2 0.017584288958460093
seed123_B1-ratio_step18000 24 7 3 0.019268133968580514
seed123_B1-ratio_step18000 24 7 4 0.018327200959902257
seed123_B1-ratio_step18000 24 7 5 0.018910607032012194
seed123_B1-ratio_step18000 24 7 6 0.01729165599681437
seed123_B1-ratio_step18000 24 7 7 0.017260495980735868
seed123_B1-ratio_step18000 24 7 8 0.01726055605104193
seed123_B1-ratio_step18000 24 7 9 0.01723368396051228
seed123_B1-ratio_step18000 24 8 0 0.017240286979358643
seed123_B1-ratio_step18000 24 8 1 0.0173102620174177
seed123_B1-ratio_step18000 24 8 2 0.01730628398945555
seed123_B1-ratio_step18000 24 8 3 0.017255546990782022
seed123_B1-ratio_step18000 24 8 4 0.017410194035619497
seed123_B1-ratio_step18000 24 8 5 0.01728532399283722
seed123_B1-ratio_step18000 24 8 6 0.01726748002693057
seed123_B1-ratio_step18000 24 8 7 0.017283921013586223
seed123_B1-ratio_step18000 24 8 8 0.017316563986241817
seed123_B1-ratio_step18000 24 8 9 0.01727785001276061
seed123_B1-ratio_step18000 24 9 0 0.017714009038172662
seed123_B1-ratio_step18000 24 9 1 0.01777063001645729
seed123_B1-ratio_step18000 24 9 2 0.01763563900021836
seed123_B1-ratio_step18000 24 9 3 0.017348155030049384
seed123_B1-ratio_step18000 24 9 4 0.01727849099552259
seed123_B1-ratio_step18000 24 9 5 0.017284080968238413
seed123_B1-ratio_step18000 24 9 6 0.017258761974517256
seed123_B1-ratio_step18000 24 9 7 0.01725044596241787
seed123_B1-ratio_step18000 24 9 8 0.01731837703846395
seed123_B1-ratio_step18000 24 9 9 0.018127296003513038
seed123_B1-ratio_step18000 30 0 0 0.028922234021592885
seed123_B1-ratio_step18000 30 0 1 0.028866355947684497
seed123_B1-ratio_step18000 30 0 2 0.03123594098724425
seed123_B1-ratio_step18000 30 0 3 0.027341588982380927
seed123_B1-ratio_step18000 30 0 4 0.028374208020977676
seed123_B1-ratio_step18000 30 0 5 0.02731595898512751
seed123_B1-ratio_step18000 30 0 6 0.03107031196122989
seed123_B1-ratio_step18000 30 0 7 0.027251544990576804
seed123_B1-ratio_step18000 30 0 8 0.027065255970228463
seed123_B1-ratio_step18000 30 0 9 0.02833909000037238
seed123_B1-ratio_step18000 30 1 0 0.028146649012342095
seed123_B1-ratio_step18000 30 1 1 0.028863020008429885
seed123_B1-ratio_step18000 30 1 2 0.028430445992853492
seed123_B1-ratio_step18000 30 1 3 0.027378719998523593
seed123_B1-ratio_step18000 30 1 4 0.026929865998681635
seed123_B1-ratio_step18000 30 1 5 0.026956607005558908
seed123_B1-ratio_step18000 30 1 6 0.02752329799113795
seed123_B1-ratio_step18000 30 1 7 0.02795919799245894
seed123_B1-ratio_step18000 30 1 8 0.028406900994013995
seed123_B1-ratio_step18000 30 1 9 0.027618932945188135
seed123_B1-ratio_step18000 30 2 0 0.02771539898822084
seed123_B1-ratio_step18000 30 2 1 0.027350033982656896
seed123_B1-ratio_step18000 30 2 2 0.02724465198116377
seed123_B1-ratio_step18000 30 2 3 0.02673228399362415
seed123_B1-ratio_step18000 30 2 4 0.02665389300091192
seed123_B1-ratio_step18000 30 2 5 0.026669473038055003
seed123_B1-ratio_step18000 30 2 6 0.026499705971218646
seed123_B1-ratio_step18000 30 2 7 0.027279448986519128
seed123_B1-ratio_step18000 30 2 8 0.0297286479617469
seed123_B1-ratio_step18000 30 2 9 0.02812375599751249
seed123_B1-ratio_step18000 30 3 0 0.029022747999988496
seed123_B1-ratio_step18000 30 3 1 0.028020907018799335
seed123_B1-ratio_step18000 30 3 2 0.02764238795498386
seed123_B1-ratio_step18000 30 3 3 0.028707047982607037
seed123_B1-ratio_step18000 30 3 4 0.029473614995367825
seed123_B1-ratio_step18000 30 3 5 0.0281092970399186
seed123_B1-ratio_step18000 30 3 6 0.028501301014330238
seed123_B1-ratio_step18000 30 3 7 0.028763716982211918
seed123_B1-ratio_step18000 30 3 8 0.027768238971475512
seed123_B1-ratio_step18000 30 3 9 0.027525822981260717
seed123_B1-ratio_step18000 30 4 0 0.0274313609697856
seed123_B1-ratio_step18000 30 4 1 0.02708155696745962
seed123_B1-ratio_step18000 30 4 2 0.02679583604913205
seed123_B1-ratio_step18000 30 4 3 0.0272177989827469
seed123_B1-ratio_step18000 30 4 4 0.02707809000276029
seed123_B1-ratio_step18000 30 4 5 0.030031581001821905
seed123_B1-ratio_step18000 30 4 6 0.027581269037909806
seed123_B1-ratio_step18000 30 4 7 0.02682825899682939
seed123_B1-ratio_step18000 30 4 8 0.02875252498779446
seed123_B1-ratio_step18000 30 4 9 0.027910041972063482
seed123_B1-ratio_step18000 30 5 0 0.028673815017100424
seed123_B1-ratio_step18000 30 5 1 0.028730051999446005
seed123_B1-ratio_step18000 30 5 2 0.026845650980249047
seed123_B1-ratio_step18000 30 5 3 0.02871110598789528
seed123_B1-ratio_step18000 30 5 4 0.029485708044376224
seed123_B1-ratio_step18000 30 5 5 0.02993420301936567
seed123_B1-ratio_step18000 30 5 6 0.033225903986021876
seed123_B1-ratio_step18000 30 5 7 0.027862281014677137
seed123_B1-ratio_step18000 30 5 8 0.0274575810180977
seed123_B1-ratio_step18000 30 5 9 0.027740285033360124
seed123_B1-ratio_step18000 30 6 0 0.02692109701456502
seed123_B1-ratio_step18000 30 6 1 0.028069859952665865
seed123_B1-ratio_step18000 30 6 2 0.028863319021183997
seed123_B1-ratio_step18000 30 6 3 0.027720607991795987
seed123_B1-ratio_step18000 30 6 4 0.028416547982487828
seed123_B1-ratio_step18000 30 6 5 0.029443656967487186
seed123_B1-ratio_step18000 30 6 6 0.029477232019416988
seed123_B1-ratio_step18000 30 6 7 0.028374336019624025
seed123_B1-ratio_step18000 30 6 8 0.02731251099612564
seed123_B1-ratio_step18000 30 6 9 0.03048451105132699
seed123_B1-ratio_step18000 30 7 0 0.02974954596720636
seed123_B1-ratio_step18000 30 7 1 0.028268622001633048
seed123_B1-ratio_step18000 30 7 2 0.027847039978951216
seed123_B1-ratio_step18000 30 7 3 0.027550528990104795
seed123_B1-ratio_step18000 30 7 4 0.027443141967523843
seed123_B1-ratio_step18000 30 7 5 0.026659402006771415
seed123_B1-ratio_step18000 30 7 6 0.0272330769803375
seed123_B1-ratio_step18000 30 7 7 0.027145227999426425
seed123_B1-ratio_step18000 30 7 8 0.027298412984237075
seed123_B1-ratio_step18000 30 7 9 0.026757511019241065
seed123_B1-ratio_step18000 30 8 0 0.02725111198378727
seed123_B1-ratio_step18000 30 8 1 0.027280577982310206
seed123_B1-ratio_step18000 30 8 2 0.027258395974058658
seed123_B1-ratio_step18000 30 8 3 0.027328090043738484
seed123_B1-ratio_step18000 30 8 4 0.02729738102061674
seed123_B1-ratio_step18000 30 8 5 0.02684703399427235
seed123_B1-ratio_step18000 30 8 6 0.026458113978151232
seed123_B1-ratio_step18000 30 8 7 0.027330756012815982
seed123_B1-ratio_step18000 30 8 8 0.02686260303016752
seed123_B1-ratio_step18000 30 8 9 0.030012822011485696
seed123_B1-ratio_step18000 30 9 0 0.029412477044388652
seed123_B1-ratio_step18000 30 9 1 0.028764437010977417
seed123_B1-ratio_step18000 30 9 2 0.027711008035112172
seed123_B1-ratio_step18000 30 9 3 0.02763167500961572
seed123_B1-ratio_step18000 30 9 4 0.028864990978036076
seed123_B1-ratio_step18000 30 9 5 0.02744294103467837
seed123_B1-ratio_step18000 30 9 6 0.027472337998915464
seed123_B1-ratio_step18000 30 9 7 0.027469963999465108
seed123_B1-ratio_step18000 30 9 8 0.02635303098941222
seed123_B1-ratio_step18000 30 9 9 0.026713336003012955
seed123_B1-ratio_step18000 33 0 0 0.0067702740198001266
seed123_B1-ratio_step18000 33 0 1 0.006356646015774459
seed123_B1-ratio_step18000 33 0 2 0.00631227099802345
seed123_B1-ratio_step18000 33 0 3 0.006265220989007503
seed123_B1-ratio_step18000 33 0 4 0.006253838015254587
seed123_B1-ratio_step18000 33 0 5 0.0062564939726144075
seed123_B1-ratio_step18000 33 0 6 0.006279527966398746
seed123_B1-ratio_step18000 33 0 7 0.006294225982856005
seed123_B1-ratio_step18000 33 0 8 0.006271742982789874
seed123_B1-ratio_step18000 33 0 9 0.006237948022317141
seed123_B1-ratio_step18000 33 1 0 0.006256503984332085
seed123_B1-ratio_step18000 33 1 1 0.006233930995222181
seed123_B1-ratio_step18000 33 1 2 0.006316299026366323
seed123_B1-ratio_step18000 33 1 3 0.00624651403632015
seed123_B1-ratio_step18000 33 1 4 0.006215565023012459
seed123_B1-ratio_step18000 33 1 5 0.006281702022533864
seed123_B1-ratio_step18000 33 1 6 0.006291611003689468
seed123_B1-ratio_step18000 33 1 7 0.00622751796618104
seed123_B1-ratio_step18000 33 1 8 0.006248848978430033
seed123_B1-ratio_step18000 33 1 9 0.006242054980248213
seed123_B1-ratio_step18000 33 2 0 0.006308805022854358
seed123_B1-ratio_step18000 33 2 1 0.0062533169984817505
seed123_B1-ratio_step18000 33 2 2 0.006242055969778448
seed123_B1-ratio_step18000 33 2 3 0.0062716720276512206
seed123_B1-ratio_step18000 33 2 4 0.006243988987989724
seed123_B1-ratio_step18000 33 2 5 0.006556401029229164
seed123_B1-ratio_step18000 33 2 6 0.00720162398647517
seed123_B1-ratio_step18000 33 2 7 0.006226475001312792
seed123_B1-ratio_step18000 33 2 8 0.0062515640165656805
seed123_B1-ratio_step18000 33 2 9 0.006256663997191936
seed123_B1-ratio_step18000 33 3 0 0.006271652993746102
seed123_B1-ratio_step18000 33 3 1 0.0063738200115039945
seed123_B1-ratio_step18000 33 3 2 0.006229981954675168
seed123_B1-ratio_step18000 33 3 3 0.006201346986927092
seed123_B1-ratio_step18000 33 3 4 0.0062638570088893175
seed123_B1-ratio_step18000 33 3 5 0.0061849759658798575
seed123_B1-ratio_step18000 33 3 6 0.00624559196876362
seed123_B1-ratio_step18000 33 3 7 0.006224151002243161
seed123_B1-ratio_step18000 33 3 8 0.006217668007593602
seed123_B1-ratio_step18000 33 3 9 0.006231315026525408
seed123_B1-ratio_step18000 33 4 0 0.006233880005311221
seed123_B1-ratio_step18000 33 4 1 0.006239159964025021
seed123_B1-ratio_step18000 33 4 2 0.006237656984012574
seed123_B1-ratio_step18000 33 4 3 0.006271652993746102
seed123_B1-ratio_step18000 33 4 4 0.0062670239713042974
seed123_B1-ratio_step18000 33 4 5 0.006245531956665218
seed123_B1-ratio_step18000 33 4 6 0.006247685989364982
seed123_B1-ratio_step18000 33 4 7 0.006254578998778015
seed123_B1-ratio_step18000 33 4 8 0.006230513972695917
seed123_B1-ratio_step18000 33 4 9 0.006249179015867412
seed123_B1-ratio_step18000 33 5 0 0.006234331987798214
seed123_B1-ratio_step18000 33 5 1 0.006251132988836616
seed123_B1-ratio_step18000 33 5 2 0.006258907960727811
seed123_B1-ratio_step18000 33 5 3 0.006220483977813274
seed123_B1-ratio_step18000 33 5 4 0.006244901043828577
seed123_B1-ratio_step18000 33 5 5 0.006226344965398312
seed123_B1-ratio_step18000 33 5 6 0.006268245982937515
seed123_B1-ratio_step18000 33 5 7 0.00624551298096776
seed123_B1-ratio_step18000 33 5 8 0.0062218859675340354
seed123_B1-ratio_step18000 33 5 9 0.006264018011279404
seed123_B1-ratio_step18000 33 6 0 0.006240582966711372
seed123_B1-ratio_step18000 33 6 1 0.006272925005760044
seed123_B1-ratio_step18000 33 6 2 0.006269998964853585
seed123_B1-ratio_step18000 33 6 3 0.0062511530122719705
seed123_B1-ratio_step18000 33 6 4 0.0063057380029931664
seed123_B1-ratio_step18000 33 6 5 0.006024406990036368
seed123_B1-ratio_step18000 33 6 6 0.006067148991860449
seed123_B1-ratio_step18000 33 6 7 0.006033444020431489
seed123_B1-ratio_step18000 33 6 8 0.00626873696455732
seed123_B1-ratio_step18000 33 6 9 0.006283105001784861
seed123_B1-ratio_step18000 33 7 0 0.0062685669981874526
seed123_B1-ratio_step18000 33 7 1 0.0062925529782660306
seed123_B1-ratio_step18000 33 7 2 0.006265692005399615
seed123_B1-ratio_step18000 33 7 3 0.006258456967771053
seed123_B1-ratio_step18000 33 7 4 0.0062557130004279315
seed123_B1-ratio_step18000 33 7 5 0.006237255991436541
seed123_B1-ratio_step18000 33 7 6 0.006274447951000184
seed123_B1-ratio_step18000 33 7 7 0.006276431027799845
seed123_B1-ratio_step18000 33 7 8 0.006291411002166569
seed123_B1-ratio_step18000 33 7 9 0.006268355995416641
seed123_B1-ratio_step18000 33 8 0 0.006062359025236219
seed123_B1-ratio_step18000 33 8 1 0.006083960994146764
seed123_B1-ratio_step18000 33 8 2 0.006057348975446075
seed123_B1-ratio_step18000 33 8 3 0.006085644010454416
seed123_B1-ratio_step18000 33 8 4 0.006093259027693421
seed123_B1-ratio_step18000 33 8 5 0.006053332996089011
seed123_B1-ratio_step18000 33 8 6 0.006071828014682978
seed123_B1-ratio_step18000 33 8 7 0.0060528910253196955
seed123_B1-ratio_step18000 33 8 8 0.006072187970858067
seed123_B1-ratio_step18000 33 8 9 0.0060598140116781
seed123_B1-ratio_step18000 33 9 0 0.006110512011218816
seed123_B1-ratio_step18000 33 9 1 0.006100212049204856
seed123_B1-ratio_step18000 33 9 2 0.006106333981733769
seed123_B1-ratio_step18000 33 9 3 0.0060733710415661335
seed123_B1-ratio_step18000 33 9 4 0.006096185010392219
seed123_B1-ratio_step18000 33 9 5 0.0060778490151278675
seed123_B1-ratio_step18000 33 9 6 0.00605435500619933
seed123_B1-ratio_step18000 33 9 7 0.006089241011068225
seed123_B1-ratio_step18000 33 9 8 0.006037852028384805
seed123_B1-ratio_step18000 33 9 9 0.006077098019886762
seed123_B1-ratio_step18000 36 0 0 0.0066751299891620874
seed123_B1-ratio_step18000 36 0 1 0.006609484029468149
seed123_B1-ratio_step18000 36 0 2 0.006597459956537932
seed123_B1-ratio_step18000 36 0 3 0.0066330989939160645
seed123_B1-ratio_step18000 36 0 4 0.006616296013817191
seed123_B1-ratio_step18000 36 0 5 0.006594263948500156
seed123_B1-ratio_step18000 36 0 6 0.006617788982111961
seed123_B1-ratio_step18000 36 0 7 0.006607871036976576
seed123_B1-ratio_step18000 36 0 8 0.006798958987928927
seed123_B1-ratio_step18000 36 0 9 0.006870576995424926
seed123_B1-ratio_step18000 36 1 0 0.006816523033194244
seed123_B1-ratio_step18000 36 1 1 0.006754903995897621
seed123_B1-ratio_step18000 36 1 2 0.006852101010736078
seed123_B1-ratio_step18000 36 1 3 0.006908690033014864
seed123_B1-ratio_step18000 36 1 4 0.006701749982312322
seed123_B1-ratio_step18000 36 1 5 0.006701831996906549
seed123_B1-ratio_step18000 36 1 6 0.006676643039099872
seed123_B1-ratio_step18000 36 1 7 0.006689828005619347
seed123_B1-ratio_step18000 36 1 8 0.006866738956887275
seed123_B1-ratio_step18000 36 1 9 0.006694437994156033
seed123_B1-ratio_step18000 36 2 0 0.006842611997853965
seed123_B1-ratio_step18000 36 2 1 0.006805361015722156
seed123_B1-ratio_step18000 36 2 2 0.006885003997012973
seed123_B1-ratio_step18000 36 2 3 0.006791654974222183
seed123_B1-ratio_step18000 36 2 4 0.006821530987508595
seed123_B1-ratio_step18000 36 2 5 0.006803908036090434
seed123_B1-ratio_step18000 36 2 6 0.006812984996940941
seed123_B1-ratio_step18000 36 2 7 0.006785623030737042
seed123_B1-ratio_step18000 36 2 8 0.006806483026593924
seed123_B1-ratio_step18000 36 2 9 0.0068110720021650195
seed123_B1-ratio_step18000 36 3 0 0.006678486010059714
seed123_B1-ratio_step18000 36 3 1 0.006603832996916026
seed123_B1-ratio_step18000 36 3 2 0.006641343992669135
seed123_B1-ratio_step18000 36 3 3 0.006603743007872254
seed123_B1-ratio_step18000 36 3 4 0.006656252953689545
seed123_B1-ratio_step18000 36 3 5 0.006612388999201357
seed123_B1-ratio_step18000 36 3 6 0.006626194983255118
seed123_B1-ratio_step18000 36 3 7 0.006613702047616243
seed123_B1-ratio_step18000 36 3 8 0.00661574600962922
seed123_B1-ratio_step18000 36 3 9 0.006593722966499627
seed123_B1-ratio_step18000 36 4 0 0.00684228097088635
seed123_B1-ratio_step18000 36 4 1 0.0068113330053165555
seed123_B1-ratio_step18000 36 4 2 0.006819608039222658
seed123_B1-ratio_step18000 36 4 3 0.006800761970225722
seed123_B1-ratio_step18000 36 4 4 0.006849865952972323
seed123_B1-ratio_step18000 36 4 5 0.006903000001329929
seed123_B1-ratio_step18000 36 4 6 0.006803316005971283
seed123_B1-ratio_step18000 36 4 7 0.006806382967624813
seed123_B1-ratio_step18000 36 4 8 0.0068363809841685
seed123_B1-ratio_step18000 36 4 9 0.006800911971367896
seed123_B1-ratio_step18000 36 5 0 0.006819847971200943
seed123_B1-ratio_step18000 36 5 1 0.006826873053796589
seed123_B1-ratio_step18000 36 5 2 0.006849877012427896
seed123_B1-ratio_step18000 36 5 3 0.11360952403629199
seed123_B1-ratio_step18000 36 5 4 0.007066984020639211
seed123_B1-ratio_step18000 36 5 5 0.007093414955306798
seed123_B1-ratio_step18000 36 5 6 0.006806412944570184
seed123_B1-ratio_step18000 36 5 7 0.006932386022526771
seed123_B1-ratio_step18000 36 5 8 0.006798618007451296
seed123_B1-ratio_step18000 36 5 9 0.006806502991821617
seed123_B1-ratio_step18000 36 6 0 0.00682312500430271
seed123_B1-ratio_step18000 36 6 1 0.006834948027972132
seed123_B1-ratio_step18000 36 6 2 0.006820920039899647
seed123_B1-ratio_step18000 36 6 3 0.00683203199878335
seed123_B1-ratio_step18000 36 6 4 0.008381768013350666
seed123_B1-ratio_step18000 36 6 5 0.007981366012245417
seed123_B1-ratio_step18000 36 6 6 0.006795983004849404
seed123_B1-ratio_step18000 36 6 7 0.006975719006732106
seed123_B1-ratio_step18000 36 6 8 0.006780222000088543
seed123_B1-ratio_step18000 36 6 9 0.006758711009752005
seed123_B1-ratio_step18000 36 7 0 0.006903410016093403
seed123_B1-ratio_step18000 36 7 1 0.006775743968319148
seed123_B1-ratio_step18000 36 7 2 0.006791063002310693
seed123_B1-ratio_step18000 36 7 3 0.0067851420026272535
seed123_B1-ratio_step18000 36 7 4 0.006763589975889772
seed123_B1-ratio_step18000 36 7 5 0.006930101022589952
seed123_B1-ratio_step18000 36 7 6 0.006799930008128285
seed123_B1-ratio_step18000 36 7 7 0.006784449971746653
seed123_B1-ratio_step18000 36 7 8 0.007035795017145574
seed123_B1-ratio_step18000 36 7 9 0.0069341190392151475
seed123_B1-ratio_step18000 36 8 0 0.006592019984964281
seed123_B1-ratio_step18000 36 8 1 0.006597529980354011
seed123_B1-ratio_step18000 36 8 2 0.006570167955942452
seed123_B1-ratio_step18000 36 8 3 0.006579254986718297
seed123_B1-ratio_step18000 36 8 4 0.006564868032000959
seed123_B1-ratio_step18000 36 8 5 0.0065691760391928256
seed123_B1-ratio_step18000 36 8 6 0.006569046003278345
seed123_B1-ratio_step18000 36 8 7 0.006603071000427008
seed123_B1-ratio_step18000 36 8 8 0.006564496026840061
seed123_B1-ratio_step18000 36 8 9 0.006589294003788382
seed123_B1-ratio_step18000 36 9 0 0.00658426497830078
seed123_B1-ratio_step18000 36 9 1 0.0066176290274597704
seed123_B1-ratio_step18000 36 9 2 0.006605906994082034
seed123_B1-ratio_step18000 36 9 3 0.006634601973928511
seed123_B1-ratio_step18000 36 9 4 0.0065919990302063525
seed123_B1-ratio_step18000 36 9 5 0.006599744956474751
seed123_B1-ratio_step18000 36 9 6 0.0065967090195044875
seed123_B1-ratio_step18000 36 9 7 0.006606648035813123
seed123_B1-ratio_step18000 36 9 8 0.006617769016884267
seed123_B1-ratio_step18000 36 9 9 0.006630012998357415
seed123_B1-ratio_step18000 40 0 0 0.003943587013054639
seed123_B1-ratio_step18000 40 0 1 0.003915343026164919
seed123_B1-ratio_step18000 40 0 2 0.00389336101943627
seed123_B1-ratio_step18000 40 0 3 0.0039024389698170125
seed123_B1-ratio_step18000 40 0 4 0.003905312973074615
seed123_B1-ratio_step18000 40 0 5 0.0038994220085442066
seed123_B1-ratio_step18000 40 0 6 0.003885416022967547
seed123_B1-ratio_step18000 40 0 7 0.003903158998582512
seed123_B1-ratio_step18000 40 0 8 0.0039055240340530872
seed123_B1-ratio_step18000 40 0 9 0.0039288889965973794
seed123_B1-ratio_step18000 40 1 0 0.00402254902292043
seed123_B1-ratio_step18000 40 1 1 0.0040209260187111795
seed123_B1-ratio_step18000 40 1 2 0.004013803030829877
seed123_B1-ratio_step18000 40 1 3 0.0040274690254591405
seed123_B1-ratio_step18000 40 1 4 0.0040010479860939085
seed123_B1-ratio_step18000 40 1 5 0.004018061037641019
seed123_B1-ratio_step18000 40 1 6 0.004010606033261865
seed123_B1-ratio_step18000 40 1 7 0.00401721999514848
seed123_B1-ratio_step18000 40 1 8 0.004004014015663415
seed123_B1-ratio_step18000 40 1 9 0.004014724981971085
seed123_B1-ratio_step18000 40 2 0 0.004007139999885112
seed123_B1-ratio_step18000 40 2 1 0.00400125898886472
seed123_B1-ratio_step18000 40 2 2 0.0040013089892454445
seed123_B1-ratio_step18000 40 2 3 0.003989184973761439
seed123_B1-ratio_step18000 40 2 4 0.004008883028291166
seed123_B1-ratio_step18000 40 2 5 0.00400823203381151
seed123_B1-ratio_step18000 40 2 6 0.0039955570246092975
seed123_B1-ratio_step18000 40 2 7 0.003995477047283202
seed123_B1-ratio_step18000 40 2 8 0.004014775040559471
seed123_B1-ratio_step18000 40 2 9 0.004660839040298015
seed123_B1-ratio_step18000 40 3 0 0.005624786019325256
seed123_B1-ratio_step18000 40 3 1 0.005278750031720847
seed123_B1-ratio_step18000 40 3 2 0.003991780977230519
seed123_B1-ratio_step18000 40 3 3 0.004138121963478625
seed123_B1-ratio_step18000 40 3 4 0.004000135988462716
seed123_B1-ratio_step18000 40 3 5 0.004054199962411076
seed123_B1-ratio_step18000 40 3 6 0.004772795015014708
seed123_B1-ratio_step18000 40 3 7 0.005283067002892494
seed123_B1-ratio_step18000 40 3 8 0.004129635985009372
seed123_B1-ratio_step18000 40 3 9 0.003978213993832469
seed123_B1-ratio_step18000 40 4 0 0.004024313006084412
seed123_B1-ratio_step18000 40 4 1 0.00411046901717782
seed123_B1-ratio_step18000 40 4 2 0.004122011014260352
seed123_B1-ratio_step18000 40 4 3 0.004007640993222594
seed123_B1-ratio_step18000 40 4 4 0.004097203025594354
seed123_B1-ratio_step18000 40 4 5 0.004325803951360285
seed123_B1-ratio_step18000 40 4 6 0.004065662040375173
seed123_B1-ratio_step18000 40 4 7 0.004061244952026755
seed123_B1-ratio_step18000 40 4 8 0.004182317003142089
seed123_B1-ratio_step18000 40 4 9 0.0040239120135083795
seed123_B1-ratio_step18000 40 5 0 0.0038978300290182233
seed123_B1-ratio_step18000 40 5 1 0.003906575962901115
seed123_B1-ratio_step18000 40 5 2 0.003899702976923436
seed123_B1-ratio_step18000 40 5 3 0.0038906760164536536
seed123_B1-ratio_step18000 40 5 4 0.003941733972169459
seed123_B1-ratio_step18000 40 5 5 0.003919170005246997
seed123_B1-ratio_step18000 40 5 6 0.004047837981488556
seed123_B1-ratio_step18000 40 5 7 0.003970880003180355
seed123_B1-ratio_step18000 40 5 8 0.0038881300133652985
seed123_B1-ratio_step18000 40 5 9 0.004079609003383666
seed123_B1-ratio_step18000 40 6 0 0.0040307059534825385
seed123_B1-ratio_step18000 40 6 1 0.004005126014817506
seed123_B1-ratio_step18000 40 6 2 0.003934610052965581
seed123_B1-ratio_step18000 40 6 3 0.00394315697485581
seed123_B1-ratio_step18000 40 6 4 0.003878932970110327
seed123_B1-ratio_step18000 40 6 5 0.003946022014133632
seed123_B1-ratio_step18000 40 6 6 0.003889613028150052
seed123_B1-ratio_step18000 40 6 7 0.003856480005197227
seed123_B1-ratio_step18000 40 6 8 0.003890594991389662
seed123_B1-ratio_step18000 40 6 9 0.003978875989560038
seed123_B1-ratio_step18000 40 7 0 0.003786505025345832
seed123_B1-ratio_step18000 40 7 1 0.0038833810249343514
seed123_B1-ratio_step18000 40 7 2 0.0038175240042619407
seed123_B1-ratio_step18000 40 7 3 0.003896677982993424
seed123_B1-ratio_step18000 40 7 4 0.0039047019672580063
seed123_B1-ratio_step18000 40 7 5 0.003874936024658382
seed123_B1-ratio_step18000 40 7 6 0.0038681919686496258
seed123_B1-ratio_step18000 40 7 7 0.003815490985289216
seed123_B1-ratio_step18000 40 7 8 0.003877619979903102
seed123_B1-ratio_step18000 40 7 9 0.003770684008486569
seed123_B1-ratio_step18000 40 8 0 0.0038842030335217714
seed123_B1-ratio_step18000 40 8 1 0.00397934700595215
seed123_B1-ratio_step18000 40 8 2 0.00391215697163716
seed123_B1-ratio_step18000 40 8 3 0.0038637040415778756
seed123_B1-ratio_step18000 40 8 4 0.0039031290216371417
seed123_B1-ratio_step18000 40 8 5 0.003894642984960228
seed123_B1-ratio_step18000 40 8 6 0.003835669020190835
seed123_B1-ratio_step18000 40 8 7 0.003780272963922471
seed123_B1-ratio_step18000 40 8 8 0.0037885280326008797
seed123_B1-ratio_step18000 40 8 9 0.0037621589726768434
seed123_B1-ratio_step18000 40 9 0 0.0037670470192097127
seed123_B1-ratio_step18000 40 9 1 0.00376564497128129
seed123_B1-ratio_step18000 40 9 2 0.003802635008469224
seed123_B1-ratio_step18000 40 9 3 0.004233776999171823
seed123_B1-ratio_step18000 40 9 4 0.003951361984945834
seed123_B1-ratio_step18000 40 9 5 0.003931503975763917
seed123_B1-ratio_step18000 40 9 6 0.00394011102616787
seed123_B1-ratio_step18000 40 9 7 0.003936232998967171
seed123_B1-ratio_step18000 40 9 8 0.003920983988791704
seed123_B1-ratio_step18000 40 9 9 0.003920832998119295
seed123_B1-ratio_step18000 47 0 0 0.06525640800828114
seed123_B1-ratio_step18000 47 0 1 0.06074297201121226
seed123_B1-ratio_step18000 47 0 2 0.06409194401931018
seed123_B1-ratio_step18000 47 0 3 0.06435088196303695
seed123_B1-ratio_step18000 47 0 4 0.0611096560023725
seed123_B1-ratio_step18000 47 0 5 0.06179686001269147
seed123_B1-ratio_step18000 47 0 6 0.06195279100211337
seed123_B1-ratio_step18000 47 0 7 0.06083226203918457
seed123_B1-ratio_step18000 47 0 8 0.06060584500664845
seed123_B1-ratio_step18000 47 0 9 0.06167005700990558
seed123_B1-ratio_step18000 47 1 0 0.06188119197031483
seed123_B1-ratio_step18000 47 1 1 0.061773905996233225
seed123_B1-ratio_step18000 47 1 2 0.06186214601621032
seed123_B1-ratio_step18000 47 1 3 0.0613046630169265
seed123_B1-ratio_step18000 47 1 4 0.0631620810017921
seed123_B1-ratio_step18000 47 1 5 0.06356591900112107
seed123_B1-ratio_step18000 47 1 6 0.06240927998442203
seed123_B1-ratio_step18000 47 1 7 0.06201034103287384
seed123_B1-ratio_step18000 47 1 8 0.06115178804611787
seed123_B1-ratio_step18000 47 1 9 0.06419874698622152
seed123_B1-ratio_step18000 47 2 0 0.06143354799132794
seed123_B1-ratio_step18000 47 2 1 0.05996079102624208
seed123_B1-ratio_step18000 47 2 2 0.06013813195750117
seed123_B1-ratio_step18000 47 2 3 0.06152300100075081
seed123_B1-ratio_step18000 47 2 4 0.061168447020463645
seed123_B1-ratio_step18000 47 2 5 0.060835645999759436
seed123_B1-ratio_step18000 47 2 6 0.060047647973988205
seed123_B1-ratio_step18000 47 2 7 0.06533905200194567
seed123_B1-ratio_step18000 47 2 8 0.06102603301405907
seed123_B1-ratio_step18000 47 2 9 0.06129505200078711
seed123_B1-ratio_step18000 47 3 0 0.06019691500114277
seed123_B1-ratio_step18000 47 3 1 0.060375890985596925
seed123_B1-ratio_step18000 47 3 2 0.06313695898279548
seed123_B1-ratio_step18000 47 3 3 0.06181797897443175
seed123_B1-ratio_step18000 47 3 4 0.06111934198997915
seed123_B1-ratio_step18000 47 3 5 0.06573950196616352
seed123_B1-ratio_step18000 47 3 6 0.06116457702592015
seed123_B1-ratio_step18000 47 3 7 0.06227150995982811
seed123_B1-ratio_step18000 47 3 8 0.06280402501579374
seed123_B1-ratio_step18000 47 3 9 0.061116323980968446
seed123_B1-ratio_step18000 47 4 0 0.06067690800409764
seed123_B1-ratio_step18000 47 4 1 0.0606238649925217
seed123_B1-ratio_step18000 47 4 2 0.060135904990602285
seed123_B1-ratio_step18000 47 4 3 0.062198219005949795
seed123_B1-ratio_step18000 47 4 4 0.06338786997366697
seed123_B1-ratio_step18000 47 4 5 0.06261490000179037
seed123_B1-ratio_step18000 47 4 6 0.0633552570361644
seed123_B1-ratio_step18000 47 4 7 0.06247202603844926
seed123_B1-ratio_step18000 47 4 8 0.062106702011078596
seed123_B1-ratio_step18000 47 4 9 0.06229790096404031
seed123_B1-ratio_step18000 47 5 0 0.06017838802654296
seed123_B1-ratio_step18000 47 5 1 0.06710544100496918
seed123_B1-ratio_step18000 47 5 2 0.06160256901057437
seed123_B1-ratio_step18000 47 5 3 0.06195940502220765
seed123_B1-ratio_step18000 47 5 4 0.06143681000685319
seed123_B1-ratio_step18000 47 5 5 0.06315046997042373
seed123_B1-ratio_step18000 47 5 6 0.06228050502249971
seed123_B1-ratio_step18000 47 5 7 0.06105497298995033
seed123_B1-ratio_step18000 47 5 8 0.0643579259631224
seed123_B1-ratio_step18000 47 5 9 0.06298312800936401
seed123_B1-ratio_step18000 47 6 0 0.060275011986959726
seed123_B1-ratio_step18000 47 6 1 0.06060787197202444
seed123_B1-ratio_step18000 47 6 2 0.06077052600448951
seed123_B1-ratio_step18000 47 6 3 0.06107964203692973
seed123_B1-ratio_step18000 47 6 4 0.06112261401722208
seed123_B1-ratio_step18000 47 6 5 0.061421680031344295
seed123_B1-ratio_step18000 47 6 6 0.0623174260254018
seed123_B1-ratio_step18000 47 6 7 0.06543406000128016
seed123_B1-ratio_step18000 47 6 8 0.06654820300173014
seed123_B1-ratio_step18000 47 6 9 0.07102874398697168
seed123_B1-ratio_step18000 47 7 0 0.0633301850175485
seed123_B1-ratio_step18000 47 7 1 0.06248829199466854
seed123_B1-ratio_step18000 47 7 2 0.06243149295914918
seed123_B1-ratio_step18000 47 7 3 0.06268612301209942
seed123_B1-ratio_step18000 47 7 4 0.060952855041250587
seed123_B1-ratio_step18000 47 7 5 0.06152978603495285
seed123_B1-ratio_step18000 47 7 6 0.06113152898615226
seed123_B1-ratio_step18000 47 7 7 0.06047510396456346
seed123_B1-ratio_step18000 47 7 8 0.06345378200057894
seed123_B1-ratio_step18000 47 7 9 0.062052051012869924
seed123_B1-ratio_step18000 47 8 0 0.06106910901144147
seed123_B1-ratio_step18000 47 8 1 0.06185746699338779
seed123_B1-ratio_step18000 47 8 2 0.061682842031586915
seed123_B1-ratio_step18000 47 8 3 0.06089942099060863
seed123_B1-ratio_step18000 47 8 4 0.059515964007005095
seed123_B1-ratio_step18000 47 8 5 0.06406720099039376
seed123_B1-ratio_step18000 47 8 6 0.06025675201090053
seed123_B1-ratio_step18000 47 8 7 0.06144610297633335
seed123_B1-ratio_step18000 47 8 8 0.06198777601821348
seed123_B1-ratio_step18000 47 8 9 0.0627024529967457
seed123_B1-ratio_step18000 47 9 0 0.06049944902770221
seed123_B1-ratio_step18000 47 9 1 0.06052991800243035
seed123_B1-ratio_step18000 47 9 2 0.06206840102095157
seed123_B1-ratio_step18000 47 9 3 0.06022919900715351
seed123_B1-ratio_step18000 47 9 4 0.06028316298034042
seed123_B1-ratio_step18000 47 9 5 0.060101482027675956
seed123_B1-ratio_step18000 47 9 6 0.06093538901768625
seed123_B1-ratio_step18000 47 9 7 0.0612420589895919
seed123_B1-ratio_step18000 47 9 8 0.062482799985446036
seed123_B1-ratio_step18000 47 9 9 0.06397175596794114
seed123_B1-ratio_step18000 51 0 0 0.02727902604965493
seed123_B1-ratio_step18000 51 0 1 0.023321704007685184
seed123_B1-ratio_step18000 51 0 2 0.023066441004630178
seed123_B1-ratio_step18000 51 0 3 0.024134267994668335
seed123_B1-ratio_step18000 51 0 4 0.022336866008117795
seed123_B1-ratio_step18000 51 0 5 0.02241663000313565
seed123_B1-ratio_step18000 51 0 6 0.022987218981143087
seed123_B1-ratio_step18000 51 0 7 0.022596866998355836
seed123_B1-ratio_step18000 51 0 8 0.022557551972568035
seed123_B1-ratio_step18000 51 0 9 0.022226482979021966
seed123_B1-ratio_step18000 51 1 0 0.022874352056533098
seed123_B1-ratio_step18000 51 1 1 0.022565075021702796
seed123_B1-ratio_step18000 51 1 2 0.02290751604596153
seed123_B1-ratio_step18000 51 1 3 0.022632435022387654
seed123_B1-ratio_step18000 51 1 4 0.02296813199063763
seed123_B1-ratio_step18000 51 1 5 0.022575926035642624
seed123_B1-ratio_step18000 51 1 6 0.022609210980590433
seed123_B1-ratio_step18000 51 1 7 0.022603388992138207
seed123_B1-ratio_step18000 51 1 8 0.02264092199038714
seed123_B1-ratio_step18000 51 1 9 0.022621885989792645
seed123_B1-ratio_step18000 51 2 0 0.022624409990385175
seed123_B1-ratio_step18000 51 2 1 0.022688394004944712
seed123_B1-ratio_step18000 51 2 2 0.02245935203973204
seed123_B1-ratio_step18000 51 2 3 0.02244494395563379
seed123_B1-ratio_step18000 51 2 4 0.02225153095787391
seed123_B1-ratio_step18000 51 2 5 0.02410246798535809
seed123_B1-ratio_step18000 51 2 6 0.02395861904369667
seed123_B1-ratio_step18000 51 2 7 0.024162061978131533
seed123_B1-ratio_step18000 51 2 8 0.02327096601948142
seed123_B1-ratio_step18000 51 2 9 0.02274619397940114
seed123_B1-ratio_step18000 51 3 0 0.02230141800828278
seed123_B1-ratio_step18000 51 3 1 0.022369729005731642
seed123_B1-ratio_step18000 51 3 2 0.022396371001377702
seed123_B1-ratio_step18000 51 3 3 0.022514108044561
seed123_B1-ratio_step18000 51 3 4 0.023462755023501813
seed123_B1-ratio_step18000 51 3 5 0.022641593008302152
seed123_B1-ratio_step18000 51 3 6 0.023551025020424277
seed123_B1-ratio_step18000 51 3 7 0.02297062601428479
seed123_B1-ratio_step18000 51 3 8 0.022955877997446805
seed123_B1-ratio_step18000 51 3 9 0.02313768904423341
seed123_B1-ratio_step18000 51 4 0 0.022594001959078014
seed123_B1-ratio_step18000 51 4 1 0.022580745979212224
seed123_B1-ratio_step18000 51 4 2 0.023390415008179843
seed123_B1-ratio_step18000 51 4 3 0.022331886051688343
seed123_B1-ratio_step18000 51 4 4 0.0229227640083991
seed123_B1-ratio_step18000 51 4 5 0.023262337956111878
seed123_B1-ratio_step18000 51 4 6 0.025206362013705075
seed123_B1-ratio_step18000 51 4 7 0.02728110901080072
seed123_B1-ratio_step18000 51 4 8 0.02387193200411275
seed123_B1-ratio_step18000 51 4 9 0.022727407980710268
seed123_B1-ratio_step18000 51 5 0 0.024050016014371067
seed123_B1-ratio_step18000 51 5 1 0.024483320012222975
seed123_B1-ratio_step18000 51 5 2 0.023496438981965184
seed123_B1-ratio_step18000 51 5 3 0.022926130972336978
seed123_B1-ratio_step18000 51 5 4 0.024208932009059936
seed123_B1-ratio_step18000 51 5 5 0.02324001502711326
seed123_B1-ratio_step18000 51 5 6 0.0249096309999004
seed123_B1-ratio_step18000 51 5 7 0.022466304013505578
seed123_B1-ratio_step18000 51 5 8 0.024022170982789248
seed123_B1-ratio_step18000 51 5 9 0.023865038994699717
seed123_B1-ratio_step18000 51 6 0 0.02438188501400873
seed123_B1-ratio_step18000 51 6 1 0.023436602961737663
seed123_B1-ratio_step18000 51 6 2 0.02439617202617228
seed123_B1-ratio_step18000 51 6 3 0.023917649989016354
seed123_B1-ratio_step18000 51 6 4 0.023395013995468616
seed123_B1-ratio_step18000 51 6 5 0.023416555020958185
seed123_B1-ratio_step18000 51 6 6 0.02452909800922498
seed123_B1-ratio_step18000 51 6 7 0.0241598870488815
seed123_B1-ratio_step18000 51 6 8 0.022689144010655582
seed123_B1-ratio_step18000 51 6 9 0.023009781958535314
seed123_B1-ratio_step18000 51 7 0 0.022714302001986653
seed123_B1-ratio_step18000 51 7 1 0.022659877024125308
seed123_B1-ratio_step18000 51 7 2 0.0227105250232853
seed123_B1-ratio_step18000 51 7 3 0.02262233500368893
seed123_B1-ratio_step18000 51 7 4 0.022797262005042285
seed123_B1-ratio_step18000 51 7 5 0.02267543802736327
seed123_B1-ratio_step18000 51 7 6 0.022660137969069183
seed123_B1-ratio_step18000 51 7 7 0.022684463998302817
seed123_B1-ratio_step18000 51 7 8 0.022639809001702815
seed123_B1-ratio_step18000 51 7 9 0.022563532053027302
seed123_B1-ratio_step18000 51 8 0 0.02280334400711581
seed123_B1-ratio_step18000 51 8 1 0.02275411895243451
seed123_B1-ratio_step18000 51 8 2 0.022646491997875273
seed123_B1-ratio_step18000 51 8 3 0.02273629402043298
seed123_B1-ratio_step18000 51 8 4 0.022806049033533782
seed123_B1-ratio_step18000 51 8 5 0.023037183040287346
seed123_B1-ratio_step18000 51 8 6 0.02263183199102059
seed123_B1-ratio_step18000 51 8 7 0.02565169899025932
seed123_B1-ratio_step18000 51 8 8 0.024485302972607315
seed123_B1-ratio_step18000 51 8 9 0.02411449799546972
seed123_B1-ratio_step18000 51 9 0 0.023681143997237086
seed123_B1-ratio_step18000 51 9 1 0.023230074031744152
seed123_B1-ratio_step18000 51 9 2 0.022901511983945966
seed123_B1-ratio_step18000 51 9 3 0.022893437009770423
seed123_B1-ratio_step18000 51 9 4 0.02645731100346893
seed123_B1-ratio_step18000 51 9 5 0.024295757990330458
seed123_B1-ratio_step18000 51 9 6 0.024529387010261416
seed123_B1-ratio_step18000 51 9 7 0.0241567799821496
seed123_B1-ratio_step18000 51 9 8 0.023475177004002035
seed123_B1-ratio_step18000 51 9 9 0.02367114502703771
seed123_B1-ratio_step18000 52 0 0 0.7964619369595312
seed123_B1-ratio_step18000 52 0 1 0.7790820269729011
seed123_B1-ratio_step18000 52 0 2 0.7820371600100771
seed123_B1-ratio_step18000 52 0 3 0.790248574980069
seed123_B1-ratio_step18000 52 0 4 0.7837857760023326
seed123_B1-ratio_step18000 52 0 5 0.7997480459744111
seed123_B1-ratio_step18000 52 0 6 0.7892243899987079
seed123_B1-ratio_step18000 52 0 7 0.7972039420274086
seed123_B1-ratio_step18000 52 0 8 0.7879333830205724
seed123_B1-ratio_step18000 52 0 9 0.7754745879792608
seed123_B1-ratio_step18000 52 1 0 0.7908484350191429
seed123_B1-ratio_step18000 52 1 1 0.7827462520217523
seed123_B1-ratio_step18000 52 1 2 0.7904336230130866
seed123_B1-ratio_step18000 52 1 3 0.7851303279749118
seed123_B1-ratio_step18000 52 1 4 0.7967764119966887
seed123_B1-ratio_step18000 52 1 5 0.7863971529877745
seed123_B1-ratio_step18000 52 1 6 0.7809725369443186
seed123_B1-ratio_step18000 52 1 7 0.793323619000148
seed123_B1-ratio_step18000 52 1 8 0.7731916109914891
seed123_B1-ratio_step18000 52 1 9 0.7915289389784448
seed123_B1-ratio_step18000 52 2 0 0.7910995889687911
seed123_B1-ratio_step18000 52 2 1 0.790790325962007
seed123_B1-ratio_step18000 52 2 2 0.7886684269760735
seed123_B1-ratio_step18000 52 2 3 0.8101059829932638
seed123_B1-ratio_step18000 52 2 4 0.7881285939947702
seed123_B1-ratio_step18000 52 2 5 0.7832090760348365
seed123_B1-ratio_step18000 52 2 6 0.7838850310072303
seed123_B1-ratio_step18000 52 2 7 0.7885815030313097
seed123_B1-ratio_step18000 52 2 8 0.7991214740322903
seed123_B1-ratio_step18000 52 2 9 0.7872136259684339
seed123_B1-ratio_step18000 52 3 0 0.8047652399982326
seed123_B1-ratio_step18000 52 3 1 0.7806274549802765
seed123_B1-ratio_step18000 52 3 2 0.8033706080168486
seed123_B1-ratio_step18000 52 3 3 0.8019963299739175
seed123_B1-ratio_step18000 52 3 4 0.7923423829488456
seed123_B1-ratio_step18000 52 3 5 0.7937291350099258
seed123_B1-ratio_step18000 52 3 6 0.7972561409696937
seed123_B1-ratio_step18000 52 3 7 0.7748198680346832
seed123_B1-ratio_step18000 52 3 8 0.7935925149940886
seed123_B1-ratio_step18000 52 3 9 0.7825952340499498
seed123_B1-ratio_step18000 52 4 0 0.7855886180186644
seed123_B1-ratio_step18000 52 4 1 0.8042788539896719
seed123_B1-ratio_step18000 52 4 2 0.7915372059796937
seed123_B1-ratio_step18000 52 4 3 0.7961244630278088
seed123_B1-ratio_step18000 52 4 4 0.7877111560082994
seed123_B1-ratio_step18000 52 4 5 0.780967970029451
seed123_B1-ratio_step18000 52 4 6 0.7975514199933968
seed123_B1-ratio_step18000 52 4 7 0.8081397769856267
seed123_B1-ratio_step18000 52 4 8 0.7977995019755326
seed123_B1-ratio_step18000 52 4 9 0.8098489900003187
seed123_B1-ratio_step18000 52 5 0 0.8169945249683224
seed123_B1-ratio_step18000 52 5 1 0.8175741980085149
seed123_B1-ratio_step18000 52 5 2 0.8241304430412129
seed123_B1-ratio_step18000 52 5 3 0.8213026580051519
seed123_B1-ratio_step18000 52 5 4 0.810971962986514
seed123_B1-ratio_step18000 52 5 5 0.8200017840135843
seed123_B1-ratio_step18000 52 5 6 0.8073460019659251
seed123_B1-ratio_step18000 52 5 7 0.798015465028584
seed123_B1-ratio_step18000 52 5 8 0.8246642359881662
seed123_B1-ratio_step18000 52 5 9 0.7866102129919454
seed123_B1-ratio_step18000 52 6 0 0.7933488360140473
seed123_B1-ratio_step18000 52 6 1 0.811037661973387
seed123_B1-ratio_step18000 52 6 2 0.7891740459599532
seed123_B1-ratio_step18000 52 6 3 0.7953899670392275
seed123_B1-ratio_step18000 52 6 4 0.8163043510285206
seed123_B1-ratio_step18000 52 6 5 0.7990595719893463
seed123_B1-ratio_step18000 52 6 6 0.7961085299612023
seed123_B1-ratio_step18000 52 6 7 0.7869172020000406
seed123_B1-ratio_step18000 52 6 8 0.7883293089689687
seed123_B1-ratio_step18000 52 6 9 0.7850077690090984
seed123_B1-ratio_step18000 52 7 0 0.8035168659989722
seed123_B1-ratio_step18000 52 7 1 0.8004510340397246
seed123_B1-ratio_step18000 52 7 2 0.7921097740181722
seed123_B1-ratio_step18000 52 7 3 0.7849988520029001
seed123_B1-ratio_step18000 52 7 4 0.7850130899460055
seed123_B1-ratio_step18000 52 7 5 0.8019676629919559
seed123_B1-ratio_step18000 52 7 6 0.8063211769913323
seed123_B1-ratio_step18000 52 7 7 0.8037932920269668
seed123_B1-ratio_step18000 52 7 8 0.7962527850177139
seed123_B1-ratio_step18000 52 7 9 0.8121966070029885
seed123_B1-ratio_step18000 52 8 0 0.7926997010363266
seed123_B1-ratio_step18000 52 8 1 0.7933465340174735
seed123_B1-ratio_step18000 52 8 2 0.7930709640495479
seed123_B1-ratio_step18000 52 8 3 0.7824861619737931
seed123_B1-ratio_step18000 52 8 4 0.7987082999898121
seed123_B1-ratio_step18000 52 8 5 0.7808395370375365
seed123_B1-ratio_step18000 52 8 6 0.794365257024765
seed123_B1-ratio_step18000 52 8 7 0.787892063963227
seed123_B1-ratio_step18000 52 8 8 0.7951319620478898
seed123_B1-ratio_step18000 52 8 9 0.7963616159977391
seed123_B1-ratio_step18000 52 9 0 0.8063885869923979
seed123_B1-ratio_step18000 52 9 1 0.7861143600312062
seed123_B1-ratio_step18000 52 9 2 0.8189597459859215
seed123_B1-ratio_step18000 52 9 3 0.803571576019749
seed123_B1-ratio_step18000 52 9 4 0.7972633320023306
seed123_B1-ratio_step18000 52 9 5 0.7990055670379661
seed123_B1-ratio_step18000 52 9 6 0.802457315963693
seed123_B1-ratio_step18000 52 9 7 0.7958658279967494
seed123_B1-ratio_step18000 52 9 8 0.7960358849959448
seed123_B1-ratio_step18000 52 9 9 0.8168550349655561
seed123_B1-ratio_step18000 56 0 0 0.01886774698505178
seed123_B1-ratio_step18000 56 0 1 0.018686378956772387
seed123_B1-ratio_step18000 56 0 2 0.01837979903211817
seed123_B1-ratio_step18000 56 0 3 0.017945153987966478
seed123_B1-ratio_step18000 56 0 4 0.018032381020020694
seed123_B1-ratio_step18000 56 0 5 0.01741349999792874
seed123_B1-ratio_step18000 56 0 6 0.017304351029451936
seed123_B1-ratio_step18000 56 0 7 0.01778860203921795
seed123_B1-ratio_step18000 56 0 8 0.01816294196760282
seed123_B1-ratio_step18000 56 0 9 0.01818691799417138
seed123_B1-ratio_step18000 56 1 0 0.017355900024995208
seed123_B1-ratio_step18000 56 1 1 0.0175492120324634
seed123_B1-ratio_step18000 56 1 2 0.01825801399536431
seed123_B1-ratio_step18000 56 1 3 0.017875961028039455
seed123_B1-ratio_step18000 56 1 4 0.016967203002423048
seed123_B1-ratio_step18000 56 1 5 0.017361150006763637
seed123_B1-ratio_step18000 56 1 6 0.017187806020956486
seed123_B1-ratio_step18000 56 1 7 0.017460350994952023
seed123_B1-ratio_step18000 56 1 8 0.01713425398338586
seed123_B1-ratio_step18000 56 1 9 0.0172064530197531
seed123_B1-ratio_step18000 56 2 0 0.017686726001556963
seed123_B1-ratio_step18000 56 2 1 0.017579411040060222
seed123_B1-ratio_step18000 56 2 2 0.01744713500374928
seed123_B1-ratio_step18000 56 2 3 0.017614687967579812
seed123_B1-ratio_step18000 56 2 4 0.017336643999442458
seed123_B1-ratio_step18000 56 2 5 0.017439210030715913
seed123_B1-ratio_step18000 56 2 6 0.018502024991903454
seed123_B1-ratio_step18000 56 2 7 0.01730507198954001
seed123_B1-ratio_step18000 56 2 8 0.017809090961236507
seed123_B1-ratio_step18000 56 2 9 0.017377983022015542
seed123_B1-ratio_step18000 56 3 0 0.017118864052463323
seed123_B1-ratio_step18000 56 3 1 0.017410886008292437
seed123_B1-ratio_step18000 56 3 2 0.016985377995297313
seed123_B1-ratio_step18000 56 3 3 0.01695684203878045
seed123_B1-ratio_step18000 56 3 4 0.017228845972567797
seed123_B1-ratio_step18000 56 3 5 0.017102011013776064
seed123_B1-ratio_step18000 56 3 6 0.017146486963611096
seed123_B1-ratio_step18000 56 3 7 0.01790873397840187
seed123_B1-ratio_step18000 56 3 8 0.020170142001006752
seed123_B1-ratio_step18000 56 3 9 0.018072699022013694
seed123_B1-ratio_step18000 56 4 0 0.018722557986620814
seed123_B1-ratio_step18000 56 4 1 0.017542610003147274
seed123_B1-ratio_step18000 56 4 2 0.018792884016875178
seed123_B1-ratio_step18000 56 4 3 0.018561388016678393
seed123_B1-ratio_step18000 56 4 4 0.01714223000453785
seed123_B1-ratio_step18000 56 4 5 0.018227525986731052
seed123_B1-ratio_step18000 56 4 6 0.01895088702440262
seed123_B1-ratio_step18000 56 4 7 0.017401318007614464
seed123_B1-ratio_step18000 56 4 8 0.018711385957431048
seed123_B1-ratio_step18000 56 4 9 0.01811925898073241
seed123_B1-ratio_step18000 56 5 0 0.018474691023584455
seed123_B1-ratio_step18000 56 5 1 0.017037298006471246
seed123_B1-ratio_step18000 56 5 2 0.01707923802314326
seed123_B1-ratio_step18000 56 5 3 0.017468867008574307
seed123_B1-ratio_step18000 56 5 4 0.017117501993197948
seed123_B1-ratio_step18000 56 5 5 0.01703687699045986
seed123_B1-ratio_step18000 56 5 6 0.017283340042922646
seed123_B1-ratio_step18000 56 5 7 0.01711942401016131
seed123_B1-ratio_step18000 56 5 8 0.017059180012438446
seed123_B1-ratio_step18000 56 5 9 0.01954154297709465
seed123_B1-ratio_step18000 56 6 0 0.018229399051051587
seed123_B1-ratio_step18000 56 6 1 0.01812274503754452
seed123_B1-ratio_step18000 56 6 2 0.01823711395263672
seed123_B1-ratio_step18000 56 6 3 0.017578358005266637
seed123_B1-ratio_step18000 56 6 4 0.018298982991836965
seed123_B1-ratio_step18000 56 6 5 0.01801979698939249
seed123_B1-ratio_step18000 56 6 6 0.017221902031451464
seed123_B1-ratio_step18000 56 6 7 0.01721405697753653
seed123_B1-ratio_step18000 56 6 8 0.01721221301704645
seed123_B1-ratio_step18000 56 6 9 0.017076031013857573
seed123_B1-ratio_step18000 56 7 0 0.017062063969206065
seed123_B1-ratio_step18000 56 7 1 0.017032538016792387
seed123_B1-ratio_step18000 56 7 2 0.016992100048810244
seed123_B1-ratio_step18000 56 7 3 0.017139272997155786
seed123_B1-ratio_step18000 56 7 4 0.017024961998686194
seed123_B1-ratio_step18000 56 7 5 0.01700611598789692
seed123_B1-ratio_step18000 56 7 6 0.017022869957145303
seed123_B1-ratio_step18000 56 7 7 0.017063978011719882
seed123_B1-ratio_step18000 56 7 8 0.016994804027490318
seed123_B1-ratio_step18000 56 7 9 0.021186266967561096
seed123_B1-ratio_step18000 56 8 0 0.017508151999209076
seed123_B1-ratio_step18000 56 8 1 0.018716685997787863
seed123_B1-ratio_step18000 56 8 2 0.01845021400367841
seed123_B1-ratio_step18000 56 8 3 0.01807152503170073
seed123_B1-ratio_step18000 56 8 4 0.017744677024893463
seed123_B1-ratio_step18000 56 8 5 0.017339828016702086
seed123_B1-ratio_step18000 56 8 6 0.016923467977903783
seed123_B1-ratio_step18000 56 8 7 0.017987975967116654
seed123_B1-ratio_step18000 56 8 8 0.017261137021705508
seed123_B1-ratio_step18000 56 8 9 0.018040305003523827
seed123_B1-ratio_step18000 56 9 0 0.017622572020627558
seed123_B1-ratio_step18000 56 9 1 0.01744080299977213
seed123_B1-ratio_step18000 56 9 2 0.016962522990070283
seed123_B1-ratio_step18000 56 9 3 0.016927915974520147
seed123_B1-ratio_step18000 56 9 4 0.016980457003228366
seed123_B1-ratio_step18000 56 9 5 0.01698734104866162
seed123_B1-ratio_step18000 56 9 6 0.016942104033660144
seed123_B1-ratio_step18000 56 9 7 0.017055973003152758
seed123_B1-ratio_step18000 56 9 8 0.018804644991178066
seed123_B1-ratio_step18000 56 9 9 0.019391293986700475
seed123_B1-ratio_step18000 62 0 0 0.27762982400599867
seed123_B1-ratio_step18000 62 0 1 0.2811769580002874
seed123_B1-ratio_step18000 62 0 2 0.2699973080307245
seed123_B1-ratio_step18000 62 0 3 0.27546934102429077
seed123_B1-ratio_step18000 62 0 4 0.27406170999165624
seed123_B1-ratio_step18000 62 0 5 0.27924453298328444
seed123_B1-ratio_step18000 62 0 6 0.2768692060490139
seed123_B1-ratio_step18000 62 0 7 0.2760156840085983
seed123_B1-ratio_step18000 62 0 8 0.2825619230279699
seed123_B1-ratio_step18000 62 0 9 0.27144961297744885
seed123_B1-ratio_step18000 62 1 0 0.2770059879985638
seed123_B1-ratio_step18000 62 1 1 0.28925070201512426
seed123_B1-ratio_step18000 62 1 2 0.2963936149608344
seed123_B1-ratio_step18000 62 1 3 0.281668255047407
seed123_B1-ratio_step18000 62 1 4 0.28981550404569134
seed123_B1-ratio_step18000 62 1 5 0.2867403409909457
seed123_B1-ratio_step18000 62 1 6 0.28078936703968793
seed123_B1-ratio_step18000 62 1 7 0.2852880569989793
seed123_B1-ratio_step18000 62 1 8 0.29366680601378903
seed123_B1-ratio_step18000 62 1 9 0.2832561999675818
seed123_B1-ratio_step18000 62 2 0 0.27897088997997344
seed123_B1-ratio_step18000 62 2 1 0.2731120929820463
seed123_B1-ratio_step18000 62 2 2 0.2858764000120573
seed123_B1-ratio_step18000 62 2 3 0.2769754640175961
seed123_B1-ratio_step18000 62 2 4 0.2758377160062082
seed123_B1-ratio_step18000 62 2 5 0.2783768459921703
seed123_B1-ratio_step18000 62 2 6 0.2882725379895419
seed123_B1-ratio_step18000 62 2 7 0.27289904496865347
seed123_B1-ratio_step18000 62 2 8 0.27116959902923554
seed123_B1-ratio_step18000 62 2 9 0.28705759497825056
seed123_B1-ratio_step18000 62 3 0 0.27372307097539306
seed123_B1-ratio_step18000 62 3 1 0.2762937839725055
seed123_B1-ratio_step18000 62 3 2 0.27820611000061035
seed123_B1-ratio_step18000 62 3 3 0.26735903398366645
seed123_B1-ratio_step18000 62 3 4 0.2793235709541477
seed123_B1-ratio_step18000 62 3 5 0.27421039901673794
seed123_B1-ratio_step18000 62 3 6 0.28319395997095853
seed123_B1-ratio_step18000 62 3 7 0.2758307450567372
seed123_B1-ratio_step18000 62 3 8 0.28388547396752983
seed123_B1-ratio_step18000 62 3 9 0.28289536002557725
seed123_B1-ratio_step18000 62 4 0 0.27748299401719123
seed123_B1-ratio_step18000 62 4 1 0.28669781202916056
seed123_B1-ratio_step18000 62 4 2 0.2686951360083185
seed123_B1-ratio_step18000 62 4 3 0.27417047100607306
seed123_B1-ratio_step18000 62 4 4 0.27880921500036493
seed123_B1-ratio_step18000 62 4 5 0.2726802400429733
seed123_B1-ratio_step18000 62 4 6 0.2749261679709889
seed123_B1-ratio_step18000 62 4 7 0.2709501769859344
seed123_B1-ratio_step18000 62 4 8 0.2819958530017175
seed123_B1-ratio_step18000 62 4 9 0.27603481098776683
seed123_B1-ratio_step18000 62 5 0 0.2711010430357419
seed123_B1-ratio_step18000 62 5 1 0.2768172469804995
seed123_B1-ratio_step18000 62 5 2 0.27189998200628906
seed123_B1-ratio_step18000 62 5 3 0.2811670299852267
seed123_B1-ratio_step18000 62 5 4 0.27121745597105473
seed123_B1-ratio_step18000 62 5 5 0.27759045403217897
seed123_B1-ratio_step18000 62 5 6 0.2743401859770529
seed123_B1-ratio_step18000 62 5 7 0.2729251639684662
seed123_B1-ratio_step18000 62 5 8 0.2794373780488968
seed123_B1-ratio_step18000 62 5 9 0.2745900570298545
seed123_B1-ratio_step18000 62 6 0 0.28809263702714816
seed123_B1-ratio_step18000 62 6 1 0.2789335750276223
seed123_B1-ratio_step18000 62 6 2 0.2732221980113536
seed123_B1-ratio_step18000 62 6 3 0.2751872459775768
seed123_B1-ratio_step18000 62 6 4 0.2770572219742462
seed123_B1-ratio_step18000 62 6 5 0.27650544501375407
seed123_B1-ratio_step18000 62 6 6 0.2765573509968817
seed123_B1-ratio_step18000 62 6 7 0.279863306961488
seed123_B1-ratio_step18000 62 6 8 0.2745611220016144
seed123_B1-ratio_step18000 62 6 9 0.2773076650337316
seed123_B1-ratio_step18000 62 7 0 0.2835959349758923
seed123_B1-ratio_step18000 62 7 1 0.2784122980083339
seed123_B1-ratio_step18000 62 7 2 0.27791402698494494
seed123_B1-ratio_step18000 62 7 3 0.28107081999769434
seed123_B1-ratio_step18000 62 7 4 0.26852926902938634
seed123_B1-ratio_step18000 62 7 5 0.2734475739998743
seed123_B1-ratio_step18000 62 7 6 0.2708045559702441
seed123_B1-ratio_step18000 62 7 7 0.2767285430454649
seed123_B1-ratio_step18000 62 7 8 0.27665561402682215
seed123_B1-ratio_step18000 62 7 9 0.2790304179652594
seed123_B1-ratio_step18000 62 8 0 0.27526595297968015
seed123_B1-ratio_step18000 62 8 1 0.2871732749626972
seed123_B1-ratio_step18000 62 8 2 0.2839728419785388
seed123_B1-ratio_step18000 62 8 3 0.27720035501988605
seed123_B1-ratio_step18000 62 8 4 0.2749064340023324
seed123_B1-ratio_step18000 62 8 5 0.2699503260082565
seed123_B1-ratio_step18000 62 8 6 0.2766232829890214
seed123_B1-ratio_step18000 62 8 7 0.2728065380360931
seed123_B1-ratio_step18000 62 8 8 0.27854850701987743
seed123_B1-ratio_step18000 62 8 9 0.27272071299375966
seed123_B1-ratio_step18000 62 9 0 0.2768636620021425
seed123_B1-ratio_step18000 62 9 1 0.2801180140231736
seed123_B1-ratio_step18000 62 9 2 0.2757340769749135
seed123_B1-ratio_step18000 62 9 3 0.2773867129581049
seed123_B1-ratio_step18000 62 9 4 0.2768263590405695
seed123_B1-ratio_step18000 62 9 5 0.27803410799242556
seed123_B1-ratio_step18000 62 9 6 0.2815797060029581
seed123_B1-ratio_step18000 62 9 7 0.27554088400211185
seed123_B1-ratio_step18000 62 9 8 0.28663621598389
seed123_B1-ratio_step18000 62 9 9 0.2741781080258079
seed123_B1-ratio_step18000 64 0 0 0.17815821699332446
seed123_B1-ratio_step18000 64 0 1 0.16637921397341415
seed123_B1-ratio_step18000 64 0 2 0.16736250999383628
seed123_B1-ratio_step18000 64 0 3 0.1739463449921459
seed123_B1-ratio_step18000 64 0 4 0.16805377800483257
seed123_B1-ratio_step18000 64 0 5 0.16483711398905143
seed123_B1-ratio_step18000 64 0 6 0.1699473470216617
seed123_B1-ratio_step18000 64 0 7 0.16884282499086112
seed123_B1-ratio_step18000 64 0 8 0.17134105204604566
seed123_B1-ratio_step18000 64 0 9 0.16998822102323174
seed123_B1-ratio_step18000 64 1 0 0.16917537798872218
seed123_B1-ratio_step18000 64 1 1 0.17928774701431394
seed123_B1-ratio_step18000 64 1 2 0.175334817962721
seed123_B1-ratio_step18000 64 1 3 0.16989130398724228
seed123_B1-ratio_step18000 64 1 4 0.16875609796261415
seed123_B1-ratio_step18000 64 1 5 0.17601628304691985
seed123_B1-ratio_step18000 64 1 6 0.17189284705091268
seed123_B1-ratio_step18000 64 1 7 0.16676960902987048
seed123_B1-ratio_step18000 64 1 8 0.17022962000919506
seed123_B1-ratio_step18000 64 1 9 0.16796743002487347
seed123_B1-ratio_step18000 64 2 0 0.1726299489964731
seed123_B1-ratio_step18000 64 2 1 0.16997629700927064
seed123_B1-ratio_step18000 64 2 2 0.17193973099347204
seed123_B1-ratio_step18000 64 2 3 0.17219577403739095
seed123_B1-ratio_step18000 64 2 4 0.16774913598783314
seed123_B1-ratio_step18000 64 2 5 0.166233530966565
seed123_B1-ratio_step18000 64 2 6 0.1670872190152295
seed123_B1-ratio_step18000 64 2 7 0.16877438098890707
seed123_B1-ratio_step18000 64 2 8 0.1700843900325708
seed123_B1-ratio_step18000 64 2 9 0.16554607701255009
seed123_B1-ratio_step18000 64 3 0 0.16478736797580495
seed123_B1-ratio_step18000 64 3 1 0.17002165701705962
seed123_B1-ratio_step18000 64 3 2 0.16732113301986828
seed123_B1-ratio_step18000 64 3 3 0.17678307002643123
seed123_B1-ratio_step18000 64 3 4 0.1765521970228292
seed123_B1-ratio_step18000 64 3 5 0.17980753403389826
seed123_B1-ratio_step18000 64 3 6 0.16927779401885346
seed123_B1-ratio_step18000 64 3 7 0.17544624698348343
seed123_B1-ratio_step18000 64 3 8 0.1704007069929503
seed123_B1-ratio_step18000 64 3 9 0.17033316800370812
seed123_B1-ratio_step18000 64 4 0 0.17430329701164737
seed123_B1-ratio_step18000 64 4 1 0.1691318289958872
seed123_B1-ratio_step18000 64 4 2 0.1695213170023635
seed123_B1-ratio_step18000 64 4 3 0.17140105500584468
seed123_B1-ratio_step18000 64 4 4 0.1716103469952941
seed123_B1-ratio_step18000 64 4 5 0.17263238097075373
seed123_B1-ratio_step18000 64 4 6 0.17419176903786138
seed123_B1-ratio_step18000 64 4 7 0.16993917495710775
seed123_B1-ratio_step18000 64 4 8 0.17084605601849034
seed123_B1-ratio_step18000 64 4 9 0.16612842498579994
seed123_B1-ratio_step18000 64 5 0 0.1643012529821135
seed123_B1-ratio_step18000 64 5 1 0.1750272689969279
seed123_B1-ratio_step18000 64 5 2 0.16924796102102846
seed123_B1-ratio_step18000 64 5 3 0.16722063499037176
seed123_B1-ratio_step18000 64 5 4 0.16974311199737713
seed123_B1-ratio_step18000 64 5 5 0.16497858002549037
seed123_B1-ratio_step18000 64 5 6 0.17171361501095816
seed123_B1-ratio_step18000 64 5 7 0.17393483401974663
seed123_B1-ratio_step18000 64 5 8 0.16708581999409944
seed123_B1-ratio_step18000 64 5 9 0.17084563698153943
seed123_B1-ratio_step18000 64 6 0 0.1719181160442531
seed123_B1-ratio_step18000 64 6 1 0.16684639500454068
seed123_B1-ratio_step18000 64 6 2 0.1677350330282934
seed123_B1-ratio_step18000 64 6 3 0.17303969798376784
seed123_B1-ratio_step18000 64 6 4 0.16762842802563682
seed123_B1-ratio_step18000 64 6 5 0.16960254195146263
seed123_B1-ratio_step18000 64 6 6 0.17079587298212573
seed123_B1-ratio_step18000 64 6 7 0.16938582004513592
seed123_B1-ratio_step18000 64 6 8 0.1694650819990784
seed123_B1-ratio_step18000 64 6 9 0.17813010595273226
seed123_B1-ratio_step18000 64 7 0 0.16705479996744543
seed123_B1-ratio_step18000 64 7 1 0.1692257120157592
seed123_B1-ratio_step18000 64 7 2 0.1731103850179352
seed123_B1-ratio_step18000 64 7 3 0.17167969298316166
seed123_B1-ratio_step18000 64 7 4 0.17110673198476434
seed123_B1-ratio_step18000 64 7 5 0.17125134100206196
seed123_B1-ratio_step18000 64 7 6 0.17247706599300727
seed123_B1-ratio_step18000 64 7 7 0.1711840009666048
seed123_B1-ratio_step18000 64 7 8 0.1657763840048574
seed123_B1-ratio_step18000 64 7 9 0.16889010701561347
seed123_B1-ratio_step18000 64 8 0 0.16982443199958652
seed123_B1-ratio_step18000 64 8 1 0.16739892202895135
seed123_B1-ratio_step18000 64 8 2 0.16686909296549857
seed123_B1-ratio_step18000 64 8 3 0.16966705000959337
seed123_B1-ratio_step18000 64 8 4 0.16404318704735488
seed123_B1-ratio_step18000 64 8 5 0.16739374597091228
seed123_B1-ratio_step18000 64 8 6 0.17380872397916391
seed123_B1-ratio_step18000 64 8 7 0.16700003994628787
seed123_B1-ratio_step18000 64 8 8 0.1717509200097993
seed123_B1-ratio_step18000 64 8 9 0.16863747697789222
seed123_B1-ratio_step18000 64 9 0 0.16663191700354218
seed123_B1-ratio_step18000 64 9 1 0.17901130695827305
seed123_B1-ratio_step18000 64 9 2 0.16830981196835637
seed123_B1-ratio_step18000 64 9 3 0.17161238798871636
seed123_B1-ratio_step18000 64 9 4 0.16948034102097154
seed123_B1-ratio_step18000 64 9 5 0.17683104699244723
seed123_B1-ratio_step18000 64 9 6 0.16666494496166706
seed123_B1-ratio_step18000 64 9 7 0.17363442899659276
seed123_B1-ratio_step18000 64 9 8 0.16652475600130856
seed123_B1-ratio_step18000 64 9 9 0.16549072903580964
seed123_B1-ratio_step18000 69 0 0 0.5010971179581247
seed123_B1-ratio_step18000 69 0 1 0.4922187569900416
seed123_B1-ratio_step18000 69 0 2 0.49735893902834505
seed123_B1-ratio_step18000 69 0 3 0.487122779013589
seed123_B1-ratio_step18000 69 0 4 0.500761822971981
seed123_B1-ratio_step18000 69 0 5 0.49944411095930263
seed123_B1-ratio_step18000 69 0 6 0.4961356890271418
seed123_B1-ratio_step18000 69 0 7 0.50463869899977
seed123_B1-ratio_step18000 69 0 8 0.5046268100268207
seed123_B1-ratio_step18000 69 0 9 0.5018139450112358
seed123_B1-ratio_step18000 69 1 0 0.501423039007932
seed123_B1-ratio_step18000 69 1 1 0.505106948025059
seed123_B1-ratio_step18000 69 1 2 0.4883661820203997
seed123_B1-ratio_step18000 69 1 3 0.4804208769928664
seed123_B1-ratio_step18000 69 1 4 0.49810154701117426
seed123_B1-ratio_step18000 69 1 5 0.49175052298232913
seed123_B1-ratio_step18000 69 1 6 0.5068945069797337
seed123_B1-ratio_step18000 69 1 7 0.4937342890189029
seed123_B1-ratio_step18000 69 1 8 0.4990619220188819
seed123_B1-ratio_step18000 69 1 9 0.48597222997341305
seed123_B1-ratio_step18000 69 2 0 0.489822585019283
seed123_B1-ratio_step18000 69 2 1 0.48995861498406157
seed123_B1-ratio_step18000 69 2 2 0.4924986220430583
seed123_B1-ratio_step18000 69 2 3 0.49259277095552534
seed123_B1-ratio_step18000 69 2 4 0.4989953809999861
seed123_B1-ratio_step18000 69 2 5 0.502166552003473
seed123_B1-ratio_step18000 69 2 6 0.5045243389904499
seed123_B1-ratio_step18000 69 2 7 0.5056459929910488
seed123_B1-ratio_step18000 69 2 8 0.49465906800469384
seed123_B1-ratio_step18000 69 2 9 0.494624140963424
seed123_B1-ratio_step18000 69 3 0 0.501655927975662
seed123_B1-ratio_step18000 69 3 1 0.5019264270085841
seed123_B1-ratio_step18000 69 3 2 0.4977489360026084
seed123_B1-ratio_step18000 69 3 3 0.4984694290324114
seed123_B1-ratio_step18000 69 3 4 0.504925279004965
seed123_B1-ratio_step18000 69 3 5 0.49061541503760964
seed123_B1-ratio_step18000 69 3 6 0.4914641430368647
seed123_B1-ratio_step18000 69 3 7 0.49449458299204707
seed123_B1-ratio_step18000 69 3 8 0.4881080620107241
seed123_B1-ratio_step18000 69 3 9 0.4983667779597454
seed123_B1-ratio_step18000 69 4 0 0.5014429150032811
seed123_B1-ratio_step18000 69 4 1 0.5045263570500538
seed123_B1-ratio_step18000 69 4 2 0.4891797410091385
seed123_B1-ratio_step18000 69 4 3 0.48766038002213463
seed123_B1-ratio_step18000 69 4 4 0.4934458329807967
seed123_B1-ratio_step18000 69 4 5 0.49686408805428073
seed123_B1-ratio_step18000 69 4 6 0.4960791479679756
seed123_B1-ratio_step18000 69 4 7 0.4985570050193928
seed123_B1-ratio_step18000 69 4 8 0.4984282260411419
seed123_B1-ratio_step18000 69 4 9 0.5038673409726471
seed123_B1-ratio_step18000 69 5 0 0.5010299599962309
seed123_B1-ratio_step18000 69 5 1 0.49754557298729196
seed123_B1-ratio_step18000 69 5 2 0.4999863800476305
seed123_B1-ratio_step18000 69 5 3 0.5069581299903803
seed123_B1-ratio_step18000 69 5 4 0.5018953520338982
seed123_B1-ratio_step18000 69 5 5 0.49294393399031833
seed123_B1-ratio_step18000 69 5 6 0.5006102700135671
seed123_B1-ratio_step18000 69 5 7 0.5016352349775843
seed123_B1-ratio_step18000 69 5 8 0.4920497909770347
seed123_B1-ratio_step18000 69 5 9 0.5088816909701563
seed123_B1-ratio_step18000 69 6 0 0.49676644697319716
seed123_B1-ratio_step18000 69 6 1 0.5079977689892985
seed123_B1-ratio_step18000 69 6 2 0.48566473700338975
seed123_B1-ratio_step18000 69 6 3 0.49701674096286297
seed123_B1-ratio_step18000 69 6 4 0.49698372499551624
seed123_B1-ratio_step18000 69 6 5 0.49818425899138674
seed123_B1-ratio_step18000 69 6 6 0.49711413198383525
seed123_B1-ratio_step18000 69 6 7 0.5082328360294923
seed123_B1-ratio_step18000 69 6 8 0.49122835200978443
seed123_B1-ratio_step18000 69 6 9 0.5097618279978633
seed123_B1-ratio_step18000 69 7 0 0.5031650550081395
seed123_B1-ratio_step18000 69 7 1 0.4918320360011421
seed123_B1-ratio_step18000 69 7 2 0.4990046910243109
seed123_B1-ratio_step18000 69 7 3 0.5090698599815369
seed123_B1-ratio_step18000 69 7 4 0.5011129750055261
seed123_B1-ratio_step18000 69 7 5 0.49693194299470633
seed123_B1-ratio_step18000 69 7 6 0.5053509710123762
seed123_B1-ratio_step18000 69 7 7 0.5110905630281195
seed123_B1-ratio_step18000 69 7 8 0.49741369200637564
seed123_B1-ratio_step18000 69 7 9 0.49937457602936774
seed123_B1-ratio_step18000 69 8 0 0.5025540289934725
seed123_B1-ratio_step18000 69 8 1 0.4935184440109879
seed123_B1-ratio_step18000 69 8 2 0.5076408260501921
seed123_B1-ratio_step18000 69 8 3 0.5072421780205332
seed123_B1-ratio_step18000 69 8 4 0.5061667400295846
seed123_B1-ratio_step18000 69 8 5 0.4971865899860859
seed123_B1-ratio_step18000 69 8 6 0.5009604970109649
seed123_B1-ratio_step18000 69 8 7 0.49715448898496106
seed123_B1-ratio_step18000 69 8 8 0.49474866199307144
seed123_B1-ratio_step18000 69 8 9 0.49983358796453103
seed123_B1-ratio_step18000 69 9 0 0.4907898270175792
seed123_B1-ratio_step18000 69 9 1 0.49077510699862614
seed123_B1-ratio_step18000 69 9 2 0.49122803402133286
seed123_B1-ratio_step18000 69 9 3 0.4963830530177802
seed123_B1-ratio_step18000 69 9 4 0.4980756920413114
seed123_B1-ratio_step18000 69 9 5 0.48582085501402617
seed123_B1-ratio_step18000 69 9 6 0.4915306289913133
seed123_B1-ratio_step18000 69 9 7 0.5025411520036869
seed123_B1-ratio_step18000 69 9 8 0.5100958770490251
seed123_B1-ratio_step18000 69 9 9 0.5043315649963915
seed123_B1-ratio_step18000 74 0 0 0.6928160809911788
seed123_B1-ratio_step18000 74 0 1 0.6960772320162505
seed123_B1-ratio_step18000 74 0 2 0.6810363999684341
seed123_B1-ratio_step18000 74 0 3 0.699226210010238
seed123_B1-ratio_step18000 74 0 4 0.7051704640034586
seed123_B1-ratio_step18000 74 0 5 0.6867102980031632
seed123_B1-ratio_step18000 74 0 6 0.7040057170088403
seed123_B1-ratio_step18000 74 0 7 0.6889614679967053
seed123_B1-ratio_step18000 74 0 8 0.6939011479844339
seed123_B1-ratio_step18000 74 0 9 0.6874551360378973
seed123_B1-ratio_step18000 74 1 0 0.7088093970087357
seed123_B1-ratio_step18000 74 1 1 0.6836947120027617
seed123_B1-ratio_step18000 74 1 2 0.692581469018478
seed123_B1-ratio_step18000 74 1 3 0.6944002509699203
seed123_B1-ratio_step18000 74 1 4 0.7095109940273687
seed123_B1-ratio_step18000 74 1 5 0.6875482850009575
seed123_B1-ratio_step18000 74 1 6 0.7032553030294366
seed123_B1-ratio_step18000 74 1 7 0.6975300089688972
seed123_B1-ratio_step18000 74 1 8 0.7007794409873895
seed123_B1-ratio_step18000 74 1 9 0.7096829930087551
seed123_B1-ratio_step18000 74 2 0 0.6847013480146416
seed123_B1-ratio_step18000 74 2 1 0.695325191016309
seed123_B1-ratio_step18000 74 2 2 0.7105941209592856
seed123_B1-ratio_step18000 74 2 3 0.6830505700199865
seed123_B1-ratio_step18000 74 2 4 0.6898209470091388
seed123_B1-ratio_step18000 74 2 5 0.6861201339634135
seed123_B1-ratio_step18000 74 2 6 0.689146754972171
seed123_B1-ratio_step18000 74 2 7 0.698527603992261
seed123_B1-ratio_step18000 74 2 8 0.698667666001711
seed123_B1-ratio_step18000 74 2 9 0.6939844320295379
seed123_B1-ratio_step18000 74 3 0 0.6906650910386816
seed123_B1-ratio_step18000 74 3 1 0.7057792809791863
seed123_B1-ratio_step18000 74 3 2 0.6972343530505896
seed123_B1-ratio_step18000 74 3 3 0.6985458090202883
seed123_B1-ratio_step18000 74 3 4 0.6843490850296803
seed123_B1-ratio_step18000 74 3 5 0.7084832779946737
seed123_B1-ratio_step18000 74 3 6 0.677705625013914
seed123_B1-ratio_step18000 74 3 7 0.6885675360099413
seed123_B1-ratio_step18000 74 3 8 0.692251899978146
seed123_B1-ratio_step18000 74 3 9 0.6982500439626165
seed123_B1-ratio_step18000 74 4 0 0.6895569870248437
seed123_B1-ratio_step18000 74 4 1 0.6791285730432719
seed123_B1-ratio_step18000 74 4 2 0.6912927299854346
seed123_B1-ratio_step18000 74 4 3 0.6833643430145457
seed123_B1-ratio_step18000 74 4 4 0.6835975860012695
seed123_B1-ratio_step18000 74 4 5 0.6990336420130916
seed123_B1-ratio_step18000 74 4 6 0.6957650079857558
seed123_B1-ratio_step18000 74 4 7 0.7040917979902588
seed123_B1-ratio_step18000 74 4 8 0.6961442960309796
seed123_B1-ratio_step18000 74 4 9 0.7070272259879857
seed123_B1-ratio_step18000 74 5 0 0.7111206820118241
seed123_B1-ratio_step18000 74 5 1 0.7061847100267187
seed123_B1-ratio_step18000 74 5 2 0.6932558030239306
seed123_B1-ratio_step18000 74 5 3 0.7087447919766419
seed123_B1-ratio_step18000 74 5 4 0.713138208957389
seed123_B1-ratio_step18000 74 5 5 0.6945418529794551
seed123_B1-ratio_step18000 74 5 6 0.6952817930141464
seed123_B1-ratio_step18000 74 5 7 0.7018475129734725
seed123_B1-ratio_step18000 74 5 8 0.6897954150335863
seed123_B1-ratio_step18000 74 5 9 0.7019089440000243
seed123_B1-ratio_step18000 74 6 0 0.7116538170375861
seed123_B1-ratio_step18000 74 6 1 0.6983620999963023
seed123_B1-ratio_step18000 74 6 2 0.6962905019754544
seed123_B1-ratio_step18000 74 6 3 0.6873859929619357
seed123_B1-ratio_step18000 74 6 4 0.6944635530235246
seed123_B1-ratio_step18000 74 6 5 0.6992122830124572
seed123_B1-ratio_step18000 74 6 6 0.6917701700003818
seed123_B1-ratio_step18000 74 6 7 0.7063836639863439
seed123_B1-ratio_step18000 74 6 8 0.6934425810468383
seed123_B1-ratio_step18000 74 6 9 0.6939704050309956
seed123_B1-ratio_step18000 74 7 0 0.694342058035545
seed123_B1-ratio_step18000 74 7 1 0.694872900028713
seed123_B1-ratio_step18000 74 7 2 0.6934523740201257
seed123_B1-ratio_step18000 74 7 3 0.6909962610225193
seed123_B1-ratio_step18000 74 7 4 0.6994458310073242
seed123_B1-ratio_step18000 74 7 5 0.6951770670129918
seed123_B1-ratio_step18000 74 7 6 0.6831129160127603
seed123_B1-ratio_step18000 74 7 7 0.7081173859769478
seed123_B1-ratio_step18000 74 7 8 0.6954953600070439
seed123_B1-ratio_step18000 74 7 9 0.6946992740267888
seed123_B1-ratio_step18000 74 8 0 0.7060981650138274
seed123_B1-ratio_step18000 74 8 1 0.6991987600340508
seed123_B1-ratio_step18000 74 8 2 0.6931601730175316
seed123_B1-ratio_step18000 74 8 3 0.6858242669841275
seed123_B1-ratio_step18000 74 8 4 0.6997909709461965
seed123_B1-ratio_step18000 74 8 5 0.6966650229878724
seed123_B1-ratio_step18000 74 8 6 0.6987031919998117
seed123_B1-ratio_step18000 74 8 7 0.7195957060321234
seed123_B1-ratio_step18000 74 8 8 0.7089860939886421
seed123_B1-ratio_step18000 74 8 9 0.6977304989704862
seed123_B1-ratio_step18000 74 9 0 0.6961829289793968
seed123_B1-ratio_step18000 74 9 1 0.6953220110153779
seed123_B1-ratio_step18000 74 9 2 0.7011433810112067
seed123_B1-ratio_step18000 74 9 3 0.7010941969929263
seed123_B1-ratio_step18000 74 9 4 0.6829988830140792
seed123_B1-ratio_step18000 74 9 5 0.7130864080390893
seed123_B1-ratio_step18000 74 9 6 0.6942612599814311
seed123_B1-ratio_step18000 74 9 7 0.6969902129494585
seed123_B1-ratio_step18000 74 9 8 0.7112652570358478
seed123_B1-ratio_step18000 74 9 9 0.6894466869998723
seed123_B1-ratio_step18000 78 0 0 1.1340401989873499
seed123_B1-ratio_step18000 78 0 1 1.1392855810117908
seed123_B1-ratio_step18000 78 0 2 1.1543150040088221
seed123_B1-ratio_step18000 78 0 3 1.1249264620128088
seed123_B1-ratio_step18000 78 0 4 1.1245754890260287
seed123_B1-ratio_step18000 78 0 5 1.122391046024859
seed123_B1-ratio_step18000 78 0 6 1.1599324619746767
seed123_B1-ratio_step18000 78 0 7 1.1414976579835638
seed123_B1-ratio_step18000 78 0 8 1.121783228998538
seed123_B1-ratio_step18000 78 0 9 1.1280400019604713
seed123_B1-ratio_step18000 78 1 0 1.1207567809615284
seed123_B1-ratio_step18000 78 1 1 1.1291346119833179
seed123_B1-ratio_step18000 78 1 2 1.145002658944577
seed123_B1-ratio_step18000 78 1 3 1.1413883549976163
seed123_B1-ratio_step18000 78 1 4 1.1552148449700326
seed123_B1-ratio_step18000 78 1 5 1.1197345610125922
seed123_B1-ratio_step18000 78 1 6 1.1448128829943016
seed123_B1-ratio_step18000 78 1 7 1.1307217350113206
seed123_B1-ratio_step18000 78 1 8 1.1442007980076596
seed123_B1-ratio_step18000 78 1 9 1.1456355299451388
seed123_B1-ratio_step18000 78 2 0 1.151386548008304
seed123_B1-ratio_step18000 78 2 1 1.1734875349793583
seed123_B1-ratio_step18000 78 2 2 1.1501986689982004
seed123_B1-ratio_step18000 78 2 3 1.1511343030142598
seed123_B1-ratio_step18000 78 2 4 1.1295086680329405
seed123_B1-ratio_step18000 78 2 5 1.148047341965139
seed123_B1-ratio_step18000 78 2 6 1.1482493809890002
seed123_B1-ratio_step18000 78 2 7 1.14874532003887
seed123_B1-ratio_step18000 78 2 8 1.165485133009497
seed123_B1-ratio_step18000 78 2 9 1.149644074961543
seed123_B1-ratio_step18000 78 3 0 1.151596357987728
seed123_B1-ratio_step18000 78 3 1 1.162480961997062
seed123_B1-ratio_step18000 78 3 2 1.1539146149880253
seed123_B1-ratio_step18000 78 3 3 1.1350750750279985
seed123_B1-ratio_step18000 78 3 4 1.1326954339747317
seed123_B1-ratio_step18000 78 3 5 1.136300868995022
seed123_B1-ratio_step18000 78 3 6 1.1684972390066832
seed123_B1-ratio_step18000 78 3 7 1.157329874986317
seed123_B1-ratio_step18000 78 3 8 1.1614147889777087
seed123_B1-ratio_step18000 78 3 9 1.1460660159937106
seed123_B1-ratio_step18000 78 4 0 1.1512701350147836
seed123_B1-ratio_step18000 78 4 1 1.1426202110014856
seed123_B1-ratio_step18000 78 4 2 1.131909845978953
seed123_B1-ratio_step18000 78 4 3 1.1540607000351883
seed123_B1-ratio_step18000 78 4 4 1.1554240749683231
seed123_B1-ratio_step18000 78 4 5 1.1355524560203776
seed123_B1-ratio_step18000 78 4 6 1.1441317870048806
seed123_B1-ratio_step18000 78 4 7 1.141209102992434
seed123_B1-ratio_step18000 78 4 8 1.1574746500118636
seed123_B1-ratio_step18000 78 4 9 1.1719811740331352
seed123_B1-ratio_step18000 78 5 0 1.1275913499994203
seed123_B1-ratio_step18000 78 5 1 1.1511285179876722
seed123_B1-ratio_step18000 78 5 2 1.1478674989775755
seed123_B1-ratio_step18000 78 5 3 1.1563487669918686
seed123_B1-ratio_step18000 78 5 4 1.1627830839715898
seed123_B1-ratio_step18000 78 5 5 1.1623684609658085
seed123_B1-ratio_step18000 78 5 6 1.1594366619829088
seed123_B1-ratio_step18000 78 5 7 1.171644877991639
seed123_B1-ratio_step18000 78 5 8 1.1415394670329988
seed123_B1-ratio_step18000 78 5 9 1.1406546810176224
seed123_B1-ratio_step18000 78 6 0 1.1692335369880311
seed123_B1-ratio_step18000 78 6 1 1.13377939700149
seed123_B1-ratio_step18000 78 6 2 1.1293359019909985
seed123_B1-ratio_step18000 78 6 3 1.1429636480170302
seed123_B1-ratio_step18000 78 6 4 1.1419313519727439
seed123_B1-ratio_step18000 78 6 5 1.1534699329640716
seed123_B1-ratio_step18000 78 6 6 1.1466501499526203
seed123_B1-ratio_step18000 78 6 7 1.1345949959941208
seed123_B1-ratio_step18000 78 6 8 1.159198499051854
seed123_B1-ratio_step18000 78 6 9 1.1386791110271588
seed123_B1-ratio_step18000 78 7 0 1.1461344949784689
seed123_B1-ratio_step18000 78 7 1 1.1478607570170425
seed123_B1-ratio_step18000 78 7 2 1.1338670490076765
seed123_B1-ratio_step18000 78 7 3 1.1534106799517758
seed123_B1-ratio_step18000 78 7 4 1.1564174829982221
seed123_B1-ratio_step18000 78 7 5 1.157945946964901
seed123_B1-ratio_step18000 78 7 6 1.1761662799981423
seed123_B1-ratio_step18000 78 7 7 1.1694694169564173
seed123_B1-ratio_step18000 78 7 8 1.1622420990024693
seed123_B1-ratio_step18000 78 7 9 1.1389791370020248
seed123_B1-ratio_step18000 78 8 0 1.1489050430245697
seed123_B1-ratio_step18000 78 8 1 1.1510965659981593
seed123_B1-ratio_step18000 78 8 2 1.143259029951878
seed123_B1-ratio_step18000 78 8 3 1.1354677120107226
seed123_B1-ratio_step18000 78 8 4 1.1607471920433454
seed123_B1-ratio_step18000 78 8 5 1.155226666945964
seed123_B1-ratio_step18000 78 8 6 1.1598366029793397
seed123_B1-ratio_step18000 78 8 7 1.146041319007054
seed123_B1-ratio_step18000 78 8 8 1.151758730004076
seed123_B1-ratio_step18000 78 8 9 1.1704215669888072
seed123_B1-ratio_step18000 78 9 0 1.1665300619788468
seed123_B1-ratio_step18000 78 9 1 1.1584719060338102
seed123_B1-ratio_step18000 78 9 2 1.1408907799632289
seed123_B1-ratio_step18000 78 9 3 1.1494292340357788
seed123_B1-ratio_step18000 78 9 4 1.1508870929828845
seed123_B1-ratio_step18000 78 9 5 1.1659062850521877
seed123_B1-ratio_step18000 78 9 6 1.1713424460031092
seed123_B1-ratio_step18000 78 9 7 1.141938899003435
seed123_B1-ratio_step18000 78 9 8 1.1550142780179158
seed123_B1-ratio_step18000 78 9 9 1.1860753539949656
{'model': 'seed123_B1-ratio_step18000', 'completed_pairs': 2000, 'requested_pairs': 2000, 'completed': True, 'complete_source_count': 20, 'FRD': 126.19868951795426, 'new_pairs': 2000, 'wall_seconds': 458.4135307340184}
