seed123_B0-fixed_step18000 0 0 0 0.8646851970115677
seed123_B0-fixed_step18000 0 0 1 0.09352682699682191
seed123_B0-fixed_step18000 0 0 2 0.09121005196357146
seed123_B0-fixed_step18000 0 0 3 0.09398639900609851
seed123_B0-fixed_step18000 0 0 4 0.09586641500936821
seed123_B0-fixed_step18000 0 0 5 0.0924147970508784
seed123_B0-fixed_step18000 0 0 6 0.09169996198033914
seed123_B0-fixed_step18000 0 0 7 0.08791933197062463
seed123_B0-fixed_step18000 0 0 8 0.08723545499378815
seed123_B0-fixed_step18000 0 0 9 0.0864873260143213
seed123_B0-fixed_step18000 0 1 0 0.08472506300313398
seed123_B0-fixed_step18000 0 1 1 0.08487433602567762
seed123_B0-fixed_step18000 0 1 2 0.08854370599146932
seed123_B0-fixed_step18000 0 1 3 0.09221476997481659
seed123_B0-fixed_step18000 0 1 4 0.09188113600248471
seed123_B0-fixed_step18000 0 1 5 0.08462923200568184
seed123_B0-fixed_step18000 0 1 6 0.08638365898514166
seed123_B0-fixed_step18000 0 1 7 0.08456273598130792
seed123_B0-fixed_step18000 0 1 8 0.08846801402978599
seed123_B0-fixed_step18000 0 1 9 0.09001993801211938
seed123_B0-fixed_step18000 0 2 0 0.08603058999869972
seed123_B0-fixed_step18000 0 2 1 0.08566309401066974
seed123_B0-fixed_step18000 0 2 2 0.08397643401985988
seed123_B0-fixed_step18000 0 2 3 0.08440746198175475
seed123_B0-fixed_step18000 0 2 4 0.08525436802301556
seed123_B0-fixed_step18000 0 2 5 0.0862664679880254
seed123_B0-fixed_step18000 0 2 6 0.08333244302775711
seed123_B0-fixed_step18000 0 2 7 0.08337814902188256
seed123_B0-fixed_step18000 0 2 8 0.08316373301204294
seed123_B0-fixed_step18000 0 2 9 0.08785844797967002
seed123_B0-fixed_step18000 0 3 0 0.0846112190047279
seed123_B0-fixed_step18000 0 3 1 0.08388482197187841
seed123_B0-fixed_step18000 0 3 2 0.08323913702042773
seed123_B0-fixed_step18000 0 3 3 0.08339633600553498
seed123_B0-fixed_step18000 0 3 4 0.0833803850109689
seed123_B0-fixed_step18000 0 3 5 0.09023348399205133
seed123_B0-fixed_step18000 0 3 6 0.09092155902180821
seed123_B0-fixed_step18000 0 3 7 0.08595824398798868
seed123_B0-fixed_step18000 0 3 8 0.08413220103830099
seed123_B0-fixed_step18000 0 3 9 0.083416945009958
seed123_B0-fixed_step18000 0 4 0 0.08316328300861642
seed123_B0-fixed_step18000 0 4 1 0.08658382197609171
seed123_B0-fixed_step18000 0 4 2 0.088153718970716
seed123_B0-fixed_step18000 0 4 3 0.08386069600237533
seed123_B0-fixed_step18000 0 4 4 0.08349767798790708
seed123_B0-fixed_step18000 0 4 5 0.08361412899103016
seed123_B0-fixed_step18000 0 4 6 0.08368318999418989
seed123_B0-fixed_step18000 0 4 7 0.08800207200692967
seed123_B0-fixed_step18000 0 4 8 0.08377156697679311
seed123_B0-fixed_step18000 0 4 9 0.08780536899575964
seed123_B0-fixed_step18000 0 5 0 0.0853822419885546
seed123_B0-fixed_step18000 0 5 1 0.08434929297072813
seed123_B0-fixed_step18000 0 5 2 0.08864323800662532
seed123_B0-fixed_step18000 0 5 3 0.08934579201741144
seed123_B0-fixed_step18000 0 5 4 0.08698097703745589
seed123_B0-fixed_step18000 0 5 5 0.08577363600488752
seed123_B0-fixed_step18000 0 5 6 0.08802191104041412
seed123_B0-fixed_step18000 0 5 7 0.09444622602313757
seed123_B0-fixed_step18000 0 5 8 0.09312984900316224
seed123_B0-fixed_step18000 0 5 9 0.08461256296141073
seed123_B0-fixed_step18000 0 6 0 0.08396018703933805
seed123_B0-fixed_step18000 0 6 1 0.08573233796050772
seed123_B0-fixed_step18000 0 6 2 0.08415745000820607
seed123_B0-fixed_step18000 0 6 3 0.0840248289750889
seed123_B0-fixed_step18000 0 6 4 0.09097578399814665
seed123_B0-fixed_step18000 0 6 5 0.08493626798735932
seed123_B0-fixed_step18000 0 6 6 0.08598959702067077
seed123_B0-fixed_step18000 0 6 7 0.08472583995899186
seed123_B0-fixed_step18000 0 6 8 0.0859248639899306
seed123_B0-fixed_step18000 0 6 9 0.09198394702980295
seed123_B0-fixed_step18000 0 7 0 0.08434932498494163
seed123_B0-fixed_step18000 0 7 1 0.08438164700055495
seed123_B0-fixed_step18000 0 7 2 0.08519209298538044
seed123_B0-fixed_step18000 0 7 3 0.09012338798493147
seed123_B0-fixed_step18000 0 7 4 0.0865248620393686
seed123_B0-fixed_step18000 0 7 5 0.08983689401065931
seed123_B0-fixed_step18000 0 7 6 0.08847384998807684
seed123_B0-fixed_step18000 0 7 7 0.08593927201582119
seed123_B0-fixed_step18000 0 7 8 0.08633444202132523
seed123_B0-fixed_step18000 0 7 9 0.08769550401484594
seed123_B0-fixed_step18000 0 8 0 0.09279622900066897
seed123_B0-fixed_step18000 0 8 1 0.08651736803585663
seed123_B0-fixed_step18000 0 8 2 0.08609968598466367
seed123_B0-fixed_step18000 0 8 3 0.08587594196433201
seed123_B0-fixed_step18000 0 8 4 0.08543611800996587
seed123_B0-fixed_step18000 0 8 5 0.09320821997243911
seed123_B0-fixed_step18000 0 8 6 0.09515208698576316
seed123_B0-fixed_step18000 0 8 7 0.09549049095949158
seed123_B0-fixed_step18000 0 8 8 0.09220260300207883
seed123_B0-fixed_step18000 0 8 9 0.09082783700432628
seed123_B0-fixed_step18000 0 9 0 0.09125586797017604
seed123_B0-fixed_step18000 0 9 1 0.08954399096546695
seed123_B0-fixed_step18000 0 9 2 0.09074245300143957
seed123_B0-fixed_step18000 0 9 3 0.09210232301848009
seed123_B0-fixed_step18000 0 9 4 0.09715790202608332
seed123_B0-fixed_step18000 0 9 5 0.0911453379667364
seed123_B0-fixed_step18000 0 9 6 0.09223524498520419
seed123_B0-fixed_step18000 0 9 7 0.1053069100016728
seed123_B0-fixed_step18000 0 9 8 0.08769037603633478
seed123_B0-fixed_step18000 0 9 9 0.08521737501723692
seed123_B0-fixed_step18000 6 0 0 0.1325761469779536
seed123_B0-fixed_step18000 6 0 1 0.13245270296465605
seed123_B0-fixed_step18000 6 0 2 0.13658963999478146
seed123_B0-fixed_step18000 6 0 3 0.13435516197932884
seed123_B0-fixed_step18000 6 0 4 0.1328027969575487
seed123_B0-fixed_step18000 6 0 5 0.13590531196678057
seed123_B0-fixed_step18000 6 0 6 0.1399305799859576
seed123_B0-fixed_step18000 6 0 7 0.13545936800073832
seed123_B0-fixed_step18000 6 0 8 0.14055457297945395
seed123_B0-fixed_step18000 6 0 9 0.14324076898628846
seed123_B0-fixed_step18000 6 1 0 0.13269064598716795
seed123_B0-fixed_step18000 6 1 1 0.13645688100950792
seed123_B0-fixed_step18000 6 1 2 0.14039768499787897
seed123_B0-fixed_step18000 6 1 3 0.13681926898425445
seed123_B0-fixed_step18000 6 1 4 0.13443722994998097
seed123_B0-fixed_step18000 6 1 5 0.1388472150429152
seed123_B0-fixed_step18000 6 1 6 0.13550181000027806
seed123_B0-fixed_step18000 6 1 7 0.13315607100958005
seed123_B0-fixed_step18000 6 1 8 0.1358278489788063
seed123_B0-fixed_step18000 6 1 9 0.13721009000437334
seed123_B0-fixed_step18000 6 2 0 0.1358772129751742
seed123_B0-fixed_step18000 6 2 1 0.13418203801847994
seed123_B0-fixed_step18000 6 2 2 0.13819120300468057
seed123_B0-fixed_step18000 6 2 3 0.13398614700417966
seed123_B0-fixed_step18000 6 2 4 0.13647530798334628
seed123_B0-fixed_step18000 6 2 5 0.13872336194617674
seed123_B0-fixed_step18000 6 2 6 0.14140728302299976
seed123_B0-fixed_step18000 6 2 7 0.13820723298704252
seed123_B0-fixed_step18000 6 2 8 0.13831582095008343
seed123_B0-fixed_step18000 6 2 9 0.13447642797837034
seed123_B0-fixed_step18000 6 3 0 0.14966929599177092
seed123_B0-fixed_step18000 6 3 1 0.14056967600481585
seed123_B0-fixed_step18000 6 3 2 0.13764564000302926
seed123_B0-fixed_step18000 6 3 3 0.13662392197875306
seed123_B0-fixed_step18000 6 3 4 0.13368907500989735
seed123_B0-fixed_step18000 6 3 5 0.13600734301144257
seed123_B0-fixed_step18000 6 3 6 0.13297915901057422
seed123_B0-fixed_step18000 6 3 7 0.14028817298822105
seed123_B0-fixed_step18000 6 3 8 0.1335667340317741
seed123_B0-fixed_step18000 6 3 9 0.13297872798284516
seed123_B0-fixed_step18000 6 4 0 0.13757762202294543
seed123_B0-fixed_step18000 6 4 1 0.13590560999000445
seed123_B0-fixed_step18000 6 4 2 0.13428112998371944
seed123_B0-fixed_step18000 6 4 3 0.13714058400364593
seed123_B0-fixed_step18000 6 4 4 0.1457008729921654
seed123_B0-fixed_step18000 6 4 5 0.13494247500784695
seed123_B0-fixed_step18000 6 4 6 0.13342471601208672
seed123_B0-fixed_step18000 6 4 7 0.1330208299914375
seed123_B0-fixed_step18000 6 4 8 0.14081056497525424
seed123_B0-fixed_step18000 6 4 9 0.13233198400121182
seed123_B0-fixed_step18000 6 5 0 0.13596727995900437
seed123_B0-fixed_step18000 6 5 1 0.13799551804549992
seed123_B0-fixed_step18000 6 5 2 0.1384014279465191
seed123_B0-fixed_step18000 6 5 3 0.13623158098198473
seed123_B0-fixed_step18000 6 5 4 0.13505672302562743
seed123_B0-fixed_step18000 6 5 5 0.1410605909768492
seed123_B0-fixed_step18000 6 5 6 0.135555739980191
seed123_B0-fixed_step18000 6 5 7 0.13449152203975245
seed123_B0-fixed_step18000 6 5 8 0.13880060601513833
seed123_B0-fixed_step18000 6 5 9 0.1403766360017471
seed123_B0-fixed_step18000 6 6 0 0.13926785299554467
seed123_B0-fixed_step18000 6 6 1 0.13778437895234674
seed123_B0-fixed_step18000 6 6 2 0.13684201100841165
seed123_B0-fixed_step18000 6 6 3 0.13309341005515307
seed123_B0-fixed_step18000 6 6 4 0.14590891200350598
seed123_B0-fixed_step18000 6 6 5 0.14152652898337692
seed123_B0-fixed_step18000 6 6 6 0.13624024100136012
seed123_B0-fixed_step18000 6 6 7 0.1342317009693943
seed123_B0-fixed_step18000 6 6 8 0.1405031579779461
seed123_B0-fixed_step18000 6 6 9 0.13763677002862096
seed123_B0-fixed_step18000 6 7 0 0.13509249401977286
seed123_B0-fixed_step18000 6 7 1 0.1434325459995307
seed123_B0-fixed_step18000 6 7 2 0.13537583203287795
seed123_B0-fixed_step18000 6 7 3 0.13682504097232595
seed123_B0-fixed_step18000 6 7 4 0.13540919602382928
seed123_B0-fixed_step18000 6 7 5 0.13551501702750102
seed123_B0-fixed_step18000 6 7 6 0.1354807429597713
seed123_B0-fixed_step18000 6 7 7 0.13648039899999276
seed123_B0-fixed_step18000 6 7 8 0.14059521403396502
seed123_B0-fixed_step18000 6 7 9 0.13879254600033164
seed123_B0-fixed_step18000 6 8 0 0.13657524000154808
seed123_B0-fixed_step18000 6 8 1 0.14053551200777292
seed123_B0-fixed_step18000 6 8 2 0.13427585799945518
seed123_B0-fixed_step18000 6 8 3 0.1354114210116677
seed123_B0-fixed_step18000 6 8 4 0.13973128597717732
seed123_B0-fixed_step18000 6 8 5 0.13686626101844013
seed123_B0-fixed_step18000 6 8 6 0.13550672499695793
seed123_B0-fixed_step18000 6 8 7 0.13528550398768857
seed123_B0-fixed_step18000 6 8 8 0.13750512496335432
seed123_B0-fixed_step18000 6 8 9 0.1332705519744195
seed123_B0-fixed_step18000 6 9 0 0.13405215501552448
seed123_B0-fixed_step18000 6 9 1 0.13457699998980388
seed123_B0-fixed_step18000 6 9 2 0.14164841402089223
seed123_B0-fixed_step18000 6 9 3 0.1368435209733434
seed123_B0-fixed_step18000 6 9 4 0.13667930098017678
seed123_B0-fixed_step18000 6 9 5 0.1450935720349662
seed123_B0-fixed_step18000 6 9 6 0.133416780969128
seed123_B0-fixed_step18000 6 9 7 0.1341360160149634
seed123_B0-fixed_step18000 6 9 8 0.13471561600454152
seed123_B0-fixed_step18000 6 9 9 0.139626910968218
seed123_B0-fixed_step18000 9 0 0 0.04880529298679903
seed123_B0-fixed_step18000 9 0 1 0.0435949899838306
seed123_B0-fixed_step18000 9 0 2 0.04226549802115187
seed123_B0-fixed_step18000 9 0 3 0.044087734015192837
seed123_B0-fixed_step18000 9 0 4 0.04535193199990317
seed123_B0-fixed_step18000 9 0 5 0.04414713801816106
seed123_B0-fixed_step18000 9 0 6 0.0434892590274103
seed123_B0-fixed_step18000 9 0 7 0.04196483799023554
seed123_B0-fixed_step18000 9 0 8 0.04140574700431898
seed123_B0-fixed_step18000 9 0 9 0.0439635890070349
seed123_B0-fixed_step18000 9 1 0 0.042153986054472625
seed123_B0-fixed_step18000 9 1 1 0.04198587697464973
seed123_B0-fixed_step18000 9 1 2 0.042837864020839334
seed123_B0-fixed_step18000 9 1 3 0.04199152800720185
seed123_B0-fixed_step18000 9 1 4 0.04232370899990201
seed123_B0-fixed_step18000 9 1 5 0.0410952580277808
seed123_B0-fixed_step18000 9 1 6 0.04273043997818604
seed123_B0-fixed_step18000 9 1 7 0.0435245469561778
seed123_B0-fixed_step18000 9 1 8 0.04388454899890348
seed123_B0-fixed_step18000 9 1 9 0.04255482699954882
seed123_B0-fixed_step18000 9 2 0 0.04309796798042953
seed123_B0-fixed_step18000 9 2 1 0.04442884202580899
seed123_B0-fixed_step18000 9 2 2 0.042102007020730525
seed123_B0-fixed_step18000 9 2 3 0.041695257008541375
seed123_B0-fixed_step18000 9 2 4 0.042934447003062814
seed123_B0-fixed_step18000 9 2 5 0.04236836399650201
seed123_B0-fixed_step18000 9 2 6 0.044835744018200785
seed123_B0-fixed_step18000 9 2 7 0.043020981014706194
seed123_B0-fixed_step18000 9 2 8 0.041921594995073974
seed123_B0-fixed_step18000 9 2 9 0.04284514801111072
seed123_B0-fixed_step18000 9 3 0 0.041348038997966796
seed123_B0-fixed_step18000 9 3 1 0.043972045998089015
seed123_B0-fixed_step18000 9 3 2 0.043179221043828875
seed123_B0-fixed_step18000 9 3 3 0.042416765994858
seed123_B0-fixed_step18000 9 3 4 0.0424351500114426
seed123_B0-fixed_step18000 9 3 5 0.044053118966985494
seed123_B0-fixed_step18000 9 3 6 0.04292615200392902
seed123_B0-fixed_step18000 9 3 7 0.04638579400489107
seed123_B0-fixed_step18000 9 3 8 0.043415549967903644
seed123_B0-fixed_step18000 9 3 9 0.04345716902753338
seed123_B0-fixed_step18000 9 4 0 0.0438101880135946
seed123_B0-fixed_step18000 9 4 1 0.04150981502607465
seed123_B0-fixed_step18000 9 4 2 0.043541277991607785
seed123_B0-fixed_step18000 9 4 3 0.04519874299876392
seed123_B0-fixed_step18000 9 4 4 0.0422218160238117
seed123_B0-fixed_step18000 9 4 5 0.04663535801228136
seed123_B0-fixed_step18000 9 4 6 0.04153108497848734
seed123_B0-fixed_step18000 9 4 7 0.04328608501236886
seed123_B0-fixed_step18000 9 4 8 0.04163318901555613
seed123_B0-fixed_step18000 9 4 9 0.04165925900451839
seed123_B0-fixed_step18000 9 5 0 0.0423811890068464
seed123_B0-fixed_step18000 9 5 1 0.04199111904017627
seed123_B0-fixed_step18000 9 5 2 0.041728150041308254
seed123_B0-fixed_step18000 9 5 3 0.04274037998402491
seed123_B0-fixed_step18000 9 5 4 0.04165813699364662
seed123_B0-fixed_step18000 9 5 5 0.04140868299873546
seed123_B0-fixed_step18000 9 5 6 0.04095711698755622
seed123_B0-fixed_step18000 9 5 7 0.04148480802541599
seed123_B0-fixed_step18000 9 5 8 0.0410231520072557
seed123_B0-fixed_step18000 9 5 9 0.042705553001724184
seed123_B0-fixed_step18000 9 6 0 0.043545266962610185
seed123_B0-fixed_step18000 9 6 1 0.04139127000235021
seed123_B0-fixed_step18000 9 6 2 0.04088752396637574
seed123_B0-fixed_step18000 9 6 3 0.04094309004722163
seed123_B0-fixed_step18000 9 6 4 0.041090639017056674
seed123_B0-fixed_step18000 9 6 5 0.04099135199794546
seed123_B0-fixed_step18000 9 6 6 0.043557438999414444
seed123_B0-fixed_step18000 9 6 7 0.04273972800001502
seed123_B0-fixed_step18000 9 6 8 0.041490538977086544
seed123_B0-fixed_step18000 9 6 9 0.041033290966879576
seed123_B0-fixed_step18000 9 7 0 0.04101336403982714
seed123_B0-fixed_step18000 9 7 1 0.04107683402253315
seed123_B0-fixed_step18000 9 7 2 0.04097904800437391
seed123_B0-fixed_step18000 9 7 3 0.04101187101332471
seed123_B0-fixed_step18000 9 7 4 0.041454702033661306
seed123_B0-fixed_step18000 9 7 5 0.041299375996459275
seed123_B0-fixed_step18000 9 7 6 0.04134267894551158
seed123_B0-fixed_step18000 9 7 7 0.041412920982111245
seed123_B0-fixed_step18000 9 7 8 0.040103588020429015
seed123_B0-fixed_step18000 9 7 9 0.042800464027095586
seed123_B0-fixed_step18000 9 8 0 0.042752132983878255
seed123_B0-fixed_step18000 9 8 1 0.041389336984138936
seed123_B0-fixed_step18000 9 8 2 0.04164184600813314
seed123_B0-fixed_step18000 9 8 3 0.04203003295697272
seed123_B0-fixed_step18000 9 8 4 0.041406939970329404
seed123_B0-fixed_step18000 9 8 5 0.04164130496792495
seed123_B0-fixed_step18000 9 8 6 0.04092646896606311
seed123_B0-fixed_step18000 9 8 7 0.041002532991115004
seed123_B0-fixed_step18000 9 8 8 0.04149367497302592
seed123_B0-fixed_step18000 9 8 9 0.04283620195928961
seed123_B0-fixed_step18000 9 9 0 0.04173571401042864
seed123_B0-fixed_step18000 9 9 1 0.04205252497922629
seed123_B0-fixed_step18000 9 9 2 0.04156125400913879
seed123_B0-fixed_step18000 9 9 3 0.04155464097857475
seed123_B0-fixed_step18000 9 9 4 0.041552206967025995
seed123_B0-fixed_step18000 9 9 5 0.04166987002827227
seed123_B0-fixed_step18000 9 9 6 0.04154802899574861
seed123_B0-fixed_step18000 9 9 7 0.04156845703255385
seed123_B0-fixed_step18000 9 9 8 0.04205586202442646
seed123_B0-fixed_step18000 9 9 9 0.04286463704193011
seed123_B0-fixed_step18000 12 0 0 0.4088186290464364
seed123_B0-fixed_step18000 12 0 1 0.40824454004177824
seed123_B0-fixed_step18000 12 0 2 0.4095769730047323
seed123_B0-fixed_step18000 12 0 3 0.4092338120099157
seed123_B0-fixed_step18000 12 0 4 0.4025527800549753
seed123_B0-fixed_step18000 12 0 5 0.4028504969901405
seed123_B0-fixed_step18000 12 0 6 0.40109863301040605
seed123_B0-fixed_step18000 12 0 7 0.41432416695170105
seed123_B0-fixed_step18000 12 0 8 0.41542195004876703
seed123_B0-fixed_step18000 12 0 9 0.4108580859610811
seed123_B0-fixed_step18000 12 1 0 0.41486992698628455
seed123_B0-fixed_step18000 12 1 1 0.410727039037738
seed123_B0-fixed_step18000 12 1 2 0.40133688802598044
seed123_B0-fixed_step18000 12 1 3 0.4134920170181431
seed123_B0-fixed_step18000 12 1 4 0.4253405799972825
seed123_B0-fixed_step18000 12 1 5 0.41101416101446375
seed123_B0-fixed_step18000 12 1 6 0.40509330097120255
seed123_B0-fixed_step18000 12 1 7 0.4065282749943435
seed123_B0-fixed_step18000 12 1 8 0.4127287280280143
seed123_B0-fixed_step18000 12 1 9 0.4028653099667281
seed123_B0-fixed_step18000 12 2 0 0.4004680219804868
seed123_B0-fixed_step18000 12 2 1 0.4260544260032475
seed123_B0-fixed_step18000 12 2 2 0.40369803400244564
seed123_B0-fixed_step18000 12 2 3 0.4089879309758544
seed123_B0-fixed_step18000 12 2 4 0.4075387449702248
seed123_B0-fixed_step18000 12 2 5 0.41180116101168096
seed123_B0-fixed_step18000 12 2 6 0.41296658699866384
seed123_B0-fixed_step18000 12 2 7 0.41172856802586466
seed123_B0-fixed_step18000 12 2 8 0.41024173801997676
seed123_B0-fixed_step18000 12 2 9 0.40175153501331806
seed123_B0-fixed_step18000 12 3 0 0.412409064010717
seed123_B0-fixed_step18000 12 3 1 0.40272952400846407
seed123_B0-fixed_step18000 12 3 2 0.4038401209982112
seed123_B0-fixed_step18000 12 3 3 0.4107373679871671
seed123_B0-fixed_step18000 12 3 4 0.4005530390422791
seed123_B0-fixed_step18000 12 3 5 0.4094735929975286
seed123_B0-fixed_step18000 12 3 6 0.41675807803403586
seed123_B0-fixed_step18000 12 3 7 0.410723598964978
seed123_B0-fixed_step18000 12 3 8 0.4149699169793166
seed123_B0-fixed_step18000 12 3 9 0.417269102006685
seed123_B0-fixed_step18000 12 4 0 0.4168058129725978
seed123_B0-fixed_step18000 12 4 1 0.4151981279719621
seed123_B0-fixed_step18000 12 4 2 0.4086126929614693
seed123_B0-fixed_step18000 12 4 3 0.40968909801449627
seed123_B0-fixed_step18000 12 4 4 0.4093554359860718
seed123_B0-fixed_step18000 12 4 5 0.40686938003636897
seed123_B0-fixed_step18000 12 4 6 0.4146665569860488
seed123_B0-fixed_step18000 12 4 7 0.4213024459895678
seed123_B0-fixed_step18000 12 4 8 0.41231855598744005
seed123_B0-fixed_step18000 12 4 9 0.41706318903015926
seed123_B0-fixed_step18000 12 5 0 0.394308548013214
seed123_B0-fixed_step18000 12 5 1 0.3985818490036763
seed123_B0-fixed_step18000 12 5 2 0.40764071501325816
seed123_B0-fixed_step18000 12 5 3 0.4047539019957185
seed123_B0-fixed_step18000 12 5 4 0.4124693099875003
seed123_B0-fixed_step18000 12 5 5 0.40040906198555604
seed123_B0-fixed_step18000 12 5 6 0.41242700500879437
seed123_B0-fixed_step18000 12 5 7 0.4036183620337397
seed123_B0-fixed_step18000 12 5 8 0.4073589330073446
seed123_B0-fixed_step18000 12 5 9 0.42170789797091857
seed123_B0-fixed_step18000 12 6 0 0.4039336270070635
seed123_B0-fixed_step18000 12 6 1 0.4115083710057661
seed123_B0-fixed_step18000 12 6 2 0.4139134139986709
seed123_B0-fixed_step18000 12 6 3 0.4264107189956121
seed123_B0-fixed_step18000 12 6 4 0.41596468997886404
seed123_B0-fixed_step18000 12 6 5 0.4009612870286219
seed123_B0-fixed_step18000 12 6 6 0.40868762700119987
seed123_B0-fixed_step18000 12 6 7 0.4135110499919392
seed123_B0-fixed_step18000 12 6 8 0.4114451429923065
seed123_B0-fixed_step18000 12 6 9 0.4100956830079667
seed123_B0-fixed_step18000 12 7 0 0.40618650999385864
seed123_B0-fixed_step18000 12 7 1 0.40182187902973965
seed123_B0-fixed_step18000 12 7 2 0.4050054610124789
seed123_B0-fixed_step18000 12 7 3 0.4119661100558005
seed123_B0-fixed_step18000 12 7 4 0.4168439449858852
seed123_B0-fixed_step18000 12 7 5 0.41176762798568234
seed123_B0-fixed_step18000 12 7 6 0.4200106479693204
seed123_B0-fixed_step18000 12 7 7 0.416790590970777
seed123_B0-fixed_step18000 12 7 8 0.4149676939705387
seed123_B0-fixed_step18000 12 7 9 0.40974646800896153
seed123_B0-fixed_step18000 12 8 0 0.40026174497324973
seed123_B0-fixed_step18000 12 8 1 0.4071708350093104
seed123_B0-fixed_step18000 12 8 2 0.40599750104593113
seed123_B0-fixed_step18000 12 8 3 0.4066289300099015
seed123_B0-fixed_step18000 12 8 4 0.4166211509727873
seed123_B0-fixed_step18000 12 8 5 0.4177519890363328
seed123_B0-fixed_step18000 12 8 6 0.4170395879773423
seed123_B0-fixed_step18000 12 8 7 0.41125406400533393
seed123_B0-fixed_step18000 12 8 8 0.40635524899698794
seed123_B0-fixed_step18000 12 8 9 0.41437780304113403
seed123_B0-fixed_step18000 12 9 0 0.411895815981552
seed123_B0-fixed_step18000 12 9 1 0.4155420549795963
seed123_B0-fixed_step18000 12 9 2 0.40984539000783116
seed123_B0-fixed_step18000 12 9 3 0.413292340002954
seed123_B0-fixed_step18000 12 9 4 0.40686564799398184
seed123_B0-fixed_step18000 12 9 5 0.41008569998666644
seed123_B0-fixed_step18000 12 9 6 0.406543038028758
seed123_B0-fixed_step18000 12 9 7 0.41601330100093037
seed123_B0-fixed_step18000 12 9 8 0.40117129898862913
seed123_B0-fixed_step18000 12 9 9 0.40797699498943985
seed123_B0-fixed_step18000 18 0 0 0.10350141098024324
seed123_B0-fixed_step18000 18 0 1 0.10156351397745311
seed123_B0-fixed_step18000 18 0 2 0.10014723800122738
seed123_B0-fixed_step18000 18 0 3 0.10165239300113171
seed123_B0-fixed_step18000 18 0 4 0.10194474796298891
seed123_B0-fixed_step18000 18 0 5 0.09861709299730137
seed123_B0-fixed_step18000 18 0 6 0.1059338670456782
seed123_B0-fixed_step18000 18 0 7 0.10516289598308504
seed123_B0-fixed_step18000 18 0 8 0.10058083100011572
seed123_B0-fixed_step18000 18 0 9 0.10074516298482195
seed123_B0-fixed_step18000 18 1 0 0.09961897600442171
seed123_B0-fixed_step18000 18 1 1 0.09990382596151903
seed123_B0-fixed_step18000 18 1 2 0.10075782699277624
seed123_B0-fixed_step18000 18 1 3 0.10100914299255237
seed123_B0-fixed_step18000 18 1 4 0.10807599301915616
seed123_B0-fixed_step18000 18 1 5 0.10245640005450696
seed123_B0-fixed_step18000 18 1 6 0.09934763103956357
seed123_B0-fixed_step18000 18 1 7 0.10103373101446778
seed123_B0-fixed_step18000 18 1 8 0.10254013899248093
seed123_B0-fixed_step18000 18 1 9 0.10267284099245444
seed123_B0-fixed_step18000 18 2 0 0.10952312900917605
seed123_B0-fixed_step18000 18 2 1 0.1038309289724566
seed123_B0-fixed_step18000 18 2 2 0.10903790796874091
seed123_B0-fixed_step18000 18 2 3 0.1020932819810696
seed123_B0-fixed_step18000 18 2 4 0.09917091700481251
seed123_B0-fixed_step18000 18 2 5 0.10079397598747164
seed123_B0-fixed_step18000 18 2 6 0.10317632800433785
seed123_B0-fixed_step18000 18 2 7 0.10010413802228868
seed123_B0-fixed_step18000 18 2 8 0.1030259529943578
seed123_B0-fixed_step18000 18 2 9 0.10150081798201427
seed123_B0-fixed_step18000 18 3 0 0.10484355100197718
seed123_B0-fixed_step18000 18 3 1 0.10303666203981265
seed123_B0-fixed_step18000 18 3 2 0.10039597196737304
seed123_B0-fixed_step18000 18 3 3 0.10015751898754388
seed123_B0-fixed_step18000 18 3 4 0.10092822200385854
seed123_B0-fixed_step18000 18 3 5 0.10170268098590896
seed123_B0-fixed_step18000 18 3 6 0.09903685300378129
seed123_B0-fixed_step18000 18 3 7 0.1014065199997276
seed123_B0-fixed_step18000 18 3 8 0.1008839889545925
seed123_B0-fixed_step18000 18 3 9 0.10227697202935815
seed123_B0-fixed_step18000 18 4 0 0.1000642940052785
seed123_B0-fixed_step18000 18 4 1 0.10567468899535015
seed123_B0-fixed_step18000 18 4 2 0.09998800902394578
seed123_B0-fixed_step18000 18 4 3 0.10168158198939636
seed123_B0-fixed_step18000 18 4 4 0.10231290000956506
seed123_B0-fixed_step18000 18 4 5 0.10327324300305918
seed123_B0-fixed_step18000 18 4 6 0.1071793349692598
seed123_B0-fixed_step18000 18 4 7 0.0986187620437704
seed123_B0-fixed_step18000 18 4 8 0.09847633104072884
seed123_B0-fixed_step18000 18 4 9 0.09965416701743379
seed123_B0-fixed_step18000 18 5 0 0.1022839659708552
seed123_B0-fixed_step18000 18 5 1 0.09905789501499385
seed123_B0-fixed_step18000 18 5 2 0.09942454000702128
seed123_B0-fixed_step18000 18 5 3 0.09970155596965924
seed123_B0-fixed_step18000 18 5 4 0.10076007596217096
seed123_B0-fixed_step18000 18 5 5 0.09946331504033878
seed123_B0-fixed_step18000 18 5 6 0.10353995102923363
seed123_B0-fixed_step18000 18 5 7 0.10138363001169637
seed123_B0-fixed_step18000 18 5 8 0.10218174301553518
seed123_B0-fixed_step18000 18 5 9 0.09832502604695037
seed123_B0-fixed_step18000 18 6 0 0.10428400302771479
seed123_B0-fixed_step18000 18 6 1 0.10095335199730471
seed123_B0-fixed_step18000 18 6 2 0.10142861399799585
seed123_B0-fixed_step18000 18 6 3 0.09989166801096871
seed123_B0-fixed_step18000 18 6 4 0.10487471404485404
seed123_B0-fixed_step18000 18 6 5 0.10367335501359776
seed123_B0-fixed_step18000 18 6 6 0.09961722901789472
seed123_B0-fixed_step18000 18 6 7 0.09895347902784124
seed123_B0-fixed_step18000 18 6 8 0.10389839200070128
seed123_B0-fixed_step18000 18 6 9 0.10492373799206689
seed123_B0-fixed_step18000 18 7 0 0.09942538395989686
seed123_B0-fixed_step18000 18 7 1 0.10005736397579312
seed123_B0-fixed_step18000 18 7 2 0.1010640140157193
seed123_B0-fixed_step18000 18 7 3 0.10085433500353247
seed123_B0-fixed_step18000 18 7 4 0.10281169001245871
seed123_B0-fixed_step18000 18 7 5 0.1030199250089936
seed123_B0-fixed_step18000 18 7 6 0.09998562897089869
seed123_B0-fixed_step18000 18 7 7 0.10413434001384303
seed123_B0-fixed_step18000 18 7 8 0.1003712399979122
seed123_B0-fixed_step18000 18 7 9 0.10007074003806338
seed123_B0-fixed_step18000 18 8 0 0.10452727600932121
seed123_B0-fixed_step18000 18 8 1 0.10181393794482574
seed123_B0-fixed_step18000 18 8 2 0.10236954200081527
seed123_B0-fixed_step18000 18 8 3 0.10071162600070238
seed123_B0-fixed_step18000 18 8 4 0.10160478099714965
seed123_B0-fixed_step18000 18 8 5 0.10360832302831113
seed123_B0-fixed_step18000 18 8 6 0.1001171080279164
seed123_B0-fixed_step18000 18 8 7 0.09953112597577274
seed123_B0-fixed_step18000 18 8 8 0.10227996303001419
seed123_B0-fixed_step18000 18 8 9 0.10106343502411619
seed123_B0-fixed_step18000 18 9 0 0.10324097704142332
seed123_B0-fixed_step18000 18 9 1 0.09999145998153836
seed123_B0-fixed_step18000 18 9 2 0.0996032030088827
seed123_B0-fixed_step18000 18 9 3 0.10008899495005608
seed123_B0-fixed_step18000 18 9 4 0.10500683705322444
seed123_B0-fixed_step18000 18 9 5 0.10029361501801759
seed123_B0-fixed_step18000 18 9 6 0.10107162100030109
seed123_B0-fixed_step18000 18 9 7 0.10081689700018615
seed123_B0-fixed_step18000 18 9 8 0.10277414100710303
seed123_B0-fixed_step18000 18 9 9 0.10006923897890374
seed123_B0-fixed_step18000 22 0 0 0.017189508012961596
seed123_B0-fixed_step18000 22 0 1 0.015442623000126332
seed123_B0-fixed_step18000 22 0 2 0.015409139974508435
seed123_B0-fixed_step18000 22 0 3 0.015215692983474582
seed123_B0-fixed_step18000 22 0 4 0.015215412015095353
seed123_B0-fixed_step18000 22 0 5 0.015217346022836864
seed123_B0-fixed_step18000 22 0 6 0.015202787995804101
seed123_B0-fixed_step18000 22 0 7 0.01521019299980253
seed123_B0-fixed_step18000 22 0 8 0.015341701975557953
seed123_B0-fixed_step18000 22 0 9 0.018159339029807597
seed123_B0-fixed_step18000 22 1 0 0.01601045101415366
seed123_B0-fixed_step18000 22 1 1 0.015604670974425972
seed123_B0-fixed_step18000 22 1 2 0.01522906799800694
seed123_B0-fixed_step18000 22 1 3 0.015439738053828478
seed123_B0-fixed_step18000 22 1 4 0.01611838600365445
seed123_B0-fixed_step18000 22 1 5 0.015354455972556025
seed123_B0-fixed_step18000 22 1 6 0.015671148023102432
seed123_B0-fixed_step18000 22 1 7 0.015252603043336421
seed123_B0-fixed_step18000 22 1 8 0.01525801297975704
seed123_B0-fixed_step18000 22 1 9 0.015433577005751431
seed123_B0-fixed_step18000 22 2 0 0.015246801951434463
seed123_B0-fixed_step18000 22 2 1 0.015212947968393564
seed123_B0-fixed_step18000 22 2 2 0.015221975045278668
seed123_B0-fixed_step18000 22 2 3 0.015247183036990464
seed123_B0-fixed_step18000 22 2 4 0.01520694699138403
seed123_B0-fixed_step18000 22 2 5 0.015243445988744497
seed123_B0-fixed_step18000 22 2 6 0.015197027998510748
seed123_B0-fixed_step18000 22 2 7 0.015074926021043211
seed123_B0-fixed_step18000 22 2 8 0.015205613046418875
seed123_B0-fixed_step18000 22 2 9 0.016728293034248054
seed123_B0-fixed_step18000 22 3 0 0.016520169039722532
seed123_B0-fixed_step18000 22 3 1 0.016023947042413056
seed123_B0-fixed_step18000 22 3 2 0.01615226996364072
seed123_B0-fixed_step18000 22 3 3 0.015213159029372036
seed123_B0-fixed_step18000 22 3 4 0.015302708023227751
seed123_B0-fixed_step18000 22 3 5 0.01523066102527082
seed123_B0-fixed_step18000 22 3 6 0.015221764973830432
seed123_B0-fixed_step18000 22 3 7 0.015217696025501937
seed123_B0-fixed_step18000 22 3 8 0.015744246018584818
seed123_B0-fixed_step18000 22 3 9 0.015216264000628144
seed123_B0-fixed_step18000 22 4 0 0.015207998978439718
seed123_B0-fixed_step18000 22 4 1 0.015227555995807052
seed123_B0-fixed_step18000 22 4 2 0.015207187039777637
seed123_B0-fixed_step18000 22 4 3 0.015236573002766818
seed123_B0-fixed_step18000 22 4 4 0.015217125997878611
seed123_B0-fixed_step18000 22 4 5 0.015231964003760368
seed123_B0-fixed_step18000 22 4 6 0.015014661999884993
seed123_B0-fixed_step18000 22 4 7 0.015202267037238926
seed123_B0-fixed_step18000 22 4 8 0.015310312970541418
seed123_B0-fixed_step18000 22 4 9 0.015232054982334375
seed123_B0-fixed_step18000 22 5 0 0.015240349050145596
seed123_B0-fixed_step18000 22 5 1 0.015267361013684422
seed123_B0-fixed_step18000 22 5 2 0.015253253979608417
seed123_B0-fixed_step18000 22 5 3 0.015228537027724087
seed123_B0-fixed_step18000 22 5 4 0.01531985099427402
seed123_B0-fixed_step18000 22 5 5 0.01527201000135392
seed123_B0-fixed_step18000 22 5 6 0.015247984032612294
seed123_B0-fixed_step18000 22 5 7 0.0152426139684394
seed123_B0-fixed_step18000 22 5 8 0.01523436896968633
seed123_B0-fixed_step18000 22 5 9 0.015217015985399485
seed123_B0-fixed_step18000 22 6 0 0.015211004007142037
seed123_B0-fixed_step18000 22 6 1 0.017960620985832065
seed123_B0-fixed_step18000 22 6 2 0.015624127991031855
seed123_B0-fixed_step18000 22 6 3 0.015231944038532674
seed123_B0-fixed_step18000 22 6 4 0.015248675015754998
seed123_B0-fixed_step18000 22 6 5 0.015235530969221145
seed123_B0-fixed_step18000 22 6 6 0.01524189196061343
seed123_B0-fixed_step18000 22 6 7 0.015831320954021066
seed123_B0-fixed_step18000 22 6 8 0.01581912796245888
seed123_B0-fixed_step18000 22 6 9 0.015220872999634594
seed123_B0-fixed_step18000 22 7 0 0.01523663301486522
seed123_B0-fixed_step18000 22 7 1 0.0152365030371584
seed123_B0-fixed_step18000 22 7 2 0.01528246997622773
seed123_B0-fixed_step18000 22 7 3 0.015562131011392921
seed123_B0-fixed_step18000 22 7 4 0.016061197966337204
seed123_B0-fixed_step18000 22 7 5 0.016561166034080088
seed123_B0-fixed_step18000 22 7 6 0.015600403014104813
seed123_B0-fixed_step18000 22 7 7 0.01530843903310597
seed123_B0-fixed_step18000 22 7 8 0.0154329760116525
seed123_B0-fixed_step18000 22 7 9 0.015505943971220404
seed123_B0-fixed_step18000 22 8 0 0.015465488017071038
seed123_B0-fixed_step18000 22 8 1 0.015242342953570187
seed123_B0-fixed_step18000 22 8 2 0.015253315039444715
seed123_B0-fixed_step18000 22 8 3 0.015519509033765644
seed123_B0-fixed_step18000 22 8 4 0.015245038957800716
seed123_B0-fixed_step18000 22 8 5 0.015654726012144238
seed123_B0-fixed_step18000 22 8 6 0.015529639029409736
seed123_B0-fixed_step18000 22 8 7 0.015648083004634827
seed123_B0-fixed_step18000 22 8 8 0.016732080024667084
seed123_B0-fixed_step18000 22 8 9 0.01568060601130128
seed123_B0-fixed_step18000 22 9 0 0.0152545070159249
seed123_B0-fixed_step18000 22 9 1 0.015235661005135626
seed123_B0-fixed_step18000 22 9 2 0.015260307001881301
seed123_B0-fixed_step18000 22 9 3 0.015382199955638498
seed123_B0-fixed_step18000 22 9 4 0.015232003992423415
seed123_B0-fixed_step18000 22 9 5 0.015590624010656029
seed123_B0-fixed_step18000 22 9 6 0.015793750004377216
seed123_B0-fixed_step18000 22 9 7 0.015246260969433933
seed123_B0-fixed_step18000 22 9 8 0.01568499399581924
seed123_B0-fixed_step18000 22 9 9 0.015261400025337934
seed123_B0-fixed_step18000 24 0 0 0.017205798998475075
seed123_B0-fixed_step18000 24 0 1 0.017172545951325446
seed123_B0-fixed_step18000 24 0 2 0.017023152962792665
seed123_B0-fixed_step18000 24 0 3 0.017023483000230044
seed123_B0-fixed_step18000 24 0 4 0.017003084998577833
seed123_B0-fixed_step18000 24 0 5 0.016997675003949553
seed123_B0-fixed_step18000 24 0 6 0.01701220200629905
seed123_B0-fixed_step18000 24 0 7 0.016986272996291518
seed123_B0-fixed_step18000 24 0 8 0.01691694202600047
seed123_B0-fixed_step18000 24 0 9 0.01656987302703783
seed123_B0-fixed_step18000 24 1 0 0.016760024009272456
seed123_B0-fixed_step18000 24 1 1 0.01698815601412207
seed123_B0-fixed_step18000 24 1 2 0.01691254397155717
seed123_B0-fixed_step18000 24 1 3 0.016910388018004596
seed123_B0-fixed_step18000 24 1 4 0.01701369503280148
seed123_B0-fixed_step18000 24 1 5 0.016988677030894905
seed123_B0-fixed_step18000 24 1 6 0.01699555100640282
seed123_B0-fixed_step18000 24 1 7 0.017031059018336236
seed123_B0-fixed_step18000 24 1 8 0.020220019039697945
seed123_B0-fixed_step18000 24 1 9 0.017461784998886287
seed123_B0-fixed_step18000 24 2 0 0.01820487598888576
seed123_B0-fixed_step18000 24 2 1 0.01701102004153654
seed123_B0-fixed_step18000 24 2 2 0.017625145032070577
seed123_B0-fixed_step18000 24 2 3 0.01705520396353677
seed123_B0-fixed_step18000 24 2 4 0.016988877032417804
seed123_B0-fixed_step18000 24 2 5 0.01753334200475365
seed123_B0-fixed_step18000 24 2 6 0.01734626601682976
seed123_B0-fixed_step18000 24 2 7 0.017245655006263405
seed123_B0-fixed_step18000 24 2 8 0.017329473979771137
seed123_B0-fixed_step18000 24 2 9 0.017426659003831446
seed123_B0-fixed_step18000 24 3 0 0.018647385004442185
seed123_B0-fixed_step18000 24 3 1 0.019541601999662817
seed123_B0-fixed_step18000 24 3 2 0.019015234021935612
seed123_B0-fixed_step18000 24 3 3 0.01807791501050815
seed123_B0-fixed_step18000 24 3 4 0.01796905801165849
seed123_B0-fixed_step18000 24 3 5 0.017380952020175755
seed123_B0-fixed_step18000 24 3 6 0.017147578997537494
seed123_B0-fixed_step18000 24 3 7 0.017021981009747833
seed123_B0-fixed_step18000 24 3 8 0.017139104020316154
seed123_B0-fixed_step18000 24 3 9 0.017566413967870176
seed123_B0-fixed_step18000 24 4 0 0.017036097997333854
seed123_B0-fixed_step18000 24 4 1 0.017031710012815893
seed123_B0-fixed_step18000 24 4 2 0.017044684034772217
seed123_B0-fixed_step18000 24 4 3 0.016995090001728386
seed123_B0-fixed_step18000 24 4 4 0.0170292139519006
seed123_B0-fixed_step18000 24 4 5 0.017014657030813396
seed123_B0-fixed_step18000 24 4 6 0.017363147984724492
seed123_B0-fixed_step18000 24 4 7 0.021360073005780578
seed123_B0-fixed_step18000 24 4 8 0.018398321990389377
seed123_B0-fixed_step18000 24 4 9 0.018702740024309605
seed123_B0-fixed_step18000 24 5 0 0.019364246050827205
seed123_B0-fixed_step18000 24 5 1 0.01751359400805086
seed123_B0-fixed_step18000 24 5 2 0.017495929962024093
seed123_B0-fixed_step18000 24 5 3 0.017396951967384666
seed123_B0-fixed_step18000 24 5 4 0.017401911958586425
seed123_B0-fixed_step18000 24 5 5 0.01741913502337411
seed123_B0-fixed_step18000 24 5 6 0.017263047979213297
seed123_B0-fixed_step18000 24 5 7 0.01723651896463707
seed123_B0-fixed_step18000 24 5 8 0.01728103298228234
seed123_B0-fixed_step18000 24 5 9 0.01742328196996823
seed123_B0-fixed_step18000 24 6 0 0.01726588502060622
seed123_B0-fixed_step18000 24 6 1 0.0172800209838897
seed123_B0-fixed_step18000 24 6 2 0.0178086839732714
seed123_B0-fixed_step18000 24 6 3 0.018424351990688592
seed123_B0-fixed_step18000 24 6 4 0.018434963014442474
seed123_B0-fixed_step18000 24 6 5 0.018685958988498896
seed123_B0-fixed_step18000 24 6 6 0.018853435991331935
seed123_B0-fixed_step18000 24 6 7 0.017811338999308646
seed123_B0-fixed_step18000 24 6 8 0.0176099959644489
seed123_B0-fixed_step18000 24 6 9 0.017373688984662294
seed123_B0-fixed_step18000 24 7 0 0.017286563001107424
seed123_B0-fixed_step18000 24 7 1 0.01726207695901394
seed123_B0-fixed_step18000 24 7 2 0.017967535997740924
seed123_B0-fixed_step18000 24 7 3 0.01716051297262311
seed123_B0-fixed_step18000 24 7 4 0.018457736005075276
seed123_B0-fixed_step18000 24 7 5 0.01874326798133552
seed123_B0-fixed_step18000 24 7 6 0.017852035991381854
seed123_B0-fixed_step18000 24 7 7 0.017505819036159664
seed123_B0-fixed_step18000 24 7 8 0.017350143985822797
seed123_B0-fixed_step18000 24 7 9 0.017264640948269516
seed123_B0-fixed_step18000 24 8 0 0.017379609984345734
seed123_B0-fixed_step18000 24 8 1 0.017329083988443017
seed123_B0-fixed_step18000 24 8 2 0.0170546630397439
seed123_B0-fixed_step18000 24 8 3 0.017323243024293333
seed123_B0-fixed_step18000 24 8 4 0.017288225993979722
seed123_B0-fixed_step18000 24 8 5 0.017113635025452822
seed123_B0-fixed_step18000 24 8 6 0.0174963420140557
seed123_B0-fixed_step18000 24 8 7 0.017451766005251557
seed123_B0-fixed_step18000 24 8 8 0.017456245026551187
seed123_B0-fixed_step18000 24 8 9 0.019976839015726
seed123_B0-fixed_step18000 24 9 0 0.01802704797592014
seed123_B0-fixed_step18000 24 9 1 0.017220407025888562
seed123_B0-fixed_step18000 24 9 2 0.018135674006771296
seed123_B0-fixed_step18000 24 9 3 0.017025628010742366
seed123_B0-fixed_step18000 24 9 4 0.017034443968441337
seed123_B0-fixed_step18000 24 9 5 0.017027050955221057
seed123_B0-fixed_step18000 24 9 6 0.017001994012389332
seed123_B0-fixed_step18000 24 9 7 0.01757138397078961
seed123_B0-fixed_step18000 24 9 8 0.017152338987216353
seed123_B0-fixed_step18000 24 9 9 0.01735446200473234
seed123_B0-fixed_step18000 30 0 0 0.02912004798417911
seed123_B0-fixed_step18000 30 0 1 0.02685740398010239
seed123_B0-fixed_step18000 30 0 2 0.026893673988524824
seed123_B0-fixed_step18000 30 0 3 0.026256483979523182
seed123_B0-fixed_step18000 30 0 4 0.0263764220289886
seed123_B0-fixed_step18000 30 0 5 0.026265672000590712
seed123_B0-fixed_step18000 30 0 6 0.026237969985231757
seed123_B0-fixed_step18000 30 0 7 0.026214925979729742
seed123_B0-fixed_step18000 30 0 8 0.026336656999774277
seed123_B0-fixed_step18000 30 0 9 0.026555390970315784
seed123_B0-fixed_step18000 30 1 0 0.02635633497266099
seed123_B0-fixed_step18000 30 1 1 0.026293104980140924
seed123_B0-fixed_step18000 30 1 2 0.027277691988274455
seed123_B0-fixed_step18000 30 1 3 0.029116211051587015
seed123_B0-fixed_step18000 30 1 4 0.026584537990856916
seed123_B0-fixed_step18000 30 1 5 0.026574438030365855
seed123_B0-fixed_step18000 30 1 6 0.026942486001644284
seed123_B0-fixed_step18000 30 1 7 0.027142987004481256
seed123_B0-fixed_step18000 30 1 8 0.02685596200171858
seed123_B0-fixed_step18000 30 1 9 0.02762936003273353
seed123_B0-fixed_step18000 30 2 0 0.02711806900333613
seed123_B0-fixed_step18000 30 2 1 0.02628393698250875
seed123_B0-fixed_step18000 30 2 2 0.02665636397432536
seed123_B0-fixed_step18000 30 2 3 0.026564699015580118
seed123_B0-fixed_step18000 30 2 4 0.026628330000676215
seed123_B0-fixed_step18000 30 2 5 0.026649891980923712
seed123_B0-fixed_step18000 30 2 6 0.026602081023156643
seed123_B0-fixed_step18000 30 2 7 0.02662389201577753
seed123_B0-fixed_step18000 30 2 8 0.0270565029932186
seed123_B0-fixed_step18000 30 2 9 0.027645000023767352
seed123_B0-fixed_step18000 30 3 0 0.029016231012064964
seed123_B0-fixed_step18000 30 3 1 0.028449857025407255
seed123_B0-fixed_step18000 30 3 2 0.026541435974650085
seed123_B0-fixed_step18000 30 3 3 0.026959648996125907
seed123_B0-fixed_step18000 30 3 4 0.02659436600515619
seed123_B0-fixed_step18000 30 3 5 0.026629152009263635
seed123_B0-fixed_step18000 30 3 6 0.02782256598584354
seed123_B0-fixed_step18000 30 3 7 0.02719073701882735
seed123_B0-fixed_step18000 30 3 8 0.027378263999707997
seed123_B0-fixed_step18000 30 3 9 0.028436571010388434
seed123_B0-fixed_step18000 30 4 0 0.026636024995241314
seed123_B0-fixed_step18000 30 4 1 0.0278872600174509
seed123_B0-fixed_step18000 30 4 2 0.026436526037286967
seed123_B0-fixed_step18000 30 4 3 0.026458338019438088
seed123_B0-fixed_step18000 30 4 4 0.02871621202211827
seed123_B0-fixed_step18000 30 4 5 0.02664160600397736
seed123_B0-fixed_step18000 30 4 6 0.0282949130050838
seed123_B0-fixed_step18000 30 4 7 0.026930143998470157
seed123_B0-fixed_step18000 30 4 8 0.026853527000639588
seed123_B0-fixed_step18000 30 4 9 0.02698706102091819
seed123_B0-fixed_step18000 30 5 0 0.02653517300495878
seed123_B0-fixed_step18000 30 5 1 0.026326929044444114
seed123_B0-fixed_step18000 30 5 2 0.026245434011798352
seed123_B0-fixed_step18000 30 5 3 0.026239021972287446
seed123_B0-fixed_step18000 30 5 4 0.026218532992061228
seed123_B0-fixed_step18000 30 5 5 0.0282072969712317
seed123_B0-fixed_step18000 30 5 6 0.028946399979759008
seed123_B0-fixed_step18000 30 5 7 0.02928313799202442
seed123_B0-fixed_step18000 30 5 8 0.027087821974419057
seed123_B0-fixed_step18000 30 5 9 0.02697485900716856
seed123_B0-fixed_step18000 30 6 0 0.02767580799991265
seed123_B0-fixed_step18000 30 6 1 0.027638697996735573
seed123_B0-fixed_step18000 30 6 2 0.027687199995853007
seed123_B0-fixed_step18000 30 6 3 0.02730415394762531
seed123_B0-fixed_step18000 30 6 4 0.026897591014858335
seed123_B0-fixed_step18000 30 6 5 0.02663201797986403
seed123_B0-fixed_step18000 30 6 6 0.026824553031474352
seed123_B0-fixed_step18000 30 6 7 0.027257976005785167
seed123_B0-fixed_step18000 30 6 8 0.029124968976248056
seed123_B0-fixed_step18000 30 6 9 0.027417628036346287
seed123_B0-fixed_step18000 30 7 0 0.02688226301688701
seed123_B0-fixed_step18000 30 7 1 0.027567533019464463
seed123_B0-fixed_step18000 30 7 2 0.027385477966163307
seed123_B0-fixed_step18000 30 7 3 0.029000440961681306
seed123_B0-fixed_step18000 30 7 4 0.027135664015077055
seed123_B0-fixed_step18000 30 7 5 0.02649861399549991
seed123_B0-fixed_step18000 30 7 6 0.026380881026852876
seed123_B0-fixed_step18000 30 7 7 0.026566733024083078
seed123_B0-fixed_step18000 30 7 8 0.026629062951542437
seed123_B0-fixed_step18000 30 7 9 0.026974075997713953
seed123_B0-fixed_step18000 30 8 0 0.026861423975788057
seed123_B0-fixed_step18000 30 8 1 0.026425505988299847
seed123_B0-fixed_step18000 30 8 2 0.026994595013093203
seed123_B0-fixed_step18000 30 8 3 0.02651414298452437
seed123_B0-fixed_step18000 30 8 4 0.026700898015405983
seed123_B0-fixed_step18000 30 8 5 0.027401337982155383
seed123_B0-fixed_step18000 30 8 6 0.02769071696093306
seed123_B0-fixed_step18000 30 8 7 0.02774076198693365
seed123_B0-fixed_step18000 30 8 8 0.028955385962035507
seed123_B0-fixed_step18000 30 8 9 0.02837777097010985
seed123_B0-fixed_step18000 30 9 0 0.027888632961548865
seed123_B0-fixed_step18000 30 9 1 0.027979494945611805
seed123_B0-fixed_step18000 30 9 2 0.026389528007712215
seed123_B0-fixed_step18000 30 9 3 0.02713152498472482
seed123_B0-fixed_step18000 30 9 4 0.026483224995899945
seed123_B0-fixed_step18000 30 9 5 0.026648428989574313
seed123_B0-fixed_step18000 30 9 6 0.02647156297462061
seed123_B0-fixed_step18000 30 9 7 0.02690408396301791
seed123_B0-fixed_step18000 30 9 8 0.027028329961467534
seed123_B0-fixed_step18000 30 9 9 0.026883325015660375
seed123_B0-fixed_step18000 33 0 0 0.00717726000584662
seed123_B0-fixed_step18000 33 0 1 0.006341522966977209
seed123_B0-fixed_step18000 33 0 2 0.0062528360285796225
seed123_B0-fixed_step18000 33 0 3 0.006265259988140315
seed123_B0-fixed_step18000 33 0 4 0.006240401999093592
seed123_B0-fixed_step18000 33 0 5 0.006217909976840019
seed123_B0-fixed_step18000 33 0 6 0.006227216974366456
seed123_B0-fixed_step18000 33 0 7 0.0062306729960255325
seed123_B0-fixed_step18000 33 0 8 0.006239340000320226
seed123_B0-fixed_step18000 33 0 9 0.006264838972128928
seed123_B0-fixed_step18000 33 1 0 0.0062098230118863285
seed123_B0-fixed_step18000 33 1 1 0.006231726030819118
seed123_B0-fixed_step18000 33 1 2 0.007926039979793131
seed123_B0-fixed_step18000 33 1 3 0.007768703042529523
seed123_B0-fixed_step18000 33 1 4 0.006209702987689525
seed123_B0-fixed_step18000 33 1 5 0.006348686991259456
seed123_B0-fixed_step18000 33 1 6 0.006216166017111391
seed123_B0-fixed_step18000 33 1 7 0.006192872009705752
seed123_B0-fixed_step18000 33 1 8 0.006222777999937534
seed123_B0-fixed_step18000 33 1 9 0.006202941003721207
seed123_B0-fixed_step18000 33 2 0 0.006093133008107543
seed123_B0-fixed_step18000 33 2 1 0.0060970199992880225
seed123_B0-fixed_step18000 33 2 2 0.006054078985471278
seed123_B0-fixed_step18000 33 2 3 0.0060701980255544186
seed123_B0-fixed_step18000 33 2 4 0.006392641051206738
seed123_B0-fixed_step18000 33 2 5 0.006227036996278912
seed123_B0-fixed_step18000 33 2 6 0.00607934599975124
seed123_B0-fixed_step18000 33 2 7 0.0061192919965833426
seed123_B0-fixed_step18000 33 2 8 0.006066280999220908
seed123_B0-fixed_step18000 33 2 9 0.006065590016078204
seed123_B0-fixed_step18000 33 3 0 0.0062075399910099804
seed123_B0-fixed_step18000 33 3 1 0.00622316898079589
seed123_B0-fixed_step18000 33 3 2 0.006216495996341109
seed123_B0-fixed_step18000 33 3 3 0.006231815961655229
seed123_B0-fixed_step18000 33 3 4 0.006248517020139843
seed123_B0-fixed_step18000 33 3 5 0.006265119009185582
seed123_B0-fixed_step18000 33 3 6 0.006237337016500533
seed123_B0-fixed_step18000 33 3 7 0.006277523003518581
seed123_B0-fixed_step18000 33 3 8 0.006223580043297261
seed123_B0-fixed_step18000 33 3 9 0.006237466994207352
seed123_B0-fixed_step18000 33 4 0 0.006252665014471859
seed123_B0-fixed_step18000 33 4 1 0.006239870039280504
seed123_B0-fixed_step18000 33 4 2 0.006257394968997687
seed123_B0-fixed_step18000 33 4 3 0.006237837020307779
seed123_B0-fixed_step18000 33 4 4 0.006237226014491171
seed123_B0-fixed_step18000 33 4 5 0.006233268999494612
seed123_B0-fixed_step18000 33 4 6 0.006223219039384276
seed123_B0-fixed_step18000 33 4 7 0.006213681015651673
seed123_B0-fixed_step18000 33 4 8 0.006222088006325066
seed123_B0-fixed_step18000 33 4 9 0.00622154597658664
seed123_B0-fixed_step18000 33 5 0 0.006226454977877438
seed123_B0-fixed_step18000 33 5 1 0.0062215260113589466
seed123_B0-fixed_step18000 33 5 2 0.0063928909949027
seed123_B0-fixed_step18000 33 5 3 0.006216818001121283
seed123_B0-fixed_step18000 33 5 4 0.006363205029629171
seed123_B0-fixed_step18000 33 5 5 0.006236333982087672
seed123_B0-fixed_step18000 33 5 6 0.006222138006705791
seed123_B0-fixed_step18000 33 5 7 0.006198101968038827
seed123_B0-fixed_step18000 33 5 8 0.006263055023737252
seed123_B0-fixed_step18000 33 5 9 0.00624072301434353
seed123_B0-fixed_step18000 33 6 0 0.0062227179878391325
seed123_B0-fixed_step18000 33 6 1 0.006218680995516479
seed123_B0-fixed_step18000 33 6 2 0.006240190996322781
seed123_B0-fixed_step18000 33 6 3 0.006223500007763505
seed123_B0-fixed_step18000 33 6 4 0.00625972799025476
seed123_B0-fixed_step18000 33 6 5 0.006353166012559086
seed123_B0-fixed_step18000 33 6 6 0.006227928039152175
seed123_B0-fixed_step18000 33 6 7 0.006249910977203399
seed123_B0-fixed_step18000 33 6 8 0.006225033022928983
seed123_B0-fixed_step18000 33 6 9 0.006225563993211836
seed123_B0-fixed_step18000 33 7 0 0.006257985020056367
seed123_B0-fixed_step18000 33 7 1 0.006262402981519699
seed123_B0-fixed_step18000 33 7 2 0.0062365460325963795
seed123_B0-fixed_step18000 33 7 3 0.006263725983444601
seed123_B0-fixed_step18000 33 7 4 0.006257586006540805
seed123_B0-fixed_step18000 33 7 5 0.0062335190013982356
seed123_B0-fixed_step18000 33 7 6 0.006253085972275585
seed123_B0-fixed_step18000 33 7 7 0.006227698002476245
seed123_B0-fixed_step18000 33 7 8 0.00623794796410948
seed123_B0-fixed_step18000 33 7 9 0.006248177029192448
seed123_B0-fixed_step18000 33 8 0 0.006059709005057812
seed123_B0-fixed_step18000 33 8 1 0.006054979981854558
seed123_B0-fixed_step18000 33 8 2 0.0060459430096670985
seed123_B0-fixed_step18000 33 8 3 0.006072484015021473
seed123_B0-fixed_step18000 33 8 4 0.006197891023475677
seed123_B0-fixed_step18000 33 8 5 0.0061072600074112415
seed123_B0-fixed_step18000 33 8 6 0.006041153974365443
seed123_B0-fixed_step18000 33 8 7 0.0060418249922804534
seed123_B0-fixed_step18000 33 8 8 0.006079105020035058
seed123_B0-fixed_step18000 33 8 9 0.006076972000300884
seed123_B0-fixed_step18000 33 9 0 0.0062523449887521565
seed123_B0-fixed_step18000 33 9 1 0.006203491997439414
seed123_B0-fixed_step18000 33 9 2 0.006213540968019515
seed123_B0-fixed_step18000 33 9 3 0.006237786961719394
seed123_B0-fixed_step18000 33 9 4 0.00623491097940132
seed123_B0-fixed_step18000 33 9 5 0.006219994043931365
seed123_B0-fixed_step18000 33 9 6 0.006596188002731651
seed123_B0-fixed_step18000 33 9 7 0.008678720041643828
seed123_B0-fixed_step18000 33 9 8 0.0073083890019916
seed123_B0-fixed_step18000 33 9 9 0.006244249001611024
seed123_B0-fixed_step18000 36 0 0 0.006653746997471899
seed123_B0-fixed_step18000 36 0 1 0.0067488670465536416
seed123_B0-fixed_step18000 36 0 2 0.006748607032932341
seed123_B0-fixed_step18000 36 0 3 0.006596266990527511
seed123_B0-fixed_step18000 36 0 4 0.006654458004049957
seed123_B0-fixed_step18000 36 0 5 0.006629360024817288
seed123_B0-fixed_step18000 36 0 6 0.006598460953682661
seed123_B0-fixed_step18000 36 0 7 0.006627887021750212
seed123_B0-fixed_step18000 36 0 8 0.006613520032260567
seed123_B0-fixed_step18000 36 0 9 0.006641863030381501
seed123_B0-fixed_step18000 36 1 0 0.006664257030934095
seed123_B0-fixed_step18000 36 1 1 0.0066086999722756445
seed123_B0-fixed_step18000 36 1 2 0.00663930899463594
seed123_B0-fixed_step18000 36 1 3 0.006640300969593227
seed123_B0-fixed_step18000 36 1 4 0.006621073989663273
seed123_B0-fixed_step18000 36 1 5 0.006600685999728739
seed123_B0-fixed_step18000 36 1 6 0.006619532010518014
seed123_B0-fixed_step18000 36 1 7 0.006615503982175142
seed123_B0-fixed_step18000 36 1 8 0.00663781602634117
seed123_B0-fixed_step18000 36 1 9 0.006676529999822378
seed123_B0-fixed_step18000 36 2 0 0.0066189009812660515
seed123_B0-fixed_step18000 36 2 1 0.0066195710096508265
seed123_B0-fixed_step18000 36 2 2 0.006620012980420142
seed123_B0-fixed_step18000 36 2 3 0.006609581992961466
seed123_B0-fixed_step18000 36 2 4 0.006600013992283493
seed123_B0-fixed_step18000 36 2 5 0.006579796958249062
seed123_B0-fixed_step18000 36 2 6 0.006619291030801833
seed123_B0-fixed_step18000 36 2 7 0.006583171954844147
seed123_B0-fixed_step18000 36 2 8 0.0067214349983260036
seed123_B0-fixed_step18000 36 2 9 0.006622016022447497
seed123_B0-fixed_step18000 36 3 0 0.006608941999729723
seed123_B0-fixed_step18000 36 3 1 0.0065844940254464746
seed123_B0-fixed_step18000 36 3 2 0.006613178993575275
seed123_B0-fixed_step18000 36 3 3 0.006577562016900629
seed123_B0-fixed_step18000 36 3 4 0.006599212996661663
seed123_B0-fixed_step18000 36 3 5 0.0065972289885394275
seed123_B0-fixed_step18000 36 3 6 0.006598000996746123
seed123_B0-fixed_step18000 36 3 7 0.006600575987249613
seed123_B0-fixed_step18000 36 3 8 0.006781689007766545
seed123_B0-fixed_step18000 36 3 9 0.0065945039968937635
seed123_B0-fixed_step18000 36 4 0 0.006771841028239578
seed123_B0-fixed_step18000 36 4 1 0.006761159980669618
seed123_B0-fixed_step18000 36 4 2 0.006751162000000477
seed123_B0-fixed_step18000 36 4 3 0.006729379994794726
seed123_B0-fixed_step18000 36 4 4 0.006738928030245006
seed123_B0-fixed_step18000 36 4 5 0.006762363016605377
seed123_B0-fixed_step18000 36 4 6 0.0067565920180641115
seed123_B0-fixed_step18000 36 4 7 0.006749598018359393
seed123_B0-fixed_step18000 36 4 8 0.006768453982658684
seed123_B0-fixed_step18000 36 4 9 0.009120978007558733
seed123_B0-fixed_step18000 36 5 0 0.008844193012919277
seed123_B0-fixed_step18000 36 5 1 0.006612258031964302
seed123_B0-fixed_step18000 36 5 2 0.006840710004325956
seed123_B0-fixed_step18000 36 5 3 0.14618769194930792
seed123_B0-fixed_step18000 36 5 4 0.007026462990324944
seed123_B0-fixed_step18000 36 5 5 0.006569777033291757
seed123_B0-fixed_step18000 36 5 6 0.0066141909919679165
seed123_B0-fixed_step18000 36 5 7 0.006555550964549184
seed123_B0-fixed_step18000 36 5 8 0.006777731992769986
seed123_B0-fixed_step18000 36 5 9 0.006603371002711356
seed123_B0-fixed_step18000 36 6 0 0.006867852993309498
seed123_B0-fixed_step18000 36 6 1 0.006924470013473183
seed123_B0-fixed_step18000 36 6 2 0.0068998439819552004
seed123_B0-fixed_step18000 36 6 3 0.006809812970459461
seed123_B0-fixed_step18000 36 6 4 0.006796767993364483
seed123_B0-fixed_step18000 36 6 5 0.006797590001951903
seed123_B0-fixed_step18000 36 6 6 0.006784154043998569
seed123_B0-fixed_step18000 36 6 7 0.0068032199633307755
seed123_B0-fixed_step18000 36 6 8 0.006873102975077927
seed123_B0-fixed_step18000 36 6 9 0.006772071006707847
seed123_B0-fixed_step18000 36 7 0 0.00684332603123039
seed123_B0-fixed_step18000 36 7 1 0.006854055973235518
seed123_B0-fixed_step18000 36 7 2 0.006795043998863548
seed123_B0-fixed_step18000 36 7 3 0.006789523991756141
seed123_B0-fixed_step18000 36 7 4 0.006794764020014554
seed123_B0-fixed_step18000 36 7 5 0.006803721014875919
seed123_B0-fixed_step18000 36 7 6 0.006803720956668258
seed123_B0-fixed_step18000 36 7 7 0.00679242896148935
seed123_B0-fixed_step18000 36 7 8 0.006793733045924455
seed123_B0-fixed_step18000 36 7 9 0.006804662989452481
seed123_B0-fixed_step18000 36 8 0 0.00668724998831749
seed123_B0-fixed_step18000 36 8 1 0.006546984019223601
seed123_B0-fixed_step18000 36 8 2 0.006586528033949435
seed123_B0-fixed_step18000 36 8 3 0.006568906013853848
seed123_B0-fixed_step18000 36 8 4 0.00662432104581967
seed123_B0-fixed_step18000 36 8 5 0.006569778022821993
seed123_B0-fixed_step18000 36 8 6 0.006718308955896646
seed123_B0-fixed_step18000 36 8 7 0.006704643019475043
seed123_B0-fixed_step18000 36 8 8 0.0065621830290183425
seed123_B0-fixed_step18000 36 8 9 0.006574835977517068
seed123_B0-fixed_step18000 36 9 0 0.006774174980819225
seed123_B0-fixed_step18000 36 9 1 0.006525953998789191
seed123_B0-fixed_step18000 36 9 2 0.0065883719944395125
seed123_B0-fixed_step18000 36 9 3 0.006567443022504449
seed123_B0-fixed_step18000 36 9 4 0.00661363999824971
seed123_B0-fixed_step18000 36 9 5 0.006674495991319418
seed123_B0-fixed_step18000 36 9 6 0.006582780973985791
seed123_B0-fixed_step18000 36 9 7 0.006565479037817568
seed123_B0-fixed_step18000 36 9 8 0.006586379022337496
seed123_B0-fixed_step18000 36 9 9 0.00669726898195222
seed123_B0-fixed_step18000 40 0 0 0.004114879004191607
seed123_B0-fixed_step18000 40 0 1 0.0038710760418325663
seed123_B0-fixed_step18000 40 0 2 0.004027503018733114
seed123_B0-fixed_step18000 40 0 3 0.0038896509795449674
seed123_B0-fixed_step18000 40 0 4 0.0038994289934635162
seed123_B0-fixed_step18000 40 0 5 0.003881446027662605
seed123_B0-fixed_step18000 40 0 6 0.003875014022924006
seed123_B0-fixed_step18000 40 0 7 0.003871938039083034
seed123_B0-fixed_step18000 40 0 8 0.0038752640248276293
seed123_B0-fixed_step18000 40 0 9 0.0038717270363122225
seed123_B0-fixed_step18000 40 1 0 0.003990663040895015
seed123_B0-fixed_step18000 40 1 1 0.00400868704309687
seed123_B0-fixed_step18000 40 1 2 0.004004739981610328
seed123_B0-fixed_step18000 40 1 3 0.0039858740055933595
seed123_B0-fixed_step18000 40 1 4 0.0040033269906416535
seed123_B0-fixed_step18000 40 1 5 0.003993187972810119
seed123_B0-fixed_step18000 40 1 6 0.0040010130032896996
seed123_B0-fixed_step18000 40 1 7 0.004019708023406565
seed123_B0-fixed_step18000 40 1 8 0.004012543999124318
seed123_B0-fixed_step18000 40 1 9 0.004009508003946394
seed123_B0-fixed_step18000 40 2 0 0.004786591976881027
seed123_B0-fixed_step18000 40 2 1 0.005504175031092018
seed123_B0-fixed_step18000 40 2 2 0.005367927020415664
seed123_B0-fixed_step18000 40 2 3 0.004104429041035473
seed123_B0-fixed_step18000 40 2 4 0.0038867660332471132
seed123_B0-fixed_step18000 40 2 5 0.0038670480134896934
seed123_B0-fixed_step18000 40 2 6 0.00387171603506431
seed123_B0-fixed_step18000 40 2 7 0.0040502159972675145
seed123_B0-fixed_step18000 40 2 8 0.003879992989823222
seed123_B0-fixed_step18000 40 2 9 0.0038855529855936766
seed123_B0-fixed_step18000 40 3 0 0.003904018027242273
seed123_B0-fixed_step18000 40 3 1 0.0039105109754018486
seed123_B0-fixed_step18000 40 3 2 0.0039005320286378264
seed123_B0-fixed_step18000 40 3 3 0.0038967140135355294
seed123_B0-fixed_step18000 40 3 4 0.0038732909597456455
seed123_B0-fixed_step18000 40 3 5 0.0043983059586025774
seed123_B0-fixed_step18000 40 3 6 0.005436927021946758
seed123_B0-fixed_step18000 40 3 7 0.003976695996243507
seed123_B0-fixed_step18000 40 3 8 0.003951618971768767
seed123_B0-fixed_step18000 40 3 9 0.003914307977538556
seed123_B0-fixed_step18000 40 4 0 0.004034556041005999
seed123_B0-fixed_step18000 40 4 1 0.004163341014645994
seed123_B0-fixed_step18000 40 4 2 0.004058160993736237
seed123_B0-fixed_step18000 40 4 3 0.004036389000248164
seed123_B0-fixed_step18000 40 4 4 0.004045227018650621
seed123_B0-fixed_step18000 40 4 5 0.004061997984535992
seed123_B0-fixed_step18000 40 4 6 0.004060706007294357
seed123_B0-fixed_step18000 40 4 7 0.004039134015329182
seed123_B0-fixed_step18000 40 4 8 0.004024736990686506
seed123_B0-fixed_step18000 40 4 9 0.004014878999441862
seed123_B0-fixed_step18000 40 5 0 0.003934757027309388
seed123_B0-fixed_step18000 40 5 1 0.003917384019587189
seed123_B0-fixed_step18000 40 5 2 0.003937711997423321
seed123_B0-fixed_step18000 40 5 3 0.003936450986657292
seed123_B0-fixed_step18000 40 5 4 0.003889781015459448
seed123_B0-fixed_step18000 40 5 5 0.003905070014297962
seed123_B0-fixed_step18000 40 5 6 0.003894410969223827
seed123_B0-fixed_step18000 40 5 7 0.003911503008566797
seed123_B0-fixed_step18000 40 5 8 0.003910419996827841
seed123_B0-fixed_step18000 40 5 9 0.0038959229714237154
seed123_B0-fixed_step18000 40 6 0 0.004015409969724715
seed123_B0-fixed_step18000 40 6 1 0.004005349997896701
seed123_B0-fixed_step18000 40 6 2 0.004019548010546714
seed123_B0-fixed_step18000 40 6 3 0.0040252190083265305
seed123_B0-fixed_step18000 40 6 4 0.004018515988718718
seed123_B0-fixed_step18000 40 6 5 0.004014517995528877
seed123_B0-fixed_step18000 40 6 6 0.004282897978555411
seed123_B0-fixed_step18000 40 6 7 0.004045487032271922
seed123_B0-fixed_step18000 40 6 8 0.004038312006741762
seed123_B0-fixed_step18000 40 6 9 0.004053493030369282
seed123_B0-fixed_step18000 40 7 0 0.00396777899004519
seed123_B0-fixed_step18000 40 7 1 0.003967177995946258
seed123_B0-fixed_step18000 40 7 2 0.004018346022348851
seed123_B0-fixed_step18000 40 7 3 0.0039856829680502415
seed123_B0-fixed_step18000 40 7 4 0.003934195032343268
seed123_B0-fixed_step18000 40 7 5 0.003950236015953124
seed123_B0-fixed_step18000 40 7 6 0.00396267999894917
seed123_B0-fixed_step18000 40 7 7 0.003977607993874699
seed123_B0-fixed_step18000 40 7 8 0.004784359014593065
seed123_B0-fixed_step18000 40 7 9 0.003947471035644412
seed123_B0-fixed_step18000 40 8 0 0.0038947099819779396
seed123_B0-fixed_step18000 40 8 1 0.003927092009689659
seed123_B0-fixed_step18000 40 8 2 0.003922554024029523
seed123_B0-fixed_step18000 40 8 3 0.003907754959072918
seed123_B0-fixed_step18000 40 8 4 0.0038763670017942786
seed123_B0-fixed_step18000 40 8 5 0.0038859039777889848
seed123_B0-fixed_step18000 40 8 6 0.0038896710029803216
seed123_B0-fixed_step18000 40 8 7 0.0038839299813844264
seed123_B0-fixed_step18000 40 8 8 0.003909508988726884
seed123_B0-fixed_step18000 40 8 9 0.00391283497447148
seed123_B0-fixed_step18000 40 9 0 0.003955505962949246
seed123_B0-fixed_step18000 40 9 1 0.0038967140135355294
seed123_B0-fixed_step18000 40 9 2 0.003923656011465937
seed123_B0-fixed_step18000 40 9 3 0.003901101998053491
seed123_B0-fixed_step18000 40 9 4 0.003895533038303256
seed123_B0-fixed_step18000 40 9 5 0.00392946699867025
seed123_B0-fixed_step18000 40 9 6 0.0039764660177752376
seed123_B0-fixed_step18000 40 9 7 0.0038833889993838966
seed123_B0-fixed_step18000 40 9 8 0.0038866159738972783
seed123_B0-fixed_step18000 40 9 9 0.003883940982632339
seed123_B0-fixed_step18000 47 0 0 0.06523740803822875
seed123_B0-fixed_step18000 47 0 1 0.06167593999998644
seed123_B0-fixed_step18000 47 0 2 0.06268650700803846
seed123_B0-fixed_step18000 47 0 3 0.0653267179732211
seed123_B0-fixed_step18000 47 0 4 0.06320861901622266
seed123_B0-fixed_step18000 47 0 5 0.06332538899732754
seed123_B0-fixed_step18000 47 0 6 0.06223835697164759
seed123_B0-fixed_step18000 47 0 7 0.0634088980150409
seed123_B0-fixed_step18000 47 0 8 0.061792040010914207
seed123_B0-fixed_step18000 47 0 9 0.06114606402115896
seed123_B0-fixed_step18000 47 1 0 0.06204247596906498
seed123_B0-fixed_step18000 47 1 1 0.06049878697376698
seed123_B0-fixed_step18000 47 1 2 0.06255463801790029
seed123_B0-fixed_step18000 47 1 3 0.06303719303105026
seed123_B0-fixed_step18000 47 1 4 0.061514404020272195
seed123_B0-fixed_step18000 47 1 5 0.06321377796120942
seed123_B0-fixed_step18000 47 1 6 0.06186448800144717
seed123_B0-fixed_step18000 47 1 7 0.06277522601885721
seed123_B0-fixed_step18000 47 1 8 0.06393040798138827
seed123_B0-fixed_step18000 47 1 9 0.06161002500448376
seed123_B0-fixed_step18000 47 2 0 0.061001911002676934
seed123_B0-fixed_step18000 47 2 1 0.06187270401278511
seed123_B0-fixed_step18000 47 2 2 0.06242122402181849
seed123_B0-fixed_step18000 47 2 3 0.060903513978701085
seed123_B0-fixed_step18000 47 2 4 0.06322940898826346
seed123_B0-fixed_step18000 47 2 5 0.061961441999301314
seed123_B0-fixed_step18000 47 2 6 0.06349249702179804
seed123_B0-fixed_step18000 47 2 7 0.06320502201560885
seed123_B0-fixed_step18000 47 2 8 0.06360672501614317
seed123_B0-fixed_step18000 47 2 9 0.06257094902684912
seed123_B0-fixed_step18000 47 3 0 0.06331610295455903
seed123_B0-fixed_step18000 47 3 1 0.061686060042120516
seed123_B0-fixed_step18000 47 3 2 0.060910467989742756
seed123_B0-fixed_step18000 47 3 3 0.06270168704213575
seed123_B0-fixed_step18000 47 3 4 0.06310319900512695
seed123_B0-fixed_step18000 47 3 5 0.062213551020249724
seed123_B0-fixed_step18000 47 3 6 0.06095779803581536
seed123_B0-fixed_step18000 47 3 7 0.061392752977553755
seed123_B0-fixed_step18000 47 3 8 0.061641676002182066
seed123_B0-fixed_step18000 47 3 9 0.06191644701175392
seed123_B0-fixed_step18000 47 4 0 0.0613793779630214
seed123_B0-fixed_step18000 47 4 1 0.061617641011253
seed123_B0-fixed_step18000 47 4 2 0.06123251997632906
seed123_B0-fixed_step18000 47 4 3 0.06151922402204946
seed123_B0-fixed_step18000 47 4 4 0.06305879499996081
seed123_B0-fixed_step18000 47 4 5 0.061093255993910134
seed123_B0-fixed_step18000 47 4 6 0.060743100999388844
seed123_B0-fixed_step18000 47 4 7 0.06090836500516161
seed123_B0-fixed_step18000 47 4 8 0.059516843990422785
seed123_B0-fixed_step18000 47 4 9 0.0613792979856953
seed123_B0-fixed_step18000 47 5 0 0.061311589961405843
seed123_B0-fixed_step18000 47 5 1 0.06018811801914126
seed123_B0-fixed_step18000 47 5 2 0.060313855996355414
seed123_B0-fixed_step18000 47 5 3 0.060195091005880386
seed123_B0-fixed_step18000 47 5 4 0.06148169300286099
seed123_B0-fixed_step18000 47 5 5 0.06280945200705901
seed123_B0-fixed_step18000 47 5 6 0.06153539498336613
seed123_B0-fixed_step18000 47 5 7 0.06411641399608925
seed123_B0-fixed_step18000 47 5 8 0.06075188802788034
seed123_B0-fixed_step18000 47 5 9 0.06053447496378794
seed123_B0-fixed_step18000 47 6 0 0.0621035440126434
seed123_B0-fixed_step18000 47 6 1 0.06044349301373586
seed123_B0-fixed_step18000 47 6 2 0.06114891200559214
seed123_B0-fixed_step18000 47 6 3 0.06185491196811199
seed123_B0-fixed_step18000 47 6 4 0.06092039798386395
seed123_B0-fixed_step18000 47 6 5 0.06668925500707701
seed123_B0-fixed_step18000 47 6 6 0.061938090017065406
seed123_B0-fixed_step18000 47 6 7 0.061455442977603525
seed123_B0-fixed_step18000 47 6 8 0.062003312981687486
seed123_B0-fixed_step18000 47 6 9 0.06104582600528374
seed123_B0-fixed_step18000 47 7 0 0.0609691699501127
seed123_B0-fixed_step18000 47 7 1 0.06204237701604143
seed123_B0-fixed_step18000 47 7 2 0.06270051700994372
seed123_B0-fixed_step18000 47 7 3 0.062081182026304305
seed123_B0-fixed_step18000 47 7 4 0.060899408999830484
seed123_B0-fixed_step18000 47 7 5 0.06304912804625928
seed123_B0-fixed_step18000 47 7 6 0.06230877398047596
seed123_B0-fixed_step18000 47 7 7 0.06153482501395047
seed123_B0-fixed_step18000 47 7 8 0.06126593297813088
seed123_B0-fixed_step18000 47 7 9 0.06082670099567622
seed123_B0-fixed_step18000 47 8 0 0.0627566339680925
seed123_B0-fixed_step18000 47 8 1 0.06161492597311735
seed123_B0-fixed_step18000 47 8 2 0.06054403499001637
seed123_B0-fixed_step18000 47 8 3 0.0611006899853237
seed123_B0-fixed_step18000 47 8 4 0.06073924503289163
seed123_B0-fixed_step18000 47 8 5 0.06097199703799561
seed123_B0-fixed_step18000 47 8 6 0.060698067012708634
seed123_B0-fixed_step18000 47 8 7 0.06055361300241202
seed123_B0-fixed_step18000 47 8 8 0.06213233998278156
seed123_B0-fixed_step18000 47 8 9 0.060004792001564056
seed123_B0-fixed_step18000 47 9 0 0.061001163034234196
seed123_B0-fixed_step18000 47 9 1 0.0608107719453983
seed123_B0-fixed_step18000 47 9 2 0.06054887402569875
seed123_B0-fixed_step18000 47 9 3 0.06165543501265347
seed123_B0-fixed_step18000 47 9 4 0.06173117703292519
seed123_B0-fixed_step18000 47 9 5 0.06282157800160348
seed123_B0-fixed_step18000 47 9 6 0.06270668900106102
seed123_B0-fixed_step18000 47 9 7 0.06010909000178799
seed123_B0-fixed_step18000 47 9 8 0.06079188495641574
seed123_B0-fixed_step18000 47 9 9 0.06004461698466912
seed123_B0-fixed_step18000 51 0 0 0.02493236499140039
seed123_B0-fixed_step18000 51 0 1 0.022514374984893948
seed123_B0-fixed_step18000 51 0 2 0.022472075012046844
seed123_B0-fixed_step18000 51 0 3 0.022837758995592594
seed123_B0-fixed_step18000 51 0 4 0.022831287002190948
seed123_B0-fixed_step18000 51 0 5 0.022497714962810278
seed123_B0-fixed_step18000 51 0 6 0.02248554996913299
seed123_B0-fixed_step18000 51 0 7 0.022464520996436477
seed123_B0-fixed_step18000 51 0 8 0.022474279976449907
seed123_B0-fixed_step18000 51 0 9 0.022464191017206758
seed123_B0-fixed_step18000 51 1 0 0.022462016029749066
seed123_B0-fixed_step18000 51 1 1 0.02246374002425
seed123_B0-fixed_step18000 51 1 2 0.022439894964918494
seed123_B0-fixed_step18000 51 1 3 0.02241678099380806
seed123_B0-fixed_step18000 51 1 4 0.023484306992031634
seed123_B0-fixed_step18000 51 1 5 0.023304747010115534
seed123_B0-fixed_step18000 51 1 6 0.024398190958891064
seed123_B0-fixed_step18000 51 1 7 0.023082364990841597
seed123_B0-fixed_step18000 51 1 8 0.022218334022909403
seed123_B0-fixed_step18000 51 1 9 0.022178247978445143
seed123_B0-fixed_step18000 51 2 0 0.02221957698930055
seed123_B0-fixed_step18000 51 2 1 0.022689338016789407
seed123_B0-fixed_step18000 51 2 2 0.022540475998539478
seed123_B0-fixed_step18000 51 2 3 0.022539824014529586
seed123_B0-fixed_step18000 51 2 4 0.02284916100325063
seed123_B0-fixed_step18000 51 2 5 0.022933882020879537
seed123_B0-fixed_step18000 51 2 6 0.022515146993100643
seed123_B0-fixed_step18000 51 2 7 0.02343490201747045
seed123_B0-fixed_step18000 51 2 8 0.02429214003495872
seed123_B0-fixed_step18000 51 2 9 0.023327219008933753
seed123_B0-fixed_step18000 51 3 0 0.023861611960455775
seed123_B0-fixed_step18000 51 3 1 0.022820356010925025
seed123_B0-fixed_step18000 51 3 2 0.02307437901617959
seed123_B0-fixed_step18000 51 3 3 0.022933340980671346
seed123_B0-fixed_step18000 51 3 4 0.025602175970561802
seed123_B0-fixed_step18000 51 3 5 0.023480298987124115
seed123_B0-fixed_step18000 51 3 6 0.023805074975825846
seed123_B0-fixed_step18000 51 3 7 0.022665724041871727
seed123_B0-fixed_step18000 51 3 8 0.02278333599679172
seed123_B0-fixed_step18000 51 3 9 0.022168800001963973
seed123_B0-fixed_step18000 51 4 0 0.022493286000099033
seed123_B0-fixed_step18000 51 4 1 0.022850614972412586
seed123_B0-fixed_step18000 51 4 2 0.022468849027063698
seed123_B0-fixed_step18000 51 4 3 0.023127860040403903
seed123_B0-fixed_step18000 51 4 4 0.022982864000368863
seed123_B0-fixed_step18000 51 4 5 0.022513154020998627
seed123_B0-fixed_step18000 51 4 6 0.022611118969507515
seed123_B0-fixed_step18000 51 4 7 0.022486091998871416
seed123_B0-fixed_step18000 51 4 8 0.022227681998629123
seed123_B0-fixed_step18000 51 4 9 0.022204617969691753
seed123_B0-fixed_step18000 51 5 0 0.02222225203877315
seed123_B0-fixed_step18000 51 5 1 0.0225168609758839
seed123_B0-fixed_step18000 51 5 2 0.02225367201026529
seed123_B0-fixed_step18000 51 5 3 0.02219833596609533
seed123_B0-fixed_step18000 51 5 4 0.022178448969498277
seed123_B0-fixed_step18000 51 5 5 0.022202094027306885
seed123_B0-fixed_step18000 51 5 6 0.022176044003572315
seed123_B0-fixed_step18000 51 5 7 0.022248712019063532
seed123_B0-fixed_step18000 51 5 8 0.022882885008584708
seed123_B0-fixed_step18000 51 5 9 0.023779326991643757
seed123_B0-fixed_step18000 51 6 0 0.02451521303737536
seed123_B0-fixed_step18000 51 6 1 0.02356971800327301
seed123_B0-fixed_step18000 51 6 2 0.02254826104035601
seed123_B0-fixed_step18000 51 6 3 0.022309217019937932
seed123_B0-fixed_step18000 51 6 4 0.022489388997200876
seed123_B0-fixed_step18000 51 6 5 0.022462719003669918
seed123_B0-fixed_step18000 51 6 6 0.02245070500066504
seed123_B0-fixed_step18000 51 6 7 0.022428935044445097
seed123_B0-fixed_step18000 51 6 8 0.0224796500406228
seed123_B0-fixed_step18000 51 6 9 0.022514557000249624
seed123_B0-fixed_step18000 51 7 0 0.022846857027616352
seed123_B0-fixed_step18000 51 7 1 0.023408422013744712
seed123_B0-fixed_step18000 51 7 2 0.023046747024636716
seed123_B0-fixed_step18000 51 7 3 0.022878347022924572
seed123_B0-fixed_step18000 51 7 4 0.022327721992041916
seed123_B0-fixed_step18000 51 7 5 0.022381693997886032
seed123_B0-fixed_step18000 51 7 6 0.025460156030021608
seed123_B0-fixed_step18000 51 7 7 0.022843060025479645
seed123_B0-fixed_step18000 51 7 8 0.024407638993579894
seed123_B0-fixed_step18000 51 7 9 0.02316978998715058
seed123_B0-fixed_step18000 51 8 0 0.02242696995381266
seed123_B0-fixed_step18000 51 8 1 0.023153037996962667
seed123_B0-fixed_step18000 51 8 2 0.022899297007825226
seed123_B0-fixed_step18000 51 8 3 0.02245575503911823
seed123_B0-fixed_step18000 51 8 4 0.022507753979880363
seed123_B0-fixed_step18000 51 8 5 0.022350694984197617
seed123_B0-fixed_step18000 51 8 6 0.022299318050500005
seed123_B0-fixed_step18000 51 8 7 0.023007381008937955
seed123_B0-fixed_step18000 51 8 8 0.022983025992289186
seed123_B0-fixed_step18000 51 8 9 0.022791012015659362
seed123_B0-fixed_step18000 51 9 0 0.022934933949727565
seed123_B0-fixed_step18000 51 9 1 0.0233328600297682
seed123_B0-fixed_step18000 51 9 2 0.024578453041613102
seed123_B0-fixed_step18000 51 9 3 0.02283216902287677
seed123_B0-fixed_step18000 51 9 4 0.023389155976474285
seed123_B0-fixed_step18000 51 9 5 0.023861572961322963
seed123_B0-fixed_step18000 51 9 6 0.02319440699648112
seed123_B0-fixed_step18000 51 9 7 0.023188554972875863
seed123_B0-fixed_step18000 51 9 8 0.022555383970029652
seed123_B0-fixed_step18000 51 9 9 0.02250268403440714
seed123_B0-fixed_step18000 52 0 0 0.7748060399899259
seed123_B0-fixed_step18000 52 0 1 0.7956640990450978
seed123_B0-fixed_step18000 52 0 2 0.7749130239826627
seed123_B0-fixed_step18000 52 0 3 0.7711644049850293
seed123_B0-fixed_step18000 52 0 4 0.7763923220336437
seed123_B0-fixed_step18000 52 0 5 0.7595661269733682
seed123_B0-fixed_step18000 52 0 6 0.7508396409684792
seed123_B0-fixed_step18000 52 0 7 0.7544226150494069
seed123_B0-fixed_step18000 52 0 8 0.7554876110516489
seed123_B0-fixed_step18000 52 0 9 0.7601709570153616
seed123_B0-fixed_step18000 52 1 0 0.7770311090280302
seed123_B0-fixed_step18000 52 1 1 0.7611286839819513
seed123_B0-fixed_step18000 52 1 2 0.7721565979882143
seed123_B0-fixed_step18000 52 1 3 0.7665380009566434
seed123_B0-fixed_step18000 52 1 4 0.7615521540283225
seed123_B0-fixed_step18000 52 1 5 0.7815264569944702
seed123_B0-fixed_step18000 52 1 6 0.7626478339661844
seed123_B0-fixed_step18000 52 1 7 0.7608241089619696
seed123_B0-fixed_step18000 52 1 8 0.7619178910390474
seed123_B0-fixed_step18000 52 1 9 0.7648985729902051
seed123_B0-fixed_step18000 52 2 0 0.7545672400156036
seed123_B0-fixed_step18000 52 2 1 0.763785058981739
seed123_B0-fixed_step18000 52 2 2 0.7862958490150049
seed123_B0-fixed_step18000 52 2 3 0.7782909619854763
seed123_B0-fixed_step18000 52 2 4 0.7794857129920274
seed123_B0-fixed_step18000 52 2 5 0.7792398129822686
seed123_B0-fixed_step18000 52 2 6 0.7798517000046559
seed123_B0-fixed_step18000 52 2 7 0.7764242310076952
seed123_B0-fixed_step18000 52 2 8 0.7687730339821428
seed123_B0-fixed_step18000 52 2 9 0.8107663000118919
seed123_B0-fixed_step18000 52 3 0 0.7712044999934733
seed123_B0-fixed_step18000 52 3 1 0.7717519750003703
seed123_B0-fixed_step18000 52 3 2 0.7622439740225673
seed123_B0-fixed_step18000 52 3 3 0.7707466669962741
seed123_B0-fixed_step18000 52 3 4 0.7917644230183214
seed123_B0-fixed_step18000 52 3 5 0.7709170610178262
seed123_B0-fixed_step18000 52 3 6 0.7594154269900173
seed123_B0-fixed_step18000 52 3 7 0.7579605900100432
seed123_B0-fixed_step18000 52 3 8 0.7649961889837869
seed123_B0-fixed_step18000 52 3 9 0.8084447510191239
seed123_B0-fixed_step18000 52 4 0 0.7954499830375426
seed123_B0-fixed_step18000 52 4 1 0.7852452500374056
seed123_B0-fixed_step18000 52 4 2 0.7599104580003768
seed123_B0-fixed_step18000 52 4 3 0.7860860250075348
seed123_B0-fixed_step18000 52 4 4 0.7535563780111261
seed123_B0-fixed_step18000 52 4 5 0.7701680340105668
seed123_B0-fixed_step18000 52 4 6 0.7657034139847383
seed123_B0-fixed_step18000 52 4 7 0.7806284269900061
seed123_B0-fixed_step18000 52 4 8 0.7742216230253689
seed123_B0-fixed_step18000 52 4 9 0.7719629610073753
seed123_B0-fixed_step18000 52 5 0 0.7748445159522817
seed123_B0-fixed_step18000 52 5 1 0.7786997379735112
seed123_B0-fixed_step18000 52 5 2 0.7868294750223868
seed123_B0-fixed_step18000 52 5 3 0.7933913160231896
seed123_B0-fixed_step18000 52 5 4 0.7814327430096455
seed123_B0-fixed_step18000 52 5 5 0.7846230829600245
seed123_B0-fixed_step18000 52 5 6 0.7659304870176129
seed123_B0-fixed_step18000 52 5 7 0.7700661920243874
seed123_B0-fixed_step18000 52 5 8 0.7641139100305736
seed123_B0-fixed_step18000 52 5 9 0.788129419030156
seed123_B0-fixed_step18000 52 6 0 0.785702497989405
seed123_B0-fixed_step18000 52 6 1 0.7898034779937007
seed123_B0-fixed_step18000 52 6 2 0.7708191680139862
seed123_B0-fixed_step18000 52 6 3 0.7637193069676869
seed123_B0-fixed_step18000 52 6 4 0.7649572010268457
seed123_B0-fixed_step18000 52 6 5 0.7590036949841306
seed123_B0-fixed_step18000 52 6 6 0.7619497629930265
seed123_B0-fixed_step18000 52 6 7 0.7665395200019702
seed123_B0-fixed_step18000 52 6 8 0.7636957269860432
seed123_B0-fixed_step18000 52 6 9 0.7735401879763231
seed123_B0-fixed_step18000 52 7 0 0.7593514390173368
seed123_B0-fixed_step18000 52 7 1 0.778573082992807
seed123_B0-fixed_step18000 52 7 2 0.7632420259760693
seed123_B0-fixed_step18000 52 7 3 0.7724060849868692
seed123_B0-fixed_step18000 52 7 4 0.7704069459578022
seed123_B0-fixed_step18000 52 7 5 0.7738794229808263
seed123_B0-fixed_step18000 52 7 6 0.7730674369959161
seed123_B0-fixed_step18000 52 7 7 0.7806911640218459
seed123_B0-fixed_step18000 52 7 8 0.7948765259934589
seed123_B0-fixed_step18000 52 7 9 0.7732224359642714
seed123_B0-fixed_step18000 52 8 0 0.7652829309809022
seed123_B0-fixed_step18000 52 8 1 0.7624872779706493
seed123_B0-fixed_step18000 52 8 2 0.7666626879945397
seed123_B0-fixed_step18000 52 8 3 0.7565066840033978
seed123_B0-fixed_step18000 52 8 4 0.7632577460026368
seed123_B0-fixed_step18000 52 8 5 0.7709094649762847
seed123_B0-fixed_step18000 52 8 6 0.7672564260428771
seed123_B0-fixed_step18000 52 8 7 0.7700405449722894
seed123_B0-fixed_step18000 52 8 8 0.7756451099994592
seed123_B0-fixed_step18000 52 8 9 0.7719597700051963
seed123_B0-fixed_step18000 52 9 0 0.7802818620111793
seed123_B0-fixed_step18000 52 9 1 0.7749354169936851
seed123_B0-fixed_step18000 52 9 2 0.7812129599624313
seed123_B0-fixed_step18000 52 9 3 0.7772407140000723
seed123_B0-fixed_step18000 52 9 4 0.7706950939609669
seed123_B0-fixed_step18000 52 9 5 0.7716115959919989
seed123_B0-fixed_step18000 52 9 6 0.7781383719993755
seed123_B0-fixed_step18000 52 9 7 0.768064875039272
seed123_B0-fixed_step18000 52 9 8 0.7810796280391514
seed123_B0-fixed_step18000 52 9 9 0.7523692869581282
seed123_B0-fixed_step18000 56 0 0 0.019845244009047747
seed123_B0-fixed_step18000 56 0 1 0.017077750992029905
seed123_B0-fixed_step18000 56 0 2 0.01697960402816534
seed123_B0-fixed_step18000 56 0 3 0.016951050027273595
seed123_B0-fixed_step18000 56 0 4 0.0187282640254125
seed123_B0-fixed_step18000 56 0 5 0.01896762801334262
seed123_B0-fixed_step18000 56 0 6 0.01715800300007686
seed123_B0-fixed_step18000 56 0 7 0.018241048965137452
seed123_B0-fixed_step18000 56 0 8 0.016946171002928168
seed123_B0-fixed_step18000 56 0 9 0.016958914988208562
seed123_B0-fixed_step18000 56 1 0 0.01699942199047655
seed123_B0-fixed_step18000 56 1 1 0.017292327946051955
seed123_B0-fixed_step18000 56 1 2 0.017189994046930224
seed123_B0-fixed_step18000 56 1 3 0.01721037202514708
seed123_B0-fixed_step18000 56 1 4 0.017240018001757562
seed123_B0-fixed_step18000 56 1 5 0.017495042004156858
seed123_B0-fixed_step18000 56 1 6 0.01702025200938806
seed123_B0-fixed_step18000 56 1 7 0.017067610984668136
seed123_B0-fixed_step18000 56 1 8 0.01701386895729229
seed123_B0-fixed_step18000 56 1 9 0.01696801302023232
seed123_B0-fixed_step18000 56 2 0 0.017180925991851836
seed123_B0-fixed_step18000 56 2 1 0.017672510002739727
seed123_B0-fixed_step18000 56 2 2 0.017173180996906012
seed123_B0-fixed_step18000 56 2 3 0.017556288978084922
seed123_B0-fixed_step18000 56 2 4 0.017142903991043568
seed123_B0-fixed_step18000 56 2 5 0.01738040504278615
seed123_B0-fixed_step18000 56 2 6 0.017446640005800873
seed123_B0-fixed_step18000 56 2 7 0.017387079016771168
seed123_B0-fixed_step18000 56 2 8 0.017174122971482575
seed123_B0-fixed_step18000 56 2 9 0.01740503200562671
seed123_B0-fixed_step18000 56 3 0 0.017077460011933
seed123_B0-fixed_step18000 56 3 1 0.017017515958286822
seed123_B0-fixed_step18000 56 3 2 0.017405293008778244
seed123_B0-fixed_step18000 56 3 3 0.01697968499502167
seed123_B0-fixed_step18000 56 3 4 0.01702566200401634
seed123_B0-fixed_step18000 56 3 5 0.019075794029049575
seed123_B0-fixed_step18000 56 3 6 0.018490151967853308
seed123_B0-fixed_step18000 56 3 7 0.018664843984879553
seed123_B0-fixed_step18000 56 3 8 0.01876857999013737
seed123_B0-fixed_step18000 56 3 9 0.017719127994496375
seed123_B0-fixed_step18000 56 4 0 0.017024460015818477
seed123_B0-fixed_step18000 56 4 1 0.016980886983219534
seed123_B0-fixed_step18000 56 4 2 0.017000834981445223
seed123_B0-fixed_step18000 56 4 3 0.01709733804455027
seed123_B0-fixed_step18000 56 4 4 0.01768949197139591
seed123_B0-fixed_step18000 56 4 5 0.016989954048767686
seed123_B0-fixed_step18000 56 4 6 0.017674083006568253
seed123_B0-fixed_step18000 56 4 7 0.0176230359938927
seed123_B0-fixed_step18000 56 4 8 0.01696883502881974
seed123_B0-fixed_step18000 56 4 9 0.017095864983275533
seed123_B0-fixed_step18000 56 5 0 0.017109511012677103
seed123_B0-fixed_step18000 56 5 1 0.016999211977235973
seed123_B0-fixed_step18000 56 5 2 0.01704275398515165
seed123_B0-fixed_step18000 56 5 3 0.01699515403015539
seed123_B0-fixed_step18000 56 5 4 0.016972079989500344
seed123_B0-fixed_step18000 56 5 5 0.017289593000896275
seed123_B0-fixed_step18000 56 5 6 0.017026101995725185
seed123_B0-fixed_step18000 56 5 7 0.017282700049690902
seed123_B0-fixed_step18000 56 5 8 0.01727135799592361
seed123_B0-fixed_step18000 56 5 9 0.01750457100570202
seed123_B0-fixed_step18000 56 6 0 0.017156239016912878
seed123_B0-fixed_step18000 56 6 1 0.017079162993468344
seed123_B0-fixed_step18000 56 6 2 0.01700177602469921
seed123_B0-fixed_step18000 56 6 3 0.017083882994484156
seed123_B0-fixed_step18000 56 6 4 0.018853671965189278
seed123_B0-fixed_step18000 56 6 5 0.01932439603842795
seed123_B0-fixed_step18000 56 6 6 0.018790251051541418
seed123_B0-fixed_step18000 56 6 7 0.01812227495247498
seed123_B0-fixed_step18000 56 6 8 0.0170061849639751
seed123_B0-fixed_step18000 56 6 9 0.017032736039254814
seed123_B0-fixed_step18000 56 7 0 0.016986567003186792
seed123_B0-fixed_step18000 56 7 1 0.016986556991469115
seed123_B0-fixed_step18000 56 7 2 0.017328507034108043
seed123_B0-fixed_step18000 56 7 3 0.017067591019440442
seed123_B0-fixed_step18000 56 7 4 0.01697622798383236
seed123_B0-fixed_step18000 56 7 5 0.01731238601496443
seed123_B0-fixed_step18000 56 7 6 0.01712316699558869
seed123_B0-fixed_step18000 56 7 7 0.01714819500921294
seed123_B0-fixed_step18000 56 7 8 0.017036613018717617
seed123_B0-fixed_step18000 56 7 9 0.016980134998448193
seed123_B0-fixed_step18000 56 8 0 0.01705650001531467
seed123_B0-fixed_step18000 56 8 1 0.016999843006487936
seed123_B0-fixed_step18000 56 8 2 0.017065347987227142
seed123_B0-fixed_step18000 56 8 3 0.017010894021950662
seed123_B0-fixed_step18000 56 8 4 0.01696489698952064
seed123_B0-fixed_step18000 56 8 5 0.01697811100166291
seed123_B0-fixed_step18000 56 8 6 0.017017206002492458
seed123_B0-fixed_step18000 56 8 7 0.016980977030470967
seed123_B0-fixed_step18000 56 8 8 0.016990636009722948
seed123_B0-fixed_step18000 56 8 9 0.018614096974488348
seed123_B0-fixed_step18000 56 9 0 0.01898068404989317
seed123_B0-fixed_step18000 56 9 1 0.01776260102633387
seed123_B0-fixed_step18000 56 9 2 0.017028857953846455
seed123_B0-fixed_step18000 56 9 3 0.016968974028714
seed123_B0-fixed_step18000 56 9 4 0.016981035994831473
seed123_B0-fixed_step18000 56 9 5 0.01704227301524952
seed123_B0-fixed_step18000 56 9 6 0.016958836000412703
seed123_B0-fixed_step18000 56 9 7 0.017079322948120534
seed123_B0-fixed_step18000 56 9 8 0.01709277997724712
seed123_B0-fixed_step18000 56 9 9 0.01699532405473292
seed123_B0-fixed_step18000 62 0 0 0.26372116699349135
seed123_B0-fixed_step18000 62 0 1 0.26679855899419636
seed123_B0-fixed_step18000 62 0 2 0.26830655202502385
seed123_B0-fixed_step18000 62 0 3 0.26381109800422564
seed123_B0-fixed_step18000 62 0 4 0.26367675396613777
seed123_B0-fixed_step18000 62 0 5 0.26312245201552287
seed123_B0-fixed_step18000 62 0 6 0.2634692820138298
seed123_B0-fixed_step18000 62 0 7 0.2624851340078749
seed123_B0-fixed_step18000 62 0 8 0.2653627679683268
seed123_B0-fixed_step18000 62 0 9 0.26550893601961434
seed123_B0-fixed_step18000 62 1 0 0.26419410901144147
seed123_B0-fixed_step18000 62 1 1 0.27018603699980304
seed123_B0-fixed_step18000 62 1 2 0.2664389329729602
seed123_B0-fixed_step18000 62 1 3 0.2668481689761393
seed123_B0-fixed_step18000 62 1 4 0.2661728290258907
seed123_B0-fixed_step18000 62 1 5 0.27844399702735245
seed123_B0-fixed_step18000 62 1 6 0.27063213498331606
seed123_B0-fixed_step18000 62 1 7 0.2735491030034609
seed123_B0-fixed_step18000 62 1 8 0.2707887339638546
seed123_B0-fixed_step18000 62 1 9 0.2635724350111559
seed123_B0-fixed_step18000 62 2 0 0.2644227289711125
seed123_B0-fixed_step18000 62 2 1 0.2611094299936667
seed123_B0-fixed_step18000 62 2 2 0.2645919729839079
seed123_B0-fixed_step18000 62 2 3 0.26458794600330293
seed123_B0-fixed_step18000 62 2 4 0.2677695250022225
seed123_B0-fixed_step18000 62 2 5 0.2624012040323578
seed123_B0-fixed_step18000 62 2 6 0.2808198340353556
seed123_B0-fixed_step18000 62 2 7 0.28440084197791293
seed123_B0-fixed_step18000 62 2 8 0.26858031697338447
seed123_B0-fixed_step18000 62 2 9 0.26476021501002833
seed123_B0-fixed_step18000 62 3 0 0.26781869400292635
seed123_B0-fixed_step18000 62 3 1 0.27619162999326363
seed123_B0-fixed_step18000 62 3 2 0.2630978910019621
seed123_B0-fixed_step18000 62 3 3 0.2635391100193374
seed123_B0-fixed_step18000 62 3 4 0.2665010839700699
seed123_B0-fixed_step18000 62 3 5 0.2626554029993713
seed123_B0-fixed_step18000 62 3 6 0.2632299739634618
seed123_B0-fixed_step18000 62 3 7 0.2626808329951018
seed123_B0-fixed_step18000 62 3 8 0.2676854640012607
seed123_B0-fixed_step18000 62 3 9 0.2668357609654777
seed123_B0-fixed_step18000 62 4 0 0.269989849999547
seed123_B0-fixed_step18000 62 4 1 0.2610924000036903
seed123_B0-fixed_step18000 62 4 2 0.2766486839973368
seed123_B0-fixed_step18000 62 4 3 0.2668892149813473
seed123_B0-fixed_step18000 62 4 4 0.26737775397486985
seed123_B0-fixed_step18000 62 4 5 0.26995050901314244
seed123_B0-fixed_step18000 62 4 6 0.26655001303879544
seed123_B0-fixed_step18000 62 4 7 0.2637709970003925
seed123_B0-fixed_step18000 62 4 8 0.26092929404694587
seed123_B0-fixed_step18000 62 4 9 0.2679302059696056
seed123_B0-fixed_step18000 62 5 0 0.27207029599230736
seed123_B0-fixed_step18000 62 5 1 0.2636521930107847
seed123_B0-fixed_step18000 62 5 2 0.2678992790170014
seed123_B0-fixed_step18000 62 5 3 0.2703695690142922
seed123_B0-fixed_step18000 62 5 4 0.27457592502469197
seed123_B0-fixed_step18000 62 5 5 0.267040339007508
seed123_B0-fixed_step18000 62 5 6 0.27228097000624985
seed123_B0-fixed_step18000 62 5 7 0.2690745920408517
seed123_B0-fixed_step18000 62 5 8 0.2729633749695495
seed123_B0-fixed_step18000 62 5 9 0.26695337699493393
seed123_B0-fixed_step18000 62 6 0 0.2685297200223431
seed123_B0-fixed_step18000 62 6 1 0.26511530799325556
seed123_B0-fixed_step18000 62 6 2 0.27193406398873776
seed123_B0-fixed_step18000 62 6 3 0.2736199659993872
seed123_B0-fixed_step18000 62 6 4 0.2651312300004065
seed123_B0-fixed_step18000 62 6 5 0.26499225600855425
seed123_B0-fixed_step18000 62 6 6 0.26740250299917534
seed123_B0-fixed_step18000 62 6 7 0.2703251420171
seed123_B0-fixed_step18000 62 6 8 0.2649245500215329
seed123_B0-fixed_step18000 62 6 9 0.266014950000681
seed123_B0-fixed_step18000 62 7 0 0.2683010119944811
seed123_B0-fixed_step18000 62 7 1 0.26455886801704764
seed123_B0-fixed_step18000 62 7 2 0.270538981014397
seed123_B0-fixed_step18000 62 7 3 0.2698804410174489
seed123_B0-fixed_step18000 62 7 4 0.2682720080483705
seed123_B0-fixed_step18000 62 7 5 0.2621279039885849
seed123_B0-fixed_step18000 62 7 6 0.27551537100225687
seed123_B0-fixed_step18000 62 7 7 0.2725960299721919
seed123_B0-fixed_step18000 62 7 8 0.2704538739635609
seed123_B0-fixed_step18000 62 7 9 0.26995804300531745
seed123_B0-fixed_step18000 62 8 0 0.26584531500702724
seed123_B0-fixed_step18000 62 8 1 0.2651633900240995
seed123_B0-fixed_step18000 62 8 2 0.2634615799761377
seed123_B0-fixed_step18000 62 8 3 0.2675215679919347
seed123_B0-fixed_step18000 62 8 4 0.2584549649618566
seed123_B0-fixed_step18000 62 8 5 0.26585048699053004
seed123_B0-fixed_step18000 62 8 6 0.26964074396528304
seed123_B0-fixed_step18000 62 8 7 0.26887279603397474
seed123_B0-fixed_step18000 62 8 8 0.2670640519936569
seed123_B0-fixed_step18000 62 8 9 0.2629473879933357
seed123_B0-fixed_step18000 62 9 0 0.26438346499344334
seed123_B0-fixed_step18000 62 9 1 0.27278539701364934
seed123_B0-fixed_step18000 62 9 2 0.27475154999410734
seed123_B0-fixed_step18000 62 9 3 0.2720984139596112
seed123_B0-fixed_step18000 62 9 4 0.26466237596469
seed123_B0-fixed_step18000 62 9 5 0.2846127350348979
seed123_B0-fixed_step18000 62 9 6 0.2631215009605512
seed123_B0-fixed_step18000 62 9 7 0.27164271200308576
seed123_B0-fixed_step18000 62 9 8 0.2647784389555454
seed123_B0-fixed_step18000 62 9 9 0.2756432269816287
seed123_B0-fixed_step18000 64 0 0 0.16670147702097893
seed123_B0-fixed_step18000 64 0 1 0.1705349570256658
seed123_B0-fixed_step18000 64 0 2 0.16226920200278983
seed123_B0-fixed_step18000 64 0 3 0.16313337202882394
seed123_B0-fixed_step18000 64 0 4 0.16768993402365595
seed123_B0-fixed_step18000 64 0 5 0.16333172901067883
seed123_B0-fixed_step18000 64 0 6 0.16435219696722925
seed123_B0-fixed_step18000 64 0 7 0.16772818804020062
seed123_B0-fixed_step18000 64 0 8 0.16556966002099216
seed123_B0-fixed_step18000 64 0 9 0.1638015920179896
seed123_B0-fixed_step18000 64 1 0 0.16461464599706233
seed123_B0-fixed_step18000 64 1 1 0.1638578290003352
seed123_B0-fixed_step18000 64 1 2 0.16605051298392937
seed123_B0-fixed_step18000 64 1 3 0.16461264400277287
seed123_B0-fixed_step18000 64 1 4 0.16118152003036812
seed123_B0-fixed_step18000 64 1 5 0.1694892019731924
seed123_B0-fixed_step18000 64 1 6 0.17207080399384722
seed123_B0-fixed_step18000 64 1 7 0.1675648789969273
seed123_B0-fixed_step18000 64 1 8 0.16152011300437152
seed123_B0-fixed_step18000 64 1 9 0.16668536997167394
seed123_B0-fixed_step18000 64 2 0 0.16787381801987067
seed123_B0-fixed_step18000 64 2 1 0.16104782704496756
seed123_B0-fixed_step18000 64 2 2 0.16581010801019147
seed123_B0-fixed_step18000 64 2 3 0.17002306797076017
seed123_B0-fixed_step18000 64 2 4 0.1651208900148049
seed123_B0-fixed_step18000 64 2 5 0.165869863005355
seed123_B0-fixed_step18000 64 2 6 0.16509583400329575
seed123_B0-fixed_step18000 64 2 7 0.16603638901142403
seed123_B0-fixed_step18000 64 2 8 0.16578800801653415
seed123_B0-fixed_step18000 64 2 9 0.1648267130367458
seed123_B0-fixed_step18000 64 3 0 0.16286216402659193
seed123_B0-fixed_step18000 64 3 1 0.16297946695704013
seed123_B0-fixed_step18000 64 3 2 0.1654198809992522
seed123_B0-fixed_step18000 64 3 3 0.16281457303557545
seed123_B0-fixed_step18000 64 3 4 0.1624316159868613
seed123_B0-fixed_step18000 64 3 5 0.1636231190059334
seed123_B0-fixed_step18000 64 3 6 0.1642915879492648
seed123_B0-fixed_step18000 64 3 7 0.16228920698631555
seed123_B0-fixed_step18000 64 3 8 0.16597650904441252
seed123_B0-fixed_step18000 64 3 9 0.16611673397710547
seed123_B0-fixed_step18000 64 4 0 0.1678934789961204
seed123_B0-fixed_step18000 64 4 1 0.16704583901446313
seed123_B0-fixed_step18000 64 4 2 0.16670895897550508
seed123_B0-fixed_step18000 64 4 3 0.17478016501991078
seed123_B0-fixed_step18000 64 4 4 0.1620565369958058
seed123_B0-fixed_step18000 64 4 5 0.16523451096145436
seed123_B0-fixed_step18000 64 4 6 0.16895334102446213
seed123_B0-fixed_step18000 64 4 7 0.16966812900500372
seed123_B0-fixed_step18000 64 4 8 0.16089684498729184
seed123_B0-fixed_step18000 64 4 9 0.16859051398932934
seed123_B0-fixed_step18000 64 5 0 0.16415810800390318
seed123_B0-fixed_step18000 64 5 1 0.17328096996061504
seed123_B0-fixed_step18000 64 5 2 0.1683608089806512
seed123_B0-fixed_step18000 64 5 3 0.17151168099371716
seed123_B0-fixed_step18000 64 5 4 0.16672592499526218
seed123_B0-fixed_step18000 64 5 5 0.16465052403509617
seed123_B0-fixed_step18000 64 5 6 0.16098917298950255
seed123_B0-fixed_step18000 64 5 7 0.1647452040342614
seed123_B0-fixed_step18000 64 5 8 0.16691056499257684
seed123_B0-fixed_step18000 64 5 9 0.16593876999104396
seed123_B0-fixed_step18000 64 6 0 0.16359381802612916
seed123_B0-fixed_step18000 64 6 1 0.164858311007265
seed123_B0-fixed_step18000 64 6 2 0.16525391198229045
seed123_B0-fixed_step18000 64 6 3 0.16322018898790702
seed123_B0-fixed_step18000 64 6 4 0.16493187000742182
seed123_B0-fixed_step18000 64 6 5 0.16680524696130306
seed123_B0-fixed_step18000 64 6 6 0.16370968002593145
seed123_B0-fixed_step18000 64 6 7 0.16799884394276887
seed123_B0-fixed_step18000 64 6 8 0.1676085829967633
seed123_B0-fixed_step18000 64 6 9 0.16494962497381493
seed123_B0-fixed_step18000 64 7 0 0.17120630497811362
seed123_B0-fixed_step18000 64 7 1 0.16906852601096034
seed123_B0-fixed_step18000 64 7 2 0.16380970098543912
seed123_B0-fixed_step18000 64 7 3 0.16435939498478547
seed123_B0-fixed_step18000 64 7 4 0.16463543998543173
seed123_B0-fixed_step18000 64 7 5 0.16385228297440335
seed123_B0-fixed_step18000 64 7 6 0.16533084999537095
seed123_B0-fixed_step18000 64 7 7 0.17352913599461317
seed123_B0-fixed_step18000 64 7 8 0.17236137797590345
seed123_B0-fixed_step18000 64 7 9 0.17163684498518705
seed123_B0-fixed_step18000 64 8 0 0.16531502100406215
seed123_B0-fixed_step18000 64 8 1 0.16488560603465885
seed123_B0-fixed_step18000 64 8 2 0.16945037298137322
seed123_B0-fixed_step18000 64 8 3 0.16433008201420307
seed123_B0-fixed_step18000 64 8 4 0.16654076799750328
seed123_B0-fixed_step18000 64 8 5 0.1699138149851933
seed123_B0-fixed_step18000 64 8 6 0.16361692803911865
seed123_B0-fixed_step18000 64 8 7 0.16510678705526516
seed123_B0-fixed_step18000 64 8 8 0.1696508260210976
seed123_B0-fixed_step18000 64 8 9 0.16444302699528635
seed123_B0-fixed_step18000 64 9 0 0.16509589698398486
seed123_B0-fixed_step18000 64 9 1 0.168543704028707
seed123_B0-fixed_step18000 64 9 2 0.1635164680192247
seed123_B0-fixed_step18000 64 9 3 0.17054890096187592
seed123_B0-fixed_step18000 64 9 4 0.16457775403978303
seed123_B0-fixed_step18000 64 9 5 0.16172489698510617
seed123_B0-fixed_step18000 64 9 6 0.1619020130019635
seed123_B0-fixed_step18000 64 9 7 0.16443550499388948
seed123_B0-fixed_step18000 64 9 8 0.16378176398575306
seed123_B0-fixed_step18000 64 9 9 0.1687219929881394
seed123_B0-fixed_step18000 69 0 0 0.4755860469886102
seed123_B0-fixed_step18000 69 0 1 0.47455613699276
seed123_B0-fixed_step18000 69 0 2 0.4843968410277739
seed123_B0-fixed_step18000 69 0 3 0.4794475060189143
seed123_B0-fixed_step18000 69 0 4 0.47597549395868555
seed123_B0-fixed_step18000 69 0 5 0.4839383980142884
seed123_B0-fixed_step18000 69 0 6 0.4828247529803775
seed123_B0-fixed_step18000 69 0 7 0.48873903596540913
seed123_B0-fixed_step18000 69 0 8 0.4722730609937571
seed123_B0-fixed_step18000 69 0 9 0.4784985149744898
seed123_B0-fixed_step18000 69 1 0 0.48454459599452093
seed123_B0-fixed_step18000 69 1 1 0.48551207600394264
seed123_B0-fixed_step18000 69 1 2 0.4752110769622959
seed123_B0-fixed_step18000 69 1 3 0.4908381120185368
seed123_B0-fixed_step18000 69 1 4 0.47215534799033776
seed123_B0-fixed_step18000 69 1 5 0.4999991609947756
seed123_B0-fixed_step18000 69 1 6 0.4826484269578941
seed123_B0-fixed_step18000 69 1 7 0.4852367229759693
seed123_B0-fixed_step18000 69 1 8 0.4735641200095415
seed123_B0-fixed_step18000 69 1 9 0.4923535090056248
seed123_B0-fixed_step18000 69 2 0 0.5072360510239378
seed123_B0-fixed_step18000 69 2 1 0.4887718019890599
seed123_B0-fixed_step18000 69 2 2 0.4765888410038315
seed123_B0-fixed_step18000 69 2 3 0.48894511500839144
seed123_B0-fixed_step18000 69 2 4 0.47065983596257865
seed123_B0-fixed_step18000 69 2 5 0.48984235199168324
seed123_B0-fixed_step18000 69 2 6 0.4822398079559207
seed123_B0-fixed_step18000 69 2 7 0.4739171239780262
seed123_B0-fixed_step18000 69 2 8 0.4798709629685618
seed123_B0-fixed_step18000 69 2 9 0.47819085395894945
seed123_B0-fixed_step18000 69 3 0 0.4950686260126531
seed123_B0-fixed_step18000 69 3 1 0.488293620001059
seed123_B0-fixed_step18000 69 3 2 0.4897181789856404
seed123_B0-fixed_step18000 69 3 3 0.48413315298967063
seed123_B0-fixed_step18000 69 3 4 0.49387542699696496
seed123_B0-fixed_step18000 69 3 5 0.5205979610327631
seed123_B0-fixed_step18000 69 3 6 0.49870018201181665
seed123_B0-fixed_step18000 69 3 7 0.4832987659610808
seed123_B0-fixed_step18000 69 3 8 0.48707581200869754
seed123_B0-fixed_step18000 69 3 9 0.47875009098788723
seed123_B0-fixed_step18000 69 4 0 0.4959223339683376
seed123_B0-fixed_step18000 69 4 1 0.4907610829686746
seed123_B0-fixed_step18000 69 4 2 0.4817613269551657
seed123_B0-fixed_step18000 69 4 3 0.4843393419869244
seed123_B0-fixed_step18000 69 4 4 0.4910205120104365
seed123_B0-fixed_step18000 69 4 5 0.5002430760068819
seed123_B0-fixed_step18000 69 4 6 0.48950959800276905
seed123_B0-fixed_step18000 69 4 7 0.4812853410257958
seed123_B0-fixed_step18000 69 4 8 0.47699707897845656
seed123_B0-fixed_step18000 69 4 9 0.4734484720393084
seed123_B0-fixed_step18000 69 5 0 0.478305287018884
seed123_B0-fixed_step18000 69 5 1 0.4763546249596402
seed123_B0-fixed_step18000 69 5 2 0.4767068959772587
seed123_B0-fixed_step18000 69 5 3 0.47397776297293603
seed123_B0-fixed_step18000 69 5 4 0.48120910802390426
seed123_B0-fixed_step18000 69 5 5 0.47823749599047005
seed123_B0-fixed_step18000 69 5 6 0.48509427794488147
seed123_B0-fixed_step18000 69 5 7 0.49237478501163423
seed123_B0-fixed_step18000 69 5 8 0.4975554950069636
seed123_B0-fixed_step18000 69 5 9 0.4792194369947538
seed123_B0-fixed_step18000 69 6 0 0.47184445400489494
seed123_B0-fixed_step18000 69 6 1 0.488087851961609
seed123_B0-fixed_step18000 69 6 2 0.4876259060110897
seed123_B0-fixed_step18000 69 6 3 0.48204720398643985
seed123_B0-fixed_step18000 69 6 4 0.4801317479577847
seed123_B0-fixed_step18000 69 6 5 0.48108475998742506
seed123_B0-fixed_step18000 69 6 6 0.489288219017908
seed123_B0-fixed_step18000 69 6 7 0.4858560739667155
seed123_B0-fixed_step18000 69 6 8 0.4997769400360994
seed123_B0-fixed_step18000 69 6 9 0.4765353170223534
seed123_B0-fixed_step18000 69 7 0 0.4773074229597114
seed123_B0-fixed_step18000 69 7 1 0.4884049409884028
seed123_B0-fixed_step18000 69 7 2 0.4847974609583616
seed123_B0-fixed_step18000 69 7 3 0.4788801069953479
seed123_B0-fixed_step18000 69 7 4 0.48913835699204355
seed123_B0-fixed_step18000 69 7 5 0.4957939289743081
seed123_B0-fixed_step18000 69 7 6 0.48907834698911756
seed123_B0-fixed_step18000 69 7 7 0.491066955961287
seed123_B0-fixed_step18000 69 7 8 0.48919523297809064
seed123_B0-fixed_step18000 69 7 9 0.49146097799530253
seed123_B0-fixed_step18000 69 8 0 0.4818057329976
seed123_B0-fixed_step18000 69 8 1 0.4820889830007218
seed123_B0-fixed_step18000 69 8 2 0.49039081897353753
seed123_B0-fixed_step18000 69 8 3 0.48411278997082263
seed123_B0-fixed_step18000 69 8 4 0.48352648701984435
seed123_B0-fixed_step18000 69 8 5 0.4808977570501156
seed123_B0-fixed_step18000 69 8 6 0.48934836697299033
seed123_B0-fixed_step18000 69 8 7 0.4889268379774876
seed123_B0-fixed_step18000 69 8 8 0.49001010600477457
seed123_B0-fixed_step18000 69 8 9 0.4855904139694758
seed123_B0-fixed_step18000 69 9 0 0.4887859760201536
seed123_B0-fixed_step18000 69 9 1 0.482103775953874
seed123_B0-fixed_step18000 69 9 2 0.4831894909730181
seed123_B0-fixed_step18000 69 9 3 0.4927857860457152
seed123_B0-fixed_step18000 69 9 4 0.47688411897979677
seed123_B0-fixed_step18000 69 9 5 0.48544964694883674
seed123_B0-fixed_step18000 69 9 6 0.4815905699506402
seed123_B0-fixed_step18000 69 9 7 0.4821782979997806
seed123_B0-fixed_step18000 69 9 8 0.477539120009169
seed123_B0-fixed_step18000 69 9 9 0.4809710470144637
seed123_B0-fixed_step18000 74 0 0 0.6669557970017195
seed123_B0-fixed_step18000 74 0 1 0.6665613609948196
seed123_B0-fixed_step18000 74 0 2 0.6710959949996322
seed123_B0-fixed_step18000 74 0 3 0.6896943699684925
seed123_B0-fixed_step18000 74 0 4 0.6675472530187108
seed123_B0-fixed_step18000 74 0 5 0.6866756929666735
seed123_B0-fixed_step18000 74 0 6 0.6674187050084583
seed123_B0-fixed_step18000 74 0 7 0.6606821540044621
seed123_B0-fixed_step18000 74 0 8 0.6788166859769262
seed123_B0-fixed_step18000 74 0 9 0.665732701017987
seed123_B0-fixed_step18000 74 1 0 0.6771709480090067
seed123_B0-fixed_step18000 74 1 1 0.6763218870037235
seed123_B0-fixed_step18000 74 1 2 0.6800689669908024
seed123_B0-fixed_step18000 74 1 3 0.686467984050978
seed123_B0-fixed_step18000 74 1 4 0.6721486609894782
seed123_B0-fixed_step18000 74 1 5 0.662463188986294
seed123_B0-fixed_step18000 74 1 6 0.6734826909960248
seed123_B0-fixed_step18000 74 1 7 0.6644595970283262
seed123_B0-fixed_step18000 74 1 8 0.6806244299514219
seed123_B0-fixed_step18000 74 1 9 0.6893232649890706
seed123_B0-fixed_step18000 74 2 0 0.6745430960436352
seed123_B0-fixed_step18000 74 2 1 0.6690508190076798
seed123_B0-fixed_step18000 74 2 2 0.6803113180212677
seed123_B0-fixed_step18000 74 2 3 0.6625404710066505
seed123_B0-fixed_step18000 74 2 4 0.6591566069982946
seed123_B0-fixed_step18000 74 2 5 0.6753343949676491
seed123_B0-fixed_step18000 74 2 6 0.681221047998406
seed123_B0-fixed_step18000 74 2 7 0.6705633489764296
seed123_B0-fixed_step18000 74 2 8 0.677261304052081
seed123_B0-fixed_step18000 74 2 9 0.6857597470516339
seed123_B0-fixed_step18000 74 3 0 0.6763333459966816
seed123_B0-fixed_step18000 74 3 1 0.6875996379530989
seed123_B0-fixed_step18000 74 3 2 0.6736745730158873
seed123_B0-fixed_step18000 74 3 3 0.6710378879797645
seed123_B0-fixed_step18000 74 3 4 0.6767988940118812
seed123_B0-fixed_step18000 74 3 5 0.6695011549745686
seed123_B0-fixed_step18000 74 3 6 0.6693159060087055
seed123_B0-fixed_step18000 74 3 7 0.6873498419881798
seed123_B0-fixed_step18000 74 3 8 0.6724894099752419
seed123_B0-fixed_step18000 74 3 9 0.6760563579737209
seed123_B0-fixed_step18000 74 4 0 0.6618086599628441
seed123_B0-fixed_step18000 74 4 1 0.672486963972915
seed123_B0-fixed_step18000 74 4 2 0.6862671690178104
seed123_B0-fixed_step18000 74 4 3 0.6722249629674479
seed123_B0-fixed_step18000 74 4 4 0.6681571299559437
seed123_B0-fixed_step18000 74 4 5 0.6697546850191429
seed123_B0-fixed_step18000 74 4 6 0.6804300870280713
seed123_B0-fixed_step18000 74 4 7 0.6615469440002926
seed123_B0-fixed_step18000 74 4 8 0.6770079300040379
seed123_B0-fixed_step18000 74 4 9 0.6718541959999129
seed123_B0-fixed_step18000 74 5 0 0.6606347489869222
seed123_B0-fixed_step18000 74 5 1 0.6741695490200073
seed123_B0-fixed_step18000 74 5 2 0.6624606020050123
seed123_B0-fixed_step18000 74 5 3 0.676276757963933
seed123_B0-fixed_step18000 74 5 4 0.6786586840171367
seed123_B0-fixed_step18000 74 5 5 0.6729976540082134
seed123_B0-fixed_step18000 74 5 6 0.6804352640174329
seed123_B0-fixed_step18000 74 5 7 0.6872118670144118
seed123_B0-fixed_step18000 74 5 8 0.6870106779970229
seed123_B0-fixed_step18000 74 5 9 0.6658310740021989
seed123_B0-fixed_step18000 74 6 0 0.6642916729906574
seed123_B0-fixed_step18000 74 6 1 0.6682035360136069
seed123_B0-fixed_step18000 74 6 2 0.6811905360082164
seed123_B0-fixed_step18000 74 6 3 0.67039151705103
seed123_B0-fixed_step18000 74 6 4 0.678857691003941
seed123_B0-fixed_step18000 74 6 5 0.662240921985358
seed123_B0-fixed_step18000 74 6 6 0.6653085800353438
seed123_B0-fixed_step18000 74 6 7 0.6784300560248084
seed123_B0-fixed_step18000 74 6 8 0.6612033399869688
seed123_B0-fixed_step18000 74 6 9 0.6805320350104012
seed123_B0-fixed_step18000 74 7 0 0.6798473360249773
seed123_B0-fixed_step18000 74 7 1 0.6760314829880372
seed123_B0-fixed_step18000 74 7 2 0.675579987000674
seed123_B0-fixed_step18000 74 7 3 0.6693285559886135
seed123_B0-fixed_step18000 74 7 4 0.6725156030151993
seed123_B0-fixed_step18000 74 7 5 0.6879273190279491
seed123_B0-fixed_step18000 74 7 6 0.6837730199913494
seed123_B0-fixed_step18000 74 7 7 0.6732293069944717
seed123_B0-fixed_step18000 74 7 8 0.6879335199482739
seed123_B0-fixed_step18000 74 7 9 0.6786842820001766
seed123_B0-fixed_step18000 74 8 0 0.6748475990025327
seed123_B0-fixed_step18000 74 8 1 0.6662415850441903
seed123_B0-fixed_step18000 74 8 2 0.6741482760407962
seed123_B0-fixed_step18000 74 8 3 0.6809272360405885
seed123_B0-fixed_step18000 74 8 4 0.6759290439658798
seed123_B0-fixed_step18000 74 8 5 0.6668034020112827
seed123_B0-fixed_step18000 74 8 6 0.6657741699600592
seed123_B0-fixed_step18000 74 8 7 0.6671575409709476
seed123_B0-fixed_step18000 74 8 8 0.6811497109592892
seed123_B0-fixed_step18000 74 8 9 0.6624781679711305
seed123_B0-fixed_step18000 74 9 0 0.6916458860505372
seed123_B0-fixed_step18000 74 9 1 0.6741977750207298
seed123_B0-fixed_step18000 74 9 2 0.6765552660217509
seed123_B0-fixed_step18000 74 9 3 0.6826224229880609
seed123_B0-fixed_step18000 74 9 4 0.7020256819669157
seed123_B0-fixed_step18000 74 9 5 0.6977069519925863
seed123_B0-fixed_step18000 74 9 6 0.6955118660116568
seed123_B0-fixed_step18000 74 9 7 0.6940247929887846
seed123_B0-fixed_step18000 74 9 8 0.7094113639905117
seed123_B0-fixed_step18000 74 9 9 0.6972161219455302
seed123_B0-fixed_step18000 78 0 0 1.1371982620330527
seed123_B0-fixed_step18000 78 0 1 1.135137835983187
seed123_B0-fixed_step18000 78 0 2 1.1168742820154876
seed123_B0-fixed_step18000 78 0 3 1.1057310609612614
seed123_B0-fixed_step18000 78 0 4 1.0958330369903706
seed123_B0-fixed_step18000 78 0 5 1.1013963909936137
seed123_B0-fixed_step18000 78 0 6 1.1007591279922053
seed123_B0-fixed_step18000 78 0 7 1.1125966720283031
seed123_B0-fixed_step18000 78 0 8 1.1161261530360207
seed123_B0-fixed_step18000 78 0 9 1.1097721400437877
seed123_B0-fixed_step18000 78 1 0 1.1059945619781502
seed123_B0-fixed_step18000 78 1 1 1.105249073007144
seed123_B0-fixed_step18000 78 1 2 1.1108717910246924
seed123_B0-fixed_step18000 78 1 3 1.0971036460250616
seed123_B0-fixed_step18000 78 1 4 1.1230586559977382
seed123_B0-fixed_step18000 78 1 5 1.107186732988339
seed123_B0-fixed_step18000 78 1 6 1.0977013899828307
seed123_B0-fixed_step18000 78 1 7 1.1027397279976867
seed123_B0-fixed_step18000 78 1 8 1.101330007018987
seed123_B0-fixed_step18000 78 1 9 1.1076625339919701
seed123_B0-fixed_step18000 78 2 0 1.0931089950026944
seed123_B0-fixed_step18000 78 2 1 1.0965163040091284
seed123_B0-fixed_step18000 78 2 2 1.1101608509779908
seed123_B0-fixed_step18000 78 2 3 1.1054545970400795
seed123_B0-fixed_step18000 78 2 4 1.1096923949662596
seed123_B0-fixed_step18000 78 2 5 1.0945780290057883
seed123_B0-fixed_step18000 78 2 6 1.0933549919864163
seed123_B0-fixed_step18000 78 2 7 1.0847940450184979
seed123_B0-fixed_step18000 78 2 8 1.0840291689964943
seed123_B0-fixed_step18000 78 2 9 1.0931933039682917
seed123_B0-fixed_step18000 78 3 0 1.0986812170012854
seed123_B0-fixed_step18000 78 3 1 1.1148999360157177
seed123_B0-fixed_step18000 78 3 2 1.1005730450269766
seed123_B0-fixed_step18000 78 3 3 1.1001617099973373
seed123_B0-fixed_step18000 78 3 4 1.1178101749974303
seed123_B0-fixed_step18000 78 3 5 1.1175767179811373
seed123_B0-fixed_step18000 78 3 6 1.1069179649930447
seed123_B0-fixed_step18000 78 3 7 1.084053174010478
seed123_B0-fixed_step18000 78 3 8 1.0888310479931533
seed123_B0-fixed_step18000 78 3 9 1.0971285869600251
seed123_B0-fixed_step18000 78 4 0 1.1007415490457788
seed123_B0-fixed_step18000 78 4 1 1.0978969110292383
seed123_B0-fixed_step18000 78 4 2 1.0882934020482935
seed123_B0-fixed_step18000 78 4 3 1.0991037979838438
seed123_B0-fixed_step18000 78 4 4 1.118223286990542
seed123_B0-fixed_step18000 78 4 5 1.1270188629860058
seed123_B0-fixed_step18000 78 4 6 1.0837763370363973
seed123_B0-fixed_step18000 78 4 7 1.101115965982899
seed123_B0-fixed_step18000 78 4 8 1.1113374209962785
seed123_B0-fixed_step18000 78 4 9 1.1035111180390231
seed123_B0-fixed_step18000 78 5 0 1.0850475979968905
seed123_B0-fixed_step18000 78 5 1 1.1057401080033742
seed123_B0-fixed_step18000 78 5 2 1.0930356060271151
seed123_B0-fixed_step18000 78 5 3 1.0999956770101562
seed123_B0-fixed_step18000 78 5 4 1.0970533920335583
seed123_B0-fixed_step18000 78 5 5 1.10095811705105
seed123_B0-fixed_step18000 78 5 6 1.1055206419550814
seed123_B0-fixed_step18000 78 5 7 1.095955215045251
seed123_B0-fixed_step18000 78 5 8 1.0816355560091324
seed123_B0-fixed_step18000 78 5 9 1.0706997839733958
seed123_B0-fixed_step18000 78 6 0 1.0888411269988865
seed123_B0-fixed_step18000 78 6 1 1.0924406119738705
seed123_B0-fixed_step18000 78 6 2 1.0948330950341187
seed123_B0-fixed_step18000 78 6 3 1.111136426043231
seed123_B0-fixed_step18000 78 6 4 1.106404581980314
seed123_B0-fixed_step18000 78 6 5 1.1112933769472875
seed123_B0-fixed_step18000 78 6 6 1.1131590279983357
seed123_B0-fixed_step18000 78 6 7 1.0940354900085367
seed123_B0-fixed_step18000 78 6 8 1.0987771860091016
seed123_B0-fixed_step18000 78 6 9 1.0935082009527832
seed123_B0-fixed_step18000 78 7 0 1.0932942799990997
seed123_B0-fixed_step18000 78 7 1 1.0923626369913109
seed123_B0-fixed_step18000 78 7 2 1.1018660900299437
seed123_B0-fixed_step18000 78 7 3 1.092481694999151
seed123_B0-fixed_step18000 78 7 4 1.0954736350104213
seed123_B0-fixed_step18000 78 7 5 1.0960623099817894
seed123_B0-fixed_step18000 78 7 6 1.078286261006724
seed123_B0-fixed_step18000 78 7 7 1.0985837129992433
seed123_B0-fixed_step18000 78 7 8 1.0907680590171367
seed123_B0-fixed_step18000 78 7 9 1.0879046139889397
seed123_B0-fixed_step18000 78 8 0 1.0932663169805892
seed123_B0-fixed_step18000 78 8 1 1.0827541999751702
seed123_B0-fixed_step18000 78 8 2 1.1232873710105196
seed123_B0-fixed_step18000 78 8 3 1.1072889189817943
seed123_B0-fixed_step18000 78 8 4 1.11551909300033
seed123_B0-fixed_step18000 78 8 5 1.0999497069860809
seed123_B0-fixed_step18000 78 8 6 1.101089346979279
seed123_B0-fixed_step18000 78 8 7 1.098931904998608
seed123_B0-fixed_step18000 78 8 8 1.1158230350119993
seed123_B0-fixed_step18000 78 8 9 1.1170157879823819
seed123_B0-fixed_step18000 78 9 0 1.101510921958834
seed123_B0-fixed_step18000 78 9 1 1.1099802919779904
seed123_B0-fixed_step18000 78 9 2 1.1040552990161814
seed123_B0-fixed_step18000 78 9 3 1.1184245280455798
seed123_B0-fixed_step18000 78 9 4 1.0933543980354443
seed123_B0-fixed_step18000 78 9 5 1.1009819969767705
seed123_B0-fixed_step18000 78 9 6 1.1035459450213239
seed123_B0-fixed_step18000 78 9 7 1.093211914994754
seed123_B0-fixed_step18000 78 9 8 1.1315260929986835
seed123_B0-fixed_step18000 78 9 9 1.099386298970785
{'model': 'seed123_B0-fixed_step18000', 'completed_pairs': 2000, 'requested_pairs': 2000, 'completed': True, 'complete_source_count': 20, 'FRD': 127.55576905062028, 'new_pairs': 2000, 'wall_seconds': 444.3599418880185}
