seed,arm,lambda_group,K,bank,step,origin,marginal_loss,marginal_cross,marginal_self,spread_within_input_descriptor_self,spread_between_input_descriptor_distance,conditional_loss,conditional_cross_distance,conditional_self_distance,conditional_correct_common_loss,conditional_correct_common_cross_distance,conditional_correct_common_self_distance,conditional_shuffled_loss,conditional_shuffled_cross_distance,conditional_shuffled_self_distance,central_overall,central_AU,central_VA,central_expression,central_correct_common_overall,central_correct_common_AU,central_correct_common_VA,central_correct_common_expression,central_shuffled_overall,central_shuffled_AU,central_shuffled_VA,central_shuffled_expression,per_input_population_loss,per_input_population_cross,per_input_population_self,conditional_shuffle_gap_correct,conditional_shuffle_gap_shuffled,conditional_shuffle_gap_ratio,conditional_shuffle_gap_difference,central_shuffle_gap_correct,central_shuffle_gap_shuffled,central_shuffle_gap_ratio,central_shuffle_gap_difference,channels_overall_cross_distance,channels_overall_self_distance,channels_overall_ES,channels_overall_prediction_std,channels_overall_boundary_fraction,channels_overall_temporal_mean,channels_overall_temporal_std,channels_overall_velocity_abs_mean,channels_overall_velocity_rms,channels_overall_expression_entropy,channels_AU_cross_distance,channels_AU_self_distance,channels_AU_ES,channels_AU_prediction_std,channels_AU_boundary_fraction,channels_AU_temporal_mean,channels_AU_temporal_std,channels_AU_velocity_abs_mean,channels_AU_velocity_rms,channels_VA_cross_distance,channels_VA_self_distance,channels_VA_ES,channels_VA_prediction_std,channels_VA_boundary_fraction,channels_VA_temporal_mean,channels_VA_temporal_std,channels_VA_velocity_abs_mean,channels_VA_velocity_rms,channels_expression_cross_distance,channels_expression_self_distance,channels_expression_ES,channels_expression_prediction_std,channels_expression_boundary_fraction,channels_expression_temporal_mean,channels_expression_temporal_std,channels_expression_velocity_abs_mean,channels_expression_velocity_rms,channels_expression_expression_entropy,shuffle_gap_3perm,aux_covariance_population_RMS,aux_covariance_paired_RMS,aux_autocorrelation_population_RMS,aux_autocorrelation_paired_RMS
123,C0,0,32,0,2000,phase22_reused,0.884849825501442,1.5257496058940887,1.281799554824829,1.2120787799358368,1.30503981312116,0.2427032494917512,0.3866264920681715,0.2878464862704277,0.2427032494917512,0.3866264920681715,0.2878464862704277,0.262197751365602,0.4061209946870804,0.2878464862704277,0.37291207276284694,0.35721079632639885,0.614585853740573,0.28927689883857965,0.37291207276284694,0.35721079632639885,0.614585853740573,0.28927689883857965,0.3869234580546618,0.3750483708456159,0.6219617202877998,0.30117177218198776,0.9197102010250091,1.5257495909929275,1.2120787799358368,0.2427032494917512,0.262197751365602,1.0803223768724752,0.019494501873850822,0.37291207276284694,0.3869234580546618,1.0375728926875623,0.014011385291814837,0.3866264846175909,0.28784647695720195,0.24270324651151895,0.13727089818567037,0.09534667786210775,0.15180738968774676,0.05505229295231402,0.01233542016125284,0.03924636543961242,1.3806652575731277,0.3587042786180973,0.1439338899217546,0.2867373339831829,0.09098992217332125,0.07365682327581453,0.18506159568205477,0.03742950521409512,0.009632943026372232,0.02111512645496987,0.7157253377139569,0.8710371904075146,0.28020674251019956,0.6591012477874756,0.0,0.00963053251907695,0.24381018970161678,0.04207739938283339,0.11684391484595835,0.29226814992725847,0.15622092112898828,0.21415768871083857,0.09359016390517354,0.15985183715820311,0.125,0.0409055529627949,0.009967069292906671,0.023491544323042034,1.3806652575731277,0.014016013592481613,0.014330963655603166,0.023321158675330737,0.40843976959319084,0.47995751987395485
123,C0,0,64,0,2000,phase22_reused,0.923860564827919,1.5696958959102632,1.2916706681251526,1.215348593145609,1.3171113597850006,0.24493777714669704,0.38454332314431666,0.279211089015007,0.24493777714669704,0.38454332314431666,0.279211089015007,0.2635628754273057,0.40316841937601566,0.279211089015007,0.37291207276284694,0.35721079632639885,0.614585853740573,0.28927689883857965,0.37291207276284694,0.35721079632639885,0.614585853740573,0.28927689883857965,0.3869234580546618,0.3750483708456159,0.6219617202877998,0.30117177218198776,0.9620215974748134,1.5696958914399146,1.215348593145609,0.24493777714669704,0.2635628754273057,1.0760401212813073,0.018625098280608682,0.37291207276284694,0.3869234580546618,1.0375728926875623,0.014011385291814837,0.3845433212816715,0.279211082495749,0.24493777956813573,0.13209755411371588,0.10506719732657074,0.13881813324987888,0.05853094132617116,0.012650867376942187,0.04203272676095367,1.3550881922245026,0.3577716277912259,0.13486921759322285,0.2903370190411806,0.08575042448937893,0.0829417973269301,0.17307830434292554,0.03816969485487789,0.009444733685813844,0.02160730030736886,0.7050390839576721,0.851784448325634,0.2791468597948551,0.6469180025160313,0.0,-0.06286049166810699,0.2725102696567774,0.04582299992907792,0.12687836843542755,0.2921230424195528,0.14969846373423934,0.2172738103196025,0.09029332865029574,0.1728191375732422,0.125,0.043213455588556826,0.010369334358256311,0.024773823865689337,1.3550881922245026,0.013304044244190058,,,,
123,C0,0,32,1,2000,phase22_reused,0.9598539501428605,1.5955587804317475,1.2714096486568451,1.18395074903965,1.30056261519591,0.2435089334845543,0.3849056798964739,0.28279349524527786,0.2435089334845543,0.3849056798964739,0.28279349524527786,0.26225320994853973,0.4036499571055174,0.28279349524527786,0.37291207276284694,0.35721079632639885,0.614585853740573,0.28927689883857965,0.37291207276284694,0.35721079632639885,0.614585853740573,0.28927689883857965,0.3869234580546618,0.3750483708456159,0.6219617202877998,0.30117177218198776,1.0035834074020387,1.5955587834119798,1.18395074903965,0.2435089334845543,0.26225320994853973,1.076975724035087,0.018744276463985438,0.37291207276284694,0.3869234580546618,1.0375728926875623,0.014011385291814837,0.38490567058324815,0.28279348835349083,0.24350892640650273,0.1304921166971326,0.10257433829829096,0.13905406901612877,0.06709767915308476,0.013753357739187778,0.04499076016945765,1.369778423011303,0.35731206759810447,0.13722233893349767,0.28870089557021855,0.08297603125683964,0.08118612087419023,0.17428161799907685,0.044942362769506874,0.010425463269348257,0.023821939015761018,0.7120332613587379,0.8617618836462497,0.28115231953561304,0.6498268492519855,0.0,-0.06893616559682414,0.3064935261383653,0.04889999874867499,0.13477263916283846,0.29266021251678465,0.1528091596439481,0.2162556329742074,0.0897511106915772,0.1683208465576172,0.125,0.048789943708106874,0.011206498777028173,0.026549272960983215,1.369778423011303,0.013340753689408303,0.016292144486263045,0.025137645563691337,0.4373144220179436,0.5032916521881651
123,C0,0,64,1,2000,phase22_reused,0.92957743704319,1.562482076883316,1.2658092677593231,1.18437816798687,1.2929529676834741,0.24370585475116968,0.386256442964077,0.2851011734455824,0.24370585475116968,0.386256442964077,0.2851011734455824,0.26290656756609676,0.405457154661417,0.2851011734455824,0.37291207276284694,0.35721079632639885,0.614585853740573,0.28927689883857965,0.37291207276284694,0.35721079632639885,0.614585853740573,0.28927689883857965,0.3869234580546618,0.3750483708456159,0.6219617202877998,0.30117177218198776,0.9702930063009262,1.562482087314129,1.18437816798687,0.24370585475116968,0.26290656756609676,1.078786424046035,0.01920071281492708,0.37291207276284694,0.3869234580546618,1.0375728926875623,0.014011385291814837,0.3862564340233803,0.2851011663675308,0.24370585139840842,0.13409736417233944,0.09680669978260995,0.1462044630199671,0.06570083699189126,0.013665017974562942,0.04360141970682889,1.3818694412708283,0.35772600024938583,0.14159306017681955,0.2869294686242938,0.08630706779658795,0.07497508057349478,0.18099804101511835,0.04586397998500615,0.010630674471030943,0.023868167609907686,0.7192545592784881,0.8634022332727909,0.2875534426420927,0.6599366746842861,0.0,-0.029929383654962293,0.2847830768674612,0.04667410725960508,0.12921060528606176,0.29278560988605024,0.15528445709496735,0.215143380779773,0.09224436283111573,0.1619426727294922,0.125,0.04812439428642392,0.011102138843853027,0.026215418800711633,1.3818694412708283,0.013716140575706958,,,,
123,C1,0.03,32,0,2000,phase23_new,0.8301163107156754,1.3648779213428497,1.0695232212543488,1.0383960902690887,1.0798989315827685,0.24528135340660812,0.38320047594606876,0.27583824563771486,0.24528135340660812,0.38320047594606876,0.27583824563771486,0.2658898988738656,0.4038090221583843,0.27583824563771486,0.36705284789204595,0.3488453863188624,0.6151662776246667,0.28291923543438313,0.36705284789204595,0.3488453863188624,0.6151662776246667,0.28291923543438313,0.38499697372317315,0.3727650923654437,0.6128805046901107,0.30458387210965154,0.8456798978149891,1.3648779422044754,1.0383960902690887,0.24528135340660812,0.2658898988738656,1.0840200250896947,0.02060854546725749,0.36705284789204595,0.38499697372317315,1.0488870361153138,0.0179441258311272,0.38320046812295916,0.27583824545145036,0.24528134409338237,0.1258458908647299,0.12652294645085932,0.13781816503033043,0.03578951288945973,0.010644350352231413,0.02408403487643227,1.3041202485561372,0.35221019182354213,0.106345980707556,0.2990372018888593,0.07732418812811374,0.09882528234415985,0.1684419322758913,0.02699665417894721,0.008814134763088077,0.017127892759162933,0.7150725983083248,0.8343704402446747,0.2978873781859875,0.6600204318761825,0.0,-0.04058731114200782,0.13519769879058002,0.02009818850783631,0.051973604736849664,0.28826107960194347,0.1426011251285672,0.21696051806211472,0.08328046277165413,0.21008682250976562,0.125,0.027424081740900875,0.011712544376496225,0.023850237927399577,1.3041202485561372,0.0150677436341842,0.013866403646543068,0.022488926594250055,0.35302092277244124,0.43721303354836144
123,C1,0.03,64,0,2000,phase23_new,0.8309853941202163,1.3629332959651947,1.063895806670189,1.0358375042676926,1.0732485741376878,0.24286070540547372,0.385669469833374,0.28561752773821353,0.24286070540547372,0.385669469833374,0.28561752773821353,0.2633287889882922,0.406137552857399,0.28561752773821353,0.36705284789204595,0.3488453863188624,0.6151662776246667,0.28291923543438313,0.36705284789204595,0.3488453863188624,0.6151662776246667,0.28291923543438313,0.38499697372317315,0.3727650923654437,0.6128805046901107,0.30458387210965154,0.8450145401060581,1.3629332929849625,1.0358375042676926,0.24286070540547372,0.2633287889882922,1.0842791078476262,0.020468083582818486,0.36705284789204595,0.38499697372317315,1.0488870361153138,0.0179441258311272,0.3856694672256708,0.28561752699315546,0.24286070428788661,0.1382163718342781,0.11676897932775318,0.14626435032114388,0.033573357248678805,0.010667348391143605,0.0234206959605217,1.3281215727329254,0.35664232093840836,0.12680152226239444,0.29324156045913696,0.0955913694575429,0.0933751468556693,0.18374487459659578,0.024752890202216805,0.009037211816757918,0.016912866767961533,0.7122111760079861,0.8464165955781937,0.28900287821888926,0.6635395683348179,0.0,-0.04978206646046601,0.12736872304230928,0.018875281617511064,0.04921781932935119,0.28961929138749837,0.1483493447303772,0.2154446198605001,0.08680747328326106,0.18982467651367188,0.12499999990686775,0.026662896131165327,0.011671871083672158,0.023572420858545228,1.3281215727329254,0.014940661750733851,,,,
123,C1,0.03,32,1,2000,phase23_new,0.8236353904008865,1.3655844569206237,1.0838981419801712,1.0556577168405057,1.0933116170267263,0.24074770286679267,0.38589622266590595,0.29029703959822656,0.24074770286679267,0.38589622266590595,0.29029703959822656,0.26189906559884546,0.40704758651554585,0.29029703959822656,0.36705284789204595,0.3488453863188624,0.6151662776246667,0.28291923543438313,0.36705284789204595,0.3488453863188624,0.6151662776246667,0.28291923543438313,0.38499697372317315,0.3727650923654437,0.6128805046901107,0.30458387210965154,0.8377555914223194,1.365584447979927,1.0556577168405057,0.24074770286679267,0.26189906559884546,1.087856965944784,0.021151362732052786,0.36705284789204595,0.38499697372317315,1.0488870361153138,0.0179441258311272,0.3858962178230286,0.29029703624546527,0.2407476993277669,0.13651075260713696,0.1100109837949276,0.14684515949338675,0.03755014680791646,0.011109493795083835,0.02401931199710816,1.332658489048481,0.3551631342619658,0.13278460865840316,0.2887708293274045,0.09057344510219992,0.08591451468028026,0.18322633672505617,0.030743539403192698,0.009790090547176078,0.018582874356070533,0.7189504832029343,0.8535263344645501,0.2921873159706593,0.6703372970223427,0.0,-0.03863292273308616,0.12623232863843442,0.017934780288487672,0.047568181366659704,0.2899356823414564,0.15561306290328503,0.2121291493065655,0.08918658131733537,0.1826946258544922,0.125,0.02814199524000287,0.011877052744966931,0.023884231073316185,1.332658489048481,0.015463545980552834,0.013790781878166186,0.022421094210517578,0.36285644029846076,0.44403472204194727
123,C1,0.03,64,1,2000,phase23_new,0.838170412182808,1.3482300877571105,1.0201193511486053,0.9889860615134239,1.0304971143603325,0.24336406961083412,0.38572701923549174,0.2847258999943733,0.24336406961083412,0.38572701923549174,0.2847258999943733,0.2645885398611426,0.4069514889270067,0.2847258999943733,0.36705284789204595,0.3488453863188624,0.6151662776246667,0.28291923543438313,0.36705284789204595,0.3488453863188624,0.6151662776246667,0.28291923543438313,0.38499697372317315,0.3727650923654437,0.6128805046901107,0.30458387210965154,0.8537370540201664,1.3482300832867622,0.9889860615134239,0.24336406961083412,0.2645885398611426,1.08721283418809,0.02122447025030849,0.36705284789204595,0.38499697372317315,1.0488870361153138,0.0179441258311272,0.3857270110398531,0.2847259011119604,0.2433640593662858,0.13724489277228713,0.11038305442780257,0.14584898129105567,0.03443149393424392,0.010858185670804233,0.02312877856893465,1.3420053109526635,0.3558948263525963,0.13139602094888686,0.2901968158781528,0.09313266463577748,0.08778076586058887,0.18469777889549732,0.027664739394094796,0.009509239805629477,0.017880403983872382,0.7164813458919526,0.8325927965342999,0.3001849476248026,0.6677195109426975,0.0,-0.06212095189257525,0.1100996277295053,0.0171006484888494,0.0444883574033156,0.28897241223603487,0.1498651212081313,0.21403985088691116,0.08733668783679605,0.18035812377929689,0.125,0.028202130482532083,0.011826842633308843,0.023700429208111017,1.3420053109526635,0.015564847240845364,,,,
123,C1,0.1,32,0,2000,phase22_reused,0.8377632051706314,1.2845385372638702,0.8935506492853165,0.8508362427353859,0.90778878480196,0.2531775118783116,0.3751612361520529,0.24396744631230832,0.2531775118783116,0.3751612361520529,0.24396744631230832,0.27832360584288834,0.4003073308616877,0.24396744631230832,0.36008775848895314,0.34905072171241047,0.5772227134555579,0.288729296810925,0.36008775848895314,0.34905072171241047,0.5772227134555579,0.288729296810925,0.38478532526642084,0.3741769211366773,0.6024032421410084,0.3169536410830915,0.8591203995048999,1.284538523852825,0.8508362427353859,0.2531775118783116,0.27832360584288834,1.0993219886632863,0.025146093964576732,0.36008775848895314,0.38478532526642084,1.068587632306932,0.024697566777467705,0.3751612320542336,0.24396743904799223,0.2531775128096342,0.12282455088570714,0.12490221885964274,0.1553695340640843,0.04243421272840351,0.020707564271287993,0.04181745048845187,1.308118575811386,0.35608089752495287,0.13422476444393397,0.2889685150235891,0.09413850614801049,0.09587707977043465,0.1914197158999741,0.03715161276049912,0.02102348362095654,0.040437974384985864,0.6507511802017689,0.6734771519899369,0.31401260420680044,0.5314889635890723,0.0,0.006471416627755388,0.11524371644482016,0.02258380667772144,0.053584704524837434,0.2879781162366271,0.12567013623192907,0.22514304714277386,0.07444480080157519,0.2105499267578125,0.12499999990686775,0.03413671925663948,0.019646153261419386,0.04028801309177652,1.308118575811386,0.018511677781740826,0.013630368851875055,0.022301975555196286,0.24699901862160903,0.3666270359220297
123,C1,0.1,64,0,2000,phase22_reused,0.8161009013652801,1.3009636044502257,0.9697253942489624,0.9325375132262707,0.9821213545898597,0.2466891162097454,0.3776547510176897,0.2619312696158886,0.2466891162097454,0.3776547510176897,0.2619312696158886,0.270664319396019,0.4016299545764923,0.2619312696158886,0.36008775848895314,0.34905072171241047,0.5772227134555579,0.288729296810925,0.36008775848895314,0.34905072171241047,0.5772227134555579,0.288729296810925,0.38478532526642084,0.3741769211366773,0.6024032421410084,0.3169536410830915,0.8346948474645615,1.300963607430458,0.9325375132262707,0.2466891162097454,0.270664319396019,1.097187924439637,0.02397520318627358,0.36008775848895314,0.38478532526642084,1.068587632306932,0.024697566777467705,0.3776547446846962,0.26193126402795314,0.2466891136020422,0.13247526986524463,0.11736462088301777,0.15804491322487593,0.042279229243285955,0.020842231274582446,0.04190693845739588,1.3324442848563194,0.35782545134425164,0.14053067853674292,0.2875601124018431,0.09922759905457497,0.09167246974539012,0.19452455807477237,0.036214647651650014,0.021047085913596674,0.04009872707538307,0.6593782715499401,0.7318336986005306,0.2934614222496748,0.5804146021604538,0.0,0.01662734766068752,0.12162067461758852,0.022740118857473134,0.05383797294925898,0.2890352390706539,0.14119811737909913,0.21843617912381888,0.08282984085381032,0.19487857818603516,0.12499999990686775,0.03381496500223875,0.0199836557963863,0.04112935826415196,1.3324442848563194,0.01764127817004919,,,,
123,C1,0.1,32,1,2000,phase22_reused,0.8073918700218201,1.2965641975402833,0.978344663977623,0.9433395184576512,0.9900130458176134,0.24259426034986972,0.37910328060388565,0.2730180397629738,0.24259426034986972,0.37910328060388565,0.2730180397629738,0.2659172259271145,0.40242624580860137,0.2730180397629738,0.36008775848895314,0.34905072171241047,0.5772227134555579,0.288729296810925,0.36008775848895314,0.34905072171241047,0.5772227134555579,0.288729296810925,0.38478532526642084,0.3741769211366773,0.6024032421410084,0.3169536410830915,0.824894430488348,1.2965641841292381,0.9433395184576512,0.24259426034986972,0.2659172259271145,1.0961398078569886,0.023322965577244753,0.36008775848895314,0.38478532526642084,1.068587632306932,0.024697566777467705,0.3791032686829567,0.2730180317535996,0.24259425271302462,0.13756636418402196,0.1103320294059813,0.16171212727203965,0.041845568967983124,0.02108049451489933,0.0421925526112318,1.3493962734937668,0.36017042864114046,0.14947144323959946,0.2854347065091133,0.10408169170841575,0.08585551388096065,0.20051634274423122,0.03554254311602563,0.0214466450328473,0.04043040940305218,0.6586259059607983,0.7675169907510281,0.27486741058528424,0.5949567094445228,0.0,0.017529134073265597,0.12236853865906597,0.022945291292853654,0.054719259147532284,0.28962223790585995,0.14988059289753436,0.2146819424815476,0.08600255744531751,0.1838085174560547,0.12499999990686775,0.033533005975186825,0.019927761339931748,0.041006002289941536,1.3493962734937668,0.017237027920782567,0.01370114146498266,0.02235565960179346,0.24239715250827873,0.36273909660524584
123,C1,0.1,64,1,2000,phase22_reused,0.813422441482544,1.2972810328006745,0.9677171736955643,0.9317855939269066,0.9796943669517834,0.2449651973322034,0.37833296358585355,0.26673553325235844,0.2449651973322034,0.37833296358585355,0.26673553325235844,0.2685618603602052,0.4019296281039715,0.26673553325235844,0.36008775848895314,0.34905072171241047,0.5772227134555579,0.288729296810925,0.36008775848895314,0.34905072171241047,0.5772227134555579,0.288729296810925,0.38478532526642084,0.3741769211366773,0.6024032421410084,0.3169536410830915,0.8313882350921631,1.2972810313105583,0.9317855939269066,0.2449651973322034,0.2685618603602052,1.0963265936752713,0.023596663028001785,0.36008775848895314,0.38478532526642084,1.068587632306932,0.024697566777467705,0.3783329579979181,0.26673553362488744,0.24496519174426795,0.13548685228452087,0.11417407002300024,0.15990689359605312,0.040942278155125675,0.020727207866730168,0.041577802039682865,1.3390962123870849,0.359068151935935,0.14282663613557817,0.2876548347994685,0.10258526196703315,0.0906148323789239,0.19680539425462484,0.03463763082399964,0.0209613986837212,0.039692751236725596,0.6575241446495056,0.7518105365335941,0.28161887638270855,0.5885778278112411,0.0,0.02279584678617539,0.11848831316456199,0.023165911762043835,0.05507493522018194,0.28913983087986705,0.14388957284390927,0.21719504250213503,0.08390460973605514,0.18689117431640626,0.12499999990686775,0.03337698904797435,0.019678422910510564,0.04034809029544704,1.3390962123870849,0.017433468314508597,,,,
123,C1,0.3,32,0,2000,phase23_new,0.837932887673378,1.3827507734298705,1.089635780453682,1.0510588072240352,1.102494771530231,0.27146388180553915,0.38310659155249593,0.22328542005270718,0.27146388180553915,0.38310659155249593,0.22328542005270718,0.29309582598507405,0.4047385353595018,0.22328542005270718,0.38619724437594416,0.3604896472766995,0.7116616450250148,0.29556676708161833,0.38619724437594416,0.3604896472766995,0.7116616450250148,0.29556676708161833,0.41169537995010613,0.3962162774056196,0.7171300567686558,0.3126305716112256,0.8572213999927044,1.3827508002519608,1.0510588072240352,0.27146388180553915,0.29309582598507405,1.079686269995324,0.0216319441795349,0.38619724437594416,0.41169537995010613,1.066023608261018,0.025498135574161973,0.38310658633708955,0.22328541632741689,0.27146387882530687,0.12434504311531783,0.09039684869349003,0.2084933824837208,0.057542629749514164,0.02588411746546626,0.05677837070543319,1.3018662258982658,0.3633624091744423,0.13893675114959478,0.2938940333202481,0.09427827829495072,0.039486086184297164,0.24155970197170973,0.0541655633598566,0.030454898625612258,0.06018466103123501,0.6719672102481127,0.6095179460942746,0.36720823757350446,0.5060071542859077,0.0,0.29446967467665675,0.14864324843510984,0.02000069012865424,0.06609617066569626,0.29302686024457214,0.14252237789332867,0.2217656707391143,0.08530471445992589,0.20845375061035157,0.125,0.04109948477707803,0.0187847577908542,0.04603973670164123,1.3018662258982658,0.0162783973539869,0.013439079440363008,0.022412259416549434,0.2652729266436298,0.37875636971627985
123,C1,0.3,64,0,2000,phase23_new,0.8428899347782135,1.3696041524410247,1.0534284293651581,1.0137303903698922,1.0666611090302467,0.27101008147001265,0.3853546667844057,0.2286891696974635,0.27101008147001265,0.3853546667844057,0.2286891696974635,0.2922595862299204,0.4066041696816683,0.2286891696974635,0.38619724437594416,0.3604896472766995,0.7116616450250148,0.29556676708161833,0.38619724437594416,0.3604896472766995,0.7116616450250148,0.29556676708161833,0.41169537995010613,0.3962162774056196,0.7171300567686558,0.3126305716112256,0.8627389445900917,1.3696041390299798,1.0137303903698922,0.27101008147001265,0.2922595862299204,1.0784085398028227,0.021249504759907722,0.38619724437594416,0.41169537995010613,1.066023608261018,0.025498135574161973,0.38535465896129606,0.22868916671723127,0.27101007513701914,0.12638781117275358,0.09394671455956996,0.20902538821101188,0.056413349835202097,0.025548586947843434,0.05594105784548446,1.2889896400272847,0.36387399062514303,0.13544167745858432,0.2961531523615122,0.09337022509425878,0.041765444228803975,0.24577231109142303,0.05504238854628056,0.030413394747301935,0.05982987651368603,0.6839162781834602,0.6369105286896228,0.36546101346611976,0.5424237817525863,0.0,0.2695252012461424,0.126863113604486,0.017350406962214036,0.06042732850182801,0.2931025655940175,0.1387238333001733,0.22374064866453408,0.08428681008517742,0.21527328491210937,0.125,0.04137147022411227,0.01847661611973308,0.045730594010092315,1.2889896400272847,0.01599357866992553,,,,
123,C1,0.3,32,1,2000,phase23_new,0.8371757477521896,1.3815142273902894,1.0886769592761993,1.0439290896058082,1.1035929158329962,0.26561347879469394,0.3835470400750637,0.23586712144315242,0.26561347879469394,0.3835470400750637,0.23586712144315242,0.2868443220853806,0.40477788224816325,0.23586712144315242,0.38619724437594416,0.3604896472766995,0.7116616450250148,0.29556676708161833,0.38619724437594416,0.3604896472766995,0.7116616450250148,0.29556676708161833,0.41169537995010613,0.3962162774056196,0.7171300567686558,0.3126305716112256,0.8595497101545334,1.3815142512321472,1.0439290896058082,0.26561347879469394,0.2868443220853806,1.0799313475619852,0.02123084329068664,0.38619724437594416,0.41169537995010613,1.066023608261018,0.025498135574161973,0.3835470337420702,0.235867116227746,0.2656134754419327,0.12975485883653165,0.0935961892362684,0.20338111389428376,0.05458151646889746,0.024884668574668468,0.05532147776102647,1.294908083975315,0.36337275318801404,0.13967192461714148,0.29353679083287715,0.09676505038514734,0.04133077201622655,0.241271067969501,0.05286836279556155,0.028907787415664642,0.05734148462070152,0.672162552177906,0.6619999304413795,0.34116258658468723,0.5532389990985394,0.0,0.2327310643158853,0.11415871791541576,0.021339100220939145,0.06951007700990885,0.29330918174237014,0.14110944829881192,0.22275445694103838,0.0857397299259901,0.21499290466308593,0.12499999981373548,0.04289938667789102,0.018227711284998803,0.04603339247405529,1.294908083975315,0.01606262760857741,0.01329449267822196,0.022254355348731644,0.27092257807831954,0.3812672204654962
123,C1,0.3,64,1,2000,phase23_new,0.8183890372514725,1.3734551906585692,1.110132309794426,1.0704639837145806,1.1233550851543745,0.2603445503860712,0.3825825773179531,0.24447605460882188,0.2603445503860712,0.3825825773179531,0.24447605460882188,0.2813819540664554,0.40361998081207273,0.24447605460882188,0.38619724437594416,0.3604896472766995,0.7116616450250148,0.29556676708161833,0.38619724437594416,0.3604896472766995,0.7116616450250148,0.29556676708161833,0.41169537995010613,0.3962162774056196,0.7171300567686558,0.3126305716112256,0.838223172724247,1.3734551638364791,1.0704639837145806,0.2603445503860712,0.2813819540664554,1.080806007458913,0.021037403680384203,0.38619724437594416,0.41169537995010613,1.066023608261018,0.025498135574161973,0.38258257023990155,0.2444760562852025,0.2603445414453745,0.13255331264808773,0.09047497333958746,0.19647658560425044,0.05726437165867537,0.025304734369274228,0.05620746897766367,1.3088874995708466,0.3629657007753849,0.14425209937617184,0.29083965066820383,0.09815817316994072,0.041049196323001524,0.23580517638474702,0.05482335526030511,0.029359254398150368,0.05868253841763362,0.6660842977464199,0.6864006645977497,0.32288396544754505,0.5673385247588157,0.0,0.18741865670308472,0.12614142717793583,0.020451768417842686,0.06680635702796281,0.29362965393811463,0.14743188470602037,0.21991371121257544,0.08834791444242,0.20576705932617187,0.125,0.04462202251888812,0.018915749283041804,0.047255774447694424,1.3088874995708466,0.01595372228572766,,,,
123,C2,0.03,32,0,2000,phase23_new,0.8198721200227738,1.423057383298874,1.2063705265522002,1.1715827740728855,1.2179664440453053,0.24232487808912992,0.3911581851541996,0.29766661301255226,0.24232487808912992,0.3911581851541996,0.29766661301255226,0.26401476208120583,0.41284806840121746,0.29766661301255226,0.3629589151591063,0.34793057963252066,0.610442404076457,0.2785034947097301,0.3629589151591063,0.34793057963252066,0.610442404076457,0.2785034947097301,0.38453105334192517,0.37482865136116744,0.6147994387894868,0.30146910855546594,0.8372659988701343,1.42305738478899,1.1715827740728855,0.24232487808912992,0.26401476208120583,1.0895074585948956,0.021689883992075915,0.3629589151591063,0.38453105334192517,1.0594341047480884,0.02157213818281889,0.3911581799387932,0.2976666107773781,0.24232487455010415,0.14164809193462133,0.10669738478027284,0.16151207704097031,0.04548220266588032,0.01341985909966752,0.030795968347229065,1.3854309558868407,0.3593026572838426,0.14784595295786856,0.28537967801094055,0.09761660490185023,0.08441203208494699,0.19339637402445078,0.03272151192650199,0.011174234718782827,0.021494256478035823,0.7409664928913117,0.9018629118800163,0.2900350369513035,0.6847527258098125,0.0,0.06842827474756633,0.18243292886763812,0.025766570353880525,0.06717602573335171,0.2900260830298066,0.1437953337095678,0.21812841519713402,0.08843099186196923,0.1751567840576172,0.125,0.03517082293983549,0.014543726135161705,0.030616906064096838,1.3854309558868407,0.016616027181347214,0.014124126658804434,0.022811066121006415,0.34382216907707025,0.4296616028973297
123,C2,0.03,64,0,2000,phase23_new,0.831529775261879,1.4383445739746095,1.2136295974254607,1.1722733102738858,1.2274150264759858,0.24346915856003762,0.3894131563603878,0.29188799373805524,0.24346915856003762,0.3894131563603878,0.29188799373805524,0.26546692214906215,0.41141091771423816,0.29188799373805524,0.3629589151591063,0.34793057963252066,0.610442404076457,0.2785034947097301,0.3629589151591063,0.34793057963252066,0.610442404076457,0.2785034947097301,0.38453105334192517,0.37482865136116744,0.6147994387894868,0.30146910855546594,0.852207949757576,1.4383446037769319,1.1722733102738858,0.24346915856003762,0.26546692214906215,1.0903513353359704,0.021997763589024527,0.3629589151591063,0.38453105334192517,1.0594341047480884,0.02157213818281889,0.38941315151751044,0.2918879847973585,0.24346915874630212,0.1404901343397796,0.11297271479852497,0.15532391322776676,0.04522955380380154,0.01334150334005244,0.031140961847268046,1.3714218482375145,0.35833631046116354,0.14266872396692634,0.2870019482448697,0.09670942267403007,0.08971873415430309,0.190236041136086,0.03120300187729299,0.010913117628660984,0.02110556639963761,0.7340908326208592,0.8854111805558205,0.29138524234294894,0.68071478754282,0.0,0.01477871805545874,0.19405805375427007,0.02700998658547178,0.06997621706686914,0.2892759285867214,0.13980654552578925,0.21937265656888486,0.08752282299101352,0.18481712341308593,0.125,0.034322218410670756,0.014477604598505422,0.030643412441713737,1.3714218482375145,0.016798106518884498,,,,
123,C2,0.03,32,1,2000,phase23_new,0.82652268409729,1.4329020142555238,1.2127586543560027,1.1696746960282325,1.227119973798593,0.24195756446570157,0.39041195921599864,0.296908787637949,0.24195756446570157,0.39041195921599864,0.296908787637949,0.26418780703097583,0.41264220140874386,0.296908787637949,0.3629589151591063,0.34793057963252066,0.610442404076457,0.2785034947097301,0.3629589151591063,0.34793057963252066,0.610442404076457,0.2785034947097301,0.38453105334192517,0.37482865136116744,0.6147994387894868,0.30146910855546594,0.848064661026001,1.4329020082950592,1.1696746960282325,0.24195756446570157,0.26418780703097583,1.0918766173496737,0.022230242565274255,0.3629589151591063,0.38453105334192517,1.0594341047480884,0.02157213818281889,0.3904119528830051,0.296908787637949,0.24195755869150162,0.14021864738315343,0.11007201946340502,0.15283792736008764,0.04802895218599588,0.013742271141381934,0.03230367961805314,1.3678189396858216,0.3583800531923771,0.1461656185798347,0.28529724292457104,0.09555655890144407,0.08600037086289376,0.19141689613461493,0.03349618087522686,0.01126053208427038,0.021707261400297283,0.7416759446263314,0.894119194149971,0.2946163475513458,0.6832428924739361,0.0,-0.025152517540118425,0.2027621210552752,0.028503584768623115,0.073998595145531,0.2900046583265066,0.14588346611708403,0.2170629259198904,0.08820402128621936,0.18272438049316406,0.125,0.03659461266361177,0.014705202550976538,0.031237583031179385,1.3678189396858216,0.016914403811097146,0.014395133040433628,0.0231390037895297,0.355338292029239,0.4390475147812899
123,C2,0.03,64,1,2000,phase23_new,0.8284769624471664,1.4269956171512603,1.1970373094081879,1.1542432561516762,1.2113019938270253,0.2442831251770258,0.39176338277757167,0.29496051780879495,0.2442831251770258,0.39176338277757167,0.29496051780879495,0.26687059439718724,0.4143508534878492,0.29496051780879495,0.3629589151591063,0.34793057963252066,0.610442404076457,0.2785034947097301,0.3629589151591063,0.34793057963252066,0.610442404076457,0.2785034947097301,0.38453105334192517,0.37482865136116744,0.6147994387894868,0.30146910855546594,0.8498739741742611,1.4269956037402154,1.1542432561516762,0.2442831251770258,0.26687059439718724,1.0924643042936055,0.022587469220161444,0.3629589151591063,0.38453105334192517,1.0594341047480884,0.02157213818281889,0.3917633771896362,0.29496051259338857,0.2442831203341484,0.14220779472962022,0.10492944051511585,0.15846032537519933,0.04730511342640966,0.013845443609170616,0.03193344277096912,1.3768939301371574,0.35943909604102375,0.14883366217836738,0.28502226509153844,0.09864359716884792,0.08128042048047064,0.1976573621854186,0.03381529056932777,0.011504172699642368,0.021922644920414312,0.7445283494889736,0.8805599816143512,0.304248358681798,0.680894098430872,0.0,-0.0016760511687607504,0.19238202404230834,0.02800449267961085,0.0714785463642329,0.2907758379355073,0.14607474468648435,0.21773846577852965,0.08921910636126995,0.17550373077392578,0.125,0.03632930952589959,0.014695563670829869,0.03132917059119791,1.3768939301371574,0.017224037647247312,,,,
123,C2,0.1,32,0,2000,phase22_reused,0.7800050914287567,1.3685697317123413,1.1771292805671691,1.1195028327405452,1.1963380965093773,0.244262183457613,0.3869023784995079,0.2852803897112608,0.244262183457613,0.3869023784995079,0.2852803897112608,0.2669951369985938,0.4096353329718113,0.2852803897112608,0.3675872912630439,0.3456043373793364,0.6624634642153978,0.28029691698029635,0.3675872912630439,0.3456043373793364,0.6624634642153978,0.28029691698029635,0.3880945470184088,0.37292150501161814,0.6510616520419716,0.30476277181878686,0.8088182814419269,1.3685696974396706,1.1195028327405452,0.244262183457613,0.2669951369985938,1.0930678389064907,0.022732953540980788,0.3675872912630439,0.3880945470184088,1.0557888051159254,0.020507255755364884,0.38690237514674664,0.2852803820744157,0.24426218383014203,0.1344660993665457,0.07296960286330431,0.15567257367074488,0.053699678368866445,0.030693782452726737,0.062394224130548535,1.3813635990023614,0.36060694269835947,0.1486386999487877,0.28628759142011406,0.09631837354972958,0.04677144621746265,0.20215411391109228,0.04585000593215227,0.031259911082452164,0.06015686210012063,0.7098492160439491,0.8310353249311447,0.29433155357837676,0.6564701452851296,0.0,-0.07024857347132638,0.14203420439735054,0.0247812686720863,0.05813350817188621,0.2895658850669861,0.13790185544639827,0.22061495762318373,0.07549209198914468,0.14033355712890624,0.12499999972060323,0.046334190759807825,0.031110418151365594,0.06570972262416035,1.3813635990023614,0.017139543158312637,0.013539048249966698,0.02238553517181189,0.2503608268226264,0.37069003087297736
123,C2,0.1,64,0,2000,phase22_reused,0.7798007607460022,1.3584529399871825,1.1573043555021285,1.0973887249827385,1.1772762323419252,0.24495333768427371,0.3863861382007599,0.28286560215055945,0.24495333768427371,0.3863861382007599,0.28286560215055945,0.2676666211336851,0.40909942165017127,0.28286560215055945,0.3675872912630439,0.3456043373793364,0.6624634642153978,0.28029691698029635,0.3675872912630439,0.3456043373793364,0.6624634642153978,0.28029691698029635,0.3880945470184088,0.37292150501161814,0.6510616520419716,0.30476277181878686,0.8097585923969746,1.3584529548883437,1.0973887249827385,0.24495333768427371,0.2676666211336851,1.0927249396319192,0.022713283449411398,0.3675872912630439,0.3880945470184088,1.0557888051159254,0.020507255755364884,0.3863861333578825,0.2828656004741788,0.24495333284139634,0.13259114930406213,0.07816076453309506,0.1520296111702919,0.054369952413253486,0.030286801571492106,0.062274039268959316,1.3668061271309853,0.357662189565599,0.1421789988875389,0.2865726914256811,0.09167778296396137,0.05223490676544316,0.19399624951183797,0.04705689975526184,0.03066066502360627,0.059930733195506035,0.7174548380076885,0.829968909919262,0.30247038379311564,0.6668762333691121,0.0,-0.054601620160974564,0.13177103800699114,0.02318127469625324,0.05589758194983006,0.2897422295063734,0.13869909616187215,0.22039268165826797,0.07573246071115136,0.14631195068359376,0.125,0.048731662915088236,0.03136218776344322,0.06636317077791318,1.3668061271309853,0.017214754534264406,,,,
123,C2,0.1,32,1,2000,phase22_reused,0.7769427925348282,1.362383985519409,1.1708823889493942,1.1116479851305485,1.1906271902223429,0.2441577384248376,0.3863719739019871,0.2844284735620022,0.2441577384248376,0.3863719739019871,0.2844284735620022,0.2670353064313531,0.4092495426535606,0.2844284735620022,0.3675872912630439,0.3456043373793364,0.6624634642153978,0.28029691698029635,0.3675872912630439,0.3456043373793364,0.6624634642153978,0.28029691698029635,0.3880945470184088,0.37292150501161814,0.6510616520419716,0.30476277181878686,0.8065599709749222,1.3623839631676673,1.1116479851305485,0.2441577384248376,0.2670353064313531,1.0936999505078484,0.022877568006515497,0.3675872912630439,0.3880945470184088,1.0557888051159254,0.020507255755364884,0.38637197464704515,0.2844284735620022,0.2441577386111021,0.13356174631044268,0.07431554989889264,0.15705889780074359,0.053357941447757185,0.030641965678660198,0.062423971423413604,1.3821943715214728,0.35965817961841823,0.14756478723138572,0.28587578553706405,0.09463792378082872,0.04811686421653576,0.20072229746729137,0.04678275871556252,0.031198166392277925,0.06016028445446864,0.7101537771522999,0.8372831419110298,0.291512206569314,0.6549315318465233,0.0,-0.04218088204506785,0.12730930568650364,0.024101721739862116,0.05922582973726094,0.2897545177489519,0.1380167012102902,0.2207461681216955,0.0762014881707728,0.14201698303222657,0.12499999990686775,0.04719857533928007,0.03123414861620404,0.06569180968217551,1.3821943715214728,0.017288352238635223,0.01346468419330885,0.02235914877454523,0.25308016658300353,0.37244654652326176
123,C2,0.1,64,1,2000,phase22_reused,0.7795157074928284,1.3749391555786132,1.19084689617157,1.131446186453104,1.2106471327443917,0.2432983649894595,0.3878478117287159,0.28909889366477726,0.2432983649894595,0.3878478117287159,0.28909889366477726,0.2656606355682015,0.410210083052516,0.28909889366477726,0.3675872912630439,0.3456043373793364,0.6624634642153978,0.28029691698029635,0.3675872912630439,0.3456043373793364,0.6624634642153978,0.28029691698029635,0.3880945470184088,0.37292150501161814,0.6510616520419716,0.30476277181878686,0.8092160440981389,1.3749391376972198,1.131446186453104,0.2432983649894595,0.2656606355682015,1.0919129505030205,0.022362270578742016,0.3675872912630439,0.3880945470184088,1.0557888051159254,0.020507255755364884,0.3878478083759546,0.2890988901257515,0.24329836331307889,0.1374302176758647,0.07693408047780395,0.1587116800248623,0.05193125254008919,0.030536314996425062,0.06226535714231431,1.3677614867687224,0.36071912925690414,0.14681001594290138,0.28731412030756476,0.09890411961823702,0.04886047628242522,0.20378444865345954,0.04441551592899486,0.03093413770548068,0.05931203252403065,0.7194833278656005,0.8552087128162384,0.2918789714574814,0.6673716001212597,0.0,-0.044487256478169,0.13488614792004228,0.025437400816008447,0.0609148905146867,0.2895391006022692,0.13843663884326815,0.220320781506598,0.07718132650479674,0.1488056182861328,0.125,0.04528454286046326,0.031065124965971337,0.0659863494685851,1.3677614867687224,0.016949323937296867,,,,
123,C2,0.3,32,0,2000,phase23_new,0.7575078040361405,1.3484333395957946,1.1818510740995407,1.1211676843464375,1.2020788706839085,0.24600313249975442,0.3882440313696861,0.28448179848492144,0.24600313249975442,0.3882440313696861,0.28448179848492144,0.2717608194798231,0.4140017207711935,0.28448179848492144,0.36490150839090346,0.3554848423227668,0.5570973228663206,0.29225944355130196,0.36490150839090346,0.3554848423227668,0.5570973228663206,0.29225944355130196,0.39787353575229645,0.40063407346606256,0.5655464239418506,0.31580247562378644,0.7878494881093502,1.348433330655098,1.1211676843464375,0.24600313249975442,0.2717608194798231,1.104704711351976,0.025757686980068695,0.36490150839090346,0.39787353575229645,1.090358703932984,0.032972027361392986,0.3882440313696861,0.28448179382830857,0.2460031345486641,0.1282996996305883,0.12156103253364563,0.15708672804757953,0.06632245944347233,0.03815157182398252,0.08279196401126683,1.1701352670788765,0.3630151689052582,0.14329209215939046,0.2913691230118275,0.0828467063140124,0.06631592114772503,0.19060518313199282,0.06501891762018204,0.043994955497328195,0.08867213185876607,0.6834955744445324,0.8142913445830345,0.27634990215301514,0.6330802969634532,0.0,0.03404535404406488,0.12344173723831772,0.027523312962148338,0.07536399341188371,0.29949386063963174,0.16685415860265493,0.21606678292155265,0.0873289279639721,0.255535888671875,0.12499999990686775,0.05448679176624864,0.029852290282724424,0.07076157374540344,1.1701352670788765,0.019678128821154436,0.012765323777817767,0.022090464110979195,0.21634069961620356,0.3529785940234867
123,C2,0.3,64,0,2000,phase23_new,0.7573762446641922,1.3457780301570892,1.1768035650253297,1.115145156532526,1.197356367856264,0.24610939100384713,0.3882488548755646,0.2842789262533188,0.24610939100384713,0.3882488548755646,0.2842789262533188,0.27192061934620143,0.4140600822865963,0.2842789262533188,0.36490150839090346,0.3554848423227668,0.5570973228663206,0.29225944355130196,0.36490150839090346,0.3554848423227668,0.5570973228663206,0.29225944355130196,0.39787353575229645,0.40063407346606256,0.5655464239418506,0.31580247562378644,0.7882054336369038,1.3457780122756957,1.115145156532526,0.24610939100384713,0.27192061934620143,1.1048770558371372,0.025811228342354303,0.36490150839090346,0.39787353575229645,1.090358703932984,0.032972027361392986,0.38824885003268716,0.2842789202928543,0.24610938932746648,0.1297251802869141,0.11849480927921832,0.15751474862918258,0.06608916169498116,0.03806677375687286,0.08185250690439716,1.1954603157937527,0.36268540043383835,0.14376962753012776,0.2908005859702826,0.08404039526358247,0.06463318192672887,0.19305025469511747,0.06459564578253776,0.04393957331776619,0.08825771939009427,0.6888228423893452,0.8182558730244637,0.2796949058771133,0.6392603576183319,0.0,0.02105758319958113,0.12591447243466974,0.027498717547859996,0.07231591090094298,0.2978908747434616,0.1643385013565421,0.21572162453085184,0.0880003722384572,0.24910907745361327,0.12499999990686775,0.05393318610731512,0.02969728715834208,0.06902563025942073,1.1954603157937527,0.019722342925767102,,,,
123,C2,0.3,32,1,2000,phase23_new,0.7580749481916428,1.3399288654327393,1.1637078315019607,1.10548932030797,1.1831140018999577,0.2461149152368307,0.38604935444891453,0.2798688797280192,0.2461149152368307,0.38604935444891453,0.2798688797280192,0.27167070768773555,0.41160514652729036,0.2798688797280192,0.36490150839090346,0.3554848423227668,0.5570973228663206,0.29225944355130196,0.36490150839090346,0.3554848423227668,0.5570973228663206,0.29225944355130196,0.39787353575229645,0.40063407346606256,0.5655464239418506,0.31580247562378644,0.7871842347085476,1.3399288937449456,1.10548932030797,0.2461149152368307,0.27167070768773555,1.103836829337682,0.025555792450904835,0.36490150839090346,0.39787353575229645,1.090358703932984,0.032972027361392986,0.386049347743392,0.2798688743263483,0.24611491039395333,0.12737011378630997,0.11999609116464853,0.15837886249646543,0.06582000053022057,0.03752880356041714,0.0811808574362658,1.1661048479378224,0.36289667412638665,0.14665012154728174,0.2895716141909361,0.08411562629044056,0.06363118801982637,0.19208551961928605,0.0636712763691321,0.04316514715319499,0.08688478836556897,0.6688587255775928,0.7901720590889454,0.27377269640564916,0.6114525012671947,0.0,0.039094517688499766,0.13259181203320622,0.027853074786253273,0.07415956591721624,0.29923091642558575,0.16683101765811442,0.21581540759652854,0.08745170207694172,0.2556793212890625,0.12499999990686775,0.05315591702237725,0.02937958817346953,0.06913461817894132,1.1661048479378224,0.01950701295087735,0.012886402329587501,0.02218763930343528,0.21643165527744052,0.35354594309524506
123,C2,0.3,64,1,2000,phase23_new,0.7512763231992722,1.371469396352768,1.2403861463069916,1.1788216888904572,1.260907632112503,0.24352429509162904,0.3865289553999901,0.2860093221068382,0.24352429509162904,0.3865289553999901,0.2860093221068382,0.26998165994882584,0.412986321747303,0.2860093221068382,0.36490150839090346,0.3554848423227668,0.5570973228663206,0.29225944355130196,0.36490150839090346,0.3554848423227668,0.5570973228663206,0.29225944355130196,0.39787353575229645,0.40063407346606256,0.5655464239418506,0.31580247562378644,0.7820585444569588,1.3714693874120711,1.1788216888904572,0.24352429509162904,0.26998165994882584,1.1086436359347305,0.026457364857196797,0.36490150839090346,0.39787353575229645,1.090358703932984,0.032972027361392986,0.38652895092964173,0.28600931242108346,0.24352429565042258,0.12995911967009305,0.11242937981151044,0.16019980097189546,0.06748161786235869,0.039015903044492005,0.08238540753955022,1.244787871837616,0.36140136532485484,0.1447067515924573,0.2890479894354939,0.08484718208201229,0.06274566964639235,0.20177438855171204,0.06506811827421188,0.04472945363959298,0.08831505175912753,0.6874247461557388,0.8299640089273452,0.27244274169206617,0.641979917138815,0.0,-0.0108102913829498,0.14206634247675537,0.03026991941733286,0.08018895261920989,0.2953201515600085,0.15784891238436102,0.21639569643884898,0.08653881633654237,0.23369369506835938,0.12499999990686775,0.05336076230742037,0.03048948898795061,0.06828553705709055,1.244787871837616,0.02013742004831632,,,,
42,C0,0,32,0,2000,phase22_reused,0.9473165005445481,1.7478042662143707,1.6009755253791809,1.4940459564328195,1.6366187150279679,0.24210536014288664,0.3932135008275509,0.3022162843495607,0.24210536014288664,0.3932135008275509,0.3022162843495607,0.26378176994621755,0.4148899108171463,0.3022162843495607,0.362560535594821,0.3434945423156023,0.6185482237488031,0.2780276270583272,0.362560535594821,0.3434945423156023,0.6185482237488031,0.2780276270583272,0.383615081012249,0.36956038400530816,0.6179792515933513,0.3042789431288838,1.0007813215255736,1.7478042915463448,1.4940459564328195,0.24210536014288664,0.26378176994621755,1.0895329611477327,0.02167640980333091,0.362560535594821,0.383615081012249,1.0580718069132529,0.021054545417428017,0.3932134959846735,0.30221629291772845,0.24210534878075124,0.14156979769468309,0.07195629687048495,0.17644617352634667,0.04932126691564918,0.014691369998035952,0.04922326927771792,1.359897817671299,0.36198491994291543,0.14972059028223156,0.2871246252208948,0.09942417414858937,0.03625325708053424,0.22839364539831877,0.03316997135989368,0.011145108530763536,0.023520801338599996,0.7510155238211155,0.9263483829796314,0.28784133233129977,0.6972550012171268,0.0,-0.007375020807376132,0.2506352551281452,0.05845489811617881,0.1551759522408247,0.28715585730969906,0.13791686119511723,0.21819742573425174,0.08167155794799327,0.15688858032226563,0.12499999990686775,0.029276456357911228,0.010399727377807722,0.022382564819417895,1.359897817671299,0.01686502986898025,0.014679092813746172,0.023523156040400936,0.36644317989163244,0.445623336960353
42,C0,0,64,0,2000,phase22_reused,0.9532127887010574,1.731004011631012,1.555582445859909,1.453942782431841,1.5894623336692653,0.24527211897075177,0.3968966484069824,0.3032490577548742,0.24527211897075177,0.3968966484069824,0.3032490577548742,0.26697477959096433,0.418599309772253,0.3032490577548742,0.362560535594821,0.3434945423156023,0.6185482237488031,0.2780276270583272,0.362560535594821,0.3434945423156023,0.6185482237488031,0.2780276270583272,0.383615081012249,0.36956038400530816,0.6179792515933513,0.3042789431288838,1.004032614082098,1.731003999710083,1.453942782431841,0.24527211897075177,0.26697477959096433,1.088484009969354,0.02170266062021256,0.362560535594821,0.383615081012249,1.0580718069132529,0.021054545417428017,0.39689664356410503,0.3032490499317646,0.2452721182256937,0.14404877070337535,0.06673742509447038,0.18089427668601274,0.05324779511429369,0.015421498636715113,0.05030818408122286,1.3566910691559315,0.3641325134783983,0.15344411749392747,0.28741045445203783,0.10068305963650345,0.03218597575469175,0.2353168750181794,0.03836135163437575,0.012199931329814718,0.02591442611301318,0.7670600406825543,0.926384712010622,0.30386768467724323,0.706148499250412,0.0,-0.0036979492113459857,0.25425362028181553,0.058333319565281275,0.15608556172810495,0.28821437023580077,0.1435017628595233,0.2164634872227907,0.08483456945978105,0.14820575714111328,0.125,0.03090842782985419,0.010733981657540425,0.023309267411241306,1.3566910691559315,0.01687853323916594,,,,
42,C0,0,32,1,2000,phase22_reused,0.9301730483770371,1.6663777112960816,1.4724093139171601,1.3711336009204387,1.5061678849160671,0.24926768969744445,0.40243552140891553,0.30633566416800023,0.24926768969744445,0.40243552140891553,0.30633566416800023,0.2719788782298565,0.4251467105001211,0.30633566416800023,0.362560535594821,0.3434945423156023,0.6185482237488031,0.2780276270583272,0.362560535594821,0.3434945423156023,0.6185482237488031,0.2780276270583272,0.383615081012249,0.36956038400530816,0.6179792515933513,0.3042789431288838,0.9808108933269978,1.6663776904344558,1.3711336009204387,0.24926768969744445,0.2719788782298565,1.0911116421064373,0.022711188532412052,0.362560535594821,0.383615081012249,1.0580718069132529,0.021054545417428017,0.4024355191737413,0.30633566007018087,0.24926768895238638,0.14392717145383357,0.05791515987366438,0.19329741839319467,0.05341785764321685,0.015586446016095578,0.047726953227538615,1.3466775469481944,0.3684394331648946,0.15636618370190264,0.29025634098798037,0.09994676839560271,0.025133668373655382,0.2506453825160861,0.04022967414930463,0.01287632099702023,0.026424592902185396,0.7875833153724671,0.9301537744700908,0.3225064281374216,0.7064180396497249,0.0,0.036377508821897206,0.23990684244781732,0.05519413703586906,0.14479658617638053,0.2896158551797271,0.14911654694005846,0.21505758175626397,0.08576772916130722,0.1338592529296875,0.12499999990686775,0.031523464154452084,0.0107660069828853,0.02350648634019308,1.3466775469481944,0.017533902016778787,0.014642664485233759,0.02361469766982596,0.3863391188270531,0.46099894664754215
42,C0,0,64,1,2000,phase22_reused,0.949395427107811,1.7186811864376068,1.5385714948177338,1.4325461752712727,1.5739132679998875,0.2435696789994836,0.39469521418213843,0.3022510685026646,0.2435696789994836,0.39469521418213843,0.3022510685026646,0.2659421607851982,0.41706769466400145,0.3022510685026646,0.362560535594821,0.3434945423156023,0.6185482237488031,0.2780276270583272,0.362560535594821,0.3434945423156023,0.6185482237488031,0.2780276270583272,0.383615081012249,0.36956038400530816,0.6179792515933513,0.3042789431288838,1.002408104389906,1.7186811864376068,1.4325461752712727,0.2435696789994836,0.2659421607851982,1.0918524911541312,0.022372481785714632,0.362560535594821,0.383615081012249,1.0580718069132529,0.021054545417428017,0.394695208221674,0.3022510655224323,0.24356967490166426,0.1422874686308205,0.06801495174877345,0.1755170114338398,0.0533838733099401,0.015460813575191423,0.04965855323243886,1.3644243143498898,0.3627563688904047,0.15130027197301388,0.2871062342077494,0.09852610118687152,0.0334721900333534,0.23215172328054906,0.03849686461035162,0.012144971010275184,0.025805532571393997,0.758285304158926,0.9248657442629338,0.29585243202745914,0.7035409331321716,0.0,-0.04717513927607797,0.2511626733466983,0.05852461156900972,0.15328278243541718,0.28779673092067243,0.14291198849678038,0.21634073704481124,0.0840266868006438,0.149786376953125,0.125,0.03185232235118747,0.010912068095058203,0.02386694274027832,1.3644243143498898,0.01732274896154801,,,,
42,C1,0.03,32,0,2000,phase23_new,0.8745152711868286,1.4802771389484406,1.2115237414836884,1.1733331181108952,1.2242539492746194,0.2573961490765214,0.39926808439195155,0.2837438702583313,0.2573961490765214,0.39926808439195155,0.2837438702583313,0.27914919387549164,0.42102112956345084,0.2837438702583313,0.3685758586972952,0.3489864766597748,0.653450983390212,0.27866992391645906,0.3685758586972952,0.3489864766597748,0.653450983390212,0.27866992391645906,0.3918819956481457,0.3823066221550107,0.655944786965847,0.2938203429803252,0.893610592931509,1.4802771508693695,1.1733331181108952,0.2573961490765214,0.27914919387549164,1.0845119279251658,0.021753044798970222,0.3685758586972952,0.3918819956481457,1.0632329448630313,0.023306136950850487,0.3992680814117193,0.2837438710033894,0.2573961464688182,0.1372208448126912,0.07722851387225091,0.1844287933781743,0.04199506889563054,0.013223751832265407,0.030947579513303937,1.251624760776758,0.37443364821374414,0.16271051708608866,0.2930783903226256,0.1032104168087244,0.016772054905231926,0.27083514872938397,0.030952728958800434,0.012355609267251566,0.02215873881941661,0.7342077843844891,0.8013406492769718,0.33353745974600313,0.6269858844578267,0.0,-0.22590354243293403,0.19396247640252112,0.028469586244318633,0.07799285734072328,0.29510012045502665,0.14056043038144708,0.22481990456581116,0.07854915661737323,0.20989151000976564,0.125,0.02470761154545471,0.011040059287915937,0.022886882396414877,1.251624760776758,0.01634119985004266,0.014410267987478223,0.023039278095946233,0.36425385712367964,0.4456348916371974
42,C1,0.03,64,0,2000,phase23_new,0.8687936723232269,1.4514894485473633,1.1653915494680405,1.1298643916845321,1.1772339353958765,0.25568580329418183,0.40000865757465365,0.28864570409059526,0.25568580329418183,0.40000865757465365,0.28864570409059526,0.27690013591200113,0.42122298926115037,0.28864570409059526,0.3685758586972952,0.3489864766597748,0.653450983390212,0.27866992391645906,0.3685758586972952,0.3489864766597748,0.653450983390212,0.27866992391645906,0.3918819956481457,0.3823066221550107,0.655944786965847,0.2938203429803252,0.8865572653710843,1.4514894604682922,1.1298643916845321,0.25568580329418183,0.27690013591200113,1.0829703188229458,0.021214332617819298,0.3685758586972952,0.3918819956481457,1.0632329448630313,0.023306136950850487,0.40000865459442136,0.28864569365978243,0.2556858088821173,0.14160403627902268,0.07368499564472586,0.18798984549939632,0.03987010349519551,0.012858952023088932,0.02928867731243372,1.256779396533966,0.37533333636820315,0.16429798845201732,0.2931843426078558,0.10619524037465453,0.016466065291933774,0.271476505510509,0.02929208616260439,0.012042994936928153,0.02161318024736829,0.7351230919361115,0.8245118305087089,0.32286717630922795,0.6448451422154904,0.0,-0.18620053455233573,0.18131770212203263,0.026928067940752955,0.07135395961813629,0.295458247885108,0.14396016467362643,0.22347816564142703,0.08218526835553348,0.1993917465209961,0.125,0.024341991276014597,0.010871592184412294,0.022664516331860795,1.256779396533966,0.01592218608905872,,,,
42,C1,0.03,32,1,2000,phase23_new,0.838482317328453,1.4611427664756775,1.2453208982944488,1.212687648832798,1.256198648114999,0.2443230329081416,0.39549751207232475,0.3023489575833082,0.2443230329081416,0.39549751207232475,0.3023489575833082,0.26506723556667566,0.4162417136132717,0.3023489575833082,0.3685758586972952,0.3489864766597748,0.653450983390212,0.27866992391645906,0.3685758586972952,0.3489864766597748,0.653450983390212,0.27866992391645906,0.3918819956481457,0.3823066221550107,0.655944786965847,0.2938203429803252,0.8547989465296268,1.4611427709460258,1.212687648832798,0.2443230329081416,0.26506723556667566,1.0849048180665524,0.02074420265853405,0.3685758586972952,0.3918819956481457,1.0632329448630313,0.023306136950850487,0.3954975061118603,0.3023489587008953,0.24432302601635456,0.14359721280634402,0.07166723455302418,0.1845743166282773,0.039675726625137034,0.012577221606625244,0.02989463834092021,1.2989863015711307,0.36853281930089,0.16052239071577787,0.2882716227322817,0.10371469352394343,0.019163208805730393,0.2522123737260699,0.02759950920008123,0.011190611257916316,0.02016900453600101,0.7384387530386448,0.8913104973733426,0.29278350435197353,0.6806633584201336,0.0,-0.08441370350774377,0.1753647569566965,0.027839883370324968,0.07614086682442575,0.2909885924309492,0.1517046770080924,0.21513625234365463,0.08411042159423232,0.18802909851074218,0.125,0.02839638221776113,0.01136144985212013,0.023823015205562115,1.2989863015711307,0.015578700912495455,0.01414848844587927,0.022782501677634914,0.36734046288214006,0.44834678795216376
42,C1,0.03,64,1,2000,phase23_new,0.8523073643445969,1.443265837430954,1.1819169402122498,1.148433156311512,1.1930782015124959,0.24984655305743217,0.39894940741360185,0.2982057075947523,0.24984655305743217,0.39894940741360185,0.2982057075947523,0.2704921752214432,0.4195950277149677,0.2982057075947523,0.3685758586972952,0.3489864766597748,0.653450983390212,0.27866992391645906,0.3685758586972952,0.3489864766597748,0.653450983390212,0.27866992391645906,0.3918819956481457,0.3823066221550107,0.655944786965847,0.2938203429803252,0.8690492384135723,1.4432658150792121,1.148433156311512,0.24984655305743217,0.2704921752214432,1.0826332079084766,0.02064562216401103,0.3685758586972952,0.3918819956481457,1.0632329448630313,0.023306136950850487,0.39894940294325354,0.2982056953012943,0.2498465556651354,0.1445892671123147,0.07202068911865353,0.18811245113611222,0.03798569901846349,0.012559367227368057,0.029040182498283683,1.2846118420362473,0.3727517370134592,0.1628053668886423,0.29134905356913804,0.10605067647993564,0.01698262622803668,0.2623568890616298,0.027174367744009942,0.011457819258794188,0.020370521442964674,0.7423723258078099,0.8684434235095978,0.3081506140530109,0.6774470776319503,0.0,-0.11627090363763273,0.16585726607590914,0.026720086904242636,0.07240710440091788,0.2924078507348895,0.14809447042644025,0.2183606165461242,0.08363468907773494,0.1932222366333008,0.12499999981373548,0.026289059198461473,0.011084588876110501,0.023154139542020856,1.2846118420362473,0.015490940337379773,,,,
42,C1,0.1,32,0,2000,phase22_reused,0.7843578368425369,1.3752781450748444,1.1818406105041503,1.143143504858017,1.1947396457195283,0.24349538795650005,0.39180327504873275,0.29661577455699445,0.24349538795650005,0.39180327504873275,0.29661577455699445,0.26657835245132444,0.4148862387984991,0.29661577455699445,0.36615581847727297,0.34410613514482974,0.6393804963678121,0.2873401831835508,0.36615581847727297,0.34410613514482974,0.6393804963678121,0.2873401831835508,0.3832232039421797,0.3704264430329204,0.6233826231211423,0.3032127579674125,0.8037063933908939,1.3752781465649604,1.143143504858017,0.24349538795650005,0.26657835245132444,1.094798364308026,0.023082964494824387,0.36615581847727297,0.3832232039421797,1.046612356280134,0.017067385464906715,0.3918032683432102,0.296615768969059,0.24349538516253233,0.14460475500673056,0.054879026999697086,0.18616004213690757,0.05269172650296241,0.023495323478709907,0.04628253097180277,1.4008637189865112,0.36605898961424826,0.15833954820409418,0.2868892144411802,0.10655825976282358,0.026156007246754598,0.24162594676017762,0.048041741061024365,0.024807675764895974,0.0454547053668648,0.7170781813561916,0.8697159253060818,0.2822202187031507,0.6764612995088101,0.0,0.014806048534228466,0.13540722848847508,0.021562273777090014,0.05637109936214983,0.28912860061973333,0.14305081339553,0.21760319359600544,0.08297781636938453,0.12245445251464844,0.12499999990686775,0.040731581929139796,0.021517923433566465,0.043315661989618094,1.4008637189865112,0.017225165292620657,0.013407602793264894,0.022379740866565415,0.2781229274047952,0.38382428170440125
42,C1,0.1,64,0,2000,phase22_reused,0.7935700327157974,1.3811626732349396,1.1751852869987487,1.1353252992033958,1.1884719495971996,0.2455604024231434,0.39365665167570113,0.29619249869138004,0.2455604024231434,0.39365665167570113,0.29619249869138004,0.26788106448948384,0.41597731336951255,0.29619249869138004,0.36615581847727297,0.34410613514482974,0.6393804963678121,0.2873401831835508,0.36615581847727297,0.34410613514482974,0.6393804963678121,0.2873401831835508,0.3832232039421797,0.3704264430329204,0.6233826231211423,0.3032127579674125,0.8134999729692935,1.3811626240611077,1.1353252992033958,0.2455604024231434,0.26788106448948384,1.0908968296438857,0.022320662066340452,0.36615581847727297,0.3832232039421797,1.046612356280134,0.017067385464906715,0.39365664646029475,0.29619249757379296,0.24556039813905955,0.145298180449754,0.056582823395729065,0.18563627041876316,0.05107480369042605,0.023026701295748353,0.04542219155700877,1.3985607087612153,0.3649030949920416,0.15397615609690546,0.2879150168970227,0.10682497024536133,0.02688374967448226,0.2363441415131092,0.04566937533672899,0.024164762615691872,0.044353224360384046,0.734735407680273,0.8816758237779141,0.293897495791316,0.6878204472362995,0.0,0.04787247432395816,0.13740670029073954,0.021317940251901746,0.0566328626126051,0.2896029744297266,0.13762179370969535,0.22079207776114346,0.08180490294471383,0.12641429901123047,0.12499999990686775,0.039627015287987885,0.021320025570457802,0.04253779499558732,1.3985607087612153,0.01676107191791137,,,,
42,C1,0.1,32,1,2000,phase22_reused,0.7955393522977829,1.3791362285614013,1.167193752527237,1.1263202361762523,1.1808182579775652,0.2470581678673625,0.39108764864504336,0.28805896267294884,0.2470581678673625,0.39108764864504336,0.28805896267294884,0.2695230472832918,0.41355252750217913,0.28805896267294884,0.36615581847727297,0.34410613514482974,0.6393804963678121,0.2873401831835508,0.36615581847727297,0.34410613514482974,0.6393804963678121,0.2873401831835508,0.3832232039421797,0.3704264430329204,0.6233826231211423,0.3032127579674125,0.8159761406481266,1.3791362568736076,1.1263202361762523,0.2470581678673625,0.2695230472832918,1.0909295151415108,0.022464879415929284,0.36615581847727297,0.3832232039421797,1.046612356280134,0.017067385464906715,0.39108764156699183,0.2880589546635747,0.24705816432833672,0.1398054133169353,0.061159788793884215,0.18708358416333795,0.05097258158493787,0.022648113808827475,0.04486625308636576,1.3857311874628067,0.3616596557199955,0.14553858982399107,0.2888903612270951,0.10230436464771628,0.029180095885749324,0.22716685812920331,0.04410342031624168,0.02342479270300828,0.04335436831461266,0.7251861184835434,0.8524593122303485,0.2989564623683691,0.6623623490333557,0.0,0.13479350167326629,0.14472785657271742,0.022298622387461366,0.057943201949819924,0.2909136198461056,0.1367267553694546,0.2225502420216799,0.07948066610842944,0.1364116668701172,0.125,0.040413447306491435,0.021279211691580712,0.04237354297656566,1.3857311874628067,0.016961207985877993,0.013533952104103167,0.022452483620492496,0.270174888995396,0.3788957160184371
42,C1,0.1,64,1,2000,phase22_reused,0.8026360541582107,1.4116744935512542,1.2180768728256226,1.174834532290697,1.2324909863372642,0.24769939575344324,0.3926649931818247,0.2899311948567629,0.24769939575344324,0.3926649931818247,0.2899311948567629,0.2696769883856177,0.41464258581399915,0.2899311948567629,0.36615581847727297,0.34410613514482974,0.6393804963678121,0.2873401831835508,0.36615581847727297,0.34410613514482974,0.6393804963678121,0.2873401831835508,0.3832232039421797,0.3704264430329204,0.6233826231211423,0.3032127579674125,0.8242572605609894,1.4116745263338089,1.174834532290697,0.24769939575344324,0.2696769883856177,1.0887268722046084,0.02197759263217447,0.36615581847727297,0.3832232039421797,1.046612356280134,0.017067385464906715,0.3926649857312441,0.28993119616061447,0.24769938718527557,0.14194421619176864,0.05956707636360079,0.1856965148821473,0.05136370644904673,0.0227866496774368,0.045274525403510776,1.3873845741152764,0.362257269769907,0.14496475616469978,0.28977489210665225,0.10365970265120268,0.02772949353893637,0.2279897566884756,0.04287603909615427,0.023520138958701864,0.043356994225177914,0.7345397837460041,0.8665312953293324,0.3012741360813379,0.6734088338911534,0.0,0.11128342531155795,0.1636751526966691,0.0236409071017988,0.06187917899806052,0.29084272459149363,0.13511533113196492,0.2232850594446063,0.08086154568009078,0.1341543197631836,0.125,0.03920022884849459,0.021197790856240316,0.04218852177727968,1.3873845741152764,0.016622321183482804,,,,
42,C1,0.3,32,0,2000,phase23_new,0.8494414716959,1.3695903182029725,1.0402976900339127,0.9999494425952434,1.0537471058468024,0.2622970312833786,0.38713933862745764,0.2496846139431,0.2622970312833786,0.38713933862745764,0.2496846139431,0.28103762939572335,0.4058799374848604,0.2496846139431,0.3641667034476995,0.3490555346012115,0.6163233999162913,0.2859873140230775,0.3641667034476995,0.3490555346012115,0.6163233999162913,0.2859873140230775,0.3832270909100771,0.372354369983077,0.62671451382339,0.30184782929718496,0.8696156136691571,1.3695903360843658,0.9999494425952434,0.2622970312833786,0.28103762939572335,1.0714479993183679,0.018740598112344742,0.3641667034476995,0.3832270909100771,1.0523397314524527,0.019060387462377593,0.3871393382549286,0.24968461152166127,0.26229703295975926,0.1286524144001305,0.07866943185217679,0.171574523486197,0.0636365842539817,0.026732737466227265,0.05894043166190386,1.3857856437563896,0.36346858981996777,0.1456981069408357,0.2906195353716612,0.10208749724552035,0.04430359108737321,0.2078222507610917,0.06006173235364258,0.03022684086463414,0.06204623008379713,0.6917036823928356,0.6085078790783882,0.38744974285364153,0.5134045463055372,0.0,0.08601476867916062,0.1293591390363872,0.018411200371338053,0.059116280102171,0.29677038118243215,0.15152469873428345,0.22100803274661301,0.08227361626923084,0.1627727508544922,0.12499999981373548,0.053908802755177024,0.022261676285415886,0.051954671484418215,1.3857856437563896,0.014617343495289486,0.013542605359026336,0.02252289555775309,0.28839372187249257,0.39042960505734453
42,C1,0.3,64,0,2000,phase23_new,0.8189966768026352,1.3944346010684967,1.150875848531723,1.1142941772937776,1.1630697389443716,0.2537438882514834,0.39134506285190584,0.27520235180854796,0.2537438882514834,0.39134506285190584,0.27520235180854796,0.2727313593029976,0.4103325340896845,0.27520235180854796,0.3641667034476995,0.3490555346012115,0.6163233999162913,0.2859873140230775,0.3641667034476995,0.3490555346012115,0.6163233999162913,0.2859873140230775,0.3832270909100771,0.372354369983077,0.62671451382339,0.30184782929718496,0.8372875399887562,1.3944346278905868,1.1142941772937776,0.2537438882514834,0.2727313593029976,1.0748292744402808,0.01898747105151416,0.3641667034476995,0.3832270909100771,1.0523397314524527,0.019060387462377593,0.39134505912661555,0.2752023465931416,0.2537438854575157,0.14112778510898352,0.07093145600520075,0.17451441157609224,0.06591633278876544,0.027463321486720815,0.059956538444384935,1.3888914451003074,0.3660557702183723,0.15686834640800953,0.2876215962693095,0.10731000928208231,0.03889435017190408,0.2160862497985363,0.06320617729797959,0.03153021095786244,0.06370819273870439,0.7106772221624851,0.7122271321713924,0.3545636564493179,0.6174772545695305,0.0,0.060783400980290024,0.1388189191929996,0.01833820898318663,0.059299387782812116,0.2972329843789339,0.15686251558363437,0.21880172658711672,0.08544876808300614,0.14873390197753905,0.125,0.05277223563753068,0.02211917934473604,0.051712549768853935,1.3888914451003074,0.014745380729436874,,,,
42,C1,0.3,32,1,2000,phase23_new,0.7917201489210128,1.3859384298324584,1.1884365618228911,1.1554679043591023,1.1994261143108211,0.24861925914883615,0.39078103490173816,0.2843235496431589,0.24861925914883615,0.39078103490173816,0.2843235496431589,0.2680510710924864,0.4102128461003304,0.2843235496431589,0.3641667034476995,0.3490555346012115,0.6163233999162913,0.2859873140230775,0.3641667034476995,0.3490555346012115,0.6163233999162913,0.2859873140230775,0.3832270909100771,0.372354369983077,0.62671451382339,0.30184782929718496,0.8082044452428818,1.385938397049904,1.1554679043591023,0.24861925914883615,0.2680510710924864,1.0781589166107899,0.019431811943650235,0.3641667034476995,0.3832270909100771,1.0523397314524527,0.019060387462377593,0.3907810278236866,0.2843235436826944,0.24861925654113293,0.13768548034131528,0.07631823569536209,0.17078604307025672,0.06162485922686756,0.025481157074682414,0.053963709773961456,1.4223166674375534,0.36359714455902575,0.14408643078058958,0.29155392944812775,0.09947255700826645,0.041972048247407655,0.20946514438837766,0.05662676109932363,0.028352563659427687,0.05669683914165944,0.7260438784956932,0.822927575558424,0.3145800907164812,0.6714779935777188,0.0,0.06383708356006537,0.14239621264860033,0.020894033613149076,0.06304090796038508,0.29354635905474424,0.13590756822377442,0.22559257447719575,0.07588660018518567,0.15979690551757814,0.125,0.05080346413888037,0.02124404867645353,0.04488057114649564,1.4223166674375534,0.015056511697669825,0.013491970288662097,0.02243678011720022,0.3013282956733728,0.4007897939742818
42,C1,0.3,64,1,2000,phase23_new,0.8101354628801346,1.3804585695266725,1.1406462162733078,1.1053823471069335,1.152400839328766,0.2527178697288036,0.38945506177842615,0.27347438484430314,0.2527178697288036,0.38945506177842615,0.27347438484430314,0.2717862635850906,0.40852345414459706,0.27347438484430314,0.3641667034476995,0.3490555346012115,0.6163233999162913,0.2859873140230775,0.3641667034476995,0.3490555346012115,0.6163233999162913,0.2859873140230775,0.3832270909100771,0.372354369983077,0.62671451382339,0.30184782929718496,0.8277673631906509,1.3804585382342338,1.1053823471069335,0.2527178697288036,0.2717862635850906,1.0754532866106765,0.019068393856287003,0.3641667034476995,0.3832270909100771,1.0523397314524527,0.019060387462377593,0.3894550520926714,0.2734743818640709,0.25271786116063594,0.13920281324535608,0.07674365071579814,0.16989243645220994,0.06178741403855383,0.025841728929663077,0.05560066867619753,1.4076703742146492,0.36397307813167573,0.14610560778528453,0.2909202739596367,0.10351854953914881,0.04284678386247833,0.20994396209716798,0.0574679690413177,0.028902617027051748,0.058259573928080496,0.7110800005495548,0.745672307163477,0.33824384659528733,0.6392275087535382,0.0,0.04907586158369668,0.13585526468232273,0.020547353802248834,0.06414433231111616,0.29488317035138606,0.14388707429170608,0.22293963357806207,0.08110465686768294,0.15948619842529296,0.125,0.05136942160315812,0.021426156704546884,0.04694135909667239,1.4076703742146492,0.014849581445256868,,,,
42,C2,0.03,32,0,2000,phase23_new,0.8372193574905396,1.3647643625736237,1.0550900161266328,1.0214164949953557,1.0663145231703917,0.24777702298015356,0.38947312012314794,0.28339219409972427,0.24777702298015356,0.38947312012314794,0.28339219409972427,0.26958139073103665,0.411277486756444,0.28339219409972427,0.36094977185130117,0.35278558991849424,0.586456073820591,0.27703880332410336,0.36094977185130117,0.35278558991849424,0.586456073820591,0.27703880332410336,0.38174290731549265,0.3797078369185328,0.5888464268296957,0.2946759631857276,0.8540560878813267,1.3647643357515336,1.0214164949953557,0.24777702298015356,0.26958139073103665,1.0879999585459124,0.021804367750883097,0.36094977185130117,0.38174290731549265,1.057606728375375,0.02079313546419148,0.38947311639785764,0.2833921857178211,0.24777702447026967,0.13618309600278736,0.07799523745197803,0.18133943285793067,0.03706613720860332,0.013593202119227498,0.02749184099957347,1.29574723392725,0.36796972900629044,0.15239632036536932,0.29177156928926706,0.09695533607155085,0.020281780029927178,0.253609536960721,0.027575030643492936,0.012197402186575345,0.02113527020555921,0.6954299375414849,0.817750234156847,0.2865548197180033,0.630213812738657,0.0,-0.1353284484706819,0.15531492214649917,0.02303021199768409,0.052615874772891404,0.2906673664227128,0.15519733233377336,0.21306869955733418,0.08622748907655478,0.205706787109375,0.125,0.02529977059457451,0.01385107376263477,0.02818280066130683,1.29574723392725,0.016765657750268777,0.01394450855780673,0.022508510710013162,0.3401707521924057,0.42759625746694063
42,C2,0.03,64,0,2000,phase23_new,0.8441087454557419,1.3626301288604736,1.0370427697896958,1.0020106442272663,1.0487201449771721,0.24880542065948247,0.39222172312438486,0.28683260679244993,0.24880542065948247,0.39222172312438486,0.28683260679244993,0.27082373984158037,0.41424004212021825,0.28683260679244993,0.36094977185130117,0.35278558991849424,0.586456073820591,0.27703880332410336,0.36094977185130117,0.35278558991849424,0.586456073820591,0.27703880332410336,0.38174290731549265,0.3797078369185328,0.5888464268296957,0.2946759631857276,0.8616248019039631,1.3626301288604736,1.0020106442272663,0.24880542065948247,0.27082373984158037,1.088496139367608,0.0220183191820979,0.36094977185130117,0.38174290731549265,1.057606728375375,0.02079313546419148,0.39222171567380426,0.28683260791003706,0.2488054119050503,0.14055069182068108,0.07667028608266264,0.18409692421555518,0.03613478648476302,0.013577014283509926,0.027265563292894514,1.2858059391379357,0.3698191113770008,0.15714300647377968,0.29124760851264,0.10188855258747935,0.018861695385476197,0.25709482114762067,0.027447396260686218,0.01231868460017722,0.021242507809074596,0.7045680686831475,0.8260216288268566,0.29155725464224813,0.646929906308651,0.0,-0.1269994623027742,0.14689185274764896,0.022575699363369495,0.051510063372552393,0.29174474310129883,0.15268064923584462,0.2154044178314507,0.086447418294847,0.20422897338867188,0.12499999990686775,0.024734383262693883,0.01368670966476202,0.027984792250208557,1.2858059391379357,0.016904810816049578,,,,
42,C2,0.03,32,1,2000,phase23_new,0.8381178647279739,1.365064686536789,1.0538936376571655,1.021059562265873,1.0648383294542632,0.24535183534026145,0.397334061190486,0.303964451700449,0.24535183534026145,0.397334061190486,0.303964451700449,0.26719275806099174,0.4191749840974808,0.303964451700449,0.36094977185130117,0.35278558991849424,0.586456073820591,0.27703880332410336,0.36094977185130117,0.35278558991849424,0.586456073820591,0.27703880332410336,0.38174290731549265,0.3797078369185328,0.5888464268296957,0.2946759631857276,0.8545349083840847,1.365064688026905,1.021059562265873,0.24535183534026145,0.26719275806099174,1.089018786798316,0.021840922720730294,0.36094977185130117,0.38174290731549265,1.057606728375375,0.02079313546419148,0.39733405858278276,0.3039644554257393,0.245351829752326,0.1457616601139307,0.08058483670465648,0.1965186633169651,0.033982606348581613,0.01322534395440016,0.026830613764468582,1.265404001623392,0.36852545775473117,0.16374992653727533,0.28665049392729997,0.10659326715394854,0.01930420017799861,0.24852033313363792,0.025502529845107348,0.011861957400105894,0.020462341577513143,0.7435231775045394,0.8953624159097672,0.2958419695496559,0.6837794505059719,0.0,0.09258093719254248,0.13910310110077262,0.021831381716765463,0.04988396775443107,0.291410530731082,0.15264549432322383,0.21508778296411038,0.0846979676745832,0.21563224792480468,0.12499999990686775,0.023602630372624844,0.013630183509667404,0.028588652960024774,1.265404001623392,0.01663233693689108,0.013948982432880268,0.022482445490766147,0.3299527262948338,0.4208478143692411
42,C2,0.03,64,1,2000,phase23_new,0.8398155361413956,1.3654684126377106,1.0513057500123977,1.0168457478284836,1.0627924174070358,0.24628881737589836,0.39452495872974397,0.2964722830802202,0.24628881737589836,0.39452495872974397,0.2964722830802202,0.2684204256162047,0.41665656603872775,0.2964722830802202,0.36094977185130117,0.35278558991849424,0.586456073820591,0.27703880332410336,0.36094977185130117,0.35278558991849424,0.586456073820591,0.27703880332410336,0.38174290731549265,0.3797078369185328,0.5888464268296957,0.2946759631857276,0.8570455178618431,1.365468393266201,1.0168457478284836,0.24628881737589836,0.2684204256162047,1.0898603861763159,0.022131608240306355,0.36094977185130117,0.38174290731549265,1.057606728375375,0.02079313546419148,0.39452495127916337,0.2964722793549299,0.24628881085664034,0.1432423884049058,0.07923309141770005,0.1881866917014122,0.035213879635557534,0.013506816636072472,0.027593041968066244,1.2769530057907104,0.3686544045805931,0.16031621787697076,0.2884962946176529,0.10382550889626145,0.018658244865639516,0.25249970275908706,0.026489471725653857,0.012152806762605906,0.021000279823783784,0.7253223225474358,0.8656156957149506,0.2925144746899605,0.6749227561056614,0.0,-0.04141396752966102,0.14529222026467323,0.022688636172097175,0.05281335052568466,0.29089856185019014,0.1500577858649194,0.21586967101320625,0.08422895800322294,0.21261920928955078,0.125,0.024052563379518686,0.01375012959470041,0.028665415482828395,1.2769530057907104,0.016896759904921056,,,,
42,C2,0.1,32,0,2000,phase22_reused,0.786653208732605,1.4200291633605957,1.266751915216446,1.197141370922327,1.2899554299811522,0.2471230948343873,0.3950321711599827,0.29581815339624884,0.2471230948343873,0.3950321711599827,0.29581815339624884,0.2694066982716322,0.4173157770186663,0.29581815339624884,0.36970767788589,0.34508148580789566,0.6652699366211892,0.2864812580868602,0.36970767788589,0.34508148580789566,0.6652699366211892,0.2864812580868602,0.3956398356705904,0.37134881094098093,0.6903195023536682,0.3161200011149049,0.8214584529399872,1.4200291380286216,1.197141370922327,0.2471230948343873,0.2694066982716322,1.0901720798381007,0.02228360343724492,0.36970767788589,0.3956398356705904,1.0701423295642358,0.025932157784700427,0.39503216110169886,0.2958181455731392,0.24712308924645185,0.1439920263364911,0.09154772749170662,0.1882606280967593,0.05880655671935529,0.032550719485152514,0.06430277054896578,1.2719035848975182,0.36961247101426126,0.15080647496506572,0.29420923423022033,0.10513292625546455,0.04163838908134494,0.2392477409914136,0.05436278088018298,0.03491417002514936,0.06322299925377592,0.7237798914313316,0.8539949797093869,0.2967824015766382,0.6719457268714905,0.0,0.05889995400211774,0.1534496420994401,0.026765418623108418,0.0668885997729376,0.2933147130534053,0.15215559443458915,0.21723691551014782,0.08486443348228931,0.20801467895507814,0.125,0.04347787571605295,0.029565574310254306,0.06389329271623864,1.2719035848975182,0.016594044802089532,0.013443926820549065,0.02249532673349003,0.2621447963741207,0.3801562660037594
42,C2,0.1,64,0,2000,phase22_reused,0.7819282084703445,1.4038409113883972,1.2438254058361053,1.1803169034421443,1.2649949066340924,0.2467012532055378,0.3956169731914997,0.2978314388543367,0.2467012532055378,0.3956169731914997,0.2978314388543367,0.2692471591755748,0.4181628778576851,0.2978314388543367,0.36970767788589,0.34508148580789566,0.6652699366211892,0.2864812580868602,0.36970767788589,0.34508148580789566,0.6652699366211892,0.2864812580868602,0.3956398356705904,0.37134881094098093,0.6903195023536682,0.3161200011149049,0.8136824682354927,1.403840920329094,1.1803169034421443,0.2467012532055378,0.2692471591755748,1.0913895072565887,0.022545905970037,0.36970767788589,0.3956398356705904,1.0701423295642358,0.025932157784700427,0.3956169631332159,0.29783143699169157,0.24670124445110558,0.14503718074411154,0.09160778569057584,0.18728040512651206,0.05640263410750777,0.03191995757515542,0.06307145212776959,1.2796928122639657,0.3684487286955118,0.14716441174969078,0.29486652109771966,0.10574833927676082,0.043144940234196835,0.23641374930739403,0.05207843712996692,0.0341774623724632,0.06202600331744179,0.7342146396636963,0.869095940887928,0.2996666692197323,0.6863714255392551,0.0,0.06790208389284089,0.14093183502554893,0.025231308303773403,0.06387519747950136,0.29273022469133136,0.14671289697289466,0.2193737762980163,0.0833702121861279,0.20537757873535156,0.125,0.043378213536925614,0.02935929620289244,0.063082515867427,1.2796928122639657,0.01681542464842399,,,,
42,C2,0.1,32,1,2000,phase22_reused,0.7847246795892715,1.4204391300678254,1.271428906917572,1.202142669260502,1.2945243194699292,0.24746543131768703,0.39706593826413156,0.2992010127753019,0.24746543131768703,0.39706593826413156,0.2992010127753019,0.27141965050250294,0.4210201561450958,0.2992010127753019,0.36970767788589,0.34508148580789566,0.6652699366211892,0.2864812580868602,0.36970767788589,0.34508148580789566,0.6652699366211892,0.2864812580868602,0.3956398356705904,0.37134881094098093,0.6903195023536682,0.3161200011149049,0.8193677932024002,1.4204391270875931,1.202142669260502,0.24746543131768703,0.27141965050250294,1.0967982439295303,0.02395421918481591,0.36970767788589,0.3956398356705904,1.0701423295642358,0.025932157784700427,0.39706593602895734,0.2992010094225407,0.24746543169021606,0.14537545219063758,0.08763854815624654,0.19272120781242846,0.05289365618955344,0.03123675402603112,0.06157742886571214,1.2854258663952352,0.3686663042753935,0.14887348627671598,0.2942295610904694,0.1085936694405973,0.042993776819639604,0.24126788806170224,0.04700814406387508,0.0333722380164545,0.060853249963838604,0.7468752503395081,0.8814869344234466,0.3061317835003138,0.6826487474143506,0.0,0.09950612530810758,0.14916649414226413,0.02717176267178729,0.06766601132694632,0.2910745685920119,0.13737118504941465,0.22238897625356913,0.08002298725768923,0.19325714111328124,0.125,0.039860789652448145,0.028248967463150622,0.059293970244470987,1.2854258663952352,0.017941160996754964,0.013536717535882644,0.02247883628571896,0.2493340139096037,0.37280179171014516
42,C2,0.1,64,1,2000,phase22_reused,0.7854333281517029,1.4090937852859498,1.2473209142684936,1.186253210157156,1.2676768156389395,0.24793447256088258,0.39509172551333904,0.2943145055323839,0.24793447256088258,0.39509172551333904,0.2943145055323839,0.27111679371446373,0.41827404610812663,0.2943145055323839,0.36970767788589,0.34508148580789566,0.6652699366211892,0.2864812580868602,0.36970767788589,0.34508148580789566,0.6652699366211892,0.2864812580868602,0.3956398356705904,0.37134881094098093,0.6903195023536682,0.3161200011149049,0.8159671805799007,1.4090937852859498,1.186253210157156,0.24793447256088258,0.27111679371446373,1.0935018068045723,0.023182321153581154,0.36970767788589,0.3956398356705904,1.0701423295642358,0.025932157784700427,0.3950917225331068,0.2943145014345646,0.24793447107076644,0.1448683323338628,0.09256719755940139,0.19060965813696384,0.053651078254915774,0.031173823098652065,0.061804162978660315,1.275573505461216,0.36765989176929,0.14408530984073878,0.29561723824590447,0.1076263202354312,0.04559835014879354,0.23494139332324265,0.0475495144026354,0.03313378345919773,0.06043978522066027,0.7356052584946156,0.8679075859487057,0.30165146552026273,0.6755074642598629,0.0,0.12056043760385364,0.14909816225990652,0.026669650070834904,0.0670606120955199,0.29197211004793644,0.14063938790932298,0.22165241623297333,0.08203733712434769,0.20377559661865235,0.125,0.041229748353362086,0.028624939953442664,0.06094492125557736,1.275573505461216,0.017359174912174542,,,,
42,C2,0.3,32,0,2000,phase23_new,0.7817164152860642,1.361670982837677,1.1599091291427612,1.0626618556678296,1.1923248869677385,0.2533966239541769,0.3986197102814913,0.29044617265462874,0.2533966239541769,0.3986197102814913,0.29044617265462874,0.2837528273463249,0.4289759140461683,0.29044617265462874,0.3664727363735437,0.3580251082777977,0.5631285002455115,0.28635008838027715,0.3664727363735437,0.3580251082777977,0.5631285002455115,0.28635008838027715,0.40045148357748983,0.40299467388540505,0.5698394102975726,0.31339390613138673,0.8303400427103043,1.361670969426632,1.0626618556678296,0.2533966239541769,0.2837528273463249,1.1197971895538652,0.030356203392148007,0.3664727363735437,0.40045148357748983,1.0927183493653174,0.033978747203946114,0.39861970692873,0.29044616743922236,0.25339662116020917,0.13172042751684784,0.09183044233359397,0.18848205506801605,0.07310880972072482,0.04426575005054474,0.09087968610692769,1.2691158026456832,0.37150621246546506,0.1454891601577401,0.29876163229346275,0.09151356900110841,0.037338462353181966,0.26930930055677893,0.07761556354817004,0.05355511693051085,0.10250515824882314,0.74598955437541,0.8942214831709862,0.298878812789917,0.6902886040508747,0.0,-0.1637938952073455,0.10664314161986113,0.017754036479163914,0.050345672224648294,0.28653262965381143,0.11872081100009382,0.22717222264036535,0.06746626277454197,0.21696052551269532,0.125,0.0562750784214586,0.033476115658413616,0.07104309145361185,1.2691158026456832,0.023546298903723558,0.012821685321486361,0.02222781033764248,0.2067270009372238,0.34471881693022743
42,C2,0.3,64,0,2000,phase23_new,0.7766777485609054,1.3527863204479218,1.1522171467542648,1.0479453034698962,1.1869744278490542,0.2543191947042942,0.3946586921811104,0.2806789975613356,0.2543191947042942,0.3946586921811104,0.2806789975613356,0.28507920671254394,0.4254187051206827,0.2806789975613356,0.3664727363735437,0.3580251082777977,0.5631285002455115,0.28635008838027715,0.3664727363735437,0.3580251082777977,0.5631285002455115,0.28635008838027715,0.40045148357748983,0.40299467388540505,0.5698394102975726,0.31339390613138673,0.828813660889864,1.3527863129973412,1.0479453034698962,0.2543191947042942,0.28507920671254394,1.120950414474281,0.030760012008249737,0.3664727363735437,0.40045148357748983,1.0927183493653174,0.033978747203946114,0.3946586880832911,0.28067899085581305,0.25431919265538455,0.13043745392933487,0.09633453176356851,0.18371375892311334,0.07504560039378702,0.04478372376761399,0.09235401578480378,1.2601927913725377,0.3700389858335257,0.1441651813685894,0.2979563944041729,0.09095120998099446,0.04070800972896223,0.26293632108718157,0.0789000982651487,0.05384529536240734,0.1036045604501851,0.7235368140041828,0.8562855154275895,0.29539405591785906,0.6744101479649544,0.0,-0.1756002502515912,0.11331232218071818,0.018650102749234065,0.05164597108960152,0.2867254301905632,0.12094503147527576,0.2262529145926237,0.06848100828938186,0.22471790313720702,0.12499999990686775,0.05825174837373197,0.034326680022059006,0.07322054060641676,1.2601927913725377,0.023863403685390954,,,,
42,C2,0.3,32,1,2000,phase23_new,0.7657053261995316,1.3516071140766144,1.171803566813469,1.0762977436184884,1.203638841211796,0.24945139270275832,0.39305561780929565,0.2872084494680166,0.24945139270275832,0.39305561780929565,0.2872084494680166,0.27911570891737936,0.4227199338376522,0.2872084494680166,0.3664727363735437,0.3580251082777977,0.5631285002455115,0.28635008838027715,0.3664727363735437,0.3580251082777977,0.5631285002455115,0.28635008838027715,0.40045148357748983,0.40299467388540505,0.5698394102975726,0.31339390613138673,0.8134581968188286,1.3516070678830148,1.0762977436184884,0.24945139270275832,0.27911570891737936,1.1189182224769878,0.02966431621462104,0.3664727363735437,0.40045148357748983,1.0927183493653174,0.033978747203946114,0.39305561147630214,0.2872084490954876,0.24945138599723576,0.13261148175224663,0.09178198021836578,0.1865126283839345,0.07580132517032326,0.04430918643483892,0.09214797462336718,1.2456267915666104,0.36696624495089053,0.1494049670174718,0.2922637613490224,0.09245625324547291,0.035263470167706146,0.24504665117710828,0.0781880107941106,0.05298249794286676,0.10280521925305948,0.7274072915315628,0.8737744845449924,0.2905200492590666,0.6775172248482704,0.0,-0.006441860235645436,0.12550986474379897,0.02031039696885273,0.05873134064022452,0.28752999417483804,0.13041440919041633,0.22232278967276214,0.07167611685581506,0.22069969177246093,0.125,0.05889916843734681,0.034046422003302726,0.07318117027170956,1.2456267915666104,0.02283280243476232,0.012899352402434403,0.022309616078448485,0.20747938522788067,0.3458042916639977
42,C2,0.3,64,1,2000,phase23_new,0.773701810836792,1.3535984098911285,1.1597931951284408,1.0623204305768013,1.1922841166456541,0.2514606736600399,0.39363855943083764,0.2843557719141245,0.2514606736600399,0.39363855943083764,0.2843557719141245,0.2815480250865221,0.42372590973973273,0.2843557719141245,0.3664727363735437,0.3580251082777977,0.5631285002455115,0.28635008838027715,0.3664727363735437,0.3580251082777977,0.5631285002455115,0.28635008838027715,0.40045148357748983,0.40299467388540505,0.5698394102975726,0.31339390613138673,0.8224382258951664,1.3535984396934508,1.0623204305768013,0.2514606736600399,0.2815480250865221,1.1196503253910732,0.030087351426482223,0.3664727363735437,0.40045148357748983,1.0927183493653174,0.033978747203946114,0.39363855347037313,0.28435576595366,0.25146067086607216,0.13345731962472202,0.08928802348673344,0.18930174857378007,0.07478903173469006,0.04417205828358419,0.09153825535904617,1.2497859120368957,0.36764977388083936,0.1491185199469328,0.293090514652431,0.09380280626937747,0.033597617312057085,0.2469458807259798,0.07745436080731452,0.05291352636413649,0.10235160376178101,0.7295373052358627,0.8630566947162152,0.29800895787775517,0.6786809042096138,0.0,0.014177911513252183,0.12299352497793734,0.020266986649949102,0.05878077852539718,0.28747618589550256,0.12732915487140417,0.22381160855293275,0.07150365500710905,0.21602954864501953,0.125,0.05774042923003435,0.03375807049451396,0.07222794074332342,1.2497859120368957,0.023156812849144143,,,,
2026,C0,0,32,0,2000,phase22_reused,1.0847131818532945,1.8906111001968384,1.6117958188056947,1.4770094200968742,1.6567246183753013,0.2604824837297201,0.39644480533897875,0.27192464731633664,0.2604824837297201,0.39644480533897875,0.27192464731633664,0.28719487860798837,0.42315720245242117,0.27192464731633664,0.3704667339101434,0.34833634849637746,0.6639764487743378,0.28646119507029655,0.3704667339101434,0.34833634849637746,0.6639764487743378,0.28646119507029655,0.40751038026064634,0.3925403103232384,0.6936464000493288,0.3160072034224868,1.1521064162254333,1.8906111270189285,1.4770094200968742,0.2604824837297201,0.28719487860798837,1.102549678180992,0.026712394878268264,0.3704667339101434,0.40751038026064634,1.0999918291165325,0.037043646350502946,0.3964447990059853,0.2719246448948979,0.2604824770241976,0.13307030498981476,0.05457482762867585,0.20198888890445232,0.06384959118440747,0.017741658247541637,0.05878309507388622,1.3413690775632858,0.36765305176377294,0.14834246691316366,0.2934818178415298,0.10048390962183476,0.03499308454083803,0.2533585298806429,0.0456876794109121,0.014034830796299502,0.030839003925211727,0.7549859948456288,0.8308870024979115,0.339542493224144,0.637093036621809,0.0,0.12467227748129517,0.3019412711262703,0.06972701612394303,0.18132386691868305,0.2892692446708679,0.11862176954746247,0.2299583587795496,0.06816413430497051,0.10493431091308594,0.12499999981373548,0.03838026307057589,0.011695619783131406,0.027724588330602273,1.3413690775632858,0.019889611192047598,0.015784438883168002,0.02468592440691672,0.4047543601111766,0.4774977381501409
2026,C0,0,64,0,2000,phase22_reused,1.0993495553731918,1.9037874162197113,1.60887570977211,1.4746742248535156,1.653609538078308,0.2564080575481057,0.3954824857413769,0.27814885769039394,0.2564080575481057,0.3954824857413769,0.27814885769039394,0.2824749296531081,0.42154936008155347,0.27814885769039394,0.3704667339101434,0.34833634849637746,0.6639764487743378,0.28646119507029655,0.3704667339101434,0.34833634849637746,0.6639764487743378,0.28646119507029655,0.40751038026064634,0.3925403103232384,0.6936464000493288,0.3160072034224868,1.166450311243534,1.9037874266505241,1.4746742248535156,0.2564080575481057,0.2824749296531081,1.1016616730155289,0.026066872105002414,0.3704667339101434,0.40751038026064634,1.0999918291165325,0.037043646350502946,0.3954824797809124,0.27814885340631007,0.2564080530777574,0.13673117496073245,0.05667431511683389,0.19551886431872845,0.063177769491449,0.017509477643761782,0.05875663624610752,1.3382807672023773,0.36670671831816437,0.1508633059449494,0.29127506613731385,0.10282386387698353,0.0356035377142689,0.24791056327521802,0.04448078752029687,0.013671838107984512,0.030131292704027146,0.7509609997272492,0.8499421805143357,0.32598990872502326,0.6551955007016659,0.0,0.0846567357191816,0.3020929485559464,0.06960475600790232,0.18207821282558143,0.28939054552465676,0.12274172883480787,0.2280196798965335,0.07069132416509091,0.1103506088256836,0.125,0.0385058255167678,0.01168123073875904,0.02788466261117719,1.3382807672023773,0.019417892582714556,,,,
2026,C0,0,32,1,2000,phase22_reused,1.0087145298719407,1.8309155881404877,1.6444021165370941,1.5511378705501557,1.67549019853274,0.24118638765066863,0.39055812582373617,0.29874347858130934,0.24118638765066863,0.39055812582373617,0.29874347858130934,0.2657029338181019,0.415074672922492,0.29874347858130934,0.3704667339101434,0.34833634849637746,0.6639764487743378,0.28646119507029655,0.3704667339101434,0.34833634849637746,0.6639764487743378,0.28646119507029655,0.40751038026064634,0.3925403103232384,0.6936464000493288,0.3160072034224868,1.0553466744720936,1.8309156060218812,1.5511378705501557,0.24118638765066863,0.2657029338181019,1.1016497921223594,0.024516546167433262,0.3704667339101434,0.40751038026064634,1.0999918291165325,0.037043646350502946,0.3905581161379814,0.29874347783625127,0.2411863774061203,0.1409473542124033,0.06396069172769785,0.1691079992800951,0.057722227973863484,0.0159764954529237,0.05425387201830745,1.3111650094389915,0.3609228614717722,0.1554849723353982,0.28318037614226343,0.10184701704420149,0.03681681484777073,0.2246422503143549,0.0409174352651462,0.012495528283761815,0.02727536123129539,0.7345479831099511,0.9102662958204746,0.2794148351997137,0.6815564475953579,0.0,-0.07096673872729298,0.27395546343177557,0.06220206571742892,0.16842967588454485,0.29029999282211066,0.14441016111522914,0.2180949135683477,0.07910823179408907,0.13084564208984376,0.12499999990686775,0.035172913153655824,0.01094691508624237,0.026373874070122837,1.3111650094389915,0.018305090939005217,0.015225580245113534,0.024049143890127057,0.41575092261684,0.4862673649508378
2026,C0,0,64,1,2000,phase22_reused,1.0522796869277955,1.8685003161430358,1.6324412524700165,1.5228089466691017,1.6689853544036546,0.24656444620341061,0.39266652762889864,0.29220416247844694,0.24656444620341061,0.39266652762889864,0.29220416247844694,0.2719034837558866,0.41800556480884554,0.29220416247844694,0.3704667339101434,0.34833634849637746,0.6639764487743378,0.28646119507029655,0.3704667339101434,0.34833634849637746,0.6639764487743378,0.28646119507029655,0.40751038026064634,0.3925403103232384,0.6936464000493288,0.3160072034224868,1.107095868885517,1.8685003399848938,1.5228089466691017,0.24656444620341061,0.2719034837558866,1.102768415895501,0.025339037552475963,0.3704667339101434,0.40751038026064634,1.0999918291165325,0.037043646350502946,0.39266652427613735,0.292204156331718,0.24656444638967515,0.14061872912570833,0.06081298692151904,0.1806068197824061,0.060665663704276084,0.016736801917431876,0.056515164044685665,1.3225197240710258,0.3633361330255866,0.15475302962586285,0.28595961891114713,0.10320974197238683,0.036413474296205096,0.23467006701976062,0.04287490602582693,0.01308295343478676,0.02879728393163532,0.7417939431965351,0.8922553643584251,0.2956662606447935,0.6781650841236114,0.0,-0.002440096726058982,0.28860775008797646,0.06564348351676016,0.17501747366040946,0.2899452969431877,0.1354964911006391,0.22219705292955041,0.07637401036918164,0.12176532745361328,0.12499999990686775,0.03703782057855278,0.011361095457687043,0.027401107939658685,1.3225197240710258,0.018899702094495298,,,,
2026,C1,0.03,32,0,2000,phase23_new,0.8467242658138275,1.3834093391895295,1.0733701437711716,1.0338175386190414,1.086554345488548,0.24957915674895048,0.3786566127091646,0.25815491266548635,0.24957915674895048,0.3786566127091646,0.25815491266548635,0.27172280829399825,0.40080026537179947,0.25815491266548635,0.35338394306600096,0.3421867834404111,0.5374478746205569,0.29169757943600416,0.35338394306600096,0.3421867834404111,0.5374478746205569,0.29169757943600416,0.37231115847826,0.36735599879175423,0.5405611101537943,0.3067520816810429,0.8665005393326283,1.3834093123674394,1.0338175386190414,0.24957915674895048,0.27172280829399825,1.088723961702146,0.02214365154504777,0.35338394306600096,0.37231115847826,1.053559919129444,0.018927215412259057,0.37865661159157754,0.25815490912646055,0.2495791580528021,0.12748928004875779,0.07557263062335551,0.17244760813191534,0.036679109861142936,0.010674956961884164,0.022898208675906064,1.2982718743383885,0.3540365889668465,0.11866775816306471,0.29470270927995446,0.09285212466493249,0.04220052315067733,0.20694917030632495,0.026193224382586776,0.00968541182228364,0.0172832356300205,0.6790272660553456,0.7846488863229751,0.28670282326638696,0.6101493522524833,0.0,0.10347642802516929,0.16344748018309474,0.020722140406724064,0.050763209047727284,0.2893492864444852,0.1241103034466505,0.22729413397610188,0.07176894913427531,0.15703849792480468,0.12499999990686775,0.0246480580419302,0.01001855757785961,0.020066776359453798,1.2982718743383885,0.01710864535222451,0.01399775899521868,0.022607503311512504,0.36654228052567606,0.44933377352107834
2026,C1,0.03,64,0,2000,phase23_new,0.8374196767807007,1.4028482973575591,1.1308572351932527,1.094273117929697,1.143051940947771,0.24436222519725562,0.38268341645598414,0.276642382517457,0.24436222519725562,0.38268341645598414,0.276642382517457,0.2661044182255864,0.40442560948431494,0.276642382517457,0.35338394306600096,0.3421867834404111,0.5374478746205569,0.29169757943600416,0.35338394306600096,0.3421867834404111,0.5374478746205569,0.29169757943600416,0.37231115847826,0.36735599879175423,0.5405611101537943,0.3067520816810429,0.8557117417454719,1.4028482988476754,1.094273117929697,0.24436222519725562,0.2661044182255864,1.0889752620757154,0.021742193028330775,0.35338394306600096,0.37231115847826,1.053559919129444,0.018927215412259057,0.38268340937793255,0.2766423853114247,0.2443622164428234,0.13568560956045986,0.07240850667003543,0.16856823293492199,0.03890297224279493,0.010972586378920823,0.023311959020793437,1.2839741170406342,0.35674731247127056,0.13296397705562413,0.2902653245255351,0.09794851634651422,0.03710601989114366,0.2137730878777802,0.02883922349428758,0.010244641307508573,0.018040722055593504,0.6924851857125759,0.8214921414852142,0.2817391149699688,0.6409969076514244,0.0,0.0038048928196076303,0.16653095511719584,0.020832117967074737,0.051218919339589775,0.2912231430411339,0.14375756084918975,0.2193443619646132,0.08011485328897834,0.15670280456542968,0.125,0.02586551334243268,0.009872600066591986,0.019928001862717794,1.2839741170406342,0.016916957808037602,,,,
2026,C1,0.03,32,1,2000,phase23_new,0.8450821280479431,1.4056415677070617,1.1211188793182374,1.0835362739861012,1.133646414428949,0.24646394476294517,0.3845558032393456,0.27618371732532976,0.24646394476294517,0.3845558032393456,0.27618371732532976,0.2679513553157449,0.40604321397840976,0.27618371732532976,0.35338394306600096,0.3421867834404111,0.5374478746205569,0.29169757943600416,0.35338394306600096,0.3421867834404111,0.5374478746205569,0.29169757943600416,0.37231115847826,0.36735599879175423,0.5405611101537943,0.3067520816810429,0.8638734482228756,1.4056415855884552,1.0835362739861012,0.24646394476294517,0.2679513553157449,1.0871827746385656,0.021487410552799707,0.35338394306600096,0.37231115847826,1.053559919129444,0.018927215412259057,0.38455580174922943,0.2761837221682072,0.24646394047886133,0.13311249502003192,0.07224511560052634,0.15880466653034092,0.04125017104670405,0.01104207464668434,0.023218262125737965,1.257424272596836,0.35591057110577823,0.1352604423649609,0.28828034847974776,0.09252640437334776,0.033920290033893255,0.21236373046413065,0.03229508479125798,0.010600049505592323,0.018703633412951604,0.7040472336113452,0.7905946038663387,0.30874993167817594,0.6403465278446674,0.0,-0.1076695078445482,0.15804687468335032,0.019617315940558912,0.04878999758511782,0.2929385444149375,0.15535137578845024,0.2152628564275801,0.08240292458795011,0.16216545104980468,0.125,0.028841787297278643,0.009727060486329719,0.020023743057390676,1.257424272596836,0.016985640985270344,0.01400881082923167,0.022645570156277765,0.4028960508079199,0.4769726772522018
2026,C1,0.03,64,1,2000,phase23_new,0.8373478770256042,1.3834078907966614,1.0921200215816498,1.054543923586607,1.1046453875799973,0.24580087196081876,0.38119351752102376,0.27078529093414544,0.24580087196081876,0.38119351752102376,0.27078529093414544,0.26759334485977887,0.4029859911650419,0.27078529093414544,0.35338394306600096,0.3421867834404111,0.5374478746205569,0.29169757943600416,0.35338394306600096,0.3421867834404111,0.5374478746205569,0.29169757943600416,0.37231115847826,0.36735599879175423,0.5405611101537943,0.3067520816810429,0.8561359241604805,1.3834078848361968,1.054543923586607,0.24580087196081876,0.26759334485977887,1.0886590544822554,0.021792472898960108,0.35338394306600096,0.37231115847826,1.053559919129444,0.018927215412259057,0.3811935134232044,0.2707852808758616,0.24580087289214134,0.13053885661065578,0.07506298618391156,0.16154687721282243,0.038865583832375705,0.010855517521849833,0.022718822059687227,1.259706200659275,0.35430795028805734,0.12790064276196061,0.2903576308861375,0.08969833063893021,0.03654246218065964,0.20904871374368666,0.030739034712314605,0.010339881153777241,0.01829646257683635,0.6881147764623166,0.7905571147799492,0.2928362190723419,0.6334638066589833,0.0,-0.048529255439643745,0.14841313175857068,0.01918430535006337,0.047070739697664975,0.29262297563254835,0.149030470661819,0.21810773890465499,0.08138362462632358,0.16605472564697266,0.12499999990686775,0.0267159826005809,0.009740138333290816,0.01992705842712894,1.259706200659275,0.017108934186398982,,,,
2026,C1,0.1,32,0,2000,phase22_reused,0.8133488237857819,1.3480172216892243,1.0693367928266526,1.0264255173504353,1.083640551318725,0.24988610111176968,0.38748190738260746,0.27519160881638527,0.24988610111176968,0.38748190738260746,0.27519160881638527,0.2714136503636837,0.40900945514440534,0.27519160881638527,0.3599643064662814,0.3462234362959862,0.5263586681336164,0.30777429025620223,0.3599643064662814,0.3462234362959862,0.5263586681336164,0.30777429025620223,0.37751863095909355,0.3674056140705943,0.5554677937179804,0.31380941485986114,0.8348044753074646,1.348017232120037,1.0264255173504353,0.24988610111176968,0.2714136503636837,1.0861494463122825,0.021527549251914024,0.3599643064662814,0.37751863095909355,1.048766847649814,0.017554324492812134,0.38748190365731716,0.2751916045323014,0.24988610092550517,0.14270772859454156,0.05714794786181301,0.18659998588263987,0.05335332651156932,0.02254918651888147,0.04683617940172553,1.3958615422248841,0.3659328309819102,0.16325953360646964,0.28430306222289803,0.11289356099441647,0.02956461736721394,0.2276196975260973,0.044593950663693246,0.023612920119194313,0.04435021938988939,0.6834979049861432,0.7631609156727791,0.30191744714975355,0.6110974617302418,0.0,0.12535225138999523,0.16100708469748498,0.019786736695095897,0.06209717753808945,0.29405329618602993,0.15089272754266858,0.21860693180933594,0.08151188120245934,0.1231536865234375,0.125,0.04286372421775013,0.02124529792345129,0.0453172299428843,1.3958615422248841,0.01633231310794751,0.013694153393080185,0.022633239613282514,0.29324804155841955,0.3989109508107461
2026,C1,0.1,64,0,2000,phase22_reused,0.8018203556537629,1.345353800058365,1.0870668858289718,1.0482554830610753,1.1000040200849375,0.2473945228382945,0.38950580954551695,0.2842225734144449,0.2473945228382945,0.38950580954551695,0.2842225734144449,0.26762120593339206,0.40973249189555644,0.2842225734144449,0.3599643064662814,0.3462234362959862,0.5263586681336164,0.30777429025620223,0.3599643064662814,0.3462234362959862,0.5263586681336164,0.30777429025620223,0.37751863095909355,0.3674056140705943,0.5554677937179804,0.31380941485986114,0.8212260574102401,1.3453537985682487,1.0482554830610753,0.2473945228382945,0.26762120593339206,1.0817588152843562,0.020226683095097564,0.3599643064662814,0.37751863095909355,1.048766847649814,0.017554324492812134,0.38950580507516863,0.28422257080674174,0.2473945187404752,0.1459448853507638,0.05780987420585006,0.176043208129704,0.052279416495002805,0.022129152243724092,0.045834318408742546,1.3894822999835015,0.3657612159848213,0.1623030785471201,0.2846096770837903,0.11272241408005357,0.028845521365110472,0.22157301139086485,0.04474245288874954,0.023230853385757654,0.04368820934323594,0.6949993140995503,0.8002810880541802,0.2948587700724602,0.6471662208437919,0.0,0.03874267349892761,0.14488623393699526,0.01880018434021622,0.05871486165560782,0.2943683061748743,0.15305954739451408,0.21783853182569146,0.08293171050027012,0.1265705108642578,0.125,0.043259527627378704,0.020895703096175566,0.04451440495904535,1.3894822999835015,0.015339307052393754,,,,
2026,C1,0.1,32,1,2000,phase22_reused,0.8008264809846878,1.374284303188324,1.1469156444072723,1.113502199202776,1.158053459475438,0.24728091321885587,0.3894936889410019,0.2844255529344082,0.24728091321885587,0.3894936889410019,0.2844255529344082,0.2652189787477255,0.40743175595998765,0.2844255529344082,0.3599643064662814,0.3462234362959862,0.5263586681336164,0.30777429025620223,0.3599643064662814,0.3462234362959862,0.5263586681336164,0.30777429025620223,0.37751863095909355,0.3674056140705943,0.5554677937179804,0.31380941485986114,0.8175331890583039,1.3742842882871629,1.113502199202776,0.24728091321885587,0.2652189787477255,1.0725412458865904,0.017938065528869618,0.3599643064662814,0.37751863095909355,1.048766847649814,0.017554324492812134,0.38949368298053744,0.2844255480915308,0.24728090800344943,0.14140135049819946,0.06359692208934575,0.1457134005613625,0.050358716794289646,0.02064101124415174,0.043049839697778224,1.3445907816290856,0.36129966415464876,0.14857149552553892,0.28701391667127607,0.10384077206254005,0.031177573288368877,0.1980210604146123,0.04242620661389083,0.021584357897518204,0.04130404437892139,0.703007747977972,0.8243317514657974,0.2908418718725443,0.6530628256499768,0.0,-0.16374031053856014,0.14297843165695667,0.016632322000805288,0.05114799325820059,0.296459886431694,0.1575822474434972,0.2176687608473003,0.08391208751127124,0.14028244018554686,0.125,0.04207725047599524,0.019874406704911963,0.04257919116644189,1.3445907816290856,0.013636835540334383,0.01364723371528787,0.022472527805256885,0.311414034620839,0.41154946062345454
2026,C1,0.1,64,1,2000,phase22_reused,0.8027168661355972,1.3583233833312989,1.1112130403518676,1.0742716252803803,1.1235268453756968,0.24743236396461726,0.39166883267462255,0.2884729377925396,0.24743236396461726,0.39166883267462255,0.2884729377925396,0.2660302622243762,0.41026672944426534,0.2884729377925396,0.3599643064662814,0.3462234362959862,0.5263586681336164,0.30777429025620223,0.3599643064662814,0.3462234362959862,0.5263586681336164,0.30777429025620223,0.37751863095909355,0.3674056140705943,0.5554677937179804,0.31380941485986114,0.8211875706911087,1.3583233833312989,1.0742716252803803,0.24743236396461726,0.2660302622243762,1.0751635637382442,0.018597898259758938,0.3599643064662814,0.37751863095909355,1.048766847649814,0.017554324492812134,0.39166882894933225,0.2884729322046041,0.2474323630332947,0.14743588156998158,0.058417723467573526,0.16500297179445625,0.050402337382547555,0.021491928346222267,0.04394955952884629,1.3808333620429039,0.36615582183003426,0.16087290104478597,0.2857193714007735,0.11234667180106044,0.02787821603797056,0.21643377989530563,0.04371101805008948,0.02281302580377087,0.04263312912080437,0.7040205918252468,0.8232523098587989,0.2923944368958473,0.6650119103491307,0.0,-0.06071608686179388,0.13591429451480508,0.01678396085044369,0.051872780360281465,0.29494143575429915,0.15432527028024196,0.21777879865840077,0.08383416309952736,0.13028373718261718,0.125,0.041570580028928814,0.020191862364299595,0.042821512441150844,1.3808333620429039,0.014121589933832487,,,,
2026,C1,0.3,32,0,2000,phase23_new,0.7692469179630279,1.3236093044281005,1.1087247639894486,1.0784544944763184,1.1188148538271585,0.2506086895242333,0.38463701829314234,0.26805665642023085,0.2506086895242333,0.38463701829314234,0.26805665642023085,0.26622044686228036,0.4002487748861313,0.26805665642023085,0.3498163979500532,0.3512419519945979,0.49427830036729575,0.2793681288138032,0.3498163979500532,0.3512419519945979,0.49427830036729575,0.2793681288138032,0.37089543603360653,0.374865716509521,0.5247211139649153,0.29125019777566197,0.784382077306509,1.32360932379961,1.0784544944763184,0.2506086895242333,0.26622044686228036,1.0622953552316365,0.015611757338047039,0.3498163979500532,0.37089543603360653,1.0602574327763874,0.021079038083553325,0.38463701494038105,0.2680566541850567,0.2506086867302656,0.13149520242586732,0.0927474342752248,0.156867456715554,0.0598130228696391,0.02827376961358823,0.06022363459924236,1.3538582086563111,0.365070422552526,0.14816523799672723,0.290987803786993,0.09288972886279226,0.05953084661159665,0.19303103312849998,0.0556945969350636,0.03263200611108914,0.06437134548323228,0.657729784399271,0.7724441885948181,0.27150769010186193,0.6082872666418553,0.0,0.013110554491868242,0.12717331470921636,0.020432571659330278,0.06564549598842859,0.2981941495090723,0.15435561388731003,0.22101634191349148,0.08468246962875128,0.1782154083251953,0.12499999990686775,0.05069500866811723,0.022062374372035266,0.04870587916811928,1.3538582086563111,0.011669828308125338,0.013057305827981657,0.022163242240857008,0.2859548502803148,0.39319111983745764
2026,C1,0.3,64,0,2000,phase23_new,0.7773944675922394,1.3278325378894806,1.1008761465549468,1.0693850539624692,1.111373177419106,0.25286717619746923,0.3880120415240526,0.27028973065316675,0.25286717619746923,0.3880120415240526,0.27028973065316675,0.26826200671494005,0.403406872600317,0.27028973065316675,0.3498163979500532,0.3512419519945979,0.49427830036729575,0.2793681288138032,0.3498163979500532,0.3512419519945979,0.49427830036729575,0.2793681288138032,0.37089543603360653,0.374865716509521,0.5247211139649153,0.29125019777566197,0.7931399904191494,1.3278325170278549,1.0693850539624692,0.25286717619746923,0.26826200671494005,1.0608810947667193,0.015394830517470814,0.3498163979500532,0.37089543603360653,1.0602574327763874,0.021079038083553325,0.38801202923059464,0.27028972245752814,0.2528671672567725,0.13424420179799199,0.09059954602271318,0.1555127871222794,0.05965680936351418,0.028191046527354047,0.059945581189822406,1.3430886685848236,0.36573751773685215,0.14814414121210576,0.2916654473170638,0.09384874124079942,0.05770375881111249,0.19304667674005033,0.05552335847169161,0.03255630763014779,0.06403385127196089,0.6782474957406521,0.7797542631626129,0.28837036415934564,0.6316861867904663,0.0,-0.003940102434717119,0.12165515003725887,0.018831320432946087,0.062253268691711126,0.2992011493071914,0.15550926886498928,0.22144651506096125,0.08562521310523152,0.17492904663085937,0.125,0.05190745214931667,0.02234611170133576,0.04958745210897177,1.3430886685848236,0.011468886335690815,,,,
2026,C1,0.3,32,1,2000,phase23_new,0.7744763791561127,1.3373915195465087,1.12583027780056,1.0999095425009728,1.1344705229004226,0.25239056888967754,0.38507084250450135,0.2653605494648218,0.25239056888967754,0.38507084250450135,0.2653605494648218,0.26626083385199306,0.39894110821187495,0.2653605494648218,0.3498163979500532,0.3512419519945979,0.49427830036729575,0.2793681288138032,0.3498163979500532,0.3512419519945979,0.49427830036729575,0.2793681288138032,0.37089543603360653,0.374865716509521,0.5247211139649153,0.29125019777566197,0.7874367587268353,1.3373915314674378,1.0999095425009728,0.25239056888967754,0.26626083385199306,1.0549555596444586,0.013870264962315526,0.3498163979500532,0.37089543603360653,1.0602574327763874,0.021079038083553325,0.38507083989679813,0.26536053977906704,0.2523905705660582,0.1284748662263155,0.08951745417434723,0.1296865049749613,0.05520405841525644,0.026532002713065595,0.057247025822289285,1.4275554314255714,0.3642403991892934,0.13877299325540662,0.29485390353947877,0.08823292665183544,0.0631473828223534,0.16976855862885715,0.050164079014211896,0.03005871475324966,0.061270192731171846,0.6686182297766209,0.7908981204032898,0.27316916957497595,0.6218710161745549,0.0,-0.15218276930972935,0.11673803646117449,0.01810601061442867,0.06135626821778715,0.2937298331409693,0.14104053676128386,0.2232095653191209,0.08057948462665081,0.16134071350097656,0.125,0.04927053318824619,0.0220259148220066,0.04651896344730631,1.4275554314255714,0.010363310140868028,0.01321935456821483,0.02218812192898418,0.28493359661554024,0.39322142976891733
2026,C1,0.3,64,1,2000,phase23_new,0.7721056371927262,1.3206758320331573,1.097140383720398,1.0646730594336986,1.107962825149298,0.2519867490977049,0.384187413007021,0.26440132930874827,0.2519867490977049,0.384187413007021,0.26440132930874827,0.26725702490657566,0.3994576893746853,0.26440132930874827,0.3498163979500532,0.3512419519945979,0.49427830036729575,0.2793681288138032,0.3498163979500532,0.3512419519945979,0.49427830036729575,0.2793681288138032,0.37089543603360653,0.374865716509521,0.5247211139649153,0.29125019777566197,0.7883392930030823,1.3206758245825767,1.0646730594336986,0.2519867490977049,0.26725702490657566,1.0605995190760997,0.015270275808870748,0.3498163979500532,0.37089543603360653,1.0602574327763874,0.021079038083553325,0.3841874111443758,0.2644013226032257,0.2519867498427629,0.12934205094352363,0.08955132805276662,0.14983068266883492,0.06029058676213026,0.028283277997979896,0.06025176916737109,1.3953839004039765,0.36410857904702426,0.1428910800255835,0.2926630387082696,0.09012410184368491,0.05995331121375784,0.18546972889453173,0.055375586031004786,0.0322498255292885,0.06416602621320636,0.6628221966326237,0.774478217959404,0.27558308765292167,0.6177929908037185,0.0,-0.018139317314489745,0.12224975526332856,0.018973883474245667,0.06250681425444782,0.29589708521962166,0.1442422503605485,0.2237759605050087,0.08076298646628857,0.16743545532226561,0.12499999990686775,0.054016431141644713,0.023173349240096286,0.05039003583369776,1.3953839004039765,0.011394863761961459,,,,
2026,C2,0.03,32,0,2000,phase23_new,0.826734259724617,1.4165463030338288,1.1796240895986556,1.1368793047964574,1.1938723511993885,0.24708252735435962,0.39385781809687614,0.2935505798086524,0.24708252735435962,0.39385781809687614,0.2935505798086524,0.26937445160001516,0.41614974178373815,0.2935505798086524,0.3748621866106987,0.34298220202326773,0.7103319771587848,0.2842745319008827,0.3748621866106987,0.34298220202326773,0.7103319771587848,0.2842745319008827,0.3987133603543043,0.3722643103450537,0.7231399063020945,0.3090672907419503,0.8481066443026066,1.4165462955832482,1.1368793047964574,0.24708252735435962,0.26937445160001516,1.0902205610584719,0.022291924245655542,0.3748621866106987,0.3987133603543043,1.063626512877319,0.023851173743605625,0.39385780952870847,0.29355057422071695,0.2470825223252177,0.14243732672184706,0.06945239105261862,0.18431770391762256,0.03755179168656468,0.012820704426849261,0.02734435679158196,1.3698473557829858,0.3625076528638601,0.15160068441182376,0.2867073107510805,0.10950033757835627,0.05458252255411935,0.22536885906010867,0.02768708822550252,0.011632211081450804,0.02070371436420828,0.7541838020086289,0.8974372878670692,0.3054651580750942,0.6910790838301182,0.0,0.11370498575852253,0.15598280560225247,0.02351006823591888,0.06013570970389992,0.2860578212887049,0.12368778651580215,0.22421392807736992,0.06703376332297921,0.11469650268554688,0.12499999990686775,0.026440362771973015,0.012376787679386325,0.02453020352986641,1.3698473557829858,0.016866414994001388,0.013951581303068204,0.022545503876737514,0.3492137795068441,0.4347038938432698
2026,C2,0.03,64,0,2000,phase23_new,0.8250941783189774,1.4060919821262359,1.1619956076145173,1.1196815922856331,1.176100279390812,0.24498856849968434,0.393851725012064,0.2977263117209077,0.24498856849968434,0.393851725012064,0.2977263117209077,0.26734910495579245,0.41621225923299787,0.2977263117209077,0.3748621866106987,0.34298220202326773,0.7103319771587848,0.2842745319008827,0.3748621866106987,0.34298220202326773,0.7103319771587848,0.2842745319008827,0.3987133603543043,0.3722643103450537,0.7231399063020945,0.3090672907419503,0.8462511464953423,1.4060919433832169,1.1196815922856331,0.24498856849968434,0.26734910495579245,1.0912717544048873,0.02236053645610811,0.3748621866106987,0.3987133603543043,1.063626512877319,0.023851173743605625,0.393851725384593,0.2977263072505593,0.2449885716661811,0.14428959283977746,0.06822314290329815,0.17488050321117043,0.037232766626402736,0.012787040547118522,0.02718555504688993,1.3525193519890308,0.3617367181926966,0.1513741660863161,0.2860496358945966,0.10811995891854168,0.05003692891623359,0.22099251560866834,0.028234058013185858,0.011689202595152891,0.020768498664256185,0.7550494216382504,0.9061414383351802,0.3019787024706602,0.7035092912614346,0.0,0.028562547467299738,0.14576718844473363,0.02267418330302462,0.05849193453323096,0.28692497927695515,0.1325208437629044,0.2206645580008626,0.07230275352485478,0.11937808990478516,0.125,0.02697174628265202,0.012373700653552078,0.024876870022853836,1.3525193519890308,0.016971583540240923,,,,
2026,C2,0.03,32,1,2000,phase23_new,0.8441688925027847,1.4747410774230958,1.261144369840622,1.227576817572117,1.2723335539301237,0.2418278282508254,0.3880846850574017,0.2925137152895331,0.2418278282508254,0.3880846850574017,0.2925137152895331,0.26341540869325397,0.4096722673624754,0.2925137152895331,0.3748621866106987,0.34298220202326773,0.7103319771587848,0.2842745319008827,0.3748621866106987,0.34298220202326773,0.7103319771587848,0.2842745319008827,0.3987133603543043,0.3722643103450537,0.7231399063020945,0.3090672907419503,0.8609526500105857,1.4747410595417023,1.227576817572117,0.2418278282508254,0.26341540869325397,1.0892683881692795,0.02158758044242856,0.3748621866106987,0.3987133603543043,1.063626512877319,0.023851173743605625,0.38808467946946623,0.29251371454447506,0.2418278217315674,0.1346419111825526,0.08137096990831197,0.15800703773275018,0.04095576128456742,0.01215057696099393,0.02733980076154694,1.2889069579541683,0.3546007743105292,0.13255829066038133,0.2883216289803386,0.09385937079787254,0.06048869112782995,0.19824156835675238,0.02836793860187754,0.010930530112818814,0.020234105712734162,0.7346948921680451,0.8994585938751698,0.28496559523046017,0.682142399996519,0.0,-0.011723670474020764,0.20014381501823664,0.023990215675439686,0.06314066143240779,0.29091208428144455,0.1352268141694367,0.2232986781746149,0.07423406806774438,0.1408679962158203,0.125,0.02476092050783336,0.011478254132089204,0.02328218049951829,1.2889069579541683,0.01630668180684249,0.014534505400698805,0.023138662953918893,0.3611833427153841,0.4433552397725219
2026,C2,0.03,64,1,2000,phase23_new,0.8453099608421326,1.470252114534378,1.249884307384491,1.2116964697837829,1.262613586584727,0.2431363131850958,0.3896007161587477,0.2929288072511554,0.2431363131850958,0.3896007161587477,0.2929288072511554,0.2658520819619298,0.4123164862394333,0.2929288072511554,0.3748621866106987,0.34298220202326773,0.7103319771587848,0.2842745319008827,0.3748621866106987,0.34298220202326773,0.7103319771587848,0.2842745319008827,0.3987133603543043,0.3722643103450537,0.7231399063020945,0.3090672907419503,0.8644039012491703,1.4702521368861199,1.2116964697837829,0.2431363131850958,0.2658520819619298,1.0934281205438072,0.022715768776833983,0.3748621866106987,0.3987133603543043,1.063626512877319,0.023851173743605625,0.3896007087081671,0.2929288025945425,0.24313630908727646,0.13705782117322088,0.07837060356978327,0.1680724922567606,0.042448994470760226,0.012547831074334681,0.028183513868134467,1.3132469944655896,0.35598761644214394,0.13841698113828899,0.2867791252210736,0.09784904192201793,0.0589656603820913,0.2064388626255095,0.0301634480827488,0.011290960418409667,0.020841034239856525,0.7442718163132668,0.9001855924725533,0.29417902007699015,0.6896596282720566,0.0,0.052614820963935924,0.1998033720999956,0.02510612620972097,0.06552629915531724,0.2892048226669431,0.13063917541876435,0.22388523463159798,0.07242384972050786,0.1343475341796875,0.125,0.026145804801490157,0.01176488890487235,0.02374252156005241,1.3132469944655896,0.017205494890610375,,,,
2026,C2,0.1,32,0,2000,phase22_reused,0.8022350281476974,1.4472492635250092,1.2900284707546235,1.215604692697525,1.3148363967736563,0.2564407728612423,0.40254178196191787,0.2922020170837641,0.2564407728612423,0.40254178196191787,0.2922020170837641,0.2826068701222539,0.42870787940919397,0.2922020170837641,0.3670270264148712,0.3422271355986595,0.6448696188628673,0.2919056135229766,0.3670270264148712,0.3422271355986595,0.6448696188628673,0.2919056135229766,0.40201591365039346,0.3802420273423195,0.6952884733676911,0.3175954734906554,0.8394468985497952,1.447249247133732,1.215604692697525,0.2564407728612423,0.2826068701222539,1.1020356356325982,0.0261660972610116,0.3670270264148712,0.40201591365039346,1.0953305471188173,0.03498888723552224,0.4025417774915695,0.29220201428979636,0.25644077025353906,0.14537654779851436,0.06828051610500552,0.21068818513303994,0.050437215040437876,0.029711006174329667,0.06003829129040241,1.3374539211392402,0.36917525380849836,0.15777108343318105,0.29028971269726755,0.11210150350816547,0.04368042238711496,0.2653531976044178,0.046100871649105105,0.0319074103521416,0.059229272865923124,0.7741384088993073,0.8850231349468232,0.3316268425434828,0.6869359783828258,0.0,0.14345348129281774,0.13015830991789698,0.025701037398539482,0.07009081551805138,0.2913119964301586,0.12410181276500225,0.229261090233922,0.07237742184661329,0.131475830078125,0.125,0.03863759321393445,0.026595237507717685,0.05730391426477581,1.3374539211392402,0.02061696952829758,0.013425212764698843,0.02244283190898211,0.2674635056735465,0.3902776600876848
2026,C2,0.1,64,0,2000,phase22_reused,0.7934845894575119,1.4192855656147003,1.2516019463539123,1.1845458082854747,1.273953992376725,0.2504614058881998,0.398982097953558,0.29704138189554213,0.2504614058881998,0.398982097953558,0.29704138189554213,0.27632833644747734,0.4248490292578936,0.29704138189554213,0.3670270264148712,0.3422271355986595,0.6448696188628673,0.2919056135229766,0.3670270264148712,0.3422271355986595,0.6448696188628673,0.2919056135229766,0.40201591365039346,0.3802420273423195,0.6952884733676911,0.3175954734906554,0.8270126521587372,1.4192855566740037,1.1845458082854747,0.2504614058881998,0.27632833644747734,1.103277111567536,0.025866930559277523,0.3670270264148712,0.40201591365039346,1.0953305471188173,0.03498888723552224,0.39898209311068056,0.2970413718372583,0.2504614071920514,0.14661434516310692,0.07448431210359559,0.19344258764758707,0.04833693406544626,0.028813742788042874,0.05850022942759096,1.3328102678060532,0.3656277198344469,0.1532740131020546,0.28899071291089057,0.11070986543782055,0.04666300708304334,0.2486681157723069,0.04412623520474881,0.030665792277432047,0.05743844102835283,0.7660748049616813,0.9043691359460354,0.3138902369886637,0.7047249242663384,0.0,0.05302161142462865,0.11851390087977051,0.02341584807727486,0.0646579144988209,0.29013454392552374,0.12734379917383193,0.22646264415234327,0.07440761956386269,0.14527034759521484,0.12499999990686775,0.03868776020826772,0.02669062218628824,0.05748776189284399,1.3328102678060532,0.020234258224566776,,,,
2026,C2,0.1,32,1,2000,phase22_reused,0.7882683604955674,1.3814360737800597,1.1863354295492172,1.120070043206215,1.2084238916635515,0.24700452089309693,0.39326040372252463,0.2925117636099458,0.24700452089309693,0.39326040372252463,0.2925117636099458,0.27325759679079054,0.4195134796202183,0.2925117636099458,0.3670270264148712,0.3422271355986595,0.6448696188628673,0.2919056135229766,0.3670270264148712,0.3422271355986595,0.6448696188628673,0.2919056135229766,0.40201591365039346,0.3802420273423195,0.6952884733676911,0.3175954734906554,0.8214010745286942,1.3814360976219178,1.120070043206215,0.24700452089309693,0.27325759679079054,1.1062858112992024,0.0262530758976936,0.3670270264148712,0.40201591365039346,1.0953305471188173,0.03498888723552224,0.393260395899415,0.2925117561593652,0.2470045180991292,0.1408999403938651,0.08033617987530306,0.18791731791570782,0.04771388377994299,0.028498857939848677,0.058364187926054,1.3189068399369717,0.3612443899735808,0.14605166343972087,0.2882185583934188,0.1035249107517302,0.05026489543015487,0.23595124026760458,0.043791816802695394,0.030019163663382642,0.05705401182058267,0.7440884463489056,0.8939861863851547,0.2970953531563282,0.6935570620000362,0.0,0.07933230383787304,0.1053439867682755,0.021937596891075373,0.0591578270541504,0.2896678620949388,0.12801901390776038,0.22565835556015373,0.07281386498361826,0.15680389404296874,0.12499999990686775,0.040660240268334744,0.02728859832859598,0.05919785357546061,1.3189068399369717,0.02043809580306212,0.013242790439023544,0.02219269289833279,0.26754865704706854,0.3901151412844256
2026,C2,0.1,64,1,2000,phase22_reused,0.7916893780231475,1.3947065711021422,1.2060343831777574,1.1349944397807121,1.2297143643101056,0.24922036584466695,0.3929307244718075,0.28742071706801653,0.24922036584466695,0.3929307244718075,0.28742071706801653,0.27570657096803186,0.4194169297814369,0.28742071706801653,0.3670270264148712,0.3422271355986595,0.6448696188628673,0.2919056135229766,0.3670270264148712,0.3422271355986595,0.6448696188628673,0.2919056135229766,0.40201591365039346,0.3802420273423195,0.6952884733676911,0.3175954734906554,0.8272093296051025,1.3947065487504005,1.1349944397807121,0.24922036584466695,0.27570657096803186,1.1062762468612743,0.026486205123364914,0.3670270264148712,0.40201591365039346,1.0953305471188173,0.03498888723552224,0.39293072260916234,0.2874207140877843,0.2492203650996089,0.1401761958375573,0.07989520063856617,0.18850152650848032,0.04824384707026184,0.028555397753370924,0.05862372264964506,1.3221307799220086,0.36099914871156213,0.1433902347460389,0.28930403031408786,0.10287217423319817,0.0513543727924116,0.23533276738598943,0.04396686024265364,0.03001203736057505,0.05716091033536941,0.7421769961714745,0.8784379936754704,0.30295799896121023,0.6905278138816356,0.0,0.09127345833694563,0.1108434927649796,0.02293493717443198,0.06273735365830362,0.28978058975189924,0.1254619468934834,0.22704961709678173,0.07253335285931825,0.15338306427001952,0.12499999981373548,0.04061329466057941,0.027229312440613284,0.058922662830445914,1.3221307799220086,0.020693501519660155,,,,
2026,C2,0.3,32,0,2000,phase23_new,0.7456756740808487,1.36448135972023,1.2376113712787629,1.1723591022193431,1.259362127631903,0.24551475867629052,0.3885949313640594,0.2861603431403637,0.24551475867629052,0.3885949313640594,0.2861603431403637,0.2655283143743873,0.4086084857583046,0.2861603431403637,0.3692362692207098,0.36557606272399423,0.5508970025926828,0.2939934652298689,0.3692362692207098,0.36557606272399423,0.5508970025926828,0.2939934652298689,0.39144108071923256,0.3936068873852491,0.5493144117295742,0.3166918773204088,0.778301802277565,1.3644813567399978,1.1723591022193431,0.24551475867629052,0.2655283143743873,1.0815167112804183,0.020013555698096763,0.3692362692207098,0.39144108071923256,1.0601371353507256,0.02220481149852277,0.3885949306190014,0.2861603327095509,0.24551476463675498,0.13444743352010846,0.11203588591888547,0.17171168560162187,0.07455559454392642,0.04032051531830803,0.08851040628505871,1.2552795834839343,0.36739831920713184,0.1514149671420455,0.29169083572924137,0.09591426132246852,0.0826346882411599,0.21903205662965775,0.07694429429247976,0.045739742257865146,0.09317578806076199,0.6772510223090649,0.7902712486684322,0.28211539797484875,0.6316914424300194,0.0,0.0036557966406689955,0.10623110253363847,0.027620503166690468,0.082409744837787,0.2956694958731532,0.151810622215271,0.21976418495178224,0.08238615291193127,0.195172119140625,0.125,0.06215791604481637,0.03333446619799361,0.07989294325234368,1.2552795834839343,0.015448151156306267,0.01280617443601675,0.02234001650533724,0.2382366459557314,0.3570777110918978
2026,C2,0.3,64,0,2000,phase23_new,0.7530989170074462,1.3803864598274231,1.2545750856399536,1.185555274784565,1.2775816892584166,0.2476879158988595,0.3883554935455322,0.28133515678346155,0.2476879158988595,0.3883554935455322,0.28133515678346155,0.2674575174227357,0.40812509655952456,0.28133515678346155,0.3692362692207098,0.36557606272399423,0.5508970025926828,0.2939934652298689,0.3692362692207098,0.36557606272399423,0.5508970025926828,0.2939934652298689,0.39144108071923256,0.3936068873852491,0.5493144117295742,0.3166918773204088,0.7876088313758374,1.380386470258236,1.185555274784565,0.2476879158988595,0.2674575174227357,1.0798165766469967,0.019769601523876218,0.3692362692207098,0.39144108071923256,1.0601371353507256,0.02220481149852277,0.38835548982024193,0.2813351504504681,0.24768791384994984,0.13437985796481372,0.10923620364628732,0.17618399057537318,0.07391948795411736,0.03986523858620785,0.0873460985836573,1.2601968578994274,0.3674055960029364,0.15043334551155568,0.292188923060894,0.09647557344287634,0.08066701688148896,0.2210014145821333,0.07571527874097228,0.04505846644751728,0.09160051256185398,0.675365437567234,0.7722485587000847,0.2892411585897207,0.6241335421800613,0.0,0.04478940668341238,0.11188374287448824,0.029205073934281244,0.08568292679265141,0.2959024108946323,0.1513620948418975,0.2202213628217578,0.08301198659464717,0.19011249542236328,0.12499999990686775,0.061061329953372476,0.032792975468328225,0.07847480799537151,1.2601968578994274,0.015194032030800978,,,,
2026,C2,0.3,32,1,2000,phase23_new,0.7486325025558471,1.381518256664276,1.265771508216858,1.2010633505880832,1.287340894093116,0.24505424313247204,0.3911920443177223,0.29227560199797153,0.24505424313247204,0.3911920443177223,0.29227560199797153,0.26452807858586314,0.41066587939858434,0.29227560199797153,0.3692362692207098,0.36557606272399423,0.5508970025926828,0.2939934652298689,0.3692362692207098,0.36557606272399423,0.5508970025926828,0.2939934652298689,0.39144108071923256,0.3936068873852491,0.5493144117295742,0.3166918773204088,0.7809865728020668,1.3815182477235795,1.2010633505880832,0.24505424313247204,0.26452807858586314,1.0794674485308295,0.019473835453391097,0.3692362692207098,0.39144108071923256,1.0601371353507256,0.02220481149852277,0.39119203612208364,0.2922755926847458,0.2450542412698269,0.13725995915010572,0.10991991991177201,0.17370887398719786,0.0704985965276137,0.038684088835725564,0.08428482747403905,1.2488708809018134,0.3676767634227872,0.1550538674928248,0.29014983139932154,0.09713967079296708,0.07762736419463181,0.22049073372036218,0.07295752987265587,0.04414555081166327,0.08895124178379774,0.6913452409207821,0.8045469060540199,0.28907178789377214,0.6488267488777637,0.0,0.017680562488385475,0.10129624935798347,0.027381698490353303,0.08179550361819565,0.2968056986108422,0.1555011782795191,0.21905510928481817,0.08459382522851229,0.19794845581054688,0.125,0.05818869655486196,0.03126944211544469,0.0747273448156193,1.2488708809018134,0.014958057428399722,0.012828270030192757,0.022253788320456894,0.23980949271903018,0.35782314035059504
2026,C2,0.3,64,1,2000,phase23_new,0.7569326430559158,1.3889660239219666,1.2640667617321015,1.1922930672764778,1.2879913265506426,0.24889346547424793,0.39146428667008876,0.2851416416466236,0.24889346547424793,0.39146428667008876,0.2851416416466236,0.26864434462040665,0.41121516562998295,0.2851416416466236,0.3692362692207098,0.36557606272399423,0.5508970025926828,0.2939934652298689,0.3692362692207098,0.36557606272399423,0.5508970025926828,0.2939934652298689,0.39144108071923256,0.3936068873852491,0.5493144117295742,0.3166918773204088,0.7928194724023342,1.388966006040573,1.1922930672764778,0.24889346547424793,0.26864434462040665,1.0793547516746769,0.019750879146158723,0.3692362692207098,0.39144108071923256,1.0601371353507256,0.02220481149852277,0.39146428257226945,0.28514163158833983,0.248893466219306,0.1353660574182868,0.10965014388784766,0.1804028868675232,0.07301079472526908,0.04008443235070445,0.0874273139401339,1.2511744230985642,0.36750079728662965,0.15144349057227374,0.2917790520936251,0.09591686232015491,0.07867299803401692,0.22046861369162798,0.07556497463956476,0.04539387015393004,0.09162521422840655,0.6958359129726887,0.7839114457368851,0.30388019010424616,0.6407161258161068,0.0,0.10152164422906935,0.10341643076390028,0.029780731088249014,0.08889788875821977,0.2963851211592555,0.1517208717763424,0.2205246862024069,0.0829957976937294,0.1951448440551758,0.12499999990686775,0.060620309831574556,0.03270515911863185,0.07786110765300691,1.2511744230985642,0.015098346707721552,,,,
