seed,arm,lambda_group,K,bank,step,origin,permutation_seed,session_id,correct,shuffled,gap
123,C0,0,32,0,2000,phase22_reused,22101,session0,0.22437310963869095,0.2962835766375065,0.07191046699881554
123,C0,0,32,0,2000,phase22_reused,22101,session1,0.24563032388687134,0.2758534401655197,0.030223116278648376
123,C0,0,32,0,2000,phase22_reused,22101,session10,0.21725354716181755,0.2379348836839199,0.020681336522102356
123,C0,0,32,0,2000,phase22_reused,22101,session11,0.2534446194767952,0.3019748032093048,0.04853018373250961
123,C0,0,32,0,2000,phase22_reused,22101,session12,0.23146169632673264,0.24737532064318657,0.015913624316453934
123,C0,0,32,0,2000,phase22_reused,22101,session13,0.2228093445301056,0.24252791330218315,0.01971856877207756
123,C0,0,32,0,2000,phase22_reused,22101,session14,0.2594333216547966,0.2726762965321541,0.013242974877357483
123,C0,0,32,0,2000,phase22_reused,22101,session15,0.2340715043246746,0.23163382709026337,-0.0024376772344112396
123,C0,0,32,0,2000,phase22_reused,22101,session16,0.2761063240468502,0.29084134101867676,0.014735016971826553
123,C0,0,32,0,2000,phase22_reused,22101,session17,0.28644201532006264,0.3239521197974682,0.03751010447740555
123,C0,0,32,0,2000,phase22_reused,22101,session18,0.22221886739134789,0.2601988799870014,0.037980012595653534
123,C0,0,32,0,2000,phase22_reused,22101,session19,0.2623895853757858,0.26115311682224274,-0.0012364685535430908
123,C0,0,32,0,2000,phase22_reused,22101,session2,0.2654823549091816,0.28034787997603416,0.01486552506685257
123,C0,0,32,0,2000,phase22_reused,22101,session21,0.24693641066551208,0.26814527437090874,0.021208863705396652
123,C0,0,32,0,2000,phase22_reused,22101,session3,0.2833639904856682,0.29195960611104965,0.00859561562538147
123,C0,0,32,0,2000,phase22_reused,22101,session4,0.23341567441821098,0.23752964660525322,0.004113972187042236
123,C0,0,32,0,2000,phase22_reused,22101,session5,0.2106560505926609,0.19996904209256172,-0.010687008500099182
123,C0,0,32,0,2000,phase22_reused,22101,session6,0.21555861085653305,0.2210603505373001,0.005501739680767059
123,C0,0,32,0,2000,phase22_reused,22101,session7,0.2040979377925396,0.22348899021744728,0.019391052424907684
123,C0,0,32,0,2000,phase22_reused,22101,session9,0.25891970098018646,0.27904871851205826,0.020129017531871796
123,C0,0,32,0,2000,phase22_reused,22102,session0,0.22437310963869095,0.23778194934129715,0.013408839702606201
123,C0,0,32,0,2000,phase22_reused,22102,session1,0.24563032388687134,0.27044056355953217,0.024810239672660828
123,C0,0,32,0,2000,phase22_reused,22102,session10,0.21725354716181755,0.22605711966753006,0.00880357250571251
123,C0,0,32,0,2000,phase22_reused,22102,session11,0.2534446194767952,0.27767014876008034,0.02422552928328514
123,C0,0,32,0,2000,phase22_reused,22102,session12,0.23146169632673264,0.23812048137187958,0.006658785045146942
123,C0,0,32,0,2000,phase22_reused,22102,session13,0.2228093445301056,0.22432518377900124,0.0015158392488956451
123,C0,0,32,0,2000,phase22_reused,22102,session14,0.2594333216547966,0.26927434280514717,0.00984102115035057
123,C0,0,32,0,2000,phase22_reused,22102,session15,0.2340715043246746,0.23284488916397095,-0.001226615160703659
123,C0,0,32,0,2000,phase22_reused,22102,session16,0.2761063240468502,0.2962714657187462,0.02016514167189598
123,C0,0,32,0,2000,phase22_reused,22102,session17,0.28644201532006264,0.3006399944424629,0.014197979122400284
123,C0,0,32,0,2000,phase22_reused,22102,session18,0.22221886739134789,0.24121852219104767,0.018999654799699783
123,C0,0,32,0,2000,phase22_reused,22102,session19,0.2623895853757858,0.26169976592063904,-0.0006898194551467896
123,C0,0,32,0,2000,phase22_reused,22102,session2,0.2654823549091816,0.2670074589550495,0.00152510404586792
123,C0,0,32,0,2000,phase22_reused,22102,session21,0.24693641066551208,0.25888970494270325,0.011953294277191162
123,C0,0,32,0,2000,phase22_reused,22102,session3,0.2833639904856682,0.2969191372394562,0.013555146753787994
123,C0,0,32,0,2000,phase22_reused,22102,session4,0.23341567441821098,0.23752964660525322,0.004113972187042236
123,C0,0,32,0,2000,phase22_reused,22102,session5,0.2106560505926609,0.20082833245396614,-0.009827718138694763
123,C0,0,32,0,2000,phase22_reused,22102,session6,0.21555861085653305,0.2099335715174675,-0.005625039339065552
123,C0,0,32,0,2000,phase22_reused,22102,session7,0.2040979377925396,0.22075558453798294,0.016657646745443344
123,C0,0,32,0,2000,phase22_reused,22102,session9,0.25891970098018646,0.27977366745471954,0.02085396647453308
123,C0,0,32,0,2000,phase22_reused,22103,session0,0.22437310963869095,0.24636273086071014,0.021989621222019196
123,C0,0,32,0,2000,phase22_reused,22103,session1,0.24563032388687134,0.27044056355953217,0.024810239672660828
123,C0,0,32,0,2000,phase22_reused,22103,session10,0.21725354716181755,0.22605711966753006,0.00880357250571251
123,C0,0,32,0,2000,phase22_reused,22103,session11,0.2534446194767952,0.3068482130765915,0.053403593599796295
123,C0,0,32,0,2000,phase22_reused,22103,session12,0.23146169632673264,0.24737532064318657,0.015913624316453934
123,C0,0,32,0,2000,phase22_reused,22103,session13,0.2228093445301056,0.24425750970840454,0.02144816517829895
123,C0,0,32,0,2000,phase22_reused,22103,session14,0.2594333216547966,0.2650912329554558,0.00565791130065918
123,C0,0,32,0,2000,phase22_reused,22103,session15,0.2340715043246746,0.23284488916397095,-0.001226615160703659
123,C0,0,32,0,2000,phase22_reused,22103,session16,0.2761063240468502,0.2787148728966713,0.0026085488498210907
123,C0,0,32,0,2000,phase22_reused,22103,session17,0.28644201532006264,0.3006399944424629,0.014197979122400284
123,C0,0,32,0,2000,phase22_reused,22103,session18,0.22221886739134789,0.2454259991645813,0.023207131773233414
123,C0,0,32,0,2000,phase22_reused,22103,session19,0.2623895853757858,0.2772853150963783,0.014895729720592499
123,C0,0,32,0,2000,phase22_reused,22103,session2,0.2654823549091816,0.2581561617553234,-0.007326193153858185
123,C0,0,32,0,2000,phase22_reused,22103,session21,0.24693641066551208,0.25499945133924484,0.008063040673732758
123,C0,0,32,0,2000,phase22_reused,22103,session3,0.2833639904856682,0.29195960611104965,0.00859561562538147
123,C0,0,32,0,2000,phase22_reused,22103,session4,0.23341567441821098,0.23001285642385483,-0.0034028179943561554
123,C0,0,32,0,2000,phase22_reused,22103,session5,0.2106560505926609,0.2230273149907589,0.012371264398097992
123,C0,0,32,0,2000,phase22_reused,22103,session6,0.21555861085653305,0.2099335715174675,-0.005625039339065552
123,C0,0,32,0,2000,phase22_reused,22103,session7,0.2040979377925396,0.22201283648610115,0.017914898693561554
123,C0,0,32,0,2000,phase22_reused,22103,session9,0.25891970098018646,0.27977366745471954,0.02085396647453308
123,C0,0,64,0,2000,phase22_reused,22101,session0,0.22927533835172653,0.29829028248786926,0.06901494413614273
123,C0,0,64,0,2000,phase22_reused,22101,session1,0.2546839490532875,0.2833178900182247,0.02863394096493721
123,C0,0,64,0,2000,phase22_reused,22101,session10,0.21687425300478935,0.23733770847320557,0.020463455468416214
123,C0,0,64,0,2000,phase22_reused,22101,session11,0.2522934228181839,0.30014047026634216,0.047847047448158264
123,C0,0,64,0,2000,phase22_reused,22101,session12,0.23169239610433578,0.24695535749197006,0.015262961387634277
123,C0,0,64,0,2000,phase22_reused,22101,session13,0.220177561044693,0.24030939862132072,0.02013183757662773
123,C0,0,64,0,2000,phase22_reused,22101,session14,0.26194439083337784,0.27437977865338326,0.012435387820005417
123,C0,0,64,0,2000,phase22_reused,22101,session15,0.23161645606160164,0.22972365468740463,-0.0018928013741970062
123,C0,0,64,0,2000,phase22_reused,22101,session16,0.28091904893517494,0.2945072501897812,0.013588201254606247
123,C0,0,64,0,2000,phase22_reused,22101,session17,0.2929739020764828,0.3284050188958645,0.035431116819381714
123,C0,0,64,0,2000,phase22_reused,22101,session18,0.22331997379660606,0.25910814478993416,0.035788170993328094
123,C0,0,64,0,2000,phase22_reused,22101,session19,0.26420214399695396,0.2625858671963215,-0.0016162768006324768
123,C0,0,64,0,2000,phase22_reused,22101,session2,0.2701363302767277,0.2840690463781357,0.013932716101408005
123,C0,0,64,0,2000,phase22_reused,22101,session21,0.2508446127176285,0.27019647881388664,0.019351866096258163
123,C0,0,64,0,2000,phase22_reused,22101,session3,0.29206371679902077,0.29943812265992165,0.007374405860900879
123,C0,0,64,0,2000,phase22_reused,22101,session4,0.2342648133635521,0.23788932338356972,0.003624510020017624
123,C0,0,64,0,2000,phase22_reused,22101,session5,0.2079828567802906,0.19720123335719109,-0.010781623423099518
123,C0,0,64,0,2000,phase22_reused,22101,session6,0.21597129479050636,0.22227998450398445,0.006308689713478088
123,C0,0,64,0,2000,phase22_reused,22101,session7,0.2055584043264389,0.22383875399827957,0.018280349671840668
123,C0,0,64,0,2000,phase22_reused,22101,session9,0.2619606778025627,0.28128374367952347,0.019323065876960754
123,C0,0,64,0,2000,phase22_reused,22102,session0,0.22927533835172653,0.24234015122056007,0.013064812868833542
123,C0,0,64,0,2000,phase22_reused,22102,session1,0.2546839490532875,0.279122456908226,0.024438507854938507
123,C0,0,64,0,2000,phase22_reused,22102,session10,0.21687425300478935,0.22514116764068604,0.008266914635896683
123,C0,0,64,0,2000,phase22_reused,22102,session11,0.2522934228181839,0.27605732902884483,0.023763906210660934
123,C0,0,64,0,2000,phase22_reused,22102,session12,0.23169239610433578,0.23808472603559494,0.006392329931259155
123,C0,0,64,0,2000,phase22_reused,22102,session13,0.220177561044693,0.2221299260854721,0.0019523650407791138
123,C0,0,64,0,2000,phase22_reused,22102,session14,0.26194439083337784,0.27138277888298035,0.009438388049602509
123,C0,0,64,0,2000,phase22_reused,22102,session15,0.23161645606160164,0.2302054576575756,-0.0014109984040260315
123,C0,0,64,0,2000,phase22_reused,22102,session16,0.28091904893517494,0.30006028711795807,0.019141238182783127
123,C0,0,64,0,2000,phase22_reused,22102,session17,0.2929739020764828,0.3061172254383564,0.013143323361873627
123,C0,0,64,0,2000,phase22_reused,22102,session18,0.22331997379660606,0.24076028913259506,0.017440315335989
123,C0,0,64,0,2000,phase22_reused,22102,session19,0.26420214399695396,0.26350391656160355,-0.0006982274353504181
123,C0,0,64,0,2000,phase22_reused,22102,session2,0.2701363302767277,0.2702919580042362,0.00015562772750854492
123,C0,0,64,0,2000,phase22_reused,22102,session21,0.2508446127176285,0.26193852350115776,0.011093910783529282
123,C0,0,64,0,2000,phase22_reused,22102,session3,0.29206371679902077,0.30458152294158936,0.012517806142568588
123,C0,0,64,0,2000,phase22_reused,22102,session4,0.2342648133635521,0.23788932338356972,0.003624510020017624
123,C0,0,64,0,2000,phase22_reused,22102,session5,0.2079828567802906,0.19819187000393867,-0.009790986776351929
123,C0,0,64,0,2000,phase22_reused,22102,session6,0.21597129479050636,0.21030893549323082,-0.005662359297275543
123,C0,0,64,0,2000,phase22_reused,22102,session7,0.2055584043264389,0.2226642221212387,0.017105817794799805
123,C0,0,64,0,2000,phase22_reused,22102,session9,0.2619606778025627,0.28080181404948235,0.018841136246919632
123,C0,0,64,0,2000,phase22_reused,22103,session0,0.22927533835172653,0.2513885982334614,0.022113259881734848
123,C0,0,64,0,2000,phase22_reused,22103,session1,0.2546839490532875,0.279122456908226,0.024438507854938507
123,C0,0,64,0,2000,phase22_reused,22103,session10,0.21687425300478935,0.22514116764068604,0.008266914635896683
123,C0,0,64,0,2000,phase22_reused,22103,session11,0.2522934228181839,0.3052373677492142,0.05294394493103027
123,C0,0,64,0,2000,phase22_reused,22103,session12,0.23169239610433578,0.24695535749197006,0.015262961387634277
123,C0,0,64,0,2000,phase22_reused,22103,session13,0.220177561044693,0.24197103828191757,0.02179347723722458
123,C0,0,64,0,2000,phase22_reused,22103,session14,0.26194439083337784,0.2670673467218876,0.00512295588850975
123,C0,0,64,0,2000,phase22_reused,22103,session15,0.23161645606160164,0.2302054576575756,-0.0014109984040260315
123,C0,0,64,0,2000,phase22_reused,22103,session16,0.28091904893517494,0.2819826528429985,0.0010636039078235626
123,C0,0,64,0,2000,phase22_reused,22103,session17,0.2929739020764828,0.3061172254383564,0.013143323361873627
123,C0,0,64,0,2000,phase22_reused,22103,session18,0.22331997379660606,0.24325842782855034,0.019938454031944275
123,C0,0,64,0,2000,phase22_reused,22103,session19,0.26420214399695396,0.2777830623090267,0.013580918312072754
123,C0,0,64,0,2000,phase22_reused,22103,session2,0.2701363302767277,0.26246846467256546,-0.007667865604162216
123,C0,0,64,0,2000,phase22_reused,22103,session21,0.2508446127176285,0.25797732919454575,0.007132716476917267
123,C0,0,64,0,2000,phase22_reused,22103,session3,0.29206371679902077,0.29943812265992165,0.007374405860900879
123,C0,0,64,0,2000,phase22_reused,22103,session4,0.2342648133635521,0.23068740218877792,-0.00357741117477417
123,C0,0,64,0,2000,phase22_reused,22103,session5,0.2079828567802906,0.22003408893942833,0.012051232159137726
123,C0,0,64,0,2000,phase22_reused,22103,session6,0.21597129479050636,0.21030893549323082,-0.005662359297275543
123,C0,0,64,0,2000,phase22_reused,22103,session7,0.2055584043264389,0.22373157739639282,0.01817317306995392
123,C0,0,64,0,2000,phase22_reused,22103,session9,0.2619606778025627,0.28080181404948235,0.018841136246919632
123,C0,0,32,1,2000,phase22_reused,22101,session0,0.22574876248836517,0.2959866411983967,0.07023787871003151
123,C0,0,32,1,2000,phase22_reused,22101,session1,0.249200027436018,0.2810562439262867,0.03185621649026871
123,C0,0,32,1,2000,phase22_reused,22101,session10,0.21557657048106194,0.23632650822401047,0.020749937742948532
123,C0,0,32,1,2000,phase22_reused,22101,session11,0.25206662714481354,0.3001648411154747,0.04809821397066116
123,C0,0,32,1,2000,phase22_reused,22101,session12,0.2305700220167637,0.2465333603322506,0.015963338315486908
123,C0,0,32,1,2000,phase22_reused,22101,session13,0.21934929862618446,0.23974205181002617,0.020392753183841705
123,C0,0,32,1,2000,phase22_reused,22101,session14,0.26138613745570183,0.27321702241897583,0.011830884963274002
123,C0,0,32,1,2000,phase22_reused,22101,session15,0.23086835071444511,0.22802522033452988,-0.0028431303799152374
123,C0,0,32,1,2000,phase22_reused,22101,session16,0.2798225097358227,0.29314547404646873,0.013322964310646057
123,C0,0,32,1,2000,phase22_reused,22101,session17,0.2907518818974495,0.32649482786655426,0.03574294596910477
123,C0,0,32,1,2000,phase22_reused,22101,session18,0.22187478467822075,0.2578326128423214,0.03595782816410065
123,C0,0,32,1,2000,phase22_reused,22101,session19,0.26418498530983925,0.2612988278269768,-0.0028861574828624725
123,C0,0,32,1,2000,phase22_reused,22101,session2,0.2697189077734947,0.28388166055083275,0.014162752777338028
123,C0,0,32,1,2000,phase22_reused,22101,session21,0.25036029890179634,0.26970264688134193,0.019342347979545593
123,C0,0,32,1,2000,phase22_reused,22101,session3,0.2894667983055115,0.2973589226603508,0.007892124354839325
123,C0,0,32,1,2000,phase22_reused,22101,session4,0.23280947655439377,0.2373947687447071,0.004585292190313339
123,C0,0,32,1,2000,phase22_reused,22101,session5,0.20787134394049644,0.1964445523917675,-0.011426791548728943
123,C0,0,32,1,2000,phase22_reused,22101,session6,0.21341415867209435,0.22024018689990044,0.006826028227806091
123,C0,0,32,1,2000,phase22_reused,22101,session7,0.20364529266953468,0.22046402096748352,0.016818728297948837
123,C0,0,32,1,2000,phase22_reused,22101,session9,0.26149243488907814,0.27975380793213844,0.018261373043060303
123,C0,0,32,1,2000,phase22_reused,22102,session0,0.22574876248836517,0.2397688739001751,0.014020111411809921
123,C0,0,32,1,2000,phase22_reused,22102,session1,0.249200027436018,0.2760923355817795,0.02689230814576149
123,C0,0,32,1,2000,phase22_reused,22102,session10,0.21557657048106194,0.22404706478118896,0.00847049430012703
123,C0,0,32,1,2000,phase22_reused,22102,session11,0.25206662714481354,0.2759559713304043,0.023889344185590744
123,C0,0,32,1,2000,phase22_reused,22102,session12,0.2305700220167637,0.23752715811133385,0.00695713609457016
123,C0,0,32,1,2000,phase22_reused,22102,session13,0.21934929862618446,0.2208225354552269,0.0014732368290424347
123,C0,0,32,1,2000,phase22_reused,22102,session14,0.26138613745570183,0.2708236239850521,0.00943748652935028
123,C0,0,32,1,2000,phase22_reused,22102,session15,0.23086835071444511,0.22959354892373085,-0.001274801790714264
123,C0,0,32,1,2000,phase22_reused,22102,session16,0.2798225097358227,0.29995304718613625,0.020130537450313568
123,C0,0,32,1,2000,phase22_reused,22102,session17,0.2907518818974495,0.30457621067762375,0.013824328780174255
123,C0,0,32,1,2000,phase22_reused,22102,session18,0.22187478467822075,0.23803452029824257,0.01615973562002182
123,C0,0,32,1,2000,phase22_reused,22102,session19,0.26418498530983925,0.26250535622239113,-0.0016796290874481201
123,C0,0,32,1,2000,phase22_reused,22102,session2,0.2697189077734947,0.26784610375761986,-0.0018728040158748627
123,C0,0,32,1,2000,phase22_reused,22102,session21,0.25036029890179634,0.2612987793982029,0.010938480496406555
123,C0,0,32,1,2000,phase22_reused,22102,session3,0.2894667983055115,0.30178897827863693,0.012322179973125458
123,C0,0,32,1,2000,phase22_reused,22102,session4,0.23280947655439377,0.2373947687447071,0.004585292190313339
123,C0,0,32,1,2000,phase22_reused,22102,session5,0.20787134394049644,0.1976034753024578,-0.010267868638038635
123,C0,0,32,1,2000,phase22_reused,22102,session6,0.21341415867209435,0.20736327394843102,-0.00605088472366333
123,C0,0,32,1,2000,phase22_reused,22102,session7,0.20364529266953468,0.21939919143915176,0.01575389876961708
123,C0,0,32,1,2000,phase22_reused,22102,session9,0.26149243488907814,0.27988404780626297,0.01839161291718483
123,C0,0,32,1,2000,phase22_reused,22103,session0,0.22574876248836517,0.2497059665620327,0.023957204073667526
123,C0,0,32,1,2000,phase22_reused,22103,session1,0.249200027436018,0.2760923355817795,0.02689230814576149
123,C0,0,32,1,2000,phase22_reused,22103,session10,0.21557657048106194,0.22404706478118896,0.00847049430012703
123,C0,0,32,1,2000,phase22_reused,22103,session11,0.25206662714481354,0.3053845912218094,0.05331796407699585
123,C0,0,32,1,2000,phase22_reused,22103,session12,0.2305700220167637,0.2465333603322506,0.015963338315486908
123,C0,0,32,1,2000,phase22_reused,22103,session13,0.21934929862618446,0.24092551320791245,0.02157621458172798
123,C0,0,32,1,2000,phase22_reused,22103,session14,0.26138613745570183,0.2662532590329647,0.004867121577262878
123,C0,0,32,1,2000,phase22_reused,22103,session15,0.23086835071444511,0.22959354892373085,-0.001274801790714264
123,C0,0,32,1,2000,phase22_reused,22103,session16,0.2798225097358227,0.2797949016094208,-2.7608126401901245e-05
123,C0,0,32,1,2000,phase22_reused,22103,session17,0.2907518818974495,0.30457621067762375,0.013824328780174255
123,C0,0,32,1,2000,phase22_reused,22103,session18,0.22187478467822075,0.2413177825510502,0.019442997872829437
123,C0,0,32,1,2000,phase22_reused,22103,session19,0.26418498530983925,0.2772757411003113,0.01309075579047203
123,C0,0,32,1,2000,phase22_reused,22103,session2,0.2697189077734947,0.26031578704714775,-0.00940312072634697
123,C0,0,32,1,2000,phase22_reused,22103,session21,0.25036029890179634,0.25692328065633774,0.006562981754541397
123,C0,0,32,1,2000,phase22_reused,22103,session3,0.2894667983055115,0.2973589226603508,0.007892124354839325
123,C0,0,32,1,2000,phase22_reused,22103,session4,0.23280947655439377,0.22953199222683907,-0.0032774843275547028
123,C0,0,32,1,2000,phase22_reused,22103,session5,0.20787134394049644,0.21955469623208046,0.011683352291584015
123,C0,0,32,1,2000,phase22_reused,22103,session6,0.21341415867209435,0.20736327394843102,-0.00605088472366333
123,C0,0,32,1,2000,phase22_reused,22103,session7,0.20364529266953468,0.22120589017868042,0.017560597509145737
123,C0,0,32,1,2000,phase22_reused,22103,session9,0.26149243488907814,0.27988404780626297,0.01839161291718483
123,C0,0,64,1,2000,phase22_reused,22101,session0,0.22447732463479042,0.29676974564790726,0.07229242101311684
123,C0,0,64,1,2000,phase22_reused,22101,session1,0.2457476444542408,0.2782381661236286,0.03249052166938782
123,C0,0,64,1,2000,phase22_reused,22101,session10,0.21716322749853134,0.23773159086704254,0.0205683633685112
123,C0,0,64,1,2000,phase22_reused,22101,session11,0.2544725276529789,0.3026386648416519,0.04816613718867302
123,C0,0,64,1,2000,phase22_reused,22101,session12,0.23204439505934715,0.2481112703680992,0.01606687530875206
123,C0,0,64,1,2000,phase22_reused,22101,session13,0.22313900664448738,0.24304842948913574,0.01990942284464836
123,C0,0,64,1,2000,phase22_reused,22101,session14,0.26134245842695236,0.27370046451687813,0.012358006089925766
123,C0,0,64,1,2000,phase22_reused,22101,session15,0.2338467836380005,0.2304096557199955,-0.0034371279180049896
123,C0,0,64,1,2000,phase22_reused,22101,session16,0.27833740040659904,0.2924138829112053,0.014076482504606247
123,C0,0,64,1,2000,phase22_reused,22101,session17,0.2885318212211132,0.3257714807987213,0.03723965957760811
123,C0,0,64,1,2000,phase22_reused,22101,session18,0.2234853096306324,0.26053525507450104,0.03704994544386864
123,C0,0,64,1,2000,phase22_reused,22101,session19,0.26386262476444244,0.26132094115018845,-0.002541683614253998
123,C0,0,64,1,2000,phase22_reused,22101,session2,0.26802315935492516,0.28274407237768173,0.014720913022756577
123,C0,0,64,1,2000,phase22_reused,22101,session21,0.24889087677001953,0.2691193148493767,0.020228438079357147
123,C0,0,64,1,2000,phase22_reused,22101,session3,0.28598181158304214,0.2945946082472801,0.008612796664237976
123,C0,0,64,1,2000,phase22_reused,22101,session4,0.23377203568816185,0.23840278014540672,0.004630744457244873
123,C0,0,64,1,2000,phase22_reused,22101,session5,0.21105199307203293,0.19964133948087692,-0.011410653591156006
123,C0,0,64,1,2000,phase22_reused,22101,session6,0.21434003487229347,0.22041578963398933,0.006075754761695862
123,C0,0,64,1,2000,phase22_reused,22101,session7,0.20482494682073593,0.22223543375730515,0.017410486936569214
123,C0,0,64,1,2000,phase22_reused,22101,session9,0.2607817128300667,0.280288465321064,0.019506752490997314
123,C0,0,64,1,2000,phase22_reused,22102,session0,0.22447732463479042,0.23873861134052277,0.014261286705732346
123,C0,0,64,1,2000,phase22_reused,22102,session1,0.2457476444542408,0.2723586820065975,0.02661103755235672
123,C0,0,64,1,2000,phase22_reused,22102,session10,0.21716322749853134,0.2259419597685337,0.008778732270002365
123,C0,0,64,1,2000,phase22_reused,22102,session11,0.2544725276529789,0.2782913111150265,0.023818783462047577
123,C0,0,64,1,2000,phase22_reused,22102,session12,0.23204439505934715,0.23898134008049965,0.006936945021152496
123,C0,0,64,1,2000,phase22_reused,22102,session13,0.22313900664448738,0.22433267161250114,0.0011936649680137634
123,C0,0,64,1,2000,phase22_reused,22102,session14,0.26134245842695236,0.27102550491690636,0.009683046489953995
123,C0,0,64,1,2000,phase22_reused,22102,session15,0.2338467836380005,0.23243793845176697,-0.0014088451862335205
123,C0,0,64,1,2000,phase22_reused,22102,session16,0.27833740040659904,0.29936788231134415,0.021030481904745102
123,C0,0,64,1,2000,phase22_reused,22102,session17,0.2885318212211132,0.30309585854411125,0.014564037322998047
123,C0,0,64,1,2000,phase22_reused,22102,session18,0.2234853096306324,0.2403588630259037,0.0168735533952713
123,C0,0,64,1,2000,phase22_reused,22102,session19,0.26386262476444244,0.2623402923345566,-0.0015223324298858643
123,C0,0,64,1,2000,phase22_reused,22102,session2,0.26802315935492516,0.26714957505464554,-0.0008735843002796173
123,C0,0,64,1,2000,phase22_reused,22102,session21,0.24889087677001953,0.26038505509495735,0.01149417832493782
123,C0,0,64,1,2000,phase22_reused,22102,session3,0.28598181158304214,0.29872098937630653,0.012739177793264389
123,C0,0,64,1,2000,phase22_reused,22102,session4,0.23377203568816185,0.23840278014540672,0.004630744457244873
123,C0,0,64,1,2000,phase22_reused,22102,session5,0.21105199307203293,0.20087004452943802,-0.01018194854259491
123,C0,0,64,1,2000,phase22_reused,22102,session6,0.21434003487229347,0.20864735916256905,-0.005692675709724426
123,C0,0,64,1,2000,phase22_reused,22102,session7,0.20482494682073593,0.22013352811336517,0.015308581292629242
123,C0,0,64,1,2000,phase22_reused,22102,session9,0.2607817128300667,0.280760008841753,0.019978296011686325
123,C0,0,64,1,2000,phase22_reused,22103,session0,0.22447732463479042,0.24842000752687454,0.02394268289208412
123,C0,0,64,1,2000,phase22_reused,22103,session1,0.2457476444542408,0.2723586820065975,0.02661103755235672
123,C0,0,64,1,2000,phase22_reused,22103,session10,0.21716322749853134,0.2259419597685337,0.008778732270002365
123,C0,0,64,1,2000,phase22_reused,22103,session11,0.2544725276529789,0.3079441115260124,0.053471583873033524
123,C0,0,64,1,2000,phase22_reused,22103,session12,0.23204439505934715,0.2481112703680992,0.01606687530875206
123,C0,0,64,1,2000,phase22_reused,22103,session13,0.22313900664448738,0.24438383430242538,0.021244827657938004
123,C0,0,64,1,2000,phase22_reused,22103,session14,0.26134245842695236,0.26646750792860985,0.005125049501657486
123,C0,0,64,1,2000,phase22_reused,22103,session15,0.2338467836380005,0.23243793845176697,-0.0014088451862335205
123,C0,0,64,1,2000,phase22_reused,22103,session16,0.27833740040659904,0.2787254564464092,0.00038805603981018066
123,C0,0,64,1,2000,phase22_reused,22103,session17,0.2885318212211132,0.30309585854411125,0.014564037322998047
123,C0,0,64,1,2000,phase22_reused,22103,session18,0.2234853096306324,0.2447306625545025,0.021245352923870087
123,C0,0,64,1,2000,phase22_reused,22103,session19,0.26386262476444244,0.2783505767583847,0.01448795199394226
123,C0,0,64,1,2000,phase22_reused,22103,session2,0.26802315935492516,0.25895125046372414,-0.00907190889120102
123,C0,0,64,1,2000,phase22_reused,22103,session21,0.24889087677001953,0.2556481324136257,0.006757255643606186
123,C0,0,64,1,2000,phase22_reused,22103,session3,0.28598181158304214,0.2945946082472801,0.008612796664237976
123,C0,0,64,1,2000,phase22_reused,22103,session4,0.23377203568816185,0.2305978536605835,-0.003174182027578354
123,C0,0,64,1,2000,phase22_reused,22103,session5,0.21105199307203293,0.22275198996067047,0.011699996888637543
123,C0,0,64,1,2000,phase22_reused,22103,session6,0.21434003487229347,0.20864735916256905,-0.005692675709724426
123,C0,0,64,1,2000,phase22_reused,22103,session7,0.20482494682073593,0.22192904353141785,0.017104096710681915
123,C0,0,64,1,2000,phase22_reused,22103,session9,0.2607817128300667,0.280760008841753,0.019978296011686325
123,C1,0.03,32,0,2000,phase23_new,22101,session0,0.22619418054819107,0.302340529859066,0.07614634931087494
123,C1,0.03,32,0,2000,phase23_new,22101,session1,0.2559448145329952,0.2802388146519661,0.02429400011897087
123,C1,0.03,32,0,2000,phase23_new,22101,session10,0.21572212129831314,0.23654255270957947,0.020820431411266327
123,C1,0.03,32,0,2000,phase23_new,22101,session11,0.25939198583364487,0.31248535960912704,0.05309337377548218
123,C1,0.03,32,0,2000,phase23_new,22101,session12,0.2400486022233963,0.2559123560786247,0.015863753855228424
123,C1,0.03,32,0,2000,phase23_new,22101,session13,0.22076022624969482,0.24231530725955963,0.021555081009864807
123,C1,0.03,32,0,2000,phase23_new,22101,session14,0.26003889739513397,0.27759698778390884,0.017558090388774872
123,C1,0.03,32,0,2000,phase23_new,22101,session15,0.23221208527684212,0.23166144266724586,-0.0005506426095962524
123,C1,0.03,32,0,2000,phase23_new,22101,session16,0.28084249049425125,0.29613490775227547,0.015292417258024216
123,C1,0.03,32,0,2000,phase23_new,22101,session17,0.2934204749763012,0.335913460701704,0.04249298572540283
123,C1,0.03,32,0,2000,phase23_new,22101,session18,0.22785153985023499,0.25856244191527367,0.03071090206503868
123,C1,0.03,32,0,2000,phase23_new,22101,session19,0.2656083479523659,0.2696453295648098,0.004036981612443924
123,C1,0.03,32,0,2000,phase23_new,22101,session2,0.2753698341548443,0.28658678755164146,0.01121695339679718
123,C1,0.03,32,0,2000,phase23_new,22101,session21,0.24865923076868057,0.2710350230336189,0.022375792264938354
123,C1,0.03,32,0,2000,phase23_new,22101,session3,0.2878164201974869,0.30161453783512115,0.013798117637634277
123,C1,0.03,32,0,2000,phase23_new,22101,session4,0.24089496210217476,0.24378078803420067,0.0028858259320259094
123,C1,0.03,32,0,2000,phase23_new,22101,session5,0.20258161798119545,0.19719210639595985,-0.005389511585235596
123,C1,0.03,32,0,2000,phase23_new,22101,session6,0.2095644399523735,0.21616092696785927,0.0065964870154857635
123,C1,0.03,32,0,2000,phase23_new,22101,session7,0.2013370618224144,0.21564220264554024,0.01430514082312584
123,C1,0.03,32,0,2000,phase23_new,22101,session9,0.2613677345216274,0.2864361144602299,0.025068379938602448
123,C1,0.03,32,0,2000,phase23_new,22102,session0,0.22619418054819107,0.23483821749687195,0.008644036948680878
123,C1,0.03,32,0,2000,phase23_new,22102,session1,0.2559448145329952,0.28175411373376846,0.02580929920077324
123,C1,0.03,32,0,2000,phase23_new,22102,session10,0.21572212129831314,0.2294699251651764,0.01374780386686325
123,C1,0.03,32,0,2000,phase23_new,22102,session11,0.25939198583364487,0.28959881141781807,0.030206825584173203
123,C1,0.03,32,0,2000,phase23_new,22102,session12,0.2400486022233963,0.2463552989065647,0.006306696683168411
123,C1,0.03,32,0,2000,phase23_new,22102,session13,0.22076022624969482,0.2269800417125225,0.0062198154628276825
123,C1,0.03,32,0,2000,phase23_new,22102,session14,0.26003889739513397,0.2786196917295456,0.01858079433441162
123,C1,0.03,32,0,2000,phase23_new,22102,session15,0.23221208527684212,0.2286798357963562,-0.003532249480485916
123,C1,0.03,32,0,2000,phase23_new,22102,session16,0.28084249049425125,0.29738255962729454,0.01654006913304329
123,C1,0.03,32,0,2000,phase23_new,22102,session17,0.2934204749763012,0.3040689378976822,0.010648462921380997
123,C1,0.03,32,0,2000,phase23_new,22102,session18,0.22785153985023499,0.2434239536523819,0.015572413802146912
123,C1,0.03,32,0,2000,phase23_new,22102,session19,0.2656083479523659,0.26939013227820396,0.003781784325838089
123,C1,0.03,32,0,2000,phase23_new,22102,session2,0.2753698341548443,0.27377263829112053,-0.0015971958637237549
123,C1,0.03,32,0,2000,phase23_new,22102,session21,0.24865923076868057,0.26125213876366615,0.01259290799498558
123,C1,0.03,32,0,2000,phase23_new,22102,session3,0.2878164201974869,0.3088560290634632,0.021039608865976334
123,C1,0.03,32,0,2000,phase23_new,22102,session4,0.24089496210217476,0.24378078803420067,0.0028858259320259094
123,C1,0.03,32,0,2000,phase23_new,22102,session5,0.20258161798119545,0.19551759585738182,-0.007064022123813629
123,C1,0.03,32,0,2000,phase23_new,22102,session6,0.2095644399523735,0.21171053126454353,0.0021460913121700287
123,C1,0.03,32,0,2000,phase23_new,22102,session7,0.2013370618224144,0.22041822224855423,0.01908116042613983
123,C1,0.03,32,0,2000,phase23_new,22102,session9,0.2613677345216274,0.28544533252716064,0.02407759800553322
123,C1,0.03,32,0,2000,phase23_new,22103,session0,0.22619418054819107,0.2417602464556694,0.015566065907478333
123,C1,0.03,32,0,2000,phase23_new,22103,session1,0.2559448145329952,0.28175411373376846,0.02580929920077324
123,C1,0.03,32,0,2000,phase23_new,22103,session10,0.21572212129831314,0.2294699251651764,0.01374780386686325
123,C1,0.03,32,0,2000,phase23_new,22103,session11,0.25939198583364487,0.3184363394975662,0.059044353663921356
123,C1,0.03,32,0,2000,phase23_new,22103,session12,0.2400486022233963,0.2559123560786247,0.015863753855228424
123,C1,0.03,32,0,2000,phase23_new,22103,session13,0.22076022624969482,0.24378619715571404,0.02302597090601921
123,C1,0.03,32,0,2000,phase23_new,22103,session14,0.26003889739513397,0.26624418795108795,0.0062052905559539795
123,C1,0.03,32,0,2000,phase23_new,22103,session15,0.23221208527684212,0.2286798357963562,-0.003532249480485916
123,C1,0.03,32,0,2000,phase23_new,22103,session16,0.28084249049425125,0.286349780857563,0.005507290363311768
123,C1,0.03,32,0,2000,phase23_new,22103,session17,0.2934204749763012,0.3040689378976822,0.010648462921380997
123,C1,0.03,32,0,2000,phase23_new,22103,session18,0.22785153985023499,0.24279873818159103,0.014947198331356049
123,C1,0.03,32,0,2000,phase23_new,22103,session19,0.2656083479523659,0.28539663180708885,0.019788283854722977
123,C1,0.03,32,0,2000,phase23_new,22103,session2,0.2753698341548443,0.2666895352303982,-0.008680298924446106
123,C1,0.03,32,0,2000,phase23_new,22103,session21,0.24865923076868057,0.2515338696539402,0.0028746388852596283
123,C1,0.03,32,0,2000,phase23_new,22103,session3,0.2878164201974869,0.30161453783512115,0.013798117637634277
123,C1,0.03,32,0,2000,phase23_new,22103,session4,0.24089496210217476,0.23579524457454681,-0.005099717527627945
123,C1,0.03,32,0,2000,phase23_new,22103,session5,0.20258161798119545,0.21353796496987343,0.010956346988677979
123,C1,0.03,32,0,2000,phase23_new,22103,session6,0.2095644399523735,0.21171053126454353,0.0021460913121700287
123,C1,0.03,32,0,2000,phase23_new,22103,session7,0.2013370618224144,0.22084874287247658,0.01951168105006218
123,C1,0.03,32,0,2000,phase23_new,22103,session9,0.2613677345216274,0.28544533252716064,0.02407759800553322
123,C1,0.03,64,0,2000,phase23_new,22101,session0,0.2281501218676567,0.30330129340291023,0.07515117153525352
123,C1,0.03,64,0,2000,phase23_new,22101,session1,0.25503356382250786,0.2803232930600643,0.025289729237556458
123,C1,0.03,64,0,2000,phase23_new,22101,session10,0.21247849613428116,0.23352563008666039,0.021047133952379227
123,C1,0.03,64,0,2000,phase23_new,22101,session11,0.2546685077250004,0.30836447328329086,0.05369596555829048
123,C1,0.03,64,0,2000,phase23_new,22101,session12,0.23507119342684746,0.25093353912234306,0.015862345695495605
123,C1,0.03,64,0,2000,phase23_new,22101,session13,0.22085736691951752,0.24189940840005875,0.02104204148054123
123,C1,0.03,64,0,2000,phase23_new,22101,session14,0.25768527016043663,0.27621322870254517,0.018527958542108536
123,C1,0.03,64,0,2000,phase23_new,22101,session15,0.23097829520702362,0.23041639477014542,-0.0005619004368782043
123,C1,0.03,64,0,2000,phase23_new,22101,session16,0.277527641505003,0.29208358377218246,0.01455594226717949
123,C1,0.03,64,0,2000,phase23_new,22101,session17,0.2904624864459038,0.3323384150862694,0.0418759286403656
123,C1,0.03,64,0,2000,phase23_new,22101,session18,0.22463272139430046,0.25684668123722076,0.0322139598429203
123,C1,0.03,64,0,2000,phase23_new,22101,session19,0.26197075098752975,0.2652614638209343,0.003290712833404541
123,C1,0.03,64,0,2000,phase23_new,22101,session2,0.27089873701334,0.2817586436867714,0.010859906673431396
123,C1,0.03,64,0,2000,phase23_new,22101,session21,0.24497362226247787,0.2657235190272331,0.02074989676475525
123,C1,0.03,64,0,2000,phase23_new,22101,session3,0.2848149351775646,0.2982017248868942,0.013386789709329605
123,C1,0.03,64,0,2000,phase23_new,22101,session4,0.23675202205777168,0.2394322231411934,0.002680201083421707
123,C1,0.03,64,0,2000,phase23_new,22101,session5,0.2022208869457245,0.1964147910475731,-0.005806095898151398
123,C1,0.03,64,0,2000,phase23_new,22101,session6,0.2066148966550827,0.21279460936784744,0.00617971271276474
123,C1,0.03,64,0,2000,phase23_new,22101,session7,0.20228158682584763,0.21671606227755547,0.01443447545170784
123,C1,0.03,64,0,2000,phase23_new,22101,session9,0.2591410055756569,0.2840268015861511,0.024885796010494232
123,C1,0.03,64,0,2000,phase23_new,22102,session0,0.2281501218676567,0.2374609373509884,0.00931081548333168
123,C1,0.03,64,0,2000,phase23_new,22102,session1,0.25503356382250786,0.28006450459361076,0.025030940771102905
123,C1,0.03,64,0,2000,phase23_new,22102,session10,0.21247849613428116,0.2256828062236309,0.013204310089349747
123,C1,0.03,64,0,2000,phase23_new,22102,session11,0.2546685077250004,0.28543295338749886,0.030764445662498474
123,C1,0.03,64,0,2000,phase23_new,22102,session12,0.23507119342684746,0.2410138063132763,0.005942612886428833
123,C1,0.03,64,0,2000,phase23_new,22102,session13,0.22085736691951752,0.2262599915266037,0.005402624607086182
123,C1,0.03,64,0,2000,phase23_new,22102,session14,0.25768527016043663,0.2759792134165764,0.018293943256139755
123,C1,0.03,64,0,2000,phase23_new,22102,session15,0.23097829520702362,0.22781215980648994,-0.003166135400533676
123,C1,0.03,64,0,2000,phase23_new,22102,session16,0.277527641505003,0.29465074837207794,0.017123106867074966
123,C1,0.03,64,0,2000,phase23_new,22102,session17,0.2904624864459038,0.3006497621536255,0.01018727570772171
123,C1,0.03,64,0,2000,phase23_new,22102,session18,0.22463272139430046,0.24067120626568794,0.01603848487138748
123,C1,0.03,64,0,2000,phase23_new,22102,session19,0.26197075098752975,0.26518725976347923,0.003216508775949478
123,C1,0.03,64,0,2000,phase23_new,22102,session2,0.27089873701334,0.26903819292783737,-0.0018605440855026245
123,C1,0.03,64,0,2000,phase23_new,22102,session21,0.24497362226247787,0.2571473605930805,0.012173738330602646
123,C1,0.03,64,0,2000,phase23_new,22102,session3,0.2848149351775646,0.30435239896178246,0.019537463784217834
123,C1,0.03,64,0,2000,phase23_new,22102,session4,0.23675202205777168,0.2394322231411934,0.002680201083421707
123,C1,0.03,64,0,2000,phase23_new,22102,session5,0.2022208869457245,0.1950945407152176,-0.007126346230506897
123,C1,0.03,64,0,2000,phase23_new,22102,session6,0.2066148966550827,0.2094220444560051,0.002807147800922394
123,C1,0.03,64,0,2000,phase23_new,22102,session7,0.20228158682584763,0.22073860466480255,0.018457017838954926
123,C1,0.03,64,0,2000,phase23_new,22102,session9,0.2591410055756569,0.2836310416460037,0.024490036070346832
123,C1,0.03,64,0,2000,phase23_new,22103,session0,0.2281501218676567,0.24383078888058662,0.015680667012929916
123,C1,0.03,64,0,2000,phase23_new,22103,session1,0.25503356382250786,0.28006450459361076,0.025030940771102905
123,C1,0.03,64,0,2000,phase23_new,22103,session10,0.21247849613428116,0.2256828062236309,0.013204310089349747
123,C1,0.03,64,0,2000,phase23_new,22103,session11,0.2546685077250004,0.3143458813428879,0.0596773736178875
123,C1,0.03,64,0,2000,phase23_new,22103,session12,0.23507119342684746,0.25093353912234306,0.015862345695495605
123,C1,0.03,64,0,2000,phase23_new,22103,session13,0.22085736691951752,0.2434544414281845,0.022597074508666992
123,C1,0.03,64,0,2000,phase23_new,22103,session14,0.25768527016043663,0.26444004848599434,0.006754778325557709
123,C1,0.03,64,0,2000,phase23_new,22103,session15,0.23097829520702362,0.22781215980648994,-0.003166135400533676
123,C1,0.03,64,0,2000,phase23_new,22103,session16,0.277527641505003,0.2830120623111725,0.00548442080616951
123,C1,0.03,64,0,2000,phase23_new,22103,session17,0.2904624864459038,0.3006497621536255,0.01018727570772171
123,C1,0.03,64,0,2000,phase23_new,22103,session18,0.22463272139430046,0.2408229410648346,0.016190219670534134
123,C1,0.03,64,0,2000,phase23_new,22103,session19,0.26197075098752975,0.2816331014037132,0.01966235041618347
123,C1,0.03,64,0,2000,phase23_new,22103,session2,0.27089873701334,0.26084475964307785,-0.010053977370262146
123,C1,0.03,64,0,2000,phase23_new,22103,session21,0.24497362226247787,0.24712541326880455,0.0021517910063266754
123,C1,0.03,64,0,2000,phase23_new,22103,session3,0.2848149351775646,0.2982017248868942,0.013386789709329605
123,C1,0.03,64,0,2000,phase23_new,22103,session4,0.23675202205777168,0.23170951753854752,-0.005042504519224167
123,C1,0.03,64,0,2000,phase23_new,22103,session5,0.2022208869457245,0.21284549683332443,0.010624609887599945
123,C1,0.03,64,0,2000,phase23_new,22103,session6,0.2066148966550827,0.2094220444560051,0.002807147800922394
123,C1,0.03,64,0,2000,phase23_new,22103,session7,0.20228158682584763,0.2213224582374096,0.019040871411561966
123,C1,0.03,64,0,2000,phase23_new,22103,session9,0.2591410055756569,0.2836310416460037,0.024490036070346832
123,C1,0.03,32,1,2000,phase23_new,22101,session0,0.22394021227955818,0.3023384399712086,0.07839822769165039
123,C1,0.03,32,1,2000,phase23_new,22101,session1,0.2499876469373703,0.276438906788826,0.02645125985145569
123,C1,0.03,32,1,2000,phase23_new,22101,session10,0.2119215838611126,0.23168013244867325,0.019758548587560654
123,C1,0.03,32,1,2000,phase23_new,22101,session11,0.2533921152353287,0.3085884302854538,0.05519631505012512
123,C1,0.03,32,1,2000,phase23_new,22101,session12,0.23323286324739456,0.2498062252998352,0.016573362052440643
123,C1,0.03,32,1,2000,phase23_new,22101,session13,0.21966783329844475,0.2408413253724575,0.021173492074012756
123,C1,0.03,32,1,2000,phase23_new,22101,session14,0.25648074224591255,0.27505770698189735,0.018576964735984802
123,C1,0.03,32,1,2000,phase23_new,22101,session15,0.2297673337161541,0.22927960753440857,-0.0004877261817455292
123,C1,0.03,32,1,2000,phase23_new,22101,session16,0.2747678682208061,0.2903999760746956,0.015632107853889465
123,C1,0.03,32,1,2000,phase23_new,22101,session17,0.2871638685464859,0.33134419471025467,0.04418032616376877
123,C1,0.03,32,1,2000,phase23_new,22101,session18,0.22234749421477318,0.25546251982450485,0.033115025609731674
123,C1,0.03,32,1,2000,phase23_new,22101,session19,0.2596052251756191,0.2631985507905483,0.0035933256149291992
123,C1,0.03,32,1,2000,phase23_new,22101,session2,0.26881739124655724,0.28013933822512627,0.01132194697856903
123,C1,0.03,32,1,2000,phase23_new,22101,session21,0.24247756600379944,0.2652214244008064,0.02274385839700699
123,C1,0.03,32,1,2000,phase23_new,22101,session3,0.28024110198020935,0.29399899020791054,0.013757888227701187
123,C1,0.03,32,1,2000,phase23_new,22101,session4,0.23484307527542114,0.23727792873978615,0.0024348534643650055
123,C1,0.03,32,1,2000,phase23_new,22101,session5,0.20157283544540405,0.19498991966247559,-0.006582915782928467
123,C1,0.03,32,1,2000,phase23_new,22101,session6,0.2060490921139717,0.211656391620636,0.005607299506664276
123,C1,0.03,32,1,2000,phase23_new,22101,session7,0.20129037648439407,0.21732066199183464,0.016030285507440567
123,C1,0.03,32,1,2000,phase23_new,22101,session9,0.25738783180713654,0.2829406410455704,0.025552809238433838
123,C1,0.03,32,1,2000,phase23_new,22102,session0,0.22394021227955818,0.23391542211174965,0.009975209832191467
123,C1,0.03,32,1,2000,phase23_new,22102,session1,0.2499876469373703,0.27654413878917694,0.02655649185180664
123,C1,0.03,32,1,2000,phase23_new,22102,session10,0.2119215838611126,0.22466499730944633,0.01274341344833374
123,C1,0.03,32,1,2000,phase23_new,22102,session11,0.2533921152353287,0.28520842269062996,0.031816307455301285
123,C1,0.03,32,1,2000,phase23_new,22102,session12,0.23323286324739456,0.23945115506649017,0.006218291819095612
123,C1,0.03,32,1,2000,phase23_new,22102,session13,0.21966783329844475,0.22495590150356293,0.005288068205118179
123,C1,0.03,32,1,2000,phase23_new,22102,session14,0.25648074224591255,0.27513427287340164,0.01865353062748909
123,C1,0.03,32,1,2000,phase23_new,22102,session15,0.2297673337161541,0.22706786915659904,-0.0026994645595550537
123,C1,0.03,32,1,2000,phase23_new,22102,session16,0.2747678682208061,0.2919338718056679,0.017166003584861755
123,C1,0.03,32,1,2000,phase23_new,22102,session17,0.2871638685464859,0.2982261888682842,0.011062320321798325
123,C1,0.03,32,1,2000,phase23_new,22102,session18,0.22234749421477318,0.24016627296805382,0.01781877875328064
123,C1,0.03,32,1,2000,phase23_new,22102,session19,0.2596052251756191,0.26346417516469955,0.003858949989080429
123,C1,0.03,32,1,2000,phase23_new,22102,session2,0.26881739124655724,0.26686061918735504,-0.001956772059202194
123,C1,0.03,32,1,2000,phase23_new,22102,session21,0.24247756600379944,0.25534092634916306,0.012863360345363617
123,C1,0.03,32,1,2000,phase23_new,22102,session3,0.28024110198020935,0.3006502464413643,0.020409144461154938
123,C1,0.03,32,1,2000,phase23_new,22102,session4,0.23484307527542114,0.23727792873978615,0.0024348534643650055
123,C1,0.03,32,1,2000,phase23_new,22102,session5,0.20157283544540405,0.19421347975730896,-0.007359355688095093
123,C1,0.03,32,1,2000,phase23_new,22102,session6,0.2060490921139717,0.20781751722097397,0.0017684251070022583
123,C1,0.03,32,1,2000,phase23_new,22102,session7,0.20129037648439407,0.22040466219186783,0.019114285707473755
123,C1,0.03,32,1,2000,phase23_new,22102,session9,0.25738783180713654,0.2832883521914482,0.025900520384311676
123,C1,0.03,32,1,2000,phase23_new,22103,session0,0.22394021227955818,0.2398287020623684,0.01588848978281021
123,C1,0.03,32,1,2000,phase23_new,22103,session1,0.2499876469373703,0.27654413878917694,0.02655649185180664
123,C1,0.03,32,1,2000,phase23_new,22103,session10,0.2119215838611126,0.22466499730944633,0.01274341344833374
123,C1,0.03,32,1,2000,phase23_new,22103,session11,0.2533921152353287,0.3141086995601654,0.06071658432483673
123,C1,0.03,32,1,2000,phase23_new,22103,session12,0.23323286324739456,0.2498062252998352,0.016573362052440643
123,C1,0.03,32,1,2000,phase23_new,22103,session13,0.21966783329844475,0.24216899648308754,0.022501163184642792
123,C1,0.03,32,1,2000,phase23_new,22103,session14,0.25648074224591255,0.26307717710733414,0.006596434861421585
123,C1,0.03,32,1,2000,phase23_new,22103,session15,0.2297673337161541,0.22706786915659904,-0.0026994645595550537
123,C1,0.03,32,1,2000,phase23_new,22103,session16,0.2747678682208061,0.28077808395028114,0.006010215729475021
123,C1,0.03,32,1,2000,phase23_new,22103,session17,0.2871638685464859,0.2982261888682842,0.011062320321798325
123,C1,0.03,32,1,2000,phase23_new,22103,session18,0.22234749421477318,0.24074805155396461,0.018400557339191437
123,C1,0.03,32,1,2000,phase23_new,22103,session19,0.2596052251756191,0.28050096705555916,0.020895741879940033
123,C1,0.03,32,1,2000,phase23_new,22103,session2,0.26881739124655724,0.2581535540521145,-0.010663837194442749
123,C1,0.03,32,1,2000,phase23_new,22103,session21,0.24247756600379944,0.24505136162042618,0.0025737956166267395
123,C1,0.03,32,1,2000,phase23_new,22103,session3,0.28024110198020935,0.29399899020791054,0.013757888227701187
123,C1,0.03,32,1,2000,phase23_new,22103,session4,0.23484307527542114,0.22923490777611732,-0.005608167499303818
123,C1,0.03,32,1,2000,phase23_new,22103,session5,0.20157283544540405,0.21211359649896622,0.010540761053562164
123,C1,0.03,32,1,2000,phase23_new,22103,session6,0.2060490921139717,0.20781751722097397,0.0017684251070022583
123,C1,0.03,32,1,2000,phase23_new,22103,session7,0.20129037648439407,0.22092882171273232,0.01963844522833824
123,C1,0.03,32,1,2000,phase23_new,22103,session9,0.25738783180713654,0.2832883521914482,0.025900520384311676
123,C1,0.03,64,1,2000,phase23_new,22101,session0,0.22524531930685043,0.3041069582104683,0.07886163890361786
123,C1,0.03,64,1,2000,phase23_new,22101,session1,0.2510337419807911,0.2776689678430557,0.026635225862264633
123,C1,0.03,64,1,2000,phase23_new,22101,session10,0.21543188765645027,0.2354230284690857,0.019991140812635422
123,C1,0.03,64,1,2000,phase23_new,22101,session11,0.25714298337697983,0.3121322691440582,0.0549892857670784
123,C1,0.03,64,1,2000,phase23_new,22101,session12,0.23789193481206894,0.2540964297950268,0.01620449498295784
123,C1,0.03,64,1,2000,phase23_new,22101,session13,0.22210190445184708,0.24341614916920662,0.021314244717359543
123,C1,0.03,64,1,2000,phase23_new,22101,session14,0.26030101254582405,0.2790217027068138,0.01872069016098976
123,C1,0.03,64,1,2000,phase23_new,22101,session15,0.23191355168819427,0.2315521389245987,-0.00036141276359558105
123,C1,0.03,64,1,2000,phase23_new,22101,session16,0.27798235416412354,0.29386864230036736,0.01588628813624382
123,C1,0.03,64,1,2000,phase23_new,22101,session17,0.28923702612519264,0.33356745168566704,0.044330425560474396
123,C1,0.03,64,1,2000,phase23_new,22101,session18,0.22448855265974998,0.2575680874288082,0.03307953476905823
123,C1,0.03,64,1,2000,phase23_new,22101,session19,0.262050848454237,0.2656472586095333,0.0035964101552963257
123,C1,0.03,64,1,2000,phase23_new,22101,session2,0.2712845765054226,0.2826181687414646,0.011333592236042023
123,C1,0.03,64,1,2000,phase23_new,22101,session21,0.24690048396587372,0.26899804919958115,0.022097565233707428
123,C1,0.03,64,1,2000,phase23_new,22101,session3,0.28233902901411057,0.2968641147017479,0.014525085687637329
123,C1,0.03,64,1,2000,phase23_new,22101,session4,0.23695781826972961,0.23965725302696228,0.002699434757232666
123,C1,0.03,64,1,2000,phase23_new,22101,session5,0.20349909737706184,0.19716424122452736,-0.006334856152534485
123,C1,0.03,64,1,2000,phase23_new,22101,session6,0.20828305557370186,0.2138666994869709,0.005583643913269043
123,C1,0.03,64,1,2000,phase23_new,22101,session7,0.20339885354042053,0.21907613798975945,0.015677284449338913
123,C1,0.03,64,1,2000,phase23_new,22101,session9,0.2597973607480526,0.2854570485651493,0.02565968781709671
123,C1,0.03,64,1,2000,phase23_new,22102,session0,0.22524531930685043,0.23545660078525543,0.010211281478404999
123,C1,0.03,64,1,2000,phase23_new,22102,session1,0.2510337419807911,0.27773454412817955,0.026700802147388458
123,C1,0.03,64,1,2000,phase23_new,22102,session10,0.21543188765645027,0.22831770405173302,0.012885816395282745
123,C1,0.03,64,1,2000,phase23_new,22102,session11,0.25714298337697983,0.28890272229909897,0.03175973892211914
123,C1,0.03,64,1,2000,phase23_new,22102,session12,0.23789193481206894,0.24398284032940865,0.006090905517339706
123,C1,0.03,64,1,2000,phase23_new,22102,session13,0.22210190445184708,0.22756070643663406,0.005458801984786987
123,C1,0.03,64,1,2000,phase23_new,22102,session14,0.26030101254582405,0.27902045100927353,0.018719438463449478
123,C1,0.03,64,1,2000,phase23_new,22102,session15,0.23191355168819427,0.22931044921278954,-0.0026031024754047394
123,C1,0.03,64,1,2000,phase23_new,22102,session16,0.27798235416412354,0.2954118438065052,0.017429489642381668
123,C1,0.03,64,1,2000,phase23_new,22102,session17,0.28923702612519264,0.3005494028329849,0.011312376707792282
123,C1,0.03,64,1,2000,phase23_new,22102,session18,0.22448855265974998,0.2422247715294361,0.017736218869686127
123,C1,0.03,64,1,2000,phase23_new,22102,session19,0.262050848454237,0.2658195197582245,0.003768671303987503
123,C1,0.03,64,1,2000,phase23_new,22102,session2,0.2712845765054226,0.26970114186406136,-0.0015834346413612366
123,C1,0.03,64,1,2000,phase23_new,22102,session21,0.24690048396587372,0.25925420969724655,0.012353725731372833
123,C1,0.03,64,1,2000,phase23_new,22102,session3,0.28233902901411057,0.3032303564250469,0.020891327410936356
123,C1,0.03,64,1,2000,phase23_new,22102,session4,0.23695781826972961,0.23965725302696228,0.002699434757232666
123,C1,0.03,64,1,2000,phase23_new,22102,session5,0.20349909737706184,0.19624866917729378,-0.007250428199768066
123,C1,0.03,64,1,2000,phase23_new,22102,session6,0.20828305557370186,0.21024523302912712,0.0019621774554252625
123,C1,0.03,64,1,2000,phase23_new,22102,session7,0.20339885354042053,0.22249441221356392,0.019095558673143387
123,C1,0.03,64,1,2000,phase23_new,22102,session9,0.2597973607480526,0.2856927216053009,0.025895360857248306
123,C1,0.03,64,1,2000,phase23_new,22103,session0,0.22524531930685043,0.24150393903255463,0.016258619725704193
123,C1,0.03,64,1,2000,phase23_new,22103,session1,0.2510337419807911,0.27773454412817955,0.026700802147388458
123,C1,0.03,64,1,2000,phase23_new,22103,session10,0.21543188765645027,0.22831770405173302,0.012885816395282745
123,C1,0.03,64,1,2000,phase23_new,22103,session11,0.25714298337697983,0.31776171922683716,0.06061873584985733
123,C1,0.03,64,1,2000,phase23_new,22103,session12,0.23789193481206894,0.2540964297950268,0.01620449498295784
123,C1,0.03,64,1,2000,phase23_new,22103,session13,0.22210190445184708,0.2449733428657055,0.022871438413858414
123,C1,0.03,64,1,2000,phase23_new,22103,session14,0.26030101254582405,0.26718753203749657,0.006886519491672516
123,C1,0.03,64,1,2000,phase23_new,22103,session15,0.23191355168819427,0.22931044921278954,-0.0026031024754047394
123,C1,0.03,64,1,2000,phase23_new,22103,session16,0.27798235416412354,0.28431785106658936,0.00633549690246582
123,C1,0.03,64,1,2000,phase23_new,22103,session17,0.28923702612519264,0.3005494028329849,0.011312376707792282
123,C1,0.03,64,1,2000,phase23_new,22103,session18,0.22448855265974998,0.24264400079846382,0.018155448138713837
123,C1,0.03,64,1,2000,phase23_new,22103,session19,0.262050848454237,0.28291043266654015,0.02085958421230316
123,C1,0.03,64,1,2000,phase23_new,22103,session2,0.2712845765054226,0.2608729191124439,-0.010411657392978668
123,C1,0.03,64,1,2000,phase23_new,22103,session21,0.24690048396587372,0.24925006181001663,0.002349577844142914
123,C1,0.03,64,1,2000,phase23_new,22103,session3,0.28233902901411057,0.2968641147017479,0.014525085687637329
123,C1,0.03,64,1,2000,phase23_new,22103,session4,0.23695781826972961,0.23174497485160828,-0.005212843418121338
123,C1,0.03,64,1,2000,phase23_new,22103,session5,0.20349909737706184,0.21419010683894157,0.01069100946187973
123,C1,0.03,64,1,2000,phase23_new,22103,session6,0.20828305557370186,0.21024523302912712,0.0019621774554252625
123,C1,0.03,64,1,2000,phase23_new,22103,session7,0.20339885354042053,0.22298118099570274,0.01958232745528221
123,C1,0.03,64,1,2000,phase23_new,22103,session9,0.2597973607480526,0.2856927216053009,0.025895360857248306
123,C1,0.1,32,0,2000,phase22_reused,22101,session0,0.215736523270607,0.31675422191619873,0.10101769864559174
123,C1,0.1,32,0,2000,phase22_reused,22101,session1,0.24382329732179642,0.27259716391563416,0.028773866593837738
123,C1,0.1,32,0,2000,phase22_reused,22101,session10,0.22525553032755852,0.24398983269929886,0.01873430237174034
123,C1,0.1,32,0,2000,phase22_reused,22101,session11,0.2830335609614849,0.3356160521507263,0.05258249118924141
123,C1,0.1,32,0,2000,phase22_reused,22101,session12,0.26591038331389427,0.2820160761475563,0.016105692833662033
123,C1,0.1,32,0,2000,phase22_reused,22101,session13,0.24069322645664215,0.259085338562727,0.018392112106084824
123,C1,0.1,32,0,2000,phase22_reused,22101,session14,0.29018253460526466,0.3090575411915779,0.018875006586313248
123,C1,0.1,32,0,2000,phase22_reused,22101,session15,0.24088025093078613,0.24439207464456558,0.0035118237137794495
123,C1,0.1,32,0,2000,phase22_reused,22101,session16,0.2840781509876251,0.31509237736463547,0.031014226377010345
123,C1,0.1,32,0,2000,phase22_reused,22101,session17,0.2827942706644535,0.33017364889383316,0.047379378229379654
123,C1,0.1,32,0,2000,phase22_reused,22101,session18,0.2304549515247345,0.2705472484230995,0.04009229689836502
123,C1,0.1,32,0,2000,phase22_reused,22101,session19,0.2757304161787033,0.28074928373098373,0.005018867552280426
123,C1,0.1,32,0,2000,phase22_reused,22101,session2,0.27961187809705734,0.29552309587597847,0.015911217778921127
123,C1,0.1,32,0,2000,phase22_reused,22101,session21,0.26152104139328003,0.296533927321434,0.03501288592815399
123,C1,0.1,32,0,2000,phase22_reused,22101,session3,0.2825371325016022,0.3073432669043541,0.024806134402751923
123,C1,0.1,32,0,2000,phase22_reused,22101,session4,0.2556995525956154,0.25808260217309,0.002383049577474594
123,C1,0.1,32,0,2000,phase22_reused,22101,session5,0.21421140432357788,0.20816531032323837,-0.006046094000339508
123,C1,0.1,32,0,2000,phase22_reused,22101,session6,0.21683019399642944,0.2207566350698471,0.003926441073417664
123,C1,0.1,32,0,2000,phase22_reused,22101,session7,0.2069374844431877,0.22302714735269547,0.01608966290950775
123,C1,0.1,32,0,2000,phase22_reused,22101,session9,0.2676284536719322,0.2969692721962929,0.029340818524360657
123,C1,0.1,32,0,2000,phase22_reused,22102,session0,0.215736523270607,0.2233882024884224,0.007651679217815399
123,C1,0.1,32,0,2000,phase22_reused,22102,session1,0.24382329732179642,0.2729238495230675,0.029100552201271057
123,C1,0.1,32,0,2000,phase22_reused,22102,session10,0.22525553032755852,0.23560656607151031,0.010351035743951797
123,C1,0.1,32,0,2000,phase22_reused,22102,session11,0.2830335609614849,0.3160429149866104,0.033009354025125504
123,C1,0.1,32,0,2000,phase22_reused,22102,session12,0.26591038331389427,0.2735346481204033,0.007624264806509018
123,C1,0.1,32,0,2000,phase22_reused,22102,session13,0.24069322645664215,0.24292587861418724,0.0022326521575450897
123,C1,0.1,32,0,2000,phase22_reused,22102,session14,0.29018253460526466,0.31255172938108444,0.02236919477581978
123,C1,0.1,32,0,2000,phase22_reused,22102,session15,0.24088025093078613,0.24404101073741913,0.0031607598066329956
123,C1,0.1,32,0,2000,phase22_reused,22102,session16,0.2840781509876251,0.3071741461753845,0.0230959951877594
123,C1,0.1,32,0,2000,phase22_reused,22102,session17,0.2827942706644535,0.2973438538610935,0.014549583196640015
123,C1,0.1,32,0,2000,phase22_reused,22102,session18,0.2304549515247345,0.24972960352897644,0.019274652004241943
123,C1,0.1,32,0,2000,phase22_reused,22102,session19,0.2757304161787033,0.2815461792051792,0.005815763026475906
123,C1,0.1,32,0,2000,phase22_reused,22102,session2,0.27961187809705734,0.2861635200679302,0.006551641970872879
123,C1,0.1,32,0,2000,phase22_reused,22102,session21,0.26152104139328003,0.2744884639978409,0.012967422604560852
123,C1,0.1,32,0,2000,phase22_reused,22102,session3,0.2825371325016022,0.31381039321422577,0.031273260712623596
123,C1,0.1,32,0,2000,phase22_reused,22102,session4,0.2556995525956154,0.25808260217309,0.002383049577474594
123,C1,0.1,32,0,2000,phase22_reused,22102,session5,0.21421140432357788,0.21052668243646622,-0.003684721887111664
123,C1,0.1,32,0,2000,phase22_reused,22102,session6,0.21683019399642944,0.22394004464149475,0.007109850645065308
123,C1,0.1,32,0,2000,phase22_reused,22102,session7,0.2069374844431877,0.22448383644223213,0.01754635199904442
123,C1,0.1,32,0,2000,phase22_reused,22102,session9,0.2676284536719322,0.2981807067990303,0.030552253127098083
123,C1,0.1,32,0,2000,phase22_reused,22103,session0,0.215736523270607,0.23418192565441132,0.01844540238380432
123,C1,0.1,32,0,2000,phase22_reused,22103,session1,0.24382329732179642,0.2729238495230675,0.029100552201271057
123,C1,0.1,32,0,2000,phase22_reused,22103,session10,0.22525553032755852,0.23560656607151031,0.010351035743951797
123,C1,0.1,32,0,2000,phase22_reused,22103,session11,0.2830335609614849,0.3386987894773483,0.05566522851586342
123,C1,0.1,32,0,2000,phase22_reused,22103,session12,0.26591038331389427,0.2820160761475563,0.016105692833662033
123,C1,0.1,32,0,2000,phase22_reused,22103,session13,0.24069322645664215,0.2587675079703331,0.01807428151369095
123,C1,0.1,32,0,2000,phase22_reused,22103,session14,0.29018253460526466,0.2972906678915024,0.007108133286237717
123,C1,0.1,32,0,2000,phase22_reused,22103,session15,0.24088025093078613,0.24404101073741913,0.0031607598066329956
123,C1,0.1,32,0,2000,phase22_reused,22103,session16,0.2840781509876251,0.29693353921175003,0.012855388224124908
123,C1,0.1,32,0,2000,phase22_reused,22103,session17,0.2827942706644535,0.2973438538610935,0.014549583196640015
123,C1,0.1,32,0,2000,phase22_reused,22103,session18,0.2304549515247345,0.25583337247371674,0.02537842094898224
123,C1,0.1,32,0,2000,phase22_reused,22103,session19,0.2757304161787033,0.2979062683880329,0.022175852209329605
123,C1,0.1,32,0,2000,phase22_reused,22103,session2,0.27961187809705734,0.27258093282580376,-0.007030945271253586
123,C1,0.1,32,0,2000,phase22_reused,22103,session21,0.26152104139328003,0.27545972168445587,0.013938680291175842
123,C1,0.1,32,0,2000,phase22_reused,22103,session3,0.2825371325016022,0.3073432669043541,0.024806134402751923
123,C1,0.1,32,0,2000,phase22_reused,22103,session4,0.2556995525956154,0.25002332404255867,-0.005676228553056717
123,C1,0.1,32,0,2000,phase22_reused,22103,session5,0.21421140432357788,0.2252083197236061,0.010996915400028229
123,C1,0.1,32,0,2000,phase22_reused,22103,session6,0.21683019399642944,0.22394004464149475,0.007109850645065308
123,C1,0.1,32,0,2000,phase22_reused,22103,session7,0.2069374844431877,0.22411468625068665,0.017177201807498932
123,C1,0.1,32,0,2000,phase22_reused,22103,session9,0.2676284536719322,0.2981807067990303,0.030552253127098083
123,C1,0.1,64,0,2000,phase22_reused,22101,session0,0.21414292976260185,0.31019994616508484,0.09605701640248299
123,C1,0.1,64,0,2000,phase22_reused,22101,session1,0.2421836070716381,0.2691425159573555,0.026958908885717392
123,C1,0.1,64,0,2000,phase22_reused,22101,session10,0.21893778070807457,0.23692236468195915,0.017984583973884583
123,C1,0.1,64,0,2000,phase22_reused,22101,session11,0.2728833556175232,0.3249685540795326,0.05208519846200943
123,C1,0.1,64,0,2000,phase22_reused,22101,session12,0.2534317187964916,0.26894989237189293,0.015518173575401306
123,C1,0.1,64,0,2000,phase22_reused,22101,session13,0.23291678726673126,0.25023842602968216,0.017321638762950897
123,C1,0.1,64,0,2000,phase22_reused,22101,session14,0.2783779874444008,0.29679907858371735,0.01842109113931656
123,C1,0.1,64,0,2000,phase22_reused,22101,session15,0.2353077121078968,0.23804118856787682,0.002733476459980011
123,C1,0.1,64,0,2000,phase22_reused,22101,session16,0.2760266698896885,0.3052421621978283,0.0292154923081398
123,C1,0.1,64,0,2000,phase22_reused,22101,session17,0.27908405289053917,0.32363060116767883,0.044546548277139664
123,C1,0.1,64,0,2000,phase22_reused,22101,session18,0.2262253575026989,0.2654254175722599,0.039200060069561005
123,C1,0.1,64,0,2000,phase22_reused,22101,session19,0.26736948266625404,0.27228740230202675,0.004917919635772705
123,C1,0.1,64,0,2000,phase22_reused,22101,session2,0.27150700613856316,0.28665395453572273,0.015146948397159576
123,C1,0.1,64,0,2000,phase22_reused,22101,session21,0.2518012188374996,0.2851843535900116,0.03338313475251198
123,C1,0.1,64,0,2000,phase22_reused,22101,session3,0.2771594077348709,0.30002709850668907,0.02286769077181816
123,C1,0.1,64,0,2000,phase22_reused,22101,session4,0.24896252155303955,0.2508086673915386,0.0018461458384990692
123,C1,0.1,64,0,2000,phase22_reused,22101,session5,0.21073517575860023,0.20493459329009056,-0.005800582468509674
123,C1,0.1,64,0,2000,phase22_reused,22101,session6,0.21098223328590393,0.21467310935258865,0.003690876066684723
123,C1,0.1,64,0,2000,phase22_reused,22101,session7,0.2036830149590969,0.21930022910237312,0.015617214143276215
123,C1,0.1,64,0,2000,phase22_reused,22101,session9,0.26206430420279503,0.28985683247447014,0.02779252827167511
123,C1,0.1,64,0,2000,phase22_reused,22102,session0,0.21414292976260185,0.22242069989442825,0.0082777701318264
123,C1,0.1,64,0,2000,phase22_reused,22102,session1,0.2421836070716381,0.2692254073917866,0.027041800320148468
123,C1,0.1,64,0,2000,phase22_reused,22102,session10,0.21893778070807457,0.2286478690803051,0.00971008837223053
123,C1,0.1,64,0,2000,phase22_reused,22102,session11,0.2728833556175232,0.3052382916212082,0.032354936003685
123,C1,0.1,64,0,2000,phase22_reused,22102,session12,0.2534317187964916,0.2603716775774956,0.006939958781003952
123,C1,0.1,64,0,2000,phase22_reused,22102,session13,0.23291678726673126,0.23431439697742462,0.0013976097106933594
123,C1,0.1,64,0,2000,phase22_reused,22102,session14,0.2783779874444008,0.2997821792960167,0.021404191851615906
123,C1,0.1,64,0,2000,phase22_reused,22102,session15,0.2353077121078968,0.23838084563612938,0.0030731335282325745
123,C1,0.1,64,0,2000,phase22_reused,22102,session16,0.2760266698896885,0.29839081689715385,0.022364147007465363
123,C1,0.1,64,0,2000,phase22_reused,22102,session17,0.27908405289053917,0.29264409095048904,0.013560038059949875
123,C1,0.1,64,0,2000,phase22_reused,22102,session18,0.2262253575026989,0.2454080693423748,0.019182711839675903
123,C1,0.1,64,0,2000,phase22_reused,22102,session19,0.26736948266625404,0.2728100009262562,0.005440518260002136
123,C1,0.1,64,0,2000,phase22_reused,22102,session2,0.27150700613856316,0.2774706706404686,0.005963664501905441
123,C1,0.1,64,0,2000,phase22_reused,22102,session21,0.2518012188374996,0.2647889330983162,0.012987714260816574
123,C1,0.1,64,0,2000,phase22_reused,22102,session3,0.2771594077348709,0.3062850497663021,0.029125642031431198
123,C1,0.1,64,0,2000,phase22_reused,22102,session4,0.24896252155303955,0.2508086673915386,0.0018461458384990692
123,C1,0.1,64,0,2000,phase22_reused,22102,session5,0.21073517575860023,0.20754222944378853,-0.0031929463148117065
123,C1,0.1,64,0,2000,phase22_reused,22102,session6,0.21098223328590393,0.2178059220314026,0.006823688745498657
123,C1,0.1,64,0,2000,phase22_reused,22102,session7,0.2036830149590969,0.21993465349078178,0.016251638531684875
123,C1,0.1,64,0,2000,phase22_reused,22102,session9,0.26206430420279503,0.29173295944929123,0.0296686552464962
123,C1,0.1,64,0,2000,phase22_reused,22103,session0,0.21414292976260185,0.23154347389936447,0.01740054413676262
123,C1,0.1,64,0,2000,phase22_reused,22103,session1,0.2421836070716381,0.2692254073917866,0.027041800320148468
123,C1,0.1,64,0,2000,phase22_reused,22103,session10,0.21893778070807457,0.2286478690803051,0.00971008837223053
123,C1,0.1,64,0,2000,phase22_reused,22103,session11,0.2728833556175232,0.32750052213668823,0.05461716651916504
123,C1,0.1,64,0,2000,phase22_reused,22103,session12,0.2534317187964916,0.26894989237189293,0.015518173575401306
123,C1,0.1,64,0,2000,phase22_reused,22103,session13,0.23291678726673126,0.2499074637889862,0.016990676522254944
123,C1,0.1,64,0,2000,phase22_reused,22103,session14,0.2783779874444008,0.28500087931752205,0.006622891873121262
123,C1,0.1,64,0,2000,phase22_reused,22103,session15,0.2353077121078968,0.23838084563612938,0.0030731335282325745
123,C1,0.1,64,0,2000,phase22_reused,22103,session16,0.2760266698896885,0.28788289800286293,0.011856228113174438
123,C1,0.1,64,0,2000,phase22_reused,22103,session17,0.27908405289053917,0.29264409095048904,0.013560038059949875
123,C1,0.1,64,0,2000,phase22_reused,22103,session18,0.2262253575026989,0.2510831654071808,0.024857807904481888
123,C1,0.1,64,0,2000,phase22_reused,22103,session19,0.26736948266625404,0.28828296065330505,0.02091347798705101
123,C1,0.1,64,0,2000,phase22_reused,22103,session2,0.27150700613856316,0.2645389214158058,-0.0069680847227573395
123,C1,0.1,64,0,2000,phase22_reused,22103,session21,0.2518012188374996,0.2651027999818325,0.013301581144332886
123,C1,0.1,64,0,2000,phase22_reused,22103,session3,0.2771594077348709,0.30002709850668907,0.02286769077181816
123,C1,0.1,64,0,2000,phase22_reused,22103,session4,0.24896252155303955,0.24335647746920586,-0.0056060440838336945
123,C1,0.1,64,0,2000,phase22_reused,22103,session5,0.21073517575860023,0.221238162368536,0.01050298660993576
123,C1,0.1,64,0,2000,phase22_reused,22103,session6,0.21098223328590393,0.2178059220314026,0.006823688745498657
123,C1,0.1,64,0,2000,phase22_reused,22103,session7,0.2036830149590969,0.21968203410506248,0.015999019145965576
123,C1,0.1,64,0,2000,phase22_reused,22103,session9,0.26206430420279503,0.29173295944929123,0.0296686552464962
123,C1,0.1,32,1,2000,phase22_reused,22101,session0,0.21231131255626678,0.3067667931318283,0.09445548057556152
123,C1,0.1,32,1,2000,phase22_reused,22101,session1,0.24059220030903816,0.26657819747924805,0.025985997170209885
123,C1,0.1,32,1,2000,phase22_reused,22101,session10,0.2148062363266945,0.23239288106560707,0.017586644738912582
123,C1,0.1,32,1,2000,phase22_reused,22101,session11,0.2674465999007225,0.318593829870224,0.051147229969501495
123,C1,0.1,32,1,2000,phase22_reused,22101,session12,0.24670666083693504,0.26153646036982536,0.01482979953289032
123,C1,0.1,32,1,2000,phase22_reused,22101,session13,0.22938190400600433,0.24568772688508034,0.016305822879076004
123,C1,0.1,32,1,2000,phase22_reused,22101,session14,0.27279365062713623,0.290612805634737,0.017819155007600784
123,C1,0.1,32,1,2000,phase22_reused,22101,session15,0.23163577541708946,0.23372327536344528,0.0020874999463558197
123,C1,0.1,32,1,2000,phase22_reused,22101,session16,0.2718864642083645,0.3000381849706173,0.028151720762252808
123,C1,0.1,32,1,2000,phase22_reused,22101,session17,0.2759718485176563,0.3192816600203514,0.043309811502695084
123,C1,0.1,32,1,2000,phase22_reused,22101,session18,0.22277727723121643,0.26232609152793884,0.03954881429672241
123,C1,0.1,32,1,2000,phase22_reused,22101,session19,0.26189346611499786,0.26618703827261925,0.004293572157621384
123,C1,0.1,32,1,2000,phase22_reused,22101,session2,0.2655181661248207,0.28057602420449257,0.01505785807967186
123,C1,0.1,32,1,2000,phase22_reused,22101,session21,0.24702676013112068,0.2788856253027916,0.031858865171670914
123,C1,0.1,32,1,2000,phase22_reused,22101,session3,0.2733108289539814,0.2952089048922062,0.021898075938224792
123,C1,0.1,32,1,2000,phase22_reused,22101,session4,0.24352841079235077,0.2452373467385769,0.00170893594622612
123,C1,0.1,32,1,2000,phase22_reused,22101,session5,0.20817678794264793,0.202374417334795,-0.005802370607852936
123,C1,0.1,32,1,2000,phase22_reused,22101,session6,0.20699071139097214,0.2106148675084114,0.00362415611743927
123,C1,0.1,32,1,2000,phase22_reused,22101,session7,0.20182451605796814,0.21719349920749664,0.015368983149528503
123,C1,0.1,32,1,2000,phase22_reused,22101,session9,0.2573056295514107,0.2845288887619972,0.027223259210586548
123,C1,0.1,32,1,2000,phase22_reused,22102,session0,0.21231131255626678,0.22246522456407547,0.010153912007808685
123,C1,0.1,32,1,2000,phase22_reused,22102,session1,0.24059220030903816,0.2671157121658325,0.026523511856794357
123,C1,0.1,32,1,2000,phase22_reused,22102,session10,0.2148062363266945,0.22418294101953506,0.009376704692840576
123,C1,0.1,32,1,2000,phase22_reused,22102,session11,0.2674465999007225,0.29911402612924576,0.031667426228523254
123,C1,0.1,32,1,2000,phase22_reused,22102,session12,0.24670666083693504,0.25301817059516907,0.006311509758234024
123,C1,0.1,32,1,2000,phase22_reused,22102,session13,0.22938190400600433,0.22987283766269684,0.0004909336566925049
123,C1,0.1,32,1,2000,phase22_reused,22102,session14,0.27279365062713623,0.29345693066716194,0.02066328004002571
123,C1,0.1,32,1,2000,phase22_reused,22102,session15,0.23163577541708946,0.23483827710151672,0.0032025016844272614
123,C1,0.1,32,1,2000,phase22_reused,22102,session16,0.2718864642083645,0.2933514043688774,0.021464940160512924
123,C1,0.1,32,1,2000,phase22_reused,22102,session17,0.2759718485176563,0.28934603184461594,0.01337418332695961
123,C1,0.1,32,1,2000,phase22_reused,22102,session18,0.22277727723121643,0.2423739768564701,0.019596699625253677
123,C1,0.1,32,1,2000,phase22_reused,22102,session19,0.26189346611499786,0.26695986464619637,0.005066398531198502
123,C1,0.1,32,1,2000,phase22_reused,22102,session2,0.2655181661248207,0.27119192481040955,0.005673758685588837
123,C1,0.1,32,1,2000,phase22_reused,22102,session21,0.24702676013112068,0.25927217304706573,0.012245412915945053
123,C1,0.1,32,1,2000,phase22_reused,22102,session3,0.2733108289539814,0.3013792373239994,0.028068408370018005
123,C1,0.1,32,1,2000,phase22_reused,22102,session4,0.24352841079235077,0.2452373467385769,0.00170893594622612
123,C1,0.1,32,1,2000,phase22_reused,22102,session5,0.20817678794264793,0.20565659180283546,-0.0025201961398124695
123,C1,0.1,32,1,2000,phase22_reused,22102,session6,0.20699071139097214,0.21394145488739014,0.006950743496417999
123,C1,0.1,32,1,2000,phase22_reused,22102,session7,0.20182451605796814,0.21695958077907562,0.015135064721107483
123,C1,0.1,32,1,2000,phase22_reused,22102,session9,0.2573056295514107,0.28758688271045685,0.030281253159046173
123,C1,0.1,32,1,2000,phase22_reused,22103,session0,0.21231131255626678,0.23027446120977402,0.017963148653507233
123,C1,0.1,32,1,2000,phase22_reused,22103,session1,0.24059220030903816,0.2671157121658325,0.026523511856794357
123,C1,0.1,32,1,2000,phase22_reused,22103,session10,0.2148062363266945,0.22418294101953506,0.009376704692840576
123,C1,0.1,32,1,2000,phase22_reused,22103,session11,0.2674465999007225,0.32087959349155426,0.05343299359083176
123,C1,0.1,32,1,2000,phase22_reused,22103,session12,0.24670666083693504,0.26153646036982536,0.01482979953289032
123,C1,0.1,32,1,2000,phase22_reused,22103,session13,0.22938190400600433,0.24529990181326866,0.015917997807264328
123,C1,0.1,32,1,2000,phase22_reused,22103,session14,0.27279365062713623,0.27894048765301704,0.006146837025880814
123,C1,0.1,32,1,2000,phase22_reused,22103,session15,0.23163577541708946,0.23483827710151672,0.0032025016844272614
123,C1,0.1,32,1,2000,phase22_reused,22103,session16,0.2718864642083645,0.2833022102713585,0.011415746062994003
123,C1,0.1,32,1,2000,phase22_reused,22103,session17,0.2759718485176563,0.28934603184461594,0.01337418332695961
123,C1,0.1,32,1,2000,phase22_reused,22103,session18,0.22277727723121643,0.24819038808345795,0.025413110852241516
123,C1,0.1,32,1,2000,phase22_reused,22103,session19,0.26189346611499786,0.28230083361268044,0.02040736749768257
123,C1,0.1,32,1,2000,phase22_reused,22103,session2,0.2655181661248207,0.2584724575281143,-0.00704570859670639
123,C1,0.1,32,1,2000,phase22_reused,22103,session21,0.24702676013112068,0.25977376475930214,0.012747004628181458
123,C1,0.1,32,1,2000,phase22_reused,22103,session3,0.2733108289539814,0.2952089048922062,0.021898075938224792
123,C1,0.1,32,1,2000,phase22_reused,22103,session4,0.24352841079235077,0.23784684389829636,-0.005681566894054413
123,C1,0.1,32,1,2000,phase22_reused,22103,session5,0.20817678794264793,0.21853746101260185,0.010360673069953918
123,C1,0.1,32,1,2000,phase22_reused,22103,session6,0.20699071139097214,0.21394145488739014,0.006950743496417999
123,C1,0.1,32,1,2000,phase22_reused,22103,session7,0.20182451605796814,0.21663711965084076,0.01481260359287262
123,C1,0.1,32,1,2000,phase22_reused,22103,session9,0.2573056295514107,0.28758688271045685,0.030281253159046173
123,C1,0.1,64,1,2000,phase22_reused,22101,session0,0.2129232995212078,0.30833983793854713,0.09541653841733932
123,C1,0.1,64,1,2000,phase22_reused,22101,session1,0.24154966697096825,0.2678867243230343,0.02633705735206604
123,C1,0.1,64,1,2000,phase22_reused,22101,session10,0.21729228273034096,0.23489965870976448,0.017607375979423523
123,C1,0.1,64,1,2000,phase22_reused,22101,session11,0.2710275426506996,0.32196972519159317,0.050942182540893555
123,C1,0.1,64,1,2000,phase22_reused,22101,session12,0.251148272305727,0.26615726202726364,0.015008989721536636
123,C1,0.1,64,1,2000,phase22_reused,22101,session13,0.23143280670046806,0.24811585247516632,0.016683045774698257
123,C1,0.1,64,1,2000,phase22_reused,22101,session14,0.2761775963008404,0.29409489408135414,0.017917297780513763
123,C1,0.1,64,1,2000,phase22_reused,22101,session15,0.23347875475883484,0.23586227372288704,0.0023835189640522003
123,C1,0.1,64,1,2000,phase22_reused,22101,session16,0.27467046305537224,0.30350035801529884,0.028829894959926605
123,C1,0.1,64,1,2000,phase22_reused,22101,session17,0.2778215520083904,0.3218570724129677,0.044035520404577255
123,C1,0.1,64,1,2000,phase22_reused,22101,session18,0.22487863525748253,0.2638518512248993,0.03897321596741676
123,C1,0.1,64,1,2000,phase22_reused,22101,session19,0.26508988440036774,0.2698114737868309,0.004721589386463165
123,C1,0.1,64,1,2000,phase22_reused,22101,session2,0.26874741166830063,0.2837073504924774,0.014959938824176788
123,C1,0.1,64,1,2000,phase22_reused,22101,session21,0.2501194663345814,0.2830919623374939,0.03297249600291252
123,C1,0.1,64,1,2000,phase22_reused,22101,session3,0.2758236937224865,0.29839661344885826,0.022572919726371765
123,C1,0.1,64,1,2000,phase22_reused,22101,session4,0.24640194326639175,0.24829091131687164,0.001888968050479889
123,C1,0.1,64,1,2000,phase22_reused,22101,session5,0.20928018912672997,0.20373206958174706,-0.00554811954498291
123,C1,0.1,64,1,2000,phase22_reused,22101,session6,0.20908602699637413,0.2126787193119526,0.0035926923155784607
123,C1,0.1,64,1,2000,phase22_reused,22101,session7,0.20264704525470734,0.21801091730594635,0.015363872051239014
123,C1,0.1,64,1,2000,phase22_reused,22101,session9,0.25970741361379623,0.2869816794991493,0.02727426588535309
123,C1,0.1,64,1,2000,phase22_reused,22102,session0,0.2129232995212078,0.22251375019550323,0.009590450674295425
123,C1,0.1,64,1,2000,phase22_reused,22102,session1,0.24154966697096825,0.2685769200325012,0.027027253061532974
123,C1,0.1,64,1,2000,phase22_reused,22102,session10,0.21729228273034096,0.22683025896549225,0.009537976235151291
123,C1,0.1,64,1,2000,phase22_reused,22102,session11,0.2710275426506996,0.30251430720090866,0.031486764550209045
123,C1,0.1,64,1,2000,phase22_reused,22102,session12,0.251148272305727,0.2578415647149086,0.006693292409181595
123,C1,0.1,64,1,2000,phase22_reused,22102,session13,0.23143280670046806,0.2323908805847168,0.0009580738842487335
123,C1,0.1,64,1,2000,phase22_reused,22102,session14,0.2761775963008404,0.2972717471420765,0.021094150841236115
123,C1,0.1,64,1,2000,phase22_reused,22102,session15,0.23347875475883484,0.23651351034641266,0.00303475558757782
123,C1,0.1,64,1,2000,phase22_reused,22102,session16,0.27467046305537224,0.2963855490088463,0.021715085953474045
123,C1,0.1,64,1,2000,phase22_reused,22102,session17,0.2778215520083904,0.29148854687809944,0.013666994869709015
123,C1,0.1,64,1,2000,phase22_reused,22102,session18,0.22487863525748253,0.24427354335784912,0.019394908100366592
123,C1,0.1,64,1,2000,phase22_reused,22102,session19,0.26508988440036774,0.2704917900264263,0.0054019056260585785
123,C1,0.1,64,1,2000,phase22_reused,22102,session2,0.26874741166830063,0.27450375258922577,0.00575634092092514
123,C1,0.1,64,1,2000,phase22_reused,22102,session21,0.2501194663345814,0.26267510652542114,0.012555640190839767
123,C1,0.1,64,1,2000,phase22_reused,22102,session3,0.2758236937224865,0.3047163337469101,0.0288926400244236
123,C1,0.1,64,1,2000,phase22_reused,22102,session4,0.24640194326639175,0.24829091131687164,0.001888968050479889
123,C1,0.1,64,1,2000,phase22_reused,22102,session5,0.20928018912672997,0.20662052556872368,-0.0026596635580062866
123,C1,0.1,64,1,2000,phase22_reused,22102,session6,0.20908602699637413,0.21586695685982704,0.006780929863452911
123,C1,0.1,64,1,2000,phase22_reused,22102,session7,0.20264704525470734,0.21837033703923225,0.015723291784524918
123,C1,0.1,64,1,2000,phase22_reused,22102,session9,0.25970741361379623,0.2896886393427849,0.029981225728988647
123,C1,0.1,64,1,2000,phase22_reused,22103,session0,0.2129232995212078,0.23099501430988312,0.018071714788675308
123,C1,0.1,64,1,2000,phase22_reused,22103,session1,0.24154966697096825,0.2685769200325012,0.027027253061532974
123,C1,0.1,64,1,2000,phase22_reused,22103,session10,0.21729228273034096,0.22683025896549225,0.009537976235151291
123,C1,0.1,64,1,2000,phase22_reused,22103,session11,0.2710275426506996,0.3242802619934082,0.05325271934270859
123,C1,0.1,64,1,2000,phase22_reused,22103,session12,0.251148272305727,0.26615726202726364,0.015008989721536636
123,C1,0.1,64,1,2000,phase22_reused,22103,session13,0.23143280670046806,0.24776973947882652,0.01633693277835846
123,C1,0.1,64,1,2000,phase22_reused,22103,session14,0.2761775963008404,0.2824834920465946,0.006305895745754242
123,C1,0.1,64,1,2000,phase22_reused,22103,session15,0.23347875475883484,0.23651351034641266,0.00303475558757782
123,C1,0.1,64,1,2000,phase22_reused,22103,session16,0.27467046305537224,0.2861775830388069,0.011507119983434677
123,C1,0.1,64,1,2000,phase22_reused,22103,session17,0.2778215520083904,0.29148854687809944,0.013666994869709015
123,C1,0.1,64,1,2000,phase22_reused,22103,session18,0.22487863525748253,0.24981646612286568,0.024937830865383148
123,C1,0.1,64,1,2000,phase22_reused,22103,session19,0.26508988440036774,0.2858731225132942,0.020783238112926483
123,C1,0.1,64,1,2000,phase22_reused,22103,session2,0.26874741166830063,0.26180459558963776,-0.006942816078662872
123,C1,0.1,64,1,2000,phase22_reused,22103,session21,0.2501194663345814,0.2634296827018261,0.01331021636724472
123,C1,0.1,64,1,2000,phase22_reused,22103,session3,0.2758236937224865,0.29839661344885826,0.022572919726371765
123,C1,0.1,64,1,2000,phase22_reused,22103,session4,0.24640194326639175,0.24088210240006447,-0.005519840866327286
123,C1,0.1,64,1,2000,phase22_reused,22103,session5,0.20928018912672997,0.21980885788798332,0.010528668761253357
123,C1,0.1,64,1,2000,phase22_reused,22103,session6,0.20908602699637413,0.21586695685982704,0.006780929863452911
123,C1,0.1,64,1,2000,phase22_reused,22103,session7,0.20264704525470734,0.21801817417144775,0.015371128916740417
123,C1,0.1,64,1,2000,phase22_reused,22103,session9,0.25970741361379623,0.2896886393427849,0.029981225728988647
123,C1,0.3,32,0,2000,phase23_new,22101,session0,0.25636791810393333,0.3271062709391117,0.07073835283517838
123,C1,0.3,32,0,2000,phase23_new,22101,session1,0.27784591168165207,0.2938670441508293,0.016021132469177246
123,C1,0.3,32,0,2000,phase23_new,22101,session10,0.23832526057958603,0.25820840150117874,0.019883140921592712
123,C1,0.3,32,0,2000,phase23_new,22101,session11,0.29061825573444366,0.33594898134469986,0.045330725610256195
123,C1,0.3,32,0,2000,phase23_new,22101,session12,0.2617640122771263,0.2782522961497307,0.01648828387260437
123,C1,0.3,32,0,2000,phase23_new,22101,session13,0.2653924897313118,0.2802252322435379,0.014832742512226105
123,C1,0.3,32,0,2000,phase23_new,22101,session14,0.29610201716423035,0.31133075058460236,0.01522873342037201
123,C1,0.3,32,0,2000,phase23_new,22101,session15,0.2688095159828663,0.27740782499313354,0.008598309010267258
123,C1,0.3,32,0,2000,phase23_new,22101,session16,0.2928689122200012,0.3141583316028118,0.021289419382810593
123,C1,0.3,32,0,2000,phase23_new,22101,session17,0.2964017391204834,0.336728036403656,0.04032629728317261
123,C1,0.3,32,0,2000,phase23_new,22101,session18,0.24617017805576324,0.2880420610308647,0.04187188297510147
123,C1,0.3,32,0,2000,phase23_new,22101,session19,0.2908465191721916,0.2995370626449585,0.008690543472766876
123,C1,0.3,32,0,2000,phase23_new,22101,session2,0.29392607510089874,0.3079673796892166,0.014041304588317871
123,C1,0.3,32,0,2000,phase23_new,22101,session21,0.2684059888124466,0.2992882579565048,0.030882269144058228
123,C1,0.3,32,0,2000,phase23_new,22101,session3,0.29566939175128937,0.3189895302057266,0.023320138454437256
123,C1,0.3,32,0,2000,phase23_new,22101,session4,0.2721022814512253,0.27379510179162025,0.0016928203403949738
123,C1,0.3,32,0,2000,phase23_new,22101,session5,0.2487468533217907,0.24019719287753105,-0.008549660444259644
123,C1,0.3,32,0,2000,phase23_new,22101,session6,0.24353141337633133,0.24795010685920715,0.004418693482875824
123,C1,0.3,32,0,2000,phase23_new,22101,session7,0.2410176657140255,0.2563903033733368,0.015372637659311295
123,C1,0.3,32,0,2000,phase23_new,22101,session9,0.2843652367591858,0.3165263533592224,0.03216111660003662
123,C1,0.3,32,0,2000,phase23_new,22102,session0,0.25636791810393333,0.2600095346570015,0.003641616553068161
123,C1,0.3,32,0,2000,phase23_new,22102,session1,0.27784591168165207,0.29093851149082184,0.01309259980916977
123,C1,0.3,32,0,2000,phase23_new,22102,session10,0.23832526057958603,0.25145042687654495,0.013125166296958923
123,C1,0.3,32,0,2000,phase23_new,22102,session11,0.29061825573444366,0.3189551904797554,0.028336934745311737
123,C1,0.3,32,0,2000,phase23_new,22102,session12,0.2617640122771263,0.27275582402944565,0.010991811752319336
123,C1,0.3,32,0,2000,phase23_new,22102,session13,0.2653924897313118,0.2660057321190834,0.0006132423877716064
123,C1,0.3,32,0,2000,phase23_new,22102,session14,0.29610201716423035,0.31403738260269165,0.017935365438461304
123,C1,0.3,32,0,2000,phase23_new,22102,session15,0.2688095159828663,0.27567314356565475,0.006863627582788467
123,C1,0.3,32,0,2000,phase23_new,22102,session16,0.2928689122200012,0.311817217618227,0.018948305398225784
123,C1,0.3,32,0,2000,phase23_new,22102,session17,0.2964017391204834,0.30664364993572235,0.010241910815238953
123,C1,0.3,32,0,2000,phase23_new,22102,session18,0.24617017805576324,0.2840086296200752,0.03783845156431198
123,C1,0.3,32,0,2000,phase23_new,22102,session19,0.2908465191721916,0.298099048435688,0.007252529263496399
123,C1,0.3,32,0,2000,phase23_new,22102,session2,0.29392607510089874,0.29655084758996964,0.0026247724890708923
123,C1,0.3,32,0,2000,phase23_new,22102,session21,0.2684059888124466,0.28149887174367905,0.013092882931232452
123,C1,0.3,32,0,2000,phase23_new,22102,session3,0.29566939175128937,0.32033107429742813,0.024661682546138763
123,C1,0.3,32,0,2000,phase23_new,22102,session4,0.2721022814512253,0.27379510179162025,0.0016928203403949738
123,C1,0.3,32,0,2000,phase23_new,22102,session5,0.2487468533217907,0.2451690249145031,-0.0035778284072875977
123,C1,0.3,32,0,2000,phase23_new,22102,session6,0.24353141337633133,0.24323902279138565,-0.0002923905849456787
123,C1,0.3,32,0,2000,phase23_new,22102,session7,0.2410176657140255,0.259273000061512,0.018255334347486496
123,C1,0.3,32,0,2000,phase23_new,22102,session9,0.2843652367591858,0.3200231119990349,0.03565787523984909
123,C1,0.3,32,0,2000,phase23_new,22103,session0,0.25636791810393333,0.2639850080013275,0.00761708989739418
123,C1,0.3,32,0,2000,phase23_new,22103,session1,0.27784591168165207,0.29093851149082184,0.01309259980916977
123,C1,0.3,32,0,2000,phase23_new,22103,session10,0.23832526057958603,0.25145042687654495,0.013125166296958923
123,C1,0.3,32,0,2000,phase23_new,22103,session11,0.29061825573444366,0.33842773735523224,0.047809481620788574
123,C1,0.3,32,0,2000,phase23_new,22103,session12,0.2617640122771263,0.2782522961497307,0.01648828387260437
123,C1,0.3,32,0,2000,phase23_new,22103,session13,0.2653924897313118,0.27978096902370453,0.01438847929239273
123,C1,0.3,32,0,2000,phase23_new,22103,session14,0.29610201716423035,0.30313439667224884,0.007032379508018494
123,C1,0.3,32,0,2000,phase23_new,22103,session15,0.2688095159828663,0.27567314356565475,0.006863627582788467
123,C1,0.3,32,0,2000,phase23_new,22103,session16,0.2928689122200012,0.3031425103545189,0.01027359813451767
123,C1,0.3,32,0,2000,phase23_new,22103,session17,0.2964017391204834,0.30664364993572235,0.010241910815238953
123,C1,0.3,32,0,2000,phase23_new,22103,session18,0.24617017805576324,0.28398171812295914,0.03781154006719589
123,C1,0.3,32,0,2000,phase23_new,22103,session19,0.2908465191721916,0.31009720265865326,0.01925068348646164
123,C1,0.3,32,0,2000,phase23_new,22103,session2,0.29392607510089874,0.27985677123069763,-0.01406930387020111
123,C1,0.3,32,0,2000,phase23_new,22103,session21,0.2684059888124466,0.2797871306538582,0.01138114184141159
123,C1,0.3,32,0,2000,phase23_new,22103,session3,0.29566939175128937,0.3189895302057266,0.023320138454437256
123,C1,0.3,32,0,2000,phase23_new,22103,session4,0.2721022814512253,0.2691677510738373,-0.0029345303773880005
123,C1,0.3,32,0,2000,phase23_new,22103,session5,0.2487468533217907,0.2581944540143013,0.009447600692510605
123,C1,0.3,32,0,2000,phase23_new,22103,session6,0.24353141337633133,0.24323902279138565,-0.0002923905849456787
123,C1,0.3,32,0,2000,phase23_new,22103,session7,0.2410176657140255,0.25758054107427597,0.016562875360250473
123,C1,0.3,32,0,2000,phase23_new,22103,session9,0.2843652367591858,0.3200231119990349,0.03565787523984909
123,C1,0.3,64,0,2000,phase23_new,22101,session0,0.25883591175079346,0.32738543301820755,0.06854952126741409
123,C1,0.3,64,0,2000,phase23_new,22101,session1,0.2796686068177223,0.29500146210193634,0.01533285528421402
123,C1,0.3,64,0,2000,phase23_new,22101,session10,0.23747651651501656,0.25792575627565384,0.020449239760637283
123,C1,0.3,64,0,2000,phase23_new,22101,session11,0.28774284571409225,0.33318813890218735,0.04544529318809509
123,C1,0.3,64,0,2000,phase23_new,22101,session12,0.25917085632681847,0.2757088132202625,0.01653795689344406
123,C1,0.3,64,0,2000,phase23_new,22101,session13,0.26355263590812683,0.27843061089515686,0.01487797498703003
123,C1,0.3,64,0,2000,phase23_new,22101,session14,0.2935304827988148,0.30884698033332825,0.015316497534513474
123,C1,0.3,64,0,2000,phase23_new,22101,session15,0.2691485472023487,0.2779928594827652,0.008844312280416489
123,C1,0.3,64,0,2000,phase23_new,22101,session16,0.2903885915875435,0.3113345801830292,0.020945988595485687
123,C1,0.3,64,0,2000,phase23_new,22101,session17,0.2965520918369293,0.33561525493860245,0.039063163101673126
123,C1,0.3,64,0,2000,phase23_new,22101,session18,0.2455902360379696,0.28716684877872467,0.04157661274075508
123,C1,0.3,64,0,2000,phase23_new,22101,session19,0.28890910744667053,0.2973921597003937,0.008483052253723145
123,C1,0.3,64,0,2000,phase23_new,22101,session2,0.29334868490695953,0.30675845593214035,0.013409771025180817
123,C1,0.3,64,0,2000,phase23_new,22101,session21,0.2654893957078457,0.2959149554371834,0.030425559729337692
123,C1,0.3,64,0,2000,phase23_new,22101,session3,0.2960197702050209,0.31851984560489655,0.02250007539987564
123,C1,0.3,64,0,2000,phase23_new,22101,session4,0.2720353826880455,0.2736355848610401,0.0016002021729946136
123,C1,0.3,64,0,2000,phase23_new,22101,session5,0.24941012635827065,0.24095270782709122,-0.008457418531179428
123,C1,0.3,64,0,2000,phase23_new,22101,session6,0.24661020562052727,0.2500394657254219,0.003429260104894638
123,C1,0.3,64,0,2000,phase23_new,22101,session7,0.24214643985033035,0.2573631852865219,0.015216745436191559
123,C1,0.3,64,0,2000,phase23_new,22101,session9,0.2845751941204071,0.31601862609386444,0.031443431973457336
123,C1,0.3,64,0,2000,phase23_new,22102,session0,0.25883591175079346,0.26170701906085014,0.0028711073100566864
123,C1,0.3,64,0,2000,phase23_new,22102,session1,0.2796686068177223,0.2921052947640419,0.01243668794631958
123,C1,0.3,64,0,2000,phase23_new,22102,session10,0.23747651651501656,0.2509571835398674,0.013480667024850845
123,C1,0.3,64,0,2000,phase23_new,22102,session11,0.28774284571409225,0.31623485684394836,0.02849201112985611
123,C1,0.3,64,0,2000,phase23_new,22102,session12,0.25917085632681847,0.2701789289712906,0.011008072644472122
123,C1,0.3,64,0,2000,phase23_new,22102,session13,0.26355263590812683,0.26417214795947075,0.0006195120513439178
123,C1,0.3,64,0,2000,phase23_new,22102,session14,0.2935304827988148,0.31120623648166656,0.01767575368285179
123,C1,0.3,64,0,2000,phase23_new,22102,session15,0.2691485472023487,0.276167381554842,0.007018834352493286
123,C1,0.3,64,0,2000,phase23_new,22102,session16,0.2903885915875435,0.3092869818210602,0.018898390233516693
123,C1,0.3,64,0,2000,phase23_new,22102,session17,0.2965520918369293,0.3062398433685303,0.009687751531600952
123,C1,0.3,64,0,2000,phase23_new,22102,session18,0.2455902360379696,0.28337034955620766,0.03778011351823807
123,C1,0.3,64,0,2000,phase23_new,22102,session19,0.28890910744667053,0.2953057438135147,0.006396636366844177
123,C1,0.3,64,0,2000,phase23_new,22102,session2,0.29334868490695953,0.2962189055979252,0.0028702206909656525
123,C1,0.3,64,0,2000,phase23_new,22102,session21,0.2654893957078457,0.27856888622045517,0.013079490512609482
123,C1,0.3,64,0,2000,phase23_new,22102,session3,0.2960197702050209,0.319904126226902,0.023884356021881104
123,C1,0.3,64,0,2000,phase23_new,22102,session4,0.2720353826880455,0.2736355848610401,0.0016002021729946136
123,C1,0.3,64,0,2000,phase23_new,22102,session5,0.24941012635827065,0.24534432962536812,-0.004065796732902527
123,C1,0.3,64,0,2000,phase23_new,22102,session6,0.24661020562052727,0.24619866907596588,-0.0004115365445613861
123,C1,0.3,64,0,2000,phase23_new,22102,session7,0.24214643985033035,0.2602614089846611,0.01811496913433075
123,C1,0.3,64,0,2000,phase23_new,22102,session9,0.2845751941204071,0.31910282373428345,0.03452762961387634
123,C1,0.3,64,0,2000,phase23_new,22103,session0,0.25883591175079346,0.26592015475034714,0.00708424299955368
123,C1,0.3,64,0,2000,phase23_new,22103,session1,0.2796686068177223,0.2921052947640419,0.01243668794631958
123,C1,0.3,64,0,2000,phase23_new,22103,session10,0.23747651651501656,0.2509571835398674,0.013480667024850845
123,C1,0.3,64,0,2000,phase23_new,22103,session11,0.28774284571409225,0.33576543629169464,0.048022590577602386
123,C1,0.3,64,0,2000,phase23_new,22103,session12,0.25917085632681847,0.2757088132202625,0.01653795689344406
123,C1,0.3,64,0,2000,phase23_new,22103,session13,0.26355263590812683,0.27774181962013245,0.014189183712005615
123,C1,0.3,64,0,2000,phase23_new,22103,session14,0.2935304827988148,0.30042535066604614,0.006894867867231369
123,C1,0.3,64,0,2000,phase23_new,22103,session15,0.2691485472023487,0.276167381554842,0.007018834352493286
123,C1,0.3,64,0,2000,phase23_new,22103,session16,0.2903885915875435,0.3008767180144787,0.010488126426935196
123,C1,0.3,64,0,2000,phase23_new,22103,session17,0.2965520918369293,0.3062398433685303,0.009687751531600952
123,C1,0.3,64,0,2000,phase23_new,22103,session18,0.2455902360379696,0.283486682921648,0.037896446883678436
123,C1,0.3,64,0,2000,phase23_new,22103,session19,0.28890910744667053,0.3071881905198097,0.01827908307313919
123,C1,0.3,64,0,2000,phase23_new,22103,session2,0.29334868490695953,0.279728215187788,-0.013620469719171524
123,C1,0.3,64,0,2000,phase23_new,22103,session21,0.2654893957078457,0.27663204818964005,0.011142652481794357
123,C1,0.3,64,0,2000,phase23_new,22103,session3,0.2960197702050209,0.31851984560489655,0.02250007539987564
123,C1,0.3,64,0,2000,phase23_new,22103,session4,0.2720353826880455,0.269031036645174,-0.0030043460428714752
123,C1,0.3,64,0,2000,phase23_new,22103,session5,0.24941012635827065,0.2584739774465561,0.009063851088285446
123,C1,0.3,64,0,2000,phase23_new,22103,session6,0.24661020562052727,0.24619866907596588,-0.0004115365445613861
123,C1,0.3,64,0,2000,phase23_new,22103,session7,0.24214643985033035,0.2585916966199875,0.016445256769657135
123,C1,0.3,64,0,2000,phase23_new,22103,session9,0.2845751941204071,0.31910282373428345,0.03452762961387634
123,C1,0.3,32,1,2000,phase23_new,22101,session0,0.25325748324394226,0.32145144790410995,0.0681939646601677
123,C1,0.3,32,1,2000,phase23_new,22101,session1,0.275421679019928,0.29045530408620834,0.015033625066280365
123,C1,0.3,32,1,2000,phase23_new,22101,session10,0.2338446006178856,0.2547113783657551,0.02086677774786949
123,C1,0.3,32,1,2000,phase23_new,22101,session11,0.2816072292625904,0.3285568058490753,0.04694957658648491
123,C1,0.3,32,1,2000,phase23_new,22101,session12,0.2536022514104843,0.2692668288946152,0.01566457748413086
123,C1,0.3,32,1,2000,phase23_new,22101,session13,0.25707775354385376,0.2711634561419487,0.01408570259809494
123,C1,0.3,32,1,2000,phase23_new,22101,session14,0.28844114765524864,0.3039933443069458,0.015552196651697159
123,C1,0.3,32,1,2000,phase23_new,22101,session15,0.2617753595113754,0.2709404453635216,0.009165085852146149
123,C1,0.3,32,1,2000,phase23_new,22101,session16,0.28553514927625656,0.3067285567522049,0.021193407475948334
123,C1,0.3,32,1,2000,phase23_new,22101,session17,0.2924732193350792,0.33172550052404404,0.039252281188964844
123,C1,0.3,32,1,2000,phase23_new,22101,session18,0.24181510880589485,0.28147265687584877,0.03965754806995392
123,C1,0.3,32,1,2000,phase23_new,22101,session19,0.2832356244325638,0.29264896363019943,0.00941333919763565
123,C1,0.3,32,1,2000,phase23_new,22101,session2,0.2877594381570816,0.3011228144168854,0.013363376259803772
123,C1,0.3,32,1,2000,phase23_new,22101,session21,0.2602529004216194,0.29139387607574463,0.031140975654125214
123,C1,0.3,32,1,2000,phase23_new,22101,session3,0.2923356369137764,0.31447605043649673,0.022140413522720337
123,C1,0.3,32,1,2000,phase23_new,22101,session4,0.26614633947610855,0.26771803200244904,0.0015716925263404846
123,C1,0.3,32,1,2000,phase23_new,22101,session5,0.24321576207876205,0.23459897935390472,-0.00861678272485733
123,C1,0.3,32,1,2000,phase23_new,22101,session6,0.23763276264071465,0.2414020672440529,0.0037693046033382416
123,C1,0.3,32,1,2000,phase23_new,22101,session7,0.23735503107309341,0.2522263079881668,0.014871276915073395
123,C1,0.3,32,1,2000,phase23_new,22101,session9,0.2794850990176201,0.3108336254954338,0.03134852647781372
123,C1,0.3,32,1,2000,phase23_new,22102,session0,0.25325748324394226,0.2567465342581272,0.0034890510141849518
123,C1,0.3,32,1,2000,phase23_new,22102,session1,0.275421679019928,0.2879163697361946,0.012494690716266632
123,C1,0.3,32,1,2000,phase23_new,22102,session10,0.2338446006178856,0.24809283018112183,0.014248229563236237
123,C1,0.3,32,1,2000,phase23_new,22102,session11,0.2816072292625904,0.3110523745417595,0.029445145279169083
123,C1,0.3,32,1,2000,phase23_new,22102,session12,0.2536022514104843,0.2644554004073143,0.010853148996829987
123,C1,0.3,32,1,2000,phase23_new,22102,session13,0.25707775354385376,0.25710703432559967,2.9280781745910645e-05
123,C1,0.3,32,1,2000,phase23_new,22102,session14,0.28844114765524864,0.3060084283351898,0.017567280679941177
123,C1,0.3,32,1,2000,phase23_new,22102,session15,0.2617753595113754,0.26823654025793076,0.006461180746555328
123,C1,0.3,32,1,2000,phase23_new,22102,session16,0.28553514927625656,0.30453623086214066,0.019001081585884094
123,C1,0.3,32,1,2000,phase23_new,22102,session17,0.2924732193350792,0.302745021879673,0.010271802544593811
123,C1,0.3,32,1,2000,phase23_new,22102,session18,0.24181510880589485,0.27901992946863174,0.03720482066273689
123,C1,0.3,32,1,2000,phase23_new,22102,session19,0.2832356244325638,0.29050422087311745,0.007268596440553665
123,C1,0.3,32,1,2000,phase23_new,22102,session2,0.2877594381570816,0.29002155363559723,0.002262115478515625
123,C1,0.3,32,1,2000,phase23_new,22102,session21,0.2602529004216194,0.2739667221903801,0.013713821768760681
123,C1,0.3,32,1,2000,phase23_new,22102,session3,0.2923356369137764,0.3160247132182121,0.02368907630443573
123,C1,0.3,32,1,2000,phase23_new,22102,session4,0.26614633947610855,0.26771803200244904,0.0015716925263404846
123,C1,0.3,32,1,2000,phase23_new,22102,session5,0.24321576207876205,0.2392745316028595,-0.003941230475902557
123,C1,0.3,32,1,2000,phase23_new,22102,session6,0.23763276264071465,0.23797065764665604,0.000337895005941391
123,C1,0.3,32,1,2000,phase23_new,22102,session7,0.23735503107309341,0.25606203079223633,0.018706999719142914
123,C1,0.3,32,1,2000,phase23_new,22102,session9,0.2794850990176201,0.314116470515728,0.03463137149810791
123,C1,0.3,32,1,2000,phase23_new,22103,session0,0.25325748324394226,0.26046809181571007,0.007210608571767807
123,C1,0.3,32,1,2000,phase23_new,22103,session1,0.275421679019928,0.2879163697361946,0.012494690716266632
123,C1,0.3,32,1,2000,phase23_new,22103,session10,0.2338446006178856,0.24809283018112183,0.014248229563236237
123,C1,0.3,32,1,2000,phase23_new,22103,session11,0.2816072292625904,0.3303111791610718,0.04870394989848137
123,C1,0.3,32,1,2000,phase23_new,22103,session12,0.2536022514104843,0.2692668288946152,0.01566457748413086
123,C1,0.3,32,1,2000,phase23_new,22103,session13,0.25707775354385376,0.27100109308958054,0.013923339545726776
123,C1,0.3,32,1,2000,phase23_new,22103,session14,0.28844114765524864,0.29499631375074387,0.006555166095495224
123,C1,0.3,32,1,2000,phase23_new,22103,session15,0.2617753595113754,0.26823654025793076,0.006461180746555328
123,C1,0.3,32,1,2000,phase23_new,22103,session16,0.28553514927625656,0.2956089973449707,0.010073848068714142
123,C1,0.3,32,1,2000,phase23_new,22103,session17,0.2924732193350792,0.302745021879673,0.010271802544593811
123,C1,0.3,32,1,2000,phase23_new,22103,session18,0.24181510880589485,0.2793757766485214,0.03756066784262657
123,C1,0.3,32,1,2000,phase23_new,22103,session19,0.2832356244325638,0.30211304500699043,0.01887742057442665
123,C1,0.3,32,1,2000,phase23_new,22103,session2,0.2877594381570816,0.2742304801940918,-0.013528957962989807
123,C1,0.3,32,1,2000,phase23_new,22103,session21,0.2602529004216194,0.27209509909152985,0.011842198669910431
123,C1,0.3,32,1,2000,phase23_new,22103,session3,0.2923356369137764,0.31447605043649673,0.022140413522720337
123,C1,0.3,32,1,2000,phase23_new,22103,session4,0.26614633947610855,0.2631017044186592,-0.003044635057449341
123,C1,0.3,32,1,2000,phase23_new,22103,session5,0.24321576207876205,0.25186896324157715,0.008653201162815094
123,C1,0.3,32,1,2000,phase23_new,22103,session6,0.23763276264071465,0.23797065764665604,0.000337895005941391
123,C1,0.3,32,1,2000,phase23_new,22103,session7,0.23735503107309341,0.2541128024458885,0.016757771372795105
123,C1,0.3,32,1,2000,phase23_new,22103,session9,0.2794850990176201,0.314116470515728,0.03463137149810791
123,C1,0.3,64,1,2000,phase23_new,22101,session0,0.2477659061551094,0.3160172775387764,0.06825137138366699
123,C1,0.3,64,1,2000,phase23_new,22101,session1,0.2711155116558075,0.28568966686725616,0.01457415521144867
123,C1,0.3,64,1,2000,phase23_new,22101,session10,0.22908593341708183,0.24983038008213043,0.0207444466650486
123,C1,0.3,64,1,2000,phase23_new,22101,session11,0.27697254717350006,0.32306019216775894,0.04608764499425888
123,C1,0.3,64,1,2000,phase23_new,22101,session12,0.2477317824959755,0.26339563727378845,0.015663854777812958
123,C1,0.3,64,1,2000,phase23_new,22101,session13,0.2500668093562126,0.26420295238494873,0.014136143028736115
123,C1,0.3,64,1,2000,phase23_new,22101,session14,0.28367780148983,0.2986220568418503,0.014944255352020264
123,C1,0.3,64,1,2000,phase23_new,22101,session15,0.2546602338552475,0.26356516033411026,0.008904926478862762
123,C1,0.3,64,1,2000,phase23_new,22101,session16,0.2816452383995056,0.3030601665377617,0.021414928138256073
123,C1,0.3,64,1,2000,phase23_new,22101,session17,0.2893964722752571,0.3282487988471985,0.038852326571941376
123,C1,0.3,64,1,2000,phase23_new,22101,session18,0.2368779256939888,0.2760804742574692,0.03920254856348038
123,C1,0.3,64,1,2000,phase23_new,22101,session19,0.27726445347070694,0.28618273884058,0.008918285369873047
123,C1,0.3,64,1,2000,phase23_new,22101,session2,0.2826107069849968,0.2955940365791321,0.012983329594135284
123,C1,0.3,64,1,2000,phase23_new,22101,session21,0.25589485466480255,0.2872215434908867,0.03132668882608414
123,C1,0.3,64,1,2000,phase23_new,22101,session3,0.2884935513138771,0.31029149144887924,0.021797940135002136
123,C1,0.3,64,1,2000,phase23_new,22101,session4,0.2602073512971401,0.26185397058725357,0.001646619290113449
123,C1,0.3,64,1,2000,phase23_new,22101,session5,0.23666181415319443,0.2281564176082611,-0.008505396544933319
123,C1,0.3,64,1,2000,phase23_new,22101,session6,0.2310222014784813,0.23477111756801605,0.0037489160895347595
123,C1,0.3,64,1,2000,phase23_new,22101,session7,0.23171528801321983,0.24668142944574356,0.014966141432523727
123,C1,0.3,64,1,2000,phase23_new,22101,session9,0.2740246243774891,0.305113572627306,0.031088948249816895
123,C1,0.3,64,1,2000,phase23_new,22102,session0,0.2477659061551094,0.2515191547572613,0.0037532486021518707
123,C1,0.3,64,1,2000,phase23_new,22102,session1,0.2711155116558075,0.28398071974515915,0.012865208089351654
123,C1,0.3,64,1,2000,phase23_new,22102,session10,0.22908593341708183,0.24329779297113419,0.014211859554052353
123,C1,0.3,64,1,2000,phase23_new,22102,session11,0.27697254717350006,0.3058580160140991,0.02888546884059906
123,C1,0.3,64,1,2000,phase23_new,22102,session12,0.2477317824959755,0.25856150686740875,0.010829724371433258
123,C1,0.3,64,1,2000,phase23_new,22102,session13,0.2500668093562126,0.25011227279901505,4.54634428024292e-05
123,C1,0.3,64,1,2000,phase23_new,22102,session14,0.28367780148983,0.3011617735028267,0.017483972012996674
123,C1,0.3,64,1,2000,phase23_new,22102,session15,0.2546602338552475,0.2612633854150772,0.006603151559829712
123,C1,0.3,64,1,2000,phase23_new,22102,session16,0.2816452383995056,0.3003295958042145,0.018684357404708862
123,C1,0.3,64,1,2000,phase23_new,22102,session17,0.2893964722752571,0.2997026592493057,0.010306186974048615
123,C1,0.3,64,1,2000,phase23_new,22102,session18,0.2368779256939888,0.2737192139029503,0.03684128820896149
123,C1,0.3,64,1,2000,phase23_new,22102,session19,0.27726445347070694,0.28424806147813797,0.00698360800743103
123,C1,0.3,64,1,2000,phase23_new,22102,session2,0.2826107069849968,0.2850692942738533,0.0024585872888565063
123,C1,0.3,64,1,2000,phase23_new,22102,session21,0.25589485466480255,0.26926251873373985,0.013367664068937302
123,C1,0.3,64,1,2000,phase23_new,22102,session3,0.2884935513138771,0.3123188652098179,0.02382531389594078
123,C1,0.3,64,1,2000,phase23_new,22102,session4,0.2602073512971401,0.26185397058725357,0.001646619290113449
123,C1,0.3,64,1,2000,phase23_new,22102,session5,0.23666181415319443,0.2330268919467926,-0.003634922206401825
123,C1,0.3,64,1,2000,phase23_new,22102,session6,0.2310222014784813,0.23151395469903946,0.0004917532205581665
123,C1,0.3,64,1,2000,phase23_new,22102,session7,0.23171528801321983,0.24993758648633957,0.018222298473119736
123,C1,0.3,64,1,2000,phase23_new,22102,session9,0.2740246243774891,0.30840519815683365,0.03438057377934456
123,C1,0.3,64,1,2000,phase23_new,22103,session0,0.2477659061551094,0.2550349719822407,0.007269065827131271
123,C1,0.3,64,1,2000,phase23_new,22103,session1,0.2711155116558075,0.28398071974515915,0.012865208089351654
123,C1,0.3,64,1,2000,phase23_new,22103,session10,0.22908593341708183,0.24329779297113419,0.014211859554052353
123,C1,0.3,64,1,2000,phase23_new,22103,session11,0.27697254717350006,0.3245152235031128,0.04754267632961273
123,C1,0.3,64,1,2000,phase23_new,22103,session12,0.2477317824959755,0.26339563727378845,0.015663854777812958
123,C1,0.3,64,1,2000,phase23_new,22103,session13,0.2500668093562126,0.26377706974744797,0.013710260391235352
123,C1,0.3,64,1,2000,phase23_new,22103,session14,0.28367780148983,0.29010026901960373,0.006422467529773712
123,C1,0.3,64,1,2000,phase23_new,22103,session15,0.2546602338552475,0.2612633854150772,0.006603151559829712
123,C1,0.3,64,1,2000,phase23_new,22103,session16,0.2816452383995056,0.29156042262911797,0.00991518422961235
123,C1,0.3,64,1,2000,phase23_new,22103,session17,0.2893964722752571,0.2997026592493057,0.010306186974048615
123,C1,0.3,64,1,2000,phase23_new,22103,session18,0.2368779256939888,0.2741120830178261,0.03723415732383728
123,C1,0.3,64,1,2000,phase23_new,22103,session19,0.27726445347070694,0.2959352657198906,0.018670812249183655
123,C1,0.3,64,1,2000,phase23_new,22103,session2,0.2826107069849968,0.2693980634212494,-0.013212643563747406
123,C1,0.3,64,1,2000,phase23_new,22103,session21,0.25589485466480255,0.26792922616004944,0.012034371495246887
123,C1,0.3,64,1,2000,phase23_new,22103,session3,0.2884935513138771,0.31029149144887924,0.021797940135002136
123,C1,0.3,64,1,2000,phase23_new,22103,session4,0.2602073512971401,0.25722262635827065,-0.0029847249388694763
123,C1,0.3,64,1,2000,phase23_new,22103,session5,0.23666181415319443,0.24547018855810165,0.008808374404907227
123,C1,0.3,64,1,2000,phase23_new,22103,session6,0.2310222014784813,0.23151395469903946,0.0004917532205581665
123,C1,0.3,64,1,2000,phase23_new,22103,session7,0.23171528801321983,0.24820859730243683,0.016493309289216995
123,C1,0.3,64,1,2000,phase23_new,22103,session9,0.2740246243774891,0.30840519815683365,0.03438057377934456
123,C2,0.03,32,0,2000,phase23_new,22101,session0,0.2191062569618225,0.29975222796201706,0.08064597100019455
123,C2,0.03,32,0,2000,phase23_new,22101,session1,0.23778276145458221,0.2742987610399723,0.03651599958539009
123,C2,0.03,32,0,2000,phase23_new,22101,session10,0.219229593873024,0.2370431087911129,0.017813514918088913
123,C2,0.03,32,0,2000,phase23_new,22101,session11,0.2546374462544918,0.3122311905026436,0.05759374424815178
123,C2,0.03,32,0,2000,phase23_new,22101,session12,0.23891602084040642,0.2521911524236202,0.013275131583213806
123,C2,0.03,32,0,2000,phase23_new,22101,session13,0.2261652648448944,0.24825716391205788,0.022091899067163467
123,C2,0.03,32,0,2000,phase23_new,22101,session14,0.25737759843468666,0.2756074070930481,0.018229808658361435
123,C2,0.03,32,0,2000,phase23_new,22101,session15,0.2343970164656639,0.23266253247857094,-0.0017344839870929718
123,C2,0.03,32,0,2000,phase23_new,22101,session16,0.2684048116207123,0.2942483313381672,0.02584351971745491
123,C2,0.03,32,0,2000,phase23_new,22101,session17,0.2845267131924629,0.32450786232948303,0.03998114913702011
123,C2,0.03,32,0,2000,phase23_new,22101,session18,0.22484652698040009,0.2657984793186188,0.04095195233821869
123,C2,0.03,32,0,2000,phase23_new,22101,session19,0.26276061683893204,0.25955983996391296,-0.0032007768750190735
123,C2,0.03,32,0,2000,phase23_new,22101,session2,0.2657526507973671,0.27909357845783234,0.01334092766046524
123,C2,0.03,32,0,2000,phase23_new,22101,session21,0.24980993196368217,0.2691536843776703,0.019343752413988113
123,C2,0.03,32,0,2000,phase23_new,22101,session3,0.27953216433525085,0.2881629280745983,0.008630763739347458
123,C2,0.03,32,0,2000,phase23_new,22101,session4,0.23306334391236305,0.24091873317956924,0.007855389267206192
123,C2,0.03,32,0,2000,phase23_new,22101,session5,0.2146865837275982,0.2060585506260395,-0.008628033101558685
123,C2,0.03,32,0,2000,phase23_new,22101,session6,0.21462244167923927,0.2196551375091076,0.005032695829868317
123,C2,0.03,32,0,2000,phase23_new,22101,session7,0.20420165732502937,0.2212529368698597,0.017051279544830322
123,C2,0.03,32,0,2000,phase23_new,22101,session9,0.25667816027998924,0.279841635376215,0.02316347509622574
123,C2,0.03,32,0,2000,phase23_new,22102,session0,0.2191062569618225,0.23666376248002052,0.017557505518198013
123,C2,0.03,32,0,2000,phase23_new,22102,session1,0.23778276145458221,0.27317359670996666,0.035390835255384445
123,C2,0.03,32,0,2000,phase23_new,22102,session10,0.219229593873024,0.23074136674404144,0.011511772871017456
123,C2,0.03,32,0,2000,phase23_new,22102,session11,0.2546374462544918,0.2883833460509777,0.0337458997964859
123,C2,0.03,32,0,2000,phase23_new,22102,session12,0.23891602084040642,0.24085041135549545,0.001934390515089035
123,C2,0.03,32,0,2000,phase23_new,22102,session13,0.2261652648448944,0.22994967177510262,0.003784406930208206
123,C2,0.03,32,0,2000,phase23_new,22102,session14,0.25737759843468666,0.2725492902100086,0.01517169177532196
123,C2,0.03,32,0,2000,phase23_new,22102,session15,0.2343970164656639,0.2357730269432068,0.0013760104775428772
123,C2,0.03,32,0,2000,phase23_new,22102,session16,0.2684048116207123,0.2927933521568775,0.024388540536165237
123,C2,0.03,32,0,2000,phase23_new,22102,session17,0.2845267131924629,0.3000815697014332,0.01555485650897026
123,C2,0.03,32,0,2000,phase23_new,22102,session18,0.22484652698040009,0.24758568033576012,0.02273915335536003
123,C2,0.03,32,0,2000,phase23_new,22102,session19,0.26276061683893204,0.259237390011549,-0.0035232268273830414
123,C2,0.03,32,0,2000,phase23_new,22102,session2,0.2657526507973671,0.2728864885866642,0.007133837789297104
123,C2,0.03,32,0,2000,phase23_new,22102,session21,0.24980993196368217,0.26116086170077324,0.011350929737091064
123,C2,0.03,32,0,2000,phase23_new,22102,session3,0.27953216433525085,0.2979702726006508,0.018438108265399933
123,C2,0.03,32,0,2000,phase23_new,22102,session4,0.23306334391236305,0.24091873317956924,0.007855389267206192
123,C2,0.03,32,0,2000,phase23_new,22102,session5,0.2146865837275982,0.20430465415120125,-0.010381929576396942
123,C2,0.03,32,0,2000,phase23_new,22102,session6,0.21462244167923927,0.21441121771931648,-0.00021122395992279053
123,C2,0.03,32,0,2000,phase23_new,22102,session7,0.20420165732502937,0.22026029974222183,0.01605864241719246
123,C2,0.03,32,0,2000,phase23_new,22102,session9,0.25667816027998924,0.28085801377892494,0.0241798534989357
123,C2,0.03,32,0,2000,phase23_new,22103,session0,0.2191062569618225,0.24158522859215736,0.022478971630334854
123,C2,0.03,32,0,2000,phase23_new,22103,session1,0.23778276145458221,0.27317359670996666,0.035390835255384445
123,C2,0.03,32,0,2000,phase23_new,22103,session10,0.219229593873024,0.23074136674404144,0.011511772871017456
123,C2,0.03,32,0,2000,phase23_new,22103,session11,0.2546374462544918,0.316874697804451,0.06223725154995918
123,C2,0.03,32,0,2000,phase23_new,22103,session12,0.23891602084040642,0.2521911524236202,0.013275131583213806
123,C2,0.03,32,0,2000,phase23_new,22103,session13,0.2261652648448944,0.24853652343153954,0.022371258586645126
123,C2,0.03,32,0,2000,phase23_new,22103,session14,0.25737759843468666,0.2638840191066265,0.00650642067193985
123,C2,0.03,32,0,2000,phase23_new,22103,session15,0.2343970164656639,0.2357730269432068,0.0013760104775428772
123,C2,0.03,32,0,2000,phase23_new,22103,session16,0.2684048116207123,0.27961035817861557,0.01120554655790329
123,C2,0.03,32,0,2000,phase23_new,22103,session17,0.2845267131924629,0.3000815697014332,0.01555485650897026
123,C2,0.03,32,0,2000,phase23_new,22103,session18,0.22484652698040009,0.255414143204689,0.03056761622428894
123,C2,0.03,32,0,2000,phase23_new,22103,session19,0.26276061683893204,0.28233126178383827,0.019570644944906235
123,C2,0.03,32,0,2000,phase23_new,22103,session2,0.2657526507973671,0.26147881522774696,-0.0042738355696201324
123,C2,0.03,32,0,2000,phase23_new,22103,session21,0.24980993196368217,0.25198567286133766,0.002175740897655487
123,C2,0.03,32,0,2000,phase23_new,22103,session3,0.27953216433525085,0.2881629280745983,0.008630763739347458
123,C2,0.03,32,0,2000,phase23_new,22103,session4,0.23306334391236305,0.23435697704553604,0.001293633133172989
123,C2,0.03,32,0,2000,phase23_new,22103,session5,0.2146865837275982,0.22361024841666222,0.008923664689064026
123,C2,0.03,32,0,2000,phase23_new,22103,session6,0.21462244167923927,0.21441121771931648,-0.00021122395992279053
123,C2,0.03,32,0,2000,phase23_new,22103,session7,0.20420165732502937,0.22054525092244148,0.01634359359741211
123,C2,0.03,32,0,2000,phase23_new,22103,session9,0.25667816027998924,0.28085801377892494,0.0241798534989357
123,C2,0.03,64,0,2000,phase23_new,22101,session0,0.21936433389782906,0.3022043742239475,0.08284004032611847
123,C2,0.03,64,0,2000,phase23_new,22101,session1,0.2391442097723484,0.2756934016942978,0.03654919192194939
123,C2,0.03,64,0,2000,phase23_new,22101,session10,0.21948189660906792,0.23759976774454117,0.01811787113547325
123,C2,0.03,64,0,2000,phase23_new,22101,session11,0.25617385655641556,0.3136354982852936,0.05746164172887802
123,C2,0.03,64,0,2000,phase23_new,22101,session12,0.24077273160219193,0.25398237630724907,0.013209644705057144
123,C2,0.03,64,0,2000,phase23_new,22101,session13,0.2264479659497738,0.24955647066235542,0.023108504712581635
123,C2,0.03,64,0,2000,phase23_new,22101,session14,0.26199721172451973,0.2781236097216606,0.016126397997140884
123,C2,0.03,64,0,2000,phase23_new,22101,session15,0.2330031953752041,0.23211223259568214,-0.0008909627795219421
123,C2,0.03,64,0,2000,phase23_new,22101,session16,0.26973071694374084,0.2973877154290676,0.027656998485326767
123,C2,0.03,64,0,2000,phase23_new,22101,session17,0.2865019589662552,0.3271554298698902,0.040653470903635025
123,C2,0.03,64,0,2000,phase23_new,22101,session18,0.22430399432778358,0.2653597295284271,0.04105573520064354
123,C2,0.03,64,0,2000,phase23_new,22101,session19,0.26341311633586884,0.2607610188424587,-0.0026520974934101105
123,C2,0.03,64,0,2000,phase23_new,22101,session2,0.26734768226742744,0.28061069920659065,0.013263016939163208
123,C2,0.03,64,0,2000,phase23_new,22101,session21,0.25359952077269554,0.27491991221904755,0.021320391446352005
123,C2,0.03,64,0,2000,phase23_new,22101,session3,0.28223175555467606,0.2915196120738983,0.00928785651922226
123,C2,0.03,64,0,2000,phase23_new,22101,session4,0.23332420364022255,0.2406778261065483,0.00735362246632576
123,C2,0.03,64,0,2000,phase23_new,22101,session5,0.21352294459939003,0.20449351146817207,-0.009029433131217957
123,C2,0.03,64,0,2000,phase23_new,22101,session6,0.21520470827817917,0.22010335326194763,0.004898644983768463
123,C2,0.03,64,0,2000,phase23_new,22101,session7,0.20498855412006378,0.2213817462325096,0.01639319211244583
123,C2,0.03,64,0,2000,phase23_new,22101,session9,0.25882861390709877,0.282060157507658,0.023231543600559235
123,C2,0.03,64,0,2000,phase23_new,22102,session0,0.21936433389782906,0.23690593615174294,0.01754160225391388
123,C2,0.03,64,0,2000,phase23_new,22102,session1,0.2391442097723484,0.27520012855529785,0.03605591878294945
123,C2,0.03,64,0,2000,phase23_new,22102,session10,0.21948189660906792,0.2313089482486248,0.011827051639556885
123,C2,0.03,64,0,2000,phase23_new,22102,session11,0.25617385655641556,0.28973886370658875,0.03356500715017319
123,C2,0.03,64,0,2000,phase23_new,22102,session12,0.24077273160219193,0.24243614450097084,0.0016634128987789154
123,C2,0.03,64,0,2000,phase23_new,22102,session13,0.2264479659497738,0.23130350187420845,0.004855535924434662
123,C2,0.03,64,0,2000,phase23_new,22102,session14,0.26199721172451973,0.27733606845140457,0.015338856726884842
123,C2,0.03,64,0,2000,phase23_new,22102,session15,0.2330031953752041,0.2342223934829235,0.0012191981077194214
123,C2,0.03,64,0,2000,phase23_new,22102,session16,0.26973071694374084,0.29439351335167885,0.024662796407938004
123,C2,0.03,64,0,2000,phase23_new,22102,session17,0.2865019589662552,0.3023969493806362,0.015894990414381027
123,C2,0.03,64,0,2000,phase23_new,22102,session18,0.22430399432778358,0.24653585255146027,0.02223185822367668
123,C2,0.03,64,0,2000,phase23_new,22102,session19,0.26341311633586884,0.260405283421278,-0.0030078329145908356
123,C2,0.03,64,0,2000,phase23_new,22102,session2,0.26734768226742744,0.2740172706544399,0.006669588387012482
123,C2,0.03,64,0,2000,phase23_new,22102,session21,0.25359952077269554,0.26492999866604805,0.011330477893352509
123,C2,0.03,64,0,2000,phase23_new,22102,session3,0.28223175555467606,0.30238474160432816,0.0201529860496521
123,C2,0.03,64,0,2000,phase23_new,22102,session4,0.23332420364022255,0.2406778261065483,0.00735362246632576
123,C2,0.03,64,0,2000,phase23_new,22102,session5,0.21352294459939003,0.20252832397818565,-0.010994620621204376
123,C2,0.03,64,0,2000,phase23_new,22102,session6,0.21520470827817917,0.21399633586406708,-0.001208372414112091
123,C2,0.03,64,0,2000,phase23_new,22102,session7,0.20498855412006378,0.2217077650129795,0.016719210892915726
123,C2,0.03,64,0,2000,phase23_new,22102,session9,0.25882861390709877,0.2833312377333641,0.024502623826265335
123,C2,0.03,64,0,2000,phase23_new,22103,session0,0.21936433389782906,0.24225224927067757,0.02288791537284851
123,C2,0.03,64,0,2000,phase23_new,22103,session1,0.2391442097723484,0.27520012855529785,0.03605591878294945
123,C2,0.03,64,0,2000,phase23_new,22103,session10,0.21948189660906792,0.2313089482486248,0.011827051639556885
123,C2,0.03,64,0,2000,phase23_new,22103,session11,0.25617385655641556,0.31804855167865753,0.061874695122241974
123,C2,0.03,64,0,2000,phase23_new,22103,session12,0.24077273160219193,0.25398237630724907,0.013209644705057144
123,C2,0.03,64,0,2000,phase23_new,22103,session13,0.2264479659497738,0.24960721284151077,0.023159246891736984
123,C2,0.03,64,0,2000,phase23_new,22103,session14,0.26199721172451973,0.26715418323874474,0.005156971514225006
123,C2,0.03,64,0,2000,phase23_new,22103,session15,0.2330031953752041,0.2342223934829235,0.0012191981077194214
123,C2,0.03,64,0,2000,phase23_new,22103,session16,0.26973071694374084,0.28168510273098946,0.011954385787248611
123,C2,0.03,64,0,2000,phase23_new,22103,session17,0.2865019589662552,0.3023969493806362,0.015894990414381027
123,C2,0.03,64,0,2000,phase23_new,22103,session18,0.22430399432778358,0.2543453648686409,0.030041370540857315
123,C2,0.03,64,0,2000,phase23_new,22103,session19,0.26341311633586884,0.2837768383324146,0.02036372199654579
123,C2,0.03,64,0,2000,phase23_new,22103,session2,0.26734768226742744,0.26251573488116264,-0.004831947386264801
123,C2,0.03,64,0,2000,phase23_new,22103,session21,0.25359952077269554,0.2572701685130596,0.0036706477403640747
123,C2,0.03,64,0,2000,phase23_new,22103,session3,0.28223175555467606,0.2915196120738983,0.00928785651922226
123,C2,0.03,64,0,2000,phase23_new,22103,session4,0.23332420364022255,0.23437188565731049,0.0010476820170879364
123,C2,0.03,64,0,2000,phase23_new,22103,session5,0.21352294459939003,0.22215359285473824,0.008630648255348206
123,C2,0.03,64,0,2000,phase23_new,22103,session6,0.21520470827817917,0.21399633586406708,-0.001208372414112091
123,C2,0.03,64,0,2000,phase23_new,22103,session7,0.20498855412006378,0.2218015119433403,0.01681295782327652
123,C2,0.03,64,0,2000,phase23_new,22103,session9,0.25882861390709877,0.2833312377333641,0.024502623826265335
123,C2,0.03,32,1,2000,phase23_new,22101,session0,0.21672840416431427,0.3005381077528,0.08380970358848572
123,C2,0.03,32,1,2000,phase23_new,22101,session1,0.23743009567260742,0.2739395201206207,0.036509424448013306
123,C2,0.03,32,1,2000,phase23_new,22101,session10,0.21604087203741074,0.23764625936746597,0.021605387330055237
123,C2,0.03,32,1,2000,phase23_new,22101,session11,0.2560918629169464,0.31535162776708603,0.05925976485013962
123,C2,0.03,32,1,2000,phase23_new,22101,session12,0.24030207097530365,0.25186812505126,0.011566054075956345
123,C2,0.03,32,1,2000,phase23_new,22101,session13,0.22500187158584595,0.24944082275032997,0.024438951164484024
123,C2,0.03,32,1,2000,phase23_new,22101,session14,0.2623472511768341,0.2772689759731293,0.014921724796295166
123,C2,0.03,32,1,2000,phase23_new,22101,session15,0.23018056526780128,0.22891923412680626,-0.0012613311409950256
123,C2,0.03,32,1,2000,phase23_new,22101,session16,0.2701922729611397,0.2963932044804096,0.026200931519269943
123,C2,0.03,32,1,2000,phase23_new,22101,session17,0.28424523025751114,0.3262312263250351,0.041985996067523956
123,C2,0.03,32,1,2000,phase23_new,22101,session18,0.22338973358273506,0.26298612356185913,0.03959638997912407
123,C2,0.03,32,1,2000,phase23_new,22101,session19,0.26115352660417557,0.2588297538459301,-0.002323772758245468
123,C2,0.03,32,1,2000,phase23_new,22101,session2,0.26604150980710983,0.27797258272767067,0.011931072920560837
123,C2,0.03,32,1,2000,phase23_new,22101,session21,0.2542368024587631,0.27541735768318176,0.02118055522441864
123,C2,0.03,32,1,2000,phase23_new,22101,session3,0.2808036468923092,0.28923244029283524,0.008428793400526047
123,C2,0.03,32,1,2000,phase23_new,22101,session4,0.23102886974811554,0.2381979301571846,0.007169060409069061
123,C2,0.03,32,1,2000,phase23_new,22101,session5,0.21096598729491234,0.2022596038877964,-0.008706383407115936
123,C2,0.03,32,1,2000,phase23_new,22101,session6,0.2125980518758297,0.21770016849040985,0.005102116614580154
123,C2,0.03,32,1,2000,phase23_new,22101,session7,0.20337540283799171,0.22060638293623924,0.017230980098247528
123,C2,0.03,32,1,2000,phase23_new,22101,session9,0.2569972611963749,0.28295669332146645,0.025959432125091553
123,C2,0.03,32,1,2000,phase23_new,22102,session0,0.21672840416431427,0.233869768679142,0.01714136451482773
123,C2,0.03,32,1,2000,phase23_new,22102,session1,0.23743009567260742,0.27385028451681137,0.03642018884420395
123,C2,0.03,32,1,2000,phase23_new,22102,session10,0.21604087203741074,0.23078540712594986,0.014744535088539124
123,C2,0.03,32,1,2000,phase23_new,22102,session11,0.2560918629169464,0.28940318524837494,0.03331132233142853
123,C2,0.03,32,1,2000,phase23_new,22102,session12,0.24030207097530365,0.24116303026676178,0.0008609592914581299
123,C2,0.03,32,1,2000,phase23_new,22102,session13,0.22500187158584595,0.2310049794614315,0.006003107875585556
123,C2,0.03,32,1,2000,phase23_new,22102,session14,0.2623472511768341,0.27747882157564163,0.015131570398807526
123,C2,0.03,32,1,2000,phase23_new,22102,session15,0.23018056526780128,0.23126890882849693,0.0010883435606956482
123,C2,0.03,32,1,2000,phase23_new,22102,session16,0.2701922729611397,0.29289408400654793,0.02270181104540825
123,C2,0.03,32,1,2000,phase23_new,22102,session17,0.28424523025751114,0.30099836364388466,0.01675313338637352
123,C2,0.03,32,1,2000,phase23_new,22102,session18,0.22338973358273506,0.2443840578198433,0.02099432423710823
123,C2,0.03,32,1,2000,phase23_new,22102,session19,0.26115352660417557,0.25964999943971634,-0.0015035271644592285
123,C2,0.03,32,1,2000,phase23_new,22102,session2,0.26604150980710983,0.2709752283990383,0.004933718591928482
123,C2,0.03,32,1,2000,phase23_new,22102,session21,0.2542368024587631,0.2644257880747318,0.010188985615968704
123,C2,0.03,32,1,2000,phase23_new,22102,session3,0.2808036468923092,0.3014047220349312,0.020601075142621994
123,C2,0.03,32,1,2000,phase23_new,22102,session4,0.23102886974811554,0.2381979301571846,0.007169060409069061
123,C2,0.03,32,1,2000,phase23_new,22102,session5,0.21096598729491234,0.20159675553441048,-0.009369231760501862
123,C2,0.03,32,1,2000,phase23_new,22102,session6,0.2125980518758297,0.20981371775269508,-0.002784334123134613
123,C2,0.03,32,1,2000,phase23_new,22102,session7,0.20337540283799171,0.21958963945508003,0.016214236617088318
123,C2,0.03,32,1,2000,phase23_new,22102,session9,0.2569972611963749,0.28405868262052536,0.027061421424150467
123,C2,0.03,32,1,2000,phase23_new,22103,session0,0.21672840416431427,0.23872356116771698,0.02199515700340271
123,C2,0.03,32,1,2000,phase23_new,22103,session1,0.23743009567260742,0.27385028451681137,0.03642018884420395
123,C2,0.03,32,1,2000,phase23_new,22103,session10,0.21604087203741074,0.23078540712594986,0.014744535088539124
123,C2,0.03,32,1,2000,phase23_new,22103,session11,0.2560918629169464,0.3191589191555977,0.06306705623865128
123,C2,0.03,32,1,2000,phase23_new,22103,session12,0.24030207097530365,0.25186812505126,0.011566054075956345
123,C2,0.03,32,1,2000,phase23_new,22103,session13,0.22500187158584595,0.2505766190588474,0.02557474747300148
123,C2,0.03,32,1,2000,phase23_new,22103,session14,0.2623472511768341,0.2672608979046345,0.004913646727800369
123,C2,0.03,32,1,2000,phase23_new,22103,session15,0.23018056526780128,0.23126890882849693,0.0010883435606956482
123,C2,0.03,32,1,2000,phase23_new,22103,session16,0.2701922729611397,0.280709620565176,0.010517347604036331
123,C2,0.03,32,1,2000,phase23_new,22103,session17,0.28424523025751114,0.30099836364388466,0.01675313338637352
123,C2,0.03,32,1,2000,phase23_new,22103,session18,0.22338973358273506,0.2520364038646221,0.028646670281887054
123,C2,0.03,32,1,2000,phase23_new,22103,session19,0.26115352660417557,0.2803428843617439,0.01918935775756836
123,C2,0.03,32,1,2000,phase23_new,22103,session2,0.26604150980710983,0.26014817133545876,-0.005893338471651077
123,C2,0.03,32,1,2000,phase23_new,22103,session21,0.2542368024587631,0.25818564370274544,0.003948841243982315
123,C2,0.03,32,1,2000,phase23_new,22103,session3,0.2808036468923092,0.28923244029283524,0.008428793400526047
123,C2,0.03,32,1,2000,phase23_new,22103,session4,0.23102886974811554,0.23133281245827675,0.0003039427101612091
123,C2,0.03,32,1,2000,phase23_new,22103,session5,0.21096598729491234,0.22121382132172585,0.010247834026813507
123,C2,0.03,32,1,2000,phase23_new,22103,session6,0.2125980518758297,0.20981371775269508,-0.002784334123134613
123,C2,0.03,32,1,2000,phase23_new,22103,session7,0.20337540283799171,0.22018331661820412,0.016807913780212402
123,C2,0.03,32,1,2000,phase23_new,22103,session9,0.2569972611963749,0.28405868262052536,0.027061421424150467
123,C2,0.03,64,1,2000,phase23_new,22101,session0,0.21783213317394257,0.30233151465654373,0.08449938148260117
123,C2,0.03,64,1,2000,phase23_new,22101,session1,0.2372419387102127,0.2743157632648945,0.03707382455468178
123,C2,0.03,64,1,2000,phase23_new,22101,session10,0.2196984849870205,0.2414509728550911,0.021752487868070602
123,C2,0.03,64,1,2000,phase23_new,22101,session11,0.2598678283393383,0.31933633238077164,0.059468504041433334
123,C2,0.03,64,1,2000,phase23_new,22101,session12,0.24385686963796616,0.25611452385783195,0.012257654219865799
123,C2,0.03,64,1,2000,phase23_new,22101,session13,0.22892464324831963,0.2528728283941746,0.02394818514585495
123,C2,0.03,64,1,2000,phase23_new,22101,session14,0.2655888795852661,0.28083376958966255,0.015244890004396439
123,C2,0.03,64,1,2000,phase23_new,22101,session15,0.23438530415296555,0.23303641751408577,-0.001348886638879776
123,C2,0.03,64,1,2000,phase23_new,22101,session16,0.27122989296913147,0.2980656325817108,0.026835739612579346
123,C2,0.03,64,1,2000,phase23_new,22101,session17,0.2843441367149353,0.32662002369761467,0.04227588698267937
123,C2,0.03,64,1,2000,phase23_new,22101,session18,0.2255503609776497,0.266685850918293,0.04113548994064331
123,C2,0.03,64,1,2000,phase23_new,22101,session19,0.2638632319867611,0.2617815434932709,-0.002081688493490219
123,C2,0.03,64,1,2000,phase23_new,22101,session2,0.267591018229723,0.27996523305773735,0.012374214828014374
123,C2,0.03,64,1,2000,phase23_new,22101,session21,0.25656958296895027,0.27816934883594513,0.021599765866994858
123,C2,0.03,64,1,2000,phase23_new,22101,session3,0.2800903357565403,0.2892712168395519,0.009180881083011627
123,C2,0.03,64,1,2000,phase23_new,22101,session4,0.23426582291722298,0.24165403842926025,0.007388215512037277
123,C2,0.03,64,1,2000,phase23_new,22101,session5,0.2151072658598423,0.20638060942292213,-0.008726656436920166
123,C2,0.03,64,1,2000,phase23_new,22101,session6,0.21484477072954178,0.22008846700191498,0.0052436962723731995
123,C2,0.03,64,1,2000,phase23_new,22101,session7,0.20554688200354576,0.22301382198929787,0.017466939985752106
123,C2,0.03,64,1,2000,phase23_new,22101,session9,0.2592631205916405,0.28542397916316986,0.02616085857152939
123,C2,0.03,64,1,2000,phase23_new,22102,session0,0.21783213317394257,0.23501688241958618,0.017184749245643616
123,C2,0.03,64,1,2000,phase23_new,22102,session1,0.2372419387102127,0.2732546441257,0.03601270541548729
123,C2,0.03,64,1,2000,phase23_new,22102,session10,0.2196984849870205,0.23479783162474632,0.01509934663772583
123,C2,0.03,64,1,2000,phase23_new,22102,session11,0.2598678283393383,0.2937653884291649,0.033897560089826584
123,C2,0.03,64,1,2000,phase23_new,22102,session12,0.24385686963796616,0.24523523077368736,0.0013783611357212067
123,C2,0.03,64,1,2000,phase23_new,22102,session13,0.22892464324831963,0.23452754318714142,0.005602899938821793
123,C2,0.03,64,1,2000,phase23_new,22102,session14,0.2655888795852661,0.28091782703995705,0.015328947454690933
123,C2,0.03,64,1,2000,phase23_new,22102,session15,0.23438530415296555,0.23566832020878792,0.0012830160558223724
123,C2,0.03,64,1,2000,phase23_new,22102,session16,0.27122989296913147,0.294639453291893,0.023409560322761536
123,C2,0.03,64,1,2000,phase23_new,22102,session17,0.2843441367149353,0.30115538090467453,0.016811244189739227
123,C2,0.03,64,1,2000,phase23_new,22102,session18,0.2255503609776497,0.24764219298958778,0.022091832011938095
123,C2,0.03,64,1,2000,phase23_new,22102,session19,0.2638632319867611,0.2624346613883972,-0.0014285705983638763
123,C2,0.03,64,1,2000,phase23_new,22102,session2,0.267591018229723,0.2731054313480854,0.005514413118362427
123,C2,0.03,64,1,2000,phase23_new,22102,session21,0.25656958296895027,0.26720841974020004,0.010638836771249771
123,C2,0.03,64,1,2000,phase23_new,22102,session3,0.2800903357565403,0.3010559491813183,0.020965613424777985
123,C2,0.03,64,1,2000,phase23_new,22102,session4,0.23426582291722298,0.24165403842926025,0.007388215512037277
123,C2,0.03,64,1,2000,phase23_new,22102,session5,0.2151072658598423,0.20545829460024834,-0.009648971259593964
123,C2,0.03,64,1,2000,phase23_new,22102,session6,0.21484477072954178,0.21266788989305496,-0.0021768808364868164
123,C2,0.03,64,1,2000,phase23_new,22102,session7,0.20554688200354576,0.22190456464886665,0.016357682645320892
123,C2,0.03,64,1,2000,phase23_new,22102,session9,0.2592631205916405,0.2866387888789177,0.02737566828727722
123,C2,0.03,64,1,2000,phase23_new,22103,session0,0.21783213317394257,0.23990514874458313,0.022073015570640564
123,C2,0.03,64,1,2000,phase23_new,22103,session1,0.2372419387102127,0.2732546441257,0.03601270541548729
123,C2,0.03,64,1,2000,phase23_new,22103,session10,0.2196984849870205,0.23479783162474632,0.01509934663772583
123,C2,0.03,64,1,2000,phase23_new,22103,session11,0.2598678283393383,0.3231397122144699,0.06327188387513161
123,C2,0.03,64,1,2000,phase23_new,22103,session12,0.24385686963796616,0.25611452385783195,0.012257654219865799
123,C2,0.03,64,1,2000,phase23_new,22103,session13,0.22892464324831963,0.25404683500528336,0.02512219175696373
123,C2,0.03,64,1,2000,phase23_new,22103,session14,0.2655888795852661,0.2704763524234295,0.004887472838163376
123,C2,0.03,64,1,2000,phase23_new,22103,session15,0.23438530415296555,0.23566832020878792,0.0012830160558223724
123,C2,0.03,64,1,2000,phase23_new,22103,session16,0.27122989296913147,0.2831355556845665,0.011905662715435028
123,C2,0.03,64,1,2000,phase23_new,22103,session17,0.2843441367149353,0.30115538090467453,0.016811244189739227
123,C2,0.03,64,1,2000,phase23_new,22103,session18,0.2255503609776497,0.25631601363420486,0.030765652656555176
123,C2,0.03,64,1,2000,phase23_new,22103,session19,0.2638632319867611,0.2834045849740505,0.01954135298728943
123,C2,0.03,64,1,2000,phase23_new,22103,session2,0.267591018229723,0.26169081404805183,-0.005900204181671143
123,C2,0.03,64,1,2000,phase23_new,22103,session21,0.25656958296895027,0.26061324030160904,0.004043657332658768
123,C2,0.03,64,1,2000,phase23_new,22103,session3,0.2800903357565403,0.2892712168395519,0.009180881083011627
123,C2,0.03,64,1,2000,phase23_new,22103,session4,0.23426582291722298,0.2344735786318779,0.00020775571465492249
123,C2,0.03,64,1,2000,phase23_new,22103,session5,0.2151072658598423,0.22521648183465004,0.01010921597480774
123,C2,0.03,64,1,2000,phase23_new,22103,session6,0.21484477072954178,0.21266788989305496,-0.0021768808364868164
123,C2,0.03,64,1,2000,phase23_new,22103,session7,0.20554688200354576,0.22228223457932472,0.01673535257577896
123,C2,0.03,64,1,2000,phase23_new,22103,session9,0.2592631205916405,0.2866387888789177,0.02737566828727722
123,C2,0.1,32,0,2000,phase22_reused,22101,session0,0.22900700569152832,0.31751924380660057,0.08851223811507225
123,C2,0.1,32,0,2000,phase22_reused,22101,session1,0.24956903234124184,0.28339457139372826,0.03382553905248642
123,C2,0.1,32,0,2000,phase22_reused,22101,session10,0.21860647946596146,0.2393997609615326,0.020793281495571136
123,C2,0.1,32,0,2000,phase22_reused,22101,session11,0.2572382763028145,0.31014861166477203,0.05291033536195755
123,C2,0.1,32,0,2000,phase22_reused,22101,session12,0.23145458474755287,0.2463885024189949,0.014933917671442032
123,C2,0.1,32,0,2000,phase22_reused,22101,session13,0.23584700003266335,0.2562438137829304,0.02039681375026703
123,C2,0.1,32,0,2000,phase22_reused,22101,session14,0.25997692346572876,0.2770112194120884,0.017034295946359634
123,C2,0.1,32,0,2000,phase22_reused,22101,session15,0.23690393567085266,0.23347920179367065,-0.003424733877182007
123,C2,0.1,32,0,2000,phase22_reused,22101,session16,0.2733747623860836,0.29474782198667526,0.02137305960059166
123,C2,0.1,32,0,2000,phase22_reused,22101,session17,0.28278299421072006,0.3293200507760048,0.04653705656528473
123,C2,0.1,32,0,2000,phase22_reused,22101,session18,0.22781306505203247,0.2649049311876297,0.03709186613559723
123,C2,0.1,32,0,2000,phase22_reused,22101,session19,0.26146870478987694,0.26527706906199455,0.0038083642721176147
123,C2,0.1,32,0,2000,phase22_reused,22101,session2,0.267423901706934,0.28133831173181534,0.013914410024881363
123,C2,0.1,32,0,2000,phase22_reused,22101,session21,0.24011527001857758,0.27349819242954254,0.033382922410964966
123,C2,0.1,32,0,2000,phase22_reused,22101,session3,0.2818799652159214,0.29874753952026367,0.01686757430434227
123,C2,0.1,32,0,2000,phase22_reused,22101,session4,0.2398471049964428,0.2429182380437851,0.0030711330473423004
123,C2,0.1,32,0,2000,phase22_reused,22101,session5,0.2134210281074047,0.20437487587332726,-0.009046152234077454
123,C2,0.1,32,0,2000,phase22_reused,22101,session6,0.20585880056023598,0.2074584923684597,0.0015996918082237244
123,C2,0.1,32,0,2000,phase22_reused,22101,session7,0.21109244599938393,0.22668340429663658,0.015590958297252655
123,C2,0.1,32,0,2000,phase22_reused,22101,session9,0.26156238839030266,0.2870488874614239,0.025486499071121216
123,C2,0.1,32,0,2000,phase22_reused,22102,session0,0.22900700569152832,0.24862661212682724,0.01961960643529892
123,C2,0.1,32,0,2000,phase22_reused,22102,session1,0.24956903234124184,0.27967437729239464,0.0301053449511528
123,C2,0.1,32,0,2000,phase22_reused,22102,session10,0.21860647946596146,0.2280079908668995,0.009401511400938034
123,C2,0.1,32,0,2000,phase22_reused,22102,session11,0.2572382763028145,0.2870493680238724,0.029811091721057892
123,C2,0.1,32,0,2000,phase22_reused,22102,session12,0.23145458474755287,0.23739271238446236,0.005938127636909485
123,C2,0.1,32,0,2000,phase22_reused,22102,session13,0.23584700003266335,0.23704158142209053,0.001194581389427185
123,C2,0.1,32,0,2000,phase22_reused,22102,session14,0.25997692346572876,0.2754574194550514,0.015480495989322662
123,C2,0.1,32,0,2000,phase22_reused,22102,session15,0.23690393567085266,0.23663945123553276,-0.0002644844353199005
123,C2,0.1,32,0,2000,phase22_reused,22102,session16,0.2733747623860836,0.29584287106990814,0.02246810868382454
123,C2,0.1,32,0,2000,phase22_reused,22102,session17,0.28278299421072006,0.30118199065327644,0.01839899644255638
123,C2,0.1,32,0,2000,phase22_reused,22102,session18,0.22781306505203247,0.24679387360811234,0.018980808556079865
123,C2,0.1,32,0,2000,phase22_reused,22102,session19,0.26146870478987694,0.26514656841754913,0.0036778636276721954
123,C2,0.1,32,0,2000,phase22_reused,22102,session2,0.267423901706934,0.2768721729516983,0.009448271244764328
123,C2,0.1,32,0,2000,phase22_reused,22102,session21,0.24011527001857758,0.25913143530488014,0.019016165286302567
123,C2,0.1,32,0,2000,phase22_reused,22102,session3,0.2818799652159214,0.30399418994784355,0.02211422473192215
123,C2,0.1,32,0,2000,phase22_reused,22102,session4,0.2398471049964428,0.2429182380437851,0.0030711330473423004
123,C2,0.1,32,0,2000,phase22_reused,22102,session5,0.2134210281074047,0.2097328118979931,-0.003688216209411621
123,C2,0.1,32,0,2000,phase22_reused,22102,session6,0.20585880056023598,0.20454871281981468,-0.0013100877404212952
123,C2,0.1,32,0,2000,phase22_reused,22102,session7,0.21109244599938393,0.22266707941889763,0.011574633419513702
123,C2,0.1,32,0,2000,phase22_reused,22102,session9,0.26156238839030266,0.2912748157978058,0.029712427407503128
123,C2,0.1,32,0,2000,phase22_reused,22103,session0,0.22900700569152832,0.25748102366924286,0.02847401797771454
123,C2,0.1,32,0,2000,phase22_reused,22103,session1,0.24956903234124184,0.27967437729239464,0.0301053449511528
123,C2,0.1,32,0,2000,phase22_reused,22103,session10,0.21860647946596146,0.2280079908668995,0.009401511400938034
123,C2,0.1,32,0,2000,phase22_reused,22103,session11,0.2572382763028145,0.31425414979457855,0.05701587349176407
123,C2,0.1,32,0,2000,phase22_reused,22103,session12,0.23145458474755287,0.2463885024189949,0.014933917671442032
123,C2,0.1,32,0,2000,phase22_reused,22103,session13,0.23584700003266335,0.2549625597894192,0.01911555975675583
123,C2,0.1,32,0,2000,phase22_reused,22103,session14,0.25997692346572876,0.2673693709075451,0.00739244744181633
123,C2,0.1,32,0,2000,phase22_reused,22103,session15,0.23690393567085266,0.23663945123553276,-0.0002644844353199005
123,C2,0.1,32,0,2000,phase22_reused,22103,session16,0.2733747623860836,0.2811461612582207,0.00777139887213707
123,C2,0.1,32,0,2000,phase22_reused,22103,session17,0.28278299421072006,0.30118199065327644,0.01839899644255638
123,C2,0.1,32,0,2000,phase22_reused,22103,session18,0.22781306505203247,0.25426149368286133,0.026448428630828857
123,C2,0.1,32,0,2000,phase22_reused,22103,session19,0.26146870478987694,0.2852518558502197,0.02378315106034279
123,C2,0.1,32,0,2000,phase22_reused,22103,session2,0.267423901706934,0.2632919140160084,-0.004131987690925598
123,C2,0.1,32,0,2000,phase22_reused,22103,session21,0.24011527001857758,0.25056634470820427,0.010451074689626694
123,C2,0.1,32,0,2000,phase22_reused,22103,session3,0.2818799652159214,0.29874753952026367,0.01686757430434227
123,C2,0.1,32,0,2000,phase22_reused,22103,session4,0.2398471049964428,0.23383455723524094,-0.0060125477612018585
123,C2,0.1,32,0,2000,phase22_reused,22103,session5,0.2134210281074047,0.22460250183939934,0.011181473731994629
123,C2,0.1,32,0,2000,phase22_reused,22103,session6,0.20585880056023598,0.20454871281981468,-0.0013100877404212952
123,C2,0.1,32,0,2000,phase22_reused,22103,session7,0.21109244599938393,0.2207212708890438,0.009628824889659882
123,C2,0.1,32,0,2000,phase22_reused,22103,session9,0.26156238839030266,0.2912748157978058,0.029712427407503128
123,C2,0.1,64,0,2000,phase22_reused,22101,session0,0.2279917374253273,0.31691768765449524,0.08892595022916794
123,C2,0.1,64,0,2000,phase22_reused,22101,session1,0.2506823129951954,0.2836586758494377,0.032976362854242325
123,C2,0.1,64,0,2000,phase22_reused,22101,session10,0.2194402702152729,0.2409592904150486,0.021519020199775696
123,C2,0.1,64,0,2000,phase22_reused,22101,session11,0.257389422506094,0.31122439354658127,0.05383497104048729
123,C2,0.1,64,0,2000,phase22_reused,22101,session12,0.23238449543714523,0.24726185575127602,0.014877360314130783
123,C2,0.1,64,0,2000,phase22_reused,22101,session13,0.23530041053891182,0.2558858022093773,0.02058539167046547
123,C2,0.1,64,0,2000,phase22_reused,22101,session14,0.2606087401509285,0.2776431031525135,0.017034363001585007
123,C2,0.1,64,0,2000,phase22_reused,22101,session15,0.23720397427678108,0.23382923379540443,-0.003374740481376648
123,C2,0.1,64,0,2000,phase22_reused,22101,session16,0.275167778134346,0.29607995226979256,0.02091217413544655
123,C2,0.1,64,0,2000,phase22_reused,22101,session17,0.2846894860267639,0.33076053857803345,0.04607105255126953
123,C2,0.1,64,0,2000,phase22_reused,22101,session18,0.2279830500483513,0.26415232196450233,0.03616927191615105
123,C2,0.1,64,0,2000,phase22_reused,22101,session19,0.2633400745689869,0.2666797637939453,0.00333968922495842
123,C2,0.1,64,0,2000,phase22_reused,22101,session2,0.26943081244826317,0.2827937453985214,0.013362932950258255
123,C2,0.1,64,0,2000,phase22_reused,22101,session21,0.24255027621984482,0.27618877589702606,0.033638499677181244
123,C2,0.1,64,0,2000,phase22_reused,22101,session3,0.28320489078760147,0.30030161887407303,0.017096728086471558
123,C2,0.1,64,0,2000,phase22_reused,22101,session4,0.24040071666240692,0.24393706023693085,0.0035363435745239258
123,C2,0.1,64,0,2000,phase22_reused,22101,session5,0.21192214265465736,0.2022005207836628,-0.009721621870994568
123,C2,0.1,64,0,2000,phase22_reused,22101,session6,0.20760010555386543,0.20816396549344063,0.0005638599395751953
123,C2,0.1,64,0,2000,phase22_reused,22101,session7,0.2094385139644146,0.22575904056429863,0.016320526599884033
123,C2,0.1,64,0,2000,phase22_reused,22101,session9,0.2623375430703163,0.2889350764453411,0.026597533375024796
123,C2,0.1,64,0,2000,phase22_reused,22102,session0,0.2279917374253273,0.24754828587174416,0.019556548446416855
123,C2,0.1,64,0,2000,phase22_reused,22102,session1,0.2506823129951954,0.28064533323049545,0.029963020235300064
123,C2,0.1,64,0,2000,phase22_reused,22102,session10,0.2194402702152729,0.2288549393415451,0.009414669126272202
123,C2,0.1,64,0,2000,phase22_reused,22102,session11,0.257389422506094,0.2883409112691879,0.03095148876309395
123,C2,0.1,64,0,2000,phase22_reused,22102,session12,0.23238449543714523,0.2383727729320526,0.005988277494907379
123,C2,0.1,64,0,2000,phase22_reused,22102,session13,0.23530041053891182,0.23684482276439667,0.001544412225484848
123,C2,0.1,64,0,2000,phase22_reused,22102,session14,0.2606087401509285,0.2758319675922394,0.015223227441310883
123,C2,0.1,64,0,2000,phase22_reused,22102,session15,0.23720397427678108,0.2369324453175068,-0.000271528959274292
123,C2,0.1,64,0,2000,phase22_reused,22102,session16,0.275167778134346,0.2970384918153286,0.02187071368098259
123,C2,0.1,64,0,2000,phase22_reused,22102,session17,0.2846894860267639,0.3034447319805622,0.018755245953798294
123,C2,0.1,64,0,2000,phase22_reused,22102,session18,0.2279830500483513,0.24672184139490128,0.018738791346549988
123,C2,0.1,64,0,2000,phase22_reused,22102,session19,0.2633400745689869,0.266510970890522,0.0031708963215351105
123,C2,0.1,64,0,2000,phase22_reused,22102,session2,0.26943081244826317,0.27920540422201157,0.009774591773748398
123,C2,0.1,64,0,2000,phase22_reused,22102,session21,0.24255027621984482,0.2619982920587063,0.019448015838861465
123,C2,0.1,64,0,2000,phase22_reused,22102,session3,0.28320489078760147,0.3058372847735882,0.02263239398598671
123,C2,0.1,64,0,2000,phase22_reused,22102,session4,0.24040071666240692,0.24393706023693085,0.0035363435745239258
123,C2,0.1,64,0,2000,phase22_reused,22102,session5,0.21192214265465736,0.20775501802563667,-0.004167124629020691
123,C2,0.1,64,0,2000,phase22_reused,22102,session6,0.20760010555386543,0.20679814741015434,-0.0008019581437110901
123,C2,0.1,64,0,2000,phase22_reused,22102,session7,0.2094385139644146,0.22144672274589539,0.01200820878148079
123,C2,0.1,64,0,2000,phase22_reused,22102,session9,0.2623375430703163,0.2919633165001869,0.029625773429870605
123,C2,0.1,64,0,2000,phase22_reused,22103,session0,0.2279917374253273,0.25703999772667885,0.029048260301351547
123,C2,0.1,64,0,2000,phase22_reused,22103,session1,0.2506823129951954,0.28064533323049545,0.029963020235300064
123,C2,0.1,64,0,2000,phase22_reused,22103,session10,0.2194402702152729,0.2288549393415451,0.009414669126272202
123,C2,0.1,64,0,2000,phase22_reused,22103,session11,0.257389422506094,0.31563805788755417,0.05824863538146019
123,C2,0.1,64,0,2000,phase22_reused,22103,session12,0.23238449543714523,0.24726185575127602,0.014877360314130783
123,C2,0.1,64,0,2000,phase22_reused,22103,session13,0.23530041053891182,0.254772674292326,0.019472263753414154
123,C2,0.1,64,0,2000,phase22_reused,22103,session14,0.2606087401509285,0.2678901292383671,0.007281389087438583
123,C2,0.1,64,0,2000,phase22_reused,22103,session15,0.23720397427678108,0.2369324453175068,-0.000271528959274292
123,C2,0.1,64,0,2000,phase22_reused,22103,session16,0.275167778134346,0.2828699015080929,0.007702123373746872
123,C2,0.1,64,0,2000,phase22_reused,22103,session17,0.2846894860267639,0.3034447319805622,0.018755245953798294
123,C2,0.1,64,0,2000,phase22_reused,22103,session18,0.2279830500483513,0.25385818257927895,0.025875132530927658
123,C2,0.1,64,0,2000,phase22_reused,22103,session19,0.2633400745689869,0.286677785217762,0.0233377106487751
123,C2,0.1,64,0,2000,phase22_reused,22103,session2,0.26943081244826317,0.2658483684062958,-0.003582444041967392
123,C2,0.1,64,0,2000,phase22_reused,22103,session21,0.24255027621984482,0.2529798895120621,0.010429613292217255
123,C2,0.1,64,0,2000,phase22_reused,22103,session3,0.28320489078760147,0.30030161887407303,0.017096728086471558
123,C2,0.1,64,0,2000,phase22_reused,22103,session4,0.24040071666240692,0.23421112447977066,-0.006189592182636261
123,C2,0.1,64,0,2000,phase22_reused,22103,session5,0.21192214265465736,0.2231270708143711,0.011204928159713745
123,C2,0.1,64,0,2000,phase22_reused,22103,session6,0.20760010555386543,0.20679814741015434,-0.0008019581437110901
123,C2,0.1,64,0,2000,phase22_reused,22103,session7,0.2094385139644146,0.21960877999663353,0.010170266032218933
123,C2,0.1,64,0,2000,phase22_reused,22103,session9,0.2623375430703163,0.2919633165001869,0.029625773429870605
123,C2,0.1,32,1,2000,phase22_reused,22101,session0,0.23039739206433296,0.3173584006726742,0.08696100860834122
123,C2,0.1,32,1,2000,phase22_reused,22101,session1,0.24988093227148056,0.2839353419840336,0.034054409712553024
123,C2,0.1,32,1,2000,phase22_reused,22101,session10,0.21673495694994926,0.2393573895096779,0.022622432559728622
123,C2,0.1,32,1,2000,phase22_reused,22101,session11,0.2560596615076065,0.3106295242905617,0.05456986278295517
123,C2,0.1,32,1,2000,phase22_reused,22101,session12,0.23082681000232697,0.2458638958632946,0.015037085860967636
123,C2,0.1,32,1,2000,phase22_reused,22101,session13,0.2364158034324646,0.2571403943002224,0.020724590867757797
123,C2,0.1,32,1,2000,phase22_reused,22101,session14,0.2600868493318558,0.2773854732513428,0.017298623919487
123,C2,0.1,32,1,2000,phase22_reused,22101,session15,0.2369961068034172,0.23434646055102348,-0.0026496462523937225
123,C2,0.1,32,1,2000,phase22_reused,22101,session16,0.27338026836514473,0.29429977014660835,0.020919501781463623
123,C2,0.1,32,1,2000,phase22_reused,22101,session17,0.2835841216146946,0.3293429836630821,0.04575886204838753
123,C2,0.1,32,1,2000,phase22_reused,22101,session18,0.22796740755438805,0.26479313150048256,0.03682572394609451
123,C2,0.1,32,1,2000,phase22_reused,22101,session19,0.261465173214674,0.26553019508719444,0.004065021872520447
123,C2,0.1,32,1,2000,phase22_reused,22101,session2,0.2663140334188938,0.2805706337094307,0.01425660029053688
123,C2,0.1,32,1,2000,phase22_reused,22101,session21,0.24080301448702812,0.27408400923013687,0.03328099474310875
123,C2,0.1,32,1,2000,phase22_reused,22101,session3,0.28202376514673233,0.29932851344347,0.01730474829673767
123,C2,0.1,32,1,2000,phase22_reused,22101,session4,0.2389673814177513,0.24235446006059647,0.003387078642845154
123,C2,0.1,32,1,2000,phase22_reused,22101,session5,0.2130083665251732,0.20343663543462753,-0.009571731090545654
123,C2,0.1,32,1,2000,phase22_reused,22101,session6,0.2048444226384163,0.20591899007558823,0.001074567437171936
123,C2,0.1,32,1,2000,phase22_reused,22101,session7,0.21133023872971535,0.22724931314587593,0.015919074416160583
123,C2,0.1,32,1,2000,phase22_reused,22101,session9,0.2620680630207062,0.28778061270713806,0.025712549686431885
123,C2,0.1,32,1,2000,phase22_reused,22102,session0,0.23039739206433296,0.24910131469368935,0.018703922629356384
123,C2,0.1,32,1,2000,phase22_reused,22102,session1,0.24988093227148056,0.2799646817147732,0.030083749443292618
123,C2,0.1,32,1,2000,phase22_reused,22102,session10,0.21673495694994926,0.22803226485848427,0.011297307908535004
123,C2,0.1,32,1,2000,phase22_reused,22102,session11,0.2560596615076065,0.2873569503426552,0.031297288835048676
123,C2,0.1,32,1,2000,phase22_reused,22102,session12,0.23082681000232697,0.23703740164637566,0.006210591644048691
123,C2,0.1,32,1,2000,phase22_reused,22102,session13,0.2364158034324646,0.23730462789535522,0.000888824462890625
123,C2,0.1,32,1,2000,phase22_reused,22102,session14,0.2600868493318558,0.27600808441638947,0.01592123508453369
123,C2,0.1,32,1,2000,phase22_reused,22102,session15,0.2369961068034172,0.2368348315358162,-0.00016127526760101318
123,C2,0.1,32,1,2000,phase22_reused,22102,session16,0.27338026836514473,0.2962312884628773,0.022851020097732544
123,C2,0.1,32,1,2000,phase22_reused,22102,session17,0.2835841216146946,0.30161838605999947,0.01803426444530487
123,C2,0.1,32,1,2000,phase22_reused,22102,session18,0.22796740755438805,0.24705937877297401,0.019091971218585968
123,C2,0.1,32,1,2000,phase22_reused,22102,session19,0.261465173214674,0.2649243734776974,0.0034592002630233765
123,C2,0.1,32,1,2000,phase22_reused,22102,session2,0.2663140334188938,0.2762646749615669,0.009950641542673111
123,C2,0.1,32,1,2000,phase22_reused,22102,session21,0.24080301448702812,0.2598779909312725,0.019074976444244385
123,C2,0.1,32,1,2000,phase22_reused,22102,session3,0.28202376514673233,0.3038245849311352,0.021800819784402847
123,C2,0.1,32,1,2000,phase22_reused,22102,session4,0.2389673814177513,0.24235446006059647,0.003387078642845154
123,C2,0.1,32,1,2000,phase22_reused,22102,session5,0.2130083665251732,0.20845266431570053,-0.004555702209472656
123,C2,0.1,32,1,2000,phase22_reused,22102,session6,0.2048444226384163,0.2040107101202011,-0.0008337125182151794
123,C2,0.1,32,1,2000,phase22_reused,22102,session7,0.21133023872971535,0.22341402992606163,0.012083791196346283
123,C2,0.1,32,1,2000,phase22_reused,22102,session9,0.2620680630207062,0.2903253510594368,0.02825728803873062
123,C2,0.1,32,1,2000,phase22_reused,22103,session0,0.23039739206433296,0.25870492681860924,0.028307534754276276
123,C2,0.1,32,1,2000,phase22_reused,22103,session1,0.24988093227148056,0.2799646817147732,0.030083749443292618
123,C2,0.1,32,1,2000,phase22_reused,22103,session10,0.21673495694994926,0.22803226485848427,0.011297307908535004
123,C2,0.1,32,1,2000,phase22_reused,22103,session11,0.2560596615076065,0.3142996281385422,0.05823996663093567
123,C2,0.1,32,1,2000,phase22_reused,22103,session12,0.23082681000232697,0.2458638958632946,0.015037085860967636
123,C2,0.1,32,1,2000,phase22_reused,22103,session13,0.2364158034324646,0.255478385835886,0.019062582403421402
123,C2,0.1,32,1,2000,phase22_reused,22103,session14,0.2600868493318558,0.26705899089574814,0.0069721415638923645
123,C2,0.1,32,1,2000,phase22_reused,22103,session15,0.2369961068034172,0.2368348315358162,-0.00016127526760101318
123,C2,0.1,32,1,2000,phase22_reused,22103,session16,0.27338026836514473,0.2817143276333809,0.00833405926823616
123,C2,0.1,32,1,2000,phase22_reused,22103,session17,0.2835841216146946,0.30161838605999947,0.01803426444530487
123,C2,0.1,32,1,2000,phase22_reused,22103,session18,0.22796740755438805,0.25466470792889595,0.026697300374507904
123,C2,0.1,32,1,2000,phase22_reused,22103,session19,0.261465173214674,0.2853357419371605,0.023870568722486496
123,C2,0.1,32,1,2000,phase22_reused,22103,session2,0.2663140334188938,0.26289520412683487,-0.0034188292920589447
123,C2,0.1,32,1,2000,phase22_reused,22103,session21,0.24080301448702812,0.25082529336214066,0.010022278875112534
123,C2,0.1,32,1,2000,phase22_reused,22103,session3,0.28202376514673233,0.29932851344347,0.01730474829673767
123,C2,0.1,32,1,2000,phase22_reused,22103,session4,0.2389673814177513,0.2336045429110527,-0.005362838506698608
123,C2,0.1,32,1,2000,phase22_reused,22103,session5,0.2130083665251732,0.22354356199502945,0.010535195469856262
123,C2,0.1,32,1,2000,phase22_reused,22103,session6,0.2048444226384163,0.2040107101202011,-0.0008337125182151794
123,C2,0.1,32,1,2000,phase22_reused,22103,session7,0.21133023872971535,0.22195731475949287,0.010627076029777527
123,C2,0.1,32,1,2000,phase22_reused,22103,session9,0.2620680630207062,0.2903253510594368,0.02825728803873062
123,C2,0.1,64,1,2000,phase22_reused,22101,session0,0.22338473051786423,0.30992044508457184,0.08653571456670761
123,C2,0.1,64,1,2000,phase22_reused,22101,session1,0.24340911209583282,0.27668821811676025,0.03327910602092743
123,C2,0.1,64,1,2000,phase22_reused,22101,session10,0.22091202065348625,0.242195762693882,0.021283742040395737
123,C2,0.1,64,1,2000,phase22_reused,22101,session11,0.2573232538998127,0.31191062927246094,0.05458737537264824
123,C2,0.1,64,1,2000,phase22_reused,22101,session12,0.23374995216727257,0.24807295575737953,0.014323003590106964
123,C2,0.1,64,1,2000,phase22_reused,22101,session13,0.23436900600790977,0.25517166033387184,0.020802654325962067
123,C2,0.1,64,1,2000,phase22_reused,22101,session14,0.25956161692738533,0.277264803647995,0.017703186720609665
123,C2,0.1,64,1,2000,phase22_reused,22101,session15,0.23722310736775398,0.23380672186613083,-0.0034163855016231537
123,C2,0.1,64,1,2000,phase22_reused,22101,session16,0.27285926043987274,0.2921917960047722,0.019332535564899445
123,C2,0.1,64,1,2000,phase22_reused,22101,session17,0.2795730382204056,0.3241841308772564,0.044611092656850815
123,C2,0.1,64,1,2000,phase22_reused,22101,session18,0.22644193097949028,0.26301008835434914,0.036568157374858856
123,C2,0.1,64,1,2000,phase22_reused,22101,session19,0.26388418674468994,0.2668374180793762,0.0029532313346862793
123,C2,0.1,64,1,2000,phase22_reused,22101,session2,0.26748954877257347,0.2817469350993633,0.014257386326789856
123,C2,0.1,64,1,2000,phase22_reused,22101,session21,0.24422995746135712,0.2739211171865463,0.02969115972518921
123,C2,0.1,64,1,2000,phase22_reused,22101,session3,0.278127945959568,0.29495690017938614,0.016828954219818115
123,C2,0.1,64,1,2000,phase22_reused,22101,session4,0.24102362245321274,0.24386119097471237,0.002837568521499634
123,C2,0.1,64,1,2000,phase22_reused,22101,session5,0.2112610600888729,0.20196330174803734,-0.009297758340835571
123,C2,0.1,64,1,2000,phase22_reused,22101,session6,0.2058151215314865,0.20693916827440262,0.0011240467429161072
123,C2,0.1,64,1,2000,phase22_reused,22101,session7,0.20617009326815605,0.22176093235611916,0.015590839087963104
123,C2,0.1,64,1,2000,phase22_reused,22101,session9,0.25915873423218727,0.2868085354566574,0.02764980122447014
123,C2,0.1,64,1,2000,phase22_reused,22102,session0,0.22338473051786423,0.24182813987135887,0.018443409353494644
123,C2,0.1,64,1,2000,phase22_reused,22102,session1,0.24340911209583282,0.2727993130683899,0.029390200972557068
123,C2,0.1,64,1,2000,phase22_reused,22102,session10,0.22091202065348625,0.2307044118642807,0.009792391210794449
123,C2,0.1,64,1,2000,phase22_reused,22102,session11,0.2573232538998127,0.2880016006529331,0.030678346753120422
123,C2,0.1,64,1,2000,phase22_reused,22102,session12,0.23374995216727257,0.23942099511623383,0.005671042948961258
123,C2,0.1,64,1,2000,phase22_reused,22102,session13,0.23436900600790977,0.23524760454893112,0.000878598541021347
123,C2,0.1,64,1,2000,phase22_reused,22102,session14,0.25956161692738533,0.27542993426322937,0.01586831733584404
123,C2,0.1,64,1,2000,phase22_reused,22102,session15,0.23722310736775398,0.23684319481253624,-0.0003799125552177429
123,C2,0.1,64,1,2000,phase22_reused,22102,session16,0.27285926043987274,0.29418905079364777,0.021329790353775024
123,C2,0.1,64,1,2000,phase22_reused,22102,session17,0.2795730382204056,0.2969422973692417,0.017369259148836136
123,C2,0.1,64,1,2000,phase22_reused,22102,session18,0.22644193097949028,0.24521677568554878,0.018774844706058502
123,C2,0.1,64,1,2000,phase22_reused,22102,session19,0.26388418674468994,0.2667502164840698,0.002866029739379883
123,C2,0.1,64,1,2000,phase22_reused,22102,session2,0.26748954877257347,0.27702947333455086,0.009539924561977386
123,C2,0.1,64,1,2000,phase22_reused,22102,session21,0.24422995746135712,0.26184819638729095,0.017618238925933838
123,C2,0.1,64,1,2000,phase22_reused,22102,session3,0.278127945959568,0.29908987507224083,0.020961929112672806
123,C2,0.1,64,1,2000,phase22_reused,22102,session4,0.24102362245321274,0.24386119097471237,0.002837568521499634
123,C2,0.1,64,1,2000,phase22_reused,22102,session5,0.2112610600888729,0.20762616768479347,-0.0036348924040794373
123,C2,0.1,64,1,2000,phase22_reused,22102,session6,0.2058151215314865,0.20687369257211685,0.0010585710406303406
123,C2,0.1,64,1,2000,phase22_reused,22102,session7,0.20617009326815605,0.2183566838502884,0.01218659058213234
123,C2,0.1,64,1,2000,phase22_reused,22102,session9,0.25915873423218727,0.2891518846154213,0.029993150383234024
123,C2,0.1,64,1,2000,phase22_reused,22103,session0,0.22338473051786423,0.25150399282574654,0.02811926230788231
123,C2,0.1,64,1,2000,phase22_reused,22103,session1,0.24340911209583282,0.2727993130683899,0.029390200972557068
123,C2,0.1,64,1,2000,phase22_reused,22103,session10,0.22091202065348625,0.2307044118642807,0.009792391210794449
123,C2,0.1,64,1,2000,phase22_reused,22103,session11,0.2573232538998127,0.3162318617105484,0.0589086078107357
123,C2,0.1,64,1,2000,phase22_reused,22103,session12,0.23374995216727257,0.24807295575737953,0.014323003590106964
123,C2,0.1,64,1,2000,phase22_reused,22103,session13,0.23436900600790977,0.25366485491394997,0.01929584890604019
123,C2,0.1,64,1,2000,phase22_reused,22103,session14,0.25956161692738533,0.2672782465815544,0.007716629654169083
123,C2,0.1,64,1,2000,phase22_reused,22103,session15,0.23722310736775398,0.23684319481253624,-0.0003799125552177429
123,C2,0.1,64,1,2000,phase22_reused,22103,session16,0.27285926043987274,0.28069206699728966,0.007832806557416916
123,C2,0.1,64,1,2000,phase22_reused,22103,session17,0.2795730382204056,0.2969422973692417,0.017369259148836136
123,C2,0.1,64,1,2000,phase22_reused,22103,session18,0.22644193097949028,0.25212667137384415,0.025684740394353867
123,C2,0.1,64,1,2000,phase22_reused,22103,session19,0.26388418674468994,0.2862997204065323,0.022415533661842346
123,C2,0.1,64,1,2000,phase22_reused,22103,session2,0.26748954877257347,0.26357031986117363,-0.003919228911399841
123,C2,0.1,64,1,2000,phase22_reused,22103,session21,0.24422995746135712,0.2528650052845478,0.008635047823190689
123,C2,0.1,64,1,2000,phase22_reused,22103,session3,0.278127945959568,0.29495690017938614,0.016828954219818115
123,C2,0.1,64,1,2000,phase22_reused,22103,session4,0.24102362245321274,0.2348206862807274,-0.0062029361724853516
123,C2,0.1,64,1,2000,phase22_reused,22103,session5,0.2112610600888729,0.22249512001872063,0.011234059929847717
123,C2,0.1,64,1,2000,phase22_reused,22103,session6,0.2058151215314865,0.20687369257211685,0.0010585710406303406
123,C2,0.1,64,1,2000,phase22_reused,22103,session7,0.20617009326815605,0.2165447287261486,0.010374635457992554
123,C2,0.1,64,1,2000,phase22_reused,22103,session9,0.25915873423218727,0.2891518846154213,0.029993150383234024
123,C2,0.3,32,0,2000,phase23_new,22101,session0,0.2287539765238762,0.3132186159491539,0.08446463942527771
123,C2,0.3,32,0,2000,phase23_new,22101,session1,0.2638903222978115,0.28146950528025627,0.017579182982444763
123,C2,0.3,32,0,2000,phase23_new,22101,session10,0.21785451099276543,0.24672072008252144,0.028866209089756012
123,C2,0.3,32,0,2000,phase23_new,22101,session11,0.25871578976511955,0.32464979588985443,0.06593400612473488
123,C2,0.3,32,0,2000,phase23_new,22101,session12,0.2353854663670063,0.24794524908065796,0.012559782713651657
123,C2,0.3,32,0,2000,phase23_new,22101,session13,0.22637925669550896,0.24946730583906174,0.02308804914355278
123,C2,0.3,32,0,2000,phase23_new,22101,session14,0.2582806125283241,0.27680404856801033,0.018523436039686203
123,C2,0.3,32,0,2000,phase23_new,22101,session15,0.2371169999241829,0.23995164036750793,0.0028346404433250427
123,C2,0.3,32,0,2000,phase23_new,22101,session16,0.2823207713663578,0.3040308766067028,0.021710105240345
123,C2,0.3,32,0,2000,phase23_new,22101,session17,0.2811085432767868,0.3373044654726982,0.05619592219591141
123,C2,0.3,32,0,2000,phase23_new,22101,session18,0.22116279229521751,0.26410235092043877,0.04293955862522125
123,C2,0.3,32,0,2000,phase23_new,22101,session19,0.2675722874701023,0.28026024252176285,0.012687955051660538
123,C2,0.3,32,0,2000,phase23_new,22101,session2,0.2745753228664398,0.29127030074596405,0.01669497787952423
123,C2,0.3,32,0,2000,phase23_new,22101,session21,0.24194544553756714,0.2705235183238983,0.028578072786331177
123,C2,0.3,32,0,2000,phase23_new,22101,session3,0.283138707280159,0.30498355254530907,0.02184484526515007
123,C2,0.3,32,0,2000,phase23_new,22101,session4,0.24010645225644112,0.24155346304178238,0.0014470107853412628
123,C2,0.3,32,0,2000,phase23_new,22101,session5,0.21468060463666916,0.20487365126609802,-0.009806953370571136
123,C2,0.3,32,0,2000,phase23_new,22101,session6,0.21960138529539108,0.22447828575968742,0.004876900464296341
123,C2,0.3,32,0,2000,phase23_new,22101,session7,0.20643124729394913,0.22987301275134087,0.02344176545739174
123,C2,0.3,32,0,2000,phase23_new,22101,session9,0.26104215532541275,0.3017357885837555,0.04069363325834274
123,C2,0.3,32,0,2000,phase23_new,22102,session0,0.2287539765238762,0.23973121494054794,0.010977238416671753
123,C2,0.3,32,0,2000,phase23_new,22102,session1,0.2638903222978115,0.2840270735323429,0.020136751234531403
123,C2,0.3,32,0,2000,phase23_new,22102,session10,0.21785451099276543,0.23808730393648148,0.02023279294371605
123,C2,0.3,32,0,2000,phase23_new,22102,session11,0.25871578976511955,0.2992742098867893,0.04055842012166977
123,C2,0.3,32,0,2000,phase23_new,22102,session12,0.2353854663670063,0.24314888939261436,0.007763423025608063
123,C2,0.3,32,0,2000,phase23_new,22102,session13,0.22637925669550896,0.22744610905647278,0.0010668523609638214
123,C2,0.3,32,0,2000,phase23_new,22102,session14,0.2582806125283241,0.2728656120598316,0.014584999531507492
123,C2,0.3,32,0,2000,phase23_new,22102,session15,0.2371169999241829,0.23556825891137123,-0.0015487410128116608
123,C2,0.3,32,0,2000,phase23_new,22102,session16,0.2823207713663578,0.30423728749156,0.02191651612520218
123,C2,0.3,32,0,2000,phase23_new,22102,session17,0.2811085432767868,0.30153243988752365,0.020423896610736847
123,C2,0.3,32,0,2000,phase23_new,22102,session18,0.22116279229521751,0.25288940966129303,0.031726617366075516
123,C2,0.3,32,0,2000,phase23_new,22102,session19,0.2675722874701023,0.283900860697031,0.01632857322692871
123,C2,0.3,32,0,2000,phase23_new,22102,session2,0.2745753228664398,0.28392333909869194,0.009348016232252121
123,C2,0.3,32,0,2000,phase23_new,22102,session21,0.24194544553756714,0.25547895208001137,0.013533506542444229
123,C2,0.3,32,0,2000,phase23_new,22102,session3,0.283138707280159,0.3118416517972946,0.02870294451713562
123,C2,0.3,32,0,2000,phase23_new,22102,session4,0.24010645225644112,0.24155346304178238,0.0014470107853412628
123,C2,0.3,32,0,2000,phase23_new,22102,session5,0.21468060463666916,0.21058432012796402,-0.004096284508705139
123,C2,0.3,32,0,2000,phase23_new,22102,session6,0.21960138529539108,0.21482886746525764,-0.004772517830133438
123,C2,0.3,32,0,2000,phase23_new,22102,session7,0.20643124729394913,0.22935177758336067,0.022920530289411545
123,C2,0.3,32,0,2000,phase23_new,22102,session9,0.26104215532541275,0.30280520766973495,0.041763052344322205
123,C2,0.3,32,0,2000,phase23_new,22103,session0,0.2287539765238762,0.24916769564151764,0.02041371911764145
123,C2,0.3,32,0,2000,phase23_new,22103,session1,0.2638903222978115,0.2840270735323429,0.020136751234531403
123,C2,0.3,32,0,2000,phase23_new,22103,session10,0.21785451099276543,0.23808730393648148,0.02023279294371605
123,C2,0.3,32,0,2000,phase23_new,22103,session11,0.25871578976511955,0.32595324516296387,0.06723745539784431
123,C2,0.3,32,0,2000,phase23_new,22103,session12,0.2353854663670063,0.24794524908065796,0.012559782713651657
123,C2,0.3,32,0,2000,phase23_new,22103,session13,0.22637925669550896,0.25036076083779335,0.023981504142284393
123,C2,0.3,32,0,2000,phase23_new,22103,session14,0.2582806125283241,0.26701782271265984,0.008737210184335709
123,C2,0.3,32,0,2000,phase23_new,22103,session15,0.2371169999241829,0.23556825891137123,-0.0015487410128116608
123,C2,0.3,32,0,2000,phase23_new,22103,session16,0.2823207713663578,0.2908193878829479,0.008498616516590118
123,C2,0.3,32,0,2000,phase23_new,22103,session17,0.2811085432767868,0.30153243988752365,0.020423896610736847
123,C2,0.3,32,0,2000,phase23_new,22103,session18,0.22116279229521751,0.256544578820467,0.03538178652524948
123,C2,0.3,32,0,2000,phase23_new,22103,session19,0.2675722874701023,0.29543136805295944,0.027859080582857132
123,C2,0.3,32,0,2000,phase23_new,22103,session2,0.2745753228664398,0.26766208931803703,-0.006913233548402786
123,C2,0.3,32,0,2000,phase23_new,22103,session21,0.24194544553756714,0.24957197159528732,0.007626526057720184
123,C2,0.3,32,0,2000,phase23_new,22103,session3,0.283138707280159,0.30498355254530907,0.02184484526515007
123,C2,0.3,32,0,2000,phase23_new,22103,session4,0.24010645225644112,0.23374440148472786,-0.006362050771713257
123,C2,0.3,32,0,2000,phase23_new,22103,session5,0.21468060463666916,0.22814742475748062,0.013466820120811462
123,C2,0.3,32,0,2000,phase23_new,22103,session6,0.21960138529539108,0.21482886746525764,-0.004772517830133438
123,C2,0.3,32,0,2000,phase23_new,22103,session7,0.20643124729394913,0.2283843420445919,0.021953094750642776
123,C2,0.3,32,0,2000,phase23_new,22103,session9,0.26104215532541275,0.30280520766973495,0.041763052344322205
123,C2,0.3,64,0,2000,phase23_new,22101,session0,0.22823446989059448,0.3134980760514736,0.08526360616087914
123,C2,0.3,64,0,2000,phase23_new,22101,session1,0.2617373615503311,0.2799900844693184,0.018252722918987274
123,C2,0.3,64,0,2000,phase23_new,22101,session10,0.218381617218256,0.24640808254480362,0.028026465326547623
123,C2,0.3,64,0,2000,phase23_new,22101,session11,0.2602630630135536,0.32495754957199097,0.06469448655843735
123,C2,0.3,64,0,2000,phase23_new,22101,session12,0.2364056259393692,0.24931468442082405,0.01290905848145485
123,C2,0.3,64,0,2000,phase23_new,22101,session13,0.22780808806419373,0.2505777180194855,0.022769629955291748
123,C2,0.3,64,0,2000,phase23_new,22101,session14,0.26157475635409355,0.2791001833975315,0.017525427043437958
123,C2,0.3,64,0,2000,phase23_new,22101,session15,0.236734539270401,0.239779781550169,0.00304524227976799
123,C2,0.3,64,0,2000,phase23_new,22101,session16,0.2805657498538494,0.30350087583065033,0.02293512597680092
123,C2,0.3,64,0,2000,phase23_new,22101,session17,0.2795123718678951,0.3365560993552208,0.05704372748732567
123,C2,0.3,64,0,2000,phase23_new,22101,session18,0.22128526866436005,0.2653357982635498,0.04405052959918976
123,C2,0.3,64,0,2000,phase23_new,22101,session19,0.26679324731230736,0.279344379901886,0.012551132589578629
123,C2,0.3,64,0,2000,phase23_new,22101,session2,0.2730501592159271,0.29015177488327026,0.01710161566734314
123,C2,0.3,64,0,2000,phase23_new,22101,session21,0.24295398592948914,0.2718314826488495,0.02887749671936035
123,C2,0.3,64,0,2000,phase23_new,22101,session3,0.282854788005352,0.30467912927269936,0.021824341267347336
123,C2,0.3,64,0,2000,phase23_new,22101,session4,0.24100558832287788,0.2419913411140442,0.0009857527911663055
123,C2,0.3,64,0,2000,phase23_new,22101,session5,0.21588213741779327,0.206428162753582,-0.009453974664211273
123,C2,0.3,64,0,2000,phase23_new,22101,session6,0.21678301319479942,0.22165925800800323,0.004876244813203812
123,C2,0.3,64,0,2000,phase23_new,22101,session7,0.2087094858288765,0.23121224343776703,0.022502757608890533
123,C2,0.3,64,0,2000,phase23_new,22101,session9,0.26165250316262245,0.3020956814289093,0.04044317826628685
123,C2,0.3,64,0,2000,phase23_new,22102,session0,0.22823446989059448,0.2395460642874241,0.011311594396829605
123,C2,0.3,64,0,2000,phase23_new,22102,session1,0.2617373615503311,0.2825033739209175,0.020766012370586395
123,C2,0.3,64,0,2000,phase23_new,22102,session10,0.218381617218256,0.23782072216272354,0.019439104944467545
123,C2,0.3,64,0,2000,phase23_new,22102,session11,0.2602630630135536,0.30001113563776016,0.03974807262420654
123,C2,0.3,64,0,2000,phase23_new,22102,session12,0.2364056259393692,0.24460697174072266,0.008201345801353455
123,C2,0.3,64,0,2000,phase23_new,22102,session13,0.22780808806419373,0.2287103720009327,0.0009022839367389679
123,C2,0.3,64,0,2000,phase23_new,22102,session14,0.26157475635409355,0.27561626955866814,0.014041513204574585
123,C2,0.3,64,0,2000,phase23_new,22102,session15,0.236734539270401,0.23557113483548164,-0.0011634044349193573
123,C2,0.3,64,0,2000,phase23_new,22102,session16,0.2805657498538494,0.3033639118075371,0.022798161953687668
123,C2,0.3,64,0,2000,phase23_new,22102,session17,0.2795123718678951,0.30010129511356354,0.02058892324566841
123,C2,0.3,64,0,2000,phase23_new,22102,session18,0.22128526866436005,0.25376011058688164,0.03247484192252159
123,C2,0.3,64,0,2000,phase23_new,22102,session19,0.26679324731230736,0.28290510922670364,0.016111861914396286
123,C2,0.3,64,0,2000,phase23_new,22102,session2,0.2730501592159271,0.2824398949742317,0.009389735758304596
123,C2,0.3,64,0,2000,phase23_new,22102,session21,0.24295398592948914,0.25665247067809105,0.013698484748601913
123,C2,0.3,64,0,2000,phase23_new,22102,session3,0.282854788005352,0.31164921447634697,0.02879442647099495
123,C2,0.3,64,0,2000,phase23_new,22102,session4,0.24100558832287788,0.2419913411140442,0.0009857527911663055
123,C2,0.3,64,0,2000,phase23_new,22102,session5,0.21588213741779327,0.21238762885332108,-0.0034945085644721985
123,C2,0.3,64,0,2000,phase23_new,22102,session6,0.21678301319479942,0.21243329718708992,-0.004349716007709503
123,C2,0.3,64,0,2000,phase23_new,22102,session7,0.2087094858288765,0.23100995272397995,0.022300466895103455
123,C2,0.3,64,0,2000,phase23_new,22102,session9,0.26165250316262245,0.30367283523082733,0.04202033206820488
123,C2,0.3,64,0,2000,phase23_new,22103,session0,0.22823446989059448,0.24861076101660728,0.020376291126012802
123,C2,0.3,64,0,2000,phase23_new,22103,session1,0.2617373615503311,0.2825033739209175,0.020766012370586395
123,C2,0.3,64,0,2000,phase23_new,22103,session10,0.218381617218256,0.23782072216272354,0.019439104944467545
123,C2,0.3,64,0,2000,phase23_new,22103,session11,0.2602630630135536,0.32593899220228195,0.06567592918872833
123,C2,0.3,64,0,2000,phase23_new,22103,session12,0.2364056259393692,0.24931468442082405,0.01290905848145485
123,C2,0.3,64,0,2000,phase23_new,22103,session13,0.22780808806419373,0.25141047686338425,0.02360238879919052
123,C2,0.3,64,0,2000,phase23_new,22103,session14,0.26157475635409355,0.2698434628546238,0.008268706500530243
123,C2,0.3,64,0,2000,phase23_new,22103,session15,0.236734539270401,0.23557113483548164,-0.0011634044349193573
123,C2,0.3,64,0,2000,phase23_new,22103,session16,0.2805657498538494,0.2893066182732582,0.008740868419408798
123,C2,0.3,64,0,2000,phase23_new,22103,session17,0.2795123718678951,0.30010129511356354,0.02058892324566841
123,C2,0.3,64,0,2000,phase23_new,22103,session18,0.22128526866436005,0.257811963558197,0.036526694893836975
123,C2,0.3,64,0,2000,phase23_new,22103,session19,0.26679324731230736,0.2951994426548481,0.02840619534254074
123,C2,0.3,64,0,2000,phase23_new,22103,session2,0.2730501592159271,0.2658787742257118,-0.0071713849902153015
123,C2,0.3,64,0,2000,phase23_new,22103,session21,0.24295398592948914,0.25070855021476746,0.00775456428527832
123,C2,0.3,64,0,2000,phase23_new,22103,session3,0.282854788005352,0.30467912927269936,0.021824341267347336
123,C2,0.3,64,0,2000,phase23_new,22103,session4,0.24100558832287788,0.23471665009856224,-0.006288938224315643
123,C2,0.3,64,0,2000,phase23_new,22103,session5,0.21588213741779327,0.22960089892148972,0.013718761503696442
123,C2,0.3,64,0,2000,phase23_new,22103,session6,0.21678301319479942,0.21243329718708992,-0.004349716007709503
123,C2,0.3,64,0,2000,phase23_new,22103,session7,0.2087094858288765,0.2296154797077179,0.0209059938788414
123,C2,0.3,64,0,2000,phase23_new,22103,session9,0.26165250316262245,0.30367283523082733,0.04202033206820488
123,C2,0.3,32,1,2000,phase23_new,22101,session0,0.22986380383372307,0.31398725137114525,0.08412344753742218
123,C2,0.3,32,1,2000,phase23_new,22101,session1,0.2652684338390827,0.2832513153553009,0.017982881516218185
123,C2,0.3,32,1,2000,phase23_new,22101,session10,0.21680176258087158,0.24457455053925514,0.02777278795838356
123,C2,0.3,32,1,2000,phase23_new,22101,session11,0.2577182687819004,0.32249849289655685,0.06478022411465645
123,C2,0.3,32,1,2000,phase23_new,22101,session12,0.2344602718949318,0.24710112437605858,0.012640852481126785
123,C2,0.3,32,1,2000,phase23_new,22101,session13,0.22686214745044708,0.24981242045760155,0.022950273007154465
123,C2,0.3,32,1,2000,phase23_new,22101,session14,0.25801993906497955,0.2758631110191345,0.017843171954154968
123,C2,0.3,32,1,2000,phase23_new,22101,session15,0.2370271496474743,0.2402265928685665,0.003199443221092224
123,C2,0.3,32,1,2000,phase23_new,22101,session16,0.28092577680945396,0.30319061130285263,0.022264834493398666
123,C2,0.3,32,1,2000,phase23_new,22101,session17,0.2811168357729912,0.33740127831697464,0.05628444254398346
123,C2,0.3,32,1,2000,phase23_new,22101,session18,0.22127094864845276,0.26454227045178413,0.043271321803331375
123,C2,0.3,32,1,2000,phase23_new,22101,session19,0.26802586391568184,0.28020481020212173,0.012178946286439896
123,C2,0.3,32,1,2000,phase23_new,22101,session2,0.2745424807071686,0.291725292801857,0.017182812094688416
123,C2,0.3,32,1,2000,phase23_new,22101,session21,0.24186301231384277,0.270170658826828,0.02830764651298523
123,C2,0.3,32,1,2000,phase23_new,22101,session3,0.28494269773364067,0.3064512386918068,0.021508540958166122
123,C2,0.3,32,1,2000,phase23_new,22101,session4,0.24065792188048363,0.241743553429842,0.001085631549358368
123,C2,0.3,32,1,2000,phase23_new,22101,session5,0.21507154032588005,0.20543398335576057,-0.009637556970119476
123,C2,0.3,32,1,2000,phase23_new,22101,session6,0.2193933129310608,0.22386202961206436,0.0044687166810035706
123,C2,0.3,32,1,2000,phase23_new,22101,session7,0.20640861988067627,0.22908495366573334,0.022676333785057068
123,C2,0.3,32,1,2000,phase23_new,22101,session9,0.26205751672387123,0.30228861421346664,0.04023109748959541
123,C2,0.3,32,1,2000,phase23_new,22102,session0,0.22986380383372307,0.24068530276417732,0.010821498930454254
123,C2,0.3,32,1,2000,phase23_new,22102,session1,0.2652684338390827,0.2855474501848221,0.020279016345739365
123,C2,0.3,32,1,2000,phase23_new,22102,session10,0.21680176258087158,0.23623735457658768,0.019435591995716095
123,C2,0.3,32,1,2000,phase23_new,22102,session11,0.2577182687819004,0.29728059098124504,0.039562322199344635
123,C2,0.3,32,1,2000,phase23_new,22102,session12,0.2344602718949318,0.2424287535250187,0.007968481630086899
123,C2,0.3,32,1,2000,phase23_new,22102,session13,0.22686214745044708,0.2277674488723278,0.000905301421880722
123,C2,0.3,32,1,2000,phase23_new,22102,session14,0.25801993906497955,0.272442951798439,0.014423012733459473
123,C2,0.3,32,1,2000,phase23_new,22102,session15,0.2370271496474743,0.2356017380952835,-0.0014254115521907806
123,C2,0.3,32,1,2000,phase23_new,22102,session16,0.28092577680945396,0.3034462332725525,0.022520456463098526
123,C2,0.3,32,1,2000,phase23_new,22102,session17,0.2811168357729912,0.3012809604406357,0.0201641246676445
123,C2,0.3,32,1,2000,phase23_new,22102,session18,0.22127094864845276,0.25288165733218193,0.03161070868372917
123,C2,0.3,32,1,2000,phase23_new,22102,session19,0.26802586391568184,0.2837554030120373,0.015729539096355438
123,C2,0.3,32,1,2000,phase23_new,22102,session2,0.2745424807071686,0.28414934128522873,0.00960686057806015
123,C2,0.3,32,1,2000,phase23_new,22102,session21,0.24186301231384277,0.25564539059996605,0.013782378286123276
123,C2,0.3,32,1,2000,phase23_new,22102,session3,0.28494269773364067,0.3130912408232689,0.02814854308962822
123,C2,0.3,32,1,2000,phase23_new,22102,session4,0.24065792188048363,0.241743553429842,0.001085631549358368
123,C2,0.3,32,1,2000,phase23_new,22102,session5,0.21507154032588005,0.21124422550201416,-0.0038273148238658905
123,C2,0.3,32,1,2000,phase23_new,22102,session6,0.2193933129310608,0.21517957746982574,-0.004213735461235046
123,C2,0.3,32,1,2000,phase23_new,22102,session7,0.20640861988067627,0.2290879786014557,0.02267935872077942
123,C2,0.3,32,1,2000,phase23_new,22102,session9,0.26205751672387123,0.30308132618665695,0.04102380946278572
123,C2,0.3,32,1,2000,phase23_new,22103,session0,0.22986380383372307,0.25037283077836037,0.0205090269446373
123,C2,0.3,32,1,2000,phase23_new,22103,session1,0.2652684338390827,0.2855474501848221,0.020279016345739365
123,C2,0.3,32,1,2000,phase23_new,22103,session10,0.21680176258087158,0.23623735457658768,0.019435591995716095
123,C2,0.3,32,1,2000,phase23_new,22103,session11,0.2577182687819004,0.32385484874248505,0.06613657996058464
123,C2,0.3,32,1,2000,phase23_new,22103,session12,0.2344602718949318,0.24710112437605858,0.012640852481126785
123,C2,0.3,32,1,2000,phase23_new,22103,session13,0.22686214745044708,0.25060759857296944,0.023745451122522354
123,C2,0.3,32,1,2000,phase23_new,22103,session14,0.25801993906497955,0.2663024887442589,0.008282549679279327
123,C2,0.3,32,1,2000,phase23_new,22103,session15,0.2370271496474743,0.2356017380952835,-0.0014254115521907806
123,C2,0.3,32,1,2000,phase23_new,22103,session16,0.28092577680945396,0.28958647325634956,0.0086606964468956
123,C2,0.3,32,1,2000,phase23_new,22103,session17,0.2811168357729912,0.3012809604406357,0.0201641246676445
123,C2,0.3,32,1,2000,phase23_new,22103,session18,0.22127094864845276,0.2568048872053623,0.03553393855690956
123,C2,0.3,32,1,2000,phase23_new,22103,session19,0.26802586391568184,0.2957841642200947,0.027758300304412842
123,C2,0.3,32,1,2000,phase23_new,22103,session2,0.2745424807071686,0.26720748096704483,-0.007334999740123749
123,C2,0.3,32,1,2000,phase23_new,22103,session21,0.24186301231384277,0.24947240203619003,0.0076093897223472595
123,C2,0.3,32,1,2000,phase23_new,22103,session3,0.28494269773364067,0.3064512386918068,0.021508540958166122
123,C2,0.3,32,1,2000,phase23_new,22103,session4,0.24065792188048363,0.234476737678051,-0.0061811842024326324
123,C2,0.3,32,1,2000,phase23_new,22103,session5,0.21507154032588005,0.2287978120148182,0.013726271688938141
123,C2,0.3,32,1,2000,phase23_new,22103,session6,0.2193933129310608,0.21517957746982574,-0.004213735461235046
123,C2,0.3,32,1,2000,phase23_new,22103,session7,0.20640861988067627,0.22757456451654434,0.021165944635868073
123,C2,0.3,32,1,2000,phase23_new,22103,session9,0.26205751672387123,0.30308132618665695,0.04102380946278572
123,C2,0.3,64,1,2000,phase23_new,22101,session0,0.22342495247721672,0.3129504583775997,0.089525505900383
123,C2,0.3,64,1,2000,phase23_new,22101,session1,0.2535114176571369,0.2738950699567795,0.020383652299642563
123,C2,0.3,64,1,2000,phase23_new,22101,session10,0.21896027773618698,0.2452554814517498,0.02629520371556282
123,C2,0.3,64,1,2000,phase23_new,22101,session11,0.25898388400673866,0.3225497156381607,0.06356583163142204
123,C2,0.3,64,1,2000,phase23_new,22101,session12,0.23812514171004295,0.2509319707751274,0.012806829065084457
123,C2,0.3,64,1,2000,phase23_new,22101,session13,0.22655462846159935,0.24940814077854156,0.022853512316942215
123,C2,0.3,64,1,2000,phase23_new,22101,session14,0.2634279504418373,0.280526801943779,0.01709885150194168
123,C2,0.3,64,1,2000,phase23_new,22101,session15,0.23402339965105057,0.23654912784695625,0.0025257281959056854
123,C2,0.3,64,1,2000,phase23_new,22101,session16,0.27315807715058327,0.29767295345664024,0.024514876306056976
123,C2,0.3,64,1,2000,phase23_new,22101,session17,0.2723027281463146,0.33277927339076996,0.06047654524445534
123,C2,0.3,64,1,2000,phase23_new,22101,session18,0.219594556838274,0.265873946249485,0.046279389411211014
123,C2,0.3,64,1,2000,phase23_new,22101,session19,0.2618461512029171,0.2755100205540657,0.013663869351148605
123,C2,0.3,64,1,2000,phase23_new,22101,session2,0.2687162309885025,0.28750503063201904,0.01878879964351654
123,C2,0.3,64,1,2000,phase23_new,22101,session21,0.2412053756415844,0.27119750529527664,0.029992129653692245
123,C2,0.3,64,1,2000,phase23_new,22101,session3,0.2776263505220413,0.3013382889330387,0.02371193841099739
123,C2,0.3,64,1,2000,phase23_new,22101,session4,0.23901335150003433,0.23987671732902527,0.0008633658289909363
123,C2,0.3,64,1,2000,phase23_new,22101,session5,0.21567459404468536,0.20707570016384125,-0.008598893880844116
123,C2,0.3,64,1,2000,phase23_new,22101,session6,0.21179187670350075,0.21607911214232445,0.0042872354388237
123,C2,0.3,64,1,2000,phase23_new,22101,session7,0.21070323139429092,0.23106251657009125,0.020359285175800323
123,C2,0.3,64,1,2000,phase23_new,22101,session9,0.2618417255580425,0.30159536749124527,0.039753641933202744
123,C2,0.3,64,1,2000,phase23_new,22102,session0,0.22342495247721672,0.23612380400300026,0.012698851525783539
123,C2,0.3,64,1,2000,phase23_new,22102,session1,0.2535114176571369,0.2755376622080803,0.022026244550943375
123,C2,0.3,64,1,2000,phase23_new,22102,session10,0.21896027773618698,0.2371189445257187,0.018158666789531708
123,C2,0.3,64,1,2000,phase23_new,22102,session11,0.25898388400673866,0.29688186943531036,0.0378979854285717
123,C2,0.3,64,1,2000,phase23_new,22102,session12,0.23812514171004295,0.24618355184793472,0.00805841013789177
123,C2,0.3,64,1,2000,phase23_new,22102,session13,0.22655462846159935,0.22694430872797966,0.00038968026638031006
123,C2,0.3,64,1,2000,phase23_new,22102,session14,0.2634279504418373,0.277269683778286,0.01384173333644867
123,C2,0.3,64,1,2000,phase23_new,22102,session15,0.23402339965105057,0.2325659692287445,-0.0014574304223060608
123,C2,0.3,64,1,2000,phase23_new,22102,session16,0.27315807715058327,0.2975207678973675,0.02436269074678421
123,C2,0.3,64,1,2000,phase23_new,22102,session17,0.2723027281463146,0.2943737618625164,0.022071033716201782
123,C2,0.3,64,1,2000,phase23_new,22102,session18,0.219594556838274,0.2517843656241894,0.032189808785915375
123,C2,0.3,64,1,2000,phase23_new,22102,session19,0.2618461512029171,0.2793549709022045,0.017508819699287415
123,C2,0.3,64,1,2000,phase23_new,22102,session2,0.2687162309885025,0.27928977832198143,0.010573547333478928
123,C2,0.3,64,1,2000,phase23_new,22102,session21,0.2412053756415844,0.25553036108613014,0.014324985444545746
123,C2,0.3,64,1,2000,phase23_new,22102,session3,0.2776263505220413,0.308036744594574,0.030410394072532654
123,C2,0.3,64,1,2000,phase23_new,22102,session4,0.23901335150003433,0.23987671732902527,0.0008633658289909363
123,C2,0.3,64,1,2000,phase23_new,22102,session5,0.21567459404468536,0.21341978386044502,-0.002254810184240341
123,C2,0.3,64,1,2000,phase23_new,22102,session6,0.21179187670350075,0.20805024355649948,-0.0037416331470012665
123,C2,0.3,64,1,2000,phase23_new,22102,session7,0.21070323139429092,0.23153307288885117,0.02082984149456024
123,C2,0.3,64,1,2000,phase23_new,22102,session9,0.2618417255580425,0.30426887422800064,0.042427148669958115
123,C2,0.3,64,1,2000,phase23_new,22103,session0,0.22342495247721672,0.24460573866963387,0.021180786192417145
123,C2,0.3,64,1,2000,phase23_new,22103,session1,0.2535114176571369,0.2755376622080803,0.022026244550943375
123,C2,0.3,64,1,2000,phase23_new,22103,session10,0.21896027773618698,0.2371189445257187,0.018158666789531708
123,C2,0.3,64,1,2000,phase23_new,22103,session11,0.25898388400673866,0.32343531399965286,0.0644514299929142
123,C2,0.3,64,1,2000,phase23_new,22103,session12,0.23812514171004295,0.2509319707751274,0.012806829065084457
123,C2,0.3,64,1,2000,phase23_new,22103,session13,0.22655462846159935,0.25004734098911285,0.023492712527513504
123,C2,0.3,64,1,2000,phase23_new,22103,session14,0.2634279504418373,0.2714349925518036,0.008007042109966278
123,C2,0.3,64,1,2000,phase23_new,22103,session15,0.23402339965105057,0.2325659692287445,-0.0014574304223060608
123,C2,0.3,64,1,2000,phase23_new,22103,session16,0.27315807715058327,0.2827833704650402,0.00962529331445694
123,C2,0.3,64,1,2000,phase23_new,22103,session17,0.2723027281463146,0.2943737618625164,0.022071033716201782
123,C2,0.3,64,1,2000,phase23_new,22103,session18,0.219594556838274,0.25646596774458885,0.03687141090631485
123,C2,0.3,64,1,2000,phase23_new,22103,session19,0.2618461512029171,0.29224207252264023,0.03039592131972313
123,C2,0.3,64,1,2000,phase23_new,22103,session2,0.2687162309885025,0.2612486593425274,-0.007467571645975113
123,C2,0.3,64,1,2000,phase23_new,22103,session21,0.2412053756415844,0.2490415945649147,0.007836218923330307
123,C2,0.3,64,1,2000,phase23_new,22103,session3,0.2776263505220413,0.3013382889330387,0.02371193841099739
123,C2,0.3,64,1,2000,phase23_new,22103,session4,0.23901335150003433,0.2330007217824459,-0.006012629717588425
123,C2,0.3,64,1,2000,phase23_new,22103,session5,0.21567459404468536,0.2304556891322136,0.014781095087528229
123,C2,0.3,64,1,2000,phase23_new,22103,session6,0.21179187670350075,0.20805024355649948,-0.0037416331470012665
123,C2,0.3,64,1,2000,phase23_new,22103,session7,0.21070323139429092,0.2294572964310646,0.01875406503677368
123,C2,0.3,64,1,2000,phase23_new,22103,session9,0.2618417255580425,0.30426887422800064,0.042427148669958115
42,C0,0,32,0,2000,phase22_reused,22101,session0,0.2243955098092556,0.2945417948067188,0.07014628499746323
42,C0,0,32,0,2000,phase22_reused,22101,session1,0.23027533292770386,0.26323290169239044,0.032957568764686584
42,C0,0,32,0,2000,phase22_reused,22101,session10,0.21619632840156555,0.23603221774101257,0.01983588933944702
42,C0,0,32,0,2000,phase22_reused,22101,session11,0.25967400148510933,0.3159845620393753,0.056310560554265976
42,C0,0,32,0,2000,phase22_reused,22101,session12,0.23676306009292603,0.2479688785970211,0.011205818504095078
42,C0,0,32,0,2000,phase22_reused,22101,session13,0.2363830767571926,0.2547864653170109,0.018403388559818268
42,C0,0,32,0,2000,phase22_reused,22101,session14,0.27783942967653275,0.2872690036892891,0.009429574012756348
42,C0,0,32,0,2000,phase22_reused,22101,session15,0.23620883747935295,0.23713328316807747,0.0009244456887245178
42,C0,0,32,0,2000,phase22_reused,22101,session16,0.2652802914381027,0.27918314561247826,0.013902854174375534
42,C0,0,32,0,2000,phase22_reused,22101,session17,0.2626807726919651,0.2969021908938885,0.03422141820192337
42,C0,0,32,0,2000,phase22_reused,22101,session18,0.22341854125261307,0.26828508451581,0.044866543263196945
42,C0,0,32,0,2000,phase22_reused,22101,session19,0.2515959292650223,0.26088234037160873,0.009286411106586456
42,C0,0,32,0,2000,phase22_reused,22101,session2,0.24428368732333183,0.27968234196305275,0.03539865463972092
42,C0,0,32,0,2000,phase22_reused,22101,session21,0.24779167026281357,0.2655894309282303,0.017797760665416718
42,C0,0,32,0,2000,phase22_reused,22101,session3,0.27349066734313965,0.28079136461019516,0.0073006972670555115
42,C0,0,32,0,2000,phase22_reused,22101,session4,0.2596447356045246,0.2656853161752224,0.006040580570697784
42,C0,0,32,0,2000,phase22_reused,22101,session5,0.21183405816555023,0.2134855017066002,0.0016514435410499573
42,C0,0,32,0,2000,phase22_reused,22101,session6,0.2145715020596981,0.22531887888908386,0.010747376829385757
42,C0,0,32,0,2000,phase22_reused,22101,session7,0.20693863928318024,0.22505107522010803,0.018112435936927795
42,C0,0,32,0,2000,phase22_reused,22101,session9,0.2628411315381527,0.2778296209871769,0.0149884894490242
42,C0,0,32,0,2000,phase22_reused,22102,session0,0.2243955098092556,0.23843499645590782,0.014039486646652222
42,C0,0,32,0,2000,phase22_reused,22102,session1,0.23027533292770386,0.2599933296442032,0.02971799671649933
42,C0,0,32,0,2000,phase22_reused,22102,session10,0.21619632840156555,0.2278207540512085,0.011624425649642944
42,C0,0,32,0,2000,phase22_reused,22102,session11,0.25967400148510933,0.2940642088651657,0.03439020738005638
42,C0,0,32,0,2000,phase22_reused,22102,session12,0.23676306009292603,0.23960141092538834,0.002838350832462311
42,C0,0,32,0,2000,phase22_reused,22102,session13,0.2363830767571926,0.24236853420734406,0.0059854574501514435
42,C0,0,32,0,2000,phase22_reused,22102,session14,0.27783942967653275,0.2918814495205879,0.014042019844055176
42,C0,0,32,0,2000,phase22_reused,22102,session15,0.23620883747935295,0.2386225461959839,0.0024137087166309357
42,C0,0,32,0,2000,phase22_reused,22102,session16,0.2652802914381027,0.2918780483305454,0.026597756892442703
42,C0,0,32,0,2000,phase22_reused,22102,session17,0.2626807726919651,0.2718619331717491,0.009181160479784012
42,C0,0,32,0,2000,phase22_reused,22102,session18,0.22341854125261307,0.2512008659541607,0.027782324701547623
42,C0,0,32,0,2000,phase22_reused,22102,session19,0.2515959292650223,0.25242820754647255,0.0008322782814502716
42,C0,0,32,0,2000,phase22_reused,22102,session2,0.24428368732333183,0.27657216042280197,0.03228847309947014
42,C0,0,32,0,2000,phase22_reused,22102,session21,0.24779167026281357,0.26080818474292755,0.013016514480113983
42,C0,0,32,0,2000,phase22_reused,22102,session3,0.27349066734313965,0.2843054123222828,0.010814744979143143
42,C0,0,32,0,2000,phase22_reused,22102,session4,0.2596447356045246,0.2656853161752224,0.006040580570697784
42,C0,0,32,0,2000,phase22_reused,22102,session5,0.21183405816555023,0.21900933608412743,0.007175277918577194
42,C0,0,32,0,2000,phase22_reused,22102,session6,0.2145715020596981,0.20883901789784431,-0.00573248416185379
42,C0,0,32,0,2000,phase22_reused,22102,session7,0.20693863928318024,0.2234547920525074,0.016516152769327164
42,C0,0,32,0,2000,phase22_reused,22102,session9,0.2628411315381527,0.2890638895332813,0.02622275799512863
42,C0,0,32,0,2000,phase22_reused,22103,session0,0.2243955098092556,0.2441539503633976,0.019758440554142
42,C0,0,32,0,2000,phase22_reused,22103,session1,0.23027533292770386,0.2599933296442032,0.02971799671649933
42,C0,0,32,0,2000,phase22_reused,22103,session10,0.21619632840156555,0.2278207540512085,0.011624425649642944
42,C0,0,32,0,2000,phase22_reused,22103,session11,0.25967400148510933,0.31608735024929047,0.05641334876418114
42,C0,0,32,0,2000,phase22_reused,22103,session12,0.23676306009292603,0.2479688785970211,0.011205818504095078
42,C0,0,32,0,2000,phase22_reused,22103,session13,0.2363830767571926,0.2541712783277035,0.017788201570510864
42,C0,0,32,0,2000,phase22_reused,22103,session14,0.27783942967653275,0.2797835245728493,0.0019440948963165283
42,C0,0,32,0,2000,phase22_reused,22103,session15,0.23620883747935295,0.2386225461959839,0.0024137087166309357
42,C0,0,32,0,2000,phase22_reused,22103,session16,0.2652802914381027,0.2584444582462311,-0.006835833191871643
42,C0,0,32,0,2000,phase22_reused,22103,session17,0.2626807726919651,0.2718619331717491,0.009181160479784012
42,C0,0,32,0,2000,phase22_reused,22103,session18,0.22341854125261307,0.26397332176566124,0.04055478051304817
42,C0,0,32,0,2000,phase22_reused,22103,session19,0.2515959292650223,0.28481071814894676,0.033214788883924484
42,C0,0,32,0,2000,phase22_reused,22103,session2,0.24428368732333183,0.24922000244259834,0.00493631511926651
42,C0,0,32,0,2000,phase22_reused,22103,session21,0.24779167026281357,0.25158582627773285,0.003794156014919281
42,C0,0,32,0,2000,phase22_reused,22103,session3,0.27349066734313965,0.28079136461019516,0.0073006972670555115
42,C0,0,32,0,2000,phase22_reused,22103,session4,0.2596447356045246,0.26242557540535927,0.0027808398008346558
42,C0,0,32,0,2000,phase22_reused,22103,session5,0.21183405816555023,0.2252611480653286,0.013427089899778366
42,C0,0,32,0,2000,phase22_reused,22103,session6,0.2145715020596981,0.20883901789784431,-0.00573248416185379
42,C0,0,32,0,2000,phase22_reused,22103,session7,0.20693863928318024,0.2198147401213646,0.012876100838184357
42,C0,0,32,0,2000,phase22_reused,22103,session9,0.2628411315381527,0.2890638895332813,0.02622275799512863
42,C0,0,64,0,2000,phase22_reused,22101,session0,0.22704970464110374,0.29628435149788857,0.06923464685678482
42,C0,0,64,0,2000,phase22_reused,22101,session1,0.2309701144695282,0.26445459201931953,0.033484477549791336
42,C0,0,64,0,2000,phase22_reused,22101,session10,0.22085082158446312,0.24014851450920105,0.01929769292473793
42,C0,0,64,0,2000,phase22_reused,22101,session11,0.26385562121868134,0.31995172053575516,0.05609609931707382
42,C0,0,64,0,2000,phase22_reused,22101,session12,0.24006589502096176,0.25103309005498886,0.0109671950340271
42,C0,0,64,0,2000,phase22_reused,22101,session13,0.24205198884010315,0.2592673674225807,0.01721537858247757
42,C0,0,64,0,2000,phase22_reused,22101,session14,0.2821219712495804,0.29113803803920746,0.009016066789627075
42,C0,0,64,0,2000,phase22_reused,22101,session15,0.23998335376381874,0.24033399671316147,0.00035064294934272766
42,C0,0,64,0,2000,phase22_reused,22101,session16,0.2676750384271145,0.28131600841879845,0.01364096999168396
42,C0,0,64,0,2000,phase22_reused,22101,session17,0.26417553052306175,0.29839925467967987,0.03422372415661812
42,C0,0,64,0,2000,phase22_reused,22101,session18,0.22670386359095573,0.2722979858517647,0.045594122260808945
42,C0,0,64,0,2000,phase22_reused,22101,session19,0.2540506236255169,0.26354702934622765,0.009496405720710754
42,C0,0,64,0,2000,phase22_reused,22101,session2,0.2461039163172245,0.2825273461639881,0.03642342984676361
42,C0,0,64,0,2000,phase22_reused,22101,session21,0.25080160424113274,0.26884734630584717,0.018045742064714432
42,C0,0,64,0,2000,phase22_reused,22101,session3,0.2738085761666298,0.2812993973493576,0.007490821182727814
42,C0,0,64,0,2000,phase22_reused,22101,session4,0.264594491571188,0.2715168632566929,0.006922371685504913
42,C0,0,64,0,2000,phase22_reused,22101,session5,0.21733900532126427,0.21846229955554008,0.0011232942342758179
42,C0,0,64,0,2000,phase22_reused,22101,session6,0.2162051647901535,0.22782526165246964,0.011620096862316132
42,C0,0,64,0,2000,phase22_reused,22101,session7,0.21137972548604012,0.22937968373298645,0.017999958246946335
42,C0,0,64,0,2000,phase22_reused,22101,session9,0.26565536856651306,0.28146544471383095,0.015810076147317886
42,C0,0,64,0,2000,phase22_reused,22102,session0,0.22704970464110374,0.24072036892175674,0.013670664280653
42,C0,0,64,0,2000,phase22_reused,22102,session1,0.2309701144695282,0.26019008085131645,0.029219966381788254
42,C0,0,64,0,2000,phase22_reused,22102,session10,0.22085082158446312,0.23196933791041374,0.011118516325950623
42,C0,0,64,0,2000,phase22_reused,22102,session11,0.26385562121868134,0.2977169379591942,0.03386131674051285
42,C0,0,64,0,2000,phase22_reused,22102,session12,0.24006589502096176,0.24233031272888184,0.0022644177079200745
42,C0,0,64,0,2000,phase22_reused,22102,session13,0.24205198884010315,0.24774206057190895,0.005690071731805801
42,C0,0,64,0,2000,phase22_reused,22102,session14,0.2821219712495804,0.29579709470272064,0.013675123453140259
42,C0,0,64,0,2000,phase22_reused,22102,session15,0.23998335376381874,0.2423800267279148,0.0023966729640960693
42,C0,0,64,0,2000,phase22_reused,22102,session16,0.2676750384271145,0.2944575697183609,0.026782531291246414
42,C0,0,64,0,2000,phase22_reused,22102,session17,0.26417553052306175,0.27341416850686073,0.00923863798379898
42,C0,0,64,0,2000,phase22_reused,22102,session18,0.22670386359095573,0.2540363483130932,0.02733248472213745
42,C0,0,64,0,2000,phase22_reused,22102,session19,0.2540506236255169,0.2553432248532772,0.001292601227760315
42,C0,0,64,0,2000,phase22_reused,22102,session2,0.2461039163172245,0.2794119641184807,0.03330804780125618
42,C0,0,64,0,2000,phase22_reused,22102,session21,0.25080160424113274,0.2638331241905689,0.013031519949436188
42,C0,0,64,0,2000,phase22_reused,22102,session3,0.2738085761666298,0.28440631926059723,0.010597743093967438
42,C0,0,64,0,2000,phase22_reused,22102,session4,0.264594491571188,0.2715168632566929,0.006922371685504913
42,C0,0,64,0,2000,phase22_reused,22102,session5,0.21733900532126427,0.22494766116142273,0.0076086558401584625
42,C0,0,64,0,2000,phase22_reused,22102,session6,0.2162051647901535,0.2118450328707695,-0.004360131919384003
42,C0,0,64,0,2000,phase22_reused,22102,session7,0.21137972548604012,0.22709068283438683,0.01571095734834671
42,C0,0,64,0,2000,phase22_reused,22102,session9,0.26565536856651306,0.29284365847706795,0.027188289910554886
42,C0,0,64,0,2000,phase22_reused,22103,session0,0.22704970464110374,0.24564170837402344,0.018592003732919693
42,C0,0,64,0,2000,phase22_reused,22103,session1,0.2309701144695282,0.26019008085131645,0.029219966381788254
42,C0,0,64,0,2000,phase22_reused,22103,session10,0.22085082158446312,0.23196933791041374,0.011118516325950623
42,C0,0,64,0,2000,phase22_reused,22103,session11,0.26385562121868134,0.3199077174067497,0.05605209618806839
42,C0,0,64,0,2000,phase22_reused,22103,session12,0.24006589502096176,0.25103309005498886,0.0109671950340271
42,C0,0,64,0,2000,phase22_reused,22103,session13,0.24205198884010315,0.2595590390264988,0.017507050186395645
42,C0,0,64,0,2000,phase22_reused,22103,session14,0.2821219712495804,0.28408852964639664,0.0019665583968162537
42,C0,0,64,0,2000,phase22_reused,22103,session15,0.23998335376381874,0.2423800267279148,0.0023966729640960693
42,C0,0,64,0,2000,phase22_reused,22103,session16,0.2676750384271145,0.26082412153482437,-0.006850916892290115
42,C0,0,64,0,2000,phase22_reused,22103,session17,0.26417553052306175,0.27341416850686073,0.00923863798379898
42,C0,0,64,0,2000,phase22_reused,22103,session18,0.22670386359095573,0.2670341990888119,0.04033033549785614
42,C0,0,64,0,2000,phase22_reused,22103,session19,0.2540506236255169,0.28802476078271866,0.03397413715720177
42,C0,0,64,0,2000,phase22_reused,22103,session2,0.2461039163172245,0.251559991389513,0.005456075072288513
42,C0,0,64,0,2000,phase22_reused,22103,session21,0.25080160424113274,0.2542809098958969,0.0034793056547641754
42,C0,0,64,0,2000,phase22_reused,22103,session3,0.2738085761666298,0.2812993973493576,0.007490821182727814
42,C0,0,64,0,2000,phase22_reused,22103,session4,0.264594491571188,0.26783886924386024,0.0032443776726722717
42,C0,0,64,0,2000,phase22_reused,22103,session5,0.21733900532126427,0.23027508705854416,0.012936081737279892
42,C0,0,64,0,2000,phase22_reused,22103,session6,0.2162051647901535,0.2118450328707695,-0.004360131919384003
42,C0,0,64,0,2000,phase22_reused,22103,session7,0.21137972548604012,0.22354097664356232,0.012161251157522202
42,C0,0,64,0,2000,phase22_reused,22103,session9,0.26565536856651306,0.29284365847706795,0.027188289910554886
42,C0,0,32,1,2000,phase22_reused,22101,session0,0.22767307981848717,0.30115289986133575,0.07347982004284859
42,C0,0,32,1,2000,phase22_reused,22101,session1,0.22907238453626633,0.26629892364144325,0.037226539105176926
42,C0,0,32,1,2000,phase22_reused,22101,session10,0.2274884097278118,0.24712206795811653,0.019633658230304718
42,C0,0,32,1,2000,phase22_reused,22101,session11,0.27068478241562843,0.32650845497846603,0.0558236725628376
42,C0,0,32,1,2000,phase22_reused,22101,session12,0.24482064694166183,0.25543707236647606,0.010616425424814224
42,C0,0,32,1,2000,phase22_reused,22101,session13,0.2512434646487236,0.266936756670475,0.015693292021751404
42,C0,0,32,1,2000,phase22_reused,22101,session14,0.28855159506201744,0.297279492020607,0.008727896958589554
42,C0,0,32,1,2000,phase22_reused,22101,session15,0.2458433285355568,0.24587846547365189,3.5136938095092773e-05
42,C0,0,32,1,2000,phase22_reused,22101,session16,0.2698604017496109,0.2852247320115566,0.015364330261945724
42,C0,0,32,1,2000,phase22_reused,22101,session17,0.26154807209968567,0.29800597205758095,0.03645789995789528
42,C0,0,32,1,2000,phase22_reused,22101,session18,0.23092056065797806,0.27856094390153885,0.04764038324356079
42,C0,0,32,1,2000,phase22_reused,22101,session19,0.2588965818285942,0.2681966796517372,0.009300097823143005
42,C0,0,32,1,2000,phase22_reused,22101,session2,0.24612564221024513,0.2865568473935127,0.04043120518326759
42,C0,0,32,1,2000,phase22_reused,22101,session21,0.2546256259083748,0.27325230464339256,0.018626678735017776
42,C0,0,32,1,2000,phase22_reused,22101,session3,0.2714707888662815,0.27972545474767685,0.00825466588139534
42,C0,0,32,1,2000,phase22_reused,22101,session4,0.27224132791161537,0.28028641641139984,0.00804508849978447
42,C0,0,32,1,2000,phase22_reused,22101,session5,0.22653387859463692,0.22684239596128464,0.00030851736664772034
42,C0,0,32,1,2000,phase22_reused,22101,session6,0.21850001066923141,0.2314109392464161,0.012910928577184677
42,C0,0,32,1,2000,phase22_reused,22101,session7,0.21897436305880547,0.23678543791174889,0.01781107485294342
42,C0,0,32,1,2000,phase22_reused,22101,session9,0.27027884870767593,0.2881153076887131,0.01783645898103714
42,C0,0,32,1,2000,phase22_reused,22102,session0,0.22767307981848717,0.2419438436627388,0.014270763844251633
42,C0,0,32,1,2000,phase22_reused,22102,session1,0.22907238453626633,0.25914787873625755,0.030075494199991226
42,C0,0,32,1,2000,phase22_reused,22102,session10,0.2274884097278118,0.23835665732622147,0.010868247598409653
42,C0,0,32,1,2000,phase22_reused,22102,session11,0.27068478241562843,0.3040507286787033,0.033365946263074875
42,C0,0,32,1,2000,phase22_reused,22102,session12,0.24482064694166183,0.24637702107429504,0.0015563741326332092
42,C0,0,32,1,2000,phase22_reused,22102,session13,0.2512434646487236,0.25675372779369354,0.00551026314496994
42,C0,0,32,1,2000,phase22_reused,22102,session14,0.28855159506201744,0.3019433841109276,0.013391789048910141
42,C0,0,32,1,2000,phase22_reused,22102,session15,0.2458433285355568,0.24848713353276253,0.0026438049972057343
42,C0,0,32,1,2000,phase22_reused,22102,session16,0.2698604017496109,0.2977180443704128,0.027857642620801926
42,C0,0,32,1,2000,phase22_reused,22102,session17,0.26154807209968567,0.27175283804535866,0.010204765945672989
42,C0,0,32,1,2000,phase22_reused,22102,session18,0.23092056065797806,0.25819823890924454,0.02727767825126648
42,C0,0,32,1,2000,phase22_reused,22102,session19,0.2588965818285942,0.26037153974175453,0.001474957913160324
42,C0,0,32,1,2000,phase22_reused,22102,session2,0.24612564221024513,0.2830446809530258,0.036919038742780685
42,C0,0,32,1,2000,phase22_reused,22102,session21,0.2546256259083748,0.26685622707009315,0.012230601161718369
42,C0,0,32,1,2000,phase22_reused,22102,session3,0.2714707888662815,0.28174374252557755,0.010272953659296036
42,C0,0,32,1,2000,phase22_reused,22102,session4,0.27224132791161537,0.28028641641139984,0.00804508849978447
42,C0,0,32,1,2000,phase22_reused,22102,session5,0.22653387859463692,0.2351819910109043,0.008648112416267395
42,C0,0,32,1,2000,phase22_reused,22102,session6,0.21850001066923141,0.21670233458280563,-0.0017976760864257812
42,C0,0,32,1,2000,phase22_reused,22102,session7,0.21897436305880547,0.23320862650871277,0.014234263449907303
42,C0,0,32,1,2000,phase22_reused,22102,session9,0.27027884870767593,0.30009154602885246,0.02981269732117653
42,C0,0,32,1,2000,phase22_reused,22103,session0,0.22767307981848717,0.24693885445594788,0.01926577463746071
42,C0,0,32,1,2000,phase22_reused,22103,session1,0.22907238453626633,0.25914787873625755,0.030075494199991226
42,C0,0,32,1,2000,phase22_reused,22103,session10,0.2274884097278118,0.23835665732622147,0.010868247598409653
42,C0,0,32,1,2000,phase22_reused,22103,session11,0.27068478241562843,0.3260880932211876,0.05540331080555916
42,C0,0,32,1,2000,phase22_reused,22103,session12,0.24482064694166183,0.25543707236647606,0.010616425424814224
42,C0,0,32,1,2000,phase22_reused,22103,session13,0.2512434646487236,0.26809339225292206,0.016849927604198456
42,C0,0,32,1,2000,phase22_reused,22103,session14,0.28855159506201744,0.29040101170539856,0.0018494166433811188
42,C0,0,32,1,2000,phase22_reused,22103,session15,0.2458433285355568,0.24848713353276253,0.0026438049972057343
42,C0,0,32,1,2000,phase22_reused,22103,session16,0.2698604017496109,0.26281578093767166,-0.0070446208119392395
42,C0,0,32,1,2000,phase22_reused,22103,session17,0.26154807209968567,0.27175283804535866,0.010204765945672989
42,C0,0,32,1,2000,phase22_reused,22103,session18,0.23092056065797806,0.2724083438515663,0.04148778319358826
42,C0,0,32,1,2000,phase22_reused,22103,session19,0.2588965818285942,0.2950846590101719,0.03618807718157768
42,C0,0,32,1,2000,phase22_reused,22103,session2,0.24612564221024513,0.25204431265592575,0.005918670445680618
42,C0,0,32,1,2000,phase22_reused,22103,session21,0.2546256259083748,0.25820376351475716,0.00357813760638237
42,C0,0,32,1,2000,phase22_reused,22103,session3,0.2714707888662815,0.27972545474767685,0.00825466588139534
42,C0,0,32,1,2000,phase22_reused,22103,session4,0.27224132791161537,0.27620117738842964,0.00395984947681427
42,C0,0,32,1,2000,phase22_reused,22103,session5,0.22653387859463692,0.23841961845755577,0.011885739862918854
42,C0,0,32,1,2000,phase22_reused,22103,session6,0.21850001066923141,0.21670233458280563,-0.0017976760864257812
42,C0,0,32,1,2000,phase22_reused,22103,session7,0.21897436305880547,0.22990141436457634,0.010927051305770874
42,C0,0,32,1,2000,phase22_reused,22103,session9,0.27027884870767593,0.30009154602885246,0.02981269732117653
42,C0,0,64,1,2000,phase22_reused,22101,session0,0.22594697400927544,0.2978826053440571,0.07193563133478165
42,C0,0,64,1,2000,phase22_reused,22101,session1,0.23215826228260994,0.26668693497776985,0.03452867269515991
42,C0,0,64,1,2000,phase22_reused,22101,session10,0.2174009531736374,0.23787817358970642,0.02047722041606903
42,C0,0,64,1,2000,phase22_reused,22101,session11,0.2619834244251251,0.3183967247605324,0.05641330033540726
42,C0,0,64,1,2000,phase22_reused,22101,session12,0.2378981150686741,0.2490571178495884,0.011159002780914307
42,C0,0,64,1,2000,phase22_reused,22101,session13,0.23869507759809494,0.2563106045126915,0.017615526914596558
42,C0,0,64,1,2000,phase22_reused,22101,session14,0.28161586076021194,0.29090578109025955,0.009289920330047607
42,C0,0,64,1,2000,phase22_reused,22101,session15,0.2364908754825592,0.23764744400978088,0.0011565685272216797
42,C0,0,64,1,2000,phase22_reused,22101,session16,0.2677634730935097,0.2821219339966774,0.014358460903167725
42,C0,0,64,1,2000,phase22_reused,22101,session17,0.26424746587872505,0.30017194524407387,0.035924479365348816
42,C0,0,64,1,2000,phase22_reused,22101,session18,0.22421441972255707,0.27000976726412773,0.04579534754157066
42,C0,0,64,1,2000,phase22_reused,22101,session19,0.25209593772888184,0.261520404368639,0.009424466639757156
42,C0,0,64,1,2000,phase22_reused,22101,session2,0.2447459176182747,0.28246746584773064,0.03772154822945595
42,C0,0,64,1,2000,phase22_reused,22101,session21,0.25024404004216194,0.2689615562558174,0.018717516213655472
42,C0,0,64,1,2000,phase22_reused,22101,session3,0.2750667817890644,0.2829780839383602,0.007911302149295807
42,C0,0,64,1,2000,phase22_reused,22101,session4,0.2606920897960663,0.26721301674842834,0.0065209269523620605
42,C0,0,64,1,2000,phase22_reused,22101,session5,0.2136322371661663,0.21526308730244637,0.0016308501362800598
42,C0,0,64,1,2000,phase22_reused,22101,session6,0.212444968521595,0.22422480583190918,0.011779837310314178
42,C0,0,64,1,2000,phase22_reused,22101,session7,0.20993363484740257,0.22815975174307823,0.01822611689567566
42,C0,0,64,1,2000,phase22_reused,22101,session9,0.2641230709850788,0.2809860110282898,0.016862940043210983
42,C0,0,64,1,2000,phase22_reused,22102,session0,0.22594697400927544,0.24022872373461723,0.014281749725341797
42,C0,0,64,1,2000,phase22_reused,22102,session1,0.23215826228260994,0.262688834220171,0.030530571937561035
42,C0,0,64,1,2000,phase22_reused,22102,session10,0.2174009531736374,0.22953903675079346,0.012138083577156067
42,C0,0,64,1,2000,phase22_reused,22102,session11,0.2619834244251251,0.296094574034214,0.0341111496090889
42,C0,0,64,1,2000,phase22_reused,22102,session12,0.2378981150686741,0.24033957719802856,0.002441462129354477
42,C0,0,64,1,2000,phase22_reused,22102,session13,0.23869507759809494,0.24477064982056618,0.006075572222471237
42,C0,0,64,1,2000,phase22_reused,22102,session14,0.28161586076021194,0.29531849920749664,0.013702638447284698
42,C0,0,64,1,2000,phase22_reused,22102,session15,0.2364908754825592,0.23878902196884155,0.0022981464862823486
42,C0,0,64,1,2000,phase22_reused,22102,session16,0.2677634730935097,0.29460791125893593,0.026844438165426254
42,C0,0,64,1,2000,phase22_reused,22102,session17,0.26424746587872505,0.27403149008750916,0.009784024208784103
42,C0,0,64,1,2000,phase22_reused,22102,session18,0.22421441972255707,0.25200802832841873,0.027793608605861664
42,C0,0,64,1,2000,phase22_reused,22102,session19,0.25209593772888184,0.25349659845232964,0.0014006607234477997
42,C0,0,64,1,2000,phase22_reused,22102,session2,0.2447459176182747,0.2791741341352463,0.03442821651697159
42,C0,0,64,1,2000,phase22_reused,22102,session21,0.25024404004216194,0.26277875155210495,0.012534711509943008
42,C0,0,64,1,2000,phase22_reused,22102,session3,0.2750667817890644,0.28581295907497406,0.010746177285909653
42,C0,0,64,1,2000,phase22_reused,22102,session4,0.2606920897960663,0.26721301674842834,0.0065209269523620605
42,C0,0,64,1,2000,phase22_reused,22102,session5,0.2136322371661663,0.22186730429530144,0.008235067129135132
42,C0,0,64,1,2000,phase22_reused,22102,session6,0.212444968521595,0.20693349465727806,-0.00551147386431694
42,C0,0,64,1,2000,phase22_reused,22102,session7,0.20993363484740257,0.2262687347829342,0.016335099935531616
42,C0,0,64,1,2000,phase22_reused,22102,session9,0.2641230709850788,0.29218192398548126,0.02805885300040245
42,C0,0,64,1,2000,phase22_reused,22103,session0,0.22594697400927544,0.2454659827053547,0.019519008696079254
42,C0,0,64,1,2000,phase22_reused,22103,session1,0.23215826228260994,0.262688834220171,0.030530571937561035
42,C0,0,64,1,2000,phase22_reused,22103,session10,0.2174009531736374,0.22953903675079346,0.012138083577156067
42,C0,0,64,1,2000,phase22_reused,22103,session11,0.2619834244251251,0.3181884214282036,0.05620499700307846
42,C0,0,64,1,2000,phase22_reused,22103,session12,0.2378981150686741,0.2490571178495884,0.011159002780914307
42,C0,0,64,1,2000,phase22_reused,22103,session13,0.23869507759809494,0.25662824511528015,0.01793316751718521
42,C0,0,64,1,2000,phase22_reused,22103,session14,0.28161586076021194,0.28366541862487793,0.002049557864665985
42,C0,0,64,1,2000,phase22_reused,22103,session15,0.2364908754825592,0.23878902196884155,0.0022981464862823486
42,C0,0,64,1,2000,phase22_reused,22103,session16,0.2677634730935097,0.26075199246406555,-0.007011480629444122
42,C0,0,64,1,2000,phase22_reused,22103,session17,0.26424746587872505,0.27403149008750916,0.009784024208784103
42,C0,0,64,1,2000,phase22_reused,22103,session18,0.22421441972255707,0.26510797068476677,0.0408935509622097
42,C0,0,64,1,2000,phase22_reused,22103,session19,0.25209593772888184,0.2865956909954548,0.03449975326657295
42,C0,0,64,1,2000,phase22_reused,22103,session2,0.2447459176182747,0.2502545937895775,0.005508676171302795
42,C0,0,64,1,2000,phase22_reused,22103,session21,0.25024404004216194,0.25427838042378426,0.0040343403816223145
42,C0,0,64,1,2000,phase22_reused,22103,session3,0.2750667817890644,0.2829780839383602,0.007911302149295807
42,C0,0,64,1,2000,phase22_reused,22103,session4,0.2606920897960663,0.26354820281267166,0.002856113016605377
42,C0,0,64,1,2000,phase22_reused,22103,session5,0.2136322371661663,0.2272288091480732,0.013596571981906891
42,C0,0,64,1,2000,phase22_reused,22103,session6,0.212444968521595,0.20693349465727806,-0.00551147386431694
42,C0,0,64,1,2000,phase22_reused,22103,session7,0.20993363484740257,0.22264648601412773,0.012712851166725159
42,C0,0,64,1,2000,phase22_reused,22103,session9,0.2641230709850788,0.29218192398548126,0.02805885300040245
42,C1,0.03,32,0,2000,phase23_new,22101,session0,0.2451801709830761,0.3143237866461277,0.0691436156630516
42,C1,0.03,32,0,2000,phase23_new,22101,session1,0.24423126131296158,0.27431392669677734,0.030082665383815765
42,C1,0.03,32,0,2000,phase23_new,22101,session10,0.2389773242175579,0.26114679500460625,0.02216947078704834
42,C1,0.03,32,0,2000,phase23_new,22101,session11,0.2803080976009369,0.3318120017647743,0.05150390416383743
42,C1,0.03,32,0,2000,phase23_new,22101,session12,0.2461852990090847,0.25909125059843063,0.012905951589345932
42,C1,0.03,32,0,2000,phase23_new,22101,session13,0.2538977488875389,0.27014748752117157,0.01624973863363266
42,C1,0.03,32,0,2000,phase23_new,22101,session14,0.3069677948951721,0.3156992867588997,0.00873149186372757
42,C1,0.03,32,0,2000,phase23_new,22101,session15,0.2515164874494076,0.2516046240925789,8.813664317131042e-05
42,C1,0.03,32,0,2000,phase23_new,22101,session16,0.27513885870575905,0.29065218940377235,0.015513330698013306
42,C1,0.03,32,0,2000,phase23_new,22101,session17,0.27289412170648575,0.3061876557767391,0.03329353407025337
42,C1,0.03,32,0,2000,phase23_new,22101,session18,0.23023905977606773,0.2883465811610222,0.05810752138495445
42,C1,0.03,32,0,2000,phase23_new,22101,session19,0.258877407759428,0.26875804364681244,0.009880635887384415
42,C1,0.03,32,0,2000,phase23_new,22101,session2,0.2538963668048382,0.28798751905560493,0.034091152250766754
42,C1,0.03,32,0,2000,phase23_new,22101,session21,0.2666580453515053,0.28579703718423843,0.019138991832733154
42,C1,0.03,32,0,2000,phase23_new,22101,session3,0.2888169549405575,0.29298897087574005,0.004172015935182571
42,C1,0.03,32,0,2000,phase23_new,22101,session4,0.2690027728676796,0.27665188163518906,0.0076491087675094604
42,C1,0.03,32,0,2000,phase23_new,22101,session5,0.22691478207707405,0.2295953668653965,0.0026805847883224487
42,C1,0.03,32,0,2000,phase23_new,22101,session6,0.22104759141802788,0.22657546401023865,0.00552787259221077
42,C1,0.03,32,0,2000,phase23_new,22101,session7,0.23495109751820564,0.24825039505958557,0.013299297541379929
42,C1,0.03,32,0,2000,phase23_new,22101,session9,0.2822217382490635,0.3030536137521267,0.020831875503063202
42,C1,0.03,32,0,2000,phase23_new,22102,session0,0.2451801709830761,0.24925504624843597,0.0040748752653598785
42,C1,0.03,32,0,2000,phase23_new,22102,session1,0.24423126131296158,0.26308734714984894,0.01885608583688736
42,C1,0.03,32,0,2000,phase23_new,22102,session10,0.2389773242175579,0.2502233237028122,0.011245999485254288
42,C1,0.03,32,0,2000,phase23_new,22102,session11,0.2803080976009369,0.3099038824439049,0.029595784842967987
42,C1,0.03,32,0,2000,phase23_new,22102,session12,0.2461852990090847,0.2504808269441128,0.004295527935028076
42,C1,0.03,32,0,2000,phase23_new,22102,session13,0.2538977488875389,0.2564266286790371,0.002528879791498184
42,C1,0.03,32,0,2000,phase23_new,22102,session14,0.3069677948951721,0.3184417262673378,0.01147393137216568
42,C1,0.03,32,0,2000,phase23_new,22102,session15,0.2515164874494076,0.2590809613466263,0.007564473897218704
42,C1,0.03,32,0,2000,phase23_new,22102,session16,0.27513885870575905,0.30016519874334335,0.025026340037584305
42,C1,0.03,32,0,2000,phase23_new,22102,session17,0.27289412170648575,0.27783696353435516,0.004942841827869415
42,C1,0.03,32,0,2000,phase23_new,22102,session18,0.23023905977606773,0.2596709504723549,0.029431890696287155
42,C1,0.03,32,0,2000,phase23_new,22102,session19,0.258877407759428,0.2626711390912533,0.0037937313318252563
42,C1,0.03,32,0,2000,phase23_new,22102,session2,0.2538963668048382,0.28412022069096565,0.030223853886127472
42,C1,0.03,32,0,2000,phase23_new,22102,session21,0.2666580453515053,0.27998344600200653,0.013325400650501251
42,C1,0.03,32,0,2000,phase23_new,22102,session3,0.2888169549405575,0.29735148698091507,0.00853453204035759
42,C1,0.03,32,0,2000,phase23_new,22102,session4,0.2690027728676796,0.27665188163518906,0.0076491087675094604
42,C1,0.03,32,0,2000,phase23_new,22102,session5,0.22691478207707405,0.24073949828743935,0.013824716210365295
42,C1,0.03,32,0,2000,phase23_new,22102,session6,0.22104759141802788,0.21849802508950233,-0.002549566328525543
42,C1,0.03,32,0,2000,phase23_new,22102,session7,0.23495109751820564,0.24828751385211945,0.013336416333913803
42,C1,0.03,32,0,2000,phase23_new,22102,session9,0.2822217382490635,0.3128000646829605,0.03057832643389702
42,C1,0.03,32,0,2000,phase23_new,22103,session0,0.2451801709830761,0.2552050054073334,0.010024834424257278
42,C1,0.03,32,0,2000,phase23_new,22103,session1,0.24423126131296158,0.26308734714984894,0.01885608583688736
42,C1,0.03,32,0,2000,phase23_new,22103,session10,0.2389773242175579,0.2502233237028122,0.011245999485254288
42,C1,0.03,32,0,2000,phase23_new,22103,session11,0.2803080976009369,0.332173116505146,0.05186501890420914
42,C1,0.03,32,0,2000,phase23_new,22103,session12,0.2461852990090847,0.25909125059843063,0.012905951589345932
42,C1,0.03,32,0,2000,phase23_new,22103,session13,0.2538977488875389,0.26833469420671463,0.01443694531917572
42,C1,0.03,32,0,2000,phase23_new,22103,session14,0.3069677948951721,0.30794303119182587,0.0009752362966537476
42,C1,0.03,32,0,2000,phase23_new,22103,session15,0.2515164874494076,0.2590809613466263,0.007564473897218704
42,C1,0.03,32,0,2000,phase23_new,22103,session16,0.27513885870575905,0.274324394762516,-0.0008144639432430267
42,C1,0.03,32,0,2000,phase23_new,22103,session17,0.27289412170648575,0.27783696353435516,0.004942841827869415
42,C1,0.03,32,0,2000,phase23_new,22103,session18,0.23023905977606773,0.28608041256666183,0.0558413527905941
42,C1,0.03,32,0,2000,phase23_new,22103,session19,0.258877407759428,0.2888520285487175,0.029974620789289474
42,C1,0.03,32,0,2000,phase23_new,22103,session2,0.2538963668048382,0.2542530409991741,0.0003566741943359375
42,C1,0.03,32,0,2000,phase23_new,22103,session21,0.2666580453515053,0.26759738102555275,0.0009393356740474701
42,C1,0.03,32,0,2000,phase23_new,22103,session3,0.2888169549405575,0.29298897087574005,0.004172015935182571
42,C1,0.03,32,0,2000,phase23_new,22103,session4,0.2690027728676796,0.2709209844470024,0.001918211579322815
42,C1,0.03,32,0,2000,phase23_new,22103,session5,0.22691478207707405,0.24168598279356956,0.014771200716495514
42,C1,0.03,32,0,2000,phase23_new,22103,session6,0.22104759141802788,0.21849802508950233,-0.002549566328525543
42,C1,0.03,32,0,2000,phase23_new,22103,session7,0.23495109751820564,0.2446039468050003,0.009652849286794662
42,C1,0.03,32,0,2000,phase23_new,22103,session9,0.2822217382490635,0.3128000646829605,0.03057832643389702
42,C1,0.03,64,0,2000,phase23_new,22101,session0,0.24192993715405464,0.3087700083851814,0.06684007123112679
42,C1,0.03,64,0,2000,phase23_new,22101,session1,0.24141967669129372,0.27030449360609055,0.02888481691479683
42,C1,0.03,64,0,2000,phase23_new,22101,session10,0.23635609075427055,0.25929390639066696,0.022937815636396408
42,C1,0.03,64,0,2000,phase23_new,22101,session11,0.27891095355153084,0.3301212713122368,0.05121031776070595
42,C1,0.03,64,0,2000,phase23_new,22101,session12,0.24667851626873016,0.25921082124114037,0.012532304972410202
42,C1,0.03,64,0,2000,phase23_new,22101,session13,0.25282082334160805,0.2684461250901222,0.015625301748514175
42,C1,0.03,64,0,2000,phase23_new,22101,session14,0.30428292602300644,0.31289242208004,0.008609496057033539
42,C1,0.03,64,0,2000,phase23_new,22101,session15,0.2511974163353443,0.25161419436335564,0.000416778028011322
42,C1,0.03,64,0,2000,phase23_new,22101,session16,0.27334146946668625,0.28809165954589844,0.014750190079212189
42,C1,0.03,64,0,2000,phase23_new,22101,session17,0.2701807878911495,0.30253973603248596,0.03235894814133644
42,C1,0.03,64,0,2000,phase23_new,22101,session18,0.22885500639677048,0.28570418432354927,0.05684917792677879
42,C1,0.03,64,0,2000,phase23_new,22101,session19,0.2577882260084152,0.267409298568964,0.009621072560548782
42,C1,0.03,64,0,2000,phase23_new,22101,session2,0.2521372213959694,0.28546692430973053,0.03332970291376114
42,C1,0.03,64,0,2000,phase23_new,22101,session21,0.26402197778224945,0.2824104502797127,0.018388472497463226
42,C1,0.03,64,0,2000,phase23_new,22101,session3,0.285758376121521,0.28897977620363235,0.0032214000821113586
42,C1,0.03,64,0,2000,phase23_new,22101,session4,0.268681064248085,0.27623090147972107,0.007549837231636047
42,C1,0.03,64,0,2000,phase23_new,22101,session5,0.22480293363332748,0.2275897040963173,0.002786770462989807
42,C1,0.03,64,0,2000,phase23_new,22101,session6,0.22120413556694984,0.22609534487128258,0.004891209304332733
42,C1,0.03,64,0,2000,phase23_new,22101,session7,0.233221635222435,0.24612469226121902,0.012903057038784027
42,C1,0.03,64,0,2000,phase23_new,22101,session9,0.2801268920302391,0.30070680379867554,0.020579911768436432
42,C1,0.03,64,0,2000,phase23_new,22102,session0,0.24192993715405464,0.24582640826702118,0.0038964711129665375
42,C1,0.03,64,0,2000,phase23_new,22102,session1,0.24141967669129372,0.2591901794075966,0.01777050271630287
42,C1,0.03,64,0,2000,phase23_new,22102,session10,0.23635609075427055,0.24797527119517326,0.01161918044090271
42,C1,0.03,64,0,2000,phase23_new,22102,session11,0.27891095355153084,0.3083735704421997,0.02946261689066887
42,C1,0.03,64,0,2000,phase23_new,22102,session12,0.24667851626873016,0.2509091794490814,0.004230663180351257
42,C1,0.03,64,0,2000,phase23_new,22102,session13,0.25282082334160805,0.25565527752041817,0.0028344541788101196
42,C1,0.03,64,0,2000,phase23_new,22102,session14,0.30428292602300644,0.31549134105443954,0.011208415031433105
42,C1,0.03,64,0,2000,phase23_new,22102,session15,0.2511974163353443,0.2585855908691883,0.007388174533843994
42,C1,0.03,64,0,2000,phase23_new,22102,session16,0.27334146946668625,0.2973770648241043,0.02403559535741806
42,C1,0.03,64,0,2000,phase23_new,22102,session17,0.2701807878911495,0.27442025393247604,0.004239466041326523
42,C1,0.03,64,0,2000,phase23_new,22102,session18,0.22885500639677048,0.25763845443725586,0.028783448040485382
42,C1,0.03,64,0,2000,phase23_new,22102,session19,0.2577882260084152,0.26165783777832985,0.003869611769914627
42,C1,0.03,64,0,2000,phase23_new,22102,session2,0.2521372213959694,0.2816304862499237,0.029493264853954315
42,C1,0.03,64,0,2000,phase23_new,22102,session21,0.26402197778224945,0.2770252004265785,0.013003222644329071
42,C1,0.03,64,0,2000,phase23_new,22102,session3,0.285758376121521,0.29372018203139305,0.007961805909872055
42,C1,0.03,64,0,2000,phase23_new,22102,session4,0.268681064248085,0.27623090147972107,0.007549837231636047
42,C1,0.03,64,0,2000,phase23_new,22102,session5,0.22480293363332748,0.2386293038725853,0.013826370239257812
42,C1,0.03,64,0,2000,phase23_new,22102,session6,0.22120413556694984,0.21792051568627357,-0.0032836198806762695
42,C1,0.03,64,0,2000,phase23_new,22102,session7,0.233221635222435,0.246535737067461,0.013314101845026016
42,C1,0.03,64,0,2000,phase23_new,22102,session9,0.2801268920302391,0.30993637815117836,0.029809486120939255
42,C1,0.03,64,0,2000,phase23_new,22103,session0,0.24192993715405464,0.25162114948034286,0.009691212326288223
42,C1,0.03,64,0,2000,phase23_new,22103,session1,0.24141967669129372,0.2591901794075966,0.01777050271630287
42,C1,0.03,64,0,2000,phase23_new,22103,session10,0.23635609075427055,0.24797527119517326,0.01161918044090271
42,C1,0.03,64,0,2000,phase23_new,22103,session11,0.27891095355153084,0.33064429461956024,0.051733341068029404
42,C1,0.03,64,0,2000,phase23_new,22103,session12,0.24667851626873016,0.25921082124114037,0.012532304972410202
42,C1,0.03,64,0,2000,phase23_new,22103,session13,0.25282082334160805,0.2674701102077961,0.01464928686618805
42,C1,0.03,64,0,2000,phase23_new,22103,session14,0.30428292602300644,0.30538176000118256,0.001098833978176117
42,C1,0.03,64,0,2000,phase23_new,22103,session15,0.2511974163353443,0.2585855908691883,0.007388174533843994
42,C1,0.03,64,0,2000,phase23_new,22103,session16,0.27334146946668625,0.2721576429903507,-0.0011838264763355255
42,C1,0.03,64,0,2000,phase23_new,22103,session17,0.2701807878911495,0.27442025393247604,0.004239466041326523
42,C1,0.03,64,0,2000,phase23_new,22103,session18,0.22885500639677048,0.28339529037475586,0.05454028397798538
42,C1,0.03,64,0,2000,phase23_new,22103,session19,0.2577882260084152,0.28680168464779854,0.029013458639383316
42,C1,0.03,64,0,2000,phase23_new,22103,session2,0.2521372213959694,0.25221387669444084,7.66552984714508e-05
42,C1,0.03,64,0,2000,phase23_new,22103,session21,0.26402197778224945,0.26474629342556,0.0007243156433105469
42,C1,0.03,64,0,2000,phase23_new,22103,session3,0.285758376121521,0.28897977620363235,0.0032214000821113586
42,C1,0.03,64,0,2000,phase23_new,22103,session4,0.268681064248085,0.2705061808228493,0.0018251165747642517
42,C1,0.03,64,0,2000,phase23_new,22103,session5,0.22480293363332748,0.23981916159391403,0.015016227960586548
42,C1,0.03,64,0,2000,phase23_new,22103,session6,0.22120413556694984,0.21792051568627357,-0.0032836198806762695
42,C1,0.03,64,0,2000,phase23_new,22103,session7,0.233221635222435,0.24277127906680107,0.009549643844366074
42,C1,0.03,64,0,2000,phase23_new,22103,session9,0.2801268920302391,0.30993637815117836,0.029809486120939255
42,C1,0.03,32,1,2000,phase23_new,22101,session0,0.23047831654548645,0.2959393076598644,0.06546099111437798
42,C1,0.03,32,1,2000,phase23_new,22101,session1,0.23475026711821556,0.2613224424421787,0.026572175323963165
42,C1,0.03,32,1,2000,phase23_new,22101,session10,0.22101421654224396,0.24439672008156776,0.023382503539323807
42,C1,0.03,32,1,2000,phase23_new,22101,session11,0.26529908925294876,0.31690941005945206,0.051610320806503296
42,C1,0.03,32,1,2000,phase23_new,22101,session12,0.23612364381551743,0.24891797825694084,0.012794334441423416
42,C1,0.03,32,1,2000,phase23_new,22101,session13,0.23774513602256775,0.25408225879073143,0.01633712276816368
42,C1,0.03,32,1,2000,phase23_new,22101,session14,0.28651734441518784,0.2954097390174866,0.008892394602298737
42,C1,0.03,32,1,2000,phase23_new,22101,session15,0.24036088213324547,0.2416624240577221,0.0013015419244766235
42,C1,0.03,32,1,2000,phase23_new,22101,session16,0.2631705440580845,0.2778354398906231,0.014664895832538605
42,C1,0.03,32,1,2000,phase23_new,22101,session17,0.2617480233311653,0.29391201585531235,0.032163992524147034
42,C1,0.03,32,1,2000,phase23_new,22101,session18,0.21902801096439362,0.2719513773918152,0.05292336642742157
42,C1,0.03,32,1,2000,phase23_new,22101,session19,0.24974092841148376,0.2599521391093731,0.010211210697889328
42,C1,0.03,32,1,2000,phase23_new,22101,session2,0.2448340728878975,0.2763034328818321,0.03146935999393463
42,C1,0.03,32,1,2000,phase23_new,22101,session21,0.25004665181040764,0.26890023425221443,0.018853582441806793
42,C1,0.03,32,1,2000,phase23_new,22101,session3,0.27591395750641823,0.2791573964059353,0.0032434388995170593
42,C1,0.03,32,1,2000,phase23_new,22101,session4,0.2585582099854946,0.2653372585773468,0.006779048591852188
42,C1,0.03,32,1,2000,phase23_new,22101,session5,0.21116362884640694,0.21483488008379936,0.0036712512373924255
42,C1,0.03,32,1,2000,phase23_new,22101,session6,0.21493318676948547,0.21785159409046173,0.0029184073209762573
42,C1,0.03,32,1,2000,phase23_new,22101,session7,0.2174997590482235,0.23029812797904015,0.01279836893081665
42,C1,0.03,32,1,2000,phase23_new,22101,session9,0.267534788697958,0.28637053444981575,0.018835745751857758
42,C1,0.03,32,1,2000,phase23_new,22102,session0,0.23047831654548645,0.233746450394392,0.0032681338489055634
42,C1,0.03,32,1,2000,phase23_new,22102,session1,0.23475026711821556,0.25260763242840767,0.017857365310192108
42,C1,0.03,32,1,2000,phase23_new,22102,session10,0.22101421654224396,0.23268413916230202,0.01166992262005806
42,C1,0.03,32,1,2000,phase23_new,22102,session11,0.26529908925294876,0.2950878217816353,0.029788732528686523
42,C1,0.03,32,1,2000,phase23_new,22102,session12,0.23612364381551743,0.24098389595746994,0.004860252141952515
42,C1,0.03,32,1,2000,phase23_new,22102,session13,0.23774513602256775,0.24091170728206635,0.003166571259498596
42,C1,0.03,32,1,2000,phase23_new,22102,session14,0.28651734441518784,0.2980875074863434,0.011570163071155548
42,C1,0.03,32,1,2000,phase23_new,22102,session15,0.24036088213324547,0.24744872748851776,0.007087845355272293
42,C1,0.03,32,1,2000,phase23_new,22102,session16,0.2631705440580845,0.2866564318537712,0.023485887795686722
42,C1,0.03,32,1,2000,phase23_new,22102,session17,0.2617480233311653,0.26625046879053116,0.004502445459365845
42,C1,0.03,32,1,2000,phase23_new,22102,session18,0.21902801096439362,0.24728503078222275,0.028257019817829132
42,C1,0.03,32,1,2000,phase23_new,22102,session19,0.24974092841148376,0.2540716268122196,0.004330698400735855
42,C1,0.03,32,1,2000,phase23_new,22102,session2,0.2448340728878975,0.27246761694550514,0.02763354405760765
42,C1,0.03,32,1,2000,phase23_new,22102,session21,0.25004665181040764,0.2632223218679428,0.013175670057535172
42,C1,0.03,32,1,2000,phase23_new,22102,session3,0.27591395750641823,0.28436853736639023,0.008454579859972
42,C1,0.03,32,1,2000,phase23_new,22102,session4,0.2585582099854946,0.2653372585773468,0.006779048591852188
42,C1,0.03,32,1,2000,phase23_new,22102,session5,0.21116362884640694,0.22418209165334702,0.013018462806940079
42,C1,0.03,32,1,2000,phase23_new,22102,session6,0.21493318676948547,0.21086449921131134,-0.004068687558174133
42,C1,0.03,32,1,2000,phase23_new,22102,session7,0.2174997590482235,0.23170743510127068,0.01420767605304718
42,C1,0.03,32,1,2000,phase23_new,22102,session9,0.267534788697958,0.2946941815316677,0.027159392833709717
42,C1,0.03,32,1,2000,phase23_new,22103,session0,0.23047831654548645,0.24027517065405846,0.009796854108572006
42,C1,0.03,32,1,2000,phase23_new,22103,session1,0.23475026711821556,0.25260763242840767,0.017857365310192108
42,C1,0.03,32,1,2000,phase23_new,22103,session10,0.22101421654224396,0.23268413916230202,0.01166992262005806
42,C1,0.03,32,1,2000,phase23_new,22103,session11,0.26529908925294876,0.31777089089155197,0.05247180163860321
42,C1,0.03,32,1,2000,phase23_new,22103,session12,0.23612364381551743,0.24891797825694084,0.012794334441423416
42,C1,0.03,32,1,2000,phase23_new,22103,session13,0.23774513602256775,0.2530251704156399,0.015280034393072128
42,C1,0.03,32,1,2000,phase23_new,22103,session14,0.28651734441518784,0.2878069803118706,0.0012896358966827393
42,C1,0.03,32,1,2000,phase23_new,22103,session15,0.24036088213324547,0.24744872748851776,0.007087845355272293
42,C1,0.03,32,1,2000,phase23_new,22103,session16,0.2631705440580845,0.2608301639556885,-0.0023403801023960114
42,C1,0.03,32,1,2000,phase23_new,22103,session17,0.2617480233311653,0.26625046879053116,0.004502445459365845
42,C1,0.03,32,1,2000,phase23_new,22103,session18,0.21902801096439362,0.2706478387117386,0.05161982774734497
42,C1,0.03,32,1,2000,phase23_new,22103,session19,0.24974092841148376,0.27748270332813263,0.027741774916648865
42,C1,0.03,32,1,2000,phase23_new,22103,session2,0.2448340728878975,0.24476544931530952,-6.862357258796692e-05
42,C1,0.03,32,1,2000,phase23_new,22103,session21,0.25004665181040764,0.25124768912792206,0.0012010373175144196
42,C1,0.03,32,1,2000,phase23_new,22103,session3,0.27591395750641823,0.2791573964059353,0.0032434388995170593
42,C1,0.03,32,1,2000,phase23_new,22103,session4,0.2585582099854946,0.25960516557097435,0.0010469555854797363
42,C1,0.03,32,1,2000,phase23_new,22103,session5,0.21116362884640694,0.22677826136350632,0.01561463251709938
42,C1,0.03,32,1,2000,phase23_new,22103,session6,0.21493318676948547,0.21086449921131134,-0.004068687558174133
42,C1,0.03,32,1,2000,phase23_new,22103,session7,0.2174997590482235,0.2272334285080433,0.009733669459819794
42,C1,0.03,32,1,2000,phase23_new,22103,session9,0.267534788697958,0.2946941815316677,0.027159392833709717
42,C1,0.03,64,1,2000,phase23_new,22101,session0,0.2360665202140808,0.30077003315091133,0.06470351293683052
42,C1,0.03,64,1,2000,phase23_new,22101,session1,0.23758554831147194,0.2647147588431835,0.02712921053171158
42,C1,0.03,64,1,2000,phase23_new,22101,session10,0.2278936319053173,0.2510320730507374,0.023138441145420074
42,C1,0.03,64,1,2000,phase23_new,22101,session11,0.27204161137342453,0.322905033826828,0.05086342245340347
42,C1,0.03,64,1,2000,phase23_new,22101,session12,0.2416224367916584,0.25377708300948143,0.012154646217823029
42,C1,0.03,64,1,2000,phase23_new,22101,session13,0.2457367554306984,0.2611479125916958,0.01541115716099739
42,C1,0.03,64,1,2000,phase23_new,22101,session14,0.2941410169005394,0.30244554579257965,0.008304528892040253
42,C1,0.03,64,1,2000,phase23_new,22101,session15,0.24677931889891624,0.2475636936724186,0.0007843747735023499
42,C1,0.03,64,1,2000,phase23_new,22101,session16,0.26745688170194626,0.2818188965320587,0.014362014830112457
42,C1,0.03,64,1,2000,phase23_new,22101,session17,0.2657278850674629,0.2974482960999012,0.03172041103243828
42,C1,0.03,64,1,2000,phase23_new,22101,session18,0.22392909228801727,0.2783297523856163,0.05440066009759903
42,C1,0.03,64,1,2000,phase23_new,22101,session19,0.25378619506955147,0.26345016434788704,0.009663969278335571
42,C1,0.03,64,1,2000,phase23_new,22101,session2,0.24833350628614426,0.2805071845650673,0.032173678278923035
42,C1,0.03,64,1,2000,phase23_new,22101,session21,0.25512075796723366,0.27374882996082306,0.0186280719935894
42,C1,0.03,64,1,2000,phase23_new,22101,session3,0.279763825237751,0.2826874516904354,0.0029236264526844025
42,C1,0.03,64,1,2000,phase23_new,22101,session4,0.26443543657660484,0.2717702239751816,0.0073347873985767365
42,C1,0.03,64,1,2000,phase23_new,22101,session5,0.21877683699131012,0.22192548960447311,0.0031486526131629944
42,C1,0.03,64,1,2000,phase23_new,22101,session6,0.2192494198679924,0.2233138047158718,0.00406438484787941
42,C1,0.03,64,1,2000,phase23_new,22101,session7,0.22530150413513184,0.2379666455090046,0.012665141373872757
42,C1,0.03,64,1,2000,phase23_new,22101,session9,0.2731828801333904,0.2925206311047077,0.01933775097131729
42,C1,0.03,64,1,2000,phase23_new,22102,session0,0.2360665202140808,0.23948320373892784,0.0034166835248470306
42,C1,0.03,64,1,2000,phase23_new,22102,session1,0.23758554831147194,0.2550576813519001,0.01747213304042816
42,C1,0.03,64,1,2000,phase23_new,22102,session10,0.2278936319053173,0.23922814056277275,0.011334508657455444
42,C1,0.03,64,1,2000,phase23_new,22102,session11,0.27204161137342453,0.3013182803988457,0.029276669025421143
42,C1,0.03,64,1,2000,phase23_new,22102,session12,0.2416224367916584,0.2457316592335701,0.004109222441911697
42,C1,0.03,64,1,2000,phase23_new,22102,session13,0.2457367554306984,0.24864667281508446,0.0029099173843860626
42,C1,0.03,64,1,2000,phase23_new,22102,session14,0.2941410169005394,0.3053063452243805,0.011165328323841095
42,C1,0.03,64,1,2000,phase23_new,22102,session15,0.24677931889891624,0.2539132870733738,0.00713396817445755
42,C1,0.03,64,1,2000,phase23_new,22102,session16,0.26745688170194626,0.29082124680280685,0.023364365100860596
42,C1,0.03,64,1,2000,phase23_new,22102,session17,0.2657278850674629,0.2700033150613308,0.004275429993867874
42,C1,0.03,64,1,2000,phase23_new,22102,session18,0.22392909228801727,0.25185394287109375,0.027924850583076477
42,C1,0.03,64,1,2000,phase23_new,22102,session19,0.25378619506955147,0.25815732032060623,0.004371125251054764
42,C1,0.03,64,1,2000,phase23_new,22102,session2,0.24833350628614426,0.27640289440751076,0.0280693881213665
42,C1,0.03,64,1,2000,phase23_new,22102,session21,0.25512075796723366,0.26819222420454025,0.013071466237306595
42,C1,0.03,64,1,2000,phase23_new,22102,session3,0.279763825237751,0.2878386676311493,0.008074842393398285
42,C1,0.03,64,1,2000,phase23_new,22102,session4,0.26443543657660484,0.2717702239751816,0.0073347873985767365
42,C1,0.03,64,1,2000,phase23_new,22102,session5,0.21877683699131012,0.23195861279964447,0.01318177580833435
42,C1,0.03,64,1,2000,phase23_new,22102,session6,0.2192494198679924,0.2158563919365406,-0.0033930279314517975
42,C1,0.03,64,1,2000,phase23_new,22102,session7,0.22530150413513184,0.2389272227883339,0.013625718653202057
42,C1,0.03,64,1,2000,phase23_new,22102,session9,0.2731828801333904,0.3012920916080475,0.02810921147465706
42,C1,0.03,64,1,2000,phase23_new,22103,session0,0.2360665202140808,0.24534526094794273,0.009278740733861923
42,C1,0.03,64,1,2000,phase23_new,22103,session1,0.23758554831147194,0.2550576813519001,0.01747213304042816
42,C1,0.03,64,1,2000,phase23_new,22103,session10,0.2278936319053173,0.23922814056277275,0.011334508657455444
42,C1,0.03,64,1,2000,phase23_new,22103,session11,0.27204161137342453,0.3233525902032852,0.05131097882986069
42,C1,0.03,64,1,2000,phase23_new,22103,session12,0.2416224367916584,0.25377708300948143,0.012154646217823029
42,C1,0.03,64,1,2000,phase23_new,22103,session13,0.2457367554306984,0.26037103682756424,0.014634281396865845
42,C1,0.03,64,1,2000,phase23_new,22103,session14,0.2941410169005394,0.29519157111644745,0.0010505542159080505
42,C1,0.03,64,1,2000,phase23_new,22103,session15,0.24677931889891624,0.2539132870733738,0.00713396817445755
42,C1,0.03,64,1,2000,phase23_new,22103,session16,0.26745688170194626,0.2653876431286335,-0.0020692385733127594
42,C1,0.03,64,1,2000,phase23_new,22103,session17,0.2657278850674629,0.2700033150613308,0.004275429993867874
42,C1,0.03,64,1,2000,phase23_new,22103,session18,0.22392909228801727,0.2765231654047966,0.05259407311677933
42,C1,0.03,64,1,2000,phase23_new,22103,session19,0.25378619506955147,0.28172511234879494,0.02793891727924347
42,C1,0.03,64,1,2000,phase23_new,22103,session2,0.24833350628614426,0.24811791256070137,-0.00021559372544288635
42,C1,0.03,64,1,2000,phase23_new,22103,session21,0.25512075796723366,0.2562355622649193,0.0011148042976856232
42,C1,0.03,64,1,2000,phase23_new,22103,session3,0.279763825237751,0.2826874516904354,0.0029236264526844025
42,C1,0.03,64,1,2000,phase23_new,22103,session4,0.26443543657660484,0.26618512347340584,0.0017496868968009949
42,C1,0.03,64,1,2000,phase23_new,22103,session5,0.21877683699131012,0.23370208591222763,0.014925248920917511
42,C1,0.03,64,1,2000,phase23_new,22103,session6,0.2192494198679924,0.2158563919365406,-0.0033930279314517975
42,C1,0.03,64,1,2000,phase23_new,22103,session7,0.22530150413513184,0.23469416797161102,0.009392663836479187
42,C1,0.03,64,1,2000,phase23_new,22103,session9,0.2731828801333904,0.3012920916080475,0.02810921147465706
42,C1,0.1,32,0,2000,phase22_reused,22101,session0,0.2333885096013546,0.30174620449543,0.0683576948940754
42,C1,0.1,32,0,2000,phase22_reused,22101,session1,0.23999997973442078,0.27505218982696533,0.035052210092544556
42,C1,0.1,32,0,2000,phase22_reused,22101,session10,0.2119642049074173,0.23989231139421463,0.027928106486797333
42,C1,0.1,32,0,2000,phase22_reused,22101,session11,0.2565968409180641,0.3198368549346924,0.06324001401662827
42,C1,0.1,32,0,2000,phase22_reused,22101,session12,0.23607471957802773,0.2534957639873028,0.017421044409275055
42,C1,0.1,32,0,2000,phase22_reused,22101,session13,0.23475150391459465,0.25124797597527504,0.01649647206068039
42,C1,0.1,32,0,2000,phase22_reused,22101,session14,0.2770821861922741,0.2914883717894554,0.01440618559718132
42,C1,0.1,32,0,2000,phase22_reused,22101,session15,0.2402636893093586,0.24210074916481972,0.0018370598554611206
42,C1,0.1,32,0,2000,phase22_reused,22101,session16,0.26468926295638084,0.2767743356525898,0.012085072696208954
42,C1,0.1,32,0,2000,phase22_reused,22101,session17,0.2716897986829281,0.29773731529712677,0.026047516614198685
42,C1,0.1,32,0,2000,phase22_reused,22101,session18,0.22130360454320908,0.27171386405825615,0.05041025951504707
42,C1,0.1,32,0,2000,phase22_reused,22101,session19,0.253639068454504,0.2607957348227501,0.0071566663682460785
42,C1,0.1,32,0,2000,phase22_reused,22101,session2,0.250252153724432,0.2837013080716133,0.03344915434718132
42,C1,0.1,32,0,2000,phase22_reused,22101,session21,0.2418249063193798,0.26794636994600296,0.026121463626623154
42,C1,0.1,32,0,2000,phase22_reused,22101,session3,0.28053660690784454,0.2805634029209614,2.6796013116836548e-05
42,C1,0.1,32,0,2000,phase22_reused,22101,session4,0.25464266166090965,0.26075005903840065,0.006107397377490997
42,C1,0.1,32,0,2000,phase22_reused,22101,session5,0.21289145946502686,0.21328530460596085,0.0003938451409339905
42,C1,0.1,32,0,2000,phase22_reused,22101,session6,0.21362502500414848,0.22825824096798897,0.014633215963840485
42,C1,0.1,32,0,2000,phase22_reused,22101,session7,0.21226909384131432,0.22673537209630013,0.01446627825498581
42,C1,0.1,32,0,2000,phase22_reused,22101,session9,0.26242248341441154,0.2884453199803829,0.026022836565971375
42,C1,0.1,32,0,2000,phase22_reused,22102,session0,0.2333885096013546,0.23834703862667084,0.004958529025316238
42,C1,0.1,32,0,2000,phase22_reused,22102,session1,0.23999997973442078,0.26506052166223526,0.025060541927814484
42,C1,0.1,32,0,2000,phase22_reused,22102,session10,0.2119642049074173,0.22586900740861893,0.01390480250120163
42,C1,0.1,32,0,2000,phase22_reused,22102,session11,0.2565968409180641,0.29472003132104874,0.03812319040298462
42,C1,0.1,32,0,2000,phase22_reused,22102,session12,0.23607471957802773,0.24484138190746307,0.008766662329435349
42,C1,0.1,32,0,2000,phase22_reused,22102,session13,0.23475150391459465,0.23780665546655655,0.003055151551961899
42,C1,0.1,32,0,2000,phase22_reused,22102,session14,0.2770821861922741,0.29438862204551697,0.017306435853242874
42,C1,0.1,32,0,2000,phase22_reused,22102,session15,0.2402636893093586,0.24621538445353508,0.005951695144176483
42,C1,0.1,32,0,2000,phase22_reused,22102,session16,0.26468926295638084,0.2889515906572342,0.024262327700853348
42,C1,0.1,32,0,2000,phase22_reused,22102,session17,0.2716897986829281,0.2736252285540104,0.001935429871082306
42,C1,0.1,32,0,2000,phase22_reused,22102,session18,0.22130360454320908,0.25057410821318626,0.029270503669977188
42,C1,0.1,32,0,2000,phase22_reused,22102,session19,0.253639068454504,0.2566620074212551,0.0030229389667510986
42,C1,0.1,32,0,2000,phase22_reused,22102,session2,0.250252153724432,0.27537840977311134,0.025126256048679352
42,C1,0.1,32,0,2000,phase22_reused,22102,session21,0.2418249063193798,0.25989626348018646,0.018071357160806656
42,C1,0.1,32,0,2000,phase22_reused,22102,session3,0.28053660690784454,0.2889645993709564,0.008427992463111877
42,C1,0.1,32,0,2000,phase22_reused,22102,session4,0.25464266166090965,0.26075005903840065,0.006107397377490997
42,C1,0.1,32,0,2000,phase22_reused,22102,session5,0.21289145946502686,0.2210678644478321,0.008176404982805252
42,C1,0.1,32,0,2000,phase22_reused,22102,session6,0.21362502500414848,0.2109924852848053,-0.0026325397193431854
42,C1,0.1,32,0,2000,phase22_reused,22102,session7,0.21226909384131432,0.22858768701553345,0.01631859317421913
42,C1,0.1,32,0,2000,phase22_reused,22102,session9,0.26242248341441154,0.2935112938284874,0.03108881041407585
42,C1,0.1,32,0,2000,phase22_reused,22103,session0,0.2333885096013546,0.2424977719783783,0.009109262377023697
42,C1,0.1,32,0,2000,phase22_reused,22103,session1,0.23999997973442078,0.26506052166223526,0.025060541927814484
42,C1,0.1,32,0,2000,phase22_reused,22103,session10,0.2119642049074173,0.22586900740861893,0.01390480250120163
42,C1,0.1,32,0,2000,phase22_reused,22103,session11,0.2565968409180641,0.3219827711582184,0.06538593024015427
42,C1,0.1,32,0,2000,phase22_reused,22103,session12,0.23607471957802773,0.2534957639873028,0.017421044409275055
42,C1,0.1,32,0,2000,phase22_reused,22103,session13,0.23475150391459465,0.2512347511947155,0.01648324728012085
42,C1,0.1,32,0,2000,phase22_reused,22103,session14,0.2770821861922741,0.28148848935961723,0.00440630316734314
42,C1,0.1,32,0,2000,phase22_reused,22103,session15,0.2402636893093586,0.24621538445353508,0.005951695144176483
42,C1,0.1,32,0,2000,phase22_reused,22103,session16,0.26468926295638084,0.2618063725531101,-0.0028828904032707214
42,C1,0.1,32,0,2000,phase22_reused,22103,session17,0.2716897986829281,0.2736252285540104,0.001935429871082306
42,C1,0.1,32,0,2000,phase22_reused,22103,session18,0.22130360454320908,0.26713456213474274,0.04583095759153366
42,C1,0.1,32,0,2000,phase22_reused,22103,session19,0.253639068454504,0.2817331925034523,0.028094124048948288
42,C1,0.1,32,0,2000,phase22_reused,22103,session2,0.250252153724432,0.24452051520347595,-0.005731638520956039
42,C1,0.1,32,0,2000,phase22_reused,22103,session21,0.2418249063193798,0.2460438422858715,0.004218935966491699
42,C1,0.1,32,0,2000,phase22_reused,22103,session3,0.28053660690784454,0.2805634029209614,2.6796013116836548e-05
42,C1,0.1,32,0,2000,phase22_reused,22103,session4,0.25464266166090965,0.25848307460546494,0.0038404129445552826
42,C1,0.1,32,0,2000,phase22_reused,22103,session5,0.21289145946502686,0.22496557980775833,0.012074120342731476
42,C1,0.1,32,0,2000,phase22_reused,22103,session6,0.21362502500414848,0.2109924852848053,-0.0026325397193431854
42,C1,0.1,32,0,2000,phase22_reused,22103,session7,0.21226909384131432,0.22423189505934715,0.011962801218032837
42,C1,0.1,32,0,2000,phase22_reused,22103,session9,0.26242248341441154,0.2935112938284874,0.03108881041407585
42,C1,0.1,64,0,2000,phase22_reused,22101,session0,0.23136697337031364,0.29841461032629013,0.06704763695597649
42,C1,0.1,64,0,2000,phase22_reused,22101,session1,0.23745869100093842,0.27194425091147423,0.03448555991053581
42,C1,0.1,64,0,2000,phase22_reused,22101,session10,0.21621908247470856,0.2428787164390087,0.026659633964300156
42,C1,0.1,64,0,2000,phase22_reused,22101,session11,0.2623540386557579,0.32358043640851974,0.06122639775276184
42,C1,0.1,64,0,2000,phase22_reused,22101,session12,0.24151423200964928,0.2577688917517662,0.016254659742116928
42,C1,0.1,64,0,2000,phase22_reused,22101,session13,0.23755772411823273,0.25333603471517563,0.0157783105969429
42,C1,0.1,64,0,2000,phase22_reused,22101,session14,0.2777785286307335,0.2921103164553642,0.014331787824630737
42,C1,0.1,64,0,2000,phase22_reused,22101,session15,0.24330765008926392,0.24476681277155876,0.0014591626822948456
42,C1,0.1,64,0,2000,phase22_reused,22101,session16,0.26646243408322334,0.27822571620345116,0.011763282120227814
42,C1,0.1,64,0,2000,phase22_reused,22101,session17,0.2705080360174179,0.29623838886618614,0.025730352848768234
42,C1,0.1,64,0,2000,phase22_reused,22101,session18,0.2249639891088009,0.27282436937093735,0.04786038026213646
42,C1,0.1,64,0,2000,phase22_reused,22101,session19,0.25684790313243866,0.2640547379851341,0.007206834852695465
42,C1,0.1,64,0,2000,phase22_reused,22101,session2,0.25379692763090134,0.2863948605954647,0.03259793296456337
42,C1,0.1,64,0,2000,phase22_reused,22101,session21,0.24570469185709953,0.27024907246232033,0.024544380605220795
42,C1,0.1,64,0,2000,phase22_reused,22101,session3,0.2792764790356159,0.27911556884646416,-0.00016091018915176392
42,C1,0.1,64,0,2000,phase22_reused,22101,session4,0.25890687853097916,0.2649436928331852,0.006036814302206039
42,C1,0.1,64,0,2000,phase22_reused,22101,session5,0.21507937088608742,0.21556588634848595,0.00048651546239852905
42,C1,0.1,64,0,2000,phase22_reused,22101,session6,0.21657510474324226,0.2300156205892563,0.013440515846014023
42,C1,0.1,64,0,2000,phase22_reused,22101,session7,0.2119731791317463,0.22613825649023056,0.014165077358484268
42,C1,0.1,64,0,2000,phase22_reused,22101,session9,0.2635561339557171,0.2890550494194031,0.02549891546368599
42,C1,0.1,64,0,2000,phase22_reused,22102,session0,0.23136697337031364,0.23580973222851753,0.004442758858203888
42,C1,0.1,64,0,2000,phase22_reused,22102,session1,0.23745869100093842,0.26247766986489296,0.025018978863954544
42,C1,0.1,64,0,2000,phase22_reused,22102,session10,0.21621908247470856,0.23005859181284904,0.013839509338140488
42,C1,0.1,64,0,2000,phase22_reused,22102,session11,0.2623540386557579,0.2992429956793785,0.036888957023620605
42,C1,0.1,64,0,2000,phase22_reused,22102,session12,0.24151423200964928,0.24960877373814583,0.008094541728496552
42,C1,0.1,64,0,2000,phase22_reused,22102,session13,0.23755772411823273,0.24031049013137817,0.0027527660131454468
42,C1,0.1,64,0,2000,phase22_reused,22102,session14,0.2777785286307335,0.2947705388069153,0.016992010176181793
42,C1,0.1,64,0,2000,phase22_reused,22102,session15,0.24330765008926392,0.2485225647687912,0.005214914679527283
42,C1,0.1,64,0,2000,phase22_reused,22102,session16,0.26646243408322334,0.2902492620050907,0.02378682792186737
42,C1,0.1,64,0,2000,phase22_reused,22102,session17,0.2705080360174179,0.2723962552845478,0.001888219267129898
42,C1,0.1,64,0,2000,phase22_reused,22102,session18,0.2249639891088009,0.2531886510550976,0.028224661946296692
42,C1,0.1,64,0,2000,phase22_reused,22102,session19,0.25684790313243866,0.2601749300956726,0.0033270269632339478
42,C1,0.1,64,0,2000,phase22_reused,22102,session2,0.25379692763090134,0.27778221666812897,0.02398528903722763
42,C1,0.1,64,0,2000,phase22_reused,22102,session21,0.24570469185709953,0.26305342838168144,0.01734873652458191
42,C1,0.1,64,0,2000,phase22_reused,22102,session3,0.2792764790356159,0.28751587495207787,0.008239395916461945
42,C1,0.1,64,0,2000,phase22_reused,22102,session4,0.25890687853097916,0.2649436928331852,0.006036814302206039
42,C1,0.1,64,0,2000,phase22_reused,22102,session5,0.21507937088608742,0.22322597727179527,0.008146606385707855
42,C1,0.1,64,0,2000,phase22_reused,22102,session6,0.21657510474324226,0.21624114364385605,-0.0003339610993862152
42,C1,0.1,64,0,2000,phase22_reused,22102,session7,0.2119731791317463,0.22796568274497986,0.015992503613233566
42,C1,0.1,64,0,2000,phase22_reused,22102,session9,0.2635561339557171,0.2940197065472603,0.030463572591543198
42,C1,0.1,64,0,2000,phase22_reused,22103,session0,0.23136697337031364,0.24045107886195183,0.009084105491638184
42,C1,0.1,64,0,2000,phase22_reused,22103,session1,0.23745869100093842,0.26247766986489296,0.025018978863954544
42,C1,0.1,64,0,2000,phase22_reused,22103,session10,0.21621908247470856,0.23005859181284904,0.013839509338140488
42,C1,0.1,64,0,2000,phase22_reused,22103,session11,0.2623540386557579,0.32596633583307266,0.06361229717731476
42,C1,0.1,64,0,2000,phase22_reused,22103,session12,0.24151423200964928,0.2577688917517662,0.016254659742116928
42,C1,0.1,64,0,2000,phase22_reused,22103,session13,0.23755772411823273,0.25363118946552277,0.01607346534729004
42,C1,0.1,64,0,2000,phase22_reused,22103,session14,0.2777785286307335,0.28253864496946335,0.004760116338729858
42,C1,0.1,64,0,2000,phase22_reused,22103,session15,0.24330765008926392,0.2485225647687912,0.005214914679527283
42,C1,0.1,64,0,2000,phase22_reused,22103,session16,0.26646243408322334,0.2635287344455719,-0.0029336996376514435
42,C1,0.1,64,0,2000,phase22_reused,22103,session17,0.2705080360174179,0.2723962552845478,0.001888219267129898
42,C1,0.1,64,0,2000,phase22_reused,22103,session18,0.2249639891088009,0.2681563273072243,0.043192338198423386
42,C1,0.1,64,0,2000,phase22_reused,22103,session19,0.25684790313243866,0.28468461334705353,0.027836710214614868
42,C1,0.1,64,0,2000,phase22_reused,22103,session2,0.25379692763090134,0.24806556478142738,-0.005731362849473953
42,C1,0.1,64,0,2000,phase22_reused,22103,session21,0.24570469185709953,0.24928943067789078,0.0035847388207912445
42,C1,0.1,64,0,2000,phase22_reused,22103,session3,0.2792764790356159,0.27911556884646416,-0.00016091018915176392
42,C1,0.1,64,0,2000,phase22_reused,22103,session4,0.25890687853097916,0.26263824477791786,0.0037313662469387054
42,C1,0.1,64,0,2000,phase22_reused,22103,session5,0.21507937088608742,0.2268090955913067,0.011729724705219269
42,C1,0.1,64,0,2000,phase22_reused,22103,session6,0.21657510474324226,0.21624114364385605,-0.0003339610993862152
42,C1,0.1,64,0,2000,phase22_reused,22103,session7,0.2119731791317463,0.2237493395805359,0.011776160448789597
42,C1,0.1,64,0,2000,phase22_reused,22103,session9,0.2635561339557171,0.2940197065472603,0.030463572591543198
42,C1,0.1,32,1,2000,phase22_reused,22101,session0,0.23224562406539917,0.2992639094591141,0.0670182853937149
42,C1,0.1,32,1,2000,phase22_reused,22101,session1,0.23818106949329376,0.273114949464798,0.03493387997150421
42,C1,0.1,32,1,2000,phase22_reused,22101,session10,0.21794536709785461,0.2452632524073124,0.02731788530945778
42,C1,0.1,32,1,2000,phase22_reused,22101,session11,0.2638585790991783,0.3258950859308243,0.062036506831645966
42,C1,0.1,32,1,2000,phase22_reused,22101,session12,0.24549467861652374,0.26236385852098465,0.016869179904460907
42,C1,0.1,32,1,2000,phase22_reused,22101,session13,0.236923236399889,0.2530636116862297,0.016140375286340714
42,C1,0.1,32,1,2000,phase22_reused,22101,session14,0.27883943915367126,0.29311490058898926,0.014275461435317993
42,C1,0.1,32,1,2000,phase22_reused,22101,session15,0.24494267627596855,0.2466159239411354,0.0016732476651668549
42,C1,0.1,32,1,2000,phase22_reused,22101,session16,0.2680245637893677,0.2800600305199623,0.012035466730594635
42,C1,0.1,32,1,2000,phase22_reused,22101,session17,0.2709846831858158,0.29695694893598557,0.025972265750169754
42,C1,0.1,32,1,2000,phase22_reused,22101,session18,0.22803349420428276,0.27559787034988403,0.04756437614560127
42,C1,0.1,32,1,2000,phase22_reused,22101,session19,0.2610466480255127,0.26757199317216873,0.006525345146656036
42,C1,0.1,32,1,2000,phase22_reused,22101,session2,0.25522901117801666,0.2880419231951237,0.03281291201710701
42,C1,0.1,32,1,2000,phase22_reused,22101,session21,0.24883932247757912,0.27405577525496483,0.02521645277738571
42,C1,0.1,32,1,2000,phase22_reused,22101,session3,0.2808454670011997,0.2806915082037449,-0.00015395879745483398
42,C1,0.1,32,1,2000,phase22_reused,22101,session4,0.260317362844944,0.2668127827346325,0.006495419889688492
42,C1,0.1,32,1,2000,phase22_reused,22101,session5,0.21515818312764168,0.21549325063824654,0.0003350675106048584
42,C1,0.1,32,1,2000,phase22_reused,22101,session6,0.2182139940559864,0.229799997061491,0.011586003005504608
42,C1,0.1,32,1,2000,phase22_reused,22101,session7,0.21169083192944527,0.2265005260705948,0.014809694141149521
42,C1,0.1,32,1,2000,phase22_reused,22101,session9,0.2643491253256798,0.29018284752964973,0.025833722203969955
42,C1,0.1,32,1,2000,phase22_reused,22102,session0,0.23224562406539917,0.23573242127895355,0.0034867972135543823
42,C1,0.1,32,1,2000,phase22_reused,22102,session1,0.23818106949329376,0.2639283090829849,0.025747239589691162
42,C1,0.1,32,1,2000,phase22_reused,22102,session10,0.21794536709785461,0.2320142202079296,0.014068853110074997
42,C1,0.1,32,1,2000,phase22_reused,22102,session11,0.2638585790991783,0.301498718559742,0.03764013946056366
42,C1,0.1,32,1,2000,phase22_reused,22102,session12,0.24549467861652374,0.2545519769191742,0.009057298302650452
42,C1,0.1,32,1,2000,phase22_reused,22102,session13,0.236923236399889,0.23981650173664093,0.002893265336751938
42,C1,0.1,32,1,2000,phase22_reused,22102,session14,0.27883943915367126,0.2957739159464836,0.016934476792812347
42,C1,0.1,32,1,2000,phase22_reused,22102,session15,0.24494267627596855,0.2509820945560932,0.006039418280124664
42,C1,0.1,32,1,2000,phase22_reused,22102,session16,0.2680245637893677,0.292294017970562,0.024269454181194305
42,C1,0.1,32,1,2000,phase22_reused,22102,session17,0.2709846831858158,0.2727583833038807,0.0017737001180648804
42,C1,0.1,32,1,2000,phase22_reused,22102,session18,0.22803349420428276,0.25575199723243713,0.027718503028154373
42,C1,0.1,32,1,2000,phase22_reused,22102,session19,0.2610466480255127,0.26322896778583527,0.002182319760322571
42,C1,0.1,32,1,2000,phase22_reused,22102,session2,0.25522901117801666,0.27943241968750954,0.024203408509492874
42,C1,0.1,32,1,2000,phase22_reused,22102,session21,0.24883932247757912,0.26660963892936707,0.01777031645178795
42,C1,0.1,32,1,2000,phase22_reused,22102,session3,0.2808454670011997,0.28905291110277176,0.008207444101572037
42,C1,0.1,32,1,2000,phase22_reused,22102,session4,0.260317362844944,0.2668127827346325,0.006495419889688492
42,C1,0.1,32,1,2000,phase22_reused,22102,session5,0.21515818312764168,0.22281596809625626,0.007657784968614578
42,C1,0.1,32,1,2000,phase22_reused,22102,session6,0.2182139940559864,0.2187104895710945,0.0004964955151081085
42,C1,0.1,32,1,2000,phase22_reused,22102,session7,0.21169083192944527,0.22774038091301918,0.016049548983573914
42,C1,0.1,32,1,2000,phase22_reused,22102,session9,0.2643491253256798,0.2951008155941963,0.03075169026851654
42,C1,0.1,32,1,2000,phase22_reused,22103,session0,0.23224562406539917,0.2414073422551155,0.009161718189716339
42,C1,0.1,32,1,2000,phase22_reused,22103,session1,0.23818106949329376,0.2639283090829849,0.025747239589691162
42,C1,0.1,32,1,2000,phase22_reused,22103,session10,0.21794536709785461,0.2320142202079296,0.014068853110074997
42,C1,0.1,32,1,2000,phase22_reused,22103,session11,0.2638585790991783,0.3291754648089409,0.06531688570976257
42,C1,0.1,32,1,2000,phase22_reused,22103,session12,0.24549467861652374,0.26236385852098465,0.016869179904460907
42,C1,0.1,32,1,2000,phase22_reused,22103,session13,0.236923236399889,0.2526426427066326,0.015719406306743622
42,C1,0.1,32,1,2000,phase22_reused,22103,session14,0.27883943915367126,0.28390022367239,0.0050607845187187195
42,C1,0.1,32,1,2000,phase22_reused,22103,session15,0.24494267627596855,0.2509820945560932,0.006039418280124664
42,C1,0.1,32,1,2000,phase22_reused,22103,session16,0.2680245637893677,0.2657305337488651,-0.0022940300405025482
42,C1,0.1,32,1,2000,phase22_reused,22103,session17,0.2709846831858158,0.2727583833038807,0.0017737001180648804
42,C1,0.1,32,1,2000,phase22_reused,22103,session18,0.22803349420428276,0.2708621583878994,0.04282866418361664
42,C1,0.1,32,1,2000,phase22_reused,22103,session19,0.2610466480255127,0.2884671166539192,0.027420468628406525
42,C1,0.1,32,1,2000,phase22_reused,22103,session2,0.25522901117801666,0.24924054741859436,-0.005988463759422302
42,C1,0.1,32,1,2000,phase22_reused,22103,session21,0.24883932247757912,0.25288840010762215,0.00404907763004303
42,C1,0.1,32,1,2000,phase22_reused,22103,session3,0.2808454670011997,0.2806915082037449,-0.00015395879745483398
42,C1,0.1,32,1,2000,phase22_reused,22103,session4,0.260317362844944,0.26445168256759644,0.004134319722652435
42,C1,0.1,32,1,2000,phase22_reused,22103,session5,0.21515818312764168,0.2273554466664791,0.012197263538837433
42,C1,0.1,32,1,2000,phase22_reused,22103,session6,0.2182139940559864,0.2187104895710945,0.0004964955151081085
42,C1,0.1,32,1,2000,phase22_reused,22103,session7,0.21169083192944527,0.22342343628406525,0.01173260435461998
42,C1,0.1,32,1,2000,phase22_reused,22103,session9,0.2643491253256798,0.2951008155941963,0.03075169026851654
42,C1,0.1,64,1,2000,phase22_reused,22101,session0,0.232034832239151,0.29749446362257004,0.06545963138341904
42,C1,0.1,64,1,2000,phase22_reused,22101,session1,0.23745255544781685,0.2716527208685875,0.034200165420770645
42,C1,0.1,64,1,2000,phase22_reused,22101,session10,0.2196180634200573,0.2455878034234047,0.025969740003347397
42,C1,0.1,64,1,2000,phase22_reused,22101,session11,0.26561572775244713,0.32619838416576385,0.06058265641331673
42,C1,0.1,64,1,2000,phase22_reused,22101,session12,0.2460140474140644,0.261874008923769,0.01585996150970459
42,C1,0.1,64,1,2000,phase22_reused,22101,session13,0.23864968866109848,0.25401972606778145,0.015370037406682968
42,C1,0.1,64,1,2000,phase22_reused,22101,session14,0.2793469578027725,0.2935963645577431,0.01424940675497055
42,C1,0.1,64,1,2000,phase22_reused,22101,session15,0.2457989864051342,0.24679264798760414,0.0009936615824699402
42,C1,0.1,64,1,2000,phase22_reused,22101,session16,0.2685549892485142,0.28022215887904167,0.011667169630527496
42,C1,0.1,64,1,2000,phase22_reused,22101,session17,0.27132026851177216,0.2968613803386688,0.025541111826896667
42,C1,0.1,64,1,2000,phase22_reused,22101,session18,0.22835416719317436,0.27536656334996223,0.04701239615678787
42,C1,0.1,64,1,2000,phase22_reused,22101,session19,0.26120465993881226,0.2679183781147003,0.0067137181758880615
42,C1,0.1,64,1,2000,phase22_reused,22101,session2,0.2557716332376003,0.28867366164922714,0.032902028411626816
42,C1,0.1,64,1,2000,phase22_reused,22101,session21,0.24929582327604294,0.2733074426651001,0.02401161938905716
42,C1,0.1,64,1,2000,phase22_reused,22101,session3,0.28074944764375687,0.28029951080679893,-0.0004499368369579315
42,C1,0.1,64,1,2000,phase22_reused,22101,session4,0.2616645283997059,0.2683086320757866,0.006644103676080704
42,C1,0.1,64,1,2000,phase22_reused,22101,session5,0.21639155969023705,0.21719666942954063,0.0008051097393035889
42,C1,0.1,64,1,2000,phase22_reused,22101,session6,0.21927670761942863,0.23068435490131378,0.011407647281885147
42,C1,0.1,64,1,2000,phase22_reused,22101,session7,0.21217657253146172,0.226687740534544,0.014511168003082275
42,C1,0.1,64,1,2000,phase22_reused,22101,session9,0.2646966986358166,0.2907971553504467,0.026100456714630127
42,C1,0.1,64,1,2000,phase22_reused,22102,session0,0.232034832239151,0.23576197028160095,0.003727138042449951
42,C1,0.1,64,1,2000,phase22_reused,22102,session1,0.23745255544781685,0.2626885399222374,0.025235984474420547
42,C1,0.1,64,1,2000,phase22_reused,22102,session10,0.2196180634200573,0.23318520933389664,0.01356714591383934
42,C1,0.1,64,1,2000,phase22_reused,22102,session11,0.26561572775244713,0.3021847829222679,0.036569055169820786
42,C1,0.1,64,1,2000,phase22_reused,22102,session12,0.2460140474140644,0.2539035193622112,0.00788947194814682
42,C1,0.1,64,1,2000,phase22_reused,22102,session13,0.23864968866109848,0.24126115813851357,0.002611469477415085
42,C1,0.1,64,1,2000,phase22_reused,22102,session14,0.2793469578027725,0.29605279117822647,0.01670583337545395
42,C1,0.1,64,1,2000,phase22_reused,22102,session15,0.2457989864051342,0.25097091495990753,0.005171928554773331
42,C1,0.1,64,1,2000,phase22_reused,22102,session16,0.2685549892485142,0.2925403341650963,0.023985344916582108
42,C1,0.1,64,1,2000,phase22_reused,22102,session17,0.27132026851177216,0.27308981865644455,0.0017695501446723938
42,C1,0.1,64,1,2000,phase22_reused,22102,session18,0.22835416719317436,0.256071038544178,0.027716871351003647
42,C1,0.1,64,1,2000,phase22_reused,22102,session19,0.26120465993881226,0.26399241387844086,0.002787753939628601
42,C1,0.1,64,1,2000,phase22_reused,22102,session2,0.2557716332376003,0.27991626039147377,0.024144627153873444
42,C1,0.1,64,1,2000,phase22_reused,22102,session21,0.24929582327604294,0.2665189206600189,0.017223097383975983
42,C1,0.1,64,1,2000,phase22_reused,22102,session3,0.28074944764375687,0.2889561280608177,0.008206680417060852
42,C1,0.1,64,1,2000,phase22_reused,22102,session4,0.2616645283997059,0.2683086320757866,0.006644103676080704
42,C1,0.1,64,1,2000,phase22_reused,22102,session5,0.21639155969023705,0.22466951981186867,0.008277960121631622
42,C1,0.1,64,1,2000,phase22_reused,22102,session6,0.21927670761942863,0.22008858248591423,0.0008118748664855957
42,C1,0.1,64,1,2000,phase22_reused,22102,session7,0.21217657253146172,0.2278006337583065,0.015624061226844788
42,C1,0.1,64,1,2000,phase22_reused,22102,session9,0.2646966986358166,0.29555562511086464,0.030858926475048065
42,C1,0.1,64,1,2000,phase22_reused,22103,session0,0.232034832239151,0.24097368866205215,0.008938856422901154
42,C1,0.1,64,1,2000,phase22_reused,22103,session1,0.23745255544781685,0.2626885399222374,0.025235984474420547
42,C1,0.1,64,1,2000,phase22_reused,22103,session10,0.2196180634200573,0.23318520933389664,0.01356714591383934
42,C1,0.1,64,1,2000,phase22_reused,22103,session11,0.26561572775244713,0.3294084966182709,0.06379276886582375
42,C1,0.1,64,1,2000,phase22_reused,22103,session12,0.2460140474140644,0.261874008923769,0.01585996150970459
42,C1,0.1,64,1,2000,phase22_reused,22103,session13,0.23864968866109848,0.2543717436492443,0.015722054988145828
42,C1,0.1,64,1,2000,phase22_reused,22103,session14,0.2793469578027725,0.2845503240823746,0.005203366279602051
42,C1,0.1,64,1,2000,phase22_reused,22103,session15,0.2457989864051342,0.25097091495990753,0.005171928554773331
42,C1,0.1,64,1,2000,phase22_reused,22103,session16,0.2685549892485142,0.26604190468788147,-0.0025130845606327057
42,C1,0.1,64,1,2000,phase22_reused,22103,session17,0.27132026851177216,0.27308981865644455,0.0017695501446723938
42,C1,0.1,64,1,2000,phase22_reused,22103,session18,0.22835416719317436,0.27006441354751587,0.04171024635434151
42,C1,0.1,64,1,2000,phase22_reused,22103,session19,0.26120465993881226,0.2882610782980919,0.027056418359279633
42,C1,0.1,64,1,2000,phase22_reused,22103,session2,0.2557716332376003,0.25050153210759163,-0.0052701011300086975
42,C1,0.1,64,1,2000,phase22_reused,22103,session21,0.24929582327604294,0.25277578085660934,0.0034799575805664062
42,C1,0.1,64,1,2000,phase22_reused,22103,session3,0.28074944764375687,0.28029951080679893,-0.0004499368369579315
42,C1,0.1,64,1,2000,phase22_reused,22103,session4,0.2616645283997059,0.265424694865942,0.0037601664662361145
42,C1,0.1,64,1,2000,phase22_reused,22103,session5,0.21639155969023705,0.22845429554581642,0.012062735855579376
42,C1,0.1,64,1,2000,phase22_reused,22103,session6,0.21927670761942863,0.22008858248591423,0.0008118748664855957
42,C1,0.1,64,1,2000,phase22_reused,22103,session7,0.21217657253146172,0.22366629168391228,0.011489719152450562
42,C1,0.1,64,1,2000,phase22_reused,22103,session9,0.2646966986358166,0.29555562511086464,0.030858926475048065
42,C1,0.3,32,0,2000,phase23_new,22101,session0,0.25571882352232933,0.3109404854476452,0.05522166192531586
42,C1,0.3,32,0,2000,phase23_new,22101,session1,0.2817199379205704,0.30120984464883804,0.01948990672826767
42,C1,0.3,32,0,2000,phase23_new,22101,session10,0.226744893938303,0.25505438819527626,0.028309494256973267
42,C1,0.3,32,0,2000,phase23_new,22101,session11,0.26399702578783035,0.31773675978183746,0.05373973399400711
42,C1,0.3,32,0,2000,phase23_new,22101,session12,0.2523304410278797,0.2631894089281559,0.010858967900276184
42,C1,0.3,32,0,2000,phase23_new,22101,session13,0.2373010851442814,0.2522028870880604,0.014901801943778992
42,C1,0.3,32,0,2000,phase23_new,22101,session14,0.2816758044064045,0.29329291358590126,0.011617109179496765
42,C1,0.3,32,0,2000,phase23_new,22101,session15,0.25254037603735924,0.2582208923995495,0.005680516362190247
42,C1,0.3,32,0,2000,phase23_new,22101,session16,0.29210007563233376,0.3048211485147476,0.012721072882413864
42,C1,0.3,32,0,2000,phase23_new,22101,session17,0.3062913790345192,0.33312179148197174,0.026830412447452545
42,C1,0.3,32,0,2000,phase23_new,22101,session18,0.2502756826579571,0.27488090470433235,0.024605222046375275
42,C1,0.3,32,0,2000,phase23_new,22101,session19,0.27791062742471695,0.2830543890595436,0.00514376163482666
42,C1,0.3,32,0,2000,phase23_new,22101,session2,0.2751534841954708,0.29527711495757103,0.02012363076210022
42,C1,0.3,32,0,2000,phase23_new,22101,session21,0.26178935915231705,0.28206617385149,0.020276814699172974
42,C1,0.3,32,0,2000,phase23_new,22101,session3,0.30668067187070847,0.3165794424712658,0.009898770600557327
42,C1,0.3,32,0,2000,phase23_new,22101,session4,0.2564535029232502,0.2610401213169098,0.004586618393659592
42,C1,0.3,32,0,2000,phase23_new,22101,session5,0.2297646477818489,0.22690477967262268,-0.002859868109226227
42,C1,0.3,32,0,2000,phase23_new,22101,session6,0.23164315521717072,0.2412269376218319,0.009583782404661179
42,C1,0.3,32,0,2000,phase23_new,22101,session7,0.2342485561966896,0.24650727212429047,0.01225871592760086
42,C1,0.3,32,0,2000,phase23_new,22101,session9,0.2716010957956314,0.3034249320626259,0.031823836266994476
42,C1,0.3,32,0,2000,phase23_new,22102,session0,0.25571882352232933,0.2641206569969654,0.008401833474636078
42,C1,0.3,32,0,2000,phase23_new,22102,session1,0.2817199379205704,0.3036448732018471,0.021924935281276703
42,C1,0.3,32,0,2000,phase23_new,22102,session10,0.226744893938303,0.24578611180186272,0.019041217863559723
42,C1,0.3,32,0,2000,phase23_new,22102,session11,0.26399702578783035,0.2959730327129364,0.03197600692510605
42,C1,0.3,32,0,2000,phase23_new,22102,session12,0.2523304410278797,0.25785575062036514,0.005525309592485428
42,C1,0.3,32,0,2000,phase23_new,22102,session13,0.2373010851442814,0.2385423295199871,0.001241244375705719
42,C1,0.3,32,0,2000,phase23_new,22102,session14,0.2816758044064045,0.29357531294226646,0.011899508535861969
42,C1,0.3,32,0,2000,phase23_new,22102,session15,0.25254037603735924,0.2583070509135723,0.005766674876213074
42,C1,0.3,32,0,2000,phase23_new,22102,session16,0.29210007563233376,0.30814629793167114,0.016046222299337387
42,C1,0.3,32,0,2000,phase23_new,22102,session17,0.3062913790345192,0.31047458574175835,0.004183206707239151
42,C1,0.3,32,0,2000,phase23_new,22102,session18,0.2502756826579571,0.2734692841768265,0.0231936015188694
42,C1,0.3,32,0,2000,phase23_new,22102,session19,0.27791062742471695,0.2795473635196686,0.0016367360949516296
42,C1,0.3,32,0,2000,phase23_new,22102,session2,0.2751534841954708,0.2875116840004921,0.012358199805021286
42,C1,0.3,32,0,2000,phase23_new,22102,session21,0.26178935915231705,0.2722381353378296,0.010448776185512543
42,C1,0.3,32,0,2000,phase23_new,22102,session3,0.30668067187070847,0.32028212398290634,0.013601452112197876
42,C1,0.3,32,0,2000,phase23_new,22102,session4,0.2564535029232502,0.2610401213169098,0.004586618393659592
42,C1,0.3,32,0,2000,phase23_new,22102,session5,0.2297646477818489,0.23161763697862625,0.0018529891967773438
42,C1,0.3,32,0,2000,phase23_new,22102,session6,0.23164315521717072,0.2286044992506504,-0.0030386559665203094
42,C1,0.3,32,0,2000,phase23_new,22102,session7,0.2342485561966896,0.2509787604212761,0.016730204224586487
42,C1,0.3,32,0,2000,phase23_new,22102,session9,0.2716010957956314,0.30682170391082764,0.03522060811519623
42,C1,0.3,32,0,2000,phase23_new,22103,session0,0.25571882352232933,0.26824113354086876,0.012522310018539429
42,C1,0.3,32,0,2000,phase23_new,22103,session1,0.2817199379205704,0.3036448732018471,0.021924935281276703
42,C1,0.3,32,0,2000,phase23_new,22103,session10,0.226744893938303,0.24578611180186272,0.019041217863559723
42,C1,0.3,32,0,2000,phase23_new,22103,session11,0.26399702578783035,0.3190257325768471,0.055028706789016724
42,C1,0.3,32,0,2000,phase23_new,22103,session12,0.2523304410278797,0.2631894089281559,0.010858967900276184
42,C1,0.3,32,0,2000,phase23_new,22103,session13,0.2373010851442814,0.2515949308872223,0.014293845742940903
42,C1,0.3,32,0,2000,phase23_new,22103,session14,0.2816758044064045,0.28678159043192863,0.005105786025524139
42,C1,0.3,32,0,2000,phase23_new,22103,session15,0.25254037603735924,0.2583070509135723,0.005766674876213074
42,C1,0.3,32,0,2000,phase23_new,22103,session16,0.29210007563233376,0.2925148345530033,0.00041475892066955566
42,C1,0.3,32,0,2000,phase23_new,22103,session17,0.3062913790345192,0.31047458574175835,0.004183206707239151
42,C1,0.3,32,0,2000,phase23_new,22103,session18,0.2502756826579571,0.2773566097021103,0.027080927044153214
42,C1,0.3,32,0,2000,phase23_new,22103,session19,0.27791062742471695,0.29742737859487534,0.019516751170158386
42,C1,0.3,32,0,2000,phase23_new,22103,session2,0.2751534841954708,0.2670625373721123,-0.008090946823358536
42,C1,0.3,32,0,2000,phase23_new,22103,session21,0.26178935915231705,0.26883964240550995,0.007050283253192902
42,C1,0.3,32,0,2000,phase23_new,22103,session3,0.30668067187070847,0.3165794424712658,0.009898770600557327
42,C1,0.3,32,0,2000,phase23_new,22103,session4,0.2564535029232502,0.2549140676856041,-0.001539435237646103
42,C1,0.3,32,0,2000,phase23_new,22103,session5,0.2297646477818489,0.2409142479300499,0.011149600148200989
42,C1,0.3,32,0,2000,phase23_new,22103,session6,0.23164315521717072,0.2286044992506504,-0.0030386559665203094
42,C1,0.3,32,0,2000,phase23_new,22103,session7,0.2342485561966896,0.2474922016263008,0.013243645429611206
42,C1,0.3,32,0,2000,phase23_new,22103,session9,0.2716010957956314,0.30682170391082764,0.03522060811519623
42,C1,0.3,64,0,2000,phase23_new,22101,session0,0.24381550773978233,0.2996617779135704,0.05584627017378807
42,C1,0.3,64,0,2000,phase23_new,22101,session1,0.2670019343495369,0.28787290304899216,0.02087096869945526
42,C1,0.3,64,0,2000,phase23_new,22101,session10,0.220637995749712,0.2489456981420517,0.028307702392339706
42,C1,0.3,64,0,2000,phase23_new,22101,session11,0.2590029761195183,0.3127761632204056,0.0537731871008873
42,C1,0.3,64,0,2000,phase23_new,22101,session12,0.2432917021214962,0.25435981899499893,0.011068116873502731
42,C1,0.3,64,0,2000,phase23_new,22101,session13,0.23170124366879463,0.2467198595404625,0.015018615871667862
42,C1,0.3,64,0,2000,phase23_new,22101,session14,0.27456431090831757,0.286338958889246,0.011774647980928421
42,C1,0.3,64,0,2000,phase23_new,22101,session15,0.2468562051653862,0.2519039586186409,0.0050477534532547
42,C1,0.3,64,0,2000,phase23_new,22101,session16,0.28190674632787704,0.29460011422634125,0.012693367898464203
42,C1,0.3,64,0,2000,phase23_new,22101,session17,0.2930680103600025,0.3204626217484474,0.0273946113884449
42,C1,0.3,64,0,2000,phase23_new,22101,session18,0.24058499932289124,0.2661198303103447,0.02553483098745346
42,C1,0.3,64,0,2000,phase23_new,22101,session19,0.2693333029747009,0.27449123933911324,0.005157936364412308
42,C1,0.3,64,0,2000,phase23_new,22101,session2,0.26559042558074,0.28599199652671814,0.020401570945978165
42,C1,0.3,64,0,2000,phase23_new,22101,session21,0.2524108476936817,0.2728937417268753,0.020482894033193588
42,C1,0.3,64,0,2000,phase23_new,22101,session3,0.29418710991740227,0.30476146191358566,0.010574351996183395
42,C1,0.3,64,0,2000,phase23_new,22101,session4,0.251761831343174,0.2559252418577671,0.004163410514593124
42,C1,0.3,64,0,2000,phase23_new,22101,session5,0.22438745573163033,0.22141892462968826,-0.0029685311019420624
42,C1,0.3,64,0,2000,phase23_new,22101,session6,0.22573546692728996,0.23529497534036636,0.0095595084130764
42,C1,0.3,64,0,2000,phase23_new,22101,session7,0.22504288330674171,0.23764101788401604,0.012598134577274323
42,C1,0.3,64,0,2000,phase23_new,22101,session9,0.26399680972099304,0.29644688218832016,0.03245007246732712
42,C1,0.3,64,0,2000,phase23_new,22102,session0,0.24381550773978233,0.2518686540424824,0.008053146302700043
42,C1,0.3,64,0,2000,phase23_new,22102,session1,0.2670019343495369,0.2886911928653717,0.02168925851583481
42,C1,0.3,64,0,2000,phase23_new,22102,session10,0.220637995749712,0.23941269516944885,0.018774699419736862
42,C1,0.3,64,0,2000,phase23_new,22102,session11,0.2590029761195183,0.2908218428492546,0.03181886672973633
42,C1,0.3,64,0,2000,phase23_new,22102,session12,0.2432917021214962,0.24873221293091774,0.005440510809421539
42,C1,0.3,64,0,2000,phase23_new,22102,session13,0.23170124366879463,0.23274168744683266,0.001040443778038025
42,C1,0.3,64,0,2000,phase23_new,22102,session14,0.27456431090831757,0.28637269511818886,0.011808384209871292
42,C1,0.3,64,0,2000,phase23_new,22102,session15,0.2468562051653862,0.2526455670595169,0.005789361894130707
42,C1,0.3,64,0,2000,phase23_new,22102,session16,0.28190674632787704,0.2981368601322174,0.016230113804340363
42,C1,0.3,64,0,2000,phase23_new,22102,session17,0.2930680103600025,0.29748187586665154,0.004413865506649017
42,C1,0.3,64,0,2000,phase23_new,22102,session18,0.24058499932289124,0.2641148343682289,0.023529835045337677
42,C1,0.3,64,0,2000,phase23_new,22102,session19,0.2693333029747009,0.27094726637005806,0.001613963395357132
42,C1,0.3,64,0,2000,phase23_new,22102,session2,0.26559042558074,0.2780253253877163,0.012434899806976318
42,C1,0.3,64,0,2000,phase23_new,22102,session21,0.2524108476936817,0.26304299011826515,0.010632142424583435
42,C1,0.3,64,0,2000,phase23_new,22102,session3,0.29418710991740227,0.30823857337236404,0.014051463454961777
42,C1,0.3,64,0,2000,phase23_new,22102,session4,0.251761831343174,0.2559252418577671,0.004163410514593124
42,C1,0.3,64,0,2000,phase23_new,22102,session5,0.22438745573163033,0.2263670451939106,0.0019795894622802734
42,C1,0.3,64,0,2000,phase23_new,22102,session6,0.22573546692728996,0.2232423648238182,-0.002493102103471756
42,C1,0.3,64,0,2000,phase23_new,22102,session7,0.22504288330674171,0.24132920429110527,0.016286320984363556
42,C1,0.3,64,0,2000,phase23_new,22102,session9,0.26399680972099304,0.3002060428261757,0.03620923310518265
42,C1,0.3,64,0,2000,phase23_new,22103,session0,0.24381550773978233,0.2558821178972721,0.012066610157489777
42,C1,0.3,64,0,2000,phase23_new,22103,session1,0.2670019343495369,0.2886911928653717,0.02168925851583481
42,C1,0.3,64,0,2000,phase23_new,22103,session10,0.220637995749712,0.23941269516944885,0.018774699419736862
42,C1,0.3,64,0,2000,phase23_new,22103,session11,0.2590029761195183,0.3141821026802063,0.05517912656068802
42,C1,0.3,64,0,2000,phase23_new,22103,session12,0.2432917021214962,0.25435981899499893,0.011068116873502731
42,C1,0.3,64,0,2000,phase23_new,22103,session13,0.23170124366879463,0.2459832951426506,0.014282051473855972
42,C1,0.3,64,0,2000,phase23_new,22103,session14,0.27456431090831757,0.27979274094104767,0.0052284300327301025
42,C1,0.3,64,0,2000,phase23_new,22103,session15,0.2468562051653862,0.2526455670595169,0.005789361894130707
42,C1,0.3,64,0,2000,phase23_new,22103,session16,0.28190674632787704,0.28248704597353935,0.0005802996456623077
42,C1,0.3,64,0,2000,phase23_new,22103,session17,0.2930680103600025,0.29748187586665154,0.004413865506649017
42,C1,0.3,64,0,2000,phase23_new,22103,session18,0.24058499932289124,0.2679099813103676,0.02732498198747635
42,C1,0.3,64,0,2000,phase23_new,22103,session19,0.2693333029747009,0.2889705076813698,0.019637204706668854
42,C1,0.3,64,0,2000,phase23_new,22103,session2,0.26559042558074,0.2571811303496361,-0.008409295231103897
42,C1,0.3,64,0,2000,phase23_new,22103,session21,0.2524108476936817,0.2595781721174717,0.007167324423789978
42,C1,0.3,64,0,2000,phase23_new,22103,session3,0.29418710991740227,0.30476146191358566,0.010574351996183395
42,C1,0.3,64,0,2000,phase23_new,22103,session4,0.251761831343174,0.24980789795517921,-0.0019539333879947662
42,C1,0.3,64,0,2000,phase23_new,22103,session5,0.22438745573163033,0.2355792298913002,0.011191774159669876
42,C1,0.3,64,0,2000,phase23_new,22103,session6,0.22573546692728996,0.2232423648238182,-0.002493102103471756
42,C1,0.3,64,0,2000,phase23_new,22103,session7,0.22504288330674171,0.23822953924536705,0.013186655938625336
42,C1,0.3,64,0,2000,phase23_new,22103,session9,0.26399680972099304,0.3002060428261757,0.03620923310518265
42,C1,0.3,32,1,2000,phase23_new,22101,session0,0.22836238890886307,0.28826620802283287,0.0599038191139698
42,C1,0.3,32,1,2000,phase23_new,22101,session1,0.25150614976882935,0.2741466984152794,0.022640548646450043
42,C1,0.3,32,1,2000,phase23_new,22101,session10,0.2190648578107357,0.24582505226135254,0.026760194450616837
42,C1,0.3,32,1,2000,phase23_new,22101,session11,0.26337870582938194,0.314236082136631,0.05085737630724907
42,C1,0.3,32,1,2000,phase23_new,22101,session12,0.24447152391076088,0.2555830702185631,0.0111115463078022
42,C1,0.3,32,1,2000,phase23_new,22101,session13,0.22926056012511253,0.24416452273726463,0.0149039626121521
42,C1,0.3,32,1,2000,phase23_new,22101,session14,0.27205995842814445,0.28356024622917175,0.011500287801027298
42,C1,0.3,32,1,2000,phase23_new,22101,session15,0.2421380914747715,0.2465822659432888,0.0044441744685173035
42,C1,0.3,32,1,2000,phase23_new,22101,session16,0.2791028097271919,0.2931883633136749,0.014085553586483002
42,C1,0.3,32,1,2000,phase23_new,22101,session17,0.28010304644703865,0.31098398193717003,0.030880935490131378
42,C1,0.3,32,1,2000,phase23_new,22101,session18,0.23326891288161278,0.2596314214169979,0.026362508535385132
42,C1,0.3,32,1,2000,phase23_new,22101,session19,0.26786477491259575,0.2730509974062443,0.005186222493648529
42,C1,0.3,32,1,2000,phase23_new,22101,session2,0.2613998353481293,0.28286508098244667,0.021465245634317398
42,C1,0.3,32,1,2000,phase23_new,22101,session21,0.2507476136088371,0.27166129648685455,0.020913682878017426
42,C1,0.3,32,1,2000,phase23_new,22101,session3,0.28510651364922523,0.2968948967754841,0.01178838312625885
42,C1,0.3,32,1,2000,phase23_new,22101,session4,0.25288281217217445,0.2562021017074585,0.0033192895352840424
42,C1,0.3,32,1,2000,phase23_new,22101,session5,0.21829267218708992,0.21522622928023338,-0.003066442906856537
42,C1,0.3,32,1,2000,phase23_new,22101,session6,0.22138633579015732,0.23197168856859207,0.010585352778434753
42,C1,0.3,32,1,2000,phase23_new,22101,session7,0.2136995904147625,0.22631430998444557,0.012614719569683075
42,C1,0.3,32,1,2000,phase23_new,22101,session9,0.25828802958130836,0.2906669080257416,0.03237887844443321
42,C1,0.3,32,1,2000,phase23_new,22102,session0,0.22836238890886307,0.23775172978639603,0.009389340877532959
42,C1,0.3,32,1,2000,phase23_new,22102,session1,0.25150614976882935,0.27537624537944794,0.02387009561061859
42,C1,0.3,32,1,2000,phase23_new,22102,session10,0.2190648578107357,0.23691969364881516,0.017854835838079453
42,C1,0.3,32,1,2000,phase23_new,22102,session11,0.26337870582938194,0.29305580630898476,0.029677100479602814
42,C1,0.3,32,1,2000,phase23_new,22102,session12,0.24447152391076088,0.2505127377808094,0.006041213870048523
42,C1,0.3,32,1,2000,phase23_new,22102,session13,0.22926056012511253,0.23000573739409447,0.0007451772689819336
42,C1,0.3,32,1,2000,phase23_new,22102,session14,0.27205995842814445,0.2836794927716255,0.011619534343481064
42,C1,0.3,32,1,2000,phase23_new,22102,session15,0.2421380914747715,0.24800239875912666,0.005864307284355164
42,C1,0.3,32,1,2000,phase23_new,22102,session16,0.2791028097271919,0.29653365164995193,0.01743084192276001
42,C1,0.3,32,1,2000,phase23_new,22102,session17,0.28010304644703865,0.28511879593133926,0.005015749484300613
42,C1,0.3,32,1,2000,phase23_new,22102,session18,0.23326891288161278,0.25851307809352875,0.02524416521191597
42,C1,0.3,32,1,2000,phase23_new,22102,session19,0.26786477491259575,0.2697597108781338,0.001894935965538025
42,C1,0.3,32,1,2000,phase23_new,22102,session2,0.2613998353481293,0.2739335186779499,0.012533683329820633
42,C1,0.3,32,1,2000,phase23_new,22102,session21,0.2507476136088371,0.26120904833078384,0.010461434721946716
42,C1,0.3,32,1,2000,phase23_new,22102,session3,0.28510651364922523,0.30035271123051643,0.015246197581291199
42,C1,0.3,32,1,2000,phase23_new,22102,session4,0.25288281217217445,0.2562021017074585,0.0033192895352840424
42,C1,0.3,32,1,2000,phase23_new,22102,session5,0.21829267218708992,0.21988436579704285,0.0015916936099529266
42,C1,0.3,32,1,2000,phase23_new,22102,session6,0.22138633579015732,0.21978184580802917,-0.0016044899821281433
42,C1,0.3,32,1,2000,phase23_new,22102,session7,0.2136995904147625,0.230332899838686,0.016633309423923492
42,C1,0.3,32,1,2000,phase23_new,22102,session9,0.25828802958130836,0.2947324588894844,0.03644442930817604
42,C1,0.3,32,1,2000,phase23_new,22103,session0,0.22836238890886307,0.24209431558847427,0.013731926679611206
42,C1,0.3,32,1,2000,phase23_new,22103,session1,0.25150614976882935,0.27537624537944794,0.02387009561061859
42,C1,0.3,32,1,2000,phase23_new,22103,session10,0.2190648578107357,0.23691969364881516,0.017854835838079453
42,C1,0.3,32,1,2000,phase23_new,22103,session11,0.26337870582938194,0.31612028181552887,0.05274157598614693
42,C1,0.3,32,1,2000,phase23_new,22103,session12,0.24447152391076088,0.2555830702185631,0.0111115463078022
42,C1,0.3,32,1,2000,phase23_new,22103,session13,0.22926056012511253,0.2427913099527359,0.013530749827623367
42,C1,0.3,32,1,2000,phase23_new,22103,session14,0.27205995842814445,0.27727707475423813,0.005217116326093674
42,C1,0.3,32,1,2000,phase23_new,22103,session15,0.2421380914747715,0.24800239875912666,0.005864307284355164
42,C1,0.3,32,1,2000,phase23_new,22103,session16,0.2791028097271919,0.2802542485296726,0.0011514388024806976
42,C1,0.3,32,1,2000,phase23_new,22103,session17,0.28010304644703865,0.28511879593133926,0.005015749484300613
42,C1,0.3,32,1,2000,phase23_new,22103,session18,0.23326891288161278,0.26052557304501534,0.027256660163402557
42,C1,0.3,32,1,2000,phase23_new,22103,session19,0.26786477491259575,0.2883230932056904,0.020458318293094635
42,C1,0.3,32,1,2000,phase23_new,22103,session2,0.2613998353481293,0.2524750269949436,-0.008924808353185654
42,C1,0.3,32,1,2000,phase23_new,22103,session21,0.2507476136088371,0.25879164040088654,0.008044026792049408
42,C1,0.3,32,1,2000,phase23_new,22103,session3,0.28510651364922523,0.2968948967754841,0.01178838312625885
42,C1,0.3,32,1,2000,phase23_new,22103,session4,0.25288281217217445,0.25073106214404106,-0.0021517500281333923
42,C1,0.3,32,1,2000,phase23_new,22103,session5,0.21829267218708992,0.22938157990574837,0.011088907718658447
42,C1,0.3,32,1,2000,phase23_new,22103,session6,0.22138633579015732,0.21978184580802917,-0.0016044899821281433
42,C1,0.3,32,1,2000,phase23_new,22103,session7,0.2136995904147625,0.22669218853116035,0.012992598116397858
42,C1,0.3,32,1,2000,phase23_new,22103,session9,0.25828802958130836,0.2947324588894844,0.03644442930817604
42,C1,0.3,64,1,2000,phase23_new,22101,session0,0.23920225724577904,0.29693420603871346,0.05773194879293442
42,C1,0.3,64,1,2000,phase23_new,22101,session1,0.26312312856316566,0.2844408079981804,0.021317679435014725
42,C1,0.3,64,1,2000,phase23_new,22101,session10,0.22074706852436066,0.2475292943418026,0.02678222581744194
42,C1,0.3,64,1,2000,phase23_new,22101,session11,0.2612936794757843,0.3132401406764984,0.05194646120071411
42,C1,0.3,64,1,2000,phase23_new,22101,session12,0.24495718255639076,0.25602783262729645,0.011070650070905685
42,C1,0.3,64,1,2000,phase23_new,22101,session13,0.2304271124303341,0.24525010213255882,0.014822989702224731
42,C1,0.3,64,1,2000,phase23_new,22101,session14,0.2739797905087471,0.28570691868662834,0.01172712817788124
42,C1,0.3,64,1,2000,phase23_new,22101,session15,0.24467035755515099,0.24962422251701355,0.004953864961862564
42,C1,0.3,64,1,2000,phase23_new,22101,session16,0.2831345610320568,0.2963525801897049,0.013218019157648087
42,C1,0.3,64,1,2000,phase23_new,22101,session17,0.29051246866583824,0.3193821534514427,0.028869684785604477
42,C1,0.3,64,1,2000,phase23_new,22101,session18,0.2382936105132103,0.2640323005616665,0.025738690048456192
42,C1,0.3,64,1,2000,phase23_new,22101,session19,0.2697754316031933,0.2748940512537956,0.005118619650602341
42,C1,0.3,64,1,2000,phase23_new,22101,session2,0.2654065266251564,0.2860671691596508,0.0206606425344944
42,C1,0.3,64,1,2000,phase23_new,22101,session21,0.2532377541065216,0.27367328852415085,0.020435534417629242
42,C1,0.3,64,1,2000,phase23_new,22101,session3,0.29309916496276855,0.3043523170053959,0.011253152042627335
42,C1,0.3,64,1,2000,phase23_new,22101,session4,0.25242718681693077,0.25619884580373764,0.0037716589868068695
42,C1,0.3,64,1,2000,phase23_new,22101,session5,0.22165028005838394,0.21862824261188507,-0.003022037446498871
42,C1,0.3,64,1,2000,phase23_new,22101,session6,0.22446048632264137,0.23464300483465195,0.010182518512010574
42,C1,0.3,64,1,2000,phase23_new,22101,session7,0.22153688967227936,0.2341773398220539,0.012640450149774551
42,C1,0.3,64,1,2000,phase23_new,22101,session9,0.26242245733737946,0.2945704534649849,0.03214799612760544
42,C1,0.3,64,1,2000,phase23_new,22102,session0,0.23920225724577904,0.2483137659728527,0.00911150872707367
42,C1,0.3,64,1,2000,phase23_new,22102,session1,0.26312312856316566,0.2860092595219612,0.022886130958795547
42,C1,0.3,64,1,2000,phase23_new,22102,session10,0.22074706852436066,0.23879989609122276,0.018052827566862106
42,C1,0.3,64,1,2000,phase23_new,22102,session11,0.2612936794757843,0.29175370931625366,0.03046002984046936
42,C1,0.3,64,1,2000,phase23_new,22102,session12,0.24495718255639076,0.2509089969098568,0.005951814353466034
42,C1,0.3,64,1,2000,phase23_new,22102,session13,0.2304271124303341,0.2313035987317562,0.0008764863014221191
42,C1,0.3,64,1,2000,phase23_new,22102,session14,0.2739797905087471,0.2856352888047695,0.011655498296022415
42,C1,0.3,64,1,2000,phase23_new,22102,session15,0.24467035755515099,0.25066664442420006,0.005996286869049072
42,C1,0.3,64,1,2000,phase23_new,22102,session16,0.2831345610320568,0.3000105172395706,0.01687595620751381
42,C1,0.3,64,1,2000,phase23_new,22102,session17,0.29051246866583824,0.2951704412698746,0.004657972604036331
42,C1,0.3,64,1,2000,phase23_new,22102,session18,0.2382936105132103,0.2629627250134945,0.024669114500284195
42,C1,0.3,64,1,2000,phase23_new,22102,session19,0.2697754316031933,0.2717757895588875,0.0020003579556941986
42,C1,0.3,64,1,2000,phase23_new,22102,session2,0.2654065266251564,0.2779719829559326,0.012565456330776215
42,C1,0.3,64,1,2000,phase23_new,22102,session21,0.2532377541065216,0.263692494481802,0.01045474037528038
42,C1,0.3,64,1,2000,phase23_new,22102,session3,0.29309916496276855,0.30797676369547844,0.014877598732709885
42,C1,0.3,64,1,2000,phase23_new,22102,session4,0.25242718681693077,0.25619884580373764,0.0037716589868068695
42,C1,0.3,64,1,2000,phase23_new,22102,session5,0.22165028005838394,0.22313974425196648,0.0014894641935825348
42,C1,0.3,64,1,2000,phase23_new,22102,session6,0.22446048632264137,0.22206373885273933,-0.0023967474699020386
42,C1,0.3,64,1,2000,phase23_new,22102,session7,0.22153688967227936,0.23831237852573395,0.01677548885345459
42,C1,0.3,64,1,2000,phase23_new,22102,session9,0.26242245733737946,0.29851604253053665,0.036093585193157196
42,C1,0.3,64,1,2000,phase23_new,22103,session0,0.23920225724577904,0.25232722237706184,0.013124965131282806
42,C1,0.3,64,1,2000,phase23_new,22103,session1,0.26312312856316566,0.2860092595219612,0.022886130958795547
42,C1,0.3,64,1,2000,phase23_new,22103,session10,0.22074706852436066,0.23879989609122276,0.018052827566862106
42,C1,0.3,64,1,2000,phase23_new,22103,session11,0.2612936794757843,0.3147890120744705,0.05349533259868622
42,C1,0.3,64,1,2000,phase23_new,22103,session12,0.24495718255639076,0.25602783262729645,0.011070650070905685
42,C1,0.3,64,1,2000,phase23_new,22103,session13,0.2304271124303341,0.24400493502616882,0.013577822595834732
42,C1,0.3,64,1,2000,phase23_new,22103,session14,0.2739797905087471,0.2792380079627037,0.005258217453956604
42,C1,0.3,64,1,2000,phase23_new,22103,session15,0.24467035755515099,0.25066664442420006,0.005996286869049072
42,C1,0.3,64,1,2000,phase23_new,22103,session16,0.2831345610320568,0.2838217429816723,0.0006871819496154785
42,C1,0.3,64,1,2000,phase23_new,22103,session17,0.29051246866583824,0.2951704412698746,0.004657972604036331
42,C1,0.3,64,1,2000,phase23_new,22103,session18,0.2382936105132103,0.26561202108860016,0.027318410575389862
42,C1,0.3,64,1,2000,phase23_new,22103,session19,0.2697754316031933,0.29007455334067345,0.020299121737480164
42,C1,0.3,64,1,2000,phase23_new,22103,session2,0.2654065266251564,0.25705084204673767,-0.008355684578418732
42,C1,0.3,64,1,2000,phase23_new,22103,session21,0.2532377541065216,0.2607458420097828,0.007508087903261185
42,C1,0.3,64,1,2000,phase23_new,22103,session3,0.29309916496276855,0.3043523170053959,0.011253152042627335
42,C1,0.3,64,1,2000,phase23_new,22103,session4,0.25242718681693077,0.2505105659365654,-0.0019166208803653717
42,C1,0.3,64,1,2000,phase23_new,22103,session5,0.22165028005838394,0.23267589509487152,0.01102561503648758
42,C1,0.3,64,1,2000,phase23_new,22103,session6,0.22446048632264137,0.22206373885273933,-0.0023967474699020386
42,C1,0.3,64,1,2000,phase23_new,22103,session7,0.22153688967227936,0.2346823625266552,0.01314547285437584
42,C1,0.3,64,1,2000,phase23_new,22103,session9,0.26242245733737946,0.29851604253053665,0.036093585193157196
42,C2,0.03,32,0,2000,phase23_new,22101,session0,0.239344023168087,0.3063728027045727,0.06702877953648567
42,C2,0.03,32,0,2000,phase23_new,22101,session1,0.24649685993790627,0.2713225781917572,0.024825718253850937
42,C2,0.03,32,0,2000,phase23_new,22101,session10,0.2206234410405159,0.24784088879823685,0.027217447757720947
42,C2,0.03,32,0,2000,phase23_new,22101,session11,0.2639930211007595,0.31874721124768257,0.054754190146923065
42,C2,0.03,32,0,2000,phase23_new,22101,session12,0.24011612683534622,0.24949351698160172,0.009377390146255493
42,C2,0.03,32,0,2000,phase23_new,22101,session13,0.23632601276040077,0.24942948669195175,0.01310347393155098
42,C2,0.03,32,0,2000,phase23_new,22101,session14,0.2882222905755043,0.2945758178830147,0.006353527307510376
42,C2,0.03,32,0,2000,phase23_new,22101,session15,0.2415991574525833,0.24256160482764244,0.0009624473750591278
42,C2,0.03,32,0,2000,phase23_new,22101,session16,0.26670952886343,0.2821328788995743,0.015423350036144257
42,C2,0.03,32,0,2000,phase23_new,22101,session17,0.27141333371400833,0.30749091506004333,0.036077581346035004
42,C2,0.03,32,0,2000,phase23_new,22101,session18,0.22331826388835907,0.27972395345568657,0.0564056895673275
42,C2,0.03,32,0,2000,phase23_new,22101,session19,0.24776073917746544,0.25875772535800934,0.0109969861805439
42,C2,0.03,32,0,2000,phase23_new,22101,session2,0.25088949128985405,0.28082001209259033,0.029930520802736282
42,C2,0.03,32,0,2000,phase23_new,22101,session21,0.24947905912995338,0.2631032131612301,0.013624154031276703
42,C2,0.03,32,0,2000,phase23_new,22101,session3,0.28646162524819374,0.29113689810037613,0.004675272852182388
42,C2,0.03,32,0,2000,phase23_new,22101,session4,0.261270884424448,0.2682622969150543,0.006991412490606308
42,C2,0.03,32,0,2000,phase23_new,22101,session5,0.21729299426078796,0.22202884778380394,0.004735853523015976
42,C2,0.03,32,0,2000,phase23_new,22101,session6,0.21805471181869507,0.22545777633786201,0.007403064519166946
42,C2,0.03,32,0,2000,phase23_new,22101,session7,0.2242843136191368,0.24019352719187737,0.015909213572740555
42,C2,0.03,32,0,2000,phase23_new,22101,session9,0.26188458129763603,0.29217586293816566,0.030291281640529633
42,C2,0.03,32,0,2000,phase23_new,22102,session0,0.239344023168087,0.24454083666205406,0.005196813493967056
42,C2,0.03,32,0,2000,phase23_new,22102,session1,0.24649685993790627,0.2643963694572449,0.017899509519338608
42,C2,0.03,32,0,2000,phase23_new,22102,session10,0.2206234410405159,0.2339485026896,0.013325061649084091
42,C2,0.03,32,0,2000,phase23_new,22102,session11,0.2639930211007595,0.2958238944411278,0.03183087334036827
42,C2,0.03,32,0,2000,phase23_new,22102,session12,0.24011612683534622,0.24009250104427338,-2.362579107284546e-05
42,C2,0.03,32,0,2000,phase23_new,22102,session13,0.23632601276040077,0.24163708835840225,0.00531107559800148
42,C2,0.03,32,0,2000,phase23_new,22102,session14,0.2882222905755043,0.3003300651907921,0.01210777461528778
42,C2,0.03,32,0,2000,phase23_new,22102,session15,0.2415991574525833,0.25078798085451126,0.009188823401927948
42,C2,0.03,32,0,2000,phase23_new,22102,session16,0.26670952886343,0.29202187061309814,0.02531234174966812
42,C2,0.03,32,0,2000,phase23_new,22102,session17,0.27141333371400833,0.27778951823711395,0.006376184523105621
42,C2,0.03,32,0,2000,phase23_new,22102,session18,0.22331826388835907,0.25156819447875023,0.02824993059039116
42,C2,0.03,32,0,2000,phase23_new,22102,session19,0.24776073917746544,0.25485584512352943,0.007095105946063995
42,C2,0.03,32,0,2000,phase23_new,22102,session2,0.25088949128985405,0.276930570602417,0.026041079312562943
42,C2,0.03,32,0,2000,phase23_new,22102,session21,0.24947905912995338,0.26133187115192413,0.011852812021970749
42,C2,0.03,32,0,2000,phase23_new,22102,session3,0.28646162524819374,0.2992878928780556,0.012826267629861832
42,C2,0.03,32,0,2000,phase23_new,22102,session4,0.261270884424448,0.2682622969150543,0.006991412490606308
42,C2,0.03,32,0,2000,phase23_new,22102,session5,0.21729299426078796,0.23076069355010986,0.0134676992893219
42,C2,0.03,32,0,2000,phase23_new,22102,session6,0.21805471181869507,0.22059249505400658,0.002537783235311508
42,C2,0.03,32,0,2000,phase23_new,22102,session7,0.2242843136191368,0.2341771088540554,0.009892795234918594
42,C2,0.03,32,0,2000,phase23_new,22102,session9,0.26188458129763603,0.29936274513602257,0.037478163838386536
42,C2,0.03,32,0,2000,phase23_new,22103,session0,0.239344023168087,0.24764574691653252,0.00830172374844551
42,C2,0.03,32,0,2000,phase23_new,22103,session1,0.24649685993790627,0.2643963694572449,0.017899509519338608
42,C2,0.03,32,0,2000,phase23_new,22103,session10,0.2206234410405159,0.2339485026896,0.013325061649084091
42,C2,0.03,32,0,2000,phase23_new,22103,session11,0.2639930211007595,0.31835293769836426,0.05435991659760475
42,C2,0.03,32,0,2000,phase23_new,22103,session12,0.24011612683534622,0.24949351698160172,0.009377390146255493
42,C2,0.03,32,0,2000,phase23_new,22103,session13,0.23632601276040077,0.252106174826622,0.015780162066221237
42,C2,0.03,32,0,2000,phase23_new,22103,session14,0.2882222905755043,0.288344107568264,0.00012181699275970459
42,C2,0.03,32,0,2000,phase23_new,22103,session15,0.2415991574525833,0.25078798085451126,0.009188823401927948
42,C2,0.03,32,0,2000,phase23_new,22103,session16,0.26670952886343,0.26397082954645157,-0.0027386993169784546
42,C2,0.03,32,0,2000,phase23_new,22103,session17,0.27141333371400833,0.27778951823711395,0.006376184523105621
42,C2,0.03,32,0,2000,phase23_new,22103,session18,0.22331826388835907,0.27355585247278214,0.050237588584423065
42,C2,0.03,32,0,2000,phase23_new,22103,session19,0.24776073917746544,0.28199877962470055,0.03423804044723511
42,C2,0.03,32,0,2000,phase23_new,22103,session2,0.25088949128985405,0.2529139518737793,0.002024460583925247
42,C2,0.03,32,0,2000,phase23_new,22103,session21,0.24947905912995338,0.24750475957989693,-0.0019742995500564575
42,C2,0.03,32,0,2000,phase23_new,22103,session3,0.28646162524819374,0.29113689810037613,0.004675272852182388
42,C2,0.03,32,0,2000,phase23_new,22103,session4,0.261270884424448,0.2612980008125305,2.7116388082504272e-05
42,C2,0.03,32,0,2000,phase23_new,22103,session5,0.21729299426078796,0.23516155034303665,0.017868556082248688
42,C2,0.03,32,0,2000,phase23_new,22103,session6,0.21805471181869507,0.22059249505400658,0.002537783235311508
42,C2,0.03,32,0,2000,phase23_new,22103,session7,0.2242843136191368,0.23207397013902664,0.0077896565198898315
42,C2,0.03,32,0,2000,phase23_new,22103,session9,0.26188458129763603,0.29936274513602257,0.037478163838386536
42,C2,0.03,64,0,2000,phase23_new,22101,session0,0.23814158141613007,0.30596620962023735,0.06782462820410728
42,C2,0.03,64,0,2000,phase23_new,22101,session1,0.24396922811865807,0.26985282450914383,0.025883596390485764
42,C2,0.03,64,0,2000,phase23_new,22101,session10,0.22272123768925667,0.25045618787407875,0.027734950184822083
42,C2,0.03,64,0,2000,phase23_new,22101,session11,0.2670054920017719,0.32211510837078094,0.05510961636900902
42,C2,0.03,64,0,2000,phase23_new,22101,session12,0.24395165964961052,0.2532879002392292,0.009336240589618683
42,C2,0.03,64,0,2000,phase23_new,22101,session13,0.2386818677186966,0.2517283335328102,0.013046465814113617
42,C2,0.03,64,0,2000,phase23_new,22101,session14,0.29106369242072105,0.297515831887722,0.006452139467000961
42,C2,0.03,64,0,2000,phase23_new,22101,session15,0.24276341870427132,0.24389710649847984,0.0011336877942085266
42,C2,0.03,64,0,2000,phase23_new,22101,session16,0.26696597412228584,0.28246838599443436,0.015502411872148514
42,C2,0.03,64,0,2000,phase23_new,22101,session17,0.26989663392305374,0.30619102716445923,0.03629439324140549
42,C2,0.03,64,0,2000,phase23_new,22101,session18,0.22443834319710732,0.280977088958025,0.056538745760917664
42,C2,0.03,64,0,2000,phase23_new,22101,session19,0.24924182519316673,0.2603618800640106,0.011120054870843887
42,C2,0.03,64,0,2000,phase23_new,22101,session2,0.2508034072816372,0.28095362335443497,0.030150216072797775
42,C2,0.03,64,0,2000,phase23_new,22101,session21,0.2527910880744457,0.26646117493510246,0.013670086860656738
42,C2,0.03,64,0,2000,phase23_new,22101,session3,0.2839192785322666,0.28906620666384697,0.005146928131580353
42,C2,0.03,64,0,2000,phase23_new,22101,session4,0.26238836720585823,0.26961884647607803,0.007230479270219803
42,C2,0.03,64,0,2000,phase23_new,22101,session5,0.2184278555214405,0.223198514431715,0.004770658910274506
42,C2,0.03,64,0,2000,phase23_new,22101,session6,0.218380406498909,0.22634153440594673,0.007961127907037735
42,C2,0.03,64,0,2000,phase23_new,22101,session7,0.2268040031194687,0.24240852147340775,0.015604518353939056
42,C2,0.03,64,0,2000,phase23_new,22101,session9,0.2637530528008938,0.29360849037766457,0.029855437576770782
42,C2,0.03,64,0,2000,phase23_new,22102,session0,0.23814158141613007,0.24319864064455032,0.005057059228420258
42,C2,0.03,64,0,2000,phase23_new,22102,session1,0.24396922811865807,0.2622241675853729,0.01825493946671486
42,C2,0.03,64,0,2000,phase23_new,22102,session10,0.22272123768925667,0.23669910430908203,0.013977866619825363
42,C2,0.03,64,0,2000,phase23_new,22102,session11,0.2670054920017719,0.2993393614888191,0.032333869487047195
42,C2,0.03,64,0,2000,phase23_new,22102,session12,0.24395165964961052,0.24380448088049889,-0.0001471787691116333
42,C2,0.03,64,0,2000,phase23_new,22102,session13,0.2386818677186966,0.24393559992313385,0.005253732204437256
42,C2,0.03,64,0,2000,phase23_new,22102,session14,0.29106369242072105,0.30323924869298935,0.012175556272268295
42,C2,0.03,64,0,2000,phase23_new,22102,session15,0.24276341870427132,0.2520071417093277,0.009243723005056381
42,C2,0.03,64,0,2000,phase23_new,22102,session16,0.26696597412228584,0.2925548255443573,0.025588851422071457
42,C2,0.03,64,0,2000,phase23_new,22102,session17,0.26989663392305374,0.27615681663155556,0.006260182708501816
42,C2,0.03,64,0,2000,phase23_new,22102,session18,0.22443834319710732,0.2528731897473335,0.02843484655022621
42,C2,0.03,64,0,2000,phase23_new,22102,session19,0.24924182519316673,0.2564348764717579,0.007193051278591156
42,C2,0.03,64,0,2000,phase23_new,22102,session2,0.2508034072816372,0.276723712682724,0.025920305401086807
42,C2,0.03,64,0,2000,phase23_new,22102,session21,0.2527910880744457,0.264193095266819,0.011402007192373276
42,C2,0.03,64,0,2000,phase23_new,22102,session3,0.2839192785322666,0.2969982177019119,0.01307893916964531
42,C2,0.03,64,0,2000,phase23_new,22102,session4,0.26238836720585823,0.26961884647607803,0.007230479270219803
42,C2,0.03,64,0,2000,phase23_new,22102,session5,0.2184278555214405,0.23188545182347298,0.01345759630203247
42,C2,0.03,64,0,2000,phase23_new,22102,session6,0.218380406498909,0.22072457522153854,0.002344168722629547
42,C2,0.03,64,0,2000,phase23_new,22102,session7,0.2268040031194687,0.2365955002605915,0.009791497141122818
42,C2,0.03,64,0,2000,phase23_new,22102,session9,0.2637530528008938,0.30113890022039413,0.03738584741950035
42,C2,0.03,64,0,2000,phase23_new,22103,session0,0.23814158141613007,0.2467409446835518,0.008599363267421722
42,C2,0.03,64,0,2000,phase23_new,22103,session1,0.24396922811865807,0.2622241675853729,0.01825493946671486
42,C2,0.03,64,0,2000,phase23_new,22103,session10,0.22272123768925667,0.23669910430908203,0.013977866619825363
42,C2,0.03,64,0,2000,phase23_new,22103,session11,0.2670054920017719,0.32156020402908325,0.054554712027311325
42,C2,0.03,64,0,2000,phase23_new,22103,session12,0.24395165964961052,0.2532879002392292,0.009336240589618683
42,C2,0.03,64,0,2000,phase23_new,22103,session13,0.2386818677186966,0.25443802028894424,0.01575615257024765
42,C2,0.03,64,0,2000,phase23_new,22103,session14,0.29106369242072105,0.29131846874952316,0.00025477632880210876
42,C2,0.03,64,0,2000,phase23_new,22103,session15,0.24276341870427132,0.2520071417093277,0.009243723005056381
42,C2,0.03,64,0,2000,phase23_new,22103,session16,0.26696597412228584,0.2647883966565132,-0.002177577465772629
42,C2,0.03,64,0,2000,phase23_new,22103,session17,0.26989663392305374,0.27615681663155556,0.006260182708501816
42,C2,0.03,64,0,2000,phase23_new,22103,session18,0.22443834319710732,0.27517876774072647,0.050740424543619156
42,C2,0.03,64,0,2000,phase23_new,22103,session19,0.24924182519316673,0.2835899218916893,0.03434809669852257
42,C2,0.03,64,0,2000,phase23_new,22103,session2,0.2508034072816372,0.2523619830608368,0.0015585757791996002
42,C2,0.03,64,0,2000,phase23_new,22103,session21,0.2527910880744457,0.2510440945625305,-0.001746993511915207
42,C2,0.03,64,0,2000,phase23_new,22103,session3,0.2839192785322666,0.28906620666384697,0.005146928131580353
42,C2,0.03,64,0,2000,phase23_new,22103,session4,0.26238836720585823,0.2624931260943413,0.00010475888848304749
42,C2,0.03,64,0,2000,phase23_new,22103,session5,0.2184278555214405,0.23633040115237236,0.017902545630931854
42,C2,0.03,64,0,2000,phase23_new,22103,session6,0.218380406498909,0.22072457522153854,0.002344168722629547
42,C2,0.03,64,0,2000,phase23_new,22103,session7,0.2268040031194687,0.23464419692754745,0.007840193808078766
42,C2,0.03,64,0,2000,phase23_new,22103,session9,0.2637530528008938,0.30113890022039413,0.03738584741950035
42,C2,0.03,32,1,2000,phase23_new,22101,session0,0.2258247397840023,0.29483208805322647,0.06900734826922417
42,C2,0.03,32,1,2000,phase23_new,22101,session1,0.2302870824933052,0.2564108408987522,0.026123758405447006
42,C2,0.03,32,1,2000,phase23_new,22101,session10,0.2216997966170311,0.24837655946612358,0.026676762849092484
42,C2,0.03,32,1,2000,phase23_new,22101,session11,0.27008697018027306,0.3251223787665367,0.05503540858626366
42,C2,0.03,32,1,2000,phase23_new,22101,session12,0.24967444315552711,0.2589454986155033,0.009271055459976196
42,C2,0.03,32,1,2000,phase23_new,22101,session13,0.23724230378866196,0.2508144788444042,0.013572175055742264
42,C2,0.03,32,1,2000,phase23_new,22101,session14,0.28517351672053337,0.29196449369192123,0.006790976971387863
42,C2,0.03,32,1,2000,phase23_new,22101,session15,0.24379979446530342,0.24438640847802162,0.0005866140127182007
42,C2,0.03,32,1,2000,phase23_new,22101,session16,0.2608853876590729,0.27740271762013435,0.016517329961061478
42,C2,0.03,32,1,2000,phase23_new,22101,session17,0.25920601561665535,0.2966844365000725,0.03747842088341713
42,C2,0.03,32,1,2000,phase23_new,22101,session18,0.22506576776504517,0.2783285826444626,0.05326281487941742
42,C2,0.03,32,1,2000,phase23_new,22101,session19,0.2512478716671467,0.262053731828928,0.010805860161781311
42,C2,0.03,32,1,2000,phase23_new,22101,session2,0.24686039239168167,0.2762063443660736,0.029345951974391937
42,C2,0.03,32,1,2000,phase23_new,22101,session21,0.25469936057925224,0.2678756006062031,0.013176240026950836
42,C2,0.03,32,1,2000,phase23_new,22101,session3,0.26847318932414055,0.27434321492910385,0.005870025604963303
42,C2,0.03,32,1,2000,phase23_new,22101,session4,0.26125987619161606,0.26884081587195396,0.007580939680337906
42,C2,0.03,32,1,2000,phase23_new,22101,session5,0.2150273621082306,0.21882836520671844,0.003801003098487854
42,C2,0.03,32,1,2000,phase23_new,22101,session6,0.21843071654438972,0.2256527729332447,0.0072220563888549805
42,C2,0.03,32,1,2000,phase23_new,22101,session7,0.2207193747162819,0.23719098418951035,0.016471609473228455
42,C2,0.03,32,1,2000,phase23_new,22101,session9,0.26137274503707886,0.2895948477089405,0.02822210267186165
42,C2,0.03,32,1,2000,phase23_new,22102,session0,0.2258247397840023,0.22883131727576256,0.003006577491760254
42,C2,0.03,32,1,2000,phase23_new,22102,session1,0.2302870824933052,0.24881671369075775,0.018529631197452545
42,C2,0.03,32,1,2000,phase23_new,22102,session10,0.2216997966170311,0.234984390437603,0.0132845938205719
42,C2,0.03,32,1,2000,phase23_new,22102,session11,0.27008697018027306,0.3030485138297081,0.03296154364943504
42,C2,0.03,32,1,2000,phase23_new,22102,session12,0.24967444315552711,0.24975380301475525,7.935985922813416e-05
42,C2,0.03,32,1,2000,phase23_new,22102,session13,0.23724230378866196,0.24270259588956833,0.005460292100906372
42,C2,0.03,32,1,2000,phase23_new,22102,session14,0.28517351672053337,0.2979389503598213,0.012765433639287949
42,C2,0.03,32,1,2000,phase23_new,22102,session15,0.24379979446530342,0.25096195563673973,0.00716216117143631
42,C2,0.03,32,1,2000,phase23_new,22102,session16,0.2608853876590729,0.28690390661358833,0.026018518954515457
42,C2,0.03,32,1,2000,phase23_new,22102,session17,0.25920601561665535,0.2656133361160755,0.006407320499420166
42,C2,0.03,32,1,2000,phase23_new,22102,session18,0.22506576776504517,0.25249237194657326,0.02742660418152809
42,C2,0.03,32,1,2000,phase23_new,22102,session19,0.2512478716671467,0.25740426778793335,0.006156396120786667
42,C2,0.03,32,1,2000,phase23_new,22102,session2,0.24686039239168167,0.27129310369491577,0.0244327113032341
42,C2,0.03,32,1,2000,phase23_new,22102,session21,0.25469936057925224,0.2654588557779789,0.010759495198726654
42,C2,0.03,32,1,2000,phase23_new,22102,session3,0.26847318932414055,0.2824218161404133,0.013948626816272736
42,C2,0.03,32,1,2000,phase23_new,22102,session4,0.26125987619161606,0.26884081587195396,0.007580939680337906
42,C2,0.03,32,1,2000,phase23_new,22102,session5,0.2150273621082306,0.22814513370394707,0.013117771595716476
42,C2,0.03,32,1,2000,phase23_new,22102,session6,0.21843071654438972,0.21967600286006927,0.0012452863156795502
42,C2,0.03,32,1,2000,phase23_new,22102,session7,0.2207193747162819,0.23164309561252594,0.010923720896244049
42,C2,0.03,32,1,2000,phase23_new,22102,session9,0.26137274503707886,0.297073595225811,0.03570085018873215
42,C2,0.03,32,1,2000,phase23_new,22103,session0,0.2258247397840023,0.23447489365935326,0.008650153875350952
42,C2,0.03,32,1,2000,phase23_new,22103,session1,0.2302870824933052,0.24881671369075775,0.018529631197452545
42,C2,0.03,32,1,2000,phase23_new,22103,session10,0.2216997966170311,0.234984390437603,0.0132845938205719
42,C2,0.03,32,1,2000,phase23_new,22103,session11,0.27008697018027306,0.3244820684194565,0.054395098239183426
42,C2,0.03,32,1,2000,phase23_new,22103,session12,0.24967444315552711,0.2589454986155033,0.009271055459976196
42,C2,0.03,32,1,2000,phase23_new,22103,session13,0.23724230378866196,0.2530438229441643,0.01580151915550232
42,C2,0.03,32,1,2000,phase23_new,22103,session14,0.28517351672053337,0.28546086698770523,0.00028735026717185974
42,C2,0.03,32,1,2000,phase23_new,22103,session15,0.24379979446530342,0.25096195563673973,0.00716216117143631
42,C2,0.03,32,1,2000,phase23_new,22103,session16,0.2608853876590729,0.2598295547068119,-0.001055832952260971
42,C2,0.03,32,1,2000,phase23_new,22103,session17,0.25920601561665535,0.2656133361160755,0.006407320499420166
42,C2,0.03,32,1,2000,phase23_new,22103,session18,0.22506576776504517,0.27484966069459915,0.049783892929553986
42,C2,0.03,32,1,2000,phase23_new,22103,session19,0.2512478716671467,0.28499453514814377,0.033746663480997086
42,C2,0.03,32,1,2000,phase23_new,22103,session2,0.24686039239168167,0.24658610671758652,-0.0002742856740951538
42,C2,0.03,32,1,2000,phase23_new,22103,session21,0.25469936057925224,0.2538133040070534,-0.0008860565721988678
42,C2,0.03,32,1,2000,phase23_new,22103,session3,0.26847318932414055,0.27434321492910385,0.005870025604963303
42,C2,0.03,32,1,2000,phase23_new,22103,session4,0.26125987619161606,0.261387899518013,0.00012802332639694214
42,C2,0.03,32,1,2000,phase23_new,22103,session5,0.2150273621082306,0.23254577443003654,0.017518412321805954
42,C2,0.03,32,1,2000,phase23_new,22103,session6,0.21843071654438972,0.21967600286006927,0.0012452863156795502
42,C2,0.03,32,1,2000,phase23_new,22103,session7,0.2207193747162819,0.22930743917822838,0.008588064461946487
42,C2,0.03,32,1,2000,phase23_new,22103,session9,0.26137274503707886,0.297073595225811,0.03570085018873215
42,C2,0.03,64,1,2000,phase23_new,22101,session0,0.23054805397987366,0.2994060441851616,0.06885799020528793
42,C2,0.03,64,1,2000,phase23_new,22101,session1,0.23606263101100922,0.26238323375582695,0.026320602744817734
42,C2,0.03,64,1,2000,phase23_new,22101,session10,0.2217143476009369,0.24890747293829918,0.02719312533736229
42,C2,0.03,64,1,2000,phase23_new,22101,session11,0.26861072704195976,0.3241122215986252,0.05550149455666542
42,C2,0.03,64,1,2000,phase23_new,22101,session12,0.24746786430478096,0.2567158155143261,0.009247951209545135
42,C2,0.03,64,1,2000,phase23_new,22101,session13,0.23689362406730652,0.2505212724208832,0.01362764835357666
42,C2,0.03,64,1,2000,phase23_new,22101,session14,0.28834598883986473,0.2952551543712616,0.006909165531396866
42,C2,0.03,64,1,2000,phase23_new,22101,session15,0.2414829134941101,0.24272246658802032,0.0012395530939102173
42,C2,0.03,64,1,2000,phase23_new,22101,session16,0.26442088559269905,0.2807006388902664,0.016279753297567368
42,C2,0.03,64,1,2000,phase23_new,22101,session17,0.2641354911029339,0.30105936899781227,0.03692387789487839
42,C2,0.03,64,1,2000,phase23_new,22101,session18,0.22285619750618935,0.27807267010211945,0.0552164725959301
42,C2,0.03,64,1,2000,phase23_new,22101,session19,0.2495865896344185,0.2608136869966984,0.011227097362279892
42,C2,0.03,64,1,2000,phase23_new,22101,session2,0.24891920015215874,0.27906104549765587,0.03014184534549713
42,C2,0.03,64,1,2000,phase23_new,22101,session21,0.2545996643602848,0.2675907015800476,0.012991037219762802
42,C2,0.03,64,1,2000,phase23_new,22101,session3,0.27622389420866966,0.2817058451473713,0.00548195093870163
42,C2,0.03,64,1,2000,phase23_new,22101,session4,0.25991879403591156,0.26762015372514725,0.007701359689235687
42,C2,0.03,64,1,2000,phase23_new,22101,session5,0.21429773792624474,0.21909507736563683,0.00479733943939209
42,C2,0.03,64,1,2000,phase23_new,22101,session6,0.21696021780371666,0.22435351461172104,0.007393296808004379
42,C2,0.03,64,1,2000,phase23_new,22101,session7,0.22137894853949547,0.23767143860459328,0.01629249006509781
42,C2,0.03,64,1,2000,phase23_new,22101,session9,0.261352576315403,0.290640689432621,0.029288113117218018
42,C2,0.03,64,1,2000,phase23_new,22102,session0,0.23054805397987366,0.2342548370361328,0.0037067830562591553
42,C2,0.03,64,1,2000,phase23_new,22102,session1,0.23606263101100922,0.2545594312250614,0.0184968002140522
42,C2,0.03,64,1,2000,phase23_new,22102,session10,0.2217143476009369,0.23576286062598228,0.014048513025045395
42,C2,0.03,64,1,2000,phase23_new,22102,session11,0.26861072704195976,0.3018461987376213,0.033235471695661545
42,C2,0.03,64,1,2000,phase23_new,22102,session12,0.24746786430478096,0.247537761926651,6.98976218700409e-05
42,C2,0.03,64,1,2000,phase23_new,22102,session13,0.23689362406730652,0.24245158955454826,0.005557965487241745
42,C2,0.03,64,1,2000,phase23_new,22102,session14,0.28834598883986473,0.30100515484809875,0.012659166008234024
42,C2,0.03,64,1,2000,phase23_new,22102,session15,0.2414829134941101,0.24951263144612312,0.008029717952013016
42,C2,0.03,64,1,2000,phase23_new,22102,session16,0.26442088559269905,0.2903602607548237,0.025939375162124634
42,C2,0.03,64,1,2000,phase23_new,22102,session17,0.2641354911029339,0.2700580731034279,0.005922582000494003
42,C2,0.03,64,1,2000,phase23_new,22102,session18,0.22285619750618935,0.25105199217796326,0.02819579467177391
42,C2,0.03,64,1,2000,phase23_new,22102,session19,0.2495865896344185,0.2564638555049896,0.0068772658705711365
42,C2,0.03,64,1,2000,phase23_new,22102,session2,0.24891920015215874,0.2743147574365139,0.025395557284355164
42,C2,0.03,64,1,2000,phase23_new,22102,session21,0.2545996643602848,0.2654620222747326,0.010862357914447784
42,C2,0.03,64,1,2000,phase23_new,22102,session3,0.27622389420866966,0.2897952273488045,0.013571333140134811
42,C2,0.03,64,1,2000,phase23_new,22102,session4,0.25991879403591156,0.26762015372514725,0.007701359689235687
42,C2,0.03,64,1,2000,phase23_new,22102,session5,0.21429773792624474,0.22764436900615692,0.013346631079912186
42,C2,0.03,64,1,2000,phase23_new,22102,session6,0.21696021780371666,0.21824316307902336,0.0012829452753067017
42,C2,0.03,64,1,2000,phase23_new,22102,session7,0.22137894853949547,0.232215728610754,0.010836780071258545
42,C2,0.03,64,1,2000,phase23_new,22102,session9,0.261352576315403,0.2978816442191601,0.036529067903757095
42,C2,0.03,64,1,2000,phase23_new,22103,session0,0.23054805397987366,0.23923785984516144,0.00868980586528778
42,C2,0.03,64,1,2000,phase23_new,22103,session1,0.23606263101100922,0.2545594312250614,0.0184968002140522
42,C2,0.03,64,1,2000,phase23_new,22103,session10,0.2217143476009369,0.23576286062598228,0.014048513025045395
42,C2,0.03,64,1,2000,phase23_new,22103,session11,0.26861072704195976,0.32374240458011627,0.05513167753815651
42,C2,0.03,64,1,2000,phase23_new,22103,session12,0.24746786430478096,0.2567158155143261,0.009247951209545135
42,C2,0.03,64,1,2000,phase23_new,22103,session13,0.23689362406730652,0.25306661427021027,0.016172990202903748
42,C2,0.03,64,1,2000,phase23_new,22103,session14,0.28834598883986473,0.2889034301042557,0.0005574412643909454
42,C2,0.03,64,1,2000,phase23_new,22103,session15,0.2414829134941101,0.24951263144612312,0.008029717952013016
42,C2,0.03,64,1,2000,phase23_new,22103,session16,0.26442088559269905,0.26286954805254936,-0.0015513375401496887
42,C2,0.03,64,1,2000,phase23_new,22103,session17,0.2641354911029339,0.2700580731034279,0.005922582000494003
42,C2,0.03,64,1,2000,phase23_new,22103,session18,0.22285619750618935,0.2736383005976677,0.05078210309147835
42,C2,0.03,64,1,2000,phase23_new,22103,session19,0.2495865896344185,0.283881738781929,0.03429514914751053
42,C2,0.03,64,1,2000,phase23_new,22103,session2,0.24891920015215874,0.24939730390906334,0.00047810375690460205
42,C2,0.03,64,1,2000,phase23_new,22103,session21,0.2545996643602848,0.25279051065444946,-0.0018091537058353424
42,C2,0.03,64,1,2000,phase23_new,22103,session3,0.27622389420866966,0.2817058451473713,0.00548195093870163
42,C2,0.03,64,1,2000,phase23_new,22103,session4,0.25991879403591156,0.2601075619459152,0.0001887679100036621
42,C2,0.03,64,1,2000,phase23_new,22103,session5,0.21429773792624474,0.23256631940603256,0.018268581479787827
42,C2,0.03,64,1,2000,phase23_new,22103,session6,0.21696021780371666,0.21824316307902336,0.0012829452753067017
42,C2,0.03,64,1,2000,phase23_new,22103,session7,0.22137894853949547,0.23004335537552834,0.008664406836032867
42,C2,0.03,64,1,2000,phase23_new,22103,session9,0.261352576315403,0.2978816442191601,0.036529067903757095
42,C2,0.1,32,0,2000,phase22_reused,22101,session0,0.23399664461612701,0.3023686371743679,0.06837199255824089
42,C2,0.1,32,0,2000,phase22_reused,22101,session1,0.24398108199238777,0.2715029940009117,0.02752191200852394
42,C2,0.1,32,0,2000,phase22_reused,22101,session10,0.21778756380081177,0.24869022890925407,0.030902665108442307
42,C2,0.1,32,0,2000,phase22_reused,22101,session11,0.26159920915961266,0.32402703166007996,0.0624278225004673
42,C2,0.1,32,0,2000,phase22_reused,22101,session12,0.2437002696096897,0.2510646656155586,0.007364396005868912
42,C2,0.1,32,0,2000,phase22_reused,22101,session13,0.2427581250667572,0.25546321272850037,0.012705087661743164
42,C2,0.1,32,0,2000,phase22_reused,22101,session14,0.27531545609235764,0.28193265199661255,0.006617195904254913
42,C2,0.1,32,0,2000,phase22_reused,22101,session15,0.24681927636265755,0.24279261007905006,-0.004026666283607483
42,C2,0.1,32,0,2000,phase22_reused,22101,session16,0.26544442400336266,0.2817631624639034,0.01631873846054077
42,C2,0.1,32,0,2000,phase22_reused,22101,session17,0.26582807675004005,0.30229122936725616,0.03646315261721611
42,C2,0.1,32,0,2000,phase22_reused,22101,session18,0.2293122112751007,0.2823600620031357,0.05304785072803497
42,C2,0.1,32,0,2000,phase22_reused,22101,session19,0.25575313717126846,0.26272567734122276,0.0069725401699543
42,C2,0.1,32,0,2000,phase22_reused,22101,session2,0.2547222226858139,0.28569433838129044,0.030972115695476532
42,C2,0.1,32,0,2000,phase22_reused,22101,session21,0.24700822681188583,0.26470477879047394,0.017696551978588104
42,C2,0.1,32,0,2000,phase22_reused,22101,session3,0.2796034440398216,0.282525859773159,0.0029224157333374023
42,C2,0.1,32,0,2000,phase22_reused,22101,session4,0.2547316327691078,0.26630550250411034,0.011573869735002518
42,C2,0.1,32,0,2000,phase22_reused,22101,session5,0.2231728471815586,0.2199191153049469,-0.0032537318766117096
42,C2,0.1,32,0,2000,phase22_reused,22101,session6,0.21832579001784325,0.22972960397601128,0.01140381395816803
42,C2,0.1,32,0,2000,phase22_reused,22101,session7,0.21907437592744827,0.2379828318953514,0.018908455967903137
42,C2,0.1,32,0,2000,phase22_reused,22101,session9,0.26352788135409355,0.2942897714674473,0.03076189011335373
42,C2,0.1,32,0,2000,phase22_reused,22102,session0,0.23399664461612701,0.24112066999077797,0.007124025374650955
42,C2,0.1,32,0,2000,phase22_reused,22102,session1,0.24398108199238777,0.2682464048266411,0.02426532283425331
42,C2,0.1,32,0,2000,phase22_reused,22102,session10,0.21778756380081177,0.23322215303778648,0.015434589236974716
42,C2,0.1,32,0,2000,phase22_reused,22102,session11,0.26159920915961266,0.2958282008767128,0.03422899171710014
42,C2,0.1,32,0,2000,phase22_reused,22102,session12,0.2437002696096897,0.24188707023859024,-0.001813199371099472
42,C2,0.1,32,0,2000,phase22_reused,22102,session13,0.2427581250667572,0.2453993298113346,0.002641204744577408
42,C2,0.1,32,0,2000,phase22_reused,22102,session14,0.27531545609235764,0.2888989597558975,0.013583503663539886
42,C2,0.1,32,0,2000,phase22_reused,22102,session15,0.24681927636265755,0.24769394844770432,0.0008746720850467682
42,C2,0.1,32,0,2000,phase22_reused,22102,session16,0.26544442400336266,0.2897971235215664,0.024352699518203735
42,C2,0.1,32,0,2000,phase22_reused,22102,session17,0.26582807675004005,0.2752034403383732,0.00937536358833313
42,C2,0.1,32,0,2000,phase22_reused,22102,session18,0.2293122112751007,0.2549590691924095,0.025646857917308807
42,C2,0.1,32,0,2000,phase22_reused,22102,session19,0.25575313717126846,0.2598440460860729,0.004090908914804459
42,C2,0.1,32,0,2000,phase22_reused,22102,session2,0.2547222226858139,0.2770063541829586,0.0222841314971447
42,C2,0.1,32,0,2000,phase22_reused,22102,session21,0.24700822681188583,0.25658606365323067,0.009577836841344833
42,C2,0.1,32,0,2000,phase22_reused,22102,session3,0.2796034440398216,0.2908690646290779,0.011265620589256287
42,C2,0.1,32,0,2000,phase22_reused,22102,session4,0.2547316327691078,0.26630550250411034,0.011573869735002518
42,C2,0.1,32,0,2000,phase22_reused,22102,session5,0.2231728471815586,0.2323482371866703,0.009175390005111694
42,C2,0.1,32,0,2000,phase22_reused,22102,session6,0.21832579001784325,0.21246716007590294,-0.005858629941940308
42,C2,0.1,32,0,2000,phase22_reused,22102,session7,0.21907437592744827,0.23539260774850845,0.01631823182106018
42,C2,0.1,32,0,2000,phase22_reused,22102,session9,0.26352788135409355,0.3013208732008934,0.03779299184679985
42,C2,0.1,32,0,2000,phase22_reused,22103,session0,0.23399664461612701,0.24722390994429588,0.013227265328168869
42,C2,0.1,32,0,2000,phase22_reused,22103,session1,0.24398108199238777,0.2682464048266411,0.02426532283425331
42,C2,0.1,32,0,2000,phase22_reused,22103,session10,0.21778756380081177,0.23322215303778648,0.015434589236974716
42,C2,0.1,32,0,2000,phase22_reused,22103,session11,0.26159920915961266,0.32109179347753525,0.05949258431792259
42,C2,0.1,32,0,2000,phase22_reused,22103,session12,0.2437002696096897,0.2510646656155586,0.007364396005868912
42,C2,0.1,32,0,2000,phase22_reused,22103,session13,0.2427581250667572,0.25822489336133003,0.01546676829457283
42,C2,0.1,32,0,2000,phase22_reused,22103,session14,0.27531545609235764,0.27709025144577026,0.0017747953534126282
42,C2,0.1,32,0,2000,phase22_reused,22103,session15,0.24681927636265755,0.24769394844770432,0.0008746720850467682
42,C2,0.1,32,0,2000,phase22_reused,22103,session16,0.26544442400336266,0.25928820297122,-0.006156221032142639
42,C2,0.1,32,0,2000,phase22_reused,22103,session17,0.26582807675004005,0.2752034403383732,0.00937536358833313
42,C2,0.1,32,0,2000,phase22_reused,22103,session18,0.2293122112751007,0.2724713422358036,0.043159130960702896
42,C2,0.1,32,0,2000,phase22_reused,22103,session19,0.25575313717126846,0.28950198739767075,0.03374885022640228
42,C2,0.1,32,0,2000,phase22_reused,22103,session2,0.2547222226858139,0.24948103353381157,-0.005241189152002335
42,C2,0.1,32,0,2000,phase22_reused,22103,session21,0.24700822681188583,0.24661032482981682,-0.0003979019820690155
42,C2,0.1,32,0,2000,phase22_reused,22103,session3,0.2796034440398216,0.282525859773159,0.0029224157333374023
42,C2,0.1,32,0,2000,phase22_reused,22103,session4,0.2547316327691078,0.26097964867949486,0.006248015910387039
42,C2,0.1,32,0,2000,phase22_reused,22103,session5,0.2231728471815586,0.23365651443600655,0.010483667254447937
42,C2,0.1,32,0,2000,phase22_reused,22103,session6,0.21832579001784325,0.21246716007590294,-0.005858629941940308
42,C2,0.1,32,0,2000,phase22_reused,22103,session7,0.21907437592744827,0.2331337258219719,0.01405934989452362
42,C2,0.1,32,0,2000,phase22_reused,22103,session9,0.26352788135409355,0.3013208732008934,0.03779299184679985
42,C2,0.1,64,0,2000,phase22_reused,22101,session0,0.2309058979153633,0.3009755127131939,0.07006961479783058
42,C2,0.1,64,0,2000,phase22_reused,22101,session1,0.24063275381922722,0.2690815143287182,0.028448760509490967
42,C2,0.1,64,0,2000,phase22_reused,22101,session10,0.21806062012910843,0.24814509227871895,0.03008447214961052
42,C2,0.1,64,0,2000,phase22_reused,22101,session11,0.2637098766863346,0.32567035406827927,0.061960477381944656
42,C2,0.1,64,0,2000,phase22_reused,22101,session12,0.24661049991846085,0.25425055995583534,0.0076400600373744965
42,C2,0.1,64,0,2000,phase22_reused,22101,session13,0.24247943982481956,0.25502078607678413,0.012541346251964569
42,C2,0.1,64,0,2000,phase22_reused,22101,session14,0.27679143100976944,0.2840687036514282,0.007277272641658783
42,C2,0.1,64,0,2000,phase22_reused,22101,session15,0.246127150952816,0.24217426404356956,-0.003952886909246445
42,C2,0.1,64,0,2000,phase22_reused,22101,session16,0.2655559293925762,0.2833882346749306,0.017832305282354355
42,C2,0.1,64,0,2000,phase22_reused,22101,session17,0.2637425363063812,0.3011661395430565,0.03742360323667526
42,C2,0.1,64,0,2000,phase22_reused,22101,session18,0.2280760481953621,0.2803345024585724,0.0522584542632103
42,C2,0.1,64,0,2000,phase22_reused,22101,session19,0.256220992654562,0.2642640247941017,0.008043032139539719
42,C2,0.1,64,0,2000,phase22_reused,22101,session2,0.2545037940144539,0.28513428568840027,0.03063049167394638
42,C2,0.1,64,0,2000,phase22_reused,22101,session21,0.24845190346240997,0.2662254348397255,0.01777353137731552
42,C2,0.1,64,0,2000,phase22_reused,22101,session3,0.2775828577578068,0.28150342777371407,0.003920570015907288
42,C2,0.1,64,0,2000,phase22_reused,22101,session4,0.2551397643983364,0.2667449936270714,0.01160522922873497
42,C2,0.1,64,0,2000,phase22_reused,22101,session5,0.22130874171853065,0.21867259219288826,-0.002636149525642395
42,C2,0.1,64,0,2000,phase22_reused,22101,session6,0.21853706985712051,0.22915101796388626,0.010613948106765747
42,C2,0.1,64,0,2000,phase22_reused,22101,session7,0.2164306566119194,0.23534424230456352,0.01891358569264412
42,C2,0.1,64,0,2000,phase22_reused,22101,session9,0.26315709948539734,0.2936275005340576,0.03047040104866028
42,C2,0.1,64,0,2000,phase22_reused,22102,session0,0.2309058979153633,0.23758597299456596,0.006680075079202652
42,C2,0.1,64,0,2000,phase22_reused,22102,session1,0.24063275381922722,0.26586126163601875,0.025228507816791534
42,C2,0.1,64,0,2000,phase22_reused,22102,session10,0.21806062012910843,0.23326466605067253,0.015204045921564102
42,C2,0.1,64,0,2000,phase22_reused,22102,session11,0.2637098766863346,0.2982740178704262,0.03456414118409157
42,C2,0.1,64,0,2000,phase22_reused,22102,session12,0.24661049991846085,0.2452787458896637,-0.0013317540287971497
42,C2,0.1,64,0,2000,phase22_reused,22102,session13,0.24247943982481956,0.2449907399713993,0.0025113001465797424
42,C2,0.1,64,0,2000,phase22_reused,22102,session14,0.27679143100976944,0.29071178287267685,0.01392035186290741
42,C2,0.1,64,0,2000,phase22_reused,22102,session15,0.246127150952816,0.24703476950526237,0.0009076185524463654
42,C2,0.1,64,0,2000,phase22_reused,22102,session16,0.2655559293925762,0.2907203175127506,0.025164388120174408
42,C2,0.1,64,0,2000,phase22_reused,22102,session17,0.2637425363063812,0.27306510508060455,0.009322568774223328
42,C2,0.1,64,0,2000,phase22_reused,22102,session18,0.2280760481953621,0.2533801682293415,0.025304120033979416
42,C2,0.1,64,0,2000,phase22_reused,22102,session19,0.256220992654562,0.2611145079135895,0.004893515259027481
42,C2,0.1,64,0,2000,phase22_reused,22102,session2,0.2545037940144539,0.27642470225691795,0.021920908242464066
42,C2,0.1,64,0,2000,phase22_reused,22102,session21,0.24845190346240997,0.2581576369702816,0.009705733507871628
42,C2,0.1,64,0,2000,phase22_reused,22102,session3,0.2775828577578068,0.2898021228611469,0.012219265103340149
42,C2,0.1,64,0,2000,phase22_reused,22102,session4,0.2551397643983364,0.2667449936270714,0.01160522922873497
42,C2,0.1,64,0,2000,phase22_reused,22102,session5,0.22130874171853065,0.23105813190340996,0.009749390184879303
42,C2,0.1,64,0,2000,phase22_reused,22102,session6,0.21853706985712051,0.21283697336912155,-0.005700096487998962
42,C2,0.1,64,0,2000,phase22_reused,22102,session7,0.2164306566119194,0.232878927141428,0.01644827052950859
42,C2,0.1,64,0,2000,phase22_reused,22102,session9,0.26315709948539734,0.30089323222637177,0.037736132740974426
42,C2,0.1,64,0,2000,phase22_reused,22103,session0,0.2309058979153633,0.24427421763539314,0.013368319720029831
42,C2,0.1,64,0,2000,phase22_reused,22103,session1,0.24063275381922722,0.26586126163601875,0.025228507816791534
42,C2,0.1,64,0,2000,phase22_reused,22103,session10,0.21806062012910843,0.23326466605067253,0.015204045921564102
42,C2,0.1,64,0,2000,phase22_reused,22103,session11,0.2637098766863346,0.3232606276869774,0.059550751000642776
42,C2,0.1,64,0,2000,phase22_reused,22103,session12,0.24661049991846085,0.25425055995583534,0.0076400600373744965
42,C2,0.1,64,0,2000,phase22_reused,22103,session13,0.24247943982481956,0.25766973569989204,0.01519029587507248
42,C2,0.1,64,0,2000,phase22_reused,22103,session14,0.27679143100976944,0.2785515561699867,0.0017601251602172852
42,C2,0.1,64,0,2000,phase22_reused,22103,session15,0.246127150952816,0.24703476950526237,0.0009076185524463654
42,C2,0.1,64,0,2000,phase22_reused,22103,session16,0.2655559293925762,0.25999849662184715,-0.005557432770729065
42,C2,0.1,64,0,2000,phase22_reused,22103,session17,0.2637425363063812,0.27306510508060455,0.009322568774223328
42,C2,0.1,64,0,2000,phase22_reused,22103,session18,0.2280760481953621,0.2712261378765106,0.04315008968114853
42,C2,0.1,64,0,2000,phase22_reused,22103,session19,0.256220992654562,0.2909642942249775,0.0347433015704155
42,C2,0.1,64,0,2000,phase22_reused,22103,session2,0.2545037940144539,0.24880096688866615,-0.005702827125787735
42,C2,0.1,64,0,2000,phase22_reused,22103,session21,0.24845190346240997,0.24829215928912163,-0.00015974417328834534
42,C2,0.1,64,0,2000,phase22_reused,22103,session3,0.2775828577578068,0.28150342777371407,0.003920570015907288
42,C2,0.1,64,0,2000,phase22_reused,22103,session4,0.2551397643983364,0.2613005302846432,0.006160765886306763
42,C2,0.1,64,0,2000,phase22_reused,22103,session5,0.22130874171853065,0.23238517716526985,0.011076435446739197
42,C2,0.1,64,0,2000,phase22_reused,22103,session6,0.21853706985712051,0.21283697336912155,-0.005700096487998962
42,C2,0.1,64,0,2000,phase22_reused,22103,session7,0.2164306566119194,0.2305448167026043,0.01411416009068489
42,C2,0.1,64,0,2000,phase22_reused,22103,session9,0.26315709948539734,0.30089323222637177,0.037736132740974426
42,C2,0.1,32,1,2000,phase22_reused,22101,session0,0.22606686130166054,0.30150213465094566,0.07543527334928513
42,C2,0.1,32,1,2000,phase22_reused,22101,session1,0.23143545165657997,0.2635382115840912,0.032102759927511215
42,C2,0.1,32,1,2000,phase22_reused,22101,session10,0.2189725562930107,0.25084343180060387,0.031870875507593155
42,C2,0.1,32,1,2000,phase22_reused,22101,session11,0.2697201408445835,0.33439284563064575,0.06467270478606224
42,C2,0.1,32,1,2000,phase22_reused,22101,session12,0.25422677770256996,0.2644791528582573,0.010252375155687332
42,C2,0.1,32,1,2000,phase22_reused,22101,session13,0.24731392413377762,0.262518048286438,0.01520412415266037
42,C2,0.1,32,1,2000,phase22_reused,22101,session14,0.28585536405444145,0.2932335138320923,0.007378149777650833
42,C2,0.1,32,1,2000,phase22_reused,22101,session15,0.24334866553544998,0.23988007009029388,-0.0034685954451560974
42,C2,0.1,32,1,2000,phase22_reused,22101,session16,0.2669912166893482,0.28590158745646477,0.018910370767116547
42,C2,0.1,32,1,2000,phase22_reused,22101,session17,0.2593754567205906,0.29824554547667503,0.03887008875608444
42,C2,0.1,32,1,2000,phase22_reused,22101,session18,0.22758252918720245,0.28135424479842186,0.053771715611219406
42,C2,0.1,32,1,2000,phase22_reused,22101,session19,0.2590958811342716,0.26779209077358246,0.008696209639310837
42,C2,0.1,32,1,2000,phase22_reused,22101,session2,0.2546002008020878,0.2883523069322109,0.03375210613012314
42,C2,0.1,32,1,2000,phase22_reused,22101,session21,0.2559770531952381,0.27388862147927284,0.01791156828403473
42,C2,0.1,32,1,2000,phase22_reused,22101,session3,0.27378929033875465,0.2773897051811218,0.0036004148423671722
42,C2,0.1,32,1,2000,phase22_reused,22101,session4,0.2581932991743088,0.26915429159998894,0.01096099242568016
42,C2,0.1,32,1,2000,phase22_reused,22101,session5,0.22001738473773003,0.21674468740820885,-0.003272697329521179
42,C2,0.1,32,1,2000,phase22_reused,22101,session6,0.2186463437974453,0.22655049711465836,0.007904153317213058
42,C2,0.1,32,1,2000,phase22_reused,22101,session7,0.2136632427573204,0.23338539525866508,0.01972215250134468
42,C2,0.1,32,1,2000,phase22_reused,22101,session9,0.264436986297369,0.2992466278374195,0.03480964154005051
42,C2,0.1,32,1,2000,phase22_reused,22102,session0,0.22606686130166054,0.23209726437926292,0.0060304030776023865
42,C2,0.1,32,1,2000,phase22_reused,22102,session1,0.23143545165657997,0.2586601600050926,0.02722470834851265
42,C2,0.1,32,1,2000,phase22_reused,22102,session10,0.2189725562930107,0.23626594245433807,0.017293386161327362
42,C2,0.1,32,1,2000,phase22_reused,22102,session11,0.2697201408445835,0.3067074716091156,0.03698733076453209
42,C2,0.1,32,1,2000,phase22_reused,22102,session12,0.25422677770256996,0.25466635823249817,0.0004395805299282074
42,C2,0.1,32,1,2000,phase22_reused,22102,session13,0.24731392413377762,0.2515371963381767,0.004223272204399109
42,C2,0.1,32,1,2000,phase22_reused,22102,session14,0.28585536405444145,0.30094578862190247,0.015090424567461014
42,C2,0.1,32,1,2000,phase22_reused,22102,session15,0.24334866553544998,0.2437596507370472,0.00041098520159721375
42,C2,0.1,32,1,2000,phase22_reused,22102,session16,0.2669912166893482,0.29440290480852127,0.02741168811917305
42,C2,0.1,32,1,2000,phase22_reused,22102,session17,0.2593754567205906,0.2662424258887768,0.006866969168186188
42,C2,0.1,32,1,2000,phase22_reused,22102,session18,0.22758252918720245,0.25531764701008797,0.027735117822885513
42,C2,0.1,32,1,2000,phase22_reused,22102,session19,0.2590958811342716,0.26413536444306374,0.005039483308792114
42,C2,0.1,32,1,2000,phase22_reused,22102,session2,0.2546002008020878,0.2774563357234001,0.022856134921312332
42,C2,0.1,32,1,2000,phase22_reused,22102,session21,0.2559770531952381,0.26558026298880577,0.009603209793567657
42,C2,0.1,32,1,2000,phase22_reused,22102,session3,0.27378929033875465,0.2870570048689842,0.013267714530229568
42,C2,0.1,32,1,2000,phase22_reused,22102,session4,0.2581932991743088,0.26915429159998894,0.01096099242568016
42,C2,0.1,32,1,2000,phase22_reused,22102,session5,0.22001738473773003,0.23058268055319786,0.010565295815467834
42,C2,0.1,32,1,2000,phase22_reused,22102,session6,0.2186463437974453,0.2125474214553833,-0.0060989223420619965
42,C2,0.1,32,1,2000,phase22_reused,22102,session7,0.2136632427573204,0.2311861217021942,0.01752287894487381
42,C2,0.1,32,1,2000,phase22_reused,22102,session9,0.264436986297369,0.30525708943605423,0.040820103138685226
42,C2,0.1,32,1,2000,phase22_reused,22103,session0,0.22606686130166054,0.24081608280539513,0.014749221503734589
42,C2,0.1,32,1,2000,phase22_reused,22103,session1,0.23143545165657997,0.2586601600050926,0.02722470834851265
42,C2,0.1,32,1,2000,phase22_reused,22103,session10,0.2189725562930107,0.23626594245433807,0.017293386161327362
42,C2,0.1,32,1,2000,phase22_reused,22103,session11,0.2697201408445835,0.33297067880630493,0.06325053796172142
42,C2,0.1,32,1,2000,phase22_reused,22103,session12,0.25422677770256996,0.2644791528582573,0.010252375155687332
42,C2,0.1,32,1,2000,phase22_reused,22103,session13,0.24731392413377762,0.2650941535830498,0.017780229449272156
42,C2,0.1,32,1,2000,phase22_reused,22103,session14,0.28585536405444145,0.2885277569293976,0.002672392874956131
42,C2,0.1,32,1,2000,phase22_reused,22103,session15,0.24334866553544998,0.2437596507370472,0.00041098520159721375
42,C2,0.1,32,1,2000,phase22_reused,22103,session16,0.2669912166893482,0.2623032294213772,-0.004687987267971039
42,C2,0.1,32,1,2000,phase22_reused,22103,session17,0.2593754567205906,0.2662424258887768,0.006866969168186188
42,C2,0.1,32,1,2000,phase22_reused,22103,session18,0.22758252918720245,0.2735649310052395,0.04598240181803703
42,C2,0.1,32,1,2000,phase22_reused,22103,session19,0.2590958811342716,0.2971269190311432,0.03803103789687157
42,C2,0.1,32,1,2000,phase22_reused,22103,session2,0.2546002008020878,0.24713371321558952,-0.0074664875864982605
42,C2,0.1,32,1,2000,phase22_reused,22103,session21,0.2559770531952381,0.25535737723112106,-0.0006196759641170502
42,C2,0.1,32,1,2000,phase22_reused,22103,session3,0.27378929033875465,0.2773897051811218,0.0036004148423671722
42,C2,0.1,32,1,2000,phase22_reused,22103,session4,0.2581932991743088,0.26383883878588676,0.005645539611577988
42,C2,0.1,32,1,2000,phase22_reused,22103,session5,0.22001738473773003,0.23295484110713005,0.012937456369400024
42,C2,0.1,32,1,2000,phase22_reused,22103,session6,0.2186463437974453,0.2125474214553833,-0.0060989223420619965
42,C2,0.1,32,1,2000,phase22_reused,22103,session7,0.2136632427573204,0.2281530760228634,0.014489833265542984
42,C2,0.1,32,1,2000,phase22_reused,22103,session9,0.264436986297369,0.30525708943605423,0.040820103138685226
42,C2,0.1,64,1,2000,phase22_reused,22101,session0,0.22930192574858665,0.30249957367777824,0.07319764792919159
42,C2,0.1,64,1,2000,phase22_reused,22101,session1,0.2372623048722744,0.267699234187603,0.030436929315328598
42,C2,0.1,64,1,2000,phase22_reused,22101,session10,0.2190491333603859,0.2494579292833805,0.030408795922994614
42,C2,0.1,64,1,2000,phase22_reused,22101,session11,0.26776449009776115,0.3303361162543297,0.06257162615656853
42,C2,0.1,64,1,2000,phase22_reused,22101,session12,0.2520178332924843,0.26087436079978943,0.008856527507305145
42,C2,0.1,64,1,2000,phase22_reused,22101,session13,0.24578604102134705,0.25996384769678116,0.014177806675434113
42,C2,0.1,64,1,2000,phase22_reused,22101,session14,0.28177665174007416,0.2889464646577835,0.007169812917709351
42,C2,0.1,64,1,2000,phase22_reused,22101,session15,0.24492740258574486,0.24147320166230202,-0.0034542009234428406
42,C2,0.1,64,1,2000,phase22_reused,22101,session16,0.26815884187817574,0.28673023357987404,0.018571391701698303
42,C2,0.1,64,1,2000,phase22_reused,22101,session17,0.2630854807794094,0.3013110086321831,0.038225527852773666
42,C2,0.1,64,1,2000,phase22_reused,22101,session18,0.2295345440506935,0.2815794497728348,0.052044905722141266
42,C2,0.1,64,1,2000,phase22_reused,22101,session19,0.25891759619116783,0.26733963936567307,0.008422043174505234
42,C2,0.1,64,1,2000,phase22_reused,22101,session2,0.2555134706199169,0.2877422571182251,0.03222878649830818
42,C2,0.1,64,1,2000,phase22_reused,22101,session21,0.2538514845073223,0.2718409560620785,0.017989471554756165
42,C2,0.1,64,1,2000,phase22_reused,22101,session3,0.2774500586092472,0.28099606931209564,0.0035460107028484344
42,C2,0.1,64,1,2000,phase22_reused,22101,session4,0.2567719928920269,0.2678917981684208,0.01111980527639389
42,C2,0.1,64,1,2000,phase22_reused,22101,session5,0.22058170288801193,0.21765434369444847,-0.0029273591935634613
42,C2,0.1,64,1,2000,phase22_reused,22101,session6,0.21840642765164375,0.22732942551374435,0.008922997862100601
42,C2,0.1,64,1,2000,phase22_reused,22101,session7,0.21453385800123215,0.23412402346730232,0.019590165466070175
42,C2,0.1,64,1,2000,phase22_reused,22101,session9,0.26399821043014526,0.29654594138264656,0.0325477309525013
42,C2,0.1,64,1,2000,phase22_reused,22102,session0,0.22930192574858665,0.2357269562780857,0.006425030529499054
42,C2,0.1,64,1,2000,phase22_reused,22102,session1,0.2372623048722744,0.2643650323152542,0.027102727442979813
42,C2,0.1,64,1,2000,phase22_reused,22102,session10,0.2190491333603859,0.23480435833334923,0.015755224972963333
42,C2,0.1,64,1,2000,phase22_reused,22102,session11,0.26776449009776115,0.3027494326233864,0.03498494252562523
42,C2,0.1,64,1,2000,phase22_reused,22102,session12,0.2520178332924843,0.2520192563533783,1.4230608940124512e-06
42,C2,0.1,64,1,2000,phase22_reused,22102,session13,0.24578604102134705,0.24915014579892159,0.003364104777574539
42,C2,0.1,64,1,2000,phase22_reused,22102,session14,0.28177665174007416,0.2964065372943878,0.01462988555431366
42,C2,0.1,64,1,2000,phase22_reused,22102,session15,0.24492740258574486,0.2455466017127037,0.000619199126958847
42,C2,0.1,64,1,2000,phase22_reused,22102,session16,0.26815884187817574,0.29432371258735657,0.026164870709180832
42,C2,0.1,64,1,2000,phase22_reused,22102,session17,0.2630854807794094,0.2710409499704838,0.007955469191074371
42,C2,0.1,64,1,2000,phase22_reused,22102,session18,0.2295345440506935,0.25573745742440224,0.026202913373708725
42,C2,0.1,64,1,2000,phase22_reused,22102,session19,0.25891759619116783,0.26410068944096565,0.005183093249797821
42,C2,0.1,64,1,2000,phase22_reused,22102,session2,0.2555134706199169,0.277645967900753,0.022132497280836105
42,C2,0.1,64,1,2000,phase22_reused,22102,session21,0.2538514845073223,0.2637283131480217,0.009876828640699387
42,C2,0.1,64,1,2000,phase22_reused,22102,session3,0.2774500586092472,0.29004500061273575,0.01259494200348854
42,C2,0.1,64,1,2000,phase22_reused,22102,session4,0.2567719928920269,0.2678917981684208,0.01111980527639389
42,C2,0.1,64,1,2000,phase22_reused,22102,session5,0.22058170288801193,0.23054594546556473,0.009964242577552795
42,C2,0.1,64,1,2000,phase22_reused,22102,session6,0.21840642765164375,0.21302135288715363,-0.0053850747644901276
42,C2,0.1,64,1,2000,phase22_reused,22102,session7,0.21453385800123215,0.23186971247196198,0.017335854470729828
42,C2,0.1,64,1,2000,phase22_reused,22102,session9,0.26399821043014526,0.30307669937610626,0.039078488945961
42,C2,0.1,64,1,2000,phase22_reused,22103,session0,0.22930192574858665,0.24386432394385338,0.014562398195266724
42,C2,0.1,64,1,2000,phase22_reused,22103,session1,0.2372623048722744,0.2643650323152542,0.027102727442979813
42,C2,0.1,64,1,2000,phase22_reused,22103,session10,0.2190491333603859,0.23480435833334923,0.015755224972963333
42,C2,0.1,64,1,2000,phase22_reused,22103,session11,0.26776449009776115,0.3286958858370781,0.06093139573931694
42,C2,0.1,64,1,2000,phase22_reused,22103,session12,0.2520178332924843,0.26087436079978943,0.008856527507305145
42,C2,0.1,64,1,2000,phase22_reused,22103,session13,0.24578604102134705,0.2624462693929672,0.016660228371620178
42,C2,0.1,64,1,2000,phase22_reused,22103,session14,0.28177665174007416,0.28404247015714645,0.002265818417072296
42,C2,0.1,64,1,2000,phase22_reused,22103,session15,0.24492740258574486,0.2455466017127037,0.000619199126958847
42,C2,0.1,64,1,2000,phase22_reused,22103,session16,0.26815884187817574,0.2627461701631546,-0.005412671715021133
42,C2,0.1,64,1,2000,phase22_reused,22103,session17,0.2630854807794094,0.2710409499704838,0.007955469191074371
42,C2,0.1,64,1,2000,phase22_reused,22103,session18,0.2295345440506935,0.27353741228580475,0.04400286823511124
42,C2,0.1,64,1,2000,phase22_reused,22103,session19,0.25891759619116783,0.2957938238978386,0.03687622770667076
42,C2,0.1,64,1,2000,phase22_reused,22103,session2,0.2555134706199169,0.24852404743433,-0.006989423185586929
42,C2,0.1,64,1,2000,phase22_reused,22103,session21,0.2538514845073223,0.2537848949432373,-6.658956408500671e-05
42,C2,0.1,64,1,2000,phase22_reused,22103,session3,0.2774500586092472,0.28099606931209564,0.0035460107028484344
42,C2,0.1,64,1,2000,phase22_reused,22103,session4,0.2567719928920269,0.26250916719436646,0.005737174302339554
42,C2,0.1,64,1,2000,phase22_reused,22103,session5,0.22058170288801193,0.23268135637044907,0.012099653482437134
42,C2,0.1,64,1,2000,phase22_reused,22103,session6,0.21840642765164375,0.21302135288715363,-0.0053850747644901276
42,C2,0.1,64,1,2000,phase22_reused,22103,session7,0.21453385800123215,0.22913580760359764,0.014601949602365494
42,C2,0.1,64,1,2000,phase22_reused,22103,session9,0.26399821043014526,0.30307669937610626,0.039078488945961
42,C2,0.3,32,0,2000,phase23_new,22101,session0,0.23188936710357666,0.3283561281859875,0.09646676108241081
42,C2,0.3,32,0,2000,phase23_new,22101,session1,0.24153323844075203,0.27893785759806633,0.0374046191573143
42,C2,0.3,32,0,2000,phase23_new,22101,session10,0.23090284690260887,0.2581954225897789,0.02729257568717003
42,C2,0.3,32,0,2000,phase23_new,22101,session11,0.26408959180116653,0.33709119260311127,0.07300160080194473
42,C2,0.3,32,0,2000,phase23_new,22101,session12,0.24435456097126007,0.25575070455670357,0.011396143585443497
42,C2,0.3,32,0,2000,phase23_new,22101,session13,0.2533400356769562,0.27429553866386414,0.02095550298690796
42,C2,0.3,32,0,2000,phase23_new,22101,session14,0.3010333888232708,0.3123000040650368,0.011266615241765976
42,C2,0.3,32,0,2000,phase23_new,22101,session15,0.24462608993053436,0.2496008165180683,0.004974726587533951
42,C2,0.3,32,0,2000,phase23_new,22101,session16,0.26782650500535965,0.294854573905468,0.027028068900108337
42,C2,0.3,32,0,2000,phase23_new,22101,session17,0.2693519815802574,0.33106550574302673,0.06171352416276932
42,C2,0.3,32,0,2000,phase23_new,22101,session18,0.22101855278015137,0.2802933156490326,0.059274762868881226
42,C2,0.3,32,0,2000,phase23_new,22101,session19,0.2557619661092758,0.2764384411275387,0.020676475018262863
42,C2,0.3,32,0,2000,phase23_new,22101,session2,0.2651418149471283,0.29934222251176834,0.034200407564640045
42,C2,0.3,32,0,2000,phase23_new,22101,session21,0.2518015652894974,0.28925567865371704,0.037454113364219666
42,C2,0.3,32,0,2000,phase23_new,22101,session3,0.28698020800948143,0.30308961495757103,0.0161094069480896
42,C2,0.3,32,0,2000,phase23_new,22101,session4,0.26568854227662086,0.26745835691690445,0.0017698146402835846
42,C2,0.3,32,0,2000,phase23_new,22101,session5,0.2299412041902542,0.23462029546499252,0.004679091274738312
42,C2,0.3,32,0,2000,phase23_new,22101,session6,0.24424471706151962,0.25066741555929184,0.006422698497772217
42,C2,0.3,32,0,2000,phase23_new,22101,session7,0.2247282639145851,0.23618703335523605,0.01145876944065094
42,C2,0.3,32,0,2000,phase23_new,22101,session9,0.2736780382692814,0.3172564283013344,0.043578390032052994
42,C2,0.3,32,0,2000,phase23_new,22102,session0,0.23188936710357666,0.2510357014834881,0.019146334379911423
42,C2,0.3,32,0,2000,phase23_new,22102,session1,0.24153323844075203,0.2708129920065403,0.02927975356578827
42,C2,0.3,32,0,2000,phase23_new,22102,session10,0.23090284690260887,0.24365131556987762,0.012748468667268753
42,C2,0.3,32,0,2000,phase23_new,22102,session11,0.26408959180116653,0.31063825637102127,0.046548664569854736
42,C2,0.3,32,0,2000,phase23_new,22102,session12,0.24435456097126007,0.2501620762050152,0.005807515233755112
42,C2,0.3,32,0,2000,phase23_new,22102,session13,0.2533400356769562,0.2549383081495762,0.0015982724726200104
42,C2,0.3,32,0,2000,phase23_new,22102,session14,0.3010333888232708,0.32293447852134705,0.021901089698076248
42,C2,0.3,32,0,2000,phase23_new,22102,session15,0.24462608993053436,0.25796129181981087,0.013335201889276505
42,C2,0.3,32,0,2000,phase23_new,22102,session16,0.26782650500535965,0.3022943288087845,0.034467823803424835
42,C2,0.3,32,0,2000,phase23_new,22102,session17,0.2693519815802574,0.2845889925956726,0.015237011015415192
42,C2,0.3,32,0,2000,phase23_new,22102,session18,0.22101855278015137,0.2675752565264702,0.04655670374631882
42,C2,0.3,32,0,2000,phase23_new,22102,session19,0.2557619661092758,0.2719694562256336,0.016207490116357803
42,C2,0.3,32,0,2000,phase23_new,22102,session2,0.2651418149471283,0.29482927545905113,0.029687460511922836
42,C2,0.3,32,0,2000,phase23_new,22102,session21,0.2518015652894974,0.27101509273052216,0.01921352744102478
42,C2,0.3,32,0,2000,phase23_new,22102,session3,0.28698020800948143,0.30783530324697495,0.020855095237493515
42,C2,0.3,32,0,2000,phase23_new,22102,session4,0.26568854227662086,0.26745835691690445,0.0017698146402835846
42,C2,0.3,32,0,2000,phase23_new,22102,session5,0.2299412041902542,0.24404021352529526,0.014099009335041046
42,C2,0.3,32,0,2000,phase23_new,22102,session6,0.24424471706151962,0.23283610120415688,-0.011408615857362747
42,C2,0.3,32,0,2000,phase23_new,22102,session7,0.2247282639145851,0.2454713135957718,0.020743049681186676
42,C2,0.3,32,0,2000,phase23_new,22102,session9,0.2736780382692814,0.32127972692251205,0.04760168865323067
42,C2,0.3,32,0,2000,phase23_new,22103,session0,0.23188936710357666,0.24832016602158546,0.016430798918008804
42,C2,0.3,32,0,2000,phase23_new,22103,session1,0.24153323844075203,0.2708129920065403,0.02927975356578827
42,C2,0.3,32,0,2000,phase23_new,22103,session10,0.23090284690260887,0.24365131556987762,0.012748468667268753
42,C2,0.3,32,0,2000,phase23_new,22103,session11,0.26408959180116653,0.33562740683555603,0.0715378150343895
42,C2,0.3,32,0,2000,phase23_new,22103,session12,0.24435456097126007,0.25575070455670357,0.011396143585443497
42,C2,0.3,32,0,2000,phase23_new,22103,session13,0.2533400356769562,0.27494998648762703,0.021609950810670853
42,C2,0.3,32,0,2000,phase23_new,22103,session14,0.3010333888232708,0.30225738883018494,0.0012240000069141388
42,C2,0.3,32,0,2000,phase23_new,22103,session15,0.24462608993053436,0.25796129181981087,0.013335201889276505
42,C2,0.3,32,0,2000,phase23_new,22103,session16,0.26782650500535965,0.2740978039801121,0.006271298974752426
42,C2,0.3,32,0,2000,phase23_new,22103,session17,0.2693519815802574,0.2845889925956726,0.015237011015415192
42,C2,0.3,32,0,2000,phase23_new,22103,session18,0.22101855278015137,0.2721300534904003,0.05111150071024895
42,C2,0.3,32,0,2000,phase23_new,22103,session19,0.2557619661092758,0.29525310918688774,0.03949114307761192
42,C2,0.3,32,0,2000,phase23_new,22103,session2,0.2651418149471283,0.2685007117688656,0.0033588968217372894
42,C2,0.3,32,0,2000,phase23_new,22103,session21,0.2518015652894974,0.26648828014731407,0.014686714857816696
42,C2,0.3,32,0,2000,phase23_new,22103,session3,0.28698020800948143,0.30308961495757103,0.0161094069480896
42,C2,0.3,32,0,2000,phase23_new,22103,session4,0.26568854227662086,0.2674340195953846,0.001745477318763733
42,C2,0.3,32,0,2000,phase23_new,22103,session5,0.2299412041902542,0.25108853355050087,0.02114732936024666
42,C2,0.3,32,0,2000,phase23_new,22103,session6,0.24424471706151962,0.23283610120415688,-0.011408615857362747
42,C2,0.3,32,0,2000,phase23_new,22103,session7,0.2247282639145851,0.24207278713583946,0.01734452322125435
42,C2,0.3,32,0,2000,phase23_new,22103,session9,0.2736780382692814,0.32127972692251205,0.04760168865323067
42,C2,0.3,64,0,2000,phase23_new,22101,session0,0.23606670647859573,0.33390067517757416,0.09783396869897842
42,C2,0.3,64,0,2000,phase23_new,22101,session1,0.24755429103970528,0.2846730463206768,0.03711875528097153
42,C2,0.3,64,0,2000,phase23_new,22101,session10,0.22995293885469437,0.2575761415064335,0.02762320265173912
42,C2,0.3,64,0,2000,phase23_new,22101,session11,0.263013057410717,0.3371157869696617,0.0741027295589447
42,C2,0.3,64,0,2000,phase23_new,22101,session12,0.24287570267915726,0.25465404242277145,0.011778339743614197
42,C2,0.3,64,0,2000,phase23_new,22101,session13,0.25260382145643234,0.27397430315613747,0.021370481699705124
42,C2,0.3,64,0,2000,phase23_new,22101,session14,0.30026814714074135,0.31118402630090714,0.010915879160165787
42,C2,0.3,64,0,2000,phase23_new,22101,session15,0.24418577551841736,0.24914458394050598,0.004958808422088623
42,C2,0.3,64,0,2000,phase23_new,22101,session16,0.26957789063453674,0.2970285713672638,0.02745068073272705
42,C2,0.3,64,0,2000,phase23_new,22101,session17,0.27477027103304863,0.33733393251895905,0.06256366148591042
42,C2,0.3,64,0,2000,phase23_new,22101,session18,0.22197134420275688,0.28101715072989464,0.059045806527137756
42,C2,0.3,64,0,2000,phase23_new,22101,session19,0.25655849650502205,0.27774742618203163,0.021188929677009583
42,C2,0.3,64,0,2000,phase23_new,22101,session2,0.2671249806880951,0.30214904621243477,0.035024065524339676
42,C2,0.3,64,0,2000,phase23_new,22101,session21,0.25008323416113853,0.2888912372291088,0.038808003067970276
42,C2,0.3,64,0,2000,phase23_new,22101,session3,0.29089586809277534,0.30766763538122177,0.016771767288446426
42,C2,0.3,64,0,2000,phase23_new,22101,session4,0.26449717208743095,0.26616817340254784,0.0016710013151168823
42,C2,0.3,64,0,2000,phase23_new,22101,session5,0.2299104891717434,0.23449483513832092,0.00458434596657753
42,C2,0.3,64,0,2000,phase23_new,22101,session6,0.24396073073148727,0.2506091520190239,0.006648421287536621
42,C2,0.3,64,0,2000,phase23_new,22101,session7,0.22592739388346672,0.23762492462992668,0.011697530746459961
42,C2,0.3,64,0,2000,phase23_new,22101,session9,0.2745855823159218,0.3186294436454773,0.04404386132955551
42,C2,0.3,64,0,2000,phase23_new,22102,session0,0.23606670647859573,0.255568441003561,0.019501734524965286
42,C2,0.3,64,0,2000,phase23_new,22102,session1,0.24755429103970528,0.27751312032341957,0.029958829283714294
42,C2,0.3,64,0,2000,phase23_new,22102,session10,0.22995293885469437,0.2424844093620777,0.012531470507383347
42,C2,0.3,64,0,2000,phase23_new,22102,session11,0.263013057410717,0.31018855422735214,0.04717549681663513
42,C2,0.3,64,0,2000,phase23_new,22102,session12,0.24287570267915726,0.24848820269107819,0.005612500011920929
42,C2,0.3,64,0,2000,phase23_new,22102,session13,0.25260382145643234,0.2545684687793255,0.0019646473228931427
42,C2,0.3,64,0,2000,phase23_new,22102,session14,0.30026814714074135,0.32241004705429077,0.022141899913549423
42,C2,0.3,64,0,2000,phase23_new,22102,session15,0.24418577551841736,0.2575930543243885,0.013407278805971146
42,C2,0.3,64,0,2000,phase23_new,22102,session16,0.26957789063453674,0.3041410744190216,0.03456318378448486
42,C2,0.3,64,0,2000,phase23_new,22102,session17,0.27477027103304863,0.2905645817518234,0.015794310718774796
42,C2,0.3,64,0,2000,phase23_new,22102,session18,0.22197134420275688,0.26837681233882904,0.04640546813607216
42,C2,0.3,64,0,2000,phase23_new,22102,session19,0.25655849650502205,0.2731609605252743,0.016602464020252228
42,C2,0.3,64,0,2000,phase23_new,22102,session2,0.2671249806880951,0.29780374467372894,0.03067876398563385
42,C2,0.3,64,0,2000,phase23_new,22102,session21,0.25008323416113853,0.27032459899783134,0.02024136483669281
42,C2,0.3,64,0,2000,phase23_new,22102,session3,0.29089586809277534,0.31253863871097565,0.021642770618200302
42,C2,0.3,64,0,2000,phase23_new,22102,session4,0.26449717208743095,0.26616817340254784,0.0016710013151168823
42,C2,0.3,64,0,2000,phase23_new,22102,session5,0.2299104891717434,0.24424318596720695,0.014332696795463562
42,C2,0.3,64,0,2000,phase23_new,22102,session6,0.24396073073148727,0.23215197026729584,-0.011808760464191437
42,C2,0.3,64,0,2000,phase23_new,22102,session7,0.22592739388346672,0.24703074246644974,0.021103348582983017
42,C2,0.3,64,0,2000,phase23_new,22102,session9,0.2745855823159218,0.32262832671403885,0.048042744398117065
42,C2,0.3,64,0,2000,phase23_new,22103,session0,0.23606670647859573,0.2525986470282078,0.016531940549612045
42,C2,0.3,64,0,2000,phase23_new,22103,session1,0.24755429103970528,0.27751312032341957,0.029958829283714294
42,C2,0.3,64,0,2000,phase23_new,22103,session10,0.22995293885469437,0.2424844093620777,0.012531470507383347
42,C2,0.3,64,0,2000,phase23_new,22103,session11,0.263013057410717,0.3353937566280365,0.07238069921731949
42,C2,0.3,64,0,2000,phase23_new,22103,session12,0.24287570267915726,0.25465404242277145,0.011778339743614197
42,C2,0.3,64,0,2000,phase23_new,22103,session13,0.25260382145643234,0.2748148590326309,0.022211037576198578
42,C2,0.3,64,0,2000,phase23_new,22103,session14,0.30026814714074135,0.30067654699087143,0.0004083998501300812
42,C2,0.3,64,0,2000,phase23_new,22103,session15,0.24418577551841736,0.2575930543243885,0.013407278805971146
42,C2,0.3,64,0,2000,phase23_new,22103,session16,0.26957789063453674,0.2757224217057228,0.006144531071186066
42,C2,0.3,64,0,2000,phase23_new,22103,session17,0.27477027103304863,0.2905645817518234,0.015794310718774796
42,C2,0.3,64,0,2000,phase23_new,22103,session18,0.22197134420275688,0.27340416237711906,0.05143281817436218
42,C2,0.3,64,0,2000,phase23_new,22103,session19,0.25655849650502205,0.29668745025992393,0.040128953754901886
42,C2,0.3,64,0,2000,phase23_new,22103,session2,0.2671249806880951,0.2710239440202713,0.0038989633321762085
42,C2,0.3,64,0,2000,phase23_new,22103,session21,0.25008323416113853,0.2652384750545025,0.015155240893363953
42,C2,0.3,64,0,2000,phase23_new,22103,session3,0.29089586809277534,0.30766763538122177,0.016771767288446426
42,C2,0.3,64,0,2000,phase23_new,22103,session4,0.26449717208743095,0.26603033021092415,0.0015331581234931946
42,C2,0.3,64,0,2000,phase23_new,22103,session5,0.2299104891717434,0.25120384246110916,0.02129335328936577
42,C2,0.3,64,0,2000,phase23_new,22103,session6,0.24396073073148727,0.23215197026729584,-0.011808760464191437
42,C2,0.3,64,0,2000,phase23_new,22103,session7,0.22592739388346672,0.2433730848133564,0.01744569092988968
42,C2,0.3,64,0,2000,phase23_new,22103,session9,0.2745855823159218,0.32262832671403885,0.048042744398117065
42,C2,0.3,32,1,2000,phase23_new,22101,session0,0.22805171832442284,0.32074137032032013,0.0926896519958973
42,C2,0.3,32,1,2000,phase23_new,22101,session1,0.23917163163423538,0.2735990472137928,0.03442741557955742
42,C2,0.3,32,1,2000,phase23_new,22101,session10,0.22319406643509865,0.25306541845202446,0.029871352016925812
42,C2,0.3,32,1,2000,phase23_new,22101,session11,0.26124900206923485,0.33533306419849396,0.07408406212925911
42,C2,0.3,32,1,2000,phase23_new,22101,session12,0.24287669360637665,0.2539651431143284,0.011088449507951736
42,C2,0.3,32,1,2000,phase23_new,22101,session13,0.2461734563112259,0.26826945319771767,0.022095996886491776
42,C2,0.3,32,1,2000,phase23_new,22101,session14,0.28667759895324707,0.3021616190671921,0.015484020113945007
42,C2,0.3,32,1,2000,phase23_new,22101,session15,0.24276936799287796,0.24846361577510834,0.005694247782230377
42,C2,0.3,32,1,2000,phase23_new,22101,session16,0.26880621537566185,0.2934708371758461,0.02466462180018425
42,C2,0.3,32,1,2000,phase23_new,22101,session17,0.267768245190382,0.32719019800424576,0.059421952813863754
42,C2,0.3,32,1,2000,phase23_new,22101,session18,0.2189861722290516,0.27450913563370705,0.05552296340465546
42,C2,0.3,32,1,2000,phase23_new,22101,session19,0.2601065970957279,0.2785792835056782,0.018472686409950256
42,C2,0.3,32,1,2000,phase23_new,22101,session2,0.2639680728316307,0.2982984334230423,0.03433036059141159
42,C2,0.3,32,1,2000,phase23_new,22101,session21,0.24662545695900917,0.28391459584236145,0.03728913888335228
42,C2,0.3,32,1,2000,phase23_new,22101,session3,0.2825723700225353,0.2958117388188839,0.013239368796348572
42,C2,0.3,32,1,2000,phase23_new,22101,session4,0.26283106580376625,0.26492344588041306,0.002092380076646805
42,C2,0.3,32,1,2000,phase23_new,22101,session5,0.22352061793208122,0.22869905084371567,0.005178432911634445
42,C2,0.3,32,1,2000,phase23_new,22101,session6,0.24143606796860695,0.24604104086756706,0.0046049728989601135
42,C2,0.3,32,1,2000,phase23_new,22101,session7,0.2155512161552906,0.22771718725562096,0.012165971100330353
42,C2,0.3,32,1,2000,phase23_new,22101,session9,0.26669222116470337,0.3075604997575283,0.040868278592824936
42,C2,0.3,32,1,2000,phase23_new,22102,session0,0.22805171832442284,0.24373890832066536,0.015687189996242523
42,C2,0.3,32,1,2000,phase23_new,22102,session1,0.23917163163423538,0.26732271537184715,0.02815108373761177
42,C2,0.3,32,1,2000,phase23_new,22102,session10,0.22319406643509865,0.23882707953453064,0.01563301309943199
42,C2,0.3,32,1,2000,phase23_new,22102,session11,0.26124900206923485,0.30901964008808136,0.04777063801884651
42,C2,0.3,32,1,2000,phase23_new,22102,session12,0.24287669360637665,0.24707823619246483,0.0042015425860881805
42,C2,0.3,32,1,2000,phase23_new,22102,session13,0.2461734563112259,0.24855518713593483,0.0023817308247089386
42,C2,0.3,32,1,2000,phase23_new,22102,session14,0.28667759895324707,0.30980241298675537,0.0231248140335083
42,C2,0.3,32,1,2000,phase23_new,22102,session15,0.24276936799287796,0.25531452149152756,0.012545153498649597
42,C2,0.3,32,1,2000,phase23_new,22102,session16,0.26880621537566185,0.303060919046402,0.03425470367074013
42,C2,0.3,32,1,2000,phase23_new,22102,session17,0.267768245190382,0.2815603204071522,0.013792075216770172
42,C2,0.3,32,1,2000,phase23_new,22102,session18,0.2189861722290516,0.2638895809650421,0.044903408735990524
42,C2,0.3,32,1,2000,phase23_new,22102,session19,0.2601065970957279,0.2737901657819748,0.013683568686246872
42,C2,0.3,32,1,2000,phase23_new,22102,session2,0.2639680728316307,0.29322417080402374,0.029256097972393036
42,C2,0.3,32,1,2000,phase23_new,22102,session21,0.24662545695900917,0.26551907882094383,0.018893621861934662
42,C2,0.3,32,1,2000,phase23_new,22102,session3,0.2825723700225353,0.2996087111532688,0.01703634113073349
42,C2,0.3,32,1,2000,phase23_new,22102,session4,0.26283106580376625,0.26492344588041306,0.002092380076646805
42,C2,0.3,32,1,2000,phase23_new,22102,session5,0.22352061793208122,0.23578495159745216,0.012264333665370941
42,C2,0.3,32,1,2000,phase23_new,22102,session6,0.24143606796860695,0.22833119332790375,-0.013104874640703201
42,C2,0.3,32,1,2000,phase23_new,22102,session7,0.2155512161552906,0.2382723167538643,0.022721100598573685
42,C2,0.3,32,1,2000,phase23_new,22102,session9,0.26669222116470337,0.3099505454301834,0.04325832426548004
42,C2,0.3,32,1,2000,phase23_new,22103,session0,0.22805171832442284,0.24372204765677452,0.015670329332351685
42,C2,0.3,32,1,2000,phase23_new,22103,session1,0.23917163163423538,0.26732271537184715,0.02815108373761177
42,C2,0.3,32,1,2000,phase23_new,22103,session10,0.22319406643509865,0.23882707953453064,0.01563301309943199
42,C2,0.3,32,1,2000,phase23_new,22103,session11,0.26124900206923485,0.33504482358694077,0.07379582151770592
42,C2,0.3,32,1,2000,phase23_new,22103,session12,0.24287669360637665,0.2539651431143284,0.011088449507951736
42,C2,0.3,32,1,2000,phase23_new,22103,session13,0.2461734563112259,0.26867128536105156,0.02249782904982567
42,C2,0.3,32,1,2000,phase23_new,22103,session14,0.28667759895324707,0.2908278927206993,0.00415029376745224
42,C2,0.3,32,1,2000,phase23_new,22103,session15,0.24276936799287796,0.25531452149152756,0.012545153498649597
42,C2,0.3,32,1,2000,phase23_new,22103,session16,0.26880621537566185,0.2741852030158043,0.005378987640142441
42,C2,0.3,32,1,2000,phase23_new,22103,session17,0.267768245190382,0.2815603204071522,0.013792075216770172
42,C2,0.3,32,1,2000,phase23_new,22103,session18,0.2189861722290516,0.2670106999576092,0.04802452772855759
42,C2,0.3,32,1,2000,phase23_new,22103,session19,0.2601065970957279,0.2959832362830639,0.03587663918733597
42,C2,0.3,32,1,2000,phase23_new,22103,session2,0.2639680728316307,0.26662103831768036,0.002652965486049652
42,C2,0.3,32,1,2000,phase23_new,22103,session21,0.24662545695900917,0.26107554882764816,0.014450091868638992
42,C2,0.3,32,1,2000,phase23_new,22103,session3,0.2825723700225353,0.2958117388188839,0.013239368796348572
42,C2,0.3,32,1,2000,phase23_new,22103,session4,0.26283106580376625,0.2644529975950718,0.001621931791305542
42,C2,0.3,32,1,2000,phase23_new,22103,session5,0.22352061793208122,0.24437405541539192,0.0208534374833107
42,C2,0.3,32,1,2000,phase23_new,22103,session6,0.24143606796860695,0.22833119332790375,-0.013104874640703201
42,C2,0.3,32,1,2000,phase23_new,22103,session7,0.2155512161552906,0.23411134257912636,0.018560126423835754
42,C2,0.3,32,1,2000,phase23_new,22103,session9,0.26669222116470337,0.3099505454301834,0.04325832426548004
42,C2,0.3,64,1,2000,phase23_new,22101,session0,0.228015698492527,0.3231932558119297,0.0951775573194027
42,C2,0.3,64,1,2000,phase23_new,22101,session1,0.23885837942361832,0.2739945091307163,0.03513612970709801
42,C2,0.3,64,1,2000,phase23_new,22101,session10,0.22631460055708885,0.25589773431420326,0.02958313375711441
42,C2,0.3,64,1,2000,phase23_new,22101,session11,0.2653280906379223,0.3384905159473419,0.07316242530941963
42,C2,0.3,64,1,2000,phase23_new,22101,session12,0.2468469738960266,0.2576960027217865,0.010849028825759888
42,C2,0.3,64,1,2000,phase23_new,22101,session13,0.24954497069120407,0.2714758515357971,0.021930880844593048
42,C2,0.3,64,1,2000,phase23_new,22101,session14,0.290432158857584,0.3051441088318825,0.014711949974298477
42,C2,0.3,64,1,2000,phase23_new,22101,session15,0.24545207247138023,0.25087813287973404,0.0054260604083538055
42,C2,0.3,64,1,2000,phase23_new,22101,session16,0.27032599970698357,0.2961559183895588,0.025829918682575226
42,C2,0.3,64,1,2000,phase23_new,22101,session17,0.26656996086239815,0.3283337578177452,0.06176379695534706
42,C2,0.3,64,1,2000,phase23_new,22101,session18,0.22138399258255959,0.2769254297018051,0.05554143711924553
42,C2,0.3,64,1,2000,phase23_new,22101,session19,0.261795561760664,0.28148236870765686,0.019686806946992874
42,C2,0.3,64,1,2000,phase23_new,22101,session2,0.2647611051797867,0.2994133234024048,0.0346522182226181
42,C2,0.3,64,1,2000,phase23_new,22101,session21,0.2500050738453865,0.28741690516471863,0.03741183131933212
42,C2,0.3,64,1,2000,phase23_new,22101,session3,0.28167499229311943,0.2958861254155636,0.014211133122444153
42,C2,0.3,64,1,2000,phase23_new,22101,session4,0.2655983939766884,0.2676140069961548,0.0020156130194664
42,C2,0.3,64,1,2000,phase23_new,22101,session5,0.22646842151880264,0.2313951440155506,0.004926722496747971
42,C2,0.3,64,1,2000,phase23_new,22101,session6,0.2440987005829811,0.24865897744894028,0.0045602768659591675
42,C2,0.3,64,1,2000,phase23_new,22101,session7,0.21737542003393173,0.2301190122961998,0.012743592262268066
42,C2,0.3,64,1,2000,phase23_new,22101,session9,0.2683629058301449,0.31078942120075226,0.042426515370607376
42,C2,0.3,64,1,2000,phase23_new,22102,session0,0.228015698492527,0.24482320621609688,0.01680750772356987
42,C2,0.3,64,1,2000,phase23_new,22102,session1,0.23885837942361832,0.26745978370308876,0.028601404279470444
42,C2,0.3,64,1,2000,phase23_new,22102,session10,0.22631460055708885,0.2412380315363407,0.014923430979251862
42,C2,0.3,64,1,2000,phase23_new,22102,session11,0.2653280906379223,0.3122691139578819,0.04694102331995964
42,C2,0.3,64,1,2000,phase23_new,22102,session12,0.2468469738960266,0.2513335905969143,0.00448661670088768
42,C2,0.3,64,1,2000,phase23_new,22102,session13,0.24954497069120407,0.2517952099442482,0.0022502392530441284
42,C2,0.3,64,1,2000,phase23_new,22102,session14,0.290432158857584,0.31334008276462555,0.02290792390704155
42,C2,0.3,64,1,2000,phase23_new,22102,session15,0.24545207247138023,0.25776245817542076,0.012310385704040527
42,C2,0.3,64,1,2000,phase23_new,22102,session16,0.27032599970698357,0.3044775538146496,0.034151554107666016
42,C2,0.3,64,1,2000,phase23_new,22102,session17,0.26656996086239815,0.2816057503223419,0.015035789459943771
42,C2,0.3,64,1,2000,phase23_new,22102,session18,0.22138399258255959,0.2661818005144596,0.044797807931900024
42,C2,0.3,64,1,2000,phase23_new,22102,session19,0.261795561760664,0.27701420336961746,0.015218641608953476
42,C2,0.3,64,1,2000,phase23_new,22102,session2,0.2647611051797867,0.2950577363371849,0.030296631157398224
42,C2,0.3,64,1,2000,phase23_new,22102,session21,0.2500050738453865,0.26835695281624794,0.018351878970861435
42,C2,0.3,64,1,2000,phase23_new,22102,session3,0.28167499229311943,0.3005632534623146,0.018888261169195175
42,C2,0.3,64,1,2000,phase23_new,22102,session4,0.2655983939766884,0.2676140069961548,0.0020156130194664
42,C2,0.3,64,1,2000,phase23_new,22102,session5,0.22646842151880264,0.2389661967754364,0.012497775256633759
42,C2,0.3,64,1,2000,phase23_new,22102,session6,0.2440987005829811,0.23144099861383438,-0.012657701969146729
42,C2,0.3,64,1,2000,phase23_new,22102,session7,0.21737542003393173,0.23971622809767723,0.0223408080637455
42,C2,0.3,64,1,2000,phase23_new,22102,session9,0.2683629058301449,0.31310973316431046,0.04474682733416557
42,C2,0.3,64,1,2000,phase23_new,22103,session0,0.228015698492527,0.24434741958975792,0.01633172109723091
42,C2,0.3,64,1,2000,phase23_new,22103,session1,0.23885837942361832,0.26745978370308876,0.028601404279470444
42,C2,0.3,64,1,2000,phase23_new,22103,session10,0.22631460055708885,0.2412380315363407,0.014923430979251862
42,C2,0.3,64,1,2000,phase23_new,22103,session11,0.2653280906379223,0.3382696136832237,0.07294152304530144
42,C2,0.3,64,1,2000,phase23_new,22103,session12,0.2468469738960266,0.2576960027217865,0.010849028825759888
42,C2,0.3,64,1,2000,phase23_new,22103,session13,0.24954497069120407,0.27180666476488113,0.022261694073677063
42,C2,0.3,64,1,2000,phase23_new,22103,session14,0.290432158857584,0.29443878680467606,0.004006627947092056
42,C2,0.3,64,1,2000,phase23_new,22103,session15,0.24545207247138023,0.25776245817542076,0.012310385704040527
42,C2,0.3,64,1,2000,phase23_new,22103,session16,0.27032599970698357,0.27582699060440063,0.0055009908974170685
42,C2,0.3,64,1,2000,phase23_new,22103,session17,0.26656996086239815,0.2816057503223419,0.015035789459943771
42,C2,0.3,64,1,2000,phase23_new,22103,session18,0.22138399258255959,0.26938603818416595,0.04800204560160637
42,C2,0.3,64,1,2000,phase23_new,22103,session19,0.261795561760664,0.2990112863481045,0.03721572458744049
42,C2,0.3,64,1,2000,phase23_new,22103,session2,0.2647611051797867,0.26784878969192505,0.0030876845121383667
42,C2,0.3,64,1,2000,phase23_new,22103,session21,0.2500050738453865,0.2644985057413578,0.014493431895971298
42,C2,0.3,64,1,2000,phase23_new,22103,session3,0.28167499229311943,0.2958861254155636,0.014211133122444153
42,C2,0.3,64,1,2000,phase23_new,22103,session4,0.2655983939766884,0.2672739364206791,0.0016755424439907074
42,C2,0.3,64,1,2000,phase23_new,22103,session5,0.22646842151880264,0.24724005162715912,0.020771630108356476
42,C2,0.3,64,1,2000,phase23_new,22103,session6,0.2440987005829811,0.23144099861383438,-0.012657701969146729
42,C2,0.3,64,1,2000,phase23_new,22103,session7,0.21737542003393173,0.23581583052873611,0.018440410494804382
42,C2,0.3,64,1,2000,phase23_new,22103,session9,0.2683629058301449,0.31310973316431046,0.04474682733416557
2026,C0,0,32,0,2000,phase22_reused,22101,session0,0.23211344704031944,0.33316922187805176,0.10105577483773232
2026,C0,0,32,0,2000,phase22_reused,22101,session1,0.2476034313440323,0.27548111230134964,0.027877680957317352
2026,C0,0,32,0,2000,phase22_reused,22101,session10,0.22166528180241585,0.25184164196252823,0.03017636016011238
2026,C0,0,32,0,2000,phase22_reused,22101,session11,0.2891562953591347,0.3427150025963783,0.05355870723724365
2026,C0,0,32,0,2000,phase22_reused,22101,session12,0.2646854408085346,0.28403088822960854,0.019345447421073914
2026,C0,0,32,0,2000,phase22_reused,22101,session13,0.29893745481967926,0.32190265506505966,0.0229652002453804
2026,C0,0,32,0,2000,phase22_reused,22101,session14,0.3050467222929001,0.3260267302393913,0.02098000794649124
2026,C0,0,32,0,2000,phase22_reused,22101,session15,0.26515936851501465,0.26280704513192177,-0.0023523233830928802
2026,C0,0,32,0,2000,phase22_reused,22101,session16,0.28703978657722473,0.30532631278038025,0.018286526203155518
2026,C0,0,32,0,2000,phase22_reused,22101,session17,0.26199856773018837,0.3293987736105919,0.06740020588040352
2026,C0,0,32,0,2000,phase22_reused,22101,session18,0.21828267723321915,0.28132203221321106,0.06303935497999191
2026,C0,0,32,0,2000,phase22_reused,22101,session19,0.2699187994003296,0.2872316688299179,0.017312869429588318
2026,C0,0,32,0,2000,phase22_reused,22101,session2,0.26507244259119034,0.2880554348230362,0.022982992231845856
2026,C0,0,32,0,2000,phase22_reused,22101,session21,0.2646866627037525,0.30206163227558136,0.03737496957182884
2026,C0,0,32,0,2000,phase22_reused,22101,session3,0.2905685752630234,0.28790728747844696,-0.002661287784576416
2026,C0,0,32,0,2000,phase22_reused,22101,session4,0.2488781474530697,0.26170219108462334,0.01282404363155365
2026,C0,0,32,0,2000,phase22_reused,22101,session5,0.2282409593462944,0.2199450060725212,-0.008295953273773193
2026,C0,0,32,0,2000,phase22_reused,22101,session6,0.22663603350520134,0.2259112410247326,-0.00072479248046875
2026,C0,0,32,0,2000,phase22_reused,22101,session7,0.2336622141301632,0.2505946643650532,0.016932450234889984
2026,C0,0,32,0,2000,phase22_reused,22101,session9,0.29029736667871475,0.306467030197382,0.01616966351866722
2026,C0,0,32,0,2000,phase22_reused,22102,session0,0.23211344704031944,0.24065512046217918,0.008541673421859741
2026,C0,0,32,0,2000,phase22_reused,22102,session1,0.2476034313440323,0.26307762414216995,0.015474192798137665
2026,C0,0,32,0,2000,phase22_reused,22102,session10,0.22166528180241585,0.24332264438271523,0.021657362580299377
2026,C0,0,32,0,2000,phase22_reused,22102,session11,0.2891562953591347,0.3230222165584564,0.03386592119932175
2026,C0,0,32,0,2000,phase22_reused,22102,session12,0.2646854408085346,0.2780033089220524,0.013317868113517761
2026,C0,0,32,0,2000,phase22_reused,22102,session13,0.29893745481967926,0.29974564909935,0.0008081942796707153
2026,C0,0,32,0,2000,phase22_reused,22102,session14,0.3050467222929001,0.3231956735253334,0.01814895123243332
2026,C0,0,32,0,2000,phase22_reused,22102,session15,0.26515936851501465,0.267549853771925,0.002390485256910324
2026,C0,0,32,0,2000,phase22_reused,22102,session16,0.28703978657722473,0.3159550428390503,0.02891525626182556
2026,C0,0,32,0,2000,phase22_reused,22102,session17,0.26199856773018837,0.2787411957979202,0.016742628067731857
2026,C0,0,32,0,2000,phase22_reused,22102,session18,0.21828267723321915,0.26908276230096817,0.05080008506774902
2026,C0,0,32,0,2000,phase22_reused,22102,session19,0.2699187994003296,0.2852223664522171,0.015303567051887512
2026,C0,0,32,0,2000,phase22_reused,22102,session2,0.26507244259119034,0.28564755246043205,0.020575109869241714
2026,C0,0,32,0,2000,phase22_reused,22102,session21,0.2646866627037525,0.2803659811615944,0.015679318457841873
2026,C0,0,32,0,2000,phase22_reused,22102,session3,0.2905685752630234,0.3083829954266548,0.01781442016363144
2026,C0,0,32,0,2000,phase22_reused,22102,session4,0.2488781474530697,0.26170219108462334,0.01282404363155365
2026,C0,0,32,0,2000,phase22_reused,22102,session5,0.2282409593462944,0.2353910654783249,0.007150106132030487
2026,C0,0,32,0,2000,phase22_reused,22102,session6,0.22663603350520134,0.2176019325852394,-0.00903410091996193
2026,C0,0,32,0,2000,phase22_reused,22102,session7,0.2336622141301632,0.24668991565704346,0.013027701526880264
2026,C0,0,32,0,2000,phase22_reused,22102,session9,0.29029736667871475,0.3145480677485466,0.024250701069831848
2026,C0,0,32,0,2000,phase22_reused,22103,session0,0.23211344704031944,0.24533479288220406,0.013221345841884613
2026,C0,0,32,0,2000,phase22_reused,22103,session1,0.2476034313440323,0.26307762414216995,0.015474192798137665
2026,C0,0,32,0,2000,phase22_reused,22103,session10,0.22166528180241585,0.24332264438271523,0.021657362580299377
2026,C0,0,32,0,2000,phase22_reused,22103,session11,0.2891562953591347,0.3427710235118866,0.05361472815275192
2026,C0,0,32,0,2000,phase22_reused,22103,session12,0.2646854408085346,0.28403088822960854,0.019345447421073914
2026,C0,0,32,0,2000,phase22_reused,22103,session13,0.29893745481967926,0.318948470056057,0.020011015236377716
2026,C0,0,32,0,2000,phase22_reused,22103,session14,0.3050467222929001,0.3168186768889427,0.011771954596042633
2026,C0,0,32,0,2000,phase22_reused,22103,session15,0.26515936851501465,0.267549853771925,0.002390485256910324
2026,C0,0,32,0,2000,phase22_reused,22103,session16,0.28703978657722473,0.2881730869412422,0.0011333003640174866
2026,C0,0,32,0,2000,phase22_reused,22103,session17,0.26199856773018837,0.2787411957979202,0.016742628067731857
2026,C0,0,32,0,2000,phase22_reused,22103,session18,0.21828267723321915,0.2834547311067581,0.06517205387353897
2026,C0,0,32,0,2000,phase22_reused,22103,session19,0.2699187994003296,0.30482617020606995,0.034907370805740356
2026,C0,0,32,0,2000,phase22_reused,22103,session2,0.26507244259119034,0.2652222104370594,0.00014976784586906433
2026,C0,0,32,0,2000,phase22_reused,22103,session21,0.2646866627037525,0.2790830247104168,0.014396362006664276
2026,C0,0,32,0,2000,phase22_reused,22103,session3,0.2905685752630234,0.28790728747844696,-0.002661287784576416
2026,C0,0,32,0,2000,phase22_reused,22103,session4,0.2488781474530697,0.24859312176704407,-0.0002850256860256195
2026,C0,0,32,0,2000,phase22_reused,22103,session5,0.2282409593462944,0.24373555928468704,0.01549459993839264
2026,C0,0,32,0,2000,phase22_reused,22103,session6,0.22663603350520134,0.2176019325852394,-0.00903410091996193
2026,C0,0,32,0,2000,phase22_reused,22103,session7,0.2336622141301632,0.24678460136055946,0.01312238723039627
2026,C0,0,32,0,2000,phase22_reused,22103,session9,0.29029736667871475,0.3145480677485466,0.024250701069831848
2026,C0,0,64,0,2000,phase22_reused,22101,session0,0.22951314225792885,0.32812250778079033,0.09860936552286148
2026,C0,0,64,0,2000,phase22_reused,22101,session1,0.24680136889219284,0.273274440318346,0.026473071426153183
2026,C0,0,64,0,2000,phase22_reused,22101,session10,0.21783115714788437,0.24848879873752594,0.03065764158964157
2026,C0,0,64,0,2000,phase22_reused,22101,session11,0.2836829833686352,0.33712655305862427,0.05344356968998909
2026,C0,0,64,0,2000,phase22_reused,22101,session12,0.25865770876407623,0.2775574252009392,0.018899716436862946
2026,C0,0,64,0,2000,phase22_reused,22101,session13,0.2894458882510662,0.31218666583299637,0.02274077758193016
2026,C0,0,64,0,2000,phase22_reused,22101,session14,0.2980584055185318,0.3188008666038513,0.02074246108531952
2026,C0,0,64,0,2000,phase22_reused,22101,session15,0.2603011950850487,0.2570285499095917,-0.0032726451754570007
2026,C0,0,64,0,2000,phase22_reused,22101,session16,0.2833329290151596,0.30042479932308197,0.017091870307922363
2026,C0,0,64,0,2000,phase22_reused,22101,session17,0.2601454593241215,0.3256988003849983,0.06555334106087685
2026,C0,0,64,0,2000,phase22_reused,22101,session18,0.21481305360794067,0.276085764169693,0.06127271056175232
2026,C0,0,64,0,2000,phase22_reused,22101,session19,0.2671463303267956,0.2832246720790863,0.016078341752290726
2026,C0,0,64,0,2000,phase22_reused,22101,session2,0.26363230496644974,0.2856858931481838,0.022053588181734085
2026,C0,0,64,0,2000,phase22_reused,22101,session21,0.25985152646899223,0.29646268486976624,0.036611158400774
2026,C0,0,64,0,2000,phase22_reused,22101,session3,0.2871434688568115,0.28465458005666733,-0.0024888888001441956
2026,C0,0,64,0,2000,phase22_reused,22101,session4,0.2456832192838192,0.2586333006620407,0.012950081378221512
2026,C0,0,64,0,2000,phase22_reused,22101,session5,0.22348656505346298,0.2151043601334095,-0.008382204920053482
2026,C0,0,64,0,2000,phase22_reused,22101,session6,0.22408011928200722,0.22374404594302177,-0.0003360733389854431
2026,C0,0,64,0,2000,phase22_reused,22101,session7,0.2288283035159111,0.245487529784441,0.016659226268529892
2026,C0,0,64,0,2000,phase22_reused,22101,session9,0.28572602197527885,0.30170635506510735,0.01598033308982849
2026,C0,0,64,0,2000,phase22_reused,22102,session0,0.22951314225792885,0.2384941466152668,0.008981004357337952
2026,C0,0,64,0,2000,phase22_reused,22102,session1,0.24680136889219284,0.26153941825032234,0.014738049358129501
2026,C0,0,64,0,2000,phase22_reused,22102,session10,0.21783115714788437,0.23989801853895187,0.022066861391067505
2026,C0,0,64,0,2000,phase22_reused,22102,session11,0.2836829833686352,0.3172204941511154,0.03353751078248024
2026,C0,0,64,0,2000,phase22_reused,22102,session12,0.25865770876407623,0.27134544029831886,0.01268773153424263
2026,C0,0,64,0,2000,phase22_reused,22102,session13,0.2894458882510662,0.2904544696211815,0.0010085813701152802
2026,C0,0,64,0,2000,phase22_reused,22102,session14,0.2980584055185318,0.3153567984700203,0.017298392951488495
2026,C0,0,64,0,2000,phase22_reused,22102,session15,0.2603011950850487,0.26178083196282387,0.0014796368777751923
2026,C0,0,64,0,2000,phase22_reused,22102,session16,0.2833329290151596,0.31028398126363754,0.026951052248477936
2026,C0,0,64,0,2000,phase22_reused,22102,session17,0.2601454593241215,0.27645252272486687,0.016307063400745392
2026,C0,0,64,0,2000,phase22_reused,22102,session18,0.21481305360794067,0.26416371017694473,0.04935065656900406
2026,C0,0,64,0,2000,phase22_reused,22102,session19,0.2671463303267956,0.28147293627262115,0.014326605945825577
2026,C0,0,64,0,2000,phase22_reused,22102,session2,0.26363230496644974,0.28336619585752487,0.019733890891075134
2026,C0,0,64,0,2000,phase22_reused,22102,session21,0.25985152646899223,0.27554886788129807,0.015697341412305832
2026,C0,0,64,0,2000,phase22_reused,22102,session3,0.2871434688568115,0.30426763370633125,0.01712416484951973
2026,C0,0,64,0,2000,phase22_reused,22102,session4,0.2456832192838192,0.2586333006620407,0.012950081378221512
2026,C0,0,64,0,2000,phase22_reused,22102,session5,0.22348656505346298,0.2306254357099533,0.007138870656490326
2026,C0,0,64,0,2000,phase22_reused,22102,session6,0.22408011928200722,0.21507931500673294,-0.009000804275274277
2026,C0,0,64,0,2000,phase22_reused,22102,session7,0.2288283035159111,0.24135368689894676,0.01252538338303566
2026,C0,0,64,0,2000,phase22_reused,22102,session9,0.28572602197527885,0.30953191965818405,0.023805897682905197
2026,C0,0,64,0,2000,phase22_reused,22103,session0,0.22951314225792885,0.24256472662091255,0.013051584362983704
2026,C0,0,64,0,2000,phase22_reused,22103,session1,0.24680136889219284,0.26153941825032234,0.014738049358129501
2026,C0,0,64,0,2000,phase22_reused,22103,session10,0.21783115714788437,0.23989801853895187,0.022066861391067505
2026,C0,0,64,0,2000,phase22_reused,22103,session11,0.2836829833686352,0.33747610449790955,0.05379312112927437
2026,C0,0,64,0,2000,phase22_reused,22103,session12,0.25865770876407623,0.2775574252009392,0.018899716436862946
2026,C0,0,64,0,2000,phase22_reused,22103,session13,0.2894458882510662,0.31008293852210045,0.02063705027103424
2026,C0,0,64,0,2000,phase22_reused,22103,session14,0.2980584055185318,0.3097364753484726,0.011678069829940796
2026,C0,0,64,0,2000,phase22_reused,22103,session15,0.2603011950850487,0.26178083196282387,0.0014796368777751923
2026,C0,0,64,0,2000,phase22_reused,22103,session16,0.2833329290151596,0.28362375497817993,0.0002908259630203247
2026,C0,0,64,0,2000,phase22_reused,22103,session17,0.2601454593241215,0.27645252272486687,0.016307063400745392
2026,C0,0,64,0,2000,phase22_reused,22103,session18,0.21481305360794067,0.2780541256070137,0.06324107199907303
2026,C0,0,64,0,2000,phase22_reused,22103,session19,0.2671463303267956,0.30100756138563156,0.03386123105883598
2026,C0,0,64,0,2000,phase22_reused,22103,session2,0.26363230496644974,0.26432323455810547,0.0006909295916557312
2026,C0,0,64,0,2000,phase22_reused,22103,session21,0.25985152646899223,0.27438249811530113,0.014530971646308899
2026,C0,0,64,0,2000,phase22_reused,22103,session3,0.2871434688568115,0.28465458005666733,-0.0024888888001441956
2026,C0,0,64,0,2000,phase22_reused,22103,session4,0.2456832192838192,0.24534248933196068,-0.0003407299518585205
2026,C0,0,64,0,2000,phase22_reused,22103,session5,0.22348656505346298,0.23877595365047455,0.015289388597011566
2026,C0,0,64,0,2000,phase22_reused,22103,session6,0.22408011928200722,0.21507931500673294,-0.009000804275274277
2026,C0,0,64,0,2000,phase22_reused,22103,session7,0.2288283035159111,0.24132539704442024,0.01249709352850914
2026,C0,0,64,0,2000,phase22_reused,22103,session9,0.28572602197527885,0.30953191965818405,0.023805897682905197
2026,C0,0,32,1,2000,phase22_reused,22101,session0,0.2215341292321682,0.3126079738140106,0.09107384458184242
2026,C0,0,32,1,2000,phase22_reused,22101,session1,0.24519330263137817,0.2648259773850441,0.019632674753665924
2026,C0,0,32,1,2000,phase22_reused,22101,session10,0.20723865553736687,0.23770250380039215,0.030463848263025284
2026,C0,0,32,1,2000,phase22_reused,22101,session11,0.26200050115585327,0.3156123459339142,0.05361184477806091
2026,C0,0,32,1,2000,phase22_reused,22101,session12,0.23357370495796204,0.2516750358045101,0.01810133084654808
2026,C0,0,32,1,2000,phase22_reused,22101,session13,0.2549647428095341,0.27818505093455315,0.023220308125019073
2026,C0,0,32,1,2000,phase22_reused,22101,session14,0.2700107619166374,0.29132412001490593,0.02131335809826851
2026,C0,0,32,1,2000,phase22_reused,22101,session15,0.24016394093632698,0.23510456830263138,-0.005059372633695602
2026,C0,0,32,1,2000,phase22_reused,22101,session16,0.2679958827793598,0.2817682512104511,0.013772368431091309
2026,C0,0,32,1,2000,phase22_reused,22101,session17,0.25380492955446243,0.31560252606868744,0.061797596514225006
2026,C0,0,32,1,2000,phase22_reused,22101,session18,0.20333756506443024,0.2588943876326084,0.05555682256817818
2026,C0,0,32,1,2000,phase22_reused,22101,session19,0.25292765349149704,0.26780709251761436,0.014879439026117325
2026,C0,0,32,1,2000,phase22_reused,22101,session2,0.258677389472723,0.2792471684515476,0.020569778978824615
2026,C0,0,32,1,2000,phase22_reused,22101,session21,0.2397986799478531,0.2757924497127533,0.03599376976490021
2026,C0,0,32,1,2000,phase22_reused,22101,session3,0.27495795488357544,0.2712944373488426,-0.0036635175347328186
2026,C0,0,32,1,2000,phase22_reused,22101,session4,0.23295214027166367,0.24649062752723694,0.013538487255573273
2026,C0,0,32,1,2000,phase22_reused,22101,session5,0.20717452839016914,0.19864657893776894,-0.008527949452400208
2026,C0,0,32,1,2000,phase22_reused,22101,session6,0.21578847989439964,0.2174404077231884,0.0016519278287887573
2026,C0,0,32,1,2000,phase22_reused,22101,session7,0.21184757724404335,0.22887346521019936,0.017025887966156006
2026,C0,0,32,1,2000,phase22_reused,22101,session9,0.26978523284196854,0.2851637080311775,0.015378475189208984
2026,C0,0,32,1,2000,phase22_reused,22102,session0,0.2215341292321682,0.22974098101258278,0.008206851780414581
2026,C0,0,32,1,2000,phase22_reused,22102,session1,0.24519330263137817,0.2569900043308735,0.011796701699495316
2026,C0,0,32,1,2000,phase22_reused,22102,session10,0.20723865553736687,0.22935353964567184,0.022114884108304977
2026,C0,0,32,1,2000,phase22_reused,22102,session11,0.26200050115585327,0.29430370032787323,0.03230319917201996
2026,C0,0,32,1,2000,phase22_reused,22102,session12,0.23357370495796204,0.24501068517565727,0.011436980217695236
2026,C0,0,32,1,2000,phase22_reused,22102,session13,0.2549647428095341,0.2560364678502083,0.0010717250406742096
2026,C0,0,32,1,2000,phase22_reused,22102,session14,0.2700107619166374,0.2869463078677654,0.016935545951128006
2026,C0,0,32,1,2000,phase22_reused,22102,session15,0.24016394093632698,0.23913472518324852,-0.0010292157530784607
2026,C0,0,32,1,2000,phase22_reused,22102,session16,0.2679958827793598,0.2910076305270195,0.023011747747659683
2026,C0,0,32,1,2000,phase22_reused,22102,session17,0.25380492955446243,0.27023810148239136,0.016433171927928925
2026,C0,0,32,1,2000,phase22_reused,22102,session18,0.20333756506443024,0.2496214248239994,0.04628385975956917
2026,C0,0,32,1,2000,phase22_reused,22102,session19,0.25292765349149704,0.2667819447815418,0.013854291290044785
2026,C0,0,32,1,2000,phase22_reused,22102,session2,0.258677389472723,0.2773475982248783,0.018670208752155304
2026,C0,0,32,1,2000,phase22_reused,22102,session21,0.2397986799478531,0.25583934783935547,0.01604066789150238
2026,C0,0,32,1,2000,phase22_reused,22102,session3,0.27495795488357544,0.29064153507351875,0.015683580189943314
2026,C0,0,32,1,2000,phase22_reused,22102,session4,0.23295214027166367,0.24649062752723694,0.013538487255573273
2026,C0,0,32,1,2000,phase22_reused,22102,session5,0.20717452839016914,0.21457666531205177,0.007402136921882629
2026,C0,0,32,1,2000,phase22_reused,22102,session6,0.21578847989439964,0.20733335986733437,-0.008455120027065277
2026,C0,0,32,1,2000,phase22_reused,22102,session7,0.21184757724404335,0.2247253991663456,0.012877821922302246
2026,C0,0,32,1,2000,phase22_reused,22102,session9,0.26978523284196854,0.2915855087339878,0.021800275892019272
2026,C0,0,32,1,2000,phase22_reused,22103,session0,0.2215341292321682,0.23223138228058815,0.010697253048419952
2026,C0,0,32,1,2000,phase22_reused,22103,session1,0.24519330263137817,0.2569900043308735,0.011796701699495316
2026,C0,0,32,1,2000,phase22_reused,22103,session10,0.20723865553736687,0.22935353964567184,0.022114884108304977
2026,C0,0,32,1,2000,phase22_reused,22103,session11,0.26200050115585327,0.3162088245153427,0.05420832335948944
2026,C0,0,32,1,2000,phase22_reused,22103,session12,0.23357370495796204,0.2516750358045101,0.01810133084654808
2026,C0,0,32,1,2000,phase22_reused,22103,session13,0.2549647428095341,0.27747200056910515,0.022507257759571075
2026,C0,0,32,1,2000,phase22_reused,22103,session14,0.2700107619166374,0.28199703246355057,0.011986270546913147
2026,C0,0,32,1,2000,phase22_reused,22103,session15,0.24016394093632698,0.23913472518324852,-0.0010292157530784607
2026,C0,0,32,1,2000,phase22_reused,22103,session16,0.2679958827793598,0.26655447483062744,-0.001441407948732376
2026,C0,0,32,1,2000,phase22_reused,22103,session17,0.25380492955446243,0.27023810148239136,0.016433171927928925
2026,C0,0,32,1,2000,phase22_reused,22103,session18,0.20333756506443024,0.2602280080318451,0.056890442967414856
2026,C0,0,32,1,2000,phase22_reused,22103,session19,0.25292765349149704,0.28523269295692444,0.0323050394654274
2026,C0,0,32,1,2000,phase22_reused,22103,session2,0.258677389472723,0.26044871658086777,0.0017713271081447601
2026,C0,0,32,1,2000,phase22_reused,22103,session21,0.2397986799478531,0.2546612545847893,0.014862574636936188
2026,C0,0,32,1,2000,phase22_reused,22103,session3,0.27495795488357544,0.2712944373488426,-0.0036635175347328186
2026,C0,0,32,1,2000,phase22_reused,22103,session4,0.23295214027166367,0.23211676999926567,-0.000835370272397995
2026,C0,0,32,1,2000,phase22_reused,22103,session5,0.20717452839016914,0.22220010682940483,0.015025578439235687
2026,C0,0,32,1,2000,phase22_reused,22103,session6,0.21578847989439964,0.20733335986733437,-0.008455120027065277
2026,C0,0,32,1,2000,phase22_reused,22103,session7,0.21184757724404335,0.2247685082256794,0.012920930981636047
2026,C0,0,32,1,2000,phase22_reused,22103,session9,0.26978523284196854,0.2915855087339878,0.021800275892019272
2026,C0,0,64,1,2000,phase22_reused,22101,session0,0.22352060303092003,0.3183666206896305,0.09484601765871048
2026,C0,0,64,1,2000,phase22_reused,22101,session1,0.24440624192357063,0.2670966722071171,0.022690430283546448
2026,C0,0,64,1,2000,phase22_reused,22101,session10,0.21060680598020554,0.2413206286728382,0.030713822692632675
2026,C0,0,64,1,2000,phase22_reused,22101,session11,0.2704319730401039,0.3240691050887108,0.05363713204860687
2026,C0,0,64,1,2000,phase22_reused,22101,session12,0.24363237991929054,0.26217950880527496,0.01854712888598442
2026,C0,0,64,1,2000,phase22_reused,22101,session13,0.26867998763918877,0.29183708503842354,0.02315709739923477
2026,C0,0,64,1,2000,phase22_reused,22101,session14,0.2812136486172676,0.3021046929061413,0.020891044288873672
2026,C0,0,64,1,2000,phase22_reused,22101,session15,0.24760643020272255,0.24332208186388016,-0.004284348338842392
2026,C0,0,64,1,2000,phase22_reused,22101,session16,0.27332184836268425,0.2885316051542759,0.015209756791591644
2026,C0,0,64,1,2000,phase22_reused,22101,session17,0.25495436415076256,0.31874747946858406,0.0637931153178215
2026,C0,0,64,1,2000,phase22_reused,22101,session18,0.20714963227510452,0.26551033556461334,0.05836070328950882
2026,C0,0,64,1,2000,phase22_reused,22101,session19,0.25768231600522995,0.2733347974717617,0.015652481466531754
2026,C0,0,64,1,2000,phase22_reused,22101,session2,0.25975826382637024,0.28124047443270683,0.021482210606336594
2026,C0,0,64,1,2000,phase22_reused,22101,session21,0.24728899076581,0.28373777866363525,0.03644878789782524
2026,C0,0,64,1,2000,phase22_reused,22101,session3,0.2786678969860077,0.2754876911640167,-0.003180205821990967
2026,C0,0,64,1,2000,phase22_reused,22101,session4,0.2374190166592598,0.25082234665751457,0.013403329998254776
2026,C0,0,64,1,2000,phase22_reused,22101,session5,0.21307072788476944,0.20462485030293465,-0.008445877581834793
2026,C0,0,64,1,2000,phase22_reused,22101,session6,0.21843361109495163,0.21940511465072632,0.0009715035557746887
2026,C0,0,64,1,2000,phase22_reused,22101,session7,0.2178749442100525,0.23500092700123787,0.01712598279118538
2026,C0,0,64,1,2000,phase22_reused,22101,session9,0.27556924149394035,0.29132987931370735,0.015760637819767
2026,C0,0,64,1,2000,phase22_reused,22102,session0,0.22352060303092003,0.23237250000238419,0.008851896971464157
2026,C0,0,64,1,2000,phase22_reused,22102,session1,0.24440624192357063,0.2573462389409542,0.012939997017383575
2026,C0,0,64,1,2000,phase22_reused,22102,session10,0.21060680598020554,0.23270289227366447,0.02209608629345894
2026,C0,0,64,1,2000,phase22_reused,22102,session11,0.2704319730401039,0.30330710113048553,0.03287512809038162
2026,C0,0,64,1,2000,phase22_reused,22102,session12,0.24363237991929054,0.25564438849687576,0.01201200857758522
2026,C0,0,64,1,2000,phase22_reused,22102,session13,0.26867998763918877,0.2698916457593441,0.0012116581201553345
2026,C0,0,64,1,2000,phase22_reused,22102,session14,0.2812136486172676,0.2981470786035061,0.01693342998623848
2026,C0,0,64,1,2000,phase22_reused,22102,session15,0.24760643020272255,0.2476314939558506,2.5063753128051758e-05
2026,C0,0,64,1,2000,phase22_reused,22102,session16,0.27332184836268425,0.2982751727104187,0.02495332434773445
2026,C0,0,64,1,2000,phase22_reused,22102,session17,0.25495436415076256,0.27150700986385345,0.016552645713090897
2026,C0,0,64,1,2000,phase22_reused,22102,session18,0.20714963227510452,0.25497259199619293,0.04782295972108841
2026,C0,0,64,1,2000,phase22_reused,22102,session19,0.25768231600522995,0.2721036523580551,0.014421336352825165
2026,C0,0,64,1,2000,phase22_reused,22102,session2,0.25975826382637024,0.27916962653398514,0.0194113627076149
2026,C0,0,64,1,2000,phase22_reused,22102,session21,0.24728899076581,0.2633594833314419,0.016070492565631866
2026,C0,0,64,1,2000,phase22_reused,22102,session3,0.2786678969860077,0.29512783885002136,0.016459941864013672
2026,C0,0,64,1,2000,phase22_reused,22102,session4,0.2374190166592598,0.25082234665751457,0.013403329998254776
2026,C0,0,64,1,2000,phase22_reused,22102,session5,0.21307072788476944,0.22037140280008316,0.007300674915313721
2026,C0,0,64,1,2000,phase22_reused,22102,session6,0.21843361109495163,0.20966123789548874,-0.00877237319946289
2026,C0,0,64,1,2000,phase22_reused,22102,session7,0.2178749442100525,0.2306593842804432,0.012784440070390701
2026,C0,0,64,1,2000,phase22_reused,22102,session9,0.27556924149394035,0.2983505353331566,0.022781293839216232
2026,C0,0,64,1,2000,phase22_reused,22103,session0,0.22352060303092003,0.2355194315314293,0.011998828500509262
2026,C0,0,64,1,2000,phase22_reused,22103,session1,0.24440624192357063,0.2573462389409542,0.012939997017383575
2026,C0,0,64,1,2000,phase22_reused,22103,session10,0.21060680598020554,0.23270289227366447,0.02209608629345894
2026,C0,0,64,1,2000,phase22_reused,22103,session11,0.2704319730401039,0.3244840279221535,0.05405205488204956
2026,C0,0,64,1,2000,phase22_reused,22103,session12,0.24363237991929054,0.26217950880527496,0.01854712888598442
2026,C0,0,64,1,2000,phase22_reused,22103,session13,0.26867998763918877,0.29053114727139473,0.021851159632205963
2026,C0,0,64,1,2000,phase22_reused,22103,session14,0.2812136486172676,0.2929247245192528,0.011711075901985168
2026,C0,0,64,1,2000,phase22_reused,22103,session15,0.24760643020272255,0.2476314939558506,2.5063753128051758e-05
2026,C0,0,64,1,2000,phase22_reused,22103,session16,0.27332184836268425,0.27280329167842865,-0.0005185566842556
2026,C0,0,64,1,2000,phase22_reused,22103,session17,0.25495436415076256,0.27150700986385345,0.016552645713090897
2026,C0,0,64,1,2000,phase22_reused,22103,session18,0.20714963227510452,0.26709896698594093,0.05994933471083641
2026,C0,0,64,1,2000,phase22_reused,22103,session19,0.25768231600522995,0.291105430573225,0.03342311456799507
2026,C0,0,64,1,2000,phase22_reused,22103,session2,0.25975826382637024,0.260955348610878,0.0011970847845077515
2026,C0,0,64,1,2000,phase22_reused,22103,session21,0.24728899076581,0.262135311961174,0.014846321195363998
2026,C0,0,64,1,2000,phase22_reused,22103,session3,0.2786678969860077,0.2754876911640167,-0.003180205821990967
2026,C0,0,64,1,2000,phase22_reused,22103,session4,0.2374190166592598,0.2368198297917843,-0.0005991868674755096
2026,C0,0,64,1,2000,phase22_reused,22103,session5,0.21307072788476944,0.22831104695796967,0.015240319073200226
2026,C0,0,64,1,2000,phase22_reused,22103,session6,0.21843361109495163,0.20966123789548874,-0.00877237319946289
2026,C0,0,64,1,2000,phase22_reused,22103,session7,0.2178749442100525,0.23080043494701385,0.012925490736961365
2026,C0,0,64,1,2000,phase22_reused,22103,session9,0.27556924149394035,0.2983505353331566,0.022781293839216232
2026,C1,0.03,32,0,2000,phase23_new,22101,session0,0.22676163539290428,0.3193286508321762,0.09256701543927193
2026,C1,0.03,32,0,2000,phase23_new,22101,session1,0.26545411348342896,0.2691262997686863,0.0036721862852573395
2026,C1,0.03,32,0,2000,phase23_new,22101,session10,0.21877796947956085,0.2461375929415226,0.027359623461961746
2026,C1,0.03,32,0,2000,phase23_new,22101,session11,0.27188917994499207,0.32768621295690536,0.0557970330119133
2026,C1,0.03,32,0,2000,phase23_new,22101,session12,0.245914775878191,0.2610502950847149,0.015135519206523895
2026,C1,0.03,32,0,2000,phase23_new,22101,session13,0.2454514130949974,0.26637857407331467,0.02092716097831726
2026,C1,0.03,32,0,2000,phase23_new,22101,session14,0.27684974297881126,0.289210956543684,0.012361213564872742
2026,C1,0.03,32,0,2000,phase23_new,22101,session15,0.24626509100198746,0.24141697958111763,-0.004848111420869827
2026,C1,0.03,32,0,2000,phase23_new,22101,session16,0.2807547114789486,0.29401295632123947,0.013258244842290878
2026,C1,0.03,32,0,2000,phase23_new,22101,session17,0.2569797597825527,0.32221900671720505,0.06523924693465233
2026,C1,0.03,32,0,2000,phase23_new,22101,session18,0.21525242924690247,0.25887714326381683,0.04362471401691437
2026,C1,0.03,32,0,2000,phase23_new,22101,session19,0.2668902203440666,0.27743861824274063,0.010548397898674011
2026,C1,0.03,32,0,2000,phase23_new,22101,session2,0.2744738534092903,0.2887796051800251,0.014305751770734787
2026,C1,0.03,32,0,2000,phase23_new,22101,session21,0.24960055574774742,0.28444603830575943,0.03484548255801201
2026,C1,0.03,32,0,2000,phase23_new,22101,session3,0.28565526381134987,0.2790839895606041,-0.006571274250745773
2026,C1,0.03,32,0,2000,phase23_new,22101,session4,0.24328627064824104,0.2545955553650856,0.011309284716844559
2026,C1,0.03,32,0,2000,phase23_new,22101,session5,0.21167055889964104,0.20266680791974068,-0.00900375097990036
2026,C1,0.03,32,0,2000,phase23_new,22101,session6,0.23368056863546371,0.22873998060822487,-0.004940588027238846
2026,C1,0.03,32,0,2000,phase23_new,22101,session7,0.20800410583615303,0.22520321980118752,0.017199113965034485
2026,C1,0.03,32,0,2000,phase23_new,22101,session9,0.2679709158837795,0.2980576828122139,0.030086766928434372
2026,C1,0.03,32,0,2000,phase23_new,22102,session0,0.22676163539290428,0.22867412120103836,0.001912485808134079
2026,C1,0.03,32,0,2000,phase23_new,22102,session1,0.26545411348342896,0.2688756436109543,0.0034215301275253296
2026,C1,0.03,32,0,2000,phase23_new,22102,session10,0.21877796947956085,0.24100443720817566,0.022226467728614807
2026,C1,0.03,32,0,2000,phase23_new,22102,session11,0.27188917994499207,0.3044172674417496,0.03252808749675751
2026,C1,0.03,32,0,2000,phase23_new,22102,session12,0.245914775878191,0.2550915852189064,0.009176809340715408
2026,C1,0.03,32,0,2000,phase23_new,22102,session13,0.2454514130949974,0.24395524337887764,-0.0014961697161197662
2026,C1,0.03,32,0,2000,phase23_new,22102,session14,0.27684974297881126,0.292009424418211,0.01515968143939972
2026,C1,0.03,32,0,2000,phase23_new,22102,session15,0.24626509100198746,0.24472890049219131,-0.0015361905097961426
2026,C1,0.03,32,0,2000,phase23_new,22102,session16,0.2807547114789486,0.2953764423727989,0.014621730893850327
2026,C1,0.03,32,0,2000,phase23_new,22102,session17,0.2569797597825527,0.2824220769107342,0.025442317128181458
2026,C1,0.03,32,0,2000,phase23_new,22102,session18,0.21525242924690247,0.2525666281580925,0.03731419891119003
2026,C1,0.03,32,0,2000,phase23_new,22102,session19,0.2668902203440666,0.2777739427983761,0.010883722454309464
2026,C1,0.03,32,0,2000,phase23_new,22102,session2,0.2744738534092903,0.28814445436000824,0.013670600950717926
2026,C1,0.03,32,0,2000,phase23_new,22102,session21,0.24960055574774742,0.26713066175580025,0.017530106008052826
2026,C1,0.03,32,0,2000,phase23_new,22102,session3,0.28565526381134987,0.31006817147135735,0.024412907660007477
2026,C1,0.03,32,0,2000,phase23_new,22102,session4,0.24328627064824104,0.2545955553650856,0.011309284716844559
2026,C1,0.03,32,0,2000,phase23_new,22102,session5,0.21167055889964104,0.22176674008369446,0.010096181184053421
2026,C1,0.03,32,0,2000,phase23_new,22102,session6,0.23368056863546371,0.2251971811056137,-0.008483387529850006
2026,C1,0.03,32,0,2000,phase23_new,22102,session7,0.20800410583615303,0.22706231102347374,0.01905820518732071
2026,C1,0.03,32,0,2000,phase23_new,22102,session9,0.2679709158837795,0.3017324209213257,0.03376150503754616
2026,C1,0.03,32,0,2000,phase23_new,22103,session0,0.22676163539290428,0.22789645940065384,0.0011348240077495575
2026,C1,0.03,32,0,2000,phase23_new,22103,session1,0.26545411348342896,0.2688756436109543,0.0034215301275253296
2026,C1,0.03,32,0,2000,phase23_new,22103,session10,0.21877796947956085,0.24100443720817566,0.022226467728614807
2026,C1,0.03,32,0,2000,phase23_new,22103,session11,0.27188917994499207,0.32695458084344864,0.055065400898456573
2026,C1,0.03,32,0,2000,phase23_new,22103,session12,0.245914775878191,0.2610502950847149,0.015135519206523895
2026,C1,0.03,32,0,2000,phase23_new,22103,session13,0.2454514130949974,0.2674238309264183,0.0219724178314209
2026,C1,0.03,32,0,2000,phase23_new,22103,session14,0.27684974297881126,0.2826365754008293,0.005786832422018051
2026,C1,0.03,32,0,2000,phase23_new,22103,session15,0.24626509100198746,0.24472890049219131,-0.0015361905097961426
2026,C1,0.03,32,0,2000,phase23_new,22103,session16,0.2807547114789486,0.27663183584809303,-0.00412287563085556
2026,C1,0.03,32,0,2000,phase23_new,22103,session17,0.2569797597825527,0.2824220769107342,0.025442317128181458
2026,C1,0.03,32,0,2000,phase23_new,22103,session18,0.21525242924690247,0.26190508902072906,0.0466526597738266
2026,C1,0.03,32,0,2000,phase23_new,22103,session19,0.2668902203440666,0.29167515411973,0.024784933775663376
2026,C1,0.03,32,0,2000,phase23_new,22103,session2,0.2744738534092903,0.2806227505207062,0.006148897111415863
2026,C1,0.03,32,0,2000,phase23_new,22103,session21,0.24960055574774742,0.26539425924420357,0.015793703496456146
2026,C1,0.03,32,0,2000,phase23_new,22103,session3,0.28565526381134987,0.2790839895606041,-0.006571274250745773
2026,C1,0.03,32,0,2000,phase23_new,22103,session4,0.24328627064824104,0.245074350386858,0.0017880797386169434
2026,C1,0.03,32,0,2000,phase23_new,22103,session5,0.21167055889964104,0.22848721221089363,0.016816653311252594
2026,C1,0.03,32,0,2000,phase23_new,22103,session6,0.23368056863546371,0.2251971811056137,-0.008483387529850006
2026,C1,0.03,32,0,2000,phase23_new,22103,session7,0.20800410583615303,0.2254217080771923,0.017417602241039276
2026,C1,0.03,32,0,2000,phase23_new,22103,session9,0.2679709158837795,0.3017324209213257,0.03376150503754616
2026,C1,0.03,64,0,2000,phase23_new,22101,session0,0.2233346328139305,0.3111714906990528,0.0878368578851223
2026,C1,0.03,64,0,2000,phase23_new,22101,session1,0.26079682260751724,0.2658756747841835,0.00507885217666626
2026,C1,0.03,64,0,2000,phase23_new,22101,session10,0.21467605978250504,0.24180958420038223,0.027133524417877197
2026,C1,0.03,64,0,2000,phase23_new,22101,session11,0.26417839154601097,0.32156556844711304,0.057387176901102066
2026,C1,0.03,64,0,2000,phase23_new,22101,session12,0.2377232164144516,0.25264305621385574,0.014919839799404144
2026,C1,0.03,64,0,2000,phase23_new,22101,session13,0.23982779681682587,0.26051927357912064,0.02069147676229477
2026,C1,0.03,64,0,2000,phase23_new,22101,session14,0.27167926728725433,0.2846565246582031,0.012977257370948792
2026,C1,0.03,64,0,2000,phase23_new,22101,session15,0.23967738077044487,0.23558130487799644,-0.004096075892448425
2026,C1,0.03,64,0,2000,phase23_new,22101,session16,0.2740945369005203,0.2862827256321907,0.01218818873167038
2026,C1,0.03,64,0,2000,phase23_new,22101,session17,0.2545750178396702,0.3160139471292496,0.06143892928957939
2026,C1,0.03,64,0,2000,phase23_new,22101,session18,0.20948565751314163,0.2543930932879448,0.04490743577480316
2026,C1,0.03,64,0,2000,phase23_new,22101,session19,0.26130036264657974,0.2704268582165241,0.009126495569944382
2026,C1,0.03,64,0,2000,phase23_new,22101,session2,0.2685568295419216,0.282740093767643,0.01418326422572136
2026,C1,0.03,64,0,2000,phase23_new,22101,session21,0.24513735622167587,0.2778434082865715,0.03270605206489563
2026,C1,0.03,64,0,2000,phase23_new,22101,session3,0.28094251453876495,0.27519354596734047,-0.005748968571424484
2026,C1,0.03,64,0,2000,phase23_new,22101,session4,0.23698478192090988,0.24727622047066689,0.010291438549757004
2026,C1,0.03,64,0,2000,phase23_new,22101,session5,0.20720911398530006,0.19802949950098991,-0.00917961448431015
2026,C1,0.03,64,0,2000,phase23_new,22101,session6,0.22592594474554062,0.2234226018190384,-0.002503342926502228
2026,C1,0.03,64,0,2000,phase23_new,22101,session7,0.2072426825761795,0.22434838116168976,0.017105698585510254
2026,C1,0.03,64,0,2000,phase23_new,22101,session9,0.2638961374759674,0.29229551181197166,0.028399374336004257
2026,C1,0.03,64,0,2000,phase23_new,22102,session0,0.2233346328139305,0.22639211267232895,0.0030574798583984375
2026,C1,0.03,64,0,2000,phase23_new,22102,session1,0.26079682260751724,0.26427360624074936,0.0034767836332321167
2026,C1,0.03,64,0,2000,phase23_new,22102,session10,0.21467605978250504,0.2370166890323162,0.022340629249811172
2026,C1,0.03,64,0,2000,phase23_new,22102,session11,0.26417839154601097,0.2982184439897537,0.03404005244374275
2026,C1,0.03,64,0,2000,phase23_new,22102,session12,0.2377232164144516,0.24713163450360298,0.009408418089151382
2026,C1,0.03,64,0,2000,phase23_new,22102,session13,0.23982779681682587,0.2383587695658207,-0.0014690272510051727
2026,C1,0.03,64,0,2000,phase23_new,22102,session14,0.27167926728725433,0.2862257957458496,0.014546528458595276
2026,C1,0.03,64,0,2000,phase23_new,22102,session15,0.23967738077044487,0.2401098720729351,0.0004324913024902344
2026,C1,0.03,64,0,2000,phase23_new,22102,session16,0.2740945369005203,0.2893746495246887,0.015280112624168396
2026,C1,0.03,64,0,2000,phase23_new,22102,session17,0.2545750178396702,0.2777784466743469,0.023203428834676743
2026,C1,0.03,64,0,2000,phase23_new,22102,session18,0.20948565751314163,0.24746910482645035,0.037983447313308716
2026,C1,0.03,64,0,2000,phase23_new,22102,session19,0.26130036264657974,0.27026548981666565,0.008965127170085907
2026,C1,0.03,64,0,2000,phase23_new,22102,session2,0.2685568295419216,0.28152211010456085,0.012965280562639236
2026,C1,0.03,64,0,2000,phase23_new,22102,session21,0.24513735622167587,0.26238397881388664,0.01724662259221077
2026,C1,0.03,64,0,2000,phase23_new,22102,session3,0.28094251453876495,0.30321041494607925,0.0222679004073143
2026,C1,0.03,64,0,2000,phase23_new,22102,session4,0.23698478192090988,0.24727622047066689,0.010291438549757004
2026,C1,0.03,64,0,2000,phase23_new,22102,session5,0.20720911398530006,0.21704291924834251,0.00983380526304245
2026,C1,0.03,64,0,2000,phase23_new,22102,session6,0.22592594474554062,0.21816888451576233,-0.00775706022977829
2026,C1,0.03,64,0,2000,phase23_new,22102,session7,0.2072426825761795,0.22610322386026382,0.01886054128408432
2026,C1,0.03,64,0,2000,phase23_new,22102,session9,0.2638961374759674,0.29664283990859985,0.032746702432632446
2026,C1,0.03,64,0,2000,phase23_new,22103,session0,0.2233346328139305,0.22571730613708496,0.0023826733231544495
2026,C1,0.03,64,0,2000,phase23_new,22103,session1,0.26079682260751724,0.26427360624074936,0.0034767836332321167
2026,C1,0.03,64,0,2000,phase23_new,22103,session10,0.21467605978250504,0.2370166890323162,0.022340629249811172
2026,C1,0.03,64,0,2000,phase23_new,22103,session11,0.26417839154601097,0.320283442735672,0.056105051189661026
2026,C1,0.03,64,0,2000,phase23_new,22103,session12,0.2377232164144516,0.25264305621385574,0.014919839799404144
2026,C1,0.03,64,0,2000,phase23_new,22103,session13,0.23982779681682587,0.26137442886829376,0.021546632051467896
2026,C1,0.03,64,0,2000,phase23_new,22103,session14,0.27167926728725433,0.2778809629380703,0.006201695650815964
2026,C1,0.03,64,0,2000,phase23_new,22103,session15,0.23967738077044487,0.2401098720729351,0.0004324913024902344
2026,C1,0.03,64,0,2000,phase23_new,22103,session16,0.2740945369005203,0.2711774781346321,-0.002917058765888214
2026,C1,0.03,64,0,2000,phase23_new,22103,session17,0.2545750178396702,0.2777784466743469,0.023203428834676743
2026,C1,0.03,64,0,2000,phase23_new,22103,session18,0.20948565751314163,0.25740421563386917,0.04791855812072754
2026,C1,0.03,64,0,2000,phase23_new,22103,session19,0.26130036264657974,0.28467850759625435,0.023378144949674606
2026,C1,0.03,64,0,2000,phase23_new,22103,session2,0.2685568295419216,0.2738761454820633,0.005319315940141678
2026,C1,0.03,64,0,2000,phase23_new,22103,session21,0.24513735622167587,0.2596861384809017,0.014548782259225845
2026,C1,0.03,64,0,2000,phase23_new,22103,session3,0.28094251453876495,0.27519354596734047,-0.005748968571424484
2026,C1,0.03,64,0,2000,phase23_new,22103,session4,0.23698478192090988,0.23847156390547752,0.0014867819845676422
2026,C1,0.03,64,0,2000,phase23_new,22103,session5,0.20720911398530006,0.2231513150036335,0.015942201018333435
2026,C1,0.03,64,0,2000,phase23_new,22103,session6,0.22592594474554062,0.21816888451576233,-0.00775706022977829
2026,C1,0.03,64,0,2000,phase23_new,22103,session7,0.2072426825761795,0.22416896373033524,0.01692628115415573
2026,C1,0.03,64,0,2000,phase23_new,22103,session9,0.2638961374759674,0.29664283990859985,0.032746702432632446
2026,C1,0.03,32,1,2000,phase23_new,22101,session0,0.2283245138823986,0.3105376102030277,0.08221309632062912
2026,C1,0.03,32,1,2000,phase23_new,22101,session1,0.26471153274178505,0.2708807997405529,0.006169266998767853
2026,C1,0.03,32,1,2000,phase23_new,22101,session10,0.21699275821447372,0.24474524334073067,0.027752485126256943
2026,C1,0.03,32,1,2000,phase23_new,22101,session11,0.2630164846777916,0.3236900046467781,0.06067351996898651
2026,C1,0.03,32,1,2000,phase23_new,22101,session12,0.23611843958497047,0.2514454387128353,0.015326999127864838
2026,C1,0.03,32,1,2000,phase23_new,22101,session13,0.24014844745397568,0.2618165612220764,0.02166811376810074
2026,C1,0.03,32,1,2000,phase23_new,22101,session14,0.2714025229215622,0.28572557121515274,0.014323048293590546
2026,C1,0.03,32,1,2000,phase23_new,22101,session15,0.23888888210058212,0.23617202788591385,-0.002716854214668274
2026,C1,0.03,32,1,2000,phase23_new,22101,session16,0.2742905206978321,0.2846252769231796,0.010334756225347519
2026,C1,0.03,32,1,2000,phase23_new,22101,session17,0.2604597918689251,0.3170456513762474,0.05658585950732231
2026,C1,0.03,32,1,2000,phase23_new,22101,session18,0.21049629524350166,0.25647226348519325,0.04597596824169159
2026,C1,0.03,32,1,2000,phase23_new,22101,session19,0.26525774970650673,0.27294163405895233,0.007683884352445602
2026,C1,0.03,32,1,2000,phase23_new,22101,session2,0.273320697247982,0.2872285395860672,0.013907842338085175
2026,C1,0.03,32,1,2000,phase23_new,22101,session21,0.24706796556711197,0.2769059091806412,0.029837943613529205
2026,C1,0.03,32,1,2000,phase23_new,22101,session3,0.28464052453637123,0.27948569878935814,-0.005154825747013092
2026,C1,0.03,32,1,2000,phase23_new,22101,session4,0.23959870263934135,0.24951692298054695,0.009918220341205597
2026,C1,0.03,32,1,2000,phase23_new,22101,session5,0.20847471058368683,0.19963979721069336,-0.00883491337299347
2026,C1,0.03,32,1,2000,phase23_new,22101,session6,0.2272607833147049,0.22628473117947578,-0.0009760521352291107
2026,C1,0.03,32,1,2000,phase23_new,22101,session7,0.2119775153696537,0.22917838767170906,0.01720087230205536
2026,C1,0.03,32,1,2000,phase23_new,22101,session9,0.26683005690574646,0.29468903690576553,0.027858980000019073
2026,C1,0.03,32,1,2000,phase23_new,22102,session0,0.2283245138823986,0.231918353587389,0.003593839704990387
2026,C1,0.03,32,1,2000,phase23_new,22102,session1,0.26471153274178505,0.26752470061182976,0.0028131678700447083
2026,C1,0.03,32,1,2000,phase23_new,22102,session10,0.21699275821447372,0.24055787175893784,0.02356511354446411
2026,C1,0.03,32,1,2000,phase23_new,22102,session11,0.2630164846777916,0.30011939257383347,0.03710290789604187
2026,C1,0.03,32,1,2000,phase23_new,22102,session12,0.23611843958497047,0.24641598016023636,0.010297540575265884
2026,C1,0.03,32,1,2000,phase23_new,22102,session13,0.24014844745397568,0.2391619272530079,-0.0009865202009677887
2026,C1,0.03,32,1,2000,phase23_new,22102,session14,0.2714025229215622,0.2855301797389984,0.014127656817436218
2026,C1,0.03,32,1,2000,phase23_new,22102,session15,0.23888888210058212,0.2422412633895874,0.0033523812890052795
2026,C1,0.03,32,1,2000,phase23_new,22102,session16,0.2742905206978321,0.2909717783331871,0.016681257635354996
2026,C1,0.03,32,1,2000,phase23_new,22102,session17,0.2604597918689251,0.2810061201453209,0.020546328276395798
2026,C1,0.03,32,1,2000,phase23_new,22102,session18,0.21049629524350166,0.25002389773726463,0.03952760249376297
2026,C1,0.03,32,1,2000,phase23_new,22102,session19,0.26525774970650673,0.27144216373562813,0.006184414029121399
2026,C1,0.03,32,1,2000,phase23_new,22102,session2,0.273320697247982,0.28524718806147575,0.011926490813493729
2026,C1,0.03,32,1,2000,phase23_new,22102,session21,0.24706796556711197,0.2641344219446182,0.017066456377506256
2026,C1,0.03,32,1,2000,phase23_new,22102,session3,0.28464052453637123,0.3045460470020771,0.01990552246570587
2026,C1,0.03,32,1,2000,phase23_new,22102,session4,0.23959870263934135,0.24951692298054695,0.009918220341205597
2026,C1,0.03,32,1,2000,phase23_new,22102,session5,0.20847471058368683,0.21828047186136246,0.009805761277675629
2026,C1,0.03,32,1,2000,phase23_new,22102,session6,0.2272607833147049,0.21990955993533134,-0.00735122337937355
2026,C1,0.03,32,1,2000,phase23_new,22102,session7,0.2119775153696537,0.23162547498941422,0.019647959619760513
2026,C1,0.03,32,1,2000,phase23_new,22102,session9,0.26683005690574646,0.29896658658981323,0.03213652968406677
2026,C1,0.03,32,1,2000,phase23_new,22103,session0,0.2283245138823986,0.23203818872570992,0.00371367484331131
2026,C1,0.03,32,1,2000,phase23_new,22103,session1,0.26471153274178505,0.26752470061182976,0.0028131678700447083
2026,C1,0.03,32,1,2000,phase23_new,22103,session10,0.21699275821447372,0.24055787175893784,0.02356511354446411
2026,C1,0.03,32,1,2000,phase23_new,22103,session11,0.2630164846777916,0.32177595794200897,0.05875947326421738
2026,C1,0.03,32,1,2000,phase23_new,22103,session12,0.23611843958497047,0.2514454387128353,0.015326999127864838
2026,C1,0.03,32,1,2000,phase23_new,22103,session13,0.24014844745397568,0.2624882906675339,0.022339843213558197
2026,C1,0.03,32,1,2000,phase23_new,22103,session14,0.2714025229215622,0.2783218212425709,0.006919298321008682
2026,C1,0.03,32,1,2000,phase23_new,22103,session15,0.23888888210058212,0.2422412633895874,0.0033523812890052795
2026,C1,0.03,32,1,2000,phase23_new,22103,session16,0.2742905206978321,0.27346625179052353,-0.0008242689073085785
2026,C1,0.03,32,1,2000,phase23_new,22103,session17,0.2604597918689251,0.2810061201453209,0.020546328276395798
2026,C1,0.03,32,1,2000,phase23_new,22103,session18,0.21049629524350166,0.26082751899957657,0.050331223756074905
2026,C1,0.03,32,1,2000,phase23_new,22103,session19,0.26525774970650673,0.28665413334965706,0.02139638364315033
2026,C1,0.03,32,1,2000,phase23_new,22103,session2,0.273320697247982,0.27766698971390724,0.004346292465925217
2026,C1,0.03,32,1,2000,phase23_new,22103,session21,0.24706796556711197,0.25986122712492943,0.012793261557817459
2026,C1,0.03,32,1,2000,phase23_new,22103,session3,0.28464052453637123,0.27948569878935814,-0.005154825747013092
2026,C1,0.03,32,1,2000,phase23_new,22103,session4,0.23959870263934135,0.24112475290894508,0.0015260502696037292
2026,C1,0.03,32,1,2000,phase23_new,22103,session5,0.20847471058368683,0.22428001463413239,0.015805304050445557
2026,C1,0.03,32,1,2000,phase23_new,22103,session6,0.2272607833147049,0.21990955993533134,-0.00735122337937355
2026,C1,0.03,32,1,2000,phase23_new,22103,session7,0.2119775153696537,0.22916534915566444,0.017187833786010742
2026,C1,0.03,32,1,2000,phase23_new,22103,session9,0.26683005690574646,0.29896658658981323,0.03213652968406677
2026,C1,0.03,64,1,2000,phase23_new,22101,session0,0.22766951099038124,0.31413405761122704,0.0864645466208458
2026,C1,0.03,64,1,2000,phase23_new,22101,session1,0.26551204919815063,0.2708880975842476,0.005376048386096954
2026,C1,0.03,64,1,2000,phase23_new,22101,session10,0.21519041806459427,0.24309132620692253,0.027900908142328262
2026,C1,0.03,64,1,2000,phase23_new,22101,session11,0.262804988771677,0.3222682997584343,0.05946331098675728
2026,C1,0.03,64,1,2000,phase23_new,22101,session12,0.23588508367538452,0.2514042817056179,0.015519198030233383
2026,C1,0.03,64,1,2000,phase23_new,22101,session13,0.23946838825941086,0.2614145688712597,0.02194618061184883
2026,C1,0.03,64,1,2000,phase23_new,22101,session14,0.2710145190358162,0.28472893312573433,0.013714414089918137
2026,C1,0.03,64,1,2000,phase23_new,22101,session15,0.2388758361339569,0.23552966117858887,-0.003346174955368042
2026,C1,0.03,64,1,2000,phase23_new,22101,session16,0.2751288488507271,0.28600653633475304,0.010877687484025955
2026,C1,0.03,64,1,2000,phase23_new,22101,session17,0.25970608741045,0.3192136213183403,0.05950753390789032
2026,C1,0.03,64,1,2000,phase23_new,22101,session18,0.21035976335406303,0.25565318390727043,0.0452934205532074
2026,C1,0.03,64,1,2000,phase23_new,22101,session19,0.2637728713452816,0.27207814157009125,0.008305270224809647
2026,C1,0.03,64,1,2000,phase23_new,22101,session2,0.2723392955958843,0.28654933348298073,0.014210037887096405
2026,C1,0.03,64,1,2000,phase23_new,22101,session21,0.24552267044782639,0.27752605080604553,0.03200338035821915
2026,C1,0.03,64,1,2000,phase23_new,22101,session3,0.28502408042550087,0.2791277877986431,-0.005896292626857758
2026,C1,0.03,64,1,2000,phase23_new,22101,session4,0.23772677779197693,0.24783110618591309,0.010104328393936157
2026,C1,0.03,64,1,2000,phase23_new,22101,session5,0.20770296454429626,0.1989118829369545,-0.008791081607341766
2026,C1,0.03,64,1,2000,phase23_new,22101,session6,0.2267407476902008,0.2243366315960884,-0.0024041160941123962
2026,C1,0.03,64,1,2000,phase23_new,22101,session7,0.2095288187265396,0.22670340910553932,0.01717459037899971
2026,C1,0.03,64,1,2000,phase23_new,22101,session9,0.2660437189042568,0.2944699861109257,0.028426267206668854
2026,C1,0.03,64,1,2000,phase23_new,22102,session0,0.22766951099038124,0.23054461926221848,0.0028751082718372345
2026,C1,0.03,64,1,2000,phase23_new,22102,session1,0.26551204919815063,0.2684132345020771,0.002901185303926468
2026,C1,0.03,64,1,2000,phase23_new,22102,session10,0.21519041806459427,0.23885651677846909,0.023666098713874817
2026,C1,0.03,64,1,2000,phase23_new,22102,session11,0.262804988771677,0.29838961362838745,0.035584624856710434
2026,C1,0.03,64,1,2000,phase23_new,22102,session12,0.23588508367538452,0.2460104301571846,0.01012534648180008
2026,C1,0.03,64,1,2000,phase23_new,22102,session13,0.23946838825941086,0.23846186697483063,-0.0010065212845802307
2026,C1,0.03,64,1,2000,phase23_new,22102,session14,0.2710145190358162,0.2853306420147419,0.014316122978925705
2026,C1,0.03,64,1,2000,phase23_new,22102,session15,0.2388758361339569,0.24089383333921432,0.0020179972052574158
2026,C1,0.03,64,1,2000,phase23_new,22102,session16,0.2751288488507271,0.2906334735453129,0.0155046246945858
2026,C1,0.03,64,1,2000,phase23_new,22102,session17,0.25970608741045,0.2816452495753765,0.02193916216492653
2026,C1,0.03,64,1,2000,phase23_new,22102,session18,0.21035976335406303,0.24943765252828598,0.039077889174222946
2026,C1,0.03,64,1,2000,phase23_new,22102,session19,0.2637728713452816,0.27113810181617737,0.007365230470895767
2026,C1,0.03,64,1,2000,phase23_new,22102,session2,0.2723392955958843,0.28510449081659317,0.012765195220708847
2026,C1,0.03,64,1,2000,phase23_new,22102,session21,0.24552267044782639,0.26273313164711,0.0172104611992836
2026,C1,0.03,64,1,2000,phase23_new,22102,session3,0.28502408042550087,0.3064563125371933,0.02143223211169243
2026,C1,0.03,64,1,2000,phase23_new,22102,session4,0.23772677779197693,0.24783110618591309,0.010104328393936157
2026,C1,0.03,64,1,2000,phase23_new,22102,session5,0.20770296454429626,0.21755114197731018,0.009848177433013916
2026,C1,0.03,64,1,2000,phase23_new,22102,session6,0.2267407476902008,0.21951798722147942,-0.00722276046872139
2026,C1,0.03,64,1,2000,phase23_new,22102,session7,0.2095288187265396,0.2291979417204857,0.019669122993946075
2026,C1,0.03,64,1,2000,phase23_new,22102,session9,0.2660437189042568,0.2988503500819206,0.0328066311776638
2026,C1,0.03,64,1,2000,phase23_new,22103,session0,0.22766951099038124,0.23063939809799194,0.0029698871076107025
2026,C1,0.03,64,1,2000,phase23_new,22103,session1,0.26551204919815063,0.2684132345020771,0.002901185303926468
2026,C1,0.03,64,1,2000,phase23_new,22103,session10,0.21519041806459427,0.23885651677846909,0.023666098713874817
2026,C1,0.03,64,1,2000,phase23_new,22103,session11,0.262804988771677,0.3205975070595741,0.05779251828789711
2026,C1,0.03,64,1,2000,phase23_new,22103,session12,0.23588508367538452,0.2514042817056179,0.015519198030233383
2026,C1,0.03,64,1,2000,phase23_new,22103,session13,0.23946838825941086,0.26200977340340614,0.022541385143995285
2026,C1,0.03,64,1,2000,phase23_new,22103,session14,0.2710145190358162,0.2775941453874111,0.006579626351594925
2026,C1,0.03,64,1,2000,phase23_new,22103,session15,0.2388758361339569,0.24089383333921432,0.0020179972052574158
2026,C1,0.03,64,1,2000,phase23_new,22103,session16,0.2751288488507271,0.2727906033396721,-0.0023382455110549927
2026,C1,0.03,64,1,2000,phase23_new,22103,session17,0.25970608741045,0.2816452495753765,0.02193916216492653
2026,C1,0.03,64,1,2000,phase23_new,22103,session18,0.21035976335406303,0.25971928611397743,0.0493595227599144
2026,C1,0.03,64,1,2000,phase23_new,22103,session19,0.2637728713452816,0.2862187623977661,0.022445891052484512
2026,C1,0.03,64,1,2000,phase23_new,22103,session2,0.2723392955958843,0.2776530310511589,0.005313735455274582
2026,C1,0.03,64,1,2000,phase23_new,22103,session21,0.24552267044782639,0.259628776460886,0.014106106013059616
2026,C1,0.03,64,1,2000,phase23_new,22103,session3,0.28502408042550087,0.2791277877986431,-0.005896292626857758
2026,C1,0.03,64,1,2000,phase23_new,22103,session4,0.23772677779197693,0.23914531618356705,0.0014185383915901184
2026,C1,0.03,64,1,2000,phase23_new,22103,session5,0.20770296454429626,0.22402291744947433,0.01631995290517807
2026,C1,0.03,64,1,2000,phase23_new,22103,session6,0.2267407476902008,0.21951798722147942,-0.00722276046872139
2026,C1,0.03,64,1,2000,phase23_new,22103,session7,0.2095288187265396,0.22699501737952232,0.017466198652982712
2026,C1,0.03,64,1,2000,phase23_new,22103,session9,0.2660437189042568,0.2988503500819206,0.0328066311776638
2026,C1,0.1,32,0,2000,phase22_reused,22101,session0,0.2277938760817051,0.3051329217851162,0.0773390457034111
2026,C1,0.1,32,0,2000,phase22_reused,22101,session1,0.26277628540992737,0.2710960879921913,0.008319802582263947
2026,C1,0.1,32,0,2000,phase22_reused,22101,session10,0.22048036381602287,0.24604422971606255,0.025563865900039673
2026,C1,0.1,32,0,2000,phase22_reused,22101,session11,0.2710655853152275,0.3230547308921814,0.05198914557695389
2026,C1,0.1,32,0,2000,phase22_reused,22101,session12,0.245666291564703,0.2597503624856472,0.014084070920944214
2026,C1,0.1,32,0,2000,phase22_reused,22101,session13,0.2496662586927414,0.26295817643404007,0.013291917741298676
2026,C1,0.1,32,0,2000,phase22_reused,22101,session14,0.2767632156610489,0.292572233825922,0.015809018164873123
2026,C1,0.1,32,0,2000,phase22_reused,22101,session15,0.25071656331419945,0.24800388514995575,-0.002712678164243698
2026,C1,0.1,32,0,2000,phase22_reused,22101,session16,0.2794160321354866,0.2945800833404064,0.015164051204919815
2026,C1,0.1,32,0,2000,phase22_reused,22101,session17,0.26718757301568985,0.3275798112154007,0.060392238199710846
2026,C1,0.1,32,0,2000,phase22_reused,22101,session18,0.21703867986798286,0.2606097683310509,0.04357108846306801
2026,C1,0.1,32,0,2000,phase22_reused,22101,session19,0.26541876420378685,0.2767552062869072,0.011336442083120346
2026,C1,0.1,32,0,2000,phase22_reused,22101,session2,0.2648092433810234,0.28053731471300125,0.015728071331977844
2026,C1,0.1,32,0,2000,phase22_reused,22101,session21,0.2524227909743786,0.2778405547142029,0.025417763739824295
2026,C1,0.1,32,0,2000,phase22_reused,22101,session3,0.2788080610334873,0.2846989370882511,0.005890876054763794
2026,C1,0.1,32,0,2000,phase22_reused,22101,session4,0.24511335790157318,0.25281934440135956,0.007705986499786377
2026,C1,0.1,32,0,2000,phase22_reused,22101,session5,0.2125120311975479,0.2101895809173584,-0.002322450280189514
2026,C1,0.1,32,0,2000,phase22_reused,22101,session6,0.22258244082331657,0.22758663445711136,0.0050041936337947845
2026,C1,0.1,32,0,2000,phase22_reused,22101,session7,0.22160830721259117,0.23408547788858414,0.012477170675992966
2026,C1,0.1,32,0,2000,phase22_reused,22101,session9,0.26587630063295364,0.29237766563892365,0.02650136500597
2026,C1,0.1,32,0,2000,phase22_reused,22102,session0,0.2277938760817051,0.23691971600055695,0.009125839918851852
2026,C1,0.1,32,0,2000,phase22_reused,22102,session1,0.26277628540992737,0.266630582511425,0.00385429710149765
2026,C1,0.1,32,0,2000,phase22_reused,22102,session10,0.22048036381602287,0.24064864218235016,0.020168278366327286
2026,C1,0.1,32,0,2000,phase22_reused,22102,session11,0.2710655853152275,0.30315226316452026,0.032086677849292755
2026,C1,0.1,32,0,2000,phase22_reused,22102,session12,0.245666291564703,0.2529965415596962,0.00733024999499321
2026,C1,0.1,32,0,2000,phase22_reused,22102,session13,0.2496662586927414,0.24911931157112122,-0.0005469471216201782
2026,C1,0.1,32,0,2000,phase22_reused,22102,session14,0.2767632156610489,0.29146819934248924,0.014704983681440353
2026,C1,0.1,32,0,2000,phase22_reused,22102,session15,0.25071656331419945,0.25364819541573524,0.002931632101535797
2026,C1,0.1,32,0,2000,phase22_reused,22102,session16,0.2794160321354866,0.2996872179210186,0.020271185785531998
2026,C1,0.1,32,0,2000,phase22_reused,22102,session17,0.26718757301568985,0.2853468842804432,0.01815931126475334
2026,C1,0.1,32,0,2000,phase22_reused,22102,session18,0.21703867986798286,0.2527761794626713,0.035737499594688416
2026,C1,0.1,32,0,2000,phase22_reused,22102,session19,0.26541876420378685,0.27498486265540123,0.00956609845161438
2026,C1,0.1,32,0,2000,phase22_reused,22102,session2,0.2648092433810234,0.2747231051325798,0.009913861751556396
2026,C1,0.1,32,0,2000,phase22_reused,22102,session21,0.2524227909743786,0.26604579016566277,0.01362299919128418
2026,C1,0.1,32,0,2000,phase22_reused,22102,session3,0.2788080610334873,0.29774871096014977,0.018940649926662445
2026,C1,0.1,32,0,2000,phase22_reused,22102,session4,0.24511335790157318,0.25281934440135956,0.007705986499786377
2026,C1,0.1,32,0,2000,phase22_reused,22102,session5,0.2125120311975479,0.22669408470392227,0.014182053506374359
2026,C1,0.1,32,0,2000,phase22_reused,22102,session6,0.22258244082331657,0.2149558663368225,-0.007626574486494064
2026,C1,0.1,32,0,2000,phase22_reused,22102,session7,0.22160830721259117,0.23382989317178726,0.01222158595919609
2026,C1,0.1,32,0,2000,phase22_reused,22102,session9,0.26587630063295364,0.29694584012031555,0.031069539487361908
2026,C1,0.1,32,0,2000,phase22_reused,22103,session0,0.2277938760817051,0.23748448491096497,0.009690608829259872
2026,C1,0.1,32,0,2000,phase22_reused,22103,session1,0.26277628540992737,0.266630582511425,0.00385429710149765
2026,C1,0.1,32,0,2000,phase22_reused,22103,session10,0.22048036381602287,0.24064864218235016,0.020168278366327286
2026,C1,0.1,32,0,2000,phase22_reused,22103,session11,0.2710655853152275,0.32296931743621826,0.05190373212099075
2026,C1,0.1,32,0,2000,phase22_reused,22103,session12,0.245666291564703,0.2597503624856472,0.014084070920944214
2026,C1,0.1,32,0,2000,phase22_reused,22103,session13,0.2496662586927414,0.26582619175314903,0.01615993306040764
2026,C1,0.1,32,0,2000,phase22_reused,22103,session14,0.2767632156610489,0.28406426310539246,0.007301047444343567
2026,C1,0.1,32,0,2000,phase22_reused,22103,session15,0.25071656331419945,0.25364819541573524,0.002931632101535797
2026,C1,0.1,32,0,2000,phase22_reused,22103,session16,0.2794160321354866,0.28253695741295815,0.0031209252774715424
2026,C1,0.1,32,0,2000,phase22_reused,22103,session17,0.26718757301568985,0.2853468842804432,0.01815931126475334
2026,C1,0.1,32,0,2000,phase22_reused,22103,session18,0.21703867986798286,0.2573635131120682,0.04032483324408531
2026,C1,0.1,32,0,2000,phase22_reused,22103,session19,0.26541876420378685,0.28790800645947456,0.022489242255687714
2026,C1,0.1,32,0,2000,phase22_reused,22103,session2,0.2648092433810234,0.26405127346515656,-0.0007579699158668518
2026,C1,0.1,32,0,2000,phase22_reused,22103,session21,0.2524227909743786,0.26020604372024536,0.0077832527458667755
2026,C1,0.1,32,0,2000,phase22_reused,22103,session3,0.2788080610334873,0.2846989370882511,0.005890876054763794
2026,C1,0.1,32,0,2000,phase22_reused,22103,session4,0.24511335790157318,0.24419058486819267,-0.0009227730333805084
2026,C1,0.1,32,0,2000,phase22_reused,22103,session5,0.2125120311975479,0.2308439016342163,0.018331870436668396
2026,C1,0.1,32,0,2000,phase22_reused,22103,session6,0.22258244082331657,0.2149558663368225,-0.007626574486494064
2026,C1,0.1,32,0,2000,phase22_reused,22103,session7,0.22160830721259117,0.2336207665503025,0.012012459337711334
2026,C1,0.1,32,0,2000,phase22_reused,22103,session9,0.26587630063295364,0.29694584012031555,0.031069539487361908
2026,C1,0.1,64,0,2000,phase22_reused,22101,session0,0.22868089377880096,0.3006371892988682,0.07195629552006721
2026,C1,0.1,64,0,2000,phase22_reused,22101,session1,0.26412929594516754,0.2707384079694748,0.006609112024307251
2026,C1,0.1,64,0,2000,phase22_reused,22101,session10,0.21762679144740105,0.24295618385076523,0.02532939240336418
2026,C1,0.1,64,0,2000,phase22_reused,22101,session11,0.2672024853527546,0.3178877905011177,0.05068530514836311
2026,C1,0.1,64,0,2000,phase22_reused,22101,session12,0.239798154681921,0.2530345469713211,0.0132363922894001
2026,C1,0.1,64,0,2000,phase22_reused,22101,session13,0.243473120033741,0.2564946375787258,0.013021517544984818
2026,C1,0.1,64,0,2000,phase22_reused,22101,session14,0.27090001478791237,0.28602441400289536,0.015124399214982986
2026,C1,0.1,64,0,2000,phase22_reused,22101,session15,0.24592550843954086,0.2434130385518074,-0.0025124698877334595
2026,C1,0.1,64,0,2000,phase22_reused,22101,session16,0.2777583673596382,0.2909061461687088,0.013147778809070587
2026,C1,0.1,64,0,2000,phase22_reused,22101,session17,0.2685440666973591,0.32435037195682526,0.05580630525946617
2026,C1,0.1,64,0,2000,phase22_reused,22101,session18,0.21599765121936798,0.2573409453034401,0.04134329408407211
2026,C1,0.1,64,0,2000,phase22_reused,22101,session19,0.26253626495599747,0.2726931944489479,0.01015692949295044
2026,C1,0.1,64,0,2000,phase22_reused,22101,session2,0.2634054869413376,0.2781015932559967,0.014696106314659119
2026,C1,0.1,64,0,2000,phase22_reused,22101,session21,0.2496739812195301,0.27279309928417206,0.023119118064641953
2026,C1,0.1,64,0,2000,phase22_reused,22101,session3,0.27954185754060745,0.28426575660705566,0.004723899066448212
2026,C1,0.1,64,0,2000,phase22_reused,22101,session4,0.24238765612244606,0.25009065493941307,0.0077029988169670105
2026,C1,0.1,64,0,2000,phase22_reused,22101,session5,0.20972106978297234,0.20673049613833427,-0.0029905736446380615
2026,C1,0.1,64,0,2000,phase22_reused,22101,session6,0.21952927485108376,0.22534837201237679,0.00581909716129303
2026,C1,0.1,64,0,2000,phase22_reused,22101,session7,0.21797441691160202,0.23042551800608635,0.01245110109448433
2026,C1,0.1,64,0,2000,phase22_reused,22101,session9,0.2630840986967087,0.2881917618215084,0.02510766312479973
2026,C1,0.1,64,0,2000,phase22_reused,22102,session0,0.22868089377880096,0.2363170012831688,0.007636107504367828
2026,C1,0.1,64,0,2000,phase22_reused,22102,session1,0.26412929594516754,0.2669873423874378,0.002858046442270279
2026,C1,0.1,64,0,2000,phase22_reused,22102,session10,0.21762679144740105,0.237799733877182,0.02017294242978096
2026,C1,0.1,64,0,2000,phase22_reused,22102,session11,0.2672024853527546,0.2983914092183113,0.031188923865556717
2026,C1,0.1,64,0,2000,phase22_reused,22102,session12,0.239798154681921,0.2461491823196411,0.006351027637720108
2026,C1,0.1,64,0,2000,phase22_reused,22102,session13,0.243473120033741,0.24247218668460846,-0.0010009333491325378
2026,C1,0.1,64,0,2000,phase22_reused,22102,session14,0.27090001478791237,0.28511273115873337,0.014212716370821
2026,C1,0.1,64,0,2000,phase22_reused,22102,session15,0.24592550843954086,0.2484656125307083,0.00254010409116745
2026,C1,0.1,64,0,2000,phase22_reused,22102,session16,0.2777583673596382,0.296445794403553,0.018687427043914795
2026,C1,0.1,64,0,2000,phase22_reused,22102,session17,0.2685440666973591,0.2850852571427822,0.016541190445423126
2026,C1,0.1,64,0,2000,phase22_reused,22102,session18,0.21599765121936798,0.24986517801880836,0.033867526799440384
2026,C1,0.1,64,0,2000,phase22_reused,22102,session19,0.26253626495599747,0.27061131224036217,0.0080750472843647
2026,C1,0.1,64,0,2000,phase22_reused,22102,session2,0.2634054869413376,0.27291151881217957,0.00950603187084198
2026,C1,0.1,64,0,2000,phase22_reused,22102,session21,0.2496739812195301,0.2623700127005577,0.012696031481027603
2026,C1,0.1,64,0,2000,phase22_reused,22102,session3,0.27954185754060745,0.2963689714670181,0.016827113926410675
2026,C1,0.1,64,0,2000,phase22_reused,22102,session4,0.24238765612244606,0.25009065493941307,0.0077029988169670105
2026,C1,0.1,64,0,2000,phase22_reused,22102,session5,0.20972106978297234,0.2232121266424656,0.013491056859493256
2026,C1,0.1,64,0,2000,phase22_reused,22102,session6,0.21952927485108376,0.21187418699264526,-0.007655087858438492
2026,C1,0.1,64,0,2000,phase22_reused,22102,session7,0.21797441691160202,0.23016050085425377,0.012186083942651749
2026,C1,0.1,64,0,2000,phase22_reused,22102,session9,0.2630840986967087,0.29276084154844284,0.02967674285173416
2026,C1,0.1,64,0,2000,phase22_reused,22103,session0,0.22868089377880096,0.23664233088493347,0.007961437106132507
2026,C1,0.1,64,0,2000,phase22_reused,22103,session1,0.26412929594516754,0.2669873423874378,0.002858046442270279
2026,C1,0.1,64,0,2000,phase22_reused,22103,session10,0.21762679144740105,0.237799733877182,0.02017294242978096
2026,C1,0.1,64,0,2000,phase22_reused,22103,session11,0.2672024853527546,0.31772198528051376,0.05051949992775917
2026,C1,0.1,64,0,2000,phase22_reused,22103,session12,0.239798154681921,0.2530345469713211,0.0132363922894001
2026,C1,0.1,64,0,2000,phase22_reused,22103,session13,0.243473120033741,0.2590615749359131,0.015588454902172089
2026,C1,0.1,64,0,2000,phase22_reused,22103,session14,0.27090001478791237,0.2781376354396343,0.007237620651721954
2026,C1,0.1,64,0,2000,phase22_reused,22103,session15,0.24592550843954086,0.2484656125307083,0.00254010409116745
2026,C1,0.1,64,0,2000,phase22_reused,22103,session16,0.2777583673596382,0.28061993420124054,0.0028615668416023254
2026,C1,0.1,64,0,2000,phase22_reused,22103,session17,0.2685440666973591,0.2850852571427822,0.016541190445423126
2026,C1,0.1,64,0,2000,phase22_reused,22103,session18,0.21599765121936798,0.2547553963959217,0.038757745176553726
2026,C1,0.1,64,0,2000,phase22_reused,22103,session19,0.26253626495599747,0.2837310954928398,0.021194830536842346
2026,C1,0.1,64,0,2000,phase22_reused,22103,session2,0.2634054869413376,0.2627320885658264,-0.0006733983755111694
2026,C1,0.1,64,0,2000,phase22_reused,22103,session21,0.2496739812195301,0.2564642131328583,0.006790231913328171
2026,C1,0.1,64,0,2000,phase22_reused,22103,session3,0.27954185754060745,0.28426575660705566,0.004723899066448212
2026,C1,0.1,64,0,2000,phase22_reused,22103,session4,0.24238765612244606,0.24158883839845657,-0.0007988177239894867
2026,C1,0.1,64,0,2000,phase22_reused,22103,session5,0.20972106978297234,0.2267649956047535,0.01704392582178116
2026,C1,0.1,64,0,2000,phase22_reused,22103,session6,0.21952927485108376,0.21187418699264526,-0.007655087858438492
2026,C1,0.1,64,0,2000,phase22_reused,22103,session7,0.21797441691160202,0.2296607531607151,0.011686336249113083
2026,C1,0.1,64,0,2000,phase22_reused,22103,session9,0.2630840986967087,0.29276084154844284,0.02967674285173416
2026,C1,0.1,32,1,2000,phase22_reused,22101,session0,0.2375289648771286,0.29944564402103424,0.06191667914390564
2026,C1,0.1,32,1,2000,phase22_reused,22101,session1,0.2782851383090019,0.2814967781305313,0.0032116398215293884
2026,C1,0.1,32,1,2000,phase22_reused,22101,session10,0.21430420875549316,0.23950059339404106,0.025196384638547897
2026,C1,0.1,32,1,2000,phase22_reused,22101,session11,0.2619604207575321,0.31105270981788635,0.04909228906035423
2026,C1,0.1,32,1,2000,phase22_reused,22101,session12,0.23235853388905525,0.2441670037806034,0.011808469891548157
2026,C1,0.1,32,1,2000,phase22_reused,22101,session13,0.23521318286657333,0.24752963706851006,0.012316454201936722
2026,C1,0.1,32,1,2000,phase22_reused,22101,session14,0.2641134560108185,0.2778036668896675,0.01369021087884903
2026,C1,0.1,32,1,2000,phase22_reused,22101,session15,0.23729917779564857,0.23552818968892097,-0.0017709881067276
2026,C1,0.1,32,1,2000,phase22_reused,22101,session16,0.2811688408255577,0.2919108010828495,0.010741960257291794
2026,C1,0.1,32,1,2000,phase22_reused,22101,session17,0.2799059674143791,0.3275013491511345,0.04759538173675537
2026,C1,0.1,32,1,2000,phase22_reused,22101,session18,0.2172655388712883,0.2538732849061489,0.03660774603486061
2026,C1,0.1,32,1,2000,phase22_reused,22101,session19,0.2616130895912647,0.2697484828531742,0.008135393261909485
2026,C1,0.1,32,1,2000,phase22_reused,22101,session2,0.26752664148807526,0.2800051160156727,0.012478474527597427
2026,C1,0.1,32,1,2000,phase22_reused,22101,session21,0.24873805046081543,0.2683003395795822,0.019562289118766785
2026,C1,0.1,32,1,2000,phase22_reused,22101,session3,0.29091954976320267,0.29365021735429764,0.0027306675910949707
2026,C1,0.1,32,1,2000,phase22_reused,22101,session4,0.2395692579448223,0.24711480364203453,0.007545545697212219
2026,C1,0.1,32,1,2000,phase22_reused,22101,session5,0.20627158135175705,0.20131589472293854,-0.004955686628818512
2026,C1,0.1,32,1,2000,phase22_reused,22101,session6,0.21661577001214027,0.22304651141166687,0.006430741399526596
2026,C1,0.1,32,1,2000,phase22_reused,22101,session7,0.21335240080952644,0.2263776697218418,0.013025268912315369
2026,C1,0.1,32,1,2000,phase22_reused,22101,session9,0.2616084925830364,0.2850108817219734,0.023402389138936996
2026,C1,0.1,32,1,2000,phase22_reused,22102,session0,0.2375289648771286,0.2422310709953308,0.0047021061182022095
2026,C1,0.1,32,1,2000,phase22_reused,22102,session1,0.2782851383090019,0.27972400188446045,0.0014388635754585266
2026,C1,0.1,32,1,2000,phase22_reused,22102,session10,0.21430420875549316,0.2346826009452343,0.020378392189741135
2026,C1,0.1,32,1,2000,phase22_reused,22102,session11,0.2619604207575321,0.2917062118649483,0.029745791107416153
2026,C1,0.1,32,1,2000,phase22_reused,22102,session12,0.23235853388905525,0.2370370365679264,0.004678502678871155
2026,C1,0.1,32,1,2000,phase22_reused,22102,session13,0.23521318286657333,0.2331625297665596,-0.002050653100013733
2026,C1,0.1,32,1,2000,phase22_reused,22102,session14,0.2641134560108185,0.27764076739549637,0.013527311384677887
2026,C1,0.1,32,1,2000,phase22_reused,22102,session15,0.23729917779564857,0.2392447255551815,0.0019455477595329285
2026,C1,0.1,32,1,2000,phase22_reused,22102,session16,0.2811688408255577,0.29675768688321114,0.015588846057653427
2026,C1,0.1,32,1,2000,phase22_reused,22102,session17,0.2799059674143791,0.2931928187608719,0.013286851346492767
2026,C1,0.1,32,1,2000,phase22_reused,22102,session18,0.2172655388712883,0.24754299968481064,0.03027746081352234
2026,C1,0.1,32,1,2000,phase22_reused,22102,session19,0.2616130895912647,0.2676302082836628,0.006017118692398071
2026,C1,0.1,32,1,2000,phase22_reused,22102,session2,0.26752664148807526,0.27580634504556656,0.008279703557491302
2026,C1,0.1,32,1,2000,phase22_reused,22102,session21,0.24873805046081543,0.2602156177163124,0.011477567255496979
2026,C1,0.1,32,1,2000,phase22_reused,22102,session3,0.29091954976320267,0.30397646501660347,0.013056915253400803
2026,C1,0.1,32,1,2000,phase22_reused,22102,session4,0.2395692579448223,0.24711480364203453,0.007545545697212219
2026,C1,0.1,32,1,2000,phase22_reused,22102,session5,0.20627158135175705,0.217974454164505,0.011702872812747955
2026,C1,0.1,32,1,2000,phase22_reused,22102,session6,0.21661577001214027,0.20915009453892708,-0.007465675473213196
2026,C1,0.1,32,1,2000,phase22_reused,22102,session7,0.21335240080952644,0.2271108478307724,0.013758447021245956
2026,C1,0.1,32,1,2000,phase22_reused,22102,session9,0.2616084925830364,0.28915616124868393,0.027547668665647507
2026,C1,0.1,32,1,2000,phase22_reused,22103,session0,0.2375289648771286,0.24254661053419113,0.0050176456570625305
2026,C1,0.1,32,1,2000,phase22_reused,22103,session1,0.2782851383090019,0.27972400188446045,0.0014388635754585266
2026,C1,0.1,32,1,2000,phase22_reused,22103,session10,0.21430420875549316,0.2346826009452343,0.020378392189741135
2026,C1,0.1,32,1,2000,phase22_reused,22103,session11,0.2619604207575321,0.31042128056287766,0.048460859805345535
2026,C1,0.1,32,1,2000,phase22_reused,22103,session12,0.23235853388905525,0.2441670037806034,0.011808469891548157
2026,C1,0.1,32,1,2000,phase22_reused,22103,session13,0.23521318286657333,0.24961745738983154,0.01440427452325821
2026,C1,0.1,32,1,2000,phase22_reused,22103,session14,0.2641134560108185,0.27041202038526535,0.006298564374446869
2026,C1,0.1,32,1,2000,phase22_reused,22103,session15,0.23729917779564857,0.2392447255551815,0.0019455477595329285
2026,C1,0.1,32,1,2000,phase22_reused,22103,session16,0.2811688408255577,0.2834317982196808,0.0022629573941230774
2026,C1,0.1,32,1,2000,phase22_reused,22103,session17,0.2799059674143791,0.2931928187608719,0.013286851346492767
2026,C1,0.1,32,1,2000,phase22_reused,22103,session18,0.2172655388712883,0.2525341957807541,0.03526865690946579
2026,C1,0.1,32,1,2000,phase22_reused,22103,session19,0.2616130895912647,0.2811920829117298,0.019578993320465088
2026,C1,0.1,32,1,2000,phase22_reused,22103,session2,0.26752664148807526,0.26680005341768265,-0.0007265880703926086
2026,C1,0.1,32,1,2000,phase22_reused,22103,session21,0.24873805046081543,0.25407271832227707,0.005334667861461639
2026,C1,0.1,32,1,2000,phase22_reused,22103,session3,0.29091954976320267,0.29365021735429764,0.0027306675910949707
2026,C1,0.1,32,1,2000,phase22_reused,22103,session4,0.2395692579448223,0.23865120112895966,-0.0009180568158626556
2026,C1,0.1,32,1,2000,phase22_reused,22103,session5,0.20627158135175705,0.22095026075839996,0.014678679406642914
2026,C1,0.1,32,1,2000,phase22_reused,22103,session6,0.21661577001214027,0.20915009453892708,-0.007465675473213196
2026,C1,0.1,32,1,2000,phase22_reused,22103,session7,0.21335240080952644,0.2260305993258953,0.012678198516368866
2026,C1,0.1,32,1,2000,phase22_reused,22103,session9,0.2616084925830364,0.28915616124868393,0.027547668665647507
2026,C1,0.1,64,1,2000,phase22_reused,22101,session0,0.23392733186483383,0.29848847165703773,0.0645611397922039
2026,C1,0.1,64,1,2000,phase22_reused,22101,session1,0.26987165957689285,0.27465882524847984,0.00478716567158699
2026,C1,0.1,64,1,2000,phase22_reused,22101,session10,0.21624907851219177,0.2415238842368126,0.02527480572462082
2026,C1,0.1,64,1,2000,phase22_reused,22101,session11,0.26461316272616386,0.3139500170946121,0.04933685436844826
2026,C1,0.1,64,1,2000,phase22_reused,22101,session12,0.23565367609262466,0.24850528687238693,0.012851610779762268
2026,C1,0.1,64,1,2000,phase22_reused,22101,session13,0.23974573612213135,0.2518633045256138,0.012117568403482437
2026,C1,0.1,64,1,2000,phase22_reused,22101,session14,0.26805903390049934,0.281704805791378,0.013645771890878677
2026,C1,0.1,64,1,2000,phase22_reused,22101,session15,0.24305802956223488,0.241102185100317,-0.001955844461917877
2026,C1,0.1,64,1,2000,phase22_reused,22101,session16,0.2789333499968052,0.29020756855607033,0.011274218559265137
2026,C1,0.1,64,1,2000,phase22_reused,22101,session17,0.27426397800445557,0.3236091211438179,0.049345143139362335
2026,C1,0.1,64,1,2000,phase22_reused,22101,session18,0.21677211672067642,0.2558441422879696,0.03907202556729317
2026,C1,0.1,64,1,2000,phase22_reused,22101,session19,0.2609985023736954,0.2700033038854599,0.009004801511764526
2026,C1,0.1,64,1,2000,phase22_reused,22101,session2,0.2635663114488125,0.27676763013005257,0.013201318681240082
2026,C1,0.1,64,1,2000,phase22_reused,22101,session21,0.25001319870352745,0.270044706761837,0.020031508058309555
2026,C1,0.1,64,1,2000,phase22_reused,22101,session3,0.284013994038105,0.28762582316994667,0.0036118291318416595
2026,C1,0.1,64,1,2000,phase22_reused,22101,session4,0.24127843230962753,0.24871810898184776,0.00743967667222023
2026,C1,0.1,64,1,2000,phase22_reused,22101,session5,0.20959657430648804,0.20529546588659286,-0.004301108419895172
2026,C1,0.1,64,1,2000,phase22_reused,22101,session6,0.21812153235077858,0.22488238662481308,0.0067608542740345
2026,C1,0.1,64,1,2000,phase22_reused,22101,session7,0.21720518916845322,0.22993525117635727,0.012730062007904053
2026,C1,0.1,64,1,2000,phase22_reused,22101,session9,0.2627063915133476,0.28587495535612106,0.023168563842773438
2026,C1,0.1,64,1,2000,phase22_reused,22102,session0,0.23392733186483383,0.23979678377509117,0.0058694519102573395
2026,C1,0.1,64,1,2000,phase22_reused,22102,session1,0.26987165957689285,0.27118923515081406,0.0013175755739212036
2026,C1,0.1,64,1,2000,phase22_reused,22102,session10,0.21624907851219177,0.23667294159531593,0.02042386308312416
2026,C1,0.1,64,1,2000,phase22_reused,22102,session11,0.26461316272616386,0.29488173872232437,0.030268575996160507
2026,C1,0.1,64,1,2000,phase22_reused,22102,session12,0.23565367609262466,0.24115586653351784,0.005502190440893173
2026,C1,0.1,64,1,2000,phase22_reused,22102,session13,0.23974573612213135,0.23790673539042473,-0.0018390007317066193
2026,C1,0.1,64,1,2000,phase22_reused,22102,session14,0.26805903390049934,0.28134793788194656,0.01328890398144722
2026,C1,0.1,64,1,2000,phase22_reused,22102,session15,0.24305802956223488,0.24558523669838905,0.002527207136154175
2026,C1,0.1,64,1,2000,phase22_reused,22102,session16,0.2789333499968052,0.2957933358848095,0.016859985888004303
2026,C1,0.1,64,1,2000,phase22_reused,22102,session17,0.27426397800445557,0.28780556097626686,0.013541582971811295
2026,C1,0.1,64,1,2000,phase22_reused,22102,session18,0.21677211672067642,0.24864709749817848,0.03187498077750206
2026,C1,0.1,64,1,2000,phase22_reused,22102,session19,0.2609985023736954,0.26779571920633316,0.006797216832637787
2026,C1,0.1,64,1,2000,phase22_reused,22102,session2,0.2635663114488125,0.2727879621088505,0.009221650660037994
2026,C1,0.1,64,1,2000,phase22_reused,22102,session21,0.25001319870352745,0.26169953122735023,0.011686332523822784
2026,C1,0.1,64,1,2000,phase22_reused,22102,session3,0.284013994038105,0.29792051389813423,0.01390651986002922
2026,C1,0.1,64,1,2000,phase22_reused,22102,session4,0.24127843230962753,0.24871810898184776,0.00743967667222023
2026,C1,0.1,64,1,2000,phase22_reused,22102,session5,0.20959657430648804,0.22172949835658073,0.012132924050092697
2026,C1,0.1,64,1,2000,phase22_reused,22102,session6,0.21812153235077858,0.2105265073478222,-0.00759502500295639
2026,C1,0.1,64,1,2000,phase22_reused,22102,session7,0.21720518916845322,0.23004435375332832,0.012839164584875107
2026,C1,0.1,64,1,2000,phase22_reused,22102,session9,0.2627063915133476,0.29046355932950974,0.02775716781616211
2026,C1,0.1,64,1,2000,phase22_reused,22103,session0,0.23392733186483383,0.2398899607360363,0.005962628871202469
2026,C1,0.1,64,1,2000,phase22_reused,22103,session1,0.26987165957689285,0.27118923515081406,0.0013175755739212036
2026,C1,0.1,64,1,2000,phase22_reused,22103,session10,0.21624907851219177,0.23667294159531593,0.02042386308312416
2026,C1,0.1,64,1,2000,phase22_reused,22103,session11,0.26461316272616386,0.31353363394737244,0.04892047122120857
2026,C1,0.1,64,1,2000,phase22_reused,22103,session12,0.23565367609262466,0.24850528687238693,0.012851610779762268
2026,C1,0.1,64,1,2000,phase22_reused,22103,session13,0.23974573612213135,0.25395769625902176,0.014211960136890411
2026,C1,0.1,64,1,2000,phase22_reused,22103,session14,0.26805903390049934,0.27436842769384384,0.006309393793344498
2026,C1,0.1,64,1,2000,phase22_reused,22103,session15,0.24305802956223488,0.24558523669838905,0.002527207136154175
2026,C1,0.1,64,1,2000,phase22_reused,22103,session16,0.2789333499968052,0.2815885990858078,0.0026552490890026093
2026,C1,0.1,64,1,2000,phase22_reused,22103,session17,0.27426397800445557,0.28780556097626686,0.013541582971811295
2026,C1,0.1,64,1,2000,phase22_reused,22103,session18,0.21677211672067642,0.25417472794651985,0.03740261122584343
2026,C1,0.1,64,1,2000,phase22_reused,22103,session19,0.2609985023736954,0.28132496401667595,0.020326461642980576
2026,C1,0.1,64,1,2000,phase22_reused,22103,session2,0.2635663114488125,0.2633456476032734,-0.00022066384553909302
2026,C1,0.1,64,1,2000,phase22_reused,22103,session21,0.25001319870352745,0.25542210042476654,0.00540890172123909
2026,C1,0.1,64,1,2000,phase22_reused,22103,session3,0.284013994038105,0.28762582316994667,0.0036118291318416595
2026,C1,0.1,64,1,2000,phase22_reused,22103,session4,0.24127843230962753,0.24049118161201477,-0.0007872506976127625
2026,C1,0.1,64,1,2000,phase22_reused,22103,session5,0.20959657430648804,0.22460494935512543,0.01500837504863739
2026,C1,0.1,64,1,2000,phase22_reused,22103,session6,0.21812153235077858,0.2105265073478222,-0.00759502500295639
2026,C1,0.1,64,1,2000,phase22_reused,22103,session7,0.21720518916845322,0.2290877252817154,0.011882536113262177
2026,C1,0.1,64,1,2000,phase22_reused,22103,session9,0.2627063915133476,0.29046355932950974,0.02775716781616211
2026,C1,0.3,32,0,2000,phase23_new,22101,session0,0.23606929183006287,0.28236180171370506,0.0462925098836422
2026,C1,0.3,32,0,2000,phase23_new,22101,session1,0.27703045308589935,0.2867996171116829,0.009769164025783539
2026,C1,0.3,32,0,2000,phase23_new,22101,session10,0.2247544601559639,0.24015729874372482,0.015402838587760925
2026,C1,0.3,32,0,2000,phase23_new,22101,session11,0.26925912499427795,0.304083876311779,0.03482475131750107
2026,C1,0.3,32,0,2000,phase23_new,22101,session12,0.2375820241868496,0.24713874980807304,0.00955672562122345
2026,C1,0.3,32,0,2000,phase23_new,22101,session13,0.22862602770328522,0.2396685853600502,0.011042557656764984
2026,C1,0.3,32,0,2000,phase23_new,22101,session14,0.2703213207423687,0.2820128984749317,0.011691577732563019
2026,C1,0.3,32,0,2000,phase23_new,22101,session15,0.24062573164701462,0.24099815264344215,0.000372420996427536
2026,C1,0.3,32,0,2000,phase23_new,22101,session16,0.2927648648619652,0.3052684888243675,0.012503623962402344
2026,C1,0.3,32,0,2000,phase23_new,22101,session17,0.28952841833233833,0.3239288032054901,0.03440038487315178
2026,C1,0.3,32,0,2000,phase23_new,22101,session18,0.2171977274119854,0.25339337065815926,0.03619564324617386
2026,C1,0.3,32,0,2000,phase23_new,22101,session19,0.2724037431180477,0.27777138724923134,0.005367644131183624
2026,C1,0.3,32,0,2000,phase23_new,22101,session2,0.2689760774374008,0.2839439995586872,0.014967922121286392
2026,C1,0.3,32,0,2000,phase23_new,22101,session21,0.2590343691408634,0.2847091183066368,0.02567474916577339
2026,C1,0.3,32,0,2000,phase23_new,22101,session3,0.29704475030303,0.3001844845712185,0.0031397342681884766
2026,C1,0.3,32,0,2000,phase23_new,22101,session4,0.2459350787103176,0.2510097175836563,0.005074638873338699
2026,C1,0.3,32,0,2000,phase23_new,22101,session5,0.20947445929050446,0.20510652661323547,-0.004367932677268982
2026,C1,0.3,32,0,2000,phase23_new,22101,session6,0.20552290603518486,0.21523413807153702,0.009711232036352158
2026,C1,0.3,32,0,2000,phase23_new,22101,session7,0.20664047077298164,0.22233161330223083,0.01569114252924919
2026,C1,0.3,32,0,2000,phase23_new,22101,session9,0.2633824907243252,0.2783063091337681,0.014923818409442902
2026,C1,0.3,32,0,2000,phase23_new,22102,session0,0.23606929183006287,0.2383672595024109,0.0022979676723480225
2026,C1,0.3,32,0,2000,phase23_new,22102,session1,0.27703045308589935,0.2845582962036133,0.007527843117713928
2026,C1,0.3,32,0,2000,phase23_new,22102,session10,0.2247544601559639,0.2393474280834198,0.014592967927455902
2026,C1,0.3,32,0,2000,phase23_new,22102,session11,0.26925912499427795,0.2879187613725662,0.01865963637828827
2026,C1,0.3,32,0,2000,phase23_new,22102,session12,0.2375820241868496,0.24210629984736443,0.0045242756605148315
2026,C1,0.3,32,0,2000,phase23_new,22102,session13,0.22862602770328522,0.2294393815100193,0.0008133538067340851
2026,C1,0.3,32,0,2000,phase23_new,22102,session14,0.2703213207423687,0.27917075529694557,0.008849434554576874
2026,C1,0.3,32,0,2000,phase23_new,22102,session15,0.24062573164701462,0.24009179323911667,-0.0005339384078979492
2026,C1,0.3,32,0,2000,phase23_new,22102,session16,0.2927648648619652,0.30734679102897644,0.014581926167011261
2026,C1,0.3,32,0,2000,phase23_new,22102,session17,0.28952841833233833,0.297649797052145,0.008121378719806671
2026,C1,0.3,32,0,2000,phase23_new,22102,session18,0.2171977274119854,0.2508874200284481,0.03368969261646271
2026,C1,0.3,32,0,2000,phase23_new,22102,session19,0.2724037431180477,0.2773365266621113,0.004932783544063568
2026,C1,0.3,32,0,2000,phase23_new,22102,session2,0.2689760774374008,0.27887900173664093,0.009902924299240112
2026,C1,0.3,32,0,2000,phase23_new,22102,session21,0.2590343691408634,0.27059752121567726,0.011563152074813843
2026,C1,0.3,32,0,2000,phase23_new,22102,session3,0.29704475030303,0.30828336253762245,0.011238612234592438
2026,C1,0.3,32,0,2000,phase23_new,22102,session4,0.2459350787103176,0.2510097175836563,0.005074638873338699
2026,C1,0.3,32,0,2000,phase23_new,22102,session5,0.20947445929050446,0.21364284306764603,0.004168383777141571
2026,C1,0.3,32,0,2000,phase23_new,22102,session6,0.20552290603518486,0.20012659579515457,-0.005396310240030289
2026,C1,0.3,32,0,2000,phase23_new,22102,session7,0.20664047077298164,0.2251547835767269,0.01851431280374527
2026,C1,0.3,32,0,2000,phase23_new,22102,session9,0.2633824907243252,0.2816353030502796,0.018252812325954437
2026,C1,0.3,32,0,2000,phase23_new,22103,session0,0.23606929183006287,0.23930157721042633,0.0032322853803634644
2026,C1,0.3,32,0,2000,phase23_new,22103,session1,0.27703045308589935,0.2845582962036133,0.007527843117713928
2026,C1,0.3,32,0,2000,phase23_new,22103,session10,0.2247544601559639,0.2393474280834198,0.014592967927455902
2026,C1,0.3,32,0,2000,phase23_new,22103,session11,0.26925912499427795,0.3041507229208946,0.03489159792661667
2026,C1,0.3,32,0,2000,phase23_new,22103,session12,0.2375820241868496,0.24713874980807304,0.00955672562122345
2026,C1,0.3,32,0,2000,phase23_new,22103,session13,0.22862602770328522,0.24176886305212975,0.013142835348844528
2026,C1,0.3,32,0,2000,phase23_new,22103,session14,0.2703213207423687,0.27891359105706215,0.008592270314693451
2026,C1,0.3,32,0,2000,phase23_new,22103,session15,0.24062573164701462,0.24009179323911667,-0.0005339384078979492
2026,C1,0.3,32,0,2000,phase23_new,22103,session16,0.2927648648619652,0.29639219865202904,0.003627333790063858
2026,C1,0.3,32,0,2000,phase23_new,22103,session17,0.28952841833233833,0.297649797052145,0.008121378719806671
2026,C1,0.3,32,0,2000,phase23_new,22103,session18,0.2171977274119854,0.24871286377310753,0.03151513636112213
2026,C1,0.3,32,0,2000,phase23_new,22103,session19,0.2724037431180477,0.28528617694973946,0.012882433831691742
2026,C1,0.3,32,0,2000,phase23_new,22103,session2,0.2689760774374008,0.266634501516819,-0.0023415759205818176
2026,C1,0.3,32,0,2000,phase23_new,22103,session21,0.2590343691408634,0.27244114503264427,0.013406775891780853
2026,C1,0.3,32,0,2000,phase23_new,22103,session3,0.29704475030303,0.3001844845712185,0.0031397342681884766
2026,C1,0.3,32,0,2000,phase23_new,22103,session4,0.2459350787103176,0.24325666949152946,-0.002678409218788147
2026,C1,0.3,32,0,2000,phase23_new,22103,session5,0.20947445929050446,0.2195095270872116,0.010035067796707153
2026,C1,0.3,32,0,2000,phase23_new,22103,session6,0.20552290603518486,0.20012659579515457,-0.005396310240030289
2026,C1,0.3,32,0,2000,phase23_new,22103,session7,0.20664047077298164,0.22165220975875854,0.015011738985776901
2026,C1,0.3,32,0,2000,phase23_new,22103,session9,0.2633824907243252,0.2816353030502796,0.018252812325954437
2026,C1,0.3,64,0,2000,phase23_new,22101,session0,0.23767606914043427,0.2830068990588188,0.04533082991838455
2026,C1,0.3,64,0,2000,phase23_new,22101,session1,0.27861445397138596,0.2884431891143322,0.009828735142946243
2026,C1,0.3,64,0,2000,phase23_new,22101,session10,0.22737784683704376,0.24280572310090065,0.015427876263856888
2026,C1,0.3,64,0,2000,phase23_new,22101,session11,0.2727622762322426,0.30705495923757553,0.03429268300533295
2026,C1,0.3,64,0,2000,phase23_new,22101,session12,0.2406531237065792,0.250235915184021,0.009582791477441788
2026,C1,0.3,64,0,2000,phase23_new,22101,session13,0.23160282149910927,0.24234123528003693,0.010738413780927658
2026,C1,0.3,64,0,2000,phase23_new,22101,session14,0.27357833832502365,0.2853045277297497,0.011726189404726028
2026,C1,0.3,64,0,2000,phase23_new,22101,session15,0.24249984696507454,0.24281930923461914,0.00031946226954460144
2026,C1,0.3,64,0,2000,phase23_new,22101,session16,0.29524708539247513,0.3076871335506439,0.012440048158168793
2026,C1,0.3,64,0,2000,phase23_new,22101,session17,0.290817491710186,0.32538992539048195,0.034572433680295944
2026,C1,0.3,64,0,2000,phase23_new,22101,session18,0.21945030987262726,0.25516945496201515,0.035719145089387894
2026,C1,0.3,64,0,2000,phase23_new,22101,session19,0.2745036408305168,0.2799404449760914,0.00543680414557457
2026,C1,0.3,64,0,2000,phase23_new,22101,session2,0.27122702449560165,0.2861686125397682,0.014941588044166565
2026,C1,0.3,64,0,2000,phase23_new,22101,session21,0.26264119520783424,0.2882034406065941,0.025562245398759842
2026,C1,0.3,64,0,2000,phase23_new,22101,session3,0.2985955514013767,0.3013525754213333,0.0027570240199565887
2026,C1,0.3,64,0,2000,phase23_new,22101,session4,0.2482389137148857,0.25317349657416344,0.004934582859277725
2026,C1,0.3,64,0,2000,phase23_new,22101,session5,0.211250152438879,0.20728566870093346,-0.003964483737945557
2026,C1,0.3,64,0,2000,phase23_new,22101,session6,0.20636435970664024,0.21567817777395248,0.00931381806731224
2026,C1,0.3,64,0,2000,phase23_new,22101,session7,0.2090904600918293,0.2240474820137024,0.014957021921873093
2026,C1,0.3,64,0,2000,phase23_new,22101,session9,0.26515256240963936,0.2791319638490677,0.01397940143942833
2026,C1,0.3,64,0,2000,phase23_new,22102,session0,0.23767606914043427,0.23946773260831833,0.0017916634678840637
2026,C1,0.3,64,0,2000,phase23_new,22102,session1,0.27861445397138596,0.2857442572712898,0.00712980329990387
2026,C1,0.3,64,0,2000,phase23_new,22102,session10,0.22737784683704376,0.24213602021336555,0.014758173376321793
2026,C1,0.3,64,0,2000,phase23_new,22102,session11,0.2727622762322426,0.29148224741220474,0.018719971179962158
2026,C1,0.3,64,0,2000,phase23_new,22102,session12,0.2406531237065792,0.24514390900731087,0.004490785300731659
2026,C1,0.3,64,0,2000,phase23_new,22102,session13,0.23160282149910927,0.23250944167375565,0.0009066201746463776
2026,C1,0.3,64,0,2000,phase23_new,22102,session14,0.27357833832502365,0.28179917857050896,0.008220840245485306
2026,C1,0.3,64,0,2000,phase23_new,22102,session15,0.24249984696507454,0.24219752848148346,-0.0003023184835910797
2026,C1,0.3,64,0,2000,phase23_new,22102,session16,0.29524708539247513,0.31007546186447144,0.014828376471996307
2026,C1,0.3,64,0,2000,phase23_new,22102,session17,0.290817491710186,0.29916220158338547,0.008344709873199463
2026,C1,0.3,64,0,2000,phase23_new,22102,session18,0.21945030987262726,0.25273555889725685,0.03328524902462959
2026,C1,0.3,64,0,2000,phase23_new,22102,session19,0.2745036408305168,0.27900226041674614,0.004498619586229324
2026,C1,0.3,64,0,2000,phase23_new,22102,session2,0.27122702449560165,0.2809217758476734,0.009694751352071762
2026,C1,0.3,64,0,2000,phase23_new,22102,session21,0.26264119520783424,0.27418695390224457,0.011545758694410324
2026,C1,0.3,64,0,2000,phase23_new,22102,session3,0.2985955514013767,0.30921240895986557,0.010616857558488846
2026,C1,0.3,64,0,2000,phase23_new,22102,session4,0.2482389137148857,0.25317349657416344,0.004934582859277725
2026,C1,0.3,64,0,2000,phase23_new,22102,session5,0.211250152438879,0.21504822000861168,0.003798067569732666
2026,C1,0.3,64,0,2000,phase23_new,22102,session6,0.20636435970664024,0.20131614431738853,-0.005048215389251709
2026,C1,0.3,64,0,2000,phase23_new,22102,session7,0.2090904600918293,0.22675080597400665,0.017660345882177353
2026,C1,0.3,64,0,2000,phase23_new,22102,session9,0.26515256240963936,0.2822754979133606,0.017122935503721237
2026,C1,0.3,64,0,2000,phase23_new,22103,session0,0.23767606914043427,0.24094099178910255,0.003264922648668289
2026,C1,0.3,64,0,2000,phase23_new,22103,session1,0.27861445397138596,0.2857442572712898,0.00712980329990387
2026,C1,0.3,64,0,2000,phase23_new,22103,session10,0.22737784683704376,0.24213602021336555,0.014758173376321793
2026,C1,0.3,64,0,2000,phase23_new,22103,session11,0.2727622762322426,0.30740904062986374,0.034646764397621155
2026,C1,0.3,64,0,2000,phase23_new,22103,session12,0.2406531237065792,0.250235915184021,0.009582791477441788
2026,C1,0.3,64,0,2000,phase23_new,22103,session13,0.23160282149910927,0.2443554624915123,0.01275264099240303
2026,C1,0.3,64,0,2000,phase23_new,22103,session14,0.27357833832502365,0.28197501227259636,0.008396673947572708
2026,C1,0.3,64,0,2000,phase23_new,22103,session15,0.24249984696507454,0.24219752848148346,-0.0003023184835910797
2026,C1,0.3,64,0,2000,phase23_new,22103,session16,0.29524708539247513,0.29894978553056717,0.003702700138092041
2026,C1,0.3,64,0,2000,phase23_new,22103,session17,0.290817491710186,0.29916220158338547,0.008344709873199463
2026,C1,0.3,64,0,2000,phase23_new,22103,session18,0.21945030987262726,0.2507394254207611,0.03128911554813385
2026,C1,0.3,64,0,2000,phase23_new,22103,session19,0.2745036408305168,0.2865334749221802,0.01202983409166336
2026,C1,0.3,64,0,2000,phase23_new,22103,session2,0.27122702449560165,0.2692105285823345,-0.0020164959132671356
2026,C1,0.3,64,0,2000,phase23_new,22103,session21,0.26264119520783424,0.27567434310913086,0.013033147901296616
2026,C1,0.3,64,0,2000,phase23_new,22103,session3,0.2985955514013767,0.3013525754213333,0.0027570240199565887
2026,C1,0.3,64,0,2000,phase23_new,22103,session4,0.2482389137148857,0.24590664356946945,-0.0023322701454162598
2026,C1,0.3,64,0,2000,phase23_new,22103,session5,0.211250152438879,0.2211225889623165,0.0098724365234375
2026,C1,0.3,64,0,2000,phase23_new,22103,session6,0.20636435970664024,0.20131614431738853,-0.005048215389251709
2026,C1,0.3,64,0,2000,phase23_new,22103,session7,0.2090904600918293,0.2233450785279274,0.014254618436098099
2026,C1,0.3,64,0,2000,phase23_new,22103,session9,0.26515256240963936,0.2822754979133606,0.017122935503721237
2026,C1,0.3,32,1,2000,phase23_new,22101,session0,0.24562959000468254,0.28706498444080353,0.04143539443612099
2026,C1,0.3,32,1,2000,phase23_new,22101,session1,0.28933360800147057,0.29604850336909294,0.0067148953676223755
2026,C1,0.3,32,1,2000,phase23_new,22101,session10,0.22396359965205193,0.23898101598024368,0.015017416328191757
2026,C1,0.3,32,1,2000,phase23_new,22101,session11,0.26942071318626404,0.30180376023054123,0.03238304704427719
2026,C1,0.3,32,1,2000,phase23_new,22101,session12,0.23499507829546928,0.2431039810180664,0.008108902722597122
2026,C1,0.3,32,1,2000,phase23_new,22101,session13,0.22565530985593796,0.23559169471263885,0.009936384856700897
2026,C1,0.3,32,1,2000,phase23_new,22101,session14,0.2698027864098549,0.2807534672319889,0.010950680822134018
2026,C1,0.3,32,1,2000,phase23_new,22101,session15,0.23262176662683487,0.23293118551373482,0.0003094188868999481
2026,C1,0.3,32,1,2000,phase23_new,22101,session16,0.29771212488412857,0.30833111703395844,0.010618992149829865
2026,C1,0.3,32,1,2000,phase23_new,22101,session17,0.3039335273206234,0.3333129659295082,0.02937943860888481
2026,C1,0.3,32,1,2000,phase23_new,22101,session18,0.222555510699749,0.2545492984354496,0.03199378773570061
2026,C1,0.3,32,1,2000,phase23_new,22101,session19,0.2702280469238758,0.2748475447297096,0.0046194978058338165
2026,C1,0.3,32,1,2000,phase23_new,22101,session2,0.26980383694171906,0.28314466029405594,0.013340823352336884
2026,C1,0.3,32,1,2000,phase23_new,22101,session21,0.2634434849023819,0.284386582672596,0.02094309777021408
2026,C1,0.3,32,1,2000,phase23_new,22101,session3,0.30645331367850304,0.3091348186135292,0.002681504935026169
2026,C1,0.3,32,1,2000,phase23_new,22101,session4,0.2415907308459282,0.2460239827632904,0.004433251917362213
2026,C1,0.3,32,1,2000,phase23_new,22101,session5,0.2077273726463318,0.2036319449543953,-0.004095427691936493
2026,C1,0.3,32,1,2000,phase23_new,22101,session6,0.1970469430088997,0.20790471509099007,0.010857772082090378
2026,C1,0.3,32,1,2000,phase23_new,22101,session7,0.211768738925457,0.22612755745649338,0.014358818531036377
2026,C1,0.3,32,1,2000,phase23_new,22101,session9,0.264125294983387,0.2775428965687752,0.013417601585388184
2026,C1,0.3,32,1,2000,phase23_new,22102,session0,0.24562959000468254,0.24825553968548775,0.0026259496808052063
2026,C1,0.3,32,1,2000,phase23_new,22102,session1,0.28933360800147057,0.29586005210876465,0.006526444107294083
2026,C1,0.3,32,1,2000,phase23_new,22102,session10,0.22396359965205193,0.23839128017425537,0.014427680522203445
2026,C1,0.3,32,1,2000,phase23_new,22102,session11,0.26942071318626404,0.28611307218670845,0.016692359000444412
2026,C1,0.3,32,1,2000,phase23_new,22102,session12,0.23499507829546928,0.23844020068645477,0.003445122390985489
2026,C1,0.3,32,1,2000,phase23_new,22102,session13,0.22565530985593796,0.2261197678744793,0.00046445801854133606
2026,C1,0.3,32,1,2000,phase23_new,22102,session14,0.2698027864098549,0.27764054760336876,0.00783776119351387
2026,C1,0.3,32,1,2000,phase23_new,22102,session15,0.23262176662683487,0.23159582167863846,-0.0010259449481964111
2026,C1,0.3,32,1,2000,phase23_new,22102,session16,0.29771212488412857,0.3104479983448982,0.012735873460769653
2026,C1,0.3,32,1,2000,phase23_new,22102,session17,0.3039335273206234,0.3103204555809498,0.0063869282603263855
2026,C1,0.3,32,1,2000,phase23_new,22102,session18,0.222555510699749,0.252517893910408,0.029962383210659027
2026,C1,0.3,32,1,2000,phase23_new,22102,session19,0.2702280469238758,0.2740381062030792,0.003810059279203415
2026,C1,0.3,32,1,2000,phase23_new,22102,session2,0.26980383694171906,0.27858393266797066,0.008780095726251602
2026,C1,0.3,32,1,2000,phase23_new,22102,session21,0.2634434849023819,0.27302563935518265,0.00958215445280075
2026,C1,0.3,32,1,2000,phase23_new,22102,session3,0.30645331367850304,0.31687573716044426,0.010422423481941223
2026,C1,0.3,32,1,2000,phase23_new,22102,session4,0.2415907308459282,0.2460239827632904,0.004433251917362213
2026,C1,0.3,32,1,2000,phase23_new,22102,session5,0.2077273726463318,0.2114102765917778,0.0036829039454460144
2026,C1,0.3,32,1,2000,phase23_new,22102,session6,0.1970469430088997,0.19147076085209846,-0.005576182156801224
2026,C1,0.3,32,1,2000,phase23_new,22102,session7,0.211768738925457,0.22881297022104263,0.017044231295585632
2026,C1,0.3,32,1,2000,phase23_new,22102,session9,0.264125294983387,0.28131909668445587,0.017193801701068878
2026,C1,0.3,32,1,2000,phase23_new,22103,session0,0.24562959000468254,0.24854454398155212,0.002914953976869583
2026,C1,0.3,32,1,2000,phase23_new,22103,session1,0.28933360800147057,0.29586005210876465,0.006526444107294083
2026,C1,0.3,32,1,2000,phase23_new,22103,session10,0.22396359965205193,0.23839128017425537,0.014427680522203445
2026,C1,0.3,32,1,2000,phase23_new,22103,session11,0.26942071318626404,0.3020167499780655,0.03259603679180145
2026,C1,0.3,32,1,2000,phase23_new,22103,session12,0.23499507829546928,0.2431039810180664,0.008108902722597122
2026,C1,0.3,32,1,2000,phase23_new,22103,session13,0.22565530985593796,0.2378767393529415,0.012221429497003555
2026,C1,0.3,32,1,2000,phase23_new,22103,session14,0.2698027864098549,0.2785131558775902,0.00871036946773529
2026,C1,0.3,32,1,2000,phase23_new,22103,session15,0.23262176662683487,0.23159582167863846,-0.0010259449481964111
2026,C1,0.3,32,1,2000,phase23_new,22103,session16,0.29771212488412857,0.3004465252161026,0.0027344003319740295
2026,C1,0.3,32,1,2000,phase23_new,22103,session17,0.3039335273206234,0.3103204555809498,0.0063869282603263855
2026,C1,0.3,32,1,2000,phase23_new,22103,session18,0.222555510699749,0.24962280690670013,0.02706729620695114
2026,C1,0.3,32,1,2000,phase23_new,22103,session19,0.2702280469238758,0.28167007118463516,0.011442024260759354
2026,C1,0.3,32,1,2000,phase23_new,22103,session2,0.26980383694171906,0.26802320405840874,-0.001780632883310318
2026,C1,0.3,32,1,2000,phase23_new,22103,session21,0.2634434849023819,0.2742409184575081,0.01079743355512619
2026,C1,0.3,32,1,2000,phase23_new,22103,session3,0.30645331367850304,0.3091348186135292,0.002681504935026169
2026,C1,0.3,32,1,2000,phase23_new,22103,session4,0.2415907308459282,0.23860860988497734,-0.0029821209609508514
2026,C1,0.3,32,1,2000,phase23_new,22103,session5,0.2077273726463318,0.21665315330028534,0.008925780653953552
2026,C1,0.3,32,1,2000,phase23_new,22103,session6,0.1970469430088997,0.19147076085209846,-0.005576182156801224
2026,C1,0.3,32,1,2000,phase23_new,22103,session7,0.211768738925457,0.22534018754959106,0.013571448624134064
2026,C1,0.3,32,1,2000,phase23_new,22103,session9,0.264125294983387,0.28131909668445587,0.017193801701068878
2026,C1,0.3,64,1,2000,phase23_new,22101,session0,0.23930858075618744,0.2840750850737095,0.04476650431752205
2026,C1,0.3,64,1,2000,phase23_new,22101,session1,0.2803025357425213,0.2897735722362995,0.009471036493778229
2026,C1,0.3,64,1,2000,phase23_new,22101,session10,0.2254353202879429,0.24139416590332985,0.015958845615386963
2026,C1,0.3,64,1,2000,phase23_new,22101,session11,0.27038850635290146,0.3048650249838829,0.034476518630981445
2026,C1,0.3,64,1,2000,phase23_new,22101,session12,0.23818392306566238,0.24755478277802467,0.00937085971236229
2026,C1,0.3,64,1,2000,phase23_new,22101,session13,0.2287214770913124,0.23949307575821877,0.010771598666906357
2026,C1,0.3,64,1,2000,phase23_new,22101,session14,0.2713623046875,0.2833746336400509,0.012012328952550888
2026,C1,0.3,64,1,2000,phase23_new,22101,session15,0.23986437171697617,0.2403295896947384,0.0004652179777622223
2026,C1,0.3,64,1,2000,phase23_new,22101,session16,0.29386650770902634,0.3058815933763981,0.01201508566737175
2026,C1,0.3,64,1,2000,phase23_new,22101,session17,0.29331089928746223,0.3270772062242031,0.033766306936740875
2026,C1,0.3,64,1,2000,phase23_new,22101,session18,0.21986496821045876,0.2550203986465931,0.03515543043613434
2026,C1,0.3,64,1,2000,phase23_new,22101,session19,0.27308347448706627,0.2784193679690361,0.005335893481969833
2026,C1,0.3,64,1,2000,phase23_new,22101,session2,0.2698485925793648,0.28490930795669556,0.01506071537733078
2026,C1,0.3,64,1,2000,phase23_new,22101,session21,0.26071570441126823,0.28537629172205925,0.024660587310791016
2026,C1,0.3,64,1,2000,phase23_new,22101,session3,0.2998301833868027,0.30243050307035446,0.0026003196835517883
2026,C1,0.3,64,1,2000,phase23_new,22101,session4,0.24705440551042557,0.2520880550146103,0.005033649504184723
2026,C1,0.3,64,1,2000,phase23_new,22101,session5,0.21038063988089561,0.20631137862801552,-0.0040692612528800964
2026,C1,0.3,64,1,2000,phase23_new,22101,session6,0.20341618731617928,0.21302201226353645,0.009605824947357178
2026,C1,0.3,64,1,2000,phase23_new,22101,session7,0.20975466445088387,0.2246122658252716,0.014857601374387741
2026,C1,0.3,64,1,2000,phase23_new,22101,session9,0.2650417350232601,0.2791321873664856,0.014090452343225479
2026,C1,0.3,64,1,2000,phase23_new,22102,session0,0.23930858075618744,0.241130743175745,0.0018221624195575714
2026,C1,0.3,64,1,2000,phase23_new,22102,session1,0.2803025357425213,0.2876497283577919,0.007347192615270615
2026,C1,0.3,64,1,2000,phase23_new,22102,session10,0.2254353202879429,0.24059796705842018,0.015162646770477295
2026,C1,0.3,64,1,2000,phase23_new,22102,session11,0.27038850635290146,0.28917086496949196,0.0187823586165905
2026,C1,0.3,64,1,2000,phase23_new,22102,session12,0.23818392306566238,0.24237259104847908,0.004188667982816696
2026,C1,0.3,64,1,2000,phase23_new,22102,session13,0.2287214770913124,0.2295922264456749,0.0008707493543624878
2026,C1,0.3,64,1,2000,phase23_new,22102,session14,0.2713623046875,0.2794240154325962,0.008061710745096207
2026,C1,0.3,64,1,2000,phase23_new,22102,session15,0.23986437171697617,0.23955534026026726,-0.0003090314567089081
2026,C1,0.3,64,1,2000,phase23_new,22102,session16,0.29386650770902634,0.30876681581139565,0.014900308102369308
2026,C1,0.3,64,1,2000,phase23_new,22102,session17,0.29331089928746223,0.301283773034811,0.007972873747348785
2026,C1,0.3,64,1,2000,phase23_new,22102,session18,0.21986496821045876,0.25279848277568817,0.032933514565229416
2026,C1,0.3,64,1,2000,phase23_new,22102,session19,0.27308347448706627,0.2772399075329304,0.004156433045864105
2026,C1,0.3,64,1,2000,phase23_new,22102,session2,0.2698485925793648,0.2798283249139786,0.0099797323346138
2026,C1,0.3,64,1,2000,phase23_new,22102,session21,0.26071570441126823,0.2721084877848625,0.011392783373594284
2026,C1,0.3,64,1,2000,phase23_new,22102,session3,0.2998301833868027,0.31033894792199135,0.010508764535188675
2026,C1,0.3,64,1,2000,phase23_new,22102,session4,0.24705440551042557,0.2520880550146103,0.005033649504184723
2026,C1,0.3,64,1,2000,phase23_new,22102,session5,0.21038063988089561,0.21425095573067665,0.0038703158497810364
2026,C1,0.3,64,1,2000,phase23_new,22102,session6,0.20341618731617928,0.19795362651348114,-0.005462560802698135
2026,C1,0.3,64,1,2000,phase23_new,22102,session7,0.20975466445088387,0.22732840850949287,0.01757374405860901
2026,C1,0.3,64,1,2000,phase23_new,22102,session9,0.2650417350232601,0.28242630511522293,0.017384570091962814
2026,C1,0.3,64,1,2000,phase23_new,22103,session0,0.23930858075618744,0.24254336580634117,0.0032347850501537323
2026,C1,0.3,64,1,2000,phase23_new,22103,session1,0.2803025357425213,0.2876497283577919,0.007347192615270615
2026,C1,0.3,64,1,2000,phase23_new,22103,session10,0.2254353202879429,0.24059796705842018,0.015162646770477295
2026,C1,0.3,64,1,2000,phase23_new,22103,session11,0.27038850635290146,0.30541712790727615,0.035028621554374695
2026,C1,0.3,64,1,2000,phase23_new,22103,session12,0.23818392306566238,0.24755478277802467,0.00937085971236229
2026,C1,0.3,64,1,2000,phase23_new,22103,session13,0.2287214770913124,0.24164169654250145,0.012920219451189041
2026,C1,0.3,64,1,2000,phase23_new,22103,session14,0.2713623046875,0.28011954575777054,0.008757241070270538
2026,C1,0.3,64,1,2000,phase23_new,22103,session15,0.23986437171697617,0.23955534026026726,-0.0003090314567089081
2026,C1,0.3,64,1,2000,phase23_new,22103,session16,0.29386650770902634,0.29737281799316406,0.003506310284137726
2026,C1,0.3,64,1,2000,phase23_new,22103,session17,0.29331089928746223,0.301283773034811,0.007972873747348785
2026,C1,0.3,64,1,2000,phase23_new,22103,session18,0.21986496821045876,0.25061776116490364,0.030752792954444885
2026,C1,0.3,64,1,2000,phase23_new,22103,session19,0.27308347448706627,0.28482596576213837,0.011742491275072098
2026,C1,0.3,64,1,2000,phase23_new,22103,session2,0.2698485925793648,0.26807428896427155,-0.0017743036150932312
2026,C1,0.3,64,1,2000,phase23_new,22103,session21,0.26071570441126823,0.2732149064540863,0.01249920204281807
2026,C1,0.3,64,1,2000,phase23_new,22103,session3,0.2998301833868027,0.30243050307035446,0.0026003196835517883
2026,C1,0.3,64,1,2000,phase23_new,22103,session4,0.24705440551042557,0.24458377808332443,-0.0024706274271011353
2026,C1,0.3,64,1,2000,phase23_new,22103,session5,0.21038063988089561,0.22022708877921104,0.00984644889831543
2026,C1,0.3,64,1,2000,phase23_new,22103,session6,0.20341618731617928,0.19795362651348114,-0.005462560802698135
2026,C1,0.3,64,1,2000,phase23_new,22103,session7,0.20975466445088387,0.22376033663749695,0.014005672186613083
2026,C1,0.3,64,1,2000,phase23_new,22103,session9,0.2650417350232601,0.28242630511522293,0.017384570091962814
2026,C2,0.03,32,0,2000,phase23_new,22101,session0,0.21985507383942604,0.3001383878290653,0.08028331398963928
2026,C2,0.03,32,0,2000,phase23_new,22101,session1,0.25256945565342903,0.26005031168460846,0.007480856031179428
2026,C2,0.03,32,0,2000,phase23_new,22101,session10,0.21932276710867882,0.24517767503857613,0.02585490792989731
2026,C2,0.03,32,0,2000,phase23_new,22101,session11,0.2690487168729305,0.3198539912700653,0.05080527439713478
2026,C2,0.03,32,0,2000,phase23_new,22101,session12,0.24489791318774223,0.2623864598572254,0.017488546669483185
2026,C2,0.03,32,0,2000,phase23_new,22101,session13,0.24579115211963654,0.26807500794529915,0.022283855825662613
2026,C2,0.03,32,0,2000,phase23_new,22101,session14,0.27171342819929123,0.2876410521566868,0.015927623957395554
2026,C2,0.03,32,0,2000,phase23_new,22101,session15,0.24836765229701996,0.24533096700906754,-0.003036685287952423
2026,C2,0.03,32,0,2000,phase23_new,22101,session16,0.2731859013438225,0.2879498600959778,0.014763958752155304
2026,C2,0.03,32,0,2000,phase23_new,22101,session17,0.2532011307775974,0.3184273838996887,0.0652262531220913
2026,C2,0.03,32,0,2000,phase23_new,22101,session18,0.2128768302500248,0.2665768377482891,0.05370000749826431
2026,C2,0.03,32,0,2000,phase23_new,22101,session19,0.26368219777941704,0.27689263224601746,0.013210434466600418
2026,C2,0.03,32,0,2000,phase23_new,22101,session2,0.2639477290213108,0.28437047451734543,0.020422745496034622
2026,C2,0.03,32,0,2000,phase23_new,22101,session21,0.24853265285491943,0.27613748610019684,0.027604833245277405
2026,C2,0.03,32,0,2000,phase23_new,22101,session3,0.2769901975989342,0.27594613656401634,-0.0010440610349178314
2026,C2,0.03,32,0,2000,phase23_new,22101,session4,0.241197157651186,0.25097642466425896,0.009779267013072968
2026,C2,0.03,32,0,2000,phase23_new,22101,session5,0.2131761647760868,0.20775849744677544,-0.005417667329311371
2026,C2,0.03,32,0,2000,phase23_new,22101,session6,0.23561140149831772,0.23403405398130417,-0.0015773475170135498
2026,C2,0.03,32,0,2000,phase23_new,22101,session7,0.21761273592710495,0.23264706134796143,0.015034325420856476
2026,C2,0.03,32,0,2000,phase23_new,22101,session9,0.27007028833031654,0.2871183305978775,0.01704804226756096
2026,C2,0.03,32,0,2000,phase23_new,22102,session0,0.21985507383942604,0.2315550334751606,0.011699959635734558
2026,C2,0.03,32,0,2000,phase23_new,22102,session1,0.25256945565342903,0.2557033784687519,0.003133922815322876
2026,C2,0.03,32,0,2000,phase23_new,22102,session10,0.21932276710867882,0.24182064086198807,0.02249787375330925
2026,C2,0.03,32,0,2000,phase23_new,22102,session11,0.2690487168729305,0.29901833832263947,0.02996962144970894
2026,C2,0.03,32,0,2000,phase23_new,22102,session12,0.24489791318774223,0.2567170783877373,0.011819165199995041
2026,C2,0.03,32,0,2000,phase23_new,22102,session13,0.24579115211963654,0.24656393006443977,0.0007727779448032379
2026,C2,0.03,32,0,2000,phase23_new,22102,session14,0.27171342819929123,0.28496062383055687,0.01324719563126564
2026,C2,0.03,32,0,2000,phase23_new,22102,session15,0.24836765229701996,0.24909846112132072,0.000730808824300766
2026,C2,0.03,32,0,2000,phase23_new,22102,session16,0.2731859013438225,0.2903505489230156,0.017164647579193115
2026,C2,0.03,32,0,2000,phase23_new,22102,session17,0.2532011307775974,0.2727830782532692,0.019581947475671768
2026,C2,0.03,32,0,2000,phase23_new,22102,session18,0.2128768302500248,0.25460950285196304,0.04173267260193825
2026,C2,0.03,32,0,2000,phase23_new,22102,session19,0.26368219777941704,0.27584630250930786,0.012164104729890823
2026,C2,0.03,32,0,2000,phase23_new,22102,session2,0.2639477290213108,0.280729990452528,0.016782261431217194
2026,C2,0.03,32,0,2000,phase23_new,22102,session21,0.24853265285491943,0.2618311159312725,0.013298463076353073
2026,C2,0.03,32,0,2000,phase23_new,22102,session3,0.2769901975989342,0.29081104695796967,0.013820849359035492
2026,C2,0.03,32,0,2000,phase23_new,22102,session4,0.241197157651186,0.25097642466425896,0.009779267013072968
2026,C2,0.03,32,0,2000,phase23_new,22102,session5,0.2131761647760868,0.2237245850265026,0.010548420250415802
2026,C2,0.03,32,0,2000,phase23_new,22102,session6,0.23561140149831772,0.22658760845661163,-0.009023793041706085
2026,C2,0.03,32,0,2000,phase23_new,22102,session7,0.21761273592710495,0.23187988996505737,0.014267154037952423
2026,C2,0.03,32,0,2000,phase23_new,22102,session9,0.27007028833031654,0.2905631586909294,0.02049287036061287
2026,C2,0.03,32,0,2000,phase23_new,22103,session0,0.21985507383942604,0.22835253551602364,0.008497461676597595
2026,C2,0.03,32,0,2000,phase23_new,22103,session1,0.25256945565342903,0.2557033784687519,0.003133922815322876
2026,C2,0.03,32,0,2000,phase23_new,22103,session10,0.21932276710867882,0.24182064086198807,0.02249787375330925
2026,C2,0.03,32,0,2000,phase23_new,22103,session11,0.2690487168729305,0.3218844458460808,0.05283572897315025
2026,C2,0.03,32,0,2000,phase23_new,22103,session12,0.24489791318774223,0.2623864598572254,0.017488546669483185
2026,C2,0.03,32,0,2000,phase23_new,22103,session13,0.24579115211963654,0.2683235965669155,0.022532444447278976
2026,C2,0.03,32,0,2000,phase23_new,22103,session14,0.27171342819929123,0.28309014439582825,0.011376716196537018
2026,C2,0.03,32,0,2000,phase23_new,22103,session15,0.24836765229701996,0.24909846112132072,0.000730808824300766
2026,C2,0.03,32,0,2000,phase23_new,22103,session16,0.2731859013438225,0.27535194531083107,0.0021660439670085907
2026,C2,0.03,32,0,2000,phase23_new,22103,session17,0.2532011307775974,0.2727830782532692,0.019581947475671768
2026,C2,0.03,32,0,2000,phase23_new,22103,session18,0.2128768302500248,0.26939669996500015,0.05651986971497536
2026,C2,0.03,32,0,2000,phase23_new,22103,session19,0.26368219777941704,0.2876316122710705,0.023949414491653442
2026,C2,0.03,32,0,2000,phase23_new,22103,session2,0.2639477290213108,0.264252919703722,0.00030519068241119385
2026,C2,0.03,32,0,2000,phase23_new,22103,session21,0.24853265285491943,0.2577776275575161,0.009244974702596664
2026,C2,0.03,32,0,2000,phase23_new,22103,session3,0.2769901975989342,0.27594613656401634,-0.0010440610349178314
2026,C2,0.03,32,0,2000,phase23_new,22103,session4,0.241197157651186,0.23954477161169052,-0.0016523860394954681
2026,C2,0.03,32,0,2000,phase23_new,22103,session5,0.2131761647760868,0.23218398913741112,0.01900782436132431
2026,C2,0.03,32,0,2000,phase23_new,22103,session6,0.23561140149831772,0.22658760845661163,-0.009023793041706085
2026,C2,0.03,32,0,2000,phase23_new,22103,session7,0.21761273592710495,0.2306375615298748,0.013024825602769852
2026,C2,0.03,32,0,2000,phase23_new,22103,session9,0.27007028833031654,0.2905631586909294,0.02049287036061287
2026,C2,0.03,64,0,2000,phase23_new,22101,session0,0.2203291766345501,0.29980970174074173,0.07948052510619164
2026,C2,0.03,64,0,2000,phase23_new,22101,session1,0.2536231465637684,0.26074816286563873,0.007125016301870346
2026,C2,0.03,64,0,2000,phase23_new,22101,session10,0.21685077250003815,0.24341078102588654,0.02656000852584839
2026,C2,0.03,64,0,2000,phase23_new,22101,session11,0.2653965763747692,0.3174044340848923,0.05200785771012306
2026,C2,0.03,64,0,2000,phase23_new,22101,session12,0.24060212075710297,0.25828181207180023,0.017679691314697266
2026,C2,0.03,64,0,2000,phase23_new,22101,session13,0.24166209623217583,0.2638656422495842,0.02220354601740837
2026,C2,0.03,64,0,2000,phase23_new,22101,session14,0.2700490914285183,0.2862416133284569,0.016192521899938583
2026,C2,0.03,64,0,2000,phase23_new,22101,session15,0.24374087899923325,0.241179209202528,-0.002561669796705246
2026,C2,0.03,64,0,2000,phase23_new,22101,session16,0.2727357968688011,0.2875235415995121,0.014787744730710983
2026,C2,0.03,64,0,2000,phase23_new,22101,session17,0.2541745454072952,0.3197336792945862,0.06555913388729095
2026,C2,0.03,64,0,2000,phase23_new,22101,session18,0.21090545877814293,0.26381178200244904,0.05290632322430611
2026,C2,0.03,64,0,2000,phase23_new,22101,session19,0.26118820905685425,0.2738724760711193,0.01268426701426506
2026,C2,0.03,64,0,2000,phase23_new,22101,session2,0.2632281854748726,0.2828851193189621,0.019656933844089508
2026,C2,0.03,64,0,2000,phase23_new,22101,session21,0.2467872090637684,0.27431347221136093,0.027526263147592545
2026,C2,0.03,64,0,2000,phase23_new,22101,session3,0.27694057300686836,0.27577855437994003,-0.0011620186269283295
2026,C2,0.03,64,0,2000,phase23_new,22101,session4,0.23718443512916565,0.24680694565176964,0.009622510522603989
2026,C2,0.03,64,0,2000,phase23_new,22101,session5,0.20964930206537247,0.2042536586523056,-0.005395643413066864
2026,C2,0.03,64,0,2000,phase23_new,22101,session6,0.22890150919556618,0.2283218465745449,-0.0005796626210212708
2026,C2,0.03,64,0,2000,phase23_new,22101,session7,0.21736960485577583,0.23314861580729485,0.015779010951519012
2026,C2,0.03,64,0,2000,phase23_new,22101,session9,0.2684526816010475,0.2855910509824753,0.017138369381427765
2026,C2,0.03,64,0,2000,phase23_new,22102,session0,0.2203291766345501,0.23206999152898788,0.01174081489443779
2026,C2,0.03,64,0,2000,phase23_new,22102,session1,0.2536231465637684,0.2566206753253937,0.00299752876162529
2026,C2,0.03,64,0,2000,phase23_new,22102,session10,0.21685077250003815,0.24013548716902733,0.02328471466898918
2026,C2,0.03,64,0,2000,phase23_new,22102,session11,0.2653965763747692,0.2959780916571617,0.030581515282392502
2026,C2,0.03,64,0,2000,phase23_new,22102,session12,0.24060212075710297,0.25264791026711464,0.012045789510011673
2026,C2,0.03,64,0,2000,phase23_new,22102,session13,0.24166209623217583,0.24201608449220657,0.00035398826003074646
2026,C2,0.03,64,0,2000,phase23_new,22102,session14,0.2700490914285183,0.2834330350160599,0.01338394358754158
2026,C2,0.03,64,0,2000,phase23_new,22102,session15,0.24374087899923325,0.24489828199148178,0.0011574029922485352
2026,C2,0.03,64,0,2000,phase23_new,22102,session16,0.2727357968688011,0.2896789200603962,0.016943123191595078
2026,C2,0.03,64,0,2000,phase23_new,22102,session17,0.2541745454072952,0.27471885457634926,0.02054430916905403
2026,C2,0.03,64,0,2000,phase23_new,22102,session18,0.21090545877814293,0.25340788066387177,0.042502421885728836
2026,C2,0.03,64,0,2000,phase23_new,22102,session19,0.26118820905685425,0.27255314216017723,0.011364933103322983
2026,C2,0.03,64,0,2000,phase23_new,22102,session2,0.2632281854748726,0.27902229502797127,0.01579410955309868
2026,C2,0.03,64,0,2000,phase23_new,22102,session21,0.2467872090637684,0.2604999467730522,0.013712737709283829
2026,C2,0.03,64,0,2000,phase23_new,22102,session3,0.27694057300686836,0.2908482551574707,0.01390768215060234
2026,C2,0.03,64,0,2000,phase23_new,22102,session4,0.23718443512916565,0.24680694565176964,0.009622510522603989
2026,C2,0.03,64,0,2000,phase23_new,22102,session5,0.20964930206537247,0.22022727131843567,0.010577969253063202
2026,C2,0.03,64,0,2000,phase23_new,22102,session6,0.22890150919556618,0.22017629444599152,-0.008725214749574661
2026,C2,0.03,64,0,2000,phase23_new,22102,session7,0.21736960485577583,0.2322477363049984,0.014878131449222565
2026,C2,0.03,64,0,2000,phase23_new,22102,session9,0.2684526816010475,0.28877926617860794,0.020326584577560425
2026,C2,0.03,64,0,2000,phase23_new,22103,session0,0.2203291766345501,0.22861415147781372,0.008284974843263626
2026,C2,0.03,64,0,2000,phase23_new,22103,session1,0.2536231465637684,0.2566206753253937,0.00299752876162529
2026,C2,0.03,64,0,2000,phase23_new,22103,session10,0.21685077250003815,0.24013548716902733,0.02328471466898918
2026,C2,0.03,64,0,2000,phase23_new,22103,session11,0.2653965763747692,0.3192461058497429,0.05384952947497368
2026,C2,0.03,64,0,2000,phase23_new,22103,session12,0.24060212075710297,0.25828181207180023,0.017679691314697266
2026,C2,0.03,64,0,2000,phase23_new,22103,session13,0.24166209623217583,0.2643030248582363,0.022640928626060486
2026,C2,0.03,64,0,2000,phase23_new,22103,session14,0.2700490914285183,0.28144844621419907,0.011399354785680771
2026,C2,0.03,64,0,2000,phase23_new,22103,session15,0.24374087899923325,0.24489828199148178,0.0011574029922485352
2026,C2,0.03,64,0,2000,phase23_new,22103,session16,0.2727357968688011,0.2747705616056919,0.002034764736890793
2026,C2,0.03,64,0,2000,phase23_new,22103,session17,0.2541745454072952,0.27471885457634926,0.02054430916905403
2026,C2,0.03,64,0,2000,phase23_new,22103,session18,0.21090545877814293,0.26712412387132645,0.05621866509318352
2026,C2,0.03,64,0,2000,phase23_new,22103,session19,0.26118820905685425,0.2845361679792404,0.02334795892238617
2026,C2,0.03,64,0,2000,phase23_new,22103,session2,0.2632281854748726,0.26322101429104805,-7.1711838245391846e-06
2026,C2,0.03,64,0,2000,phase23_new,22103,session21,0.2467872090637684,0.25634267553687096,0.00955546647310257
2026,C2,0.03,64,0,2000,phase23_new,22103,session3,0.27694057300686836,0.27577855437994003,-0.0011620186269283295
2026,C2,0.03,64,0,2000,phase23_new,22103,session4,0.23718443512916565,0.23532672971487045,-0.0018577054142951965
2026,C2,0.03,64,0,2000,phase23_new,22103,session5,0.20964930206537247,0.2286856323480606,0.01903633028268814
2026,C2,0.03,64,0,2000,phase23_new,22103,session6,0.22890150919556618,0.22017629444599152,-0.008725214749574661
2026,C2,0.03,64,0,2000,phase23_new,22103,session7,0.21736960485577583,0.23085279762744904,0.013483192771673203
2026,C2,0.03,64,0,2000,phase23_new,22103,session9,0.2684526816010475,0.28877926617860794,0.020326584577560425
2026,C2,0.03,32,1,2000,phase23_new,22101,session0,0.22122332081198692,0.29799042642116547,0.07676710560917854
2026,C2,0.03,32,1,2000,phase23_new,22101,session1,0.2597346715629101,0.2650218494236469,0.005287177860736847
2026,C2,0.03,32,1,2000,phase23_new,22101,session10,0.21283438801765442,0.238229688256979,0.02539530023932457
2026,C2,0.03,32,1,2000,phase23_new,22101,session11,0.25804442912340164,0.30938026309013367,0.051335833966732025
2026,C2,0.03,32,1,2000,phase23_new,22101,session12,0.23317230120301247,0.25089798867702484,0.017725687474012375
2026,C2,0.03,32,1,2000,phase23_new,22101,session13,0.23322748020291328,0.25631364062428474,0.02308616042137146
2026,C2,0.03,32,1,2000,phase23_new,22101,session14,0.26038674265146255,0.27778924256563187,0.01740249991416931
2026,C2,0.03,32,1,2000,phase23_new,22101,session15,0.2351335696876049,0.23210300505161285,-0.00303056463599205
2026,C2,0.03,32,1,2000,phase23_new,22101,session16,0.2719212882220745,0.28550175204873085,0.013580463826656342
2026,C2,0.03,32,1,2000,phase23_new,22101,session17,0.25597498938441277,0.32075952738523483,0.06478453800082207
2026,C2,0.03,32,1,2000,phase23_new,22101,session18,0.2064283974468708,0.25628912821412086,0.04986073076725006
2026,C2,0.03,32,1,2000,phase23_new,22101,session19,0.26006922498345375,0.27120961248874664,0.011140387505292892
2026,C2,0.03,32,1,2000,phase23_new,22101,session2,0.2668623737990856,0.28567424416542053,0.018811870366334915
2026,C2,0.03,32,1,2000,phase23_new,22101,session21,0.24165916442871094,0.2691735178232193,0.027514353394508362
2026,C2,0.03,32,1,2000,phase23_new,22101,session3,0.281174898147583,0.27880848571658134,-0.002366412431001663
2026,C2,0.03,32,1,2000,phase23_new,22101,session4,0.23528381064534187,0.2448694072663784,0.00958559662103653
2026,C2,0.03,32,1,2000,phase23_new,22101,session5,0.202745471149683,0.19690684601664543,-0.005838625133037567
2026,C2,0.03,32,1,2000,phase23_new,22101,session6,0.2303065061569214,0.22728513926267624,-0.0030213668942451477
2026,C2,0.03,32,1,2000,phase23_new,22101,session7,0.20671311765909195,0.2227654904127121,0.016052372753620148
2026,C2,0.03,32,1,2000,phase23_new,22101,session9,0.26366041973233223,0.281338918954134,0.017678499221801758
2026,C2,0.03,32,1,2000,phase23_new,22102,session0,0.22122332081198692,0.23109858483076096,0.009875264018774033
2026,C2,0.03,32,1,2000,phase23_new,22102,session1,0.2597346715629101,0.26221707835793495,0.002482406795024872
2026,C2,0.03,32,1,2000,phase23_new,22102,session10,0.21283438801765442,0.2349890135228634,0.02215462550520897
2026,C2,0.03,32,1,2000,phase23_new,22102,session11,0.25804442912340164,0.28756870329380035,0.029524274170398712
2026,C2,0.03,32,1,2000,phase23_new,22102,session12,0.23317230120301247,0.24438374862074852,0.011211447417736053
2026,C2,0.03,32,1,2000,phase23_new,22102,session13,0.23322748020291328,0.23329802975058556,7.054954767227173e-05
2026,C2,0.03,32,1,2000,phase23_new,22102,session14,0.26038674265146255,0.27452288568019867,0.014136143028736115
2026,C2,0.03,32,1,2000,phase23_new,22102,session15,0.2351335696876049,0.2347172498703003,-0.0004163198173046112
2026,C2,0.03,32,1,2000,phase23_new,22102,session16,0.2719212882220745,0.28714708611369133,0.015225797891616821
2026,C2,0.03,32,1,2000,phase23_new,22102,session17,0.25597498938441277,0.27748018130660057,0.021505191922187805
2026,C2,0.03,32,1,2000,phase23_new,22102,session18,0.2064283974468708,0.24615895003080368,0.03973055258393288
2026,C2,0.03,32,1,2000,phase23_new,22102,session19,0.26006922498345375,0.2703244611620903,0.010255236178636551
2026,C2,0.03,32,1,2000,phase23_new,22102,session2,0.2668623737990856,0.28122153878211975,0.014359164983034134
2026,C2,0.03,32,1,2000,phase23_new,22102,session21,0.24165916442871094,0.25575487315654755,0.014095708727836609
2026,C2,0.03,32,1,2000,phase23_new,22102,session3,0.281174898147583,0.29409561306238174,0.012920714914798737
2026,C2,0.03,32,1,2000,phase23_new,22102,session4,0.23528381064534187,0.2448694072663784,0.00958559662103653
2026,C2,0.03,32,1,2000,phase23_new,22102,session5,0.202745471149683,0.2124580666422844,0.009712595492601395
2026,C2,0.03,32,1,2000,phase23_new,22102,session6,0.2303065061569214,0.22123266011476517,-0.00907384604215622
2026,C2,0.03,32,1,2000,phase23_new,22102,session7,0.20671311765909195,0.22264943271875381,0.015936315059661865
2026,C2,0.03,32,1,2000,phase23_new,22102,session9,0.26366041973233223,0.28299567475914955,0.019335255026817322
2026,C2,0.03,32,1,2000,phase23_new,22103,session0,0.22122332081198692,0.22850650548934937,0.007283184677362442
2026,C2,0.03,32,1,2000,phase23_new,22103,session1,0.2597346715629101,0.26221707835793495,0.002482406795024872
2026,C2,0.03,32,1,2000,phase23_new,22103,session10,0.21283438801765442,0.2349890135228634,0.02215462550520897
2026,C2,0.03,32,1,2000,phase23_new,22103,session11,0.25804442912340164,0.31167956441640854,0.0536351352930069
2026,C2,0.03,32,1,2000,phase23_new,22103,session12,0.23317230120301247,0.25089798867702484,0.017725687474012375
2026,C2,0.03,32,1,2000,phase23_new,22103,session13,0.23322748020291328,0.25686249881982803,0.02363501861691475
2026,C2,0.03,32,1,2000,phase23_new,22103,session14,0.26038674265146255,0.2727342024445534,0.01234745979309082
2026,C2,0.03,32,1,2000,phase23_new,22103,session15,0.2351335696876049,0.2347172498703003,-0.0004163198173046112
2026,C2,0.03,32,1,2000,phase23_new,22103,session16,0.2719212882220745,0.273236520588398,0.001315232366323471
2026,C2,0.03,32,1,2000,phase23_new,22103,session17,0.25597498938441277,0.27748018130660057,0.021505191922187805
2026,C2,0.03,32,1,2000,phase23_new,22103,session18,0.2064283974468708,0.25767866522073746,0.05125026777386665
2026,C2,0.03,32,1,2000,phase23_new,22103,session19,0.26006922498345375,0.2822842039167881,0.02221497893333435
2026,C2,0.03,32,1,2000,phase23_new,22103,session2,0.2668623737990856,0.2665270268917084,-0.00033534690737724304
2026,C2,0.03,32,1,2000,phase23_new,22103,session21,0.24165916442871094,0.2517913654446602,0.01013220101594925
2026,C2,0.03,32,1,2000,phase23_new,22103,session3,0.281174898147583,0.27880848571658134,-0.002366412431001663
2026,C2,0.03,32,1,2000,phase23_new,22103,session4,0.23528381064534187,0.2329380325973034,-0.0023457780480384827
2026,C2,0.03,32,1,2000,phase23_new,22103,session5,0.202745471149683,0.22162922844290733,0.018883757293224335
2026,C2,0.03,32,1,2000,phase23_new,22103,session6,0.2303065061569214,0.22123266011476517,-0.00907384604215622
2026,C2,0.03,32,1,2000,phase23_new,22103,session7,0.20671311765909195,0.2213730439543724,0.014659926295280457
2026,C2,0.03,32,1,2000,phase23_new,22103,session9,0.26366041973233223,0.28299567475914955,0.019335255026817322
2026,C2,0.03,64,1,2000,phase23_new,22101,session0,0.218251783400774,0.2996484860777855,0.08139670267701149
2026,C2,0.03,64,1,2000,phase23_new,22101,session1,0.2540331110358238,0.2608453743159771,0.0068122632801532745
2026,C2,0.03,64,1,2000,phase23_new,22101,session10,0.2145141027867794,0.24053659662604332,0.026022493839263916
2026,C2,0.03,64,1,2000,phase23_new,22101,session11,0.2633860670030117,0.3153935372829437,0.05200747027993202
2026,C2,0.03,64,1,2000,phase23_new,22101,session12,0.23847775906324387,0.25677715986967087,0.018299400806427002
2026,C2,0.03,64,1,2000,phase23_new,22101,session13,0.23891787603497505,0.2622861675918102,0.023368291556835175
2026,C2,0.03,64,1,2000,phase23_new,22101,session14,0.2652766518294811,0.28279947862029076,0.01752282679080963
2026,C2,0.03,64,1,2000,phase23_new,22101,session15,0.23939860612154007,0.23696476966142654,-0.0024338364601135254
2026,C2,0.03,64,1,2000,phase23_new,22101,session16,0.2714552693068981,0.28686830773949623,0.015413038432598114
2026,C2,0.03,64,1,2000,phase23_new,22101,session17,0.25178137794137,0.3200453594326973,0.06826398149132729
2026,C2,0.03,64,1,2000,phase23_new,22101,session18,0.20800574496388435,0.26033763214945793,0.05233188718557358
2026,C2,0.03,64,1,2000,phase23_new,22101,session19,0.2607925646007061,0.2734977528452873,0.012705188244581223
2026,C2,0.03,64,1,2000,phase23_new,22101,session2,0.26582469791173935,0.286081425845623,0.020256727933883667
2026,C2,0.03,64,1,2000,phase23_new,22101,session21,0.24403632059693336,0.2723938897252083,0.028357569128274918
2026,C2,0.03,64,1,2000,phase23_new,22101,session3,0.2770642451941967,0.2752927951514721,-0.0017714500427246094
2026,C2,0.03,64,1,2000,phase23_new,22101,session4,0.23808273673057556,0.24765197560191154,0.009569238871335983
2026,C2,0.03,64,1,2000,phase23_new,22101,session5,0.20585141703486443,0.2002166099846363,-0.005634807050228119
2026,C2,0.03,64,1,2000,phase23_new,22101,session6,0.2321171909570694,0.2286367304623127,-0.0034804604947566986
2026,C2,0.03,64,1,2000,phase23_new,22101,session7,0.20996787771582603,0.22659994661808014,0.016632068902254105
2026,C2,0.03,64,1,2000,phase23_new,22101,session9,0.2654908634722233,0.2841676436364651,0.01867678016424179
2026,C2,0.03,64,1,2000,phase23_new,22102,session0,0.218251783400774,0.2292211875319481,0.010969404131174088
2026,C2,0.03,64,1,2000,phase23_new,22102,session1,0.2540331110358238,0.2569858245551586,0.002952713519334793
2026,C2,0.03,64,1,2000,phase23_new,22102,session10,0.2145141027867794,0.23758770897984505,0.023073606193065643
2026,C2,0.03,64,1,2000,phase23_new,22102,session11,0.2633860670030117,0.29362013190984726,0.030234064906835556
2026,C2,0.03,64,1,2000,phase23_new,22102,session12,0.23847775906324387,0.2504485249519348,0.011970765888690948
2026,C2,0.03,64,1,2000,phase23_new,22102,session13,0.23891787603497505,0.23952746763825417,0.0006095916032791138
2026,C2,0.03,64,1,2000,phase23_new,22102,session14,0.2652766518294811,0.2797323279082775,0.014455676078796387
2026,C2,0.03,64,1,2000,phase23_new,22102,session15,0.23939860612154007,0.23995063081383705,0.0005520246922969818
2026,C2,0.03,64,1,2000,phase23_new,22102,session16,0.2714552693068981,0.28840646520256996,0.016951195895671844
2026,C2,0.03,64,1,2000,phase23_new,22102,session17,0.25178137794137,0.27419935539364815,0.022417977452278137
2026,C2,0.03,64,1,2000,phase23_new,22102,session18,0.20800574496388435,0.24955486506223679,0.04154912009835243
2026,C2,0.03,64,1,2000,phase23_new,22102,session19,0.2607925646007061,0.2725171558558941,0.011724591255187988
2026,C2,0.03,64,1,2000,phase23_new,22102,session2,0.26582469791173935,0.2815737873315811,0.015749089419841766
2026,C2,0.03,64,1,2000,phase23_new,22102,session21,0.24403632059693336,0.25819825381040573,0.014161933213472366
2026,C2,0.03,64,1,2000,phase23_new,22102,session3,0.2770642451941967,0.29125866666436195,0.014194421470165253
2026,C2,0.03,64,1,2000,phase23_new,22102,session4,0.23808273673057556,0.24765197560191154,0.009569238871335983
2026,C2,0.03,64,1,2000,phase23_new,22102,session5,0.20585141703486443,0.21639985218644142,0.010548435151576996
2026,C2,0.03,64,1,2000,phase23_new,22102,session6,0.2321171909570694,0.22292163223028183,-0.009195558726787567
2026,C2,0.03,64,1,2000,phase23_new,22102,session7,0.20996787771582603,0.22623012214899063,0.016262244433164597
2026,C2,0.03,64,1,2000,phase23_new,22102,session9,0.2654908634722233,0.28632840886712074,0.02083754539489746
2026,C2,0.03,64,1,2000,phase23_new,22103,session0,0.218251783400774,0.2262790948152542,0.00802731141448021
2026,C2,0.03,64,1,2000,phase23_new,22103,session1,0.2540331110358238,0.2569858245551586,0.002952713519334793
2026,C2,0.03,64,1,2000,phase23_new,22103,session10,0.2145141027867794,0.23758770897984505,0.023073606193065643
2026,C2,0.03,64,1,2000,phase23_new,22103,session11,0.2633860670030117,0.3177337273955345,0.05434766039252281
2026,C2,0.03,64,1,2000,phase23_new,22103,session12,0.23847775906324387,0.25677715986967087,0.018299400806427002
2026,C2,0.03,64,1,2000,phase23_new,22103,session13,0.23891787603497505,0.26281335949897766,0.02389548346400261
2026,C2,0.03,64,1,2000,phase23_new,22103,session14,0.2652766518294811,0.2777296304702759,0.012452978640794754
2026,C2,0.03,64,1,2000,phase23_new,22103,session15,0.23939860612154007,0.23995063081383705,0.0005520246922969818
2026,C2,0.03,64,1,2000,phase23_new,22103,session16,0.2714552693068981,0.2737457789480686,0.0022905096411705017
2026,C2,0.03,64,1,2000,phase23_new,22103,session17,0.25178137794137,0.27419935539364815,0.022417977452278137
2026,C2,0.03,64,1,2000,phase23_new,22103,session18,0.20800574496388435,0.26256898045539856,0.054563235491514206
2026,C2,0.03,64,1,2000,phase23_new,22103,session19,0.2607925646007061,0.28464388474822044,0.023851320147514343
2026,C2,0.03,64,1,2000,phase23_new,22103,session2,0.26582469791173935,0.2655785605311394,-0.0002461373805999756
2026,C2,0.03,64,1,2000,phase23_new,22103,session21,0.24403632059693336,0.2542075030505657,0.010171182453632355
2026,C2,0.03,64,1,2000,phase23_new,22103,session3,0.2770642451941967,0.2752927951514721,-0.0017714500427246094
2026,C2,0.03,64,1,2000,phase23_new,22103,session4,0.23808273673057556,0.23566478863358498,-0.0024179480969905853
2026,C2,0.03,64,1,2000,phase23_new,22103,session5,0.20585141703486443,0.22546730563044548,0.019615888595581055
2026,C2,0.03,64,1,2000,phase23_new,22103,session6,0.2321171909570694,0.22292163223028183,-0.009195558726787567
2026,C2,0.03,64,1,2000,phase23_new,22103,session7,0.20996787771582603,0.22467637062072754,0.014708492904901505
2026,C2,0.03,64,1,2000,phase23_new,22103,session9,0.2654908634722233,0.28632840886712074,0.02083754539489746
2026,C2,0.1,32,0,2000,phase22_reused,22101,session0,0.23156019672751427,0.3240330033004284,0.09247280657291412
2026,C2,0.1,32,0,2000,phase22_reused,22101,session1,0.2626305781304836,0.2699771337211132,0.007346555590629578
2026,C2,0.1,32,0,2000,phase22_reused,22101,session10,0.22734319791197777,0.25729236379265785,0.029949165880680084
2026,C2,0.1,32,0,2000,phase22_reused,22101,session11,0.2783466689288616,0.3437226116657257,0.06537594273686409
2026,C2,0.1,32,0,2000,phase22_reused,22101,session12,0.26671022921800613,0.28143034875392914,0.014720119535923004
2026,C2,0.1,32,0,2000,phase22_reused,22101,session13,0.2667304538190365,0.288476899266243,0.021746445447206497
2026,C2,0.1,32,0,2000,phase22_reused,22101,session14,0.29922500997781754,0.3205612301826477,0.02133622020483017
2026,C2,0.1,32,0,2000,phase22_reused,22101,session15,0.25751346349716187,0.2562292627990246,-0.0012842006981372833
2026,C2,0.1,32,0,2000,phase22_reused,22101,session16,0.28327276557683945,0.3008672371506691,0.01759447157382965
2026,C2,0.1,32,0,2000,phase22_reused,22101,session17,0.2571832239627838,0.32480622082948685,0.06762299686670303
2026,C2,0.1,32,0,2000,phase22_reused,22101,session18,0.21271932125091553,0.2712675966322422,0.058548275381326675
2026,C2,0.1,32,0,2000,phase22_reused,22101,session19,0.2699930742383003,0.28755733370780945,0.017564259469509125
2026,C2,0.1,32,0,2000,phase22_reused,22101,session2,0.26801809668540955,0.289545513689518,0.02152741700410843
2026,C2,0.1,32,0,2000,phase22_reused,22101,session21,0.2668347917497158,0.2947308272123337,0.027896035462617874
2026,C2,0.1,32,0,2000,phase22_reused,22101,session3,0.2840367220342159,0.28405409306287766,1.7371028661727905e-05
2026,C2,0.1,32,0,2000,phase22_reused,22101,session4,0.2441820465028286,0.25881702080368996,0.014634974300861359
2026,C2,0.1,32,0,2000,phase22_reused,22101,session5,0.2169913426041603,0.21443463489413261,-0.0025567077100276947
2026,C2,0.1,32,0,2000,phase22_reused,22101,session6,0.22744233161211014,0.22355327382683754,-0.0038890577852725983
2026,C2,0.1,32,0,2000,phase22_reused,22101,session7,0.23381098732352257,0.2515594996511936,0.01774851232767105
2026,C2,0.1,32,0,2000,phase22_reused,22101,session9,0.2742709554731846,0.3092212975025177,0.034950342029333115
2026,C2,0.1,32,0,2000,phase22_reused,22102,session0,0.23156019672751427,0.23341532424092293,0.0018551275134086609
2026,C2,0.1,32,0,2000,phase22_reused,22102,session1,0.2626305781304836,0.26421453431248665,0.0015839561820030212
2026,C2,0.1,32,0,2000,phase22_reused,22102,session10,0.22734319791197777,0.2520166002213955,0.024673402309417725
2026,C2,0.1,32,0,2000,phase22_reused,22102,session11,0.2783466689288616,0.317391574382782,0.039044905453920364
2026,C2,0.1,32,0,2000,phase22_reused,22102,session12,0.26671022921800613,0.2747218757867813,0.008011646568775177
2026,C2,0.1,32,0,2000,phase22_reused,22102,session13,0.2667304538190365,0.2639620304107666,-0.002768423408269882
2026,C2,0.1,32,0,2000,phase22_reused,22102,session14,0.29922500997781754,0.3138710632920265,0.014646053314208984
2026,C2,0.1,32,0,2000,phase22_reused,22102,session15,0.25751346349716187,0.26529694348573685,0.007783479988574982
2026,C2,0.1,32,0,2000,phase22_reused,22102,session16,0.28327276557683945,0.3082619979977608,0.024989232420921326
2026,C2,0.1,32,0,2000,phase22_reused,22102,session17,0.2571832239627838,0.27173877134919167,0.014555547386407852
2026,C2,0.1,32,0,2000,phase22_reused,22102,session18,0.21271932125091553,0.26539406552910805,0.05267474427819252
2026,C2,0.1,32,0,2000,phase22_reused,22102,session19,0.2699930742383003,0.287457600235939,0.017464525997638702
2026,C2,0.1,32,0,2000,phase22_reused,22102,session2,0.26801809668540955,0.29296965152025223,0.024951554834842682
2026,C2,0.1,32,0,2000,phase22_reused,22102,session21,0.2668347917497158,0.28091345727443695,0.014078665524721146
2026,C2,0.1,32,0,2000,phase22_reused,22102,session3,0.2840367220342159,0.3070461377501488,0.023009415715932846
2026,C2,0.1,32,0,2000,phase22_reused,22102,session4,0.2441820465028286,0.25881702080368996,0.014634974300861359
2026,C2,0.1,32,0,2000,phase22_reused,22102,session5,0.2169913426041603,0.23332429677248,0.016332954168319702
2026,C2,0.1,32,0,2000,phase22_reused,22102,session6,0.22744233161211014,0.22537901625037193,-0.002063315361738205
2026,C2,0.1,32,0,2000,phase22_reused,22102,session7,0.23381098732352257,0.2491517774760723,0.015340790152549744
2026,C2,0.1,32,0,2000,phase22_reused,22102,session9,0.2742709554731846,0.31220170855522156,0.03793075308203697
2026,C2,0.1,32,0,2000,phase22_reused,22103,session0,0.23156019672751427,0.23454927280545235,0.00298907607793808
2026,C2,0.1,32,0,2000,phase22_reused,22103,session1,0.2626305781304836,0.26421453431248665,0.0015839561820030212
2026,C2,0.1,32,0,2000,phase22_reused,22103,session10,0.22734319791197777,0.2520166002213955,0.024673402309417725
2026,C2,0.1,32,0,2000,phase22_reused,22103,session11,0.2783466689288616,0.3451704904437065,0.0668238215148449
2026,C2,0.1,32,0,2000,phase22_reused,22103,session12,0.26671022921800613,0.28143034875392914,0.014720119535923004
2026,C2,0.1,32,0,2000,phase22_reused,22103,session13,0.2667304538190365,0.2911601662635803,0.02442971244454384
2026,C2,0.1,32,0,2000,phase22_reused,22103,session14,0.29922500997781754,0.31199007481336594,0.012765064835548401
2026,C2,0.1,32,0,2000,phase22_reused,22103,session15,0.25751346349716187,0.26529694348573685,0.007783479988574982
2026,C2,0.1,32,0,2000,phase22_reused,22103,session16,0.28327276557683945,0.2874971106648445,0.004224345088005066
2026,C2,0.1,32,0,2000,phase22_reused,22103,session17,0.2571832239627838,0.27173877134919167,0.014555547386407852
2026,C2,0.1,32,0,2000,phase22_reused,22103,session18,0.21271932125091553,0.27928880602121353,0.066569484770298
2026,C2,0.1,32,0,2000,phase22_reused,22103,session19,0.2699930742383003,0.3020642548799515,0.032071180641651154
2026,C2,0.1,32,0,2000,phase22_reused,22103,session2,0.26801809668540955,0.2762821391224861,0.008264042437076569
2026,C2,0.1,32,0,2000,phase22_reused,22103,session21,0.2668347917497158,0.2755127437412739,0.008677951991558075
2026,C2,0.1,32,0,2000,phase22_reused,22103,session3,0.2840367220342159,0.28405409306287766,1.7371028661727905e-05
2026,C2,0.1,32,0,2000,phase22_reused,22103,session4,0.2441820465028286,0.24585438892245293,0.0016723424196243286
2026,C2,0.1,32,0,2000,phase22_reused,22103,session5,0.2169913426041603,0.24069681018590927,0.023705467581748962
2026,C2,0.1,32,0,2000,phase22_reused,22103,session6,0.22744233161211014,0.22537901625037193,-0.002063315361738205
2026,C2,0.1,32,0,2000,phase22_reused,22103,session7,0.23381098732352257,0.24738341942429543,0.013572432100772858
2026,C2,0.1,32,0,2000,phase22_reused,22103,session9,0.2742709554731846,0.31220170855522156,0.03793075308203697
2026,C2,0.1,64,0,2000,phase22_reused,22101,session0,0.22858940064907074,0.3218497335910797,0.09326033294200897
2026,C2,0.1,64,0,2000,phase22_reused,22101,session1,0.26087040826678276,0.266398549079895,0.005528140813112259
2026,C2,0.1,64,0,2000,phase22_reused,22101,session10,0.2214493751525879,0.2504473179578781,0.028997942805290222
2026,C2,0.1,64,0,2000,phase22_reused,22101,session11,0.2738130912184715,0.33608270436525345,0.06226961314678192
2026,C2,0.1,64,0,2000,phase22_reused,22101,session12,0.2547007352113724,0.2691429480910301,0.014442212879657745
2026,C2,0.1,64,0,2000,phase22_reused,22101,session13,0.25822383537888527,0.27914173528552055,0.020917899906635284
2026,C2,0.1,64,0,2000,phase22_reused,22101,session14,0.2896396853029728,0.31021294742822647,0.020573262125253677
2026,C2,0.1,64,0,2000,phase22_reused,22101,session15,0.24805596843361855,0.2458590716123581,-0.0021968968212604523
2026,C2,0.1,64,0,2000,phase22_reused,22101,session16,0.2778554856777191,0.29722534120082855,0.019369855523109436
2026,C2,0.1,64,0,2000,phase22_reused,22101,session17,0.25427044183015823,0.3241390064358711,0.06986856460571289
2026,C2,0.1,64,0,2000,phase22_reused,22101,session18,0.2097948156297207,0.2657001055777073,0.0559052899479866
2026,C2,0.1,64,0,2000,phase22_reused,22101,session19,0.26303067430853844,0.28061196580529213,0.017581291496753693
2026,C2,0.1,64,0,2000,phase22_reused,22101,session2,0.26458803564310074,0.28544022515416145,0.020852189511060715
2026,C2,0.1,64,0,2000,phase22_reused,22101,session21,0.2581881061196327,0.28808485716581345,0.029896751046180725
2026,C2,0.1,64,0,2000,phase22_reused,22101,session3,0.2807811498641968,0.28016533702611923,-0.0006158128380775452
2026,C2,0.1,64,0,2000,phase22_reused,22101,session4,0.23851105198264122,0.25386523827910423,0.015354186296463013
2026,C2,0.1,64,0,2000,phase22_reused,22101,session5,0.2115369327366352,0.20824740082025528,-0.0032895319163799286
2026,C2,0.1,64,0,2000,phase22_reused,22101,session6,0.22071126103401184,0.21799320355057716,-0.002718057483434677
2026,C2,0.1,64,0,2000,phase22_reused,22101,session7,0.22565306723117828,0.24365025386214256,0.01799718663096428
2026,C2,0.1,64,0,2000,phase22_reused,22101,session9,0.26896459609270096,0.3023087866604328,0.03334419056773186
2026,C2,0.1,64,0,2000,phase22_reused,22102,session0,0.22858940064907074,0.23031561821699142,0.0017262175679206848
2026,C2,0.1,64,0,2000,phase22_reused,22102,session1,0.26087040826678276,0.2630958817899227,0.0022254735231399536
2026,C2,0.1,64,0,2000,phase22_reused,22102,session10,0.2214493751525879,0.245368592441082,0.02391921728849411
2026,C2,0.1,64,0,2000,phase22_reused,22102,session11,0.2738130912184715,0.31012483686208725,0.03631174564361572
2026,C2,0.1,64,0,2000,phase22_reused,22102,session12,0.2547007352113724,0.26247134432196617,0.007770609110593796
2026,C2,0.1,64,0,2000,phase22_reused,22102,session13,0.25822383537888527,0.25491298735141754,-0.0033108480274677277
2026,C2,0.1,64,0,2000,phase22_reused,22102,session14,0.2896396853029728,0.30437420308589935,0.01473451778292656
2026,C2,0.1,64,0,2000,phase22_reused,22102,session15,0.24805596843361855,0.25463587418198586,0.00657990574836731
2026,C2,0.1,64,0,2000,phase22_reused,22102,session16,0.2778554856777191,0.30178363621234894,0.023928150534629822
2026,C2,0.1,64,0,2000,phase22_reused,22102,session17,0.25427044183015823,0.2710660882294178,0.016795646399259567
2026,C2,0.1,64,0,2000,phase22_reused,22102,session18,0.2097948156297207,0.25997769087553024,0.050182875245809555
2026,C2,0.1,64,0,2000,phase22_reused,22102,session19,0.26303067430853844,0.2804404906928539,0.01740981638431549
2026,C2,0.1,64,0,2000,phase22_reused,22102,session2,0.26458803564310074,0.288744043558836,0.024156007915735245
2026,C2,0.1,64,0,2000,phase22_reused,22102,session21,0.2581881061196327,0.272645004093647,0.014456897974014282
2026,C2,0.1,64,0,2000,phase22_reused,22102,session3,0.2807811498641968,0.3048832155764103,0.024102065712213516
2026,C2,0.1,64,0,2000,phase22_reused,22102,session4,0.23851105198264122,0.25386523827910423,0.015354186296463013
2026,C2,0.1,64,0,2000,phase22_reused,22102,session5,0.2115369327366352,0.22740590199828148,0.01586896926164627
2026,C2,0.1,64,0,2000,phase22_reused,22102,session6,0.22071126103401184,0.21934742107987404,-0.0013638399541378021
2026,C2,0.1,64,0,2000,phase22_reused,22102,session7,0.22565306723117828,0.2406131513416767,0.014960084110498428
2026,C2,0.1,64,0,2000,phase22_reused,22102,session9,0.26896459609270096,0.30602800846099854,0.03706341236829758
2026,C2,0.1,64,0,2000,phase22_reused,22103,session0,0.22858940064907074,0.23033425211906433,0.0017448514699935913
2026,C2,0.1,64,0,2000,phase22_reused,22103,session1,0.26087040826678276,0.2630958817899227,0.0022254735231399536
2026,C2,0.1,64,0,2000,phase22_reused,22103,session10,0.2214493751525879,0.245368592441082,0.02391921728849411
2026,C2,0.1,64,0,2000,phase22_reused,22103,session11,0.2738130912184715,0.33745386451482773,0.0636407732963562
2026,C2,0.1,64,0,2000,phase22_reused,22103,session12,0.2547007352113724,0.2691429480910301,0.014442212879657745
2026,C2,0.1,64,0,2000,phase22_reused,22103,session13,0.25822383537888527,0.28174547478556633,0.02352163940668106
2026,C2,0.1,64,0,2000,phase22_reused,22103,session14,0.2896396853029728,0.30190563946962357,0.012265954166650772
2026,C2,0.1,64,0,2000,phase22_reused,22103,session15,0.24805596843361855,0.25463587418198586,0.00657990574836731
2026,C2,0.1,64,0,2000,phase22_reused,22103,session16,0.2778554856777191,0.2814022973179817,0.0035468116402626038
2026,C2,0.1,64,0,2000,phase22_reused,22103,session17,0.25427044183015823,0.2710660882294178,0.016795646399259567
2026,C2,0.1,64,0,2000,phase22_reused,22103,session18,0.2097948156297207,0.2723941244184971,0.0625993087887764
2026,C2,0.1,64,0,2000,phase22_reused,22103,session19,0.26303067430853844,0.29489267244935036,0.03186199814081192
2026,C2,0.1,64,0,2000,phase22_reused,22103,session2,0.26458803564310074,0.27295779064297676,0.008369754999876022
2026,C2,0.1,64,0,2000,phase22_reused,22103,session21,0.2581881061196327,0.2684684656560421,0.010280359536409378
2026,C2,0.1,64,0,2000,phase22_reused,22103,session3,0.2807811498641968,0.28016533702611923,-0.0006158128380775452
2026,C2,0.1,64,0,2000,phase22_reused,22103,session4,0.23851105198264122,0.24030248075723648,0.0017914287745952606
2026,C2,0.1,64,0,2000,phase22_reused,22103,session5,0.2115369327366352,0.23373699560761452,0.02220006287097931
2026,C2,0.1,64,0,2000,phase22_reused,22103,session6,0.22071126103401184,0.21934742107987404,-0.0013638399541378021
2026,C2,0.1,64,0,2000,phase22_reused,22103,session7,0.22565306723117828,0.23862968012690544,0.012976612895727158
2026,C2,0.1,64,0,2000,phase22_reused,22103,session9,0.26896459609270096,0.30602800846099854,0.03706341236829758
2026,C2,0.1,32,1,2000,phase22_reused,22101,session0,0.22643664106726646,0.3218550756573677,0.09541843459010124
2026,C2,0.1,32,1,2000,phase22_reused,22101,session1,0.25943560898303986,0.26555799320340157,0.00612238422036171
2026,C2,0.1,32,1,2000,phase22_reused,22101,session10,0.21769103780388832,0.24754084274172783,0.029849804937839508
2026,C2,0.1,32,1,2000,phase22_reused,22101,session11,0.27034011483192444,0.3323678746819496,0.06202775985002518
2026,C2,0.1,32,1,2000,phase22_reused,22101,session12,0.24845431745052338,0.2634100019931793,0.014955684542655945
2026,C2,0.1,32,1,2000,phase22_reused,22101,session13,0.25109435617923737,0.2728988155722618,0.021804459393024445
2026,C2,0.1,32,1,2000,phase22_reused,22101,session14,0.28138676285743713,0.3022507503628731,0.020863987505435944
2026,C2,0.1,32,1,2000,phase22_reused,22101,session15,0.2438962645828724,0.24154389277100563,-0.0023523718118667603
2026,C2,0.1,32,1,2000,phase22_reused,22101,session16,0.2728675790131092,0.2931394688785076,0.020271889865398407
2026,C2,0.1,32,1,2000,phase22_reused,22101,session17,0.25395745411515236,0.3246004581451416,0.07064300402998924
2026,C2,0.1,32,1,2000,phase22_reused,22101,session18,0.2084045261144638,0.2638469338417053,0.055442407727241516
2026,C2,0.1,32,1,2000,phase22_reused,22101,session19,0.26090599223971367,0.27904650568962097,0.018140513449907303
2026,C2,0.1,32,1,2000,phase22_reused,22101,session2,0.26301486790180206,0.284809198230505,0.021794330328702927
2026,C2,0.1,32,1,2000,phase22_reused,22101,session21,0.2519129514694214,0.28308751434087753,0.031174562871456146
2026,C2,0.1,32,1,2000,phase22_reused,22101,session3,0.2767437882721424,0.276713777333498,-3.001093864440918e-05
2026,C2,0.1,32,1,2000,phase22_reused,22101,session4,0.23631421476602554,0.25228071212768555,0.015966497361660004
2026,C2,0.1,32,1,2000,phase22_reused,22101,session5,0.20938817039132118,0.2060406319797039,-0.003347538411617279
2026,C2,0.1,32,1,2000,phase22_reused,22101,session6,0.22086422890424728,0.21619564667344093,-0.004668582230806351
2026,C2,0.1,32,1,2000,phase22_reused,22101,session7,0.22075320780277252,0.2390691190958023,0.018315911293029785
2026,C2,0.1,32,1,2000,phase22_reused,22101,session9,0.2662283331155777,0.2988967224955559,0.03266838937997818
2026,C2,0.1,32,1,2000,phase22_reused,22102,session0,0.22643664106726646,0.22777360305190086,0.0013369619846343994
2026,C2,0.1,32,1,2000,phase22_reused,22102,session1,0.25943560898303986,0.2624741345643997,0.0030385255813598633
2026,C2,0.1,32,1,2000,phase22_reused,22102,session10,0.21769103780388832,0.24272934347391129,0.025038305670022964
2026,C2,0.1,32,1,2000,phase22_reused,22102,session11,0.27034011483192444,0.30672136694192886,0.036381252110004425
2026,C2,0.1,32,1,2000,phase22_reused,22102,session12,0.24845431745052338,0.25583262369036674,0.0073783062398433685
2026,C2,0.1,32,1,2000,phase22_reused,22102,session13,0.25109435617923737,0.24868452548980713,-0.002409830689430237
2026,C2,0.1,32,1,2000,phase22_reused,22102,session14,0.28138676285743713,0.296615906059742,0.01522914320230484
2026,C2,0.1,32,1,2000,phase22_reused,22102,session15,0.2438962645828724,0.2504284270107746,0.006532162427902222
2026,C2,0.1,32,1,2000,phase22_reused,22102,session16,0.2728675790131092,0.29692555218935013,0.02405797317624092
2026,C2,0.1,32,1,2000,phase22_reused,22102,session17,0.25395745411515236,0.2699439004063606,0.015986446291208267
2026,C2,0.1,32,1,2000,phase22_reused,22102,session18,0.2084045261144638,0.25908713787794113,0.050682611763477325
2026,C2,0.1,32,1,2000,phase22_reused,22102,session19,0.26090599223971367,0.27838674560189247,0.017480753362178802
2026,C2,0.1,32,1,2000,phase22_reused,22102,session2,0.26301486790180206,0.28762485459446907,0.024609986692667007
2026,C2,0.1,32,1,2000,phase22_reused,22102,session21,0.2519129514694214,0.2655651681125164,0.013652216643095016
2026,C2,0.1,32,1,2000,phase22_reused,22102,session3,0.2767437882721424,0.3021257370710373,0.025381948798894882
2026,C2,0.1,32,1,2000,phase22_reused,22102,session4,0.23631421476602554,0.25228071212768555,0.015966497361660004
2026,C2,0.1,32,1,2000,phase22_reused,22102,session5,0.20938817039132118,0.22469884529709816,0.015310674905776978
2026,C2,0.1,32,1,2000,phase22_reused,22102,session6,0.22086422890424728,0.21917106956243515,-0.0016931593418121338
2026,C2,0.1,32,1,2000,phase22_reused,22102,session7,0.22075320780277252,0.23648366332054138,0.01573045551776886
2026,C2,0.1,32,1,2000,phase22_reused,22102,session9,0.2662283331155777,0.30196941643953323,0.035741083323955536
2026,C2,0.1,32,1,2000,phase22_reused,22103,session0,0.22643664106726646,0.22835185006260872,0.0019152089953422546
2026,C2,0.1,32,1,2000,phase22_reused,22103,session1,0.25943560898303986,0.2624741345643997,0.0030385255813598633
2026,C2,0.1,32,1,2000,phase22_reused,22103,session10,0.21769103780388832,0.24272934347391129,0.025038305670022964
2026,C2,0.1,32,1,2000,phase22_reused,22103,session11,0.27034011483192444,0.33327505737543106,0.06293494254350662
2026,C2,0.1,32,1,2000,phase22_reused,22103,session12,0.24845431745052338,0.2634100019931793,0.014955684542655945
2026,C2,0.1,32,1,2000,phase22_reused,22103,session13,0.25109435617923737,0.2756374776363373,0.024543121457099915
2026,C2,0.1,32,1,2000,phase22_reused,22103,session14,0.28138676285743713,0.29329466819763184,0.011907905340194702
2026,C2,0.1,32,1,2000,phase22_reused,22103,session15,0.2438962645828724,0.2504284270107746,0.006532162427902222
2026,C2,0.1,32,1,2000,phase22_reused,22103,session16,0.2728675790131092,0.2770121805369854,0.00414460152387619
2026,C2,0.1,32,1,2000,phase22_reused,22103,session17,0.25395745411515236,0.2699439004063606,0.015986446291208267
2026,C2,0.1,32,1,2000,phase22_reused,22103,session18,0.2084045261144638,0.2703605890274048,0.06195606291294098
2026,C2,0.1,32,1,2000,phase22_reused,22103,session19,0.26090599223971367,0.293461836874485,0.03255584463477135
2026,C2,0.1,32,1,2000,phase22_reused,22103,session2,0.26301486790180206,0.27169444039463997,0.008679572492837906
2026,C2,0.1,32,1,2000,phase22_reused,22103,session21,0.2519129514694214,0.26282699033617973,0.010914038866758347
2026,C2,0.1,32,1,2000,phase22_reused,22103,session3,0.2767437882721424,0.276713777333498,-3.001093864440918e-05
2026,C2,0.1,32,1,2000,phase22_reused,22103,session4,0.23631421476602554,0.23755507916212082,0.0012408643960952759
2026,C2,0.1,32,1,2000,phase22_reused,22103,session5,0.20938817039132118,0.23183071240782738,0.022442542016506195
2026,C2,0.1,32,1,2000,phase22_reused,22103,session6,0.22086422890424728,0.21917106956243515,-0.0016931593418121338
2026,C2,0.1,32,1,2000,phase22_reused,22103,session7,0.22075320780277252,0.2337413802742958,0.012988172471523285
2026,C2,0.1,32,1,2000,phase22_reused,22103,session9,0.2662283331155777,0.30196941643953323,0.035741083323955536
2026,C2,0.1,64,1,2000,phase22_reused,22101,session0,0.22838661074638367,0.324179757386446,0.09579314664006233
2026,C2,0.1,64,1,2000,phase22_reused,22101,session1,0.2614683397114277,0.2680109106004238,0.006542570888996124
2026,C2,0.1,64,1,2000,phase22_reused,22101,session10,0.21981719881296158,0.2500463090837002,0.0302291102707386
2026,C2,0.1,64,1,2000,phase22_reused,22101,session11,0.27272019907832146,0.3353414386510849,0.06262123957276344
2026,C2,0.1,64,1,2000,phase22_reused,22101,session12,0.2519029416143894,0.26730378344655037,0.01540084183216095
2026,C2,0.1,64,1,2000,phase22_reused,22101,session13,0.2540471740067005,0.2760552912950516,0.02200811728835106
2026,C2,0.1,64,1,2000,phase22_reused,22101,session14,0.2838369719684124,0.30508630722761154,0.021249335259199142
2026,C2,0.1,64,1,2000,phase22_reused,22101,session15,0.24608182162046432,0.24310260638594627,-0.002979215234518051
2026,C2,0.1,64,1,2000,phase22_reused,22101,session16,0.2757308781147003,0.2957613095641136,0.0200304314494133
2026,C2,0.1,64,1,2000,phase22_reused,22101,session17,0.25630665570497513,0.3274224251508713,0.07111576944589615
2026,C2,0.1,64,1,2000,phase22_reused,22101,session18,0.2105604000389576,0.2660396918654442,0.05547929182648659
2026,C2,0.1,64,1,2000,phase22_reused,22101,session19,0.26339732483029366,0.2819591462612152,0.018561821430921555
2026,C2,0.1,64,1,2000,phase22_reused,22101,session2,0.2647860161960125,0.28688880428671837,0.02210278809070587
2026,C2,0.1,64,1,2000,phase22_reused,22101,session21,0.25526757165789604,0.2863474115729332,0.031079839915037155
2026,C2,0.1,64,1,2000,phase22_reused,22101,session3,0.2791461609303951,0.2790459804236889,-0.00010018050670623779
2026,C2,0.1,64,1,2000,phase22_reused,22101,session4,0.23783883452415466,0.25427379831671715,0.016434963792562485
2026,C2,0.1,64,1,2000,phase22_reused,22101,session5,0.2108679674565792,0.2074284628033638,-0.0034395046532154083
2026,C2,0.1,64,1,2000,phase22_reused,22101,session6,0.22079766541719437,0.21615101769566536,-0.004646647721529007
2026,C2,0.1,64,1,2000,phase22_reused,22101,session7,0.2232472226023674,0.24150201678276062,0.01825479418039322
2026,C2,0.1,64,1,2000,phase22_reused,22101,session9,0.2681993618607521,0.30218495056033134,0.03398558869957924
2026,C2,0.1,64,1,2000,phase22_reused,22102,session0,0.22838661074638367,0.22957821935415268,0.0011916086077690125
2026,C2,0.1,64,1,2000,phase22_reused,22102,session1,0.2614683397114277,0.26449813693761826,0.003029797226190567
2026,C2,0.1,64,1,2000,phase22_reused,22102,session10,0.21981719881296158,0.24512109905481339,0.025303900241851807
2026,C2,0.1,64,1,2000,phase22_reused,22102,session11,0.27272019907832146,0.30954885482788086,0.0368286557495594
2026,C2,0.1,64,1,2000,phase22_reused,22102,session12,0.2519029416143894,0.2596008814871311,0.007697939872741699
2026,C2,0.1,64,1,2000,phase22_reused,22102,session13,0.2540471740067005,0.2515800856053829,-0.0024670884013175964
2026,C2,0.1,64,1,2000,phase22_reused,22102,session14,0.2838369719684124,0.2992144897580147,0.01537751778960228
2026,C2,0.1,64,1,2000,phase22_reused,22102,session15,0.24608182162046432,0.25252751633524895,0.006445694714784622
2026,C2,0.1,64,1,2000,phase22_reused,22102,session16,0.2757308781147003,0.3004169911146164,0.024686112999916077
2026,C2,0.1,64,1,2000,phase22_reused,22102,session17,0.25630665570497513,0.2723452039062977,0.016038548201322556
2026,C2,0.1,64,1,2000,phase22_reused,22102,session18,0.2105604000389576,0.26146596297621727,0.050905562937259674
2026,C2,0.1,64,1,2000,phase22_reused,22102,session19,0.26339732483029366,0.28147487342357635,0.0180775485932827
2026,C2,0.1,64,1,2000,phase22_reused,22102,session2,0.2647860161960125,0.28986848145723343,0.025082465261220932
2026,C2,0.1,64,1,2000,phase22_reused,22102,session21,0.25526757165789604,0.26919085159897804,0.013923279941082
2026,C2,0.1,64,1,2000,phase22_reused,22102,session3,0.2791461609303951,0.3044060915708542,0.02525993064045906
2026,C2,0.1,64,1,2000,phase22_reused,22102,session4,0.23783883452415466,0.25427379831671715,0.016434963792562485
2026,C2,0.1,64,1,2000,phase22_reused,22102,session5,0.2108679674565792,0.22742022201418877,0.016552254557609558
2026,C2,0.1,64,1,2000,phase22_reused,22102,session6,0.22079766541719437,0.2192632034420967,-0.0015344619750976562
2026,C2,0.1,64,1,2000,phase22_reused,22102,session7,0.2232472226023674,0.23894143849611282,0.015694215893745422
2026,C2,0.1,64,1,2000,phase22_reused,22102,session9,0.2681993618607521,0.3051922768354416,0.036992914974689484
2026,C2,0.1,64,1,2000,phase22_reused,22103,session0,0.22838661074638367,0.23025686293840408,0.0018702521920204163
2026,C2,0.1,64,1,2000,phase22_reused,22103,session1,0.2614683397114277,0.26449813693761826,0.003029797226190567
2026,C2,0.1,64,1,2000,phase22_reused,22103,session10,0.21981719881296158,0.24512109905481339,0.025303900241851807
2026,C2,0.1,64,1,2000,phase22_reused,22103,session11,0.27272019907832146,0.3364780768752098,0.06375787779688835
2026,C2,0.1,64,1,2000,phase22_reused,22103,session12,0.2519029416143894,0.26730378344655037,0.01540084183216095
2026,C2,0.1,64,1,2000,phase22_reused,22103,session13,0.2540471740067005,0.27888767048716545,0.024840496480464935
2026,C2,0.1,64,1,2000,phase22_reused,22103,session14,0.2838369719684124,0.296048603951931,0.0122116319835186
2026,C2,0.1,64,1,2000,phase22_reused,22103,session15,0.24608182162046432,0.25252751633524895,0.006445694714784622
2026,C2,0.1,64,1,2000,phase22_reused,22103,session16,0.2757308781147003,0.2799195945262909,0.004188716411590576
2026,C2,0.1,64,1,2000,phase22_reused,22103,session17,0.25630665570497513,0.2723452039062977,0.016038548201322556
2026,C2,0.1,64,1,2000,phase22_reused,22103,session18,0.2105604000389576,0.27257854118943214,0.06201814115047455
2026,C2,0.1,64,1,2000,phase22_reused,22103,session19,0.26339732483029366,0.29648564383387566,0.033088319003582
2026,C2,0.1,64,1,2000,phase22_reused,22103,session2,0.2647860161960125,0.2736779674887657,0.00889195129275322
2026,C2,0.1,64,1,2000,phase22_reused,22103,session21,0.25526757165789604,0.2659914381802082,0.010723866522312164
2026,C2,0.1,64,1,2000,phase22_reused,22103,session3,0.2791461609303951,0.2790459804236889,-0.00010018050670623779
2026,C2,0.1,64,1,2000,phase22_reused,22103,session4,0.23783883452415466,0.23926126211881638,0.0014224275946617126
2026,C2,0.1,64,1,2000,phase22_reused,22103,session5,0.2108679674565792,0.2337101362645626,0.0228421688079834
2026,C2,0.1,64,1,2000,phase22_reused,22103,session6,0.22079766541719437,0.2192632034420967,-0.0015344619750976562
2026,C2,0.1,64,1,2000,phase22_reused,22103,session7,0.2232472226023674,0.2361789457499981,0.012931723147630692
2026,C2,0.1,64,1,2000,phase22_reused,22103,session9,0.2681993618607521,0.3051922768354416,0.036992914974689484
2026,C2,0.3,32,0,2000,phase23_new,22101,session0,0.23607027903199196,0.2936869114637375,0.05761663243174553
2026,C2,0.3,32,0,2000,phase23_new,22101,session1,0.26560092344880104,0.2712862566113472,0.005685333162546158
2026,C2,0.3,32,0,2000,phase23_new,22101,session10,0.2183547206223011,0.24200894311070442,0.02365422248840332
2026,C2,0.3,32,0,2000,phase23_new,22101,session11,0.2622106075286865,0.3078695312142372,0.04565892368555069
2026,C2,0.3,32,0,2000,phase23_new,22101,session12,0.23802559822797775,0.25350208207964897,0.015476483851671219
2026,C2,0.3,32,0,2000,phase23_new,22101,session13,0.23945579677820206,0.25126397609710693,0.011808179318904877
2026,C2,0.3,32,0,2000,phase23_new,22101,session14,0.27008770033717155,0.28762679547071457,0.017539095133543015
2026,C2,0.3,32,0,2000,phase23_new,22101,session15,0.23300639912486076,0.23485476896166801,0.001848369836807251
2026,C2,0.3,32,0,2000,phase23_new,22101,session16,0.2679496333003044,0.2873576767742634,0.01940804347395897
2026,C2,0.3,32,0,2000,phase23_new,22101,session17,0.2645144872367382,0.3213423416018486,0.0568278543651104
2026,C2,0.3,32,0,2000,phase23_new,22101,session18,0.20444629713892937,0.2568083815276623,0.05236208438873291
2026,C2,0.3,32,0,2000,phase23_new,22101,session19,0.26520710065960884,0.27609550952911377,0.010888408869504929
2026,C2,0.3,32,0,2000,phase23_new,22101,session2,0.25956251844763756,0.2747027538716793,0.015140235424041748
2026,C2,0.3,32,0,2000,phase23_new,22101,session21,0.24145209416747093,0.2839658856391907,0.04251379147171974
2026,C2,0.3,32,0,2000,phase23_new,22101,session3,0.2836270183324814,0.2802617661654949,-0.0033652521669864655
2026,C2,0.3,32,0,2000,phase23_new,22101,session4,0.24468788877129555,0.24548184499144554,0.0007939562201499939
2026,C2,0.3,32,0,2000,phase23_new,22101,session5,0.20896272733807564,0.20520639792084694,-0.0037563294172286987
2026,C2,0.3,32,0,2000,phase23_new,22101,session6,0.2160187102854252,0.21506105363368988,-0.0009576566517353058
2026,C2,0.3,32,0,2000,phase23_new,22101,session7,0.22198259085416794,0.23683952167630196,0.014856930822134018
2026,C2,0.3,32,0,2000,phase23_new,22101,session9,0.2690720818936825,0.28534388914704323,0.01627180725336075
2026,C2,0.3,32,0,2000,phase23_new,22102,session0,0.23607027903199196,0.23666021972894669,0.0005899406969547272
2026,C2,0.3,32,0,2000,phase23_new,22102,session1,0.26560092344880104,0.26516853645443916,-0.00043238699436187744
2026,C2,0.3,32,0,2000,phase23_new,22102,session10,0.2183547206223011,0.23501309752464294,0.016658376902341843
2026,C2,0.3,32,0,2000,phase23_new,22102,session11,0.2622106075286865,0.285893939435482,0.0236833319067955
2026,C2,0.3,32,0,2000,phase23_new,22102,session12,0.23802559822797775,0.24744708836078644,0.009421490132808685
2026,C2,0.3,32,0,2000,phase23_new,22102,session13,0.23945579677820206,0.23693762719631195,-0.002518169581890106
2026,C2,0.3,32,0,2000,phase23_new,22102,session14,0.27008770033717155,0.2845655381679535,0.014477837830781937
2026,C2,0.3,32,0,2000,phase23_new,22102,session15,0.23300639912486076,0.24977703392505646,0.016770634800195694
2026,C2,0.3,32,0,2000,phase23_new,22102,session16,0.2679496333003044,0.2848212234675884,0.016871590167284012
2026,C2,0.3,32,0,2000,phase23_new,22102,session17,0.2645144872367382,0.2800849862396717,0.015570499002933502
2026,C2,0.3,32,0,2000,phase23_new,22102,session18,0.20444629713892937,0.2572157755494118,0.05276947841048241
2026,C2,0.3,32,0,2000,phase23_new,22102,session19,0.26520710065960884,0.27446267008781433,0.00925556942820549
2026,C2,0.3,32,0,2000,phase23_new,22102,session2,0.25956251844763756,0.2774090990424156,0.01784658059477806
2026,C2,0.3,32,0,2000,phase23_new,22102,session21,0.24145209416747093,0.26481393724679947,0.023361843079328537
2026,C2,0.3,32,0,2000,phase23_new,22102,session3,0.2836270183324814,0.29324905946850777,0.009622041136026382
2026,C2,0.3,32,0,2000,phase23_new,22102,session4,0.24468788877129555,0.24548184499144554,0.0007939562201499939
2026,C2,0.3,32,0,2000,phase23_new,22102,session5,0.20896272733807564,0.2171570211648941,0.008194293826818466
2026,C2,0.3,32,0,2000,phase23_new,22102,session6,0.2160187102854252,0.21468158811330795,-0.0013371221721172333
2026,C2,0.3,32,0,2000,phase23_new,22102,session7,0.22198259085416794,0.23526398092508316,0.013281390070915222
2026,C2,0.3,32,0,2000,phase23_new,22102,session9,0.2690720818936825,0.28895194455981255,0.019879862666130066
2026,C2,0.3,32,0,2000,phase23_new,22103,session0,0.23607027903199196,0.23362068086862564,-0.0024495981633663177
2026,C2,0.3,32,0,2000,phase23_new,22103,session1,0.26560092344880104,0.26516853645443916,-0.00043238699436187744
2026,C2,0.3,32,0,2000,phase23_new,22103,session10,0.2183547206223011,0.23501309752464294,0.016658376902341843
2026,C2,0.3,32,0,2000,phase23_new,22103,session11,0.2622106075286865,0.30918824672698975,0.04697763919830322
2026,C2,0.3,32,0,2000,phase23_new,22103,session12,0.23802559822797775,0.25350208207964897,0.015476483851671219
2026,C2,0.3,32,0,2000,phase23_new,22103,session13,0.23945579677820206,0.2553628012537956,0.015907004475593567
2026,C2,0.3,32,0,2000,phase23_new,22103,session14,0.27008770033717155,0.2811422757804394,0.011054575443267822
2026,C2,0.3,32,0,2000,phase23_new,22103,session15,0.23300639912486076,0.24977703392505646,0.016770634800195694
2026,C2,0.3,32,0,2000,phase23_new,22103,session16,0.2679496333003044,0.27367081493139267,0.005721181631088257
2026,C2,0.3,32,0,2000,phase23_new,22103,session17,0.2645144872367382,0.2800849862396717,0.015570499002933502
2026,C2,0.3,32,0,2000,phase23_new,22103,session18,0.20444629713892937,0.2470240406692028,0.04257774353027344
2026,C2,0.3,32,0,2000,phase23_new,22103,session19,0.26520710065960884,0.2801980897784233,0.014990989118814468
2026,C2,0.3,32,0,2000,phase23_new,22103,session2,0.25956251844763756,0.26416565477848053,0.004603136330842972
2026,C2,0.3,32,0,2000,phase23_new,22103,session21,0.24145209416747093,0.26112647727131844,0.019674383103847504
2026,C2,0.3,32,0,2000,phase23_new,22103,session3,0.2836270183324814,0.2802617661654949,-0.0033652521669864655
2026,C2,0.3,32,0,2000,phase23_new,22103,session4,0.24468788877129555,0.24315925315022469,-0.0015286356210708618
2026,C2,0.3,32,0,2000,phase23_new,22103,session5,0.20896272733807564,0.22277433052659035,0.01381160318851471
2026,C2,0.3,32,0,2000,phase23_new,22103,session6,0.2160187102854252,0.21468158811330795,-0.0013371221721172333
2026,C2,0.3,32,0,2000,phase23_new,22103,session7,0.22198259085416794,0.23327839002013206,0.011295799165964127
2026,C2,0.3,32,0,2000,phase23_new,22103,session9,0.2690720818936825,0.28895194455981255,0.019879862666130066
2026,C2,0.3,64,0,2000,phase23_new,22101,session0,0.2373087741434574,0.2947561591863632,0.05744738504290581
2026,C2,0.3,64,0,2000,phase23_new,22101,session1,0.2658839710056782,0.2710130885243416,0.005129117518663406
2026,C2,0.3,64,0,2000,phase23_new,22101,session10,0.22105509042739868,0.2443438395857811,0.023288749158382416
2026,C2,0.3,64,0,2000,phase23_new,22101,session11,0.26525355130434036,0.3100421577692032,0.044788606464862823
2026,C2,0.3,64,0,2000,phase23_new,22101,session12,0.24141475558280945,0.2569196820259094,0.015504926443099976
2026,C2,0.3,64,0,2000,phase23_new,22101,session13,0.24214515462517738,0.2539062239229679,0.011761069297790527
2026,C2,0.3,64,0,2000,phase23_new,22101,session14,0.2728368230164051,0.2895309515297413,0.01669412851333618
2026,C2,0.3,64,0,2000,phase23_new,22101,session15,0.23671996593475342,0.23824071511626244,0.001520749181509018
2026,C2,0.3,64,0,2000,phase23_new,22101,session16,0.26921816915273666,0.28848787024617195,0.019269701093435287
2026,C2,0.3,64,0,2000,phase23_new,22101,session17,0.264394398778677,0.32135941088199615,0.05696501210331917
2026,C2,0.3,64,0,2000,phase23_new,22101,session18,0.20690757781267166,0.25942715257406235,0.052519574761390686
2026,C2,0.3,64,0,2000,phase23_new,22101,session19,0.26724591478705406,0.2781904377043247,0.01094452291727066
2026,C2,0.3,64,0,2000,phase23_new,22101,session2,0.2606539838016033,0.2758133225142956,0.01515933871269226
2026,C2,0.3,64,0,2000,phase23_new,22101,session21,0.2438613511621952,0.2860182225704193,0.042156871408224106
2026,C2,0.3,64,0,2000,phase23_new,22101,session3,0.28429702296853065,0.28067497164011,-0.003622051328420639
2026,C2,0.3,64,0,2000,phase23_new,22101,session4,0.24770823866128922,0.24851269274950027,0.0008044540882110596
2026,C2,0.3,64,0,2000,phase23_new,22101,session5,0.21198052167892456,0.20800048857927322,-0.003980033099651337
2026,C2,0.3,64,0,2000,phase23_new,22101,session6,0.2195565290749073,0.21831006556749344,-0.0012464635074138641
2026,C2,0.3,64,0,2000,phase23_new,22101,session7,0.22404122352600098,0.23855143040418625,0.014510206878185272
2026,C2,0.3,64,0,2000,phase23_new,22101,session9,0.2712753005325794,0.2870514653623104,0.015776164829730988
2026,C2,0.3,64,0,2000,phase23_new,22102,session0,0.2373087741434574,0.23723971098661423,-6.906315684318542e-05
2026,C2,0.3,64,0,2000,phase23_new,22102,session1,0.2658839710056782,0.264771293848753,-0.0011126771569252014
2026,C2,0.3,64,0,2000,phase23_new,22102,session10,0.22105509042739868,0.23713209480047226,0.016077004373073578
2026,C2,0.3,64,0,2000,phase23_new,22102,session11,0.26525355130434036,0.2882615178823471,0.023007966578006744
2026,C2,0.3,64,0,2000,phase23_new,22102,session12,0.24141475558280945,0.2506224177777767,0.00920766219496727
2026,C2,0.3,64,0,2000,phase23_new,22102,session13,0.24214515462517738,0.23965182900428772,-0.0024933256208896637
2026,C2,0.3,64,0,2000,phase23_new,22102,session14,0.2728368230164051,0.28643524274230003,0.013598419725894928
2026,C2,0.3,64,0,2000,phase23_new,22102,session15,0.23671996593475342,0.25279662013053894,0.016076654195785522
2026,C2,0.3,64,0,2000,phase23_new,22102,session16,0.26921816915273666,0.2861626259982586,0.016944456845521927
2026,C2,0.3,64,0,2000,phase23_new,22102,session17,0.264394398778677,0.27983947843313217,0.015445079654455185
2026,C2,0.3,64,0,2000,phase23_new,22102,session18,0.20690757781267166,0.2595539949834347,0.052646417170763016
2026,C2,0.3,64,0,2000,phase23_new,22102,session19,0.26724591478705406,0.2765262648463249,0.009280350059270859
2026,C2,0.3,64,0,2000,phase23_new,22102,session2,0.2606539838016033,0.27878666669130325,0.018132682889699936
2026,C2,0.3,64,0,2000,phase23_new,22102,session21,0.2438613511621952,0.26695532351732254,0.023093972355127335
2026,C2,0.3,64,0,2000,phase23_new,22102,session3,0.28429702296853065,0.2937614694237709,0.00946444645524025
2026,C2,0.3,64,0,2000,phase23_new,22102,session4,0.24770823866128922,0.24851269274950027,0.0008044540882110596
2026,C2,0.3,64,0,2000,phase23_new,22102,session5,0.21198052167892456,0.2199784331023693,0.007997911423444748
2026,C2,0.3,64,0,2000,phase23_new,22102,session6,0.2195565290749073,0.21814968436956406,-0.0014068447053432465
2026,C2,0.3,64,0,2000,phase23_new,22102,session7,0.22404122352600098,0.23735685274004936,0.013315629214048386
2026,C2,0.3,64,0,2000,phase23_new,22102,session9,0.2712753005325794,0.29073451459407806,0.019459214061498642
2026,C2,0.3,64,0,2000,phase23_new,22103,session0,0.2373087741434574,0.2341143637895584,-0.003194410353899002
2026,C2,0.3,64,0,2000,phase23_new,22103,session1,0.2658839710056782,0.264771293848753,-0.0011126771569252014
2026,C2,0.3,64,0,2000,phase23_new,22103,session10,0.22105509042739868,0.23713209480047226,0.016077004373073578
2026,C2,0.3,64,0,2000,phase23_new,22103,session11,0.26525355130434036,0.3115345537662506,0.04628100246191025
2026,C2,0.3,64,0,2000,phase23_new,22103,session12,0.24141475558280945,0.2569196820259094,0.015504926443099976
2026,C2,0.3,64,0,2000,phase23_new,22103,session13,0.24214515462517738,0.25798627361655235,0.01584111899137497
2026,C2,0.3,64,0,2000,phase23_new,22103,session14,0.2728368230164051,0.283551849424839,0.010715026408433914
2026,C2,0.3,64,0,2000,phase23_new,22103,session15,0.23671996593475342,0.25279662013053894,0.016076654195785522
2026,C2,0.3,64,0,2000,phase23_new,22103,session16,0.26921816915273666,0.2752431184053421,0.006024949252605438
2026,C2,0.3,64,0,2000,phase23_new,22103,session17,0.264394398778677,0.27983947843313217,0.015445079654455185
2026,C2,0.3,64,0,2000,phase23_new,22103,session18,0.20690757781267166,0.2494998835027218,0.042592305690050125
2026,C2,0.3,64,0,2000,phase23_new,22103,session19,0.26724591478705406,0.28191251307725906,0.014666598290205002
2026,C2,0.3,64,0,2000,phase23_new,22103,session2,0.2606539838016033,0.26546677201986313,0.004812788218259811
2026,C2,0.3,64,0,2000,phase23_new,22103,session21,0.2438613511621952,0.26336735859513283,0.019506007432937622
2026,C2,0.3,64,0,2000,phase23_new,22103,session3,0.28429702296853065,0.28067497164011,-0.003622051328420639
2026,C2,0.3,64,0,2000,phase23_new,22103,session4,0.24770823866128922,0.24617046117782593,-0.0015377774834632874
2026,C2,0.3,64,0,2000,phase23_new,22103,session5,0.21198052167892456,0.22553762048482895,0.013557098805904388
2026,C2,0.3,64,0,2000,phase23_new,22103,session6,0.2195565290749073,0.21814968436956406,-0.0014068447053432465
2026,C2,0.3,64,0,2000,phase23_new,22103,session7,0.22404122352600098,0.23513469099998474,0.011093467473983765
2026,C2,0.3,64,0,2000,phase23_new,22103,session9,0.2712753005325794,0.29073451459407806,0.019459214061498642
2026,C2,0.3,32,1,2000,phase23_new,22101,session0,0.23333044722676277,0.2893397808074951,0.056009333580732346
2026,C2,0.3,32,1,2000,phase23_new,22101,session1,0.2633277513086796,0.26882878690958023,0.00550103560090065
2026,C2,0.3,32,1,2000,phase23_new,22101,session10,0.2195286713540554,0.24230559542775154,0.022776924073696136
2026,C2,0.3,32,1,2000,phase23_new,22101,session11,0.2616730071604252,0.3067571222782135,0.045084115117788315
2026,C2,0.3,32,1,2000,phase23_new,22101,session12,0.23873654007911682,0.2538518086075783,0.015115268528461456
2026,C2,0.3,32,1,2000,phase23_new,22101,session13,0.23715106397867203,0.24881835654377937,0.011667292565107346
2026,C2,0.3,32,1,2000,phase23_new,22101,session14,0.26885776221752167,0.285246305167675,0.01638854295015335
2026,C2,0.3,32,1,2000,phase23_new,22101,session15,0.23519793152809143,0.23614630103111267,0.0009483695030212402
2026,C2,0.3,32,1,2000,phase23_new,22101,session16,0.2677461765706539,0.2870730571448803,0.01932688057422638
2026,C2,0.3,32,1,2000,phase23_new,22101,session17,0.2626349776983261,0.31792525202035904,0.05529027432203293
2026,C2,0.3,32,1,2000,phase23_new,22101,session18,0.20357399433851242,0.2560245580971241,0.05245056375861168
2026,C2,0.3,32,1,2000,phase23_new,22101,session19,0.2656298540532589,0.2757759802043438,0.0101461261510849
2026,C2,0.3,32,1,2000,phase23_new,22101,session2,0.2595989368855953,0.27402811497449875,0.014429178088903427
2026,C2,0.3,32,1,2000,phase23_new,22101,session21,0.24275245517492294,0.2830926328897476,0.040340177714824677
2026,C2,0.3,32,1,2000,phase23_new,22101,session3,0.28117095306515694,0.2785773500800133,-0.0025936029851436615
2026,C2,0.3,32,1,2000,phase23_new,22101,session4,0.24399133771657944,0.24520661681890488,0.0012152791023254395
2026,C2,0.3,32,1,2000,phase23_new,22101,session5,0.20922598615288734,0.20459232106804848,-0.004633665084838867
2026,C2,0.3,32,1,2000,phase23_new,22101,session6,0.21773803234100342,0.21716388314962387,-0.0005741491913795471
2026,C2,0.3,32,1,2000,phase23_new,22101,session7,0.22023871913552284,0.2350313365459442,0.014792617410421371
2026,C2,0.3,32,1,2000,phase23_new,22101,session9,0.2689802646636963,0.2847764119505882,0.015796147286891937
2026,C2,0.3,32,1,2000,phase23_new,22102,session0,0.23333044722676277,0.23358727246522903,0.0002568252384662628
2026,C2,0.3,32,1,2000,phase23_new,22102,session1,0.2633277513086796,0.26320482045412064,-0.0001229308545589447
2026,C2,0.3,32,1,2000,phase23_new,22102,session10,0.2195286713540554,0.23480898886919022,0.015280317515134811
2026,C2,0.3,32,1,2000,phase23_new,22102,session11,0.2616730071604252,0.28457169234752655,0.022898685187101364
2026,C2,0.3,32,1,2000,phase23_new,22102,session12,0.23873654007911682,0.24807719513773918,0.00934065505862236
2026,C2,0.3,32,1,2000,phase23_new,22102,session13,0.23715106397867203,0.23483718186616898,-0.0023138821125030518
2026,C2,0.3,32,1,2000,phase23_new,22102,session14,0.26885776221752167,0.2823684439063072,0.013510681688785553
2026,C2,0.3,32,1,2000,phase23_new,22102,session15,0.23519793152809143,0.2505408748984337,0.015342943370342255
2026,C2,0.3,32,1,2000,phase23_new,22102,session16,0.2677461765706539,0.28443310037255287,0.016686923801898956
2026,C2,0.3,32,1,2000,phase23_new,22102,session17,0.2626349776983261,0.2776784338057041,0.015043456107378006
2026,C2,0.3,32,1,2000,phase23_new,22102,session18,0.20357399433851242,0.2556198686361313,0.052045874297618866
2026,C2,0.3,32,1,2000,phase23_new,22102,session19,0.2656298540532589,0.2741917110979557,0.008561857044696808
2026,C2,0.3,32,1,2000,phase23_new,22102,session2,0.2595989368855953,0.2759138122200966,0.016314875334501266
2026,C2,0.3,32,1,2000,phase23_new,22102,session21,0.24275245517492294,0.26489248871803284,0.022140033543109894
2026,C2,0.3,32,1,2000,phase23_new,22102,session3,0.28117095306515694,0.29070311039686203,0.009532157331705093
2026,C2,0.3,32,1,2000,phase23_new,22102,session4,0.24399133771657944,0.24520661681890488,0.0012152791023254395
2026,C2,0.3,32,1,2000,phase23_new,22102,session5,0.20922598615288734,0.21605537086725235,0.0068293847143650055
2026,C2,0.3,32,1,2000,phase23_new,22102,session6,0.21773803234100342,0.2152179442346096,-0.002520088106393814
2026,C2,0.3,32,1,2000,phase23_new,22102,session7,0.22023871913552284,0.23468076810240746,0.014442048966884613
2026,C2,0.3,32,1,2000,phase23_new,22102,session9,0.2689802646636963,0.28782715275883675,0.018846888095140457
2026,C2,0.3,32,1,2000,phase23_new,22103,session0,0.23333044722676277,0.23093915730714798,-0.002391289919614792
2026,C2,0.3,32,1,2000,phase23_new,22103,session1,0.2633277513086796,0.26320482045412064,-0.0001229308545589447
2026,C2,0.3,32,1,2000,phase23_new,22103,session10,0.2195286713540554,0.23480898886919022,0.015280317515134811
2026,C2,0.3,32,1,2000,phase23_new,22103,session11,0.2616730071604252,0.3085774630308151,0.04690445587038994
2026,C2,0.3,32,1,2000,phase23_new,22103,session12,0.23873654007911682,0.2538518086075783,0.015115268528461456
2026,C2,0.3,32,1,2000,phase23_new,22103,session13,0.23715106397867203,0.25323963537812233,0.016088571399450302
2026,C2,0.3,32,1,2000,phase23_new,22103,session14,0.26885776221752167,0.27962806075811386,0.010770298540592194
2026,C2,0.3,32,1,2000,phase23_new,22103,session15,0.23519793152809143,0.2505408748984337,0.015342943370342255
2026,C2,0.3,32,1,2000,phase23_new,22103,session16,0.2677461765706539,0.2742806151509285,0.006534438580274582
2026,C2,0.3,32,1,2000,phase23_new,22103,session17,0.2626349776983261,0.2776784338057041,0.015043456107378006
2026,C2,0.3,32,1,2000,phase23_new,22103,session18,0.20357399433851242,0.24575573205947876,0.04218173772096634
2026,C2,0.3,32,1,2000,phase23_new,22103,session19,0.2656298540532589,0.2805449925363064,0.014915138483047485
2026,C2,0.3,32,1,2000,phase23_new,22103,session2,0.2595989368855953,0.2629596069455147,0.0033606700599193573
2026,C2,0.3,32,1,2000,phase23_new,22103,session21,0.24275245517492294,0.2607276327908039,0.017975177615880966
2026,C2,0.3,32,1,2000,phase23_new,22103,session3,0.28117095306515694,0.2785773500800133,-0.0025936029851436615
2026,C2,0.3,32,1,2000,phase23_new,22103,session4,0.24399133771657944,0.2433958277106285,-0.0005955100059509277
2026,C2,0.3,32,1,2000,phase23_new,22103,session5,0.20922598615288734,0.22169163450598717,0.012465648353099823
2026,C2,0.3,32,1,2000,phase23_new,22103,session6,0.21773803234100342,0.2152179442346096,-0.002520088106393814
2026,C2,0.3,32,1,2000,phase23_new,22103,session7,0.22023871913552284,0.2323118820786476,0.012073162943124771
2026,C2,0.3,32,1,2000,phase23_new,22103,session9,0.2689802646636963,0.28782715275883675,0.018846888095140457
2026,C2,0.3,64,1,2000,phase23_new,22101,session0,0.23486390337347984,0.2924322076141834,0.05756830424070358
2026,C2,0.3,64,1,2000,phase23_new,22101,session1,0.263901773840189,0.2688664123415947,0.004964638501405716
2026,C2,0.3,64,1,2000,phase23_new,22101,session10,0.2238272689282894,0.24731186032295227,0.023484591394662857
2026,C2,0.3,64,1,2000,phase23_new,22101,session11,0.2681317515671253,0.3126256763935089,0.04449392482638359
2026,C2,0.3,64,1,2000,phase23_new,22101,session12,0.24541382864117622,0.2604718953371048,0.015058066695928574
2026,C2,0.3,64,1,2000,phase23_new,22101,session13,0.24274113401770592,0.2546270154416561,0.011885881423950195
2026,C2,0.3,64,1,2000,phase23_new,22101,session14,0.2736281231045723,0.2902181074023247,0.01658998429775238
2026,C2,0.3,64,1,2000,phase23_new,22101,session15,0.24031944945454597,0.24175451323390007,0.0014350637793540955
2026,C2,0.3,64,1,2000,phase23_new,22101,session16,0.2714059390127659,0.2907446213066578,0.019338682293891907
2026,C2,0.3,64,1,2000,phase23_new,22101,session17,0.2623290792107582,0.32050931453704834,0.05818023532629013
2026,C2,0.3,64,1,2000,phase23_new,22101,session18,0.20882342010736465,0.26080572232604027,0.05198230221867561
2026,C2,0.3,64,1,2000,phase23_new,22101,session19,0.2699967063963413,0.280960563570261,0.010963857173919678
2026,C2,0.3,64,1,2000,phase23_new,22101,session2,0.26174991577863693,0.2763146311044693,0.014564715325832367
2026,C2,0.3,64,1,2000,phase23_new,22101,session21,0.2463618405163288,0.288885198533535,0.04252335801720619
2026,C2,0.3,64,1,2000,phase23_new,22101,session3,0.2819555401802063,0.2788865976035595,-0.003068942576646805
2026,C2,0.3,64,1,2000,phase23_new,22101,session4,0.2494102492928505,0.25070134922862053,0.0012910999357700348
2026,C2,0.3,64,1,2000,phase23_new,22101,session5,0.21381131559610367,0.20898401737213135,-0.0048272982239723206
2026,C2,0.3,64,1,2000,phase23_new,22101,session6,0.22225627303123474,0.22060269862413406,-0.0016535744071006775
2026,C2,0.3,64,1,2000,phase23_new,22101,session7,0.22407931834459305,0.23873689398169518,0.014657575637102127
2026,C2,0.3,64,1,2000,phase23_new,22101,session9,0.2728624790906906,0.2884475961327553,0.015585117042064667
2026,C2,0.3,64,1,2000,phase23_new,22102,session0,0.23486390337347984,0.2345675379037857,-0.0002963654696941376
2026,C2,0.3,64,1,2000,phase23_new,22102,session1,0.263901773840189,0.2623175047338009,-0.001584269106388092
2026,C2,0.3,64,1,2000,phase23_new,22102,session10,0.2238272689282894,0.2394968383014202,0.0156695693731308
2026,C2,0.3,64,1,2000,phase23_new,22102,session11,0.2681317515671253,0.2906472012400627,0.022515449672937393
2026,C2,0.3,64,1,2000,phase23_new,22102,session12,0.24541382864117622,0.2543070800602436,0.008893251419067383
2026,C2,0.3,64,1,2000,phase23_new,22102,session13,0.24274113401770592,0.24064136669039726,-0.002099767327308655
2026,C2,0.3,64,1,2000,phase23_new,22102,session14,0.2736281231045723,0.28719694167375565,0.01356881856918335
2026,C2,0.3,64,1,2000,phase23_new,22102,session15,0.24031944945454597,0.25589970499277115,0.015580255538225174
2026,C2,0.3,64,1,2000,phase23_new,22102,session16,0.2714059390127659,0.28825774043798447,0.016851801425218582
2026,C2,0.3,64,1,2000,phase23_new,22102,session17,0.2623290792107582,0.2787967883050442,0.016467709094285965
2026,C2,0.3,64,1,2000,phase23_new,22102,session18,0.20882342010736465,0.2605346404016018,0.05171122029423714
2026,C2,0.3,64,1,2000,phase23_new,22102,session19,0.2699967063963413,0.2792494185268879,0.00925271213054657
2026,C2,0.3,64,1,2000,phase23_new,22102,session2,0.26174991577863693,0.2794610559940338,0.01771114021539688
2026,C2,0.3,64,1,2000,phase23_new,22102,session21,0.2463618405163288,0.26900193467736244,0.02264009416103363
2026,C2,0.3,64,1,2000,phase23_new,22102,session3,0.2819555401802063,0.2917094863951206,0.009753946214914322
2026,C2,0.3,64,1,2000,phase23_new,22102,session4,0.2494102492928505,0.25070134922862053,0.0012910999357700348
2026,C2,0.3,64,1,2000,phase23_new,22102,session5,0.21381131559610367,0.22110283002257347,0.007291514426469803
2026,C2,0.3,64,1,2000,phase23_new,22102,session6,0.22225627303123474,0.2199435792863369,-0.0023126937448978424
2026,C2,0.3,64,1,2000,phase23_new,22102,session7,0.22407931834459305,0.2377481907606125,0.01366887241601944
2026,C2,0.3,64,1,2000,phase23_new,22102,session9,0.2728624790906906,0.2918209247291088,0.018958445638418198
2026,C2,0.3,64,1,2000,phase23_new,22103,session0,0.23486390337347984,0.23206790536642075,-0.0027959980070590973
2026,C2,0.3,64,1,2000,phase23_new,22103,session1,0.263901773840189,0.2623175047338009,-0.001584269106388092
2026,C2,0.3,64,1,2000,phase23_new,22103,session10,0.2238272689282894,0.2394968383014202,0.0156695693731308
2026,C2,0.3,64,1,2000,phase23_new,22103,session11,0.2681317515671253,0.3144451677799225,0.046313416212797165
2026,C2,0.3,64,1,2000,phase23_new,22103,session12,0.24541382864117622,0.2604718953371048,0.015058066695928574
2026,C2,0.3,64,1,2000,phase23_new,22103,session13,0.24274113401770592,0.25900108739733696,0.016259953379631042
2026,C2,0.3,64,1,2000,phase23_new,22103,session14,0.2736281231045723,0.2846336364746094,0.011005513370037079
2026,C2,0.3,64,1,2000,phase23_new,22103,session15,0.24031944945454597,0.25589970499277115,0.015580255538225174
2026,C2,0.3,64,1,2000,phase23_new,22103,session16,0.2714059390127659,0.27742641046643257,0.006020471453666687
2026,C2,0.3,64,1,2000,phase23_new,22103,session17,0.2623290792107582,0.2787967883050442,0.016467709094285965
2026,C2,0.3,64,1,2000,phase23_new,22103,session18,0.20882342010736465,0.250829067081213,0.04200564697384834
2026,C2,0.3,64,1,2000,phase23_new,22103,session19,0.2699967063963413,0.2844814844429493,0.014484778046607971
2026,C2,0.3,64,1,2000,phase23_new,22103,session2,0.26174991577863693,0.2663630098104477,0.0046130940318107605
2026,C2,0.3,64,1,2000,phase23_new,22103,session21,0.2463618405163288,0.26601674780249596,0.019654907286167145
2026,C2,0.3,64,1,2000,phase23_new,22103,session3,0.2819555401802063,0.2788865976035595,-0.003068942576646805
2026,C2,0.3,64,1,2000,phase23_new,22103,session4,0.2494102492928505,0.24846126511693,-0.0009489841759204865
2026,C2,0.3,64,1,2000,phase23_new,22103,session5,0.21381131559610367,0.22633448243141174,0.012523166835308075
2026,C2,0.3,64,1,2000,phase23_new,22103,session6,0.22225627303123474,0.2199435792863369,-0.0023126937448978424
2026,C2,0.3,64,1,2000,phase23_new,22103,session7,0.22407931834459305,0.23552562668919563,0.011446308344602585
2026,C2,0.3,64,1,2000,phase23_new,22103,session9,0.2728624790906906,0.2918209247291088,0.018958445638418198
